month,hour,day_type,daylight_savings_status,indoor_dry_bulb_temperature,average_unmet_cooling_setpoint_difference,indoor_relative_humidity,non_shiftable_load,dhw_demand,cooling_demand,heating_demand,solar_generation
7,24,7,0,,,,9.833333e-08,0.0,0.0,0.0,0.0
8,1,1,0,,,,9.9999994e-08,0.0,0.0,0.0,0.0
8,2,1,0,,,,9.9999994e-08,0.0,0.0,0.0,0.0
8,3,1,0,,,,9.9999994e-08,0.0,0.0,0.0,0.0
8,4,1,0,,,,9.9999994e-08,0.0,0.0,0.0,0.0
8,5,1,0,,,,9.9999994e-08,0.0,0.0,0.0,0.0
8,6,1,0,,,,9.9999994e-08,0.0,0.0,0.0,0.87
8,7,1,0,,,,0.06936672,0.0,0.0,0.0,41.12
8,8,1,0,,,,0.4953667,0.0,0.0,0.0,14.06
8,9,1,0,,,,1.2157,0.0,0.0,0.0,58.05
8,10,1,0,,,,1.5863167,0.0,0.0,0.0,310.95
8,11,1,0,,,,2.0755334,0.0,0.0,0.0,309.85
8,12,1,0,,,,0.6504001,0.0,0.0,0.0,408.25
8,13,1,0,,,,0.30236673,0.0,0.0,0.0,253.05
8,14,1,0,,,,0.4880834,0.0,0.0,0.0,171.52
8,15,1,0,,,,0.24653341,0.0,0.0,0.0,75.01
8,16,1,0,,,,0.10241676,0.0,0.0,0.0,87.93
8,17,1,0,,,,0.088150084,0.0,0.0,0.0,82.53
8,18,1,0,,,,0.0028000984,0.0,0.0,0.0,39.56
8,19,1,0,,,,9.9999994e-08,0.0,0.0,0.0,13.2
8,20,1,0,,,,9.9999994e-08,0.0,0.0,0.0,2.03
8,21,1,0,,,,9.9999994e-08,0.0,0.0,0.0,0.0
8,22,1,0,,,,9.9999994e-08,0.0,0.0,0.0,0.0
8,23,1,0,,,,9.9999994e-08,0.0,0.0,0.0,0.0
8,24,1,0,,,,9.9999994e-08,0.0,0.0,0.0,0.0
8,1,2,0,,,,9.9999994e-08,0.0,0.0,0.0,0.0
8,2,2,0,,,,9.9999994e-08,0.0,0.0,0.0,0.0
8,3,2,0,,,,9.9999994e-08,0.0,0.0,0.0,0.0
8,4,2,0,,,,9.9999994e-08,0.0,0.0,0.0,0.0
8,5,2,0,,,,9.9999994e-08,0.0,0.0,0.0,0.0
8,6,2,0,,,,9.9999994e-08,0.0,0.0,0.0,0.0
8,7,2,0,,,,0.077283375,0.0,0.0,0.0,11.5
8,8,2,0,,,,0.45898336,0.0,0.0,0.0,125.83
8,9,2,0,,,,1.3075,0.0,0.0,0.0,134.75
8,10,2,0,,,,1.92385,0.0,0.0,0.0,390.48
8,11,2,0,,,,1.3341,0.0,0.0,0.0,494.46
8,12,2,0,,,,1.7033167,0.0,0.0,0.0,330.74
8,13,2,0,,,,1.8655833,0.0,0.0,0.0,511.35
8,14,2,0,,,,2.5187666,0.0,0.0,0.0,245.64
8,15,2,0,,,,1.6672667,0.0,0.0,0.0,386.38
8,16,2,0,,,,1.1290001,0.0,0.0,0.0,437.32
8,17,2,0,,,,0.39395005,0.0,0.0,0.0,57.81
8,18,2,0,,,,9.9999994e-08,0.0,0.0,0.0,191.58
8,19,2,0,,,,9.9999994e-08,0.0,0.0,0.0,40.21
8,20,2,0,,,,9.9999994e-08,0.0,0.0,0.0,4.87
8,21,2,0,,,,9.9999994e-08,0.0,0.0,0.0,0.0
8,22,2,0,,,,9.9999994e-08,0.0,0.0,0.0,0.0
8,23,2,0,,,,9.9999994e-08,0.0,0.0,0.0,0.0
8,24,2,0,,,,9.9999994e-08,0.0,0.0,0.0,0.0
8,1,3,0,,,,9.9999994e-08,0.0,0.0,0.0,0.0
8,2,3,0,,,,9.9999994e-08,0.0,0.0,0.0,0.0
8,3,3,0,,,,9.9999994e-08,0.0,0.0,0.0,0.0
8,4,3,0,,,,9.9999994e-08,0.0,0.0,0.0,0.0
8,5,3,0,,,,9.9999994e-08,0.0,0.0,0.0,0.0
8,6,3,0,,,,9.9999994e-08,0.0,0.0,0.0,0.0
8,7,3,0,,,,0.1091167,0.0,0.0,0.0,4.99
8,8,3,0,,,,0.6365,0.0,0.0,0.0,141.86
8,9,3,0,,,,1.2413833,0.0,0.0,0.0,242.66
8,10,3,0,,,,1.5103,0.0,0.0,0.0,197.38
8,11,3,0,,,,2.36635,0.0,0.0,0.0,245.73
8,12,3,0,,,,2.4707,0.0,0.0,0.0,365.33
8,13,3,0,,,,2.5282,0.0,0.0,0.0,226.42
8,14,3,0,,,,1.8091667,0.0,0.0,0.0,50.03
8,15,3,0,,,,0.43883342,0.0,0.0,0.0,136.8
8,16,3,0,,,,0.2467834,0.0,0.0,0.0,259.39
8,17,3,0,,,,0.20966673,0.0,0.0,0.0,58.79
8,18,3,0,,,,9.9999994e-08,0.0,0.0,0.0,64.11
8,19,3,0,,,,9.9999994e-08,0.0,0.0,0.0,16.24
8,20,3,0,,,,9.9999994e-08,0.0,0.0,0.0,0.13
8,21,3,0,,,,9.9999994e-08,0.0,0.0,0.0,0.0
8,22,3,0,,,,9.9999994e-08,0.0,0.0,0.0,0.0
8,23,3,0,,,,9.9999994e-08,0.0,0.0,0.0,0.0
8,24,3,0,,,,9.9999994e-08,0.0,0.0,0.0,0.0
8,1,4,0,,,,9.9999994e-08,0.0,0.0,0.0,0.0
8,2,4,0,,,,9.9999994e-08,0.0,0.0,0.0,0.0
8,3,4,0,,,,9.9999994e-08,0.0,0.0,0.0,0.0
8,4,4,0,,,,9.9999994e-08,0.0,0.0,0.0,0.0
8,5,4,0,,,,9.9999994e-08,0.0,0.0,0.0,0.0
8,6,4,0,,,,0.77498335,0.0,0.0,0.0,0.0
8,7,4,0,,,,1.0625167,0.0,0.0,0.0,18.04
8,8,4,0,,,,0.32488337,0.0,0.0,0.0,183.25
8,9,4,0,,,,0.00981676,0.0,0.0,0.0,419.01
8,10,4,0,,,,1.7530167,0.0,0.0,0.0,566.92
8,11,4,0,,,,2.5363333,0.0,0.0,0.0,631.56
8,12,4,0,,,,0.12913342,0.0,0.0,0.0,798.3
8,13,4,0,,,,0.1434334,0.0,0.0,0.0,807.67
8,14,4,0,,,,0.20731674,0.0,0.0,0.0,789.21
8,15,4,0,,,,0.5655334,0.0,0.0,0.0,700.18
8,16,4,0,,,,1.0080167,0.0,0.0,0.0,585.76
8,17,4,0,,,,1.1856834,0.0,0.0,0.0,399.45
8,18,4,0,,,,3.187,0.0,0.0,0.0,196.43
8,19,4,0,,,,0.7736,0.0,0.0,0.0,36.93
8,20,4,0,,,,0.9597667,0.0,0.0,0.0,3.39
8,21,4,0,,,,0.7930833,0.0,0.0,0.0,0.0
8,22,4,0,,,,0.6689,0.0,0.0,0.0,0.0
8,23,4,0,,,,0.9916833,0.0,0.0,0.0,0.0
8,24,4,0,,,,1.4693,0.0,0.0,0.0,0.0
8,1,5,0,,,,0.90056664,0.0,0.0,0.0,0.0
8,2,5,0,,,,0.80058336,0.0,0.0,0.0,0.0
8,3,5,0,,,,0.5462667,0.0,0.0,0.0,0.0
8,4,5,0,,,,0.5163,0.0,0.0,0.0,0.0
8,5,5,0,,,,0.23721667,0.0,0.0,0.0,0.0
8,6,5,0,,,,0.9903833,0.0,0.0,0.0,0.0
8,7,5,0,,,,0.75231665,0.0,0.0,0.0,5.03
8,8,5,0,,,,0.2339334,0.0,0.0,0.0,218.46
8,9,5,0,,,,0.023750097,0.0,0.0,0.0,416.38
8,10,5,0,,,,9.9999994e-08,0.0,0.0,0.0,574.11
8,11,5,0,,,,9.9999994e-08,0.0,0.0,0.0,360.63
8,12,5,0,,,,9.9999994e-08,0.0,0.0,0.0,234.37
8,13,5,0,,,,9.9999994e-08,0.0,0.0,0.0,818.82
8,14,5,0,,,,9.9999994e-08,0.0,0.0,0.0,769.98
8,15,5,0,,,,9.9999994e-08,0.0,0.0,0.0,102.9
8,16,5,0,,,,9.9999994e-08,0.0,0.0,0.0,519.68
8,17,5,0,,,,0.00060009834,0.0,0.0,0.0,311.95
8,18,5,0,,,,3.1168,0.0,0.0,0.0,159.32
8,19,5,0,,,,3.4110668,0.0,0.0,0.0,46.91
8,20,5,0,,,,1.6705667,0.0,0.0,0.0,3.88
8,21,5,0,,,,0.6361667,0.0,0.0,0.0,0.0
8,22,5,0,,,,0.43816668,0.0,0.0,0.0,0.0
8,23,5,0,,,,0.26601666,0.0,0.0,0.0,0.0
8,24,5,0,,,,0.5341,0.0,0.0,0.0,0.0
8,1,6,0,,,,0.48765,0.0,0.0,0.0,0.0
8,2,6,0,,,,0.23561667,0.0,0.0,0.0,0.0
8,3,6,0,,,,0.23555,0.0,0.0,0.0,0.0
8,4,6,0,,,,0.2361,0.0,0.0,0.0,0.0
8,5,6,0,,,,0.23685,0.0,0.0,0.0,0.0
8,6,6,0,,,,1.1249666,0.0,0.0,0.0,0.0
8,7,6,0,,,,0.8327001,0.0,0.0,0.0,70.93
8,8,6,0,,,,0.7048834,0.0,0.0,0.0,240.35
8,9,6,0,,,,2.1653333,0.0,0.0,0.0,443.72
8,10,6,0,,,,0.54526675,0.0,0.0,0.0,607.61
8,11,6,0,,,,0.4753834,0.0,0.0,0.0,725.41
8,12,6,0,,,,1.363,0.0,0.0,0.0,741.76
8,13,6,0,,,,0.08781675,0.0,0.0,0.0,797.03
8,14,6,0,,,,0.24250007,0.0,0.0,0.0,776.28
8,15,6,0,,,,0.33276674,0.0,0.0,0.0,688.45
8,16,6,0,,,,0.92625004,0.0,0.0,0.0,555.17
8,17,6,0,,,,0.8419834,0.0,0.0,0.0,380.07
8,18,6,0,,,,1.79265,0.0,0.0,0.0,169.46
8,19,6,0,,,,1.05635,0.0,0.0,0.0,34.4
8,20,6,0,,,,0.98408335,0.0,0.0,0.0,2.86
8,21,6,0,,,,0.9548,0.0,0.0,0.0,0.0
8,22,6,0,,,,0.9023,0.0,0.0,0.0,0.0
8,23,6,0,,,,1.4667833,0.0,0.0,0.0,0.0
8,24,6,0,,,,0.49925834,0.0,0.0,0.0,0.0
8,1,7,0,,,,0.24805,0.0,0.0,0.0,0.0
8,2,7,0,,,,0.2407,0.0,0.0,0.0,0.0
8,3,7,0,,,,0.2385,0.0,0.0,0.0,0.0
8,4,7,0,,,,0.23761667,0.0,0.0,0.0,0.0
8,5,7,0,,,,0.23776667,0.0,0.0,0.0,0.0
8,6,7,0,,,,0.8560333,0.0,0.0,0.0,0.0
8,7,7,0,,,,0.031866726,0.0,0.0,0.0,61.03
8,8,7,0,,,,9.9999994e-08,0.0,0.0,0.0,224.94
8,9,7,0,,,,0.20818342,0.0,0.0,0.0,371.45
8,10,7,0,,,,2.37665,0.0,0.0,0.0,497.15
8,11,7,0,,,,0.0033834316,0.0,0.0,0.0,672.59
8,12,7,0,,,,9.9999994e-08,0.0,0.0,0.0,750.72
8,13,7,0,,,,9.9999994e-08,0.0,0.0,0.0,703.78
8,14,7,0,,,,0.36850005,0.0,0.0,0.0,691.57
8,15,7,0,,,,0.57571673,0.0,0.0,0.0,453.91
8,16,7,0,,,,1.0669334,0.0,0.0,0.0,409.35
8,17,7,0,,,,1.3074001,0.0,0.0,0.0,279.89
8,18,7,0,,,,3.1299167,0.0,0.0,0.0,18.22
8,19,7,0,,,,1.2401667,0.0,0.0,0.0,6.23
8,20,7,0,,,,0.7347,0.0,0.0,0.0,1.13
8,21,7,0,,,,0.34576666,0.0,0.0,0.0,0.0
8,22,7,0,,,,2.78325,0.0,0.0,0.0,0.0
8,23,7,0,,,,0.872,0.0,0.0,0.0,0.0
8,24,7,0,,,,0.81669164,0.0,0.0,0.0,0.0
8,1,1,0,,,,0.5266,0.0,0.0,0.0,0.0
8,2,1,0,,,,0.6736,0.0,0.0,0.0,0.0
8,3,1,0,,,,0.6419167,0.0,0.0,0.0,0.0
8,4,1,0,,,,0.50911665,0.0,0.0,0.0,0.0
8,5,1,0,,,,0.50128335,0.0,0.0,0.0,0.0
8,6,1,0,,,,0.3699,0.0,0.0,0.0,0.0
8,7,1,0,,,,0.1250334,0.0,0.0,0.0,60.06
8,8,1,0,,,,0.21388341,0.0,0.0,0.0,165.84
8,9,1,0,,,,9.9999994e-08,0.0,0.0,0.0,309.42
8,10,1,0,,,,0.10443342,0.0,0.0,0.0,305.84
8,11,1,0,,,,0.07706676,0.0,0.0,0.0,103.57
8,12,1,0,,,,9.9999994e-08,0.0,0.0,0.0,597.7
8,13,1,0,,,,9.9999994e-08,0.0,0.0,0.0,729.66
8,14,1,0,,,,0.08348343,0.0,0.0,0.0,724.07
8,15,1,0,,,,0.11280009,0.0,0.0,0.0,34.64
8,16,1,0,,,,0.40981674,0.0,0.0,0.0,38.72
8,17,1,0,,,,1.0426834,0.0,0.0,0.0,284.6
8,18,1,0,,,,3.12205,0.0,0.0,0.0,163.84
8,19,1,0,,,,1.6660167,0.0,0.0,0.0,38.42
8,20,1,0,,,,1.1990167,0.0,0.0,0.0,0.78
8,21,1,0,,,,1.2528833,0.0,0.0,0.0,0.0
8,22,1,0,,,,0.45208332,0.0,0.0,0.0,0.0
8,23,1,0,,,,1.1767167,0.0,0.0,0.0,0.0
8,24,1,0,,,,1.2406334,0.0,0.0,0.0,0.0
8,1,2,0,,,,1.113,0.0,0.0,0.0,0.0
8,2,2,0,,,,0.60321665,0.0,0.0,0.0,0.0
8,3,2,0,,,,0.70665,0.0,0.0,0.0,0.0
8,4,2,0,,,,0.63926667,0.0,0.0,0.0,0.0
8,5,2,0,,,,0.49013335,0.0,0.0,0.0,0.0
8,6,2,0,,,,0.19203334,0.0,0.0,0.0,0.0
8,7,2,0,,,,0.29596674,0.0,0.0,0.0,59.68
8,8,2,0,,,,0.14603339,0.0,0.0,0.0,230.1
8,9,2,0,,,,0.12260009,0.0,0.0,0.0,419.02
8,10,2,0,,,,9.9999994e-08,0.0,0.0,0.0,577.06
8,11,2,0,,,,9.9999994e-08,0.0,0.0,0.0,649.32
8,12,2,0,,,,9.9999994e-08,0.0,0.0,0.0,645.71
8,13,2,0,,,,9.9999994e-08,0.0,0.0,0.0,482.87
8,14,2,0,,,,9.9999994e-08,0.0,0.0,0.0,672.78
8,15,2,0,,,,0.0133000985,0.0,0.0,0.0,601.63
8,16,2,0,,,,0.8244501,0.0,0.0,0.0,437.42
8,17,2,0,,,,1.2478,0.0,0.0,0.0,220.42
8,18,2,0,,,,1.9718833,0.0,0.0,0.0,10.54
8,19,2,0,,,,1.1059667,0.0,0.0,0.0,37.92
8,20,2,0,,,,0.98471665,0.0,0.0,0.0,0.0
8,21,2,0,,,,0.93808335,0.0,0.0,0.0,0.0
8,22,2,0,,,,0.308,0.0,0.0,0.0,0.0
8,23,2,0,,,,2.1659334,0.0,0.0,0.0,0.0
8,24,2,0,,,,1.1987667,0.0,0.0,0.0,0.0
8,1,3,0,,,,1.2954333,0.0,0.0,0.0,0.0
8,2,3,0,,,,0.24245,0.0,0.0,0.0,0.0
8,3,3,0,,,,0.24081667,0.0,0.0,0.0,0.0
8,4,3,0,,,,0.23936667,0.0,0.0,0.0,0.0
8,5,3,0,,,,0.26635,0.0,0.0,0.0,0.0
8,6,3,0,,,,0.9201,0.0,0.0,0.0,0.0
8,7,3,0,,,,0.039050058,0.0,0.0,0.0,64.12
8,8,3,0,,,,9.9999994e-08,0.0,0.0,0.0,229.96
8,9,3,0,,,,9.9999994e-08,0.0,0.0,0.0,435.71
8,10,3,0,,,,0.42198342,0.0,0.0,0.0,594.42
8,11,3,0,,,,2.5737,0.0,0.0,0.0,666.55
8,12,3,0,,,,0.27445006,0.0,0.0,0.0,735.62
8,13,3,0,,,,0.12355008,0.0,0.0,0.0,617.61
8,14,3,0,,,,0.19285008,0.0,0.0,0.0,645.71
8,15,3,0,,,,0.3247001,0.0,0.0,0.0,532.54
8,16,3,0,,,,0.6958501,0.0,0.0,0.0,456.28
8,17,3,0,,,,1.2163,0.0,0.0,0.0,299.33
8,18,3,0,,,,3.2298334,0.0,0.0,0.0,128.01
8,19,3,0,,,,2.5576832,0.0,0.0,0.0,39.12
8,20,3,0,,,,1.8278667,0.0,0.0,0.0,0.0
8,21,3,0,,,,1.3614167,0.0,0.0,0.0,0.0
8,22,3,0,,,,0.81295,0.0,0.0,0.0,0.0
8,23,3,0,,,,0.55805,0.0,0.0,0.0,0.0
8,24,3,0,,,,0.6566667,0.0,0.0,0.0,0.0
8,1,4,0,,,,0.42138332,0.0,0.0,0.0,0.0
8,2,4,0,,,,0.4187,0.0,0.0,0.0,0.0
8,3,4,0,,,,0.30293334,0.0,0.0,0.0,0.0
8,4,4,0,,,,0.28403333,0.0,0.0,0.0,0.0
8,5,4,0,,,,0.2819,0.0,0.0,0.0,0.0
8,6,4,0,,,,0.30353335,0.0,0.0,0.0,0.0
8,7,4,0,,,,0.24265,0.0,0.0,0.0,3.88
8,8,4,0,,,,0.14350007,0.0,0.0,0.0,11.88
8,9,4,0,,,,9.9999994e-08,0.0,0.0,0.0,29.13
8,10,4,0,,,,9.9999994e-08,0.0,0.0,0.0,105.58
8,11,4,0,,,,9.9999994e-08,0.0,0.0,0.0,129.26
8,12,4,0,,,,0.4675334,0.0,0.0,0.0,346.04
8,13,4,0,,,,0.5418167,0.0,0.0,0.0,175.43
8,14,4,0,,,,0.47265005,0.0,0.0,0.0,316.09
8,15,4,0,,,,0.6603334,0.0,0.0,0.0,186.53
8,16,4,0,,,,0.95025,0.0,0.0,0.0,357.68
8,17,4,0,,,,1.5218334,0.0,0.0,0.0,363.48
8,18,4,0,,,,1.5775001,0.0,0.0,0.0,171.27
8,19,4,0,,,,1.5529333,0.0,0.0,0.0,33.26
8,20,4,0,,,,0.8129167,0.0,0.0,0.0,0.0
8,21,4,0,,,,0.616425,0.0,0.0,0.0,0.0
8,22,4,0,,,,1.0560334,0.0,0.0,0.0,0.0
8,23,4,0,,,,1.4407667,0.0,0.0,0.0,0.0
8,24,4,0,,,,1.4341834,0.0,0.0,0.0,0.0
8,1,5,0,,,,0.9359667,0.0,0.0,0.0,0.0
8,2,5,0,,,,0.53748333,0.0,0.0,0.0,0.0
8,3,5,0,,,,0.8358833,0.0,0.0,0.0,0.0
8,4,5,0,,,,0.52068335,0.0,0.0,0.0,0.0
8,5,5,0,,,,0.50295,0.0,0.0,0.0,0.0
8,6,5,0,,,,0.47635,0.0,0.0,0.0,0.0
8,7,5,0,,,,0.27103335,0.0,0.0,0.0,59.48
8,8,5,0,,,,0.2022334,0.0,0.0,0.0,222.05
8,9,5,0,,,,0.3976334,0.0,0.0,0.0,409.39
8,10,5,0,,,,2.3432,0.0,0.0,0.0,554.53
8,11,5,0,,,,1.3046167,0.0,0.0,0.0,671.46
8,12,5,0,,,,0.40806672,0.0,0.0,0.0,737.9
8,13,5,0,,,,0.6744834,0.0,0.0,0.0,730.45
8,14,5,0,,,,0.3476834,0.0,0.0,0.0,709.01
8,15,5,0,,,,0.47026673,0.0,0.0,0.0,625.89
8,16,5,0,,,,1.1623834,0.0,0.0,0.0,505.84
8,17,5,0,,,,1.3362334,0.0,0.0,0.0,347.67
8,18,5,0,,,,1.5441,0.0,0.0,0.0,165.43
8,19,5,0,,,,1.9868,0.0,0.0,0.0,31.98
8,20,5,0,,,,1.9987333,0.0,0.0,0.0,0.0
8,21,5,0,,,,0.5668,0.0,0.0,0.0,0.0
8,22,5,0,,,,0.2326,0.0,0.0,0.0,0.0
8,23,5,0,,,,0.40341666,0.0,0.0,0.0,0.0
8,24,5,0,,,,1.22465,0.0,0.0,0.0,0.0
8,1,6,0,,,,0.6856167,0.0,0.0,0.0,0.0
8,2,6,0,,,,0.23676667,0.0,0.0,0.0,0.0
8,3,6,0,,,,0.23666666,0.0,0.0,0.0,0.0
8,4,6,0,,,,0.23716667,0.0,0.0,0.0,0.0
8,5,6,0,,,,0.23785,0.0,0.0,0.0,0.0
8,6,6,0,,,,0.7454,0.0,0.0,0.0,0.0
8,7,6,0,,,,0.059933376,0.0,0.0,0.0,57.57
8,8,6,0,,,,0.13906676,0.0,0.0,0.0,208.55
8,9,6,0,,,,1.7723668,0.0,0.0,0.0,388.04
8,10,6,0,,,,0.8755667,0.0,0.0,0.0,534.47
8,11,6,0,,,,0.074316755,0.0,0.0,0.0,655.22
8,12,6,0,,,,0.096816756,0.0,0.0,0.0,714.57
8,13,6,0,,,,0.16210008,0.0,0.0,0.0,701.48
8,14,6,0,,,,0.2546834,0.0,0.0,0.0,707.11
8,15,6,0,,,,0.5237834,0.0,0.0,0.0,622.17
8,16,6,0,,,,0.9052501,0.0,0.0,0.0,338.6
8,17,6,0,,,,1.4525167,0.0,0.0,0.0,336.62
8,18,6,0,,,,3.3878334,0.0,0.0,0.0,156.35
8,19,6,0,,,,3.4826,0.0,0.0,0.0,18.64
8,20,6,0,,,,0.60856664,0.0,0.0,0.0,0.0
8,21,6,0,,,,1.0203667,0.0,0.0,0.0,0.0
8,22,6,0,,,,1.5365833,0.0,0.0,0.0,0.0
8,23,6,0,,,,0.23531666,0.0,0.0,0.0,0.0
8,24,6,0,,,,1.2074083,0.0,0.0,0.0,0.0
8,1,7,0,,,,0.888775,0.0,0.0,0.0,0.0
8,2,7,0,,,,0.9668,0.0,0.0,0.0,0.0
8,3,7,0,,,,0.44856668,0.0,0.0,0.0,0.0
8,4,7,0,,,,0.23761667,0.0,0.0,0.0,0.0
8,5,7,0,,,,0.23816666,0.0,0.0,0.0,0.0
8,6,7,0,,,,0.97715,0.0,0.0,0.0,0.0
8,7,7,0,,,,0.43153337,0.0,0.0,0.0,51.07
8,8,7,0,,,,0.037683427,0.0,0.0,0.0,169.44
8,9,7,0,,,,0.9932334,0.0,0.0,0.0,350.29
8,10,7,0,,,,0.12108342,0.0,0.0,0.0,506.89
8,11,7,0,,,,0.8026167,0.0,0.0,0.0,649.6
8,12,7,0,,,,3.7055333,0.0,0.0,0.0,714.71
8,13,7,0,,,,1.0074834,0.0,0.0,0.0,740.81
8,14,7,0,,,,0.3994834,0.0,0.0,0.0,648.3
8,15,7,0,,,,0.67166674,0.0,0.0,0.0,631.32
8,16,7,0,,,,1.1561334,0.0,0.0,0.0,510.95
8,17,7,0,,,,1.6167334,0.0,0.0,0.0,342.73
8,18,7,0,,,,3.4064667,0.0,0.0,0.0,158.62
8,19,7,0,,,,3.5158334,0.0,0.0,0.0,26.55
8,20,7,0,,,,0.8844917,0.0,0.0,0.0,0.0
8,21,7,0,,,,1.1814166,0.0,0.0,0.0,0.0
8,22,7,0,,,,1.67825,0.0,0.0,0.0,0.0
8,23,7,0,,,,0.60441667,0.0,0.0,0.0,0.0
8,24,7,0,,,,1.801175,0.0,0.0,0.0,0.0
8,1,1,0,,,,0.6113167,0.0,0.0,0.0,0.0
8,2,1,0,,,,0.57801664,0.0,0.0,0.0,0.0
8,3,1,0,,,,0.46971667,0.0,0.0,0.0,0.0
8,4,1,0,,,,1.3477167,0.0,0.0,0.0,0.0
8,5,1,0,,,,0.44773334,0.0,0.0,0.0,0.0
8,6,1,0,,,,1.3688667,0.0,0.0,0.0,0.0
8,7,1,0,,,,1.0214334,0.0,0.0,0.0,3.34
8,8,1,0,,,,1.5393833,0.0,0.0,0.0,19.19
8,9,1,0,,,,0.6458334,0.0,0.0,0.0,62.13
8,10,1,0,,,,1.4424833,0.0,0.0,0.0,78.96
8,11,1,0,,,,9.9999994e-08,0.0,0.0,0.0,96.96
8,12,1,0,,,,9.9999994e-08,0.0,0.0,0.0,147.69
8,13,1,0,,,,9.9999994e-08,0.0,0.0,0.0,114.54
8,14,1,0,,,,9.9999994e-08,0.0,0.0,0.0,103.42
8,15,1,0,,,,0.99096674,0.0,0.0,0.0,162.82
8,16,1,0,,,,1.4335834,0.0,0.0,0.0,96.52
8,17,1,0,,,,0.5911001,0.0,0.0,0.0,101.23
8,18,1,0,,,,3.4629,0.0,0.0,0.0,94.3
8,19,1,0,,,,3.6649833,0.0,0.0,0.0,8.83
8,20,1,0,,,,1.6829667,0.0,0.0,0.0,0.0
8,21,1,0,,,,1.19785,0.0,0.0,0.0,0.0
8,22,1,0,,,,2.3245168,0.0,0.0,0.0,0.0
8,23,1,0,,,,2.7655,0.0,0.0,0.0,0.0
8,24,1,0,,,,0.9711583,0.0,0.0,0.0,0.0
8,1,2,0,,,,0.9430917,0.0,0.0,0.0,0.0
8,2,2,0,,,,0.43715,0.0,0.0,0.0,0.0
8,3,2,0,,,,0.43518335,0.0,0.0,0.0,0.0
8,4,2,0,,,,0.43541667,0.0,0.0,0.0,0.0
8,5,2,0,,,,0.43468332,0.0,0.0,0.0,0.0
8,6,2,0,,,,1.4194666,0.0,0.0,0.0,0.0
8,7,2,0,,,,1.2310834,0.0,0.0,0.0,2.88
8,8,2,0,,,,0.2527001,0.0,0.0,0.0,11.47
8,9,2,0,,,,1.1729333,0.0,0.0,0.0,24.9
8,10,2,0,,,,0.3439501,0.0,0.0,0.0,70.53
8,11,2,0,,,,0.34320006,0.0,0.0,0.0,73.58
8,12,2,0,,,,0.08225009,0.0,0.0,0.0,104.0
8,13,2,0,,,,1.0180666,0.0,0.0,0.0,100.73
8,14,2,0,,,,1.5777,0.0,0.0,0.0,64.79
8,15,2,0,,,,1.9441334,0.0,0.0,0.0,50.29
8,16,2,0,,,,1.5444334,0.0,0.0,0.0,44.97
8,17,2,0,,,,1.9464167,0.0,0.0,0.0,31.75
8,18,2,0,,,,3.7201166,0.0,0.0,0.0,36.06
8,19,2,0,,,,2.8287833,0.0,0.0,0.0,11.96
8,20,2,0,,,,0.7895833,0.0,0.0,0.0,0.0
8,21,2,0,,,,0.32321668,0.0,0.0,0.0,0.0
8,22,2,0,,,,2.2342,0.0,0.0,0.0,0.0
8,23,2,0,,,,1.4391167,0.0,0.0,0.0,0.0
8,24,2,0,,,,4.0700583,0.0,0.0,0.0,0.0
8,1,3,0,,,,0.9740833,0.0,0.0,0.0,0.0
8,2,3,0,,,,0.30121666,0.0,0.0,0.0,0.0
8,3,3,0,,,,0.30086666,0.0,0.0,0.0,0.0
8,4,3,0,,,,0.30296665,0.0,0.0,0.0,0.0
8,5,3,0,,,,0.3004,0.0,0.0,0.0,0.0
8,6,3,0,,,,3.5706832,0.0,0.0,0.0,0.0
8,7,3,0,,,,2.53285,0.0,0.0,0.0,2.89
8,8,3,0,,,,0.4348001,0.0,0.0,0.0,10.88
8,9,3,0,,,,0.18611676,0.0,0.0,0.0,52.24
8,10,3,0,,,,9.971842e-08,0.0,0.0,0.0,97.36
8,11,3,0,,,,9.9999994e-08,0.0,0.0,0.0,132.77
8,12,3,0,,,,0.013583432,0.0,0.0,0.0,119.9
8,13,3,0,,,,0.47055006,0.0,0.0,0.0,106.17
8,14,3,0,,,,0.7275334,0.0,0.0,0.0,130.23
8,15,3,0,,,,1.5574833,0.0,0.0,0.0,120.43
8,16,3,0,,,,2.2986166,0.0,0.0,0.0,132.99
8,17,3,0,,,,3.2354333,0.0,0.0,0.0,64.27
8,18,3,0,,,,2.7654333,0.0,0.0,0.0,64.78
8,19,3,0,,,,1.8274666,0.0,0.0,0.0,18.44
8,20,3,0,,,,1.8670167,0.0,0.0,0.0,0.0
8,21,3,0,,,,1.61625,0.0,0.0,0.0,0.0
8,22,3,0,,,,0.26273334,0.0,0.0,0.0,0.0
8,23,3,0,,,,0.49998334,0.0,0.0,0.0,0.0
8,24,3,0,,,,0.5111833,0.0,0.0,0.0,0.0
8,1,4,0,,,,2.11355,0.0,0.0,0.0,0.0
8,2,4,0,,,,0.5299,0.0,0.0,0.0,0.0
8,3,4,0,,,,0.82601666,0.0,0.0,0.0,0.0
8,4,4,0,,,,1.7149667,0.0,0.0,0.0,0.0
8,5,4,0,,,,0.37283334,0.0,0.0,0.0,0.0
8,6,4,0,,,,1.1018667,0.0,0.0,0.0,0.0
8,7,4,0,,,,0.88788337,0.0,0.0,0.0,53.86
8,8,4,0,,,,0.51466674,0.0,0.0,0.0,229.11
8,9,4,0,,,,0.20536676,0.0,0.0,0.0,430.35
8,10,4,0,,,,9.9999994e-08,0.0,0.0,0.0,586.44
8,11,4,0,,,,0.12855008,0.0,0.0,0.0,707.94
8,12,4,0,,,,1.1471167,0.0,0.0,0.0,741.0
8,13,4,0,,,,1.2948834,0.0,0.0,0.0,723.98
8,14,4,0,,,,0.9650167,0.0,0.0,0.0,739.31
8,15,4,0,,,,1.6741333,0.0,0.0,0.0,655.09
8,16,4,0,,,,2.1233335,0.0,0.0,0.0,528.89
8,17,4,0,,,,2.6837168,0.0,0.0,0.0,354.06
8,18,4,0,,,,1.90995,0.0,0.0,0.0,160.4
8,19,4,0,,,,2.5381668,0.0,0.0,0.0,25.43
8,20,4,0,,,,1.8737,0.0,0.0,0.0,0.0
8,21,4,0,,,,2.2477834,0.0,0.0,0.0,0.0
8,22,4,0,,,,0.42871666,0.0,0.0,0.0,0.0
8,23,4,0,,,,2.7155833,0.0,0.0,0.0,0.0
8,24,4,0,,,,0.6264,0.0,0.0,0.0,0.0
8,1,5,0,,,,0.93168336,0.0,0.0,0.0,0.0
8,2,5,0,,,,0.9299,0.0,0.0,0.0,0.0
8,3,5,0,,,,0.7587,0.0,0.0,0.0,0.0
8,4,5,0,,,,0.73233336,0.0,0.0,0.0,0.0
8,5,5,0,,,,0.7797833,0.0,0.0,0.0,0.0
8,6,5,0,,,,0.56673336,0.0,0.0,0.0,0.0
8,7,5,0,,,,0.7205667,0.0,0.0,0.0,49.58
8,8,5,0,,,,0.29570007,0.0,0.0,0.0,227.86
8,9,5,0,,,,2.7547333,0.0,0.0,0.0,414.0
8,10,5,0,,,,1.1970334,0.0,0.0,0.0,551.4
8,11,5,0,,,,2.8891168,0.0,0.0,0.0,654.96
8,12,5,0,,,,9.9999994e-08,0.0,0.0,0.0,722.94
8,13,5,0,,,,0.9686167,0.0,0.0,0.0,730.33
8,14,5,0,,,,0.8022834,0.0,0.0,0.0,695.43
8,15,5,0,,,,3.84965,0.0,0.0,0.0,607.99
8,16,5,0,,,,0.44276676,0.0,0.0,0.0,476.73
8,17,5,0,,,,9.9999994e-08,0.0,0.0,0.0,335.31
8,18,5,0,,,,3.77115,0.0,0.0,0.0,152.3
8,19,5,0,,,,3.9765832,0.0,0.0,0.0,25.43
8,20,5,0,,,,2.5644,0.0,0.0,0.0,0.0
8,21,5,0,,,,3.8075166,0.0,0.0,0.0,0.0
8,22,5,0,,,,0.5837833,0.0,0.0,0.0,0.0
8,23,5,0,,,,0.58201665,0.0,0.0,0.0,0.0
8,24,5,0,,,,0.5888417,0.0,0.0,0.0,0.0
8,1,6,0,,,,0.5952333,0.0,0.0,0.0,0.0
8,2,6,0,,,,1.0626333,0.0,0.0,0.0,0.0
8,3,6,0,,,,2.5593834,0.0,0.0,0.0,0.0
8,4,6,0,,,,1.4964,0.0,0.0,0.0,0.0
8,5,6,0,,,,1.3218666,0.0,0.0,0.0,0.0
8,6,6,0,,,,0.24261667,0.0,0.0,0.0,0.0
8,7,6,0,,,,0.53003335,0.0,0.0,0.0,50.83
8,8,6,0,,,,9.9999994e-08,0.0,0.0,0.0,211.41
8,9,6,0,,,,0.005133432,0.0,0.0,0.0,397.07
8,10,6,0,,,,9.9999994e-08,0.0,0.0,0.0,539.11
8,11,6,0,,,,9.967285e-08,0.0,0.0,0.0,650.72
8,12,6,0,,,,0.015216765,0.0,0.0,0.0,724.63
8,13,6,0,,,,0.5639334,0.0,0.0,0.0,726.67
8,14,6,0,,,,0.77978337,0.0,0.0,0.0,687.57
8,15,6,0,,,,1.3471833,0.0,0.0,0.0,603.25
8,16,6,0,,,,2.4534833,0.0,0.0,0.0,487.27
8,17,6,0,,,,2.2920666,0.0,0.0,0.0,327.63
8,18,6,0,,,,2.03765,0.0,0.0,0.0,145.27
8,19,6,0,,,,2.5959167,0.0,0.0,0.0,23.21
8,20,6,0,,,,1.1297667,0.0,0.0,0.0,0.0
8,21,6,0,,,,1.39035,0.0,0.0,0.0,0.0
8,22,6,0,,,,0.6102,0.0,0.0,0.0,0.0
8,23,6,0,,,,1.1437833,0.0,0.0,0.0,0.0
8,24,6,0,,,,2.4994082,0.0,0.0,0.0,0.0
8,1,7,0,,,,2.0767167,0.0,0.0,0.0,0.0
8,2,7,0,,,,1.1548166,0.0,0.0,0.0,0.0
8,3,7,0,,,,1.3242,0.0,0.0,0.0,0.0
8,4,7,0,,,,1.0891666,0.0,0.0,0.0,0.0
8,5,7,0,,,,0.85328335,0.0,0.0,0.0,0.0
8,6,7,0,,,,0.36748335,0.0,0.0,0.0,0.0
8,7,7,0,,,,0.13973336,0.0,0.0,0.0,47.77
8,8,7,0,,,,0.15143341,0.0,0.0,0.0,219.31
8,9,7,0,,,,0.39268342,0.0,0.0,0.0,401.17
8,10,7,0,,,,2.5872,0.0,0.0,0.0,538.8
8,11,7,0,,,,1.1002,0.0,0.0,0.0,641.65
8,12,7,0,,,,0.025450097,0.0,0.0,0.0,714.7
8,13,7,0,,,,2.3392334,0.0,0.0,0.0,716.04
8,14,7,0,,,,1.98035,0.0,0.0,0.0,681.63
8,15,7,0,,,,1.3767334,0.0,0.0,0.0,602.58
8,16,7,0,,,,2.1760333,0.0,0.0,0.0,485.0
8,17,7,0,,,,2.8617833,0.0,0.0,0.0,327.42
8,18,7,0,,,,1.4975834,0.0,0.0,0.0,144.16
8,19,7,0,,,,1.8745333,0.0,0.0,0.0,22.45
8,20,7,0,,,,1.48405,0.0,0.0,0.0,0.0
8,21,7,0,,,,1.7357334,0.0,0.0,0.0,0.0
8,22,7,0,,,,1.4104,0.0,0.0,0.0,0.0
8,23,7,0,,,,1.0812666,0.0,0.0,0.0,0.0
8,24,7,0,,,,0.91564167,0.0,0.0,0.0,0.0
8,1,1,0,,,,0.9249167,0.0,0.0,0.0,0.0
8,2,1,0,,,,0.60525,0.0,0.0,0.0,0.0
8,3,1,0,,,,0.64051664,0.0,0.0,0.0,0.0
8,4,1,0,,,,0.59746665,0.0,0.0,0.0,0.0
8,5,1,0,,,,0.82836664,0.0,0.0,0.0,0.0
8,6,1,0,,,,0.5732167,0.0,0.0,0.0,0.0
8,7,1,0,,,,0.5194167,0.0,0.0,0.0,4.87
8,8,1,0,,,,0.47333342,0.0,0.0,0.0,57.33
8,9,1,0,,,,0.5594167,0.0,0.0,0.0,174.04
8,10,1,0,,,,0.030850098,0.0,0.0,0.0,392.97
8,11,1,0,,,,9.9999994e-08,0.0,0.0,0.0,567.84
8,12,1,0,,,,0.022683432,0.0,0.0,0.0,354.83
8,13,1,0,,,,0.9508334,0.0,0.0,0.0,329.85
8,14,1,0,,,,0.5549834,0.0,0.0,0.0,642.63
8,15,1,0,,,,0.4764334,0.0,0.0,0.0,330.06
8,16,1,0,,,,0.9732334,0.0,0.0,0.0,431.19
8,17,1,0,,,,1.2001667,0.0,0.0,0.0,344.87
8,18,1,0,,,,3.3731167,0.0,0.0,0.0,129.29
8,19,1,0,,,,1.8003,0.0,0.0,0.0,22.16
8,20,1,0,,,,1.3492666,0.0,0.0,0.0,0.0
8,21,1,0,,,,2.4915333,0.0,0.0,0.0,0.0
8,22,1,0,,,,0.7247667,0.0,0.0,0.0,0.0
8,23,1,0,,,,0.49796668,0.0,0.0,0.0,0.0
8,24,1,0,,,,0.3574,0.0,0.0,0.0,0.0
8,1,2,0,,,,0.34465,0.0,0.0,0.0,0.0
8,2,2,0,,,,0.33435,0.0,0.0,0.0,0.0
8,3,2,0,,,,0.33131668,0.0,0.0,0.0,0.0
8,4,2,0,,,,0.33476666,0.0,0.0,0.0,0.0
8,5,2,0,,,,0.33283332,0.0,0.0,0.0,0.0
8,6,2,0,,,,1.2088333,0.0,0.0,0.0,0.0
8,7,2,0,,,,0.8984,0.0,0.0,0.0,44.67
8,8,2,0,,,,0.77180004,0.0,0.0,0.0,187.2
8,9,2,0,,,,4.4114165,0.0,0.0,0.0,393.78
8,10,2,0,,,,1.3099501,0.0,0.0,0.0,486.38
8,11,2,0,,,,2.1629167,0.0,0.0,0.0,644.69
8,12,2,0,,,,1.33145,0.0,0.0,0.0,690.71
8,13,2,0,,,,0.13441676,0.0,0.0,0.0,666.7
8,14,2,0,,,,0.25836673,0.0,0.0,0.0,557.46
8,15,2,0,,,,0.39206675,0.0,0.0,0.0,524.85
8,16,2,0,,,,0.87533337,0.0,0.0,0.0,375.38
8,17,2,0,,,,1.1141167,0.0,0.0,0.0,167.63
8,18,2,0,,,,1.1988667,0.0,0.0,0.0,95.01
8,19,2,0,,,,1.4781333,0.0,0.0,0.0,19.36
8,20,2,0,,,,1.4900167,0.0,0.0,0.0,0.0
8,21,2,0,,,,0.93151665,0.0,0.0,0.0,0.0
8,22,2,0,,,,0.50455,0.0,0.0,0.0,0.0
8,23,2,0,,,,2.10885,0.0,0.0,0.0,0.0
8,24,2,0,,,,1.5372,0.0,0.0,0.0,0.0
8,1,3,0,,,,1.5128,0.0,0.0,0.0,0.0
8,2,3,0,,,,1.0139,0.0,0.0,0.0,0.0
8,3,3,0,,,,1.0805833,0.0,0.0,0.0,0.0
8,4,3,0,,,,0.99121666,0.0,0.0,0.0,0.0
8,5,3,0,,,,1.07815,0.0,0.0,0.0,0.0
8,6,3,0,,,,0.28193334,0.0,0.0,0.0,0.0
8,7,3,0,,,,0.1338667,0.0,0.0,0.0,46.66
8,8,3,0,,,,0.017416755,0.0,0.0,0.0,216.55
8,9,3,0,,,,0.09243342,0.0,0.0,0.0,411.73
8,10,3,0,,,,9.9999994e-08,0.0,0.0,0.0,562.77
8,11,3,0,,,,9.9999994e-08,0.0,0.0,0.0,677.49
8,12,3,0,,,,9.9999994e-08,0.0,0.0,0.0,744.81
8,13,3,0,,,,2.2609167,0.0,0.0,0.0,757.37
8,14,3,0,,,,2.5501833,0.0,0.0,0.0,715.71
8,15,3,0,,,,9.9999994e-08,0.0,0.0,0.0,620.23
8,16,3,0,,,,1.32965,0.0,0.0,0.0,500.71
8,17,3,0,,,,9.9999994e-08,0.0,0.0,0.0,332.16
8,18,3,0,,,,3.44025,0.0,0.0,0.0,140.75
8,19,3,0,,,,2.92505,0.0,0.0,0.0,19.27
8,20,3,0,,,,1.4501166,0.0,0.0,0.0,0.0
8,21,3,0,,,,0.73398334,0.0,0.0,0.0,0.0
8,22,3,0,,,,2.6191168,0.0,0.0,0.0,0.0
8,23,3,0,,,,1.6400833,0.0,0.0,0.0,0.0
8,24,3,0,,,,0.78775,0.0,0.0,0.0,0.0
8,1,4,0,,,,1.0191166,0.0,0.0,0.0,0.0
8,2,4,0,,,,0.61835,0.0,0.0,0.0,0.0
8,3,4,0,,,,0.87591666,0.0,0.0,0.0,0.0
8,4,4,0,,,,0.38586667,0.0,0.0,0.0,0.0
8,5,4,0,,,,0.66256666,0.0,0.0,0.0,0.0
8,6,4,0,,,,0.59996665,0.0,0.0,0.0,0.0
8,7,4,0,,,,0.40663335,0.0,0.0,0.0,46.1
8,8,4,0,,,,0.22448342,0.0,0.0,0.0,221.02
8,9,4,0,,,,0.25910008,0.0,0.0,0.0,383.08
8,10,4,0,,,,9.9999994e-08,0.0,0.0,0.0,515.9
8,11,4,0,,,,0.017883431,0.0,0.0,0.0,659.04
8,12,4,0,,,,9.9999994e-08,0.0,0.0,0.0,729.9
8,13,4,0,,,,9.9999994e-08,0.0,0.0,0.0,657.55
8,14,4,0,,,,9.9999994e-08,0.0,0.0,0.0,702.33
8,15,4,0,,,,9.9999994e-08,0.0,0.0,0.0,623.83
8,16,4,0,,,,9.9999994e-08,0.0,0.0,0.0,497.82
8,17,4,0,,,,9.9999994e-08,0.0,0.0,0.0,325.67
8,18,4,0,,,,3.2837167,0.0,0.0,0.0,139.45
8,19,4,0,,,,3.4401333,0.0,0.0,0.0,17.8
8,20,4,0,,,,1.4254333,0.0,0.0,0.0,0.0
8,21,4,0,,,,0.46718332,0.0,0.0,0.0,0.0
8,22,4,0,,,,0.37003332,0.0,0.0,0.0,0.0
8,23,4,0,,,,1.6729167,0.0,0.0,0.0,0.0
8,24,4,0,,,,0.36404166,0.0,0.0,0.0,0.0
8,1,5,0,,,,0.3653,0.0,0.0,0.0,0.0
8,2,5,0,,,,0.36611667,0.0,0.0,0.0,0.0
8,3,5,0,,,,0.7628833,0.0,0.0,0.0,0.0
8,4,5,0,,,,0.4204,0.0,0.0,0.0,0.0
8,5,5,0,,,,0.41378334,0.0,0.0,0.0,0.0
8,6,5,0,,,,0.661,0.0,0.0,0.0,0.0
8,7,5,0,,,,0.45121667,0.0,0.0,0.0,43.44
8,8,5,0,,,,0.0031000932,0.0,0.0,0.0,203.79
8,9,5,0,,,,0.40925005,0.0,0.0,0.0,391.15
8,10,5,0,,,,0.64596677,0.0,0.0,0.0,509.4
8,11,5,0,,,,9.9999994e-08,0.0,0.0,0.0,658.56
8,12,5,0,,,,9.9999994e-08,0.0,0.0,0.0,726.66
8,13,5,0,,,,2.2611501,0.0,0.0,0.0,729.96
8,14,5,0,,,,0.53051674,0.0,0.0,0.0,687.34
8,15,5,0,,,,0.38220006,0.0,0.0,0.0,595.82
8,16,5,0,,,,0.55566674,0.0,0.0,0.0,481.9
8,17,5,0,,,,0.69711673,0.0,0.0,0.0,318.63
8,18,5,0,,,,2.70765,0.0,0.0,0.0,133.42
8,19,5,0,,,,0.3317,0.0,0.0,0.0,17.05
8,20,5,0,,,,2.1408668,0.0,0.0,0.0,0.0
8,21,5,0,,,,3.0311334,0.0,0.0,0.0,0.0
8,22,5,0,,,,3.7552667,0.0,0.0,0.0,0.0
8,23,5,0,,,,2.8863168,0.0,0.0,0.0,0.0
8,24,5,0,,,,0.40535834,0.0,0.0,0.0,0.0
8,1,6,0,,,,0.4178,0.0,0.0,0.0,0.0
8,2,6,0,,,,0.41511667,0.0,0.0,0.0,0.0
8,3,6,0,,,,0.41261667,0.0,0.0,0.0,0.0
8,4,6,0,,,,0.409,0.0,0.0,0.0,0.0
8,5,6,0,,,,0.408,0.0,0.0,0.0,0.0
8,6,6,0,,,,0.7184,0.0,0.0,0.0,0.0
8,7,6,0,,,,0.5201167,0.0,0.0,0.0,44.0
8,8,6,0,,,,0.072700046,0.0,0.0,0.0,207.72
8,9,6,0,,,,9.9999994e-08,0.0,0.0,0.0,400.92
8,10,6,0,,,,0.035983432,0.0,0.0,0.0,555.59
8,11,6,0,,,,2.2722332,0.0,0.0,0.0,669.89
8,12,6,0,,,,2.4209833,0.0,0.0,0.0,741.04
8,13,6,0,,,,1.9769167,0.0,0.0,0.0,754.04
8,14,6,0,,,,2.0196834,0.0,0.0,0.0,724.82
8,15,6,0,,,,1.91655,0.0,0.0,0.0,622.81
8,16,6,0,,,,1.2887,0.0,0.0,0.0,494.52
8,17,6,0,,,,0.57465,0.0,0.0,0.0,323.98
8,18,6,0,,,,9.9999994e-08,0.0,0.0,0.0,131.54
8,19,6,0,,,,9.9999994e-08,0.0,0.0,0.0,16.34
8,20,6,0,,,,9.9999994e-08,0.0,0.0,0.0,0.0
8,21,6,0,,,,9.9999994e-08,0.0,0.0,0.0,0.0
8,22,6,0,,,,9.9999994e-08,0.0,0.0,0.0,0.0
8,23,6,0,,,,9.9999994e-08,0.0,0.0,0.0,0.0
8,24,6,0,,,,9.9999994e-08,0.0,0.0,0.0,0.0
8,1,7,0,,,,9.9999994e-08,0.0,0.0,0.0,0.0
8,2,7,0,,,,9.9999994e-08,0.0,0.0,0.0,0.0
8,3,7,0,,,,9.9999994e-08,0.0,0.0,0.0,0.0
8,4,7,0,,,,9.9999994e-08,0.0,0.0,0.0,0.0
8,5,7,0,,,,9.9999994e-08,0.0,0.0,0.0,0.0
8,6,7,0,,,,9.9999994e-08,0.0,0.0,0.0,0.0
8,7,7,0,,,,0.042816732,0.0,0.0,0.0,41.1
8,8,7,0,,,,0.4218667,0.0,0.0,0.0,208.13
8,9,7,0,,,,0.6662667,0.0,0.0,0.0,397.91
8,10,7,0,,,,1.6132333,0.0,0.0,0.0,544.31
8,11,7,0,,,,2.2866833,0.0,0.0,0.0,659.72
8,12,7,0,,,,2.54565,0.0,0.0,0.0,700.05
8,13,7,0,,,,2.5667834,0.0,0.0,0.0,682.23
8,14,7,0,,,,2.1575,0.0,0.0,0.0,656.18
8,15,7,0,,,,0.8949667,0.0,0.0,0.0,594.6
8,16,7,0,,,,0.5974834,0.0,0.0,0.0,461.37
8,17,7,0,,,,0.2328334,0.0,0.0,0.0,304.02
8,18,7,0,,,,9.9999994e-08,0.0,0.0,0.0,125.82
8,19,7,0,,,,9.9999994e-08,0.0,0.0,0.0,15.13
8,20,7,0,,,,9.9999994e-08,0.0,0.0,0.0,0.0
8,21,7,0,,,,9.9999994e-08,0.0,0.0,0.0,0.0
8,22,7,0,,,,9.9999994e-08,0.0,0.0,0.0,0.0
8,23,7,0,,,,9.9999994e-08,0.0,0.0,0.0,0.0
8,24,7,0,,,,9.9999994e-08,0.0,0.0,0.0,0.0
8,1,1,0,,,,9.9999994e-08,0.0,0.0,0.0,0.0
8,2,1,0,,,,9.9999994e-08,0.0,0.0,0.0,0.0
8,3,1,0,,,,9.9999994e-08,0.0,0.0,0.0,0.0
8,4,1,0,,,,9.9999994e-08,0.0,0.0,0.0,0.0
8,5,1,0,,,,9.9999994e-08,0.0,0.0,0.0,0.0
8,6,1,0,,,,9.9999994e-08,0.0,0.0,0.0,0.0
8,7,1,0,,,,0.041950066,0.0,0.0,0.0,39.07
8,8,1,0,,,,0.48373336,0.0,0.0,0.0,210.68
8,9,1,0,,,,1.1296667,0.0,0.0,0.0,410.86
8,10,1,0,,,,1.80835,0.0,0.0,0.0,564.25
8,11,1,0,,,,2.2414668,0.0,0.0,0.0,678.7
8,12,1,0,,,,2.2942667,0.0,0.0,0.0,744.71
8,13,1,0,,,,2.2520332,0.0,0.0,0.0,747.62
8,14,1,0,,,,2.3547,0.0,0.0,0.0,706.5
8,15,1,0,,,,0.44091675,0.0,0.0,0.0,611.63
8,16,1,0,,,,0.94530004,0.0,0.0,0.0,485.78
8,17,1,0,,,,0.24373339,0.0,0.0,0.0,308.98
8,18,1,0,,,,9.9999994e-08,0.0,0.0,0.0,126.61
8,19,1,0,,,,9.9999994e-08,0.0,0.0,0.0,14.02
8,20,1,0,,,,9.9999994e-08,0.0,0.0,0.0,0.0
8,21,1,0,,,,9.9999994e-08,0.0,0.0,0.0,0.0
8,22,1,0,,,,9.9999994e-08,0.0,0.0,0.0,0.0
8,23,1,0,,,,9.9999994e-08,0.0,0.0,0.0,0.0
8,24,1,0,,,,9.9999994e-08,0.0,0.0,0.0,0.0
8,1,2,0,,,,9.9999994e-08,0.0,0.0,0.0,0.0
8,2,2,0,,,,9.9999994e-08,0.0,0.0,0.0,0.0
8,3,2,0,,,,9.9999994e-08,0.0,0.0,0.0,0.0
8,4,2,0,,,,9.9999994e-08,0.0,0.0,0.0,0.0
8,5,2,0,,,,9.9999994e-08,0.0,0.0,0.0,0.0
8,6,2,0,,,,9.9999994e-08,0.0,0.0,0.0,0.0
8,7,2,0,,,,0.024950076,0.0,0.0,0.0,39.9
8,8,2,0,,,,0.46181667,0.0,0.0,0.0,205.55
8,9,2,0,,,,0.95926666,0.0,0.0,0.0,386.94
8,10,2,0,,,,1.8053334,0.0,0.0,0.0,534.28
8,11,2,0,,,,1.9944167,0.0,0.0,0.0,655.21
8,12,2,0,,,,0.6977667,0.0,0.0,0.0,724.07
8,13,2,0,,,,2.3120666,0.0,0.0,0.0,723.06
8,14,2,0,,,,2.3728833,0.0,0.0,0.0,673.5
8,15,2,0,,,,1.12815,0.0,0.0,0.0,581.08
8,16,2,0,,,,0.8089834,0.0,0.0,0.0,458.24
8,17,2,0,,,,0.23221675,0.0,0.0,0.0,299.3
8,18,2,0,,,,9.9999994e-08,0.0,0.0,0.0,121.24
8,19,2,0,,,,9.9999994e-08,0.0,0.0,0.0,12.17
8,20,2,0,,,,9.9999994e-08,0.0,0.0,0.0,0.0
8,21,2,0,,,,9.9999994e-08,0.0,0.0,0.0,0.0
8,22,2,0,,,,9.9999994e-08,0.0,0.0,0.0,0.0
8,23,2,0,,,,9.9999994e-08,0.0,0.0,0.0,0.0
8,24,2,0,,,,9.9999994e-08,0.0,0.0,0.0,0.0
8,1,3,0,,,,9.9999994e-08,0.0,0.0,0.0,0.0
8,2,3,0,,,,9.9999994e-08,0.0,0.0,0.0,0.0
8,3,3,0,,,,9.9999994e-08,0.0,0.0,0.0,0.0
8,4,3,0,,,,9.9999994e-08,0.0,0.0,0.0,0.0
8,5,3,0,,,,9.9999994e-08,0.0,0.0,0.0,0.0
8,6,3,0,,,,9.9999994e-08,0.0,0.0,0.0,0.0
8,7,3,0,,,,0.023916744,0.0,0.0,0.0,1.04
8,8,3,0,,,,0.35523337,0.0,0.0,0.0,64.93
8,9,3,0,,,,1.1203667,0.0,0.0,0.0,328.17
8,10,3,0,,,,1.8007333,0.0,0.0,0.0,512.0
8,11,3,0,,,,2.2494667,0.0,0.0,0.0,631.77
8,12,3,0,,,,2.32615,0.0,0.0,0.0,694.68
8,13,3,0,,,,2.4666,0.0,0.0,0.0,712.83
8,14,3,0,,,,2.3206832,0.0,0.0,0.0,614.83
8,15,3,0,,,,1.0949167,0.0,0.0,0.0,85.63
8,16,3,0,,,,0.14480008,0.0,0.0,0.0,422.67
8,17,3,0,,,,9.9999994e-08,0.0,0.0,0.0,296.94
8,18,3,0,,,,9.9999994e-08,0.0,0.0,0.0,113.03
8,19,3,0,,,,9.9999994e-08,0.0,0.0,0.0,10.51
8,20,3,0,,,,9.9999994e-08,0.0,0.0,0.0,0.0
8,21,3,0,,,,9.9999994e-08,0.0,0.0,0.0,0.0
8,22,3,0,,,,9.9999994e-08,0.0,0.0,0.0,0.0
8,23,3,0,,,,9.9999994e-08,0.0,0.0,0.0,0.0
8,24,3,0,,,,9.9999994e-08,0.0,0.0,0.0,0.0
9,1,4,0,,,,9.9999994e-08,0.0,0.0,0.0,0.0
9,2,4,0,,,,9.9999994e-08,0.0,0.0,0.0,0.0
9,3,4,0,,,,9.9999994e-08,0.0,0.0,0.0,0.0
9,4,4,0,,,,9.9999994e-08,0.0,0.0,0.0,0.0
9,5,4,0,,,,9.9999994e-08,0.0,0.0,0.0,0.0
9,6,4,0,,,,9.9999994e-08,0.0,0.0,0.0,0.0
9,7,4,0,,,,0.019783413,0.0,0.0,0.0,26.33
9,8,4,0,,,,0.4641,0.0,0.0,0.0,184.92
9,9,4,0,,,,0.55655,0.0,0.0,0.0,380.33
9,10,4,0,,,,1.2475834,0.0,0.0,0.0,543.23
9,11,4,0,,,,2.2761,0.0,0.0,0.0,659.21
9,12,4,0,,,,2.54675,0.0,0.0,0.0,697.89
9,13,4,0,,,,2.59685,0.0,0.0,0.0,640.67
9,14,4,0,,,,2.4363334,0.0,0.0,0.0,569.86
9,15,4,0,,,,2.0050833,0.0,0.0,0.0,436.71
9,16,4,0,,,,1.38005,0.0,0.0,0.0,358.19
9,17,4,0,,,,0.629,0.0,0.0,0.0,257.91
9,18,4,0,,,,9.9999994e-08,0.0,0.0,0.0,110.85
9,19,4,0,,,,9.9999994e-08,0.0,0.0,0.0,9.38
9,20,4,0,,,,9.9999994e-08,0.0,0.0,0.0,0.0
9,21,4,0,,,,9.9999994e-08,0.0,0.0,0.0,0.0
9,22,4,0,,,,9.9999994e-08,0.0,0.0,0.0,0.0
9,23,4,0,,,,9.9999994e-08,0.0,0.0,0.0,0.0
9,24,4,0,,,,9.9999994e-08,0.0,0.0,0.0,0.0
9,1,5,0,,,,9.9999994e-08,0.0,0.0,0.0,0.0
9,2,5,0,,,,9.9999994e-08,0.0,0.0,0.0,0.0
9,3,5,0,,,,9.9999994e-08,0.0,0.0,0.0,0.0
9,4,5,0,,,,9.9999994e-08,0.0,0.0,0.0,0.0
9,5,5,0,,,,9.9999994e-08,0.0,0.0,0.0,0.0
9,6,5,0,,,,9.9999994e-08,0.0,0.0,0.0,0.0
9,7,5,0,,,,0.10343339,0.0,0.0,0.0,34.99
9,8,5,0,,,,0.48455003,0.0,0.0,0.0,198.04
9,9,5,0,,,,0.6837167,0.0,0.0,0.0,390.85
9,10,5,0,,,,1.5261667,0.0,0.0,0.0,540.79
9,11,5,0,,,,2.4298832,0.0,0.0,0.0,647.86
9,12,5,0,,,,2.6928666,0.0,0.0,0.0,713.33
9,13,5,0,,,,2.7127666,0.0,0.0,0.0,690.05
9,14,5,0,,,,2.5362167,0.0,0.0,0.0,637.52
9,15,5,0,,,,2.1282666,0.0,0.0,0.0,489.64
9,16,5,0,,,,1.4947333,0.0,0.0,0.0,406.39
9,17,5,0,,,,0.7082833,0.0,0.0,0.0,281.66
9,18,5,0,,,,9.9999994e-08,0.0,0.0,0.0,112.24
9,19,5,0,,,,9.9999994e-08,0.0,0.0,0.0,8.2
9,20,5,0,,,,9.9999994e-08,0.0,0.0,0.0,0.0
9,21,5,0,,,,9.9999994e-08,0.0,0.0,0.0,0.0
9,22,5,0,,,,9.9999994e-08,0.0,0.0,0.0,0.0
9,23,5,0,,,,9.9999994e-08,0.0,0.0,0.0,0.0
9,24,5,0,,,,9.9999994e-08,0.0,0.0,0.0,0.0
9,1,6,0,,,,9.9999994e-08,0.0,0.0,0.0,0.0
9,2,6,0,,,,9.9999994e-08,0.0,0.0,0.0,0.0
9,3,6,0,,,,9.9999994e-08,0.0,0.0,0.0,0.0
9,4,6,0,,,,9.9999994e-08,0.0,0.0,0.0,0.0
9,5,6,0,,,,9.9999994e-08,0.0,0.0,0.0,0.0
9,6,6,0,,,,9.9999994e-08,0.0,0.0,0.0,0.0
9,7,6,0,,,,9.9999994e-08,0.0,0.0,0.0,27.81
9,8,6,0,,,,0.088466704,0.0,0.0,0.0,173.13
9,9,6,0,,,,0.8621167,0.0,0.0,0.0,360.7
9,10,6,0,,,,1.7966334,0.0,0.0,0.0,512.86
9,11,6,0,,,,2.4382334,0.0,0.0,0.0,613.49
9,12,6,0,,,,2.6865833,0.0,0.0,0.0,682.27
9,13,6,0,,,,2.7456834,0.0,0.0,0.0,621.61
9,14,6,0,,,,2.49455,0.0,0.0,0.0,285.97
9,15,6,0,,,,2.0901,0.0,0.0,0.0,151.42
9,16,6,0,,,,1.4421,0.0,0.0,0.0,40.21
9,17,6,0,,,,0.65316665,0.0,0.0,0.0,122.99
9,18,6,0,,,,9.9999994e-08,0.0,0.0,0.0,4.12
9,19,6,0,,,,9.9999994e-08,0.0,0.0,0.0,6.67
9,20,6,0,,,,9.9999994e-08,0.0,0.0,0.0,0.0
9,21,6,0,,,,9.9999994e-08,0.0,0.0,0.0,0.0
9,22,6,0,,,,9.9999994e-08,0.0,0.0,0.0,0.0
9,23,6,0,,,,9.9999994e-08,0.0,0.0,0.0,0.0
9,24,6,0,,,,9.9999994e-08,0.0,0.0,0.0,0.0
9,1,7,0,,,,9.9999994e-08,0.0,0.0,0.0,0.0
9,2,7,0,,,,9.9999994e-08,0.0,0.0,0.0,0.0
9,3,7,0,,,,9.9999994e-08,0.0,0.0,0.0,0.0
9,4,7,0,,,,9.9999994e-08,0.0,0.0,0.0,0.0
9,5,7,0,,,,9.9999994e-08,0.0,0.0,0.0,0.0
9,6,7,0,,,,9.9999994e-08,0.0,0.0,0.0,0.0
9,7,7,0,,,,0.0507834,0.0,0.0,0.0,0.65
9,8,7,0,,,,0.16853335,0.0,0.0,0.0,9.63
9,9,7,0,,,,0.6005834,0.0,0.0,0.0,35.79
9,10,7,0,,,,0.97555,0.0,0.0,0.0,64.72
9,11,7,0,,,,1.4658834,0.0,0.0,0.0,319.77
9,12,7,0,,,,2.6088333,0.0,0.0,0.0,364.8
9,13,7,0,,,,2.7403,0.0,0.0,0.0,414.97
9,14,7,0,,,,2.3956168,0.0,0.0,0.0,318.45
9,15,7,0,,,,2.03615,0.0,0.0,0.0,80.21
9,16,7,0,,,,1.4080833,0.0,0.0,0.0,69.21
9,17,7,0,,,,0.62633336,0.0,0.0,0.0,58.37
9,18,7,0,,,,0.013650078,0.0,0.0,0.0,6.54
9,19,7,0,,,,9.9999994e-08,0.0,0.0,0.0,5.38
9,20,7,0,,,,9.9999994e-08,0.0,0.0,0.0,0.0
9,21,7,0,,,,9.9999994e-08,0.0,0.0,0.0,0.0
9,22,7,0,,,,9.9999994e-08,0.0,0.0,0.0,0.0
9,23,7,0,,,,9.9999994e-08,0.0,0.0,0.0,0.0
9,24,7,0,,,,9.9999994e-08,0.0,0.0,0.0,0.0
9,1,1,0,,,,9.9999994e-08,0.0,0.0,0.0,0.0
9,2,1,0,,,,9.9999994e-08,0.0,0.0,0.0,0.0
9,3,1,0,,,,9.9999994e-08,0.0,0.0,0.0,0.0
9,4,1,0,,,,9.9999994e-08,0.0,0.0,0.0,0.0
9,5,1,0,,,,9.9999994e-08,0.0,0.0,0.0,0.0
9,6,1,0,,,,9.9999994e-08,0.0,0.0,0.0,0.0
9,7,1,0,,,,9.9999994e-08,0.0,0.0,0.0,32.85
9,8,1,0,,,,0.15708336,0.0,0.0,0.0,120.58
9,9,1,0,,,,0.53178334,0.0,0.0,0.0,210.17
9,10,1,0,,,,1.6022834,0.0,0.0,0.0,218.18
9,11,1,0,,,,2.2862666,0.0,0.0,0.0,541.99
9,12,1,0,,,,2.6819,0.0,0.0,0.0,524.4
9,13,1,0,,,,2.69255,0.0,0.0,0.0,647.9
9,14,1,0,,,,2.46865,0.0,0.0,0.0,590.99
9,15,1,0,,,,2.0372167,0.0,0.0,0.0,595.21
9,16,1,0,,,,1.4043167,0.0,0.0,0.0,471.92
9,17,1,0,,,,0.54753333,0.0,0.0,0.0,280.29
9,18,1,0,,,,9.9999994e-08,0.0,0.0,0.0,74.49
9,19,1,0,,,,9.9999994e-08,0.0,0.0,0.0,1.19
9,20,1,0,,,,9.9999994e-08,0.0,0.0,0.0,0.0
9,21,1,0,,,,9.9999994e-08,0.0,0.0,0.0,0.0
9,22,1,0,,,,9.9999994e-08,0.0,0.0,0.0,0.0
9,23,1,0,,,,9.9999994e-08,0.0,0.0,0.0,0.0
9,24,1,0,,,,9.9999994e-08,0.0,0.0,0.0,0.0
9,1,2,0,,,,9.9999994e-08,0.0,0.0,0.0,0.0
9,2,2,0,,,,9.9999994e-08,0.0,0.0,0.0,0.0
9,3,2,0,,,,9.9999994e-08,0.0,0.0,0.0,0.0
9,4,2,0,,,,9.9999994e-08,0.0,0.0,0.0,0.0
9,5,2,0,,,,9.9999994e-08,0.0,0.0,0.0,0.0
9,6,2,0,,,,9.9999994e-08,0.0,0.0,0.0,0.0
9,7,2,0,,,,0.06263339,0.0,0.0,0.0,30.44
9,8,2,0,,,,0.4945125,0.0,0.0,0.0,186.58
9,9,2,0,,,,1.3949333,0.0,0.0,0.0,344.98
9,10,2,0,,,,1.9859667,0.0,0.0,0.0,338.45
9,11,2,0,,,,2.4626667,0.0,0.0,0.0,566.98
9,12,2,0,,,,2.6967666,0.0,0.0,0.0,712.94
9,13,2,0,,,,1.9093,0.0,0.0,0.0,725.7
9,14,2,0,,,,2.2737,0.0,0.0,0.0,693.25
9,15,2,0,,,,2.0800667,0.0,0.0,0.0,543.4
9,16,2,0,,,,0.7875,0.0,0.0,0.0,430.39
9,17,2,0,,,,0.26620007,0.0,0.0,0.0,284.59
9,18,2,0,,,,9.9999994e-08,0.0,0.0,0.0,100.47
9,19,2,0,,,,9.9999994e-08,0.0,0.0,0.0,2.42
9,20,2,0,,,,9.9999994e-08,0.0,0.0,0.0,0.0
9,21,2,0,,,,9.9999994e-08,0.0,0.0,0.0,0.0
9,22,2,0,,,,9.9999994e-08,0.0,0.0,0.0,0.0
9,23,2,0,,,,9.9999994e-08,0.0,0.0,0.0,0.0
9,24,2,0,,,,9.9999994e-08,0.0,0.0,0.0,0.0
9,1,3,0,,,,9.9999994e-08,0.0,0.0,0.0,0.0
9,2,3,0,,,,9.9999994e-08,0.0,0.0,0.0,0.0
9,3,3,0,,,,9.9999994e-08,0.0,0.0,0.0,0.0
9,4,3,0,,,,9.9999994e-08,0.0,0.0,0.0,0.0
9,5,3,0,,,,9.9999994e-08,0.0,0.0,0.0,0.0
9,6,3,0,,,,9.9999994e-08,0.0,0.0,0.0,0.0
9,7,3,0,,,,0.04351673,0.0,0.0,0.0,28.9
9,8,3,0,,,,0.60656667,0.0,0.0,0.0,191.76
9,9,3,0,,,,1.2447333,0.0,0.0,0.0,385.28
9,10,3,0,,,,2.0002167,0.0,0.0,0.0,539.8
9,11,3,0,,,,2.4581666,0.0,0.0,0.0,626.77
9,12,3,0,,,,2.4508166,0.0,0.0,0.0,621.36
9,13,3,0,,,,2.6606834,0.0,0.0,0.0,614.5
9,14,3,0,,,,2.5352333,0.0,0.0,0.0,449.88
9,15,3,0,,,,2.1201832,0.0,0.0,0.0,243.15
9,16,3,0,,,,0.5776334,0.0,0.0,0.0,316.51
9,17,3,0,,,,9.9999994e-08,0.0,0.0,0.0,257.83
9,18,3,0,,,,0.058216725,0.0,0.0,0.0,92.69
9,19,3,0,,,,9.9999994e-08,0.0,0.0,0.0,2.38
9,20,3,0,,,,9.9999994e-08,0.0,0.0,0.0,0.0
9,21,3,0,,,,9.9999994e-08,0.0,0.0,0.0,0.0
9,22,3,0,,,,9.9999994e-08,0.0,0.0,0.0,0.0
9,23,3,0,,,,9.9999994e-08,0.0,0.0,0.0,0.0
9,24,3,0,,,,9.9999994e-08,0.0,0.0,0.0,0.0
9,1,4,0,,,,9.9999994e-08,0.0,0.0,0.0,0.0
9,2,4,0,,,,9.9999994e-08,0.0,0.0,0.0,0.0
9,3,4,0,,,,9.9999994e-08,0.0,0.0,0.0,0.0
9,4,4,0,,,,9.9999994e-08,0.0,0.0,0.0,0.0
9,5,4,0,,,,9.9999994e-08,0.0,0.0,0.0,0.0
9,6,4,0,,,,9.9999994e-08,0.0,0.0,0.0,0.0
9,7,4,0,,,,0.04548339,0.0,0.0,0.0,16.33
9,8,4,0,,,,0.5816333,0.0,0.0,0.0,174.37
9,9,4,0,,,,1.2925667,0.0,0.0,0.0,357.47
9,10,4,0,,,,1.9242166,0.0,0.0,0.0,500.36
9,11,4,0,,,,2.3589,0.0,0.0,0.0,637.34
9,12,4,0,,,,2.6283667,0.0,0.0,0.0,710.0
9,13,4,0,,,,2.6577833,0.0,0.0,0.0,725.47
9,14,4,0,,,,1.9763334,0.0,0.0,0.0,655.42
9,15,4,0,,,,0.36590007,0.0,0.0,0.0,570.43
9,16,4,0,,,,0.64365005,0.0,0.0,0.0,388.73
9,17,4,0,,,,0.49753335,0.0,0.0,0.0,269.14
9,18,4,0,,,,9.9999994e-08,0.0,0.0,0.0,92.48
9,19,4,0,,,,9.9999994e-08,0.0,0.0,0.0,0.0
9,20,4,0,,,,9.9999994e-08,0.0,0.0,0.0,0.0
9,21,4,0,,,,9.9999994e-08,0.0,0.0,0.0,0.0
9,22,4,0,,,,9.9999994e-08,0.0,0.0,0.0,0.0
9,23,4,0,,,,9.9999994e-08,0.0,0.0,0.0,0.0
9,24,4,0,,,,9.9999994e-08,0.0,0.0,0.0,0.0
9,1,5,0,,,,9.9999994e-08,0.0,0.0,0.0,0.0
9,2,5,0,,,,9.9999994e-08,0.0,0.0,0.0,0.0
9,3,5,0,,,,9.9999994e-08,0.0,0.0,0.0,0.0
9,4,5,0,,,,9.9999994e-08,0.0,0.0,0.0,0.0
9,5,5,0,,,,9.9999994e-08,0.0,0.0,0.0,0.0
9,6,5,0,,,,9.9999994e-08,0.0,0.0,0.0,0.0
9,7,5,0,,,,0.071900055,0.0,0.0,0.0,22.97
9,8,5,0,,,,0.58316666,0.0,0.0,0.0,182.69
9,9,5,0,,,,0.4134167,0.0,0.0,0.0,388.4
9,10,5,0,,,,1.9547334,0.0,0.0,0.0,482.16
9,11,5,0,,,,2.4054,0.0,0.0,0.0,663.31
9,12,5,0,,,,2.6448166,0.0,0.0,0.0,730.3
9,13,5,0,,,,2.69685,0.0,0.0,0.0,715.66
9,14,5,0,,,,2.4952,0.0,0.0,0.0,636.58
9,15,5,0,,,,2.04565,0.0,0.0,0.0,588.27
9,16,5,0,,,,1.4204834,0.0,0.0,0.0,436.16
9,17,5,0,,,,0.6981,0.0,0.0,0.0,288.1
9,18,5,0,,,,9.9999994e-08,0.0,0.0,0.0,90.08
9,19,5,0,,,,9.9999994e-08,0.0,0.0,0.0,0.0
9,20,5,0,,,,9.9999994e-08,0.0,0.0,0.0,0.0
9,21,5,0,,,,9.9999994e-08,0.0,0.0,0.0,0.0
9,22,5,0,,,,9.9999994e-08,0.0,0.0,0.0,0.0
9,23,5,0,,,,9.9999994e-08,0.0,0.0,0.0,0.0
9,24,5,0,,,,9.9999994e-08,0.0,0.0,0.0,0.0
9,1,6,0,,,,9.9999994e-08,0.0,0.0,0.0,0.0
9,2,6,0,,,,9.9999994e-08,0.0,0.0,0.0,0.0
9,3,6,0,,,,9.9999994e-08,0.0,0.0,0.0,0.0
9,4,6,0,,,,9.9999994e-08,0.0,0.0,0.0,0.0
9,5,6,0,,,,9.9999994e-08,0.0,0.0,0.0,0.0
9,6,6,0,,,,9.9999994e-08,0.0,0.0,0.0,0.0
9,7,6,0,,,,0.08675004,0.0,0.0,0.0,27.95
9,8,6,0,,,,0.69235,0.0,0.0,0.0,168.99
9,9,6,0,,,,1.4398167,0.0,0.0,0.0,405.16
9,10,6,0,,,,2.0682888,0.0,0.0,0.0,565.58
9,11,6,0,,,,2.4941,0.0,0.0,0.0,681.01
9,12,6,0,,,,2.73015,0.0,0.0,0.0,727.67
9,13,6,0,,,,2.7632334,0.0,0.0,0.0,749.11
9,14,6,0,,,,2.5862834,0.0,0.0,0.0,692.77
9,15,6,0,,,,2.1783333,0.0,0.0,0.0,584.38
9,16,6,0,,,,1.5373167,0.0,0.0,0.0,453.1
9,17,6,0,,,,0.77468336,0.0,0.0,0.0,275.93
9,18,6,0,,,,9.9999994e-08,0.0,0.0,0.0,87.18
9,19,6,0,,,,9.9999994e-08,0.0,0.0,0.0,0.0
9,20,6,0,,,,9.9999994e-08,0.0,0.0,0.0,0.0
9,21,6,0,,,,9.9999994e-08,0.0,0.0,0.0,0.0
9,22,6,0,,,,9.9999994e-08,0.0,0.0,0.0,0.0
9,23,6,0,,,,9.9999994e-08,0.0,0.0,0.0,0.0
9,24,6,0,,,,9.9999994e-08,0.0,0.0,0.0,0.0
9,1,7,0,,,,9.9999994e-08,0.0,0.0,0.0,0.0
9,2,7,0,,,,9.9999994e-08,0.0,0.0,0.0,0.0
9,3,7,0,,,,9.9999994e-08,0.0,0.0,0.0,0.0
9,4,7,0,,,,9.9999994e-08,0.0,0.0,0.0,0.0
9,5,7,0,,,,9.9999994e-08,0.0,0.0,0.0,0.0
9,6,7,0,,,,9.9999994e-08,0.0,0.0,0.0,0.0
9,7,7,0,,,,0.08790004,0.0,0.0,0.0,24.5
9,8,7,0,,,,0.70205,0.0,0.0,0.0,197.13
9,9,7,0,,,,1.4331334,0.0,0.0,0.0,383.24
9,10,7,0,,,,2.0714667,0.0,0.0,0.0,537.15
9,11,7,0,,,,2.5299332,0.0,0.0,0.0,651.16
9,12,7,0,,,,2.6191332,0.0,0.0,0.0,707.34
9,13,7,0,,,,2.7184668,0.0,0.0,0.0,706.9
9,14,7,0,,,,2.5921416,0.0,0.0,0.0,646.0
9,15,7,0,,,,2.1549332,0.0,0.0,0.0,560.38
9,16,7,0,,,,1.5334333,0.0,0.0,0.0,431.51
9,17,7,0,,,,0.76063335,0.0,0.0,0.0,238.56
9,18,7,0,,,,0.10330004,0.0,0.0,0.0,85.1
9,19,7,0,,,,9.9999994e-08,0.0,0.0,0.0,0.0
9,20,7,0,,,,9.9999994e-08,0.0,0.0,0.0,0.0
9,21,7,0,,,,9.9999994e-08,0.0,0.0,0.0,0.0
9,22,7,0,,,,9.9999994e-08,0.0,0.0,0.0,0.0
9,23,7,0,,,,9.9999994e-08,0.0,0.0,0.0,0.0
9,24,7,0,,,,9.9999994e-08,0.0,0.0,0.0,0.0
9,1,1,0,,,,9.9999994e-08,0.0,0.0,0.0,0.0
9,2,1,0,,,,9.9999994e-08,0.0,0.0,0.0,0.0
9,3,1,0,,,,9.9999994e-08,0.0,0.0,0.0,0.0
9,4,1,0,,,,9.9999994e-08,0.0,0.0,0.0,0.0
9,5,1,0,,,,9.9999994e-08,0.0,0.0,0.0,0.0
9,6,1,0,,,,9.9999994e-08,0.0,0.0,0.0,0.0
9,7,1,0,,,,0.07395002,0.0,0.0,0.0,20.26
9,8,1,0,,,,0.27768335,0.0,0.0,0.0,185.3
9,9,1,0,,,,0.84421664,0.0,0.0,0.0,380.13
9,10,1,0,,,,2.0693667,0.0,0.0,0.0,538.7
9,11,1,0,,,,2.5646834,0.0,0.0,0.0,656.89
9,12,1,0,,,,2.7733166,0.0,0.0,0.0,712.38
9,13,1,0,,,,2.7859333,0.0,0.0,0.0,688.46
9,14,1,0,,,,2.6380334,0.0,0.0,0.0,655.55
9,15,1,0,,,,2.0858333,0.0,0.0,0.0,535.88
9,16,1,0,,,,1.4801834,0.0,0.0,0.0,424.69
9,17,1,0,,,,0.7460833,0.0,0.0,0.0,257.47
9,18,1,0,,,,0.07048339,0.0,0.0,0.0,79.14
9,19,1,0,,,,9.9999994e-08,0.0,0.0,0.0,0.0
9,20,1,0,,,,9.9999994e-08,0.0,0.0,0.0,0.0
9,21,1,0,,,,9.9999994e-08,0.0,0.0,0.0,0.0
9,22,1,0,,,,9.9999994e-08,0.0,0.0,0.0,0.0
9,23,1,0,,,,9.9999994e-08,0.0,0.0,0.0,0.0
9,24,1,0,,,,9.9999994e-08,0.0,0.0,0.0,0.0
9,1,2,0,,,,9.9999994e-08,0.0,0.0,0.0,0.0
9,2,2,0,,,,9.9999994e-08,0.0,0.0,0.0,0.0
9,3,2,0,,,,9.9999994e-08,0.0,0.0,0.0,0.0
9,4,2,0,,,,9.9999994e-08,0.0,0.0,0.0,0.0
9,5,2,0,,,,9.9999994e-08,0.0,0.0,0.0,0.0
9,6,2,0,,,,9.9999994e-08,0.0,0.0,0.0,0.0
9,7,2,0,,,,9.9999994e-08,0.0,0.0,0.0,10.08
9,8,2,0,,,,0.054800034,0.0,0.0,0.0,171.27
9,9,2,0,,,,0.16133334,0.0,0.0,0.0,367.91
9,10,2,0,,,,0.21551667,0.0,0.0,0.0,537.55
9,11,2,0,,,,0.1723,0.0,0.0,0.0,642.19
9,12,2,0,,,,0.18821669,0.0,0.0,0.0,701.47
9,13,2,0,,,,0.63465,0.0,0.0,0.0,702.7
9,14,2,0,,,,0.5284167,0.0,0.0,0.0,660.0
9,15,2,0,,,,1.7750167,0.0,0.0,0.0,550.49
9,16,2,0,,,,0.8505167,0.0,0.0,0.0,386.63
9,17,2,0,,,,0.51643336,0.0,0.0,0.0,184.34
9,18,2,0,,,,0.034516737,0.0,0.0,0.0,48.34
9,19,2,0,,,,9.9999994e-08,0.0,0.0,0.0,0.0
9,20,2,0,,,,9.9999994e-08,0.0,0.0,0.0,0.0
9,21,2,0,,,,9.9999994e-08,0.0,0.0,0.0,0.0
9,22,2,0,,,,9.9999994e-08,0.0,0.0,0.0,0.0
9,23,2,0,,,,9.9999994e-08,0.0,0.0,0.0,0.0
9,24,2,0,,,,9.9999994e-08,0.0,0.0,0.0,0.0
9,1,3,0,,,,9.9999994e-08,0.0,0.0,0.0,0.0
9,2,3,0,,,,9.9999994e-08,0.0,0.0,0.0,0.0
9,3,3,0,,,,9.9999994e-08,0.0,0.0,0.0,0.0
9,4,3,0,,,,9.9999994e-08,0.0,0.0,0.0,0.0
9,5,3,0,,,,9.9999994e-08,0.0,0.0,0.0,0.0
9,6,3,0,,,,9.9999994e-08,0.0,0.0,0.0,0.0
9,7,3,0,,,,0.110733375,0.0,0.0,0.0,0.0
9,8,3,0,,,,0.7783167,0.0,0.0,0.0,63.13
9,9,3,0,,,,1.4908333,0.0,0.0,0.0,15.27
9,10,3,0,,,,2.1080832,0.0,0.0,0.0,70.18
9,11,3,0,,,,2.56025,0.0,0.0,0.0,177.39
9,12,3,0,,,,2.8144667,0.0,0.0,0.0,543.9
9,13,3,0,,,,2.8396,0.0,0.0,0.0,654.7
9,14,3,0,,,,2.6180334,0.0,0.0,0.0,663.29
9,15,3,0,,,,2.1901834,0.0,0.0,0.0,548.73
9,16,3,0,,,,1.2872833,0.0,0.0,0.0,412.02
9,17,3,0,,,,0.72393334,0.0,0.0,0.0,276.04
9,18,3,0,,,,0.06373339,0.0,0.0,0.0,72.59
9,19,3,0,,,,9.9999994e-08,0.0,0.0,0.0,0.0
9,20,3,0,,,,9.9999994e-08,0.0,0.0,0.0,0.0
9,21,3,0,,,,9.9999994e-08,0.0,0.0,0.0,0.0
9,22,3,0,,,,9.9999994e-08,0.0,0.0,0.0,0.0
9,23,3,0,,,,9.9999994e-08,0.0,0.0,0.0,0.0
9,24,3,0,,,,9.9999994e-08,0.0,0.0,0.0,0.0
9,1,4,0,,,,9.9999994e-08,0.0,0.0,0.0,0.0
9,2,4,0,,,,9.9999994e-08,0.0,0.0,0.0,0.0
9,3,4,0,,,,9.9999994e-08,0.0,0.0,0.0,0.0
9,4,4,0,,,,9.9999994e-08,0.0,0.0,0.0,0.0
9,5,4,0,,,,9.9999994e-08,0.0,0.0,0.0,0.0
9,6,4,0,,,,9.9999994e-08,0.0,0.0,0.0,0.0
9,7,4,0,,,,0.07425005,0.0,0.0,0.0,16.22
9,8,4,0,,,,0.70315,0.0,0.0,0.0,193.99
9,9,4,0,,,,1.4655167,0.0,0.0,0.0,403.64
9,10,4,0,,,,2.09455,0.0,0.0,0.0,580.13
9,11,4,0,,,,2.54085,0.0,0.0,0.0,685.78
9,12,4,0,,,,2.7809668,0.0,0.0,0.0,500.39
9,13,4,0,,,,2.8160777,0.0,0.0,0.0,455.21
9,14,4,0,,,,2.65695,0.0,0.0,0.0,562.36
9,15,4,0,,,,2.2086334,0.0,0.0,0.0,524.83
9,16,4,0,,,,1.5322666,0.0,0.0,0.0,434.84
9,17,4,0,,,,0.5582833,0.0,0.0,0.0,239.23
9,18,4,0,,,,0.08375005,0.0,0.0,0.0,36.4
9,19,4,0,,,,9.9999994e-08,0.0,0.0,0.0,0.0
9,20,4,0,,,,9.9999994e-08,0.0,0.0,0.0,0.0
9,21,4,0,,,,9.9999994e-08,0.0,0.0,0.0,0.0
9,22,4,0,,,,9.9999994e-08,0.0,0.0,0.0,0.0
9,23,4,0,,,,9.9999994e-08,0.0,0.0,0.0,0.0
9,24,4,0,,,,9.9999994e-08,0.0,0.0,0.0,0.0
9,1,5,0,,,,9.9999994e-08,0.0,0.0,0.0,0.0
9,2,5,0,,,,9.9999994e-08,0.0,0.0,0.0,0.0
9,3,5,0,,,,9.9999994e-08,0.0,0.0,0.0,0.0
9,4,5,0,,,,9.9999994e-08,0.0,0.0,0.0,0.0
9,5,5,0,,,,9.9999994e-08,0.0,0.0,0.0,0.0
9,6,5,0,,,,9.9999994e-08,0.0,0.0,0.0,0.0
9,7,5,0,,,,0.07020005,0.0,0.0,0.0,13.23
9,8,5,0,,,,0.68971664,0.0,0.0,0.0,188.55
9,9,5,0,,,,1.4394333,0.0,0.0,0.0,107.08
9,10,5,0,,,,2.0638666,0.0,0.0,0.0,307.81
9,11,5,0,,,,2.4964,0.0,0.0,0.0,568.79
9,12,5,0,,,,2.75335,0.0,0.0,0.0,297.56
9,13,5,0,,,,2.7825832,0.0,0.0,0.0,459.81
9,14,5,0,,,,2.5778167,0.0,0.0,0.0,635.36
9,15,5,0,,,,2.1249666,0.0,0.0,0.0,553.36
9,16,5,0,,,,1.4633666,0.0,0.0,0.0,422.78
9,17,5,0,,,,0.67645,0.0,0.0,0.0,258.38
9,18,5,0,,,,0.054333393,0.0,0.0,0.0,34.55
9,19,5,0,,,,9.9999994e-08,0.0,0.0,0.0,0.0
9,20,5,0,,,,9.9999994e-08,0.0,0.0,0.0,0.0
9,21,5,0,,,,9.9999994e-08,0.0,0.0,0.0,0.0
9,22,5,0,,,,9.9999994e-08,0.0,0.0,0.0,0.0
9,23,5,0,,,,9.9999994e-08,0.0,0.0,0.0,0.0
9,24,5,0,,,,9.9999994e-08,0.0,0.0,0.0,0.0
9,1,6,0,,,,9.9999994e-08,0.0,0.0,0.0,0.0
9,2,6,0,,,,9.9999994e-08,0.0,0.0,0.0,0.0
9,3,6,0,,,,9.9999994e-08,0.0,0.0,0.0,0.0
9,4,6,0,,,,9.9999994e-08,0.0,0.0,0.0,0.0
9,5,6,0,,,,9.9999994e-08,0.0,0.0,0.0,0.0
9,6,6,0,,,,9.9999994e-08,0.0,0.0,0.0,0.0
9,7,6,0,,,,0.07621671,0.0,0.0,0.0,0.3
9,8,6,0,,,,0.6763,0.0,0.0,0.0,196.1
9,9,6,0,,,,1.4218833,0.0,0.0,0.0,375.69
9,10,6,0,,,,2.0510666,0.0,0.0,0.0,581.65
9,11,6,0,,,,2.5003834,0.0,0.0,0.0,687.25
9,12,6,0,,,,2.7458832,0.0,0.0,0.0,705.48
9,13,6,0,,,,2.7777,0.0,0.0,0.0,752.2
9,14,6,0,,,,2.5195334,0.0,0.0,0.0,700.73
9,15,6,0,,,,2.0696833,0.0,0.0,0.0,568.53
9,16,6,0,,,,1.4326333,0.0,0.0,0.0,423.33
9,17,6,0,,,,0.67233336,0.0,0.0,0.0,245.37
9,18,6,0,,,,0.05903339,0.0,0.0,0.0,65.54
9,19,6,0,,,,9.9999994e-08,0.0,0.0,0.0,0.0
9,20,6,0,,,,9.9999994e-08,0.0,0.0,0.0,0.0
9,21,6,0,,,,9.9999994e-08,0.0,0.0,0.0,0.0
9,22,6,0,,,,9.9999994e-08,0.0,0.0,0.0,0.0
9,23,6,0,,,,9.9999994e-08,0.0,0.0,0.0,0.0
9,24,6,0,,,,9.9999994e-08,0.0,0.0,0.0,0.0
9,1,7,0,,,,9.9999994e-08,0.0,0.0,0.0,0.0
9,2,7,0,,,,9.9999994e-08,0.0,0.0,0.0,0.0
9,3,7,0,,,,9.9999994e-08,0.0,0.0,0.0,0.0
9,4,7,0,,,,9.9999994e-08,0.0,0.0,0.0,0.0
9,5,7,0,,,,9.9999994e-08,0.0,0.0,0.0,0.0
9,6,7,0,,,,9.9999994e-08,0.0,0.0,0.0,0.0
9,7,7,0,,,,0.08688337,0.0,0.0,0.0,0.0
9,8,7,0,,,,0.72145,0.0,0.0,0.0,147.14
9,9,7,0,,,,1.4791334,0.0,0.0,0.0,171.32
9,10,7,0,,,,2.08,0.0,0.0,0.0,109.08
9,11,7,0,,,,2.5198112,0.0,0.0,0.0,179.01
9,12,7,0,,,,2.6894834,0.0,0.0,0.0,546.81
9,13,7,0,,,,2.70715,0.0,0.0,0.0,240.93
9,14,7,0,,,,2.4656,0.0,0.0,0.0,621.13
9,15,7,0,,,,2.0427167,0.0,0.0,0.0,101.72
9,16,7,0,,,,1.4180833,0.0,0.0,0.0,392.67
9,17,7,0,,,,0.6688167,0.0,0.0,0.0,103.26
9,18,7,0,,,,0.06456672,0.0,0.0,0.0,66.18
9,19,7,0,,,,9.9999994e-08,0.0,0.0,0.0,0.0
9,20,7,0,,,,9.9999994e-08,0.0,0.0,0.0,0.0
9,21,7,0,,,,9.9999994e-08,0.0,0.0,0.0,0.0
9,22,7,0,,,,9.9999994e-08,0.0,0.0,0.0,0.0
9,23,7,0,,,,9.9999994e-08,0.0,0.0,0.0,0.0
9,24,7,0,,,,9.9999994e-08,0.0,0.0,0.0,0.0
9,1,1,0,,,,9.9999994e-08,0.0,0.0,0.0,0.0
9,2,1,0,,,,9.9999994e-08,0.0,0.0,0.0,0.0
9,3,1,0,,,,9.9999994e-08,0.0,0.0,0.0,0.0
9,4,1,0,,,,9.9999994e-08,0.0,0.0,0.0,0.0
9,5,1,0,,,,9.9999994e-08,0.0,0.0,0.0,0.0
9,6,1,0,,,,9.9999994e-08,0.0,0.0,0.0,0.0
9,7,1,0,,,,0.015983379,0.0,0.0,0.0,5.75
9,8,1,0,,,,0.56668335,0.0,0.0,0.0,71.78
9,9,1,0,,,,1.31565,0.0,0.0,0.0,356.55
9,10,1,0,,,,2.0134833,0.0,0.0,0.0,526.84
9,11,1,0,,,,2.3252168,0.0,0.0,0.0,560.03
9,12,1,0,,,,1.9580333,0.0,0.0,0.0,348.54
9,13,1,0,,,,0.58288336,0.0,0.0,0.0,240.91
9,14,1,0,,,,0.80326664,0.0,0.0,0.0,289.58
9,15,1,0,,,,0.3717,0.0,0.0,0.0,429.3
9,16,1,0,,,,0.18036667,0.0,0.0,0.0,290.98
9,17,1,0,,,,0.11365,0.0,0.0,0.0,260.67
9,18,1,0,,,,0.07670005,0.0,0.0,0.0,62.16
9,19,1,0,,,,9.9999994e-08,0.0,0.0,0.0,0.0
9,20,1,0,,,,9.9999994e-08,0.0,0.0,0.0,0.0
9,21,1,0,,,,9.9999994e-08,0.0,0.0,0.0,0.0
9,22,1,0,,,,9.9999994e-08,0.0,0.0,0.0,0.0
9,23,1,0,,,,9.9999994e-08,0.0,0.0,0.0,0.0
9,24,1,0,,,,9.9999994e-08,0.0,0.0,0.0,0.0
9,1,2,0,,,,9.9999994e-08,0.0,0.0,0.0,0.0
9,2,2,0,,,,9.9999994e-08,0.0,0.0,0.0,0.0
9,3,2,0,,,,9.9999994e-08,0.0,0.0,0.0,0.0
9,4,2,0,,,,9.9999994e-08,0.0,0.0,0.0,0.0
9,5,2,0,,,,9.9999994e-08,0.0,0.0,0.0,0.0
9,6,2,0,,,,9.9999994e-08,0.0,0.0,0.0,0.0
9,7,2,0,,,,0.026400058,0.0,0.0,0.0,0.0
9,8,2,0,,,,0.49526668,0.0,0.0,0.0,26.79
9,9,2,0,,,,0.68728334,0.0,0.0,0.0,121.4
9,10,2,0,,,,1.2403166,0.0,0.0,0.0,226.42
9,11,2,0,,,,0.60836667,0.0,0.0,0.0,372.58
9,12,2,0,,,,0.6953833,0.0,0.0,0.0,447.1
9,13,2,0,,,,0.45213333,0.0,0.0,0.0,595.9
9,14,2,0,,,,0.36903334,0.0,0.0,0.0,158.7
9,15,2,0,,,,0.16656667,0.0,0.0,0.0,46.22
9,16,2,0,,,,0.22563334,0.0,0.0,0.0,78.32
9,17,2,0,,,,0.66345,0.0,0.0,0.0,138.78
9,18,2,0,,,,0.042766735,0.0,0.0,0.0,31.03
9,19,2,0,,,,9.9999994e-08,0.0,0.0,0.0,0.0
9,20,2,0,,,,9.9999994e-08,0.0,0.0,0.0,0.0
9,21,2,0,,,,9.9999994e-08,0.0,0.0,0.0,0.0
9,22,2,0,,,,9.9999994e-08,0.0,0.0,0.0,0.0
9,23,2,0,,,,9.9999994e-08,0.0,0.0,0.0,0.0
9,24,2,0,,,,9.9999994e-08,0.0,0.0,0.0,0.0
9,1,3,0,,,,9.9999994e-08,0.0,0.0,0.0,0.0
9,2,3,0,,,,9.9999994e-08,0.0,0.0,0.0,0.0
9,3,3,0,,,,9.9999994e-08,0.0,0.0,0.0,0.0
9,4,3,0,,,,9.9999994e-08,0.0,0.0,0.0,0.0
9,5,3,0,,,,9.9999994e-08,0.0,0.0,0.0,0.0
9,6,3,0,,,,9.9999994e-08,0.0,0.0,0.0,0.0
9,7,3,0,,,,0.043500043,0.0,0.0,0.0,1.17
9,8,3,0,,,,0.47598332,0.0,0.0,0.0,123.54
9,9,3,0,,,,1.1543833,0.0,0.0,0.0,417.59
9,10,3,0,,,,1.3094333,0.0,0.0,0.0,577.66
9,11,3,0,,,,2.4948666,0.0,0.0,0.0,658.48
9,12,3,0,,,,2.4145668,0.0,0.0,0.0,756.22
9,13,3,0,,,,1.9235166,0.0,0.0,0.0,775.81
9,14,3,0,,,,2.0839667,0.0,0.0,0.0,700.16
9,15,3,0,,,,1.54035,0.0,0.0,0.0,350.85
9,16,3,0,,,,1.1062334,0.0,0.0,0.0,64.23
9,17,3,0,,,,0.40833333,0.0,0.0,0.0,49.59
9,18,3,0,,,,0.001600085,0.0,0.0,0.0,24.54
9,19,3,0,,,,9.9999994e-08,0.0,0.0,0.0,0.0
9,20,3,0,,,,9.9999994e-08,0.0,0.0,0.0,0.0
9,21,3,0,,,,9.9999994e-08,0.0,0.0,0.0,0.0
9,22,3,0,,,,9.9999994e-08,0.0,0.0,0.0,0.0
9,23,3,0,,,,9.9999994e-08,0.0,0.0,0.0,0.0
9,24,3,0,,,,9.9999994e-08,0.0,0.0,0.0,0.0
9,1,4,0,,,,9.9999994e-08,0.0,0.0,0.0,0.0
9,2,4,0,,,,9.9999994e-08,0.0,0.0,0.0,0.0
9,3,4,0,,,,9.9999994e-08,0.0,0.0,0.0,0.0
9,4,4,0,,,,9.9999994e-08,0.0,0.0,0.0,0.0
9,5,4,0,,,,9.9999994e-08,0.0,0.0,0.0,0.0
9,6,4,0,,,,9.9999994e-08,0.0,0.0,0.0,0.0
9,7,4,0,,,,0.012183405,0.0,0.0,0.0,0.0
9,8,4,0,,,,0.23950002,0.0,0.0,0.0,25.38
9,9,4,0,,,,0.9624,0.0,0.0,0.0,57.71
9,10,4,0,,,,1.7525333,0.0,0.0,0.0,90.7
9,11,4,0,,,,2.4151332,0.0,0.0,0.0,121.06
9,12,4,0,,,,2.3559167,0.0,0.0,0.0,180.22
9,13,4,0,,,,2.0787,0.0,0.0,0.0,69.67
9,14,4,0,,,,2.3698666,0.0,0.0,0.0,293.18
9,15,4,0,,,,1.85325,0.0,0.0,0.0,293.49
9,16,4,0,,,,0.098100014,0.0,0.0,0.0,310.96
9,17,4,0,,,,0.07170003,0.0,0.0,0.0,201.65
9,18,4,0,,,,0.00526676,0.0,0.0,0.0,45.19
9,19,4,0,,,,9.9999994e-08,0.0,0.0,0.0,0.0
9,20,4,0,,,,9.9999994e-08,0.0,0.0,0.0,0.0
9,21,4,0,,,,9.9999994e-08,0.0,0.0,0.0,0.0
9,22,4,0,,,,9.9999994e-08,0.0,0.0,0.0,0.0
9,23,4,0,,,,9.9999994e-08,0.0,0.0,0.0,0.0
9,24,4,0,,,,9.9999994e-08,0.0,0.0,0.0,0.0
9,1,5,0,,,,9.9999994e-08,0.0,0.0,0.0,0.0
9,2,5,0,,,,9.9999994e-08,0.0,0.0,0.0,0.0
9,3,5,0,,,,9.9999994e-08,0.0,0.0,0.0,0.0
9,4,5,0,,,,9.9999994e-08,0.0,0.0,0.0,0.0
9,5,5,0,,,,9.9999994e-08,0.0,0.0,0.0,0.0
9,6,5,0,,,,9.9999994e-08,0.0,0.0,0.0,0.0
9,7,5,0,,,,0.060100045,0.0,0.0,0.0,0.0
9,8,5,0,,,,0.5913,0.0,0.0,0.0,26.67
9,9,5,0,,,,1.3886334,0.0,0.0,0.0,76.42
9,10,5,0,,,,2.1076834,0.0,0.0,0.0,307.88
9,11,5,0,,,,2.5668666,0.0,0.0,0.0,482.41
9,12,5,0,,,,2.8402667,0.0,0.0,0.0,707.2
9,13,5,0,,,,2.82315,0.0,0.0,0.0,764.12
9,14,5,0,,,,2.5739834,0.0,0.0,0.0,690.11
9,15,5,0,,,,1.8218334,0.0,0.0,0.0,547.95
9,16,5,0,,,,1.4572834,0.0,0.0,0.0,426.19
9,17,5,0,,,,0.4205,0.0,0.0,0.0,236.65
9,18,5,0,,,,0.038283397,0.0,0.0,0.0,46.17
9,19,5,0,,,,9.9999994e-08,0.0,0.0,0.0,0.0
9,20,5,0,,,,9.9999994e-08,0.0,0.0,0.0,0.0
9,21,5,0,,,,9.9999994e-08,0.0,0.0,0.0,0.0
9,22,5,0,,,,9.9999994e-08,0.0,0.0,0.0,0.0
9,23,5,0,,,,9.9999994e-08,0.0,0.0,0.0,0.0
9,24,5,0,,,,9.9999994e-08,0.0,0.0,0.0,0.0
9,1,6,0,,,,9.9999994e-08,0.0,0.0,0.0,0.0
9,2,6,0,,,,9.9999994e-08,0.0,0.0,0.0,0.0
9,3,6,0,,,,9.9999994e-08,0.0,0.0,0.0,0.0
9,4,6,0,,,,9.9999994e-08,0.0,0.0,0.0,0.0
9,5,6,0,,,,9.9999994e-08,0.0,0.0,0.0,0.0
9,6,6,0,,,,9.9999994e-08,0.0,0.0,0.0,0.0
9,7,6,0,,,,0.06310005,0.0,0.0,0.0,5.67
9,8,6,0,,,,0.6661,0.0,0.0,0.0,199.07
9,9,6,0,,,,1.4513834,0.0,0.0,0.0,430.43
9,10,6,0,,,,2.1120334,0.0,0.0,0.0,598.82
9,11,6,0,,,,2.58615,0.0,0.0,0.0,703.61
9,12,6,0,,,,2.8389,0.0,0.0,0.0,756.32
9,13,6,0,,,,2.8182333,0.0,0.0,0.0,747.81
9,14,6,0,,,,2.5676334,0.0,0.0,0.0,634.34
9,15,6,0,,,,2.0925333,0.0,0.0,0.0,554.24
9,16,6,0,,,,1.4234084,0.0,0.0,0.0,433.91
9,17,6,0,,,,0.6336167,0.0,0.0,0.0,234.51
9,18,6,0,,,,0.044766728,0.0,0.0,0.0,41.22
9,19,6,0,,,,9.9999994e-08,0.0,0.0,0.0,0.0
9,20,6,0,,,,9.9999994e-08,0.0,0.0,0.0,0.0
9,21,6,0,,,,9.9999994e-08,0.0,0.0,0.0,0.0
9,22,6,0,,,,9.9999994e-08,0.0,0.0,0.0,0.0
9,23,6,0,,,,9.9999994e-08,0.0,0.0,0.0,0.0
9,24,6,0,,,,9.9999994e-08,0.0,0.0,0.0,0.0
9,1,7,0,,,,9.9999994e-08,0.0,0.0,0.0,0.0
9,2,7,0,,,,9.9999994e-08,0.0,0.0,0.0,0.0
9,3,7,0,,,,9.9999994e-08,0.0,0.0,0.0,0.0
9,4,7,0,,,,9.9999994e-08,0.0,0.0,0.0,0.0
9,5,7,0,,,,9.9999994e-08,0.0,0.0,0.0,0.0
9,6,7,0,,,,9.9999994e-08,0.0,0.0,0.0,0.0
9,7,7,0,,,,0.07923338,0.0,0.0,0.0,0.0
9,8,7,0,,,,0.70745,0.0,0.0,0.0,86.08
9,9,7,0,,,,1.4909333,0.0,0.0,0.0,302.08
9,10,7,0,,,,2.1892667,0.0,0.0,0.0,302.25
9,11,7,0,,,,2.6536,0.0,0.0,0.0,190.39
9,12,7,0,,,,2.8741834,0.0,0.0,0.0,522.38
9,13,7,0,,,,2.8826168,0.0,0.0,0.0,281.39
9,14,7,0,,,,2.6470833,0.0,0.0,0.0,167.7
9,15,7,0,,,,2.1368,0.0,0.0,0.0,164.79
9,16,7,0,,,,1.4496334,0.0,0.0,0.0,17.33
9,17,7,0,,,,0.6454,0.0,0.0,0.0,6.07
9,18,7,0,,,,0.041183397,0.0,0.0,0.0,25.0
9,19,7,0,,,,9.9999994e-08,0.0,0.0,0.0,0.0
9,20,7,0,,,,9.9999994e-08,0.0,0.0,0.0,0.0
9,21,7,0,,,,9.9999994e-08,0.0,0.0,0.0,0.0
9,22,7,0,,,,9.9999994e-08,0.0,0.0,0.0,0.0
9,23,7,0,,,,9.9999994e-08,0.0,0.0,0.0,0.0
9,24,7,0,,,,9.9999994e-08,0.0,0.0,0.0,0.0
9,1,1,0,,,,9.9999994e-08,0.0,0.0,0.0,0.0
9,2,1,0,,,,9.9999994e-08,0.0,0.0,0.0,0.0
9,3,1,0,,,,9.9999994e-08,0.0,0.0,0.0,0.0
9,4,1,0,,,,9.9999994e-08,0.0,0.0,0.0,0.0
9,5,1,0,,,,9.9999994e-08,0.0,0.0,0.0,0.0
9,6,1,0,,,,9.9999994e-08,0.0,0.0,0.0,0.0
9,7,1,0,,,,0.077450044,0.0,0.0,0.0,0.0
9,8,1,0,,,,0.7014,0.0,0.0,0.0,13.0
9,9,1,0,,,,1.4687,0.0,0.0,0.0,33.24
9,10,1,0,,,,2.1247833,0.0,0.0,0.0,95.16
9,11,1,0,,,,2.5802,0.0,0.0,0.0,126.57
9,12,1,0,,,,2.7992666,0.0,0.0,0.0,138.28
9,13,1,0,,,,2.7668834,0.0,0.0,0.0,83.28
9,14,1,0,,,,2.5247333,0.0,0.0,0.0,69.15
9,15,1,0,,,,2.1441,0.0,0.0,0.0,30.73
9,16,1,0,,,,1.4192166,0.0,0.0,0.0,13.8
9,17,1,0,,,,0.63173336,0.0,0.0,0.0,8.06
9,18,1,0,,,,0.02056675,0.0,0.0,0.0,0.0
9,19,1,0,,,,9.9999994e-08,0.0,0.0,0.0,0.0
9,20,1,0,,,,9.9999994e-08,0.0,0.0,0.0,0.0
9,21,1,0,,,,9.9999994e-08,0.0,0.0,0.0,0.0
9,22,1,0,,,,9.9999994e-08,0.0,0.0,0.0,0.0
9,23,1,0,,,,9.9999994e-08,0.0,0.0,0.0,0.0
9,24,1,0,,,,9.9999994e-08,0.0,0.0,0.0,0.0
9,1,2,0,,,,9.9999994e-08,0.0,0.0,0.0,0.0
9,2,2,0,,,,9.9999994e-08,0.0,0.0,0.0,0.0
9,3,2,0,,,,9.9999994e-08,0.0,0.0,0.0,0.0
9,4,2,0,,,,9.9999994e-08,0.0,0.0,0.0,0.0
9,5,2,0,,,,9.9999994e-08,0.0,0.0,0.0,0.0
9,6,2,0,,,,9.9999994e-08,0.0,0.0,0.0,0.0
9,7,2,0,,,,0.069483384,0.0,0.0,0.0,0.0
9,8,2,0,,,,0.40140834,0.0,0.0,0.0,17.19
9,9,2,0,,,,0.7776667,0.0,0.0,0.0,38.95
9,10,2,0,,,,1.5934334,0.0,0.0,0.0,66.71
9,11,2,0,,,,2.12715,0.0,0.0,0.0,91.91
9,12,2,0,,,,2.8935168,0.0,0.0,0.0,75.06
9,13,2,0,,,,2.7537832,0.0,0.0,0.0,59.21
9,14,2,0,,,,1.7745833,0.0,0.0,0.0,45.23
9,15,2,0,,,,1.4021833,0.0,0.0,0.0,30.32
9,16,2,0,,,,0.45898333,0.0,0.0,0.0,33.22
9,17,2,0,,,,0.28203332,0.0,0.0,0.0,15.57
9,18,2,0,,,,0.01226674,0.0,0.0,0.0,4.01
9,19,2,0,,,,9.9999994e-08,0.0,0.0,0.0,0.0
9,20,2,0,,,,9.9999994e-08,0.0,0.0,0.0,0.0
9,21,2,0,,,,9.9999994e-08,0.0,0.0,0.0,0.0
9,22,2,0,,,,9.9999994e-08,0.0,0.0,0.0,0.0
9,23,2,0,,,,9.9999994e-08,0.0,0.0,0.0,0.0
9,24,2,0,,,,9.9999994e-08,0.0,0.0,0.0,0.0
9,1,3,0,,,,9.9999994e-08,0.0,0.0,0.0,0.0
9,2,3,0,,,,9.9999994e-08,0.0,0.0,0.0,0.0
9,3,3,0,,,,9.9999994e-08,0.0,0.0,0.0,0.0
9,4,3,0,,,,9.9999994e-08,0.0,0.0,0.0,0.0
9,5,3,0,,,,9.9999994e-08,0.0,0.0,0.0,0.0
9,6,3,0,,,,9.9999994e-08,0.0,0.0,0.0,0.0
9,7,3,0,,,,0.0890806,0.0,0.0,0.0,0.0
9,8,3,0,,,,0.7675167,0.0,0.0,0.0,20.66
9,9,3,0,,,,1.4636084,0.0,0.0,0.0,170.37
9,10,3,0,,,,2.0067,0.0,0.0,0.0,533.29
9,11,3,0,,,,2.2107,0.0,0.0,0.0,583.05
9,12,3,0,,,,1.9041166,0.0,0.0,0.0,672.18
9,13,3,0,,,,1.9515,0.0,0.0,0.0,697.42
9,14,3,0,,,,1.1872667,0.0,0.0,0.0,390.29
9,15,3,0,,,,1.8499833,0.0,0.0,0.0,211.31
9,16,3,0,,,,0.85835,0.0,0.0,0.0,81.01
9,17,3,0,,,,0.009000083,0.0,0.0,0.0,81.15
9,18,3,0,,,,0.00020009834,0.0,0.0,0.0,8.74
9,19,3,0,,,,9.9999994e-08,0.0,0.0,0.0,0.0
9,20,3,0,,,,9.9999994e-08,0.0,0.0,0.0,0.0
9,21,3,0,,,,9.9999994e-08,0.0,0.0,0.0,0.0
9,22,3,0,,,,9.9999994e-08,0.0,0.0,0.0,0.0
9,23,3,0,,,,9.9999994e-08,0.0,0.0,0.0,0.0
9,24,3,0,,,,9.9999994e-08,0.0,0.0,0.0,0.0
9,1,4,0,,,,9.9999994e-08,0.0,0.0,0.0,0.0
9,2,4,0,,,,9.9999994e-08,0.0,0.0,0.0,0.0
9,3,4,0,,,,9.9999994e-08,0.0,0.0,0.0,0.0
9,4,4,0,,,,9.9999994e-08,0.0,0.0,0.0,0.0
9,5,4,0,,,,9.9999994e-08,0.0,0.0,0.0,0.0
9,6,4,0,,,,9.9999994e-08,0.0,0.0,0.0,0.0
9,7,4,0,,,,0.11030004,0.0,0.0,0.0,0.0
9,8,4,0,,,,0.8692833,0.0,0.0,0.0,25.3
9,9,4,0,,,,1.6894166,0.0,0.0,0.0,193.94
9,10,4,0,,,,2.31335,0.0,0.0,0.0,138.42
9,11,4,0,,,,2.7655,0.0,0.0,0.0,255.02
9,12,4,0,,,,2.9889333,0.0,0.0,0.0,351.88
9,13,4,0,,,,2.9979668,0.0,0.0,0.0,556.18
9,14,4,0,,,,2.1224167,0.0,0.0,0.0,394.74
9,15,4,0,,,,2.0699167,0.0,0.0,0.0,365.55
9,16,4,0,,,,1.4527167,0.0,0.0,0.0,281.16
9,17,4,0,,,,0.28228334,0.0,0.0,0.0,157.97
9,18,4,0,,,,0.016983412,0.0,0.0,0.0,8.15
9,19,4,0,,,,9.9999994e-08,0.0,0.0,0.0,0.0
9,20,4,0,,,,9.9999994e-08,0.0,0.0,0.0,0.0
9,21,4,0,,,,9.9999994e-08,0.0,0.0,0.0,0.0
9,22,4,0,,,,9.9999994e-08,0.0,0.0,0.0,0.0
9,23,4,0,,,,9.9999994e-08,0.0,0.0,0.0,0.0
9,24,4,0,,,,9.9999994e-08,0.0,0.0,0.0,0.0
9,1,5,0,,,,9.9999994e-08,0.0,0.0,0.0,0.0
9,2,5,0,,,,9.9999994e-08,0.0,0.0,0.0,0.0
9,3,5,0,,,,9.9999994e-08,0.0,0.0,0.0,0.0
9,4,5,0,,,,9.9999994e-08,0.0,0.0,0.0,0.0
9,5,5,0,,,,9.9999994e-08,0.0,0.0,0.0,0.0
9,6,5,0,,,,9.9999994e-08,0.0,0.0,0.0,0.0
9,7,5,0,,,,0.111233376,0.0,0.0,0.0,0.0
9,8,5,0,,,,0.8802722,0.0,0.0,0.0,65.96
9,9,5,0,,,,1.7269833,0.0,0.0,0.0,270.75
9,10,5,0,,,,2.3510666,0.0,0.0,0.0,122.3
9,11,5,0,,,,2.7931166,0.0,0.0,0.0,136.97
9,12,5,0,,,,3.0095,0.0,0.0,0.0,156.26
9,13,5,0,,,,3.0249333,0.0,0.0,0.0,266.71
9,14,5,0,,,,2.77695,0.0,0.0,0.0,306.09
9,15,5,0,,,,2.28285,0.0,0.0,0.0,119.28
9,16,5,0,,,,1.5798666,0.0,0.0,0.0,48.76
9,17,5,0,,,,0.7096,0.0,0.0,0.0,16.92
9,18,5,0,,,,0.03390007,0.0,0.0,0.0,6.89
9,19,5,0,,,,9.9999994e-08,0.0,0.0,0.0,0.0
9,20,5,0,,,,9.9999994e-08,0.0,0.0,0.0,0.0
9,21,5,0,,,,9.9999994e-08,0.0,0.0,0.0,0.0
9,22,5,0,,,,9.9999994e-08,0.0,0.0,0.0,0.0
9,23,5,0,,,,9.9999994e-08,0.0,0.0,0.0,0.0
9,24,5,0,,,,9.9999994e-08,0.0,0.0,0.0,0.0
10,1,6,0,,,,9.9999994e-08,0.0,0.0,0.0,0.0
10,2,6,0,,,,9.9999994e-08,0.0,0.0,0.0,0.0
10,3,6,0,,,,9.9999994e-08,0.0,0.0,0.0,0.0
10,4,6,0,,,,9.9999994e-08,0.0,0.0,0.0,0.0
10,5,6,0,,,,9.9999994e-08,0.0,0.0,0.0,0.0
10,6,6,0,,,,9.9999994e-08,0.0,0.0,0.0,0.0
10,7,6,0,,,,0.09648338,0.0,0.0,0.0,0.0
10,8,6,0,,,,0.8563667,0.0,0.0,0.0,50.37
10,9,6,0,,,,1.6971834,0.0,0.0,0.0,96.3
10,10,6,0,,,,2.3622084,0.0,0.0,0.0,127.46
10,11,6,0,,,,2.8318,0.0,0.0,0.0,195.39
10,12,6,0,,,,3.09055,0.0,0.0,0.0,173.02
10,13,6,0,,,,3.1116,0.0,0.0,0.0,419.71
10,14,6,0,,,,2.89175,0.0,0.0,0.0,531.01
10,15,6,0,,,,2.3875167,0.0,0.0,0.0,112.98
10,16,6,0,,,,1.6440834,0.0,0.0,0.0,326.63
10,17,6,0,,,,0.72943336,0.0,0.0,0.0,208.36
10,18,6,0,,,,0.033866737,0.0,0.0,0.0,5.5
10,19,6,0,,,,9.9999994e-08,0.0,0.0,0.0,0.0
10,20,6,0,,,,9.9999994e-08,0.0,0.0,0.0,0.0
10,21,6,0,,,,9.9999994e-08,0.0,0.0,0.0,0.0
10,22,6,0,,,,9.9999994e-08,0.0,0.0,0.0,0.0
10,23,6,0,,,,9.9999994e-08,0.0,0.0,0.0,0.0
10,24,6,0,,,,9.9999994e-08,0.0,0.0,0.0,0.0
10,1,7,0,,,,9.9999994e-08,0.0,0.0,0.0,0.0
10,2,7,0,,,,9.9999994e-08,0.0,0.0,0.0,0.0
10,3,7,0,,,,9.9999994e-08,0.0,0.0,0.0,0.0
10,4,7,0,,,,9.9999994e-08,0.0,0.0,0.0,0.0
10,5,7,0,,,,9.9999994e-08,0.0,0.0,0.0,0.0
10,6,7,0,,,,9.9999994e-08,0.0,0.0,0.0,0.0
10,7,7,0,,,,0.09110005,0.0,0.0,0.0,0.0
10,8,7,0,,,,0.8796333,0.0,0.0,0.0,172.47
10,9,7,0,,,,1.7554166,0.0,0.0,0.0,391.49
10,10,7,0,,,,2.4266834,0.0,0.0,0.0,565.22
10,11,7,0,,,,2.8873,0.0,0.0,0.0,679.34
10,12,7,0,,,,3.1367,0.0,0.0,0.0,728.94
10,13,7,0,,,,3.1332333,0.0,0.0,0.0,718.99
10,14,7,0,,,,2.8955166,0.0,0.0,0.0,654.68
10,15,7,0,,,,2.4033666,0.0,0.0,0.0,513.91
10,16,7,0,,,,1.6215833,0.0,0.0,0.0,383.48
10,17,7,0,,,,0.65998334,0.0,0.0,0.0,179.62
10,18,7,0,,,,0.012600085,0.0,0.0,0.0,3.85
10,19,7,0,,,,9.9999994e-08,0.0,0.0,0.0,0.0
10,20,7,0,,,,9.9999994e-08,0.0,0.0,0.0,0.0
10,21,7,0,,,,9.9999994e-08,0.0,0.0,0.0,0.0
10,22,7,0,,,,9.9999994e-08,0.0,0.0,0.0,0.0
10,23,7,0,,,,9.9999994e-08,0.0,0.0,0.0,0.0
10,24,7,0,,,,9.9999994e-08,0.0,0.0,0.0,0.0
10,1,1,0,,,,9.9999994e-08,0.0,0.0,0.0,0.0
10,2,1,0,,,,9.9999994e-08,0.0,0.0,0.0,0.0
10,3,1,0,,,,9.9999994e-08,0.0,0.0,0.0,0.0
10,4,1,0,,,,9.9999994e-08,0.0,0.0,0.0,0.0
10,5,1,0,,,,9.9999994e-08,0.0,0.0,0.0,0.0
10,6,1,0,,,,9.9999994e-08,0.0,0.0,0.0,0.0
10,7,1,0,,,,0.085966714,0.0,0.0,0.0,0.0
10,8,1,0,,,,0.6823,0.0,0.0,0.0,52.49
10,9,1,0,,,,1.3113917,0.0,0.0,0.0,150.52
10,10,1,0,,,,2.3244834,0.0,0.0,0.0,222.14
10,11,1,0,,,,2.82635,0.0,0.0,0.0,584.08
10,12,1,0,,,,3.0557,0.0,0.0,0.0,654.72
10,13,1,0,,,,3.0453832,0.0,0.0,0.0,689.95
10,14,1,0,,,,2.7829666,0.0,0.0,0.0,648.48
10,15,1,0,,,,2.2572834,0.0,0.0,0.0,516.37
10,16,1,0,,,,1.4975333,0.0,0.0,0.0,225.79
10,17,1,0,,,,0.55216664,0.0,0.0,0.0,173.69
10,18,1,0,,,,0.00553342,0.0,0.0,0.0,3.33
10,19,1,0,,,,9.9999994e-08,0.0,0.0,0.0,0.0
10,20,1,0,,,,9.9999994e-08,0.0,0.0,0.0,0.0
10,21,1,0,,,,9.9999994e-08,0.0,0.0,0.0,0.0
10,22,1,0,,,,9.9999994e-08,0.0,0.0,0.0,0.0
10,23,1,0,,,,9.9999994e-08,0.0,0.0,0.0,0.0
10,24,1,0,,,,9.9999994e-08,0.0,0.0,0.0,0.0
10,1,2,0,,,,9.9999994e-08,0.0,0.0,0.0,0.0
10,2,2,0,,,,9.9999994e-08,0.0,0.0,0.0,0.0
10,3,2,0,,,,9.9999994e-08,0.0,0.0,0.0,0.0
10,4,2,0,,,,9.9999994e-08,0.0,0.0,0.0,0.0
10,5,2,0,,,,9.9999994e-08,0.0,0.0,0.0,0.0
10,6,2,0,,,,9.9999994e-08,0.0,0.0,0.0,0.0
10,7,2,0,,,,0.08490005,0.0,0.0,0.0,0.0
10,8,2,0,,,,0.84068334,0.0,0.0,0.0,9.35
10,9,2,0,,,,1.6890167,0.0,0.0,0.0,48.36
10,10,2,0,,,,2.3002334,0.0,0.0,0.0,131.92
10,11,2,0,,,,2.6487334,0.0,0.0,0.0,135.9
10,12,2,0,,,,3.0027168,0.0,0.0,0.0,157.64
10,13,2,0,,,,2.9612334,0.0,0.0,0.0,285.53
10,14,2,0,,,,2.6989334,0.0,0.0,0.0,249.81
10,15,2,0,,,,2.1804833,0.0,0.0,0.0,153.11
10,16,2,0,,,,1.4596,0.0,0.0,0.0,48.65
10,17,2,0,,,,0.54118335,0.0,0.0,0.0,23.33
10,18,2,0,,,,0.0044000866,0.0,0.0,0.0,0.0
10,19,2,0,,,,9.9999994e-08,0.0,0.0,0.0,0.0
10,20,2,0,,,,9.9999994e-08,0.0,0.0,0.0,0.0
10,21,2,0,,,,9.9999994e-08,0.0,0.0,0.0,0.0
10,22,2,0,,,,9.9999994e-08,0.0,0.0,0.0,0.0
10,23,2,0,,,,9.9999994e-08,0.0,0.0,0.0,0.0
10,24,2,0,,,,9.9999994e-08,0.0,0.0,0.0,0.0
10,1,3,0,,,,9.9999994e-08,0.0,0.0,0.0,0.0
10,2,3,0,,,,9.9999994e-08,0.0,0.0,0.0,0.0
10,3,3,0,,,,9.9999994e-08,0.0,0.0,0.0,0.0
10,4,3,0,,,,9.9999994e-08,0.0,0.0,0.0,0.0
10,5,3,0,,,,9.9999994e-08,0.0,0.0,0.0,0.0
10,6,3,0,,,,9.9999994e-08,0.0,0.0,0.0,0.0
10,7,3,0,,,,0.10230004,0.0,0.0,0.0,0.0
10,8,3,0,,,,0.48553333,0.0,0.0,0.0,6.97
10,9,3,0,,,,1.32665,0.0,0.0,0.0,88.99
10,10,3,0,,,,2.0738666,0.0,0.0,0.0,214.96
10,11,3,0,,,,2.4788,0.0,0.0,0.0,228.66
10,12,3,0,,,,3.0853,0.0,0.0,0.0,184.34
10,13,3,0,,,,3.0405333,0.0,0.0,0.0,115.39
10,14,3,0,,,,2.7101333,0.0,0.0,0.0,188.08
10,15,3,0,,,,2.2186167,0.0,0.0,0.0,42.57
10,16,3,0,,,,1.4611,0.0,0.0,0.0,81.2
10,17,3,0,,,,0.43826666,0.0,0.0,0.0,78.79
10,18,3,0,,,,0.00060009834,0.0,0.0,0.0,0.0
10,19,3,0,,,,9.9999994e-08,0.0,0.0,0.0,0.0
10,20,3,0,,,,9.9999994e-08,0.0,0.0,0.0,0.0
10,21,3,0,,,,9.9999994e-08,0.0,0.0,0.0,0.0
10,22,3,0,,,,9.9999994e-08,0.0,0.0,0.0,0.0
10,23,3,0,,,,9.9999994e-08,0.0,0.0,0.0,0.0
10,24,3,0,,,,9.9999994e-08,0.0,0.0,0.0,0.0
10,1,4,0,,,,9.9999994e-08,0.0,0.0,0.0,0.0
10,2,4,0,,,,9.9999994e-08,0.0,0.0,0.0,0.0
10,3,4,0,,,,9.9999994e-08,0.0,0.0,0.0,0.0
10,4,4,0,,,,9.9999994e-08,0.0,0.0,0.0,0.0
10,5,4,0,,,,9.9999994e-08,0.0,0.0,0.0,0.0
10,6,4,0,,,,9.9999994e-08,0.0,0.0,0.0,0.0
10,7,4,0,,,,0.08293339,0.0,0.0,0.0,0.0
10,8,4,0,,,,0.846,0.0,0.0,0.0,49.62
10,9,4,0,,,,1.7465167,0.0,0.0,0.0,59.34
10,10,4,0,,,,2.4725833,0.0,0.0,0.0,295.7
10,11,4,0,,,,2.7155166,0.0,0.0,0.0,435.19
10,12,4,0,,,,3.1415167,0.0,0.0,0.0,385.39
10,13,4,0,,,,3.10295,0.0,0.0,0.0,458.96
10,14,4,0,,,,2.8540168,0.0,0.0,0.0,66.45
10,15,4,0,,,,2.3127666,0.0,0.0,0.0,48.39
10,16,4,0,,,,1.5543667,0.0,0.0,0.0,130.51
10,17,4,0,,,,0.6167667,0.0,0.0,0.0,56.86
10,18,4,0,,,,0.011650082,0.0,0.0,0.0,0.0
10,19,4,0,,,,9.9999994e-08,0.0,0.0,0.0,0.0
10,20,4,0,,,,9.9999994e-08,0.0,0.0,0.0,0.0
10,21,4,0,,,,9.9999994e-08,0.0,0.0,0.0,0.0
10,22,4,0,,,,9.9999994e-08,0.0,0.0,0.0,0.0
10,23,4,0,,,,9.9999994e-08,0.0,0.0,0.0,0.0
10,24,4,0,,,,9.9999994e-08,0.0,0.0,0.0,0.0
10,1,5,0,,,,9.9999994e-08,0.0,0.0,0.0,0.0
10,2,5,0,,,,9.9999994e-08,0.0,0.0,0.0,0.0
10,3,5,0,,,,9.9999994e-08,0.0,0.0,0.0,0.0
10,4,5,0,,,,9.9999994e-08,0.0,0.0,0.0,0.0
10,5,5,0,,,,9.9999994e-08,0.0,0.0,0.0,0.0
10,6,5,0,,,,9.9999994e-08,0.0,0.0,0.0,0.0
10,7,5,0,,,,0.08936671,0.0,0.0,0.0,0.0
10,8,5,0,,,,0.92333335,0.0,0.0,0.0,146.36
10,9,5,0,,,,1.77415,0.0,0.0,0.0,398.4
10,10,5,0,,,,2.4686,0.0,0.0,0.0,576.24
10,11,5,0,,,,2.7953167,0.0,0.0,0.0,567.32
10,12,5,0,,,,2.70165,0.0,0.0,0.0,298.56
10,13,5,0,,,,2.8160167,0.0,0.0,0.0,87.98
10,14,5,0,,,,2.3565333,0.0,0.0,0.0,105.09
10,15,5,0,,,,2.2323666,0.0,0.0,0.0,21.1
10,16,5,0,,,,1.4465,0.0,0.0,0.0,80.85
10,17,5,0,,,,0.47598332,0.0,0.0,0.0,22.54
10,18,5,0,,,,0.0069834217,0.0,0.0,0.0,0.0
10,19,5,0,,,,9.9999994e-08,0.0,0.0,0.0,0.0
10,20,5,0,,,,9.9999994e-08,0.0,0.0,0.0,0.0
10,21,5,0,,,,9.9999994e-08,0.0,0.0,0.0,0.0
10,22,5,0,,,,9.9999994e-08,0.0,0.0,0.0,0.0
10,23,5,0,,,,9.9999994e-08,0.0,0.0,0.0,0.0
10,24,5,0,,,,9.9999994e-08,0.0,0.0,0.0,0.0
10,1,6,0,,,,9.9999994e-08,0.0,0.0,0.0,0.0
10,2,6,0,,,,9.9999994e-08,0.0,0.0,0.0,0.0
10,3,6,0,,,,9.9999994e-08,0.0,0.0,0.0,0.0
10,4,6,0,,,,9.9999994e-08,0.0,0.0,0.0,0.0
10,5,6,0,,,,9.9999994e-08,0.0,0.0,0.0,0.0
10,6,6,0,,,,9.9999994e-08,0.0,0.0,0.0,0.0
10,7,6,0,,,,0.06508338,0.0,0.0,0.0,0.0
10,8,6,0,,,,0.85635,0.0,0.0,0.0,158.22
10,9,6,0,,,,1.7255334,0.0,0.0,0.0,379.61
10,10,6,0,,,,2.3747,0.0,0.0,0.0,584.66
10,11,6,0,,,,2.7953334,0.0,0.0,0.0,692.53
10,12,6,0,,,,3.0207167,0.0,0.0,0.0,739.81
10,13,6,0,,,,2.9833167,0.0,0.0,0.0,731.03
10,14,6,0,,,,2.52435,0.0,0.0,0.0,646.85
10,15,6,0,,,,2.2471666,0.0,0.0,0.0,429.2
10,16,6,0,,,,1.50365,0.0,0.0,0.0,180.71
10,17,6,0,,,,0.5750167,0.0,0.0,0.0,52.06
10,18,6,0,,,,0.0056000915,0.0,0.0,0.0,0.0
10,19,6,0,,,,9.9999994e-08,0.0,0.0,0.0,0.0
10,20,6,0,,,,9.9999994e-08,0.0,0.0,0.0,0.0
10,21,6,0,,,,9.9999994e-08,0.0,0.0,0.0,0.0
10,22,6,0,,,,9.9999994e-08,0.0,0.0,0.0,0.0
10,23,6,0,,,,9.9999994e-08,0.0,0.0,0.0,0.0
10,24,6,0,,,,9.9999994e-08,0.0,0.0,0.0,0.0
10,1,7,0,,,,9.9999994e-08,0.0,0.0,0.0,0.0
10,2,7,0,,,,9.9999994e-08,0.0,0.0,0.0,0.0
10,3,7,0,,,,9.9999994e-08,0.0,0.0,0.0,0.0
10,4,7,0,,,,9.9999994e-08,0.0,0.0,0.0,0.0
10,5,7,0,,,,9.9999994e-08,0.0,0.0,0.0,0.0
10,6,7,0,,,,9.9999994e-08,0.0,0.0,0.0,0.0
10,7,7,0,,,,0.10308338,0.0,0.0,0.0,0.0
10,8,7,0,,,,0.85263336,0.0,0.0,0.0,9.46
10,9,7,0,,,,1.65685,0.0,0.0,0.0,20.25
10,10,7,0,,,,2.28795,0.0,0.0,0.0,42.59
10,11,7,0,,,,2.70885,0.0,0.0,0.0,74.0
10,12,7,0,,,,2.9496667,0.0,0.0,0.0,260.71
10,13,7,0,,,,2.95715,0.0,0.0,0.0,157.12
10,14,7,0,,,,2.69195,0.0,0.0,0.0,252.93
10,15,7,0,,,,2.2078,0.0,0.0,0.0,176.64
10,16,7,0,,,,0.9199167,0.0,0.0,0.0,147.17
10,17,7,0,,,,0.20818336,0.0,0.0,0.0,188.94
10,18,7,0,,,,9.9999994e-08,0.0,0.0,0.0,0.0
10,19,7,0,,,,9.9999994e-08,0.0,0.0,0.0,0.0
10,20,7,0,,,,9.9999994e-08,0.0,0.0,0.0,0.0
10,21,7,0,,,,9.9999994e-08,0.0,0.0,0.0,0.0
10,22,7,0,,,,9.9999994e-08,0.0,0.0,0.0,0.0
10,23,7,0,,,,9.9999994e-08,0.0,0.0,0.0,0.0
10,24,7,0,,,,9.9999994e-08,0.0,0.0,0.0,0.0
10,1,1,0,,,,9.9999994e-08,0.0,0.0,0.0,0.0
10,2,1,0,,,,9.9999994e-08,0.0,0.0,0.0,0.0
10,3,1,0,,,,9.9999994e-08,0.0,0.0,0.0,0.0
10,4,1,0,,,,9.9999994e-08,0.0,0.0,0.0,0.0
10,5,1,0,,,,9.9999994e-08,0.0,0.0,0.0,0.0
10,6,1,0,,,,9.9999994e-08,0.0,0.0,0.0,0.0
10,7,1,0,,,,0.08976672,0.0,0.0,0.0,0.0
10,8,1,0,,,,0.81878334,0.0,0.0,0.0,44.1
10,9,1,0,,,,1.6455916,0.0,0.0,0.0,210.86
10,10,1,0,,,,2.3141334,0.0,0.0,0.0,318.61
10,11,1,0,,,,2.74985,0.0,0.0,0.0,67.27
10,12,1,0,,,,2.9520833,0.0,0.0,0.0,138.7
10,13,1,0,,,,2.85875,0.0,0.0,0.0,575.54
10,14,1,0,,,,2.69395,0.0,0.0,0.0,439.51
10,15,1,0,,,,2.1811666,0.0,0.0,0.0,206.71
10,16,1,0,,,,1.2601334,0.0,0.0,0.0,222.25
10,17,1,0,,,,0.51636666,0.0,0.0,0.0,70.73
10,18,1,0,,,,9.9999994e-08,0.0,0.0,0.0,0.0
10,19,1,0,,,,9.9999994e-08,0.0,0.0,0.0,0.0
10,20,1,0,,,,9.9999994e-08,0.0,0.0,0.0,0.0
10,21,1,0,,,,9.9999994e-08,0.0,0.0,0.0,0.0
10,22,1,0,,,,9.9999994e-08,0.0,0.0,0.0,0.0
10,23,1,0,,,,9.9999994e-08,0.0,0.0,0.0,0.0
10,24,1,0,,,,9.9999994e-08,0.0,0.0,0.0,0.0
10,1,2,0,,,,9.9999994e-08,0.0,0.0,0.0,0.0
10,2,2,0,,,,9.9999994e-08,0.0,0.0,0.0,0.0
10,3,2,0,,,,9.9999994e-08,0.0,0.0,0.0,0.0
10,4,2,0,,,,9.9999994e-08,0.0,0.0,0.0,0.0
10,5,2,0,,,,9.9999994e-08,0.0,0.0,0.0,0.0
10,6,2,0,,,,9.9999994e-08,0.0,0.0,0.0,0.0
10,7,2,0,,,,0.06633339,0.0,0.0,0.0,0.0
10,8,2,0,,,,0.76708335,0.0,0.0,0.0,52.18
10,9,2,0,,,,1.6021833,0.0,0.0,0.0,358.0
10,10,2,0,,,,2.2784333,0.0,0.0,0.0,523.13
10,11,2,0,,,,2.7241666,0.0,0.0,0.0,174.33
10,12,2,0,,,,2.9396167,0.0,0.0,0.0,285.71
10,13,2,0,,,,2.9484167,0.0,0.0,0.0,600.93
10,14,2,0,,,,2.7041166,0.0,0.0,0.0,64.25
10,15,2,0,,,,2.1462166,0.0,0.0,0.0,118.4
10,16,2,0,,,,1.3534334,0.0,0.0,0.0,220.51
10,17,2,0,,,,0.41276667,0.0,0.0,0.0,121.62
10,18,2,0,,,,9.9999994e-08,0.0,0.0,0.0,0.0
10,19,2,0,,,,9.9999994e-08,0.0,0.0,0.0,0.0
10,20,2,0,,,,9.9999994e-08,0.0,0.0,0.0,0.0
10,21,2,0,,,,9.9999994e-08,0.0,0.0,0.0,0.0
10,22,2,0,,,,9.9999994e-08,0.0,0.0,0.0,0.0
10,23,2,0,,,,9.9999994e-08,0.0,0.0,0.0,0.0
10,24,2,0,,,,9.9999994e-08,0.0,0.0,0.0,0.0
10,1,3,0,,,,9.9999994e-08,0.0,0.0,0.0,0.0
10,2,3,0,,,,9.9999994e-08,0.0,0.0,0.0,0.0
10,3,3,0,,,,9.9999994e-08,0.0,0.0,0.0,0.0
10,4,3,0,,,,9.9999994e-08,0.0,0.0,0.0,0.0
10,5,3,0,,,,9.9999994e-08,0.0,0.0,0.0,0.0
10,6,3,0,,,,9.9999994e-08,0.0,0.0,0.0,0.0
10,7,3,0,,,,0.026116718,0.0,0.0,0.0,0.0
10,8,3,0,,,,0.22143333,0.0,0.0,0.0,36.23
10,9,3,0,,,,0.5616,0.0,0.0,0.0,148.28
10,10,3,0,,,,0.94023335,0.0,0.0,0.0,435.32
10,11,3,0,,,,0.9899833,0.0,0.0,0.0,315.93
10,12,3,0,,,,2.70445,0.0,0.0,0.0,335.89
10,13,3,0,,,,2.9080834,0.0,0.0,0.0,308.81
10,14,3,0,,,,2.65115,0.0,0.0,0.0,154.6
10,15,3,0,,,,2.10155,0.0,0.0,0.0,209.12
10,16,3,0,,,,1.3117,0.0,0.0,0.0,134.05
10,17,3,0,,,,0.34618333,0.0,0.0,0.0,103.7
10,18,3,0,,,,9.9999994e-08,0.0,0.0,0.0,0.0
10,19,3,0,,,,9.9999994e-08,0.0,0.0,0.0,0.0
10,20,3,0,,,,9.9999994e-08,0.0,0.0,0.0,0.0
10,21,3,0,,,,9.9999994e-08,0.0,0.0,0.0,0.0
10,22,3,0,,,,9.9999994e-08,0.0,0.0,0.0,0.0
10,23,3,0,,,,9.9999994e-08,0.0,0.0,0.0,0.0
10,24,3,0,,,,9.9999994e-08,0.0,0.0,0.0,0.0
10,1,4,0,,,,9.9999994e-08,0.0,0.0,0.0,0.0
10,2,4,0,,,,9.9999994e-08,0.0,0.0,0.0,0.0
10,3,4,0,,,,9.9999994e-08,0.0,0.0,0.0,0.0
10,4,4,0,,,,9.9999994e-08,0.0,0.0,0.0,0.0
10,5,4,0,,,,9.9999994e-08,0.0,0.0,0.0,0.0
10,6,4,0,,,,9.9999994e-08,0.0,0.0,0.0,0.0
10,7,4,0,,,,0.06110006,0.0,0.0,0.0,0.0
10,8,4,0,,,,0.73385,0.0,0.0,0.0,114.19
10,9,4,0,,,,1.5706,0.0,0.0,0.0,350.64
10,10,4,0,,,,2.2441168,0.0,0.0,0.0,517.64
10,11,4,0,,,,2.6747668,0.0,0.0,0.0,621.55
10,12,4,0,,,,2.84045,0.0,0.0,0.0,695.28
10,13,4,0,,,,2.6880667,0.0,0.0,0.0,635.82
10,14,4,0,,,,2.4377,0.0,0.0,0.0,598.71
10,15,4,0,,,,1.5825,0.0,0.0,0.0,454.11
10,16,4,0,,,,1.1146667,0.0,0.0,0.0,315.62
10,17,4,0,,,,0.50125,0.0,0.0,0.0,114.08
10,18,4,0,,,,9.9999994e-08,0.0,0.0,0.0,0.0
10,19,4,0,,,,9.9999994e-08,0.0,0.0,0.0,0.0
10,20,4,0,,,,9.9999994e-08,0.0,0.0,0.0,0.0
10,21,4,0,,,,9.9999994e-08,0.0,0.0,0.0,0.0
10,22,4,0,,,,9.9999994e-08,0.0,0.0,0.0,0.0
10,23,4,0,,,,9.9999994e-08,0.0,0.0,0.0,0.0
10,24,4,0,,,,9.9999994e-08,0.0,0.0,0.0,0.0
10,1,5,0,,,,9.9999994e-08,0.0,0.0,0.0,0.0
10,2,5,0,,,,9.9999994e-08,0.0,0.0,0.0,0.0
10,3,5,0,,,,9.9999994e-08,0.0,0.0,0.0,0.0
10,4,5,0,,,,9.9999994e-08,0.0,0.0,0.0,0.0
10,5,5,0,,,,9.9999994e-08,0.0,0.0,0.0,0.0
10,6,5,0,,,,9.9999994e-08,0.0,0.0,0.0,0.0
10,7,5,0,,,,0.046850067,0.0,0.0,0.0,0.0
10,8,5,0,,,,0.7222,0.0,0.0,0.0,102.87
10,9,5,0,,,,1.52765,0.0,0.0,0.0,341.51
10,10,5,0,,,,2.19015,0.0,0.0,0.0,512.26
10,11,5,0,,,,2.609475,0.0,0.0,0.0,616.88
10,12,5,0,,,,2.8608167,0.0,0.0,0.0,689.12
10,13,5,0,,,,2.79085,0.0,0.0,0.0,667.51
10,14,5,0,,,,2.5564833,0.0,0.0,0.0,614.15
10,15,5,0,,,,1.9923834,0.0,0.0,0.0,439.55
10,16,5,0,,,,1.2186834,0.0,0.0,0.0,334.67
10,17,5,0,,,,0.35871667,0.0,0.0,0.0,113.82
10,18,5,0,,,,9.9999994e-08,0.0,0.0,0.0,0.0
10,19,5,0,,,,9.9999994e-08,0.0,0.0,0.0,0.0
10,20,5,0,,,,9.9999994e-08,0.0,0.0,0.0,0.0
10,21,5,0,,,,9.9999994e-08,0.0,0.0,0.0,0.0
10,22,5,0,,,,9.9999994e-08,0.0,0.0,0.0,0.0
10,23,5,0,,,,9.9999994e-08,0.0,0.0,0.0,0.0
10,24,5,0,,,,9.9999994e-08,0.0,0.0,0.0,0.0
10,1,6,0,,,,9.9999994e-08,0.0,0.0,0.0,0.0
10,2,6,0,,,,9.9999994e-08,0.0,0.0,0.0,0.0
10,3,6,0,,,,9.9999994e-08,0.0,0.0,0.0,0.0
10,4,6,0,,,,9.9999994e-08,0.0,0.0,0.0,0.0
10,5,6,0,,,,9.9999994e-08,0.0,0.0,0.0,0.0
10,6,6,0,,,,9.9999994e-08,0.0,0.0,0.0,0.0
10,7,6,0,,,,0.054133393,0.0,0.0,0.0,0.0
10,8,6,0,,,,0.7004667,0.0,0.0,0.0,85.12
10,9,6,0,,,,1.5093833,0.0,0.0,0.0,320.97
10,10,6,0,,,,2.17475,0.0,0.0,0.0,482.42
10,11,6,0,,,,2.6241333,0.0,0.0,0.0,587.74
10,12,6,0,,,,2.8382833,0.0,0.0,0.0,646.51
10,13,6,0,,,,2.7662168,0.0,0.0,0.0,634.19
10,14,6,0,,,,2.52695,0.0,0.0,0.0,571.79
10,15,6,0,,,,1.9852,0.0,0.0,0.0,411.3
10,16,6,0,,,,1.14785,0.0,0.0,0.0,298.94
10,17,6,0,,,,0.28023335,0.0,0.0,0.0,62.23
10,18,6,0,,,,9.9999994e-08,0.0,0.0,0.0,0.0
10,19,6,0,,,,9.9999994e-08,0.0,0.0,0.0,0.0
10,20,6,0,,,,9.9999994e-08,0.0,0.0,0.0,0.0
10,21,6,0,,,,9.9999994e-08,0.0,0.0,0.0,0.0
10,22,6,0,,,,9.9999994e-08,0.0,0.0,0.0,0.0
10,23,6,0,,,,9.9999994e-08,0.0,0.0,0.0,0.0
10,24,6,0,,,,9.9999994e-08,0.0,0.0,0.0,0.0
10,1,7,0,,,,9.9999994e-08,0.0,0.0,0.0,0.0
10,2,7,0,,,,9.9999994e-08,0.0,0.0,0.0,0.0
10,3,7,0,,,,9.9999994e-08,0.0,0.0,0.0,0.0
10,4,7,0,,,,9.9999994e-08,0.0,0.0,0.0,0.0
10,5,7,0,,,,9.9999994e-08,0.0,0.0,0.0,0.0
10,6,7,0,,,,9.9999994e-08,0.0,0.0,0.0,0.0
10,7,7,0,,,,9.9999994e-08,0.0,0.0,0.0,0.0
10,8,7,0,,,,9.9999994e-08,0.0,0.0,0.0,16.68
10,9,7,0,,,,0.00096675835,0.0,0.0,0.0,148.64
10,10,7,0,,,,0.95636666,0.0,0.0,0.0,393.03
10,11,7,0,,,,0.55396664,0.0,0.0,0.0,642.48
10,12,7,0,,,,0.98798335,0.0,0.0,0.0,706.35
10,13,7,0,,,,0.45111668,0.0,0.0,0.0,680.5
10,14,7,0,,,,0.37688333,0.0,0.0,0.0,617.35
10,15,7,0,,,,0.45368335,0.0,0.0,0.0,434.6
10,16,7,0,,,,0.18016666,0.0,0.0,0.0,312.34
10,17,7,0,,,,0.003833415,0.0,0.0,0.0,99.86
10,18,7,0,,,,9.9999994e-08,0.0,0.0,0.0,0.0
10,19,7,0,,,,9.9999994e-08,0.0,0.0,0.0,0.0
10,20,7,0,,,,9.9999994e-08,0.0,0.0,0.0,0.0
10,21,7,0,,,,9.9999994e-08,0.0,0.0,0.0,0.0
10,22,7,0,,,,9.9999994e-08,0.0,0.0,0.0,0.0
10,23,7,0,,,,9.9999994e-08,0.0,0.0,0.0,0.0
10,24,7,0,,,,9.9999994e-08,0.0,0.0,0.0,0.0
10,1,1,0,,,,9.9999994e-08,0.0,0.0,0.0,0.0
10,2,1,0,,,,9.9999994e-08,0.0,0.0,0.0,0.0
10,3,1,0,,,,9.9999994e-08,0.0,0.0,0.0,0.0
10,4,1,0,,,,9.9999994e-08,0.0,0.0,0.0,0.0
10,5,1,0,,,,9.9999994e-08,0.0,0.0,0.0,0.0
10,6,1,0,,,,9.9999994e-08,0.0,0.0,0.0,0.0
10,7,1,0,,,,9.9999994e-08,0.0,0.0,0.0,0.0
10,8,1,0,,,,9.9999994e-08,0.0,0.0,0.0,89.3
10,9,1,0,,,,0.101650015,0.0,0.0,0.0,330.58
10,10,1,0,,,,0.28748333,0.0,0.0,0.0,498.77
10,11,1,0,,,,0.062216695,0.0,0.0,0.0,617.88
10,12,1,0,,,,0.5956,0.0,0.0,0.0,683.31
10,13,1,0,,,,0.46463335,0.0,0.0,0.0,656.88
10,14,1,0,,,,0.28333333,0.0,0.0,0.0,600.06
10,15,1,0,,,,0.102300026,0.0,0.0,0.0,448.02
10,16,1,0,,,,9.9999994e-08,0.0,0.0,0.0,321.02
10,17,1,0,,,,9.9999994e-08,0.0,0.0,0.0,88.25
10,18,1,0,,,,9.9999994e-08,0.0,0.0,0.0,0.0
10,19,1,0,,,,9.9999994e-08,0.0,0.0,0.0,0.0
10,20,1,0,,,,9.9999994e-08,0.0,0.0,0.0,0.0
10,21,1,0,,,,9.9999994e-08,0.0,0.0,0.0,0.0
10,22,1,0,,,,9.9999994e-08,0.0,0.0,0.0,0.0
10,23,1,0,,,,9.9999994e-08,0.0,0.0,0.0,0.0
10,24,1,0,,,,9.9999994e-08,0.0,0.0,0.0,0.0
10,1,2,0,,,,9.9999994e-08,0.0,0.0,0.0,0.0
10,2,2,0,,,,9.9999994e-08,0.0,0.0,0.0,0.0
10,3,2,0,,,,9.9999994e-08,0.0,0.0,0.0,0.0
10,4,2,0,,,,9.9999994e-08,0.0,0.0,0.0,0.0
10,5,2,0,,,,9.9999994e-08,0.0,0.0,0.0,0.0
10,6,2,0,,,,9.9999994e-08,0.0,0.0,0.0,0.0
10,7,2,0,,,,0.082666725,0.0,0.0,0.0,0.0
10,8,2,0,,,,0.83391666,0.0,0.0,0.0,84.71
10,9,2,0,,,,1.52515,0.0,0.0,0.0,322.43
10,10,2,0,,,,2.3878,0.0,0.0,0.0,487.72
10,11,2,0,,,,2.7520332,0.0,0.0,0.0,605.1
10,12,2,0,,,,2.9841,0.0,0.0,0.0,656.0
10,13,2,0,,,,2.9591167,0.0,0.0,0.0,637.9
10,14,2,0,,,,2.6947167,0.0,0.0,0.0,589.97
10,15,2,0,,,,2.1549,0.0,0.0,0.0,464.19
10,16,2,0,,,,1.3549334,0.0,0.0,0.0,321.8
10,17,2,0,,,,0.36428335,0.0,0.0,0.0,83.01
10,18,2,0,,,,9.9999994e-08,0.0,0.0,0.0,0.0
10,19,2,0,,,,9.9999994e-08,0.0,0.0,0.0,0.0
10,20,2,0,,,,9.9999994e-08,0.0,0.0,0.0,0.0
10,21,2,0,,,,9.9999994e-08,0.0,0.0,0.0,0.0
10,22,2,0,,,,9.9999994e-08,0.0,0.0,0.0,0.0
10,23,2,0,,,,9.9999994e-08,0.0,0.0,0.0,0.0
10,24,2,0,,,,9.9999994e-08,0.0,0.0,0.0,0.0
10,1,3,0,,,,9.9999994e-08,0.0,0.0,0.0,0.0
10,2,3,0,,,,9.9999994e-08,0.0,0.0,0.0,0.0
10,3,3,0,,,,9.9999994e-08,0.0,0.0,0.0,0.0
10,4,3,0,,,,9.9999994e-08,0.0,0.0,0.0,0.0
10,5,3,0,,,,9.9999994e-08,0.0,0.0,0.0,0.0
10,6,3,0,,,,9.9999994e-08,0.0,0.0,0.0,0.0
10,7,3,0,,,,0.06521673,0.0,0.0,0.0,0.0
10,8,3,0,,,,0.84898335,0.0,0.0,0.0,46.59
10,9,3,0,,,,1.77795,0.0,0.0,0.0,259.5
10,10,3,0,,,,2.5038667,0.0,0.0,0.0,450.24
10,11,3,0,,,,2.98185,0.0,0.0,0.0,578.9
10,12,3,0,,,,3.1859,0.0,0.0,0.0,638.69
10,13,3,0,,,,3.1384,0.0,0.0,0.0,643.3
10,14,3,0,,,,2.8313832,0.0,0.0,0.0,594.41
10,15,3,0,,,,2.28535,0.0,0.0,0.0,490.18
10,16,3,0,,,,1.4794166,0.0,0.0,0.0,304.12
10,17,3,0,,,,0.44121668,0.0,0.0,0.0,79.36
10,18,3,0,,,,9.9999994e-08,0.0,0.0,0.0,0.0
10,19,3,0,,,,9.9999994e-08,0.0,0.0,0.0,0.0
10,20,3,0,,,,9.9999994e-08,0.0,0.0,0.0,0.0
10,21,3,0,,,,9.9999994e-08,0.0,0.0,0.0,0.0
10,22,3,0,,,,9.9999994e-08,0.0,0.0,0.0,0.0
10,23,3,0,,,,9.9999994e-08,0.0,0.0,0.0,0.0
10,24,3,0,,,,9.9999994e-08,0.0,0.0,0.0,0.0
10,1,4,0,,,,9.9999994e-08,0.0,0.0,0.0,0.0
10,2,4,0,,,,9.9999994e-08,0.0,0.0,0.0,0.0
10,3,4,0,,,,9.9999994e-08,0.0,0.0,0.0,0.0
10,4,4,0,,,,9.9999994e-08,0.0,0.0,0.0,0.0
10,5,4,0,,,,9.9999994e-08,0.0,0.0,0.0,0.0
10,6,4,0,,,,9.9999994e-08,0.0,0.0,0.0,0.0
10,7,4,0,,,,0.06313339,0.0,0.0,0.0,0.0
10,8,4,0,,,,0.8552333,0.0,0.0,0.0,51.33
10,9,4,0,,,,1.78665,0.0,0.0,0.0,126.78
10,10,4,0,,,,2.5058167,0.0,0.0,0.0,482.24
10,11,4,0,,,,2.9781334,0.0,0.0,0.0,591.97
10,12,4,0,,,,3.1930332,0.0,0.0,0.0,653.12
10,13,4,0,,,,3.1766167,0.0,0.0,0.0,650.32
10,14,4,0,,,,2.8603833,0.0,0.0,0.0,597.65
10,15,4,0,,,,2.29915,0.0,0.0,0.0,483.27
10,16,4,0,,,,1.4910834,0.0,0.0,0.0,313.17
10,17,4,0,,,,0.4698,0.0,0.0,0.0,70.85
10,18,4,0,,,,9.9999994e-08,0.0,0.0,0.0,0.0
10,19,4,0,,,,9.9999994e-08,0.0,0.0,0.0,0.0
10,20,4,0,,,,9.9999994e-08,0.0,0.0,0.0,0.0
10,21,4,0,,,,9.9999994e-08,0.0,0.0,0.0,0.0
10,22,4,0,,,,9.9999994e-08,0.0,0.0,0.0,0.0
10,23,4,0,,,,9.9999994e-08,0.0,0.0,0.0,0.0
10,24,4,0,,,,9.9999994e-08,0.0,0.0,0.0,0.0
10,1,5,0,,,,9.9999994e-08,0.0,0.0,0.0,0.0
10,2,5,0,,,,9.9999994e-08,0.0,0.0,0.0,0.0
10,3,5,0,,,,9.9999994e-08,0.0,0.0,0.0,0.0
10,4,5,0,,,,9.9999994e-08,0.0,0.0,0.0,0.0
10,5,5,0,,,,9.9999994e-08,0.0,0.0,0.0,0.0
10,6,5,0,,,,9.9999994e-08,0.0,0.0,0.0,0.0
10,7,5,0,,,,0.080033384,0.0,0.0,0.0,0.0
10,8,5,0,,,,0.86988336,0.0,0.0,0.0,6.32
10,9,5,0,,,,1.7448334,0.0,0.0,0.0,54.81
10,10,5,0,,,,2.3615,0.0,0.0,0.0,102.13
10,11,5,0,,,,2.7688334,0.0,0.0,0.0,124.42
10,12,5,0,,,,2.9849334,0.0,0.0,0.0,108.67
10,13,5,0,,,,2.9654,0.0,0.0,0.0,124.74
10,14,5,0,,,,2.69895,0.0,0.0,0.0,193.63
10,15,5,0,,,,2.1747832,0.0,0.0,0.0,209.19
10,16,5,0,,,,1.4112834,0.0,0.0,0.0,295.68
10,17,5,0,,,,0.2889334,0.0,0.0,0.0,79.64
10,18,5,0,,,,9.9999994e-08,0.0,0.0,0.0,0.0
10,19,5,0,,,,9.9999994e-08,0.0,0.0,0.0,0.0
10,20,5,0,,,,9.9999994e-08,0.0,0.0,0.0,0.0
10,21,5,0,,,,9.9999994e-08,0.0,0.0,0.0,0.0
10,22,5,0,,,,9.9999994e-08,0.0,0.0,0.0,0.0
10,23,5,0,,,,9.9999994e-08,0.0,0.0,0.0,0.0
10,24,5,0,,,,9.9999994e-08,0.0,0.0,0.0,0.0
10,1,6,0,,,,9.9999994e-08,0.0,0.0,0.0,0.0
10,2,6,0,,,,9.9999994e-08,0.0,0.0,0.0,0.0
10,3,6,0,,,,9.9999994e-08,0.0,0.0,0.0,0.0
10,4,6,0,,,,9.9999994e-08,0.0,0.0,0.0,0.0
10,5,6,0,,,,9.9999994e-08,0.0,0.0,0.0,0.0
10,6,6,0,,,,9.9999994e-08,0.0,0.0,0.0,0.0
10,7,6,0,,,,0.06380006,0.0,0.0,0.0,0.0
10,8,6,0,,,,0.83225,0.0,0.0,0.0,5.21
10,9,6,0,,,,1.7119833,0.0,0.0,0.0,87.74
10,10,6,0,,,,2.38075,0.0,0.0,0.0,103.69
10,11,6,0,,,,2.7903666,0.0,0.0,0.0,310.13
10,12,6,0,,,,3.00685,0.0,0.0,0.0,490.44
10,13,6,0,,,,2.94485,0.0,0.0,0.0,517.11
10,14,6,0,,,,2.73315,0.0,0.0,0.0,540.17
10,15,6,0,,,,2.2287667,0.0,0.0,0.0,405.7
10,16,6,0,,,,1.4329,0.0,0.0,0.0,230.77
10,17,6,0,,,,0.41211668,0.0,0.0,0.0,60.4
10,18,6,0,,,,9.9999994e-08,0.0,0.0,0.0,0.0
10,19,6,0,,,,9.9999994e-08,0.0,0.0,0.0,0.0
10,20,6,0,,,,9.9999994e-08,0.0,0.0,0.0,0.0
10,21,6,0,,,,9.9999994e-08,0.0,0.0,0.0,0.0
10,22,6,0,,,,9.9999994e-08,0.0,0.0,0.0,0.0
10,23,6,0,,,,9.9999994e-08,0.0,0.0,0.0,0.0
10,24,6,0,,,,9.9999994e-08,0.0,0.0,0.0,0.0
10,1,7,0,,,,9.9999994e-08,0.0,0.0,0.0,0.0
10,2,7,0,,,,9.9999994e-08,0.0,0.0,0.0,0.0
10,3,7,0,,,,9.9999994e-08,0.0,0.0,0.0,0.0
10,4,7,0,,,,9.9999994e-08,0.0,0.0,0.0,0.0
10,5,7,0,,,,9.9999994e-08,0.0,0.0,0.0,0.0
10,6,7,0,,,,9.9999994e-08,0.0,0.0,0.0,0.0
10,7,7,0,,,,9.9999994e-08,0.0,0.0,0.0,0.0
10,8,7,0,,,,0.34627777,0.0,0.0,0.0,0.0
10,9,7,0,,,,1.0775833,0.0,0.0,0.0,87.77
10,10,7,0,,,,1.1710666,0.0,0.0,0.0,174.81
10,11,7,0,,,,1.4703833,0.0,0.0,0.0,297.31
10,12,7,0,,,,0.19528334,0.0,0.0,0.0,267.16
10,13,7,0,,,,0.55118334,0.0,0.0,0.0,494.24
10,14,7,0,,,,0.64428335,0.0,0.0,0.0,440.26
10,15,7,0,,,,0.16686668,0.0,0.0,0.0,254.45
10,16,7,0,,,,0.011733418,0.0,0.0,0.0,210.98
10,17,7,0,,,,9.9999994e-08,0.0,0.0,0.0,39.83
10,18,7,0,,,,9.9999994e-08,0.0,0.0,0.0,0.0
10,19,7,0,,,,9.9999994e-08,0.0,0.0,0.0,0.0
10,20,7,0,,,,9.9999994e-08,0.0,0.0,0.0,0.0
10,21,7,0,,,,9.9999994e-08,0.0,0.0,0.0,0.0
10,22,7,0,,,,9.9999994e-08,0.0,0.0,0.0,0.0
10,23,7,0,,,,9.9999994e-08,0.0,0.0,0.0,0.0
10,24,7,0,,,,9.9999994e-08,0.0,0.0,0.0,0.0
10,1,1,0,,,,9.9999994e-08,0.0,0.0,0.0,0.0
10,2,1,0,,,,9.9999994e-08,0.0,0.0,0.0,0.0
10,3,1,0,,,,9.9999994e-08,0.0,0.0,0.0,0.0
10,4,1,0,,,,9.9999994e-08,0.0,0.0,0.0,0.0
10,5,1,0,,,,9.9999994e-08,0.0,0.0,0.0,0.0
10,6,1,0,,,,9.9999994e-08,0.0,0.0,0.0,0.0
10,7,1,0,,,,9.9999994e-08,0.0,0.0,0.0,0.0
10,8,1,0,,,,9.9999994e-08,0.0,0.0,0.0,4.61
10,9,1,0,,,,0.30887777,0.0,0.0,0.0,52.73
10,10,1,0,,,,0.76575,0.0,0.0,0.0,131.84
10,11,1,0,,,,0.13786668,0.0,0.0,0.0,174.64
10,12,1,0,,,,0.25185,0.0,0.0,0.0,136.33
10,13,1,0,,,,0.46593335,0.0,0.0,0.0,144.82
10,14,1,0,,,,0.5581167,0.0,0.0,0.0,227.13
10,15,1,0,,,,0.03201674,0.0,0.0,0.0,216.12
10,16,1,0,,,,0.0077000717,0.0,0.0,0.0,74.71
10,17,1,0,,,,9.9999994e-08,0.0,0.0,0.0,5.05
10,18,1,0,,,,9.9999994e-08,0.0,0.0,0.0,0.0
10,19,1,0,,,,9.9999994e-08,0.0,0.0,0.0,0.0
10,20,1,0,,,,9.9999994e-08,0.0,0.0,0.0,0.0
10,21,1,0,,,,9.9999994e-08,0.0,0.0,0.0,0.0
10,22,1,0,,,,9.9999994e-08,0.0,0.0,0.0,0.0
10,23,1,0,,,,9.9999994e-08,0.0,0.0,0.0,0.0
10,24,1,0,,,,9.9999994e-08,0.0,0.0,0.0,0.0
10,1,2,0,,,,9.9999994e-08,0.0,0.0,0.0,0.0
10,2,2,0,,,,9.9999994e-08,0.0,0.0,0.0,0.0
10,3,2,0,,,,9.9999994e-08,0.0,0.0,0.0,0.0
10,4,2,0,,,,9.9999994e-08,0.0,0.0,0.0,0.0
10,5,2,0,,,,9.9999994e-08,0.0,0.0,0.0,0.0
10,6,2,0,,,,9.9999994e-08,0.0,0.0,0.0,0.0
10,7,2,0,,,,0.02166674,0.0,0.0,0.0,0.0
10,8,2,0,,,,0.59545004,0.0,0.0,0.0,0.69
10,9,2,0,,,,1.6864611,0.0,0.0,0.0,34.14
10,10,2,0,,,,2.31955,0.0,0.0,0.0,63.18
10,11,2,0,,,,2.7249668,0.0,0.0,0.0,77.86
10,12,2,0,,,,2.91315,0.0,0.0,0.0,55.1
10,13,2,0,,,,2.80975,0.0,0.0,0.0,55.01
10,14,2,0,,,,2.4874833,0.0,0.0,0.0,41.29
10,15,2,0,,,,1.9453666,0.0,0.0,0.0,23.76
10,16,2,0,,,,1.2009333,0.0,0.0,0.0,14.87
10,17,2,0,,,,0.2332167,0.0,0.0,0.0,0.87
10,18,2,0,,,,9.9999994e-08,0.0,0.0,0.0,0.0
10,19,2,0,,,,9.9999994e-08,0.0,0.0,0.0,0.0
10,20,2,0,,,,9.9999994e-08,0.0,0.0,0.0,0.0
10,21,2,0,,,,9.9999994e-08,0.0,0.0,0.0,0.0
10,22,2,0,,,,9.9999994e-08,0.0,0.0,0.0,0.0
10,23,2,0,,,,9.9999994e-08,0.0,0.0,0.0,0.0
10,24,2,0,,,,9.9999994e-08,0.0,0.0,0.0,0.0
10,1,3,0,,,,9.9999994e-08,0.0,0.0,0.0,0.0
10,2,3,0,,,,9.9999994e-08,0.0,0.0,0.0,0.0
10,3,3,0,,,,9.9999994e-08,0.0,0.0,0.0,0.0
10,4,3,0,,,,9.9999994e-08,0.0,0.0,0.0,0.0
10,5,3,0,,,,9.9999994e-08,0.0,0.0,0.0,0.0
10,6,3,0,,,,9.9999994e-08,0.0,0.0,0.0,0.0
10,7,3,0,,,,0.005866755,0.0,0.0,0.0,0.0
10,8,3,0,,,,0.54605,0.0,0.0,0.0,0.33
10,9,3,0,,,,1.5939667,0.0,0.0,0.0,31.49
10,10,3,0,,,,2.2868667,0.0,0.0,0.0,68.72
10,11,3,0,,,,2.6897666,0.0,0.0,0.0,98.06
10,12,3,0,,,,2.7578332,0.0,0.0,0.0,48.44
10,13,3,0,,,,2.6282,0.0,0.0,0.0,126.24
10,14,3,0,,,,1.9014833,0.0,0.0,0.0,188.5
10,15,3,0,,,,1.6253834,0.0,0.0,0.0,27.39
10,16,3,0,,,,0.49186668,0.0,0.0,0.0,12.28
10,17,3,0,,,,0.14548337,0.0,0.0,0.0,4.51
10,18,3,0,,,,9.9999994e-08,0.0,0.0,0.0,0.0
10,19,3,0,,,,9.9999994e-08,0.0,0.0,0.0,0.0
10,20,3,0,,,,9.9999994e-08,0.0,0.0,0.0,0.0
10,21,3,0,,,,9.9999994e-08,0.0,0.0,0.0,0.0
10,22,3,0,,,,9.9999994e-08,0.0,0.0,0.0,0.0
10,23,3,0,,,,9.9999994e-08,0.0,0.0,0.0,0.0
10,24,3,0,,,,9.9999994e-08,0.0,0.0,0.0,0.0
10,1,4,0,,,,9.9999994e-08,0.0,0.0,0.0,0.0
10,2,4,0,,,,9.9999994e-08,0.0,0.0,0.0,0.0
10,3,4,0,,,,9.9999994e-08,0.0,0.0,0.0,0.0
10,4,4,0,,,,9.9999994e-08,0.0,0.0,0.0,0.0
10,5,4,0,,,,9.9999994e-08,0.0,0.0,0.0,0.0
10,6,4,0,,,,9.9999994e-08,0.0,0.0,0.0,0.0
10,7,4,0,,,,0.019200068,0.0,0.0,0.0,0.0
10,8,4,0,,,,0.2629667,0.0,0.0,0.0,1.56
10,9,4,0,,,,1.3505833,0.0,0.0,0.0,39.94
10,10,4,0,,,,1.30845,0.0,0.0,0.0,90.43
10,11,4,0,,,,1.9214667,0.0,0.0,0.0,125.52
10,12,4,0,,,,1.80385,0.0,0.0,0.0,237.18
10,13,4,0,,,,1.2400833,0.0,0.0,0.0,564.47
10,14,4,0,,,,1.3199167,0.0,0.0,0.0,579.4
10,15,4,0,,,,0.58235,0.0,0.0,0.0,479.66
10,16,4,0,,,,0.17768334,0.0,0.0,0.0,277.11
10,17,4,0,,,,0.0224334,0.0,0.0,0.0,8.25
10,18,4,0,,,,9.9999994e-08,0.0,0.0,0.0,0.0
10,19,4,0,,,,9.9999994e-08,0.0,0.0,0.0,0.0
10,20,4,0,,,,9.9999994e-08,0.0,0.0,0.0,0.0
10,21,4,0,,,,9.9999994e-08,0.0,0.0,0.0,0.0
10,22,4,0,,,,9.9999994e-08,0.0,0.0,0.0,0.0
10,23,4,0,,,,9.9999994e-08,0.0,0.0,0.0,0.0
10,24,4,0,,,,9.9999994e-08,0.0,0.0,0.0,0.0
10,1,5,0,,,,9.9999994e-08,0.0,0.0,0.0,0.0
10,2,5,0,,,,9.9999994e-08,0.0,0.0,0.0,0.0
10,3,5,0,,,,9.9999994e-08,0.0,0.0,0.0,0.0
10,4,5,0,,,,9.9999994e-08,0.0,0.0,0.0,0.0
10,5,5,0,,,,9.9999994e-08,0.0,0.0,0.0,0.0
10,6,5,0,,,,9.9999994e-08,0.0,0.0,0.0,0.0
10,7,5,0,,,,0.034350056,0.0,0.0,0.0,0.0
10,8,5,0,,,,0.11266671,0.0,0.0,0.0,0.0
10,9,5,0,,,,0.55686665,0.0,0.0,0.0,18.41
10,10,5,0,,,,0.8582,0.0,0.0,0.0,70.06
10,11,5,0,,,,0.3896,0.0,0.0,0.0,110.36
10,12,5,0,,,,0.78961664,0.0,0.0,0.0,39.34
10,13,5,0,,,,0.35981667,0.0,0.0,0.0,18.38
10,14,5,0,,,,0.51725,0.0,0.0,0.0,40.2
10,15,5,0,,,,0.58341664,0.0,0.0,0.0,32.06
10,16,5,0,,,,0.66756666,0.0,0.0,0.0,17.13
10,17,5,0,,,,0.06983338,0.0,0.0,0.0,0.18
10,18,5,0,,,,9.9999994e-08,0.0,0.0,0.0,0.0
10,19,5,0,,,,9.9999994e-08,0.0,0.0,0.0,0.0
10,20,5,0,,,,9.9999994e-08,0.0,0.0,0.0,0.0
10,21,5,0,,,,9.9999994e-08,0.0,0.0,0.0,0.0
10,22,5,0,,,,9.9999994e-08,0.0,0.0,0.0,0.0
10,23,5,0,,,,9.9999994e-08,0.0,0.0,0.0,0.0
10,24,5,0,,,,9.9999994e-08,0.0,0.0,0.0,0.0
10,1,6,0,,,,9.9999994e-08,0.0,0.0,0.0,0.0
10,2,6,0,,,,9.9999994e-08,0.0,0.0,0.0,0.0
10,3,6,0,,,,9.9999994e-08,0.0,0.0,0.0,0.0
10,4,6,0,,,,9.9999994e-08,0.0,0.0,0.0,0.0
10,5,6,0,,,,9.9999994e-08,0.0,0.0,0.0,0.0
10,6,6,0,,,,9.9999994e-08,0.0,0.0,0.0,0.0
10,7,6,0,,,,9.9999994e-08,0.0,0.0,0.0,0.0
10,8,6,0,,,,0.37511668,0.0,0.0,0.0,20.2
10,9,6,0,,,,1.0115334,0.0,0.0,0.0,271.07
10,10,6,0,,,,1.7910833,0.0,0.0,0.0,449.5
10,11,6,0,,,,2.1241667,0.0,0.0,0.0,197.89
10,12,6,0,,,,2.66545,0.0,0.0,0.0,256.09
10,13,6,0,,,,1.82095,0.0,0.0,0.0,631.42
10,14,6,0,,,,1.4088334,0.0,0.0,0.0,79.35
10,15,6,0,,,,0.91428334,0.0,0.0,0.0,179.73
10,16,6,0,,,,0.36181667,0.0,0.0,0.0,170.74
10,17,6,0,,,,0.0134000685,0.0,0.0,0.0,6.78
10,18,6,0,,,,9.9999994e-08,0.0,0.0,0.0,0.0
10,19,6,0,,,,9.9999994e-08,0.0,0.0,0.0,0.0
10,20,6,0,,,,9.9999994e-08,0.0,0.0,0.0,0.0
10,21,6,0,,,,9.9999994e-08,0.0,0.0,0.0,0.0
10,22,6,0,,,,9.9999994e-08,0.0,0.0,0.0,0.0
10,23,6,0,,,,9.9999994e-08,0.0,0.0,0.0,0.0
10,24,6,0,,,,9.9999994e-08,0.0,0.0,0.0,0.0
10,1,7,0,,,,9.9999994e-08,0.0,0.0,0.0,0.0
10,2,7,0,,,,9.9999994e-08,0.0,0.0,0.0,0.0
10,3,7,0,,,,9.9999994e-08,0.0,0.0,0.0,0.0
10,4,7,0,,,,9.9999994e-08,0.0,0.0,0.0,0.0
10,5,7,0,,,,9.9999994e-08,0.0,0.0,0.0,0.0
10,6,7,0,,,,9.9999994e-08,0.0,0.0,0.0,0.0
10,7,7,0,,,,9.9999994e-08,0.0,0.0,0.0,0.0
10,8,7,0,,,,0.021733405,0.0,0.0,0.0,21.06
10,9,7,0,,,,0.17308334,0.0,0.0,0.0,302.22
10,10,7,0,,,,0.31136668,0.0,0.0,0.0,134.21
10,11,7,0,,,,1.1532667,0.0,0.0,0.0,259.65
10,12,7,0,,,,0.73971665,0.0,0.0,0.0,74.77
10,13,7,0,,,,0.27191666,0.0,0.0,0.0,628.21
10,14,7,0,,,,0.082366675,0.0,0.0,0.0,615.04
10,15,7,0,,,,9.9999994e-08,0.0,0.0,0.0,478.08
10,16,7,0,,,,9.9999994e-08,0.0,0.0,0.0,279.61
10,17,7,0,,,,9.9999994e-08,0.0,0.0,0.0,5.3
10,18,7,0,,,,9.9999994e-08,0.0,0.0,0.0,0.0
10,19,7,0,,,,9.9999994e-08,0.0,0.0,0.0,0.0
10,20,7,0,,,,9.9999994e-08,0.0,0.0,0.0,0.0
10,21,7,0,,,,9.9999994e-08,0.0,0.0,0.0,0.0
10,22,7,0,,,,9.9999994e-08,0.0,0.0,0.0,0.0
10,23,7,0,,,,9.9999994e-08,0.0,0.0,0.0,0.0
10,24,7,0,,,,9.9999994e-08,0.0,0.0,0.0,0.0
10,1,1,0,,,,9.9999994e-08,0.0,0.0,0.0,0.0
10,2,1,0,,,,9.9999994e-08,0.0,0.0,0.0,0.0
10,3,1,0,,,,9.9999994e-08,0.0,0.0,0.0,0.0
10,4,1,0,,,,9.9999994e-08,0.0,0.0,0.0,0.0
10,5,1,0,,,,9.9999994e-08,0.0,0.0,0.0,0.0
10,6,1,0,,,,9.9999994e-08,0.0,0.0,0.0,0.0
10,7,1,0,,,,0.00370009,0.0,0.0,0.0,0.0
10,8,1,0,,,,0.10193336,0.0,0.0,0.0,0.0
10,9,1,0,,,,0.8326333,0.0,0.0,0.0,78.81
10,10,1,0,,,,1.3831167,0.0,0.0,0.0,470.04
10,11,1,0,,,,1.8091667,0.0,0.0,0.0,566.17
10,12,1,0,,,,2.3352,0.0,0.0,0.0,631.42
10,13,1,0,,,,0.93655,0.0,0.0,0.0,57.98
10,14,1,0,,,,0.8689833,0.0,0.0,0.0,48.35
10,15,1,0,,,,0.95395,0.0,0.0,0.0,29.67
10,16,1,0,,,,0.11240001,0.0,0.0,0.0,89.8
10,17,1,0,,,,9.9999994e-08,0.0,0.0,0.0,0.23
10,18,1,0,,,,9.9999994e-08,0.0,0.0,0.0,0.0
10,19,1,0,,,,9.9999994e-08,0.0,0.0,0.0,0.0
10,20,1,0,,,,9.9999994e-08,0.0,0.0,0.0,0.0
10,21,1,0,,,,9.9999994e-08,0.0,0.0,0.0,0.0
10,22,1,0,,,,9.9999994e-08,0.0,0.0,0.0,0.0
10,23,1,0,,,,9.9999994e-08,0.0,0.0,0.0,0.0
10,24,1,0,,,,9.9999994e-08,0.0,0.0,0.0,0.0
11,1,2,0,,,,9.9999994e-08,0.0,0.0,0.0,0.0
11,2,2,0,,,,9.9999994e-08,0.0,0.0,0.0,0.0
11,3,2,0,,,,9.9999994e-08,0.0,0.0,0.0,0.0
11,4,2,0,,,,9.9999994e-08,0.0,0.0,0.0,0.0
11,5,2,0,,,,9.9999994e-08,0.0,0.0,0.0,0.0
11,6,2,0,,,,9.9999994e-08,0.0,0.0,0.0,0.0
11,7,2,0,,,,9.9999994e-08,0.0,0.0,0.0,0.0
11,8,2,0,,,,0.07576669,0.0,0.0,0.0,10.91
11,9,2,0,,,,0.17638333,0.0,0.0,0.0,273.17
11,10,2,0,,,,0.7765167,0.0,0.0,0.0,481.86
11,11,2,0,,,,1.0334,0.0,0.0,0.0,592.95
11,12,2,0,,,,1.3046334,0.0,0.0,0.0,202.49
11,13,2,0,,,,1.0329833,0.0,0.0,0.0,270.32
11,14,2,0,,,,0.8481167,0.0,0.0,0.0,191.32
11,15,2,0,,,,0.33926666,0.0,0.0,0.0,395.21
11,16,2,0,,,,0.56850004,0.0,0.0,0.0,192.22
11,17,2,0,,,,0.053100064,0.0,0.0,0.0,1.82
11,18,2,0,,,,9.9999994e-08,0.0,0.0,0.0,0.0
11,19,2,0,,,,9.9999994e-08,0.0,0.0,0.0,0.0
11,20,2,0,,,,9.9999994e-08,0.0,0.0,0.0,0.0
11,21,2,0,,,,9.9999994e-08,0.0,0.0,0.0,0.0
11,22,2,0,,,,9.9999994e-08,0.0,0.0,0.0,0.0
11,23,2,0,,,,9.9999994e-08,0.0,0.0,0.0,0.0
11,24,2,0,,,,9.9999994e-08,0.0,0.0,0.0,0.0
11,1,3,0,,,,9.9999994e-08,0.0,0.0,0.0,0.0
11,2,3,0,,,,9.9999994e-08,0.0,0.0,0.0,0.0
11,3,3,0,,,,9.9999994e-08,0.0,0.0,0.0,0.0
11,4,3,0,,,,9.9999994e-08,0.0,0.0,0.0,0.0
11,5,3,0,,,,9.9999994e-08,0.0,0.0,0.0,0.0
11,6,3,0,,,,9.9999994e-08,0.0,0.0,0.0,0.0
11,7,3,0,,,,0.027083404,0.0,0.0,0.0,0.0
11,8,3,0,,,,0.4605167,0.0,0.0,0.0,0.0
11,9,3,0,,,,1.0292,0.0,0.0,0.0,88.85
11,10,3,0,,,,2.1006668,0.0,0.0,0.0,286.82
11,11,3,0,,,,1.8683333,0.0,0.0,0.0,463.1
11,12,3,0,,,,2.8531833,0.0,0.0,0.0,431.49
11,13,3,0,,,,3.0458333,0.0,0.0,0.0,419.72
11,14,3,0,,,,2.7376332,0.0,0.0,0.0,503.96
11,15,3,0,,,,2.1516833,0.0,0.0,0.0,343.88
11,16,3,0,,,,1.2990333,0.0,0.0,0.0,97.3
11,17,3,0,,,,0.2864167,0.0,0.0,0.0,0.0
11,18,3,0,,,,9.9999994e-08,0.0,0.0,0.0,0.0
11,19,3,0,,,,9.9999994e-08,0.0,0.0,0.0,0.0
11,20,3,0,,,,9.9999994e-08,0.0,0.0,0.0,0.0
11,21,3,0,,,,9.9999994e-08,0.0,0.0,0.0,0.0
11,22,3,0,,,,9.9999994e-08,0.0,0.0,0.0,0.0
11,23,3,0,,,,9.9999994e-08,0.0,0.0,0.0,0.0
11,24,3,0,,,,9.9999994e-08,0.0,0.0,0.0,0.0
11,1,4,0,,,,9.9999994e-08,0.0,0.0,0.0,0.0
11,2,4,0,,,,9.9999994e-08,0.0,0.0,0.0,0.0
11,3,4,0,,,,9.9999994e-08,0.0,0.0,0.0,0.0
11,4,4,0,,,,9.9999994e-08,0.0,0.0,0.0,0.0
11,5,4,0,,,,9.9999994e-08,0.0,0.0,0.0,0.0
11,6,4,0,,,,9.9999994e-08,0.0,0.0,0.0,0.0
11,7,4,0,,,,0.02491674,0.0,0.0,0.0,0.0
11,8,4,0,,,,0.21426669,0.0,0.0,0.0,0.0
11,9,4,0,,,,0.97931665,0.0,0.0,0.0,11.99
11,10,4,0,,,,2.1326833,0.0,0.0,0.0,52.69
11,11,4,0,,,,2.670411,0.0,0.0,0.0,40.99
11,12,4,0,,,,2.8122334,0.0,0.0,0.0,40.13
11,13,4,0,,,,2.8608,0.0,0.0,0.0,59.53
11,14,4,0,,,,2.1005,0.0,0.0,0.0,40.67
11,15,4,0,,,,1.6834834,0.0,0.0,0.0,15.81
11,16,4,0,,,,1.2584167,0.0,0.0,0.0,64.26
11,17,4,0,,,,0.24501671,0.0,0.0,0.0,0.0
11,18,4,0,,,,9.9999994e-08,0.0,0.0,0.0,0.0
11,19,4,0,,,,9.9999994e-08,0.0,0.0,0.0,0.0
11,20,4,0,,,,9.9999994e-08,0.0,0.0,0.0,0.0
11,21,4,0,,,,9.9999994e-08,0.0,0.0,0.0,0.0
11,22,4,0,,,,9.9999994e-08,0.0,0.0,0.0,0.0
11,23,4,0,,,,9.9999994e-08,0.0,0.0,0.0,0.0
11,24,4,0,,,,9.9999994e-08,0.0,0.0,0.0,0.0
11,1,5,0,,,,9.9999994e-08,0.0,0.0,0.0,0.0
11,2,5,0,,,,9.9999994e-08,0.0,0.0,0.0,0.0
11,3,5,0,,,,9.9999994e-08,0.0,0.0,0.0,0.0
11,4,5,0,,,,9.9999994e-08,0.0,0.0,0.0,0.0
11,5,5,0,,,,9.9999994e-08,0.0,0.0,0.0,0.0
11,6,5,0,,,,9.9999994e-08,0.0,0.0,0.0,0.0
11,7,5,0,,,,9.9999994e-08,0.0,0.0,0.0,0.0
11,8,5,0,,,,0.47378337,0.0,0.0,0.0,0.0
11,9,5,0,,,,1.5907667,0.0,0.0,0.0,60.92
11,10,5,0,,,,2.25575,0.0,0.0,0.0,15.03
11,11,5,0,,,,2.6873333,0.0,0.0,0.0,70.98
11,12,5,0,,,,2.8734,0.0,0.0,0.0,68.2
11,13,5,0,,,,2.8598833,0.0,0.0,0.0,87.32
11,14,5,0,,,,2.5494,0.0,0.0,0.0,66.1
11,15,5,0,,,,1.9897,0.0,0.0,0.0,142.97
11,16,5,0,,,,1.0413166,0.0,0.0,0.0,78.83
11,17,5,0,,,,0.22072226,0.0,0.0,0.0,0.0
11,18,5,0,,,,9.9999994e-08,0.0,0.0,0.0,0.0
11,19,5,0,,,,9.9999994e-08,0.0,0.0,0.0,0.0
11,20,5,0,,,,9.9999994e-08,0.0,0.0,0.0,0.0
11,21,5,0,,,,9.9999994e-08,0.0,0.0,0.0,0.0
11,22,5,0,,,,9.9999994e-08,0.0,0.0,0.0,0.0
11,23,5,0,,,,9.9999994e-08,0.0,0.0,0.0,0.0
11,24,5,0,,,,9.9999994e-08,0.0,0.0,0.0,0.0
11,1,6,0,,,,9.9999994e-08,0.0,0.0,0.0,0.0
11,2,6,0,,,,9.9999994e-08,0.0,0.0,0.0,0.0
11,3,6,0,,,,9.9999994e-08,0.0,0.0,0.0,0.0
11,4,6,0,,,,9.9999994e-08,0.0,0.0,0.0,0.0
11,5,6,0,,,,9.9999994e-08,0.0,0.0,0.0,0.0
11,6,6,0,,,,9.9999994e-08,0.0,0.0,0.0,0.0
11,7,6,0,,,,9.9999994e-08,0.0,0.0,0.0,0.0
11,8,6,0,,,,0.23685002,0.0,0.0,0.0,0.0
11,9,6,0,,,,1.1552833,0.0,0.0,0.0,92.5
11,10,6,0,,,,1.9270166,0.0,0.0,0.0,430.35
11,11,6,0,,,,1.6022167,0.0,0.0,0.0,535.39
11,12,6,0,,,,2.05635,0.0,0.0,0.0,538.59
11,13,6,0,,,,1.8353667,0.0,0.0,0.0,620.93
11,14,6,0,,,,0.3946834,0.0,0.0,0.0,557.96
11,15,6,0,,,,0.14850008,0.0,0.0,0.0,424.6
11,16,6,0,,,,0.42818338,0.0,0.0,0.0,222.81
11,17,6,0,,,,0.20863336,0.0,0.0,0.0,0.0
11,18,6,0,,,,9.9999994e-08,0.0,0.0,0.0,0.0
11,19,6,0,,,,9.9999994e-08,0.0,0.0,0.0,0.0
11,20,6,0,,,,9.9999994e-08,0.0,0.0,0.0,0.0
11,21,6,0,,,,9.9999994e-08,0.0,0.0,0.0,0.0
11,22,6,0,,,,9.9999994e-08,0.0,0.0,0.0,0.0
11,23,6,0,,,,9.9999994e-08,0.0,0.0,0.0,0.0
11,24,6,0,,,,9.9999994e-08,0.0,0.0,0.0,0.0
11,1,7,0,,,,9.9999994e-08,0.0,0.0,0.0,0.0
11,2,7,0,,,,9.9999994e-08,0.0,0.0,0.0,0.0
11,3,7,0,,,,9.9999994e-08,0.0,0.0,0.0,0.0
11,4,7,0,,,,9.9999994e-08,0.0,0.0,0.0,0.0
11,5,7,0,,,,9.9999994e-08,0.0,0.0,0.0,0.0
11,6,7,0,,,,0.03185007,0.0,0.0,0.0,0.0
11,7,7,0,,,,0.1842667,0.0,0.0,0.0,0.0
11,8,7,0,,,,0.96925,0.0,0.0,0.0,0.0
11,9,7,0,,,,2.1759,0.0,0.0,0.0,68.12
11,10,7,0,,,,2.62255,0.0,0.0,0.0,191.29
11,11,7,0,,,,2.7948334,0.0,0.0,0.0,333.95
11,12,7,0,,,,2.7400832,0.0,0.0,0.0,187.93
11,13,7,0,,,,2.414,0.0,0.0,0.0,426.45
11,14,7,0,,,,1.8109833,0.0,0.0,0.0,172.47
11,15,7,0,,,,0.6754,0.0,0.0,0.0,75.09
11,16,7,0,,,,0.023033403,0.0,0.0,0.0,177.33
11,17,7,0,,,,9.9999994e-08,0.0,0.0,0.0,0.0
11,18,7,0,,,,9.9999994e-08,0.0,0.0,0.0,0.0
11,19,7,0,,,,9.9999994e-08,0.0,0.0,0.0,0.0
11,20,7,0,,,,9.9999994e-08,0.0,0.0,0.0,0.0
11,21,7,0,,,,9.9999994e-08,0.0,0.0,0.0,0.0
11,22,7,0,,,,9.9999994e-08,0.0,0.0,0.0,0.0
11,23,7,0,,,,9.9999994e-08,0.0,0.0,0.0,0.0
11,24,7,0,,,,9.9999994e-08,0.0,0.0,0.0,0.0
11,1,1,0,,,,9.833333e-08,0.0,0.0,0.0,0.0
11,2,1,0,,,,9.9999994e-08,0.0,0.0,0.0,0.0
11,3,1,0,,,,9.9999994e-08,0.0,0.0,0.0,0.0
11,4,1,0,,,,9.9999994e-08,0.0,0.0,0.0,0.0
11,5,1,0,,,,9.9999994e-08,0.0,0.0,0.0,0.0
11,6,1,0,,,,9.9999994e-08,0.0,0.0,0.0,0.0
11,7,1,0,,,,0.18493336,0.0,0.0,0.0,0.0
11,8,1,0,,,,1.0661167,0.0,0.0,0.0,0.0
11,9,1,0,,,,2.15225,0.0,0.0,0.0,3.62
11,10,1,0,,,,2.5792167,0.0,0.0,0.0,18.85
11,11,1,0,,,,2.7198668,0.0,0.0,0.0,54.79
11,12,1,0,,,,2.64595,0.0,0.0,0.0,56.95
11,13,1,0,,,,2.4630167,0.0,0.0,0.0,99.47
11,14,1,0,,,,1.87345,0.0,0.0,0.0,84.35
11,15,1,0,,,,0.08138342,0.0,0.0,0.0,38.31
11,16,1,0,,,,9.9999994e-08,0.0,0.0,0.0,6.89
11,17,1,0,,,,9.9999994e-08,0.0,0.0,0.0,0.0
11,18,1,0,,,,9.9999994e-08,0.0,0.0,0.0,0.0
11,19,1,0,,,,9.9999994e-08,0.0,0.0,0.0,0.0
11,20,1,0,,,,9.9999994e-08,0.0,0.0,0.0,0.0
11,21,1,0,,,,9.9999994e-08,0.0,0.0,0.0,0.0
11,22,1,0,,,,9.9999994e-08,0.0,0.0,0.0,0.0
11,23,1,0,,,,9.9999994e-08,0.0,0.0,0.0,0.0
11,24,1,0,,,,9.9999994e-08,0.0,0.0,0.0,0.0
11,1,2,0,,,,9.9999994e-08,0.0,0.0,0.0,0.0
11,2,2,0,,,,9.9999994e-08,0.0,0.0,0.0,0.0
11,3,2,0,,,,9.9999994e-08,0.0,0.0,0.0,0.0
11,4,2,0,,,,9.9999994e-08,0.0,0.0,0.0,0.0
11,5,2,0,,,,9.9999994e-08,0.0,0.0,0.0,0.0
11,6,2,0,,,,0.020383412,0.0,0.0,0.0,0.0
11,7,2,0,,,,0.62981665,0.0,0.0,0.0,0.0
11,8,2,0,,,,1.5021833,0.0,0.0,0.0,0.0
11,9,2,0,,,,1.9796,0.0,0.0,0.0,79.91
11,10,2,0,,,,2.02295,0.0,0.0,0.0,52.54
11,11,2,0,,,,2.8253334,0.0,0.0,0.0,185.68
11,12,2,0,,,,0.5151334,0.0,0.0,0.0,87.27
11,13,2,0,,,,1.5543333,0.0,0.0,0.0,50.99
11,14,2,0,,,,1.9423333,0.0,0.0,0.0,34.17
11,15,2,0,,,,1.15735,0.0,0.0,0.0,49.98
11,16,2,0,,,,0.21363337,0.0,0.0,0.0,2.96
11,17,2,0,,,,9.9999994e-08,0.0,0.0,0.0,0.0
11,18,2,0,,,,9.9999994e-08,0.0,0.0,0.0,0.0
11,19,2,0,,,,9.9999994e-08,0.0,0.0,0.0,0.0
11,20,2,0,,,,9.9999994e-08,0.0,0.0,0.0,0.0
11,21,2,0,,,,9.9999994e-08,0.0,0.0,0.0,0.0
11,22,2,0,,,,9.9999994e-08,0.0,0.0,0.0,0.0
11,23,2,0,,,,9.9999994e-08,0.0,0.0,0.0,0.0
11,24,2,0,,,,9.9999994e-08,0.0,0.0,0.0,0.0
11,1,3,0,,,,9.9999994e-08,0.0,0.0,0.0,0.0
11,2,3,0,,,,9.9999994e-08,0.0,0.0,0.0,0.0
11,3,3,0,,,,9.9999994e-08,0.0,0.0,0.0,0.0
11,4,3,0,,,,9.9999994e-08,0.0,0.0,0.0,0.0
11,5,3,0,,,,9.9999994e-08,0.0,0.0,0.0,0.0
11,6,3,0,,,,0.022050075,0.0,0.0,0.0,0.0
11,7,3,0,,,,0.61468333,0.0,0.0,0.0,0.0
11,8,3,0,,,,1.5697167,0.0,0.0,0.0,0.0
11,9,3,0,,,,1.5233,0.0,0.0,0.0,1.54
11,10,3,0,,,,1.7851833,0.0,0.0,0.0,11.13
11,11,3,0,,,,1.4899334,0.0,0.0,0.0,98.26
11,12,3,0,,,,1.6415,0.0,0.0,0.0,66.94
11,13,3,0,,,,2.0566666,0.0,0.0,0.0,49.67
11,14,3,0,,,,1.2478167,0.0,0.0,0.0,28.71
11,15,3,0,,,,0.21605007,0.0,0.0,0.0,54.08
11,16,3,0,,,,0.013300085,0.0,0.0,0.0,61.02
11,17,3,0,,,,9.9999994e-08,0.0,0.0,0.0,0.0
11,18,3,0,,,,9.9999994e-08,0.0,0.0,0.0,0.0
11,19,3,0,,,,9.9999994e-08,0.0,0.0,0.0,0.0
11,20,3,0,,,,9.9999994e-08,0.0,0.0,0.0,0.0
11,21,3,0,,,,9.9999994e-08,0.0,0.0,0.0,0.0
11,22,3,0,,,,9.9999994e-08,0.0,0.0,0.0,0.0
11,23,3,0,,,,9.9999994e-08,0.0,0.0,0.0,0.0
11,24,3,0,,,,9.9999994e-08,0.0,0.0,0.0,0.0
11,1,4,0,,,,9.9999994e-08,0.0,0.0,0.0,0.0
11,2,4,0,,,,9.9999994e-08,0.0,0.0,0.0,0.0
11,3,4,0,,,,9.9999994e-08,0.0,0.0,0.0,0.0
11,4,4,0,,,,9.9999994e-08,0.0,0.0,0.0,0.0
11,5,4,0,,,,9.9999994e-08,0.0,0.0,0.0,0.0
11,6,4,0,,,,0.01988341,0.0,0.0,0.0,0.0
11,7,4,0,,,,0.64875,0.0,0.0,0.0,0.0
11,8,4,0,,,,1.0555333,0.0,0.0,0.0,0.0
11,9,4,0,,,,1.6151167,0.0,0.0,0.0,2.48
11,10,4,0,,,,1.6963834,0.0,0.0,0.0,28.53
11,11,4,0,,,,2.82395,0.0,0.0,0.0,46.5
11,12,4,0,,,,1.8559167,0.0,0.0,0.0,30.56
11,13,4,0,,,,2.4301,0.0,0.0,0.0,25.4
11,14,4,0,,,,1.1209167,0.0,0.0,0.0,37.77
11,15,4,0,,,,0.5188167,0.0,0.0,0.0,93.35
11,16,4,0,,,,0.16795006,0.0,0.0,0.0,30.6
11,17,4,0,,,,9.9999994e-08,0.0,0.0,0.0,0.0
11,18,4,0,,,,9.9999994e-08,0.0,0.0,0.0,0.0
11,19,4,0,,,,9.9999994e-08,0.0,0.0,0.0,0.0
11,20,4,0,,,,9.9999994e-08,0.0,0.0,0.0,0.0
11,21,4,0,,,,9.9999994e-08,0.0,0.0,0.0,0.0
11,22,4,0,,,,9.9999994e-08,0.0,0.0,0.0,0.0
11,23,4,0,,,,9.9999994e-08,0.0,0.0,0.0,0.0
11,24,4,0,,,,9.9999994e-08,0.0,0.0,0.0,0.0
11,1,5,0,,,,9.9999994e-08,0.0,0.0,0.0,0.0
11,2,5,0,,,,9.9999994e-08,0.0,0.0,0.0,0.0
11,3,5,0,,,,9.9999994e-08,0.0,0.0,0.0,0.0
11,4,5,0,,,,9.9999994e-08,0.0,0.0,0.0,0.0
11,5,5,0,,,,9.9999994e-08,0.0,0.0,0.0,0.0
11,6,5,0,,,,0.016533414,0.0,0.0,0.0,0.0
11,7,5,0,,,,0.6328167,0.0,0.0,0.0,0.0
11,8,5,0,,,,1.1809,0.0,0.0,0.0,0.0
11,9,5,0,,,,1.309,0.0,0.0,0.0,24.51
11,10,5,0,,,,2.3290834,0.0,0.0,0.0,15.88
11,11,5,0,,,,2.8111,0.0,0.0,0.0,15.86
11,12,5,0,,,,1.9824333,0.0,0.0,0.0,41.23
11,13,5,0,,,,2.2078333,0.0,0.0,0.0,13.74
11,14,5,0,,,,1.4170667,0.0,0.0,0.0,110.97
11,15,5,0,,,,0.35930005,0.0,0.0,0.0,119.86
11,16,5,0,,,,0.00271676,0.0,0.0,0.0,155.34
11,17,5,0,,,,9.9999994e-08,0.0,0.0,0.0,0.0
11,18,5,0,,,,9.9999994e-08,0.0,0.0,0.0,0.0
11,19,5,0,,,,9.9999994e-08,0.0,0.0,0.0,0.0
11,20,5,0,,,,9.9999994e-08,0.0,0.0,0.0,0.0
11,21,5,0,,,,9.9999994e-08,0.0,0.0,0.0,0.0
11,22,5,0,,,,9.9999994e-08,0.0,0.0,0.0,0.0
11,23,5,0,,,,9.9999994e-08,0.0,0.0,0.0,0.0
11,24,5,0,,,,9.9999994e-08,0.0,0.0,0.0,0.0
11,1,6,0,,,,9.9999994e-08,0.0,0.0,0.0,0.0
11,2,6,0,,,,9.9999994e-08,0.0,0.0,0.0,0.0
11,3,6,0,,,,9.9999994e-08,0.0,0.0,0.0,0.0
11,4,6,0,,,,9.9999994e-08,0.0,0.0,0.0,0.0
11,5,6,0,,,,9.9999994e-08,0.0,0.0,0.0,0.0
11,6,6,0,,,,9.9999994e-08,0.0,0.0,0.0,0.0
11,7,6,0,,,,0.05813341,0.0,0.0,0.0,0.0
11,8,6,0,,,,0.65201664,0.0,0.0,0.0,0.0
11,9,6,0,,,,0.8791,0.0,0.0,0.0,111.97
11,10,6,0,,,,1.54905,0.0,0.0,0.0,278.12
11,11,6,0,,,,1.42875,0.0,0.0,0.0,392.32
11,12,6,0,,,,1.7947167,0.0,0.0,0.0,557.0
11,13,6,0,,,,1.9897667,0.0,0.0,0.0,404.09
11,14,6,0,,,,1.0790167,0.0,0.0,0.0,338.47
11,15,6,0,,,,0.52398336,0.0,0.0,0.0,295.0
11,16,6,0,,,,0.03901674,0.0,0.0,0.0,101.39
11,17,6,0,,,,9.9999994e-08,0.0,0.0,0.0,0.0
11,18,6,0,,,,9.9999994e-08,0.0,0.0,0.0,0.0
11,19,6,0,,,,9.9999994e-08,0.0,0.0,0.0,0.0
11,20,6,0,,,,9.833333e-08,0.0,0.0,0.0,0.0
11,21,6,0,,,,9.9999994e-08,0.0,0.0,0.0,0.0
11,22,6,0,,,,9.9999994e-08,0.0,0.0,0.0,0.0
11,23,6,0,,,,9.9999994e-08,0.0,0.0,0.0,0.0
11,24,6,0,,,,9.9999994e-08,0.0,0.0,0.0,0.0
11,1,7,0,,,,9.9999994e-08,0.0,0.0,0.0,0.0
11,2,7,0,,,,9.9999994e-08,0.0,0.0,0.0,0.0
11,3,7,0,,,,9.9999994e-08,0.0,0.0,0.0,0.0
11,4,7,0,,,,9.9999994e-08,0.0,0.0,0.0,0.0
11,5,7,0,,,,9.9999994e-08,0.0,0.0,0.0,0.0
11,6,7,0,,,,0.00270009,0.0,0.0,0.0,0.0
11,7,7,0,,,,0.15351671,0.0,0.0,0.0,0.0
11,8,7,0,,,,1.3023334,0.0,0.0,0.0,0.0
11,9,7,0,,,,2.2039833,0.0,0.0,0.0,5.73
11,10,7,0,,,,2.6352668,0.0,0.0,0.0,41.52
11,11,7,0,,,,2.33175,0.0,0.0,0.0,74.45
11,12,7,0,,,,2.0725834,0.0,0.0,0.0,84.52
11,13,7,0,,,,1.4463667,0.0,0.0,0.0,124.12
11,14,7,0,,,,1.3264167,0.0,0.0,0.0,138.95
11,15,7,0,,,,0.7403945,0.0,0.0,0.0,51.06
11,16,7,0,,,,0.12508339,0.0,0.0,0.0,12.36
11,17,7,0,,,,9.997274e-08,0.0,0.0,0.0,0.0
11,18,7,0,,,,9.9999994e-08,0.0,0.0,0.0,0.0
11,19,7,0,,,,9.9999994e-08,0.0,0.0,0.0,0.0
11,20,7,0,,,,9.9999994e-08,0.0,0.0,0.0,0.0
11,21,7,0,,,,9.9999994e-08,0.0,0.0,0.0,0.0
11,22,7,0,,,,9.9999994e-08,0.0,0.0,0.0,0.0
11,23,7,0,,,,9.9999994e-08,0.0,0.0,0.0,0.0
11,24,7,0,,,,9.9999994e-08,0.0,0.0,0.0,0.0
11,1,1,0,,,,9.9999994e-08,0.0,0.0,0.0,0.0
11,2,1,0,,,,9.9999994e-08,0.0,0.0,0.0,0.0
11,3,1,0,,,,9.9999994e-08,0.0,0.0,0.0,0.0
11,4,1,0,,,,9.9999994e-08,0.0,0.0,0.0,0.0
11,5,1,0,,,,9.9999994e-08,0.0,0.0,0.0,0.0
11,6,1,0,,,,0.015000078,0.0,0.0,0.0,0.0
11,7,1,0,,,,0.6071,0.0,0.0,0.0,0.0
11,8,1,0,,,,1.4770167,0.0,0.0,0.0,0.0
11,9,1,0,,,,2.13975,0.0,0.0,0.0,15.5
11,10,1,0,,,,2.5818388,0.0,0.0,0.0,52.61
11,11,1,0,,,,2.7599,0.0,0.0,0.0,72.09
11,12,1,0,,,,2.71875,0.0,0.0,0.0,70.15
11,13,1,0,,,,2.4352,0.0,0.0,0.0,61.2
11,14,1,0,,,,1.91145,0.0,0.0,0.0,99.63
11,15,1,0,,,,1.12635,0.0,0.0,0.0,57.03
11,16,1,0,,,,0.20145003,0.0,0.0,0.0,156.48
11,17,1,0,,,,9.9999994e-08,0.0,0.0,0.0,0.0
11,18,1,0,,,,9.9999994e-08,0.0,0.0,0.0,0.0
11,19,1,0,,,,9.9999994e-08,0.0,0.0,0.0,0.0
11,20,1,0,,,,9.9999994e-08,0.0,0.0,0.0,0.0
11,21,1,0,,,,9.9999994e-08,0.0,0.0,0.0,0.0
11,22,1,0,,,,9.9999994e-08,0.0,0.0,0.0,0.0
11,23,1,0,,,,9.9999994e-08,0.0,0.0,0.0,0.0
11,24,1,0,,,,9.9999994e-08,0.0,0.0,0.0,0.0
11,1,2,0,,,,9.9999994e-08,0.0,0.0,0.0,0.0
11,2,2,0,,,,9.9999994e-08,0.0,0.0,0.0,0.0
11,3,2,0,,,,9.9999994e-08,0.0,0.0,0.0,0.0
11,4,2,0,,,,9.9999994e-08,0.0,0.0,0.0,0.0
11,5,2,0,,,,9.9999994e-08,0.0,0.0,0.0,0.0
11,6,2,0,,,,0.005850085,0.0,0.0,0.0,0.0
11,7,2,0,,,,0.5435333,0.0,0.0,0.0,0.0
11,8,2,0,,,,1.4237,0.0,0.0,0.0,0.0
11,9,2,0,,,,2.11665,0.0,0.0,0.0,19.83
11,10,2,0,,,,2.0389833,0.0,0.0,0.0,56.87
11,11,2,0,,,,2.4470832,0.0,0.0,0.0,42.24
11,12,2,0,,,,2.5178168,0.0,0.0,0.0,62.51
11,13,2,0,,,,1.4715667,0.0,0.0,0.0,38.73
11,14,2,0,,,,1.0016,0.0,0.0,0.0,33.29
11,15,2,0,,,,0.19946666,0.0,0.0,0.0,9.37
11,16,2,0,,,,0.001783425,0.0,0.0,0.0,0.71
11,17,2,0,,,,9.9999994e-08,0.0,0.0,0.0,0.0
11,18,2,0,,,,9.9999994e-08,0.0,0.0,0.0,0.0
11,19,2,0,,,,9.9999994e-08,0.0,0.0,0.0,0.0
11,20,2,0,,,,9.9999994e-08,0.0,0.0,0.0,0.0
11,21,2,0,,,,9.9999994e-08,0.0,0.0,0.0,0.0
11,22,2,0,,,,9.9999994e-08,0.0,0.0,0.0,0.0
11,23,2,0,,,,9.9999994e-08,0.0,0.0,0.0,0.0
11,24,2,0,,,,9.9999994e-08,0.0,0.0,0.0,0.0
11,1,3,0,,,,9.9999994e-08,0.0,0.0,0.0,0.0
11,2,3,0,,,,9.9999994e-08,0.0,0.0,0.0,0.0
11,3,3,0,,,,9.9999994e-08,0.0,0.0,0.0,0.0
11,4,3,0,,,,9.9999994e-08,0.0,0.0,0.0,0.0
11,5,3,0,,,,9.9999994e-08,0.0,0.0,0.0,0.0
11,6,3,0,,,,9.9999994e-08,0.0,0.0,0.0,0.0
11,7,3,0,,,,0.51481664,0.0,0.0,0.0,0.0
11,8,3,0,,,,1.4066334,0.0,0.0,0.0,0.0
11,9,3,0,,,,1.9107333,0.0,0.0,0.0,8.2
11,10,3,0,,,,1.61505,0.0,0.0,0.0,23.8
11,11,3,0,,,,2.1495,0.0,0.0,0.0,51.8
11,12,3,0,,,,1.9593166,0.0,0.0,0.0,31.72
11,13,3,0,,,,1.673,0.0,0.0,0.0,25.75
11,14,3,0,,,,1.7556,0.0,0.0,0.0,42.83
11,15,3,0,,,,0.8289833,0.0,0.0,0.0,13.12
11,16,3,0,,,,0.04460007,0.0,0.0,0.0,0.7
11,17,3,0,,,,9.9999994e-08,0.0,0.0,0.0,0.0
11,18,3,0,,,,9.9999994e-08,0.0,0.0,0.0,0.0
11,19,3,0,,,,9.9999994e-08,0.0,0.0,0.0,0.0
11,20,3,0,,,,9.9999994e-08,0.0,0.0,0.0,0.0
11,21,3,0,,,,9.9999994e-08,0.0,0.0,0.0,0.0
11,22,3,0,,,,9.9999994e-08,0.0,0.0,0.0,0.0
11,23,3,0,,,,9.9999994e-08,0.0,0.0,0.0,0.0
11,24,3,0,,,,9.9999994e-08,0.0,0.0,0.0,0.0
11,1,4,0,,,,9.9999994e-08,0.0,0.0,0.0,0.0
11,2,4,0,,,,9.9999994e-08,0.0,0.0,0.0,0.0
11,3,4,0,,,,9.9999994e-08,0.0,0.0,0.0,0.0
11,4,4,0,,,,9.9999994e-08,0.0,0.0,0.0,0.0
11,5,4,0,,,,9.9999994e-08,0.0,0.0,0.0,0.0
11,6,4,0,,,,0.005766753,0.0,0.0,0.0,0.0
11,7,4,0,,,,0.5715,0.0,0.0,0.0,0.0
11,8,4,0,,,,1.5263166,0.0,0.0,0.0,0.0
11,9,4,0,,,,2.27645,0.0,0.0,0.0,59.5
11,10,4,0,,,,2.7666166,0.0,0.0,0.0,48.1
11,11,4,0,,,,2.98995,0.0,0.0,0.0,50.56
11,12,4,0,,,,2.9422667,0.0,0.0,0.0,93.49
11,13,4,0,,,,2.6326,0.0,0.0,0.0,29.97
11,14,4,0,,,,2.0324,0.0,0.0,0.0,50.39
11,15,4,0,,,,1.1349167,0.0,0.0,0.0,91.94
11,16,4,0,,,,0.13786672,0.0,0.0,0.0,22.08
11,17,4,0,,,,9.9999994e-08,0.0,0.0,0.0,0.0
11,18,4,0,,,,9.9999994e-08,0.0,0.0,0.0,0.0
11,19,4,0,,,,9.9999994e-08,0.0,0.0,0.0,0.0
11,20,4,0,,,,9.9999994e-08,0.0,0.0,0.0,0.0
11,21,4,0,,,,9.9999994e-08,0.0,0.0,0.0,0.0
11,22,4,0,,,,9.9999994e-08,0.0,0.0,0.0,0.0
11,23,4,0,,,,9.9999994e-08,0.0,0.0,0.0,0.0
11,24,4,0,,,,9.9999994e-08,0.0,0.0,0.0,0.0
11,1,5,0,,,,9.9999994e-08,0.0,0.0,0.0,0.0
11,2,5,0,,,,9.9999994e-08,0.0,0.0,0.0,0.0
11,3,5,0,,,,9.9999994e-08,0.0,0.0,0.0,0.0
11,4,5,0,,,,9.9999994e-08,0.0,0.0,0.0,0.0
11,5,5,0,,,,9.9999994e-08,0.0,0.0,0.0,0.0
11,6,5,0,,,,0.004716755,0.0,0.0,0.0,0.0
11,7,5,0,,,,0.5636167,0.0,0.0,0.0,0.0
11,8,5,0,,,,1.5037833,0.0,0.0,0.0,0.0
11,9,5,0,,,,2.2505667,0.0,0.0,0.0,7.15
11,10,5,0,,,,2.7368,0.0,0.0,0.0,33.48
11,11,5,0,,,,2.9458666,0.0,0.0,0.0,38.09
11,12,5,0,,,,2.8921168,0.0,0.0,0.0,25.81
11,13,5,0,,,,2.5286334,0.0,0.0,0.0,22.08
11,14,5,0,,,,1.9369333,0.0,0.0,0.0,16.34
11,15,5,0,,,,1.1334167,0.0,0.0,0.0,7.71
11,16,5,0,,,,0.16658337,0.0,0.0,0.0,1.63
11,17,5,0,,,,9.9999994e-08,0.0,0.0,0.0,0.0
11,18,5,0,,,,9.9999994e-08,0.0,0.0,0.0,0.0
11,19,5,0,,,,9.9999994e-08,0.0,0.0,0.0,0.0
11,20,5,0,,,,9.9999994e-08,0.0,0.0,0.0,0.0
11,21,5,0,,,,9.9999994e-08,0.0,0.0,0.0,0.0
11,22,5,0,,,,9.9999994e-08,0.0,0.0,0.0,0.0
11,23,5,0,,,,9.9999994e-08,0.0,0.0,0.0,0.0
11,24,5,0,,,,9.9999994e-08,0.0,0.0,0.0,0.0
11,1,6,0,,,,9.9999994e-08,0.0,0.0,0.0,0.0
11,2,6,0,,,,9.9999994e-08,0.0,0.0,0.0,0.0
11,3,6,0,,,,9.9999994e-08,0.0,0.0,0.0,0.0
11,4,6,0,,,,9.9999994e-08,0.0,0.0,0.0,0.0
11,5,6,0,,,,9.9999994e-08,0.0,0.0,0.0,0.0
11,6,6,0,,,,0.0046334215,0.0,0.0,0.0,0.0
11,7,6,0,,,,0.55736667,0.0,0.0,0.0,0.0
11,8,6,0,,,,1.45115,0.0,0.0,0.0,0.0
11,9,6,0,,,,2.0286167,0.0,0.0,0.0,6.45
11,10,6,0,,,,1.6423666,0.0,0.0,0.0,31.43
11,11,6,0,,,,1.1414,0.0,0.0,0.0,42.04
11,12,6,0,,,,0.94705,0.0,0.0,0.0,60.8
11,13,6,0,,,,0.89915,0.0,0.0,0.0,39.55
11,14,6,0,,,,1.8561667,0.0,0.0,0.0,47.25
11,15,6,0,,,,0.47163334,0.0,0.0,0.0,28.2
11,16,6,0,,,,9.833333e-08,0.0,0.0,0.0,8.19
11,17,6,0,,,,9.9999994e-08,0.0,0.0,0.0,0.0
11,18,6,0,,,,9.9999994e-08,0.0,0.0,0.0,0.0
11,19,6,0,,,,9.9999994e-08,0.0,0.0,0.0,0.0
11,20,6,0,,,,9.9999994e-08,0.0,0.0,0.0,0.0
11,21,6,0,,,,9.9999994e-08,0.0,0.0,0.0,0.0
11,22,6,0,,,,9.9999994e-08,0.0,0.0,0.0,0.0
11,23,6,0,,,,9.9999994e-08,0.0,0.0,0.0,0.0
11,24,6,0,,,,9.9999994e-08,0.0,0.0,0.0,0.0
11,1,7,0,,,,9.9999994e-08,0.0,0.0,0.0,0.0
11,2,7,0,,,,9.9999994e-08,0.0,0.0,0.0,0.0
11,3,7,0,,,,9.9999994e-08,0.0,0.0,0.0,0.0
11,4,7,0,,,,9.9999994e-08,0.0,0.0,0.0,0.0
11,5,7,0,,,,9.9999994e-08,0.0,0.0,0.0,0.0
11,6,7,0,,,,9.9999994e-08,0.0,0.0,0.0,0.0
11,7,7,0,,,,0.014233395,0.0,0.0,0.0,0.0
11,8,7,0,,,,0.64211667,0.0,0.0,0.0,0.0
11,9,7,0,,,,1.6778,0.0,0.0,0.0,4.74
11,10,7,0,,,,2.2541332,0.0,0.0,0.0,13.53
11,11,7,0,,,,1.8913,0.0,0.0,0.0,47.9
11,12,7,0,,,,2.1342332,0.0,0.0,0.0,36.2
11,13,7,0,,,,1.3217,0.0,0.0,0.0,29.36
11,14,7,0,,,,0.42053333,0.0,0.0,0.0,27.13
11,15,7,0,,,,0.02120006,0.0,0.0,0.0,22.72
11,16,7,0,,,,9.9999994e-08,0.0,0.0,0.0,46.5
11,17,7,0,,,,9.9999994e-08,0.0,0.0,0.0,0.0
11,18,7,0,,,,9.9999994e-08,0.0,0.0,0.0,0.0
11,19,7,0,,,,9.9999994e-08,0.0,0.0,0.0,0.0
11,20,7,0,,,,9.9999994e-08,0.0,0.0,0.0,0.0
11,21,7,0,,,,9.9999994e-08,0.0,0.0,0.0,0.0
11,22,7,0,,,,9.9999994e-08,0.0,0.0,0.0,0.0
11,23,7,0,,,,9.9999994e-08,0.0,0.0,0.0,0.0
11,24,7,0,,,,9.9999994e-08,0.0,0.0,0.0,0.0
11,1,1,0,,,,9.9999994e-08,0.0,0.0,0.0,0.0
11,2,1,0,,,,9.9999994e-08,0.0,0.0,0.0,0.0
11,3,1,0,,,,9.9999994e-08,0.0,0.0,0.0,0.0
11,4,1,0,,,,9.9999994e-08,0.0,0.0,0.0,0.0
11,5,1,0,,,,9.9999994e-08,0.0,0.0,0.0,0.0
11,6,1,0,,,,9.9999994e-08,0.0,0.0,0.0,0.0
11,7,1,0,,,,0.03761672,0.0,0.0,0.0,0.0
11,8,1,0,,,,0.14236668,0.0,0.0,0.0,0.0
11,9,1,0,,,,0.7048,0.0,0.0,0.0,5.42
11,10,1,0,,,,0.74198335,0.0,0.0,0.0,18.08
11,11,1,0,,,,0.4064667,0.0,0.0,0.0,35.47
11,12,1,0,,,,0.0011000934,0.0,0.0,0.0,35.49
11,13,1,0,,,,0.18796672,0.0,0.0,0.0,31.63
11,14,1,0,,,,0.04056672,0.0,0.0,0.0,28.59
11,15,1,0,,,,0.0017334233,0.0,0.0,0.0,27.09
11,16,1,0,,,,9.9999994e-08,0.0,0.0,0.0,127.52
11,17,1,0,,,,9.9999994e-08,0.0,0.0,0.0,0.0
11,18,1,0,,,,9.9999994e-08,0.0,0.0,0.0,0.0
11,19,1,0,,,,9.9999994e-08,0.0,0.0,0.0,0.0
11,20,1,0,,,,9.9999994e-08,0.0,0.0,0.0,0.0
11,21,1,0,,,,9.9999994e-08,0.0,0.0,0.0,0.0
11,22,1,0,,,,9.9999994e-08,0.0,0.0,0.0,0.0
11,23,1,0,,,,9.9999994e-08,0.0,0.0,0.0,0.0
11,24,1,0,,,,9.9999994e-08,0.0,0.0,0.0,0.0
11,1,2,0,,,,9.9999994e-08,0.0,0.0,0.0,0.0
11,2,2,0,,,,9.9999994e-08,0.0,0.0,0.0,0.0
11,3,2,0,,,,9.9999994e-08,0.0,0.0,0.0,0.0
11,4,2,0,,,,9.9999994e-08,0.0,0.0,0.0,0.0
11,5,2,0,,,,9.9999994e-08,0.0,0.0,0.0,0.0
11,6,2,0,,,,0.00121676,0.0,0.0,0.0,0.0
11,7,2,0,,,,0.48416665,0.0,0.0,0.0,0.0
11,8,2,0,,,,1.4075834,0.0,0.0,0.0,0.0
11,9,2,0,,,,2.10225,0.0,0.0,0.0,116.2
11,10,2,0,,,,2.5108,0.0,0.0,0.0,437.88
11,11,2,0,,,,2.5446334,0.0,0.0,0.0,460.32
11,12,2,0,,,,2.6945333,0.0,0.0,0.0,693.35
11,13,2,0,,,,2.3881667,0.0,0.0,0.0,673.82
11,14,2,0,,,,1.8799167,0.0,0.0,0.0,563.46
11,15,2,0,,,,1.0839833,0.0,0.0,0.0,464.11
11,16,2,0,,,,0.11641673,0.0,0.0,0.0,241.78
11,17,2,0,,,,9.9999994e-08,0.0,0.0,0.0,0.0
11,18,2,0,,,,9.9999994e-08,0.0,0.0,0.0,0.0
11,19,2,0,,,,9.9999994e-08,0.0,0.0,0.0,0.0
11,20,2,0,,,,9.9999994e-08,0.0,0.0,0.0,0.0
11,21,2,0,,,,9.9999994e-08,0.0,0.0,0.0,0.0
11,22,2,0,,,,9.9999994e-08,0.0,0.0,0.0,0.0
11,23,2,0,,,,9.9999994e-08,0.0,0.0,0.0,0.0
11,24,2,0,,,,9.9999994e-08,0.0,0.0,0.0,0.0
11,1,3,0,,,,9.9999994e-08,0.0,0.0,0.0,0.0
11,2,3,0,,,,9.9999994e-08,0.0,0.0,0.0,0.0
11,3,3,0,,,,9.9999994e-08,0.0,0.0,0.0,0.0
11,4,3,0,,,,9.9999994e-08,0.0,0.0,0.0,0.0
11,5,3,0,,,,9.9999994e-08,0.0,0.0,0.0,0.0
11,6,3,0,,,,0.00010009833,0.0,0.0,0.0,0.0
11,7,3,0,,,,0.20806669,0.0,0.0,0.0,0.0
11,8,3,0,,,,1.411,0.0,0.0,0.0,0.0
11,9,3,0,,,,1.9506667,0.0,0.0,0.0,68.44
11,10,3,0,,,,2.3698666,0.0,0.0,0.0,289.2
11,11,3,0,,,,2.7295833,0.0,0.0,0.0,419.51
11,12,3,0,,,,2.7186,0.0,0.0,0.0,562.04
11,13,3,0,,,,2.2606332,0.0,0.0,0.0,569.83
11,14,3,0,,,,1.6872166,0.0,0.0,0.0,494.04
11,15,3,0,,,,0.84765,0.0,0.0,0.0,305.49
11,16,3,0,,,,0.028850075,0.0,0.0,0.0,117.75
11,17,3,0,,,,9.9999994e-08,0.0,0.0,0.0,0.0
11,18,3,0,,,,9.9999994e-08,0.0,0.0,0.0,0.0
11,19,3,0,,,,9.9999994e-08,0.0,0.0,0.0,0.0
11,20,3,0,,,,9.9999994e-08,0.0,0.0,0.0,0.0
11,21,3,0,,,,9.9999994e-08,0.0,0.0,0.0,0.0
11,22,3,0,,,,9.9999994e-08,0.0,0.0,0.0,0.0
11,23,3,0,,,,9.9999994e-08,0.0,0.0,0.0,0.0
11,24,3,0,,,,9.9999994e-08,0.0,0.0,0.0,0.0
11,1,4,0,,,,9.9999994e-08,0.0,0.0,0.0,0.0
11,2,4,0,,,,9.9999994e-08,0.0,0.0,0.0,0.0
11,3,4,0,,,,9.9999994e-08,0.0,0.0,0.0,0.0
11,4,4,0,,,,9.9999994e-08,0.0,0.0,0.0,0.0
11,5,4,0,,,,9.9999994e-08,0.0,0.0,0.0,0.0
11,6,4,0,,,,0.00026676332,0.0,0.0,0.0,0.0
11,7,4,0,,,,0.49485,0.0,0.0,0.0,0.0
11,8,4,0,,,,1.4540334,0.0,0.0,0.0,0.0
11,9,4,0,,,,2.2334,0.0,0.0,0.0,27.98
11,10,4,0,,,,2.7457333,0.0,0.0,0.0,156.04
11,11,4,0,,,,2.9855,0.0,0.0,0.0,356.68
11,12,4,0,,,,2.9397166,0.0,0.0,0.0,481.8
11,13,4,0,,,,2.6008832,0.0,0.0,0.0,595.13
11,14,4,0,,,,1.9897833,0.0,0.0,0.0,502.39
11,15,4,0,,,,1.1090333,0.0,0.0,0.0,391.34
11,16,4,0,,,,0.12663339,0.0,0.0,0.0,200.96
11,17,4,0,,,,9.9999994e-08,0.0,0.0,0.0,0.0
11,18,4,0,,,,9.9999994e-08,0.0,0.0,0.0,0.0
11,19,4,0,,,,9.9999994e-08,0.0,0.0,0.0,0.0
11,20,4,0,,,,9.9999994e-08,0.0,0.0,0.0,0.0
11,21,4,0,,,,9.9999994e-08,0.0,0.0,0.0,0.0
11,22,4,0,,,,9.9999994e-08,0.0,0.0,0.0,0.0
11,23,4,0,,,,9.9999994e-08,0.0,0.0,0.0,0.0
11,24,4,0,,,,9.9999994e-08,0.0,0.0,0.0,0.0
11,1,5,0,,,,9.9999994e-08,0.0,0.0,0.0,0.0
11,2,5,0,,,,9.9999994e-08,0.0,0.0,0.0,0.0
11,3,5,0,,,,9.9999994e-08,0.0,0.0,0.0,0.0
11,4,5,0,,,,9.9999994e-08,0.0,0.0,0.0,0.0
11,5,5,0,,,,9.9999994e-08,0.0,0.0,0.0,0.0
11,6,5,0,,,,0.00020009666,0.0,0.0,0.0,0.0
11,7,5,0,,,,0.48925,0.0,0.0,0.0,0.0
11,8,5,0,,,,1.4405167,0.0,0.0,0.0,0.0
11,9,5,0,,,,2.14815,0.0,0.0,0.0,3.33
11,10,5,0,,,,2.5769668,0.0,0.0,0.0,42.83
11,11,5,0,,,,2.7901165,0.0,0.0,0.0,121.48
11,12,5,0,,,,2.7241333,0.0,0.0,0.0,104.71
11,13,5,0,,,,2.4073,0.0,0.0,0.0,205.9
11,14,5,0,,,,1.8907,0.0,0.0,0.0,138.84
11,15,5,0,,,,1.0667334,0.0,0.0,0.0,266.7
11,16,5,0,,,,0.123850055,0.0,0.0,0.0,106.64
11,17,5,0,,,,9.9999994e-08,0.0,0.0,0.0,0.0
11,18,5,0,,,,9.9999994e-08,0.0,0.0,0.0,0.0
11,19,5,0,,,,9.9999994e-08,0.0,0.0,0.0,0.0
11,20,5,0,,,,9.9999994e-08,0.0,0.0,0.0,0.0
11,21,5,0,,,,9.9999994e-08,0.0,0.0,0.0,0.0
11,22,5,0,,,,9.9999994e-08,0.0,0.0,0.0,0.0
11,23,5,0,,,,9.9999994e-08,0.0,0.0,0.0,0.0
11,24,5,0,,,,9.9999994e-08,0.0,0.0,0.0,0.0
11,1,6,0,,,,9.9999994e-08,0.0,0.0,0.0,0.0
11,2,6,0,,,,9.9999994e-08,0.0,0.0,0.0,0.0
11,3,6,0,,,,9.9999994e-08,0.0,0.0,0.0,0.0
11,4,6,0,,,,9.9999994e-08,0.0,0.0,0.0,0.0
11,5,6,0,,,,9.9999994e-08,0.0,0.0,0.0,0.0
11,6,6,0,,,,9.9999994e-08,0.0,0.0,0.0,0.0
11,7,6,0,,,,0.38110003,0.0,0.0,0.0,0.0
11,8,6,0,,,,1.3699833,0.0,0.0,0.0,0.0
11,9,6,0,,,,2.1389167,0.0,0.0,0.0,31.5
11,10,6,0,,,,2.6222334,0.0,0.0,0.0,191.92
11,11,6,0,,,,2.7276,0.0,0.0,0.0,488.91
11,12,6,0,,,,1.9682833,0.0,0.0,0.0,577.96
11,13,6,0,,,,0.71166664,0.0,0.0,0.0,599.8
11,14,6,0,,,,0.10298339,0.0,0.0,0.0,494.55
11,15,6,0,,,,9.9999994e-08,0.0,0.0,0.0,364.3
11,16,6,0,,,,9.9999994e-08,0.0,0.0,0.0,24.04
11,17,6,0,,,,9.9999994e-08,0.0,0.0,0.0,0.0
11,18,6,0,,,,9.9999994e-08,0.0,0.0,0.0,0.0
11,19,6,0,,,,9.9999994e-08,0.0,0.0,0.0,0.0
11,20,6,0,,,,9.9999994e-08,0.0,0.0,0.0,0.0
11,21,6,0,,,,9.9999994e-08,0.0,0.0,0.0,0.0
11,22,6,0,,,,9.9999994e-08,0.0,0.0,0.0,0.0
11,23,6,0,,,,9.9999994e-08,0.0,0.0,0.0,0.0
11,24,6,0,,,,9.9999994e-08,0.0,0.0,0.0,0.0
11,1,7,0,,,,9.9999994e-08,0.0,0.0,0.0,0.0
11,2,7,0,,,,9.9999994e-08,0.0,0.0,0.0,0.0
11,3,7,0,,,,9.9999994e-08,0.0,0.0,0.0,0.0
11,4,7,0,,,,9.9999994e-08,0.0,0.0,0.0,0.0
11,5,7,0,,,,9.9999994e-08,0.0,0.0,0.0,0.0
11,6,7,0,,,,9.9999994e-08,0.0,0.0,0.0,0.0
11,7,7,0,,,,0.04458338,0.0,0.0,0.0,0.0
11,8,7,0,,,,0.026000062,0.0,0.0,0.0,0.0
11,9,7,0,,,,0.00938341,0.0,0.0,0.0,55.47
11,10,7,0,,,,9.9999994e-08,0.0,0.0,0.0,205.03
11,11,7,0,,,,0.00055009336,0.0,0.0,0.0,80.0
11,12,7,0,,,,0.072533354,0.0,0.0,0.0,56.98
11,13,7,0,,,,0.15691671,0.0,0.0,0.0,42.33
11,14,7,0,,,,9.9999994e-08,0.0,0.0,0.0,39.84
11,15,7,0,,,,0.00743341,0.0,0.0,0.0,26.76
11,16,7,0,,,,9.9999994e-08,0.0,0.0,0.0,3.18
11,17,7,0,,,,9.9999994e-08,0.0,0.0,0.0,0.0
11,18,7,0,,,,9.9999994e-08,0.0,0.0,0.0,0.0
11,19,7,0,,,,9.9999994e-08,0.0,0.0,0.0,0.0
11,20,7,0,,,,9.9999994e-08,0.0,0.0,0.0,0.0
11,21,7,0,,,,9.9999994e-08,0.0,0.0,0.0,0.0
11,22,7,0,,,,9.9999994e-08,0.0,0.0,0.0,0.0
11,23,7,0,,,,9.9999994e-08,0.0,0.0,0.0,0.0
11,24,7,0,,,,9.9999994e-08,0.0,0.0,0.0,0.0
11,1,1,0,,,,9.9999994e-08,0.0,0.0,0.0,0.0
11,2,1,0,,,,9.9999994e-08,0.0,0.0,0.0,0.0
11,3,1,0,,,,9.9999994e-08,0.0,0.0,0.0,0.0
11,4,1,0,,,,9.9999994e-08,0.0,0.0,0.0,0.0
11,5,1,0,,,,9.9999994e-08,0.0,0.0,0.0,0.0
11,6,1,0,,,,9.9999994e-08,0.0,0.0,0.0,0.0
11,7,1,0,,,,0.4135,0.0,0.0,0.0,0.0
11,8,1,0,,,,0.91176665,0.0,0.0,0.0,0.0
11,9,1,0,,,,0.74481666,0.0,0.0,0.0,1.24
11,10,1,0,,,,1.9440167,0.0,0.0,0.0,26.39
11,11,1,0,,,,2.6517334,0.0,0.0,0.0,43.51
11,12,1,0,,,,1.8715167,0.0,0.0,0.0,38.65
11,13,1,0,,,,1.3747,0.0,0.0,0.0,28.48
11,14,1,0,,,,0.31725,0.0,0.0,0.0,16.63
11,15,1,0,,,,0.33813334,0.0,0.0,0.0,34.54
11,16,1,0,,,,0.0286334,0.0,0.0,0.0,7.25
11,17,1,0,,,,9.9999994e-08,0.0,0.0,0.0,0.0
11,18,1,0,,,,9.9999994e-08,0.0,0.0,0.0,0.0
11,19,1,0,,,,9.9999994e-08,0.0,0.0,0.0,0.0
11,20,1,0,,,,9.9999994e-08,0.0,0.0,0.0,0.0
11,21,1,0,,,,9.9999994e-08,0.0,0.0,0.0,0.0
11,22,1,0,,,,9.9999994e-08,0.0,0.0,0.0,0.0
11,23,1,0,,,,9.9999994e-08,0.0,0.0,0.0,0.0
11,24,1,0,,,,9.9999994e-08,0.0,0.0,0.0,0.0
11,1,2,0,,,,9.9999994e-08,0.0,0.0,0.0,0.0
11,2,2,0,,,,9.9999994e-08,0.0,0.0,0.0,0.0
11,3,2,0,,,,9.9999994e-08,0.0,0.0,0.0,0.0
11,4,2,0,,,,9.9999994e-08,0.0,0.0,0.0,0.0
11,5,2,0,,,,9.9999994e-08,0.0,0.0,0.0,0.0
11,6,2,0,,,,9.9999994e-08,0.0,0.0,0.0,0.0
11,7,2,0,,,,0.43666667,0.0,0.0,0.0,0.0
11,8,2,0,,,,1.40035,0.0,0.0,0.0,0.0
11,9,2,0,,,,2.1637,0.0,0.0,0.0,0.0
11,10,2,0,,,,2.6672168,0.0,0.0,0.0,6.53
11,11,2,0,,,,2.9142833,0.0,0.0,0.0,22.8
11,12,2,0,,,,2.8878584,0.0,0.0,0.0,12.91
11,13,2,0,,,,2.5711167,0.0,0.0,0.0,36.34
11,14,2,0,,,,2.0029333,0.0,0.0,0.0,14.97
11,15,2,0,,,,1.1405166,0.0,0.0,0.0,25.76
11,16,2,0,,,,0.111333385,0.0,0.0,0.0,9.65
11,17,2,0,,,,9.9999994e-08,0.0,0.0,0.0,0.0
11,18,2,0,,,,9.9999994e-08,0.0,0.0,0.0,0.0
11,19,2,0,,,,9.9999994e-08,0.0,0.0,0.0,0.0
11,20,2,0,,,,9.9999994e-08,0.0,0.0,0.0,0.0
11,21,2,0,,,,9.9999994e-08,0.0,0.0,0.0,0.0
11,22,2,0,,,,9.9999994e-08,0.0,0.0,0.0,0.0
11,23,2,0,,,,9.9999994e-08,0.0,0.0,0.0,0.0
11,24,2,0,,,,9.9999994e-08,0.0,0.0,0.0,0.0
11,1,3,0,,,,9.9999994e-08,0.0,0.0,0.0,0.0
11,2,3,0,,,,9.9999994e-08,0.0,0.0,0.0,0.0
11,3,3,0,,,,9.9999994e-08,0.0,0.0,0.0,0.0
11,4,3,0,,,,9.9999994e-08,0.0,0.0,0.0,0.0
11,5,3,0,,,,9.9999994e-08,0.0,0.0,0.0,0.0
11,6,3,0,,,,9.9999994e-08,0.0,0.0,0.0,0.0
11,7,3,0,,,,0.44765,0.0,0.0,0.0,0.0
11,8,3,0,,,,1.3862333,0.0,0.0,0.0,0.0
11,9,3,0,,,,2.11415,0.0,0.0,0.0,36.91
11,10,3,0,,,,2.5514667,0.0,0.0,0.0,302.03
11,11,3,0,,,,2.4025667,0.0,0.0,0.0,513.19
11,12,3,0,,,,2.7171166,0.0,0.0,0.0,339.64
11,13,3,0,,,,2.4155667,0.0,0.0,0.0,132.6
11,14,3,0,,,,1.8582833,0.0,0.0,0.0,136.84
11,15,3,0,,,,1.0396167,0.0,0.0,0.0,33.99
11,16,3,0,,,,0.13202228,0.0,0.0,0.0,4.77
11,17,3,0,,,,9.9999994e-08,0.0,0.0,0.0,0.0
11,18,3,0,,,,9.9999994e-08,0.0,0.0,0.0,0.0
11,19,3,0,,,,9.9999994e-08,0.0,0.0,0.0,0.0
11,20,3,0,,,,9.9999994e-08,0.0,0.0,0.0,0.0
11,21,3,0,,,,9.9999994e-08,0.0,0.0,0.0,0.0
11,22,3,0,,,,9.9999994e-08,0.0,0.0,0.0,0.0
11,23,3,0,,,,9.9999994e-08,0.0,0.0,0.0,0.0
11,24,3,0,,,,9.9999994e-08,0.0,0.0,0.0,0.0
12,1,4,0,,,,9.9999994e-08,0.0,0.0,0.0,0.0
12,2,4,0,,,,9.9999994e-08,0.0,0.0,0.0,0.0
12,3,4,0,,,,9.9999994e-08,0.0,0.0,0.0,0.0
12,4,4,0,,,,9.9999994e-08,0.0,0.0,0.0,0.0
12,5,4,0,,,,9.9999994e-08,0.0,0.0,0.0,0.0
12,6,4,0,,,,9.9999994e-08,0.0,0.0,0.0,0.0
12,7,4,0,,,,0.10491672,0.0,0.0,0.0,0.0
12,8,4,0,,,,0.59153336,0.0,0.0,0.0,0.0
12,9,4,0,,,,1.35355,0.0,0.0,0.0,1.7
12,10,4,0,,,,1.30865,0.0,0.0,0.0,71.08
12,11,4,0,,,,1.0554,0.0,0.0,0.0,532.17
12,12,4,0,,,,2.3060834,0.0,0.0,0.0,656.48
12,13,4,0,,,,2.2018332,0.0,0.0,0.0,636.67
12,14,4,0,,,,1.4390416,0.0,0.0,0.0,582.72
12,15,4,0,,,,1.00245,0.0,0.0,0.0,367.53
12,16,4,0,,,,0.08589451,0.0,0.0,0.0,2.16
12,17,4,0,,,,9.9999994e-08,0.0,0.0,0.0,0.0
12,18,4,0,,,,9.9999994e-08,0.0,0.0,0.0,0.0
12,19,4,0,,,,9.9999994e-08,0.0,0.0,0.0,0.0
12,20,4,0,,,,9.9999994e-08,0.0,0.0,0.0,0.0
12,21,4,0,,,,9.9999994e-08,0.0,0.0,0.0,0.0
12,22,4,0,,,,9.9999994e-08,0.0,0.0,0.0,0.0
12,23,4,0,,,,9.9999994e-08,0.0,0.0,0.0,0.0
12,24,4,0,,,,9.9999994e-08,0.0,0.0,0.0,0.0
12,1,5,0,,,,9.9999994e-08,0.0,0.0,0.0,0.0
12,2,5,0,,,,9.9999994e-08,0.0,0.0,0.0,0.0
12,3,5,0,,,,9.9999994e-08,0.0,0.0,0.0,0.0
12,4,5,0,,,,9.9999994e-08,0.0,0.0,0.0,0.0
12,5,5,0,,,,9.9999994e-08,0.0,0.0,0.0,0.0
12,6,5,0,,,,9.9999994e-08,0.0,0.0,0.0,0.0
12,7,5,0,,,,0.41218334,0.0,0.0,0.0,0.0
12,8,5,0,,,,1.2999166,0.0,0.0,0.0,0.0
12,9,5,0,,,,1.9514333,0.0,0.0,0.0,2.2
12,10,5,0,,,,2.6604333,0.0,0.0,0.0,36.91
12,11,5,0,,,,2.8611,0.0,0.0,0.0,111.48
12,12,5,0,,,,2.8226,0.0,0.0,0.0,90.37
12,13,5,0,,,,2.5511,0.0,0.0,0.0,187.16
12,14,5,0,,,,1.9870445,0.0,0.0,0.0,75.9
12,15,5,0,,,,1.12885,0.0,0.0,0.0,31.47
12,16,5,0,,,,0.14098895,0.0,0.0,0.0,8.93
12,17,5,0,,,,9.9999994e-08,0.0,0.0,0.0,0.0
12,18,5,0,,,,9.9999994e-08,0.0,0.0,0.0,0.0
12,19,5,0,,,,9.9999994e-08,0.0,0.0,0.0,0.0
12,20,5,0,,,,9.9999994e-08,0.0,0.0,0.0,0.0
12,21,5,0,,,,9.9999994e-08,0.0,0.0,0.0,0.0
12,22,5,0,,,,9.9999994e-08,0.0,0.0,0.0,0.0
12,23,5,0,,,,9.9999994e-08,0.0,0.0,0.0,0.0
12,24,5,0,,,,9.9999994e-08,0.0,0.0,0.0,0.0
12,1,6,0,,,,9.9999994e-08,0.0,0.0,0.0,0.0
12,2,6,0,,,,9.9999994e-08,0.0,0.0,0.0,0.0
12,3,6,0,,,,9.9999994e-08,0.0,0.0,0.0,0.0
12,4,6,0,,,,9.9999994e-08,0.0,0.0,0.0,0.0
12,5,6,0,,,,9.9999994e-08,0.0,0.0,0.0,0.0
12,6,6,0,,,,9.9999994e-08,0.0,0.0,0.0,0.0
12,7,6,0,,,,0.40846667,0.0,0.0,0.0,0.0
12,8,6,0,,,,1.3599666,0.0,0.0,0.0,0.0
12,9,6,0,,,,2.1194832,0.0,0.0,0.0,0.8
12,10,6,0,,,,2.6142666,0.0,0.0,0.0,10.53
12,11,6,0,,,,2.8590167,0.0,0.0,0.0,38.68
12,12,6,0,,,,2.8119166,0.0,0.0,0.0,35.46
12,13,6,0,,,,2.5370834,0.0,0.0,0.0,29.25
12,14,6,0,,,,1.9690666,0.0,0.0,0.0,17.37
12,15,6,0,,,,1.1190112,0.0,0.0,0.0,27.75
12,16,6,0,,,,0.13995005,0.0,0.0,0.0,13.38
12,17,6,0,,,,9.9986366e-08,0.0,0.0,0.0,0.0
12,18,6,0,,,,9.9999994e-08,0.0,0.0,0.0,0.0
12,19,6,0,,,,9.9999994e-08,0.0,0.0,0.0,0.0
12,20,6,0,,,,9.9999994e-08,0.0,0.0,0.0,0.0
12,21,6,0,,,,9.9999994e-08,0.0,0.0,0.0,0.0
12,22,6,0,,,,9.9999994e-08,0.0,0.0,0.0,0.0
12,23,6,0,,,,9.9999994e-08,0.0,0.0,0.0,0.0
12,24,6,0,,,,9.9999994e-08,0.0,0.0,0.0,0.0
12,1,7,0,,,,9.9999994e-08,0.0,0.0,0.0,0.0
12,2,7,0,,,,9.9999994e-08,0.0,0.0,0.0,0.0
12,3,7,0,,,,9.9999994e-08,0.0,0.0,0.0,0.0
12,4,7,0,,,,9.9999994e-08,0.0,0.0,0.0,0.0
12,5,7,0,,,,9.9999994e-08,0.0,0.0,0.0,0.0
12,6,7,0,,,,9.9999994e-08,0.0,0.0,0.0,0.0
12,7,7,0,,,,0.38823333,0.0,0.0,0.0,0.0
12,8,7,0,,,,1.3168334,0.0,0.0,0.0,0.0
12,9,7,0,,,,2.0444167,0.0,0.0,0.0,32.24
12,10,7,0,,,,2.4762833,0.0,0.0,0.0,189.37
12,11,7,0,,,,2.6951168,0.0,0.0,0.0,457.36
12,12,7,0,,,,2.6429334,0.0,0.0,0.0,574.37
12,13,7,0,,,,2.3858666,0.0,0.0,0.0,507.33
12,14,7,0,,,,1.6772166,0.0,0.0,0.0,540.24
12,15,7,0,,,,0.8695833,0.0,0.0,0.0,173.46
12,16,7,0,,,,0.019183408,0.0,0.0,0.0,10.77
12,17,7,0,,,,0.00080009835,0.0,0.0,0.0,0.0
12,18,7,0,,,,9.9999994e-08,0.0,0.0,0.0,0.0
12,19,7,0,,,,9.9999994e-08,0.0,0.0,0.0,0.0
12,20,7,0,,,,9.9999994e-08,0.0,0.0,0.0,0.0
12,21,7,0,,,,9.9999994e-08,0.0,0.0,0.0,0.0
12,22,7,0,,,,9.9999994e-08,0.0,0.0,0.0,0.0
12,23,7,0,,,,9.9999994e-08,0.0,0.0,0.0,0.0
12,24,7,0,,,,9.9999994e-08,0.0,0.0,0.0,0.0
12,1,1,0,,,,9.9999994e-08,0.0,0.0,0.0,0.0
12,2,1,0,,,,9.9999994e-08,0.0,0.0,0.0,0.0
12,3,1,0,,,,9.9999994e-08,0.0,0.0,0.0,0.0
12,4,1,0,,,,9.9999994e-08,0.0,0.0,0.0,0.0
12,5,1,0,,,,9.9999994e-08,0.0,0.0,0.0,0.0
12,6,1,0,,,,9.9999994e-08,0.0,0.0,0.0,0.0
12,7,1,0,,,,0.30590004,0.0,0.0,0.0,0.0
12,8,1,0,,,,0.89236665,0.0,0.0,0.0,0.0
12,9,1,0,,,,1.5266666,0.0,0.0,0.0,0.02
12,10,1,0,,,,1.4392556,0.0,0.0,0.0,37.9
12,11,1,0,,,,1.2474416,0.0,0.0,0.0,100.67
12,12,1,0,,,,1.4535,0.0,0.0,0.0,53.11
12,13,1,0,,,,1.7266,0.0,0.0,0.0,77.51
12,14,1,0,,,,1.4976667,0.0,0.0,0.0,533.48
12,15,1,0,,,,0.72285,0.0,0.0,0.0,391.25
12,16,1,0,,,,0.0435334,0.0,0.0,0.0,11.87
12,17,1,0,,,,9.9999994e-08,0.0,0.0,0.0,0.0
12,18,1,0,,,,9.9999994e-08,0.0,0.0,0.0,0.0
12,19,1,0,,,,9.9999994e-08,0.0,0.0,0.0,0.0
12,20,1,0,,,,9.9999994e-08,0.0,0.0,0.0,0.0
12,21,1,0,,,,9.9999994e-08,0.0,0.0,0.0,0.0
12,22,1,0,,,,9.9999994e-08,0.0,0.0,0.0,0.0
12,23,1,0,,,,9.9999994e-08,0.0,0.0,0.0,0.0
12,24,1,0,,,,9.833333e-08,0.0,0.0,0.0,0.0
12,1,2,0,,,,9.9999994e-08,0.0,0.0,0.0,0.0
12,2,2,0,,,,9.9999994e-08,0.0,0.0,0.0,0.0
12,3,2,0,,,,9.9999994e-08,0.0,0.0,0.0,0.0
12,4,2,0,,,,9.9999994e-08,0.0,0.0,0.0,0.0
12,5,2,0,,,,9.9999994e-08,0.0,0.0,0.0,0.0
12,6,2,0,,,,9.9999994e-08,0.0,0.0,0.0,0.0
12,7,2,0,,,,0.051300034,0.0,0.0,0.0,0.0
12,8,2,0,,,,0.16203333,0.0,0.0,0.0,0.0
12,9,2,0,,,,0.30978334,0.0,0.0,0.0,41.53
12,10,2,0,,,,0.96216667,0.0,0.0,0.0,351.52
12,11,2,0,,,,0.8002167,0.0,0.0,0.0,531.12
12,12,2,0,,,,0.7673,0.0,0.0,0.0,613.7
12,13,2,0,,,,0.1272,0.0,0.0,0.0,627.16
12,14,2,0,,,,0.0878,0.0,0.0,0.0,571.46
12,15,2,0,,,,9.9999994e-08,0.0,0.0,0.0,397.52
12,16,2,0,,,,9.9999994e-08,0.0,0.0,0.0,11.9
12,17,2,0,,,,9.9999994e-08,0.0,0.0,0.0,0.0
12,18,2,0,,,,9.9999994e-08,0.0,0.0,0.0,0.0
12,19,2,0,,,,9.9999994e-08,0.0,0.0,0.0,0.0
12,20,2,0,,,,9.9999994e-08,0.0,0.0,0.0,0.0
12,21,2,0,,,,9.9999994e-08,0.0,0.0,0.0,0.0
12,22,2,0,,,,9.9999994e-08,0.0,0.0,0.0,0.0
12,23,2,0,,,,9.9999994e-08,0.0,0.0,0.0,0.0
12,24,2,0,,,,9.9999994e-08,0.0,0.0,0.0,0.0
12,1,3,0,,,,9.9999994e-08,0.0,0.0,0.0,0.0
12,2,3,0,,,,9.9999994e-08,0.0,0.0,0.0,0.0
12,3,3,0,,,,9.9999994e-08,0.0,0.0,0.0,0.0
12,4,3,0,,,,9.9999994e-08,0.0,0.0,0.0,0.0
12,5,3,0,,,,9.9999994e-08,0.0,0.0,0.0,0.0
12,6,3,0,,,,9.9999994e-08,0.0,0.0,0.0,0.0
12,7,3,0,,,,0.015716717,0.0,0.0,0.0,0.0
12,8,3,0,,,,0.2589,0.0,0.0,0.0,0.0
12,9,3,0,,,,0.89273334,0.0,0.0,0.0,2.22
12,10,3,0,,,,2.0498,0.0,0.0,0.0,231.05
12,11,3,0,,,,2.2063334,0.0,0.0,0.0,408.42
12,12,3,0,,,,2.7402167,0.0,0.0,0.0,480.08
12,13,3,0,,,,2.4066668,0.0,0.0,0.0,585.65
12,14,3,0,,,,1.8245,0.0,0.0,0.0,598.62
12,15,3,0,,,,0.8632,0.0,0.0,0.0,459.59
12,16,3,0,,,,0.026466746,0.0,0.0,0.0,11.97
12,17,3,0,,,,9.9999994e-08,0.0,0.0,0.0,0.0
12,18,3,0,,,,9.9999994e-08,0.0,0.0,0.0,0.0
12,19,3,0,,,,9.9999994e-08,0.0,0.0,0.0,0.0
12,20,3,0,,,,9.9999994e-08,0.0,0.0,0.0,0.0
12,21,3,0,,,,9.9999994e-08,0.0,0.0,0.0,0.0
12,22,3,0,,,,9.9999994e-08,0.0,0.0,0.0,0.0
12,23,3,0,,,,9.9999994e-08,0.0,0.0,0.0,0.0
12,24,3,0,,,,9.9999994e-08,0.0,0.0,0.0,0.0
12,1,4,0,,,,9.9999994e-08,0.0,0.0,0.0,0.0
12,2,4,0,,,,9.9999994e-08,0.0,0.0,0.0,0.0
12,3,4,0,,,,9.9999994e-08,0.0,0.0,0.0,0.0
12,4,4,0,,,,9.9999994e-08,0.0,0.0,0.0,0.0
12,5,4,0,,,,9.9999994e-08,0.0,0.0,0.0,0.0
12,6,4,0,,,,9.9999994e-08,0.0,0.0,0.0,0.0
12,7,4,0,,,,0.17590003,0.0,0.0,0.0,0.0
12,8,4,0,,,,1.0963167,0.0,0.0,0.0,0.0
12,9,4,0,,,,1.8523166,0.0,0.0,0.0,24.96
12,10,4,0,,,,2.3416834,0.0,0.0,0.0,217.95
12,11,4,0,,,,2.5371,0.0,0.0,0.0,163.5
12,12,4,0,,,,2.5059166,0.0,0.0,0.0,155.5
12,13,4,0,,,,2.2330167,0.0,0.0,0.0,73.94
12,14,4,0,,,,1.5296333,0.0,0.0,0.0,496.38
12,15,4,0,,,,0.77975,0.0,0.0,0.0,151.35
12,16,4,0,,,,0.035950072,0.0,0.0,0.0,10.56
12,17,4,0,,,,9.9999994e-08,0.0,0.0,0.0,0.0
12,18,4,0,,,,9.9999994e-08,0.0,0.0,0.0,0.0
12,19,4,0,,,,9.9999994e-08,0.0,0.0,0.0,0.0
12,20,4,0,,,,9.9999994e-08,0.0,0.0,0.0,0.0
12,21,4,0,,,,9.9999994e-08,0.0,0.0,0.0,0.0
12,22,4,0,,,,9.9999994e-08,0.0,0.0,0.0,0.0
12,23,4,0,,,,9.9999994e-08,0.0,0.0,0.0,0.0
12,24,4,0,,,,9.9999994e-08,0.0,0.0,0.0,0.0
12,1,5,0,,,,9.9999994e-08,0.0,0.0,0.0,0.0
12,2,5,0,,,,9.9999994e-08,0.0,0.0,0.0,0.0
12,3,5,0,,,,9.9999994e-08,0.0,0.0,0.0,0.0
12,4,5,0,,,,9.9999994e-08,0.0,0.0,0.0,0.0
12,5,5,0,,,,9.833333e-08,0.0,0.0,0.0,0.0
12,6,5,0,,,,9.9999994e-08,0.0,0.0,0.0,0.0
12,7,5,0,,,,0.061116703,0.0,0.0,0.0,0.0
12,8,5,0,,,,0.7865,0.0,0.0,0.0,0.0
12,9,5,0,,,,1.2695333,0.0,0.0,0.0,0.0
12,10,5,0,,,,1.0604167,0.0,0.0,0.0,93.55
12,11,5,0,,,,1.24405,0.0,0.0,0.0,435.37
12,12,5,0,,,,1.8884667,0.0,0.0,0.0,257.47
12,13,5,0,,,,1.22715,0.0,0.0,0.0,637.97
12,14,5,0,,,,1.2757,0.0,0.0,0.0,481.42
12,15,5,0,,,,0.81018335,0.0,0.0,0.0,388.75
12,16,5,0,,,,0.048816737,0.0,0.0,0.0,10.57
12,17,5,0,,,,9.9999994e-08,0.0,0.0,0.0,0.0
12,18,5,0,,,,9.9999994e-08,0.0,0.0,0.0,0.0
12,19,5,0,,,,9.9999994e-08,0.0,0.0,0.0,0.0
12,20,5,0,,,,9.9999994e-08,0.0,0.0,0.0,0.0
12,21,5,0,,,,9.9999994e-08,0.0,0.0,0.0,0.0
12,22,5,0,,,,9.9999994e-08,0.0,0.0,0.0,0.0
12,23,5,0,,,,9.9999994e-08,0.0,0.0,0.0,0.0
12,24,5,0,,,,9.9999994e-08,0.0,0.0,0.0,0.0
12,1,6,0,,,,9.9999994e-08,0.0,0.0,0.0,0.0
12,2,6,0,,,,9.9999994e-08,0.0,0.0,0.0,0.0
12,3,6,0,,,,9.9999994e-08,0.0,0.0,0.0,0.0
12,4,6,0,,,,9.9999994e-08,0.0,0.0,0.0,0.0
12,5,6,0,,,,9.9999994e-08,0.0,0.0,0.0,0.0
12,6,6,0,,,,9.9999994e-08,0.0,0.0,0.0,0.0
12,7,6,0,,,,0.19315001,0.0,0.0,0.0,0.0
12,8,6,0,,,,0.6889667,0.0,0.0,0.0,0.0
12,9,6,0,,,,1.6848834,0.0,0.0,0.0,0.0
12,10,6,0,,,,2.1477334,0.0,0.0,0.0,15.99
12,11,6,0,,,,2.363,0.0,0.0,0.0,43.04
12,12,6,0,,,,2.29625,0.0,0.0,0.0,40.41
12,13,6,0,,,,1.9989834,0.0,0.0,0.0,26.5
12,14,6,0,,,,1.3218,0.0,0.0,0.0,28.71
12,15,6,0,,,,0.651,0.0,0.0,0.0,8.35
12,16,6,0,,,,0.018400084,0.0,0.0,0.0,5.33
12,17,6,0,,,,9.9999994e-08,0.0,0.0,0.0,0.0
12,18,6,0,,,,9.9999994e-08,0.0,0.0,0.0,0.0
12,19,6,0,,,,9.9999994e-08,0.0,0.0,0.0,0.0
12,20,6,0,,,,9.9999994e-08,0.0,0.0,0.0,0.0
12,21,6,0,,,,9.9999994e-08,0.0,0.0,0.0,0.0
12,22,6,0,,,,9.9999994e-08,0.0,0.0,0.0,0.0
12,23,6,0,,,,9.9999994e-08,0.0,0.0,0.0,0.0
12,24,6,0,,,,9.9999994e-08,0.0,0.0,0.0,0.0
12,1,7,0,,,,9.9999994e-08,0.0,0.0,0.0,0.0
12,2,7,0,,,,9.9999994e-08,0.0,0.0,0.0,0.0
12,3,7,0,,,,9.9999994e-08,0.0,0.0,0.0,0.0
12,4,7,0,,,,9.9999994e-08,0.0,0.0,0.0,0.0
12,5,7,0,,,,9.9999994e-08,0.0,0.0,0.0,0.0
12,6,7,0,,,,9.9999994e-08,0.0,0.0,0.0,0.0
12,7,7,0,,,,9.9999994e-08,0.0,0.0,0.0,0.0
12,8,7,0,,,,0.0036834134,0.0,0.0,0.0,0.0
12,9,7,0,,,,0.12553333,0.0,0.0,0.0,0.0
12,10,7,0,,,,0.3536,0.0,0.0,0.0,36.89
12,11,7,0,,,,0.25915,0.0,0.0,0.0,68.85
12,12,7,0,,,,0.28056666,0.0,0.0,0.0,89.77
12,13,7,0,,,,0.29043335,0.0,0.0,0.0,164.65
12,14,7,0,,,,0.019733405,0.0,0.0,0.0,170.97
12,15,7,0,,,,9.9999994e-08,0.0,0.0,0.0,107.58
12,16,7,0,,,,9.9999994e-08,0.0,0.0,0.0,6.5
12,17,7,0,,,,9.9999994e-08,0.0,0.0,0.0,0.0
12,18,7,0,,,,9.9999994e-08,0.0,0.0,0.0,0.0
12,19,7,0,,,,9.9999994e-08,0.0,0.0,0.0,0.0
12,20,7,0,,,,9.9999994e-08,0.0,0.0,0.0,0.0
12,21,7,0,,,,9.9999994e-08,0.0,0.0,0.0,0.0
12,22,7,0,,,,9.9999994e-08,0.0,0.0,0.0,0.0
12,23,7,0,,,,9.9999994e-08,0.0,0.0,0.0,0.0
12,24,7,0,,,,9.9999994e-08,0.0,0.0,0.0,0.0
12,1,1,0,,,,9.9999994e-08,0.0,0.0,0.0,0.0
12,2,1,0,,,,9.9999994e-08,0.0,0.0,0.0,0.0
12,3,1,0,,,,9.9999994e-08,0.0,0.0,0.0,0.0
12,4,1,0,,,,9.9999994e-08,0.0,0.0,0.0,0.0
12,5,1,0,,,,9.9999994e-08,0.0,0.0,0.0,0.0
12,6,1,0,,,,9.9999994e-08,0.0,0.0,0.0,0.0
12,7,1,0,,,,0.032833394,0.0,0.0,0.0,0.0
12,8,1,0,,,,0.5614667,0.0,0.0,0.0,0.0
12,9,1,0,,,,0.71888334,0.0,0.0,0.0,0.0
12,10,1,0,,,,0.37315,0.0,0.0,0.0,22.24
12,11,1,0,,,,0.44286665,0.0,0.0,0.0,51.59
12,12,1,0,,,,0.44205,0.0,0.0,0.0,45.93
12,13,1,0,,,,0.49278334,0.0,0.0,0.0,30.34
12,14,1,0,,,,0.36618334,0.0,0.0,0.0,52.84
12,15,1,0,,,,0.04790004,0.0,0.0,0.0,10.3
12,16,1,0,,,,9.9999994e-08,0.0,0.0,0.0,0.22
12,17,1,0,,,,9.9999994e-08,0.0,0.0,0.0,0.0
12,18,1,0,,,,9.9999994e-08,0.0,0.0,0.0,0.0
12,19,1,0,,,,9.9999994e-08,0.0,0.0,0.0,0.0
12,20,1,0,,,,9.9999994e-08,0.0,0.0,0.0,0.0
12,21,1,0,,,,9.9999994e-08,0.0,0.0,0.0,0.0
12,22,1,0,,,,9.9999994e-08,0.0,0.0,0.0,0.0
12,23,1,0,,,,9.9999994e-08,0.0,0.0,0.0,0.0
12,24,1,0,,,,9.9999994e-08,0.0,0.0,0.0,0.0
12,1,2,0,,,,9.9999994e-08,0.0,0.0,0.0,0.0
12,2,2,0,,,,9.9999994e-08,0.0,0.0,0.0,0.0
12,3,2,0,,,,9.9999994e-08,0.0,0.0,0.0,0.0
12,4,2,0,,,,9.9999994e-08,0.0,0.0,0.0,0.0
12,5,2,0,,,,9.9999994e-08,0.0,0.0,0.0,0.0
12,6,2,0,,,,9.9999994e-08,0.0,0.0,0.0,0.0
12,7,2,0,,,,0.023766732,0.0,0.0,0.0,0.0
12,8,2,0,,,,0.27768335,0.0,0.0,0.0,0.0
12,9,2,0,,,,1.2097833,0.0,0.0,0.0,0.0
12,10,2,0,,,,1.8776,0.0,0.0,0.0,11.14
12,11,2,0,,,,1.6592833,0.0,0.0,0.0,28.49
12,12,2,0,,,,2.3876667,0.0,0.0,0.0,18.81
12,13,2,0,,,,1.97825,0.0,0.0,0.0,20.98
12,14,2,0,,,,1.3654166,0.0,0.0,0.0,25.41
12,15,2,0,,,,0.76633334,0.0,0.0,0.0,4.29
12,16,2,0,,,,0.0026334266,0.0,0.0,0.0,0.0
12,17,2,0,,,,9.9999994e-08,0.0,0.0,0.0,0.0
12,18,2,0,,,,9.9999994e-08,0.0,0.0,0.0,0.0
12,19,2,0,,,,9.9999994e-08,0.0,0.0,0.0,0.0
12,20,2,0,,,,9.9999994e-08,0.0,0.0,0.0,0.0
12,21,2,0,,,,9.9999994e-08,0.0,0.0,0.0,0.0
12,22,2,0,,,,9.9999994e-08,0.0,0.0,0.0,0.0
12,23,2,0,,,,9.9999994e-08,0.0,0.0,0.0,0.0
12,24,2,0,,,,9.9999994e-08,0.0,0.0,0.0,0.0
12,1,3,0,,,,9.9999994e-08,0.0,0.0,0.0,0.0
12,2,3,0,,,,9.9999994e-08,0.0,0.0,0.0,0.0
12,3,3,0,,,,9.9999994e-08,0.0,0.0,0.0,0.0
12,4,3,0,,,,9.9999994e-08,0.0,0.0,0.0,0.0
12,5,3,0,,,,9.9999994e-08,0.0,0.0,0.0,0.0
12,6,3,0,,,,9.9999994e-08,0.0,0.0,0.0,0.0
12,7,3,0,,,,0.1653167,0.0,0.0,0.0,0.0
12,8,3,0,,,,1.0524833,0.0,0.0,0.0,0.0
12,9,3,0,,,,1.3672833,0.0,0.0,0.0,0.0
12,10,3,0,,,,1.9969667,0.0,0.0,0.0,35.12
12,11,3,0,,,,2.4524834,0.0,0.0,0.0,37.73
12,12,3,0,,,,2.51015,0.0,0.0,0.0,54.4
12,13,3,0,,,,1.9484,0.0,0.0,0.0,23.83
12,14,3,0,,,,1.1685,0.0,0.0,0.0,19.41
12,15,3,0,,,,0.70573336,0.0,0.0,0.0,21.57
12,16,3,0,,,,0.06045006,0.0,0.0,0.0,0.98
12,17,3,0,,,,9.9999994e-08,0.0,0.0,0.0,0.0
12,18,3,0,,,,9.9999994e-08,0.0,0.0,0.0,0.0
12,19,3,0,,,,9.9999994e-08,0.0,0.0,0.0,0.0
12,20,3,0,,,,9.9999994e-08,0.0,0.0,0.0,0.0
12,21,3,0,,,,9.9999994e-08,0.0,0.0,0.0,0.0
12,22,3,0,,,,9.9999994e-08,0.0,0.0,0.0,0.0
12,23,3,0,,,,9.9999994e-08,0.0,0.0,0.0,0.0
12,24,3,0,,,,9.9999994e-08,0.0,0.0,0.0,0.0
12,1,4,0,,,,9.9999994e-08,0.0,0.0,0.0,0.0
12,2,4,0,,,,9.9999994e-08,0.0,0.0,0.0,0.0
12,3,4,0,,,,9.9999994e-08,0.0,0.0,0.0,0.0
12,4,4,0,,,,9.9999994e-08,0.0,0.0,0.0,0.0
12,5,4,0,,,,9.9999994e-08,0.0,0.0,0.0,0.0
12,6,4,0,,,,9.9999994e-08,0.0,0.0,0.0,0.0
12,7,4,0,,,,0.054850046,0.0,0.0,0.0,0.0
12,8,4,0,,,,0.60455,0.0,0.0,0.0,0.0
12,9,4,0,,,,1.1167834,0.0,0.0,0.0,0.0
12,10,4,0,,,,1.8047167,0.0,0.0,0.0,146.87
12,11,4,0,,,,0.67935,0.0,0.0,0.0,487.41
12,12,4,0,,,,0.56558335,0.0,0.0,0.0,590.6
12,13,4,0,,,,0.6340333,0.0,0.0,0.0,597.53
12,14,4,0,,,,0.2936,0.0,0.0,0.0,554.18
12,15,4,0,,,,0.03933339,0.0,0.0,0.0,253.26
12,16,4,0,,,,9.9999994e-08,0.0,0.0,0.0,8.69
12,17,4,0,,,,9.9999994e-08,0.0,0.0,0.0,0.0
12,18,4,0,,,,9.9999994e-08,0.0,0.0,0.0,0.0
12,19,4,0,,,,9.9999994e-08,0.0,0.0,0.0,0.0
12,20,4,0,,,,9.9999994e-08,0.0,0.0,0.0,0.0
12,21,4,0,,,,9.9999994e-08,0.0,0.0,0.0,0.0
12,22,4,0,,,,9.9999994e-08,0.0,0.0,0.0,0.0
12,23,4,0,,,,9.9999994e-08,0.0,0.0,0.0,0.0
12,24,4,0,,,,9.9999994e-08,0.0,0.0,0.0,0.0
12,1,5,0,,,,9.9999994e-08,0.0,0.0,0.0,0.0
12,2,5,0,,,,9.9999994e-08,0.0,0.0,0.0,0.0
12,3,5,0,,,,9.9999994e-08,0.0,0.0,0.0,0.0
12,4,5,0,,,,9.9999994e-08,0.0,0.0,0.0,0.0
12,5,5,0,,,,9.9999994e-08,0.0,0.0,0.0,0.0
12,6,5,0,,,,9.9999994e-08,0.0,0.0,0.0,0.0
12,7,5,0,,,,9.9999994e-08,0.0,0.0,0.0,0.0
12,8,5,0,,,,0.0055167517,0.0,0.0,0.0,0.0
12,9,5,0,,,,0.12705003,0.0,0.0,0.0,0.0
12,10,5,0,,,,0.15448333,0.0,0.0,0.0,5.85
12,11,5,0,,,,0.18163334,0.0,0.0,0.0,348.83
12,12,5,0,,,,0.6573667,0.0,0.0,0.0,515.66
12,13,5,0,,,,1.6280667,0.0,0.0,0.0,576.92
12,14,5,0,,,,2.00015,0.0,0.0,0.0,545.45
12,15,5,0,,,,0.7876833,0.0,0.0,0.0,377.29
12,16,5,0,,,,0.016883425,0.0,0.0,0.0,7.41
12,17,5,0,,,,9.9999994e-08,0.0,0.0,0.0,0.0
12,18,5,0,,,,9.9999994e-08,0.0,0.0,0.0,0.0
12,19,5,0,,,,9.9999994e-08,0.0,0.0,0.0,0.0
12,20,5,0,,,,9.9999994e-08,0.0,0.0,0.0,0.0
12,21,5,0,,,,9.9999994e-08,0.0,0.0,0.0,0.0
12,22,5,0,,,,9.9999994e-08,0.0,0.0,0.0,0.0
12,23,5,0,,,,9.9999994e-08,0.0,0.0,0.0,0.0
12,24,5,0,,,,9.9999994e-08,0.0,0.0,0.0,0.0
12,1,6,0,,,,9.9999994e-08,0.0,0.0,0.0,0.0
12,2,6,0,,,,9.9999994e-08,0.0,0.0,0.0,0.0
12,3,6,0,,,,9.9999994e-08,0.0,0.0,0.0,0.0
12,4,6,0,,,,9.9999994e-08,0.0,0.0,0.0,0.0
12,5,6,0,,,,9.9999994e-08,0.0,0.0,0.0,0.0
12,6,6,0,,,,9.9999994e-08,0.0,0.0,0.0,0.0
12,7,6,0,,,,0.29053336,0.0,0.0,0.0,0.0
12,8,6,0,,,,1.24755,0.0,0.0,0.0,0.0
12,9,6,0,,,,2.0571,0.0,0.0,0.0,0.0
12,10,6,0,,,,2.5766168,0.0,0.0,0.0,289.83
12,11,6,0,,,,2.8247166,0.0,0.0,0.0,473.75
12,12,6,0,,,,2.8264832,0.0,0.0,0.0,550.88
12,13,6,0,,,,2.57565,0.0,0.0,0.0,484.41
12,14,6,0,,,,2.0361333,0.0,0.0,0.0,481.74
12,15,6,0,,,,0.85564166,0.0,0.0,0.0,274.68
12,16,6,0,,,,0.1828667,0.0,0.0,0.0,6.84
12,17,6,0,,,,9.9999994e-08,0.0,0.0,0.0,0.0
12,18,6,0,,,,9.9999994e-08,0.0,0.0,0.0,0.0
12,19,6,0,,,,9.9999994e-08,0.0,0.0,0.0,0.0
12,20,6,0,,,,9.9999994e-08,0.0,0.0,0.0,0.0
12,21,6,0,,,,9.9999994e-08,0.0,0.0,0.0,0.0
12,22,6,0,,,,9.9999994e-08,0.0,0.0,0.0,0.0
12,23,6,0,,,,9.9999994e-08,0.0,0.0,0.0,0.0
12,24,6,0,,,,9.9999994e-08,0.0,0.0,0.0,0.0
12,1,7,0,,,,9.9999994e-08,0.0,0.0,0.0,0.0
12,2,7,0,,,,9.9999994e-08,0.0,0.0,0.0,0.0
12,3,7,0,,,,9.9999994e-08,0.0,0.0,0.0,0.0
12,4,7,0,,,,9.9999994e-08,0.0,0.0,0.0,0.0
12,5,7,0,,,,9.9999994e-08,0.0,0.0,0.0,0.0
12,6,7,0,,,,9.9999994e-08,0.0,0.0,0.0,0.0
12,7,7,0,,,,0.28458336,0.0,0.0,0.0,0.0
12,8,7,0,,,,1.2492167,0.0,0.0,0.0,0.0
12,9,7,0,,,,1.7485833,0.0,0.0,0.0,0.0
12,10,7,0,,,,2.6387668,0.0,0.0,0.0,210.17
12,11,7,0,,,,2.9286,0.0,0.0,0.0,462.44
12,12,7,0,,,,2.9353,0.0,0.0,0.0,356.03
12,13,7,0,,,,2.6572833,0.0,0.0,0.0,442.92
12,14,7,0,,,,2.09385,0.0,0.0,0.0,516.67
12,15,7,0,,,,1.2515666,0.0,0.0,0.0,298.96
12,16,7,0,,,,0.21638337,0.0,0.0,0.0,9.62
12,17,7,0,,,,9.9999994e-08,0.0,0.0,0.0,0.0
12,18,7,0,,,,9.9999994e-08,0.0,0.0,0.0,0.0
12,19,7,0,,,,9.9999994e-08,0.0,0.0,0.0,0.0
12,20,7,0,,,,9.9999994e-08,0.0,0.0,0.0,0.0
12,21,7,0,,,,9.9999994e-08,0.0,0.0,0.0,0.0
12,22,7,0,,,,9.9999994e-08,0.0,0.0,0.0,0.0
12,23,7,0,,,,9.9999994e-08,0.0,0.0,0.0,0.0
12,24,7,0,,,,9.9999994e-08,0.0,0.0,0.0,0.0
12,1,1,0,,,,9.9999994e-08,0.0,0.0,0.0,0.0
12,2,1,0,,,,9.9999994e-08,0.0,0.0,0.0,0.0
12,3,1,0,,,,9.9999994e-08,0.0,0.0,0.0,0.0
12,4,1,0,,,,9.9999994e-08,0.0,0.0,0.0,0.0
12,5,1,0,,,,9.9999994e-08,0.0,0.0,0.0,0.0
12,6,1,0,,,,9.9999994e-08,0.0,0.0,0.0,0.0
12,7,1,0,,,,0.28336668,0.0,0.0,0.0,0.0
12,8,1,0,,,,1.2701167,0.0,0.0,0.0,0.0
12,9,1,0,,,,2.1057167,0.0,0.0,0.0,0.0
12,10,1,0,,,,2.6738,0.0,0.0,0.0,148.53
12,11,1,0,,,,2.96245,0.0,0.0,0.0,521.39
12,12,1,0,,,,2.9577167,0.0,0.0,0.0,587.01
12,13,1,0,,,,2.6772833,0.0,0.0,0.0,579.65
12,14,1,0,,,,2.1353667,0.0,0.0,0.0,532.63
12,15,1,0,,,,1.2898166,0.0,0.0,0.0,380.77
12,16,1,0,,,,0.2287167,0.0,0.0,0.0,8.07
12,17,1,0,,,,9.9999994e-08,0.0,0.0,0.0,0.0
12,18,1,0,,,,9.9999994e-08,0.0,0.0,0.0,0.0
12,19,1,0,,,,9.9999994e-08,0.0,0.0,0.0,0.0
12,20,1,0,,,,9.9999994e-08,0.0,0.0,0.0,0.0
12,21,1,0,,,,9.9999994e-08,0.0,0.0,0.0,0.0
12,22,1,0,,,,9.9999994e-08,0.0,0.0,0.0,0.0
12,23,1,0,,,,9.9999994e-08,0.0,0.0,0.0,0.0
12,24,1,0,,,,9.9999994e-08,0.0,0.0,0.0,0.0
12,1,2,0,,,,9.9999994e-08,0.0,0.0,0.0,0.0
12,2,2,0,,,,9.9999994e-08,0.0,0.0,0.0,0.0
12,3,2,0,,,,9.9999994e-08,0.0,0.0,0.0,0.0
12,4,2,0,,,,9.9999994e-08,0.0,0.0,0.0,0.0
12,5,2,0,,,,9.9999994e-08,0.0,0.0,0.0,0.0
12,6,2,0,,,,9.9999994e-08,0.0,0.0,0.0,0.0
12,7,2,0,,,,0.27955002,0.0,0.0,0.0,0.0
12,8,2,0,,,,1.232,0.0,0.0,0.0,0.0
12,9,2,0,,,,2.0347333,0.0,0.0,0.0,0.0
12,10,2,0,,,,2.5996833,0.0,0.0,0.0,155.12
12,11,2,0,,,,2.66185,0.0,0.0,0.0,396.59
12,12,2,0,,,,2.42855,0.0,0.0,0.0,526.48
12,13,2,0,,,,2.2857833,0.0,0.0,0.0,435.46
12,14,2,0,,,,1.6125833,0.0,0.0,0.0,512.66
12,15,2,0,,,,0.18838333,0.0,0.0,0.0,342.57
12,16,2,0,,,,0.00010009833,0.0,0.0,0.0,6.49
12,17,2,0,,,,9.9999994e-08,0.0,0.0,0.0,0.0
12,18,2,0,,,,9.9999994e-08,0.0,0.0,0.0,0.0
12,19,2,0,,,,9.9999994e-08,0.0,0.0,0.0,0.0
12,20,2,0,,,,9.9999994e-08,0.0,0.0,0.0,0.0
12,21,2,0,,,,9.9999994e-08,0.0,0.0,0.0,0.0
12,22,2,0,,,,9.9999994e-08,0.0,0.0,0.0,0.0
12,23,2,0,,,,9.9999994e-08,0.0,0.0,0.0,0.0
12,24,2,0,,,,9.9999994e-08,0.0,0.0,0.0,0.0
12,1,3,0,,,,9.9999994e-08,0.0,0.0,0.0,0.0
12,2,3,0,,,,9.9999994e-08,0.0,0.0,0.0,0.0
12,3,3,0,,,,9.9999994e-08,0.0,0.0,0.0,0.0
12,4,3,0,,,,9.9999994e-08,0.0,0.0,0.0,0.0
12,5,3,0,,,,9.9999994e-08,0.0,0.0,0.0,0.0
12,6,3,0,,,,9.9999994e-08,0.0,0.0,0.0,0.0
12,7,3,0,,,,9.9999994e-08,0.0,0.0,0.0,0.0
12,8,3,0,,,,0.062450066,0.0,0.0,0.0,0.0
12,9,3,0,,,,0.03813337,0.0,0.0,0.0,0.0
12,10,3,0,,,,0.09151667,0.0,0.0,0.0,22.04
12,11,3,0,,,,0.27783334,0.0,0.0,0.0,36.54
12,12,3,0,,,,0.30276668,0.0,0.0,0.0,51.92
12,13,3,0,,,,0.36641666,0.0,0.0,0.0,48.72
12,14,3,0,,,,0.18258333,0.0,0.0,0.0,20.18
12,15,3,0,,,,0.039300058,0.0,0.0,0.0,99.91
12,16,3,0,,,,9.9999994e-08,0.0,0.0,0.0,9.76
12,17,3,0,,,,9.9999994e-08,0.0,0.0,0.0,0.0
12,18,3,0,,,,9.9999994e-08,0.0,0.0,0.0,0.0
12,19,3,0,,,,9.9999994e-08,0.0,0.0,0.0,0.0
12,20,3,0,,,,9.9999994e-08,0.0,0.0,0.0,0.0
12,21,3,0,,,,9.9999994e-08,0.0,0.0,0.0,0.0
12,22,3,0,,,,9.9999994e-08,0.0,0.0,0.0,0.0
12,23,3,0,,,,9.9999994e-08,0.0,0.0,0.0,0.0
12,24,3,0,,,,9.9999994e-08,0.0,0.0,0.0,0.0
12,1,4,0,,,,9.9999994e-08,0.0,0.0,0.0,0.0
12,2,4,0,,,,9.9999994e-08,0.0,0.0,0.0,0.0
12,3,4,0,,,,9.9999994e-08,0.0,0.0,0.0,0.0
12,4,4,0,,,,9.9999994e-08,0.0,0.0,0.0,0.0
12,5,4,0,,,,9.9999994e-08,0.0,0.0,0.0,0.0
12,6,4,0,,,,9.9999994e-08,0.0,0.0,0.0,0.0
12,7,4,0,,,,9.9999994e-08,0.0,0.0,0.0,0.0
12,8,4,0,,,,0.015783392,0.0,0.0,0.0,0.0
12,9,4,0,,,,0.14721666,0.0,0.0,0.0,0.0
12,10,4,0,,,,0.2898,0.0,0.0,0.0,7.6
12,11,4,0,,,,0.27901667,0.0,0.0,0.0,99.98
12,12,4,0,,,,0.31263334,0.0,0.0,0.0,57.01
12,13,4,0,,,,0.76505,0.0,0.0,0.0,25.09
12,14,4,0,,,,0.21221666,0.0,0.0,0.0,15.22
12,15,4,0,,,,0.016116716,0.0,0.0,0.0,3.0
12,16,4,0,,,,9.9999994e-08,0.0,0.0,0.0,5.67
12,17,4,0,,,,9.9999994e-08,0.0,0.0,0.0,0.0
12,18,4,0,,,,9.9999994e-08,0.0,0.0,0.0,0.0
12,19,4,0,,,,9.9999994e-08,0.0,0.0,0.0,0.0
12,20,4,0,,,,9.9999994e-08,0.0,0.0,0.0,0.0
12,21,4,0,,,,9.9999994e-08,0.0,0.0,0.0,0.0
12,22,4,0,,,,9.9999994e-08,0.0,0.0,0.0,0.0
12,23,4,0,,,,9.9999994e-08,0.0,0.0,0.0,0.0
12,24,4,0,,,,9.9999994e-08,0.0,0.0,0.0,0.0
12,1,5,0,,,,9.9999994e-08,0.0,0.0,0.0,0.0
12,2,5,0,,,,9.9999994e-08,0.0,0.0,0.0,0.0
12,3,5,0,,,,9.9999994e-08,0.0,0.0,0.0,0.0
12,4,5,0,,,,9.9999994e-08,0.0,0.0,0.0,0.0
12,5,5,0,,,,9.9999994e-08,0.0,0.0,0.0,0.0
12,6,5,0,,,,9.9999994e-08,0.0,0.0,0.0,0.0
12,7,5,0,,,,9.9999994e-08,0.0,0.0,0.0,0.0
12,8,5,0,,,,0.034550052,0.0,0.0,0.0,0.0
12,9,5,0,,,,0.008783423,0.0,0.0,0.0,0.0
12,10,5,0,,,,0.07553336,0.0,0.0,0.0,5.79
12,11,5,0,,,,0.47775,0.0,0.0,0.0,20.09
12,12,5,0,,,,0.7952667,0.0,0.0,0.0,12.5
12,13,5,0,,,,0.76098335,0.0,0.0,0.0,12.45
12,14,5,0,,,,0.1488667,0.0,0.0,0.0,7.41
12,15,5,0,,,,0.03096117,0.0,0.0,0.0,176.25
12,16,5,0,,,,0.0010000917,0.0,0.0,0.0,11.36
12,17,5,0,,,,9.9999994e-08,0.0,0.0,0.0,0.0
12,18,5,0,,,,9.9999994e-08,0.0,0.0,0.0,0.0
12,19,5,0,,,,9.9999994e-08,0.0,0.0,0.0,0.0
12,20,5,0,,,,9.9999994e-08,0.0,0.0,0.0,0.0
12,21,5,0,,,,9.9999994e-08,0.0,0.0,0.0,0.0
12,22,5,0,,,,9.9999994e-08,0.0,0.0,0.0,0.0
12,23,5,0,,,,9.9999994e-08,0.0,0.0,0.0,0.0
12,24,5,0,,,,9.9999994e-08,0.0,0.0,0.0,0.0
12,1,6,0,,,,9.9999994e-08,0.0,0.0,0.0,0.0
12,2,6,0,,,,9.9999994e-08,0.0,0.0,0.0,0.0
12,3,6,0,,,,9.9999994e-08,0.0,0.0,0.0,0.0
12,4,6,0,,,,9.9999994e-08,0.0,0.0,0.0,0.0
12,5,6,0,,,,9.9999994e-08,0.0,0.0,0.0,0.0
12,6,6,0,,,,9.9999994e-08,0.0,0.0,0.0,0.0
12,7,6,0,,,,0.0038500817,0.0,0.0,0.0,0.0
12,8,6,0,,,,0.0846334,0.0,0.0,0.0,0.0
12,9,6,0,,,,0.70446664,0.0,0.0,0.0,0.0
12,10,6,0,,,,2.3007834,0.0,0.0,0.0,73.79
12,11,6,0,,,,2.4958668,0.0,0.0,0.0,53.49
12,12,6,0,,,,2.9624834,0.0,0.0,0.0,27.62
12,13,6,0,,,,2.4583166,0.0,0.0,0.0,38.84
12,14,6,0,,,,1.6941833,0.0,0.0,0.0,16.07
12,15,6,0,,,,1.3512833,0.0,0.0,0.0,34.59
12,16,6,0,,,,0.26110005,0.0,0.0,0.0,11.61
12,17,6,0,,,,9.9999994e-08,0.0,0.0,0.0,0.0
12,18,6,0,,,,9.9999994e-08,0.0,0.0,0.0,0.0
12,19,6,0,,,,9.9999994e-08,0.0,0.0,0.0,0.0
12,20,6,0,,,,9.9999994e-08,0.0,0.0,0.0,0.0
12,21,6,0,,,,9.9999994e-08,0.0,0.0,0.0,0.0
12,22,6,0,,,,9.9999994e-08,0.0,0.0,0.0,0.0
12,23,6,0,,,,9.9999994e-08,0.0,0.0,0.0,0.0
12,24,6,0,,,,9.9999994e-08,0.0,0.0,0.0,0.0
12,1,7,0,,,,9.9999994e-08,0.0,0.0,0.0,0.0
12,2,7,0,,,,9.9999994e-08,0.0,0.0,0.0,0.0
12,3,7,0,,,,9.9999994e-08,0.0,0.0,0.0,0.0
12,4,7,0,,,,9.9999994e-08,0.0,0.0,0.0,0.0
12,5,7,0,,,,9.9999994e-08,0.0,0.0,0.0,0.0
12,6,7,0,,,,9.9999994e-08,0.0,0.0,0.0,0.0
12,7,7,0,,,,0.2623167,0.0,0.0,0.0,0.0
12,8,7,0,,,,1.2052333,0.0,0.0,0.0,0.0
12,9,7,0,,,,1.9761833,0.0,0.0,0.0,0.0
12,10,7,0,,,,2.4604332,0.0,0.0,0.0,6.49
12,11,7,0,,,,2.5291834,0.0,0.0,0.0,14.9
12,12,7,0,,,,2.7381833,0.0,0.0,0.0,32.33
12,13,7,0,,,,2.5022333,0.0,0.0,0.0,16.94
12,14,7,0,,,,1.94095,0.0,0.0,0.0,7.06
12,15,7,0,,,,1.0340333,0.0,0.0,0.0,5.87
12,16,7,0,,,,0.11616672,0.0,0.0,0.0,0.0
12,17,7,0,,,,9.9999994e-08,0.0,0.0,0.0,0.0
12,18,7,0,,,,9.9999994e-08,0.0,0.0,0.0,0.0
12,19,7,0,,,,9.9999994e-08,0.0,0.0,0.0,0.0
12,20,7,0,,,,9.833333e-08,0.0,0.0,0.0,0.0
12,21,7,0,,,,9.9999994e-08,0.0,0.0,0.0,0.0
12,22,7,0,,,,9.9999994e-08,0.0,0.0,0.0,0.0
12,23,7,0,,,,9.9999994e-08,0.0,0.0,0.0,0.0
12,24,7,0,,,,9.9999994e-08,0.0,0.0,0.0,0.0
12,1,1,0,,,,9.9999994e-08,0.0,0.0,0.0,0.0
12,2,1,0,,,,9.9999994e-08,0.0,0.0,0.0,0.0
12,3,1,0,,,,9.9999994e-08,0.0,0.0,0.0,0.0
12,4,1,0,,,,9.9999994e-08,0.0,0.0,0.0,0.0
12,5,1,0,,,,9.9999994e-08,0.0,0.0,0.0,0.0
12,6,1,0,,,,9.9999994e-08,0.0,0.0,0.0,0.0
12,7,1,0,,,,0.07970003,0.0,0.0,0.0,0.0
12,8,1,0,,,,0.35558334,0.0,0.0,0.0,0.0
12,9,1,0,,,,0.9270167,0.0,0.0,0.0,0.0
12,10,1,0,,,,1.8115,0.0,0.0,0.0,4.74
12,11,1,0,,,,1.8363667,0.0,0.0,0.0,10.87
12,12,1,0,,,,2.05675,0.0,0.0,0.0,16.26
12,13,1,0,,,,1.93975,0.0,0.0,0.0,12.17
12,14,1,0,,,,1.3959666,0.0,0.0,0.0,14.18
12,15,1,0,,,,0.4089,0.0,0.0,0.0,6.47
12,16,1,0,,,,0.06115005,0.0,0.0,0.0,0.0
12,17,1,0,,,,9.9999994e-08,0.0,0.0,0.0,0.0
12,18,1,0,,,,9.9999994e-08,0.0,0.0,0.0,0.0
12,19,1,0,,,,9.9999994e-08,0.0,0.0,0.0,0.0
12,20,1,0,,,,9.9999994e-08,0.0,0.0,0.0,0.0
12,21,1,0,,,,9.9999994e-08,0.0,0.0,0.0,0.0
12,22,1,0,,,,9.9999994e-08,0.0,0.0,0.0,0.0
12,23,1,0,,,,9.9999994e-08,0.0,0.0,0.0,0.0
12,24,1,0,,,,9.9999994e-08,0.0,0.0,0.0,0.0
12,1,2,0,,,,9.9999994e-08,0.0,0.0,0.0,0.0
12,2,2,0,,,,9.9999994e-08,0.0,0.0,0.0,0.0
12,3,2,0,,,,9.9999994e-08,0.0,0.0,0.0,0.0
12,4,2,0,,,,9.9999994e-08,0.0,0.0,0.0,0.0
12,5,2,0,,,,9.9999994e-08,0.0,0.0,0.0,0.0
12,6,2,0,,,,9.9999994e-08,0.0,0.0,0.0,0.0
12,7,2,0,,,,0.20865002,0.0,0.0,0.0,0.0
12,8,2,0,,,,1.12555,0.0,0.0,0.0,0.0
12,9,2,0,,,,1.9524833,0.0,0.0,0.0,0.0
12,10,2,0,,,,2.49865,0.0,0.0,0.0,26.52
12,11,2,0,,,,2.8274333,0.0,0.0,0.0,29.85
12,12,2,0,,,,2.8735166,0.0,0.0,0.0,48.64
12,13,2,0,,,,2.6140168,0.0,0.0,0.0,31.36
12,14,2,0,,,,2.0736334,0.0,0.0,0.0,38.36
12,15,2,0,,,,1.2467,0.0,0.0,0.0,134.36
12,16,2,0,,,,0.22395004,0.0,0.0,0.0,12.62
12,17,2,0,,,,9.9999994e-08,0.0,0.0,0.0,0.0
12,18,2,0,,,,9.9999994e-08,0.0,0.0,0.0,0.0
12,19,2,0,,,,9.9999994e-08,0.0,0.0,0.0,0.0
12,20,2,0,,,,9.9999994e-08,0.0,0.0,0.0,0.0
12,21,2,0,,,,9.9999994e-08,0.0,0.0,0.0,0.0
12,22,2,0,,,,9.9999994e-08,0.0,0.0,0.0,0.0
12,23,2,0,,,,9.9999994e-08,0.0,0.0,0.0,0.0
12,24,2,0,,,,9.9999994e-08,0.0,0.0,0.0,0.0
12,1,3,0,,,,9.9999994e-08,0.0,0.0,0.0,0.0
12,2,3,0,,,,9.9999994e-08,0.0,0.0,0.0,0.0
12,3,3,0,,,,9.9999994e-08,0.0,0.0,0.0,0.0
12,4,3,0,,,,9.9999994e-08,0.0,0.0,0.0,0.0
12,5,3,0,,,,9.9999994e-08,0.0,0.0,0.0,0.0
12,6,3,0,,,,9.9999994e-08,0.0,0.0,0.0,0.0
12,7,3,0,,,,0.1556334,0.0,0.0,0.0,0.0
12,8,3,0,,,,1.1634834,0.0,0.0,0.0,0.0
12,9,3,0,,,,1.9701,0.0,0.0,0.0,0.0
12,10,3,0,,,,2.53765,0.0,0.0,0.0,15.22
12,11,3,0,,,,2.8616166,0.0,0.0,0.0,29.13
12,12,3,0,,,,2.8980668,0.0,0.0,0.0,23.79
12,13,3,0,,,,2.6397166,0.0,0.0,0.0,19.36
12,14,3,0,,,,2.1083,0.0,0.0,0.0,24.45
12,15,3,0,,,,1.0342667,0.0,0.0,0.0,20.06
12,16,3,0,,,,0.20433336,0.0,0.0,0.0,6.58
12,17,3,0,,,,9.9999994e-08,0.0,0.0,0.0,0.0
12,18,3,0,,,,9.9999994e-08,0.0,0.0,0.0,0.0
12,19,3,0,,,,9.9999994e-08,0.0,0.0,0.0,0.0
12,20,3,0,,,,9.9999994e-08,0.0,0.0,0.0,0.0
12,21,3,0,,,,9.9999994e-08,0.0,0.0,0.0,0.0
12,22,3,0,,,,9.9999994e-08,0.0,0.0,0.0,0.0
12,23,3,0,,,,9.9999994e-08,0.0,0.0,0.0,0.0
12,24,3,0,,,,9.9999994e-08,0.0,0.0,0.0,0.0
12,1,4,0,,,,9.9999994e-08,0.0,0.0,0.0,0.0
12,2,4,0,,,,9.9999994e-08,0.0,0.0,0.0,0.0
12,3,4,0,,,,9.9999994e-08,0.0,0.0,0.0,0.0
12,4,4,0,,,,9.9999994e-08,0.0,0.0,0.0,0.0
12,5,4,0,,,,9.9999994e-08,0.0,0.0,0.0,0.0
12,6,4,0,,,,9.9999994e-08,0.0,0.0,0.0,0.0
12,7,4,0,,,,0.22985002,0.0,0.0,0.0,0.0
12,8,4,0,,,,1.1334833,0.0,0.0,0.0,0.0
12,9,4,0,,,,1.8354,0.0,0.0,0.0,0.0
12,10,4,0,,,,2.2749,0.0,0.0,0.0,87.02
12,11,4,0,,,,2.793,0.0,0.0,0.0,91.35
12,12,4,0,,,,2.8299334,0.0,0.0,0.0,51.64
12,13,4,0,,,,2.6083167,0.0,0.0,0.0,30.91
12,14,4,0,,,,1.4698334,0.0,0.0,0.0,27.03
12,15,4,0,,,,0.6091,0.0,0.0,0.0,13.88
12,16,4,0,,,,0.0014500817,0.0,0.0,0.0,4.3
12,17,4,0,,,,9.9999994e-08,0.0,0.0,0.0,0.0
12,18,4,0,,,,9.9999994e-08,0.0,0.0,0.0,0.0
12,19,4,0,,,,9.9999994e-08,0.0,0.0,0.0,0.0
12,20,4,0,,,,9.9999994e-08,0.0,0.0,0.0,0.0
12,21,4,0,,,,9.9999994e-08,0.0,0.0,0.0,0.0
12,22,4,0,,,,9.9999994e-08,0.0,0.0,0.0,0.0
12,23,4,0,,,,9.9999994e-08,0.0,0.0,0.0,0.0
12,24,4,0,,,,9.9999994e-08,0.0,0.0,0.0,0.0
12,1,5,0,,,,9.9999994e-08,0.0,0.0,0.0,0.0
12,2,5,0,,,,9.9999994e-08,0.0,0.0,0.0,0.0
12,3,5,0,,,,9.9999994e-08,0.0,0.0,0.0,0.0
12,4,5,0,,,,9.9999994e-08,0.0,0.0,0.0,0.0
12,5,5,0,,,,9.9999994e-08,0.0,0.0,0.0,0.0
12,6,5,0,,,,9.9999994e-08,0.0,0.0,0.0,0.0
12,7,5,0,,,,9.9999994e-08,0.0,0.0,0.0,0.0
12,8,5,0,,,,0.03405004,0.0,0.0,0.0,0.0
12,9,5,0,,,,0.027650082,0.0,0.0,0.0,0.0
12,10,5,0,,,,1.4594166,0.0,0.0,0.0,17.66
12,11,5,0,,,,0.61118335,0.0,0.0,0.0,30.43
12,12,5,0,,,,0.41193333,0.0,0.0,0.0,131.62
12,13,5,0,,,,0.49383333,0.0,0.0,0.0,20.44
12,14,5,0,,,,0.6479833,0.0,0.0,0.0,9.89
12,15,5,0,,,,0.058583368,0.0,0.0,0.0,4.33
12,16,5,0,,,,9.9999994e-08,0.0,0.0,0.0,0.03
12,17,5,0,,,,9.9999994e-08,0.0,0.0,0.0,0.0
12,18,5,0,,,,9.9999994e-08,0.0,0.0,0.0,0.0
12,19,5,0,,,,9.9999994e-08,0.0,0.0,0.0,0.0
12,20,5,0,,,,9.9999994e-08,0.0,0.0,0.0,0.0
12,21,5,0,,,,9.9999994e-08,0.0,0.0,0.0,0.0
12,22,5,0,,,,9.9999994e-08,0.0,0.0,0.0,0.0
12,23,5,0,,,,9.9999994e-08,0.0,0.0,0.0,0.0
12,24,5,0,,,,9.9999994e-08,0.0,0.0,0.0,0.0
12,1,6,0,,,,9.9999994e-08,0.0,0.0,0.0,0.0
12,2,6,0,,,,9.9999994e-08,0.0,0.0,0.0,0.0
12,3,6,0,,,,9.9999994e-08,0.0,0.0,0.0,0.0
12,4,6,0,,,,9.9999994e-08,0.0,0.0,0.0,0.0
12,5,6,0,,,,9.9999994e-08,0.0,0.0,0.0,0.0
12,6,6,0,,,,9.9999994e-08,0.0,0.0,0.0,0.0
12,7,6,0,,,,9.9999994e-08,0.0,0.0,0.0,0.0
12,8,6,0,,,,9.9999994e-08,0.0,0.0,0.0,0.0
12,9,6,0,,,,0.07550002,0.0,0.0,0.0,0.0
12,10,6,0,,,,0.07810003,0.0,0.0,0.0,318.81
12,11,6,0,,,,0.05146671,0.0,0.0,0.0,440.61
12,12,6,0,,,,0.034200042,0.0,0.0,0.0,547.75
12,13,6,0,,,,0.01835006,0.0,0.0,0.0,30.19
12,14,6,0,,,,0.024033401,0.0,0.0,0.0,24.95
12,15,6,0,,,,9.9999994e-08,0.0,0.0,0.0,25.72
12,16,6,0,,,,9.9999994e-08,0.0,0.0,0.0,8.37
12,17,6,0,,,,9.9999994e-08,0.0,0.0,0.0,0.0
12,18,6,0,,,,9.9999994e-08,0.0,0.0,0.0,0.0
12,19,6,0,,,,9.9999994e-08,0.0,0.0,0.0,0.0
12,20,6,0,,,,9.9999994e-08,0.0,0.0,0.0,0.0
12,21,6,0,,,,9.9999994e-08,0.0,0.0,0.0,0.0
12,22,6,0,,,,9.9999994e-08,0.0,0.0,0.0,0.0
12,23,6,0,,,,9.9999994e-08,0.0,0.0,0.0,0.0
12,24,6,0,,,,9.9999994e-08,0.0,0.0,0.0,0.0
1,1,7,0,,,,9.9999994e-08,0.0,0.0,0.0,0.0
1,2,7,0,,,,9.9999994e-08,0.0,0.0,0.0,0.0
1,3,7,0,,,,9.9999994e-08,0.0,0.0,0.0,0.0
1,4,7,0,,,,9.9999994e-08,0.0,0.0,0.0,0.0
1,5,7,0,,,,9.9999994e-08,0.0,0.0,0.0,0.0
1,6,7,0,,,,9.9999994e-08,0.0,0.0,0.0,0.0
1,7,7,0,,,,0.1237334,0.0,0.0,0.0,0.0
1,8,7,0,,,,1.18885,0.0,0.0,0.0,0.0
1,9,7,0,,,,1.79165,0.0,0.0,0.0,0.0
1,10,7,0,,,,2.3895667,0.0,0.0,0.0,1.25
1,11,7,0,,,,2.0904167,0.0,0.0,0.0,33.36
1,12,7,0,,,,2.72645,0.0,0.0,0.0,43.51
1,13,7,0,,,,0.37355,0.0,0.0,0.0,9.84
1,14,7,0,,,,0.010266746,0.0,0.0,0.0,117.26
1,15,7,0,,,,9.9999994e-08,0.0,0.0,0.0,21.69
1,16,7,0,,,,9.9999994e-08,0.0,0.0,0.0,0.78
1,17,7,0,,,,9.9999994e-08,0.0,0.0,0.0,0.0
1,18,7,0,,,,9.9999994e-08,0.0,0.0,0.0,0.0
1,19,7,0,,,,9.9999994e-08,0.0,0.0,0.0,0.0
1,20,7,0,,,,9.9999994e-08,0.0,0.0,0.0,0.0
1,21,7,0,,,,9.9999994e-08,0.0,0.0,0.0,0.0
1,22,7,0,,,,9.9999994e-08,0.0,0.0,0.0,0.0
1,23,7,0,,,,9.9999994e-08,0.0,0.0,0.0,0.0
1,24,7,0,,,,9.9999994e-08,0.0,0.0,0.0,0.0
1,1,1,0,,,,9.9999994e-08,0.0,0.0,0.0,0.0
1,2,1,0,,,,9.9999994e-08,0.0,0.0,0.0,0.0
1,3,1,0,,,,9.9999994e-08,0.0,0.0,0.0,0.0
1,4,1,0,,,,9.9999994e-08,0.0,0.0,0.0,0.0
1,5,1,0,,,,9.9999994e-08,0.0,0.0,0.0,0.0
1,6,1,0,,,,9.9999994e-08,0.0,0.0,0.0,0.0
1,7,1,0,,,,9.9999994e-08,0.0,0.0,0.0,0.0
1,8,1,0,,,,0.16725,0.0,0.0,0.0,0.0
1,9,1,0,,,,0.39813334,0.0,0.0,0.0,0.0
1,10,1,0,,,,0.44645,0.0,0.0,0.0,309.29
1,11,1,0,,,,0.5312,0.0,0.0,0.0,279.12
1,12,1,0,,,,0.42255,0.0,0.0,0.0,72.17
1,13,1,0,,,,0.3069,0.0,0.0,0.0,28.42
1,14,1,0,,,,0.4563,0.0,0.0,0.0,42.39
1,15,1,0,,,,0.34883332,0.0,0.0,0.0,56.22
1,16,1,0,,,,0.06631673,0.0,0.0,0.0,0.02
1,17,1,0,,,,9.9999994e-08,0.0,0.0,0.0,0.0
1,18,1,0,,,,9.9999994e-08,0.0,0.0,0.0,0.0
1,19,1,0,,,,9.9999994e-08,0.0,0.0,0.0,0.0
1,20,1,0,,,,9.9999994e-08,0.0,0.0,0.0,0.0
1,21,1,0,,,,9.9999994e-08,0.0,0.0,0.0,0.0
1,22,1,0,,,,9.9999994e-08,0.0,0.0,0.0,0.0
1,23,1,0,,,,9.9999994e-08,0.0,0.0,0.0,0.0
1,24,1,0,,,,9.9999994e-08,0.0,0.0,0.0,0.0
1,1,2,0,,,,9.9999994e-08,0.0,0.0,0.0,0.0
1,2,2,0,,,,9.9999994e-08,0.0,0.0,0.0,0.0
1,3,2,0,,,,9.9999994e-08,0.0,0.0,0.0,0.0
1,4,2,0,,,,9.9999994e-08,0.0,0.0,0.0,0.0
1,5,2,0,,,,9.9999994e-08,0.0,0.0,0.0,0.0
1,6,2,0,,,,9.9999994e-08,0.0,0.0,0.0,0.0
1,7,2,0,,,,0.013050075,0.0,0.0,0.0,0.0
1,8,2,0,,,,0.3229,0.0,0.0,0.0,0.0
1,9,2,0,,,,0.89531666,0.0,0.0,0.0,0.0
1,10,2,0,,,,0.8362167,0.0,0.0,0.0,112.76
1,11,2,0,,,,0.80003333,0.0,0.0,0.0,127.45
1,12,2,0,,,,0.89488333,0.0,0.0,0.0,210.95
1,13,2,0,,,,0.7826,0.0,0.0,0.0,461.88
1,14,2,0,,,,0.5622,0.0,0.0,0.0,74.03
1,15,2,0,,,,0.20900004,0.0,0.0,0.0,12.54
1,16,2,0,,,,9.9999994e-08,0.0,0.0,0.0,5.49
1,17,2,0,,,,9.9999994e-08,0.0,0.0,0.0,0.0
1,18,2,0,,,,9.9999994e-08,0.0,0.0,0.0,0.0
1,19,2,0,,,,9.9999994e-08,0.0,0.0,0.0,0.0
1,20,2,0,,,,9.9999994e-08,0.0,0.0,0.0,0.0
1,21,2,0,,,,9.9999994e-08,0.0,0.0,0.0,0.0
1,22,2,0,,,,9.9999994e-08,0.0,0.0,0.0,0.0
1,23,2,0,,,,9.9999994e-08,0.0,0.0,0.0,0.0
1,24,2,0,,,,9.9999994e-08,0.0,0.0,0.0,0.0
1,1,3,0,,,,9.9999994e-08,0.0,0.0,0.0,0.0
1,2,3,0,,,,9.9999994e-08,0.0,0.0,0.0,0.0
1,3,3,0,,,,9.9999994e-08,0.0,0.0,0.0,0.0
1,4,3,0,,,,9.9999994e-08,0.0,0.0,0.0,0.0
1,5,3,0,,,,9.9999994e-08,0.0,0.0,0.0,0.0
1,6,3,0,,,,9.9999994e-08,0.0,0.0,0.0,0.0
1,7,3,0,,,,0.17075004,0.0,0.0,0.0,0.0
1,8,3,0,,,,0.9536833,0.0,0.0,0.0,0.0
1,9,3,0,,,,1.2401167,0.0,0.0,0.0,0.0
1,10,3,0,,,,2.3062167,0.0,0.0,0.0,27.01
1,11,3,0,,,,1.9696167,0.0,0.0,0.0,59.67
1,12,3,0,,,,1.3922167,0.0,0.0,0.0,136.8
1,13,3,0,,,,0.22273333,0.0,0.0,0.0,200.33
1,14,3,0,,,,0.059200034,0.0,0.0,0.0,41.28
1,15,3,0,,,,0.0037000782,0.0,0.0,0.0,15.38
1,16,3,0,,,,9.9999994e-08,0.0,0.0,0.0,7.98
1,17,3,0,,,,9.9999994e-08,0.0,0.0,0.0,0.0
1,18,3,0,,,,9.9999994e-08,0.0,0.0,0.0,0.0
1,19,3,0,,,,9.9999994e-08,0.0,0.0,0.0,0.0
1,20,3,0,,,,9.9999994e-08,0.0,0.0,0.0,0.0
1,21,3,0,,,,9.9999994e-08,0.0,0.0,0.0,0.0
1,22,3,0,,,,9.9999994e-08,0.0,0.0,0.0,0.0
1,23,3,0,,,,9.9999994e-08,0.0,0.0,0.0,0.0
1,24,3,0,,,,9.9999994e-08,0.0,0.0,0.0,0.0
1,1,4,0,,,,9.9999994e-08,0.0,0.0,0.0,0.0
1,2,4,0,,,,9.9999994e-08,0.0,0.0,0.0,0.0
1,3,4,0,,,,9.9999994e-08,0.0,0.0,0.0,0.0
1,4,4,0,,,,9.9999994e-08,0.0,0.0,0.0,0.0
1,5,4,0,,,,9.9999994e-08,0.0,0.0,0.0,0.0
1,6,4,0,,,,9.9999994e-08,0.0,0.0,0.0,0.0
1,7,4,0,,,,9.9999994e-08,0.0,0.0,0.0,0.0
1,8,4,0,,,,0.007200075,0.0,0.0,0.0,0.0
1,9,4,0,,,,0.11415,0.0,0.0,0.0,0.0
1,10,4,0,,,,0.29546666,0.0,0.0,0.0,20.09
1,11,4,0,,,,0.29128334,0.0,0.0,0.0,345.86
1,12,4,0,,,,0.228,0.0,0.0,0.0,43.52
1,13,4,0,,,,0.29443333,0.0,0.0,0.0,309.9
1,14,4,0,,,,0.020083394,0.0,0.0,0.0,129.79
1,15,4,0,,,,0.000516765,0.0,0.0,0.0,248.36
1,16,4,0,,,,9.9999994e-08,0.0,0.0,0.0,238.71
1,17,4,0,,,,0.004008428,0.0,0.0,0.0,0.0
1,18,4,0,,,,9.9999994e-08,0.0,0.0,0.0,0.0
1,19,4,0,,,,9.9999994e-08,0.0,0.0,0.0,0.0
1,20,4,0,,,,9.9999994e-08,0.0,0.0,0.0,0.0
1,21,4,0,,,,9.9999994e-08,0.0,0.0,0.0,0.0
1,22,4,0,,,,9.9999994e-08,0.0,0.0,0.0,0.0
1,23,4,0,,,,9.9999994e-08,0.0,0.0,0.0,0.0
1,24,4,0,,,,9.9999994e-08,0.0,0.0,0.0,0.0
1,1,5,0,,,,9.9999994e-08,0.0,0.0,0.0,0.0
1,2,5,0,,,,9.9999994e-08,0.0,0.0,0.0,0.0
1,3,5,0,,,,9.9999994e-08,0.0,0.0,0.0,0.0
1,4,5,0,,,,9.9999994e-08,0.0,0.0,0.0,0.0
1,5,5,0,,,,9.9999994e-08,0.0,0.0,0.0,0.0
1,6,5,0,,,,9.9999994e-08,0.0,0.0,0.0,0.0
1,7,5,0,,,,0.21118335,0.0,0.0,0.0,0.0
1,8,5,0,,,,1.0767,0.0,0.0,0.0,0.0
1,9,5,0,,,,1.84305,0.0,0.0,0.0,0.0
1,10,5,0,,,,2.3010166,0.0,0.0,0.0,83.72
1,11,5,0,,,,1.1861666,0.0,0.0,0.0,174.0
1,12,5,0,,,,2.7005832,0.0,0.0,0.0,181.71
1,13,5,0,,,,2.5682666,0.0,0.0,0.0,688.14
1,14,5,0,,,,1.8378667,0.0,0.0,0.0,147.72
1,15,5,0,,,,1.4083333,0.0,0.0,0.0,319.34
1,16,5,0,,,,0.39403334,0.0,0.0,0.0,264.94
1,17,5,0,,,,9.9999994e-08,0.0,0.0,0.0,0.0
1,18,5,0,,,,9.9999994e-08,0.0,0.0,0.0,0.0
1,19,5,0,,,,9.9999994e-08,0.0,0.0,0.0,0.0
1,20,5,0,,,,9.9999994e-08,0.0,0.0,0.0,0.0
1,21,5,0,,,,9.9999994e-08,0.0,0.0,0.0,0.0
1,22,5,0,,,,9.9999994e-08,0.0,0.0,0.0,0.0
1,23,5,0,,,,9.9999994e-08,0.0,0.0,0.0,0.0
1,24,5,0,,,,9.9999994e-08,0.0,0.0,0.0,0.0
1,1,6,0,,,,9.9999994e-08,0.0,0.0,0.0,0.0
1,2,6,0,,,,9.9999994e-08,0.0,0.0,0.0,0.0
1,3,6,0,,,,9.9999994e-08,0.0,0.0,0.0,0.0
1,4,6,0,,,,9.9999994e-08,0.0,0.0,0.0,0.0
1,5,6,0,,,,9.9999994e-08,0.0,0.0,0.0,0.0
1,6,6,0,,,,9.9999994e-08,0.0,0.0,0.0,0.0
1,7,6,0,,,,9.9999994e-08,0.0,0.0,0.0,0.0
1,8,6,0,,,,0.07945002,0.0,0.0,0.0,0.0
1,9,6,0,,,,0.41856667,0.0,0.0,0.0,0.0
1,10,6,0,,,,0.6879333,0.0,0.0,0.0,85.68
1,11,6,0,,,,1.3124167,0.0,0.0,0.0,121.14
1,12,6,0,,,,1.6223,0.0,0.0,0.0,219.59
1,13,6,0,,,,1.5822166,0.0,0.0,0.0,328.31
1,14,6,0,,,,1.33805,0.0,0.0,0.0,239.53
1,15,6,0,,,,0.6214333,0.0,0.0,0.0,61.09
1,16,6,0,,,,0.0289834,0.0,0.0,0.0,19.38
1,17,6,0,,,,9.9999994e-08,0.0,0.0,0.0,0.0
1,18,6,0,,,,9.9999994e-08,0.0,0.0,0.0,0.0
1,19,6,0,,,,9.9999994e-08,0.0,0.0,0.0,0.0
1,20,6,0,,,,9.9999994e-08,0.0,0.0,0.0,0.0
1,21,6,0,,,,9.9999994e-08,0.0,0.0,0.0,0.0
1,22,6,0,,,,9.9999994e-08,0.0,0.0,0.0,0.0
1,23,6,0,,,,9.9999994e-08,0.0,0.0,0.0,0.0
1,24,6,0,,,,9.9999994e-08,0.0,0.0,0.0,0.0
1,1,7,0,,,,9.9999994e-08,0.0,0.0,0.0,0.0
1,2,7,0,,,,9.9999994e-08,0.0,0.0,0.0,0.0
1,3,7,0,,,,9.9999994e-08,0.0,0.0,0.0,0.0
1,4,7,0,,,,9.9999994e-08,0.0,0.0,0.0,0.0
1,5,7,0,,,,9.9999994e-08,0.0,0.0,0.0,0.0
1,6,7,0,,,,9.9999994e-08,0.0,0.0,0.0,0.0
1,7,7,0,,,,0.15270002,0.0,0.0,0.0,0.0
1,8,7,0,,,,0.8885667,0.0,0.0,0.0,0.0
1,9,7,0,,,,1.7360333,0.0,0.0,0.0,0.0
1,10,7,0,,,,2.30995,0.0,0.0,0.0,305.87
1,11,7,0,,,,2.6702,0.0,0.0,0.0,299.96
1,12,7,0,,,,2.7309,0.0,0.0,0.0,325.18
1,13,7,0,,,,2.5541334,0.0,0.0,0.0,250.55
1,14,7,0,,,,2.0871334,0.0,0.0,0.0,302.2
1,15,7,0,,,,1.03685,0.0,0.0,0.0,106.87
1,16,7,0,,,,0.08860006,0.0,0.0,0.0,21.0
1,17,7,0,,,,0.005450095,0.0,0.0,0.0,0.0
1,18,7,0,,,,9.9999994e-08,0.0,0.0,0.0,0.0
1,19,7,0,,,,9.9999994e-08,0.0,0.0,0.0,0.0
1,20,7,0,,,,9.9999994e-08,0.0,0.0,0.0,0.0
1,21,7,0,,,,9.9999994e-08,0.0,0.0,0.0,0.0
1,22,7,0,,,,9.9999994e-08,0.0,0.0,0.0,0.0
1,23,7,0,,,,9.9999994e-08,0.0,0.0,0.0,0.0
1,24,7,0,,,,9.9999994e-08,0.0,0.0,0.0,0.0
1,1,1,0,,,,9.9999994e-08,0.0,0.0,0.0,0.0
1,2,1,0,,,,9.9999994e-08,0.0,0.0,0.0,0.0
1,3,1,0,,,,9.9999994e-08,0.0,0.0,0.0,0.0
1,4,1,0,,,,9.9999994e-08,0.0,0.0,0.0,0.0
1,5,1,0,,,,9.9999994e-08,0.0,0.0,0.0,0.0
1,6,1,0,,,,9.9999994e-08,0.0,0.0,0.0,0.0
1,7,1,0,,,,9.9999994e-08,0.0,0.0,0.0,0.0
1,8,1,0,,,,0.009033403,0.0,0.0,0.0,0.0
1,9,1,0,,,,0.07721671,0.0,0.0,0.0,0.0
1,10,1,0,,,,0.107083336,0.0,0.0,0.0,252.85
1,11,1,0,,,,0.3075,0.0,0.0,0.0,407.5
1,12,1,0,,,,0.089033365,0.0,0.0,0.0,345.71
1,13,1,0,,,,0.00548341,0.0,0.0,0.0,706.11
1,14,1,0,,,,0.05410006,0.0,0.0,0.0,609.0
1,15,1,0,,,,9.9999994e-08,0.0,0.0,0.0,469.02
1,16,1,0,,,,0.005600087,0.0,0.0,0.0,324.67
1,17,1,0,,,,9.9999994e-08,0.0,0.0,0.0,0.0
1,18,1,0,,,,9.9999994e-08,0.0,0.0,0.0,0.0
1,19,1,0,,,,9.9999994e-08,0.0,0.0,0.0,0.0
1,20,1,0,,,,9.9999994e-08,0.0,0.0,0.0,0.0
1,21,1,0,,,,9.9999994e-08,0.0,0.0,0.0,0.0
1,22,1,0,,,,9.9999994e-08,0.0,0.0,0.0,0.0
1,23,1,0,,,,9.9999994e-08,0.0,0.0,0.0,0.0
1,24,1,0,,,,9.9999994e-08,0.0,0.0,0.0,0.0
1,1,2,0,,,,9.9999994e-08,0.0,0.0,0.0,0.0
1,2,2,0,,,,9.833333e-08,0.0,0.0,0.0,0.0
1,3,2,0,,,,9.9999994e-08,0.0,0.0,0.0,0.0
1,4,2,0,,,,9.9999994e-08,0.0,0.0,0.0,0.0
1,5,2,0,,,,9.9999994e-08,0.0,0.0,0.0,0.0
1,6,2,0,,,,9.9999994e-08,0.0,0.0,0.0,0.0
1,7,2,0,,,,9.9999994e-08,0.0,0.0,0.0,0.0
1,8,2,0,,,,0.0032667518,0.0,0.0,0.0,0.0
1,9,2,0,,,,0.0069167516,0.0,0.0,0.0,0.0
1,10,2,0,,,,0.0042000767,0.0,0.0,0.0,74.77
1,11,2,0,,,,9.9999994e-08,0.0,0.0,0.0,130.22
1,12,2,0,,,,9.9999994e-08,0.0,0.0,0.0,303.2
1,13,2,0,,,,0.0035334083,0.0,0.0,0.0,635.29
1,14,2,0,,,,0.037300047,0.0,0.0,0.0,159.55
1,15,2,0,,,,9.9999994e-08,0.0,0.0,0.0,312.79
1,16,2,0,,,,9.9999994e-08,0.0,0.0,0.0,164.11
1,17,2,0,,,,9.9999994e-08,0.0,0.0,0.0,0.0
1,18,2,0,,,,9.9999994e-08,0.0,0.0,0.0,0.0
1,19,2,0,,,,9.9999994e-08,0.0,0.0,0.0,0.0
1,20,2,0,,,,9.9999994e-08,0.0,0.0,0.0,0.0
1,21,2,0,,,,9.9999994e-08,0.0,0.0,0.0,0.0
1,22,2,0,,,,9.9999994e-08,0.0,0.0,0.0,0.0
1,23,2,0,,,,9.9999994e-08,0.0,0.0,0.0,0.0
1,24,2,0,,,,9.9999994e-08,0.0,0.0,0.0,0.0
1,1,3,0,,,,9.9999994e-08,0.0,0.0,0.0,0.0
1,2,3,0,,,,9.9999994e-08,0.0,0.0,0.0,0.0
1,3,3,0,,,,9.9999994e-08,0.0,0.0,0.0,0.0
1,4,3,0,,,,9.9999994e-08,0.0,0.0,0.0,0.0
1,5,3,0,,,,9.9999994e-08,0.0,0.0,0.0,0.0
1,6,3,0,,,,9.9999994e-08,0.0,0.0,0.0,0.0
1,7,3,0,,,,0.0014000933,0.0,0.0,0.0,0.0
1,8,3,0,,,,0.04033337,0.0,0.0,0.0,0.0
1,9,3,0,,,,0.21753334,0.0,0.0,0.0,0.0
1,10,3,0,,,,0.27581668,0.0,0.0,0.0,111.3
1,11,3,0,,,,0.45971668,0.0,0.0,0.0,170.58
1,12,3,0,,,,1.7869834,0.0,0.0,0.0,703.68
1,13,3,0,,,,2.2324,0.0,0.0,0.0,257.57
1,14,3,0,,,,2.02615,0.0,0.0,0.0,172.91
1,15,3,0,,,,0.88615,0.0,0.0,0.0,530.18
1,16,3,0,,,,0.24383338,0.0,0.0,0.0,310.53
1,17,3,0,,,,9.9999994e-08,0.0,0.0,0.0,0.0
1,18,3,0,,,,9.9999994e-08,0.0,0.0,0.0,0.0
1,19,3,0,,,,9.9999994e-08,0.0,0.0,0.0,0.0
1,20,3,0,,,,9.9999994e-08,0.0,0.0,0.0,0.0
1,21,3,0,,,,9.9999994e-08,0.0,0.0,0.0,0.0
1,22,3,0,,,,9.9999994e-08,0.0,0.0,0.0,0.0
1,23,3,0,,,,9.9999994e-08,0.0,0.0,0.0,0.0
1,24,3,0,,,,9.9999994e-08,0.0,0.0,0.0,0.0
1,1,4,0,,,,9.9999994e-08,0.0,0.0,0.0,0.0
1,2,4,0,,,,9.9999994e-08,0.0,0.0,0.0,0.0
1,3,4,0,,,,9.9999994e-08,0.0,0.0,0.0,0.0
1,4,4,0,,,,9.9999994e-08,0.0,0.0,0.0,0.0
1,5,4,0,,,,9.9999994e-08,0.0,0.0,0.0,0.0
1,6,4,0,,,,9.9999994e-08,0.0,0.0,0.0,0.0
1,7,4,0,,,,9.9999994e-08,0.0,0.0,0.0,0.0
1,8,4,0,,,,9.9999994e-08,0.0,0.0,0.0,0.0
1,9,4,0,,,,0.0011334283,0.0,0.0,0.0,0.0
1,10,4,0,,,,0.030700056,0.0,0.0,0.0,8.29
1,11,4,0,,,,0.037300065,0.0,0.0,0.0,183.16
1,12,4,0,,,,0.0665167,0.0,0.0,0.0,202.08
1,13,4,0,,,,0.044500023,0.0,0.0,0.0,612.05
1,14,4,0,,,,9.9999994e-08,0.0,0.0,0.0,68.74
1,15,4,0,,,,9.9999994e-08,0.0,0.0,0.0,56.34
1,16,4,0,,,,9.9999994e-08,0.0,0.0,0.0,7.42
1,17,4,0,,,,9.9999994e-08,0.0,0.0,0.0,0.0
1,18,4,0,,,,9.9999994e-08,0.0,0.0,0.0,0.0
1,19,4,0,,,,9.9999994e-08,0.0,0.0,0.0,0.0
1,20,4,0,,,,9.9999994e-08,0.0,0.0,0.0,0.0
1,21,4,0,,,,9.9999994e-08,0.0,0.0,0.0,0.0
1,22,4,0,,,,9.9999994e-08,0.0,0.0,0.0,0.0
1,23,4,0,,,,9.9999994e-08,0.0,0.0,0.0,0.0
1,24,4,0,,,,9.9999994e-08,0.0,0.0,0.0,0.0
1,1,5,0,,,,9.9999994e-08,0.0,0.0,0.0,0.0
1,2,5,0,,,,9.9999994e-08,0.0,0.0,0.0,0.0
1,3,5,0,,,,9.9999994e-08,0.0,0.0,0.0,0.0
1,4,5,0,,,,9.9999994e-08,0.0,0.0,0.0,0.0
1,5,5,0,,,,9.9999994e-08,0.0,0.0,0.0,0.0
1,6,5,0,,,,9.9999994e-08,0.0,0.0,0.0,0.0
1,7,5,0,,,,9.9999994e-08,0.0,0.0,0.0,0.0
1,8,5,0,,,,0.2882667,0.0,0.0,0.0,0.0
1,9,5,0,,,,0.63495,0.0,0.0,0.0,0.0
1,10,5,0,,,,0.7965,0.0,0.0,0.0,8.6
1,11,5,0,,,,2.10505,0.0,0.0,0.0,49.0
1,12,5,0,,,,1.3178333,0.0,0.0,0.0,88.93
1,13,5,0,,,,1.2570833,0.0,0.0,0.0,250.91
1,14,5,0,,,,0.20886667,0.0,0.0,0.0,89.06
1,15,5,0,,,,0.38426667,0.0,0.0,0.0,425.01
1,16,5,0,,,,0.41051668,0.0,0.0,0.0,23.45
1,17,5,0,,,,9.9999994e-08,0.0,0.0,0.0,0.0
1,18,5,0,,,,9.9999994e-08,0.0,0.0,0.0,0.0
1,19,5,0,,,,9.9999994e-08,0.0,0.0,0.0,0.0
1,20,5,0,,,,9.9999994e-08,0.0,0.0,0.0,0.0
1,21,5,0,,,,9.9999994e-08,0.0,0.0,0.0,0.0
1,22,5,0,,,,9.9999994e-08,0.0,0.0,0.0,0.0
1,23,5,0,,,,9.9999994e-08,0.0,0.0,0.0,0.0
1,24,5,0,,,,9.9999994e-08,0.0,0.0,0.0,0.0
1,1,6,0,,,,9.9999994e-08,0.0,0.0,0.0,0.0
1,2,6,0,,,,9.9999994e-08,0.0,0.0,0.0,0.0
1,3,6,0,,,,9.9999994e-08,0.0,0.0,0.0,0.0
1,4,6,0,,,,9.9999994e-08,0.0,0.0,0.0,0.0
1,5,6,0,,,,9.9999994e-08,0.0,0.0,0.0,0.0
1,6,6,0,,,,9.9999994e-08,0.0,0.0,0.0,0.0
1,7,6,0,,,,0.22268337,0.0,0.0,0.0,0.0
1,8,6,0,,,,1.1584834,0.0,0.0,0.0,0.0
1,9,6,0,,,,2.03705,0.0,0.0,0.0,0.0
1,10,6,0,,,,2.7222667,0.0,0.0,0.0,356.43
1,11,6,0,,,,2.9279332,0.0,0.0,0.0,107.53
1,12,6,0,,,,2.4961166,0.0,0.0,0.0,316.66
1,13,6,0,,,,0.90851665,0.0,0.0,0.0,112.8
1,14,6,0,,,,1.69535,0.0,0.0,0.0,312.14
1,15,6,0,,,,1.5707667,0.0,0.0,0.0,401.56
1,16,6,0,,,,0.50271666,0.0,0.0,0.0,15.44
1,17,6,0,,,,9.9999994e-08,0.0,0.0,0.0,0.0
1,18,6,0,,,,9.9999994e-08,0.0,0.0,0.0,0.0
1,19,6,0,,,,9.9999994e-08,0.0,0.0,0.0,0.0
1,20,6,0,,,,9.9999994e-08,0.0,0.0,0.0,0.0
1,21,6,0,,,,9.9999994e-08,0.0,0.0,0.0,0.0
1,22,6,0,,,,9.9999994e-08,0.0,0.0,0.0,0.0
1,23,6,0,,,,9.9999994e-08,0.0,0.0,0.0,0.0
1,24,6,0,,,,9.9999994e-08,0.0,0.0,0.0,0.0
1,1,7,0,,,,9.9999994e-08,0.0,0.0,0.0,0.0
1,2,7,0,,,,9.9999994e-08,0.0,0.0,0.0,0.0
1,3,7,0,,,,9.9999994e-08,0.0,0.0,0.0,0.0
1,4,7,0,,,,9.9999994e-08,0.0,0.0,0.0,0.0
1,5,7,0,,,,9.9999994e-08,0.0,0.0,0.0,0.0
1,6,7,0,,,,9.9999994e-08,0.0,0.0,0.0,0.0
1,7,7,0,,,,0.20485003,0.0,0.0,0.0,0.0
1,8,7,0,,,,1.11655,0.0,0.0,0.0,0.0
1,9,7,0,,,,1.8265834,0.0,0.0,0.0,0.0
1,10,7,0,,,,2.2811084,0.0,0.0,0.0,332.4
1,11,7,0,,,,1.94795,0.0,0.0,0.0,494.07
1,12,7,0,,,,1.58675,0.0,0.0,0.0,639.33
1,13,7,0,,,,1.7700833,0.0,0.0,0.0,622.92
1,14,7,0,,,,1.7381,0.0,0.0,0.0,51.48
1,15,7,0,,,,0.32868335,0.0,0.0,0.0,105.12
1,16,7,0,,,,0.0057000783,0.0,0.0,0.0,89.76
1,17,7,0,,,,9.9999994e-08,0.0,0.0,0.0,0.0
1,18,7,0,,,,9.9999994e-08,0.0,0.0,0.0,0.0
1,19,7,0,,,,9.9999994e-08,0.0,0.0,0.0,0.0
1,20,7,0,,,,9.9999994e-08,0.0,0.0,0.0,0.0
1,21,7,0,,,,9.9999994e-08,0.0,0.0,0.0,0.0
1,22,7,0,,,,9.9999994e-08,0.0,0.0,0.0,0.0
1,23,7,0,,,,9.9999994e-08,0.0,0.0,0.0,0.0
1,24,7,0,,,,9.9999994e-08,0.0,0.0,0.0,0.0
1,1,1,0,,,,9.9999994e-08,0.0,0.0,0.0,0.0
1,2,1,0,,,,9.9999994e-08,0.0,0.0,0.0,0.0
1,3,1,0,,,,9.9999994e-08,0.0,0.0,0.0,0.0
1,4,1,0,,,,9.9999994e-08,0.0,0.0,0.0,0.0
1,5,1,0,,,,9.9999994e-08,0.0,0.0,0.0,0.0
1,6,1,0,,,,9.9999994e-08,0.0,0.0,0.0,0.0
1,7,1,0,,,,0.27705005,0.0,0.0,0.0,0.0
1,8,1,0,,,,1.1064667,0.0,0.0,0.0,0.0
1,9,1,0,,,,1.9732667,0.0,0.0,0.0,0.0
1,10,1,0,,,,2.5852833,0.0,0.0,0.0,101.5
1,11,1,0,,,,2.9217668,0.0,0.0,0.0,277.16
1,12,1,0,,,,2.9793,0.0,0.0,0.0,619.13
1,13,1,0,,,,2.7914333,0.0,0.0,0.0,701.3
1,14,1,0,,,,2.3320334,0.0,0.0,0.0,141.79
1,15,1,0,,,,1.5959667,0.0,0.0,0.0,421.17
1,16,1,0,,,,0.4998167,0.0,0.0,0.0,9.28
1,17,1,0,,,,9.9999994e-08,0.0,0.0,0.0,0.0
1,18,1,0,,,,9.9999994e-08,0.0,0.0,0.0,0.0
1,19,1,0,,,,9.9999994e-08,0.0,0.0,0.0,0.0
1,20,1,0,,,,9.9999994e-08,0.0,0.0,0.0,0.0
1,21,1,0,,,,9.9999994e-08,0.0,0.0,0.0,0.0
1,22,1,0,,,,9.9999994e-08,0.0,0.0,0.0,0.0
1,23,1,0,,,,9.9999994e-08,0.0,0.0,0.0,0.0
1,24,1,0,,,,9.9999994e-08,0.0,0.0,0.0,0.0
1,1,2,0,,,,9.9999994e-08,0.0,0.0,0.0,0.0
1,2,2,0,,,,9.9999994e-08,0.0,0.0,0.0,0.0
1,3,2,0,,,,9.9999994e-08,0.0,0.0,0.0,0.0
1,4,2,0,,,,9.9999994e-08,0.0,0.0,0.0,0.0
1,5,2,0,,,,9.9999994e-08,0.0,0.0,0.0,0.0
1,6,2,0,,,,9.9999994e-08,0.0,0.0,0.0,0.0
1,7,2,0,,,,0.2271667,0.0,0.0,0.0,0.0
1,8,2,0,,,,1.1854,0.0,0.0,0.0,0.0
1,9,2,0,,,,2.0455334,0.0,0.0,0.0,0.0
1,10,2,0,,,,2.63635,0.0,0.0,0.0,64.7
1,11,2,0,,,,2.97005,0.0,0.0,0.0,77.43
1,12,2,0,,,,3.02345,0.0,0.0,0.0,43.93
1,13,2,0,,,,2.7949667,0.0,0.0,0.0,42.14
1,14,2,0,,,,2.2687,0.0,0.0,0.0,135.88
1,15,2,0,,,,1.5285333,0.0,0.0,0.0,101.06
1,16,2,0,,,,0.29218337,0.0,0.0,0.0,34.43
1,17,2,0,,,,9.9999994e-08,0.0,0.0,0.0,0.0
1,18,2,0,,,,9.9999994e-08,0.0,0.0,0.0,0.0
1,19,2,0,,,,9.9999994e-08,0.0,0.0,0.0,0.0
1,20,2,0,,,,9.9999994e-08,0.0,0.0,0.0,0.0
1,21,2,0,,,,9.9999994e-08,0.0,0.0,0.0,0.0
1,22,2,0,,,,9.9999994e-08,0.0,0.0,0.0,0.0
1,23,2,0,,,,9.9999994e-08,0.0,0.0,0.0,0.0
1,24,2,0,,,,9.9999994e-08,0.0,0.0,0.0,0.0
1,1,3,0,,,,9.9999994e-08,0.0,0.0,0.0,0.0
1,2,3,0,,,,9.9999994e-08,0.0,0.0,0.0,0.0
1,3,3,0,,,,9.9999994e-08,0.0,0.0,0.0,0.0
1,4,3,0,,,,9.9999994e-08,0.0,0.0,0.0,0.0
1,5,3,0,,,,9.9999994e-08,0.0,0.0,0.0,0.0
1,6,3,0,,,,9.9999994e-08,0.0,0.0,0.0,0.0
1,7,3,0,,,,0.19578336,0.0,0.0,0.0,0.0
1,8,3,0,,,,1.10275,0.0,0.0,0.0,0.0
1,9,3,0,,,,1.9068333,0.0,0.0,0.0,0.0
1,10,3,0,,,,2.4855165,0.0,0.0,0.0,71.7
1,11,3,0,,,,2.7898166,0.0,0.0,0.0,504.61
1,12,3,0,,,,2.1283,0.0,0.0,0.0,224.15
1,13,3,0,,,,1.754,0.0,0.0,0.0,56.57
1,14,3,0,,,,0.77595,0.0,0.0,0.0,356.92
1,15,3,0,,,,0.26663333,0.0,0.0,0.0,483.29
1,16,3,0,,,,0.03202505,0.0,0.0,0.0,302.68
1,17,3,0,,,,9.9999994e-08,0.0,0.0,0.0,0.0
1,18,3,0,,,,9.9999994e-08,0.0,0.0,0.0,0.0
1,19,3,0,,,,9.9999994e-08,0.0,0.0,0.0,0.0
1,20,3,0,,,,9.9999994e-08,0.0,0.0,0.0,0.0
1,21,3,0,,,,9.9999994e-08,0.0,0.0,0.0,0.0
1,22,3,0,,,,9.9999994e-08,0.0,0.0,0.0,0.0
1,23,3,0,,,,9.9999994e-08,0.0,0.0,0.0,0.0
1,24,3,0,,,,9.9999994e-08,0.0,0.0,0.0,0.0
1,1,4,0,,,,9.9999994e-08,0.0,0.0,0.0,0.0
1,2,4,0,,,,9.9999994e-08,0.0,0.0,0.0,0.0
1,3,4,0,,,,9.9999994e-08,0.0,0.0,0.0,0.0
1,4,4,0,,,,9.9999994e-08,0.0,0.0,0.0,0.0
1,5,4,0,,,,9.9999994e-08,0.0,0.0,0.0,0.0
1,6,4,0,,,,9.9999994e-08,0.0,0.0,0.0,0.0
1,7,4,0,,,,9.9999994e-08,0.0,0.0,0.0,0.0
1,8,4,0,,,,0.06978339,0.0,0.0,0.0,0.0
1,9,4,0,,,,0.03223339,0.0,0.0,0.0,0.0
1,10,4,0,,,,0.4829667,0.0,0.0,0.0,413.17
1,11,4,0,,,,2.8543,0.0,0.0,0.0,374.31
1,12,4,0,,,,2.7488666,0.0,0.0,0.0,710.75
1,13,4,0,,,,1.3327833,0.0,0.0,0.0,690.1
1,14,4,0,,,,0.05063337,0.0,0.0,0.0,698.67
1,15,4,0,,,,9.9999994e-08,0.0,0.0,0.0,560.9
1,16,4,0,,,,9.9999994e-08,0.0,0.0,0.0,381.25
1,17,4,0,,,,9.9999994e-08,0.0,0.0,0.0,0.0
1,18,4,0,,,,9.9999994e-08,0.0,0.0,0.0,0.0
1,19,4,0,,,,9.9999994e-08,0.0,0.0,0.0,0.0
1,20,4,0,,,,9.9999994e-08,0.0,0.0,0.0,0.0
1,21,4,0,,,,9.9999994e-08,0.0,0.0,0.0,0.0
1,22,4,0,,,,9.9999994e-08,0.0,0.0,0.0,0.0
1,23,4,0,,,,9.9999994e-08,0.0,0.0,0.0,0.0
1,24,4,0,,,,9.9999994e-08,0.0,0.0,0.0,0.0
1,1,5,0,,,,9.9999994e-08,0.0,0.0,0.0,0.0
1,2,5,0,,,,9.9999994e-08,0.0,0.0,0.0,0.0
1,3,5,0,,,,9.9999994e-08,0.0,0.0,0.0,0.0
1,4,5,0,,,,9.9999994e-08,0.0,0.0,0.0,0.0
1,5,5,0,,,,9.9999994e-08,0.0,0.0,0.0,0.0
1,6,5,0,,,,9.9999994e-08,0.0,0.0,0.0,0.0
1,7,5,0,,,,9.9999994e-08,0.0,0.0,0.0,0.0
1,8,5,0,,,,0.0169334,0.0,0.0,0.0,0.0
1,9,5,0,,,,0.05491674,0.0,0.0,0.0,0.0
1,10,5,0,,,,0.21828334,0.0,0.0,0.0,274.0
1,11,5,0,,,,0.0049000867,0.0,0.0,0.0,198.65
1,12,5,0,,,,9.9999994e-08,0.0,0.0,0.0,615.58
1,13,5,0,,,,0.038433407,0.0,0.0,0.0,663.01
1,14,5,0,,,,0.16841671,0.0,0.0,0.0,640.14
1,15,5,0,,,,0.23855002,0.0,0.0,0.0,250.89
1,16,5,0,,,,9.9999994e-08,0.0,0.0,0.0,68.27
1,17,5,0,,,,9.9999994e-08,0.0,0.0,0.0,0.0
1,18,5,0,,,,9.9999994e-08,0.0,0.0,0.0,0.0
1,19,5,0,,,,9.9999994e-08,0.0,0.0,0.0,0.0
1,20,5,0,,,,9.9999994e-08,0.0,0.0,0.0,0.0
1,21,5,0,,,,9.9999994e-08,0.0,0.0,0.0,0.0
1,22,5,0,,,,9.833333e-08,0.0,0.0,0.0,0.0
1,23,5,0,,,,9.9999994e-08,0.0,0.0,0.0,0.0
1,24,5,0,,,,9.9999994e-08,0.0,0.0,0.0,0.0
1,1,6,0,,,,9.9999994e-08,0.0,0.0,0.0,0.0
1,2,6,0,,,,9.9999994e-08,0.0,0.0,0.0,0.0
1,3,6,0,,,,9.9999994e-08,0.0,0.0,0.0,0.0
1,4,6,0,,,,9.9999994e-08,0.0,0.0,0.0,0.0
1,5,6,0,,,,9.9999994e-08,0.0,0.0,0.0,0.0
1,6,6,0,,,,9.9999994e-08,0.0,0.0,0.0,0.0
1,7,6,0,,,,0.19705003,0.0,0.0,0.0,0.0
1,8,6,0,,,,1.0523666,0.0,0.0,0.0,0.0
1,9,6,0,,,,2.0616834,0.0,0.0,0.0,0.0
1,10,6,0,,,,1.7673833,0.0,0.0,0.0,67.6
1,11,6,0,,,,2.6504166,0.0,0.0,0.0,58.83
1,12,6,0,,,,0.75778335,0.0,0.0,0.0,100.11
1,13,6,0,,,,0.4872667,0.0,0.0,0.0,23.72
1,14,6,0,,,,0.71785,0.0,0.0,0.0,40.17
1,15,6,0,,,,0.58985,0.0,0.0,0.0,147.87
1,16,6,0,,,,0.13283338,0.0,0.0,0.0,32.58
1,17,6,0,,,,9.9999994e-08,0.0,0.0,0.0,0.0
1,18,6,0,,,,9.9999994e-08,0.0,0.0,0.0,0.0
1,19,6,0,,,,9.9999994e-08,0.0,0.0,0.0,0.0
1,20,6,0,,,,9.9999994e-08,0.0,0.0,0.0,0.0
1,21,6,0,,,,9.9999994e-08,0.0,0.0,0.0,0.0
1,22,6,0,,,,9.9999994e-08,0.0,0.0,0.0,0.0
1,23,6,0,,,,9.9999994e-08,0.0,0.0,0.0,0.0
1,24,6,0,,,,9.9999994e-08,0.0,0.0,0.0,0.0
1,1,7,0,,,,9.9999994e-08,0.0,0.0,0.0,0.0
1,2,7,0,,,,9.9999994e-08,0.0,0.0,0.0,0.0
1,3,7,0,,,,9.9999994e-08,0.0,0.0,0.0,0.0
1,4,7,0,,,,9.9999994e-08,0.0,0.0,0.0,0.0
1,5,7,0,,,,9.9999994e-08,0.0,0.0,0.0,0.0
1,6,7,0,,,,9.9999994e-08,0.0,0.0,0.0,0.0
1,7,7,0,,,,0.005783415,0.0,0.0,0.0,0.0
1,8,7,0,,,,0.16535,0.0,0.0,0.0,0.0
1,9,7,0,,,,0.25378335,0.0,0.0,0.0,1.38
1,10,7,0,,,,0.34596667,0.0,0.0,0.0,396.81
1,11,7,0,,,,0.09166668,0.0,0.0,0.0,350.44
1,12,7,0,,,,0.004116765,0.0,0.0,0.0,121.07
1,13,7,0,,,,0.00095009,0.0,0.0,0.0,91.5
1,14,7,0,,,,0.0045000985,0.0,0.0,0.0,61.21
1,15,7,0,,,,9.9999994e-08,0.0,0.0,0.0,19.4
1,16,7,0,,,,0.003938987,0.0,0.0,0.0,15.04
1,17,7,0,,,,9.9999994e-08,0.0,0.0,0.0,0.0
1,18,7,0,,,,0.00243343,0.0,0.0,0.0,0.0
1,19,7,0,,,,9.9999994e-08,0.0,0.0,0.0,0.0
1,20,7,0,,,,9.9999994e-08,0.0,0.0,0.0,0.0
1,21,7,0,,,,9.9999994e-08,0.0,0.0,0.0,0.0
1,22,7,0,,,,9.9999994e-08,0.0,0.0,0.0,0.0
1,23,7,0,,,,9.9999994e-08,0.0,0.0,0.0,0.0
1,24,7,0,,,,9.9999994e-08,0.0,0.0,0.0,0.0
1,1,1,0,,,,9.9999994e-08,0.0,0.0,0.0,0.0
1,2,1,0,,,,9.9999994e-08,0.0,0.0,0.0,0.0
1,3,1,0,,,,9.9999994e-08,0.0,0.0,0.0,0.0
1,4,1,0,,,,9.9999994e-08,0.0,0.0,0.0,0.0
1,5,1,0,,,,9.9999994e-08,0.0,0.0,0.0,0.0
1,6,1,0,,,,9.9999994e-08,0.0,0.0,0.0,0.0
1,7,1,0,,,,9.9999994e-08,0.0,0.0,0.0,0.0
1,8,1,0,,,,0.36478335,0.0,0.0,0.0,0.0
1,9,1,0,,,,0.3543167,0.0,0.0,0.0,8.17
1,10,1,0,,,,0.5465,0.0,0.0,0.0,19.76
1,11,1,0,,,,0.081050046,0.0,0.0,0.0,44.49
1,12,1,0,,,,0.16085002,0.0,0.0,0.0,36.21
1,13,1,0,,,,0.49955,0.0,0.0,0.0,36.16
1,14,1,0,,,,2.0329833,0.0,0.0,0.0,61.1
1,15,1,0,,,,0.17998335,0.0,0.0,0.0,51.76
1,16,1,0,,,,0.050416738,0.0,0.0,0.0,21.13
1,17,1,0,,,,9.9999994e-08,0.0,0.0,0.0,0.0
1,18,1,0,,,,9.9999994e-08,0.0,0.0,0.0,0.0
1,19,1,0,,,,9.9999994e-08,0.0,0.0,0.0,0.0
1,20,1,0,,,,9.9999994e-08,0.0,0.0,0.0,0.0
1,21,1,0,,,,9.9999994e-08,0.0,0.0,0.0,0.0
1,22,1,0,,,,9.9999994e-08,0.0,0.0,0.0,0.0
1,23,1,0,,,,9.9999994e-08,0.0,0.0,0.0,0.0
1,24,1,0,,,,9.9999994e-08,0.0,0.0,0.0,0.0
1,1,2,0,,,,9.9999994e-08,0.0,0.0,0.0,0.0
1,2,2,0,,,,9.9999994e-08,0.0,0.0,0.0,0.0
1,3,2,0,,,,9.9999994e-08,0.0,0.0,0.0,0.0
1,4,2,0,,,,9.9999994e-08,0.0,0.0,0.0,0.0
1,5,2,0,,,,9.9999994e-08,0.0,0.0,0.0,0.0
1,6,2,0,,,,9.9999994e-08,0.0,0.0,0.0,0.0
1,7,2,0,,,,0.028783364,0.0,0.0,0.0,0.0
1,8,2,0,,,,0.82185,0.0,0.0,0.0,0.0
1,9,2,0,,,,1.1633333,0.0,0.0,0.0,1.33
1,10,2,0,,,,2.2117834,0.0,0.0,0.0,109.9
1,11,2,0,,,,2.1996167,0.0,0.0,0.0,97.83
1,12,2,0,,,,0.6605833,0.0,0.0,0.0,464.98
1,13,2,0,,,,1.69165,0.0,0.0,0.0,471.17
1,14,2,0,,,,1.8159667,0.0,0.0,0.0,377.85
1,15,2,0,,,,0.51643336,0.0,0.0,0.0,322.88
1,16,2,0,,,,0.012966727,0.0,0.0,0.0,323.93
1,17,2,0,,,,9.9999994e-08,0.0,0.0,0.0,0.0
1,18,2,0,,,,9.9999994e-08,0.0,0.0,0.0,0.0
1,19,2,0,,,,9.9999994e-08,0.0,0.0,0.0,0.0
1,20,2,0,,,,9.9999994e-08,0.0,0.0,0.0,0.0
1,21,2,0,,,,9.9999994e-08,0.0,0.0,0.0,0.0
1,22,2,0,,,,9.9999994e-08,0.0,0.0,0.0,0.0
1,23,2,0,,,,9.9999994e-08,0.0,0.0,0.0,0.0
1,24,2,0,,,,9.9999994e-08,0.0,0.0,0.0,0.0
1,1,3,0,,,,9.9999994e-08,0.0,0.0,0.0,0.0
1,2,3,0,,,,9.9999994e-08,0.0,0.0,0.0,0.0
1,3,3,0,,,,9.9999994e-08,0.0,0.0,0.0,0.0
1,4,3,0,,,,9.9999994e-08,0.0,0.0,0.0,0.0
1,5,3,0,,,,9.9999994e-08,0.0,0.0,0.0,0.0
1,6,3,0,,,,9.9999994e-08,0.0,0.0,0.0,0.0
1,7,3,0,,,,0.25863335,0.0,0.0,0.0,0.0
1,8,3,0,,,,1.25515,0.0,0.0,0.0,0.0
1,9,3,0,,,,2.1297667,0.0,0.0,0.0,1.39
1,10,3,0,,,,2.66865,0.0,0.0,0.0,234.76
1,11,3,0,,,,3.0086834,0.0,0.0,0.0,146.35
1,12,3,0,,,,3.0635834,0.0,0.0,0.0,444.77
1,13,3,0,,,,2.83335,0.0,0.0,0.0,394.1
1,14,3,0,,,,2.3315,0.0,0.0,0.0,398.25
1,15,3,0,,,,1.5927,0.0,0.0,0.0,151.15
1,16,3,0,,,,0.5407,0.0,0.0,0.0,18.32
1,17,3,0,,,,9.9999994e-08,0.0,0.0,0.0,0.0
1,18,3,0,,,,9.9999994e-08,0.0,0.0,0.0,0.0
1,19,3,0,,,,9.9999994e-08,0.0,0.0,0.0,0.0
1,20,3,0,,,,9.9999994e-08,0.0,0.0,0.0,0.0
1,21,3,0,,,,9.9999994e-08,0.0,0.0,0.0,0.0
1,22,3,0,,,,9.9999994e-08,0.0,0.0,0.0,0.0
1,23,3,0,,,,9.9999994e-08,0.0,0.0,0.0,0.0
1,24,3,0,,,,9.9999994e-08,0.0,0.0,0.0,0.0
1,1,4,0,,,,9.9999994e-08,0.0,0.0,0.0,0.0
1,2,4,0,,,,9.9999994e-08,0.0,0.0,0.0,0.0
1,3,4,0,,,,9.9999994e-08,0.0,0.0,0.0,0.0
1,4,4,0,,,,9.9999994e-08,0.0,0.0,0.0,0.0
1,5,4,0,,,,9.9999994e-08,0.0,0.0,0.0,0.0
1,6,4,0,,,,9.9999994e-08,0.0,0.0,0.0,0.0
1,7,4,0,,,,0.24553336,0.0,0.0,0.0,0.0
1,8,4,0,,,,1.23055,0.0,0.0,0.0,0.0
1,9,4,0,,,,2.0893,0.0,0.0,0.0,1.81
1,10,4,0,,,,2.6703334,0.0,0.0,0.0,26.57
1,11,4,0,,,,3.0434334,0.0,0.0,0.0,50.81
1,12,4,0,,,,2.6824,0.0,0.0,0.0,110.27
1,13,4,0,,,,2.934,0.0,0.0,0.0,42.26
1,14,4,0,,,,2.457,0.0,0.0,0.0,38.14
1,15,4,0,,,,1.05945,0.0,0.0,0.0,24.69
1,16,4,0,,,,0.25618333,0.0,0.0,0.0,391.74
1,17,4,0,,,,9.833333e-08,0.0,0.0,0.0,0.0
1,18,4,0,,,,9.9999994e-08,0.0,0.0,0.0,0.0
1,19,4,0,,,,9.9999994e-08,0.0,0.0,0.0,0.0
1,20,4,0,,,,9.9999994e-08,0.0,0.0,0.0,0.0
1,21,4,0,,,,9.9999994e-08,0.0,0.0,0.0,0.0
1,22,4,0,,,,9.9999994e-08,0.0,0.0,0.0,0.0
1,23,4,0,,,,9.9999994e-08,0.0,0.0,0.0,0.0
1,24,4,0,,,,9.9999994e-08,0.0,0.0,0.0,0.0
1,1,5,0,,,,9.9999994e-08,0.0,0.0,0.0,0.0
1,2,5,0,,,,9.9999994e-08,0.0,0.0,0.0,0.0
1,3,5,0,,,,9.9999994e-08,0.0,0.0,0.0,0.0
1,4,5,0,,,,9.9999994e-08,0.0,0.0,0.0,0.0
1,5,5,0,,,,9.9999994e-08,0.0,0.0,0.0,0.0
1,6,5,0,,,,9.9999994e-08,0.0,0.0,0.0,0.0
1,7,5,0,,,,0.24883336,0.0,0.0,0.0,0.0
1,8,5,0,,,,0.88233334,0.0,0.0,0.0,0.0
1,9,5,0,,,,2.1402833,0.0,0.0,0.0,21.45
1,10,5,0,,,,2.7768834,0.0,0.0,0.0,166.3
1,11,5,0,,,,3.1414332,0.0,0.0,0.0,182.8
1,12,5,0,,,,3.25475,0.0,0.0,0.0,382.87
1,13,5,0,,,,3.0750833,0.0,0.0,0.0,456.8
1,14,5,0,,,,2.5984833,0.0,0.0,0.0,54.25
1,15,5,0,,,,1.82205,0.0,0.0,0.0,21.14
1,16,5,0,,,,0.7596167,0.0,0.0,0.0,13.08
1,17,5,0,,,,0.0074000885,0.0,0.0,0.0,0.0
1,18,5,0,,,,9.9999994e-08,0.0,0.0,0.0,0.0
1,19,5,0,,,,9.9999994e-08,0.0,0.0,0.0,0.0
1,20,5,0,,,,9.9999994e-08,0.0,0.0,0.0,0.0
1,21,5,0,,,,9.9999994e-08,0.0,0.0,0.0,0.0
1,22,5,0,,,,9.9999994e-08,0.0,0.0,0.0,0.0
1,23,5,0,,,,9.9999994e-08,0.0,0.0,0.0,0.0
1,24,5,0,,,,9.9999994e-08,0.0,0.0,0.0,0.0
1,1,6,0,,,,9.9999994e-08,0.0,0.0,0.0,0.0
1,2,6,0,,,,9.9999994e-08,0.0,0.0,0.0,0.0
1,3,6,0,,,,9.9999994e-08,0.0,0.0,0.0,0.0
1,4,6,0,,,,9.9999994e-08,0.0,0.0,0.0,0.0
1,5,6,0,,,,9.9999994e-08,0.0,0.0,0.0,0.0
1,6,6,0,,,,9.9999994e-08,0.0,0.0,0.0,0.0
1,7,6,0,,,,0.2665167,0.0,0.0,0.0,0.0
1,8,6,0,,,,1.2729666,0.0,0.0,0.0,0.0
1,9,6,0,,,,2.1711333,0.0,0.0,0.0,4.03
1,10,6,0,,,,2.805,0.0,0.0,0.0,138.05
1,11,6,0,,,,3.1649334,0.0,0.0,0.0,34.01
1,12,6,0,,,,3.2409832,0.0,0.0,0.0,90.82
1,13,6,0,,,,3.0602667,0.0,0.0,0.0,104.27
1,14,6,0,,,,2.61395,0.0,0.0,0.0,75.24
1,15,6,0,,,,1.86465,0.0,0.0,0.0,45.53
1,16,6,0,,,,0.8134,0.0,0.0,0.0,3.89
1,17,6,0,,,,0.01591675,0.0,0.0,0.0,0.0
1,18,6,0,,,,9.9999994e-08,0.0,0.0,0.0,0.0
1,19,6,0,,,,9.9999994e-08,0.0,0.0,0.0,0.0
1,20,6,0,,,,9.9999994e-08,0.0,0.0,0.0,0.0
1,21,6,0,,,,9.9999994e-08,0.0,0.0,0.0,0.0
1,22,6,0,,,,9.9999994e-08,0.0,0.0,0.0,0.0
1,23,6,0,,,,9.9999994e-08,0.0,0.0,0.0,0.0
1,24,6,0,,,,9.9999994e-08,0.0,0.0,0.0,0.0
1,1,7,0,,,,9.9999994e-08,0.0,0.0,0.0,0.0
1,2,7,0,,,,9.9999994e-08,0.0,0.0,0.0,0.0
1,3,7,0,,,,9.9999994e-08,0.0,0.0,0.0,0.0
1,4,7,0,,,,9.9999994e-08,0.0,0.0,0.0,0.0
1,5,7,0,,,,9.9999994e-08,0.0,0.0,0.0,0.0
1,6,7,0,,,,9.9999994e-08,0.0,0.0,0.0,0.0
1,7,7,0,,,,0.26453337,0.0,0.0,0.0,0.0
1,8,7,0,,,,1.2448334,0.0,0.0,0.0,0.0
1,9,7,0,,,,2.1033332,0.0,0.0,0.0,0.0
1,10,7,0,,,,2.6991167,0.0,0.0,0.0,82.26
1,11,7,0,,,,3.0781167,0.0,0.0,0.0,56.86
1,12,7,0,,,,3.1837,0.0,0.0,0.0,90.62
1,13,7,0,,,,2.9968,0.0,0.0,0.0,44.59
1,14,7,0,,,,2.2175834,0.0,0.0,0.0,29.75
1,15,7,0,,,,1.7984667,0.0,0.0,0.0,9.07
1,16,7,0,,,,0.78288335,0.0,0.0,0.0,11.03
1,17,7,0,,,,0.01676675,0.0,0.0,0.0,0.0
1,18,7,0,,,,9.9999994e-08,0.0,0.0,0.0,0.0
1,19,7,0,,,,9.9999994e-08,0.0,0.0,0.0,0.0
1,20,7,0,,,,9.9999994e-08,0.0,0.0,0.0,0.0
1,21,7,0,,,,9.9999994e-08,0.0,0.0,0.0,0.0
1,22,7,0,,,,9.9999994e-08,0.0,0.0,0.0,0.0
1,23,7,0,,,,9.9999994e-08,0.0,0.0,0.0,0.0
1,24,7,0,,,,9.9999994e-08,0.0,0.0,0.0,0.0
1,1,1,0,,,,9.9999994e-08,0.0,0.0,0.0,0.0
1,2,1,0,,,,9.9999994e-08,0.0,0.0,0.0,0.0
1,3,1,0,,,,9.9999994e-08,0.0,0.0,0.0,0.0
1,4,1,0,,,,9.9999994e-08,0.0,0.0,0.0,0.0
1,5,1,0,,,,9.9999994e-08,0.0,0.0,0.0,0.0
1,6,1,0,,,,9.9999994e-08,0.0,0.0,0.0,0.0
1,7,1,0,,,,0.1702667,0.0,0.0,0.0,0.0
1,8,1,0,,,,1.15065,0.0,0.0,0.0,0.0
1,9,1,0,,,,1.8981,0.0,0.0,0.0,1.68
1,10,1,0,,,,2.7321832,0.0,0.0,0.0,18.75
1,11,1,0,,,,3.06725,0.0,0.0,0.0,30.64
1,12,1,0,,,,3.1111834,0.0,0.0,0.0,42.3
1,13,1,0,,,,2.8667,0.0,0.0,0.0,33.65
1,14,1,0,,,,2.3117,0.0,0.0,0.0,32.03
1,15,1,0,,,,1.2961667,0.0,0.0,0.0,23.7
1,16,1,0,,,,0.36813334,0.0,0.0,0.0,12.99
1,17,1,0,,,,0.022033416,0.0,0.0,0.0,0.0
1,18,1,0,,,,9.9999994e-08,0.0,0.0,0.0,0.0
1,19,1,0,,,,9.9999994e-08,0.0,0.0,0.0,0.0
1,20,1,0,,,,9.9999994e-08,0.0,0.0,0.0,0.0
1,21,1,0,,,,9.9999994e-08,0.0,0.0,0.0,0.0
1,22,1,0,,,,9.9999994e-08,0.0,0.0,0.0,0.0
1,23,1,0,,,,9.9999994e-08,0.0,0.0,0.0,0.0
1,24,1,0,,,,9.9999994e-08,0.0,0.0,0.0,0.0
1,1,2,0,,,,9.9999994e-08,0.0,0.0,0.0,0.0
1,2,2,0,,,,9.9999994e-08,0.0,0.0,0.0,0.0
1,3,2,0,,,,9.9999994e-08,0.0,0.0,0.0,0.0
1,4,2,0,,,,9.9999994e-08,0.0,0.0,0.0,0.0
1,5,2,0,,,,9.9999994e-08,0.0,0.0,0.0,0.0
1,6,2,0,,,,9.9999994e-08,0.0,0.0,0.0,0.0
1,7,2,0,,,,0.26675004,0.0,0.0,0.0,0.0
1,8,2,0,,,,1.00085,0.0,0.0,0.0,0.0
1,9,2,0,,,,1.8911834,0.0,0.0,0.0,1.69
1,10,2,0,,,,2.5733166,0.0,0.0,0.0,109.99
1,11,2,0,,,,2.8994668,0.0,0.0,0.0,53.77
1,12,2,0,,,,3.0006332,0.0,0.0,0.0,66.03
1,13,2,0,,,,2.8033,0.0,0.0,0.0,70.07
1,14,2,0,,,,2.3866,0.0,0.0,0.0,29.16
1,15,2,0,,,,1.6675833,0.0,0.0,0.0,81.21
1,16,2,0,,,,0.64888334,0.0,0.0,0.0,83.27
1,17,2,0,,,,0.005166755,0.0,0.0,0.0,0.0
1,18,2,0,,,,9.9999994e-08,0.0,0.0,0.0,0.0
1,19,2,0,,,,9.9999994e-08,0.0,0.0,0.0,0.0
1,20,2,0,,,,9.9999994e-08,0.0,0.0,0.0,0.0
1,21,2,0,,,,9.9999994e-08,0.0,0.0,0.0,0.0
1,22,2,0,,,,9.9999994e-08,0.0,0.0,0.0,0.0
1,23,2,0,,,,9.9999994e-08,0.0,0.0,0.0,0.0
1,24,2,0,,,,9.9999994e-08,0.0,0.0,0.0,0.0
2,1,3,0,,,,9.9999994e-08,0.0,0.0,0.0,0.0
2,2,3,0,,,,9.9999994e-08,0.0,0.0,0.0,0.0
2,3,3,0,,,,9.9999994e-08,0.0,0.0,0.0,0.0
2,4,3,0,,,,9.9999994e-08,0.0,0.0,0.0,0.0
2,5,3,0,,,,9.9999994e-08,0.0,0.0,0.0,0.0
2,6,3,0,,,,9.9999994e-08,0.0,0.0,0.0,0.0
2,7,3,0,,,,0.2577667,0.0,0.0,0.0,0.0
2,8,3,0,,,,1.2121167,0.0,0.0,0.0,0.0
2,9,3,0,,,,2.0617,0.0,0.0,0.0,59.85
2,10,3,0,,,,2.64535,0.0,0.0,0.0,98.85
2,11,3,0,,,,2.9614334,0.0,0.0,0.0,55.87
2,12,3,0,,,,3.0252,0.0,0.0,0.0,81.03
2,13,3,0,,,,2.54835,0.0,0.0,0.0,69.49
2,14,3,0,,,,2.0616167,0.0,0.0,0.0,57.98
2,15,3,0,,,,1.1917,0.0,0.0,0.0,68.57
2,16,3,0,,,,0.24055001,0.0,0.0,0.0,9.07
2,17,3,0,,,,9.9999994e-08,0.0,0.0,0.0,0.23
2,18,3,0,,,,9.9999994e-08,0.0,0.0,0.0,0.0
2,19,3,0,,,,9.9999994e-08,0.0,0.0,0.0,0.0
2,20,3,0,,,,9.9999994e-08,0.0,0.0,0.0,0.0
2,21,3,0,,,,9.9999994e-08,0.0,0.0,0.0,0.0
2,22,3,0,,,,9.9999994e-08,0.0,0.0,0.0,0.0
2,23,3,0,,,,9.9999994e-08,0.0,0.0,0.0,0.0
2,24,3,0,,,,9.9999994e-08,0.0,0.0,0.0,0.0
2,1,4,0,,,,9.9999994e-08,0.0,0.0,0.0,0.0
2,2,4,0,,,,9.9999994e-08,0.0,0.0,0.0,0.0
2,3,4,0,,,,9.9999994e-08,0.0,0.0,0.0,0.0
2,4,4,0,,,,9.9999994e-08,0.0,0.0,0.0,0.0
2,5,4,0,,,,9.9999994e-08,0.0,0.0,0.0,0.0
2,6,4,0,,,,9.9999994e-08,0.0,0.0,0.0,0.0
2,7,4,0,,,,0.20998336,0.0,0.0,0.0,0.0
2,8,4,0,,,,0.83112776,0.0,0.0,0.0,0.0
2,9,4,0,,,,1.1107416,0.0,0.0,0.0,64.34
2,10,4,0,,,,2.0777,0.0,0.0,0.0,16.61
2,11,4,0,,,,2.75325,0.0,0.0,0.0,29.11
2,12,4,0,,,,2.776,0.0,0.0,0.0,63.22
2,13,4,0,,,,1.9933333,0.0,0.0,0.0,58.24
2,14,4,0,,,,1.4134166,0.0,0.0,0.0,44.56
2,15,4,0,,,,0.8315333,0.0,0.0,0.0,139.17
2,16,4,0,,,,0.23205002,0.0,0.0,0.0,11.03
2,17,4,0,,,,9.9999994e-08,0.0,0.0,0.0,0.59
2,18,4,0,,,,9.9999994e-08,0.0,0.0,0.0,0.0
2,19,4,0,,,,9.9999994e-08,0.0,0.0,0.0,0.0
2,20,4,0,,,,9.9999994e-08,0.0,0.0,0.0,0.0
2,21,4,0,,,,9.9999994e-08,0.0,0.0,0.0,0.0
2,22,4,0,,,,9.9999994e-08,0.0,0.0,0.0,0.0
2,23,4,0,,,,9.9999994e-08,0.0,0.0,0.0,0.0
2,24,4,0,,,,9.9999994e-08,0.0,0.0,0.0,0.0
2,1,5,0,,,,9.9999994e-08,0.0,0.0,0.0,0.0
2,2,5,0,,,,9.9999994e-08,0.0,0.0,0.0,0.0
2,3,5,0,,,,9.9999994e-08,0.0,0.0,0.0,0.0
2,4,5,0,,,,9.9999994e-08,0.0,0.0,0.0,0.0
2,5,5,0,,,,9.9999994e-08,0.0,0.0,0.0,0.0
2,6,5,0,,,,9.9999994e-08,0.0,0.0,0.0,0.0
2,7,5,0,,,,0.008066755,0.0,0.0,0.0,0.0
2,8,5,0,,,,0.21093334,0.0,0.0,0.0,0.0
2,9,5,0,,,,0.30693337,0.0,0.0,0.0,0.0
2,10,5,0,,,,0.5352333,0.0,0.0,0.0,84.15
2,11,5,0,,,,0.27405,0.0,0.0,0.0,75.63
2,12,5,0,,,,0.10023333,0.0,0.0,0.0,94.34
2,13,5,0,,,,0.1795,0.0,0.0,0.0,69.51
2,14,5,0,,,,0.26553333,0.0,0.0,0.0,35.01
2,15,5,0,,,,0.05648336,0.0,0.0,0.0,10.32
2,16,5,0,,,,9.9999994e-08,0.0,0.0,0.0,7.15
2,17,5,0,,,,9.9999994e-08,0.0,0.0,0.0,1.19
2,18,5,0,,,,9.9999994e-08,0.0,0.0,0.0,0.0
2,19,5,0,,,,9.9999994e-08,0.0,0.0,0.0,0.0
2,20,5,0,,,,9.9999994e-08,0.0,0.0,0.0,0.0
2,21,5,0,,,,9.9999994e-08,0.0,0.0,0.0,0.0
2,22,5,0,,,,9.9999994e-08,0.0,0.0,0.0,0.0
2,23,5,0,,,,9.9999994e-08,0.0,0.0,0.0,0.0
2,24,5,0,,,,9.9999994e-08,0.0,0.0,0.0,0.0
2,1,6,0,,,,9.9999994e-08,0.0,0.0,0.0,0.0
2,2,6,0,,,,9.9999994e-08,0.0,0.0,0.0,0.0
2,3,6,0,,,,9.9999994e-08,0.0,0.0,0.0,0.0
2,4,6,0,,,,9.9999994e-08,0.0,0.0,0.0,0.0
2,5,6,0,,,,9.9999994e-08,0.0,0.0,0.0,0.0
2,6,6,0,,,,9.9999994e-08,0.0,0.0,0.0,0.0
2,7,6,0,,,,0.23456669,0.0,0.0,0.0,0.0
2,8,6,0,,,,0.90875,0.0,0.0,0.0,0.0
2,9,6,0,,,,0.36151665,0.0,0.0,0.0,1.2
2,10,6,0,,,,2.8667,0.0,0.0,0.0,27.35
2,11,6,0,,,,1.0712334,0.0,0.0,0.0,46.62
2,12,6,0,,,,0.47753334,0.0,0.0,0.0,75.56
2,13,6,0,,,,0.84386665,0.0,0.0,0.0,101.32
2,14,6,0,,,,1.4472834,0.0,0.0,0.0,88.22
2,15,6,0,,,,1.27995,0.0,0.0,0.0,72.0
2,16,6,0,,,,0.28068334,0.0,0.0,0.0,342.45
2,17,6,0,,,,9.9999994e-08,0.0,0.0,0.0,0.37
2,18,6,0,,,,9.9999994e-08,0.0,0.0,0.0,0.0
2,19,6,0,,,,9.9999994e-08,0.0,0.0,0.0,0.0
2,20,6,0,,,,9.9999994e-08,0.0,0.0,0.0,0.0
2,21,6,0,,,,9.9999994e-08,0.0,0.0,0.0,0.0
2,22,6,0,,,,9.9999994e-08,0.0,0.0,0.0,0.0
2,23,6,0,,,,9.9999994e-08,0.0,0.0,0.0,0.0
2,24,6,0,,,,9.9999994e-08,0.0,0.0,0.0,0.0
2,1,7,0,,,,9.9999994e-08,0.0,0.0,0.0,0.0
2,2,7,0,,,,9.9999994e-08,0.0,0.0,0.0,0.0
2,3,7,0,,,,9.9999994e-08,0.0,0.0,0.0,0.0
2,4,7,0,,,,9.9999994e-08,0.0,0.0,0.0,0.0
2,5,7,0,,,,9.9999994e-08,0.0,0.0,0.0,0.0
2,6,7,0,,,,9.9999994e-08,0.0,0.0,0.0,0.0
2,7,7,0,,,,0.27648333,0.0,0.0,0.0,0.0
2,8,7,0,,,,1.21335,0.0,0.0,0.0,0.0
2,9,7,0,,,,1.0680833,0.0,0.0,0.0,0.39
2,10,7,0,,,,0.22946666,0.0,0.0,0.0,148.92
2,11,7,0,,,,0.53223336,0.0,0.0,0.0,43.41
2,12,7,0,,,,1.1249334,0.0,0.0,0.0,19.59
2,13,7,0,,,,1.2418333,0.0,0.0,0.0,76.82
2,14,7,0,,,,0.68693334,0.0,0.0,0.0,89.94
2,15,7,0,,,,0.23201667,0.0,0.0,0.0,105.32
2,16,7,0,,,,0.001833415,0.0,0.0,0.0,23.99
2,17,7,0,,,,9.9999994e-08,0.0,0.0,0.0,1.23
2,18,7,0,,,,9.9999994e-08,0.0,0.0,0.0,0.0
2,19,7,0,,,,9.9999994e-08,0.0,0.0,0.0,0.0
2,20,7,0,,,,9.9999994e-08,0.0,0.0,0.0,0.0
2,21,7,0,,,,9.9999994e-08,0.0,0.0,0.0,0.0
2,22,7,0,,,,9.9999994e-08,0.0,0.0,0.0,0.0
2,23,7,0,,,,9.9999994e-08,0.0,0.0,0.0,0.0
2,24,7,0,,,,9.9999994e-08,0.0,0.0,0.0,0.0
2,1,1,0,,,,9.9999994e-08,0.0,0.0,0.0,0.0
2,2,1,0,,,,9.9999994e-08,0.0,0.0,0.0,0.0
2,3,1,0,,,,9.9999994e-08,0.0,0.0,0.0,0.0
2,4,1,0,,,,9.9999994e-08,0.0,0.0,0.0,0.0
2,5,1,0,,,,9.9999994e-08,0.0,0.0,0.0,0.0
2,6,1,0,,,,9.9999994e-08,0.0,0.0,0.0,0.0
2,7,1,0,,,,9.9999994e-08,0.0,0.0,0.0,0.0
2,8,1,0,,,,0.0021667383,0.0,0.0,0.0,0.0
2,9,1,0,,,,0.024633354,0.0,0.0,0.0,0.03
2,10,1,0,,,,0.14428334,0.0,0.0,0.0,106.05
2,11,1,0,,,,0.329,0.0,0.0,0.0,57.93
2,12,1,0,,,,0.3515167,0.0,0.0,0.0,67.77
2,13,1,0,,,,0.3366,0.0,0.0,0.0,45.73
2,14,1,0,,,,0.19178334,0.0,0.0,0.0,99.08
2,15,1,0,,,,0.17205,0.0,0.0,0.0,78.16
2,16,1,0,,,,0.049800053,0.0,0.0,0.0,132.85
2,17,1,0,,,,9.9999994e-08,0.0,0.0,0.0,174.49
2,18,1,0,,,,0.001266765,0.0,0.0,0.0,0.0
2,19,1,0,,,,9.9999994e-08,0.0,0.0,0.0,0.0
2,20,1,0,,,,9.9999994e-08,0.0,0.0,0.0,0.0
2,21,1,0,,,,9.9999994e-08,0.0,0.0,0.0,0.0
2,22,1,0,,,,9.9999994e-08,0.0,0.0,0.0,0.0
2,23,1,0,,,,9.9999994e-08,0.0,0.0,0.0,0.0
2,24,1,0,,,,9.9999994e-08,0.0,0.0,0.0,0.0
2,1,2,0,,,,9.9999994e-08,0.0,0.0,0.0,0.0
2,2,2,0,,,,9.9999994e-08,0.0,0.0,0.0,0.0
2,3,2,0,,,,9.9999994e-08,0.0,0.0,0.0,0.0
2,4,2,0,,,,9.9999994e-08,0.0,0.0,0.0,0.0
2,5,2,0,,,,9.9999994e-08,0.0,0.0,0.0,0.0
2,6,2,0,,,,9.9999994e-08,0.0,0.0,0.0,0.0
2,7,2,0,,,,0.003700085,0.0,0.0,0.0,0.0
2,8,2,0,,,,0.24509445,0.0,0.0,0.0,0.0
2,9,2,0,,,,0.6420417,0.0,0.0,0.0,181.09
2,10,2,0,,,,0.31396666,0.0,0.0,0.0,426.47
2,11,2,0,,,,0.49631667,0.0,0.0,0.0,366.77
2,12,2,0,,,,0.45148334,0.0,0.0,0.0,429.1
2,13,2,0,,,,0.50921667,0.0,0.0,0.0,476.19
2,14,2,0,,,,0.28061667,0.0,0.0,0.0,130.77
2,15,2,0,,,,0.00050009665,0.0,0.0,0.0,524.81
2,16,2,0,,,,9.9999994e-08,0.0,0.0,0.0,445.11
2,17,2,0,,,,9.9999994e-08,0.0,0.0,0.0,165.29
2,18,2,0,,,,9.9999994e-08,0.0,0.0,0.0,0.0
2,19,2,0,,,,9.9999994e-08,0.0,0.0,0.0,0.0
2,20,2,0,,,,9.9999994e-08,0.0,0.0,0.0,0.0
2,21,2,0,,,,9.9999994e-08,0.0,0.0,0.0,0.0
2,22,2,0,,,,9.9999994e-08,0.0,0.0,0.0,0.0
2,23,2,0,,,,9.9999994e-08,0.0,0.0,0.0,0.0
2,24,2,0,,,,9.9999994e-08,0.0,0.0,0.0,0.0
2,1,3,0,,,,9.9999994e-08,0.0,0.0,0.0,0.0
2,2,3,0,,,,9.9999994e-08,0.0,0.0,0.0,0.0
2,3,3,0,,,,9.9999994e-08,0.0,0.0,0.0,0.0
2,4,3,0,,,,9.9999994e-08,0.0,0.0,0.0,0.0
2,5,3,0,,,,9.9999994e-08,0.0,0.0,0.0,0.0
2,6,3,0,,,,9.9999994e-08,0.0,0.0,0.0,0.0
2,7,3,0,,,,0.09246668,0.0,0.0,0.0,0.0
2,8,3,0,,,,0.409,0.0,0.0,0.0,0.0
2,9,3,0,,,,1.4438167,0.0,0.0,0.0,205.7
2,10,3,0,,,,0.92978334,0.0,0.0,0.0,441.71
2,11,3,0,,,,0.77126664,0.0,0.0,0.0,147.21
2,12,3,0,,,,0.8778,0.0,0.0,0.0,150.23
2,13,3,0,,,,1.4016334,0.0,0.0,0.0,103.25
2,14,3,0,,,,1.73075,0.0,0.0,0.0,60.63
2,15,3,0,,,,1.2763,0.0,0.0,0.0,27.87
2,16,3,0,,,,0.67076665,0.0,0.0,0.0,22.6
2,17,3,0,,,,9.9999994e-08,0.0,0.0,0.0,3.78
2,18,3,0,,,,9.9999994e-08,0.0,0.0,0.0,0.0
2,19,3,0,,,,9.9999994e-08,0.0,0.0,0.0,0.0
2,20,3,0,,,,9.9999994e-08,0.0,0.0,0.0,0.0
2,21,3,0,,,,9.9999994e-08,0.0,0.0,0.0,0.0
2,22,3,0,,,,9.9999994e-08,0.0,0.0,0.0,0.0
2,23,3,0,,,,9.9999994e-08,0.0,0.0,0.0,0.0
2,24,3,0,,,,9.9999994e-08,0.0,0.0,0.0,0.0
2,1,4,0,,,,9.9999994e-08,0.0,0.0,0.0,0.0
2,2,4,0,,,,9.9999994e-08,0.0,0.0,0.0,0.0
2,3,4,0,,,,9.9999994e-08,0.0,0.0,0.0,0.0
2,4,4,0,,,,9.9999994e-08,0.0,0.0,0.0,0.0
2,5,4,0,,,,9.9999994e-08,0.0,0.0,0.0,0.0
2,6,4,0,,,,9.9999994e-08,0.0,0.0,0.0,0.0
2,7,4,0,,,,0.34436667,0.0,0.0,0.0,0.0
2,8,4,0,,,,1.322,0.0,0.0,0.0,0.0
2,9,4,0,,,,2.1862667,0.0,0.0,0.0,33.44
2,10,4,0,,,,2.55765,0.0,0.0,0.0,107.82
2,11,4,0,,,,2.8444667,0.0,0.0,0.0,92.35
2,12,4,0,,,,2.7066166,0.0,0.0,0.0,147.12
2,13,4,0,,,,2.3979666,0.0,0.0,0.0,92.05
2,14,4,0,,,,2.1691334,0.0,0.0,0.0,80.09
2,15,4,0,,,,0.9546833,0.0,0.0,0.0,45.39
2,16,4,0,,,,0.5833833,0.0,0.0,0.0,28.79
2,17,4,0,,,,9.9999994e-08,0.0,0.0,0.0,8.0
2,18,4,0,,,,9.9999994e-08,0.0,0.0,0.0,0.0
2,19,4,0,,,,9.9999994e-08,0.0,0.0,0.0,0.0
2,20,4,0,,,,9.9999994e-08,0.0,0.0,0.0,0.0
2,21,4,0,,,,9.9999994e-08,0.0,0.0,0.0,0.0
2,22,4,0,,,,9.9999994e-08,0.0,0.0,0.0,0.0
2,23,4,0,,,,9.9999994e-08,0.0,0.0,0.0,0.0
2,24,4,0,,,,9.9999994e-08,0.0,0.0,0.0,0.0
2,1,5,0,,,,9.9999994e-08,0.0,0.0,0.0,0.0
2,2,5,0,,,,9.9999994e-08,0.0,0.0,0.0,0.0
2,3,5,0,,,,9.9999994e-08,0.0,0.0,0.0,0.0
2,4,5,0,,,,9.9999994e-08,0.0,0.0,0.0,0.0
2,5,5,0,,,,9.9999994e-08,0.0,0.0,0.0,0.0
2,6,5,0,,,,9.9999994e-08,0.0,0.0,0.0,0.0
2,7,5,0,,,,0.08250005,0.0,0.0,0.0,0.0
2,8,5,0,,,,0.7427,0.0,0.0,0.0,0.0
2,9,5,0,,,,0.8222833,0.0,0.0,0.0,0.44
2,10,5,0,,,,0.73221666,0.0,0.0,0.0,46.19
2,11,5,0,,,,0.7248,0.0,0.0,0.0,153.62
2,12,5,0,,,,0.7112833,0.0,0.0,0.0,140.11
2,13,5,0,,,,0.7069,0.0,0.0,0.0,118.07
2,14,5,0,,,,0.66966665,0.0,0.0,0.0,580.05
2,15,5,0,,,,0.48218334,0.0,0.0,0.0,636.99
2,16,5,0,,,,0.009883402,0.0,0.0,0.0,423.0
2,17,5,0,,,,9.9999994e-08,0.0,0.0,0.0,215.67
2,18,5,0,,,,9.9999994e-08,0.0,0.0,0.0,0.0
2,19,5,0,,,,9.9999994e-08,0.0,0.0,0.0,0.0
2,20,5,0,,,,9.9999994e-08,0.0,0.0,0.0,0.0
2,21,5,0,,,,9.9999994e-08,0.0,0.0,0.0,0.0
2,22,5,0,,,,9.9999994e-08,0.0,0.0,0.0,0.0
2,23,5,0,,,,9.9999994e-08,0.0,0.0,0.0,0.0
2,24,5,0,,,,9.9999994e-08,0.0,0.0,0.0,0.0
2,1,6,0,,,,9.9999994e-08,0.0,0.0,0.0,0.0
2,2,6,0,,,,9.9999994e-08,0.0,0.0,0.0,0.0
2,3,6,0,,,,9.9999994e-08,0.0,0.0,0.0,0.0
2,4,6,0,,,,9.9999994e-08,0.0,0.0,0.0,0.0
2,5,6,0,,,,9.9999994e-08,0.0,0.0,0.0,0.0
2,6,6,0,,,,9.9999994e-08,0.0,0.0,0.0,0.0
2,7,6,0,,,,9.9999994e-08,0.0,0.0,0.0,0.0
2,8,6,0,,,,0.059550066,0.0,0.0,0.0,0.0
2,9,6,0,,,,0.62041664,0.0,0.0,0.0,9.31
2,10,6,0,,,,1.4285333,0.0,0.0,0.0,28.79
2,11,6,0,,,,1.7306167,0.0,0.0,0.0,48.43
2,12,6,0,,,,0.65113336,0.0,0.0,0.0,78.7
2,13,6,0,,,,1.4582666,0.0,0.0,0.0,53.7
2,14,6,0,,,,2.01075,0.0,0.0,0.0,48.63
2,15,6,0,,,,1.7257833,0.0,0.0,0.0,39.74
2,16,6,0,,,,0.8996,0.0,0.0,0.0,19.29
2,17,6,0,,,,0.015550094,0.0,0.0,0.0,4.23
2,18,6,0,,,,9.9999994e-08,0.0,0.0,0.0,0.0
2,19,6,0,,,,9.9999994e-08,0.0,0.0,0.0,0.0
2,20,6,0,,,,9.9999994e-08,0.0,0.0,0.0,0.0
2,21,6,0,,,,9.9999994e-08,0.0,0.0,0.0,0.0
2,22,6,0,,,,9.9999994e-08,0.0,0.0,0.0,0.0
2,23,6,0,,,,9.9999994e-08,0.0,0.0,0.0,0.0
2,24,6,0,,,,9.9999994e-08,0.0,0.0,0.0,0.0
2,1,7,0,,,,9.9999994e-08,0.0,0.0,0.0,0.0
2,2,7,0,,,,9.9999994e-08,0.0,0.0,0.0,0.0
2,3,7,0,,,,9.9999994e-08,0.0,0.0,0.0,0.0
2,4,7,0,,,,9.9999994e-08,0.0,0.0,0.0,0.0
2,5,7,0,,,,9.9999994e-08,0.0,0.0,0.0,0.0
2,6,7,0,,,,9.9999994e-08,0.0,0.0,0.0,0.0
2,7,7,0,,,,0.26048335,0.0,0.0,0.0,0.0
2,8,7,0,,,,0.9105667,0.0,0.0,0.0,0.0
2,9,7,0,,,,2.1268167,0.0,0.0,0.0,54.36
2,10,7,0,,,,2.86925,0.0,0.0,0.0,137.98
2,11,7,0,,,,3.16797,0.0,0.0,0.0,67.4
2,12,7,0,,,,3.2872,0.0,0.0,0.0,65.79
2,13,7,0,,,,3.0998833,0.0,0.0,0.0,125.69
2,14,7,0,,,,2.6418333,0.0,0.0,0.0,100.31
2,15,7,0,,,,1.9197667,0.0,0.0,0.0,199.67
2,16,7,0,,,,0.93505,0.0,0.0,0.0,131.66
2,17,7,0,,,,0.0556834,0.0,0.0,0.0,23.83
2,18,7,0,,,,9.9999994e-08,0.0,0.0,0.0,0.0
2,19,7,0,,,,9.9999994e-08,0.0,0.0,0.0,0.0
2,20,7,0,,,,9.9999994e-08,0.0,0.0,0.0,0.0
2,21,7,0,,,,9.9999994e-08,0.0,0.0,0.0,0.0
2,22,7,0,,,,9.9999994e-08,0.0,0.0,0.0,0.0
2,23,7,0,,,,9.9999994e-08,0.0,0.0,0.0,0.0
2,24,7,0,,,,9.9999994e-08,0.0,0.0,0.0,0.0
2,1,1,0,,,,9.9999994e-08,0.0,0.0,0.0,0.0
2,2,1,0,,,,9.9999994e-08,0.0,0.0,0.0,0.0
2,3,1,0,,,,9.9999994e-08,0.0,0.0,0.0,0.0
2,4,1,0,,,,9.9999994e-08,0.0,0.0,0.0,0.0
2,5,1,0,,,,9.9999994e-08,0.0,0.0,0.0,0.0
2,6,1,0,,,,9.9999994e-08,0.0,0.0,0.0,0.0
2,7,1,0,,,,0.35336667,0.0,0.0,0.0,0.0
2,8,1,0,,,,1.3423834,0.0,0.0,0.0,0.0
2,9,1,0,,,,2.1925166,0.0,0.0,0.0,86.16
2,10,1,0,,,,2.7836332,0.0,0.0,0.0,133.04
2,11,1,0,,,,3.0895333,0.0,0.0,0.0,104.28
2,12,1,0,,,,2.8612332,0.0,0.0,0.0,221.98
2,13,1,0,,,,2.2831666,0.0,0.0,0.0,133.05
2,14,1,0,,,,2.4606667,0.0,0.0,0.0,137.49
2,15,1,0,,,,1.8798667,0.0,0.0,0.0,91.0
2,16,1,0,,,,0.4158167,0.0,0.0,0.0,107.01
2,17,1,0,,,,0.006700075,0.0,0.0,0.0,50.83
2,18,1,0,,,,9.9999994e-08,0.0,0.0,0.0,0.0
2,19,1,0,,,,9.9999994e-08,0.0,0.0,0.0,0.0
2,20,1,0,,,,9.9999994e-08,0.0,0.0,0.0,0.0
2,21,1,0,,,,9.9999994e-08,0.0,0.0,0.0,0.0
2,22,1,0,,,,9.9999994e-08,0.0,0.0,0.0,0.0
2,23,1,0,,,,9.9999994e-08,0.0,0.0,0.0,0.0
2,24,1,0,,,,9.9999994e-08,0.0,0.0,0.0,0.0
2,1,2,0,,,,9.9999994e-08,0.0,0.0,0.0,0.0
2,2,2,0,,,,9.9999994e-08,0.0,0.0,0.0,0.0
2,3,2,0,,,,9.9999994e-08,0.0,0.0,0.0,0.0
2,4,2,0,,,,9.9999994e-08,0.0,0.0,0.0,0.0
2,5,2,0,,,,9.9999994e-08,0.0,0.0,0.0,0.0
2,6,2,0,,,,9.9999994e-08,0.0,0.0,0.0,0.0
2,7,2,0,,,,0.06376672,0.0,0.0,0.0,0.0
2,8,2,0,,,,0.49751672,0.0,0.0,0.0,0.0
2,9,2,0,,,,2.5618834,0.0,0.0,0.0,77.87
2,10,2,0,,,,2.9059,0.0,0.0,0.0,64.94
2,11,2,0,,,,3.09765,0.0,0.0,0.0,93.48
2,12,2,0,,,,3.18295,0.0,0.0,0.0,140.77
2,13,2,0,,,,3.0477166,0.0,0.0,0.0,66.46
2,14,2,0,,,,2.6511,0.0,0.0,0.0,54.2
2,15,2,0,,,,1.94275,0.0,0.0,0.0,37.52
2,16,2,0,,,,0.95101666,0.0,0.0,0.0,23.8
2,17,2,0,,,,0.063250065,0.0,0.0,0.0,14.48
2,18,2,0,,,,9.9999994e-08,0.0,0.0,0.0,0.0
2,19,2,0,,,,9.9999994e-08,0.0,0.0,0.0,0.0
2,20,2,0,,,,9.9999994e-08,0.0,0.0,0.0,0.0
2,21,2,0,,,,9.9999994e-08,0.0,0.0,0.0,0.0
2,22,2,0,,,,9.9999994e-08,0.0,0.0,0.0,0.0
2,23,2,0,,,,9.9999994e-08,0.0,0.0,0.0,0.0
2,24,2,0,,,,9.9999994e-08,0.0,0.0,0.0,0.0
2,1,3,0,,,,9.9999994e-08,0.0,0.0,0.0,0.0
2,2,3,0,,,,9.9999994e-08,0.0,0.0,0.0,0.0
2,3,3,0,,,,9.9999994e-08,0.0,0.0,0.0,0.0
2,4,3,0,,,,9.9999994e-08,0.0,0.0,0.0,0.0
2,5,3,0,,,,9.9999994e-08,0.0,0.0,0.0,0.0
2,6,3,0,,,,9.9999994e-08,0.0,0.0,0.0,0.0
2,7,3,0,,,,0.39533335,0.0,0.0,0.0,0.0
2,8,3,0,,,,1.4570833,0.0,0.0,0.0,0.0
2,9,3,0,,,,2.2541168,0.0,0.0,0.0,15.54
2,10,3,0,,,,2.8426166,0.0,0.0,0.0,31.83
2,11,3,0,,,,2.88105,0.0,0.0,0.0,167.21
2,12,3,0,,,,3.0871665,0.0,0.0,0.0,106.18
2,13,3,0,,,,2.9126666,0.0,0.0,0.0,237.66
2,14,3,0,,,,2.4967167,0.0,0.0,0.0,349.99
2,15,3,0,,,,1.8567,0.0,0.0,0.0,408.75
2,16,3,0,,,,0.71898335,0.0,0.0,0.0,283.73
2,17,3,0,,,,0.000166765,0.0,0.0,0.0,16.46
2,18,3,0,,,,9.9999994e-08,0.0,0.0,0.0,0.0
2,19,3,0,,,,9.9999994e-08,0.0,0.0,0.0,0.0
2,20,3,0,,,,9.9999994e-08,0.0,0.0,0.0,0.0
2,21,3,0,,,,9.9999994e-08,0.0,0.0,0.0,0.0
2,22,3,0,,,,9.9999994e-08,0.0,0.0,0.0,0.0
2,23,3,0,,,,9.9999994e-08,0.0,0.0,0.0,0.0
2,24,3,0,,,,9.9999994e-08,0.0,0.0,0.0,0.0
2,1,4,0,,,,9.9999994e-08,0.0,0.0,0.0,0.0
2,2,4,0,,,,9.9999994e-08,0.0,0.0,0.0,0.0
2,3,4,0,,,,9.9999994e-08,0.0,0.0,0.0,0.0
2,4,4,0,,,,9.9999994e-08,0.0,0.0,0.0,0.0
2,5,4,0,,,,9.9999994e-08,0.0,0.0,0.0,0.0
2,6,4,0,,,,9.9999994e-08,0.0,0.0,0.0,0.0
2,7,4,0,,,,0.35396668,0.0,0.0,0.0,0.0
2,8,4,0,,,,1.2842,0.0,0.0,0.0,0.0
2,9,4,0,,,,1.9148166,0.0,0.0,0.0,45.97
2,10,4,0,,,,2.7733834,0.0,0.0,0.0,103.93
2,11,4,0,,,,2.66485,0.0,0.0,0.0,124.43
2,12,4,0,,,,1.9489,0.0,0.0,0.0,408.8
2,13,4,0,,,,1.7533333,0.0,0.0,0.0,725.54
2,14,4,0,,,,1.9563667,0.0,0.0,0.0,694.83
2,15,4,0,,,,1.4040333,0.0,0.0,0.0,595.46
2,16,4,0,,,,0.49918333,0.0,0.0,0.0,449.18
2,17,4,0,,,,0.00220009,0.0,0.0,0.0,238.86
2,18,4,0,,,,9.9999994e-08,0.0,0.0,0.0,0.0
2,19,4,0,,,,9.9999994e-08,0.0,0.0,0.0,0.0
2,20,4,0,,,,9.9999994e-08,0.0,0.0,0.0,0.0
2,21,4,0,,,,9.9999994e-08,0.0,0.0,0.0,0.0
2,22,4,0,,,,9.9999994e-08,0.0,0.0,0.0,0.0
2,23,4,0,,,,9.9999994e-08,0.0,0.0,0.0,0.0
2,24,4,0,,,,9.9999994e-08,0.0,0.0,0.0,0.0
2,1,5,0,,,,9.9999994e-08,0.0,0.0,0.0,0.0
2,2,5,0,,,,9.9999994e-08,0.0,0.0,0.0,0.0
2,3,5,0,,,,9.9999994e-08,0.0,0.0,0.0,0.0
2,4,5,0,,,,9.9999994e-08,0.0,0.0,0.0,0.0
2,5,5,0,,,,9.9999994e-08,0.0,0.0,0.0,0.0
2,6,5,0,,,,9.9999994e-08,0.0,0.0,0.0,0.0
2,7,5,0,,,,0.1547667,0.0,0.0,0.0,0.0
2,8,5,0,,,,0.26088333,0.0,0.0,0.0,0.0
2,9,5,0,,,,0.1386,0.0,0.0,0.0,217.76
2,10,5,0,,,,0.23528334,0.0,0.0,0.0,483.62
2,11,5,0,,,,0.10248335,0.0,0.0,0.0,599.99
2,12,5,0,,,,0.014666738,0.0,0.0,0.0,710.45
2,13,5,0,,,,0.00066675834,0.0,0.0,0.0,742.41
2,14,5,0,,,,0.005050087,0.0,0.0,0.0,726.71
2,15,5,0,,,,9.9999994e-08,0.0,0.0,0.0,604.17
2,16,5,0,,,,9.9999994e-08,0.0,0.0,0.0,362.8
2,17,5,0,,,,9.9999994e-08,0.0,0.0,0.0,25.83
2,18,5,0,,,,9.9999994e-08,0.0,0.0,0.0,0.0
2,19,5,0,,,,9.9999994e-08,0.0,0.0,0.0,0.0
2,20,5,0,,,,9.9999994e-08,0.0,0.0,0.0,0.0
2,21,5,0,,,,9.9999994e-08,0.0,0.0,0.0,0.0
2,22,5,0,,,,9.9999994e-08,0.0,0.0,0.0,0.0
2,23,5,0,,,,9.9999994e-08,0.0,0.0,0.0,0.0
2,24,5,0,,,,9.9999994e-08,0.0,0.0,0.0,0.0
2,1,6,0,,,,9.9999994e-08,0.0,0.0,0.0,0.0
2,2,6,0,,,,9.9999994e-08,0.0,0.0,0.0,0.0
2,3,6,0,,,,9.9999994e-08,0.0,0.0,0.0,0.0
2,4,6,0,,,,9.9999994e-08,0.0,0.0,0.0,0.0
2,5,6,0,,,,9.9999994e-08,0.0,0.0,0.0,0.0
2,6,6,0,,,,9.9999994e-08,0.0,0.0,0.0,0.0
2,7,6,0,,,,0.00025009335,0.0,0.0,0.0,0.0
2,8,6,0,,,,0.25973332,0.0,0.0,0.0,0.0
2,9,6,0,,,,0.5595833,0.0,0.0,0.0,227.92
2,10,6,0,,,,1.1182166,0.0,0.0,0.0,485.91
2,11,6,0,,,,2.1673334,0.0,0.0,0.0,643.64
2,12,6,0,,,,0.40650555,0.0,0.0,0.0,735.12
2,13,6,0,,,,0.4034,0.0,0.0,0.0,765.77
2,14,6,0,,,,0.6575889,0.0,0.0,0.0,731.95
2,15,6,0,,,,0.3014,0.0,0.0,0.0,629.45
2,16,6,0,,,,0.20674448,0.0,0.0,0.0,471.78
2,17,6,0,,,,9.9999994e-08,0.0,0.0,0.0,253.46
2,18,6,0,,,,9.9999994e-08,0.0,0.0,0.0,0.0
2,19,6,0,,,,9.9999994e-08,0.0,0.0,0.0,0.0
2,20,6,0,,,,9.9999994e-08,0.0,0.0,0.0,0.0
2,21,6,0,,,,9.9999994e-08,0.0,0.0,0.0,0.0
2,22,6,0,,,,9.9999994e-08,0.0,0.0,0.0,0.0
2,23,6,0,,,,9.9999994e-08,0.0,0.0,0.0,0.0
2,24,6,0,,,,9.9999994e-08,0.0,0.0,0.0,0.0
2,1,7,0,,,,9.9999994e-08,0.0,0.0,0.0,0.0
2,2,7,0,,,,9.9999994e-08,0.0,0.0,0.0,0.0
2,3,7,0,,,,9.9999994e-08,0.0,0.0,0.0,0.0
2,4,7,0,,,,9.9999994e-08,0.0,0.0,0.0,0.0
2,5,7,0,,,,9.9999994e-08,0.0,0.0,0.0,0.0
2,6,7,0,,,,9.9999994e-08,0.0,0.0,0.0,0.0
2,7,7,0,,,,0.03813338,0.0,0.0,0.0,0.0
2,8,7,0,,,,0.10112778,0.0,0.0,0.0,0.0
2,9,7,0,,,,0.5902,0.0,0.0,0.0,260.16
2,10,7,0,,,,0.48555,0.0,0.0,0.0,492.67
2,11,7,0,,,,0.38345,0.0,0.0,0.0,648.34
2,12,7,0,,,,0.0748667,0.0,0.0,0.0,742.32
2,13,7,0,,,,0.036600064,0.0,0.0,0.0,769.32
2,14,7,0,,,,9.9999994e-08,0.0,0.0,0.0,747.52
2,15,7,0,,,,0.0019667584,0.0,0.0,0.0,633.14
2,16,7,0,,,,9.9999994e-08,0.0,0.0,0.0,483.78
2,17,7,0,,,,9.9999994e-08,0.0,0.0,0.0,263.05
2,18,7,0,,,,9.9999994e-08,0.0,0.0,0.0,0.0
2,19,7,0,,,,9.9999994e-08,0.0,0.0,0.0,0.0
2,20,7,0,,,,9.9999994e-08,0.0,0.0,0.0,0.0
2,21,7,0,,,,9.9999994e-08,0.0,0.0,0.0,0.0
2,22,7,0,,,,9.9999994e-08,0.0,0.0,0.0,0.0
2,23,7,0,,,,9.9999994e-08,0.0,0.0,0.0,0.0
2,24,7,0,,,,9.9999994e-08,0.0,0.0,0.0,0.0
2,1,1,0,,,,9.9999994e-08,0.0,0.0,0.0,0.0
2,2,1,0,,,,9.9999994e-08,0.0,0.0,0.0,0.0
2,3,1,0,,,,9.9999994e-08,0.0,0.0,0.0,0.0
2,4,1,0,,,,9.9999994e-08,0.0,0.0,0.0,0.0
2,5,1,0,,,,9.9999994e-08,0.0,0.0,0.0,0.0
2,6,1,0,,,,9.833333e-08,0.0,0.0,0.0,0.0
2,7,1,0,,,,0.11696668,0.0,0.0,0.0,0.0
2,8,1,0,,,,0.35556388,0.0,0.0,0.0,0.0
2,9,1,0,,,,0.2241,0.0,0.0,0.0,162.02
2,10,1,0,,,,1.3024167,0.0,0.0,0.0,296.15
2,11,1,0,,,,1.6354,0.0,0.0,0.0,126.1
2,12,1,0,,,,1.9,0.0,0.0,0.0,36.34
2,13,1,0,,,,1.41965,0.0,0.0,0.0,165.04
2,14,1,0,,,,1.74535,0.0,0.0,0.0,155.34
2,15,1,0,,,,1.2145333,0.0,0.0,0.0,28.5
2,16,1,0,,,,0.091366716,0.0,0.0,0.0,146.35
2,17,1,0,,,,9.9999994e-08,0.0,0.0,0.0,6.45
2,18,1,0,,,,1.00113525e-07,0.0,0.0,0.0,0.0
2,19,1,0,,,,9.9999994e-08,0.0,0.0,0.0,0.0
2,20,1,0,,,,9.9999994e-08,0.0,0.0,0.0,0.0
2,21,1,0,,,,9.9999994e-08,0.0,0.0,0.0,0.0
2,22,1,0,,,,9.9999994e-08,0.0,0.0,0.0,0.0
2,23,1,0,,,,9.9999994e-08,0.0,0.0,0.0,0.0
2,24,1,0,,,,9.9999994e-08,0.0,0.0,0.0,0.0
2,1,2,0,,,,9.9999994e-08,0.0,0.0,0.0,0.0
2,2,2,0,,,,9.9999994e-08,0.0,0.0,0.0,0.0
2,3,2,0,,,,9.9999994e-08,0.0,0.0,0.0,0.0
2,4,2,0,,,,9.9999994e-08,0.0,0.0,0.0,0.0
2,5,2,0,,,,9.9999994e-08,0.0,0.0,0.0,0.0
2,6,2,0,,,,9.9999994e-08,0.0,0.0,0.0,0.0
2,7,2,0,,,,0.2270167,0.0,0.0,0.0,0.0
2,8,2,0,,,,0.5260389,0.0,0.0,0.0,0.0
2,9,2,0,,,,0.5747,0.0,0.0,0.0,37.37
2,10,2,0,,,,0.6495111,0.0,0.0,0.0,148.73
2,11,2,0,,,,1.4024833,0.0,0.0,0.0,304.01
2,12,2,0,,,,1.7885945,0.0,0.0,0.0,616.94
2,13,2,0,,,,1.6034833,0.0,0.0,0.0,782.68
2,14,2,0,,,,0.8101778,0.0,0.0,0.0,755.72
2,15,2,0,,,,0.31356665,0.0,0.0,0.0,672.69
2,16,2,0,,,,0.04656669,0.0,0.0,0.0,486.9
2,17,2,0,,,,9.9999994e-08,0.0,0.0,0.0,295.33
2,18,2,0,,,,9.9999994e-08,0.0,0.0,0.0,0.0
2,19,2,0,,,,9.9999994e-08,0.0,0.0,0.0,0.0
2,20,2,0,,,,9.9999994e-08,0.0,0.0,0.0,0.0
2,21,2,0,,,,9.9999994e-08,0.0,0.0,0.0,0.0
2,22,2,0,,,,9.9999994e-08,0.0,0.0,0.0,0.0
2,23,2,0,,,,9.9999994e-08,0.0,0.0,0.0,0.0
2,24,2,0,,,,9.9999994e-08,0.0,0.0,0.0,0.0
2,1,3,0,,,,9.9999994e-08,0.0,0.0,0.0,0.0
2,2,3,0,,,,9.9999994e-08,0.0,0.0,0.0,0.0
2,3,3,0,,,,9.9999994e-08,0.0,0.0,0.0,0.0
2,4,3,0,,,,9.9999994e-08,0.0,0.0,0.0,0.0
2,5,3,0,,,,9.9999994e-08,0.0,0.0,0.0,0.0
2,6,3,0,,,,9.9999994e-08,0.0,0.0,0.0,0.0
2,7,3,0,,,,0.0644834,0.0,0.0,0.0,0.0
2,8,3,0,,,,0.71856666,0.0,0.0,0.0,0.0
2,9,3,0,,,,1.8946445,0.0,0.0,0.0,93.86
2,10,3,0,,,,2.4975166,0.0,0.0,0.0,523.37
2,11,3,0,,,,3.0299833,0.0,0.0,0.0,670.68
2,12,3,0,,,,2.2485332,0.0,0.0,0.0,678.76
2,13,3,0,,,,2.6795,0.0,0.0,0.0,810.42
2,14,3,0,,,,1.87565,0.0,0.0,0.0,672.87
2,15,3,0,,,,0.66396666,0.0,0.0,0.0,452.9
2,16,3,0,,,,0.14651112,0.0,0.0,0.0,302.71
2,17,3,0,,,,9.9999994e-08,0.0,0.0,0.0,225.98
2,18,3,0,,,,0.0013334317,0.0,0.0,0.0,0.0
2,19,3,0,,,,9.9999994e-08,0.0,0.0,0.0,0.0
2,20,3,0,,,,9.9999994e-08,0.0,0.0,0.0,0.0
2,21,3,0,,,,9.9999994e-08,0.0,0.0,0.0,0.0
2,22,3,0,,,,9.9999994e-08,0.0,0.0,0.0,0.0
2,23,3,0,,,,9.9999994e-08,0.0,0.0,0.0,0.0
2,24,3,0,,,,9.9999994e-08,0.0,0.0,0.0,0.0
2,1,4,0,,,,9.9999994e-08,0.0,0.0,0.0,0.0
2,2,4,0,,,,9.9999994e-08,0.0,0.0,0.0,0.0
2,3,4,0,,,,9.9999994e-08,0.0,0.0,0.0,0.0
2,4,4,0,,,,9.9999994e-08,0.0,0.0,0.0,0.0
2,5,4,0,,,,9.9999994e-08,0.0,0.0,0.0,0.0
2,6,4,0,,,,0.00126676,0.0,0.0,0.0,0.0
2,7,4,0,,,,0.52451664,0.0,0.0,0.0,0.0
2,8,4,0,,,,1.6015111,0.0,0.0,0.0,0.0
2,9,4,0,,,,2.4127722,0.0,0.0,0.0,87.28
2,10,4,0,,,,2.9732332,0.0,0.0,0.0,517.3
2,11,4,0,,,,3.2606332,0.0,0.0,0.0,699.71
2,12,4,0,,,,3.33125,0.0,0.0,0.0,807.42
2,13,4,0,,,,3.15055,0.0,0.0,0.0,844.31
2,14,4,0,,,,2.68805,0.0,0.0,0.0,809.3
2,15,4,0,,,,1.7523667,0.0,0.0,0.0,677.57
2,16,4,0,,,,0.76925,0.0,0.0,0.0,539.38
2,17,4,0,,,,0.08928339,0.0,0.0,0.0,303.12
2,18,4,0,,,,9.9999994e-08,0.0,0.0,0.0,0.0
2,19,4,0,,,,9.9999994e-08,0.0,0.0,0.0,0.0
2,20,4,0,,,,9.9999994e-08,0.0,0.0,0.0,0.0
2,21,4,0,,,,9.9999994e-08,0.0,0.0,0.0,0.0
2,22,4,0,,,,9.9999994e-08,0.0,0.0,0.0,0.0
2,23,4,0,,,,9.9999994e-08,0.0,0.0,0.0,0.0
2,24,4,0,,,,9.9999994e-08,0.0,0.0,0.0,0.0
2,1,5,0,,,,9.9999994e-08,0.0,0.0,0.0,0.0
2,2,5,0,,,,9.9999994e-08,0.0,0.0,0.0,0.0
2,3,5,0,,,,9.9999994e-08,0.0,0.0,0.0,0.0
2,4,5,0,,,,9.9999994e-08,0.0,0.0,0.0,0.0
2,5,5,0,,,,9.9999994e-08,0.0,0.0,0.0,0.0
2,6,5,0,,,,0.00033343,0.0,0.0,0.0,0.0
2,7,5,0,,,,0.4976,0.0,0.0,0.0,0.0
2,8,5,0,,,,1.6025,0.0,0.0,0.0,0.0
2,9,5,0,,,,2.4396834,0.0,0.0,0.0,114.06
2,10,5,0,,,,2.9710166,0.0,0.0,0.0,140.79
2,11,5,0,,,,3.3032084,0.0,0.0,0.0,219.92
2,12,5,0,,,,3.2930834,0.0,0.0,0.0,310.68
2,13,5,0,,,,2.8170333,0.0,0.0,0.0,254.8
2,14,5,0,,,,2.7203333,0.0,0.0,0.0,358.28
2,15,5,0,,,,2.00655,0.0,0.0,0.0,153.65
2,16,5,0,,,,1.0379333,0.0,0.0,0.0,93.92
2,17,5,0,,,,0.10281672,0.0,0.0,0.0,37.69
2,18,5,0,,,,9.9986366e-08,0.0,0.0,0.0,0.0
2,19,5,0,,,,9.9999994e-08,0.0,0.0,0.0,0.0
2,20,5,0,,,,9.9999994e-08,0.0,0.0,0.0,0.0
2,21,5,0,,,,9.9999994e-08,0.0,0.0,0.0,0.0
2,22,5,0,,,,9.9999994e-08,0.0,0.0,0.0,0.0
2,23,5,0,,,,9.9999994e-08,0.0,0.0,0.0,0.0
2,24,5,0,,,,9.9999994e-08,0.0,0.0,0.0,0.0
2,1,6,0,,,,9.9999994e-08,0.0,0.0,0.0,0.0
2,2,6,0,,,,9.9999994e-08,0.0,0.0,0.0,0.0
2,3,6,0,,,,9.9999994e-08,0.0,0.0,0.0,0.0
2,4,6,0,,,,9.9999994e-08,0.0,0.0,0.0,0.0
2,5,6,0,,,,9.9999994e-08,0.0,0.0,0.0,0.0
2,6,6,0,,,,0.00021676334,0.0,0.0,0.0,0.0
2,7,6,0,,,,0.1997667,0.0,0.0,0.0,0.0
2,8,6,0,,,,1.4923667,0.0,0.0,0.0,0.0
2,9,6,0,,,,2.2446334,0.0,0.0,0.0,148.42
2,10,6,0,,,,2.8016167,0.0,0.0,0.0,306.21
2,11,6,0,,,,3.1443055,0.0,0.0,0.0,227.14
2,12,6,0,,,,3.34535,0.0,0.0,0.0,758.14
2,13,6,0,,,,2.4106333,0.0,0.0,0.0,810.18
2,14,6,0,,,,1.6360667,0.0,0.0,0.0,778.24
2,15,6,0,,,,0.5219389,0.0,0.0,0.0,679.61
2,16,6,0,,,,0.06900002,0.0,0.0,0.0,527.19
2,17,6,0,,,,9.9999994e-08,0.0,0.0,0.0,273.37
2,18,6,0,,,,9.9999994e-08,0.0,0.0,0.0,0.0
2,19,6,0,,,,9.9999994e-08,0.0,0.0,0.0,0.0
2,20,6,0,,,,9.9999994e-08,0.0,0.0,0.0,0.0
2,21,6,0,,,,9.9999994e-08,0.0,0.0,0.0,0.0
2,22,6,0,,,,9.9999994e-08,0.0,0.0,0.0,0.0
2,23,6,0,,,,9.9999994e-08,0.0,0.0,0.0,0.0
2,24,6,0,,,,9.9999994e-08,0.0,0.0,0.0,0.0
2,1,7,0,,,,9.9999994e-08,0.0,0.0,0.0,0.0
2,2,7,0,,,,9.9999994e-08,0.0,0.0,0.0,0.0
2,3,7,0,,,,9.9999994e-08,0.0,0.0,0.0,0.0
2,4,7,0,,,,9.9999994e-08,0.0,0.0,0.0,0.0
2,5,7,0,,,,9.9999994e-08,0.0,0.0,0.0,0.0
2,6,7,0,,,,9.9999994e-08,0.0,0.0,0.0,0.0
2,7,7,0,,,,0.062066723,0.0,0.0,0.0,0.0
2,8,7,0,,,,0.42087778,0.0,0.0,0.0,0.0
2,9,7,0,,,,0.6934,0.0,0.0,0.0,10.46
2,10,7,0,,,,0.3999111,0.0,0.0,0.0,132.93
2,11,7,0,,,,1.55205,0.0,0.0,0.0,58.63
2,12,7,0,,,,1.0315278,0.0,0.0,0.0,109.5
2,13,7,0,,,,1.5186334,0.0,0.0,0.0,195.43
2,14,7,0,,,,0.64444447,0.0,0.0,0.0,115.94
2,15,7,0,,,,0.33675,0.0,0.0,0.0,193.45
2,16,7,0,,,,0.33155003,0.0,0.0,0.0,45.35
2,17,7,0,,,,9.9999994e-08,0.0,0.0,0.0,197.86
2,18,7,0,,,,0.0013334317,0.0,0.0,0.0,0.0
2,19,7,0,,,,9.9999994e-08,0.0,0.0,0.0,0.0
2,20,7,0,,,,9.9999994e-08,0.0,0.0,0.0,0.0
2,21,7,0,,,,9.9999994e-08,0.0,0.0,0.0,0.0
2,22,7,0,,,,9.9999994e-08,0.0,0.0,0.0,0.0
2,23,7,0,,,,9.9999994e-08,0.0,0.0,0.0,0.0
2,24,7,0,,,,9.9999994e-08,0.0,0.0,0.0,0.0
2,1,1,0,,,,9.9999994e-08,0.0,0.0,0.0,0.0
2,2,1,0,,,,9.9999994e-08,0.0,0.0,0.0,0.0
2,3,1,0,,,,9.9999994e-08,0.0,0.0,0.0,0.0
2,4,1,0,,,,9.9999994e-08,0.0,0.0,0.0,0.0
2,5,1,0,,,,9.9999994e-08,0.0,0.0,0.0,0.0
2,6,1,0,,,,9.9999994e-08,0.0,0.0,0.0,0.0
2,7,1,0,,,,0.049916703,0.0,0.0,0.0,0.0
2,8,1,0,,,,0.15145,0.0,0.0,0.0,0.0
2,9,1,0,,,,0.26396668,0.0,0.0,0.0,13.2
2,10,1,0,,,,0.5053333,0.0,0.0,0.0,51.24
2,11,1,0,,,,0.83536667,0.0,0.0,0.0,117.33
2,12,1,0,,,,0.5096667,0.0,0.0,0.0,172.23
2,13,1,0,,,,0.18476671,0.0,0.0,0.0,337.82
2,14,1,0,,,,0.067250036,0.0,0.0,0.0,591.89
2,15,1,0,,,,0.055800047,0.0,0.0,0.0,141.76
2,16,1,0,,,,0.0037500984,0.0,0.0,0.0,138.02
2,17,1,0,,,,9.9999994e-08,0.0,0.0,0.0,85.18
2,18,1,0,,,,0.001266765,0.0,0.0,0.0,0.0
2,19,1,0,,,,9.9999994e-08,0.0,0.0,0.0,0.0
2,20,1,0,,,,9.9999994e-08,0.0,0.0,0.0,0.0
2,21,1,0,,,,9.9999994e-08,0.0,0.0,0.0,0.0
2,22,1,0,,,,9.9999994e-08,0.0,0.0,0.0,0.0
2,23,1,0,,,,9.9999994e-08,0.0,0.0,0.0,0.0
2,24,1,0,,,,9.9999994e-08,0.0,0.0,0.0,0.0
2,1,2,0,,,,9.9999994e-08,0.0,0.0,0.0,0.0
2,2,2,0,,,,9.9999994e-08,0.0,0.0,0.0,0.0
2,3,2,0,,,,9.9999994e-08,0.0,0.0,0.0,0.0
2,4,2,0,,,,9.9999994e-08,0.0,0.0,0.0,0.0
2,5,2,0,,,,9.9999994e-08,0.0,0.0,0.0,0.0
2,6,2,0,,,,0.001233425,0.0,0.0,0.0,0.0
2,7,2,0,,,,0.18520005,0.0,0.0,0.0,0.0
2,8,2,0,,,,1.4924667,0.0,0.0,0.0,0.0
2,9,2,0,,,,2.2107334,0.0,0.0,0.0,148.24
2,10,2,0,,,,3.00735,0.0,0.0,0.0,400.91
2,11,2,0,,,,3.0187,0.0,0.0,0.0,579.15
2,12,2,0,,,,2.45985,0.0,0.0,0.0,556.85
2,13,2,0,,,,3.0234666,0.0,0.0,0.0,428.18
2,14,2,0,,,,2.5986667,0.0,0.0,0.0,449.93
2,15,2,0,,,,1.8325,0.0,0.0,0.0,371.83
2,16,2,0,,,,0.8049667,0.0,0.0,0.0,375.77
2,17,2,0,,,,0.00818342,0.0,0.0,0.0,15.91
2,18,2,0,,,,0.0012778762,0.0,0.0,0.0,0.0
2,19,2,0,,,,9.9999994e-08,0.0,0.0,0.0,0.0
2,20,2,0,,,,9.9999994e-08,0.0,0.0,0.0,0.0
2,21,2,0,,,,9.9999994e-08,0.0,0.0,0.0,0.0
2,22,2,0,,,,9.9999994e-08,0.0,0.0,0.0,0.0
2,23,2,0,,,,9.9999994e-08,0.0,0.0,0.0,0.0
2,24,2,0,,,,9.9999994e-08,0.0,0.0,0.0,0.0
3,1,3,0,,,,9.9999994e-08,0.0,0.0,0.0,0.0
3,2,3,0,,,,9.9999994e-08,0.0,0.0,0.0,0.0
3,3,3,0,,,,9.9999994e-08,0.0,0.0,0.0,0.0
3,4,3,0,,,,9.9999994e-08,0.0,0.0,0.0,0.0
3,5,3,0,,,,9.9999994e-08,0.0,0.0,0.0,0.0
3,6,3,0,,,,0.0036000884,0.0,0.0,0.0,0.0
3,7,3,0,,,,0.5776333,0.0,0.0,0.0,0.0
3,8,3,0,,,,1.6363833,0.0,0.0,0.0,0.02
3,9,3,0,,,,2.50885,0.0,0.0,0.0,81.06
3,10,3,0,,,,3.1478167,0.0,0.0,0.0,99.97
3,11,3,0,,,,3.4691,0.0,0.0,0.0,106.98
3,12,3,0,,,,3.5507667,0.0,0.0,0.0,130.39
3,13,3,0,,,,3.3518,0.0,0.0,0.0,59.69
3,14,3,0,,,,2.8886557,0.0,0.0,0.0,50.73
3,15,3,0,,,,2.16305,0.0,0.0,0.0,19.27
3,16,3,0,,,,1.1913723,0.0,0.0,0.0,22.93
3,17,3,0,,,,0.15171671,0.0,0.0,0.0,78.08
3,18,3,0,,,,0.0012834317,0.0,0.0,0.0,0.59
3,19,3,0,,,,9.9999994e-08,0.0,0.0,0.0,0.0
3,20,3,0,,,,9.9999994e-08,0.0,0.0,0.0,0.0
3,21,3,0,,,,9.9999994e-08,0.0,0.0,0.0,0.0
3,22,3,0,,,,9.9999994e-08,0.0,0.0,0.0,0.0
3,23,3,0,,,,9.9999994e-08,0.0,0.0,0.0,0.0
3,24,3,0,,,,9.9999994e-08,0.0,0.0,0.0,0.0
3,1,4,0,,,,9.9999994e-08,0.0,0.0,0.0,0.0
3,2,4,0,,,,9.9999994e-08,0.0,0.0,0.0,0.0
3,3,4,0,,,,9.9999994e-08,0.0,0.0,0.0,0.0
3,4,4,0,,,,9.9999994e-08,0.0,0.0,0.0,0.0
3,5,4,0,,,,9.9999994e-08,0.0,0.0,0.0,0.0
3,6,4,0,,,,0.0070834183,0.0,0.0,0.0,0.0
3,7,4,0,,,,0.62918335,0.0,0.0,0.0,0.0
3,8,4,0,,,,1.70305,0.0,0.0,0.0,0.42
3,9,4,0,,,,2.5724833,0.0,0.0,0.0,207.15
3,10,4,0,,,,3.1767278,0.0,0.0,0.0,448.65
3,11,4,0,,,,3.5224667,0.0,0.0,0.0,734.61
3,12,4,0,,,,3.6144834,0.0,0.0,0.0,836.84
3,13,4,0,,,,3.4001334,0.0,0.0,0.0,876.45
3,14,4,0,,,,2.9105167,0.0,0.0,0.0,832.43
3,15,4,0,,,,1.8195666,0.0,0.0,0.0,698.88
3,16,4,0,,,,0.8003778,0.0,0.0,0.0,558.33
3,17,4,0,,,,0.13520004,0.0,0.0,0.0,312.13
3,18,4,0,,,,9.9999994e-08,0.0,0.0,0.0,4.42
3,19,4,0,,,,9.9999994e-08,0.0,0.0,0.0,0.0
3,20,4,0,,,,9.9999994e-08,0.0,0.0,0.0,0.0
3,21,4,0,,,,9.9999994e-08,0.0,0.0,0.0,0.0
3,22,4,0,,,,9.9999994e-08,0.0,0.0,0.0,0.0
3,23,4,0,,,,9.9999994e-08,0.0,0.0,0.0,0.0
3,24,4,0,,,,9.9999994e-08,0.0,0.0,0.0,0.0
3,1,5,0,,,,9.9999994e-08,0.0,0.0,0.0,0.0
3,2,5,0,,,,9.9999994e-08,0.0,0.0,0.0,0.0
3,3,5,0,,,,9.9999994e-08,0.0,0.0,0.0,0.0
3,4,5,0,,,,9.9999994e-08,0.0,0.0,0.0,0.0
3,5,5,0,,,,9.9999994e-08,0.0,0.0,0.0,0.0
3,6,5,0,,,,0.00816675,0.0,0.0,0.0,0.0
3,7,5,0,,,,0.6283,0.0,0.0,0.0,0.0
3,8,5,0,,,,1.6780167,0.0,0.0,0.0,11.0
3,9,5,0,,,,2.4323168,0.0,0.0,0.0,324.06
3,10,5,0,,,,2.7829332,0.0,0.0,0.0,547.24
3,11,5,0,,,,3.2602832,0.0,0.0,0.0,700.92
3,12,5,0,,,,3.2613,0.0,0.0,0.0,792.22
3,13,5,0,,,,2.9193666,0.0,0.0,0.0,836.27
3,14,5,0,,,,2.4460666,0.0,0.0,0.0,793.57
3,15,5,0,,,,1.8597667,0.0,0.0,0.0,696.29
3,16,5,0,,,,1.0802166,0.0,0.0,0.0,541.16
3,17,5,0,,,,0.1726167,0.0,0.0,0.0,241.67
3,18,5,0,,,,9.9999994e-08,0.0,0.0,0.0,2.31
3,19,5,0,,,,9.9999994e-08,0.0,0.0,0.0,0.0
3,20,5,0,,,,9.9999994e-08,0.0,0.0,0.0,0.0
3,21,5,0,,,,9.9999994e-08,0.0,0.0,0.0,0.0
3,22,5,0,,,,9.9999994e-08,0.0,0.0,0.0,0.0
3,23,5,0,,,,9.9999994e-08,0.0,0.0,0.0,0.0
3,24,5,0,,,,9.9999994e-08,0.0,0.0,0.0,0.0
3,1,6,0,,,,9.9999994e-08,0.0,0.0,0.0,0.0
3,2,6,0,,,,9.9999994e-08,0.0,0.0,0.0,0.0
3,3,6,0,,,,9.9999994e-08,0.0,0.0,0.0,0.0
3,4,6,0,,,,9.9999994e-08,0.0,0.0,0.0,0.0
3,5,6,0,,,,9.9999994e-08,0.0,0.0,0.0,0.0
3,6,6,0,,,,0.0030334184,0.0,0.0,0.0,0.0
3,7,6,0,,,,0.32581666,0.0,0.0,0.0,0.0
3,8,6,0,,,,0.9431667,0.0,0.0,0.0,0.01
3,9,6,0,,,,1.8454334,0.0,0.0,0.0,28.74
3,10,6,0,,,,2.3259223,0.0,0.0,0.0,95.14
3,11,6,0,,,,3.2128,0.0,0.0,0.0,124.62
3,12,6,0,,,,3.0229888,0.0,0.0,0.0,332.14
3,13,6,0,,,,2.5340333,0.0,0.0,0.0,182.81
3,14,6,0,,,,2.1368723,0.0,0.0,0.0,191.89
3,15,6,0,,,,0.80721664,0.0,0.0,0.0,220.23
3,16,6,0,,,,0.26323888,0.0,0.0,0.0,107.01
3,17,6,0,,,,0.0013667584,0.0,0.0,0.0,37.28
3,18,6,0,,,,9.9986366e-08,0.0,0.0,0.0,5.76
3,19,6,0,,,,9.9999994e-08,0.0,0.0,0.0,0.0
3,20,6,0,,,,9.9999994e-08,0.0,0.0,0.0,0.0
3,21,6,0,,,,9.9999994e-08,0.0,0.0,0.0,0.0
3,22,6,0,,,,9.9999994e-08,0.0,0.0,0.0,0.0
3,23,6,0,,,,9.9999994e-08,0.0,0.0,0.0,0.0
3,24,6,0,,,,9.9999994e-08,0.0,0.0,0.0,0.0
3,1,7,0,,,,9.9999994e-08,0.0,0.0,0.0,0.0
3,2,7,0,,,,9.9999994e-08,0.0,0.0,0.0,0.0
3,3,7,0,,,,9.9999994e-08,0.0,0.0,0.0,0.0
3,4,7,0,,,,9.9999994e-08,0.0,0.0,0.0,0.0
3,5,7,0,,,,9.9999994e-08,0.0,0.0,0.0,0.0
3,6,7,0,,,,0.0017000934,0.0,0.0,0.0,0.0
3,7,7,0,,,,0.04386671,0.0,0.0,0.0,0.0
3,8,7,0,,,,0.32546666,0.0,0.0,0.0,3.13
3,9,7,0,,,,0.7788278,0.0,0.0,0.0,112.21
3,10,7,0,,,,1.7016333,0.0,0.0,0.0,373.25
3,11,7,0,,,,1.4685167,0.0,0.0,0.0,83.96
3,12,7,0,,,,0.52216667,0.0,0.0,0.0,76.49
3,13,7,0,,,,0.2069,0.0,0.0,0.0,103.08
3,14,7,0,,,,0.23365,0.0,0.0,0.0,91.28
3,15,7,0,,,,0.3105667,0.0,0.0,0.0,134.14
3,16,7,0,,,,0.86251664,0.0,0.0,0.0,338.44
3,17,7,0,,,,0.15820007,0.0,0.0,0.0,208.87
3,18,7,0,,,,9.9999994e-08,0.0,0.0,0.0,4.18
3,19,7,0,,,,9.9999994e-08,0.0,0.0,0.0,0.0
3,20,7,0,,,,9.9999994e-08,0.0,0.0,0.0,0.0
3,21,7,0,,,,9.9999994e-08,0.0,0.0,0.0,0.0
3,22,7,0,,,,9.9999994e-08,0.0,0.0,0.0,0.0
3,23,7,0,,,,9.9999994e-08,0.0,0.0,0.0,0.0
3,24,7,0,,,,9.9999994e-08,0.0,0.0,0.0,0.0
3,1,1,0,,,,9.9999994e-08,0.0,0.0,0.0,0.0
3,2,1,0,,,,9.9999994e-08,0.0,0.0,0.0,0.0
3,3,1,0,,,,9.9999994e-08,0.0,0.0,0.0,0.0
3,4,1,0,,,,9.9999994e-08,0.0,0.0,0.0,0.0
3,5,1,0,,,,9.9999994e-08,0.0,0.0,0.0,0.0
3,6,1,0,,,,0.009433415,0.0,0.0,0.0,0.0
3,7,1,0,,,,0.6559333,0.0,0.0,0.0,0.0
3,8,1,0,,,,1.6994667,0.0,0.0,0.0,59.41
3,9,1,0,,,,2.5571833,0.0,0.0,0.0,319.49
3,10,1,0,,,,3.1344166,0.0,0.0,0.0,539.71
3,11,1,0,,,,3.41495,0.0,0.0,0.0,642.37
3,12,1,0,,,,3.4679334,0.0,0.0,0.0,509.59
3,13,1,0,,,,3.28185,0.0,0.0,0.0,68.23
3,14,1,0,,,,2.5657334,0.0,0.0,0.0,61.01
3,15,1,0,,,,2.0779667,0.0,0.0,0.0,21.1
3,16,1,0,,,,1.1641166,0.0,0.0,0.0,26.26
3,17,1,0,,,,0.16961671,0.0,0.0,0.0,16.96
3,18,1,0,,,,9.9999994e-08,0.0,0.0,0.0,0.0
3,19,1,0,,,,9.9999994e-08,0.0,0.0,0.0,0.0
3,20,1,0,,,,9.9999994e-08,0.0,0.0,0.0,0.0
3,21,1,0,,,,9.9999994e-08,0.0,0.0,0.0,0.0
3,22,1,0,,,,9.9999994e-08,0.0,0.0,0.0,0.0
3,23,1,0,,,,9.9999994e-08,0.0,0.0,0.0,0.0
3,24,1,0,,,,9.9999994e-08,0.0,0.0,0.0,0.0
3,1,2,0,,,,9.9999994e-08,0.0,0.0,0.0,0.0
3,2,2,0,,,,9.9999994e-08,0.0,0.0,0.0,0.0
3,3,2,0,,,,9.9999994e-08,0.0,0.0,0.0,0.0
3,4,2,0,,,,9.9999994e-08,0.0,0.0,0.0,0.0
3,5,2,0,,,,9.9999994e-08,0.0,0.0,0.0,0.0
3,6,2,0,,,,0.010200081,0.0,0.0,0.0,0.0
3,7,2,0,,,,0.65508336,0.0,0.0,0.0,0.0
3,8,2,0,,,,1.59645,0.0,0.0,0.0,51.6
3,9,2,0,,,,2.3266666,0.0,0.0,0.0,319.27
3,10,2,0,,,,2.9957666,0.0,0.0,0.0,526.42
3,11,2,0,,,,3.0891833,0.0,0.0,0.0,559.79
3,12,2,0,,,,3.2122333,0.0,0.0,0.0,691.78
3,13,2,0,,,,3.1325834,0.0,0.0,0.0,785.64
3,14,2,0,,,,2.77705,0.0,0.0,0.0,792.01
3,15,2,0,,,,2.1268833,0.0,0.0,0.0,634.09
3,16,2,0,,,,1.1013833,0.0,0.0,0.0,500.69
3,17,2,0,,,,0.15818338,0.0,0.0,0.0,214.9
3,18,2,0,,,,9.9999994e-08,0.0,0.0,0.0,5.21
3,19,2,0,,,,9.9999994e-08,0.0,0.0,0.0,0.0
3,20,2,0,,,,9.9999994e-08,0.0,0.0,0.0,0.0
3,21,2,0,,,,9.9999994e-08,0.0,0.0,0.0,0.0
3,22,2,0,,,,9.9999994e-08,0.0,0.0,0.0,0.0
3,23,2,0,,,,9.9999994e-08,0.0,0.0,0.0,0.0
3,24,2,0,,,,9.9999994e-08,0.0,0.0,0.0,0.0
3,1,3,0,,,,9.9999994e-08,0.0,0.0,0.0,0.0
3,2,3,0,,,,9.9999994e-08,0.0,0.0,0.0,0.0
3,3,3,0,,,,9.9999994e-08,0.0,0.0,0.0,0.0
3,4,3,0,,,,9.9999994e-08,0.0,0.0,0.0,0.0
3,5,3,0,,,,9.9999994e-08,0.0,0.0,0.0,0.0
3,6,3,0,,,,0.018033408,0.0,0.0,0.0,0.0
3,7,3,0,,,,0.55425,0.0,0.0,0.0,0.0
3,8,3,0,,,,1.6367834,0.0,0.0,0.0,73.39
3,9,3,0,,,,2.4404166,0.0,0.0,0.0,61.07
3,10,3,0,,,,3.0504334,0.0,0.0,0.0,438.83
3,11,3,0,,,,3.3789666,0.0,0.0,0.0,455.06
3,12,3,0,,,,3.4572,0.0,0.0,0.0,715.88
3,13,3,0,,,,3.0972834,0.0,0.0,0.0,666.85
3,14,3,0,,,,2.6829445,0.0,0.0,0.0,686.61
3,15,3,0,,,,1.9622166,0.0,0.0,0.0,458.42
3,16,3,0,,,,1.0451,0.0,0.0,0.0,13.43
3,17,3,0,,,,0.14783338,0.0,0.0,0.0,46.49
3,18,3,0,,,,0.0012834317,0.0,0.0,0.0,5.58
3,19,3,0,,,,9.9999994e-08,0.0,0.0,0.0,0.0
3,20,3,0,,,,9.9999994e-08,0.0,0.0,0.0,0.0
3,21,3,0,,,,9.9999994e-08,0.0,0.0,0.0,0.0
3,22,3,0,,,,9.9999994e-08,0.0,0.0,0.0,0.0
3,23,3,0,,,,9.9999994e-08,0.0,0.0,0.0,0.0
3,24,3,0,,,,9.9999994e-08,0.0,0.0,0.0,0.0
3,1,4,0,,,,9.9999994e-08,0.0,0.0,0.0,0.0
3,2,4,0,,,,9.9999994e-08,0.0,0.0,0.0,0.0
3,3,4,0,,,,9.9999994e-08,0.0,0.0,0.0,0.0
3,4,4,0,,,,9.9999994e-08,0.0,0.0,0.0,0.0
3,5,4,0,,,,9.9999994e-08,0.0,0.0,0.0,0.0
3,6,4,0,,,,0.012416748,0.0,0.0,0.0,0.0
3,7,4,0,,,,0.6654,0.0,0.0,0.0,0.0
3,8,4,0,,,,1.67395,0.0,0.0,0.0,82.2
3,9,4,0,,,,2.4721668,0.0,0.0,0.0,310.29
3,10,4,0,,,,3.0245667,0.0,0.0,0.0,534.13
3,11,4,0,,,,3.33235,0.0,0.0,0.0,686.61
3,12,4,0,,,,3.3834167,0.0,0.0,0.0,758.63
3,13,4,0,,,,3.0984166,0.0,0.0,0.0,750.57
3,14,4,0,,,,2.6734,0.0,0.0,0.0,711.4
3,15,4,0,,,,1.9557,0.0,0.0,0.0,556.07
3,16,4,0,,,,1.0383972,0.0,0.0,0.0,270.92
3,17,4,0,,,,0.14035004,0.0,0.0,0.0,84.3
3,18,4,0,,,,9.9999994e-08,0.0,0.0,0.0,4.57
3,19,4,0,,,,9.9999994e-08,0.0,0.0,0.0,0.0
3,20,4,0,,,,9.9999994e-08,0.0,0.0,0.0,0.0
3,21,4,0,,,,9.9999994e-08,0.0,0.0,0.0,0.0
3,22,4,0,,,,9.9999994e-08,0.0,0.0,0.0,0.0
3,23,4,0,,,,9.9999994e-08,0.0,0.0,0.0,0.0
3,24,4,0,,,,9.9999994e-08,0.0,0.0,0.0,0.0
3,1,5,0,,,,9.9999994e-08,0.0,0.0,0.0,0.0
3,2,5,0,,,,9.9999994e-08,0.0,0.0,0.0,0.0
3,3,5,0,,,,9.9999994e-08,0.0,0.0,0.0,0.0
3,4,5,0,,,,9.9999994e-08,0.0,0.0,0.0,0.0
3,5,5,0,,,,9.9999994e-08,0.0,0.0,0.0,0.0
3,6,5,0,,,,0.06116673,0.0,0.0,0.0,0.0
3,7,5,0,,,,0.69948334,0.0,0.0,0.0,0.0
3,8,5,0,,,,1.18635,0.0,0.0,0.0,0.36
3,9,5,0,,,,2.1803334,0.0,0.0,0.0,70.13
3,10,5,0,,,,2.6625834,0.0,0.0,0.0,162.36
3,11,5,0,,,,2.4017334,0.0,0.0,0.0,244.61
3,12,5,0,,,,2.81195,0.0,0.0,0.0,75.82
3,13,5,0,,,,2.4722667,0.0,0.0,0.0,29.05
3,14,5,0,,,,2.3173332,0.0,0.0,0.0,157.16
3,15,5,0,,,,1.4030666,0.0,0.0,0.0,104.75
3,16,5,0,,,,0.4478,0.0,0.0,0.0,233.25
3,17,5,0,,,,9.9999994e-08,0.0,0.0,0.0,42.08
3,18,5,0,,,,9.9999994e-08,0.0,0.0,0.0,10.79
3,19,5,0,,,,9.9999994e-08,0.0,0.0,0.0,0.0
3,20,5,0,,,,9.9999994e-08,0.0,0.0,0.0,0.0
3,21,5,0,,,,9.9999994e-08,0.0,0.0,0.0,0.0
3,22,5,0,,,,9.9999994e-08,0.0,0.0,0.0,0.0
3,23,5,0,,,,9.9999994e-08,0.0,0.0,0.0,0.0
3,24,5,0,,,,9.9999994e-08,0.0,0.0,0.0,0.0
3,1,6,0,,,,9.9999994e-08,0.0,0.0,0.0,0.0
3,2,6,0,,,,9.9999994e-08,0.0,0.0,0.0,0.0
3,3,6,0,,,,9.9999994e-08,0.0,0.0,0.0,0.0
3,4,6,0,,,,9.9999994e-08,0.0,0.0,0.0,0.0
3,5,6,0,,,,9.9999994e-08,0.0,0.0,0.0,0.0
3,6,6,0,,,,0.021233408,0.0,0.0,0.0,0.0
3,7,6,0,,,,0.70162225,0.0,0.0,0.0,0.0
3,8,6,0,,,,1.69,0.0,0.0,0.0,0.37
3,9,6,0,,,,2.4928055,0.0,0.0,0.0,164.91
3,10,6,0,,,,3.02195,0.0,0.0,0.0,104.45
3,11,6,0,,,,3.30025,0.0,0.0,0.0,390.27
3,12,6,0,,,,3.34955,0.0,0.0,0.0,288.04
3,13,6,0,,,,2.9139721,0.0,0.0,0.0,144.46
3,14,6,0,,,,2.7437832,0.0,0.0,0.0,50.51
3,15,6,0,,,,2.1069443,0.0,0.0,0.0,22.62
3,16,6,0,,,,1.154,0.0,0.0,0.0,133.93
3,17,6,0,,,,0.14222781,0.0,0.0,0.0,118.86
3,18,6,0,,,,9.9999994e-08,0.0,0.0,0.0,74.88
3,19,6,0,,,,9.9999994e-08,0.0,0.0,0.0,0.0
3,20,6,0,,,,9.9999994e-08,0.0,0.0,0.0,0.0
3,21,6,0,,,,9.9999994e-08,0.0,0.0,0.0,0.0
3,22,6,0,,,,9.9999994e-08,0.0,0.0,0.0,0.0
3,23,6,0,,,,9.9999994e-08,0.0,0.0,0.0,0.0
3,24,6,0,,,,9.9999994e-08,0.0,0.0,0.0,0.0
3,1,7,0,,,,9.9999994e-08,0.0,0.0,0.0,0.0
3,2,7,0,,,,9.9999994e-08,0.0,0.0,0.0,0.0
3,3,7,0,,,,9.9999994e-08,0.0,0.0,0.0,0.0
3,4,7,0,,,,9.9999994e-08,0.0,0.0,0.0,0.0
3,5,7,0,,,,9.9999994e-08,0.0,0.0,0.0,0.0
3,6,7,0,,,,0.037500065,0.0,0.0,0.0,0.0
3,7,7,0,,,,0.7652,0.0,0.0,0.0,0.0
3,8,7,0,,,,1.7831389,0.0,0.0,0.0,92.06
3,9,7,0,,,,2.2510834,0.0,0.0,0.0,321.69
3,10,7,0,,,,2.51995,0.0,0.0,0.0,473.9
3,11,7,0,,,,2.89555,0.0,0.0,0.0,438.11
3,12,7,0,,,,3.2050834,0.0,0.0,0.0,771.3
3,13,7,0,,,,3.3198833,0.0,0.0,0.0,618.14
3,14,7,0,,,,3.1823,0.0,0.0,0.0,324.82
3,15,7,0,,,,2.7898166,0.0,0.0,0.0,63.51
3,16,7,0,,,,2.0681555,0.0,0.0,0.0,36.75
3,17,7,0,,,,1.14285,0.0,0.0,0.0,41.64
3,18,7,0,,,,0.1769056,0.0,0.0,0.0,50.79
3,19,7,0,,,,9.9999994e-08,0.0,0.0,0.0,0.0
3,20,7,0,,,,9.9999994e-08,0.0,0.0,0.0,0.0
3,21,7,0,,,,9.9999994e-08,0.0,0.0,0.0,0.0
3,22,7,0,,,,9.9999994e-08,0.0,0.0,0.0,0.0
3,23,7,0,,,,9.9999994e-08,0.0,0.0,0.0,0.0
3,24,7,0,,,,9.9999994e-08,0.0,0.0,0.0,0.0
3,1,1,0,,,,9.9999994e-08,0.0,0.0,0.0,0.0
3,2,1,0,,,,9.9999994e-08,0.0,0.0,0.0,0.0
3,3,1,0,,,,9.9999994e-08,0.0,0.0,0.0,0.0
3,4,1,0,,,,9.9999994e-08,0.0,0.0,0.0,0.0
3,5,1,0,,,,9.9999994e-08,0.0,0.0,0.0,0.0
3,6,1,0,,,,9.9999994e-08,0.0,0.0,0.0,0.0
3,7,1,0,,,,0.043583397,0.0,0.0,0.0,0.0
3,8,1,0,,,,0.7987722,0.0,0.0,0.0,120.83
3,9,1,0,,,,1.5385833,0.0,0.0,0.0,370.18
3,10,1,0,,,,2.5589888,0.0,0.0,0.0,600.81
3,11,1,0,,,,3.0667667,0.0,0.0,0.0,755.29
3,12,1,0,,,,3.3339722,0.0,0.0,0.0,845.43
3,13,1,0,,,,3.3637333,0.0,0.0,0.0,874.92
3,14,1,0,,,,3.1688056,0.0,0.0,0.0,836.48
3,15,1,0,,,,2.7212334,0.0,0.0,0.0,732.91
3,16,1,0,,,,2.0439777,0.0,0.0,0.0,569.2
3,17,1,0,,,,1.10645,0.0,0.0,0.0,347.11
3,18,1,0,,,,0.17752226,0.0,0.0,0.0,94.98
3,19,1,0,,,,9.9999994e-08,0.0,0.0,0.0,0.0
3,20,1,0,,,,9.9999994e-08,0.0,0.0,0.0,0.0
3,21,1,0,,,,9.9999994e-08,0.0,0.0,0.0,0.0
3,22,1,0,,,,9.9999994e-08,0.0,0.0,0.0,0.0
3,23,1,0,,,,9.9999994e-08,0.0,0.0,0.0,0.0
3,24,1,0,,,,9.9999994e-08,0.0,0.0,0.0,0.0
3,1,2,0,,,,9.9999994e-08,0.0,0.0,0.0,0.0
3,2,2,0,,,,9.9999994e-08,0.0,0.0,0.0,0.0
3,3,2,0,,,,9.9999994e-08,0.0,0.0,0.0,0.0
3,4,2,0,,,,9.9999994e-08,0.0,0.0,0.0,0.0
3,5,2,0,,,,9.9999994e-08,0.0,0.0,0.0,0.0
3,6,2,0,,,,9.9999994e-08,0.0,0.0,0.0,0.0
3,7,2,0,,,,0.025466762,0.0,0.0,0.0,0.0
3,8,2,0,,,,0.64343333,0.0,0.0,0.0,0.0
3,9,2,0,,,,1.6804667,0.0,0.0,0.0,65.71
3,10,2,0,,,,2.4312668,0.0,0.0,0.0,139.98
3,11,2,0,,,,2.9547668,0.0,0.0,0.0,325.2
3,12,2,0,,,,3.2549667,0.0,0.0,0.0,403.79
3,13,2,0,,,,3.3542,0.0,0.0,0.0,413.15
3,14,2,0,,,,3.16095,0.0,0.0,0.0,324.67
3,15,2,0,,,,2.6236722,0.0,0.0,0.0,286.75
3,16,2,0,,,,2.06085,0.0,0.0,0.0,0.0
3,17,2,0,,,,0.8066889,0.0,0.0,0.0,149.48
3,18,2,0,,,,0.1287167,0.0,0.0,0.0,82.5
3,19,2,0,,,,9.9999994e-08,0.0,0.0,0.0,0.0
3,20,2,0,,,,9.9999994e-08,0.0,0.0,0.0,0.0
3,21,2,0,,,,9.9999994e-08,0.0,0.0,0.0,0.0
3,22,2,0,,,,9.9999994e-08,0.0,0.0,0.0,0.0
3,23,2,0,,,,9.9999994e-08,0.0,0.0,0.0,0.0
3,24,2,0,,,,9.9999994e-08,0.0,0.0,0.0,0.0
3,1,3,0,,,,9.9999994e-08,0.0,0.0,0.0,0.0
3,2,3,0,,,,9.9999994e-08,0.0,0.0,0.0,0.0
3,3,3,0,,,,9.9999994e-08,0.0,0.0,0.0,0.0
3,4,3,0,,,,9.9999994e-08,0.0,0.0,0.0,0.0
3,5,3,0,,,,9.9999994e-08,0.0,0.0,0.0,0.0
3,6,3,0,,,,9.9999994e-08,0.0,0.0,0.0,0.0
3,7,3,0,,,,0.041950077,0.0,0.0,0.0,0.0
3,8,3,0,,,,0.71251667,0.0,0.0,0.0,59.64
3,9,3,0,,,,1.8264278,0.0,0.0,0.0,301.36
3,10,3,0,,,,2.1891334,0.0,0.0,0.0,556.67
3,11,3,0,,,,1.8143444,0.0,0.0,0.0,719.16
3,12,3,0,,,,3.1321666,0.0,0.0,0.0,807.63
3,13,3,0,,,,3.267461,0.0,0.0,0.0,843.7
3,14,3,0,,,,3.0829833,0.0,0.0,0.0,728.96
3,15,3,0,,,,2.7234557,0.0,0.0,0.0,554.95
3,16,3,0,,,,2.0157833,0.0,0.0,0.0,466.39
3,17,3,0,,,,1.1266888,0.0,0.0,0.0,338.53
3,18,3,0,,,,0.19273336,0.0,0.0,0.0,65.29
3,19,3,0,,,,9.9999994e-08,0.0,0.0,0.0,0.0
3,20,3,0,,,,9.9999994e-08,0.0,0.0,0.0,0.0
3,21,3,0,,,,9.9999994e-08,0.0,0.0,0.0,0.0
3,22,3,0,,,,9.9999994e-08,0.0,0.0,0.0,0.0
3,23,3,0,,,,9.9999994e-08,0.0,0.0,0.0,0.0
3,24,3,0,,,,9.9999994e-08,0.0,0.0,0.0,0.0
3,1,4,0,,,,9.9999994e-08,0.0,0.0,0.0,0.0
3,2,4,0,,,,9.9999994e-08,0.0,0.0,0.0,0.0
3,3,4,0,,,,9.9999994e-08,0.0,0.0,0.0,0.0
3,4,4,0,,,,9.9999994e-08,0.0,0.0,0.0,0.0
3,5,4,0,,,,9.9999994e-08,0.0,0.0,0.0,0.0
3,6,4,0,,,,9.9999994e-08,0.0,0.0,0.0,0.0
3,7,4,0,,,,0.054100063,0.0,0.0,0.0,0.0
3,8,4,0,,,,0.80398333,0.0,0.0,0.0,1.21
3,9,4,0,,,,1.7584,0.0,0.0,0.0,41.29
3,10,4,0,,,,2.4727333,0.0,0.0,0.0,36.36
3,11,4,0,,,,2.952139,0.0,0.0,0.0,70.21
3,12,4,0,,,,3.1669333,0.0,0.0,0.0,69.28
3,13,4,0,,,,3.2343888,0.0,0.0,0.0,74.64
3,14,4,0,,,,2.9435,0.0,0.0,0.0,58.73
3,15,4,0,,,,2.5095556,0.0,0.0,0.0,149.24
3,16,4,0,,,,1.9850833,0.0,0.0,0.0,273.81
3,17,4,0,,,,1.0496389,0.0,0.0,0.0,110.31
3,18,4,0,,,,0.13491671,0.0,0.0,0.0,65.9
3,19,4,0,,,,9.9999994e-08,0.0,0.0,0.0,0.0
3,20,4,0,,,,9.9999994e-08,0.0,0.0,0.0,0.0
3,21,4,0,,,,9.9999994e-08,0.0,0.0,0.0,0.0
3,22,4,0,,,,9.9999994e-08,0.0,0.0,0.0,0.0
3,23,4,0,,,,9.9999994e-08,0.0,0.0,0.0,0.0
3,24,4,0,,,,9.9999994e-08,0.0,0.0,0.0,0.0
3,1,5,0,,,,9.9999994e-08,0.0,0.0,0.0,0.0
3,2,5,0,,,,9.9999994e-08,0.0,0.0,0.0,0.0
3,3,5,0,,,,9.9999994e-08,0.0,0.0,0.0,0.0
3,4,5,0,,,,9.9999994e-08,0.0,0.0,0.0,0.0
3,5,5,0,,,,9.9999994e-08,0.0,0.0,0.0,0.0
3,6,5,0,,,,9.9999994e-08,0.0,0.0,0.0,0.0
3,7,5,0,,,,0.026283402,0.0,0.0,0.0,0.0
3,8,5,0,,,,0.7068833,0.0,0.0,0.0,27.15
3,9,5,0,,,,1.6419389,0.0,0.0,0.0,46.64
3,10,5,0,,,,2.41895,0.0,0.0,0.0,137.23
3,11,5,0,,,,2.9069,0.0,0.0,0.0,365.47
3,12,5,0,,,,3.1620166,0.0,0.0,0.0,208.97
3,13,5,0,,,,3.2834833,0.0,0.0,0.0,605.51
3,14,5,0,,,,2.9991333,0.0,0.0,0.0,821.73
3,15,5,0,,,,2.4827833,0.0,0.0,0.0,700.53
3,16,5,0,,,,1.81755,0.0,0.0,0.0,555.64
3,17,5,0,,,,1.0357722,0.0,0.0,0.0,331.38
3,18,5,0,,,,0.104466714,0.0,0.0,0.0,75.66
3,19,5,0,,,,9.9999994e-08,0.0,0.0,0.0,0.0
3,20,5,0,,,,9.9999994e-08,0.0,0.0,0.0,0.0
3,21,5,0,,,,9.9999994e-08,0.0,0.0,0.0,0.0
3,22,5,0,,,,9.9999994e-08,0.0,0.0,0.0,0.0
3,23,5,0,,,,9.9999994e-08,0.0,0.0,0.0,0.0
3,24,5,0,,,,9.9999994e-08,0.0,0.0,0.0,0.0
3,1,6,0,,,,9.9999994e-08,0.0,0.0,0.0,0.0
3,2,6,0,,,,9.9999994e-08,0.0,0.0,0.0,0.0
3,3,6,0,,,,9.9999994e-08,0.0,0.0,0.0,0.0
3,4,6,0,,,,9.9999994e-08,0.0,0.0,0.0,0.0
3,5,6,0,,,,9.9999994e-08,0.0,0.0,0.0,0.0
3,6,6,0,,,,9.9999994e-08,0.0,0.0,0.0,0.0
3,7,6,0,,,,0.043283384,0.0,0.0,0.0,0.0
3,8,6,0,,,,0.7224,0.0,0.0,0.0,94.33
3,9,6,0,,,,1.6894667,0.0,0.0,0.0,344.44
3,10,6,0,,,,2.4320333,0.0,0.0,0.0,574.24
3,11,6,0,,,,2.9216833,0.0,0.0,0.0,727.38
3,12,6,0,,,,3.135028,0.0,0.0,0.0,823.42
3,13,6,0,,,,3.2123666,0.0,0.0,0.0,830.76
3,14,6,0,,,,3.0937,0.0,0.0,0.0,810.8
3,15,6,0,,,,2.0716667,0.0,0.0,0.0,709.5
3,16,6,0,,,,1.2729611,0.0,0.0,0.0,300.96
3,17,6,0,,,,0.97138333,0.0,0.0,0.0,168.81
3,18,6,0,,,,0.2807778,0.0,0.0,0.0,16.79
3,19,6,0,,,,9.9999994e-08,0.0,0.0,0.0,0.0
3,20,6,0,,,,9.9999994e-08,0.0,0.0,0.0,0.0
3,21,6,0,,,,9.9999994e-08,0.0,0.0,0.0,0.0
3,22,6,0,,,,9.9999994e-08,0.0,0.0,0.0,0.0
3,23,6,0,,,,9.9999994e-08,0.0,0.0,0.0,0.0
3,24,6,0,,,,9.9999994e-08,0.0,0.0,0.0,0.0
3,1,7,0,,,,9.9999994e-08,0.0,0.0,0.0,0.0
3,2,7,0,,,,9.9999994e-08,0.0,0.0,0.0,0.0
3,3,7,0,,,,9.9999994e-08,0.0,0.0,0.0,0.0
3,4,7,0,,,,9.9999994e-08,0.0,0.0,0.0,0.0
3,5,7,0,,,,9.9999994e-08,0.0,0.0,0.0,0.0
3,6,7,0,,,,9.9999994e-08,0.0,0.0,0.0,0.0
3,7,7,0,,,,0.048200063,0.0,0.0,0.0,0.0
3,8,7,0,,,,0.79698336,0.0,0.0,0.0,62.58
3,9,7,0,,,,1.6976167,0.0,0.0,0.0,46.93
3,10,7,0,,,,2.454411,0.0,0.0,0.0,87.57
3,11,7,0,,,,2.9564333,0.0,0.0,0.0,182.95
3,12,7,0,,,,3.2691667,0.0,0.0,0.0,99.77
3,13,7,0,,,,3.3267167,0.0,0.0,0.0,32.48
3,14,7,0,,,,3.1708333,0.0,0.0,0.0,68.84
3,15,7,0,,,,2.6832166,0.0,0.0,0.0,82.2
3,16,7,0,,,,2.0211167,0.0,0.0,0.0,50.59
3,17,7,0,,,,1.11605,0.0,0.0,0.0,51.4
3,18,7,0,,,,0.15955003,0.0,0.0,0.0,39.14
3,19,7,0,,,,9.9999994e-08,0.0,0.0,0.0,0.0
3,20,7,0,,,,9.9999994e-08,0.0,0.0,0.0,0.0
3,21,7,0,,,,9.9999994e-08,0.0,0.0,0.0,0.0
3,22,7,0,,,,9.9999994e-08,0.0,0.0,0.0,0.0
3,23,7,0,,,,9.9999994e-08,0.0,0.0,0.0,0.0
3,24,7,0,,,,9.9999994e-08,0.0,0.0,0.0,0.0
3,1,1,0,,,,9.9999994e-08,0.0,0.0,0.0,0.0
3,2,1,0,,,,9.9999994e-08,0.0,0.0,0.0,0.0
3,3,1,0,,,,9.9999994e-08,0.0,0.0,0.0,0.0
3,4,1,0,,,,9.9999994e-08,0.0,0.0,0.0,0.0
3,5,1,0,,,,9.9999994e-08,0.0,0.0,0.0,0.0
3,6,1,0,,,,9.9999994e-08,0.0,0.0,0.0,0.0
3,7,1,0,,,,0.0029834216,0.0,0.0,0.0,0.0
3,8,1,0,,,,0.107350014,0.0,0.0,0.0,7.11
3,9,1,0,,,,0.36854446,0.0,0.0,0.0,85.39
3,10,1,0,,,,0.82065,0.0,0.0,0.0,125.9
3,11,1,0,,,,2.0031888,0.0,0.0,0.0,325.53
3,12,1,0,,,,3.3125167,0.0,0.0,0.0,476.18
3,13,1,0,,,,3.2867944,0.0,0.0,0.0,293.55
3,14,1,0,,,,3.24835,0.0,0.0,0.0,270.68
3,15,1,0,,,,2.7638779,0.0,0.0,0.0,148.35
3,16,1,0,,,,2.0632834,0.0,0.0,0.0,208.55
3,17,1,0,,,,1.1106944,0.0,0.0,0.0,133.82
3,18,1,0,,,,0.12661673,0.0,0.0,0.0,7.54
3,19,1,0,,,,9.9999994e-08,0.0,0.0,0.0,0.0
3,20,1,0,,,,9.9999994e-08,0.0,0.0,0.0,0.0
3,21,1,0,,,,9.9999994e-08,0.0,0.0,0.0,0.0
3,22,1,0,,,,9.9999994e-08,0.0,0.0,0.0,0.0
3,23,1,0,,,,9.9999994e-08,0.0,0.0,0.0,0.0
3,24,1,0,,,,9.9999994e-08,0.0,0.0,0.0,0.0
3,1,2,0,,,,9.9999994e-08,0.0,0.0,0.0,0.0
3,2,2,0,,,,9.9999994e-08,0.0,0.0,0.0,0.0
3,3,2,0,,,,9.9999994e-08,0.0,0.0,0.0,0.0
3,4,2,0,,,,9.9999994e-08,0.0,0.0,0.0,0.0
3,5,2,0,,,,9.9999994e-08,0.0,0.0,0.0,0.0
3,6,2,0,,,,9.9999994e-08,0.0,0.0,0.0,0.0
3,7,2,0,,,,0.036966734,0.0,0.0,0.0,0.0
3,8,2,0,,,,0.51126665,0.0,0.0,0.0,83.91
3,9,2,0,,,,1.7659333,0.0,0.0,0.0,89.97
3,10,2,0,,,,1.7547333,0.0,0.0,0.0,103.2
3,11,2,0,,,,0.8713833,0.0,0.0,0.0,71.02
3,12,2,0,,,,0.78851664,0.0,0.0,0.0,157.94
3,13,2,0,,,,0.57523334,0.0,0.0,0.0,201.15
3,14,2,0,,,,0.7594333,0.0,0.0,0.0,210.18
3,15,2,0,,,,0.69331664,0.0,0.0,0.0,94.8
3,16,2,0,,,,0.13356669,0.0,0.0,0.0,284.11
3,17,2,0,,,,0.039333347,0.0,0.0,0.0,197.82
3,18,2,0,,,,0.0013834267,0.0,0.0,0.0,70.93
3,19,2,0,,,,9.9999994e-08,0.0,0.0,0.0,0.0
3,20,2,0,,,,9.9999994e-08,0.0,0.0,0.0,0.0
3,21,2,0,,,,9.9999994e-08,0.0,0.0,0.0,0.0
3,22,2,0,,,,9.9999994e-08,0.0,0.0,0.0,0.0
3,23,2,0,,,,9.9999994e-08,0.0,0.0,0.0,0.0
3,24,2,0,,,,9.9999994e-08,0.0,0.0,0.0,0.0
3,1,3,0,,,,9.9999994e-08,0.0,0.0,0.0,0.0
3,2,3,0,,,,9.9999994e-08,0.0,0.0,0.0,0.0
3,3,3,0,,,,9.9999994e-08,0.0,0.0,0.0,0.0
3,4,3,0,,,,9.9999994e-08,0.0,0.0,0.0,0.0
3,5,3,0,,,,9.9999994e-08,0.0,0.0,0.0,0.0
3,6,3,0,,,,9.9999994e-08,0.0,0.0,0.0,0.0
3,7,3,0,,,,0.017933404,0.0,0.0,0.0,0.0
3,8,3,0,,,,0.22901666,0.0,0.0,0.0,4.73
3,9,3,0,,,,1.10045,0.0,0.0,0.0,26.27
3,10,3,0,,,,1.5420667,0.0,0.0,0.0,261.55
3,11,3,0,,,,2.9376166,0.0,0.0,0.0,148.65
3,12,3,0,,,,2.7089834,0.0,0.0,0.0,127.84
3,13,3,0,,,,2.04725,0.0,0.0,0.0,328.34
3,14,3,0,,,,1.4613,0.0,0.0,0.0,110.98
3,15,3,0,,,,1.1261834,0.0,0.0,0.0,26.39
3,16,3,0,,,,0.747,0.0,0.0,0.0,75.87
3,17,3,0,,,,0.63925,0.0,0.0,0.0,324.47
3,18,3,0,,,,0.0015500883,0.0,0.0,0.0,96.14
3,19,3,0,,,,9.9999994e-08,0.0,0.0,0.0,0.0
3,20,3,0,,,,9.9999994e-08,0.0,0.0,0.0,0.0
3,21,3,0,,,,9.9999994e-08,0.0,0.0,0.0,0.0
3,22,3,0,,,,9.9999994e-08,0.0,0.0,0.0,0.0
3,23,3,0,,,,9.9999994e-08,0.0,0.0,0.0,0.0
3,24,3,0,,,,9.9999994e-08,0.0,0.0,0.0,0.0
3,1,4,0,,,,9.9999994e-08,0.0,0.0,0.0,0.0
3,2,4,0,,,,9.9999994e-08,0.0,0.0,0.0,0.0
3,3,4,0,,,,9.9999994e-08,0.0,0.0,0.0,0.0
3,4,4,0,,,,9.9999994e-08,0.0,0.0,0.0,0.0
3,5,4,0,,,,9.9999994e-08,0.0,0.0,0.0,0.0
3,6,4,0,,,,9.9999994e-08,0.0,0.0,0.0,0.0
3,7,4,0,,,,0.14438339,0.0,0.0,0.0,0.0
3,8,4,0,,,,0.8139167,0.0,0.0,0.0,166.12
3,9,4,0,,,,1.8739834,0.0,0.0,0.0,421.4
3,10,4,0,,,,2.7748833,0.0,0.0,0.0,630.8
3,11,4,0,,,,3.1954,0.0,0.0,0.0,774.1
3,12,4,0,,,,2.7752,0.0,0.0,0.0,637.62
3,13,4,0,,,,3.5544167,0.0,0.0,0.0,219.67
3,14,4,0,,,,2.9481332,0.0,0.0,0.0,732.8
3,15,4,0,,,,2.0795333,0.0,0.0,0.0,406.29
3,16,4,0,,,,1.7248833,0.0,0.0,0.0,135.06
3,17,4,0,,,,0.8979167,0.0,0.0,0.0,182.11
3,18,4,0,,,,0.22746669,0.0,0.0,0.0,104.71
3,19,4,0,,,,9.9999994e-08,0.0,0.0,0.0,0.0
3,20,4,0,,,,9.9999994e-08,0.0,0.0,0.0,0.0
3,21,4,0,,,,9.9999994e-08,0.0,0.0,0.0,0.0
3,22,4,0,,,,9.9999994e-08,0.0,0.0,0.0,0.0
3,23,4,0,,,,9.9999994e-08,0.0,0.0,0.0,0.0
3,24,4,0,,,,9.9999994e-08,0.0,0.0,0.0,0.0
3,1,5,0,,,,9.9999994e-08,0.0,0.0,0.0,0.0
3,2,5,0,,,,9.9999994e-08,0.0,0.0,0.0,0.0
3,3,5,0,,,,9.9999994e-08,0.0,0.0,0.0,0.0
3,4,5,0,,,,9.9999994e-08,0.0,0.0,0.0,0.0
3,5,5,0,,,,9.9999994e-08,0.0,0.0,0.0,0.0
3,6,5,0,,,,9.9999994e-08,0.0,0.0,0.0,0.0
3,7,5,0,,,,0.055766728,0.0,0.0,0.0,0.0
3,8,5,0,,,,0.80983335,0.0,0.0,0.0,3.74
3,9,5,0,,,,1.66875,0.0,0.0,0.0,17.85
3,10,5,0,,,,2.5580332,0.0,0.0,0.0,50.96
3,11,5,0,,,,3.0413833,0.0,0.0,0.0,92.48
3,12,5,0,,,,3.32695,0.0,0.0,0.0,91.96
3,13,5,0,,,,3.3695,0.0,0.0,0.0,181.59
3,14,5,0,,,,3.1491666,0.0,0.0,0.0,132.4
3,15,5,0,,,,2.6772332,0.0,0.0,0.0,737.94
3,16,5,0,,,,1.75355,0.0,0.0,0.0,570.63
3,17,5,0,,,,0.6942667,0.0,0.0,0.0,313.32
3,18,5,0,,,,0.23651671,0.0,0.0,0.0,107.25
3,19,5,0,,,,9.9999994e-08,0.0,0.0,0.0,0.0
3,20,5,0,,,,9.9999994e-08,0.0,0.0,0.0,0.0
3,21,5,0,,,,9.9999994e-08,0.0,0.0,0.0,0.0
3,22,5,0,,,,9.9999994e-08,0.0,0.0,0.0,0.0
3,23,5,0,,,,9.9999994e-08,0.0,0.0,0.0,0.0
3,24,5,0,,,,9.9999994e-08,0.0,0.0,0.0,0.0
3,1,6,0,,,,9.9999994e-08,0.0,0.0,0.0,0.0
3,2,6,0,,,,9.9999994e-08,0.0,0.0,0.0,0.0
3,3,6,0,,,,9.9999994e-08,0.0,0.0,0.0,0.0
3,4,6,0,,,,9.9999994e-08,0.0,0.0,0.0,0.0
3,5,6,0,,,,9.9999994e-08,0.0,0.0,0.0,0.0
3,6,6,0,,,,9.9999994e-08,0.0,0.0,0.0,0.0
3,7,6,0,,,,0.16523336,0.0,0.0,0.0,0.0
3,8,6,0,,,,0.5200667,0.0,0.0,0.0,85.41
3,9,6,0,,,,0.40910006,0.0,0.0,0.0,220.02
3,10,6,0,,,,1.7897333,0.0,0.0,0.0,312.06
3,11,6,0,,,,0.9715667,0.0,0.0,0.0,468.36
3,12,6,0,,,,0.97321665,0.0,0.0,0.0,486.3
3,13,6,0,,,,1.6064,0.0,0.0,0.0,404.68
3,14,6,0,,,,1.5944834,0.0,0.0,0.0,358.51
3,15,6,0,,,,0.75745,0.0,0.0,0.0,255.87
3,16,6,0,,,,0.37975,0.0,0.0,0.0,117.77
3,17,6,0,,,,0.054600008,0.0,0.0,0.0,162.89
3,18,6,0,,,,0.000100096666,0.0,0.0,0.0,74.23
3,19,6,0,,,,9.9999994e-08,0.0,0.0,0.0,0.0
3,20,6,0,,,,9.9999994e-08,0.0,0.0,0.0,0.0
3,21,6,0,,,,9.9999994e-08,0.0,0.0,0.0,0.0
3,22,6,0,,,,9.9999994e-08,0.0,0.0,0.0,0.0
3,23,6,0,,,,9.9999994e-08,0.0,0.0,0.0,0.0
3,24,6,0,,,,9.9999994e-08,0.0,0.0,0.0,0.0
3,1,7,0,,,,9.9999994e-08,0.0,0.0,0.0,0.0
3,2,7,0,,,,9.9999994e-08,0.0,0.0,0.0,0.0
3,3,7,0,,,,9.9999994e-08,0.0,0.0,0.0,0.0
3,4,7,0,,,,9.9999994e-08,0.0,0.0,0.0,0.0
3,5,7,0,,,,9.9999994e-08,0.0,0.0,0.0,0.0
3,6,7,0,,,,9.9999994e-08,0.0,0.0,0.0,0.0
3,7,7,0,,,,0.0024000867,0.0,0.0,0.0,0.0
3,8,7,0,,,,0.14250003,0.0,0.0,0.0,15.22
3,9,7,0,,,,0.55293334,0.0,0.0,0.0,28.93
3,10,7,0,,,,1.4248,0.0,0.0,0.0,169.0
3,11,7,0,,,,1.6113,0.0,0.0,0.0,261.96
3,12,7,0,,,,1.5727,0.0,0.0,0.0,811.86
3,13,7,0,,,,1.456,0.0,0.0,0.0,417.41
3,14,7,0,,,,1.8177667,0.0,0.0,0.0,347.8
3,15,7,0,,,,1.36755,0.0,0.0,0.0,28.12
3,16,7,0,,,,0.73251665,0.0,0.0,0.0,72.25
3,17,7,0,,,,0.6314167,0.0,0.0,0.0,50.64
3,18,7,0,,,,0.15951672,0.0,0.0,0.0,33.4
3,19,7,0,,,,9.9999994e-08,0.0,0.0,0.0,0.0
3,20,7,0,,,,9.9999994e-08,0.0,0.0,0.0,0.0
3,21,7,0,,,,9.9999994e-08,0.0,0.0,0.0,0.0
3,22,7,0,,,,9.9999994e-08,0.0,0.0,0.0,0.0
3,23,7,0,,,,9.9999994e-08,0.0,0.0,0.0,0.0
3,24,7,0,,,,9.9999994e-08,0.0,0.0,0.0,0.0
3,1,1,0,,,,9.9999994e-08,0.0,0.0,0.0,0.0
3,2,1,0,,,,9.9999994e-08,0.0,0.0,0.0,0.0
3,3,1,0,,,,9.9999994e-08,0.0,0.0,0.0,0.0
3,4,1,0,,,,9.9999994e-08,0.0,0.0,0.0,0.0
3,5,1,0,,,,9.9999994e-08,0.0,0.0,0.0,0.0
3,6,1,0,,,,9.9999994e-08,0.0,0.0,0.0,0.0
3,7,1,0,,,,0.025316732,0.0,0.0,0.0,0.0
3,8,1,0,,,,0.09970008,0.0,0.0,0.0,10.48
3,9,1,0,,,,1.6262333,0.0,0.0,0.0,115.54
3,10,1,0,,,,1.7240167,0.0,0.0,0.0,124.41
3,11,1,0,,,,2.94795,0.0,0.0,0.0,140.1
3,12,1,0,,,,3.47865,0.0,0.0,0.0,154.85
3,13,1,0,,,,3.29875,0.0,0.0,0.0,90.7
3,14,1,0,,,,3.0514834,0.0,0.0,0.0,144.67
3,15,1,0,,,,1.34755,0.0,0.0,0.0,29.4
3,16,1,0,,,,1.0635834,0.0,0.0,0.0,21.33
3,17,1,0,,,,0.45188338,0.0,0.0,0.0,122.75
3,18,1,0,,,,0.10498339,0.0,0.0,0.0,7.79
3,19,1,0,,,,9.9999994e-08,0.0,0.0,0.0,0.0
3,20,1,0,,,,9.9999994e-08,0.0,0.0,0.0,0.0
3,21,1,0,,,,9.9999994e-08,0.0,0.0,0.0,0.0
3,22,1,0,,,,9.9999994e-08,0.0,0.0,0.0,0.0
3,23,1,0,,,,9.9999994e-08,0.0,0.0,0.0,0.0
3,24,1,0,,,,9.9999994e-08,0.0,0.0,0.0,0.0
3,1,2,0,,,,9.9999994e-08,0.0,0.0,0.0,0.0
3,2,2,0,,,,9.9999994e-08,0.0,0.0,0.0,0.0
3,3,2,0,,,,9.9999994e-08,0.0,0.0,0.0,0.0
3,4,2,0,,,,9.9999994e-08,0.0,0.0,0.0,0.0
3,5,2,0,,,,9.9999994e-08,0.0,0.0,0.0,0.0
3,6,2,0,,,,9.9999994e-08,0.0,0.0,0.0,0.0
3,7,2,0,,,,0.080783404,0.0,0.0,0.0,1.27
3,8,2,0,,,,0.74983335,0.0,0.0,0.0,181.33
3,9,2,0,,,,1.37905,0.0,0.0,0.0,437.63
3,10,2,0,,,,1.3513,0.0,0.0,0.0,637.39
3,11,2,0,,,,3.2388334,0.0,0.0,0.0,770.27
3,12,2,0,,,,3.5305166,0.0,0.0,0.0,855.97
3,13,2,0,,,,3.5451667,0.0,0.0,0.0,883.24
3,14,2,0,,,,3.3093166,0.0,0.0,0.0,843.03
3,15,2,0,,,,1.9641666,0.0,0.0,0.0,754.94
3,16,2,0,,,,1.6842667,0.0,0.0,0.0,597.68
3,17,2,0,,,,0.95385,0.0,0.0,0.0,382.1
3,18,2,0,,,,0.29035002,0.0,0.0,0.0,129.21
3,19,2,0,,,,9.9999994e-08,0.0,0.0,0.0,0.0
3,20,2,0,,,,9.9999994e-08,0.0,0.0,0.0,0.0
3,21,2,0,,,,9.9999994e-08,0.0,0.0,0.0,0.0
3,22,2,0,,,,9.9999994e-08,0.0,0.0,0.0,0.0
3,23,2,0,,,,9.9999994e-08,0.0,0.0,0.0,0.0
3,24,2,0,,,,9.9999994e-08,0.0,0.0,0.0,0.0
3,1,3,0,,,,9.9999994e-08,0.0,0.0,0.0,0.0
3,2,3,0,,,,9.9999994e-08,0.0,0.0,0.0,0.0
3,3,3,0,,,,9.9999994e-08,0.0,0.0,0.0,0.0
3,4,3,0,,,,9.9999994e-08,0.0,0.0,0.0,0.0
3,5,3,0,,,,9.9999994e-08,0.0,0.0,0.0,0.0
3,6,3,0,,,,9.9999994e-08,0.0,0.0,0.0,0.0
3,7,3,0,,,,0.09025005,0.0,0.0,0.0,3.74
3,8,3,0,,,,0.94765,0.0,0.0,0.0,169.58
3,9,3,0,,,,1.70035,0.0,0.0,0.0,182.16
3,10,3,0,,,,1.7721833,0.0,0.0,0.0,267.34
3,11,3,0,,,,1.44675,0.0,0.0,0.0,332.42
3,12,3,0,,,,1.6184667,0.0,0.0,0.0,423.47
3,13,3,0,,,,3.46325,0.0,0.0,0.0,351.0
3,14,3,0,,,,3.2664666,0.0,0.0,0.0,503.4
3,15,3,0,,,,2.8553834,0.0,0.0,0.0,723.41
3,16,3,0,,,,1.6369166,0.0,0.0,0.0,578.21
3,17,3,0,,,,1.2546,0.0,0.0,0.0,347.89
3,18,3,0,,,,0.26740003,0.0,0.0,0.0,80.52
3,19,3,0,,,,9.9999994e-08,0.0,0.0,0.0,0.0
3,20,3,0,,,,9.9999994e-08,0.0,0.0,0.0,0.0
3,21,3,0,,,,9.9999994e-08,0.0,0.0,0.0,0.0
3,22,3,0,,,,9.9999994e-08,0.0,0.0,0.0,0.0
3,23,3,0,,,,9.9999994e-08,0.0,0.0,0.0,0.0
3,24,3,0,,,,9.9999994e-08,0.0,0.0,0.0,0.0
3,1,4,0,,,,9.9999994e-08,0.0,0.0,0.0,0.0
3,2,4,0,,,,9.9999994e-08,0.0,0.0,0.0,0.0
3,3,4,0,,,,9.9999994e-08,0.0,0.0,0.0,0.0
3,4,4,0,,,,9.9999994e-08,0.0,0.0,0.0,0.0
3,5,4,0,,,,9.9999994e-08,0.0,0.0,0.0,0.0
3,6,4,0,,,,9.9999994e-08,0.0,0.0,0.0,0.0
3,7,4,0,,,,0.07403339,0.0,0.0,0.0,0.0
3,8,4,0,,,,0.5394167,0.0,0.0,0.0,27.82
3,9,4,0,,,,1.8167833,0.0,0.0,0.0,113.87
3,10,4,0,,,,1.8622833,0.0,0.0,0.0,140.48
3,11,4,0,,,,1.8469,0.0,0.0,0.0,126.35
3,12,4,0,,,,2.8779666,0.0,0.0,0.0,193.94
3,13,4,0,,,,3.4456666,0.0,0.0,0.0,405.62
3,14,4,0,,,,3.2761834,0.0,0.0,0.0,819.78
3,15,4,0,,,,2.77055,0.0,0.0,0.0,713.77
3,16,4,0,,,,1.76375,0.0,0.0,0.0,564.81
3,17,4,0,,,,0.3492,0.0,0.0,0.0,358.74
3,18,4,0,,,,9.9999994e-08,0.0,0.0,0.0,121.73
3,19,4,0,,,,9.9999994e-08,0.0,0.0,0.0,0.0
3,20,4,0,,,,9.9999994e-08,0.0,0.0,0.0,0.0
3,21,4,0,,,,9.9999994e-08,0.0,0.0,0.0,0.0
3,22,4,0,,,,9.9999994e-08,0.0,0.0,0.0,0.0
3,23,4,0,,,,9.9999994e-08,0.0,0.0,0.0,0.0
3,24,4,0,,,,9.9999994e-08,0.0,0.0,0.0,0.0
3,1,5,0,,,,9.9999994e-08,0.0,0.0,0.0,0.0
3,2,5,0,,,,9.9999994e-08,0.0,0.0,0.0,0.0
3,3,5,0,,,,9.9999994e-08,0.0,0.0,0.0,0.0
3,4,5,0,,,,9.9999994e-08,0.0,0.0,0.0,0.0
3,5,5,0,,,,9.9999994e-08,0.0,0.0,0.0,0.0
3,6,5,0,,,,9.9999994e-08,0.0,0.0,0.0,0.0
3,7,5,0,,,,0.082116716,0.0,0.0,0.0,4.84
3,8,5,0,,,,0.9181,0.0,0.0,0.0,186.04
3,9,5,0,,,,1.88565,0.0,0.0,0.0,419.02
3,10,5,0,,,,1.4339668,0.0,0.0,0.0,606.13
3,11,5,0,,,,2.6553,0.0,0.0,0.0,736.8
3,12,5,0,,,,3.3837667,0.0,0.0,0.0,829.28
3,13,5,0,,,,3.4918666,0.0,0.0,0.0,837.0
3,14,5,0,,,,3.2676334,0.0,0.0,0.0,801.03
3,15,5,0,,,,2.8364666,0.0,0.0,0.0,704.46
3,16,5,0,,,,2.1295333,0.0,0.0,0.0,554.58
3,17,5,0,,,,1.18375,0.0,0.0,0.0,353.05
3,18,5,0,,,,0.20838337,0.0,0.0,0.0,124.87
3,19,5,0,,,,9.9999994e-08,0.0,0.0,0.0,0.0
3,20,5,0,,,,9.9999994e-08,0.0,0.0,0.0,0.0
3,21,5,0,,,,9.9999994e-08,0.0,0.0,0.0,0.0
3,22,5,0,,,,9.9999994e-08,0.0,0.0,0.0,0.0
3,23,5,0,,,,9.9999994e-08,0.0,0.0,0.0,0.0
3,24,5,0,,,,9.9999994e-08,0.0,0.0,0.0,0.0
4,1,6,0,,,,9.9999994e-08,0.0,0.0,0.0,0.0
4,2,6,0,,,,9.9999994e-08,0.0,0.0,0.0,0.0
4,3,6,0,,,,9.9999994e-08,0.0,0.0,0.0,0.0
4,4,6,0,,,,9.9999994e-08,0.0,0.0,0.0,0.0
4,5,6,0,,,,9.9999994e-08,0.0,0.0,0.0,0.0
4,6,6,0,,,,9.9999994e-08,0.0,0.0,0.0,0.0
4,7,6,0,,,,0.08333339,0.0,0.0,0.0,4.17
4,8,6,0,,,,0.9212833,0.0,0.0,0.0,192.5
4,9,6,0,,,,1.8784,0.0,0.0,0.0,439.91
4,10,6,0,,,,2.3512833,0.0,0.0,0.0,644.16
4,11,6,0,,,,2.88275,0.0,0.0,0.0,777.71
4,12,6,0,,,,3.1534417,0.0,0.0,0.0,871.08
4,13,6,0,,,,2.7200167,0.0,0.0,0.0,887.55
4,14,6,0,,,,3.0448833,0.0,0.0,0.0,842.91
4,15,6,0,,,,2.7684834,0.0,0.0,0.0,741.98
4,16,6,0,,,,2.179,0.0,0.0,0.0,584.36
4,17,6,0,,,,1.2461333,0.0,0.0,0.0,367.41
4,18,6,0,,,,0.26216668,0.0,0.0,0.0,131.0
4,19,6,0,,,,9.9999994e-08,0.0,0.0,0.0,0.0
4,20,6,0,,,,9.9999994e-08,0.0,0.0,0.0,0.0
4,21,6,0,,,,9.9999994e-08,0.0,0.0,0.0,0.0
4,22,6,0,,,,9.9999994e-08,0.0,0.0,0.0,0.0
4,23,6,0,,,,9.9999994e-08,0.0,0.0,0.0,0.0
4,24,6,0,,,,9.9999994e-08,0.0,0.0,0.0,0.0
4,1,7,0,,,,9.9999994e-08,0.0,0.0,0.0,0.0
4,2,7,0,,,,9.9999994e-08,0.0,0.0,0.0,0.0
4,3,7,0,,,,9.9999994e-08,0.0,0.0,0.0,0.0
4,4,7,0,,,,9.9999994e-08,0.0,0.0,0.0,0.0
4,5,7,0,,,,9.9999994e-08,0.0,0.0,0.0,0.0
4,6,7,0,,,,9.9999994e-08,0.0,0.0,0.0,0.0
4,7,7,0,,,,0.08833338,0.0,0.0,0.0,9.88
4,8,7,0,,,,0.91798335,0.0,0.0,0.0,210.27
4,9,7,0,,,,1.7988666,0.0,0.0,0.0,455.12
4,10,7,0,,,,1.3157834,0.0,0.0,0.0,638.11
4,11,7,0,,,,1.4343168,0.0,0.0,0.0,781.31
4,12,7,0,,,,1.1655667,0.0,0.0,0.0,873.04
4,13,7,0,,,,1.9784833,0.0,0.0,0.0,884.74
4,14,7,0,,,,0.59768337,0.0,0.0,0.0,839.46
4,15,7,0,,,,0.78700006,0.0,0.0,0.0,742.39
4,16,7,0,,,,2.0197167,0.0,0.0,0.0,585.03
4,17,7,0,,,,1.1704,0.0,0.0,0.0,365.68
4,18,7,0,,,,0.21818335,0.0,0.0,0.0,131.5
4,19,7,0,,,,9.9999994e-08,0.0,0.0,0.0,0.0
4,20,7,0,,,,9.9999994e-08,0.0,0.0,0.0,0.0
4,21,7,0,,,,9.9999994e-08,0.0,0.0,0.0,0.0
4,22,7,0,,,,9.9999994e-08,0.0,0.0,0.0,0.0
4,23,7,0,,,,9.9999994e-08,0.0,0.0,0.0,0.0
4,24,7,0,,,,9.9999994e-08,0.0,0.0,0.0,0.0
4,1,1,0,,,,9.9999994e-08,0.0,0.0,0.0,0.0
4,2,1,0,,,,9.9999994e-08,0.0,0.0,0.0,0.0
4,3,1,0,,,,9.9999994e-08,0.0,0.0,0.0,0.0
4,4,1,0,,,,9.9999994e-08,0.0,0.0,0.0,0.0
4,5,1,0,,,,9.9999994e-08,0.0,0.0,0.0,0.0
4,6,1,0,,,,9.9999994e-08,0.0,0.0,0.0,0.0
4,7,1,0,,,,0.11170004,0.0,0.0,0.0,12.78
4,8,1,0,,,,0.9647,0.0,0.0,0.0,208.07
4,9,1,0,,,,1.919,0.0,0.0,0.0,442.48
4,10,1,0,,,,2.67215,0.0,0.0,0.0,620.42
4,11,1,0,,,,3.1495667,0.0,0.0,0.0,742.71
4,12,1,0,,,,3.3695333,0.0,0.0,0.0,833.51
4,13,1,0,,,,3.0398667,0.0,0.0,0.0,849.39
4,14,1,0,,,,3.18505,0.0,0.0,0.0,808.8
4,15,1,0,,,,2.7212667,0.0,0.0,0.0,712.4
4,16,1,0,,,,2.0007334,0.0,0.0,0.0,561.64
4,17,1,0,,,,1.0916333,0.0,0.0,0.0,359.42
4,18,1,0,,,,0.1976667,0.0,0.0,0.0,131.8
4,19,1,0,,,,9.9999994e-08,0.0,0.0,0.0,0.0
4,20,1,0,,,,9.9999994e-08,0.0,0.0,0.0,0.0
4,21,1,0,,,,9.9999994e-08,0.0,0.0,0.0,0.0
4,22,1,0,,,,9.9999994e-08,0.0,0.0,0.0,0.0
4,23,1,0,,,,9.833333e-08,0.0,0.0,0.0,0.0
4,24,1,0,,,,9.9999994e-08,0.0,0.0,0.0,0.0
4,1,2,0,,,,9.9999994e-08,0.0,0.0,0.0,0.0
4,2,2,0,,,,9.9999994e-08,0.0,0.0,0.0,0.0
4,3,2,0,,,,9.9999994e-08,0.0,0.0,0.0,0.0
4,4,2,0,,,,9.9999994e-08,0.0,0.0,0.0,0.0
4,5,2,0,,,,9.9999994e-08,0.0,0.0,0.0,0.0
4,6,2,0,,,,9.9999994e-08,0.0,0.0,0.0,0.0
4,7,2,0,,,,0.12100004,0.0,0.0,0.0,8.53
4,8,2,0,,,,0.94808334,0.0,0.0,0.0,201.89
4,9,2,0,,,,1.598,0.0,0.0,0.0,431.43
4,10,2,0,,,,2.5499,0.0,0.0,0.0,611.36
4,11,2,0,,,,3.0087333,0.0,0.0,0.0,736.57
4,12,2,0,,,,3.2061667,0.0,0.0,0.0,814.35
4,13,2,0,,,,3.3012333,0.0,0.0,0.0,833.98
4,14,2,0,,,,3.1003335,0.0,0.0,0.0,783.63
4,15,2,0,,,,2.6653,0.0,0.0,0.0,683.48
4,16,2,0,,,,1.9473333,0.0,0.0,0.0,549.85
4,17,2,0,,,,0.7762,0.0,0.0,0.0,353.11
4,18,2,0,,,,0.1393667,0.0,0.0,0.0,132.04
4,19,2,0,,,,9.9999994e-08,0.0,0.0,0.0,0.53
4,20,2,0,,,,9.9999994e-08,0.0,0.0,0.0,0.0
4,21,2,0,,,,9.9999994e-08,0.0,0.0,0.0,0.0
4,22,2,0,,,,9.9999994e-08,0.0,0.0,0.0,0.0
4,23,2,0,,,,9.9999994e-08,0.0,0.0,0.0,0.0
4,24,2,0,,,,9.9999994e-08,0.0,0.0,0.0,0.0
4,1,3,0,,,,9.9999994e-08,0.0,0.0,0.0,0.0
4,2,3,0,,,,9.9999994e-08,0.0,0.0,0.0,0.0
4,3,3,0,,,,9.9999994e-08,0.0,0.0,0.0,0.0
4,4,3,0,,,,9.9999994e-08,0.0,0.0,0.0,0.0
4,5,3,0,,,,9.9999994e-08,0.0,0.0,0.0,0.0
4,6,3,0,,,,9.9999994e-08,0.0,0.0,0.0,0.0
4,7,3,0,,,,0.19933335,0.0,0.0,0.0,9.23
4,8,3,0,,,,0.7969,0.0,0.0,0.0,185.17
4,9,3,0,,,,1.7437167,0.0,0.0,0.0,407.68
4,10,3,0,,,,2.4512832,0.0,0.0,0.0,597.59
4,11,3,0,,,,2.9859834,0.0,0.0,0.0,728.64
4,12,3,0,,,,3.1629167,0.0,0.0,0.0,808.27
4,13,3,0,,,,3.2965,0.0,0.0,0.0,717.05
4,14,3,0,,,,3.11855,0.0,0.0,0.0,766.43
4,15,3,0,,,,2.6882,0.0,0.0,0.0,706.02
4,16,3,0,,,,2.0207834,0.0,0.0,0.0,561.26
4,17,3,0,,,,1.1584,0.0,0.0,0.0,357.43
4,18,3,0,,,,0.23795003,0.0,0.0,0.0,133.53
4,19,3,0,,,,9.9999994e-08,0.0,0.0,0.0,2.15
4,20,3,0,,,,9.9999994e-08,0.0,0.0,0.0,0.0
4,21,3,0,,,,9.9999994e-08,0.0,0.0,0.0,0.0
4,22,3,0,,,,9.9999994e-08,0.0,0.0,0.0,0.0
4,23,3,0,,,,9.9999994e-08,0.0,0.0,0.0,0.0
4,24,3,0,,,,9.9999994e-08,0.0,0.0,0.0,0.0
4,1,4,0,,,,9.9999994e-08,0.0,0.0,0.0,0.0
4,2,4,0,,,,9.9999994e-08,0.0,0.0,0.0,0.0
4,3,4,0,,,,9.9999994e-08,0.0,0.0,0.0,0.0
4,4,4,0,,,,9.9999994e-08,0.0,0.0,0.0,0.0
4,5,4,0,,,,9.9999994e-08,0.0,0.0,0.0,0.0
4,6,4,0,,,,9.9999994e-08,0.0,0.0,0.0,0.0
4,7,4,0,,,,0.19675,0.0,0.0,0.0,5.48
4,8,4,0,,,,0.8501833,0.0,0.0,0.0,128.26
4,9,4,0,,,,1.36805,0.0,0.0,0.0,372.29
4,10,4,0,,,,2.5902166,0.0,0.0,0.0,565.2
4,11,4,0,,,,2.8472166,0.0,0.0,0.0,660.23
4,12,4,0,,,,3.3859832,0.0,0.0,0.0,776.06
4,13,4,0,,,,3.5255,0.0,0.0,0.0,816.52
4,14,4,0,,,,2.9281332,0.0,0.0,0.0,793.55
4,15,4,0,,,,2.0787833,0.0,0.0,0.0,703.8
4,16,4,0,,,,0.8976333,0.0,0.0,0.0,546.53
4,17,4,0,,,,0.5909,0.0,0.0,0.0,353.33
4,18,4,0,,,,0.32093334,0.0,0.0,0.0,130.41
4,19,4,0,,,,9.9999994e-08,0.0,0.0,0.0,2.14
4,20,4,0,,,,9.9999994e-08,0.0,0.0,0.0,0.0
4,21,4,0,,,,9.9999994e-08,0.0,0.0,0.0,0.0
4,22,4,0,,,,9.9999994e-08,0.0,0.0,0.0,0.0
4,23,4,0,,,,9.9999994e-08,0.0,0.0,0.0,0.0
4,24,4,0,,,,9.9999994e-08,0.0,0.0,0.0,0.0
4,1,5,0,,,,9.9999994e-08,0.0,0.0,0.0,0.0
4,2,5,0,,,,9.9999994e-08,0.0,0.0,0.0,0.0
4,3,5,0,,,,9.9999994e-08,0.0,0.0,0.0,0.0
4,4,5,0,,,,9.9999994e-08,0.0,0.0,0.0,0.0
4,5,5,0,,,,9.9999994e-08,0.0,0.0,0.0,0.0
4,6,5,0,,,,9.9999994e-08,0.0,0.0,0.0,0.0
4,7,5,0,,,,0.038400054,0.0,0.0,0.0,3.68
4,8,5,0,,,,0.84571666,0.0,0.0,0.0,93.65
4,9,5,0,,,,1.8056333,0.0,0.0,0.0,399.87
4,10,5,0,,,,2.3674667,0.0,0.0,0.0,573.92
4,11,5,0,,,,2.9152167,0.0,0.0,0.0,658.89
4,12,5,0,,,,3.3008332,0.0,0.0,0.0,780.13
4,13,5,0,,,,3.1897166,0.0,0.0,0.0,806.74
4,14,5,0,,,,3.0441167,0.0,0.0,0.0,764.31
4,15,5,0,,,,2.7423,0.0,0.0,0.0,681.19
4,16,5,0,,,,1.6934,0.0,0.0,0.0,503.3
4,17,5,0,,,,0.77791667,0.0,0.0,0.0,325.73
4,18,5,0,,,,0.17535003,0.0,0.0,0.0,111.78
4,19,5,0,,,,9.9999994e-08,0.0,0.0,0.0,0.86
4,20,5,0,,,,9.9999994e-08,0.0,0.0,0.0,0.0
4,21,5,0,,,,9.9999994e-08,0.0,0.0,0.0,0.0
4,22,5,0,,,,9.9999994e-08,0.0,0.0,0.0,0.0
4,23,5,0,,,,9.9999994e-08,0.0,0.0,0.0,0.0
4,24,5,0,,,,9.9999994e-08,0.0,0.0,0.0,0.0
4,1,6,0,,,,9.9999994e-08,0.0,0.0,0.0,0.0
4,2,6,0,,,,9.9999994e-08,0.0,0.0,0.0,0.0
4,3,6,0,,,,9.9999994e-08,0.0,0.0,0.0,0.0
4,4,6,0,,,,9.9999994e-08,0.0,0.0,0.0,0.0
4,5,6,0,,,,9.9999994e-08,0.0,0.0,0.0,0.0
4,6,6,0,,,,9.9999994e-08,0.0,0.0,0.0,0.0
4,7,6,0,,,,3.3426666e-05,0.0,0.0,0.0,2.07
4,8,6,0,,,,0.0727,0.0,0.0,0.0,155.34
4,9,6,0,,,,0.24588333,0.0,0.0,0.0,193.34
4,10,6,0,,,,0.9842833,0.0,0.0,0.0,467.36
4,11,6,0,,,,0.7216167,0.0,0.0,0.0,420.91
4,12,6,0,,,,2.0424333,0.0,0.0,0.0,509.99
4,13,6,0,,,,3.06865,0.0,0.0,0.0,786.64
4,14,6,0,,,,2.5095334,0.0,0.0,0.0,753.12
4,15,6,0,,,,1.4845834,0.0,0.0,0.0,664.97
4,16,6,0,,,,0.34893334,0.0,0.0,0.0,468.13
4,17,6,0,,,,0.059250053,0.0,0.0,0.0,325.37
4,18,6,0,,,,0.004783403,0.0,0.0,0.0,98.54
4,19,6,0,,,,9.9999994e-08,0.0,0.0,0.0,1.23
4,20,6,0,,,,9.9999994e-08,0.0,0.0,0.0,0.0
4,21,6,0,,,,9.9999994e-08,0.0,0.0,0.0,0.0
4,22,6,0,,,,9.9999994e-08,0.0,0.0,0.0,0.0
4,23,6,0,,,,9.9999994e-08,0.0,0.0,0.0,0.0
4,24,6,0,,,,9.9999994e-08,0.0,0.0,0.0,0.0
4,1,7,0,,,,9.9999994e-08,0.0,0.0,0.0,0.0
4,2,7,0,,,,9.9999994e-08,0.0,0.0,0.0,0.0
4,3,7,0,,,,9.9999994e-08,0.0,0.0,0.0,0.0
4,4,7,0,,,,9.9999994e-08,0.0,0.0,0.0,0.0
4,5,7,0,,,,9.9999994e-08,0.0,0.0,0.0,0.0
4,6,7,0,,,,9.9999994e-08,0.0,0.0,0.0,0.0
4,7,7,0,,,,0.17688334,0.0,0.0,0.0,0.33
4,8,7,0,,,,0.8427167,0.0,0.0,0.0,18.62
4,9,7,0,,,,1.6910833,0.0,0.0,0.0,19.89
4,10,7,0,,,,1.82445,0.0,0.0,0.0,43.55
4,11,7,0,,,,1.8803834,0.0,0.0,0.0,474.4
4,12,7,0,,,,2.298,0.0,0.0,0.0,633.15
4,13,7,0,,,,3.0012834,0.0,0.0,0.0,650.88
4,14,7,0,,,,2.9520833,0.0,0.0,0.0,662.06
4,15,7,0,,,,2.8807666,0.0,0.0,0.0,447.49
4,16,7,0,,,,2.1534,0.0,0.0,0.0,252.81
4,17,7,0,,,,1.2529666,0.0,0.0,0.0,192.48
4,18,7,0,,,,0.26826668,0.0,0.0,0.0,73.73
4,19,7,0,,,,9.9999994e-08,0.0,0.0,0.0,2.98
4,20,7,0,,,,9.9999994e-08,0.0,0.0,0.0,0.0
4,21,7,0,,,,9.9999994e-08,0.0,0.0,0.0,0.0
4,22,7,0,,,,9.9999994e-08,0.0,0.0,0.0,0.0
4,23,7,0,,,,9.9999994e-08,0.0,0.0,0.0,0.0
4,24,7,0,,,,9.9999994e-08,0.0,0.0,0.0,0.0
4,1,1,0,,,,9.9999994e-08,0.0,0.0,0.0,0.0
4,2,1,0,,,,9.9999994e-08,0.0,0.0,0.0,0.0
4,3,1,0,,,,9.9999994e-08,0.0,0.0,0.0,0.0
4,4,1,0,,,,9.9999994e-08,0.0,0.0,0.0,0.0
4,5,1,0,,,,9.9999994e-08,0.0,0.0,0.0,0.0
4,6,1,0,,,,9.9999994e-08,0.0,0.0,0.0,0.0
4,7,1,0,,,,0.00701675,0.0,0.0,0.0,33.15
4,8,1,0,,,,1.0825,0.0,0.0,0.0,181.91
4,9,1,0,,,,2.0304832,0.0,0.0,0.0,390.44
4,10,1,0,,,,2.6969833,0.0,0.0,0.0,460.93
4,11,1,0,,,,3.0614,0.0,0.0,0.0,663.09
4,12,1,0,,,,3.3547666,0.0,0.0,0.0,783.29
4,13,1,0,,,,3.4148667,0.0,0.0,0.0,798.92
4,14,1,0,,,,3.29295,0.0,0.0,0.0,781.16
4,15,1,0,,,,2.85635,0.0,0.0,0.0,696.97
4,16,1,0,,,,2.1572332,0.0,0.0,0.0,526.16
4,17,1,0,,,,1.2206,0.0,0.0,0.0,240.85
4,18,1,0,,,,0.25183335,0.0,0.0,0.0,127.96
4,19,1,0,,,,9.9999994e-08,0.0,0.0,0.0,0.0
4,20,1,0,,,,9.9999994e-08,0.0,0.0,0.0,0.0
4,21,1,0,,,,9.9999994e-08,0.0,0.0,0.0,0.0
4,22,1,0,,,,9.9999994e-08,0.0,0.0,0.0,0.0
4,23,1,0,,,,9.9999994e-08,0.0,0.0,0.0,0.0
4,24,1,0,,,,9.9999994e-08,0.0,0.0,0.0,0.0
4,1,2,0,,,,9.833333e-08,0.0,0.0,0.0,0.0
4,2,2,0,,,,9.9999994e-08,0.0,0.0,0.0,0.0
4,3,2,0,,,,9.9999994e-08,0.0,0.0,0.0,0.0
4,4,2,0,,,,9.9999994e-08,0.0,0.0,0.0,0.0
4,5,2,0,,,,9.9999994e-08,0.0,0.0,0.0,0.0
4,6,2,0,,,,9.9999994e-08,0.0,0.0,0.0,0.0
4,7,2,0,,,,0.19295004,0.0,0.0,0.0,18.32
4,8,2,0,,,,1.0191667,0.0,0.0,0.0,90.98
4,9,2,0,,,,1.9542834,0.0,0.0,0.0,96.6
4,10,2,0,,,,2.5277166,0.0,0.0,0.0,42.03
4,11,2,0,,,,2.8978167,0.0,0.0,0.0,148.54
4,12,2,0,,,,3.2387166,0.0,0.0,0.0,229.71
4,13,2,0,,,,2.9983168,0.0,0.0,0.0,223.07
4,14,2,0,,,,2.4293416,0.0,0.0,0.0,127.66
4,15,2,0,,,,2.7486,0.0,0.0,0.0,162.63
4,16,2,0,,,,2.0391,0.0,0.0,0.0,91.57
4,17,2,0,,,,1.1143,0.0,0.0,0.0,61.18
4,18,2,0,,,,0.21378335,0.0,0.0,0.0,37.7
4,19,2,0,,,,9.9999994e-08,0.0,0.0,0.0,0.0
4,20,2,0,,,,9.9999994e-08,0.0,0.0,0.0,0.0
4,21,2,0,,,,9.9999994e-08,0.0,0.0,0.0,0.0
4,22,2,0,,,,9.9999994e-08,0.0,0.0,0.0,0.0
4,23,2,0,,,,9.9999994e-08,0.0,0.0,0.0,0.0
4,24,2,0,,,,9.9999994e-08,0.0,0.0,0.0,0.0
4,1,3,0,,,,9.9999994e-08,0.0,0.0,0.0,0.0
4,2,3,0,,,,9.9999994e-08,0.0,0.0,0.0,0.0
4,3,3,0,,,,9.9999994e-08,0.0,0.0,0.0,0.0
4,4,3,0,,,,9.9999994e-08,0.0,0.0,0.0,0.0
4,5,3,0,,,,9.9999994e-08,0.0,0.0,0.0,0.0
4,6,3,0,,,,9.9999994e-08,0.0,0.0,0.0,0.0
4,7,3,0,,,,0.16950004,0.0,0.0,0.0,1.15
4,8,3,0,,,,1.0753167,0.0,0.0,0.0,8.83
4,9,3,0,,,,1.9831,0.0,0.0,0.0,34.27
4,10,3,0,,,,2.6768334,0.0,0.0,0.0,71.07
4,11,3,0,,,,3.12985,0.0,0.0,0.0,86.24
4,12,3,0,,,,3.3785667,0.0,0.0,0.0,103.99
4,13,3,0,,,,3.4246666,0.0,0.0,0.0,59.61
4,14,3,0,,,,3.27315,0.0,0.0,0.0,66.77
4,15,3,0,,,,2.8272,0.0,0.0,0.0,0.0
4,16,3,0,,,,2.0756834,0.0,0.0,0.0,51.91
4,17,3,0,,,,1.1803833,0.0,0.0,0.0,28.27
4,18,3,0,,,,0.2608167,0.0,0.0,0.0,32.84
4,19,3,0,,,,9.9999994e-08,0.0,0.0,0.0,0.0
4,20,3,0,,,,9.9999994e-08,0.0,0.0,0.0,0.0
4,21,3,0,,,,9.9999994e-08,0.0,0.0,0.0,0.0
4,22,3,0,,,,9.9999994e-08,0.0,0.0,0.0,0.0
4,23,3,0,,,,9.9999994e-08,0.0,0.0,0.0,0.0
4,24,3,0,,,,9.9999994e-08,0.0,0.0,0.0,0.0
4,1,4,0,,,,9.9999994e-08,0.0,0.0,0.0,0.0
4,2,4,0,,,,9.9999994e-08,0.0,0.0,0.0,0.0
4,3,4,0,,,,9.9999994e-08,0.0,0.0,0.0,0.0
4,4,4,0,,,,9.9999994e-08,0.0,0.0,0.0,0.0
4,5,4,0,,,,9.9999994e-08,0.0,0.0,0.0,0.0
4,6,4,0,,,,9.9999994e-08,0.0,0.0,0.0,0.0
4,7,4,0,,,,0.15630002,0.0,0.0,0.0,1.18
4,8,4,0,,,,0.51098335,0.0,0.0,0.0,9.61
4,9,4,0,,,,1.1772667,0.0,0.0,0.0,61.59
4,10,4,0,,,,0.8596,0.0,0.0,0.0,107.37
4,11,4,0,,,,0.56915,0.0,0.0,0.0,145.92
4,12,4,0,,,,0.76685,0.0,0.0,0.0,171.67
4,13,4,0,,,,1.8085,0.0,0.0,0.0,188.67
4,14,4,0,,,,2.9560833,0.0,0.0,0.0,213.04
4,15,4,0,,,,1.9452167,0.0,0.0,0.0,233.13
4,16,4,0,,,,0.45841667,0.0,0.0,0.0,136.3
4,17,4,0,,,,0.15143335,0.0,0.0,0.0,109.91
4,18,4,0,,,,9.9999994e-08,0.0,0.0,0.0,130.15
4,19,4,0,,,,9.9999994e-08,0.0,0.0,0.0,8.52
4,20,4,0,,,,9.9999994e-08,0.0,0.0,0.0,0.0
4,21,4,0,,,,9.9999994e-08,0.0,0.0,0.0,0.0
4,22,4,0,,,,9.9999994e-08,0.0,0.0,0.0,0.0
4,23,4,0,,,,9.9999994e-08,0.0,0.0,0.0,0.0
4,24,4,0,,,,9.9999994e-08,0.0,0.0,0.0,0.0
4,1,5,0,,,,9.9999994e-08,0.0,0.0,0.0,0.0
4,2,5,0,,,,9.9999994e-08,0.0,0.0,0.0,0.0
4,3,5,0,,,,9.9999994e-08,0.0,0.0,0.0,0.0
4,4,5,0,,,,9.9999994e-08,0.0,0.0,0.0,0.0
4,5,5,0,,,,9.9999994e-08,0.0,0.0,0.0,0.0
4,6,5,0,,,,9.9999994e-08,0.0,0.0,0.0,0.0
4,7,5,0,,,,0.18635003,0.0,0.0,0.0,32.72
4,8,5,0,,,,1.0694166,0.0,0.0,0.0,59.43
4,9,5,0,,,,1.8344,0.0,0.0,0.0,268.85
4,10,5,0,,,,2.7443,0.0,0.0,0.0,649.96
4,11,5,0,,,,3.2499,0.0,0.0,0.0,739.26
4,12,5,0,,,,3.2562666,0.0,0.0,0.0,764.3
4,13,5,0,,,,3.54,0.0,0.0,0.0,629.51
4,14,5,0,,,,3.3263333,0.0,0.0,0.0,337.06
4,15,5,0,,,,2.8541334,0.0,0.0,0.0,144.4
4,16,5,0,,,,2.1413667,0.0,0.0,0.0,89.5
4,17,5,0,,,,1.2053,0.0,0.0,0.0,68.51
4,18,5,0,,,,0.2711,0.0,0.0,0.0,103.23
4,19,5,0,,,,9.9999994e-08,0.0,0.0,0.0,9.76
4,20,5,0,,,,9.9999994e-08,0.0,0.0,0.0,0.0
4,21,5,0,,,,9.9999994e-08,0.0,0.0,0.0,0.0
4,22,5,0,,,,9.9999994e-08,0.0,0.0,0.0,0.0
4,23,5,0,,,,9.9999994e-08,0.0,0.0,0.0,0.0
4,24,5,0,,,,9.9999994e-08,0.0,0.0,0.0,0.0
4,1,6,0,,,,9.9999994e-08,0.0,0.0,0.0,0.0
4,2,6,0,,,,9.9999994e-08,0.0,0.0,0.0,0.0
4,3,6,0,,,,9.9999994e-08,0.0,0.0,0.0,0.0
4,4,6,0,,,,9.9999994e-08,0.0,0.0,0.0,0.0
4,5,6,0,,,,9.9999994e-08,0.0,0.0,0.0,0.0
4,6,6,0,,,,9.9999994e-08,0.0,0.0,0.0,0.0
4,7,6,0,,,,0.04323339,0.0,0.0,0.0,46.06
4,8,6,0,,,,1.02935,0.0,0.0,0.0,24.62
4,9,6,0,,,,2.0117,0.0,0.0,0.0,89.43
4,10,6,0,,,,2.68675,0.0,0.0,0.0,211.65
4,11,6,0,,,,3.1515167,0.0,0.0,0.0,187.7
4,12,6,0,,,,3.3876,0.0,0.0,0.0,152.87
4,13,6,0,,,,3.4284334,0.0,0.0,0.0,177.38
4,14,6,0,,,,3.2574334,0.0,0.0,0.0,441.59
4,15,6,0,,,,2.7778666,0.0,0.0,0.0,174.55
4,16,6,0,,,,2.1006167,0.0,0.0,0.0,105.58
4,17,6,0,,,,1.2279,0.0,0.0,0.0,37.32
4,18,6,0,,,,0.28458336,0.0,0.0,0.0,7.6
4,19,6,0,,,,9.9999994e-08,0.0,0.0,0.0,0.2
4,20,6,0,,,,9.9999994e-08,0.0,0.0,0.0,0.0
4,21,6,0,,,,9.9999994e-08,0.0,0.0,0.0,0.0
4,22,6,0,,,,9.9999994e-08,0.0,0.0,0.0,0.0
4,23,6,0,,,,9.9999994e-08,0.0,0.0,0.0,0.0
4,24,6,0,,,,9.9999994e-08,0.0,0.0,0.0,0.0
4,1,7,0,,,,9.9999994e-08,0.0,0.0,0.0,0.0
4,2,7,0,,,,9.9999994e-08,0.0,0.0,0.0,0.0
4,3,7,0,,,,9.9999994e-08,0.0,0.0,0.0,0.0
4,4,7,0,,,,9.9999994e-08,0.0,0.0,0.0,0.0
4,5,7,0,,,,9.9999994e-08,0.0,0.0,0.0,0.0
4,6,7,0,,,,9.833333e-08,0.0,0.0,0.0,0.0
4,7,7,0,,,,0.32021666,0.0,0.0,0.0,2.07
4,8,7,0,,,,1.0526333,0.0,0.0,0.0,10.11
4,9,7,0,,,,1.7192,0.0,0.0,0.0,45.8
4,10,7,0,,,,2.5183,0.0,0.0,0.0,64.54
4,11,7,0,,,,3.2210834,0.0,0.0,0.0,94.24
4,12,7,0,,,,3.4313166,0.0,0.0,0.0,179.34
4,13,7,0,,,,3.4404333,0.0,0.0,0.0,108.64
4,14,7,0,,,,3.11785,0.0,0.0,0.0,89.82
4,15,7,0,,,,2.8570333,0.0,0.0,0.0,76.03
4,16,7,0,,,,2.0495334,0.0,0.0,0.0,55.42
4,17,7,0,,,,0.99441665,0.0,0.0,0.0,42.28
4,18,7,0,,,,0.3064167,0.0,0.0,0.0,13.91
4,19,7,0,,,,9.9999994e-08,0.0,0.0,0.0,1.74
4,20,7,0,,,,9.9999994e-08,0.0,0.0,0.0,0.0
4,21,7,0,,,,9.9999994e-08,0.0,0.0,0.0,0.0
4,22,7,0,,,,9.9999994e-08,0.0,0.0,0.0,0.0
4,23,7,0,,,,9.9999994e-08,0.0,0.0,0.0,0.0
4,24,7,0,,,,9.9999994e-08,0.0,0.0,0.0,0.0
4,1,1,0,,,,9.9999994e-08,0.0,0.0,0.0,0.0
4,2,1,0,,,,9.9999994e-08,0.0,0.0,0.0,0.0
4,3,1,0,,,,9.9999994e-08,0.0,0.0,0.0,0.0
4,4,1,0,,,,9.9999994e-08,0.0,0.0,0.0,0.0
4,5,1,0,,,,9.9999994e-08,0.0,0.0,0.0,0.0
4,6,1,0,,,,0.0012000867,0.0,0.0,0.0,0.0
4,7,1,0,,,,0.22321667,0.0,0.0,0.0,5.85
4,8,1,0,,,,1.0528333,0.0,0.0,0.0,32.94
4,9,1,0,,,,1.84525,0.0,0.0,0.0,122.89
4,10,1,0,,,,2.4643,0.0,0.0,0.0,191.13
4,11,1,0,,,,3.06365,0.0,0.0,0.0,203.63
4,12,1,0,,,,3.0631,0.0,0.0,0.0,187.22
4,13,1,0,,,,3.4926,0.0,0.0,0.0,413.23
4,14,1,0,,,,2.7906666,0.0,0.0,0.0,624.65
4,15,1,0,,,,2.77015,0.0,0.0,0.0,448.56
4,16,1,0,,,,2.0427167,0.0,0.0,0.0,218.17
4,17,1,0,,,,0.92478335,0.0,0.0,0.0,305.46
4,18,1,0,,,,0.1822834,0.0,0.0,0.0,130.64
4,19,1,0,,,,9.9999994e-08,0.0,0.0,0.0,13.71
4,20,1,0,,,,9.9999994e-08,0.0,0.0,0.0,0.0
4,21,1,0,,,,9.9999994e-08,0.0,0.0,0.0,0.0
4,22,1,0,,,,9.9999994e-08,0.0,0.0,0.0,0.0
4,23,1,0,,,,9.9999994e-08,0.0,0.0,0.0,0.0
4,24,1,0,,,,9.9999994e-08,0.0,0.0,0.0,0.0
4,1,2,0,,,,9.9999994e-08,0.0,0.0,0.0,0.0
4,2,2,0,,,,9.9999994e-08,0.0,0.0,0.0,0.0
4,3,2,0,,,,9.9999994e-08,0.0,0.0,0.0,0.0
4,4,2,0,,,,9.9999994e-08,0.0,0.0,0.0,0.0
4,5,2,0,,,,9.9999994e-08,0.0,0.0,0.0,0.0
4,6,2,0,,,,9.9999994e-08,0.0,0.0,0.0,0.0
4,7,2,0,,,,0.0179834,0.0,0.0,0.0,54.14
4,8,2,0,,,,0.10563334,0.0,0.0,0.0,258.69
4,9,2,0,,,,0.18903333,0.0,0.0,0.0,469.81
4,10,2,0,,,,0.91101664,0.0,0.0,0.0,612.65
4,11,2,0,,,,1.08325,0.0,0.0,0.0,696.62
4,12,2,0,,,,1.9790666,0.0,0.0,0.0,792.14
4,13,2,0,,,,3.1985,0.0,0.0,0.0,705.66
4,14,2,0,,,,1.8388833,0.0,0.0,0.0,710.65
4,15,2,0,,,,1.3640333,0.0,0.0,0.0,513.5
4,16,2,0,,,,0.43841666,0.0,0.0,0.0,541.57
4,17,2,0,,,,0.11210002,0.0,0.0,0.0,314.15
4,18,2,0,,,,0.00061675167,0.0,0.0,0.0,90.23
4,19,2,0,,,,9.9999994e-08,0.0,0.0,0.0,16.86
4,20,2,0,,,,9.9999994e-08,0.0,0.0,0.0,0.0
4,21,2,0,,,,9.9999994e-08,0.0,0.0,0.0,0.0
4,22,2,0,,,,9.9999994e-08,0.0,0.0,0.0,0.0
4,23,2,0,,,,9.9999994e-08,0.0,0.0,0.0,0.0
4,24,2,0,,,,9.9999994e-08,0.0,0.0,0.0,0.0
4,1,3,0,,,,9.9999994e-08,0.0,0.0,0.0,0.0
4,2,3,0,,,,9.9999994e-08,0.0,0.0,0.0,0.0
4,3,3,0,,,,9.9999994e-08,0.0,0.0,0.0,0.0
4,4,3,0,,,,9.9999994e-08,0.0,0.0,0.0,0.0
4,5,3,0,,,,9.9999994e-08,0.0,0.0,0.0,0.0
4,6,3,0,,,,9.9999994e-08,0.0,0.0,0.0,0.0
4,7,3,0,,,,0.2242667,0.0,0.0,0.0,45.29
4,8,3,0,,,,1.1527333,0.0,0.0,0.0,210.53
4,9,3,0,,,,2.0556667,0.0,0.0,0.0,427.43
4,10,3,0,,,,2.7524834,0.0,0.0,0.0,619.94
4,11,3,0,,,,3.2142112,0.0,0.0,0.0,637.07
4,12,3,0,,,,3.4857166,0.0,0.0,0.0,137.22
4,13,3,0,,,,3.4916,0.0,0.0,0.0,54.39
4,14,3,0,,,,3.2619,0.0,0.0,0.0,342.79
4,15,3,0,,,,2.6910834,0.0,0.0,0.0,121.34
4,16,3,0,,,,1.9036666,0.0,0.0,0.0,49.77
4,17,3,0,,,,1.1559833,0.0,0.0,0.0,238.44
4,18,3,0,,,,0.24643335,0.0,0.0,0.0,124.69
4,19,3,0,,,,9.9999994e-08,0.0,0.0,0.0,17.71
4,20,3,0,,,,9.9999994e-08,0.0,0.0,0.0,0.0
4,21,3,0,,,,9.9999994e-08,0.0,0.0,0.0,0.0
4,22,3,0,,,,9.9999994e-08,0.0,0.0,0.0,0.0
4,23,3,0,,,,9.9999994e-08,0.0,0.0,0.0,0.0
4,24,3,0,,,,9.9999994e-08,0.0,0.0,0.0,0.0
4,1,4,0,,,,9.9999994e-08,0.0,0.0,0.0,0.0
4,2,4,0,,,,9.9999994e-08,0.0,0.0,0.0,0.0
4,3,4,0,,,,9.9999994e-08,0.0,0.0,0.0,0.0
4,4,4,0,,,,9.9999994e-08,0.0,0.0,0.0,0.0
4,5,4,0,,,,9.9999994e-08,0.0,0.0,0.0,0.0
4,6,4,0,,,,9.9999994e-08,0.0,0.0,0.0,0.0
4,7,4,0,,,,0.21593335,0.0,0.0,0.0,55.57
4,8,4,0,,,,1.1438667,0.0,0.0,0.0,243.04
4,9,4,0,,,,2.0418832,0.0,0.0,0.0,457.12
4,10,4,0,,,,2.7064166,0.0,0.0,0.0,627.13
4,11,4,0,,,,3.1585667,0.0,0.0,0.0,714.44
4,12,4,0,,,,3.2205667,0.0,0.0,0.0,798.42
4,13,4,0,,,,3.4760666,0.0,0.0,0.0,634.57
4,14,4,0,,,,3.2048,0.0,0.0,0.0,710.63
4,15,4,0,,,,2.7671168,0.0,0.0,0.0,609.81
4,16,4,0,,,,2.0685833,0.0,0.0,0.0,545.51
4,17,4,0,,,,1.1996167,0.0,0.0,0.0,357.88
4,18,4,0,,,,0.27576667,0.0,0.0,0.0,136.42
4,19,4,0,,,,9.9999994e-08,0.0,0.0,0.0,16.85
4,20,4,0,,,,9.9999994e-08,0.0,0.0,0.0,0.0
4,21,4,0,,,,9.9999994e-08,0.0,0.0,0.0,0.0
4,22,4,0,,,,9.9999994e-08,0.0,0.0,0.0,0.0
4,23,4,0,,,,9.9999994e-08,0.0,0.0,0.0,0.0
4,24,4,0,,,,9.9999994e-08,0.0,0.0,0.0,0.0
4,1,5,0,,,,9.9999994e-08,0.0,0.0,0.0,0.0
4,2,5,0,,,,9.9999994e-08,0.0,0.0,0.0,0.0
4,3,5,0,,,,9.9999994e-08,0.0,0.0,0.0,0.0
4,4,5,0,,,,9.9999994e-08,0.0,0.0,0.0,0.0
4,5,5,0,,,,9.9999994e-08,0.0,0.0,0.0,0.0
4,6,5,0,,,,9.9999994e-08,0.0,0.0,0.0,0.0
4,7,5,0,,,,0.22373335,0.0,0.0,0.0,53.8
4,8,5,0,,,,1.1502666,0.0,0.0,0.0,222.57
4,9,5,0,,,,1.7958,0.0,0.0,0.0,431.21
4,10,5,0,,,,2.7961,0.0,0.0,0.0,585.89
4,11,5,0,,,,3.27235,0.0,0.0,0.0,617.86
4,12,5,0,,,,3.4913666,0.0,0.0,0.0,702.76
4,13,5,0,,,,3.4718666,0.0,0.0,0.0,796.32
4,14,5,0,,,,3.2230833,0.0,0.0,0.0,741.77
4,15,5,0,,,,2.7628667,0.0,0.0,0.0,585.19
4,16,5,0,,,,2.1083167,0.0,0.0,0.0,533.3
4,17,5,0,,,,1.2349,0.0,0.0,0.0,212.51
4,18,5,0,,,,0.32148334,0.0,0.0,0.0,145.5
4,19,5,0,,,,9.9999994e-08,0.0,0.0,0.0,16.2
4,20,5,0,,,,9.9999994e-08,0.0,0.0,0.0,0.0
4,21,5,0,,,,9.9999994e-08,0.0,0.0,0.0,0.0
4,22,5,0,,,,9.9999994e-08,0.0,0.0,0.0,0.0
4,23,5,0,,,,9.9999994e-08,0.0,0.0,0.0,0.0
4,24,5,0,,,,9.9999994e-08,0.0,0.0,0.0,0.0
4,1,6,0,,,,9.9999994e-08,0.0,0.0,0.0,0.0
4,2,6,0,,,,9.9999994e-08,0.0,0.0,0.0,0.0
4,3,6,0,,,,9.833333e-08,0.0,0.0,0.0,0.0
4,4,6,0,,,,9.9999994e-08,0.0,0.0,0.0,0.0
4,5,6,0,,,,9.9999994e-08,0.0,0.0,0.0,0.0
4,6,6,0,,,,9.9999994e-08,0.0,0.0,0.0,0.0
4,7,6,0,,,,0.2603667,0.0,0.0,0.0,61.9
4,8,6,0,,,,1.1656166,0.0,0.0,0.0,265.71
4,9,6,0,,,,1.7580167,0.0,0.0,0.0,473.47
4,10,6,0,,,,2.5791833,0.0,0.0,0.0,640.4
4,11,6,0,,,,3.0520334,0.0,0.0,0.0,757.94
4,12,6,0,,,,3.2389166,0.0,0.0,0.0,551.44
4,13,6,0,,,,3.35585,0.0,0.0,0.0,576.68
4,14,6,0,,,,3.17255,0.0,0.0,0.0,398.5
4,15,6,0,,,,2.7529666,0.0,0.0,0.0,618.83
4,16,6,0,,,,2.0971167,0.0,0.0,0.0,366.37
4,17,6,0,,,,1.1950333,0.0,0.0,0.0,280.53
4,18,6,0,,,,0.28730002,0.0,0.0,0.0,122.53
4,19,6,0,,,,9.9999994e-08,0.0,0.0,0.0,16.11
4,20,6,0,,,,9.9999994e-08,0.0,0.0,0.0,0.0
4,21,6,0,,,,9.9999994e-08,0.0,0.0,0.0,0.0
4,22,6,0,,,,9.9999994e-08,0.0,0.0,0.0,0.0
4,23,6,0,,,,9.9999994e-08,0.0,0.0,0.0,0.0
4,24,6,0,,,,9.9999994e-08,0.0,0.0,0.0,0.0
4,1,7,0,,,,9.9999994e-08,0.0,0.0,0.0,0.0
4,2,7,0,,,,9.9999994e-08,0.0,0.0,0.0,0.0
4,3,7,0,,,,9.9999994e-08,0.0,0.0,0.0,0.0
4,4,7,0,,,,9.9999994e-08,0.0,0.0,0.0,0.0
4,5,7,0,,,,9.9999994e-08,0.0,0.0,0.0,0.0
4,6,7,0,,,,0.007191762,0.0,0.0,0.0,0.0
4,7,7,0,,,,0.20006672,0.0,0.0,0.0,55.58
4,8,7,0,,,,1.11815,0.0,0.0,0.0,217.76
4,9,7,0,,,,1.9590167,0.0,0.0,0.0,394.77
4,10,7,0,,,,2.6103168,0.0,0.0,0.0,571.66
4,11,7,0,,,,3.1002333,0.0,0.0,0.0,689.41
4,12,7,0,,,,3.3791168,0.0,0.0,0.0,723.52
4,13,7,0,,,,3.45375,0.0,0.0,0.0,775.8
4,14,7,0,,,,3.28345,0.0,0.0,0.0,617.37
4,15,7,0,,,,2.7993166,0.0,0.0,0.0,394.0
4,16,7,0,,,,2.0435834,0.0,0.0,0.0,534.12
4,17,7,0,,,,1.21545,0.0,0.0,0.0,365.19
4,18,7,0,,,,0.3025,0.0,0.0,0.0,149.93
4,19,7,0,,,,9.9999994e-08,0.0,0.0,0.0,20.35
4,20,7,0,,,,9.9999994e-08,0.0,0.0,0.0,0.0
4,21,7,0,,,,9.9999994e-08,0.0,0.0,0.0,0.0
4,22,7,0,,,,9.9999994e-08,0.0,0.0,0.0,0.0
4,23,7,0,,,,9.9999994e-08,0.0,0.0,0.0,0.0
4,24,7,0,,,,9.9999994e-08,0.0,0.0,0.0,0.0
4,1,1,0,,,,9.9999994e-08,0.0,0.0,0.0,0.0
4,2,1,0,,,,9.9999994e-08,0.0,0.0,0.0,0.0
4,3,1,0,,,,9.9999994e-08,0.0,0.0,0.0,0.0
4,4,1,0,,,,9.9999994e-08,0.0,0.0,0.0,0.0
4,5,1,0,,,,9.9999994e-08,0.0,0.0,0.0,0.0
4,6,1,0,,,,9.9999994e-08,0.0,0.0,0.0,0.0
4,7,1,0,,,,0.030783387,0.0,0.0,0.0,62.34
4,8,1,0,,,,0.038350046,0.0,0.0,0.0,243.11
4,9,1,0,,,,0.47625,0.0,0.0,0.0,438.35
4,10,1,0,,,,1.0060084,0.0,0.0,0.0,600.14
4,11,1,0,,,,1.0535834,0.0,0.0,0.0,720.51
4,12,1,0,,,,0.97995836,0.0,0.0,0.0,799.21
4,13,1,0,,,,1.2665833,0.0,0.0,0.0,818.9
4,14,1,0,,,,1.2520833,0.0,0.0,0.0,786.78
4,15,1,0,,,,0.84525,0.0,0.0,0.0,709.55
4,16,1,0,,,,0.2482,0.0,0.0,0.0,565.65
4,17,1,0,,,,0.21988334,0.0,0.0,0.0,372.96
4,18,1,0,,,,0.077500045,0.0,0.0,0.0,152.64
4,19,1,0,,,,9.9999994e-08,0.0,0.0,0.0,23.39
4,20,1,0,,,,9.9999994e-08,0.0,0.0,0.0,0.0
4,21,1,0,,,,9.9999994e-08,0.0,0.0,0.0,0.0
4,22,1,0,,,,9.9999994e-08,0.0,0.0,0.0,0.0
4,23,1,0,,,,9.9999994e-08,0.0,0.0,0.0,0.0
4,24,1,0,,,,9.9999994e-08,0.0,0.0,0.0,0.0
4,1,2,0,,,,9.9999994e-08,0.0,0.0,0.0,0.0
4,2,2,0,,,,9.9999994e-08,0.0,0.0,0.0,0.0
4,3,2,0,,,,9.9999994e-08,0.0,0.0,0.0,0.0
4,4,2,0,,,,9.9999994e-08,0.0,0.0,0.0,0.0
4,5,2,0,,,,9.9999994e-08,0.0,0.0,0.0,0.0
4,6,2,0,,,,3.343167e-05,0.0,0.0,0.0,0.0
4,7,2,0,,,,0.21726666,0.0,0.0,0.0,66.63
4,8,2,0,,,,0.50423336,0.0,0.0,0.0,251.56
4,9,2,0,,,,1.4315833,0.0,0.0,0.0,440.94
4,10,2,0,,,,1.6919833,0.0,0.0,0.0,607.11
4,11,2,0,,,,2.8648667,0.0,0.0,0.0,707.9
4,12,2,0,,,,1.92955,0.0,0.0,0.0,788.7
4,13,2,0,,,,2.0834668,0.0,0.0,0.0,805.69
4,14,2,0,,,,2.4586,0.0,0.0,0.0,684.04
4,15,2,0,,,,2.0629334,0.0,0.0,0.0,702.37
4,16,2,0,,,,1.7118666,0.0,0.0,0.0,549.05
4,17,2,0,,,,0.8573,0.0,0.0,0.0,364.97
4,18,2,0,,,,0.25235,0.0,0.0,0.0,137.51
4,19,2,0,,,,9.9999994e-08,0.0,0.0,0.0,24.18
4,20,2,0,,,,9.9999994e-08,0.0,0.0,0.0,0.0
4,21,2,0,,,,9.9999994e-08,0.0,0.0,0.0,0.0
4,22,2,0,,,,9.9999994e-08,0.0,0.0,0.0,0.0
4,23,2,0,,,,9.9999994e-08,0.0,0.0,0.0,0.0
4,24,2,0,,,,9.9999994e-08,0.0,0.0,0.0,0.0
4,1,3,0,,,,9.9999994e-08,0.0,0.0,0.0,0.0
4,2,3,0,,,,9.9999994e-08,0.0,0.0,0.0,0.0
4,3,3,0,,,,9.9999994e-08,0.0,0.0,0.0,0.0
4,4,3,0,,,,9.9999994e-08,0.0,0.0,0.0,0.0
4,5,3,0,,,,9.9999994e-08,0.0,0.0,0.0,0.0
4,6,3,0,,,,0.00266675,0.0,0.0,0.0,0.0
4,7,3,0,,,,0.26648334,0.0,0.0,0.0,68.45
4,8,3,0,,,,0.66581666,0.0,0.0,0.0,265.24
4,9,3,0,,,,0.90828335,0.0,0.0,0.0,464.2
4,10,3,0,,,,1.4606333,0.0,0.0,0.0,624.23
4,11,3,0,,,,2.57735,0.0,0.0,0.0,747.24
4,12,3,0,,,,3.1830666,0.0,0.0,0.0,816.68
4,13,3,0,,,,3.1792417,0.0,0.0,0.0,830.87
4,14,3,0,,,,1.7488,0.0,0.0,0.0,792.12
4,15,3,0,,,,1.70015,0.0,0.0,0.0,707.49
4,16,3,0,,,,0.7927,0.0,0.0,0.0,560.37
4,17,3,0,,,,0.18693334,0.0,0.0,0.0,367.48
4,18,3,0,,,,0.13481666,0.0,0.0,0.0,151.51
4,19,3,0,,,,9.9999994e-08,0.0,0.0,0.0,15.77
4,20,3,0,,,,9.9999994e-08,0.0,0.0,0.0,0.0
4,21,3,0,,,,9.9999994e-08,0.0,0.0,0.0,0.0
4,22,3,0,,,,9.9999994e-08,0.0,0.0,0.0,0.0
4,23,3,0,,,,9.9999994e-08,0.0,0.0,0.0,0.0
4,24,3,0,,,,9.9999994e-08,0.0,0.0,0.0,0.0
4,1,4,0,,,,9.9999994e-08,0.0,0.0,0.0,0.0
4,2,4,0,,,,9.9999994e-08,0.0,0.0,0.0,0.0
4,3,4,0,,,,9.9999994e-08,0.0,0.0,0.0,0.0
4,4,4,0,,,,9.9999994e-08,0.0,0.0,0.0,0.0
4,5,4,0,,,,9.9999994e-08,0.0,0.0,0.0,0.0
4,6,4,0,,,,9.9999994e-08,0.0,0.0,0.0,0.18
4,7,4,0,,,,0.21986666,0.0,0.0,0.0,68.85
4,8,4,0,,,,1.0495666,0.0,0.0,0.0,187.68
4,9,4,0,,,,1.83885,0.0,0.0,0.0,391.85
4,10,4,0,,,,2.3132167,0.0,0.0,0.0,191.3
4,11,4,0,,,,2.9268334,0.0,0.0,0.0,533.97
4,12,4,0,,,,2.8529334,0.0,0.0,0.0,770.5
4,13,4,0,,,,2.6939833,0.0,0.0,0.0,750.9
4,14,4,0,,,,2.40225,0.0,0.0,0.0,771.53
4,15,4,0,,,,1.2935333,0.0,0.0,0.0,685.49
4,16,4,0,,,,1.9201334,0.0,0.0,0.0,546.97
4,17,4,0,,,,0.800275,0.0,0.0,0.0,358.43
4,18,4,0,,,,0.16025002,0.0,0.0,0.0,147.95
4,19,4,0,,,,9.9999994e-08,0.0,0.0,0.0,16.6
4,20,4,0,,,,9.9999994e-08,0.0,0.0,0.0,0.0
4,21,4,0,,,,9.9999994e-08,0.0,0.0,0.0,0.0
4,22,4,0,,,,9.9999994e-08,0.0,0.0,0.0,0.0
4,23,4,0,,,,9.9999994e-08,0.0,0.0,0.0,0.0
4,24,4,0,,,,9.9999994e-08,0.0,0.0,0.0,0.0
4,1,5,0,,,,9.9999994e-08,0.0,0.0,0.0,0.0
4,2,5,0,,,,9.9999994e-08,0.0,0.0,0.0,0.0
4,3,5,0,,,,9.9999994e-08,0.0,0.0,0.0,0.0
4,4,5,0,,,,9.9999994e-08,0.0,0.0,0.0,0.0
4,5,5,0,,,,9.9999994e-08,0.0,0.0,0.0,0.0
4,6,5,0,,,,0.0011667616,0.0,0.0,0.0,0.0
4,7,5,0,,,,0.33581668,0.0,0.0,0.0,31.86
4,8,5,0,,,,0.9809667,0.0,0.0,0.0,224.33
4,9,5,0,,,,2.0578666,0.0,0.0,0.0,418.9
4,10,5,0,,,,2.7643332,0.0,0.0,0.0,378.3
4,11,5,0,,,,3.2431333,0.0,0.0,0.0,168.64
4,12,5,0,,,,3.4926333,0.0,0.0,0.0,162.0
4,13,5,0,,,,3.4356,0.0,0.0,0.0,79.62
4,14,5,0,,,,2.9058666,0.0,0.0,0.0,50.36
4,15,5,0,,,,2.6718667,0.0,0.0,0.0,48.82
4,16,5,0,,,,2.0383666,0.0,0.0,0.0,309.75
4,17,5,0,,,,1.1593833,0.0,0.0,0.0,231.84
4,18,5,0,,,,0.32723334,0.0,0.0,0.0,144.89
4,19,5,0,,,,9.9999994e-08,0.0,0.0,0.0,8.25
4,20,5,0,,,,9.9999994e-08,0.0,0.0,0.0,0.0
4,21,5,0,,,,9.9999994e-08,0.0,0.0,0.0,0.0
4,22,5,0,,,,9.9999994e-08,0.0,0.0,0.0,0.0
4,23,5,0,,,,9.9999994e-08,0.0,0.0,0.0,0.0
4,24,5,0,,,,9.9999994e-08,0.0,0.0,0.0,0.0
4,1,6,0,,,,9.9999994e-08,0.0,0.0,0.0,0.0
4,2,6,0,,,,9.9999994e-08,0.0,0.0,0.0,0.0
4,3,6,0,,,,9.9999994e-08,0.0,0.0,0.0,0.0
4,4,6,0,,,,9.9999994e-08,0.0,0.0,0.0,0.0
4,5,6,0,,,,9.9999994e-08,0.0,0.0,0.0,0.0
4,6,6,0,,,,9.9999994e-08,0.0,0.0,0.0,0.0
4,7,6,0,,,,0.28473336,0.0,0.0,0.0,7.94
4,8,6,0,,,,1.2493167,0.0,0.0,0.0,148.13
4,9,6,0,,,,2.1534834,0.0,0.0,0.0,89.55
4,10,6,0,,,,2.79955,0.0,0.0,0.0,130.51
4,11,6,0,,,,3.1218667,0.0,0.0,0.0,138.49
4,12,6,0,,,,3.5635667,0.0,0.0,0.0,97.82
4,13,6,0,,,,3.56085,0.0,0.0,0.0,74.84
4,14,6,0,,,,3.34935,0.0,0.0,0.0,64.71
4,15,6,0,,,,2.8872666,0.0,0.0,0.0,48.41
4,16,6,0,,,,2.2086666,0.0,0.0,0.0,80.36
4,17,6,0,,,,1.3350667,0.0,0.0,0.0,87.48
4,18,6,0,,,,0.37998334,0.0,0.0,0.0,38.57
4,19,6,0,,,,9.9999994e-08,0.0,0.0,0.0,1.09
4,20,6,0,,,,9.9999994e-08,0.0,0.0,0.0,0.0
4,21,6,0,,,,9.9999994e-08,0.0,0.0,0.0,0.0
4,22,6,0,,,,9.9999994e-08,0.0,0.0,0.0,0.0
4,23,6,0,,,,9.9999994e-08,0.0,0.0,0.0,0.0
4,24,6,0,,,,9.9999994e-08,0.0,0.0,0.0,0.0
4,1,7,0,,,,9.9999994e-08,0.0,0.0,0.0,0.0
4,2,7,0,,,,9.9999994e-08,0.0,0.0,0.0,0.0
4,3,7,0,,,,9.9999994e-08,0.0,0.0,0.0,0.0
4,4,7,0,,,,9.9999994e-08,0.0,0.0,0.0,0.0
4,5,7,0,,,,9.9999994e-08,0.0,0.0,0.0,0.0
4,6,7,0,,,,9.9999994e-08,0.0,0.0,0.0,0.0
4,7,7,0,,,,0.10385003,0.0,0.0,0.0,4.68
4,8,7,0,,,,1.1446834,0.0,0.0,0.0,15.41
4,9,7,0,,,,2.0495667,0.0,0.0,0.0,67.06
4,10,7,0,,,,2.7103167,0.0,0.0,0.0,72.46
4,11,7,0,,,,3.1431668,0.0,0.0,0.0,129.81
4,12,7,0,,,,3.3744333,0.0,0.0,0.0,162.93
4,13,7,0,,,,3.4493833,0.0,0.0,0.0,121.98
4,14,7,0,,,,3.2603667,0.0,0.0,0.0,82.2
4,15,7,0,,,,2.8361,0.0,0.0,0.0,84.43
4,16,7,0,,,,2.1851833,0.0,0.0,0.0,72.46
4,17,7,0,,,,1.3218167,0.0,0.0,0.0,63.01
4,18,7,0,,,,0.39008334,0.0,0.0,0.0,63.61
4,19,7,0,,,,9.833333e-08,0.0,0.0,0.0,22.62
4,20,7,0,,,,9.9999994e-08,0.0,0.0,0.0,0.0
4,21,7,0,,,,9.9999994e-08,0.0,0.0,0.0,0.0
4,22,7,0,,,,9.9999994e-08,0.0,0.0,0.0,0.0
4,23,7,0,,,,9.9999994e-08,0.0,0.0,0.0,0.0
4,24,7,0,,,,9.9999994e-08,0.0,0.0,0.0,0.0
5,1,1,0,,,,9.9999994e-08,0.0,0.0,0.0,0.0
5,2,1,0,,,,9.9999994e-08,0.0,0.0,0.0,0.0
5,3,1,0,,,,9.9999994e-08,0.0,0.0,0.0,0.0
5,4,1,0,,,,9.9999994e-08,0.0,0.0,0.0,0.0
5,5,1,0,,,,9.9999994e-08,0.0,0.0,0.0,0.0
5,6,1,0,,,,9.9999994e-08,0.0,0.0,0.0,0.0
5,7,1,0,,,,0.28320003,0.0,0.0,0.0,5.26
5,8,1,0,,,,1.1929166,0.0,0.0,0.0,14.79
5,9,1,0,,,,2.0146666,0.0,0.0,0.0,29.15
5,10,1,0,,,,2.6670666,0.0,0.0,0.0,55.34
5,11,1,0,,,,3.0903168,0.0,0.0,0.0,90.68
5,12,1,0,,,,3.3356833,0.0,0.0,0.0,106.93
5,13,1,0,,,,3.41325,0.0,0.0,0.0,50.13
5,14,1,0,,,,3.2153,0.0,0.0,0.0,68.85
5,15,1,0,,,,2.7761667,0.0,0.0,0.0,63.79
5,16,1,0,,,,2.1288,0.0,0.0,0.0,54.97
5,17,1,0,,,,1.2862667,0.0,0.0,0.0,50.15
5,18,1,0,,,,0.3667,0.0,0.0,0.0,29.04
5,19,1,0,,,,9.9999994e-08,0.0,0.0,0.0,23.81
5,20,1,0,,,,9.9999994e-08,0.0,0.0,0.0,0.0
5,21,1,0,,,,9.9999994e-08,0.0,0.0,0.0,0.0
5,22,1,0,,,,9.9999994e-08,0.0,0.0,0.0,0.0
5,23,1,0,,,,9.9999994e-08,0.0,0.0,0.0,0.0
5,24,1,0,,,,9.9999994e-08,0.0,0.0,0.0,0.0
5,1,2,0,,,,9.9999994e-08,0.0,0.0,0.0,0.0
5,2,2,0,,,,9.9999994e-08,0.0,0.0,0.0,0.0
5,3,2,0,,,,9.9999994e-08,0.0,0.0,0.0,0.0
5,4,2,0,,,,9.9999994e-08,0.0,0.0,0.0,0.0
5,5,2,0,,,,9.9999994e-08,0.0,0.0,0.0,0.0
5,6,2,0,,,,9.9999994e-08,0.0,0.0,0.0,0.0
5,7,2,0,,,,0.27648336,0.0,0.0,0.0,8.81
5,8,2,0,,,,1.163,0.0,0.0,0.0,23.8
5,9,2,0,,,,1.9763334,0.0,0.0,0.0,69.33
5,10,2,0,,,,2.6196666,0.0,0.0,0.0,347.18
5,11,2,0,,,,2.8875,0.0,0.0,0.0,208.88
5,12,2,0,,,,3.31195,0.0,0.0,0.0,678.8
5,13,2,0,,,,3.3883166,0.0,0.0,0.0,858.65
5,14,2,0,,,,3.1835,0.0,0.0,0.0,807.12
5,15,2,0,,,,2.7482166,0.0,0.0,0.0,669.32
5,16,2,0,,,,2.103,0.0,0.0,0.0,403.2
5,17,2,0,,,,1.26,0.0,0.0,0.0,231.07
5,18,2,0,,,,0.34501666,0.0,0.0,0.0,155.38
5,19,2,0,,,,9.9999994e-08,0.0,0.0,0.0,31.72
5,20,2,0,,,,9.9999994e-08,0.0,0.0,0.0,0.0
5,21,2,0,,,,9.9999994e-08,0.0,0.0,0.0,0.0
5,22,2,0,,,,9.9999994e-08,0.0,0.0,0.0,0.0
5,23,2,0,,,,9.9999994e-08,0.0,0.0,0.0,0.0
5,24,2,0,,,,9.9999994e-08,0.0,0.0,0.0,0.0
5,1,3,0,,,,9.9999994e-08,0.0,0.0,0.0,0.0
5,2,3,0,,,,9.9999994e-08,0.0,0.0,0.0,0.0
5,3,3,0,,,,9.833333e-08,0.0,0.0,0.0,0.0
5,4,3,0,,,,9.9999994e-08,0.0,0.0,0.0,0.0
5,5,3,0,,,,9.9999994e-08,0.0,0.0,0.0,0.0
5,6,3,0,,,,9.9999994e-08,0.0,0.0,0.0,1.32
5,7,3,0,,,,0.31206667,0.0,0.0,0.0,77.38
5,8,3,0,,,,1.1283667,0.0,0.0,0.0,273.11
5,9,3,0,,,,1.9486333,0.0,0.0,0.0,487.09
5,10,3,0,,,,2.5534334,0.0,0.0,0.0,638.27
5,11,3,0,,,,3.0243,0.0,0.0,0.0,753.5
5,12,3,0,,,,3.2778833,0.0,0.0,0.0,773.6
5,13,3,0,,,,3.3144166,0.0,0.0,0.0,357.39
5,14,3,0,,,,3.12595,0.0,0.0,0.0,95.51
5,15,3,0,,,,2.6999333,0.0,0.0,0.0,700.64
5,16,3,0,,,,2.0404334,0.0,0.0,0.0,474.4
5,17,3,0,,,,1.2247334,0.0,0.0,0.0,236.6
5,18,3,0,,,,0.347,0.0,0.0,0.0,17.72
5,19,3,0,,,,9.9999994e-08,0.0,0.0,0.0,29.71
5,20,3,0,,,,9.9999994e-08,0.0,0.0,0.0,0.0
5,21,3,0,,,,9.9999994e-08,0.0,0.0,0.0,0.0
5,22,3,0,,,,9.9999994e-08,0.0,0.0,0.0,0.0
5,23,3,0,,,,9.9999994e-08,0.0,0.0,0.0,0.0
5,24,3,0,,,,9.9999994e-08,0.0,0.0,0.0,0.0
5,1,4,0,,,,9.9999994e-08,0.0,0.0,0.0,0.0
5,2,4,0,,,,9.9999994e-08,0.0,0.0,0.0,0.0
5,3,4,0,,,,9.9999994e-08,0.0,0.0,0.0,0.0
5,4,4,0,,,,9.9999994e-08,0.0,0.0,0.0,0.0
5,5,4,0,,,,9.9999994e-08,0.0,0.0,0.0,0.0
5,6,4,0,,,,9.9999994e-08,0.0,0.0,0.0,0.0
5,7,4,0,,,,0.27080002,0.0,0.0,0.0,5.72
5,8,4,0,,,,1.1382,0.0,0.0,0.0,189.18
5,9,4,0,,,,1.91869,0.0,0.0,0.0,326.75
5,10,4,0,,,,2.5220332,0.0,0.0,0.0,123.92
5,11,4,0,,,,2.9462667,0.0,0.0,0.0,255.0
5,12,4,0,,,,3.23095,0.0,0.0,0.0,550.54
5,13,4,0,,,,3.2841666,0.0,0.0,0.0,123.52
5,14,4,0,,,,3.1219,0.0,0.0,0.0,257.4
5,15,4,0,,,,2.6838167,0.0,0.0,0.0,455.87
5,16,4,0,,,,2.0475166,0.0,0.0,0.0,510.6
5,17,4,0,,,,1.2376,0.0,0.0,0.0,327.89
5,18,4,0,,,,0.35333332,0.0,0.0,0.0,155.33
5,19,4,0,,,,6.6763336e-05,0.0,0.0,0.0,25.17
5,20,4,0,,,,9.9999994e-08,0.0,0.0,0.0,0.0
5,21,4,0,,,,9.9999994e-08,0.0,0.0,0.0,0.0
5,22,4,0,,,,9.9999994e-08,0.0,0.0,0.0,0.0
5,23,4,0,,,,9.9999994e-08,0.0,0.0,0.0,0.0
5,24,4,0,,,,9.9999994e-08,0.0,0.0,0.0,0.0
5,1,5,0,,,,9.9999994e-08,0.0,0.0,0.0,0.0
5,2,5,0,,,,9.9999994e-08,0.0,0.0,0.0,0.0
5,3,5,0,,,,9.9999994e-08,0.0,0.0,0.0,0.0
5,4,5,0,,,,9.9999994e-08,0.0,0.0,0.0,0.0
5,5,5,0,,,,9.9999994e-08,0.0,0.0,0.0,0.0
5,6,5,0,,,,9.9999994e-08,0.0,0.0,0.0,0.0
5,7,5,0,,,,0.106083356,0.0,0.0,0.0,43.32
5,8,5,0,,,,1.0667833,0.0,0.0,0.0,161.28
5,9,5,0,,,,1.9448833,0.0,0.0,0.0,452.88
5,10,5,0,,,,2.6980834,0.0,0.0,0.0,403.67
5,11,5,0,,,,2.9434333,0.0,0.0,0.0,494.86
5,12,5,0,,,,3.1113167,0.0,0.0,0.0,606.92
5,13,5,0,,,,3.05605,0.0,0.0,0.0,774.57
5,14,5,0,,,,2.99595,0.0,0.0,0.0,519.66
5,15,5,0,,,,1.8081666,0.0,0.0,0.0,355.41
5,16,5,0,,,,2.11355,0.0,0.0,0.0,365.91
5,17,5,0,,,,0.95498335,0.0,0.0,0.0,208.7
5,18,5,0,,,,0.40615,0.0,0.0,0.0,99.21
5,19,5,0,,,,0.0060667535,0.0,0.0,0.0,7.69
5,20,5,0,,,,9.9999994e-08,0.0,0.0,0.0,0.0
5,21,5,0,,,,9.9999994e-08,0.0,0.0,0.0,0.0
5,22,5,0,,,,9.9999994e-08,0.0,0.0,0.0,0.0
5,23,5,0,,,,9.9999994e-08,0.0,0.0,0.0,0.0
5,24,5,0,,,,9.9999994e-08,0.0,0.0,0.0,0.0
5,1,6,0,,,,9.9999994e-08,0.0,0.0,0.0,0.0
5,2,6,0,,,,9.9999994e-08,0.0,0.0,0.0,0.0
5,3,6,0,,,,9.9999994e-08,0.0,0.0,0.0,0.0
5,4,6,0,,,,9.9999994e-08,0.0,0.0,0.0,0.0
5,5,6,0,,,,9.9999994e-08,0.0,0.0,0.0,0.0
5,6,6,0,,,,9.9999994e-08,0.0,0.0,0.0,14.89
5,7,6,0,,,,0.012916753,0.0,0.0,0.0,5.58
5,8,6,0,,,,0.19505,0.0,0.0,0.0,18.87
5,9,6,0,,,,0.24048333,0.0,0.0,0.0,127.92
5,10,6,0,,,,0.07305004,0.0,0.0,0.0,100.1
5,11,6,0,,,,0.4466667,0.0,0.0,0.0,164.01
5,12,6,0,,,,1.14015,0.0,0.0,0.0,117.81
5,13,6,0,,,,0.47285,0.0,0.0,0.0,209.18
5,14,6,0,,,,0.3163,0.0,0.0,0.0,55.07
5,15,6,0,,,,0.10888336,0.0,0.0,0.0,43.67
5,16,6,0,,,,0.15938336,0.0,0.0,0.0,60.71
5,17,6,0,,,,0.11580004,0.0,0.0,0.0,133.54
5,18,6,0,,,,0.0051834183,0.0,0.0,0.0,29.59
5,19,6,0,,,,9.9999994e-08,0.0,0.0,0.0,33.85
5,20,6,0,,,,9.9999994e-08,0.0,0.0,0.0,0.0
5,21,6,0,,,,9.9999994e-08,0.0,0.0,0.0,0.0
5,22,6,0,,,,9.9999994e-08,0.0,0.0,0.0,0.0
5,23,6,0,,,,9.9999994e-08,0.0,0.0,0.0,0.0
5,24,6,0,,,,9.9999994e-08,0.0,0.0,0.0,0.0
5,1,7,0,,,,9.9999994e-08,0.0,0.0,0.0,0.0
5,2,7,0,,,,9.9999994e-08,0.0,0.0,0.0,0.0
5,3,7,0,,,,9.9999994e-08,0.0,0.0,0.0,0.0
5,4,7,0,,,,9.9999994e-08,0.0,0.0,0.0,0.0
5,5,7,0,,,,9.9999994e-08,0.0,0.0,0.0,0.0
5,6,7,0,,,,0.00143342,0.0,0.0,0.0,0.0
5,7,7,0,,,,0.16063334,0.0,0.0,0.0,23.14
5,8,7,0,,,,0.6092,0.0,0.0,0.0,150.5
5,9,7,0,,,,0.9809667,0.0,0.0,0.0,290.96
5,10,7,0,,,,1.5136334,0.0,0.0,0.0,300.74
5,11,7,0,,,,1.7693167,0.0,0.0,0.0,183.25
5,12,7,0,,,,1.68405,0.0,0.0,0.0,264.42
5,13,7,0,,,,1.6236334,0.0,0.0,0.0,487.87
5,14,7,0,,,,0.043633398,0.0,0.0,0.0,638.37
5,15,7,0,,,,2.14165,0.0,0.0,0.0,53.98
5,16,7,0,,,,1.39925,0.0,0.0,0.0,122.5
5,17,7,0,,,,0.42323333,0.0,0.0,0.0,116.59
5,18,7,0,,,,0.20503333,0.0,0.0,0.0,15.96
5,19,7,0,,,,9.9999994e-08,0.0,0.0,0.0,37.89
5,20,7,0,,,,9.9999994e-08,0.0,0.0,0.0,0.0
5,21,7,0,,,,9.9999994e-08,0.0,0.0,0.0,0.0
5,22,7,0,,,,9.9999994e-08,0.0,0.0,0.0,0.0
5,23,7,0,,,,9.9999994e-08,0.0,0.0,0.0,0.0
5,24,7,0,,,,9.9999994e-08,0.0,0.0,0.0,0.0
5,1,1,0,,,,9.9999994e-08,0.0,0.0,0.0,0.0
5,2,1,0,,,,9.9999994e-08,0.0,0.0,0.0,0.0
5,3,1,0,,,,9.9999994e-08,0.0,0.0,0.0,0.0
5,4,1,0,,,,9.9999994e-08,0.0,0.0,0.0,0.0
5,5,1,0,,,,9.9999994e-08,0.0,0.0,0.0,0.0
5,6,1,0,,,,9.9999994e-08,0.0,0.0,0.0,0.0
5,7,1,0,,,,0.33483332,0.0,0.0,0.0,6.34
5,8,1,0,,,,1.0569834,0.0,0.0,0.0,78.7
5,9,1,0,,,,1.2644833,0.0,0.0,0.0,67.47
5,10,1,0,,,,2.59715,0.0,0.0,0.0,95.75
5,11,1,0,,,,3.2296166,0.0,0.0,0.0,135.55
5,12,1,0,,,,3.4446833,0.0,0.0,0.0,136.02
5,13,1,0,,,,3.5160334,0.0,0.0,0.0,90.22
5,14,1,0,,,,3.27465,0.0,0.0,0.0,104.55
5,15,1,0,,,,2.7547667,0.0,0.0,0.0,79.64
5,16,1,0,,,,2.1027334,0.0,0.0,0.0,61.39
5,17,1,0,,,,1.1970667,0.0,0.0,0.0,40.53
5,18,1,0,,,,0.21301667,0.0,0.0,0.0,37.53
5,19,1,0,,,,9.9999994e-08,0.0,0.0,0.0,22.83
5,20,1,0,,,,9.9999994e-08,0.0,0.0,0.0,0.0
5,21,1,0,,,,9.9999994e-08,0.0,0.0,0.0,0.0
5,22,1,0,,,,9.9999994e-08,0.0,0.0,0.0,0.0
5,23,1,0,,,,9.9999994e-08,0.0,0.0,0.0,0.0
5,24,1,0,,,,9.9999994e-08,0.0,0.0,0.0,0.0
5,1,2,0,,,,9.9999994e-08,0.0,0.0,0.0,0.0
5,2,2,0,,,,9.9999994e-08,0.0,0.0,0.0,0.0
5,3,2,0,,,,9.9999994e-08,0.0,0.0,0.0,0.0
5,4,2,0,,,,9.9999994e-08,0.0,0.0,0.0,0.0
5,5,2,0,,,,9.9999994e-08,0.0,0.0,0.0,0.0
5,6,2,0,,,,9.9999994e-08,0.0,0.0,0.0,0.0
5,7,2,0,,,,0.379,0.0,0.0,0.0,6.36
5,8,2,0,,,,0.82046664,0.0,0.0,0.0,17.99
5,9,2,0,,,,0.6778167,0.0,0.0,0.0,67.68
5,10,2,0,,,,1.2821333,0.0,0.0,0.0,107.36
5,11,2,0,,,,3.065,0.0,0.0,0.0,163.04
5,12,2,0,,,,3.2986,0.0,0.0,0.0,143.55
5,13,2,0,,,,3.3309333,0.0,0.0,0.0,103.37
5,14,2,0,,,,3.1627,0.0,0.0,0.0,107.82
5,15,2,0,,,,2.5070167,0.0,0.0,0.0,77.62
5,16,2,0,,,,1.3549,0.0,0.0,0.0,72.12
5,17,2,0,,,,1.14345,0.0,0.0,0.0,41.35
5,18,2,0,,,,0.28573337,0.0,0.0,0.0,36.87
5,19,2,0,,,,9.9999994e-08,0.0,0.0,0.0,27.35
5,20,2,0,,,,9.9999994e-08,0.0,0.0,0.0,0.0
5,21,2,0,,,,9.9999994e-08,0.0,0.0,0.0,0.0
5,22,2,0,,,,9.9999994e-08,0.0,0.0,0.0,0.0
5,23,2,0,,,,9.9999994e-08,0.0,0.0,0.0,0.0
5,24,2,0,,,,9.9999994e-08,0.0,0.0,0.0,0.0
5,1,3,0,,,,9.9999994e-08,0.0,0.0,0.0,0.0
5,2,3,0,,,,9.9999994e-08,0.0,0.0,0.0,0.0
5,3,3,0,,,,9.9999994e-08,0.0,0.0,0.0,0.0
5,4,3,0,,,,9.9999994e-08,0.0,0.0,0.0,0.0
5,5,3,0,,,,9.9999994e-08,0.0,0.0,0.0,0.0
5,6,3,0,,,,9.9999994e-08,0.0,0.0,0.0,0.0
5,7,3,0,,,,0.00023342333,0.0,0.0,0.0,93.02
5,8,3,0,,,,0.24505001,0.0,0.0,0.0,283.84
5,9,3,0,,,,0.8627333,0.0,0.0,0.0,483.32
5,10,3,0,,,,1.2503166,0.0,0.0,0.0,642.27
5,11,3,0,,,,0.35015002,0.0,0.0,0.0,694.36
5,12,3,0,,,,0.31725,0.0,0.0,0.0,299.5
5,13,3,0,,,,0.8851,0.0,0.0,0.0,342.95
5,14,3,0,,,,1.0851834,0.0,0.0,0.0,343.73
5,15,3,0,,,,0.53866667,0.0,0.0,0.0,137.66
5,16,3,0,,,,0.6648833,0.0,0.0,0.0,185.44
5,17,3,0,,,,0.29931667,0.0,0.0,0.0,133.9
5,18,3,0,,,,0.025183389,0.0,0.0,0.0,47.73
5,19,3,0,,,,9.9999994e-08,0.0,0.0,0.0,24.34
5,20,3,0,,,,9.9999994e-08,0.0,0.0,0.0,0.0
5,21,3,0,,,,9.9999994e-08,0.0,0.0,0.0,0.0
5,22,3,0,,,,9.9999994e-08,0.0,0.0,0.0,0.0
5,23,3,0,,,,9.9999994e-08,0.0,0.0,0.0,0.0
5,24,3,0,,,,9.9999994e-08,0.0,0.0,0.0,0.0
5,1,4,0,,,,9.9999994e-08,0.0,0.0,0.0,0.0
5,2,4,0,,,,9.9999994e-08,0.0,0.0,0.0,0.0
5,3,4,0,,,,9.9999994e-08,0.0,0.0,0.0,0.0
5,4,4,0,,,,9.9999994e-08,0.0,0.0,0.0,0.0
5,5,4,0,,,,9.9999994e-08,0.0,0.0,0.0,0.0
5,6,4,0,,,,9.9999994e-08,0.0,0.0,0.0,1.74
5,7,4,0,,,,0.3443167,0.0,0.0,0.0,43.5
5,8,4,0,,,,1.2222333,0.0,0.0,0.0,240.11
5,9,4,0,,,,2.0667667,0.0,0.0,0.0,469.37
5,10,4,0,,,,2.6772332,0.0,0.0,0.0,612.91
5,11,4,0,,,,3.0910666,0.0,0.0,0.0,541.82
5,12,4,0,,,,3.3031,0.0,0.0,0.0,389.34
5,13,4,0,,,,3.3281167,0.0,0.0,0.0,275.55
5,14,4,0,,,,3.13405,0.0,0.0,0.0,74.33
5,15,4,0,,,,2.7512,0.0,0.0,0.0,565.39
5,16,4,0,,,,2.127,0.0,0.0,0.0,429.88
5,17,4,0,,,,1.29855,0.0,0.0,0.0,295.44
5,18,4,0,,,,0.39736667,0.0,0.0,0.0,152.96
5,19,4,0,,,,9.833333e-08,0.0,0.0,0.0,42.25
5,20,4,0,,,,9.9999994e-08,0.0,0.0,0.0,0.0
5,21,4,0,,,,9.9999994e-08,0.0,0.0,0.0,0.0
5,22,4,0,,,,9.9999994e-08,0.0,0.0,0.0,0.0
5,23,4,0,,,,9.9999994e-08,0.0,0.0,0.0,0.0
5,24,4,0,,,,9.9999994e-08,0.0,0.0,0.0,0.0
5,1,5,0,,,,9.9999994e-08,0.0,0.0,0.0,0.0
5,2,5,0,,,,9.9999994e-08,0.0,0.0,0.0,0.0
5,3,5,0,,,,9.9999994e-08,0.0,0.0,0.0,0.0
5,4,5,0,,,,9.9999994e-08,0.0,0.0,0.0,0.0
5,5,5,0,,,,9.9999994e-08,0.0,0.0,0.0,0.0
5,6,5,0,,,,9.9999994e-08,0.0,0.0,0.0,3.62
5,7,5,0,,,,0.34613332,0.0,0.0,0.0,87.53
5,8,5,0,,,,1.2685167,0.0,0.0,0.0,212.9
5,9,5,0,,,,2.0850334,0.0,0.0,0.0,472.59
5,10,5,0,,,,2.7213166,0.0,0.0,0.0,617.94
5,11,5,0,,,,3.1533,0.0,0.0,0.0,676.39
5,12,5,0,,,,3.3758,0.0,0.0,0.0,495.09
5,13,5,0,,,,3.4309666,0.0,0.0,0.0,392.98
5,14,5,0,,,,3.24935,0.0,0.0,0.0,539.92
5,15,5,0,,,,2.8526165,0.0,0.0,0.0,544.25
5,16,5,0,,,,2.20595,0.0,0.0,0.0,295.79
5,17,5,0,,,,1.3651834,0.0,0.0,0.0,344.78
5,18,5,0,,,,0.38495,0.0,0.0,0.0,165.75
5,19,5,0,,,,9.9999994e-08,0.0,0.0,0.0,36.73
5,20,5,0,,,,9.9999994e-08,0.0,0.0,0.0,0.0
5,21,5,0,,,,9.9999994e-08,0.0,0.0,0.0,0.0
5,22,5,0,,,,9.9999994e-08,0.0,0.0,0.0,0.0
5,23,5,0,,,,9.9999994e-08,0.0,0.0,0.0,0.0
5,24,5,0,,,,9.9999994e-08,0.0,0.0,0.0,0.0
5,1,6,0,,,,9.9999994e-08,0.0,0.0,0.0,0.0
5,2,6,0,,,,9.9999994e-08,0.0,0.0,0.0,0.0
5,3,6,0,,,,9.9999994e-08,0.0,0.0,0.0,0.0
5,4,6,0,,,,9.9999994e-08,0.0,0.0,0.0,0.0
5,5,6,0,,,,9.9999994e-08,0.0,0.0,0.0,0.0
5,6,6,0,,,,0.0021334216,0.0,0.0,0.0,0.18
5,7,6,0,,,,0.41513333,0.0,0.0,0.0,92.28
5,8,6,0,,,,1.3269666,0.0,0.0,0.0,264.42
5,9,6,0,,,,2.1975167,0.0,0.0,0.0,416.17
5,10,6,0,,,,2.8798556,0.0,0.0,0.0,564.61
5,11,6,0,,,,3.3011668,0.0,0.0,0.0,664.75
5,12,6,0,,,,3.5187666,0.0,0.0,0.0,471.08
5,13,6,0,,,,3.5118,0.0,0.0,0.0,652.31
5,14,6,0,,,,3.2815833,0.0,0.0,0.0,323.02
5,15,6,0,,,,2.8221333,0.0,0.0,0.0,485.83
5,16,6,0,,,,2.1757166,0.0,0.0,0.0,329.28
5,17,6,0,,,,1.3347833,0.0,0.0,0.0,214.66
5,18,6,0,,,,0.40501666,0.0,0.0,0.0,77.38
5,19,6,0,,,,0.00036676167,0.0,0.0,0.0,5.39
5,20,6,0,,,,9.9999994e-08,0.0,0.0,0.0,0.0
5,21,6,0,,,,9.9999994e-08,0.0,0.0,0.0,0.0
5,22,6,0,,,,9.9999994e-08,0.0,0.0,0.0,0.0
5,23,6,0,,,,9.9999994e-08,0.0,0.0,0.0,0.0
5,24,6,0,,,,9.9999994e-08,0.0,0.0,0.0,0.0
5,1,7,0,,,,9.9999994e-08,0.0,0.0,0.0,0.0
5,2,7,0,,,,9.9999994e-08,0.0,0.0,0.0,0.0
5,3,7,0,,,,9.9999994e-08,0.0,0.0,0.0,0.0
5,4,7,0,,,,9.9999994e-08,0.0,0.0,0.0,0.0
5,5,7,0,,,,9.9999994e-08,0.0,0.0,0.0,0.0
5,6,7,0,,,,9.9999994e-08,0.0,0.0,0.0,0.51
5,7,7,0,,,,0.3612,0.0,0.0,0.0,7.3
5,8,7,0,,,,1.2995833,0.0,0.0,0.0,37.84
5,9,7,0,,,,2.1394,0.0,0.0,0.0,162.29
5,10,7,0,,,,2.7924666,0.0,0.0,0.0,401.91
5,11,7,0,,,,3.2404833,0.0,0.0,0.0,556.47
5,12,7,0,,,,3.5020666,0.0,0.0,0.0,790.03
5,13,7,0,,,,3.49595,0.0,0.0,0.0,704.15
5,14,7,0,,,,3.2094333,0.0,0.0,0.0,474.46
5,15,7,0,,,,2.8371334,0.0,0.0,0.0,340.23
5,16,7,0,,,,2.18245,0.0,0.0,0.0,237.46
5,17,7,0,,,,1.3083,0.0,0.0,0.0,366.75
5,18,7,0,,,,0.32516667,0.0,0.0,0.0,101.29
5,19,7,0,,,,9.9999994e-08,0.0,0.0,0.0,39.57
5,20,7,0,,,,9.9999994e-08,0.0,0.0,0.0,0.0
5,21,7,0,,,,9.9999994e-08,0.0,0.0,0.0,0.0
5,22,7,0,,,,9.9999994e-08,0.0,0.0,0.0,0.0
5,23,7,0,,,,9.9999994e-08,0.0,0.0,0.0,0.0
5,24,7,0,,,,9.9999994e-08,0.0,0.0,0.0,0.0
5,1,1,0,,,,9.9999994e-08,0.0,0.0,0.0,0.0
5,2,1,0,,,,9.9999994e-08,0.0,0.0,0.0,0.0
5,3,1,0,,,,9.9999994e-08,0.0,0.0,0.0,0.0
5,4,1,0,,,,9.9999994e-08,0.0,0.0,0.0,0.0
5,5,1,0,,,,9.9999994e-08,0.0,0.0,0.0,0.0
5,6,1,0,,,,9.9999994e-08,0.0,0.0,0.0,0.17
5,7,1,0,,,,0.005466755,0.0,0.0,0.0,60.97
5,8,1,0,,,,0.08988336,0.0,0.0,0.0,114.59
5,9,1,0,,,,0.39918333,0.0,0.0,0.0,288.78
5,10,1,0,,,,1.1870167,0.0,0.0,0.0,579.76
5,11,1,0,,,,1.6066333,0.0,0.0,0.0,541.52
5,12,1,0,,,,1.9272333,0.0,0.0,0.0,583.22
5,13,1,0,,,,1.0315,0.0,0.0,0.0,643.37
5,14,1,0,,,,1.5628,0.0,0.0,0.0,506.28
5,15,1,0,,,,2.76495,0.0,0.0,0.0,209.97
5,16,1,0,,,,1.3977667,0.0,0.0,0.0,65.63
5,17,1,0,,,,1.4788,0.0,0.0,0.0,211.68
5,18,1,0,,,,0.18148336,0.0,0.0,0.0,156.93
5,19,1,0,,,,9.9999994e-08,0.0,0.0,0.0,44.0
5,20,1,0,,,,9.9999994e-08,0.0,0.0,0.0,0.0
5,21,1,0,,,,9.9999994e-08,0.0,0.0,0.0,0.0
5,22,1,0,,,,9.9999994e-08,0.0,0.0,0.0,0.0
5,23,1,0,,,,9.9999994e-08,0.0,0.0,0.0,0.0
5,24,1,0,,,,9.9999994e-08,0.0,0.0,0.0,0.0
5,1,2,0,,,,9.9999994e-08,0.0,0.0,0.0,0.0
5,2,2,0,,,,9.9999994e-08,0.0,0.0,0.0,0.0
5,3,2,0,,,,9.9999994e-08,0.0,0.0,0.0,0.0
5,4,2,0,,,,9.9999994e-08,0.0,0.0,0.0,0.0
5,5,2,0,,,,9.9999994e-08,0.0,0.0,0.0,0.0
5,6,2,0,,,,0.0035667517,0.0,0.0,0.0,14.18
5,7,2,0,,,,0.29991665,0.0,0.0,0.0,32.87
5,8,2,0,,,,0.64725,0.0,0.0,0.0,163.26
5,9,2,0,,,,0.80795,0.0,0.0,0.0,109.8
5,10,2,0,,,,0.92686665,0.0,0.0,0.0,382.5
5,11,2,0,,,,1.46445,0.0,0.0,0.0,610.85
5,12,2,0,,,,2.1690834,0.0,0.0,0.0,450.24
5,13,2,0,,,,1.2779833,0.0,0.0,0.0,670.81
5,14,2,0,,,,0.8591,0.0,0.0,0.0,506.68
5,15,2,0,,,,0.37818334,0.0,0.0,0.0,401.53
5,16,2,0,,,,0.08776667,0.0,0.0,0.0,239.49
5,17,2,0,,,,0.00256675,0.0,0.0,0.0,185.01
5,18,2,0,,,,9.666667e-08,0.0,0.0,0.0,100.48
5,19,2,0,,,,9.9999994e-08,0.0,0.0,0.0,41.49
5,20,2,0,,,,9.9999994e-08,0.0,0.0,0.0,0.0
5,21,2,0,,,,9.9999994e-08,0.0,0.0,0.0,0.0
5,22,2,0,,,,9.9999994e-08,0.0,0.0,0.0,0.0
5,23,2,0,,,,9.9999994e-08,0.0,0.0,0.0,0.0
5,24,2,0,,,,9.9999994e-08,0.0,0.0,0.0,0.0
5,1,3,0,,,,9.9999994e-08,0.0,0.0,0.0,0.0
5,2,3,0,,,,9.9999994e-08,0.0,0.0,0.0,0.0
5,3,3,0,,,,9.9999994e-08,0.0,0.0,0.0,0.0
5,4,3,0,,,,9.9999994e-08,0.0,0.0,0.0,0.0
5,5,3,0,,,,9.9999994e-08,0.0,0.0,0.0,0.0
5,6,3,0,,,,9.9999994e-08,0.0,0.0,0.0,4.42
5,7,3,0,,,,0.0041334066,0.0,0.0,0.0,97.81
5,8,3,0,,,,0.12285,0.0,0.0,0.0,33.98
5,9,3,0,,,,0.20423333,0.0,0.0,0.0,270.18
5,10,3,0,,,,0.23633334,0.0,0.0,0.0,617.08
5,11,3,0,,,,0.19746667,0.0,0.0,0.0,652.77
5,12,3,0,,,,0.12133333,0.0,0.0,0.0,773.43
5,13,3,0,,,,0.09071667,0.0,0.0,0.0,764.08
5,14,3,0,,,,0.023066672,0.0,0.0,0.0,478.25
5,15,3,0,,,,0.06863333,0.0,0.0,0.0,456.29
5,16,3,0,,,,0.024633382,0.0,0.0,0.0,325.95
5,17,3,0,,,,9.9999994e-08,0.0,0.0,0.0,298.36
5,18,3,0,,,,9.9999994e-08,0.0,0.0,0.0,154.02
5,19,3,0,,,,9.9999994e-08,0.0,0.0,0.0,46.0
5,20,3,0,,,,9.9999994e-08,0.0,0.0,0.0,0.12
5,21,3,0,,,,9.9999994e-08,0.0,0.0,0.0,0.0
5,22,3,0,,,,9.9999994e-08,0.0,0.0,0.0,0.0
5,23,3,0,,,,9.9999994e-08,0.0,0.0,0.0,0.0
5,24,3,0,,,,9.9999994e-08,0.0,0.0,0.0,0.0
5,1,4,0,,,,9.9999994e-08,0.0,0.0,0.0,0.0
5,2,4,0,,,,9.9999994e-08,0.0,0.0,0.0,0.0
5,3,4,0,,,,9.9999994e-08,0.0,0.0,0.0,0.0
5,4,4,0,,,,9.9999994e-08,0.0,0.0,0.0,0.0
5,5,4,0,,,,9.9999994e-08,0.0,0.0,0.0,0.0
5,6,4,0,,,,9.9999994e-08,0.0,0.0,0.0,0.49
5,7,4,0,,,,0.38226667,0.0,0.0,0.0,98.23
5,8,4,0,,,,1.32855,0.0,0.0,0.0,217.68
5,9,4,0,,,,2.1836834,0.0,0.0,0.0,415.35
5,10,4,0,,,,2.8252,0.0,0.0,0.0,506.83
5,11,4,0,,,,3.22695,0.0,0.0,0.0,643.8
5,12,4,0,,,,3.45,0.0,0.0,0.0,789.11
5,13,4,0,,,,3.4862,0.0,0.0,0.0,820.94
5,14,4,0,,,,3.2830334,0.0,0.0,0.0,698.47
5,15,4,0,,,,2.8336334,0.0,0.0,0.0,637.38
5,16,4,0,,,,2.1571167,0.0,0.0,0.0,465.56
5,17,4,0,,,,1.3263167,0.0,0.0,0.0,325.83
5,18,4,0,,,,0.42625,0.0,0.0,0.0,150.9
5,19,4,0,,,,0.0008834267,0.0,0.0,0.0,46.12
5,20,4,0,,,,9.9999994e-08,0.0,0.0,0.0,0.0
5,21,4,0,,,,9.9999994e-08,0.0,0.0,0.0,0.0
5,22,4,0,,,,9.9999994e-08,0.0,0.0,0.0,0.0
5,23,4,0,,,,9.9999994e-08,0.0,0.0,0.0,0.0
5,24,4,0,,,,9.9999994e-08,0.0,0.0,0.0,0.0
5,1,5,0,,,,9.9999994e-08,0.0,0.0,0.0,0.0
5,2,5,0,,,,9.9999994e-08,0.0,0.0,0.0,0.0
5,3,5,0,,,,9.9999994e-08,0.0,0.0,0.0,0.0
5,4,5,0,,,,9.9999994e-08,0.0,0.0,0.0,0.0
5,5,5,0,,,,9.9999994e-08,0.0,0.0,0.0,0.0
5,6,5,0,,,,9.9999994e-08,0.0,0.0,0.0,25.89
5,7,5,0,,,,0.37715,0.0,0.0,0.0,91.6
5,8,5,0,,,,1.3262,0.0,0.0,0.0,294.89
5,9,5,0,,,,2.1772,0.0,0.0,0.0,481.11
5,10,5,0,,,,2.8319166,0.0,0.0,0.0,640.21
5,11,5,0,,,,3.2715333,0.0,0.0,0.0,749.52
5,12,5,0,,,,3.48875,0.0,0.0,0.0,802.91
5,13,5,0,,,,3.45835,0.0,0.0,0.0,824.62
5,14,5,0,,,,3.2381167,0.0,0.0,0.0,763.1
5,15,5,0,,,,2.8197,0.0,0.0,0.0,693.75
5,16,5,0,,,,2.1950333,0.0,0.0,0.0,553.23
5,17,5,0,,,,1.1341333,0.0,0.0,0.0,377.72
5,18,5,0,,,,0.5018333,0.0,0.0,0.0,170.77
5,19,5,0,,,,0.0063167517,0.0,0.0,0.0,42.81
5,20,5,0,,,,9.9999994e-08,0.0,0.0,0.0,2.42
5,21,5,0,,,,9.9999994e-08,0.0,0.0,0.0,0.0
5,22,5,0,,,,9.9999994e-08,0.0,0.0,0.0,0.0
5,23,5,0,,,,9.9999994e-08,0.0,0.0,0.0,0.0
5,24,5,0,,,,9.9999994e-08,0.0,0.0,0.0,0.0
5,1,6,0,,,,9.9999994e-08,0.0,0.0,0.0,0.0
5,2,6,0,,,,9.9999994e-08,0.0,0.0,0.0,0.0
5,3,6,0,,,,9.9999994e-08,0.0,0.0,0.0,0.0
5,4,6,0,,,,9.9999994e-08,0.0,0.0,0.0,0.0
5,5,6,0,,,,9.9999994e-08,0.0,0.0,0.0,0.0
5,6,6,0,,,,9.9999994e-08,0.0,0.0,0.0,24.35
5,7,6,0,,,,0.37251666,0.0,0.0,0.0,91.79
5,8,6,0,,,,1.2870333,0.0,0.0,0.0,290.3
5,9,6,0,,,,2.0701666,0.0,0.0,0.0,474.04
5,10,6,0,,,,2.7289166,0.0,0.0,0.0,627.77
5,11,6,0,,,,3.1481166,0.0,0.0,0.0,738.19
5,12,6,0,,,,3.3224833,0.0,0.0,0.0,798.02
5,13,6,0,,,,3.3861666,0.0,0.0,0.0,799.86
5,14,6,0,,,,2.9614666,0.0,0.0,0.0,764.4
5,15,6,0,,,,2.76545,0.0,0.0,0.0,687.4
5,16,6,0,,,,2.1677334,0.0,0.0,0.0,547.75
5,17,6,0,,,,1.3813833,0.0,0.0,0.0,367.92
5,18,6,0,,,,0.48935,0.0,0.0,0.0,170.24
5,19,6,0,,,,0.005833418,0.0,0.0,0.0,46.62
5,20,6,0,,,,9.9999994e-08,0.0,0.0,0.0,6.27
5,21,6,0,,,,9.9999994e-08,0.0,0.0,0.0,0.0
5,22,6,0,,,,9.9999994e-08,0.0,0.0,0.0,0.0
5,23,6,0,,,,9.9999994e-08,0.0,0.0,0.0,0.0
5,24,6,0,,,,9.9999994e-08,0.0,0.0,0.0,0.0
5,1,7,0,,,,9.9999994e-08,0.0,0.0,0.0,0.0
5,2,7,0,,,,9.9999994e-08,0.0,0.0,0.0,0.0
5,3,7,0,,,,9.9999994e-08,0.0,0.0,0.0,0.0
5,4,7,0,,,,9.9999994e-08,0.0,0.0,0.0,0.0
5,5,7,0,,,,9.9999994e-08,0.0,0.0,0.0,0.0
5,6,7,0,,,,0.000100096666,0.0,0.0,0.0,0.83
5,7,7,0,,,,0.4107,0.0,0.0,0.0,66.12
5,8,7,0,,,,1.3043833,0.0,0.0,0.0,120.52
5,9,7,0,,,,2.0810833,0.0,0.0,0.0,48.26
5,10,7,0,,,,2.6758,0.0,0.0,0.0,84.92
5,11,7,0,,,,3.1252334,0.0,0.0,0.0,236.49
5,12,7,0,,,,3.3687,0.0,0.0,0.0,426.8
5,13,7,0,,,,3.1548834,0.0,0.0,0.0,421.37
5,14,7,0,,,,3.2444832,0.0,0.0,0.0,206.0
5,15,7,0,,,,2.84635,0.0,0.0,0.0,247.7
5,16,7,0,,,,2.2097666,0.0,0.0,0.0,314.85
5,17,7,0,,,,1.3926166,0.0,0.0,0.0,319.27
5,18,7,0,,,,0.48098335,0.0,0.0,0.0,168.96
5,19,7,0,,,,9.9999994e-08,0.0,0.0,0.0,31.49
5,20,7,0,,,,9.9999994e-08,0.0,0.0,0.0,6.93
5,21,7,0,,,,9.9999994e-08,0.0,0.0,0.0,0.0
5,22,7,0,,,,9.9999994e-08,0.0,0.0,0.0,0.0
5,23,7,0,,,,9.9999994e-08,0.0,0.0,0.0,0.0
5,24,7,0,,,,9.9999994e-08,0.0,0.0,0.0,0.0
5,1,1,0,,,,9.9999994e-08,0.0,0.0,0.0,0.0
5,2,1,0,,,,9.9999994e-08,0.0,0.0,0.0,0.0
5,3,1,0,,,,9.9999994e-08,0.0,0.0,0.0,0.0
5,4,1,0,,,,9.9999994e-08,0.0,0.0,0.0,0.0
5,5,1,0,,,,9.9999994e-08,0.0,0.0,0.0,0.0
5,6,1,0,,,,0.00030009332,0.0,0.0,0.0,26.03
5,7,1,0,,,,0.41195,0.0,0.0,0.0,98.48
5,8,1,0,,,,1.3002833,0.0,0.0,0.0,286.94
5,9,1,0,,,,2.0552,0.0,0.0,0.0,461.92
5,10,1,0,,,,2.6588166,0.0,0.0,0.0,609.47
5,11,1,0,,,,3.0505667,0.0,0.0,0.0,693.08
5,12,1,0,,,,3.0252666,0.0,0.0,0.0,734.46
5,13,1,0,,,,3.2968833,0.0,0.0,0.0,668.29
5,14,1,0,,,,3.0601666,0.0,0.0,0.0,659.32
5,15,1,0,,,,2.7250667,0.0,0.0,0.0,174.89
5,16,1,0,,,,2.1053,0.0,0.0,0.0,241.14
5,17,1,0,,,,1.3400834,0.0,0.0,0.0,79.64
5,18,1,0,,,,0.46101665,0.0,0.0,0.0,157.42
5,19,1,0,,,,0.0054000835,0.0,0.0,0.0,50.61
5,20,1,0,,,,9.9999994e-08,0.0,0.0,0.0,0.14
5,21,1,0,,,,9.9999994e-08,0.0,0.0,0.0,0.0
5,22,1,0,,,,9.9999994e-08,0.0,0.0,0.0,0.0
5,23,1,0,,,,9.9999994e-08,0.0,0.0,0.0,0.0
5,24,1,0,,,,9.9999994e-08,0.0,0.0,0.0,0.0
5,1,2,0,,,,9.9999994e-08,0.0,0.0,0.0,0.0
5,2,2,0,,,,9.9999994e-08,0.0,0.0,0.0,0.0
5,3,2,0,,,,9.9999994e-08,0.0,0.0,0.0,0.0
5,4,2,0,,,,9.9999994e-08,0.0,0.0,0.0,0.0
5,5,2,0,,,,9.9999994e-08,0.0,0.0,0.0,0.0
5,6,2,0,,,,0.000783425,0.0,0.0,0.0,0.86
5,7,2,0,,,,0.42061666,0.0,0.0,0.0,98.23
5,8,2,0,,,,1.2760333,0.0,0.0,0.0,269.37
5,9,2,0,,,,2.0359166,0.0,0.0,0.0,446.38
5,10,2,0,,,,2.6341667,0.0,0.0,0.0,597.65
5,11,2,0,,,,3.0226667,0.0,0.0,0.0,679.14
5,12,2,0,,,,3.2354,0.0,0.0,0.0,674.03
5,13,2,0,,,,3.19025,0.0,0.0,0.0,361.68
5,14,2,0,,,,3.1698167,0.0,0.0,0.0,275.19
5,15,2,0,,,,2.7808,0.0,0.0,0.0,562.53
5,16,2,0,,,,2.1523833,0.0,0.0,0.0,490.95
5,17,2,0,,,,1.3324667,0.0,0.0,0.0,143.46
5,18,2,0,,,,0.4595,0.0,0.0,0.0,11.71
5,19,2,0,,,,0.006833417,0.0,0.0,0.0,32.46
5,20,2,0,,,,9.9999994e-08,0.0,0.0,0.0,8.49
5,21,2,0,,,,9.9999994e-08,0.0,0.0,0.0,0.0
5,22,2,0,,,,9.9999994e-08,0.0,0.0,0.0,0.0
5,23,2,0,,,,9.9999994e-08,0.0,0.0,0.0,0.0
5,24,2,0,,,,9.9999994e-08,0.0,0.0,0.0,0.0
5,1,3,0,,,,9.9999994e-08,0.0,0.0,0.0,0.0
5,2,3,0,,,,9.9999994e-08,0.0,0.0,0.0,0.0
5,3,3,0,,,,9.9999994e-08,0.0,0.0,0.0,0.0
5,4,3,0,,,,9.9999994e-08,0.0,0.0,0.0,0.0
5,5,3,0,,,,9.9999994e-08,0.0,0.0,0.0,0.0
5,6,3,0,,,,0.015216737,0.0,0.0,0.0,0.87
5,7,3,0,,,,0.38488334,0.0,0.0,0.0,97.84
5,8,3,0,,,,1.2496166,0.0,0.0,0.0,279.55
5,9,3,0,,,,1.8972167,0.0,0.0,0.0,279.45
5,10,3,0,,,,2.5676334,0.0,0.0,0.0,524.88
5,11,3,0,,,,2.8967834,0.0,0.0,0.0,491.32
5,12,3,0,,,,2.7968833,0.0,0.0,0.0,404.91
5,13,3,0,,,,3.1666667,0.0,0.0,0.0,499.77
5,14,3,0,,,,3.0037334,0.0,0.0,0.0,556.32
5,15,3,0,,,,2.74385,0.0,0.0,0.0,320.78
5,16,3,0,,,,2.0665166,0.0,0.0,0.0,340.32
5,17,3,0,,,,1.3984667,0.0,0.0,0.0,0.0
5,18,3,0,,,,0.5093833,0.0,0.0,0.0,119.89
5,19,3,0,,,,0.0060334182,0.0,0.0,0.0,54.19
5,20,3,0,,,,9.9999994e-08,0.0,0.0,0.0,0.0
5,21,3,0,,,,9.9999994e-08,0.0,0.0,0.0,0.0
5,22,3,0,,,,9.9999994e-08,0.0,0.0,0.0,0.0
5,23,3,0,,,,9.9999994e-08,0.0,0.0,0.0,0.0
5,24,3,0,,,,9.9999994e-08,0.0,0.0,0.0,0.0
5,1,4,0,,,,9.9999994e-08,0.0,0.0,0.0,0.0
5,2,4,0,,,,9.9999994e-08,0.0,0.0,0.0,0.0
5,3,4,0,,,,9.9999994e-08,0.0,0.0,0.0,0.0
5,4,4,0,,,,9.9999994e-08,0.0,0.0,0.0,0.0
5,5,4,0,,,,9.9999994e-08,0.0,0.0,0.0,0.0
5,6,4,0,,,,9.9999994e-08,0.0,0.0,0.0,1.25
5,7,4,0,,,,0.16873336,0.0,0.0,0.0,83.72
5,8,4,0,,,,0.61863333,0.0,0.0,0.0,209.66
5,9,4,0,,,,1.4846667,0.0,0.0,0.0,386.94
5,10,4,0,,,,2.71615,0.0,0.0,0.0,319.41
5,11,4,0,,,,2.50105,0.0,0.0,0.0,411.72
5,12,4,0,,,,3.07185,0.0,0.0,0.0,418.14
5,13,4,0,,,,3.2922666,0.0,0.0,0.0,611.11
5,14,4,0,,,,3.2709334,0.0,0.0,0.0,348.78
5,15,4,0,,,,2.82135,0.0,0.0,0.0,99.21
5,16,4,0,,,,2.1913166,0.0,0.0,0.0,320.46
5,17,4,0,,,,1.3669833,0.0,0.0,0.0,64.89
5,18,4,0,,,,0.46351665,0.0,0.0,0.0,66.27
5,19,4,0,,,,0.00418342,0.0,0.0,0.0,27.34
5,20,4,0,,,,9.9999994e-08,0.0,0.0,0.0,0.0
5,21,4,0,,,,9.9999994e-08,0.0,0.0,0.0,0.0
5,22,4,0,,,,9.9999994e-08,0.0,0.0,0.0,0.0
5,23,4,0,,,,9.9999994e-08,0.0,0.0,0.0,0.0
5,24,4,0,,,,9.9999994e-08,0.0,0.0,0.0,0.0
5,1,5,0,,,,9.9999994e-08,0.0,0.0,0.0,0.0
5,2,5,0,,,,9.9999994e-08,0.0,0.0,0.0,0.0
5,3,5,0,,,,9.9999994e-08,0.0,0.0,0.0,0.0
5,4,5,0,,,,9.9999994e-08,0.0,0.0,0.0,0.0
5,5,5,0,,,,9.9999994e-08,0.0,0.0,0.0,0.0
5,6,5,0,,,,9.9999994e-08,0.0,0.0,0.0,5.5
5,7,5,0,,,,0.1351,0.0,0.0,0.0,101.66
5,8,5,0,,,,0.7796,0.0,0.0,0.0,295.54
5,9,5,0,,,,1.5422666,0.0,0.0,0.0,487.21
5,10,5,0,,,,2.2034833,0.0,0.0,0.0,636.14
5,11,5,0,,,,1.5477834,0.0,0.0,0.0,658.51
5,12,5,0,,,,2.7077832,0.0,0.0,0.0,665.76
5,13,5,0,,,,2.2171333,0.0,0.0,0.0,666.41
5,14,5,0,,,,3.1533208,0.0,0.0,0.0,612.37
5,15,5,0,,,,2.672525,0.0,0.0,0.0,592.08
5,16,5,0,,,,2.1774,0.0,0.0,0.0,523.3
5,17,5,0,,,,1.3531,0.0,0.0,0.0,357.92
5,18,5,0,,,,0.45083332,0.0,0.0,0.0,181.31
5,19,5,0,,,,0.0038000867,0.0,0.0,0.0,45.58
5,20,5,0,,,,9.9999994e-08,0.0,0.0,0.0,10.29
5,21,5,0,,,,9.9999994e-08,0.0,0.0,0.0,0.0
5,22,5,0,,,,9.9999994e-08,0.0,0.0,0.0,0.0
5,23,5,0,,,,9.9999994e-08,0.0,0.0,0.0,0.0
5,24,5,0,,,,9.9999994e-08,0.0,0.0,0.0,0.0
5,1,6,0,,,,9.9999994e-08,0.0,0.0,0.0,0.0
5,2,6,0,,,,9.9999994e-08,0.0,0.0,0.0,0.0
5,3,6,0,,,,9.9999994e-08,0.0,0.0,0.0,0.0
5,4,6,0,,,,9.9999994e-08,0.0,0.0,0.0,0.0
5,5,6,0,,,,9.9999994e-08,0.0,0.0,0.0,0.0
5,6,6,0,,,,0.020666715,0.0,0.0,0.0,16.2
5,7,6,0,,,,0.14755005,0.0,0.0,0.0,106.41
5,8,6,0,,,,1.3572,0.0,0.0,0.0,269.41
5,9,6,0,,,,1.9609,0.0,0.0,0.0,424.84
5,10,6,0,,,,2.680275,0.0,0.0,0.0,596.39
5,11,6,0,,,,3.1376667,0.0,0.0,0.0,682.9
5,12,6,0,,,,3.3467667,0.0,0.0,0.0,740.18
5,13,6,0,,,,3.35685,0.0,0.0,0.0,700.54
5,14,6,0,,,,3.1330333,0.0,0.0,0.0,396.5
5,15,6,0,,,,2.7442,0.0,0.0,0.0,523.55
5,16,6,0,,,,2.1574833,0.0,0.0,0.0,275.12
5,17,6,0,,,,1.3702834,0.0,0.0,0.0,337.13
5,18,6,0,,,,0.46988332,0.0,0.0,0.0,162.41
5,19,6,0,,,,0.0037667532,0.0,0.0,0.0,54.39
5,20,6,0,,,,9.9999994e-08,0.0,0.0,0.0,10.07
5,21,6,0,,,,9.9999994e-08,0.0,0.0,0.0,0.0
5,22,6,0,,,,9.9999994e-08,0.0,0.0,0.0,0.0
5,23,6,0,,,,9.9999994e-08,0.0,0.0,0.0,0.0
5,24,6,0,,,,9.9999994e-08,0.0,0.0,0.0,0.0
5,1,7,0,,,,9.9999994e-08,0.0,0.0,0.0,0.0
5,2,7,0,,,,9.9999994e-08,0.0,0.0,0.0,0.0
5,3,7,0,,,,9.9999994e-08,0.0,0.0,0.0,0.0
5,4,7,0,,,,9.9999994e-08,0.0,0.0,0.0,0.0
5,5,7,0,,,,9.9999994e-08,0.0,0.0,0.0,0.0
5,6,7,0,,,,0.00026676166,0.0,0.0,0.0,19.61
5,7,7,0,,,,0.37173334,0.0,0.0,0.0,103.89
5,8,7,0,,,,1.2508833,0.0,0.0,0.0,278.67
5,9,7,0,,,,2.0293334,0.0,0.0,0.0,462.83
5,10,7,0,,,,2.6292,0.0,0.0,0.0,616.16
5,11,7,0,,,,3.0274668,0.0,0.0,0.0,688.6
5,12,7,0,,,,3.2149334,0.0,0.0,0.0,671.87
5,13,7,0,,,,3.2778,0.0,0.0,0.0,592.8
5,14,7,0,,,,3.1199334,0.0,0.0,0.0,518.24
5,15,7,0,,,,2.7147,0.0,0.0,0.0,320.59
5,16,7,0,,,,2.1176,0.0,0.0,0.0,372.46
5,17,7,0,,,,1.3563334,0.0,0.0,0.0,329.89
5,18,7,0,,,,0.48865,0.0,0.0,0.0,159.51
5,19,7,0,,,,0.00990008,0.0,0.0,0.0,49.07
5,20,7,0,,,,9.9999994e-08,0.0,0.0,0.0,11.15
5,21,7,0,,,,9.9999994e-08,0.0,0.0,0.0,0.0
5,22,7,0,,,,9.9999994e-08,0.0,0.0,0.0,0.0
5,23,7,0,,,,9.9999994e-08,0.0,0.0,0.0,0.0
5,24,7,0,,,,9.9999994e-08,0.0,0.0,0.0,0.0
5,1,1,0,,,,9.9999994e-08,0.0,0.0,0.0,0.0
5,2,1,0,,,,9.9999994e-08,0.0,0.0,0.0,0.0
5,3,1,0,,,,9.9999994e-08,0.0,0.0,0.0,0.0
5,4,1,0,,,,9.9999994e-08,0.0,0.0,0.0,0.0
5,5,1,0,,,,9.9999994e-08,0.0,0.0,0.0,0.0
5,6,1,0,,,,0.030333389,0.0,0.0,0.0,22.11
5,7,1,0,,,,0.3031,0.0,0.0,0.0,39.63
5,8,1,0,,,,1.2561667,0.0,0.0,0.0,272.35
5,9,1,0,,,,2.01145,0.0,0.0,0.0,383.92
5,10,1,0,,,,2.2639167,0.0,0.0,0.0,599.77
5,11,1,0,,,,2.8839166,0.0,0.0,0.0,711.5
5,12,1,0,,,,3.0904334,0.0,0.0,0.0,781.04
5,13,1,0,,,,3.2558832,0.0,0.0,0.0,710.3
5,14,1,0,,,,3.0897834,0.0,0.0,0.0,710.95
5,15,1,0,,,,2.7159667,0.0,0.0,0.0,168.35
5,16,1,0,,,,1.6342,0.0,0.0,0.0,179.71
5,17,1,0,,,,1.05735,0.0,0.0,0.0,242.9
5,18,1,0,,,,0.35906667,0.0,0.0,0.0,82.26
5,19,1,0,,,,0.013316747,0.0,0.0,0.0,55.33
5,20,1,0,,,,9.9999994e-08,0.0,0.0,0.0,11.14
5,21,1,0,,,,9.9999994e-08,0.0,0.0,0.0,0.0
5,22,1,0,,,,9.833333e-08,0.0,0.0,0.0,0.0
5,23,1,0,,,,9.9999994e-08,0.0,0.0,0.0,0.0
5,24,1,0,,,,9.9999994e-08,0.0,0.0,0.0,0.0
5,1,2,0,,,,9.9999994e-08,0.0,0.0,0.0,0.0
5,2,2,0,,,,9.9999994e-08,0.0,0.0,0.0,0.0
5,3,2,0,,,,9.9999994e-08,0.0,0.0,0.0,0.0
5,4,2,0,,,,9.9999994e-08,0.0,0.0,0.0,0.0
5,5,2,0,,,,9.9999994e-08,0.0,0.0,0.0,0.0
5,6,2,0,,,,0.01486674,0.0,0.0,0.0,35.63
5,7,2,0,,,,0.22146666,0.0,0.0,0.0,93.92
5,8,2,0,,,,0.87778336,0.0,0.0,0.0,281.7
5,9,2,0,,,,1.6258334,0.0,0.0,0.0,448.86
5,10,2,0,,,,2.3992834,0.0,0.0,0.0,489.08
5,11,2,0,,,,2.9834666,0.0,0.0,0.0,651.28
5,12,2,0,,,,3.1590333,0.0,0.0,0.0,602.74
5,13,2,0,,,,3.3168,0.0,0.0,0.0,400.41
5,14,2,0,,,,3.1072667,0.0,0.0,0.0,471.54
5,15,2,0,,,,2.6355,0.0,0.0,0.0,414.36
5,16,2,0,,,,2.1958666,0.0,0.0,0.0,351.06
5,17,2,0,,,,1.4251667,0.0,0.0,0.0,321.09
5,18,2,0,,,,0.38431665,0.0,0.0,0.0,172.59
5,19,2,0,,,,0.00020009666,0.0,0.0,0.0,57.51
5,20,2,0,,,,9.9999994e-08,0.0,0.0,0.0,1.55
5,21,2,0,,,,9.9999994e-08,0.0,0.0,0.0,0.0
5,22,2,0,,,,9.9999994e-08,0.0,0.0,0.0,0.0
5,23,2,0,,,,9.9999994e-08,0.0,0.0,0.0,0.0
5,24,2,0,,,,9.9999994e-08,0.0,0.0,0.0,0.0
5,1,3,0,,,,9.9999994e-08,0.0,0.0,0.0,0.0
5,2,3,0,,,,9.9999994e-08,0.0,0.0,0.0,0.0
5,3,3,0,,,,9.9999994e-08,0.0,0.0,0.0,0.0
5,4,3,0,,,,9.9999994e-08,0.0,0.0,0.0,0.0
5,5,3,0,,,,9.9999994e-08,0.0,0.0,0.0,0.0
5,6,3,0,,,,9.9999994e-08,0.0,0.0,0.0,1.22
5,7,3,0,,,,0.12820004,0.0,0.0,0.0,19.82
5,8,3,0,,,,0.27986667,0.0,0.0,0.0,64.82
5,9,3,0,,,,0.95458335,0.0,0.0,0.0,249.85
5,10,3,0,,,,1.4164333,0.0,0.0,0.0,596.35
5,11,3,0,,,,1.5408334,0.0,0.0,0.0,700.21
5,12,3,0,,,,2.2077832,0.0,0.0,0.0,728.99
5,13,3,0,,,,2.2238834,0.0,0.0,0.0,724.59
5,14,3,0,,,,1.7348,0.0,0.0,0.0,611.82
5,15,3,0,,,,1.1646667,0.0,0.0,0.0,629.64
5,16,3,0,,,,0.89493334,0.0,0.0,0.0,518.02
5,17,3,0,,,,0.67361665,0.0,0.0,0.0,358.14
5,18,3,0,,,,0.11366667,0.0,0.0,0.0,178.77
5,19,3,0,,,,0.019200077,0.0,0.0,0.0,59.25
5,20,3,0,,,,9.9999994e-08,0.0,0.0,0.0,1.56
5,21,3,0,,,,9.9999994e-08,0.0,0.0,0.0,0.0
5,22,3,0,,,,9.9999994e-08,0.0,0.0,0.0,0.0
5,23,3,0,,,,9.9999994e-08,0.0,0.0,0.0,0.0
5,24,3,0,,,,9.9999994e-08,0.0,0.0,0.0,0.0
6,1,4,0,,,,9.9999994e-08,0.0,0.0,0.0,0.0
6,2,4,0,,,,9.9999994e-08,0.0,0.0,0.0,0.0
6,3,4,0,,,,9.9999994e-08,0.0,0.0,0.0,0.0
6,4,4,0,,,,9.9999994e-08,0.0,0.0,0.0,0.0
6,5,4,0,,,,9.9999994e-08,0.0,0.0,0.0,0.0
6,6,4,0,,,,0.0034667517,0.0,0.0,0.0,1.63
6,7,4,0,,,,0.24811667,0.0,0.0,0.0,101.88
6,8,4,0,,,,1.5669,0.0,0.0,0.0,207.69
6,9,4,0,,,,1.6561,0.0,0.0,0.0,467.3
6,10,4,0,,,,2.5180333,0.0,0.0,0.0,559.41
6,11,4,0,,,,3.03045,0.0,0.0,0.0,657.04
6,12,4,0,,,,3.2322834,0.0,0.0,0.0,674.11
6,13,4,0,,,,3.2748,0.0,0.0,0.0,679.42
6,14,4,0,,,,3.0761833,0.0,0.0,0.0,683.07
6,15,4,0,,,,2.67705,0.0,0.0,0.0,647.73
6,16,4,0,,,,2.0296667,0.0,0.0,0.0,527.57
6,17,4,0,,,,1.2244,0.0,0.0,0.0,368.56
6,18,4,0,,,,0.40215,0.0,0.0,0.0,179.42
6,19,4,0,,,,0.0051334165,0.0,0.0,0.0,47.26
6,20,4,0,,,,9.9999994e-08,0.0,0.0,0.0,13.5
6,21,4,0,,,,9.9999994e-08,0.0,0.0,0.0,0.0
6,22,4,0,,,,9.9999994e-08,0.0,0.0,0.0,0.0
6,23,4,0,,,,9.9999994e-08,0.0,0.0,0.0,0.0
6,24,4,0,,,,9.9999994e-08,0.0,0.0,0.0,0.0
6,1,5,0,,,,9.9999994e-08,0.0,0.0,0.0,0.0
6,2,5,0,,,,9.9999994e-08,0.0,0.0,0.0,0.0
6,3,5,0,,,,9.9999994e-08,0.0,0.0,0.0,0.0
6,4,5,0,,,,9.9999994e-08,0.0,0.0,0.0,0.0
6,5,5,0,,,,9.9999994e-08,0.0,0.0,0.0,0.0
6,6,5,0,,,,0.0032667483,0.0,0.0,0.0,1.63
6,7,5,0,,,,0.36506668,0.0,0.0,0.0,8.91
6,8,5,0,,,,1.1835667,0.0,0.0,0.0,52.42
6,9,5,0,,,,1.9465,0.0,0.0,0.0,169.06
6,10,5,0,,,,2.5252666,0.0,0.0,0.0,422.03
6,11,5,0,,,,2.9487,0.0,0.0,0.0,691.97
6,12,5,0,,,,3.1762333,0.0,0.0,0.0,774.05
6,13,5,0,,,,3.2186167,0.0,0.0,0.0,767.85
6,14,5,0,,,,3.01115,0.0,0.0,0.0,707.11
6,15,5,0,,,,2.6355166,0.0,0.0,0.0,661.04
6,16,5,0,,,,2.0706666,0.0,0.0,0.0,535.62
6,17,5,0,,,,1.29515,0.0,0.0,0.0,367.9
6,18,5,0,,,,0.46621665,0.0,0.0,0.0,181.03
6,19,5,0,,,,0.009433412,0.0,0.0,0.0,47.96
6,20,5,0,,,,9.9999994e-08,0.0,0.0,0.0,14.12
6,21,5,0,,,,9.9999994e-08,0.0,0.0,0.0,0.0
6,22,5,0,,,,9.9999994e-08,0.0,0.0,0.0,0.0
6,23,5,0,,,,9.9999994e-08,0.0,0.0,0.0,0.0
6,24,5,0,,,,9.9999994e-08,0.0,0.0,0.0,0.0
6,1,6,0,,,,9.9999994e-08,0.0,0.0,0.0,0.0
6,2,6,0,,,,9.9999994e-08,0.0,0.0,0.0,0.0
6,3,6,0,,,,9.9999994e-08,0.0,0.0,0.0,0.0
6,4,6,0,,,,9.9999994e-08,0.0,0.0,0.0,0.0
6,5,6,0,,,,9.9999994e-08,0.0,0.0,0.0,0.0
6,6,6,0,,,,0.0014334216,0.0,0.0,0.0,36.42
6,7,6,0,,,,0.38585,0.0,0.0,0.0,93.5
6,8,6,0,,,,1.2268,0.0,0.0,0.0,284.73
6,9,6,0,,,,1.9475334,0.0,0.0,0.0,458.03
6,10,6,0,,,,2.57795,0.0,0.0,0.0,599.43
6,11,6,0,,,,2.9749668,0.0,0.0,0.0,699.31
6,12,6,0,,,,3.20845,0.0,0.0,0.0,614.35
6,13,6,0,,,,3.2541666,0.0,0.0,0.0,623.28
6,14,6,0,,,,3.074,0.0,0.0,0.0,631.41
6,15,6,0,,,,2.6896834,0.0,0.0,0.0,452.89
6,16,6,0,,,,2.0956,0.0,0.0,0.0,113.14
6,17,6,0,,,,1.3259667,0.0,0.0,0.0,156.88
6,18,6,0,,,,0.48946667,0.0,0.0,0.0,126.0
6,19,6,0,,,,0.013766745,0.0,0.0,0.0,58.44
6,20,6,0,,,,9.9999994e-08,0.0,0.0,0.0,7.26
6,21,6,0,,,,9.9999994e-08,0.0,0.0,0.0,0.0
6,22,6,0,,,,9.9999994e-08,0.0,0.0,0.0,0.0
6,23,6,0,,,,9.9999994e-08,0.0,0.0,0.0,0.0
6,24,6,0,,,,9.9999994e-08,0.0,0.0,0.0,0.0
6,1,7,0,,,,9.9999994e-08,0.0,0.0,0.0,0.0
6,2,7,0,,,,9.9999994e-08,0.0,0.0,0.0,0.0
6,3,7,0,,,,9.9999994e-08,0.0,0.0,0.0,0.0
6,4,7,0,,,,9.9999994e-08,0.0,0.0,0.0,0.0
6,5,7,0,,,,9.9999994e-08,0.0,0.0,0.0,0.0
6,6,7,0,,,,3.343167e-05,0.0,0.0,0.0,35.62
6,7,7,0,,,,0.3459,0.0,0.0,0.0,96.65
6,8,7,0,,,,1.16095,0.0,0.0,0.0,253.4
6,9,7,0,,,,1.9067667,0.0,0.0,0.0,442.11
6,10,7,0,,,,2.5050333,0.0,0.0,0.0,552.07
6,11,7,0,,,,2.9246,0.0,0.0,0.0,582.93
6,12,7,0,,,,3.1563334,0.0,0.0,0.0,628.32
6,13,7,0,,,,3.08455,0.0,0.0,0.0,486.75
6,14,7,0,,,,2.8754,0.0,0.0,0.0,576.39
6,15,7,0,,,,2.7034333,0.0,0.0,0.0,353.78
6,16,7,0,,,,2.07695,0.0,0.0,0.0,57.29
6,17,7,0,,,,1.2780334,0.0,0.0,0.0,112.89
6,18,7,0,,,,0.46083334,0.0,0.0,0.0,24.39
6,19,7,0,,,,0.012933412,0.0,0.0,0.0,37.65
6,20,7,0,,,,9.9999994e-08,0.0,0.0,0.0,14.67
6,21,7,0,,,,9.9999994e-08,0.0,0.0,0.0,0.0
6,22,7,0,,,,9.9999994e-08,0.0,0.0,0.0,0.0
6,23,7,0,,,,9.9999994e-08,0.0,0.0,0.0,0.0
6,24,7,0,,,,9.9999994e-08,0.0,0.0,0.0,0.0
6,1,1,0,,,,9.9999994e-08,0.0,0.0,0.0,0.0
6,2,1,0,,,,9.9999994e-08,0.0,0.0,0.0,0.0
6,3,1,0,,,,9.9999994e-08,0.0,0.0,0.0,0.0
6,4,1,0,,,,9.9999994e-08,0.0,0.0,0.0,0.0
6,5,1,0,,,,9.9999994e-08,0.0,0.0,0.0,0.0
6,6,1,0,,,,9.833333e-08,0.0,0.0,0.0,1.6
6,7,1,0,,,,0.353,0.0,0.0,0.0,27.99
6,8,1,0,,,,1.1829333,0.0,0.0,0.0,167.36
6,9,1,0,,,,1.94075,0.0,0.0,0.0,232.89
6,10,1,0,,,,2.5480833,0.0,0.0,0.0,534.78
6,11,1,0,,,,2.97775,0.0,0.0,0.0,373.23
6,12,1,0,,,,3.18185,0.0,0.0,0.0,679.51
6,13,1,0,,,,3.22595,0.0,0.0,0.0,679.59
6,14,1,0,,,,3.0598,0.0,0.0,0.0,749.15
6,15,1,0,,,,2.6992333,0.0,0.0,0.0,659.64
6,16,1,0,,,,2.1182334,0.0,0.0,0.0,495.39
6,17,1,0,,,,1.3551333,0.0,0.0,0.0,362.16
6,18,1,0,,,,0.51516664,0.0,0.0,0.0,158.48
6,19,1,0,,,,0.015133412,0.0,0.0,0.0,63.85
6,20,1,0,,,,9.9999994e-08,0.0,0.0,0.0,6.34
6,21,1,0,,,,9.9999994e-08,0.0,0.0,0.0,0.0
6,22,1,0,,,,9.9999994e-08,0.0,0.0,0.0,0.0
6,23,1,0,,,,9.9999994e-08,0.0,0.0,0.0,0.0
6,24,1,0,,,,9.9999994e-08,0.0,0.0,0.0,0.0
6,1,2,0,,,,9.9999994e-08,0.0,0.0,0.0,0.0
6,2,2,0,,,,9.9999994e-08,0.0,0.0,0.0,0.0
6,3,2,0,,,,9.9999994e-08,0.0,0.0,0.0,0.0
6,4,2,0,,,,9.9999994e-08,0.0,0.0,0.0,0.0
6,5,2,0,,,,9.9999994e-08,0.0,0.0,0.0,0.0
6,6,2,0,,,,0.029900063,0.0,0.0,0.0,12.69
6,7,2,0,,,,0.16435,0.0,0.0,0.0,9.42
6,8,2,0,,,,0.65795,0.0,0.0,0.0,18.27
6,9,2,0,,,,1.9398167,0.0,0.0,0.0,284.44
6,10,2,0,,,,2.5257666,0.0,0.0,0.0,565.94
6,11,2,0,,,,2.9324334,0.0,0.0,0.0,577.98
6,12,2,0,,,,3.1350167,0.0,0.0,0.0,660.21
6,13,2,0,,,,3.2325168,0.0,0.0,0.0,562.72
6,14,2,0,,,,3.04985,0.0,0.0,0.0,612.96
6,15,2,0,,,,2.6811833,0.0,0.0,0.0,531.3
6,16,2,0,,,,2.1229334,0.0,0.0,0.0,434.04
6,17,2,0,,,,1.27155,0.0,0.0,0.0,346.79
6,18,2,0,,,,0.47618333,0.0,0.0,0.0,179.36
6,19,2,0,,,,0.02263341,0.0,0.0,0.0,43.12
6,20,2,0,,,,9.9999994e-08,0.0,0.0,0.0,14.08
6,21,2,0,,,,9.9999994e-08,0.0,0.0,0.0,0.0
6,22,2,0,,,,9.9999994e-08,0.0,0.0,0.0,0.0
6,23,2,0,,,,9.9999994e-08,0.0,0.0,0.0,0.0
6,24,2,0,,,,9.9999994e-08,0.0,0.0,0.0,0.0
6,1,3,0,,,,9.9999994e-08,0.0,0.0,0.0,0.0
6,2,3,0,,,,9.9999994e-08,0.0,0.0,0.0,0.0
6,3,3,0,,,,9.9999994e-08,0.0,0.0,0.0,0.0
6,4,3,0,,,,9.9999994e-08,0.0,0.0,0.0,0.0
6,5,3,0,,,,9.9999994e-08,0.0,0.0,0.0,0.0
6,6,3,0,,,,0.0031667582,0.0,0.0,0.0,1.62
6,7,3,0,,,,0.20201667,0.0,0.0,0.0,9.48
6,8,3,0,,,,0.70528334,0.0,0.0,0.0,77.49
6,9,3,0,,,,1.77115,0.0,0.0,0.0,49.23
6,10,3,0,,,,2.4743667,0.0,0.0,0.0,452.46
6,11,3,0,,,,2.95795,0.0,0.0,0.0,410.29
6,12,3,0,,,,3.1756334,0.0,0.0,0.0,744.8
6,13,3,0,,,,3.2072666,0.0,0.0,0.0,689.24
6,14,3,0,,,,3.0403,0.0,0.0,0.0,589.17
6,15,3,0,,,,2.66705,0.0,0.0,0.0,576.88
6,16,3,0,,,,1.9947833,0.0,0.0,0.0,515.83
6,17,3,0,,,,1.3477833,0.0,0.0,0.0,344.11
6,18,3,0,,,,0.49491668,0.0,0.0,0.0,178.02
6,19,3,0,,,,0.015916744,0.0,0.0,0.0,46.45
6,20,3,0,,,,9.9999994e-08,0.0,0.0,0.0,15.3
6,21,3,0,,,,9.9999994e-08,0.0,0.0,0.0,0.0
6,22,3,0,,,,9.9999994e-08,0.0,0.0,0.0,0.0
6,23,3,0,,,,9.9999994e-08,0.0,0.0,0.0,0.0
6,24,3,0,,,,9.9999994e-08,0.0,0.0,0.0,0.0
6,1,4,0,,,,9.833333e-08,0.0,0.0,0.0,0.0
6,2,4,0,,,,9.9999994e-08,0.0,0.0,0.0,0.0
6,3,4,0,,,,9.9999994e-08,0.0,0.0,0.0,0.0
6,4,4,0,,,,9.9999994e-08,0.0,0.0,0.0,0.0
6,5,4,0,,,,9.9999994e-08,0.0,0.0,0.0,0.0
6,6,4,0,,,,0.02756673,0.0,0.0,0.0,37.6
6,7,4,0,,,,0.25278333,0.0,0.0,0.0,92.77
6,8,4,0,,,,0.48525,0.0,0.0,0.0,281.51
6,9,4,0,,,,0.47438332,0.0,0.0,0.0,464.43
6,10,4,0,,,,1.8265166,0.0,0.0,0.0,599.2
6,11,4,0,,,,2.90285,0.0,0.0,0.0,709.99
6,12,4,0,,,,3.1771,0.0,0.0,0.0,765.1
6,13,4,0,,,,3.1858168,0.0,0.0,0.0,749.03
6,14,4,0,,,,3.0104833,0.0,0.0,0.0,603.4
6,15,4,0,,,,2.6504166,0.0,0.0,0.0,524.37
6,16,4,0,,,,2.0715,0.0,0.0,0.0,331.14
6,17,4,0,,,,1.076,0.0,0.0,0.0,182.46
6,18,4,0,,,,0.51916665,0.0,0.0,0.0,149.58
6,19,4,0,,,,0.056283403,0.0,0.0,0.0,61.58
6,20,4,0,,,,9.9999994e-08,0.0,0.0,0.0,17.16
6,21,4,0,,,,9.9999994e-08,0.0,0.0,0.0,0.0
6,22,4,0,,,,9.9999994e-08,0.0,0.0,0.0,0.0
6,23,4,0,,,,9.9999994e-08,0.0,0.0,0.0,0.0
6,24,4,0,,,,9.9999994e-08,0.0,0.0,0.0,0.0
6,1,5,0,,,,9.9999994e-08,0.0,0.0,0.0,0.0
6,2,5,0,,,,9.9999994e-08,0.0,0.0,0.0,0.0
6,3,5,0,,,,9.9999994e-08,0.0,0.0,0.0,0.0
6,4,5,0,,,,9.9999994e-08,0.0,0.0,0.0,0.0
6,5,5,0,,,,9.9999994e-08,0.0,0.0,0.0,0.0
6,6,5,0,,,,0.03106673,0.0,0.0,0.0,38.91
6,7,5,0,,,,0.33823332,0.0,0.0,0.0,98.32
6,8,5,0,,,,1.061,0.0,0.0,0.0,274.64
6,9,5,0,,,,1.8069,0.0,0.0,0.0,442.26
6,10,5,0,,,,2.4352167,0.0,0.0,0.0,585.43
6,11,5,0,,,,2.85845,0.0,0.0,0.0,692.64
6,12,5,0,,,,3.0914834,0.0,0.0,0.0,503.79
6,13,5,0,,,,3.1795166,0.0,0.0,0.0,722.51
6,14,5,0,,,,3.00755,0.0,0.0,0.0,569.56
6,15,5,0,,,,2.5986166,0.0,0.0,0.0,38.68
6,16,5,0,,,,2.0126333,0.0,0.0,0.0,31.44
6,17,5,0,,,,1.2466667,0.0,0.0,0.0,55.66
6,18,5,0,,,,0.4148667,0.0,0.0,0.0,136.71
6,19,5,0,,,,9.9999994e-08,0.0,0.0,0.0,43.55
6,20,5,0,,,,9.9999994e-08,0.0,0.0,0.0,17.05
6,21,5,0,,,,9.9999994e-08,0.0,0.0,0.0,0.0
6,22,5,0,,,,9.9999994e-08,0.0,0.0,0.0,0.0
6,23,5,0,,,,9.9999994e-08,0.0,0.0,0.0,0.0
6,24,5,0,,,,9.9999994e-08,0.0,0.0,0.0,0.0
6,1,6,0,,,,9.9999994e-08,0.0,0.0,0.0,0.0
6,2,6,0,,,,9.9999994e-08,0.0,0.0,0.0,0.0
6,3,6,0,,,,9.9999994e-08,0.0,0.0,0.0,0.0
6,4,6,0,,,,9.9999994e-08,0.0,0.0,0.0,0.0
6,5,6,0,,,,9.9999994e-08,0.0,0.0,0.0,0.0
6,6,6,0,,,,0.042166725,0.0,0.0,0.0,38.07
6,7,6,0,,,,0.28303334,0.0,0.0,0.0,97.15
6,8,6,0,,,,0.6436,0.0,0.0,0.0,272.61
6,9,6,0,,,,2.2779667,0.0,0.0,0.0,441.44
6,10,6,0,,,,1.1645833,0.0,0.0,0.0,551.85
6,11,6,0,,,,1.1355667,0.0,0.0,0.0,669.07
6,12,6,0,,,,2.7553167,0.0,0.0,0.0,737.85
6,13,6,0,,,,2.6864333,0.0,0.0,0.0,751.03
6,14,6,0,,,,2.5638833,0.0,0.0,0.0,708.68
6,15,6,0,,,,2.0316167,0.0,0.0,0.0,631.15
6,16,6,0,,,,1.8568333,0.0,0.0,0.0,509.48
6,17,6,0,,,,1.2973,0.0,0.0,0.0,368.56
6,18,6,0,,,,0.3251167,0.0,0.0,0.0,185.24
6,19,6,0,,,,6.6765e-05,0.0,0.0,0.0,33.05
6,20,6,0,,,,9.9999994e-08,0.0,0.0,0.0,17.45
6,21,6,0,,,,9.9999994e-08,0.0,0.0,0.0,0.0
6,22,6,0,,,,9.9999994e-08,0.0,0.0,0.0,0.0
6,23,6,0,,,,9.9999994e-08,0.0,0.0,0.0,0.0
6,24,6,0,,,,9.9999994e-08,0.0,0.0,0.0,0.0
6,1,7,0,,,,9.9999994e-08,0.0,0.0,0.0,0.0
6,2,7,0,,,,9.9999994e-08,0.0,0.0,0.0,0.0
6,3,7,0,,,,9.9999994e-08,0.0,0.0,0.0,0.0
6,4,7,0,,,,9.9999994e-08,0.0,0.0,0.0,0.0
6,5,7,0,,,,9.9999994e-08,0.0,0.0,0.0,0.0
6,6,7,0,,,,9.9999994e-08,0.0,0.0,0.0,37.33
6,7,7,0,,,,0.115366675,0.0,0.0,0.0,99.06
6,8,7,0,,,,0.2147,0.0,0.0,0.0,273.32
6,9,7,0,,,,0.6489,0.0,0.0,0.0,446.34
6,10,7,0,,,,0.55121666,0.0,0.0,0.0,588.07
6,11,7,0,,,,1.62705,0.0,0.0,0.0,705.44
6,12,7,0,,,,2.3750334,0.0,0.0,0.0,757.32
6,13,7,0,,,,1.0779667,0.0,0.0,0.0,715.73
6,14,7,0,,,,0.74688333,0.0,0.0,0.0,691.15
6,15,7,0,,,,1.7730334,0.0,0.0,0.0,626.08
6,16,7,0,,,,1.7087667,0.0,0.0,0.0,496.18
6,17,7,0,,,,1.4499667,0.0,0.0,0.0,338.42
6,18,7,0,,,,0.59985,0.0,0.0,0.0,181.53
6,19,7,0,,,,0.058316726,0.0,0.0,0.0,45.38
6,20,7,0,,,,9.9999994e-08,0.0,0.0,0.0,18.05
6,21,7,0,,,,9.9999994e-08,0.0,0.0,0.0,0.0
6,22,7,0,,,,9.9999994e-08,0.0,0.0,0.0,0.0
6,23,7,0,,,,9.9999994e-08,0.0,0.0,0.0,0.0
6,24,7,0,,,,9.9999994e-08,0.0,0.0,0.0,0.0
6,1,1,0,,,,9.9999994e-08,0.0,0.0,0.0,0.0
6,2,1,0,,,,9.9999994e-08,0.0,0.0,0.0,0.0
6,3,1,0,,,,9.9999994e-08,0.0,0.0,0.0,0.0
6,4,1,0,,,,9.9999994e-08,0.0,0.0,0.0,0.0
6,5,1,0,,,,9.9999994e-08,0.0,0.0,0.0,0.0
6,6,1,0,,,,6.6765e-05,0.0,0.0,0.0,37.16
6,7,1,0,,,,0.3936,0.0,0.0,0.0,100.87
6,8,1,0,,,,1.3741333,0.0,0.0,0.0,268.33
6,9,1,0,,,,2.1018834,0.0,0.0,0.0,441.24
6,10,1,0,,,,2.7361,0.0,0.0,0.0,581.58
6,11,1,0,,,,2.7236333,0.0,0.0,0.0,568.89
6,12,1,0,,,,3.4538667,0.0,0.0,0.0,643.2
6,13,1,0,,,,3.3989832,0.0,0.0,0.0,564.08
6,14,1,0,,,,3.1925333,0.0,0.0,0.0,604.86
6,15,1,0,,,,2.7871168,0.0,0.0,0.0,517.95
6,16,1,0,,,,2.1776166,0.0,0.0,0.0,424.09
6,17,1,0,,,,1.3997667,0.0,0.0,0.0,334.87
6,18,1,0,,,,0.5204167,0.0,0.0,0.0,184.88
6,19,1,0,,,,0.011266747,0.0,0.0,0.0,43.25
6,20,1,0,,,,9.9999994e-08,0.0,0.0,0.0,18.0
6,21,1,0,,,,9.9999994e-08,0.0,0.0,0.0,0.0
6,22,1,0,,,,9.9999994e-08,0.0,0.0,0.0,0.0
6,23,1,0,,,,9.9999994e-08,0.0,0.0,0.0,0.0
6,24,1,0,,,,9.9999994e-08,0.0,0.0,0.0,0.0
6,1,2,0,,,,9.9999994e-08,0.0,0.0,0.0,0.0
6,2,2,0,,,,9.9999994e-08,0.0,0.0,0.0,0.0
6,3,2,0,,,,9.9999994e-08,0.0,0.0,0.0,0.0
6,4,2,0,,,,9.9999994e-08,0.0,0.0,0.0,0.0
6,5,2,0,,,,9.9999994e-08,0.0,0.0,0.0,0.0
6,6,2,0,,,,9.9999994e-08,0.0,0.0,0.0,4.33
6,7,2,0,,,,0.37606665,0.0,0.0,0.0,22.74
6,8,2,0,,,,1.0909166,0.0,0.0,0.0,247.32
6,9,2,0,,,,1.9859,0.0,0.0,0.0,444.22
6,10,2,0,,,,2.69315,0.0,0.0,0.0,584.77
6,11,2,0,,,,3.0967166,0.0,0.0,0.0,696.09
6,12,2,0,,,,3.30515,0.0,0.0,0.0,744.58
6,13,2,0,,,,3.3555167,0.0,0.0,0.0,731.57
6,14,2,0,,,,3.1896667,0.0,0.0,0.0,682.1
6,15,2,0,,,,2.7862666,0.0,0.0,0.0,184.78
6,16,2,0,,,,2.1986167,0.0,0.0,0.0,193.85
6,17,2,0,,,,1.4294833,0.0,0.0,0.0,91.71
6,18,2,0,,,,0.56193334,0.0,0.0,0.0,169.86
6,19,2,0,,,,0.02391674,0.0,0.0,0.0,46.5
6,20,2,0,,,,9.9999994e-08,0.0,0.0,0.0,18.66
6,21,2,0,,,,9.9999994e-08,0.0,0.0,0.0,0.0
6,22,2,0,,,,9.9999994e-08,0.0,0.0,0.0,0.0
6,23,2,0,,,,9.9999994e-08,0.0,0.0,0.0,0.0
6,24,2,0,,,,9.9999994e-08,0.0,0.0,0.0,0.0
6,1,3,0,,,,9.9999994e-08,0.0,0.0,0.0,0.0
6,2,3,0,,,,9.9999994e-08,0.0,0.0,0.0,0.0
6,3,3,0,,,,9.9999994e-08,0.0,0.0,0.0,0.0
6,4,3,0,,,,9.9999994e-08,0.0,0.0,0.0,0.0
6,5,3,0,,,,9.9999994e-08,0.0,0.0,0.0,0.0
6,6,3,0,,,,9.9999994e-08,0.0,0.0,0.0,2.01
6,7,3,0,,,,0.28375,0.0,0.0,0.0,45.43
6,8,3,0,,,,1.0530334,0.0,0.0,0.0,216.98
6,9,3,0,,,,2.0019,0.0,0.0,0.0,382.04
6,10,3,0,,,,2.6229167,0.0,0.0,0.0,443.39
6,11,3,0,,,,3.0277333,0.0,0.0,0.0,578.44
6,12,3,0,,,,3.2894166,0.0,0.0,0.0,656.74
6,13,3,0,,,,3.34215,0.0,0.0,0.0,670.77
6,14,3,0,,,,3.1870167,0.0,0.0,0.0,665.37
6,15,3,0,,,,2.8098,0.0,0.0,0.0,139.97
6,16,3,0,,,,2.1988332,0.0,0.0,0.0,481.83
6,17,3,0,,,,1.4188167,0.0,0.0,0.0,306.06
6,18,3,0,,,,0.5596667,0.0,0.0,0.0,102.74
6,19,3,0,,,,0.021683406,0.0,0.0,0.0,50.71
6,20,3,0,,,,9.9999994e-08,0.0,0.0,0.0,6.59
6,21,3,0,,,,9.9999994e-08,0.0,0.0,0.0,0.0
6,22,3,0,,,,9.9999994e-08,0.0,0.0,0.0,0.0
6,23,3,0,,,,9.9999994e-08,0.0,0.0,0.0,0.0
6,24,3,0,,,,9.9999994e-08,0.0,0.0,0.0,0.0
6,1,4,0,,,,9.9999994e-08,0.0,0.0,0.0,0.0
6,2,4,0,,,,9.833333e-08,0.0,0.0,0.0,0.0
6,3,4,0,,,,9.9999994e-08,0.0,0.0,0.0,0.0
6,4,4,0,,,,9.9999994e-08,0.0,0.0,0.0,0.0
6,5,4,0,,,,9.9999994e-08,0.0,0.0,0.0,0.0
6,6,4,0,,,,9.9999994e-08,0.0,0.0,0.0,35.56
6,7,4,0,,,,0.35291666,0.0,0.0,0.0,100.33
6,8,4,0,,,,1.0543,0.0,0.0,0.0,262.23
6,9,4,0,,,,1.9527944,0.0,0.0,0.0,426.71
6,10,4,0,,,,2.59635,0.0,0.0,0.0,567.01
6,11,4,0,,,,3.0263667,0.0,0.0,0.0,684.35
6,12,4,0,,,,3.2751334,0.0,0.0,0.0,753.07
6,13,4,0,,,,3.29185,0.0,0.0,0.0,764.88
6,14,4,0,,,,3.1191332,0.0,0.0,0.0,745.51
6,15,4,0,,,,2.7881,0.0,0.0,0.0,653.6
6,16,4,0,,,,2.2040668,0.0,0.0,0.0,530.65
6,17,4,0,,,,1.4250166,0.0,0.0,0.0,317.01
6,18,4,0,,,,0.5704833,0.0,0.0,0.0,156.81
6,19,4,0,,,,0.022133406,0.0,0.0,0.0,45.0
6,20,4,0,,,,9.9999994e-08,0.0,0.0,0.0,19.77
6,21,4,0,,,,9.9999994e-08,0.0,0.0,0.0,0.0
6,22,4,0,,,,9.9999994e-08,0.0,0.0,0.0,0.0
6,23,4,0,,,,9.9999994e-08,0.0,0.0,0.0,0.0
6,24,4,0,,,,9.9999994e-08,0.0,0.0,0.0,0.0
6,1,5,0,,,,9.9999994e-08,0.0,0.0,0.0,0.0
6,2,5,0,,,,9.9999994e-08,0.0,0.0,0.0,0.0
6,3,5,0,,,,9.9999994e-08,0.0,0.0,0.0,0.0
6,4,5,0,,,,9.9999994e-08,0.0,0.0,0.0,0.0
6,5,5,0,,,,9.9999994e-08,0.0,0.0,0.0,1.61
6,6,5,0,,,,0.00043342667,0.0,0.0,0.0,20.71
6,7,5,0,,,,0.38688335,0.0,0.0,0.0,106.33
6,8,5,0,,,,1.2506167,0.0,0.0,0.0,159.26
6,9,5,0,,,,1.8015833,0.0,0.0,0.0,153.47
6,10,5,0,,,,2.58365,0.0,0.0,0.0,547.04
6,11,5,0,,,,2.9754667,0.0,0.0,0.0,648.91
6,12,5,0,,,,3.2346,0.0,0.0,0.0,586.93
6,13,5,0,,,,3.2647166,0.0,0.0,0.0,659.11
6,14,5,0,,,,3.0947833,0.0,0.0,0.0,618.39
6,15,5,0,,,,2.75075,0.0,0.0,0.0,592.39
6,16,5,0,,,,2.1745834,0.0,0.0,0.0,505.43
6,17,5,0,,,,1.41085,0.0,0.0,0.0,356.52
6,18,5,0,,,,0.5550333,0.0,0.0,0.0,177.03
6,19,5,0,,,,0.024316737,0.0,0.0,0.0,50.83
6,20,5,0,,,,9.9999994e-08,0.0,0.0,0.0,19.76
6,21,5,0,,,,9.9999994e-08,0.0,0.0,0.0,0.0
6,22,5,0,,,,9.9999994e-08,0.0,0.0,0.0,0.0
6,23,5,0,,,,9.9999994e-08,0.0,0.0,0.0,0.0
6,24,5,0,,,,9.9999994e-08,0.0,0.0,0.0,0.0
6,1,6,0,,,,9.9999994e-08,0.0,0.0,0.0,0.0
6,2,6,0,,,,9.9999994e-08,0.0,0.0,0.0,0.0
6,3,6,0,,,,9.9999994e-08,0.0,0.0,0.0,0.0
6,4,6,0,,,,9.9999994e-08,0.0,0.0,0.0,0.0
6,5,6,0,,,,9.9999994e-08,0.0,0.0,0.0,1.59
6,6,6,0,,,,0.00033342667,0.0,0.0,0.0,1.59
6,7,6,0,,,,0.38223332,0.0,0.0,0.0,98.83
6,8,6,0,,,,1.2417333,0.0,0.0,0.0,123.3
6,9,6,0,,,,2.0032666,0.0,0.0,0.0,254.65
6,10,6,0,,,,2.6076667,0.0,0.0,0.0,451.96
6,11,6,0,,,,2.7793834,0.0,0.0,0.0,646.66
6,12,6,0,,,,3.2045834,0.0,0.0,0.0,695.53
6,13,6,0,,,,3.2407832,0.0,0.0,0.0,698.04
6,14,6,0,,,,3.0810168,0.0,0.0,0.0,670.44
6,15,6,0,,,,2.7423666,0.0,0.0,0.0,472.62
6,16,6,0,,,,2.1586168,0.0,0.0,0.0,53.13
6,17,6,0,,,,1.3693334,0.0,0.0,0.0,27.22
6,18,6,0,,,,0.5476,0.0,0.0,0.0,49.28
6,19,6,0,,,,0.020472296,0.0,0.0,0.0,61.78
6,20,6,0,,,,9.9999994e-08,0.0,0.0,0.0,17.7
6,21,6,0,,,,9.9999994e-08,0.0,0.0,0.0,0.0
6,22,6,0,,,,9.9999994e-08,0.0,0.0,0.0,0.0
6,23,6,0,,,,9.9999994e-08,0.0,0.0,0.0,0.0
6,24,6,0,,,,9.9999994e-08,0.0,0.0,0.0,0.0
6,1,7,0,,,,9.9999994e-08,0.0,0.0,0.0,0.0
6,2,7,0,,,,9.9999994e-08,0.0,0.0,0.0,0.0
6,3,7,0,,,,9.9999994e-08,0.0,0.0,0.0,0.0
6,4,7,0,,,,9.9999994e-08,0.0,0.0,0.0,0.0
6,5,7,0,,,,9.9999994e-08,0.0,0.0,0.0,1.58
6,6,7,0,,,,0.00066675665,0.0,0.0,0.0,21.2
6,7,7,0,,,,0.38924444,0.0,0.0,0.0,103.05
6,8,7,0,,,,1.2179333,0.0,0.0,0.0,266.6
6,9,7,0,,,,1.9748722,0.0,0.0,0.0,438.14
6,10,7,0,,,,2.529925,0.0,0.0,0.0,592.77
6,11,7,0,,,,2.9336333,0.0,0.0,0.0,706.28
6,12,7,0,,,,3.1474667,0.0,0.0,0.0,748.13
6,13,7,0,,,,2.9894667,0.0,0.0,0.0,754.72
6,14,7,0,,,,3.0562,0.0,0.0,0.0,726.21
6,15,7,0,,,,2.6836834,0.0,0.0,0.0,621.97
6,16,7,0,,,,2.1001167,0.0,0.0,0.0,487.88
6,17,7,0,,,,1.3502834,0.0,0.0,0.0,350.44
6,18,7,0,,,,0.53218335,0.0,0.0,0.0,191.35
6,19,7,0,,,,0.023116738,0.0,0.0,0.0,45.29
6,20,7,0,,,,9.9999994e-08,0.0,0.0,0.0,20.62
6,21,7,0,,,,9.9999994e-08,0.0,0.0,0.0,0.0
6,22,7,0,,,,9.9999994e-08,0.0,0.0,0.0,0.0
6,23,7,0,,,,9.9999994e-08,0.0,0.0,0.0,0.0
6,24,7,0,,,,9.9999994e-08,0.0,0.0,0.0,0.0
6,1,1,0,,,,9.9999994e-08,0.0,0.0,0.0,0.0
6,2,1,0,,,,9.9999994e-08,0.0,0.0,0.0,0.0
6,3,1,0,,,,9.9999994e-08,0.0,0.0,0.0,0.0
6,4,1,0,,,,9.9999994e-08,0.0,0.0,0.0,0.0
6,5,1,0,,,,9.9999994e-08,0.0,0.0,0.0,1.6
6,6,1,0,,,,0.012916732,0.0,0.0,0.0,2.02
6,7,1,0,,,,0.39095,0.0,0.0,0.0,107.93
6,8,1,0,,,,1.1926556,0.0,0.0,0.0,277.76
6,9,1,0,,,,1.9457834,0.0,0.0,0.0,459.37
6,10,1,0,,,,2.5284667,0.0,0.0,0.0,578.59
6,11,1,0,,,,2.91225,0.0,0.0,0.0,656.83
6,12,1,0,,,,3.1350722,0.0,0.0,0.0,689.34
6,13,1,0,,,,3.1492333,0.0,0.0,0.0,661.74
6,14,1,0,,,,3.00265,0.0,0.0,0.0,559.16
6,15,1,0,,,,2.6025,0.0,0.0,0.0,515.85
6,16,1,0,,,,1.8529723,0.0,0.0,0.0,326.35
6,17,1,0,,,,1.32815,0.0,0.0,0.0,301.12
6,18,1,0,,,,0.5159278,0.0,0.0,0.0,189.1
6,19,1,0,,,,0.017216742,0.0,0.0,0.0,44.8
6,20,1,0,,,,9.9999994e-08,0.0,0.0,0.0,20.46
6,21,1,0,,,,9.9999994e-08,0.0,0.0,0.0,0.0
6,22,1,0,,,,9.9999994e-08,0.0,0.0,0.0,0.0
6,23,1,0,,,,9.9999994e-08,0.0,0.0,0.0,0.0
6,24,1,0,,,,9.9999994e-08,0.0,0.0,0.0,0.0
6,1,2,0,,,,9.9999994e-08,0.0,0.0,0.0,0.0
6,2,2,0,,,,9.9999994e-08,0.0,0.0,0.0,0.0
6,3,2,0,,,,9.9999994e-08,0.0,0.0,0.0,0.0
6,4,2,0,,,,9.9999994e-08,0.0,0.0,0.0,0.0
6,5,2,0,,,,9.9999994e-08,0.0,0.0,0.0,1.61
6,6,2,0,,,,0.0011667534,0.0,0.0,0.0,35.26
6,7,2,0,,,,0.36146668,0.0,0.0,0.0,94.92
6,8,2,0,,,,1.18165,0.0,0.0,0.0,263.59
6,9,2,0,,,,1.9222667,0.0,0.0,0.0,403.17
6,10,2,0,,,,2.4976332,0.0,0.0,0.0,570.7
6,11,2,0,,,,2.90275,0.0,0.0,0.0,631.56
6,12,2,0,,,,3.1043,0.0,0.0,0.0,207.91
6,13,2,0,,,,3.1135833,0.0,0.0,0.0,517.15
6,14,2,0,,,,2.9656832,0.0,0.0,0.0,541.0
6,15,2,0,,,,2.6261168,0.0,0.0,0.0,561.06
6,16,2,0,,,,2.1099555,0.0,0.0,0.0,522.32
6,17,2,0,,,,1.3654166,0.0,0.0,0.0,363.85
6,18,2,0,,,,0.5500944,0.0,0.0,0.0,185.36
6,19,2,0,,,,0.023583405,0.0,0.0,0.0,45.05
6,20,2,0,,,,9.9999994e-08,0.0,0.0,0.0,20.35
6,21,2,0,,,,9.9999994e-08,0.0,0.0,0.0,0.0
6,22,2,0,,,,9.9999994e-08,0.0,0.0,0.0,0.0
6,23,2,0,,,,9.9999994e-08,0.0,0.0,0.0,0.0
6,24,2,0,,,,9.9999994e-08,0.0,0.0,0.0,0.0
6,1,3,0,,,,9.9999994e-08,0.0,0.0,0.0,0.0
6,2,3,0,,,,9.9999994e-08,0.0,0.0,0.0,0.0
6,3,3,0,,,,9.9999994e-08,0.0,0.0,0.0,0.0
6,4,3,0,,,,9.9999994e-08,0.0,0.0,0.0,0.0
6,5,3,0,,,,9.9999994e-08,0.0,0.0,0.0,1.59
6,6,3,0,,,,9.9999994e-08,0.0,0.0,0.0,36.42
6,7,3,0,,,,0.35081667,0.0,0.0,0.0,96.18
6,8,3,0,,,,1.2045833,0.0,0.0,0.0,264.84
6,9,3,0,,,,1.9597167,0.0,0.0,0.0,435.95
6,10,3,0,,,,2.5601332,0.0,0.0,0.0,569.42
6,11,3,0,,,,2.9520667,0.0,0.0,0.0,670.87
6,12,3,0,,,,3.1812167,0.0,0.0,0.0,702.96
6,13,3,0,,,,3.2104445,0.0,0.0,0.0,741.1
6,14,3,0,,,,3.0737166,0.0,0.0,0.0,715.43
6,15,3,0,,,,2.7346334,0.0,0.0,0.0,637.19
6,16,3,0,,,,2.1608667,0.0,0.0,0.0,513.6
6,17,3,0,,,,1.4269667,0.0,0.0,0.0,353.18
6,18,3,0,,,,0.5778583,0.0,0.0,0.0,189.49
6,19,3,0,,,,0.024566738,0.0,0.0,0.0,48.79
6,20,3,0,,,,9.9999994e-08,0.0,0.0,0.0,20.26
6,21,3,0,,,,9.9999994e-08,0.0,0.0,0.0,0.0
6,22,3,0,,,,9.9999994e-08,0.0,0.0,0.0,0.0
6,23,3,0,,,,9.9999994e-08,0.0,0.0,0.0,0.0
6,24,3,0,,,,9.9999994e-08,0.0,0.0,0.0,0.0
6,1,4,0,,,,9.9999994e-08,0.0,0.0,0.0,0.0
6,2,4,0,,,,9.9999994e-08,0.0,0.0,0.0,0.0
6,3,4,0,,,,9.9999994e-08,0.0,0.0,0.0,0.0
6,4,4,0,,,,9.9999994e-08,0.0,0.0,0.0,0.0
6,5,4,0,,,,9.9999994e-08,0.0,0.0,0.0,1.57
6,6,4,0,,,,0.0016667517,0.0,0.0,0.0,26.18
6,7,4,0,,,,0.36969444,0.0,0.0,0.0,104.76
6,8,4,0,,,,1.1790667,0.0,0.0,0.0,256.81
6,9,4,0,,,,1.94855,0.0,0.0,0.0,425.56
6,10,4,0,,,,2.55305,0.0,0.0,0.0,566.63
6,11,4,0,,,,3.0134666,0.0,0.0,0.0,671.03
6,12,4,0,,,,3.2326334,0.0,0.0,0.0,655.62
6,13,4,0,,,,3.2278779,0.0,0.0,0.0,713.48
6,14,4,0,,,,3.0377667,0.0,0.0,0.0,669.16
6,15,4,0,,,,2.680539,0.0,0.0,0.0,605.15
6,16,4,0,,,,2.0999167,0.0,0.0,0.0,502.21
6,17,4,0,,,,1.3695,0.0,0.0,0.0,363.85
6,18,4,0,,,,0.5589167,0.0,0.0,0.0,190.04
6,19,4,0,,,,0.026383406,0.0,0.0,0.0,44.34
6,20,4,0,,,,9.9999994e-08,0.0,0.0,0.0,17.18
6,21,4,0,,,,9.9999994e-08,0.0,0.0,0.0,0.0
6,22,4,0,,,,9.9999994e-08,0.0,0.0,0.0,0.0
6,23,4,0,,,,9.9999994e-08,0.0,0.0,0.0,0.0
6,24,4,0,,,,9.9999994e-08,0.0,0.0,0.0,0.0
6,1,5,0,,,,9.9999994e-08,0.0,0.0,0.0,0.0
6,2,5,0,,,,9.9999994e-08,0.0,0.0,0.0,0.0
6,3,5,0,,,,9.9999994e-08,0.0,0.0,0.0,0.0
6,4,5,0,,,,9.9999994e-08,0.0,0.0,0.0,0.0
6,5,5,0,,,,9.9999994e-08,0.0,0.0,0.0,0.0
6,6,5,0,,,,9.9999994e-08,0.0,0.0,0.0,1.57
6,7,5,0,,,,0.33981943,0.0,0.0,0.0,49.49
6,8,5,0,,,,1.16815,0.0,0.0,0.0,154.93
6,9,5,0,,,,1.7145083,0.0,0.0,0.0,54.86
6,10,5,0,,,,2.4861,0.0,0.0,0.0,132.87
6,11,5,0,,,,2.9088666,0.0,0.0,0.0,457.67
6,12,5,0,,,,3.1381,0.0,0.0,0.0,549.23
6,13,5,0,,,,3.1771057,0.0,0.0,0.0,721.52
6,14,5,0,,,,3.0124166,0.0,0.0,0.0,665.51
6,15,5,0,,,,2.6657166,0.0,0.0,0.0,584.31
6,16,5,0,,,,2.06615,0.0,0.0,0.0,453.34
6,17,5,0,,,,1.3127,0.0,0.0,0.0,223.53
6,18,5,0,,,,0.50853336,0.0,0.0,0.0,14.31
6,19,5,0,,,,0.020300072,0.0,0.0,0.0,13.09
6,20,5,0,,,,9.9999994e-08,0.0,0.0,0.0,1.48
6,21,5,0,,,,9.9999994e-08,0.0,0.0,0.0,0.0
6,22,5,0,,,,9.9999994e-08,0.0,0.0,0.0,0.0
6,23,5,0,,,,9.9999994e-08,0.0,0.0,0.0,0.0
6,24,5,0,,,,9.9999994e-08,0.0,0.0,0.0,0.0
6,1,6,0,,,,9.9999994e-08,0.0,0.0,0.0,0.0
6,2,6,0,,,,9.9999994e-08,0.0,0.0,0.0,0.0
6,3,6,0,,,,9.9999994e-08,0.0,0.0,0.0,0.0
6,4,6,0,,,,9.9999994e-08,0.0,0.0,0.0,0.0
6,5,6,0,,,,9.9999994e-08,0.0,0.0,0.0,0.0
6,6,6,0,,,,0.083105594,0.0,0.0,0.0,1.57
6,7,6,0,,,,0.56665,0.0,0.0,0.0,11.7
6,8,6,0,,,,1.1903722,0.0,0.0,0.0,160.66
6,9,6,0,,,,1.4937333,0.0,0.0,0.0,330.04
6,10,6,0,,,,2.4806945,0.0,0.0,0.0,574.0
6,11,6,0,,,,2.36865,0.0,0.0,0.0,683.91
6,12,6,0,,,,3.1336167,0.0,0.0,0.0,733.94
6,13,6,0,,,,3.05955,0.0,0.0,0.0,758.37
6,14,6,0,,,,2.7893388,0.0,0.0,0.0,744.35
6,15,6,0,,,,2.5843778,0.0,0.0,0.0,649.4
6,16,6,0,,,,1.9964334,0.0,0.0,0.0,528.87
6,17,6,0,,,,1.2798333,0.0,0.0,0.0,363.96
6,18,6,0,,,,0.51015,0.0,0.0,0.0,191.0
6,19,6,0,,,,0.023794515,0.0,0.0,0.0,49.64
6,20,6,0,,,,9.9999994e-08,0.0,0.0,0.0,21.11
6,21,6,0,,,,9.9999994e-08,0.0,0.0,0.0,0.0
6,22,6,0,,,,9.9999994e-08,0.0,0.0,0.0,0.0
6,23,6,0,,,,9.9999994e-08,0.0,0.0,0.0,0.0
6,24,6,0,,,,9.9999994e-08,0.0,0.0,0.0,0.0
6,1,7,0,,,,9.9999994e-08,0.0,0.0,0.0,0.0
6,2,7,0,,,,9.9999994e-08,0.0,0.0,0.0,0.0
6,3,7,0,,,,9.9999994e-08,0.0,0.0,0.0,0.0
6,4,7,0,,,,9.9999994e-08,0.0,0.0,0.0,0.0
6,5,7,0,,,,9.9999994e-08,0.0,0.0,0.0,0.0
6,6,7,0,,,,0.00013342833,0.0,0.0,0.0,25.73
6,7,7,0,,,,0.33393332,0.0,0.0,0.0,100.01
6,8,7,0,,,,1.1457167,0.0,0.0,0.0,277.41
6,9,7,0,,,,1.8941166,0.0,0.0,0.0,457.01
6,10,7,0,,,,2.47245,0.0,0.0,0.0,523.89
6,11,7,0,,,,2.8503,0.0,0.0,0.0,719.59
6,12,7,0,,,,3.0449834,0.0,0.0,0.0,783.55
6,13,7,0,,,,3.12765,0.0,0.0,0.0,797.14
6,14,7,0,,,,3.0551333,0.0,0.0,0.0,776.84
6,15,7,0,,,,2.6915667,0.0,0.0,0.0,681.62
6,16,7,0,,,,2.1342168,0.0,0.0,0.0,558.81
6,17,7,0,,,,1.3954,0.0,0.0,0.0,394.95
6,18,7,0,,,,0.56166667,0.0,0.0,0.0,201.59
6,19,7,0,,,,0.026083402,0.0,0.0,0.0,37.66
6,20,7,0,,,,9.9999994e-08,0.0,0.0,0.0,21.12
6,21,7,0,,,,9.9999994e-08,0.0,0.0,0.0,0.0
6,22,7,0,,,,9.9999994e-08,0.0,0.0,0.0,0.0
6,23,7,0,,,,9.9999994e-08,0.0,0.0,0.0,0.0
6,24,7,0,,,,9.9999994e-08,0.0,0.0,0.0,0.0
6,1,1,0,,,,9.9999994e-08,0.0,0.0,0.0,0.0
6,2,1,0,,,,9.9999994e-08,0.0,0.0,0.0,0.0
6,3,1,0,,,,9.9999994e-08,0.0,0.0,0.0,0.0
6,4,1,0,,,,9.9999994e-08,0.0,0.0,0.0,0.0
6,5,1,0,,,,9.9999994e-08,0.0,0.0,0.0,0.0
6,6,1,0,,,,6.676167e-05,0.0,0.0,0.0,29.19
6,7,1,0,,,,0.33301666,0.0,0.0,0.0,104.21
6,8,1,0,,,,1.1377333,0.0,0.0,0.0,270.41
6,9,1,0,,,,1.8815666,0.0,0.0,0.0,441.43
6,10,1,0,,,,2.4781168,0.0,0.0,0.0,560.78
6,11,1,0,,,,2.8870332,0.0,0.0,0.0,663.13
6,12,1,0,,,,3.1847389,0.0,0.0,0.0,713.46
6,13,1,0,,,,3.2489333,0.0,0.0,0.0,739.14
6,14,1,0,,,,3.0985832,0.0,0.0,0.0,704.98
6,15,1,0,,,,2.7206,0.0,0.0,0.0,622.35
6,16,1,0,,,,2.1392167,0.0,0.0,0.0,507.75
6,17,1,0,,,,1.4058944,0.0,0.0,0.0,341.97
6,18,1,0,,,,0.5811833,0.0,0.0,0.0,198.14
6,19,1,0,,,,0.030766739,0.0,0.0,0.0,51.17
6,20,1,0,,,,9.9999994e-08,0.0,0.0,0.0,20.95
6,21,1,0,,,,9.9999994e-08,0.0,0.0,0.0,0.0
6,22,1,0,,,,9.9999994e-08,0.0,0.0,0.0,0.0
6,23,1,0,,,,9.9999994e-08,0.0,0.0,0.0,0.0
6,24,1,0,,,,9.9999994e-08,0.0,0.0,0.0,0.0
6,1,2,0,,,,9.9999994e-08,0.0,0.0,0.0,0.0
6,2,2,0,,,,9.9999994e-08,0.0,0.0,0.0,0.0
6,3,2,0,,,,9.9999994e-08,0.0,0.0,0.0,0.0
6,4,2,0,,,,9.9999994e-08,0.0,0.0,0.0,0.0
6,5,2,0,,,,9.9999994e-08,0.0,0.0,0.0,0.0
6,6,2,0,,,,9.9999994e-08,0.0,0.0,0.0,35.53
6,7,2,0,,,,0.34263334,0.0,0.0,0.0,95.26
6,8,2,0,,,,1.2031167,0.0,0.0,0.0,217.94
6,9,2,0,,,,1.9825166,0.0,0.0,0.0,407.09
6,10,2,0,,,,2.5855668,0.0,0.0,0.0,558.05
6,11,2,0,,,,2.9877667,0.0,0.0,0.0,499.53
6,12,2,0,,,,3.1605334,0.0,0.0,0.0,47.7
6,13,2,0,,,,3.2762334,0.0,0.0,0.0,66.82
6,14,2,0,,,,3.16645,0.0,0.0,0.0,78.57
6,15,2,0,,,,2.8258166,0.0,0.0,0.0,85.09
6,16,2,0,,,,2.2506166,0.0,0.0,0.0,461.89
6,17,2,0,,,,1.5134833,0.0,0.0,0.0,66.6
6,18,2,0,,,,0.63671666,0.0,0.0,0.0,181.32
6,19,2,0,,,,0.032850068,0.0,0.0,0.0,47.93
6,20,2,0,,,,9.9999994e-08,0.0,0.0,0.0,2.34
6,21,2,0,,,,9.9999994e-08,0.0,0.0,0.0,0.0
6,22,2,0,,,,9.9999994e-08,0.0,0.0,0.0,0.0
6,23,2,0,,,,9.9999994e-08,0.0,0.0,0.0,0.0
6,24,2,0,,,,9.9999994e-08,0.0,0.0,0.0,0.0
6,1,3,0,,,,9.9999994e-08,0.0,0.0,0.0,0.0
6,2,3,0,,,,9.9999994e-08,0.0,0.0,0.0,0.0
6,3,3,0,,,,9.9999994e-08,0.0,0.0,0.0,0.0
6,4,3,0,,,,9.9999994e-08,0.0,0.0,0.0,0.0
6,5,3,0,,,,9.9999994e-08,0.0,0.0,0.0,0.0
6,6,3,0,,,,9.9999994e-08,0.0,0.0,0.0,20.24
6,7,3,0,,,,0.29848334,0.0,0.0,0.0,39.9
6,8,3,0,,,,0.96001667,0.0,0.0,0.0,218.56
6,9,3,0,,,,1.9589334,0.0,0.0,0.0,170.65
6,10,3,0,,,,2.5731168,0.0,0.0,0.0,190.47
6,11,3,0,,,,3.0012333,0.0,0.0,0.0,208.76
6,12,3,0,,,,3.2340167,0.0,0.0,0.0,495.0
6,13,3,0,,,,3.2235334,0.0,0.0,0.0,260.66
6,14,3,0,,,,3.05185,0.0,0.0,0.0,242.12
6,15,3,0,,,,2.7236,0.0,0.0,0.0,539.21
6,16,3,0,,,,2.2083166,0.0,0.0,0.0,544.36
6,17,3,0,,,,1.4584167,0.0,0.0,0.0,255.14
6,18,3,0,,,,0.5987667,0.0,0.0,0.0,15.63
6,19,3,0,,,,0.028683402,0.0,0.0,0.0,73.2
6,20,3,0,,,,9.9999994e-08,0.0,0.0,0.0,10.31
6,21,3,0,,,,9.9999994e-08,0.0,0.0,0.0,0.0
6,22,3,0,,,,9.9999994e-08,0.0,0.0,0.0,0.0
6,23,3,0,,,,9.9999994e-08,0.0,0.0,0.0,0.0
6,24,3,0,,,,9.9999994e-08,0.0,0.0,0.0,0.0
6,1,4,0,,,,9.9999994e-08,0.0,0.0,0.0,0.0
6,2,4,0,,,,9.9999994e-08,0.0,0.0,0.0,0.0
6,3,4,0,,,,9.9999994e-08,0.0,0.0,0.0,0.0
6,4,4,0,,,,9.9999994e-08,0.0,0.0,0.0,0.0
6,5,4,0,,,,9.9999994e-08,0.0,0.0,0.0,0.0
6,6,4,0,,,,9.9999994e-08,0.0,0.0,0.0,28.54
6,7,4,0,,,,0.30365,0.0,0.0,0.0,84.25
6,8,4,0,,,,1.1345,0.0,0.0,0.0,287.66
6,9,4,0,,,,1.9000334,0.0,0.0,0.0,483.22
6,10,4,0,,,,2.5004334,0.0,0.0,0.0,604.5
6,11,4,0,,,,2.8872166,0.0,0.0,0.0,626.95
6,12,4,0,,,,3.1134334,0.0,0.0,0.0,464.18
6,13,4,0,,,,3.12015,0.0,0.0,0.0,667.53
6,14,4,0,,,,2.8781834,0.0,0.0,0.0,120.37
6,15,4,0,,,,2.6448834,0.0,0.0,0.0,314.04
6,16,4,0,,,,2.0988333,0.0,0.0,0.0,83.74
6,17,4,0,,,,1.3689667,0.0,0.0,0.0,315.22
6,18,4,0,,,,0.5453,0.0,0.0,0.0,167.09
6,19,4,0,,,,0.025983403,0.0,0.0,0.0,40.26
6,20,4,0,,,,9.9999994e-08,0.0,0.0,0.0,20.72
6,21,4,0,,,,9.9999994e-08,0.0,0.0,0.0,0.0
6,22,4,0,,,,9.9999994e-08,0.0,0.0,0.0,0.0
6,23,4,0,,,,9.9999994e-08,0.0,0.0,0.0,0.0
6,24,4,0,,,,9.9999994e-08,0.0,0.0,0.0,0.0
6,1,5,0,,,,9.9999994e-08,0.0,0.0,0.0,0.0
6,2,5,0,,,,9.9999994e-08,0.0,0.0,0.0,0.0
6,3,5,0,,,,9.9999994e-08,0.0,0.0,0.0,0.0
6,4,5,0,,,,9.9999994e-08,0.0,0.0,0.0,0.0
6,5,5,0,,,,9.9999994e-08,0.0,0.0,0.0,0.0
6,6,5,0,,,,0.0037834167,0.0,0.0,0.0,1.66
6,7,5,0,,,,0.33523333,0.0,0.0,0.0,9.01
6,8,5,0,,,,1.1069223,0.0,0.0,0.0,50.33
6,9,5,0,,,,1.8801,0.0,0.0,0.0,92.18
6,10,5,0,,,,2.4762666,0.0,0.0,0.0,378.8
6,11,5,0,,,,2.8968666,0.0,0.0,0.0,696.78
6,12,5,0,,,,3.1223,0.0,0.0,0.0,441.16
6,13,5,0,,,,3.21575,0.0,0.0,0.0,535.93
6,14,5,0,,,,3.050961,0.0,0.0,0.0,584.37
6,15,5,0,,,,2.6833668,0.0,0.0,0.0,680.57
6,16,5,0,,,,2.1184444,0.0,0.0,0.0,424.74
6,17,5,0,,,,1.14765,0.0,0.0,0.0,390.19
6,18,5,0,,,,0.53114444,0.0,0.0,0.0,192.68
6,19,5,0,,,,0.02280007,0.0,0.0,0.0,44.26
6,20,5,0,,,,9.9999994e-08,0.0,0.0,0.0,21.33
6,21,5,0,,,,9.9999994e-08,0.0,0.0,0.0,0.0
6,22,5,0,,,,9.9999994e-08,0.0,0.0,0.0,0.0
6,23,5,0,,,,9.9999994e-08,0.0,0.0,0.0,0.0
6,24,5,0,,,,9.9999994e-08,0.0,0.0,0.0,0.0
7,1,6,0,,,,9.9999994e-08,0.0,0.0,0.0,0.0
7,2,6,0,,,,9.9999994e-08,0.0,0.0,0.0,0.0
7,3,6,0,,,,9.9999994e-08,0.0,0.0,0.0,0.0
7,4,6,0,,,,9.9999994e-08,0.0,0.0,0.0,0.0
7,5,6,0,,,,9.9999994e-08,0.0,0.0,0.0,0.0
7,6,6,0,,,,0.00016676166,0.0,0.0,0.0,36.2
7,7,6,0,,,,0.29988334,0.0,0.0,0.0,87.64
7,8,6,0,,,,1.0738833,0.0,0.0,0.0,264.07
7,9,6,0,,,,1.847,0.0,0.0,0.0,438.36
7,10,6,0,,,,2.4764833,0.0,0.0,0.0,587.05
7,11,6,0,,,,2.8968666,0.0,0.0,0.0,684.31
7,12,6,0,,,,3.1275666,0.0,0.0,0.0,736.15
7,13,6,0,,,,3.1863,0.0,0.0,0.0,757.63
7,14,6,0,,,,3.0179334,0.0,0.0,0.0,728.24
7,15,6,0,,,,2.6632333,0.0,0.0,0.0,645.67
7,16,6,0,,,,2.1013834,0.0,0.0,0.0,534.61
7,17,6,0,,,,1.35445,0.0,0.0,0.0,373.48
7,18,6,0,,,,0.53496665,0.0,0.0,0.0,193.25
7,19,6,0,,,,0.027866734,0.0,0.0,0.0,52.03
7,20,6,0,,,,9.9999994e-08,0.0,0.0,0.0,19.49
7,21,6,0,,,,9.9999994e-08,0.0,0.0,0.0,0.0
7,22,6,0,,,,9.9999994e-08,0.0,0.0,0.0,0.0
7,23,6,0,,,,9.9999994e-08,0.0,0.0,0.0,0.0
7,24,6,0,,,,9.9999994e-08,0.0,0.0,0.0,0.0
7,1,7,0,,,,9.9999994e-08,0.0,0.0,0.0,0.0
7,2,7,0,,,,9.9999994e-08,0.0,0.0,0.0,0.0
7,3,7,0,,,,9.9999994e-08,0.0,0.0,0.0,0.0
7,4,7,0,,,,9.9999994e-08,0.0,0.0,0.0,0.0
7,5,7,0,,,,9.9999994e-08,0.0,0.0,0.0,0.0
7,6,7,0,,,,9.9999994e-08,0.0,0.0,0.0,29.48
7,7,7,0,,,,0.28983334,0.0,0.0,0.0,97.95
7,8,7,0,,,,1.0883666,0.0,0.0,0.0,225.87
7,9,7,0,,,,1.8588834,0.0,0.0,0.0,393.48
7,10,7,0,,,,2.4684668,0.0,0.0,0.0,319.71
7,11,7,0,,,,2.8995333,0.0,0.0,0.0,652.0
7,12,7,0,,,,3.1477334,0.0,0.0,0.0,669.68
7,13,7,0,,,,3.2136166,0.0,0.0,0.0,232.5
7,14,7,0,,,,3.0344834,0.0,0.0,0.0,126.59
7,15,7,0,,,,2.6818666,0.0,0.0,0.0,322.32
7,16,7,0,,,,2.1378834,0.0,0.0,0.0,515.49
7,17,7,0,,,,1.415325,0.0,0.0,0.0,185.24
7,18,7,0,,,,0.5846083,0.0,0.0,0.0,184.46
7,19,7,0,,,,0.030766733,0.0,0.0,0.0,54.69
7,20,7,0,,,,9.9999994e-08,0.0,0.0,0.0,19.44
7,21,7,0,,,,9.9999994e-08,0.0,0.0,0.0,0.0
7,22,7,0,,,,9.9999994e-08,0.0,0.0,0.0,0.0
7,23,7,0,,,,9.9999994e-08,0.0,0.0,0.0,0.0
7,24,7,0,,,,9.9999994e-08,0.0,0.0,0.0,0.0
7,1,1,0,,,,9.9999994e-08,0.0,0.0,0.0,0.0
7,2,1,0,,,,9.9999994e-08,0.0,0.0,0.0,0.0
7,3,1,0,,,,9.9999994e-08,0.0,0.0,0.0,0.0
7,4,1,0,,,,9.9999994e-08,0.0,0.0,0.0,0.0
7,5,1,0,,,,9.9999994e-08,0.0,0.0,0.0,0.0
7,6,1,0,,,,9.9999994e-08,0.0,0.0,0.0,34.75
7,7,1,0,,,,0.28388333,0.0,0.0,0.0,88.42
7,8,1,0,,,,1.1142666,0.0,0.0,0.0,274.14
7,9,1,0,,,,1.9122916,0.0,0.0,0.0,462.98
7,10,1,0,,,,2.5289,0.0,0.0,0.0,625.08
7,11,1,0,,,,2.9770167,0.0,0.0,0.0,723.58
7,12,1,0,,,,3.1698945,0.0,0.0,0.0,605.93
7,13,1,0,,,,3.1923833,0.0,0.0,0.0,636.66
7,14,1,0,,,,3.0405166,0.0,0.0,0.0,707.46
7,15,1,0,,,,2.6826668,0.0,0.0,0.0,620.33
7,16,1,0,,,,2.1246,0.0,0.0,0.0,526.77
7,17,1,0,,,,1.3883333,0.0,0.0,0.0,339.2
7,18,1,0,,,,0.56338334,0.0,0.0,0.0,191.05
7,19,1,0,,,,0.027466735,0.0,0.0,0.0,73.8
7,20,1,0,,,,9.9999994e-08,0.0,0.0,0.0,21.66
7,21,1,0,,,,9.9999994e-08,0.0,0.0,0.0,0.0
7,22,1,0,,,,9.9999994e-08,0.0,0.0,0.0,0.0
7,23,1,0,,,,9.9999994e-08,0.0,0.0,0.0,0.0
7,24,1,0,,,,9.9999994e-08,0.0,0.0,0.0,0.0
7,1,2,0,,,,9.9999994e-08,0.0,0.0,0.0,0.0
7,2,2,0,,,,9.9999994e-08,0.0,0.0,0.0,0.0
7,3,2,0,,,,9.9999994e-08,0.0,0.0,0.0,0.0
7,4,2,0,,,,9.9999994e-08,0.0,0.0,0.0,0.0
7,5,2,0,,,,9.9999994e-08,0.0,0.0,0.0,0.0
7,6,2,0,,,,9.9999994e-08,0.0,0.0,0.0,35.37
7,7,2,0,,,,0.005183413,0.0,0.0,0.0,102.96
7,8,2,0,,,,0.91533333,0.0,0.0,0.0,247.95
7,9,2,0,,,,1.63485,0.0,0.0,0.0,469.21
7,10,2,0,,,,2.4109166,0.0,0.0,0.0,609.59
7,11,2,0,,,,2.8213334,0.0,0.0,0.0,459.7
7,12,2,0,,,,3.03395,0.0,0.0,0.0,607.74
7,13,2,0,,,,3.0356,0.0,0.0,0.0,662.93
7,14,2,0,,,,2.8832834,0.0,0.0,0.0,557.53
7,15,2,0,,,,2.5335667,0.0,0.0,0.0,344.08
7,16,2,0,,,,1.9822667,0.0,0.0,0.0,326.42
7,17,2,0,,,,1.1799834,0.0,0.0,0.0,165.09
7,18,2,0,,,,9.9999994e-08,0.0,0.0,0.0,190.2
7,19,2,0,,,,9.9999994e-08,0.0,0.0,0.0,69.21
7,20,2,0,,,,9.9999994e-08,0.0,0.0,0.0,20.63
7,21,2,0,,,,9.9999994e-08,0.0,0.0,0.0,0.0
7,22,2,0,,,,9.9999994e-08,0.0,0.0,0.0,0.0
7,23,2,0,,,,9.9999994e-08,0.0,0.0,0.0,0.0
7,24,2,0,,,,9.9999994e-08,0.0,0.0,0.0,0.0
7,1,3,0,,,,9.9999994e-08,0.0,0.0,0.0,0.0
7,2,3,0,,,,9.9999994e-08,0.0,0.0,0.0,0.0
7,3,3,0,,,,9.9999994e-08,0.0,0.0,0.0,0.0
7,4,3,0,,,,9.9999994e-08,0.0,0.0,0.0,0.0
7,5,3,0,,,,9.9999994e-08,0.0,0.0,0.0,0.0
7,6,3,0,,,,9.9999994e-08,0.0,0.0,0.0,35.76
7,7,3,0,,,,0.16080002,0.0,0.0,0.0,83.0
7,8,3,0,,,,0.84258336,0.0,0.0,0.0,266.19
7,9,3,0,,,,1.0765834,0.0,0.0,0.0,451.76
7,10,3,0,,,,0.70115006,0.0,0.0,0.0,614.7
7,11,3,0,,,,0.51360005,0.0,0.0,0.0,654.02
7,12,3,0,,,,0.79310006,0.0,0.0,0.0,628.25
7,13,3,0,,,,0.6534834,0.0,0.0,0.0,625.32
7,14,3,0,,,,0.7303334,0.0,0.0,0.0,571.17
7,15,3,0,,,,1.0061834,0.0,0.0,0.0,533.06
7,16,3,0,,,,0.1705501,0.0,0.0,0.0,391.09
7,17,3,0,,,,0.19386674,0.0,0.0,0.0,283.78
7,18,3,0,,,,0.18043339,0.0,0.0,0.0,142.23
7,19,3,0,,,,0.004983418,0.0,0.0,0.0,8.06
7,20,3,0,,,,9.9999994e-08,0.0,0.0,0.0,1.16
7,21,3,0,,,,9.9999994e-08,0.0,0.0,0.0,0.0
7,22,3,0,,,,9.9999994e-08,0.0,0.0,0.0,0.0
7,23,3,0,,,,9.9999994e-08,0.0,0.0,0.0,0.0
7,24,3,0,,,,9.9999994e-08,0.0,0.0,0.0,0.0
7,1,4,0,,,,9.9999994e-08,0.0,0.0,0.0,0.0
7,2,4,0,,,,9.9999994e-08,0.0,0.0,0.0,0.0
7,3,4,0,,,,9.9999994e-08,0.0,0.0,0.0,0.0
7,4,4,0,,,,9.9999994e-08,0.0,0.0,0.0,0.0
7,5,4,0,,,,9.9999994e-08,0.0,0.0,0.0,0.0
7,6,4,0,,,,0.00063342,0.0,0.0,0.0,10.57
7,7,4,0,,,,0.22861668,0.0,0.0,0.0,89.89
7,8,4,0,,,,0.7809833,0.0,0.0,0.0,273.5
7,9,4,0,,,,1.4677,0.0,0.0,0.0,419.1
7,10,4,0,,,,2.0517166,0.0,0.0,0.0,592.35
7,11,4,0,,,,2.2867832,0.0,0.0,0.0,586.01
7,12,4,0,,,,1.8610667,0.0,0.0,0.0,666.24
7,13,4,0,,,,9.9999994e-08,0.0,0.0,0.0,641.59
7,14,4,0,,,,0.6603501,0.0,0.0,0.0,723.97
7,15,4,0,,,,1.0211,0.0,0.0,0.0,663.62
7,16,4,0,,,,0.5921334,0.0,0.0,0.0,540.39
7,17,4,0,,,,0.2837334,0.0,0.0,0.0,395.86
7,18,4,0,,,,0.082816735,0.0,0.0,0.0,207.82
7,19,4,0,,,,9.9999994e-08,0.0,0.0,0.0,56.89
7,20,4,0,,,,9.9999994e-08,0.0,0.0,0.0,21.01
7,21,4,0,,,,9.9999994e-08,0.0,0.0,0.0,0.0
7,22,4,0,,,,9.9999994e-08,0.0,0.0,0.0,0.0
7,23,4,0,,,,9.9999994e-08,0.0,0.0,0.0,0.0
7,24,4,0,,,,9.9999994e-08,0.0,0.0,0.0,0.0
7,1,5,0,,,,9.9999994e-08,0.0,0.0,0.0,0.0
7,2,5,0,,,,9.9999994e-08,0.0,0.0,0.0,0.0
7,3,5,0,,,,9.9999994e-08,0.0,0.0,0.0,0.0
7,4,5,0,,,,9.9999994e-08,0.0,0.0,0.0,0.0
7,5,5,0,,,,9.9999994e-08,0.0,0.0,0.0,0.0
7,6,5,0,,,,9.9999994e-08,0.0,0.0,0.0,1.21
7,7,5,0,,,,0.20253335,0.0,0.0,0.0,10.1
7,8,5,0,,,,0.85653335,0.0,0.0,0.0,231.17
7,9,5,0,,,,1.5724,0.0,0.0,0.0,304.44
7,10,5,0,,,,2.2783666,0.0,0.0,0.0,578.77
7,11,5,0,,,,2.6839082,0.0,0.0,0.0,76.96
7,12,5,0,,,,2.9037,0.0,0.0,0.0,173.37
7,13,5,0,,,,2.8743834,0.0,0.0,0.0,520.47
7,14,5,0,,,,2.876625,0.0,0.0,0.0,461.3
7,15,5,0,,,,2.52005,0.0,0.0,0.0,662.5
7,16,5,0,,,,1.9070222,0.0,0.0,0.0,281.98
7,17,5,0,,,,0.40198338,0.0,0.0,0.0,157.07
7,18,5,0,,,,1.00113525e-07,0.0,0.0,0.0,113.83
7,19,5,0,,,,9.9999994e-08,0.0,0.0,0.0,5.9
7,20,5,0,,,,9.9999994e-08,0.0,0.0,0.0,0.45
7,21,5,0,,,,9.9999994e-08,0.0,0.0,0.0,0.0
7,22,5,0,,,,9.9999994e-08,0.0,0.0,0.0,0.0
7,23,5,0,,,,9.9999994e-08,0.0,0.0,0.0,0.0
7,24,5,0,,,,9.9999994e-08,0.0,0.0,0.0,0.0
7,1,6,0,,,,9.9999994e-08,0.0,0.0,0.0,0.0
7,2,6,0,,,,9.9999994e-08,0.0,0.0,0.0,0.0
7,3,6,0,,,,9.9999994e-08,0.0,0.0,0.0,0.0
7,4,6,0,,,,9.9999994e-08,0.0,0.0,0.0,0.0
7,5,6,0,,,,9.9999994e-08,0.0,0.0,0.0,0.0
7,6,6,0,,,,9.9999994e-08,0.0,0.0,0.0,1.22
7,7,6,0,,,,0.057766736,0.0,0.0,0.0,8.34
7,8,6,0,,,,0.39693338,0.0,0.0,0.0,43.51
7,9,6,0,,,,0.87818336,0.0,0.0,0.0,193.25
7,10,6,0,,,,1.8767667,0.0,0.0,0.0,566.62
7,11,6,0,,,,3.5237668,0.0,0.0,0.0,517.35
7,12,6,0,,,,3.7231112,0.0,0.0,0.0,421.59
7,13,6,0,,,,3.37655,0.0,0.0,0.0,513.75
7,14,6,0,,,,3.7292666,0.0,0.0,0.0,514.16
7,15,6,0,,,,3.2470834,0.0,0.0,0.0,133.07
7,16,6,0,,,,2.5329168,0.0,0.0,0.0,323.88
7,17,6,0,,,,1.4792666,0.0,0.0,0.0,272.93
7,18,6,0,,,,1.0681153e-07,0.0,0.0,0.0,160.49
7,19,6,0,,,,9.9999994e-08,0.0,0.0,0.0,72.47
7,20,6,0,,,,9.9999994e-08,0.0,0.0,0.0,20.61
7,21,6,0,,,,9.9999994e-08,0.0,0.0,0.0,0.0
7,22,6,0,,,,9.9999994e-08,0.0,0.0,0.0,0.0
7,23,6,0,,,,9.9999994e-08,0.0,0.0,0.0,0.0
7,24,6,0,,,,9.9999994e-08,0.0,0.0,0.0,0.0
7,1,7,0,,,,9.9999994e-08,0.0,0.0,0.0,0.0
7,2,7,0,,,,9.9999994e-08,0.0,0.0,0.0,0.0
7,3,7,0,,,,9.9999994e-08,0.0,0.0,0.0,0.0
7,4,7,0,,,,9.9999994e-08,0.0,0.0,0.0,0.0
7,5,7,0,,,,9.9999994e-08,0.0,0.0,0.0,0.0
7,6,7,0,,,,0.1854,0.0,0.0,0.0,19.27
7,7,7,0,,,,0.42478335,0.0,0.0,0.0,87.63
7,8,7,0,,,,1.4082834,0.0,0.0,0.0,268.44
7,9,7,0,,,,2.1594334,0.0,0.0,0.0,429.86
7,10,7,0,,,,2.9062,0.0,0.0,0.0,570.93
7,11,7,0,,,,3.5154,0.0,0.0,0.0,692.09
7,12,7,0,,,,3.6952667,0.0,0.0,0.0,699.43
7,13,7,0,,,,3.37655,0.0,0.0,0.0,416.54
7,14,7,0,,,,3.7311666,0.0,0.0,0.0,661.77
7,15,7,0,,,,2.9546,0.0,0.0,0.0,555.9
7,16,7,0,,,,2.5409,0.0,0.0,0.0,484.29
7,17,7,0,,,,1.5203333,0.0,0.0,0.0,227.48
7,18,7,0,,,,0.71660835,0.0,0.0,0.0,199.43
7,19,7,0,,,,0.030766733,0.0,0.0,0.0,51.5
7,20,7,0,,,,9.9999994e-08,0.0,0.0,0.0,16.29
7,21,7,0,,,,9.9999994e-08,0.0,0.0,0.0,0.0
7,22,7,0,,,,9.9999994e-08,0.0,0.0,0.0,0.0
7,23,7,0,,,,9.9999994e-08,0.0,0.0,0.0,0.0
7,24,7,0,,,,9.9999994e-08,0.0,0.0,0.0,0.0
7,1,1,0,,,,9.9999994e-08,0.0,0.0,0.0,0.0
7,2,1,0,,,,9.9999994e-08,0.0,0.0,0.0,0.0
7,3,1,0,,,,9.9999994e-08,0.0,0.0,0.0,0.0
7,4,1,0,,,,9.9999994e-08,0.0,0.0,0.0,0.0
7,5,1,0,,,,9.9999994e-08,0.0,0.0,0.0,0.0
7,6,1,0,,,,0.104433365,0.0,0.0,0.0,30.79
7,7,1,0,,,,0.39475003,0.0,0.0,0.0,35.45
7,8,1,0,,,,1.4293834,0.0,0.0,0.0,194.93
7,9,1,0,,,,1.4628334,0.0,0.0,0.0,70.24
7,10,1,0,,,,1.9923167,0.0,0.0,0.0,157.14
7,11,1,0,,,,3.5237668,0.0,0.0,0.0,220.7
7,12,1,0,,,,3.7302945,0.0,0.0,0.0,721.58
7,13,1,0,,,,3.3931832,0.0,0.0,0.0,602.41
7,14,1,0,,,,3.7311666,0.0,0.0,0.0,426.88
7,15,1,0,,,,2.9609,0.0,0.0,0.0,314.24
7,16,1,0,,,,2.5409,0.0,0.0,0.0,431.08
7,17,1,0,,,,1.5203333,0.0,0.0,0.0,284.86
7,18,1,0,,,,0.71660835,0.0,0.0,0.0,109.57
7,19,1,0,,,,0.030766733,0.0,0.0,0.0,72.61
7,20,1,0,,,,9.9999994e-08,0.0,0.0,0.0,20.26
7,21,1,0,,,,9.9999994e-08,0.0,0.0,0.0,0.0
7,22,1,0,,,,9.9999994e-08,0.0,0.0,0.0,0.0
7,23,1,0,,,,9.9999994e-08,0.0,0.0,0.0,0.0
7,24,1,0,,,,9.9999994e-08,0.0,0.0,0.0,0.0
7,1,2,0,,,,9.9999994e-08,0.0,0.0,0.0,0.0
7,2,2,0,,,,9.9999994e-08,0.0,0.0,0.0,0.0
7,3,2,0,,,,9.9999994e-08,0.0,0.0,0.0,0.0
7,4,2,0,,,,9.9999994e-08,0.0,0.0,0.0,0.0
7,5,2,0,,,,9.9999994e-08,0.0,0.0,0.0,0.0
7,6,2,0,,,,0.06098339,0.0,0.0,0.0,0.87
7,7,2,0,,,,0.29165003,0.0,0.0,0.0,8.51
7,8,2,0,,,,1.0050501,0.0,0.0,0.0,33.76
7,9,2,0,,,,1.2937334,0.0,0.0,0.0,128.24
7,10,2,0,,,,1.9595166,0.0,0.0,0.0,245.13
7,11,2,0,,,,3.5542667,0.0,0.0,0.0,432.39
7,12,2,0,,,,3.5707834,0.0,0.0,0.0,542.47
7,13,2,0,,,,3.1858833,0.0,0.0,0.0,439.91
7,14,2,0,,,,3.5486834,0.0,0.0,0.0,282.27
7,15,2,0,,,,3.0944834,0.0,0.0,0.0,259.16
7,16,2,0,,,,2.4961834,0.0,0.0,0.0,262.77
7,17,2,0,,,,1.2987833,0.0,0.0,0.0,265.21
7,18,2,0,,,,1.0681153e-07,0.0,0.0,0.0,186.14
7,19,2,0,,,,9.9999994e-08,0.0,0.0,0.0,15.22
7,20,2,0,,,,9.9999994e-08,0.0,0.0,0.0,20.31
7,21,2,0,,,,9.9999994e-08,0.0,0.0,0.0,0.0
7,22,2,0,,,,9.9999994e-08,0.0,0.0,0.0,0.0
7,23,2,0,,,,9.9999994e-08,0.0,0.0,0.0,0.0
7,24,2,0,,,,9.9999994e-08,0.0,0.0,0.0,0.0
7,1,3,0,,,,9.9999994e-08,0.0,0.0,0.0,0.0
7,2,3,0,,,,9.9999994e-08,0.0,0.0,0.0,0.0
7,3,3,0,,,,9.9999994e-08,0.0,0.0,0.0,0.0
7,4,3,0,,,,9.9999994e-08,0.0,0.0,0.0,0.0
7,5,3,0,,,,9.9999994e-08,0.0,0.0,0.0,0.0
7,6,3,0,,,,0.14168335,0.0,0.0,0.0,28.73
7,7,3,0,,,,0.26273337,0.0,0.0,0.0,67.63
7,8,3,0,,,,1.1102333,0.0,0.0,0.0,68.28
7,9,3,0,,,,0.7149167,0.0,0.0,0.0,303.87
7,10,3,0,,,,0.8389167,0.0,0.0,0.0,451.04
7,11,3,0,,,,0.29238343,0.0,0.0,0.0,628.65
7,12,3,0,,,,1.1044167,0.0,0.0,0.0,275.63
7,13,3,0,,,,0.7293501,0.0,0.0,0.0,377.22
7,14,3,0,,,,0.67585,0.0,0.0,0.0,120.49
7,15,3,0,,,,1.5751168,0.0,0.0,0.0,463.98
7,16,3,0,,,,0.80596673,0.0,0.0,0.0,414.6
7,17,3,0,,,,0.7611834,0.0,0.0,0.0,385.21
7,18,3,0,,,,0.23323339,0.0,0.0,0.0,53.65
7,19,3,0,,,,0.004983418,0.0,0.0,0.0,56.4
7,20,3,0,,,,9.9999994e-08,0.0,0.0,0.0,18.85
7,21,3,0,,,,9.9999994e-08,0.0,0.0,0.0,0.0
7,22,3,0,,,,9.9999994e-08,0.0,0.0,0.0,0.0
7,23,3,0,,,,9.9999994e-08,0.0,0.0,0.0,0.0
7,24,3,0,,,,9.9999994e-08,0.0,0.0,0.0,0.0
7,1,4,0,,,,9.9999994e-08,0.0,0.0,0.0,0.0
7,2,4,0,,,,9.9999994e-08,0.0,0.0,0.0,0.0
7,3,4,0,,,,9.9999994e-08,0.0,0.0,0.0,0.0
7,4,4,0,,,,9.9999994e-08,0.0,0.0,0.0,0.0
7,5,4,0,,,,9.9999994e-08,0.0,0.0,0.0,0.0
7,6,4,0,,,,0.22808342,0.0,0.0,0.0,28.74
7,7,4,0,,,,0.95875,0.0,0.0,0.0,87.97
7,8,4,0,,,,1.84715,0.0,0.0,0.0,259.86
7,9,4,0,,,,2.5454,0.0,0.0,0.0,428.57
7,10,4,0,,,,2.3950667,0.0,0.0,0.0,587.78
7,11,4,0,,,,2.8793,0.0,0.0,0.0,667.11
7,12,4,0,,,,2.7521167,0.0,0.0,0.0,707.14
7,13,4,0,,,,0.29151666,0.0,0.0,0.0,712.05
7,14,4,0,,,,0.89266676,0.0,0.0,0.0,682.24
7,15,4,0,,,,1.5625,0.0,0.0,0.0,502.6
7,16,4,0,,,,0.95093334,0.0,0.0,0.0,540.49
7,17,4,0,,,,0.3293667,0.0,0.0,0.0,252.56
7,18,4,0,,,,0.58800006,0.0,0.0,0.0,190.82
7,19,4,0,,,,9.9999994e-08,0.0,0.0,0.0,48.61
7,20,4,0,,,,9.9999994e-08,0.0,0.0,0.0,18.64
7,21,4,0,,,,9.9999994e-08,0.0,0.0,0.0,0.0
7,22,4,0,,,,9.9999994e-08,0.0,0.0,0.0,0.0
7,23,4,0,,,,9.9999994e-08,0.0,0.0,0.0,0.0
7,24,4,0,,,,9.9999994e-08,0.0,0.0,0.0,0.0
7,1,5,0,,,,9.9999994e-08,0.0,0.0,0.0,0.0
7,2,5,0,,,,9.9999994e-08,0.0,0.0,0.0,0.0
7,3,5,0,,,,9.9999994e-08,0.0,0.0,0.0,0.0
7,4,5,0,,,,9.9999994e-08,0.0,0.0,0.0,0.0
7,5,5,0,,,,9.9999994e-08,0.0,0.0,0.0,0.0
7,6,5,0,,,,0.4965167,0.0,0.0,0.0,3.51
7,7,5,0,,,,1.1459167,0.0,0.0,0.0,49.78
7,8,5,0,,,,1.9225,0.0,0.0,0.0,94.9
7,9,5,0,,,,1.9793833,0.0,0.0,0.0,331.24
7,10,5,0,,,,2.8790166,0.0,0.0,0.0,553.51
7,11,5,0,,,,3.5266833,0.0,0.0,0.0,669.94
7,12,5,0,,,,3.4755,0.0,0.0,0.0,511.84
7,13,5,0,,,,3.0752,0.0,0.0,0.0,289.31
7,14,5,0,,,,3.567275,0.0,0.0,0.0,49.37
7,15,5,0,,,,3.2987666,0.0,0.0,0.0,39.27
7,16,5,0,,,,0.72086674,0.0,0.0,0.0,164.84
7,17,5,0,,,,0.18850009,0.0,0.0,0.0,66.78
7,18,5,0,,,,0.2529334,0.0,0.0,0.0,182.02
7,19,5,0,,,,9.9999994e-08,0.0,0.0,0.0,68.23
7,20,5,0,,,,9.9999994e-08,0.0,0.0,0.0,17.6
7,21,5,0,,,,9.9999994e-08,0.0,0.0,0.0,0.0
7,22,5,0,,,,9.9999994e-08,0.0,0.0,0.0,0.0
7,23,5,0,,,,9.9999994e-08,0.0,0.0,0.0,0.0
7,24,5,0,,,,9.9999994e-08,0.0,0.0,0.0,0.0
7,1,6,0,,,,9.9999994e-08,0.0,0.0,0.0,0.0
7,2,6,0,,,,9.9999994e-08,0.0,0.0,0.0,0.0
7,3,6,0,,,,9.9999994e-08,0.0,0.0,0.0,0.0
7,4,6,0,,,,9.9999994e-08,0.0,0.0,0.0,0.0
7,5,6,0,,,,9.9999994e-08,0.0,0.0,0.0,0.0
7,6,6,0,,,,0.004200091,0.0,0.0,0.0,0.85
7,7,6,0,,,,0.2523667,0.0,0.0,0.0,7.8
7,8,6,0,,,,1.0721834,0.0,0.0,0.0,27.6
7,9,6,0,,,,2.6817167,0.0,0.0,0.0,89.49
7,10,6,0,,,,2.9554667,0.0,0.0,0.0,98.36
7,11,6,0,,,,3.5325167,0.0,0.0,0.0,185.01
7,12,6,0,,,,3.71045,0.0,0.0,0.0,129.13
7,13,6,0,,,,3.5457,0.0,0.0,0.0,106.53
7,14,6,0,,,,3.4467,0.0,0.0,0.0,140.36
7,15,6,0,,,,3.2470834,0.0,0.0,0.0,357.76
7,16,6,0,,,,2.5329168,0.0,0.0,0.0,162.26
7,17,6,0,,,,1.4792666,0.0,0.0,0.0,164.05
7,18,6,0,,,,9.918213e-08,0.0,0.0,0.0,186.08
7,19,6,0,,,,0.027866734,0.0,0.0,0.0,69.32
7,20,6,0,,,,9.9999994e-08,0.0,0.0,0.0,17.61
7,21,6,0,,,,9.9999994e-08,0.0,0.0,0.0,0.0
7,22,6,0,,,,9.9999994e-08,0.0,0.0,0.0,0.0
7,23,6,0,,,,9.9999994e-08,0.0,0.0,0.0,0.0
7,24,6,0,,,,9.9999994e-08,0.0,0.0,0.0,0.0
7,1,7,0,,,,9.9999994e-08,0.0,0.0,0.0,0.0
7,2,7,0,,,,9.9999994e-08,0.0,0.0,0.0,0.0
7,3,7,0,,,,9.9999994e-08,0.0,0.0,0.0,0.0
7,4,7,0,,,,9.9999994e-08,0.0,0.0,0.0,0.0
7,5,7,0,,,,9.9999994e-08,0.0,0.0,0.0,0.0
7,6,7,0,,,,0.16811667,0.0,0.0,0.0,0.87
7,7,7,0,,,,0.47018334,0.0,0.0,0.0,82.73
7,8,7,0,,,,1.4082834,0.0,0.0,0.0,254.03
7,9,7,0,,,,2.1353,0.0,0.0,0.0,436.02
7,10,7,0,,,,3.0012667,0.0,0.0,0.0,600.67
7,11,7,0,,,,3.5713665,0.0,0.0,0.0,694.26
7,12,7,0,,,,3.7088168,0.0,0.0,0.0,746.07
7,13,7,0,,,,3.37655,0.0,0.0,0.0,776.64
7,14,7,0,,,,3.7311666,0.0,0.0,0.0,748.24
7,15,7,0,,,,3.2518167,0.0,0.0,0.0,659.69
7,16,7,0,,,,2.55095,0.0,0.0,0.0,424.99
7,17,7,0,,,,1.5203333,0.0,0.0,0.0,313.27
7,18,7,0,,,,0.71660835,0.0,0.0,0.0,38.85
7,19,7,0,,,,0.030766733,0.0,0.0,0.0,47.77
7,20,7,0,,,,9.9999994e-08,0.0,0.0,0.0,17.36
7,21,7,0,,,,9.9999994e-08,0.0,0.0,0.0,0.0
7,22,7,0,,,,9.9999994e-08,0.0,0.0,0.0,0.0
7,23,7,0,,,,9.9999994e-08,0.0,0.0,0.0,0.0
7,24,7,0,,,,9.9999994e-08,0.0,0.0,0.0,0.0
7,1,1,0,,,,9.9999994e-08,0.0,0.0,0.0,0.0
7,2,1,0,,,,9.9999994e-08,0.0,0.0,0.0,0.0
7,3,1,0,,,,9.9999994e-08,0.0,0.0,0.0,0.0
7,4,1,0,,,,9.9999994e-08,0.0,0.0,0.0,0.0
7,5,1,0,,,,9.9999994e-08,0.0,0.0,0.0,0.0
7,6,1,0,,,,0.1648,0.0,0.0,0.0,0.49
7,7,1,0,,,,0.5439167,0.0,0.0,0.0,7.79
7,8,1,0,,,,1.8441833,0.0,0.0,0.0,37.04
7,9,1,0,,,,2.5668223,0.0,0.0,0.0,33.23
7,10,1,0,,,,3.0509667,0.0,0.0,0.0,53.35
7,11,1,0,,,,3.5394666,0.0,0.0,0.0,698.47
7,12,1,0,,,,3.7247167,0.0,0.0,0.0,463.66
7,13,1,0,,,,3.4144166,0.0,0.0,0.0,598.32
7,14,1,0,,,,3.7288,0.0,0.0,0.0,446.51
7,15,1,0,,,,2.9494834,0.0,0.0,0.0,618.84
7,16,1,0,,,,2.5472333,0.0,0.0,0.0,129.37
7,17,1,0,,,,0.9951417,0.0,0.0,0.0,215.72
7,18,1,0,,,,0.6986833,0.0,0.0,0.0,143.62
7,19,1,0,,,,0.030766733,0.0,0.0,0.0,17.75
7,20,1,0,,,,9.9999994e-08,0.0,0.0,0.0,13.37
7,21,1,0,,,,9.9999994e-08,0.0,0.0,0.0,0.0
7,22,1,0,,,,9.9999994e-08,0.0,0.0,0.0,0.0
7,23,1,0,,,,9.9999994e-08,0.0,0.0,0.0,0.0
7,24,1,0,,,,9.9999994e-08,0.0,0.0,0.0,0.0
7,1,2,0,,,,9.9999994e-08,0.0,0.0,0.0,0.0
7,2,2,0,,,,9.9999994e-08,0.0,0.0,0.0,0.0
7,3,2,0,,,,9.9999994e-08,0.0,0.0,0.0,0.0
7,4,2,0,,,,9.9999994e-08,0.0,0.0,0.0,0.0
7,5,2,0,,,,9.9999994e-08,0.0,0.0,0.0,0.0
7,6,2,0,,,,0.74091667,0.0,0.0,0.0,0.51
7,7,2,0,,,,0.80615,0.0,0.0,0.0,91.1
7,8,2,0,,,,1.5412834,0.0,0.0,0.0,245.14
7,9,2,0,,,,1.9948334,0.0,0.0,0.0,430.95
7,10,2,0,,,,2.98175,0.0,0.0,0.0,562.4
7,11,2,0,,,,3.4611,0.0,0.0,0.0,670.32
7,12,2,0,,,,3.5568666,0.0,0.0,0.0,555.84
7,13,2,0,,,,3.2364,0.0,0.0,0.0,304.63
7,14,2,0,,,,1.0068,0.0,0.0,0.0,754.45
7,15,2,0,,,,0.7055333,0.0,0.0,0.0,488.89
7,16,2,0,,,,1.2545667,0.0,0.0,0.0,458.91
7,17,2,0,,,,1.3092333,0.0,0.0,0.0,334.04
7,18,2,0,,,,1.0681153e-07,0.0,0.0,0.0,159.79
7,19,2,0,,,,9.9999994e-08,0.0,0.0,0.0,50.36
7,20,2,0,,,,9.9999994e-08,0.0,0.0,0.0,16.88
7,21,2,0,,,,9.9999994e-08,0.0,0.0,0.0,0.0
7,22,2,0,,,,9.9999994e-08,0.0,0.0,0.0,0.0
7,23,2,0,,,,9.9999994e-08,0.0,0.0,0.0,0.0
7,24,2,0,,,,9.9999994e-08,0.0,0.0,0.0,0.0
7,1,3,0,,,,9.9999994e-08,0.0,0.0,0.0,0.0
7,2,3,0,,,,9.9999994e-08,0.0,0.0,0.0,0.0
7,3,3,0,,,,9.9999994e-08,0.0,0.0,0.0,0.0
7,4,3,0,,,,9.9999994e-08,0.0,0.0,0.0,0.0
7,5,3,0,,,,9.9999994e-08,0.0,0.0,0.0,0.0
7,6,3,0,,,,0.5241667,0.0,0.0,0.0,8.8
7,7,3,0,,,,0.88498336,0.0,0.0,0.0,84.45
7,8,3,0,,,,1.7007667,0.0,0.0,0.0,253.5
7,9,3,0,,,,1.8516834,0.0,0.0,0.0,439.39
7,10,3,0,,,,2.6977334,0.0,0.0,0.0,605.75
7,11,3,0,,,,0.9865001,0.0,0.0,0.0,708.68
7,12,3,0,,,,1.0905,0.0,0.0,0.0,660.23
7,13,3,0,,,,0.29151666,0.0,0.0,0.0,558.13
7,14,3,0,,,,0.84916675,0.0,0.0,0.0,512.26
7,15,3,0,,,,0.67946666,0.0,0.0,0.0,365.76
7,16,3,0,,,,1.8223333,0.0,0.0,0.0,195.03
7,17,3,0,,,,0.08536676,0.0,0.0,0.0,290.03
7,18,3,0,,,,0.09351676,0.0,0.0,0.0,203.92
7,19,3,0,,,,9.9999994e-08,0.0,0.0,0.0,41.81
7,20,3,0,,,,9.9999994e-08,0.0,0.0,0.0,16.02
7,21,3,0,,,,9.9999994e-08,0.0,0.0,0.0,0.0
7,22,3,0,,,,9.9999994e-08,0.0,0.0,0.0,0.0
7,23,3,0,,,,9.9999994e-08,0.0,0.0,0.0,0.0
7,24,3,0,,,,9.9999994e-08,0.0,0.0,0.0,0.0
7,1,4,0,,,,9.9999994e-08,0.0,0.0,0.0,0.0
7,2,4,0,,,,9.9999994e-08,0.0,0.0,0.0,0.0
7,3,4,0,,,,9.9999994e-08,0.0,0.0,0.0,0.0
7,4,4,0,,,,9.9999994e-08,0.0,0.0,0.0,0.0
7,5,4,0,,,,9.9999994e-08,0.0,0.0,0.0,0.0
7,6,4,0,,,,0.17145003,0.0,0.0,0.0,10.57
7,7,4,0,,,,1.04085,0.0,0.0,0.0,83.9
7,8,4,0,,,,1.5491333,0.0,0.0,0.0,242.42
7,9,4,0,,,,2.1619833,0.0,0.0,0.0,421.66
7,10,4,0,,,,2.3451333,0.0,0.0,0.0,575.06
7,11,4,0,,,,2.6603167,0.0,0.0,0.0,654.92
7,12,4,0,,,,2.50525,0.0,0.0,0.0,628.97
7,13,4,0,,,,0.62066674,0.0,0.0,0.0,642.21
7,14,4,0,,,,0.91155005,0.0,0.0,0.0,594.14
7,15,4,0,,,,1.5703667,0.0,0.0,0.0,424.9
7,16,4,0,,,,2.66145,0.0,0.0,0.0,523.15
7,17,4,0,,,,0.1434501,0.0,0.0,0.0,366.68
7,18,4,0,,,,0.6356334,0.0,0.0,0.0,197.05
7,19,4,0,,,,1.338,0.0,0.0,0.0,46.23
7,20,4,0,,,,9.9999994e-08,0.0,0.0,0.0,14.59
7,21,4,0,,,,9.9999994e-08,0.0,0.0,0.0,0.0
7,22,4,0,,,,9.9999994e-08,0.0,0.0,0.0,0.0
7,23,4,0,,,,9.9999994e-08,0.0,0.0,0.0,0.0
7,24,4,0,,,,9.9999994e-08,0.0,0.0,0.0,0.0
7,1,5,0,,,,9.9999994e-08,0.0,0.0,0.0,0.0
7,2,5,0,,,,9.9999994e-08,0.0,0.0,0.0,0.0
7,3,5,0,,,,9.9999994e-08,0.0,0.0,0.0,0.0
7,4,5,0,,,,9.9999994e-08,0.0,0.0,0.0,0.0
7,5,5,0,,,,9.9999994e-08,0.0,0.0,0.0,0.0
7,6,5,0,,,,0.005366751,0.0,0.0,0.0,0.15
7,7,5,0,,,,0.25730002,0.0,0.0,0.0,6.55
7,8,5,0,,,,1.1160333,0.0,0.0,0.0,149.62
7,9,5,0,,,,1.9065666,0.0,0.0,0.0,369.34
7,10,5,0,,,,2.8749166,0.0,0.0,0.0,478.35
7,11,5,0,,,,3.5493834,0.0,0.0,0.0,643.36
7,12,5,0,,,,3.4865832,0.0,0.0,0.0,696.16
7,13,5,0,,,,3.0751834,0.0,0.0,0.0,599.73
7,14,5,0,,,,3.3010082,0.0,0.0,0.0,435.01
7,15,5,0,,,,2.511,0.0,0.0,0.0,289.92
7,16,5,0,,,,0.54916674,0.0,0.0,0.0,73.44
7,17,5,0,,,,0.18850009,0.0,0.0,0.0,38.4
7,18,5,0,,,,9.918213e-08,0.0,0.0,0.0,83.52
7,19,5,0,,,,9.9999994e-08,0.0,0.0,0.0,44.84
7,20,5,0,,,,9.9999994e-08,0.0,0.0,0.0,14.55
7,21,5,0,,,,9.9999994e-08,0.0,0.0,0.0,0.0
7,22,5,0,,,,9.9999994e-08,0.0,0.0,0.0,0.0
7,23,5,0,,,,9.9999994e-08,0.0,0.0,0.0,0.0
7,24,5,0,,,,9.9999994e-08,0.0,0.0,0.0,0.0
7,1,6,0,,,,9.9999994e-08,0.0,0.0,0.0,0.0
7,2,6,0,,,,9.9999994e-08,0.0,0.0,0.0,0.0
7,3,6,0,,,,9.9999994e-08,0.0,0.0,0.0,0.0
7,4,6,0,,,,9.9999994e-08,0.0,0.0,0.0,0.0
7,5,6,0,,,,9.9999994e-08,0.0,0.0,0.0,0.0
7,6,6,0,,,,0.004200091,0.0,0.0,0.0,0.14
7,7,6,0,,,,0.9426667,0.0,0.0,0.0,79.93
7,8,6,0,,,,1.9335333,0.0,0.0,0.0,177.99
7,9,6,0,,,,2.6810334,0.0,0.0,0.0,250.03
7,10,6,0,,,,3.0088,0.0,0.0,0.0,99.66
7,11,6,0,,,,3.5552166,0.0,0.0,0.0,156.36
7,12,6,0,,,,3.7318833,0.0,0.0,0.0,192.65
7,13,6,0,,,,3.6101832,0.0,0.0,0.0,176.29
7,14,6,0,,,,3.7082334,0.0,0.0,0.0,538.78
7,15,6,0,,,,3.2367167,0.0,0.0,0.0,578.98
7,16,6,0,,,,2.5269334,0.0,0.0,0.0,381.67
7,17,6,0,,,,1.48645,0.0,0.0,0.0,231.99
7,18,6,0,,,,0.6680667,0.0,0.0,0.0,186.69
7,19,6,0,,,,0.044933394,0.0,0.0,0.0,55.26
7,20,6,0,,,,9.9999994e-08,0.0,0.0,0.0,11.97
7,21,6,0,,,,9.9999994e-08,0.0,0.0,0.0,0.0
7,22,6,0,,,,9.9999994e-08,0.0,0.0,0.0,0.0
7,23,6,0,,,,9.9999994e-08,0.0,0.0,0.0,0.0
7,24,6,0,,,,9.9999994e-08,0.0,0.0,0.0,0.0
7,1,7,0,,,,9.9999994e-08,0.0,0.0,0.0,0.0
7,2,7,0,,,,9.9999994e-08,0.0,0.0,0.0,0.0
7,3,7,0,,,,9.9999994e-08,0.0,0.0,0.0,0.0
7,4,7,0,,,,9.9999994e-08,0.0,0.0,0.0,0.0
7,5,7,0,,,,9.9999994e-08,0.0,0.0,0.0,0.0
7,6,7,0,,,,0.2228,0.0,0.0,0.0,2.05
7,7,7,0,,,,0.65613335,0.0,0.0,0.0,6.57
7,8,7,0,,,,1.87495,0.0,0.0,0.0,139.54
7,9,7,0,,,,2.6895833,0.0,0.0,0.0,335.52
7,10,7,0,,,,2.9676833,0.0,0.0,0.0,328.64
7,11,7,0,,,,3.5568333,0.0,0.0,0.0,631.75
7,12,7,0,,,,3.7306166,0.0,0.0,0.0,676.12
7,13,7,0,,,,3.5795667,0.0,0.0,0.0,717.78
7,14,7,0,,,,3.7136834,0.0,0.0,0.0,621.32
7,15,7,0,,,,3.2413166,0.0,0.0,0.0,533.78
7,16,7,0,,,,2.5486166,0.0,0.0,0.0,459.74
7,17,7,0,,,,1.5408083,0.0,0.0,0.0,299.62
7,18,7,0,,,,0.709525,0.0,0.0,0.0,183.9
7,19,7,0,,,,0.09541667,0.0,0.0,0.0,43.21
7,20,7,0,,,,9.9999994e-08,0.0,0.0,0.0,12.52
7,21,7,0,,,,9.9999994e-08,0.0,0.0,0.0,0.0
7,22,7,0,,,,9.9999994e-08,0.0,0.0,0.0,0.0
7,23,7,0,,,,9.9999994e-08,0.0,0.0,0.0,0.0
7,24,7,0,,,,9.9999994e-08,0.0,0.0,0.0,0.0
7,1,1,0,,,,9.9999994e-08,0.0,0.0,0.0,0.0
7,2,1,0,,,,9.9999994e-08,0.0,0.0,0.0,0.0
7,3,1,0,,,,9.9999994e-08,0.0,0.0,0.0,0.0
7,4,1,0,,,,9.9999994e-08,0.0,0.0,0.0,0.0
7,5,1,0,,,,9.9999994e-08,0.0,0.0,0.0,0.0
7,6,1,0,,,,0.19093333,0.0,0.0,0.0,0.15
7,7,1,0,,,,0.57788336,0.0,0.0,0.0,6.61
7,8,1,0,,,,1.3031167,0.0,0.0,0.0,55.6
7,9,1,0,,,,2.6636834,0.0,0.0,0.0,221.76
7,10,1,0,,,,2.9912333,0.0,0.0,0.0,431.8
7,11,1,0,,,,3.5132,0.0,0.0,0.0,496.69
7,12,1,0,,,,3.80205,0.0,0.0,0.0,571.61
7,13,1,0,,,,3.6146166,0.0,0.0,0.0,640.37
7,14,1,0,,,,3.7141,0.0,0.0,0.0,525.91
7,15,1,0,,,,3.2464666,0.0,0.0,0.0,441.14
7,16,1,0,,,,2.5558333,0.0,0.0,0.0,432.56
7,17,1,0,,,,1.5472417,0.0,0.0,0.0,376.76
7,18,1,0,,,,0.7077417,0.0,0.0,0.0,190.36
7,19,1,0,,,,0.26621667,0.0,0.0,0.0,54.68
7,20,1,0,,,,9.9999994e-08,0.0,0.0,0.0,12.57
7,21,1,0,,,,9.9999994e-08,0.0,0.0,0.0,0.0
7,22,1,0,,,,9.9999994e-08,0.0,0.0,0.0,0.0
7,23,1,0,,,,9.9999994e-08,0.0,0.0,0.0,0.0
7,24,1,0,,,,9.9999994e-08,0.0,0.0,0.0,0.0
7,1,2,0,,,,9.9999994e-08,0.0,0.0,0.0,0.0
7,2,2,0,,,,9.9999994e-08,0.0,0.0,0.0,0.0
7,3,2,0,,,,9.9999994e-08,0.0,0.0,0.0,0.0
7,4,2,0,,,,9.9999994e-08,0.0,0.0,0.0,0.0
7,5,2,0,,,,9.9999994e-08,0.0,0.0,0.0,0.0
7,6,2,0,,,,0.18913333,0.0,0.0,0.0,0.84
7,7,2,0,,,,0.3529167,0.0,0.0,0.0,80.72
7,8,2,0,,,,1.56935,0.0,0.0,0.0,236.0
7,9,2,0,,,,1.9948334,0.0,0.0,0.0,419.0
7,10,2,0,,,,3.0158668,0.0,0.0,0.0,545.85
7,11,2,0,,,,3.5182667,0.0,0.0,0.0,618.07
7,12,2,0,,,,3.5707834,0.0,0.0,0.0,705.62
7,13,2,0,,,,3.3860834,0.0,0.0,0.0,749.85
7,14,2,0,,,,3.3076668,0.0,0.0,0.0,739.74
7,15,2,0,,,,3.0981667,0.0,0.0,0.0,643.79
7,16,2,0,,,,2.4943,0.0,0.0,0.0,303.18
7,17,2,0,,,,1.3092333,0.0,0.0,0.0,34.67
7,18,2,0,,,,1.0681153e-07,0.0,0.0,0.0,187.27
7,19,2,0,,,,1.0681153e-07,0.0,0.0,0.0,54.9
7,20,2,0,,,,9.9999994e-08,0.0,0.0,0.0,0.0
7,21,2,0,,,,9.9999994e-08,0.0,0.0,0.0,0.0
7,22,2,0,,,,9.9999994e-08,0.0,0.0,0.0,0.0
7,23,2,0,,,,9.9999994e-08,0.0,0.0,0.0,0.0
7,24,2,0,,,,9.9999994e-08,0.0,0.0,0.0,0.0
7,1,3,0,,,,9.9999994e-08,0.0,0.0,0.0,0.0
7,2,3,0,,,,9.9999994e-08,0.0,0.0,0.0,0.0
7,3,3,0,,,,9.9999994e-08,0.0,0.0,0.0,0.0
7,4,3,0,,,,9.9999994e-08,0.0,0.0,0.0,0.0
7,5,3,0,,,,9.9999994e-08,0.0,0.0,0.0,0.0
7,6,3,0,,,,0.1675167,0.0,0.0,0.0,0.0
7,7,3,0,,,,0.90286666,0.0,0.0,0.0,9.54
7,8,3,0,,,,1.7000834,0.0,0.0,0.0,32.27
7,9,3,0,,,,1.86995,0.0,0.0,0.0,419.34
7,10,3,0,,,,2.6886334,0.0,0.0,0.0,381.22
7,11,3,0,,,,1.4402834,0.0,0.0,0.0,665.73
7,12,3,0,,,,1.8770334,0.0,0.0,0.0,713.68
7,13,3,0,,,,1.0681153e-07,0.0,0.0,0.0,581.5
7,14,3,0,,,,0.84916675,0.0,0.0,0.0,506.12
7,15,3,0,,,,1.3597584,0.0,0.0,0.0,507.56
7,16,3,0,,,,0.2383001,0.0,0.0,0.0,245.98
7,17,3,0,,,,0.08536676,0.0,0.0,0.0,108.36
7,18,3,0,,,,0.09351676,0.0,0.0,0.0,179.78
7,19,3,0,,,,9.1552735e-08,0.0,0.0,0.0,55.98
7,20,3,0,,,,9.9999994e-08,0.0,0.0,0.0,10.05
7,21,3,0,,,,9.9999994e-08,0.0,0.0,0.0,0.0
7,22,3,0,,,,9.9999994e-08,0.0,0.0,0.0,0.0
7,23,3,0,,,,9.9999994e-08,0.0,0.0,0.0,0.0
7,24,3,0,,,,9.9999994e-08,0.0,0.0,0.0,0.0
7,1,4,0,,,,9.9999994e-08,0.0,0.0,0.0,0.0
7,2,4,0,,,,9.9999994e-08,0.0,0.0,0.0,0.0
7,3,4,0,,,,9.9999994e-08,0.0,0.0,0.0,0.0
7,4,4,0,,,,9.9999994e-08,0.0,0.0,0.0,0.0
7,5,4,0,,,,9.9999994e-08,0.0,0.0,0.0,0.0
7,6,4,0,,,,0.21126668,0.0,0.0,0.0,0.85
7,7,4,0,,,,0.6461833,0.0,0.0,0.0,78.58
7,8,4,0,,,,1.0297333,0.0,0.0,0.0,229.54
7,9,4,0,,,,1.8519334,0.0,0.0,0.0,412.26
7,10,4,0,,,,2.2309833,0.0,0.0,0.0,567.87
7,11,4,0,,,,2.65535,0.0,0.0,0.0,671.7
7,12,4,0,,,,2.3577166,0.0,0.0,0.0,701.78
7,13,4,0,,,,1.0681153e-07,0.0,0.0,0.0,666.17
7,14,4,0,,,,0.91155005,0.0,0.0,0.0,549.17
7,15,4,0,,,,1.3463833,0.0,0.0,0.0,585.47
7,16,4,0,,,,1.1952719e-07,0.0,0.0,0.0,495.43
7,17,4,0,,,,0.66996676,0.0,0.0,0.0,359.23
7,18,4,0,,,,0.58800006,0.0,0.0,0.0,183.92
7,19,4,0,,,,9.1552735e-08,0.0,0.0,0.0,44.87
7,20,4,0,,,,1.338,0.0,0.0,0.0,9.44
7,21,4,0,,,,1.338,0.0,0.0,0.0,0.0
7,22,4,0,,,,1.338,0.0,0.0,0.0,0.0
7,23,4,0,,,,9.9999994e-08,0.0,0.0,0.0,0.0
7,24,4,0,,,,9.9999994e-08,0.0,0.0,0.0,0.0
7,1,5,0,,,,9.9999994e-08,0.0,0.0,0.0,0.0
7,2,5,0,,,,9.9999994e-08,0.0,0.0,0.0,0.0
7,3,5,0,,,,9.9999994e-08,0.0,0.0,0.0,0.0
7,4,5,0,,,,9.9999994e-08,0.0,0.0,0.0,0.0
7,5,5,0,,,,9.9999994e-08,0.0,0.0,0.0,0.0
7,6,5,0,,,,0.0050667375,0.0,0.0,0.0,3.43
7,7,5,0,,,,1.0849667,0.0,0.0,0.0,75.07
7,8,5,0,,,,1.7855166,0.0,0.0,0.0,203.72
7,9,5,0,,,,2.6051834,0.0,0.0,0.0,393.62
7,10,5,0,,,,2.8749166,0.0,0.0,0.0,553.44
7,11,5,0,,,,3.5493834,0.0,0.0,0.0,660.03
7,12,5,0,,,,3.4865832,0.0,0.0,0.0,738.38
7,13,5,0,,,,3.0752,0.0,0.0,0.0,706.56
7,14,5,0,,,,3.567275,0.0,0.0,0.0,638.19
7,15,5,0,,,,3.0223167,0.0,0.0,0.0,547.92
7,16,5,0,,,,0.72086674,0.0,0.0,0.0,468.54
7,17,5,0,,,,0.18850009,0.0,0.0,0.0,325.65
7,18,5,0,,,,0.23380008,0.0,0.0,0.0,183.26
7,19,5,0,,,,9.918213e-08,0.0,0.0,0.0,49.5
7,20,5,0,,,,9.9999994e-08,0.0,0.0,0.0,7.15
7,21,5,0,,,,9.9999994e-08,0.0,0.0,0.0,0.0
7,22,5,0,,,,9.9999994e-08,0.0,0.0,0.0,0.0
7,23,5,0,,,,9.9999994e-08,0.0,0.0,0.0,0.0
7,24,5,0,,,,9.9999994e-08,0.0,0.0,0.0,0.0
7,1,6,0,,,,9.9999994e-08,0.0,0.0,0.0,0.0
7,2,6,0,,,,9.9999994e-08,0.0,0.0,0.0,0.0
7,3,6,0,,,,9.9999994e-08,0.0,0.0,0.0,0.0
7,4,6,0,,,,9.9999994e-08,0.0,0.0,0.0,0.0
7,5,6,0,,,,9.9999994e-08,0.0,0.0,0.0,0.0
7,6,6,0,,,,0.004200091,0.0,0.0,0.0,0.0
7,7,6,0,,,,0.3110667,0.0,0.0,0.0,72.59
7,8,6,0,,,,1.1364167,0.0,0.0,0.0,207.69
7,9,6,0,,,,2.6777,0.0,0.0,0.0,229.31
7,10,6,0,,,,3.0295832,0.0,0.0,0.0,501.67
7,11,6,0,,,,3.5552166,0.0,0.0,0.0,533.53
7,12,6,0,,,,3.7873666,0.0,0.0,0.0,373.62
7,13,6,0,,,,3.5815334,0.0,0.0,0.0,356.12
7,14,6,0,,,,3.0723166,0.0,0.0,0.0,217.8
7,15,6,0,,,,2.7324834,0.0,0.0,0.0,573.26
7,16,6,0,,,,2.1662,0.0,0.0,0.0,82.53
7,17,6,0,,,,1.4933,0.0,0.0,0.0,47.64
7,18,6,0,,,,0.58496666,0.0,0.0,0.0,118.6
7,19,6,0,,,,0.044933394,0.0,0.0,0.0,40.92
7,20,6,0,,,,9.9999994e-08,0.0,0.0,0.0,8.78
7,21,6,0,,,,9.9999994e-08,0.0,0.0,0.0,0.0
7,22,6,0,,,,9.9999994e-08,0.0,0.0,0.0,0.0
7,23,6,0,,,,9.9999994e-08,0.0,0.0,0.0,0.0
7,24,6,0,,,,9.9999994e-08,0.0,0.0,0.0,0.0
7,1,7,0,,,,9.9999994e-08,0.0,0.0,0.0,0.0
7,2,7,0,,,,9.9999994e-08,0.0,0.0,0.0,0.0
7,3,7,0,,,,9.9999994e-08,0.0,0.0,0.0,0.0
7,4,7,0,,,,9.9999994e-08,0.0,0.0,0.0,0.0
7,5,7,0,,,,9.9999994e-08,0.0,0.0,0.0,0.0
7,6,7,0,,,,0.19093333,0.0,0.0,0.0,0.0
7,7,7,0,,,,0.57788336,0.0,0.0,0.0,62.14
7,8,7,0,,,,1.5946,0.0,0.0,0.0,13.56
7,9,7,0,,,,2.663,0.0,0.0,0.0,81.32
7,10,7,0,,,,3.0276334,0.0,0.0,0.0,193.14
7,11,7,0,,,,3.5568166,0.0,0.0,0.0,213.36
7,12,7,0,,,,3.79155,0.0,0.0,0.0,329.81
7,13,7,0,,,,3.6106167,0.0,0.0,0.0,566.46
7,14,7,0,,,,3.4478333,0.0,0.0,0.0,557.88
7,15,7,0,,,,3.2464666,0.0,0.0,0.0,416.26
7,16,7,0,,,,2.5558333,0.0,0.0,0.0,494.9
7,17,7,0,,,,1.6441584,0.0,0.0,0.0,240.32
7,18,7,0,,,,0.804575,0.0,0.0,0.0,23.16
7,19,7,0,,,,0.26621667,0.0,0.0,0.0,3.68
7,20,7,0,,,,9.9999994e-08,0.0,0.0,0.0,0.11
7,21,7,0,,,,9.9999994e-08,0.0,0.0,0.0,0.0
7,22,7,0,,,,9.9999994e-08,0.0,0.0,0.0,0.0
7,23,7,0,,,,9.9999994e-08,0.0,0.0,0.0,0.0
7,24,7,0,,,,9.9999994e-08,0.0,0.0,0.0,0.0
7,1,1,0,,,,9.9999994e-08,0.0,0.0,0.0,0.0
7,2,1,0,,,,9.9999994e-08,0.0,0.0,0.0,0.0
7,3,1,0,,,,9.9999994e-08,0.0,0.0,0.0,0.0
7,4,1,0,,,,9.9999994e-08,0.0,0.0,0.0,0.0
7,5,1,0,,,,9.9999994e-08,0.0,0.0,0.0,0.0
7,6,1,0,,,,0.2228,0.0,0.0,0.0,0.0
7,7,1,0,,,,0.65613335,0.0,0.0,0.0,63.1
7,8,1,0,,,,1.3031167,0.0,0.0,0.0,216.56
7,9,1,0,,,,2.1353,0.0,0.0,0.0,273.82
7,10,1,0,,,,2.9676833,0.0,0.0,0.0,494.33
7,11,1,0,,,,3.4997,0.0,0.0,0.0,512.92
7,12,1,0,,,,3.8084612,0.0,0.0,0.0,770.84
7,13,1,0,,,,3.5848835,0.0,0.0,0.0,709.22
7,14,1,0,,,,3.4478333,0.0,0.0,0.0,732.03
7,15,1,0,,,,3.2413166,0.0,0.0,0.0,686.42
7,16,1,0,,,,2.5486166,0.0,0.0,0.0,546.79
7,17,1,0,,,,1.5408083,0.0,0.0,0.0,386.45
7,18,1,0,,,,0.709525,0.0,0.0,0.0,197.98
7,19,1,0,,,,0.26621667,0.0,0.0,0.0,38.38
7,20,1,0,,,,9.9999994e-08,0.0,0.0,0.0,6.9
7,21,1,0,,,,9.9999994e-08,0.0,0.0,0.0,0.0
7,22,1,0,,,,9.9999994e-08,0.0,0.0,0.0,0.0
7,23,1,0,,,,9.833333e-08,0.0,0.0,0.0,0.0
