month,hour,day_type,daylight_savings_status,indoor_dry_bulb_temperature,average_unmet_cooling_setpoint_difference,indoor_relative_humidity,non_shiftable_load,dhw_demand,cooling_demand,heating_demand,solar_generation
7,24,7,0,,,,2.2758,0.0,0.0,0.0,0.0
8,1,1,0,,,,0.85116667,0.0,0.0,0.0,0.0
8,2,1,0,,,,0.8346,0.0,0.0,0.0,0.0
8,3,1,0,,,,0.83816665,0.0,0.0,0.0,0.0
8,4,1,0,,,,1.4784334,0.0,0.0,0.0,0.0
8,5,1,0,,,,1.2562,0.0,0.0,0.0,0.0
8,6,1,0,,,,1.8695166,0.0,0.0,0.0,0.87
8,7,1,0,,,,0.8088167,0.0,0.0,0.0,41.12
8,8,1,0,,,,0.6159667,0.0,0.0,0.0,14.06
8,9,1,0,,,,0.6272333,0.0,0.0,0.0,58.05
8,10,1,0,,,,0.61806667,0.0,0.0,0.0,310.95
8,11,1,0,,,,0.6451333,0.0,0.0,0.0,309.85
8,12,1,0,,,,0.7644333,0.0,0.0,0.0,408.25
8,13,1,0,,,,1.4323,0.0,0.0,0.0,253.05
8,14,1,0,,,,1.9018333,0.0,0.0,0.0,171.52
8,15,1,0,,,,1.7299833,0.0,0.0,0.0,75.01
8,16,1,0,,,,1.3914334,0.0,0.0,0.0,87.93
8,17,1,0,,,,1.0301,0.0,0.0,0.0,82.53
8,18,1,0,,,,1.3838167,0.0,0.0,0.0,39.56
8,19,1,0,,,,1.0319166,0.0,0.0,0.0,13.2
8,20,1,0,,,,3.6039834,0.0,0.0,0.0,2.03
8,21,1,0,,,,5.0085,0.0,0.0,0.0,0.0
8,22,1,0,,,,3.8962166,0.0,0.0,0.0,0.0
8,23,1,0,,,,3.5570834,0.0,0.0,0.0,0.0
8,24,1,0,,,,1.4113333,0.0,0.0,0.0,0.0
8,1,2,0,,,,0.97941667,0.0,0.0,0.0,0.0
8,2,2,0,,,,0.900975,0.0,0.0,0.0,0.0
8,3,2,0,,,,0.9224333,0.0,0.0,0.0,0.0
8,4,2,0,,,,0.91048336,0.0,0.0,0.0,0.0
8,5,2,0,,,,1.0103,0.0,0.0,0.0,0.0
8,6,2,0,,,,1.2976834,0.0,0.0,0.0,0.0
8,7,2,0,,,,1.1922667,0.0,0.0,0.0,11.5
8,8,2,0,,,,1.2234666,0.0,0.0,0.0,125.83
8,9,2,0,,,,1.0826833,0.0,0.0,0.0,134.75
8,10,2,0,,,,0.6676667,0.0,0.0,0.0,390.48
8,11,2,0,,,,0.6661,0.0,0.0,0.0,494.46
8,12,2,0,,,,0.64568335,0.0,0.0,0.0,330.74
8,13,2,0,,,,1.1646167,0.0,0.0,0.0,511.35
8,14,2,0,,,,1.4435834,0.0,0.0,0.0,245.64
8,15,2,0,,,,0.86195,0.0,0.0,0.0,386.38
8,16,2,0,,,,0.76175,0.0,0.0,0.0,437.32
8,17,2,0,,,,2.9404666,0.0,0.0,0.0,57.81
8,18,2,0,,,,2.4557667,0.0,0.0,0.0,191.58
8,19,2,0,,,,5.2640166,0.0,0.0,0.0,40.21
8,20,2,0,,,,5.1929336,0.0,0.0,0.0,4.87
8,21,2,0,,,,3.9318833,0.0,0.0,0.0,0.0
8,22,2,0,,,,1.89485,0.0,0.0,0.0,0.0
8,23,2,0,,,,1.3533666,0.0,0.0,0.0,0.0
8,24,2,0,,,,1.79045,0.0,0.0,0.0,0.0
8,1,3,0,,,,0.96433336,0.0,0.0,0.0,0.0
8,2,3,0,,,,0.9697833,0.0,0.0,0.0,0.0
8,3,3,0,,,,0.98003334,0.0,0.0,0.0,0.0
8,4,3,0,,,,0.97368336,0.0,0.0,0.0,0.0
8,5,3,0,,,,1.41885,0.0,0.0,0.0,0.0
8,6,3,0,,,,1.8283666,0.0,0.0,0.0,0.0
8,7,3,0,,,,1.4670167,0.0,0.0,0.0,4.99
8,8,3,0,,,,0.97321665,0.0,0.0,0.0,141.86
8,9,3,0,,,,1.4841334,0.0,0.0,0.0,242.66
8,10,3,0,,,,1.8785334,0.0,0.0,0.0,197.38
8,11,3,0,,,,2.6247,0.0,0.0,0.0,245.73
8,12,3,0,,,,2.3644166,0.0,0.0,0.0,365.33
8,13,3,0,,,,1.7574,0.0,0.0,0.0,226.42
8,14,3,0,,,,2.0072668,0.0,0.0,0.0,50.03
8,15,3,0,,,,1.0462667,0.0,0.0,0.0,136.8
8,16,3,0,,,,0.6874,0.0,0.0,0.0,259.39
8,17,3,0,,,,0.66111666,0.0,0.0,0.0,58.79
8,18,3,0,,,,2.25715,0.0,0.0,0.0,64.11
8,19,3,0,,,,1.5694667,0.0,0.0,0.0,16.24
8,20,3,0,,,,4.6877832,0.0,0.0,0.0,0.13
8,21,3,0,,,,4.039583,0.0,0.0,0.0,0.0
8,22,3,0,,,,2.9469,0.0,0.0,0.0,0.0
8,23,3,0,,,,2.2459,0.0,0.0,0.0,0.0
8,24,3,0,,,,0.91288334,0.0,0.0,0.0,0.0
8,1,4,0,,,,0.83335,0.0,0.0,0.0,0.0
8,2,4,0,,,,0.8093,0.0,0.0,0.0,0.0
8,3,4,0,,,,0.82605,0.0,0.0,0.0,0.0
8,4,4,0,,,,0.82056665,0.0,0.0,0.0,0.0
8,5,4,0,,,,1.2138333,0.0,0.0,0.0,0.0
8,6,4,0,,,,0.776,0.0,0.0,0.0,0.0
8,7,4,0,,,,0.83126664,0.0,0.0,0.0,18.04
8,8,4,0,,,,0.57005,0.0,0.0,0.0,183.25
8,9,4,0,,,,0.84525,0.0,0.0,0.0,419.01
8,10,4,0,,,,1.2543666,0.0,0.0,0.0,566.92
8,11,4,0,,,,0.53393334,0.0,0.0,0.0,631.56
8,12,4,0,,,,0.51738334,0.0,0.0,0.0,798.3
8,13,4,0,,,,1.53225,0.0,0.0,0.0,807.67
8,14,4,0,,,,1.41865,0.0,0.0,0.0,789.21
8,15,4,0,,,,0.57338333,0.0,0.0,0.0,700.18
8,16,4,0,,,,0.72395,0.0,0.0,0.0,585.76
8,17,4,0,,,,1.8375334,0.0,0.0,0.0,399.45
8,18,4,0,,,,4.254133,0.0,0.0,0.0,196.43
8,19,4,0,,,,4.2929335,0.0,0.0,0.0,36.93
8,20,4,0,,,,4.10335,0.0,0.0,0.0,3.39
8,21,4,0,,,,2.7808,0.0,0.0,0.0,0.0
8,22,4,0,,,,2.1478834,0.0,0.0,0.0,0.0
8,23,4,0,,,,1.9812167,0.0,0.0,0.0,0.0
8,24,4,0,,,,1.1093833,0.0,0.0,0.0,0.0
8,1,5,0,,,,1.0117667,0.0,0.0,0.0,0.0
8,2,5,0,,,,2.1897666,0.0,0.0,0.0,0.0
8,3,5,0,,,,2.1816332,0.0,0.0,0.0,0.0
8,4,5,0,,,,1.71535,0.0,0.0,0.0,0.0
8,5,5,0,,,,0.99343336,0.0,0.0,0.0,0.0
8,6,5,0,,,,1.92805,0.0,0.0,0.0,0.0
8,7,5,0,,,,0.92415,0.0,0.0,0.0,5.03
8,8,5,0,,,,0.7346333,0.0,0.0,0.0,218.46
8,9,5,0,,,,0.84395,0.0,0.0,0.0,416.38
8,10,5,0,,,,0.74285,0.0,0.0,0.0,574.11
8,11,5,0,,,,0.68943334,0.0,0.0,0.0,360.63
8,12,5,0,,,,0.70813334,0.0,0.0,0.0,234.37
8,13,5,0,,,,0.637275,0.0,0.0,0.0,818.82
8,14,5,0,,,,0.6551833,0.0,0.0,0.0,769.98
8,15,5,0,,,,0.63085,0.0,0.0,0.0,102.9
8,16,5,0,,,,0.65571666,0.0,0.0,0.0,519.68
8,17,5,0,,,,1.0198667,0.0,0.0,0.0,311.95
8,18,5,0,,,,2.7401333,0.0,0.0,0.0,159.32
8,19,5,0,,,,2.0481834,0.0,0.0,0.0,46.91
8,20,5,0,,,,3.0580332,0.0,0.0,0.0,3.88
8,21,5,0,,,,3.6221,0.0,0.0,0.0,0.0
8,22,5,0,,,,3.5694,0.0,0.0,0.0,0.0
8,23,5,0,,,,2.3449333,0.0,0.0,0.0,0.0
8,24,5,0,,,,2.2084167,0.0,0.0,0.0,0.0
8,1,6,0,,,,1.1773,0.0,0.0,0.0,0.0
8,2,6,0,,,,1.06665,0.0,0.0,0.0,0.0
8,3,6,0,,,,1.0835333,0.0,0.0,0.0,0.0
8,4,6,0,,,,0.87188333,0.0,0.0,0.0,0.0
8,5,6,0,,,,1.3106667,0.0,0.0,0.0,0.0
8,6,6,0,,,,1.55265,0.0,0.0,0.0,0.0
8,7,6,0,,,,0.7872667,0.0,0.0,0.0,70.93
8,8,6,0,,,,1.2208667,0.0,0.0,0.0,240.35
8,9,6,0,,,,1.6696666,0.0,0.0,0.0,443.72
8,10,6,0,,,,1.3210666,0.0,0.0,0.0,607.61
8,11,6,0,,,,1.24385,0.0,0.0,0.0,725.41
8,12,6,0,,,,1.1607167,0.0,0.0,0.0,741.76
8,13,6,0,,,,1.5804334,0.0,0.0,0.0,797.03
8,14,6,0,,,,1.9222667,0.0,0.0,0.0,776.28
8,15,6,0,,,,1.2551,0.0,0.0,0.0,688.45
8,16,6,0,,,,4.2199,0.0,0.0,0.0,555.17
8,17,6,0,,,,3.8339167,0.0,0.0,0.0,380.07
8,18,6,0,,,,3.3331292,0.0,0.0,0.0,169.46
8,19,6,0,,,,2.2699833,0.0,0.0,0.0,34.4
8,20,6,0,,,,1.91925,0.0,0.0,0.0,2.86
8,21,6,0,,,,2.50405,0.0,0.0,0.0,0.0
8,22,6,0,,,,3.0474334,0.0,0.0,0.0,0.0
8,23,6,0,,,,2.1673334,0.0,0.0,0.0,0.0
8,24,6,0,,,,1.8956333,0.0,0.0,0.0,0.0
8,1,7,0,,,,1.0146834,0.0,0.0,0.0,0.0
8,2,7,0,,,,1.0539334,0.0,0.0,0.0,0.0
8,3,7,0,,,,1.1816666,0.0,0.0,0.0,0.0
8,4,7,0,,,,1.14585,0.0,0.0,0.0,0.0
8,5,7,0,,,,1.08825,0.0,0.0,0.0,0.0
8,6,7,0,,,,1.0638666,0.0,0.0,0.0,0.0
8,7,7,0,,,,0.8833,0.0,0.0,0.0,61.03
8,8,7,0,,,,0.6892833,0.0,0.0,0.0,224.94
8,9,7,0,,,,0.73805,0.0,0.0,0.0,371.45
8,10,7,0,,,,1.1276667,0.0,0.0,0.0,497.15
8,11,7,0,,,,0.8103,0.0,0.0,0.0,672.59
8,12,7,0,,,,0.62091666,0.0,0.0,0.0,750.72
8,13,7,0,,,,1.3179834,0.0,0.0,0.0,703.78
8,14,7,0,,,,1.2006333,0.0,0.0,0.0,691.57
8,15,7,0,,,,1.66305,0.0,0.0,0.0,453.91
8,16,7,0,,,,3.4162834,0.0,0.0,0.0,409.35
8,17,7,0,,,,3.3941166,0.0,0.0,0.0,279.89
8,18,7,0,,,,3.7507834,0.0,0.0,0.0,18.22
8,19,7,0,,,,3.72305,0.0,0.0,0.0,6.23
8,20,7,0,,,,3.9582,0.0,0.0,0.0,1.13
8,21,7,0,,,,2.04575,0.0,0.0,0.0,0.0
8,22,7,0,,,,2.1481333,0.0,0.0,0.0,0.0
8,23,7,0,,,,0.8846833,0.0,0.0,0.0,0.0
8,24,7,0,,,,2.0152082,0.0,0.0,0.0,0.0
8,1,1,0,,,,0.8682333,0.0,0.0,0.0,0.0
8,2,1,0,,,,0.85838336,0.0,0.0,0.0,0.0
8,3,1,0,,,,0.7517167,0.0,0.0,0.0,0.0
8,4,1,0,,,,0.92651665,0.0,0.0,0.0,0.0
8,5,1,0,,,,1.0573334,0.0,0.0,0.0,0.0
8,6,1,0,,,,1.5097166,0.0,0.0,0.0,0.0
8,7,1,0,,,,0.9834167,0.0,0.0,0.0,60.06
8,8,1,0,,,,0.72221667,0.0,0.0,0.0,165.84
8,9,1,0,,,,0.65195,0.0,0.0,0.0,309.42
8,10,1,0,,,,0.7291167,0.0,0.0,0.0,305.84
8,11,1,0,,,,1.1015,0.0,0.0,0.0,103.57
8,12,1,0,,,,0.84611666,0.0,0.0,0.0,597.7
8,13,1,0,,,,0.68235,0.0,0.0,0.0,729.66
8,14,1,0,,,,0.6919,0.0,0.0,0.0,724.07
8,15,1,0,,,,0.66686666,0.0,0.0,0.0,34.64
8,16,1,0,,,,0.63456666,0.0,0.0,0.0,38.72
8,17,1,0,,,,0.97805,0.0,0.0,0.0,284.6
8,18,1,0,,,,3.4236834,0.0,0.0,0.0,163.84
8,19,1,0,,,,3.4720833,0.0,0.0,0.0,38.42
8,20,1,0,,,,3.9397833,0.0,0.0,0.0,0.78
8,21,1,0,,,,3.6698666,0.0,0.0,0.0,0.0
8,22,1,0,,,,1.8681333,0.0,0.0,0.0,0.0
8,23,1,0,,,,1.1379833,0.0,0.0,0.0,0.0
8,24,1,0,,,,1.4736167,0.0,0.0,0.0,0.0
8,1,2,0,,,,1.7563334,0.0,0.0,0.0,0.0
8,2,2,0,,,,2.64235,0.0,0.0,0.0,0.0
8,3,2,0,,,,1.4677167,0.0,0.0,0.0,0.0
8,4,2,0,,,,1.4675,0.0,0.0,0.0,0.0
8,5,2,0,,,,1.1095,0.0,0.0,0.0,0.0
8,6,2,0,,,,1.26415,0.0,0.0,0.0,0.0
8,7,2,0,,,,1.0001333,0.0,0.0,0.0,59.68
8,8,2,0,,,,0.6411167,0.0,0.0,0.0,230.1
8,9,2,0,,,,0.6872333,0.0,0.0,0.0,419.02
8,10,2,0,,,,0.6525,0.0,0.0,0.0,577.06
8,11,2,0,,,,0.65816665,0.0,0.0,0.0,649.32
8,12,2,0,,,,0.8329,0.0,0.0,0.0,645.71
8,13,2,0,,,,0.60181665,0.0,0.0,0.0,482.87
8,14,2,0,,,,0.67298335,0.0,0.0,0.0,672.78
8,15,2,0,,,,1.0372,0.0,0.0,0.0,601.63
8,16,2,0,,,,0.6695833,0.0,0.0,0.0,437.42
8,17,2,0,,,,0.5535,0.0,0.0,0.0,220.42
8,18,2,0,,,,1.80705,0.0,0.0,0.0,10.54
8,19,2,0,,,,3.1312833,0.0,0.0,0.0,37.92
8,20,2,0,,,,5.3630667,0.0,0.0,0.0,0.0
8,21,2,0,,,,2.8055167,0.0,0.0,0.0,0.0
8,22,2,0,,,,2.31805,0.0,0.0,0.0,0.0
8,23,2,0,,,,1.72315,0.0,0.0,0.0,0.0
8,24,2,0,,,,1.4898916,0.0,0.0,0.0,0.0
8,1,3,0,,,,0.7539167,0.0,0.0,0.0,0.0
8,2,3,0,,,,1.00465,0.0,0.0,0.0,0.0
8,3,3,0,,,,1.60625,0.0,0.0,0.0,0.0
8,4,3,0,,,,0.49796668,0.0,0.0,0.0,0.0
8,5,3,0,,,,1.5451334,0.0,0.0,0.0,0.0
8,6,3,0,,,,1.4066833,0.0,0.0,0.0,0.0
8,7,3,0,,,,0.81495,0.0,0.0,0.0,64.12
8,8,3,0,,,,1.20685,0.0,0.0,0.0,229.96
8,9,3,0,,,,1.4433833,0.0,0.0,0.0,435.71
8,10,3,0,,,,0.6598333,0.0,0.0,0.0,594.42
8,11,3,0,,,,0.6379833,0.0,0.0,0.0,666.55
8,12,3,0,,,,0.6612333,0.0,0.0,0.0,735.62
8,13,3,0,,,,0.62981665,0.0,0.0,0.0,617.61
8,14,3,0,,,,1.4416833,0.0,0.0,0.0,645.71
8,15,3,0,,,,2.4830334,0.0,0.0,0.0,532.54
8,16,3,0,,,,1.9101666,0.0,0.0,0.0,456.28
8,17,3,0,,,,1.1611834,0.0,0.0,0.0,299.33
8,18,3,0,,,,0.89573336,0.0,0.0,0.0,128.01
8,19,3,0,,,,0.5837833,0.0,0.0,0.0,39.12
8,20,3,0,,,,1.36415,0.0,0.0,0.0,0.0
8,21,3,0,,,,2.8685668,0.0,0.0,0.0,0.0
8,22,3,0,,,,2.16605,0.0,0.0,0.0,0.0
8,23,3,0,,,,1.7671833,0.0,0.0,0.0,0.0
8,24,3,0,,,,1.7916,0.0,0.0,0.0,0.0
8,1,4,0,,,,0.79081666,0.0,0.0,0.0,0.0
8,2,4,0,,,,0.8059,0.0,0.0,0.0,0.0
8,3,4,0,,,,0.7650333,0.0,0.0,0.0,0.0
8,4,4,0,,,,0.77856666,0.0,0.0,0.0,0.0
8,5,4,0,,,,2.0142167,0.0,0.0,0.0,0.0
8,6,4,0,,,,0.84745,0.0,0.0,0.0,0.0
8,7,4,0,,,,0.7894167,0.0,0.0,0.0,3.88
8,8,4,0,,,,1.0594,0.0,0.0,0.0,11.88
8,9,4,0,,,,1.6692834,0.0,0.0,0.0,29.13
8,10,4,0,,,,1.88965,0.0,0.0,0.0,105.58
8,11,4,0,,,,2.1278167,0.0,0.0,0.0,129.26
8,12,4,0,,,,2.3515666,0.0,0.0,0.0,346.04
8,13,4,0,,,,0.91465,0.0,0.0,0.0,175.43
8,14,4,0,,,,0.52695,0.0,0.0,0.0,316.09
8,15,4,0,,,,0.64073336,0.0,0.0,0.0,186.53
8,16,4,0,,,,0.51101667,0.0,0.0,0.0,357.68
8,17,4,0,,,,0.58853334,0.0,0.0,0.0,363.48
8,18,4,0,,,,0.9142,0.0,0.0,0.0,171.27
8,19,4,0,,,,1.5422833,0.0,0.0,0.0,33.26
8,20,4,0,,,,4.2024665,0.0,0.0,0.0,0.0
8,21,4,0,,,,2.8106666,0.0,0.0,0.0,0.0
8,22,4,0,,,,3.45985,0.0,0.0,0.0,0.0
8,23,4,0,,,,2.80885,0.0,0.0,0.0,0.0
8,24,4,0,,,,1.2736083,0.0,0.0,0.0,0.0
8,1,5,0,,,,0.85471666,0.0,0.0,0.0,0.0
8,2,5,0,,,,0.8027,0.0,0.0,0.0,0.0
8,3,5,0,,,,0.96853334,0.0,0.0,0.0,0.0
8,4,5,0,,,,0.8246667,0.0,0.0,0.0,0.0
8,5,5,0,,,,0.8229833,0.0,0.0,0.0,0.0
8,6,5,0,,,,0.84636664,0.0,0.0,0.0,0.0
8,7,5,0,,,,0.8179,0.0,0.0,0.0,59.48
8,8,5,0,,,,1.1235334,0.0,0.0,0.0,222.05
8,9,5,0,,,,1.5054166,0.0,0.0,0.0,409.39
8,10,5,0,,,,1.8146666,0.0,0.0,0.0,554.53
8,11,5,0,,,,1.9106,0.0,0.0,0.0,671.46
8,12,5,0,,,,2.9232666,0.0,0.0,0.0,737.9
8,13,5,0,,,,2.19085,0.0,0.0,0.0,730.45
8,14,5,0,,,,1.2992667,0.0,0.0,0.0,709.01
8,15,5,0,,,,0.44381666,0.0,0.0,0.0,625.89
8,16,5,0,,,,0.37885,0.0,0.0,0.0,505.84
8,17,5,0,,,,0.42791668,0.0,0.0,0.0,347.67
8,18,5,0,,,,1.1827667,0.0,0.0,0.0,165.43
8,19,5,0,,,,0.7854,0.0,0.0,0.0,31.98
8,20,5,0,,,,1.0546167,0.0,0.0,0.0,0.0
8,21,5,0,,,,1.1194167,0.0,0.0,0.0,0.0
8,22,5,0,,,,0.5542,0.0,0.0,0.0,0.0
8,23,5,0,,,,0.57415,0.0,0.0,0.0,0.0
8,24,5,0,,,,0.54234165,0.0,0.0,0.0,0.0
8,1,6,0,,,,2.5549166,0.0,0.0,0.0,0.0
8,2,6,0,,,,0.5391833,0.0,0.0,0.0,0.0
8,3,6,0,,,,0.5669,0.0,0.0,0.0,0.0
8,4,6,0,,,,0.479,0.0,0.0,0.0,0.0
8,5,6,0,,,,0.71356666,0.0,0.0,0.0,0.0
8,6,6,0,,,,1.05175,0.0,0.0,0.0,0.0
8,7,6,0,,,,0.8077667,0.0,0.0,0.0,57.57
8,8,6,0,,,,0.5459375,0.0,0.0,0.0,208.55
8,9,6,0,,,,0.64795,0.0,0.0,0.0,388.04
8,10,6,0,,,,0.74663335,0.0,0.0,0.0,534.47
8,11,6,0,,,,0.80875,0.0,0.0,0.0,655.22
8,12,6,0,,,,1.21745,0.0,0.0,0.0,714.57
8,13,6,0,,,,1.6296834,0.0,0.0,0.0,701.48
8,14,6,0,,,,2.0857,0.0,0.0,0.0,707.11
8,15,6,0,,,,0.55605,0.0,0.0,0.0,622.17
8,16,6,0,,,,0.55181664,0.0,0.0,0.0,338.6
8,17,6,0,,,,0.5109,0.0,0.0,0.0,336.62
8,18,6,0,,,,1.7861,0.0,0.0,0.0,156.35
8,19,6,0,,,,0.7979,0.0,0.0,0.0,18.64
8,20,6,0,,,,0.8645667,0.0,0.0,0.0,0.0
8,21,6,0,,,,0.762,0.0,0.0,0.0,0.0
8,22,6,0,,,,0.56586665,0.0,0.0,0.0,0.0
8,23,6,0,,,,0.4205,0.0,0.0,0.0,0.0
8,24,6,0,,,,0.43808332,0.0,0.0,0.0,0.0
8,1,7,0,,,,2.5334833,0.0,0.0,0.0,0.0
8,2,7,0,,,,1.2014667,0.0,0.0,0.0,0.0
8,3,7,0,,,,0.51318336,0.0,0.0,0.0,0.0
8,4,7,0,,,,0.5287333,0.0,0.0,0.0,0.0
8,5,7,0,,,,0.51643336,0.0,0.0,0.0,0.0
8,6,7,0,,,,1.2016,0.0,0.0,0.0,0.0
8,7,7,0,,,,0.92403334,0.0,0.0,0.0,51.07
8,8,7,0,,,,0.96033335,0.0,0.0,0.0,169.44
8,9,7,0,,,,1.5598167,0.0,0.0,0.0,350.29
8,10,7,0,,,,2.2239833,0.0,0.0,0.0,506.89
8,11,7,0,,,,2.3276834,0.0,0.0,0.0,649.6
8,12,7,0,,,,2.4122334,0.0,0.0,0.0,714.71
8,13,7,0,,,,2.4837832,0.0,0.0,0.0,740.81
8,14,7,0,,,,2.3777332,0.0,0.0,0.0,648.3
8,15,7,0,,,,1.26975,0.0,0.0,0.0,631.32
8,16,7,0,,,,2.67195,0.0,0.0,0.0,510.95
8,17,7,0,,,,2.5474167,0.0,0.0,0.0,342.73
8,18,7,0,,,,2.0896,0.0,0.0,0.0,158.62
8,19,7,0,,,,2.7026,0.0,0.0,0.0,26.55
8,20,7,0,,,,2.6042666,0.0,0.0,0.0,0.0
8,21,7,0,,,,1.3785833,0.0,0.0,0.0,0.0
8,22,7,0,,,,0.99981666,0.0,0.0,0.0,0.0
8,23,7,0,,,,1.6214,0.0,0.0,0.0,0.0
8,24,7,0,,,,1.6192833,0.0,0.0,0.0,0.0
8,1,1,0,,,,0.84748334,0.0,0.0,0.0,0.0
8,2,1,0,,,,0.87191665,0.0,0.0,0.0,0.0
8,3,1,0,,,,0.84536666,0.0,0.0,0.0,0.0
8,4,1,0,,,,0.85691667,0.0,0.0,0.0,0.0
8,5,1,0,,,,1.3805,0.0,0.0,0.0,0.0
8,6,1,0,,,,3.4149,0.0,0.0,0.0,0.0
8,7,1,0,,,,3.3304667,0.0,0.0,0.0,3.34
8,8,1,0,,,,2.6339166,0.0,0.0,0.0,19.19
8,9,1,0,,,,2.4981833,0.0,0.0,0.0,62.13
8,10,1,0,,,,2.62875,0.0,0.0,0.0,78.96
8,11,1,0,,,,2.6977334,0.0,0.0,0.0,96.96
8,12,1,0,,,,3.6739166,0.0,0.0,0.0,147.69
8,13,1,0,,,,3.6992834,0.0,0.0,0.0,114.54
8,14,1,0,,,,2.3760166,0.0,0.0,0.0,103.42
8,15,1,0,,,,2.75265,0.0,0.0,0.0,162.82
8,16,1,0,,,,2.8858666,0.0,0.0,0.0,96.52
8,17,1,0,,,,5.381417,0.0,0.0,0.0,101.23
8,18,1,0,,,,1.73735,0.0,0.0,0.0,94.3
8,19,1,0,,,,2.062,0.0,0.0,0.0,8.83
8,20,1,0,,,,3.7227166,0.0,0.0,0.0,0.0
8,21,1,0,,,,3.5942667,0.0,0.0,0.0,0.0
8,22,1,0,,,,3.7093832,0.0,0.0,0.0,0.0
8,23,1,0,,,,0.99541664,0.0,0.0,0.0,0.0
8,24,1,0,,,,2.4371417,0.0,0.0,0.0,0.0
8,1,2,0,,,,0.86255,0.0,0.0,0.0,0.0
8,2,2,0,,,,0.8589,0.0,0.0,0.0,0.0
8,3,2,0,,,,0.86511666,0.0,0.0,0.0,0.0
8,4,2,0,,,,0.81581664,0.0,0.0,0.0,0.0
8,5,2,0,,,,0.98188335,0.0,0.0,0.0,0.0
8,6,2,0,,,,1.2526667,0.0,0.0,0.0,0.0
8,7,2,0,,,,1.1138,0.0,0.0,0.0,2.88
8,8,2,0,,,,1.55635,0.0,0.0,0.0,11.47
8,9,2,0,,,,1.99335,0.0,0.0,0.0,24.9
8,10,2,0,,,,1.9558166,0.0,0.0,0.0,70.53
8,11,2,0,,,,2.1299167,0.0,0.0,0.0,73.58
8,12,2,0,,,,3.0743,0.0,0.0,0.0,104.0
8,13,2,0,,,,3.8387833,0.0,0.0,0.0,100.73
8,14,2,0,,,,2.9744666,0.0,0.0,0.0,64.79
8,15,2,0,,,,2.7813334,0.0,0.0,0.0,50.29
8,16,2,0,,,,2.28025,0.0,0.0,0.0,44.97
8,17,2,0,,,,2.8699,0.0,0.0,0.0,31.75
8,18,2,0,,,,3.6662,0.0,0.0,0.0,36.06
8,19,2,0,,,,4.8318,0.0,0.0,0.0,11.96
8,20,2,0,,,,3.2167833,0.0,0.0,0.0,0.0
8,21,2,0,,,,2.20765,0.0,0.0,0.0,0.0
8,22,2,0,,,,1.4187167,0.0,0.0,0.0,0.0
8,23,2,0,,,,1.8270667,0.0,0.0,0.0,0.0
8,24,2,0,,,,0.99263334,0.0,0.0,0.0,0.0
8,1,3,0,,,,2.5251667,0.0,0.0,0.0,0.0
8,2,3,0,,,,2.2115667,0.0,0.0,0.0,0.0
8,3,3,0,,,,1.7396333,0.0,0.0,0.0,0.0
8,4,3,0,,,,1.3696333,0.0,0.0,0.0,0.0
8,5,3,0,,,,0.86795,0.0,0.0,0.0,0.0
8,6,3,0,,,,0.6781,0.0,0.0,0.0,0.0
8,7,3,0,,,,1.2652833,0.0,0.0,0.0,2.89
8,8,3,0,,,,1.3456,0.0,0.0,0.0,10.88
8,9,3,0,,,,2.0803332,0.0,0.0,0.0,52.24
8,10,3,0,,,,2.7867832,0.0,0.0,0.0,97.36
8,11,3,0,,,,2.7854166,0.0,0.0,0.0,132.77
8,12,3,0,,,,0.11765,0.0,0.0,0.0,119.9
8,13,3,0,,,,1.4776833,0.0,0.0,0.0,106.17
8,14,3,0,,,,1.9451833,0.0,0.0,0.0,130.23
8,15,3,0,,,,3.2122667,0.0,0.0,0.0,120.43
8,16,3,0,,,,1.94765,0.0,0.0,0.0,132.99
8,17,3,0,,,,2.9825,0.0,0.0,0.0,64.27
8,18,3,0,,,,4.461633,0.0,0.0,0.0,64.78
8,19,3,0,,,,4.432317,0.0,0.0,0.0,18.44
8,20,3,0,,,,4.1556168,0.0,0.0,0.0,0.0
8,21,3,0,,,,1.58125,0.0,0.0,0.0,0.0
8,22,3,0,,,,2.4762,0.0,0.0,0.0,0.0
8,23,3,0,,,,2.0476,0.0,0.0,0.0,0.0
8,24,3,0,,,,1.2151667,0.0,0.0,0.0,0.0
8,1,4,0,,,,0.86385,0.0,0.0,0.0,0.0
8,2,4,0,,,,0.84548336,0.0,0.0,0.0,0.0
8,3,4,0,,,,0.8534,0.0,0.0,0.0,0.0
8,4,4,0,,,,1.0625833,0.0,0.0,0.0,0.0
8,5,4,0,,,,0.92635,0.0,0.0,0.0,0.0
8,6,4,0,,,,0.874,0.0,0.0,0.0,0.0
8,7,4,0,,,,1.1201125,0.0,0.0,0.0,53.86
8,8,4,0,,,,1.51415,0.0,0.0,0.0,229.11
8,9,4,0,,,,2.2712166,0.0,0.0,0.0,430.35
8,10,4,0,,,,2.8162668,0.0,0.0,0.0,586.44
8,11,4,0,,,,2.4197,0.0,0.0,0.0,707.94
8,12,4,0,,,,0.39506668,0.0,0.0,0.0,741.0
8,13,4,0,,,,1.2325333,0.0,0.0,0.0,723.98
8,14,4,0,,,,1.9889667,0.0,0.0,0.0,739.31
8,15,4,0,,,,1.8743666,0.0,0.0,0.0,655.09
8,16,4,0,,,,2.7546167,0.0,0.0,0.0,528.89
8,17,4,0,,,,2.3438334,0.0,0.0,0.0,354.06
8,18,4,0,,,,3.5362666,0.0,0.0,0.0,160.4
8,19,4,0,,,,2.6925833,0.0,0.0,0.0,25.43
8,20,4,0,,,,2.4034834,0.0,0.0,0.0,0.0
8,21,4,0,,,,1.4235333,0.0,0.0,0.0,0.0
8,22,4,0,,,,1.8732333,0.0,0.0,0.0,0.0
8,23,4,0,,,,0.7824,0.0,0.0,0.0,0.0
8,24,4,0,,,,1.8284833,0.0,0.0,0.0,0.0
8,1,5,0,,,,0.9066667,0.0,0.0,0.0,0.0
8,2,5,0,,,,3.29255,0.0,0.0,0.0,0.0
8,3,5,0,,,,0.9957833,0.0,0.0,0.0,0.0
8,4,5,0,,,,1.32045,0.0,0.0,0.0,0.0
8,5,5,0,,,,1.3017334,0.0,0.0,0.0,0.0
8,6,5,0,,,,0.6903333,0.0,0.0,0.0,0.0
8,7,5,0,,,,0.77608335,0.0,0.0,0.0,49.58
8,8,5,0,,,,1.40145,0.0,0.0,0.0,227.86
8,9,5,0,,,,1.5767,0.0,0.0,0.0,414.0
8,10,5,0,,,,2.1525333,0.0,0.0,0.0,551.4
8,11,5,0,,,,3.1382833,0.0,0.0,0.0,654.96
8,12,5,0,,,,1.5559,0.0,0.0,0.0,722.94
8,13,5,0,,,,1.3172667,0.0,0.0,0.0,730.33
8,14,5,0,,,,1.11665,0.0,0.0,0.0,695.43
8,15,5,0,,,,0.63201666,0.0,0.0,0.0,607.99
8,16,5,0,,,,0.7259333,0.0,0.0,0.0,476.73
8,17,5,0,,,,0.6691833,0.0,0.0,0.0,335.31
8,18,5,0,,,,2.2238166,0.0,0.0,0.0,152.3
8,19,5,0,,,,0.5150667,0.0,0.0,0.0,25.43
8,20,5,0,,,,0.4535,0.0,0.0,0.0,0.0
8,21,5,0,,,,0.45838332,0.0,0.0,0.0,0.0
8,22,5,0,,,,0.46308333,0.0,0.0,0.0,0.0
8,23,5,0,,,,2.9977167,0.0,0.0,0.0,0.0
8,24,5,0,,,,3.2705166,0.0,0.0,0.0,0.0
8,1,6,0,,,,0.6859667,0.0,0.0,0.0,0.0
8,2,6,0,,,,0.6241,0.0,0.0,0.0,0.0
8,3,6,0,,,,0.61155,0.0,0.0,0.0,0.0
8,4,6,0,,,,1.8055,0.0,0.0,0.0,0.0
8,5,6,0,,,,1.81925,0.0,0.0,0.0,0.0
8,6,6,0,,,,0.78185,0.0,0.0,0.0,0.0
8,7,6,0,,,,1.1586833,0.0,0.0,0.0,50.83
8,8,6,0,,,,1.2373667,0.0,0.0,0.0,211.41
8,9,6,0,,,,1.9754333,0.0,0.0,0.0,397.07
8,10,6,0,,,,2.6163666,0.0,0.0,0.0,539.11
8,11,6,0,,,,3.03325,0.0,0.0,0.0,650.72
8,12,6,0,,,,2.4201167,0.0,0.0,0.0,724.63
8,13,6,0,,,,2.3031332,0.0,0.0,0.0,726.67
8,14,6,0,,,,2.39555,0.0,0.0,0.0,687.57
8,15,6,0,,,,2.3266666,0.0,0.0,0.0,603.25
8,16,6,0,,,,2.8402166,0.0,0.0,0.0,487.27
8,17,6,0,,,,0.9095333,0.0,0.0,0.0,327.63
8,18,6,0,,,,0.65405,0.0,0.0,0.0,145.27
8,19,6,0,,,,2.1996167,0.0,0.0,0.0,23.21
8,20,6,0,,,,2.60215,0.0,0.0,0.0,0.0
8,21,6,0,,,,2.15355,0.0,0.0,0.0,0.0
8,22,6,0,,,,3.31695,0.0,0.0,0.0,0.0
8,23,6,0,,,,1.5418333,0.0,0.0,0.0,0.0
8,24,6,0,,,,2.00515,0.0,0.0,0.0,0.0
8,1,7,0,,,,0.9519167,0.0,0.0,0.0,0.0
8,2,7,0,,,,0.7995333,0.0,0.0,0.0,0.0
8,3,7,0,,,,0.98323333,0.0,0.0,0.0,0.0
8,4,7,0,,,,0.82121664,0.0,0.0,0.0,0.0
8,5,7,0,,,,0.7693167,0.0,0.0,0.0,0.0
8,6,7,0,,,,0.7634,0.0,0.0,0.0,0.0
8,7,7,0,,,,0.6094,0.0,0.0,0.0,47.77
8,8,7,0,,,,1.3876166,0.0,0.0,0.0,219.31
8,9,7,0,,,,2.4023666,0.0,0.0,0.0,401.17
8,10,7,0,,,,2.6190333,0.0,0.0,0.0,538.8
8,11,7,0,,,,2.6247666,0.0,0.0,0.0,641.65
8,12,7,0,,,,2.5670166,0.0,0.0,0.0,714.7
8,13,7,0,,,,1.2261167,0.0,0.0,0.0,716.04
8,14,7,0,,,,2.9299667,0.0,0.0,0.0,681.63
8,15,7,0,,,,2.9970167,0.0,0.0,0.0,602.58
8,16,7,0,,,,2.4473834,0.0,0.0,0.0,485.0
8,17,7,0,,,,1.0066333,0.0,0.0,0.0,327.42
8,18,7,0,,,,0.89701664,0.0,0.0,0.0,144.16
8,19,7,0,,,,3.7014,0.0,0.0,0.0,22.45
8,20,7,0,,,,4.0723834,0.0,0.0,0.0,0.0
8,21,7,0,,,,3.8306,0.0,0.0,0.0,0.0
8,22,7,0,,,,1.17795,0.0,0.0,0.0,0.0
8,23,7,0,,,,1.6567833,0.0,0.0,0.0,0.0
8,24,7,0,,,,1.3112,0.0,0.0,0.0,0.0
8,1,1,0,,,,2.1171834,0.0,0.0,0.0,0.0
8,2,1,0,,,,2.0427666,0.0,0.0,0.0,0.0
8,3,1,0,,,,1.2069,0.0,0.0,0.0,0.0
8,4,1,0,,,,1.0077,0.0,0.0,0.0,0.0
8,5,1,0,,,,1.2844,0.0,0.0,0.0,0.0
8,6,1,0,,,,0.7410167,0.0,0.0,0.0,0.0
8,7,1,0,,,,0.61785,0.0,0.0,0.0,4.87
8,8,1,0,,,,0.60905,0.0,0.0,0.0,57.33
8,9,1,0,,,,0.7446333,0.0,0.0,0.0,174.04
8,10,1,0,,,,2.7522666,0.0,0.0,0.0,392.97
8,11,1,0,,,,3.1660333,0.0,0.0,0.0,567.84
8,12,1,0,,,,2.3904333,0.0,0.0,0.0,354.83
8,13,1,0,,,,0.6081333,0.0,0.0,0.0,329.85
8,14,1,0,,,,0.61855,0.0,0.0,0.0,642.63
8,15,1,0,,,,0.59125,0.0,0.0,0.0,330.06
8,16,1,0,,,,0.6404833,0.0,0.0,0.0,431.19
8,17,1,0,,,,1.3410667,0.0,0.0,0.0,344.87
8,18,1,0,,,,3.7159166,0.0,0.0,0.0,129.29
8,19,1,0,,,,2.7560167,0.0,0.0,0.0,22.16
8,20,1,0,,,,0.9534,0.0,0.0,0.0,0.0
8,21,1,0,,,,1.70245,0.0,0.0,0.0,0.0
8,22,1,0,,,,0.8437333,0.0,0.0,0.0,0.0
8,23,1,0,,,,1.1068333,0.0,0.0,0.0,0.0
8,24,1,0,,,,3.4028666,0.0,0.0,0.0,0.0
8,1,2,0,,,,0.92125,0.0,0.0,0.0,0.0
8,2,2,0,,,,0.84561664,0.0,0.0,0.0,0.0
8,3,2,0,,,,0.7959167,0.0,0.0,0.0,0.0
8,4,2,0,,,,0.76741666,0.0,0.0,0.0,0.0
8,5,2,0,,,,0.89021665,0.0,0.0,0.0,0.0
8,6,2,0,,,,0.8754,0.0,0.0,0.0,0.0
8,7,2,0,,,,0.65001667,0.0,0.0,0.0,44.67
8,8,2,0,,,,0.6085333,0.0,0.0,0.0,187.2
8,9,2,0,,,,0.63225,0.0,0.0,0.0,393.78
8,10,2,0,,,,2.8185666,0.0,0.0,0.0,486.38
8,11,2,0,,,,3.1466832,0.0,0.0,0.0,644.69
8,12,2,0,,,,2.26595,0.0,0.0,0.0,690.71
8,13,2,0,,,,0.63061666,0.0,0.0,0.0,666.7
8,14,2,0,,,,1.60995,0.0,0.0,0.0,557.46
8,15,2,0,,,,0.7051,0.0,0.0,0.0,524.85
8,16,2,0,,,,0.65326667,0.0,0.0,0.0,375.38
8,17,2,0,,,,0.6155667,0.0,0.0,0.0,167.63
8,18,2,0,,,,1.9165167,0.0,0.0,0.0,95.01
8,19,2,0,,,,0.52755,0.0,0.0,0.0,19.36
8,20,2,0,,,,2.72025,0.0,0.0,0.0,0.0
8,21,2,0,,,,2.6791832,0.0,0.0,0.0,0.0
8,22,2,0,,,,3.3793,0.0,0.0,0.0,0.0
8,23,2,0,,,,0.78295,0.0,0.0,0.0,0.0
8,24,2,0,,,,2.19345,0.0,0.0,0.0,0.0
8,1,3,0,,,,0.74615,0.0,0.0,0.0,0.0
8,2,3,0,,,,0.90985,0.0,0.0,0.0,0.0
8,3,3,0,,,,1.00415,0.0,0.0,0.0,0.0
8,4,3,0,,,,1.9159,0.0,0.0,0.0,0.0
8,5,3,0,,,,2.6332166,0.0,0.0,0.0,0.0
8,6,3,0,,,,1.4639833,0.0,0.0,0.0,0.0
8,7,3,0,,,,0.8308167,0.0,0.0,0.0,46.66
8,8,3,0,,,,0.64706665,0.0,0.0,0.0,216.55
8,9,3,0,,,,0.6027667,0.0,0.0,0.0,411.73
8,10,3,0,,,,2.8154833,0.0,0.0,0.0,562.77
8,11,3,0,,,,3.1347167,0.0,0.0,0.0,677.49
8,12,3,0,,,,2.2978666,0.0,0.0,0.0,744.81
8,13,3,0,,,,0.60075,0.0,0.0,0.0,757.37
8,14,3,0,,,,0.9382667,0.0,0.0,0.0,715.71
8,15,3,0,,,,0.65543336,0.0,0.0,0.0,620.23
8,16,3,0,,,,0.65785,0.0,0.0,0.0,500.71
8,17,3,0,,,,0.62843335,0.0,0.0,0.0,332.16
8,18,3,0,,,,2.18505,0.0,0.0,0.0,140.75
8,19,3,0,,,,1.0819666,0.0,0.0,0.0,19.27
8,20,3,0,,,,1.0682,0.0,0.0,0.0,0.0
8,21,3,0,,,,1.12215,0.0,0.0,0.0,0.0
8,22,3,0,,,,1.6801833,0.0,0.0,0.0,0.0
8,23,3,0,,,,1.3914666,0.0,0.0,0.0,0.0
8,24,3,0,,,,0.7111833,0.0,0.0,0.0,0.0
8,1,4,0,,,,1.8506666,0.0,0.0,0.0,0.0
8,2,4,0,,,,3.4243166,0.0,0.0,0.0,0.0
8,3,4,0,,,,1.5630667,0.0,0.0,0.0,0.0
8,4,4,0,,,,1.7643833,0.0,0.0,0.0,0.0
8,5,4,0,,,,0.8691667,0.0,0.0,0.0,0.0
8,6,4,0,,,,0.9265,0.0,0.0,0.0,0.0
8,7,4,0,,,,0.6785,0.0,0.0,0.0,46.1
8,8,4,0,,,,0.6447167,0.0,0.0,0.0,221.02
8,9,4,0,,,,0.6746,0.0,0.0,0.0,383.08
8,10,4,0,,,,2.6079834,0.0,0.0,0.0,515.9
8,11,4,0,,,,2.9681,0.0,0.0,0.0,659.04
8,12,4,0,,,,2.7298167,0.0,0.0,0.0,729.9
8,13,4,0,,,,0.63591665,0.0,0.0,0.0,657.55
8,14,4,0,,,,0.5955667,0.0,0.0,0.0,702.33
8,15,4,0,,,,0.62075,0.0,0.0,0.0,623.83
8,16,4,0,,,,0.5962,0.0,0.0,0.0,497.82
8,17,4,0,,,,0.6171333,0.0,0.0,0.0,325.67
8,18,4,0,,,,1.7734166,0.0,0.0,0.0,139.45
8,19,4,0,,,,0.64805,0.0,0.0,0.0,17.8
8,20,4,0,,,,2.4664834,0.0,0.0,0.0,0.0
8,21,4,0,,,,1.0533167,0.0,0.0,0.0,0.0
8,22,4,0,,,,1.1436167,0.0,0.0,0.0,0.0
8,23,4,0,,,,2.9285,0.0,0.0,0.0,0.0
8,24,4,0,,,,3.3404918,0.0,0.0,0.0,0.0
8,1,5,0,,,,1.0928667,0.0,0.0,0.0,0.0
8,2,5,0,,,,0.93908334,0.0,0.0,0.0,0.0
8,3,5,0,,,,2.2048,0.0,0.0,0.0,0.0
8,4,5,0,,,,0.8541,0.0,0.0,0.0,0.0
8,5,5,0,,,,0.9077167,0.0,0.0,0.0,0.0
8,6,5,0,,,,1.0435833,0.0,0.0,0.0,0.0
8,7,5,0,,,,0.67296666,0.0,0.0,0.0,43.44
8,8,5,0,,,,0.6351333,0.0,0.0,0.0,203.79
8,9,5,0,,,,0.66536665,0.0,0.0,0.0,391.15
8,10,5,0,,,,2.6077332,0.0,0.0,0.0,509.4
8,11,5,0,,,,3.4311333,0.0,0.0,0.0,658.56
8,12,5,0,,,,2.705,0.0,0.0,0.0,726.66
8,13,5,0,,,,0.82455,0.0,0.0,0.0,729.96
8,14,5,0,,,,0.61825,0.0,0.0,0.0,687.34
8,15,5,0,,,,0.5869,0.0,0.0,0.0,595.82
8,16,5,0,,,,0.6324,0.0,0.0,0.0,481.9
8,17,5,0,,,,0.55251664,0.0,0.0,0.0,318.63
8,18,5,0,,,,2.1788833,0.0,0.0,0.0,133.42
8,19,5,0,,,,3.4037833,0.0,0.0,0.0,17.05
8,20,5,0,,,,1.89975,0.0,0.0,0.0,0.0
8,21,5,0,,,,1.0893333,0.0,0.0,0.0,0.0
8,22,5,0,,,,0.7744167,0.0,0.0,0.0,0.0
8,23,5,0,,,,1.6829667,0.0,0.0,0.0,0.0
8,24,5,0,,,,2.5171666,0.0,0.0,0.0,0.0
8,1,6,0,,,,0.7422,0.0,0.0,0.0,0.0
8,2,6,0,,,,0.77805,0.0,0.0,0.0,0.0
8,3,6,0,,,,0.87115,0.0,0.0,0.0,0.0
8,4,6,0,,,,0.8361667,0.0,0.0,0.0,0.0
8,5,6,0,,,,0.8356,0.0,0.0,0.0,0.0
8,6,6,0,,,,0.84318334,0.0,0.0,0.0,0.0
8,7,6,0,,,,0.6429667,0.0,0.0,0.0,44.0
8,8,6,0,,,,0.8756,0.0,0.0,0.0,207.72
8,9,6,0,,,,2.1089334,0.0,0.0,0.0,400.92
8,10,6,0,,,,3.8566,0.0,0.0,0.0,555.59
8,11,6,0,,,,3.4715166,0.0,0.0,0.0,669.89
8,12,6,0,,,,2.9181333,0.0,0.0,0.0,741.04
8,13,6,0,,,,0.8010167,0.0,0.0,0.0,754.04
8,14,6,0,,,,0.7305833,0.0,0.0,0.0,724.82
8,15,6,0,,,,1.37255,0.0,0.0,0.0,622.81
8,16,6,0,,,,1.36865,0.0,0.0,0.0,494.52
8,17,6,0,,,,0.45743334,0.0,0.0,0.0,323.98
8,18,6,0,,,,0.58916664,0.0,0.0,0.0,131.54
8,19,6,0,,,,0.44313332,0.0,0.0,0.0,16.34
8,20,6,0,,,,0.34768334,0.0,0.0,0.0,0.0
8,21,6,0,,,,1.1541667,0.0,0.0,0.0,0.0
8,22,6,0,,,,0.7560167,0.0,0.0,0.0,0.0
8,23,6,0,,,,1.8268833,0.0,0.0,0.0,0.0
8,24,6,0,,,,3.2450666,0.0,0.0,0.0,0.0
8,1,7,0,,,,0.7672167,0.0,0.0,0.0,0.0
8,2,7,0,,,,0.98623335,0.0,0.0,0.0,0.0
8,3,7,0,,,,1.0811334,0.0,0.0,0.0,0.0
8,4,7,0,,,,0.75186664,0.0,0.0,0.0,0.0
8,5,7,0,,,,0.9137667,0.0,0.0,0.0,0.0
8,6,7,0,,,,1.3862833,0.0,0.0,0.0,0.0
8,7,7,0,,,,1.2822833,0.0,0.0,0.0,41.1
8,8,7,0,,,,1.3686833,0.0,0.0,0.0,208.13
8,9,7,0,,,,2.64615,0.0,0.0,0.0,397.91
8,10,7,0,,,,2.9713833,0.0,0.0,0.0,544.31
8,11,7,0,,,,2.8141167,0.0,0.0,0.0,659.72
8,12,7,0,,,,0.5963167,0.0,0.0,0.0,700.05
8,13,7,0,,,,1.26465,0.0,0.0,0.0,682.23
8,14,7,0,,,,1.0411667,0.0,0.0,0.0,656.18
8,15,7,0,,,,0.6271333,0.0,0.0,0.0,594.6
8,16,7,0,,,,0.85043335,0.0,0.0,0.0,461.37
8,17,7,0,,,,1.25195,0.0,0.0,0.0,304.02
8,18,7,0,,,,1.4381666,0.0,0.0,0.0,125.82
8,19,7,0,,,,4.25355,0.0,0.0,0.0,15.13
8,20,7,0,,,,4.3781,0.0,0.0,0.0,0.0
8,21,7,0,,,,3.9133832,0.0,0.0,0.0,0.0
8,22,7,0,,,,1.7293667,0.0,0.0,0.0,0.0
8,23,7,0,,,,2.34095,0.0,0.0,0.0,0.0
8,24,7,0,,,,2.7595832,0.0,0.0,0.0,0.0
8,1,1,0,,,,0.74233335,0.0,0.0,0.0,0.0
8,2,1,0,,,,0.70313334,0.0,0.0,0.0,0.0
8,3,1,0,,,,0.73863333,0.0,0.0,0.0,0.0
8,4,1,0,,,,0.7583167,0.0,0.0,0.0,0.0
8,5,1,0,,,,1.0874833,0.0,0.0,0.0,0.0
8,6,1,0,,,,1.29455,0.0,0.0,0.0,0.0
8,7,1,0,,,,0.62685,0.0,0.0,0.0,39.07
8,8,1,0,,,,0.63955,0.0,0.0,0.0,210.68
8,9,1,0,,,,0.5987167,0.0,0.0,0.0,410.86
8,10,1,0,,,,2.6929834,0.0,0.0,0.0,564.25
8,11,1,0,,,,3.0658667,0.0,0.0,0.0,678.7
8,12,1,0,,,,2.32405,0.0,0.0,0.0,744.71
8,13,1,0,,,,0.58888334,0.0,0.0,0.0,747.62
8,14,1,0,,,,0.75663334,0.0,0.0,0.0,706.5
8,15,1,0,,,,0.62766665,0.0,0.0,0.0,611.63
8,16,1,0,,,,0.63308334,0.0,0.0,0.0,485.78
8,17,1,0,,,,0.5955167,0.0,0.0,0.0,308.98
8,18,1,0,,,,2.15505,0.0,0.0,0.0,126.61
8,19,1,0,,,,0.5373167,0.0,0.0,0.0,14.02
8,20,1,0,,,,0.8815,0.0,0.0,0.0,0.0
8,21,1,0,,,,3.1859167,0.0,0.0,0.0,0.0
8,22,1,0,,,,3.61465,0.0,0.0,0.0,0.0
8,23,1,0,,,,2.2297666,0.0,0.0,0.0,0.0
8,24,1,0,,,,1.8977,0.0,0.0,0.0,0.0
8,1,2,0,,,,0.7496667,0.0,0.0,0.0,0.0
8,2,2,0,,,,0.8238,0.0,0.0,0.0,0.0
8,3,2,0,,,,3.3732,0.0,0.0,0.0,0.0
8,4,2,0,,,,2.50595,0.0,0.0,0.0,0.0
8,5,2,0,,,,0.8107,0.0,0.0,0.0,0.0
8,6,2,0,,,,1.1259,0.0,0.0,0.0,0.0
8,7,2,0,,,,0.6908,0.0,0.0,0.0,39.9
8,8,2,0,,,,0.62021667,0.0,0.0,0.0,205.55
8,9,2,0,,,,0.6439,0.0,0.0,0.0,386.94
8,10,2,0,,,,2.6670167,0.0,0.0,0.0,534.28
8,11,2,0,,,,3.1133666,0.0,0.0,0.0,655.21
8,12,2,0,,,,2.2562666,0.0,0.0,0.0,724.07
8,13,2,0,,,,0.86365,0.0,0.0,0.0,723.06
8,14,2,0,,,,1.8608667,0.0,0.0,0.0,673.5
8,15,2,0,,,,0.6562333,0.0,0.0,0.0,581.08
8,16,2,0,,,,0.61195,0.0,0.0,0.0,458.24
8,17,2,0,,,,0.63458335,0.0,0.0,0.0,299.3
8,18,2,0,,,,2.1650167,0.0,0.0,0.0,121.24
8,19,2,0,,,,0.83563334,0.0,0.0,0.0,12.17
8,20,2,0,,,,2.5176334,0.0,0.0,0.0,0.0
8,21,2,0,,,,3.4634666,0.0,0.0,0.0,0.0
8,22,2,0,,,,3.63115,0.0,0.0,0.0,0.0
8,23,2,0,,,,3.3958,0.0,0.0,0.0,0.0
8,24,2,0,,,,1.96625,0.0,0.0,0.0,0.0
8,1,3,0,,,,0.75615,0.0,0.0,0.0,0.0
8,2,3,0,,,,0.7123333,0.0,0.0,0.0,0.0
8,3,3,0,,,,0.7449167,0.0,0.0,0.0,0.0
8,4,3,0,,,,0.69928336,0.0,0.0,0.0,0.0
8,5,3,0,,,,0.6994,0.0,0.0,0.0,0.0
8,6,3,0,,,,1.6024834,0.0,0.0,0.0,0.0
8,7,3,0,,,,1.3848333,0.0,0.0,0.0,1.04
8,8,3,0,,,,1.0294334,0.0,0.0,0.0,64.93
8,9,3,0,,,,0.8265,0.0,0.0,0.0,328.17
8,10,3,0,,,,2.6974833,0.0,0.0,0.0,512.0
8,11,3,0,,,,3.0003667,0.0,0.0,0.0,631.77
8,12,3,0,,,,3.7738,0.0,0.0,0.0,694.68
8,13,3,0,,,,2.0968332,0.0,0.0,0.0,712.83
8,14,3,0,,,,2.3749,0.0,0.0,0.0,614.83
8,15,3,0,,,,0.91286665,0.0,0.0,0.0,85.63
8,16,3,0,,,,0.81025,0.0,0.0,0.0,422.67
8,17,3,0,,,,1.99525,0.0,0.0,0.0,296.94
8,18,3,0,,,,2.7422,0.0,0.0,0.0,113.03
8,19,3,0,,,,2.5924666,0.0,0.0,0.0,10.51
8,20,3,0,,,,2.2690666,0.0,0.0,0.0,0.0
8,21,3,0,,,,3.8772666,0.0,0.0,0.0,0.0
8,22,3,0,,,,3.5987,0.0,0.0,0.0,0.0
8,23,3,0,,,,3.1418667,0.0,0.0,0.0,0.0
8,24,3,0,,,,3.5793834,0.0,0.0,0.0,0.0
9,1,4,0,,,,0.88351667,0.0,0.0,0.0,0.0
9,2,4,0,,,,0.83538336,0.0,0.0,0.0,0.0
9,3,4,0,,,,0.8355,0.0,0.0,0.0,0.0
9,4,4,0,,,,0.8427333,0.0,0.0,0.0,0.0
9,5,4,0,,,,1.7903334,0.0,0.0,0.0,0.0
9,6,4,0,,,,2.03585,0.0,0.0,0.0,0.0
9,7,4,0,,,,0.79373336,0.0,0.0,0.0,26.33
9,8,4,0,,,,0.64175,0.0,0.0,0.0,184.92
9,9,4,0,,,,0.63481665,0.0,0.0,0.0,380.33
9,10,4,0,,,,2.7121,0.0,0.0,0.0,543.23
9,11,4,0,,,,3.1454167,0.0,0.0,0.0,659.21
9,12,4,0,,,,2.1845334,0.0,0.0,0.0,697.89
9,13,4,0,,,,0.6235833,0.0,0.0,0.0,640.67
9,14,4,0,,,,0.59323335,0.0,0.0,0.0,569.86
9,15,4,0,,,,0.73176664,0.0,0.0,0.0,436.71
9,16,4,0,,,,0.80791664,0.0,0.0,0.0,358.19
9,17,4,0,,,,1.1982833,0.0,0.0,0.0,257.91
9,18,4,0,,,,2.5738833,0.0,0.0,0.0,110.85
9,19,4,0,,,,1.3464667,0.0,0.0,0.0,9.38
9,20,4,0,,,,3.4743874,0.0,0.0,0.0,0.0
9,21,4,0,,,,3.6864,0.0,0.0,0.0,0.0
9,22,4,0,,,,1.9745834,0.0,0.0,0.0,0.0
9,23,4,0,,,,1.9391167,0.0,0.0,0.0,0.0
9,24,4,0,,,,2.5531666,0.0,0.0,0.0,0.0
9,1,5,0,,,,0.89711666,0.0,0.0,0.0,0.0
9,2,5,0,,,,0.84493333,0.0,0.0,0.0,0.0
9,3,5,0,,,,0.8993833,0.0,0.0,0.0,0.0
9,4,5,0,,,,0.9367,0.0,0.0,0.0,0.0
9,5,5,0,,,,1.1911167,0.0,0.0,0.0,0.0
9,6,5,0,,,,1.70585,0.0,0.0,0.0,0.0
9,7,5,0,,,,1.4537834,0.0,0.0,0.0,34.99
9,8,5,0,,,,0.75135,0.0,0.0,0.0,198.04
9,9,5,0,,,,0.6886,0.0,0.0,0.0,390.85
9,10,5,0,,,,2.9280167,0.0,0.0,0.0,540.79
9,11,5,0,,,,3.3781166,0.0,0.0,0.0,647.86
9,12,5,0,,,,1.8587834,0.0,0.0,0.0,713.33
9,13,5,0,,,,0.63021666,0.0,0.0,0.0,690.05
9,14,5,0,,,,0.58645,0.0,0.0,0.0,637.52
9,15,5,0,,,,2.5278168,0.0,0.0,0.0,489.64
9,16,5,0,,,,4.6243334,0.0,0.0,0.0,406.39
9,17,5,0,,,,4.17255,0.0,0.0,0.0,281.66
9,18,5,0,,,,2.9083667,0.0,0.0,0.0,112.24
9,19,5,0,,,,1.1032166,0.0,0.0,0.0,8.2
9,20,5,0,,,,0.6369,0.0,0.0,0.0,0.0
9,21,5,0,,,,0.61845,0.0,0.0,0.0,0.0
9,22,5,0,,,,0.59381664,0.0,0.0,0.0,0.0
9,23,5,0,,,,0.59386665,0.0,0.0,0.0,0.0
9,24,5,0,,,,2.7412918,0.0,0.0,0.0,0.0
9,1,6,0,,,,0.9120833,0.0,0.0,0.0,0.0
9,2,6,0,,,,0.8994,0.0,0.0,0.0,0.0
9,3,6,0,,,,0.8595833,0.0,0.0,0.0,0.0
9,4,6,0,,,,0.89073336,0.0,0.0,0.0,0.0
9,5,6,0,,,,1.0747,0.0,0.0,0.0,0.0
9,6,6,0,,,,1.1469667,0.0,0.0,0.0,0.0
9,7,6,0,,,,0.80655,0.0,0.0,0.0,27.81
9,8,6,0,,,,0.8671833,0.0,0.0,0.0,173.13
9,9,6,0,,,,1.6432834,0.0,0.0,0.0,360.7
9,10,6,0,,,,2.44645,0.0,0.0,0.0,512.86
9,11,6,0,,,,3.2465334,0.0,0.0,0.0,613.49
9,12,6,0,,,,1.9531667,0.0,0.0,0.0,682.27
9,13,6,0,,,,1.1194333,0.0,0.0,0.0,621.61
9,14,6,0,,,,1.6238166,0.0,0.0,0.0,285.97
9,15,6,0,,,,2.1451666,0.0,0.0,0.0,151.42
9,16,6,0,,,,1.3913833,0.0,0.0,0.0,40.21
9,17,6,0,,,,1.096,0.0,0.0,0.0,122.99
9,18,6,0,,,,0.74476665,0.0,0.0,0.0,4.12
9,19,6,0,,,,0.56916666,0.0,0.0,0.0,6.67
9,20,6,0,,,,0.5861833,0.0,0.0,0.0,0.0
9,21,6,0,,,,3.3540666,0.0,0.0,0.0,0.0
9,22,6,0,,,,1.2945334,0.0,0.0,0.0,0.0
9,23,6,0,,,,0.9217,0.0,0.0,0.0,0.0
9,24,6,0,,,,0.962,0.0,0.0,0.0,0.0
9,1,7,0,,,,0.8271,0.0,0.0,0.0,0.0
9,2,7,0,,,,0.71243334,0.0,0.0,0.0,0.0
9,3,7,0,,,,0.9450833,0.0,0.0,0.0,0.0
9,4,7,0,,,,0.86976665,0.0,0.0,0.0,0.0
9,5,7,0,,,,2.9351833,0.0,0.0,0.0,0.0
9,6,7,0,,,,1.5033,0.0,0.0,0.0,0.0
9,7,7,0,,,,0.9548333,0.0,0.0,0.0,0.65
9,8,7,0,,,,1.9734167,0.0,0.0,0.0,9.63
9,9,7,0,,,,2.5361667,0.0,0.0,0.0,35.79
9,10,7,0,,,,1.6334667,0.0,0.0,0.0,64.72
9,11,7,0,,,,2.7927666,0.0,0.0,0.0,319.77
9,12,7,0,,,,2.7587667,0.0,0.0,0.0,364.8
9,13,7,0,,,,1.17145,0.0,0.0,0.0,414.97
9,14,7,0,,,,2.5216334,0.0,0.0,0.0,318.45
9,15,7,0,,,,1.5073333,0.0,0.0,0.0,80.21
9,16,7,0,,,,1.2018334,0.0,0.0,0.0,69.21
9,17,7,0,,,,0.7474,0.0,0.0,0.0,58.37
9,18,7,0,,,,0.46741667,0.0,0.0,0.0,6.54
9,19,7,0,,,,0.42721668,0.0,0.0,0.0,5.38
9,20,7,0,,,,0.7548,0.0,0.0,0.0,0.0
9,21,7,0,,,,0.9759,0.0,0.0,0.0,0.0
9,22,7,0,,,,0.99405,0.0,0.0,0.0,0.0
9,23,7,0,,,,0.94795,0.0,0.0,0.0,0.0
9,24,7,0,,,,0.97896665,0.0,0.0,0.0,0.0
9,1,1,0,,,,0.7967833,0.0,0.0,0.0,0.0
9,2,1,0,,,,0.77456665,0.0,0.0,0.0,0.0
9,3,1,0,,,,0.74653333,0.0,0.0,0.0,0.0
9,4,1,0,,,,0.78398335,0.0,0.0,0.0,0.0
9,5,1,0,,,,1.0160667,0.0,0.0,0.0,0.0
9,6,1,0,,,,0.85178334,0.0,0.0,0.0,0.0
9,7,1,0,,,,0.6605667,0.0,0.0,0.0,32.85
9,8,1,0,,,,0.6688,0.0,0.0,0.0,120.58
9,9,1,0,,,,0.62953335,0.0,0.0,0.0,210.17
9,10,1,0,,,,2.6703,0.0,0.0,0.0,218.18
9,11,1,0,,,,2.4439,0.0,0.0,0.0,541.99
9,12,1,0,,,,0.6383333,0.0,0.0,0.0,524.4
9,13,1,0,,,,0.80541664,0.0,0.0,0.0,647.9
9,14,1,0,,,,0.7817,0.0,0.0,0.0,590.99
9,15,1,0,,,,0.8254167,0.0,0.0,0.0,595.21
9,16,1,0,,,,0.8121167,0.0,0.0,0.0,471.92
9,17,1,0,,,,1.2632166,0.0,0.0,0.0,280.29
9,18,1,0,,,,2.7073333,0.0,0.0,0.0,74.49
9,19,1,0,,,,1.3132,0.0,0.0,0.0,1.19
9,20,1,0,,,,0.83426666,0.0,0.0,0.0,0.0
9,21,1,0,,,,1.2269167,0.0,0.0,0.0,0.0
9,22,1,0,,,,0.69303334,0.0,0.0,0.0,0.0
9,23,1,0,,,,0.72943336,0.0,0.0,0.0,0.0
9,24,1,0,,,,1.6697583,0.0,0.0,0.0,0.0
9,1,2,0,,,,0.7947,0.0,0.0,0.0,0.0
9,2,2,0,,,,0.71215,0.0,0.0,0.0,0.0
9,3,2,0,,,,0.74365,0.0,0.0,0.0,0.0
9,4,2,0,,,,1.1121334,0.0,0.0,0.0,0.0
9,5,2,0,,,,1.2455833,0.0,0.0,0.0,0.0
9,6,2,0,,,,1.7993833,0.0,0.0,0.0,0.0
9,7,2,0,,,,1.59065,0.0,0.0,0.0,30.44
9,8,2,0,,,,0.7912667,0.0,0.0,0.0,186.58
9,9,2,0,,,,0.68843335,0.0,0.0,0.0,344.98
9,10,2,0,,,,2.8408167,0.0,0.0,0.0,338.45
9,11,2,0,,,,3.2731667,0.0,0.0,0.0,566.98
9,12,2,0,,,,2.0296,0.0,0.0,0.0,712.94
9,13,2,0,,,,0.6297,0.0,0.0,0.0,725.7
9,14,2,0,,,,0.6103333,0.0,0.0,0.0,693.25
9,15,2,0,,,,0.5988,0.0,0.0,0.0,543.4
9,16,2,0,,,,1.9996166,0.0,0.0,0.0,430.39
9,17,2,0,,,,3.1058166,0.0,0.0,0.0,284.59
9,18,2,0,,,,3.0857,0.0,0.0,0.0,100.47
9,19,2,0,,,,0.7420834,0.0,0.0,0.0,2.42
9,20,2,0,,,,0.9949,0.0,0.0,0.0,0.0
9,21,2,0,,,,1.07385,0.0,0.0,0.0,0.0
9,22,2,0,,,,1.9533334,0.0,0.0,0.0,0.0
9,23,2,0,,,,0.8656333,0.0,0.0,0.0,0.0
9,24,2,0,,,,1.9374833,0.0,0.0,0.0,0.0
9,1,3,0,,,,0.9309,0.0,0.0,0.0,0.0
9,2,3,0,,,,0.89085,0.0,0.0,0.0,0.0
9,3,3,0,,,,0.89555,0.0,0.0,0.0,0.0
9,4,3,0,,,,0.8827,0.0,0.0,0.0,0.0
9,5,3,0,,,,1.1492167,0.0,0.0,0.0,0.0
9,6,3,0,,,,1.08665,0.0,0.0,0.0,0.0
9,7,3,0,,,,0.6094667,0.0,0.0,0.0,28.9
9,8,3,0,,,,0.66025,0.0,0.0,0.0,191.76
9,9,3,0,,,,0.79536664,0.0,0.0,0.0,385.28
9,10,3,0,,,,2.8699167,0.0,0.0,0.0,539.8
9,11,3,0,,,,3.2445333,0.0,0.0,0.0,626.77
9,12,3,0,,,,2.0964167,0.0,0.0,0.0,621.36
9,13,3,0,,,,0.5876833,0.0,0.0,0.0,614.5
9,14,3,0,,,,0.6206333,0.0,0.0,0.0,449.88
9,15,3,0,,,,0.59256667,0.0,0.0,0.0,243.15
9,16,3,0,,,,0.615575,0.0,0.0,0.0,316.51
9,17,3,0,,,,0.71705,0.0,0.0,0.0,257.83
9,18,3,0,,,,1.6598667,0.0,0.0,0.0,92.69
9,19,3,0,,,,0.45096666,0.0,0.0,0.0,2.38
9,20,3,0,,,,0.6163167,0.0,0.0,0.0,0.0
9,21,3,0,,,,0.7403167,0.0,0.0,0.0,0.0
9,22,3,0,,,,3.47525,0.0,0.0,0.0,0.0
9,23,3,0,,,,3.17345,0.0,0.0,0.0,0.0
9,24,3,0,,,,1.2492666,0.0,0.0,0.0,0.0
9,1,4,0,,,,0.78815,0.0,0.0,0.0,0.0
9,2,4,0,,,,0.65945,0.0,0.0,0.0,0.0
9,3,4,0,,,,0.64195,0.0,0.0,0.0,0.0
9,4,4,0,,,,0.67535,0.0,0.0,0.0,0.0
9,5,4,0,,,,1.1240833,0.0,0.0,0.0,0.0
9,6,4,0,,,,0.7575333,0.0,0.0,0.0,0.0
9,7,4,0,,,,0.65201664,0.0,0.0,0.0,16.33
9,8,4,0,,,,0.6321833,0.0,0.0,0.0,174.37
9,9,4,0,,,,0.6660333,0.0,0.0,0.0,357.47
9,10,4,0,,,,2.8996665,0.0,0.0,0.0,500.36
9,11,4,0,,,,3.2089334,0.0,0.0,0.0,637.34
9,12,4,0,,,,2.2085166,0.0,0.0,0.0,710.0
9,13,4,0,,,,0.64536667,0.0,0.0,0.0,725.47
9,14,4,0,,,,0.59393334,0.0,0.0,0.0,655.42
9,15,4,0,,,,0.61943334,0.0,0.0,0.0,570.43
9,16,4,0,,,,0.59031665,0.0,0.0,0.0,388.73
9,17,4,0,,,,0.617,0.0,0.0,0.0,269.14
9,18,4,0,,,,1.2895334,0.0,0.0,0.0,92.48
9,19,4,0,,,,0.54931664,0.0,0.0,0.0,0.0
9,20,4,0,,,,1.9106833,0.0,0.0,0.0,0.0
9,21,4,0,,,,2.12755,0.0,0.0,0.0,0.0
9,22,4,0,,,,2.9931333,0.0,0.0,0.0,0.0
9,23,4,0,,,,1.5352,0.0,0.0,0.0,0.0
9,24,4,0,,,,1.3636333,0.0,0.0,0.0,0.0
9,1,5,0,,,,0.88175,0.0,0.0,0.0,0.0
9,2,5,0,,,,2.9102166,0.0,0.0,0.0,0.0
9,3,5,0,,,,1.2562833,0.0,0.0,0.0,0.0
9,4,5,0,,,,1.5210667,0.0,0.0,0.0,0.0
9,5,5,0,,,,1.2995833,0.0,0.0,0.0,0.0
9,6,5,0,,,,1.3267833,0.0,0.0,0.0,0.0
9,7,5,0,,,,0.65216666,0.0,0.0,0.0,22.97
9,8,5,0,,,,0.63308334,0.0,0.0,0.0,182.69
9,9,5,0,,,,0.65393335,0.0,0.0,0.0,388.4
9,10,5,0,,,,2.6573167,0.0,0.0,0.0,482.16
9,11,5,0,,,,3.2172666,0.0,0.0,0.0,663.31
9,12,5,0,,,,2.4379334,0.0,0.0,0.0,730.3
9,13,5,0,,,,0.6063,0.0,0.0,0.0,715.66
9,14,5,0,,,,0.61305,0.0,0.0,0.0,636.58
9,15,5,0,,,,0.5822167,0.0,0.0,0.0,588.27
9,16,5,0,,,,1.6140667,0.0,0.0,0.0,436.16
9,17,5,0,,,,3.5611668,0.0,0.0,0.0,288.1
9,18,5,0,,,,0.7036333,0.0,0.0,0.0,90.08
9,19,5,0,,,,1.2115167,0.0,0.0,0.0,0.0
9,20,5,0,,,,2.1556,0.0,0.0,0.0,0.0
9,21,5,0,,,,3.6682334,0.0,0.0,0.0,0.0
9,22,5,0,,,,3.4043834,0.0,0.0,0.0,0.0
9,23,5,0,,,,2.0668,0.0,0.0,0.0,0.0
9,24,5,0,,,,1.7295333,0.0,0.0,0.0,0.0
9,1,6,0,,,,0.89625,0.0,0.0,0.0,0.0
9,2,6,0,,,,0.8498333,0.0,0.0,0.0,0.0
9,3,6,0,,,,0.84138334,0.0,0.0,0.0,0.0
9,4,6,0,,,,0.93653333,0.0,0.0,0.0,0.0
9,5,6,0,,,,0.8965333,0.0,0.0,0.0,0.0
9,6,6,0,,,,0.9468167,0.0,0.0,0.0,0.0
9,7,6,0,,,,1.78505,0.0,0.0,0.0,27.95
9,8,6,0,,,,1.4998167,0.0,0.0,0.0,168.99
9,9,6,0,,,,2.5500333,0.0,0.0,0.0,405.16
9,10,6,0,,,,2.78795,0.0,0.0,0.0,565.58
9,11,6,0,,,,3.2535834,0.0,0.0,0.0,681.01
9,12,6,0,,,,2.7818167,0.0,0.0,0.0,727.67
9,13,6,0,,,,1.1330667,0.0,0.0,0.0,749.11
9,14,6,0,,,,1.7526667,0.0,0.0,0.0,692.77
9,15,6,0,,,,1.4595166,0.0,0.0,0.0,584.38
9,16,6,0,,,,1.9279667,0.0,0.0,0.0,453.1
9,17,6,0,,,,0.9453667,0.0,0.0,0.0,275.93
9,18,6,0,,,,0.728,0.0,0.0,0.0,87.18
9,19,6,0,,,,1.0042167,0.0,0.0,0.0,0.0
9,20,6,0,,,,2.5671666,0.0,0.0,0.0,0.0
9,21,6,0,,,,3.15675,0.0,0.0,0.0,0.0
9,22,6,0,,,,3.7679834,0.0,0.0,0.0,0.0
9,23,6,0,,,,2.9615333,0.0,0.0,0.0,0.0
9,24,6,0,,,,1.120925,0.0,0.0,0.0,0.0
9,1,7,0,,,,2.7035334,0.0,0.0,0.0,0.0
9,2,7,0,,,,0.98628336,0.0,0.0,0.0,0.0
9,3,7,0,,,,0.89416665,0.0,0.0,0.0,0.0
9,4,7,0,,,,0.86716664,0.0,0.0,0.0,0.0
9,5,7,0,,,,1.0241834,0.0,0.0,0.0,0.0
9,6,7,0,,,,0.82015,0.0,0.0,0.0,0.0
9,7,7,0,,,,0.6982167,0.0,0.0,0.0,24.5
9,8,7,0,,,,0.8325167,0.0,0.0,0.0,197.13
9,9,7,0,,,,2.2816834,0.0,0.0,0.0,383.24
9,10,7,0,,,,3.1531167,0.0,0.0,0.0,537.15
9,11,7,0,,,,3.5286167,0.0,0.0,0.0,651.16
9,12,7,0,,,,4.7744665,0.0,0.0,0.0,707.34
9,13,7,0,,,,2.5850167,0.0,0.0,0.0,706.9
9,14,7,0,,,,4.6960335,0.0,0.0,0.0,646.0
9,15,7,0,,,,2.3506668,0.0,0.0,0.0,560.38
9,16,7,0,,,,2.123,0.0,0.0,0.0,431.51
9,17,7,0,,,,0.96505,0.0,0.0,0.0,238.56
9,18,7,0,,,,0.46021667,0.0,0.0,0.0,85.1
9,19,7,0,,,,0.6099333,0.0,0.0,0.0,0.0
9,20,7,0,,,,1.2517667,0.0,0.0,0.0,0.0
9,21,7,0,,,,3.5116668,0.0,0.0,0.0,0.0
9,22,7,0,,,,3.2530668,0.0,0.0,0.0,0.0
9,23,7,0,,,,0.92515,0.0,0.0,0.0,0.0
9,24,7,0,,,,2.0204334,0.0,0.0,0.0,0.0
9,1,1,0,,,,1.9382,0.0,0.0,0.0,0.0
9,2,1,0,,,,1.5240333,0.0,0.0,0.0,0.0
9,3,1,0,,,,0.8781833,0.0,0.0,0.0,0.0
9,4,1,0,,,,1.0361167,0.0,0.0,0.0,0.0
9,5,1,0,,,,1.0314833,0.0,0.0,0.0,0.0
9,6,1,0,,,,0.94625,0.0,0.0,0.0,0.0
9,7,1,0,,,,0.7680167,0.0,0.0,0.0,20.26
9,8,1,0,,,,0.75058335,0.0,0.0,0.0,185.3
9,9,1,0,,,,0.7266333,0.0,0.0,0.0,380.13
9,10,1,0,,,,2.96985,0.0,0.0,0.0,538.7
9,11,1,0,,,,3.3789666,0.0,0.0,0.0,656.89
9,12,1,0,,,,2.6165833,0.0,0.0,0.0,712.38
9,13,1,0,,,,0.74158335,0.0,0.0,0.0,688.46
9,14,1,0,,,,0.7876833,0.0,0.0,0.0,655.55
9,15,1,0,,,,0.90885,0.0,0.0,0.0,535.88
9,16,1,0,,,,0.80195,0.0,0.0,0.0,424.69
9,17,1,0,,,,0.77195,0.0,0.0,0.0,257.47
9,18,1,0,,,,3.4195333,0.0,0.0,0.0,79.14
9,19,1,0,,,,1.7135333,0.0,0.0,0.0,0.0
9,20,1,0,,,,2.0153832,0.0,0.0,0.0,0.0
9,21,1,0,,,,3.1475167,0.0,0.0,0.0,0.0
9,22,1,0,,,,0.89706665,0.0,0.0,0.0,0.0
9,23,1,0,,,,0.92745,0.0,0.0,0.0,0.0
9,24,1,0,,,,0.8457083,0.0,0.0,0.0,0.0
9,1,2,0,,,,0.79931664,0.0,0.0,0.0,0.0
9,2,2,0,,,,0.8143167,0.0,0.0,0.0,0.0
9,3,2,0,,,,0.7647833,0.0,0.0,0.0,0.0
9,4,2,0,,,,0.8800167,0.0,0.0,0.0,0.0
9,5,2,0,,,,0.74083334,0.0,0.0,0.0,0.0
9,6,2,0,,,,0.75245,0.0,0.0,0.0,0.0
9,7,2,0,,,,0.7345667,0.0,0.0,0.0,10.08
9,8,2,0,,,,0.53828335,0.0,0.0,0.0,171.27
9,9,2,0,,,,0.60801667,0.0,0.0,0.0,367.91
9,10,2,0,,,,0.9730333,0.0,0.0,0.0,537.55
9,11,2,0,,,,0.7226667,0.0,0.0,0.0,642.19
9,12,2,0,,,,0.4801,0.0,0.0,0.0,701.47
9,13,2,0,,,,0.56265,0.0,0.0,0.0,702.7
9,14,2,0,,,,0.54976666,0.0,0.0,0.0,660.0
9,15,2,0,,,,2.2940834,0.0,0.0,0.0,550.49
9,16,2,0,,,,1.1054667,0.0,0.0,0.0,386.63
9,17,2,0,,,,1.0096,0.0,0.0,0.0,184.34
9,18,2,0,,,,0.89321667,0.0,0.0,0.0,48.34
9,19,2,0,,,,0.85385,0.0,0.0,0.0,0.0
9,20,2,0,,,,0.8359333,0.0,0.0,0.0,0.0
9,21,2,0,,,,0.78576666,0.0,0.0,0.0,0.0
9,22,2,0,,,,0.7966167,0.0,0.0,0.0,0.0
9,23,2,0,,,,0.7639,0.0,0.0,0.0,0.0
9,24,2,0,,,,0.913825,0.0,0.0,0.0,0.0
9,1,3,0,,,,0.77453333,0.0,0.0,0.0,0.0
9,2,3,0,,,,0.7613,0.0,0.0,0.0,0.0
9,3,3,0,,,,0.7425917,0.0,0.0,0.0,0.0
9,4,3,0,,,,0.758425,0.0,0.0,0.0,0.0
9,5,3,0,,,,0.85765,0.0,0.0,0.0,0.0
9,6,3,0,,,,0.74965,0.0,0.0,0.0,0.0
9,7,3,0,,,,0.61395,0.0,0.0,0.0,0.0
9,8,3,0,,,,0.65396667,0.0,0.0,0.0,63.13
9,9,3,0,,,,0.64806664,0.0,0.0,0.0,15.27
9,10,3,0,,,,0.62126666,0.0,0.0,0.0,70.18
9,11,3,0,,,,0.86076665,0.0,0.0,0.0,177.39
9,12,3,0,,,,0.7352833,0.0,0.0,0.0,543.9
9,13,3,0,,,,0.9882333,0.0,0.0,0.0,654.7
9,14,3,0,,,,0.9558667,0.0,0.0,0.0,663.29
9,15,3,0,,,,0.7027,0.0,0.0,0.0,548.73
9,16,3,0,,,,0.71345,0.0,0.0,0.0,412.02
9,17,3,0,,,,0.7083833,0.0,0.0,0.0,276.04
9,18,3,0,,,,1.4893,0.0,0.0,0.0,72.59
9,19,3,0,,,,2.1030667,0.0,0.0,0.0,0.0
9,20,3,0,,,,3.2623167,0.0,0.0,0.0,0.0
9,21,3,0,,,,1.9721167,0.0,0.0,0.0,0.0
9,22,3,0,,,,1.1885834,0.0,0.0,0.0,0.0
9,23,3,0,,,,0.8003833,0.0,0.0,0.0,0.0
9,24,3,0,,,,0.80945,0.0,0.0,0.0,0.0
9,1,4,0,,,,0.7116333,0.0,0.0,0.0,0.0
9,2,4,0,,,,0.7808333,0.0,0.0,0.0,0.0
9,3,4,0,,,,0.79966664,0.0,0.0,0.0,0.0
9,4,4,0,,,,0.6864,0.0,0.0,0.0,0.0
9,5,4,0,,,,1.0963833,0.0,0.0,0.0,0.0
9,6,4,0,,,,1.3630333,0.0,0.0,0.0,0.0
9,7,4,0,,,,0.64853334,0.0,0.0,0.0,16.22
9,8,4,0,,,,0.6250167,0.0,0.0,0.0,193.99
9,9,4,0,,,,0.46493334,0.0,0.0,0.0,403.64
9,10,4,0,,,,0.57123333,0.0,0.0,0.0,580.13
9,11,4,0,,,,0.55018336,0.0,0.0,0.0,685.78
9,12,4,0,,,,0.56453335,0.0,0.0,0.0,500.39
9,13,4,0,,,,0.54865,0.0,0.0,0.0,455.21
9,14,4,0,,,,0.722,0.0,0.0,0.0,562.36
9,15,4,0,,,,0.50268334,0.0,0.0,0.0,524.83
9,16,4,0,,,,1.8116333,0.0,0.0,0.0,434.84
9,17,4,0,,,,3.8248334,0.0,0.0,0.0,239.23
9,18,4,0,,,,6.005417,0.0,0.0,0.0,36.4
9,19,4,0,,,,3.2238166,0.0,0.0,0.0,0.0
9,20,4,0,,,,1.8229333,0.0,0.0,0.0,0.0
9,21,4,0,,,,2.1790166,0.0,0.0,0.0,0.0
9,22,4,0,,,,1.0771667,0.0,0.0,0.0,0.0
9,23,4,0,,,,0.97033334,0.0,0.0,0.0,0.0
9,24,4,0,,,,0.79428333,0.0,0.0,0.0,0.0
9,1,5,0,,,,0.81346667,0.0,0.0,0.0,0.0
9,2,5,0,,,,2.1605833,0.0,0.0,0.0,0.0
9,3,5,0,,,,1.22035,0.0,0.0,0.0,0.0
9,4,5,0,,,,0.77668333,0.0,0.0,0.0,0.0
9,5,5,0,,,,0.93995,0.0,0.0,0.0,0.0
9,6,5,0,,,,0.95986664,0.0,0.0,0.0,0.0
9,7,5,0,,,,0.49516666,0.0,0.0,0.0,13.23
9,8,5,0,,,,0.7033167,0.0,0.0,0.0,188.55
9,9,5,0,,,,0.59745,0.0,0.0,0.0,107.08
9,10,5,0,,,,0.5754667,0.0,0.0,0.0,307.81
9,11,5,0,,,,0.56163335,0.0,0.0,0.0,568.79
9,12,5,0,,,,0.56951666,0.0,0.0,0.0,297.56
9,13,5,0,,,,0.50803334,0.0,0.0,0.0,459.81
9,14,5,0,,,,0.52596664,0.0,0.0,0.0,635.36
9,15,5,0,,,,0.5068333,0.0,0.0,0.0,553.36
9,16,5,0,,,,1.1512834,0.0,0.0,0.0,422.78
9,17,5,0,,,,2.4817,0.0,0.0,0.0,258.38
9,18,5,0,,,,1.0480666,0.0,0.0,0.0,34.55
9,19,5,0,,,,2.3835666,0.0,0.0,0.0,0.0
9,20,5,0,,,,2.1791,0.0,0.0,0.0,0.0
9,21,5,0,,,,1.1901667,0.0,0.0,0.0,0.0
9,22,5,0,,,,0.7644,0.0,0.0,0.0,0.0
9,23,5,0,,,,0.73588336,0.0,0.0,0.0,0.0
9,24,5,0,,,,3.0386167,0.0,0.0,0.0,0.0
9,1,6,0,,,,0.90721667,0.0,0.0,0.0,0.0
9,2,6,0,,,,0.8326667,0.0,0.0,0.0,0.0
9,3,6,0,,,,0.78353333,0.0,0.0,0.0,0.0
9,4,6,0,,,,1.19865,0.0,0.0,0.0,0.0
9,5,6,0,,,,0.82346666,0.0,0.0,0.0,0.0
9,6,6,0,,,,0.82303333,0.0,0.0,0.0,0.0
9,7,6,0,,,,1.0739167,0.0,0.0,0.0,0.3
9,8,6,0,,,,1.09585,0.0,0.0,0.0,196.1
9,9,6,0,,,,1.32185,0.0,0.0,0.0,375.69
9,10,6,0,,,,1.04765,0.0,0.0,0.0,581.65
9,11,6,0,,,,1.149,0.0,0.0,0.0,687.25
9,12,6,0,,,,1.4733167,0.0,0.0,0.0,705.48
9,13,6,0,,,,1.34665,0.0,0.0,0.0,752.2
9,14,6,0,,,,1.0100833,0.0,0.0,0.0,700.73
9,15,6,0,,,,0.6341,0.0,0.0,0.0,568.53
9,16,6,0,,,,3.4096832,0.0,0.0,0.0,423.33
9,17,6,0,,,,3.8300667,0.0,0.0,0.0,245.37
9,18,6,0,,,,1.1246,0.0,0.0,0.0,65.54
9,19,6,0,,,,1.3548167,0.0,0.0,0.0,0.0
9,20,6,0,,,,4.0912833,0.0,0.0,0.0,0.0
9,21,6,0,,,,3.9380167,0.0,0.0,0.0,0.0
9,22,6,0,,,,2.25655,0.0,0.0,0.0,0.0
9,23,6,0,,,,1.17415,0.0,0.0,0.0,0.0
9,24,6,0,,,,1.1555166,0.0,0.0,0.0,0.0
9,1,7,0,,,,1.1764667,0.0,0.0,0.0,0.0
9,2,7,0,,,,1.3163333,0.0,0.0,0.0,0.0
9,3,7,0,,,,1.2171834,0.0,0.0,0.0,0.0
9,4,7,0,,,,1.1651,0.0,0.0,0.0,0.0
9,5,7,0,,,,1.18695,0.0,0.0,0.0,0.0
9,6,7,0,,,,1.361,0.0,0.0,0.0,0.0
9,7,7,0,,,,1.8255833,0.0,0.0,0.0,0.0
9,8,7,0,,,,2.9859166,0.0,0.0,0.0,147.14
9,9,7,0,,,,3.1974862,0.0,0.0,0.0,171.32
9,10,7,0,,,,2.7289,0.0,0.0,0.0,109.08
9,11,7,0,,,,2.3602333,0.0,0.0,0.0,179.01
9,12,7,0,,,,2.31025,0.0,0.0,0.0,546.81
9,13,7,0,,,,0.98613334,0.0,0.0,0.0,240.93
9,14,7,0,,,,1.4035167,0.0,0.0,0.0,621.13
9,15,7,0,,,,1.7808334,0.0,0.0,0.0,101.72
9,16,7,0,,,,3.8552,0.0,0.0,0.0,392.67
9,17,7,0,,,,3.9582,0.0,0.0,0.0,103.26
9,18,7,0,,,,5.8392334,0.0,0.0,0.0,66.18
9,19,7,0,,,,4.6398168,0.0,0.0,0.0,0.0
9,20,7,0,,,,4.0102334,0.0,0.0,0.0,0.0
9,21,7,0,,,,3.5719666,0.0,0.0,0.0,0.0
9,22,7,0,,,,2.3125668,0.0,0.0,0.0,0.0
9,23,7,0,,,,1.43395,0.0,0.0,0.0,0.0
9,24,7,0,,,,1.3849167,0.0,0.0,0.0,0.0
9,1,1,0,,,,0.7529,0.0,0.0,0.0,0.0
9,2,1,0,,,,0.96636665,0.0,0.0,0.0,0.0
9,3,1,0,,,,0.76498336,0.0,0.0,0.0,0.0
9,4,1,0,,,,0.9419,0.0,0.0,0.0,0.0
9,5,1,0,,,,1.7055334,0.0,0.0,0.0,0.0
9,6,1,0,,,,0.9910833,0.0,0.0,0.0,0.0
9,7,1,0,,,,0.7815667,0.0,0.0,0.0,5.75
9,8,1,0,,,,0.52515,0.0,0.0,0.0,71.78
9,9,1,0,,,,0.51958334,0.0,0.0,0.0,356.55
9,10,1,0,,,,0.60351664,0.0,0.0,0.0,526.84
9,11,1,0,,,,0.61191666,0.0,0.0,0.0,560.03
9,12,1,0,,,,0.5776,0.0,0.0,0.0,348.54
9,13,1,0,,,,1.4367666,0.0,0.0,0.0,240.91
9,14,1,0,,,,1.2990834,0.0,0.0,0.0,289.58
9,15,1,0,,,,0.53255,0.0,0.0,0.0,429.3
9,16,1,0,,,,0.5316833,0.0,0.0,0.0,290.98
9,17,1,0,,,,0.54873335,0.0,0.0,0.0,260.67
9,18,1,0,,,,1.7766167,0.0,0.0,0.0,62.16
9,19,1,0,,,,3.8020167,0.0,0.0,0.0,0.0
9,20,1,0,,,,3.9273667,0.0,0.0,0.0,0.0
9,21,1,0,,,,3.7148166,0.0,0.0,0.0,0.0
9,22,1,0,,,,3.4102666,0.0,0.0,0.0,0.0
9,23,1,0,,,,1.4225334,0.0,0.0,0.0,0.0
9,24,1,0,,,,2.937575,0.0,0.0,0.0,0.0
9,1,2,0,,,,0.7759333,0.0,0.0,0.0,0.0
9,2,2,0,,,,0.7582167,0.0,0.0,0.0,0.0
9,3,2,0,,,,0.9325333,0.0,0.0,0.0,0.0
9,4,2,0,,,,0.73588336,0.0,0.0,0.0,0.0
9,5,2,0,,,,0.82395,0.0,0.0,0.0,0.0
9,6,2,0,,,,1.0792834,0.0,0.0,0.0,0.0
9,7,2,0,,,,0.5496167,0.0,0.0,0.0,0.0
9,8,2,0,,,,0.52183336,0.0,0.0,0.0,26.79
9,9,2,0,,,,0.5504,0.0,0.0,0.0,121.4
9,10,2,0,,,,0.4723,0.0,0.0,0.0,226.42
9,11,2,0,,,,0.6328833,0.0,0.0,0.0,372.58
9,12,2,0,,,,0.6248,0.0,0.0,0.0,447.1
9,13,2,0,,,,0.98116666,0.0,0.0,0.0,595.9
9,14,2,0,,,,0.61265,0.0,0.0,0.0,158.7
9,15,2,0,,,,0.7209833,0.0,0.0,0.0,46.22
9,16,2,0,,,,2.9487333,0.0,0.0,0.0,78.32
9,17,2,0,,,,3.96705,0.0,0.0,0.0,138.78
9,18,2,0,,,,1.0833,0.0,0.0,0.0,31.03
9,19,2,0,,,,1.5439167,0.0,0.0,0.0,0.0
9,20,2,0,,,,1.2168167,0.0,0.0,0.0,0.0
9,21,2,0,,,,1.1899084,0.0,0.0,0.0,0.0
9,22,2,0,,,,0.65945,0.0,0.0,0.0,0.0
9,23,2,0,,,,0.68303335,0.0,0.0,0.0,0.0
9,24,2,0,,,,2.1120834,0.0,0.0,0.0,0.0
9,1,3,0,,,,2.2036333,0.0,0.0,0.0,0.0
9,2,3,0,,,,3.2405334,0.0,0.0,0.0,0.0
9,3,3,0,,,,0.88313335,0.0,0.0,0.0,0.0
9,4,3,0,,,,1.3620334,0.0,0.0,0.0,0.0
9,5,3,0,,,,0.7856167,0.0,0.0,0.0,0.0
9,6,3,0,,,,0.82338333,0.0,0.0,0.0,0.0
9,7,3,0,,,,0.4169,0.0,0.0,0.0,1.17
9,8,3,0,,,,0.42655,0.0,0.0,0.0,123.54
9,9,3,0,,,,0.44428334,0.0,0.0,0.0,417.59
9,10,3,0,,,,0.6293667,0.0,0.0,0.0,577.66
9,11,3,0,,,,0.7029667,0.0,0.0,0.0,658.48
9,12,3,0,,,,0.3928,0.0,0.0,0.0,756.22
9,13,3,0,,,,0.46918333,0.0,0.0,0.0,775.81
9,14,3,0,,,,0.41548333,0.0,0.0,0.0,700.16
9,15,3,0,,,,0.42628333,0.0,0.0,0.0,350.85
9,16,3,0,,,,0.4742,0.0,0.0,0.0,64.23
9,17,3,0,,,,0.40416667,0.0,0.0,0.0,49.59
9,18,3,0,,,,1.8661166,0.0,0.0,0.0,24.54
9,19,3,0,,,,2.8562334,0.0,0.0,0.0,0.0
9,20,3,0,,,,2.7069166,0.0,0.0,0.0,0.0
9,21,3,0,,,,2.0026,0.0,0.0,0.0,0.0
9,22,3,0,,,,1.0936333,0.0,0.0,0.0,0.0
9,23,3,0,,,,0.6356,0.0,0.0,0.0,0.0
9,24,3,0,,,,0.6236,0.0,0.0,0.0,0.0
9,1,4,0,,,,1.9105834,0.0,0.0,0.0,0.0
9,2,4,0,,,,3.16355,0.0,0.0,0.0,0.0
9,3,4,0,,,,1.9341834,0.0,0.0,0.0,0.0
9,4,4,0,,,,1.7754834,0.0,0.0,0.0,0.0
9,5,4,0,,,,1.2869834,0.0,0.0,0.0,0.0
9,6,4,0,,,,0.55593336,0.0,0.0,0.0,0.0
9,7,4,0,,,,0.61191666,0.0,0.0,0.0,0.0
9,8,4,0,,,,0.5339,0.0,0.0,0.0,25.38
9,9,4,0,,,,0.4405,0.0,0.0,0.0,57.71
9,10,4,0,,,,0.41243333,0.0,0.0,0.0,90.7
9,11,4,0,,,,0.41741666,0.0,0.0,0.0,121.06
9,12,4,0,,,,0.42325,0.0,0.0,0.0,180.22
9,13,4,0,,,,0.44878334,0.0,0.0,0.0,69.67
9,14,4,0,,,,0.87053335,0.0,0.0,0.0,293.18
9,15,4,0,,,,0.49168333,0.0,0.0,0.0,293.49
9,16,4,0,,,,1.9723333,0.0,0.0,0.0,310.96
9,17,4,0,,,,1.0515333,0.0,0.0,0.0,201.65
9,18,4,0,,,,1.3045334,0.0,0.0,0.0,45.19
9,19,4,0,,,,2.0777,0.0,0.0,0.0,0.0
9,20,4,0,,,,2.9067333,0.0,0.0,0.0,0.0
9,21,4,0,,,,1.7942834,0.0,0.0,0.0,0.0
9,22,4,0,,,,0.4605,0.0,0.0,0.0,0.0
9,23,4,0,,,,0.42236668,0.0,0.0,0.0,0.0
9,24,4,0,,,,0.46308333,0.0,0.0,0.0,0.0
9,1,5,0,,,,0.4203,0.0,0.0,0.0,0.0
9,2,5,0,,,,0.48030832,0.0,0.0,0.0,0.0
9,3,5,0,,,,0.4324,0.0,0.0,0.0,0.0
9,4,5,0,,,,0.55161667,0.0,0.0,0.0,0.0
9,5,5,0,,,,0.7155333,0.0,0.0,0.0,0.0
9,6,5,0,,,,0.7118,0.0,0.0,0.0,0.0
9,7,5,0,,,,0.4457,0.0,0.0,0.0,0.0
9,8,5,0,,,,0.43241668,0.0,0.0,0.0,26.67
9,9,5,0,,,,0.45035,0.0,0.0,0.0,76.42
9,10,5,0,,,,0.42146668,0.0,0.0,0.0,307.88
9,11,5,0,,,,0.46461666,0.0,0.0,0.0,482.41
9,12,5,0,,,,0.43948334,0.0,0.0,0.0,707.2
9,13,5,0,,,,0.46145,0.0,0.0,0.0,764.12
9,14,5,0,,,,0.4259,0.0,0.0,0.0,690.11
9,15,5,0,,,,0.42016667,0.0,0.0,0.0,547.95
9,16,5,0,,,,0.45046666,0.0,0.0,0.0,426.19
9,17,5,0,,,,1.32,0.0,0.0,0.0,236.65
9,18,5,0,,,,1.7895334,0.0,0.0,0.0,46.17
9,19,5,0,,,,3.888,0.0,0.0,0.0,0.0
9,20,5,0,,,,1.1898834,0.0,0.0,0.0,0.0
9,21,5,0,,,,1.1595,0.0,0.0,0.0,0.0
9,22,5,0,,,,0.90903336,0.0,0.0,0.0,0.0
9,23,5,0,,,,3.0378833,0.0,0.0,0.0,0.0
9,24,5,0,,,,0.6851625,0.0,0.0,0.0,0.0
9,1,6,0,,,,0.6188167,0.0,0.0,0.0,0.0
9,2,6,0,,,,0.69301665,0.0,0.0,0.0,0.0
9,3,6,0,,,,0.9526167,0.0,0.0,0.0,0.0
9,4,6,0,,,,2.7522,0.0,0.0,0.0,0.0
9,5,6,0,,,,1.5174667,0.0,0.0,0.0,0.0
9,6,6,0,,,,1.02505,0.0,0.0,0.0,0.0
9,7,6,0,,,,0.48121667,0.0,0.0,0.0,5.67
9,8,6,0,,,,0.38236666,0.0,0.0,0.0,199.07
9,9,6,0,,,,0.45628333,0.0,0.0,0.0,430.43
9,10,6,0,,,,0.39681667,0.0,0.0,0.0,598.82
9,11,6,0,,,,0.5634,0.0,0.0,0.0,703.61
9,12,6,0,,,,0.82951665,0.0,0.0,0.0,756.32
9,13,6,0,,,,2.3089833,0.0,0.0,0.0,747.81
9,14,6,0,,,,1.9875667,0.0,0.0,0.0,634.34
9,15,6,0,,,,1.24035,0.0,0.0,0.0,554.24
9,16,6,0,,,,1.8091834,0.0,0.0,0.0,433.91
9,17,6,0,,,,1.8031833,0.0,0.0,0.0,234.51
9,18,6,0,,,,1.4693834,0.0,0.0,0.0,41.22
9,19,6,0,,,,1.34825,0.0,0.0,0.0,0.0
9,20,6,0,,,,1.0856333,0.0,0.0,0.0,0.0
9,21,6,0,,,,1.1991167,0.0,0.0,0.0,0.0
9,22,6,0,,,,0.7722333,0.0,0.0,0.0,0.0
9,23,6,0,,,,0.7140833,0.0,0.0,0.0,0.0
9,24,6,0,,,,0.7627917,0.0,0.0,0.0,0.0
9,1,7,0,,,,0.73073334,0.0,0.0,0.0,0.0
9,2,7,0,,,,0.7560167,0.0,0.0,0.0,0.0
9,3,7,0,,,,0.74226665,0.0,0.0,0.0,0.0
9,4,7,0,,,,0.74623334,0.0,0.0,0.0,0.0
9,5,7,0,,,,0.7543833,0.0,0.0,0.0,0.0
9,6,7,0,,,,1.2819,0.0,0.0,0.0,0.0
9,7,7,0,,,,1.0167667,0.0,0.0,0.0,0.0
9,8,7,0,,,,0.7506833,0.0,0.0,0.0,86.08
9,9,7,0,,,,0.74301666,0.0,0.0,0.0,302.08
9,10,7,0,,,,1.3389167,0.0,0.0,0.0,302.25
9,11,7,0,,,,2.10045,0.0,0.0,0.0,190.39
9,12,7,0,,,,0.90935,0.0,0.0,0.0,522.38
9,13,7,0,,,,2.77845,0.0,0.0,0.0,281.39
9,14,7,0,,,,1.5655,0.0,0.0,0.0,167.7
9,15,7,0,,,,1.1984333,0.0,0.0,0.0,164.79
9,16,7,0,,,,2.3637166,0.0,0.0,0.0,17.33
9,17,7,0,,,,3.78045,0.0,0.0,0.0,6.07
9,18,7,0,,,,3.9498668,0.0,0.0,0.0,25.0
9,19,7,0,,,,4.8292165,0.0,0.0,0.0,0.0
9,20,7,0,,,,3.8843834,0.0,0.0,0.0,0.0
9,21,7,0,,,,2.2389166,0.0,0.0,0.0,0.0
9,22,7,0,,,,1.5958667,0.0,0.0,0.0,0.0
9,23,7,0,,,,2.1582,0.0,0.0,0.0,0.0
9,24,7,0,,,,0.7402167,0.0,0.0,0.0,0.0
9,1,1,0,,,,0.73055,0.0,0.0,0.0,0.0
9,2,1,0,,,,0.73695,0.0,0.0,0.0,0.0
9,3,1,0,,,,0.7251833,0.0,0.0,0.0,0.0
9,4,1,0,,,,0.7345,0.0,0.0,0.0,0.0
9,5,1,0,,,,0.88,0.0,0.0,0.0,0.0
9,6,1,0,,,,1.7780666,0.0,0.0,0.0,0.0
9,7,1,0,,,,1.6465167,0.0,0.0,0.0,0.0
9,8,1,0,,,,0.5528333,0.0,0.0,0.0,13.0
9,9,1,0,,,,0.5511,0.0,0.0,0.0,33.24
9,10,1,0,,,,0.5343,0.0,0.0,0.0,95.16
9,11,1,0,,,,0.56175,0.0,0.0,0.0,126.57
9,12,1,0,,,,1.5892833,0.0,0.0,0.0,138.28
9,13,1,0,,,,1.7225,0.0,0.0,0.0,83.28
9,14,1,0,,,,1.3137167,0.0,0.0,0.0,69.15
9,15,1,0,,,,0.54945,0.0,0.0,0.0,30.73
9,16,1,0,,,,0.53788334,0.0,0.0,0.0,13.8
9,17,1,0,,,,0.55226666,0.0,0.0,0.0,8.06
9,18,1,0,,,,2.9838667,0.0,0.0,0.0,0.0
9,19,1,0,,,,3.5937333,0.0,0.0,0.0,0.0
9,20,1,0,,,,4.338383,0.0,0.0,0.0,0.0
9,21,1,0,,,,4.6246166,0.0,0.0,0.0,0.0
9,22,1,0,,,,3.8456333,0.0,0.0,0.0,0.0
9,23,1,0,,,,1.9729667,0.0,0.0,0.0,0.0
9,24,1,0,,,,1.4762167,0.0,0.0,0.0,0.0
9,1,2,0,,,,0.7008333,0.0,0.0,0.0,0.0
9,2,2,0,,,,0.68868333,0.0,0.0,0.0,0.0
9,3,2,0,,,,0.6911833,0.0,0.0,0.0,0.0
9,4,2,0,,,,0.67333335,0.0,0.0,0.0,0.0
9,5,2,0,,,,2.1433833,0.0,0.0,0.0,0.0
9,6,2,0,,,,0.9341,0.0,0.0,0.0,0.0
9,7,2,0,,,,0.5716,0.0,0.0,0.0,0.0
9,8,2,0,,,,0.72505,0.0,0.0,0.0,17.19
9,9,2,0,,,,0.5966833,0.0,0.0,0.0,38.95
9,10,2,0,,,,0.53213334,0.0,0.0,0.0,66.71
9,11,2,0,,,,0.58453333,0.0,0.0,0.0,91.91
9,12,2,0,,,,0.51481664,0.0,0.0,0.0,75.06
9,13,2,0,,,,0.5515,0.0,0.0,0.0,59.21
9,14,2,0,,,,1.3033667,0.0,0.0,0.0,45.23
9,15,2,0,,,,0.52075,0.0,0.0,0.0,30.32
9,16,2,0,,,,1.6881,0.0,0.0,0.0,33.22
9,17,2,0,,,,3.4377832,0.0,0.0,0.0,15.57
9,18,2,0,,,,1.4073334,0.0,0.0,0.0,4.01
9,19,2,0,,,,4.925083,0.0,0.0,0.0,0.0
9,20,2,0,,,,3.9243333,0.0,0.0,0.0,0.0
9,21,2,0,,,,3.5706832,0.0,0.0,0.0,0.0
9,22,2,0,,,,3.3392167,0.0,0.0,0.0,0.0
9,23,2,0,,,,3.27605,0.0,0.0,0.0,0.0
9,24,2,0,,,,1.6126833,0.0,0.0,0.0,0.0
9,1,3,0,,,,0.67083335,0.0,0.0,0.0,0.0
9,2,3,0,,,,0.66646665,0.0,0.0,0.0,0.0
9,3,3,0,,,,0.65568334,0.0,0.0,0.0,0.0
9,4,3,0,,,,0.56871665,0.0,0.0,0.0,0.0
9,5,3,0,,,,0.63166666,0.0,0.0,0.0,0.0
9,6,3,0,,,,0.77793336,0.0,0.0,0.0,0.0
9,7,3,0,,,,0.7353167,0.0,0.0,0.0,0.0
9,8,3,0,,,,0.725,0.0,0.0,0.0,20.66
9,9,3,0,,,,1.0226667,0.0,0.0,0.0,170.37
9,10,3,0,,,,1.0949334,0.0,0.0,0.0,533.29
9,11,3,0,,,,0.57926667,0.0,0.0,0.0,583.05
9,12,3,0,,,,0.55945,0.0,0.0,0.0,672.18
9,13,3,0,,,,2.4299166,0.0,0.0,0.0,697.42
9,14,3,0,,,,2.1707168,0.0,0.0,0.0,390.29
9,15,3,0,,,,1.7950333,0.0,0.0,0.0,211.31
9,16,3,0,,,,1.9186833,0.0,0.0,0.0,81.01
9,17,3,0,,,,1.9952667,0.0,0.0,0.0,81.15
9,18,3,0,,,,0.9044,0.0,0.0,0.0,8.74
9,19,3,0,,,,4.60865,0.0,0.0,0.0,0.0
9,20,3,0,,,,1.7169,0.0,0.0,0.0,0.0
9,21,3,0,,,,1.2303,0.0,0.0,0.0,0.0
9,22,3,0,,,,0.6993,0.0,0.0,0.0,0.0
9,23,3,0,,,,1.8537166,0.0,0.0,0.0,0.0
9,24,3,0,,,,3.3506,0.0,0.0,0.0,0.0
9,1,4,0,,,,0.7523,0.0,0.0,0.0,0.0
9,2,4,0,,,,2.8841667,0.0,0.0,0.0,0.0
9,3,4,0,,,,2.91225,0.0,0.0,0.0,0.0
9,4,4,0,,,,1.2130834,0.0,0.0,0.0,0.0
9,5,4,0,,,,0.93226665,0.0,0.0,0.0,0.0
9,6,4,0,,,,0.9828333,0.0,0.0,0.0,0.0
9,7,4,0,,,,0.58461666,0.0,0.0,0.0,0.0
9,8,4,0,,,,0.55988336,0.0,0.0,0.0,25.3
9,9,4,0,,,,0.58208334,0.0,0.0,0.0,193.94
9,10,4,0,,,,0.57058334,0.0,0.0,0.0,138.42
9,11,4,0,,,,0.63965,0.0,0.0,0.0,255.02
9,12,4,0,,,,0.57281667,0.0,0.0,0.0,351.88
9,13,4,0,,,,0.5631833,0.0,0.0,0.0,556.18
9,14,4,0,,,,0.5699,0.0,0.0,0.0,394.74
9,15,4,0,,,,0.7243,0.0,0.0,0.0,365.55
9,16,4,0,,,,3.1566,0.0,0.0,0.0,281.16
9,17,4,0,,,,5.364967,0.0,0.0,0.0,157.97
9,18,4,0,,,,2.836,0.0,0.0,0.0,8.15
9,19,4,0,,,,4.27705,0.0,0.0,0.0,0.0
9,20,4,0,,,,4.181383,0.0,0.0,0.0,0.0
9,21,4,0,,,,3.1176667,0.0,0.0,0.0,0.0
9,22,4,0,,,,0.68883336,0.0,0.0,0.0,0.0
9,23,4,0,,,,2.5592833,0.0,0.0,0.0,0.0
9,24,4,0,,,,0.69405,0.0,0.0,0.0,0.0
9,1,5,0,,,,0.6490167,0.0,0.0,0.0,0.0
9,2,5,0,,,,0.64715,0.0,0.0,0.0,0.0
9,3,5,0,,,,0.6746333,0.0,0.0,0.0,0.0
9,4,5,0,,,,1.87035,0.0,0.0,0.0,0.0
9,5,5,0,,,,2.0190334,0.0,0.0,0.0,0.0
9,6,5,0,,,,0.7733167,0.0,0.0,0.0,0.0
9,7,5,0,,,,0.5883333,0.0,0.0,0.0,0.0
9,8,5,0,,,,0.59618336,0.0,0.0,0.0,65.96
9,9,5,0,,,,0.61018336,0.0,0.0,0.0,270.75
9,10,5,0,,,,0.63351667,0.0,0.0,0.0,122.3
9,11,5,0,,,,0.6053,0.0,0.0,0.0,136.97
9,12,5,0,,,,0.6109167,0.0,0.0,0.0,156.26
9,13,5,0,,,,0.58811665,0.0,0.0,0.0,266.71
9,14,5,0,,,,0.88816667,0.0,0.0,0.0,306.09
9,15,5,0,,,,0.6260833,0.0,0.0,0.0,119.28
9,16,5,0,,,,0.63145,0.0,0.0,0.0,48.76
9,17,5,0,,,,0.6169,0.0,0.0,0.0,16.92
9,18,5,0,,,,3.8172333,0.0,0.0,0.0,6.89
9,19,5,0,,,,3.3990834,0.0,0.0,0.0,0.0
9,20,5,0,,,,1.7431,0.0,0.0,0.0,0.0
9,21,5,0,,,,1.3997667,0.0,0.0,0.0,0.0
9,22,5,0,,,,1.2471167,0.0,0.0,0.0,0.0
9,23,5,0,,,,3.5303667,0.0,0.0,0.0,0.0
9,24,5,0,,,,3.36695,0.0,0.0,0.0,0.0
10,1,6,0,,,,0.6939833,0.0,0.0,0.0,0.0
10,2,6,0,,,,0.6710333,0.0,0.0,0.0,0.0
10,3,6,0,,,,0.6443,0.0,0.0,0.0,0.0
10,4,6,0,,,,0.59415,0.0,0.0,0.0,0.0
10,5,6,0,,,,1.26785,0.0,0.0,0.0,0.0
10,6,6,0,,,,1.13105,0.0,0.0,0.0,0.0
10,7,6,0,,,,1.5723667,0.0,0.0,0.0,0.0
10,8,6,0,,,,0.7144833,0.0,0.0,0.0,50.37
10,9,6,0,,,,0.8703833,0.0,0.0,0.0,96.3
10,10,6,0,,,,1.3227667,0.0,0.0,0.0,127.46
10,11,6,0,,,,0.86468333,0.0,0.0,0.0,195.39
10,12,6,0,,,,2.4856167,0.0,0.0,0.0,173.02
10,13,6,0,,,,2.547,0.0,0.0,0.0,419.71
10,14,6,0,,,,1.8001667,0.0,0.0,0.0,531.01
10,15,6,0,,,,1.8222333,0.0,0.0,0.0,112.98
10,16,6,0,,,,1.7528666,0.0,0.0,0.0,326.63
10,17,6,0,,,,2.3868167,0.0,0.0,0.0,208.36
10,18,6,0,,,,2.8289666,0.0,0.0,0.0,5.5
10,19,6,0,,,,6.3858333,0.0,0.0,0.0,0.0
10,20,6,0,,,,3.9588833,0.0,0.0,0.0,0.0
10,21,6,0,,,,1.5835333,0.0,0.0,0.0,0.0
10,22,6,0,,,,0.67431664,0.0,0.0,0.0,0.0
10,23,6,0,,,,0.6526833,0.0,0.0,0.0,0.0
10,24,6,0,,,,2.1957083,0.0,0.0,0.0,0.0
10,1,7,0,,,,0.6968667,0.0,0.0,0.0,0.0
10,2,7,0,,,,1.7217667,0.0,0.0,0.0,0.0
10,3,7,0,,,,2.0435834,0.0,0.0,0.0,0.0
10,4,7,0,,,,0.6683667,0.0,0.0,0.0,0.0
10,5,7,0,,,,0.7148833,0.0,0.0,0.0,0.0
10,6,7,0,,,,0.5771833,0.0,0.0,0.0,0.0
10,7,7,0,,,,0.54145,0.0,0.0,0.0,0.0
10,8,7,0,,,,1.49955,0.0,0.0,0.0,172.47
10,9,7,0,,,,2.9583166,0.0,0.0,0.0,391.49
10,10,7,0,,,,2.6288,0.0,0.0,0.0,565.22
10,11,7,0,,,,1.9134333,0.0,0.0,0.0,679.34
10,12,7,0,,,,2.2747,0.0,0.0,0.0,728.94
10,13,7,0,,,,0.582,0.0,0.0,0.0,718.99
10,14,7,0,,,,1.6431167,0.0,0.0,0.0,654.68
10,15,7,0,,,,1.5882666,0.0,0.0,0.0,513.91
10,16,7,0,,,,1.0951834,0.0,0.0,0.0,383.48
10,17,7,0,,,,2.5047166,0.0,0.0,0.0,179.62
10,18,7,0,,,,1.3377167,0.0,0.0,0.0,3.85
10,19,7,0,,,,4.3722,0.0,0.0,0.0,0.0
10,20,7,0,,,,3.6983833,0.0,0.0,0.0,0.0
10,21,7,0,,,,2.3014834,0.0,0.0,0.0,0.0
10,22,7,0,,,,1.4257,0.0,0.0,0.0,0.0
10,23,7,0,,,,1.5007167,0.0,0.0,0.0,0.0
10,24,7,0,,,,0.66716665,0.0,0.0,0.0,0.0
10,1,1,0,,,,0.68156666,0.0,0.0,0.0,0.0
10,2,1,0,,,,0.6551,0.0,0.0,0.0,0.0
10,3,1,0,,,,0.75149167,0.0,0.0,0.0,0.0
10,4,1,0,,,,0.9069,0.0,0.0,0.0,0.0
10,5,1,0,,,,0.9327,0.0,0.0,0.0,0.0
10,6,1,0,,,,0.89061666,0.0,0.0,0.0,0.0
10,7,1,0,,,,0.48038334,0.0,0.0,0.0,0.0
10,8,1,0,,,,0.4941,0.0,0.0,0.0,52.49
10,9,1,0,,,,0.44641668,0.0,0.0,0.0,150.52
10,10,1,0,,,,0.44503334,0.0,0.0,0.0,222.14
10,11,1,0,,,,0.4793,0.0,0.0,0.0,584.08
10,12,1,0,,,,0.4332,0.0,0.0,0.0,654.72
10,13,1,0,,,,0.4481,0.0,0.0,0.0,689.95
10,14,1,0,,,,0.47233334,0.0,0.0,0.0,648.48
10,15,1,0,,,,0.4317,0.0,0.0,0.0,516.37
10,16,1,0,,,,0.47636667,0.0,0.0,0.0,225.79
10,17,1,0,,,,2.10055,0.0,0.0,0.0,173.69
10,18,1,0,,,,0.80415,0.0,0.0,0.0,3.33
10,19,1,0,,,,2.2442167,0.0,0.0,0.0,0.0
10,20,1,0,,,,2.18385,0.0,0.0,0.0,0.0
10,21,1,0,,,,2.0350666,0.0,0.0,0.0,0.0
10,22,1,0,,,,0.82313335,0.0,0.0,0.0,0.0
10,23,1,0,,,,1.4570333,0.0,0.0,0.0,0.0
10,24,1,0,,,,2.2861166,0.0,0.0,0.0,0.0
10,1,2,0,,,,0.6525667,0.0,0.0,0.0,0.0
10,2,2,0,,,,0.6702,0.0,0.0,0.0,0.0
10,3,2,0,,,,0.62798333,0.0,0.0,0.0,0.0
10,4,2,0,,,,0.65695,0.0,0.0,0.0,0.0
10,5,2,0,,,,0.82823336,0.0,0.0,0.0,0.0
10,6,2,0,,,,0.88846666,0.0,0.0,0.0,0.0
10,7,2,0,,,,0.74175,0.0,0.0,0.0,0.0
10,8,2,0,,,,0.88488334,0.0,0.0,0.0,9.35
10,9,2,0,,,,0.51526666,0.0,0.0,0.0,48.36
10,10,2,0,,,,0.4233,0.0,0.0,0.0,131.92
10,11,2,0,,,,0.48843333,0.0,0.0,0.0,135.9
10,12,2,0,,,,0.39518332,0.0,0.0,0.0,157.64
10,13,2,0,,,,0.48866665,0.0,0.0,0.0,285.53
10,14,2,0,,,,0.4217,0.0,0.0,0.0,249.81
10,15,2,0,,,,0.45645,0.0,0.0,0.0,153.11
10,16,2,0,,,,0.64515,0.0,0.0,0.0,48.65
10,17,2,0,,,,0.81315,0.0,0.0,0.0,23.33
10,18,2,0,,,,1.1161833,0.0,0.0,0.0,0.0
10,19,2,0,,,,3.8212,0.0,0.0,0.0,0.0
10,20,2,0,,,,1.4632666,0.0,0.0,0.0,0.0
10,21,2,0,,,,1.02425,0.0,0.0,0.0,0.0
10,22,2,0,,,,0.65328336,0.0,0.0,0.0,0.0
10,23,2,0,,,,0.71455,0.0,0.0,0.0,0.0
10,24,2,0,,,,0.64926666,0.0,0.0,0.0,0.0
10,1,3,0,,,,1.02285,0.0,0.0,0.0,0.0
10,2,3,0,,,,2.7688167,0.0,0.0,0.0,0.0
10,3,3,0,,,,0.69023335,0.0,0.0,0.0,0.0
10,4,3,0,,,,0.7603,0.0,0.0,0.0,0.0
10,5,3,0,,,,1.1445167,0.0,0.0,0.0,0.0
10,6,3,0,,,,0.97339165,0.0,0.0,0.0,0.0
10,7,3,0,,,,0.50655,0.0,0.0,0.0,0.0
10,8,3,0,,,,0.41853333,0.0,0.0,0.0,6.97
10,9,3,0,,,,0.48768333,0.0,0.0,0.0,88.99
10,10,3,0,,,,0.41821668,0.0,0.0,0.0,214.96
10,11,3,0,,,,0.47985,0.0,0.0,0.0,228.66
10,12,3,0,,,,0.42975,0.0,0.0,0.0,184.34
10,13,3,0,,,,0.4601,0.0,0.0,0.0,115.39
10,14,3,0,,,,0.43983334,0.0,0.0,0.0,188.08
10,15,3,0,,,,0.45805,0.0,0.0,0.0,42.57
10,16,3,0,,,,0.47256666,0.0,0.0,0.0,81.2
10,17,3,0,,,,3.4399333,0.0,0.0,0.0,78.79
10,18,3,0,,,,3.2835,0.0,0.0,0.0,0.0
10,19,3,0,,,,1.5612833,0.0,0.0,0.0,0.0
10,20,3,0,,,,1.4403,0.0,0.0,0.0,0.0
10,21,3,0,,,,1.2063833,0.0,0.0,0.0,0.0
10,22,3,0,,,,2.34825,0.0,0.0,0.0,0.0
10,23,3,0,,,,2.3357,0.0,0.0,0.0,0.0
10,24,3,0,,,,0.6642,0.0,0.0,0.0,0.0
10,1,4,0,,,,0.7151167,0.0,0.0,0.0,0.0
10,2,4,0,,,,0.6759167,0.0,0.0,0.0,0.0
10,3,4,0,,,,0.71096665,0.0,0.0,0.0,0.0
10,4,4,0,,,,1.2805333,0.0,0.0,0.0,0.0
10,5,4,0,,,,1.0912833,0.0,0.0,0.0,0.0
10,6,4,0,,,,0.67481667,0.0,0.0,0.0,0.0
10,7,4,0,,,,0.44006667,0.0,0.0,0.0,0.0
10,8,4,0,,,,0.43766665,0.0,0.0,0.0,49.62
10,9,4,0,,,,0.4596,0.0,0.0,0.0,59.34
10,10,4,0,,,,0.43686667,0.0,0.0,0.0,295.7
10,11,4,0,,,,0.45193332,0.0,0.0,0.0,435.19
10,12,4,0,,,,0.43523332,0.0,0.0,0.0,385.39
10,13,4,0,,,,0.46395,0.0,0.0,0.0,458.96
10,14,4,0,,,,0.44211668,0.0,0.0,0.0,66.45
10,15,4,0,,,,0.39806667,0.0,0.0,0.0,48.39
10,16,4,0,,,,0.42648333,0.0,0.0,0.0,130.51
10,17,4,0,,,,0.39411667,0.0,0.0,0.0,56.86
10,18,4,0,,,,2.8402333,0.0,0.0,0.0,0.0
10,19,4,0,,,,3.3829334,0.0,0.0,0.0,0.0
10,20,4,0,,,,2.3797834,0.0,0.0,0.0,0.0
10,21,4,0,,,,2.9138167,0.0,0.0,0.0,0.0
10,22,4,0,,,,0.61011666,0.0,0.0,0.0,0.0
10,23,4,0,,,,1.7648833,0.0,0.0,0.0,0.0
10,24,4,0,,,,0.60046667,0.0,0.0,0.0,0.0
10,1,5,0,,,,0.6494167,0.0,0.0,0.0,0.0
10,2,5,0,,,,0.60226667,0.0,0.0,0.0,0.0
10,3,5,0,,,,0.65605,0.0,0.0,0.0,0.0
10,4,5,0,,,,0.6034667,0.0,0.0,0.0,0.0
10,5,5,0,,,,0.64093333,0.0,0.0,0.0,0.0
10,6,5,0,,,,0.7467667,0.0,0.0,0.0,0.0
10,7,5,0,,,,0.891,0.0,0.0,0.0,0.0
10,8,5,0,,,,0.735,0.0,0.0,0.0,146.36
10,9,5,0,,,,1.1796833,0.0,0.0,0.0,398.4
10,10,5,0,,,,1.2840667,0.0,0.0,0.0,576.24
10,11,5,0,,,,3.5617166,0.0,0.0,0.0,567.32
10,12,5,0,,,,1.1105833,0.0,0.0,0.0,298.56
10,13,5,0,,,,0.82266665,0.0,0.0,0.0,87.98
10,14,5,0,,,,0.53538334,0.0,0.0,0.0,105.09
10,15,5,0,,,,0.62925,0.0,0.0,0.0,21.1
10,16,5,0,,,,0.54805,0.0,0.0,0.0,80.85
10,17,5,0,,,,0.63378334,0.0,0.0,0.0,22.54
10,18,5,0,,,,1.39115,0.0,0.0,0.0,0.0
10,19,5,0,,,,1.1112666,0.0,0.0,0.0,0.0
10,20,5,0,,,,1.51645,0.0,0.0,0.0,0.0
10,21,5,0,,,,3.3672166,0.0,0.0,0.0,0.0
10,22,5,0,,,,1.9574833,0.0,0.0,0.0,0.0
10,23,5,0,,,,0.65893334,0.0,0.0,0.0,0.0
10,24,5,0,,,,0.6492417,0.0,0.0,0.0,0.0
10,1,6,0,,,,1.3788667,0.0,0.0,0.0,0.0
10,2,6,0,,,,3.3552666,0.0,0.0,0.0,0.0
10,3,6,0,,,,1.8035166,0.0,0.0,0.0,0.0
10,4,6,0,,,,1.65035,0.0,0.0,0.0,0.0
10,5,6,0,,,,0.66758335,0.0,0.0,0.0,0.0
10,6,6,0,,,,0.97443336,0.0,0.0,0.0,0.0
10,7,6,0,,,,1.3617333,0.0,0.0,0.0,0.0
10,8,6,0,,,,1.5982,0.0,0.0,0.0,158.22
10,9,6,0,,,,1.5381334,0.0,0.0,0.0,379.61
10,10,6,0,,,,1.3719667,0.0,0.0,0.0,584.66
10,11,6,0,,,,1.3893,0.0,0.0,0.0,692.53
10,12,6,0,,,,0.7061333,0.0,0.0,0.0,739.81
10,13,6,0,,,,0.532,0.0,0.0,0.0,731.03
10,14,6,0,,,,0.5354667,0.0,0.0,0.0,646.85
10,15,6,0,,,,0.5251667,0.0,0.0,0.0,429.2
10,16,6,0,,,,0.54801667,0.0,0.0,0.0,180.71
10,17,6,0,,,,0.52585,0.0,0.0,0.0,52.06
10,18,6,0,,,,1.71885,0.0,0.0,0.0,0.0
10,19,6,0,,,,0.94348335,0.0,0.0,0.0,0.0
10,20,6,0,,,,2.1768832,0.0,0.0,0.0,0.0
10,21,6,0,,,,3.8248334,0.0,0.0,0.0,0.0
10,22,6,0,,,,3.34915,0.0,0.0,0.0,0.0
10,23,6,0,,,,2.2920334,0.0,0.0,0.0,0.0
10,24,6,0,,,,3.2606,0.0,0.0,0.0,0.0
10,1,7,0,,,,0.6801,0.0,0.0,0.0,0.0
10,2,7,0,,,,0.95131665,0.0,0.0,0.0,0.0
10,3,7,0,,,,1.7006667,0.0,0.0,0.0,0.0
10,4,7,0,,,,1.18025,0.0,0.0,0.0,0.0
10,5,7,0,,,,0.9547833,0.0,0.0,0.0,0.0
10,6,7,0,,,,0.67973334,0.0,0.0,0.0,0.0
10,7,7,0,,,,1.4672166,0.0,0.0,0.0,0.0
10,8,7,0,,,,1.3186,0.0,0.0,0.0,9.46
10,9,7,0,,,,0.97103333,0.0,0.0,0.0,20.25
10,10,7,0,,,,0.55296665,0.0,0.0,0.0,42.59
10,11,7,0,,,,0.56511664,0.0,0.0,0.0,74.0
10,12,7,0,,,,0.54041666,0.0,0.0,0.0,260.71
10,13,7,0,,,,0.50621665,0.0,0.0,0.0,157.12
10,14,7,0,,,,0.5298833,0.0,0.0,0.0,252.93
10,15,7,0,,,,0.73655,0.0,0.0,0.0,176.64
10,16,7,0,,,,3.6445832,0.0,0.0,0.0,147.17
10,17,7,0,,,,2.9420333,0.0,0.0,0.0,188.94
10,18,7,0,,,,1.2453834,0.0,0.0,0.0,0.0
10,19,7,0,,,,2.8557832,0.0,0.0,0.0,0.0
10,20,7,0,,,,3.6388834,0.0,0.0,0.0,0.0
10,21,7,0,,,,2.60455,0.0,0.0,0.0,0.0
10,22,7,0,,,,1.65555,0.0,0.0,0.0,0.0
10,23,7,0,,,,1.1011833,0.0,0.0,0.0,0.0
10,24,7,0,,,,0.75355,0.0,0.0,0.0,0.0
10,1,1,0,,,,0.7588,0.0,0.0,0.0,0.0
10,2,1,0,,,,0.77026665,0.0,0.0,0.0,0.0
10,3,1,0,,,,0.73908335,0.0,0.0,0.0,0.0
10,4,1,0,,,,0.8006833,0.0,0.0,0.0,0.0
10,5,1,0,,,,0.9023333,0.0,0.0,0.0,0.0
10,6,1,0,,,,1.0794333,0.0,0.0,0.0,0.0
10,7,1,0,,,,0.5843167,0.0,0.0,0.0,0.0
10,8,1,0,,,,0.56091666,0.0,0.0,0.0,44.1
10,9,1,0,,,,0.6076667,0.0,0.0,0.0,210.86
10,10,1,0,,,,0.5535167,0.0,0.0,0.0,318.61
10,11,1,0,,,,0.61106664,0.0,0.0,0.0,67.27
10,12,1,0,,,,0.69241667,0.0,0.0,0.0,138.7
10,13,1,0,,,,0.99091667,0.0,0.0,0.0,575.54
10,14,1,0,,,,0.55773336,0.0,0.0,0.0,439.51
10,15,1,0,,,,0.5269,0.0,0.0,0.0,206.71
10,16,1,0,,,,0.5696333,0.0,0.0,0.0,222.25
10,17,1,0,,,,0.5226833,0.0,0.0,0.0,70.73
10,18,1,0,,,,2.2585332,0.0,0.0,0.0,0.0
10,19,1,0,,,,2.01105,0.0,0.0,0.0,0.0
10,20,1,0,,,,4.07125,0.0,0.0,0.0,0.0
10,21,1,0,,,,3.7337334,0.0,0.0,0.0,0.0
10,22,1,0,,,,3.3897667,0.0,0.0,0.0,0.0
10,23,1,0,,,,2.7622666,0.0,0.0,0.0,0.0
10,24,1,0,,,,1.6392833,0.0,0.0,0.0,0.0
10,1,2,0,,,,0.7801833,0.0,0.0,0.0,0.0
10,2,2,0,,,,0.8060333,0.0,0.0,0.0,0.0
10,3,2,0,,,,0.8786,0.0,0.0,0.0,0.0
10,4,2,0,,,,1.4061167,0.0,0.0,0.0,0.0
10,5,2,0,,,,0.93238336,0.0,0.0,0.0,0.0
10,6,2,0,,,,0.90475,0.0,0.0,0.0,0.0
10,7,2,0,,,,0.6249833,0.0,0.0,0.0,0.0
10,8,2,0,,,,0.44133332,0.0,0.0,0.0,52.18
10,9,2,0,,,,0.4694,0.0,0.0,0.0,358.0
10,10,2,0,,,,0.43303335,0.0,0.0,0.0,523.13
10,11,2,0,,,,0.44978333,0.0,0.0,0.0,174.33
10,12,2,0,,,,0.44353333,0.0,0.0,0.0,285.71
10,13,2,0,,,,0.4738,0.0,0.0,0.0,600.93
10,14,2,0,,,,0.45028332,0.0,0.0,0.0,64.25
10,15,2,0,,,,0.45168334,0.0,0.0,0.0,118.4
10,16,2,0,,,,0.45243335,0.0,0.0,0.0,220.51
10,17,2,0,,,,0.57301664,0.0,0.0,0.0,121.62
10,18,2,0,,,,1.7460667,0.0,0.0,0.0,0.0
10,19,2,0,,,,3.55425,0.0,0.0,0.0,0.0
10,20,2,0,,,,1.63325,0.0,0.0,0.0,0.0
10,21,2,0,,,,1.3771334,0.0,0.0,0.0,0.0
10,22,2,0,,,,3.2133,0.0,0.0,0.0,0.0
10,23,2,0,,,,3.3016334,0.0,0.0,0.0,0.0
10,24,2,0,,,,0.9356833,0.0,0.0,0.0,0.0
10,1,3,0,,,,0.65933335,0.0,0.0,0.0,0.0
10,2,3,0,,,,0.7302167,0.0,0.0,0.0,0.0
10,3,3,0,,,,0.65815,0.0,0.0,0.0,0.0
10,4,3,0,,,,0.7012333,0.0,0.0,0.0,0.0
10,5,3,0,,,,0.7516,0.0,0.0,0.0,0.0
10,6,3,0,,,,0.82621664,0.0,0.0,0.0,0.0
10,7,3,0,,,,0.47408333,0.0,0.0,0.0,0.0
10,8,3,0,,,,0.43031666,0.0,0.0,0.0,36.23
10,9,3,0,,,,0.48031667,0.0,0.0,0.0,148.28
10,10,3,0,,,,0.41478333,0.0,0.0,0.0,435.32
10,11,3,0,,,,0.45596668,0.0,0.0,0.0,315.93
10,12,3,0,,,,0.41883335,0.0,0.0,0.0,335.89
10,13,3,0,,,,0.47145,0.0,0.0,0.0,308.81
10,14,3,0,,,,0.43295,0.0,0.0,0.0,154.6
10,15,3,0,,,,0.43898332,0.0,0.0,0.0,209.12
10,16,3,0,,,,0.43943334,0.0,0.0,0.0,134.05
10,17,3,0,,,,0.43856665,0.0,0.0,0.0,103.7
10,18,3,0,,,,0.9018833,0.0,0.0,0.0,0.0
10,19,3,0,,,,0.7435,0.0,0.0,0.0,0.0
10,20,3,0,,,,0.61315,0.0,0.0,0.0,0.0
10,21,3,0,,,,0.63318336,0.0,0.0,0.0,0.0
10,22,3,0,,,,0.66333336,0.0,0.0,0.0,0.0
10,23,3,0,,,,0.6684667,0.0,0.0,0.0,0.0
10,24,3,0,,,,0.65185,0.0,0.0,0.0,0.0
10,1,4,0,,,,0.6535,0.0,0.0,0.0,0.0
10,2,4,0,,,,0.64058334,0.0,0.0,0.0,0.0
10,3,4,0,,,,0.65105,0.0,0.0,0.0,0.0
10,4,4,0,,,,0.67578334,0.0,0.0,0.0,0.0
10,5,4,0,,,,0.64306664,0.0,0.0,0.0,0.0
10,6,4,0,,,,0.68175,0.0,0.0,0.0,0.0
10,7,4,0,,,,0.64495,0.0,0.0,0.0,0.0
10,8,4,0,,,,0.9292833,0.0,0.0,0.0,114.19
10,9,4,0,,,,0.93333334,0.0,0.0,0.0,350.64
10,10,4,0,,,,0.5050333,0.0,0.0,0.0,517.64
10,11,4,0,,,,0.4584,0.0,0.0,0.0,621.55
10,12,4,0,,,,0.5099,0.0,0.0,0.0,695.28
10,13,4,0,,,,0.50516665,0.0,0.0,0.0,635.82
10,14,4,0,,,,0.50266665,0.0,0.0,0.0,598.71
10,15,4,0,,,,0.46803334,0.0,0.0,0.0,454.11
10,16,4,0,,,,0.47991666,0.0,0.0,0.0,315.62
10,17,4,0,,,,0.46486667,0.0,0.0,0.0,114.08
10,18,4,0,,,,1.4140667,0.0,0.0,0.0,0.0
10,19,4,0,,,,2.9567168,0.0,0.0,0.0,0.0
10,20,4,0,,,,2.55195,0.0,0.0,0.0,0.0
10,21,4,0,,,,1.4875,0.0,0.0,0.0,0.0
10,22,4,0,,,,3.0727334,0.0,0.0,0.0,0.0
10,23,4,0,,,,1.5981,0.0,0.0,0.0,0.0
10,24,4,0,,,,1.1953167,0.0,0.0,0.0,0.0
10,1,5,0,,,,0.6697,0.0,0.0,0.0,0.0
10,2,5,0,,,,0.8336167,0.0,0.0,0.0,0.0
10,3,5,0,,,,2.7908833,0.0,0.0,0.0,0.0
10,4,5,0,,,,0.8129,0.0,0.0,0.0,0.0
10,5,5,0,,,,0.74155,0.0,0.0,0.0,0.0
10,6,5,0,,,,0.94706666,0.0,0.0,0.0,0.0
10,7,5,0,,,,0.51525,0.0,0.0,0.0,0.0
10,8,5,0,,,,0.49628332,0.0,0.0,0.0,102.87
10,9,5,0,,,,0.5110833,0.0,0.0,0.0,341.51
10,10,5,0,,,,0.50905,0.0,0.0,0.0,512.26
10,11,5,0,,,,0.47316667,0.0,0.0,0.0,616.88
10,12,5,0,,,,0.50595,0.0,0.0,0.0,689.12
10,13,5,0,,,,0.48148334,0.0,0.0,0.0,667.51
10,14,5,0,,,,0.50883335,0.0,0.0,0.0,614.15
10,15,5,0,,,,0.47655,0.0,0.0,0.0,439.55
10,16,5,0,,,,0.51771665,0.0,0.0,0.0,334.67
10,17,5,0,,,,0.5775833,0.0,0.0,0.0,113.82
10,18,5,0,,,,1.6075667,0.0,0.0,0.0,0.0
10,19,5,0,,,,1.3013166,0.0,0.0,0.0,0.0
10,20,5,0,,,,2.5885334,0.0,0.0,0.0,0.0
10,21,5,0,,,,3.0879166,0.0,0.0,0.0,0.0
10,22,5,0,,,,1.2122333,0.0,0.0,0.0,0.0
10,23,5,0,,,,1.72755,0.0,0.0,0.0,0.0
10,24,5,0,,,,0.6428667,0.0,0.0,0.0,0.0
10,1,6,0,,,,0.7183167,0.0,0.0,0.0,0.0
10,2,6,0,,,,0.83676666,0.0,0.0,0.0,0.0
10,3,6,0,,,,0.79788333,0.0,0.0,0.0,0.0
10,4,6,0,,,,0.7394,0.0,0.0,0.0,0.0
10,5,6,0,,,,0.81373334,0.0,0.0,0.0,0.0
10,6,6,0,,,,0.673,0.0,0.0,0.0,0.0
10,7,6,0,,,,1.0339333,0.0,0.0,0.0,0.0
10,8,6,0,,,,1.3906333,0.0,0.0,0.0,85.12
10,9,6,0,,,,0.9827,0.0,0.0,0.0,320.97
10,10,6,0,,,,1.5869666,0.0,0.0,0.0,482.42
10,11,6,0,,,,2.4836833,0.0,0.0,0.0,587.74
10,12,6,0,,,,1.6296667,0.0,0.0,0.0,646.51
10,13,6,0,,,,0.49793333,0.0,0.0,0.0,634.19
10,14,6,0,,,,0.5345167,0.0,0.0,0.0,571.79
10,15,6,0,,,,0.51388335,0.0,0.0,0.0,411.3
10,16,6,0,,,,2.2530832,0.0,0.0,0.0,298.94
10,17,6,0,,,,3.9179833,0.0,0.0,0.0,62.23
10,18,6,0,,,,2.3281667,0.0,0.0,0.0,0.0
10,19,6,0,,,,1.32015,0.0,0.0,0.0,0.0
10,20,6,0,,,,1.4524,0.0,0.0,0.0,0.0
10,21,6,0,,,,0.91116667,0.0,0.0,0.0,0.0
10,22,6,0,,,,2.7831833,0.0,0.0,0.0,0.0
10,23,6,0,,,,0.73145,0.0,0.0,0.0,0.0
10,24,6,0,,,,0.7754,0.0,0.0,0.0,0.0
10,1,7,0,,,,0.75515,0.0,0.0,0.0,0.0
10,2,7,0,,,,1.8560833,0.0,0.0,0.0,0.0
10,3,7,0,,,,1.43,0.0,0.0,0.0,0.0
10,4,7,0,,,,0.7919833,0.0,0.0,0.0,0.0
10,5,7,0,,,,1.1462,0.0,0.0,0.0,0.0
10,6,7,0,,,,1.2747166,0.0,0.0,0.0,0.0
10,7,7,0,,,,0.91005,0.0,0.0,0.0,0.0
10,8,7,0,,,,0.92501664,0.0,0.0,0.0,16.68
10,9,7,0,,,,0.80303335,0.0,0.0,0.0,148.64
10,10,7,0,,,,0.73013335,0.0,0.0,0.0,393.03
10,11,7,0,,,,0.72043335,0.0,0.0,0.0,642.48
10,12,7,0,,,,0.7475167,0.0,0.0,0.0,706.35
10,13,7,0,,,,0.84706664,0.0,0.0,0.0,680.5
10,14,7,0,,,,1.0314333,0.0,0.0,0.0,617.35
10,15,7,0,,,,1.0833167,0.0,0.0,0.0,434.6
10,16,7,0,,,,1.2330333,0.0,0.0,0.0,312.34
10,17,7,0,,,,1.7211666,0.0,0.0,0.0,99.86
10,18,7,0,,,,2.0775,0.0,0.0,0.0,0.0
10,19,7,0,,,,1.6053667,0.0,0.0,0.0,0.0
10,20,7,0,,,,2.0865,0.0,0.0,0.0,0.0
10,21,7,0,,,,3.0846334,0.0,0.0,0.0,0.0
10,22,7,0,,,,1.12905,0.0,0.0,0.0,0.0
10,23,7,0,,,,1.1418166,0.0,0.0,0.0,0.0
10,24,7,0,,,,1.0575666,0.0,0.0,0.0,0.0
10,1,1,0,,,,0.64885,0.0,0.0,0.0,0.0
10,2,1,0,,,,0.64825,0.0,0.0,0.0,0.0
10,3,1,0,,,,0.6576333,0.0,0.0,0.0,0.0
10,4,1,0,,,,0.6885,0.0,0.0,0.0,0.0
10,5,1,0,,,,0.88778335,0.0,0.0,0.0,0.0
10,6,1,0,,,,0.91793334,0.0,0.0,0.0,0.0
10,7,1,0,,,,0.88953334,0.0,0.0,0.0,0.0
10,8,1,0,,,,0.89481664,0.0,0.0,0.0,89.3
10,9,1,0,,,,0.90213335,0.0,0.0,0.0,330.58
10,10,1,0,,,,0.90426666,0.0,0.0,0.0,498.77
10,11,1,0,,,,0.89265,0.0,0.0,0.0,617.88
10,12,1,0,,,,0.79228336,0.0,0.0,0.0,683.31
10,13,1,0,,,,1.05705,0.0,0.0,0.0,656.88
10,14,1,0,,,,0.9932,0.0,0.0,0.0,600.06
10,15,1,0,,,,0.67773336,0.0,0.0,0.0,448.02
10,16,1,0,,,,0.69095,0.0,0.0,0.0,321.02
10,17,1,0,,,,0.8027667,0.0,0.0,0.0,88.25
10,18,1,0,,,,1.06725,0.0,0.0,0.0,0.0
10,19,1,0,,,,0.96788335,0.0,0.0,0.0,0.0
10,20,1,0,,,,0.76405,0.0,0.0,0.0,0.0
10,21,1,0,,,,0.72035,0.0,0.0,0.0,0.0
10,22,1,0,,,,0.69335,0.0,0.0,0.0,0.0
10,23,1,0,,,,0.66995,0.0,0.0,0.0,0.0
10,24,1,0,,,,0.66546667,0.0,0.0,0.0,0.0
10,1,2,0,,,,0.6761,0.0,0.0,0.0,0.0
10,2,2,0,,,,0.9232,0.0,0.0,0.0,0.0
10,3,2,0,,,,0.7459667,0.0,0.0,0.0,0.0
10,4,2,0,,,,0.65073335,0.0,0.0,0.0,0.0
10,5,2,0,,,,0.73246664,0.0,0.0,0.0,0.0
10,6,2,0,,,,0.67901665,0.0,0.0,0.0,0.0
10,7,2,0,,,,0.44058332,0.0,0.0,0.0,0.0
10,8,2,0,,,,0.44821668,0.0,0.0,0.0,84.71
10,9,2,0,,,,0.53861666,0.0,0.0,0.0,322.43
10,10,2,0,,,,0.80903333,0.0,0.0,0.0,487.72
10,11,2,0,,,,0.45506668,0.0,0.0,0.0,605.1
10,12,2,0,,,,0.45488334,0.0,0.0,0.0,656.0
10,13,2,0,,,,0.42346665,0.0,0.0,0.0,637.9
10,14,2,0,,,,0.452,0.0,0.0,0.0,589.97
10,15,2,0,,,,0.44373333,0.0,0.0,0.0,464.19
10,16,2,0,,,,0.45591667,0.0,0.0,0.0,321.8
10,17,2,0,,,,0.68418336,0.0,0.0,0.0,83.01
10,18,2,0,,,,0.99368334,0.0,0.0,0.0,0.0
10,19,2,0,,,,3.3173168,0.0,0.0,0.0,0.0
10,20,2,0,,,,1.3337834,0.0,0.0,0.0,0.0
10,21,2,0,,,,3.2337,0.0,0.0,0.0,0.0
10,22,2,0,,,,3.12045,0.0,0.0,0.0,0.0
10,23,2,0,,,,0.82928336,0.0,0.0,0.0,0.0
10,24,2,0,,,,0.84425,0.0,0.0,0.0,0.0
10,1,3,0,,,,0.8038833,0.0,0.0,0.0,0.0
10,2,3,0,,,,0.82215,0.0,0.0,0.0,0.0
10,3,3,0,,,,0.8079,0.0,0.0,0.0,0.0
10,4,3,0,,,,0.8293833,0.0,0.0,0.0,0.0
10,5,3,0,,,,0.8603333,0.0,0.0,0.0,0.0
10,6,3,0,,,,0.91253334,0.0,0.0,0.0,0.0
10,7,3,0,,,,0.40871668,0.0,0.0,0.0,0.0
10,8,3,0,,,,0.37688333,0.0,0.0,0.0,46.59
10,9,3,0,,,,0.4251,0.0,0.0,0.0,259.5
10,10,3,0,,,,0.35921666,0.0,0.0,0.0,450.24
10,11,3,0,,,,0.43716666,0.0,0.0,0.0,578.9
10,12,3,0,,,,0.35975,0.0,0.0,0.0,638.69
10,13,3,0,,,,0.44128335,0.0,0.0,0.0,643.3
10,14,3,0,,,,0.47838333,0.0,0.0,0.0,594.41
10,15,3,0,,,,0.80995,0.0,0.0,0.0,490.18
10,16,3,0,,,,0.5850667,0.0,0.0,0.0,304.12
10,17,3,0,,,,0.6309,0.0,0.0,0.0,79.36
10,18,3,0,,,,1.5303667,0.0,0.0,0.0,0.0
10,19,3,0,,,,1.91455,0.0,0.0,0.0,0.0
10,20,3,0,,,,1.0030167,0.0,0.0,0.0,0.0
10,21,3,0,,,,3.3508167,0.0,0.0,0.0,0.0
10,22,3,0,,,,3.2985666,0.0,0.0,0.0,0.0
10,23,3,0,,,,1.6258334,0.0,0.0,0.0,0.0
10,24,3,0,,,,1.3003167,0.0,0.0,0.0,0.0
10,1,4,0,,,,0.66285,0.0,0.0,0.0,0.0
10,2,4,0,,,,0.60945,0.0,0.0,0.0,0.0
10,3,4,0,,,,0.64175,0.0,0.0,0.0,0.0
10,4,4,0,,,,0.63835,0.0,0.0,0.0,0.0
10,5,4,0,,,,0.8009167,0.0,0.0,0.0,0.0
10,6,4,0,,,,1.0510666,0.0,0.0,0.0,0.0
10,7,4,0,,,,0.43238333,0.0,0.0,0.0,0.0
10,8,4,0,,,,0.38711667,0.0,0.0,0.0,51.33
10,9,4,0,,,,0.42783332,0.0,0.0,0.0,126.78
10,10,4,0,,,,0.39685,0.0,0.0,0.0,482.24
10,11,4,0,,,,0.41945,0.0,0.0,0.0,591.97
10,12,4,0,,,,0.39731666,0.0,0.0,0.0,653.12
10,13,4,0,,,,0.41138333,0.0,0.0,0.0,650.32
10,14,4,0,,,,0.40966666,0.0,0.0,0.0,597.65
10,15,4,0,,,,0.40575,0.0,0.0,0.0,483.27
10,16,4,0,,,,1.44655,0.0,0.0,0.0,313.17
10,17,4,0,,,,4.3354,0.0,0.0,0.0,70.85
10,18,4,0,,,,4.4758334,0.0,0.0,0.0,0.0
10,19,4,0,,,,2.2277834,0.0,0.0,0.0,0.0
10,20,4,0,,,,3.0650167,0.0,0.0,0.0,0.0
10,21,4,0,,,,1.9991666,0.0,0.0,0.0,0.0
10,22,4,0,,,,0.7334667,0.0,0.0,0.0,0.0
10,23,4,0,,,,2.4355,0.0,0.0,0.0,0.0
10,24,4,0,,,,1.6327584,0.0,0.0,0.0,0.0
10,1,5,0,,,,0.78681666,0.0,0.0,0.0,0.0
10,2,5,0,,,,0.70173335,0.0,0.0,0.0,0.0
10,3,5,0,,,,0.7639167,0.0,0.0,0.0,0.0
10,4,5,0,,,,1.0677,0.0,0.0,0.0,0.0
10,5,5,0,,,,1.3976667,0.0,0.0,0.0,0.0
10,6,5,0,,,,1.227,0.0,0.0,0.0,0.0
10,7,5,0,,,,0.5078,0.0,0.0,0.0,0.0
10,8,5,0,,,,0.37283334,0.0,0.0,0.0,6.32
10,9,5,0,,,,0.46013334,0.0,0.0,0.0,54.81
10,10,5,0,,,,0.3905,0.0,0.0,0.0,102.13
10,11,5,0,,,,0.46566668,0.0,0.0,0.0,124.42
10,12,5,0,,,,0.3964,0.0,0.0,0.0,108.67
10,13,5,0,,,,0.45321667,0.0,0.0,0.0,124.74
10,14,5,0,,,,1.3922833,0.0,0.0,0.0,193.63
10,15,5,0,,,,0.43903333,0.0,0.0,0.0,209.19
10,16,5,0,,,,0.42075,0.0,0.0,0.0,295.68
10,17,5,0,,,,0.6558,0.0,0.0,0.0,79.64
10,18,5,0,,,,4.1401834,0.0,0.0,0.0,0.0
10,19,5,0,,,,3.8994334,0.0,0.0,0.0,0.0
10,20,5,0,,,,3.53675,0.0,0.0,0.0,0.0
10,21,5,0,,,,3.5201666,0.0,0.0,0.0,0.0
10,22,5,0,,,,1.8815833,0.0,0.0,0.0,0.0
10,23,5,0,,,,2.1637332,0.0,0.0,0.0,0.0
10,24,5,0,,,,1.4253083,0.0,0.0,0.0,0.0
10,1,6,0,,,,1.0341,0.0,0.0,0.0,0.0
10,2,6,0,,,,1.04815,0.0,0.0,0.0,0.0
10,3,6,0,,,,0.86663336,0.0,0.0,0.0,0.0
10,4,6,0,,,,1.0784333,0.0,0.0,0.0,0.0
10,5,6,0,,,,0.8211833,0.0,0.0,0.0,0.0
10,6,6,0,,,,0.7263167,0.0,0.0,0.0,0.0
10,7,6,0,,,,0.74726665,0.0,0.0,0.0,0.0
10,8,6,0,,,,0.56518334,0.0,0.0,0.0,5.21
10,9,6,0,,,,0.53241664,0.0,0.0,0.0,87.74
10,10,6,0,,,,0.57418334,0.0,0.0,0.0,103.69
10,11,6,0,,,,0.52246666,0.0,0.0,0.0,310.13
10,12,6,0,,,,0.65631664,0.0,0.0,0.0,490.44
10,13,6,0,,,,0.85585,0.0,0.0,0.0,517.11
10,14,6,0,,,,1.1188333,0.0,0.0,0.0,540.17
10,15,6,0,,,,0.82198334,0.0,0.0,0.0,405.7
10,16,6,0,,,,0.78291667,0.0,0.0,0.0,230.77
10,17,6,0,,,,1.8428667,0.0,0.0,0.0,60.4
10,18,6,0,,,,2.5707,0.0,0.0,0.0,0.0
10,19,6,0,,,,2.7348332,0.0,0.0,0.0,0.0
10,20,6,0,,,,3.1977334,0.0,0.0,0.0,0.0
10,21,6,0,,,,1.41005,0.0,0.0,0.0,0.0
10,22,6,0,,,,0.61128336,0.0,0.0,0.0,0.0
10,23,6,0,,,,0.67758334,0.0,0.0,0.0,0.0
10,24,6,0,,,,1.5659167,0.0,0.0,0.0,0.0
10,1,7,0,,,,0.6683667,0.0,0.0,0.0,0.0
10,2,7,0,,,,0.7083167,0.0,0.0,0.0,0.0
10,3,7,0,,,,0.62986666,0.0,0.0,0.0,0.0
10,4,7,0,,,,0.69875,0.0,0.0,0.0,0.0
10,5,7,0,,,,0.6702333,0.0,0.0,0.0,0.0
10,6,7,0,,,,0.76788336,0.0,0.0,0.0,0.0
10,7,7,0,,,,1.9089667,0.0,0.0,0.0,0.0
10,8,7,0,,,,1.47635,0.0,0.0,0.0,0.0
10,9,7,0,,,,0.5006833,0.0,0.0,0.0,87.77
10,10,7,0,,,,0.5229667,0.0,0.0,0.0,174.81
10,11,7,0,,,,1.6074333,0.0,0.0,0.0,297.31
10,12,7,0,,,,0.5079833,0.0,0.0,0.0,267.16
10,13,7,0,,,,0.9874167,0.0,0.0,0.0,494.24
10,14,7,0,,,,1.1690667,0.0,0.0,0.0,440.26
10,15,7,0,,,,1.2419333,0.0,0.0,0.0,254.45
10,16,7,0,,,,3.0389333,0.0,0.0,0.0,210.98
10,17,7,0,,,,1.6525167,0.0,0.0,0.0,39.83
10,18,7,0,,,,1.6629333,0.0,0.0,0.0,0.0
10,19,7,0,,,,2.3940833,0.0,0.0,0.0,0.0
10,20,7,0,,,,2.0967166,0.0,0.0,0.0,0.0
10,21,7,0,,,,1.4596833,0.0,0.0,0.0,0.0
10,22,7,0,,,,0.762,0.0,0.0,0.0,0.0
10,23,7,0,,,,0.79135,0.0,0.0,0.0,0.0
10,24,7,0,,,,0.78545,0.0,0.0,0.0,0.0
10,1,1,0,,,,0.75761664,0.0,0.0,0.0,0.0
10,2,1,0,,,,0.78463334,0.0,0.0,0.0,0.0
10,3,1,0,,,,0.76981664,0.0,0.0,0.0,0.0
10,4,1,0,,,,0.80443335,0.0,0.0,0.0,0.0
10,5,1,0,,,,0.85941666,0.0,0.0,0.0,0.0
10,6,1,0,,,,1.0745833,0.0,0.0,0.0,0.0
10,7,1,0,,,,0.43708333,0.0,0.0,0.0,0.0
10,8,1,0,,,,0.45551667,0.0,0.0,0.0,4.61
10,9,1,0,,,,0.4282,0.0,0.0,0.0,52.73
10,10,1,0,,,,0.6494333,0.0,0.0,0.0,131.84
10,11,1,0,,,,0.5404,0.0,0.0,0.0,174.64
10,12,1,0,,,,0.7536167,0.0,0.0,0.0,136.33
10,13,1,0,,,,0.48443332,0.0,0.0,0.0,144.82
10,14,1,0,,,,0.45821667,0.0,0.0,0.0,227.13
10,15,1,0,,,,0.47161666,0.0,0.0,0.0,216.12
10,16,1,0,,,,1.0403167,0.0,0.0,0.0,74.71
10,17,1,0,,,,3.4983833,0.0,0.0,0.0,5.05
10,18,1,0,,,,1.5821167,0.0,0.0,0.0,0.0
10,19,1,0,,,,1.3252333,0.0,0.0,0.0,0.0
10,20,1,0,,,,0.7457,0.0,0.0,0.0,0.0
10,21,1,0,,,,0.6670667,0.0,0.0,0.0,0.0
10,22,1,0,,,,0.64521664,0.0,0.0,0.0,0.0
10,23,1,0,,,,0.65026665,0.0,0.0,0.0,0.0
10,24,1,0,,,,0.67304164,0.0,0.0,0.0,0.0
10,1,2,0,,,,0.6156667,0.0,0.0,0.0,0.0
10,2,2,0,,,,0.68656665,0.0,0.0,0.0,0.0
10,3,2,0,,,,0.63768333,0.0,0.0,0.0,0.0
10,4,2,0,,,,1.0875833,0.0,0.0,0.0,0.0
10,5,2,0,,,,1.5442667,0.0,0.0,0.0,0.0
10,6,2,0,,,,1.00545,0.0,0.0,0.0,0.0
10,7,2,0,,,,0.41683334,0.0,0.0,0.0,0.0
10,8,2,0,,,,0.4553,0.0,0.0,0.0,0.69
10,9,2,0,,,,0.40665,0.0,0.0,0.0,34.14
10,10,2,0,,,,0.46846667,0.0,0.0,0.0,63.18
10,11,2,0,,,,0.40036666,0.0,0.0,0.0,77.86
10,12,2,0,,,,0.47575,0.0,0.0,0.0,55.1
10,13,2,0,,,,0.40605,0.0,0.0,0.0,55.01
10,14,2,0,,,,0.4667,0.0,0.0,0.0,41.29
10,15,2,0,,,,0.42405,0.0,0.0,0.0,23.76
10,16,2,0,,,,0.6109,0.0,0.0,0.0,14.87
10,17,2,0,,,,0.7571,0.0,0.0,0.0,0.87
10,18,2,0,,,,2.17935,0.0,0.0,0.0,0.0
10,19,2,0,,,,4.2635,0.0,0.0,0.0,0.0
10,20,2,0,,,,2.8278832,0.0,0.0,0.0,0.0
10,21,2,0,,,,1.8770167,0.0,0.0,0.0,0.0
10,22,2,0,,,,0.61408335,0.0,0.0,0.0,0.0
10,23,2,0,,,,1.0525,0.0,0.0,0.0,0.0
10,24,2,0,,,,0.59723336,0.0,0.0,0.0,0.0
10,1,3,0,,,,0.6608833,0.0,0.0,0.0,0.0
10,2,3,0,,,,0.60325,0.0,0.0,0.0,0.0
10,3,3,0,,,,0.65713334,0.0,0.0,0.0,0.0
10,4,3,0,,,,1.0540167,0.0,0.0,0.0,0.0
10,5,3,0,,,,1.5343167,0.0,0.0,0.0,0.0
10,6,3,0,,,,1.8551333,0.0,0.0,0.0,0.0
10,7,3,0,,,,1.2547834,0.0,0.0,0.0,0.0
10,8,3,0,,,,0.62836665,0.0,0.0,0.0,0.33
10,9,3,0,,,,0.6724333,0.0,0.0,0.0,31.49
10,10,3,0,,,,0.6114,0.0,0.0,0.0,68.72
10,11,3,0,,,,0.67345,0.0,0.0,0.0,98.06
10,12,3,0,,,,0.5913875,0.0,0.0,0.0,48.44
10,13,3,0,,,,1.065,0.0,0.0,0.0,126.24
10,14,3,0,,,,0.7869167,0.0,0.0,0.0,188.5
10,15,3,0,,,,0.66246665,0.0,0.0,0.0,27.39
10,16,3,0,,,,0.5731,0.0,0.0,0.0,12.28
10,17,3,0,,,,0.63325,0.0,0.0,0.0,4.51
10,18,3,0,,,,0.70086664,0.0,0.0,0.0,0.0
10,19,3,0,,,,1.6815166,0.0,0.0,0.0,0.0
10,20,3,0,,,,1.1188333,0.0,0.0,0.0,0.0
10,21,3,0,,,,2.3013666,0.0,0.0,0.0,0.0
10,22,3,0,,,,3.1708333,0.0,0.0,0.0,0.0
10,23,3,0,,,,1.564,0.0,0.0,0.0,0.0
10,24,3,0,,,,1.7290584,0.0,0.0,0.0,0.0
10,1,4,0,,,,0.6200167,0.0,0.0,0.0,0.0
10,2,4,0,,,,0.69168335,0.0,0.0,0.0,0.0
10,3,4,0,,,,0.63175,0.0,0.0,0.0,0.0
10,4,4,0,,,,0.6885,0.0,0.0,0.0,0.0
10,5,4,0,,,,0.8283,0.0,0.0,0.0,0.0
10,6,4,0,,,,1.5501167,0.0,0.0,0.0,0.0
10,7,4,0,,,,0.7495833,0.0,0.0,0.0,0.0
10,8,4,0,,,,0.7532,0.0,0.0,0.0,1.56
10,9,4,0,,,,1.3474166,0.0,0.0,0.0,39.94
10,10,4,0,,,,1.2064167,0.0,0.0,0.0,90.43
10,11,4,0,,,,0.42365,0.0,0.0,0.0,125.52
10,12,4,0,,,,0.47756666,0.0,0.0,0.0,237.18
10,13,4,0,,,,0.66003335,0.0,0.0,0.0,564.47
10,14,4,0,,,,1.2965667,0.0,0.0,0.0,579.4
10,15,4,0,,,,0.5629333,0.0,0.0,0.0,479.66
10,16,4,0,,,,1.9927666,0.0,0.0,0.0,277.11
10,17,4,0,,,,4.5128665,0.0,0.0,0.0,8.25
10,18,4,0,,,,3.6772,0.0,0.0,0.0,0.0
10,19,4,0,,,,3.7783334,0.0,0.0,0.0,0.0
10,20,4,0,,,,3.4624,0.0,0.0,0.0,0.0
10,21,4,0,,,,2.6044166,0.0,0.0,0.0,0.0
10,22,4,0,,,,0.77645,0.0,0.0,0.0,0.0
10,23,4,0,,,,0.74553335,0.0,0.0,0.0,0.0
10,24,4,0,,,,0.76068336,0.0,0.0,0.0,0.0
10,1,5,0,,,,0.75196666,0.0,0.0,0.0,0.0
10,2,5,0,,,,0.7531667,0.0,0.0,0.0,0.0
10,3,5,0,,,,0.75011665,0.0,0.0,0.0,0.0
10,4,5,0,,,,0.76203334,0.0,0.0,0.0,0.0
10,5,5,0,,,,0.78995,0.0,0.0,0.0,0.0
10,6,5,0,,,,0.8483833,0.0,0.0,0.0,0.0
10,7,5,0,,,,0.69133335,0.0,0.0,0.0,0.0
10,8,5,0,,,,0.8839667,0.0,0.0,0.0,0.0
10,9,5,0,,,,1.1184,0.0,0.0,0.0,18.41
10,10,5,0,,,,1.51045,0.0,0.0,0.0,70.06
10,11,5,0,,,,1.0121,0.0,0.0,0.0,110.36
10,12,5,0,,,,0.8972167,0.0,0.0,0.0,39.34
10,13,5,0,,,,0.91228336,0.0,0.0,0.0,18.38
10,14,5,0,,,,0.6635,0.0,0.0,0.0,40.2
10,15,5,0,,,,0.6197,0.0,0.0,0.0,32.06
10,16,5,0,,,,0.62225,0.0,0.0,0.0,17.13
10,17,5,0,,,,0.6278,0.0,0.0,0.0,0.18
10,18,5,0,,,,0.75205,0.0,0.0,0.0,0.0
10,19,5,0,,,,1.4531833,0.0,0.0,0.0,0.0
10,20,5,0,,,,2.8959832,0.0,0.0,0.0,0.0
10,21,5,0,,,,2.9795833,0.0,0.0,0.0,0.0
10,22,5,0,,,,1.2432166,0.0,0.0,0.0,0.0
10,23,5,0,,,,0.68156666,0.0,0.0,0.0,0.0
10,24,5,0,,,,0.644,0.0,0.0,0.0,0.0
10,1,6,0,,,,0.69013333,0.0,0.0,0.0,0.0
10,2,6,0,,,,0.64891666,0.0,0.0,0.0,0.0
10,3,6,0,,,,0.68515,0.0,0.0,0.0,0.0
10,4,6,0,,,,0.65495,0.0,0.0,0.0,0.0
10,5,6,0,,,,0.69448334,0.0,0.0,0.0,0.0
10,6,6,0,,,,0.73835,0.0,0.0,0.0,0.0
10,7,6,0,,,,0.93261665,0.0,0.0,0.0,0.0
10,8,6,0,,,,0.92988336,0.0,0.0,0.0,20.2
10,9,6,0,,,,1.7286834,0.0,0.0,0.0,271.07
10,10,6,0,,,,3.2026668,0.0,0.0,0.0,449.5
10,11,6,0,,,,4.3413835,0.0,0.0,0.0,197.89
10,12,6,0,,,,2.41805,0.0,0.0,0.0,256.09
10,13,6,0,,,,1.09165,0.0,0.0,0.0,631.42
10,14,6,0,,,,0.9809,0.0,0.0,0.0,79.35
10,15,6,0,,,,1.7849667,0.0,0.0,0.0,179.73
10,16,6,0,,,,1.56435,0.0,0.0,0.0,170.74
10,17,6,0,,,,0.7575833,0.0,0.0,0.0,6.78
10,18,6,0,,,,0.8138,0.0,0.0,0.0,0.0
10,19,6,0,,,,0.80183333,0.0,0.0,0.0,0.0
10,20,6,0,,,,0.8071,0.0,0.0,0.0,0.0
10,21,6,0,,,,0.80871665,0.0,0.0,0.0,0.0
10,22,6,0,,,,0.8085333,0.0,0.0,0.0,0.0
10,23,6,0,,,,0.8072,0.0,0.0,0.0,0.0
10,24,6,0,,,,0.674,0.0,0.0,0.0,0.0
10,1,7,0,,,,0.61041665,0.0,0.0,0.0,0.0
10,2,7,0,,,,0.60616666,0.0,0.0,0.0,0.0
10,3,7,0,,,,0.6084167,0.0,0.0,0.0,0.0
10,4,7,0,,,,0.60478336,0.0,0.0,0.0,0.0
10,5,7,0,,,,0.83825,0.0,0.0,0.0,0.0
10,6,7,0,,,,0.69656664,0.0,0.0,0.0,0.0
10,7,7,0,,,,0.6095833,0.0,0.0,0.0,0.0
10,8,7,0,,,,1.2671,0.0,0.0,0.0,21.06
10,9,7,0,,,,3.86615,0.0,0.0,0.0,302.22
10,10,7,0,,,,2.67585,0.0,0.0,0.0,134.21
10,11,7,0,,,,1.0083,0.0,0.0,0.0,259.65
10,12,7,0,,,,1.7389333,0.0,0.0,0.0,74.77
10,13,7,0,,,,1.9938166,0.0,0.0,0.0,628.21
10,14,7,0,,,,1.0764,0.0,0.0,0.0,615.04
10,15,7,0,,,,1.1006833,0.0,0.0,0.0,478.08
10,16,7,0,,,,0.9798667,0.0,0.0,0.0,279.61
10,17,7,0,,,,1.2417,0.0,0.0,0.0,5.3
10,18,7,0,,,,1.7102166,0.0,0.0,0.0,0.0
10,19,7,0,,,,1.8523,0.0,0.0,0.0,0.0
10,20,7,0,,,,5.6360664,0.0,0.0,0.0,0.0
10,21,7,0,,,,1.1431,0.0,0.0,0.0,0.0
10,22,7,0,,,,1.20455,0.0,0.0,0.0,0.0
10,23,7,0,,,,0.80906665,0.0,0.0,0.0,0.0
10,24,7,0,,,,0.71965,0.0,0.0,0.0,0.0
10,1,1,0,,,,0.70853335,0.0,0.0,0.0,0.0
10,2,1,0,,,,0.7011833,0.0,0.0,0.0,0.0
10,3,1,0,,,,0.72705,0.0,0.0,0.0,0.0
10,4,1,0,,,,0.658,0.0,0.0,0.0,0.0
10,5,1,0,,,,0.6781167,0.0,0.0,0.0,0.0
10,6,1,0,,,,0.74798334,0.0,0.0,0.0,0.0
10,7,1,0,,,,0.6479333,0.0,0.0,0.0,0.0
10,8,1,0,,,,0.64568335,0.0,0.0,0.0,0.0
10,9,1,0,,,,0.80446666,0.0,0.0,0.0,78.81
10,10,1,0,,,,1.0401833,0.0,0.0,0.0,470.04
10,11,1,0,,,,1.05805,0.0,0.0,0.0,566.17
10,12,1,0,,,,0.7219,0.0,0.0,0.0,631.42
10,13,1,0,,,,0.41101667,0.0,0.0,0.0,57.98
10,14,1,0,,,,0.46566668,0.0,0.0,0.0,48.35
10,15,1,0,,,,0.40101665,0.0,0.0,0.0,29.67
10,16,1,0,,,,0.47321665,0.0,0.0,0.0,89.8
10,17,1,0,,,,0.38916665,0.0,0.0,0.0,0.23
10,18,1,0,,,,0.4662,0.0,0.0,0.0,0.0
10,19,1,0,,,,0.38861668,0.0,0.0,0.0,0.0
10,20,1,0,,,,0.46085,0.0,0.0,0.0,0.0
10,21,1,0,,,,0.73551667,0.0,0.0,0.0,0.0
10,22,1,0,,,,0.51315,0.0,0.0,0.0,0.0
10,23,1,0,,,,0.4605,0.0,0.0,0.0,0.0
10,24,1,0,,,,0.49095833,0.0,0.0,0.0,0.0
11,1,2,0,,,,0.46681666,0.0,0.0,0.0,0.0
11,2,2,0,,,,0.46343333,0.0,0.0,0.0,0.0
11,3,2,0,,,,0.4854,0.0,0.0,0.0,0.0
11,4,2,0,,,,0.46566668,0.0,0.0,0.0,0.0
11,5,2,0,,,,0.5963167,0.0,0.0,0.0,0.0
11,6,2,0,,,,0.64928335,0.0,0.0,0.0,0.0
11,7,2,0,,,,0.6153167,0.0,0.0,0.0,0.0
11,8,2,0,,,,0.71636665,0.0,0.0,0.0,10.91
11,9,2,0,,,,0.45471665,0.0,0.0,0.0,273.17
11,10,2,0,,,,0.4024,0.0,0.0,0.0,481.86
11,11,2,0,,,,0.4359,0.0,0.0,0.0,592.95
11,12,2,0,,,,0.43165,0.0,0.0,0.0,202.49
11,13,2,0,,,,0.41051668,0.0,0.0,0.0,270.32
11,14,2,0,,,,0.4102,0.0,0.0,0.0,191.32
11,15,2,0,,,,1.3030833,0.0,0.0,0.0,395.21
11,16,2,0,,,,2.3663666,0.0,0.0,0.0,192.22
11,17,2,0,,,,1.0019833,0.0,0.0,0.0,1.82
11,18,2,0,,,,1.3664167,0.0,0.0,0.0,0.0
11,19,2,0,,,,1.6878834,0.0,0.0,0.0,0.0
11,20,2,0,,,,1.011025,0.0,0.0,0.0,0.0
11,21,2,0,,,,0.67025,0.0,0.0,0.0,0.0
11,22,2,0,,,,0.6494,0.0,0.0,0.0,0.0
11,23,2,0,,,,0.6408167,0.0,0.0,0.0,0.0
11,24,2,0,,,,0.64598334,0.0,0.0,0.0,0.0
11,1,3,0,,,,0.6016667,0.0,0.0,0.0,0.0
11,2,3,0,,,,0.6627167,0.0,0.0,0.0,0.0
11,3,3,0,,,,0.5919167,0.0,0.0,0.0,0.0
11,4,3,0,,,,0.6646,0.0,0.0,0.0,0.0
11,5,3,0,,,,0.7978,0.0,0.0,0.0,0.0
11,6,3,0,,,,1.3804333,0.0,0.0,0.0,0.0
11,7,3,0,,,,0.90071666,0.0,0.0,0.0,0.0
11,8,3,0,,,,0.4168,0.0,0.0,0.0,0.0
11,9,3,0,,,,0.44611666,0.0,0.0,0.0,88.85
11,10,3,0,,,,0.396,0.0,0.0,0.0,286.82
11,11,3,0,,,,0.42325,0.0,0.0,0.0,463.1
11,12,3,0,,,,0.41973335,0.0,0.0,0.0,431.49
11,13,3,0,,,,0.38361666,0.0,0.0,0.0,419.72
11,14,3,0,,,,0.44271666,0.0,0.0,0.0,503.96
11,15,3,0,,,,0.5902333,0.0,0.0,0.0,343.88
11,16,3,0,,,,0.74611664,0.0,0.0,0.0,97.3
11,17,3,0,,,,0.93385,0.0,0.0,0.0,0.0
11,18,3,0,,,,4.055333,0.0,0.0,0.0,0.0
11,19,3,0,,,,2.2408834,0.0,0.0,0.0,0.0
11,20,3,0,,,,1.1413333,0.0,0.0,0.0,0.0
11,21,3,0,,,,1.0338167,0.0,0.0,0.0,0.0
11,22,3,0,,,,0.65321666,0.0,0.0,0.0,0.0
11,23,3,0,,,,0.6113667,0.0,0.0,0.0,0.0
11,24,3,0,,,,0.62261665,0.0,0.0,0.0,0.0
11,1,4,0,,,,0.6583667,0.0,0.0,0.0,0.0
11,2,4,0,,,,0.58855,0.0,0.0,0.0,0.0
11,3,4,0,,,,0.6418333,0.0,0.0,0.0,0.0
11,4,4,0,,,,0.66745,0.0,0.0,0.0,0.0
11,5,4,0,,,,0.73861665,0.0,0.0,0.0,0.0
11,6,4,0,,,,1.0342667,0.0,0.0,0.0,0.0
11,7,4,0,,,,0.7873167,0.0,0.0,0.0,0.0
11,8,4,0,,,,0.8534667,0.0,0.0,0.0,0.0
11,9,4,0,,,,0.6849833,0.0,0.0,0.0,11.99
11,10,4,0,,,,0.6156333,0.0,0.0,0.0,52.69
11,11,4,0,,,,0.6576333,0.0,0.0,0.0,40.99
11,12,4,0,,,,0.6314167,0.0,0.0,0.0,40.13
11,13,4,0,,,,0.6265333,0.0,0.0,0.0,59.53
11,14,4,0,,,,0.65096664,0.0,0.0,0.0,40.67
11,15,4,0,,,,1.2288667,0.0,0.0,0.0,15.81
11,16,4,0,,,,1.1204667,0.0,0.0,0.0,64.26
11,17,4,0,,,,1.0620167,0.0,0.0,0.0,0.0
11,18,4,0,,,,1.0218333,0.0,0.0,0.0,0.0
11,19,4,0,,,,2.5342166,0.0,0.0,0.0,0.0
11,20,4,0,,,,2.0780833,0.0,0.0,0.0,0.0
11,21,4,0,,,,3.2963166,0.0,0.0,0.0,0.0
11,22,4,0,,,,1.6886333,0.0,0.0,0.0,0.0
11,23,4,0,,,,0.59075,0.0,0.0,0.0,0.0
11,24,4,0,,,,0.6566,0.0,0.0,0.0,0.0
11,1,5,0,,,,0.58281666,0.0,0.0,0.0,0.0
11,2,5,0,,,,0.869,0.0,0.0,0.0,0.0
11,3,5,0,,,,1.6108,0.0,0.0,0.0,0.0
11,4,5,0,,,,0.6024333,0.0,0.0,0.0,0.0
11,5,5,0,,,,1.352,0.0,0.0,0.0,0.0
11,6,5,0,,,,1.3664,0.0,0.0,0.0,0.0
11,7,5,0,,,,0.6785833,0.0,0.0,0.0,0.0
11,8,5,0,,,,0.7083,0.0,0.0,0.0,0.0
11,9,5,0,,,,0.66726667,0.0,0.0,0.0,60.92
11,10,5,0,,,,0.72505,0.0,0.0,0.0,15.03
11,11,5,0,,,,0.67365,0.0,0.0,0.0,70.98
11,12,5,0,,,,0.6857167,0.0,0.0,0.0,68.2
11,13,5,0,,,,0.66178334,0.0,0.0,0.0,87.32
11,14,5,0,,,,0.6378667,0.0,0.0,0.0,66.1
11,15,5,0,,,,0.50305,0.0,0.0,0.0,142.97
11,16,5,0,,,,2.8585167,0.0,0.0,0.0,78.83
11,17,5,0,,,,0.8900333,0.0,0.0,0.0,0.0
11,18,5,0,,,,1.2124833,0.0,0.0,0.0,0.0
11,19,5,0,,,,0.82271665,0.0,0.0,0.0,0.0
11,20,5,0,,,,3.1840334,0.0,0.0,0.0,0.0
11,21,5,0,,,,3.131,0.0,0.0,0.0,0.0
11,22,5,0,,,,0.7108833,0.0,0.0,0.0,0.0
11,23,5,0,,,,0.63415,0.0,0.0,0.0,0.0
11,24,5,0,,,,0.64566666,0.0,0.0,0.0,0.0
11,1,6,0,,,,0.633,0.0,0.0,0.0,0.0
11,2,6,0,,,,0.6637167,0.0,0.0,0.0,0.0
11,3,6,0,,,,0.60045,0.0,0.0,0.0,0.0
11,4,6,0,,,,0.64738333,0.0,0.0,0.0,0.0
11,5,6,0,,,,0.7184,0.0,0.0,0.0,0.0
11,6,6,0,,,,1.2919333,0.0,0.0,0.0,0.0
11,7,6,0,,,,1.7668,0.0,0.0,0.0,0.0
11,8,6,0,,,,0.79398334,0.0,0.0,0.0,0.0
11,9,6,0,,,,0.72608334,0.0,0.0,0.0,92.5
11,10,6,0,,,,1.1489,0.0,0.0,0.0,430.35
11,11,6,0,,,,1.65885,0.0,0.0,0.0,535.39
11,12,6,0,,,,0.85041666,0.0,0.0,0.0,538.59
11,13,6,0,,,,1.1608334,0.0,0.0,0.0,620.93
11,14,6,0,,,,1.0597334,0.0,0.0,0.0,557.96
11,15,6,0,,,,0.83493334,0.0,0.0,0.0,424.6
11,16,6,0,,,,1.3941833,0.0,0.0,0.0,222.81
11,17,6,0,,,,0.7201333,0.0,0.0,0.0,0.0
11,18,6,0,,,,1.1615334,0.0,0.0,0.0,0.0
11,19,6,0,,,,2.72615,0.0,0.0,0.0,0.0
11,20,6,0,,,,1.9256333,0.0,0.0,0.0,0.0
11,21,6,0,,,,1.4159,0.0,0.0,0.0,0.0
11,22,6,0,,,,0.87221664,0.0,0.0,0.0,0.0
11,23,6,0,,,,0.86513335,0.0,0.0,0.0,0.0
11,24,6,0,,,,2.8144417,0.0,0.0,0.0,0.0
11,1,7,0,,,,0.71023333,0.0,0.0,0.0,0.0
11,2,7,0,,,,0.68161666,0.0,0.0,0.0,0.0
11,3,7,0,,,,0.73285,0.0,0.0,0.0,0.0
11,4,7,0,,,,0.6891,0.0,0.0,0.0,0.0
11,5,7,0,,,,0.68185,0.0,0.0,0.0,0.0
11,6,7,0,,,,0.6984,0.0,0.0,0.0,0.0
11,7,7,0,,,,1.1398166,0.0,0.0,0.0,0.0
11,8,7,0,,,,1.6459,0.0,0.0,0.0,0.0
11,9,7,0,,,,2.219,0.0,0.0,0.0,68.12
11,10,7,0,,,,1.3256333,0.0,0.0,0.0,191.29
11,11,7,0,,,,2.3045,0.0,0.0,0.0,333.95
11,12,7,0,,,,4.2821665,0.0,0.0,0.0,187.93
11,13,7,0,,,,5.87075,0.0,0.0,0.0,426.45
11,14,7,0,,,,2.5726166,0.0,0.0,0.0,172.47
11,15,7,0,,,,2.0052333,0.0,0.0,0.0,75.09
11,16,7,0,,,,1.6995333,0.0,0.0,0.0,177.33
11,17,7,0,,,,1.3854333,0.0,0.0,0.0,0.0
11,18,7,0,,,,1.1333833,0.0,0.0,0.0,0.0
11,19,7,0,,,,0.8035333,0.0,0.0,0.0,0.0
11,20,7,0,,,,2.6463,0.0,0.0,0.0,0.0
11,21,7,0,,,,1.2848166,0.0,0.0,0.0,0.0
11,22,7,0,,,,0.67191666,0.0,0.0,0.0,0.0
11,23,7,0,,,,1.2989334,0.0,0.0,0.0,0.0
11,24,7,0,,,,0.63765836,0.0,0.0,0.0,0.0
11,1,1,0,,,,0.6643,0.0,0.0,0.0,0.0
11,2,1,0,,,,0.6346833,0.0,0.0,0.0,0.0
11,3,1,0,,,,0.6512,0.0,0.0,0.0,0.0
11,4,1,0,,,,0.69663334,0.0,0.0,0.0,0.0
11,5,1,0,,,,0.86216664,0.0,0.0,0.0,0.0
11,6,1,0,,,,1.0777833,0.0,0.0,0.0,0.0
11,7,1,0,,,,0.54793334,0.0,0.0,0.0,0.0
11,8,1,0,,,,0.6694,0.0,0.0,0.0,0.0
11,9,1,0,,,,1.0066333,0.0,0.0,0.0,3.62
11,10,1,0,,,,0.66221666,0.0,0.0,0.0,18.85
11,11,1,0,,,,0.57161665,0.0,0.0,0.0,54.79
11,12,1,0,,,,0.5722333,0.0,0.0,0.0,56.95
11,13,1,0,,,,0.58063334,0.0,0.0,0.0,99.47
11,14,1,0,,,,0.51986665,0.0,0.0,0.0,84.35
11,15,1,0,,,,0.5643,0.0,0.0,0.0,38.31
11,16,1,0,,,,0.508,0.0,0.0,0.0,6.89
11,17,1,0,,,,0.9041333,0.0,0.0,0.0,0.0
11,18,1,0,,,,1.1530666,0.0,0.0,0.0,0.0
11,19,1,0,,,,4.4168835,0.0,0.0,0.0,0.0
11,20,1,0,,,,1.2913667,0.0,0.0,0.0,0.0
11,21,1,0,,,,2.7226167,0.0,0.0,0.0,0.0
11,22,1,0,,,,0.6039,0.0,0.0,0.0,0.0
11,23,1,0,,,,0.6339333,0.0,0.0,0.0,0.0
11,24,1,0,,,,0.5956333,0.0,0.0,0.0,0.0
11,1,2,0,,,,0.6177833,0.0,0.0,0.0,0.0
11,2,2,0,,,,2.07555,0.0,0.0,0.0,0.0
11,3,2,0,,,,0.7486167,0.0,0.0,0.0,0.0
11,4,2,0,,,,0.68465,0.0,0.0,0.0,0.0
11,5,2,0,,,,0.8095667,0.0,0.0,0.0,0.0
11,6,2,0,,,,0.9101833,0.0,0.0,0.0,0.0
11,7,2,0,,,,0.46355,0.0,0.0,0.0,0.0
11,8,2,0,,,,0.39811668,0.0,0.0,0.0,0.0
11,9,2,0,,,,0.396,0.0,0.0,0.0,79.91
11,10,2,0,,,,0.40916666,0.0,0.0,0.0,52.54
11,11,2,0,,,,0.38418335,0.0,0.0,0.0,185.68
11,12,2,0,,,,0.41308334,0.0,0.0,0.0,87.27
11,13,2,0,,,,0.39128333,0.0,0.0,0.0,50.99
11,14,2,0,,,,0.41408333,0.0,0.0,0.0,34.17
11,15,2,0,,,,0.39861667,0.0,0.0,0.0,49.98
11,16,2,0,,,,2.3101,0.0,0.0,0.0,2.96
11,17,2,0,,,,5.76145,0.0,0.0,0.0,0.0
11,18,2,0,,,,4.44255,0.0,0.0,0.0,0.0
11,19,2,0,,,,3.73915,0.0,0.0,0.0,0.0
11,20,2,0,,,,2.7683,0.0,0.0,0.0,0.0
11,21,2,0,,,,2.5826166,0.0,0.0,0.0,0.0
11,22,2,0,,,,2.1025167,0.0,0.0,0.0,0.0
11,23,2,0,,,,1.54,0.0,0.0,0.0,0.0
11,24,2,0,,,,0.61163336,0.0,0.0,0.0,0.0
11,1,3,0,,,,0.6511,0.0,0.0,0.0,0.0
11,2,3,0,,,,0.61475,0.0,0.0,0.0,0.0
11,3,3,0,,,,0.61558336,0.0,0.0,0.0,0.0
11,4,3,0,,,,0.73355,0.0,0.0,0.0,0.0
11,5,3,0,,,,1.7518166,0.0,0.0,0.0,0.0
11,6,3,0,,,,0.91723335,0.0,0.0,0.0,0.0
11,7,3,0,,,,0.49675,0.0,0.0,0.0,0.0
11,8,3,0,,,,0.51155,0.0,0.0,0.0,0.0
11,9,3,0,,,,0.486,0.0,0.0,0.0,1.54
11,10,3,0,,,,0.52425,0.0,0.0,0.0,11.13
11,11,3,0,,,,0.48505,0.0,0.0,0.0,98.26
11,12,3,0,,,,0.50345,0.0,0.0,0.0,66.94
11,13,3,0,,,,0.5226167,0.0,0.0,0.0,49.67
11,14,3,0,,,,0.56871665,0.0,0.0,0.0,28.71
11,15,3,0,,,,0.7766167,0.0,0.0,0.0,54.08
11,16,3,0,,,,2.9021833,0.0,0.0,0.0,61.02
11,17,3,0,,,,1.9887667,0.0,0.0,0.0,0.0
11,18,3,0,,,,2.4815834,0.0,0.0,0.0,0.0
11,19,3,0,,,,3.9891834,0.0,0.0,0.0,0.0
11,20,3,0,,,,2.51845,0.0,0.0,0.0,0.0
11,21,3,0,,,,1.5522,0.0,0.0,0.0,0.0
11,22,3,0,,,,0.68285,0.0,0.0,0.0,0.0
11,23,3,0,,,,0.66245,0.0,0.0,0.0,0.0
11,24,3,0,,,,3.1062,0.0,0.0,0.0,0.0
11,1,4,0,,,,1.36685,0.0,0.0,0.0,0.0
11,2,4,0,,,,1.1667,0.0,0.0,0.0,0.0
11,3,4,0,,,,1.22215,0.0,0.0,0.0,0.0
11,4,4,0,,,,0.62333333,0.0,0.0,0.0,0.0
11,5,4,0,,,,0.80578333,0.0,0.0,0.0,0.0
11,6,4,0,,,,1.2397833,0.0,0.0,0.0,0.0
11,7,4,0,,,,0.69593334,0.0,0.0,0.0,0.0
11,8,4,0,,,,0.99905,0.0,0.0,0.0,0.0
11,9,4,0,,,,0.43743333,0.0,0.0,0.0,2.48
11,10,4,0,,,,0.3661,0.0,0.0,0.0,28.53
11,11,4,0,,,,0.79385,0.0,0.0,0.0,46.5
11,12,4,0,,,,0.5481833,0.0,0.0,0.0,30.56
11,13,4,0,,,,0.4309,0.0,0.0,0.0,25.4
11,14,4,0,,,,0.38413334,0.0,0.0,0.0,37.77
11,15,4,0,,,,0.44788334,0.0,0.0,0.0,93.35
11,16,4,0,,,,0.38896668,0.0,0.0,0.0,30.6
11,17,4,0,,,,0.44823334,0.0,0.0,0.0,0.0
11,18,4,0,,,,1.0246167,0.0,0.0,0.0,0.0
11,19,4,0,,,,3.4042,0.0,0.0,0.0,0.0
11,20,4,0,,,,1.7300833,0.0,0.0,0.0,0.0
11,21,4,0,,,,1.4130167,0.0,0.0,0.0,0.0
11,22,4,0,,,,0.57205,0.0,0.0,0.0,0.0
11,23,4,0,,,,0.56343335,0.0,0.0,0.0,0.0
11,24,4,0,,,,0.57135,0.0,0.0,0.0,0.0
11,1,5,0,,,,0.5549167,0.0,0.0,0.0,0.0
11,2,5,0,,,,0.56587917,0.0,0.0,0.0,0.0
11,3,5,0,,,,0.8322,0.0,0.0,0.0,0.0
11,4,5,0,,,,1.0937667,0.0,0.0,0.0,0.0
11,5,5,0,,,,1.22775,0.0,0.0,0.0,0.0
11,6,5,0,,,,1.3799,0.0,0.0,0.0,0.0
11,7,5,0,,,,0.64141667,0.0,0.0,0.0,0.0
11,8,5,0,,,,0.43596667,0.0,0.0,0.0,0.0
11,9,5,0,,,,0.37411666,0.0,0.0,0.0,24.51
11,10,5,0,,,,0.44801667,0.0,0.0,0.0,15.88
11,11,5,0,,,,0.36765,0.0,0.0,0.0,15.86
11,12,5,0,,,,0.453475,0.0,0.0,0.0,41.23
11,13,5,0,,,,0.367,0.0,0.0,0.0,13.74
11,14,5,0,,,,0.44315,0.0,0.0,0.0,110.97
11,15,5,0,,,,1.5143,0.0,0.0,0.0,119.86
11,16,5,0,,,,3.74995,0.0,0.0,0.0,155.34
11,17,5,0,,,,3.7756166,0.0,0.0,0.0,0.0
11,18,5,0,,,,1.53445,0.0,0.0,0.0,0.0
11,19,5,0,,,,1.9594375,0.0,0.0,0.0,0.0
11,20,5,0,,,,0.7751,0.0,0.0,0.0,0.0
11,21,5,0,,,,0.81203336,0.0,0.0,0.0,0.0
11,22,5,0,,,,0.8208,0.0,0.0,0.0,0.0
11,23,5,0,,,,0.8289,0.0,0.0,0.0,0.0
11,24,5,0,,,,0.80773336,0.0,0.0,0.0,0.0
11,1,6,0,,,,0.7722333,0.0,0.0,0.0,0.0
11,2,6,0,,,,0.72181666,0.0,0.0,0.0,0.0
11,3,6,0,,,,0.755,0.0,0.0,0.0,0.0
11,4,6,0,,,,0.73653334,0.0,0.0,0.0,0.0
11,5,6,0,,,,0.924,0.0,0.0,0.0,0.0
11,6,6,0,,,,0.84005,0.0,0.0,0.0,0.0
11,7,6,0,,,,1.1300334,0.0,0.0,0.0,0.0
11,8,6,0,,,,2.18235,0.0,0.0,0.0,0.0
11,9,6,0,,,,2.9427166,0.0,0.0,0.0,111.97
11,10,6,0,,,,2.0042167,0.0,0.0,0.0,278.12
11,11,6,0,,,,1.2685833,0.0,0.0,0.0,392.32
11,12,6,0,,,,0.50035,0.0,0.0,0.0,557.0
11,13,6,0,,,,0.5144333,0.0,0.0,0.0,404.09
11,14,6,0,,,,0.5018,0.0,0.0,0.0,338.47
11,15,6,0,,,,1.2434334,0.0,0.0,0.0,295.0
11,16,6,0,,,,5.784867,0.0,0.0,0.0,101.39
11,17,6,0,,,,2.5045,0.0,0.0,0.0,0.0
11,18,6,0,,,,1.9962833,0.0,0.0,0.0,0.0
11,19,6,0,,,,2.4661334,0.0,0.0,0.0,0.0
11,20,6,0,,,,2.4937832,0.0,0.0,0.0,0.0
11,21,6,0,,,,1.8028166,0.0,0.0,0.0,0.0
11,22,6,0,,,,0.74598336,0.0,0.0,0.0,0.0
11,23,6,0,,,,0.78218335,0.0,0.0,0.0,0.0
11,24,6,0,,,,0.78120553,0.0,0.0,0.0,0.0
11,1,7,0,,,,0.77435,0.0,0.0,0.0,0.0
11,2,7,0,,,,0.76816666,0.0,0.0,0.0,0.0
11,3,7,0,,,,0.8084667,0.0,0.0,0.0,0.0
11,4,7,0,,,,0.74455,0.0,0.0,0.0,0.0
11,5,7,0,,,,0.6910333,0.0,0.0,0.0,0.0
11,6,7,0,,,,1.49265,0.0,0.0,0.0,0.0
11,7,7,0,,,,0.92861664,0.0,0.0,0.0,0.0
11,8,7,0,,,,1.1754833,0.0,0.0,0.0,0.0
11,9,7,0,,,,0.8933,0.0,0.0,0.0,5.73
11,10,7,0,,,,0.77695,0.0,0.0,0.0,41.52
11,11,7,0,,,,1.481,0.0,0.0,0.0,74.45
11,12,7,0,,,,1.6560333,0.0,0.0,0.0,84.52
11,13,7,0,,,,2.0519834,0.0,0.0,0.0,124.12
11,14,7,0,,,,1.3245,0.0,0.0,0.0,138.95
11,15,7,0,,,,1.2381333,0.0,0.0,0.0,51.06
11,16,7,0,,,,1.1360166,0.0,0.0,0.0,12.36
11,17,7,0,,,,1.1921834,0.0,0.0,0.0,0.0
11,18,7,0,,,,1.2914833,0.0,0.0,0.0,0.0
11,19,7,0,,,,6.2816668,0.0,0.0,0.0,0.0
11,20,7,0,,,,3.2919166,0.0,0.0,0.0,0.0
11,21,7,0,,,,2.3493166,0.0,0.0,0.0,0.0
11,22,7,0,,,,0.6635,0.0,0.0,0.0,0.0
11,23,7,0,,,,1.8396333,0.0,0.0,0.0,0.0
11,24,7,0,,,,0.6565167,0.0,0.0,0.0,0.0
11,1,1,0,,,,0.6411333,0.0,0.0,0.0,0.0
11,2,1,0,,,,0.62785,0.0,0.0,0.0,0.0
11,3,1,0,,,,0.6271167,0.0,0.0,0.0,0.0
11,4,1,0,,,,0.69965,0.0,0.0,0.0,0.0
11,5,1,0,,,,1.1517333,0.0,0.0,0.0,0.0
11,6,1,0,,,,1.4050833,0.0,0.0,0.0,0.0
11,7,1,0,,,,0.6133,0.0,0.0,0.0,0.0
11,8,1,0,,,,0.5822167,0.0,0.0,0.0,0.0
11,9,1,0,,,,0.53398335,0.0,0.0,0.0,15.5
11,10,1,0,,,,0.56773335,0.0,0.0,0.0,52.61
11,11,1,0,,,,0.55983335,0.0,0.0,0.0,72.09
11,12,1,0,,,,0.5709,0.0,0.0,0.0,70.15
11,13,1,0,,,,0.5377167,0.0,0.0,0.0,61.2
11,14,1,0,,,,0.5457,0.0,0.0,0.0,99.63
11,15,1,0,,,,0.5301167,0.0,0.0,0.0,57.03
11,16,1,0,,,,1.1955333,0.0,0.0,0.0,156.48
11,17,1,0,,,,6.3497,0.0,0.0,0.0,0.0
11,18,1,0,,,,3.7670834,0.0,0.0,0.0,0.0
11,19,1,0,,,,2.6659667,0.0,0.0,0.0,0.0
11,20,1,0,,,,2.49135,0.0,0.0,0.0,0.0
11,21,1,0,,,,2.0335,0.0,0.0,0.0,0.0
11,22,1,0,,,,1.5055667,0.0,0.0,0.0,0.0
11,23,1,0,,,,1.0973834,0.0,0.0,0.0,0.0
11,24,1,0,,,,0.8151,0.0,0.0,0.0,0.0
11,1,2,0,,,,0.7938833,0.0,0.0,0.0,0.0
11,2,2,0,,,,0.78356665,0.0,0.0,0.0,0.0
11,3,2,0,,,,0.7944,0.0,0.0,0.0,0.0
11,4,2,0,,,,0.8509333,0.0,0.0,0.0,0.0
11,5,2,0,,,,0.8890333,0.0,0.0,0.0,0.0
11,6,2,0,,,,0.9472833,0.0,0.0,0.0,0.0
11,7,2,0,,,,0.54083335,0.0,0.0,0.0,0.0
11,8,2,0,,,,0.58521664,0.0,0.0,0.0,0.0
11,9,2,0,,,,0.5453333,0.0,0.0,0.0,19.83
11,10,2,0,,,,0.5771,0.0,0.0,0.0,56.87
11,11,2,0,,,,0.56198335,0.0,0.0,0.0,42.24
11,12,2,0,,,,0.5606833,0.0,0.0,0.0,62.51
11,13,2,0,,,,0.5759,0.0,0.0,0.0,38.73
11,14,2,0,,,,0.5168333,0.0,0.0,0.0,33.29
11,15,2,0,,,,0.5301,0.0,0.0,0.0,9.37
11,16,2,0,,,,1.0768167,0.0,0.0,0.0,0.71
11,17,2,0,,,,1.3268167,0.0,0.0,0.0,0.0
11,18,2,0,,,,1.9327834,0.0,0.0,0.0,0.0
11,19,2,0,,,,2.126,0.0,0.0,0.0,0.0
11,20,2,0,,,,3.6516833,0.0,0.0,0.0,0.0
11,21,2,0,,,,2.7228668,0.0,0.0,0.0,0.0
11,22,2,0,,,,2.2535334,0.0,0.0,0.0,0.0
11,23,2,0,,,,0.76638335,0.0,0.0,0.0,0.0
11,24,2,0,,,,0.78826666,0.0,0.0,0.0,0.0
11,1,3,0,,,,0.75116664,0.0,0.0,0.0,0.0
11,2,3,0,,,,1.0638833,0.0,0.0,0.0,0.0
11,3,3,0,,,,0.81668335,0.0,0.0,0.0,0.0
11,4,3,0,,,,0.87081665,0.0,0.0,0.0,0.0
11,5,3,0,,,,1.46525,0.0,0.0,0.0,0.0
11,6,3,0,,,,1.1074,0.0,0.0,0.0,0.0
11,7,3,0,,,,0.60656667,0.0,0.0,0.0,0.0
11,8,3,0,,,,0.54156667,0.0,0.0,0.0,0.0
11,9,3,0,,,,0.59076667,0.0,0.0,0.0,8.2
11,10,3,0,,,,0.5377833,0.0,0.0,0.0,23.8
11,11,3,0,,,,0.54976666,0.0,0.0,0.0,51.8
11,12,3,0,,,,0.5674,0.0,0.0,0.0,31.72
11,13,3,0,,,,0.5427667,0.0,0.0,0.0,25.75
11,14,3,0,,,,0.58195,0.0,0.0,0.0,42.83
11,15,3,0,,,,0.52351665,0.0,0.0,0.0,13.12
11,16,3,0,,,,0.7237667,0.0,0.0,0.0,0.7
11,17,3,0,,,,1.5131834,0.0,0.0,0.0,0.0
11,18,3,0,,,,1.7991834,0.0,0.0,0.0,0.0
11,19,3,0,,,,1.7914,0.0,0.0,0.0,0.0
11,20,3,0,,,,1.4201334,0.0,0.0,0.0,0.0
11,21,3,0,,,,0.80981666,0.0,0.0,0.0,0.0
11,22,3,0,,,,0.6667167,0.0,0.0,0.0,0.0
11,23,3,0,,,,0.69838333,0.0,0.0,0.0,0.0
11,24,3,0,,,,0.6682,0.0,0.0,0.0,0.0
11,1,4,0,,,,1.3622667,0.0,0.0,0.0,0.0
11,2,4,0,,,,0.67205,0.0,0.0,0.0,0.0
11,3,4,0,,,,0.6081167,0.0,0.0,0.0,0.0
11,4,4,0,,,,0.6828167,0.0,0.0,0.0,0.0
11,5,4,0,,,,0.63051665,0.0,0.0,0.0,0.0
11,6,4,0,,,,0.7263,0.0,0.0,0.0,0.0
11,7,4,0,,,,0.78925,0.0,0.0,0.0,0.0
11,8,4,0,,,,0.4798,0.0,0.0,0.0,0.0
11,9,4,0,,,,1.9483167,0.0,0.0,0.0,59.5
11,10,4,0,,,,0.92941666,0.0,0.0,0.0,48.1
11,11,4,0,,,,0.5912667,0.0,0.0,0.0,50.56
11,12,4,0,,,,0.5086833,0.0,0.0,0.0,93.49
11,13,4,0,,,,0.69725,0.0,0.0,0.0,29.97
11,14,4,0,,,,0.41898334,0.0,0.0,0.0,50.39
11,15,4,0,,,,0.53358334,0.0,0.0,0.0,91.94
11,16,4,0,,,,1.0706167,0.0,0.0,0.0,22.08
11,17,4,0,,,,1.4356667,0.0,0.0,0.0,0.0
11,18,4,0,,,,3.9736166,0.0,0.0,0.0,0.0
11,19,4,0,,,,1.56915,0.0,0.0,0.0,0.0
11,20,4,0,,,,1.0002167,0.0,0.0,0.0,0.0
11,21,4,0,,,,0.70185,0.0,0.0,0.0,0.0
11,22,4,0,,,,1.4839833,0.0,0.0,0.0,0.0
11,23,4,0,,,,0.65775,0.0,0.0,0.0,0.0
11,24,4,0,,,,0.67321664,0.0,0.0,0.0,0.0
11,1,5,0,,,,0.6487167,0.0,0.0,0.0,0.0
11,2,5,0,,,,0.65431666,0.0,0.0,0.0,0.0
11,3,5,0,,,,0.65155,0.0,0.0,0.0,0.0
11,4,5,0,,,,0.6738833,0.0,0.0,0.0,0.0
11,5,5,0,,,,0.9640167,0.0,0.0,0.0,0.0
11,6,5,0,,,,0.71405,0.0,0.0,0.0,0.0
11,7,5,0,,,,0.3895,0.0,0.0,0.0,0.0
11,8,5,0,,,,0.40123335,0.0,0.0,0.0,0.0
11,9,5,0,,,,0.43526667,0.0,0.0,0.0,7.15
11,10,5,0,,,,0.38913333,0.0,0.0,0.0,33.48
11,11,5,0,,,,0.39088333,0.0,0.0,0.0,38.09
11,12,5,0,,,,0.41353333,0.0,0.0,0.0,25.81
11,13,5,0,,,,0.38711667,0.0,0.0,0.0,22.08
11,14,5,0,,,,0.4114,0.0,0.0,0.0,16.34
11,15,5,0,,,,0.41848335,0.0,0.0,0.0,7.71
11,16,5,0,,,,0.9376,0.0,0.0,0.0,1.63
11,17,5,0,,,,1.3555,0.0,0.0,0.0,0.0
11,18,5,0,,,,1.3347666,0.0,0.0,0.0,0.0
11,19,5,0,,,,0.8768,0.0,0.0,0.0,0.0
11,20,5,0,,,,0.77565,0.0,0.0,0.0,0.0
11,21,5,0,,,,1.3871334,0.0,0.0,0.0,0.0
11,22,5,0,,,,0.67873335,0.0,0.0,0.0,0.0
11,23,5,0,,,,0.67038333,0.0,0.0,0.0,0.0
11,24,5,0,,,,0.7047833,0.0,0.0,0.0,0.0
11,1,6,0,,,,0.6535,0.0,0.0,0.0,0.0
11,2,6,0,,,,0.68163335,0.0,0.0,0.0,0.0
11,3,6,0,,,,0.65525,0.0,0.0,0.0,0.0
11,4,6,0,,,,0.6817667,0.0,0.0,0.0,0.0
11,5,6,0,,,,0.77826667,0.0,0.0,0.0,0.0
11,6,6,0,,,,0.85431665,0.0,0.0,0.0,0.0
11,7,6,0,,,,0.99953336,0.0,0.0,0.0,0.0
11,8,6,0,,,,0.7783,0.0,0.0,0.0,0.0
11,9,6,0,,,,0.68535,0.0,0.0,0.0,6.45
11,10,6,0,,,,0.95776665,0.0,0.0,0.0,31.43
11,11,6,0,,,,1.0738333,0.0,0.0,0.0,42.04
11,12,6,0,,,,1.04945,0.0,0.0,0.0,60.8
11,13,6,0,,,,1.2992,0.0,0.0,0.0,39.55
11,14,6,0,,,,1.2219833,0.0,0.0,0.0,47.25
11,15,6,0,,,,1.5569167,0.0,0.0,0.0,28.2
11,16,6,0,,,,1.1111333,0.0,0.0,0.0,8.19
11,17,6,0,,,,1.1863834,0.0,0.0,0.0,0.0
11,18,6,0,,,,1.1849,0.0,0.0,0.0,0.0
11,19,6,0,,,,1.1716666,0.0,0.0,0.0,0.0
11,20,6,0,,,,1.9982667,0.0,0.0,0.0,0.0
11,21,6,0,,,,1.7895666,0.0,0.0,0.0,0.0
11,22,6,0,,,,0.5771833,0.0,0.0,0.0,0.0
11,23,6,0,,,,0.58813334,0.0,0.0,0.0,0.0
11,24,6,0,,,,0.5854833,0.0,0.0,0.0,0.0
11,1,7,0,,,,0.5865,0.0,0.0,0.0,0.0
11,2,7,0,,,,0.5983833,0.0,0.0,0.0,0.0
11,3,7,0,,,,0.57815,0.0,0.0,0.0,0.0
11,4,7,0,,,,0.60078335,0.0,0.0,0.0,0.0
11,5,7,0,,,,0.57531667,0.0,0.0,0.0,0.0
11,6,7,0,,,,0.57846665,0.0,0.0,0.0,0.0
11,7,7,0,,,,0.37095,0.0,0.0,0.0,0.0
11,8,7,0,,,,0.81041664,0.0,0.0,0.0,0.0
11,9,7,0,,,,0.9030833,0.0,0.0,0.0,4.74
11,10,7,0,,,,1.5171,0.0,0.0,0.0,13.53
11,11,7,0,,,,0.94265,0.0,0.0,0.0,47.9
11,12,7,0,,,,1.0638167,0.0,0.0,0.0,36.2
11,13,7,0,,,,1.2182667,0.0,0.0,0.0,29.36
11,14,7,0,,,,0.93975,0.0,0.0,0.0,27.13
11,15,7,0,,,,1.1798834,0.0,0.0,0.0,22.72
11,16,7,0,,,,1.6237167,0.0,0.0,0.0,46.5
11,17,7,0,,,,1.7943166,0.0,0.0,0.0,0.0
11,18,7,0,,,,1.2187166,0.0,0.0,0.0,0.0
11,19,7,0,,,,1.2524166,0.0,0.0,0.0,0.0
11,20,7,0,,,,0.8044,0.0,0.0,0.0,0.0
11,21,7,0,,,,0.5775333,0.0,0.0,0.0,0.0
11,22,7,0,,,,0.6444333,0.0,0.0,0.0,0.0
11,23,7,0,,,,0.56553334,0.0,0.0,0.0,0.0
11,24,7,0,,,,0.6537,0.0,0.0,0.0,0.0
11,1,1,0,,,,0.5769167,0.0,0.0,0.0,0.0
11,2,1,0,,,,0.6538,0.0,0.0,0.0,0.0
11,3,1,0,,,,0.5772167,0.0,0.0,0.0,0.0
11,4,1,0,,,,0.68023336,0.0,0.0,0.0,0.0
11,5,1,0,,,,1.1946666,0.0,0.0,0.0,0.0
11,6,1,0,,,,1.2595333,0.0,0.0,0.0,0.0
11,7,1,0,,,,0.5154,0.0,0.0,0.0,0.0
11,8,1,0,,,,0.39386666,0.0,0.0,0.0,0.0
11,9,1,0,,,,0.44656667,0.0,0.0,0.0,5.42
11,10,1,0,,,,0.38776666,0.0,0.0,0.0,18.08
11,11,1,0,,,,0.45553333,0.0,0.0,0.0,35.47
11,12,1,0,,,,0.38898334,0.0,0.0,0.0,35.49
11,13,1,0,,,,0.42768332,0.0,0.0,0.0,31.63
11,14,1,0,,,,0.4034,0.0,0.0,0.0,28.59
11,15,1,0,,,,0.40743333,0.0,0.0,0.0,27.09
11,16,1,0,,,,0.41621667,0.0,0.0,0.0,127.52
11,17,1,0,,,,0.55871665,0.0,0.0,0.0,0.0
11,18,1,0,,,,3.3996832,0.0,0.0,0.0,0.0
11,19,1,0,,,,1.0290166,0.0,0.0,0.0,0.0
11,20,1,0,,,,0.92548335,0.0,0.0,0.0,0.0
11,21,1,0,,,,0.6051,0.0,0.0,0.0,0.0
11,22,1,0,,,,0.61931664,0.0,0.0,0.0,0.0
11,23,1,0,,,,0.6308333,0.0,0.0,0.0,0.0
11,24,1,0,,,,0.59925,0.0,0.0,0.0,0.0
11,1,2,0,,,,0.65085,0.0,0.0,0.0,0.0
11,2,2,0,,,,0.58125,0.0,0.0,0.0,0.0
11,3,2,0,,,,0.63416666,0.0,0.0,0.0,0.0
11,4,2,0,,,,0.70031667,0.0,0.0,0.0,0.0
11,5,2,0,,,,0.80233335,0.0,0.0,0.0,0.0
11,6,2,0,,,,0.9400333,0.0,0.0,0.0,0.0
11,7,2,0,,,,0.7604833,0.0,0.0,0.0,0.0
11,8,2,0,,,,0.604,0.0,0.0,0.0,0.0
11,9,2,0,,,,0.3972,0.0,0.0,0.0,116.2
11,10,2,0,,,,0.40103334,0.0,0.0,0.0,437.88
11,11,2,0,,,,0.61925,0.0,0.0,0.0,460.32
11,12,2,0,,,,0.841,0.0,0.0,0.0,693.35
11,13,2,0,,,,0.44958332,0.0,0.0,0.0,673.82
11,14,2,0,,,,0.40951666,0.0,0.0,0.0,563.46
11,15,2,0,,,,0.65926665,0.0,0.0,0.0,464.11
11,16,2,0,,,,1.6365167,0.0,0.0,0.0,241.78
11,17,2,0,,,,3.02375,0.0,0.0,0.0,0.0
11,18,2,0,,,,1.69305,0.0,0.0,0.0,0.0
11,19,2,0,,,,1.3861,0.0,0.0,0.0,0.0
11,20,2,0,,,,0.93906665,0.0,0.0,0.0,0.0
11,21,2,0,,,,0.5961667,0.0,0.0,0.0,0.0
11,22,2,0,,,,0.56518334,0.0,0.0,0.0,0.0
11,23,2,0,,,,0.6360833,0.0,0.0,0.0,0.0
11,24,2,0,,,,0.57743335,0.0,0.0,0.0,0.0
11,1,3,0,,,,0.59315,0.0,0.0,0.0,0.0
11,2,3,0,,,,0.6181333,0.0,0.0,0.0,0.0
11,3,3,0,,,,0.5959833,0.0,0.0,0.0,0.0
11,4,3,0,,,,0.5765167,0.0,0.0,0.0,0.0
11,5,3,0,,,,0.86431664,0.0,0.0,0.0,0.0
11,6,3,0,,,,0.5532333,0.0,0.0,0.0,0.0
11,7,3,0,,,,0.69656664,0.0,0.0,0.0,0.0
11,8,3,0,,,,0.5453333,0.0,0.0,0.0,0.0
11,9,3,0,,,,0.462,0.0,0.0,0.0,68.44
11,10,3,0,,,,0.7765833,0.0,0.0,0.0,289.2
11,11,3,0,,,,0.95485,0.0,0.0,0.0,419.51
11,12,3,0,,,,0.9247,0.0,0.0,0.0,562.04
11,13,3,0,,,,1.0069833,0.0,0.0,0.0,569.83
11,14,3,0,,,,1.3297334,0.0,0.0,0.0,494.04
11,15,3,0,,,,1.131,0.0,0.0,0.0,305.49
11,16,3,0,,,,1.3128667,0.0,0.0,0.0,117.75
11,17,3,0,,,,1.5018834,0.0,0.0,0.0,0.0
11,18,3,0,,,,1.9912167,0.0,0.0,0.0,0.0
11,19,3,0,,,,1.1586167,0.0,0.0,0.0,0.0
11,20,3,0,,,,1.1901833,0.0,0.0,0.0,0.0
11,21,3,0,,,,1.17955,0.0,0.0,0.0,0.0
11,22,3,0,,,,1.15175,0.0,0.0,0.0,0.0
11,23,3,0,,,,0.8304333,0.0,0.0,0.0,0.0
11,24,3,0,,,,0.6428667,0.0,0.0,0.0,0.0
11,1,4,0,,,,0.57846665,0.0,0.0,0.0,0.0
11,2,4,0,,,,0.603,0.0,0.0,0.0,0.0
11,3,4,0,,,,0.60055,0.0,0.0,0.0,0.0
11,4,4,0,,,,0.62755,0.0,0.0,0.0,0.0
11,5,4,0,,,,0.5790833,0.0,0.0,0.0,0.0
11,6,4,0,,,,0.49856666,0.0,0.0,0.0,0.0
11,7,4,0,,,,0.57075,0.0,0.0,0.0,0.0
11,8,4,0,,,,0.8358333,0.0,0.0,0.0,0.0
11,9,4,0,,,,0.9372,0.0,0.0,0.0,27.98
11,10,4,0,,,,0.9785333,0.0,0.0,0.0,156.04
11,11,4,0,,,,0.6498333,0.0,0.0,0.0,356.68
11,12,4,0,,,,0.6589,0.0,0.0,0.0,481.8
11,13,4,0,,,,3.0152333,0.0,0.0,0.0,595.13
11,14,4,0,,,,1.339,0.0,0.0,0.0,502.39
11,15,4,0,,,,1.0941833,0.0,0.0,0.0,391.34
11,16,4,0,,,,0.85398334,0.0,0.0,0.0,200.96
11,17,4,0,,,,0.58673334,0.0,0.0,0.0,0.0
11,18,4,0,,,,0.6290333,0.0,0.0,0.0,0.0
11,19,4,0,,,,0.66506666,0.0,0.0,0.0,0.0
11,20,4,0,,,,0.7075,0.0,0.0,0.0,0.0
11,21,4,0,,,,0.5922667,0.0,0.0,0.0,0.0
11,22,4,0,,,,0.56918335,0.0,0.0,0.0,0.0
11,23,4,0,,,,0.56981665,0.0,0.0,0.0,0.0
11,24,4,0,,,,0.595525,0.0,0.0,0.0,0.0
11,1,5,0,,,,0.5506667,0.0,0.0,0.0,0.0
11,2,5,0,,,,0.606,0.0,0.0,0.0,0.0
11,3,5,0,,,,0.56163335,0.0,0.0,0.0,0.0
11,4,5,0,,,,0.91978335,0.0,0.0,0.0,0.0
11,5,5,0,,,,1.2131333,0.0,0.0,0.0,0.0
11,6,5,0,,,,0.89325,0.0,0.0,0.0,0.0
11,7,5,0,,,,0.61653334,0.0,0.0,0.0,0.0
11,8,5,0,,,,0.40186667,0.0,0.0,0.0,0.0
11,9,5,0,,,,0.37835,0.0,0.0,0.0,3.33
11,10,5,0,,,,0.37401667,0.0,0.0,0.0,42.83
11,11,5,0,,,,0.5747333,0.0,0.0,0.0,121.48
11,12,5,0,,,,0.50053334,0.0,0.0,0.0,104.71
11,13,5,0,,,,0.40088335,0.0,0.0,0.0,205.9
11,14,5,0,,,,0.4291,0.0,0.0,0.0,138.84
11,15,5,0,,,,0.37581667,0.0,0.0,0.0,266.7
11,16,5,0,,,,0.39905,0.0,0.0,0.0,106.64
11,17,5,0,,,,0.8343167,0.0,0.0,0.0,0.0
11,18,5,0,,,,1.5868666,0.0,0.0,0.0,0.0
11,19,5,0,,,,1.8030167,0.0,0.0,0.0,0.0
11,20,5,0,,,,1.50175,0.0,0.0,0.0,0.0
11,21,5,0,,,,1.07125,0.0,0.0,0.0,0.0
11,22,5,0,,,,0.7861,0.0,0.0,0.0,0.0
11,23,5,0,,,,0.62981665,0.0,0.0,0.0,0.0
11,24,5,0,,,,0.67755,0.0,0.0,0.0,0.0
11,1,6,0,,,,0.6234667,0.0,0.0,0.0,0.0
11,2,6,0,,,,0.61978334,0.0,0.0,0.0,0.0
11,3,6,0,,,,0.67406666,0.0,0.0,0.0,0.0
11,4,6,0,,,,0.62895,0.0,0.0,0.0,0.0
11,5,6,0,,,,0.8401667,0.0,0.0,0.0,0.0
11,6,6,0,,,,0.98253334,0.0,0.0,0.0,0.0
11,7,6,0,,,,0.7859167,0.0,0.0,0.0,0.0
11,8,6,0,,,,0.75605,0.0,0.0,0.0,0.0
11,9,6,0,,,,0.660825,0.0,0.0,0.0,31.5
11,10,6,0,,,,0.63725,0.0,0.0,0.0,191.92
11,11,6,0,,,,0.70685,0.0,0.0,0.0,488.91
11,12,6,0,,,,0.68273336,0.0,0.0,0.0,577.96
11,13,6,0,,,,1.7034167,0.0,0.0,0.0,599.8
11,14,6,0,,,,2.7577333,0.0,0.0,0.0,494.55
11,15,6,0,,,,4.5406666,0.0,0.0,0.0,364.3
11,16,6,0,,,,5.4126334,0.0,0.0,0.0,24.04
11,17,6,0,,,,4.0858335,0.0,0.0,0.0,0.0
11,18,6,0,,,,1.6754333,0.0,0.0,0.0,0.0
11,19,6,0,,,,1.3119,0.0,0.0,0.0,0.0
11,20,6,0,,,,1.1810334,0.0,0.0,0.0,0.0
11,21,6,0,,,,0.8625,0.0,0.0,0.0,0.0
11,22,6,0,,,,0.9310667,0.0,0.0,0.0,0.0
11,23,6,0,,,,0.9073167,0.0,0.0,0.0,0.0
11,24,6,0,,,,0.7657667,0.0,0.0,0.0,0.0
11,1,7,0,,,,0.6519333,0.0,0.0,0.0,0.0
11,2,7,0,,,,0.64955,0.0,0.0,0.0,0.0
11,3,7,0,,,,0.89888334,0.0,0.0,0.0,0.0
11,4,7,0,,,,0.6801,0.0,0.0,0.0,0.0
11,5,7,0,,,,0.66106665,0.0,0.0,0.0,0.0
11,6,7,0,,,,0.64125,0.0,0.0,0.0,0.0
11,7,7,0,,,,0.87883335,0.0,0.0,0.0,0.0
11,8,7,0,,,,1.9536667,0.0,0.0,0.0,0.0
11,9,7,0,,,,2.4448667,0.0,0.0,0.0,55.47
11,10,7,0,,,,4.5758166,0.0,0.0,0.0,205.03
11,11,7,0,,,,2.4085834,0.0,0.0,0.0,80.0
11,12,7,0,,,,1.5615833,0.0,0.0,0.0,56.98
11,13,7,0,,,,0.9625,0.0,0.0,0.0,42.33
11,14,7,0,,,,1.5651667,0.0,0.0,0.0,39.84
11,15,7,0,,,,1.5369166,0.0,0.0,0.0,26.76
11,16,7,0,,,,1.6931167,0.0,0.0,0.0,3.18
11,17,7,0,,,,4.1310835,0.0,0.0,0.0,0.0
11,18,7,0,,,,2.6218333,0.0,0.0,0.0,0.0
11,19,7,0,,,,1.5048333,0.0,0.0,0.0,0.0
11,20,7,0,,,,0.73826665,0.0,0.0,0.0,0.0
11,21,7,0,,,,0.6030833,0.0,0.0,0.0,0.0
11,22,7,0,,,,0.5725667,0.0,0.0,0.0,0.0
11,23,7,0,,,,0.58358335,0.0,0.0,0.0,0.0
11,24,7,0,,,,0.58665,0.0,0.0,0.0,0.0
11,1,1,0,,,,0.58788335,0.0,0.0,0.0,0.0
11,2,1,0,,,,0.61038333,0.0,0.0,0.0,0.0
11,3,1,0,,,,0.57406664,0.0,0.0,0.0,0.0
11,4,1,0,,,,2.0430334,0.0,0.0,0.0,0.0
11,5,1,0,,,,1.2768834,0.0,0.0,0.0,0.0
11,6,1,0,,,,1.4909667,0.0,0.0,0.0,0.0
11,7,1,0,,,,0.51275,0.0,0.0,0.0,0.0
11,8,1,0,,,,0.3407,0.0,0.0,0.0,0.0
11,9,1,0,,,,0.3738,0.0,0.0,0.0,1.24
11,10,1,0,,,,0.37141666,0.0,0.0,0.0,26.39
11,11,1,0,,,,0.45498332,0.0,0.0,0.0,43.51
11,12,1,0,,,,4.1496334,0.0,0.0,0.0,38.65
11,13,1,0,,,,0.6171,0.0,0.0,0.0,28.48
11,14,1,0,,,,0.3562,0.0,0.0,0.0,16.63
11,15,1,0,,,,0.38701665,0.0,0.0,0.0,34.54
11,16,1,0,,,,0.36398333,0.0,0.0,0.0,7.25
11,17,1,0,,,,1.5398834,0.0,0.0,0.0,0.0
11,18,1,0,,,,1.4533167,0.0,0.0,0.0,0.0
11,19,1,0,,,,5.4348497,0.0,0.0,0.0,0.0
11,20,1,0,,,,3.5440166,0.0,0.0,0.0,0.0
11,21,1,0,,,,1.0803167,0.0,0.0,0.0,0.0
11,22,1,0,,,,1.0444334,0.0,0.0,0.0,0.0
11,23,1,0,,,,0.6361167,0.0,0.0,0.0,0.0
11,24,1,0,,,,0.6546,0.0,0.0,0.0,0.0
11,1,2,0,,,,0.62958336,0.0,0.0,0.0,0.0
11,2,2,0,,,,0.6400667,0.0,0.0,0.0,0.0
11,3,2,0,,,,0.61513335,0.0,0.0,0.0,0.0
11,4,2,0,,,,0.6626833,0.0,0.0,0.0,0.0
11,5,2,0,,,,0.77818334,0.0,0.0,0.0,0.0
11,6,2,0,,,,0.63278335,0.0,0.0,0.0,0.0
11,7,2,0,,,,0.34201667,0.0,0.0,0.0,0.0
11,8,2,0,,,,0.3571,0.0,0.0,0.0,0.0
11,9,2,0,,,,0.33575,0.0,0.0,0.0,0.0
11,10,2,0,,,,0.33978334,0.0,0.0,0.0,6.53
11,11,2,0,,,,0.4551,0.0,0.0,0.0,22.8
11,12,2,0,,,,2.5457666,0.0,0.0,0.0,12.91
11,13,2,0,,,,0.35498333,0.0,0.0,0.0,36.34
11,14,2,0,,,,0.327,0.0,0.0,0.0,14.97
11,15,2,0,,,,0.40676665,0.0,0.0,0.0,25.76
11,16,2,0,,,,1.9797666,0.0,0.0,0.0,9.65
11,17,2,0,,,,1.4572166,0.0,0.0,0.0,0.0
11,18,2,0,,,,2.1373167,0.0,0.0,0.0,0.0
11,19,2,0,,,,2.5077333,0.0,0.0,0.0,0.0
11,20,2,0,,,,1.0354944,0.0,0.0,0.0,0.0
11,21,2,0,,,,0.90475,0.0,0.0,0.0,0.0
11,22,2,0,,,,0.60726666,0.0,0.0,0.0,0.0
11,23,2,0,,,,0.63045,0.0,0.0,0.0,0.0
11,24,2,0,,,,0.59575,0.0,0.0,0.0,0.0
11,1,3,0,,,,0.60585,0.0,0.0,0.0,0.0
11,2,3,0,,,,0.60495,0.0,0.0,0.0,0.0
11,3,3,0,,,,0.61411667,0.0,0.0,0.0,0.0
11,4,3,0,,,,0.56013334,0.0,0.0,0.0,0.0
11,5,3,0,,,,0.6296667,0.0,0.0,0.0,0.0
11,6,3,0,,,,1.1690834,0.0,0.0,0.0,0.0
11,7,3,0,,,,0.5958167,0.0,0.0,0.0,0.0
11,8,3,0,,,,2.36335,0.0,0.0,0.0,0.0
11,9,3,0,,,,1.31475,0.0,0.0,0.0,36.91
11,10,3,0,,,,0.7138,0.0,0.0,0.0,302.03
11,11,3,0,,,,0.42821667,0.0,0.0,0.0,513.19
11,12,3,0,,,,2.67115,0.0,0.0,0.0,339.64
11,13,3,0,,,,0.28481665,0.0,0.0,0.0,132.6
11,14,3,0,,,,0.31433332,0.0,0.0,0.0,136.84
11,15,3,0,,,,0.33931667,0.0,0.0,0.0,33.99
11,16,3,0,,,,3.0793667,0.0,0.0,0.0,4.77
11,17,3,0,,,,3.477,0.0,0.0,0.0,0.0
11,18,3,0,,,,1.0096,0.0,0.0,0.0,0.0
11,19,3,0,,,,1.2950833,0.0,0.0,0.0,0.0
11,20,3,0,,,,1.3099166,0.0,0.0,0.0,0.0
11,21,3,0,,,,0.6814833,0.0,0.0,0.0,0.0
11,22,3,0,,,,0.60821664,0.0,0.0,0.0,0.0
11,23,3,0,,,,0.58285,0.0,0.0,0.0,0.0
11,24,3,0,,,,0.58944166,0.0,0.0,0.0,0.0
12,1,4,0,,,,0.5596833,0.0,0.0,0.0,0.0
12,2,4,0,,,,0.5976,0.0,0.0,0.0,0.0
12,3,4,0,,,,0.55691665,0.0,0.0,0.0,0.0
12,4,4,0,,,,0.60055,0.0,0.0,0.0,0.0
12,5,4,0,,,,0.7759333,0.0,0.0,0.0,0.0
12,6,4,0,,,,1.11675,0.0,0.0,0.0,0.0
12,7,4,0,,,,0.45648333,0.0,0.0,0.0,0.0
12,8,4,0,,,,0.3754,0.0,0.0,0.0,0.0
12,9,4,0,,,,0.35921666,0.0,0.0,0.0,1.7
12,10,4,0,,,,0.37198332,0.0,0.0,0.0,71.08
12,11,4,0,,,,0.4398,0.0,0.0,0.0,532.17
12,12,4,0,,,,3.4115,0.0,0.0,0.0,656.48
12,13,4,0,,,,0.55385,0.0,0.0,0.0,636.67
12,14,4,0,,,,0.6499,0.0,0.0,0.0,582.72
12,15,4,0,,,,0.35048333,0.0,0.0,0.0,367.53
12,16,4,0,,,,0.5559,0.0,0.0,0.0,2.16
12,17,4,0,,,,2.12775,0.0,0.0,0.0,0.0
12,18,4,0,,,,1.82215,0.0,0.0,0.0,0.0
12,19,4,0,,,,3.4635167,0.0,0.0,0.0,0.0
12,20,4,0,,,,4.3588667,0.0,0.0,0.0,0.0
12,21,4,0,,,,1.8653333,0.0,0.0,0.0,0.0
12,22,4,0,,,,2.4525666,0.0,0.0,0.0,0.0
12,23,4,0,,,,0.5528333,0.0,0.0,0.0,0.0
12,24,4,0,,,,0.60431665,0.0,0.0,0.0,0.0
12,1,5,0,,,,0.58578336,0.0,0.0,0.0,0.0
12,2,5,0,,,,0.6078,0.0,0.0,0.0,0.0
12,3,5,0,,,,0.5826,0.0,0.0,0.0,0.0
12,4,5,0,,,,0.86756665,0.0,0.0,0.0,0.0
12,5,5,0,,,,1.1243666,0.0,0.0,0.0,0.0
12,6,5,0,,,,1.3946333,0.0,0.0,0.0,0.0
12,7,5,0,,,,0.39331666,0.0,0.0,0.0,0.0
12,8,5,0,,,,0.35068333,0.0,0.0,0.0,0.0
12,9,5,0,,,,0.37001666,0.0,0.0,0.0,2.2
12,10,5,0,,,,0.3522,0.0,0.0,0.0,36.91
12,11,5,0,,,,0.36353335,0.0,0.0,0.0,111.48
12,12,5,0,,,,0.3411,0.0,0.0,0.0,90.37
12,13,5,0,,,,0.36665,0.0,0.0,0.0,187.16
12,14,5,0,,,,0.34343332,0.0,0.0,0.0,75.9
12,15,5,0,,,,0.36353335,0.0,0.0,0.0,31.47
12,16,5,0,,,,0.5103,0.0,0.0,0.0,8.93
12,17,5,0,,,,6.0439,0.0,0.0,0.0,0.0
12,18,5,0,,,,3.6539,0.0,0.0,0.0,0.0
12,19,5,0,,,,1.4498333,0.0,0.0,0.0,0.0
12,20,5,0,,,,1.2132,0.0,0.0,0.0,0.0
12,21,5,0,,,,1.0163667,0.0,0.0,0.0,0.0
12,22,5,0,,,,2.7529166,0.0,0.0,0.0,0.0
12,23,5,0,,,,4.32465,0.0,0.0,0.0,0.0
12,24,5,0,,,,0.56841666,0.0,0.0,0.0,0.0
12,1,6,0,,,,0.58993334,0.0,0.0,0.0,0.0
12,2,6,0,,,,0.57275,0.0,0.0,0.0,0.0
12,3,6,0,,,,0.5854833,0.0,0.0,0.0,0.0
12,4,6,0,,,,1.4232167,0.0,0.0,0.0,0.0
12,5,6,0,,,,0.87525,0.0,0.0,0.0,0.0
12,6,6,0,,,,2.2422166,0.0,0.0,0.0,0.0
12,7,6,0,,,,2.0552166,0.0,0.0,0.0,0.0
12,8,6,0,,,,1.1170167,0.0,0.0,0.0,0.0
12,9,6,0,,,,0.40066665,0.0,0.0,0.0,0.8
12,10,6,0,,,,1.0130416,0.0,0.0,0.0,10.53
12,11,6,0,,,,0.8096,0.0,0.0,0.0,38.68
12,12,6,0,,,,1.0066667,0.0,0.0,0.0,35.46
12,13,6,0,,,,3.6021833,0.0,0.0,0.0,29.25
12,14,6,0,,,,1.7111167,0.0,0.0,0.0,17.37
12,15,6,0,,,,1.5740334,0.0,0.0,0.0,27.75
12,16,6,0,,,,1.5660334,0.0,0.0,0.0,13.38
12,17,6,0,,,,1.4804,0.0,0.0,0.0,0.0
12,18,6,0,,,,1.6844167,0.0,0.0,0.0,0.0
12,19,6,0,,,,1.3947166,0.0,0.0,0.0,0.0
12,20,6,0,,,,1.4322667,0.0,0.0,0.0,0.0
12,21,6,0,,,,1.38525,0.0,0.0,0.0,0.0
12,22,6,0,,,,1.0880667,0.0,0.0,0.0,0.0
12,23,6,0,,,,0.7995333,0.0,0.0,0.0,0.0
12,24,6,0,,,,0.8400667,0.0,0.0,0.0,0.0
12,1,7,0,,,,0.7743833,0.0,0.0,0.0,0.0
12,2,7,0,,,,0.81131667,0.0,0.0,0.0,0.0
12,3,7,0,,,,0.86128336,0.0,0.0,0.0,0.0
12,4,7,0,,,,0.91746664,0.0,0.0,0.0,0.0
12,5,7,0,,,,0.81023335,0.0,0.0,0.0,0.0
12,6,7,0,,,,0.93118334,0.0,0.0,0.0,0.0
12,7,7,0,,,,0.80843335,0.0,0.0,0.0,0.0
12,8,7,0,,,,0.38105,0.0,0.0,0.0,0.0
12,9,7,0,,,,0.3704,0.0,0.0,0.0,32.24
12,10,7,0,,,,2.9098167,0.0,0.0,0.0,189.37
12,11,7,0,,,,0.7899333,0.0,0.0,0.0,457.36
12,12,7,0,,,,0.83526665,0.0,0.0,0.0,574.37
12,13,7,0,,,,0.39271668,0.0,0.0,0.0,507.33
12,14,7,0,,,,0.7101667,0.0,0.0,0.0,540.24
12,15,7,0,,,,1.40725,0.0,0.0,0.0,173.46
12,16,7,0,,,,1.6423833,0.0,0.0,0.0,10.77
12,17,7,0,,,,1.4491667,0.0,0.0,0.0,0.0
12,18,7,0,,,,1.1184,0.0,0.0,0.0,0.0
12,19,7,0,,,,2.69175,0.0,0.0,0.0,0.0
12,20,7,0,,,,2.2570333,0.0,0.0,0.0,0.0
12,21,7,0,,,,0.98538333,0.0,0.0,0.0,0.0
12,22,7,0,,,,0.9337,0.0,0.0,0.0,0.0
12,23,7,0,,,,0.5533,0.0,0.0,0.0,0.0
12,24,7,0,,,,0.56516665,0.0,0.0,0.0,0.0
12,1,1,0,,,,0.61226666,0.0,0.0,0.0,0.0
12,2,1,0,,,,0.55535,0.0,0.0,0.0,0.0
12,3,1,0,,,,0.5743167,0.0,0.0,0.0,0.0
12,4,1,0,,,,0.8475,0.0,0.0,0.0,0.0
12,5,1,0,,,,0.6296833,0.0,0.0,0.0,0.0
12,6,1,0,,,,1.2462833,0.0,0.0,0.0,0.0
12,7,1,0,,,,0.4676,0.0,0.0,0.0,0.0
12,8,1,0,,,,0.45181668,0.0,0.0,0.0,0.0
12,9,1,0,,,,1.5202667,0.0,0.0,0.0,0.02
12,10,1,0,,,,0.6349,0.0,0.0,0.0,37.9
12,11,1,0,,,,0.37916666,0.0,0.0,0.0,100.67
12,12,1,0,,,,0.35328335,0.0,0.0,0.0,53.11
12,13,1,0,,,,0.37155,0.0,0.0,0.0,77.51
12,14,1,0,,,,0.37351668,0.0,0.0,0.0,533.48
12,15,1,0,,,,0.39961666,0.0,0.0,0.0,391.25
12,16,1,0,,,,0.54838336,0.0,0.0,0.0,11.87
12,17,1,0,,,,1.6758833,0.0,0.0,0.0,0.0
12,18,1,0,,,,1.4633833,0.0,0.0,0.0,0.0
12,19,1,0,,,,3.6484833,0.0,0.0,0.0,0.0
12,20,1,0,,,,0.60323334,0.0,0.0,0.0,0.0
12,21,1,0,,,,0.58975,0.0,0.0,0.0,0.0
12,22,1,0,,,,0.57061666,0.0,0.0,0.0,0.0
12,23,1,0,,,,0.5890833,0.0,0.0,0.0,0.0
12,24,1,0,,,,0.57505834,0.0,0.0,0.0,0.0
12,1,2,0,,,,0.5928,0.0,0.0,0.0,0.0
12,2,2,0,,,,0.59241664,0.0,0.0,0.0,0.0
12,3,2,0,,,,0.60405,0.0,0.0,0.0,0.0
12,4,2,0,,,,1.92875,0.0,0.0,0.0,0.0
12,5,2,0,,,,1.0768,0.0,0.0,0.0,0.0
12,6,2,0,,,,0.9158,0.0,0.0,0.0,0.0
12,7,2,0,,,,0.34925,0.0,0.0,0.0,0.0
12,8,2,0,,,,0.33596668,0.0,0.0,0.0,0.0
12,9,2,0,,,,0.35391667,0.0,0.0,0.0,41.53
12,10,2,0,,,,0.34113333,0.0,0.0,0.0,351.52
12,11,2,0,,,,0.45458335,0.0,0.0,0.0,531.12
12,12,2,0,,,,3.4454,0.0,0.0,0.0,613.7
12,13,2,0,,,,0.32671666,0.0,0.0,0.0,627.16
12,14,2,0,,,,0.34805,0.0,0.0,0.0,571.46
12,15,2,0,,,,0.34468332,0.0,0.0,0.0,397.52
12,16,2,0,,,,1.0182166,0.0,0.0,0.0,11.9
12,17,2,0,,,,2.09285,0.0,0.0,0.0,0.0
12,18,2,0,,,,1.8269,0.0,0.0,0.0,0.0
12,19,2,0,,,,4.1579165,0.0,0.0,0.0,0.0
12,20,2,0,,,,3.9478834,0.0,0.0,0.0,0.0
12,21,2,0,,,,0.98725,0.0,0.0,0.0,0.0
12,22,2,0,,,,0.88098335,0.0,0.0,0.0,0.0
12,23,2,0,,,,0.57233334,0.0,0.0,0.0,0.0
12,24,2,0,,,,0.60075,0.0,0.0,0.0,0.0
12,1,3,0,,,,0.5754167,0.0,0.0,0.0,0.0
12,2,3,0,,,,0.58484447,0.0,0.0,0.0,0.0
12,3,3,0,,,,0.5729167,0.0,0.0,0.0,0.0
12,4,3,0,,,,0.71001667,0.0,0.0,0.0,0.0
12,5,3,0,,,,0.83851665,0.0,0.0,0.0,0.0
12,6,3,0,,,,0.8423333,0.0,0.0,0.0,0.0
12,7,3,0,,,,0.39888334,0.0,0.0,0.0,0.0
12,8,3,0,,,,0.34838334,0.0,0.0,0.0,0.0
12,9,3,0,,,,0.38281667,0.0,0.0,0.0,2.22
12,10,3,0,,,,0.35006666,0.0,0.0,0.0,231.05
12,11,3,0,,,,0.46745,0.0,0.0,0.0,408.42
12,12,3,0,,,,3.20515,0.0,0.0,0.0,480.08
12,13,3,0,,,,0.35283333,0.0,0.0,0.0,585.65
12,14,3,0,,,,0.35138333,0.0,0.0,0.0,598.62
12,15,3,0,,,,0.36913332,0.0,0.0,0.0,459.59
12,16,3,0,,,,1.11265,0.0,0.0,0.0,11.97
12,17,3,0,,,,1.6506833,0.0,0.0,0.0,0.0
12,18,3,0,,,,2.2575,0.0,0.0,0.0,0.0
12,19,3,0,,,,1.7147167,0.0,0.0,0.0,0.0
12,20,3,0,,,,1.4038666,0.0,0.0,0.0,0.0
12,21,3,0,,,,0.8610167,0.0,0.0,0.0,0.0
12,22,3,0,,,,0.61583334,0.0,0.0,0.0,0.0
12,23,3,0,,,,0.6443,0.0,0.0,0.0,0.0
12,24,3,0,,,,0.6206333,0.0,0.0,0.0,0.0
12,1,4,0,,,,0.65025,0.0,0.0,0.0,0.0
12,2,4,0,,,,0.638,0.0,0.0,0.0,0.0
12,3,4,0,,,,0.6414833,0.0,0.0,0.0,0.0
12,4,4,0,,,,0.64928335,0.0,0.0,0.0,0.0
12,5,4,0,,,,0.7629667,0.0,0.0,0.0,0.0
12,6,4,0,,,,0.78466666,0.0,0.0,0.0,0.0
12,7,4,0,,,,0.39365,0.0,0.0,0.0,0.0
12,8,4,0,,,,0.45648333,0.0,0.0,0.0,0.0
12,9,4,0,,,,0.43838334,0.0,0.0,0.0,24.96
12,10,4,0,,,,0.37576666,0.0,0.0,0.0,217.95
12,11,4,0,,,,0.45076665,0.0,0.0,0.0,163.5
12,12,4,0,,,,3.5843334,0.0,0.0,0.0,155.5
12,13,4,0,,,,0.32553333,0.0,0.0,0.0,73.94
12,14,4,0,,,,0.3387,0.0,0.0,0.0,496.38
12,15,4,0,,,,0.6002167,0.0,0.0,0.0,151.35
12,16,4,0,,,,0.6181667,0.0,0.0,0.0,10.56
12,17,4,0,,,,0.343,0.0,0.0,0.0,0.0
12,18,4,0,,,,0.35995,0.0,0.0,0.0,0.0
12,19,4,0,,,,1.0829834,0.0,0.0,0.0,0.0
12,20,4,0,,,,1.0217667,0.0,0.0,0.0,0.0
12,21,4,0,,,,0.78645,0.0,0.0,0.0,0.0
12,22,4,0,,,,0.5887,0.0,0.0,0.0,0.0
12,23,4,0,,,,0.56586665,0.0,0.0,0.0,0.0
12,24,4,0,,,,0.5928417,0.0,0.0,0.0,0.0
12,1,5,0,,,,0.57185,0.0,0.0,0.0,0.0
12,2,5,0,,,,0.5965833,0.0,0.0,0.0,0.0
12,3,5,0,,,,4.7690334,0.0,0.0,0.0,0.0
12,4,5,0,,,,2.68995,0.0,0.0,0.0,0.0
12,5,5,0,,,,1.5864333,0.0,0.0,0.0,0.0
12,6,5,0,,,,1.6597167,0.0,0.0,0.0,0.0
12,7,5,0,,,,0.98375,0.0,0.0,0.0,0.0
12,8,5,0,,,,0.60555,0.0,0.0,0.0,0.0
12,9,5,0,,,,0.36976665,0.0,0.0,0.0,0.0
12,10,5,0,,,,0.34583333,0.0,0.0,0.0,93.55
12,11,5,0,,,,0.55006665,0.0,0.0,0.0,435.37
12,12,5,0,,,,0.7744667,0.0,0.0,0.0,257.47
12,13,5,0,,,,0.50488335,0.0,0.0,0.0,637.97
12,14,5,0,,,,0.34068334,0.0,0.0,0.0,481.42
12,15,5,0,,,,0.34,0.0,0.0,0.0,388.75
12,16,5,0,,,,0.34803334,0.0,0.0,0.0,10.57
12,17,5,0,,,,1.06835,0.0,0.0,0.0,0.0
12,18,5,0,,,,1.8639166,0.0,0.0,0.0,0.0
12,19,5,0,,,,5.260383,0.0,0.0,0.0,0.0
12,20,5,0,,,,3.6839,0.0,0.0,0.0,0.0
12,21,5,0,,,,2.1935334,0.0,0.0,0.0,0.0
12,22,5,0,,,,0.6874,0.0,0.0,0.0,0.0
12,23,5,0,,,,0.55903333,0.0,0.0,0.0,0.0
12,24,5,0,,,,0.57393336,0.0,0.0,0.0,0.0
12,1,6,0,,,,0.55415,0.0,0.0,0.0,0.0
12,2,6,0,,,,0.57748336,0.0,0.0,0.0,0.0
12,3,6,0,,,,0.56233335,0.0,0.0,0.0,0.0
12,4,6,0,,,,0.76136667,0.0,0.0,0.0,0.0
12,5,6,0,,,,1.2176167,0.0,0.0,0.0,0.0
12,6,6,0,,,,4.4115334,0.0,0.0,0.0,0.0
12,7,6,0,,,,2.1372333,0.0,0.0,0.0,0.0
12,8,6,0,,,,1.3795333,0.0,0.0,0.0,0.0
12,9,6,0,,,,1.51265,0.0,0.0,0.0,0.0
12,10,6,0,,,,0.61403334,0.0,0.0,0.0,15.99
12,11,6,0,,,,1.0394833,0.0,0.0,0.0,43.04
12,12,6,0,,,,1.7370167,0.0,0.0,0.0,40.41
12,13,6,0,,,,1.3421167,0.0,0.0,0.0,26.5
12,14,6,0,,,,2.1353166,0.0,0.0,0.0,28.71
12,15,6,0,,,,1.1606,0.0,0.0,0.0,8.35
12,16,6,0,,,,1.10685,0.0,0.0,0.0,5.33
12,17,6,0,,,,1.29185,0.0,0.0,0.0,0.0
12,18,6,0,,,,1.2397667,0.0,0.0,0.0,0.0
12,19,6,0,,,,1.0897334,0.0,0.0,0.0,0.0
12,20,6,0,,,,0.80623335,0.0,0.0,0.0,0.0
12,21,6,0,,,,0.77405,0.0,0.0,0.0,0.0
12,22,6,0,,,,0.6997,0.0,0.0,0.0,0.0
12,23,6,0,,,,0.6051667,0.0,0.0,0.0,0.0
12,24,6,0,,,,0.6229917,0.0,0.0,0.0,0.0
12,1,7,0,,,,0.61095,0.0,0.0,0.0,0.0
12,2,7,0,,,,0.6374,0.0,0.0,0.0,0.0
12,3,7,0,,,,1.9680333,0.0,0.0,0.0,0.0
12,4,7,0,,,,0.6019,0.0,0.0,0.0,0.0
12,5,7,0,,,,0.58848333,0.0,0.0,0.0,0.0
12,6,7,0,,,,0.46101665,0.0,0.0,0.0,0.0
12,7,7,0,,,,0.68181664,0.0,0.0,0.0,0.0
12,8,7,0,,,,1.3862,0.0,0.0,0.0,0.0
12,9,7,0,,,,0.91148335,0.0,0.0,0.0,0.0
12,10,7,0,,,,0.46073332,0.0,0.0,0.0,36.89
12,11,7,0,,,,0.39583334,0.0,0.0,0.0,68.85
12,12,7,0,,,,0.36345,0.0,0.0,0.0,89.77
12,13,7,0,,,,0.93855,0.0,0.0,0.0,164.65
12,14,7,0,,,,1.1228666,0.0,0.0,0.0,170.97
12,15,7,0,,,,0.69086665,0.0,0.0,0.0,107.58
12,16,7,0,,,,0.58031666,0.0,0.0,0.0,6.5
12,17,7,0,,,,0.85328335,0.0,0.0,0.0,0.0
12,18,7,0,,,,2.65575,0.0,0.0,0.0,0.0
12,19,7,0,,,,4.4742165,0.0,0.0,0.0,0.0
12,20,7,0,,,,0.83853334,0.0,0.0,0.0,0.0
12,21,7,0,,,,0.60915,0.0,0.0,0.0,0.0
12,22,7,0,,,,0.54936665,0.0,0.0,0.0,0.0
12,23,7,0,,,,0.5881,0.0,0.0,0.0,0.0
12,24,7,0,,,,0.591025,0.0,0.0,0.0,0.0
12,1,1,0,,,,0.62418336,0.0,0.0,0.0,0.0
12,2,1,0,,,,0.5797833,0.0,0.0,0.0,0.0
12,3,1,0,,,,0.5566,0.0,0.0,0.0,0.0
12,4,1,0,,,,0.72396666,0.0,0.0,0.0,0.0
12,5,1,0,,,,0.91726667,0.0,0.0,0.0,0.0
12,6,1,0,,,,1.7848,0.0,0.0,0.0,0.0
12,7,1,0,,,,1.4091667,0.0,0.0,0.0,0.0
12,8,1,0,,,,0.6691333,0.0,0.0,0.0,0.0
12,9,1,0,,,,0.35391667,0.0,0.0,0.0,0.0
12,10,1,0,,,,0.36503333,0.0,0.0,0.0,22.24
12,11,1,0,,,,0.34796667,0.0,0.0,0.0,51.59
12,12,1,0,,,,0.38636667,0.0,0.0,0.0,45.93
12,13,1,0,,,,0.37421668,0.0,0.0,0.0,30.34
12,14,1,0,,,,0.37731665,0.0,0.0,0.0,52.84
12,15,1,0,,,,0.35021666,0.0,0.0,0.0,10.3
12,16,1,0,,,,0.54512084,0.0,0.0,0.0,0.22
12,17,1,0,,,,1.0685667,0.0,0.0,0.0,0.0
12,18,1,0,,,,4.4174333,0.0,0.0,0.0,0.0
12,19,1,0,,,,3.0437,0.0,0.0,0.0,0.0
12,20,1,0,,,,1.75435,0.0,0.0,0.0,0.0
12,21,1,0,,,,1.4828,0.0,0.0,0.0,0.0
12,22,1,0,,,,0.61905,0.0,0.0,0.0,0.0
12,23,1,0,,,,0.58681667,0.0,0.0,0.0,0.0
12,24,1,0,,,,0.605725,0.0,0.0,0.0,0.0
12,1,2,0,,,,0.59218335,0.0,0.0,0.0,0.0
12,2,2,0,,,,0.59286666,0.0,0.0,0.0,0.0
12,3,2,0,,,,0.5825167,0.0,0.0,0.0,0.0
12,4,2,0,,,,2.3268666,0.0,0.0,0.0,0.0
12,5,2,0,,,,1.7481333,0.0,0.0,0.0,0.0
12,6,2,0,,,,2.09215,0.0,0.0,0.0,0.0
12,7,2,0,,,,0.5028667,0.0,0.0,0.0,0.0
12,8,2,0,,,,0.37406668,0.0,0.0,0.0,0.0
12,9,2,0,,,,0.3544,0.0,0.0,0.0,0.0
12,10,2,0,,,,0.37603334,0.0,0.0,0.0,11.14
12,11,2,0,,,,0.60075,0.0,0.0,0.0,28.49
12,12,2,0,,,,0.45151666,0.0,0.0,0.0,18.81
12,13,2,0,,,,0.39278334,0.0,0.0,0.0,20.98
12,14,2,0,,,,0.35091665,0.0,0.0,0.0,25.41
12,15,2,0,,,,0.36741668,0.0,0.0,0.0,4.29
12,16,2,0,,,,0.63975,0.0,0.0,0.0,0.0
12,17,2,0,,,,2.4412334,0.0,0.0,0.0,0.0
12,18,2,0,,,,4.1293335,0.0,0.0,0.0,0.0
12,19,2,0,,,,1.2790667,0.0,0.0,0.0,0.0
12,20,2,0,,,,0.99801666,0.0,0.0,0.0,0.0
12,21,2,0,,,,0.59541667,0.0,0.0,0.0,0.0
12,22,2,0,,,,0.59825,0.0,0.0,0.0,0.0
12,23,2,0,,,,0.5967,0.0,0.0,0.0,0.0
12,24,2,0,,,,0.5756583,0.0,0.0,0.0,0.0
12,1,3,0,,,,0.6049167,0.0,0.0,0.0,0.0
12,2,3,0,,,,0.58715,0.0,0.0,0.0,0.0
12,3,3,0,,,,0.6019833,0.0,0.0,0.0,0.0
12,4,3,0,,,,0.5772667,0.0,0.0,0.0,0.0
12,5,3,0,,,,0.5574,0.0,0.0,0.0,0.0
12,6,3,0,,,,1.2268333,0.0,0.0,0.0,0.0
12,7,3,0,,,,0.7072,0.0,0.0,0.0,0.0
12,8,3,0,,,,0.6058,0.0,0.0,0.0,0.0
12,9,3,0,,,,0.4944,0.0,0.0,0.0,0.0
12,10,3,0,,,,0.49365,0.0,0.0,0.0,35.12
12,11,3,0,,,,0.46566668,0.0,0.0,0.0,37.73
12,12,3,0,,,,0.5256,0.0,0.0,0.0,54.4
12,13,3,0,,,,0.46946666,0.0,0.0,0.0,23.83
12,14,3,0,,,,0.4882,0.0,0.0,0.0,19.41
12,15,3,0,,,,0.9045,0.0,0.0,0.0,21.57
12,16,3,0,,,,0.52746665,0.0,0.0,0.0,0.98
12,17,3,0,,,,0.54148334,0.0,0.0,0.0,0.0
12,18,3,0,,,,2.7434833,0.0,0.0,0.0,0.0
12,19,3,0,,,,3.8991833,0.0,0.0,0.0,0.0
12,20,3,0,,,,0.9999,0.0,0.0,0.0,0.0
12,21,3,0,,,,0.93058336,0.0,0.0,0.0,0.0
12,22,3,0,,,,0.59188336,0.0,0.0,0.0,0.0
12,23,3,0,,,,0.5904,0.0,0.0,0.0,0.0
12,24,3,0,,,,0.61199164,0.0,0.0,0.0,0.0
12,1,4,0,,,,0.5772833,0.0,0.0,0.0,0.0
12,2,4,0,,,,0.57271665,0.0,0.0,0.0,0.0
12,3,4,0,,,,0.58265,0.0,0.0,0.0,0.0
12,4,4,0,,,,0.73691666,0.0,0.0,0.0,0.0
12,5,4,0,,,,0.74635,0.0,0.0,0.0,0.0
12,6,4,0,,,,0.6919,0.0,0.0,0.0,0.0
12,7,4,0,,,,0.2494,0.0,0.0,0.0,0.0
12,8,4,0,,,,0.35711667,0.0,0.0,0.0,0.0
12,9,4,0,,,,0.379975,0.0,0.0,0.0,0.0
12,10,4,0,,,,0.39276665,0.0,0.0,0.0,146.87
12,11,4,0,,,,0.38571668,0.0,0.0,0.0,487.41
12,12,4,0,,,,0.7564667,0.0,0.0,0.0,590.6
12,13,4,0,,,,0.6621,0.0,0.0,0.0,597.53
12,14,4,0,,,,0.38953334,0.0,0.0,0.0,554.18
12,15,4,0,,,,0.37706667,0.0,0.0,0.0,253.26
12,16,4,0,,,,0.37808332,0.0,0.0,0.0,8.69
12,17,4,0,,,,1.3443,0.0,0.0,0.0,0.0
12,18,4,0,,,,3.3854167,0.0,0.0,0.0,0.0
12,19,4,0,,,,2.8726332,0.0,0.0,0.0,0.0
12,20,4,0,,,,0.64348334,0.0,0.0,0.0,0.0
12,21,4,0,,,,0.58863336,0.0,0.0,0.0,0.0
12,22,4,0,,,,0.6071333,0.0,0.0,0.0,0.0
12,23,4,0,,,,0.6274667,0.0,0.0,0.0,0.0
12,24,4,0,,,,0.607825,0.0,0.0,0.0,0.0
12,1,5,0,,,,0.5736833,0.0,0.0,0.0,0.0
12,2,5,0,,,,0.6166667,0.0,0.0,0.0,0.0
12,3,5,0,,,,0.60171664,0.0,0.0,0.0,0.0
12,4,5,0,,,,1.9378,0.0,0.0,0.0,0.0
12,5,5,0,,,,1.3622,0.0,0.0,0.0,0.0
12,6,5,0,,,,1.12785,0.0,0.0,0.0,0.0
12,7,5,0,,,,0.66785,0.0,0.0,0.0,0.0
12,8,5,0,,,,0.7330833,0.0,0.0,0.0,0.0
12,9,5,0,,,,0.4304,0.0,0.0,0.0,0.0
12,10,5,0,,,,0.40671667,0.0,0.0,0.0,5.85
12,11,5,0,,,,0.42906666,0.0,0.0,0.0,348.83
12,12,5,0,,,,0.40666667,0.0,0.0,0.0,515.66
12,13,5,0,,,,0.53578335,0.0,0.0,0.0,576.92
12,14,5,0,,,,1.8899333,0.0,0.0,0.0,545.45
12,15,5,0,,,,1.8254167,0.0,0.0,0.0,377.29
12,16,5,0,,,,2.40245,0.0,0.0,0.0,7.41
12,17,5,0,,,,2.3523166,0.0,0.0,0.0,0.0
12,18,5,0,,,,1.35675,0.0,0.0,0.0,0.0
12,19,5,0,,,,3.79165,0.0,0.0,0.0,0.0
12,20,5,0,,,,1.0049,0.0,0.0,0.0,0.0
12,21,5,0,,,,0.95348334,0.0,0.0,0.0,0.0
12,22,5,0,,,,0.5949,0.0,0.0,0.0,0.0
12,23,5,0,,,,0.69668335,0.0,0.0,0.0,0.0
12,24,5,0,,,,3.929125,0.0,0.0,0.0,0.0
12,1,6,0,,,,0.7151833,0.0,0.0,0.0,0.0
12,2,6,0,,,,0.5972833,0.0,0.0,0.0,0.0
12,3,6,0,,,,0.57733333,0.0,0.0,0.0,0.0
12,4,6,0,,,,0.5315,0.0,0.0,0.0,0.0
12,5,6,0,,,,2.8778834,0.0,0.0,0.0,0.0
12,6,6,0,,,,2.1724167,0.0,0.0,0.0,0.0
12,7,6,0,,,,3.4324667,0.0,0.0,0.0,0.0
12,8,6,0,,,,2.73005,0.0,0.0,0.0,0.0
12,9,6,0,,,,4.58395,0.0,0.0,0.0,0.0
12,10,6,0,,,,2.9819167,0.0,0.0,0.0,289.83
12,11,6,0,,,,0.7115,0.0,0.0,0.0,473.75
12,12,6,0,,,,1.3691666,0.0,0.0,0.0,550.88
12,13,6,0,,,,2.1773,0.0,0.0,0.0,484.41
12,14,6,0,,,,1.3398334,0.0,0.0,0.0,481.74
12,15,6,0,,,,0.94738334,0.0,0.0,0.0,274.68
12,16,6,0,,,,3.3750167,0.0,0.0,0.0,6.84
12,17,6,0,,,,1.85525,0.0,0.0,0.0,0.0
12,18,6,0,,,,1.5407833,0.0,0.0,0.0,0.0
12,19,6,0,,,,1.2050166,0.0,0.0,0.0,0.0
12,20,6,0,,,,0.5882,0.0,0.0,0.0,0.0
12,21,6,0,,,,0.56976664,0.0,0.0,0.0,0.0
12,22,6,0,,,,0.59445,0.0,0.0,0.0,0.0
12,23,6,0,,,,0.57128334,0.0,0.0,0.0,0.0
12,24,6,0,,,,0.57416666,0.0,0.0,0.0,0.0
12,1,7,0,,,,0.56265,0.0,0.0,0.0,0.0
12,2,7,0,,,,0.53815,0.0,0.0,0.0,0.0
12,3,7,0,,,,0.57101667,0.0,0.0,0.0,0.0
12,4,7,0,,,,0.54966664,0.0,0.0,0.0,0.0
12,5,7,0,,,,0.7607333,0.0,0.0,0.0,0.0
12,6,7,0,,,,1.546,0.0,0.0,0.0,0.0
12,7,7,0,,,,1.0545167,0.0,0.0,0.0,0.0
12,8,7,0,,,,0.5668167,0.0,0.0,0.0,0.0
12,9,7,0,,,,0.35928333,0.0,0.0,0.0,0.0
12,10,7,0,,,,0.345,0.0,0.0,0.0,210.17
12,11,7,0,,,,0.3287,0.0,0.0,0.0,462.44
12,12,7,0,,,,0.6935667,0.0,0.0,0.0,356.03
12,13,7,0,,,,0.6285,0.0,0.0,0.0,442.92
12,14,7,0,,,,0.8067667,0.0,0.0,0.0,516.67
12,15,7,0,,,,0.83585,0.0,0.0,0.0,298.96
12,16,7,0,,,,0.99476665,0.0,0.0,0.0,9.62
12,17,7,0,,,,1.1544666,0.0,0.0,0.0,0.0
12,18,7,0,,,,1.5116,0.0,0.0,0.0,0.0
12,19,7,0,,,,1.1651,0.0,0.0,0.0,0.0
12,20,7,0,,,,2.5188668,0.0,0.0,0.0,0.0
12,21,7,0,,,,3.9848332,0.0,0.0,0.0,0.0
12,22,7,0,,,,4.0452666,0.0,0.0,0.0,0.0
12,23,7,0,,,,0.5592833,0.0,0.0,0.0,0.0
12,24,7,0,,,,0.53966665,0.0,0.0,0.0,0.0
12,1,1,0,,,,0.5354,0.0,0.0,0.0,0.0
12,2,1,0,,,,0.52375,0.0,0.0,0.0,0.0
12,3,1,0,,,,0.55366665,0.0,0.0,0.0,0.0
12,4,1,0,,,,0.70843333,0.0,0.0,0.0,0.0
12,5,1,0,,,,1.0860667,0.0,0.0,0.0,0.0
12,6,1,0,,,,2.3796666,0.0,0.0,0.0,0.0
12,7,1,0,,,,1.2434666,0.0,0.0,0.0,0.0
12,8,1,0,,,,0.6243,0.0,0.0,0.0,0.0
12,9,1,0,,,,0.31643334,0.0,0.0,0.0,0.0
12,10,1,0,,,,0.31533334,0.0,0.0,0.0,148.53
12,11,1,0,,,,0.46238333,0.0,0.0,0.0,521.39
12,12,1,0,,,,4.0664334,0.0,0.0,0.0,587.01
12,13,1,0,,,,0.82355,0.0,0.0,0.0,579.65
12,14,1,0,,,,0.31173334,0.0,0.0,0.0,532.63
12,15,1,0,,,,0.32136667,0.0,0.0,0.0,380.77
12,16,1,0,,,,0.32003334,0.0,0.0,0.0,8.07
12,17,1,0,,,,1.00825,0.0,0.0,0.0,0.0
12,18,1,0,,,,2.9137332,0.0,0.0,0.0,0.0
12,19,1,0,,,,5.08067,0.0,0.0,0.0,0.0
12,20,1,0,,,,1.3106416,0.0,0.0,0.0,0.0
12,21,1,0,,,,1.1977667,0.0,0.0,0.0,0.0
12,22,1,0,,,,0.97863334,0.0,0.0,0.0,0.0
12,23,1,0,,,,0.67176664,0.0,0.0,0.0,0.0
12,24,1,0,,,,3.5672,0.0,0.0,0.0,0.0
12,1,2,0,,,,0.57965,0.0,0.0,0.0,0.0
12,2,2,0,,,,0.5545667,0.0,0.0,0.0,0.0
12,3,2,0,,,,0.5417333,0.0,0.0,0.0,0.0
12,4,2,0,,,,0.71863335,0.0,0.0,0.0,0.0
12,5,2,0,,,,1.7001333,0.0,0.0,0.0,0.0
12,6,2,0,,,,2.05135,0.0,0.0,0.0,0.0
12,7,2,0,,,,0.40841666,0.0,0.0,0.0,0.0
12,8,2,0,,,,0.33708334,0.0,0.0,0.0,0.0
12,9,2,0,,,,0.34406668,0.0,0.0,0.0,0.0
12,10,2,0,,,,0.3314,0.0,0.0,0.0,155.12
12,11,2,0,,,,0.33491668,0.0,0.0,0.0,396.59
12,12,2,0,,,,0.32873333,0.0,0.0,0.0,526.48
12,13,2,0,,,,0.35735,0.0,0.0,0.0,435.46
12,14,2,0,,,,0.32848334,0.0,0.0,0.0,512.66
12,15,2,0,,,,0.53223336,0.0,0.0,0.0,342.57
12,16,2,0,,,,0.863,0.0,0.0,0.0,6.49
12,17,2,0,,,,1.3319167,0.0,0.0,0.0,0.0
12,18,2,0,,,,2.3516,0.0,0.0,0.0,0.0
12,19,2,0,,,,3.7893834,0.0,0.0,0.0,0.0
12,20,2,0,,,,5.7553167,0.0,0.0,0.0,0.0
12,21,2,0,,,,1.6256666,0.0,0.0,0.0,0.0
12,22,2,0,,,,0.99263334,0.0,0.0,0.0,0.0
12,23,2,0,,,,0.6378833,0.0,0.0,0.0,0.0
12,24,2,0,,,,0.54688334,0.0,0.0,0.0,0.0
12,1,3,0,,,,0.57458335,0.0,0.0,0.0,0.0
12,2,3,0,,,,0.5617667,0.0,0.0,0.0,0.0
12,3,3,0,,,,0.59415,0.0,0.0,0.0,0.0
12,4,3,0,,,,0.57325,0.0,0.0,0.0,0.0
12,5,3,0,,,,0.57015,0.0,0.0,0.0,0.0
12,6,3,0,,,,1.9745,0.0,0.0,0.0,0.0
12,7,3,0,,,,0.47645,0.0,0.0,0.0,0.0
12,8,3,0,,,,0.46965,0.0,0.0,0.0,0.0
12,9,3,0,,,,0.34783334,0.0,0.0,0.0,0.0
12,10,3,0,,,,0.32508335,0.0,0.0,0.0,22.04
12,11,3,0,,,,0.34931666,0.0,0.0,0.0,36.54
12,12,3,0,,,,0.33806667,0.0,0.0,0.0,51.92
12,13,3,0,,,,0.3686,0.0,0.0,0.0,48.72
12,14,3,0,,,,0.46245,0.0,0.0,0.0,20.18
12,15,3,0,,,,0.8666,0.0,0.0,0.0,99.91
12,16,3,0,,,,1.0725,0.0,0.0,0.0,9.76
12,17,3,0,,,,4.9958334,0.0,0.0,0.0,0.0
12,18,3,0,,,,3.8131166,0.0,0.0,0.0,0.0
12,19,3,0,,,,1.3577,0.0,0.0,0.0,0.0
12,20,3,0,,,,0.7280667,0.0,0.0,0.0,0.0
12,21,3,0,,,,0.7523,0.0,0.0,0.0,0.0
12,22,3,0,,,,0.5568,0.0,0.0,0.0,0.0
12,23,3,0,,,,0.5380667,0.0,0.0,0.0,0.0
12,24,3,0,,,,0.5598,0.0,0.0,0.0,0.0
12,1,4,0,,,,2.99935,0.0,0.0,0.0,0.0
12,2,4,0,,,,1.7944,0.0,0.0,0.0,0.0
12,3,4,0,,,,0.61585,0.0,0.0,0.0,0.0
12,4,4,0,,,,0.6634833,0.0,0.0,0.0,0.0
12,5,4,0,,,,0.71568334,0.0,0.0,0.0,0.0
12,6,4,0,,,,1.3254833,0.0,0.0,0.0,0.0
12,7,4,0,,,,0.7187,0.0,0.0,0.0,0.0
12,8,4,0,,,,0.42176667,0.0,0.0,0.0,0.0
12,9,4,0,,,,0.38258332,0.0,0.0,0.0,0.0
12,10,4,0,,,,0.77026665,0.0,0.0,0.0,7.6
12,11,4,0,,,,0.90496665,0.0,0.0,0.0,99.98
12,12,4,0,,,,3.9697,0.0,0.0,0.0,57.01
12,13,4,0,,,,1.6532667,0.0,0.0,0.0,25.09
12,14,4,0,,,,0.47351667,0.0,0.0,0.0,15.22
12,15,4,0,,,,0.40545,0.0,0.0,0.0,3.0
12,16,4,0,,,,0.80075,0.0,0.0,0.0,5.67
12,17,4,0,,,,1.9791666,0.0,0.0,0.0,0.0
12,18,4,0,,,,2.4104667,0.0,0.0,0.0,0.0
12,19,4,0,,,,1.8291167,0.0,0.0,0.0,0.0
12,20,4,0,,,,0.8804,0.0,0.0,0.0,0.0
12,21,4,0,,,,0.79045,0.0,0.0,0.0,0.0
12,22,4,0,,,,0.59676665,0.0,0.0,0.0,0.0
12,23,4,0,,,,0.57816666,0.0,0.0,0.0,0.0
12,24,4,0,,,,0.55275,0.0,0.0,0.0,0.0
12,1,5,0,,,,2.35615,0.0,0.0,0.0,0.0
12,2,5,0,,,,1.68575,0.0,0.0,0.0,0.0
12,3,5,0,,,,0.57633334,0.0,0.0,0.0,0.0
12,4,5,0,,,,0.76483333,0.0,0.0,0.0,0.0
12,5,5,0,,,,1.55195,0.0,0.0,0.0,0.0
12,6,5,0,,,,1.3356167,0.0,0.0,0.0,0.0
12,7,5,0,,,,0.3379,0.0,0.0,0.0,0.0
12,8,5,0,,,,0.35121667,0.0,0.0,0.0,0.0
12,9,5,0,,,,0.32531667,0.0,0.0,0.0,0.0
12,10,5,0,,,,0.35493332,0.0,0.0,0.0,5.79
12,11,5,0,,,,0.46035,0.0,0.0,0.0,20.09
12,12,5,0,,,,3.5457,0.0,0.0,0.0,12.5
12,13,5,0,,,,0.7376,0.0,0.0,0.0,12.45
12,14,5,0,,,,0.6581,0.0,0.0,0.0,7.41
12,15,5,0,,,,0.98013335,0.0,0.0,0.0,176.25
12,16,5,0,,,,2.7759833,0.0,0.0,0.0,11.36
12,17,5,0,,,,2.05335,0.0,0.0,0.0,0.0
12,18,5,0,,,,1.3852167,0.0,0.0,0.0,0.0
12,19,5,0,,,,0.8229167,0.0,0.0,0.0,0.0
12,20,5,0,,,,0.5673,0.0,0.0,0.0,0.0
12,21,5,0,,,,0.5923833,0.0,0.0,0.0,0.0
12,22,5,0,,,,0.5739167,0.0,0.0,0.0,0.0
12,23,5,0,,,,0.5865833,0.0,0.0,0.0,0.0
12,24,5,0,,,,0.5637417,0.0,0.0,0.0,0.0
12,1,6,0,,,,0.5638667,0.0,0.0,0.0,0.0
12,2,6,0,,,,3.2037,0.0,0.0,0.0,0.0
12,3,6,0,,,,0.68265,0.0,0.0,0.0,0.0
12,4,6,0,,,,2.0419667,0.0,0.0,0.0,0.0
12,5,6,0,,,,1.12615,0.0,0.0,0.0,0.0
12,6,6,0,,,,1.8898833,0.0,0.0,0.0,0.0
12,7,6,0,,,,1.5733666,0.0,0.0,0.0,0.0
12,8,6,0,,,,1.1545833,0.0,0.0,0.0,0.0
12,9,6,0,,,,2.3365333,0.0,0.0,0.0,0.0
12,10,6,0,,,,2.61635,0.0,0.0,0.0,73.79
12,11,6,0,,,,0.88531667,0.0,0.0,0.0,53.49
12,12,6,0,,,,4.194667,0.0,0.0,0.0,27.62
12,13,6,0,,,,0.77286667,0.0,0.0,0.0,38.84
12,14,6,0,,,,0.33178332,0.0,0.0,0.0,16.07
12,15,6,0,,,,1.3369334,0.0,0.0,0.0,34.59
12,16,6,0,,,,0.8962833,0.0,0.0,0.0,11.61
12,17,6,0,,,,0.49618334,0.0,0.0,0.0,0.0
12,18,6,0,,,,1.69955,0.0,0.0,0.0,0.0
12,19,6,0,,,,1.5901333,0.0,0.0,0.0,0.0
12,20,6,0,,,,1.0425667,0.0,0.0,0.0,0.0
12,21,6,0,,,,1.31485,0.0,0.0,0.0,0.0
12,22,6,0,,,,0.5617333,0.0,0.0,0.0,0.0
12,23,6,0,,,,0.5462667,0.0,0.0,0.0,0.0
12,24,6,0,,,,0.45445,0.0,0.0,0.0,0.0
12,1,7,0,,,,0.50581664,0.0,0.0,0.0,0.0
12,2,7,0,,,,0.50408334,0.0,0.0,0.0,0.0
12,3,7,0,,,,0.48268333,0.0,0.0,0.0,0.0
12,4,7,0,,,,0.5115,0.0,0.0,0.0,0.0
12,5,7,0,,,,1.5080833,0.0,0.0,0.0,0.0
12,6,7,0,,,,2.59175,0.0,0.0,0.0,0.0
12,7,7,0,,,,2.6889167,0.0,0.0,0.0,0.0
12,8,7,0,,,,1.0261667,0.0,0.0,0.0,0.0
12,9,7,0,,,,0.9483,0.0,0.0,0.0,0.0
12,10,7,0,,,,0.72568333,0.0,0.0,0.0,6.49
12,11,7,0,,,,0.40005,0.0,0.0,0.0,14.9
12,12,7,0,,,,0.33616668,0.0,0.0,0.0,32.33
12,13,7,0,,,,0.28321666,0.0,0.0,0.0,16.94
12,14,7,0,,,,0.3567,0.0,0.0,0.0,7.06
12,15,7,0,,,,0.2912,0.0,0.0,0.0,5.87
12,16,7,0,,,,0.31928334,0.0,0.0,0.0,0.0
12,17,7,0,,,,0.31665,0.0,0.0,0.0,0.0
12,18,7,0,,,,1.8768166,0.0,0.0,0.0,0.0
12,19,7,0,,,,1.6125667,0.0,0.0,0.0,0.0
12,20,7,0,,,,1.3608,0.0,0.0,0.0,0.0
12,21,7,0,,,,1.6043,0.0,0.0,0.0,0.0
12,22,7,0,,,,0.5556,0.0,0.0,0.0,0.0
12,23,7,0,,,,0.55553335,0.0,0.0,0.0,0.0
12,24,7,0,,,,0.559625,0.0,0.0,0.0,0.0
12,1,1,0,,,,0.57555,0.0,0.0,0.0,0.0
12,2,1,0,,,,0.4915,0.0,0.0,0.0,0.0
12,3,1,0,,,,0.89028335,0.0,0.0,0.0,0.0
12,4,1,0,,,,0.88963336,0.0,0.0,0.0,0.0
12,5,1,0,,,,0.70056665,0.0,0.0,0.0,0.0
12,6,1,0,,,,2.7220833,0.0,0.0,0.0,0.0
12,7,1,0,,,,1.9219667,0.0,0.0,0.0,0.0
12,8,1,0,,,,0.8692333,0.0,0.0,0.0,0.0
12,9,1,0,,,,0.7682,0.0,0.0,0.0,0.0
12,10,1,0,,,,1.0935833,0.0,0.0,0.0,4.74
12,11,1,0,,,,2.0451834,0.0,0.0,0.0,10.87
12,12,1,0,,,,0.92726666,0.0,0.0,0.0,16.26
12,13,1,0,,,,0.94818336,0.0,0.0,0.0,12.17
12,14,1,0,,,,1.42905,0.0,0.0,0.0,14.18
12,15,1,0,,,,3.7888167,0.0,0.0,0.0,6.47
12,16,1,0,,,,3.73375,0.0,0.0,0.0,0.0
12,17,1,0,,,,4.1258335,0.0,0.0,0.0,0.0
12,18,1,0,,,,1.3626833,0.0,0.0,0.0,0.0
12,19,1,0,,,,2.8754168,0.0,0.0,0.0,0.0
12,20,1,0,,,,0.5564333,0.0,0.0,0.0,0.0
12,21,1,0,,,,0.5487667,0.0,0.0,0.0,0.0
12,22,1,0,,,,0.74838334,0.0,0.0,0.0,0.0
12,23,1,0,,,,0.7270167,0.0,0.0,0.0,0.0
12,24,1,0,,,,0.81204164,0.0,0.0,0.0,0.0
12,1,2,0,,,,2.8777168,0.0,0.0,0.0,0.0
12,2,2,0,,,,0.80053335,0.0,0.0,0.0,0.0
12,3,2,0,,,,0.5610833,0.0,0.0,0.0,0.0
12,4,2,0,,,,1.1705834,0.0,0.0,0.0,0.0
12,5,2,0,,,,2.422,0.0,0.0,0.0,0.0
12,6,2,0,,,,1.6233833,0.0,0.0,0.0,0.0
12,7,2,0,,,,0.81698334,0.0,0.0,0.0,0.0
12,8,2,0,,,,1.15125,0.0,0.0,0.0,0.0
12,9,2,0,,,,0.76105,0.0,0.0,0.0,0.0
12,10,2,0,,,,0.6318833,0.0,0.0,0.0,26.52
12,11,2,0,,,,0.7244,0.0,0.0,0.0,29.85
12,12,2,0,,,,4.2622666,0.0,0.0,0.0,48.64
12,13,2,0,,,,1.4196833,0.0,0.0,0.0,31.36
12,14,2,0,,,,0.6397667,0.0,0.0,0.0,38.36
12,15,2,0,,,,0.63386667,0.0,0.0,0.0,134.36
12,16,2,0,,,,0.91618335,0.0,0.0,0.0,12.62
12,17,2,0,,,,1.6815166,0.0,0.0,0.0,0.0
12,18,2,0,,,,1.6429666,0.0,0.0,0.0,0.0
12,19,2,0,,,,4.4184833,0.0,0.0,0.0,0.0
12,20,2,0,,,,1.1978834,0.0,0.0,0.0,0.0
12,21,2,0,,,,1.20805,0.0,0.0,0.0,0.0
12,22,2,0,,,,0.71775,0.0,0.0,0.0,0.0
12,23,2,0,,,,0.55441666,0.0,0.0,0.0,0.0
12,24,2,0,,,,0.50876665,0.0,0.0,0.0,0.0
12,1,3,0,,,,0.5337167,0.0,0.0,0.0,0.0
12,2,3,0,,,,0.57121664,0.0,0.0,0.0,0.0
12,3,3,0,,,,0.5046833,0.0,0.0,0.0,0.0
12,4,3,0,,,,0.6051,0.0,0.0,0.0,0.0
12,5,3,0,,,,0.86483335,0.0,0.0,0.0,0.0
12,6,3,0,,,,1.4683833,0.0,0.0,0.0,0.0
12,7,3,0,,,,0.45748338,0.0,0.0,0.0,0.0
12,8,3,0,,,,0.30478334,0.0,0.0,0.0,0.0
12,9,3,0,,,,0.35115,0.0,0.0,0.0,0.0
12,10,3,0,,,,0.42175,0.0,0.0,0.0,15.22
12,11,3,0,,,,0.87808335,0.0,0.0,0.0,29.13
12,12,3,0,,,,3.2851334,0.0,0.0,0.0,23.79
12,13,3,0,,,,1.89915,0.0,0.0,0.0,19.36
12,14,3,0,,,,0.74523336,0.0,0.0,0.0,24.45
12,15,3,0,,,,0.2943,0.0,0.0,0.0,20.06
12,16,3,0,,,,0.34185,0.0,0.0,0.0,6.58
12,17,3,0,,,,0.33936667,0.0,0.0,0.0,0.0
12,18,3,0,,,,0.34333333,0.0,0.0,0.0,0.0
12,19,3,0,,,,0.44178334,0.0,0.0,0.0,0.0
12,20,3,0,,,,0.47651666,0.0,0.0,0.0,0.0
12,21,3,0,,,,0.50986665,0.0,0.0,0.0,0.0
12,22,3,0,,,,0.50586665,0.0,0.0,0.0,0.0
12,23,3,0,,,,0.5237667,0.0,0.0,0.0,0.0
12,24,3,0,,,,0.5114667,0.0,0.0,0.0,0.0
12,1,4,0,,,,0.49011666,0.0,0.0,0.0,0.0
12,2,4,0,,,,0.507,0.0,0.0,0.0,0.0
12,3,4,0,,,,0.49436668,0.0,0.0,0.0,0.0
12,4,4,0,,,,0.6552,0.0,0.0,0.0,0.0
12,5,4,0,,,,0.6516333,0.0,0.0,0.0,0.0
12,6,4,0,,,,1.015,0.0,0.0,0.0,0.0
12,7,4,0,,,,0.4091667,0.0,0.0,0.0,0.0
12,8,4,0,,,,0.78686666,0.0,0.0,0.0,0.0
12,9,4,0,,,,1.1136667,0.0,0.0,0.0,0.0
12,10,4,0,,,,0.83918333,0.0,0.0,0.0,87.02
12,11,4,0,,,,2.7849333,0.0,0.0,0.0,91.35
12,12,4,0,,,,0.89538336,0.0,0.0,0.0,51.64
12,13,4,0,,,,0.30468333,0.0,0.0,0.0,30.91
12,14,4,0,,,,0.27933332,0.0,0.0,0.0,27.03
12,15,4,0,,,,0.34418333,0.0,0.0,0.0,13.88
12,16,4,0,,,,0.58811665,0.0,0.0,0.0,4.3
12,17,4,0,,,,1.5033667,0.0,0.0,0.0,0.0
12,18,4,0,,,,1.7882333,0.0,0.0,0.0,0.0
12,19,4,0,,,,1.4749833,0.0,0.0,0.0,0.0
12,20,4,0,,,,0.9970833,0.0,0.0,0.0,0.0
12,21,4,0,,,,1.0003166,0.0,0.0,0.0,0.0
12,22,4,0,,,,1.0080333,0.0,0.0,0.0,0.0
12,23,4,0,,,,0.6953833,0.0,0.0,0.0,0.0
12,24,4,0,,,,0.60176665,0.0,0.0,0.0,0.0
12,1,5,0,,,,0.58071667,0.0,0.0,0.0,0.0
12,2,5,0,,,,0.5804833,0.0,0.0,0.0,0.0
12,3,5,0,,,,0.5782667,0.0,0.0,0.0,0.0
12,4,5,0,,,,0.72903335,0.0,0.0,0.0,0.0
12,5,5,0,,,,0.66925,0.0,0.0,0.0,0.0
12,6,5,0,,,,0.91235,0.0,0.0,0.0,0.0
12,7,5,0,,,,1.2339833,0.0,0.0,0.0,0.0
12,8,5,0,,,,1.1056167,0.0,0.0,0.0,0.0
12,9,5,0,,,,1.1315334,0.0,0.0,0.0,0.0
12,10,5,0,,,,0.7496,0.0,0.0,0.0,17.66
12,11,5,0,,,,0.74345,0.0,0.0,0.0,30.43
12,12,5,0,,,,1.0644,0.0,0.0,0.0,131.62
12,13,5,0,,,,1.21845,0.0,0.0,0.0,20.44
12,14,5,0,,,,3.4292333,0.0,0.0,0.0,9.89
12,15,5,0,,,,2.4105167,0.0,0.0,0.0,4.33
12,16,5,0,,,,1.6506833,0.0,0.0,0.0,0.03
12,17,5,0,,,,1.26215,0.0,0.0,0.0,0.0
12,18,5,0,,,,0.8983167,0.0,0.0,0.0,0.0
12,19,5,0,,,,0.88335,0.0,0.0,0.0,0.0
12,20,5,0,,,,0.86148334,0.0,0.0,0.0,0.0
12,21,5,0,,,,0.621,0.0,0.0,0.0,0.0
12,22,5,0,,,,0.5729,0.0,0.0,0.0,0.0
12,23,5,0,,,,0.6126,0.0,0.0,0.0,0.0
12,24,5,0,,,,0.6105,0.0,0.0,0.0,0.0
12,1,6,0,,,,1.5526667,0.0,0.0,0.0,0.0
12,2,6,0,,,,2.6286333,0.0,0.0,0.0,0.0
12,3,6,0,,,,0.57241666,0.0,0.0,0.0,0.0
12,4,6,0,,,,0.62595,0.0,0.0,0.0,0.0
12,5,6,0,,,,0.60938334,0.0,0.0,0.0,0.0
12,6,6,0,,,,1.6508334,0.0,0.0,0.0,0.0
12,7,6,0,,,,1.3414,0.0,0.0,0.0,0.0
12,8,6,0,,,,1.2978166,0.0,0.0,0.0,0.0
12,9,6,0,,,,1.8158833,0.0,0.0,0.0,0.0
12,10,6,0,,,,2.0657334,0.0,0.0,0.0,318.81
12,11,6,0,,,,2.6170666,0.0,0.0,0.0,440.61
12,12,6,0,,,,2.07125,0.0,0.0,0.0,547.75
12,13,6,0,,,,2.1453,0.0,0.0,0.0,30.19
12,14,6,0,,,,1.69675,0.0,0.0,0.0,24.95
12,15,6,0,,,,0.79576665,0.0,0.0,0.0,25.72
12,16,6,0,,,,0.76351666,0.0,0.0,0.0,8.37
12,17,6,0,,,,0.75595,0.0,0.0,0.0,0.0
12,18,6,0,,,,1.8252,0.0,0.0,0.0,0.0
12,19,6,0,,,,1.0843667,0.0,0.0,0.0,0.0
12,20,6,0,,,,1.3543,0.0,0.0,0.0,0.0
12,21,6,0,,,,1.381,0.0,0.0,0.0,0.0
12,22,6,0,,,,0.74901664,0.0,0.0,0.0,0.0
12,23,6,0,,,,0.7445889,0.0,0.0,0.0,0.0
12,24,6,0,,,,0.7435167,0.0,0.0,0.0,0.0
1,1,7,0,,,,0.74703336,0.0,0.0,0.0,0.0
1,2,7,0,,,,0.77813333,0.0,0.0,0.0,0.0
1,3,7,0,,,,0.7445833,0.0,0.0,0.0,0.0
1,4,7,0,,,,0.70584,0.0,0.0,0.0,0.0
1,5,7,0,,,,0.7500333,0.0,0.0,0.0,0.0
1,6,7,0,,,,2.55475,0.0,0.0,0.0,0.0
1,7,7,0,,,,2.2208834,0.0,0.0,0.0,0.0
1,8,7,0,,,,1.0365334,0.0,0.0,0.0,0.0
1,9,7,0,,,,0.7109333,0.0,0.0,0.0,0.0
1,10,7,0,,,,0.7888833,0.0,0.0,0.0,1.25
1,11,7,0,,,,0.7601167,0.0,0.0,0.0,33.36
1,12,7,0,,,,1.7569333,0.0,0.0,0.0,43.51
1,13,7,0,,,,0.84178334,0.0,0.0,0.0,9.84
1,14,7,0,,,,0.8857167,0.0,0.0,0.0,117.26
1,15,7,0,,,,1.3238167,0.0,0.0,0.0,21.69
1,16,7,0,,,,1.62075,0.0,0.0,0.0,0.78
1,17,7,0,,,,1.8434167,0.0,0.0,0.0,0.0
1,18,7,0,,,,1.52065,0.0,0.0,0.0,0.0
1,19,7,0,,,,1.2205833,0.0,0.0,0.0,0.0
1,20,7,0,,,,2.5766,0.0,0.0,0.0,0.0
1,21,7,0,,,,3.8796833,0.0,0.0,0.0,0.0
1,22,7,0,,,,1.4369167,0.0,0.0,0.0,0.0
1,23,7,0,,,,0.5825167,0.0,0.0,0.0,0.0
1,24,7,0,,,,0.5998667,0.0,0.0,0.0,0.0
1,1,1,0,,,,0.72585,0.0,0.0,0.0,0.0
1,2,1,0,,,,0.9769667,0.0,0.0,0.0,0.0
1,3,1,0,,,,1.0443333,0.0,0.0,0.0,0.0
1,4,1,0,,,,0.56121665,0.0,0.0,0.0,0.0
1,5,1,0,,,,0.59035,0.0,0.0,0.0,0.0
1,6,1,0,,,,1.8890667,0.0,0.0,0.0,0.0
1,7,1,0,,,,3.5579667,0.0,0.0,0.0,0.0
1,8,1,0,,,,0.9910833,0.0,0.0,0.0,0.0
1,9,1,0,,,,0.9521833,0.0,0.0,0.0,0.0
1,10,1,0,,,,1.5897833,0.0,0.0,0.0,309.29
1,11,1,0,,,,3.0040166,0.0,0.0,0.0,279.12
1,12,1,0,,,,2.6913834,0.0,0.0,0.0,72.17
1,13,1,0,,,,2.59455,0.0,0.0,0.0,28.42
1,14,1,0,,,,2.2723167,0.0,0.0,0.0,42.39
1,15,1,0,,,,1.7063167,0.0,0.0,0.0,56.22
1,16,1,0,,,,1.70275,0.0,0.0,0.0,0.02
1,17,1,0,,,,1.6701,0.0,0.0,0.0,0.0
1,18,1,0,,,,1.0733,0.0,0.0,0.0,0.0
1,19,1,0,,,,4.1309,0.0,0.0,0.0,0.0
1,20,1,0,,,,3.3761168,0.0,0.0,0.0,0.0
1,21,1,0,,,,1.982,0.0,0.0,0.0,0.0
1,22,1,0,,,,0.7298167,0.0,0.0,0.0,0.0
1,23,1,0,,,,0.5566667,0.0,0.0,0.0,0.0
1,24,1,0,,,,0.56184167,0.0,0.0,0.0,0.0
1,1,2,0,,,,0.51745,0.0,0.0,0.0,0.0
1,2,2,0,,,,0.579,0.0,0.0,0.0,0.0
1,3,2,0,,,,0.5665,0.0,0.0,0.0,0.0
1,4,2,0,,,,0.56045,0.0,0.0,0.0,0.0
1,5,2,0,,,,0.55723333,0.0,0.0,0.0,0.0
1,6,2,0,,,,1.4631833,0.0,0.0,0.0,0.0
1,7,2,0,,,,0.67041665,0.0,0.0,0.0,0.0
1,8,2,0,,,,0.76138335,0.0,0.0,0.0,0.0
1,9,2,0,,,,1.7647333,0.0,0.0,0.0,0.0
1,10,2,0,,,,3.6507168,0.0,0.0,0.0,112.76
1,11,2,0,,,,0.92431664,0.0,0.0,0.0,127.45
1,12,2,0,,,,0.7991667,0.0,0.0,0.0,210.95
1,13,2,0,,,,0.64568335,0.0,0.0,0.0,461.88
1,14,2,0,,,,0.51483333,0.0,0.0,0.0,74.03
1,15,2,0,,,,0.49555,0.0,0.0,0.0,12.54
1,16,2,0,,,,1.2229667,0.0,0.0,0.0,5.49
1,17,2,0,,,,7.0536666,0.0,0.0,0.0,0.0
1,18,2,0,,,,1.8122333,0.0,0.0,0.0,0.0
1,19,2,0,,,,1.64605,0.0,0.0,0.0,0.0
1,20,2,0,,,,1.0846,0.0,0.0,0.0,0.0
1,21,2,0,,,,1.61495,0.0,0.0,0.0,0.0
1,22,2,0,,,,0.8925,0.0,0.0,0.0,0.0
1,23,2,0,,,,0.9487333,0.0,0.0,0.0,0.0
1,24,2,0,,,,4.02455,0.0,0.0,0.0,0.0
1,1,3,0,,,,2.1252832,0.0,0.0,0.0,0.0
1,2,3,0,,,,0.7614167,0.0,0.0,0.0,0.0
1,3,3,0,,,,0.7732667,0.0,0.0,0.0,0.0
1,4,3,0,,,,0.78616667,0.0,0.0,0.0,0.0
1,5,3,0,,,,0.75921667,0.0,0.0,0.0,0.0
1,6,3,0,,,,1.9310167,0.0,0.0,0.0,0.0
1,7,3,0,,,,0.5694667,0.0,0.0,0.0,0.0
1,8,3,0,,,,0.75135,0.0,0.0,0.0,0.0
1,9,3,0,,,,0.8207167,0.0,0.0,0.0,0.0
1,10,3,0,,,,0.78816664,0.0,0.0,0.0,27.01
1,11,3,0,,,,0.9518833,0.0,0.0,0.0,59.67
1,12,3,0,,,,0.94815,0.0,0.0,0.0,136.8
1,13,3,0,,,,1.2382667,0.0,0.0,0.0,200.33
1,14,3,0,,,,1.2235833,0.0,0.0,0.0,41.28
1,15,3,0,,,,0.61403334,0.0,0.0,0.0,15.38
1,16,3,0,,,,0.51545,0.0,0.0,0.0,7.98
1,17,3,0,,,,0.5591,0.0,0.0,0.0,0.0
1,18,3,0,,,,0.51496667,0.0,0.0,0.0,0.0
1,19,3,0,,,,1.6825334,0.0,0.0,0.0,0.0
1,20,3,0,,,,1.2026334,0.0,0.0,0.0,0.0
1,21,3,0,,,,0.9275,0.0,0.0,0.0,0.0
1,22,3,0,,,,0.9849167,0.0,0.0,0.0,0.0
1,23,3,0,,,,1.0172666,0.0,0.0,0.0,0.0
1,24,3,0,,,,3.9327583,0.0,0.0,0.0,0.0
1,1,4,0,,,,1.2520334,0.0,0.0,0.0,0.0
1,2,4,0,,,,0.53503335,0.0,0.0,0.0,0.0
1,3,4,0,,,,0.5408667,0.0,0.0,0.0,0.0
1,4,4,0,,,,0.57713336,0.0,0.0,0.0,0.0
1,5,4,0,,,,0.59,0.0,0.0,0.0,0.0
1,6,4,0,,,,0.79246664,0.0,0.0,0.0,0.0
1,7,4,0,,,,1.9508166,0.0,0.0,0.0,0.0
1,8,4,0,,,,1.4100833,0.0,0.0,0.0,0.0
1,9,4,0,,,,0.992925,0.0,0.0,0.0,0.0
1,10,4,0,,,,0.34490833,0.0,0.0,0.0,20.09
1,11,4,0,,,,0.5661,0.0,0.0,0.0,345.86
1,12,4,0,,,,3.26495,0.0,0.0,0.0,43.52
1,13,4,0,,,,1.9166833,0.0,0.0,0.0,309.9
1,14,4,0,,,,1.4806334,0.0,0.0,0.0,129.79
1,15,4,0,,,,1.2363167,0.0,0.0,0.0,248.36
1,16,4,0,,,,0.91045,0.0,0.0,0.0,238.71
1,17,4,0,,,,1.0429167,0.0,0.0,0.0,0.0
1,18,4,0,,,,1.5646167,0.0,0.0,0.0,0.0
1,19,4,0,,,,1.3356167,0.0,0.0,0.0,0.0
1,20,4,0,,,,1.1175333,0.0,0.0,0.0,0.0
1,21,4,0,,,,0.80521667,0.0,0.0,0.0,0.0
1,22,4,0,,,,0.5006,0.0,0.0,0.0,0.0
1,23,4,0,,,,0.5502667,0.0,0.0,0.0,0.0
1,24,4,0,,,,1.4284667,0.0,0.0,0.0,0.0
1,1,5,0,,,,2.5769,0.0,0.0,0.0,0.0
1,2,5,0,,,,0.5731,0.0,0.0,0.0,0.0
1,3,5,0,,,,0.55995,0.0,0.0,0.0,0.0
1,4,5,0,,,,0.50696665,0.0,0.0,0.0,0.0
1,5,5,0,,,,0.73751664,0.0,0.0,0.0,0.0
1,6,5,0,,,,1.5289667,0.0,0.0,0.0,0.0
1,7,5,0,,,,0.9647834,0.0,0.0,0.0,0.0
1,8,5,0,,,,1.10395,0.0,0.0,0.0,0.0
1,9,5,0,,,,1.8818834,0.0,0.0,0.0,0.0
1,10,5,0,,,,0.85473335,0.0,0.0,0.0,83.72
1,11,5,0,,,,0.34186667,0.0,0.0,0.0,174.0
1,12,5,0,,,,0.35061666,0.0,0.0,0.0,181.71
1,13,5,0,,,,0.3288,0.0,0.0,0.0,688.14
1,14,5,0,,,,0.3101,0.0,0.0,0.0,147.72
1,15,5,0,,,,0.35566667,0.0,0.0,0.0,319.34
1,16,5,0,,,,0.51781666,0.0,0.0,0.0,264.94
1,17,5,0,,,,1.4419667,0.0,0.0,0.0,0.0
1,18,5,0,,,,1.8324667,0.0,0.0,0.0,0.0
1,19,5,0,,,,1.5354333,0.0,0.0,0.0,0.0
1,20,5,0,,,,0.91821665,0.0,0.0,0.0,0.0
1,21,5,0,,,,0.59078336,0.0,0.0,0.0,0.0
1,22,5,0,,,,0.53746665,0.0,0.0,0.0,0.0
1,23,5,0,,,,0.68843335,0.0,0.0,0.0,0.0
1,24,5,0,,,,0.7645583,0.0,0.0,0.0,0.0
1,1,6,0,,,,0.5644,0.0,0.0,0.0,0.0
1,2,6,0,,,,0.5481667,0.0,0.0,0.0,0.0
1,3,6,0,,,,0.55008334,0.0,0.0,0.0,0.0
1,4,6,0,,,,0.50275,0.0,0.0,0.0,0.0
1,5,6,0,,,,0.50295,0.0,0.0,0.0,0.0
1,6,6,0,,,,2.1030834,0.0,0.0,0.0,0.0
1,7,6,0,,,,1.34475,0.0,0.0,0.0,0.0
1,8,6,0,,,,4.1556168,0.0,0.0,0.0,0.0
1,9,6,0,,,,1.3389833,0.0,0.0,0.0,0.0
1,10,6,0,,,,1.2885667,0.0,0.0,0.0,85.68
1,11,6,0,,,,4.3369665,0.0,0.0,0.0,121.14
1,12,6,0,,,,3.6179333,0.0,0.0,0.0,219.59
1,13,6,0,,,,0.8268167,0.0,0.0,0.0,328.31
1,14,6,0,,,,0.69773334,0.0,0.0,0.0,239.53
1,15,6,0,,,,0.3658,0.0,0.0,0.0,61.09
1,16,6,0,,,,0.40208334,0.0,0.0,0.0,19.38
1,17,6,0,,,,0.38505,0.0,0.0,0.0,0.0
1,18,6,0,,,,0.40181667,0.0,0.0,0.0,0.0
1,19,6,0,,,,0.37353334,0.0,0.0,0.0,0.0
1,20,6,0,,,,0.40318334,0.0,0.0,0.0,0.0
1,21,6,0,,,,0.501,0.0,0.0,0.0,0.0
1,22,6,0,,,,0.5240167,0.0,0.0,0.0,0.0
1,23,6,0,,,,0.44846666,0.0,0.0,0.0,0.0
1,24,6,0,,,,0.42131665,0.0,0.0,0.0,0.0
1,1,7,0,,,,0.4539,0.0,0.0,0.0,0.0
1,2,7,0,,,,0.44005,0.0,0.0,0.0,0.0
1,3,7,0,,,,0.45155,0.0,0.0,0.0,0.0
1,4,7,0,,,,0.42635,0.0,0.0,0.0,0.0
1,5,7,0,,,,0.4155,0.0,0.0,0.0,0.0
1,6,7,0,,,,0.33518332,0.0,0.0,0.0,0.0
1,7,7,0,,,,0.11268337,0.0,0.0,0.0,0.0
1,8,7,0,,,,1.17485,0.0,0.0,0.0,0.0
1,9,7,0,,,,1.2949667,0.0,0.0,0.0,0.0
1,10,7,0,,,,1.6302167,0.0,0.0,0.0,305.87
1,11,7,0,,,,0.55475,0.0,0.0,0.0,299.96
1,12,7,0,,,,0.38616666,0.0,0.0,0.0,325.18
1,13,7,0,,,,0.35921666,0.0,0.0,0.0,250.55
1,14,7,0,,,,0.3435,0.0,0.0,0.0,302.2
1,15,7,0,,,,0.3864,0.0,0.0,0.0,106.87
1,16,7,0,,,,0.48778334,0.0,0.0,0.0,21.0
1,17,7,0,,,,1.4393166,0.0,0.0,0.0,0.0
1,18,7,0,,,,1.5692166,0.0,0.0,0.0,0.0
1,19,7,0,,,,4.1354165,0.0,0.0,0.0,0.0
1,20,7,0,,,,1.0848666,0.0,0.0,0.0,0.0
1,21,7,0,,,,1.0636834,0.0,0.0,0.0,0.0
1,22,7,0,,,,0.58811665,0.0,0.0,0.0,0.0
1,23,7,0,,,,0.61758333,0.0,0.0,0.0,0.0
1,24,7,0,,,,0.5897667,0.0,0.0,0.0,0.0
1,1,1,0,,,,0.5848333,0.0,0.0,0.0,0.0
1,2,1,0,,,,0.57888335,0.0,0.0,0.0,0.0
1,3,1,0,,,,0.5780333,0.0,0.0,0.0,0.0
1,4,1,0,,,,0.7048,0.0,0.0,0.0,0.0
1,5,1,0,,,,1.06855,0.0,0.0,0.0,0.0
1,6,1,0,,,,1.3096,0.0,0.0,0.0,0.0
1,7,1,0,,,,0.45891666,0.0,0.0,0.0,0.0
1,8,1,0,,,,0.40773332,0.0,0.0,0.0,0.0
1,9,1,0,,,,0.42293334,0.0,0.0,0.0,0.0
1,10,1,0,,,,0.41005,0.0,0.0,0.0,252.85
1,11,1,0,,,,0.39378333,0.0,0.0,0.0,407.5
1,12,1,0,,,,0.41836667,0.0,0.0,0.0,345.71
1,13,1,0,,,,0.4027,0.0,0.0,0.0,706.11
1,14,1,0,,,,0.6516,0.0,0.0,0.0,609.0
1,15,1,0,,,,0.43811667,0.0,0.0,0.0,469.02
1,16,1,0,,,,0.77058333,0.0,0.0,0.0,324.67
1,17,1,0,,,,1.3014333,0.0,0.0,0.0,0.0
1,18,1,0,,,,1.17685,0.0,0.0,0.0,0.0
1,19,1,0,,,,0.87906665,0.0,0.0,0.0,0.0
1,20,1,0,,,,1.2672334,0.0,0.0,0.0,0.0
1,21,1,0,,,,0.91245,0.0,0.0,0.0,0.0
1,22,1,0,,,,0.6252667,0.0,0.0,0.0,0.0
1,23,1,0,,,,0.6341,0.0,0.0,0.0,0.0
1,24,1,0,,,,0.6149167,0.0,0.0,0.0,0.0
1,1,2,0,,,,0.5962667,0.0,0.0,0.0,0.0
1,2,2,0,,,,0.6192167,0.0,0.0,0.0,0.0
1,3,2,0,,,,0.6205,0.0,0.0,0.0,0.0
1,4,2,0,,,,0.68995,0.0,0.0,0.0,0.0
1,5,2,0,,,,0.70596665,0.0,0.0,0.0,0.0
1,6,2,0,,,,0.5883167,0.0,0.0,0.0,0.0
1,7,2,0,,,,0.36813334,0.0,0.0,0.0,0.0
1,8,2,0,,,,0.30638334,0.0,0.0,0.0,0.0
1,9,2,0,,,,0.34301665,0.0,0.0,0.0,0.0
1,10,2,0,,,,0.33628333,0.0,0.0,0.0,74.77
1,11,2,0,,,,0.31866667,0.0,0.0,0.0,130.22
1,12,2,0,,,,0.31738332,0.0,0.0,0.0,303.2
1,13,2,0,,,,0.29925,0.0,0.0,0.0,635.29
1,14,2,0,,,,0.65035,0.0,0.0,0.0,159.55
1,15,2,0,,,,0.5764,0.0,0.0,0.0,312.79
1,16,2,0,,,,2.5183,0.0,0.0,0.0,164.11
1,17,2,0,,,,3.18935,0.0,0.0,0.0,0.0
1,18,2,0,,,,4.685517,0.0,0.0,0.0,0.0
1,19,2,0,,,,3.9638166,0.0,0.0,0.0,0.0
1,20,2,0,,,,2.82245,0.0,0.0,0.0,0.0
1,21,2,0,,,,1.5191,0.0,0.0,0.0,0.0
1,22,2,0,,,,0.85508335,0.0,0.0,0.0,0.0
1,23,2,0,,,,0.57128334,0.0,0.0,0.0,0.0
1,24,2,0,,,,1.9031167,0.0,0.0,0.0,0.0
1,1,3,0,,,,2.2678168,0.0,0.0,0.0,0.0
1,2,3,0,,,,0.59071666,0.0,0.0,0.0,0.0
1,3,3,0,,,,0.5833167,0.0,0.0,0.0,0.0
1,4,3,0,,,,0.56581664,0.0,0.0,0.0,0.0
1,5,3,0,,,,2.2348166,0.0,0.0,0.0,0.0
1,6,3,0,,,,0.9942833,0.0,0.0,0.0,0.0
1,7,3,0,,,,0.7493167,0.0,0.0,0.0,0.0
1,8,3,0,,,,0.5049,0.0,0.0,0.0,0.0
1,9,3,0,,,,0.43156666,0.0,0.0,0.0,0.0
1,10,3,0,,,,1.9843167,0.0,0.0,0.0,111.3
1,11,3,0,,,,4.8447,0.0,0.0,0.0,170.58
1,12,3,0,,,,1.4475666,0.0,0.0,0.0,703.68
1,13,3,0,,,,2.3313167,0.0,0.0,0.0,257.57
1,14,3,0,,,,0.90505,0.0,0.0,0.0,172.91
1,15,3,0,,,,0.66181666,0.0,0.0,0.0,530.18
1,16,3,0,,,,1.5048,0.0,0.0,0.0,310.53
1,17,3,0,,,,3.5787334,0.0,0.0,0.0,0.0
1,18,3,0,,,,1.6154833,0.0,0.0,0.0,0.0
1,19,3,0,,,,2.6523166,0.0,0.0,0.0,0.0
1,20,3,0,,,,2.9468334,0.0,0.0,0.0,0.0
1,21,3,0,,,,1.01325,0.0,0.0,0.0,0.0
1,22,3,0,,,,0.95061666,0.0,0.0,0.0,0.0
1,23,3,0,,,,0.62418336,0.0,0.0,0.0,0.0
1,24,3,0,,,,0.545675,0.0,0.0,0.0,0.0
1,1,4,0,,,,1.6537833,0.0,0.0,0.0,0.0
1,2,4,0,,,,3.1376667,0.0,0.0,0.0,0.0
1,3,4,0,,,,0.7133333,0.0,0.0,0.0,0.0
1,4,4,0,,,,1.9132667,0.0,0.0,0.0,0.0
1,5,4,0,,,,0.59543335,0.0,0.0,0.0,0.0
1,6,4,0,,,,1.3652166,0.0,0.0,0.0,0.0
1,7,4,0,,,,0.54003334,0.0,0.0,0.0,0.0
1,8,4,0,,,,0.35486665,0.0,0.0,0.0,0.0
1,9,4,0,,,,0.33711666,0.0,0.0,0.0,0.0
1,10,4,0,,,,0.32901666,0.0,0.0,0.0,8.29
1,11,4,0,,,,2.5305166,0.0,0.0,0.0,183.16
1,12,4,0,,,,2.1891334,0.0,0.0,0.0,202.08
1,13,4,0,,,,0.3512,0.0,0.0,0.0,612.05
1,14,4,0,,,,0.33245,0.0,0.0,0.0,68.74
1,15,4,0,,,,0.4835,0.0,0.0,0.0,56.34
1,16,4,0,,,,1.0520667,0.0,0.0,0.0,7.42
1,17,4,0,,,,1.19195,0.0,0.0,0.0,0.0
1,18,4,0,,,,2.4867833,0.0,0.0,0.0,0.0
1,19,4,0,,,,1.2536833,0.0,0.0,0.0,0.0
1,20,4,0,,,,0.71665,0.0,0.0,0.0,0.0
1,21,4,0,,,,0.5736,0.0,0.0,0.0,0.0
1,22,4,0,,,,0.59895,0.0,0.0,0.0,0.0
1,23,4,0,,,,0.72388333,0.0,0.0,0.0,0.0
1,24,4,0,,,,3.8933167,0.0,0.0,0.0,0.0
1,1,5,0,,,,1.2588667,0.0,0.0,0.0,0.0
1,2,5,0,,,,0.5708167,0.0,0.0,0.0,0.0
1,3,5,0,,,,0.8854667,0.0,0.0,0.0,0.0
1,4,5,0,,,,1.0263833,0.0,0.0,0.0,0.0
1,5,5,0,,,,0.86478335,0.0,0.0,0.0,0.0
1,6,5,0,,,,2.25005,0.0,0.0,0.0,0.0
1,7,5,0,,,,1.047,0.0,0.0,0.0,0.0
1,8,5,0,,,,0.3601,0.0,0.0,0.0,0.0
1,9,5,0,,,,0.37195,0.0,0.0,0.0,0.0
1,10,5,0,,,,0.37936667,0.0,0.0,0.0,8.6
1,11,5,0,,,,0.30456668,0.0,0.0,0.0,49.0
1,12,5,0,,,,0.33608332,0.0,0.0,0.0,88.93
1,13,5,0,,,,0.35746667,0.0,0.0,0.0,250.91
1,14,5,0,,,,0.35408333,0.0,0.0,0.0,89.06
1,15,5,0,,,,0.33893332,0.0,0.0,0.0,425.01
1,16,5,0,,,,0.41573334,0.0,0.0,0.0,23.45
1,17,5,0,,,,1.0826167,0.0,0.0,0.0,0.0
1,18,5,0,,,,3.2862167,0.0,0.0,0.0,0.0
1,19,5,0,,,,2.1284168,0.0,0.0,0.0,0.0
1,20,5,0,,,,3.18715,0.0,0.0,0.0,0.0
1,21,5,0,,,,2.77185,0.0,0.0,0.0,0.0
1,22,5,0,,,,1.0595833,0.0,0.0,0.0,0.0
1,23,5,0,,,,0.54186666,0.0,0.0,0.0,0.0
1,24,5,0,,,,0.592225,0.0,0.0,0.0,0.0
1,1,6,0,,,,0.5755,0.0,0.0,0.0,0.0
1,2,6,0,,,,0.60315,0.0,0.0,0.0,0.0
1,3,6,0,,,,1.8259166,0.0,0.0,0.0,0.0
1,4,6,0,,,,1.2747834,0.0,0.0,0.0,0.0
1,5,6,0,,,,1.5941334,0.0,0.0,0.0,0.0
1,6,6,0,,,,2.6549833,0.0,0.0,0.0,0.0
1,7,6,0,,,,1.2276167,0.0,0.0,0.0,0.0
1,8,6,0,,,,0.7571667,0.0,0.0,0.0,0.0
1,9,6,0,,,,3.1758833,0.0,0.0,0.0,0.0
1,10,6,0,,,,5.065583,0.0,0.0,0.0,356.43
1,11,6,0,,,,1.0270833,0.0,0.0,0.0,107.53
1,12,6,0,,,,0.67628336,0.0,0.0,0.0,316.66
1,13,6,0,,,,0.33539167,0.0,0.0,0.0,112.8
1,14,6,0,,,,0.32933334,0.0,0.0,0.0,312.14
1,15,6,0,,,,0.48441666,0.0,0.0,0.0,401.56
1,16,6,0,,,,1.0680333,0.0,0.0,0.0,15.44
1,17,6,0,,,,0.9676667,0.0,0.0,0.0,0.0
1,18,6,0,,,,0.9957833,0.0,0.0,0.0,0.0
1,19,6,0,,,,0.8570667,0.0,0.0,0.0,0.0
1,20,6,0,,,,0.73066664,0.0,0.0,0.0,0.0
1,21,6,0,,,,0.77938336,0.0,0.0,0.0,0.0
1,22,6,0,,,,0.79476666,0.0,0.0,0.0,0.0
1,23,6,0,,,,0.80771667,0.0,0.0,0.0,0.0
1,24,6,0,,,,0.67628336,0.0,0.0,0.0,0.0
1,1,7,0,,,,0.62401664,0.0,0.0,0.0,0.0
1,2,7,0,,,,0.66403335,0.0,0.0,0.0,0.0
1,3,7,0,,,,0.63888335,0.0,0.0,0.0,0.0
1,4,7,0,,,,0.61075,0.0,0.0,0.0,0.0
1,5,7,0,,,,0.79468334,0.0,0.0,0.0,0.0
1,6,7,0,,,,1.32685,0.0,0.0,0.0,0.0
1,7,7,0,,,,0.58993334,0.0,0.0,0.0,0.0
1,8,7,0,,,,0.93445,0.0,0.0,0.0,0.0
1,9,7,0,,,,2.3502834,0.0,0.0,0.0,0.0
1,10,7,0,,,,1.5604833,0.0,0.0,0.0,332.4
1,11,7,0,,,,1.6188333,0.0,0.0,0.0,494.07
1,12,7,0,,,,0.919775,0.0,0.0,0.0,639.33
1,13,7,0,,,,0.917075,0.0,0.0,0.0,622.92
1,14,7,0,,,,1.2871667,0.0,0.0,0.0,51.48
1,15,7,0,,,,0.83601665,0.0,0.0,0.0,105.12
1,16,7,0,,,,0.8893667,0.0,0.0,0.0,89.76
1,17,7,0,,,,1.6137333,0.0,0.0,0.0,0.0
1,18,7,0,,,,1.6710167,0.0,0.0,0.0,0.0
1,19,7,0,,,,1.4617333,0.0,0.0,0.0,0.0
1,20,7,0,,,,1.5195833,0.0,0.0,0.0,0.0
1,21,7,0,,,,1.0106333,0.0,0.0,0.0,0.0
1,22,7,0,,,,0.7162667,0.0,0.0,0.0,0.0
1,23,7,0,,,,0.56221664,0.0,0.0,0.0,0.0
1,24,7,0,,,,0.63285,0.0,0.0,0.0,0.0
1,1,1,0,,,,0.5542,0.0,0.0,0.0,0.0
1,2,1,0,,,,0.5548667,0.0,0.0,0.0,0.0
1,3,1,0,,,,0.6113,0.0,0.0,0.0,0.0
1,4,1,0,,,,0.5675,0.0,0.0,0.0,0.0
1,5,1,0,,,,0.5302167,0.0,0.0,0.0,0.0
1,6,1,0,,,,1.1947,0.0,0.0,0.0,0.0
1,7,1,0,,,,0.35265005,0.0,0.0,0.0,0.0
1,8,1,0,,,,1.0758166,0.0,0.0,0.0,0.0
1,9,1,0,,,,0.8769,0.0,0.0,0.0,0.0
1,10,1,0,,,,0.6015667,0.0,0.0,0.0,101.5
1,11,1,0,,,,0.36433333,0.0,0.0,0.0,277.16
1,12,1,0,,,,0.40855,0.0,0.0,0.0,619.13
1,13,1,0,,,,2.03725,0.0,0.0,0.0,701.3
1,14,1,0,,,,2.45335,0.0,0.0,0.0,141.79
1,15,1,0,,,,1.8354334,0.0,0.0,0.0,421.17
1,16,1,0,,,,0.7182,0.0,0.0,0.0,9.28
1,17,1,0,,,,0.2132,0.0,0.0,0.0,0.0
1,18,1,0,,,,0.80665,0.0,0.0,0.0,0.0
1,19,1,0,,,,2.2930334,0.0,0.0,0.0,0.0
1,20,1,0,,,,4.174317,0.0,0.0,0.0,0.0
1,21,1,0,,,,0.99605,0.0,0.0,0.0,0.0
1,22,1,0,,,,1.0280334,0.0,0.0,0.0,0.0
1,23,1,0,,,,0.8436667,0.0,0.0,0.0,0.0
1,24,1,0,,,,0.61698335,0.0,0.0,0.0,0.0
1,1,2,0,,,,0.58521664,0.0,0.0,0.0,0.0
1,2,2,0,,,,0.6041333,0.0,0.0,0.0,0.0
1,3,2,0,,,,0.60945,0.0,0.0,0.0,0.0
1,4,2,0,,,,0.6452583,0.0,0.0,0.0,0.0
1,5,2,0,,,,0.7133,0.0,0.0,0.0,0.0
1,6,2,0,,,,1.70805,0.0,0.0,0.0,0.0
1,7,2,0,,,,0.12833337,0.0,0.0,0.0,0.0
1,8,2,0,,,,1.6579334,0.0,0.0,0.0,0.0
1,9,2,0,,,,2.5017,0.0,0.0,0.0,0.0
1,10,2,0,,,,2.2496667,0.0,0.0,0.0,64.7
1,11,2,0,,,,0.24388333,0.0,0.0,0.0,77.43
1,12,2,0,,,,0.69018334,0.0,0.0,0.0,43.93
1,13,2,0,,,,0.45088333,0.0,0.0,0.0,42.14
1,14,2,0,,,,0.49491668,0.0,0.0,0.0,135.88
1,15,2,0,,,,0.19488336,0.0,0.0,0.0,101.06
1,16,2,0,,,,0.18408334,0.0,0.0,0.0,34.43
1,17,2,0,,,,0.92258334,0.0,0.0,0.0,0.0
1,18,2,0,,,,2.3940167,0.0,0.0,0.0,0.0
1,19,2,0,,,,1.2356666,0.0,0.0,0.0,0.0
1,20,2,0,,,,2.6734333,0.0,0.0,0.0,0.0
1,21,2,0,,,,1.5290834,0.0,0.0,0.0,0.0
1,22,2,0,,,,0.86586666,0.0,0.0,0.0,0.0
1,23,2,0,,,,0.5398333,0.0,0.0,0.0,0.0
1,24,2,0,,,,0.5399917,0.0,0.0,0.0,0.0
1,1,3,0,,,,0.51781666,0.0,0.0,0.0,0.0
1,2,3,0,,,,0.54753333,0.0,0.0,0.0,0.0
1,3,3,0,,,,0.53096664,0.0,0.0,0.0,0.0
1,4,3,0,,,,0.5650333,0.0,0.0,0.0,0.0
1,5,3,0,,,,0.5832667,0.0,0.0,0.0,0.0
1,6,3,0,,,,1.8374333,0.0,0.0,0.0,0.0
1,7,3,0,,,,0.16965002,0.0,0.0,0.0,0.0
1,8,3,0,,,,1.5133584,0.0,0.0,0.0,0.0
1,9,3,0,,,,2.3518167,0.0,0.0,0.0,0.0
1,10,3,0,,,,2.5166667,0.0,0.0,0.0,71.7
1,11,3,0,,,,0.31413335,0.0,0.0,0.0,504.61
1,12,3,0,,,,0.57475,0.0,0.0,0.0,224.15
1,13,3,0,,,,0.38858333,0.0,0.0,0.0,56.57
1,14,3,0,,,,0.2985167,0.0,0.0,0.0,356.92
1,15,3,0,,,,0.10933335,0.0,0.0,0.0,483.29
1,16,3,0,,,,0.14013337,0.0,0.0,0.0,302.68
1,17,3,0,,,,0.065300055,0.0,0.0,0.0,0.0
1,18,3,0,,,,0.22165,0.0,0.0,0.0,0.0
1,19,3,0,,,,0.4012,0.0,0.0,0.0,0.0
1,20,3,0,,,,1.6529667,0.0,0.0,0.0,0.0
1,21,3,0,,,,0.7435333,0.0,0.0,0.0,0.0
1,22,3,0,,,,0.9604667,0.0,0.0,0.0,0.0
1,23,3,0,,,,0.6845833,0.0,0.0,0.0,0.0
1,24,3,0,,,,0.535825,0.0,0.0,0.0,0.0
1,1,4,0,,,,0.55438334,0.0,0.0,0.0,0.0
1,2,4,0,,,,0.54215,0.0,0.0,0.0,0.0
1,3,4,0,,,,0.51388335,0.0,0.0,0.0,0.0
1,4,4,0,,,,2.0514166,0.0,0.0,0.0,0.0
1,5,4,0,,,,1.0446334,0.0,0.0,0.0,0.0
1,6,4,0,,,,1.13445,0.0,0.0,0.0,0.0
1,7,4,0,,,,0.36621666,0.0,0.0,0.0,0.0
1,8,4,0,,,,0.41845,0.0,0.0,0.0,0.0
1,9,4,0,,,,0.37653333,0.0,0.0,0.0,0.0
1,10,4,0,,,,0.58996665,0.0,0.0,0.0,413.17
1,11,4,0,,,,2.4393833,0.0,0.0,0.0,374.31
1,12,4,0,,,,1.6611,0.0,0.0,0.0,710.75
1,13,4,0,,,,1.3203833,0.0,0.0,0.0,690.1
1,14,4,0,,,,0.27531666,0.0,0.0,0.0,698.67
1,15,4,0,,,,0.11150001,0.0,0.0,0.0,560.9
1,16,4,0,,,,0.60575,0.0,0.0,0.0,381.25
1,17,4,0,,,,2.18075,0.0,0.0,0.0,0.0
1,18,4,0,,,,1.5767,0.0,0.0,0.0,0.0
1,19,4,0,,,,1.0655667,0.0,0.0,0.0,0.0
1,20,4,0,,,,0.74598336,0.0,0.0,0.0,0.0
1,21,4,0,,,,0.5682833,0.0,0.0,0.0,0.0
1,22,4,0,,,,0.58208334,0.0,0.0,0.0,0.0
1,23,4,0,,,,0.53085,0.0,0.0,0.0,0.0
1,24,4,0,,,,0.51496667,0.0,0.0,0.0,0.0
1,1,5,0,,,,0.58068335,0.0,0.0,0.0,0.0
1,2,5,0,,,,0.5132,0.0,0.0,0.0,0.0
1,3,5,0,,,,0.5247167,0.0,0.0,0.0,0.0
1,4,5,0,,,,0.6951333,0.0,0.0,0.0,0.0
1,5,5,0,,,,0.6752,0.0,0.0,0.0,0.0
1,6,5,0,,,,1.2140334,0.0,0.0,0.0,0.0
1,7,5,0,,,,0.48973334,0.0,0.0,0.0,0.0
1,8,5,0,,,,0.33028334,0.0,0.0,0.0,0.0
1,9,5,0,,,,0.30485,0.0,0.0,0.0,0.0
1,10,5,0,,,,0.44626668,0.0,0.0,0.0,274.0
1,11,5,0,,,,5.5357,0.0,0.0,0.0,198.65
1,12,5,0,,,,4.979183,0.0,0.0,0.0,615.58
1,13,5,0,,,,3.7922833,0.0,0.0,0.0,663.01
1,14,5,0,,,,1.7331834,0.0,0.0,0.0,640.14
1,15,5,0,,,,1.1835667,0.0,0.0,0.0,250.89
1,16,5,0,,,,1.4145334,0.0,0.0,0.0,68.27
1,17,5,0,,,,1.1778834,0.0,0.0,0.0,0.0
1,18,5,0,,,,1.4245666,0.0,0.0,0.0,0.0
1,19,5,0,,,,1.1858667,0.0,0.0,0.0,0.0
1,20,5,0,,,,1.7073,0.0,0.0,0.0,0.0
1,21,5,0,,,,1.3893,0.0,0.0,0.0,0.0
1,22,5,0,,,,0.6221167,0.0,0.0,0.0,0.0
1,23,5,0,,,,0.5456667,0.0,0.0,0.0,0.0
1,24,5,0,,,,0.534425,0.0,0.0,0.0,0.0
1,1,6,0,,,,0.52015,0.0,0.0,0.0,0.0
1,2,6,0,,,,0.5693,0.0,0.0,0.0,0.0
1,3,6,0,,,,0.46571666,0.0,0.0,0.0,0.0
1,4,6,0,,,,0.6264833,0.0,0.0,0.0,0.0
1,5,6,0,,,,0.71828336,0.0,0.0,0.0,0.0
1,6,6,0,,,,2.8726666,0.0,0.0,0.0,0.0
1,7,6,0,,,,2.26475,0.0,0.0,0.0,0.0
1,8,6,0,,,,3.6805,0.0,0.0,0.0,0.0
1,9,6,0,,,,4.5624332,0.0,0.0,0.0,0.0
1,10,6,0,,,,3.3095667,0.0,0.0,0.0,67.6
1,11,6,0,,,,2.8245168,0.0,0.0,0.0,58.83
1,12,6,0,,,,0.93235,0.0,0.0,0.0,100.11
1,13,6,0,,,,0.8201,0.0,0.0,0.0,23.72
1,14,6,0,,,,0.8867667,0.0,0.0,0.0,40.17
1,15,6,0,,,,0.93911666,0.0,0.0,0.0,147.87
1,16,6,0,,,,1.3612167,0.0,0.0,0.0,32.58
1,17,6,0,,,,4.2033167,0.0,0.0,0.0,0.0
1,18,6,0,,,,2.3332167,0.0,0.0,0.0,0.0
1,19,6,0,,,,1.3316,0.0,0.0,0.0,0.0
1,20,6,0,,,,0.98315,0.0,0.0,0.0,0.0
1,21,6,0,,,,0.52958333,0.0,0.0,0.0,0.0
1,22,6,0,,,,0.54426664,0.0,0.0,0.0,0.0
1,23,6,0,,,,0.55771667,0.0,0.0,0.0,0.0
1,24,6,0,,,,0.52835834,0.0,0.0,0.0,0.0
1,1,7,0,,,,0.5273167,0.0,0.0,0.0,0.0
1,2,7,0,,,,0.5211167,0.0,0.0,0.0,0.0
1,3,7,0,,,,0.50306666,0.0,0.0,0.0,0.0
1,4,7,0,,,,1.63945,0.0,0.0,0.0,0.0
1,5,7,0,,,,1.7966666,0.0,0.0,0.0,0.0
1,6,7,0,,,,1.42025,0.0,0.0,0.0,0.0
1,7,7,0,,,,1.8387,0.0,0.0,0.0,0.0
1,8,7,0,,,,1.9604334,0.0,0.0,0.0,0.0
1,9,7,0,,,,1.7982666,0.0,0.0,0.0,1.38
1,10,7,0,,,,0.7733667,0.0,0.0,0.0,396.81
1,11,7,0,,,,0.9410333,0.0,0.0,0.0,350.44
1,12,7,0,,,,4.0277166,0.0,0.0,0.0,121.07
1,13,7,0,,,,1.5100167,0.0,0.0,0.0,91.5
1,14,7,0,,,,1.54445,0.0,0.0,0.0,61.21
1,15,7,0,,,,2.4346833,0.0,0.0,0.0,19.4
1,16,7,0,,,,2.3267167,0.0,0.0,0.0,15.04
1,17,7,0,,,,1.8504167,0.0,0.0,0.0,0.0
1,18,7,0,,,,4.234367,0.0,0.0,0.0,0.0
1,19,7,0,,,,2.0458667,0.0,0.0,0.0,0.0
1,20,7,0,,,,2.0745833,0.0,0.0,0.0,0.0
1,21,7,0,,,,1.3144,0.0,0.0,0.0,0.0
1,22,7,0,,,,1.33315,0.0,0.0,0.0,0.0
1,23,7,0,,,,1.6673167,0.0,0.0,0.0,0.0
1,24,7,0,,,,1.314,0.0,0.0,0.0,0.0
1,1,1,0,,,,1.7891166,0.0,0.0,0.0,0.0
1,2,1,0,,,,1.3032334,0.0,0.0,0.0,0.0
1,3,1,0,,,,1.68025,0.0,0.0,0.0,0.0
1,4,1,0,,,,1.7725333,0.0,0.0,0.0,0.0
1,5,1,0,,,,1.8461167,0.0,0.0,0.0,0.0
1,6,1,0,,,,2.15455,0.0,0.0,0.0,0.0
1,7,1,0,,,,1.0574167,0.0,0.0,0.0,0.0
1,8,1,0,,,,0.82566667,0.0,0.0,0.0,0.0
1,9,1,0,,,,0.67118335,0.0,0.0,0.0,8.17
1,10,1,0,,,,0.7295167,0.0,0.0,0.0,19.76
1,11,1,0,,,,1.4485333,0.0,0.0,0.0,44.49
1,12,1,0,,,,4.4951,0.0,0.0,0.0,36.21
1,13,1,0,,,,2.2743,0.0,0.0,0.0,36.16
1,14,1,0,,,,1.6999834,0.0,0.0,0.0,61.1
1,15,1,0,,,,0.18308339,0.0,0.0,0.0,51.76
1,16,1,0,,,,0.5150833,0.0,0.0,0.0,21.13
1,17,1,0,,,,0.9198,0.0,0.0,0.0,0.0
1,18,1,0,,,,1.0989667,0.0,0.0,0.0,0.0
1,19,1,0,,,,0.87516665,0.0,0.0,0.0,0.0
1,20,1,0,,,,0.76185,0.0,0.0,0.0,0.0
1,21,1,0,,,,0.6468,0.0,0.0,0.0,0.0
1,22,1,0,,,,0.76535,0.0,0.0,0.0,0.0
1,23,1,0,,,,1.0654666,0.0,0.0,0.0,0.0
1,24,1,0,,,,3.8165166,0.0,0.0,0.0,0.0
1,1,2,0,,,,2.2026167,0.0,0.0,0.0,0.0
1,2,2,0,,,,0.8132167,0.0,0.0,0.0,0.0
1,3,2,0,,,,0.82231665,0.0,0.0,0.0,0.0
1,4,2,0,,,,0.7625833,0.0,0.0,0.0,0.0
1,5,2,0,,,,0.96533334,0.0,0.0,0.0,0.0
1,6,2,0,,,,1.2261584,0.0,0.0,0.0,0.0
1,7,2,0,,,,0.80875,0.0,0.0,0.0,0.0
1,8,2,0,,,,1.4200139,0.0,0.0,0.0,0.0
1,9,2,0,,,,1.5914667,0.0,0.0,0.0,1.33
1,10,2,0,,,,1.9874333,0.0,0.0,0.0,109.9
1,11,2,0,,,,0.84665,0.0,0.0,0.0,97.83
1,12,2,0,,,,1.4100833,0.0,0.0,0.0,464.98
1,13,2,0,,,,3.1303334,0.0,0.0,0.0,471.17
1,14,2,0,,,,1.9737166,0.0,0.0,0.0,377.85
1,15,2,0,,,,0.6166833,0.0,0.0,0.0,322.88
1,16,2,0,,,,0.35428336,0.0,0.0,0.0,323.93
1,17,2,0,,,,0.71085,0.0,0.0,0.0,0.0
1,18,2,0,,,,2.79145,0.0,0.0,0.0,0.0
1,19,2,0,,,,3.1654,0.0,0.0,0.0,0.0
1,20,2,0,,,,3.0565166,0.0,0.0,0.0,0.0
1,21,2,0,,,,1.1430084,0.0,0.0,0.0,0.0
1,22,2,0,,,,0.95498335,0.0,0.0,0.0,0.0
1,23,2,0,,,,0.92613333,0.0,0.0,0.0,0.0
1,24,2,0,,,,3.4575083,0.0,0.0,0.0,0.0
1,1,3,0,,,,0.7891667,0.0,0.0,0.0,0.0
1,2,3,0,,,,0.9988667,0.0,0.0,0.0,0.0
1,3,3,0,,,,0.7984667,0.0,0.0,0.0,0.0
1,4,3,0,,,,0.8581,0.0,0.0,0.0,0.0
1,5,3,0,,,,1.0398333,0.0,0.0,0.0,0.0
1,6,3,0,,,,1.22535,0.0,0.0,0.0,0.0
1,7,3,0,,,,1.1528833,0.0,0.0,0.0,0.0
1,8,3,0,,,,1.9092833,0.0,0.0,0.0,0.0
1,9,3,0,,,,2.57245,0.0,0.0,0.0,1.39
1,10,3,0,,,,2.9975166,0.0,0.0,0.0,234.76
1,11,3,0,,,,1.6029,0.0,0.0,0.0,146.35
1,12,3,0,,,,0.8671167,0.0,0.0,0.0,444.77
1,13,3,0,,,,0.5510167,0.0,0.0,0.0,394.1
1,14,3,0,,,,1.6120666,0.0,0.0,0.0,398.25
1,15,3,0,,,,0.6814167,0.0,0.0,0.0,151.15
1,16,3,0,,,,0.71775,0.0,0.0,0.0,18.32
1,17,3,0,,,,0.47675,0.0,0.0,0.0,0.0
1,18,3,0,,,,1.5123416,0.0,0.0,0.0,0.0
1,19,3,0,,,,3.2044334,0.0,0.0,0.0,0.0
1,20,3,0,,,,1.1958833,0.0,0.0,0.0,0.0
1,21,3,0,,,,0.9702333,0.0,0.0,0.0,0.0
1,22,3,0,,,,0.9283,0.0,0.0,0.0,0.0
1,23,3,0,,,,0.80396664,0.0,0.0,0.0,0.0
1,24,3,0,,,,0.78513336,0.0,0.0,0.0,0.0
1,1,4,0,,,,0.79156667,0.0,0.0,0.0,0.0
1,2,4,0,,,,0.77431667,0.0,0.0,0.0,0.0
1,3,4,0,,,,0.70230836,0.0,0.0,0.0,0.0
1,4,4,0,,,,0.99285,0.0,0.0,0.0,0.0
1,5,4,0,,,,0.99271667,0.0,0.0,0.0,0.0
1,6,4,0,,,,1.8061,0.0,0.0,0.0,0.0
1,7,4,0,,,,1.5007167,0.0,0.0,0.0,0.0
1,8,4,0,,,,3.1298168,0.0,0.0,0.0,0.0
1,9,4,0,,,,2.4795833,0.0,0.0,0.0,1.81
1,10,4,0,,,,3.0286334,0.0,0.0,0.0,26.57
1,11,4,0,,,,2.2314167,0.0,0.0,0.0,50.81
1,12,4,0,,,,0.66653335,0.0,0.0,0.0,110.27
1,13,4,0,,,,0.38505,0.0,0.0,0.0,42.26
1,14,4,0,,,,0.17281666,0.0,0.0,0.0,38.14
1,15,4,0,,,,1.0391333,0.0,0.0,0.0,24.69
1,16,4,0,,,,2.0687335,0.0,0.0,0.0,391.74
1,17,4,0,,,,0.75416666,0.0,0.0,0.0,0.0
1,18,4,0,,,,0.28765005,0.0,0.0,0.0,0.0
1,19,4,0,,,,2.4655666,0.0,0.0,0.0,0.0
1,20,4,0,,,,4.9105167,0.0,0.0,0.0,0.0
1,21,4,0,,,,3.4512668,0.0,0.0,0.0,0.0
1,22,4,0,,,,1.1953833,0.0,0.0,0.0,0.0
1,23,4,0,,,,0.7769833,0.0,0.0,0.0,0.0
1,24,4,0,,,,0.62499166,0.0,0.0,0.0,0.0
1,1,5,0,,,,0.8226167,0.0,0.0,0.0,0.0
1,2,5,0,,,,0.76165,0.0,0.0,0.0,0.0
1,3,5,0,,,,0.83641666,0.0,0.0,0.0,0.0
1,4,5,0,,,,0.96926665,0.0,0.0,0.0,0.0
1,5,5,0,,,,1.10905,0.0,0.0,0.0,0.0
1,6,5,0,,,,0.9979,0.0,0.0,0.0,0.0
1,7,5,0,,,,0.91728336,0.0,0.0,0.0,0.0
1,8,5,0,,,,1.89525,0.0,0.0,0.0,0.0
1,9,5,0,,,,2.6199,0.0,0.0,0.0,21.45
1,10,5,0,,,,2.3596,0.0,0.0,0.0,166.3
1,11,5,0,,,,0.5629,0.0,0.0,0.0,182.8
1,12,5,0,,,,0.52823335,0.0,0.0,0.0,382.87
1,13,5,0,,,,1.2413,0.0,0.0,0.0,456.8
1,14,5,0,,,,0.9133833,0.0,0.0,0.0,54.25
1,15,5,0,,,,0.75166667,0.0,0.0,0.0,21.14
1,16,5,0,,,,0.3290667,0.0,0.0,0.0,13.08
1,17,5,0,,,,0.59758335,0.0,0.0,0.0,0.0
1,18,5,0,,,,0.6884375,0.0,0.0,0.0,0.0
1,19,5,0,,,,0.66613334,0.0,0.0,0.0,0.0
1,20,5,0,,,,0.58711666,0.0,0.0,0.0,0.0
1,21,5,0,,,,0.60148335,0.0,0.0,0.0,0.0
1,22,5,0,,,,0.31331667,0.0,0.0,0.0,0.0
1,23,5,0,,,,0.4775,0.0,0.0,0.0,0.0
1,24,5,0,,,,1.0483834,0.0,0.0,0.0,0.0
1,1,6,0,,,,0.76528335,0.0,0.0,0.0,0.0
1,2,6,0,,,,1.08755,0.0,0.0,0.0,0.0
1,3,6,0,,,,0.77171665,0.0,0.0,0.0,0.0
1,4,6,0,,,,1.26025,0.0,0.0,0.0,0.0
1,5,6,0,,,,1.31865,0.0,0.0,0.0,0.0
1,6,6,0,,,,3.3970332,0.0,0.0,0.0,0.0
1,7,6,0,,,,0.4285167,0.0,0.0,0.0,0.0
1,8,6,0,,,,1.7607167,0.0,0.0,0.0,0.0
1,9,6,0,,,,2.6381,0.0,0.0,0.0,4.03
1,10,6,0,,,,1.6058667,0.0,0.0,0.0,138.05
1,11,6,0,,,,0.13836667,0.0,0.0,0.0,34.01
1,12,6,0,,,,0.2108,0.0,0.0,0.0,90.82
1,13,6,0,,,,0.85535,0.0,0.0,0.0,104.27
1,14,6,0,,,,0.6229,0.0,0.0,0.0,75.24
1,15,6,0,,,,0.18030007,0.0,0.0,0.0,45.53
1,16,6,0,,,,0.35888338,0.0,0.0,0.0,3.89
1,17,6,0,,,,1.17575,0.0,0.0,0.0,0.0
1,18,6,0,,,,0.8625,0.0,0.0,0.0,0.0
1,19,6,0,,,,1.9716,0.0,0.0,0.0,0.0
1,20,6,0,,,,1.643775,0.0,0.0,0.0,0.0
1,21,6,0,,,,1.45915,0.0,0.0,0.0,0.0
1,22,6,0,,,,1.70355,0.0,0.0,0.0,0.0
1,23,6,0,,,,2.0149,0.0,0.0,0.0,0.0
1,24,6,0,,,,1.4169333,0.0,0.0,0.0,0.0
1,1,7,0,,,,1.2614167,0.0,0.0,0.0,0.0
1,2,7,0,,,,1.2314833,0.0,0.0,0.0,0.0
1,3,7,0,,,,1.2768834,0.0,0.0,0.0,0.0
1,4,7,0,,,,1.2321167,0.0,0.0,0.0,0.0
1,5,7,0,,,,1.1524667,0.0,0.0,0.0,0.0
1,6,7,0,,,,0.93945,0.0,0.0,0.0,0.0
1,7,7,0,,,,0.8487667,0.0,0.0,0.0,0.0
1,8,7,0,,,,1.656725,0.0,0.0,0.0,0.0
1,9,7,0,,,,2.51925,0.0,0.0,0.0,0.0
1,10,7,0,,,,2.0254667,0.0,0.0,0.0,82.26
1,11,7,0,,,,0.78033334,0.0,0.0,0.0,56.86
1,12,7,0,,,,0.6595333,0.0,0.0,0.0,90.62
1,13,7,0,,,,1.4546334,0.0,0.0,0.0,44.59
1,14,7,0,,,,0.66675,0.0,0.0,0.0,29.75
1,15,7,0,,,,0.35963336,0.0,0.0,0.0,9.07
1,16,7,0,,,,0.5482,0.0,0.0,0.0,11.03
1,17,7,0,,,,0.32651666,0.0,0.0,0.0,0.0
1,18,7,0,,,,0.52096665,0.0,0.0,0.0,0.0
1,19,7,0,,,,1.1568333,0.0,0.0,0.0,0.0
1,20,7,0,,,,2.8993,0.0,0.0,0.0,0.0
1,21,7,0,,,,0.9981833,0.0,0.0,0.0,0.0
1,22,7,0,,,,0.98461664,0.0,0.0,0.0,0.0
1,23,7,0,,,,0.56341666,0.0,0.0,0.0,0.0
1,24,7,0,,,,0.5919167,0.0,0.0,0.0,0.0
1,1,1,0,,,,0.55621666,0.0,0.0,0.0,0.0
1,2,1,0,,,,0.5144167,0.0,0.0,0.0,0.0
1,3,1,0,,,,0.5632,0.0,0.0,0.0,0.0
1,4,1,0,,,,0.61395,0.0,0.0,0.0,0.0
1,5,1,0,,,,0.69096667,0.0,0.0,0.0,0.0
1,6,1,0,,,,0.89091665,0.0,0.0,0.0,0.0
1,7,1,0,,,,0.5905833,0.0,0.0,0.0,0.0
1,8,1,0,,,,1.6723,0.0,0.0,0.0,0.0
1,9,1,0,,,,2.5870667,0.0,0.0,0.0,1.68
1,10,1,0,,,,1.98805,0.0,0.0,0.0,18.75
1,11,1,0,,,,0.26955,0.0,0.0,0.0,30.64
1,12,1,0,,,,0.32288334,0.0,0.0,0.0,42.3
1,13,1,0,,,,0.67328334,0.0,0.0,0.0,33.65
1,14,1,0,,,,0.58741665,0.0,0.0,0.0,32.03
1,15,1,0,,,,0.13133335,0.0,0.0,0.0,23.7
1,16,1,0,,,,0.14951672,0.0,0.0,0.0,12.99
1,17,1,0,,,,1.4379667,0.0,0.0,0.0,0.0
1,18,1,0,,,,3.2061167,0.0,0.0,0.0,0.0
1,19,1,0,,,,2.264975,0.0,0.0,0.0,0.0
1,20,1,0,,,,1.0240834,0.0,0.0,0.0,0.0
1,21,1,0,,,,0.83241665,0.0,0.0,0.0,0.0
1,22,1,0,,,,0.47803333,0.0,0.0,0.0,0.0
1,23,1,0,,,,0.40115,0.0,0.0,0.0,0.0
1,24,1,0,,,,0.42275,0.0,0.0,0.0,0.0
1,1,2,0,,,,0.40461665,0.0,0.0,0.0,0.0
1,2,2,0,,,,0.39245,0.0,0.0,0.0,0.0
1,3,2,0,,,,0.40745,0.0,0.0,0.0,0.0
1,4,2,0,,,,1.8756833,0.0,0.0,0.0,0.0
1,5,2,0,,,,1.07815,0.0,0.0,0.0,0.0
1,6,2,0,,,,1.05515,0.0,0.0,0.0,0.0
1,7,2,0,,,,0.23188336,0.0,0.0,0.0,0.0
1,8,2,0,,,,1.4099667,0.0,0.0,0.0,0.0
1,9,2,0,,,,2.3742166,0.0,0.0,0.0,1.69
1,10,2,0,,,,2.7119334,0.0,0.0,0.0,109.99
1,11,2,0,,,,0.31645,0.0,0.0,0.0,53.77
1,12,2,0,,,,0.4017,0.0,0.0,0.0,66.03
1,13,2,0,,,,0.40646666,0.0,0.0,0.0,70.07
1,14,2,0,,,,0.5247833,0.0,0.0,0.0,29.16
1,15,2,0,,,,0.25628337,0.0,0.0,0.0,81.21
1,16,2,0,,,,0.26500002,0.0,0.0,0.0,83.27
1,17,2,0,,,,0.7844,0.0,0.0,0.0,0.0
1,18,2,0,,,,0.63488334,0.0,0.0,0.0,0.0
1,19,2,0,,,,2.1777,0.0,0.0,0.0,0.0
1,20,2,0,,,,3.3999166,0.0,0.0,0.0,0.0
1,21,2,0,,,,0.9497667,0.0,0.0,0.0,0.0
1,22,2,0,,,,1.0130666,0.0,0.0,0.0,0.0
1,23,2,0,,,,0.7284333,0.0,0.0,0.0,0.0
1,24,2,0,,,,0.57184166,0.0,0.0,0.0,0.0
2,1,3,0,,,,0.5287833,0.0,0.0,0.0,0.0
2,2,3,0,,,,0.57236665,0.0,0.0,0.0,0.0
2,3,3,0,,,,0.52676666,0.0,0.0,0.0,0.0
2,4,3,0,,,,0.6891,0.0,0.0,0.0,0.0
2,5,3,0,,,,0.9978167,0.0,0.0,0.0,0.0
2,6,3,0,,,,1.0552167,0.0,0.0,0.0,0.0
2,7,3,0,,,,0.6680833,0.0,0.0,0.0,0.0
2,8,3,0,,,,1.7341334,0.0,0.0,0.0,0.0
2,9,3,0,,,,2.5462167,0.0,0.0,0.0,59.85
2,10,3,0,,,,2.75015,0.0,0.0,0.0,98.85
2,11,3,0,,,,0.7614833,0.0,0.0,0.0,55.87
2,12,3,0,,,,0.35293335,0.0,0.0,0.0,81.03
2,13,3,0,,,,0.6165,0.0,0.0,0.0,69.49
2,14,3,0,,,,0.41568336,0.0,0.0,0.0,57.98
2,15,3,0,,,,0.79758334,0.0,0.0,0.0,68.57
2,16,3,0,,,,0.90171665,0.0,0.0,0.0,9.07
2,17,3,0,,,,0.52456665,0.0,0.0,0.0,0.23
2,18,3,0,,,,0.44671667,0.0,0.0,0.0,0.0
2,19,3,0,,,,0.34961668,0.0,0.0,0.0,0.0
2,20,3,0,,,,1.5247,0.0,0.0,0.0,0.0
2,21,3,0,,,,1.5028833,0.0,0.0,0.0,0.0
2,22,3,0,,,,0.9169833,0.0,0.0,0.0,0.0
2,23,3,0,,,,0.76336664,0.0,0.0,0.0,0.0
2,24,3,0,,,,0.49473333,0.0,0.0,0.0,0.0
2,1,4,0,,,,0.5842,0.0,0.0,0.0,0.0
2,2,4,0,,,,0.48116666,0.0,0.0,0.0,0.0
2,3,4,0,,,,0.5491,0.0,0.0,0.0,0.0
2,4,4,0,,,,0.46586666,0.0,0.0,0.0,0.0
2,5,4,0,,,,1.0057666,0.0,0.0,0.0,0.0
2,6,4,0,,,,0.9052,0.0,0.0,0.0,0.0
2,7,4,0,,,,0.35618332,0.0,0.0,0.0,0.0
2,8,4,0,,,,1.2472667,0.0,0.0,0.0,0.0
2,9,4,0,,,,1.3209333,0.0,0.0,0.0,64.34
2,10,4,0,,,,2.2346,0.0,0.0,0.0,16.61
2,11,4,0,,,,2.4125,0.0,0.0,0.0,29.11
2,12,4,0,,,,0.69456667,0.0,0.0,0.0,63.22
2,13,4,0,,,,0.5378667,0.0,0.0,0.0,58.24
2,14,4,0,,,,0.57605,0.0,0.0,0.0,44.56
2,15,4,0,,,,1.1377,0.0,0.0,0.0,139.17
2,16,4,0,,,,0.44368333,0.0,0.0,0.0,11.03
2,17,4,0,,,,0.103033386,0.0,0.0,0.0,0.59
2,18,4,0,,,,0.15065004,0.0,0.0,0.0,0.0
2,19,4,0,,,,1.4101666,0.0,0.0,0.0,0.0
2,20,4,0,,,,3.19775,0.0,0.0,0.0,0.0
2,21,4,0,,,,0.68598336,0.0,0.0,0.0,0.0
2,22,4,0,,,,1.0232,0.0,0.0,0.0,0.0
2,23,4,0,,,,0.5744,0.0,0.0,0.0,0.0
2,24,4,0,,,,0.5499333,0.0,0.0,0.0,0.0
2,1,5,0,,,,0.5308833,0.0,0.0,0.0,0.0
2,2,5,0,,,,0.49261665,0.0,0.0,0.0,0.0
2,3,5,0,,,,0.5586333,0.0,0.0,0.0,0.0
2,4,5,0,,,,0.5722,0.0,0.0,0.0,0.0
2,5,5,0,,,,0.80326664,0.0,0.0,0.0,0.0
2,6,5,0,,,,1.5606834,0.0,0.0,0.0,0.0
2,7,5,0,,,,0.37261668,0.0,0.0,0.0,0.0
2,8,5,0,,,,0.41061667,0.0,0.0,0.0,0.0
2,9,5,0,,,,0.7145,0.0,0.0,0.0,0.0
2,10,5,0,,,,0.73008335,0.0,0.0,0.0,84.15
2,11,5,0,,,,0.42295,0.0,0.0,0.0,75.63
2,12,5,0,,,,0.29943335,0.0,0.0,0.0,94.34
2,13,5,0,,,,0.67665,0.0,0.0,0.0,69.51
2,14,5,0,,,,1.9612666,0.0,0.0,0.0,35.01
2,15,5,0,,,,4.02845,0.0,0.0,0.0,10.32
2,16,5,0,,,,4.0815334,0.0,0.0,0.0,7.15
2,17,5,0,,,,2.2694666,0.0,0.0,0.0,1.19
2,18,5,0,,,,1.2935667,0.0,0.0,0.0,0.0
2,19,5,0,,,,0.9501333,0.0,0.0,0.0,0.0
2,20,5,0,,,,0.6155,0.0,0.0,0.0,0.0
2,21,5,0,,,,0.56703335,0.0,0.0,0.0,0.0
2,22,5,0,,,,0.54866666,0.0,0.0,0.0,0.0
2,23,5,0,,,,0.5689667,0.0,0.0,0.0,0.0
2,24,5,0,,,,0.49569166,0.0,0.0,0.0,0.0
2,1,6,0,,,,0.5678,0.0,0.0,0.0,0.0
2,2,6,0,,,,0.5215667,0.0,0.0,0.0,0.0
2,3,6,0,,,,0.56233335,0.0,0.0,0.0,0.0
2,4,6,0,,,,1.164,0.0,0.0,0.0,0.0
2,5,6,0,,,,1.4073666,0.0,0.0,0.0,0.0
2,6,6,0,,,,1.7740166,0.0,0.0,0.0,0.0
2,7,6,0,,,,0.43856668,0.0,0.0,0.0,0.0
2,8,6,0,,,,1.7457334,0.0,0.0,0.0,0.0
2,9,6,0,,,,0.9803,0.0,0.0,0.0,1.2
2,10,6,0,,,,3.1505334,0.0,0.0,0.0,27.35
2,11,6,0,,,,1.1533,0.0,0.0,0.0,46.62
2,12,6,0,,,,0.7809333,0.0,0.0,0.0,75.56
2,13,6,0,,,,1.97165,0.0,0.0,0.0,101.32
2,14,6,0,,,,1.8967834,0.0,0.0,0.0,88.22
2,15,6,0,,,,1.3015333,0.0,0.0,0.0,72.0
2,16,6,0,,,,0.22475003,0.0,0.0,0.0,342.45
2,17,6,0,,,,0.86685,0.0,0.0,0.0,0.37
2,18,6,0,,,,0.8078667,0.0,0.0,0.0,0.0
2,19,6,0,,,,0.53595,0.0,0.0,0.0,0.0
2,20,6,0,,,,0.29401666,0.0,0.0,0.0,0.0
2,21,6,0,,,,0.32576668,0.0,0.0,0.0,0.0
2,22,6,0,,,,0.64066666,0.0,0.0,0.0,0.0
2,23,6,0,,,,0.77821666,0.0,0.0,0.0,0.0
2,24,6,0,,,,0.52751666,0.0,0.0,0.0,0.0
2,1,7,0,,,,0.5775333,0.0,0.0,0.0,0.0
2,2,7,0,,,,0.5443,0.0,0.0,0.0,0.0
2,3,7,0,,,,0.5319167,0.0,0.0,0.0,0.0
2,4,7,0,,,,0.5111667,0.0,0.0,0.0,0.0
2,5,7,0,,,,0.41661668,0.0,0.0,0.0,0.0
2,6,7,0,,,,2.1399667,0.0,0.0,0.0,0.0
2,7,7,0,,,,1.5808166,0.0,0.0,0.0,0.0
2,8,7,0,,,,1.4853667,0.0,0.0,0.0,0.0
2,9,7,0,,,,4.19565,0.0,0.0,0.0,0.39
2,10,7,0,,,,2.0919833,0.0,0.0,0.0,148.92
2,11,7,0,,,,1.5527166,0.0,0.0,0.0,43.41
2,12,7,0,,,,2.1193166,0.0,0.0,0.0,19.59
2,13,7,0,,,,1.6410333,0.0,0.0,0.0,76.82
2,14,7,0,,,,0.9693,0.0,0.0,0.0,89.94
2,15,7,0,,,,0.42923334,0.0,0.0,0.0,105.32
2,16,7,0,,,,0.17548335,0.0,0.0,0.0,23.99
2,17,7,0,,,,0.15645002,0.0,0.0,0.0,1.23
2,18,7,0,,,,0.11758338,0.0,0.0,0.0,0.0
2,19,7,0,,,,0.2598,0.0,0.0,0.0,0.0
2,20,7,0,,,,0.94423336,0.0,0.0,0.0,0.0
2,21,7,0,,,,0.8901,0.0,0.0,0.0,0.0
2,22,7,0,,,,0.646,0.0,0.0,0.0,0.0
2,23,7,0,,,,0.7105167,0.0,0.0,0.0,0.0
2,24,7,0,,,,2.601275,0.0,0.0,0.0,0.0
2,1,1,0,,,,0.5993,0.0,0.0,0.0,0.0
2,2,1,0,,,,0.5467333,0.0,0.0,0.0,0.0
2,3,1,0,,,,0.61215,0.0,0.0,0.0,0.0
2,4,1,0,,,,0.54575,0.0,0.0,0.0,0.0
2,5,1,0,,,,0.77216667,0.0,0.0,0.0,0.0
2,6,1,0,,,,1.9275833,0.0,0.0,0.0,0.0
2,7,1,0,,,,0.7493167,0.0,0.0,0.0,0.0
2,8,1,0,,,,0.8641833,0.0,0.0,0.0,0.0
2,9,1,0,,,,0.5168333,0.0,0.0,0.0,0.03
2,10,1,0,,,,0.40301666,0.0,0.0,0.0,106.05
2,11,1,0,,,,0.7319833,0.0,0.0,0.0,57.93
2,12,1,0,,,,2.48495,0.0,0.0,0.0,67.77
2,13,1,0,,,,0.90938336,0.0,0.0,0.0,45.73
2,14,1,0,,,,0.61338335,0.0,0.0,0.0,99.08
2,15,1,0,,,,0.3816,0.0,0.0,0.0,78.16
2,16,1,0,,,,0.38003334,0.0,0.0,0.0,132.85
2,17,1,0,,,,0.98298,0.0,0.0,0.0,174.49
2,18,1,0,,,,3.19865,0.0,0.0,0.0,0.0
2,19,1,0,,,,2.60315,0.0,0.0,0.0,0.0
2,20,1,0,,,,2.2748168,0.0,0.0,0.0,0.0
2,21,1,0,,,,1.2548167,0.0,0.0,0.0,0.0
2,22,1,0,,,,0.6027333,0.0,0.0,0.0,0.0
2,23,1,0,,,,0.55845,0.0,0.0,0.0,0.0
2,24,1,0,,,,0.64993334,0.0,0.0,0.0,0.0
2,1,2,0,,,,0.5676,0.0,0.0,0.0,0.0
2,2,2,0,,,,0.59573334,0.0,0.0,0.0,0.0
2,3,2,0,,,,0.63986665,0.0,0.0,0.0,0.0
2,4,2,0,,,,0.63463336,0.0,0.0,0.0,0.0
2,5,2,0,,,,0.8293167,0.0,0.0,0.0,0.0
2,6,2,0,,,,2.0956166,0.0,0.0,0.0,0.0
2,7,2,0,,,,1.2086,0.0,0.0,0.0,0.0
2,8,2,0,,,,0.88025,0.0,0.0,0.0,0.0
2,9,2,0,,,,0.946,0.0,0.0,0.0,181.09
2,10,2,0,,,,0.58428335,0.0,0.0,0.0,426.47
2,11,2,0,,,,0.729,0.0,0.0,0.0,366.77
2,12,2,0,,,,1.8687333,0.0,0.0,0.0,429.1
2,13,2,0,,,,0.84548336,0.0,0.0,0.0,476.19
2,14,2,0,,,,0.6519,0.0,0.0,0.0,130.77
2,15,2,0,,,,0.74335,0.0,0.0,0.0,524.81
2,16,2,0,,,,1.3049124,0.0,0.0,0.0,445.11
2,17,2,0,,,,1.5448834,0.0,0.0,0.0,165.29
2,18,2,0,,,,1.6395333,0.0,0.0,0.0,0.0
2,19,2,0,,,,0.7565,0.0,0.0,0.0,0.0
2,20,2,0,,,,0.5284,0.0,0.0,0.0,0.0
2,21,2,0,,,,0.5711167,0.0,0.0,0.0,0.0
2,22,2,0,,,,0.5023,0.0,0.0,0.0,0.0
2,23,2,0,,,,0.53613335,0.0,0.0,0.0,0.0
2,24,2,0,,,,0.85083336,0.0,0.0,0.0,0.0
2,1,3,0,,,,0.96458334,0.0,0.0,0.0,0.0
2,2,3,0,,,,0.58435,0.0,0.0,0.0,0.0
2,3,3,0,,,,0.50801665,0.0,0.0,0.0,0.0
2,4,3,0,,,,0.573275,0.0,0.0,0.0,0.0
2,5,3,0,,,,0.5132167,0.0,0.0,0.0,0.0
2,6,3,0,,,,0.92875,0.0,0.0,0.0,0.0
2,7,3,0,,,,2.0881166,0.0,0.0,0.0,0.0
2,8,3,0,,,,3.6548,0.0,0.0,0.0,0.0
2,9,3,0,,,,1.84075,0.0,0.0,0.0,205.7
2,10,3,0,,,,1.0929667,0.0,0.0,0.0,441.71
2,11,3,0,,,,1.0383166,0.0,0.0,0.0,147.21
2,12,3,0,,,,1.0937667,0.0,0.0,0.0,150.23
2,13,3,0,,,,1.7535833,0.0,0.0,0.0,103.25
2,14,3,0,,,,1.7845,0.0,0.0,0.0,60.63
2,15,3,0,,,,0.74705005,0.0,0.0,0.0,27.87
2,16,3,0,,,,0.10095002,0.0,0.0,0.0,22.6
2,17,3,0,,,,0.7211667,0.0,0.0,0.0,3.78
2,18,3,0,,,,2.0247667,0.0,0.0,0.0,0.0
2,19,3,0,,,,1.7496834,0.0,0.0,0.0,0.0
2,20,3,0,,,,3.2974,0.0,0.0,0.0,0.0
2,21,3,0,,,,1.0186666,0.0,0.0,0.0,0.0
2,22,3,0,,,,0.86716664,0.0,0.0,0.0,0.0
2,23,3,0,,,,0.52466667,0.0,0.0,0.0,0.0
2,24,3,0,,,,0.5735083,0.0,0.0,0.0,0.0
2,1,4,0,,,,0.5187,0.0,0.0,0.0,0.0
2,2,4,0,,,,0.55735,0.0,0.0,0.0,0.0
2,3,4,0,,,,0.78295,0.0,0.0,0.0,0.0
2,4,4,0,,,,0.74366665,0.0,0.0,0.0,0.0
2,5,4,0,,,,0.7560833,0.0,0.0,0.0,0.0
2,6,4,0,,,,1.074425,0.0,0.0,0.0,0.0
2,7,4,0,,,,0.4948,0.0,0.0,0.0,0.0
2,8,4,0,,,,1.7255167,0.0,0.0,0.0,0.0
2,9,4,0,,,,2.6676166,0.0,0.0,0.0,33.44
2,10,4,0,,,,2.2966666,0.0,0.0,0.0,107.82
2,11,4,0,,,,0.43663332,0.0,0.0,0.0,92.35
2,12,4,0,,,,0.93806666,0.0,0.0,0.0,147.12
2,13,4,0,,,,0.16818334,0.0,0.0,0.0,92.05
2,14,4,0,,,,0.9863667,0.0,0.0,0.0,80.09
2,15,4,0,,,,0.31626666,0.0,0.0,0.0,45.39
2,16,4,0,,,,0.13603333,0.0,0.0,0.0,28.79
2,17,4,0,,,,0.2671167,0.0,0.0,0.0,8.0
2,18,4,0,,,,2.2651167,0.0,0.0,0.0,0.0
2,19,4,0,,,,2.1033666,0.0,0.0,0.0,0.0
2,20,4,0,,,,0.84356666,0.0,0.0,0.0,0.0
2,21,4,0,,,,1.19275,0.0,0.0,0.0,0.0
2,22,4,0,,,,0.5761333,0.0,0.0,0.0,0.0
2,23,4,0,,,,0.6075,0.0,0.0,0.0,0.0
2,24,4,0,,,,0.5330833,0.0,0.0,0.0,0.0
2,1,5,0,,,,0.5969,0.0,0.0,0.0,0.0
2,2,5,0,,,,0.54141665,0.0,0.0,0.0,0.0
2,3,5,0,,,,0.5334833,0.0,0.0,0.0,0.0
2,4,5,0,,,,0.58405,0.0,0.0,0.0,0.0
2,5,5,0,,,,0.62368333,0.0,0.0,0.0,0.0
2,6,5,0,,,,1.80175,0.0,0.0,0.0,0.0
2,7,5,0,,,,0.55203336,0.0,0.0,0.0,0.0
2,8,5,0,,,,1.1634667,0.0,0.0,0.0,0.0
2,9,5,0,,,,1.2381166,0.0,0.0,0.0,0.44
2,10,5,0,,,,1.00545,0.0,0.0,0.0,46.19
2,11,5,0,,,,1.19865,0.0,0.0,0.0,153.62
2,12,5,0,,,,0.9203667,0.0,0.0,0.0,140.11
2,13,5,0,,,,0.97345,0.0,0.0,0.0,118.07
2,14,5,0,,,,0.5568667,0.0,0.0,0.0,580.05
2,15,5,0,,,,0.84235,0.0,0.0,0.0,636.99
2,16,5,0,,,,0.6109834,0.0,0.0,0.0,423.0
2,17,5,0,,,,0.7471334,0.0,0.0,0.0,215.67
2,18,5,0,,,,2.3425834,0.0,0.0,0.0,0.0
2,19,5,0,,,,1.9659834,0.0,0.0,0.0,0.0
2,20,5,0,,,,1.02365,0.0,0.0,0.0,0.0
2,21,5,0,,,,0.6114,0.0,0.0,0.0,0.0
2,22,5,0,,,,0.57063335,0.0,0.0,0.0,0.0
2,23,5,0,,,,0.59185,0.0,0.0,0.0,0.0
2,24,5,0,,,,0.57945,0.0,0.0,0.0,0.0
2,1,6,0,,,,0.58286667,0.0,0.0,0.0,0.0
2,2,6,0,,,,0.53985,0.0,0.0,0.0,0.0
2,3,6,0,,,,0.5430667,0.0,0.0,0.0,0.0
2,4,6,0,,,,0.55616665,0.0,0.0,0.0,0.0
2,5,6,0,,,,0.59833336,0.0,0.0,0.0,0.0
2,6,6,0,,,,0.76163334,0.0,0.0,0.0,0.0
2,7,6,0,,,,1.1375834,0.0,0.0,0.0,0.0
2,8,6,0,,,,1.61525,0.0,0.0,0.0,0.0
2,9,6,0,,,,1.2009333,0.0,0.0,0.0,9.31
2,10,6,0,,,,1.3934,0.0,0.0,0.0,28.79
2,11,6,0,,,,2.1928833,0.0,0.0,0.0,48.43
2,12,6,0,,,,1.5186,0.0,0.0,0.0,78.7
2,13,6,0,,,,2.5681,0.0,0.0,0.0,53.7
2,14,6,0,,,,2.8118668,0.0,0.0,0.0,48.63
2,15,6,0,,,,2.3414834,0.0,0.0,0.0,39.74
2,16,6,0,,,,1.2118334,0.0,0.0,0.0,19.29
2,17,6,0,,,,0.51475,0.0,0.0,0.0,4.23
2,18,6,0,,,,0.6308,0.0,0.0,0.0,0.0
2,19,6,0,,,,0.8757667,0.0,0.0,0.0,0.0
2,20,6,0,,,,0.80076665,0.0,0.0,0.0,0.0
2,21,6,0,,,,0.8851333,0.0,0.0,0.0,0.0
2,22,6,0,,,,0.61685,0.0,0.0,0.0,0.0
2,23,6,0,,,,0.67296666,0.0,0.0,0.0,0.0
2,24,6,0,,,,0.5591583,0.0,0.0,0.0,0.0
2,1,7,0,,,,0.50945,0.0,0.0,0.0,0.0
2,2,7,0,,,,0.49816668,0.0,0.0,0.0,0.0
2,3,7,0,,,,0.50521666,0.0,0.0,0.0,0.0
2,4,7,0,,,,0.4942,0.0,0.0,0.0,0.0
2,5,7,0,,,,0.5014167,0.0,0.0,0.0,0.0
2,6,7,0,,,,0.47823334,0.0,0.0,0.0,0.0
2,7,7,0,,,,0.75185,0.0,0.0,0.0,0.0
2,8,7,0,,,,1.0183333,0.0,0.0,0.0,0.0
2,9,7,0,,,,2.4871833,0.0,0.0,0.0,54.36
2,10,7,0,,,,2.5816333,0.0,0.0,0.0,137.98
2,11,7,0,,,,4.07335,0.0,0.0,0.0,67.4
2,12,7,0,,,,1.23035,0.0,0.0,0.0,65.79
2,13,7,0,,,,3.8516834,0.0,0.0,0.0,125.69
2,14,7,0,,,,1.3169333,0.0,0.0,0.0,100.31
2,15,7,0,,,,0.34823337,0.0,0.0,0.0,199.67
2,16,7,0,,,,0.5362667,0.0,0.0,0.0,131.66
2,17,7,0,,,,0.5632,0.0,0.0,0.0,23.83
2,18,7,0,,,,0.94125,0.0,0.0,0.0,0.0
2,19,7,0,,,,1.9211667,0.0,0.0,0.0,0.0
2,20,7,0,,,,1.0958,0.0,0.0,0.0,0.0
2,21,7,0,,,,1.0547167,0.0,0.0,0.0,0.0
2,22,7,0,,,,0.62796664,0.0,0.0,0.0,0.0
2,23,7,0,,,,0.55883336,0.0,0.0,0.0,0.0
2,24,7,0,,,,0.55403334,0.0,0.0,0.0,0.0
2,1,1,0,,,,0.55938333,0.0,0.0,0.0,0.0
2,2,1,0,,,,0.57673335,0.0,0.0,0.0,0.0
2,3,1,0,,,,0.5245,0.0,0.0,0.0,0.0
2,4,1,0,,,,0.56166667,0.0,0.0,0.0,0.0
2,5,1,0,,,,0.46968332,0.0,0.0,0.0,0.0
2,6,1,0,,,,0.34218332,0.0,0.0,0.0,0.0
2,7,1,0,,,,1.8942,0.0,0.0,0.0,0.0
2,8,1,0,,,,1.9331666,0.0,0.0,0.0,0.0
2,9,1,0,,,,2.83885,0.0,0.0,0.0,86.16
2,10,1,0,,,,2.9630167,0.0,0.0,0.0,133.04
2,11,1,0,,,,2.2482333,0.0,0.0,0.0,104.28
2,12,1,0,,,,0.5326667,0.0,0.0,0.0,221.98
2,13,1,0,,,,0.49718332,0.0,0.0,0.0,133.05
2,14,1,0,,,,1.4394333,0.0,0.0,0.0,137.49
2,15,1,0,,,,0.49683335,0.0,0.0,0.0,91.0
2,16,1,0,,,,0.16758335,0.0,0.0,0.0,107.01
2,17,1,0,,,,0.14808336,0.0,0.0,0.0,50.83
2,18,1,0,,,,0.09825004,0.0,0.0,0.0,0.0
2,19,1,0,,,,0.34075,0.0,0.0,0.0,0.0
2,20,1,0,,,,0.6746167,0.0,0.0,0.0,0.0
2,21,1,0,,,,1.8624834,0.0,0.0,0.0,0.0
2,22,1,0,,,,0.2894,0.0,0.0,0.0,0.0
2,23,1,0,,,,1.0155166,0.0,0.0,0.0,0.0
2,24,1,0,,,,0.66770834,0.0,0.0,0.0,0.0
2,1,2,0,,,,0.5506167,0.0,0.0,0.0,0.0
2,2,2,0,,,,0.57411665,0.0,0.0,0.0,0.0
2,3,2,0,,,,0.5648,0.0,0.0,0.0,0.0
2,4,2,0,,,,0.5911833,0.0,0.0,0.0,0.0
2,5,2,0,,,,0.77925,0.0,0.0,0.0,0.0
2,6,2,0,,,,0.6896,0.0,0.0,0.0,0.0
2,7,2,0,,,,0.41855,0.0,0.0,0.0,0.0
2,8,2,0,,,,0.80266666,0.0,0.0,0.0,0.0
2,9,2,0,,,,2.2883666,0.0,0.0,0.0,77.87
2,10,2,0,,,,2.1039,0.0,0.0,0.0,64.94
2,11,2,0,,,,0.71475,0.0,0.0,0.0,93.48
2,12,2,0,,,,1.87865,0.0,0.0,0.0,140.77
2,13,2,0,,,,1.3121,0.0,0.0,0.0,66.46
2,14,2,0,,,,0.4719,0.0,0.0,0.0,54.2
2,15,2,0,,,,0.48855004,0.0,0.0,0.0,37.52
2,16,2,0,,,,0.13728335,0.0,0.0,0.0,23.8
2,17,2,0,,,,0.1474,0.0,0.0,0.0,14.48
2,18,2,0,,,,0.2682139,0.0,0.0,0.0,0.0
2,19,2,0,,,,0.87465,0.0,0.0,0.0,0.0
2,20,2,0,,,,1.8664666,0.0,0.0,0.0,0.0
2,21,2,0,,,,0.26296666,0.0,0.0,0.0,0.0
2,22,2,0,,,,1.0425167,0.0,0.0,0.0,0.0
2,23,2,0,,,,0.62761664,0.0,0.0,0.0,0.0
2,24,2,0,,,,0.62900835,0.0,0.0,0.0,0.0
2,1,3,0,,,,0.6138667,0.0,0.0,0.0,0.0
2,2,3,0,,,,0.59825,0.0,0.0,0.0,0.0
2,3,3,0,,,,0.6397,0.0,0.0,0.0,0.0
2,4,3,0,,,,0.94511664,0.0,0.0,0.0,0.0
2,5,3,0,,,,1.4593667,0.0,0.0,0.0,0.0
2,6,3,0,,,,0.98055,0.0,0.0,0.0,0.0
2,7,3,0,,,,0.85176665,0.0,0.0,0.0,0.0
2,8,3,0,,,,1.97495,0.0,0.0,0.0,0.0
2,9,3,0,,,,2.6905668,0.0,0.0,0.0,15.54
2,10,3,0,,,,1.56185,0.0,0.0,0.0,31.83
2,11,3,0,,,,0.47068334,0.0,0.0,0.0,167.21
2,12,3,0,,,,0.27818334,0.0,0.0,0.0,106.18
2,13,3,0,,,,0.5131,0.0,0.0,0.0,237.66
2,14,3,0,,,,0.5101333,0.0,0.0,0.0,349.99
2,15,3,0,,,,0.34356672,0.0,0.0,0.0,408.75
2,16,3,0,,,,0.73358333,0.0,0.0,0.0,283.73
2,17,3,0,,,,0.34245,0.0,0.0,0.0,16.46
2,18,3,0,,,,0.38523334,0.0,0.0,0.0,0.0
2,19,3,0,,,,0.33990833,0.0,0.0,0.0,0.0
2,20,3,0,,,,0.88851666,0.0,0.0,0.0,0.0
2,21,3,0,,,,0.83031666,0.0,0.0,0.0,0.0
2,22,3,0,,,,0.8627333,0.0,0.0,0.0,0.0
2,23,3,0,,,,0.74,0.0,0.0,0.0,0.0
2,24,3,0,,,,0.5610167,0.0,0.0,0.0,0.0
2,1,4,0,,,,0.5717667,0.0,0.0,0.0,0.0
2,2,4,0,,,,0.5535333,0.0,0.0,0.0,0.0
2,3,4,0,,,,0.71751666,0.0,0.0,0.0,0.0
2,4,4,0,,,,0.7686167,0.0,0.0,0.0,0.0
2,5,4,0,,,,0.70705,0.0,0.0,0.0,0.0
2,6,4,0,,,,0.5916167,0.0,0.0,0.0,0.0
2,7,4,0,,,,0.83638334,0.0,0.0,0.0,0.0
2,8,4,0,,,,1.7435,0.0,0.0,0.0,0.0
2,9,4,0,,,,2.3416333,0.0,0.0,0.0,45.97
2,10,4,0,,,,2.2128334,0.0,0.0,0.0,103.93
2,11,4,0,,,,0.56796664,0.0,0.0,0.0,124.43
2,12,4,0,,,,0.25135002,0.0,0.0,0.0,408.8
2,13,4,0,,,,0.08538334,0.0,0.0,0.0,725.54
2,14,4,0,,,,0.94888335,0.0,0.0,0.0,694.83
2,15,4,0,,,,0.7924,0.0,0.0,0.0,595.46
2,16,4,0,,,,0.7360833,0.0,0.0,0.0,449.18
2,17,4,0,,,,0.26650003,0.0,0.0,0.0,238.86
2,18,4,0,,,,0.5200167,0.0,0.0,0.0,0.0
2,19,4,0,,,,3.3797834,0.0,0.0,0.0,0.0
2,20,4,0,,,,2.5588,0.0,0.0,0.0,0.0
2,21,4,0,,,,1.1685667,0.0,0.0,0.0,0.0
2,22,4,0,,,,0.7629167,0.0,0.0,0.0,0.0
2,23,4,0,,,,0.54228336,0.0,0.0,0.0,0.0
2,24,4,0,,,,0.5649833,0.0,0.0,0.0,0.0
2,1,5,0,,,,0.54475,0.0,0.0,0.0,0.0
2,2,5,0,,,,0.55231667,0.0,0.0,0.0,0.0
2,3,5,0,,,,0.5543,0.0,0.0,0.0,0.0
2,4,5,0,,,,1.7386667,0.0,0.0,0.0,0.0
2,5,5,0,,,,1.2163833,0.0,0.0,0.0,0.0
2,6,5,0,,,,1.0758333,0.0,0.0,0.0,0.0
2,7,5,0,,,,0.43465,0.0,0.0,0.0,0.0
2,8,5,0,,,,0.37191668,0.0,0.0,0.0,0.0
2,9,5,0,,,,0.74983335,0.0,0.0,0.0,217.76
2,10,5,0,,,,0.46056667,0.0,0.0,0.0,483.62
2,11,5,0,,,,0.35381666,0.0,0.0,0.0,599.99
2,12,5,0,,,,0.30521667,0.0,0.0,0.0,710.45
2,13,5,0,,,,0.31615,0.0,0.0,0.0,742.41
2,14,5,0,,,,0.29523334,0.0,0.0,0.0,726.71
2,15,5,0,,,,0.30681667,0.0,0.0,0.0,604.17
2,16,5,0,,,,0.6109167,0.0,0.0,0.0,362.8
2,17,5,0,,,,3.0308945,0.0,0.0,0.0,25.83
2,18,5,0,,,,2.37515,0.0,0.0,0.0,0.0
2,19,5,0,,,,4.4748,0.0,0.0,0.0,0.0
2,20,5,0,,,,1.3714334,0.0,0.0,0.0,0.0
2,21,5,0,,,,1.1713667,0.0,0.0,0.0,0.0
2,22,5,0,,,,0.52036667,0.0,0.0,0.0,0.0
2,23,5,0,,,,0.71143335,0.0,0.0,0.0,0.0
2,24,5,0,,,,3.7931166,0.0,0.0,0.0,0.0
2,1,6,0,,,,0.54948336,0.0,0.0,0.0,0.0
2,2,6,0,,,,0.5054167,0.0,0.0,0.0,0.0
2,3,6,0,,,,0.54366666,0.0,0.0,0.0,0.0
2,4,6,0,,,,0.5664167,0.0,0.0,0.0,0.0
2,5,6,0,,,,0.95031667,0.0,0.0,0.0,0.0
2,6,6,0,,,,1.1767,0.0,0.0,0.0,0.0
2,7,6,0,,,,1.0875833,0.0,0.0,0.0,0.0
2,8,6,0,,,,0.8785,0.0,0.0,0.0,0.0
2,9,6,0,,,,1.2755333,0.0,0.0,0.0,227.92
2,10,6,0,,,,1.76365,0.0,0.0,0.0,485.91
2,11,6,0,,,,3.2607667,0.0,0.0,0.0,643.64
2,12,6,0,,,,2.3916,0.0,0.0,0.0,735.12
2,13,6,0,,,,0.75236666,0.0,0.0,0.0,765.77
2,14,6,0,,,,0.91286665,0.0,0.0,0.0,731.95
2,15,6,0,,,,0.93336666,0.0,0.0,0.0,629.45
2,16,6,0,,,,0.74518335,0.0,0.0,0.0,471.78
2,17,6,0,,,,2.0073166,0.0,0.0,0.0,253.46
2,18,6,0,,,,2.2106,0.0,0.0,0.0,0.0
2,19,6,0,,,,1.95,0.0,0.0,0.0,0.0
2,20,6,0,,,,3.2148,0.0,0.0,0.0,0.0
2,21,6,0,,,,2.4531834,0.0,0.0,0.0,0.0
2,22,6,0,,,,0.92431664,0.0,0.0,0.0,0.0
2,23,6,0,,,,0.73413336,0.0,0.0,0.0,0.0
2,24,6,0,,,,0.45788333,0.0,0.0,0.0,0.0
2,1,7,0,,,,0.9945667,0.0,0.0,0.0,0.0
2,2,7,0,,,,3.0155168,0.0,0.0,0.0,0.0
2,3,7,0,,,,0.47625,0.0,0.0,0.0,0.0
2,4,7,0,,,,0.47066668,0.0,0.0,0.0,0.0
2,5,7,0,,,,0.74481666,0.0,0.0,0.0,0.0
2,6,7,0,,,,1.8078,0.0,0.0,0.0,0.0
2,7,7,0,,,,0.99418336,0.0,0.0,0.0,0.0
2,8,7,0,,,,0.35668334,0.0,0.0,0.0,0.0
2,9,7,0,,,,0.8203,0.0,0.0,0.0,260.16
2,10,7,0,,,,0.6827667,0.0,0.0,0.0,492.67
2,11,7,0,,,,0.5611167,0.0,0.0,0.0,648.34
2,12,7,0,,,,3.4151833,0.0,0.0,0.0,742.32
2,13,7,0,,,,0.52723336,0.0,0.0,0.0,769.32
2,14,7,0,,,,0.34098333,0.0,0.0,0.0,747.52
2,15,7,0,,,,0.299625,0.0,0.0,0.0,633.14
2,16,7,0,,,,0.5830167,0.0,0.0,0.0,483.78
2,17,7,0,,,,0.65601665,0.0,0.0,0.0,263.05
2,18,7,0,,,,1.4587667,0.0,0.0,0.0,0.0
2,19,7,0,,,,2.69655,0.0,0.0,0.0,0.0
2,20,7,0,,,,4.18485,0.0,0.0,0.0,0.0
2,21,7,0,,,,1.4923333,0.0,0.0,0.0,0.0
2,22,7,0,,,,0.9188667,0.0,0.0,0.0,0.0
2,23,7,0,,,,0.8972833,0.0,0.0,0.0,0.0
2,24,7,0,,,,4.2391667,0.0,0.0,0.0,0.0
2,1,1,0,,,,0.56278336,0.0,0.0,0.0,0.0
2,2,1,0,,,,0.58044165,0.0,0.0,0.0,0.0
2,3,1,0,,,,0.5472583,0.0,0.0,0.0,0.0
2,4,1,0,,,,0.50585836,0.0,0.0,0.0,0.0
2,5,1,0,,,,0.54253334,0.0,0.0,0.0,0.0
2,6,1,0,,,,1.5341834,0.0,0.0,0.0,0.0
2,7,1,0,,,,3.3804834,0.0,0.0,0.0,0.0
2,8,1,0,,,,1.2978,0.0,0.0,0.0,0.0
2,9,1,0,,,,1.572,0.0,0.0,0.0,162.02
2,10,1,0,,,,1.9984666,0.0,0.0,0.0,296.15
2,11,1,0,,,,1.5111667,0.0,0.0,0.0,126.1
2,12,1,0,,,,2.2474167,0.0,0.0,0.0,36.34
2,13,1,0,,,,1.5269667,0.0,0.0,0.0,165.04
2,14,1,0,,,,1.6212,0.0,0.0,0.0,155.34
2,15,1,0,,,,0.98655003,0.0,0.0,0.0,28.5
2,16,1,0,,,,0.38238335,0.0,0.0,0.0,146.35
2,17,1,0,,,,0.32616666,0.0,0.0,0.0,6.45
2,18,1,0,,,,1.06175,0.0,0.0,0.0,0.0
2,19,1,0,,,,3.4817834,0.0,0.0,0.0,0.0
2,20,1,0,,,,3.8273,0.0,0.0,0.0,0.0
2,21,1,0,,,,3.0941834,0.0,0.0,0.0,0.0
2,22,1,0,,,,0.88918334,0.0,0.0,0.0,0.0
2,23,1,0,,,,0.7604,0.0,0.0,0.0,0.0
2,24,1,0,,,,0.47521666,0.0,0.0,0.0,0.0
2,1,2,0,,,,0.49488333,0.0,0.0,0.0,0.0
2,2,2,0,,,,0.47853333,0.0,0.0,0.0,0.0
2,3,2,0,,,,0.47063333,0.0,0.0,0.0,0.0
2,4,2,0,,,,0.53195,0.0,0.0,0.0,0.0
2,5,2,0,,,,0.67036664,0.0,0.0,0.0,0.0
2,6,2,0,,,,1.4304416,0.0,0.0,0.0,0.0
2,7,2,0,,,,0.7664833,0.0,0.0,0.0,0.0
2,8,2,0,,,,0.7414,0.0,0.0,0.0,0.0
2,9,2,0,,,,0.80343336,0.0,0.0,0.0,37.37
2,10,2,0,,,,0.82451665,0.0,0.0,0.0,148.73
2,11,2,0,,,,1.29445,0.0,0.0,0.0,304.01
2,12,2,0,,,,1.8302833,0.0,0.0,0.0,616.94
2,13,2,0,,,,1.5665,0.0,0.0,0.0,782.68
2,14,2,0,,,,0.8832,0.0,0.0,0.0,755.72
2,15,2,0,,,,0.6093,0.0,0.0,0.0,672.69
2,16,2,0,,,,0.19716671,0.0,0.0,0.0,486.9
2,17,2,0,,,,0.5703167,0.0,0.0,0.0,295.33
2,18,2,0,,,,0.37468338,0.0,0.0,0.0,0.0
2,19,2,0,,,,2.69575,0.0,0.0,0.0,0.0
2,20,2,0,,,,1.2435,0.0,0.0,0.0,0.0
2,21,2,0,,,,1.0148166,0.0,0.0,0.0,0.0
2,22,2,0,,,,0.60973334,0.0,0.0,0.0,0.0
2,23,2,0,,,,0.54261667,0.0,0.0,0.0,0.0
2,24,2,0,,,,0.51660836,0.0,0.0,0.0,0.0
2,1,3,0,,,,0.54431665,0.0,0.0,0.0,0.0
2,2,3,0,,,,0.5365,0.0,0.0,0.0,0.0
2,3,3,0,,,,0.70063335,0.0,0.0,0.0,0.0
2,4,3,0,,,,0.70776665,0.0,0.0,0.0,0.0
2,5,3,0,,,,0.58915,0.0,0.0,0.0,0.0
2,6,3,0,,,,0.88375,0.0,0.0,0.0,0.0
2,7,3,0,,,,0.37006667,0.0,0.0,0.0,0.0
2,8,3,0,,,,0.67365,0.0,0.0,0.0,0.0
2,9,3,0,,,,1.59485,0.0,0.0,0.0,93.86
2,10,3,0,,,,0.86205,0.0,0.0,0.0,523.37
2,11,3,0,,,,0.5054833,0.0,0.0,0.0,670.68
2,12,3,0,,,,0.87116665,0.0,0.0,0.0,678.76
2,13,3,0,,,,1.0656166,0.0,0.0,0.0,810.42
2,14,3,0,,,,1.6653334,0.0,0.0,0.0,672.87
2,15,3,0,,,,0.7707,0.0,0.0,0.0,452.9
2,16,3,0,,,,0.31376672,0.0,0.0,0.0,302.71
2,17,3,0,,,,0.76030004,0.0,0.0,0.0,225.98
2,18,3,0,,,,0.5343,0.0,0.0,0.0,0.0
2,19,3,0,,,,1.8431667,0.0,0.0,0.0,0.0
2,20,3,0,,,,4.0516834,0.0,0.0,0.0,0.0
2,21,3,0,,,,0.97973335,0.0,0.0,0.0,0.0
2,22,3,0,,,,0.8588333,0.0,0.0,0.0,0.0
2,23,3,0,,,,0.53961664,0.0,0.0,0.0,0.0
2,24,3,0,,,,0.544,0.0,0.0,0.0,0.0
2,1,4,0,,,,0.52665,0.0,0.0,0.0,0.0
2,2,4,0,,,,0.54268336,0.0,0.0,0.0,0.0
2,3,4,0,,,,0.52288336,0.0,0.0,0.0,0.0
2,4,4,0,,,,0.52105,0.0,0.0,0.0,0.0
2,5,4,0,,,,0.5068833,0.0,0.0,0.0,0.0
2,6,4,0,,,,0.889,0.0,0.0,0.0,0.0
2,7,4,0,,,,1.101425,0.0,0.0,0.0,0.0
2,8,4,0,,,,2.5747833,0.0,0.0,0.0,0.0
2,9,4,0,,,,2.7818167,0.0,0.0,0.0,87.28
2,10,4,0,,,,2.8646667,0.0,0.0,0.0,517.3
2,11,4,0,,,,0.78353333,0.0,0.0,0.0,699.71
2,12,4,0,,,,0.29466668,0.0,0.0,0.0,807.42
2,13,4,0,,,,0.56365,0.0,0.0,0.0,844.31
2,14,4,0,,,,0.5738,0.0,0.0,0.0,809.3
2,15,4,0,,,,0.50525,0.0,0.0,0.0,677.57
2,16,4,0,,,,0.13218333,0.0,0.0,0.0,539.38
2,17,4,0,,,,0.14943333,0.0,0.0,0.0,303.12
2,18,4,0,,,,0.20033336,0.0,0.0,0.0,0.0
2,19,4,0,,,,1.0513167,0.0,0.0,0.0,0.0
2,20,4,0,,,,1.6812,0.0,0.0,0.0,0.0
2,21,4,0,,,,0.60326666,0.0,0.0,0.0,0.0
2,22,4,0,,,,0.81266665,0.0,0.0,0.0,0.0
2,23,4,0,,,,0.46755,0.0,0.0,0.0,0.0
2,24,4,0,,,,0.36215,0.0,0.0,0.0,0.0
2,1,5,0,,,,0.36258334,0.0,0.0,0.0,0.0
2,2,5,0,,,,0.3455,0.0,0.0,0.0,0.0
2,3,5,0,,,,0.3626,0.0,0.0,0.0,0.0
2,4,5,0,,,,0.77178335,0.0,0.0,0.0,0.0
2,5,5,0,,,,1.2200667,0.0,0.0,0.0,0.0
2,6,5,0,,,,0.9054667,0.0,0.0,0.0,0.0
2,7,5,0,,,,0.99826664,0.0,0.0,0.0,0.0
2,8,5,0,,,,2.110025,0.0,0.0,0.0,0.0
2,9,5,0,,,,2.9171667,0.0,0.0,0.0,114.06
2,10,5,0,,,,0.54908335,0.0,0.0,0.0,140.79
2,11,5,0,,,,0.3228,0.0,0.0,0.0,219.92
2,12,5,0,,,,0.38775,0.0,0.0,0.0,310.68
2,13,5,0,,,,0.8628333,0.0,0.0,0.0,254.8
2,14,5,0,,,,0.49686667,0.0,0.0,0.0,358.28
2,15,5,0,,,,0.448,0.0,0.0,0.0,153.65
2,16,5,0,,,,0.86621666,0.0,0.0,0.0,93.92
2,17,5,0,,,,1.3676667,0.0,0.0,0.0,37.69
2,18,5,0,,,,0.9245167,0.0,0.0,0.0,0.0
2,19,5,0,,,,4.41985,0.0,0.0,0.0,0.0
2,20,5,0,,,,4.6130333,0.0,0.0,0.0,0.0
2,21,5,0,,,,1.1202166,0.0,0.0,0.0,0.0
2,22,5,0,,,,0.70495,0.0,0.0,0.0,0.0
2,23,5,0,,,,0.77275,0.0,0.0,0.0,0.0
2,24,5,0,,,,0.7601333,0.0,0.0,0.0,0.0
2,1,6,0,,,,0.81553334,0.0,0.0,0.0,0.0
2,2,6,0,,,,0.68645,0.0,0.0,0.0,0.0
2,3,6,0,,,,0.71673334,0.0,0.0,0.0,0.0
2,4,6,0,,,,0.72256666,0.0,0.0,0.0,0.0
2,5,6,0,,,,0.87385,0.0,0.0,0.0,0.0
2,6,6,0,,,,2.6224666,0.0,0.0,0.0,0.0
2,7,6,0,,,,1.9111667,0.0,0.0,0.0,0.0
2,8,6,0,,,,1.92765,0.0,0.0,0.0,0.0
2,9,6,0,,,,2.86825,0.0,0.0,0.0,148.42
2,10,6,0,,,,3.8908668,0.0,0.0,0.0,306.21
2,11,6,0,,,,1.3263333,0.0,0.0,0.0,227.14
2,12,6,0,,,,0.36565,0.0,0.0,0.0,758.14
2,13,6,0,,,,0.6894,0.0,0.0,0.0,810.18
2,14,6,0,,,,0.10645003,0.0,0.0,0.0,778.24
2,15,6,0,,,,1.1307501,0.0,0.0,0.0,679.61
2,16,6,0,,,,2.4483166,0.0,0.0,0.0,527.19
2,17,6,0,,,,1.0068834,0.0,0.0,0.0,273.37
2,18,6,0,,,,1.6238667,0.0,0.0,0.0,0.0
2,19,6,0,,,,1.1885166,0.0,0.0,0.0,0.0
2,20,6,0,,,,0.91305,0.0,0.0,0.0,0.0
2,21,6,0,,,,0.7082,0.0,0.0,0.0,0.0
2,22,6,0,,,,0.49316666,0.0,0.0,0.0,0.0
2,23,6,0,,,,0.78525,0.0,0.0,0.0,0.0
2,24,6,0,,,,0.498125,0.0,0.0,0.0,0.0
2,1,7,0,,,,0.46483332,0.0,0.0,0.0,0.0
2,2,7,0,,,,0.48771667,0.0,0.0,0.0,0.0
2,3,7,0,,,,0.47783333,0.0,0.0,0.0,0.0
2,4,7,0,,,,1.0597167,0.0,0.0,0.0,0.0
2,5,7,0,,,,1.9274334,0.0,0.0,0.0,0.0
2,6,7,0,,,,0.7062333,0.0,0.0,0.0,0.0
2,7,7,0,,,,1.6747833,0.0,0.0,0.0,0.0
2,8,7,0,,,,3.8471832,0.0,0.0,0.0,0.0
2,9,7,0,,,,4.5705667,0.0,0.0,0.0,10.46
2,10,7,0,,,,1.5523833,0.0,0.0,0.0,132.93
2,11,7,0,,,,2.1803167,0.0,0.0,0.0,58.63
2,12,7,0,,,,2.1101,0.0,0.0,0.0,109.5
2,13,7,0,,,,1.4707167,0.0,0.0,0.0,195.43
2,14,7,0,,,,1.1794333,0.0,0.0,0.0,115.94
2,15,7,0,,,,0.95655,0.0,0.0,0.0,193.45
2,16,7,0,,,,0.71910834,0.0,0.0,0.0,45.35
2,17,7,0,,,,0.62373334,0.0,0.0,0.0,197.86
2,18,7,0,,,,2.1022,0.0,0.0,0.0,0.0
2,19,7,0,,,,2.8227167,0.0,0.0,0.0,0.0
2,20,7,0,,,,3.98365,0.0,0.0,0.0,0.0
2,21,7,0,,,,1.3603166,0.0,0.0,0.0,0.0
2,22,7,0,,,,0.9766833,0.0,0.0,0.0,0.0
2,23,7,0,,,,0.72971666,0.0,0.0,0.0,0.0
2,24,7,0,,,,3.7682416,0.0,0.0,0.0,0.0
2,1,1,0,,,,0.93258333,0.0,0.0,0.0,0.0
2,2,1,0,,,,0.518,0.0,0.0,0.0,0.0
2,3,1,0,,,,0.4908,0.0,0.0,0.0,0.0
2,4,1,0,,,,0.54146665,0.0,0.0,0.0,0.0
2,5,1,0,,,,0.7931333,0.0,0.0,0.0,0.0
2,6,1,0,,,,1.66915,0.0,0.0,0.0,0.0
2,7,1,0,,,,0.29661667,0.0,0.0,0.0,0.0
2,8,1,0,,,,0.29691666,0.0,0.0,0.0,0.0
2,9,1,0,,,,0.36915,0.0,0.0,0.0,13.2
2,10,1,0,,,,0.6885333,0.0,0.0,0.0,51.24
2,11,1,0,,,,1.0318834,0.0,0.0,0.0,117.33
2,12,1,0,,,,0.67635,0.0,0.0,0.0,172.23
2,13,1,0,,,,0.4524,0.0,0.0,0.0,337.82
2,14,1,0,,,,0.2665,0.0,0.0,0.0,591.89
2,15,1,0,,,,0.2051167,0.0,0.0,0.0,141.76
2,16,1,0,,,,0.15356669,0.0,0.0,0.0,138.02
2,17,1,0,,,,2.3305166,0.0,0.0,0.0,85.18
2,18,1,0,,,,2.8478167,0.0,0.0,0.0,0.0
2,19,1,0,,,,4.47315,0.0,0.0,0.0,0.0
2,20,1,0,,,,1.0292833,0.0,0.0,0.0,0.0
2,21,1,0,,,,0.5204833,0.0,0.0,0.0,0.0
2,22,1,0,,,,0.51698333,0.0,0.0,0.0,0.0
2,23,1,0,,,,0.51458335,0.0,0.0,0.0,0.0
2,24,1,0,,,,1.2785167,0.0,0.0,0.0,0.0
2,1,2,0,,,,1.45095,0.0,0.0,0.0,0.0
2,2,2,0,,,,0.5253,0.0,0.0,0.0,0.0
2,3,2,0,,,,0.5133833,0.0,0.0,0.0,0.0
2,4,2,0,,,,0.5362,0.0,0.0,0.0,0.0
2,5,2,0,,,,1.0916834,0.0,0.0,0.0,0.0
2,6,2,0,,,,1.1733834,0.0,0.0,0.0,0.0
2,7,2,0,,,,1.2803667,0.0,0.0,0.0,0.0
2,8,2,0,,,,2.0110333,0.0,0.0,0.0,0.0
2,9,2,0,,,,2.0353,0.0,0.0,0.0,148.24
2,10,2,0,,,,0.7856,0.0,0.0,0.0,400.91
2,11,2,0,,,,1.1394,0.0,0.0,0.0,579.15
2,12,2,0,,,,0.77136666,0.0,0.0,0.0,556.85
2,13,2,0,,,,0.95348334,0.0,0.0,0.0,428.18
2,14,2,0,,,,1.21375,0.0,0.0,0.0,449.93
2,15,2,0,,,,0.41143888,0.0,0.0,0.0,371.83
2,16,2,0,,,,1.5075667,0.0,0.0,0.0,375.77
2,17,2,0,,,,2.2738833,0.0,0.0,0.0,15.91
2,18,2,0,,,,1.4200333,0.0,0.0,0.0,0.0
2,19,2,0,,,,3.8550832,0.0,0.0,0.0,0.0
2,20,2,0,,,,4.28595,0.0,0.0,0.0,0.0
2,21,2,0,,,,2.0753667,0.0,0.0,0.0,0.0
2,22,2,0,,,,0.9241833,0.0,0.0,0.0,0.0
2,23,2,0,,,,0.82374,0.0,0.0,0.0,0.0
2,24,2,0,,,,0.53699166,0.0,0.0,0.0,0.0
3,1,3,0,,,,0.50615,0.0,0.0,0.0,0.0
3,2,3,0,,,,0.53705,0.0,0.0,0.0,0.0
3,3,3,0,,,,0.55293334,0.0,0.0,0.0,0.0
3,4,3,0,,,,0.48770332,0.0,0.0,0.0,0.0
3,5,3,0,,,,0.60796666,0.0,0.0,0.0,0.0
3,6,3,0,,,,2.0238833,0.0,0.0,0.0,0.0
3,7,3,0,,,,1.0115167,0.0,0.0,0.0,0.0
3,8,3,0,,,,0.27393332,0.0,0.0,0.0,0.02
3,9,3,0,,,,0.28403333,0.0,0.0,0.0,81.06
3,10,3,0,,,,0.29443333,0.0,0.0,0.0,99.97
3,11,3,0,,,,0.70601666,0.0,0.0,0.0,106.98
3,12,3,0,,,,0.7352667,0.0,0.0,0.0,130.39
3,13,3,0,,,,0.28268334,0.0,0.0,0.0,59.69
3,14,3,0,,,,0.38795,0.0,0.0,0.0,50.73
3,15,3,0,,,,2.40815,0.0,0.0,0.0,19.27
3,16,3,0,,,,1.6079,0.0,0.0,0.0,22.93
3,17,3,0,,,,0.8155,0.0,0.0,0.0,78.08
3,18,3,0,,,,1.0618167,0.0,0.0,0.0,0.59
3,19,3,0,,,,2.6720667,0.0,0.0,0.0,0.0
3,20,3,0,,,,2.2830334,0.0,0.0,0.0,0.0
3,21,3,0,,,,1.1744833,0.0,0.0,0.0,0.0
3,22,3,0,,,,0.84358335,0.0,0.0,0.0,0.0
3,23,3,0,,,,0.51703334,0.0,0.0,0.0,0.0
3,24,3,0,,,,0.508775,0.0,0.0,0.0,0.0
3,1,4,0,,,,0.50518334,0.0,0.0,0.0,0.0
3,2,4,0,,,,0.5531833,0.0,0.0,0.0,0.0
3,3,4,0,,,,0.5024833,0.0,0.0,0.0,0.0
3,4,4,0,,,,0.5013667,0.0,0.0,0.0,0.0
3,5,4,0,,,,0.5968,0.0,0.0,0.0,0.0
3,6,4,0,,,,1.7308834,0.0,0.0,0.0,0.0
3,7,4,0,,,,0.82823336,0.0,0.0,0.0,0.0
3,8,4,0,,,,0.35476667,0.0,0.0,0.0,0.42
3,9,4,0,,,,0.32935,0.0,0.0,0.0,207.15
3,10,4,0,,,,0.31936666,0.0,0.0,0.0,448.65
3,11,4,0,,,,0.33,0.0,0.0,0.0,734.61
3,12,4,0,,,,0.63463336,0.0,0.0,0.0,836.84
3,13,4,0,,,,0.69766665,0.0,0.0,0.0,876.45
3,14,4,0,,,,0.3144,0.0,0.0,0.0,832.43
3,15,4,0,,,,0.5778,0.0,0.0,0.0,698.88
3,16,4,0,,,,0.64313334,0.0,0.0,0.0,558.33
3,17,4,0,,,,0.8145667,0.0,0.0,0.0,312.13
3,18,4,0,,,,1.4219333,0.0,0.0,0.0,4.42
3,19,4,0,,,,5.23785,0.0,0.0,0.0,0.0
3,20,4,0,,,,1.4861333,0.0,0.0,0.0,0.0
3,21,4,0,,,,1.8976834,0.0,0.0,0.0,0.0
3,22,4,0,,,,0.573,0.0,0.0,0.0,0.0
3,23,4,0,,,,0.58445,0.0,0.0,0.0,0.0
3,24,4,0,,,,0.53835,0.0,0.0,0.0,0.0
3,1,5,0,,,,0.5657333,0.0,0.0,0.0,0.0
3,2,5,0,,,,0.5266167,0.0,0.0,0.0,0.0
3,3,5,0,,,,0.58165,0.0,0.0,0.0,0.0
3,4,5,0,,,,0.5927167,0.0,0.0,0.0,0.0
3,5,5,0,,,,0.7334167,0.0,0.0,0.0,0.0
3,6,5,0,,,,1.55945,0.0,0.0,0.0,0.0
3,7,5,0,,,,0.53405,0.0,0.0,0.0,0.0
3,8,5,0,,,,0.34343332,0.0,0.0,0.0,11.0
3,9,5,0,,,,0.29793334,0.0,0.0,0.0,324.06
3,10,5,0,,,,0.3107,0.0,0.0,0.0,547.24
3,11,5,0,,,,0.31325,0.0,0.0,0.0,700.92
3,12,5,0,,,,0.32853332,0.0,0.0,0.0,792.22
3,13,5,0,,,,0.28811666,0.0,0.0,0.0,836.27
3,14,5,0,,,,0.31231666,0.0,0.0,0.0,793.57
3,15,5,0,,,,0.30228335,0.0,0.0,0.0,696.29
3,16,5,0,,,,0.78385,0.0,0.0,0.0,541.16
3,17,5,0,,,,0.73461664,0.0,0.0,0.0,241.67
3,18,5,0,,,,1.0673833,0.0,0.0,0.0,2.31
3,19,5,0,,,,3.58845,0.0,0.0,0.0,0.0
3,20,5,0,,,,2.99745,0.0,0.0,0.0,0.0
3,21,5,0,,,,4.13305,0.0,0.0,0.0,0.0
3,22,5,0,,,,3.2938333,0.0,0.0,0.0,0.0
3,23,5,0,,,,1.5685166,0.0,0.0,0.0,0.0
3,24,5,0,,,,0.556625,0.0,0.0,0.0,0.0
3,1,6,0,,,,0.5675333,0.0,0.0,0.0,0.0
3,2,6,0,,,,0.5502333,0.0,0.0,0.0,0.0
3,3,6,0,,,,0.56843334,0.0,0.0,0.0,0.0
3,4,6,0,,,,0.55328333,0.0,0.0,0.0,0.0
3,5,6,0,,,,1.9151334,0.0,0.0,0.0,0.0
3,6,6,0,,,,2.7657666,0.0,0.0,0.0,0.0
3,7,6,0,,,,1.7906,0.0,0.0,0.0,0.0
3,8,6,0,,,,0.62016666,0.0,0.0,0.0,0.01
3,9,6,0,,,,0.32635,0.0,0.0,0.0,28.74
3,10,6,0,,,,0.30616668,0.0,0.0,0.0,95.14
3,11,6,0,,,,0.32216668,0.0,0.0,0.0,124.62
3,12,6,0,,,,0.318425,0.0,0.0,0.0,332.14
3,13,6,0,,,,0.33035,0.0,0.0,0.0,182.81
3,14,6,0,,,,0.70241666,0.0,0.0,0.0,191.89
3,15,6,0,,,,0.8424,0.0,0.0,0.0,220.23
3,16,6,0,,,,0.5721833,0.0,0.0,0.0,107.01
3,17,6,0,,,,1.0205834,0.0,0.0,0.0,37.28
3,18,6,0,,,,1.6610334,0.0,0.0,0.0,5.76
3,19,6,0,,,,1.2179,0.0,0.0,0.0,0.0
3,20,6,0,,,,1.2684166,0.0,0.0,0.0,0.0
3,21,6,0,,,,1.0002167,0.0,0.0,0.0,0.0
3,22,6,0,,,,0.52991664,0.0,0.0,0.0,0.0
3,23,6,0,,,,0.5463333,0.0,0.0,0.0,0.0
3,24,6,0,,,,0.5433583,0.0,0.0,0.0,0.0
3,1,7,0,,,,0.54573333,0.0,0.0,0.0,0.0
3,2,7,0,,,,0.54143333,0.0,0.0,0.0,0.0
3,3,7,0,,,,0.5669,0.0,0.0,0.0,0.0
3,4,7,0,,,,0.5452667,0.0,0.0,0.0,0.0
3,5,7,0,,,,0.6528,0.0,0.0,0.0,0.0
3,6,7,0,,,,1.7249167,0.0,0.0,0.0,0.0
3,7,7,0,,,,0.75476664,0.0,0.0,0.0,0.0
3,8,7,0,,,,2.2554166,0.0,0.0,0.0,3.13
3,9,7,0,,,,3.5686,0.0,0.0,0.0,112.21
3,10,7,0,,,,2.6271,0.0,0.0,0.0,373.25
3,11,7,0,,,,1.8046167,0.0,0.0,0.0,83.96
3,12,7,0,,,,2.4103334,0.0,0.0,0.0,76.49
3,13,7,0,,,,2.6865666,0.0,0.0,0.0,103.08
3,14,7,0,,,,2.0527666,0.0,0.0,0.0,91.28
3,15,7,0,,,,1.6311333,0.0,0.0,0.0,134.14
3,16,7,0,,,,1.2439834,0.0,0.0,0.0,338.44
3,17,7,0,,,,1.1511,0.0,0.0,0.0,208.87
3,18,7,0,,,,1.3081334,0.0,0.0,0.0,4.18
3,19,7,0,,,,2.3273168,0.0,0.0,0.0,0.0
3,20,7,0,,,,3.13855,0.0,0.0,0.0,0.0
3,21,7,0,,,,0.9540167,0.0,0.0,0.0,0.0
3,22,7,0,,,,0.9805667,0.0,0.0,0.0,0.0
3,23,7,0,,,,0.48668334,0.0,0.0,0.0,0.0
3,24,7,0,,,,0.546175,0.0,0.0,0.0,0.0
3,1,1,0,,,,0.5253,0.0,0.0,0.0,0.0
3,2,1,0,,,,0.48215,0.0,0.0,0.0,0.0
3,3,1,0,,,,0.55041665,0.0,0.0,0.0,0.0
3,4,1,0,,,,0.5926833,0.0,0.0,0.0,0.0
3,5,1,0,,,,0.76916665,0.0,0.0,0.0,0.0
3,6,1,0,,,,1.9792334,0.0,0.0,0.0,0.0
3,7,1,0,,,,0.32741666,0.0,0.0,0.0,0.0
3,8,1,0,,,,0.31491667,0.0,0.0,0.0,59.41
3,9,1,0,,,,0.31823334,0.0,0.0,0.0,319.49
3,10,1,0,,,,0.30343333,0.0,0.0,0.0,539.71
3,11,1,0,,,,0.30091667,0.0,0.0,0.0,642.37
3,12,1,0,,,,0.31633332,0.0,0.0,0.0,509.59
3,13,1,0,,,,0.28673333,0.0,0.0,0.0,68.23
3,14,1,0,,,,0.33011666,0.0,0.0,0.0,61.01
3,15,1,0,,,,0.32068333,0.0,0.0,0.0,21.1
3,16,1,0,,,,0.7576,0.0,0.0,0.0,26.26
3,17,1,0,,,,0.41171667,0.0,0.0,0.0,16.96
3,18,1,0,,,,0.90791667,0.0,0.0,0.0,0.0
3,19,1,0,,,,3.3226333,0.0,0.0,0.0,0.0
3,20,1,0,,,,2.1445832,0.0,0.0,0.0,0.0
3,21,1,0,,,,0.8272833,0.0,0.0,0.0,0.0
3,22,1,0,,,,0.69016665,0.0,0.0,0.0,0.0
3,23,1,0,,,,0.38591668,0.0,0.0,0.0,0.0
3,24,1,0,,,,0.38814166,0.0,0.0,0.0,0.0
3,1,2,0,,,,0.3641,0.0,0.0,0.0,0.0
3,2,2,0,,,,0.41313332,0.0,0.0,0.0,0.0
3,3,2,0,,,,0.41976666,0.0,0.0,0.0,0.0
3,4,2,0,,,,0.41525835,0.0,0.0,0.0,0.0
3,5,2,0,,,,0.5710083,0.0,0.0,0.0,0.0
3,6,2,0,,,,0.42626667,0.0,0.0,0.0,0.0
3,7,2,0,,,,0.31265,0.0,0.0,0.0,0.0
3,8,2,0,,,,0.31323335,0.0,0.0,0.0,51.6
3,9,2,0,,,,0.31815,0.0,0.0,0.0,319.27
3,10,2,0,,,,0.31471667,0.0,0.0,0.0,526.42
3,11,2,0,,,,0.3242,0.0,0.0,0.0,559.79
3,12,2,0,,,,0.31363332,0.0,0.0,0.0,691.78
3,13,2,0,,,,0.34506667,0.0,0.0,0.0,785.64
3,14,2,0,,,,0.32735,0.0,0.0,0.0,792.01
3,15,2,0,,,,0.32196668,0.0,0.0,0.0,634.09
3,16,2,0,,,,0.7852167,0.0,0.0,0.0,500.69
3,17,2,0,,,,0.88196665,0.0,0.0,0.0,214.9
3,18,2,0,,,,3.4604332,0.0,0.0,0.0,5.21
3,19,2,0,,,,3.3406167,0.0,0.0,0.0,0.0
3,20,2,0,,,,1.9323083,0.0,0.0,0.0,0.0
3,21,2,0,,,,1.1414666,0.0,0.0,0.0,0.0
3,22,2,0,,,,0.7571833,0.0,0.0,0.0,0.0
3,23,2,0,,,,0.56165,0.0,0.0,0.0,0.0
3,24,2,0,,,,0.5326,0.0,0.0,0.0,0.0
3,1,3,0,,,,0.55376667,0.0,0.0,0.0,0.0
3,2,3,0,,,,0.5398833,0.0,0.0,0.0,0.0
3,3,3,0,,,,0.57096666,0.0,0.0,0.0,0.0
3,4,3,0,,,,0.6508833,0.0,0.0,0.0,0.0
3,5,3,0,,,,0.8559167,0.0,0.0,0.0,0.0
3,6,3,0,,,,0.9051833,0.0,0.0,0.0,0.0
3,7,3,0,,,,0.79256666,0.0,0.0,0.0,0.0
3,8,3,0,,,,0.52271664,0.0,0.0,0.0,73.39
3,9,3,0,,,,0.66768336,0.0,0.0,0.0,61.07
3,10,3,0,,,,0.36195,0.0,0.0,0.0,438.83
3,11,3,0,,,,0.41748333,0.0,0.0,0.0,455.06
3,12,3,0,,,,0.36798334,0.0,0.0,0.0,715.88
3,13,3,0,,,,1.5450833,0.0,0.0,0.0,666.85
3,14,3,0,,,,1.4348167,0.0,0.0,0.0,686.61
3,15,3,0,,,,1.13205,0.0,0.0,0.0,458.42
3,16,3,0,,,,0.85545,0.0,0.0,0.0,13.43
3,17,3,0,,,,0.82715,0.0,0.0,0.0,46.49
3,18,3,0,,,,0.66785,0.0,0.0,0.0,5.58
3,19,3,0,,,,0.7220333,0.0,0.0,0.0,0.0
3,20,3,0,,,,0.7458,0.0,0.0,0.0,0.0
3,21,3,0,,,,0.7151167,0.0,0.0,0.0,0.0
3,22,3,0,,,,0.5646167,0.0,0.0,0.0,0.0
3,23,3,0,,,,0.53903335,0.0,0.0,0.0,0.0
3,24,3,0,,,,0.57305,0.0,0.0,0.0,0.0
3,1,4,0,,,,0.5859,0.0,0.0,0.0,0.0
3,2,4,0,,,,0.57905,0.0,0.0,0.0,0.0
3,3,4,0,,,,0.96345,0.0,0.0,0.0,0.0
3,4,4,0,,,,0.83956665,0.0,0.0,0.0,0.0
3,5,4,0,,,,0.97928333,0.0,0.0,0.0,0.0
3,6,4,0,,,,0.82816666,0.0,0.0,0.0,0.0
3,7,4,0,,,,0.35666665,0.0,0.0,0.0,0.0
3,8,4,0,,,,0.36206666,0.0,0.0,0.0,82.2
3,9,4,0,,,,0.39315,0.0,0.0,0.0,310.29
3,10,4,0,,,,0.39785,0.0,0.0,0.0,534.13
3,11,4,0,,,,0.35995,0.0,0.0,0.0,686.61
3,12,4,0,,,,0.3753,0.0,0.0,0.0,758.63
3,13,4,0,,,,0.40999165,0.0,0.0,0.0,750.57
3,14,4,0,,,,0.49268332,0.0,0.0,0.0,711.4
3,15,4,0,,,,0.47275,0.0,0.0,0.0,556.07
3,16,4,0,,,,0.44188333,0.0,0.0,0.0,270.92
3,17,4,0,,,,0.9127333,0.0,0.0,0.0,84.3
3,18,4,0,,,,1.3698833,0.0,0.0,0.0,4.57
3,19,4,0,,,,5.342417,0.0,0.0,0.0,0.0
3,20,4,0,,,,3.9590333,0.0,0.0,0.0,0.0
3,21,4,0,,,,3.4963334,0.0,0.0,0.0,0.0
3,22,4,0,,,,3.0136333,0.0,0.0,0.0,0.0
3,23,4,0,,,,1.8368666,0.0,0.0,0.0,0.0
3,24,4,0,,,,0.6413,0.0,0.0,0.0,0.0
3,1,5,0,,,,0.59538335,0.0,0.0,0.0,0.0
3,2,5,0,,,,0.66015,0.0,0.0,0.0,0.0
3,3,5,0,,,,0.68633336,0.0,0.0,0.0,0.0
3,4,5,0,,,,0.80076665,0.0,0.0,0.0,0.0
3,5,5,0,,,,0.7144333,0.0,0.0,0.0,0.0
3,6,5,0,,,,0.25073338,0.0,0.0,0.0,0.0
3,7,5,0,,,,0.38371667,0.0,0.0,0.0,0.0
3,8,5,0,,,,0.3445,0.0,0.0,0.0,0.36
3,9,5,0,,,,0.35546666,0.0,0.0,0.0,70.13
3,10,5,0,,,,0.34258333,0.0,0.0,0.0,162.36
3,11,5,0,,,,0.33863333,0.0,0.0,0.0,244.61
3,12,5,0,,,,0.40761667,0.0,0.0,0.0,75.82
3,13,5,0,,,,0.28046668,0.0,0.0,0.0,29.05
3,14,5,0,,,,0.3396,0.0,0.0,0.0,157.16
3,15,5,0,,,,0.32913333,0.0,0.0,0.0,104.75
3,16,5,0,,,,0.30665,0.0,0.0,0.0,233.25
3,17,5,0,,,,0.61835,0.0,0.0,0.0,42.08
3,18,5,0,,,,2.3699334,0.0,0.0,0.0,10.79
3,19,5,0,,,,3.363,0.0,0.0,0.0,0.0
3,20,5,0,,,,1.7265,0.0,0.0,0.0,0.0
3,21,5,0,,,,1.0377,0.0,0.0,0.0,0.0
3,22,5,0,,,,0.7542,0.0,0.0,0.0,0.0
3,23,5,0,,,,0.60895,0.0,0.0,0.0,0.0
3,24,5,0,,,,1.365825,0.0,0.0,0.0,0.0
3,1,6,0,,,,2.9551833,0.0,0.0,0.0,0.0
3,2,6,0,,,,1.9192333,0.0,0.0,0.0,0.0
3,3,6,0,,,,0.65393335,0.0,0.0,0.0,0.0
3,4,6,0,,,,1.7139333,0.0,0.0,0.0,0.0
3,5,6,0,,,,1.1326667,0.0,0.0,0.0,0.0
3,6,6,0,,,,0.48920003,0.0,0.0,0.0,0.0
3,7,6,0,,,,0.34383333,0.0,0.0,0.0,0.0
3,8,6,0,,,,0.32901666,0.0,0.0,0.0,0.37
3,9,6,0,,,,0.44531944,0.0,0.0,0.0,164.91
3,10,6,0,,,,0.77615,0.0,0.0,0.0,104.45
3,11,6,0,,,,0.8301833,0.0,0.0,0.0,390.27
3,12,6,0,,,,0.81765,0.0,0.0,0.0,288.04
3,13,6,0,,,,0.7702,0.0,0.0,0.0,144.46
3,14,6,0,,,,1.0863,0.0,0.0,0.0,50.51
3,15,6,0,,,,1.1786333,0.0,0.0,0.0,22.62
3,16,6,0,,,,2.9464166,0.0,0.0,0.0,133.93
3,17,6,0,,,,3.9571667,0.0,0.0,0.0,118.86
3,18,6,0,,,,3.2752,0.0,0.0,0.0,74.88
3,19,6,0,,,,1.6441667,0.0,0.0,0.0,0.0
3,20,6,0,,,,1.3011333,0.0,0.0,0.0,0.0
3,21,6,0,,,,1.0777833,0.0,0.0,0.0,0.0
3,22,6,0,,,,0.99303335,0.0,0.0,0.0,0.0
3,23,6,0,,,,0.68705,0.0,0.0,0.0,0.0
3,24,6,0,,,,0.62761664,0.0,0.0,0.0,0.0
3,1,7,0,,,,0.63206667,0.0,0.0,0.0,0.0
3,2,7,0,,,,0.54945,0.0,0.0,0.0,0.0
3,3,7,0,,,,0.62696666,0.0,0.0,0.0,0.0
3,4,7,0,,,,0.47859168,0.0,0.0,0.0,0.0
3,5,7,0,,,,0.6663,0.0,0.0,0.0,0.0
3,6,7,0,,,,1.046,0.0,0.0,0.0,0.0
3,7,7,0,,,,0.73441666,0.0,0.0,0.0,0.0
3,8,7,0,,,,0.5560333,0.0,0.0,0.0,92.06
3,9,7,0,,,,0.63165,0.0,0.0,0.0,321.69
3,10,7,0,,,,0.9312,0.0,0.0,0.0,473.9
3,11,7,0,,,,0.7980667,0.0,0.0,0.0,438.11
3,12,7,0,,,,0.67763335,0.0,0.0,0.0,771.3
3,13,7,0,,,,1.0379333,0.0,0.0,0.0,618.14
3,14,7,0,,,,0.62525,0.0,0.0,0.0,324.82
3,15,7,0,,,,2.4238834,0.0,0.0,0.0,63.51
3,16,7,0,,,,4.67575,0.0,0.0,0.0,36.75
3,17,7,0,,,,4.2518167,0.0,0.0,0.0,41.64
3,18,7,0,,,,3.4737,0.0,0.0,0.0,50.79
3,19,7,0,,,,3.8041832,0.0,0.0,0.0,0.0
3,20,7,0,,,,3.9885833,0.0,0.0,0.0,0.0
3,21,7,0,,,,1.0382,0.0,0.0,0.0,0.0
3,22,7,0,,,,1.02915,0.0,0.0,0.0,0.0
3,23,7,0,,,,0.88021666,0.0,0.0,0.0,0.0
3,24,7,0,,,,0.61485,0.0,0.0,0.0,0.0
3,1,1,0,,,,0.59775,0.0,0.0,0.0,0.0
3,2,1,0,,,,0.6152667,0.0,0.0,0.0,0.0
3,3,1,0,,,,0.5873,0.0,0.0,0.0,0.0
3,4,1,0,,,,0.6322167,0.0,0.0,0.0,0.0
3,5,1,0,,,,0.84651667,0.0,0.0,0.0,0.0
3,6,1,0,,,,0.6246333,0.0,0.0,0.0,0.0
3,7,1,0,,,,0.34908333,0.0,0.0,0.0,0.0
3,8,1,0,,,,0.40888333,0.0,0.0,0.0,120.83
3,9,1,0,,,,0.32316667,0.0,0.0,0.0,370.18
3,10,1,0,,,,0.43388334,0.0,0.0,0.0,600.81
3,11,1,0,,,,0.32761666,0.0,0.0,0.0,755.29
3,12,1,0,,,,0.38043332,0.0,0.0,0.0,845.43
3,13,1,0,,,,0.37258333,0.0,0.0,0.0,874.92
3,14,1,0,,,,0.36293334,0.0,0.0,0.0,836.48
3,15,1,0,,,,0.35126665,0.0,0.0,0.0,732.91
3,16,1,0,,,,0.39646667,0.0,0.0,0.0,569.2
3,17,1,0,,,,0.32733333,0.0,0.0,0.0,347.11
3,18,1,0,,,,0.67113334,0.0,0.0,0.0,94.98
3,19,1,0,,,,1.1151167,0.0,0.0,0.0,0.0
3,20,1,0,,,,3.8834,0.0,0.0,0.0,0.0
3,21,1,0,,,,5.3063498,0.0,0.0,0.0,0.0
3,22,1,0,,,,3.1575832,0.0,0.0,0.0,0.0
3,23,1,0,,,,1.5160834,0.0,0.0,0.0,0.0
3,24,1,0,,,,0.91683334,0.0,0.0,0.0,0.0
3,1,2,0,,,,0.53458333,0.0,0.0,0.0,0.0
3,2,2,0,,,,0.63005,0.0,0.0,0.0,0.0
3,3,2,0,,,,0.5433,0.0,0.0,0.0,0.0
3,4,2,0,,,,0.64955,0.0,0.0,0.0,0.0
3,5,2,0,,,,0.87263334,0.0,0.0,0.0,0.0
3,6,2,0,,,,0.7747,0.0,0.0,0.0,0.0
3,7,2,0,,,,0.59165,0.0,0.0,0.0,0.0
3,8,2,0,,,,0.60948336,0.0,0.0,0.0,0.0
3,9,2,0,,,,0.5959333,0.0,0.0,0.0,65.71
3,10,2,0,,,,0.59606665,0.0,0.0,0.0,139.98
3,11,2,0,,,,0.63166666,0.0,0.0,0.0,325.2
3,12,2,0,,,,0.60471666,0.0,0.0,0.0,403.79
3,13,2,0,,,,0.5829833,0.0,0.0,0.0,413.15
3,14,2,0,,,,0.60805,0.0,0.0,0.0,324.67
3,15,2,0,,,,2.1066334,0.0,0.0,0.0,286.75
3,16,2,0,,,,2.69535,0.0,0.0,0.0,0.0
3,17,2,0,,,,3.5504334,0.0,0.0,0.0,149.48
3,18,2,0,,,,2.4565833,0.0,0.0,0.0,82.5
3,19,2,0,,,,1.7383,0.0,0.0,0.0,0.0
3,20,2,0,,,,1.3175666,0.0,0.0,0.0,0.0
3,21,2,0,,,,1.3243834,0.0,0.0,0.0,0.0
3,22,2,0,,,,0.6982833,0.0,0.0,0.0,0.0
3,23,2,0,,,,1.0831,0.0,0.0,0.0,0.0
3,24,2,0,,,,0.6825,0.0,0.0,0.0,0.0
3,1,3,0,,,,0.70136666,0.0,0.0,0.0,0.0
3,2,3,0,,,,2.1026,0.0,0.0,0.0,0.0
3,3,3,0,,,,1.1821333,0.0,0.0,0.0,0.0
3,4,3,0,,,,1.3594834,0.0,0.0,0.0,0.0
3,5,3,0,,,,0.9049,0.0,0.0,0.0,0.0
3,6,3,0,,,,0.57878333,0.0,0.0,0.0,0.0
3,7,3,0,,,,0.46891665,0.0,0.0,0.0,0.0
3,8,3,0,,,,0.37158334,0.0,0.0,0.0,59.64
3,9,3,0,,,,0.43358332,0.0,0.0,0.0,301.36
3,10,3,0,,,,0.43388334,0.0,0.0,0.0,556.67
3,11,3,0,,,,0.37995,0.0,0.0,0.0,719.16
3,12,3,0,,,,0.8613833,0.0,0.0,0.0,807.63
3,13,3,0,,,,0.5879667,0.0,0.0,0.0,843.7
3,14,3,0,,,,0.39938334,0.0,0.0,0.0,728.96
3,15,3,0,,,,0.46715,0.0,0.0,0.0,554.95
3,16,3,0,,,,0.42123333,0.0,0.0,0.0,466.39
3,17,3,0,,,,0.45215,0.0,0.0,0.0,338.53
3,18,3,0,,,,0.72935,0.0,0.0,0.0,65.29
3,19,3,0,,,,0.8412333,0.0,0.0,0.0,0.0
3,20,3,0,,,,2.3728833,0.0,0.0,0.0,0.0
3,21,3,0,,,,1.45335,0.0,0.0,0.0,0.0
3,22,3,0,,,,0.8663833,0.0,0.0,0.0,0.0
3,23,3,0,,,,0.6113833,0.0,0.0,0.0,0.0
3,24,3,0,,,,0.48036668,0.0,0.0,0.0,0.0
3,1,4,0,,,,1.0973667,0.0,0.0,0.0,0.0
3,2,4,0,,,,2.7826667,0.0,0.0,0.0,0.0
3,3,4,0,,,,1.7431,0.0,0.0,0.0,0.0
3,4,4,0,,,,0.90671664,0.0,0.0,0.0,0.0
3,5,4,0,,,,1.1642333,0.0,0.0,0.0,0.0
3,6,4,0,,,,0.96138334,0.0,0.0,0.0,0.0
3,7,4,0,,,,0.36701667,0.0,0.0,0.0,0.0
3,8,4,0,,,,0.38118333,0.0,0.0,0.0,1.21
3,9,4,0,,,,0.43008333,0.0,0.0,0.0,41.29
3,10,4,0,,,,0.34536666,0.0,0.0,0.0,36.36
3,11,4,0,,,,0.43375,0.0,0.0,0.0,70.21
3,12,4,0,,,,0.38518333,0.0,0.0,0.0,69.28
3,13,4,0,,,,0.38735,0.0,0.0,0.0,74.64
3,14,4,0,,,,0.5349333,0.0,0.0,0.0,58.73
3,15,4,0,,,,0.42965832,0.0,0.0,0.0,149.24
3,16,4,0,,,,0.53105,0.0,0.0,0.0,273.81
3,17,4,0,,,,0.5750667,0.0,0.0,0.0,110.31
3,18,4,0,,,,0.8430167,0.0,0.0,0.0,65.9
3,19,4,0,,,,1.9008666,0.0,0.0,0.0,0.0
3,20,4,0,,,,4.2956333,0.0,0.0,0.0,0.0
3,21,4,0,,,,2.6630332,0.0,0.0,0.0,0.0
3,22,4,0,,,,3.911,0.0,0.0,0.0,0.0
3,23,4,0,,,,2.6645,0.0,0.0,0.0,0.0
3,24,4,0,,,,1.2840416,0.0,0.0,0.0,0.0
3,1,5,0,,,,0.63996667,0.0,0.0,0.0,0.0
3,2,5,0,,,,0.6598667,0.0,0.0,0.0,0.0
3,3,5,0,,,,0.646575,0.0,0.0,0.0,0.0
3,4,5,0,,,,0.6027333,0.0,0.0,0.0,0.0
3,5,5,0,,,,0.8318,0.0,0.0,0.0,0.0
3,6,5,0,,,,0.79543334,0.0,0.0,0.0,0.0
3,7,5,0,,,,0.84748334,0.0,0.0,0.0,0.0
3,8,5,0,,,,0.85008335,0.0,0.0,0.0,27.15
3,9,5,0,,,,0.81443334,0.0,0.0,0.0,46.64
3,10,5,0,,,,0.9618833,0.0,0.0,0.0,137.23
3,11,5,0,,,,0.8889667,0.0,0.0,0.0,365.47
3,12,5,0,,,,0.96278334,0.0,0.0,0.0,208.97
3,13,5,0,,,,0.7327333,0.0,0.0,0.0,605.51
3,14,5,0,,,,0.6705667,0.0,0.0,0.0,821.73
3,15,5,0,,,,0.69341666,0.0,0.0,0.0,700.53
3,16,5,0,,,,1.2048,0.0,0.0,0.0,555.64
3,17,5,0,,,,3.0803833,0.0,0.0,0.0,331.38
3,18,5,0,,,,2.0810666,0.0,0.0,0.0,75.66
3,19,5,0,,,,1.9068667,0.0,0.0,0.0,0.0
3,20,5,0,,,,1.4044666,0.0,0.0,0.0,0.0
3,21,5,0,,,,1.5752667,0.0,0.0,0.0,0.0
3,22,5,0,,,,3.0105166,0.0,0.0,0.0,0.0
3,23,5,0,,,,1.12885,0.0,0.0,0.0,0.0
3,24,5,0,,,,0.9118,0.0,0.0,0.0,0.0
3,1,6,0,,,,0.8638,0.0,0.0,0.0,0.0
3,2,6,0,,,,0.8713,0.0,0.0,0.0,0.0
3,3,6,0,,,,0.8490667,0.0,0.0,0.0,0.0
3,4,6,0,,,,2.68935,0.0,0.0,0.0,0.0
3,5,6,0,,,,0.6757333,0.0,0.0,0.0,0.0
3,6,6,0,,,,0.71353334,0.0,0.0,0.0,0.0
3,7,6,0,,,,1.9544333,0.0,0.0,0.0,0.0
3,8,6,0,,,,1.5627333,0.0,0.0,0.0,94.33
3,9,6,0,,,,1.0958667,0.0,0.0,0.0,344.44
3,10,6,0,,,,1.0458333,0.0,0.0,0.0,574.24
3,11,6,0,,,,0.45886666,0.0,0.0,0.0,727.38
3,12,6,0,,,,0.38916665,0.0,0.0,0.0,823.42
3,13,6,0,,,,0.42236668,0.0,0.0,0.0,830.76
3,14,6,0,,,,0.43016666,0.0,0.0,0.0,810.8
3,15,6,0,,,,1.6673666,0.0,0.0,0.0,709.5
3,16,6,0,,,,1.4033,0.0,0.0,0.0,300.96
3,17,6,0,,,,4.7414165,0.0,0.0,0.0,168.81
3,18,6,0,,,,3.2341833,0.0,0.0,0.0,16.79
3,19,6,0,,,,1.0413333,0.0,0.0,0.0,0.0
3,20,6,0,,,,0.81991667,0.0,0.0,0.0,0.0
3,21,6,0,,,,0.54623336,0.0,0.0,0.0,0.0
3,22,6,0,,,,1.934,0.0,0.0,0.0,0.0
3,23,6,0,,,,2.9496834,0.0,0.0,0.0,0.0
3,24,6,0,,,,1.6621667,0.0,0.0,0.0,0.0
3,1,7,0,,,,0.604,0.0,0.0,0.0,0.0
3,2,7,0,,,,0.6336333,0.0,0.0,0.0,0.0
3,3,7,0,,,,0.639,0.0,0.0,0.0,0.0
3,4,7,0,,,,0.56853336,0.0,0.0,0.0,0.0
3,5,7,0,,,,0.6410667,0.0,0.0,0.0,0.0
3,6,7,0,,,,0.6885833,0.0,0.0,0.0,0.0
3,7,7,0,,,,0.59218335,0.0,0.0,0.0,0.0
3,8,7,0,,,,0.7967,0.0,0.0,0.0,62.58
3,9,7,0,,,,1.0570667,0.0,0.0,0.0,46.93
3,10,7,0,,,,1.37065,0.0,0.0,0.0,87.57
3,11,7,0,,,,1.1845666,0.0,0.0,0.0,182.95
3,12,7,0,,,,0.68875,0.0,0.0,0.0,99.77
3,13,7,0,,,,0.8921,0.0,0.0,0.0,32.48
3,14,7,0,,,,1.2761333,0.0,0.0,0.0,68.84
3,15,7,0,,,,1.37605,0.0,0.0,0.0,82.2
3,16,7,0,,,,0.90695,0.0,0.0,0.0,50.59
3,17,7,0,,,,0.53036666,0.0,0.0,0.0,51.4
3,18,7,0,,,,1.0926334,0.0,0.0,0.0,39.14
3,19,7,0,,,,4.9015164,0.0,0.0,0.0,0.0
3,20,7,0,,,,3.0702834,0.0,0.0,0.0,0.0
3,21,7,0,,,,1.1216834,0.0,0.0,0.0,0.0
3,22,7,0,,,,1.5270833,0.0,0.0,0.0,0.0
3,23,7,0,,,,0.6706833,0.0,0.0,0.0,0.0
3,24,7,0,,,,0.66739166,0.0,0.0,0.0,0.0
3,1,1,0,,,,0.6024333,0.0,0.0,0.0,0.0
3,2,1,0,,,,0.68221664,0.0,0.0,0.0,0.0
3,3,1,0,,,,0.66768336,0.0,0.0,0.0,0.0
3,4,1,0,,,,0.8214167,0.0,0.0,0.0,0.0
3,5,1,0,,,,0.896,0.0,0.0,0.0,0.0
3,6,1,0,,,,0.82456666,0.0,0.0,0.0,0.0
3,7,1,0,,,,0.39956668,0.0,0.0,0.0,0.0
3,8,1,0,,,,0.40431666,0.0,0.0,0.0,7.11
3,9,1,0,,,,0.38053334,0.0,0.0,0.0,85.39
3,10,1,0,,,,0.42133334,0.0,0.0,0.0,125.9
3,11,1,0,,,,0.37863332,0.0,0.0,0.0,325.53
3,12,1,0,,,,0.39991668,0.0,0.0,0.0,476.18
3,13,1,0,,,,0.5255833,0.0,0.0,0.0,293.55
3,14,1,0,,,,0.8336,0.0,0.0,0.0,270.68
3,15,1,0,,,,0.40173334,0.0,0.0,0.0,148.35
3,16,1,0,,,,0.37823334,0.0,0.0,0.0,208.55
3,17,1,0,,,,0.43053332,0.0,0.0,0.0,133.82
3,18,1,0,,,,0.73835,0.0,0.0,0.0,7.54
3,19,1,0,,,,1.55745,0.0,0.0,0.0,0.0
3,20,1,0,,,,3.0893,0.0,0.0,0.0,0.0
3,21,1,0,,,,1.0182,0.0,0.0,0.0,0.0
3,22,1,0,,,,1.3349833,0.0,0.0,0.0,0.0
3,23,1,0,,,,0.7088,0.0,0.0,0.0,0.0
3,24,1,0,,,,0.61445,0.0,0.0,0.0,0.0
3,1,2,0,,,,0.59971666,0.0,0.0,0.0,0.0
3,2,2,0,,,,0.5638667,0.0,0.0,0.0,0.0
3,3,2,0,,,,0.62125,0.0,0.0,0.0,0.0
3,4,2,0,,,,0.67085,0.0,0.0,0.0,0.0
3,5,2,0,,,,0.9203,0.0,0.0,0.0,0.0
3,6,2,0,,,,1.5745667,0.0,0.0,0.0,0.0
3,7,2,0,,,,1.1679333,0.0,0.0,0.0,0.0
3,8,2,0,,,,0.5926,0.0,0.0,0.0,83.91
3,9,2,0,,,,0.37243333,0.0,0.0,0.0,89.97
3,10,2,0,,,,0.34751666,0.0,0.0,0.0,103.2
3,11,2,0,,,,0.39005,0.0,0.0,0.0,71.02
3,12,2,0,,,,0.39005,0.0,0.0,0.0,157.94
3,13,2,0,,,,0.63336664,0.0,0.0,0.0,201.15
3,14,2,0,,,,0.95885,0.0,0.0,0.0,210.18
3,15,2,0,,,,0.6454833,0.0,0.0,0.0,94.8
3,16,2,0,,,,0.38946667,0.0,0.0,0.0,284.11
3,17,2,0,,,,0.35106668,0.0,0.0,0.0,197.82
3,18,2,0,,,,1.1828667,0.0,0.0,0.0,70.93
3,19,2,0,,,,3.4755833,0.0,0.0,0.0,0.0
3,20,2,0,,,,1.9487166,0.0,0.0,0.0,0.0
3,21,2,0,,,,1.0525167,0.0,0.0,0.0,0.0
3,22,2,0,,,,0.6360833,0.0,0.0,0.0,0.0
3,23,2,0,,,,0.60501665,0.0,0.0,0.0,0.0
3,24,2,0,,,,0.6268333,0.0,0.0,0.0,0.0
3,1,3,0,,,,0.60315,0.0,0.0,0.0,0.0
3,2,3,0,,,,0.58713335,0.0,0.0,0.0,0.0
3,3,3,0,,,,0.5747833,0.0,0.0,0.0,0.0
3,4,3,0,,,,0.97333336,0.0,0.0,0.0,0.0
3,5,3,0,,,,1.2472334,0.0,0.0,0.0,0.0
3,6,3,0,,,,1.4134667,0.0,0.0,0.0,0.0
3,7,3,0,,,,1.1735667,0.0,0.0,0.0,0.0
3,8,3,0,,,,0.5355167,0.0,0.0,0.0,4.73
3,9,3,0,,,,0.39351666,0.0,0.0,0.0,26.27
3,10,3,0,,,,0.34703332,0.0,0.0,0.0,261.55
3,11,3,0,,,,0.31883332,0.0,0.0,0.0,148.65
3,12,3,0,,,,0.37783334,0.0,0.0,0.0,127.84
3,13,3,0,,,,0.37006667,0.0,0.0,0.0,328.34
3,14,3,0,,,,0.35735,0.0,0.0,0.0,110.98
3,15,3,0,,,,0.33958334,0.0,0.0,0.0,26.39
3,16,3,0,,,,0.46248335,0.0,0.0,0.0,75.87
3,17,3,0,,,,0.8030667,0.0,0.0,0.0,324.47
3,18,3,0,,,,4.1418834,0.0,0.0,0.0,96.14
3,19,3,0,,,,1.4621167,0.0,0.0,0.0,0.0
3,20,3,0,,,,0.9639,0.0,0.0,0.0,0.0
3,21,3,0,,,,0.47731668,0.0,0.0,0.0,0.0
3,22,3,0,,,,0.5181,0.0,0.0,0.0,0.0
3,23,3,0,,,,0.49428332,0.0,0.0,0.0,0.0
3,24,3,0,,,,0.49901667,0.0,0.0,0.0,0.0
3,1,4,0,,,,0.51161665,0.0,0.0,0.0,0.0
3,2,4,0,,,,0.4835,0.0,0.0,0.0,0.0
3,3,4,0,,,,0.5042667,0.0,0.0,0.0,0.0
3,4,4,0,,,,0.49506667,0.0,0.0,0.0,0.0
3,5,4,0,,,,0.8408167,0.0,0.0,0.0,0.0
3,6,4,0,,,,0.89993334,0.0,0.0,0.0,0.0
3,7,4,0,,,,0.55071664,0.0,0.0,0.0,0.0
3,8,4,0,,,,2.0355666,0.0,0.0,0.0,166.12
3,9,4,0,,,,2.1382,0.0,0.0,0.0,421.4
3,10,4,0,,,,1.50365,0.0,0.0,0.0,630.8
3,11,4,0,,,,1.44545,0.0,0.0,0.0,774.1
3,12,4,0,,,,1.2579833,0.0,0.0,0.0,637.62
3,13,4,0,,,,0.67845,0.0,0.0,0.0,219.67
3,14,4,0,,,,0.5856,0.0,0.0,0.0,732.8
3,15,4,0,,,,0.5689333,0.0,0.0,0.0,406.29
3,16,4,0,,,,0.47021666,0.0,0.0,0.0,135.06
3,17,4,0,,,,0.5482,0.0,0.0,0.0,182.11
3,18,4,0,,,,0.50331664,0.0,0.0,0.0,104.71
3,19,4,0,,,,0.66943336,0.0,0.0,0.0,0.0
3,20,4,0,,,,3.84705,0.0,0.0,0.0,0.0
3,21,4,0,,,,1.0201833,0.0,0.0,0.0,0.0
3,22,4,0,,,,1.0194666,0.0,0.0,0.0,0.0
3,23,4,0,,,,0.60915,0.0,0.0,0.0,0.0
3,24,4,0,,,,0.58033335,0.0,0.0,0.0,0.0
3,1,5,0,,,,0.57956666,0.0,0.0,0.0,0.0
3,2,5,0,,,,0.57995,0.0,0.0,0.0,0.0
3,3,5,0,,,,0.61041665,0.0,0.0,0.0,0.0
3,4,5,0,,,,0.5887167,0.0,0.0,0.0,0.0
3,5,5,0,,,,0.9995833,0.0,0.0,0.0,0.0
3,6,5,0,,,,0.9835333,0.0,0.0,0.0,0.0
3,7,5,0,,,,0.4759,0.0,0.0,0.0,0.0
3,8,5,0,,,,0.36398333,0.0,0.0,0.0,3.74
3,9,5,0,,,,0.35383335,0.0,0.0,0.0,17.85
3,10,5,0,,,,0.36751667,0.0,0.0,0.0,50.96
3,11,5,0,,,,0.35821667,0.0,0.0,0.0,92.48
3,12,5,0,,,,0.37615,0.0,0.0,0.0,91.96
3,13,5,0,,,,0.3787,0.0,0.0,0.0,181.59
3,14,5,0,,,,0.36098334,0.0,0.0,0.0,132.4
3,15,5,0,,,,0.37358335,0.0,0.0,0.0,737.94
3,16,5,0,,,,0.34341666,0.0,0.0,0.0,570.63
3,17,5,0,,,,0.9131,0.0,0.0,0.0,313.32
3,18,5,0,,,,1.5150833,0.0,0.0,0.0,107.25
3,19,5,0,,,,1.3536834,0.0,0.0,0.0,0.0
3,20,5,0,,,,3.7750332,0.0,0.0,0.0,0.0
3,21,5,0,,,,0.7783333,0.0,0.0,0.0,0.0
3,22,5,0,,,,0.80048335,0.0,0.0,0.0,0.0
3,23,5,0,,,,0.5336,0.0,0.0,0.0,0.0
3,24,5,0,,,,0.55123335,0.0,0.0,0.0,0.0
3,1,6,0,,,,0.38056666,0.0,0.0,0.0,0.0
3,2,6,0,,,,0.39058334,0.0,0.0,0.0,0.0
3,3,6,0,,,,0.3754,0.0,0.0,0.0,0.0
3,4,6,0,,,,0.95486665,0.0,0.0,0.0,0.0
3,5,6,0,,,,1.0850834,0.0,0.0,0.0,0.0
3,6,6,0,,,,0.51778334,0.0,0.0,0.0,0.0
3,7,6,0,,,,0.5768,0.0,0.0,0.0,0.0
3,8,6,0,,,,0.36631668,0.0,0.0,0.0,85.41
3,9,6,0,,,,2.4193833,0.0,0.0,0.0,220.02
3,10,6,0,,,,3.3585835,0.0,0.0,0.0,312.06
3,11,6,0,,,,2.1383667,0.0,0.0,0.0,468.36
3,12,6,0,,,,2.5893,0.0,0.0,0.0,486.3
3,13,6,0,,,,1.2917833,0.0,0.0,0.0,404.68
3,14,6,0,,,,1.51775,0.0,0.0,0.0,358.51
3,15,6,0,,,,1.0551667,0.0,0.0,0.0,255.87
3,16,6,0,,,,0.65265,0.0,0.0,0.0,117.77
3,17,6,0,,,,0.48773333,0.0,0.0,0.0,162.89
3,18,6,0,,,,0.29401666,0.0,0.0,0.0,74.23
3,19,6,0,,,,0.4007,0.0,0.0,0.0,0.0
3,20,6,0,,,,0.16826671,0.0,0.0,0.0,0.0
3,21,6,0,,,,0.54176664,0.0,0.0,0.0,0.0
3,22,6,0,,,,0.67046666,0.0,0.0,0.0,0.0
3,23,6,0,,,,0.6892667,0.0,0.0,0.0,0.0
3,24,6,0,,,,0.66261667,0.0,0.0,0.0,0.0
3,1,7,0,,,,0.65,0.0,0.0,0.0,0.0
3,2,7,0,,,,0.58631665,0.0,0.0,0.0,0.0
3,3,7,0,,,,0.5214,0.0,0.0,0.0,0.0
3,4,7,0,,,,0.6005667,0.0,0.0,0.0,0.0
3,5,7,0,,,,0.8214167,0.0,0.0,0.0,0.0
3,6,7,0,,,,0.69285,0.0,0.0,0.0,0.0
3,7,7,0,,,,0.6609,0.0,0.0,0.0,0.0
3,8,7,0,,,,0.72036666,0.0,0.0,0.0,15.22
3,9,7,0,,,,0.8611,0.0,0.0,0.0,28.93
3,10,7,0,,,,1.6456833,0.0,0.0,0.0,169.0
3,11,7,0,,,,1.62625,0.0,0.0,0.0,261.96
3,12,7,0,,,,1.4336,0.0,0.0,0.0,811.86
3,13,7,0,,,,1.0371667,0.0,0.0,0.0,417.41
3,14,7,0,,,,1.35015,0.0,0.0,0.0,347.8
3,15,7,0,,,,0.9795667,0.0,0.0,0.0,28.12
3,16,7,0,,,,0.13725005,0.0,0.0,0.0,72.25
3,17,7,0,,,,2.3396332,0.0,0.0,0.0,50.64
3,18,7,0,,,,0.5366333,0.0,0.0,0.0,33.4
3,19,7,0,,,,0.33173335,0.0,0.0,0.0,0.0
3,20,7,0,,,,0.19002503,0.0,0.0,0.0,0.0
3,21,7,0,,,,0.49551666,0.0,0.0,0.0,0.0
3,22,7,0,,,,0.54476666,0.0,0.0,0.0,0.0
3,23,7,0,,,,0.5991833,0.0,0.0,0.0,0.0
3,24,7,0,,,,0.5762,0.0,0.0,0.0,0.0
3,1,1,0,,,,0.58243334,0.0,0.0,0.0,0.0
3,2,1,0,,,,0.5654333,0.0,0.0,0.0,0.0
3,3,1,0,,,,0.5276,0.0,0.0,0.0,0.0
3,4,1,0,,,,0.5469667,0.0,0.0,0.0,0.0
3,5,1,0,,,,1.0668833,0.0,0.0,0.0,0.0
3,6,1,0,,,,1.4836667,0.0,0.0,0.0,0.0
3,7,1,0,,,,1.31985,0.0,0.0,0.0,0.0
3,8,1,0,,,,0.84003335,0.0,0.0,0.0,10.48
3,9,1,0,,,,1.9474167,0.0,0.0,0.0,115.54
3,10,1,0,,,,2.1745,0.0,0.0,0.0,124.41
3,11,1,0,,,,1.8638,0.0,0.0,0.0,140.1
3,12,1,0,,,,1.1039667,0.0,0.0,0.0,154.85
3,13,1,0,,,,0.39918333,0.0,0.0,0.0,90.7
3,14,1,0,,,,0.7221,0.0,0.0,0.0,144.67
3,15,1,0,,,,1.1648333,0.0,0.0,0.0,29.4
3,16,1,0,,,,0.569,0.0,0.0,0.0,21.33
3,17,1,0,,,,0.18358335,0.0,0.0,0.0,122.75
3,18,1,0,,,,0.5654333,0.0,0.0,0.0,7.79
3,19,1,0,,,,0.15693337,0.0,0.0,0.0,0.0
3,20,1,0,,,,0.12731671,0.0,0.0,0.0,0.0
3,21,1,0,,,,0.9174833,0.0,0.0,0.0,0.0
3,22,1,0,,,,0.8395,0.0,0.0,0.0,0.0
3,23,1,0,,,,0.5663,0.0,0.0,0.0,0.0
3,24,1,0,,,,0.57569164,0.0,0.0,0.0,0.0
3,1,2,0,,,,0.5824,0.0,0.0,0.0,0.0
3,2,2,0,,,,0.60365,0.0,0.0,0.0,0.0
3,3,2,0,,,,0.5843167,0.0,0.0,0.0,0.0
3,4,2,0,,,,0.578,0.0,0.0,0.0,0.0
3,5,2,0,,,,0.80798334,0.0,0.0,0.0,0.0
3,6,2,0,,,,0.78605,0.0,0.0,0.0,0.0
3,7,2,0,,,,0.45081666,0.0,0.0,0.0,1.27
3,8,2,0,,,,1.5006,0.0,0.0,0.0,181.33
3,9,2,0,,,,2.5261667,0.0,0.0,0.0,437.63
3,10,2,0,,,,1.2202,0.0,0.0,0.0,637.39
3,11,2,0,,,,0.19686666,0.0,0.0,0.0,770.27
3,12,2,0,,,,0.24875,0.0,0.0,0.0,855.97
3,13,2,0,,,,0.27016667,0.0,0.0,0.0,883.24
3,14,2,0,,,,0.30078334,0.0,0.0,0.0,843.03
3,15,2,0,,,,0.94093335,0.0,0.0,0.0,754.94
3,16,2,0,,,,0.6741167,0.0,0.0,0.0,597.68
3,17,2,0,,,,0.5411,0.0,0.0,0.0,382.1
3,18,2,0,,,,0.47338334,0.0,0.0,0.0,129.21
3,19,2,0,,,,0.8976833,0.0,0.0,0.0,0.0
3,20,2,0,,,,1.2208834,0.0,0.0,0.0,0.0
3,21,2,0,,,,0.9655833,0.0,0.0,0.0,0.0
3,22,2,0,,,,0.9285833,0.0,0.0,0.0,0.0
3,23,2,0,,,,0.60646665,0.0,0.0,0.0,0.0
3,24,2,0,,,,0.52645,0.0,0.0,0.0,0.0
3,1,3,0,,,,1.3824667,0.0,0.0,0.0,0.0
3,2,3,0,,,,0.5229667,0.0,0.0,0.0,0.0
3,3,3,0,,,,1.0054667,0.0,0.0,0.0,0.0
3,4,3,0,,,,0.53786665,0.0,0.0,0.0,0.0
3,5,3,0,,,,0.66433334,0.0,0.0,0.0,0.0
3,6,3,0,,,,0.8135333,0.0,0.0,0.0,0.0
3,7,3,0,,,,0.4778,0.0,0.0,0.0,3.74
3,8,3,0,,,,1.4118667,0.0,0.0,0.0,169.58
3,9,3,0,,,,1.7769166,0.0,0.0,0.0,182.16
3,10,3,0,,,,2.0754,0.0,0.0,0.0,267.34
3,11,3,0,,,,0.2826,0.0,0.0,0.0,332.42
3,12,3,0,,,,0.42075,0.0,0.0,0.0,423.47
3,13,3,0,,,,0.9839,0.0,0.0,0.0,351.0
3,14,3,0,,,,0.30101666,0.0,0.0,0.0,503.4
3,15,3,0,,,,1.4218667,0.0,0.0,0.0,723.41
3,16,3,0,,,,0.7719667,0.0,0.0,0.0,578.21
3,17,3,0,,,,0.1280667,0.0,0.0,0.0,347.89
3,18,3,0,,,,0.26916668,0.0,0.0,0.0,80.52
3,19,3,0,,,,0.47771674,0.0,0.0,0.0,0.0
3,20,3,0,,,,2.8249,0.0,0.0,0.0,0.0
3,21,3,0,,,,1.3458667,0.0,0.0,0.0,0.0
3,22,3,0,,,,0.9472833,0.0,0.0,0.0,0.0
3,23,3,0,,,,0.59506667,0.0,0.0,0.0,0.0
3,24,3,0,,,,2.1251,0.0,0.0,0.0,0.0
3,1,4,0,,,,0.6070667,0.0,0.0,0.0,0.0
3,2,4,0,,,,0.57301664,0.0,0.0,0.0,0.0
3,3,4,0,,,,0.69395,0.0,0.0,0.0,0.0
3,4,4,0,,,,0.829775,0.0,0.0,0.0,0.0
3,5,4,0,,,,1.0831,0.0,0.0,0.0,0.0
3,6,4,0,,,,0.67183334,0.0,0.0,0.0,0.0
3,7,4,0,,,,0.5758,0.0,0.0,0.0,0.0
3,8,4,0,,,,1.4966,0.0,0.0,0.0,27.82
3,9,4,0,,,,2.6976833,0.0,0.0,0.0,113.87
3,10,4,0,,,,2.4555166,0.0,0.0,0.0,140.48
3,11,4,0,,,,0.28735,0.0,0.0,0.0,126.35
3,12,4,0,,,,0.28178334,0.0,0.0,0.0,193.94
3,13,4,0,,,,0.3322,0.0,0.0,0.0,405.62
3,14,4,0,,,,1.2331333,0.0,0.0,0.0,819.78
3,15,4,0,,,,1.1401167,0.0,0.0,0.0,713.77
3,16,4,0,,,,0.7445167,0.0,0.0,0.0,564.81
3,17,4,0,,,,0.25863335,0.0,0.0,0.0,358.74
3,18,4,0,,,,0.29678333,0.0,0.0,0.0,121.73
3,19,4,0,,,,0.25698334,0.0,0.0,0.0,0.0
3,20,4,0,,,,0.22818333,0.0,0.0,0.0,0.0
3,21,4,0,,,,0.22110002,0.0,0.0,0.0,0.0
3,22,4,0,,,,0.28373334,0.0,0.0,0.0,0.0
3,23,4,0,,,,0.24863334,0.0,0.0,0.0,0.0
3,24,4,0,,,,0.28615,0.0,0.0,0.0,0.0
3,1,5,0,,,,0.30895,0.0,0.0,0.0,0.0
3,2,5,0,,,,0.27395,0.0,0.0,0.0,0.0
3,3,5,0,,,,0.24941666,0.0,0.0,0.0,0.0
3,4,5,0,,,,0.24190001,0.0,0.0,0.0,0.0
3,5,5,0,,,,0.64085,0.0,0.0,0.0,0.0
3,6,5,0,,,,0.7646,0.0,0.0,0.0,0.0
3,7,5,0,,,,0.58528334,0.0,0.0,0.0,4.84
3,8,5,0,,,,1.6052667,0.0,0.0,0.0,186.04
3,9,5,0,,,,2.4898667,0.0,0.0,0.0,419.02
3,10,5,0,,,,1.9657667,0.0,0.0,0.0,606.13
3,11,5,0,,,,0.36385,0.0,0.0,0.0,736.8
3,12,5,0,,,,0.6172042,0.0,0.0,0.0,829.28
3,13,5,0,,,,0.49288332,0.0,0.0,0.0,837.0
3,14,5,0,,,,1.0174167,0.0,0.0,0.0,801.03
3,15,5,0,,,,0.68535,0.0,0.0,0.0,704.46
3,16,5,0,,,,0.30528337,0.0,0.0,0.0,554.58
3,17,5,0,,,,0.13683341,0.0,0.0,0.0,353.05
3,18,5,0,,,,0.71335,0.0,0.0,0.0,124.87
3,19,5,0,,,,1.8547833,0.0,0.0,0.0,0.0
3,20,5,0,,,,2.6445,0.0,0.0,0.0,0.0
3,21,5,0,,,,1.02475,0.0,0.0,0.0,0.0
3,22,5,0,,,,0.8724333,0.0,0.0,0.0,0.0
3,23,5,0,,,,0.5726333,0.0,0.0,0.0,0.0
3,24,5,0,,,,0.6181333,0.0,0.0,0.0,0.0
4,1,6,0,,,,0.6242167,0.0,0.0,0.0,0.0
4,2,6,0,,,,0.5761667,0.0,0.0,0.0,0.0
4,3,6,0,,,,0.59975,0.0,0.0,0.0,0.0
4,4,6,0,,,,0.60355,0.0,0.0,0.0,0.0
4,5,6,0,,,,0.75513333,0.0,0.0,0.0,0.0
4,6,6,0,,,,0.9209,0.0,0.0,0.0,0.0
4,7,6,0,,,,0.7229667,0.0,0.0,0.0,4.17
4,8,6,0,,,,1.37155,0.0,0.0,0.0,192.5
4,9,6,0,,,,2.6664333,0.0,0.0,0.0,439.91
4,10,6,0,,,,3.1974666,0.0,0.0,0.0,644.16
4,11,6,0,,,,1.1000667,0.0,0.0,0.0,777.71
4,12,6,0,,,,0.94675833,0.0,0.0,0.0,871.08
4,13,6,0,,,,0.6353833,0.0,0.0,0.0,887.55
4,14,6,0,,,,1.1736333,0.0,0.0,0.0,842.91
4,15,6,0,,,,0.50886667,0.0,0.0,0.0,741.98
4,16,6,0,,,,0.64275,0.0,0.0,0.0,584.36
4,17,6,0,,,,0.27726668,0.0,0.0,0.0,367.41
4,18,6,0,,,,0.36705,0.0,0.0,0.0,131.0
4,19,6,0,,,,0.6971833,0.0,0.0,0.0,0.0
4,20,6,0,,,,1.6717,0.0,0.0,0.0,0.0
4,21,6,0,,,,0.25398332,0.0,0.0,0.0,0.0
4,22,6,0,,,,0.39723334,0.0,0.0,0.0,0.0
4,23,6,0,,,,0.6717,0.0,0.0,0.0,0.0
4,24,6,0,,,,0.59821665,0.0,0.0,0.0,0.0
4,1,7,0,,,,0.57885,0.0,0.0,0.0,0.0
4,2,7,0,,,,0.5703,0.0,0.0,0.0,0.0
4,3,7,0,,,,0.58705,0.0,0.0,0.0,0.0
4,4,7,0,,,,0.58435,0.0,0.0,0.0,0.0
4,5,7,0,,,,0.5527833,0.0,0.0,0.0,0.0
4,6,7,0,,,,0.5095,0.0,0.0,0.0,0.0
4,7,7,0,,,,0.327,0.0,0.0,0.0,9.88
4,8,7,0,,,,1.2633083,0.0,0.0,0.0,210.27
4,9,7,0,,,,2.8709834,0.0,0.0,0.0,455.12
4,10,7,0,,,,2.6803334,0.0,0.0,0.0,638.11
4,11,7,0,,,,0.35498333,0.0,0.0,0.0,781.31
4,12,7,0,,,,0.28728333,0.0,0.0,0.0,873.04
4,13,7,0,,,,0.26223335,0.0,0.0,0.0,884.74
4,14,7,0,,,,0.5583,0.0,0.0,0.0,839.46
4,15,7,0,,,,1.2790667,0.0,0.0,0.0,742.39
4,16,7,0,,,,0.7162334,0.0,0.0,0.0,585.03
4,17,7,0,,,,2.1639333,0.0,0.0,0.0,365.68
4,18,7,0,,,,0.43253335,0.0,0.0,0.0,131.5
4,19,7,0,,,,1.3908666,0.0,0.0,0.0,0.0
4,20,7,0,,,,1.1317667,0.0,0.0,0.0,0.0
4,21,7,0,,,,0.21093334,0.0,0.0,0.0,0.0
4,22,7,0,,,,0.6719667,0.0,0.0,0.0,0.0
4,23,7,0,,,,0.57346666,0.0,0.0,0.0,0.0
4,24,7,0,,,,0.57668334,0.0,0.0,0.0,0.0
4,1,1,0,,,,0.58025,0.0,0.0,0.0,0.0
4,2,1,0,,,,0.58958334,0.0,0.0,0.0,0.0
4,3,1,0,,,,0.60436666,0.0,0.0,0.0,0.0
4,4,1,0,,,,0.56988335,0.0,0.0,0.0,0.0
4,5,1,0,,,,1.9201334,0.0,0.0,0.0,0.0
4,6,1,0,,,,1.17785,0.0,0.0,0.0,0.0
4,7,1,0,,,,0.9109333,0.0,0.0,0.0,12.78
4,8,1,0,,,,1.6121334,0.0,0.0,0.0,208.07
4,9,1,0,,,,2.5730667,0.0,0.0,0.0,442.48
4,10,1,0,,,,3.1692166,0.0,0.0,0.0,620.42
4,11,1,0,,,,1.1881666,0.0,0.0,0.0,742.71
4,12,1,0,,,,0.46596667,0.0,0.0,0.0,833.51
4,13,1,0,,,,0.5829167,0.0,0.0,0.0,849.39
4,14,1,0,,,,1.0546167,0.0,0.0,0.0,808.8
4,15,1,0,,,,0.7625167,0.0,0.0,0.0,712.4
4,16,1,0,,,,0.48143336,0.0,0.0,0.0,561.64
4,17,1,0,,,,0.45613337,0.0,0.0,0.0,359.42
4,18,1,0,,,,0.34423333,0.0,0.0,0.0,131.8
4,19,1,0,,,,1.4623001,0.0,0.0,0.0,0.0
4,20,1,0,,,,0.49768338,0.0,0.0,0.0,0.0
4,21,1,0,,,,0.9496,0.0,0.0,0.0,0.0
4,22,1,0,,,,0.6462333,0.0,0.0,0.0,0.0
4,23,1,0,,,,0.47806665,0.0,0.0,0.0,0.0
4,24,1,0,,,,0.47755,0.0,0.0,0.0,0.0
4,1,2,0,,,,0.50335,0.0,0.0,0.0,0.0
4,2,2,0,,,,0.47608334,0.0,0.0,0.0,0.0
4,3,2,0,,,,0.5136,0.0,0.0,0.0,0.0
4,4,2,0,,,,0.6766667,0.0,0.0,0.0,0.0
4,5,2,0,,,,0.5833,0.0,0.0,0.0,0.0
4,6,2,0,,,,0.68913335,0.0,0.0,0.0,0.0
4,7,2,0,,,,0.76928335,0.0,0.0,0.0,8.53
4,8,2,0,,,,1.5455,0.0,0.0,0.0,201.89
4,9,2,0,,,,2.37,0.0,0.0,0.0,431.43
4,10,2,0,,,,2.9439666,0.0,0.0,0.0,611.36
4,11,2,0,,,,0.35151666,0.0,0.0,0.0,736.57
4,12,2,0,,,,0.4075,0.0,0.0,0.0,814.35
4,13,2,0,,,,0.8131833,0.0,0.0,0.0,833.98
4,14,2,0,,,,0.65393335,0.0,0.0,0.0,783.63
4,15,2,0,,,,0.53966665,0.0,0.0,0.0,683.48
4,16,2,0,,,,0.41573334,0.0,0.0,0.0,549.85
4,17,2,0,,,,0.49130002,0.0,0.0,0.0,353.11
4,18,2,0,,,,1.3232833,0.0,0.0,0.0,132.04
4,19,2,0,,,,1.86395,0.0,0.0,0.0,0.53
4,20,2,0,,,,1.36855,0.0,0.0,0.0,0.0
4,21,2,0,,,,0.8756833,0.0,0.0,0.0,0.0
4,22,2,0,,,,0.6523833,0.0,0.0,0.0,0.0
4,23,2,0,,,,0.6146167,0.0,0.0,0.0,0.0
4,24,2,0,,,,0.5858333,0.0,0.0,0.0,0.0
4,1,3,0,,,,0.55658334,0.0,0.0,0.0,0.0
4,2,3,0,,,,0.6146,0.0,0.0,0.0,0.0
4,3,3,0,,,,0.614,0.0,0.0,0.0,0.0
4,4,3,0,,,,0.5636167,0.0,0.0,0.0,0.0
4,5,3,0,,,,0.54468334,0.0,0.0,0.0,0.0
4,6,3,0,,,,0.818,0.0,0.0,0.0,0.0
4,7,3,0,,,,0.879475,0.0,0.0,0.0,9.23
4,8,3,0,,,,1.2502167,0.0,0.0,0.0,185.17
4,9,3,0,,,,2.4815,0.0,0.0,0.0,407.68
4,10,3,0,,,,3.1115167,0.0,0.0,0.0,597.59
4,11,3,0,,,,1.8826,0.0,0.0,0.0,728.64
4,12,3,0,,,,0.33915,0.0,0.0,0.0,808.27
4,13,3,0,,,,0.26835,0.0,0.0,0.0,717.05
4,14,3,0,,,,0.67965,0.0,0.0,0.0,766.43
4,15,3,0,,,,0.56941664,0.0,0.0,0.0,706.02
4,16,3,0,,,,0.49376667,0.0,0.0,0.0,561.26
4,17,3,0,,,,0.76748335,0.0,0.0,0.0,357.43
4,18,3,0,,,,0.81196666,0.0,0.0,0.0,133.53
4,19,3,0,,,,1.9957334,0.0,0.0,0.0,2.15
4,20,3,0,,,,4.018175,0.0,0.0,0.0,0.0
4,21,3,0,,,,0.9950333,0.0,0.0,0.0,0.0
4,22,3,0,,,,1.4958667,0.0,0.0,0.0,0.0
4,23,3,0,,,,0.6348,0.0,0.0,0.0,0.0
4,24,3,0,,,,0.62626666,0.0,0.0,0.0,0.0
4,1,4,0,,,,0.6444333,0.0,0.0,0.0,0.0
4,2,4,0,,,,0.61515,0.0,0.0,0.0,0.0
4,3,4,0,,,,0.6391,0.0,0.0,0.0,0.0
4,4,4,0,,,,0.62153333,0.0,0.0,0.0,0.0
4,5,4,0,,,,0.9279,0.0,0.0,0.0,0.0
4,6,4,0,,,,0.993775,0.0,0.0,0.0,0.0
4,7,4,0,,,,0.5476,0.0,0.0,0.0,5.48
4,8,4,0,,,,1.35785,0.0,0.0,0.0,128.26
4,9,4,0,,,,1.8168806,0.0,0.0,0.0,372.29
4,10,4,0,,,,2.20045,0.0,0.0,0.0,565.2
4,11,4,0,,,,1.33345,0.0,0.0,0.0,660.23
4,12,4,0,,,,0.54775,0.0,0.0,0.0,776.06
4,13,4,0,,,,0.29406667,0.0,0.0,0.0,816.52
4,14,4,0,,,,0.6409,0.0,0.0,0.0,793.55
4,15,4,0,,,,0.36328334,0.0,0.0,0.0,703.8
4,16,4,0,,,,0.5356167,0.0,0.0,0.0,546.53
4,17,4,0,,,,1.0309334,0.0,0.0,0.0,353.33
4,18,4,0,,,,0.7454,0.0,0.0,0.0,130.41
4,19,4,0,,,,1.2747834,0.0,0.0,0.0,2.14
4,20,4,0,,,,0.8819417,0.0,0.0,0.0,0.0
4,21,4,0,,,,0.39546666,0.0,0.0,0.0,0.0
4,22,4,0,,,,0.6368333,0.0,0.0,0.0,0.0
4,23,4,0,,,,0.591,0.0,0.0,0.0,0.0
4,24,4,0,,,,0.61435,0.0,0.0,0.0,0.0
4,1,5,0,,,,0.58091664,0.0,0.0,0.0,0.0
4,2,5,0,,,,0.62993336,0.0,0.0,0.0,0.0
4,3,5,0,,,,0.60408336,0.0,0.0,0.0,0.0
4,4,5,0,,,,0.55525,0.0,0.0,0.0,0.0
4,5,5,0,,,,1.2750167,0.0,0.0,0.0,0.0
4,6,5,0,,,,1.39615,0.0,0.0,0.0,0.0
4,7,5,0,,,,0.38506666,0.0,0.0,0.0,3.68
4,8,5,0,,,,1.4476833,0.0,0.0,0.0,93.65
4,9,5,0,,,,2.3531666,0.0,0.0,0.0,399.87
4,10,5,0,,,,2.96555,0.0,0.0,0.0,573.92
4,11,5,0,,,,0.55146664,0.0,0.0,0.0,658.89
4,12,5,0,,,,0.29781666,0.0,0.0,0.0,780.13
4,13,5,0,,,,0.5201,0.0,0.0,0.0,806.74
4,14,5,0,,,,0.3739,0.0,0.0,0.0,764.31
4,15,5,0,,,,0.57325,0.0,0.0,0.0,681.19
4,16,5,0,,,,0.73925,0.0,0.0,0.0,503.3
4,17,5,0,,,,0.43598336,0.0,0.0,0.0,325.73
4,18,5,0,,,,0.6291,0.0,0.0,0.0,111.78
4,19,5,0,,,,0.24818337,0.0,0.0,0.0,0.86
4,20,5,0,,,,1.5102917,0.0,0.0,0.0,0.0
4,21,5,0,,,,2.270125,0.0,0.0,0.0,0.0
4,22,5,0,,,,3.3811166,0.0,0.0,0.0,0.0
4,23,5,0,,,,2.0582666,0.0,0.0,0.0,0.0
4,24,5,0,,,,1.1489,0.0,0.0,0.0,0.0
4,1,6,0,,,,0.60945,0.0,0.0,0.0,0.0
4,2,6,0,,,,0.58461666,0.0,0.0,0.0,0.0
4,3,6,0,,,,0.6490167,0.0,0.0,0.0,0.0
4,4,6,0,,,,0.62385553,0.0,0.0,0.0,0.0
4,5,6,0,,,,0.9580333,0.0,0.0,0.0,0.0
4,6,6,0,,,,1.3953333,0.0,0.0,0.0,0.0
4,7,6,0,,,,1.2786,0.0,0.0,0.0,2.07
4,8,6,0,,,,0.35726666,0.0,0.0,0.0,155.34
4,9,6,0,,,,0.5449833,0.0,0.0,0.0,193.34
4,10,6,0,,,,1.1829,0.0,0.0,0.0,467.36
4,11,6,0,,,,1.0456083,0.0,0.0,0.0,420.91
4,12,6,0,,,,1.2079667,0.0,0.0,0.0,509.99
4,13,6,0,,,,0.8639,0.0,0.0,0.0,786.64
4,14,6,0,,,,1.1206,0.0,0.0,0.0,753.12
4,15,6,0,,,,1.2245834,0.0,0.0,0.0,664.97
4,16,6,0,,,,0.54255,0.0,0.0,0.0,468.13
4,17,6,0,,,,0.63481665,0.0,0.0,0.0,325.37
4,18,6,0,,,,0.4196,0.0,0.0,0.0,98.54
4,19,6,0,,,,0.60895,0.0,0.0,0.0,1.23
4,20,6,0,,,,1.7057,0.0,0.0,0.0,0.0
4,21,6,0,,,,1.3010334,0.0,0.0,0.0,0.0
4,22,6,0,,,,0.7891833,0.0,0.0,0.0,0.0
4,23,6,0,,,,0.55076665,0.0,0.0,0.0,0.0
4,24,6,0,,,,0.56886667,0.0,0.0,0.0,0.0
4,1,7,0,,,,0.89998335,0.0,0.0,0.0,0.0
4,2,7,0,,,,0.5782833,0.0,0.0,0.0,0.0
4,3,7,0,,,,0.60606664,0.0,0.0,0.0,0.0
4,4,7,0,,,,0.5491167,0.0,0.0,0.0,0.0
4,5,7,0,,,,1.3556,0.0,0.0,0.0,0.0
4,6,7,0,,,,0.7820333,0.0,0.0,0.0,0.0
4,7,7,0,,,,0.465575,0.0,0.0,0.0,0.33
4,8,7,0,,,,0.9188167,0.0,0.0,0.0,18.62
4,9,7,0,,,,2.2063167,0.0,0.0,0.0,19.89
4,10,7,0,,,,2.1472332,0.0,0.0,0.0,43.55
4,11,7,0,,,,1.6839833,0.0,0.0,0.0,474.4
4,12,7,0,,,,1.6735333,0.0,0.0,0.0,633.15
4,13,7,0,,,,0.8440667,0.0,0.0,0.0,650.88
4,14,7,0,,,,0.8416167,0.0,0.0,0.0,662.06
4,15,7,0,,,,0.31478333,0.0,0.0,0.0,447.49
4,16,7,0,,,,0.60358334,0.0,0.0,0.0,252.81
4,17,7,0,,,,0.38252223,0.0,0.0,0.0,192.48
4,18,7,0,,,,0.1191167,0.0,0.0,0.0,73.73
4,19,7,0,,,,0.15290001,0.0,0.0,0.0,2.98
4,20,7,0,,,,0.23421668,0.0,0.0,0.0,0.0
4,21,7,0,,,,0.28455,0.0,0.0,0.0,0.0
4,22,7,0,,,,0.34841666,0.0,0.0,0.0,0.0
4,23,7,0,,,,0.33056667,0.0,0.0,0.0,0.0
4,24,7,0,,,,0.31388333,0.0,0.0,0.0,0.0
4,1,1,0,,,,0.332575,0.0,0.0,0.0,0.0
4,2,1,0,,,,0.3411,0.0,0.0,0.0,0.0
4,3,1,0,,,,0.30848333,0.0,0.0,0.0,0.0
4,4,1,0,,,,0.2606167,0.0,0.0,0.0,0.0
4,5,1,0,,,,0.59071666,0.0,0.0,0.0,0.0
4,6,1,0,,,,0.8287333,0.0,0.0,0.0,0.0
4,7,1,0,,,,0.87488335,0.0,0.0,0.0,33.15
4,8,1,0,,,,1.7709,0.0,0.0,0.0,181.91
4,9,1,0,,,,2.603575,0.0,0.0,0.0,390.44
4,10,1,0,,,,1.5999833,0.0,0.0,0.0,460.93
4,11,1,0,,,,0.30901667,0.0,0.0,0.0,663.09
4,12,1,0,,,,0.26315,0.0,0.0,0.0,783.29
4,13,1,0,,,,0.37373334,0.0,0.0,0.0,798.92
4,14,1,0,,,,0.37288332,0.0,0.0,0.0,781.16
4,15,1,0,,,,0.7564333,0.0,0.0,0.0,696.97
4,16,1,0,,,,0.8194583,0.0,0.0,0.0,526.16
4,17,1,0,,,,0.2974167,0.0,0.0,0.0,240.85
4,18,1,0,,,,0.18175004,0.0,0.0,0.0,127.96
4,19,1,0,,,,0.18865006,0.0,0.0,0.0,0.0
4,20,1,0,,,,0.78441674,0.0,0.0,0.0,0.0
4,21,1,0,,,,2.319675,0.0,0.0,0.0,0.0
4,22,1,0,,,,1.0152833,0.0,0.0,0.0,0.0
4,23,1,0,,,,0.77033335,0.0,0.0,0.0,0.0
4,24,1,0,,,,0.60485,0.0,0.0,0.0,0.0
4,1,2,0,,,,0.5384,0.0,0.0,0.0,0.0
4,2,2,0,,,,0.5923167,0.0,0.0,0.0,0.0
4,3,2,0,,,,0.58058333,0.0,0.0,0.0,0.0
4,4,2,0,,,,0.6505,0.0,0.0,0.0,0.0
4,5,2,0,,,,0.85863334,0.0,0.0,0.0,0.0
4,6,2,0,,,,0.5725,0.0,0.0,0.0,0.0
4,7,2,0,,,,0.7258083,0.0,0.0,0.0,18.32
4,8,2,0,,,,1.6158,0.0,0.0,0.0,90.98
4,9,2,0,,,,2.49855,0.0,0.0,0.0,96.6
4,10,2,0,,,,2.1128,0.0,0.0,0.0,42.03
4,11,2,0,,,,0.31991667,0.0,0.0,0.0,148.54
4,12,2,0,,,,0.35535,0.0,0.0,0.0,229.71
4,13,2,0,,,,0.5214667,0.0,0.0,0.0,223.07
4,14,2,0,,,,0.49043334,0.0,0.0,0.0,127.66
4,15,2,0,,,,0.2179,0.0,0.0,0.0,162.63
4,16,2,0,,,,0.21808337,0.0,0.0,0.0,91.57
4,17,2,0,,,,1.4716834,0.0,0.0,0.0,61.18
4,18,2,0,,,,0.6367667,0.0,0.0,0.0,37.7
4,19,2,0,,,,0.28701666,0.0,0.0,0.0,0.0
4,20,2,0,,,,1.24415,0.0,0.0,0.0,0.0
4,21,2,0,,,,0.41178334,0.0,0.0,0.0,0.0
4,22,2,0,,,,0.9859333,0.0,0.0,0.0,0.0
4,23,2,0,,,,0.64985,0.0,0.0,0.0,0.0
4,24,2,0,,,,0.52655,0.0,0.0,0.0,0.0
4,1,3,0,,,,0.62598336,0.0,0.0,0.0,0.0
4,2,3,0,,,,0.73333335,0.0,0.0,0.0,0.0
4,3,3,0,,,,0.8742667,0.0,0.0,0.0,0.0
4,4,3,0,,,,1.1340667,0.0,0.0,0.0,0.0
4,5,3,0,,,,1.0596334,0.0,0.0,0.0,0.0
4,6,3,0,,,,0.4661,0.0,0.0,0.0,0.0
4,7,3,0,,,,0.72333336,0.0,0.0,0.0,1.15
4,8,3,0,,,,1.6597,0.0,0.0,0.0,8.83
4,9,3,0,,,,2.6018167,0.0,0.0,0.0,34.27
4,10,3,0,,,,1.7549334,0.0,0.0,0.0,71.07
4,11,3,0,,,,0.30686668,0.0,0.0,0.0,86.24
4,12,3,0,,,,0.25065,0.0,0.0,0.0,103.99
4,13,3,0,,,,0.27885,0.0,0.0,0.0,59.61
4,14,3,0,,,,0.30576667,0.0,0.0,0.0,66.77
4,15,3,0,,,,1.1122333,0.0,0.0,0.0,0.0
4,16,3,0,,,,1.00935,0.0,0.0,0.0,51.91
4,17,3,0,,,,0.17610003,0.0,0.0,0.0,28.27
4,18,3,0,,,,0.56025,0.0,0.0,0.0,32.84
4,19,3,0,,,,0.47453335,0.0,0.0,0.0,0.0
4,20,3,0,,,,0.69806665,0.0,0.0,0.0,0.0
4,21,3,0,,,,0.40198332,0.0,0.0,0.0,0.0
4,22,3,0,,,,0.32661667,0.0,0.0,0.0,0.0
4,23,3,0,,,,0.27548334,0.0,0.0,0.0,0.0
4,24,3,0,,,,0.33566666,0.0,0.0,0.0,0.0
4,1,4,0,,,,0.25333333,0.0,0.0,0.0,0.0
4,2,4,0,,,,0.32295,0.0,0.0,0.0,0.0
4,3,4,0,,,,0.521,0.0,0.0,0.0,0.0
4,4,4,0,,,,0.66925,0.0,0.0,0.0,0.0
4,5,4,0,,,,1.1456333,0.0,0.0,0.0,0.0
4,6,4,0,,,,1.5907,0.0,0.0,0.0,0.0
4,7,4,0,,,,0.7585833,0.0,0.0,0.0,1.18
4,8,4,0,,,,0.77415,0.0,0.0,0.0,9.61
4,9,4,0,,,,1.5403666,0.0,0.0,0.0,61.59
4,10,4,0,,,,1.3019834,0.0,0.0,0.0,107.37
4,11,4,0,,,,0.8070667,0.0,0.0,0.0,145.92
4,12,4,0,,,,1.0779166,0.0,0.0,0.0,171.67
4,13,4,0,,,,1.2301667,0.0,0.0,0.0,188.67
4,14,4,0,,,,0.93013334,0.0,0.0,0.0,213.04
4,15,4,0,,,,1.6154166,0.0,0.0,0.0,233.13
4,16,4,0,,,,0.58708334,0.0,0.0,0.0,136.3
4,17,4,0,,,,0.5949167,0.0,0.0,0.0,109.91
4,18,4,0,,,,0.23730002,0.0,0.0,0.0,130.15
4,19,4,0,,,,1.3541666,0.0,0.0,0.0,8.52
4,20,4,0,,,,0.83743334,0.0,0.0,0.0,0.0
4,21,4,0,,,,0.8691,0.0,0.0,0.0,0.0
4,22,4,0,,,,0.58806664,0.0,0.0,0.0,0.0
4,23,4,0,,,,0.45388332,0.0,0.0,0.0,0.0
4,24,4,0,,,,0.42718333,0.0,0.0,0.0,0.0
4,1,5,0,,,,0.39201668,0.0,0.0,0.0,0.0
4,2,5,0,,,,0.41228333,0.0,0.0,0.0,0.0
4,3,5,0,,,,0.43788335,0.0,0.0,0.0,0.0
4,4,5,0,,,,1.4372833,0.0,0.0,0.0,0.0
4,5,5,0,,,,1.3334833,0.0,0.0,0.0,0.0
4,6,5,0,,,,0.8243333,0.0,0.0,0.0,0.0
4,7,5,0,,,,0.5861667,0.0,0.0,0.0,32.72
4,8,5,0,,,,1.0144,0.0,0.0,0.0,59.43
4,9,5,0,,,,2.3664668,0.0,0.0,0.0,268.85
4,10,5,0,,,,2.1683834,0.0,0.0,0.0,649.96
4,11,5,0,,,,0.20463334,0.0,0.0,0.0,739.26
4,12,5,0,,,,0.27731666,0.0,0.0,0.0,764.3
4,13,5,0,,,,0.2491,0.0,0.0,0.0,629.51
4,14,5,0,,,,0.7223833,0.0,0.0,0.0,337.06
4,15,5,0,,,,1.5330833,0.0,0.0,0.0,144.4
4,16,5,0,,,,0.841,0.0,0.0,0.0,89.5
4,17,5,0,,,,0.19790004,0.0,0.0,0.0,68.51
4,18,5,0,,,,0.3339,0.0,0.0,0.0,103.23
4,19,5,0,,,,0.18348336,0.0,0.0,0.0,9.76
4,20,5,0,,,,1.08475,0.0,0.0,0.0,0.0
4,21,5,0,,,,0.21603334,0.0,0.0,0.0,0.0
4,22,5,0,,,,0.38386667,0.0,0.0,0.0,0.0
4,23,5,0,,,,0.6369333,0.0,0.0,0.0,0.0
4,24,5,0,,,,0.56623334,0.0,0.0,0.0,0.0
4,1,6,0,,,,0.57131666,0.0,0.0,0.0,0.0
4,2,6,0,,,,0.5837333,0.0,0.0,0.0,0.0
4,3,6,0,,,,0.5621,0.0,0.0,0.0,0.0
4,4,6,0,,,,0.55628335,0.0,0.0,0.0,0.0
4,5,6,0,,,,0.90045,0.0,0.0,0.0,0.0
4,6,6,0,,,,0.8089833,0.0,0.0,0.0,0.0
4,7,6,0,,,,1.0438833,0.0,0.0,0.0,46.06
4,8,6,0,,,,1.7180834,0.0,0.0,0.0,24.62
4,9,6,0,,,,2.64205,0.0,0.0,0.0,89.43
4,10,6,0,,,,1.7935166,0.0,0.0,0.0,211.65
4,11,6,0,,,,0.26421666,0.0,0.0,0.0,187.7
4,12,6,0,,,,0.271,0.0,0.0,0.0,152.87
4,13,6,0,,,,0.24511667,0.0,0.0,0.0,177.38
4,14,6,0,,,,0.83166665,0.0,0.0,0.0,441.59
4,15,6,0,,,,0.73195,0.0,0.0,0.0,174.55
4,16,6,0,,,,1.0829834,0.0,0.0,0.0,105.58
4,17,6,0,,,,0.3882,0.0,0.0,0.0,37.32
4,18,6,0,,,,0.46195,0.0,0.0,0.0,7.6
4,19,6,0,,,,0.6186,0.0,0.0,0.0,0.2
4,20,6,0,,,,0.55583334,0.0,0.0,0.0,0.0
4,21,6,0,,,,0.21121669,0.0,0.0,0.0,0.0
4,22,6,0,,,,0.30166668,0.0,0.0,0.0,0.0
4,23,6,0,,,,0.27393332,0.0,0.0,0.0,0.0
4,24,6,0,,,,0.31449166,0.0,0.0,0.0,0.0
4,1,7,0,,,,0.32338333,0.0,0.0,0.0,0.0
4,2,7,0,,,,0.44108334,0.0,0.0,0.0,0.0
4,3,7,0,,,,0.5835,0.0,0.0,0.0,0.0
4,4,7,0,,,,0.5247333,0.0,0.0,0.0,0.0
4,5,7,0,,,,0.6315167,0.0,0.0,0.0,0.0
4,6,7,0,,,,0.47548333,0.0,0.0,0.0,0.0
4,7,7,0,,,,0.6322333,0.0,0.0,0.0,2.07
4,8,7,0,,,,1.6868666,0.0,0.0,0.0,10.11
4,9,7,0,,,,2.6661167,0.0,0.0,0.0,45.8
4,10,7,0,,,,2.8034666,0.0,0.0,0.0,64.54
4,11,7,0,,,,0.43761668,0.0,0.0,0.0,94.24
4,12,7,0,,,,0.6070333,0.0,0.0,0.0,179.34
4,13,7,0,,,,0.4044,0.0,0.0,0.0,108.64
4,14,7,0,,,,1.60455,0.0,0.0,0.0,89.82
4,15,7,0,,,,0.6876,0.0,0.0,0.0,76.03
4,16,7,0,,,,0.49378335,0.0,0.0,0.0,55.42
4,17,7,0,,,,0.19435,0.0,0.0,0.0,42.28
4,18,7,0,,,,0.21510004,0.0,0.0,0.0,13.91
4,19,7,0,,,,0.46213335,0.0,0.0,0.0,1.74
4,20,7,0,,,,1.3883166,0.0,0.0,0.0,0.0
4,21,7,0,,,,0.4412,0.0,0.0,0.0,0.0
4,22,7,0,,,,0.29215,0.0,0.0,0.0,0.0
4,23,7,0,,,,0.35946667,0.0,0.0,0.0,0.0
4,24,7,0,,,,0.32903334,0.0,0.0,0.0,0.0
4,1,1,0,,,,0.31685,0.0,0.0,0.0,0.0
4,2,1,0,,,,0.34483334,0.0,0.0,0.0,0.0
4,3,1,0,,,,0.27801666,0.0,0.0,0.0,0.0
4,4,1,0,,,,0.32288334,0.0,0.0,0.0,0.0
4,5,1,0,,,,0.7682667,0.0,0.0,0.0,0.0
4,6,1,0,,,,0.72793335,0.0,0.0,0.0,0.0
4,7,1,0,,,,1.5235667,0.0,0.0,0.0,5.85
4,8,1,0,,,,1.8609834,0.0,0.0,0.0,32.94
4,9,1,0,,,,2.46135,0.0,0.0,0.0,122.89
4,10,1,0,,,,1.9433666,0.0,0.0,0.0,191.13
4,11,1,0,,,,0.69206667,0.0,0.0,0.0,203.63
4,12,1,0,,,,0.6685,0.0,0.0,0.0,187.22
4,13,1,0,,,,0.28278333,0.0,0.0,0.0,413.23
4,14,1,0,,,,0.52025,0.0,0.0,0.0,624.65
4,15,1,0,,,,0.3173,0.0,0.0,0.0,448.56
4,16,1,0,,,,0.50963336,0.0,0.0,0.0,218.17
4,17,1,0,,,,0.18570004,0.0,0.0,0.0,305.46
4,18,1,0,,,,2.5649,0.0,0.0,0.0,130.64
4,19,1,0,,,,0.44376668,0.0,0.0,0.0,13.71
4,20,1,0,,,,2.2370834,0.0,0.0,0.0,0.0
4,21,1,0,,,,2.12705,0.0,0.0,0.0,0.0
4,22,1,0,,,,0.64463335,0.0,0.0,0.0,0.0
4,23,1,0,,,,1.28405,0.0,0.0,0.0,0.0
4,24,1,0,,,,0.65625834,0.0,0.0,0.0,0.0
4,1,2,0,,,,0.60115,0.0,0.0,0.0,0.0
4,2,2,0,,,,0.6058,0.0,0.0,0.0,0.0
4,3,2,0,,,,0.63655,0.0,0.0,0.0,0.0
4,4,2,0,,,,0.76156664,0.0,0.0,0.0,0.0
4,5,2,0,,,,1.1234167,0.0,0.0,0.0,0.0
4,6,2,0,,,,0.88173336,0.0,0.0,0.0,0.0
4,7,2,0,,,,0.37293333,0.0,0.0,0.0,54.14
4,8,2,0,,,,0.41098332,0.0,0.0,0.0,258.69
4,9,2,0,,,,0.54505,0.0,0.0,0.0,469.81
4,10,2,0,,,,1.21075,0.0,0.0,0.0,612.65
4,11,2,0,,,,1.4948167,0.0,0.0,0.0,696.62
4,12,2,0,,,,1.0990833,0.0,0.0,0.0,792.14
4,13,2,0,,,,0.43565,0.0,0.0,0.0,705.66
4,14,2,0,,,,1.2948667,0.0,0.0,0.0,710.65
4,15,2,0,,,,1.4544,0.0,0.0,0.0,513.5
4,16,2,0,,,,0.93883336,0.0,0.0,0.0,541.57
4,17,2,0,,,,0.64933336,0.0,0.0,0.0,314.15
4,18,2,0,,,,0.41283333,0.0,0.0,0.0,90.23
4,19,2,0,,,,0.4085,0.0,0.0,0.0,16.86
4,20,2,0,,,,0.36808333,0.0,0.0,0.0,0.0
4,21,2,0,,,,0.3501,0.0,0.0,0.0,0.0
4,22,2,0,,,,0.260425,0.0,0.0,0.0,0.0
4,23,2,0,,,,0.34421667,0.0,0.0,0.0,0.0
4,24,2,0,,,,0.31335,0.0,0.0,0.0,0.0
4,1,3,0,,,,0.29358333,0.0,0.0,0.0,0.0
4,2,3,0,,,,0.30673334,0.0,0.0,0.0,0.0
4,3,3,0,,,,0.31086668,0.0,0.0,0.0,0.0
4,4,3,0,,,,0.5207,0.0,0.0,0.0,0.0
4,5,3,0,,,,0.7920333,0.0,0.0,0.0,0.0
4,6,3,0,,,,0.47606668,0.0,0.0,0.0,0.0
4,7,3,0,,,,0.74785,0.0,0.0,0.0,45.29
4,8,3,0,,,,1.77675,0.0,0.0,0.0,210.53
4,9,3,0,,,,2.6270833,0.0,0.0,0.0,427.43
4,10,3,0,,,,1.4411,0.0,0.0,0.0,619.94
4,11,3,0,,,,0.28321666,0.0,0.0,0.0,637.07
4,12,3,0,,,,0.22521667,0.0,0.0,0.0,137.22
4,13,3,0,,,,0.29816666,0.0,0.0,0.0,54.39
4,14,3,0,,,,0.37183332,0.0,0.0,0.0,342.79
4,15,3,0,,,,0.9131167,0.0,0.0,0.0,121.34
4,16,3,0,,,,0.97221667,0.0,0.0,0.0,49.77
4,17,3,0,,,,0.68978333,0.0,0.0,0.0,238.44
4,18,3,0,,,,0.2871167,0.0,0.0,0.0,124.69
4,19,3,0,,,,0.43376666,0.0,0.0,0.0,17.71
4,20,3,0,,,,1.3081334,0.0,0.0,0.0,0.0
4,21,3,0,,,,0.9968167,0.0,0.0,0.0,0.0
4,22,3,0,,,,0.7367167,0.0,0.0,0.0,0.0
4,23,3,0,,,,0.5962833,0.0,0.0,0.0,0.0
4,24,3,0,,,,0.5912833,0.0,0.0,0.0,0.0
4,1,4,0,,,,0.60288334,0.0,0.0,0.0,0.0
4,2,4,0,,,,0.5740833,0.0,0.0,0.0,0.0
4,3,4,0,,,,0.55231667,0.0,0.0,0.0,0.0
4,4,4,0,,,,0.9809,0.0,0.0,0.0,0.0
4,5,4,0,,,,1.1888334,0.0,0.0,0.0,0.0
4,6,4,0,,,,0.8014333,0.0,0.0,0.0,0.0
4,7,4,0,,,,0.98338336,0.0,0.0,0.0,55.57
4,8,4,0,,,,1.9222,0.0,0.0,0.0,243.04
4,9,4,0,,,,2.7855,0.0,0.0,0.0,457.12
4,10,4,0,,,,2.0419,0.0,0.0,0.0,627.13
4,11,4,0,,,,0.8465833,0.0,0.0,0.0,714.44
4,12,4,0,,,,0.78138334,0.0,0.0,0.0,798.42
4,13,4,0,,,,0.48356667,0.0,0.0,0.0,634.57
4,14,4,0,,,,1.2195,0.0,0.0,0.0,710.63
4,15,4,0,,,,0.95451665,0.0,0.0,0.0,609.81
4,16,4,0,,,,0.59865,0.0,0.0,0.0,545.51
4,17,4,0,,,,0.25865,0.0,0.0,0.0,357.88
4,18,4,0,,,,0.28396666,0.0,0.0,0.0,136.42
4,19,4,0,,,,2.2053666,0.0,0.0,0.0,16.85
4,20,4,0,,,,0.7436,0.0,0.0,0.0,0.0
4,21,4,0,,,,2.8021,0.0,0.0,0.0,0.0
4,22,4,0,,,,2.4356334,0.0,0.0,0.0,0.0
4,23,4,0,,,,1.24575,0.0,0.0,0.0,0.0
4,24,4,0,,,,1.0439667,0.0,0.0,0.0,0.0
4,1,5,0,,,,0.58793336,0.0,0.0,0.0,0.0
4,2,5,0,,,,0.5984667,0.0,0.0,0.0,0.0
4,3,5,0,,,,0.58225,0.0,0.0,0.0,0.0
4,4,5,0,,,,0.57456666,0.0,0.0,0.0,0.0
4,5,5,0,,,,0.5689833,0.0,0.0,0.0,0.0
4,6,5,0,,,,0.66393334,0.0,0.0,0.0,0.0
4,7,5,0,,,,0.77095,0.0,0.0,0.0,53.8
4,8,5,0,,,,1.9583,0.0,0.0,0.0,222.57
4,9,5,0,,,,2.07685,0.0,0.0,0.0,431.21
4,10,5,0,,,,2.6865666,0.0,0.0,0.0,585.89
4,11,5,0,,,,0.42246667,0.0,0.0,0.0,617.86
4,12,5,0,,,,0.48776665,0.0,0.0,0.0,702.76
4,13,5,0,,,,2.0438166,0.0,0.0,0.0,796.32
4,14,5,0,,,,0.9630333,0.0,0.0,0.0,741.77
4,15,5,0,,,,0.5057167,0.0,0.0,0.0,585.19
4,16,5,0,,,,0.38158336,0.0,0.0,0.0,533.3
4,17,5,0,,,,1.3989834,0.0,0.0,0.0,212.51
4,18,5,0,,,,1.7799166,0.0,0.0,0.0,145.5
4,19,5,0,,,,2.9604833,0.0,0.0,0.0,16.2
4,20,5,0,,,,0.63386667,0.0,0.0,0.0,0.0
4,21,5,0,,,,0.5854,0.0,0.0,0.0,0.0
4,22,5,0,,,,0.5790333,0.0,0.0,0.0,0.0
4,23,5,0,,,,0.6063333,0.0,0.0,0.0,0.0
4,24,5,0,,,,0.52659166,0.0,0.0,0.0,0.0
4,1,6,0,,,,0.63515,0.0,0.0,0.0,0.0
4,2,6,0,,,,0.4867,0.0,0.0,0.0,0.0
4,3,6,0,,,,0.62041664,0.0,0.0,0.0,0.0
4,4,6,0,,,,0.5125,0.0,0.0,0.0,0.0
4,5,6,0,,,,1.8349,0.0,0.0,0.0,0.0
4,6,6,0,,,,1.2086834,0.0,0.0,0.0,0.0
4,7,6,0,,,,0.9845,0.0,0.0,0.0,61.9
4,8,6,0,,,,2.0951834,0.0,0.0,0.0,265.71
4,9,6,0,,,,2.4231,0.0,0.0,0.0,473.47
4,10,6,0,,,,2.1473835,0.0,0.0,0.0,640.4
4,11,6,0,,,,0.4785,0.0,0.0,0.0,757.94
4,12,6,0,,,,0.3778,0.0,0.0,0.0,551.44
4,13,6,0,,,,0.37445,0.0,0.0,0.0,576.68
4,14,6,0,,,,0.6408333,0.0,0.0,0.0,398.5
4,15,6,0,,,,2.2316833,0.0,0.0,0.0,618.83
4,16,6,0,,,,2.4091666,0.0,0.0,0.0,366.37
4,17,6,0,,,,2.6897166,0.0,0.0,0.0,280.53
4,18,6,0,,,,1.0691,0.0,0.0,0.0,122.53
4,19,6,0,,,,1.2991166,0.0,0.0,0.0,16.11
4,20,6,0,,,,1.2577,0.0,0.0,0.0,0.0
4,21,6,0,,,,0.5669,0.0,0.0,0.0,0.0
4,22,6,0,,,,0.6706,0.0,0.0,0.0,0.0
4,23,6,0,,,,0.73906666,0.0,0.0,0.0,0.0
4,24,6,0,,,,2.7458832,0.0,0.0,0.0,0.0
4,1,7,0,,,,0.6127833,0.0,0.0,0.0,0.0
4,2,7,0,,,,0.64246666,0.0,0.0,0.0,0.0
4,3,7,0,,,,0.54226667,0.0,0.0,0.0,0.0
4,4,7,0,,,,0.6174833,0.0,0.0,0.0,0.0
4,5,7,0,,,,0.64685,0.0,0.0,0.0,0.0
4,6,7,0,,,,0.50505,0.0,0.0,0.0,0.0
4,7,7,0,,,,0.507,0.0,0.0,0.0,55.58
4,8,7,0,,,,0.82348335,0.0,0.0,0.0,217.76
4,9,7,0,,,,0.52853334,0.0,0.0,0.0,394.77
4,10,7,0,,,,1.1380666,0.0,0.0,0.0,571.66
4,11,7,0,,,,2.0505,0.0,0.0,0.0,689.41
4,12,7,0,,,,2.55755,0.0,0.0,0.0,723.52
4,13,7,0,,,,2.7375834,0.0,0.0,0.0,775.8
4,14,7,0,,,,1.0930166,0.0,0.0,0.0,617.37
4,15,7,0,,,,1.3200834,0.0,0.0,0.0,394.0
4,16,7,0,,,,1.11395,0.0,0.0,0.0,534.12
4,17,7,0,,,,1.18705,0.0,0.0,0.0,365.19
4,18,7,0,,,,0.69456667,0.0,0.0,0.0,149.93
4,19,7,0,,,,0.497,0.0,0.0,0.0,20.35
4,20,7,0,,,,1.3766333,0.0,0.0,0.0,0.0
4,21,7,0,,,,0.08001676,0.0,0.0,0.0,0.0
4,22,7,0,,,,0.09855009,0.0,0.0,0.0,0.0
4,23,7,0,,,,0.74093336,0.0,0.0,0.0,0.0
4,24,7,0,,,,0.70851666,0.0,0.0,0.0,0.0
4,1,1,0,,,,0.67108333,0.0,0.0,0.0,0.0
4,2,1,0,,,,0.7151,0.0,0.0,0.0,0.0
4,3,1,0,,,,2.8341,0.0,0.0,0.0,0.0
4,4,1,0,,,,2.8056667,0.0,0.0,0.0,0.0
4,5,1,0,,,,1.0066333,0.0,0.0,0.0,0.0
4,6,1,0,,,,1.3622667,0.0,0.0,0.0,0.0
4,7,1,0,,,,0.5546,0.0,0.0,0.0,62.34
4,8,1,0,,,,0.37428334,0.0,0.0,0.0,243.11
4,9,1,0,,,,0.39283332,0.0,0.0,0.0,438.35
4,10,1,0,,,,0.39496666,0.0,0.0,0.0,600.14
4,11,1,0,,,,0.37921667,0.0,0.0,0.0,720.51
4,12,1,0,,,,0.38208333,0.0,0.0,0.0,799.21
4,13,1,0,,,,0.41315,0.0,0.0,0.0,818.9
4,14,1,0,,,,0.3615,0.0,0.0,0.0,786.78
4,15,1,0,,,,0.38383332,0.0,0.0,0.0,709.55
4,16,1,0,,,,0.42138332,0.0,0.0,0.0,565.65
4,17,1,0,,,,2.5516083,0.0,0.0,0.0,372.96
4,18,1,0,,,,3.5063334,0.0,0.0,0.0,152.64
4,19,1,0,,,,1.26795,0.0,0.0,0.0,23.39
4,20,1,0,,,,3.7050667,0.0,0.0,0.0,0.0
4,21,1,0,,,,1.0642166,0.0,0.0,0.0,0.0
4,22,1,0,,,,0.8919,0.0,0.0,0.0,0.0
4,23,1,0,,,,0.6410667,0.0,0.0,0.0,0.0
4,24,1,0,,,,0.613425,0.0,0.0,0.0,0.0
4,1,2,0,,,,0.52178335,0.0,0.0,0.0,0.0
4,2,2,0,,,,0.65653336,0.0,0.0,0.0,0.0
4,3,2,0,,,,0.60351664,0.0,0.0,0.0,0.0
4,4,2,0,,,,0.8186,0.0,0.0,0.0,0.0
4,5,2,0,,,,1.1688833,0.0,0.0,0.0,0.0
4,6,2,0,,,,0.50338334,0.0,0.0,0.0,0.0
4,7,2,0,,,,0.38328335,0.0,0.0,0.0,66.63
4,8,2,0,,,,0.28615,0.0,0.0,0.0,251.56
4,9,2,0,,,,0.36505,0.0,0.0,0.0,440.94
4,10,2,0,,,,0.42373332,0.0,0.0,0.0,607.11
4,11,2,0,,,,0.30048335,0.0,0.0,0.0,707.9
4,12,2,0,,,,0.35233334,0.0,0.0,0.0,788.7
4,13,2,0,,,,0.93655,0.0,0.0,0.0,805.69
4,14,2,0,,,,0.8746,0.0,0.0,0.0,684.04
4,15,2,0,,,,0.35415,0.0,0.0,0.0,702.37
4,16,2,0,,,,0.5428333,0.0,0.0,0.0,549.05
4,17,2,0,,,,0.91055,0.0,0.0,0.0,364.97
4,18,2,0,,,,1.3902167,0.0,0.0,0.0,137.51
4,19,2,0,,,,1.4104333,0.0,0.0,0.0,24.18
4,20,2,0,,,,1.1834834,0.0,0.0,0.0,0.0
4,21,2,0,,,,0.8634,0.0,0.0,0.0,0.0
4,22,2,0,,,,1.3694667,0.0,0.0,0.0,0.0
4,23,2,0,,,,1.9566166,0.0,0.0,0.0,0.0
4,24,2,0,,,,1.9603417,0.0,0.0,0.0,0.0
4,1,3,0,,,,0.6733,0.0,0.0,0.0,0.0
4,2,3,0,,,,0.6539,0.0,0.0,0.0,0.0
4,3,3,0,,,,0.64415,0.0,0.0,0.0,0.0
4,4,3,0,,,,0.6868,0.0,0.0,0.0,0.0
4,5,3,0,,,,0.8886667,0.0,0.0,0.0,0.0
4,6,3,0,,,,0.6695667,0.0,0.0,0.0,0.0
4,7,3,0,,,,0.32876667,0.0,0.0,0.0,68.45
4,8,3,0,,,,0.37796667,0.0,0.0,0.0,265.24
4,9,3,0,,,,0.36281666,0.0,0.0,0.0,464.2
4,10,3,0,,,,0.41965,0.0,0.0,0.0,624.23
4,11,3,0,,,,1.34625,0.0,0.0,0.0,747.24
4,12,3,0,,,,1.6906,0.0,0.0,0.0,816.68
4,13,3,0,,,,1.8447833,0.0,0.0,0.0,830.87
4,14,3,0,,,,0.5820583,0.0,0.0,0.0,792.12
4,15,3,0,,,,0.77203333,0.0,0.0,0.0,707.49
4,16,3,0,,,,0.37155,0.0,0.0,0.0,560.37
4,17,3,0,,,,0.32121667,0.0,0.0,0.0,367.48
4,18,3,0,,,,0.6156167,0.0,0.0,0.0,151.51
4,19,3,0,,,,1.5125,0.0,0.0,0.0,15.77
4,20,3,0,,,,3.6989334,0.0,0.0,0.0,0.0
4,21,3,0,,,,0.5093667,0.0,0.0,0.0,0.0
4,22,3,0,,,,0.41301668,0.0,0.0,0.0,0.0
4,23,3,0,,,,0.4153,0.0,0.0,0.0,0.0
4,24,3,0,,,,0.3966,0.0,0.0,0.0,0.0
4,1,4,0,,,,0.40391666,0.0,0.0,0.0,0.0
4,2,4,0,,,,0.46245,0.0,0.0,0.0,0.0
4,3,4,0,,,,0.329825,0.0,0.0,0.0,0.0
4,4,4,0,,,,0.7069833,0.0,0.0,0.0,0.0
4,5,4,0,,,,0.86836666,0.0,0.0,0.0,0.0
4,6,4,0,,,,0.49723333,0.0,0.0,0.0,0.18
4,7,4,0,,,,0.39658332,0.0,0.0,0.0,68.85
4,8,4,0,,,,0.3853,0.0,0.0,0.0,187.68
4,9,4,0,,,,0.36083335,0.0,0.0,0.0,391.85
4,10,4,0,,,,1.1216333,0.0,0.0,0.0,191.3
4,11,4,0,,,,1.72435,0.0,0.0,0.0,533.97
4,12,4,0,,,,1.7443666,0.0,0.0,0.0,770.5
4,13,4,0,,,,1.7614334,0.0,0.0,0.0,750.9
4,14,4,0,,,,0.44815,0.0,0.0,0.0,771.53
4,15,4,0,,,,0.33713335,0.0,0.0,0.0,685.49
4,16,4,0,,,,0.5054333,0.0,0.0,0.0,546.97
4,17,4,0,,,,0.7916833,0.0,0.0,0.0,358.43
4,18,4,0,,,,0.94021666,0.0,0.0,0.0,147.95
4,19,4,0,,,,1.5316833,0.0,0.0,0.0,16.6
4,20,4,0,,,,1.64495,0.0,0.0,0.0,0.0
4,21,4,0,,,,0.54303336,0.0,0.0,0.0,0.0
4,22,4,0,,,,0.39946666,0.0,0.0,0.0,0.0
4,23,4,0,,,,0.29223335,0.0,0.0,0.0,0.0
4,24,4,0,,,,0.41335002,0.0,0.0,0.0,0.0
4,1,5,0,,,,0.37688333,0.0,0.0,0.0,0.0
4,2,5,0,,,,0.39691666,0.0,0.0,0.0,0.0
4,3,5,0,,,,0.29948333,0.0,0.0,0.0,0.0
4,4,5,0,,,,0.32726666,0.0,0.0,0.0,0.0
4,5,5,0,,,,0.7189,0.0,0.0,0.0,0.0
4,6,5,0,,,,1.2581167,0.0,0.0,0.0,0.0
4,7,5,0,,,,0.76086664,0.0,0.0,0.0,31.86
4,8,5,0,,,,0.46701667,0.0,0.0,0.0,224.33
4,9,5,0,,,,1.1347834,0.0,0.0,0.0,418.9
4,10,5,0,,,,2.3669167,0.0,0.0,0.0,378.3
4,11,5,0,,,,2.7212334,0.0,0.0,0.0,168.64
4,12,5,0,,,,2.01905,0.0,0.0,0.0,162.0
4,13,5,0,,,,0.42013332,0.0,0.0,0.0,79.62
4,14,5,0,,,,0.43843332,0.0,0.0,0.0,50.36
4,15,5,0,,,,0.52753335,0.0,0.0,0.0,48.82
4,16,5,0,,,,0.94318336,0.0,0.0,0.0,309.75
4,17,5,0,,,,1.7184334,0.0,0.0,0.0,231.84
4,18,5,0,,,,1.3761333,0.0,0.0,0.0,144.89
4,19,5,0,,,,1.5240333,0.0,0.0,0.0,8.25
4,20,5,0,,,,3.9301667,0.0,0.0,0.0,0.0
4,21,5,0,,,,0.4980667,0.0,0.0,0.0,0.0
4,22,5,0,,,,1.0667334,0.0,0.0,0.0,0.0
4,23,5,0,,,,0.65646666,0.0,0.0,0.0,0.0
4,24,5,0,,,,0.5786,0.0,0.0,0.0,0.0
4,1,6,0,,,,0.62743336,0.0,0.0,0.0,0.0
4,2,6,0,,,,0.59358335,0.0,0.0,0.0,0.0
4,3,6,0,,,,0.601,0.0,0.0,0.0,0.0
4,4,6,0,,,,0.56706667,0.0,0.0,0.0,0.0
4,5,6,0,,,,0.79395,0.0,0.0,0.0,0.0
4,6,6,0,,,,0.8602333,0.0,0.0,0.0,0.0
4,7,6,0,,,,0.44495,0.0,0.0,0.0,7.94
4,8,6,0,,,,0.6967667,0.0,0.0,0.0,148.13
4,9,6,0,,,,0.6145833,0.0,0.0,0.0,89.55
4,10,6,0,,,,2.3985167,0.0,0.0,0.0,130.51
4,11,6,0,,,,2.8189166,0.0,0.0,0.0,138.49
4,12,6,0,,,,1.98915,0.0,0.0,0.0,97.82
4,13,6,0,,,,0.39703333,0.0,0.0,0.0,74.84
4,14,6,0,,,,0.5165167,0.0,0.0,0.0,64.71
4,15,6,0,,,,1.2033,0.0,0.0,0.0,48.41
4,16,6,0,,,,0.8487167,0.0,0.0,0.0,80.36
4,17,6,0,,,,0.50151664,0.0,0.0,0.0,87.48
4,18,6,0,,,,0.5409333,0.0,0.0,0.0,38.57
4,19,6,0,,,,0.5573,0.0,0.0,0.0,1.09
4,20,6,0,,,,0.31393334,0.0,0.0,0.0,0.0
4,21,6,0,,,,0.21891667,0.0,0.0,0.0,0.0
4,22,6,0,,,,0.47806665,0.0,0.0,0.0,0.0
4,23,6,0,,,,0.35116667,0.0,0.0,0.0,0.0
4,24,6,0,,,,0.468975,0.0,0.0,0.0,0.0
4,1,7,0,,,,0.64163333,0.0,0.0,0.0,0.0
4,2,7,0,,,,0.61155,0.0,0.0,0.0,0.0
4,3,7,0,,,,0.6728333,0.0,0.0,0.0,0.0
4,4,7,0,,,,0.57993335,0.0,0.0,0.0,0.0
4,5,7,0,,,,0.7136833,0.0,0.0,0.0,0.0
4,6,7,0,,,,0.83231664,0.0,0.0,0.0,0.0
4,7,7,0,,,,1.4083166,0.0,0.0,0.0,4.68
4,8,7,0,,,,1.6474667,0.0,0.0,0.0,15.41
4,9,7,0,,,,2.0078166,0.0,0.0,0.0,67.06
4,10,7,0,,,,2.4183667,0.0,0.0,0.0,72.46
4,11,7,0,,,,2.5145166,0.0,0.0,0.0,129.81
4,12,7,0,,,,2.2560334,0.0,0.0,0.0,162.93
4,13,7,0,,,,0.49735,0.0,0.0,0.0,121.98
4,14,7,0,,,,0.69766665,0.0,0.0,0.0,82.2
4,15,7,0,,,,0.78963333,0.0,0.0,0.0,84.43
4,16,7,0,,,,1.0056334,0.0,0.0,0.0,72.46
4,17,7,0,,,,1.8688333,0.0,0.0,0.0,63.01
4,18,7,0,,,,1.5808667,0.0,0.0,0.0,63.61
4,19,7,0,,,,1.2751833,0.0,0.0,0.0,22.62
4,20,7,0,,,,0.52391666,0.0,0.0,0.0,0.0
4,21,7,0,,,,3.0926666,0.0,0.0,0.0,0.0
4,22,7,0,,,,0.42361668,0.0,0.0,0.0,0.0
4,23,7,0,,,,0.68345,0.0,0.0,0.0,0.0
4,24,7,0,,,,0.61865,0.0,0.0,0.0,0.0
5,1,1,0,,,,0.70891666,0.0,0.0,0.0,0.0
5,2,1,0,,,,1.1921667,0.0,0.0,0.0,0.0
5,3,1,0,,,,2.9970167,0.0,0.0,0.0,0.0
5,4,1,0,,,,1.5541167,0.0,0.0,0.0,0.0
5,5,1,0,,,,0.8242667,0.0,0.0,0.0,0.0
5,6,1,0,,,,0.52746665,0.0,0.0,0.0,0.0
5,7,1,0,,,,0.5492333,0.0,0.0,0.0,5.26
5,8,1,0,,,,0.4766,0.0,0.0,0.0,14.79
5,9,1,0,,,,0.5283667,0.0,0.0,0.0,29.15
5,10,1,0,,,,2.1284833,0.0,0.0,0.0,55.34
5,11,1,0,,,,2.5969667,0.0,0.0,0.0,90.68
5,12,1,0,,,,2.5820668,0.0,0.0,0.0,106.93
5,13,1,0,,,,0.48473334,0.0,0.0,0.0,50.13
5,14,1,0,,,,0.47053334,0.0,0.0,0.0,68.85
5,15,1,0,,,,0.66763335,0.0,0.0,0.0,63.79
5,16,1,0,,,,0.5389,0.0,0.0,0.0,54.97
5,17,1,0,,,,0.5179,0.0,0.0,0.0,50.15
5,18,1,0,,,,2.5541167,0.0,0.0,0.0,29.04
5,19,1,0,,,,2.3555334,0.0,0.0,0.0,23.81
5,20,1,0,,,,0.65465,0.0,0.0,0.0,0.0
5,21,1,0,,,,0.46981665,0.0,0.0,0.0,0.0
5,22,1,0,,,,2.05765,0.0,0.0,0.0,0.0
5,23,1,0,,,,1.5644166,0.0,0.0,0.0,0.0
5,24,1,0,,,,1.1917334,0.0,0.0,0.0,0.0
5,1,2,0,,,,0.6533333,0.0,0.0,0.0,0.0
5,2,2,0,,,,0.5577,0.0,0.0,0.0,0.0
5,3,2,0,,,,0.59716666,0.0,0.0,0.0,0.0
5,4,2,0,,,,0.69173336,0.0,0.0,0.0,0.0
5,5,2,0,,,,0.703625,0.0,0.0,0.0,0.0
5,6,2,0,,,,0.7847667,0.0,0.0,0.0,0.0
5,7,2,0,,,,0.3771,0.0,0.0,0.0,8.81
5,8,2,0,,,,0.42663333,0.0,0.0,0.0,23.8
5,9,2,0,,,,0.37956667,0.0,0.0,0.0,69.33
5,10,2,0,,,,1.98385,0.0,0.0,0.0,347.18
5,11,2,0,,,,2.064,0.0,0.0,0.0,208.88
5,12,2,0,,,,2.5594,0.0,0.0,0.0,678.8
5,13,2,0,,,,0.75088334,0.0,0.0,0.0,858.65
5,14,2,0,,,,0.35225,0.0,0.0,0.0,807.12
5,15,2,0,,,,0.35113335,0.0,0.0,0.0,669.32
5,16,2,0,,,,2.4251666,0.0,0.0,0.0,403.2
5,17,2,0,,,,4.1534,0.0,0.0,0.0,231.07
5,18,2,0,,,,4.616317,0.0,0.0,0.0,155.38
5,19,2,0,,,,7.9874835,0.0,0.0,0.0,31.72
5,20,2,0,,,,1.1342001,0.0,0.0,0.0,0.0
5,21,2,0,,,,0.6089333,0.0,0.0,0.0,0.0
5,22,2,0,,,,0.47466666,0.0,0.0,0.0,0.0
5,23,2,0,,,,0.50655,0.0,0.0,0.0,0.0
5,24,2,0,,,,1.397375,0.0,0.0,0.0,0.0
5,1,3,0,,,,2.2684,0.0,0.0,0.0,0.0
5,2,3,0,,,,3.0588167,0.0,0.0,0.0,0.0
5,3,3,0,,,,1.32985,0.0,0.0,0.0,0.0
5,4,3,0,,,,1.35495,0.0,0.0,0.0,0.0
5,5,3,0,,,,0.99126667,0.0,0.0,0.0,0.0
5,6,3,0,,,,0.6964667,0.0,0.0,0.0,1.32
5,7,3,0,,,,0.47171667,0.0,0.0,0.0,77.38
5,8,3,0,,,,0.66265,0.0,0.0,0.0,273.11
5,9,3,0,,,,0.75706667,0.0,0.0,0.0,487.09
5,10,3,0,,,,1.88425,0.0,0.0,0.0,638.27
5,11,3,0,,,,2.4053833,0.0,0.0,0.0,753.5
5,12,3,0,,,,2.4809167,0.0,0.0,0.0,773.6
5,13,3,0,,,,0.46083334,0.0,0.0,0.0,357.39
5,14,3,0,,,,0.37891668,0.0,0.0,0.0,95.51
5,15,3,0,,,,1.3230166,0.0,0.0,0.0,700.64
5,16,3,0,,,,1.29415,0.0,0.0,0.0,474.4
5,17,3,0,,,,1.5407333,0.0,0.0,0.0,236.6
5,18,3,0,,,,1.5409334,0.0,0.0,0.0,17.72
5,19,3,0,,,,1.16115,0.0,0.0,0.0,29.71
5,20,3,0,,,,0.46236667,0.0,0.0,0.0,0.0
5,21,3,0,,,,0.46350002,0.0,0.0,0.0,0.0
5,22,3,0,,,,0.30606666,0.0,0.0,0.0,0.0
5,23,3,0,,,,0.30925,0.0,0.0,0.0,0.0
5,24,3,0,,,,0.62406665,0.0,0.0,0.0,0.0
5,1,4,0,,,,0.5072333,0.0,0.0,0.0,0.0
5,2,4,0,,,,0.52166665,0.0,0.0,0.0,0.0
5,3,4,0,,,,0.47503334,0.0,0.0,0.0,0.0
5,4,4,0,,,,0.5322,0.0,0.0,0.0,0.0
5,5,4,0,,,,0.50005,0.0,0.0,0.0,0.0
5,6,4,0,,,,0.70428336,0.0,0.0,0.0,0.0
5,7,4,0,,,,0.57451665,0.0,0.0,0.0,5.72
5,8,4,0,,,,0.6317,0.0,0.0,0.0,189.18
5,9,4,0,,,,0.95485,0.0,0.0,0.0,326.75
5,10,4,0,,,,2.33395,0.0,0.0,0.0,123.92
5,11,4,0,,,,2.3892834,0.0,0.0,0.0,255.0
5,12,4,0,,,,2.6305332,0.0,0.0,0.0,550.54
5,13,4,0,,,,0.6463,0.0,0.0,0.0,123.52
5,14,4,0,,,,0.47701666,0.0,0.0,0.0,257.4
5,15,4,0,,,,0.47708333,0.0,0.0,0.0,455.87
5,16,4,0,,,,0.5577,0.0,0.0,0.0,510.6
5,17,4,0,,,,0.6304333,0.0,0.0,0.0,327.89
5,18,4,0,,,,1.4437667,0.0,0.0,0.0,155.33
5,19,4,0,,,,5.8225665,0.0,0.0,0.0,25.17
5,20,4,0,,,,1.319,0.0,0.0,0.0,0.0
5,21,4,0,,,,0.44263333,0.0,0.0,0.0,0.0
5,22,4,0,,,,0.404,0.0,0.0,0.0,0.0
5,23,4,0,,,,0.46323332,0.0,0.0,0.0,0.0
5,24,4,0,,,,0.483225,0.0,0.0,0.0,0.0
5,1,5,0,,,,0.38605,0.0,0.0,0.0,0.0
5,2,5,0,,,,2.8313167,0.0,0.0,0.0,0.0
5,3,5,0,,,,2.5473332,0.0,0.0,0.0,0.0
5,4,5,0,,,,1.9196666,0.0,0.0,0.0,0.0
5,5,5,0,,,,1.24175,0.0,0.0,0.0,0.0
5,6,5,0,,,,0.78216666,0.0,0.0,0.0,0.0
5,7,5,0,,,,0.44391668,0.0,0.0,0.0,43.32
5,8,5,0,,,,0.43691668,0.0,0.0,0.0,161.28
5,9,5,0,,,,0.37916666,0.0,0.0,0.0,452.88
5,10,5,0,,,,2.0624833,0.0,0.0,0.0,403.67
5,11,5,0,,,,2.2804334,0.0,0.0,0.0,494.86
5,12,5,0,,,,2.3895667,0.0,0.0,0.0,606.92
5,13,5,0,,,,0.55195,0.0,0.0,0.0,774.57
5,14,5,0,,,,0.7353333,0.0,0.0,0.0,519.66
5,15,5,0,,,,0.67361665,0.0,0.0,0.0,355.41
5,16,5,0,,,,0.6903,0.0,0.0,0.0,365.91
5,17,5,0,,,,0.9052333,0.0,0.0,0.0,208.7
5,18,5,0,,,,1.2286834,0.0,0.0,0.0,99.21
5,19,5,0,,,,1.6559,0.0,0.0,0.0,7.69
5,20,5,0,,,,0.6584167,0.0,0.0,0.0,0.0
5,21,5,0,,,,0.5974333,0.0,0.0,0.0,0.0
5,22,5,0,,,,1.1529666,0.0,0.0,0.0,0.0
5,23,5,0,,,,1.1701334,0.0,0.0,0.0,0.0
5,24,5,0,,,,1.0125166,0.0,0.0,0.0,0.0
5,1,6,0,,,,0.76136667,0.0,0.0,0.0,0.0
5,2,6,0,,,,0.78526664,0.0,0.0,0.0,0.0
5,3,6,0,,,,0.7427833,0.0,0.0,0.0,0.0
5,4,6,0,,,,0.75696665,0.0,0.0,0.0,0.0
5,5,6,0,,,,1.1262833,0.0,0.0,0.0,0.0
5,6,6,0,,,,0.7730333,0.0,0.0,0.0,14.89
5,7,6,0,,,,0.508,0.0,0.0,0.0,5.58
5,8,6,0,,,,0.3986,0.0,0.0,0.0,18.87
5,9,6,0,,,,0.406,0.0,0.0,0.0,127.92
5,10,6,0,,,,0.43971667,0.0,0.0,0.0,100.1
5,11,6,0,,,,0.9471167,0.0,0.0,0.0,164.01
5,12,6,0,,,,1.4613,0.0,0.0,0.0,117.81
5,13,6,0,,,,1.1492167,0.0,0.0,0.0,209.18
5,14,6,0,,,,1.5102167,0.0,0.0,0.0,55.07
5,15,6,0,,,,1.3459,0.0,0.0,0.0,43.67
5,16,6,0,,,,0.98048335,0.0,0.0,0.0,60.71
5,17,6,0,,,,1.0764,0.0,0.0,0.0,133.54
5,18,6,0,,,,0.85478336,0.0,0.0,0.0,29.59
5,19,6,0,,,,0.8031167,0.0,0.0,0.0,33.85
5,20,6,0,,,,0.82706666,0.0,0.0,0.0,0.0
5,21,6,0,,,,0.68586665,0.0,0.0,0.0,0.0
5,22,6,0,,,,0.63531667,0.0,0.0,0.0,0.0
5,23,6,0,,,,0.58571666,0.0,0.0,0.0,0.0
5,24,6,0,,,,0.64514166,0.0,0.0,0.0,0.0
5,1,7,0,,,,0.5701,0.0,0.0,0.0,0.0
5,2,7,0,,,,0.6122,0.0,0.0,0.0,0.0
5,3,7,0,,,,0.61635,0.0,0.0,0.0,0.0
5,4,7,0,,,,0.5384222,0.0,0.0,0.0,0.0
5,5,7,0,,,,0.63701665,0.0,0.0,0.0,0.0
5,6,7,0,,,,0.61405,0.0,0.0,0.0,0.0
5,7,7,0,,,,0.55263335,0.0,0.0,0.0,23.14
5,8,7,0,,,,0.86661667,0.0,0.0,0.0,150.5
5,9,7,0,,,,2.5758834,0.0,0.0,0.0,290.96
5,10,7,0,,,,2.15155,0.0,0.0,0.0,300.74
5,11,7,0,,,,2.7266333,0.0,0.0,0.0,183.25
5,12,7,0,,,,1.4032333,0.0,0.0,0.0,264.42
5,13,7,0,,,,2.5422168,0.0,0.0,0.0,487.87
5,14,7,0,,,,4.5896,0.0,0.0,0.0,638.37
5,15,7,0,,,,1.41045,0.0,0.0,0.0,53.98
5,16,7,0,,,,1.3335333,0.0,0.0,0.0,122.5
5,17,7,0,,,,1.2578666,0.0,0.0,0.0,116.59
5,18,7,0,,,,1.9747666,0.0,0.0,0.0,15.96
5,19,7,0,,,,4.0576,0.0,0.0,0.0,37.89
5,20,7,0,,,,2.9959,0.0,0.0,0.0,0.0
5,21,7,0,,,,1.3007,0.0,0.0,0.0,0.0
5,22,7,0,,,,1.2689167,0.0,0.0,0.0,0.0
5,23,7,0,,,,1.3226334,0.0,0.0,0.0,0.0
5,24,7,0,,,,1.1935166,0.0,0.0,0.0,0.0
5,1,1,0,,,,1.23625,0.0,0.0,0.0,0.0
5,2,1,0,,,,1.51,0.0,0.0,0.0,0.0
5,3,1,0,,,,1.2443334,0.0,0.0,0.0,0.0
5,4,1,0,,,,1.5695,0.0,0.0,0.0,0.0
5,5,1,0,,,,1.35465,0.0,0.0,0.0,0.0
5,6,1,0,,,,0.7628667,0.0,0.0,0.0,0.0
5,7,1,0,,,,0.37008333,0.0,0.0,0.0,6.34
5,8,1,0,,,,0.33916667,0.0,0.0,0.0,78.7
5,9,1,0,,,,0.41421667,0.0,0.0,0.0,67.47
5,10,1,0,,,,2.0132167,0.0,0.0,0.0,95.75
5,11,1,0,,,,2.6058333,0.0,0.0,0.0,135.55
5,12,1,0,,,,2.18435,0.0,0.0,0.0,136.02
5,13,1,0,,,,0.39473334,0.0,0.0,0.0,90.22
5,14,1,0,,,,0.31665,0.0,0.0,0.0,104.55
5,15,1,0,,,,0.43976668,0.0,0.0,0.0,79.64
5,16,1,0,,,,0.31865,0.0,0.0,0.0,61.39
5,17,1,0,,,,0.46506667,0.0,0.0,0.0,40.53
5,18,1,0,,,,1.1567333,0.0,0.0,0.0,37.53
5,19,1,0,,,,2.8062832,0.0,0.0,0.0,22.83
5,20,1,0,,,,1.0571667,0.0,0.0,0.0,0.0
5,21,1,0,,,,0.38584444,0.0,0.0,0.0,0.0
5,22,1,0,,,,0.37318334,0.0,0.0,0.0,0.0
5,23,1,0,,,,0.31028333,0.0,0.0,0.0,0.0
5,24,1,0,,,,0.37168333,0.0,0.0,0.0,0.0
5,1,2,0,,,,0.32748333,0.0,0.0,0.0,0.0
5,2,2,0,,,,0.3555,0.0,0.0,0.0,0.0
5,3,2,0,,,,0.25516668,0.0,0.0,0.0,0.0
5,4,2,0,,,,0.19750002,0.0,0.0,0.0,0.0
5,5,2,0,,,,0.8944833,0.0,0.0,0.0,0.0
5,6,2,0,,,,0.6421667,0.0,0.0,0.0,0.0
5,7,2,0,,,,0.37676665,0.0,0.0,0.0,6.36
5,8,2,0,,,,0.37016666,0.0,0.0,0.0,17.99
5,9,2,0,,,,0.43696666,0.0,0.0,0.0,67.68
5,10,2,0,,,,0.7235,0.0,0.0,0.0,107.36
5,11,2,0,,,,2.4455667,0.0,0.0,0.0,163.04
5,12,2,0,,,,2.71145,0.0,0.0,0.0,143.55
5,13,2,0,,,,1.2073166,0.0,0.0,0.0,103.37
5,14,2,0,,,,0.4723,0.0,0.0,0.0,107.82
5,15,2,0,,,,0.90085,0.0,0.0,0.0,77.62
5,16,2,0,,,,0.75056666,0.0,0.0,0.0,72.12
5,17,2,0,,,,0.93978333,0.0,0.0,0.0,41.35
5,18,2,0,,,,1.6960666,0.0,0.0,0.0,36.87
5,19,2,0,,,,3.0375834,0.0,0.0,0.0,27.35
5,20,2,0,,,,0.28078333,0.0,0.0,0.0,0.0
5,21,2,0,,,,0.40198332,0.0,0.0,0.0,0.0
5,22,2,0,,,,0.42761666,0.0,0.0,0.0,0.0
5,23,2,0,,,,0.35776666,0.0,0.0,0.0,0.0
5,24,2,0,,,,0.65746665,0.0,0.0,0.0,0.0
5,1,3,0,,,,0.48658332,0.0,0.0,0.0,0.0
5,2,3,0,,,,0.24468334,0.0,0.0,0.0,0.0
5,3,3,0,,,,0.31898335,0.0,0.0,0.0,0.0
5,4,3,0,,,,0.3933,0.0,0.0,0.0,0.0
5,5,3,0,,,,0.30706668,0.0,0.0,0.0,0.0
5,6,3,0,,,,0.45863333,0.0,0.0,0.0,0.0
5,7,3,0,,,,0.3913,0.0,0.0,0.0,93.02
5,8,3,0,,,,0.4351,0.0,0.0,0.0,283.84
5,9,3,0,,,,0.67191666,0.0,0.0,0.0,483.32
5,10,3,0,,,,1.0310667,0.0,0.0,0.0,642.27
5,11,3,0,,,,0.94806665,0.0,0.0,0.0,694.36
5,12,3,0,,,,0.8074333,0.0,0.0,0.0,299.5
5,13,3,0,,,,0.36121666,0.0,0.0,0.0,342.95
5,14,3,0,,,,0.40291667,0.0,0.0,0.0,343.73
5,15,3,0,,,,2.2492166,0.0,0.0,0.0,137.66
5,16,3,0,,,,1.0014666,0.0,0.0,0.0,185.44
5,17,3,0,,,,0.79815,0.0,0.0,0.0,133.9
5,18,3,0,,,,0.5463,0.0,0.0,0.0,47.73
5,19,3,0,,,,0.50563335,0.0,0.0,0.0,24.34
5,20,3,0,,,,0.64133334,0.0,0.0,0.0,0.0
5,21,3,0,,,,0.58071667,0.0,0.0,0.0,0.0
5,22,3,0,,,,0.6543,0.0,0.0,0.0,0.0
5,23,3,0,,,,0.5944833,0.0,0.0,0.0,0.0
5,24,3,0,,,,0.57306665,0.0,0.0,0.0,0.0
5,1,4,0,,,,0.65966666,0.0,0.0,0.0,0.0
5,2,4,0,,,,0.55971664,0.0,0.0,0.0,0.0
5,3,4,0,,,,0.6239833,0.0,0.0,0.0,0.0
5,4,4,0,,,,0.77205,0.0,0.0,0.0,0.0
5,5,4,0,,,,0.69051665,0.0,0.0,0.0,0.0
5,6,4,0,,,,0.55876666,0.0,0.0,0.0,1.74
5,7,4,0,,,,0.38706666,0.0,0.0,0.0,43.5
5,8,4,0,,,,0.35973334,0.0,0.0,0.0,240.11
5,9,4,0,,,,0.36893332,0.0,0.0,0.0,469.37
5,10,4,0,,,,2.01735,0.0,0.0,0.0,612.91
5,11,4,0,,,,2.78265,0.0,0.0,0.0,541.82
5,12,4,0,,,,2.6180665,0.0,0.0,0.0,389.34
5,13,4,0,,,,0.77391666,0.0,0.0,0.0,275.55
5,14,4,0,,,,0.32875,0.0,0.0,0.0,74.33
5,15,4,0,,,,0.43503332,0.0,0.0,0.0,565.39
5,16,4,0,,,,0.53455,0.0,0.0,0.0,429.88
5,17,4,0,,,,2.07415,0.0,0.0,0.0,295.44
5,18,4,0,,,,1.59955,0.0,0.0,0.0,152.96
5,19,4,0,,,,2.20845,0.0,0.0,0.0,42.25
5,20,4,0,,,,0.9228,0.0,0.0,0.0,0.0
5,21,4,0,,,,0.6267833,0.0,0.0,0.0,0.0
5,22,4,0,,,,0.44348332,0.0,0.0,0.0,0.0
5,23,4,0,,,,0.39368334,0.0,0.0,0.0,0.0
5,24,4,0,,,,0.43675834,0.0,0.0,0.0,0.0
5,1,5,0,,,,0.41825,0.0,0.0,0.0,0.0
5,2,5,0,,,,0.37021667,0.0,0.0,0.0,0.0
5,3,5,0,,,,0.39146668,0.0,0.0,0.0,0.0
5,4,5,0,,,,1.2345,0.0,0.0,0.0,0.0
5,5,5,0,,,,1.1665334,0.0,0.0,0.0,0.0
5,6,5,0,,,,0.81285,0.0,0.0,0.0,3.62
5,7,5,0,,,,0.5337667,0.0,0.0,0.0,87.53
5,8,5,0,,,,0.36445,0.0,0.0,0.0,212.9
5,9,5,0,,,,0.38328335,0.0,0.0,0.0,472.59
5,10,5,0,,,,2.0100667,0.0,0.0,0.0,617.94
5,11,5,0,,,,2.5688167,0.0,0.0,0.0,676.39
5,12,5,0,,,,2.1324666,0.0,0.0,0.0,495.09
5,13,5,0,,,,0.39006665,0.0,0.0,0.0,392.98
5,14,5,0,,,,0.40133333,0.0,0.0,0.0,539.92
5,15,5,0,,,,0.37263334,0.0,0.0,0.0,544.25
5,16,5,0,,,,0.8138,0.0,0.0,0.0,295.79
5,17,5,0,,,,1.6038834,0.0,0.0,0.0,344.78
5,18,5,0,,,,0.9837833,0.0,0.0,0.0,165.75
5,19,5,0,,,,0.703,0.0,0.0,0.0,36.73
5,20,5,0,,,,2.5451667,0.0,0.0,0.0,0.0
5,21,5,0,,,,1.0438334,0.0,0.0,0.0,0.0
5,22,5,0,,,,3.0855167,0.0,0.0,0.0,0.0
5,23,5,0,,,,0.71741664,0.0,0.0,0.0,0.0
5,24,5,0,,,,1.0692333,0.0,0.0,0.0,0.0
5,1,6,0,,,,0.55035,0.0,0.0,0.0,0.0
5,2,6,0,,,,0.6073167,0.0,0.0,0.0,0.0
5,3,6,0,,,,0.61225,0.0,0.0,0.0,0.0
5,4,6,0,,,,0.6885167,0.0,0.0,0.0,0.0
5,5,6,0,,,,0.8968167,0.0,0.0,0.0,0.0
5,6,6,0,,,,0.8874,0.0,0.0,0.0,0.18
5,7,6,0,,,,0.44606668,0.0,0.0,0.0,92.28
5,8,6,0,,,,0.36455,0.0,0.0,0.0,264.42
5,9,6,0,,,,0.5203,0.0,0.0,0.0,416.17
5,10,6,0,,,,2.2979834,0.0,0.0,0.0,564.61
5,11,6,0,,,,2.6696167,0.0,0.0,0.0,664.75
5,12,6,0,,,,2.1507833,0.0,0.0,0.0,471.08
5,13,6,0,,,,0.5808667,0.0,0.0,0.0,652.31
5,14,6,0,,,,0.8196833,0.0,0.0,0.0,323.02
5,15,6,0,,,,0.66205,0.0,0.0,0.0,485.83
5,16,6,0,,,,0.43345,0.0,0.0,0.0,329.28
5,17,6,0,,,,0.76121664,0.0,0.0,0.0,214.66
5,18,6,0,,,,0.88851666,0.0,0.0,0.0,77.38
5,19,6,0,,,,0.6881667,0.0,0.0,0.0,5.39
5,20,6,0,,,,0.33895004,0.0,0.0,0.0,0.0
5,21,6,0,,,,0.59868336,0.0,0.0,0.0,0.0
5,22,6,0,,,,0.46758333,0.0,0.0,0.0,0.0
5,23,6,0,,,,0.33903334,0.0,0.0,0.0,0.0
5,24,6,0,,,,0.46999165,0.0,0.0,0.0,0.0
5,1,7,0,,,,0.3428,0.0,0.0,0.0,0.0
5,2,7,0,,,,0.48643333,0.0,0.0,0.0,0.0
5,3,7,0,,,,0.35716668,0.0,0.0,0.0,0.0
5,4,7,0,,,,0.45291665,0.0,0.0,0.0,0.0
5,5,7,0,,,,0.61621666,0.0,0.0,0.0,0.0
5,6,7,0,,,,0.7087167,0.0,0.0,0.0,0.51
5,7,7,0,,,,1.0682666,0.0,0.0,0.0,7.3
5,8,7,0,,,,0.6874833,0.0,0.0,0.0,37.84
5,9,7,0,,,,0.36576667,0.0,0.0,0.0,162.29
5,10,7,0,,,,2.1144834,0.0,0.0,0.0,401.91
5,11,7,0,,,,2.5531666,0.0,0.0,0.0,556.47
5,12,7,0,,,,1.9727666,0.0,0.0,0.0,790.03
5,13,7,0,,,,0.35228333,0.0,0.0,0.0,704.15
5,14,7,0,,,,0.34165,0.0,0.0,0.0,474.46
5,15,7,0,,,,0.38853332,0.0,0.0,0.0,340.23
5,16,7,0,,,,0.36173335,0.0,0.0,0.0,237.46
5,17,7,0,,,,0.37193334,0.0,0.0,0.0,366.75
5,18,7,0,,,,1.2979167,0.0,0.0,0.0,101.29
5,19,7,0,,,,1.5152833,0.0,0.0,0.0,39.57
5,20,7,0,,,,0.71973336,0.0,0.0,0.0,0.0
5,21,7,0,,,,0.2633,0.0,0.0,0.0,0.0
5,22,7,0,,,,0.33478335,0.0,0.0,0.0,0.0
5,23,7,0,,,,0.30641666,0.0,0.0,0.0,0.0
5,24,7,0,,,,0.30726665,0.0,0.0,0.0,0.0
5,1,1,0,,,,0.30438334,0.0,0.0,0.0,0.0
5,2,1,0,,,,0.2923,0.0,0.0,0.0,0.0
5,3,1,0,,,,0.30178332,0.0,0.0,0.0,0.0
5,4,1,0,,,,0.2326,0.0,0.0,0.0,0.0
5,5,1,0,,,,0.40988332,0.0,0.0,0.0,0.0
5,6,1,0,,,,0.7002667,0.0,0.0,0.0,0.17
5,7,1,0,,,,0.36303332,0.0,0.0,0.0,60.97
5,8,1,0,,,,0.34718335,0.0,0.0,0.0,114.59
5,9,1,0,,,,0.34245,0.0,0.0,0.0,288.78
5,10,1,0,,,,0.46923333,0.0,0.0,0.0,579.76
5,11,1,0,,,,0.64676666,0.0,0.0,0.0,541.52
5,12,1,0,,,,1.04895,0.0,0.0,0.0,583.22
5,13,1,0,,,,0.4094334,0.0,0.0,0.0,643.37
5,14,1,0,,,,0.45436665,0.0,0.0,0.0,506.28
5,15,1,0,,,,0.78495,0.0,0.0,0.0,209.97
5,16,1,0,,,,0.6209667,0.0,0.0,0.0,65.63
5,17,1,0,,,,1.2534,0.0,0.0,0.0,211.68
5,18,1,0,,,,1.7278167,0.0,0.0,0.0,156.93
5,19,1,0,,,,3.5823834,0.0,0.0,0.0,44.0
5,20,1,0,,,,0.5534667,0.0,0.0,0.0,0.0
5,21,1,0,,,,0.8357,0.0,0.0,0.0,0.0
5,22,1,0,,,,0.5524667,0.0,0.0,0.0,0.0
5,23,1,0,,,,0.46636668,0.0,0.0,0.0,0.0
5,24,1,0,,,,0.52075833,0.0,0.0,0.0,0.0
5,1,2,0,,,,0.4967,0.0,0.0,0.0,0.0
5,2,2,0,,,,0.4838,0.0,0.0,0.0,0.0
5,3,2,0,,,,0.7604833,0.0,0.0,0.0,0.0
5,4,2,0,,,,1.67345,0.0,0.0,0.0,0.0
5,5,2,0,,,,0.86938334,0.0,0.0,0.0,0.0
5,6,2,0,,,,0.7359167,0.0,0.0,0.0,14.18
5,7,2,0,,,,0.456,0.0,0.0,0.0,32.87
5,8,2,0,,,,0.37761667,0.0,0.0,0.0,163.26
5,9,2,0,,,,0.3639,0.0,0.0,0.0,109.8
5,10,2,0,,,,0.38655,0.0,0.0,0.0,382.5
5,11,2,0,,,,0.7679167,0.0,0.0,0.0,610.85
5,12,2,0,,,,1.34735,0.0,0.0,0.0,450.24
5,13,2,0,,,,0.47238335,0.0,0.0,0.0,670.81
5,14,2,0,,,,0.32836667,0.0,0.0,0.0,506.68
5,15,2,0,,,,0.38855,0.0,0.0,0.0,401.53
5,16,2,0,,,,0.5084,0.0,0.0,0.0,239.49
5,17,2,0,,,,1.0417167,0.0,0.0,0.0,185.01
5,18,2,0,,,,3.6568666,0.0,0.0,0.0,100.48
5,19,2,0,,,,2.4804666,0.0,0.0,0.0,41.49
5,20,2,0,,,,0.70105,0.0,0.0,0.0,0.0
5,21,2,0,,,,1.5127333,0.0,0.0,0.0,0.0
5,22,2,0,,,,0.643,0.0,0.0,0.0,0.0
5,23,2,0,,,,0.6365833,0.0,0.0,0.0,0.0
5,24,2,0,,,,0.6422333,0.0,0.0,0.0,0.0
5,1,3,0,,,,0.5887333,0.0,0.0,0.0,0.0
5,2,3,0,,,,0.67326665,0.0,0.0,0.0,0.0
5,3,3,0,,,,0.70115,0.0,0.0,0.0,0.0
5,4,3,0,,,,1.1418834,0.0,0.0,0.0,0.0
5,5,3,0,,,,0.83665,0.0,0.0,0.0,0.0
5,6,3,0,,,,0.6458167,0.0,0.0,0.0,4.42
5,7,3,0,,,,0.35096666,0.0,0.0,0.0,97.81
5,8,3,0,,,,0.33798334,0.0,0.0,0.0,33.98
5,9,3,0,,,,0.3815,0.0,0.0,0.0,270.18
5,10,3,0,,,,0.3078,0.0,0.0,0.0,617.08
5,11,3,0,,,,0.36561668,0.0,0.0,0.0,652.77
5,12,3,0,,,,0.31981668,0.0,0.0,0.0,773.43
5,13,3,0,,,,0.39341667,0.0,0.0,0.0,764.08
5,14,3,0,,,,1.56645,0.0,0.0,0.0,478.25
5,15,3,0,,,,7.3473835,0.0,0.0,0.0,456.29
5,16,3,0,,,,1.5700834,0.0,0.0,0.0,325.95
5,17,3,0,,,,0.9985,0.0,0.0,0.0,298.36
5,18,3,0,,,,0.607,0.0,0.0,0.0,154.02
5,19,3,0,,,,0.69128335,0.0,0.0,0.0,46.0
5,20,3,0,,,,0.9497167,0.0,0.0,0.0,0.12
5,21,3,0,,,,2.4337666,0.0,0.0,0.0,0.0
5,22,3,0,,,,1.0013334,0.0,0.0,0.0,0.0
5,23,3,0,,,,0.8085167,0.0,0.0,0.0,0.0
5,24,3,0,,,,0.5667833,0.0,0.0,0.0,0.0
5,1,4,0,,,,0.59676665,0.0,0.0,0.0,0.0
5,2,4,0,,,,0.54756665,0.0,0.0,0.0,0.0
5,3,4,0,,,,0.7018,0.0,0.0,0.0,0.0
5,4,4,0,,,,0.7247667,0.0,0.0,0.0,0.0
5,5,4,0,,,,0.90776664,0.0,0.0,0.0,0.0
5,6,4,0,,,,0.9024,0.0,0.0,0.0,0.49
5,7,4,0,,,,0.7757889,0.0,0.0,0.0,98.23
5,8,4,0,,,,0.5065,0.0,0.0,0.0,217.68
5,9,4,0,,,,0.5309333,0.0,0.0,0.0,415.35
5,10,4,0,,,,2.5122166,0.0,0.0,0.0,506.83
5,11,4,0,,,,3.0860834,0.0,0.0,0.0,643.8
5,12,4,0,,,,2.9775,0.0,0.0,0.0,789.11
5,13,4,0,,,,0.7801667,0.0,0.0,0.0,820.94
5,14,4,0,,,,0.90536666,0.0,0.0,0.0,698.47
5,15,4,0,,,,0.5635833,0.0,0.0,0.0,637.38
5,16,4,0,,,,0.4127,0.0,0.0,0.0,465.56
5,17,4,0,,,,0.40888333,0.0,0.0,0.0,325.83
5,18,4,0,,,,0.41175,0.0,0.0,0.0,150.9
5,19,4,0,,,,0.6751,0.0,0.0,0.0,46.12
5,20,4,0,,,,0.31113333,0.0,0.0,0.0,0.0
5,21,4,0,,,,0.32073334,0.0,0.0,0.0,0.0
5,22,4,0,,,,0.3394,0.0,0.0,0.0,0.0
5,23,4,0,,,,0.34261668,0.0,0.0,0.0,0.0
5,24,4,0,,,,0.32836667,0.0,0.0,0.0,0.0
5,1,5,0,,,,0.31736666,0.0,0.0,0.0,0.0
5,2,5,0,,,,0.30771667,0.0,0.0,0.0,0.0
5,3,5,0,,,,0.3083,0.0,0.0,0.0,0.0
5,4,5,0,,,,0.5988167,0.0,0.0,0.0,0.0
5,5,5,0,,,,0.24763335,0.0,0.0,0.0,0.0
5,6,5,0,,,,0.18526672,0.0,0.0,0.0,25.89
5,7,5,0,,,,0.42626667,0.0,0.0,0.0,91.6
5,8,5,0,,,,0.38875,0.0,0.0,0.0,294.89
5,9,5,0,,,,0.36116666,0.0,0.0,0.0,481.11
5,10,5,0,,,,2.2043333,0.0,0.0,0.0,640.21
5,11,5,0,,,,2.8526165,0.0,0.0,0.0,749.52
5,12,5,0,,,,2.1249833,0.0,0.0,0.0,802.91
5,13,5,0,,,,0.36755,0.0,0.0,0.0,824.62
5,14,5,0,,,,0.33516666,0.0,0.0,0.0,763.1
5,15,5,0,,,,0.34083334,0.0,0.0,0.0,693.75
5,16,5,0,,,,0.3148,0.0,0.0,0.0,553.23
5,17,5,0,,,,2.2019,0.0,0.0,0.0,377.72
5,18,5,0,,,,1.17355,0.0,0.0,0.0,170.77
5,19,5,0,,,,3.95215,0.0,0.0,0.0,42.81
5,20,5,0,,,,1.7329334,0.0,0.0,0.0,2.42
5,21,5,0,,,,1.3374333,0.0,0.0,0.0,0.0
5,22,5,0,,,,0.36855,0.0,0.0,0.0,0.0
5,23,5,0,,,,2.7727334,0.0,0.0,0.0,0.0
5,24,5,0,,,,1.5644417,0.0,0.0,0.0,0.0
5,1,6,0,,,,0.58126664,0.0,0.0,0.0,0.0
5,2,6,0,,,,0.5905333,0.0,0.0,0.0,0.0
5,3,6,0,,,,0.6174667,0.0,0.0,0.0,0.0
5,4,6,0,,,,0.54013336,0.0,0.0,0.0,0.0
5,5,6,0,,,,0.6633667,0.0,0.0,0.0,0.0
5,6,6,0,,,,0.94046664,0.0,0.0,0.0,24.35
5,7,6,0,,,,1.2184666,0.0,0.0,0.0,91.79
5,8,6,0,,,,1.3371167,0.0,0.0,0.0,290.3
5,9,6,0,,,,0.75876665,0.0,0.0,0.0,474.04
5,10,6,0,,,,2.2741833,0.0,0.0,0.0,627.77
5,11,6,0,,,,3.0202832,0.0,0.0,0.0,738.19
5,12,6,0,,,,3.0372167,0.0,0.0,0.0,798.02
5,13,6,0,,,,0.66325,0.0,0.0,0.0,799.86
5,14,6,0,,,,0.7391667,0.0,0.0,0.0,764.4
5,15,6,0,,,,0.6300833,0.0,0.0,0.0,687.4
5,16,6,0,,,,0.7449667,0.0,0.0,0.0,547.75
5,17,6,0,,,,0.65721667,0.0,0.0,0.0,367.92
5,18,6,0,,,,0.70351666,0.0,0.0,0.0,170.24
5,19,6,0,,,,0.6964,0.0,0.0,0.0,46.62
5,20,6,0,,,,0.52021664,0.0,0.0,0.0,6.27
5,21,6,0,,,,0.48238334,0.0,0.0,0.0,0.0
5,22,6,0,,,,0.53345,0.0,0.0,0.0,0.0
5,23,6,0,,,,0.46231666,0.0,0.0,0.0,0.0
5,24,6,0,,,,0.5413333,0.0,0.0,0.0,0.0
5,1,7,0,,,,0.48393333,0.0,0.0,0.0,0.0
5,2,7,0,,,,0.49295,0.0,0.0,0.0,0.0
5,3,7,0,,,,0.52276665,0.0,0.0,0.0,0.0
5,4,7,0,,,,0.47243333,0.0,0.0,0.0,0.0
5,5,7,0,,,,0.4959,0.0,0.0,0.0,0.0
5,6,7,0,,,,0.5075167,0.0,0.0,0.0,0.83
5,7,7,0,,,,0.4478,0.0,0.0,0.0,66.12
5,8,7,0,,,,0.7352,0.0,0.0,0.0,120.52
5,9,7,0,,,,0.6780667,0.0,0.0,0.0,48.26
5,10,7,0,,,,2.3366833,0.0,0.0,0.0,84.92
5,11,7,0,,,,2.97975,0.0,0.0,0.0,236.49
5,12,7,0,,,,0.897,0.0,0.0,0.0,426.8
5,13,7,0,,,,3.34925,0.0,0.0,0.0,421.37
5,14,7,0,,,,4.0819836,0.0,0.0,0.0,206.0
5,15,7,0,,,,3.10225,0.0,0.0,0.0,247.7
5,16,7,0,,,,2.5072834,0.0,0.0,0.0,314.85
5,17,7,0,,,,3.3853166,0.0,0.0,0.0,319.27
5,18,7,0,,,,1.3811333,0.0,0.0,0.0,168.96
5,19,7,0,,,,1.5281667,0.0,0.0,0.0,31.49
5,20,7,0,,,,0.96535,0.0,0.0,0.0,6.93
5,21,7,0,,,,1.3302333,0.0,0.0,0.0,0.0
5,22,7,0,,,,3.25825,0.0,0.0,0.0,0.0
5,23,7,0,,,,2.08,0.0,0.0,0.0,0.0
5,24,7,0,,,,1.577075,0.0,0.0,0.0,0.0
5,1,1,0,,,,0.64348334,0.0,0.0,0.0,0.0
5,2,1,0,,,,0.60913336,0.0,0.0,0.0,0.0
5,3,1,0,,,,0.66153336,0.0,0.0,0.0,0.0
5,4,1,0,,,,0.74848336,0.0,0.0,0.0,0.0
5,5,1,0,,,,1.3410333,0.0,0.0,0.0,0.0
5,6,1,0,,,,1.84675,0.0,0.0,0.0,26.03
5,7,1,0,,,,0.7011,0.0,0.0,0.0,98.48
5,8,1,0,,,,0.5436,0.0,0.0,0.0,286.94
5,9,1,0,,,,0.5525,0.0,0.0,0.0,461.92
5,10,1,0,,,,2.1330333,0.0,0.0,0.0,609.47
5,11,1,0,,,,2.5429168,0.0,0.0,0.0,693.08
5,12,1,0,,,,2.6876166,0.0,0.0,0.0,734.46
5,13,1,0,,,,0.62301666,0.0,0.0,0.0,668.29
5,14,1,0,,,,0.53131664,0.0,0.0,0.0,659.32
5,15,1,0,,,,0.48655,0.0,0.0,0.0,174.89
5,16,1,0,,,,2.1831,0.0,0.0,0.0,241.14
5,17,1,0,,,,3.7230666,0.0,0.0,0.0,79.64
5,18,1,0,,,,3.09695,0.0,0.0,0.0,157.42
5,19,1,0,,,,2.5059667,0.0,0.0,0.0,50.61
5,20,1,0,,,,1.0231833,0.0,0.0,0.0,0.14
5,21,1,0,,,,0.6659167,0.0,0.0,0.0,0.0
5,22,1,0,,,,1.2213334,0.0,0.0,0.0,0.0
5,23,1,0,,,,1.2253667,0.0,0.0,0.0,0.0
5,24,1,0,,,,1.1624167,0.0,0.0,0.0,0.0
5,1,2,0,,,,0.5844833,0.0,0.0,0.0,0.0
5,2,2,0,,,,0.627,0.0,0.0,0.0,0.0
5,3,2,0,,,,0.5604,0.0,0.0,0.0,0.0
5,4,2,0,,,,0.7204667,0.0,0.0,0.0,0.0
5,5,2,0,,,,0.90115,0.0,0.0,0.0,0.0
5,6,2,0,,,,0.8242,0.0,0.0,0.0,0.86
5,7,2,0,,,,0.557725,0.0,0.0,0.0,98.23
5,8,2,0,,,,0.5736333,0.0,0.0,0.0,269.37
5,9,2,0,,,,0.5291,0.0,0.0,0.0,446.38
5,10,2,0,,,,2.13285,0.0,0.0,0.0,597.65
5,11,2,0,,,,2.482,0.0,0.0,0.0,679.14
5,12,2,0,,,,2.69245,0.0,0.0,0.0,674.03
5,13,2,0,,,,0.60433334,0.0,0.0,0.0,361.68
5,14,2,0,,,,0.5377667,0.0,0.0,0.0,275.19
5,15,2,0,,,,0.47011667,0.0,0.0,0.0,562.53
5,16,2,0,,,,1.8271333,0.0,0.0,0.0,490.95
5,17,2,0,,,,4.4194,0.0,0.0,0.0,143.46
5,18,2,0,,,,4.3327165,0.0,0.0,0.0,11.71
5,19,2,0,,,,6.973533,0.0,0.0,0.0,32.46
5,20,2,0,,,,1.61235,0.0,0.0,0.0,8.49
5,21,2,0,,,,0.35978332,0.0,0.0,0.0,0.0
5,22,2,0,,,,0.26015,0.0,0.0,0.0,0.0
5,23,2,0,,,,0.35371667,0.0,0.0,0.0,0.0
5,24,2,0,,,,0.40398332,0.0,0.0,0.0,0.0
5,1,3,0,,,,0.5580083,0.0,0.0,0.0,0.0
5,2,3,0,,,,1.2751334,0.0,0.0,0.0,0.0
5,3,3,0,,,,3.0880833,0.0,0.0,0.0,0.0
5,4,3,0,,,,1.4554334,0.0,0.0,0.0,0.0
5,5,3,0,,,,1.2728167,0.0,0.0,0.0,0.0
5,6,3,0,,,,1.1598333,0.0,0.0,0.0,0.87
5,7,3,0,,,,0.5901833,0.0,0.0,0.0,97.84
5,8,3,0,,,,0.62985,0.0,0.0,0.0,279.55
5,9,3,0,,,,0.5338333,0.0,0.0,0.0,279.45
5,10,3,0,,,,2.18685,0.0,0.0,0.0,524.88
5,11,3,0,,,,2.57535,0.0,0.0,0.0,491.32
5,12,3,0,,,,2.6804,0.0,0.0,0.0,404.91
5,13,3,0,,,,1.5610334,0.0,0.0,0.0,499.77
5,14,3,0,,,,3.5602834,0.0,0.0,0.0,556.32
5,15,3,0,,,,1.5048,0.0,0.0,0.0,320.78
5,16,3,0,,,,1.1292334,0.0,0.0,0.0,340.32
5,17,3,0,,,,1.1861833,0.0,0.0,0.0,0.0
5,18,3,0,,,,2.1080666,0.0,0.0,0.0,119.89
5,19,3,0,,,,6.1499,0.0,0.0,0.0,54.19
5,20,3,0,,,,2.3878334,0.0,0.0,0.0,0.0
5,21,3,0,,,,0.38905,0.0,0.0,0.0,0.0
5,22,3,0,,,,0.52171665,0.0,0.0,0.0,0.0
5,23,3,0,,,,0.9874833,0.0,0.0,0.0,0.0
5,24,3,0,,,,0.84706664,0.0,0.0,0.0,0.0
5,1,4,0,,,,0.6260333,0.0,0.0,0.0,0.0
5,2,4,0,,,,0.5800833,0.0,0.0,0.0,0.0
5,3,4,0,,,,0.66361666,0.0,0.0,0.0,0.0
5,4,4,0,,,,0.5687,0.0,0.0,0.0,0.0
5,5,4,0,,,,0.86653334,0.0,0.0,0.0,0.0
5,6,4,0,,,,0.81853336,0.0,0.0,0.0,1.25
5,7,4,0,,,,0.65101665,0.0,0.0,0.0,83.72
5,8,4,0,,,,0.83571666,0.0,0.0,0.0,209.66
5,9,4,0,,,,0.72148335,0.0,0.0,0.0,386.94
5,10,4,0,,,,1.8822833,0.0,0.0,0.0,319.41
5,11,4,0,,,,1.7484167,0.0,0.0,0.0,411.72
5,12,4,0,,,,2.5025,0.0,0.0,0.0,418.14
5,13,4,0,,,,1.3605833,0.0,0.0,0.0,611.11
5,14,4,0,,,,0.93803334,0.0,0.0,0.0,348.78
5,15,4,0,,,,0.6770333,0.0,0.0,0.0,99.21
5,16,4,0,,,,2.64045,0.0,0.0,0.0,320.46
5,17,4,0,,,,1.9030666,0.0,0.0,0.0,64.89
5,18,4,0,,,,0.9005167,0.0,0.0,0.0,66.27
5,19,4,0,,,,1.3296833,0.0,0.0,0.0,27.34
5,20,4,0,,,,0.83643335,0.0,0.0,0.0,0.0
5,21,4,0,,,,0.47701666,0.0,0.0,0.0,0.0
5,22,4,0,,,,0.45951667,0.0,0.0,0.0,0.0
5,23,4,0,,,,0.46546668,0.0,0.0,0.0,0.0
5,24,4,0,,,,0.39993334,0.0,0.0,0.0,0.0
5,1,5,0,,,,0.40925,0.0,0.0,0.0,0.0
5,2,5,0,,,,0.43123335,0.0,0.0,0.0,0.0
5,3,5,0,,,,0.29711667,0.0,0.0,0.0,0.0
5,4,5,0,,,,0.34385002,0.0,0.0,0.0,0.0
5,5,5,0,,,,0.11351671,0.0,0.0,0.0,0.0
5,6,5,0,,,,0.7209167,0.0,0.0,0.0,5.5
5,7,5,0,,,,0.43853334,0.0,0.0,0.0,101.66
5,8,5,0,,,,0.34928334,0.0,0.0,0.0,295.54
5,9,5,0,,,,0.4121,0.0,0.0,0.0,487.21
5,10,5,0,,,,1.6431167,0.0,0.0,0.0,636.14
5,11,5,0,,,,0.8026583,0.0,0.0,0.0,658.51
5,12,5,0,,,,1.8700334,0.0,0.0,0.0,665.76
5,13,5,0,,,,1.2688833,0.0,0.0,0.0,666.41
5,14,5,0,,,,0.37573335,0.0,0.0,0.0,612.37
5,15,5,0,,,,0.39551666,0.0,0.0,0.0,592.08
5,16,5,0,,,,0.49476665,0.0,0.0,0.0,523.3
5,17,5,0,,,,1.4398667,0.0,0.0,0.0,357.92
5,18,5,0,,,,1.1478667,0.0,0.0,0.0,181.31
5,19,5,0,,,,1.1094667,0.0,0.0,0.0,45.58
5,20,5,0,,,,0.5287,0.0,0.0,0.0,10.29
5,21,5,0,,,,0.3844,0.0,0.0,0.0,0.0
5,22,5,0,,,,1.0708,0.0,0.0,0.0,0.0
5,23,5,0,,,,0.8816,0.0,0.0,0.0,0.0
5,24,5,0,,,,0.92715,0.0,0.0,0.0,0.0
5,1,6,0,,,,0.59888333,0.0,0.0,0.0,0.0
5,2,6,0,,,,0.5683,0.0,0.0,0.0,0.0
5,3,6,0,,,,0.6328833,0.0,0.0,0.0,0.0
5,4,6,0,,,,0.53065,0.0,0.0,0.0,0.0
5,5,6,0,,,,0.7327,0.0,0.0,0.0,0.0
5,6,6,0,,,,0.5468,0.0,0.0,0.0,16.2
5,7,6,0,,,,0.53001666,0.0,0.0,0.0,106.41
5,8,6,0,,,,0.55736667,0.0,0.0,0.0,269.41
5,9,6,0,,,,0.3703,0.0,0.0,0.0,424.84
5,10,6,0,,,,1.9463834,0.0,0.0,0.0,596.39
5,11,6,0,,,,2.7681668,0.0,0.0,0.0,682.9
5,12,6,0,,,,3.2183332,0.0,0.0,0.0,740.18
5,13,6,0,,,,1.49065,0.0,0.0,0.0,700.54
5,14,6,0,,,,0.98833334,0.0,0.0,0.0,396.5
5,15,6,0,,,,0.9249667,0.0,0.0,0.0,523.55
5,16,6,0,,,,2.1171,0.0,0.0,0.0,275.12
5,17,6,0,,,,2.3619168,0.0,0.0,0.0,337.13
5,18,6,0,,,,1.9538167,0.0,0.0,0.0,162.41
5,19,6,0,,,,1.4565166,0.0,0.0,0.0,54.39
5,20,6,0,,,,0.7941167,0.0,0.0,0.0,10.07
5,21,6,0,,,,1.5310167,0.0,0.0,0.0,0.0
5,22,6,0,,,,0.70853335,0.0,0.0,0.0,0.0
5,23,6,0,,,,0.49325,0.0,0.0,0.0,0.0
5,24,6,0,,,,0.549475,0.0,0.0,0.0,0.0
5,1,7,0,,,,0.46653333,0.0,0.0,0.0,0.0
5,2,7,0,,,,0.58881664,0.0,0.0,0.0,0.0
5,3,7,0,,,,0.46938333,0.0,0.0,0.0,0.0
5,4,7,0,,,,0.764,0.0,0.0,0.0,0.0
5,5,7,0,,,,1.4072833,0.0,0.0,0.0,0.0
5,6,7,0,,,,1.4961833,0.0,0.0,0.0,19.61
5,7,7,0,,,,0.87191665,0.0,0.0,0.0,103.89
5,8,7,0,,,,0.7374167,0.0,0.0,0.0,278.67
5,9,7,0,,,,0.74181664,0.0,0.0,0.0,462.83
5,10,7,0,,,,2.3684165,0.0,0.0,0.0,616.16
5,11,7,0,,,,2.7266,0.0,0.0,0.0,688.6
5,12,7,0,,,,2.7752666,0.0,0.0,0.0,671.87
5,13,7,0,,,,0.8053333,0.0,0.0,0.0,592.8
5,14,7,0,,,,1.4231167,0.0,0.0,0.0,518.24
5,15,7,0,,,,1.3024666,0.0,0.0,0.0,320.59
5,16,7,0,,,,1.1249,0.0,0.0,0.0,372.46
5,17,7,0,,,,1.8225833,0.0,0.0,0.0,329.89
5,18,7,0,,,,3.5062833,0.0,0.0,0.0,159.51
5,19,7,0,,,,3.73135,0.0,0.0,0.0,49.07
5,20,7,0,,,,1.02515,0.0,0.0,0.0,11.15
5,21,7,0,,,,0.15788338,0.0,0.0,0.0,0.0
5,22,7,0,,,,0.6555333,0.0,0.0,0.0,0.0
5,23,7,0,,,,0.58945,0.0,0.0,0.0,0.0
5,24,7,0,,,,0.90745,0.0,0.0,0.0,0.0
5,1,1,0,,,,0.6297167,0.0,0.0,0.0,0.0
5,2,1,0,,,,0.5764833,0.0,0.0,0.0,0.0
5,3,1,0,,,,0.66681665,0.0,0.0,0.0,0.0
5,4,1,0,,,,0.58965,0.0,0.0,0.0,0.0
5,5,1,0,,,,1.04985,0.0,0.0,0.0,0.0
5,6,1,0,,,,1.4777,0.0,0.0,0.0,22.11
5,7,1,0,,,,0.42086667,0.0,0.0,0.0,39.63
5,8,1,0,,,,0.50848335,0.0,0.0,0.0,272.35
5,9,1,0,,,,0.38538334,0.0,0.0,0.0,383.92
5,10,1,0,,,,1.7107,0.0,0.0,0.0,599.77
5,11,1,0,,,,2.95995,0.0,0.0,0.0,711.5
5,12,1,0,,,,3.1022832,0.0,0.0,0.0,781.04
5,13,1,0,,,,2.3224,0.0,0.0,0.0,710.3
5,14,1,0,,,,1.0526667,0.0,0.0,0.0,710.95
5,15,1,0,,,,1.3877167,0.0,0.0,0.0,168.35
5,16,1,0,,,,0.62018335,0.0,0.0,0.0,179.71
5,17,1,0,,,,0.46566668,0.0,0.0,0.0,242.9
5,18,1,0,,,,0.56275,0.0,0.0,0.0,82.26
5,19,1,0,,,,0.52396667,0.0,0.0,0.0,55.33
5,20,1,0,,,,0.37985,0.0,0.0,0.0,11.14
5,21,1,0,,,,0.56185,0.0,0.0,0.0,0.0
5,22,1,0,,,,1.4746166,0.0,0.0,0.0,0.0
5,23,1,0,,,,2.6988,0.0,0.0,0.0,0.0
5,24,1,0,,,,1.2399167,0.0,0.0,0.0,0.0
5,1,2,0,,,,0.66495,0.0,0.0,0.0,0.0
5,2,2,0,,,,0.6935,0.0,0.0,0.0,0.0
5,3,2,0,,,,0.64556664,0.0,0.0,0.0,0.0
5,4,2,0,,,,1.1922834,0.0,0.0,0.0,0.0
5,5,2,0,,,,1.2892333,0.0,0.0,0.0,0.0
5,6,2,0,,,,1.0049334,0.0,0.0,0.0,35.63
5,7,2,0,,,,0.34841666,0.0,0.0,0.0,93.92
5,8,2,0,,,,0.42431667,0.0,0.0,0.0,281.7
5,9,2,0,,,,0.32333332,0.0,0.0,0.0,448.86
5,10,2,0,,,,1.73675,0.0,0.0,0.0,489.08
5,11,2,0,,,,2.5127168,0.0,0.0,0.0,651.28
5,12,2,0,,,,2.5969167,0.0,0.0,0.0,602.74
5,13,2,0,,,,0.8585,0.0,0.0,0.0,400.41
5,14,2,0,,,,0.41658333,0.0,0.0,0.0,471.54
5,15,2,0,,,,0.36206666,0.0,0.0,0.0,414.36
5,16,2,0,,,,0.7575833,0.0,0.0,0.0,351.06
5,17,2,0,,,,1.0717334,0.0,0.0,0.0,321.09
5,18,2,0,,,,0.58503336,0.0,0.0,0.0,172.59
5,19,2,0,,,,0.9126667,0.0,0.0,0.0,57.51
5,20,2,0,,,,0.39333335,0.0,0.0,0.0,1.55
5,21,2,0,,,,0.38646665,0.0,0.0,0.0,0.0
5,22,2,0,,,,0.7101,0.0,0.0,0.0,0.0
5,23,2,0,,,,1.5123333,0.0,0.0,0.0,0.0
5,24,2,0,,,,0.97865,0.0,0.0,0.0,0.0
5,1,3,0,,,,0.56413335,0.0,0.0,0.0,0.0
5,2,3,0,,,,0.6523333,0.0,0.0,0.0,0.0
5,3,3,0,,,,0.5758833,0.0,0.0,0.0,0.0
5,4,3,0,,,,0.68623334,0.0,0.0,0.0,0.0
5,5,3,0,,,,1.41725,0.0,0.0,0.0,0.0
5,6,3,0,,,,0.83931667,0.0,0.0,0.0,1.22
5,7,3,0,,,,0.37096667,0.0,0.0,0.0,19.82
5,8,3,0,,,,0.39678332,0.0,0.0,0.0,64.82
5,9,3,0,,,,0.35586667,0.0,0.0,0.0,249.85
5,10,3,0,,,,0.69698334,0.0,0.0,0.0,596.35
5,11,3,0,,,,0.77246666,0.0,0.0,0.0,700.21
5,12,3,0,,,,1.5294167,0.0,0.0,0.0,728.99
5,13,3,0,,,,1.3870333,0.0,0.0,0.0,724.59
5,14,3,0,,,,0.66788334,0.0,0.0,0.0,611.82
5,15,3,0,,,,0.58185,0.0,0.0,0.0,629.64
5,16,3,0,,,,0.44086668,0.0,0.0,0.0,518.02
5,17,3,0,,,,0.35226667,0.0,0.0,0.0,358.14
5,18,3,0,,,,0.48113334,0.0,0.0,0.0,178.77
5,19,3,0,,,,0.72775,0.0,0.0,0.0,59.25
5,20,3,0,,,,1.06105,0.0,0.0,0.0,1.56
5,21,3,0,,,,0.50556666,0.0,0.0,0.0,0.0
5,22,3,0,,,,0.7418,0.0,0.0,0.0,0.0
5,23,3,0,,,,0.57493335,0.0,0.0,0.0,0.0
5,24,3,0,,,,0.6054417,0.0,0.0,0.0,0.0
6,1,4,0,,,,0.57016665,0.0,0.0,0.0,0.0
6,2,4,0,,,,2.1539166,0.0,0.0,0.0,0.0
6,3,4,0,,,,1.49455,0.0,0.0,0.0,0.0
6,4,4,0,,,,1.12795,0.0,0.0,0.0,0.0
6,5,4,0,,,,1.0158666,0.0,0.0,0.0,0.0
6,6,4,0,,,,1.3866125,0.0,0.0,0.0,1.63
6,7,4,0,,,,0.496,0.0,0.0,0.0,101.88
6,8,4,0,,,,0.39753333,0.0,0.0,0.0,207.69
6,9,4,0,,,,0.35471666,0.0,0.0,0.0,467.3
6,10,4,0,,,,1.7874833,0.0,0.0,0.0,559.41
6,11,4,0,,,,2.4221666,0.0,0.0,0.0,657.04
6,12,4,0,,,,2.5046167,0.0,0.0,0.0,674.11
6,13,4,0,,,,0.5118333,0.0,0.0,0.0,679.42
6,14,4,0,,,,0.48396668,0.0,0.0,0.0,683.07
6,15,4,0,,,,0.35955,0.0,0.0,0.0,647.73
6,16,4,0,,,,0.38243333,0.0,0.0,0.0,527.57
6,17,4,0,,,,0.35963333,0.0,0.0,0.0,368.56
6,18,4,0,,,,0.36913332,0.0,0.0,0.0,179.42
6,19,4,0,,,,0.61626667,0.0,0.0,0.0,47.26
6,20,4,0,,,,2.4056833,0.0,0.0,0.0,13.5
6,21,4,0,,,,0.66186666,0.0,0.0,0.0,0.0
6,22,4,0,,,,1.69315,0.0,0.0,0.0,0.0
6,23,4,0,,,,0.59423333,0.0,0.0,0.0,0.0
6,24,4,0,,,,0.97581667,0.0,0.0,0.0,0.0
6,1,5,0,,,,0.41836667,0.0,0.0,0.0,0.0
6,2,5,0,,,,0.5132667,0.0,0.0,0.0,0.0
6,3,5,0,,,,0.29071668,0.0,0.0,0.0,0.0
6,4,5,0,,,,0.057,0.0,0.0,0.0,0.0
6,5,5,0,,,,0.88553333,0.0,0.0,0.0,0.0
6,6,5,0,,,,1.7271,0.0,0.0,0.0,1.63
6,7,5,0,,,,0.514,0.0,0.0,0.0,8.91
6,8,5,0,,,,0.41456667,0.0,0.0,0.0,52.42
6,9,5,0,,,,1.2627167,0.0,0.0,0.0,169.06
6,10,5,0,,,,1.9753166,0.0,0.0,0.0,422.03
6,11,5,0,,,,2.4163334,0.0,0.0,0.0,691.97
6,12,5,0,,,,2.4774,0.0,0.0,0.0,774.05
6,13,5,0,,,,0.5980167,0.0,0.0,0.0,767.85
6,14,5,0,,,,0.38596666,0.0,0.0,0.0,707.11
6,15,5,0,,,,0.5302,0.0,0.0,0.0,661.04
6,16,5,0,,,,1.66665,0.0,0.0,0.0,535.62
6,17,5,0,,,,0.899,0.0,0.0,0.0,367.9
6,18,5,0,,,,0.600375,0.0,0.0,0.0,181.03
6,19,5,0,,,,3.1279833,0.0,0.0,0.0,47.96
6,20,5,0,,,,2.2015667,0.0,0.0,0.0,14.12
6,21,5,0,,,,0.14650008,0.0,0.0,0.0,0.0
6,22,5,0,,,,0.6712667,0.0,0.0,0.0,0.0
6,23,5,0,,,,0.5761833,0.0,0.0,0.0,0.0
6,24,5,0,,,,0.962,0.0,0.0,0.0,0.0
6,1,6,0,,,,0.631,0.0,0.0,0.0,0.0
6,2,6,0,,,,0.99841666,0.0,0.0,0.0,0.0
6,3,6,0,,,,1.6108,0.0,0.0,0.0,0.0
6,4,6,0,,,,1.4626833,0.0,0.0,0.0,0.0
6,5,6,0,,,,0.6483667,0.0,0.0,0.0,0.0
6,6,6,0,,,,1.2176666,0.0,0.0,0.0,36.42
6,7,6,0,,,,0.97096664,0.0,0.0,0.0,93.5
6,8,6,0,,,,1.0254333,0.0,0.0,0.0,284.73
6,9,6,0,,,,0.7482333,0.0,0.0,0.0,458.03
6,10,6,0,,,,1.5703666,0.0,0.0,0.0,599.43
6,11,6,0,,,,1.24885,0.0,0.0,0.0,699.31
6,12,6,0,,,,2.285,0.0,0.0,0.0,614.35
6,13,6,0,,,,1.3302166,0.0,0.0,0.0,623.28
6,14,6,0,,,,0.66538334,0.0,0.0,0.0,631.41
6,15,6,0,,,,0.74315,0.0,0.0,0.0,452.89
6,16,6,0,,,,0.5032333,0.0,0.0,0.0,113.14
6,17,6,0,,,,0.86586666,0.0,0.0,0.0,156.88
6,18,6,0,,,,1.2351667,0.0,0.0,0.0,126.0
6,19,6,0,,,,0.9360167,0.0,0.0,0.0,58.44
6,20,6,0,,,,1.3855333,0.0,0.0,0.0,7.26
6,21,6,0,,,,0.53728336,0.0,0.0,0.0,0.0
6,22,6,0,,,,0.7731917,0.0,0.0,0.0,0.0
6,23,6,0,,,,0.58571666,0.0,0.0,0.0,0.0
6,24,6,0,,,,0.6057875,0.0,0.0,0.0,0.0
6,1,7,0,,,,0.57016665,0.0,0.0,0.0,0.0
6,2,7,0,,,,2.1539166,0.0,0.0,0.0,0.0
6,3,7,0,,,,1.4524666,0.0,0.0,0.0,0.0
6,4,7,0,,,,0.6347833,0.0,0.0,0.0,0.0
6,5,7,0,,,,1.1603667,0.0,0.0,0.0,0.0
6,6,7,0,,,,0.92446667,0.0,0.0,0.0,35.62
6,7,7,0,,,,0.8502,0.0,0.0,0.0,96.65
6,8,7,0,,,,0.87231666,0.0,0.0,0.0,253.4
6,9,7,0,,,,1.55115,0.0,0.0,0.0,442.11
6,10,7,0,,,,2.9490833,0.0,0.0,0.0,552.07
6,11,7,0,,,,1.9722667,0.0,0.0,0.0,582.93
6,12,7,0,,,,2.86925,0.0,0.0,0.0,628.32
6,13,7,0,,,,0.82103336,0.0,0.0,0.0,486.75
6,14,7,0,,,,1.0265666,0.0,0.0,0.0,576.39
6,15,7,0,,,,3.5123167,0.0,0.0,0.0,353.78
6,16,7,0,,,,1.8433334,0.0,0.0,0.0,57.29
6,17,7,0,,,,1.3989167,0.0,0.0,0.0,112.89
6,18,7,0,,,,1.91475,0.0,0.0,0.0,24.39
6,19,7,0,,,,3.0834334,0.0,0.0,0.0,37.65
6,20,7,0,,,,1.2135333,0.0,0.0,0.0,14.67
6,21,7,0,,,,3.0948834,0.0,0.0,0.0,0.0
6,22,7,0,,,,0.583,0.0,0.0,0.0,0.0
6,23,7,0,,,,0.59362084,0.0,0.0,0.0,0.0
6,24,7,0,,,,0.75500697,0.0,0.0,0.0,0.0
6,1,1,0,,,,0.57016665,0.0,0.0,0.0,0.0
6,2,1,0,,,,2.1539166,0.0,0.0,0.0,0.0
6,3,1,0,,,,1.4524666,0.0,0.0,0.0,0.0
6,4,1,0,,,,0.6347833,0.0,0.0,0.0,0.0
6,5,1,0,,,,0.81093335,0.0,0.0,0.0,0.0
6,6,1,0,,,,1.42605,0.0,0.0,0.0,1.6
6,7,1,0,,,,0.71931666,0.0,0.0,0.0,27.99
6,8,1,0,,,,0.36545,0.0,0.0,0.0,167.36
6,9,1,0,,,,0.64561665,0.0,0.0,0.0,232.89
6,10,1,0,,,,3.0553834,0.0,0.0,0.0,534.78
6,11,1,0,,,,2.8701668,0.0,0.0,0.0,373.23
6,12,1,0,,,,2.59,0.0,0.0,0.0,679.51
6,13,1,0,,,,3.1068168,0.0,0.0,0.0,679.59
6,14,1,0,,,,3.5990388,0.0,0.0,0.0,749.15
6,15,1,0,,,,3.9727666,0.0,0.0,0.0,659.64
6,16,1,0,,,,2.4352,0.0,0.0,0.0,495.39
6,17,1,0,,,,2.8724666,0.0,0.0,0.0,362.16
6,18,1,0,,,,2.9308834,0.0,0.0,0.0,158.48
6,19,1,0,,,,1.0486,0.0,0.0,0.0,63.85
6,20,1,0,,,,0.49834168,0.0,0.0,0.0,6.34
6,21,1,0,,,,3.20135,0.0,0.0,0.0,0.0
6,22,1,0,,,,0.64813334,0.0,0.0,0.0,0.0
6,23,1,0,,,,1.4374334,0.0,0.0,0.0,0.0
6,24,1,0,,,,2.86705,0.0,0.0,0.0,0.0
6,1,2,0,,,,0.507,0.0,0.0,0.0,0.0
6,2,2,0,,,,0.45743334,0.0,0.0,0.0,0.0
6,3,2,0,,,,0.54581666,0.0,0.0,0.0,0.0
6,4,2,0,,,,0.71615,0.0,0.0,0.0,0.0
6,5,2,0,,,,0.7327,0.0,0.0,0.0,0.0
6,6,2,0,,,,0.51231664,0.0,0.0,0.0,12.69
6,7,2,0,,,,0.81953335,0.0,0.0,0.0,9.42
6,8,2,0,,,,0.90466666,0.0,0.0,0.0,18.27
6,9,2,0,,,,0.63963336,0.0,0.0,0.0,284.44
6,10,2,0,,,,0.78568333,0.0,0.0,0.0,565.94
6,11,2,0,,,,2.4030666,0.0,0.0,0.0,577.98
6,12,2,0,,,,2.6926167,0.0,0.0,0.0,660.21
6,13,2,0,,,,1.2728333,0.0,0.0,0.0,562.72
6,14,2,0,,,,3.521922,0.0,0.0,0.0,612.96
6,15,2,0,,,,3.04025,0.0,0.0,0.0,531.3
6,16,2,0,,,,2.18775,0.0,0.0,0.0,434.04
6,17,2,0,,,,4.22825,0.0,0.0,0.0,346.79
6,18,2,0,,,,2.9252334,0.0,0.0,0.0,179.36
6,19,2,0,,,,1.0486,0.0,0.0,0.0,43.12
6,20,2,0,,,,1.6063917,0.0,0.0,0.0,14.08
6,21,2,0,,,,2.4285667,0.0,0.0,0.0,0.0
6,22,2,0,,,,1.4669167,0.0,0.0,0.0,0.0
6,23,2,0,,,,3.71065,0.0,0.0,0.0,0.0
6,24,2,0,,,,2.8519166,0.0,0.0,0.0,0.0
6,1,3,0,,,,0.47548333,0.0,0.0,0.0,0.0
6,2,3,0,,,,2.5317833,0.0,0.0,0.0,0.0
6,3,3,0,,,,3.0977,0.0,0.0,0.0,0.0
6,4,3,0,,,,0.35456666,0.0,0.0,0.0,0.0
6,5,3,0,,,,0.12000005,0.0,0.0,0.0,0.0
6,6,3,0,,,,0.22791667,0.0,0.0,0.0,1.62
6,7,3,0,,,,0.63811666,0.0,0.0,0.0,9.48
6,8,3,0,,,,0.37803334,0.0,0.0,0.0,77.49
6,9,3,0,,,,0.36901668,0.0,0.0,0.0,49.23
6,10,3,0,,,,1.3320167,0.0,0.0,0.0,452.46
6,11,3,0,,,,2.5469,0.0,0.0,0.0,410.29
6,12,3,0,,,,3.0617,0.0,0.0,0.0,744.8
6,13,3,0,,,,1.8771167,0.0,0.0,0.0,689.24
6,14,3,0,,,,0.9655,0.0,0.0,0.0,589.17
6,15,3,0,,,,1.93535,0.0,0.0,0.0,576.88
6,16,3,0,,,,1.23255,0.0,0.0,0.0,515.83
6,17,3,0,,,,0.5315,0.0,0.0,0.0,344.11
6,18,3,0,,,,0.77926666,0.0,0.0,0.0,178.02
6,19,3,0,,,,1.03885,0.0,0.0,0.0,46.45
6,20,3,0,,,,1.6063917,0.0,0.0,0.0,15.3
6,21,3,0,,,,2.62555,0.0,0.0,0.0,0.0
6,22,3,0,,,,3.3073332,0.0,0.0,0.0,0.0
6,23,3,0,,,,3.71065,0.0,0.0,0.0,0.0
6,24,3,0,,,,0.513,0.0,0.0,0.0,0.0
6,1,4,0,,,,0.42395,0.0,0.0,0.0,0.0
6,2,4,0,,,,0.41861665,0.0,0.0,0.0,0.0
6,3,4,0,,,,0.35906667,0.0,0.0,0.0,0.0
6,4,4,0,,,,0.34385002,0.0,0.0,0.0,0.0
6,5,4,0,,,,0.13460004,0.0,0.0,0.0,0.0
6,6,4,0,,,,1.56495,0.0,0.0,0.0,37.6
6,7,4,0,,,,0.44215,0.0,0.0,0.0,92.77
6,8,4,0,,,,0.44658333,0.0,0.0,0.0,281.51
6,9,4,0,,,,0.38611665,0.0,0.0,0.0,464.43
6,10,4,0,,,,2.0875,0.0,0.0,0.0,599.2
6,11,4,0,,,,2.87575,0.0,0.0,0.0,709.99
6,12,4,0,,,,3.0182166,0.0,0.0,0.0,765.1
6,13,4,0,,,,1.0696334,0.0,0.0,0.0,749.03
6,14,4,0,,,,0.32668334,0.0,0.0,0.0,603.4
6,15,4,0,,,,0.5190667,0.0,0.0,0.0,524.37
6,16,4,0,,,,0.36216667,0.0,0.0,0.0,331.14
6,17,4,0,,,,0.7284667,0.0,0.0,0.0,182.46
6,18,4,0,,,,0.83555,0.0,0.0,0.0,149.58
6,19,4,0,,,,1.2710167,0.0,0.0,0.0,61.58
6,20,4,0,,,,1.6072917,0.0,0.0,0.0,17.16
6,21,4,0,,,,0.67005,0.0,0.0,0.0,0.0
6,22,4,0,,,,1.69315,0.0,0.0,0.0,0.0
6,23,4,0,,,,0.513,0.0,0.0,0.0,0.0
6,24,4,0,,,,0.797,0.0,0.0,0.0,0.0
6,1,5,0,,,,0.877,0.0,0.0,0.0,0.0
6,2,5,0,,,,0.877,0.0,0.0,0.0,0.0
6,3,5,0,,,,0.582,0.0,0.0,0.0,0.0
6,4,5,0,,,,0.88446665,0.0,0.0,0.0,0.0
6,5,5,0,,,,0.52741665,0.0,0.0,0.0,0.0
6,6,5,0,,,,1.12885,0.0,0.0,0.0,38.91
6,7,5,0,,,,0.67275,0.0,0.0,0.0,98.32
6,8,5,0,,,,0.62906665,0.0,0.0,0.0,274.64
6,9,5,0,,,,0.85251665,0.0,0.0,0.0,442.26
6,10,5,0,,,,1.53695,0.0,0.0,0.0,585.43
6,11,5,0,,,,2.5520334,0.0,0.0,0.0,692.64
6,12,5,0,,,,2.8565166,0.0,0.0,0.0,503.79
6,13,5,0,,,,0.36971667,0.0,0.0,0.0,722.51
6,14,5,0,,,,0.419,0.0,0.0,0.0,569.56
6,15,5,0,,,,1.1468,0.0,0.0,0.0,38.68
6,16,5,0,,,,0.5413833,0.0,0.0,0.0,31.44
6,17,5,0,,,,1.76965,0.0,0.0,0.0,55.66
6,18,5,0,,,,1.22785,0.0,0.0,0.0,136.71
6,19,5,0,,,,0.65893334,0.0,0.0,0.0,43.55
6,20,5,0,,,,0.4339167,0.0,0.0,0.0,17.05
6,21,5,0,,,,1.0438334,0.0,0.0,0.0,0.0
6,22,5,0,,,,2.9360666,0.0,0.0,0.0,0.0
6,23,5,0,,,,0.797,0.0,0.0,0.0,0.0
6,24,5,0,,,,0.797,0.0,0.0,0.0,0.0
6,1,6,0,,,,0.797,0.0,0.0,0.0,0.0
6,2,6,0,,,,0.797,0.0,0.0,0.0,0.0
6,3,6,0,,,,3.2540834,0.0,0.0,0.0,0.0
6,4,6,0,,,,3.346,0.0,0.0,0.0,0.0
6,5,6,0,,,,1.3381667,0.0,0.0,0.0,0.0
6,6,6,0,,,,1.5012,0.0,0.0,0.0,38.07
6,7,6,0,,,,1.73415,0.0,0.0,0.0,97.15
6,8,6,0,,,,0.7320167,0.0,0.0,0.0,272.61
6,9,6,0,,,,0.8710167,0.0,0.0,0.0,441.44
6,10,6,0,,,,1.6453834,0.0,0.0,0.0,551.85
6,11,6,0,,,,1.3390666,0.0,0.0,0.0,669.07
6,12,6,0,,,,2.9258833,0.0,0.0,0.0,737.85
6,13,6,0,,,,1.5229334,0.0,0.0,0.0,751.03
6,14,6,0,,,,0.61623335,0.0,0.0,0.0,708.68
6,15,6,0,,,,0.73985,0.0,0.0,0.0,631.15
6,16,6,0,,,,0.74295,0.0,0.0,0.0,509.48
6,17,6,0,,,,0.8429833,0.0,0.0,0.0,368.56
6,18,6,0,,,,0.82531667,0.0,0.0,0.0,185.24
6,19,6,0,,,,0.5427833,0.0,0.0,0.0,33.05
6,20,6,0,,,,0.4339167,0.0,0.0,0.0,17.45
6,21,6,0,,,,0.38320833,0.0,0.0,0.0,0.0
6,22,6,0,,,,3.5404668,0.0,0.0,0.0,0.0
6,23,6,0,,,,0.468,0.0,0.0,0.0,0.0
6,24,6,0,,,,0.6060542,0.0,0.0,0.0,0.0
6,1,7,0,,,,1.5208,0.0,0.0,0.0,0.0
6,2,7,0,,,,2.1539166,0.0,0.0,0.0,0.0
6,3,7,0,,,,0.421,0.0,0.0,0.0,0.0
6,4,7,0,,,,0.421,0.0,0.0,0.0,0.0
6,5,7,0,,,,0.8309,0.0,0.0,0.0,0.0
6,6,7,0,,,,1.3624834,0.0,0.0,0.0,37.33
6,7,7,0,,,,0.5703,0.0,0.0,0.0,99.06
6,8,7,0,,,,0.6282667,0.0,0.0,0.0,273.32
6,9,7,0,,,,0.63021666,0.0,0.0,0.0,446.34
6,10,7,0,,,,1.9327834,0.0,0.0,0.0,588.07
6,11,7,0,,,,2.3398,0.0,0.0,0.0,705.44
6,12,7,0,,,,0.5662,0.0,0.0,0.0,757.32
6,13,7,0,,,,0.61228335,0.0,0.0,0.0,715.73
6,14,7,0,,,,0.5394833,0.0,0.0,0.0,691.15
6,15,7,0,,,,0.3247,0.0,0.0,0.0,626.08
6,16,7,0,,,,0.6109333,0.0,0.0,0.0,496.18
6,17,7,0,,,,0.955,0.0,0.0,0.0,338.42
6,18,7,0,,,,0.8321667,0.0,0.0,0.0,181.53
6,19,7,0,,,,0.5427833,0.0,0.0,0.0,45.38
6,20,7,0,,,,1.4157667,0.0,0.0,0.0,18.05
6,21,7,0,,,,0.2641167,0.0,0.0,0.0,0.0
6,22,7,0,,,,1.69315,0.0,0.0,0.0,0.0
6,23,7,0,,,,0.59362084,0.0,0.0,0.0,0.0
6,24,7,0,,,,0.6057875,0.0,0.0,0.0,0.0
6,1,1,0,,,,1.5208,0.0,0.0,0.0,0.0
6,2,1,0,,,,2.1539166,0.0,0.0,0.0,0.0
6,3,1,0,,,,0.421,0.0,0.0,0.0,0.0
6,4,1,0,,,,0.421,0.0,0.0,0.0,0.0
6,5,1,0,,,,0.8380167,0.0,0.0,0.0,0.0
6,6,1,0,,,,1.00015,0.0,0.0,0.0,37.16
6,7,1,0,,,,0.8582,0.0,0.0,0.0,100.87
6,8,1,0,,,,0.6673667,0.0,0.0,0.0,268.33
6,9,1,0,,,,0.64503336,0.0,0.0,0.0,441.24
6,10,1,0,,,,1.80895,0.0,0.0,0.0,581.58
6,11,1,0,,,,2.69425,0.0,0.0,0.0,568.89
6,12,1,0,,,,2.6952,0.0,0.0,0.0,643.2
6,13,1,0,,,,0.17081666,0.0,0.0,0.0,564.08
6,14,1,0,,,,0.5394833,0.0,0.0,0.0,604.86
6,15,1,0,,,,1.4629,0.0,0.0,0.0,517.95
6,16,1,0,,,,2.97425,0.0,0.0,0.0,424.09
6,17,1,0,,,,1.1739,0.0,0.0,0.0,334.87
6,18,1,0,,,,2.557225,0.0,0.0,0.0,184.88
6,19,1,0,,,,0.6556,0.0,0.0,0.0,43.25
6,20,1,0,,,,0.95684165,0.0,0.0,0.0,18.0
6,21,1,0,,,,3.1178167,0.0,0.0,0.0,0.0
6,22,1,0,,,,0.94331664,0.0,0.0,0.0,0.0
6,23,1,0,,,,0.96737915,0.0,0.0,0.0,0.0
6,24,1,0,,,,1.4502333,0.0,0.0,0.0,0.0
6,1,2,0,,,,0.536,0.0,0.0,0.0,0.0
6,2,2,0,,,,0.52461666,0.0,0.0,0.0,0.0
6,3,2,0,,,,0.5825833,0.0,0.0,0.0,0.0
6,4,2,0,,,,0.71615,0.0,0.0,0.0,0.0
6,5,2,0,,,,1.2258333,0.0,0.0,0.0,0.0
6,6,2,0,,,,1.0801834,0.0,0.0,0.0,4.33
6,7,2,0,,,,0.91013336,0.0,0.0,0.0,22.74
6,8,2,0,,,,0.48203334,0.0,0.0,0.0,247.32
6,9,2,0,,,,0.7047333,0.0,0.0,0.0,444.22
6,10,2,0,,,,1.46645,0.0,0.0,0.0,584.77
6,11,2,0,,,,0.6838667,0.0,0.0,0.0,696.09
6,12,2,0,,,,3.1616333,0.0,0.0,0.0,744.58
6,13,2,0,,,,0.6774833,0.0,0.0,0.0,731.57
6,14,2,0,,,,0.32146665,0.0,0.0,0.0,682.1
6,15,2,0,,,,0.84715,0.0,0.0,0.0,184.78
6,16,2,0,,,,0.9723333,0.0,0.0,0.0,193.85
6,17,2,0,,,,3.7515666,0.0,0.0,0.0,91.71
6,18,2,0,,,,2.1460166,0.0,0.0,0.0,169.86
6,19,2,0,,,,1.1046833,0.0,0.0,0.0,46.5
6,20,2,0,,,,0.95684165,0.0,0.0,0.0,18.66
6,21,2,0,,,,0.3991,0.0,0.0,0.0,0.0
6,22,2,0,,,,3.1111166,0.0,0.0,0.0,0.0
6,23,2,0,,,,3.10065,0.0,0.0,0.0,0.0
6,24,2,0,,,,2.8652833,0.0,0.0,0.0,0.0
6,1,3,0,,,,0.47548333,0.0,0.0,0.0,0.0
6,2,3,0,,,,2.5317833,0.0,0.0,0.0,0.0
6,3,3,0,,,,3.0977,0.0,0.0,0.0,0.0
6,4,3,0,,,,1.6728333,0.0,0.0,0.0,0.0
6,5,3,0,,,,1.45205,0.0,0.0,0.0,0.0
6,6,3,0,,,,1.1941,0.0,0.0,0.0,2.01
6,7,3,0,,,,0.59833336,0.0,0.0,0.0,45.43
6,8,3,0,,,,0.5233,0.0,0.0,0.0,216.98
6,9,3,0,,,,0.56665,0.0,0.0,0.0,382.04
6,10,3,0,,,,0.5840167,0.0,0.0,0.0,443.39
6,11,3,0,,,,2.1877666,0.0,0.0,0.0,578.44
6,12,3,0,,,,2.8813,0.0,0.0,0.0,656.74
6,13,3,0,,,,1.8797834,0.0,0.0,0.0,670.77
6,14,3,0,,,,0.52036667,0.0,0.0,0.0,665.37
6,15,3,0,,,,1.23145,0.0,0.0,0.0,139.97
6,16,3,0,,,,1.2202,0.0,0.0,0.0,481.83
6,17,3,0,,,,2.6280334,0.0,0.0,0.0,306.06
6,18,3,0,,,,0.59076667,0.0,0.0,0.0,102.74
6,19,3,0,,,,1.03885,0.0,0.0,0.0,50.71
6,20,3,0,,,,0.95684165,0.0,0.0,0.0,6.59
6,21,3,0,,,,0.464175,0.0,0.0,0.0,0.0
6,22,3,0,,,,1.2988167,0.0,0.0,0.0,0.0
6,23,3,0,,,,3.7157166,0.0,0.0,0.0,0.0
6,24,3,0,,,,0.7532403,0.0,0.0,0.0,0.0
6,1,4,0,,,,0.38048333,0.0,0.0,0.0,0.0
6,2,4,0,,,,2.2453833,0.0,0.0,0.0,0.0
6,3,4,0,,,,1.4916667,0.0,0.0,0.0,0.0
6,4,4,0,,,,0.67578334,0.0,0.0,0.0,0.0
6,5,4,0,,,,0.98403335,0.0,0.0,0.0,0.0
6,6,4,0,,,,1.59885,0.0,0.0,0.0,35.56
6,7,4,0,,,,0.6381,0.0,0.0,0.0,100.33
6,8,4,0,,,,0.6235333,0.0,0.0,0.0,262.23
6,9,4,0,,,,0.70485,0.0,0.0,0.0,426.71
6,10,4,0,,,,1.4602,0.0,0.0,0.0,567.01
6,11,4,0,,,,0.51975,0.0,0.0,0.0,684.35
6,12,4,0,,,,0.52426666,0.0,0.0,0.0,753.07
6,13,4,0,,,,0.88913333,0.0,0.0,0.0,764.88
6,14,4,0,,,,0.28785,0.0,0.0,0.0,745.51
6,15,4,0,,,,0.5431,0.0,0.0,0.0,653.6
6,16,4,0,,,,0.7711333,0.0,0.0,0.0,530.65
6,17,4,0,,,,1.2449,0.0,0.0,0.0,317.01
6,18,4,0,,,,0.94946665,0.0,0.0,0.0,156.81
6,19,4,0,,,,0.55181664,0.0,0.0,0.0,45.0
6,20,4,0,,,,1.6072917,0.0,0.0,0.0,19.77
6,21,4,0,,,,2.62555,0.0,0.0,0.0,0.0
6,22,4,0,,,,2.8611834,0.0,0.0,0.0,0.0
6,23,4,0,,,,1.6043236,0.0,0.0,0.0,0.0
6,24,4,0,,,,0.76272917,0.0,0.0,0.0,0.0
6,1,5,0,,,,0.40925,0.0,0.0,0.0,0.0
6,2,5,0,,,,0.43123335,0.0,0.0,0.0,0.0
6,3,5,0,,,,0.3083,0.0,0.0,0.0,0.0
6,4,5,0,,,,0.963,0.0,0.0,0.0,0.0
6,5,5,0,,,,0.12000005,0.0,0.0,0.0,1.61
6,6,5,0,,,,0.22055,0.0,0.0,0.0,20.71
6,7,5,0,,,,0.7364333,0.0,0.0,0.0,106.33
6,8,5,0,,,,0.33183333,0.0,0.0,0.0,159.26
6,9,5,0,,,,0.43406665,0.0,0.0,0.0,153.47
6,10,5,0,,,,1.664,0.0,0.0,0.0,547.04
6,11,5,0,,,,0.66955,0.0,0.0,0.0,648.91
6,12,5,0,,,,0.8455333,0.0,0.0,0.0,586.93
6,13,5,0,,,,1.8957666,0.0,0.0,0.0,659.11
6,14,5,0,,,,0.75336665,0.0,0.0,0.0,618.39
6,15,5,0,,,,1.1155334,0.0,0.0,0.0,592.39
6,16,5,0,,,,1.77045,0.0,0.0,0.0,505.43
6,17,5,0,,,,0.85655,0.0,0.0,0.0,356.52
6,18,5,0,,,,1.3452333,0.0,0.0,0.0,177.03
6,19,5,0,,,,1.0303167,0.0,0.0,0.0,50.83
6,20,5,0,,,,1.6275667,0.0,0.0,0.0,19.76
6,21,5,0,,,,2.6597834,0.0,0.0,0.0,0.0
6,22,5,0,,,,3.4256167,0.0,0.0,0.0,0.0
6,23,5,0,,,,2.2992833,0.0,0.0,0.0,0.0
6,24,5,0,,,,0.7608167,0.0,0.0,0.0,0.0
6,1,6,0,,,,0.507,0.0,0.0,0.0,0.0
6,2,6,0,,,,0.507,0.0,0.0,0.0,0.0
6,3,6,0,,,,3.354,0.0,0.0,0.0,0.0
6,4,6,0,,,,0.507,0.0,0.0,0.0,0.0
6,5,6,0,,,,0.7327,0.0,0.0,0.0,1.59
6,6,6,0,,,,0.53686666,0.0,0.0,0.0,1.59
6,7,6,0,,,,0.65855,0.0,0.0,0.0,98.83
6,8,6,0,,,,0.59315,0.0,0.0,0.0,123.3
6,9,6,0,,,,0.5007667,0.0,0.0,0.0,254.65
6,10,6,0,,,,1.5779166,0.0,0.0,0.0,451.96
6,11,6,0,,,,0.8103167,0.0,0.0,0.0,646.66
6,12,6,0,,,,2.7437334,0.0,0.0,0.0,695.53
6,13,6,0,,,,1.7585,0.0,0.0,0.0,698.04
6,14,6,0,,,,0.9236,0.0,0.0,0.0,670.44
6,15,6,0,,,,0.61141664,0.0,0.0,0.0,472.62
6,16,6,0,,,,1.66665,0.0,0.0,0.0,53.13
6,17,6,0,,,,1.96825,0.0,0.0,0.0,27.22
6,18,6,0,,,,0.6268,0.0,0.0,0.0,49.28
6,19,6,0,,,,1.0789833,0.0,0.0,0.0,61.78
6,20,6,0,,,,1.6275667,0.0,0.0,0.0,17.7
6,21,6,0,,,,2.4111667,0.0,0.0,0.0,0.0
6,22,6,0,,,,0.6405333,0.0,0.0,0.0,0.0
6,23,6,0,,,,1.0932167,0.0,0.0,0.0,0.0
6,24,6,0,,,,1.25285,0.0,0.0,0.0,0.0
6,1,7,0,,,,0.507,0.0,0.0,0.0,0.0
6,2,7,0,,,,0.507,0.0,0.0,0.0,0.0
6,3,7,0,,,,0.507,0.0,0.0,0.0,0.0
6,4,7,0,,,,0.6706833,0.0,0.0,0.0,0.0
6,5,7,0,,,,0.7327,0.0,0.0,0.0,1.58
6,6,7,0,,,,0.40834168,0.0,0.0,0.0,21.2
6,7,7,0,,,,1.20745,0.0,0.0,0.0,103.05
6,8,7,0,,,,0.6303833,0.0,0.0,0.0,266.6
6,9,7,0,,,,0.6562,0.0,0.0,0.0,438.14
6,10,7,0,,,,4.85675,0.0,0.0,0.0,592.77
6,11,7,0,,,,2.7256835,0.0,0.0,0.0,706.28
6,12,7,0,,,,2.6502,0.0,0.0,0.0,748.13
6,13,7,0,,,,0.82103336,0.0,0.0,0.0,754.72
6,14,7,0,,,,0.87798333,0.0,0.0,0.0,726.21
6,15,7,0,,,,1.62415,0.0,0.0,0.0,621.97
6,16,7,0,,,,2.6212168,0.0,0.0,0.0,487.88
6,17,7,0,,,,1.895,0.0,0.0,0.0,350.44
6,18,7,0,,,,1.8687667,0.0,0.0,0.0,191.35
6,19,7,0,,,,1.0789833,0.0,0.0,0.0,45.29
6,20,7,0,,,,0.49834168,0.0,0.0,0.0,20.62
6,21,7,0,,,,3.1496665,0.0,0.0,0.0,0.0
6,22,7,0,,,,2.3177166,0.0,0.0,0.0,0.0
6,23,7,0,,,,1.8447334,0.0,0.0,0.0,0.0
6,24,7,0,,,,0.8739667,0.0,0.0,0.0,0.0
6,1,1,0,,,,0.507,0.0,0.0,0.0,0.0
6,2,1,0,,,,0.507,0.0,0.0,0.0,0.0
6,3,1,0,,,,0.507,0.0,0.0,0.0,0.0
6,4,1,0,,,,0.507,0.0,0.0,0.0,0.0
6,5,1,0,,,,0.7327,0.0,0.0,0.0,1.6
6,6,1,0,,,,0.7881,0.0,0.0,0.0,2.02
6,7,1,0,,,,1.1523833,0.0,0.0,0.0,107.93
6,8,1,0,,,,0.61946666,0.0,0.0,0.0,277.76
6,9,1,0,,,,1.02265,0.0,0.0,0.0,459.37
6,10,1,0,,,,1.5140333,0.0,0.0,0.0,578.59
6,11,1,0,,,,1.9034333,0.0,0.0,0.0,656.83
6,12,1,0,,,,0.53143334,0.0,0.0,0.0,689.34
6,13,1,0,,,,0.82103336,0.0,0.0,0.0,661.74
6,14,1,0,,,,0.87798333,0.0,0.0,0.0,559.16
6,15,1,0,,,,0.7262333,0.0,0.0,0.0,515.85
6,16,1,0,,,,1.9034834,0.0,0.0,0.0,326.35
6,17,1,0,,,,1.6193833,0.0,0.0,0.0,301.12
6,18,1,0,,,,0.7417667,0.0,0.0,0.0,189.1
6,19,1,0,,,,0.7424667,0.0,0.0,0.0,44.8
6,20,1,0,,,,0.49834168,0.0,0.0,0.0,20.46
6,21,1,0,,,,3.1239166,0.0,0.0,0.0,0.0
6,22,1,0,,,,2.3177166,0.0,0.0,0.0,0.0
6,23,1,0,,,,3.5570834,0.0,0.0,0.0,0.0
6,24,1,0,,,,2.86705,0.0,0.0,0.0,0.0
6,1,2,0,,,,0.507,0.0,0.0,0.0,0.0
6,2,2,0,,,,0.507,0.0,0.0,0.0,0.0
6,3,2,0,,,,0.507,0.0,0.0,0.0,0.0
6,4,2,0,,,,0.507,0.0,0.0,0.0,0.0
6,5,2,0,,,,0.7327,0.0,0.0,0.0,1.61
6,6,2,0,,,,0.5514167,0.0,0.0,0.0,35.26
6,7,2,0,,,,0.9702,0.0,0.0,0.0,94.92
6,8,2,0,,,,0.58015,0.0,0.0,0.0,263.59
6,9,2,0,,,,0.5699833,0.0,0.0,0.0,403.17
6,10,2,0,,,,1.7968333,0.0,0.0,0.0,570.7
6,11,2,0,,,,2.0688667,0.0,0.0,0.0,631.56
6,12,2,0,,,,2.5522,0.0,0.0,0.0,207.91
6,13,2,0,,,,1.6407,0.0,0.0,0.0,517.15
6,14,2,0,,,,0.54078335,0.0,0.0,0.0,541.0
6,15,2,0,,,,1.3612666,0.0,0.0,0.0,561.06
6,16,2,0,,,,2.0863667,0.0,0.0,0.0,522.32
6,17,2,0,,,,3.0222833,0.0,0.0,0.0,363.85
6,18,2,0,,,,1.3078834,0.0,0.0,0.0,185.36
6,19,2,0,,,,1.0301666,0.0,0.0,0.0,45.05
6,20,2,0,,,,1.6063917,0.0,0.0,0.0,20.35
6,21,2,0,,,,2.4097667,0.0,0.0,0.0,0.0
6,22,2,0,,,,0.95365,0.0,0.0,0.0,0.0
6,23,2,0,,,,3.7157166,0.0,0.0,0.0,0.0
6,24,2,0,,,,0.6612333,0.0,0.0,0.0,0.0
6,1,3,0,,,,0.47548333,0.0,0.0,0.0,0.0
6,2,3,0,,,,2.5317833,0.0,0.0,0.0,0.0
6,3,3,0,,,,3.0977,0.0,0.0,0.0,0.0
6,4,3,0,,,,1.6728333,0.0,0.0,0.0,0.0
6,5,3,0,,,,0.8424,0.0,0.0,0.0,1.59
6,6,3,0,,,,0.8889167,0.0,0.0,0.0,36.42
6,7,3,0,,,,1.2419667,0.0,0.0,0.0,96.18
6,8,3,0,,,,0.41925,0.0,0.0,0.0,264.84
6,9,3,0,,,,0.55618334,0.0,0.0,0.0,435.95
6,10,3,0,,,,1.1649166,0.0,0.0,0.0,569.42
6,11,3,0,,,,2.5056334,0.0,0.0,0.0,670.87
6,12,3,0,,,,3.0617,0.0,0.0,0.0,702.96
6,13,3,0,,,,1.0550667,0.0,0.0,0.0,741.1
6,14,3,0,,,,0.7995667,0.0,0.0,0.0,715.43
6,15,3,0,,,,1.2816666,0.0,0.0,0.0,637.19
6,16,3,0,,,,0.64918333,0.0,0.0,0.0,513.6
6,17,3,0,,,,1.1323833,0.0,0.0,0.0,353.18
6,18,3,0,,,,0.86871666,0.0,0.0,0.0,189.49
6,19,3,0,,,,1.5187666,0.0,0.0,0.0,48.79
6,20,3,0,,,,0.99798334,0.0,0.0,0.0,20.26
6,21,3,0,,,,0.464175,0.0,0.0,0.0,0.0
6,22,3,0,,,,1.2988167,0.0,0.0,0.0,0.0
6,23,3,0,,,,0.6684667,0.0,0.0,0.0,0.0
6,24,3,0,,,,0.513,0.0,0.0,0.0,0.0
6,1,4,0,,,,0.57135,0.0,0.0,0.0,0.0
6,2,4,0,,,,2.1539166,0.0,0.0,0.0,0.0
6,3,4,0,,,,1.49455,0.0,0.0,0.0,0.0
6,4,4,0,,,,0.42348334,0.0,0.0,0.0,0.0
6,5,4,0,,,,0.92876667,0.0,0.0,0.0,1.57
6,6,4,0,,,,0.22611667,0.0,0.0,0.0,26.18
6,7,4,0,,,,0.46216667,0.0,0.0,0.0,104.76
6,8,4,0,,,,0.43938333,0.0,0.0,0.0,256.81
6,9,4,0,,,,0.5642667,0.0,0.0,0.0,425.56
6,10,4,0,,,,0.99843335,0.0,0.0,0.0,566.63
6,11,4,0,,,,2.9084833,0.0,0.0,0.0,671.03
6,12,4,0,,,,2.8356333,0.0,0.0,0.0,655.62
6,13,4,0,,,,1.0837,0.0,0.0,0.0,713.48
6,14,4,0,,,,0.83635,0.0,0.0,0.0,669.16
6,15,4,0,,,,0.39128333,0.0,0.0,0.0,605.15
6,16,4,0,,,,0.6,0.0,0.0,0.0,502.21
6,17,4,0,,,,2.9908166,0.0,0.0,0.0,363.85
6,18,4,0,,,,0.83098334,0.0,0.0,0.0,190.04
6,19,4,0,,,,0.83463335,0.0,0.0,0.0,44.34
6,20,4,0,,,,1.6072917,0.0,0.0,0.0,17.18
6,21,4,0,,,,0.67005,0.0,0.0,0.0,0.0
6,22,4,0,,,,1.2022834,0.0,0.0,0.0,0.0
6,23,4,0,,,,0.63946664,0.0,0.0,0.0,0.0
6,24,4,0,,,,0.468,0.0,0.0,0.0,0.0
6,1,5,0,,,,0.797,0.0,0.0,0.0,0.0
6,2,5,0,,,,0.5132667,0.0,0.0,0.0,0.0
6,3,5,0,,,,0.7639167,0.0,0.0,0.0,0.0
6,4,5,0,,,,2.2755833,0.0,0.0,0.0,0.0
6,5,5,0,,,,0.12000005,0.0,0.0,0.0,0.0
6,6,5,0,,,,0.2118,0.0,0.0,0.0,1.57
6,7,5,0,,,,0.42431667,0.0,0.0,0.0,49.49
6,8,5,0,,,,0.55895,0.0,0.0,0.0,154.93
6,9,5,0,,,,0.4174,0.0,0.0,0.0,54.86
6,10,5,0,,,,1.9039333,0.0,0.0,0.0,132.87
6,11,5,0,,,,1.1744833,0.0,0.0,0.0,457.67
6,12,5,0,,,,5.8026834,0.0,0.0,0.0,549.23
6,13,5,0,,,,1.9205166,0.0,0.0,0.0,721.52
6,14,5,0,,,,0.43123335,0.0,0.0,0.0,665.51
6,15,5,0,,,,0.4293,0.0,0.0,0.0,584.31
6,16,5,0,,,,1.66665,0.0,0.0,0.0,453.34
6,17,5,0,,,,1.9635,0.0,0.0,0.0,223.53
6,18,5,0,,,,0.9999,0.0,0.0,0.0,14.31
6,19,5,0,,,,1.1649834,0.0,0.0,0.0,13.09
6,20,5,0,,,,1.6275667,0.0,0.0,0.0,1.48
6,21,5,0,,,,0.6455667,0.0,0.0,0.0,0.0
6,22,5,0,,,,3.2689834,0.0,0.0,0.0,0.0
6,23,5,0,,,,3.013,0.0,0.0,0.0,0.0
6,24,5,0,,,,3.013,0.0,0.0,0.0,0.0
6,1,6,0,,,,0.507,0.0,0.0,0.0,0.0
6,2,6,0,,,,1.0616666,0.0,0.0,0.0,0.0
6,3,6,0,,,,0.507,0.0,0.0,0.0,0.0
6,4,6,0,,,,0.507,0.0,0.0,0.0,0.0
6,5,6,0,,,,0.7327,0.0,0.0,0.0,0.0
6,6,6,0,,,,0.79651666,0.0,0.0,0.0,1.57
6,7,6,0,,,,0.80616665,0.0,0.0,0.0,11.7
6,8,6,0,,,,0.52498335,0.0,0.0,0.0,160.66
6,9,6,0,,,,0.98801666,0.0,0.0,0.0,330.04
6,10,6,0,,,,1.6666666,0.0,0.0,0.0,574.0
6,11,6,0,,,,2.8132834,0.0,0.0,0.0,683.91
6,12,6,0,,,,2.75575,0.0,0.0,0.0,733.94
6,13,6,0,,,,1.7585,0.0,0.0,0.0,758.37
6,14,6,0,,,,0.9236,0.0,0.0,0.0,744.35
6,15,6,0,,,,1.6534166,0.0,0.0,0.0,649.4
6,16,6,0,,,,2.36105,0.0,0.0,0.0,528.87
6,17,6,0,,,,1.6091666,0.0,0.0,0.0,363.96
6,18,6,0,,,,1.4381,0.0,0.0,0.0,191.0
6,19,6,0,,,,1.1337,0.0,0.0,0.0,49.64
6,20,6,0,,,,1.2615833,0.0,0.0,0.0,21.11
6,21,6,0,,,,1.6761,0.0,0.0,0.0,0.0
6,22,6,0,,,,1.2652833,0.0,0.0,0.0,0.0
6,23,6,0,,,,0.49325,0.0,0.0,0.0,0.0
6,24,6,0,,,,0.6057875,0.0,0.0,0.0,0.0
6,1,7,0,,,,0.568,0.0,0.0,0.0,0.0
6,2,7,0,,,,2.2453833,0.0,0.0,0.0,0.0
6,3,7,0,,,,1.4916667,0.0,0.0,0.0,0.0
6,4,7,0,,,,0.6393667,0.0,0.0,0.0,0.0
6,5,7,0,,,,1.4131666,0.0,0.0,0.0,0.0
6,6,7,0,,,,1.5940334,0.0,0.0,0.0,25.73
6,7,7,0,,,,1.1981417,0.0,0.0,0.0,100.01
6,8,7,0,,,,0.63768333,0.0,0.0,0.0,277.41
6,9,7,0,,,,0.43401667,0.0,0.0,0.0,457.01
6,10,7,0,,,,2.9804833,0.0,0.0,0.0,523.89
6,11,7,0,,,,2.7822833,0.0,0.0,0.0,719.59
6,12,7,0,,,,2.9169,0.0,0.0,0.0,783.55
6,13,7,0,,,,0.9813833,0.0,0.0,0.0,797.14
6,14,7,0,,,,0.5379222,0.0,0.0,0.0,776.84
6,15,7,0,,,,3.2313666,0.0,0.0,0.0,681.62
6,16,7,0,,,,3.553,0.0,0.0,0.0,558.81
6,17,7,0,,,,0.955,0.0,0.0,0.0,394.95
6,18,7,0,,,,2.56315,0.0,0.0,0.0,201.59
6,19,7,0,,,,3.084,0.0,0.0,0.0,37.66
6,20,7,0,,,,1.2135333,0.0,0.0,0.0,21.12
6,21,7,0,,,,1.2495,0.0,0.0,0.0,0.0
6,22,7,0,,,,0.80780834,0.0,0.0,0.0,0.0
6,23,7,0,,,,0.59362084,0.0,0.0,0.0,0.0
6,24,7,0,,,,0.6057875,0.0,0.0,0.0,0.0
6,1,1,0,,,,0.57016665,0.0,0.0,0.0,0.0
6,2,1,0,,,,2.1539166,0.0,0.0,0.0,0.0
6,3,1,0,,,,1.4524666,0.0,0.0,0.0,0.0
6,4,1,0,,,,0.6347833,0.0,0.0,0.0,0.0
6,5,1,0,,,,1.4619167,0.0,0.0,0.0,0.0
6,6,1,0,,,,0.8254167,0.0,0.0,0.0,29.19
6,7,1,0,,,,0.9246,0.0,0.0,0.0,104.21
6,8,1,0,,,,0.75163335,0.0,0.0,0.0,270.41
6,9,1,0,,,,1.0388,0.0,0.0,0.0,441.43
6,10,1,0,,,,2.2611334,0.0,0.0,0.0,560.78
6,11,1,0,,,,2.46365,0.0,0.0,0.0,663.13
6,12,1,0,,,,2.8384833,0.0,0.0,0.0,713.46
6,13,1,0,,,,0.76,0.0,0.0,0.0,739.14
6,14,1,0,,,,1.3002388,0.0,0.0,0.0,704.98
6,15,1,0,,,,3.3436832,0.0,0.0,0.0,622.35
6,16,1,0,,,,3.553,0.0,0.0,0.0,507.75
6,17,1,0,,,,1.5097333,0.0,0.0,0.0,341.97
6,18,1,0,,,,1.76865,0.0,0.0,0.0,198.14
6,19,1,0,,,,3.084,0.0,0.0,0.0,51.17
6,20,1,0,,,,1.2135333,0.0,0.0,0.0,20.95
6,21,1,0,,,,1.0494334,0.0,0.0,0.0,0.0
6,22,1,0,,,,0.80780834,0.0,0.0,0.0,0.0
6,23,1,0,,,,0.59362084,0.0,0.0,0.0,0.0
6,24,1,0,,,,1.40505,0.0,0.0,0.0,0.0
6,1,2,0,,,,0.861,0.0,0.0,0.0,0.0
6,2,2,0,,,,0.5408667,0.0,0.0,0.0,0.0
6,3,2,0,,,,0.54581666,0.0,0.0,0.0,0.0
6,4,2,0,,,,0.71615,0.0,0.0,0.0,0.0
6,5,2,0,,,,1.4256166,0.0,0.0,0.0,0.0
6,6,2,0,,,,1.1257334,0.0,0.0,0.0,35.53
6,7,2,0,,,,0.44861665,0.0,0.0,0.0,95.26
6,8,2,0,,,,0.53131664,0.0,0.0,0.0,217.94
6,9,2,0,,,,0.55343336,0.0,0.0,0.0,407.09
6,10,2,0,,,,0.59561664,0.0,0.0,0.0,558.05
6,11,2,0,,,,2.5017667,0.0,0.0,0.0,499.53
6,12,2,0,,,,3.1615,0.0,0.0,0.0,47.7
6,13,2,0,,,,0.82945,0.0,0.0,0.0,66.82
6,14,2,0,,,,0.47125,0.0,0.0,0.0,78.57
6,15,2,0,,,,0.80471665,0.0,0.0,0.0,85.09
6,16,2,0,,,,0.9966,0.0,0.0,0.0,461.89
6,17,2,0,,,,3.7600334,0.0,0.0,0.0,66.6
6,18,2,0,,,,3.6626832,0.0,0.0,0.0,181.32
6,19,2,0,,,,1.5187666,0.0,0.0,0.0,47.93
6,20,2,0,,,,1.6063917,0.0,0.0,0.0,2.34
6,21,2,0,,,,1.4134667,0.0,0.0,0.0,0.0
6,22,2,0,,,,3.1111166,0.0,0.0,0.0,0.0
6,23,2,0,,,,3.10065,0.0,0.0,0.0,0.0
6,24,2,0,,,,2.8652833,0.0,0.0,0.0,0.0
6,1,3,0,,,,0.47548333,0.0,0.0,0.0,0.0
6,2,3,0,,,,2.5317833,0.0,0.0,0.0,0.0
6,3,3,0,,,,0.3083,0.0,0.0,0.0,0.0
6,4,3,0,,,,0.35456666,0.0,0.0,0.0,0.0
6,5,3,0,,,,0.13460004,0.0,0.0,0.0,0.0
6,6,3,0,,,,0.20753333,0.0,0.0,0.0,20.24
6,7,3,0,,,,0.6201,0.0,0.0,0.0,39.9
6,8,3,0,,,,0.39868334,0.0,0.0,0.0,218.56
6,9,3,0,,,,0.38468334,0.0,0.0,0.0,170.65
6,10,3,0,,,,2.1504,0.0,0.0,0.0,190.47
6,11,3,0,,,,0.9163667,0.0,0.0,0.0,208.76
6,12,3,0,,,,2.7291334,0.0,0.0,0.0,495.0
6,13,3,0,,,,1.4764333,0.0,0.0,0.0,260.66
6,14,3,0,,,,0.52036667,0.0,0.0,0.0,242.12
6,15,3,0,,,,1.1812834,0.0,0.0,0.0,539.21
6,16,3,0,,,,1.7906,0.0,0.0,0.0,544.36
6,17,3,0,,,,0.56045,0.0,0.0,0.0,255.14
6,18,3,0,,,,0.61441666,0.0,0.0,0.0,15.63
6,19,3,0,,,,1.5187666,0.0,0.0,0.0,73.2
6,20,3,0,,,,2.3331666,0.0,0.0,0.0,10.31
6,21,3,0,,,,0.43498334,0.0,0.0,0.0,0.0
6,22,3,0,,,,0.66333336,0.0,0.0,0.0,0.0
6,23,3,0,,,,0.6684667,0.0,0.0,0.0,0.0
6,24,3,0,,,,1.5788584,0.0,0.0,0.0,0.0
6,1,4,0,,,,0.38048333,0.0,0.0,0.0,0.0
6,2,4,0,,,,2.1783834,0.0,0.0,0.0,0.0
6,3,4,0,,,,1.5323666,0.0,0.0,0.0,0.0
6,4,4,0,,,,0.34385002,0.0,0.0,0.0,0.0
6,5,4,0,,,,0.11351671,0.0,0.0,0.0,0.0
6,6,4,0,,,,0.2051,0.0,0.0,0.0,28.54
6,7,4,0,,,,0.82241666,0.0,0.0,0.0,84.25
6,8,4,0,,,,0.38213333,0.0,0.0,0.0,287.66
6,9,4,0,,,,0.5903,0.0,0.0,0.0,483.22
6,10,4,0,,,,1.4602,0.0,0.0,0.0,604.5
6,11,4,0,,,,1.7399666,0.0,0.0,0.0,626.95
6,12,4,0,,,,2.3040166,0.0,0.0,0.0,464.18
6,13,4,0,,,,1.0789,0.0,0.0,0.0,667.53
6,14,4,0,,,,0.58155,0.0,0.0,0.0,120.37
6,15,4,0,,,,0.50245,0.0,0.0,0.0,314.04
6,16,4,0,,,,0.71171665,0.0,0.0,0.0,83.74
6,17,4,0,,,,1.70365,0.0,0.0,0.0,315.22
6,18,4,0,,,,0.63598335,0.0,0.0,0.0,167.09
6,19,4,0,,,,1.3737333,0.0,0.0,0.0,40.26
6,20,4,0,,,,1.6072917,0.0,0.0,0.0,20.72
6,21,4,0,,,,2.5085166,0.0,0.0,0.0,0.0
6,22,4,0,,,,0.6760333,0.0,0.0,0.0,0.0
6,23,4,0,,,,1.433725,0.0,0.0,0.0,0.0
6,24,4,0,,,,0.76272917,0.0,0.0,0.0,0.0
6,1,5,0,,,,0.42395,0.0,0.0,0.0,0.0
6,2,5,0,,,,0.41861665,0.0,0.0,0.0,0.0
6,3,5,0,,,,0.29711667,0.0,0.0,0.0,0.0
6,4,5,0,,,,0.34385002,0.0,0.0,0.0,0.0
6,5,5,0,,,,0.12000005,0.0,0.0,0.0,0.0
6,6,5,0,,,,0.21086666,0.0,0.0,0.0,1.66
6,7,5,0,,,,0.37488332,0.0,0.0,0.0,9.01
6,8,5,0,,,,0.51015,0.0,0.0,0.0,50.33
6,9,5,0,,,,0.52578336,0.0,0.0,0.0,92.18
6,10,5,0,,,,1.7551833,0.0,0.0,0.0,378.8
6,11,5,0,,,,2.2235832,0.0,0.0,0.0,696.78
6,12,5,0,,,,5.8026834,0.0,0.0,0.0,441.16
6,13,5,0,,,,1.8783333,0.0,0.0,0.0,535.93
6,14,5,0,,,,0.6713167,0.0,0.0,0.0,584.37
6,15,5,0,,,,0.43508333,0.0,0.0,0.0,680.57
6,16,5,0,,,,1.7144333,0.0,0.0,0.0,424.74
6,17,5,0,,,,1.6600833,0.0,0.0,0.0,390.19
6,18,5,0,,,,0.5930167,0.0,0.0,0.0,192.68
6,19,5,0,,,,1.0219333,0.0,0.0,0.0,44.26
6,20,5,0,,,,1.6275667,0.0,0.0,0.0,21.33
6,21,5,0,,,,2.62555,0.0,0.0,0.0,0.0
6,22,5,0,,,,2.8486333,0.0,0.0,0.0,0.0
6,23,5,0,,,,3.2464957,0.0,0.0,0.0,0.0
6,24,5,0,,,,0.7660667,0.0,0.0,0.0,0.0
7,1,6,0,,,,1.0060333,0.0,0.0,0.0,0.0
7,2,6,0,,,,1.03145,0.0,0.0,0.0,0.0
7,3,6,0,,,,1.0524833,0.0,0.0,0.0,0.0
7,4,6,0,,,,1.1848834,0.0,0.0,0.0,0.0
7,5,6,0,,,,1.2667167,0.0,0.0,0.0,0.0
7,6,6,0,,,,0.9347,0.0,0.0,0.0,36.2
7,7,6,0,,,,0.69415,0.0,0.0,0.0,87.64
7,8,6,0,,,,0.9237667,0.0,0.0,0.0,264.07
7,9,6,0,,,,0.6164167,0.0,0.0,0.0,438.36
7,10,6,0,,,,2.0452,0.0,0.0,0.0,587.05
7,11,6,0,,,,2.4953666,0.0,0.0,0.0,684.31
7,12,6,0,,,,2.6399167,0.0,0.0,0.0,736.15
7,13,6,0,,,,0.9367,0.0,0.0,0.0,757.63
7,14,6,0,,,,0.77145,0.0,0.0,0.0,728.24
7,15,6,0,,,,0.80408335,0.0,0.0,0.0,645.67
7,16,6,0,,,,1.40505,0.0,0.0,0.0,534.61
7,17,6,0,,,,1.3242333,0.0,0.0,0.0,373.48
7,18,6,0,,,,3.5696332,0.0,0.0,0.0,193.25
7,19,6,0,,,,3.2799833,0.0,0.0,0.0,52.03
7,20,6,0,,,,0.9116,0.0,0.0,0.0,19.49
7,21,6,0,,,,0.38515,0.0,0.0,0.0,0.0
7,22,6,0,,,,0.554,0.0,0.0,0.0,0.0
7,23,6,0,,,,1.0932167,0.0,0.0,0.0,0.0
7,24,6,0,,,,1.738125,0.0,0.0,0.0,0.0
7,1,7,0,,,,0.65463334,0.0,0.0,0.0,0.0
7,2,7,0,,,,0.60495,0.0,0.0,0.0,0.0
7,3,7,0,,,,0.68628335,0.0,0.0,0.0,0.0
7,4,7,0,,,,0.63276666,0.0,0.0,0.0,0.0
7,5,7,0,,,,0.61231667,0.0,0.0,0.0,0.0
7,6,7,0,,,,0.65991664,0.0,0.0,0.0,29.48
7,7,7,0,,,,1.1346667,0.0,0.0,0.0,97.95
7,8,7,0,,,,1.4790666,0.0,0.0,0.0,225.87
7,9,7,0,,,,1.14525,0.0,0.0,0.0,393.48
7,10,7,0,,,,2.3451667,0.0,0.0,0.0,319.71
7,11,7,0,,,,2.8128166,0.0,0.0,0.0,652.0
7,12,7,0,,,,3.1104167,0.0,0.0,0.0,669.68
7,13,7,0,,,,1.1864667,0.0,0.0,0.0,232.5
7,14,7,0,,,,1.0329334,0.0,0.0,0.0,126.59
7,15,7,0,,,,1.0898,0.0,0.0,0.0,322.32
7,16,7,0,,,,1.0113,0.0,0.0,0.0,515.49
7,17,7,0,,,,3.6092668,0.0,0.0,0.0,185.24
7,18,7,0,,,,4.0156665,0.0,0.0,0.0,184.46
7,19,7,0,,,,3.9935,0.0,0.0,0.0,54.69
7,20,7,0,,,,1.83715,0.0,0.0,0.0,19.44
7,21,7,0,,,,0.62918335,0.0,0.0,0.0,0.0
7,22,7,0,,,,1.1642,0.0,0.0,0.0,0.0
7,23,7,0,,,,1.1134334,0.0,0.0,0.0,0.0
7,24,7,0,,,,1.100375,0.0,0.0,0.0,0.0
7,1,1,0,,,,0.6225833,0.0,0.0,0.0,0.0
7,2,1,0,,,,0.62813336,0.0,0.0,0.0,0.0
7,3,1,0,,,,0.67108333,0.0,0.0,0.0,0.0
7,4,1,0,,,,1.2899667,0.0,0.0,0.0,0.0
7,5,1,0,,,,1.4648167,0.0,0.0,0.0,0.0
7,6,1,0,,,,0.72061664,0.0,0.0,0.0,34.75
7,7,1,0,,,,0.5631,0.0,0.0,0.0,88.42
7,8,1,0,,,,0.5606167,0.0,0.0,0.0,274.14
7,9,1,0,,,,0.5575,0.0,0.0,0.0,462.98
7,10,1,0,,,,2.0561166,0.0,0.0,0.0,625.08
7,11,1,0,,,,2.4662,0.0,0.0,0.0,723.58
7,12,1,0,,,,2.5847332,0.0,0.0,0.0,605.93
7,13,1,0,,,,0.8632,0.0,0.0,0.0,636.66
7,14,1,0,,,,0.52673334,0.0,0.0,0.0,707.46
7,15,1,0,,,,0.51785,0.0,0.0,0.0,620.33
7,16,1,0,,,,0.5152,0.0,0.0,0.0,526.77
7,17,1,0,,,,2.35875,0.0,0.0,0.0,339.2
7,18,1,0,,,,3.7321,0.0,0.0,0.0,191.05
7,19,1,0,,,,3.6460166,0.0,0.0,0.0,73.8
7,20,1,0,,,,1.1577667,0.0,0.0,0.0,21.66
7,21,1,0,,,,0.28511667,0.0,0.0,0.0,0.0
7,22,1,0,,,,0.23535001,0.0,0.0,0.0,0.0
7,23,1,0,,,,1.0167834,0.0,0.0,0.0,0.0
7,24,1,0,,,,1.40505,0.0,0.0,0.0,0.0
7,1,2,0,,,,0.49058333,0.0,0.0,0.0,0.0
7,2,2,0,,,,0.45743334,0.0,0.0,0.0,0.0
7,3,2,0,,,,0.43908334,0.0,0.0,0.0,0.0
7,4,2,0,,,,0.71615,0.0,0.0,0.0,0.0
7,5,2,0,,,,0.89318335,0.0,0.0,0.0,0.0
7,6,2,0,,,,1.0741667,0.0,0.0,0.0,35.37
7,7,2,0,,,,0.66856664,0.0,0.0,0.0,102.96
7,8,2,0,,,,0.5351,0.0,0.0,0.0,247.95
7,9,2,0,,,,0.53463334,0.0,0.0,0.0,469.21
7,10,2,0,,,,1.8639166,0.0,0.0,0.0,609.59
7,11,2,0,,,,2.2993917,0.0,0.0,0.0,459.7
7,12,2,0,,,,2.4516833,0.0,0.0,0.0,607.74
7,13,2,0,,,,1.4791,0.0,0.0,0.0,662.93
7,14,2,0,,,,0.99118334,0.0,0.0,0.0,557.53
7,15,2,0,,,,0.53003335,0.0,0.0,0.0,344.08
7,16,2,0,,,,0.50595,0.0,0.0,0.0,326.42
7,17,2,0,,,,1.1787666,0.0,0.0,0.0,165.09
7,18,2,0,,,,1.6589333,0.0,0.0,0.0,190.2
7,19,2,0,,,,1.4129167,0.0,0.0,0.0,69.21
7,20,2,0,,,,0.41133332,0.0,0.0,0.0,20.63
7,21,2,0,,,,0.58236665,0.0,0.0,0.0,0.0
7,22,2,0,,,,0.9342,0.0,0.0,0.0,0.0
7,23,2,0,,,,3.10065,0.0,0.0,0.0,0.0
7,24,2,0,,,,2.8493834,0.0,0.0,0.0,0.0
7,1,3,0,,,,0.5236833,0.0,0.0,0.0,0.0
7,2,3,0,,,,2.5317833,0.0,0.0,0.0,0.0
7,3,3,0,,,,2.1765666,0.0,0.0,0.0,0.0
7,4,3,0,,,,1.66015,0.0,0.0,0.0,0.0
7,5,3,0,,,,0.83895,0.0,0.0,0.0,0.0
7,6,3,0,,,,1.2695,0.0,0.0,0.0,35.76
7,7,3,0,,,,0.7541,0.0,0.0,0.0,83.0
7,8,3,0,,,,0.5068,0.0,0.0,0.0,266.19
7,9,3,0,,,,0.5567167,0.0,0.0,0.0,451.76
7,10,3,0,,,,1.7559333,0.0,0.0,0.0,614.7
7,11,3,0,,,,2.1967833,0.0,0.0,0.0,654.02
7,12,3,0,,,,2.6847167,0.0,0.0,0.0,628.25
7,13,3,0,,,,4.0670166,0.0,0.0,0.0,625.32
7,14,3,0,,,,0.59468335,0.0,0.0,0.0,571.17
7,15,3,0,,,,0.76023334,0.0,0.0,0.0,533.06
7,16,3,0,,,,3.5262,0.0,0.0,0.0,391.09
7,17,3,0,,,,3.8938832,0.0,0.0,0.0,283.78
7,18,3,0,,,,3.7650166,0.0,0.0,0.0,142.23
7,19,3,0,,,,2.7045,0.0,0.0,0.0,8.06
7,20,3,0,,,,0.93285,0.0,0.0,0.0,1.16
7,21,3,0,,,,0.8203167,0.0,0.0,0.0,0.0
7,22,3,0,,,,1.1741416,0.0,0.0,0.0,0.0
7,23,3,0,,,,3.3883166,0.0,0.0,0.0,0.0
7,24,3,0,,,,1.73185,0.0,0.0,0.0,0.0
7,1,4,0,,,,0.7108167,0.0,0.0,0.0,0.0
7,2,4,0,,,,0.7206333,0.0,0.0,0.0,0.0
7,3,4,0,,,,0.7482833,0.0,0.0,0.0,0.0
7,4,4,0,,,,0.8142667,0.0,0.0,0.0,0.0
7,5,4,0,,,,0.90816665,0.0,0.0,0.0,0.0
7,6,4,0,,,,1.2415,0.0,0.0,0.0,10.57
7,7,4,0,,,,0.5696333,0.0,0.0,0.0,89.89
7,8,4,0,,,,0.5140667,0.0,0.0,0.0,273.5
7,9,4,0,,,,0.5320333,0.0,0.0,0.0,419.1
7,10,4,0,,,,1.79415,0.0,0.0,0.0,592.35
7,11,4,0,,,,2.2356834,0.0,0.0,0.0,586.01
7,12,4,0,,,,2.4323168,0.0,0.0,0.0,666.24
7,13,4,0,,,,2.11615,0.0,0.0,0.0,641.59
7,14,4,0,,,,1.62755,0.0,0.0,0.0,723.97
7,15,4,0,,,,2.4083166,0.0,0.0,0.0,663.62
7,16,4,0,,,,1.5623667,0.0,0.0,0.0,540.39
7,17,4,0,,,,1.8248333,0.0,0.0,0.0,395.86
7,18,4,0,,,,3.3852,0.0,0.0,0.0,207.82
7,19,4,0,,,,4.2955832,0.0,0.0,0.0,56.89
7,20,4,0,,,,1.2298,0.0,0.0,0.0,21.01
7,21,4,0,,,,1.27815,0.0,0.0,0.0,0.0
7,22,4,0,,,,3.4244332,0.0,0.0,0.0,0.0
7,23,4,0,,,,3.3822668,0.0,0.0,0.0,0.0
7,24,4,0,,,,2.0367084,0.0,0.0,0.0,0.0
7,1,5,0,,,,0.658575,0.0,0.0,0.0,0.0
7,2,5,0,,,,0.64453334,0.0,0.0,0.0,0.0
7,3,5,0,,,,3.2540834,0.0,0.0,0.0,0.0
7,4,5,0,,,,2.2755833,0.0,0.0,0.0,0.0
7,5,5,0,,,,0.9652,0.0,0.0,0.0,0.0
7,6,5,0,,,,1.03755,0.0,0.0,0.0,1.21
7,7,5,0,,,,0.6269,0.0,0.0,0.0,10.1
7,8,5,0,,,,0.6339667,0.0,0.0,0.0,231.17
7,9,5,0,,,,0.61805,0.0,0.0,0.0,304.44
7,10,5,0,,,,1.8528666,0.0,0.0,0.0,578.77
7,11,5,0,,,,2.2372334,0.0,0.0,0.0,76.96
7,12,5,0,,,,2.3908,0.0,0.0,0.0,173.37
7,13,5,0,,,,1.8230166,0.0,0.0,0.0,520.47
7,14,5,0,,,,1.1967334,0.0,0.0,0.0,461.3
7,15,5,0,,,,0.60833335,0.0,0.0,0.0,662.5
7,16,5,0,,,,4.0423,0.0,0.0,0.0,281.98
7,17,5,0,,,,4.0766835,0.0,0.0,0.0,157.07
7,18,5,0,,,,3.7611666,0.0,0.0,0.0,113.83
7,19,5,0,,,,3.9923666,0.0,0.0,0.0,5.9
7,20,5,0,,,,1.6707,0.0,0.0,0.0,0.45
7,21,5,0,,,,1.50705,0.0,0.0,0.0,0.0
7,22,5,0,,,,3.5404334,0.0,0.0,0.0,0.0
7,23,5,0,,,,3.4952667,0.0,0.0,0.0,0.0
7,24,5,0,,,,3.2158666,0.0,0.0,0.0,0.0
7,1,6,0,,,,0.72625,0.0,0.0,0.0,0.0
7,2,6,0,,,,0.95386666,0.0,0.0,0.0,0.0
7,3,6,0,,,,0.86088336,0.0,0.0,0.0,0.0
7,4,6,0,,,,1.4253167,0.0,0.0,0.0,0.0
7,5,6,0,,,,1.58245,0.0,0.0,0.0,0.0
7,6,6,0,,,,0.7117,0.0,0.0,0.0,1.22
7,7,6,0,,,,0.56561667,0.0,0.0,0.0,8.34
7,8,6,0,,,,0.6950833,0.0,0.0,0.0,43.51
7,9,6,0,,,,0.9442,0.0,0.0,0.0,193.25
7,10,6,0,,,,1.8612666,0.0,0.0,0.0,566.62
7,11,6,0,,,,5.3570666,0.0,0.0,0.0,517.35
7,12,6,0,,,,5.413814,0.0,0.0,0.0,421.59
7,13,6,0,,,,4.6577168,0.0,0.0,0.0,513.75
7,14,6,0,,,,3.7604666,0.0,0.0,0.0,514.16
7,15,6,0,,,,3.6922333,0.0,0.0,0.0,133.07
7,16,6,0,,,,3.48185,0.0,0.0,0.0,323.88
7,17,6,0,,,,3.0477333,0.0,0.0,0.0,272.93
7,18,6,0,,,,0.5145,0.0,0.0,0.0,160.49
7,19,6,0,,,,0.49366668,0.0,0.0,0.0,72.47
7,20,6,0,,,,0.34553334,0.0,0.0,0.0,20.61
7,21,6,0,,,,0.35228333,0.0,0.0,0.0,0.0
7,22,6,0,,,,0.32981667,0.0,0.0,0.0,0.0
7,23,6,0,,,,0.32913333,0.0,0.0,0.0,0.0
7,24,6,0,,,,0.359825,0.0,0.0,0.0,0.0
7,1,7,0,,,,0.40873334,0.0,0.0,0.0,0.0
7,2,7,0,,,,0.33495,0.0,0.0,0.0,0.0
7,3,7,0,,,,0.3032,0.0,0.0,0.0,0.0
7,4,7,0,,,,0.42348334,0.0,0.0,0.0,0.0
7,5,7,0,,,,1.1404,0.0,0.0,0.0,0.0
7,6,7,0,,,,0.87953335,0.0,0.0,0.0,19.27
7,7,7,0,,,,0.7202833,0.0,0.0,0.0,87.63
7,8,7,0,,,,1.7769834,0.0,0.0,0.0,268.44
7,9,7,0,,,,2.1014333,0.0,0.0,0.0,429.86
7,10,7,0,,,,2.3073666,0.0,0.0,0.0,570.93
7,11,7,0,,,,1.6868334,0.0,0.0,0.0,692.09
7,12,7,0,,,,5.90715,0.0,0.0,0.0,699.43
7,13,7,0,,,,3.8011668,0.0,0.0,0.0,416.54
7,14,7,0,,,,4.373017,0.0,0.0,0.0,661.77
7,15,7,0,,,,3.666225,0.0,0.0,0.0,555.9
7,16,7,0,,,,4.412083,0.0,0.0,0.0,484.29
7,17,7,0,,,,4.4400334,0.0,0.0,0.0,227.48
7,18,7,0,,,,4.272967,0.0,0.0,0.0,199.43
7,19,7,0,,,,2.7589,0.0,0.0,0.0,51.5
7,20,7,0,,,,1.0296667,0.0,0.0,0.0,16.29
7,21,7,0,,,,0.68483335,0.0,0.0,0.0,0.0
7,22,7,0,,,,1.01955,0.0,0.0,0.0,0.0
7,23,7,0,,,,0.96706665,0.0,0.0,0.0,0.0
7,24,7,0,,,,1.0287417,0.0,0.0,0.0,0.0
7,1,1,0,,,,0.5219333,0.0,0.0,0.0,0.0
7,2,1,0,,,,2.8597167,0.0,0.0,0.0,0.0
7,3,1,0,,,,2.345,0.0,0.0,0.0,0.0
7,4,1,0,,,,2.0861,0.0,0.0,0.0,0.0
7,5,1,0,,,,1.4479166,0.0,0.0,0.0,0.0
7,6,1,0,,,,0.71208334,0.0,0.0,0.0,30.79
7,7,1,0,,,,0.7423667,0.0,0.0,0.0,35.45
7,8,1,0,,,,0.57638335,0.0,0.0,0.0,194.93
7,9,1,0,,,,0.5587,0.0,0.0,0.0,70.24
7,10,1,0,,,,1.7946,0.0,0.0,0.0,157.14
7,11,1,0,,,,2.2184167,0.0,0.0,0.0,220.7
7,12,1,0,,,,2.4058332,0.0,0.0,0.0,721.58
7,13,1,0,,,,1.84445,0.0,0.0,0.0,602.41
7,14,1,0,,,,1.14945,0.0,0.0,0.0,426.88
7,15,1,0,,,,0.61715,0.0,0.0,0.0,314.24
7,16,1,0,,,,3.4271166,0.0,0.0,0.0,431.08
7,17,1,0,,,,3.4331958,0.0,0.0,0.0,284.86
7,18,1,0,,,,4.0293,0.0,0.0,0.0,109.57
7,19,1,0,,,,2.4672334,0.0,0.0,0.0,72.61
7,20,1,0,,,,0.6436167,0.0,0.0,0.0,20.26
7,21,1,0,,,,0.46646667,0.0,0.0,0.0,0.0
7,22,1,0,,,,0.5136833,0.0,0.0,0.0,0.0
7,23,1,0,,,,1.9934,0.0,0.0,0.0,0.0
7,24,1,0,,,,2.994675,0.0,0.0,0.0,0.0
7,1,2,0,,,,0.6523,0.0,0.0,0.0,0.0
7,2,2,0,,,,0.6531,0.0,0.0,0.0,0.0
7,3,2,0,,,,0.63725,0.0,0.0,0.0,0.0
7,4,2,0,,,,0.90706664,0.0,0.0,0.0,0.0
7,5,2,0,,,,1.3619833,0.0,0.0,0.0,0.0
7,6,2,0,,,,0.9421833,0.0,0.0,0.0,0.87
7,7,2,0,,,,0.5775833,0.0,0.0,0.0,8.51
7,8,2,0,,,,0.5036167,0.0,0.0,0.0,33.76
7,9,2,0,,,,0.5547,0.0,0.0,0.0,128.24
7,10,2,0,,,,1.7555166,0.0,0.0,0.0,245.13
7,11,2,0,,,,2.183504,0.0,0.0,0.0,432.39
7,12,2,0,,,,2.3778834,0.0,0.0,0.0,542.47
7,13,2,0,,,,1.8403667,0.0,0.0,0.0,439.91
7,14,2,0,,,,2.7729666,0.0,0.0,0.0,282.27
7,15,2,0,,,,1.5381,0.0,0.0,0.0,259.16
7,16,2,0,,,,1.5268,0.0,0.0,0.0,262.77
7,17,2,0,,,,1.1974,0.0,0.0,0.0,265.21
7,18,2,0,,,,1.1498166,0.0,0.0,0.0,186.14
7,19,2,0,,,,2.2338333,0.0,0.0,0.0,15.22
7,20,2,0,,,,0.8731,0.0,0.0,0.0,20.31
7,21,2,0,,,,1.1759334,0.0,0.0,0.0,0.0
7,22,2,0,,,,3.3430333,0.0,0.0,0.0,0.0
7,23,2,0,,,,3.7157166,0.0,0.0,0.0,0.0
7,24,2,0,,,,2.0709667,0.0,0.0,0.0,0.0
7,1,3,0,,,,0.70178336,0.0,0.0,0.0,0.0
7,2,3,0,,,,0.6245,0.0,0.0,0.0,0.0
7,3,3,0,,,,0.6988,0.0,0.0,0.0,0.0
7,4,3,0,,,,0.6364,0.0,0.0,0.0,0.0
7,5,3,0,,,,0.68661666,0.0,0.0,0.0,0.0
7,6,3,0,,,,0.87295,0.0,0.0,0.0,28.73
7,7,3,0,,,,1.0142,0.0,0.0,0.0,67.63
7,8,3,0,,,,0.87838334,0.0,0.0,0.0,68.28
7,9,3,0,,,,0.56255,0.0,0.0,0.0,303.87
7,10,3,0,,,,1.7696,0.0,0.0,0.0,451.04
7,11,3,0,,,,2.2095,0.0,0.0,0.0,628.65
7,12,3,0,,,,2.3331833,0.0,0.0,0.0,275.63
7,13,3,0,,,,1.6212,0.0,0.0,0.0,377.22
7,14,3,0,,,,0.5434,0.0,0.0,0.0,120.49
7,15,3,0,,,,0.55161667,0.0,0.0,0.0,463.98
7,16,3,0,,,,1.4788667,0.0,0.0,0.0,414.6
7,17,3,0,,,,4.04175,0.0,0.0,0.0,385.21
7,18,3,0,,,,3.8835666,0.0,0.0,0.0,53.65
7,19,3,0,,,,3.0704,0.0,0.0,0.0,56.4
7,20,3,0,,,,0.97515,0.0,0.0,0.0,18.85
7,21,3,0,,,,1.6173834,0.0,0.0,0.0,0.0
7,22,3,0,,,,3.2238834,0.0,0.0,0.0,0.0
7,23,3,0,,,,1.9106555,0.0,0.0,0.0,0.0
7,24,3,0,,,,1.5781083,0.0,0.0,0.0,0.0
7,1,4,0,,,,0.57135,0.0,0.0,0.0,0.0
7,2,4,0,,,,0.6361,0.0,0.0,0.0,0.0
7,3,4,0,,,,0.55471665,0.0,0.0,0.0,0.0
7,4,4,0,,,,0.7079333,0.0,0.0,0.0,0.0
7,5,4,0,,,,1.0206167,0.0,0.0,0.0,0.0
7,6,4,0,,,,1.9771333,0.0,0.0,0.0,28.74
7,7,4,0,,,,1.0651333,0.0,0.0,0.0,87.97
7,8,4,0,,,,0.8958833,0.0,0.0,0.0,259.86
7,9,4,0,,,,1.3876667,0.0,0.0,0.0,428.57
7,10,4,0,,,,1.6596333,0.0,0.0,0.0,587.78
7,11,4,0,,,,1.3922833,0.0,0.0,0.0,667.11
7,12,4,0,,,,1.2285833,0.0,0.0,0.0,707.14
7,13,4,0,,,,0.50985,0.0,0.0,0.0,712.05
7,14,4,0,,,,0.5409333,0.0,0.0,0.0,682.24
7,15,4,0,,,,0.53111666,0.0,0.0,0.0,502.6
7,16,4,0,,,,0.5142,0.0,0.0,0.0,540.49
7,17,4,0,,,,0.954,0.0,0.0,0.0,252.56
7,18,4,0,,,,1.21855,0.0,0.0,0.0,190.82
7,19,4,0,,,,1.3439167,0.0,0.0,0.0,48.61
7,20,4,0,,,,1.3084333,0.0,0.0,0.0,18.64
7,21,4,0,,,,0.82063335,0.0,0.0,0.0,0.0
7,22,4,0,,,,0.49223334,0.0,0.0,0.0,0.0
7,23,4,0,,,,0.5515,0.0,0.0,0.0,0.0
7,24,4,0,,,,1.0818833,0.0,0.0,0.0,0.0
7,1,5,0,,,,1.238,0.0,0.0,0.0,0.0
7,2,5,0,,,,0.52993333,0.0,0.0,0.0,0.0
7,3,5,0,,,,0.52683336,0.0,0.0,0.0,0.0
7,4,5,0,,,,0.53721666,0.0,0.0,0.0,0.0
7,5,5,0,,,,0.7561,0.0,0.0,0.0,0.0
7,6,5,0,,,,0.76021665,0.0,0.0,0.0,3.51
7,7,5,0,,,,0.7098,0.0,0.0,0.0,49.78
7,8,5,0,,,,0.54683334,0.0,0.0,0.0,94.9
7,9,5,0,,,,0.48615,0.0,0.0,0.0,331.24
7,10,5,0,,,,0.5553333,0.0,0.0,0.0,553.51
7,11,5,0,,,,0.9105333,0.0,0.0,0.0,669.94
7,12,5,0,,,,0.90996665,0.0,0.0,0.0,511.84
7,13,5,0,,,,1.3047167,0.0,0.0,0.0,289.31
7,14,5,0,,,,1.31715,0.0,0.0,0.0,49.37
7,15,5,0,,,,0.5189833,0.0,0.0,0.0,39.27
7,16,5,0,,,,0.5624833,0.0,0.0,0.0,164.84
7,17,5,0,,,,1.0954666,0.0,0.0,0.0,66.78
7,18,5,0,,,,1.8826333,0.0,0.0,0.0,182.02
7,19,5,0,,,,1.4309666,0.0,0.0,0.0,68.23
7,20,5,0,,,,1.2488166,0.0,0.0,0.0,17.6
7,21,5,0,,,,0.91936666,0.0,0.0,0.0,0.0
7,22,5,0,,,,0.88528335,0.0,0.0,0.0,0.0
7,23,5,0,,,,0.5212833,0.0,0.0,0.0,0.0
7,24,5,0,,,,0.87691665,0.0,0.0,0.0,0.0
7,1,6,0,,,,2.2031834,0.0,0.0,0.0,0.0
7,2,6,0,,,,0.5319667,0.0,0.0,0.0,0.0
7,3,6,0,,,,0.5157833,0.0,0.0,0.0,0.0
7,4,6,0,,,,0.53895,0.0,0.0,0.0,0.0
7,5,6,0,,,,1.01745,0.0,0.0,0.0,0.0
7,6,6,0,,,,1.33025,0.0,0.0,0.0,0.85
7,7,6,0,,,,0.7542167,0.0,0.0,0.0,7.8
7,8,6,0,,,,0.5608,0.0,0.0,0.0,27.6
7,9,6,0,,,,0.5082167,0.0,0.0,0.0,89.49
7,10,6,0,,,,0.97758335,0.0,0.0,0.0,98.36
7,11,6,0,,,,1.4726167,0.0,0.0,0.0,185.01
7,12,6,0,,,,1.2373834,0.0,0.0,0.0,129.13
7,13,6,0,,,,1.4322166,0.0,0.0,0.0,106.53
7,14,6,0,,,,1.4672834,0.0,0.0,0.0,140.36
7,15,6,0,,,,0.53581667,0.0,0.0,0.0,357.76
7,16,6,0,,,,0.51755,0.0,0.0,0.0,162.26
7,17,6,0,,,,1.11045,0.0,0.0,0.0,164.05
7,18,6,0,,,,2.0556,0.0,0.0,0.0,186.08
7,19,6,0,,,,1.66905,0.0,0.0,0.0,69.32
7,20,6,0,,,,1.13095,0.0,0.0,0.0,17.61
7,21,6,0,,,,1.1499833,0.0,0.0,0.0,0.0
7,22,6,0,,,,0.49923334,0.0,0.0,0.0,0.0
7,23,6,0,,,,0.5495167,0.0,0.0,0.0,0.0
7,24,6,0,,,,0.873125,0.0,0.0,0.0,0.0
7,1,7,0,,,,2.7402167,0.0,0.0,0.0,0.0
7,2,7,0,,,,0.65931666,0.0,0.0,0.0,0.0
7,3,7,0,,,,0.5991667,0.0,0.0,0.0,0.0
7,4,7,0,,,,1.1197667,0.0,0.0,0.0,0.0
7,5,7,0,,,,0.8663667,0.0,0.0,0.0,0.0
7,6,7,0,,,,1.0529083,0.0,0.0,0.0,0.87
7,7,7,0,,,,0.77035,0.0,0.0,0.0,82.73
7,8,7,0,,,,0.5385,0.0,0.0,0.0,254.03
7,9,7,0,,,,0.4976,0.0,0.0,0.0,436.02
7,10,7,0,,,,0.9935167,0.0,0.0,0.0,600.67
7,11,7,0,,,,1.3329,0.0,0.0,0.0,694.26
7,12,7,0,,,,0.97755,0.0,0.0,0.0,746.07
7,13,7,0,,,,2.2620332,0.0,0.0,0.0,776.64
7,14,7,0,,,,5.2403336,0.0,0.0,0.0,748.24
7,15,7,0,,,,4.2058835,0.0,0.0,0.0,659.69
7,16,7,0,,,,3.1816666,0.0,0.0,0.0,424.99
7,17,7,0,,,,1.9970334,0.0,0.0,0.0,313.27
7,18,7,0,,,,2.7298667,0.0,0.0,0.0,38.85
7,19,7,0,,,,3.3110833,0.0,0.0,0.0,47.77
7,20,7,0,,,,2.2860668,0.0,0.0,0.0,17.36
7,21,7,0,,,,0.6960833,0.0,0.0,0.0,0.0
7,22,7,0,,,,1.03405,0.0,0.0,0.0,0.0
7,23,7,0,,,,1.1105,0.0,0.0,0.0,0.0
7,24,7,0,,,,1.2162334,0.0,0.0,0.0,0.0
7,1,1,0,,,,0.6653,0.0,0.0,0.0,0.0
7,2,1,0,,,,0.6304833,0.0,0.0,0.0,0.0
7,3,1,0,,,,0.6182917,0.0,0.0,0.0,0.0
7,4,1,0,,,,0.6393667,0.0,0.0,0.0,0.0
7,5,1,0,,,,1.126,0.0,0.0,0.0,0.0
7,6,1,0,,,,1.6844167,0.0,0.0,0.0,0.49
7,7,1,0,,,,1.41175,0.0,0.0,0.0,7.79
7,8,1,0,,,,0.7757667,0.0,0.0,0.0,37.04
7,9,1,0,,,,2.4916832,0.0,0.0,0.0,33.23
7,10,1,0,,,,2.8037834,0.0,0.0,0.0,53.35
7,11,1,0,,,,1.9473667,0.0,0.0,0.0,698.47
7,12,1,0,,,,1.2360166,0.0,0.0,0.0,463.66
7,13,1,0,,,,0.56333333,0.0,0.0,0.0,598.32
7,14,1,0,,,,0.52711666,0.0,0.0,0.0,446.51
7,15,1,0,,,,0.5895333,0.0,0.0,0.0,618.84
7,16,1,0,,,,0.95355,0.0,0.0,0.0,129.37
7,17,1,0,,,,3.46645,0.0,0.0,0.0,215.72
7,18,1,0,,,,3.8789833,0.0,0.0,0.0,143.62
7,19,1,0,,,,2.9602666,0.0,0.0,0.0,17.75
7,20,1,0,,,,4.0638,0.0,0.0,0.0,13.37
7,21,1,0,,,,3.8169334,0.0,0.0,0.0,0.0
7,22,1,0,,,,1.81725,0.0,0.0,0.0,0.0
7,23,1,0,,,,1.43265,0.0,0.0,0.0,0.0
7,24,1,0,,,,1.1874583,0.0,0.0,0.0,0.0
7,1,2,0,,,,0.5258,0.0,0.0,0.0,0.0
7,2,2,0,,,,0.55843335,0.0,0.0,0.0,0.0
7,3,2,0,,,,0.55831665,0.0,0.0,0.0,0.0
7,4,2,0,,,,0.532,0.0,0.0,0.0,0.0
7,5,2,0,,,,0.7202167,0.0,0.0,0.0,0.0
7,6,2,0,,,,1.3019,0.0,0.0,0.0,0.51
7,7,2,0,,,,0.7700667,0.0,0.0,0.0,91.1
7,8,2,0,,,,1.08895,0.0,0.0,0.0,245.14
7,9,2,0,,,,0.99,0.0,0.0,0.0,430.95
7,10,2,0,,,,1.0053166,0.0,0.0,0.0,562.4
7,11,2,0,,,,0.47893333,0.0,0.0,0.0,670.32
7,12,2,0,,,,1.3830667,0.0,0.0,0.0,555.84
7,13,2,0,,,,1.3480166,0.0,0.0,0.0,304.63
7,14,2,0,,,,0.98516667,0.0,0.0,0.0,754.45
7,15,2,0,,,,0.40125,0.0,0.0,0.0,488.89
7,16,2,0,,,,3.0644834,0.0,0.0,0.0,458.91
7,17,2,0,,,,3.8207834,0.0,0.0,0.0,334.04
7,18,2,0,,,,3.7694666,0.0,0.0,0.0,159.79
7,19,2,0,,,,2.4553666,0.0,0.0,0.0,50.36
7,20,2,0,,,,2.6978667,0.0,0.0,0.0,16.88
7,21,2,0,,,,1.9822,0.0,0.0,0.0,0.0
7,22,2,0,,,,1.2244667,0.0,0.0,0.0,0.0
7,23,2,0,,,,1.1495334,0.0,0.0,0.0,0.0
7,24,2,0,,,,1.09115,0.0,0.0,0.0,0.0
7,1,3,0,,,,0.6243167,0.0,0.0,0.0,0.0
7,2,3,0,,,,0.59375,0.0,0.0,0.0,0.0
7,3,3,0,,,,0.5800167,0.0,0.0,0.0,0.0
7,4,3,0,,,,0.74051666,0.0,0.0,0.0,0.0
7,5,3,0,,,,1.0949167,0.0,0.0,0.0,0.0
7,6,3,0,,,,1.2934834,0.0,0.0,0.0,8.8
7,7,3,0,,,,0.81866664,0.0,0.0,0.0,84.45
7,8,3,0,,,,0.5391167,0.0,0.0,0.0,253.5
7,9,3,0,,,,0.57995,0.0,0.0,0.0,439.39
7,10,3,0,,,,0.53763336,0.0,0.0,0.0,605.75
7,11,3,0,,,,0.5705,0.0,0.0,0.0,708.68
7,12,3,0,,,,0.54285,0.0,0.0,0.0,660.23
7,13,3,0,,,,0.8594,0.0,0.0,0.0,558.13
7,14,3,0,,,,1.4987833,0.0,0.0,0.0,512.26
7,15,3,0,,,,0.5754333,0.0,0.0,0.0,365.76
7,16,3,0,,,,0.56693333,0.0,0.0,0.0,195.03
7,17,3,0,,,,1.1721,0.0,0.0,0.0,290.03
7,18,3,0,,,,4.0073,0.0,0.0,0.0,203.92
7,19,3,0,,,,4.3131833,0.0,0.0,0.0,41.81
7,20,3,0,,,,4.9667,0.0,0.0,0.0,16.02
7,21,3,0,,,,3.9842334,0.0,0.0,0.0,0.0
7,22,3,0,,,,3.3779833,0.0,0.0,0.0,0.0
7,23,3,0,,,,2.3992834,0.0,0.0,0.0,0.0
7,24,3,0,,,,1.3361917,0.0,0.0,0.0,0.0
7,1,4,0,,,,0.68448335,0.0,0.0,0.0,0.0
7,2,4,0,,,,0.66401666,0.0,0.0,0.0,0.0
7,3,4,0,,,,0.65891665,0.0,0.0,0.0,0.0
7,4,4,0,,,,0.67215,0.0,0.0,0.0,0.0
7,5,4,0,,,,1.3081666,0.0,0.0,0.0,0.0
7,6,4,0,,,,2.24685,0.0,0.0,0.0,10.57
7,7,4,0,,,,0.9274167,0.0,0.0,0.0,83.9
7,8,4,0,,,,0.53716666,0.0,0.0,0.0,242.42
7,9,4,0,,,,0.5685,0.0,0.0,0.0,421.66
7,10,4,0,,,,0.54293334,0.0,0.0,0.0,575.06
7,11,4,0,,,,0.56145,0.0,0.0,0.0,654.92
7,12,4,0,,,,0.7790167,0.0,0.0,0.0,628.97
7,13,4,0,,,,1.3107667,0.0,0.0,0.0,642.21
7,14,4,0,,,,1.4614834,0.0,0.0,0.0,594.14
7,15,4,0,,,,2.12185,0.0,0.0,0.0,424.9
7,16,4,0,,,,4.084067,0.0,0.0,0.0,523.15
7,17,4,0,,,,3.6361,0.0,0.0,0.0,366.68
7,18,4,0,,,,2.2423832,0.0,0.0,0.0,197.05
7,19,4,0,,,,2.4939666,0.0,0.0,0.0,46.23
7,20,4,0,,,,2.3506167,0.0,0.0,0.0,14.59
7,21,4,0,,,,1.7179834,0.0,0.0,0.0,0.0
7,22,4,0,,,,1.1084167,0.0,0.0,0.0,0.0
7,23,4,0,,,,1.6577,0.0,0.0,0.0,0.0
7,24,4,0,,,,0.746925,0.0,0.0,0.0,0.0
7,1,5,0,,,,0.74513334,0.0,0.0,0.0,0.0
7,2,5,0,,,,0.71388334,0.0,0.0,0.0,0.0
7,3,5,0,,,,0.69785,0.0,0.0,0.0,0.0
7,4,5,0,,,,0.8373333,0.0,0.0,0.0,0.0
7,5,5,0,,,,1.1253834,0.0,0.0,0.0,0.0
7,6,5,0,,,,0.7618167,0.0,0.0,0.0,0.15
7,7,5,0,,,,0.76243335,0.0,0.0,0.0,6.55
7,8,5,0,,,,0.58645,0.0,0.0,0.0,149.62
7,9,5,0,,,,0.5348333,0.0,0.0,0.0,369.34
7,10,5,0,,,,0.6081667,0.0,0.0,0.0,478.35
7,11,5,0,,,,0.56815,0.0,0.0,0.0,643.36
7,12,5,0,,,,0.5391,0.0,0.0,0.0,696.16
7,13,5,0,,,,0.5858333,0.0,0.0,0.0,599.73
7,14,5,0,,,,0.8344,0.0,0.0,0.0,435.01
7,15,5,0,,,,0.5599667,0.0,0.0,0.0,289.92
7,16,5,0,,,,0.96961665,0.0,0.0,0.0,73.44
7,17,5,0,,,,1.2338166,0.0,0.0,0.0,38.4
7,18,5,0,,,,2.4077833,0.0,0.0,0.0,83.52
7,19,5,0,,,,2.328,0.0,0.0,0.0,44.84
7,20,5,0,,,,3.9968333,0.0,0.0,0.0,14.55
7,21,5,0,,,,3.5847833,0.0,0.0,0.0,0.0
7,22,5,0,,,,3.4256167,0.0,0.0,0.0,0.0
7,23,5,0,,,,3.26325,0.0,0.0,0.0,0.0
7,24,5,0,,,,2.142075,0.0,0.0,0.0,0.0
7,1,6,0,,,,0.77718335,0.0,0.0,0.0,0.0
7,2,6,0,,,,0.71115,0.0,0.0,0.0,0.0
7,3,6,0,,,,0.8190333,0.0,0.0,0.0,0.0
7,4,6,0,,,,0.59863335,0.0,0.0,0.0,0.0
7,5,6,0,,,,0.59125,0.0,0.0,0.0,0.0
7,6,6,0,,,,0.6159,0.0,0.0,0.0,0.14
7,7,6,0,,,,0.45056668,0.0,0.0,0.0,79.93
7,8,6,0,,,,0.40143332,0.0,0.0,0.0,177.99
7,9,6,0,,,,0.4087,0.0,0.0,0.0,250.03
7,10,6,0,,,,0.4197,0.0,0.0,0.0,99.66
7,11,6,0,,,,0.42475,0.0,0.0,0.0,156.36
7,12,6,0,,,,0.6456,0.0,0.0,0.0,192.65
7,13,6,0,,,,1.8375167,0.0,0.0,0.0,176.29
7,14,6,0,,,,1.4796333,0.0,0.0,0.0,538.78
7,15,6,0,,,,0.8558,0.0,0.0,0.0,578.98
7,16,6,0,,,,0.7417333,0.0,0.0,0.0,381.67
7,17,6,0,,,,1.2368667,0.0,0.0,0.0,231.99
7,18,6,0,,,,1.8694,0.0,0.0,0.0,186.69
7,19,6,0,,,,1.6877667,0.0,0.0,0.0,55.26
7,20,6,0,,,,2.9205,0.0,0.0,0.0,11.97
7,21,6,0,,,,3.3142333,0.0,0.0,0.0,0.0
7,22,6,0,,,,3.18055,0.0,0.0,0.0,0.0
7,23,6,0,,,,3.1657333,0.0,0.0,0.0,0.0
7,24,6,0,,,,1.9561,0.0,0.0,0.0,0.0
7,1,7,0,,,,0.60826665,0.0,0.0,0.0,0.0
7,2,7,0,,,,0.6257333,0.0,0.0,0.0,0.0
7,3,7,0,,,,0.61315,0.0,0.0,0.0,0.0
7,4,7,0,,,,0.5550445,0.0,0.0,0.0,0.0
7,5,7,0,,,,0.8399917,0.0,0.0,0.0,0.0
7,6,7,0,,,,0.506,0.0,0.0,0.0,2.05
7,7,7,0,,,,0.9414,0.0,0.0,0.0,6.57
7,8,7,0,,,,0.60571665,0.0,0.0,0.0,139.54
7,9,7,0,,,,0.73516667,0.0,0.0,0.0,335.52
7,10,7,0,,,,0.59861666,0.0,0.0,0.0,328.64
7,11,7,0,,,,2.5365667,0.0,0.0,0.0,631.75
7,12,7,0,,,,4.1242332,0.0,0.0,0.0,676.12
7,13,7,0,,,,1.7810333,0.0,0.0,0.0,717.78
7,14,7,0,,,,1.5927167,0.0,0.0,0.0,621.32
7,15,7,0,,,,0.92233336,0.0,0.0,0.0,533.78
7,16,7,0,,,,1.5101167,0.0,0.0,0.0,459.74
7,17,7,0,,,,3.8553834,0.0,0.0,0.0,299.62
7,18,7,0,,,,3.7077832,0.0,0.0,0.0,183.9
7,19,7,0,,,,3.67025,0.0,0.0,0.0,43.21
7,20,7,0,,,,4.5336165,0.0,0.0,0.0,12.52
7,21,7,0,,,,2.5345166,0.0,0.0,0.0,0.0
7,22,7,0,,,,1.5638334,0.0,0.0,0.0,0.0
7,23,7,0,,,,1.2532,0.0,0.0,0.0,0.0
7,24,7,0,,,,1.2577167,0.0,0.0,0.0,0.0
7,1,1,0,,,,0.65475,0.0,0.0,0.0,0.0
7,2,1,0,,,,0.63775,0.0,0.0,0.0,0.0
7,3,1,0,,,,0.6408833,0.0,0.0,0.0,0.0
7,4,1,0,,,,0.72001666,0.0,0.0,0.0,0.0
7,5,1,0,,,,1.0658333,0.0,0.0,0.0,0.0
7,6,1,0,,,,0.9074,0.0,0.0,0.0,0.15
7,7,1,0,,,,0.6087,0.0,0.0,0.0,6.61
7,8,1,0,,,,0.5276833,0.0,0.0,0.0,55.6
7,9,1,0,,,,0.5759,0.0,0.0,0.0,221.76
7,10,1,0,,,,0.5645667,0.0,0.0,0.0,431.8
7,11,1,0,,,,0.56848335,0.0,0.0,0.0,496.69
7,12,1,0,,,,0.5714667,0.0,0.0,0.0,571.61
7,13,1,0,,,,0.5715,0.0,0.0,0.0,640.37
7,14,1,0,,,,0.5753667,0.0,0.0,0.0,525.91
7,15,1,0,,,,0.5556833,0.0,0.0,0.0,441.14
7,16,1,0,,,,0.55668336,0.0,0.0,0.0,432.56
7,17,1,0,,,,1.00715,0.0,0.0,0.0,376.76
7,18,1,0,,,,1.7017666,0.0,0.0,0.0,190.36
7,19,1,0,,,,1.46335,0.0,0.0,0.0,54.68
7,20,1,0,,,,2.3196332,0.0,0.0,0.0,12.57
7,21,1,0,,,,2.6961167,0.0,0.0,0.0,0.0
7,22,1,0,,,,1.42815,0.0,0.0,0.0,0.0
7,23,1,0,,,,3.1101334,0.0,0.0,0.0,0.0
7,24,1,0,,,,2.771775,0.0,0.0,0.0,0.0
7,1,2,0,,,,1.2674333,0.0,0.0,0.0,0.0
7,2,2,0,,,,1.1945,0.0,0.0,0.0,0.0
7,3,2,0,,,,1.0822,0.0,0.0,0.0,0.0
7,4,2,0,,,,1.1576166,0.0,0.0,0.0,0.0
7,5,2,0,,,,1.0181167,0.0,0.0,0.0,0.0
7,6,2,0,,,,0.73546666,0.0,0.0,0.0,0.84
7,7,2,0,,,,0.59395,0.0,0.0,0.0,80.72
7,8,2,0,,,,0.59856665,0.0,0.0,0.0,236.0
7,9,2,0,,,,0.50135,0.0,0.0,0.0,419.0
7,10,2,0,,,,0.568,0.0,0.0,0.0,545.85
7,11,2,0,,,,0.54216665,0.0,0.0,0.0,618.07
7,12,2,0,,,,0.5503833,0.0,0.0,0.0,705.62
7,13,2,0,,,,0.5693333,0.0,0.0,0.0,749.85
7,14,2,0,,,,0.74363333,0.0,0.0,0.0,739.74
7,15,2,0,,,,0.6386,0.0,0.0,0.0,643.79
7,16,2,0,,,,0.98793334,0.0,0.0,0.0,303.18
7,17,2,0,,,,2.8794167,0.0,0.0,0.0,34.67
7,18,2,0,,,,2.7498834,0.0,0.0,0.0,187.27
7,19,2,0,,,,4.0816,0.0,0.0,0.0,54.9
7,20,2,0,,,,3.7483,0.0,0.0,0.0,0.0
7,21,2,0,,,,2.1494834,0.0,0.0,0.0,0.0
7,22,2,0,,,,1.2988,0.0,0.0,0.0,0.0
7,23,2,0,,,,1.5918666,0.0,0.0,0.0,0.0
7,24,2,0,,,,1.0522333,0.0,0.0,0.0,0.0
7,1,3,0,,,,0.58758336,0.0,0.0,0.0,0.0
7,2,3,0,,,,0.5067056,0.0,0.0,0.0,0.0
7,3,3,0,,,,0.5807667,0.0,0.0,0.0,0.0
7,4,3,0,,,,1.2423,0.0,0.0,0.0,0.0
7,5,3,0,,,,1.5459,0.0,0.0,0.0,0.0
7,6,3,0,,,,0.7905,0.0,0.0,0.0,0.0
7,7,3,0,,,,0.5741,0.0,0.0,0.0,9.54
7,8,3,0,,,,0.53405,0.0,0.0,0.0,32.27
7,9,3,0,,,,0.5549667,0.0,0.0,0.0,419.34
7,10,3,0,,,,0.56235,0.0,0.0,0.0,381.22
7,11,3,0,,,,0.53503335,0.0,0.0,0.0,665.73
7,12,3,0,,,,0.548,0.0,0.0,0.0,713.68
7,13,3,0,,,,0.54945,0.0,0.0,0.0,581.5
7,14,3,0,,,,0.55871665,0.0,0.0,0.0,506.12
7,15,3,0,,,,0.54716665,0.0,0.0,0.0,507.56
7,16,3,0,,,,0.55763334,0.0,0.0,0.0,245.98
7,17,3,0,,,,1.761625,0.0,0.0,0.0,108.36
7,18,3,0,,,,3.7533834,0.0,0.0,0.0,179.78
7,19,3,0,,,,3.607,0.0,0.0,0.0,55.98
7,20,3,0,,,,3.2134,0.0,0.0,0.0,10.05
7,21,3,0,,,,3.6387832,0.0,0.0,0.0,0.0
7,22,3,0,,,,3.1863832,0.0,0.0,0.0,0.0
7,23,3,0,,,,1.6240833,0.0,0.0,0.0,0.0
7,24,3,0,,,,1.5835333,0.0,0.0,0.0,0.0
7,1,4,0,,,,0.6308333,0.0,0.0,0.0,0.0
7,2,4,0,,,,0.5771667,0.0,0.0,0.0,0.0
7,3,4,0,,,,0.5636167,0.0,0.0,0.0,0.0
7,4,4,0,,,,0.5128833,0.0,0.0,0.0,0.0
7,5,4,0,,,,0.54705,0.0,0.0,0.0,0.0
7,6,4,0,,,,0.9730333,0.0,0.0,0.0,0.85
7,7,4,0,,,,1.49795,0.0,0.0,0.0,78.58
7,8,4,0,,,,1.1512667,0.0,0.0,0.0,229.54
7,9,4,0,,,,0.71168333,0.0,0.0,0.0,412.26
7,10,4,0,,,,0.68088335,0.0,0.0,0.0,567.87
7,11,4,0,,,,0.71711665,0.0,0.0,0.0,671.7
7,12,4,0,,,,0.90786666,0.0,0.0,0.0,701.78
7,13,4,0,,,,0.71526664,0.0,0.0,0.0,666.17
7,14,4,0,,,,2.2286,0.0,0.0,0.0,549.17
7,15,4,0,,,,1.0969167,0.0,0.0,0.0,585.47
7,16,4,0,,,,0.7190167,0.0,0.0,0.0,495.43
7,17,4,0,,,,1.3702667,0.0,0.0,0.0,359.23
7,18,4,0,,,,1.1741,0.0,0.0,0.0,183.92
7,19,4,0,,,,1.1433,0.0,0.0,0.0,44.87
7,20,4,0,,,,1.1234666,0.0,0.0,0.0,9.44
7,21,4,0,,,,2.5077167,0.0,0.0,0.0,0.0
7,22,4,0,,,,3.22805,0.0,0.0,0.0,0.0
7,23,4,0,,,,3.1732333,0.0,0.0,0.0,0.0
7,24,4,0,,,,2.89085,0.0,0.0,0.0,0.0
7,1,5,0,,,,0.5977333,0.0,0.0,0.0,0.0
7,2,5,0,,,,1.0403,0.0,0.0,0.0,0.0
7,3,5,0,,,,1.2170833,0.0,0.0,0.0,0.0
7,4,5,0,,,,1.8884166,0.0,0.0,0.0,0.0
7,5,5,0,,,,1.7386667,0.0,0.0,0.0,0.0
7,6,5,0,,,,0.80508333,0.0,0.0,0.0,3.43
7,7,5,0,,,,0.55971664,0.0,0.0,0.0,75.07
7,8,5,0,,,,0.61481667,0.0,0.0,0.0,203.72
7,9,5,0,,,,0.5650167,0.0,0.0,0.0,393.62
7,10,5,0,,,,0.5894833,0.0,0.0,0.0,553.44
7,11,5,0,,,,0.60005,0.0,0.0,0.0,660.03
7,12,5,0,,,,0.57233334,0.0,0.0,0.0,738.38
7,13,5,0,,,,0.55576664,0.0,0.0,0.0,706.56
7,14,5,0,,,,0.55396664,0.0,0.0,0.0,638.19
7,15,5,0,,,,0.5265167,0.0,0.0,0.0,547.92
7,16,5,0,,,,0.5663667,0.0,0.0,0.0,468.54
7,17,5,0,,,,1.2674333,0.0,0.0,0.0,325.65
7,18,5,0,,,,3.6974168,0.0,0.0,0.0,183.26
7,19,5,0,,,,3.4833333,0.0,0.0,0.0,49.5
7,20,5,0,,,,2.71925,0.0,0.0,0.0,7.15
7,21,5,0,,,,1.6407167,0.0,0.0,0.0,0.0
7,22,5,0,,,,1.3084167,0.0,0.0,0.0,0.0
7,23,5,0,,,,0.6325,0.0,0.0,0.0,0.0
7,24,5,0,,,,1.3075833,0.0,0.0,0.0,0.0
7,1,6,0,,,,0.6336833,0.0,0.0,0.0,0.0
7,2,6,0,,,,0.56278336,0.0,0.0,0.0,0.0
7,3,6,0,,,,0.6375667,0.0,0.0,0.0,0.0
7,4,6,0,,,,0.58683336,0.0,0.0,0.0,0.0
7,5,6,0,,,,0.67931664,0.0,0.0,0.0,0.0
7,6,6,0,,,,1.4121667,0.0,0.0,0.0,0.0
7,7,6,0,,,,1.4508333,0.0,0.0,0.0,72.59
7,8,6,0,,,,0.85635,0.0,0.0,0.0,207.69
7,9,6,0,,,,0.59763336,0.0,0.0,0.0,229.31
7,10,6,0,,,,0.55556667,0.0,0.0,0.0,501.67
7,11,6,0,,,,0.96388334,0.0,0.0,0.0,533.53
7,12,6,0,,,,3.67885,0.0,0.0,0.0,373.62
7,13,6,0,,,,2.4886832,0.0,0.0,0.0,356.12
7,14,6,0,,,,2.2526333,0.0,0.0,0.0,217.8
7,15,6,0,,,,3.1688333,0.0,0.0,0.0,573.26
7,16,6,0,,,,2.5189166,0.0,0.0,0.0,82.53
7,17,6,0,,,,1.8100333,0.0,0.0,0.0,47.64
7,18,6,0,,,,3.4821334,0.0,0.0,0.0,118.6
7,19,6,0,,,,3.2851334,0.0,0.0,0.0,40.92
7,20,6,0,,,,3.6653833,0.0,0.0,0.0,8.78
7,21,6,0,,,,3.3841667,0.0,0.0,0.0,0.0
7,22,6,0,,,,2.8766668,0.0,0.0,0.0,0.0
7,23,6,0,,,,1.84685,0.0,0.0,0.0,0.0
7,24,6,0,,,,1.3706,0.0,0.0,0.0,0.0
7,1,7,0,,,,0.62848336,0.0,0.0,0.0,0.0
7,2,7,0,,,,0.65683335,0.0,0.0,0.0,0.0
7,3,7,0,,,,0.6632,0.0,0.0,0.0,0.0
7,4,7,0,,,,0.67511666,0.0,0.0,0.0,0.0
7,5,7,0,,,,0.7905,0.0,0.0,0.0,0.0
7,6,7,0,,,,1.17965,0.0,0.0,0.0,0.0
7,7,7,0,,,,1.53765,0.0,0.0,0.0,62.14
7,8,7,0,,,,1.0129167,0.0,0.0,0.0,13.56
7,9,7,0,,,,1.0308167,0.0,0.0,0.0,81.32
7,10,7,0,,,,3.0794833,0.0,0.0,0.0,193.14
7,11,7,0,,,,2.5573833,0.0,0.0,0.0,213.36
7,12,7,0,,,,2.59435,0.0,0.0,0.0,329.81
7,13,7,0,,,,2.1572165,0.0,0.0,0.0,566.46
7,14,7,0,,,,1.3055167,0.0,0.0,0.0,557.88
7,15,7,0,,,,1.3670208,0.0,0.0,0.0,416.26
7,16,7,0,,,,3.6311166,0.0,0.0,0.0,494.9
7,17,7,0,,,,3.5468333,0.0,0.0,0.0,240.32
7,18,7,0,,,,3.3614166,0.0,0.0,0.0,23.16
7,19,7,0,,,,3.3923833,0.0,0.0,0.0,3.68
7,20,7,0,,,,3.5708833,0.0,0.0,0.0,0.11
7,21,7,0,,,,2.90145,0.0,0.0,0.0,0.0
7,22,7,0,,,,2.3177166,0.0,0.0,0.0,0.0
7,23,7,0,,,,1.2371167,0.0,0.0,0.0,0.0
7,24,7,0,,,,1.5817083,0.0,0.0,0.0,0.0
7,1,1,0,,,,0.5796833,0.0,0.0,0.0,0.0
7,2,1,0,,,,0.59265,0.0,0.0,0.0,0.0
7,3,1,0,,,,0.57633334,0.0,0.0,0.0,0.0
7,4,1,0,,,,0.5861833,0.0,0.0,0.0,0.0
7,5,1,0,,,,0.5906,0.0,0.0,0.0,0.0
7,6,1,0,,,,0.83236665,0.0,0.0,0.0,0.0
7,7,1,0,,,,0.7176167,0.0,0.0,0.0,63.1
7,8,1,0,,,,0.79861665,0.0,0.0,0.0,216.56
7,9,1,0,,,,0.9214333,0.0,0.0,0.0,273.82
7,10,1,0,,,,1.0387833,0.0,0.0,0.0,494.33
7,11,1,0,,,,1.1736333,0.0,0.0,0.0,512.92
7,12,1,0,,,,0.6054,0.0,0.0,0.0,770.84
7,13,1,0,,,,2.8619168,0.0,0.0,0.0,709.22
7,14,1,0,,,,2.6304667,0.0,0.0,0.0,732.03
7,15,1,0,,,,2.53725,0.0,0.0,0.0,686.42
7,16,1,0,,,,2.727,0.0,0.0,0.0,546.79
7,17,1,0,,,,3.6864667,0.0,0.0,0.0,386.45
7,18,1,0,,,,2.3617916,0.0,0.0,0.0,197.98
7,19,1,0,,,,1.3468833,0.0,0.0,0.0,38.38
7,20,1,0,,,,2.5661666,0.0,0.0,0.0,6.9
7,21,1,0,,,,3.1517,0.0,0.0,0.0,0.0
7,22,1,0,,,,3.0215,0.0,0.0,0.0,0.0
7,23,1,0,,,,2.2149,0.0,0.0,0.0,0.0
