month,hour,day_type,daylight_savings_status,indoor_dry_bulb_temperature,average_unmet_cooling_setpoint_difference,indoor_relative_humidity,non_shiftable_load,dhw_demand,cooling_demand,heating_demand,solar_generation
7,24,7,0,,,,9.7529096e-08,0.0,0.0,0.0,0.0
8,1,1,0,,,,9.918213e-08,0.0,0.0,0.0,0.0
8,2,1,0,,,,9.918213e-08,0.0,0.0,0.0,0.0
8,3,1,0,,,,9.918213e-08,0.0,0.0,0.0,0.0
8,4,1,0,,,,9.918213e-08,0.0,0.0,0.0,0.0
8,5,1,0,,,,9.918213e-08,0.0,0.0,0.0,0.0
8,6,1,0,,,,0.008633418,0.0,0.0,0.0,0.87
8,7,1,0,,,,0.30475003,0.0,0.0,0.0,41.12
8,8,1,0,,,,0.53886676,0.0,0.0,0.0,14.06
8,9,1,0,,,,1.3050333,0.0,0.0,0.0,58.05
8,10,1,0,,,,1.61705,0.0,0.0,0.0,310.95
8,11,1,0,,,,2.7272666,0.0,0.0,0.0,309.85
8,12,1,0,,,,3.8617167,0.0,0.0,0.0,408.25
8,13,1,0,,,,2.1907833,0.0,0.0,0.0,253.05
8,14,1,0,,,,2.5295334,0.0,0.0,0.0,171.52
8,15,1,0,,,,1.4962833,0.0,0.0,0.0,75.01
8,16,1,0,,,,0.81633335,0.0,0.0,0.0,87.93
8,17,1,0,,,,1.7462167,0.0,0.0,0.0,82.53
8,18,1,0,,,,0.95851666,0.0,0.0,0.0,39.56
8,19,1,0,,,,0.8073,0.0,0.0,0.0,13.2
8,20,1,0,,,,0.7443834,0.0,0.0,0.0,2.03
8,21,1,0,,,,9.918213e-08,0.0,0.0,0.0,0.0
8,22,1,0,,,,9.918213e-08,0.0,0.0,0.0,0.0
8,23,1,0,,,,9.918213e-08,0.0,0.0,0.0,0.0
8,24,1,0,,,,9.918213e-08,0.0,0.0,0.0,0.0
8,1,2,0,,,,9.918213e-08,0.0,0.0,0.0,0.0
8,2,2,0,,,,9.918213e-08,0.0,0.0,0.0,0.0
8,3,2,0,,,,9.918213e-08,0.0,0.0,0.0,0.0
8,4,2,0,,,,9.918213e-08,0.0,0.0,0.0,0.0
8,5,2,0,,,,9.918213e-08,0.0,0.0,0.0,0.0
8,6,2,0,,,,1.0070801e-07,0.0,0.0,0.0,0.0
8,7,2,0,,,,0.22268337,0.0,0.0,0.0,11.5
8,8,2,0,,,,0.4047,0.0,0.0,0.0,125.83
8,9,2,0,,,,0.36675,0.0,0.0,0.0,134.75
8,10,2,0,,,,1.69065,0.0,0.0,0.0,390.48
8,11,2,0,,,,1.27775,0.0,0.0,0.0,494.46
8,12,2,0,,,,0.38688335,0.0,0.0,0.0,330.74
8,13,2,0,,,,0.53173333,0.0,0.0,0.0,511.35
8,14,2,0,,,,3.5001833,0.0,0.0,0.0,245.64
8,15,2,0,,,,2.2696166,0.0,0.0,0.0,386.38
8,16,2,0,,,,4.0351834,0.0,0.0,0.0,437.32
8,17,2,0,,,,2.5872583,0.0,0.0,0.0,57.81
8,18,2,0,,,,0.6544167,0.0,0.0,0.0,191.58
8,19,2,0,,,,2.2416167,0.0,0.0,0.0,40.21
8,20,2,0,,,,0.75883335,0.0,0.0,0.0,4.87
8,21,2,0,,,,0.34843335,0.0,0.0,0.0,0.0
8,22,2,0,,,,1.58875,0.0,0.0,0.0,0.0
8,23,2,0,,,,3.18445,0.0,0.0,0.0,0.0
8,24,2,0,,,,2.1473916,0.0,0.0,0.0,0.0
8,1,3,0,,,,0.27638334,0.0,0.0,0.0,0.0
8,2,3,0,,,,0.79195,0.0,0.0,0.0,0.0
8,3,3,0,,,,2.37795,0.0,0.0,0.0,0.0
8,4,3,0,,,,0.26986668,0.0,0.0,0.0,0.0
8,5,3,0,,,,0.6713667,0.0,0.0,0.0,0.0
8,6,3,0,,,,1.0646,0.0,0.0,0.0,0.0
8,7,3,0,,,,1.1634667,0.0,0.0,0.0,4.99
8,8,3,0,,,,0.63778335,0.0,0.0,0.0,141.86
8,9,3,0,,,,0.38816667,0.0,0.0,0.0,242.66
8,10,3,0,,,,0.5412833,0.0,0.0,0.0,197.38
8,11,3,0,,,,1.1913667,0.0,0.0,0.0,245.73
8,12,3,0,,,,2.5515332,0.0,0.0,0.0,365.33
8,13,3,0,,,,1.1928583,0.0,0.0,0.0,226.42
8,14,3,0,,,,0.17933333,0.0,0.0,0.0,50.03
8,15,3,0,,,,2.2336833,0.0,0.0,0.0,136.8
8,16,3,0,,,,2.4908834,0.0,0.0,0.0,259.39
8,17,3,0,,,,2.54715,0.0,0.0,0.0,58.79
8,18,3,0,,,,3.50785,0.0,0.0,0.0,64.11
8,19,3,0,,,,0.20546667,0.0,0.0,0.0,16.24
8,20,3,0,,,,1.0052834,0.0,0.0,0.0,0.13
8,21,3,0,,,,3.524,0.0,0.0,0.0,0.0
8,22,3,0,,,,3.1649833,0.0,0.0,0.0,0.0
8,23,3,0,,,,0.28586668,0.0,0.0,0.0,0.0
8,24,3,0,,,,0.28168333,0.0,0.0,0.0,0.0
8,1,4,0,,,,0.76446664,0.0,0.0,0.0,0.0
8,2,4,0,,,,1.2278833,0.0,0.0,0.0,0.0
8,3,4,0,,,,1.0431334,0.0,0.0,0.0,0.0
8,4,4,0,,,,0.27368334,0.0,0.0,0.0,0.0
8,5,4,0,,,,0.27283335,0.0,0.0,0.0,0.0
8,6,4,0,,,,0.20221667,0.0,0.0,0.0,0.0
8,7,4,0,,,,0.19476667,0.0,0.0,0.0,18.04
8,8,4,0,,,,0.50268334,0.0,0.0,0.0,183.25
8,9,4,0,,,,1.0831667,0.0,0.0,0.0,419.01
8,10,4,0,,,,0.40736666,0.0,0.0,0.0,566.92
8,11,4,0,,,,0.18701667,0.0,0.0,0.0,631.56
8,12,4,0,,,,0.18251666,0.0,0.0,0.0,798.3
8,13,4,0,,,,0.17665,0.0,0.0,0.0,807.67
8,14,4,0,,,,1.6316667,0.0,0.0,0.0,789.21
8,15,4,0,,,,1.5092666,0.0,0.0,0.0,700.18
8,16,4,0,,,,1.6513667,0.0,0.0,0.0,585.76
8,17,4,0,,,,1.5184833,0.0,0.0,0.0,399.45
8,18,4,0,,,,1.2099833,0.0,0.0,0.0,196.43
8,19,4,0,,,,1.5490333,0.0,0.0,0.0,36.93
8,20,4,0,,,,1.7864166,0.0,0.0,0.0,3.39
8,21,4,0,,,,3.4798834,0.0,0.0,0.0,0.0
8,22,4,0,,,,2.5069,0.0,0.0,0.0,0.0
8,23,4,0,,,,1.9311167,0.0,0.0,0.0,0.0
8,24,4,0,,,,2.1601918,0.0,0.0,0.0,0.0
8,1,5,0,,,,0.27495,0.0,0.0,0.0,0.0
8,2,5,0,,,,1.0169,0.0,0.0,0.0,0.0
8,3,5,0,,,,0.27011666,0.0,0.0,0.0,0.0
8,4,5,0,,,,0.2691,0.0,0.0,0.0,0.0
8,5,5,0,,,,0.2691,0.0,0.0,0.0,0.0
8,6,5,0,,,,0.41505,0.0,0.0,0.0,0.0
8,7,5,0,,,,0.48531666,0.0,0.0,0.0,5.03
8,8,5,0,,,,0.1926,0.0,0.0,0.0,218.46
8,9,5,0,,,,0.18846667,0.0,0.0,0.0,416.38
8,10,5,0,,,,0.1879,0.0,0.0,0.0,574.11
8,11,5,0,,,,0.19135,0.0,0.0,0.0,360.63
8,12,5,0,,,,0.17968333,0.0,0.0,0.0,234.37
8,13,5,0,,,,0.18046667,0.0,0.0,0.0,818.82
8,14,5,0,,,,0.5570667,0.0,0.0,0.0,769.98
8,15,5,0,,,,2.45285,0.0,0.0,0.0,102.9
8,16,5,0,,,,1.0908333,0.0,0.0,0.0,519.68
8,17,5,0,,,,2.5568833,0.0,0.0,0.0,311.95
8,18,5,0,,,,0.18113333,0.0,0.0,0.0,159.32
8,19,5,0,,,,2.4166834,0.0,0.0,0.0,46.91
8,20,5,0,,,,2.1550667,0.0,0.0,0.0,3.88
8,21,5,0,,,,1.5949167,0.0,0.0,0.0,0.0
8,22,5,0,,,,3.47905,0.0,0.0,0.0,0.0
8,23,5,0,,,,2.5887,0.0,0.0,0.0,0.0
8,24,5,0,,,,0.28054166,0.0,0.0,0.0,0.0
8,1,6,0,,,,0.27593333,0.0,0.0,0.0,0.0
8,2,6,0,,,,0.27275,0.0,0.0,0.0,0.0
8,3,6,0,,,,0.5503,0.0,0.0,0.0,0.0
8,4,6,0,,,,0.65465,0.0,0.0,0.0,0.0
8,5,6,0,,,,1.48895,0.0,0.0,0.0,0.0
8,6,6,0,,,,0.23018333,0.0,0.0,0.0,0.0
8,7,6,0,,,,0.2186,0.0,0.0,0.0,70.93
8,8,6,0,,,,0.20266667,0.0,0.0,0.0,240.35
8,9,6,0,,,,0.5893833,0.0,0.0,0.0,443.72
8,10,6,0,,,,0.80876666,0.0,0.0,0.0,607.61
8,11,6,0,,,,0.18821667,0.0,0.0,0.0,725.41
8,12,6,0,,,,0.18506667,0.0,0.0,0.0,741.76
8,13,6,0,,,,0.18228333,0.0,0.0,0.0,797.03
8,14,6,0,,,,0.17811666,0.0,0.0,0.0,776.28
8,15,6,0,,,,1.2709167,0.0,0.0,0.0,688.45
8,16,6,0,,,,2.1113,0.0,0.0,0.0,555.17
8,17,6,0,,,,0.5452833,0.0,0.0,0.0,380.07
8,18,6,0,,,,2.4744,0.0,0.0,0.0,169.46
8,19,6,0,,,,1.2798,0.0,0.0,0.0,34.4
8,20,6,0,,,,3.45725,0.0,0.0,0.0,2.86
8,21,6,0,,,,1.5219,0.0,0.0,0.0,0.0
8,22,6,0,,,,2.59305,0.0,0.0,0.0,0.0
8,23,6,0,,,,0.28413334,0.0,0.0,0.0,0.0
8,24,6,0,,,,0.27396667,0.0,0.0,0.0,0.0
8,1,7,0,,,,0.27006668,0.0,0.0,0.0,0.0
8,2,7,0,,,,0.2732,0.0,0.0,0.0,0.0
8,3,7,0,,,,1.8199167,0.0,0.0,0.0,0.0
8,4,7,0,,,,2.2150333,0.0,0.0,0.0,0.0
8,5,7,0,,,,0.27366668,0.0,0.0,0.0,0.0
8,6,7,0,,,,0.25966668,0.0,0.0,0.0,0.0
8,7,7,0,,,,0.25505,0.0,0.0,0.0,61.03
8,8,7,0,,,,0.25155,0.0,0.0,0.0,224.94
8,9,7,0,,,,0.28291667,0.0,0.0,0.0,371.45
8,10,7,0,,,,0.25163335,0.0,0.0,0.0,497.15
8,11,7,0,,,,0.24485,0.0,0.0,0.0,672.59
8,12,7,0,,,,0.23893334,0.0,0.0,0.0,750.72
8,13,7,0,,,,0.23843333,0.0,0.0,0.0,703.78
8,14,7,0,,,,0.5721167,0.0,0.0,0.0,691.57
8,15,7,0,,,,1.6708333,0.0,0.0,0.0,453.91
8,16,7,0,,,,2.3132668,0.0,0.0,0.0,409.35
8,17,7,0,,,,0.5654167,0.0,0.0,0.0,279.89
8,18,7,0,,,,2.3081,0.0,0.0,0.0,18.22
8,19,7,0,,,,3.0174668,0.0,0.0,0.0,6.23
8,20,7,0,,,,1.5395833,0.0,0.0,0.0,1.13
8,21,7,0,,,,0.9450833,0.0,0.0,0.0,0.0
8,22,7,0,,,,1.3973334,0.0,0.0,0.0,0.0
8,23,7,0,,,,3.3569667,0.0,0.0,0.0,0.0
8,24,7,0,,,,0.55274165,0.0,0.0,0.0,0.0
8,1,1,0,,,,0.27321666,0.0,0.0,0.0,0.0
8,2,1,0,,,,0.26975,0.0,0.0,0.0,0.0
8,3,1,0,,,,0.2698,0.0,0.0,0.0,0.0
8,4,1,0,,,,0.269,0.0,0.0,0.0,0.0
8,5,1,0,,,,0.26916668,0.0,0.0,0.0,0.0
8,6,1,0,,,,0.26366666,0.0,0.0,0.0,0.0
8,7,1,0,,,,0.27573332,0.0,0.0,0.0,60.06
8,8,1,0,,,,0.46643335,0.0,0.0,0.0,165.84
8,9,1,0,,,,1.2865208,0.0,0.0,0.0,309.42
8,10,1,0,,,,2.3234832,0.0,0.0,0.0,305.84
8,11,1,0,,,,2.0237167,0.0,0.0,0.0,103.57
8,12,1,0,,,,2.1582668,0.0,0.0,0.0,597.7
8,13,1,0,,,,3.14395,0.0,0.0,0.0,729.66
8,14,1,0,,,,2.7336833,0.0,0.0,0.0,724.07
8,15,1,0,,,,0.80048335,0.0,0.0,0.0,34.64
8,16,1,0,,,,3.7161167,0.0,0.0,0.0,38.72
8,17,1,0,,,,1.1187834,0.0,0.0,0.0,284.6
8,18,1,0,,,,0.2739,0.0,0.0,0.0,163.84
8,19,1,0,,,,0.2612,0.0,0.0,0.0,38.42
8,20,1,0,,,,0.26871666,0.0,0.0,0.0,0.78
8,21,1,0,,,,1.6775666,0.0,0.0,0.0,0.0
8,22,1,0,,,,3.1271334,0.0,0.0,0.0,0.0
8,23,1,0,,,,0.71566665,0.0,0.0,0.0,0.0
8,24,1,0,,,,0.30143332,0.0,0.0,0.0,0.0
8,1,2,0,,,,1.7626834,0.0,0.0,0.0,0.0
8,2,2,0,,,,0.27601665,0.0,0.0,0.0,0.0
8,3,2,0,,,,0.27406666,0.0,0.0,0.0,0.0
8,4,2,0,,,,0.27346668,0.0,0.0,0.0,0.0
8,5,2,0,,,,0.27178332,0.0,0.0,0.0,0.0
8,6,2,0,,,,0.35353333,0.0,0.0,0.0,0.0
8,7,2,0,,,,0.54721665,0.0,0.0,0.0,59.68
8,8,2,0,,,,0.63698334,0.0,0.0,0.0,230.1
8,9,2,0,,,,2.51825,0.0,0.0,0.0,419.02
8,10,2,0,,,,0.92625,0.0,0.0,0.0,577.06
8,11,2,0,,,,0.42321667,0.0,0.0,0.0,649.32
8,12,2,0,,,,2.2422333,0.0,0.0,0.0,645.71
8,13,2,0,,,,0.32638332,0.0,0.0,0.0,482.87
8,14,2,0,,,,3.3815334,0.0,0.0,0.0,672.78
8,15,2,0,,,,0.84008336,0.0,0.0,0.0,601.63
8,16,2,0,,,,2.6500332,0.0,0.0,0.0,437.42
8,17,2,0,,,,0.34071666,0.0,0.0,0.0,220.42
8,18,2,0,,,,0.7550667,0.0,0.0,0.0,10.54
8,19,2,0,,,,0.8792,0.0,0.0,0.0,37.92
8,20,2,0,,,,0.6339333,0.0,0.0,0.0,0.0
8,21,2,0,,,,1.3624667,0.0,0.0,0.0,0.0
8,22,2,0,,,,2.42305,0.0,0.0,0.0,0.0
8,23,2,0,,,,0.5578667,0.0,0.0,0.0,0.0
8,24,2,0,,,,1.5214083,0.0,0.0,0.0,0.0
8,1,3,0,,,,0.28075,0.0,0.0,0.0,0.0
8,2,3,0,,,,0.27241668,0.0,0.0,0.0,0.0
8,3,3,0,,,,1.2778333,0.0,0.0,0.0,0.0
8,4,3,0,,,,0.46968332,0.0,0.0,0.0,0.0
8,5,3,0,,,,0.31641668,0.0,0.0,0.0,0.0
8,6,3,0,,,,0.31063333,0.0,0.0,0.0,0.0
8,7,3,0,,,,0.3616,0.0,0.0,0.0,64.12
8,8,3,0,,,,0.90005,0.0,0.0,0.0,229.96
8,9,3,0,,,,3.5451,0.0,0.0,0.0,435.71
8,10,3,0,,,,2.1312666,0.0,0.0,0.0,594.42
8,11,3,0,,,,0.54585,0.0,0.0,0.0,666.55
8,12,3,0,,,,2.27125,0.0,0.0,0.0,735.62
8,13,3,0,,,,0.43023333,0.0,0.0,0.0,617.61
8,14,3,0,,,,2.24835,0.0,0.0,0.0,645.71
8,15,3,0,,,,1.4355834,0.0,0.0,0.0,532.54
8,16,3,0,,,,0.19998333,0.0,0.0,0.0,456.28
8,17,3,0,,,,0.6741833,0.0,0.0,0.0,299.33
8,18,3,0,,,,1.1014167,0.0,0.0,0.0,128.01
8,19,3,0,,,,2.6850667,0.0,0.0,0.0,39.12
8,20,3,0,,,,0.42668334,0.0,0.0,0.0,0.0
8,21,3,0,,,,1.5867333,0.0,0.0,0.0,0.0
8,22,3,0,,,,1.2929333,0.0,0.0,0.0,0.0
8,23,3,0,,,,2.0123,0.0,0.0,0.0,0.0
8,24,3,0,,,,0.30485,0.0,0.0,0.0,0.0
8,1,4,0,,,,0.28253335,0.0,0.0,0.0,0.0
8,2,4,0,,,,0.2753,0.0,0.0,0.0,0.0
8,3,4,0,,,,0.27306667,0.0,0.0,0.0,0.0
8,4,4,0,,,,0.27011666,0.0,0.0,0.0,0.0
8,5,4,0,,,,0.27671668,0.0,0.0,0.0,0.0
8,6,4,0,,,,0.30648333,0.0,0.0,0.0,0.0
8,7,4,0,,,,0.3589,0.0,0.0,0.0,3.88
8,8,4,0,,,,0.6926,0.0,0.0,0.0,11.88
8,9,4,0,,,,1.2001834,0.0,0.0,0.0,29.13
8,10,4,0,,,,2.8575833,0.0,0.0,0.0,105.58
8,11,4,0,,,,1.5415,0.0,0.0,0.0,129.26
8,12,4,0,,,,0.46063334,0.0,0.0,0.0,346.04
8,13,4,0,,,,2.0237167,0.0,0.0,0.0,175.43
8,14,4,0,,,,1.1280667,0.0,0.0,0.0,316.09
8,15,4,0,,,,3.4404333,0.0,0.0,0.0,186.53
8,16,4,0,,,,2.0803332,0.0,0.0,0.0,357.68
8,17,4,0,,,,1.6558833,0.0,0.0,0.0,363.48
8,18,4,0,,,,1.1863166,0.0,0.0,0.0,171.27
8,19,4,0,,,,0.57731664,0.0,0.0,0.0,33.26
8,20,4,0,,,,1.7049333,0.0,0.0,0.0,0.0
8,21,4,0,,,,0.54933333,0.0,0.0,0.0,0.0
8,22,4,0,,,,0.60715,0.0,0.0,0.0,0.0
8,23,4,0,,,,1.0939333,0.0,0.0,0.0,0.0
8,24,4,0,,,,2.6585667,0.0,0.0,0.0,0.0
8,1,5,0,,,,0.27758333,0.0,0.0,0.0,0.0
8,2,5,0,,,,0.2746,0.0,0.0,0.0,0.0
8,3,5,0,,,,0.27383333,0.0,0.0,0.0,0.0
8,4,5,0,,,,0.27365,0.0,0.0,0.0,0.0
8,5,5,0,,,,1.7601167,0.0,0.0,0.0,0.0
8,6,5,0,,,,0.5161,0.0,0.0,0.0,0.0
8,7,5,0,,,,0.73425,0.0,0.0,0.0,59.48
8,8,5,0,,,,1.1583,0.0,0.0,0.0,222.05
8,9,5,0,,,,1.00595,0.0,0.0,0.0,409.39
8,10,5,0,,,,0.25191668,0.0,0.0,0.0,554.53
8,11,5,0,,,,0.18733333,0.0,0.0,0.0,671.46
8,12,5,0,,,,0.19308333,0.0,0.0,0.0,737.9
8,13,5,0,,,,1.6609666,0.0,0.0,0.0,730.45
8,14,5,0,,,,4.4258084,0.0,0.0,0.0,709.01
8,15,5,0,,,,1.5609167,0.0,0.0,0.0,625.89
8,16,5,0,,,,1.6352667,0.0,0.0,0.0,505.84
8,17,5,0,,,,3.7775,0.0,0.0,0.0,347.67
8,18,5,0,,,,1.17815,0.0,0.0,0.0,165.43
8,19,5,0,,,,0.784,0.0,0.0,0.0,31.98
8,20,5,0,,,,2.99205,0.0,0.0,0.0,0.0
8,21,5,0,,,,1.4238666,0.0,0.0,0.0,0.0
8,22,5,0,,,,3.52845,0.0,0.0,0.0,0.0
8,23,5,0,,,,3.1286833,0.0,0.0,0.0,0.0
8,24,5,0,,,,0.27741668,0.0,0.0,0.0,0.0
8,1,6,0,,,,1.6919167,0.0,0.0,0.0,0.0
8,2,6,0,,,,0.35381666,0.0,0.0,0.0,0.0
8,3,6,0,,,,0.26941666,0.0,0.0,0.0,0.0
8,4,6,0,,,,0.26958334,0.0,0.0,0.0,0.0
8,5,6,0,,,,0.26996666,0.0,0.0,0.0,0.0
8,6,6,0,,,,0.64461666,0.0,0.0,0.0,0.0
8,7,6,0,,,,0.25431666,0.0,0.0,0.0,57.57
8,8,6,0,,,,0.4912,0.0,0.0,0.0,208.55
8,9,6,0,,,,0.197,0.0,0.0,0.0,388.04
8,10,6,0,,,,0.18661667,0.0,0.0,0.0,534.47
8,11,6,0,,,,0.5431333,0.0,0.0,0.0,655.22
8,12,6,0,,,,0.46813333,0.0,0.0,0.0,714.57
8,13,6,0,,,,0.8466333,0.0,0.0,0.0,701.48
8,14,6,0,,,,2.3746667,0.0,0.0,0.0,707.11
8,15,6,0,,,,1.11465,0.0,0.0,0.0,622.17
8,16,6,0,,,,2.73355,0.0,0.0,0.0,338.6
8,17,6,0,,,,1.0834,0.0,0.0,0.0,336.62
8,18,6,0,,,,2.0623167,0.0,0.0,0.0,156.35
8,19,6,0,,,,1.8648167,0.0,0.0,0.0,18.64
8,20,6,0,,,,2.5279334,0.0,0.0,0.0,0.0
8,21,6,0,,,,1.2813333,0.0,0.0,0.0,0.0
8,22,6,0,,,,2.2236166,0.0,0.0,0.0,0.0
8,23,6,0,,,,0.4401,0.0,0.0,0.0,0.0
8,24,6,0,,,,3.1092083,0.0,0.0,0.0,0.0
8,1,7,0,,,,1.9603333,0.0,0.0,0.0,0.0
8,2,7,0,,,,0.58578336,0.0,0.0,0.0,0.0
8,3,7,0,,,,1.12135,0.0,0.0,0.0,0.0
8,4,7,0,,,,0.27215,0.0,0.0,0.0,0.0
8,5,7,0,,,,0.5041,0.0,0.0,0.0,0.0
8,6,7,0,,,,1.0172833,0.0,0.0,0.0,0.0
8,7,7,0,,,,0.19093333,0.0,0.0,0.0,51.07
8,8,7,0,,,,0.19083333,0.0,0.0,0.0,169.44
8,9,7,0,,,,0.19198333,0.0,0.0,0.0,350.29
8,10,7,0,,,,0.3305,0.0,0.0,0.0,506.89
8,11,7,0,,,,0.6681333,0.0,0.0,0.0,649.6
8,12,7,0,,,,0.18266666,0.0,0.0,0.0,714.71
8,13,7,0,,,,2.8189332,0.0,0.0,0.0,740.81
8,14,7,0,,,,2.12715,0.0,0.0,0.0,648.3
8,15,7,0,,,,1.6333667,0.0,0.0,0.0,631.32
8,16,7,0,,,,3.6134667,0.0,0.0,0.0,510.95
8,17,7,0,,,,1.5192833,0.0,0.0,0.0,342.73
8,18,7,0,,,,2.6950667,0.0,0.0,0.0,158.62
8,19,7,0,,,,1.6122833,0.0,0.0,0.0,26.55
8,20,7,0,,,,4.0695,0.0,0.0,0.0,0.0
8,21,7,0,,,,2.6896834,0.0,0.0,0.0,0.0
8,22,7,0,,,,2.8997333,0.0,0.0,0.0,0.0
8,23,7,0,,,,3.30495,0.0,0.0,0.0,0.0
8,24,7,0,,,,0.9730833,0.0,0.0,0.0,0.0
8,1,1,0,,,,0.27053332,0.0,0.0,0.0,0.0
8,2,1,0,,,,1.50125,0.0,0.0,0.0,0.0
8,3,1,0,,,,0.6235,0.0,0.0,0.0,0.0
8,4,1,0,,,,0.2713,0.0,0.0,0.0,0.0
8,5,1,0,,,,1.6516334,0.0,0.0,0.0,0.0
8,6,1,0,,,,0.20856667,0.0,0.0,0.0,0.0
8,7,1,0,,,,0.19315,0.0,0.0,0.0,3.34
8,8,1,0,,,,1.6457334,0.0,0.0,0.0,19.19
8,9,1,0,,,,1.9950833,0.0,0.0,0.0,62.13
8,10,1,0,,,,0.79585,0.0,0.0,0.0,78.96
8,11,1,0,,,,0.20956667,0.0,0.0,0.0,96.96
8,12,1,0,,,,0.2062,0.0,0.0,0.0,147.69
8,13,1,0,,,,1.7741166,0.0,0.0,0.0,114.54
8,14,1,0,,,,1.8542666,0.0,0.0,0.0,103.42
8,15,1,0,,,,1.5989,0.0,0.0,0.0,162.82
8,16,1,0,,,,2.8243833,0.0,0.0,0.0,96.52
8,17,1,0,,,,1.1245834,0.0,0.0,0.0,101.23
8,18,1,0,,,,3.0908833,0.0,0.0,0.0,94.3
8,19,1,0,,,,1.8907167,0.0,0.0,0.0,8.83
8,20,1,0,,,,3.6135,0.0,0.0,0.0,0.0
8,21,1,0,,,,1.3858167,0.0,0.0,0.0,0.0
8,22,1,0,,,,3.11385,0.0,0.0,0.0,0.0
8,23,1,0,,,,2.6435168,0.0,0.0,0.0,0.0
8,24,1,0,,,,0.889575,0.0,0.0,0.0,0.0
8,1,2,0,,,,0.88575,0.0,0.0,0.0,0.0
8,2,2,0,,,,0.41155,0.0,0.0,0.0,0.0
8,3,2,0,,,,1.1246166,0.0,0.0,0.0,0.0
8,4,2,0,,,,0.26931667,0.0,0.0,0.0,0.0
8,5,2,0,,,,0.26590833,0.0,0.0,0.0,0.0
8,6,2,0,,,,0.31215,0.0,0.0,0.0,0.0
8,7,2,0,,,,1.2408333,0.0,0.0,0.0,2.88
8,8,2,0,,,,0.61485,0.0,0.0,0.0,11.47
8,9,2,0,,,,0.1871,0.0,0.0,0.0,24.9
8,10,2,0,,,,0.18628334,0.0,0.0,0.0,70.53
8,11,2,0,,,,0.18875,0.0,0.0,0.0,73.58
8,12,2,0,,,,0.1836,0.0,0.0,0.0,104.0
8,13,2,0,,,,0.18405,0.0,0.0,0.0,100.73
8,14,2,0,,,,2.04285,0.0,0.0,0.0,64.79
8,15,2,0,,,,1.9606167,0.0,0.0,0.0,50.29
8,16,2,0,,,,1.2026666,0.0,0.0,0.0,44.97
8,17,2,0,,,,2.4199166,0.0,0.0,0.0,31.75
8,18,2,0,,,,1.8522167,0.0,0.0,0.0,36.06
8,19,2,0,,,,1.61275,0.0,0.0,0.0,11.96
8,20,2,0,,,,3.6292,0.0,0.0,0.0,0.0
8,21,2,0,,,,2.7280333,0.0,0.0,0.0,0.0
8,22,2,0,,,,1.3267167,0.0,0.0,0.0,0.0
8,23,2,0,,,,0.3123,0.0,0.0,0.0,0.0
8,24,2,0,,,,0.49998334,0.0,0.0,0.0,0.0
8,1,3,0,,,,1.5184833,0.0,0.0,0.0,0.0
8,2,3,0,,,,0.27206665,0.0,0.0,0.0,0.0
8,3,3,0,,,,0.27146667,0.0,0.0,0.0,0.0
8,4,3,0,,,,0.27201667,0.0,0.0,0.0,0.0
8,5,3,0,,,,0.27058333,0.0,0.0,0.0,0.0
8,6,3,0,,,,0.3472,0.0,0.0,0.0,0.0
8,7,3,0,,,,1.3080833,0.0,0.0,0.0,2.89
8,8,3,0,,,,0.78141665,0.0,0.0,0.0,10.88
8,9,3,0,,,,0.18663333,0.0,0.0,0.0,52.24
8,10,3,0,,,,0.18603334,0.0,0.0,0.0,97.36
8,11,3,0,,,,0.18886666,0.0,0.0,0.0,132.77
8,12,3,0,,,,1.7372333,0.0,0.0,0.0,119.9
8,13,3,0,,,,0.8567167,0.0,0.0,0.0,106.17
8,14,3,0,,,,1.499,0.0,0.0,0.0,130.23
8,15,3,0,,,,2.3821332,0.0,0.0,0.0,120.43
8,16,3,0,,,,1.6931,0.0,0.0,0.0,132.99
8,17,3,0,,,,1.0685667,0.0,0.0,0.0,64.27
8,18,3,0,,,,1.6384667,0.0,0.0,0.0,64.78
8,19,3,0,,,,3.1955833,0.0,0.0,0.0,18.44
8,20,3,0,,,,3.3438666,0.0,0.0,0.0,0.0
8,21,3,0,,,,1.4287,0.0,0.0,0.0,0.0
8,22,3,0,,,,2.9905167,0.0,0.0,0.0,0.0
8,23,3,0,,,,1.2485833,0.0,0.0,0.0,0.0
8,24,3,0,,,,2.350325,0.0,0.0,0.0,0.0
8,1,4,0,,,,0.26993334,0.0,0.0,0.0,0.0
8,2,4,0,,,,1.3290833,0.0,0.0,0.0,0.0
8,3,4,0,,,,0.27003333,0.0,0.0,0.0,0.0
8,4,4,0,,,,0.27111667,0.0,0.0,0.0,0.0
8,5,4,0,,,,0.26981667,0.0,0.0,0.0,0.0
8,6,4,0,,,,1.0994333,0.0,0.0,0.0,0.0
8,7,4,0,,,,0.27488333,0.0,0.0,0.0,53.86
8,8,4,0,,,,0.36441666,0.0,0.0,0.0,229.11
8,9,4,0,,,,1.4148667,0.0,0.0,0.0,430.35
8,10,4,0,,,,1.98165,0.0,0.0,0.0,586.44
8,11,4,0,,,,1.8352333,0.0,0.0,0.0,707.94
8,12,4,0,,,,0.35528332,0.0,0.0,0.0,741.0
8,13,4,0,,,,0.18763334,0.0,0.0,0.0,723.98
8,14,4,0,,,,2.8104832,0.0,0.0,0.0,739.31
8,15,4,0,,,,0.44081667,0.0,0.0,0.0,655.09
8,16,4,0,,,,3.0014834,0.0,0.0,0.0,528.89
8,17,4,0,,,,0.63678336,0.0,0.0,0.0,354.06
8,18,4,0,,,,1.9470917,0.0,0.0,0.0,160.4
8,19,4,0,,,,0.7114,0.0,0.0,0.0,25.43
8,20,4,0,,,,1.9068,0.0,0.0,0.0,0.0
8,21,4,0,,,,0.73575,0.0,0.0,0.0,0.0
8,22,4,0,,,,2.3228333,0.0,0.0,0.0,0.0
8,23,4,0,,,,1.9784666,0.0,0.0,0.0,0.0
8,24,4,0,,,,1.8578917,0.0,0.0,0.0,0.0
8,1,5,0,,,,0.27291667,0.0,0.0,0.0,0.0
8,2,5,0,,,,1.3754833,0.0,0.0,0.0,0.0
8,3,5,0,,,,0.26781666,0.0,0.0,0.0,0.0
8,4,5,0,,,,0.26785,0.0,0.0,0.0,0.0
8,5,5,0,,,,0.26605,0.0,0.0,0.0,0.0
8,6,5,0,,,,0.3188,0.0,0.0,0.0,0.0
8,7,5,0,,,,0.30941668,0.0,0.0,0.0,49.58
8,8,5,0,,,,0.24511667,0.0,0.0,0.0,227.86
8,9,5,0,,,,0.5420833,0.0,0.0,0.0,414.0
8,10,5,0,,,,2.635,0.0,0.0,0.0,551.4
8,11,5,0,,,,1.3734167,0.0,0.0,0.0,654.96
8,12,5,0,,,,2.00395,0.0,0.0,0.0,722.94
8,13,5,0,,,,2.6252666,0.0,0.0,0.0,730.33
8,14,5,0,,,,2.8042834,0.0,0.0,0.0,695.43
8,15,5,0,,,,1.4362167,0.0,0.0,0.0,607.99
8,16,5,0,,,,0.47445,0.0,0.0,0.0,476.73
8,17,5,0,,,,3.6921666,0.0,0.0,0.0,335.31
8,18,5,0,,,,1.8406,0.0,0.0,0.0,152.3
8,19,5,0,,,,0.26253334,0.0,0.0,0.0,25.43
8,20,5,0,,,,2.0066166,0.0,0.0,0.0,0.0
8,21,5,0,,,,0.72276664,0.0,0.0,0.0,0.0
8,22,5,0,,,,2.1744666,0.0,0.0,0.0,0.0
8,23,5,0,,,,3.48145,0.0,0.0,0.0,0.0
8,24,5,0,,,,0.6407833,0.0,0.0,0.0,0.0
8,1,6,0,,,,1.4336,0.0,0.0,0.0,0.0
8,2,6,0,,,,0.27373335,0.0,0.0,0.0,0.0
8,3,6,0,,,,0.27375,0.0,0.0,0.0,0.0
8,4,6,0,,,,1.2285,0.0,0.0,0.0,0.0
8,5,6,0,,,,0.27246666,0.0,0.0,0.0,0.0
8,6,6,0,,,,0.26615,0.0,0.0,0.0,0.0
8,7,6,0,,,,0.2754,0.0,0.0,0.0,50.83
8,8,6,0,,,,0.3618,0.0,0.0,0.0,211.41
8,9,6,0,,,,0.18561667,0.0,0.0,0.0,397.07
8,10,6,0,,,,0.31156668,0.0,0.0,0.0,539.11
8,11,6,0,,,,0.69741666,0.0,0.0,0.0,650.72
8,12,6,0,,,,0.89665,0.0,0.0,0.0,724.63
8,13,6,0,,,,0.75808334,0.0,0.0,0.0,726.67
8,14,6,0,,,,2.4729,0.0,0.0,0.0,687.57
8,15,6,0,,,,0.26698333,0.0,0.0,0.0,603.25
8,16,6,0,,,,1.4790833,0.0,0.0,0.0,487.27
8,17,6,0,,,,1.3373667,0.0,0.0,0.0,327.63
8,18,6,0,,,,1.5356166,0.0,0.0,0.0,145.27
8,19,6,0,,,,0.8481333,0.0,0.0,0.0,23.21
8,20,6,0,,,,2.9438667,0.0,0.0,0.0,0.0
8,21,6,0,,,,2.9472,0.0,0.0,0.0,0.0
8,22,6,0,,,,0.7321333,0.0,0.0,0.0,0.0
8,23,6,0,,,,3.84575,0.0,0.0,0.0,0.0
8,24,6,0,,,,1.881325,0.0,0.0,0.0,0.0
8,1,7,0,,,,0.9472333,0.0,0.0,0.0,0.0
8,2,7,0,,,,0.73578334,0.0,0.0,0.0,0.0
8,3,7,0,,,,0.26803333,0.0,0.0,0.0,0.0
8,4,7,0,,,,1.08525,0.0,0.0,0.0,0.0
8,5,7,0,,,,0.27151668,0.0,0.0,0.0,0.0
8,6,7,0,,,,0.27165,0.0,0.0,0.0,0.0
8,7,7,0,,,,0.27851668,0.0,0.0,0.0,47.77
8,8,7,0,,,,0.40683332,0.0,0.0,0.0,219.31
8,9,7,0,,,,1.34065,0.0,0.0,0.0,401.17
8,10,7,0,,,,0.67335,0.0,0.0,0.0,538.8
8,11,7,0,,,,0.2776,0.0,0.0,0.0,641.65
8,12,7,0,,,,0.2742,0.0,0.0,0.0,714.7
8,13,7,0,,,,0.26513332,0.0,0.0,0.0,716.04
8,14,7,0,,,,0.26581666,0.0,0.0,0.0,681.63
8,15,7,0,,,,2.3971667,0.0,0.0,0.0,602.58
8,16,7,0,,,,0.26383334,0.0,0.0,0.0,485.0
8,17,7,0,,,,2.2155666,0.0,0.0,0.0,327.42
8,18,7,0,,,,0.29091668,0.0,0.0,0.0,144.16
8,19,7,0,,,,2.0213666,0.0,0.0,0.0,22.45
8,20,7,0,,,,0.9104667,0.0,0.0,0.0,0.0
8,21,7,0,,,,3.8791666,0.0,0.0,0.0,0.0
8,22,7,0,,,,1.3178166,0.0,0.0,0.0,0.0
8,23,7,0,,,,3.3930166,0.0,0.0,0.0,0.0
8,24,7,0,,,,1.4672333,0.0,0.0,0.0,0.0
8,1,1,0,,,,0.274,0.0,0.0,0.0,0.0
8,2,1,0,,,,0.27373335,0.0,0.0,0.0,0.0
8,3,1,0,,,,0.64846665,0.0,0.0,0.0,0.0
8,4,1,0,,,,1.1109,0.0,0.0,0.0,0.0
8,5,1,0,,,,0.26835,0.0,0.0,0.0,0.0
8,6,1,0,,,,0.2621,0.0,0.0,0.0,0.0
8,7,1,0,,,,0.273,0.0,0.0,0.0,4.87
8,8,1,0,,,,0.26898333,0.0,0.0,0.0,57.33
8,9,1,0,,,,1.0135167,0.0,0.0,0.0,174.04
8,10,1,0,,,,0.5322667,0.0,0.0,0.0,392.97
8,11,1,0,,,,0.46276668,0.0,0.0,0.0,567.84
8,12,1,0,,,,0.61081666,0.0,0.0,0.0,354.83
8,13,1,0,,,,2.67635,0.0,0.0,0.0,329.85
8,14,1,0,,,,0.6731333,0.0,0.0,0.0,642.63
8,15,1,0,,,,2.8953667,0.0,0.0,0.0,330.06
8,16,1,0,,,,1.43995,0.0,0.0,0.0,431.19
8,17,1,0,,,,2.9231834,0.0,0.0,0.0,344.87
8,18,1,0,,,,3.4327834,0.0,0.0,0.0,129.29
8,19,1,0,,,,0.5387667,0.0,0.0,0.0,22.16
8,20,1,0,,,,0.80843335,0.0,0.0,0.0,0.0
8,21,1,0,,,,2.3351333,0.0,0.0,0.0,0.0
8,22,1,0,,,,1.9792167,0.0,0.0,0.0,0.0
8,23,1,0,,,,3.4451,0.0,0.0,0.0,0.0
8,24,1,0,,,,1.0204667,0.0,0.0,0.0,0.0
8,1,2,0,,,,0.6770333,0.0,0.0,0.0,0.0
8,2,2,0,,,,1.5414667,0.0,0.0,0.0,0.0
8,3,2,0,,,,0.27453333,0.0,0.0,0.0,0.0
8,4,2,0,,,,0.2746,0.0,0.0,0.0,0.0
8,5,2,0,,,,0.27358332,0.0,0.0,0.0,0.0
8,6,2,0,,,,0.73745,0.0,0.0,0.0,0.0
8,7,2,0,,,,1.50525,0.0,0.0,0.0,44.67
8,8,2,0,,,,0.44508332,0.0,0.0,0.0,187.2
8,9,2,0,,,,0.47158334,0.0,0.0,0.0,393.78
8,10,2,0,,,,0.46911666,0.0,0.0,0.0,486.38
8,11,2,0,,,,0.66101664,0.0,0.0,0.0,644.69
8,12,2,0,,,,2.2176,0.0,0.0,0.0,690.71
8,13,2,0,,,,1.1111333,0.0,0.0,0.0,666.7
8,14,2,0,,,,2.39825,0.0,0.0,0.0,557.46
8,15,2,0,,,,0.26718333,0.0,0.0,0.0,524.85
8,16,2,0,,,,1.6903,0.0,0.0,0.0,375.38
8,17,2,0,,,,0.86705,0.0,0.0,0.0,167.63
8,18,2,0,,,,1.88515,0.0,0.0,0.0,95.01
8,19,2,0,,,,0.6493,0.0,0.0,0.0,19.36
8,20,2,0,,,,0.9357833,0.0,0.0,0.0,0.0
8,21,2,0,,,,3.44115,0.0,0.0,0.0,0.0
8,22,2,0,,,,2.1864667,0.0,0.0,0.0,0.0
8,23,2,0,,,,0.34048334,0.0,0.0,0.0,0.0
8,24,2,0,,,,0.9027,0.0,0.0,0.0,0.0
8,1,3,0,,,,1.07865,0.0,0.0,0.0,0.0
8,2,3,0,,,,0.27016667,0.0,0.0,0.0,0.0
8,3,3,0,,,,0.26958334,0.0,0.0,0.0,0.0
8,4,3,0,,,,0.2696,0.0,0.0,0.0,0.0
8,5,3,0,,,,0.26813334,0.0,0.0,0.0,0.0
8,6,3,0,,,,0.7127333,0.0,0.0,0.0,0.0
8,7,3,0,,,,0.5943,0.0,0.0,0.0,46.66
8,8,3,0,,,,0.32496667,0.0,0.0,0.0,216.55
8,9,3,0,,,,0.1872,0.0,0.0,0.0,411.73
8,10,3,0,,,,0.18901667,0.0,0.0,0.0,562.77
8,11,3,0,,,,0.49965,0.0,0.0,0.0,677.49
8,12,3,0,,,,0.71238333,0.0,0.0,0.0,744.81
8,13,3,0,,,,1.5071334,0.0,0.0,0.0,757.37
8,14,3,0,,,,1.5078833,0.0,0.0,0.0,715.71
8,15,3,0,,,,1.269,0.0,0.0,0.0,620.23
8,16,3,0,,,,1.1323,0.0,0.0,0.0,500.71
8,17,3,0,,,,1.9672166,0.0,0.0,0.0,332.16
8,18,3,0,,,,0.39066666,0.0,0.0,0.0,140.75
8,19,3,0,,,,2.2622666,0.0,0.0,0.0,19.27
8,20,3,0,,,,2.4600832,0.0,0.0,0.0,0.0
8,21,3,0,,,,1.4667166,0.0,0.0,0.0,0.0
8,22,3,0,,,,1.6433667,0.0,0.0,0.0,0.0
8,23,3,0,,,,3.4961667,0.0,0.0,0.0,0.0
8,24,3,0,,,,0.43098333,0.0,0.0,0.0,0.0
8,1,4,0,,,,0.27428332,0.0,0.0,0.0,0.0
8,2,4,0,,,,0.27496666,0.0,0.0,0.0,0.0
8,3,4,0,,,,0.2745,0.0,0.0,0.0,0.0
8,4,4,0,,,,1.6242666,0.0,0.0,0.0,0.0
8,5,4,0,,,,0.42213333,0.0,0.0,0.0,0.0
8,6,4,0,,,,0.71023333,0.0,0.0,0.0,0.0
8,7,4,0,,,,0.20275,0.0,0.0,0.0,46.1
8,8,4,0,,,,0.33741668,0.0,0.0,0.0,221.02
8,9,4,0,,,,0.94996667,0.0,0.0,0.0,383.08
8,10,4,0,,,,0.5404,0.0,0.0,0.0,515.9
8,11,4,0,,,,0.2039,0.0,0.0,0.0,659.04
8,12,4,0,,,,0.19801667,0.0,0.0,0.0,729.9
8,13,4,0,,,,1.94445,0.0,0.0,0.0,657.55
8,14,4,0,,,,1.1423666,0.0,0.0,0.0,702.33
8,15,4,0,,,,1.6378,0.0,0.0,0.0,623.83
8,16,4,0,,,,2.1092167,0.0,0.0,0.0,497.82
8,17,4,0,,,,0.42805,0.0,0.0,0.0,325.67
8,18,4,0,,,,1.5005,0.0,0.0,0.0,139.45
8,19,4,0,,,,1.4920833,0.0,0.0,0.0,17.8
8,20,4,0,,,,1.1797167,0.0,0.0,0.0,0.0
8,21,4,0,,,,1.3699666,0.0,0.0,0.0,0.0
8,22,4,0,,,,1.1105,0.0,0.0,0.0,0.0
8,23,4,0,,,,3.0989666,0.0,0.0,0.0,0.0
8,24,4,0,,,,1.0598917,0.0,0.0,0.0,0.0
8,1,5,0,,,,0.27093333,0.0,0.0,0.0,0.0
8,2,5,0,,,,0.27303332,0.0,0.0,0.0,0.0
8,3,5,0,,,,0.2742,0.0,0.0,0.0,0.0
8,4,5,0,,,,0.2736,0.0,0.0,0.0,0.0
8,5,5,0,,,,0.30605,0.0,0.0,0.0,0.0
8,6,5,0,,,,0.33163333,0.0,0.0,0.0,0.0
8,7,5,0,,,,0.35646668,0.0,0.0,0.0,43.44
8,8,5,0,,,,0.60875,0.0,0.0,0.0,203.79
8,9,5,0,,,,0.60108334,0.0,0.0,0.0,391.15
8,10,5,0,,,,0.52956665,0.0,0.0,0.0,509.4
8,11,5,0,,,,0.92408335,0.0,0.0,0.0,658.56
8,12,5,0,,,,1.7056333,0.0,0.0,0.0,726.66
8,13,5,0,,,,1.2206833,0.0,0.0,0.0,729.96
8,14,5,0,,,,2.0276334,0.0,0.0,0.0,687.34
8,15,5,0,,,,1.9605833,0.0,0.0,0.0,595.82
8,16,5,0,,,,2.8823166,0.0,0.0,0.0,481.9
8,17,5,0,,,,1.6136167,0.0,0.0,0.0,318.63
8,18,5,0,,,,0.277,0.0,0.0,0.0,133.42
8,19,5,0,,,,0.27111667,0.0,0.0,0.0,17.05
8,20,5,0,,,,0.2739,0.0,0.0,0.0,0.0
8,21,5,0,,,,0.27236667,0.0,0.0,0.0,0.0
8,22,5,0,,,,0.27596667,0.0,0.0,0.0,0.0
8,23,5,0,,,,0.2823,0.0,0.0,0.0,0.0
8,24,5,0,,,,0.59536666,0.0,0.0,0.0,0.0
8,1,6,0,,,,0.44661668,0.0,0.0,0.0,0.0
8,2,6,0,,,,2.2148666,0.0,0.0,0.0,0.0
8,3,6,0,,,,0.41673332,0.0,0.0,0.0,0.0
8,4,6,0,,,,0.83998334,0.0,0.0,0.0,0.0
8,5,6,0,,,,0.36755,0.0,0.0,0.0,0.0
8,6,6,0,,,,0.31355,0.0,0.0,0.0,0.0
8,7,6,0,,,,0.35113335,0.0,0.0,0.0,44.0
8,8,6,0,,,,0.43873334,0.0,0.0,0.0,207.72
8,9,6,0,,,,0.9906333,0.0,0.0,0.0,400.92
8,10,6,0,,,,1.4480333,0.0,0.0,0.0,555.59
8,11,6,0,,,,0.19405,0.0,0.0,0.0,669.89
8,12,6,0,,,,1.5184,0.0,0.0,0.0,741.04
8,13,6,0,,,,0.23146667,0.0,0.0,0.0,754.04
8,14,6,0,,,,1.5933666,0.0,0.0,0.0,724.82
8,15,6,0,,,,1.1999,0.0,0.0,0.0,622.81
8,16,6,0,,,,1.0587333,0.0,0.0,0.0,494.52
8,17,6,0,,,,0.55575,0.0,0.0,0.0,323.98
8,18,6,0,,,,0.79538333,0.0,0.0,0.0,131.54
8,19,6,0,,,,2.5742834,0.0,0.0,0.0,16.34
8,20,6,0,,,,0.27106667,0.0,0.0,0.0,0.0
8,21,6,0,,,,0.269,0.0,0.0,0.0,0.0
8,22,6,0,,,,0.28026667,0.0,0.0,0.0,0.0
8,23,6,0,,,,1.7356666,0.0,0.0,0.0,0.0
8,24,6,0,,,,0.61749166,0.0,0.0,0.0,0.0
8,1,7,0,,,,0.6450667,0.0,0.0,0.0,0.0
8,2,7,0,,,,0.30076668,0.0,0.0,0.0,0.0
8,3,7,0,,,,0.2807,0.0,0.0,0.0,0.0
8,4,7,0,,,,0.27556667,0.0,0.0,0.0,0.0
8,5,7,0,,,,0.27493334,0.0,0.0,0.0,0.0
8,6,7,0,,,,0.26501667,0.0,0.0,0.0,0.0
8,7,7,0,,,,1.3456666,0.0,0.0,0.0,41.1
8,8,7,0,,,,1.7545167,0.0,0.0,0.0,208.13
8,9,7,0,,,,1.1069334,0.0,0.0,0.0,397.91
8,10,7,0,,,,2.1395166,0.0,0.0,0.0,544.31
8,11,7,0,,,,0.19071667,0.0,0.0,0.0,659.72
8,12,7,0,,,,1.2707666,0.0,0.0,0.0,700.05
8,13,7,0,,,,1.22785,0.0,0.0,0.0,682.23
8,14,7,0,,,,2.67005,0.0,0.0,0.0,656.18
8,15,7,0,,,,1.1268667,0.0,0.0,0.0,594.6
8,16,7,0,,,,0.32838333,0.0,0.0,0.0,461.37
8,17,7,0,,,,2.5614,0.0,0.0,0.0,304.02
8,18,7,0,,,,0.3835,0.0,0.0,0.0,125.82
8,19,7,0,,,,1.3452834,0.0,0.0,0.0,15.13
8,20,7,0,,,,3.5325334,0.0,0.0,0.0,0.0
8,21,7,0,,,,0.7107667,0.0,0.0,0.0,0.0
8,22,7,0,,,,3.0971334,0.0,0.0,0.0,0.0
8,23,7,0,,,,0.82735,0.0,0.0,0.0,0.0
8,24,7,0,,,,0.42158332,0.0,0.0,0.0,0.0
8,1,1,0,,,,0.80686665,0.0,0.0,0.0,0.0
8,2,1,0,,,,2.9221334,0.0,0.0,0.0,0.0
8,3,1,0,,,,0.76259166,0.0,0.0,0.0,0.0
8,4,1,0,,,,0.27601665,0.0,0.0,0.0,0.0
8,5,1,0,,,,0.27308333,0.0,0.0,0.0,0.0
8,6,1,0,,,,0.45455,0.0,0.0,0.0,0.0
8,7,1,0,,,,0.77498335,0.0,0.0,0.0,39.07
8,8,1,0,,,,1.5714333,0.0,0.0,0.0,210.68
8,9,1,0,,,,2.2751834,0.0,0.0,0.0,410.86
8,10,1,0,,,,0.72055,0.0,0.0,0.0,564.25
8,11,1,0,,,,3.1764333,0.0,0.0,0.0,678.7
8,12,1,0,,,,1.8025167,0.0,0.0,0.0,744.71
8,13,1,0,,,,2.5481,0.0,0.0,0.0,747.62
8,14,1,0,,,,2.1140332,0.0,0.0,0.0,706.5
8,15,1,0,,,,4.0930667,0.0,0.0,0.0,611.63
8,16,1,0,,,,2.00015,0.0,0.0,0.0,485.78
8,17,1,0,,,,2.99925,0.0,0.0,0.0,308.98
8,18,1,0,,,,2.7650833,0.0,0.0,0.0,126.61
8,19,1,0,,,,1.7406167,0.0,0.0,0.0,14.02
8,20,1,0,,,,3.1574333,0.0,0.0,0.0,0.0
8,21,1,0,,,,0.44738334,0.0,0.0,0.0,0.0
8,22,1,0,,,,0.52991664,0.0,0.0,0.0,0.0
8,23,1,0,,,,2.9936166,0.0,0.0,0.0,0.0
8,24,1,0,,,,2.8732584,0.0,0.0,0.0,0.0
8,1,2,0,,,,1.65555,0.0,0.0,0.0,0.0
8,2,2,0,,,,0.46586666,0.0,0.0,0.0,0.0
8,3,2,0,,,,1.4584,0.0,0.0,0.0,0.0
8,4,2,0,,,,0.26836666,0.0,0.0,0.0,0.0
8,5,2,0,,,,1.1194667,0.0,0.0,0.0,0.0
8,6,2,0,,,,0.47053334,0.0,0.0,0.0,0.0
8,7,2,0,,,,0.8358833,0.0,0.0,0.0,39.9
8,8,2,0,,,,0.93125,0.0,0.0,0.0,205.55
8,9,2,0,,,,0.18673334,0.0,0.0,0.0,386.94
8,10,2,0,,,,1.16185,0.0,0.0,0.0,534.28
8,11,2,0,,,,0.8258167,0.0,0.0,0.0,655.21
8,12,2,0,,,,2.2428668,0.0,0.0,0.0,724.07
8,13,2,0,,,,2.0976,0.0,0.0,0.0,723.06
8,14,2,0,,,,1.3696166,0.0,0.0,0.0,673.5
8,15,2,0,,,,0.3765,0.0,0.0,0.0,581.08
8,16,2,0,,,,3.6416833,0.0,0.0,0.0,458.24
8,17,2,0,,,,2.8930333,0.0,0.0,0.0,299.3
8,18,2,0,,,,0.36758333,0.0,0.0,0.0,121.24
8,19,2,0,,,,3.6518166,0.0,0.0,0.0,12.17
8,20,2,0,,,,2.9861667,0.0,0.0,0.0,0.0
8,21,2,0,,,,0.31323335,0.0,0.0,0.0,0.0
8,22,2,0,,,,2.1683333,0.0,0.0,0.0,0.0
8,23,2,0,,,,3.14775,0.0,0.0,0.0,0.0
8,24,2,0,,,,2.5520833,0.0,0.0,0.0,0.0
8,1,3,0,,,,0.27753332,0.0,0.0,0.0,0.0
8,2,3,0,,,,1.94035,0.0,0.0,0.0,0.0
8,3,3,0,,,,0.2724,0.0,0.0,0.0,0.0
8,4,3,0,,,,0.37601668,0.0,0.0,0.0,0.0
8,5,3,0,,,,1.73025,0.0,0.0,0.0,0.0
8,6,3,0,,,,0.26611668,0.0,0.0,0.0,0.0
8,7,3,0,,,,0.32351667,0.0,0.0,0.0,1.04
8,8,3,0,,,,1.9227166,0.0,0.0,0.0,64.93
8,9,3,0,,,,0.1832,0.0,0.0,0.0,328.17
8,10,3,0,,,,1.6649834,0.0,0.0,0.0,512.0
8,11,3,0,,,,0.54328334,0.0,0.0,0.0,631.77
8,12,3,0,,,,1.15865,0.0,0.0,0.0,694.68
8,13,3,0,,,,1.624175,0.0,0.0,0.0,712.83
8,14,3,0,,,,4.029683,0.0,0.0,0.0,614.83
8,15,3,0,,,,2.2046168,0.0,0.0,0.0,85.63
8,16,3,0,,,,1.3234,0.0,0.0,0.0,422.67
8,17,3,0,,,,3.5779333,0.0,0.0,0.0,296.94
8,18,3,0,,,,1.0994834,0.0,0.0,0.0,113.03
8,19,3,0,,,,0.27126667,0.0,0.0,0.0,10.51
8,20,3,0,,,,0.7107667,0.0,0.0,0.0,0.0
8,21,3,0,,,,2.3674834,0.0,0.0,0.0,0.0
8,22,3,0,,,,3.3612332,0.0,0.0,0.0,0.0
8,23,3,0,,,,3.6534333,0.0,0.0,0.0,0.0
8,24,3,0,,,,2.6875916,0.0,0.0,0.0,0.0
9,1,4,0,,,,0.2781,0.0,0.0,0.0,0.0
9,2,4,0,,,,0.87355,0.0,0.0,0.0,0.0
9,3,4,0,,,,1.1183333,0.0,0.0,0.0,0.0
9,4,4,0,,,,0.2712,0.0,0.0,0.0,0.0
9,5,4,0,,,,0.27058333,0.0,0.0,0.0,0.0
9,6,4,0,,,,0.27325,0.0,0.0,0.0,0.0
9,7,4,0,,,,1.3937334,0.0,0.0,0.0,26.33
9,8,4,0,,,,0.43821666,0.0,0.0,0.0,184.92
9,9,4,0,,,,0.55016667,0.0,0.0,0.0,380.33
9,10,4,0,,,,2.2368834,0.0,0.0,0.0,543.23
9,11,4,0,,,,3.6284,0.0,0.0,0.0,659.21
9,12,4,0,,,,0.2888,0.0,0.0,0.0,697.89
9,13,4,0,,,,0.272,0.0,0.0,0.0,640.67
9,14,4,0,,,,0.26658332,0.0,0.0,0.0,569.86
9,15,4,0,,,,0.38916665,0.0,0.0,0.0,436.71
9,16,4,0,,,,2.8226333,0.0,0.0,0.0,358.19
9,17,4,0,,,,0.6968833,0.0,0.0,0.0,257.91
9,18,4,0,,,,2.1122668,0.0,0.0,0.0,110.85
9,19,4,0,,,,0.26813334,0.0,0.0,0.0,9.38
9,20,4,0,,,,2.01565,0.0,0.0,0.0,0.0
9,21,4,0,,,,0.27238333,0.0,0.0,0.0,0.0
9,22,4,0,,,,0.27861667,0.0,0.0,0.0,0.0
9,23,4,0,,,,1.90245,0.0,0.0,0.0,0.0
9,24,4,0,,,,3.0590916,0.0,0.0,0.0,0.0
9,1,5,0,,,,1.9793833,0.0,0.0,0.0,0.0
9,2,5,0,,,,0.27588335,0.0,0.0,0.0,0.0
9,3,5,0,,,,0.276,0.0,0.0,0.0,0.0
9,4,5,0,,,,0.74715,0.0,0.0,0.0,0.0
9,5,5,0,,,,0.3669,0.0,0.0,0.0,0.0
9,6,5,0,,,,0.41323334,0.0,0.0,0.0,0.0
9,7,5,0,,,,0.43393335,0.0,0.0,0.0,34.99
9,8,5,0,,,,0.23063333,0.0,0.0,0.0,198.04
9,9,5,0,,,,0.22908333,0.0,0.0,0.0,390.85
9,10,5,0,,,,0.23073334,0.0,0.0,0.0,540.79
9,11,5,0,,,,0.21246667,0.0,0.0,0.0,647.86
9,12,5,0,,,,0.18915,0.0,0.0,0.0,713.33
9,13,5,0,,,,0.1838,0.0,0.0,0.0,690.05
9,14,5,0,,,,0.18423334,0.0,0.0,0.0,637.52
9,15,5,0,,,,1.2999,0.0,0.0,0.0,489.64
9,16,5,0,,,,0.88566667,0.0,0.0,0.0,406.39
9,17,5,0,,,,1.79145,0.0,0.0,0.0,281.66
9,18,5,0,,,,0.66211665,0.0,0.0,0.0,112.24
9,19,5,0,,,,1.5848334,0.0,0.0,0.0,8.2
9,20,5,0,,,,2.9658833,0.0,0.0,0.0,0.0
9,21,5,0,,,,1.6633,0.0,0.0,0.0,0.0
9,22,5,0,,,,2.1520834,0.0,0.0,0.0,0.0
9,23,5,0,,,,2.4660833,0.0,0.0,0.0,0.0
9,24,5,0,,,,0.27411667,0.0,0.0,0.0,0.0
9,1,6,0,,,,0.27513334,0.0,0.0,0.0,0.0
9,2,6,0,,,,0.27475,0.0,0.0,0.0,0.0
9,3,6,0,,,,0.2763,0.0,0.0,0.0,0.0
9,4,6,0,,,,0.30496666,0.0,0.0,0.0,0.0
9,5,6,0,,,,0.32048333,0.0,0.0,0.0,0.0
9,6,6,0,,,,0.26261666,0.0,0.0,0.0,0.0
9,7,6,0,,,,0.23868333,0.0,0.0,0.0,27.81
9,8,6,0,,,,0.37751666,0.0,0.0,0.0,173.13
9,9,6,0,,,,0.96545,0.0,0.0,0.0,360.7
9,10,6,0,,,,0.6303,0.0,0.0,0.0,512.86
9,11,6,0,,,,0.23768333,0.0,0.0,0.0,613.49
9,12,6,0,,,,0.22508334,0.0,0.0,0.0,682.27
9,13,6,0,,,,0.18215,0.0,0.0,0.0,621.61
9,14,6,0,,,,0.18181667,0.0,0.0,0.0,285.97
9,15,6,0,,,,0.19376667,0.0,0.0,0.0,151.42
9,16,6,0,,,,0.5916833,0.0,0.0,0.0,40.21
9,17,6,0,,,,1.5248166,0.0,0.0,0.0,122.99
9,18,6,0,,,,0.3809,0.0,0.0,0.0,4.12
9,19,6,0,,,,3.1126168,0.0,0.0,0.0,6.67
9,20,6,0,,,,1.3759,0.0,0.0,0.0,0.0
9,21,6,0,,,,2.3566,0.0,0.0,0.0,0.0
9,22,6,0,,,,3.3460667,0.0,0.0,0.0,0.0
9,23,6,0,,,,0.6695,0.0,0.0,0.0,0.0
9,24,6,0,,,,0.523125,0.0,0.0,0.0,0.0
9,1,7,0,,,,2.2837,0.0,0.0,0.0,0.0
9,2,7,0,,,,0.28156668,0.0,0.0,0.0,0.0
9,3,7,0,,,,0.27365,0.0,0.0,0.0,0.0
9,4,7,0,,,,0.27098334,0.0,0.0,0.0,0.0
9,5,7,0,,,,0.30418333,0.0,0.0,0.0,0.0
9,6,7,0,,,,0.251825,0.0,0.0,0.0,0.0
9,7,7,0,,,,0.23858333,0.0,0.0,0.0,0.65
9,8,7,0,,,,0.23561667,0.0,0.0,0.0,9.63
9,9,7,0,,,,0.2361,0.0,0.0,0.0,35.79
9,10,7,0,,,,0.44026667,0.0,0.0,0.0,64.72
9,11,7,0,,,,0.76986665,0.0,0.0,0.0,319.77
9,12,7,0,,,,1.05385,0.0,0.0,0.0,364.8
9,13,7,0,,,,0.58286667,0.0,0.0,0.0,414.97
9,14,7,0,,,,0.5732167,0.0,0.0,0.0,318.45
9,15,7,0,,,,3.1129334,0.0,0.0,0.0,80.21
9,16,7,0,,,,1.8081833,0.0,0.0,0.0,69.21
9,17,7,0,,,,0.7814,0.0,0.0,0.0,58.37
9,18,7,0,,,,0.7847833,0.0,0.0,0.0,6.54
9,19,7,0,,,,2.3429167,0.0,0.0,0.0,5.38
9,20,7,0,,,,1.3264834,0.0,0.0,0.0,0.0
9,21,7,0,,,,0.97575,0.0,0.0,0.0,0.0
9,22,7,0,,,,0.6396,0.0,0.0,0.0,0.0
9,23,7,0,,,,2.10485,0.0,0.0,0.0,0.0
9,24,7,0,,,,2.3824418,0.0,0.0,0.0,0.0
9,1,1,0,,,,0.27311668,0.0,0.0,0.0,0.0
9,2,1,0,,,,0.27351665,0.0,0.0,0.0,0.0
9,3,1,0,,,,0.27376667,0.0,0.0,0.0,0.0
9,4,1,0,,,,0.3158,0.0,0.0,0.0,0.0
9,5,1,0,,,,0.31826666,0.0,0.0,0.0,0.0
9,6,1,0,,,,0.31658334,0.0,0.0,0.0,0.0
9,7,1,0,,,,0.32188332,0.0,0.0,0.0,32.85
9,8,1,0,,,,0.32616666,0.0,0.0,0.0,120.58
9,9,1,0,,,,0.31635,0.0,0.0,0.0,210.17
9,10,1,0,,,,0.76953334,0.0,0.0,0.0,218.18
9,11,1,0,,,,1.1640167,0.0,0.0,0.0,541.99
9,12,1,0,,,,0.52275,0.0,0.0,0.0,524.4
9,13,1,0,,,,0.88105,0.0,0.0,0.0,647.9
9,14,1,0,,,,0.58276665,0.0,0.0,0.0,590.99
9,15,1,0,,,,0.19151667,0.0,0.0,0.0,595.21
9,16,1,0,,,,1.1108667,0.0,0.0,0.0,471.92
9,17,1,0,,,,0.8812,0.0,0.0,0.0,280.29
9,18,1,0,,,,1.0864333,0.0,0.0,0.0,74.49
9,19,1,0,,,,1.2703667,0.0,0.0,0.0,1.19
9,20,1,0,,,,0.8253833,0.0,0.0,0.0,0.0
9,21,1,0,,,,1.4919667,0.0,0.0,0.0,0.0
9,22,1,0,,,,1.5487,0.0,0.0,0.0,0.0
9,23,1,0,,,,0.5861833,0.0,0.0,0.0,0.0
9,24,1,0,,,,2.7186334,0.0,0.0,0.0,0.0
9,1,2,0,,,,0.27285,0.0,0.0,0.0,0.0
9,2,2,0,,,,0.31458333,0.0,0.0,0.0,0.0
9,3,2,0,,,,0.31458333,0.0,0.0,0.0,0.0
9,4,2,0,,,,0.31663334,0.0,0.0,0.0,0.0
9,5,2,0,,,,0.31476668,0.0,0.0,0.0,0.0
9,6,2,0,,,,0.31266665,0.0,0.0,0.0,0.0
9,7,2,0,,,,1.19305,0.0,0.0,0.0,30.44
9,8,2,0,,,,1.0134333,0.0,0.0,0.0,186.58
9,9,2,0,,,,0.59858334,0.0,0.0,0.0,344.98
9,10,2,0,,,,0.68766665,0.0,0.0,0.0,338.45
9,11,2,0,,,,0.7578167,0.0,0.0,0.0,566.98
9,12,2,0,,,,2.9915833,0.0,0.0,0.0,712.94
9,13,2,0,,,,1.18775,0.0,0.0,0.0,725.7
9,14,2,0,,,,1.2556666,0.0,0.0,0.0,693.25
9,15,2,0,,,,1.79625,0.0,0.0,0.0,543.4
9,16,2,0,,,,0.54833335,0.0,0.0,0.0,430.39
9,17,2,0,,,,0.9988833,0.0,0.0,0.0,284.59
9,18,2,0,,,,0.77671665,0.0,0.0,0.0,100.47
9,19,2,0,,,,0.31205,0.0,0.0,0.0,2.42
9,20,2,0,,,,2.1608083,0.0,0.0,0.0,0.0
9,21,2,0,,,,0.95921665,0.0,0.0,0.0,0.0
9,22,2,0,,,,0.93418336,0.0,0.0,0.0,0.0
9,23,2,0,,,,3.0801666,0.0,0.0,0.0,0.0
9,24,2,0,,,,0.28686666,0.0,0.0,0.0,0.0
9,1,3,0,,,,0.27866668,0.0,0.0,0.0,0.0
9,2,3,0,,,,0.27528334,0.0,0.0,0.0,0.0
9,3,3,0,,,,0.27276668,0.0,0.0,0.0,0.0
9,4,3,0,,,,0.27123332,0.0,0.0,0.0,0.0
9,5,3,0,,,,0.27061668,0.0,0.0,0.0,0.0
9,6,3,0,,,,0.40971667,0.0,0.0,0.0,0.0
9,7,3,0,,,,0.7073333,0.0,0.0,0.0,28.9
9,8,3,0,,,,1.2093,0.0,0.0,0.0,191.76
9,9,3,0,,,,2.7998,0.0,0.0,0.0,385.28
9,10,3,0,,,,1.8257667,0.0,0.0,0.0,539.8
9,11,3,0,,,,1.5279666,0.0,0.0,0.0,626.77
9,12,3,0,,,,2.2936332,0.0,0.0,0.0,621.36
9,13,3,0,,,,0.49311668,0.0,0.0,0.0,614.5
9,14,3,0,,,,3.0027168,0.0,0.0,0.0,449.88
9,15,3,0,,,,0.6866,0.0,0.0,0.0,243.15
9,16,3,0,,,,3.0213332,0.0,0.0,0.0,316.51
9,17,3,0,,,,0.36275,0.0,0.0,0.0,257.83
9,18,3,0,,,,0.27105,0.0,0.0,0.0,92.69
9,19,3,0,,,,0.50476664,0.0,0.0,0.0,2.38
9,20,3,0,,,,0.59385,0.0,0.0,0.0,0.0
9,21,3,0,,,,1.0075834,0.0,0.0,0.0,0.0
9,22,3,0,,,,2.6082666,0.0,0.0,0.0,0.0
9,23,3,0,,,,0.45991668,0.0,0.0,0.0,0.0
9,24,3,0,,,,0.27454168,0.0,0.0,0.0,0.0
9,1,4,0,,,,0.27495,0.0,0.0,0.0,0.0
9,2,4,0,,,,0.27286667,0.0,0.0,0.0,0.0
9,3,4,0,,,,0.27286667,0.0,0.0,0.0,0.0
9,4,4,0,,,,0.27283335,0.0,0.0,0.0,0.0
9,5,4,0,,,,0.27291667,0.0,0.0,0.0,0.0
9,6,4,0,,,,0.27213332,0.0,0.0,0.0,0.0
9,7,4,0,,,,0.31946668,0.0,0.0,0.0,16.33
9,8,4,0,,,,0.73225,0.0,0.0,0.0,174.37
9,9,4,0,,,,1.50955,0.0,0.0,0.0,357.47
9,10,4,0,,,,1.2927834,0.0,0.0,0.0,500.36
9,11,4,0,,,,1.0138834,0.0,0.0,0.0,637.34
9,12,4,0,,,,2.7788,0.0,0.0,0.0,710.0
9,13,4,0,,,,3.5418668,0.0,0.0,0.0,725.47
9,14,4,0,,,,1.0456417,0.0,0.0,0.0,655.42
9,15,4,0,,,,1.86835,0.0,0.0,0.0,570.43
9,16,4,0,,,,1.759,0.0,0.0,0.0,388.73
9,17,4,0,,,,1.79215,0.0,0.0,0.0,269.14
9,18,4,0,,,,1.1390333,0.0,0.0,0.0,92.48
9,19,4,0,,,,0.84143335,0.0,0.0,0.0,0.0
9,20,4,0,,,,1.0028334,0.0,0.0,0.0,0.0
9,21,4,0,,,,1.3938667,0.0,0.0,0.0,0.0
9,22,4,0,,,,2.15925,0.0,0.0,0.0,0.0
9,23,4,0,,,,0.83635,0.0,0.0,0.0,0.0
9,24,4,0,,,,0.31830832,0.0,0.0,0.0,0.0
9,1,5,0,,,,0.28123334,0.0,0.0,0.0,0.0
9,2,5,0,,,,0.27221668,0.0,0.0,0.0,0.0
9,3,5,0,,,,0.27065,0.0,0.0,0.0,0.0
9,4,5,0,,,,0.27025,0.0,0.0,0.0,0.0
9,5,5,0,,,,0.27038333,0.0,0.0,0.0,0.0
9,6,5,0,,,,0.379,0.0,0.0,0.0,0.0
9,7,5,0,,,,0.59103334,0.0,0.0,0.0,22.97
9,8,5,0,,,,0.83196664,0.0,0.0,0.0,182.69
9,9,5,0,,,,1.0130167,0.0,0.0,0.0,388.4
9,10,5,0,,,,0.75658333,0.0,0.0,0.0,482.16
9,11,5,0,,,,0.51233333,0.0,0.0,0.0,663.31
9,12,5,0,,,,0.2565,0.0,0.0,0.0,730.3
9,13,5,0,,,,0.77678335,0.0,0.0,0.0,715.66
9,14,5,0,,,,3.4562833,0.0,0.0,0.0,636.58
9,15,5,0,,,,0.59498334,0.0,0.0,0.0,588.27
9,16,5,0,,,,1.13825,0.0,0.0,0.0,436.16
9,17,5,0,,,,3.6884167,0.0,0.0,0.0,288.1
9,18,5,0,,,,1.1722,0.0,0.0,0.0,90.08
9,19,5,0,,,,0.5484167,0.0,0.0,0.0,0.0
9,20,5,0,,,,1.19485,0.0,0.0,0.0,0.0
9,21,5,0,,,,2.72825,0.0,0.0,0.0,0.0
9,22,5,0,,,,2.5904667,0.0,0.0,0.0,0.0
9,23,5,0,,,,2.4171834,0.0,0.0,0.0,0.0
9,24,5,0,,,,0.28991666,0.0,0.0,0.0,0.0
9,1,6,0,,,,1.6069334,0.0,0.0,0.0,0.0
9,2,6,0,,,,0.27436668,0.0,0.0,0.0,0.0
9,3,6,0,,,,0.27475,0.0,0.0,0.0,0.0
9,4,6,0,,,,0.2754,0.0,0.0,0.0,0.0
9,5,6,0,,,,0.38533333,0.0,0.0,0.0,0.0
9,6,6,0,,,,0.75418335,0.0,0.0,0.0,0.0
9,7,6,0,,,,0.20793334,0.0,0.0,0.0,27.95
9,8,6,0,,,,0.1893,0.0,0.0,0.0,168.99
9,9,6,0,,,,0.26845,0.0,0.0,0.0,405.16
9,10,6,0,,,,0.6563,0.0,0.0,0.0,565.58
9,11,6,0,,,,1.0502666,0.0,0.0,0.0,681.01
9,12,6,0,,,,0.97475,0.0,0.0,0.0,727.67
9,13,6,0,,,,1.86745,0.0,0.0,0.0,749.11
9,14,6,0,,,,0.36531666,0.0,0.0,0.0,692.77
9,15,6,0,,,,0.27656665,0.0,0.0,0.0,584.38
9,16,6,0,,,,0.28751665,0.0,0.0,0.0,453.1
9,17,6,0,,,,1.795,0.0,0.0,0.0,275.93
9,18,6,0,,,,3.379,0.0,0.0,0.0,87.18
9,19,6,0,,,,0.9462,0.0,0.0,0.0,0.0
9,20,6,0,,,,0.89485,0.0,0.0,0.0,0.0
9,21,6,0,,,,2.43505,0.0,0.0,0.0,0.0
9,22,6,0,,,,1.3086667,0.0,0.0,0.0,0.0
9,23,6,0,,,,3.3092833,0.0,0.0,0.0,0.0
9,24,6,0,,,,2.1538334,0.0,0.0,0.0,0.0
9,1,7,0,,,,0.2739,0.0,0.0,0.0,0.0
9,2,7,0,,,,0.27366668,0.0,0.0,0.0,0.0
9,3,7,0,,,,0.27455,0.0,0.0,0.0,0.0
9,4,7,0,,,,0.27353334,0.0,0.0,0.0,0.0
9,5,7,0,,,,0.27273333,0.0,0.0,0.0,0.0
9,6,7,0,,,,0.29071668,0.0,0.0,0.0,0.0
9,7,7,0,,,,0.52236664,0.0,0.0,0.0,24.5
9,8,7,0,,,,0.4721,0.0,0.0,0.0,197.13
9,9,7,0,,,,0.21056667,0.0,0.0,0.0,383.24
9,10,7,0,,,,0.21005,0.0,0.0,0.0,537.15
9,11,7,0,,,,0.21286666,0.0,0.0,0.0,651.16
9,12,7,0,,,,0.2077,0.0,0.0,0.0,707.34
9,13,7,0,,,,0.20506667,0.0,0.0,0.0,706.9
9,14,7,0,,,,0.20436667,0.0,0.0,0.0,646.0
9,15,7,0,,,,2.0388,0.0,0.0,0.0,560.38
9,16,7,0,,,,1.4043666,0.0,0.0,0.0,431.51
9,17,7,0,,,,1.1836166,0.0,0.0,0.0,238.56
9,18,7,0,,,,0.9669667,0.0,0.0,0.0,85.1
9,19,7,0,,,,1.5380666,0.0,0.0,0.0,0.0
9,20,7,0,,,,2.1222,0.0,0.0,0.0,0.0
9,21,7,0,,,,0.35758334,0.0,0.0,0.0,0.0
9,22,7,0,,,,3.0665333,0.0,0.0,0.0,0.0
9,23,7,0,,,,1.7457833,0.0,0.0,0.0,0.0
9,24,7,0,,,,0.27585834,0.0,0.0,0.0,0.0
9,1,1,0,,,,0.27218333,0.0,0.0,0.0,0.0
9,2,1,0,,,,0.2726,0.0,0.0,0.0,0.0
9,3,1,0,,,,0.27275,0.0,0.0,0.0,0.0
9,4,1,0,,,,0.30971667,0.0,0.0,0.0,0.0
9,5,1,0,,,,0.31373334,0.0,0.0,0.0,0.0
9,6,1,0,,,,0.26085,0.0,0.0,0.0,0.0
9,7,1,0,,,,0.2383,0.0,0.0,0.0,20.26
9,8,1,0,,,,0.43751666,0.0,0.0,0.0,185.3
9,9,1,0,,,,1.5442667,0.0,0.0,0.0,380.13
9,10,1,0,,,,0.80835,0.0,0.0,0.0,538.7
9,11,1,0,,,,0.26525,0.0,0.0,0.0,656.89
9,12,1,0,,,,0.26186666,0.0,0.0,0.0,712.38
9,13,1,0,,,,0.242675,0.0,0.0,0.0,688.46
9,14,1,0,,,,0.21333334,0.0,0.0,0.0,655.55
9,15,1,0,,,,0.21398333,0.0,0.0,0.0,535.88
9,16,1,0,,,,0.21248333,0.0,0.0,0.0,424.69
9,17,1,0,,,,0.21995,0.0,0.0,0.0,257.47
9,18,1,0,,,,0.20706667,0.0,0.0,0.0,79.14
9,19,1,0,,,,1.3024666,0.0,0.0,0.0,0.0
9,20,1,0,,,,2.0565166,0.0,0.0,0.0,0.0
9,21,1,0,,,,0.44768333,0.0,0.0,0.0,0.0
9,22,1,0,,,,0.84526664,0.0,0.0,0.0,0.0
9,23,1,0,,,,2.5292332,0.0,0.0,0.0,0.0
9,24,1,0,,,,0.48756668,0.0,0.0,0.0,0.0
9,1,2,0,,,,0.31925,0.0,0.0,0.0,0.0
9,2,2,0,,,,0.3195,0.0,0.0,0.0,0.0
9,3,2,0,,,,1.6094834,0.0,0.0,0.0,0.0
9,4,2,0,,,,0.29558334,0.0,0.0,0.0,0.0
9,5,2,0,,,,0.31686667,0.0,0.0,0.0,0.0
9,6,2,0,,,,0.37755,0.0,0.0,0.0,0.0
9,7,2,0,,,,0.43843332,0.0,0.0,0.0,10.08
9,8,2,0,,,,0.6221333,0.0,0.0,0.0,171.27
9,9,2,0,,,,0.25725,0.0,0.0,0.0,367.91
9,10,2,0,,,,0.25758332,0.0,0.0,0.0,537.55
9,11,2,0,,,,0.2633,0.0,0.0,0.0,642.19
9,12,2,0,,,,0.2584,0.0,0.0,0.0,701.47
9,13,2,0,,,,0.25883332,0.0,0.0,0.0,702.7
9,14,2,0,,,,0.25986665,0.0,0.0,0.0,660.0
9,15,2,0,,,,0.59885,0.0,0.0,0.0,550.49
9,16,2,0,,,,0.57678336,0.0,0.0,0.0,386.63
9,17,2,0,,,,0.265,0.0,0.0,0.0,184.34
9,18,2,0,,,,0.2484,0.0,0.0,0.0,48.34
9,19,2,0,,,,0.36376667,0.0,0.0,0.0,0.0
9,20,2,0,,,,0.7141333,0.0,0.0,0.0,0.0
9,21,2,0,,,,1.1150167,0.0,0.0,0.0,0.0
9,22,2,0,,,,0.969,0.0,0.0,0.0,0.0
9,23,2,0,,,,0.32391667,0.0,0.0,0.0,0.0
9,24,2,0,,,,0.3183,0.0,0.0,0.0,0.0
9,1,3,0,,,,0.3115,0.0,0.0,0.0,0.0
9,2,3,0,,,,0.31053334,0.0,0.0,0.0,0.0
9,3,3,0,,,,0.31153333,0.0,0.0,0.0,0.0
9,4,3,0,,,,0.31435,0.0,0.0,0.0,0.0
9,5,3,0,,,,0.31605,0.0,0.0,0.0,0.0
9,6,3,0,,,,0.44143334,0.0,0.0,0.0,0.0
9,7,3,0,,,,2.55895,0.0,0.0,0.0,0.0
9,8,3,0,,,,0.86258334,0.0,0.0,0.0,63.13
9,9,3,0,,,,0.22403333,0.0,0.0,0.0,15.27
9,10,3,0,,,,0.22721666,0.0,0.0,0.0,70.18
9,11,3,0,,,,0.23118334,0.0,0.0,0.0,177.39
9,12,3,0,,,,0.24395,0.0,0.0,0.0,543.9
9,13,3,0,,,,0.22111666,0.0,0.0,0.0,654.7
9,14,3,0,,,,0.22065,0.0,0.0,0.0,663.29
9,15,3,0,,,,0.22218333,0.0,0.0,0.0,548.73
9,16,3,0,,,,0.22278333,0.0,0.0,0.0,412.02
9,17,3,0,,,,0.22896667,0.0,0.0,0.0,276.04
9,18,3,0,,,,0.24716666,0.0,0.0,0.0,72.59
9,19,3,0,,,,0.54801667,0.0,0.0,0.0,0.0
9,20,3,0,,,,1.0774333,0.0,0.0,0.0,0.0
9,21,3,0,,,,0.99745,0.0,0.0,0.0,0.0
9,22,3,0,,,,2.8777168,0.0,0.0,0.0,0.0
9,23,3,0,,,,0.29041666,0.0,0.0,0.0,0.0
9,24,3,0,,,,0.276325,0.0,0.0,0.0,0.0
9,1,4,0,,,,0.30958334,0.0,0.0,0.0,0.0
9,2,4,0,,,,0.318,0.0,0.0,0.0,0.0
9,3,4,0,,,,0.3174,0.0,0.0,0.0,0.0
9,4,4,0,,,,0.31501666,0.0,0.0,0.0,0.0
9,5,4,0,,,,0.3139,0.0,0.0,0.0,0.0
9,6,4,0,,,,0.25251666,0.0,0.0,0.0,0.0
9,7,4,0,,,,0.23503333,0.0,0.0,0.0,16.22
9,8,4,0,,,,0.42855,0.0,0.0,0.0,193.99
9,9,4,0,,,,0.5619,0.0,0.0,0.0,403.64
9,10,4,0,,,,0.5621,0.0,0.0,0.0,580.13
9,11,4,0,,,,0.47801667,0.0,0.0,0.0,685.78
9,12,4,0,,,,0.37606665,0.0,0.0,0.0,500.39
9,13,4,0,,,,0.7410333,0.0,0.0,0.0,455.21
9,14,4,0,,,,0.23908333,0.0,0.0,0.0,562.36
9,15,4,0,,,,0.9309833,0.0,0.0,0.0,524.83
9,16,4,0,,,,0.304,0.0,0.0,0.0,434.84
9,17,4,0,,,,3.4525666,0.0,0.0,0.0,239.23
9,18,4,0,,,,0.8344167,0.0,0.0,0.0,36.4
9,19,4,0,,,,0.48148334,0.0,0.0,0.0,0.0
9,20,4,0,,,,0.33861667,0.0,0.0,0.0,0.0
9,21,4,0,,,,1.0924166,0.0,0.0,0.0,0.0
9,22,4,0,,,,1.90715,0.0,0.0,0.0,0.0
9,23,4,0,,,,1.0946833,0.0,0.0,0.0,0.0
9,24,4,0,,,,2.05035,0.0,0.0,0.0,0.0
9,1,5,0,,,,0.27371666,0.0,0.0,0.0,0.0
9,2,5,0,,,,0.29785,0.0,0.0,0.0,0.0
9,3,5,0,,,,0.31608334,0.0,0.0,0.0,0.0
9,4,5,0,,,,0.31703332,0.0,0.0,0.0,0.0
9,5,5,0,,,,0.3173,0.0,0.0,0.0,0.0
9,6,5,0,,,,0.31235,0.0,0.0,0.0,0.0
9,7,5,0,,,,0.31995,0.0,0.0,0.0,13.23
9,8,5,0,,,,0.3172,0.0,0.0,0.0,188.55
9,9,5,0,,,,0.31633332,0.0,0.0,0.0,107.08
9,10,5,0,,,,0.31628335,0.0,0.0,0.0,307.81
9,11,5,0,,,,0.5519417,0.0,0.0,0.0,568.79
9,12,5,0,,,,1.2405,0.0,0.0,0.0,297.56
9,13,5,0,,,,0.496,0.0,0.0,0.0,459.81
9,14,5,0,,,,0.18523334,0.0,0.0,0.0,635.36
9,15,5,0,,,,0.19705,0.0,0.0,0.0,553.36
9,16,5,0,,,,0.24363333,0.0,0.0,0.0,422.78
9,17,5,0,,,,2.6425,0.0,0.0,0.0,258.38
9,18,5,0,,,,0.1833,0.0,0.0,0.0,34.55
9,19,5,0,,,,0.2162,0.0,0.0,0.0,0.0
9,20,5,0,,,,1.62445,0.0,0.0,0.0,0.0
9,21,5,0,,,,1.0601166,0.0,0.0,0.0,0.0
9,22,5,0,,,,0.65078336,0.0,0.0,0.0,0.0
9,23,5,0,,,,0.64015,0.0,0.0,0.0,0.0
9,24,5,0,,,,2.0934083,0.0,0.0,0.0,0.0
9,1,6,0,,,,0.45911667,0.0,0.0,0.0,0.0
9,2,6,0,,,,0.26966667,0.0,0.0,0.0,0.0
9,3,6,0,,,,0.27,0.0,0.0,0.0,0.0
9,4,6,0,,,,0.27045,0.0,0.0,0.0,0.0
9,5,6,0,,,,0.26933333,0.0,0.0,0.0,0.0
9,6,6,0,,,,0.26825,0.0,0.0,0.0,0.0
9,7,6,0,,,,0.27631667,0.0,0.0,0.0,0.3
9,8,6,0,,,,0.27283335,0.0,0.0,0.0,196.1
9,9,6,0,,,,0.35178334,0.0,0.0,0.0,375.69
9,10,6,0,,,,0.6053,0.0,0.0,0.0,581.65
9,11,6,0,,,,0.703,0.0,0.0,0.0,687.25
9,12,6,0,,,,0.8275,0.0,0.0,0.0,705.48
9,13,6,0,,,,0.2031,0.0,0.0,0.0,752.2
9,14,6,0,,,,0.18645,0.0,0.0,0.0,700.73
9,15,6,0,,,,2.9970334,0.0,0.0,0.0,568.53
9,16,6,0,,,,0.7661167,0.0,0.0,0.0,423.33
9,17,6,0,,,,0.33281666,0.0,0.0,0.0,245.37
9,18,6,0,,,,2.8158,0.0,0.0,0.0,65.54
9,19,6,0,,,,0.21731667,0.0,0.0,0.0,0.0
9,20,6,0,,,,0.64128333,0.0,0.0,0.0,0.0
9,21,6,0,,,,2.1476166,0.0,0.0,0.0,0.0
9,22,6,0,,,,2.0899832,0.0,0.0,0.0,0.0
9,23,6,0,,,,3.2015166,0.0,0.0,0.0,0.0
9,24,6,0,,,,0.30953333,0.0,0.0,0.0,0.0
9,1,7,0,,,,0.27235,0.0,0.0,0.0,0.0
9,2,7,0,,,,0.27251667,0.0,0.0,0.0,0.0
9,3,7,0,,,,0.79041666,0.0,0.0,0.0,0.0
9,4,7,0,,,,0.37401667,0.0,0.0,0.0,0.0
9,5,7,0,,,,0.27263334,0.0,0.0,0.0,0.0
9,6,7,0,,,,0.27328333,0.0,0.0,0.0,0.0
9,7,7,0,,,,0.27398333,0.0,0.0,0.0,0.0
9,8,7,0,,,,2.0043833,0.0,0.0,0.0,147.14
9,9,7,0,,,,0.43015,0.0,0.0,0.0,171.32
9,10,7,0,,,,0.59085,0.0,0.0,0.0,109.08
9,11,7,0,,,,1.0505333,0.0,0.0,0.0,179.01
9,12,7,0,,,,1.69745,0.0,0.0,0.0,546.81
9,13,7,0,,,,4.1036167,0.0,0.0,0.0,240.93
9,14,7,0,,,,1.2135834,0.0,0.0,0.0,621.13
9,15,7,0,,,,4.0087,0.0,0.0,0.0,101.72
9,16,7,0,,,,1.8774,0.0,0.0,0.0,392.67
9,17,7,0,,,,1.2957333,0.0,0.0,0.0,103.26
9,18,7,0,,,,2.1484833,0.0,0.0,0.0,66.18
9,19,7,0,,,,0.40161666,0.0,0.0,0.0,0.0
9,20,7,0,,,,1.7380333,0.0,0.0,0.0,0.0
9,21,7,0,,,,1.07455,0.0,0.0,0.0,0.0
9,22,7,0,,,,3.9184334,0.0,0.0,0.0,0.0
9,23,7,0,,,,1.90865,0.0,0.0,0.0,0.0
9,24,7,0,,,,3.5860083,0.0,0.0,0.0,0.0
9,1,1,0,,,,0.28473333,0.0,0.0,0.0,0.0
9,2,1,0,,,,0.2712,0.0,0.0,0.0,0.0
9,3,1,0,,,,0.94526666,0.0,0.0,0.0,0.0
9,4,1,0,,,,1.1203667,0.0,0.0,0.0,0.0
9,5,1,0,,,,0.27295,0.0,0.0,0.0,0.0
9,6,1,0,,,,0.27105,0.0,0.0,0.0,0.0
9,7,1,0,,,,0.27195,0.0,0.0,0.0,5.75
9,8,1,0,,,,0.27185,0.0,0.0,0.0,71.78
9,9,1,0,,,,1.6310333,0.0,0.0,0.0,356.55
9,10,1,0,,,,1.5438167,0.0,0.0,0.0,526.84
9,11,1,0,,,,1.0901917,0.0,0.0,0.0,560.03
9,12,1,0,,,,0.47304165,0.0,0.0,0.0,348.54
9,13,1,0,,,,2.1364334,0.0,0.0,0.0,240.91
9,14,1,0,,,,2.0855834,0.0,0.0,0.0,289.58
9,15,1,0,,,,0.24566667,0.0,0.0,0.0,429.3
9,16,1,0,,,,3.03425,0.0,0.0,0.0,290.98
9,17,1,0,,,,0.43863332,0.0,0.0,0.0,260.67
9,18,1,0,,,,0.67803335,0.0,0.0,0.0,62.16
9,19,1,0,,,,3.4788833,0.0,0.0,0.0,0.0
9,20,1,0,,,,1.0719167,0.0,0.0,0.0,0.0
9,21,1,0,,,,0.73085,0.0,0.0,0.0,0.0
9,22,1,0,,,,2.5160832,0.0,0.0,0.0,0.0
9,23,1,0,,,,3.19855,0.0,0.0,0.0,0.0
9,24,1,0,,,,1.8468666,0.0,0.0,0.0,0.0
9,1,2,0,,,,0.27395,0.0,0.0,0.0,0.0
9,2,2,0,,,,0.27223334,0.0,0.0,0.0,0.0
9,3,2,0,,,,2.0373333,0.0,0.0,0.0,0.0
9,4,2,0,,,,0.27038333,0.0,0.0,0.0,0.0
9,5,2,0,,,,0.274,0.0,0.0,0.0,0.0
9,6,2,0,,,,0.93756664,0.0,0.0,0.0,0.0
9,7,2,0,,,,1.0983,0.0,0.0,0.0,0.0
9,8,2,0,,,,0.3206,0.0,0.0,0.0,26.79
9,9,2,0,,,,0.1868,0.0,0.0,0.0,121.4
9,10,2,0,,,,0.18976666,0.0,0.0,0.0,226.42
9,11,2,0,,,,0.19598334,0.0,0.0,0.0,372.58
9,12,2,0,,,,0.19183333,0.0,0.0,0.0,447.1
9,13,2,0,,,,0.19138333,0.0,0.0,0.0,595.9
9,14,2,0,,,,0.19221666,0.0,0.0,0.0,158.7
9,15,2,0,,,,0.35826668,0.0,0.0,0.0,46.22
9,16,2,0,,,,1.81565,0.0,0.0,0.0,78.32
9,17,2,0,,,,0.37348333,0.0,0.0,0.0,138.78
9,18,2,0,,,,1.6248167,0.0,0.0,0.0,31.03
9,19,2,0,,,,0.63096666,0.0,0.0,0.0,0.0
9,20,2,0,,,,1.5823333,0.0,0.0,0.0,0.0
9,21,2,0,,,,1.7815,0.0,0.0,0.0,0.0
9,22,2,0,,,,3.1768167,0.0,0.0,0.0,0.0
9,23,2,0,,,,2.4391334,0.0,0.0,0.0,0.0
9,24,2,0,,,,0.299325,0.0,0.0,0.0,0.0
9,1,3,0,,,,0.27493334,0.0,0.0,0.0,0.0
9,2,3,0,,,,0.27406666,0.0,0.0,0.0,0.0
9,3,3,0,,,,1.9178333,0.0,0.0,0.0,0.0
9,4,3,0,,,,0.27276668,0.0,0.0,0.0,0.0
9,5,3,0,,,,0.27281666,0.0,0.0,0.0,0.0
9,6,3,0,,,,0.20651667,0.0,0.0,0.0,0.0
9,7,3,0,,,,0.19195,0.0,0.0,0.0,1.17
9,8,3,0,,,,0.40368333,0.0,0.0,0.0,123.54
9,9,3,0,,,,0.53148335,0.0,0.0,0.0,417.59
9,10,3,0,,,,1.6454667,0.0,0.0,0.0,577.66
9,11,3,0,,,,0.61755,0.0,0.0,0.0,658.48
9,12,3,0,,,,0.22008333,0.0,0.0,0.0,756.22
9,13,3,0,,,,0.18246667,0.0,0.0,0.0,775.81
9,14,3,0,,,,0.17985,0.0,0.0,0.0,700.16
9,15,3,0,,,,2.3326333,0.0,0.0,0.0,350.85
9,16,3,0,,,,1.0744667,0.0,0.0,0.0,64.23
9,17,3,0,,,,1.5072292,0.0,0.0,0.0,49.59
9,18,3,0,,,,3.1908,0.0,0.0,0.0,24.54
9,19,3,0,,,,3.5986333,0.0,0.0,0.0,0.0
9,20,3,0,,,,1.1481,0.0,0.0,0.0,0.0
9,21,3,0,,,,0.56815,0.0,0.0,0.0,0.0
9,22,3,0,,,,2.9885666,0.0,0.0,0.0,0.0
9,23,3,0,,,,3.4305,0.0,0.0,0.0,0.0
9,24,3,0,,,,0.87635833,0.0,0.0,0.0,0.0
9,1,4,0,,,,0.26955,0.0,0.0,0.0,0.0
9,2,4,0,,,,0.2696,0.0,0.0,0.0,0.0
9,3,4,0,,,,0.581,0.0,0.0,0.0,0.0
9,4,4,0,,,,1.1666334,0.0,0.0,0.0,0.0
9,5,4,0,,,,0.2718,0.0,0.0,0.0,0.0
9,6,4,0,,,,0.28891668,0.0,0.0,0.0,0.0
9,7,4,0,,,,0.27536666,0.0,0.0,0.0,0.0
9,8,4,0,,,,0.54968333,0.0,0.0,0.0,25.38
9,9,4,0,,,,1.6104333,0.0,0.0,0.0,57.71
9,10,4,0,,,,0.8883167,0.0,0.0,0.0,90.7
9,11,4,0,,,,0.37226668,0.0,0.0,0.0,121.06
9,12,4,0,,,,0.37086666,0.0,0.0,0.0,180.22
9,13,4,0,,,,0.36801666,0.0,0.0,0.0,69.67
9,14,4,0,,,,0.38696668,0.0,0.0,0.0,293.18
9,15,4,0,,,,0.21791667,0.0,0.0,0.0,293.49
9,16,4,0,,,,0.21903333,0.0,0.0,0.0,310.96
9,17,4,0,,,,0.2668,0.0,0.0,0.0,201.65
9,18,4,0,,,,1.2525834,0.0,0.0,0.0,45.19
9,19,4,0,,,,0.50666666,0.0,0.0,0.0,0.0
9,20,4,0,,,,3.5124,0.0,0.0,0.0,0.0
9,21,4,0,,,,0.94155,0.0,0.0,0.0,0.0
9,22,4,0,,,,1.5641167,0.0,0.0,0.0,0.0
9,23,4,0,,,,1.5147333,0.0,0.0,0.0,0.0
9,24,4,0,,,,0.65061665,0.0,0.0,0.0,0.0
9,1,5,0,,,,0.31921667,0.0,0.0,0.0,0.0
9,2,5,0,,,,0.31856668,0.0,0.0,0.0,0.0
9,3,5,0,,,,0.31905,0.0,0.0,0.0,0.0
9,4,5,0,,,,0.31428334,0.0,0.0,0.0,0.0
9,5,5,0,,,,0.31201667,0.0,0.0,0.0,0.0
9,6,5,0,,,,0.3083,0.0,0.0,0.0,0.0
9,7,5,0,,,,0.31558332,0.0,0.0,0.0,0.0
9,8,5,0,,,,1.7338834,0.0,0.0,0.0,26.67
9,9,5,0,,,,0.63881665,0.0,0.0,0.0,76.42
9,10,5,0,,,,0.6722,0.0,0.0,0.0,307.88
9,11,5,0,,,,0.5285,0.0,0.0,0.0,482.41
9,12,5,0,,,,0.8644,0.0,0.0,0.0,707.2
9,13,5,0,,,,0.55761665,0.0,0.0,0.0,764.12
9,14,5,0,,,,0.34586668,0.0,0.0,0.0,690.11
9,15,5,0,,,,0.34611666,0.0,0.0,0.0,547.95
9,16,5,0,,,,1.7144166,0.0,0.0,0.0,426.19
9,17,5,0,,,,0.66875,0.0,0.0,0.0,236.65
9,18,5,0,,,,0.4476,0.0,0.0,0.0,46.17
9,19,5,0,,,,0.43171668,0.0,0.0,0.0,0.0
9,20,5,0,,,,0.43025,0.0,0.0,0.0,0.0
9,21,5,0,,,,0.43238333,0.0,0.0,0.0,0.0
9,22,5,0,,,,0.43563333,0.0,0.0,0.0,0.0
9,23,5,0,,,,0.57329166,0.0,0.0,0.0,0.0
9,24,5,0,,,,2.165375,0.0,0.0,0.0,0.0
9,1,6,0,,,,1.6800667,0.0,0.0,0.0,0.0
9,2,6,0,,,,1.2372333,0.0,0.0,0.0,0.0
9,3,6,0,,,,0.44596666,0.0,0.0,0.0,0.0
9,4,6,0,,,,0.43558332,0.0,0.0,0.0,0.0
9,5,6,0,,,,0.43286666,0.0,0.0,0.0,0.0
9,6,6,0,,,,0.4338,0.0,0.0,0.0,0.0
9,7,6,0,,,,0.4867,0.0,0.0,0.0,5.67
9,8,6,0,,,,0.4602,0.0,0.0,0.0,199.07
9,9,6,0,,,,2.1644042,0.0,0.0,0.0,430.43
9,10,6,0,,,,2.8801832,0.0,0.0,0.0,598.82
9,11,6,0,,,,1.6367834,0.0,0.0,0.0,703.61
9,12,6,0,,,,0.98665,0.0,0.0,0.0,756.32
9,13,6,0,,,,0.9985333,0.0,0.0,0.0,747.81
9,14,6,0,,,,0.66716665,0.0,0.0,0.0,634.34
9,15,6,0,,,,0.47005,0.0,0.0,0.0,554.24
9,16,6,0,,,,2.56515,0.0,0.0,0.0,433.91
9,17,6,0,,,,1.3058667,0.0,0.0,0.0,234.51
9,18,6,0,,,,1.4146667,0.0,0.0,0.0,41.22
9,19,6,0,,,,1.05355,0.0,0.0,0.0,0.0
9,20,6,0,,,,0.27335,0.0,0.0,0.0,0.0
9,21,6,0,,,,1.7271833,0.0,0.0,0.0,0.0
9,22,6,0,,,,0.27268332,0.0,0.0,0.0,0.0
9,23,6,0,,,,0.28093332,0.0,0.0,0.0,0.0
9,24,6,0,,,,1.6274166,0.0,0.0,0.0,0.0
9,1,7,0,,,,1.816,0.0,0.0,0.0,0.0
9,2,7,0,,,,0.63883334,0.0,0.0,0.0,0.0
9,3,7,0,,,,0.2833,0.0,0.0,0.0,0.0
9,4,7,0,,,,0.26951668,0.0,0.0,0.0,0.0
9,5,7,0,,,,0.6213,0.0,0.0,0.0,0.0
9,6,7,0,,,,1.2679167,0.0,0.0,0.0,0.0
9,7,7,0,,,,0.3379,0.0,0.0,0.0,0.0
9,8,7,0,,,,0.2619,0.0,0.0,0.0,86.08
9,9,7,0,,,,1.8857167,0.0,0.0,0.0,302.08
9,10,7,0,,,,2.4636166,0.0,0.0,0.0,302.25
9,11,7,0,,,,1.4784833,0.0,0.0,0.0,190.39
9,12,7,0,,,,2.2329667,0.0,0.0,0.0,522.38
9,13,7,0,,,,1.4676167,0.0,0.0,0.0,281.39
9,14,7,0,,,,1.91865,0.0,0.0,0.0,167.7
9,15,7,0,,,,1.1255,0.0,0.0,0.0,164.79
9,16,7,0,,,,0.9191667,0.0,0.0,0.0,17.33
9,17,7,0,,,,0.9577,0.0,0.0,0.0,6.07
9,18,7,0,,,,1.7180333,0.0,0.0,0.0,25.0
9,19,7,0,,,,1.5764667,0.0,0.0,0.0,0.0
9,20,7,0,,,,0.6334,0.0,0.0,0.0,0.0
9,21,7,0,,,,1.9763334,0.0,0.0,0.0,0.0
9,22,7,0,,,,0.6583,0.0,0.0,0.0,0.0
9,23,7,0,,,,1.96415,0.0,0.0,0.0,0.0
9,24,7,0,,,,0.56715834,0.0,0.0,0.0,0.0
9,1,1,0,,,,0.5649167,0.0,0.0,0.0,0.0
9,2,1,0,,,,2.7629833,0.0,0.0,0.0,0.0
9,3,1,0,,,,0.5622,0.0,0.0,0.0,0.0
9,4,1,0,,,,1.6571333,0.0,0.0,0.0,0.0
9,5,1,0,,,,0.59211665,0.0,0.0,0.0,0.0
9,6,1,0,,,,0.26706666,0.0,0.0,0.0,0.0
9,7,1,0,,,,0.2711,0.0,0.0,0.0,0.0
9,8,1,0,,,,0.50586665,0.0,0.0,0.0,13.0
9,9,1,0,,,,2.3427167,0.0,0.0,0.0,33.24
9,10,1,0,,,,3.82135,0.0,0.0,0.0,95.16
9,11,1,0,,,,1.7540833,0.0,0.0,0.0,126.57
9,12,1,0,,,,1.7964,0.0,0.0,0.0,138.28
9,13,1,0,,,,2.74335,0.0,0.0,0.0,83.28
9,14,1,0,,,,2.23025,0.0,0.0,0.0,69.15
9,15,1,0,,,,3.0999668,0.0,0.0,0.0,30.73
9,16,1,0,,,,1.5162166,0.0,0.0,0.0,13.8
9,17,1,0,,,,0.6907,0.0,0.0,0.0,8.06
9,18,1,0,,,,2.27935,0.0,0.0,0.0,0.0
9,19,1,0,,,,1.1869833,0.0,0.0,0.0,0.0
9,20,1,0,,,,0.5992333,0.0,0.0,0.0,0.0
9,21,1,0,,,,1.936,0.0,0.0,0.0,0.0
9,22,1,0,,,,1.1695334,0.0,0.0,0.0,0.0
9,23,1,0,,,,2.51975,0.0,0.0,0.0,0.0
9,24,1,0,,,,0.590675,0.0,0.0,0.0,0.0
9,1,2,0,,,,0.5805167,0.0,0.0,0.0,0.0
9,2,2,0,,,,0.5671,0.0,0.0,0.0,0.0
9,3,2,0,,,,1.93095,0.0,0.0,0.0,0.0
9,4,2,0,,,,2.1913834,0.0,0.0,0.0,0.0
9,5,2,0,,,,0.27033332,0.0,0.0,0.0,0.0
9,6,2,0,,,,0.26956666,0.0,0.0,0.0,0.0
9,7,2,0,,,,0.3672,0.0,0.0,0.0,0.0
9,8,2,0,,,,0.47186667,0.0,0.0,0.0,17.19
9,9,2,0,,,,1.5091166,0.0,0.0,0.0,38.95
9,10,2,0,,,,2.61085,0.0,0.0,0.0,66.71
9,11,2,0,,,,3.8186333,0.0,0.0,0.0,91.91
9,12,2,0,,,,3.58805,0.0,0.0,0.0,75.06
9,13,2,0,,,,0.6774667,0.0,0.0,0.0,59.21
9,14,2,0,,,,0.8070833,0.0,0.0,0.0,45.23
9,15,2,0,,,,0.53675,0.0,0.0,0.0,30.32
9,16,2,0,,,,0.5524333,0.0,0.0,0.0,33.22
9,17,2,0,,,,2.51185,0.0,0.0,0.0,15.57
9,18,2,0,,,,1.2479416,0.0,0.0,0.0,4.01
9,19,2,0,,,,0.44436666,0.0,0.0,0.0,0.0
9,20,2,0,,,,2.1718833,0.0,0.0,0.0,0.0
9,21,2,0,,,,1.8154666,0.0,0.0,0.0,0.0
9,22,2,0,,,,0.464,0.0,0.0,0.0,0.0
9,23,2,0,,,,0.4557,0.0,0.0,0.0,0.0
9,24,2,0,,,,2.7145834,0.0,0.0,0.0,0.0
9,1,3,0,,,,4.020167,0.0,0.0,0.0,0.0
9,2,3,0,,,,0.95098335,0.0,0.0,0.0,0.0
9,3,3,0,,,,1.2275333,0.0,0.0,0.0,0.0
9,4,3,0,,,,0.46316665,0.0,0.0,0.0,0.0
9,5,3,0,,,,0.26838332,0.0,0.0,0.0,0.0
9,6,3,0,,,,0.26805,0.0,0.0,0.0,0.0
9,7,3,0,,,,1.15125,0.0,0.0,0.0,0.0
9,8,3,0,,,,0.26921666,0.0,0.0,0.0,20.66
9,9,3,0,,,,1.4741666,0.0,0.0,0.0,170.37
9,10,3,0,,,,0.37773332,0.0,0.0,0.0,533.29
9,11,3,0,,,,0.8214333,0.0,0.0,0.0,583.05
9,12,3,0,,,,0.71381664,0.0,0.0,0.0,672.18
9,13,3,0,,,,3.88035,0.0,0.0,0.0,697.42
9,14,3,0,,,,1.5927334,0.0,0.0,0.0,390.29
9,15,3,0,,,,3.0794,0.0,0.0,0.0,211.31
9,16,3,0,,,,0.27148333,0.0,0.0,0.0,81.01
9,17,3,0,,,,0.26305,0.0,0.0,0.0,81.15
9,18,3,0,,,,1.0458,0.0,0.0,0.0,8.74
9,19,3,0,,,,0.9985833,0.0,0.0,0.0,0.0
9,20,3,0,,,,0.26998332,0.0,0.0,0.0,0.0
9,21,3,0,,,,1.38255,0.0,0.0,0.0,0.0
9,22,3,0,,,,0.7770333,0.0,0.0,0.0,0.0
9,23,3,0,,,,1.20025,0.0,0.0,0.0,0.0
9,24,3,0,,,,4.060625,0.0,0.0,0.0,0.0
9,1,4,0,,,,0.8951833,0.0,0.0,0.0,0.0
9,2,4,0,,,,0.27518332,0.0,0.0,0.0,0.0
9,3,4,0,,,,0.27433333,0.0,0.0,0.0,0.0
9,4,4,0,,,,0.27278334,0.0,0.0,0.0,0.0
9,5,4,0,,,,1.7280166,0.0,0.0,0.0,0.0
9,6,4,0,,,,0.27113333,0.0,0.0,0.0,0.0
9,7,4,0,,,,0.27433333,0.0,0.0,0.0,0.0
9,8,4,0,,,,0.26846668,0.0,0.0,0.0,25.3
9,9,4,0,,,,0.48971668,0.0,0.0,0.0,193.94
9,10,4,0,,,,2.0255,0.0,0.0,0.0,138.42
9,11,4,0,,,,0.586975,0.0,0.0,0.0,255.02
9,12,4,0,,,,0.86071664,0.0,0.0,0.0,351.88
9,13,4,0,,,,4.398783,0.0,0.0,0.0,556.18
9,14,4,0,,,,2.8584166,0.0,0.0,0.0,394.74
9,15,4,0,,,,0.23,0.0,0.0,0.0,365.55
9,16,4,0,,,,0.2301,0.0,0.0,0.0,281.16
9,17,4,0,,,,2.0937,0.0,0.0,0.0,157.97
9,18,4,0,,,,0.20688333,0.0,0.0,0.0,8.15
9,19,4,0,,,,2.5915167,0.0,0.0,0.0,0.0
9,20,4,0,,,,3.3270833,0.0,0.0,0.0,0.0
9,21,4,0,,,,3.41635,0.0,0.0,0.0,0.0
9,22,4,0,,,,1.77165,0.0,0.0,0.0,0.0
9,23,4,0,,,,0.94911665,0.0,0.0,0.0,0.0
9,24,4,0,,,,1.2471833,0.0,0.0,0.0,0.0
9,1,5,0,,,,0.26926666,0.0,0.0,0.0,0.0
9,2,5,0,,,,2.7940834,0.0,0.0,0.0,0.0
9,3,5,0,,,,0.26968333,0.0,0.0,0.0,0.0
9,4,5,0,,,,0.2691,0.0,0.0,0.0,0.0
9,5,5,0,,,,0.26908332,0.0,0.0,0.0,0.0
9,6,5,0,,,,0.30183333,0.0,0.0,0.0,0.0
9,7,5,0,,,,0.83466667,0.0,0.0,0.0,0.0
9,8,5,0,,,,4.1394,0.0,0.0,0.0,65.96
9,9,5,0,,,,1.1334833,0.0,0.0,0.0,270.75
9,10,5,0,,,,0.9992,0.0,0.0,0.0,122.3
9,11,5,0,,,,0.68756664,0.0,0.0,0.0,136.97
9,12,5,0,,,,1.31745,0.0,0.0,0.0,156.26
9,13,5,0,,,,2.3180666,0.0,0.0,0.0,266.71
9,14,5,0,,,,1.93815,0.0,0.0,0.0,306.09
9,15,5,0,,,,1.9783334,0.0,0.0,0.0,119.28
9,16,5,0,,,,1.4701834,0.0,0.0,0.0,48.76
9,17,5,0,,,,1.4116334,0.0,0.0,0.0,16.92
9,18,5,0,,,,1.19385,0.0,0.0,0.0,6.89
9,19,5,0,,,,0.8387,0.0,0.0,0.0,0.0
9,20,5,0,,,,1.6229167,0.0,0.0,0.0,0.0
9,21,5,0,,,,2.0727167,0.0,0.0,0.0,0.0
9,22,5,0,,,,3.6940167,0.0,0.0,0.0,0.0
9,23,5,0,,,,3.8331168,0.0,0.0,0.0,0.0
9,24,5,0,,,,0.27594167,0.0,0.0,0.0,0.0
10,1,6,0,,,,0.274,0.0,0.0,0.0,0.0
10,2,6,0,,,,0.27298334,0.0,0.0,0.0,0.0
10,3,6,0,,,,1.4841833,0.0,0.0,0.0,0.0
10,4,6,0,,,,0.27128333,0.0,0.0,0.0,0.0
10,5,6,0,,,,0.26778334,0.0,0.0,0.0,0.0
10,6,6,0,,,,0.27818334,0.0,0.0,0.0,0.0
10,7,6,0,,,,0.27171665,0.0,0.0,0.0,0.0
10,8,6,0,,,,0.26715,0.0,0.0,0.0,50.37
10,9,6,0,,,,1.4999,0.0,0.0,0.0,96.3
10,10,6,0,,,,0.6810333,0.0,0.0,0.0,127.46
10,11,6,0,,,,0.8887333,0.0,0.0,0.0,195.39
10,12,6,0,,,,0.70005,0.0,0.0,0.0,173.02
10,13,6,0,,,,0.9214,0.0,0.0,0.0,419.71
10,14,6,0,,,,2.8417666,0.0,0.0,0.0,531.01
10,15,6,0,,,,2.5305333,0.0,0.0,0.0,112.98
10,16,6,0,,,,1.2180333,0.0,0.0,0.0,326.63
10,17,6,0,,,,0.74845,0.0,0.0,0.0,208.36
10,18,6,0,,,,0.27875,0.0,0.0,0.0,5.5
10,19,6,0,,,,0.6128333,0.0,0.0,0.0,0.0
10,20,6,0,,,,1.7341833,0.0,0.0,0.0,0.0
10,21,6,0,,,,1.42835,0.0,0.0,0.0,0.0
10,22,6,0,,,,0.73935,0.0,0.0,0.0,0.0
10,23,6,0,,,,0.3369,0.0,0.0,0.0,0.0
10,24,6,0,,,,2.559525,0.0,0.0,0.0,0.0
10,1,7,0,,,,1.0353333,0.0,0.0,0.0,0.0
10,2,7,0,,,,1.9871666,0.0,0.0,0.0,0.0
10,3,7,0,,,,0.30985,0.0,0.0,0.0,0.0
10,4,7,0,,,,0.31931666,0.0,0.0,0.0,0.0
10,5,7,0,,,,0.31653333,0.0,0.0,0.0,0.0
10,6,7,0,,,,0.32778335,0.0,0.0,0.0,0.0
10,7,7,0,,,,0.32065,0.0,0.0,0.0,0.0
10,8,7,0,,,,0.63301665,0.0,0.0,0.0,172.47
10,9,7,0,,,,0.6648333,0.0,0.0,0.0,391.49
10,10,7,0,,,,0.5625833,0.0,0.0,0.0,565.22
10,11,7,0,,,,1.2695333,0.0,0.0,0.0,679.34
10,12,7,0,,,,0.54515,0.0,0.0,0.0,728.94
10,13,7,0,,,,0.51926666,0.0,0.0,0.0,718.99
10,14,7,0,,,,0.52243334,0.0,0.0,0.0,654.68
10,15,7,0,,,,0.24121666,0.0,0.0,0.0,513.91
10,16,7,0,,,,0.24521667,0.0,0.0,0.0,383.48
10,17,7,0,,,,0.25375,0.0,0.0,0.0,179.62
10,18,7,0,,,,1.1905333,0.0,0.0,0.0,3.85
10,19,7,0,,,,0.43421668,0.0,0.0,0.0,0.0
10,20,7,0,,,,3.05685,0.0,0.0,0.0,0.0
10,21,7,0,,,,0.9731333,0.0,0.0,0.0,0.0
10,22,7,0,,,,1.0583667,0.0,0.0,0.0,0.0
10,23,7,0,,,,0.6993,0.0,0.0,0.0,0.0
10,24,7,0,,,,0.59629166,0.0,0.0,0.0,0.0
10,1,1,0,,,,1.9093833,0.0,0.0,0.0,0.0
10,2,1,0,,,,0.30918333,0.0,0.0,0.0,0.0
10,3,1,0,,,,0.30533335,0.0,0.0,0.0,0.0
10,4,1,0,,,,0.30583334,0.0,0.0,0.0,0.0
10,5,1,0,,,,0.30486667,0.0,0.0,0.0,0.0
10,6,1,0,,,,0.30478334,0.0,0.0,0.0,0.0
10,7,1,0,,,,0.31511667,0.0,0.0,0.0,0.0
10,8,1,0,,,,0.3127,0.0,0.0,0.0,52.49
10,9,1,0,,,,0.46678334,0.0,0.0,0.0,150.52
10,10,1,0,,,,0.6742333,0.0,0.0,0.0,222.14
10,11,1,0,,,,0.67551666,0.0,0.0,0.0,584.08
10,12,1,0,,,,0.5541833,0.0,0.0,0.0,654.72
10,13,1,0,,,,0.70488334,0.0,0.0,0.0,689.95
10,14,1,0,,,,0.43455,0.0,0.0,0.0,648.48
10,15,1,0,,,,1.71835,0.0,0.0,0.0,516.37
10,16,1,0,,,,0.41993332,0.0,0.0,0.0,225.79
10,17,1,0,,,,1.7533333,0.0,0.0,0.0,173.69
10,18,1,0,,,,0.71383333,0.0,0.0,0.0,3.33
10,19,1,0,,,,0.5075667,0.0,0.0,0.0,0.0
10,20,1,0,,,,0.5011,0.0,0.0,0.0,0.0
10,21,1,0,,,,0.6929,0.0,0.0,0.0,0.0
10,22,1,0,,,,0.65498334,0.0,0.0,0.0,0.0
10,23,1,0,,,,0.63123333,0.0,0.0,0.0,0.0
10,24,1,0,,,,0.62631667,0.0,0.0,0.0,0.0
10,1,2,0,,,,0.59833336,0.0,0.0,0.0,0.0
10,2,2,0,,,,0.32433334,0.0,0.0,0.0,0.0
10,3,2,0,,,,0.47948334,0.0,0.0,0.0,0.0
10,4,2,0,,,,0.8425,0.0,0.0,0.0,0.0
10,5,2,0,,,,0.33206666,0.0,0.0,0.0,0.0
10,6,2,0,,,,0.30738333,0.0,0.0,0.0,0.0
10,7,2,0,,,,0.8145,0.0,0.0,0.0,0.0
10,8,2,0,,,,0.44645,0.0,0.0,0.0,9.35
10,9,2,0,,,,0.23563333,0.0,0.0,0.0,48.36
10,10,2,0,,,,0.5015,0.0,0.0,0.0,131.92
10,11,2,0,,,,1.0408,0.0,0.0,0.0,135.9
10,12,2,0,,,,0.79123336,0.0,0.0,0.0,157.64
10,13,2,0,,,,1.4032167,0.0,0.0,0.0,285.53
10,14,2,0,,,,0.5836667,0.0,0.0,0.0,249.81
10,15,2,0,,,,0.9616167,0.0,0.0,0.0,153.11
10,16,2,0,,,,1.3706334,0.0,0.0,0.0,48.65
10,17,2,0,,,,0.33331665,0.0,0.0,0.0,23.33
10,18,2,0,,,,0.4437,0.0,0.0,0.0,0.0
10,19,2,0,,,,0.4461,0.0,0.0,0.0,0.0
10,20,2,0,,,,0.44535,0.0,0.0,0.0,0.0
10,21,2,0,,,,0.44186667,0.0,0.0,0.0,0.0
10,22,2,0,,,,4.349167,0.0,0.0,0.0,0.0
10,23,2,0,,,,1.9262834,0.0,0.0,0.0,0.0
10,24,2,0,,,,1.0941583,0.0,0.0,0.0,0.0
10,1,3,0,,,,0.60071665,0.0,0.0,0.0,0.0
10,2,3,0,,,,0.31663334,0.0,0.0,0.0,0.0
10,3,3,0,,,,0.30976668,0.0,0.0,0.0,0.0
10,4,3,0,,,,0.31141666,0.0,0.0,0.0,0.0
10,5,3,0,,,,0.3103,0.0,0.0,0.0,0.0
10,6,3,0,,,,0.31051666,0.0,0.0,0.0,0.0
10,7,3,0,,,,0.31243333,0.0,0.0,0.0,0.0
10,8,3,0,,,,0.24513334,0.0,0.0,0.0,6.97
10,9,3,0,,,,0.7733667,0.0,0.0,0.0,88.99
10,10,3,0,,,,0.76593333,0.0,0.0,0.0,214.96
10,11,3,0,,,,1.21705,0.0,0.0,0.0,228.66
10,12,3,0,,,,0.18608333,0.0,0.0,0.0,184.34
10,13,3,0,,,,1.2859334,0.0,0.0,0.0,115.39
10,14,3,0,,,,0.32741666,0.0,0.0,0.0,188.08
10,15,3,0,,,,0.60938334,0.0,0.0,0.0,42.57
10,16,3,0,,,,1.4184333,0.0,0.0,0.0,81.2
10,17,3,0,,,,1.3899,0.0,0.0,0.0,78.79
10,18,3,0,,,,0.59921664,0.0,0.0,0.0,0.0
10,19,3,0,,,,0.5539167,0.0,0.0,0.0,0.0
10,20,3,0,,,,1.63325,0.0,0.0,0.0,0.0
10,21,3,0,,,,0.54395,0.0,0.0,0.0,0.0
10,22,3,0,,,,0.6024333,0.0,0.0,0.0,0.0
10,23,3,0,,,,0.58563334,0.0,0.0,0.0,0.0
10,24,3,0,,,,0.613375,0.0,0.0,0.0,0.0
10,1,4,0,,,,0.49548334,0.0,0.0,0.0,0.0
10,2,4,0,,,,0.32363334,0.0,0.0,0.0,0.0
10,3,4,0,,,,0.31146666,0.0,0.0,0.0,0.0
10,4,4,0,,,,0.30983335,0.0,0.0,0.0,0.0
10,5,4,0,,,,0.30916667,0.0,0.0,0.0,0.0
10,6,4,0,,,,0.30718333,0.0,0.0,0.0,0.0
10,7,4,0,,,,0.58496666,0.0,0.0,0.0,0.0
10,8,4,0,,,,0.60895,0.0,0.0,0.0,49.62
10,9,4,0,,,,0.30966666,0.0,0.0,0.0,59.34
10,10,4,0,,,,0.89883333,0.0,0.0,0.0,295.7
10,11,4,0,,,,1.0661,0.0,0.0,0.0,435.19
10,12,4,0,,,,1.3337667,0.0,0.0,0.0,385.39
10,13,4,0,,,,0.82701665,0.0,0.0,0.0,458.96
10,14,4,0,,,,0.74471664,0.0,0.0,0.0,66.45
10,15,4,0,,,,0.9921333,0.0,0.0,0.0,48.39
10,16,4,0,,,,0.19885,0.0,0.0,0.0,130.51
10,17,4,0,,,,0.9105,0.0,0.0,0.0,56.86
10,18,4,0,,,,1.4946667,0.0,0.0,0.0,0.0
10,19,4,0,,,,0.7780833,0.0,0.0,0.0,0.0
10,20,4,0,,,,0.76961666,0.0,0.0,0.0,0.0
10,21,4,0,,,,0.7405,0.0,0.0,0.0,0.0
10,22,4,0,,,,1.1325166,0.0,0.0,0.0,0.0
10,23,4,0,,,,0.62198335,0.0,0.0,0.0,0.0
10,24,4,0,,,,1.0579916,0.0,0.0,0.0,0.0
10,1,5,0,,,,1.93315,0.0,0.0,0.0,0.0
10,2,5,0,,,,0.27788332,0.0,0.0,0.0,0.0
10,3,5,0,,,,0.27295,0.0,0.0,0.0,0.0
10,4,5,0,,,,0.27133334,0.0,0.0,0.0,0.0
10,5,5,0,,,,0.27121666,0.0,0.0,0.0,0.0
10,6,5,0,,,,0.27268332,0.0,0.0,0.0,0.0
10,7,5,0,,,,0.26608333,0.0,0.0,0.0,0.0
10,8,5,0,,,,0.38121668,0.0,0.0,0.0,146.36
10,9,5,0,,,,3.06075,0.0,0.0,0.0,398.4
10,10,5,0,,,,1.0165334,0.0,0.0,0.0,576.24
10,11,5,0,,,,1.0119667,0.0,0.0,0.0,567.32
10,12,5,0,,,,3.1843667,0.0,0.0,0.0,298.56
10,13,5,0,,,,1.8657167,0.0,0.0,0.0,87.98
10,14,5,0,,,,1.7394667,0.0,0.0,0.0,105.09
10,15,5,0,,,,1.2369,0.0,0.0,0.0,21.1
10,16,5,0,,,,0.18613334,0.0,0.0,0.0,80.85
10,17,5,0,,,,0.35225,0.0,0.0,0.0,22.54
10,18,5,0,,,,0.37565,0.0,0.0,0.0,0.0
10,19,5,0,,,,1.4841167,0.0,0.0,0.0,0.0
10,20,5,0,,,,0.4354,0.0,0.0,0.0,0.0
10,21,5,0,,,,1.48555,0.0,0.0,0.0,0.0
10,22,5,0,,,,0.44733334,0.0,0.0,0.0,0.0
10,23,5,0,,,,0.42965,0.0,0.0,0.0,0.0
10,24,5,0,,,,2.7403917,0.0,0.0,0.0,0.0
10,1,6,0,,,,0.2824,0.0,0.0,0.0,0.0
10,2,6,0,,,,0.27446666,0.0,0.0,0.0,0.0
10,3,6,0,,,,0.27043334,0.0,0.0,0.0,0.0
10,4,6,0,,,,0.26911667,0.0,0.0,0.0,0.0
10,5,6,0,,,,0.33875,0.0,0.0,0.0,0.0
10,6,6,0,,,,0.81093335,0.0,0.0,0.0,0.0
10,7,6,0,,,,0.3726,0.0,0.0,0.0,0.0
10,8,6,0,,,,0.27036667,0.0,0.0,0.0,158.22
10,9,6,0,,,,0.36828333,0.0,0.0,0.0,379.61
10,10,6,0,,,,0.25438333,0.0,0.0,0.0,584.66
10,11,6,0,,,,0.25125,0.0,0.0,0.0,692.53
10,12,6,0,,,,0.24371667,0.0,0.0,0.0,739.81
10,13,6,0,,,,1.54715,0.0,0.0,0.0,731.03
10,14,6,0,,,,0.5159,0.0,0.0,0.0,646.85
10,15,6,0,,,,2.1501667,0.0,0.0,0.0,429.2
10,16,6,0,,,,1.53125,0.0,0.0,0.0,180.71
10,17,6,0,,,,0.71283334,0.0,0.0,0.0,52.06
10,18,6,0,,,,1.7347333,0.0,0.0,0.0,0.0
10,19,6,0,,,,0.3742,0.0,0.0,0.0,0.0
10,20,6,0,,,,2.1125333,0.0,0.0,0.0,0.0
10,21,6,0,,,,0.92511666,0.0,0.0,0.0,0.0
10,22,6,0,,,,2.0156834,0.0,0.0,0.0,0.0
10,23,6,0,,,,1.57075,0.0,0.0,0.0,0.0
10,24,6,0,,,,0.28508332,0.0,0.0,0.0,0.0
10,1,7,0,,,,0.2741,0.0,0.0,0.0,0.0
10,2,7,0,,,,0.27433333,0.0,0.0,0.0,0.0
10,3,7,0,,,,0.27456668,0.0,0.0,0.0,0.0
10,4,7,0,,,,0.27153334,0.0,0.0,0.0,0.0
10,5,7,0,,,,0.26838332,0.0,0.0,0.0,0.0
10,6,7,0,,,,0.28081667,0.0,0.0,0.0,0.0
10,7,7,0,,,,0.272,0.0,0.0,0.0,0.0
10,8,7,0,,,,0.28133333,0.0,0.0,0.0,9.46
10,9,7,0,,,,0.28096667,0.0,0.0,0.0,20.25
10,10,7,0,,,,0.53185,0.0,0.0,0.0,42.59
10,11,7,0,,,,0.87535,0.0,0.0,0.0,74.0
10,12,7,0,,,,2.9131835,0.0,0.0,0.0,260.71
10,13,7,0,,,,2.4192667,0.0,0.0,0.0,157.12
10,14,7,0,,,,0.8071667,0.0,0.0,0.0,252.93
10,15,7,0,,,,2.0857,0.0,0.0,0.0,176.64
10,16,7,0,,,,1.85465,0.0,0.0,0.0,147.17
10,17,7,0,,,,0.47908333,0.0,0.0,0.0,188.94
10,18,7,0,,,,1.6757,0.0,0.0,0.0,0.0
10,19,7,0,,,,0.49353334,0.0,0.0,0.0,0.0
10,20,7,0,,,,2.32315,0.0,0.0,0.0,0.0
10,21,7,0,,,,0.86181664,0.0,0.0,0.0,0.0
10,22,7,0,,,,3.4146833,0.0,0.0,0.0,0.0
10,23,7,0,,,,1.1698,0.0,0.0,0.0,0.0
10,24,7,0,,,,0.28795832,0.0,0.0,0.0,0.0
10,1,1,0,,,,0.2887,0.0,0.0,0.0,0.0
10,2,1,0,,,,0.288,0.0,0.0,0.0,0.0
10,3,1,0,,,,0.28648335,0.0,0.0,0.0,0.0
10,4,1,0,,,,0.28556666,0.0,0.0,0.0,0.0
10,5,1,0,,,,0.2847,0.0,0.0,0.0,0.0
10,6,1,0,,,,0.29483333,0.0,0.0,0.0,0.0
10,7,1,0,,,,0.28721666,0.0,0.0,0.0,0.0
10,8,1,0,,,,0.28465,0.0,0.0,0.0,44.1
10,9,1,0,,,,0.57591665,0.0,0.0,0.0,210.86
10,10,1,0,,,,0.63661665,0.0,0.0,0.0,318.61
10,11,1,0,,,,2.0953834,0.0,0.0,0.0,67.27
10,12,1,0,,,,1.1978333,0.0,0.0,0.0,138.7
10,13,1,0,,,,0.63836664,0.0,0.0,0.0,575.54
10,14,1,0,,,,1.6437833,0.0,0.0,0.0,439.51
10,15,1,0,,,,1.0953333,0.0,0.0,0.0,206.71
10,16,1,0,,,,0.8989,0.0,0.0,0.0,222.25
10,17,1,0,,,,1.59585,0.0,0.0,0.0,70.73
10,18,1,0,,,,0.32256666,0.0,0.0,0.0,0.0
10,19,1,0,,,,2.1028833,0.0,0.0,0.0,0.0
10,20,1,0,,,,0.9209833,0.0,0.0,0.0,0.0
10,21,1,0,,,,1.6934167,0.0,0.0,0.0,0.0
10,22,1,0,,,,2.1618,0.0,0.0,0.0,0.0
10,23,1,0,,,,2.2977834,0.0,0.0,0.0,0.0
10,24,1,0,,,,0.263525,0.0,0.0,0.0,0.0
10,1,2,0,,,,0.26293334,0.0,0.0,0.0,0.0
10,2,2,0,,,,0.25998333,0.0,0.0,0.0,0.0
10,3,2,0,,,,0.26255,0.0,0.0,0.0,0.0
10,4,2,0,,,,0.3033,0.0,0.0,0.0,0.0
10,5,2,0,,,,0.34148332,0.0,0.0,0.0,0.0
10,6,2,0,,,,0.74016666,0.0,0.0,0.0,0.0
10,7,2,0,,,,0.33158332,0.0,0.0,0.0,0.0
10,8,2,0,,,,0.32885,0.0,0.0,0.0,52.18
10,9,2,0,,,,0.32848334,0.0,0.0,0.0,358.0
10,10,2,0,,,,0.32945,0.0,0.0,0.0,523.13
10,11,2,0,,,,0.33323333,0.0,0.0,0.0,174.33
10,12,2,0,,,,0.3267,0.0,0.0,0.0,285.71
10,13,2,0,,,,0.32275,0.0,0.0,0.0,600.93
10,14,2,0,,,,0.3591,0.0,0.0,0.0,64.25
10,15,2,0,,,,1.9591833,0.0,0.0,0.0,118.4
10,16,2,0,,,,0.32953334,0.0,0.0,0.0,220.51
10,17,2,0,,,,0.61901665,0.0,0.0,0.0,121.62
10,18,2,0,,,,1.2038,0.0,0.0,0.0,0.0
10,19,2,0,,,,0.44315,0.0,0.0,0.0,0.0
10,20,2,0,,,,2.85715,0.0,0.0,0.0,0.0
10,21,2,0,,,,0.91903335,0.0,0.0,0.0,0.0
10,22,2,0,,,,2.4362,0.0,0.0,0.0,0.0
10,23,2,0,,,,0.5501,0.0,0.0,0.0,0.0
10,24,2,0,,,,1.880175,0.0,0.0,0.0,0.0
10,1,3,0,,,,0.31256667,0.0,0.0,0.0,0.0
10,2,3,0,,,,0.31618333,0.0,0.0,0.0,0.0
10,3,3,0,,,,0.31596667,0.0,0.0,0.0,0.0
10,4,3,0,,,,0.31643334,0.0,0.0,0.0,0.0
10,5,3,0,,,,0.31316668,0.0,0.0,0.0,0.0
10,6,3,0,,,,0.32266667,0.0,0.0,0.0,0.0
10,7,3,0,,,,0.3123,0.0,0.0,0.0,0.0
10,8,3,0,,,,0.31355,0.0,0.0,0.0,36.23
10,9,3,0,,,,0.6293667,0.0,0.0,0.0,148.28
10,10,3,0,,,,1.40725,0.0,0.0,0.0,435.32
10,11,3,0,,,,1.1605834,0.0,0.0,0.0,315.93
10,12,3,0,,,,0.7794167,0.0,0.0,0.0,335.89
10,13,3,0,,,,0.33651668,0.0,0.0,0.0,308.81
10,14,3,0,,,,0.24708334,0.0,0.0,0.0,154.6
10,15,3,0,,,,0.24948333,0.0,0.0,0.0,209.12
10,16,3,0,,,,0.33193332,0.0,0.0,0.0,134.05
10,17,3,0,,,,0.29851666,0.0,0.0,0.0,103.7
10,18,3,0,,,,0.27821666,0.0,0.0,0.0,0.0
10,19,3,0,,,,0.7783167,0.0,0.0,0.0,0.0
10,20,3,0,,,,1.8159667,0.0,0.0,0.0,0.0
10,21,3,0,,,,3.3580334,0.0,0.0,0.0,0.0
10,22,3,0,,,,1.6210834,0.0,0.0,0.0,0.0
10,23,3,0,,,,0.92751664,0.0,0.0,0.0,0.0
10,24,3,0,,,,2.2214417,0.0,0.0,0.0,0.0
10,1,4,0,,,,0.37083334,0.0,0.0,0.0,0.0
10,2,4,0,,,,0.31475,0.0,0.0,0.0,0.0
10,3,4,0,,,,0.31456667,0.0,0.0,0.0,0.0
10,4,4,0,,,,0.31173334,0.0,0.0,0.0,0.0
10,5,4,0,,,,0.31085,0.0,0.0,0.0,0.0
10,6,4,0,,,,0.32218334,0.0,0.0,0.0,0.0
10,7,4,0,,,,0.31323335,0.0,0.0,0.0,0.0
10,8,4,0,,,,0.31311667,0.0,0.0,0.0,114.19
10,9,4,0,,,,0.45063335,0.0,0.0,0.0,350.64
10,10,4,0,,,,0.33871666,0.0,0.0,0.0,517.64
10,11,4,0,,,,0.3142,0.0,0.0,0.0,621.55
10,12,4,0,,,,0.31105,0.0,0.0,0.0,695.28
10,13,4,0,,,,0.3077,0.0,0.0,0.0,635.82
10,14,4,0,,,,0.28623334,0.0,0.0,0.0,598.71
10,15,4,0,,,,1.2238,0.0,0.0,0.0,454.11
10,16,4,0,,,,0.8739167,0.0,0.0,0.0,315.62
10,17,4,0,,,,1.7909334,0.0,0.0,0.0,114.08
10,18,4,0,,,,0.9605167,0.0,0.0,0.0,0.0
10,19,4,0,,,,0.38291666,0.0,0.0,0.0,0.0
10,20,4,0,,,,0.38265,0.0,0.0,0.0,0.0
10,21,4,0,,,,0.39673334,0.0,0.0,0.0,0.0
10,22,4,0,,,,1.7247334,0.0,0.0,0.0,0.0
10,23,4,0,,,,1.3361167,0.0,0.0,0.0,0.0
10,24,4,0,,,,0.27599168,0.0,0.0,0.0,0.0
10,1,5,0,,,,0.31201667,0.0,0.0,0.0,0.0
10,2,5,0,,,,0.30936667,0.0,0.0,0.0,0.0
10,3,5,0,,,,0.30951667,0.0,0.0,0.0,0.0
10,4,5,0,,,,0.3083,0.0,0.0,0.0,0.0
10,5,5,0,,,,0.30701667,0.0,0.0,0.0,0.0
10,6,5,0,,,,0.50486666,0.0,0.0,0.0,0.0
10,7,5,0,,,,0.43833333,0.0,0.0,0.0,0.0
10,8,5,0,,,,0.3171,0.0,0.0,0.0,102.87
10,9,5,0,,,,0.8299,0.0,0.0,0.0,341.51
10,10,5,0,,,,0.41696668,0.0,0.0,0.0,512.26
10,11,5,0,,,,0.31781667,0.0,0.0,0.0,616.88
10,12,5,0,,,,0.31318334,0.0,0.0,0.0,689.12
10,13,5,0,,,,0.30608332,0.0,0.0,0.0,667.51
10,14,5,0,,,,0.268,0.0,0.0,0.0,614.15
10,15,5,0,,,,2.5446167,0.0,0.0,0.0,439.55
10,16,5,0,,,,1.6860666,0.0,0.0,0.0,334.67
10,17,5,0,,,,1.0711666,0.0,0.0,0.0,113.82
10,18,5,0,,,,0.57046664,0.0,0.0,0.0,0.0
10,19,5,0,,,,0.2657375,0.0,0.0,0.0,0.0
10,20,5,0,,,,0.26543334,0.0,0.0,0.0,0.0
10,21,5,0,,,,0.44523335,0.0,0.0,0.0,0.0
10,22,5,0,,,,0.4521,0.0,0.0,0.0,0.0
10,23,5,0,,,,1.87705,0.0,0.0,0.0,0.0
10,24,5,0,,,,1.733625,0.0,0.0,0.0,0.0
10,1,6,0,,,,0.58875,0.0,0.0,0.0,0.0
10,2,6,0,,,,0.62233335,0.0,0.0,0.0,0.0
10,3,6,0,,,,0.31423333,0.0,0.0,0.0,0.0
10,4,6,0,,,,0.31376666,0.0,0.0,0.0,0.0
10,5,6,0,,,,0.31223333,0.0,0.0,0.0,0.0
10,6,6,0,,,,0.31141666,0.0,0.0,0.0,0.0
10,7,6,0,,,,0.31301665,0.0,0.0,0.0,0.0
10,8,6,0,,,,0.30843332,0.0,0.0,0.0,85.12
10,9,6,0,,,,0.3097,0.0,0.0,0.0,320.97
10,10,6,0,,,,1.2644,0.0,0.0,0.0,482.42
10,11,6,0,,,,1.1309834,0.0,0.0,0.0,587.74
10,12,6,0,,,,0.86408335,0.0,0.0,0.0,646.51
10,13,6,0,,,,0.74658334,0.0,0.0,0.0,634.19
10,14,6,0,,,,1.0593166,0.0,0.0,0.0,571.79
10,15,6,0,,,,2.1875668,0.0,0.0,0.0,411.3
10,16,6,0,,,,0.33466667,0.0,0.0,0.0,298.94
10,17,6,0,,,,1.4711334,0.0,0.0,0.0,62.23
10,18,6,0,,,,0.2681,0.0,0.0,0.0,0.0
10,19,6,0,,,,0.26955,0.0,0.0,0.0,0.0
10,20,6,0,,,,1.3435333,0.0,0.0,0.0,0.0
10,21,6,0,,,,0.26888335,0.0,0.0,0.0,0.0
10,22,6,0,,,,0.43025,0.0,0.0,0.0,0.0
10,23,6,0,,,,0.55588335,0.0,0.0,0.0,0.0
10,24,6,0,,,,3.0548666,0.0,0.0,0.0,0.0
10,1,7,0,,,,0.5395667,0.0,0.0,0.0,0.0
10,2,7,0,,,,0.26921666,0.0,0.0,0.0,0.0
10,3,7,0,,,,0.31198335,0.0,0.0,0.0,0.0
10,4,7,0,,,,0.31228334,0.0,0.0,0.0,0.0
10,5,7,0,,,,0.31101668,0.0,0.0,0.0,0.0
10,6,7,0,,,,0.31393334,0.0,0.0,0.0,0.0
10,7,7,0,,,,1.1834167,0.0,0.0,0.0,0.0
10,8,7,0,,,,0.241,0.0,0.0,0.0,16.68
10,9,7,0,,,,0.6171,0.0,0.0,0.0,148.64
10,10,7,0,,,,0.7869833,0.0,0.0,0.0,393.03
10,11,7,0,,,,1.2795666,0.0,0.0,0.0,642.48
10,12,7,0,,,,1.0536,0.0,0.0,0.0,706.35
10,13,7,0,,,,0.6867667,0.0,0.0,0.0,680.5
10,14,7,0,,,,0.2681,0.0,0.0,0.0,617.35
10,15,7,0,,,,0.26743335,0.0,0.0,0.0,434.6
10,16,7,0,,,,0.29503334,0.0,0.0,0.0,312.34
10,17,7,0,,,,0.26051667,0.0,0.0,0.0,99.86
10,18,7,0,,,,0.27796668,0.0,0.0,0.0,0.0
10,19,7,0,,,,0.6718,0.0,0.0,0.0,0.0
10,20,7,0,,,,0.957,0.0,0.0,0.0,0.0
10,21,7,0,,,,1.2560834,0.0,0.0,0.0,0.0
10,22,7,0,,,,1.4552833,0.0,0.0,0.0,0.0
10,23,7,0,,,,1.2808666,0.0,0.0,0.0,0.0
10,24,7,0,,,,0.94456667,0.0,0.0,0.0,0.0
10,1,1,0,,,,0.31888333,0.0,0.0,0.0,0.0
10,2,1,0,,,,0.31491667,0.0,0.0,0.0,0.0
10,3,1,0,,,,0.31276667,0.0,0.0,0.0,0.0
10,4,1,0,,,,0.31323335,0.0,0.0,0.0,0.0
10,5,1,0,,,,0.30726665,0.0,0.0,0.0,0.0
10,6,1,0,,,,0.35576665,0.0,0.0,0.0,0.0
10,7,1,0,,,,0.60106665,0.0,0.0,0.0,0.0
10,8,1,0,,,,0.84751666,0.0,0.0,0.0,89.3
10,9,1,0,,,,0.6730667,0.0,0.0,0.0,330.58
10,10,1,0,,,,0.82643336,0.0,0.0,0.0,498.77
10,11,1,0,,,,1.0256,0.0,0.0,0.0,617.88
10,12,1,0,,,,0.85325,0.0,0.0,0.0,683.31
10,13,1,0,,,,0.5628,0.0,0.0,0.0,656.88
10,14,1,0,,,,0.31476668,0.0,0.0,0.0,600.06
10,15,1,0,,,,0.31395,0.0,0.0,0.0,448.02
10,16,1,0,,,,0.94476664,0.0,0.0,0.0,321.02
10,17,1,0,,,,0.9888167,0.0,0.0,0.0,88.25
10,18,1,0,,,,0.7819,0.0,0.0,0.0,0.0
10,19,1,0,,,,1.0486833,0.0,0.0,0.0,0.0
10,20,1,0,,,,2.7364666,0.0,0.0,0.0,0.0
10,21,1,0,,,,1.3906167,0.0,0.0,0.0,0.0
10,22,1,0,,,,1.39375,0.0,0.0,0.0,0.0
10,23,1,0,,,,0.31505,0.0,0.0,0.0,0.0
10,24,1,0,,,,0.3059,0.0,0.0,0.0,0.0
10,1,2,0,,,,0.30325,0.0,0.0,0.0,0.0
10,2,2,0,,,,0.30313334,0.0,0.0,0.0,0.0
10,3,2,0,,,,0.30635,0.0,0.0,0.0,0.0
10,4,2,0,,,,0.3054,0.0,0.0,0.0,0.0
10,5,2,0,,,,0.30495,0.0,0.0,0.0,0.0
10,6,2,0,,,,0.3816,0.0,0.0,0.0,0.0
10,7,2,0,,,,0.61775,0.0,0.0,0.0,0.0
10,8,2,0,,,,0.2211,0.0,0.0,0.0,84.71
10,9,2,0,,,,0.22011666,0.0,0.0,0.0,322.43
10,10,2,0,,,,0.22405,0.0,0.0,0.0,487.72
10,11,2,0,,,,0.6429,0.0,0.0,0.0,605.1
10,12,2,0,,,,0.5287667,0.0,0.0,0.0,656.0
10,13,2,0,,,,0.21568333,0.0,0.0,0.0,637.9
10,14,2,0,,,,0.21563333,0.0,0.0,0.0,589.97
10,15,2,0,,,,0.23306666,0.0,0.0,0.0,464.19
10,16,2,0,,,,0.35723335,0.0,0.0,0.0,321.8
10,17,2,0,,,,0.6857,0.0,0.0,0.0,83.01
10,18,2,0,,,,1.08345,0.0,0.0,0.0,0.0
10,19,2,0,,,,0.7000667,0.0,0.0,0.0,0.0
10,20,2,0,,,,0.90515,0.0,0.0,0.0,0.0
10,21,2,0,,,,0.9183667,0.0,0.0,0.0,0.0
10,22,2,0,,,,1.34485,0.0,0.0,0.0,0.0
10,23,2,0,,,,3.7700334,0.0,0.0,0.0,0.0
10,24,2,0,,,,1.2149,0.0,0.0,0.0,0.0
10,1,3,0,,,,0.30663332,0.0,0.0,0.0,0.0
10,2,3,0,,,,0.26323333,0.0,0.0,0.0,0.0
10,3,3,0,,,,0.26135,0.0,0.0,0.0,0.0
10,4,3,0,,,,0.26133335,0.0,0.0,0.0,0.0
10,5,3,0,,,,0.2595,0.0,0.0,0.0,0.0
10,6,3,0,,,,0.29016668,0.0,0.0,0.0,0.0
10,7,3,0,,,,0.3337,0.0,0.0,0.0,0.0
10,8,3,0,,,,1.0948,0.0,0.0,0.0,46.59
10,9,3,0,,,,1.3769166,0.0,0.0,0.0,259.5
10,10,3,0,,,,0.55453336,0.0,0.0,0.0,450.24
10,11,3,0,,,,0.51075,0.0,0.0,0.0,578.9
10,12,3,0,,,,0.24395,0.0,0.0,0.0,638.69
10,13,3,0,,,,0.24001667,0.0,0.0,0.0,643.3
10,14,3,0,,,,0.2699,0.0,0.0,0.0,594.41
10,15,3,0,,,,0.24335,0.0,0.0,0.0,490.18
10,16,3,0,,,,0.41188332,0.0,0.0,0.0,304.12
10,17,3,0,,,,0.25061667,0.0,0.0,0.0,79.36
10,18,3,0,,,,0.44168332,0.0,0.0,0.0,0.0
10,19,3,0,,,,1.1667,0.0,0.0,0.0,0.0
10,20,3,0,,,,2.9965832,0.0,0.0,0.0,0.0
10,21,3,0,,,,1.3876667,0.0,0.0,0.0,0.0
10,22,3,0,,,,2.0121334,0.0,0.0,0.0,0.0
10,23,3,0,,,,2.7663,0.0,0.0,0.0,0.0
10,24,3,0,,,,0.37273332,0.0,0.0,0.0,0.0
10,1,4,0,,,,0.27488333,0.0,0.0,0.0,0.0
10,2,4,0,,,,0.27383333,0.0,0.0,0.0,0.0
10,3,4,0,,,,0.27361667,0.0,0.0,0.0,0.0
10,4,4,0,,,,0.27526668,0.0,0.0,0.0,0.0
10,5,4,0,,,,0.30931666,0.0,0.0,0.0,0.0
10,6,4,0,,,,0.27425,0.0,0.0,0.0,0.0
10,7,4,0,,,,0.49231666,0.0,0.0,0.0,0.0
10,8,4,0,,,,0.5653667,0.0,0.0,0.0,51.33
10,9,4,0,,,,0.26893333,0.0,0.0,0.0,126.78
10,10,4,0,,,,0.2703,0.0,0.0,0.0,482.24
10,11,4,0,,,,0.2733,0.0,0.0,0.0,591.97
10,12,4,0,,,,0.26531667,0.0,0.0,0.0,653.12
10,13,4,0,,,,0.26235,0.0,0.0,0.0,650.32
10,14,4,0,,,,0.26373333,0.0,0.0,0.0,597.65
10,15,4,0,,,,0.5927167,0.0,0.0,0.0,483.27
10,16,4,0,,,,1.4935334,0.0,0.0,0.0,313.17
10,17,4,0,,,,1.23505,0.0,0.0,0.0,70.85
10,18,4,0,,,,0.4533,0.0,0.0,0.0,0.0
10,19,4,0,,,,1.7131833,0.0,0.0,0.0,0.0
10,20,4,0,,,,1.7245,0.0,0.0,0.0,0.0
10,21,4,0,,,,0.6976,0.0,0.0,0.0,0.0
10,22,4,0,,,,1.0195167,0.0,0.0,0.0,0.0
10,23,4,0,,,,3.4343166,0.0,0.0,0.0,0.0
10,24,4,0,,,,0.5446333,0.0,0.0,0.0,0.0
10,1,5,0,,,,0.27148333,0.0,0.0,0.0,0.0
10,2,5,0,,,,0.2712,0.0,0.0,0.0,0.0
10,3,5,0,,,,0.27006668,0.0,0.0,0.0,0.0
10,4,5,0,,,,0.26971668,0.0,0.0,0.0,0.0
10,5,5,0,,,,0.26848334,0.0,0.0,0.0,0.0
10,6,5,0,,,,0.27025,0.0,0.0,0.0,0.0
10,7,5,0,,,,0.49596667,0.0,0.0,0.0,0.0
10,8,5,0,,,,0.8746,0.0,0.0,0.0,6.32
10,9,5,0,,,,0.68378335,0.0,0.0,0.0,54.81
10,10,5,0,,,,0.72216666,0.0,0.0,0.0,102.13
10,11,5,0,,,,0.62381667,0.0,0.0,0.0,124.42
10,12,5,0,,,,0.5376833,0.0,0.0,0.0,108.67
10,13,5,0,,,,3.4148834,0.0,0.0,0.0,124.74
10,14,5,0,,,,1.3919667,0.0,0.0,0.0,193.63
10,15,5,0,,,,2.44915,0.0,0.0,0.0,209.19
10,16,5,0,,,,0.9697833,0.0,0.0,0.0,295.68
10,17,5,0,,,,1.4765,0.0,0.0,0.0,79.64
10,18,5,0,,,,2.3121333,0.0,0.0,0.0,0.0
10,19,5,0,,,,0.79815,0.0,0.0,0.0,0.0
10,20,5,0,,,,1.8800334,0.0,0.0,0.0,0.0
10,21,5,0,,,,0.64255,0.0,0.0,0.0,0.0
10,22,5,0,,,,0.91075,0.0,0.0,0.0,0.0
10,23,5,0,,,,1.9709,0.0,0.0,0.0,0.0
10,24,5,0,,,,0.46836665,0.0,0.0,0.0,0.0
10,1,6,0,,,,0.27895,0.0,0.0,0.0,0.0
10,2,6,0,,,,0.2784,0.0,0.0,0.0,0.0
10,3,6,0,,,,0.27495,0.0,0.0,0.0,0.0
10,4,6,0,,,,0.2727,0.0,0.0,0.0,0.0
10,5,6,0,,,,0.7434,0.0,0.0,0.0,0.0
10,6,6,0,,,,0.42128333,0.0,0.0,0.0,0.0
10,7,6,0,,,,0.29738334,0.0,0.0,0.0,0.0
10,8,6,0,,,,0.5542333,0.0,0.0,0.0,5.21
10,9,6,0,,,,1.3933333,0.0,0.0,0.0,87.74
10,10,6,0,,,,0.96425,0.0,0.0,0.0,103.69
10,11,6,0,,,,2.068,0.0,0.0,0.0,310.13
10,12,6,0,,,,3.3277667,0.0,0.0,0.0,490.44
10,13,6,0,,,,1.0011667,0.0,0.0,0.0,517.11
10,14,6,0,,,,1.2696,0.0,0.0,0.0,540.17
10,15,6,0,,,,1.4005166,0.0,0.0,0.0,405.7
10,16,6,0,,,,0.405,0.0,0.0,0.0,230.77
10,17,6,0,,,,0.4095,0.0,0.0,0.0,60.4
10,18,6,0,,,,0.33131668,0.0,0.0,0.0,0.0
10,19,6,0,,,,0.26906666,0.0,0.0,0.0,0.0
10,20,6,0,,,,1.8706167,0.0,0.0,0.0,0.0
10,21,6,0,,,,0.67438334,0.0,0.0,0.0,0.0
10,22,6,0,,,,0.9379333,0.0,0.0,0.0,0.0
10,23,6,0,,,,1.00105,0.0,0.0,0.0,0.0
10,24,6,0,,,,0.42033333,0.0,0.0,0.0,0.0
10,1,7,0,,,,0.27458334,0.0,0.0,0.0,0.0
10,2,7,0,,,,0.27523333,0.0,0.0,0.0,0.0
10,3,7,0,,,,0.27418333,0.0,0.0,0.0,0.0
10,4,7,0,,,,0.27668333,0.0,0.0,0.0,0.0
10,5,7,0,,,,0.27493334,0.0,0.0,0.0,0.0
10,6,7,0,,,,0.27386665,0.0,0.0,0.0,0.0
10,7,7,0,,,,0.31731668,0.0,0.0,0.0,0.0
10,8,7,0,,,,0.55906665,0.0,0.0,0.0,0.0
10,9,7,0,,,,0.9199333,0.0,0.0,0.0,87.77
10,10,7,0,,,,0.82575,0.0,0.0,0.0,174.81
10,11,7,0,,,,0.29243332,0.0,0.0,0.0,297.31
10,12,7,0,,,,0.18928333,0.0,0.0,0.0,267.16
10,13,7,0,,,,0.19705,0.0,0.0,0.0,494.24
10,14,7,0,,,,0.18776667,0.0,0.0,0.0,440.26
10,15,7,0,,,,1.5995,0.0,0.0,0.0,254.45
10,16,7,0,,,,0.21603334,0.0,0.0,0.0,210.98
10,17,7,0,,,,0.8901833,0.0,0.0,0.0,39.83
10,18,7,0,,,,2.36305,0.0,0.0,0.0,0.0
10,19,7,0,,,,0.67446667,0.0,0.0,0.0,0.0
10,20,7,0,,,,0.67475,0.0,0.0,0.0,0.0
10,21,7,0,,,,0.67425,0.0,0.0,0.0,0.0
10,22,7,0,,,,0.6799,0.0,0.0,0.0,0.0
10,23,7,0,,,,0.69028336,0.0,0.0,0.0,0.0
10,24,7,0,,,,0.89178336,0.0,0.0,0.0,0.0
10,1,1,0,,,,3.0898833,0.0,0.0,0.0,0.0
10,2,1,0,,,,0.6435,0.0,0.0,0.0,0.0
10,3,1,0,,,,0.2678,0.0,0.0,0.0,0.0
10,4,1,0,,,,0.26716667,0.0,0.0,0.0,0.0
10,5,1,0,,,,0.5798333,0.0,0.0,0.0,0.0
10,6,1,0,,,,0.54385,0.0,0.0,0.0,0.0
10,7,1,0,,,,0.40933332,0.0,0.0,0.0,0.0
10,8,1,0,,,,0.8015,0.0,0.0,0.0,4.61
10,9,1,0,,,,1.08345,0.0,0.0,0.0,52.73
10,10,1,0,,,,0.99735,0.0,0.0,0.0,131.84
10,11,1,0,,,,2.0901167,0.0,0.0,0.0,174.64
10,12,1,0,,,,0.3267,0.0,0.0,0.0,136.33
10,13,1,0,,,,0.18926667,0.0,0.0,0.0,144.82
10,14,1,0,,,,0.18976666,0.0,0.0,0.0,227.13
10,15,1,0,,,,0.21285,0.0,0.0,0.0,216.12
10,16,1,0,,,,0.36806667,0.0,0.0,0.0,74.71
10,17,1,0,,,,0.59568334,0.0,0.0,0.0,5.05
10,18,1,0,,,,1.0019333,0.0,0.0,0.0,0.0
10,19,1,0,,,,1.1087333,0.0,0.0,0.0,0.0
10,20,1,0,,,,0.66283333,0.0,0.0,0.0,0.0
10,21,1,0,,,,0.64276665,0.0,0.0,0.0,0.0
10,22,1,0,,,,0.79285,0.0,0.0,0.0,0.0
10,23,1,0,,,,0.6688833,0.0,0.0,0.0,0.0
10,24,1,0,,,,0.474225,0.0,0.0,0.0,0.0
10,1,2,0,,,,0.32505,0.0,0.0,0.0,0.0
10,2,2,0,,,,0.31856668,0.0,0.0,0.0,0.0
10,3,2,0,,,,0.31395,0.0,0.0,0.0,0.0
10,4,2,0,,,,0.31256667,0.0,0.0,0.0,0.0
10,5,2,0,,,,0.31176665,0.0,0.0,0.0,0.0
10,6,2,0,,,,0.8505333,0.0,0.0,0.0,0.0
10,7,2,0,,,,1.5070333,0.0,0.0,0.0,0.0
10,8,2,0,,,,1.2406833,0.0,0.0,0.0,0.69
10,9,2,0,,,,0.45826668,0.0,0.0,0.0,34.14
10,10,2,0,,,,0.23723334,0.0,0.0,0.0,63.18
10,11,2,0,,,,0.23386666,0.0,0.0,0.0,77.86
10,12,2,0,,,,0.34626666,0.0,0.0,0.0,55.1
10,13,2,0,,,,0.72073334,0.0,0.0,0.0,55.01
10,14,2,0,,,,0.41373333,0.0,0.0,0.0,41.29
10,15,2,0,,,,0.9810333,0.0,0.0,0.0,23.76
10,16,2,0,,,,1.4237666,0.0,0.0,0.0,14.87
10,17,2,0,,,,0.95628333,0.0,0.0,0.0,0.87
10,18,2,0,,,,1.3171333,0.0,0.0,0.0,0.0
10,19,2,0,,,,0.45835,0.0,0.0,0.0,0.0
10,20,2,0,,,,0.66026664,0.0,0.0,0.0,0.0
10,21,2,0,,,,1.0458,0.0,0.0,0.0,0.0
10,22,2,0,,,,0.9163333,0.0,0.0,0.0,0.0
10,23,2,0,,,,1.0778333,0.0,0.0,0.0,0.0
10,24,2,0,,,,0.6960667,0.0,0.0,0.0,0.0
10,1,3,0,,,,2.0763834,0.0,0.0,0.0,0.0
10,2,3,0,,,,0.8270917,0.0,0.0,0.0,0.0
10,3,3,0,,,,0.2683,0.0,0.0,0.0,0.0
10,4,3,0,,,,0.26958334,0.0,0.0,0.0,0.0
10,5,3,0,,,,0.29915,0.0,0.0,0.0,0.0
10,6,3,0,,,,0.30921668,0.0,0.0,0.0,0.0
10,7,3,0,,,,0.31148332,0.0,0.0,0.0,0.0
10,8,3,0,,,,0.31215,0.0,0.0,0.0,0.33
10,9,3,0,,,,0.31215,0.0,0.0,0.0,31.49
10,10,3,0,,,,0.31498334,0.0,0.0,0.0,68.72
10,11,3,0,,,,0.297,0.0,0.0,0.0,98.06
10,12,3,0,,,,0.55483335,0.0,0.0,0.0,48.44
10,13,3,0,,,,2.1455333,0.0,0.0,0.0,126.24
10,14,3,0,,,,0.7843,0.0,0.0,0.0,188.5
10,15,3,0,,,,0.20596667,0.0,0.0,0.0,27.39
10,16,3,0,,,,0.18435,0.0,0.0,0.0,12.28
10,17,3,0,,,,0.18468334,0.0,0.0,0.0,4.51
10,18,3,0,,,,0.18248333,0.0,0.0,0.0,0.0
10,19,3,0,,,,0.1863,0.0,0.0,0.0,0.0
10,20,3,0,,,,0.233,0.0,0.0,0.0,0.0
10,21,3,0,,,,0.4465,0.0,0.0,0.0,0.0
10,22,3,0,,,,0.4654,0.0,0.0,0.0,0.0
10,23,3,0,,,,0.83196664,0.0,0.0,0.0,0.0
10,24,3,0,,,,3.0378666,0.0,0.0,0.0,0.0
10,1,4,0,,,,2.0284166,0.0,0.0,0.0,0.0
10,2,4,0,,,,0.2711,0.0,0.0,0.0,0.0
10,3,4,0,,,,0.26968333,0.0,0.0,0.0,0.0
10,4,4,0,,,,0.2673,0.0,0.0,0.0,0.0
10,5,4,0,,,,0.26573333,0.0,0.0,0.0,0.0
10,6,4,0,,,,0.92268336,0.0,0.0,0.0,0.0
10,7,4,0,,,,1.5637667,0.0,0.0,0.0,0.0
10,8,4,0,,,,0.75665,0.0,0.0,0.0,1.56
10,9,4,0,,,,0.6349,0.0,0.0,0.0,39.94
10,10,4,0,,,,0.26755,0.0,0.0,0.0,90.43
10,11,4,0,,,,0.27433333,0.0,0.0,0.0,125.52
10,12,4,0,,,,0.27045,0.0,0.0,0.0,237.18
10,13,4,0,,,,0.27131668,0.0,0.0,0.0,564.47
10,14,4,0,,,,0.22638333,0.0,0.0,0.0,579.4
10,15,4,0,,,,0.18676667,0.0,0.0,0.0,479.66
10,16,4,0,,,,0.18896666,0.0,0.0,0.0,277.11
10,17,4,0,,,,0.3067,0.0,0.0,0.0,8.25
10,18,4,0,,,,0.68666667,0.0,0.0,0.0,0.0
10,19,4,0,,,,1.0193334,0.0,0.0,0.0,0.0
10,20,4,0,,,,1.6645833,0.0,0.0,0.0,0.0
10,21,4,0,,,,3.4682834,0.0,0.0,0.0,0.0
10,22,4,0,,,,2.032,0.0,0.0,0.0,0.0
10,23,4,0,,,,0.26951668,0.0,0.0,0.0,0.0
10,24,4,0,,,,0.26891667,0.0,0.0,0.0,0.0
10,1,5,0,,,,1.1818,0.0,0.0,0.0,0.0
10,2,5,0,,,,0.27305,0.0,0.0,0.0,0.0
10,3,5,0,,,,0.27075,0.0,0.0,0.0,0.0
10,4,5,0,,,,0.27061668,0.0,0.0,0.0,0.0
10,5,5,0,,,,0.29445,0.0,0.0,0.0,0.0
10,6,5,0,,,,0.26746666,0.0,0.0,0.0,0.0
10,7,5,0,,,,0.27121666,0.0,0.0,0.0,0.0
10,8,5,0,,,,0.26931667,0.0,0.0,0.0,0.0
10,9,5,0,,,,0.26526666,0.0,0.0,0.0,18.41
10,10,5,0,,,,0.8329167,0.0,0.0,0.0,70.06
10,11,5,0,,,,0.9353167,0.0,0.0,0.0,110.36
10,12,5,0,,,,0.2006,0.0,0.0,0.0,39.34
10,13,5,0,,,,0.3148,0.0,0.0,0.0,18.38
10,14,5,0,,,,0.47998333,0.0,0.0,0.0,40.2
10,15,5,0,,,,0.6699,0.0,0.0,0.0,32.06
10,16,5,0,,,,0.6585,0.0,0.0,0.0,17.13
10,17,5,0,,,,0.65751666,0.0,0.0,0.0,0.18
10,18,5,0,,,,0.65903336,0.0,0.0,0.0,0.0
10,19,5,0,,,,0.7179667,0.0,0.0,0.0,0.0
10,20,5,0,,,,1.0219,0.0,0.0,0.0,0.0
10,21,5,0,,,,1.2255334,0.0,0.0,0.0,0.0
10,22,5,0,,,,3.7877834,0.0,0.0,0.0,0.0
10,23,5,0,,,,1.4632167,0.0,0.0,0.0,0.0
10,24,5,0,,,,0.29340833,0.0,0.0,0.0,0.0
10,1,6,0,,,,0.31106666,0.0,0.0,0.0,0.0
10,2,6,0,,,,0.3108,0.0,0.0,0.0,0.0
10,3,6,0,,,,0.31125,0.0,0.0,0.0,0.0
10,4,6,0,,,,0.31136668,0.0,0.0,0.0,0.0
10,5,6,0,,,,0.32276666,0.0,0.0,0.0,0.0
10,6,6,0,,,,0.31823334,0.0,0.0,0.0,0.0
10,7,6,0,,,,0.31635,0.0,0.0,0.0,0.0
10,8,6,0,,,,0.33236668,0.0,0.0,0.0,20.2
10,9,6,0,,,,0.8836833,0.0,0.0,0.0,271.07
10,10,6,0,,,,1.8488333,0.0,0.0,0.0,449.5
10,11,6,0,,,,1.1536334,0.0,0.0,0.0,197.89
10,12,6,0,,,,0.58963335,0.0,0.0,0.0,256.09
10,13,6,0,,,,0.54305,0.0,0.0,0.0,631.42
10,14,6,0,,,,1.9423167,0.0,0.0,0.0,79.35
10,15,6,0,,,,1.58875,0.0,0.0,0.0,179.73
10,16,6,0,,,,1.23145,0.0,0.0,0.0,170.74
10,17,6,0,,,,0.56745,0.0,0.0,0.0,6.78
10,18,6,0,,,,0.26628333,0.0,0.0,0.0,0.0
10,19,6,0,,,,0.45848334,0.0,0.0,0.0,0.0
10,20,6,0,,,,1.0134166,0.0,0.0,0.0,0.0
10,21,6,0,,,,1.5312667,0.0,0.0,0.0,0.0
10,22,6,0,,,,2.79965,0.0,0.0,0.0,0.0
10,23,6,0,,,,0.34231666,0.0,0.0,0.0,0.0
10,24,6,0,,,,0.27651668,0.0,0.0,0.0,0.0
10,1,7,0,,,,0.2748,0.0,0.0,0.0,0.0
10,2,7,0,,,,0.27518332,0.0,0.0,0.0,0.0
10,3,7,0,,,,0.27505,0.0,0.0,0.0,0.0
10,4,7,0,,,,2.3284667,0.0,0.0,0.0,0.0
10,5,7,0,,,,0.29278332,0.0,0.0,0.0,0.0
10,6,7,0,,,,0.26868334,0.0,0.0,0.0,0.0
10,7,7,0,,,,0.26955,0.0,0.0,0.0,0.0
10,8,7,0,,,,0.66213334,0.0,0.0,0.0,21.06
10,9,7,0,,,,0.5926667,0.0,0.0,0.0,302.22
10,10,7,0,,,,0.6296667,0.0,0.0,0.0,134.21
10,11,7,0,,,,0.65353334,0.0,0.0,0.0,259.65
10,12,7,0,,,,0.2692,0.0,0.0,0.0,74.77
10,13,7,0,,,,0.27335,0.0,0.0,0.0,628.21
10,14,7,0,,,,0.31141666,0.0,0.0,0.0,615.04
10,15,7,0,,,,0.29919583,0.0,0.0,0.0,478.08
10,16,7,0,,,,0.28236666,0.0,0.0,0.0,279.61
10,17,7,0,,,,0.31801668,0.0,0.0,0.0,5.3
10,18,7,0,,,,0.3106,0.0,0.0,0.0,0.0
10,19,7,0,,,,0.46861666,0.0,0.0,0.0,0.0
10,20,7,0,,,,0.84096664,0.0,0.0,0.0,0.0
10,21,7,0,,,,0.87941664,0.0,0.0,0.0,0.0
10,22,7,0,,,,0.50075,0.0,0.0,0.0,0.0
10,23,7,0,,,,0.58675,0.0,0.0,0.0,0.0
10,24,7,0,,,,0.6238,0.0,0.0,0.0,0.0
10,1,1,0,,,,0.55175,0.0,0.0,0.0,0.0
10,2,1,0,,,,0.3224,0.0,0.0,0.0,0.0
10,3,1,0,,,,0.31258333,0.0,0.0,0.0,0.0
10,4,1,0,,,,0.31148332,0.0,0.0,0.0,0.0
10,5,1,0,,,,0.3133,0.0,0.0,0.0,0.0
10,6,1,0,,,,0.31331667,0.0,0.0,0.0,0.0
10,7,1,0,,,,0.31881666,0.0,0.0,0.0,0.0
10,8,1,0,,,,0.31593335,0.0,0.0,0.0,0.0
10,9,1,0,,,,0.44568333,0.0,0.0,0.0,78.81
10,10,1,0,,,,0.84468335,0.0,0.0,0.0,470.04
10,11,1,0,,,,0.7245167,0.0,0.0,0.0,566.17
10,12,1,0,,,,1.0283,0.0,0.0,0.0,631.42
10,13,1,0,,,,1.40035,0.0,0.0,0.0,57.98
10,14,1,0,,,,0.36713332,0.0,0.0,0.0,48.35
10,15,1,0,,,,0.23785,0.0,0.0,0.0,29.67
10,16,1,0,,,,0.31193334,0.0,0.0,0.0,89.8
10,17,1,0,,,,0.92001665,0.0,0.0,0.0,0.23
10,18,1,0,,,,0.27291667,0.0,0.0,0.0,0.0
10,19,1,0,,,,0.25221667,0.0,0.0,0.0,0.0
10,20,1,0,,,,0.25476667,0.0,0.0,0.0,0.0
10,21,1,0,,,,0.25646666,0.0,0.0,0.0,0.0
10,22,1,0,,,,0.26275,0.0,0.0,0.0,0.0
10,23,1,0,,,,0.82533336,0.0,0.0,0.0,0.0
10,24,1,0,,,,1.2093834,0.0,0.0,0.0,0.0
11,1,2,0,,,,0.72851664,0.0,0.0,0.0,0.0
11,2,2,0,,,,0.36196667,0.0,0.0,0.0,0.0
11,3,2,0,,,,0.31655,0.0,0.0,0.0,0.0
11,4,2,0,,,,0.3121,0.0,0.0,0.0,0.0
11,5,2,0,,,,0.30806667,0.0,0.0,0.0,0.0
11,6,2,0,,,,0.30715,0.0,0.0,0.0,0.0
11,7,2,0,,,,0.32041666,0.0,0.0,0.0,0.0
11,8,2,0,,,,0.50663334,0.0,0.0,0.0,10.91
11,9,2,0,,,,0.62915,0.0,0.0,0.0,273.17
11,10,2,0,,,,0.8649333,0.0,0.0,0.0,481.86
11,11,2,0,,,,0.7431167,0.0,0.0,0.0,592.95
11,12,2,0,,,,0.23656666,0.0,0.0,0.0,202.49
11,13,2,0,,,,0.23403333,0.0,0.0,0.0,270.32
11,14,2,0,,,,0.28846666,0.0,0.0,0.0,191.32
11,15,2,0,,,,0.62513334,0.0,0.0,0.0,395.21
11,16,2,0,,,,0.41438332,0.0,0.0,0.0,192.22
11,17,2,0,,,,1.4938166,0.0,0.0,0.0,1.82
11,18,2,0,,,,0.41436666,0.0,0.0,0.0,0.0
11,19,2,0,,,,0.51865,0.0,0.0,0.0,0.0
11,20,2,0,,,,0.6731,0.0,0.0,0.0,0.0
11,21,2,0,,,,1.0632167,0.0,0.0,0.0,0.0
11,22,2,0,,,,0.8609333,0.0,0.0,0.0,0.0
11,23,2,0,,,,2.45955,0.0,0.0,0.0,0.0
11,24,2,0,,,,1.0763583,0.0,0.0,0.0,0.0
11,1,3,0,,,,0.53498334,0.0,0.0,0.0,0.0
11,2,3,0,,,,0.30648333,0.0,0.0,0.0,0.0
11,3,3,0,,,,0.3065,0.0,0.0,0.0,0.0
11,4,3,0,,,,0.30606666,0.0,0.0,0.0,0.0
11,5,3,0,,,,0.30486667,0.0,0.0,0.0,0.0
11,6,3,0,,,,1.97375,0.0,0.0,0.0,0.0
11,7,3,0,,,,0.75846666,0.0,0.0,0.0,0.0
11,8,3,0,,,,0.48793334,0.0,0.0,0.0,0.0
11,9,3,0,,,,0.83353335,0.0,0.0,0.0,88.85
11,10,3,0,,,,0.83823335,0.0,0.0,0.0,286.82
11,11,3,0,,,,0.29873332,0.0,0.0,0.0,463.1
11,12,3,0,,,,0.17713334,0.0,0.0,0.0,431.49
11,13,3,0,,,,0.18268333,0.0,0.0,0.0,419.72
11,14,3,0,,,,0.17366667,0.0,0.0,0.0,503.96
11,15,3,0,,,,0.17501667,0.0,0.0,0.0,343.88
11,16,3,0,,,,0.17725,0.0,0.0,0.0,97.3
11,17,3,0,,,,0.50715,0.0,0.0,0.0,0.0
11,18,3,0,,,,0.85681665,0.0,0.0,0.0,0.0
11,19,3,0,,,,0.78165,0.0,0.0,0.0,0.0
11,20,3,0,,,,0.50201666,0.0,0.0,0.0,0.0
11,21,3,0,,,,0.50655,0.0,0.0,0.0,0.0
11,22,3,0,,,,0.51088333,0.0,0.0,0.0,0.0
11,23,3,0,,,,0.6096333,0.0,0.0,0.0,0.0
11,24,3,0,,,,0.6824167,0.0,0.0,0.0,0.0
11,1,4,0,,,,0.5595,0.0,0.0,0.0,0.0
11,2,4,0,,,,0.28191668,0.0,0.0,0.0,0.0
11,3,4,0,,,,0.26398334,0.0,0.0,0.0,0.0
11,4,4,0,,,,0.26303333,0.0,0.0,0.0,0.0
11,5,4,0,,,,0.26243332,0.0,0.0,0.0,0.0
11,6,4,0,,,,0.26153332,0.0,0.0,0.0,0.0
11,7,4,0,,,,0.34235,0.0,0.0,0.0,0.0
11,8,4,0,,,,0.85283333,0.0,0.0,0.0,0.0
11,9,4,0,,,,1.0377667,0.0,0.0,0.0,11.99
11,10,4,0,,,,0.92123336,0.0,0.0,0.0,52.69
11,11,4,0,,,,0.21906666,0.0,0.0,0.0,40.99
11,12,4,0,,,,0.99913335,0.0,0.0,0.0,40.13
11,13,4,0,,,,1.55745,0.0,0.0,0.0,59.53
11,14,4,0,,,,1.7936,0.0,0.0,0.0,40.67
11,15,4,0,,,,1.4661666,0.0,0.0,0.0,15.81
11,16,4,0,,,,1.59305,0.0,0.0,0.0,64.26
11,17,4,0,,,,1.1947334,0.0,0.0,0.0,0.0
11,18,4,0,,,,0.8681667,0.0,0.0,0.0,0.0
11,19,4,0,,,,0.59751666,0.0,0.0,0.0,0.0
11,20,4,0,,,,0.5962667,0.0,0.0,0.0,0.0
11,21,4,0,,,,0.49671668,0.0,0.0,0.0,0.0
11,22,4,0,,,,0.47873333,0.0,0.0,0.0,0.0
11,23,4,0,,,,0.44941667,0.0,0.0,0.0,0.0
11,24,4,0,,,,0.7314,0.0,0.0,0.0,0.0
11,1,5,0,,,,1.1340834,0.0,0.0,0.0,0.0
11,2,5,0,,,,3.1944,0.0,0.0,0.0,0.0
11,3,5,0,,,,0.28836668,0.0,0.0,0.0,0.0
11,4,5,0,,,,0.27355,0.0,0.0,0.0,0.0
11,5,5,0,,,,0.27128333,0.0,0.0,0.0,0.0
11,6,5,0,,,,0.2716,0.0,0.0,0.0,0.0
11,7,5,0,,,,0.3694,0.0,0.0,0.0,0.0
11,8,5,0,,,,0.3414,0.0,0.0,0.0,0.0
11,9,5,0,,,,0.37775,0.0,0.0,0.0,60.92
11,10,5,0,,,,0.65931666,0.0,0.0,0.0,15.03
11,11,5,0,,,,2.32135,0.0,0.0,0.0,70.98
11,12,5,0,,,,1.13825,0.0,0.0,0.0,68.2
11,13,5,0,,,,0.51248336,0.0,0.0,0.0,87.32
11,14,5,0,,,,2.17435,0.0,0.0,0.0,66.1
11,15,5,0,,,,3.4467332,0.0,0.0,0.0,142.97
11,16,5,0,,,,1.2184666,0.0,0.0,0.0,78.83
11,17,5,0,,,,1.8679833,0.0,0.0,0.0,0.0
11,18,5,0,,,,1.4941833,0.0,0.0,0.0,0.0
11,19,5,0,,,,0.48745,0.0,0.0,0.0,0.0
11,20,5,0,,,,0.85833335,0.0,0.0,0.0,0.0
11,21,5,0,,,,0.7359833,0.0,0.0,0.0,0.0
11,22,5,0,,,,1.6764,0.0,0.0,0.0,0.0
11,23,5,0,,,,0.36413333,0.0,0.0,0.0,0.0
11,24,5,0,,,,0.25403333,0.0,0.0,0.0,0.0
11,1,6,0,,,,0.2516,0.0,0.0,0.0,0.0
11,2,6,0,,,,0.24488333,0.0,0.0,0.0,0.0
11,3,6,0,,,,0.24426667,0.0,0.0,0.0,0.0
11,4,6,0,,,,0.24406667,0.0,0.0,0.0,0.0
11,5,6,0,,,,0.28521666,0.0,0.0,0.0,0.0
11,6,6,0,,,,0.31183332,0.0,0.0,0.0,0.0
11,7,6,0,,,,0.31933334,0.0,0.0,0.0,0.0
11,8,6,0,,,,0.8676,0.0,0.0,0.0,0.0
11,9,6,0,,,,1.2658833,0.0,0.0,0.0,92.5
11,10,6,0,,,,0.79823333,0.0,0.0,0.0,430.35
11,11,6,0,,,,0.26555,0.0,0.0,0.0,535.39
11,12,6,0,,,,0.24775,0.0,0.0,0.0,538.59
11,13,6,0,,,,0.20866667,0.0,0.0,0.0,620.93
11,14,6,0,,,,0.20718333,0.0,0.0,0.0,557.96
11,15,6,0,,,,0.2024375,0.0,0.0,0.0,424.6
11,16,6,0,,,,0.2078,0.0,0.0,0.0,222.81
11,17,6,0,,,,1.1023166,0.0,0.0,0.0,0.0
11,18,6,0,,,,0.21075,0.0,0.0,0.0,0.0
11,19,6,0,,,,0.571,0.0,0.0,0.0,0.0
11,20,6,0,,,,1.5427333,0.0,0.0,0.0,0.0
11,21,6,0,,,,0.9953,0.0,0.0,0.0,0.0
11,22,6,0,,,,1.0078666,0.0,0.0,0.0,0.0
11,23,6,0,,,,3.00635,0.0,0.0,0.0,0.0
11,24,6,0,,,,1.851275,0.0,0.0,0.0,0.0
11,1,7,0,,,,0.36166668,0.0,0.0,0.0,0.0
11,2,7,0,,,,0.31775,0.0,0.0,0.0,0.0
11,3,7,0,,,,0.31853333,0.0,0.0,0.0,0.0
11,4,7,0,,,,0.31523332,0.0,0.0,0.0,0.0
11,5,7,0,,,,0.3137,0.0,0.0,0.0,0.0
11,6,7,0,,,,0.13803338,0.0,0.0,0.0,0.0
11,7,7,0,,,,0.22681667,0.0,0.0,0.0,0.0
11,8,7,0,,,,0.46168333,0.0,0.0,0.0,0.0
11,9,7,0,,,,0.67766666,0.0,0.0,0.0,68.12
11,10,7,0,,,,0.67843336,0.0,0.0,0.0,191.29
11,11,7,0,,,,0.3425,0.0,0.0,0.0,333.95
11,12,7,0,,,,0.32738334,0.0,0.0,0.0,187.93
11,13,7,0,,,,0.7830833,0.0,0.0,0.0,426.45
11,14,7,0,,,,0.25471666,0.0,0.0,0.0,172.47
11,15,7,0,,,,0.2546,0.0,0.0,0.0,75.09
11,16,7,0,,,,0.2527,0.0,0.0,0.0,177.33
11,17,7,0,,,,0.4401,0.0,0.0,0.0,0.0
11,18,7,0,,,,0.48723334,0.0,0.0,0.0,0.0
11,19,7,0,,,,0.53068334,0.0,0.0,0.0,0.0
11,20,7,0,,,,0.7855333,0.0,0.0,0.0,0.0
11,21,7,0,,,,0.9084167,0.0,0.0,0.0,0.0
11,22,7,0,,,,1.9558667,0.0,0.0,0.0,0.0
11,23,7,0,,,,1.1035833,0.0,0.0,0.0,0.0
11,24,7,0,,,,0.34036666,0.0,0.0,0.0,0.0
11,1,1,0,,,,0.3096,0.0,0.0,0.0,0.0
11,2,1,0,,,,0.3118,0.0,0.0,0.0,0.0
11,3,1,0,,,,0.31271666,0.0,0.0,0.0,0.0
11,4,1,0,,,,0.31213334,0.0,0.0,0.0,0.0
11,5,1,0,,,,0.3278,0.0,0.0,0.0,0.0
11,6,1,0,,,,0.23925,0.0,0.0,0.0,0.0
11,7,1,0,,,,0.28761667,0.0,0.0,0.0,0.0
11,8,1,0,,,,0.32756665,0.0,0.0,0.0,0.0
11,9,1,0,,,,0.69295,0.0,0.0,0.0,3.62
11,10,1,0,,,,0.68628335,0.0,0.0,0.0,18.85
11,11,1,0,,,,1.0434333,0.0,0.0,0.0,54.79
11,12,1,0,,,,1.6592667,0.0,0.0,0.0,56.95
11,13,1,0,,,,0.7955833,0.0,0.0,0.0,99.47
11,14,1,0,,,,0.55605,0.0,0.0,0.0,84.35
11,15,1,0,,,,0.48646668,0.0,0.0,0.0,38.31
11,16,1,0,,,,1.0478667,0.0,0.0,0.0,6.89
11,17,1,0,,,,0.561,0.0,0.0,0.0,0.0
11,18,1,0,,,,1.0134333,0.0,0.0,0.0,0.0
11,19,1,0,,,,0.62983334,0.0,0.0,0.0,0.0
11,20,1,0,,,,0.54315,0.0,0.0,0.0,0.0
11,21,1,0,,,,0.45288333,0.0,0.0,0.0,0.0
11,22,1,0,,,,2.3324,0.0,0.0,0.0,0.0
11,23,1,0,,,,2.6317666,0.0,0.0,0.0,0.0
11,24,1,0,,,,0.27088332,0.0,0.0,0.0,0.0
11,1,2,0,,,,0.26906666,0.0,0.0,0.0,0.0
11,2,2,0,,,,0.26848334,0.0,0.0,0.0,0.0
11,3,2,0,,,,0.26641667,0.0,0.0,0.0,0.0
11,4,2,0,,,,0.26611668,0.0,0.0,0.0,0.0
11,5,2,0,,,,0.28846666,0.0,0.0,0.0,0.0
11,6,2,0,,,,0.43653333,0.0,0.0,0.0,0.0
11,7,2,0,,,,0.41398335,0.0,0.0,0.0,0.0
11,8,2,0,,,,0.265175,0.0,0.0,0.0,0.0
11,9,2,0,,,,0.26418334,0.0,0.0,0.0,79.91
11,10,2,0,,,,0.27051666,0.0,0.0,0.0,52.54
11,11,2,0,,,,0.26736668,0.0,0.0,0.0,185.68
11,12,2,0,,,,1.4890167,0.0,0.0,0.0,87.27
11,13,2,0,,,,0.2649,0.0,0.0,0.0,50.99
11,14,2,0,,,,1.5660334,0.0,0.0,0.0,34.17
11,15,2,0,,,,1.7544833,0.0,0.0,0.0,49.98
11,16,2,0,,,,0.5598,0.0,0.0,0.0,2.96
11,17,2,0,,,,1.3658667,0.0,0.0,0.0,0.0
11,18,2,0,,,,0.34866667,0.0,0.0,0.0,0.0
11,19,2,0,,,,0.6005,0.0,0.0,0.0,0.0
11,20,2,0,,,,1.6367,0.0,0.0,0.0,0.0
11,21,2,0,,,,2.4396667,0.0,0.0,0.0,0.0
11,22,2,0,,,,2.4307833,0.0,0.0,0.0,0.0
11,23,2,0,,,,0.40225,0.0,0.0,0.0,0.0
11,24,2,0,,,,0.27660835,0.0,0.0,0.0,0.0
11,1,3,0,,,,0.27198333,0.0,0.0,0.0,0.0
11,2,3,0,,,,0.27143332,0.0,0.0,0.0,0.0
11,3,3,0,,,,0.27121666,0.0,0.0,0.0,0.0
11,4,3,0,,,,0.27058333,0.0,0.0,0.0,0.0
11,5,3,0,,,,0.27246666,0.0,0.0,0.0,0.0
11,6,3,0,,,,0.3956,0.0,0.0,0.0,0.0
11,7,3,0,,,,2.1228666,0.0,0.0,0.0,0.0
11,8,3,0,,,,1.1898834,0.0,0.0,0.0,0.0
11,9,3,0,,,,0.49818334,0.0,0.0,0.0,1.54
11,10,3,0,,,,0.26675,0.0,0.0,0.0,11.13
11,11,3,0,,,,0.3438,0.0,0.0,0.0,98.26
11,12,3,0,,,,1.2828,0.0,0.0,0.0,66.94
11,13,3,0,,,,1.43395,0.0,0.0,0.0,49.67
11,14,3,0,,,,1.4833167,0.0,0.0,0.0,28.71
11,15,3,0,,,,0.94088334,0.0,0.0,0.0,54.08
11,16,3,0,,,,0.7187833,0.0,0.0,0.0,61.02
11,17,3,0,,,,1.3219334,0.0,0.0,0.0,0.0
11,18,3,0,,,,0.27043334,0.0,0.0,0.0,0.0
11,19,3,0,,,,0.8344833,0.0,0.0,0.0,0.0
11,20,3,0,,,,1.6958333,0.0,0.0,0.0,0.0
11,21,3,0,,,,0.9355,0.0,0.0,0.0,0.0
11,22,3,0,,,,3.401,0.0,0.0,0.0,0.0
11,23,3,0,,,,2.5828667,0.0,0.0,0.0,0.0
11,24,3,0,,,,0.27005,0.0,0.0,0.0,0.0
11,1,4,0,,,,0.26818332,0.0,0.0,0.0,0.0
11,2,4,0,,,,0.26523334,0.0,0.0,0.0,0.0
11,3,4,0,,,,0.26623333,0.0,0.0,0.0,0.0
11,4,4,0,,,,0.26933333,0.0,0.0,0.0,0.0
11,5,4,0,,,,0.2722,0.0,0.0,0.0,0.0
11,6,4,0,,,,0.53165,0.0,0.0,0.0,0.0
11,7,4,0,,,,0.33285,0.0,0.0,0.0,0.0
11,8,4,0,,,,0.26853332,0.0,0.0,0.0,0.0
11,9,4,0,,,,0.46883333,0.0,0.0,0.0,2.48
11,10,4,0,,,,1.8695333,0.0,0.0,0.0,28.53
11,11,4,0,,,,1.84575,0.0,0.0,0.0,46.5
11,12,4,0,,,,1.8080333,0.0,0.0,0.0,30.56
11,13,4,0,,,,1.1663333,0.0,0.0,0.0,25.4
11,14,4,0,,,,1.33275,0.0,0.0,0.0,37.77
11,15,4,0,,,,1.4943666,0.0,0.0,0.0,93.35
11,16,4,0,,,,2.1631668,0.0,0.0,0.0,30.6
11,17,4,0,,,,1.7323166,0.0,0.0,0.0,0.0
11,18,4,0,,,,0.58666664,0.0,0.0,0.0,0.0
11,19,4,0,,,,1.7006834,0.0,0.0,0.0,0.0
11,20,4,0,,,,1.0472333,0.0,0.0,0.0,0.0
11,21,4,0,,,,0.69558334,0.0,0.0,0.0,0.0
11,22,4,0,,,,0.64318335,0.0,0.0,0.0,0.0
11,23,4,0,,,,2.46215,0.0,0.0,0.0,0.0
11,24,4,0,,,,0.5604417,0.0,0.0,0.0,0.0
11,1,5,0,,,,0.47431666,0.0,0.0,0.0,0.0
11,2,5,0,,,,0.27286667,0.0,0.0,0.0,0.0
11,3,5,0,,,,0.26771668,0.0,0.0,0.0,0.0
11,4,5,0,,,,0.26615,0.0,0.0,0.0,0.0
11,5,5,0,,,,0.2664,0.0,0.0,0.0,0.0
11,6,5,0,,,,0.16470003,0.0,0.0,0.0,0.0
11,7,5,0,,,,0.26596665,0.0,0.0,0.0,0.0
11,8,5,0,,,,0.5559833,0.0,0.0,0.0,0.0
11,9,5,0,,,,0.94421667,0.0,0.0,0.0,24.51
11,10,5,0,,,,1.5178334,0.0,0.0,0.0,15.88
11,11,5,0,,,,2.0620208,0.0,0.0,0.0,15.86
11,12,5,0,,,,0.77363336,0.0,0.0,0.0,41.23
11,13,5,0,,,,2.3721333,0.0,0.0,0.0,13.74
11,14,5,0,,,,4.019067,0.0,0.0,0.0,110.97
11,15,5,0,,,,2.6367166,0.0,0.0,0.0,119.86
11,16,5,0,,,,2.2556834,0.0,0.0,0.0,155.34
11,17,5,0,,,,1.9297667,0.0,0.0,0.0,0.0
11,18,5,0,,,,1.4874834,0.0,0.0,0.0,0.0
11,19,5,0,,,,0.67943335,0.0,0.0,0.0,0.0
11,20,5,0,,,,0.2672,0.0,0.0,0.0,0.0
11,21,5,0,,,,0.4077,0.0,0.0,0.0,0.0
11,22,5,0,,,,2.55035,0.0,0.0,0.0,0.0
11,23,5,0,,,,0.65491664,0.0,0.0,0.0,0.0
11,24,5,0,,,,0.6596,0.0,0.0,0.0,0.0
11,1,6,0,,,,0.66113335,0.0,0.0,0.0,0.0
11,2,6,0,,,,0.37396666,0.0,0.0,0.0,0.0
11,3,6,0,,,,0.2971,0.0,0.0,0.0,0.0
11,4,6,0,,,,0.29623333,0.0,0.0,0.0,0.0
11,5,6,0,,,,0.29571667,0.0,0.0,0.0,0.0
11,6,6,0,,,,0.4027,0.0,0.0,0.0,0.0
11,7,6,0,,,,0.8825333,0.0,0.0,0.0,0.0
11,8,6,0,,,,0.5513167,0.0,0.0,0.0,0.0
11,9,6,0,,,,0.47348332,0.0,0.0,0.0,111.97
11,10,6,0,,,,0.2098,0.0,0.0,0.0,278.12
11,11,6,0,,,,0.20465,0.0,0.0,0.0,392.32
11,12,6,0,,,,0.2149,0.0,0.0,0.0,557.0
11,13,6,0,,,,0.52073336,0.0,0.0,0.0,404.09
11,14,6,0,,,,1.6190667,0.0,0.0,0.0,338.47
11,15,6,0,,,,2.4243,0.0,0.0,0.0,295.0
11,16,6,0,,,,1.0297667,0.0,0.0,0.0,101.39
11,17,6,0,,,,0.27186668,0.0,0.0,0.0,0.0
11,18,6,0,,,,0.27203333,0.0,0.0,0.0,0.0
11,19,6,0,,,,1.4154,0.0,0.0,0.0,0.0
11,20,6,0,,,,0.42618334,0.0,0.0,0.0,0.0
11,21,6,0,,,,0.54688334,0.0,0.0,0.0,0.0
11,22,6,0,,,,2.3667,0.0,0.0,0.0,0.0
11,23,6,0,,,,0.47101668,0.0,0.0,0.0,0.0
11,24,6,0,,,,0.26999167,0.0,0.0,0.0,0.0
11,1,7,0,,,,0.27061668,0.0,0.0,0.0,0.0
11,2,7,0,,,,0.27143332,0.0,0.0,0.0,0.0
11,3,7,0,,,,0.27043334,0.0,0.0,0.0,0.0
11,4,7,0,,,,0.27021667,0.0,0.0,0.0,0.0
11,5,7,0,,,,0.2704,0.0,0.0,0.0,0.0
11,6,7,0,,,,0.43956667,0.0,0.0,0.0,0.0
11,7,7,0,,,,0.60753334,0.0,0.0,0.0,0.0
11,8,7,0,,,,0.27161667,0.0,0.0,0.0,0.0
11,9,7,0,,,,0.3672,0.0,0.0,0.0,5.73
11,10,7,0,,,,1.6915833,0.0,0.0,0.0,41.52
11,11,7,0,,,,1.0141333,0.0,0.0,0.0,74.45
11,12,7,0,,,,0.68163335,0.0,0.0,0.0,84.52
11,13,7,0,,,,0.82765,0.0,0.0,0.0,124.12
11,14,7,0,,,,0.9787667,0.0,0.0,0.0,138.95
11,15,7,0,,,,0.33486667,0.0,0.0,0.0,51.06
11,16,7,0,,,,2.0653167,0.0,0.0,0.0,12.36
11,17,7,0,,,,1.3626,0.0,0.0,0.0,0.0
11,18,7,0,,,,1.0090834,0.0,0.0,0.0,0.0
11,19,7,0,,,,0.57088333,0.0,0.0,0.0,0.0
11,20,7,0,,,,0.82101667,0.0,0.0,0.0,0.0
11,21,7,0,,,,1.6832833,0.0,0.0,0.0,0.0
11,22,7,0,,,,3.1503,0.0,0.0,0.0,0.0
11,23,7,0,,,,0.59356666,0.0,0.0,0.0,0.0
11,24,7,0,,,,0.27935,0.0,0.0,0.0,0.0
11,1,1,0,,,,0.27446666,0.0,0.0,0.0,0.0
11,2,1,0,,,,1.0998,0.0,0.0,0.0,0.0
11,3,1,0,,,,1.0465,0.0,0.0,0.0,0.0
11,4,1,0,,,,0.27353334,0.0,0.0,0.0,0.0
11,5,1,0,,,,0.28616667,0.0,0.0,0.0,0.0
11,6,1,0,,,,0.49463335,0.0,0.0,0.0,0.0
11,7,1,0,,,,0.6436833,0.0,0.0,0.0,0.0
11,8,1,0,,,,0.7463667,0.0,0.0,0.0,0.0
11,9,1,0,,,,0.18333334,0.0,0.0,0.0,15.5
11,10,1,0,,,,0.18901667,0.0,0.0,0.0,52.61
11,11,1,0,,,,0.18615,0.0,0.0,0.0,72.09
11,12,1,0,,,,0.1863,0.0,0.0,0.0,70.15
11,13,1,0,,,,0.18496667,0.0,0.0,0.0,61.2
11,14,1,0,,,,0.37591666,0.0,0.0,0.0,99.63
11,15,1,0,,,,1.1497,0.0,0.0,0.0,57.03
11,16,1,0,,,,1.1182834,0.0,0.0,0.0,156.48
11,17,1,0,,,,1.2897,0.0,0.0,0.0,0.0
11,18,1,0,,,,0.64776665,0.0,0.0,0.0,0.0
11,19,1,0,,,,1.1459833,0.0,0.0,0.0,0.0
11,20,1,0,,,,2.6752834,0.0,0.0,0.0,0.0
11,21,1,0,,,,1.9064,0.0,0.0,0.0,0.0
11,22,1,0,,,,1.3499,0.0,0.0,0.0,0.0
11,23,1,0,,,,3.69595,0.0,0.0,0.0,0.0
11,24,1,0,,,,1.2983416,0.0,0.0,0.0,0.0
11,1,2,0,,,,0.27,0.0,0.0,0.0,0.0
11,2,2,0,,,,0.26838332,0.0,0.0,0.0,0.0
11,3,2,0,,,,0.26948333,0.0,0.0,0.0,0.0
11,4,2,0,,,,0.26943332,0.0,0.0,0.0,0.0
11,5,2,0,,,,0.28666666,0.0,0.0,0.0,0.0
11,6,2,0,,,,0.18566668,0.0,0.0,0.0,0.0
11,7,2,0,,,,0.2688,0.0,0.0,0.0,0.0
11,8,2,0,,,,0.4989,0.0,0.0,0.0,0.0
11,9,2,0,,,,1.1189166,0.0,0.0,0.0,19.83
11,10,2,0,,,,1.6496167,0.0,0.0,0.0,56.87
11,11,2,0,,,,0.69875,0.0,0.0,0.0,42.24
11,12,2,0,,,,0.5014,0.0,0.0,0.0,62.51
11,13,2,0,,,,0.35231668,0.0,0.0,0.0,38.73
11,14,2,0,,,,0.25546667,0.0,0.0,0.0,33.29
11,15,2,0,,,,0.20625,0.0,0.0,0.0,9.37
11,16,2,0,,,,0.36383334,0.0,0.0,0.0,0.71
11,17,2,0,,,,0.41453335,0.0,0.0,0.0,0.0
11,18,2,0,,,,0.45421666,0.0,0.0,0.0,0.0
11,19,2,0,,,,0.4777,0.0,0.0,0.0,0.0
11,20,2,0,,,,0.7856,0.0,0.0,0.0,0.0
11,21,2,0,,,,0.9497,0.0,0.0,0.0,0.0
11,22,2,0,,,,3.1832666,0.0,0.0,0.0,0.0
11,23,2,0,,,,2.4721668,0.0,0.0,0.0,0.0
11,24,2,0,,,,0.6013917,0.0,0.0,0.0,0.0
11,1,3,0,,,,0.30816665,0.0,0.0,0.0,0.0
11,2,3,0,,,,0.30891666,0.0,0.0,0.0,0.0
11,3,3,0,,,,0.3097,0.0,0.0,0.0,0.0
11,4,3,0,,,,0.3091,0.0,0.0,0.0,0.0
11,5,3,0,,,,0.32313332,0.0,0.0,0.0,0.0
11,6,3,0,,,,0.74521667,0.0,0.0,0.0,0.0
11,7,3,0,,,,0.55735,0.0,0.0,0.0,0.0
11,8,3,0,,,,0.28958333,0.0,0.0,0.0,0.0
11,9,3,0,,,,0.2892,0.0,0.0,0.0,8.2
11,10,3,0,,,,0.29406667,0.0,0.0,0.0,23.8
11,11,3,0,,,,0.29011667,0.0,0.0,0.0,51.8
11,12,3,0,,,,0.29018334,0.0,0.0,0.0,31.72
11,13,3,0,,,,0.37218332,0.0,0.0,0.0,25.75
11,14,3,0,,,,0.5150833,0.0,0.0,0.0,42.83
11,15,3,0,,,,0.52896667,0.0,0.0,0.0,13.12
11,16,3,0,,,,0.86688334,0.0,0.0,0.0,0.7
11,17,3,0,,,,0.61985,0.0,0.0,0.0,0.0
11,18,3,0,,,,0.51778334,0.0,0.0,0.0,0.0
11,19,3,0,,,,0.5315667,0.0,0.0,0.0,0.0
11,20,3,0,,,,0.9418333,0.0,0.0,0.0,0.0
11,21,3,0,,,,0.9547,0.0,0.0,0.0,0.0
11,22,3,0,,,,1.8217167,0.0,0.0,0.0,0.0
11,23,3,0,,,,2.0195668,0.0,0.0,0.0,0.0
11,24,3,0,,,,0.314125,0.0,0.0,0.0,0.0
11,1,4,0,,,,0.30991668,0.0,0.0,0.0,0.0
11,2,4,0,,,,0.30908334,0.0,0.0,0.0,0.0
11,3,4,0,,,,0.30751666,0.0,0.0,0.0,0.0
11,4,4,0,,,,0.30848333,0.0,0.0,0.0,0.0
11,5,4,0,,,,0.3266,0.0,0.0,0.0,0.0
11,6,4,0,,,,0.22643335,0.0,0.0,0.0,0.0
11,7,4,0,,,,0.30913332,0.0,0.0,0.0,0.0
11,8,4,0,,,,0.41158333,0.0,0.0,0.0,0.0
11,9,4,0,,,,2.0668833,0.0,0.0,0.0,59.5
11,10,4,0,,,,2.3108,0.0,0.0,0.0,48.1
11,11,4,0,,,,0.8046,0.0,0.0,0.0,50.56
11,12,4,0,,,,0.31196666,0.0,0.0,0.0,93.49
11,13,4,0,,,,0.21988334,0.0,0.0,0.0,29.97
11,14,4,0,,,,0.2206,0.0,0.0,0.0,50.39
11,15,4,0,,,,0.22216667,0.0,0.0,0.0,91.94
11,16,4,0,,,,0.2248,0.0,0.0,0.0,22.08
11,17,4,0,,,,0.21853334,0.0,0.0,0.0,0.0
11,18,4,0,,,,0.25228333,0.0,0.0,0.0,0.0
11,19,4,0,,,,0.544,0.0,0.0,0.0,0.0
11,20,4,0,,,,0.8293667,0.0,0.0,0.0,0.0
11,21,4,0,,,,0.86681664,0.0,0.0,0.0,0.0
11,22,4,0,,,,1.52535,0.0,0.0,0.0,0.0
11,23,4,0,,,,0.49178332,0.0,0.0,0.0,0.0
11,24,4,0,,,,0.30525833,0.0,0.0,0.0,0.0
11,1,5,0,,,,0.30225,0.0,0.0,0.0,0.0
11,2,5,0,,,,0.30138335,0.0,0.0,0.0,0.0
11,3,5,0,,,,0.30345,0.0,0.0,0.0,0.0
11,4,5,0,,,,0.30481666,0.0,0.0,0.0,0.0
11,5,5,0,,,,0.30815,0.0,0.0,0.0,0.0
11,6,5,0,,,,0.4299,0.0,0.0,0.0,0.0
11,7,5,0,,,,1.7161666,0.0,0.0,0.0,0.0
11,8,5,0,,,,1.5604666,0.0,0.0,0.0,0.0
11,9,5,0,,,,0.24906667,0.0,0.0,0.0,7.15
11,10,5,0,,,,0.82823336,0.0,0.0,0.0,33.48
11,11,5,0,,,,0.5563667,0.0,0.0,0.0,38.09
11,12,5,0,,,,0.23855,0.0,0.0,0.0,25.81
11,13,5,0,,,,0.34953332,0.0,0.0,0.0,22.08
11,14,5,0,,,,0.5655,0.0,0.0,0.0,16.34
11,15,5,0,,,,0.55613333,0.0,0.0,0.0,7.71
11,16,5,0,,,,0.6041167,0.0,0.0,0.0,1.63
11,17,5,0,,,,0.59671664,0.0,0.0,0.0,0.0
11,18,5,0,,,,0.8739,0.0,0.0,0.0,0.0
11,19,5,0,,,,1.0537666,0.0,0.0,0.0,0.0
11,20,5,0,,,,0.6307167,0.0,0.0,0.0,0.0
11,21,5,0,,,,0.6922,0.0,0.0,0.0,0.0
11,22,5,0,,,,0.7478167,0.0,0.0,0.0,0.0
11,23,5,0,,,,0.6368167,0.0,0.0,0.0,0.0
11,24,5,0,,,,0.63400835,0.0,0.0,0.0,0.0
11,1,6,0,,,,0.30453333,0.0,0.0,0.0,0.0
11,2,6,0,,,,0.30648333,0.0,0.0,0.0,0.0
11,3,6,0,,,,0.30431667,0.0,0.0,0.0,0.0
11,4,6,0,,,,0.30023333,0.0,0.0,0.0,0.0
11,5,6,0,,,,0.30041668,0.0,0.0,0.0,0.0
11,6,6,0,,,,0.21771668,0.0,0.0,0.0,0.0
11,7,6,0,,,,0.42951667,0.0,0.0,0.0,0.0
11,8,6,0,,,,1.8517667,0.0,0.0,0.0,0.0
11,9,6,0,,,,2.7632666,0.0,0.0,0.0,6.45
11,10,6,0,,,,1.28875,0.0,0.0,0.0,31.43
11,11,6,0,,,,0.71005,0.0,0.0,0.0,42.04
11,12,6,0,,,,0.18485,0.0,0.0,0.0,60.8
11,13,6,0,,,,0.5467833,0.0,0.0,0.0,39.55
11,14,6,0,,,,0.30305,0.0,0.0,0.0,47.25
11,15,6,0,,,,1.7093,0.0,0.0,0.0,28.2
11,16,6,0,,,,0.9410333,0.0,0.0,0.0,8.19
11,17,6,0,,,,0.8103833,0.0,0.0,0.0,0.0
11,18,6,0,,,,0.37418333,0.0,0.0,0.0,0.0
11,19,6,0,,,,0.30125,0.0,0.0,0.0,0.0
11,20,6,0,,,,0.29876667,0.0,0.0,0.0,0.0
11,21,6,0,,,,0.30233333,0.0,0.0,0.0,0.0
11,22,6,0,,,,0.29853332,0.0,0.0,0.0,0.0
11,23,6,0,,,,0.29791668,0.0,0.0,0.0,0.0
11,24,6,0,,,,0.48818332,0.0,0.0,0.0,0.0
11,1,7,0,,,,0.61258334,0.0,0.0,0.0,0.0
11,2,7,0,,,,0.346,0.0,0.0,0.0,0.0
11,3,7,0,,,,0.33913332,0.0,0.0,0.0,0.0
11,4,7,0,,,,0.31168333,0.0,0.0,0.0,0.0
11,5,7,0,,,,0.30533335,0.0,0.0,0.0,0.0
11,6,7,0,,,,0.7011333,0.0,0.0,0.0,0.0
11,7,7,0,,,,0.70921665,0.0,0.0,0.0,0.0
11,8,7,0,,,,0.46856666,0.0,0.0,0.0,0.0
11,9,7,0,,,,0.83945,0.0,0.0,0.0,4.74
11,10,7,0,,,,1.2665,0.0,0.0,0.0,13.53
11,11,7,0,,,,0.26086667,0.0,0.0,0.0,47.9
11,12,7,0,,,,0.25058332,0.0,0.0,0.0,36.2
11,13,7,0,,,,0.24993333,0.0,0.0,0.0,29.36
11,14,7,0,,,,0.2491,0.0,0.0,0.0,27.13
11,15,7,0,,,,0.46625,0.0,0.0,0.0,22.72
11,16,7,0,,,,0.99795,0.0,0.0,0.0,46.5
11,17,7,0,,,,1.2952334,0.0,0.0,0.0,0.0
11,18,7,0,,,,0.8793167,0.0,0.0,0.0,0.0
11,19,7,0,,,,0.8390833,0.0,0.0,0.0,0.0
11,20,7,0,,,,0.8401833,0.0,0.0,0.0,0.0
11,21,7,0,,,,0.8454,0.0,0.0,0.0,0.0
11,22,7,0,,,,0.84391665,0.0,0.0,0.0,0.0
11,23,7,0,,,,0.84218335,0.0,0.0,0.0,0.0
11,24,7,0,,,,0.810375,0.0,0.0,0.0,0.0
11,1,1,0,,,,0.49931666,0.0,0.0,0.0,0.0
11,2,1,0,,,,0.31553334,0.0,0.0,0.0,0.0
11,3,1,0,,,,0.3063,0.0,0.0,0.0,0.0
11,4,1,0,,,,0.30376667,0.0,0.0,0.0,0.0
11,5,1,0,,,,0.30276668,0.0,0.0,0.0,0.0
11,6,1,0,,,,0.30833334,0.0,0.0,0.0,0.0
11,7,1,0,,,,0.54765,0.0,0.0,0.0,0.0
11,8,1,0,,,,0.92116666,0.0,0.0,0.0,0.0
11,9,1,0,,,,1.5124167,0.0,0.0,0.0,5.42
11,10,1,0,,,,1.0308833,0.0,0.0,0.0,18.08
11,11,1,0,,,,0.92155,0.0,0.0,0.0,35.47
11,12,1,0,,,,1.8200333,0.0,0.0,0.0,35.49
11,13,1,0,,,,0.95053333,0.0,0.0,0.0,31.63
11,14,1,0,,,,0.5933333,0.0,0.0,0.0,28.59
11,15,1,0,,,,0.5891,0.0,0.0,0.0,27.09
11,16,1,0,,,,0.65603334,0.0,0.0,0.0,127.52
11,17,1,0,,,,0.7535333,0.0,0.0,0.0,0.0
11,18,1,0,,,,0.62118334,0.0,0.0,0.0,0.0
11,19,1,0,,,,0.61141664,0.0,0.0,0.0,0.0
11,20,1,0,,,,0.82515,0.0,0.0,0.0,0.0
11,21,1,0,,,,1.0025333,0.0,0.0,0.0,0.0
11,22,1,0,,,,0.60186666,0.0,0.0,0.0,0.0
11,23,1,0,,,,0.5974,0.0,0.0,0.0,0.0
11,24,1,0,,,,0.35493332,0.0,0.0,0.0,0.0
11,1,2,0,,,,0.72103333,0.0,0.0,0.0,0.0
11,2,2,0,,,,0.6775,0.0,0.0,0.0,0.0
11,3,2,0,,,,0.30926666,0.0,0.0,0.0,0.0
11,4,2,0,,,,0.30871665,0.0,0.0,0.0,0.0
11,5,2,0,,,,0.30696666,0.0,0.0,0.0,0.0
11,6,2,0,,,,0.3599,0.0,0.0,0.0,0.0
11,7,2,0,,,,0.38881665,0.0,0.0,0.0,0.0
11,8,2,0,,,,0.2223,0.0,0.0,0.0,0.0
11,9,2,0,,,,0.22195,0.0,0.0,0.0,116.2
11,10,2,0,,,,0.22671667,0.0,0.0,0.0,437.88
11,11,2,0,,,,0.26831666,0.0,0.0,0.0,460.32
11,12,2,0,,,,0.33218333,0.0,0.0,0.0,693.35
11,13,2,0,,,,0.35981667,0.0,0.0,0.0,673.82
11,14,2,0,,,,0.21936667,0.0,0.0,0.0,563.46
11,15,2,0,,,,0.22186667,0.0,0.0,0.0,464.11
11,16,2,0,,,,0.32341668,0.0,0.0,0.0,241.78
11,17,2,0,,,,0.97326666,0.0,0.0,0.0,0.0
11,18,2,0,,,,0.79286665,0.0,0.0,0.0,0.0
11,19,2,0,,,,0.7966167,0.0,0.0,0.0,0.0
11,20,2,0,,,,0.9073167,0.0,0.0,0.0,0.0
11,21,2,0,,,,0.94825,0.0,0.0,0.0,0.0
11,22,2,0,,,,0.6389167,0.0,0.0,0.0,0.0
11,23,2,0,,,,0.6177667,0.0,0.0,0.0,0.0
11,24,2,0,,,,0.37755832,0.0,0.0,0.0,0.0
11,1,3,0,,,,0.32553333,0.0,0.0,0.0,0.0
11,2,3,0,,,,0.3173,0.0,0.0,0.0,0.0
11,3,3,0,,,,0.31421667,0.0,0.0,0.0,0.0
11,4,3,0,,,,0.31156668,0.0,0.0,0.0,0.0
11,5,3,0,,,,0.3096,0.0,0.0,0.0,0.0
11,6,3,0,,,,0.30958334,0.0,0.0,0.0,0.0
11,7,3,0,,,,0.82378334,0.0,0.0,0.0,0.0
11,8,3,0,,,,0.47841668,0.0,0.0,0.0,0.0
11,9,3,0,,,,0.30868334,0.0,0.0,0.0,68.44
11,10,3,0,,,,0.57733333,0.0,0.0,0.0,289.2
11,11,3,0,,,,1.3929666,0.0,0.0,0.0,419.51
11,12,3,0,,,,0.5304667,0.0,0.0,0.0,562.04
11,13,3,0,,,,0.7984833,0.0,0.0,0.0,569.83
11,14,3,0,,,,0.82845,0.0,0.0,0.0,494.04
11,15,3,0,,,,0.60861665,0.0,0.0,0.0,305.49
11,16,3,0,,,,0.32125,0.0,0.0,0.0,117.75
11,17,3,0,,,,0.5140667,0.0,0.0,0.0,0.0
11,18,3,0,,,,1.6459,0.0,0.0,0.0,0.0
11,19,3,0,,,,3.6057,0.0,0.0,0.0,0.0
11,20,3,0,,,,1.0154333,0.0,0.0,0.0,0.0
11,21,3,0,,,,0.9695333,0.0,0.0,0.0,0.0
11,22,3,0,,,,1.0243833,0.0,0.0,0.0,0.0
11,23,3,0,,,,1.4531833,0.0,0.0,0.0,0.0
11,24,3,0,,,,1.602,0.0,0.0,0.0,0.0
11,1,4,0,,,,1.0393333,0.0,0.0,0.0,0.0
11,2,4,0,,,,0.34613332,0.0,0.0,0.0,0.0
11,3,4,0,,,,0.3407,0.0,0.0,0.0,0.0
11,4,4,0,,,,0.33153334,0.0,0.0,0.0,0.0
11,5,4,0,,,,0.31296667,0.0,0.0,0.0,0.0
11,6,4,0,,,,0.25903332,0.0,0.0,0.0,0.0
11,7,4,0,,,,0.30655,0.0,0.0,0.0,0.0
11,8,4,0,,,,0.30528334,0.0,0.0,0.0,0.0
11,9,4,0,,,,0.84375,0.0,0.0,0.0,27.98
11,10,4,0,,,,2.2225332,0.0,0.0,0.0,156.04
11,11,4,0,,,,2.02845,0.0,0.0,0.0,356.68
11,12,4,0,,,,1.0735333,0.0,0.0,0.0,481.8
11,13,4,0,,,,0.76451665,0.0,0.0,0.0,595.13
11,14,4,0,,,,0.62943333,0.0,0.0,0.0,502.39
11,15,4,0,,,,0.26616666,0.0,0.0,0.0,391.34
11,16,4,0,,,,0.29855,0.0,0.0,0.0,200.96
11,17,4,0,,,,0.44698334,0.0,0.0,0.0,0.0
11,18,4,0,,,,0.86185,0.0,0.0,0.0,0.0
11,19,4,0,,,,0.70636666,0.0,0.0,0.0,0.0
11,20,4,0,,,,0.80186665,0.0,0.0,0.0,0.0
11,21,4,0,,,,1.1303333,0.0,0.0,0.0,0.0
11,22,4,0,,,,1.0445833,0.0,0.0,0.0,0.0
11,23,4,0,,,,1.11285,0.0,0.0,0.0,0.0
11,24,4,0,,,,0.653,0.0,0.0,0.0,0.0
11,1,5,0,,,,0.32701668,0.0,0.0,0.0,0.0
11,2,5,0,,,,0.3056,0.0,0.0,0.0,0.0
11,3,5,0,,,,0.30651668,0.0,0.0,0.0,0.0
11,4,5,0,,,,0.30508333,0.0,0.0,0.0,0.0
11,5,5,0,,,,0.32708332,0.0,0.0,0.0,0.0
11,6,5,0,,,,0.26498333,0.0,0.0,0.0,0.0
11,7,5,0,,,,0.31611666,0.0,0.0,0.0,0.0
11,8,5,0,,,,0.33593333,0.0,0.0,0.0,0.0
11,9,5,0,,,,0.33471668,0.0,0.0,0.0,3.33
11,10,5,0,,,,0.35849166,0.0,0.0,0.0,42.83
11,11,5,0,,,,0.6974667,0.0,0.0,0.0,121.48
11,12,5,0,,,,1.65435,0.0,0.0,0.0,104.71
11,13,5,0,,,,1.0357667,0.0,0.0,0.0,205.9
11,14,5,0,,,,0.6217333,0.0,0.0,0.0,138.84
11,15,5,0,,,,0.32635,0.0,0.0,0.0,266.7
11,16,5,0,,,,0.18415,0.0,0.0,0.0,106.64
11,17,5,0,,,,0.2189,0.0,0.0,0.0,0.0
11,18,5,0,,,,0.47855,0.0,0.0,0.0,0.0
11,19,5,0,,,,0.7830167,0.0,0.0,0.0,0.0
11,20,5,0,,,,0.8817833,0.0,0.0,0.0,0.0
11,21,5,0,,,,0.9773667,0.0,0.0,0.0,0.0
11,22,5,0,,,,3.0469,0.0,0.0,0.0,0.0
11,23,5,0,,,,1.1947666,0.0,0.0,0.0,0.0
11,24,5,0,,,,0.9851417,0.0,0.0,0.0,0.0
11,1,6,0,,,,0.3345,0.0,0.0,0.0,0.0
11,2,6,0,,,,0.3129,0.0,0.0,0.0,0.0
11,3,6,0,,,,0.31033334,0.0,0.0,0.0,0.0
11,4,6,0,,,,0.30873334,0.0,0.0,0.0,0.0
11,5,6,0,,,,0.33468333,0.0,0.0,0.0,0.0
11,6,6,0,,,,0.3446,0.0,0.0,0.0,0.0
11,7,6,0,,,,0.32768333,0.0,0.0,0.0,0.0
11,8,6,0,,,,0.32073334,0.0,0.0,0.0,0.0
11,9,6,0,,,,0.3111,0.0,0.0,0.0,31.5
11,10,6,0,,,,2.9355834,0.0,0.0,0.0,191.92
11,11,6,0,,,,1.1271334,0.0,0.0,0.0,488.91
11,12,6,0,,,,1.3724166,0.0,0.0,0.0,577.96
11,13,6,0,,,,0.8566833,0.0,0.0,0.0,599.8
11,14,6,0,,,,0.32865,0.0,0.0,0.0,494.55
11,15,6,0,,,,0.31921667,0.0,0.0,0.0,364.3
11,16,6,0,,,,0.33121666,0.0,0.0,0.0,24.04
11,17,6,0,,,,0.32985,0.0,0.0,0.0,0.0
11,18,6,0,,,,0.33263335,0.0,0.0,0.0,0.0
11,19,6,0,,,,1.2302166,0.0,0.0,0.0,0.0
11,20,6,0,,,,0.90683335,0.0,0.0,0.0,0.0
11,21,6,0,,,,2.8396332,0.0,0.0,0.0,0.0
11,22,6,0,,,,2.3155,0.0,0.0,0.0,0.0
11,23,6,0,,,,0.99806666,0.0,0.0,0.0,0.0
11,24,6,0,,,,0.44885,0.0,0.0,0.0,0.0
11,1,7,0,,,,0.31078333,0.0,0.0,0.0,0.0
11,2,7,0,,,,0.30926666,0.0,0.0,0.0,0.0
11,3,7,0,,,,0.30896667,0.0,0.0,0.0,0.0
11,4,7,0,,,,0.30696666,0.0,0.0,0.0,0.0
11,5,7,0,,,,1.3633167,0.0,0.0,0.0,0.0
11,6,7,0,,,,2.7185833,0.0,0.0,0.0,0.0
11,7,7,0,,,,0.30175,0.0,0.0,0.0,0.0
11,8,7,0,,,,0.30703333,0.0,0.0,0.0,0.0
11,9,7,0,,,,0.39768332,0.0,0.0,0.0,55.47
11,10,7,0,,,,2.1471667,0.0,0.0,0.0,205.03
11,11,7,0,,,,1.4472,0.0,0.0,0.0,80.0
11,12,7,0,,,,1.22785,0.0,0.0,0.0,56.98
11,13,7,0,,,,1.5560167,0.0,0.0,0.0,42.33
11,14,7,0,,,,1.1461834,0.0,0.0,0.0,39.84
11,15,7,0,,,,0.6681333,0.0,0.0,0.0,26.76
11,16,7,0,,,,0.6594833,0.0,0.0,0.0,3.18
11,17,7,0,,,,2.2041333,0.0,0.0,0.0,0.0
11,18,7,0,,,,1.2713,0.0,0.0,0.0,0.0
11,19,7,0,,,,0.5198,0.0,0.0,0.0,0.0
11,20,7,0,,,,0.47171667,0.0,0.0,0.0,0.0
11,21,7,0,,,,1.66105,0.0,0.0,0.0,0.0
11,22,7,0,,,,1.9634666,0.0,0.0,0.0,0.0
11,23,7,0,,,,1.1622334,0.0,0.0,0.0,0.0
11,24,7,0,,,,0.53875,0.0,0.0,0.0,0.0
11,1,1,0,,,,0.72815,0.0,0.0,0.0,0.0
11,2,1,0,,,,3.3850167,0.0,0.0,0.0,0.0
11,3,1,0,,,,0.9964833,0.0,0.0,0.0,0.0
11,4,1,0,,,,0.30666667,0.0,0.0,0.0,0.0
11,5,1,0,,,,0.30356666,0.0,0.0,0.0,0.0
11,6,1,0,,,,0.2929,0.0,0.0,0.0,0.0
11,7,1,0,,,,0.304,0.0,0.0,0.0,0.0
11,8,1,0,,,,1.68275,0.0,0.0,0.0,0.0
11,9,1,0,,,,1.92785,0.0,0.0,0.0,1.24
11,10,1,0,,,,0.6336667,0.0,0.0,0.0,26.39
11,11,1,0,,,,2.7803667,0.0,0.0,0.0,43.51
11,12,1,0,,,,2.7518334,0.0,0.0,0.0,38.65
11,13,1,0,,,,1.1583667,0.0,0.0,0.0,28.48
11,14,1,0,,,,0.66938335,0.0,0.0,0.0,16.63
11,15,1,0,,,,0.58933336,0.0,0.0,0.0,34.54
11,16,1,0,,,,0.5855333,0.0,0.0,0.0,7.25
11,17,1,0,,,,1.7614167,0.0,0.0,0.0,0.0
11,18,1,0,,,,0.7862,0.0,0.0,0.0,0.0
11,19,1,0,,,,0.78795,0.0,0.0,0.0,0.0
11,20,1,0,,,,0.95606667,0.0,0.0,0.0,0.0
11,21,1,0,,,,1.2120334,0.0,0.0,0.0,0.0
11,22,1,0,,,,1.0858834,0.0,0.0,0.0,0.0
11,23,1,0,,,,0.96365,0.0,0.0,0.0,0.0
11,24,1,0,,,,0.6072417,0.0,0.0,0.0,0.0
11,1,2,0,,,,0.30506667,0.0,0.0,0.0,0.0
11,2,2,0,,,,0.30593333,0.0,0.0,0.0,0.0
11,3,2,0,,,,0.30473334,0.0,0.0,0.0,0.0
11,4,2,0,,,,0.30743334,0.0,0.0,0.0,0.0
11,5,2,0,,,,2.324275,0.0,0.0,0.0,0.0
11,6,2,0,,,,1.1705333,0.0,0.0,0.0,0.0
11,7,2,0,,,,0.40415,0.0,0.0,0.0,0.0
11,8,2,0,,,,1.2619667,0.0,0.0,0.0,0.0
11,9,2,0,,,,1.33215,0.0,0.0,0.0,0.0
11,10,2,0,,,,0.8134,0.0,0.0,0.0,6.53
11,11,2,0,,,,0.43136665,0.0,0.0,0.0,22.8
11,12,2,0,,,,0.2274,0.0,0.0,0.0,12.91
11,13,2,0,,,,0.9837667,0.0,0.0,0.0,36.34
11,14,2,0,,,,0.36358333,0.0,0.0,0.0,14.97
11,15,2,0,,,,0.90898335,0.0,0.0,0.0,25.76
11,16,2,0,,,,0.75773335,0.0,0.0,0.0,9.65
11,17,2,0,,,,0.48406667,0.0,0.0,0.0,0.0
11,18,2,0,,,,1.83825,0.0,0.0,0.0,0.0
11,19,2,0,,,,1.8116333,0.0,0.0,0.0,0.0
11,20,2,0,,,,0.50776666,0.0,0.0,0.0,0.0
11,21,2,0,,,,1.5443333,0.0,0.0,0.0,0.0
11,22,2,0,,,,1.0395167,0.0,0.0,0.0,0.0
11,23,2,0,,,,0.62866664,0.0,0.0,0.0,0.0
11,24,2,0,,,,0.7289917,0.0,0.0,0.0,0.0
11,1,3,0,,,,0.9844667,0.0,0.0,0.0,0.0
11,2,3,0,,,,0.6127667,0.0,0.0,0.0,0.0
11,3,3,0,,,,0.30838335,0.0,0.0,0.0,0.0
11,4,3,0,,,,1.4525833,0.0,0.0,0.0,0.0
11,5,3,0,,,,2.5178332,0.0,0.0,0.0,0.0
11,6,3,0,,,,0.25613335,0.0,0.0,0.0,0.0
11,7,3,0,,,,0.38115,0.0,0.0,0.0,0.0
11,8,3,0,,,,0.6498167,0.0,0.0,0.0,0.0
11,9,3,0,,,,1.99115,0.0,0.0,0.0,36.91
11,10,3,0,,,,0.9048,0.0,0.0,0.0,302.03
11,11,3,0,,,,0.87585,0.0,0.0,0.0,513.19
11,12,3,0,,,,1.5793,0.0,0.0,0.0,339.64
11,13,3,0,,,,0.67371666,0.0,0.0,0.0,132.6
11,14,3,0,,,,0.23933333,0.0,0.0,0.0,136.84
11,15,3,0,,,,0.23165,0.0,0.0,0.0,33.99
11,16,3,0,,,,0.22718333,0.0,0.0,0.0,4.77
11,17,3,0,,,,0.36481667,0.0,0.0,0.0,0.0
11,18,3,0,,,,0.81191665,0.0,0.0,0.0,0.0
11,19,3,0,,,,0.5471333,0.0,0.0,0.0,0.0
11,20,3,0,,,,0.30891666,0.0,0.0,0.0,0.0
11,21,3,0,,,,0.30951667,0.0,0.0,0.0,0.0
11,22,3,0,,,,0.30936667,0.0,0.0,0.0,0.0
11,23,3,0,,,,2.3676,0.0,0.0,0.0,0.0
11,24,3,0,,,,1.67785,0.0,0.0,0.0,0.0
12,1,4,0,,,,0.7241667,0.0,0.0,0.0,0.0
12,2,4,0,,,,0.79765,0.0,0.0,0.0,0.0
12,3,4,0,,,,0.70993334,0.0,0.0,0.0,0.0
12,4,4,0,,,,2.3527668,0.0,0.0,0.0,0.0
12,5,4,0,,,,0.30745,0.0,0.0,0.0,0.0
12,6,4,0,,,,0.30278334,0.0,0.0,0.0,0.0
12,7,4,0,,,,0.31058332,0.0,0.0,0.0,0.0
12,8,4,0,,,,0.7525667,0.0,0.0,0.0,0.0
12,9,4,0,,,,1.9229333,0.0,0.0,0.0,1.7
12,10,4,0,,,,2.6955667,0.0,0.0,0.0,71.08
12,11,4,0,,,,0.91985,0.0,0.0,0.0,532.17
12,12,4,0,,,,0.78735,0.0,0.0,0.0,656.48
12,13,4,0,,,,0.2817,0.0,0.0,0.0,636.67
12,14,4,0,,,,0.52105,0.0,0.0,0.0,582.72
12,15,4,0,,,,0.40723333,0.0,0.0,0.0,367.53
12,16,4,0,,,,0.42946666,0.0,0.0,0.0,2.16
12,17,4,0,,,,0.49553335,0.0,0.0,0.0,0.0
12,18,4,0,,,,0.5098,0.0,0.0,0.0,0.0
12,19,4,0,,,,0.5134,0.0,0.0,0.0,0.0
12,20,4,0,,,,0.53865,0.0,0.0,0.0,0.0
12,21,4,0,,,,0.7547,0.0,0.0,0.0,0.0
12,22,4,0,,,,1.2288,0.0,0.0,0.0,0.0
12,23,4,0,,,,2.65725,0.0,0.0,0.0,0.0
12,24,4,0,,,,1.7800167,0.0,0.0,0.0,0.0
12,1,5,0,,,,0.56158334,0.0,0.0,0.0,0.0
12,2,5,0,,,,0.47878334,0.0,0.0,0.0,0.0
12,3,5,0,,,,0.47641668,0.0,0.0,0.0,0.0
12,4,5,0,,,,0.47176668,0.0,0.0,0.0,0.0
12,5,5,0,,,,1.4415667,0.0,0.0,0.0,0.0
12,6,5,0,,,,2.58515,0.0,0.0,0.0,0.0
12,7,5,0,,,,0.4749,0.0,0.0,0.0,0.0
12,8,5,0,,,,0.66686666,0.0,0.0,0.0,0.0
12,9,5,0,,,,0.86146665,0.0,0.0,0.0,2.2
12,10,5,0,,,,1.00125,0.0,0.0,0.0,36.91
12,11,5,0,,,,1.3843167,0.0,0.0,0.0,111.48
12,12,5,0,,,,2.9867,0.0,0.0,0.0,90.37
12,13,5,0,,,,2.1466668,0.0,0.0,0.0,187.16
12,14,5,0,,,,0.73696667,0.0,0.0,0.0,75.9
12,15,5,0,,,,0.95985,0.0,0.0,0.0,31.47
12,16,5,0,,,,1.13705,0.0,0.0,0.0,8.93
12,17,5,0,,,,1.3032334,0.0,0.0,0.0,0.0
12,18,5,0,,,,0.77356666,0.0,0.0,0.0,0.0
12,19,5,0,,,,0.7038,0.0,0.0,0.0,0.0
12,20,5,0,,,,0.83033335,0.0,0.0,0.0,0.0
12,21,5,0,,,,0.83806664,0.0,0.0,0.0,0.0
12,22,5,0,,,,1.2600666,0.0,0.0,0.0,0.0
12,23,5,0,,,,2.34655,0.0,0.0,0.0,0.0
12,24,5,0,,,,0.32199165,0.0,0.0,0.0,0.0
12,1,6,0,,,,0.30876666,0.0,0.0,0.0,0.0
12,2,6,0,,,,0.30956668,0.0,0.0,0.0,0.0
12,3,6,0,,,,0.31136668,0.0,0.0,0.0,0.0
12,4,6,0,,,,1.6683333,0.0,0.0,0.0,0.0
12,5,6,0,,,,2.26395,0.0,0.0,0.0,0.0
12,6,6,0,,,,0.29858333,0.0,0.0,0.0,0.0
12,7,6,0,,,,0.31178334,0.0,0.0,0.0,0.0
12,8,6,0,,,,0.30953333,0.0,0.0,0.0,0.0
12,9,6,0,,,,0.31248334,0.0,0.0,0.0,0.8
12,10,6,0,,,,3.0661,0.0,0.0,0.0,10.53
12,11,6,0,,,,1.7893,0.0,0.0,0.0,38.68
12,12,6,0,,,,0.30905,0.0,0.0,0.0,35.46
12,13,6,0,,,,0.48183334,0.0,0.0,0.0,29.25
12,14,6,0,,,,0.76496667,0.0,0.0,0.0,17.37
12,15,6,0,,,,0.3106,0.0,0.0,0.0,27.75
12,16,6,0,,,,0.30925,0.0,0.0,0.0,13.38
12,17,6,0,,,,0.30511665,0.0,0.0,0.0,0.0
12,18,6,0,,,,0.3055,0.0,0.0,0.0,0.0
12,19,6,0,,,,0.42288333,0.0,0.0,0.0,0.0
12,20,6,0,,,,4.8762,0.0,0.0,0.0,0.0
12,21,6,0,,,,1.66245,0.0,0.0,0.0,0.0
12,22,6,0,,,,1.1840667,0.0,0.0,0.0,0.0
12,23,6,0,,,,0.86478335,0.0,0.0,0.0,0.0
12,24,6,0,,,,0.31801668,0.0,0.0,0.0,0.0
12,1,7,0,,,,0.3149,0.0,0.0,0.0,0.0
12,2,7,0,,,,0.31011668,0.0,0.0,0.0,0.0
12,3,7,0,,,,0.3067,0.0,0.0,0.0,0.0
12,4,7,0,,,,0.3055,0.0,0.0,0.0,0.0
12,5,7,0,,,,0.32868335,0.0,0.0,0.0,0.0
12,6,7,0,,,,0.31263334,0.0,0.0,0.0,0.0
12,7,7,0,,,,0.33168334,0.0,0.0,0.0,0.0
12,8,7,0,,,,0.31816667,0.0,0.0,0.0,0.0
12,9,7,0,,,,0.30921668,0.0,0.0,0.0,32.24
12,10,7,0,,,,2.2879167,0.0,0.0,0.0,189.37
12,11,7,0,,,,1.4563667,0.0,0.0,0.0,457.36
12,12,7,0,,,,0.62925,0.0,0.0,0.0,574.37
12,13,7,0,,,,0.18205,0.0,0.0,0.0,507.33
12,14,7,0,,,,0.18381667,0.0,0.0,0.0,540.24
12,15,7,0,,,,0.1851,0.0,0.0,0.0,173.46
12,16,7,0,,,,0.18875,0.0,0.0,0.0,10.77
12,17,7,0,,,,0.22798334,0.0,0.0,0.0,0.0
12,18,7,0,,,,0.22713333,0.0,0.0,0.0,0.0
12,19,7,0,,,,0.42996666,0.0,0.0,0.0,0.0
12,20,7,0,,,,2.2763333,0.0,0.0,0.0,0.0
12,21,7,0,,,,0.96705,0.0,0.0,0.0,0.0
12,22,7,0,,,,1.1798834,0.0,0.0,0.0,0.0
12,23,7,0,,,,1.0195,0.0,0.0,0.0,0.0
12,24,7,0,,,,0.30684167,0.0,0.0,0.0,0.0
12,1,1,0,,,,0.30765,0.0,0.0,0.0,0.0
12,2,1,0,,,,0.30998334,0.0,0.0,0.0,0.0
12,3,1,0,,,,0.30686668,0.0,0.0,0.0,0.0
12,4,1,0,,,,0.30621666,0.0,0.0,0.0,0.0
12,5,1,0,,,,0.49461666,0.0,0.0,0.0,0.0
12,6,1,0,,,,0.72926664,0.0,0.0,0.0,0.0
12,7,1,0,,,,0.4446,0.0,0.0,0.0,0.0
12,8,1,0,,,,0.30748335,0.0,0.0,0.0,0.0
12,9,1,0,,,,0.30743334,0.0,0.0,0.0,0.02
12,10,1,0,,,,1.4304,0.0,0.0,0.0,37.9
12,11,1,0,,,,1.4475334,0.0,0.0,0.0,100.67
12,12,1,0,,,,0.77453333,0.0,0.0,0.0,53.11
12,13,1,0,,,,0.78466666,0.0,0.0,0.0,77.51
12,14,1,0,,,,0.57891667,0.0,0.0,0.0,533.48
12,15,1,0,,,,0.31016666,0.0,0.0,0.0,391.25
12,16,1,0,,,,0.30551666,0.0,0.0,0.0,11.87
12,17,1,0,,,,0.41375,0.0,0.0,0.0,0.0
12,18,1,0,,,,0.6023667,0.0,0.0,0.0,0.0
12,19,1,0,,,,1.0811666,0.0,0.0,0.0,0.0
12,20,1,0,,,,1.0192667,0.0,0.0,0.0,0.0
12,21,1,0,,,,0.8382,0.0,0.0,0.0,0.0
12,22,1,0,,,,1.8147,0.0,0.0,0.0,0.0
12,23,1,0,,,,1.0919334,0.0,0.0,0.0,0.0
12,24,1,0,,,,0.8849667,0.0,0.0,0.0,0.0
12,1,2,0,,,,0.40188333,0.0,0.0,0.0,0.0
12,2,2,0,,,,0.24821667,0.0,0.0,0.0,0.0
12,3,2,0,,,,0.24735,0.0,0.0,0.0,0.0
12,4,2,0,,,,0.24861667,0.0,0.0,0.0,0.0
12,5,2,0,,,,1.0970666,0.0,0.0,0.0,0.0
12,6,2,0,,,,2.1781666,0.0,0.0,0.0,0.0
12,7,2,0,,,,0.24418333,0.0,0.0,0.0,0.0
12,8,2,0,,,,0.24963333,0.0,0.0,0.0,0.0
12,9,2,0,,,,1.0955833,0.0,0.0,0.0,41.53
12,10,2,0,,,,1.7879833,0.0,0.0,0.0,351.52
12,11,2,0,,,,0.5779333,0.0,0.0,0.0,531.12
12,12,2,0,,,,0.31556666,0.0,0.0,0.0,613.7
12,13,2,0,,,,0.70915,0.0,0.0,0.0,627.16
12,14,2,0,,,,0.74558336,0.0,0.0,0.0,571.46
12,15,2,0,,,,0.30446666,0.0,0.0,0.0,397.52
12,16,2,0,,,,0.31133333,0.0,0.0,0.0,11.9
12,17,2,0,,,,0.30665,0.0,0.0,0.0,0.0
12,18,2,0,,,,0.30413333,0.0,0.0,0.0,0.0
12,19,2,0,,,,3.1180334,0.0,0.0,0.0,0.0
12,20,2,0,,,,1.3384,0.0,0.0,0.0,0.0
12,21,2,0,,,,1.0991167,0.0,0.0,0.0,0.0
12,22,2,0,,,,1.09255,0.0,0.0,0.0,0.0
12,23,2,0,,,,0.6041833,0.0,0.0,0.0,0.0
12,24,2,0,,,,0.30969167,0.0,0.0,0.0,0.0
12,1,3,0,,,,0.30993333,0.0,0.0,0.0,0.0
12,2,3,0,,,,0.3115,0.0,0.0,0.0,0.0
12,3,3,0,,,,0.31126666,0.0,0.0,0.0,0.0
12,4,3,0,,,,0.3098,0.0,0.0,0.0,0.0
12,5,3,0,,,,0.73861665,0.0,0.0,0.0,0.0
12,6,3,0,,,,2.1402833,0.0,0.0,0.0,0.0
12,7,3,0,,,,0.5944167,0.0,0.0,0.0,0.0
12,8,3,0,,,,1.5653833,0.0,0.0,0.0,0.0
12,9,3,0,,,,0.95381665,0.0,0.0,0.0,2.22
12,10,3,0,,,,0.81581664,0.0,0.0,0.0,231.05
12,11,3,0,,,,0.6032,0.0,0.0,0.0,408.42
12,12,3,0,,,,0.32161668,0.0,0.0,0.0,480.08
12,13,3,0,,,,0.28005,0.0,0.0,0.0,585.65
12,14,3,0,,,,0.22645,0.0,0.0,0.0,598.62
12,15,3,0,,,,0.28595,0.0,0.0,0.0,459.59
12,16,3,0,,,,0.27845,0.0,0.0,0.0,11.97
12,17,3,0,,,,1.9277166,0.0,0.0,0.0,0.0
12,18,3,0,,,,0.5091,0.0,0.0,0.0,0.0
12,19,3,0,,,,2.5691333,0.0,0.0,0.0,0.0
12,20,3,0,,,,0.91508335,0.0,0.0,0.0,0.0
12,21,3,0,,,,0.94603336,0.0,0.0,0.0,0.0
12,22,3,0,,,,1.1811167,0.0,0.0,0.0,0.0
12,23,3,0,,,,0.89555,0.0,0.0,0.0,0.0
12,24,3,0,,,,0.42035,0.0,0.0,0.0,0.0
12,1,4,0,,,,0.34561667,0.0,0.0,0.0,0.0
12,2,4,0,,,,0.33711666,0.0,0.0,0.0,0.0
12,3,4,0,,,,0.33778334,0.0,0.0,0.0,0.0
12,4,4,0,,,,3.0992668,0.0,0.0,0.0,0.0
12,5,4,0,,,,0.41601667,0.0,0.0,0.0,0.0
12,6,4,0,,,,0.30898333,0.0,0.0,0.0,0.0
12,7,4,0,,,,0.30971667,0.0,0.0,0.0,0.0
12,8,4,0,,,,0.41886666,0.0,0.0,0.0,0.0
12,9,4,0,,,,3.5792334,0.0,0.0,0.0,24.96
12,10,4,0,,,,0.8890167,0.0,0.0,0.0,217.95
12,11,4,0,,,,0.85545,0.0,0.0,0.0,163.5
12,12,4,0,,,,0.5122333,0.0,0.0,0.0,155.5
12,13,4,0,,,,0.31628335,0.0,0.0,0.0,73.94
12,14,4,0,,,,0.3114,0.0,0.0,0.0,496.38
12,15,4,0,,,,0.31196666,0.0,0.0,0.0,151.35
12,16,4,0,,,,0.31283334,0.0,0.0,0.0,10.56
12,17,4,0,,,,0.30308333,0.0,0.0,0.0,0.0
12,18,4,0,,,,0.48796666,0.0,0.0,0.0,0.0
12,19,4,0,,,,0.86803335,0.0,0.0,0.0,0.0
12,20,4,0,,,,2.80955,0.0,0.0,0.0,0.0
12,21,4,0,,,,0.6705667,0.0,0.0,0.0,0.0
12,22,4,0,,,,1.35825,0.0,0.0,0.0,0.0
12,23,4,0,,,,0.9874167,0.0,0.0,0.0,0.0
12,24,4,0,,,,1.2764167,0.0,0.0,0.0,0.0
12,1,5,0,,,,0.86868334,0.0,0.0,0.0,0.0
12,2,5,0,,,,0.53463334,0.0,0.0,0.0,0.0
12,3,5,0,,,,0.31538334,0.0,0.0,0.0,0.0
12,4,5,0,,,,0.31358334,0.0,0.0,0.0,0.0
12,5,5,0,,,,0.8287,0.0,0.0,0.0,0.0
12,6,5,0,,,,0.95276666,0.0,0.0,0.0,0.0
12,7,5,0,,,,1.3572333,0.0,0.0,0.0,0.0
12,8,5,0,,,,2.0471334,0.0,0.0,0.0,0.0
12,9,5,0,,,,0.49883333,0.0,0.0,0.0,0.0
12,10,5,0,,,,0.23265,0.0,0.0,0.0,93.55
12,11,5,0,,,,0.6200167,0.0,0.0,0.0,435.37
12,12,5,0,,,,0.9055,0.0,0.0,0.0,257.47
12,13,5,0,,,,0.87915,0.0,0.0,0.0,637.97
12,14,5,0,,,,1.57435,0.0,0.0,0.0,481.42
12,15,5,0,,,,2.2646,0.0,0.0,0.0,388.75
12,16,5,0,,,,0.82191664,0.0,0.0,0.0,10.57
12,17,5,0,,,,0.62985,0.0,0.0,0.0,0.0
12,18,5,0,,,,0.30866668,0.0,0.0,0.0,0.0
12,19,5,0,,,,0.3063,0.0,0.0,0.0,0.0
12,20,5,0,,,,0.30641666,0.0,0.0,0.0,0.0
12,21,5,0,,,,0.39433333,0.0,0.0,0.0,0.0
12,22,5,0,,,,0.37523332,0.0,0.0,0.0,0.0
12,23,5,0,,,,1.2261333,0.0,0.0,0.0,0.0
12,24,5,0,,,,0.32026666,0.0,0.0,0.0,0.0
12,1,6,0,,,,0.31638333,0.0,0.0,0.0,0.0
12,2,6,0,,,,0.51956666,0.0,0.0,0.0,0.0
12,3,6,0,,,,0.5564,0.0,0.0,0.0,0.0
12,4,6,0,,,,0.83283335,0.0,0.0,0.0,0.0
12,5,6,0,,,,0.73041666,0.0,0.0,0.0,0.0
12,6,6,0,,,,1.7086333,0.0,0.0,0.0,0.0
12,7,6,0,,,,1.29045,0.0,0.0,0.0,0.0
12,8,6,0,,,,0.9129,0.0,0.0,0.0,0.0
12,9,6,0,,,,2.9015667,0.0,0.0,0.0,0.0
12,10,6,0,,,,1.1604834,0.0,0.0,0.0,15.99
12,11,6,0,,,,0.8227,0.0,0.0,0.0,43.04
12,12,6,0,,,,0.5679,0.0,0.0,0.0,40.41
12,13,6,0,,,,0.30806667,0.0,0.0,0.0,26.5
12,14,6,0,,,,0.31131667,0.0,0.0,0.0,28.71
12,15,6,0,,,,0.31085,0.0,0.0,0.0,8.35
12,16,6,0,,,,0.30745,0.0,0.0,0.0,5.33
12,17,6,0,,,,0.30341667,0.0,0.0,0.0,0.0
12,18,6,0,,,,0.30381668,0.0,0.0,0.0,0.0
12,19,6,0,,,,0.30405,0.0,0.0,0.0,0.0
12,20,6,0,,,,1.4373833,0.0,0.0,0.0,0.0
12,21,6,0,,,,0.6394,0.0,0.0,0.0,0.0
12,22,6,0,,,,1.1060667,0.0,0.0,0.0,0.0
12,23,6,0,,,,1.19895,0.0,0.0,0.0,0.0
12,24,6,0,,,,0.77335835,0.0,0.0,0.0,0.0
12,1,7,0,,,,0.69481665,0.0,0.0,0.0,0.0
12,2,7,0,,,,0.6967667,0.0,0.0,0.0,0.0
12,3,7,0,,,,0.38785,0.0,0.0,0.0,0.0
12,4,7,0,,,,0.37725,0.0,0.0,0.0,0.0
12,5,7,0,,,,0.37501666,0.0,0.0,0.0,0.0
12,6,7,0,,,,0.37895,0.0,0.0,0.0,0.0
12,7,7,0,,,,0.36923334,0.0,0.0,0.0,0.0
12,8,7,0,,,,0.36776668,0.0,0.0,0.0,0.0
12,9,7,0,,,,0.37618333,0.0,0.0,0.0,0.0
12,10,7,0,,,,0.38815,0.0,0.0,0.0,36.89
12,11,7,0,,,,1.1152,0.0,0.0,0.0,68.85
12,12,7,0,,,,3.0494,0.0,0.0,0.0,89.77
12,13,7,0,,,,2.5204167,0.0,0.0,0.0,164.65
12,14,7,0,,,,1.2876834,0.0,0.0,0.0,170.97
12,15,7,0,,,,0.6814,0.0,0.0,0.0,107.58
12,16,7,0,,,,0.28551668,0.0,0.0,0.0,6.5
12,17,7,0,,,,0.28436667,0.0,0.0,0.0,0.0
12,18,7,0,,,,0.43398333,0.0,0.0,0.0,0.0
12,19,7,0,,,,0.54321665,0.0,0.0,0.0,0.0
12,20,7,0,,,,0.5759,0.0,0.0,0.0,0.0
12,21,7,0,,,,0.6877,0.0,0.0,0.0,0.0
12,22,7,0,,,,1.1698,0.0,0.0,0.0,0.0
12,23,7,0,,,,0.4997,0.0,0.0,0.0,0.0
12,24,7,0,,,,0.30816665,0.0,0.0,0.0,0.0
12,1,1,0,,,,0.30945,0.0,0.0,0.0,0.0
12,2,1,0,,,,0.30811667,0.0,0.0,0.0,0.0
12,3,1,0,,,,0.30851668,0.0,0.0,0.0,0.0
12,4,1,0,,,,0.30641666,0.0,0.0,0.0,0.0
12,5,1,0,,,,0.48385,0.0,0.0,0.0,0.0
12,6,1,0,,,,2.5316167,0.0,0.0,0.0,0.0
12,7,1,0,,,,0.56545,0.0,0.0,0.0,0.0
12,8,1,0,,,,0.77318335,0.0,0.0,0.0,0.0
12,9,1,0,,,,0.7359833,0.0,0.0,0.0,0.0
12,10,1,0,,,,0.3181,0.0,0.0,0.0,22.24
12,11,1,0,,,,0.3145,0.0,0.0,0.0,51.59
12,12,1,0,,,,0.3131,0.0,0.0,0.0,45.93
12,13,1,0,,,,0.31336668,0.0,0.0,0.0,30.34
12,14,1,0,,,,0.31315,0.0,0.0,0.0,52.84
12,15,1,0,,,,0.30558333,0.0,0.0,0.0,10.3
12,16,1,0,,,,0.30176666,0.0,0.0,0.0,0.22
12,17,1,0,,,,0.30353335,0.0,0.0,0.0,0.0
12,18,1,0,,,,0.39295,0.0,0.0,0.0,0.0
12,19,1,0,,,,0.53445,0.0,0.0,0.0,0.0
12,20,1,0,,,,2.1426334,0.0,0.0,0.0,0.0
12,21,1,0,,,,2.7260666,0.0,0.0,0.0,0.0
12,22,1,0,,,,1.1544833,0.0,0.0,0.0,0.0
12,23,1,0,,,,0.60295,0.0,0.0,0.0,0.0
12,24,1,0,,,,0.33889166,0.0,0.0,0.0,0.0
12,1,2,0,,,,0.33941665,0.0,0.0,0.0,0.0
12,2,2,0,,,,0.3387,0.0,0.0,0.0,0.0
12,3,2,0,,,,0.33855,0.0,0.0,0.0,0.0
12,4,2,0,,,,0.33721668,0.0,0.0,0.0,0.0
12,5,2,0,,,,0.42435,0.0,0.0,0.0,0.0
12,6,2,0,,,,3.6801167,0.0,0.0,0.0,0.0
12,7,2,0,,,,1.0943167,0.0,0.0,0.0,0.0
12,8,2,0,,,,0.49433333,0.0,0.0,0.0,0.0
12,9,2,0,,,,0.30846667,0.0,0.0,0.0,0.0
12,10,2,0,,,,0.31466666,0.0,0.0,0.0,11.14
12,11,2,0,,,,0.31195,0.0,0.0,0.0,28.49
12,12,2,0,,,,0.31125,0.0,0.0,0.0,18.81
12,13,2,0,,,,0.31083333,0.0,0.0,0.0,20.98
12,14,2,0,,,,0.31098333,0.0,0.0,0.0,25.41
12,15,2,0,,,,0.31363332,0.0,0.0,0.0,4.29
12,16,2,0,,,,0.31018335,0.0,0.0,0.0,0.0
12,17,2,0,,,,0.3539,0.0,0.0,0.0,0.0
12,18,2,0,,,,0.51928335,0.0,0.0,0.0,0.0
12,19,2,0,,,,0.52075,0.0,0.0,0.0,0.0
12,20,2,0,,,,0.88306665,0.0,0.0,0.0,0.0
12,21,2,0,,,,0.8833,0.0,0.0,0.0,0.0
12,22,2,0,,,,0.75645,0.0,0.0,0.0,0.0
12,23,2,0,,,,0.7963667,0.0,0.0,0.0,0.0
12,24,2,0,,,,0.83665836,0.0,0.0,0.0,0.0
12,1,3,0,,,,0.33292776,0.0,0.0,0.0,0.0
12,2,3,0,,,,0.3082,0.0,0.0,0.0,0.0
12,3,3,0,,,,0.30815,0.0,0.0,0.0,0.0
12,4,3,0,,,,0.3069,0.0,0.0,0.0,0.0
12,5,3,0,,,,0.41118333,0.0,0.0,0.0,0.0
12,6,3,0,,,,3.74435,0.0,0.0,0.0,0.0
12,7,3,0,,,,0.6931,0.0,0.0,0.0,0.0
12,8,3,0,,,,0.30888334,0.0,0.0,0.0,0.0
12,9,3,0,,,,0.30933332,0.0,0.0,0.0,0.0
12,10,3,0,,,,0.36286667,0.0,0.0,0.0,35.12
12,11,3,0,,,,0.8125333,0.0,0.0,0.0,37.73
12,12,3,0,,,,0.55981666,0.0,0.0,0.0,54.4
12,13,3,0,,,,0.31125,0.0,0.0,0.0,23.83
12,14,3,0,,,,0.31005,0.0,0.0,0.0,19.41
12,15,3,0,,,,0.3097,0.0,0.0,0.0,21.57
12,16,3,0,,,,0.31028333,0.0,0.0,0.0,0.98
12,17,3,0,,,,0.30505,0.0,0.0,0.0,0.0
12,18,3,0,,,,0.30476665,0.0,0.0,0.0,0.0
12,19,3,0,,,,0.5051,0.0,0.0,0.0,0.0
12,20,3,0,,,,0.63098335,0.0,0.0,0.0,0.0
12,21,3,0,,,,0.9196333,0.0,0.0,0.0,0.0
12,22,3,0,,,,1.0767,0.0,0.0,0.0,0.0
12,23,3,0,,,,0.47175,0.0,0.0,0.0,0.0
12,24,3,0,,,,0.33610833,0.0,0.0,0.0,0.0
12,1,4,0,,,,0.31886667,0.0,0.0,0.0,0.0
12,2,4,0,,,,0.31221667,0.0,0.0,0.0,0.0
12,3,4,0,,,,0.31235,0.0,0.0,0.0,0.0
12,4,4,0,,,,0.31093332,0.0,0.0,0.0,0.0
12,5,4,0,,,,1.5892,0.0,0.0,0.0,0.0
12,6,4,0,,,,5.3967166,0.0,0.0,0.0,0.0
12,7,4,0,,,,1.0823166,0.0,0.0,0.0,0.0
12,8,4,0,,,,0.39348334,0.0,0.0,0.0,0.0
12,9,4,0,,,,0.30746666,0.0,0.0,0.0,0.0
12,10,4,0,,,,0.3152,0.0,0.0,0.0,146.87
12,11,4,0,,,,0.31141666,0.0,0.0,0.0,487.41
12,12,4,0,,,,0.31086665,0.0,0.0,0.0,590.6
12,13,4,0,,,,0.31358334,0.0,0.0,0.0,597.53
12,14,4,0,,,,0.31486666,0.0,0.0,0.0,554.18
12,15,4,0,,,,0.30798334,0.0,0.0,0.0,253.26
12,16,4,0,,,,0.3086,0.0,0.0,0.0,8.69
12,17,4,0,,,,0.338,0.0,0.0,0.0,0.0
12,18,4,0,,,,0.5717,0.0,0.0,0.0,0.0
12,19,4,0,,,,0.85905,0.0,0.0,0.0,0.0
12,20,4,0,,,,1.2717,0.0,0.0,0.0,0.0
12,21,4,0,,,,1.2808334,0.0,0.0,0.0,0.0
12,22,4,0,,,,1.1485167,0.0,0.0,0.0,0.0
12,23,4,0,,,,0.87191665,0.0,0.0,0.0,0.0
12,24,4,0,,,,0.5025333,0.0,0.0,0.0,0.0
12,1,5,0,,,,0.30821666,0.0,0.0,0.0,0.0
12,2,5,0,,,,0.30851668,0.0,0.0,0.0,0.0
12,3,5,0,,,,0.5462,0.0,0.0,0.0,0.0
12,4,5,0,,,,3.3016167,0.0,0.0,0.0,0.0
12,5,5,0,,,,0.30678332,0.0,0.0,0.0,0.0
12,6,5,0,,,,0.6951333,0.0,0.0,0.0,0.0
12,7,5,0,,,,0.60756665,0.0,0.0,0.0,0.0
12,8,5,0,,,,0.35658333,0.0,0.0,0.0,0.0
12,9,5,0,,,,0.49998334,0.0,0.0,0.0,0.0
12,10,5,0,,,,0.7327667,0.0,0.0,0.0,5.85
12,11,5,0,,,,0.71351665,0.0,0.0,0.0,348.83
12,12,5,0,,,,0.70923334,0.0,0.0,0.0,515.66
12,13,5,0,,,,1.1148666,0.0,0.0,0.0,576.92
12,14,5,0,,,,1.2019666,0.0,0.0,0.0,545.45
12,15,5,0,,,,0.67826664,0.0,0.0,0.0,377.29
12,16,5,0,,,,0.6738333,0.0,0.0,0.0,7.41
12,17,5,0,,,,2.2589667,0.0,0.0,0.0,0.0
12,18,5,0,,,,0.9955,0.0,0.0,0.0,0.0
12,19,5,0,,,,0.42836666,0.0,0.0,0.0,0.0
12,20,5,0,,,,0.42913333,0.0,0.0,0.0,0.0
12,21,5,0,,,,1.9952,0.0,0.0,0.0,0.0
12,22,5,0,,,,3.8259332,0.0,0.0,0.0,0.0
12,23,5,0,,,,0.76933336,0.0,0.0,0.0,0.0
12,24,5,0,,,,0.62476665,0.0,0.0,0.0,0.0
12,1,6,0,,,,0.42815,0.0,0.0,0.0,0.0
12,2,6,0,,,,0.32226667,0.0,0.0,0.0,0.0
12,3,6,0,,,,1.5436667,0.0,0.0,0.0,0.0
12,4,6,0,,,,3.4790168,0.0,0.0,0.0,0.0
12,5,6,0,,,,0.80665,0.0,0.0,0.0,0.0
12,6,6,0,,,,0.31501666,0.0,0.0,0.0,0.0
12,7,6,0,,,,0.31943333,0.0,0.0,0.0,0.0
12,8,6,0,,,,2.9855,0.0,0.0,0.0,0.0
12,9,6,0,,,,0.68395,0.0,0.0,0.0,0.0
12,10,6,0,,,,2.3455667,0.0,0.0,0.0,289.83
12,11,6,0,,,,1.5600333,0.0,0.0,0.0,473.75
12,12,6,0,,,,1.6276333,0.0,0.0,0.0,550.88
12,13,6,0,,,,0.82885,0.0,0.0,0.0,484.41
12,14,6,0,,,,0.92505,0.0,0.0,0.0,481.74
12,15,6,0,,,,0.57196665,0.0,0.0,0.0,274.68
12,16,6,0,,,,0.46086666,0.0,0.0,0.0,6.84
12,17,6,0,,,,0.68598336,0.0,0.0,0.0,0.0
12,18,6,0,,,,0.40488333,0.0,0.0,0.0,0.0
12,19,6,0,,,,0.3097,0.0,0.0,0.0,0.0
12,20,6,0,,,,0.3095,0.0,0.0,0.0,0.0
12,21,6,0,,,,0.3898,0.0,0.0,0.0,0.0
12,22,6,0,,,,0.77538335,0.0,0.0,0.0,0.0
12,23,6,0,,,,1.8013834,0.0,0.0,0.0,0.0
12,24,6,0,,,,3.0240417,0.0,0.0,0.0,0.0
12,1,7,0,,,,0.46563333,0.0,0.0,0.0,0.0
12,2,7,0,,,,0.31343332,0.0,0.0,0.0,0.0
12,3,7,0,,,,0.30805,0.0,0.0,0.0,0.0
12,4,7,0,,,,2.1932333,0.0,0.0,0.0,0.0
12,5,7,0,,,,1.9908834,0.0,0.0,0.0,0.0
12,6,7,0,,,,0.31403333,0.0,0.0,0.0,0.0
12,7,7,0,,,,0.50133336,0.0,0.0,0.0,0.0
12,8,7,0,,,,4.3120165,0.0,0.0,0.0,0.0
12,9,7,0,,,,1.4372333,0.0,0.0,0.0,0.0
12,10,7,0,,,,0.6904167,0.0,0.0,0.0,210.17
12,11,7,0,,,,0.73985,0.0,0.0,0.0,462.44
12,12,7,0,,,,0.55911666,0.0,0.0,0.0,356.03
12,13,7,0,,,,0.25565,0.0,0.0,0.0,442.92
12,14,7,0,,,,0.5927167,0.0,0.0,0.0,516.67
12,15,7,0,,,,0.36778334,0.0,0.0,0.0,298.96
12,16,7,0,,,,0.2285,0.0,0.0,0.0,9.62
12,17,7,0,,,,1.5175333,0.0,0.0,0.0,0.0
12,18,7,0,,,,0.62348336,0.0,0.0,0.0,0.0
12,19,7,0,,,,0.6310667,0.0,0.0,0.0,0.0
12,20,7,0,,,,1.9494333,0.0,0.0,0.0,0.0
12,21,7,0,,,,3.0560167,0.0,0.0,0.0,0.0
12,22,7,0,,,,0.6436667,0.0,0.0,0.0,0.0
12,23,7,0,,,,0.45323333,0.0,0.0,0.0,0.0
12,24,7,0,,,,0.319975,0.0,0.0,0.0,0.0
12,1,1,0,,,,0.36268333,0.0,0.0,0.0,0.0
12,2,1,0,,,,2.53625,0.0,0.0,0.0,0.0
12,3,1,0,,,,3.0623167,0.0,0.0,0.0,0.0
12,4,1,0,,,,0.31181666,0.0,0.0,0.0,0.0
12,5,1,0,,,,0.47706667,0.0,0.0,0.0,0.0
12,6,1,0,,,,5.6536164,0.0,0.0,0.0,0.0
12,7,1,0,,,,2.77535,0.0,0.0,0.0,0.0
12,8,1,0,,,,0.98296666,0.0,0.0,0.0,0.0
12,9,1,0,,,,1.13885,0.0,0.0,0.0,0.0
12,10,1,0,,,,1.0883167,0.0,0.0,0.0,148.53
12,11,1,0,,,,0.8193667,0.0,0.0,0.0,521.39
12,12,1,0,,,,0.5923833,0.0,0.0,0.0,587.01
12,13,1,0,,,,0.59258336,0.0,0.0,0.0,579.65
12,14,1,0,,,,0.59456664,0.0,0.0,0.0,532.63
12,15,1,0,,,,0.59506667,0.0,0.0,0.0,380.77
12,16,1,0,,,,0.2971,0.0,0.0,0.0,8.07
12,17,1,0,,,,0.46458334,0.0,0.0,0.0,0.0
12,18,1,0,,,,3.5702667,0.0,0.0,0.0,0.0
12,19,1,0,,,,1.8377604,0.0,0.0,0.0,0.0
12,20,1,0,,,,4.1071415,0.0,0.0,0.0,0.0
12,21,1,0,,,,1.2972167,0.0,0.0,0.0,0.0
12,22,1,0,,,,1.1105167,0.0,0.0,0.0,0.0
12,23,1,0,,,,0.64503336,0.0,0.0,0.0,0.0
12,24,1,0,,,,0.31189167,0.0,0.0,0.0,0.0
12,1,2,0,,,,0.3074,0.0,0.0,0.0,0.0
12,2,2,0,,,,0.30648333,0.0,0.0,0.0,0.0
12,3,2,0,,,,0.30496666,0.0,0.0,0.0,0.0
12,4,2,0,,,,0.30456668,0.0,0.0,0.0,0.0
12,5,2,0,,,,0.7119667,0.0,0.0,0.0,0.0
12,6,2,0,,,,4.001167,0.0,0.0,0.0,0.0
12,7,2,0,,,,1.6855167,0.0,0.0,0.0,0.0
12,8,2,0,,,,0.8684833,0.0,0.0,0.0,0.0
12,9,2,0,,,,0.6666333,0.0,0.0,0.0,0.0
12,10,2,0,,,,1.0928167,0.0,0.0,0.0,155.12
12,11,2,0,,,,0.8609167,0.0,0.0,0.0,396.59
12,12,2,0,,,,0.59258336,0.0,0.0,0.0,526.48
12,13,2,0,,,,0.5904833,0.0,0.0,0.0,435.46
12,14,2,0,,,,0.5948167,0.0,0.0,0.0,512.66
12,15,2,0,,,,0.6014,0.0,0.0,0.0,342.57
12,16,2,0,,,,0.7660083,0.0,0.0,0.0,6.49
12,17,2,0,,,,1.3839333,0.0,0.0,0.0,0.0
12,18,2,0,,,,0.92006665,0.0,0.0,0.0,0.0
12,19,2,0,,,,0.8233333,0.0,0.0,0.0,0.0
12,20,2,0,,,,0.5075833,0.0,0.0,0.0,0.0
12,21,2,0,,,,0.3917,0.0,0.0,0.0,0.0
12,22,2,0,,,,0.57675,0.0,0.0,0.0,0.0
12,23,2,0,,,,0.32416666,0.0,0.0,0.0,0.0
12,24,2,0,,,,0.3139,0.0,0.0,0.0,0.0
12,1,3,0,,,,0.31356665,0.0,0.0,0.0,0.0
12,2,3,0,,,,0.312,0.0,0.0,0.0,0.0
12,3,3,0,,,,0.31265,0.0,0.0,0.0,0.0
12,4,3,0,,,,0.31223333,0.0,0.0,0.0,0.0
12,5,3,0,,,,0.30805,0.0,0.0,0.0,0.0
12,6,3,0,,,,3.11465,0.0,0.0,0.0,0.0
12,7,3,0,,,,1.4453666,0.0,0.0,0.0,0.0
12,8,3,0,,,,0.7872667,0.0,0.0,0.0,0.0
12,9,3,0,,,,0.7917167,0.0,0.0,0.0,0.0
12,10,3,0,,,,0.4433,0.0,0.0,0.0,22.04
12,11,3,0,,,,0.28458333,0.0,0.0,0.0,36.54
12,12,3,0,,,,0.3551,0.0,0.0,0.0,51.92
12,13,3,0,,,,1.9553666,0.0,0.0,0.0,48.72
12,14,3,0,,,,1.0353167,0.0,0.0,0.0,20.18
12,15,3,0,,,,0.30721667,0.0,0.0,0.0,99.91
12,16,3,0,,,,0.8173,0.0,0.0,0.0,9.76
12,17,3,0,,,,0.76565,0.0,0.0,0.0,0.0
12,18,3,0,,,,0.40456668,0.0,0.0,0.0,0.0
12,19,3,0,,,,0.34315,0.0,0.0,0.0,0.0
12,20,3,0,,,,0.69855,0.0,0.0,0.0,0.0
12,21,3,0,,,,1.7324166,0.0,0.0,0.0,0.0
12,22,3,0,,,,0.6525,0.0,0.0,0.0,0.0
12,23,3,0,,,,0.90641665,0.0,0.0,0.0,0.0
12,24,3,0,,,,1.1498166,0.0,0.0,0.0,0.0
12,1,4,0,,,,0.6331667,0.0,0.0,0.0,0.0
12,2,4,0,,,,0.7363667,0.0,0.0,0.0,0.0
12,3,4,0,,,,2.8769166,0.0,0.0,0.0,0.0
12,4,4,0,,,,0.31108335,0.0,0.0,0.0,0.0
12,5,4,0,,,,0.31443334,0.0,0.0,0.0,0.0
12,6,4,0,,,,2.6118834,0.0,0.0,0.0,0.0
12,7,4,0,,,,0.73141664,0.0,0.0,0.0,0.0
12,8,4,0,,,,0.3376,0.0,0.0,0.0,0.0
12,9,4,0,,,,0.69083333,0.0,0.0,0.0,0.0
12,10,4,0,,,,1.0618167,0.0,0.0,0.0,7.6
12,11,4,0,,,,3.43415,0.0,0.0,0.0,99.98
12,12,4,0,,,,0.67331666,0.0,0.0,0.0,57.01
12,13,4,0,,,,0.82801664,0.0,0.0,0.0,25.09
12,14,4,0,,,,0.80155,0.0,0.0,0.0,15.22
12,15,4,0,,,,0.7294833,0.0,0.0,0.0,3.0
12,16,4,0,,,,0.3459,0.0,0.0,0.0,5.67
12,17,4,0,,,,1.1605333,0.0,0.0,0.0,0.0
12,18,4,0,,,,2.7465832,0.0,0.0,0.0,0.0
12,19,4,0,,,,2.50675,0.0,0.0,0.0,0.0
12,20,4,0,,,,0.6677,0.0,0.0,0.0,0.0
12,21,4,0,,,,0.6867833,0.0,0.0,0.0,0.0
12,22,4,0,,,,1.0542834,0.0,0.0,0.0,0.0
12,23,4,0,,,,1.7957833,0.0,0.0,0.0,0.0
12,24,4,0,,,,0.8261667,0.0,0.0,0.0,0.0
12,1,5,0,,,,0.44195,0.0,0.0,0.0,0.0
12,2,5,0,,,,0.31446666,0.0,0.0,0.0,0.0
12,3,5,0,,,,0.31445,0.0,0.0,0.0,0.0
12,4,5,0,,,,0.31383333,0.0,0.0,0.0,0.0
12,5,5,0,,,,0.33913332,0.0,0.0,0.0,0.0
12,6,5,0,,,,0.31045,0.0,0.0,0.0,0.0
12,7,5,0,,,,0.8703833,0.0,0.0,0.0,0.0
12,8,5,0,,,,2.4024334,0.0,0.0,0.0,0.0
12,9,5,0,,,,0.7998667,0.0,0.0,0.0,0.0
12,10,5,0,,,,2.5740833,0.0,0.0,0.0,5.79
12,11,5,0,,,,0.30556667,0.0,0.0,0.0,20.09
12,12,5,0,,,,0.30881667,0.0,0.0,0.0,12.5
12,13,5,0,,,,0.31050834,0.0,0.0,0.0,12.45
12,14,5,0,,,,0.31335,0.0,0.0,0.0,7.41
12,15,5,0,,,,0.30783334,0.0,0.0,0.0,176.25
12,16,5,0,,,,0.30358332,0.0,0.0,0.0,11.36
12,17,5,0,,,,0.49071667,0.0,0.0,0.0,0.0
12,18,5,0,,,,0.61576664,0.0,0.0,0.0,0.0
12,19,5,0,,,,0.97613335,0.0,0.0,0.0,0.0
12,20,5,0,,,,1.24615,0.0,0.0,0.0,0.0
12,21,5,0,,,,1.17235,0.0,0.0,0.0,0.0
12,22,5,0,,,,1.0926167,0.0,0.0,0.0,0.0
12,23,5,0,,,,3.4759333,0.0,0.0,0.0,0.0
12,24,5,0,,,,1.0541834,0.0,0.0,0.0,0.0
12,1,6,0,,,,0.71778333,0.0,0.0,0.0,0.0
12,2,6,0,,,,0.30808333,0.0,0.0,0.0,0.0
12,3,6,0,,,,0.30925,0.0,0.0,0.0,0.0
12,4,6,0,,,,2.4308667,0.0,0.0,0.0,0.0
12,5,6,0,,,,0.49151668,0.0,0.0,0.0,0.0
12,6,6,0,,,,0.31173334,0.0,0.0,0.0,0.0
12,7,6,0,,,,0.46553335,0.0,0.0,0.0,0.0
12,8,6,0,,,,1.9108167,0.0,0.0,0.0,0.0
12,9,6,0,,,,1.5224833,0.0,0.0,0.0,0.0
12,10,6,0,,,,0.39308333,0.0,0.0,0.0,73.79
12,11,6,0,,,,0.7215833,0.0,0.0,0.0,53.49
12,12,6,0,,,,0.89883333,0.0,0.0,0.0,27.62
12,13,6,0,,,,0.37735,0.0,0.0,0.0,38.84
12,14,6,0,,,,0.3069,0.0,0.0,0.0,16.07
12,15,6,0,,,,0.47628334,0.0,0.0,0.0,34.59
12,16,6,0,,,,3.0818,0.0,0.0,0.0,11.61
12,17,6,0,,,,0.30406666,0.0,0.0,0.0,0.0
12,18,6,0,,,,0.30656666,0.0,0.0,0.0,0.0
12,19,6,0,,,,2.1305666,0.0,0.0,0.0,0.0
12,20,6,0,,,,4.494933,0.0,0.0,0.0,0.0
12,21,6,0,,,,0.9086667,0.0,0.0,0.0,0.0
12,22,6,0,,,,1.0876666,0.0,0.0,0.0,0.0
12,23,6,0,,,,2.13985,0.0,0.0,0.0,0.0
12,24,6,0,,,,0.61543334,0.0,0.0,0.0,0.0
12,1,7,0,,,,1.4557333,0.0,0.0,0.0,0.0
12,2,7,0,,,,3.2032166,0.0,0.0,0.0,0.0
12,3,7,0,,,,0.8563,0.0,0.0,0.0,0.0
12,4,7,0,,,,0.31665,0.0,0.0,0.0,0.0
12,5,7,0,,,,2.9189,0.0,0.0,0.0,0.0
12,6,7,0,,,,2.4750166,0.0,0.0,0.0,0.0
12,7,7,0,,,,0.048033405,0.0,0.0,0.0,0.0
12,8,7,0,,,,0.7305167,0.0,0.0,0.0,0.0
12,9,7,0,,,,1.105,0.0,0.0,0.0,0.0
12,10,7,0,,,,1.6297166,0.0,0.0,0.0,6.49
12,11,7,0,,,,0.25288334,0.0,0.0,0.0,14.9
12,12,7,0,,,,0.25185,0.0,0.0,0.0,32.33
12,13,7,0,,,,0.2513,0.0,0.0,0.0,16.94
12,14,7,0,,,,0.25381666,0.0,0.0,0.0,7.06
12,15,7,0,,,,0.25346667,0.0,0.0,0.0,5.87
12,16,7,0,,,,0.24966666,0.0,0.0,0.0,0.0
12,17,7,0,,,,0.25711668,0.0,0.0,0.0,0.0
12,18,7,0,,,,1.9332666,0.0,0.0,0.0,0.0
12,19,7,0,,,,1.0815667,0.0,0.0,0.0,0.0
12,20,7,0,,,,2.2957,0.0,0.0,0.0,0.0
12,21,7,0,,,,2.04645,0.0,0.0,0.0,0.0
12,22,7,0,,,,1.5230833,0.0,0.0,0.0,0.0
12,23,7,0,,,,1.7582667,0.0,0.0,0.0,0.0
12,24,7,0,,,,1.7862667,0.0,0.0,0.0,0.0
12,1,1,0,,,,1.565,0.0,0.0,0.0,0.0
12,2,1,0,,,,1.1389667,0.0,0.0,0.0,0.0
12,3,1,0,,,,1.0577834,0.0,0.0,0.0,0.0
12,4,1,0,,,,1.1813333,0.0,0.0,0.0,0.0
12,5,1,0,,,,1.3868333,0.0,0.0,0.0,0.0
12,6,1,0,,,,0.58075,0.0,0.0,0.0,0.0
12,7,1,0,,,,0.08316672,0.0,0.0,0.0,0.0
12,8,1,0,,,,3.2875667,0.0,0.0,0.0,0.0
12,9,1,0,,,,1.2463,0.0,0.0,0.0,0.0
12,10,1,0,,,,0.5645667,0.0,0.0,0.0,4.74
12,11,1,0,,,,0.76166666,0.0,0.0,0.0,10.87
12,12,1,0,,,,1.05045,0.0,0.0,0.0,16.26
12,13,1,0,,,,1.09145,0.0,0.0,0.0,12.17
12,14,1,0,,,,0.80155,0.0,0.0,0.0,14.18
12,15,1,0,,,,0.7967333,0.0,0.0,0.0,6.47
12,16,1,0,,,,1.32085,0.0,0.0,0.0,0.0
12,17,1,0,,,,1.5457833,0.0,0.0,0.0,0.0
12,18,1,0,,,,3.3630917,0.0,0.0,0.0,0.0
12,19,1,0,,,,0.6641667,0.0,0.0,0.0,0.0
12,20,1,0,,,,2.3196,0.0,0.0,0.0,0.0
12,21,1,0,,,,1.5902166,0.0,0.0,0.0,0.0
12,22,1,0,,,,0.87298334,0.0,0.0,0.0,0.0
12,23,1,0,,,,0.4552,0.0,0.0,0.0,0.0
12,24,1,0,,,,0.31744167,0.0,0.0,0.0,0.0
12,1,2,0,,,,0.31743333,0.0,0.0,0.0,0.0
12,2,2,0,,,,0.31623334,0.0,0.0,0.0,0.0
12,3,2,0,,,,3.27015,0.0,0.0,0.0,0.0
12,4,2,0,,,,1.1984167,0.0,0.0,0.0,0.0
12,5,2,0,,,,0.9018667,0.0,0.0,0.0,0.0
12,6,2,0,,,,2.9866834,0.0,0.0,0.0,0.0
12,7,2,0,,,,1.8943,0.0,0.0,0.0,0.0
12,8,2,0,,,,0.82601666,0.0,0.0,0.0,0.0
12,9,2,0,,,,0.9993,0.0,0.0,0.0,0.0
12,10,2,0,,,,1.0295666,0.0,0.0,0.0,26.52
12,11,2,0,,,,0.82185,0.0,0.0,0.0,29.85
12,12,2,0,,,,0.42561665,0.0,0.0,0.0,48.64
12,13,2,0,,,,0.26786667,0.0,0.0,0.0,31.36
12,14,2,0,,,,0.5595,0.0,0.0,0.0,38.36
12,15,2,0,,,,0.2298,0.0,0.0,0.0,134.36
12,16,2,0,,,,0.22658333,0.0,0.0,0.0,12.62
12,17,2,0,,,,0.39486668,0.0,0.0,0.0,0.0
12,18,2,0,,,,0.89316666,0.0,0.0,0.0,0.0
12,19,2,0,,,,3.7388666,0.0,0.0,0.0,0.0
12,20,2,0,,,,2.6819668,0.0,0.0,0.0,0.0
12,21,2,0,,,,6.2875,0.0,0.0,0.0,0.0
12,22,2,0,,,,1.0979667,0.0,0.0,0.0,0.0
12,23,2,0,,,,1.1032,0.0,0.0,0.0,0.0
12,24,2,0,,,,1.113025,0.0,0.0,0.0,0.0
12,1,3,0,,,,0.88515,0.0,0.0,0.0,0.0
12,2,3,0,,,,0.90533334,0.0,0.0,0.0,0.0
12,3,3,0,,,,1.1583,0.0,0.0,0.0,0.0
12,4,3,0,,,,1.0696833,0.0,0.0,0.0,0.0
12,5,3,0,,,,1.3377334,0.0,0.0,0.0,0.0
12,6,3,0,,,,3.3412666,0.0,0.0,0.0,0.0
12,7,3,0,,,,1.2611834,0.0,0.0,0.0,0.0
12,8,3,0,,,,0.9644333,0.0,0.0,0.0,0.0
12,9,3,0,,,,0.93023336,0.0,0.0,0.0,0.0
12,10,3,0,,,,1.1700833,0.0,0.0,0.0,15.22
12,11,3,0,,,,0.4627,0.0,0.0,0.0,29.13
12,12,3,0,,,,0.65688336,0.0,0.0,0.0,23.79
12,13,3,0,,,,0.9191,0.0,0.0,0.0,19.36
12,14,3,0,,,,0.8246167,0.0,0.0,0.0,24.45
12,15,3,0,,,,0.24941666,0.0,0.0,0.0,20.06
12,16,3,0,,,,0.5125167,0.0,0.0,0.0,6.58
12,17,3,0,,,,0.42776668,0.0,0.0,0.0,0.0
12,18,3,0,,,,0.67838335,0.0,0.0,0.0,0.0
12,19,3,0,,,,0.51336664,0.0,0.0,0.0,0.0
12,20,3,0,,,,0.49143332,0.0,0.0,0.0,0.0
12,21,3,0,,,,0.61808336,0.0,0.0,0.0,0.0
12,22,3,0,,,,0.6207833,0.0,0.0,0.0,0.0
12,23,3,0,,,,0.42398334,0.0,0.0,0.0,0.0
12,24,3,0,,,,0.32144168,0.0,0.0,0.0,0.0
12,1,4,0,,,,0.70865,0.0,0.0,0.0,0.0
12,2,4,0,,,,0.76755,0.0,0.0,0.0,0.0
12,3,4,0,,,,0.3128,0.0,0.0,0.0,0.0
12,4,4,0,,,,0.31228334,0.0,0.0,0.0,0.0
12,5,4,0,,,,0.30775,0.0,0.0,0.0,0.0
12,6,4,0,,,,2.79295,0.0,0.0,0.0,0.0
12,7,4,0,,,,1.2042834,0.0,0.0,0.0,0.0
12,8,4,0,,,,0.80286664,0.0,0.0,0.0,0.0
12,9,4,0,,,,0.8408333,0.0,0.0,0.0,0.0
12,10,4,0,,,,1.2728667,0.0,0.0,0.0,87.02
12,11,4,0,,,,1.0358167,0.0,0.0,0.0,91.35
12,12,4,0,,,,0.59428334,0.0,0.0,0.0,51.64
12,13,4,0,,,,0.2255,0.0,0.0,0.0,30.91
12,14,4,0,,,,0.22658333,0.0,0.0,0.0,27.03
12,15,4,0,,,,0.22828333,0.0,0.0,0.0,13.88
12,16,4,0,,,,0.5042833,0.0,0.0,0.0,4.3
12,17,4,0,,,,0.84101665,0.0,0.0,0.0,0.0
12,18,4,0,,,,0.94371665,0.0,0.0,0.0,0.0
12,19,4,0,,,,1.2724333,0.0,0.0,0.0,0.0
12,20,4,0,,,,1.25785,0.0,0.0,0.0,0.0
12,21,4,0,,,,0.67941666,0.0,0.0,0.0,0.0
12,22,4,0,,,,0.6458333,0.0,0.0,0.0,0.0
12,23,4,0,,,,0.319,0.0,0.0,0.0,0.0
12,24,4,0,,,,0.310375,0.0,0.0,0.0,0.0
12,1,5,0,,,,0.30866668,0.0,0.0,0.0,0.0
12,2,5,0,,,,0.30941668,0.0,0.0,0.0,0.0
12,3,5,0,,,,0.31055,0.0,0.0,0.0,0.0
12,4,5,0,,,,0.31166667,0.0,0.0,0.0,0.0
12,5,5,0,,,,0.33593333,0.0,0.0,0.0,0.0
12,6,5,0,,,,2.4598167,0.0,0.0,0.0,0.0
12,7,5,0,,,,1.7044,0.0,0.0,0.0,0.0
12,8,5,0,,,,1.1356333,0.0,0.0,0.0,0.0
12,9,5,0,,,,0.8222333,0.0,0.0,0.0,0.0
12,10,5,0,,,,0.95645,0.0,0.0,0.0,17.66
12,11,5,0,,,,1.0864667,0.0,0.0,0.0,30.43
12,12,5,0,,,,0.59305,0.0,0.0,0.0,131.62
12,13,5,0,,,,0.23016667,0.0,0.0,0.0,20.44
12,14,5,0,,,,0.2279,0.0,0.0,0.0,9.89
12,15,5,0,,,,0.3927,0.0,0.0,0.0,4.33
12,16,5,0,,,,0.54153335,0.0,0.0,0.0,0.03
12,17,5,0,,,,0.6784,0.0,0.0,0.0,0.0
12,18,5,0,,,,0.33731666,0.0,0.0,0.0,0.0
12,19,5,0,,,,0.30771667,0.0,0.0,0.0,0.0
12,20,5,0,,,,0.30963334,0.0,0.0,0.0,0.0
12,21,5,0,,,,0.5893667,0.0,0.0,0.0,0.0
12,22,5,0,,,,2.31795,0.0,0.0,0.0,0.0
12,23,5,0,,,,0.31055,0.0,0.0,0.0,0.0
12,24,5,0,,,,0.84506667,0.0,0.0,0.0,0.0
12,1,6,0,,,,0.87209165,0.0,0.0,0.0,0.0
12,2,6,0,,,,0.31511667,0.0,0.0,0.0,0.0
12,3,6,0,,,,0.31128332,0.0,0.0,0.0,0.0
12,4,6,0,,,,3.0164666,0.0,0.0,0.0,0.0
12,5,6,0,,,,0.65675,0.0,0.0,0.0,0.0
12,6,6,0,,,,0.31173334,0.0,0.0,0.0,0.0
12,7,6,0,,,,1.0221666,0.0,0.0,0.0,0.0
12,8,6,0,,,,2.4423168,0.0,0.0,0.0,0.0
12,9,6,0,,,,1.2100166,0.0,0.0,0.0,0.0
12,10,6,0,,,,0.76206666,0.0,0.0,0.0,318.81
12,11,6,0,,,,0.80755,0.0,0.0,0.0,440.61
12,12,6,0,,,,2.0255,0.0,0.0,0.0,547.75
12,13,6,0,,,,1.3337333,0.0,0.0,0.0,30.19
12,14,6,0,,,,0.8211333,0.0,0.0,0.0,24.95
12,15,6,0,,,,0.4419,0.0,0.0,0.0,25.72
12,16,6,0,,,,0.30691665,0.0,0.0,0.0,8.37
12,17,6,0,,,,0.30618334,0.0,0.0,0.0,0.0
12,18,6,0,,,,2.7787,0.0,0.0,0.0,0.0
12,19,6,0,,,,3.6310334,0.0,0.0,0.0,0.0
12,20,6,0,,,,1.1278,0.0,0.0,0.0,0.0
12,21,6,0,,,,1.4219,0.0,0.0,0.0,0.0
12,22,6,0,,,,1.0704334,0.0,0.0,0.0,0.0
12,23,6,0,,,,0.33581668,0.0,0.0,0.0,0.0
12,24,6,0,,,,0.30641666,0.0,0.0,0.0,0.0
1,1,7,0,,,,2.2462833,0.0,0.0,0.0,0.0
1,2,7,0,,,,1.6184167,0.0,0.0,0.0,0.0
1,3,7,0,,,,0.48388332,0.0,0.0,0.0,0.0
1,4,7,0,,,,0.48681667,0.0,0.0,0.0,0.0
1,5,7,0,,,,1.8263167,0.0,0.0,0.0,0.0
1,6,7,0,,,,0.32723334,0.0,0.0,0.0,0.0
1,7,7,0,,,,0.18648335,0.0,0.0,0.0,0.0
1,8,7,0,,,,0.31265,0.0,0.0,0.0,0.0
1,9,7,0,,,,1.5196333,0.0,0.0,0.0,0.0
1,10,7,0,,,,3.1269166,0.0,0.0,0.0,1.25
1,11,7,0,,,,1.26835,0.0,0.0,0.0,33.36
1,12,7,0,,,,1.30965,0.0,0.0,0.0,43.51
1,13,7,0,,,,1.71035,0.0,0.0,0.0,9.84
1,14,7,0,,,,0.99831665,0.0,0.0,0.0,117.26
1,15,7,0,,,,0.8587,0.0,0.0,0.0,21.69
1,16,7,0,,,,1.66615,0.0,0.0,0.0,0.78
1,17,7,0,,,,0.7278,0.0,0.0,0.0,0.0
1,18,7,0,,,,0.69175,0.0,0.0,0.0,0.0
1,19,7,0,,,,1.0961334,0.0,0.0,0.0,0.0
1,20,7,0,,,,1.3775667,0.0,0.0,0.0,0.0
1,21,7,0,,,,0.9105333,0.0,0.0,0.0,0.0
1,22,7,0,,,,4.1904335,0.0,0.0,0.0,0.0
1,23,7,0,,,,2.5428,0.0,0.0,0.0,0.0
1,24,7,0,,,,0.939825,0.0,0.0,0.0,0.0
1,1,1,0,,,,0.8253,0.0,0.0,0.0,0.0
1,2,1,0,,,,1.0900333,0.0,0.0,0.0,0.0
1,3,1,0,,,,2.5080833,0.0,0.0,0.0,0.0
1,4,1,0,,,,0.30568334,0.0,0.0,0.0,0.0
1,5,1,0,,,,0.34343332,0.0,0.0,0.0,0.0
1,6,1,0,,,,0.33153334,0.0,0.0,0.0,0.0
1,7,1,0,,,,3.00755,0.0,0.0,0.0,0.0
1,8,1,0,,,,0.46693334,0.0,0.0,0.0,0.0
1,9,1,0,,,,2.5417333,0.0,0.0,0.0,0.0
1,10,1,0,,,,1.2291167,0.0,0.0,0.0,309.29
1,11,1,0,,,,0.9849833,0.0,0.0,0.0,279.12
1,12,1,0,,,,0.46673334,0.0,0.0,0.0,72.17
1,13,1,0,,,,0.24906667,0.0,0.0,0.0,28.42
1,14,1,0,,,,1.03495,0.0,0.0,0.0,42.39
1,15,1,0,,,,1.88865,0.0,0.0,0.0,56.22
1,16,1,0,,,,0.24496667,0.0,0.0,0.0,0.02
1,17,1,0,,,,0.24505,0.0,0.0,0.0,0.0
1,18,1,0,,,,0.6146333,0.0,0.0,0.0,0.0
1,19,1,0,,,,0.9231333,0.0,0.0,0.0,0.0
1,20,1,0,,,,1.8918667,0.0,0.0,0.0,0.0
1,21,1,0,,,,0.8351833,0.0,0.0,0.0,0.0
1,22,1,0,,,,1.0967667,0.0,0.0,0.0,0.0
1,23,1,0,,,,2.0675833,0.0,0.0,0.0,0.0
1,24,1,0,,,,3.23745,0.0,0.0,0.0,0.0
1,1,2,0,,,,0.82281667,0.0,0.0,0.0,0.0
1,2,2,0,,,,0.40156665,0.0,0.0,0.0,0.0
1,3,2,0,,,,0.30443335,0.0,0.0,0.0,0.0
1,4,2,0,,,,2.5287333,0.0,0.0,0.0,0.0
1,5,2,0,,,,1.9600834,0.0,0.0,0.0,0.0
1,6,2,0,,,,2.65245,0.0,0.0,0.0,0.0
1,7,2,0,,,,1.5569834,0.0,0.0,0.0,0.0
1,8,2,0,,,,0.47086668,0.0,0.0,0.0,0.0
1,9,2,0,,,,0.31036666,0.0,0.0,0.0,0.0
1,10,2,0,,,,1.0738667,0.0,0.0,0.0,112.76
1,11,2,0,,,,0.3115,0.0,0.0,0.0,127.45
1,12,2,0,,,,1.0960333,0.0,0.0,0.0,210.95
1,13,2,0,,,,0.30873334,0.0,0.0,0.0,461.88
1,14,2,0,,,,1.1209834,0.0,0.0,0.0,74.03
1,15,2,0,,,,0.3039,0.0,0.0,0.0,12.54
1,16,2,0,,,,0.3004,0.0,0.0,0.0,5.49
1,17,2,0,,,,1.1212667,0.0,0.0,0.0,0.0
1,18,2,0,,,,0.76063335,0.0,0.0,0.0,0.0
1,19,2,0,,,,0.936,0.0,0.0,0.0,0.0
1,20,2,0,,,,1.0367833,0.0,0.0,0.0,0.0
1,21,2,0,,,,1.9927666,0.0,0.0,0.0,0.0
1,22,2,0,,,,1.5297834,0.0,0.0,0.0,0.0
1,23,2,0,,,,1.72105,0.0,0.0,0.0,0.0
1,24,2,0,,,,0.7168667,0.0,0.0,0.0,0.0
1,1,3,0,,,,0.34938332,0.0,0.0,0.0,0.0
1,2,3,0,,,,3.3507166,0.0,0.0,0.0,0.0
1,3,3,0,,,,0.8548333,0.0,0.0,0.0,0.0
1,4,3,0,,,,0.30726665,0.0,0.0,0.0,0.0
1,5,3,0,,,,1.0109333,0.0,0.0,0.0,0.0
1,6,3,0,,,,3.5826,0.0,0.0,0.0,0.0
1,7,3,0,,,,0.43395004,0.0,0.0,0.0,0.0
1,8,3,0,,,,0.30458334,0.0,0.0,0.0,0.0
1,9,3,0,,,,0.30545,0.0,0.0,0.0,0.0
1,10,3,0,,,,0.30511665,0.0,0.0,0.0,27.01
1,11,3,0,,,,0.5955167,0.0,0.0,0.0,59.67
1,12,3,0,,,,0.8224667,0.0,0.0,0.0,136.8
1,13,3,0,,,,0.37503332,0.0,0.0,0.0,200.33
1,14,3,0,,,,0.30908334,0.0,0.0,0.0,41.28
1,15,3,0,,,,0.62025,0.0,0.0,0.0,15.38
1,16,3,0,,,,1.8306834,0.0,0.0,0.0,7.98
1,17,3,0,,,,0.35231668,0.0,0.0,0.0,0.0
1,18,3,0,,,,2.5381167,0.0,0.0,0.0,0.0
1,19,3,0,,,,1.3683833,0.0,0.0,0.0,0.0
1,20,3,0,,,,0.57245,0.0,0.0,0.0,0.0
1,21,3,0,,,,0.5696333,0.0,0.0,0.0,0.0
1,22,3,0,,,,0.7075833,0.0,0.0,0.0,0.0
1,23,3,0,,,,0.6757,0.0,0.0,0.0,0.0
1,24,3,0,,,,1.21895,0.0,0.0,0.0,0.0
1,1,4,0,,,,0.7335333,0.0,0.0,0.0,0.0
1,2,4,0,,,,0.77896667,0.0,0.0,0.0,0.0
1,3,4,0,,,,1.553775,0.0,0.0,0.0,0.0
1,4,4,0,,,,1.05635,0.0,0.0,0.0,0.0
1,5,4,0,,,,0.85553336,0.0,0.0,0.0,0.0
1,6,4,0,,,,1.9564333,0.0,0.0,0.0,0.0
1,7,4,0,,,,1.2541333,0.0,0.0,0.0,0.0
1,8,4,0,,,,1.1426667,0.0,0.0,0.0,0.0
1,9,4,0,,,,0.52458334,0.0,0.0,0.0,0.0
1,10,4,0,,,,0.69196665,0.0,0.0,0.0,20.09
1,11,4,0,,,,0.9344,0.0,0.0,0.0,345.86
1,12,4,0,,,,0.30738333,0.0,0.0,0.0,43.52
1,13,4,0,,,,1.4986833,0.0,0.0,0.0,309.9
1,14,4,0,,,,0.8638333,0.0,0.0,0.0,129.79
1,15,4,0,,,,0.8042167,0.0,0.0,0.0,248.36
1,16,4,0,,,,0.80328333,0.0,0.0,0.0,238.71
1,17,4,0,,,,0.92768335,0.0,0.0,0.0,0.0
1,18,4,0,,,,2.3061,0.0,0.0,0.0,0.0
1,19,4,0,,,,0.29676667,0.0,0.0,0.0,0.0
1,20,4,0,,,,0.44831666,0.0,0.0,0.0,0.0
1,21,4,0,,,,0.6789333,0.0,0.0,0.0,0.0
1,22,4,0,,,,0.6632,0.0,0.0,0.0,0.0
1,23,4,0,,,,0.6784833,0.0,0.0,0.0,0.0
1,24,4,0,,,,0.55376667,0.0,0.0,0.0,0.0
1,1,5,0,,,,0.80841666,0.0,0.0,0.0,0.0
1,2,5,0,,,,3.0318666,0.0,0.0,0.0,0.0
1,3,5,0,,,,0.8117333,0.0,0.0,0.0,0.0
1,4,5,0,,,,0.43716666,0.0,0.0,0.0,0.0
1,5,5,0,,,,0.30058333,0.0,0.0,0.0,0.0
1,6,5,0,,,,0.56436664,0.0,0.0,0.0,0.0
1,7,5,0,,,,2.4227,0.0,0.0,0.0,0.0
1,8,5,0,,,,0.86435,0.0,0.0,0.0,0.0
1,9,5,0,,,,0.30491668,0.0,0.0,0.0,0.0
1,10,5,0,,,,0.30465,0.0,0.0,0.0,83.72
1,11,5,0,,,,0.64345,0.0,0.0,0.0,174.0
1,12,5,0,,,,0.5355333,0.0,0.0,0.0,181.71
1,13,5,0,,,,0.3163,0.0,0.0,0.0,688.14
1,14,5,0,,,,0.34988335,0.0,0.0,0.0,147.72
1,15,5,0,,,,0.9627,0.0,0.0,0.0,319.34
1,16,5,0,,,,0.91835,0.0,0.0,0.0,264.94
1,17,5,0,,,,1.6754,0.0,0.0,0.0,0.0
1,18,5,0,,,,3.1834,0.0,0.0,0.0,0.0
1,19,5,0,,,,1.2493833,0.0,0.0,0.0,0.0
1,20,5,0,,,,0.32585,0.0,0.0,0.0,0.0
1,21,5,0,,,,1.62255,0.0,0.0,0.0,0.0
1,22,5,0,,,,4.551417,0.0,0.0,0.0,0.0
1,23,5,0,,,,1.1783333,0.0,0.0,0.0,0.0
1,24,5,0,,,,1.9913666,0.0,0.0,0.0,0.0
1,1,6,0,,,,3.2957833,0.0,0.0,0.0,0.0
1,2,6,0,,,,0.31098333,0.0,0.0,0.0,0.0
1,3,6,0,,,,0.31053334,0.0,0.0,0.0,0.0
1,4,6,0,,,,0.30796668,0.0,0.0,0.0,0.0
1,5,6,0,,,,0.30805,0.0,0.0,0.0,0.0
1,6,6,0,,,,0.30751666,0.0,0.0,0.0,0.0
1,7,6,0,,,,0.2829,0.0,0.0,0.0,0.0
1,8,6,0,,,,1.9851667,0.0,0.0,0.0,0.0
1,9,6,0,,,,1.4852,0.0,0.0,0.0,0.0
1,10,6,0,,,,1.3355833,0.0,0.0,0.0,85.68
1,11,6,0,,,,1.6064833,0.0,0.0,0.0,121.14
1,12,6,0,,,,2.3745666,0.0,0.0,0.0,219.59
1,13,6,0,,,,1.3402,0.0,0.0,0.0,328.31
1,14,6,0,,,,0.8887333,0.0,0.0,0.0,239.53
1,15,6,0,,,,0.91068333,0.0,0.0,0.0,61.09
1,16,6,0,,,,0.8771667,0.0,0.0,0.0,19.38
1,17,6,0,,,,1.09905,0.0,0.0,0.0,0.0
1,18,6,0,,,,4.4410167,0.0,0.0,0.0,0.0
1,19,6,0,,,,0.7662,0.0,0.0,0.0,0.0
1,20,6,0,,,,0.8045,0.0,0.0,0.0,0.0
1,21,6,0,,,,0.46201667,0.0,0.0,0.0,0.0
1,22,6,0,,,,0.30338332,0.0,0.0,0.0,0.0
1,23,6,0,,,,0.64055,0.0,0.0,0.0,0.0
1,24,6,0,,,,0.6746,0.0,0.0,0.0,0.0
1,1,7,0,,,,0.31175,0.0,0.0,0.0,0.0
1,2,7,0,,,,0.3054,0.0,0.0,0.0,0.0
1,3,7,0,,,,0.304,0.0,0.0,0.0,0.0
1,4,7,0,,,,0.30386665,0.0,0.0,0.0,0.0
1,5,7,0,,,,0.30046666,0.0,0.0,0.0,0.0
1,6,7,0,,,,0.30088332,0.0,0.0,0.0,0.0
1,7,7,0,,,,1.6461167,0.0,0.0,0.0,0.0
1,8,7,0,,,,1.153,0.0,0.0,0.0,0.0
1,9,7,0,,,,0.8624333,0.0,0.0,0.0,0.0
1,10,7,0,,,,1.1491333,0.0,0.0,0.0,305.87
1,11,7,0,,,,0.92333335,0.0,0.0,0.0,299.96
1,12,7,0,,,,0.69098336,0.0,0.0,0.0,325.18
1,13,7,0,,,,0.6619833,0.0,0.0,0.0,250.55
1,14,7,0,,,,0.77638334,0.0,0.0,0.0,302.2
1,15,7,0,,,,0.78741664,0.0,0.0,0.0,106.87
1,16,7,0,,,,0.87175,0.0,0.0,0.0,21.0
1,17,7,0,,,,0.86221665,0.0,0.0,0.0,0.0
1,18,7,0,,,,1.0336833,0.0,0.0,0.0,0.0
1,19,7,0,,,,0.41773334,0.0,0.0,0.0,0.0
1,20,7,0,,,,0.47293332,0.0,0.0,0.0,0.0
1,21,7,0,,,,0.67938334,0.0,0.0,0.0,0.0
1,22,7,0,,,,0.6540833,0.0,0.0,0.0,0.0
1,23,7,0,,,,2.2536333,0.0,0.0,0.0,0.0
1,24,7,0,,,,0.30754167,0.0,0.0,0.0,0.0
1,1,1,0,,,,0.30705,0.0,0.0,0.0,0.0
1,2,1,0,,,,0.30778334,0.0,0.0,0.0,0.0
1,3,1,0,,,,0.3104,0.0,0.0,0.0,0.0
1,4,1,0,,,,0.31003332,0.0,0.0,0.0,0.0
1,5,1,0,,,,0.48521668,0.0,0.0,0.0,0.0
1,6,1,0,,,,1.9116334,0.0,0.0,0.0,0.0
1,7,1,0,,,,1.0171,0.0,0.0,0.0,0.0
1,8,1,0,,,,0.81955,0.0,0.0,0.0,0.0
1,9,1,0,,,,0.31955,0.0,0.0,0.0,0.0
1,10,1,0,,,,3.1152167,0.0,0.0,0.0,252.85
1,11,1,0,,,,0.2955,0.0,0.0,0.0,407.5
1,12,1,0,,,,0.29813334,0.0,0.0,0.0,345.71
1,13,1,0,,,,0.29155,0.0,0.0,0.0,706.11
1,14,1,0,,,,0.28835,0.0,0.0,0.0,609.0
1,15,1,0,,,,0.2932,0.0,0.0,0.0,469.02
1,16,1,0,,,,2.5401165,0.0,0.0,0.0,324.67
1,17,1,0,,,,0.30621666,0.0,0.0,0.0,0.0
1,18,1,0,,,,0.29421666,0.0,0.0,0.0,0.0
1,19,1,0,,,,0.5121833,0.0,0.0,0.0,0.0
1,20,1,0,,,,0.93401664,0.0,0.0,0.0,0.0
1,21,1,0,,,,0.8472833,0.0,0.0,0.0,0.0
1,22,1,0,,,,1.0157833,0.0,0.0,0.0,0.0
1,23,1,0,,,,0.8437667,0.0,0.0,0.0,0.0
1,24,1,0,,,,3.45315,0.0,0.0,0.0,0.0
1,1,2,0,,,,1.1067,0.0,0.0,0.0,0.0
1,2,2,0,,,,0.3031,0.0,0.0,0.0,0.0
1,3,2,0,,,,0.29836667,0.0,0.0,0.0,0.0
1,4,2,0,,,,0.29963332,0.0,0.0,0.0,0.0
1,5,2,0,,,,1.07765,0.0,0.0,0.0,0.0
1,6,2,0,,,,3.0122333,0.0,0.0,0.0,0.0
1,7,2,0,,,,0.54716665,0.0,0.0,0.0,0.0
1,8,2,0,,,,0.29805833,0.0,0.0,0.0,0.0
1,9,2,0,,,,0.29626667,0.0,0.0,0.0,0.0
1,10,2,0,,,,0.2985,0.0,0.0,0.0,74.77
1,11,2,0,,,,0.453,0.0,0.0,0.0,130.22
1,12,2,0,,,,2.6236167,0.0,0.0,0.0,303.2
1,13,2,0,,,,0.60803336,0.0,0.0,0.0,635.29
1,14,2,0,,,,0.80291665,0.0,0.0,0.0,159.55
1,15,2,0,,,,0.33801666,0.0,0.0,0.0,312.79
1,16,2,0,,,,2.4167,0.0,0.0,0.0,164.11
1,17,2,0,,,,0.6483333,0.0,0.0,0.0,0.0
1,18,2,0,,,,0.2968,0.0,0.0,0.0,0.0
1,19,2,0,,,,0.53026664,0.0,0.0,0.0,0.0
1,20,2,0,,,,0.75668335,0.0,0.0,0.0,0.0
1,21,2,0,,,,3.9564,0.0,0.0,0.0,0.0
1,22,2,0,,,,2.1105666,0.0,0.0,0.0,0.0
1,23,2,0,,,,0.8074333,0.0,0.0,0.0,0.0
1,24,2,0,,,,0.6368167,0.0,0.0,0.0,0.0
1,1,3,0,,,,2.2662666,0.0,0.0,0.0,0.0
1,2,3,0,,,,1.1725667,0.0,0.0,0.0,0.0
1,3,3,0,,,,0.30631667,0.0,0.0,0.0,0.0
1,4,3,0,,,,0.30311668,0.0,0.0,0.0,0.0
1,5,3,0,,,,0.45306668,0.0,0.0,0.0,0.0
1,6,3,0,,,,5.716067,0.0,0.0,0.0,0.0
1,7,3,0,,,,1.8527167,0.0,0.0,0.0,0.0
1,8,3,0,,,,0.4219,0.0,0.0,0.0,0.0
1,9,3,0,,,,0.30343333,0.0,0.0,0.0,0.0
1,10,3,0,,,,0.30408335,0.0,0.0,0.0,111.3
1,11,3,0,,,,0.30011666,0.0,0.0,0.0,170.58
1,12,3,0,,,,0.30085,0.0,0.0,0.0,703.68
1,13,3,0,,,,0.29928333,0.0,0.0,0.0,257.57
1,14,3,0,,,,0.29831666,0.0,0.0,0.0,172.91
1,15,3,0,,,,0.30101666,0.0,0.0,0.0,530.18
1,16,3,0,,,,0.29506665,0.0,0.0,0.0,310.53
1,17,3,0,,,,1.4080666,0.0,0.0,0.0,0.0
1,18,3,0,,,,1.56865,0.0,0.0,0.0,0.0
1,19,3,0,,,,0.6200167,0.0,0.0,0.0,0.0
1,20,3,0,,,,2.2028167,0.0,0.0,0.0,0.0
1,21,3,0,,,,1.228,0.0,0.0,0.0,0.0
1,22,3,0,,,,6.3276167,0.0,0.0,0.0,0.0
1,23,3,0,,,,0.96391666,0.0,0.0,0.0,0.0
1,24,3,0,,,,0.81166667,0.0,0.0,0.0,0.0
1,1,4,0,,,,0.4396,0.0,0.0,0.0,0.0
1,2,4,0,,,,0.30536667,0.0,0.0,0.0,0.0
1,3,4,0,,,,0.30063334,0.0,0.0,0.0,0.0
1,4,4,0,,,,0.7682833,0.0,0.0,0.0,0.0
1,5,4,0,,,,2.6037834,0.0,0.0,0.0,0.0
1,6,4,0,,,,2.8442833,0.0,0.0,0.0,0.0
1,7,4,0,,,,1.5775833,0.0,0.0,0.0,0.0
1,8,4,0,,,,0.29568332,0.0,0.0,0.0,0.0
1,9,4,0,,,,0.29466668,0.0,0.0,0.0,0.0
1,10,4,0,,,,0.29243332,0.0,0.0,0.0,8.29
1,11,4,0,,,,1.0958166,0.0,0.0,0.0,183.16
1,12,4,0,,,,0.7903,0.0,0.0,0.0,202.08
1,13,4,0,,,,1.4585,0.0,0.0,0.0,612.05
1,14,4,0,,,,1.0329167,0.0,0.0,0.0,68.74
1,15,4,0,,,,1.00915,0.0,0.0,0.0,56.34
1,16,4,0,,,,1.0051833,0.0,0.0,0.0,7.42
1,17,4,0,,,,0.81156665,0.0,0.0,0.0,0.0
1,18,4,0,,,,1.2171667,0.0,0.0,0.0,0.0
1,19,4,0,,,,1.0281334,0.0,0.0,0.0,0.0
1,20,4,0,,,,2.4311666,0.0,0.0,0.0,0.0
1,21,4,0,,,,2.6103666,0.0,0.0,0.0,0.0
1,22,4,0,,,,4.8849835,0.0,0.0,0.0,0.0
1,23,4,0,,,,1.7083,0.0,0.0,0.0,0.0
1,24,4,0,,,,1.720175,0.0,0.0,0.0,0.0
1,1,5,0,,,,1.5356833,0.0,0.0,0.0,0.0
1,2,5,0,,,,1.28435,0.0,0.0,0.0,0.0
1,3,5,0,,,,0.9024,0.0,0.0,0.0,0.0
1,4,5,0,,,,1.268,0.0,0.0,0.0,0.0
1,5,5,0,,,,0.9562333,0.0,0.0,0.0,0.0
1,6,5,0,,,,1.5633833,0.0,0.0,0.0,0.0
1,7,5,0,,,,1.8824167,0.0,0.0,0.0,0.0
1,8,5,0,,,,1.4735,0.0,0.0,0.0,0.0
1,9,5,0,,,,1.01515,0.0,0.0,0.0,0.0
1,10,5,0,,,,1.3166333,0.0,0.0,0.0,8.6
1,11,5,0,,,,0.63668334,0.0,0.0,0.0,49.0
1,12,5,0,,,,0.40213335,0.0,0.0,0.0,88.93
1,13,5,0,,,,0.56628335,0.0,0.0,0.0,250.91
1,14,5,0,,,,0.64568335,0.0,0.0,0.0,89.06
1,15,5,0,,,,1.6919667,0.0,0.0,0.0,425.01
1,16,5,0,,,,0.78686666,0.0,0.0,0.0,23.45
1,17,5,0,,,,1.1336334,0.0,0.0,0.0,0.0
1,18,5,0,,,,7.268183,0.0,0.0,0.0,0.0
1,19,5,0,,,,1.4471834,0.0,0.0,0.0,0.0
1,20,5,0,,,,1.4461833,0.0,0.0,0.0,0.0
1,21,5,0,,,,1.0102167,0.0,0.0,0.0,0.0
1,22,5,0,,,,3.2617,0.0,0.0,0.0,0.0
1,23,5,0,,,,1.2654166,0.0,0.0,0.0,0.0
1,24,5,0,,,,0.66763335,0.0,0.0,0.0,0.0
1,1,6,0,,,,0.6567,0.0,0.0,0.0,0.0
1,2,6,0,,,,0.30616668,0.0,0.0,0.0,0.0
1,3,6,0,,,,3.4010668,0.0,0.0,0.0,0.0
1,4,6,0,,,,0.5639333,0.0,0.0,0.0,0.0
1,5,6,0,,,,0.29773334,0.0,0.0,0.0,0.0
1,6,6,0,,,,0.29813334,0.0,0.0,0.0,0.0
1,7,6,0,,,,0.06461673,0.0,0.0,0.0,0.0
1,8,6,0,,,,2.7101834,0.0,0.0,0.0,0.0
1,9,6,0,,,,1.3612167,0.0,0.0,0.0,0.0
1,10,6,0,,,,0.86395,0.0,0.0,0.0,356.43
1,11,6,0,,,,0.73186666,0.0,0.0,0.0,107.53
1,12,6,0,,,,0.77208334,0.0,0.0,0.0,316.66
1,13,6,0,,,,0.49980834,0.0,0.0,0.0,112.8
1,14,6,0,,,,0.21945,0.0,0.0,0.0,312.14
1,15,6,0,,,,0.21995,0.0,0.0,0.0,401.56
1,16,6,0,,,,0.22248334,0.0,0.0,0.0,15.44
1,17,6,0,,,,0.52893335,0.0,0.0,0.0,0.0
1,18,6,0,,,,0.35366666,0.0,0.0,0.0,0.0
1,19,6,0,,,,0.31173334,0.0,0.0,0.0,0.0
1,20,6,0,,,,0.29698333,0.0,0.0,0.0,0.0
1,21,6,0,,,,0.29556668,0.0,0.0,0.0,0.0
1,22,6,0,,,,0.29658332,0.0,0.0,0.0,0.0
1,23,6,0,,,,1.0178,0.0,0.0,0.0,0.0
1,24,6,0,,,,3.49125,0.0,0.0,0.0,0.0
1,1,7,0,,,,0.9951,0.0,0.0,0.0,0.0
1,2,7,0,,,,0.95753336,0.0,0.0,0.0,0.0
1,3,7,0,,,,0.3002,0.0,0.0,0.0,0.0
1,4,7,0,,,,0.30303332,0.0,0.0,0.0,0.0
1,5,7,0,,,,0.30301666,0.0,0.0,0.0,0.0
1,6,7,0,,,,0.33455,0.0,0.0,0.0,0.0
1,7,7,0,,,,2.5276,0.0,0.0,0.0,0.0
1,8,7,0,,,,1.6465167,0.0,0.0,0.0,0.0
1,9,7,0,,,,1.0351334,0.0,0.0,0.0,0.0
1,10,7,0,,,,0.71681666,0.0,0.0,0.0,332.4
1,11,7,0,,,,0.73718333,0.0,0.0,0.0,494.07
1,12,7,0,,,,0.39498332,0.0,0.0,0.0,639.33
1,13,7,0,,,,0.21378334,0.0,0.0,0.0,622.92
1,14,7,0,,,,0.90721667,0.0,0.0,0.0,51.48
1,15,7,0,,,,1.67375,0.0,0.0,0.0,105.12
1,16,7,0,,,,0.49695,0.0,0.0,0.0,89.76
1,17,7,0,,,,0.74588335,0.0,0.0,0.0,0.0
1,18,7,0,,,,0.5563833,0.0,0.0,0.0,0.0
1,19,7,0,,,,0.5905333,0.0,0.0,0.0,0.0
1,20,7,0,,,,1.1740834,0.0,0.0,0.0,0.0
1,21,7,0,,,,1.0009667,0.0,0.0,0.0,0.0
1,22,7,0,,,,0.86695,0.0,0.0,0.0,0.0
1,23,7,0,,,,0.60216665,0.0,0.0,0.0,0.0
1,24,7,0,,,,0.34575832,0.0,0.0,0.0,0.0
1,1,1,0,,,,0.73425,0.0,0.0,0.0,0.0
1,2,1,0,,,,0.71251667,0.0,0.0,0.0,0.0
1,3,1,0,,,,1.5528166,0.0,0.0,0.0,0.0
1,4,1,0,,,,1.96435,0.0,0.0,0.0,0.0
1,5,1,0,,,,0.2999,0.0,0.0,0.0,0.0
1,6,1,0,,,,0.33785,0.0,0.0,0.0,0.0
1,7,1,0,,,,2.35335,0.0,0.0,0.0,0.0
1,8,1,0,,,,2.2981668,0.0,0.0,0.0,0.0
1,9,1,0,,,,1.7513,0.0,0.0,0.0,0.0
1,10,1,0,,,,1.018,0.0,0.0,0.0,101.5
1,11,1,0,,,,0.72438335,0.0,0.0,0.0,277.16
1,12,1,0,,,,0.73,0.0,0.0,0.0,619.13
1,13,1,0,,,,0.24916667,0.0,0.0,0.0,701.3
1,14,1,0,,,,0.46498334,0.0,0.0,0.0,141.79
1,15,1,0,,,,0.5840833,0.0,0.0,0.0,421.17
1,16,1,0,,,,0.58231664,0.0,0.0,0.0,9.28
1,17,1,0,,,,0.53616667,0.0,0.0,0.0,0.0
1,18,1,0,,,,0.30765,0.0,0.0,0.0,0.0
1,19,1,0,,,,2.1816833,0.0,0.0,0.0,0.0
1,20,1,0,,,,0.82376665,0.0,0.0,0.0,0.0
1,21,1,0,,,,2.7733333,0.0,0.0,0.0,0.0
1,22,1,0,,,,1.93895,0.0,0.0,0.0,0.0
1,23,1,0,,,,1.2095667,0.0,0.0,0.0,0.0
1,24,1,0,,,,0.9346833,0.0,0.0,0.0,0.0
1,1,2,0,,,,0.44231668,0.0,0.0,0.0,0.0
1,2,2,0,,,,1.6674666,0.0,0.0,0.0,0.0
1,3,2,0,,,,3.3017833,0.0,0.0,0.0,0.0
1,4,2,0,,,,0.34613332,0.0,0.0,0.0,0.0
1,5,2,0,,,,0.34968334,0.0,0.0,0.0,0.0
1,6,2,0,,,,0.35993335,0.0,0.0,0.0,0.0
1,7,2,0,,,,2.0817833,0.0,0.0,0.0,0.0
1,8,2,0,,,,2.9095833,0.0,0.0,0.0,0.0
1,9,2,0,,,,1.4121333,0.0,0.0,0.0,0.0
1,10,2,0,,,,1.0877666,0.0,0.0,0.0,64.7
1,11,2,0,,,,1.2732667,0.0,0.0,0.0,77.43
1,12,2,0,,,,0.84816664,0.0,0.0,0.0,43.93
1,13,2,0,,,,0.59146667,0.0,0.0,0.0,42.14
1,14,2,0,,,,0.60068333,0.0,0.0,0.0,135.88
1,15,2,0,,,,0.6020333,0.0,0.0,0.0,101.06
1,16,2,0,,,,0.60531664,0.0,0.0,0.0,34.43
1,17,2,0,,,,0.59335,0.0,0.0,0.0,0.0
1,18,2,0,,,,0.5341167,0.0,0.0,0.0,0.0
1,19,2,0,,,,0.37478334,0.0,0.0,0.0,0.0
1,20,2,0,,,,0.49871665,0.0,0.0,0.0,0.0
1,21,2,0,,,,1.1609167,0.0,0.0,0.0,0.0
1,22,2,0,,,,1.1103166,0.0,0.0,0.0,0.0
1,23,2,0,,,,0.50525,0.0,0.0,0.0,0.0
1,24,2,0,,,,0.31945,0.0,0.0,0.0,0.0
1,1,3,0,,,,0.31745,0.0,0.0,0.0,0.0
1,2,3,0,,,,0.58571666,0.0,0.0,0.0,0.0
1,3,3,0,,,,3.3701167,0.0,0.0,0.0,0.0
1,4,3,0,,,,0.43383333,0.0,0.0,0.0,0.0
1,5,3,0,,,,0.31213334,0.0,0.0,0.0,0.0
1,6,3,0,,,,1.81025,0.0,0.0,0.0,0.0
1,7,3,0,,,,1.2287334,0.0,0.0,0.0,0.0
1,8,3,0,,,,0.23221667,0.0,0.0,0.0,0.0
1,9,3,0,,,,0.6652,0.0,0.0,0.0,0.0
1,10,3,0,,,,0.6815,0.0,0.0,0.0,71.7
1,11,3,0,,,,0.23201667,0.0,0.0,0.0,504.61
1,12,3,0,,,,0.23308334,0.0,0.0,0.0,224.15
1,13,3,0,,,,0.24306667,0.0,0.0,0.0,56.57
1,14,3,0,,,,0.45476666,0.0,0.0,0.0,356.92
1,15,3,0,,,,0.55703336,0.0,0.0,0.0,483.29
1,16,3,0,,,,0.54845,0.0,0.0,0.0,302.68
1,17,3,0,,,,0.62763333,0.0,0.0,0.0,0.0
1,18,3,0,,,,0.43101665,0.0,0.0,0.0,0.0
1,19,3,0,,,,0.34195,0.0,0.0,0.0,0.0
1,20,3,0,,,,1.6116834,0.0,0.0,0.0,0.0
1,21,3,0,,,,6.1037664,0.0,0.0,0.0,0.0
1,22,3,0,,,,1.49975,0.0,0.0,0.0,0.0
1,23,3,0,,,,1.1298833,0.0,0.0,0.0,0.0
1,24,3,0,,,,0.56651664,0.0,0.0,0.0,0.0
1,1,4,0,,,,0.31378335,0.0,0.0,0.0,0.0
1,2,4,0,,,,2.2690334,0.0,0.0,0.0,0.0
1,3,4,0,,,,1.0502,0.0,0.0,0.0,0.0
1,4,4,0,,,,0.31608334,0.0,0.0,0.0,0.0
1,5,4,0,,,,0.31628335,0.0,0.0,0.0,0.0
1,6,4,0,,,,0.32368332,0.0,0.0,0.0,0.0
1,7,4,0,,,,2.4872832,0.0,0.0,0.0,0.0
1,8,4,0,,,,1.0584333,0.0,0.0,0.0,0.0
1,9,4,0,,,,2.0965333,0.0,0.0,0.0,0.0
1,10,4,0,,,,3.0708,0.0,0.0,0.0,413.17
1,11,4,0,,,,1.8397334,0.0,0.0,0.0,374.31
1,12,4,0,,,,0.73413336,0.0,0.0,0.0,710.75
1,13,4,0,,,,0.74658334,0.0,0.0,0.0,690.1
1,14,4,0,,,,4.009333,0.0,0.0,0.0,698.67
1,15,4,0,,,,0.7737667,0.0,0.0,0.0,560.9
1,16,4,0,,,,0.92331666,0.0,0.0,0.0,381.25
1,17,4,0,,,,0.68133336,0.0,0.0,0.0,0.0
1,18,4,0,,,,2.1624,0.0,0.0,0.0,0.0
1,19,4,0,,,,0.29778334,0.0,0.0,0.0,0.0
1,20,4,0,,,,2.5749834,0.0,0.0,0.0,0.0
1,21,4,0,,,,3.8316584,0.0,0.0,0.0,0.0
1,22,4,0,,,,1.0709833,0.0,0.0,0.0,0.0
1,23,4,0,,,,0.7442667,0.0,0.0,0.0,0.0
1,24,4,0,,,,0.30323333,0.0,0.0,0.0,0.0
1,1,5,0,,,,2.7419333,0.0,0.0,0.0,0.0
1,2,5,0,,,,0.30056667,0.0,0.0,0.0,0.0
1,3,5,0,,,,0.30305,0.0,0.0,0.0,0.0
1,4,5,0,,,,0.2996,0.0,0.0,0.0,0.0
1,5,5,0,,,,2.2546833,0.0,0.0,0.0,0.0
1,6,5,0,,,,0.9355,0.0,0.0,0.0,0.0
1,7,5,0,,,,0.5884,0.0,0.0,0.0,0.0
1,8,5,0,,,,0.5877,0.0,0.0,0.0,0.0
1,9,5,0,,,,2.4352334,0.0,0.0,0.0,0.0
1,10,5,0,,,,3.792,0.0,0.0,0.0,274.0
1,11,5,0,,,,0.97936666,0.0,0.0,0.0,198.65
1,12,5,0,,,,0.7827,0.0,0.0,0.0,615.58
1,13,5,0,,,,0.36685,0.0,0.0,0.0,663.01
1,14,5,0,,,,3.2363334,0.0,0.0,0.0,640.14
1,15,5,0,,,,0.29836667,0.0,0.0,0.0,250.89
1,16,5,0,,,,0.29613334,0.0,0.0,0.0,68.27
1,17,5,0,,,,0.30021667,0.0,0.0,0.0,0.0
1,18,5,0,,,,2.35355,0.0,0.0,0.0,0.0
1,19,5,0,,,,1.3558333,0.0,0.0,0.0,0.0
1,20,5,0,,,,4.356867,0.0,0.0,0.0,0.0
1,21,5,0,,,,0.91365,0.0,0.0,0.0,0.0
1,22,5,0,,,,1.1339834,0.0,0.0,0.0,0.0
1,23,5,0,,,,1.0368834,0.0,0.0,0.0,0.0
1,24,5,0,,,,0.7480417,0.0,0.0,0.0,0.0
1,1,6,0,,,,0.30353335,0.0,0.0,0.0,0.0
1,2,6,0,,,,2.6685,0.0,0.0,0.0,0.0
1,3,6,0,,,,1.8349167,0.0,0.0,0.0,0.0
1,4,6,0,,,,0.30338332,0.0,0.0,0.0,0.0
1,5,6,0,,,,0.32703334,0.0,0.0,0.0,0.0
1,6,6,0,,,,2.1631167,0.0,0.0,0.0,0.0
1,7,6,0,,,,1.5996166,0.0,0.0,0.0,0.0
1,8,6,0,,,,0.46705,0.0,0.0,0.0,0.0
1,9,6,0,,,,3.2696166,0.0,0.0,0.0,0.0
1,10,6,0,,,,2.1375334,0.0,0.0,0.0,67.6
1,11,6,0,,,,1.96165,0.0,0.0,0.0,58.83
1,12,6,0,,,,0.85178334,0.0,0.0,0.0,100.11
1,13,6,0,,,,0.31018335,0.0,0.0,0.0,23.72
1,14,6,0,,,,0.29901665,0.0,0.0,0.0,40.17
1,15,6,0,,,,0.29951668,0.0,0.0,0.0,147.87
1,16,6,0,,,,0.2947,0.0,0.0,0.0,32.58
1,17,6,0,,,,0.2954,0.0,0.0,0.0,0.0
1,18,6,0,,,,0.7952833,0.0,0.0,0.0,0.0
1,19,6,0,,,,3.9718666,0.0,0.0,0.0,0.0
1,20,6,0,,,,2.1201334,0.0,0.0,0.0,0.0
1,21,6,0,,,,1.1748166,0.0,0.0,0.0,0.0
1,22,6,0,,,,1.1592333,0.0,0.0,0.0,0.0
1,23,6,0,,,,0.77498335,0.0,0.0,0.0,0.0
1,24,6,0,,,,0.31450832,0.0,0.0,0.0,0.0
1,1,7,0,,,,0.30646667,0.0,0.0,0.0,0.0
1,2,7,0,,,,0.305,0.0,0.0,0.0,0.0
1,3,7,0,,,,0.30458334,0.0,0.0,0.0,0.0
1,4,7,0,,,,1.2673,0.0,0.0,0.0,0.0
1,5,7,0,,,,3.40855,0.0,0.0,0.0,0.0
1,6,7,0,,,,0.5246,0.0,0.0,0.0,0.0
1,7,7,0,,,,0.23543334,0.0,0.0,0.0,0.0
1,8,7,0,,,,0.59423333,0.0,0.0,0.0,0.0
1,9,7,0,,,,1.7601666,0.0,0.0,0.0,1.38
1,10,7,0,,,,4.009733,0.0,0.0,0.0,396.81
1,11,7,0,,,,0.988,0.0,0.0,0.0,350.44
1,12,7,0,,,,0.76821667,0.0,0.0,0.0,121.07
1,13,7,0,,,,1.0686834,0.0,0.0,0.0,91.5
1,14,7,0,,,,1.0195167,0.0,0.0,0.0,61.21
1,15,7,0,,,,2.4654667,0.0,0.0,0.0,19.4
1,16,7,0,,,,2.0075,0.0,0.0,0.0,15.04
1,17,7,0,,,,1.5855,0.0,0.0,0.0,0.0
1,18,7,0,,,,1.9012667,0.0,0.0,0.0,0.0
1,19,7,0,,,,1.4475666,0.0,0.0,0.0,0.0
1,20,7,0,,,,2.1019166,0.0,0.0,0.0,0.0
1,21,7,0,,,,2.8254833,0.0,0.0,0.0,0.0
1,22,7,0,,,,1.6690667,0.0,0.0,0.0,0.0
1,23,7,0,,,,1.7403166,0.0,0.0,0.0,0.0
1,24,7,0,,,,1.7426667,0.0,0.0,0.0,0.0
1,1,1,0,,,,1.3401667,0.0,0.0,0.0,0.0
1,2,1,0,,,,1.49115,0.0,0.0,0.0,0.0
1,3,1,0,,,,1.4731333,0.0,0.0,0.0,0.0
1,4,1,0,,,,1.5241667,0.0,0.0,0.0,0.0
1,5,1,0,,,,1.5441834,0.0,0.0,0.0,0.0
1,6,1,0,,,,1.5791334,0.0,0.0,0.0,0.0
1,7,1,0,,,,1.6898667,0.0,0.0,0.0,0.0
1,8,1,0,,,,1.7527833,0.0,0.0,0.0,0.0
1,9,1,0,,,,2.2577667,0.0,0.0,0.0,8.17
1,10,1,0,,,,3.3673666,0.0,0.0,0.0,19.76
1,11,1,0,,,,2.6530666,0.0,0.0,0.0,44.49
1,12,1,0,,,,2.7416832,0.0,0.0,0.0,36.21
1,13,1,0,,,,2.0284834,0.0,0.0,0.0,36.16
1,14,1,0,,,,0.38083333,0.0,0.0,0.0,61.1
1,15,1,0,,,,1.16895,0.0,0.0,0.0,51.76
1,16,1,0,,,,0.96125,0.0,0.0,0.0,21.13
1,17,1,0,,,,1.9891666,0.0,0.0,0.0,0.0
1,18,1,0,,,,2.5101166,0.0,0.0,0.0,0.0
1,19,1,0,,,,2.6386833,0.0,0.0,0.0,0.0
1,20,1,0,,,,2.1472,0.0,0.0,0.0,0.0
1,21,1,0,,,,2.1316166,0.0,0.0,0.0,0.0
1,22,1,0,,,,2.3934333,0.0,0.0,0.0,0.0
1,23,1,0,,,,1.9146667,0.0,0.0,0.0,0.0
1,24,1,0,,,,2.0617666,0.0,0.0,0.0,0.0
1,1,2,0,,,,1.6891167,0.0,0.0,0.0,0.0
1,2,2,0,,,,1.6583667,0.0,0.0,0.0,0.0
1,3,2,0,,,,1.8502,0.0,0.0,0.0,0.0
1,4,2,0,,,,1.82755,0.0,0.0,0.0,0.0
1,5,2,0,,,,1.7163334,0.0,0.0,0.0,0.0
1,6,2,0,,,,3.2263,0.0,0.0,0.0,0.0
1,7,2,0,,,,2.9791834,0.0,0.0,0.0,0.0
1,8,2,0,,,,1.1775,0.0,0.0,0.0,0.0
1,9,2,0,,,,0.65525,0.0,0.0,0.0,1.33
1,10,2,0,,,,0.87111664,0.0,0.0,0.0,109.9
1,11,2,0,,,,1.58825,0.0,0.0,0.0,97.83
1,12,2,0,,,,1.5060333,0.0,0.0,0.0,464.98
1,13,2,0,,,,0.7053,0.0,0.0,0.0,471.17
1,14,2,0,,,,1.0913666,0.0,0.0,0.0,377.85
1,15,2,0,,,,0.6480333,0.0,0.0,0.0,322.88
1,16,2,0,,,,1.4913083,0.0,0.0,0.0,323.93
1,17,2,0,,,,1.9129167,0.0,0.0,0.0,0.0
1,18,2,0,,,,1.76305,0.0,0.0,0.0,0.0
1,19,2,0,,,,1.72175,0.0,0.0,0.0,0.0
1,20,2,0,,,,2.9695,0.0,0.0,0.0,0.0
1,21,2,0,,,,1.0799,0.0,0.0,0.0,0.0
1,22,2,0,,,,1.3916833,0.0,0.0,0.0,0.0
1,23,2,0,,,,2.3281667,0.0,0.0,0.0,0.0
1,24,2,0,,,,1.7411,0.0,0.0,0.0,0.0
1,1,3,0,,,,1.6726834,0.0,0.0,0.0,0.0
1,2,3,0,,,,2.8269,0.0,0.0,0.0,0.0
1,3,3,0,,,,3.2919667,0.0,0.0,0.0,0.0
1,4,3,0,,,,0.44815,0.0,0.0,0.0,0.0
1,5,3,0,,,,1.3939333,0.0,0.0,0.0,0.0
1,6,3,0,,,,1.7393833,0.0,0.0,0.0,0.0
1,7,3,0,,,,2.7904167,0.0,0.0,0.0,0.0
1,8,3,0,,,,3.6273334,0.0,0.0,0.0,0.0
1,9,3,0,,,,1.6747833,0.0,0.0,0.0,1.39
1,10,3,0,,,,1.53585,0.0,0.0,0.0,234.76
1,11,3,0,,,,1.4209,0.0,0.0,0.0,146.35
1,12,3,0,,,,0.82395,0.0,0.0,0.0,444.77
1,13,3,0,,,,0.86733335,0.0,0.0,0.0,394.1
1,14,3,0,,,,0.901,0.0,0.0,0.0,398.25
1,15,3,0,,,,0.9253333,0.0,0.0,0.0,151.15
1,16,3,0,,,,0.92305,0.0,0.0,0.0,18.32
1,17,3,0,,,,1.1684166,0.0,0.0,0.0,0.0
1,18,3,0,,,,0.6023,0.0,0.0,0.0,0.0
1,19,3,0,,,,0.4727,0.0,0.0,0.0,0.0
1,20,3,0,,,,2.88535,0.0,0.0,0.0,0.0
1,21,3,0,,,,2.9266834,0.0,0.0,0.0,0.0
1,22,3,0,,,,1.57625,0.0,0.0,0.0,0.0
1,23,3,0,,,,1.2846167,0.0,0.0,0.0,0.0
1,24,3,0,,,,1.1460084,0.0,0.0,0.0,0.0
1,1,4,0,,,,1.7190666,0.0,0.0,0.0,0.0
1,2,4,0,,,,1.6669333,0.0,0.0,0.0,0.0
1,3,4,0,,,,1.5995,0.0,0.0,0.0,0.0
1,4,4,0,,,,2.7550833,0.0,0.0,0.0,0.0
1,5,4,0,,,,2.1877832,0.0,0.0,0.0,0.0
1,6,4,0,,,,0.50755,0.0,0.0,0.0,0.0
1,7,4,0,,,,1.1325333,0.0,0.0,0.0,0.0
1,8,4,0,,,,2.1502,0.0,0.0,0.0,0.0
1,9,4,0,,,,1.0271167,0.0,0.0,0.0,1.81
1,10,4,0,,,,1.1230667,0.0,0.0,0.0,26.57
1,11,4,0,,,,1.09265,0.0,0.0,0.0,50.81
1,12,4,0,,,,0.59716666,0.0,0.0,0.0,110.27
1,13,4,0,,,,0.2784,0.0,0.0,0.0,42.26
1,14,4,0,,,,0.28841665,0.0,0.0,0.0,38.14
1,15,4,0,,,,0.66095,0.0,0.0,0.0,24.69
1,16,4,0,,,,0.6529833,0.0,0.0,0.0,391.74
1,17,4,0,,,,0.88231665,0.0,0.0,0.0,0.0
1,18,4,0,,,,0.73555,0.0,0.0,0.0,0.0
1,19,4,0,,,,0.6785167,0.0,0.0,0.0,0.0
1,20,4,0,,,,1.8107166,0.0,0.0,0.0,0.0
1,21,4,0,,,,2.98935,0.0,0.0,0.0,0.0
1,22,4,0,,,,1.53955,0.0,0.0,0.0,0.0
1,23,4,0,,,,1.1678667,0.0,0.0,0.0,0.0
1,24,4,0,,,,1.8277917,0.0,0.0,0.0,0.0
1,1,5,0,,,,1.42585,0.0,0.0,0.0,0.0
1,2,5,0,,,,1.435,0.0,0.0,0.0,0.0
1,3,5,0,,,,2.7392833,0.0,0.0,0.0,0.0
1,4,5,0,,,,1.6985,0.0,0.0,0.0,0.0
1,5,5,0,,,,0.36831668,0.0,0.0,0.0,0.0
1,6,5,0,,,,0.9892,0.0,0.0,0.0,0.0
1,7,5,0,,,,2.9063168,0.0,0.0,0.0,0.0
1,8,5,0,,,,1.1238667,0.0,0.0,0.0,0.0
1,9,5,0,,,,1.1178833,0.0,0.0,0.0,21.45
1,10,5,0,,,,1.62085,0.0,0.0,0.0,166.3
1,11,5,0,,,,2.0353334,0.0,0.0,0.0,182.8
1,12,5,0,,,,1.3609834,0.0,0.0,0.0,382.87
1,13,5,0,,,,1.3758334,0.0,0.0,0.0,456.8
1,14,5,0,,,,0.80093336,0.0,0.0,0.0,54.25
1,15,5,0,,,,0.56796664,0.0,0.0,0.0,21.14
1,16,5,0,,,,0.2933,0.0,0.0,0.0,13.08
1,17,5,0,,,,1.8430333,0.0,0.0,0.0,0.0
1,18,5,0,,,,2.48255,0.0,0.0,0.0,0.0
1,19,5,0,,,,3.1276,0.0,0.0,0.0,0.0
1,20,5,0,,,,0.47863334,0.0,0.0,0.0,0.0
1,21,5,0,,,,1.0617666,0.0,0.0,0.0,0.0
1,22,5,0,,,,1.86595,0.0,0.0,0.0,0.0
1,23,5,0,,,,2.0622,0.0,0.0,0.0,0.0
1,24,5,0,,,,1.4260917,0.0,0.0,0.0,0.0
1,1,6,0,,,,1.4650167,0.0,0.0,0.0,0.0
1,2,6,0,,,,1.6080667,0.0,0.0,0.0,0.0
1,3,6,0,,,,1.7248833,0.0,0.0,0.0,0.0
1,4,6,0,,,,1.9409833,0.0,0.0,0.0,0.0
1,5,6,0,,,,2.7186,0.0,0.0,0.0,0.0
1,6,6,0,,,,0.7112333,0.0,0.0,0.0,0.0
1,7,6,0,,,,1.00255,0.0,0.0,0.0,0.0
1,8,6,0,,,,1.807475,0.0,0.0,0.0,0.0
1,9,6,0,,,,0.31001666,0.0,0.0,0.0,4.03
1,10,6,0,,,,0.30291668,0.0,0.0,0.0,138.05
1,11,6,0,,,,0.29976666,0.0,0.0,0.0,34.01
1,12,6,0,,,,0.29976666,0.0,0.0,0.0,90.82
1,13,6,0,,,,0.30015,0.0,0.0,0.0,104.27
1,14,6,0,,,,0.30221668,0.0,0.0,0.0,75.24
1,15,6,0,,,,0.30283332,0.0,0.0,0.0,45.53
1,16,6,0,,,,0.30381668,0.0,0.0,0.0,3.89
1,17,6,0,,,,0.55046666,0.0,0.0,0.0,0.0
1,18,6,0,,,,1.8518167,0.0,0.0,0.0,0.0
1,19,6,0,,,,2.3618333,0.0,0.0,0.0,0.0
1,20,6,0,,,,1.3880334,0.0,0.0,0.0,0.0
1,21,6,0,,,,0.9519167,0.0,0.0,0.0,0.0
1,22,6,0,,,,1.0091,0.0,0.0,0.0,0.0
1,23,6,0,,,,1.2667667,0.0,0.0,0.0,0.0
1,24,6,0,,,,1.5932667,0.0,0.0,0.0,0.0
1,1,7,0,,,,1.2514666,0.0,0.0,0.0,0.0
1,2,7,0,,,,0.8856,0.0,0.0,0.0,0.0
1,3,7,0,,,,0.88633335,0.0,0.0,0.0,0.0
1,4,7,0,,,,1.2528334,0.0,0.0,0.0,0.0
1,5,7,0,,,,0.9445,0.0,0.0,0.0,0.0
1,6,7,0,,,,1.06785,0.0,0.0,0.0,0.0
1,7,7,0,,,,1.0495,0.0,0.0,0.0,0.0
1,8,7,0,,,,1.10325,0.0,0.0,0.0,0.0
1,9,7,0,,,,0.5445,0.0,0.0,0.0,0.0
1,10,7,0,,,,0.56956667,0.0,0.0,0.0,82.26
1,11,7,0,,,,0.6502333,0.0,0.0,0.0,56.86
1,12,7,0,,,,1.5023667,0.0,0.0,0.0,90.62
1,13,7,0,,,,1.2212,0.0,0.0,0.0,44.59
1,14,7,0,,,,1.3473166,0.0,0.0,0.0,29.75
1,15,7,0,,,,0.95388335,0.0,0.0,0.0,9.07
1,16,7,0,,,,0.75585,0.0,0.0,0.0,11.03
1,17,7,0,,,,0.75156665,0.0,0.0,0.0,0.0
1,18,7,0,,,,0.72105,0.0,0.0,0.0,0.0
1,19,7,0,,,,0.98555,0.0,0.0,0.0,0.0
1,20,7,0,,,,0.8158,0.0,0.0,0.0,0.0
1,21,7,0,,,,3.69075,0.0,0.0,0.0,0.0
1,22,7,0,,,,3.27645,0.0,0.0,0.0,0.0
1,23,7,0,,,,4.0044,0.0,0.0,0.0,0.0
1,24,7,0,,,,0.81985,0.0,0.0,0.0,0.0
1,1,1,0,,,,0.7227,0.0,0.0,0.0,0.0
1,2,1,0,,,,0.55525,0.0,0.0,0.0,0.0
1,3,1,0,,,,0.53576666,0.0,0.0,0.0,0.0
1,4,1,0,,,,0.56228334,0.0,0.0,0.0,0.0
1,5,1,0,,,,0.57493335,0.0,0.0,0.0,0.0
1,6,1,0,,,,0.99186665,0.0,0.0,0.0,0.0
1,7,1,0,,,,0.53398335,0.0,0.0,0.0,0.0
1,8,1,0,,,,0.6012167,0.0,0.0,0.0,0.0
1,9,1,0,,,,1.51835,0.0,0.0,0.0,1.68
1,10,1,0,,,,1.886,0.0,0.0,0.0,18.75
1,11,1,0,,,,0.74715,0.0,0.0,0.0,30.64
1,12,1,0,,,,0.55216664,0.0,0.0,0.0,42.3
1,13,1,0,,,,0.23641667,0.0,0.0,0.0,33.65
1,14,1,0,,,,0.23766667,0.0,0.0,0.0,32.03
1,15,1,0,,,,0.23965,0.0,0.0,0.0,23.7
1,16,1,0,,,,0.24468334,0.0,0.0,0.0,12.99
1,17,1,0,,,,0.23036666,0.0,0.0,0.0,0.0
1,18,1,0,,,,0.37766665,0.0,0.0,0.0,0.0
1,19,1,0,,,,0.5937833,0.0,0.0,0.0,0.0
1,20,1,0,,,,0.63965,0.0,0.0,0.0,0.0
1,21,1,0,,,,2.7772334,0.0,0.0,0.0,0.0
1,22,1,0,,,,1.0319333,0.0,0.0,0.0,0.0
1,23,1,0,,,,1.0779333,0.0,0.0,0.0,0.0
1,24,1,0,,,,0.34606665,0.0,0.0,0.0,0.0
1,1,2,0,,,,0.5718333,0.0,0.0,0.0,0.0
1,2,2,0,,,,0.57516664,0.0,0.0,0.0,0.0
1,3,2,0,,,,0.57486665,0.0,0.0,0.0,0.0
1,4,2,0,,,,0.59468335,0.0,0.0,0.0,0.0
1,5,2,0,,,,0.92593336,0.0,0.0,0.0,0.0
1,6,2,0,,,,1.0339833,0.0,0.0,0.0,0.0
1,7,2,0,,,,0.65213335,0.0,0.0,0.0,0.0
1,8,2,0,,,,1.46405,0.0,0.0,0.0,0.0
1,9,2,0,,,,0.89655,0.0,0.0,0.0,1.69
1,10,2,0,,,,1.3643833,0.0,0.0,0.0,109.99
1,11,2,0,,,,1.21485,0.0,0.0,0.0,53.77
1,12,2,0,,,,0.89,0.0,0.0,0.0,66.03
1,13,2,0,,,,0.83205,0.0,0.0,0.0,70.07
1,14,2,0,,,,0.6181167,0.0,0.0,0.0,29.16
1,15,2,0,,,,0.6048667,0.0,0.0,0.0,81.21
1,16,2,0,,,,0.24318333,0.0,0.0,0.0,83.27
1,17,2,0,,,,0.25233334,0.0,0.0,0.0,0.0
1,18,2,0,,,,0.6350667,0.0,0.0,0.0,0.0
1,19,2,0,,,,0.69345,0.0,0.0,0.0,0.0
1,20,2,0,,,,1.3724667,0.0,0.0,0.0,0.0
1,21,2,0,,,,2.84405,0.0,0.0,0.0,0.0
1,22,2,0,,,,1.0009167,0.0,0.0,0.0,0.0
1,23,2,0,,,,0.86871666,0.0,0.0,0.0,0.0
1,24,2,0,,,,0.32081667,0.0,0.0,0.0,0.0
2,1,3,0,,,,0.5618167,0.0,0.0,0.0,0.0
2,2,3,0,,,,0.85076666,0.0,0.0,0.0,0.0
2,3,3,0,,,,0.78575,0.0,0.0,0.0,0.0
2,4,3,0,,,,1.1279167,0.0,0.0,0.0,0.0
2,5,3,0,,,,1.2076167,0.0,0.0,0.0,0.0
2,6,3,0,,,,3.0749,0.0,0.0,0.0,0.0
2,7,3,0,,,,1.5637,0.0,0.0,0.0,0.0
2,8,3,0,,,,1.6964667,0.0,0.0,0.0,0.0
2,9,3,0,,,,0.8988,0.0,0.0,0.0,59.85
2,10,3,0,,,,0.2657,0.0,0.0,0.0,98.85
2,11,3,0,,,,0.2627,0.0,0.0,0.0,55.87
2,12,3,0,,,,0.26145,0.0,0.0,0.0,81.03
2,13,3,0,,,,0.26313335,0.0,0.0,0.0,69.49
2,14,3,0,,,,0.26195,0.0,0.0,0.0,57.98
2,15,3,0,,,,0.26345,0.0,0.0,0.0,68.57
2,16,3,0,,,,0.26965,0.0,0.0,0.0,9.07
2,17,3,0,,,,0.29838333,0.0,0.0,0.0,0.23
2,18,3,0,,,,0.67645,0.0,0.0,0.0,0.0
2,19,3,0,,,,0.5986,0.0,0.0,0.0,0.0
2,20,3,0,,,,0.93135,0.0,0.0,0.0,0.0
2,21,3,0,,,,0.8330333,0.0,0.0,0.0,0.0
2,22,3,0,,,,0.9633667,0.0,0.0,0.0,0.0
2,23,3,0,,,,0.88685,0.0,0.0,0.0,0.0
2,24,3,0,,,,0.8106667,0.0,0.0,0.0,0.0
2,1,4,0,,,,0.7525,0.0,0.0,0.0,0.0
2,2,4,0,,,,0.30895,0.0,0.0,0.0,0.0
2,3,4,0,,,,0.8332833,0.0,0.0,0.0,0.0
2,4,4,0,,,,0.89811665,0.0,0.0,0.0,0.0
2,5,4,0,,,,1.3708667,0.0,0.0,0.0,0.0
2,6,4,0,,,,1.8646333,0.0,0.0,0.0,0.0
2,7,4,0,,,,1.5794,0.0,0.0,0.0,0.0
2,8,4,0,,,,1.0997666,0.0,0.0,0.0,0.0
2,9,4,0,,,,1.38805,0.0,0.0,0.0,64.34
2,10,4,0,,,,0.87221664,0.0,0.0,0.0,16.61
2,11,4,0,,,,0.53503335,0.0,0.0,0.0,29.11
2,12,4,0,,,,0.25956666,0.0,0.0,0.0,63.22
2,13,4,0,,,,0.26413333,0.0,0.0,0.0,58.24
2,14,4,0,,,,0.39995,0.0,0.0,0.0,44.56
2,15,4,0,,,,0.80978334,0.0,0.0,0.0,139.17
2,16,4,0,,,,0.39931667,0.0,0.0,0.0,11.03
2,17,4,0,,,,0.54768336,0.0,0.0,0.0,0.59
2,18,4,0,,,,0.773,0.0,0.0,0.0,0.0
2,19,4,0,,,,0.53398335,0.0,0.0,0.0,0.0
2,20,4,0,,,,0.9540333,0.0,0.0,0.0,0.0
2,21,4,0,,,,0.97421664,0.0,0.0,0.0,0.0
2,22,4,0,,,,4.5796,0.0,0.0,0.0,0.0
2,23,4,0,,,,1.7461333,0.0,0.0,0.0,0.0
2,24,4,0,,,,0.9261,0.0,0.0,0.0,0.0
2,1,5,0,,,,0.4283,0.0,0.0,0.0,0.0
2,2,5,0,,,,0.30808333,0.0,0.0,0.0,0.0
2,3,5,0,,,,0.30776668,0.0,0.0,0.0,0.0
2,4,5,0,,,,0.30938333,0.0,0.0,0.0,0.0
2,5,5,0,,,,0.30911666,0.0,0.0,0.0,0.0
2,6,5,0,,,,0.31378335,0.0,0.0,0.0,0.0
2,7,5,0,,,,0.30436668,0.0,0.0,0.0,0.0
2,8,5,0,,,,0.3127,0.0,0.0,0.0,0.0
2,9,5,0,,,,1.6840333,0.0,0.0,0.0,0.0
2,10,5,0,,,,3.0935833,0.0,0.0,0.0,84.15
2,11,5,0,,,,1.6874334,0.0,0.0,0.0,75.63
2,12,5,0,,,,1.0569834,0.0,0.0,0.0,94.34
2,13,5,0,,,,0.6670333,0.0,0.0,0.0,69.51
2,14,5,0,,,,0.5817,0.0,0.0,0.0,35.01
2,15,5,0,,,,0.69668335,0.0,0.0,0.0,10.32
2,16,5,0,,,,1.1983,0.0,0.0,0.0,7.15
2,17,5,0,,,,3.3064334,0.0,0.0,0.0,1.19
2,18,5,0,,,,1.0425,0.0,0.0,0.0,0.0
2,19,5,0,,,,0.9899333,0.0,0.0,0.0,0.0
2,20,5,0,,,,0.67775,0.0,0.0,0.0,0.0
2,21,5,0,,,,1.78185,0.0,0.0,0.0,0.0
2,22,5,0,,,,1.1572,0.0,0.0,0.0,0.0
2,23,5,0,,,,1.5554833,0.0,0.0,0.0,0.0
2,24,5,0,,,,0.60263336,0.0,0.0,0.0,0.0
2,1,6,0,,,,0.31203333,0.0,0.0,0.0,0.0
2,2,6,0,,,,0.31221667,0.0,0.0,0.0,0.0
2,3,6,0,,,,0.541,0.0,0.0,0.0,0.0
2,4,6,0,,,,0.54675,0.0,0.0,0.0,0.0
2,5,6,0,,,,1.4533334,0.0,0.0,0.0,0.0
2,6,6,0,,,,0.54906666,0.0,0.0,0.0,0.0
2,7,6,0,,,,2.6672168,0.0,0.0,0.0,0.0
2,8,6,0,,,,0.31011668,0.0,0.0,0.0,0.0
2,9,6,0,,,,0.6067333,0.0,0.0,0.0,1.2
2,10,6,0,,,,3.6523666,0.0,0.0,0.0,27.35
2,11,6,0,,,,4.2161164,0.0,0.0,0.0,46.62
2,12,6,0,,,,2.0075333,0.0,0.0,0.0,75.56
2,13,6,0,,,,0.31868333,0.0,0.0,0.0,101.32
2,14,6,0,,,,0.30866668,0.0,0.0,0.0,88.22
2,15,6,0,,,,0.30888334,0.0,0.0,0.0,72.0
2,16,6,0,,,,0.31263334,0.0,0.0,0.0,342.45
2,17,6,0,,,,0.51785,0.0,0.0,0.0,0.37
2,18,6,0,,,,1.4501667,0.0,0.0,0.0,0.0
2,19,6,0,,,,0.30173334,0.0,0.0,0.0,0.0
2,20,6,0,,,,0.3036,0.0,0.0,0.0,0.0
2,21,6,0,,,,0.44101667,0.0,0.0,0.0,0.0
2,22,6,0,,,,1.0968333,0.0,0.0,0.0,0.0
2,23,6,0,,,,1.1081667,0.0,0.0,0.0,0.0
2,24,6,0,,,,1.6814,0.0,0.0,0.0,0.0
2,1,7,0,,,,1.0626,0.0,0.0,0.0,0.0
2,2,7,0,,,,1.0916333,0.0,0.0,0.0,0.0
2,3,7,0,,,,1.0745167,0.0,0.0,0.0,0.0
2,4,7,0,,,,1.4212166,0.0,0.0,0.0,0.0
2,5,7,0,,,,1.3034166,0.0,0.0,0.0,0.0
2,6,7,0,,,,1.4539,0.0,0.0,0.0,0.0
2,7,7,0,,,,1.41925,0.0,0.0,0.0,0.0
2,8,7,0,,,,1.3561333,0.0,0.0,0.0,0.0
2,9,7,0,,,,1.6847667,0.0,0.0,0.0,0.39
2,10,7,0,,,,1.7304833,0.0,0.0,0.0,148.92
2,11,7,0,,,,4.6246166,0.0,0.0,0.0,43.41
2,12,7,0,,,,5.458783,0.0,0.0,0.0,19.59
2,13,7,0,,,,1.52905,0.0,0.0,0.0,76.82
2,14,7,0,,,,0.31061667,0.0,0.0,0.0,89.94
2,15,7,0,,,,0.3061,0.0,0.0,0.0,105.32
2,16,7,0,,,,0.3083,0.0,0.0,0.0,23.99
2,17,7,0,,,,2.3132334,0.0,0.0,0.0,1.23
2,18,7,0,,,,1.1816167,0.0,0.0,0.0,0.0
2,19,7,0,,,,0.3087,0.0,0.0,0.0,0.0
2,20,7,0,,,,0.55465,0.0,0.0,0.0,0.0
2,21,7,0,,,,0.9693,0.0,0.0,0.0,0.0
2,22,7,0,,,,3.4114,0.0,0.0,0.0,0.0
2,23,7,0,,,,1.6716334,0.0,0.0,0.0,0.0
2,24,7,0,,,,1.201675,0.0,0.0,0.0,0.0
2,1,1,0,,,,1.2861667,0.0,0.0,0.0,0.0
2,2,1,0,,,,1.3139,0.0,0.0,0.0,0.0
2,3,1,0,,,,1.2955166,0.0,0.0,0.0,0.0
2,4,1,0,,,,1.35595,0.0,0.0,0.0,0.0
2,5,1,0,,,,1.3771334,0.0,0.0,0.0,0.0
2,6,1,0,,,,1.33875,0.0,0.0,0.0,0.0
2,7,1,0,,,,1.3251166,0.0,0.0,0.0,0.0
2,8,1,0,,,,1.5072666,0.0,0.0,0.0,0.0
2,9,1,0,,,,1.7535334,0.0,0.0,0.0,0.03
2,10,1,0,,,,2.11315,0.0,0.0,0.0,106.05
2,11,1,0,,,,2.6624167,0.0,0.0,0.0,57.93
2,12,1,0,,,,2.0926166,0.0,0.0,0.0,67.77
2,13,1,0,,,,1.1161,0.0,0.0,0.0,45.73
2,14,1,0,,,,1.20325,0.0,0.0,0.0,99.08
2,15,1,0,,,,1.2521555,0.0,0.0,0.0,78.16
2,16,1,0,,,,0.88308334,0.0,0.0,0.0,132.85
2,17,1,0,,,,1.1861833,0.0,0.0,0.0,174.49
2,18,1,0,,,,1.0253333,0.0,0.0,0.0,0.0
2,19,1,0,,,,1.2168833,0.0,0.0,0.0,0.0
2,20,1,0,,,,0.6214833,0.0,0.0,0.0,0.0
2,21,1,0,,,,1.0594167,0.0,0.0,0.0,0.0
2,22,1,0,,,,1.1463833,0.0,0.0,0.0,0.0
2,23,1,0,,,,2.0769835,0.0,0.0,0.0,0.0
2,24,1,0,,,,1.73225,0.0,0.0,0.0,0.0
2,1,2,0,,,,0.86523336,0.0,0.0,0.0,0.0
2,2,2,0,,,,0.87838334,0.0,0.0,0.0,0.0
2,3,2,0,,,,1.1897833,0.0,0.0,0.0,0.0
2,4,2,0,,,,0.8840167,0.0,0.0,0.0,0.0
2,5,2,0,,,,1.05915,0.0,0.0,0.0,0.0
2,6,2,0,,,,1.0412667,0.0,0.0,0.0,0.0
2,7,2,0,,,,0.89905,0.0,0.0,0.0,0.0
2,8,2,0,,,,1.053275,0.0,0.0,0.0,0.0
2,9,2,0,,,,1.3404167,0.0,0.0,0.0,181.09
2,10,2,0,,,,1.4239334,0.0,0.0,0.0,426.47
2,11,2,0,,,,1.9029666,0.0,0.0,0.0,366.77
2,12,2,0,,,,0.816,0.0,0.0,0.0,429.1
2,13,2,0,,,,1.2120334,0.0,0.0,0.0,476.19
2,14,2,0,,,,0.8519833,0.0,0.0,0.0,130.77
2,15,2,0,,,,0.8405,0.0,0.0,0.0,524.81
2,16,2,0,,,,0.84183335,0.0,0.0,0.0,445.11
2,17,2,0,,,,0.81261665,0.0,0.0,0.0,165.29
2,18,2,0,,,,0.91175,0.0,0.0,0.0,0.0
2,19,2,0,,,,1.9744,0.0,0.0,0.0,0.0
2,20,2,0,,,,1.2188833,0.0,0.0,0.0,0.0
2,21,2,0,,,,1.8451166,0.0,0.0,0.0,0.0
2,22,2,0,,,,4.6955166,0.0,0.0,0.0,0.0
2,23,2,0,,,,1.14905,0.0,0.0,0.0,0.0
2,24,2,0,,,,0.8216917,0.0,0.0,0.0,0.0
2,1,3,0,,,,0.5372667,0.0,0.0,0.0,0.0
2,2,3,0,,,,0.5530667,0.0,0.0,0.0,0.0
2,3,3,0,,,,0.54396665,0.0,0.0,0.0,0.0
2,4,3,0,,,,0.28783333,0.0,0.0,0.0,0.0
2,5,3,0,,,,0.59351665,0.0,0.0,0.0,0.0
2,6,3,0,,,,0.8444,0.0,0.0,0.0,0.0
2,7,3,0,,,,0.7538667,0.0,0.0,0.0,0.0
2,8,3,0,,,,1.3149,0.0,0.0,0.0,0.0
2,9,3,0,,,,1.92845,0.0,0.0,0.0,205.7
2,10,3,0,,,,1.6314,0.0,0.0,0.0,441.71
2,11,3,0,,,,1.10375,0.0,0.0,0.0,147.21
2,12,3,0,,,,0.30868334,0.0,0.0,0.0,150.23
2,13,3,0,,,,0.30751666,0.0,0.0,0.0,103.25
2,14,3,0,,,,0.30738333,0.0,0.0,0.0,60.63
2,15,3,0,,,,0.30685,0.0,0.0,0.0,27.87
2,16,3,0,,,,0.30493334,0.0,0.0,0.0,22.6
2,17,3,0,,,,0.29906666,0.0,0.0,0.0,3.78
2,18,3,0,,,,0.42141667,0.0,0.0,0.0,0.0
2,19,3,0,,,,0.84926665,0.0,0.0,0.0,0.0
2,20,3,0,,,,0.8638,0.0,0.0,0.0,0.0
2,21,3,0,,,,0.92911667,0.0,0.0,0.0,0.0
2,22,3,0,,,,1.1288333,0.0,0.0,0.0,0.0
2,23,3,0,,,,0.9112,0.0,0.0,0.0,0.0
2,24,3,0,,,,0.61128336,0.0,0.0,0.0,0.0
2,1,4,0,,,,0.30698332,0.0,0.0,0.0,0.0
2,2,4,0,,,,0.34965,0.0,0.0,0.0,0.0
2,3,4,0,,,,0.7785,0.0,0.0,0.0,0.0
2,4,4,0,,,,0.56011665,0.0,0.0,0.0,0.0
2,5,4,0,,,,0.87376666,0.0,0.0,0.0,0.0
2,6,4,0,,,,0.54445,0.0,0.0,0.0,0.0
2,7,4,0,,,,0.5478,0.0,0.0,0.0,0.0
2,8,4,0,,,,0.6508,0.0,0.0,0.0,0.0
2,9,4,0,,,,0.7407333,0.0,0.0,0.0,33.44
2,10,4,0,,,,1.1120833,0.0,0.0,0.0,107.82
2,11,4,0,,,,1.1628833,0.0,0.0,0.0,92.35
2,12,4,0,,,,0.3579,0.0,0.0,0.0,147.12
2,13,4,0,,,,0.25565,0.0,0.0,0.0,92.05
2,14,4,0,,,,0.258975,0.0,0.0,0.0,80.09
2,15,4,0,,,,0.264075,0.0,0.0,0.0,45.39
2,16,4,0,,,,0.26521668,0.0,0.0,0.0,28.79
2,17,4,0,,,,0.25626665,0.0,0.0,0.0,8.0
2,18,4,0,,,,0.27375,0.0,0.0,0.0,0.0
2,19,4,0,,,,0.39433333,0.0,0.0,0.0,0.0
2,20,4,0,,,,0.67966664,0.0,0.0,0.0,0.0
2,21,4,0,,,,0.63413334,0.0,0.0,0.0,0.0
2,22,4,0,,,,0.8733,0.0,0.0,0.0,0.0
2,23,4,0,,,,0.9674,0.0,0.0,0.0,0.0
2,24,4,0,,,,1.0142833,0.0,0.0,0.0,0.0
2,1,5,0,,,,0.78323334,0.0,0.0,0.0,0.0
2,2,5,0,,,,0.81873333,0.0,0.0,0.0,0.0
2,3,5,0,,,,0.46748334,0.0,0.0,0.0,0.0
2,4,5,0,,,,0.30363333,0.0,0.0,0.0,0.0
2,5,5,0,,,,0.3051,0.0,0.0,0.0,0.0
2,6,5,0,,,,0.30776668,0.0,0.0,0.0,0.0
2,7,5,0,,,,0.37813336,0.0,0.0,0.0,0.0
2,8,5,0,,,,0.30723333,0.0,0.0,0.0,0.0
2,9,5,0,,,,0.55688334,0.0,0.0,0.0,0.44
2,10,5,0,,,,1.3748,0.0,0.0,0.0,46.19
2,11,5,0,,,,2.0910666,0.0,0.0,0.0,153.62
2,12,5,0,,,,1.07525,0.0,0.0,0.0,140.11
2,13,5,0,,,,0.65638334,0.0,0.0,0.0,118.07
2,14,5,0,,,,0.5480833,0.0,0.0,0.0,580.05
2,15,5,0,,,,0.5830167,0.0,0.0,0.0,636.99
2,16,5,0,,,,0.60323334,0.0,0.0,0.0,423.0
2,17,5,0,,,,0.49793333,0.0,0.0,0.0,215.67
2,18,5,0,,,,0.3254,0.0,0.0,0.0,0.0
2,19,5,0,,,,0.48026666,0.0,0.0,0.0,0.0
2,20,5,0,,,,0.5018833,0.0,0.0,0.0,0.0
2,21,5,0,,,,0.33258334,0.0,0.0,0.0,0.0
2,22,5,0,,,,0.333,0.0,0.0,0.0,0.0
2,23,5,0,,,,1.216,0.0,0.0,0.0,0.0
2,24,5,0,,,,1.931175,0.0,0.0,0.0,0.0
2,1,6,0,,,,1.3289334,0.0,0.0,0.0,0.0
2,2,6,0,,,,0.40696666,0.0,0.0,0.0,0.0
2,3,6,0,,,,1.4954333,0.0,0.0,0.0,0.0
2,4,6,0,,,,1.0701333,0.0,0.0,0.0,0.0
2,5,6,0,,,,0.3027,0.0,0.0,0.0,0.0
2,6,6,0,,,,0.6135,0.0,0.0,0.0,0.0
2,7,6,0,,,,0.82371664,0.0,0.0,0.0,0.0
2,8,6,0,,,,1.89795,0.0,0.0,0.0,0.0
2,9,6,0,,,,0.95335,0.0,0.0,0.0,9.31
2,10,6,0,,,,1.0719167,0.0,0.0,0.0,28.79
2,11,6,0,,,,0.7341667,0.0,0.0,0.0,48.43
2,12,6,0,,,,0.74971664,0.0,0.0,0.0,78.7
2,13,6,0,,,,0.2365,0.0,0.0,0.0,53.7
2,14,6,0,,,,0.47181666,0.0,0.0,0.0,48.63
2,15,6,0,,,,0.219,0.0,0.0,0.0,39.74
2,16,6,0,,,,0.5075167,0.0,0.0,0.0,19.29
2,17,6,0,,,,1.0227833,0.0,0.0,0.0,4.23
2,18,6,0,,,,0.31896666,0.0,0.0,0.0,0.0
2,19,6,0,,,,0.30431667,0.0,0.0,0.0,0.0
2,20,6,0,,,,0.30233333,0.0,0.0,0.0,0.0
2,21,6,0,,,,0.5553667,0.0,0.0,0.0,0.0
2,22,6,0,,,,0.37561667,0.0,0.0,0.0,0.0
2,23,6,0,,,,1.14475,0.0,0.0,0.0,0.0
2,24,6,0,,,,1.192425,0.0,0.0,0.0,0.0
2,1,7,0,,,,0.99121666,0.0,0.0,0.0,0.0
2,2,7,0,,,,1.8539667,0.0,0.0,0.0,0.0
2,3,7,0,,,,1.4485667,0.0,0.0,0.0,0.0
2,4,7,0,,,,1.1791333,0.0,0.0,0.0,0.0
2,5,7,0,,,,1.24145,0.0,0.0,0.0,0.0
2,6,7,0,,,,1.04965,0.0,0.0,0.0,0.0
2,7,7,0,,,,1.1476916,0.0,0.0,0.0,0.0
2,8,7,0,,,,1.0022917,0.0,0.0,0.0,0.0
2,9,7,0,,,,0.9361,0.0,0.0,0.0,54.36
2,10,7,0,,,,0.773,0.0,0.0,0.0,137.98
2,11,7,0,,,,0.8589333,0.0,0.0,0.0,67.4
2,12,7,0,,,,0.6857833,0.0,0.0,0.0,65.79
2,13,7,0,,,,0.7487,0.0,0.0,0.0,125.69
2,14,7,0,,,,0.51778334,0.0,0.0,0.0,100.31
2,15,7,0,,,,0.22516666,0.0,0.0,0.0,199.67
2,16,7,0,,,,0.54361665,0.0,0.0,0.0,131.66
2,17,7,0,,,,0.8067833,0.0,0.0,0.0,23.83
2,18,7,0,,,,1.5533,0.0,0.0,0.0,0.0
2,19,7,0,,,,0.78055,0.0,0.0,0.0,0.0
2,20,7,0,,,,0.67356664,0.0,0.0,0.0,0.0
2,21,7,0,,,,0.7874,0.0,0.0,0.0,0.0
2,22,7,0,,,,0.7176167,0.0,0.0,0.0,0.0
2,23,7,0,,,,0.684,0.0,0.0,0.0,0.0
2,24,7,0,,,,0.92785,0.0,0.0,0.0,0.0
2,1,1,0,,,,0.77178335,0.0,0.0,0.0,0.0
2,2,1,0,,,,0.94888335,0.0,0.0,0.0,0.0
2,3,1,0,,,,0.83898336,0.0,0.0,0.0,0.0
2,4,1,0,,,,0.5605,0.0,0.0,0.0,0.0
2,5,1,0,,,,1.24135,0.0,0.0,0.0,0.0
2,6,1,0,,,,1.1540333,0.0,0.0,0.0,0.0
2,7,1,0,,,,1.1465666,0.0,0.0,0.0,0.0
2,8,1,0,,,,0.5008,0.0,0.0,0.0,0.0
2,9,1,0,,,,2.0758333,0.0,0.0,0.0,86.16
2,10,1,0,,,,1.0337167,0.0,0.0,0.0,133.04
2,11,1,0,,,,1.3188,0.0,0.0,0.0,104.28
2,12,1,0,,,,0.7090667,0.0,0.0,0.0,221.98
2,13,1,0,,,,0.25746667,0.0,0.0,0.0,133.05
2,14,1,0,,,,0.18023333,0.0,0.0,0.0,137.49
2,15,1,0,,,,0.18103333,0.0,0.0,0.0,91.0
2,16,1,0,,,,0.1842,0.0,0.0,0.0,107.01
2,17,1,0,,,,0.28605,0.0,0.0,0.0,50.83
2,18,1,0,,,,0.3235,0.0,0.0,0.0,0.0
2,19,1,0,,,,0.39521667,0.0,0.0,0.0,0.0
2,20,1,0,,,,0.50623333,0.0,0.0,0.0,0.0
2,21,1,0,,,,0.37878335,0.0,0.0,0.0,0.0
2,22,1,0,,,,0.51091665,0.0,0.0,0.0,0.0
2,23,1,0,,,,0.5316,0.0,0.0,0.0,0.0
2,24,1,0,,,,1.177325,0.0,0.0,0.0,0.0
2,1,2,0,,,,0.9368,0.0,0.0,0.0,0.0
2,2,2,0,,,,1.1082833,0.0,0.0,0.0,0.0
2,3,2,0,,,,0.87408334,0.0,0.0,0.0,0.0
2,4,2,0,,,,0.90155,0.0,0.0,0.0,0.0
2,5,2,0,,,,0.8919333,0.0,0.0,0.0,0.0
2,6,2,0,,,,1.4436,0.0,0.0,0.0,0.0
2,7,2,0,,,,1.7769834,0.0,0.0,0.0,0.0
2,8,2,0,,,,1.32325,0.0,0.0,0.0,0.0
2,9,2,0,,,,0.86875,0.0,0.0,0.0,77.87
2,10,2,0,,,,0.70806664,0.0,0.0,0.0,64.94
2,11,2,0,,,,0.5814833,0.0,0.0,0.0,93.48
2,12,2,0,,,,0.79141665,0.0,0.0,0.0,140.77
2,13,2,0,,,,0.99703336,0.0,0.0,0.0,66.46
2,14,2,0,,,,1.0738667,0.0,0.0,0.0,54.2
2,15,2,0,,,,0.97225,0.0,0.0,0.0,37.52
2,16,2,0,,,,0.5811333,0.0,0.0,0.0,23.8
2,17,2,0,,,,0.62935,0.0,0.0,0.0,14.48
2,18,2,0,,,,0.483075,0.0,0.0,0.0,0.0
2,19,2,0,,,,0.50226665,0.0,0.0,0.0,0.0
2,20,2,0,,,,0.47986665,0.0,0.0,0.0,0.0
2,21,2,0,,,,0.48106667,0.0,0.0,0.0,0.0
2,22,2,0,,,,0.6461833,0.0,0.0,0.0,0.0
2,23,2,0,,,,0.76806664,0.0,0.0,0.0,0.0
2,24,2,0,,,,0.8012583,0.0,0.0,0.0,0.0
2,1,3,0,,,,0.63371664,0.0,0.0,0.0,0.0
2,2,3,0,,,,0.5296,0.0,0.0,0.0,0.0
2,3,3,0,,,,0.5527667,0.0,0.0,0.0,0.0
2,4,3,0,,,,0.55051666,0.0,0.0,0.0,0.0
2,5,3,0,,,,0.54465,0.0,0.0,0.0,0.0
2,6,3,0,,,,0.66936666,0.0,0.0,0.0,0.0
2,7,3,0,,,,0.78898335,0.0,0.0,0.0,0.0
2,8,3,0,,,,0.68483335,0.0,0.0,0.0,0.0
2,9,3,0,,,,0.2598,0.0,0.0,0.0,15.54
2,10,3,0,,,,0.25858334,0.0,0.0,0.0,31.83
2,11,3,0,,,,0.2585,0.0,0.0,0.0,167.21
2,12,3,0,,,,0.25853333,0.0,0.0,0.0,106.18
2,13,3,0,,,,0.60373336,0.0,0.0,0.0,237.66
2,14,3,0,,,,0.5724667,0.0,0.0,0.0,349.99
2,15,3,0,,,,0.23733333,0.0,0.0,0.0,408.75
2,16,3,0,,,,0.49963334,0.0,0.0,0.0,283.73
2,17,3,0,,,,0.44486666,0.0,0.0,0.0,16.46
2,18,3,0,,,,0.48106667,0.0,0.0,0.0,0.0
2,19,3,0,,,,0.37781668,0.0,0.0,0.0,0.0
2,20,3,0,,,,0.30025,0.0,0.0,0.0,0.0
2,21,3,0,,,,0.30536667,0.0,0.0,0.0,0.0
2,22,3,0,,,,1.5567334,0.0,0.0,0.0,0.0
2,23,3,0,,,,4.086283,0.0,0.0,0.0,0.0
2,24,3,0,,,,1.1324416,0.0,0.0,0.0,0.0
2,1,4,0,,,,0.7196,0.0,0.0,0.0,0.0
2,2,4,0,,,,0.55251664,0.0,0.0,0.0,0.0
2,3,4,0,,,,0.5581,0.0,0.0,0.0,0.0
2,4,4,0,,,,0.56735,0.0,0.0,0.0,0.0
2,5,4,0,,,,0.87245,0.0,0.0,0.0,0.0
2,6,4,0,,,,0.8836333,0.0,0.0,0.0,0.0
2,7,4,0,,,,0.9963667,0.0,0.0,0.0,0.0
2,8,4,0,,,,1.3609667,0.0,0.0,0.0,0.0
2,9,4,0,,,,1.05905,0.0,0.0,0.0,45.97
2,10,4,0,,,,0.5593333,0.0,0.0,0.0,103.93
2,11,4,0,,,,0.2216,0.0,0.0,0.0,124.43
2,12,4,0,,,,0.18573333,0.0,0.0,0.0,408.8
2,13,4,0,,,,0.18231666,0.0,0.0,0.0,725.54
2,14,4,0,,,,0.18035,0.0,0.0,0.0,694.83
2,15,4,0,,,,0.18998334,0.0,0.0,0.0,595.46
2,16,4,0,,,,0.54815,0.0,0.0,0.0,449.18
2,17,4,0,,,,0.92803335,0.0,0.0,0.0,238.86
2,18,4,0,,,,1.2930334,0.0,0.0,0.0,0.0
2,19,4,0,,,,0.77246666,0.0,0.0,0.0,0.0
2,20,4,0,,,,0.81916666,0.0,0.0,0.0,0.0
2,21,4,0,,,,1.3861333,0.0,0.0,0.0,0.0
2,22,4,0,,,,0.61738336,0.0,0.0,0.0,0.0
2,23,4,0,,,,0.31233335,0.0,0.0,0.0,0.0
2,24,4,0,,,,0.30535,0.0,0.0,0.0,0.0
2,1,5,0,,,,0.53775,0.0,0.0,0.0,0.0
2,2,5,0,,,,0.31526667,0.0,0.0,0.0,0.0
2,3,5,0,,,,0.5462,0.0,0.0,0.0,0.0
2,4,5,0,,,,0.55868334,0.0,0.0,0.0,0.0
2,5,5,0,,,,0.78345,0.0,0.0,0.0,0.0
2,6,5,0,,,,1.2917666,0.0,0.0,0.0,0.0
2,7,5,0,,,,1.3831167,0.0,0.0,0.0,0.0
2,8,5,0,,,,0.59155,0.0,0.0,0.0,0.0
2,9,5,0,,,,1.3482167,0.0,0.0,0.0,217.76
2,10,5,0,,,,1.87375,0.0,0.0,0.0,483.62
2,11,5,0,,,,0.65195,0.0,0.0,0.0,599.99
2,12,5,0,,,,0.94271666,0.0,0.0,0.0,710.45
2,13,5,0,,,,1.4445333,0.0,0.0,0.0,742.41
2,14,5,0,,,,1.0419834,0.0,0.0,0.0,726.71
2,15,5,0,,,,1.0774833,0.0,0.0,0.0,604.17
2,16,5,0,,,,1.1505667,0.0,0.0,0.0,362.8
2,17,5,0,,,,1.0162166,0.0,0.0,0.0,25.83
2,18,5,0,,,,1.2660167,0.0,0.0,0.0,0.0
2,19,5,0,,,,0.9137167,0.0,0.0,0.0,0.0
2,20,5,0,,,,0.9026833,0.0,0.0,0.0,0.0
2,21,5,0,,,,1.3328,0.0,0.0,0.0,0.0
2,22,5,0,,,,2.6465833,0.0,0.0,0.0,0.0
2,23,5,0,,,,1.3246334,0.0,0.0,0.0,0.0
2,24,5,0,,,,1.625,0.0,0.0,0.0,0.0
2,1,6,0,,,,1.6937333,0.0,0.0,0.0,0.0
2,2,6,0,,,,1.30645,0.0,0.0,0.0,0.0
2,3,6,0,,,,1.3291,0.0,0.0,0.0,0.0
2,4,6,0,,,,1.3156,0.0,0.0,0.0,0.0
2,5,6,0,,,,1.4205166,0.0,0.0,0.0,0.0
2,6,6,0,,,,1.3161833,0.0,0.0,0.0,0.0
2,7,6,0,,,,1.3214166,0.0,0.0,0.0,0.0
2,8,6,0,,,,1.8132833,0.0,0.0,0.0,0.0
2,9,6,0,,,,2.9593666,0.0,0.0,0.0,227.92
2,10,6,0,,,,1.5841,0.0,0.0,0.0,485.91
2,11,6,0,,,,1.3354167,0.0,0.0,0.0,643.64
2,12,6,0,,,,0.6996167,0.0,0.0,0.0,735.12
2,13,6,0,,,,1.0135,0.0,0.0,0.0,765.77
2,14,6,0,,,,0.88103336,0.0,0.0,0.0,731.95
2,15,6,0,,,,0.7319833,0.0,0.0,0.0,629.45
2,16,6,0,,,,0.22173333,0.0,0.0,0.0,471.78
2,17,6,0,,,,0.21191667,0.0,0.0,0.0,253.46
2,18,6,0,,,,1.1524,0.0,0.0,0.0,0.0
2,19,6,0,,,,1.5001566,0.0,0.0,0.0,0.0
2,20,6,0,,,,0.9328333,0.0,0.0,0.0,0.0
2,21,6,0,,,,1.6828834,0.0,0.0,0.0,0.0
2,22,6,0,,,,1.8241833,0.0,0.0,0.0,0.0
2,23,6,0,,,,2.2522166,0.0,0.0,0.0,0.0
2,24,6,0,,,,1.2646416,0.0,0.0,0.0,0.0
2,1,7,0,,,,0.9435167,0.0,0.0,0.0,0.0
2,2,7,0,,,,1.2613333,0.0,0.0,0.0,0.0
2,3,7,0,,,,1.24315,0.0,0.0,0.0,0.0
2,4,7,0,,,,1.1329167,0.0,0.0,0.0,0.0
2,5,7,0,,,,1.3782417,0.0,0.0,0.0,0.0
2,6,7,0,,,,1.1137834,0.0,0.0,0.0,0.0
2,7,7,0,,,,1.3097,0.0,0.0,0.0,0.0
2,8,7,0,,,,1.9413,0.0,0.0,0.0,0.0
2,9,7,0,,,,1.7323834,0.0,0.0,0.0,260.16
2,10,7,0,,,,1.2492666,0.0,0.0,0.0,492.67
2,11,7,0,,,,1.3648833,0.0,0.0,0.0,648.34
2,12,7,0,,,,1.6316667,0.0,0.0,0.0,742.32
2,13,7,0,,,,1.29315,0.0,0.0,0.0,769.32
2,14,7,0,,,,1.26665,0.0,0.0,0.0,747.52
2,15,7,0,,,,1.0714834,0.0,0.0,0.0,633.14
2,16,7,0,,,,1.0224333,0.0,0.0,0.0,483.78
2,17,7,0,,,,1.2516,0.0,0.0,0.0,263.05
2,18,7,0,,,,1.3767166,0.0,0.0,0.0,0.0
2,19,7,0,,,,1.44275,0.0,0.0,0.0,0.0
2,20,7,0,,,,1.3458333,0.0,0.0,0.0,0.0
2,21,7,0,,,,1.9264667,0.0,0.0,0.0,0.0
2,22,7,0,,,,1.8771334,0.0,0.0,0.0,0.0
2,23,7,0,,,,4.79985,0.0,0.0,0.0,0.0
2,24,7,0,,,,2.4831834,0.0,0.0,0.0,0.0
2,1,1,0,,,,1.62815,0.0,0.0,0.0,0.0
2,2,1,0,,,,1.5728333,0.0,0.0,0.0,0.0
2,3,1,0,,,,1.3246167,0.0,0.0,0.0,0.0
2,4,1,0,,,,1.3006667,0.0,0.0,0.0,0.0
2,5,1,0,,,,1.3075666,0.0,0.0,0.0,0.0
2,6,1,0,,,,1.3440334,0.0,0.0,0.0,0.0
2,7,1,0,,,,1.2866666,0.0,0.0,0.0,0.0
2,8,1,0,,,,1.2842,0.0,0.0,0.0,0.0
2,9,1,0,,,,1.8696834,0.0,0.0,0.0,162.02
2,10,1,0,,,,2.2224834,0.0,0.0,0.0,296.15
2,11,1,0,,,,1.4440334,0.0,0.0,0.0,126.1
2,12,1,0,,,,1.1487666,0.0,0.0,0.0,36.34
2,13,1,0,,,,1.0412834,0.0,0.0,0.0,165.04
2,14,1,0,,,,0.56988335,0.0,0.0,0.0,155.34
2,15,1,0,,,,0.5261833,0.0,0.0,0.0,28.5
2,16,1,0,,,,0.38863334,0.0,0.0,0.0,146.35
2,17,1,0,,,,0.34706667,0.0,0.0,0.0,6.45
2,18,1,0,,,,0.45435,0.0,0.0,0.0,0.0
2,19,1,0,,,,0.31205,0.0,0.0,0.0,0.0
2,20,1,0,,,,0.5653667,0.0,0.0,0.0,0.0
2,21,1,0,,,,1.8953167,0.0,0.0,0.0,0.0
2,22,1,0,,,,1.2156334,0.0,0.0,0.0,0.0
2,23,1,0,,,,1.1223333,0.0,0.0,0.0,0.0
2,24,1,0,,,,0.64351666,0.0,0.0,0.0,0.0
2,1,2,0,,,,0.83966666,0.0,0.0,0.0,0.0
2,2,2,0,,,,0.92153335,0.0,0.0,0.0,0.0
2,3,2,0,,,,0.8471,0.0,0.0,0.0,0.0
2,4,2,0,,,,0.8572,0.0,0.0,0.0,0.0
2,5,2,0,,,,0.9485667,0.0,0.0,0.0,0.0
2,6,2,0,,,,1.0433834,0.0,0.0,0.0,0.0
2,7,2,0,,,,0.91601664,0.0,0.0,0.0,0.0
2,8,2,0,,,,1.0903333,0.0,0.0,0.0,0.0
2,9,2,0,,,,1.2723833,0.0,0.0,0.0,37.37
2,10,2,0,,,,1.0786834,0.0,0.0,0.0,148.73
2,11,2,0,,,,0.9985667,0.0,0.0,0.0,304.01
2,12,2,0,,,,0.27403334,0.0,0.0,0.0,616.94
2,13,2,0,,,,0.2188,0.0,0.0,0.0,782.68
2,14,2,0,,,,0.44591665,0.0,0.0,0.0,755.72
2,15,2,0,,,,1.06835,0.0,0.0,0.0,672.69
2,16,2,0,,,,0.8865167,0.0,0.0,0.0,486.9
2,17,2,0,,,,0.47068334,0.0,0.0,0.0,295.33
2,18,2,0,,,,0.30321667,0.0,0.0,0.0,0.0
2,19,2,0,,,,0.5628833,0.0,0.0,0.0,0.0
2,20,2,0,,,,0.97403336,0.0,0.0,0.0,0.0
2,21,2,0,,,,0.9981,0.0,0.0,0.0,0.0
2,22,2,0,,,,1.0194666,0.0,0.0,0.0,0.0
2,23,2,0,,,,3.259,0.0,0.0,0.0,0.0
2,24,2,0,,,,4.696658,0.0,0.0,0.0,0.0
2,1,3,0,,,,1.6387666,0.0,0.0,0.0,0.0
2,2,3,0,,,,1.4881166,0.0,0.0,0.0,0.0
2,3,3,0,,,,1.3086667,0.0,0.0,0.0,0.0
2,4,3,0,,,,1.2028333,0.0,0.0,0.0,0.0
2,5,3,0,,,,1.0336833,0.0,0.0,0.0,0.0
2,6,3,0,,,,1.1675333,0.0,0.0,0.0,0.0
2,7,3,0,,,,1.3391167,0.0,0.0,0.0,0.0
2,8,3,0,,,,1.4186,0.0,0.0,0.0,0.0
2,9,3,0,,,,4.4581666,0.0,0.0,0.0,93.86
2,10,3,0,,,,1.4045334,0.0,0.0,0.0,523.37
2,11,3,0,,,,1.8358166,0.0,0.0,0.0,670.68
2,12,3,0,,,,0.45541668,0.0,0.0,0.0,678.76
2,13,3,0,,,,0.33765,0.0,0.0,0.0,810.42
2,14,3,0,,,,0.40633333,0.0,0.0,0.0,672.87
2,15,3,0,,,,0.3961,0.0,0.0,0.0,452.9
2,16,3,0,,,,0.36673334,0.0,0.0,0.0,302.71
2,17,3,0,,,,0.7694,0.0,0.0,0.0,225.98
2,18,3,0,,,,1.4844667,0.0,0.0,0.0,0.0
2,19,3,0,,,,1.3000166,0.0,0.0,0.0,0.0
2,20,3,0,,,,1.2758334,0.0,0.0,0.0,0.0
2,21,3,0,,,,1.7839,0.0,0.0,0.0,0.0
2,22,3,0,,,,1.9982333,0.0,0.0,0.0,0.0
2,23,3,0,,,,2.2155333,0.0,0.0,0.0,0.0
2,24,3,0,,,,1.782425,0.0,0.0,0.0,0.0
2,1,4,0,,,,1.6154667,0.0,0.0,0.0,0.0
2,2,4,0,,,,1.7645167,0.0,0.0,0.0,0.0
2,3,4,0,,,,1.6184167,0.0,0.0,0.0,0.0
2,4,4,0,,,,1.5758667,0.0,0.0,0.0,0.0
2,5,4,0,,,,1.7801167,0.0,0.0,0.0,0.0
2,6,4,0,,,,1.8436667,0.0,0.0,0.0,0.0
2,7,4,0,,,,1.9354167,0.0,0.0,0.0,0.0
2,8,4,0,,,,1.8731667,0.0,0.0,0.0,0.0
2,9,4,0,,,,3.8181,0.0,0.0,0.0,87.28
2,10,4,0,,,,2.2499833,0.0,0.0,0.0,517.3
2,11,4,0,,,,1.4244,0.0,0.0,0.0,699.71
2,12,4,0,,,,0.48176667,0.0,0.0,0.0,807.42
2,13,4,0,,,,0.38018334,0.0,0.0,0.0,844.31
2,14,4,0,,,,1.1038166,0.0,0.0,0.0,809.3
2,15,4,0,,,,0.22493333,0.0,0.0,0.0,677.57
2,16,4,0,,,,0.49313334,0.0,0.0,0.0,539.38
2,17,4,0,,,,0.80625,0.0,0.0,0.0,303.12
2,18,4,0,,,,1.0051666,0.0,0.0,0.0,0.0
2,19,4,0,,,,1.9849334,0.0,0.0,0.0,0.0
2,20,4,0,,,,2.39285,0.0,0.0,0.0,0.0
2,21,4,0,,,,1.5062333,0.0,0.0,0.0,0.0
2,22,4,0,,,,2.8934834,0.0,0.0,0.0,0.0
2,23,4,0,,,,2.20635,0.0,0.0,0.0,0.0
2,24,4,0,,,,1.9541084,0.0,0.0,0.0,0.0
2,1,5,0,,,,1.8250834,0.0,0.0,0.0,0.0
2,2,5,0,,,,1.7467667,0.0,0.0,0.0,0.0
2,3,5,0,,,,1.8246666,0.0,0.0,0.0,0.0
2,4,5,0,,,,1.9650667,0.0,0.0,0.0,0.0
2,5,5,0,,,,1.9619833,0.0,0.0,0.0,0.0
2,6,5,0,,,,1.9494833,0.0,0.0,0.0,0.0
2,7,5,0,,,,1.8272834,0.0,0.0,0.0,0.0
2,8,5,0,,,,2.0011833,0.0,0.0,0.0,0.0
2,9,5,0,,,,3.9473834,0.0,0.0,0.0,114.06
2,10,5,0,,,,3.03005,0.0,0.0,0.0,140.79
2,11,5,0,,,,1.1562333,0.0,0.0,0.0,219.92
2,12,5,0,,,,0.97435,0.0,0.0,0.0,310.68
2,13,5,0,,,,0.90346664,0.0,0.0,0.0,254.8
2,14,5,0,,,,0.8119,0.0,0.0,0.0,358.28
2,15,5,0,,,,0.9077833,0.0,0.0,0.0,153.65
2,16,5,0,,,,1.0307,0.0,0.0,0.0,93.92
2,17,5,0,,,,1.32045,0.0,0.0,0.0,37.69
2,18,5,0,,,,1.0955334,0.0,0.0,0.0,0.0
2,19,5,0,,,,1.8787,0.0,0.0,0.0,0.0
2,20,5,0,,,,2.03365,0.0,0.0,0.0,0.0
2,21,5,0,,,,1.7012666,0.0,0.0,0.0,0.0
2,22,5,0,,,,2.9765832,0.0,0.0,0.0,0.0
2,23,5,0,,,,4.509617,0.0,0.0,0.0,0.0
2,24,5,0,,,,2.4117334,0.0,0.0,0.0,0.0
2,1,6,0,,,,2.1605,0.0,0.0,0.0,0.0
2,2,6,0,,,,1.62195,0.0,0.0,0.0,0.0
2,3,6,0,,,,1.7389834,0.0,0.0,0.0,0.0
2,4,6,0,,,,1.9321667,0.0,0.0,0.0,0.0
2,5,6,0,,,,1.8347167,0.0,0.0,0.0,0.0
2,6,6,0,,,,1.6987833,0.0,0.0,0.0,0.0
2,7,6,0,,,,1.9240834,0.0,0.0,0.0,0.0
2,8,6,0,,,,1.7094,0.0,0.0,0.0,0.0
2,9,6,0,,,,2.07515,0.0,0.0,0.0,148.42
2,10,6,0,,,,2.8390834,0.0,0.0,0.0,306.21
2,11,6,0,,,,1.09755,0.0,0.0,0.0,227.14
2,12,6,0,,,,0.3952,0.0,0.0,0.0,758.14
2,13,6,0,,,,0.34426665,0.0,0.0,0.0,810.18
2,14,6,0,,,,2.7018666,0.0,0.0,0.0,778.24
2,15,6,0,,,,1.6395667,0.0,0.0,0.0,679.61
2,16,6,0,,,,0.79503334,0.0,0.0,0.0,527.19
2,17,6,0,,,,1.2170167,0.0,0.0,0.0,273.37
2,18,6,0,,,,1.0239834,0.0,0.0,0.0,0.0
2,19,6,0,,,,1.11295,0.0,0.0,0.0,0.0
2,20,6,0,,,,1.3542334,0.0,0.0,0.0,0.0
2,21,6,0,,,,1.3095167,0.0,0.0,0.0,0.0
2,22,6,0,,,,1.3761667,0.0,0.0,0.0,0.0
2,23,6,0,,,,1.4206166,0.0,0.0,0.0,0.0
2,24,6,0,,,,1.3695917,0.0,0.0,0.0,0.0
2,1,7,0,,,,1.3741666,0.0,0.0,0.0,0.0
2,2,7,0,,,,1.3697,0.0,0.0,0.0,0.0
2,3,7,0,,,,1.4849334,0.0,0.0,0.0,0.0
2,4,7,0,,,,1.5432,0.0,0.0,0.0,0.0
2,5,7,0,,,,1.55965,0.0,0.0,0.0,0.0
2,6,7,0,,,,1.6207,0.0,0.0,0.0,0.0
2,7,7,0,,,,1.5133333,0.0,0.0,0.0,0.0
2,8,7,0,,,,2.1291833,0.0,0.0,0.0,0.0
2,9,7,0,,,,2.1882,0.0,0.0,0.0,10.46
2,10,7,0,,,,1.715,0.0,0.0,0.0,132.93
2,11,7,0,,,,1.63345,0.0,0.0,0.0,58.63
2,12,7,0,,,,1.1735166,0.0,0.0,0.0,109.5
2,13,7,0,,,,1.6835333,0.0,0.0,0.0,195.43
2,14,7,0,,,,1.2914,0.0,0.0,0.0,115.94
2,15,7,0,,,,4.572183,0.0,0.0,0.0,193.45
2,16,7,0,,,,1.3891166,0.0,0.0,0.0,45.35
2,17,7,0,,,,1.3246833,0.0,0.0,0.0,197.86
2,18,7,0,,,,1.6199334,0.0,0.0,0.0,0.0
2,19,7,0,,,,1.6154166,0.0,0.0,0.0,0.0
2,20,7,0,,,,1.38025,0.0,0.0,0.0,0.0
2,21,7,0,,,,1.54895,0.0,0.0,0.0,0.0
2,22,7,0,,,,2.1544,0.0,0.0,0.0,0.0
2,23,7,0,,,,1.5663667,0.0,0.0,0.0,0.0
2,24,7,0,,,,1.758275,0.0,0.0,0.0,0.0
2,1,1,0,,,,1.9309666,0.0,0.0,0.0,0.0
2,2,1,0,,,,1.40045,0.0,0.0,0.0,0.0
2,3,1,0,,,,1.4763666,0.0,0.0,0.0,0.0
2,4,1,0,,,,1.5162,0.0,0.0,0.0,0.0
2,5,1,0,,,,1.5750333,0.0,0.0,0.0,0.0
2,6,1,0,,,,4.01615,0.0,0.0,0.0,0.0
2,7,1,0,,,,2.5197916,0.0,0.0,0.0,0.0
2,8,1,0,,,,2.18315,0.0,0.0,0.0,0.0
2,9,1,0,,,,1.43845,0.0,0.0,0.0,13.2
2,10,1,0,,,,1.4087,0.0,0.0,0.0,51.24
2,11,1,0,,,,1.28455,0.0,0.0,0.0,117.33
2,12,1,0,,,,1.2887334,0.0,0.0,0.0,172.23
2,13,1,0,,,,1.2056167,0.0,0.0,0.0,337.82
2,14,1,0,,,,1.0265833,0.0,0.0,0.0,591.89
2,15,1,0,,,,1.3044167,0.0,0.0,0.0,141.76
2,16,1,0,,,,1.2636666,0.0,0.0,0.0,138.02
2,17,1,0,,,,1.30545,0.0,0.0,0.0,85.18
2,18,1,0,,,,1.3673834,0.0,0.0,0.0,0.0
2,19,1,0,,,,1.0167333,0.0,0.0,0.0,0.0
2,20,1,0,,,,0.9672667,0.0,0.0,0.0,0.0
2,21,1,0,,,,1.3679,0.0,0.0,0.0,0.0
2,22,1,0,,,,1.93355,0.0,0.0,0.0,0.0
2,23,1,0,,,,1.9363,0.0,0.0,0.0,0.0
2,24,1,0,,,,1.8043,0.0,0.0,0.0,0.0
2,1,2,0,,,,1.8471167,0.0,0.0,0.0,0.0
2,2,2,0,,,,1.5178,0.0,0.0,0.0,0.0
2,3,2,0,,,,1.3641,0.0,0.0,0.0,0.0
2,4,2,0,,,,1.4040834,0.0,0.0,0.0,0.0
2,5,2,0,,,,1.4557166,0.0,0.0,0.0,0.0
2,6,2,0,,,,1.6514,0.0,0.0,0.0,0.0
2,7,2,0,,,,2.11005,0.0,0.0,0.0,0.0
2,8,2,0,,,,1.7539,0.0,0.0,0.0,0.0
2,9,2,0,,,,1.2102667,0.0,0.0,0.0,148.24
2,10,2,0,,,,1.12655,0.0,0.0,0.0,400.91
2,11,2,0,,,,0.5646167,0.0,0.0,0.0,579.15
2,12,2,0,,,,0.30191666,0.0,0.0,0.0,556.85
2,13,2,0,,,,0.56886667,0.0,0.0,0.0,428.18
2,14,2,0,,,,0.8293333,0.0,0.0,0.0,449.93
2,15,2,0,,,,0.3182,0.0,0.0,0.0,371.83
2,16,2,0,,,,0.5776167,0.0,0.0,0.0,375.77
2,17,2,0,,,,0.5804667,0.0,0.0,0.0,15.91
2,18,2,0,,,,2.1150334,0.0,0.0,0.0,0.0
2,19,2,0,,,,1.451,0.0,0.0,0.0,0.0
2,20,2,0,,,,0.7217,0.0,0.0,0.0,0.0
2,21,2,0,,,,1.0273,0.0,0.0,0.0,0.0
2,22,2,0,,,,4.323517,0.0,0.0,0.0,0.0
2,23,2,0,,,,4.78945,0.0,0.0,0.0,0.0
2,24,2,0,,,,1.5734084,0.0,0.0,0.0,0.0
3,1,3,0,,,,1.6966833,0.0,0.0,0.0,0.0
3,2,3,0,,,,1.5565667,0.0,0.0,0.0,0.0
3,3,3,0,,,,1.3242667,0.0,0.0,0.0,0.0
3,4,3,0,,,,1.3331333,0.0,0.0,0.0,0.0
3,5,3,0,,,,1.4820666,0.0,0.0,0.0,0.0
3,6,3,0,,,,1.1526834,0.0,0.0,0.0,0.0
3,7,3,0,,,,1.2064,0.0,0.0,0.0,0.0
3,8,3,0,,,,1.80435,0.0,0.0,0.0,0.02
3,9,3,0,,,,1.8801,0.0,0.0,0.0,81.06
3,10,3,0,,,,2.3772082,0.0,0.0,0.0,99.97
3,11,3,0,,,,1.64895,0.0,0.0,0.0,106.98
3,12,3,0,,,,0.5262833,0.0,0.0,0.0,130.39
3,13,3,0,,,,0.58488333,0.0,0.0,0.0,59.69
3,14,3,0,,,,0.5553167,0.0,0.0,0.0,50.73
3,15,3,0,,,,0.80591667,0.0,0.0,0.0,19.27
3,16,3,0,,,,0.22368333,0.0,0.0,0.0,22.93
3,17,3,0,,,,0.21378334,0.0,0.0,0.0,78.08
3,18,3,0,,,,0.43365,0.0,0.0,0.0,0.59
3,19,3,0,,,,0.836,0.0,0.0,0.0,0.0
3,20,3,0,,,,1.22045,0.0,0.0,0.0,0.0
3,21,3,0,,,,1.1895833,0.0,0.0,0.0,0.0
3,22,3,0,,,,1.8828,0.0,0.0,0.0,0.0
3,23,3,0,,,,0.9914167,0.0,0.0,0.0,0.0
3,24,3,0,,,,1.3896834,0.0,0.0,0.0,0.0
3,1,4,0,,,,1.479,0.0,0.0,0.0,0.0
3,2,4,0,,,,1.45495,0.0,0.0,0.0,0.0
3,3,4,0,,,,0.91693336,0.0,0.0,0.0,0.0
3,4,4,0,,,,1.2298666,0.0,0.0,0.0,0.0
3,5,4,0,,,,0.9289,0.0,0.0,0.0,0.0
3,6,4,0,,,,1.1529334,0.0,0.0,0.0,0.0
3,7,4,0,,,,0.8785833,0.0,0.0,0.0,0.0
3,8,4,0,,,,1.0400333,0.0,0.0,0.0,0.42
3,9,4,0,,,,1.0400333,0.0,0.0,0.0,207.15
3,10,4,0,,,,0.98178333,0.0,0.0,0.0,448.65
3,11,4,0,,,,1.4587333,0.0,0.0,0.0,734.61
3,12,4,0,,,,0.74363333,0.0,0.0,0.0,836.84
3,13,4,0,,,,0.26278332,0.0,0.0,0.0,876.45
3,14,4,0,,,,0.20271666,0.0,0.0,0.0,832.43
3,15,4,0,,,,0.2098,0.0,0.0,0.0,698.88
3,16,4,0,,,,0.37725,0.0,0.0,0.0,558.33
3,17,4,0,,,,0.6796167,0.0,0.0,0.0,312.13
3,18,4,0,,,,1.1972166,0.0,0.0,0.0,4.42
3,19,4,0,,,,0.44131666,0.0,0.0,0.0,0.0
3,20,4,0,,,,5.0071836,0.0,0.0,0.0,0.0
3,21,4,0,,,,1.757,0.0,0.0,0.0,0.0
3,22,4,0,,,,1.3919333,0.0,0.0,0.0,0.0
3,23,4,0,,,,0.6988,0.0,0.0,0.0,0.0
3,24,4,0,,,,0.55616665,0.0,0.0,0.0,0.0
3,1,5,0,,,,0.5592833,0.0,0.0,0.0,0.0
3,2,5,0,,,,0.5655,0.0,0.0,0.0,0.0
3,3,5,0,,,,0.8527,0.0,0.0,0.0,0.0
3,4,5,0,,,,0.85393333,0.0,0.0,0.0,0.0
3,5,5,0,,,,0.82481664,0.0,0.0,0.0,0.0
3,6,5,0,,,,0.7319667,0.0,0.0,0.0,0.0
3,7,5,0,,,,0.55105,0.0,0.0,0.0,0.0
3,8,5,0,,,,0.53003335,0.0,0.0,0.0,11.0
3,9,5,0,,,,0.48806667,0.0,0.0,0.0,324.06
3,10,5,0,,,,1.3307166,0.0,0.0,0.0,547.24
3,11,5,0,,,,0.7007333,0.0,0.0,0.0,700.92
3,12,5,0,,,,0.33896667,0.0,0.0,0.0,792.22
3,13,5,0,,,,0.18955,0.0,0.0,0.0,836.27
3,14,5,0,,,,0.18303333,0.0,0.0,0.0,793.57
3,15,5,0,,,,0.18201667,0.0,0.0,0.0,696.29
3,16,5,0,,,,0.20578334,0.0,0.0,0.0,541.16
3,17,5,0,,,,0.2,0.0,0.0,0.0,241.67
3,18,5,0,,,,0.38755,0.0,0.0,0.0,2.31
3,19,5,0,,,,0.5075333,0.0,0.0,0.0,0.0
3,20,5,0,,,,0.52175,0.0,0.0,0.0,0.0
3,21,5,0,,,,0.8810667,0.0,0.0,0.0,0.0
3,22,5,0,,,,2.5498333,0.0,0.0,0.0,0.0
3,23,5,0,,,,0.35581666,0.0,0.0,0.0,0.0
3,24,5,0,,,,0.6705,0.0,0.0,0.0,0.0
3,1,6,0,,,,0.9797,0.0,0.0,0.0,0.0
3,2,6,0,,,,0.85438335,0.0,0.0,0.0,0.0
3,3,6,0,,,,0.8502333,0.0,0.0,0.0,0.0
3,4,6,0,,,,0.87628335,0.0,0.0,0.0,0.0
3,5,6,0,,,,0.8552333,0.0,0.0,0.0,0.0
3,6,6,0,,,,1.1800333,0.0,0.0,0.0,0.0
3,7,6,0,,,,2.4506333,0.0,0.0,0.0,0.0
3,8,6,0,,,,1.4167,0.0,0.0,0.0,0.01
3,9,6,0,,,,1.10255,0.0,0.0,0.0,28.74
3,10,6,0,,,,1.4820666,0.0,0.0,0.0,95.14
3,11,6,0,,,,0.43143332,0.0,0.0,0.0,124.62
3,12,6,0,,,,1.0767167,0.0,0.0,0.0,332.14
3,13,6,0,,,,1.0268167,0.0,0.0,0.0,182.81
3,14,6,0,,,,0.77023333,0.0,0.0,0.0,191.89
3,15,6,0,,,,0.6573833,0.0,0.0,0.0,220.23
3,16,6,0,,,,0.28395,0.0,0.0,0.0,107.01
3,17,6,0,,,,0.29958335,0.0,0.0,0.0,37.28
3,18,6,0,,,,0.30688334,0.0,0.0,0.0,5.76
3,19,6,0,,,,0.60496664,0.0,0.0,0.0,0.0
3,20,6,0,,,,0.6116667,0.0,0.0,0.0,0.0
3,21,6,0,,,,0.6886333,0.0,0.0,0.0,0.0
3,22,6,0,,,,0.80396664,0.0,0.0,0.0,0.0
3,23,6,0,,,,0.82875,0.0,0.0,0.0,0.0
3,24,6,0,,,,0.8569,0.0,0.0,0.0,0.0
3,1,7,0,,,,1.0009834,0.0,0.0,0.0,0.0
3,2,7,0,,,,0.56986666,0.0,0.0,0.0,0.0
3,3,7,0,,,,1.4027333,0.0,0.0,0.0,0.0
3,4,7,0,,,,1.6446167,0.0,0.0,0.0,0.0
3,5,7,0,,,,1.2804834,0.0,0.0,0.0,0.0
3,6,7,0,,,,1.2529833,0.0,0.0,0.0,0.0
3,7,7,0,,,,1.2822,0.0,0.0,0.0,0.0
3,8,7,0,,,,1.1278334,0.0,0.0,0.0,3.13
3,9,7,0,,,,1.0360833,0.0,0.0,0.0,112.21
3,10,7,0,,,,0.83105,0.0,0.0,0.0,373.25
3,11,7,0,,,,1.03225,0.0,0.0,0.0,83.96
3,12,7,0,,,,1.5588334,0.0,0.0,0.0,76.49
3,13,7,0,,,,1.0322167,0.0,0.0,0.0,103.08
3,14,7,0,,,,1.8223333,0.0,0.0,0.0,91.28
3,15,7,0,,,,1.8974667,0.0,0.0,0.0,134.14
3,16,7,0,,,,1.2427833,0.0,0.0,0.0,338.44
3,17,7,0,,,,1.33205,0.0,0.0,0.0,208.87
3,18,7,0,,,,1.4863167,0.0,0.0,0.0,4.18
3,19,7,0,,,,1.52405,0.0,0.0,0.0,0.0
3,20,7,0,,,,1.9771833,0.0,0.0,0.0,0.0
3,21,7,0,,,,1.6411667,0.0,0.0,0.0,0.0
3,22,7,0,,,,2.0141168,0.0,0.0,0.0,0.0
3,23,7,0,,,,1.9858834,0.0,0.0,0.0,0.0
3,24,7,0,,,,2.2348084,0.0,0.0,0.0,0.0
3,1,1,0,,,,2.5593166,0.0,0.0,0.0,0.0
3,2,1,0,,,,1.24435,0.0,0.0,0.0,0.0
3,3,1,0,,,,0.58231664,0.0,0.0,0.0,0.0
3,4,1,0,,,,0.30965,0.0,0.0,0.0,0.0
3,5,1,0,,,,0.30751666,0.0,0.0,0.0,0.0
3,6,1,0,,,,0.20840003,0.0,0.0,0.0,0.0
3,7,1,0,,,,0.30953333,0.0,0.0,0.0,0.0
3,8,1,0,,,,0.31068334,0.0,0.0,0.0,59.41
3,9,1,0,,,,3.6915667,0.0,0.0,0.0,319.49
3,10,1,0,,,,2.1322334,0.0,0.0,0.0,539.71
3,11,1,0,,,,1.92525,0.0,0.0,0.0,642.37
3,12,1,0,,,,0.797,0.0,0.0,0.0,509.59
3,13,1,0,,,,2.1656666,0.0,0.0,0.0,68.23
3,14,1,0,,,,3.1565166,0.0,0.0,0.0,61.01
3,15,1,0,,,,0.75846666,0.0,0.0,0.0,21.1
3,16,1,0,,,,0.70918334,0.0,0.0,0.0,26.26
3,17,1,0,,,,0.23296666,0.0,0.0,0.0,16.96
3,18,1,0,,,,0.89716667,0.0,0.0,0.0,0.0
3,19,1,0,,,,2.71785,0.0,0.0,0.0,0.0
3,20,1,0,,,,1.13295,0.0,0.0,0.0,0.0
3,21,1,0,,,,1.3432833,0.0,0.0,0.0,0.0
3,22,1,0,,,,1.7968333,0.0,0.0,0.0,0.0
3,23,1,0,,,,6.0449166,0.0,0.0,0.0,0.0
3,24,1,0,,,,1.937025,0.0,0.0,0.0,0.0
3,1,2,0,,,,1.5877334,0.0,0.0,0.0,0.0
3,2,2,0,,,,1.4494166,0.0,0.0,0.0,0.0
3,3,2,0,,,,1.3455833,0.0,0.0,0.0,0.0
3,4,2,0,,,,1.4032834,0.0,0.0,0.0,0.0
3,5,2,0,,,,1.3691666,0.0,0.0,0.0,0.0
3,6,2,0,,,,1.2465334,0.0,0.0,0.0,0.0
3,7,2,0,,,,1.3065,0.0,0.0,0.0,0.0
3,8,2,0,,,,1.25495,0.0,0.0,0.0,51.6
3,9,2,0,,,,1.27215,0.0,0.0,0.0,319.27
3,10,2,0,,,,0.78361666,0.0,0.0,0.0,526.42
3,11,2,0,,,,1.2357334,0.0,0.0,0.0,559.79
3,12,2,0,,,,1.2285666,0.0,0.0,0.0,691.78
3,13,2,0,,,,0.57325,0.0,0.0,0.0,785.64
3,14,2,0,,,,0.50018334,0.0,0.0,0.0,792.01
3,15,2,0,,,,0.51585,0.0,0.0,0.0,634.09
3,16,2,0,,,,0.5237333,0.0,0.0,0.0,500.69
3,17,2,0,,,,0.6624,0.0,0.0,0.0,214.9
3,18,2,0,,,,0.85246664,0.0,0.0,0.0,5.21
3,19,2,0,,,,0.7866667,0.0,0.0,0.0,0.0
3,20,2,0,,,,0.57423335,0.0,0.0,0.0,0.0
3,21,2,0,,,,0.8973167,0.0,0.0,0.0,0.0
3,22,2,0,,,,0.9489667,0.0,0.0,0.0,0.0
3,23,2,0,,,,0.9586833,0.0,0.0,0.0,0.0
3,24,2,0,,,,0.71899164,0.0,0.0,0.0,0.0
3,1,3,0,,,,0.3073,0.0,0.0,0.0,0.0
3,2,3,0,,,,0.30301666,0.0,0.0,0.0,0.0
3,3,3,0,,,,0.30345,0.0,0.0,0.0,0.0
3,4,3,0,,,,0.30223334,0.0,0.0,0.0,0.0
3,5,3,0,,,,0.55048335,0.0,0.0,0.0,0.0
3,6,3,0,,,,0.62928337,0.0,0.0,0.0,0.0
3,7,3,0,,,,0.36985,0.0,0.0,0.0,0.0
3,8,3,0,,,,2.04085,0.0,0.0,0.0,73.39
3,9,3,0,,,,1.8882166,0.0,0.0,0.0,61.07
3,10,3,0,,,,2.68545,0.0,0.0,0.0,438.83
3,11,3,0,,,,0.97415,0.0,0.0,0.0,455.06
3,12,3,0,,,,0.8645167,0.0,0.0,0.0,715.88
3,13,3,0,,,,0.7185,0.0,0.0,0.0,666.85
3,14,3,0,,,,0.66845,0.0,0.0,0.0,686.61
3,15,3,0,,,,1.0061,0.0,0.0,0.0,458.42
3,16,3,0,,,,0.8511208,0.0,0.0,0.0,13.43
3,17,3,0,,,,0.25541666,0.0,0.0,0.0,46.49
3,18,3,0,,,,0.25773335,0.0,0.0,0.0,5.58
3,19,3,0,,,,0.2576,0.0,0.0,0.0,0.0
3,20,3,0,,,,0.49678335,0.0,0.0,0.0,0.0
3,21,3,0,,,,2.74795,0.0,0.0,0.0,0.0
3,22,3,0,,,,1.3922833,0.0,0.0,0.0,0.0
3,23,3,0,,,,3.2841167,0.0,0.0,0.0,0.0
3,24,3,0,,,,0.43313333,0.0,0.0,0.0,0.0
3,1,4,0,,,,0.2721,0.0,0.0,0.0,0.0
3,2,4,0,,,,0.2714,0.0,0.0,0.0,0.0
3,3,4,0,,,,0.2713,0.0,0.0,0.0,0.0
3,4,4,0,,,,0.27013335,0.0,0.0,0.0,0.0
3,5,4,0,,,,0.26638332,0.0,0.0,0.0,0.0
3,6,4,0,,,,0.16931668,0.0,0.0,0.0,0.0
3,7,4,0,,,,0.26603332,0.0,0.0,0.0,0.0
3,8,4,0,,,,0.27226666,0.0,0.0,0.0,82.2
3,9,4,0,,,,0.58166665,0.0,0.0,0.0,310.29
3,10,4,0,,,,0.7395333,0.0,0.0,0.0,534.13
3,11,4,0,,,,0.84326667,0.0,0.0,0.0,686.61
3,12,4,0,,,,0.6566167,0.0,0.0,0.0,758.63
3,13,4,0,,,,0.8222833,0.0,0.0,0.0,750.57
3,14,4,0,,,,0.40268335,0.0,0.0,0.0,711.4
3,15,4,0,,,,0.27046666,0.0,0.0,0.0,556.07
3,16,4,0,,,,0.27078333,0.0,0.0,0.0,270.92
3,17,4,0,,,,0.2657,0.0,0.0,0.0,84.3
3,18,4,0,,,,0.26925,0.0,0.0,0.0,4.57
3,19,4,0,,,,0.26905,0.0,0.0,0.0,0.0
3,20,4,0,,,,0.26633334,0.0,0.0,0.0,0.0
3,21,4,0,,,,0.26595,0.0,0.0,0.0,0.0
3,22,4,0,,,,0.28735,0.0,0.0,0.0,0.0
3,23,4,0,,,,1.7986166,0.0,0.0,0.0,0.0
3,24,4,0,,,,2.9070168,0.0,0.0,0.0,0.0
3,1,5,0,,,,1.1484833,0.0,0.0,0.0,0.0
3,2,5,0,,,,0.67945,0.0,0.0,0.0,0.0
3,3,5,0,,,,0.27168334,0.0,0.0,0.0,0.0
3,4,5,0,,,,0.27088332,0.0,0.0,0.0,0.0
3,5,5,0,,,,0.29811665,0.0,0.0,0.0,0.0
3,6,5,0,,,,0.18133336,0.0,0.0,0.0,0.0
3,7,5,0,,,,0.31241667,0.0,0.0,0.0,0.0
3,8,5,0,,,,0.31283334,0.0,0.0,0.0,0.36
3,9,5,0,,,,0.71201664,0.0,0.0,0.0,70.13
3,10,5,0,,,,1.4873166,0.0,0.0,0.0,162.36
3,11,5,0,,,,2.0451,0.0,0.0,0.0,244.61
3,12,5,0,,,,0.75586665,0.0,0.0,0.0,75.82
3,13,5,0,,,,0.19953333,0.0,0.0,0.0,29.05
3,14,5,0,,,,0.18031667,0.0,0.0,0.0,157.16
3,15,5,0,,,,0.63595,0.0,0.0,0.0,104.75
3,16,5,0,,,,1.0682334,0.0,0.0,0.0,233.25
3,17,5,0,,,,0.76273334,0.0,0.0,0.0,42.08
3,18,5,0,,,,0.26836666,0.0,0.0,0.0,10.79
3,19,5,0,,,,0.26833335,0.0,0.0,0.0,0.0
3,20,5,0,,,,0.26766667,0.0,0.0,0.0,0.0
3,21,5,0,,,,0.27231666,0.0,0.0,0.0,0.0
3,22,5,0,,,,0.26773334,0.0,0.0,0.0,0.0
3,23,5,0,,,,0.27696666,0.0,0.0,0.0,0.0
3,24,5,0,,,,0.9630333,0.0,0.0,0.0,0.0
3,1,6,0,,,,0.8382667,0.0,0.0,0.0,0.0
3,2,6,0,,,,0.7166167,0.0,0.0,0.0,0.0
3,3,6,0,,,,0.3113,0.0,0.0,0.0,0.0
3,4,6,0,,,,0.31028333,0.0,0.0,0.0,0.0
3,5,6,0,,,,0.30961666,0.0,0.0,0.0,0.0
3,6,6,0,,,,0.18571335,0.0,0.0,0.0,0.0
3,7,6,0,,,,0.35026667,0.0,0.0,0.0,0.0
3,8,6,0,,,,0.5050833,0.0,0.0,0.0,0.37
3,9,6,0,,,,0.4796,0.0,0.0,0.0,164.91
3,10,6,0,,,,0.71995,0.0,0.0,0.0,104.45
3,11,6,0,,,,0.67971665,0.0,0.0,0.0,390.27
3,12,6,0,,,,1.5862,0.0,0.0,0.0,288.04
3,13,6,0,,,,1.5953667,0.0,0.0,0.0,144.46
3,14,6,0,,,,1.8452,0.0,0.0,0.0,50.51
3,15,6,0,,,,1.4356834,0.0,0.0,0.0,22.62
3,16,6,0,,,,0.544,0.0,0.0,0.0,133.93
3,17,6,0,,,,0.75951666,0.0,0.0,0.0,118.86
3,18,6,0,,,,0.76921666,0.0,0.0,0.0,74.88
3,19,6,0,,,,0.26716667,0.0,0.0,0.0,0.0
3,20,6,0,,,,0.2664,0.0,0.0,0.0,0.0
3,21,6,0,,,,0.27073333,0.0,0.0,0.0,0.0
3,22,6,0,,,,0.26591668,0.0,0.0,0.0,0.0
3,23,6,0,,,,0.35035,0.0,0.0,0.0,0.0
3,24,6,0,,,,0.55913335,0.0,0.0,0.0,0.0
3,1,7,0,,,,0.28393334,0.0,0.0,0.0,0.0
3,2,7,0,,,,0.7266,0.0,0.0,0.0,0.0
3,3,7,0,,,,0.2757,0.0,0.0,0.0,0.0
3,4,7,0,,,,0.27296665,0.0,0.0,0.0,0.0
3,5,7,0,,,,0.27106667,0.0,0.0,0.0,0.0
3,6,7,0,,,,0.27113333,0.0,0.0,0.0,0.0
3,7,7,0,,,,0.27886668,0.0,0.0,0.0,0.0
3,8,7,0,,,,1.0757667,0.0,0.0,0.0,92.06
3,9,7,0,,,,1.6283667,0.0,0.0,0.0,321.69
3,10,7,0,,,,3.1317,0.0,0.0,0.0,473.9
3,11,7,0,,,,1.8346167,0.0,0.0,0.0,438.11
3,12,7,0,,,,1.2528666,0.0,0.0,0.0,771.3
3,13,7,0,,,,0.17831667,0.0,0.0,0.0,618.14
3,14,7,0,,,,0.30535,0.0,0.0,0.0,324.82
3,15,7,0,,,,1.0637167,0.0,0.0,0.0,63.51
3,16,7,0,,,,2.1987834,0.0,0.0,0.0,36.75
3,17,7,0,,,,1.5901667,0.0,0.0,0.0,41.64
3,18,7,0,,,,0.5772,0.0,0.0,0.0,50.79
3,19,7,0,,,,1.5072334,0.0,0.0,0.0,0.0
3,20,7,0,,,,0.9364667,0.0,0.0,0.0,0.0
3,21,7,0,,,,5.311283,0.0,0.0,0.0,0.0
3,22,7,0,,,,1.3885,0.0,0.0,0.0,0.0
3,23,7,0,,,,1.2179667,0.0,0.0,0.0,0.0
3,24,7,0,,,,0.6154917,0.0,0.0,0.0,0.0
3,1,1,0,,,,2.96575,0.0,0.0,0.0,0.0
3,2,1,0,,,,0.45503333,0.0,0.0,0.0,0.0
3,3,1,0,,,,0.26656666,0.0,0.0,0.0,0.0
3,4,1,0,,,,0.26495,0.0,0.0,0.0,0.0
3,5,1,0,,,,0.26733333,0.0,0.0,0.0,0.0
3,6,1,0,,,,0.26715,0.0,0.0,0.0,0.0
3,7,1,0,,,,0.4015,0.0,0.0,0.0,0.0
3,8,1,0,,,,0.54606664,0.0,0.0,0.0,120.83
3,9,1,0,,,,0.8006833,0.0,0.0,0.0,370.18
3,10,1,0,,,,2.35915,0.0,0.0,0.0,600.81
3,11,1,0,,,,1.2504333,0.0,0.0,0.0,755.29
3,12,1,0,,,,1.19185,0.0,0.0,0.0,845.43
3,13,1,0,,,,1.3656167,0.0,0.0,0.0,874.92
3,14,1,0,,,,1.6568,0.0,0.0,0.0,836.48
3,15,1,0,,,,1.4833333,0.0,0.0,0.0,732.91
3,16,1,0,,,,1.6014333,0.0,0.0,0.0,569.2
3,17,1,0,,,,1.4741833,0.0,0.0,0.0,347.11
3,18,1,0,,,,0.30298334,0.0,0.0,0.0,94.98
3,19,1,0,,,,0.47051665,0.0,0.0,0.0,0.0
3,20,1,0,,,,0.47065,0.0,0.0,0.0,0.0
3,21,1,0,,,,0.5918667,0.0,0.0,0.0,0.0
3,22,1,0,,,,0.5979,0.0,0.0,0.0,0.0
3,23,1,0,,,,0.96503335,0.0,0.0,0.0,0.0
3,24,1,0,,,,2.4324334,0.0,0.0,0.0,0.0
3,1,2,0,,,,0.8633,0.0,0.0,0.0,0.0
3,2,2,0,,,,0.36908334,0.0,0.0,0.0,0.0
3,3,2,0,,,,0.2689,0.0,0.0,0.0,0.0
3,4,2,0,,,,0.26536667,0.0,0.0,0.0,0.0
3,5,2,0,,,,0.26440832,0.0,0.0,0.0,0.0
3,6,2,0,,,,0.2641,0.0,0.0,0.0,0.0
3,7,2,0,,,,0.29366666,0.0,0.0,0.0,0.0
3,8,2,0,,,,0.46481666,0.0,0.0,0.0,0.0
3,9,2,0,,,,1.1309834,0.0,0.0,0.0,65.71
3,10,2,0,,,,1.5371166,0.0,0.0,0.0,139.98
3,11,2,0,,,,1.3688542,0.0,0.0,0.0,325.2
3,12,2,0,,,,1.9279667,0.0,0.0,0.0,403.79
3,13,2,0,,,,1.5213,0.0,0.0,0.0,413.15
3,14,2,0,,,,2.3593,0.0,0.0,0.0,324.67
3,15,2,0,,,,0.6724667,0.0,0.0,0.0,286.75
3,16,2,0,,,,1.95955,0.0,0.0,0.0,0.0
3,17,2,0,,,,1.8886833,0.0,0.0,0.0,149.48
3,18,2,0,,,,0.92405,0.0,0.0,0.0,82.5
3,19,2,0,,,,1.4678167,0.0,0.0,0.0,0.0
3,20,2,0,,,,0.81191665,0.0,0.0,0.0,0.0
3,21,2,0,,,,1.0821834,0.0,0.0,0.0,0.0
3,22,2,0,,,,0.6791667,0.0,0.0,0.0,0.0
3,23,2,0,,,,0.58056664,0.0,0.0,0.0,0.0
3,24,2,0,,,,2.0103333,0.0,0.0,0.0,0.0
3,1,3,0,,,,0.28141665,0.0,0.0,0.0,0.0
3,2,3,0,,,,0.27391666,0.0,0.0,0.0,0.0
3,3,3,0,,,,0.27146667,0.0,0.0,0.0,0.0
3,4,3,0,,,,0.27055,0.0,0.0,0.0,0.0
3,5,3,0,,,,0.7327167,0.0,0.0,0.0,0.0
3,6,3,0,,,,0.48945,0.0,0.0,0.0,0.0
3,7,3,0,,,,0.27233332,0.0,0.0,0.0,0.0
3,8,3,0,,,,0.27006668,0.0,0.0,0.0,59.64
3,9,3,0,,,,0.26983333,0.0,0.0,0.0,301.36
3,10,3,0,,,,0.26626667,0.0,0.0,0.0,556.67
3,11,3,0,,,,0.2663,0.0,0.0,0.0,719.16
3,12,3,0,,,,0.7199,0.0,0.0,0.0,807.63
3,13,3,0,,,,0.57645,0.0,0.0,0.0,843.7
3,14,3,0,,,,0.18961667,0.0,0.0,0.0,728.96
3,15,3,0,,,,0.18123333,0.0,0.0,0.0,554.95
3,16,3,0,,,,0.22901666,0.0,0.0,0.0,466.39
3,17,3,0,,,,2.5349667,0.0,0.0,0.0,338.53
3,18,3,0,,,,0.36128333,0.0,0.0,0.0,65.29
3,19,3,0,,,,1.9961333,0.0,0.0,0.0,0.0
3,20,3,0,,,,0.7277667,0.0,0.0,0.0,0.0
3,21,3,0,,,,0.42176667,0.0,0.0,0.0,0.0
3,22,3,0,,,,0.31211665,0.0,0.0,0.0,0.0
3,23,3,0,,,,1.0645,0.0,0.0,0.0,0.0
3,24,3,0,,,,2.1876667,0.0,0.0,0.0,0.0
3,1,4,0,,,,0.75988334,0.0,0.0,0.0,0.0
3,2,4,0,,,,0.2699,0.0,0.0,0.0,0.0
3,3,4,0,,,,0.28971666,0.0,0.0,0.0,0.0
3,4,4,0,,,,0.3092,0.0,0.0,0.0,0.0
3,5,4,0,,,,0.3092,0.0,0.0,0.0,0.0
3,6,4,0,,,,0.31193334,0.0,0.0,0.0,0.0
3,7,4,0,,,,0.43135,0.0,0.0,0.0,0.0
3,8,4,0,,,,0.48585,0.0,0.0,0.0,1.21
3,9,4,0,,,,0.314,0.0,0.0,0.0,41.29
3,10,4,0,,,,0.95388335,0.0,0.0,0.0,36.36
3,11,4,0,,,,1.6596833,0.0,0.0,0.0,70.21
3,12,4,0,,,,0.8426,0.0,0.0,0.0,69.28
3,13,4,0,,,,0.5754833,0.0,0.0,0.0,74.64
3,14,4,0,,,,0.6371167,0.0,0.0,0.0,58.73
3,15,4,0,,,,2.0936666,0.0,0.0,0.0,149.24
3,16,4,0,,,,1.019525,0.0,0.0,0.0,273.81
3,17,4,0,,,,3.1778667,0.0,0.0,0.0,110.31
3,18,4,0,,,,2.9254668,0.0,0.0,0.0,65.9
3,19,4,0,,,,3.18375,0.0,0.0,0.0,0.0
3,20,4,0,,,,1.9310167,0.0,0.0,0.0,0.0
3,21,4,0,,,,0.26876667,0.0,0.0,0.0,0.0
3,22,4,0,,,,0.2741,0.0,0.0,0.0,0.0
3,23,4,0,,,,0.52955,0.0,0.0,0.0,0.0
3,24,4,0,,,,1.39425,0.0,0.0,0.0,0.0
3,1,5,0,,,,0.27266666,0.0,0.0,0.0,0.0
3,2,5,0,,,,0.27276668,0.0,0.0,0.0,0.0
3,3,5,0,,,,0.2716,0.0,0.0,0.0,0.0
3,4,5,0,,,,0.26765,0.0,0.0,0.0,0.0
3,5,5,0,,,,0.6939667,0.0,0.0,0.0,0.0
3,6,5,0,,,,0.8255,0.0,0.0,0.0,0.0
3,7,5,0,,,,0.32125,0.0,0.0,0.0,0.0
3,8,5,0,,,,0.31125,0.0,0.0,0.0,27.15
3,9,5,0,,,,0.6609667,0.0,0.0,0.0,46.64
3,10,5,0,,,,1.2526333,0.0,0.0,0.0,137.23
3,11,5,0,,,,0.7581667,0.0,0.0,0.0,365.47
3,12,5,0,,,,0.21023333,0.0,0.0,0.0,208.97
3,13,5,0,,,,0.20821667,0.0,0.0,0.0,605.51
3,14,5,0,,,,0.20858334,0.0,0.0,0.0,821.73
3,15,5,0,,,,0.20923333,0.0,0.0,0.0,700.53
3,16,5,0,,,,0.21028334,0.0,0.0,0.0,555.64
3,17,5,0,,,,0.21671666,0.0,0.0,0.0,331.38
3,18,5,0,,,,0.20611666,0.0,0.0,0.0,75.66
3,19,5,0,,,,0.29491666,0.0,0.0,0.0,0.0
3,20,5,0,,,,0.66903335,0.0,0.0,0.0,0.0
3,21,5,0,,,,0.8166,0.0,0.0,0.0,0.0
3,22,5,0,,,,7.0825334,0.0,0.0,0.0,0.0
3,23,5,0,,,,2.9619,0.0,0.0,0.0,0.0
3,24,5,0,,,,0.7443,0.0,0.0,0.0,0.0
3,1,6,0,,,,0.27163333,0.0,0.0,0.0,0.0
3,2,6,0,,,,0.27298334,0.0,0.0,0.0,0.0
3,3,6,0,,,,0.28653333,0.0,0.0,0.0,0.0
3,4,6,0,,,,0.31346667,0.0,0.0,0.0,0.0
3,5,6,0,,,,0.33951667,0.0,0.0,0.0,0.0
3,6,6,0,,,,0.3125,0.0,0.0,0.0,0.0
3,7,6,0,,,,0.31471667,0.0,0.0,0.0,0.0
3,8,6,0,,,,0.31331667,0.0,0.0,0.0,94.33
3,9,6,0,,,,0.30963334,0.0,0.0,0.0,344.44
3,10,6,0,,,,0.37961668,0.0,0.0,0.0,574.24
3,11,6,0,,,,0.7126333,0.0,0.0,0.0,727.38
3,12,6,0,,,,0.8465667,0.0,0.0,0.0,823.42
3,13,6,0,,,,1.9330667,0.0,0.0,0.0,830.76
3,14,6,0,,,,2.7167666,0.0,0.0,0.0,810.8
3,15,6,0,,,,1.9964,0.0,0.0,0.0,709.5
3,16,6,0,,,,0.27043334,0.0,0.0,0.0,300.96
3,17,6,0,,,,1.4725,0.0,0.0,0.0,168.81
3,18,6,0,,,,0.26795,0.0,0.0,0.0,16.79
3,19,6,0,,,,1.5215334,0.0,0.0,0.0,0.0
3,20,6,0,,,,0.55293334,0.0,0.0,0.0,0.0
3,21,6,0,,,,1.2244333,0.0,0.0,0.0,0.0
3,22,6,0,,,,1.2795833,0.0,0.0,0.0,0.0
3,23,6,0,,,,0.94725,0.0,0.0,0.0,0.0
3,24,6,0,,,,0.4473,0.0,0.0,0.0,0.0
3,1,7,0,,,,0.32446668,0.0,0.0,0.0,0.0
3,2,7,0,,,,0.31543332,0.0,0.0,0.0,0.0
3,3,7,0,,,,0.31215,0.0,0.0,0.0,0.0
3,4,7,0,,,,0.31165,0.0,0.0,0.0,0.0
3,5,7,0,,,,0.34343332,0.0,0.0,0.0,0.0
3,6,7,0,,,,0.352,0.0,0.0,0.0,0.0
3,7,7,0,,,,0.33725,0.0,0.0,0.0,0.0
3,8,7,0,,,,0.31623334,0.0,0.0,0.0,62.58
3,9,7,0,,,,0.31311667,0.0,0.0,0.0,46.93
3,10,7,0,,,,0.30625,0.0,0.0,0.0,87.57
3,11,7,0,,,,0.39231667,0.0,0.0,0.0,182.95
3,12,7,0,,,,0.6636,0.0,0.0,0.0,99.77
3,13,7,0,,,,0.64813334,0.0,0.0,0.0,32.48
3,14,7,0,,,,0.35971665,0.0,0.0,0.0,68.84
3,15,7,0,,,,3.3167834,0.0,0.0,0.0,82.2
3,16,7,0,,,,1.0673167,0.0,0.0,0.0,50.59
3,17,7,0,,,,0.7908667,0.0,0.0,0.0,51.4
3,18,7,0,,,,1.68985,0.0,0.0,0.0,39.14
3,19,7,0,,,,0.75773335,0.0,0.0,0.0,0.0
3,20,7,0,,,,1.2693833,0.0,0.0,0.0,0.0
3,21,7,0,,,,1.34835,0.0,0.0,0.0,0.0
3,22,7,0,,,,0.81525,0.0,0.0,0.0,0.0
3,23,7,0,,,,0.6847,0.0,0.0,0.0,0.0
3,24,7,0,,,,0.55738336,0.0,0.0,0.0,0.0
3,1,1,0,,,,0.32101667,0.0,0.0,0.0,0.0
3,2,1,0,,,,0.31806666,0.0,0.0,0.0,0.0
3,3,1,0,,,,0.31338334,0.0,0.0,0.0,0.0
3,4,1,0,,,,0.31321666,0.0,0.0,0.0,0.0
3,5,1,0,,,,0.31116667,0.0,0.0,0.0,0.0
3,6,1,0,,,,0.30808333,0.0,0.0,0.0,0.0
3,7,1,0,,,,0.31431666,0.0,0.0,0.0,0.0
3,8,1,0,,,,0.31111667,0.0,0.0,0.0,7.11
3,9,1,0,,,,0.46176666,0.0,0.0,0.0,85.39
3,10,1,0,,,,1.0660833,0.0,0.0,0.0,125.9
3,11,1,0,,,,1.6762167,0.0,0.0,0.0,325.53
3,12,1,0,,,,0.98505,0.0,0.0,0.0,476.18
3,13,1,0,,,,0.5955833,0.0,0.0,0.0,293.55
3,14,1,0,,,,0.5939,0.0,0.0,0.0,270.68
3,15,1,0,,,,0.59138334,0.0,0.0,0.0,148.35
3,16,1,0,,,,0.59025,0.0,0.0,0.0,208.55
3,17,1,0,,,,2.73705,0.0,0.0,0.0,133.82
3,18,1,0,,,,0.6853167,0.0,0.0,0.0,7.54
3,19,1,0,,,,0.47053334,0.0,0.0,0.0,0.0
3,20,1,0,,,,0.36866668,0.0,0.0,0.0,0.0
3,21,1,0,,,,0.51416665,0.0,0.0,0.0,0.0
3,22,1,0,,,,0.8808111,0.0,0.0,0.0,0.0
3,23,1,0,,,,0.5811333,0.0,0.0,0.0,0.0
3,24,1,0,,,,0.617975,0.0,0.0,0.0,0.0
3,1,2,0,,,,1.3683667,0.0,0.0,0.0,0.0
3,2,2,0,,,,0.76125,0.0,0.0,0.0,0.0
3,3,2,0,,,,0.31526667,0.0,0.0,0.0,0.0
3,4,2,0,,,,0.31291667,0.0,0.0,0.0,0.0
3,5,2,0,,,,0.3114,0.0,0.0,0.0,0.0
3,6,2,0,,,,0.31013334,0.0,0.0,0.0,0.0
3,7,2,0,,,,0.3035,0.0,0.0,0.0,0.0
3,8,2,0,,,,0.31376666,0.0,0.0,0.0,83.91
3,9,2,0,,,,0.31056666,0.0,0.0,0.0,89.97
3,10,2,0,,,,0.43316665,0.0,0.0,0.0,103.2
3,11,2,0,,,,0.9022,0.0,0.0,0.0,71.02
3,12,2,0,,,,2.3435,0.0,0.0,0.0,157.94
3,13,2,0,,,,0.6845833,0.0,0.0,0.0,201.15
3,14,2,0,,,,0.53928334,0.0,0.0,0.0,210.18
3,15,2,0,,,,0.5577,0.0,0.0,0.0,94.8
3,16,2,0,,,,0.5593167,0.0,0.0,0.0,284.11
3,17,2,0,,,,0.8465667,0.0,0.0,0.0,197.82
3,18,2,0,,,,0.85075,0.0,0.0,0.0,70.93
3,19,2,0,,,,0.85758334,0.0,0.0,0.0,0.0
3,20,2,0,,,,0.81493336,0.0,0.0,0.0,0.0
3,21,2,0,,,,0.67078334,0.0,0.0,0.0,0.0
3,22,2,0,,,,0.67261666,0.0,0.0,0.0,0.0
3,23,2,0,,,,0.68021667,0.0,0.0,0.0,0.0
3,24,2,0,,,,0.32049167,0.0,0.0,0.0,0.0
3,1,3,0,,,,0.31406668,0.0,0.0,0.0,0.0
3,2,3,0,,,,0.30871665,0.0,0.0,0.0,0.0
3,3,3,0,,,,0.303,0.0,0.0,0.0,0.0
3,4,3,0,,,,0.30233333,0.0,0.0,0.0,0.0
3,5,3,0,,,,0.30131668,0.0,0.0,0.0,0.0
3,6,3,0,,,,0.29951668,0.0,0.0,0.0,0.0
3,7,3,0,,,,1.2878166,0.0,0.0,0.0,0.0
3,8,3,0,,,,1.6358334,0.0,0.0,0.0,4.73
3,9,3,0,,,,1.6560167,0.0,0.0,0.0,26.27
3,10,3,0,,,,1.8729,0.0,0.0,0.0,261.55
3,11,3,0,,,,0.80948335,0.0,0.0,0.0,148.65
3,12,3,0,,,,0.22323333,0.0,0.0,0.0,127.84
3,13,3,0,,,,0.22655,0.0,0.0,0.0,328.34
3,14,3,0,,,,0.22856666,0.0,0.0,0.0,110.98
3,15,3,0,,,,0.22878334,0.0,0.0,0.0,26.39
3,16,3,0,,,,0.50735,0.0,0.0,0.0,75.87
3,17,3,0,,,,0.42731667,0.0,0.0,0.0,324.47
3,18,3,0,,,,0.34373334,0.0,0.0,0.0,96.14
3,19,3,0,,,,4.7811,0.0,0.0,0.0,0.0
3,20,3,0,,,,1.2684,0.0,0.0,0.0,0.0
3,21,3,0,,,,1.2533333,0.0,0.0,0.0,0.0
3,22,3,0,,,,0.6436167,0.0,0.0,0.0,0.0
3,23,3,0,,,,0.6030333,0.0,0.0,0.0,0.0
3,24,3,0,,,,0.524325,0.0,0.0,0.0,0.0
3,1,4,0,,,,0.31293333,0.0,0.0,0.0,0.0
3,2,4,0,,,,0.30796668,0.0,0.0,0.0,0.0
3,3,4,0,,,,0.30466667,0.0,0.0,0.0,0.0
3,4,4,0,,,,0.30618334,0.0,0.0,0.0,0.0
3,5,4,0,,,,0.30588335,0.0,0.0,0.0,0.0
3,6,4,0,,,,0.30611667,0.0,0.0,0.0,0.0
3,7,4,0,,,,0.29946667,0.0,0.0,0.0,0.0
3,8,4,0,,,,1.5201833,0.0,0.0,0.0,166.12
3,9,4,0,,,,3.0373,0.0,0.0,0.0,421.4
3,10,4,0,,,,1.74505,0.0,0.0,0.0,630.8
3,11,4,0,,,,1.40435,0.0,0.0,0.0,774.1
3,12,4,0,,,,0.71313334,0.0,0.0,0.0,637.62
3,13,4,0,,,,0.51303333,0.0,0.0,0.0,219.67
3,14,4,0,,,,0.5292,0.0,0.0,0.0,732.8
3,15,4,0,,,,0.5345333,0.0,0.0,0.0,406.29
3,16,4,0,,,,0.54891664,0.0,0.0,0.0,135.06
3,17,4,0,,,,0.50346667,0.0,0.0,0.0,182.11
3,18,4,0,,,,0.41496667,0.0,0.0,0.0,104.71
3,19,4,0,,,,0.30901667,0.0,0.0,0.0,0.0
3,20,4,0,,,,0.3042,0.0,0.0,0.0,0.0
3,21,4,0,,,,0.70685,0.0,0.0,0.0,0.0
3,22,4,0,,,,1.2669166,0.0,0.0,0.0,0.0
3,23,4,0,,,,1.3490833,0.0,0.0,0.0,0.0
3,24,4,0,,,,1.4670416,0.0,0.0,0.0,0.0
3,1,5,0,,,,1.3611417,0.0,0.0,0.0,0.0
3,2,5,0,,,,1.7134,0.0,0.0,0.0,0.0
3,3,5,0,,,,1.3692666,0.0,0.0,0.0,0.0
3,4,5,0,,,,1.3661333,0.0,0.0,0.0,0.0
3,5,5,0,,,,1.3715333,0.0,0.0,0.0,0.0
3,6,5,0,,,,1.5032166,0.0,0.0,0.0,0.0
3,7,5,0,,,,1.4903166,0.0,0.0,0.0,0.0
3,8,5,0,,,,1.5386667,0.0,0.0,0.0,3.74
3,9,5,0,,,,2.0218832,0.0,0.0,0.0,17.85
3,10,5,0,,,,1.2121333,0.0,0.0,0.0,50.96
3,11,5,0,,,,1.7968833,0.0,0.0,0.0,92.48
3,12,5,0,,,,0.8998167,0.0,0.0,0.0,91.96
3,13,5,0,,,,0.58196664,0.0,0.0,0.0,181.59
3,14,5,0,,,,0.6072,0.0,0.0,0.0,132.4
3,15,5,0,,,,0.60613334,0.0,0.0,0.0,737.94
3,16,5,0,,,,0.6002,0.0,0.0,0.0,570.63
3,17,5,0,,,,0.6105833,0.0,0.0,0.0,313.32
3,18,5,0,,,,0.6831333,0.0,0.0,0.0,107.25
3,19,5,0,,,,0.46418333,0.0,0.0,0.0,0.0
3,20,5,0,,,,0.31706667,0.0,0.0,0.0,0.0
3,21,5,0,,,,0.43343332,0.0,0.0,0.0,0.0
3,22,5,0,,,,0.7373667,0.0,0.0,0.0,0.0
3,23,5,0,,,,0.8767,0.0,0.0,0.0,0.0
3,24,5,0,,,,0.6918833,0.0,0.0,0.0,0.0
3,1,6,0,,,,0.56845,0.0,0.0,0.0,0.0
3,2,6,0,,,,0.8094,0.0,0.0,0.0,0.0
3,3,6,0,,,,1.3462833,0.0,0.0,0.0,0.0
3,4,6,0,,,,0.8571333,0.0,0.0,0.0,0.0
3,5,6,0,,,,0.7700167,0.0,0.0,0.0,0.0
3,6,6,0,,,,1.0700834,0.0,0.0,0.0,0.0
3,7,6,0,,,,1.3170333,0.0,0.0,0.0,0.0
3,8,6,0,,,,0.8814,0.0,0.0,0.0,85.41
3,9,6,0,,,,1.4090166,0.0,0.0,0.0,220.02
3,10,6,0,,,,0.9641,0.0,0.0,0.0,312.06
3,11,6,0,,,,1.243125,0.0,0.0,0.0,468.36
3,12,6,0,,,,1.7839167,0.0,0.0,0.0,486.3
3,13,6,0,,,,1.2895167,0.0,0.0,0.0,404.68
3,14,6,0,,,,0.9931333,0.0,0.0,0.0,358.51
3,15,6,0,,,,0.79756665,0.0,0.0,0.0,255.87
3,16,6,0,,,,0.3232,0.0,0.0,0.0,117.77
3,17,6,0,,,,0.32656667,0.0,0.0,0.0,162.89
3,18,6,0,,,,0.31084168,0.0,0.0,0.0,74.23
3,19,6,0,,,,0.31786665,0.0,0.0,0.0,0.0
3,20,6,0,,,,0.31806666,0.0,0.0,0.0,0.0
3,21,6,0,,,,0.33198333,0.0,0.0,0.0,0.0
3,22,6,0,,,,0.6286,0.0,0.0,0.0,0.0
3,23,6,0,,,,0.7105333,0.0,0.0,0.0,0.0
3,24,6,0,,,,4.098875,0.0,0.0,0.0,0.0
3,1,7,0,,,,2.4195333,0.0,0.0,0.0,0.0
3,2,7,0,,,,1.3632,0.0,0.0,0.0,0.0
3,3,7,0,,,,1.0538167,0.0,0.0,0.0,0.0
3,4,7,0,,,,0.96195,0.0,0.0,0.0,0.0
3,5,7,0,,,,1.1201833,0.0,0.0,0.0,0.0
3,6,7,0,,,,0.89028335,0.0,0.0,0.0,0.0
3,7,7,0,,,,1.16415,0.0,0.0,0.0,0.0
3,8,7,0,,,,0.912125,0.0,0.0,0.0,15.22
3,9,7,0,,,,1.3373417,0.0,0.0,0.0,28.93
3,10,7,0,,,,1.0938166,0.0,0.0,0.0,169.0
3,11,7,0,,,,0.87848336,0.0,0.0,0.0,261.96
3,12,7,0,,,,0.97688335,0.0,0.0,0.0,811.86
3,13,7,0,,,,0.80446666,0.0,0.0,0.0,417.41
3,14,7,0,,,,0.7855167,0.0,0.0,0.0,347.8
3,15,7,0,,,,0.29593334,0.0,0.0,0.0,28.12
3,16,7,0,,,,0.23591666,0.0,0.0,0.0,72.25
3,17,7,0,,,,0.24365,0.0,0.0,0.0,50.64
3,18,7,0,,,,0.23981667,0.0,0.0,0.0,33.4
3,19,7,0,,,,0.3231,0.0,0.0,0.0,0.0
3,20,7,0,,,,0.5188,0.0,0.0,0.0,0.0
3,21,7,0,,,,0.44876668,0.0,0.0,0.0,0.0
3,22,7,0,,,,1.1868167,0.0,0.0,0.0,0.0
3,23,7,0,,,,3.8416834,0.0,0.0,0.0,0.0
3,24,7,0,,,,1.3586084,0.0,0.0,0.0,0.0
3,1,1,0,,,,0.32493332,0.0,0.0,0.0,0.0
3,2,1,0,,,,0.5746,0.0,0.0,0.0,0.0
3,3,1,0,,,,0.7714667,0.0,0.0,0.0,0.0
3,4,1,0,,,,0.93985,0.0,0.0,0.0,0.0
3,5,1,0,,,,0.88533336,0.0,0.0,0.0,0.0
3,6,1,0,,,,0.83306664,0.0,0.0,0.0,0.0
3,7,1,0,,,,0.86948335,0.0,0.0,0.0,0.0
3,8,1,0,,,,1.2035333,0.0,0.0,0.0,10.48
3,9,1,0,,,,1.0278167,0.0,0.0,0.0,115.54
3,10,1,0,,,,1.6060333,0.0,0.0,0.0,124.41
3,11,1,0,,,,1.6018333,0.0,0.0,0.0,140.1
3,12,1,0,,,,0.64375,0.0,0.0,0.0,154.85
3,13,1,0,,,,0.23626667,0.0,0.0,0.0,90.7
3,14,1,0,,,,0.2375,0.0,0.0,0.0,144.67
3,15,1,0,,,,0.24043334,0.0,0.0,0.0,29.4
3,16,1,0,,,,0.23698333,0.0,0.0,0.0,21.33
3,17,1,0,,,,0.24313334,0.0,0.0,0.0,122.75
3,18,1,0,,,,0.37858334,0.0,0.0,0.0,7.79
3,19,1,0,,,,0.70921665,0.0,0.0,0.0,0.0
3,20,1,0,,,,0.8272,0.0,0.0,0.0,0.0
3,21,1,0,,,,0.94535,0.0,0.0,0.0,0.0
3,22,1,0,,,,1.0475167,0.0,0.0,0.0,0.0
3,23,1,0,,,,1.1024667,0.0,0.0,0.0,0.0
3,24,1,0,,,,0.8473333,0.0,0.0,0.0,0.0
3,1,2,0,,,,0.7364,0.0,0.0,0.0,0.0
3,2,2,0,,,,0.59073335,0.0,0.0,0.0,0.0
3,3,2,0,,,,0.83813334,0.0,0.0,0.0,0.0
3,4,2,0,,,,0.8594667,0.0,0.0,0.0,0.0
3,5,2,0,,,,1.2769667,0.0,0.0,0.0,0.0
3,6,2,0,,,,0.85176665,0.0,0.0,0.0,0.0
3,7,2,0,,,,0.84818333,0.0,0.0,0.0,1.27
3,8,2,0,,,,0.9228,0.0,0.0,0.0,181.33
3,9,2,0,,,,0.91966665,0.0,0.0,0.0,437.63
3,10,2,0,,,,0.8013167,0.0,0.0,0.0,637.39
3,11,2,0,,,,1.12825,0.0,0.0,0.0,770.27
3,12,2,0,,,,0.51858336,0.0,0.0,0.0,855.97
3,13,2,0,,,,0.18835,0.0,0.0,0.0,883.24
3,14,2,0,,,,0.19325,0.0,0.0,0.0,843.03
3,15,2,0,,,,0.19421667,0.0,0.0,0.0,754.94
3,16,2,0,,,,0.19483334,0.0,0.0,0.0,597.68
3,17,2,0,,,,0.19885,0.0,0.0,0.0,382.1
3,18,2,0,,,,0.19066666,0.0,0.0,0.0,129.21
3,19,2,0,,,,0.39148334,0.0,0.0,0.0,0.0
3,20,2,0,,,,0.6293833,0.0,0.0,0.0,0.0
3,21,2,0,,,,0.96875,0.0,0.0,0.0,0.0
3,22,2,0,,,,1.0923,0.0,0.0,0.0,0.0
3,23,2,0,,,,0.32671666,0.0,0.0,0.0,0.0
3,24,2,0,,,,0.275675,0.0,0.0,0.0,0.0
3,1,3,0,,,,0.27718332,0.0,0.0,0.0,0.0
3,2,3,0,,,,0.27681667,0.0,0.0,0.0,0.0
3,3,3,0,,,,1.3298833,0.0,0.0,0.0,0.0
3,4,3,0,,,,0.27458334,0.0,0.0,0.0,0.0
3,5,3,0,,,,0.2975,0.0,0.0,0.0,0.0
3,6,3,0,,,,0.2746,0.0,0.0,0.0,0.0
3,7,3,0,,,,0.57281667,0.0,0.0,0.0,3.74
3,8,3,0,,,,0.54518336,0.0,0.0,0.0,169.58
3,9,3,0,,,,1.3545667,0.0,0.0,0.0,182.16
3,10,3,0,,,,2.0056,0.0,0.0,0.0,267.34
3,11,3,0,,,,1.6185833,0.0,0.0,0.0,332.42
3,12,3,0,,,,0.82878333,0.0,0.0,0.0,423.47
3,13,3,0,,,,0.52665,0.0,0.0,0.0,351.0
3,14,3,0,,,,0.222,0.0,0.0,0.0,503.4
3,15,3,0,,,,0.70701665,0.0,0.0,0.0,723.41
3,16,3,0,,,,0.19598334,0.0,0.0,0.0,578.21
3,17,3,0,,,,0.19645,0.0,0.0,0.0,347.89
3,18,3,0,,,,0.1874,0.0,0.0,0.0,80.52
3,19,3,0,,,,2.2203333,0.0,0.0,0.0,0.0
3,20,3,0,,,,1.2984,0.0,0.0,0.0,0.0
3,21,3,0,,,,0.7317333,0.0,0.0,0.0,0.0
3,22,3,0,,,,0.35746667,0.0,0.0,0.0,0.0
3,23,3,0,,,,1.3814833,0.0,0.0,0.0,0.0
3,24,3,0,,,,2.406825,0.0,0.0,0.0,0.0
3,1,4,0,,,,0.66718334,0.0,0.0,0.0,0.0
3,2,4,0,,,,0.43935,0.0,0.0,0.0,0.0
3,3,4,0,,,,0.3166,0.0,0.0,0.0,0.0
3,4,4,0,,,,0.31433332,0.0,0.0,0.0,0.0
3,5,4,0,,,,0.31425,0.0,0.0,0.0,0.0
3,6,4,0,,,,0.31,0.0,0.0,0.0,0.0
3,7,4,0,,,,0.32916668,0.0,0.0,0.0,0.0
3,8,4,0,,,,0.57596666,0.0,0.0,0.0,27.82
3,9,4,0,,,,0.61366665,0.0,0.0,0.0,113.87
3,10,4,0,,,,1.2316333,0.0,0.0,0.0,140.48
3,11,4,0,,,,0.89276665,0.0,0.0,0.0,126.35
3,12,4,0,,,,0.5325,0.0,0.0,0.0,193.94
3,13,4,0,,,,0.51795,0.0,0.0,0.0,405.62
3,14,4,0,,,,0.6020667,0.0,0.0,0.0,819.78
3,15,4,0,,,,0.2732,0.0,0.0,0.0,713.77
3,16,4,0,,,,0.33655,0.0,0.0,0.0,564.81
3,17,4,0,,,,0.92476666,0.0,0.0,0.0,358.74
3,18,4,0,,,,0.24388333,0.0,0.0,0.0,121.73
3,19,4,0,,,,0.26806667,0.0,0.0,0.0,0.0
3,20,4,0,,,,0.26678333,0.0,0.0,0.0,0.0
3,21,4,0,,,,0.45798334,0.0,0.0,0.0,0.0
3,22,4,0,,,,0.47933334,0.0,0.0,0.0,0.0
3,23,4,0,,,,3.5262334,0.0,0.0,0.0,0.0
3,24,4,0,,,,2.8997834,0.0,0.0,0.0,0.0
3,1,5,0,,,,0.8365833,0.0,0.0,0.0,0.0
3,2,5,0,,,,1.1663834,0.0,0.0,0.0,0.0
3,3,5,0,,,,0.7532667,0.0,0.0,0.0,0.0
3,4,5,0,,,,0.9666833,0.0,0.0,0.0,0.0
3,5,5,0,,,,1.0002667,0.0,0.0,0.0,0.0
3,6,5,0,,,,1.3095167,0.0,0.0,0.0,0.0
3,7,5,0,,,,1.3231,0.0,0.0,0.0,4.84
3,8,5,0,,,,0.9955,0.0,0.0,0.0,186.04
3,9,5,0,,,,0.7679833,0.0,0.0,0.0,419.02
3,10,5,0,,,,1.6610917,0.0,0.0,0.0,606.13
3,11,5,0,,,,1.3069667,0.0,0.0,0.0,736.8
3,12,5,0,,,,0.97435,0.0,0.0,0.0,829.28
3,13,5,0,,,,2.6828167,0.0,0.0,0.0,837.0
3,14,5,0,,,,1.3414167,0.0,0.0,0.0,801.03
3,15,5,0,,,,0.7180333,0.0,0.0,0.0,704.46
3,16,5,0,,,,0.729225,0.0,0.0,0.0,554.58
3,17,5,0,,,,0.23318334,0.0,0.0,0.0,353.05
3,18,5,0,,,,0.27731666,0.0,0.0,0.0,124.87
3,19,5,0,,,,0.6824333,0.0,0.0,0.0,0.0
3,20,5,0,,,,0.72798336,0.0,0.0,0.0,0.0
3,21,5,0,,,,0.79975,0.0,0.0,0.0,0.0
3,22,5,0,,,,0.7429,0.0,0.0,0.0,0.0
3,23,5,0,,,,0.7601,0.0,0.0,0.0,0.0
3,24,5,0,,,,0.8886,0.0,0.0,0.0,0.0
4,1,6,0,,,,0.90596664,0.0,0.0,0.0,0.0
4,2,6,0,,,,0.86981666,0.0,0.0,0.0,0.0
4,3,6,0,,,,0.9169,0.0,0.0,0.0,0.0
4,4,6,0,,,,1.28215,0.0,0.0,0.0,0.0
4,5,6,0,,,,1.73055,0.0,0.0,0.0,0.0
4,6,6,0,,,,1.1017166,0.0,0.0,0.0,0.0
4,7,6,0,,,,0.88523334,0.0,0.0,0.0,4.17
4,8,6,0,,,,0.81956667,0.0,0.0,0.0,192.5
4,9,6,0,,,,0.31753334,0.0,0.0,0.0,439.91
4,10,6,0,,,,0.6486667,0.0,0.0,0.0,644.16
4,11,6,0,,,,0.6983333,0.0,0.0,0.0,777.71
4,12,6,0,,,,0.9492583,0.0,0.0,0.0,871.08
4,13,6,0,,,,1.0927167,0.0,0.0,0.0,887.55
4,14,6,0,,,,0.94261664,0.0,0.0,0.0,842.91
4,15,6,0,,,,0.81331664,0.0,0.0,0.0,741.98
4,16,6,0,,,,0.54345,0.0,0.0,0.0,584.36
4,17,6,0,,,,0.27996665,0.0,0.0,0.0,367.41
4,18,6,0,,,,0.27293333,0.0,0.0,0.0,131.0
4,19,6,0,,,,0.2747,0.0,0.0,0.0,0.0
4,20,6,0,,,,0.32788333,0.0,0.0,0.0,0.0
4,21,6,0,,,,0.5302333,0.0,0.0,0.0,0.0
4,22,6,0,,,,1.48635,0.0,0.0,0.0,0.0
4,23,6,0,,,,0.85185,0.0,0.0,0.0,0.0
4,24,6,0,,,,0.8218667,0.0,0.0,0.0,0.0
4,1,7,0,,,,0.49263334,0.0,0.0,0.0,0.0
4,2,7,0,,,,0.32366666,0.0,0.0,0.0,0.0
4,3,7,0,,,,0.3205,0.0,0.0,0.0,0.0
4,4,7,0,,,,0.31846666,0.0,0.0,0.0,0.0
4,5,7,0,,,,0.55335,0.0,0.0,0.0,0.0
4,6,7,0,,,,0.5644,0.0,0.0,0.0,0.0
4,7,7,0,,,,0.5654,0.0,0.0,0.0,9.88
4,8,7,0,,,,0.27431667,0.0,0.0,0.0,210.27
4,9,7,0,,,,0.31945,0.0,0.0,0.0,455.12
4,10,7,0,,,,0.6335,0.0,0.0,0.0,638.11
4,11,7,0,,,,0.73018336,0.0,0.0,0.0,781.31
4,12,7,0,,,,1.49705,0.0,0.0,0.0,873.04
4,13,7,0,,,,2.3246,0.0,0.0,0.0,884.74
4,14,7,0,,,,2.0543334,0.0,0.0,0.0,839.46
4,15,7,0,,,,0.77475,0.0,0.0,0.0,742.39
4,16,7,0,,,,0.7992667,0.0,0.0,0.0,585.03
4,17,7,0,,,,0.2866,0.0,0.0,0.0,365.68
4,18,7,0,,,,0.2758,0.0,0.0,0.0,131.5
4,19,7,0,,,,0.27721667,0.0,0.0,0.0,0.0
4,20,7,0,,,,0.46805,0.0,0.0,0.0,0.0
4,21,7,0,,,,0.49333334,0.0,0.0,0.0,0.0
4,22,7,0,,,,0.39231667,0.0,0.0,0.0,0.0
4,23,7,0,,,,1.5168333,0.0,0.0,0.0,0.0
4,24,7,0,,,,2.4589167,0.0,0.0,0.0,0.0
4,1,1,0,,,,0.28226668,0.0,0.0,0.0,0.0
4,2,1,0,,,,0.29918334,0.0,0.0,0.0,0.0
4,3,1,0,,,,0.5420167,0.0,0.0,0.0,0.0
4,4,1,0,,,,0.5352833,0.0,0.0,0.0,0.0
4,5,1,0,,,,0.54866666,0.0,0.0,0.0,0.0
4,6,1,0,,,,1.13685,0.0,0.0,0.0,0.0
4,7,1,0,,,,1.3440833,0.0,0.0,0.0,12.78
4,8,1,0,,,,1.2285666,0.0,0.0,0.0,208.07
4,9,1,0,,,,0.9369,0.0,0.0,0.0,442.48
4,10,1,0,,,,1.0388167,0.0,0.0,0.0,620.42
4,11,1,0,,,,0.79468334,0.0,0.0,0.0,742.71
4,12,1,0,,,,0.60006666,0.0,0.0,0.0,833.51
4,13,1,0,,,,0.59681666,0.0,0.0,0.0,849.39
4,14,1,0,,,,0.59711665,0.0,0.0,0.0,808.8
4,15,1,0,,,,1.1934667,0.0,0.0,0.0,712.4
4,16,1,0,,,,1.58465,0.0,0.0,0.0,561.64
4,17,1,0,,,,0.5797,0.0,0.0,0.0,359.42
4,18,1,0,,,,0.49235,0.0,0.0,0.0,131.8
4,19,1,0,,,,0.8171833,0.0,0.0,0.0,0.0
4,20,1,0,,,,0.6859,0.0,0.0,0.0,0.0
4,21,1,0,,,,0.64643335,0.0,0.0,0.0,0.0
4,22,1,0,,,,0.6541,0.0,0.0,0.0,0.0
4,23,1,0,,,,1.0788333,0.0,0.0,0.0,0.0
4,24,1,0,,,,1.6881833,0.0,0.0,0.0,0.0
4,1,2,0,,,,0.6354667,0.0,0.0,0.0,0.0
4,2,2,0,,,,0.6861333,0.0,0.0,0.0,0.0
4,3,2,0,,,,0.69645,0.0,0.0,0.0,0.0
4,4,2,0,,,,0.56778336,0.0,0.0,0.0,0.0
4,5,2,0,,,,0.86145,0.0,0.0,0.0,0.0
4,6,2,0,,,,1.0761167,0.0,0.0,0.0,0.0
4,7,2,0,,,,1.0567334,0.0,0.0,0.0,8.53
4,8,2,0,,,,0.8576,0.0,0.0,0.0,201.89
4,9,2,0,,,,0.60325,0.0,0.0,0.0,431.43
4,10,2,0,,,,1.3476334,0.0,0.0,0.0,611.36
4,11,2,0,,,,1.5184166,0.0,0.0,0.0,736.57
4,12,2,0,,,,0.99091667,0.0,0.0,0.0,814.35
4,13,2,0,,,,2.6954668,0.0,0.0,0.0,833.98
4,14,2,0,,,,0.9779,0.0,0.0,0.0,783.63
4,15,2,0,,,,0.66165,0.0,0.0,0.0,683.48
4,16,2,0,,,,0.28203332,0.0,0.0,0.0,549.85
4,17,2,0,,,,0.29105,0.0,0.0,0.0,353.11
4,18,2,0,,,,0.8200833,0.0,0.0,0.0,132.04
4,19,2,0,,,,0.70636666,0.0,0.0,0.0,0.53
4,20,2,0,,,,0.28233334,0.0,0.0,0.0,0.0
4,21,2,0,,,,3.2881,0.0,0.0,0.0,0.0
4,22,2,0,,,,3.6565332,0.0,0.0,0.0,0.0
4,23,2,0,,,,2.2532167,0.0,0.0,0.0,0.0
4,24,2,0,,,,0.60594165,0.0,0.0,0.0,0.0
4,1,3,0,,,,0.28045,0.0,0.0,0.0,0.0
4,2,3,0,,,,0.32235,0.0,0.0,0.0,0.0
4,3,3,0,,,,0.32128334,0.0,0.0,0.0,0.0
4,4,3,0,,,,0.32,0.0,0.0,0.0,0.0
4,5,3,0,,,,0.31955,0.0,0.0,0.0,0.0
4,6,3,0,,,,0.44885,0.0,0.0,0.0,0.0
4,7,3,0,,,,0.60385,0.0,0.0,0.0,9.23
4,8,3,0,,,,0.23726666,0.0,0.0,0.0,185.17
4,9,3,0,,,,0.5139667,0.0,0.0,0.0,407.68
4,10,3,0,,,,0.5557,0.0,0.0,0.0,597.59
4,11,3,0,,,,0.7108667,0.0,0.0,0.0,728.64
4,12,3,0,,,,0.9804,0.0,0.0,0.0,808.27
4,13,3,0,,,,0.74226665,0.0,0.0,0.0,717.05
4,14,3,0,,,,0.66455,0.0,0.0,0.0,766.43
4,15,3,0,,,,0.21871667,0.0,0.0,0.0,706.02
4,16,3,0,,,,1.4722,0.0,0.0,0.0,561.26
4,17,3,0,,,,0.63858336,0.0,0.0,0.0,357.43
4,18,3,0,,,,0.9694833,0.0,0.0,0.0,133.53
4,19,3,0,,,,1.8227333,0.0,0.0,0.0,2.15
4,20,3,0,,,,0.62366664,0.0,0.0,0.0,0.0
4,21,3,0,,,,0.974,0.0,0.0,0.0,0.0
4,22,3,0,,,,1.28655,0.0,0.0,0.0,0.0
4,23,3,0,,,,1.1234,0.0,0.0,0.0,0.0
4,24,3,0,,,,0.29010832,0.0,0.0,0.0,0.0
4,1,4,0,,,,0.32296667,0.0,0.0,0.0,0.0
4,2,4,0,,,,0.32158333,0.0,0.0,0.0,0.0
4,3,4,0,,,,0.3219,0.0,0.0,0.0,0.0
4,4,4,0,,,,0.32351667,0.0,0.0,0.0,0.0
4,5,4,0,,,,0.35613334,0.0,0.0,0.0,0.0
4,6,4,0,,,,0.318,0.0,0.0,0.0,0.0
4,7,4,0,,,,0.32861668,0.0,0.0,0.0,5.48
4,8,4,0,,,,0.37946665,0.0,0.0,0.0,128.26
4,9,4,0,,,,0.78063333,0.0,0.0,0.0,372.29
4,10,4,0,,,,1.3611333,0.0,0.0,0.0,565.2
4,11,4,0,,,,1.5801667,0.0,0.0,0.0,660.23
4,12,4,0,,,,0.43463334,0.0,0.0,0.0,776.06
4,13,4,0,,,,0.2607,0.0,0.0,0.0,816.52
4,14,4,0,,,,0.22058333,0.0,0.0,0.0,793.55
4,15,4,0,,,,0.2281,0.0,0.0,0.0,703.8
4,16,4,0,,,,0.23633334,0.0,0.0,0.0,546.53
4,17,4,0,,,,0.23923333,0.0,0.0,0.0,353.33
4,18,4,0,,,,0.22978333,0.0,0.0,0.0,130.41
4,19,4,0,,,,0.40276667,0.0,0.0,0.0,2.14
4,20,4,0,,,,1.9409667,0.0,0.0,0.0,0.0
4,21,4,0,,,,0.94875,0.0,0.0,0.0,0.0
4,22,4,0,,,,2.1924834,0.0,0.0,0.0,0.0
4,23,4,0,,,,0.7208,0.0,0.0,0.0,0.0
4,24,4,0,,,,1.246825,0.0,0.0,0.0,0.0
4,1,5,0,,,,0.3279,0.0,0.0,0.0,0.0
4,2,5,0,,,,0.3242,0.0,0.0,0.0,0.0
4,3,5,0,,,,0.32071668,0.0,0.0,0.0,0.0
4,4,5,0,,,,0.31938332,0.0,0.0,0.0,0.0
4,5,5,0,,,,0.31555,0.0,0.0,0.0,0.0
4,6,5,0,,,,0.31025,0.0,0.0,0.0,0.0
4,7,5,0,,,,0.32165,0.0,0.0,0.0,3.68
4,8,5,0,,,,0.32095,0.0,0.0,0.0,93.65
4,9,5,0,,,,0.32255,0.0,0.0,0.0,399.87
4,10,5,0,,,,0.5631,0.0,0.0,0.0,573.92
4,11,5,0,,,,0.6235833,0.0,0.0,0.0,658.89
4,12,5,0,,,,0.773,0.0,0.0,0.0,780.13
4,13,5,0,,,,0.55801666,0.0,0.0,0.0,806.74
4,14,5,0,,,,0.56115,0.0,0.0,0.0,764.31
4,15,5,0,,,,0.806,0.0,0.0,0.0,681.19
4,16,5,0,,,,1.6114666,0.0,0.0,0.0,503.3
4,17,5,0,,,,0.40216666,0.0,0.0,0.0,325.73
4,18,5,0,,,,1.2921166,0.0,0.0,0.0,111.78
4,19,5,0,,,,0.2748,0.0,0.0,0.0,0.86
4,20,5,0,,,,0.27560833,0.0,0.0,0.0,0.0
4,21,5,0,,,,0.30851668,0.0,0.0,0.0,0.0
4,22,5,0,,,,0.32346666,0.0,0.0,0.0,0.0
4,23,5,0,,,,0.54403335,0.0,0.0,0.0,0.0
4,24,5,0,,,,0.69305,0.0,0.0,0.0,0.0
4,1,6,0,,,,0.6314333,0.0,0.0,0.0,0.0
4,2,6,0,,,,0.32595,0.0,0.0,0.0,0.0
4,3,6,0,,,,0.62815,0.0,0.0,0.0,0.0
4,4,6,0,,,,0.6810667,0.0,0.0,0.0,0.0
4,5,6,0,,,,0.32245,0.0,0.0,0.0,0.0
4,6,6,0,,,,0.32328334,0.0,0.0,0.0,0.0
4,7,6,0,,,,0.32125,0.0,0.0,0.0,2.07
4,8,6,0,,,,0.47296667,0.0,0.0,0.0,155.34
4,9,6,0,,,,0.32566667,0.0,0.0,0.0,193.34
4,10,6,0,,,,0.6872,0.0,0.0,0.0,467.36
4,11,6,0,,,,0.66291666,0.0,0.0,0.0,420.91
4,12,6,0,,,,0.24521667,0.0,0.0,0.0,509.99
4,13,6,0,,,,0.5812167,0.0,0.0,0.0,786.64
4,14,6,0,,,,1.0796,0.0,0.0,0.0,753.12
4,15,6,0,,,,0.70093334,0.0,0.0,0.0,664.97
4,16,6,0,,,,0.6765,0.0,0.0,0.0,468.13
4,17,6,0,,,,1.1654333,0.0,0.0,0.0,325.37
4,18,6,0,,,,0.83591664,0.0,0.0,0.0,98.54
4,19,6,0,,,,0.80555,0.0,0.0,0.0,1.23
4,20,6,0,,,,0.32475,0.0,0.0,0.0,0.0
4,21,6,0,,,,0.32693332,0.0,0.0,0.0,0.0
4,22,6,0,,,,0.33145,0.0,0.0,0.0,0.0
4,23,6,0,,,,0.6505167,0.0,0.0,0.0,0.0
4,24,6,0,,,,3.850375,0.0,0.0,0.0,0.0
4,1,7,0,,,,0.7629833,0.0,0.0,0.0,0.0
4,2,7,0,,,,0.32063332,0.0,0.0,0.0,0.0
4,3,7,0,,,,0.31688333,0.0,0.0,0.0,0.0
4,4,7,0,,,,0.31656668,0.0,0.0,0.0,0.0
4,5,7,0,,,,0.31808335,0.0,0.0,0.0,0.0
4,6,7,0,,,,1.4342667,0.0,0.0,0.0,0.0
4,7,7,0,,,,2.55735,0.0,0.0,0.0,0.33
4,8,7,0,,,,0.4568,0.0,0.0,0.0,18.62
4,9,7,0,,,,0.9763917,0.0,0.0,0.0,19.89
4,10,7,0,,,,0.93633336,0.0,0.0,0.0,43.55
4,11,7,0,,,,1.0306,0.0,0.0,0.0,474.4
4,12,7,0,,,,0.62835,0.0,0.0,0.0,633.15
4,13,7,0,,,,0.29053333,0.0,0.0,0.0,650.88
4,14,7,0,,,,0.60616666,0.0,0.0,0.0,662.06
4,15,7,0,,,,0.5970167,0.0,0.0,0.0,447.49
4,16,7,0,,,,0.59786665,0.0,0.0,0.0,252.81
4,17,7,0,,,,0.53223336,0.0,0.0,0.0,192.48
4,18,7,0,,,,0.31923333,0.0,0.0,0.0,73.73
4,19,7,0,,,,0.31756666,0.0,0.0,0.0,2.98
4,20,7,0,,,,0.31861666,0.0,0.0,0.0,0.0
4,21,7,0,,,,0.31998333,0.0,0.0,0.0,0.0
4,22,7,0,,,,0.32675,0.0,0.0,0.0,0.0
4,23,7,0,,,,3.7899833,0.0,0.0,0.0,0.0
4,24,7,0,,,,2.633,0.0,0.0,0.0,0.0
4,1,1,0,,,,0.8413333,0.0,0.0,0.0,0.0
4,2,1,0,,,,0.5746167,0.0,0.0,0.0,0.0
4,3,1,0,,,,0.3224,0.0,0.0,0.0,0.0
4,4,1,0,,,,0.31756666,0.0,0.0,0.0,0.0
4,5,1,0,,,,0.3146,0.0,0.0,0.0,0.0
4,6,1,0,,,,0.30881667,0.0,0.0,0.0,0.0
4,7,1,0,,,,0.36876667,0.0,0.0,0.0,33.15
4,8,1,0,,,,0.79648334,0.0,0.0,0.0,181.91
4,9,1,0,,,,2.92495,0.0,0.0,0.0,390.44
4,10,1,0,,,,0.99333334,0.0,0.0,0.0,460.93
4,11,1,0,,,,0.64178336,0.0,0.0,0.0,663.09
4,12,1,0,,,,0.22136667,0.0,0.0,0.0,783.29
4,13,1,0,,,,0.2188,0.0,0.0,0.0,798.92
4,14,1,0,,,,0.47998333,0.0,0.0,0.0,781.16
4,15,1,0,,,,0.58246666,0.0,0.0,0.0,696.97
4,16,1,0,,,,0.58138335,0.0,0.0,0.0,526.16
4,17,1,0,,,,1.4788,0.0,0.0,0.0,240.85
4,18,1,0,,,,0.7383292,0.0,0.0,0.0,127.96
4,19,1,0,,,,0.73355,0.0,0.0,0.0,0.0
4,20,1,0,,,,1.8447,0.0,0.0,0.0,0.0
4,21,1,0,,,,0.84033334,0.0,0.0,0.0,0.0
4,22,1,0,,,,0.81991667,0.0,0.0,0.0,0.0
4,23,1,0,,,,0.6878833,0.0,0.0,0.0,0.0
4,24,1,0,,,,0.6859667,0.0,0.0,0.0,0.0
4,1,2,0,,,,0.5409167,0.0,0.0,0.0,0.0
4,2,2,0,,,,0.8669,0.0,0.0,0.0,0.0
4,3,2,0,,,,0.3622,0.0,0.0,0.0,0.0
4,4,2,0,,,,0.3263,0.0,0.0,0.0,0.0
4,5,2,0,,,,0.32571667,0.0,0.0,0.0,0.0
4,6,2,0,,,,0.32018334,0.0,0.0,0.0,0.0
4,7,2,0,,,,0.33555,0.0,0.0,0.0,18.32
4,8,2,0,,,,0.3299,0.0,0.0,0.0,90.98
4,9,2,0,,,,0.68663335,0.0,0.0,0.0,96.6
4,10,2,0,,,,2.7822,0.0,0.0,0.0,42.03
4,11,2,0,,,,1.6482,0.0,0.0,0.0,148.54
4,12,2,0,,,,1.0315334,0.0,0.0,0.0,229.71
4,13,2,0,,,,1.0513834,0.0,0.0,0.0,223.07
4,14,2,0,,,,1.8424083,0.0,0.0,0.0,127.66
4,15,2,0,,,,0.80408335,0.0,0.0,0.0,162.63
4,16,2,0,,,,1.0167,0.0,0.0,0.0,91.57
4,17,2,0,,,,1.44905,0.0,0.0,0.0,61.18
4,18,2,0,,,,0.5733167,0.0,0.0,0.0,37.7
4,19,2,0,,,,0.56623334,0.0,0.0,0.0,0.0
4,20,2,0,,,,0.28826666,0.0,0.0,0.0,0.0
4,21,2,0,,,,0.39829168,0.0,0.0,0.0,0.0
4,22,2,0,,,,0.69916666,0.0,0.0,0.0,0.0
4,23,2,0,,,,1.5561833,0.0,0.0,0.0,0.0
4,24,2,0,,,,0.34093332,0.0,0.0,0.0,0.0
4,1,3,0,,,,0.33015,0.0,0.0,0.0,0.0
4,2,3,0,,,,0.32666665,0.0,0.0,0.0,0.0
4,3,3,0,,,,0.32281667,0.0,0.0,0.0,0.0
4,4,3,0,,,,0.31775832,0.0,0.0,0.0,0.0
4,5,3,0,,,,0.7571667,0.0,0.0,0.0,0.0
4,6,3,0,,,,0.67025,0.0,0.0,0.0,0.0
4,7,3,0,,,,0.32723334,0.0,0.0,0.0,1.15
4,8,3,0,,,,1.1289834,0.0,0.0,0.0,8.83
4,9,3,0,,,,1.80795,0.0,0.0,0.0,34.27
4,10,3,0,,,,0.20283334,0.0,0.0,0.0,71.07
4,11,3,0,,,,1.97685,0.0,0.0,0.0,86.24
4,12,3,0,,,,0.1987,0.0,0.0,0.0,103.99
4,13,3,0,,,,0.19423333,0.0,0.0,0.0,59.61
4,14,3,0,,,,0.19516666,0.0,0.0,0.0,66.77
4,15,3,0,,,,0.19616666,0.0,0.0,0.0,0.0
4,16,3,0,,,,0.19458333,0.0,0.0,0.0,51.91
4,17,3,0,,,,0.19795,0.0,0.0,0.0,28.27
4,18,3,0,,,,0.19243333,0.0,0.0,0.0,32.84
4,19,3,0,,,,0.47716665,0.0,0.0,0.0,0.0
4,20,3,0,,,,0.98398334,0.0,0.0,0.0,0.0
4,21,3,0,,,,1.1535333,0.0,0.0,0.0,0.0
4,22,3,0,,,,0.85471666,0.0,0.0,0.0,0.0
4,23,3,0,,,,0.9302667,0.0,0.0,0.0,0.0
4,24,3,0,,,,1.843725,0.0,0.0,0.0,0.0
4,1,4,0,,,,0.52375,0.0,0.0,0.0,0.0
4,2,4,0,,,,0.3405,0.0,0.0,0.0,0.0
4,3,4,0,,,,0.32718334,0.0,0.0,0.0,0.0
4,4,4,0,,,,0.32588333,0.0,0.0,0.0,0.0
4,5,4,0,,,,0.32343334,0.0,0.0,0.0,0.0
4,6,4,0,,,,0.3223,0.0,0.0,0.0,0.0
4,7,4,0,,,,0.327425,0.0,0.0,0.0,1.18
4,8,4,0,,,,0.43281665,0.0,0.0,0.0,9.61
4,9,4,0,,,,1.3443,0.0,0.0,0.0,61.59
4,10,4,0,,,,1.65325,0.0,0.0,0.0,107.37
4,11,4,0,,,,1.64355,0.0,0.0,0.0,145.92
4,12,4,0,,,,0.7427,0.0,0.0,0.0,171.67
4,13,4,0,,,,0.26736668,0.0,0.0,0.0,188.67
4,14,4,0,,,,0.2512,0.0,0.0,0.0,213.04
4,15,4,0,,,,0.36813334,0.0,0.0,0.0,233.13
4,16,4,0,,,,2.0911167,0.0,0.0,0.0,136.3
4,17,4,0,,,,0.86551666,0.0,0.0,0.0,109.91
4,18,4,0,,,,0.6235167,0.0,0.0,0.0,130.15
4,19,4,0,,,,0.32038334,0.0,0.0,0.0,8.52
4,20,4,0,,,,0.31958333,0.0,0.0,0.0,0.0
4,21,4,0,,,,0.3367,0.0,0.0,0.0,0.0
4,22,4,0,,,,0.67815,0.0,0.0,0.0,0.0
4,23,4,0,,,,0.69555,0.0,0.0,0.0,0.0
4,24,4,0,,,,0.34091666,0.0,0.0,0.0,0.0
4,1,5,0,,,,0.31896666,0.0,0.0,0.0,0.0
4,2,5,0,,,,0.31788334,0.0,0.0,0.0,0.0
4,3,5,0,,,,0.31551668,0.0,0.0,0.0,0.0
4,4,5,0,,,,0.30964166,0.0,0.0,0.0,0.0
4,5,5,0,,,,0.31706667,0.0,0.0,0.0,0.0
4,6,5,0,,,,0.82295,0.0,0.0,0.0,0.0
4,7,5,0,,,,3.2800834,0.0,0.0,0.0,32.72
4,8,5,0,,,,1.10465,0.0,0.0,0.0,59.43
4,9,5,0,,,,0.8077,0.0,0.0,0.0,268.85
4,10,5,0,,,,0.7122167,0.0,0.0,0.0,649.96
4,11,5,0,,,,0.32258335,0.0,0.0,0.0,739.26
4,12,5,0,,,,0.32005,0.0,0.0,0.0,764.3
4,13,5,0,,,,0.3201,0.0,0.0,0.0,629.51
4,14,5,0,,,,0.31955,0.0,0.0,0.0,337.06
4,15,5,0,,,,0.32725,0.0,0.0,0.0,144.4
4,16,5,0,,,,0.2953,0.0,0.0,0.0,89.5
4,17,5,0,,,,0.29686666,0.0,0.0,0.0,68.51
4,18,5,0,,,,0.30535,0.0,0.0,0.0,103.23
4,19,5,0,,,,0.62415,0.0,0.0,0.0,9.76
4,20,5,0,,,,0.84115,0.0,0.0,0.0,0.0
4,21,5,0,,,,0.65036666,0.0,0.0,0.0,0.0
4,22,5,0,,,,0.35731667,0.0,0.0,0.0,0.0
4,23,5,0,,,,0.49658334,0.0,0.0,0.0,0.0
4,24,5,0,,,,0.3251,0.0,0.0,0.0,0.0
4,1,6,0,,,,0.32086667,0.0,0.0,0.0,0.0
4,2,6,0,,,,0.3216,0.0,0.0,0.0,0.0
4,3,6,0,,,,0.3199,0.0,0.0,0.0,0.0
4,4,6,0,,,,0.31575,0.0,0.0,0.0,0.0
4,5,6,0,,,,0.31425,0.0,0.0,0.0,0.0
4,6,6,0,,,,0.7481,0.0,0.0,0.0,0.0
4,7,6,0,,,,3.0585833,0.0,0.0,0.0,46.06
4,8,6,0,,,,1.6823,0.0,0.0,0.0,24.62
4,9,6,0,,,,0.7392333,0.0,0.0,0.0,89.43
4,10,6,0,,,,0.7864,0.0,0.0,0.0,211.65
4,11,6,0,,,,0.4659,0.0,0.0,0.0,187.7
4,12,6,0,,,,0.27815,0.0,0.0,0.0,152.87
4,13,6,0,,,,0.2764,0.0,0.0,0.0,177.38
4,14,6,0,,,,0.27678335,0.0,0.0,0.0,441.59
4,15,6,0,,,,0.27791667,0.0,0.0,0.0,174.55
4,16,6,0,,,,0.2774,0.0,0.0,0.0,105.58
4,17,6,0,,,,0.30093333,0.0,0.0,0.0,37.32
4,18,6,0,,,,0.26966667,0.0,0.0,0.0,7.6
4,19,6,0,,,,4.3308167,0.0,0.0,0.0,0.2
4,20,6,0,,,,1.2277167,0.0,0.0,0.0,0.0
4,21,6,0,,,,1.4845,0.0,0.0,0.0,0.0
4,22,6,0,,,,1.8291334,0.0,0.0,0.0,0.0
4,23,6,0,,,,0.26203334,0.0,0.0,0.0,0.0
4,24,6,0,,,,0.30048335,0.0,0.0,0.0,0.0
4,1,7,0,,,,0.30405,0.0,0.0,0.0,0.0
4,2,7,0,,,,0.30655,0.0,0.0,0.0,0.0
4,3,7,0,,,,0.30241665,0.0,0.0,0.0,0.0
4,4,7,0,,,,0.30286667,0.0,0.0,0.0,0.0
4,5,7,0,,,,0.33581668,0.0,0.0,0.0,0.0
4,6,7,0,,,,0.32606667,0.0,0.0,0.0,0.0
4,7,7,0,,,,0.33421665,0.0,0.0,0.0,2.07
4,8,7,0,,,,0.5778,0.0,0.0,0.0,10.11
4,9,7,0,,,,1.89905,0.0,0.0,0.0,45.8
4,10,7,0,,,,1.2524166,0.0,0.0,0.0,64.54
4,11,7,0,,,,0.22316666,0.0,0.0,0.0,94.24
4,12,7,0,,,,0.21745,0.0,0.0,0.0,179.34
4,13,7,0,,,,0.21458334,0.0,0.0,0.0,108.64
4,14,7,0,,,,0.215525,0.0,0.0,0.0,89.82
4,15,7,0,,,,0.21664166,0.0,0.0,0.0,76.03
4,16,7,0,,,,0.21875,0.0,0.0,0.0,55.42
4,17,7,0,,,,1.1891667,0.0,0.0,0.0,42.28
4,18,7,0,,,,0.453,0.0,0.0,0.0,13.91
4,19,7,0,,,,1.1581,0.0,0.0,0.0,1.74
4,20,7,0,,,,5.61895,0.0,0.0,0.0,0.0
4,21,7,0,,,,3.2119,0.0,0.0,0.0,0.0
4,22,7,0,,,,1.3037666,0.0,0.0,0.0,0.0
4,23,7,0,,,,1.1213,0.0,0.0,0.0,0.0
4,24,7,0,,,,0.85625,0.0,0.0,0.0,0.0
4,1,1,0,,,,0.3671,0.0,0.0,0.0,0.0
4,2,1,0,,,,0.32901666,0.0,0.0,0.0,0.0
4,3,1,0,,,,0.31646666,0.0,0.0,0.0,0.0
4,4,1,0,,,,0.4,0.0,0.0,0.0,0.0
4,5,1,0,,,,0.60618335,0.0,0.0,0.0,0.0
4,6,1,0,,,,0.68975,0.0,0.0,0.0,0.0
4,7,1,0,,,,1.4570333,0.0,0.0,0.0,5.85
4,8,1,0,,,,0.43088335,0.0,0.0,0.0,32.94
4,9,1,0,,,,0.22095,0.0,0.0,0.0,122.89
4,10,1,0,,,,0.22018333,0.0,0.0,0.0,191.13
4,11,1,0,,,,0.22181667,0.0,0.0,0.0,203.63
4,12,1,0,,,,0.21906666,0.0,0.0,0.0,187.22
4,13,1,0,,,,0.40923333,0.0,0.0,0.0,413.23
4,14,1,0,,,,0.71756667,0.0,0.0,0.0,624.65
4,15,1,0,,,,0.21505,0.0,0.0,0.0,448.56
4,16,1,0,,,,0.2168,0.0,0.0,0.0,218.17
4,17,1,0,,,,0.22010833,0.0,0.0,0.0,305.46
4,18,1,0,,,,0.3508,0.0,0.0,0.0,130.64
4,19,1,0,,,,0.31606665,0.0,0.0,0.0,13.71
4,20,1,0,,,,0.46008334,0.0,0.0,0.0,0.0
4,21,1,0,,,,0.6450667,0.0,0.0,0.0,0.0
4,22,1,0,,,,0.89163333,0.0,0.0,0.0,0.0
4,23,1,0,,,,3.00355,0.0,0.0,0.0,0.0
4,24,1,0,,,,0.49470833,0.0,0.0,0.0,0.0
4,1,2,0,,,,0.33131668,0.0,0.0,0.0,0.0
4,2,2,0,,,,0.33123332,0.0,0.0,0.0,0.0
4,3,2,0,,,,0.32775,0.0,0.0,0.0,0.0
4,4,2,0,,,,0.32653335,0.0,0.0,0.0,0.0
4,5,2,0,,,,0.32463333,0.0,0.0,0.0,0.0
4,6,2,0,,,,0.31685,0.0,0.0,0.0,0.0
4,7,2,0,,,,0.3291,0.0,0.0,0.0,54.14
4,8,2,0,,,,0.34206668,0.0,0.0,0.0,258.69
4,9,2,0,,,,1.1402667,0.0,0.0,0.0,469.81
4,10,2,0,,,,1.3421167,0.0,0.0,0.0,612.65
4,11,2,0,,,,1.80805,0.0,0.0,0.0,696.62
4,12,2,0,,,,1.0274,0.0,0.0,0.0,792.14
4,13,2,0,,,,0.6102833,0.0,0.0,0.0,705.66
4,14,2,0,,,,0.6056917,0.0,0.0,0.0,710.65
4,15,2,0,,,,0.6066333,0.0,0.0,0.0,513.5
4,16,2,0,,,,0.6195833,0.0,0.0,0.0,541.57
4,17,2,0,,,,0.5294,0.0,0.0,0.0,314.15
4,18,2,0,,,,0.35943332,0.0,0.0,0.0,90.23
4,19,2,0,,,,2.2388,0.0,0.0,0.0,16.86
4,20,2,0,,,,0.9357,0.0,0.0,0.0,0.0
4,21,2,0,,,,0.8032333,0.0,0.0,0.0,0.0
4,22,2,0,,,,1.3687167,0.0,0.0,0.0,0.0
4,23,2,0,,,,0.6224167,0.0,0.0,0.0,0.0
4,24,2,0,,,,1.818075,0.0,0.0,0.0,0.0
4,1,3,0,,,,0.30505,0.0,0.0,0.0,0.0
4,2,3,0,,,,0.31953335,0.0,0.0,0.0,0.0
4,3,3,0,,,,0.31961668,0.0,0.0,0.0,0.0
4,4,3,0,,,,0.31981668,0.0,0.0,0.0,0.0
4,5,3,0,,,,0.31785,0.0,0.0,0.0,0.0
4,6,3,0,,,,0.5442333,0.0,0.0,0.0,0.0
4,7,3,0,,,,0.70945,0.0,0.0,0.0,45.29
4,8,3,0,,,,1.0006,0.0,0.0,0.0,210.53
4,9,3,0,,,,1.1503834,0.0,0.0,0.0,427.43
4,10,3,0,,,,1.0315334,0.0,0.0,0.0,619.94
4,11,3,0,,,,0.82338333,0.0,0.0,0.0,637.07
4,12,3,0,,,,0.26698333,0.0,0.0,0.0,137.22
4,13,3,0,,,,0.70275,0.0,0.0,0.0,54.39
4,14,3,0,,,,1.1362166,0.0,0.0,0.0,342.79
4,15,3,0,,,,0.19871667,0.0,0.0,0.0,121.34
4,16,3,0,,,,0.46766666,0.0,0.0,0.0,49.77
4,17,3,0,,,,0.46616668,0.0,0.0,0.0,238.44
4,18,3,0,,,,0.28736666,0.0,0.0,0.0,124.69
4,19,3,0,,,,0.2767,0.0,0.0,0.0,17.71
4,20,3,0,,,,0.2818,0.0,0.0,0.0,0.0
4,21,3,0,,,,0.55883336,0.0,0.0,0.0,0.0
4,22,3,0,,,,0.80286664,0.0,0.0,0.0,0.0
4,23,3,0,,,,0.9071,0.0,0.0,0.0,0.0
4,24,3,0,,,,0.5001417,0.0,0.0,0.0,0.0
4,1,4,0,,,,0.32616666,0.0,0.0,0.0,0.0
4,2,4,0,,,,0.32385,0.0,0.0,0.0,0.0
4,3,4,0,,,,0.32026666,0.0,0.0,0.0,0.0
4,4,4,0,,,,0.32146665,0.0,0.0,0.0,0.0
4,5,4,0,,,,0.32033333,0.0,0.0,0.0,0.0
4,6,4,0,,,,0.5320333,0.0,0.0,0.0,0.0
4,7,4,0,,,,0.59765,0.0,0.0,0.0,55.57
4,8,4,0,,,,0.79115,0.0,0.0,0.0,243.04
4,9,4,0,,,,1.2425166,0.0,0.0,0.0,457.12
4,10,4,0,,,,1.4013,0.0,0.0,0.0,627.13
4,11,4,0,,,,1.0841334,0.0,0.0,0.0,714.44
4,12,4,0,,,,0.99006665,0.0,0.0,0.0,798.42
4,13,4,0,,,,0.4217,0.0,0.0,0.0,634.57
4,14,4,0,,,,2.3453,0.0,0.0,0.0,710.63
4,15,4,0,,,,0.45986667,0.0,0.0,0.0,609.81
4,16,4,0,,,,0.55841666,0.0,0.0,0.0,545.51
4,17,4,0,,,,1.4923333,0.0,0.0,0.0,357.88
4,18,4,0,,,,0.84073335,0.0,0.0,0.0,136.42
4,19,4,0,,,,1.75525,0.0,0.0,0.0,16.85
4,20,4,0,,,,1.8582833,0.0,0.0,0.0,0.0
4,21,4,0,,,,0.41746667,0.0,0.0,0.0,0.0
4,22,4,0,,,,0.59625,0.0,0.0,0.0,0.0
4,23,4,0,,,,0.62833333,0.0,0.0,0.0,0.0
4,24,4,0,,,,0.34578332,0.0,0.0,0.0,0.0
4,1,5,0,,,,0.32061666,0.0,0.0,0.0,0.0
4,2,5,0,,,,0.32246667,0.0,0.0,0.0,0.0
4,3,5,0,,,,0.8057167,0.0,0.0,0.0,0.0
4,4,5,0,,,,0.54083335,0.0,0.0,0.0,0.0
4,5,5,0,,,,0.31796667,0.0,0.0,0.0,0.0
4,6,5,0,,,,0.31061667,0.0,0.0,0.0,0.0
4,7,5,0,,,,0.37906668,0.0,0.0,0.0,53.8
4,8,5,0,,,,0.6883,0.0,0.0,0.0,222.57
4,9,5,0,,,,0.6553583,0.0,0.0,0.0,431.21
4,10,5,0,,,,0.6045667,0.0,0.0,0.0,585.89
4,11,5,0,,,,1.1142,0.0,0.0,0.0,617.86
4,12,5,0,,,,0.93523335,0.0,0.0,0.0,702.76
4,13,5,0,,,,0.56771666,0.0,0.0,0.0,796.32
4,14,5,0,,,,0.55261666,0.0,0.0,0.0,741.77
4,15,5,0,,,,0.5567667,0.0,0.0,0.0,585.19
4,16,5,0,,,,1.5632,0.0,0.0,0.0,533.3
4,17,5,0,,,,1.087,0.0,0.0,0.0,212.51
4,18,5,0,,,,1.9209833,0.0,0.0,0.0,145.5
4,19,5,0,,,,0.28185,0.0,0.0,0.0,16.2
4,20,5,0,,,,1.38215,0.0,0.0,0.0,0.0
4,21,5,0,,,,0.50995,0.0,0.0,0.0,0.0
4,22,5,0,,,,1.3987334,0.0,0.0,0.0,0.0
4,23,5,0,,,,2.8729334,0.0,0.0,0.0,0.0
4,24,5,0,,,,0.29063332,0.0,0.0,0.0,0.0
4,1,6,0,,,,0.26293334,0.0,0.0,0.0,0.0
4,2,6,0,,,,0.26285,0.0,0.0,0.0,0.0
4,3,6,0,,,,0.26538333,0.0,0.0,0.0,0.0
4,4,6,0,,,,0.26615,0.0,0.0,0.0,0.0
4,5,6,0,,,,0.68473333,0.0,0.0,0.0,0.0
4,6,6,0,,,,1.5337833,0.0,0.0,0.0,0.0
4,7,6,0,,,,0.78576666,0.0,0.0,0.0,61.9
4,8,6,0,,,,0.26676667,0.0,0.0,0.0,265.71
4,9,6,0,,,,0.20491667,0.0,0.0,0.0,473.47
4,10,6,0,,,,0.17928334,0.0,0.0,0.0,640.4
4,11,6,0,,,,2.7009666,0.0,0.0,0.0,757.94
4,12,6,0,,,,0.78885,0.0,0.0,0.0,551.44
4,13,6,0,,,,0.55361664,0.0,0.0,0.0,576.68
4,14,6,0,,,,4.50145,0.0,0.0,0.0,398.5
4,15,6,0,,,,2.22015,0.0,0.0,0.0,618.83
4,16,6,0,,,,0.79476666,0.0,0.0,0.0,366.37
4,17,6,0,,,,0.7505,0.0,0.0,0.0,280.53
4,18,6,0,,,,2.03865,0.0,0.0,0.0,122.53
4,19,6,0,,,,0.29303333,0.0,0.0,0.0,16.11
4,20,6,0,,,,0.2921,0.0,0.0,0.0,0.0
4,21,6,0,,,,1.5714166,0.0,0.0,0.0,0.0
4,22,6,0,,,,0.29521668,0.0,0.0,0.0,0.0
4,23,6,0,,,,0.29041666,0.0,0.0,0.0,0.0
4,24,6,0,,,,0.39965832,0.0,0.0,0.0,0.0
4,1,7,0,,,,1.5914,0.0,0.0,0.0,0.0
4,2,7,0,,,,0.28476667,0.0,0.0,0.0,0.0
4,3,7,0,,,,1.8336333,0.0,0.0,0.0,0.0
4,4,7,0,,,,1.01605,0.0,0.0,0.0,0.0
4,5,7,0,,,,0.28255,0.0,0.0,0.0,0.0
4,6,7,0,,,,0.3156,0.0,0.0,0.0,0.0
4,7,7,0,,,,0.32453334,0.0,0.0,0.0,55.58
4,8,7,0,,,,0.32206666,0.0,0.0,0.0,217.76
4,9,7,0,,,,0.521,0.0,0.0,0.0,394.77
4,10,7,0,,,,0.74368334,0.0,0.0,0.0,571.66
4,11,7,0,,,,0.42781666,0.0,0.0,0.0,689.41
4,12,7,0,,,,1.5951667,0.0,0.0,0.0,723.52
4,13,7,0,,,,0.87925,0.0,0.0,0.0,775.8
4,14,7,0,,,,1.4496,0.0,0.0,0.0,617.37
4,15,7,0,,,,0.7402833,0.0,0.0,0.0,394.0
4,16,7,0,,,,0.5014667,0.0,0.0,0.0,534.12
4,17,7,0,,,,0.19897917,0.0,0.0,0.0,365.19
4,18,7,0,,,,0.25291666,0.0,0.0,0.0,149.93
4,19,7,0,,,,0.7671,0.0,0.0,0.0,20.35
4,20,7,0,,,,2.2820334,0.0,0.0,0.0,0.0
4,21,7,0,,,,0.48926666,0.0,0.0,0.0,0.0
4,22,7,0,,,,2.33525,0.0,0.0,0.0,0.0
4,23,7,0,,,,0.5453,0.0,0.0,0.0,0.0
4,24,7,0,,,,0.33208334,0.0,0.0,0.0,0.0
4,1,1,0,,,,0.33078334,0.0,0.0,0.0,0.0
4,2,1,0,,,,0.32875,0.0,0.0,0.0,0.0
4,3,1,0,,,,0.32535,0.0,0.0,0.0,0.0
4,4,1,0,,,,0.32538334,0.0,0.0,0.0,0.0
4,5,1,0,,,,0.35403332,0.0,0.0,0.0,0.0
4,6,1,0,,,,0.3155,0.0,0.0,0.0,0.0
4,7,1,0,,,,0.4738,0.0,0.0,0.0,62.34
4,8,1,0,,,,0.8355833,0.0,0.0,0.0,243.11
4,9,1,0,,,,0.87413335,0.0,0.0,0.0,438.35
4,10,1,0,,,,0.88395,0.0,0.0,0.0,600.14
4,11,1,0,,,,1.2897333,0.0,0.0,0.0,720.51
4,12,1,0,,,,0.3646,0.0,0.0,0.0,799.21
4,13,1,0,,,,0.7485167,0.0,0.0,0.0,818.9
4,14,1,0,,,,0.54,0.0,0.0,0.0,786.78
4,15,1,0,,,,0.27296665,0.0,0.0,0.0,709.55
4,16,1,0,,,,0.27366668,0.0,0.0,0.0,565.65
4,17,1,0,,,,0.27801666,0.0,0.0,0.0,372.96
4,18,1,0,,,,0.26536667,0.0,0.0,0.0,152.64
4,19,1,0,,,,0.459,0.0,0.0,0.0,23.39
4,20,1,0,,,,0.69561666,0.0,0.0,0.0,0.0
4,21,1,0,,,,0.9673,0.0,0.0,0.0,0.0
4,22,1,0,,,,1.1284,0.0,0.0,0.0,0.0
4,23,1,0,,,,0.70961666,0.0,0.0,0.0,0.0
4,24,1,0,,,,0.32606667,0.0,0.0,0.0,0.0
4,1,2,0,,,,0.32556668,0.0,0.0,0.0,0.0
4,2,2,0,,,,0.3252,0.0,0.0,0.0,0.0
4,3,2,0,,,,0.32658333,0.0,0.0,0.0,0.0
4,4,2,0,,,,0.3253,0.0,0.0,0.0,0.0
4,5,2,0,,,,0.59256667,0.0,0.0,0.0,0.0
4,6,2,0,,,,0.31538334,0.0,0.0,0.0,0.0
4,7,2,0,,,,0.32576665,0.0,0.0,0.0,66.63
4,8,2,0,,,,0.73265,0.0,0.0,0.0,251.56
4,9,2,0,,,,0.71103334,0.0,0.0,0.0,440.94
4,10,2,0,,,,0.36045,0.0,0.0,0.0,607.11
4,11,2,0,,,,0.81551665,0.0,0.0,0.0,707.9
4,12,2,0,,,,0.6102667,0.0,0.0,0.0,788.7
4,13,2,0,,,,0.31943333,0.0,0.0,0.0,805.69
4,14,2,0,,,,0.31835,0.0,0.0,0.0,684.04
4,15,2,0,,,,0.31816667,0.0,0.0,0.0,702.37
4,16,2,0,,,,0.32151666,0.0,0.0,0.0,549.05
4,17,2,0,,,,0.32696667,0.0,0.0,0.0,364.97
4,18,2,0,,,,0.32398334,0.0,0.0,0.0,137.51
4,19,2,0,,,,0.47701666,0.0,0.0,0.0,24.18
4,20,2,0,,,,0.8165333,0.0,0.0,0.0,0.0
4,21,2,0,,,,0.8175,0.0,0.0,0.0,0.0
4,22,2,0,,,,1.0668334,0.0,0.0,0.0,0.0
4,23,2,0,,,,1.52455,0.0,0.0,0.0,0.0
4,24,2,0,,,,0.70063335,0.0,0.0,0.0,0.0
4,1,3,0,,,,0.3043,0.0,0.0,0.0,0.0
4,2,3,0,,,,0.30208334,0.0,0.0,0.0,0.0
4,3,3,0,,,,0.3004,0.0,0.0,0.0,0.0
4,4,3,0,,,,0.29831666,0.0,0.0,0.0,0.0
4,5,3,0,,,,0.32578334,0.0,0.0,0.0,0.0
4,6,3,0,,,,0.31933334,0.0,0.0,0.0,0.0
4,7,3,0,,,,0.33023334,0.0,0.0,0.0,68.45
4,8,3,0,,,,0.5251833,0.0,0.0,0.0,265.24
4,9,3,0,,,,1.1629167,0.0,0.0,0.0,464.2
4,10,3,0,,,,1.3616333,0.0,0.0,0.0,624.23
4,11,3,0,,,,1.4895333,0.0,0.0,0.0,747.24
4,12,3,0,,,,0.84165,0.0,0.0,0.0,816.68
4,13,3,0,,,,0.7285333,0.0,0.0,0.0,830.87
4,14,3,0,,,,0.53683335,0.0,0.0,0.0,792.12
4,15,3,0,,,,0.55438334,0.0,0.0,0.0,707.49
4,16,3,0,,,,1.06445,0.0,0.0,0.0,560.37
4,17,3,0,,,,0.5382,0.0,0.0,0.0,367.48
4,18,3,0,,,,0.52428335,0.0,0.0,0.0,151.51
4,19,3,0,,,,0.65315,0.0,0.0,0.0,15.77
4,20,3,0,,,,2.2281168,0.0,0.0,0.0,0.0
4,21,3,0,,,,0.95596665,0.0,0.0,0.0,0.0
4,22,3,0,,,,3.7136,0.0,0.0,0.0,0.0
4,23,3,0,,,,1.1270666,0.0,0.0,0.0,0.0
4,24,3,0,,,,0.74610835,0.0,0.0,0.0,0.0
4,1,4,0,,,,0.3298,0.0,0.0,0.0,0.0
4,2,4,0,,,,0.32846665,0.0,0.0,0.0,0.0
4,3,4,0,,,,0.32601666,0.0,0.0,0.0,0.0
4,4,4,0,,,,0.32508335,0.0,0.0,0.0,0.0
4,5,4,0,,,,0.34538335,0.0,0.0,0.0,0.0
4,6,4,0,,,,0.31903332,0.0,0.0,0.0,0.18
4,7,4,0,,,,0.66713333,0.0,0.0,0.0,68.85
4,8,4,0,,,,0.3899,0.0,0.0,0.0,187.68
4,9,4,0,,,,0.24088334,0.0,0.0,0.0,391.85
4,10,4,0,,,,0.24108334,0.0,0.0,0.0,191.3
4,11,4,0,,,,0.24528334,0.0,0.0,0.0,533.97
4,12,4,0,,,,0.244,0.0,0.0,0.0,770.5
4,13,4,0,,,,0.24593334,0.0,0.0,0.0,750.9
4,14,4,0,,,,0.3011,0.0,0.0,0.0,771.53
4,15,4,0,,,,0.77148336,0.0,0.0,0.0,685.49
4,16,4,0,,,,0.378,0.0,0.0,0.0,546.97
4,17,4,0,,,,0.36808333,0.0,0.0,0.0,358.43
4,18,4,0,,,,0.6764,0.0,0.0,0.0,147.95
4,19,4,0,,,,0.83093333,0.0,0.0,0.0,16.6
4,20,4,0,,,,0.56408334,0.0,0.0,0.0,0.0
4,21,4,0,,,,0.34325,0.0,0.0,0.0,0.0
4,22,4,0,,,,0.3294,0.0,0.0,0.0,0.0
4,23,4,0,,,,3.0590832,0.0,0.0,0.0,0.0
4,24,4,0,,,,2.1095166,0.0,0.0,0.0,0.0
4,1,5,0,,,,0.32576665,0.0,0.0,0.0,0.0
4,2,5,0,,,,0.32695,0.0,0.0,0.0,0.0
4,3,5,0,,,,0.32821667,0.0,0.0,0.0,0.0
4,4,5,0,,,,0.32721666,0.0,0.0,0.0,0.0
4,5,5,0,,,,0.35273334,0.0,0.0,0.0,0.0
4,6,5,0,,,,0.35028332,0.0,0.0,0.0,0.0
4,7,5,0,,,,0.36013332,0.0,0.0,0.0,31.86
4,8,5,0,,,,0.5872833,0.0,0.0,0.0,224.33
4,9,5,0,,,,1.31295,0.0,0.0,0.0,418.9
4,10,5,0,,,,1.4069,0.0,0.0,0.0,378.3
4,11,5,0,,,,1.0166667,0.0,0.0,0.0,168.64
4,12,5,0,,,,0.4582,0.0,0.0,0.0,162.0
4,13,5,0,,,,0.22506666,0.0,0.0,0.0,79.62
4,14,5,0,,,,0.22563334,0.0,0.0,0.0,50.36
4,15,5,0,,,,0.22658333,0.0,0.0,0.0,48.82
4,16,5,0,,,,0.2195,0.0,0.0,0.0,309.75
4,17,5,0,,,,0.81303334,0.0,0.0,0.0,231.84
4,18,5,0,,,,0.37655,0.0,0.0,0.0,144.89
4,19,5,0,,,,1.0580333,0.0,0.0,0.0,8.25
4,20,5,0,,,,0.94795,0.0,0.0,0.0,0.0
4,21,5,0,,,,0.32303333,0.0,0.0,0.0,0.0
4,22,5,0,,,,0.2826375,0.0,0.0,0.0,0.0
4,23,5,0,,,,0.2845,0.0,0.0,0.0,0.0
4,24,5,0,,,,0.28524166,0.0,0.0,0.0,0.0
4,1,6,0,,,,0.2829,0.0,0.0,0.0,0.0
4,2,6,0,,,,0.30113333,0.0,0.0,0.0,0.0
4,3,6,0,,,,0.38133332,0.0,0.0,0.0,0.0
4,4,6,0,,,,0.8423667,0.0,0.0,0.0,0.0
4,5,6,0,,,,0.41275,0.0,0.0,0.0,0.0
4,6,6,0,,,,0.31766668,0.0,0.0,0.0,0.0
4,7,6,0,,,,0.33266667,0.0,0.0,0.0,7.94
4,8,6,0,,,,0.32888332,0.0,0.0,0.0,148.13
4,9,6,0,,,,0.32783332,0.0,0.0,0.0,89.55
4,10,6,0,,,,0.32976666,0.0,0.0,0.0,130.51
4,11,6,0,,,,0.33508334,0.0,0.0,0.0,138.49
4,12,6,0,,,,0.3342,0.0,0.0,0.0,97.82
4,13,6,0,,,,0.33018333,0.0,0.0,0.0,74.84
4,14,6,0,,,,0.3318,0.0,0.0,0.0,64.71
4,15,6,0,,,,0.32835,0.0,0.0,0.0,48.41
4,16,6,0,,,,0.32748333,0.0,0.0,0.0,80.36
4,17,6,0,,,,0.33361667,0.0,0.0,0.0,87.48
4,18,6,0,,,,0.32875,0.0,0.0,0.0,38.57
4,19,6,0,,,,0.31663334,0.0,0.0,0.0,1.09
4,20,6,0,,,,0.32115,0.0,0.0,0.0,0.0
4,21,6,0,,,,0.32363334,0.0,0.0,0.0,0.0
4,22,6,0,,,,0.8106167,0.0,0.0,0.0,0.0
4,23,6,0,,,,0.37945,0.0,0.0,0.0,0.0
4,24,6,0,,,,0.32710832,0.0,0.0,0.0,0.0
4,1,7,0,,,,0.3279,0.0,0.0,0.0,0.0
4,2,7,0,,,,0.33048335,0.0,0.0,0.0,0.0
4,3,7,0,,,,0.32583332,0.0,0.0,0.0,0.0
4,4,7,0,,,,0.32625,0.0,0.0,0.0,0.0
4,5,7,0,,,,0.32488334,0.0,0.0,0.0,0.0
4,6,7,0,,,,0.31735,0.0,0.0,0.0,0.0
4,7,7,0,,,,0.32905,0.0,0.0,0.0,4.68
4,8,7,0,,,,0.32346666,0.0,0.0,0.0,15.41
4,9,7,0,,,,0.32251668,0.0,0.0,0.0,67.06
4,10,7,0,,,,0.3245,0.0,0.0,0.0,72.46
4,11,7,0,,,,0.32961667,0.0,0.0,0.0,129.81
4,12,7,0,,,,0.3311,0.0,0.0,0.0,162.93
4,13,7,0,,,,0.30743334,0.0,0.0,0.0,121.98
4,14,7,0,,,,0.28361666,0.0,0.0,0.0,82.2
4,15,7,0,,,,0.51126665,0.0,0.0,0.0,84.43
4,16,7,0,,,,0.56836665,0.0,0.0,0.0,72.46
4,17,7,0,,,,0.29143333,0.0,0.0,0.0,63.01
4,18,7,0,,,,0.8027833,0.0,0.0,0.0,63.61
4,19,7,0,,,,1.0288,0.0,0.0,0.0,22.62
4,20,7,0,,,,0.27981666,0.0,0.0,0.0,0.0
4,21,7,0,,,,0.27905,0.0,0.0,0.0,0.0
4,22,7,0,,,,0.28578332,0.0,0.0,0.0,0.0
4,23,7,0,,,,0.28185,0.0,0.0,0.0,0.0
4,24,7,0,,,,0.28600833,0.0,0.0,0.0,0.0
5,1,1,0,,,,0.3268,0.0,0.0,0.0,0.0
5,2,1,0,,,,0.32881665,0.0,0.0,0.0,0.0
5,3,1,0,,,,0.32508335,0.0,0.0,0.0,0.0
5,4,1,0,,,,0.32413334,0.0,0.0,0.0,0.0
5,5,1,0,,,,0.32461667,0.0,0.0,0.0,0.0
5,6,1,0,,,,0.31875,0.0,0.0,0.0,0.0
5,7,1,0,,,,0.33073333,0.0,0.0,0.0,5.26
5,8,1,0,,,,0.32645,0.0,0.0,0.0,14.79
5,9,1,0,,,,0.74343336,0.0,0.0,0.0,29.15
5,10,1,0,,,,0.44505,0.0,0.0,0.0,55.34
5,11,1,0,,,,0.28541666,0.0,0.0,0.0,90.68
5,12,1,0,,,,0.2902,0.0,0.0,0.0,106.93
5,13,1,0,,,,1.4508834,0.0,0.0,0.0,50.13
5,14,1,0,,,,0.19756667,0.0,0.0,0.0,68.85
5,15,1,0,,,,1.69995,0.0,0.0,0.0,63.79
5,16,1,0,,,,1.7212833,0.0,0.0,0.0,54.97
5,17,1,0,,,,0.5312333,0.0,0.0,0.0,50.15
5,18,1,0,,,,0.30821666,0.0,0.0,0.0,29.04
5,19,1,0,,,,2.2270834,0.0,0.0,0.0,23.81
5,20,1,0,,,,0.33308887,0.0,0.0,0.0,0.0
5,21,1,0,,,,1.3592334,0.0,0.0,0.0,0.0
5,22,1,0,,,,0.39996666,0.0,0.0,0.0,0.0
5,23,1,0,,,,0.32605,0.0,0.0,0.0,0.0
5,24,1,0,,,,1.4291667,0.0,0.0,0.0,0.0
5,1,2,0,,,,0.38465,0.0,0.0,0.0,0.0
5,2,2,0,,,,0.44298333,0.0,0.0,0.0,0.0
5,3,2,0,,,,0.7431333,0.0,0.0,0.0,0.0
5,4,2,0,,,,0.3141,0.0,0.0,0.0,0.0
5,5,2,0,,,,0.32086667,0.0,0.0,0.0,0.0
5,6,2,0,,,,0.31853333,0.0,0.0,0.0,0.0
5,7,2,0,,,,0.33068332,0.0,0.0,0.0,8.81
5,8,2,0,,,,0.32711667,0.0,0.0,0.0,23.8
5,9,2,0,,,,0.40418333,0.0,0.0,0.0,69.33
5,10,2,0,,,,0.5755,0.0,0.0,0.0,347.18
5,11,2,0,,,,0.6555833,0.0,0.0,0.0,208.88
5,12,2,0,,,,1.95935,0.0,0.0,0.0,678.8
5,13,2,0,,,,1.7556334,0.0,0.0,0.0,858.65
5,14,2,0,,,,1.1383667,0.0,0.0,0.0,807.12
5,15,2,0,,,,2.0957334,0.0,0.0,0.0,669.32
5,16,2,0,,,,0.61733335,0.0,0.0,0.0,403.2
5,17,2,0,,,,1.7909833,0.0,0.0,0.0,231.07
5,18,2,0,,,,1.7198,0.0,0.0,0.0,155.38
5,19,2,0,,,,0.19583334,0.0,0.0,0.0,31.72
5,20,2,0,,,,1.7285167,0.0,0.0,0.0,0.0
5,21,2,0,,,,0.6942833,0.0,0.0,0.0,0.0
5,22,2,0,,,,0.9905667,0.0,0.0,0.0,0.0
5,23,2,0,,,,1.54865,0.0,0.0,0.0,0.0
5,24,2,0,,,,1.6875417,0.0,0.0,0.0,0.0
5,1,3,0,,,,1.0674833,0.0,0.0,0.0,0.0
5,2,3,0,,,,0.28368333,0.0,0.0,0.0,0.0
5,3,3,0,,,,0.28233334,0.0,0.0,0.0,0.0
5,4,3,0,,,,0.28018335,0.0,0.0,0.0,0.0
5,5,3,0,,,,0.56125,0.0,0.0,0.0,0.0
5,6,3,0,,,,0.6997667,0.0,0.0,0.0,1.32
5,7,3,0,,,,0.33641666,0.0,0.0,0.0,77.38
5,8,3,0,,,,0.32931668,0.0,0.0,0.0,273.11
5,9,3,0,,,,0.31278333,0.0,0.0,0.0,487.09
5,10,3,0,,,,0.27991667,0.0,0.0,0.0,638.27
5,11,3,0,,,,0.35551667,0.0,0.0,0.0,753.5
5,12,3,0,,,,2.66645,0.0,0.0,0.0,773.6
5,13,3,0,,,,2.81845,0.0,0.0,0.0,357.39
5,14,3,0,,,,2.8284,0.0,0.0,0.0,95.51
5,15,3,0,,,,0.91555,0.0,0.0,0.0,700.64
5,16,3,0,,,,2.2105668,0.0,0.0,0.0,474.4
5,17,3,0,,,,1.81295,0.0,0.0,0.0,236.6
5,18,3,0,,,,1.0071,0.0,0.0,0.0,17.72
5,19,3,0,,,,0.9973,0.0,0.0,0.0,29.71
5,20,3,0,,,,0.5800667,0.0,0.0,0.0,0.0
5,21,3,0,,,,2.1756666,0.0,0.0,0.0,0.0
5,22,3,0,,,,0.69588333,0.0,0.0,0.0,0.0
5,23,3,0,,,,2.96525,0.0,0.0,0.0,0.0
5,24,3,0,,,,1.1387583,0.0,0.0,0.0,0.0
5,1,4,0,,,,0.2834,0.0,0.0,0.0,0.0
5,2,4,0,,,,0.28296667,0.0,0.0,0.0,0.0
5,3,4,0,,,,0.28183332,0.0,0.0,0.0,0.0
5,4,4,0,,,,0.28115,0.0,0.0,0.0,0.0
5,5,4,0,,,,0.28106666,0.0,0.0,0.0,0.0
5,6,4,0,,,,0.27358332,0.0,0.0,0.0,0.0
5,7,4,0,,,,0.28736666,0.0,0.0,0.0,5.72
5,8,4,0,,,,0.27708334,0.0,0.0,0.0,189.18
5,9,4,0,,,,2.9396834,0.0,0.0,0.0,326.75
5,10,4,0,,,,1.4144,0.0,0.0,0.0,123.92
5,11,4,0,,,,1.6505834,0.0,0.0,0.0,255.0
5,12,4,0,,,,3.58865,0.0,0.0,0.0,550.54
5,13,4,0,,,,3.1764667,0.0,0.0,0.0,123.52
5,14,4,0,,,,0.85693336,0.0,0.0,0.0,257.4
5,15,4,0,,,,0.33111668,0.0,0.0,0.0,455.87
5,16,4,0,,,,1.0698167,0.0,0.0,0.0,510.6
5,17,4,0,,,,3.7575166,0.0,0.0,0.0,327.89
5,18,4,0,,,,1.5473334,0.0,0.0,0.0,155.33
5,19,4,0,,,,2.8526084,0.0,0.0,0.0,25.17
5,20,4,0,,,,2.2323334,0.0,0.0,0.0,0.0
5,21,4,0,,,,1.0423,0.0,0.0,0.0,0.0
5,22,4,0,,,,2.2267168,0.0,0.0,0.0,0.0
5,23,4,0,,,,2.1849833,0.0,0.0,0.0,0.0
5,24,4,0,,,,2.7726667,0.0,0.0,0.0,0.0
5,1,5,0,,,,1.0248667,0.0,0.0,0.0,0.0
5,2,5,0,,,,1.5146834,0.0,0.0,0.0,0.0
5,3,5,0,,,,0.31246668,0.0,0.0,0.0,0.0
5,4,5,0,,,,0.32241666,0.0,0.0,0.0,0.0
5,5,5,0,,,,0.32373333,0.0,0.0,0.0,0.0
5,6,5,0,,,,0.31606665,0.0,0.0,0.0,0.0
5,7,5,0,,,,0.32868335,0.0,0.0,0.0,43.32
5,8,5,0,,,,0.32525,0.0,0.0,0.0,161.28
5,9,5,0,,,,0.5128,0.0,0.0,0.0,452.88
5,10,5,0,,,,0.82745,0.0,0.0,0.0,403.67
5,11,5,0,,,,2.9738,0.0,0.0,0.0,494.86
5,12,5,0,,,,1.0305667,0.0,0.0,0.0,606.92
5,13,5,0,,,,1.74835,0.0,0.0,0.0,774.57
5,14,5,0,,,,3.18295,0.0,0.0,0.0,519.66
5,15,5,0,,,,0.5218833,0.0,0.0,0.0,355.41
5,16,5,0,,,,2.2863166,0.0,0.0,0.0,365.91
5,17,5,0,,,,0.4076,0.0,0.0,0.0,208.7
5,18,5,0,,,,0.2821,0.0,0.0,0.0,99.21
5,19,5,0,,,,0.27703333,0.0,0.0,0.0,7.69
5,20,5,0,,,,0.28226668,0.0,0.0,0.0,0.0
5,21,5,0,,,,0.28216666,0.0,0.0,0.0,0.0
5,22,5,0,,,,0.31605,0.0,0.0,0.0,0.0
5,23,5,0,,,,0.6414833,0.0,0.0,0.0,0.0
5,24,5,0,,,,0.69825834,0.0,0.0,0.0,0.0
5,1,6,0,,,,0.33566666,0.0,0.0,0.0,0.0
5,2,6,0,,,,0.32816666,0.0,0.0,0.0,0.0
5,3,6,0,,,,0.32253334,0.0,0.0,0.0,0.0
5,4,6,0,,,,0.32146665,0.0,0.0,0.0,0.0
5,5,6,0,,,,0.36125,0.0,0.0,0.0,0.0
5,6,6,0,,,,0.84435,0.0,0.0,0.0,14.89
5,7,6,0,,,,0.42531666,0.0,0.0,0.0,5.58
5,8,6,0,,,,0.4147,0.0,0.0,0.0,18.87
5,9,6,0,,,,0.29103333,0.0,0.0,0.0,127.92
5,10,6,0,,,,1.0020666,0.0,0.0,0.0,100.1
5,11,6,0,,,,1.0519167,0.0,0.0,0.0,164.01
5,12,6,0,,,,0.6889167,0.0,0.0,0.0,117.81
5,13,6,0,,,,0.2456,0.0,0.0,0.0,209.18
5,14,6,0,,,,0.24558334,0.0,0.0,0.0,55.07
5,15,6,0,,,,0.30845,0.0,0.0,0.0,43.67
5,16,6,0,,,,0.27386665,0.0,0.0,0.0,60.71
5,17,6,0,,,,0.4486,0.0,0.0,0.0,133.54
5,18,6,0,,,,0.4989,0.0,0.0,0.0,29.59
5,19,6,0,,,,0.4957,0.0,0.0,0.0,33.85
5,20,6,0,,,,0.51301664,0.0,0.0,0.0,0.0
5,21,6,0,,,,0.49938333,0.0,0.0,0.0,0.0
5,22,6,0,,,,0.5054167,0.0,0.0,0.0,0.0
5,23,6,0,,,,0.74588335,0.0,0.0,0.0,0.0
5,24,6,0,,,,1.0040667,0.0,0.0,0.0,0.0
5,1,7,0,,,,0.86266667,0.0,0.0,0.0,0.0
5,2,7,0,,,,0.3382,0.0,0.0,0.0,0.0
5,3,7,0,,,,0.8850833,0.0,0.0,0.0,0.0
5,4,7,0,,,,1.2251834,0.0,0.0,0.0,0.0
5,5,7,0,,,,0.87156665,0.0,0.0,0.0,0.0
5,6,7,0,,,,0.8858333,0.0,0.0,0.0,0.0
5,7,7,0,,,,1.2740333,0.0,0.0,0.0,23.14
5,8,7,0,,,,2.59125,0.0,0.0,0.0,150.5
5,9,7,0,,,,1.4114333,0.0,0.0,0.0,290.96
5,10,7,0,,,,0.99465,0.0,0.0,0.0,300.74
5,11,7,0,,,,0.23445,0.0,0.0,0.0,183.25
5,12,7,0,,,,0.42288333,0.0,0.0,0.0,264.42
5,13,7,0,,,,0.23126666,0.0,0.0,0.0,487.87
5,14,7,0,,,,0.49138334,0.0,0.0,0.0,638.37
5,15,7,0,,,,0.5324,0.0,0.0,0.0,53.98
5,16,7,0,,,,0.36505,0.0,0.0,0.0,122.5
5,17,7,0,,,,0.72255,0.0,0.0,0.0,116.59
5,18,7,0,,,,0.5506667,0.0,0.0,0.0,15.96
5,19,7,0,,,,1.0548333,0.0,0.0,0.0,37.89
5,20,7,0,,,,1.3402166,0.0,0.0,0.0,0.0
5,21,7,0,,,,4.5857835,0.0,0.0,0.0,0.0
5,22,7,0,,,,1.1668,0.0,0.0,0.0,0.0
5,23,7,0,,,,1.3258667,0.0,0.0,0.0,0.0
5,24,7,0,,,,1.3900083,0.0,0.0,0.0,0.0
5,1,1,0,,,,1.7345834,0.0,0.0,0.0,0.0
5,2,1,0,,,,1.6009333,0.0,0.0,0.0,0.0
5,3,1,0,,,,1.2006667,0.0,0.0,0.0,0.0
5,4,1,0,,,,1.1129167,0.0,0.0,0.0,0.0
5,5,1,0,,,,1.2828166,0.0,0.0,0.0,0.0
5,6,1,0,,,,1.24825,0.0,0.0,0.0,0.0
5,7,1,0,,,,0.9928,0.0,0.0,0.0,6.34
5,8,1,0,,,,2.9209166,0.0,0.0,0.0,78.7
5,9,1,0,,,,2.9858334,0.0,0.0,0.0,67.47
5,10,1,0,,,,1.94055,0.0,0.0,0.0,95.75
5,11,1,0,,,,1.3269334,0.0,0.0,0.0,135.55
5,12,1,0,,,,0.34676668,0.0,0.0,0.0,136.02
5,13,1,0,,,,0.38996667,0.0,0.0,0.0,90.22
5,14,1,0,,,,0.23291667,0.0,0.0,0.0,104.55
5,15,1,0,,,,0.23453334,0.0,0.0,0.0,79.64
5,16,1,0,,,,0.23656666,0.0,0.0,0.0,61.39
5,17,1,0,,,,0.31021667,0.0,0.0,0.0,40.53
5,18,1,0,,,,0.34776667,0.0,0.0,0.0,37.53
5,19,1,0,,,,0.40985,0.0,0.0,0.0,22.83
5,20,1,0,,,,0.5064,0.0,0.0,0.0,0.0
5,21,1,0,,,,0.5643,0.0,0.0,0.0,0.0
5,22,1,0,,,,0.6968667,0.0,0.0,0.0,0.0
5,23,1,0,,,,0.5409333,0.0,0.0,0.0,0.0
5,24,1,0,,,,0.32319167,0.0,0.0,0.0,0.0
5,1,2,0,,,,0.4165,0.0,0.0,0.0,0.0
5,2,2,0,,,,0.83065,0.0,0.0,0.0,0.0
5,3,2,0,,,,0.48543334,0.0,0.0,0.0,0.0
5,4,2,0,,,,0.31438333,0.0,0.0,0.0,0.0
5,5,2,0,,,,0.31605,0.0,0.0,0.0,0.0
5,6,2,0,,,,0.30678332,0.0,0.0,0.0,0.0
5,7,2,0,,,,0.32025,0.0,0.0,0.0,6.36
5,8,2,0,,,,2.3963666,0.0,0.0,0.0,17.99
5,9,2,0,,,,0.7827167,0.0,0.0,0.0,67.68
5,10,2,0,,,,1.3727167,0.0,0.0,0.0,107.36
5,11,2,0,,,,1.3813833,0.0,0.0,0.0,163.04
5,12,2,0,,,,0.73055,0.0,0.0,0.0,143.55
5,13,2,0,,,,0.57521665,0.0,0.0,0.0,103.37
5,14,2,0,,,,0.56943333,0.0,0.0,0.0,107.82
5,15,2,0,,,,0.55488336,0.0,0.0,0.0,77.62
5,16,2,0,,,,0.57318336,0.0,0.0,0.0,72.12
5,17,2,0,,,,0.5453333,0.0,0.0,0.0,41.35
5,18,2,0,,,,0.57785,0.0,0.0,0.0,36.87
5,19,2,0,,,,0.65385,0.0,0.0,0.0,27.35
5,20,2,0,,,,0.67188334,0.0,0.0,0.0,0.0
5,21,2,0,,,,0.65145,0.0,0.0,0.0,0.0
5,22,2,0,,,,0.62733334,0.0,0.0,0.0,0.0
5,23,2,0,,,,1.7131833,0.0,0.0,0.0,0.0
5,24,2,0,,,,0.89061666,0.0,0.0,0.0,0.0
5,1,3,0,,,,0.6023,0.0,0.0,0.0,0.0
5,2,3,0,,,,0.32923332,0.0,0.0,0.0,0.0
5,3,3,0,,,,0.32636666,0.0,0.0,0.0,0.0
5,4,3,0,,,,0.32495,0.0,0.0,0.0,0.0
5,5,3,0,,,,0.32413334,0.0,0.0,0.0,0.0
5,6,3,0,,,,0.31413335,0.0,0.0,0.0,0.0
5,7,3,0,,,,0.32281667,0.0,0.0,0.0,93.02
5,8,3,0,,,,0.32576665,0.0,0.0,0.0,283.84
5,9,3,0,,,,0.32219166,0.0,0.0,0.0,483.32
5,10,3,0,,,,0.6813667,0.0,0.0,0.0,642.27
5,11,3,0,,,,1.4497666,0.0,0.0,0.0,694.36
5,12,3,0,,,,1.1009834,0.0,0.0,0.0,299.5
5,13,3,0,,,,0.86163336,0.0,0.0,0.0,342.95
5,14,3,0,,,,0.60635,0.0,0.0,0.0,343.73
5,15,3,0,,,,1.8583666,0.0,0.0,0.0,137.66
5,16,3,0,,,,1.0473167,0.0,0.0,0.0,185.44
5,17,3,0,,,,0.47806665,0.0,0.0,0.0,133.9
5,18,3,0,,,,0.32293335,0.0,0.0,0.0,47.73
5,19,3,0,,,,0.32005,0.0,0.0,0.0,24.34
5,20,3,0,,,,0.3262,0.0,0.0,0.0,0.0
5,21,3,0,,,,0.5549833,0.0,0.0,0.0,0.0
5,22,3,0,,,,0.44426668,0.0,0.0,0.0,0.0
5,23,3,0,,,,0.4587,0.0,0.0,0.0,0.0
5,24,3,0,,,,0.62785,0.0,0.0,0.0,0.0
5,1,4,0,,,,0.4443,0.0,0.0,0.0,0.0
5,2,4,0,,,,0.33518332,0.0,0.0,0.0,0.0
5,3,4,0,,,,0.32276666,0.0,0.0,0.0,0.0
5,4,4,0,,,,0.32101667,0.0,0.0,0.0,0.0
5,5,4,0,,,,0.32078335,0.0,0.0,0.0,0.0
5,6,4,0,,,,1.3997166,0.0,0.0,0.0,1.74
5,7,4,0,,,,0.53921664,0.0,0.0,0.0,43.5
5,8,4,0,,,,0.4011,0.0,0.0,0.0,240.11
5,9,4,0,,,,0.73076665,0.0,0.0,0.0,469.37
5,10,4,0,,,,0.4698,0.0,0.0,0.0,612.91
5,11,4,0,,,,0.4895,0.0,0.0,0.0,541.82
5,12,4,0,,,,1.0394,0.0,0.0,0.0,389.34
5,13,4,0,,,,3.5909333,0.0,0.0,0.0,275.55
5,14,4,0,,,,1.0093334,0.0,0.0,0.0,74.33
5,15,4,0,,,,1.03175,0.0,0.0,0.0,565.39
5,16,4,0,,,,0.9869,0.0,0.0,0.0,429.88
5,17,4,0,,,,3.07515,0.0,0.0,0.0,295.44
5,18,4,0,,,,1.5217667,0.0,0.0,0.0,152.96
5,19,4,0,,,,0.69635,0.0,0.0,0.0,42.25
5,20,4,0,,,,0.6512,0.0,0.0,0.0,0.0
5,21,4,0,,,,0.51143336,0.0,0.0,0.0,0.0
5,22,4,0,,,,0.46983334,0.0,0.0,0.0,0.0
5,23,4,0,,,,2.0460334,0.0,0.0,0.0,0.0
5,24,4,0,,,,1.7176417,0.0,0.0,0.0,0.0
5,1,5,0,,,,0.33433333,0.0,0.0,0.0,0.0
5,2,5,0,,,,0.32945,0.0,0.0,0.0,0.0
5,3,5,0,,,,0.32671666,0.0,0.0,0.0,0.0
5,4,5,0,,,,0.32456666,0.0,0.0,0.0,0.0
5,5,5,0,,,,0.32266667,0.0,0.0,0.0,0.0
5,6,5,0,,,,0.5904667,0.0,0.0,0.0,3.62
5,7,5,0,,,,0.72648335,0.0,0.0,0.0,87.53
5,8,5,0,,,,0.24125,0.0,0.0,0.0,212.9
5,9,5,0,,,,0.5786833,0.0,0.0,0.0,472.59
5,10,5,0,,,,1.0854167,0.0,0.0,0.0,617.94
5,11,5,0,,,,1.2642,0.0,0.0,0.0,676.39
5,12,5,0,,,,0.58171666,0.0,0.0,0.0,495.09
5,13,5,0,,,,0.24251667,0.0,0.0,0.0,392.98
5,14,5,0,,,,0.22396667,0.0,0.0,0.0,539.92
5,15,5,0,,,,0.22531667,0.0,0.0,0.0,544.25
5,16,5,0,,,,0.97015,0.0,0.0,0.0,295.79
5,17,5,0,,,,1.44385,0.0,0.0,0.0,344.78
5,18,5,0,,,,1.4798666,0.0,0.0,0.0,165.75
5,19,5,0,,,,0.3701,0.0,0.0,0.0,36.73
5,20,5,0,,,,1.2069,0.0,0.0,0.0,0.0
5,21,5,0,,,,1.8201667,0.0,0.0,0.0,0.0
5,22,5,0,,,,1.1428334,0.0,0.0,0.0,0.0
5,23,5,0,,,,1.1922166,0.0,0.0,0.0,0.0
5,24,5,0,,,,0.75294447,0.0,0.0,0.0,0.0
5,1,6,0,,,,0.33475,0.0,0.0,0.0,0.0
5,2,6,0,,,,0.33243334,0.0,0.0,0.0,0.0
5,3,6,0,,,,0.32591668,0.0,0.0,0.0,0.0
5,4,6,0,,,,0.32555,0.0,0.0,0.0,0.0
5,5,6,0,,,,0.34535,0.0,0.0,0.0,0.0
5,6,6,0,,,,0.29183334,0.0,0.0,0.0,0.18
5,7,6,0,,,,0.29185,0.0,0.0,0.0,92.28
5,8,6,0,,,,0.6612833,0.0,0.0,0.0,264.42
5,9,6,0,,,,0.48936668,0.0,0.0,0.0,416.17
5,10,6,0,,,,0.27245,0.0,0.0,0.0,564.61
5,11,6,0,,,,0.27688333,0.0,0.0,0.0,664.75
5,12,6,0,,,,0.27565,0.0,0.0,0.0,471.08
5,13,6,0,,,,0.27865,0.0,0.0,0.0,652.31
5,14,6,0,,,,0.49123332,0.0,0.0,0.0,323.02
5,15,6,0,,,,0.74145,0.0,0.0,0.0,485.83
5,16,6,0,,,,0.86535,0.0,0.0,0.0,329.28
5,17,6,0,,,,0.2794,0.0,0.0,0.0,214.66
5,18,6,0,,,,0.51925,0.0,0.0,0.0,77.38
5,19,6,0,,,,0.53788334,0.0,0.0,0.0,5.39
5,20,6,0,,,,0.9830833,0.0,0.0,0.0,0.0
5,21,6,0,,,,1.307,0.0,0.0,0.0,0.0
5,22,6,0,,,,2.1272666,0.0,0.0,0.0,0.0
5,23,6,0,,,,0.4153,0.0,0.0,0.0,0.0
5,24,6,0,,,,0.330175,0.0,0.0,0.0,0.0
5,1,7,0,,,,0.33738333,0.0,0.0,0.0,0.0
5,2,7,0,,,,0.33998334,0.0,0.0,0.0,0.0
5,3,7,0,,,,0.32866666,0.0,0.0,0.0,0.0
5,4,7,0,,,,0.32538334,0.0,0.0,0.0,0.0
5,5,7,0,,,,0.31688333,0.0,0.0,0.0,0.0
5,6,7,0,,,,0.23926666,0.0,0.0,0.0,0.51
5,7,7,0,,,,0.25088334,0.0,0.0,0.0,7.3
5,8,7,0,,,,0.24705,0.0,0.0,0.0,37.84
5,9,7,0,,,,0.2683,0.0,0.0,0.0,162.29
5,10,7,0,,,,0.73,0.0,0.0,0.0,401.91
5,11,7,0,,,,1.0043083,0.0,0.0,0.0,556.47
5,12,7,0,,,,1.1642166,0.0,0.0,0.0,790.03
5,13,7,0,,,,1.4218333,0.0,0.0,0.0,704.15
5,14,7,0,,,,0.48601666,0.0,0.0,0.0,474.46
5,15,7,0,,,,0.33205,0.0,0.0,0.0,340.23
5,16,7,0,,,,0.33075,0.0,0.0,0.0,237.46
5,17,7,0,,,,0.33706668,0.0,0.0,0.0,366.75
5,18,7,0,,,,0.33168334,0.0,0.0,0.0,101.29
5,19,7,0,,,,0.36125,0.0,0.0,0.0,39.57
5,20,7,0,,,,0.8857,0.0,0.0,0.0,0.0
5,21,7,0,,,,1.0049833,0.0,0.0,0.0,0.0
5,22,7,0,,,,1.0449333,0.0,0.0,0.0,0.0
5,23,7,0,,,,0.6888667,0.0,0.0,0.0,0.0
5,24,7,0,,,,0.90396667,0.0,0.0,0.0,0.0
5,1,1,0,,,,0.33055,0.0,0.0,0.0,0.0
5,2,1,0,,,,0.33181667,0.0,0.0,0.0,0.0
5,3,1,0,,,,0.32628334,0.0,0.0,0.0,0.0
5,4,1,0,,,,0.32616666,0.0,0.0,0.0,0.0
5,5,1,0,,,,0.32681668,0.0,0.0,0.0,0.0
5,6,1,0,,,,0.31363332,0.0,0.0,0.0,0.17
5,7,1,0,,,,0.32876667,0.0,0.0,0.0,60.97
5,8,1,0,,,,0.32515,0.0,0.0,0.0,114.59
5,9,1,0,,,,0.38696668,0.0,0.0,0.0,288.78
5,10,1,0,,,,0.4604,0.0,0.0,0.0,579.76
5,11,1,0,,,,0.54005,0.0,0.0,0.0,541.52
5,12,1,0,,,,0.8742667,0.0,0.0,0.0,583.22
5,13,1,0,,,,1.0444,0.0,0.0,0.0,643.37
5,14,1,0,,,,0.98581666,0.0,0.0,0.0,506.28
5,15,1,0,,,,0.96783334,0.0,0.0,0.0,209.97
5,16,1,0,,,,0.99895,0.0,0.0,0.0,65.63
5,17,1,0,,,,1.1329833,0.0,0.0,0.0,211.68
5,18,1,0,,,,1.3014166,0.0,0.0,0.0,156.93
5,19,1,0,,,,1.1589333,0.0,0.0,0.0,44.0
5,20,1,0,,,,0.383,0.0,0.0,0.0,0.0
5,21,1,0,,,,0.37075,0.0,0.0,0.0,0.0
5,22,1,0,,,,1.56835,0.0,0.0,0.0,0.0
5,23,1,0,,,,4.192333,0.0,0.0,0.0,0.0
5,24,1,0,,,,1.1526,0.0,0.0,0.0,0.0
5,1,2,0,,,,0.72031665,0.0,0.0,0.0,0.0
5,2,2,0,,,,0.33243334,0.0,0.0,0.0,0.0
5,3,2,0,,,,0.33171666,0.0,0.0,0.0,0.0
5,4,2,0,,,,0.33181667,0.0,0.0,0.0,0.0
5,5,2,0,,,,0.33163333,0.0,0.0,0.0,0.0
5,6,2,0,,,,0.32533333,0.0,0.0,0.0,14.18
5,7,2,0,,,,0.33933333,0.0,0.0,0.0,32.87
5,8,2,0,,,,1.8942667,0.0,0.0,0.0,163.26
5,9,2,0,,,,0.694,0.0,0.0,0.0,109.8
5,10,2,0,,,,3.6232333,0.0,0.0,0.0,382.5
5,11,2,0,,,,1.9591666,0.0,0.0,0.0,610.85
5,12,2,0,,,,0.86541665,0.0,0.0,0.0,450.24
5,13,2,0,,,,0.58805,0.0,0.0,0.0,670.81
5,14,2,0,,,,0.8536,0.0,0.0,0.0,506.68
5,15,2,0,,,,0.5890667,0.0,0.0,0.0,401.53
5,16,2,0,,,,0.7345333,0.0,0.0,0.0,239.49
5,17,2,0,,,,0.6012,0.0,0.0,0.0,185.01
5,18,2,0,,,,0.5657333,0.0,0.0,0.0,100.48
5,19,2,0,,,,0.84866667,0.0,0.0,0.0,41.49
5,20,2,0,,,,0.8084,0.0,0.0,0.0,0.0
5,21,2,0,,,,1.05175,0.0,0.0,0.0,0.0
5,22,2,0,,,,0.6987,0.0,0.0,0.0,0.0
5,23,2,0,,,,0.70485,0.0,0.0,0.0,0.0
5,24,2,0,,,,0.34776667,0.0,0.0,0.0,0.0
5,1,3,0,,,,0.74315,0.0,0.0,0.0,0.0
5,2,3,0,,,,1.38975,0.0,0.0,0.0,0.0
5,3,3,0,,,,0.89985,0.0,0.0,0.0,0.0
5,4,3,0,,,,0.84971666,0.0,0.0,0.0,0.0
5,5,3,0,,,,0.84278333,0.0,0.0,0.0,0.0
5,6,3,0,,,,0.891,0.0,0.0,0.0,4.42
5,7,3,0,,,,0.89481664,0.0,0.0,0.0,97.81
5,8,3,0,,,,1.0510417,0.0,0.0,0.0,33.98
5,9,3,0,,,,1.7282333,0.0,0.0,0.0,270.18
5,10,3,0,,,,1.4998667,0.0,0.0,0.0,617.08
5,11,3,0,,,,1.8141333,0.0,0.0,0.0,652.77
5,12,3,0,,,,0.9575167,0.0,0.0,0.0,773.43
5,13,3,0,,,,0.7489167,0.0,0.0,0.0,764.08
5,14,3,0,,,,0.74508333,0.0,0.0,0.0,478.25
5,15,3,0,,,,0.49465,0.0,0.0,0.0,456.29
5,16,3,0,,,,0.86931664,0.0,0.0,0.0,325.95
5,17,3,0,,,,0.64515,0.0,0.0,0.0,298.36
5,18,3,0,,,,0.82695,0.0,0.0,0.0,154.02
5,19,3,0,,,,0.7783333,0.0,0.0,0.0,46.0
5,20,3,0,,,,1.0864,0.0,0.0,0.0,0.12
5,21,3,0,,,,0.88261664,0.0,0.0,0.0,0.0
5,22,3,0,,,,0.75121665,0.0,0.0,0.0,0.0
5,23,3,0,,,,0.93418336,0.0,0.0,0.0,0.0
5,24,3,0,,,,1.3679084,0.0,0.0,0.0,0.0
5,1,4,0,,,,0.86586666,0.0,0.0,0.0,0.0
5,2,4,0,,,,0.8583,0.0,0.0,0.0,0.0
5,3,4,0,,,,0.8127667,0.0,0.0,0.0,0.0
5,4,4,0,,,,0.8745,0.0,0.0,0.0,0.0
5,5,4,0,,,,0.724,0.0,0.0,0.0,0.0
5,6,4,0,,,,0.71863335,0.0,0.0,0.0,0.49
5,7,4,0,,,,0.8552833,0.0,0.0,0.0,98.23
5,8,4,0,,,,0.54903334,0.0,0.0,0.0,217.68
5,9,4,0,,,,1.55575,0.0,0.0,0.0,415.35
5,10,4,0,,,,1.6198417,0.0,0.0,0.0,506.83
5,11,4,0,,,,1.1669834,0.0,0.0,0.0,643.8
5,12,4,0,,,,0.52526665,0.0,0.0,0.0,789.11
5,13,4,0,,,,0.2077,0.0,0.0,0.0,820.94
5,14,4,0,,,,0.27643332,0.0,0.0,0.0,698.47
5,15,4,0,,,,0.5707333,0.0,0.0,0.0,637.38
5,16,4,0,,,,0.56415,0.0,0.0,0.0,465.56
5,17,4,0,,,,0.57956666,0.0,0.0,0.0,325.83
5,18,4,0,,,,0.6522167,0.0,0.0,0.0,150.9
5,19,4,0,,,,0.7338833,0.0,0.0,0.0,46.12
5,20,4,0,,,,1.1784166,0.0,0.0,0.0,0.0
5,21,4,0,,,,2.5872333,0.0,0.0,0.0,0.0
5,22,4,0,,,,1.24005,0.0,0.0,0.0,0.0
5,23,4,0,,,,1.0960333,0.0,0.0,0.0,0.0
5,24,4,0,,,,0.36686668,0.0,0.0,0.0,0.0
5,1,5,0,,,,0.34485,0.0,0.0,0.0,0.0
5,2,5,0,,,,0.34343332,0.0,0.0,0.0,0.0
5,3,5,0,,,,0.34083334,0.0,0.0,0.0,0.0
5,4,5,0,,,,0.33538333,0.0,0.0,0.0,0.0
5,5,5,0,,,,0.33796668,0.0,0.0,0.0,0.0
5,6,5,0,,,,0.32783332,0.0,0.0,0.0,25.89
5,7,5,0,,,,0.3433,0.0,0.0,0.0,91.6
5,8,5,0,,,,0.40065,0.0,0.0,0.0,294.89
5,9,5,0,,,,0.91141665,0.0,0.0,0.0,481.11
5,10,5,0,,,,1.5894333,0.0,0.0,0.0,640.21
5,11,5,0,,,,1.16355,0.0,0.0,0.0,749.52
5,12,5,0,,,,1.0443166,0.0,0.0,0.0,802.91
5,13,5,0,,,,2.19655,0.0,0.0,0.0,824.62
5,14,5,0,,,,0.25678334,0.0,0.0,0.0,763.1
5,15,5,0,,,,0.23096667,0.0,0.0,0.0,693.75
5,16,5,0,,,,0.22085,0.0,0.0,0.0,553.23
5,17,5,0,,,,1.1844833,0.0,0.0,0.0,377.72
5,18,5,0,,,,2.72475,0.0,0.0,0.0,170.77
5,19,5,0,,,,1.9350333,0.0,0.0,0.0,42.81
5,20,5,0,,,,1.0234333,0.0,0.0,0.0,2.42
5,21,5,0,,,,1.16035,0.0,0.0,0.0,0.0
5,22,5,0,,,,0.62691665,0.0,0.0,0.0,0.0
5,23,5,0,,,,1.4244167,0.0,0.0,0.0,0.0
5,24,5,0,,,,0.3085,0.0,0.0,0.0,0.0
5,1,6,0,,,,0.29908332,0.0,0.0,0.0,0.0
5,2,6,0,,,,0.29825,0.0,0.0,0.0,0.0
5,3,6,0,,,,0.33446667,0.0,0.0,0.0,0.0
5,4,6,0,,,,0.34086666,0.0,0.0,0.0,0.0
5,5,6,0,,,,0.34178334,0.0,0.0,0.0,0.0
5,6,6,0,,,,0.41878334,0.0,0.0,0.0,24.35
5,7,6,0,,,,1.0039,0.0,0.0,0.0,91.79
5,8,6,0,,,,0.6786,0.0,0.0,0.0,290.3
5,9,6,0,,,,0.23376666,0.0,0.0,0.0,474.04
5,10,6,0,,,,0.21191667,0.0,0.0,0.0,627.77
5,11,6,0,,,,0.21976666,0.0,0.0,0.0,738.19
5,12,6,0,,,,0.21766667,0.0,0.0,0.0,798.02
5,13,6,0,,,,0.20929584,0.0,0.0,0.0,799.86
5,14,6,0,,,,0.21191667,0.0,0.0,0.0,764.4
5,15,6,0,,,,0.2179,0.0,0.0,0.0,687.4
5,16,6,0,,,,4.7959,0.0,0.0,0.0,547.75
5,17,6,0,,,,6.3798833,0.0,0.0,0.0,367.92
5,18,6,0,,,,1.8454666,0.0,0.0,0.0,170.24
5,19,6,0,,,,0.47825,0.0,0.0,0.0,46.62
5,20,6,0,,,,1.8723167,0.0,0.0,0.0,6.27
5,21,6,0,,,,2.1277168,0.0,0.0,0.0,0.0
5,22,6,0,,,,3.3233166,0.0,0.0,0.0,0.0
5,23,6,0,,,,0.6632,0.0,0.0,0.0,0.0
5,24,6,0,,,,1.8373834,0.0,0.0,0.0,0.0
5,1,7,0,,,,0.30236667,0.0,0.0,0.0,0.0
5,2,7,0,,,,0.30073333,0.0,0.0,0.0,0.0
5,3,7,0,,,,0.2979,0.0,0.0,0.0,0.0
5,4,7,0,,,,0.29801667,0.0,0.0,0.0,0.0
5,5,7,0,,,,0.29878333,0.0,0.0,0.0,0.0
5,6,7,0,,,,0.34351668,0.0,0.0,0.0,0.83
5,7,7,0,,,,0.6048167,0.0,0.0,0.0,66.12
5,8,7,0,,,,0.21831666,0.0,0.0,0.0,120.52
5,9,7,0,,,,0.3287,0.0,0.0,0.0,48.26
5,10,7,0,,,,0.7294833,0.0,0.0,0.0,84.92
5,11,7,0,,,,0.32433334,0.0,0.0,0.0,236.49
5,12,7,0,,,,0.22265,0.0,0.0,0.0,426.8
5,13,7,0,,,,0.22635,0.0,0.0,0.0,421.37
5,14,7,0,,,,2.4119666,0.0,0.0,0.0,206.0
5,15,7,0,,,,1.4351333,0.0,0.0,0.0,247.7
5,16,7,0,,,,1.0077667,0.0,0.0,0.0,314.85
5,17,7,0,,,,2.1540167,0.0,0.0,0.0,319.27
5,18,7,0,,,,1.4330333,0.0,0.0,0.0,168.96
5,19,7,0,,,,0.69661665,0.0,0.0,0.0,31.49
5,20,7,0,,,,6.8711,0.0,0.0,0.0,6.93
5,21,7,0,,,,3.7826333,0.0,0.0,0.0,0.0
5,22,7,0,,,,0.96681666,0.0,0.0,0.0,0.0
5,23,7,0,,,,1.1179,0.0,0.0,0.0,0.0
5,24,7,0,,,,0.5719417,0.0,0.0,0.0,0.0
5,1,1,0,,,,0.30081666,0.0,0.0,0.0,0.0
5,2,1,0,,,,0.3004,0.0,0.0,0.0,0.0
5,3,1,0,,,,0.2986,0.0,0.0,0.0,0.0
5,4,1,0,,,,0.29871666,0.0,0.0,0.0,0.0
5,5,1,0,,,,0.29993334,0.0,0.0,0.0,0.0
5,6,1,0,,,,0.20951666,0.0,0.0,0.0,26.03
5,7,1,0,,,,0.22111666,0.0,0.0,0.0,98.48
5,8,1,0,,,,0.5362,0.0,0.0,0.0,286.94
5,9,1,0,,,,1.13125,0.0,0.0,0.0,461.92
5,10,1,0,,,,0.6713,0.0,0.0,0.0,609.47
5,11,1,0,,,,0.27451667,0.0,0.0,0.0,693.08
5,12,1,0,,,,0.21618333,0.0,0.0,0.0,734.46
5,13,1,0,,,,0.29861668,0.0,0.0,0.0,668.29
5,14,1,0,,,,3.6493833,0.0,0.0,0.0,659.32
5,15,1,0,,,,0.33451667,0.0,0.0,0.0,174.89
5,16,1,0,,,,2.5865,0.0,0.0,0.0,241.14
5,17,1,0,,,,0.7488667,0.0,0.0,0.0,79.64
5,18,1,0,,,,2.0868,0.0,0.0,0.0,157.42
5,19,1,0,,,,0.83933336,0.0,0.0,0.0,50.61
5,20,1,0,,,,2.35995,0.0,0.0,0.0,0.14
5,21,1,0,,,,2.9641333,0.0,0.0,0.0,0.0
5,22,1,0,,,,3.5897,0.0,0.0,0.0,0.0
5,23,1,0,,,,1.0873166,0.0,0.0,0.0,0.0
5,24,1,0,,,,2.1032,0.0,0.0,0.0,0.0
5,1,2,0,,,,1.1752167,0.0,0.0,0.0,0.0
5,2,2,0,,,,1.2483333,0.0,0.0,0.0,0.0
5,3,2,0,,,,0.30136666,0.0,0.0,0.0,0.0
5,4,2,0,,,,0.29991665,0.0,0.0,0.0,0.0
5,5,2,0,,,,0.30333334,0.0,0.0,0.0,0.0
5,6,2,0,,,,0.21258333,0.0,0.0,0.0,0.86
5,7,2,0,,,,0.37263334,0.0,0.0,0.0,98.23
5,8,2,0,,,,0.91795,0.0,0.0,0.0,269.37
5,9,2,0,,,,2.0202334,0.0,0.0,0.0,446.38
5,10,2,0,,,,1.2659667,0.0,0.0,0.0,597.65
5,11,2,0,,,,1.5478333,0.0,0.0,0.0,679.14
5,12,2,0,,,,2.0641832,0.0,0.0,0.0,674.03
5,13,2,0,,,,2.1067834,0.0,0.0,0.0,361.68
5,14,2,0,,,,3.5308833,0.0,0.0,0.0,275.19
5,15,2,0,,,,2.5538666,0.0,0.0,0.0,562.53
5,16,2,0,,,,2.5244,0.0,0.0,0.0,490.95
5,17,2,0,,,,2.28485,0.0,0.0,0.0,143.46
5,18,2,0,,,,0.83666664,0.0,0.0,0.0,11.71
5,19,2,0,,,,1.8911,0.0,0.0,0.0,32.46
5,20,2,0,,,,1.32765,0.0,0.0,0.0,8.49
5,21,2,0,,,,2.7882333,0.0,0.0,0.0,0.0
5,22,2,0,,,,2.8013334,0.0,0.0,0.0,0.0
5,23,2,0,,,,1.37725,0.0,0.0,0.0,0.0
5,24,2,0,,,,0.29699168,0.0,0.0,0.0,0.0
5,1,3,0,,,,0.29831666,0.0,0.0,0.0,0.0
5,2,3,0,,,,0.29908332,0.0,0.0,0.0,0.0
5,3,3,0,,,,0.30685,0.0,0.0,0.0,0.0
5,4,3,0,,,,0.30255,0.0,0.0,0.0,0.0
5,5,3,0,,,,0.30051666,0.0,0.0,0.0,0.0
5,6,3,0,,,,0.2129,0.0,0.0,0.0,0.87
5,7,3,0,,,,0.85406667,0.0,0.0,0.0,97.84
5,8,3,0,,,,1.8550167,0.0,0.0,0.0,279.55
5,9,3,0,,,,0.2179,0.0,0.0,0.0,279.45
5,10,3,0,,,,0.21865,0.0,0.0,0.0,524.88
5,11,3,0,,,,0.21971667,0.0,0.0,0.0,491.32
5,12,3,0,,,,0.21465,0.0,0.0,0.0,404.91
5,13,3,0,,,,0.54001665,0.0,0.0,0.0,499.77
5,14,3,0,,,,0.54465,0.0,0.0,0.0,556.32
5,15,3,0,,,,0.20983334,0.0,0.0,0.0,320.78
5,16,3,0,,,,1.7790667,0.0,0.0,0.0,340.32
5,17,3,0,,,,0.28486666,0.0,0.0,0.0,0.0
5,18,3,0,,,,0.27546668,0.0,0.0,0.0,119.89
5,19,3,0,,,,1.87745,0.0,0.0,0.0,54.19
5,20,3,0,,,,0.6241,0.0,0.0,0.0,0.0
5,21,3,0,,,,1.5289667,0.0,0.0,0.0,0.0
5,22,3,0,,,,3.6119332,0.0,0.0,0.0,0.0
5,23,3,0,,,,0.64446664,0.0,0.0,0.0,0.0
5,24,3,0,,,,0.33803332,0.0,0.0,0.0,0.0
5,1,4,0,,,,0.33681667,0.0,0.0,0.0,0.0
5,2,4,0,,,,0.3367,0.0,0.0,0.0,0.0
5,3,4,0,,,,0.33458334,0.0,0.0,0.0,0.0
5,4,4,0,,,,0.33501667,0.0,0.0,0.0,0.0
5,5,4,0,,,,0.33218333,0.0,0.0,0.0,0.0
5,6,4,0,,,,0.28081667,0.0,0.0,0.0,1.25
5,7,4,0,,,,1.2868834,0.0,0.0,0.0,83.72
5,8,4,0,,,,1.1902167,0.0,0.0,0.0,209.66
5,9,4,0,,,,0.48166665,0.0,0.0,0.0,386.94
5,10,4,0,,,,0.2607111,0.0,0.0,0.0,319.41
5,11,4,0,,,,0.26406667,0.0,0.0,0.0,411.72
5,12,4,0,,,,0.2605,0.0,0.0,0.0,418.14
5,13,4,0,,,,0.25803334,0.0,0.0,0.0,611.11
5,14,4,0,,,,0.25875,0.0,0.0,0.0,348.78
5,15,4,0,,,,0.25763333,0.0,0.0,0.0,99.21
5,16,4,0,,,,0.25676668,0.0,0.0,0.0,320.46
5,17,4,0,,,,0.28225,0.0,0.0,0.0,64.89
5,18,4,0,,,,0.58071667,0.0,0.0,0.0,66.27
5,19,4,0,,,,0.98545,0.0,0.0,0.0,27.34
5,20,4,0,,,,1.6606333,0.0,0.0,0.0,0.0
5,21,4,0,,,,1.7183334,0.0,0.0,0.0,0.0
5,22,4,0,,,,0.68485,0.0,0.0,0.0,0.0
5,23,4,0,,,,0.34255,0.0,0.0,0.0,0.0
5,24,4,0,,,,0.33885834,0.0,0.0,0.0,0.0
5,1,5,0,,,,0.33586666,0.0,0.0,0.0,0.0
5,2,5,0,,,,0.3424,0.0,0.0,0.0,0.0
5,3,5,0,,,,0.3358,0.0,0.0,0.0,0.0
5,4,5,0,,,,0.3313,0.0,0.0,0.0,0.0
5,5,5,0,,,,0.33241665,0.0,0.0,0.0,0.0
5,6,5,0,,,,0.3294,0.0,0.0,0.0,5.5
5,7,5,0,,,,0.45031667,0.0,0.0,0.0,101.66
5,8,5,0,,,,0.5601,0.0,0.0,0.0,295.54
5,9,5,0,,,,1.02275,0.0,0.0,0.0,487.21
5,10,5,0,,,,1.0735667,0.0,0.0,0.0,636.14
5,11,5,0,,,,2.8148832,0.0,0.0,0.0,658.51
5,12,5,0,,,,0.45913333,0.0,0.0,0.0,665.76
5,13,5,0,,,,0.23675,0.0,0.0,0.0,666.41
5,14,5,0,,,,0.37371665,0.0,0.0,0.0,612.37
5,15,5,0,,,,0.37636667,0.0,0.0,0.0,592.08
5,16,5,0,,,,0.2236,0.0,0.0,0.0,523.3
5,17,5,0,,,,0.21593334,0.0,0.0,0.0,357.92
5,18,5,0,,,,0.60351664,0.0,0.0,0.0,181.31
5,19,5,0,,,,0.95743334,0.0,0.0,0.0,45.58
5,20,5,0,,,,0.59985,0.0,0.0,0.0,10.29
5,21,5,0,,,,0.35865,0.0,0.0,0.0,0.0
5,22,5,0,,,,0.73301667,0.0,0.0,0.0,0.0
5,23,5,0,,,,2.1012332,0.0,0.0,0.0,0.0
5,24,5,0,,,,0.36646667,0.0,0.0,0.0,0.0
5,1,6,0,,,,0.34186667,0.0,0.0,0.0,0.0
5,2,6,0,,,,0.34043333,0.0,0.0,0.0,0.0
5,3,6,0,,,,0.33526668,0.0,0.0,0.0,0.0
5,4,6,0,,,,0.33495,0.0,0.0,0.0,0.0
5,5,6,0,,,,0.33416668,0.0,0.0,0.0,0.0
5,6,6,0,,,,0.33438334,0.0,0.0,0.0,16.2
5,7,6,0,,,,0.3458,0.0,0.0,0.0,106.41
5,8,6,0,,,,0.45975,0.0,0.0,0.0,269.41
5,9,6,0,,,,1.0674167,0.0,0.0,0.0,424.84
5,10,6,0,,,,0.8997333,0.0,0.0,0.0,596.39
5,11,6,0,,,,0.28921667,0.0,0.0,0.0,682.9
5,12,6,0,,,,0.2894,0.0,0.0,0.0,740.18
5,13,6,0,,,,0.28458333,0.0,0.0,0.0,700.54
5,14,6,0,,,,0.27,0.0,0.0,0.0,396.5
5,15,6,0,,,,0.23678334,0.0,0.0,0.0,523.55
5,16,6,0,,,,1.3636833,0.0,0.0,0.0,275.12
5,17,6,0,,,,0.8947333,0.0,0.0,0.0,337.13
5,18,6,0,,,,0.7117,0.0,0.0,0.0,162.41
5,19,6,0,,,,1.1555333,0.0,0.0,0.0,54.39
5,20,6,0,,,,0.98865,0.0,0.0,0.0,10.07
5,21,6,0,,,,0.8886333,0.0,0.0,0.0,0.0
5,22,6,0,,,,1.3314667,0.0,0.0,0.0,0.0
5,23,6,0,,,,2.1688333,0.0,0.0,0.0,0.0
5,24,6,0,,,,0.34535834,0.0,0.0,0.0,0.0
5,1,7,0,,,,0.34428334,0.0,0.0,0.0,0.0
5,2,7,0,,,,0.34313333,0.0,0.0,0.0,0.0
5,3,7,0,,,,0.33935,0.0,0.0,0.0,0.0
5,4,7,0,,,,0.33563334,0.0,0.0,0.0,0.0
5,5,7,0,,,,0.33565,0.0,0.0,0.0,0.0
5,6,7,0,,,,0.33168334,0.0,0.0,0.0,19.61
5,7,7,0,,,,0.34276667,0.0,0.0,0.0,103.89
5,8,7,0,,,,0.33811668,0.0,0.0,0.0,278.67
5,9,7,0,,,,0.33966666,0.0,0.0,0.0,462.83
5,10,7,0,,,,0.73045,0.0,0.0,0.0,616.16
5,11,7,0,,,,0.7663,0.0,0.0,0.0,688.6
5,12,7,0,,,,0.9737167,0.0,0.0,0.0,671.87
5,13,7,0,,,,1.2435833,0.0,0.0,0.0,592.8
5,14,7,0,,,,4.126283,0.0,0.0,0.0,518.24
5,15,7,0,,,,0.42205,0.0,0.0,0.0,320.59
5,16,7,0,,,,0.2976,0.0,0.0,0.0,372.46
5,17,7,0,,,,0.2706,0.0,0.0,0.0,329.89
5,18,7,0,,,,0.21205,0.0,0.0,0.0,159.51
5,19,7,0,,,,1.6386334,0.0,0.0,0.0,49.07
5,20,7,0,,,,0.42785,0.0,0.0,0.0,11.15
5,21,7,0,,,,0.47236666,0.0,0.0,0.0,0.0
5,22,7,0,,,,0.48311666,0.0,0.0,0.0,0.0
5,23,7,0,,,,0.40341666,0.0,0.0,0.0,0.0
5,24,7,0,,,,0.34338334,0.0,0.0,0.0,0.0
5,1,1,0,,,,2.1143832,0.0,0.0,0.0,0.0
5,2,1,0,,,,0.67233336,0.0,0.0,0.0,0.0
5,3,1,0,,,,0.37796667,0.0,0.0,0.0,0.0
5,4,1,0,,,,0.3134,0.0,0.0,0.0,0.0
5,5,1,0,,,,0.58538336,0.0,0.0,0.0,0.0
5,6,1,0,,,,0.7675833,0.0,0.0,0.0,22.11
5,7,1,0,,,,0.31288335,0.0,0.0,0.0,39.63
5,8,1,0,,,,0.3115,0.0,0.0,0.0,272.35
5,9,1,0,,,,0.3093,0.0,0.0,0.0,383.92
5,10,1,0,,,,0.42678332,0.0,0.0,0.0,599.77
5,11,1,0,,,,0.34263334,0.0,0.0,0.0,711.5
5,12,1,0,,,,0.25106665,0.0,0.0,0.0,781.04
5,13,1,0,,,,0.21211667,0.0,0.0,0.0,710.3
5,14,1,0,,,,0.2094,0.0,0.0,0.0,710.95
5,15,1,0,,,,0.20918334,0.0,0.0,0.0,168.35
5,16,1,0,,,,0.21111667,0.0,0.0,0.0,179.71
5,17,1,0,,,,1.0961334,0.0,0.0,0.0,242.9
5,18,1,0,,,,1.17475,0.0,0.0,0.0,82.26
5,19,1,0,,,,0.8545833,0.0,0.0,0.0,55.33
5,20,1,0,,,,0.9577,0.0,0.0,0.0,11.14
5,21,1,0,,,,1.4896667,0.0,0.0,0.0,0.0
5,22,1,0,,,,1.5294,0.0,0.0,0.0,0.0
5,23,1,0,,,,1.5395334,0.0,0.0,0.0,0.0
5,24,1,0,,,,1.1310333,0.0,0.0,0.0,0.0
5,1,2,0,,,,1.3660333,0.0,0.0,0.0,0.0
5,2,2,0,,,,0.34151667,0.0,0.0,0.0,0.0
5,3,2,0,,,,0.33543333,0.0,0.0,0.0,0.0
5,4,2,0,,,,0.33553332,0.0,0.0,0.0,0.0
5,5,2,0,,,,0.3358,0.0,0.0,0.0,0.0
5,6,2,0,,,,1.5062667,0.0,0.0,0.0,35.63
5,7,2,0,,,,1.0189167,0.0,0.0,0.0,93.92
5,8,2,0,,,,0.32838333,0.0,0.0,0.0,281.7
5,9,2,0,,,,0.5133,0.0,0.0,0.0,448.86
5,10,2,0,,,,0.61525,0.0,0.0,0.0,489.08
5,11,2,0,,,,0.6006167,0.0,0.0,0.0,651.28
5,12,2,0,,,,0.24975,0.0,0.0,0.0,602.74
5,13,2,0,,,,0.24086666,0.0,0.0,0.0,400.41
5,14,2,0,,,,0.34816667,0.0,0.0,0.0,471.54
5,15,2,0,,,,0.35201666,0.0,0.0,0.0,414.36
5,16,2,0,,,,0.25551668,0.0,0.0,0.0,351.06
5,17,2,0,,,,0.42218333,0.0,0.0,0.0,321.09
5,18,2,0,,,,1.3376334,0.0,0.0,0.0,172.59
5,19,2,0,,,,1.27165,0.0,0.0,0.0,57.51
5,20,2,0,,,,0.5430167,0.0,0.0,0.0,1.55
5,21,2,0,,,,0.5410333,0.0,0.0,0.0,0.0
5,22,2,0,,,,1.8160833,0.0,0.0,0.0,0.0
5,23,2,0,,,,1.6048334,0.0,0.0,0.0,0.0
5,24,2,0,,,,0.7018333,0.0,0.0,0.0,0.0
5,1,3,0,,,,0.34135,0.0,0.0,0.0,0.0
5,2,3,0,,,,0.342,0.0,0.0,0.0,0.0
5,3,3,0,,,,0.33846667,0.0,0.0,0.0,0.0
5,4,3,0,,,,0.33918333,0.0,0.0,0.0,0.0
5,5,3,0,,,,0.54036665,0.0,0.0,0.0,0.0
5,6,3,0,,,,0.76025,0.0,0.0,0.0,1.22
5,7,3,0,,,,0.6304833,0.0,0.0,0.0,19.82
5,8,3,0,,,,0.2774,0.0,0.0,0.0,64.82
5,9,3,0,,,,0.27588335,0.0,0.0,0.0,249.85
5,10,3,0,,,,0.27731666,0.0,0.0,0.0,596.35
5,11,3,0,,,,0.2817,0.0,0.0,0.0,700.21
5,12,3,0,,,,0.28306666,0.0,0.0,0.0,728.99
5,13,3,0,,,,0.31468335,0.0,0.0,0.0,724.59
5,14,3,0,,,,0.54541665,0.0,0.0,0.0,611.82
5,15,3,0,,,,0.7143667,0.0,0.0,0.0,629.64
5,16,3,0,,,,0.21351667,0.0,0.0,0.0,518.02
5,17,3,0,,,,0.22673333,0.0,0.0,0.0,358.14
5,18,3,0,,,,0.38311666,0.0,0.0,0.0,178.77
5,19,3,0,,,,0.41683334,0.0,0.0,0.0,59.25
5,20,3,0,,,,1.7708666,0.0,0.0,0.0,1.56
5,21,3,0,,,,1.1507334,0.0,0.0,0.0,0.0
5,22,3,0,,,,2.6165,0.0,0.0,0.0,0.0
5,23,3,0,,,,1.0888667,0.0,0.0,0.0,0.0
5,24,3,0,,,,0.845125,0.0,0.0,0.0,0.0
6,1,4,0,,,,1.5053834,0.0,0.0,0.0,0.0
6,2,4,0,,,,0.7007333,0.0,0.0,0.0,0.0
6,3,4,0,,,,0.33543333,0.0,0.0,0.0,0.0
6,4,4,0,,,,0.33425,0.0,0.0,0.0,0.0
6,5,4,0,,,,0.33521667,0.0,0.0,0.0,0.0
6,6,4,0,,,,1.0732666,0.0,0.0,0.0,1.63
6,7,4,0,,,,0.7979,0.0,0.0,0.0,101.88
6,8,4,0,,,,0.33456665,0.0,0.0,0.0,207.69
6,9,4,0,,,,0.33618334,0.0,0.0,0.0,467.3
6,10,4,0,,,,0.47168332,0.0,0.0,0.0,559.41
6,11,4,0,,,,0.7032,0.0,0.0,0.0,657.04
6,12,4,0,,,,0.6178833,0.0,0.0,0.0,674.11
6,13,4,0,,,,2.1995666,0.0,0.0,0.0,679.42
6,14,4,0,,,,1.7445667,0.0,0.0,0.0,683.07
6,15,4,0,,,,1.4896333,0.0,0.0,0.0,647.73
6,16,4,0,,,,2.1947334,0.0,0.0,0.0,527.57
6,17,4,0,,,,0.44331667,0.0,0.0,0.0,368.56
6,18,4,0,,,,0.23775,0.0,0.0,0.0,179.42
6,19,4,0,,,,0.6482,0.0,0.0,0.0,47.26
6,20,4,0,,,,0.65888333,0.0,0.0,0.0,13.5
6,21,4,0,,,,0.65718335,0.0,0.0,0.0,0.0
6,22,4,0,,,,0.6544833,0.0,0.0,0.0,0.0
6,23,4,0,,,,0.46985,0.0,0.0,0.0,0.0
6,24,4,0,,,,0.29000834,0.0,0.0,0.0,0.0
6,1,5,0,,,,0.2906,0.0,0.0,0.0,0.0
6,2,5,0,,,,0.30231667,0.0,0.0,0.0,0.0
6,3,5,0,,,,1.318,0.0,0.0,0.0,0.0
6,4,5,0,,,,0.6971,0.0,0.0,0.0,0.0
6,5,5,0,,,,0.33586666,0.0,0.0,0.0,0.0
6,6,5,0,,,,0.9392833,0.0,0.0,0.0,1.63
6,7,5,0,,,,1.34245,0.0,0.0,0.0,8.91
6,8,5,0,,,,1.3355666,0.0,0.0,0.0,52.42
6,9,5,0,,,,1.9507667,0.0,0.0,0.0,169.06
6,10,5,0,,,,0.73571664,0.0,0.0,0.0,422.03
6,11,5,0,,,,1.0949,0.0,0.0,0.0,691.97
6,12,5,0,,,,0.54338336,0.0,0.0,0.0,774.05
6,13,5,0,,,,0.9112833,0.0,0.0,0.0,767.85
6,14,5,0,,,,3.4633334,0.0,0.0,0.0,707.11
6,15,5,0,,,,0.7807,0.0,0.0,0.0,661.04
6,16,5,0,,,,3.4441833,0.0,0.0,0.0,535.62
6,17,5,0,,,,0.5729167,0.0,0.0,0.0,367.9
6,18,5,0,,,,0.7562,0.0,0.0,0.0,181.03
6,19,5,0,,,,0.6962917,0.0,0.0,0.0,47.96
6,20,5,0,,,,1.5103667,0.0,0.0,0.0,14.12
6,21,5,0,,,,0.87848336,0.0,0.0,0.0,0.0
6,22,5,0,,,,0.45878333,0.0,0.0,0.0,0.0
6,23,5,0,,,,2.8291166,0.0,0.0,0.0,0.0
6,24,5,0,,,,0.9204417,0.0,0.0,0.0,0.0
6,1,6,0,,,,1.6061667,0.0,0.0,0.0,0.0
6,2,6,0,,,,0.31546667,0.0,0.0,0.0,0.0
6,3,6,0,,,,0.29865,0.0,0.0,0.0,0.0
6,4,6,0,,,,0.29601666,0.0,0.0,0.0,0.0
6,5,6,0,,,,0.29573333,0.0,0.0,0.0,0.0
6,6,6,0,,,,0.29215,0.0,0.0,0.0,36.42
6,7,6,0,,,,0.33678332,0.0,0.0,0.0,93.5
6,8,6,0,,,,0.5236,0.0,0.0,0.0,284.73
6,9,6,0,,,,1.5368333,0.0,0.0,0.0,458.03
6,10,6,0,,,,1.9818166,0.0,0.0,0.0,599.43
6,11,6,0,,,,1.3467833,0.0,0.0,0.0,699.31
6,12,6,0,,,,0.9498,0.0,0.0,0.0,614.35
6,13,6,0,,,,2.1704166,0.0,0.0,0.0,623.28
6,14,6,0,,,,1.3405334,0.0,0.0,0.0,631.41
6,15,6,0,,,,0.93806666,0.0,0.0,0.0,452.89
6,16,6,0,,,,3.5534666,0.0,0.0,0.0,113.14
6,17,6,0,,,,1.1324834,0.0,0.0,0.0,156.88
6,18,6,0,,,,0.30598333,0.0,0.0,0.0,126.0
6,19,6,0,,,,2.2123334,0.0,0.0,0.0,58.44
6,20,6,0,,,,0.43078333,0.0,0.0,0.0,7.26
6,21,6,0,,,,0.9127,0.0,0.0,0.0,0.0
6,22,6,0,,,,5.368417,0.0,0.0,0.0,0.0
6,23,6,0,,,,1.1597834,0.0,0.0,0.0,0.0
6,24,6,0,,,,3.6511333,0.0,0.0,0.0,0.0
6,1,7,0,,,,0.90253335,0.0,0.0,0.0,0.0
6,2,7,0,,,,0.65276664,0.0,0.0,0.0,0.0
6,3,7,0,,,,0.34165,0.0,0.0,0.0,0.0
6,4,7,0,,,,0.2933,0.0,0.0,0.0,0.0
6,5,7,0,,,,0.2957,0.0,0.0,0.0,0.0
6,6,7,0,,,,0.29116666,0.0,0.0,0.0,35.62
6,7,7,0,,,,0.3613,0.0,0.0,0.0,96.65
6,8,7,0,,,,0.28978333,0.0,0.0,0.0,253.4
6,9,7,0,,,,0.23398334,0.0,0.0,0.0,442.11
6,10,7,0,,,,0.8699333,0.0,0.0,0.0,552.07
6,11,7,0,,,,3.0538166,0.0,0.0,0.0,582.93
6,12,7,0,,,,0.36613333,0.0,0.0,0.0,628.32
6,13,7,0,,,,3.2178333,0.0,0.0,0.0,486.75
6,14,7,0,,,,0.28483334,0.0,0.0,0.0,576.39
6,15,7,0,,,,1.39515,0.0,0.0,0.0,353.78
6,16,7,0,,,,0.83853334,0.0,0.0,0.0,57.29
6,17,7,0,,,,2.5681334,0.0,0.0,0.0,112.89
6,18,7,0,,,,1.3970166,0.0,0.0,0.0,24.39
6,19,7,0,,,,1.5790833,0.0,0.0,0.0,37.65
6,20,7,0,,,,1.0720667,0.0,0.0,0.0,14.67
6,21,7,0,,,,0.29571667,0.0,0.0,0.0,0.0
6,22,7,0,,,,3.2092,0.0,0.0,0.0,0.0
6,23,7,0,,,,4.7857666,0.0,0.0,0.0,0.0
6,24,7,0,,,,1.35545,0.0,0.0,0.0,0.0
6,1,1,0,,,,0.31738332,0.0,0.0,0.0,0.0
6,2,1,0,,,,0.29193333,0.0,0.0,0.0,0.0
6,3,1,0,,,,0.29011667,0.0,0.0,0.0,0.0
6,4,1,0,,,,0.28963333,0.0,0.0,0.0,0.0
6,5,1,0,,,,0.29201666,0.0,0.0,0.0,0.0
6,6,1,0,,,,0.7231,0.0,0.0,0.0,1.6
6,7,1,0,,,,0.56278336,0.0,0.0,0.0,27.99
6,8,1,0,,,,0.6465167,0.0,0.0,0.0,167.36
6,9,1,0,,,,2.2124333,0.0,0.0,0.0,232.89
6,10,1,0,,,,1.13135,0.0,0.0,0.0,534.78
6,11,1,0,,,,1.7939167,0.0,0.0,0.0,373.23
6,12,1,0,,,,0.5952,0.0,0.0,0.0,679.51
6,13,1,0,,,,1.7435167,0.0,0.0,0.0,679.59
6,14,1,0,,,,1.7765833,0.0,0.0,0.0,749.15
6,15,1,0,,,,2.8729334,0.0,0.0,0.0,659.64
6,16,1,0,,,,1.2817167,0.0,0.0,0.0,495.39
6,17,1,0,,,,0.856,0.0,0.0,0.0,362.16
6,18,1,0,,,,0.30266666,0.0,0.0,0.0,158.48
6,19,1,0,,,,2.77365,0.0,0.0,0.0,63.85
6,20,1,0,,,,0.97725,0.0,0.0,0.0,6.34
6,21,1,0,,,,1.8618333,0.0,0.0,0.0,0.0
6,22,1,0,,,,0.5425,0.0,0.0,0.0,0.0
6,23,1,0,,,,2.4649668,0.0,0.0,0.0,0.0
6,24,1,0,,,,0.42163333,0.0,0.0,0.0,0.0
6,1,2,0,,,,0.29995,0.0,0.0,0.0,0.0
6,2,2,0,,,,0.29965,0.0,0.0,0.0,0.0
6,3,2,0,,,,0.33181667,0.0,0.0,0.0,0.0
6,4,2,0,,,,0.33156666,0.0,0.0,0.0,0.0
6,5,2,0,,,,0.33223334,0.0,0.0,0.0,0.0
6,6,2,0,,,,0.33276665,0.0,0.0,0.0,12.69
6,7,2,0,,,,0.5785,0.0,0.0,0.0,9.42
6,8,2,0,,,,1.4217334,0.0,0.0,0.0,18.27
6,9,2,0,,,,1.10105,0.0,0.0,0.0,284.44
6,10,2,0,,,,1.6849667,0.0,0.0,0.0,565.94
6,11,2,0,,,,0.9695167,0.0,0.0,0.0,577.98
6,12,2,0,,,,0.5696333,0.0,0.0,0.0,660.21
6,13,2,0,,,,3.6882834,0.0,0.0,0.0,562.72
6,14,2,0,,,,0.9381833,0.0,0.0,0.0,612.96
6,15,2,0,,,,2.45825,0.0,0.0,0.0,531.3
6,16,2,0,,,,1.0862334,0.0,0.0,0.0,434.04
6,17,2,0,,,,2.4005334,0.0,0.0,0.0,346.79
6,18,2,0,,,,1.0016667,0.0,0.0,0.0,179.36
6,19,2,0,,,,0.6753,0.0,0.0,0.0,43.12
6,20,2,0,,,,1.3607666,0.0,0.0,0.0,14.08
6,21,2,0,,,,0.77625,0.0,0.0,0.0,0.0
6,22,2,0,,,,0.44241667,0.0,0.0,0.0,0.0
6,23,2,0,,,,1.53865,0.0,0.0,0.0,0.0
6,24,2,0,,,,0.6653583,0.0,0.0,0.0,0.0
6,1,3,0,,,,1.0724666,0.0,0.0,0.0,0.0
6,2,3,0,,,,0.5660333,0.0,0.0,0.0,0.0
6,3,3,0,,,,0.29036668,0.0,0.0,0.0,0.0
6,4,3,0,,,,0.2895,0.0,0.0,0.0,0.0
6,5,3,0,,,,0.29023334,0.0,0.0,0.0,0.0
6,6,3,0,,,,0.28433332,0.0,0.0,0.0,1.62
6,7,3,0,,,,1.18285,0.0,0.0,0.0,9.48
6,8,3,0,,,,0.47786668,0.0,0.0,0.0,77.49
6,9,3,0,,,,0.5729667,0.0,0.0,0.0,49.23
6,10,3,0,,,,1.0759333,0.0,0.0,0.0,452.46
6,11,3,0,,,,1.2465833,0.0,0.0,0.0,410.29
6,12,3,0,,,,0.90038335,0.0,0.0,0.0,744.8
6,13,3,0,,,,0.64673334,0.0,0.0,0.0,689.24
6,14,3,0,,,,2.86155,0.0,0.0,0.0,589.17
6,15,3,0,,,,0.72043335,0.0,0.0,0.0,576.88
6,16,3,0,,,,3.0406334,0.0,0.0,0.0,515.83
6,17,3,0,,,,2.20725,0.0,0.0,0.0,344.11
6,18,3,0,,,,2.1929,0.0,0.0,0.0,178.02
6,19,3,0,,,,0.2582,0.0,0.0,0.0,46.45
6,20,3,0,,,,0.29888332,0.0,0.0,0.0,15.3
6,21,3,0,,,,0.2991,0.0,0.0,0.0,0.0
6,22,3,0,,,,0.5074833,0.0,0.0,0.0,0.0
6,23,3,0,,,,1.7383667,0.0,0.0,0.0,0.0
6,24,3,0,,,,2.8749,0.0,0.0,0.0,0.0
6,1,4,0,,,,0.43653333,0.0,0.0,0.0,0.0
6,2,4,0,,,,0.29648334,0.0,0.0,0.0,0.0
6,3,4,0,,,,0.29283333,0.0,0.0,0.0,0.0
6,4,4,0,,,,0.29065,0.0,0.0,0.0,0.0
6,5,4,0,,,,0.29016668,0.0,0.0,0.0,0.0
6,6,4,0,,,,0.32091665,0.0,0.0,0.0,37.6
6,7,4,0,,,,0.33998334,0.0,0.0,0.0,92.77
6,8,4,0,,,,0.43996668,0.0,0.0,0.0,281.51
6,9,4,0,,,,1.0025166,0.0,0.0,0.0,464.43
6,10,4,0,,,,1.5961167,0.0,0.0,0.0,599.2
6,11,4,0,,,,0.48501667,0.0,0.0,0.0,709.99
6,12,4,0,,,,0.54606664,0.0,0.0,0.0,765.1
6,13,4,0,,,,2.2691834,0.0,0.0,0.0,749.03
6,14,4,0,,,,0.49571666,0.0,0.0,0.0,603.4
6,15,4,0,,,,1.6575834,0.0,0.0,0.0,524.37
6,16,4,0,,,,0.5381333,0.0,0.0,0.0,331.14
6,17,4,0,,,,0.30223334,0.0,0.0,0.0,182.46
6,18,4,0,,,,0.29865,0.0,0.0,0.0,149.58
6,19,4,0,,,,0.26858333,0.0,0.0,0.0,61.58
6,20,4,0,,,,0.4997,0.0,0.0,0.0,17.16
6,21,4,0,,,,2.4877,0.0,0.0,0.0,0.0
6,22,4,0,,,,2.46665,0.0,0.0,0.0,0.0
6,23,4,0,,,,1.0384333,0.0,0.0,0.0,0.0
6,24,4,0,,,,0.39446667,0.0,0.0,0.0,0.0
6,1,5,0,,,,0.33101666,0.0,0.0,0.0,0.0
6,2,5,0,,,,0.34096667,0.0,0.0,0.0,0.0
6,3,5,0,,,,0.33753332,0.0,0.0,0.0,0.0
6,4,5,0,,,,0.61018336,0.0,0.0,0.0,0.0
6,5,5,0,,,,0.8669,0.0,0.0,0.0,0.0
6,6,5,0,,,,0.31391665,0.0,0.0,0.0,38.91
6,7,5,0,,,,0.25821668,0.0,0.0,0.0,98.32
6,8,5,0,,,,0.75848335,0.0,0.0,0.0,274.64
6,9,5,0,,,,0.6497833,0.0,0.0,0.0,442.26
6,10,5,0,,,,0.61623335,0.0,0.0,0.0,585.43
6,11,5,0,,,,0.54073334,0.0,0.0,0.0,692.64
6,12,5,0,,,,0.21333334,0.0,0.0,0.0,503.79
6,13,5,0,,,,0.20948888,0.0,0.0,0.0,722.51
6,14,5,0,,,,0.21271667,0.0,0.0,0.0,569.56
6,15,5,0,,,,0.2127,0.0,0.0,0.0,38.68
6,16,5,0,,,,0.21246667,0.0,0.0,0.0,31.44
6,17,5,0,,,,0.2167,0.0,0.0,0.0,55.66
6,18,5,0,,,,0.44368333,0.0,0.0,0.0,136.71
6,19,5,0,,,,0.47745,0.0,0.0,0.0,43.55
6,20,5,0,,,,2.6449833,0.0,0.0,0.0,17.05
6,21,5,0,,,,1.1588334,0.0,0.0,0.0,0.0
6,22,5,0,,,,2.6735168,0.0,0.0,0.0,0.0
6,23,5,0,,,,0.49056667,0.0,0.0,0.0,0.0
6,24,5,0,,,,0.30355832,0.0,0.0,0.0,0.0
6,1,6,0,,,,0.29563335,0.0,0.0,0.0,0.0
6,2,6,0,,,,0.29618335,0.0,0.0,0.0,0.0
6,3,6,0,,,,0.29556668,0.0,0.0,0.0,0.0
6,4,6,0,,,,0.29468334,0.0,0.0,0.0,0.0
6,5,6,0,,,,0.30343333,0.0,0.0,0.0,0.0
6,6,6,0,,,,0.21178333,0.0,0.0,0.0,38.07
6,7,6,0,,,,0.21621667,0.0,0.0,0.0,97.15
6,8,6,0,,,,0.21088333,0.0,0.0,0.0,272.61
6,9,6,0,,,,0.55291665,0.0,0.0,0.0,441.44
6,10,6,0,,,,1.5756667,0.0,0.0,0.0,551.85
6,11,6,0,,,,0.56865,0.0,0.0,0.0,669.07
6,12,6,0,,,,0.7129833,0.0,0.0,0.0,737.85
6,13,6,0,,,,1.0655833,0.0,0.0,0.0,751.03
6,14,6,0,,,,0.21131666,0.0,0.0,0.0,708.68
6,15,6,0,,,,1.0720167,0.0,0.0,0.0,631.15
6,16,6,0,,,,0.85495,0.0,0.0,0.0,509.48
6,17,6,0,,,,0.21995,0.0,0.0,0.0,368.56
6,18,6,0,,,,1.5023167,0.0,0.0,0.0,185.24
6,19,6,0,,,,0.34663334,0.0,0.0,0.0,33.05
6,20,6,0,,,,0.5809,0.0,0.0,0.0,17.45
6,21,6,0,,,,1.9788166,0.0,0.0,0.0,0.0
6,22,6,0,,,,1.13625,0.0,0.0,0.0,0.0
6,23,6,0,,,,0.9041,0.0,0.0,0.0,0.0
6,24,6,0,,,,0.43454167,0.0,0.0,0.0,0.0
6,1,7,0,,,,0.3441,0.0,0.0,0.0,0.0
6,2,7,0,,,,0.34328333,0.0,0.0,0.0,0.0
6,3,7,0,,,,0.33986667,0.0,0.0,0.0,0.0
6,4,7,0,,,,0.33765,0.0,0.0,0.0,0.0
6,5,7,0,,,,0.37231666,0.0,0.0,0.0,0.0
6,6,7,0,,,,0.2514,0.0,0.0,0.0,37.33
6,7,7,0,,,,0.2586,0.0,0.0,0.0,99.06
6,8,7,0,,,,0.40353334,0.0,0.0,0.0,273.32
6,9,7,0,,,,0.29681668,0.0,0.0,0.0,446.34
6,10,7,0,,,,0.25315,0.0,0.0,0.0,588.07
6,11,7,0,,,,0.25851667,0.0,0.0,0.0,705.44
6,12,7,0,,,,0.70475,0.0,0.0,0.0,757.32
6,13,7,0,,,,0.57876664,0.0,0.0,0.0,715.73
6,14,7,0,,,,0.2576,0.0,0.0,0.0,691.15
6,15,7,0,,,,0.31636667,0.0,0.0,0.0,626.08
6,16,7,0,,,,0.27778333,0.0,0.0,0.0,496.18
6,17,7,0,,,,0.26316667,0.0,0.0,0.0,338.42
6,18,7,0,,,,0.29901665,0.0,0.0,0.0,181.53
6,19,7,0,,,,0.3004667,0.0,0.0,0.0,45.38
6,20,7,0,,,,0.5317,0.0,0.0,0.0,18.05
6,21,7,0,,,,0.61013335,0.0,0.0,0.0,0.0
6,22,7,0,,,,0.93563336,0.0,0.0,0.0,0.0
6,23,7,0,,,,1.1847667,0.0,0.0,0.0,0.0
6,24,7,0,,,,0.72761667,0.0,0.0,0.0,0.0
6,1,1,0,,,,0.34173334,0.0,0.0,0.0,0.0
6,2,1,0,,,,0.3405,0.0,0.0,0.0,0.0
6,3,1,0,,,,0.33786666,0.0,0.0,0.0,0.0
6,4,1,0,,,,0.33703333,0.0,0.0,0.0,0.0
6,5,1,0,,,,0.33058333,0.0,0.0,0.0,0.0
6,6,1,0,,,,0.33796668,0.0,0.0,0.0,37.16
6,7,1,0,,,,0.3453,0.0,0.0,0.0,100.87
6,8,1,0,,,,0.33808333,0.0,0.0,0.0,268.33
6,9,1,0,,,,0.8578,0.0,0.0,0.0,441.24
6,10,1,0,,,,0.8387167,0.0,0.0,0.0,581.58
6,11,1,0,,,,1.5573,0.0,0.0,0.0,568.89
6,12,1,0,,,,0.8451167,0.0,0.0,0.0,643.2
6,13,1,0,,,,0.6257,0.0,0.0,0.0,564.08
6,14,1,0,,,,3.2110667,0.0,0.0,0.0,604.86
6,15,1,0,,,,1.0652167,0.0,0.0,0.0,517.95
6,16,1,0,,,,0.6634667,0.0,0.0,0.0,424.09
6,17,1,0,,,,0.47595835,0.0,0.0,0.0,334.87
6,18,1,0,,,,1.61565,0.0,0.0,0.0,184.88
6,19,1,0,,,,0.24451667,0.0,0.0,0.0,43.25
6,20,1,0,,,,0.4793,0.0,0.0,0.0,18.0
6,21,1,0,,,,0.57518333,0.0,0.0,0.0,0.0
6,22,1,0,,,,0.5409667,0.0,0.0,0.0,0.0
6,23,1,0,,,,0.56953335,0.0,0.0,0.0,0.0
6,24,1,0,,,,1.1679584,0.0,0.0,0.0,0.0
6,1,2,0,,,,1.5513834,0.0,0.0,0.0,0.0
6,2,2,0,,,,0.7040833,0.0,0.0,0.0,0.0
6,3,2,0,,,,0.35331666,0.0,0.0,0.0,0.0
6,4,2,0,,,,0.336,0.0,0.0,0.0,0.0
6,5,2,0,,,,0.33826667,0.0,0.0,0.0,0.0
6,6,2,0,,,,0.33111668,0.0,0.0,0.0,4.33
6,7,2,0,,,,0.7597333,0.0,0.0,0.0,22.74
6,8,2,0,,,,0.6051,0.0,0.0,0.0,247.32
6,9,2,0,,,,0.6345,0.0,0.0,0.0,444.22
6,10,2,0,,,,0.66316664,0.0,0.0,0.0,584.77
6,11,2,0,,,,0.57338333,0.0,0.0,0.0,696.09
6,12,2,0,,,,0.81161666,0.0,0.0,0.0,744.58
6,13,2,0,,,,1.7436334,0.0,0.0,0.0,731.57
6,14,2,0,,,,1.1205167,0.0,0.0,0.0,682.1
6,15,2,0,,,,1.0580333,0.0,0.0,0.0,184.78
6,16,2,0,,,,1.3857167,0.0,0.0,0.0,193.85
6,17,2,0,,,,0.67183334,0.0,0.0,0.0,91.71
6,18,2,0,,,,0.31003332,0.0,0.0,0.0,169.86
6,19,2,0,,,,0.45786667,0.0,0.0,0.0,46.5
6,20,2,0,,,,0.4719,0.0,0.0,0.0,18.66
6,21,2,0,,,,2.3465834,0.0,0.0,0.0,0.0
6,22,2,0,,,,0.59826666,0.0,0.0,0.0,0.0
6,23,2,0,,,,1.3371667,0.0,0.0,0.0,0.0
6,24,2,0,,,,2.2212584,0.0,0.0,0.0,0.0
6,1,3,0,,,,0.5128,0.0,0.0,0.0,0.0
6,2,3,0,,,,0.2899,0.0,0.0,0.0,0.0
6,3,3,0,,,,0.29108334,0.0,0.0,0.0,0.0
6,4,3,0,,,,0.28973332,0.0,0.0,0.0,0.0
6,5,3,0,,,,0.28998333,0.0,0.0,0.0,0.0
6,6,3,0,,,,0.28523332,0.0,0.0,0.0,2.01
6,7,3,0,,,,0.30615,0.0,0.0,0.0,45.43
6,8,3,0,,,,0.44128335,0.0,0.0,0.0,216.98
6,9,3,0,,,,0.5830167,0.0,0.0,0.0,382.04
6,10,3,0,,,,1.2581,0.0,0.0,0.0,443.39
6,11,3,0,,,,2.1900666,0.0,0.0,0.0,578.44
6,12,3,0,,,,2.3010666,0.0,0.0,0.0,656.74
6,13,3,0,,,,1.3817834,0.0,0.0,0.0,670.77
6,14,3,0,,,,1.3331167,0.0,0.0,0.0,665.37
6,15,3,0,,,,2.7551668,0.0,0.0,0.0,139.97
6,16,3,0,,,,0.39668334,0.0,0.0,0.0,481.83
6,17,3,0,,,,0.37365,0.0,0.0,0.0,306.06
6,18,3,0,,,,1.3183833,0.0,0.0,0.0,102.74
6,19,3,0,,,,0.98006666,0.0,0.0,0.0,50.71
6,20,3,0,,,,1.7946167,0.0,0.0,0.0,6.59
6,21,3,0,,,,0.30045,0.0,0.0,0.0,0.0
6,22,3,0,,,,0.42208335,0.0,0.0,0.0,0.0
6,23,3,0,,,,0.62835,0.0,0.0,0.0,0.0
6,24,3,0,,,,1.7852,0.0,0.0,0.0,0.0
6,1,4,0,,,,0.33358333,0.0,0.0,0.0,0.0
6,2,4,0,,,,0.2997,0.0,0.0,0.0,0.0
6,3,4,0,,,,0.29543334,0.0,0.0,0.0,0.0
6,4,4,0,,,,0.2987,0.0,0.0,0.0,0.0
6,5,4,0,,,,0.76835,0.0,0.0,0.0,0.0
6,6,4,0,,,,0.4372,0.0,0.0,0.0,35.56
6,7,4,0,,,,0.36861667,0.0,0.0,0.0,100.33
6,8,4,0,,,,0.38756666,0.0,0.0,0.0,262.23
6,9,4,0,,,,1.4074833,0.0,0.0,0.0,426.71
6,10,4,0,,,,0.38731667,0.0,0.0,0.0,567.01
6,11,4,0,,,,2.3249333,0.0,0.0,0.0,684.35
6,12,4,0,,,,0.6364,0.0,0.0,0.0,753.07
6,13,4,0,,,,2.8468332,0.0,0.0,0.0,764.88
6,14,4,0,,,,1.2907,0.0,0.0,0.0,745.51
6,15,4,0,,,,2.2391834,0.0,0.0,0.0,653.6
6,16,4,0,,,,2.2393334,0.0,0.0,0.0,530.65
6,17,4,0,,,,2.5563917,0.0,0.0,0.0,317.01
6,18,4,0,,,,0.26051667,0.0,0.0,0.0,156.81
6,19,4,0,,,,1.12705,0.0,0.0,0.0,45.0
6,20,4,0,,,,0.8968833,0.0,0.0,0.0,19.77
6,21,4,0,,,,1.3043833,0.0,0.0,0.0,0.0
6,22,4,0,,,,1.4198333,0.0,0.0,0.0,0.0
6,23,4,0,,,,2.3774667,0.0,0.0,0.0,0.0
6,24,4,0,,,,0.80901664,0.0,0.0,0.0,0.0
6,1,5,0,,,,1.3531333,0.0,0.0,0.0,0.0
6,2,5,0,,,,0.29931667,0.0,0.0,0.0,0.0
6,3,5,0,,,,0.29226667,0.0,0.0,0.0,0.0
6,4,5,0,,,,0.29158333,0.0,0.0,0.0,0.0
6,5,5,0,,,,0.6511833,0.0,0.0,0.0,1.61
6,6,5,0,,,,0.5980833,0.0,0.0,0.0,20.71
6,7,5,0,,,,0.37891668,0.0,0.0,0.0,106.33
6,8,5,0,,,,0.48818332,0.0,0.0,0.0,159.26
6,9,5,0,,,,2.3071666,0.0,0.0,0.0,153.47
6,10,5,0,,,,1.5791334,0.0,0.0,0.0,547.04
6,11,5,0,,,,3.8989334,0.0,0.0,0.0,648.91
6,12,5,0,,,,1.4937167,0.0,0.0,0.0,586.93
6,13,5,0,,,,2.7975667,0.0,0.0,0.0,659.11
6,14,5,0,,,,0.41265,0.0,0.0,0.0,618.39
6,15,5,0,,,,1.10235,0.0,0.0,0.0,592.39
6,16,5,0,,,,1.8485667,0.0,0.0,0.0,505.43
6,17,5,0,,,,3.3233833,0.0,0.0,0.0,356.52
6,18,5,0,,,,1.14185,0.0,0.0,0.0,177.03
6,19,5,0,,,,0.2453,0.0,0.0,0.0,50.83
6,20,5,0,,,,1.97365,0.0,0.0,0.0,19.76
6,21,5,0,,,,1.1784333,0.0,0.0,0.0,0.0
6,22,5,0,,,,0.6598167,0.0,0.0,0.0,0.0
6,23,5,0,,,,3.2274,0.0,0.0,0.0,0.0
6,24,5,0,,,,1.4537417,0.0,0.0,0.0,0.0
6,1,6,0,,,,0.30136666,0.0,0.0,0.0,0.0
6,2,6,0,,,,0.52456665,0.0,0.0,0.0,0.0
6,3,6,0,,,,0.69425,0.0,0.0,0.0,0.0
6,4,6,0,,,,1.5148667,0.0,0.0,0.0,0.0
6,5,6,0,,,,0.5258167,0.0,0.0,0.0,1.59
6,6,6,0,,,,0.20625,0.0,0.0,0.0,1.59
6,7,6,0,,,,0.21743333,0.0,0.0,0.0,98.83
6,8,6,0,,,,0.21128333,0.0,0.0,0.0,123.3
6,9,6,0,,,,0.2086,0.0,0.0,0.0,254.65
6,10,6,0,,,,0.21071666,0.0,0.0,0.0,451.96
6,11,6,0,,,,0.21571666,0.0,0.0,0.0,646.66
6,12,6,0,,,,0.2092,0.0,0.0,0.0,695.53
6,13,6,0,,,,0.20483333,0.0,0.0,0.0,698.04
6,14,6,0,,,,0.20208333,0.0,0.0,0.0,670.44
6,15,6,0,,,,3.2433667,0.0,0.0,0.0,472.62
6,16,6,0,,,,0.22581667,0.0,0.0,0.0,53.13
6,17,6,0,,,,4.4576836,0.0,0.0,0.0,27.22
6,18,6,0,,,,4.1033,0.0,0.0,0.0,49.28
6,19,6,0,,,,3.5907,0.0,0.0,0.0,61.78
6,20,6,0,,,,0.39096665,0.0,0.0,0.0,17.7
6,21,6,0,,,,1.9381167,0.0,0.0,0.0,0.0
6,22,6,0,,,,0.54251665,0.0,0.0,0.0,0.0
6,23,6,0,,,,1.6637666,0.0,0.0,0.0,0.0
6,24,6,0,,,,2.88435,0.0,0.0,0.0,0.0
6,1,7,0,,,,0.66,0.0,0.0,0.0,0.0
6,2,7,0,,,,0.5377833,0.0,0.0,0.0,0.0
6,3,7,0,,,,0.29155,0.0,0.0,0.0,0.0
6,4,7,0,,,,1.2751,0.0,0.0,0.0,0.0
6,5,7,0,,,,0.29515,0.0,0.0,0.0,1.58
6,6,7,0,,,,0.28955,0.0,0.0,0.0,21.2
6,7,7,0,,,,0.3006,0.0,0.0,0.0,103.05
6,8,7,0,,,,0.29343334,0.0,0.0,0.0,266.6
6,9,7,0,,,,1.5711833,0.0,0.0,0.0,438.14
6,10,7,0,,,,0.38681668,0.0,0.0,0.0,592.77
6,11,7,0,,,,1.8248333,0.0,0.0,0.0,706.28
6,12,7,0,,,,1.1045667,0.0,0.0,0.0,748.13
6,13,7,0,,,,0.46021667,0.0,0.0,0.0,754.72
6,14,7,0,,,,1.5902,0.0,0.0,0.0,726.21
6,15,7,0,,,,2.743,0.0,0.0,0.0,621.97
6,16,7,0,,,,1.0874667,0.0,0.0,0.0,487.88
6,17,7,0,,,,3.2553666,0.0,0.0,0.0,350.44
6,18,7,0,,,,0.71958333,0.0,0.0,0.0,191.35
6,19,7,0,,,,2.9743166,0.0,0.0,0.0,45.29
6,20,7,0,,,,1.2332,0.0,0.0,0.0,20.62
6,21,7,0,,,,4.10205,0.0,0.0,0.0,0.0
6,22,7,0,,,,2.8547332,0.0,0.0,0.0,0.0
6,23,7,0,,,,1.7335167,0.0,0.0,0.0,0.0
6,24,7,0,,,,1.6750584,0.0,0.0,0.0,0.0
6,1,1,0,,,,0.56085,0.0,0.0,0.0,0.0
6,2,1,0,,,,0.94706666,0.0,0.0,0.0,0.0
6,3,1,0,,,,0.9329,0.0,0.0,0.0,0.0
6,4,1,0,,,,0.29526666,0.0,0.0,0.0,0.0
6,5,1,0,,,,0.286,0.0,0.0,0.0,1.6
6,6,1,0,,,,0.20833333,0.0,0.0,0.0,2.02
6,7,1,0,,,,0.21671666,0.0,0.0,0.0,107.93
6,8,1,0,,,,2.2599,0.0,0.0,0.0,277.76
6,9,1,0,,,,0.83075,0.0,0.0,0.0,459.37
6,10,1,0,,,,3.0239334,0.0,0.0,0.0,578.59
6,11,1,0,,,,0.85765,0.0,0.0,0.0,656.83
6,12,1,0,,,,0.21338333,0.0,0.0,0.0,689.34
6,13,1,0,,,,0.20955,0.0,0.0,0.0,661.74
6,14,1,0,,,,0.20385,0.0,0.0,0.0,559.16
6,15,1,0,,,,3.308,0.0,0.0,0.0,515.85
6,16,1,0,,,,3.5566,0.0,0.0,0.0,326.35
6,17,1,0,,,,0.21303333,0.0,0.0,0.0,301.12
6,18,1,0,,,,2.7135832,0.0,0.0,0.0,189.1
6,19,1,0,,,,3.0389,0.0,0.0,0.0,44.8
6,20,1,0,,,,3.2687,0.0,0.0,0.0,20.46
6,21,1,0,,,,2.4700167,0.0,0.0,0.0,0.0
6,22,1,0,,,,2.7974334,0.0,0.0,0.0,0.0
6,23,1,0,,,,0.96363336,0.0,0.0,0.0,0.0
6,24,1,0,,,,3.31345,0.0,0.0,0.0,0.0
6,1,2,0,,,,1.3189,0.0,0.0,0.0,0.0
6,2,2,0,,,,1.2370334,0.0,0.0,0.0,0.0
6,3,2,0,,,,0.90466666,0.0,0.0,0.0,0.0
6,4,2,0,,,,0.29545,0.0,0.0,0.0,0.0
6,5,2,0,,,,0.27906665,0.0,0.0,0.0,1.61
6,6,2,0,,,,1.2436167,0.0,0.0,0.0,35.26
6,7,2,0,,,,0.6498167,0.0,0.0,0.0,94.92
6,8,2,0,,,,0.21786667,0.0,0.0,0.0,263.59
6,9,2,0,,,,0.7567667,0.0,0.0,0.0,403.17
6,10,2,0,,,,0.7504167,0.0,0.0,0.0,570.7
6,11,2,0,,,,0.28086665,0.0,0.0,0.0,631.56
6,12,2,0,,,,0.21286666,0.0,0.0,0.0,207.91
6,13,2,0,,,,2.0406666,0.0,0.0,0.0,517.15
6,14,2,0,,,,3.8640332,0.0,0.0,0.0,541.0
6,15,2,0,,,,3.1093,0.0,0.0,0.0,561.06
6,16,2,0,,,,0.20453334,0.0,0.0,0.0,522.32
6,17,2,0,,,,3.3648834,0.0,0.0,0.0,363.85
6,18,2,0,,,,3.5736,0.0,0.0,0.0,185.36
6,19,2,0,,,,1.0315,0.0,0.0,0.0,45.05
6,20,2,0,,,,2.5835834,0.0,0.0,0.0,20.35
6,21,2,0,,,,3.9757667,0.0,0.0,0.0,0.0
6,22,2,0,,,,3.8506835,0.0,0.0,0.0,0.0
6,23,2,0,,,,2.6779168,0.0,0.0,0.0,0.0
6,24,2,0,,,,1.7315167,0.0,0.0,0.0,0.0
6,1,3,0,,,,0.7337833,0.0,0.0,0.0,0.0
6,2,3,0,,,,1.0300333,0.0,0.0,0.0,0.0
6,3,3,0,,,,1.3189666,0.0,0.0,0.0,0.0
6,4,3,0,,,,0.2966,0.0,0.0,0.0,0.0
6,5,3,0,,,,0.8799833,0.0,0.0,0.0,1.59
6,6,3,0,,,,1.4250667,0.0,0.0,0.0,36.42
6,7,3,0,,,,0.23048334,0.0,0.0,0.0,96.18
6,8,3,0,,,,0.21418333,0.0,0.0,0.0,264.84
6,9,3,0,,,,0.51566666,0.0,0.0,0.0,435.95
6,10,3,0,,,,0.6449,0.0,0.0,0.0,569.42
6,11,3,0,,,,0.21581666,0.0,0.0,0.0,670.87
6,12,3,0,,,,0.9005,0.0,0.0,0.0,702.96
6,13,3,0,,,,3.0663333,0.0,0.0,0.0,741.1
6,14,3,0,,,,1.2078167,0.0,0.0,0.0,715.43
6,15,3,0,,,,3.5248666,0.0,0.0,0.0,637.19
6,16,3,0,,,,1.0565833,0.0,0.0,0.0,513.6
6,17,3,0,,,,2.6714833,0.0,0.0,0.0,353.18
6,18,3,0,,,,1.6903833,0.0,0.0,0.0,189.49
6,19,3,0,,,,2.3708,0.0,0.0,0.0,48.79
6,20,3,0,,,,3.8738167,0.0,0.0,0.0,20.26
6,21,3,0,,,,1.43165,0.0,0.0,0.0,0.0
6,22,3,0,,,,2.5304334,0.0,0.0,0.0,0.0
6,23,3,0,,,,0.46468332,0.0,0.0,0.0,0.0
6,24,3,0,,,,2.1404,0.0,0.0,0.0,0.0
6,1,4,0,,,,0.30011666,0.0,0.0,0.0,0.0
6,2,4,0,,,,1.4623166,0.0,0.0,0.0,0.0
6,3,4,0,,,,0.29356667,0.0,0.0,0.0,0.0
6,4,4,0,,,,0.29238334,0.0,0.0,0.0,0.0
6,5,4,0,,,,0.29163334,0.0,0.0,0.0,1.57
6,6,4,0,,,,0.20835,0.0,0.0,0.0,26.18
6,7,4,0,,,,0.22061667,0.0,0.0,0.0,104.76
6,8,4,0,,,,1.8910167,0.0,0.0,0.0,256.81
6,9,4,0,,,,1.3825,0.0,0.0,0.0,425.56
6,10,4,0,,,,1.957,0.0,0.0,0.0,566.63
6,11,4,0,,,,2.7196667,0.0,0.0,0.0,671.03
6,12,4,0,,,,3.0316,0.0,0.0,0.0,655.62
6,13,4,0,,,,2.8148,0.0,0.0,0.0,713.48
6,14,4,0,,,,3.4575167,0.0,0.0,0.0,669.16
6,15,4,0,,,,1.67995,0.0,0.0,0.0,605.15
6,16,4,0,,,,3.28275,0.0,0.0,0.0,502.21
6,17,4,0,,,,2.0606334,0.0,0.0,0.0,363.85
6,18,4,0,,,,1.2027833,0.0,0.0,0.0,190.04
6,19,4,0,,,,1.2819333,0.0,0.0,0.0,44.34
6,20,4,0,,,,1.5191,0.0,0.0,0.0,17.18
6,21,4,0,,,,0.87784165,0.0,0.0,0.0,0.0
6,22,4,0,,,,0.63418335,0.0,0.0,0.0,0.0
6,23,4,0,,,,3.08315,0.0,0.0,0.0,0.0
6,24,4,0,,,,3.2528,0.0,0.0,0.0,0.0
6,1,5,0,,,,1.1541166,0.0,0.0,0.0,0.0
6,2,5,0,,,,0.29413334,0.0,0.0,0.0,0.0
6,3,5,0,,,,0.29133335,0.0,0.0,0.0,0.0
6,4,5,0,,,,0.2894,0.0,0.0,0.0,0.0
6,5,5,0,,,,1.2505,0.0,0.0,0.0,0.0
6,6,5,0,,,,0.28653333,0.0,0.0,0.0,1.57
6,7,5,0,,,,0.30106667,0.0,0.0,0.0,49.49
6,8,5,0,,,,0.35615,0.0,0.0,0.0,154.93
6,9,5,0,,,,1.22325,0.0,0.0,0.0,54.86
6,10,5,0,,,,2.2764,0.0,0.0,0.0,132.87
6,11,5,0,,,,1.2454,0.0,0.0,0.0,457.67
6,12,5,0,,,,0.2148,0.0,0.0,0.0,549.23
6,13,5,0,,,,0.21121667,0.0,0.0,0.0,721.52
6,14,5,0,,,,1.39025,0.0,0.0,0.0,665.51
6,15,5,0,,,,3.5543,0.0,0.0,0.0,584.31
6,16,5,0,,,,1.65195,0.0,0.0,0.0,453.34
6,17,5,0,,,,0.21381667,0.0,0.0,0.0,223.53
6,18,5,0,,,,3.2308166,0.0,0.0,0.0,14.31
6,19,5,0,,,,1.8124666,0.0,0.0,0.0,13.09
6,20,5,0,,,,0.3122,0.0,0.0,0.0,1.48
6,21,5,0,,,,0.48655,0.0,0.0,0.0,0.0
6,22,5,0,,,,2.2054,0.0,0.0,0.0,0.0
6,23,5,0,,,,1.5455667,0.0,0.0,0.0,0.0
6,24,5,0,,,,1.8527917,0.0,0.0,0.0,0.0
6,1,6,0,,,,1.3933333,0.0,0.0,0.0,0.0
6,2,6,0,,,,2.1468334,0.0,0.0,0.0,0.0
6,3,6,0,,,,0.29271665,0.0,0.0,0.0,0.0
6,4,6,0,,,,0.29005,0.0,0.0,0.0,0.0
6,5,6,0,,,,0.40995,0.0,0.0,0.0,0.0
6,6,6,0,,,,0.7679167,0.0,0.0,0.0,1.57
6,7,6,0,,,,0.23401667,0.0,0.0,0.0,11.7
6,8,6,0,,,,0.53905,0.0,0.0,0.0,160.66
6,9,6,0,,,,1.6078833,0.0,0.0,0.0,330.04
6,10,6,0,,,,0.33448333,0.0,0.0,0.0,574.0
6,11,6,0,,,,2.5437167,0.0,0.0,0.0,683.91
6,12,6,0,,,,0.8203,0.0,0.0,0.0,733.94
6,13,6,0,,,,0.83738333,0.0,0.0,0.0,758.37
6,14,6,0,,,,0.8897833,0.0,0.0,0.0,744.35
6,15,6,0,,,,3.5695667,0.0,0.0,0.0,649.4
6,16,6,0,,,,3.9206,0.0,0.0,0.0,528.87
6,17,6,0,,,,4.1200666,0.0,0.0,0.0,363.96
6,18,6,0,,,,0.80983335,0.0,0.0,0.0,191.0
6,19,6,0,,,,1.8250667,0.0,0.0,0.0,49.64
6,20,6,0,,,,2.7921667,0.0,0.0,0.0,21.11
6,21,6,0,,,,0.41431665,0.0,0.0,0.0,0.0
6,22,6,0,,,,0.48313335,0.0,0.0,0.0,0.0
6,23,6,0,,,,2.2231333,0.0,0.0,0.0,0.0
6,24,6,0,,,,3.2797,0.0,0.0,0.0,0.0
6,1,7,0,,,,2.6547167,0.0,0.0,0.0,0.0
6,2,7,0,,,,0.2973,0.0,0.0,0.0,0.0
6,3,7,0,,,,0.2941,0.0,0.0,0.0,0.0
6,4,7,0,,,,0.29333332,0.0,0.0,0.0,0.0
6,5,7,0,,,,0.29515,0.0,0.0,0.0,0.0
6,6,7,0,,,,0.4858,0.0,0.0,0.0,25.73
6,7,7,0,,,,2.2217166,0.0,0.0,0.0,100.01
6,8,7,0,,,,0.22538333,0.0,0.0,0.0,277.41
6,9,7,0,,,,0.2926,0.0,0.0,0.0,457.01
6,10,7,0,,,,0.73948336,0.0,0.0,0.0,523.89
6,11,7,0,,,,0.23928334,0.0,0.0,0.0,719.59
6,12,7,0,,,,0.56845,0.0,0.0,0.0,783.55
6,13,7,0,,,,3.8878167,0.0,0.0,0.0,797.14
6,14,7,0,,,,3.9652667,0.0,0.0,0.0,776.84
6,15,7,0,,,,3.3583667,0.0,0.0,0.0,681.62
6,16,7,0,,,,0.21133333,0.0,0.0,0.0,558.81
6,17,7,0,,,,3.6180167,0.0,0.0,0.0,394.95
6,18,7,0,,,,3.1655333,0.0,0.0,0.0,201.59
6,19,7,0,,,,0.39681667,0.0,0.0,0.0,37.66
6,20,7,0,,,,2.3959832,0.0,0.0,0.0,21.12
6,21,7,0,,,,4.2358165,0.0,0.0,0.0,0.0
6,22,7,0,,,,1.9990833,0.0,0.0,0.0,0.0
6,23,7,0,,,,1.81155,0.0,0.0,0.0,0.0
6,24,7,0,,,,3.59265,0.0,0.0,0.0,0.0
6,1,1,0,,,,1.6123166,0.0,0.0,0.0,0.0
6,2,1,0,,,,0.29635,0.0,0.0,0.0,0.0
6,3,1,0,,,,1.4916333,0.0,0.0,0.0,0.0
6,4,1,0,,,,0.2906,0.0,0.0,0.0,0.0
6,5,1,0,,,,0.29083332,0.0,0.0,0.0,0.0
6,6,1,0,,,,0.95953333,0.0,0.0,0.0,29.19
6,7,1,0,,,,0.7191833,0.0,0.0,0.0,104.21
6,8,1,0,,,,0.63518333,0.0,0.0,0.0,270.41
6,9,1,0,,,,2.03875,0.0,0.0,0.0,441.43
6,10,1,0,,,,1.8518667,0.0,0.0,0.0,560.78
6,11,1,0,,,,1.0911666,0.0,0.0,0.0,663.13
6,12,1,0,,,,1.2853,0.0,0.0,0.0,713.46
6,13,1,0,,,,4.358317,0.0,0.0,0.0,739.14
6,14,1,0,,,,2.3065166,0.0,0.0,0.0,704.98
6,15,1,0,,,,4.0822167,0.0,0.0,0.0,622.35
6,16,1,0,,,,1.3123667,0.0,0.0,0.0,507.75
6,17,1,0,,,,4.1754165,0.0,0.0,0.0,341.97
6,18,1,0,,,,1.39865,0.0,0.0,0.0,198.14
6,19,1,0,,,,0.48783332,0.0,0.0,0.0,51.17
6,20,1,0,,,,2.3763666,0.0,0.0,0.0,20.95
6,21,1,0,,,,0.51893336,0.0,0.0,0.0,0.0
6,22,1,0,,,,1.0596666,0.0,0.0,0.0,0.0
6,23,1,0,,,,3.8275833,0.0,0.0,0.0,0.0
6,24,1,0,,,,0.45991668,0.0,0.0,0.0,0.0
6,1,2,0,,,,0.30968332,0.0,0.0,0.0,0.0
6,2,2,0,,,,0.29698333,0.0,0.0,0.0,0.0
6,3,2,0,,,,2.1041334,0.0,0.0,0.0,0.0
6,4,2,0,,,,1.28175,0.0,0.0,0.0,0.0
6,5,2,0,,,,0.29011667,0.0,0.0,0.0,0.0
6,6,2,0,,,,0.28631666,0.0,0.0,0.0,35.53
6,7,2,0,,,,0.29585,0.0,0.0,0.0,95.26
6,8,2,0,,,,1.67895,0.0,0.0,0.0,217.94
6,9,2,0,,,,1.3730834,0.0,0.0,0.0,407.09
6,10,2,0,,,,2.24425,0.0,0.0,0.0,558.05
6,11,2,0,,,,0.78138334,0.0,0.0,0.0,499.53
6,12,2,0,,,,2.1212,0.0,0.0,0.0,47.7
6,13,2,0,,,,4.0245,0.0,0.0,0.0,66.82
6,14,2,0,,,,1.47195,0.0,0.0,0.0,78.57
6,15,2,0,,,,4.013467,0.0,0.0,0.0,85.09
6,16,2,0,,,,3.8087,0.0,0.0,0.0,461.89
6,17,2,0,,,,1.4177834,0.0,0.0,0.0,66.6
6,18,2,0,,,,0.35665,0.0,0.0,0.0,181.32
6,19,2,0,,,,0.33155,0.0,0.0,0.0,47.93
6,20,2,0,,,,0.61815,0.0,0.0,0.0,2.34
6,21,2,0,,,,1.9911,0.0,0.0,0.0,0.0
6,22,2,0,,,,2.8787,0.0,0.0,0.0,0.0
6,23,2,0,,,,2.63405,0.0,0.0,0.0,0.0
6,24,2,0,,,,0.30878332,0.0,0.0,0.0,0.0
6,1,3,0,,,,1.3377833,0.0,0.0,0.0,0.0
6,2,3,0,,,,0.29536667,0.0,0.0,0.0,0.0
6,3,3,0,,,,0.29301667,0.0,0.0,0.0,0.0
6,4,3,0,,,,0.29243332,0.0,0.0,0.0,0.0
6,5,3,0,,,,0.2928,0.0,0.0,0.0,0.0
6,6,3,0,,,,0.28656667,0.0,0.0,0.0,20.24
6,7,3,0,,,,0.29731667,0.0,0.0,0.0,39.9
6,8,3,0,,,,0.29786667,0.0,0.0,0.0,218.56
6,9,3,0,,,,0.81296664,0.0,0.0,0.0,170.65
6,10,3,0,,,,1.7803333,0.0,0.0,0.0,190.47
6,11,3,0,,,,0.9764,0.0,0.0,0.0,208.76
6,12,3,0,,,,0.5381167,0.0,0.0,0.0,495.0
6,13,3,0,,,,0.24665,0.0,0.0,0.0,260.66
6,14,3,0,,,,1.3614167,0.0,0.0,0.0,242.12
6,15,3,0,,,,2.6516166,0.0,0.0,0.0,539.21
6,16,3,0,,,,0.23695,0.0,0.0,0.0,544.36
6,17,3,0,,,,3.51005,0.0,0.0,0.0,255.14
6,18,3,0,,,,1.3252833,0.0,0.0,0.0,15.63
6,19,3,0,,,,0.35761666,0.0,0.0,0.0,73.2
6,20,3,0,,,,1.2719667,0.0,0.0,0.0,10.31
6,21,3,0,,,,2.612,0.0,0.0,0.0,0.0
6,22,3,0,,,,0.30671668,0.0,0.0,0.0,0.0
6,23,3,0,,,,0.30811667,0.0,0.0,0.0,0.0
6,24,3,0,,,,3.071275,0.0,0.0,0.0,0.0
6,1,4,0,,,,1.1097333,0.0,0.0,0.0,0.0
6,2,4,0,,,,0.2664,0.0,0.0,0.0,0.0
6,3,4,0,,,,0.25733334,0.0,0.0,0.0,0.0
6,4,4,0,,,,0.2551,0.0,0.0,0.0,0.0
6,5,4,0,,,,0.25621668,0.0,0.0,0.0,0.0
6,6,4,0,,,,0.253,0.0,0.0,0.0,28.54
6,7,4,0,,,,0.26491666,0.0,0.0,0.0,84.25
6,8,4,0,,,,0.26746666,0.0,0.0,0.0,287.66
6,9,4,0,,,,1.2508167,0.0,0.0,0.0,483.22
6,10,4,0,,,,1.2145667,0.0,0.0,0.0,604.5
6,11,4,0,,,,2.23595,0.0,0.0,0.0,626.95
6,12,4,0,,,,2.0369,0.0,0.0,0.0,464.18
6,13,4,0,,,,0.32941666,0.0,0.0,0.0,667.53
6,14,4,0,,,,0.25963333,0.0,0.0,0.0,120.37
6,15,4,0,,,,0.25523335,0.0,0.0,0.0,314.04
6,16,4,0,,,,0.95453334,0.0,0.0,0.0,83.74
6,17,4,0,,,,2.7495832,0.0,0.0,0.0,315.22
6,18,4,0,,,,0.23863333,0.0,0.0,0.0,167.09
6,19,4,0,,,,0.8708,0.0,0.0,0.0,40.26
6,20,4,0,,,,1.7694167,0.0,0.0,0.0,20.72
6,21,4,0,,,,0.24046667,0.0,0.0,0.0,0.0
6,22,4,0,,,,1.8997834,0.0,0.0,0.0,0.0
6,23,4,0,,,,1.4759,0.0,0.0,0.0,0.0
6,24,4,0,,,,3.057075,0.0,0.0,0.0,0.0
6,1,5,0,,,,0.8649,0.0,0.0,0.0,0.0
6,2,5,0,,,,0.32108334,0.0,0.0,0.0,0.0
6,3,5,0,,,,0.28911668,0.0,0.0,0.0,0.0
6,4,5,0,,,,0.28885,0.0,0.0,0.0,0.0
6,5,5,0,,,,0.3032,0.0,0.0,0.0,0.0
6,6,5,0,,,,0.40958333,0.0,0.0,0.0,1.66
6,7,5,0,,,,0.26348335,0.0,0.0,0.0,9.01
6,8,5,0,,,,0.25606668,0.0,0.0,0.0,50.33
6,9,5,0,,,,0.22745,0.0,0.0,0.0,92.18
6,10,5,0,,,,0.21108334,0.0,0.0,0.0,378.8
6,11,5,0,,,,0.22521667,0.0,0.0,0.0,696.78
6,12,5,0,,,,2.6575,0.0,0.0,0.0,441.16
6,13,5,0,,,,0.74418336,0.0,0.0,0.0,535.93
6,14,5,0,,,,3.1650167,0.0,0.0,0.0,584.37
6,15,5,0,,,,0.9780833,0.0,0.0,0.0,680.57
6,16,5,0,,,,2.6390333,0.0,0.0,0.0,424.74
6,17,5,0,,,,0.5477833,0.0,0.0,0.0,390.19
6,18,5,0,,,,0.23583333,0.0,0.0,0.0,192.68
6,19,5,0,,,,0.22645,0.0,0.0,0.0,44.26
6,20,5,0,,,,1.7275,0.0,0.0,0.0,21.33
6,21,5,0,,,,2.26,0.0,0.0,0.0,0.0
6,22,5,0,,,,1.8133667,0.0,0.0,0.0,0.0
6,23,5,0,,,,0.9229111,0.0,0.0,0.0,0.0
6,24,5,0,,,,0.49075,0.0,0.0,0.0,0.0
7,1,6,0,,,,0.24153334,0.0,0.0,0.0,0.0
7,2,6,0,,,,0.23726666,0.0,0.0,0.0,0.0
7,3,6,0,,,,0.23496667,0.0,0.0,0.0,0.0
7,4,6,0,,,,0.23345,0.0,0.0,0.0,0.0
7,5,6,0,,,,0.23406667,0.0,0.0,0.0,0.0
7,6,6,0,,,,0.23258333,0.0,0.0,0.0,36.2
7,7,6,0,,,,0.326,0.0,0.0,0.0,87.64
7,8,6,0,,,,0.48743334,0.0,0.0,0.0,264.07
7,9,6,0,,,,2.09405,0.0,0.0,0.0,438.36
7,10,6,0,,,,0.7352833,0.0,0.0,0.0,587.05
7,11,6,0,,,,2.63705,0.0,0.0,0.0,684.31
7,12,6,0,,,,1.1973,0.0,0.0,0.0,736.15
7,13,6,0,,,,0.6716,0.0,0.0,0.0,757.63
7,14,6,0,,,,2.0454,0.0,0.0,0.0,728.24
7,15,6,0,,,,0.45461667,0.0,0.0,0.0,645.67
7,16,6,0,,,,0.78783333,0.0,0.0,0.0,534.61
7,17,6,0,,,,1.9292,0.0,0.0,0.0,373.48
7,18,6,0,,,,0.30448332,0.0,0.0,0.0,193.25
7,19,6,0,,,,0.59045,0.0,0.0,0.0,52.03
7,20,6,0,,,,2.7855833,0.0,0.0,0.0,19.49
7,21,6,0,,,,0.29763332,0.0,0.0,0.0,0.0
7,22,6,0,,,,0.29748333,0.0,0.0,0.0,0.0
7,23,6,0,,,,0.29801667,0.0,0.0,0.0,0.0
7,24,6,0,,,,0.43123335,0.0,0.0,0.0,0.0
7,1,7,0,,,,2.4922667,0.0,0.0,0.0,0.0
7,2,7,0,,,,0.43613333,0.0,0.0,0.0,0.0
7,3,7,0,,,,0.82745,0.0,0.0,0.0,0.0
7,4,7,0,,,,0.29993334,0.0,0.0,0.0,0.0
7,5,7,0,,,,0.29116666,0.0,0.0,0.0,0.0
7,6,7,0,,,,0.28636667,0.0,0.0,0.0,29.48
7,7,7,0,,,,0.38235,0.0,0.0,0.0,97.95
7,8,7,0,,,,1.70675,0.0,0.0,0.0,225.87
7,9,7,0,,,,0.4423,0.0,0.0,0.0,393.48
7,10,7,0,,,,1.6740333,0.0,0.0,0.0,319.71
7,11,7,0,,,,1.0300833,0.0,0.0,0.0,652.0
7,12,7,0,,,,0.46973333,0.0,0.0,0.0,669.68
7,13,7,0,,,,2.1607332,0.0,0.0,0.0,232.5
7,14,7,0,,,,1.2678833,0.0,0.0,0.0,126.59
7,15,7,0,,,,0.20591667,0.0,0.0,0.0,322.32
7,16,7,0,,,,0.7316167,0.0,0.0,0.0,515.49
7,17,7,0,,,,2.8265166,0.0,0.0,0.0,185.24
7,18,7,0,,,,1.6274834,0.0,0.0,0.0,184.46
7,19,7,0,,,,1.9986833,0.0,0.0,0.0,54.69
7,20,7,0,,,,0.6272333,0.0,0.0,0.0,19.44
7,21,7,0,,,,0.8775167,0.0,0.0,0.0,0.0
7,22,7,0,,,,0.46815,0.0,0.0,0.0,0.0
7,23,7,0,,,,0.57086664,0.0,0.0,0.0,0.0
7,24,7,0,,,,2.7698417,0.0,0.0,0.0,0.0
7,1,1,0,,,,0.5668,0.0,0.0,0.0,0.0
7,2,1,0,,,,0.3048,0.0,0.0,0.0,0.0
7,3,1,0,,,,0.29473335,0.0,0.0,0.0,0.0
7,4,1,0,,,,0.2902,0.0,0.0,0.0,0.0
7,5,1,0,,,,0.29083332,0.0,0.0,0.0,0.0
7,6,1,0,,,,0.28238332,0.0,0.0,0.0,34.75
7,7,1,0,,,,0.32433334,0.0,0.0,0.0,88.42
7,8,1,0,,,,0.60153335,0.0,0.0,0.0,274.14
7,9,1,0,,,,1.4229,0.0,0.0,0.0,462.98
7,10,1,0,,,,1.8992833,0.0,0.0,0.0,625.08
7,11,1,0,,,,3.8061666,0.0,0.0,0.0,723.58
7,12,1,0,,,,1.3571833,0.0,0.0,0.0,605.93
7,13,1,0,,,,2.1328666,0.0,0.0,0.0,636.66
7,14,1,0,,,,1.8831,0.0,0.0,0.0,707.46
7,15,1,0,,,,1.7799166,0.0,0.0,0.0,620.33
7,16,1,0,,,,1.5855,0.0,0.0,0.0,526.77
7,17,1,0,,,,0.40758333,0.0,0.0,0.0,339.2
7,18,1,0,,,,0.30135834,0.0,0.0,0.0,191.05
7,19,1,0,,,,2.3391,0.0,0.0,0.0,73.8
7,20,1,0,,,,1.2371167,0.0,0.0,0.0,21.66
7,21,1,0,,,,0.29971668,0.0,0.0,0.0,0.0
7,22,1,0,,,,0.9485,0.0,0.0,0.0,0.0
7,23,1,0,,,,1.7043667,0.0,0.0,0.0,0.0
7,24,1,0,,,,1.8950083,0.0,0.0,0.0,0.0
7,1,2,0,,,,0.48023334,0.0,0.0,0.0,0.0
7,2,2,0,,,,0.47288334,0.0,0.0,0.0,0.0
7,3,2,0,,,,0.64086664,0.0,0.0,0.0,0.0
7,4,2,0,,,,0.90858334,0.0,0.0,0.0,0.0
7,5,2,0,,,,0.46776667,0.0,0.0,0.0,0.0
7,6,2,0,,,,0.45878333,0.0,0.0,0.0,35.37
7,7,2,0,,,,0.53526664,0.0,0.0,0.0,102.96
7,8,2,0,,,,0.66171664,0.0,0.0,0.0,247.95
7,9,2,0,,,,1.3263,0.0,0.0,0.0,469.21
7,10,2,0,,,,3.88505,0.0,0.0,0.0,609.59
7,11,2,0,,,,1.2327,0.0,0.0,0.0,459.7
7,12,2,0,,,,1.6393167,0.0,0.0,0.0,607.74
7,13,2,0,,,,3.0498834,0.0,0.0,0.0,662.93
7,14,2,0,,,,0.67685,0.0,0.0,0.0,557.53
7,15,2,0,,,,3.8229833,0.0,0.0,0.0,344.08
7,16,2,0,,,,1.3550833,0.0,0.0,0.0,326.42
7,17,2,0,,,,0.38355,0.0,0.0,0.0,165.09
7,18,2,0,,,,2.7232332,0.0,0.0,0.0,190.2
7,19,2,0,,,,2.3942332,0.0,0.0,0.0,69.21
7,20,2,0,,,,0.88465,0.0,0.0,0.0,20.63
7,21,2,0,,,,0.48323333,0.0,0.0,0.0,0.0
7,22,2,0,,,,2.7262,0.0,0.0,0.0,0.0
7,23,2,0,,,,0.5007667,0.0,0.0,0.0,0.0
7,24,2,0,,,,3.2415,0.0,0.0,0.0,0.0
7,1,3,0,,,,0.858,0.0,0.0,0.0,0.0
7,2,3,0,,,,0.47426668,0.0,0.0,0.0,0.0
7,3,3,0,,,,0.47243333,0.0,0.0,0.0,0.0
7,4,3,0,,,,0.46918333,0.0,0.0,0.0,0.0
7,5,3,0,,,,1.3022333,0.0,0.0,0.0,0.0
7,6,3,0,,,,0.94133335,0.0,0.0,0.0,35.76
7,7,3,0,,,,0.65791667,0.0,0.0,0.0,83.0
7,8,3,0,,,,0.38693333,0.0,0.0,0.0,266.19
7,9,3,0,,,,0.45425,0.0,0.0,0.0,451.76
7,10,3,0,,,,3.0274167,0.0,0.0,0.0,614.7
7,11,3,0,,,,1.1017833,0.0,0.0,0.0,654.02
7,12,3,0,,,,0.39606667,0.0,0.0,0.0,628.25
7,13,3,0,,,,0.39571667,0.0,0.0,0.0,625.32
7,14,3,0,,,,3.0017166,0.0,0.0,0.0,571.17
7,15,3,0,,,,3.6247168,0.0,0.0,0.0,533.06
7,16,3,0,,,,0.38745,0.0,0.0,0.0,391.09
7,17,3,0,,,,2.68055,0.0,0.0,0.0,283.78
7,18,3,0,,,,3.53595,0.0,0.0,0.0,142.23
7,19,3,0,,,,0.5246,0.0,0.0,0.0,8.06
7,20,3,0,,,,3.11925,0.0,0.0,0.0,1.16
7,21,3,0,,,,1.0532666,0.0,0.0,0.0,0.0
7,22,3,0,,,,0.79261667,0.0,0.0,0.0,0.0
7,23,3,0,,,,4.0121665,0.0,0.0,0.0,0.0
7,24,3,0,,,,3.3551583,0.0,0.0,0.0,0.0
7,1,4,0,,,,0.49391666,0.0,0.0,0.0,0.0
7,2,4,0,,,,0.48098335,0.0,0.0,0.0,0.0
7,3,4,0,,,,1.9618334,0.0,0.0,0.0,0.0
7,4,4,0,,,,0.55995,0.0,0.0,0.0,0.0
7,5,4,0,,,,0.4706,0.0,0.0,0.0,0.0
7,6,4,0,,,,0.46641666,0.0,0.0,0.0,10.57
7,7,4,0,,,,0.47058332,0.0,0.0,0.0,89.89
7,8,4,0,,,,2.0948668,0.0,0.0,0.0,273.5
7,9,4,0,,,,0.72796667,0.0,0.0,0.0,419.1
7,10,4,0,,,,2.26485,0.0,0.0,0.0,592.35
7,11,4,0,,,,1.69755,0.0,0.0,0.0,586.01
7,12,4,0,,,,3.986525,0.0,0.0,0.0,666.24
7,13,4,0,,,,3.1638167,0.0,0.0,0.0,641.59
7,14,4,0,,,,1.7374166,0.0,0.0,0.0,723.97
7,15,4,0,,,,0.38228333,0.0,0.0,0.0,663.62
7,16,4,0,,,,2.8449667,0.0,0.0,0.0,540.39
7,17,4,0,,,,3.6336,0.0,0.0,0.0,395.86
7,18,4,0,,,,2.3847,0.0,0.0,0.0,207.82
7,19,4,0,,,,0.29638332,0.0,0.0,0.0,56.89
7,20,4,0,,,,2.2286832,0.0,0.0,0.0,21.01
7,21,4,0,,,,3.4056833,0.0,0.0,0.0,0.0
7,22,4,0,,,,0.77206665,0.0,0.0,0.0,0.0
7,23,4,0,,,,3.1145334,0.0,0.0,0.0,0.0
7,24,4,0,,,,2.9664333,0.0,0.0,0.0,0.0
7,1,5,0,,,,0.47418332,0.0,0.0,0.0,0.0
7,2,5,0,,,,0.47398335,0.0,0.0,0.0,0.0
7,3,5,0,,,,1.4241,0.0,0.0,0.0,0.0
7,4,5,0,,,,1.1854,0.0,0.0,0.0,0.0
7,5,5,0,,,,1.1309333,0.0,0.0,0.0,0.0
7,6,5,0,,,,0.9022167,0.0,0.0,0.0,1.21
7,7,5,0,,,,0.5086,0.0,0.0,0.0,10.1
7,8,5,0,,,,0.39085,0.0,0.0,0.0,231.17
7,9,5,0,,,,2.1371,0.0,0.0,0.0,304.44
7,10,5,0,,,,0.47558334,0.0,0.0,0.0,578.77
7,11,5,0,,,,0.49288332,0.0,0.0,0.0,76.96
7,12,5,0,,,,0.39201668,0.0,0.0,0.0,173.37
7,13,5,0,,,,3.3877666,0.0,0.0,0.0,520.47
7,14,5,0,,,,4.0222,0.0,0.0,0.0,461.3
7,15,5,0,,,,3.7467334,0.0,0.0,0.0,662.5
7,16,5,0,,,,0.42126667,0.0,0.0,0.0,281.98
7,17,5,0,,,,3.7856,0.0,0.0,0.0,157.07
7,18,5,0,,,,3.6492333,0.0,0.0,0.0,113.83
7,19,5,0,,,,1.0026333,0.0,0.0,0.0,5.9
7,20,5,0,,,,4.093217,0.0,0.0,0.0,0.45
7,21,5,0,,,,4.0874667,0.0,0.0,0.0,0.0
7,22,5,0,,,,2.0946834,0.0,0.0,0.0,0.0
7,23,5,0,,,,2.8026834,0.0,0.0,0.0,0.0
7,24,5,0,,,,1.6641917,0.0,0.0,0.0,0.0
7,1,6,0,,,,0.48053333,0.0,0.0,0.0,0.0
7,2,6,0,,,,0.47793335,0.0,0.0,0.0,0.0
7,3,6,0,,,,3.15955,0.0,0.0,0.0,0.0
7,4,6,0,,,,1.4006833,0.0,0.0,0.0,0.0
7,5,6,0,,,,0.48113334,0.0,0.0,0.0,0.0
7,6,6,0,,,,0.42283332,0.0,0.0,0.0,1.22
7,7,6,0,,,,0.4243,0.0,0.0,0.0,8.34
7,8,6,0,,,,0.391,0.0,0.0,0.0,43.51
7,9,6,0,,,,0.38971666,0.0,0.0,0.0,193.25
7,10,6,0,,,,1.2804667,0.0,0.0,0.0,566.62
7,11,6,0,,,,4.617017,0.0,0.0,0.0,517.35
7,12,6,0,,,,3.1504834,0.0,0.0,0.0,421.59
7,13,6,0,,,,0.38646665,0.0,0.0,0.0,513.75
7,14,6,0,,,,3.2001834,0.0,0.0,0.0,514.16
7,15,6,0,,,,3.9259834,0.0,0.0,0.0,133.07
7,16,6,0,,,,3.8934,0.0,0.0,0.0,323.88
7,17,6,0,,,,1.9659166,0.0,0.0,0.0,272.93
7,18,6,0,,,,3.3314,0.0,0.0,0.0,160.49
7,19,6,0,,,,3.5843666,0.0,0.0,0.0,72.47
7,20,6,0,,,,3.7257166,0.0,0.0,0.0,20.61
7,21,6,0,,,,1.5792834,0.0,0.0,0.0,0.0
7,22,6,0,,,,3.7289,0.0,0.0,0.0,0.0
7,23,6,0,,,,3.9797,0.0,0.0,0.0,0.0
7,24,6,0,,,,1.4130917,0.0,0.0,0.0,0.0
7,1,7,0,,,,0.47948334,0.0,0.0,0.0,0.0
7,2,7,0,,,,2.6639333,0.0,0.0,0.0,0.0
7,3,7,0,,,,0.92363334,0.0,0.0,0.0,0.0
7,4,7,0,,,,0.47193334,0.0,0.0,0.0,0.0
7,5,7,0,,,,1.2994666,0.0,0.0,0.0,0.0
7,6,7,0,,,,0.37601668,0.0,0.0,0.0,19.27
7,7,7,0,,,,0.39573333,0.0,0.0,0.0,87.63
7,8,7,0,,,,0.39103332,0.0,0.0,0.0,268.44
7,9,7,0,,,,0.40531668,0.0,0.0,0.0,429.86
7,10,7,0,,,,0.38871667,0.0,0.0,0.0,570.93
7,11,7,0,,,,0.6713,0.0,0.0,0.0,692.09
7,12,7,0,,,,3.7471166,0.0,0.0,0.0,699.43
7,13,7,0,,,,0.9515833,0.0,0.0,0.0,416.54
7,14,7,0,,,,2.33575,0.0,0.0,0.0,661.77
7,15,7,0,,,,3.7723167,0.0,0.0,0.0,555.9
7,16,7,0,,,,1.2279333,0.0,0.0,0.0,484.29
7,17,7,0,,,,2.4090166,0.0,0.0,0.0,227.48
7,18,7,0,,,,2.4444168,0.0,0.0,0.0,199.43
7,19,7,0,,,,1.2168334,0.0,0.0,0.0,51.5
7,20,7,0,,,,3.7355666,0.0,0.0,0.0,16.29
7,21,7,0,,,,1.8369167,0.0,0.0,0.0,0.0
7,22,7,0,,,,3.30485,0.0,0.0,0.0,0.0
7,23,7,0,,,,0.70893335,0.0,0.0,0.0,0.0
7,24,7,0,,,,0.48416665,0.0,0.0,0.0,0.0
7,1,1,0,,,,0.47893333,0.0,0.0,0.0,0.0
7,2,1,0,,,,1.1513166,0.0,0.0,0.0,0.0
7,3,1,0,,,,2.1546,0.0,0.0,0.0,0.0
7,4,1,0,,,,0.47168332,0.0,0.0,0.0,0.0
7,5,1,0,,,,0.4761,0.0,0.0,0.0,0.0
7,6,1,0,,,,0.751,0.0,0.0,0.0,30.79
7,7,1,0,,,,0.4152,0.0,0.0,0.0,35.45
7,8,1,0,,,,1.8381833,0.0,0.0,0.0,194.93
7,9,1,0,,,,2.0304,0.0,0.0,0.0,70.24
7,10,1,0,,,,0.39048332,0.0,0.0,0.0,157.14
7,11,1,0,,,,0.39433333,0.0,0.0,0.0,220.7
7,12,1,0,,,,1.7229,0.0,0.0,0.0,721.58
7,13,1,0,,,,3.6721,0.0,0.0,0.0,602.41
7,14,1,0,,,,1.8145167,0.0,0.0,0.0,426.88
7,15,1,0,,,,0.7208667,0.0,0.0,0.0,314.24
7,16,1,0,,,,3.8874834,0.0,0.0,0.0,431.08
7,17,1,0,,,,3.6238167,0.0,0.0,0.0,284.86
7,18,1,0,,,,2.5169,0.0,0.0,0.0,109.57
7,19,1,0,,,,0.33935,0.0,0.0,0.0,72.61
7,20,1,0,,,,2.7382,0.0,0.0,0.0,20.26
7,21,1,0,,,,0.8882833,0.0,0.0,0.0,0.0
7,22,1,0,,,,0.71781665,0.0,0.0,0.0,0.0
7,23,1,0,,,,2.3539667,0.0,0.0,0.0,0.0
7,24,1,0,,,,0.47451666,0.0,0.0,0.0,0.0
7,1,2,0,,,,2.5569668,0.0,0.0,0.0,0.0
7,2,2,0,,,,1.76555,0.0,0.0,0.0,0.0
7,3,2,0,,,,0.47428334,0.0,0.0,0.0,0.0
7,4,2,0,,,,0.8196167,0.0,0.0,0.0,0.0
7,5,2,0,,,,0.75595,0.0,0.0,0.0,0.0
7,6,2,0,,,,2.1067667,0.0,0.0,0.0,0.87
7,7,2,0,,,,0.5367333,0.0,0.0,0.0,8.51
7,8,2,0,,,,0.47495,0.0,0.0,0.0,33.76
7,9,2,0,,,,1.0780166,0.0,0.0,0.0,128.24
7,10,2,0,,,,3.1792834,0.0,0.0,0.0,245.13
7,11,2,0,,,,1.9029666,0.0,0.0,0.0,432.39
7,12,2,0,,,,1.3555167,0.0,0.0,0.0,542.47
7,13,2,0,,,,3.3851833,0.0,0.0,0.0,439.91
7,14,2,0,,,,2.6656,0.0,0.0,0.0,282.27
7,15,2,0,,,,3.91485,0.0,0.0,0.0,259.16
7,16,2,0,,,,3.4258833,0.0,0.0,0.0,262.77
7,17,2,0,,,,1.4378834,0.0,0.0,0.0,265.21
7,18,2,0,,,,1.3361666,0.0,0.0,0.0,186.14
7,19,2,0,,,,0.5186833,0.0,0.0,0.0,15.22
7,20,2,0,,,,0.72646666,0.0,0.0,0.0,20.31
7,21,2,0,,,,0.7725667,0.0,0.0,0.0,0.0
7,22,2,0,,,,2.3852832,0.0,0.0,0.0,0.0
7,23,2,0,,,,1.95155,0.0,0.0,0.0,0.0
7,24,2,0,,,,0.7442458,0.0,0.0,0.0,0.0
7,1,3,0,,,,0.47698334,0.0,0.0,0.0,0.0
7,2,3,0,,,,0.47215,0.0,0.0,0.0,0.0
7,3,3,0,,,,0.60006666,0.0,0.0,0.0,0.0
7,4,3,0,,,,0.91858333,0.0,0.0,0.0,0.0
7,5,3,0,,,,0.47658333,0.0,0.0,0.0,0.0
7,6,3,0,,,,0.46791667,0.0,0.0,0.0,28.73
7,7,3,0,,,,1.9663,0.0,0.0,0.0,67.63
7,8,3,0,,,,1.0604334,0.0,0.0,0.0,68.28
7,9,3,0,,,,2.13015,0.0,0.0,0.0,303.87
7,10,3,0,,,,1.4201833,0.0,0.0,0.0,451.04
7,11,3,0,,,,2.0873,0.0,0.0,0.0,628.65
7,12,3,0,,,,3.4391668,0.0,0.0,0.0,275.63
7,13,3,0,,,,2.4875834,0.0,0.0,0.0,377.22
7,14,3,0,,,,1.8214834,0.0,0.0,0.0,120.49
7,15,3,0,,,,3.8636334,0.0,0.0,0.0,463.98
7,16,3,0,,,,1.2554166,0.0,0.0,0.0,414.6
7,17,3,0,,,,1.183,0.0,0.0,0.0,385.21
7,18,3,0,,,,1.4407333,0.0,0.0,0.0,53.65
7,19,3,0,,,,2.3917334,0.0,0.0,0.0,56.4
7,20,3,0,,,,0.47635,0.0,0.0,0.0,18.85
7,21,3,0,,,,1.8244166,0.0,0.0,0.0,0.0
7,22,3,0,,,,1.2306666,0.0,0.0,0.0,0.0
7,23,3,0,,,,0.7463833,0.0,0.0,0.0,0.0
7,24,3,0,,,,0.84643334,0.0,0.0,0.0,0.0
7,1,4,0,,,,1.1342334,0.0,0.0,0.0,0.0
7,2,4,0,,,,0.602,0.0,0.0,0.0,0.0
7,3,4,0,,,,0.47145,0.0,0.0,0.0,0.0
7,4,4,0,,,,0.47401667,0.0,0.0,0.0,0.0
7,5,4,0,,,,2.1394835,0.0,0.0,0.0,0.0
7,6,4,0,,,,0.89605,0.0,0.0,0.0,28.74
7,7,4,0,,,,0.54585,0.0,0.0,0.0,87.97
7,8,4,0,,,,1.5154333,0.0,0.0,0.0,259.86
7,9,4,0,,,,3.6737168,0.0,0.0,0.0,428.57
7,10,4,0,,,,1.0170166,0.0,0.0,0.0,587.78
7,11,4,0,,,,1.2141167,0.0,0.0,0.0,667.11
7,12,4,0,,,,3.1804166,0.0,0.0,0.0,707.14
7,13,4,0,,,,0.84938335,0.0,0.0,0.0,712.05
7,14,4,0,,,,3.9760666,0.0,0.0,0.0,682.24
7,15,4,0,,,,1.7824,0.0,0.0,0.0,502.6
7,16,4,0,,,,3.1534667,0.0,0.0,0.0,540.49
7,17,4,0,,,,2.9503667,0.0,0.0,0.0,252.56
7,18,4,0,,,,1.6224,0.0,0.0,0.0,190.82
7,19,4,0,,,,2.94905,0.0,0.0,0.0,48.61
7,20,4,0,,,,0.6608,0.0,0.0,0.0,18.64
7,21,4,0,,,,1.8578666,0.0,0.0,0.0,0.0
7,22,4,0,,,,0.89805,0.0,0.0,0.0,0.0
7,23,4,0,,,,0.91775,0.0,0.0,0.0,0.0
7,24,4,0,,,,1.3593833,0.0,0.0,0.0,0.0
7,1,5,0,,,,1.7992,0.0,0.0,0.0,0.0
7,2,5,0,,,,1.1591166,0.0,0.0,0.0,0.0
7,3,5,0,,,,0.4719,0.0,0.0,0.0,0.0
7,4,5,0,,,,0.47368333,0.0,0.0,0.0,0.0
7,5,5,0,,,,0.47355,0.0,0.0,0.0,0.0
7,6,5,0,,,,0.46443334,0.0,0.0,0.0,3.51
7,7,5,0,,,,0.71185,0.0,0.0,0.0,49.78
7,8,5,0,,,,0.9482333,0.0,0.0,0.0,94.9
7,9,5,0,,,,2.1300666,0.0,0.0,0.0,331.24
7,10,5,0,,,,0.66241664,0.0,0.0,0.0,553.51
7,11,5,0,,,,0.91966665,0.0,0.0,0.0,669.94
7,12,5,0,,,,1.3657833,0.0,0.0,0.0,511.84
7,13,5,0,,,,3.9399083,0.0,0.0,0.0,289.31
7,14,5,0,,,,3.9687333,0.0,0.0,0.0,49.37
7,15,5,0,,,,3.88375,0.0,0.0,0.0,39.27
7,16,5,0,,,,4.4435835,0.0,0.0,0.0,164.84
7,17,5,0,,,,3.16075,0.0,0.0,0.0,66.78
7,18,5,0,,,,0.73978335,0.0,0.0,0.0,182.02
7,19,5,0,,,,1.4027,0.0,0.0,0.0,68.23
7,20,5,0,,,,3.5351167,0.0,0.0,0.0,17.6
7,21,5,0,,,,0.94893336,0.0,0.0,0.0,0.0
7,22,5,0,,,,1.9612167,0.0,0.0,0.0,0.0
7,23,5,0,,,,1.8830111,0.0,0.0,0.0,0.0
7,24,5,0,,,,2.352,0.0,0.0,0.0,0.0
7,1,6,0,,,,3.2268667,0.0,0.0,0.0,0.0
7,2,6,0,,,,0.8599167,0.0,0.0,0.0,0.0
7,3,6,0,,,,0.78576666,0.0,0.0,0.0,0.0
7,4,6,0,,,,0.75581664,0.0,0.0,0.0,0.0
7,5,6,0,,,,0.8728667,0.0,0.0,0.0,0.0
7,6,6,0,,,,1.0248667,0.0,0.0,0.0,0.85
7,7,6,0,,,,1.32325,0.0,0.0,0.0,7.8
7,8,6,0,,,,1.3920833,0.0,0.0,0.0,27.6
7,9,6,0,,,,2.6868167,0.0,0.0,0.0,89.49
7,10,6,0,,,,4.67095,0.0,0.0,0.0,98.36
7,11,6,0,,,,0.81236666,0.0,0.0,0.0,185.01
7,12,6,0,,,,0.46811667,0.0,0.0,0.0,129.13
7,13,6,0,,,,0.46755,0.0,0.0,0.0,106.53
7,14,6,0,,,,0.59065,0.0,0.0,0.0,140.36
7,15,6,0,,,,3.7177835,0.0,0.0,0.0,357.76
7,16,6,0,,,,3.6334834,0.0,0.0,0.0,162.26
7,17,6,0,,,,1.5801333,0.0,0.0,0.0,164.05
7,18,6,0,,,,0.47396666,0.0,0.0,0.0,186.08
7,19,6,0,,,,2.9886832,0.0,0.0,0.0,69.32
7,20,6,0,,,,1.9171833,0.0,0.0,0.0,17.61
7,21,6,0,,,,0.47495,0.0,0.0,0.0,0.0
7,22,6,0,,,,0.4751,0.0,0.0,0.0,0.0
7,23,6,0,,,,1.1371833,0.0,0.0,0.0,0.0
7,24,6,0,,,,3.2515583,0.0,0.0,0.0,0.0
7,1,7,0,,,,0.96421665,0.0,0.0,0.0,0.0
7,2,7,0,,,,0.47173333,0.0,0.0,0.0,0.0
7,3,7,0,,,,0.473,0.0,0.0,0.0,0.0
7,4,7,0,,,,0.4908,0.0,0.0,0.0,0.0
7,5,7,0,,,,1.00705,0.0,0.0,0.0,0.0
7,6,7,0,,,,0.4902,0.0,0.0,0.0,0.87
7,7,7,0,,,,2.0957,0.0,0.0,0.0,82.73
7,8,7,0,,,,0.909,0.0,0.0,0.0,254.03
7,9,7,0,,,,0.38886666,0.0,0.0,0.0,436.02
7,10,7,0,,,,0.89678335,0.0,0.0,0.0,600.67
7,11,7,0,,,,3.6042333,0.0,0.0,0.0,694.26
7,12,7,0,,,,1.2437333,0.0,0.0,0.0,746.07
7,13,7,0,,,,3.2376666,0.0,0.0,0.0,776.64
7,14,7,0,,,,4.39145,0.0,0.0,0.0,748.24
7,15,7,0,,,,3.9054334,0.0,0.0,0.0,659.69
7,16,7,0,,,,1.8356667,0.0,0.0,0.0,424.99
7,17,7,0,,,,0.74768335,0.0,0.0,0.0,313.27
7,18,7,0,,,,3.80865,0.0,0.0,0.0,38.85
7,19,7,0,,,,3.7743165,0.0,0.0,0.0,47.77
7,20,7,0,,,,1.7202333,0.0,0.0,0.0,17.36
7,21,7,0,,,,3.3281167,0.0,0.0,0.0,0.0
7,22,7,0,,,,2.7179334,0.0,0.0,0.0,0.0
7,23,7,0,,,,1.4972167,0.0,0.0,0.0,0.0
7,24,7,0,,,,0.47211668,0.0,0.0,0.0,0.0
7,1,1,0,,,,2.0958834,0.0,0.0,0.0,0.0
7,2,1,0,,,,0.4695,0.0,0.0,0.0,0.0
7,3,1,0,,,,0.47483334,0.0,0.0,0.0,0.0
7,4,1,0,,,,0.47563332,0.0,0.0,0.0,0.0
7,5,1,0,,,,1.8972334,0.0,0.0,0.0,0.0
7,6,1,0,,,,0.39355,0.0,0.0,0.0,0.49
7,7,1,0,,,,0.39603335,0.0,0.0,0.0,7.79
7,8,1,0,,,,0.45113334,0.0,0.0,0.0,37.04
7,9,1,0,,,,1.4723166,0.0,0.0,0.0,33.23
7,10,1,0,,,,3.7391167,0.0,0.0,0.0,53.35
7,11,1,0,,,,2.0473332,0.0,0.0,0.0,698.47
7,12,1,0,,,,1.0411667,0.0,0.0,0.0,463.66
7,13,1,0,,,,1.0104834,0.0,0.0,0.0,598.32
7,14,1,0,,,,3.6156666,0.0,0.0,0.0,446.51
7,15,1,0,,,,1.5313166,0.0,0.0,0.0,618.84
7,16,1,0,,,,0.82741666,0.0,0.0,0.0,129.37
7,17,1,0,,,,3.4437168,0.0,0.0,0.0,215.72
7,18,1,0,,,,2.2963333,0.0,0.0,0.0,143.62
7,19,1,0,,,,0.60073334,0.0,0.0,0.0,17.75
7,20,1,0,,,,2.9728668,0.0,0.0,0.0,13.37
7,21,1,0,,,,2.0451167,0.0,0.0,0.0,0.0
7,22,1,0,,,,1.7655333,0.0,0.0,0.0,0.0
7,23,1,0,,,,0.4919,0.0,0.0,0.0,0.0
7,24,1,0,,,,0.4854,0.0,0.0,0.0,0.0
7,1,2,0,,,,0.47946668,0.0,0.0,0.0,0.0
7,2,2,0,,,,0.9676333,0.0,0.0,0.0,0.0
7,3,2,0,,,,1.6464167,0.0,0.0,0.0,0.0
7,4,2,0,,,,0.47326666,0.0,0.0,0.0,0.0
7,5,2,0,,,,0.46298334,0.0,0.0,0.0,0.0
7,6,2,0,,,,1.1022167,0.0,0.0,0.0,0.51
7,7,2,0,,,,1.9006667,0.0,0.0,0.0,91.1
7,8,2,0,,,,1.1002667,0.0,0.0,0.0,245.14
7,9,2,0,,,,2.2355332,0.0,0.0,0.0,430.95
7,10,2,0,,,,2.2869666,0.0,0.0,0.0,562.4
7,11,2,0,,,,0.8652833,0.0,0.0,0.0,670.32
7,12,2,0,,,,0.7715167,0.0,0.0,0.0,555.84
7,13,2,0,,,,4.150717,0.0,0.0,0.0,304.63
7,14,2,0,,,,3.4495,0.0,0.0,0.0,754.45
7,15,2,0,,,,0.7011333,0.0,0.0,0.0,488.89
7,16,2,0,,,,1.2987833,0.0,0.0,0.0,458.91
7,17,2,0,,,,3.7308667,0.0,0.0,0.0,334.04
7,18,2,0,,,,1.8141167,0.0,0.0,0.0,159.79
7,19,2,0,,,,0.8937167,0.0,0.0,0.0,50.36
7,20,2,0,,,,4.365433,0.0,0.0,0.0,16.88
7,21,2,0,,,,4.0624833,0.0,0.0,0.0,0.0
7,22,2,0,,,,1.1194,0.0,0.0,0.0,0.0
7,23,2,0,,,,0.48891667,0.0,0.0,0.0,0.0
7,24,2,0,,,,1.8355,0.0,0.0,0.0,0.0
7,1,3,0,,,,1.0655167,0.0,0.0,0.0,0.0
7,2,3,0,,,,0.47355,0.0,0.0,0.0,0.0
7,3,3,0,,,,0.4748,0.0,0.0,0.0,0.0
7,4,3,0,,,,0.47775,0.0,0.0,0.0,0.0
7,5,3,0,,,,2.1204333,0.0,0.0,0.0,0.0
7,6,3,0,,,,0.38925,0.0,0.0,0.0,8.8
7,7,3,0,,,,0.39778334,0.0,0.0,0.0,84.45
7,8,3,0,,,,0.40796667,0.0,0.0,0.0,253.5
7,9,3,0,,,,1.1059667,0.0,0.0,0.0,439.39
7,10,3,0,,,,3.3734834,0.0,0.0,0.0,605.75
7,11,3,0,,,,0.9872,0.0,0.0,0.0,708.68
7,12,3,0,,,,0.39025,0.0,0.0,0.0,660.23
7,13,3,0,,,,0.8982555,0.0,0.0,0.0,558.13
7,14,3,0,,,,1.1272666,0.0,0.0,0.0,512.26
7,15,3,0,,,,3.5375,0.0,0.0,0.0,365.76
7,16,3,0,,,,0.4975,0.0,0.0,0.0,195.03
7,17,3,0,,,,1.1488,0.0,0.0,0.0,290.03
7,18,3,0,,,,3.1260834,0.0,0.0,0.0,203.92
7,19,3,0,,,,0.41161665,0.0,0.0,0.0,41.81
7,20,3,0,,,,1.2192333,0.0,0.0,0.0,16.02
7,21,3,0,,,,3.4163833,0.0,0.0,0.0,0.0
7,22,3,0,,,,1.9809166,0.0,0.0,0.0,0.0
7,23,3,0,,,,0.90681666,0.0,0.0,0.0,0.0
7,24,3,0,,,,0.48155,0.0,0.0,0.0,0.0
7,1,4,0,,,,0.47713333,0.0,0.0,0.0,0.0
7,2,4,0,,,,0.4741,0.0,0.0,0.0,0.0
7,3,4,0,,,,2.3058333,0.0,0.0,0.0,0.0
7,4,4,0,,,,0.47568333,0.0,0.0,0.0,0.0
7,5,4,0,,,,0.47606668,0.0,0.0,0.0,0.0
7,6,4,0,,,,0.38032916,0.0,0.0,0.0,10.57
7,7,4,0,,,,0.39936668,0.0,0.0,0.0,83.9
7,8,4,0,,,,0.7446167,0.0,0.0,0.0,242.42
7,9,4,0,,,,3.0276,0.0,0.0,0.0,421.66
7,10,4,0,,,,4.745633,0.0,0.0,0.0,575.06
7,11,4,0,,,,1.8141667,0.0,0.0,0.0,654.92
7,12,4,0,,,,0.39071667,0.0,0.0,0.0,628.97
7,13,4,0,,,,0.3903,0.0,0.0,0.0,642.21
7,14,4,0,,,,0.38751668,0.0,0.0,0.0,594.14
7,15,4,0,,,,3.0345666,0.0,0.0,0.0,424.9
7,16,4,0,,,,1.49235,0.0,0.0,0.0,523.15
7,17,4,0,,,,1.91985,0.0,0.0,0.0,366.68
7,18,4,0,,,,2.2421334,0.0,0.0,0.0,197.05
7,19,4,0,,,,0.5961667,0.0,0.0,0.0,46.23
7,20,4,0,,,,2.7168667,0.0,0.0,0.0,14.59
7,21,4,0,,,,0.68245,0.0,0.0,0.0,0.0
7,22,4,0,,,,3.0626333,0.0,0.0,0.0,0.0
7,23,4,0,,,,1.5830667,0.0,0.0,0.0,0.0
7,24,4,0,,,,0.47666666,0.0,0.0,0.0,0.0
7,1,5,0,,,,0.47785,0.0,0.0,0.0,0.0
7,2,5,0,,,,0.47425,0.0,0.0,0.0,0.0
7,3,5,0,,,,0.47511667,0.0,0.0,0.0,0.0
7,4,5,0,,,,0.47738335,0.0,0.0,0.0,0.0
7,5,5,0,,,,0.83538336,0.0,0.0,0.0,0.0
7,6,5,0,,,,1.85085,0.0,0.0,0.0,0.15
7,7,5,0,,,,0.48265,0.0,0.0,0.0,6.55
7,8,5,0,,,,0.47436666,0.0,0.0,0.0,149.62
7,9,5,0,,,,0.4725,0.0,0.0,0.0,369.34
7,10,5,0,,,,0.56355,0.0,0.0,0.0,478.35
7,11,5,0,,,,1.4352,0.0,0.0,0.0,643.36
7,12,5,0,,,,1.979,0.0,0.0,0.0,696.16
7,13,5,0,,,,1.9649,0.0,0.0,0.0,599.73
7,14,5,0,,,,1.4090667,0.0,0.0,0.0,435.01
7,15,5,0,,,,0.40116668,0.0,0.0,0.0,289.92
7,16,5,0,,,,0.41125,0.0,0.0,0.0,73.44
7,17,5,0,,,,2.9445167,0.0,0.0,0.0,38.4
7,18,5,0,,,,1.6646167,0.0,0.0,0.0,83.52
7,19,5,0,,,,3.3183,0.0,0.0,0.0,44.84
7,20,5,0,,,,1.8183666,0.0,0.0,0.0,14.55
7,21,5,0,,,,1.0771333,0.0,0.0,0.0,0.0
7,22,5,0,,,,3.28715,0.0,0.0,0.0,0.0
7,23,5,0,,,,1.69595,0.0,0.0,0.0,0.0
7,24,5,0,,,,2.3901417,0.0,0.0,0.0,0.0
7,1,6,0,,,,0.4754,0.0,0.0,0.0,0.0
7,2,6,0,,,,0.47311667,0.0,0.0,0.0,0.0
7,3,6,0,,,,0.47598332,0.0,0.0,0.0,0.0
7,4,6,0,,,,0.47871667,0.0,0.0,0.0,0.0
7,5,6,0,,,,0.47795,0.0,0.0,0.0,0.0
7,6,6,0,,,,0.53735,0.0,0.0,0.0,0.14
7,7,6,0,,,,0.96096665,0.0,0.0,0.0,79.93
7,8,6,0,,,,0.6339,0.0,0.0,0.0,177.99
7,9,6,0,,,,0.51105,0.0,0.0,0.0,250.03
7,10,6,0,,,,0.5117,0.0,0.0,0.0,99.66
7,11,6,0,,,,0.5140167,0.0,0.0,0.0,156.36
7,12,6,0,,,,0.50801665,0.0,0.0,0.0,192.65
7,13,6,0,,,,1.4843167,0.0,0.0,0.0,176.29
7,14,6,0,,,,3.71285,0.0,0.0,0.0,538.78
7,15,6,0,,,,0.6992667,0.0,0.0,0.0,578.98
7,16,6,0,,,,2.7981834,0.0,0.0,0.0,381.67
7,17,6,0,,,,2.8989666,0.0,0.0,0.0,231.99
7,18,6,0,,,,0.50451666,0.0,0.0,0.0,186.69
7,19,6,0,,,,2.3521,0.0,0.0,0.0,55.26
7,20,6,0,,,,1.5887834,0.0,0.0,0.0,11.97
7,21,6,0,,,,0.5119333,0.0,0.0,0.0,0.0
7,22,6,0,,,,3.1688,0.0,0.0,0.0,0.0
7,23,6,0,,,,2.3081667,0.0,0.0,0.0,0.0
7,24,6,0,,,,1.272675,0.0,0.0,0.0,0.0
7,1,7,0,,,,3.0637667,0.0,0.0,0.0,0.0
7,2,7,0,,,,0.6575,0.0,0.0,0.0,0.0
7,3,7,0,,,,0.47835,0.0,0.0,0.0,0.0
7,4,7,0,,,,0.47029668,0.0,0.0,0.0,0.0
7,5,7,0,,,,0.48103333,0.0,0.0,0.0,0.0
7,6,7,0,,,,0.85361665,0.0,0.0,0.0,2.05
7,7,7,0,,,,3.1391833,0.0,0.0,0.0,6.57
7,8,7,0,,,,1.3961834,0.0,0.0,0.0,139.54
7,9,7,0,,,,0.9339333,0.0,0.0,0.0,335.52
7,10,7,0,,,,0.44468334,0.0,0.0,0.0,328.64
7,11,7,0,,,,1.1205333,0.0,0.0,0.0,631.75
7,12,7,0,,,,2.9829834,0.0,0.0,0.0,676.12
7,13,7,0,,,,0.38681668,0.0,0.0,0.0,717.78
7,14,7,0,,,,1.37955,0.0,0.0,0.0,621.32
7,15,7,0,,,,3.1070333,0.0,0.0,0.0,533.78
7,16,7,0,,,,0.79031664,0.0,0.0,0.0,459.74
7,17,7,0,,,,2.6500833,0.0,0.0,0.0,299.62
7,18,7,0,,,,2.9074166,0.0,0.0,0.0,183.9
7,19,7,0,,,,0.57736665,0.0,0.0,0.0,43.21
7,20,7,0,,,,0.65133333,0.0,0.0,0.0,12.52
7,21,7,0,,,,2.0233667,0.0,0.0,0.0,0.0
7,22,7,0,,,,1.9709166,0.0,0.0,0.0,0.0
7,23,7,0,,,,1.04715,0.0,0.0,0.0,0.0
7,24,7,0,,,,3.4316416,0.0,0.0,0.0,0.0
7,1,1,0,,,,0.5797667,0.0,0.0,0.0,0.0
7,2,1,0,,,,0.47918335,0.0,0.0,0.0,0.0
7,3,1,0,,,,0.47885,0.0,0.0,0.0,0.0
7,4,1,0,,,,0.47771665,0.0,0.0,0.0,0.0
7,5,1,0,,,,0.47766668,0.0,0.0,0.0,0.0
7,6,1,0,,,,0.47353333,0.0,0.0,0.0,0.15
7,7,1,0,,,,0.47928333,0.0,0.0,0.0,6.61
7,8,1,0,,,,2.0530834,0.0,0.0,0.0,55.6
7,9,1,0,,,,0.53583336,0.0,0.0,0.0,221.76
7,10,1,0,,,,1.2116333,0.0,0.0,0.0,431.8
7,11,1,0,,,,3.2116168,0.0,0.0,0.0,496.69
7,12,1,0,,,,0.6389,0.0,0.0,0.0,571.61
7,13,1,0,,,,0.40845,0.0,0.0,0.0,640.37
7,14,1,0,,,,2.0322332,0.0,0.0,0.0,525.91
7,15,1,0,,,,2.1541,0.0,0.0,0.0,441.14
7,16,1,0,,,,0.6701,0.0,0.0,0.0,432.56
7,17,1,0,,,,2.0763834,0.0,0.0,0.0,376.76
7,18,1,0,,,,2.1460667,0.0,0.0,0.0,190.36
7,19,1,0,,,,0.7831,0.0,0.0,0.0,54.68
7,20,1,0,,,,0.9780833,0.0,0.0,0.0,12.57
7,21,1,0,,,,0.65103334,0.0,0.0,0.0,0.0
7,22,1,0,,,,3.11845,0.0,0.0,0.0,0.0
7,23,1,0,,,,0.8466,0.0,0.0,0.0,0.0
7,24,1,0,,,,2.0707333,0.0,0.0,0.0,0.0
7,1,2,0,,,,2.2863834,0.0,0.0,0.0,0.0
7,2,2,0,,,,0.47223333,0.0,0.0,0.0,0.0
7,3,2,0,,,,0.47515,0.0,0.0,0.0,0.0
7,4,2,0,,,,0.47421667,0.0,0.0,0.0,0.0
7,5,2,0,,,,0.47421667,0.0,0.0,0.0,0.0
7,6,2,0,,,,1.0408334,0.0,0.0,0.0,0.84
7,7,2,0,,,,0.47431666,0.0,0.0,0.0,80.72
7,8,2,0,,,,0.48863333,0.0,0.0,0.0,236.0
7,9,2,0,,,,0.7464333,0.0,0.0,0.0,419.0
7,10,2,0,,,,0.9986167,0.0,0.0,0.0,545.85
7,11,2,0,,,,3.4514666,0.0,0.0,0.0,618.07
7,12,2,0,,,,1.6095,0.0,0.0,0.0,705.62
7,13,2,0,,,,0.94273335,0.0,0.0,0.0,749.85
7,14,2,0,,,,2.7721334,0.0,0.0,0.0,739.74
7,15,2,0,,,,1.04715,0.0,0.0,0.0,643.79
7,16,2,0,,,,2.6757,0.0,0.0,0.0,303.18
7,17,2,0,,,,0.3979,0.0,0.0,0.0,34.67
7,18,2,0,,,,0.56145,0.0,0.0,0.0,187.27
7,19,2,0,,,,3.3876667,0.0,0.0,0.0,54.9
7,20,2,0,,,,1.9890167,0.0,0.0,0.0,0.0
7,21,2,0,,,,0.8509333,0.0,0.0,0.0,0.0
7,22,2,0,,,,1.0192167,0.0,0.0,0.0,0.0
7,23,2,0,,,,1.3634334,0.0,0.0,0.0,0.0
7,24,2,0,,,,3.2967834,0.0,0.0,0.0,0.0
7,1,3,0,,,,0.7488667,0.0,0.0,0.0,0.0
7,2,3,0,,,,0.47756666,0.0,0.0,0.0,0.0
7,3,3,0,,,,0.47783333,0.0,0.0,0.0,0.0
7,4,3,0,,,,0.47801667,0.0,0.0,0.0,0.0
7,5,3,0,,,,0.47795,0.0,0.0,0.0,0.0
7,6,3,0,,,,0.47435,0.0,0.0,0.0,0.0
7,7,3,0,,,,0.43876666,0.0,0.0,0.0,9.54
7,8,3,0,,,,0.39353332,0.0,0.0,0.0,32.27
7,9,3,0,,,,1.3593167,0.0,0.0,0.0,419.34
7,10,3,0,,,,1.9161667,0.0,0.0,0.0,381.22
7,11,3,0,,,,2.0808334,0.0,0.0,0.0,665.73
7,12,3,0,,,,3.4827666,0.0,0.0,0.0,713.68
7,13,3,0,,,,1.0659333,0.0,0.0,0.0,581.5
7,14,3,0,,,,0.38326666,0.0,0.0,0.0,506.12
7,15,3,0,,,,1.0229417,0.0,0.0,0.0,507.56
7,16,3,0,,,,3.5484667,0.0,0.0,0.0,245.98
7,17,3,0,,,,3.2730834,0.0,0.0,0.0,108.36
7,18,3,0,,,,0.41631666,0.0,0.0,0.0,179.78
7,19,3,0,,,,2.28255,0.0,0.0,0.0,55.98
7,20,3,0,,,,0.9963833,0.0,0.0,0.0,10.05
7,21,3,0,,,,3.5905333,0.0,0.0,0.0,0.0
7,22,3,0,,,,1.58135,0.0,0.0,0.0,0.0
7,23,3,0,,,,0.77106667,0.0,0.0,0.0,0.0
7,24,3,0,,,,2.1825292,0.0,0.0,0.0,0.0
7,1,4,0,,,,1.3354833,0.0,0.0,0.0,0.0
7,2,4,0,,,,0.47648335,0.0,0.0,0.0,0.0
7,3,4,0,,,,0.47891667,0.0,0.0,0.0,0.0
7,4,4,0,,,,0.47696668,0.0,0.0,0.0,0.0
7,5,4,0,,,,0.73581666,0.0,0.0,0.0,0.0
7,6,4,0,,,,1.7213167,0.0,0.0,0.0,0.85
7,7,4,0,,,,0.47686666,0.0,0.0,0.0,78.58
7,8,4,0,,,,0.6368,0.0,0.0,0.0,229.54
7,9,4,0,,,,0.84646666,0.0,0.0,0.0,412.26
7,10,4,0,,,,1.1457,0.0,0.0,0.0,567.87
7,11,4,0,,,,3.3509166,0.0,0.0,0.0,671.7
7,12,4,0,,,,3.8511667,0.0,0.0,0.0,701.78
7,13,4,0,,,,1.0354834,0.0,0.0,0.0,666.17
7,14,4,0,,,,0.39068332,0.0,0.0,0.0,549.17
7,15,4,0,,,,0.9058333,0.0,0.0,0.0,585.47
7,16,4,0,,,,3.4891667,0.0,0.0,0.0,495.43
7,17,4,0,,,,3.5059,0.0,0.0,0.0,359.23
7,18,4,0,,,,1.0216666,0.0,0.0,0.0,183.92
7,19,4,0,,,,0.38338333,0.0,0.0,0.0,44.87
7,20,4,0,,,,0.39628333,0.0,0.0,0.0,9.44
7,21,4,0,,,,3.0401666,0.0,0.0,0.0,0.0
7,22,4,0,,,,0.8530833,0.0,0.0,0.0,0.0
7,23,4,0,,,,1.9725333,0.0,0.0,0.0,0.0
7,24,4,0,,,,2.5621,0.0,0.0,0.0,0.0
7,1,5,0,,,,0.6304,0.0,0.0,0.0,0.0
7,2,5,0,,,,0.66901666,0.0,0.0,0.0,0.0
7,3,5,0,,,,2.2466,0.0,0.0,0.0,0.0
7,4,5,0,,,,1.3028166,0.0,0.0,0.0,0.0
7,5,5,0,,,,0.47956666,0.0,0.0,0.0,0.0
7,6,5,0,,,,0.47313333,0.0,0.0,0.0,3.43
7,7,5,0,,,,0.48393333,0.0,0.0,0.0,75.07
7,8,5,0,,,,0.47971666,0.0,0.0,0.0,203.72
7,9,5,0,,,,0.65821666,0.0,0.0,0.0,393.62
7,10,5,0,,,,1.3569,0.0,0.0,0.0,553.44
7,11,5,0,,,,1.8673834,0.0,0.0,0.0,660.03
7,12,5,0,,,,4.1874166,0.0,0.0,0.0,738.38
7,13,5,0,,,,3.9892333,0.0,0.0,0.0,706.56
7,14,5,0,,,,3.1446,0.0,0.0,0.0,638.19
7,15,5,0,,,,1.35305,0.0,0.0,0.0,547.92
7,16,5,0,,,,3.62485,0.0,0.0,0.0,468.54
7,17,5,0,,,,0.6401833,0.0,0.0,0.0,325.65
7,18,5,0,,,,0.47945,0.0,0.0,0.0,183.26
7,19,5,0,,,,0.47231665,0.0,0.0,0.0,49.5
7,20,5,0,,,,1.2422333,0.0,0.0,0.0,7.15
7,21,5,0,,,,2.4983,0.0,0.0,0.0,0.0
7,22,5,0,,,,0.4737,0.0,0.0,0.0,0.0
7,23,5,0,,,,0.6379833,0.0,0.0,0.0,0.0
7,24,5,0,,,,0.84751666,0.0,0.0,0.0,0.0
7,1,6,0,,,,0.7435167,0.0,0.0,0.0,0.0
7,2,6,0,,,,0.48368335,0.0,0.0,0.0,0.0
7,3,6,0,,,,0.48083332,0.0,0.0,0.0,0.0
7,4,6,0,,,,0.47953334,0.0,0.0,0.0,0.0
7,5,6,0,,,,0.92158335,0.0,0.0,0.0,0.0
7,6,6,0,,,,0.6066,0.0,0.0,0.0,0.0
7,7,6,0,,,,0.47903332,0.0,0.0,0.0,72.59
7,8,6,0,,,,0.46701667,0.0,0.0,0.0,207.69
7,9,6,0,,,,2.1033,0.0,0.0,0.0,229.31
7,10,6,0,,,,3.9531333,0.0,0.0,0.0,501.67
7,11,6,0,,,,3.1657166,0.0,0.0,0.0,533.53
7,12,6,0,,,,0.44931668,0.0,0.0,0.0,373.62
7,13,6,0,,,,2.8208168,0.0,0.0,0.0,356.12
7,14,6,0,,,,3.2557333,0.0,0.0,0.0,217.8
7,15,6,0,,,,1.1082667,0.0,0.0,0.0,573.26
7,16,6,0,,,,2.4952166,0.0,0.0,0.0,82.53
7,17,6,0,,,,1.5832666,0.0,0.0,0.0,47.64
7,18,6,0,,,,0.65433335,0.0,0.0,0.0,118.6
7,19,6,0,,,,0.47156668,0.0,0.0,0.0,40.92
7,20,6,0,,,,0.47803333,0.0,0.0,0.0,8.78
7,21,6,0,,,,0.90783334,0.0,0.0,0.0,0.0
7,22,6,0,,,,2.58695,0.0,0.0,0.0,0.0
7,23,6,0,,,,0.7827167,0.0,0.0,0.0,0.0
7,24,6,0,,,,0.85075,0.0,0.0,0.0,0.0
7,1,7,0,,,,0.75565,0.0,0.0,0.0,0.0
7,2,7,0,,,,0.55205,0.0,0.0,0.0,0.0
7,3,7,0,,,,1.0112667,0.0,0.0,0.0,0.0
7,4,7,0,,,,0.5425,0.0,0.0,0.0,0.0
7,5,7,0,,,,0.47761667,0.0,0.0,0.0,0.0
7,6,7,0,,,,0.47368333,0.0,0.0,0.0,0.0
7,7,7,0,,,,0.48225,0.0,0.0,0.0,62.14
7,8,7,0,,,,0.48705,0.0,0.0,0.0,13.56
7,9,7,0,,,,0.7360833,0.0,0.0,0.0,81.32
7,10,7,0,,,,0.80398333,0.0,0.0,0.0,193.14
7,11,7,0,,,,0.41055,0.0,0.0,0.0,213.36
7,12,7,0,,,,2.7113,0.0,0.0,0.0,329.81
7,13,7,0,,,,3.6080167,0.0,0.0,0.0,566.46
7,14,7,0,,,,3.41885,0.0,0.0,0.0,557.88
7,15,7,0,,,,0.70615,0.0,0.0,0.0,416.26
7,16,7,0,,,,3.4799,0.0,0.0,0.0,494.9
7,17,7,0,,,,1.3467333,0.0,0.0,0.0,240.32
7,18,7,0,,,,3.0651166,0.0,0.0,0.0,23.16
7,19,7,0,,,,3.6431668,0.0,0.0,0.0,3.68
7,20,7,0,,,,0.97805,0.0,0.0,0.0,0.11
7,21,7,0,,,,1.00805,0.0,0.0,0.0,0.0
7,22,7,0,,,,2.0457833,0.0,0.0,0.0,0.0
7,23,7,0,,,,1.3375334,0.0,0.0,0.0,0.0
7,24,7,0,,,,0.6133,0.0,0.0,0.0,0.0
7,1,1,0,,,,0.49161667,0.0,0.0,0.0,0.0
7,2,1,0,,,,0.48161668,0.0,0.0,0.0,0.0
7,3,1,0,,,,0.47945,0.0,0.0,0.0,0.0
7,4,1,0,,,,0.4792,0.0,0.0,0.0,0.0
7,5,1,0,,,,0.47885,0.0,0.0,0.0,0.0
7,6,1,0,,,,0.47611666,0.0,0.0,0.0,0.0
7,7,1,0,,,,0.5513833,0.0,0.0,0.0,63.1
7,8,1,0,,,,0.66928333,0.0,0.0,0.0,216.56
7,9,1,0,,,,3.5659666,0.0,0.0,0.0,273.82
7,10,1,0,,,,1.46095,0.0,0.0,0.0,494.33
7,11,1,0,,,,2.9437833,0.0,0.0,0.0,512.92
7,12,1,0,,,,3.5826333,0.0,0.0,0.0,770.84
7,13,1,0,,,,2.52815,0.0,0.0,0.0,709.22
7,14,1,0,,,,0.7575333,0.0,0.0,0.0,732.03
7,15,1,0,,,,1.36135,0.0,0.0,0.0,686.42
7,16,1,0,,,,3.9938333,0.0,0.0,0.0,546.79
7,17,1,0,,,,2.2679667,0.0,0.0,0.0,386.45
7,18,1,0,,,,0.47788334,0.0,0.0,0.0,197.98
7,19,1,0,,,,2.1082168,0.0,0.0,0.0,38.38
7,20,1,0,,,,3.446425,0.0,0.0,0.0,6.9
7,21,1,0,,,,1.3136333,0.0,0.0,0.0,0.0
7,22,1,0,,,,0.65461665,0.0,0.0,0.0,0.0
7,23,1,0,,,,2.2562168,0.0,0.0,0.0,0.0
