month,hour,day_type,daylight_savings_status,indoor_dry_bulb_temperature,average_unmet_cooling_setpoint_difference,indoor_relative_humidity,non_shiftable_load,dhw_demand,cooling_demand,heating_demand,solar_generation
7,24,7,0,,,,1.4945166,0.0,0.0,0.0,0.0
8,1,1,0,,,,1.18535,0.0,0.0,0.0,0.0
8,2,1,0,,,,1.2106,0.0,0.0,0.0,0.0
8,3,1,0,,,,1.5120167,0.0,0.0,0.0,0.0
8,4,1,0,,,,2.5578833,0.0,0.0,0.0,0.0
8,5,1,0,,,,0.9428833,0.0,0.0,0.0,0.0
8,6,1,0,,,,0.85635,0.0,0.0,0.0,0.87
8,7,1,0,,,,0.92588335,0.0,0.0,0.0,41.12
8,8,1,0,,,,2.0711,0.0,0.0,0.0,14.06
8,9,1,0,,,,3.33535,0.0,0.0,0.0,58.05
8,10,1,0,,,,3.7563834,0.0,0.0,0.0,310.95
8,11,1,0,,,,3.9093332,0.0,0.0,0.0,309.85
8,12,1,0,,,,2.8632333,0.0,0.0,0.0,408.25
8,13,1,0,,,,3.7557666,0.0,0.0,0.0,253.05
8,14,1,0,,,,2.8141668,0.0,0.0,0.0,171.52
8,15,1,0,,,,0.20903343,0.0,0.0,0.0,75.01
8,16,1,0,,,,1.0305333,0.0,0.0,0.0,87.93
8,17,1,0,,,,0.10640003,0.0,0.0,0.0,82.53
8,18,1,0,,,,2.0559,0.0,0.0,0.0,39.56
8,19,1,0,,,,2.1466334,0.0,0.0,0.0,13.2
8,20,1,0,,,,1.7129166,0.0,0.0,0.0,2.03
8,21,1,0,,,,1.6071334,0.0,0.0,0.0,0.0
8,22,1,0,,,,1.48,0.0,0.0,0.0,0.0
8,23,1,0,,,,1.3820833,0.0,0.0,0.0,0.0
8,24,1,0,,,,1.1268083,0.0,0.0,0.0,0.0
8,1,2,0,,,,1.1520833,0.0,0.0,0.0,0.0
8,2,2,0,,,,1.00815,0.0,0.0,0.0,0.0
8,3,2,0,,,,1.6460834,0.0,0.0,0.0,0.0
8,4,2,0,,,,1.4023,0.0,0.0,0.0,0.0
8,5,2,0,,,,1.2295667,0.0,0.0,0.0,0.0
8,6,2,0,,,,0.89306664,0.0,0.0,0.0,0.0
8,7,2,0,,,,1.1121833,0.0,0.0,0.0,11.5
8,8,2,0,,,,2.0158,0.0,0.0,0.0,125.83
8,9,2,0,,,,2.90035,0.0,0.0,0.0,134.75
8,10,2,0,,,,2.9267833,0.0,0.0,0.0,390.48
8,11,2,0,,,,4.016383,0.0,0.0,0.0,494.46
8,12,2,0,,,,3.58175,0.0,0.0,0.0,330.74
8,13,2,0,,,,1.5218166,0.0,0.0,0.0,511.35
8,14,2,0,,,,2.2856,0.0,0.0,0.0,245.64
8,15,2,0,,,,1.2575667,0.0,0.0,0.0,386.38
8,16,2,0,,,,2.8643,0.0,0.0,0.0,437.32
8,17,2,0,,,,0.9759,0.0,0.0,0.0,57.81
8,18,2,0,,,,0.35146675,0.0,0.0,0.0,191.58
8,19,2,0,,,,9.9833805e-08,0.0,0.0,0.0,40.21
8,20,2,0,,,,9.765625e-08,0.0,0.0,0.0,4.87
8,21,2,0,,,,9.506544e-08,0.0,0.0,0.0,0.0
8,22,2,0,,,,1.0004044e-07,0.0,0.0,0.0,0.0
8,23,2,0,,,,1.001358e-07,0.0,0.0,0.0,0.0
8,24,2,0,,,,9.997686e-08,0.0,0.0,0.0,0.0
8,1,3,0,,,,1.001358e-07,0.0,0.0,0.0,0.0
8,2,3,0,,,,1.001358e-07,0.0,0.0,0.0,0.0
8,3,3,0,,,,9.934107e-08,0.0,0.0,0.0,0.0
8,4,3,0,,,,9.918213e-08,0.0,0.0,0.0,0.0
8,5,3,0,,,,9.918213e-08,0.0,0.0,0.0,0.0
8,6,3,0,,,,9.8450975e-08,0.0,0.0,0.0,0.0
8,7,3,0,,,,0.14651668,0.0,0.0,0.0,4.99
8,8,3,0,,,,0.31765,0.0,0.0,0.0,141.86
8,9,3,0,,,,0.37581667,0.0,0.0,0.0,242.66
8,10,3,0,,,,1.6898667,0.0,0.0,0.0,197.38
8,11,3,0,,,,0.79251665,0.0,0.0,0.0,245.73
8,12,3,0,,,,1.9197167,0.0,0.0,0.0,365.33
8,13,3,0,,,,1.6516833,0.0,0.0,0.0,226.42
8,14,3,0,,,,2.48445,0.0,0.0,0.0,50.03
8,15,3,0,,,,1.1457334,0.0,0.0,0.0,136.8
8,16,3,0,,,,1.52865,0.0,0.0,0.0,259.39
8,17,3,0,,,,1.4386001,0.0,0.0,0.0,58.79
8,18,3,0,,,,1.00835166e-07,0.0,0.0,0.0,64.11
8,19,3,0,,,,1.0007223e-07,0.0,0.0,0.0,16.24
8,20,3,0,,,,9.441376e-08,0.0,0.0,0.0,0.13
8,21,3,0,,,,9.8482765e-08,0.0,0.0,0.0,0.0
8,22,3,0,,,,1.001358e-07,0.0,0.0,0.0,0.0
8,23,3,0,,,,9.994507e-08,0.0,0.0,0.0,0.0
8,24,3,0,,,,1.001358e-07,0.0,0.0,0.0,0.0
8,1,4,0,,,,9.9992754e-08,0.0,0.0,0.0,0.0
8,2,4,0,,,,1.001358e-07,0.0,0.0,0.0,0.0
8,3,4,0,,,,9.935697e-08,0.0,0.0,0.0,0.0
8,4,4,0,,,,9.937286e-08,0.0,0.0,0.0,0.0
8,5,4,0,,,,0.21990007,0.0,0.0,0.0,0.0
8,6,4,0,,,,0.91116667,0.0,0.0,0.0,0.0
8,7,4,0,,,,0.9686,0.0,0.0,0.0,18.04
8,8,4,0,,,,0.96465,0.0,0.0,0.0,183.25
8,9,4,0,,,,0.8984,0.0,0.0,0.0,419.01
8,10,4,0,,,,1.2452834,0.0,0.0,0.0,566.92
8,11,4,0,,,,1.2410333,0.0,0.0,0.0,631.56
8,12,4,0,,,,2.0083168,0.0,0.0,0.0,798.3
8,13,4,0,,,,1.9256,0.0,0.0,0.0,807.67
8,14,4,0,,,,2.7060332,0.0,0.0,0.0,789.21
8,15,4,0,,,,1.8653667,0.0,0.0,0.0,700.18
8,16,4,0,,,,1.7990667,0.0,0.0,0.0,585.76
8,17,4,0,,,,2.4661,0.0,0.0,0.0,399.45
8,18,4,0,,,,3.3586833,0.0,0.0,0.0,196.43
8,19,4,0,,,,2.0464666,0.0,0.0,0.0,36.93
8,20,4,0,,,,2.2857,0.0,0.0,0.0,3.39
8,21,4,0,,,,4.1231833,0.0,0.0,0.0,0.0
8,22,4,0,,,,3.7690334,0.0,0.0,0.0,0.0
8,23,4,0,,,,1.1039,0.0,0.0,0.0,0.0
8,24,4,0,,,,1.0643083,0.0,0.0,0.0,0.0
8,1,5,0,,,,1.0484166,0.0,0.0,0.0,0.0
8,2,5,0,,,,0.9636,0.0,0.0,0.0,0.0
8,3,5,0,,,,1.1703,0.0,0.0,0.0,0.0
8,4,5,0,,,,1.7103667,0.0,0.0,0.0,0.0
8,5,5,0,,,,1.01795,0.0,0.0,0.0,0.0
8,6,5,0,,,,0.9550833,0.0,0.0,0.0,0.0
8,7,5,0,,,,1.0815333,0.0,0.0,0.0,5.03
8,8,5,0,,,,1.01045,0.0,0.0,0.0,218.46
8,9,5,0,,,,0.88435,0.0,0.0,0.0,416.38
8,10,5,0,,,,0.94151664,0.0,0.0,0.0,574.11
8,11,5,0,,,,2.92825,0.0,0.0,0.0,360.63
8,12,5,0,,,,0.82926667,0.0,0.0,0.0,234.37
8,13,5,0,,,,1.1513333,0.0,0.0,0.0,818.82
8,14,5,0,,,,3.5789833,0.0,0.0,0.0,769.98
8,15,5,0,,,,1.2987833,0.0,0.0,0.0,102.9
8,16,5,0,,,,3.3725,0.0,0.0,0.0,519.68
8,17,5,0,,,,1.6606333,0.0,0.0,0.0,311.95
8,18,5,0,,,,1.9555167,0.0,0.0,0.0,159.32
8,19,5,0,,,,1.3604333,0.0,0.0,0.0,46.91
8,20,5,0,,,,2.51455,0.0,0.0,0.0,3.88
8,21,5,0,,,,0.8976333,0.0,0.0,0.0,0.0
8,22,5,0,,,,0.89853334,0.0,0.0,0.0,0.0
8,23,5,0,,,,0.71893334,0.0,0.0,0.0,0.0
8,24,5,0,,,,2.3399084,0.0,0.0,0.0,0.0
8,1,6,0,,,,1.0887333,0.0,0.0,0.0,0.0
8,2,6,0,,,,1.0832334,0.0,0.0,0.0,0.0
8,3,6,0,,,,0.9997,0.0,0.0,0.0,0.0
8,4,6,0,,,,1.2436167,0.0,0.0,0.0,0.0
8,5,6,0,,,,1.2396,0.0,0.0,0.0,0.0
8,6,6,0,,,,1.48095,0.0,0.0,0.0,0.0
8,7,6,0,,,,1.4050333,0.0,0.0,0.0,70.93
8,8,6,0,,,,0.9228,0.0,0.0,0.0,240.35
8,9,6,0,,,,0.99193335,0.0,0.0,0.0,443.72
8,10,6,0,,,,0.76265,0.0,0.0,0.0,607.61
8,11,6,0,,,,2.6048667,0.0,0.0,0.0,725.41
8,12,6,0,,,,0.87666667,0.0,0.0,0.0,741.76
8,13,6,0,,,,2.76475,0.0,0.0,0.0,797.03
8,14,6,0,,,,0.8850167,0.0,0.0,0.0,776.28
8,15,6,0,,,,2.5326,0.0,0.0,0.0,688.45
8,16,6,0,,,,2.2616334,0.0,0.0,0.0,555.17
8,17,6,0,,,,2.13695,0.0,0.0,0.0,380.07
8,18,6,0,,,,2.5416834,0.0,0.0,0.0,169.46
8,19,6,0,,,,2.1081834,0.0,0.0,0.0,34.4
8,20,6,0,,,,1.2749333,0.0,0.0,0.0,2.86
8,21,6,0,,,,2.2426667,0.0,0.0,0.0,0.0
8,22,6,0,,,,0.9399167,0.0,0.0,0.0,0.0
8,23,6,0,,,,0.9438,0.0,0.0,0.0,0.0
8,24,6,0,,,,1.0778917,0.0,0.0,0.0,0.0
8,1,7,0,,,,1.3416166,0.0,0.0,0.0,0.0
8,2,7,0,,,,1.0626333,0.0,0.0,0.0,0.0
8,3,7,0,,,,0.99611664,0.0,0.0,0.0,0.0
8,4,7,0,,,,0.9591,0.0,0.0,0.0,0.0
8,5,7,0,,,,1.0420166,0.0,0.0,0.0,0.0
8,6,7,0,,,,1.2694,0.0,0.0,0.0,0.0
8,7,7,0,,,,1.1333833,0.0,0.0,0.0,61.03
8,8,7,0,,,,1.3291334,0.0,0.0,0.0,224.94
8,9,7,0,,,,0.97515,0.0,0.0,0.0,371.45
8,10,7,0,,,,2.6516333,0.0,0.0,0.0,497.15
8,11,7,0,,,,2.25675,0.0,0.0,0.0,672.59
8,12,7,0,,,,2.5857,0.0,0.0,0.0,750.72
8,13,7,0,,,,2.6748633,0.0,0.0,0.0,703.78
8,14,7,0,,,,2.6166666,0.0,0.0,0.0,691.57
8,15,7,0,,,,2.57165,0.0,0.0,0.0,453.91
8,16,7,0,,,,3.8637834,0.0,0.0,0.0,409.35
8,17,7,0,,,,1.6159834,0.0,0.0,0.0,279.89
8,18,7,0,,,,2.9023666,0.0,0.0,0.0,18.22
8,19,7,0,,,,1.2852334,0.0,0.0,0.0,6.23
8,20,7,0,,,,1.61495,0.0,0.0,0.0,1.13
8,21,7,0,,,,1.54125,0.0,0.0,0.0,0.0
8,22,7,0,,,,1.336,0.0,0.0,0.0,0.0
8,23,7,0,,,,1.32735,0.0,0.0,0.0,0.0
8,24,7,0,,,,1.04245,0.0,0.0,0.0,0.0
8,1,1,0,,,,0.97353333,0.0,0.0,0.0,0.0
8,2,1,0,,,,1.00925,0.0,0.0,0.0,0.0
8,3,1,0,,,,1.09015,0.0,0.0,0.0,0.0
8,4,1,0,,,,0.94166666,0.0,0.0,0.0,0.0
8,5,1,0,,,,0.9035,0.0,0.0,0.0,0.0
8,6,1,0,,,,0.9166167,0.0,0.0,0.0,0.0
8,7,1,0,,,,0.97658336,0.0,0.0,0.0,60.06
8,8,1,0,,,,0.9586,0.0,0.0,0.0,165.84
8,9,1,0,,,,0.90926665,0.0,0.0,0.0,309.42
8,10,1,0,,,,0.95248336,0.0,0.0,0.0,305.84
8,11,1,0,,,,1.1831,0.0,0.0,0.0,103.57
8,12,1,0,,,,1.2354167,0.0,0.0,0.0,597.7
8,13,1,0,,,,1.4637333,0.0,0.0,0.0,729.66
8,14,1,0,,,,1.8243667,0.0,0.0,0.0,724.07
8,15,1,0,,,,1.8457,0.0,0.0,0.0,34.64
8,16,1,0,,,,2.2373667,0.0,0.0,0.0,38.72
8,17,1,0,,,,1.82075,0.0,0.0,0.0,284.6
8,18,1,0,,,,1.80895,0.0,0.0,0.0,163.84
8,19,1,0,,,,1.5034333,0.0,0.0,0.0,38.42
8,20,1,0,,,,1.0509334,0.0,0.0,0.0,0.78
8,21,1,0,,,,3.7027,0.0,0.0,0.0,0.0
8,22,1,0,,,,2.4569833,0.0,0.0,0.0,0.0
8,23,1,0,,,,0.9607,0.0,0.0,0.0,0.0
8,24,1,0,,,,1.0732334,0.0,0.0,0.0,0.0
8,1,2,0,,,,0.98083335,0.0,0.0,0.0,0.0
8,2,2,0,,,,1.07065,0.0,0.0,0.0,0.0
8,3,2,0,,,,1.3364,0.0,0.0,0.0,0.0
8,4,2,0,,,,1.19345,0.0,0.0,0.0,0.0
8,5,2,0,,,,1.0774666,0.0,0.0,0.0,0.0
8,6,2,0,,,,0.97765,0.0,0.0,0.0,0.0
8,7,2,0,,,,1.02405,0.0,0.0,0.0,59.68
8,8,2,0,,,,0.86375,0.0,0.0,0.0,230.1
8,9,2,0,,,,1.0362166,0.0,0.0,0.0,419.02
8,10,2,0,,,,0.9540167,0.0,0.0,0.0,577.06
8,11,2,0,,,,1.0339,0.0,0.0,0.0,649.32
8,12,2,0,,,,1.4230833,0.0,0.0,0.0,645.71
8,13,2,0,,,,1.5303667,0.0,0.0,0.0,482.87
8,14,2,0,,,,1.2354333,0.0,0.0,0.0,672.78
8,15,2,0,,,,2.1342666,0.0,0.0,0.0,601.63
8,16,2,0,,,,2.5109832,0.0,0.0,0.0,437.42
8,17,2,0,,,,1.9665,0.0,0.0,0.0,220.42
8,18,2,0,,,,1.8896834,0.0,0.0,0.0,10.54
8,19,2,0,,,,1.1635166,0.0,0.0,0.0,37.92
8,20,2,0,,,,1.0750667,0.0,0.0,0.0,0.0
8,21,2,0,,,,3.4265332,0.0,0.0,0.0,0.0
8,22,2,0,,,,3.4737167,0.0,0.0,0.0,0.0
8,23,2,0,,,,1.7521833,0.0,0.0,0.0,0.0
8,24,2,0,,,,1.044275,0.0,0.0,0.0,0.0
8,1,3,0,,,,0.98225,0.0,0.0,0.0,0.0
8,2,3,0,,,,1.0087,0.0,0.0,0.0,0.0
8,3,3,0,,,,1.2856333,0.0,0.0,0.0,0.0
8,4,3,0,,,,1.1801167,0.0,0.0,0.0,0.0
8,5,3,0,,,,0.93726665,0.0,0.0,0.0,0.0
8,6,3,0,,,,0.97885,0.0,0.0,0.0,0.0
8,7,3,0,,,,1.1036167,0.0,0.0,0.0,64.12
8,8,3,0,,,,1.0145833,0.0,0.0,0.0,229.96
8,9,3,0,,,,0.9711,0.0,0.0,0.0,435.71
8,10,3,0,,,,0.9411333,0.0,0.0,0.0,594.42
8,11,3,0,,,,0.98405,0.0,0.0,0.0,666.55
8,12,3,0,,,,2.44465,0.0,0.0,0.0,735.62
8,13,3,0,,,,1.6448166,0.0,0.0,0.0,617.61
8,14,3,0,,,,1.3013166,0.0,0.0,0.0,645.71
8,15,3,0,,,,2.01735,0.0,0.0,0.0,532.54
8,16,3,0,,,,3.39145,0.0,0.0,0.0,456.28
8,17,3,0,,,,1.7350833,0.0,0.0,0.0,299.33
8,18,3,0,,,,2.9965167,0.0,0.0,0.0,128.01
8,19,3,0,,,,1.7337166,0.0,0.0,0.0,39.12
8,20,3,0,,,,0.9881167,0.0,0.0,0.0,0.0
8,21,3,0,,,,2.4552834,0.0,0.0,0.0,0.0
8,22,3,0,,,,1.2976,0.0,0.0,0.0,0.0
8,23,3,0,,,,0.9277667,0.0,0.0,0.0,0.0
8,24,3,0,,,,1.0061584,0.0,0.0,0.0,0.0
8,1,4,0,,,,0.93765,0.0,0.0,0.0,0.0
8,2,4,0,,,,0.9871333,0.0,0.0,0.0,0.0
8,3,4,0,,,,1.2660967,0.0,0.0,0.0,0.0
8,4,4,0,,,,1.4323,0.0,0.0,0.0,0.0
8,5,4,0,,,,1.0875833,0.0,0.0,0.0,0.0
8,6,4,0,,,,0.97641665,0.0,0.0,0.0,0.0
8,7,4,0,,,,0.9403333,0.0,0.0,0.0,3.88
8,8,4,0,,,,0.99303335,0.0,0.0,0.0,11.88
8,9,4,0,,,,0.9455,0.0,0.0,0.0,29.13
8,10,4,0,,,,0.9622,0.0,0.0,0.0,105.58
8,11,4,0,,,,0.92473334,0.0,0.0,0.0,129.26
8,12,4,0,,,,2.5217834,0.0,0.0,0.0,346.04
8,13,4,0,,,,1.1512,0.0,0.0,0.0,175.43
8,14,4,0,,,,2.4467833,0.0,0.0,0.0,316.09
8,15,4,0,,,,2.4109,0.0,0.0,0.0,186.53
8,16,4,0,,,,1.9522333,0.0,0.0,0.0,357.68
8,17,4,0,,,,2.2047334,0.0,0.0,0.0,363.48
8,18,4,0,,,,1.95055,0.0,0.0,0.0,171.27
8,19,4,0,,,,2.0618668,0.0,0.0,0.0,33.26
8,20,4,0,,,,0.8391,0.0,0.0,0.0,0.0
8,21,4,0,,,,2.9924333,0.0,0.0,0.0,0.0
8,22,4,0,,,,1.0777333,0.0,0.0,0.0,0.0
8,23,4,0,,,,1.0500667,0.0,0.0,0.0,0.0
8,24,4,0,,,,0.996225,0.0,0.0,0.0,0.0
8,1,5,0,,,,0.97838336,0.0,0.0,0.0,0.0
8,2,5,0,,,,0.93835,0.0,0.0,0.0,0.0
8,3,5,0,,,,1.20925,0.0,0.0,0.0,0.0
8,4,5,0,,,,1.22615,0.0,0.0,0.0,0.0
8,5,5,0,,,,0.93738335,0.0,0.0,0.0,0.0
8,6,5,0,,,,1.1524167,0.0,0.0,0.0,0.0
8,7,5,0,,,,1.0406667,0.0,0.0,0.0,59.48
8,8,5,0,,,,0.93238336,0.0,0.0,0.0,222.05
8,9,5,0,,,,0.9793,0.0,0.0,0.0,409.39
8,10,5,0,,,,0.89678335,0.0,0.0,0.0,554.53
8,11,5,0,,,,3.2197,0.0,0.0,0.0,671.46
8,12,5,0,,,,0.9763167,0.0,0.0,0.0,737.9
8,13,5,0,,,,1.6230333,0.0,0.0,0.0,730.45
8,14,5,0,,,,4.556083,0.0,0.0,0.0,709.01
8,15,5,0,,,,2.3907666,0.0,0.0,0.0,625.89
8,16,5,0,,,,3.9324167,0.0,0.0,0.0,505.84
8,17,5,0,,,,3.7603667,0.0,0.0,0.0,347.67
8,18,5,0,,,,2.5992668,0.0,0.0,0.0,165.43
8,19,5,0,,,,2.0812333,0.0,0.0,0.0,31.98
8,20,5,0,,,,1.3847667,0.0,0.0,0.0,0.0
8,21,5,0,,,,0.93995833,0.0,0.0,0.0,0.0
8,22,5,0,,,,1.2844666,0.0,0.0,0.0,0.0
8,23,5,0,,,,1.3029,0.0,0.0,0.0,0.0
8,24,5,0,,,,1.2529,0.0,0.0,0.0,0.0
8,1,6,0,,,,1.0311,0.0,0.0,0.0,0.0
8,2,6,0,,,,0.97186667,0.0,0.0,0.0,0.0
8,3,6,0,,,,0.97863334,0.0,0.0,0.0,0.0
8,4,6,0,,,,0.94783336,0.0,0.0,0.0,0.0
8,5,6,0,,,,0.9967667,0.0,0.0,0.0,0.0
8,6,6,0,,,,0.9971167,0.0,0.0,0.0,0.0
8,7,6,0,,,,0.93733335,0.0,0.0,0.0,57.57
8,8,6,0,,,,1.1899166,0.0,0.0,0.0,208.55
8,9,6,0,,,,1.60815,0.0,0.0,0.0,388.04
8,10,6,0,,,,1.6048,0.0,0.0,0.0,534.47
8,11,6,0,,,,2.5385334,0.0,0.0,0.0,655.22
8,12,6,0,,,,2.7225332,0.0,0.0,0.0,714.57
8,13,6,0,,,,1.84845,0.0,0.0,0.0,701.48
8,14,6,0,,,,2.5200834,0.0,0.0,0.0,707.11
8,15,6,0,,,,2.1154666,0.0,0.0,0.0,622.17
8,16,6,0,,,,2.9602666,0.0,0.0,0.0,338.6
8,17,6,0,,,,2.5424666,0.0,0.0,0.0,336.62
8,18,6,0,,,,2.7867334,0.0,0.0,0.0,156.35
8,19,6,0,,,,1.8154334,0.0,0.0,0.0,18.64
8,20,6,0,,,,2.0348334,0.0,0.0,0.0,0.0
8,21,6,0,,,,2.0824833,0.0,0.0,0.0,0.0
8,22,6,0,,,,2.71185,0.0,0.0,0.0,0.0
8,23,6,0,,,,2.9996,0.0,0.0,0.0,0.0
8,24,6,0,,,,0.9587167,0.0,0.0,0.0,0.0
8,1,7,0,,,,2.0379333,0.0,0.0,0.0,0.0
8,2,7,0,,,,0.9917667,0.0,0.0,0.0,0.0
8,3,7,0,,,,0.95418334,0.0,0.0,0.0,0.0
8,4,7,0,,,,1.0589833,0.0,0.0,0.0,0.0
8,5,7,0,,,,1.7862,0.0,0.0,0.0,0.0
8,6,7,0,,,,0.9759167,0.0,0.0,0.0,0.0
8,7,7,0,,,,0.98113334,0.0,0.0,0.0,51.07
8,8,7,0,,,,2.2304168,0.0,0.0,0.0,169.44
8,9,7,0,,,,1.9185,0.0,0.0,0.0,350.29
8,10,7,0,,,,2.5762167,0.0,0.0,0.0,506.89
8,11,7,0,,,,3.1345167,0.0,0.0,0.0,649.6
8,12,7,0,,,,2.7873,0.0,0.0,0.0,714.71
8,13,7,0,,,,4.1997666,0.0,0.0,0.0,740.81
8,14,7,0,,,,4.6146193,0.0,0.0,0.0,648.3
8,15,7,0,,,,4.5471334,0.0,0.0,0.0,631.32
8,16,7,0,,,,4.30345,0.0,0.0,0.0,510.95
8,17,7,0,,,,3.7646167,0.0,0.0,0.0,342.73
8,18,7,0,,,,3.1724334,0.0,0.0,0.0,158.62
8,19,7,0,,,,2.2912333,0.0,0.0,0.0,26.55
8,20,7,0,,,,2.3259332,0.0,0.0,0.0,0.0
8,21,7,0,,,,1.0887,0.0,0.0,0.0,0.0
8,22,7,0,,,,2.2415833,0.0,0.0,0.0,0.0
8,23,7,0,,,,1.6620333,0.0,0.0,0.0,0.0
8,24,7,0,,,,1.7234666,0.0,0.0,0.0,0.0
8,1,1,0,,,,1.37645,0.0,0.0,0.0,0.0
8,2,1,0,,,,1.3059,0.0,0.0,0.0,0.0
8,3,1,0,,,,1.6567,0.0,0.0,0.0,0.0
8,4,1,0,,,,2.49565,0.0,0.0,0.0,0.0
8,5,1,0,,,,0.82055,0.0,0.0,0.0,0.0
8,6,1,0,,,,1.1540166,0.0,0.0,0.0,0.0
8,7,1,0,,,,1.1956667,0.0,0.0,0.0,3.34
8,8,1,0,,,,1.2140917,0.0,0.0,0.0,19.19
8,9,1,0,,,,2.1964667,0.0,0.0,0.0,62.13
8,10,1,0,,,,1.26785,0.0,0.0,0.0,78.96
8,11,1,0,,,,2.81695,0.0,0.0,0.0,96.96
8,12,1,0,,,,1.58695,0.0,0.0,0.0,147.69
8,13,1,0,,,,2.8780167,0.0,0.0,0.0,114.54
8,14,1,0,,,,3.3157,0.0,0.0,0.0,103.42
8,15,1,0,,,,3.1950834,0.0,0.0,0.0,162.82
8,16,1,0,,,,3.0812,0.0,0.0,0.0,96.52
8,17,1,0,,,,2.4384167,0.0,0.0,0.0,101.23
8,18,1,0,,,,2.2685,0.0,0.0,0.0,94.3
8,19,1,0,,,,1.9958167,0.0,0.0,0.0,8.83
8,20,1,0,,,,1.9420667,0.0,0.0,0.0,0.0
8,21,1,0,,,,1.7949,0.0,0.0,0.0,0.0
8,22,1,0,,,,1.6549333,0.0,0.0,0.0,0.0
8,23,1,0,,,,1.53205,0.0,0.0,0.0,0.0
8,24,1,0,,,,1.7147666,0.0,0.0,0.0,0.0
8,1,2,0,,,,1.32965,0.0,0.0,0.0,0.0
8,2,2,0,,,,1.2614,0.0,0.0,0.0,0.0
8,3,2,0,,,,1.4889667,0.0,0.0,0.0,0.0
8,4,2,0,,,,1.1501,0.0,0.0,0.0,0.0
8,5,2,0,,,,0.91746664,0.0,0.0,0.0,0.0
8,6,2,0,,,,0.86078334,0.0,0.0,0.0,0.0
8,7,2,0,,,,0.8829333,0.0,0.0,0.0,2.88
8,8,2,0,,,,1.0939333,0.0,0.0,0.0,11.47
8,9,2,0,,,,2.9241166,0.0,0.0,0.0,24.9
8,10,2,0,,,,1.331,0.0,0.0,0.0,70.53
8,11,2,0,,,,2.3785167,0.0,0.0,0.0,73.58
8,12,2,0,,,,2.3859167,0.0,0.0,0.0,104.0
8,13,2,0,,,,1.5961334,0.0,0.0,0.0,100.73
8,14,2,0,,,,3.3928168,0.0,0.0,0.0,64.79
8,15,2,0,,,,2.2786167,0.0,0.0,0.0,50.29
8,16,2,0,,,,2.8750834,0.0,0.0,0.0,44.97
8,17,2,0,,,,3.5741334,0.0,0.0,0.0,31.75
8,18,2,0,,,,2.246625,0.0,0.0,0.0,36.06
8,19,2,0,,,,4.2725835,0.0,0.0,0.0,11.96
8,20,2,0,,,,2.7801166,0.0,0.0,0.0,0.0
8,21,2,0,,,,2.7603,0.0,0.0,0.0,0.0
8,22,2,0,,,,2.1679,0.0,0.0,0.0,0.0
8,23,2,0,,,,1.3461167,0.0,0.0,0.0,0.0
8,24,2,0,,,,1.249275,0.0,0.0,0.0,0.0
8,1,3,0,,,,1.03755,0.0,0.0,0.0,0.0
8,2,3,0,,,,0.94561666,0.0,0.0,0.0,0.0
8,3,3,0,,,,1.5176,0.0,0.0,0.0,0.0
8,4,3,0,,,,1.1118333,0.0,0.0,0.0,0.0
8,5,3,0,,,,1.18405,0.0,0.0,0.0,0.0
8,6,3,0,,,,1.0516167,0.0,0.0,0.0,0.0
8,7,3,0,,,,0.94046664,0.0,0.0,0.0,2.89
8,8,3,0,,,,0.9263833,0.0,0.0,0.0,10.88
8,9,3,0,,,,1.1791667,0.0,0.0,0.0,52.24
8,10,3,0,,,,1.3427666,0.0,0.0,0.0,97.36
8,11,3,0,,,,1.42245,0.0,0.0,0.0,132.77
8,12,3,0,,,,1.6160166,0.0,0.0,0.0,119.9
8,13,3,0,,,,1.8559834,0.0,0.0,0.0,106.17
8,14,3,0,,,,1.9130833,0.0,0.0,0.0,130.23
8,15,3,0,,,,2.0427167,0.0,0.0,0.0,120.43
8,16,3,0,,,,2.6255167,0.0,0.0,0.0,132.99
8,17,3,0,,,,2.8509,0.0,0.0,0.0,64.27
8,18,3,0,,,,2.3188667,0.0,0.0,0.0,64.78
8,19,3,0,,,,1.4756833,0.0,0.0,0.0,18.44
8,20,3,0,,,,1.7281667,0.0,0.0,0.0,0.0
8,21,3,0,,,,3.7352,0.0,0.0,0.0,0.0
8,22,3,0,,,,2.715511,0.0,0.0,0.0,0.0
8,23,3,0,,,,1.07075,0.0,0.0,0.0,0.0
8,24,3,0,,,,1.3342,0.0,0.0,0.0,0.0
8,1,4,0,,,,1.3041667,0.0,0.0,0.0,0.0
8,2,4,0,,,,0.90676665,0.0,0.0,0.0,0.0
8,3,4,0,,,,1.1545833,0.0,0.0,0.0,0.0
8,4,4,0,,,,1.2579334,0.0,0.0,0.0,0.0
8,5,4,0,,,,1.1149334,0.0,0.0,0.0,0.0
8,6,4,0,,,,0.9640333,0.0,0.0,0.0,0.0
8,7,4,0,,,,0.901625,0.0,0.0,0.0,53.86
8,8,4,0,,,,2.38405,0.0,0.0,0.0,229.11
8,9,4,0,,,,0.883475,0.0,0.0,0.0,430.35
8,10,4,0,,,,1.2259166,0.0,0.0,0.0,586.44
8,11,4,0,,,,2.5725667,0.0,0.0,0.0,707.94
8,12,4,0,,,,1.15815,0.0,0.0,0.0,741.0
8,13,4,0,,,,3.2775834,0.0,0.0,0.0,723.98
8,14,4,0,,,,1.6839666,0.0,0.0,0.0,739.31
8,15,4,0,,,,3.5116668,0.0,0.0,0.0,655.09
8,16,4,0,,,,3.4428,0.0,0.0,0.0,528.89
8,17,4,0,,,,2.4040167,0.0,0.0,0.0,354.06
8,18,4,0,,,,2.2808,0.0,0.0,0.0,160.4
8,19,4,0,,,,1.8689333,0.0,0.0,0.0,25.43
8,20,4,0,,,,2.1948166,0.0,0.0,0.0,0.0
8,21,4,0,,,,1.7261667,0.0,0.0,0.0,0.0
8,22,4,0,,,,2.0437834,0.0,0.0,0.0,0.0
8,23,4,0,,,,1.1996,0.0,0.0,0.0,0.0
8,24,4,0,,,,1.2566917,0.0,0.0,0.0,0.0
8,1,5,0,,,,1.1634333,0.0,0.0,0.0,0.0
8,2,5,0,,,,1.5159167,0.0,0.0,0.0,0.0
8,3,5,0,,,,0.94105,0.0,0.0,0.0,0.0
8,4,5,0,,,,1.0578,0.0,0.0,0.0,0.0
8,5,5,0,,,,0.92681664,0.0,0.0,0.0,0.0
8,6,5,0,,,,0.96068335,0.0,0.0,0.0,0.0
8,7,5,0,,,,0.95246667,0.0,0.0,0.0,49.58
8,8,5,0,,,,0.89915,0.0,0.0,0.0,227.86
8,9,5,0,,,,1.8200333,0.0,0.0,0.0,414.0
8,10,5,0,,,,2.0835,0.0,0.0,0.0,551.4
8,11,5,0,,,,1.7377666,0.0,0.0,0.0,654.96
8,12,5,0,,,,2.63065,0.0,0.0,0.0,722.94
8,13,5,0,,,,2.3864334,0.0,0.0,0.0,730.33
8,14,5,0,,,,2.4533668,0.0,0.0,0.0,695.43
8,15,5,0,,,,2.39305,0.0,0.0,0.0,607.99
8,16,5,0,,,,2.9658167,0.0,0.0,0.0,476.73
8,17,5,0,,,,2.1046834,0.0,0.0,0.0,335.31
8,18,5,0,,,,3.2455833,0.0,0.0,0.0,152.3
8,19,5,0,,,,1.9786667,0.0,0.0,0.0,25.43
8,20,5,0,,,,1.5679667,0.0,0.0,0.0,0.0
8,21,5,0,,,,1.6913667,0.0,0.0,0.0,0.0
8,22,5,0,,,,1.30195,0.0,0.0,0.0,0.0
8,23,5,0,,,,1.2955,0.0,0.0,0.0,0.0
8,24,5,0,,,,0.94193333,0.0,0.0,0.0,0.0
8,1,6,0,,,,0.91385,0.0,0.0,0.0,0.0
8,2,6,0,,,,0.9611833,0.0,0.0,0.0,0.0
8,3,6,0,,,,0.9317833,0.0,0.0,0.0,0.0
8,4,6,0,,,,0.9557667,0.0,0.0,0.0,0.0
8,5,6,0,,,,1.2133167,0.0,0.0,0.0,0.0
8,6,6,0,,,,1.0543166,0.0,0.0,0.0,0.0
8,7,6,0,,,,1.0283333,0.0,0.0,0.0,50.83
8,8,6,0,,,,1.5331833,0.0,0.0,0.0,211.41
8,9,6,0,,,,0.9866667,0.0,0.0,0.0,397.07
8,10,6,0,,,,2.3070333,0.0,0.0,0.0,539.11
8,11,6,0,,,,1.2309667,0.0,0.0,0.0,650.72
8,12,6,0,,,,1.7013,0.0,0.0,0.0,724.63
8,13,6,0,,,,2.1556833,0.0,0.0,0.0,726.67
8,14,6,0,,,,1.6324167,0.0,0.0,0.0,687.57
8,15,6,0,,,,2.8522124,0.0,0.0,0.0,603.25
8,16,6,0,,,,1.7389667,0.0,0.0,0.0,487.27
8,17,6,0,,,,2.8373666,0.0,0.0,0.0,327.63
8,18,6,0,,,,2.41425,0.0,0.0,0.0,145.27
8,19,6,0,,,,1.6467167,0.0,0.0,0.0,23.21
8,20,6,0,,,,2.5472,0.0,0.0,0.0,0.0
8,21,6,0,,,,1.2041,0.0,0.0,0.0,0.0
8,22,6,0,,,,0.98495,0.0,0.0,0.0,0.0
8,23,6,0,,,,1.2330667,0.0,0.0,0.0,0.0
8,24,6,0,,,,1.238975,0.0,0.0,0.0,0.0
8,1,7,0,,,,0.6845,0.0,0.0,0.0,0.0
8,2,7,0,,,,0.78835,0.0,0.0,0.0,0.0
8,3,7,0,,,,1.3348,0.0,0.0,0.0,0.0
8,4,7,0,,,,1.0618666,0.0,0.0,0.0,0.0
8,5,7,0,,,,0.94458336,0.0,0.0,0.0,0.0
8,6,7,0,,,,0.94456667,0.0,0.0,0.0,0.0
8,7,7,0,,,,1.2481667,0.0,0.0,0.0,47.77
8,8,7,0,,,,1.0229833,0.0,0.0,0.0,219.31
8,9,7,0,,,,0.989,0.0,0.0,0.0,401.17
8,10,7,0,,,,2.33215,0.0,0.0,0.0,538.8
8,11,7,0,,,,1.0701667,0.0,0.0,0.0,641.65
8,12,7,0,,,,1.9109,0.0,0.0,0.0,714.7
8,13,7,0,,,,1.4819334,0.0,0.0,0.0,716.04
8,14,7,0,,,,1.7993667,0.0,0.0,0.0,681.63
8,15,7,0,,,,1.8503667,0.0,0.0,0.0,602.58
8,16,7,0,,,,1.5996,0.0,0.0,0.0,485.0
8,17,7,0,,,,1.9163333,0.0,0.0,0.0,327.42
8,18,7,0,,,,1.5791,0.0,0.0,0.0,144.16
8,19,7,0,,,,2.4575334,0.0,0.0,0.0,22.45
8,20,7,0,,,,1.5011,0.0,0.0,0.0,0.0
8,21,7,0,,,,1.1978667,0.0,0.0,0.0,0.0
8,22,7,0,,,,1.3951666,0.0,0.0,0.0,0.0
8,23,7,0,,,,1.5589666,0.0,0.0,0.0,0.0
8,24,7,0,,,,1.1919084,0.0,0.0,0.0,0.0
8,1,1,0,,,,1.4349667,0.0,0.0,0.0,0.0
8,2,1,0,,,,1.05805,0.0,0.0,0.0,0.0
8,3,1,0,,,,1.5184,0.0,0.0,0.0,0.0
8,4,1,0,,,,0.9717,0.0,0.0,0.0,0.0
8,5,1,0,,,,0.89321667,0.0,0.0,0.0,0.0
8,6,1,0,,,,0.81303334,0.0,0.0,0.0,0.0
8,7,1,0,,,,0.9280667,0.0,0.0,0.0,4.87
8,8,1,0,,,,1.0882,0.0,0.0,0.0,57.33
8,9,1,0,,,,0.93485,0.0,0.0,0.0,174.04
8,10,1,0,,,,1.2387834,0.0,0.0,0.0,392.97
8,11,1,0,,,,1.4699167,0.0,0.0,0.0,567.84
8,12,1,0,,,,2.0187666,0.0,0.0,0.0,354.83
8,13,1,0,,,,1.3526833,0.0,0.0,0.0,329.85
8,14,1,0,,,,2.25135,0.0,0.0,0.0,642.63
8,15,1,0,,,,1.73065,0.0,0.0,0.0,330.06
8,16,1,0,,,,2.1423,0.0,0.0,0.0,431.19
8,17,1,0,,,,1.86555,0.0,0.0,0.0,344.87
8,18,1,0,,,,1.6821166,0.0,0.0,0.0,129.29
8,19,1,0,,,,1.8126167,0.0,0.0,0.0,22.16
8,20,1,0,,,,1.32355,0.0,0.0,0.0,0.0
8,21,1,0,,,,2.4553833,0.0,0.0,0.0,0.0
8,22,1,0,,,,2.4399333,0.0,0.0,0.0,0.0
8,23,1,0,,,,1.0402666,0.0,0.0,0.0,0.0
8,24,1,0,,,,1.073025,0.0,0.0,0.0,0.0
8,1,2,0,,,,0.96245,0.0,0.0,0.0,0.0
8,2,2,0,,,,0.97765,0.0,0.0,0.0,0.0
8,3,2,0,,,,1.49605,0.0,0.0,0.0,0.0
8,4,2,0,,,,1.7243834,0.0,0.0,0.0,0.0
8,5,2,0,,,,1.10175,0.0,0.0,0.0,0.0
8,6,2,0,,,,1.031,0.0,0.0,0.0,0.0
8,7,2,0,,,,0.88745,0.0,0.0,0.0,44.67
8,8,2,0,,,,1.3459333,0.0,0.0,0.0,187.2
8,9,2,0,,,,0.8818833,0.0,0.0,0.0,393.78
8,10,2,0,,,,2.4322333,0.0,0.0,0.0,486.38
8,11,2,0,,,,1.26225,0.0,0.0,0.0,644.69
8,12,2,0,,,,2.4249334,0.0,0.0,0.0,690.71
8,13,2,0,,,,1.3083,0.0,0.0,0.0,666.7
8,14,2,0,,,,1.8357667,0.0,0.0,0.0,557.46
8,15,2,0,,,,2.1489,0.0,0.0,0.0,524.85
8,16,2,0,,,,2.4648833,0.0,0.0,0.0,375.38
8,17,2,0,,,,2.1447334,0.0,0.0,0.0,167.63
8,18,2,0,,,,2.7916334,0.0,0.0,0.0,95.01
8,19,2,0,,,,1.2780167,0.0,0.0,0.0,19.36
8,20,2,0,,,,1.5908166,0.0,0.0,0.0,0.0
8,21,2,0,,,,2.5173833,0.0,0.0,0.0,0.0
8,22,2,0,,,,1.0230334,0.0,0.0,0.0,0.0
8,23,2,0,,,,1.4067,0.0,0.0,0.0,0.0
8,24,2,0,,,,1.1173917,0.0,0.0,0.0,0.0
8,1,3,0,,,,1.1238166,0.0,0.0,0.0,0.0
8,2,3,0,,,,1.05345,0.0,0.0,0.0,0.0
8,3,3,0,,,,1.35095,0.0,0.0,0.0,0.0
8,4,3,0,,,,1.4584833,0.0,0.0,0.0,0.0
8,5,3,0,,,,0.98053336,0.0,0.0,0.0,0.0
8,6,3,0,,,,0.93348336,0.0,0.0,0.0,0.0
8,7,3,0,,,,0.86723334,0.0,0.0,0.0,46.66
8,8,3,0,,,,0.90858334,0.0,0.0,0.0,216.55
8,9,3,0,,,,1.8870833,0.0,0.0,0.0,411.73
8,10,3,0,,,,1.5075667,0.0,0.0,0.0,562.77
8,11,3,0,,,,0.89988333,0.0,0.0,0.0,677.49
8,12,3,0,,,,2.72065,0.0,0.0,0.0,744.81
8,13,3,0,,,,1.0364333,0.0,0.0,0.0,757.37
8,14,3,0,,,,2.2810166,0.0,0.0,0.0,715.71
8,15,3,0,,,,2.2283666,0.0,0.0,0.0,620.23
8,16,3,0,,,,3.4227667,0.0,0.0,0.0,500.71
8,17,3,0,,,,1.1243167,0.0,0.0,0.0,332.16
8,18,3,0,,,,2.6174,0.0,0.0,0.0,140.75
8,19,3,0,,,,1.07835,0.0,0.0,0.0,19.27
8,20,3,0,,,,2.8135667,0.0,0.0,0.0,0.0
8,21,3,0,,,,1.3240334,0.0,0.0,0.0,0.0
8,22,3,0,,,,2.0064666,0.0,0.0,0.0,0.0
8,23,3,0,,,,1.0279334,0.0,0.0,0.0,0.0
8,24,3,0,,,,1.1733917,0.0,0.0,0.0,0.0
8,1,4,0,,,,0.95225,0.0,0.0,0.0,0.0
8,2,4,0,,,,1.2497,0.0,0.0,0.0,0.0
8,3,4,0,,,,1.1659,0.0,0.0,0.0,0.0
8,4,4,0,,,,1.5001833,0.0,0.0,0.0,0.0
8,5,4,0,,,,0.9216667,0.0,0.0,0.0,0.0
8,6,4,0,,,,0.91976666,0.0,0.0,0.0,0.0
8,7,4,0,,,,1.1171167,0.0,0.0,0.0,46.1
8,8,4,0,,,,0.87005,0.0,0.0,0.0,221.02
8,9,4,0,,,,2.1925,0.0,0.0,0.0,383.08
8,10,4,0,,,,0.98716664,0.0,0.0,0.0,515.9
8,11,4,0,,,,0.95421666,0.0,0.0,0.0,659.04
8,12,4,0,,,,2.31385,0.0,0.0,0.0,729.9
8,13,4,0,,,,2.3273833,0.0,0.0,0.0,657.55
8,14,4,0,,,,2.9814832,0.0,0.0,0.0,702.33
8,15,4,0,,,,1.903575,0.0,0.0,0.0,623.83
8,16,4,0,,,,2.6491334,0.0,0.0,0.0,497.82
8,17,4,0,,,,3.5543666,0.0,0.0,0.0,325.67
8,18,4,0,,,,3.2512834,0.0,0.0,0.0,139.45
8,19,4,0,,,,1.4571834,0.0,0.0,0.0,17.8
8,20,4,0,,,,2.094,0.0,0.0,0.0,0.0
8,21,4,0,,,,1.9101,0.0,0.0,0.0,0.0
8,22,4,0,,,,1.0407166,0.0,0.0,0.0,0.0
8,23,4,0,,,,1.5891833,0.0,0.0,0.0,0.0
8,24,4,0,,,,1.2970834,0.0,0.0,0.0,0.0
8,1,5,0,,,,1.0795333,0.0,0.0,0.0,0.0
8,2,5,0,,,,1.1441166,0.0,0.0,0.0,0.0
8,3,5,0,,,,1.3985833,0.0,0.0,0.0,0.0
8,4,5,0,,,,1.4145167,0.0,0.0,0.0,0.0
8,5,5,0,,,,1.2346333,0.0,0.0,0.0,0.0
8,6,5,0,,,,1.1066834,0.0,0.0,0.0,0.0
8,7,5,0,,,,1.2804333,0.0,0.0,0.0,43.44
8,8,5,0,,,,1.3038833,0.0,0.0,0.0,203.79
8,9,5,0,,,,1.1904666,0.0,0.0,0.0,391.15
8,10,5,0,,,,1.0941,0.0,0.0,0.0,509.4
8,11,5,0,,,,1.0443333,0.0,0.0,0.0,658.56
8,12,5,0,,,,1.0851333,0.0,0.0,0.0,726.66
8,13,5,0,,,,1.2186834,0.0,0.0,0.0,729.96
8,14,5,0,,,,2.8173666,0.0,0.0,0.0,687.34
8,15,5,0,,,,2.26665,0.0,0.0,0.0,595.82
8,16,5,0,,,,1.8865833,0.0,0.0,0.0,481.9
8,17,5,0,,,,1.5516334,0.0,0.0,0.0,318.63
8,18,5,0,,,,2.29645,0.0,0.0,0.0,133.42
8,19,5,0,,,,1.5177,0.0,0.0,0.0,17.05
8,20,5,0,,,,1.1203166,0.0,0.0,0.0,0.0
8,21,5,0,,,,1.1056666,0.0,0.0,0.0,0.0
8,22,5,0,,,,1.1290166,0.0,0.0,0.0,0.0
8,23,5,0,,,,1.2644334,0.0,0.0,0.0,0.0
8,24,5,0,,,,1.2272167,0.0,0.0,0.0,0.0
8,1,6,0,,,,1.1747833,0.0,0.0,0.0,0.0
8,2,6,0,,,,1.1122667,0.0,0.0,0.0,0.0
8,3,6,0,,,,1.1632667,0.0,0.0,0.0,0.0
8,4,6,0,,,,1.1139,0.0,0.0,0.0,0.0
8,5,6,0,,,,1.1909833,0.0,0.0,0.0,0.0
8,6,6,0,,,,1.23985,0.0,0.0,0.0,0.0
8,7,6,0,,,,1.222,0.0,0.0,0.0,44.0
8,8,6,0,,,,1.1492833,0.0,0.0,0.0,207.72
8,9,6,0,,,,1.2254333,0.0,0.0,0.0,400.92
8,10,6,0,,,,1.2079166,0.0,0.0,0.0,555.59
8,11,6,0,,,,1.6123333,0.0,0.0,0.0,669.89
8,12,6,0,,,,1.330075,0.0,0.0,0.0,741.04
8,13,6,0,,,,1.6593666,0.0,0.0,0.0,754.04
8,14,6,0,,,,1.8484334,0.0,0.0,0.0,724.82
8,15,6,0,,,,2.5539167,0.0,0.0,0.0,622.81
8,16,6,0,,,,1.9730333,0.0,0.0,0.0,494.52
8,17,6,0,,,,1.9041834,0.0,0.0,0.0,323.98
8,18,6,0,,,,2.0381,0.0,0.0,0.0,131.54
8,19,6,0,,,,2.14815,0.0,0.0,0.0,16.34
8,20,6,0,,,,1.6052834,0.0,0.0,0.0,0.0
8,21,6,0,,,,1.7043166,0.0,0.0,0.0,0.0
8,22,6,0,,,,1.2382166,0.0,0.0,0.0,0.0
8,23,6,0,,,,1.18925,0.0,0.0,0.0,0.0
8,24,6,0,,,,1.2289833,0.0,0.0,0.0,0.0
8,1,7,0,,,,2.7508,0.0,0.0,0.0,0.0
8,2,7,0,,,,1.1020666,0.0,0.0,0.0,0.0
8,3,7,0,,,,1.0759333,0.0,0.0,0.0,0.0
8,4,7,0,,,,1.15905,0.0,0.0,0.0,0.0
8,5,7,0,,,,1.1540834,0.0,0.0,0.0,0.0
8,6,7,0,,,,1.1369667,0.0,0.0,0.0,0.0
8,7,7,0,,,,1.1244167,0.0,0.0,0.0,41.1
8,8,7,0,,,,1.0753334,0.0,0.0,0.0,208.13
8,9,7,0,,,,1.48775,0.0,0.0,0.0,397.91
8,10,7,0,,,,1.8647,0.0,0.0,0.0,544.31
8,11,7,0,,,,2.8213832,0.0,0.0,0.0,659.72
8,12,7,0,,,,2.5499167,0.0,0.0,0.0,700.05
8,13,7,0,,,,2.3225667,0.0,0.0,0.0,682.23
8,14,7,0,,,,2.8399084,0.0,0.0,0.0,656.18
8,15,7,0,,,,2.5724666,0.0,0.0,0.0,594.6
8,16,7,0,,,,2.7066834,0.0,0.0,0.0,461.37
8,17,7,0,,,,2.0804167,0.0,0.0,0.0,304.02
8,18,7,0,,,,3.9610333,0.0,0.0,0.0,125.82
8,19,7,0,,,,1.5934,0.0,0.0,0.0,15.13
8,20,7,0,,,,3.19115,0.0,0.0,0.0,0.0
8,21,7,0,,,,1.7680666,0.0,0.0,0.0,0.0
8,22,7,0,,,,1.5514667,0.0,0.0,0.0,0.0
8,23,7,0,,,,1.1603167,0.0,0.0,0.0,0.0
8,24,7,0,,,,1.0804583,0.0,0.0,0.0,0.0
8,1,1,0,,,,1.0257833,0.0,0.0,0.0,0.0
8,2,1,0,,,,1.0904167,0.0,0.0,0.0,0.0
8,3,1,0,,,,1.3748167,0.0,0.0,0.0,0.0
8,4,1,0,,,,1.2567166,0.0,0.0,0.0,0.0
8,5,1,0,,,,1.0521166,0.0,0.0,0.0,0.0
8,6,1,0,,,,1.1423666,0.0,0.0,0.0,0.0
8,7,1,0,,,,1.19205,0.0,0.0,0.0,39.07
8,8,1,0,,,,1.03245,0.0,0.0,0.0,210.68
8,9,1,0,,,,2.8204167,0.0,0.0,0.0,410.86
8,10,1,0,,,,1.0079833,0.0,0.0,0.0,564.25
8,11,1,0,,,,1.5776,0.0,0.0,0.0,678.7
8,12,1,0,,,,2.4023166,0.0,0.0,0.0,744.71
8,13,1,0,,,,2.05155,0.0,0.0,0.0,747.62
8,14,1,0,,,,4.1614833,0.0,0.0,0.0,706.5
8,15,1,0,,,,1.8811667,0.0,0.0,0.0,611.63
8,16,1,0,,,,3.24275,0.0,0.0,0.0,485.78
8,17,1,0,,,,2.0481668,0.0,0.0,0.0,308.98
8,18,1,0,,,,2.8027833,0.0,0.0,0.0,126.61
8,19,1,0,,,,2.913,0.0,0.0,0.0,14.02
8,20,1,0,,,,1.7802,0.0,0.0,0.0,0.0
8,21,1,0,,,,2.48435,0.0,0.0,0.0,0.0
8,22,1,0,,,,1.9440833,0.0,0.0,0.0,0.0
8,23,1,0,,,,1.3123833,0.0,0.0,0.0,0.0
8,24,1,0,,,,1.4491667,0.0,0.0,0.0,0.0
8,1,2,0,,,,1.4377834,0.0,0.0,0.0,0.0
8,2,2,0,,,,1.1002834,0.0,0.0,0.0,0.0
8,3,2,0,,,,1.5404667,0.0,0.0,0.0,0.0
8,4,2,0,,,,1.61675,0.0,0.0,0.0,0.0
8,5,2,0,,,,1.0789666,0.0,0.0,0.0,0.0
8,6,2,0,,,,0.98856664,0.0,0.0,0.0,0.0
8,7,2,0,,,,1.1717334,0.0,0.0,0.0,39.9
8,8,2,0,,,,2.5757666,0.0,0.0,0.0,205.55
8,9,2,0,,,,0.92146665,0.0,0.0,0.0,386.94
8,10,2,0,,,,0.9752167,0.0,0.0,0.0,534.28
8,11,2,0,,,,2.93715,0.0,0.0,0.0,655.21
8,12,2,0,,,,1.3695416,0.0,0.0,0.0,724.07
8,13,2,0,,,,3.6342,0.0,0.0,0.0,723.06
8,14,2,0,,,,1.85985,0.0,0.0,0.0,673.5
8,15,2,0,,,,3.667,0.0,0.0,0.0,581.08
8,16,2,0,,,,2.81095,0.0,0.0,0.0,458.24
8,17,2,0,,,,4.1942835,0.0,0.0,0.0,299.3
8,18,2,0,,,,2.6702166,0.0,0.0,0.0,121.24
8,19,2,0,,,,3.3704166,0.0,0.0,0.0,12.17
8,20,2,0,,,,2.4247167,0.0,0.0,0.0,0.0
8,21,2,0,,,,2.83325,0.0,0.0,0.0,0.0
8,22,2,0,,,,1.4716333,0.0,0.0,0.0,0.0
8,23,2,0,,,,1.5173833,0.0,0.0,0.0,0.0
8,24,2,0,,,,1.4252417,0.0,0.0,0.0,0.0
8,1,3,0,,,,1.3917834,0.0,0.0,0.0,0.0
8,2,3,0,,,,1.4143,0.0,0.0,0.0,0.0
8,3,3,0,,,,1.6325333,0.0,0.0,0.0,0.0
8,4,3,0,,,,1.6064833,0.0,0.0,0.0,0.0
8,5,3,0,,,,2.9599667,0.0,0.0,0.0,0.0
8,6,3,0,,,,1.5296167,0.0,0.0,0.0,0.0
8,7,3,0,,,,0.95575,0.0,0.0,0.0,1.04
8,8,3,0,,,,0.9953,0.0,0.0,0.0,64.93
8,9,3,0,,,,2.1654167,0.0,0.0,0.0,328.17
8,10,3,0,,,,2.30165,0.0,0.0,0.0,512.0
8,11,3,0,,,,1.3647833,0.0,0.0,0.0,631.77
8,12,3,0,,,,3.1965666,0.0,0.0,0.0,694.68
8,13,3,0,,,,1.3063,0.0,0.0,0.0,712.83
8,14,3,0,,,,4.104183,0.0,0.0,0.0,614.83
8,15,3,0,,,,1.3046666,0.0,0.0,0.0,85.63
8,16,3,0,,,,3.65245,0.0,0.0,0.0,422.67
8,17,3,0,,,,1.6061333,0.0,0.0,0.0,296.94
8,18,3,0,,,,3.77185,0.0,0.0,0.0,113.03
8,19,3,0,,,,1.33095,0.0,0.0,0.0,10.51
8,20,3,0,,,,2.36445,0.0,0.0,0.0,0.0
8,21,3,0,,,,1.5382167,0.0,0.0,0.0,0.0
8,22,3,0,,,,1.6757333,0.0,0.0,0.0,0.0
8,23,3,0,,,,1.63785,0.0,0.0,0.0,0.0
8,24,3,0,,,,1.3884083,0.0,0.0,0.0,0.0
9,1,4,0,,,,1.2779,0.0,0.0,0.0,0.0
9,2,4,0,,,,1.05165,0.0,0.0,0.0,0.0
9,3,4,0,,,,1.5503167,0.0,0.0,0.0,0.0
9,4,4,0,,,,1.3043833,0.0,0.0,0.0,0.0
9,5,4,0,,,,1.0262667,0.0,0.0,0.0,0.0
9,6,4,0,,,,2.07395,0.0,0.0,0.0,0.0
9,7,4,0,,,,1.3842167,0.0,0.0,0.0,26.33
9,8,4,0,,,,0.95493335,0.0,0.0,0.0,184.92
9,9,4,0,,,,0.97611666,0.0,0.0,0.0,380.33
9,10,4,0,,,,1.6004333,0.0,0.0,0.0,543.23
9,11,4,0,,,,2.42855,0.0,0.0,0.0,659.21
9,12,4,0,,,,1.1093333,0.0,0.0,0.0,697.89
9,13,4,0,,,,2.4905667,0.0,0.0,0.0,640.67
9,14,4,0,,,,2.50515,0.0,0.0,0.0,569.86
9,15,4,0,,,,1.8363,0.0,0.0,0.0,436.71
9,16,4,0,,,,3.0545,0.0,0.0,0.0,358.19
9,17,4,0,,,,2.1573668,0.0,0.0,0.0,257.91
9,18,4,0,,,,3.4760666,0.0,0.0,0.0,110.85
9,19,4,0,,,,1.4067167,0.0,0.0,0.0,9.38
9,20,4,0,,,,2.3791833,0.0,0.0,0.0,0.0
9,21,4,0,,,,2.6226833,0.0,0.0,0.0,0.0
9,22,4,0,,,,1.1814166,0.0,0.0,0.0,0.0
9,23,4,0,,,,1.1558334,0.0,0.0,0.0,0.0
9,24,4,0,,,,1.2013416,0.0,0.0,0.0,0.0
9,1,5,0,,,,1.0224667,0.0,0.0,0.0,0.0
9,2,5,0,,,,1.1171,0.0,0.0,0.0,0.0
9,3,5,0,,,,1.3722,0.0,0.0,0.0,0.0
9,4,5,0,,,,1.4995667,0.0,0.0,0.0,0.0
9,5,5,0,,,,1.14445,0.0,0.0,0.0,0.0
9,6,5,0,,,,1.0457833,0.0,0.0,0.0,0.0
9,7,5,0,,,,1.0843834,0.0,0.0,0.0,34.99
9,8,5,0,,,,1.0903667,0.0,0.0,0.0,198.04
9,9,5,0,,,,1.0372,0.0,0.0,0.0,390.85
9,10,5,0,,,,1.0607,0.0,0.0,0.0,540.79
9,11,5,0,,,,1.00455,0.0,0.0,0.0,647.86
9,12,5,0,,,,2.96385,0.0,0.0,0.0,713.33
9,13,5,0,,,,1.3065667,0.0,0.0,0.0,690.05
9,14,5,0,,,,1.4480833,0.0,0.0,0.0,637.52
9,15,5,0,,,,2.18265,0.0,0.0,0.0,489.64
9,16,5,0,,,,3.5076,0.0,0.0,0.0,406.39
9,17,5,0,,,,1.35625,0.0,0.0,0.0,281.66
9,18,5,0,,,,1.6138,0.0,0.0,0.0,112.24
9,19,5,0,,,,1.9095167,0.0,0.0,0.0,8.2
9,20,5,0,,,,2.4170334,0.0,0.0,0.0,0.0
9,21,5,0,,,,2.8971334,0.0,0.0,0.0,0.0
9,22,5,0,,,,1.1070167,0.0,0.0,0.0,0.0
9,23,5,0,,,,1.0864167,0.0,0.0,0.0,0.0
9,24,5,0,,,,1.4062083,0.0,0.0,0.0,0.0
9,1,6,0,,,,1.1123333,0.0,0.0,0.0,0.0
9,2,6,0,,,,1.10205,0.0,0.0,0.0,0.0
9,3,6,0,,,,1.3045,0.0,0.0,0.0,0.0
9,4,6,0,,,,1.5733334,0.0,0.0,0.0,0.0
9,5,6,0,,,,1.4315333,0.0,0.0,0.0,0.0
9,6,6,0,,,,1.2952167,0.0,0.0,0.0,0.0
9,7,6,0,,,,1.2666167,0.0,0.0,0.0,27.81
9,8,6,0,,,,1.20025,0.0,0.0,0.0,173.13
9,9,6,0,,,,1.3307667,0.0,0.0,0.0,360.7
9,10,6,0,,,,1.7748333,0.0,0.0,0.0,512.86
9,11,6,0,,,,1.3777167,0.0,0.0,0.0,613.49
9,12,6,0,,,,1.4267,0.0,0.0,0.0,682.27
9,13,6,0,,,,1.4445167,0.0,0.0,0.0,621.61
9,14,6,0,,,,1.5177,0.0,0.0,0.0,285.97
9,15,6,0,,,,1.9835666,0.0,0.0,0.0,151.42
9,16,6,0,,,,1.9285834,0.0,0.0,0.0,40.21
9,17,6,0,,,,1.8708833,0.0,0.0,0.0,122.99
9,18,6,0,,,,1.6800667,0.0,0.0,0.0,4.12
9,19,6,0,,,,1.8842666,0.0,0.0,0.0,6.67
9,20,6,0,,,,1.8213667,0.0,0.0,0.0,0.0
9,21,6,0,,,,1.5996833,0.0,0.0,0.0,0.0
9,22,6,0,,,,1.0587833,0.0,0.0,0.0,0.0
9,23,6,0,,,,1.24905,0.0,0.0,0.0,0.0
9,24,6,0,,,,1.2109333,0.0,0.0,0.0,0.0
9,1,7,0,,,,1.1990666,0.0,0.0,0.0,0.0
9,2,7,0,,,,1.1300167,0.0,0.0,0.0,0.0
9,3,7,0,,,,1.0989166,0.0,0.0,0.0,0.0
9,4,7,0,,,,1.13925,0.0,0.0,0.0,0.0
9,5,7,0,,,,1.0965834,0.0,0.0,0.0,0.0
9,6,7,0,,,,1.1714667,0.0,0.0,0.0,0.0
9,7,7,0,,,,1.1671,0.0,0.0,0.0,0.65
9,8,7,0,,,,1.1396834,0.0,0.0,0.0,9.63
9,9,7,0,,,,1.2064667,0.0,0.0,0.0,35.79
9,10,7,0,,,,1.1761667,0.0,0.0,0.0,64.72
9,11,7,0,,,,1.4401833,0.0,0.0,0.0,319.77
9,12,7,0,,,,1.4743667,0.0,0.0,0.0,364.8
9,13,7,0,,,,1.3776,0.0,0.0,0.0,414.97
9,14,7,0,,,,1.8862,0.0,0.0,0.0,318.45
9,15,7,0,,,,1.764,0.0,0.0,0.0,80.21
9,16,7,0,,,,2.03395,0.0,0.0,0.0,69.21
9,17,7,0,,,,1.68075,0.0,0.0,0.0,58.37
9,18,7,0,,,,2.0077333,0.0,0.0,0.0,6.54
9,19,7,0,,,,1.1152667,0.0,0.0,0.0,5.38
9,20,7,0,,,,1.2804633,0.0,0.0,0.0,0.0
9,21,7,0,,,,1.0950333,0.0,0.0,0.0,0.0
9,22,7,0,,,,1.2294667,0.0,0.0,0.0,0.0
9,23,7,0,,,,1.0411667,0.0,0.0,0.0,0.0
9,24,7,0,,,,1.2940667,0.0,0.0,0.0,0.0
9,1,1,0,,,,1.09125,0.0,0.0,0.0,0.0
9,2,1,0,,,,1.1716,0.0,0.0,0.0,0.0
9,3,1,0,,,,1.2773967,0.0,0.0,0.0,0.0
9,4,1,0,,,,1.2700167,0.0,0.0,0.0,0.0
9,5,1,0,,,,1.4792334,0.0,0.0,0.0,0.0
9,6,1,0,,,,1.22365,0.0,0.0,0.0,0.0
9,7,1,0,,,,1.1642,0.0,0.0,0.0,32.85
9,8,1,0,,,,1.1681167,0.0,0.0,0.0,120.58
9,9,1,0,,,,1.5424666,0.0,0.0,0.0,210.17
9,10,1,0,,,,1.8334666,0.0,0.0,0.0,218.18
9,11,1,0,,,,1.4026667,0.0,0.0,0.0,541.99
9,12,1,0,,,,1.2322667,0.0,0.0,0.0,524.4
9,13,1,0,,,,1.20965,0.0,0.0,0.0,647.9
9,14,1,0,,,,1.8543667,0.0,0.0,0.0,590.99
9,15,1,0,,,,1.5524167,0.0,0.0,0.0,595.21
9,16,1,0,,,,1.4826833,0.0,0.0,0.0,471.92
9,17,1,0,,,,1.8621167,0.0,0.0,0.0,280.29
9,18,1,0,,,,1.3538333,0.0,0.0,0.0,74.49
9,19,1,0,,,,1.0529166,0.0,0.0,0.0,1.19
9,20,1,0,,,,1.2396667,0.0,0.0,0.0,0.0
9,21,1,0,,,,1.1662,0.0,0.0,0.0,0.0
9,22,1,0,,,,1.2355334,0.0,0.0,0.0,0.0
9,23,1,0,,,,1.2098,0.0,0.0,0.0,0.0
9,24,1,0,,,,1.2823,0.0,0.0,0.0,0.0
9,1,2,0,,,,1.2337834,0.0,0.0,0.0,0.0
9,2,2,0,,,,1.1545167,0.0,0.0,0.0,0.0
9,3,2,0,,,,1.1448,0.0,0.0,0.0,0.0
9,4,2,0,,,,1.1750333,0.0,0.0,0.0,0.0
9,5,2,0,,,,1.1245167,0.0,0.0,0.0,0.0
9,6,2,0,,,,1.16625,0.0,0.0,0.0,0.0
9,7,2,0,,,,1.1677,0.0,0.0,0.0,30.44
9,8,2,0,,,,1.1263167,0.0,0.0,0.0,186.58
9,9,2,0,,,,1.1698333,0.0,0.0,0.0,344.98
9,10,2,0,,,,1.1274166,0.0,0.0,0.0,338.45
9,11,2,0,,,,1.5973333,0.0,0.0,0.0,566.98
9,12,2,0,,,,1.6475834,0.0,0.0,0.0,712.94
9,13,2,0,,,,1.7961167,0.0,0.0,0.0,725.7
9,14,2,0,,,,3.3986166,0.0,0.0,0.0,693.25
9,15,2,0,,,,2.5074334,0.0,0.0,0.0,543.4
9,16,2,0,,,,2.60075,0.0,0.0,0.0,430.39
9,17,2,0,,,,3.1301668,0.0,0.0,0.0,284.59
9,18,2,0,,,,1.1896167,0.0,0.0,0.0,100.47
9,19,2,0,,,,1.5233667,0.0,0.0,0.0,2.42
9,20,2,0,,,,2.1450334,0.0,0.0,0.0,0.0
9,21,2,0,,,,1.16555,0.0,0.0,0.0,0.0
9,22,2,0,,,,1.1477333,0.0,0.0,0.0,0.0
9,23,2,0,,,,1.0986333,0.0,0.0,0.0,0.0
9,24,2,0,,,,1.0917333,0.0,0.0,0.0,0.0
9,1,3,0,,,,1.05305,0.0,0.0,0.0,0.0
9,2,3,0,,,,1.1408167,0.0,0.0,0.0,0.0
9,3,3,0,,,,1.4795166,0.0,0.0,0.0,0.0
9,4,3,0,,,,1.65065,0.0,0.0,0.0,0.0
9,5,3,0,,,,1.1528667,0.0,0.0,0.0,0.0
9,6,3,0,,,,1.0622667,0.0,0.0,0.0,0.0
9,7,3,0,,,,1.03665,0.0,0.0,0.0,28.9
9,8,3,0,,,,0.9983,0.0,0.0,0.0,191.76
9,9,3,0,,,,1.0308167,0.0,0.0,0.0,385.28
9,10,3,0,,,,0.96935,0.0,0.0,0.0,539.8
9,11,3,0,,,,1.0149833,0.0,0.0,0.0,626.77
9,12,3,0,,,,3.2100832,0.0,0.0,0.0,621.36
9,13,3,0,,,,1.33625,0.0,0.0,0.0,614.5
9,14,3,0,,,,3.9055667,0.0,0.0,0.0,449.88
9,15,3,0,,,,2.0175333,0.0,0.0,0.0,243.15
9,16,3,0,,,,1.7664334,0.0,0.0,0.0,316.51
9,17,3,0,,,,1.5719666,0.0,0.0,0.0,257.83
9,18,3,0,,,,2.7012,0.0,0.0,0.0,92.69
9,19,3,0,,,,1.32345,0.0,0.0,0.0,2.38
9,20,3,0,,,,1.4246334,0.0,0.0,0.0,0.0
9,21,3,0,,,,1.6558334,0.0,0.0,0.0,0.0
9,22,3,0,,,,1.4927833,0.0,0.0,0.0,0.0
9,23,3,0,,,,1.23905,0.0,0.0,0.0,0.0
9,24,3,0,,,,1.2965584,0.0,0.0,0.0,0.0
9,1,4,0,,,,1.6520333,0.0,0.0,0.0,0.0
9,2,4,0,,,,1.3168167,0.0,0.0,0.0,0.0
9,3,4,0,,,,1.2227,0.0,0.0,0.0,0.0
9,4,4,0,,,,1.20585,0.0,0.0,0.0,0.0
9,5,4,0,,,,1.2414833,0.0,0.0,0.0,0.0
9,6,4,0,,,,1.1885834,0.0,0.0,0.0,0.0
9,7,4,0,,,,1.1815,0.0,0.0,0.0,16.33
9,8,4,0,,,,1.1566167,0.0,0.0,0.0,174.37
9,9,4,0,,,,1.5404667,0.0,0.0,0.0,357.47
9,10,4,0,,,,1.6170833,0.0,0.0,0.0,500.36
9,11,4,0,,,,1.8032666,0.0,0.0,0.0,637.34
9,12,4,0,,,,1.9403666,0.0,0.0,0.0,710.0
9,13,4,0,,,,2.124,0.0,0.0,0.0,725.47
9,14,4,0,,,,2.6683333,0.0,0.0,0.0,655.42
9,15,4,0,,,,2.6354334,0.0,0.0,0.0,570.43
9,16,4,0,,,,2.2226334,0.0,0.0,0.0,388.73
9,17,4,0,,,,2.97805,0.0,0.0,0.0,269.14
9,18,4,0,,,,2.0508666,0.0,0.0,0.0,92.48
9,19,4,0,,,,1.8140833,0.0,0.0,0.0,0.0
9,20,4,0,,,,1.7924,0.0,0.0,0.0,0.0
9,21,4,0,,,,1.8872,0.0,0.0,0.0,0.0
9,22,4,0,,,,1.5354167,0.0,0.0,0.0,0.0
9,23,4,0,,,,1.5740167,0.0,0.0,0.0,0.0
9,24,4,0,,,,1.25845,0.0,0.0,0.0,0.0
9,1,5,0,,,,1.2208333,0.0,0.0,0.0,0.0
9,2,5,0,,,,1.1476667,0.0,0.0,0.0,0.0
9,3,5,0,,,,1.1833667,0.0,0.0,0.0,0.0
9,4,5,0,,,,1.2154334,0.0,0.0,0.0,0.0
9,5,5,0,,,,1.1785,0.0,0.0,0.0,0.0
9,6,5,0,,,,1.2134833,0.0,0.0,0.0,0.0
9,7,5,0,,,,1.2059333,0.0,0.0,0.0,22.97
9,8,5,0,,,,1.2827667,0.0,0.0,0.0,182.69
9,9,5,0,,,,1.6000834,0.0,0.0,0.0,388.4
9,10,5,0,,,,1.7567667,0.0,0.0,0.0,482.16
9,11,5,0,,,,1.7801833,0.0,0.0,0.0,663.31
9,12,5,0,,,,2.07755,0.0,0.0,0.0,730.3
9,13,5,0,,,,2.2354834,0.0,0.0,0.0,715.66
9,14,5,0,,,,1.8694167,0.0,0.0,0.0,636.58
9,15,5,0,,,,1.8296666,0.0,0.0,0.0,588.27
9,16,5,0,,,,3.8661335,0.0,0.0,0.0,436.16
9,17,5,0,,,,1.3950167,0.0,0.0,0.0,288.1
9,18,5,0,,,,1.7512833,0.0,0.0,0.0,90.08
9,19,5,0,,,,2.6169,0.0,0.0,0.0,0.0
9,20,5,0,,,,1.6670667,0.0,0.0,0.0,0.0
9,21,5,0,,,,1.8943666,0.0,0.0,0.0,0.0
9,22,5,0,,,,2.00735,0.0,0.0,0.0,0.0
9,23,5,0,,,,1.7589333,0.0,0.0,0.0,0.0
9,24,5,0,,,,1.7345417,0.0,0.0,0.0,0.0
9,1,6,0,,,,1.0982,0.0,0.0,0.0,0.0
9,2,6,0,,,,1.3164,0.0,0.0,0.0,0.0
9,3,6,0,,,,1.3532333,0.0,0.0,0.0,0.0
9,4,6,0,,,,1.0561666,0.0,0.0,0.0,0.0
9,5,6,0,,,,1.1052333,0.0,0.0,0.0,0.0
9,6,6,0,,,,1.09755,0.0,0.0,0.0,0.0
9,7,6,0,,,,1.0506166,0.0,0.0,0.0,27.95
9,8,6,0,,,,1.3625667,0.0,0.0,0.0,168.99
9,9,6,0,,,,1.5770833,0.0,0.0,0.0,405.16
9,10,6,0,,,,1.4787,0.0,0.0,0.0,565.58
9,11,6,0,,,,1.8558167,0.0,0.0,0.0,681.01
9,12,6,0,,,,1.0004166,0.0,0.0,0.0,727.67
9,13,6,0,,,,3.1848667,0.0,0.0,0.0,749.11
9,14,6,0,,,,2.23745,0.0,0.0,0.0,692.77
9,15,6,0,,,,2.3566666,0.0,0.0,0.0,584.38
9,16,6,0,,,,2.5006833,0.0,0.0,0.0,453.1
9,17,6,0,,,,2.6766334,0.0,0.0,0.0,275.93
9,18,6,0,,,,2.4063334,0.0,0.0,0.0,87.18
9,19,6,0,,,,2.0006166,0.0,0.0,0.0,0.0
9,20,6,0,,,,4.1056,0.0,0.0,0.0,0.0
9,21,6,0,,,,1.3580667,0.0,0.0,0.0,0.0
9,22,6,0,,,,1.28165,0.0,0.0,0.0,0.0
9,23,6,0,,,,1.3952833,0.0,0.0,0.0,0.0
9,24,6,0,,,,1.07535,0.0,0.0,0.0,0.0
9,1,7,0,,,,1.1828,0.0,0.0,0.0,0.0
9,2,7,0,,,,1.0641,0.0,0.0,0.0,0.0
9,3,7,0,,,,1.2904333,0.0,0.0,0.0,0.0
9,4,7,0,,,,1.1158834,0.0,0.0,0.0,0.0
9,5,7,0,,,,1.0533834,0.0,0.0,0.0,0.0
9,6,7,0,,,,1.0706667,0.0,0.0,0.0,0.0
9,7,7,0,,,,1.05415,0.0,0.0,0.0,24.5
9,8,7,0,,,,0.99535,0.0,0.0,0.0,197.13
9,9,7,0,,,,0.9952,0.0,0.0,0.0,383.24
9,10,7,0,,,,1.5429,0.0,0.0,0.0,537.15
9,11,7,0,,,,2.0778666,0.0,0.0,0.0,651.16
9,12,7,0,,,,1.7712,0.0,0.0,0.0,707.34
9,13,7,0,,,,2.10625,0.0,0.0,0.0,706.9
9,14,7,0,,,,2.9199333,0.0,0.0,0.0,646.0
9,15,7,0,,,,1.4500834,0.0,0.0,0.0,560.38
9,16,7,0,,,,2.2080834,0.0,0.0,0.0,431.51
9,17,7,0,,,,3.3771167,0.0,0.0,0.0,238.56
9,18,7,0,,,,2.0105834,0.0,0.0,0.0,85.1
9,19,7,0,,,,1.4498167,0.0,0.0,0.0,0.0
9,20,7,0,,,,1.3793833,0.0,0.0,0.0,0.0
9,21,7,0,,,,1.1114833,0.0,0.0,0.0,0.0
9,22,7,0,,,,1.3049333,0.0,0.0,0.0,0.0
9,23,7,0,,,,0.95206666,0.0,0.0,0.0,0.0
9,24,7,0,,,,1.10945,0.0,0.0,0.0,0.0
9,1,1,0,,,,1.1146166,0.0,0.0,0.0,0.0
9,2,1,0,,,,1.3602834,0.0,0.0,0.0,0.0
9,3,1,0,,,,1.2215,0.0,0.0,0.0,0.0
9,4,1,0,,,,1.1043333,0.0,0.0,0.0,0.0
9,5,1,0,,,,1.1330667,0.0,0.0,0.0,0.0
9,6,1,0,,,,1.1276166,0.0,0.0,0.0,0.0
9,7,1,0,,,,1.0976833,0.0,0.0,0.0,20.26
9,8,1,0,,,,1.1807667,0.0,0.0,0.0,185.3
9,9,1,0,,,,1.2413833,0.0,0.0,0.0,380.13
9,10,1,0,,,,1.8376334,0.0,0.0,0.0,538.7
9,11,1,0,,,,1.3179166,0.0,0.0,0.0,656.89
9,12,1,0,,,,1.2173166,0.0,0.0,0.0,712.38
9,13,1,0,,,,1.2724333,0.0,0.0,0.0,688.46
9,14,1,0,,,,1.41635,0.0,0.0,0.0,655.55
9,15,1,0,,,,1.5418167,0.0,0.0,0.0,535.88
9,16,1,0,,,,1.9564667,0.0,0.0,0.0,424.69
9,17,1,0,,,,1.4837,0.0,0.0,0.0,257.47
9,18,1,0,,,,1.86945,0.0,0.0,0.0,79.14
9,19,1,0,,,,1.63615,0.0,0.0,0.0,0.0
9,20,1,0,,,,1.1399666,0.0,0.0,0.0,0.0
9,21,1,0,,,,1.2189333,0.0,0.0,0.0,0.0
9,22,1,0,,,,1.2292833,0.0,0.0,0.0,0.0
9,23,1,0,,,,1.2689167,0.0,0.0,0.0,0.0
9,24,1,0,,,,1.2082167,0.0,0.0,0.0,0.0
9,1,2,0,,,,1.6069833,0.0,0.0,0.0,0.0
9,2,2,0,,,,1.3386333,0.0,0.0,0.0,0.0
9,3,2,0,,,,1.50775,0.0,0.0,0.0,0.0
9,4,2,0,,,,1.5110166,0.0,0.0,0.0,0.0
9,5,2,0,,,,1.1312667,0.0,0.0,0.0,0.0
9,6,2,0,,,,1.0585,0.0,0.0,0.0,0.0
9,7,2,0,,,,1.1055334,0.0,0.0,0.0,10.08
9,8,2,0,,,,1.0513,0.0,0.0,0.0,171.27
9,9,2,0,,,,1.0883833,0.0,0.0,0.0,367.91
9,10,2,0,,,,1.0877,0.0,0.0,0.0,537.55
9,11,2,0,,,,1.1052667,0.0,0.0,0.0,642.19
9,12,2,0,,,,1.1119167,0.0,0.0,0.0,701.47
9,13,2,0,,,,1.0447667,0.0,0.0,0.0,702.7
9,14,2,0,,,,1.13405,0.0,0.0,0.0,660.0
9,15,2,0,,,,1.20265,0.0,0.0,0.0,550.49
9,16,2,0,,,,1.2187834,0.0,0.0,0.0,386.63
9,17,2,0,,,,1.2781334,0.0,0.0,0.0,184.34
9,18,2,0,,,,1.1092833,0.0,0.0,0.0,48.34
9,19,2,0,,,,1.1449,0.0,0.0,0.0,0.0
9,20,2,0,,,,1.1521167,0.0,0.0,0.0,0.0
9,21,2,0,,,,1.4256667,0.0,0.0,0.0,0.0
9,22,2,0,,,,1.5301666,0.0,0.0,0.0,0.0
9,23,2,0,,,,1.3136667,0.0,0.0,0.0,0.0
9,24,2,0,,,,1.2253833,0.0,0.0,0.0,0.0
9,1,3,0,,,,1.2278666,0.0,0.0,0.0,0.0
9,2,3,0,,,,1.174,0.0,0.0,0.0,0.0
9,3,3,0,,,,1.4596167,0.0,0.0,0.0,0.0
9,4,3,0,,,,1.3726333,0.0,0.0,0.0,0.0
9,5,3,0,,,,1.1924167,0.0,0.0,0.0,0.0
9,6,3,0,,,,1.1622666,0.0,0.0,0.0,0.0
9,7,3,0,,,,1.1528833,0.0,0.0,0.0,0.0
9,8,3,0,,,,1.2065333,0.0,0.0,0.0,63.13
9,9,3,0,,,,1.1259667,0.0,0.0,0.0,15.27
9,10,3,0,,,,1.1627,0.0,0.0,0.0,70.18
9,11,3,0,,,,1.1668833,0.0,0.0,0.0,177.39
9,12,3,0,,,,1.1172833,0.0,0.0,0.0,543.9
9,13,3,0,,,,1.1589167,0.0,0.0,0.0,654.7
9,14,3,0,,,,1.0929166,0.0,0.0,0.0,663.29
9,15,3,0,,,,1.1260166,0.0,0.0,0.0,548.73
9,16,3,0,,,,1.1142833,0.0,0.0,0.0,412.02
9,17,3,0,,,,1.0112166,0.0,0.0,0.0,276.04
9,18,3,0,,,,1.3282666,0.0,0.0,0.0,72.59
9,19,3,0,,,,1.0262834,0.0,0.0,0.0,0.0
9,20,3,0,,,,1.1007833,0.0,0.0,0.0,0.0
9,21,3,0,,,,1.16515,0.0,0.0,0.0,0.0
9,22,3,0,,,,1.0801333,0.0,0.0,0.0,0.0
9,23,3,0,,,,1.1165,0.0,0.0,0.0,0.0
9,24,3,0,,,,1.1110166,0.0,0.0,0.0,0.0
9,1,4,0,,,,1.1444,0.0,0.0,0.0,0.0
9,2,4,0,,,,1.15915,0.0,0.0,0.0,0.0
9,3,4,0,,,,1.4211,0.0,0.0,0.0,0.0
9,4,4,0,,,,1.6245667,0.0,0.0,0.0,0.0
9,5,4,0,,,,1.1081,0.0,0.0,0.0,0.0
9,6,4,0,,,,1.1180834,0.0,0.0,0.0,0.0
9,7,4,0,,,,1.08985,0.0,0.0,0.0,16.22
9,8,4,0,,,,1.0453334,0.0,0.0,0.0,193.99
9,9,4,0,,,,1.0682167,0.0,0.0,0.0,403.64
9,10,4,0,,,,1.0371667,0.0,0.0,0.0,580.13
9,11,4,0,,,,1.0461667,0.0,0.0,0.0,685.78
9,12,4,0,,,,1.0548667,0.0,0.0,0.0,500.39
9,13,4,0,,,,0.99785,0.0,0.0,0.0,455.21
9,14,4,0,,,,1.0061834,0.0,0.0,0.0,562.36
9,15,4,0,,,,1.7221167,0.0,0.0,0.0,524.83
9,16,4,0,,,,1.4098834,0.0,0.0,0.0,434.84
9,17,4,0,,,,1.9535834,0.0,0.0,0.0,239.23
9,18,4,0,,,,1.6951166,0.0,0.0,0.0,36.4
9,19,4,0,,,,1.6977834,0.0,0.0,0.0,0.0
9,20,4,0,,,,1.4904833,0.0,0.0,0.0,0.0
9,21,4,0,,,,1.4774166,0.0,0.0,0.0,0.0
9,22,4,0,,,,1.6136333,0.0,0.0,0.0,0.0
9,23,4,0,,,,1.4509,0.0,0.0,0.0,0.0
9,24,4,0,,,,1.1990083,0.0,0.0,0.0,0.0
9,1,5,0,,,,1.2061,0.0,0.0,0.0,0.0
9,2,5,0,,,,1.1605,0.0,0.0,0.0,0.0
9,3,5,0,,,,1.6097,0.0,0.0,0.0,0.0
9,4,5,0,,,,1.5919334,0.0,0.0,0.0,0.0
9,5,5,0,,,,1.2528833,0.0,0.0,0.0,0.0
9,6,5,0,,,,1.1771834,0.0,0.0,0.0,0.0
9,7,5,0,,,,1.12445,0.0,0.0,0.0,13.23
9,8,5,0,,,,1.1027334,0.0,0.0,0.0,188.55
9,9,5,0,,,,1.0942,0.0,0.0,0.0,107.08
9,10,5,0,,,,1.09445,0.0,0.0,0.0,307.81
9,11,5,0,,,,1.0844166,0.0,0.0,0.0,568.79
9,12,5,0,,,,1.0553666,0.0,0.0,0.0,297.56
9,13,5,0,,,,1.3431,0.0,0.0,0.0,459.81
9,14,5,0,,,,1.7079333,0.0,0.0,0.0,635.36
9,15,5,0,,,,2.3901167,0.0,0.0,0.0,553.36
9,16,5,0,,,,2.1493833,0.0,0.0,0.0,422.78
9,17,5,0,,,,1.9074667,0.0,0.0,0.0,258.38
9,18,5,0,,,,1.4876333,0.0,0.0,0.0,34.55
9,19,5,0,,,,1.7126833,0.0,0.0,0.0,0.0
9,20,5,0,,,,2.0906,0.0,0.0,0.0,0.0
9,21,5,0,,,,2.3287334,0.0,0.0,0.0,0.0
9,22,5,0,,,,1.06795,0.0,0.0,0.0,0.0
9,23,5,0,,,,1.1719667,0.0,0.0,0.0,0.0
9,24,5,0,,,,1.2646667,0.0,0.0,0.0,0.0
9,1,6,0,,,,1.0907333,0.0,0.0,0.0,0.0
9,2,6,0,,,,1.1041,0.0,0.0,0.0,0.0
9,3,6,0,,,,1.1121,0.0,0.0,0.0,0.0
9,4,6,0,,,,1.1050333,0.0,0.0,0.0,0.0
9,5,6,0,,,,1.1164,0.0,0.0,0.0,0.0
9,6,6,0,,,,1.1946334,0.0,0.0,0.0,0.0
9,7,6,0,,,,1.12185,0.0,0.0,0.0,0.3
9,8,6,0,,,,1.0623833,0.0,0.0,0.0,196.1
9,9,6,0,,,,1.0587167,0.0,0.0,0.0,375.69
9,10,6,0,,,,1.0577166,0.0,0.0,0.0,581.65
9,11,6,0,,,,1.5961666,0.0,0.0,0.0,687.25
9,12,6,0,,,,2.1103,0.0,0.0,0.0,705.48
9,13,6,0,,,,1.9113166,0.0,0.0,0.0,752.2
9,14,6,0,,,,2.8124,0.0,0.0,0.0,700.73
9,15,6,0,,,,2.7462,0.0,0.0,0.0,568.53
9,16,6,0,,,,2.8691833,0.0,0.0,0.0,423.33
9,17,6,0,,,,2.74035,0.0,0.0,0.0,245.37
9,18,6,0,,,,2.2847,0.0,0.0,0.0,65.54
9,19,6,0,,,,1.94295,0.0,0.0,0.0,0.0
9,20,6,0,,,,1.7982833,0.0,0.0,0.0,0.0
9,21,6,0,,,,1.4778167,0.0,0.0,0.0,0.0
9,22,6,0,,,,1.6821333,0.0,0.0,0.0,0.0
9,23,6,0,,,,1.52735,0.0,0.0,0.0,0.0
9,24,6,0,,,,1.041625,0.0,0.0,0.0,0.0
9,1,7,0,,,,1.08905,0.0,0.0,0.0,0.0
9,2,7,0,,,,1.0204166,0.0,0.0,0.0,0.0
9,3,7,0,,,,1.0376667,0.0,0.0,0.0,0.0
9,4,7,0,,,,1.1136333,0.0,0.0,0.0,0.0
9,5,7,0,,,,2.6103666,0.0,0.0,0.0,0.0
9,6,7,0,,,,1.9945,0.0,0.0,0.0,0.0
9,7,7,0,,,,1.5156833,0.0,0.0,0.0,0.0
9,8,7,0,,,,1.4775833,0.0,0.0,0.0,147.14
9,9,7,0,,,,1.4130167,0.0,0.0,0.0,171.32
9,10,7,0,,,,1.7730833,0.0,0.0,0.0,109.08
9,11,7,0,,,,1.7930666,0.0,0.0,0.0,179.01
9,12,7,0,,,,1.91635,0.0,0.0,0.0,546.81
9,13,7,0,,,,2.3063,0.0,0.0,0.0,240.93
9,14,7,0,,,,2.9504,0.0,0.0,0.0,621.13
9,15,7,0,,,,2.0556,0.0,0.0,0.0,101.72
9,16,7,0,,,,3.3948834,0.0,0.0,0.0,392.67
9,17,7,0,,,,2.3756666,0.0,0.0,0.0,103.26
9,18,7,0,,,,1.9240834,0.0,0.0,0.0,66.18
9,19,7,0,,,,2.5037,0.0,0.0,0.0,0.0
9,20,7,0,,,,1.92475,0.0,0.0,0.0,0.0
9,21,7,0,,,,1.9841,0.0,0.0,0.0,0.0
9,22,7,0,,,,2.4345834,0.0,0.0,0.0,0.0
9,23,7,0,,,,1.7852708,0.0,0.0,0.0,0.0
9,24,7,0,,,,1.61315,0.0,0.0,0.0,0.0
9,1,1,0,,,,1.525,0.0,0.0,0.0,0.0
9,2,1,0,,,,1.4714667,0.0,0.0,0.0,0.0
9,3,1,0,,,,1.7370833,0.0,0.0,0.0,0.0
9,4,1,0,,,,1.4572667,0.0,0.0,0.0,0.0
9,5,1,0,,,,1.5279167,0.0,0.0,0.0,0.0
9,6,1,0,,,,1.2241,0.0,0.0,0.0,0.0
9,7,1,0,,,,1.2753167,0.0,0.0,0.0,5.75
9,8,1,0,,,,0.9160333,0.0,0.0,0.0,71.78
9,9,1,0,,,,1.2054666,0.0,0.0,0.0,356.55
9,10,1,0,,,,1.50885,0.0,0.0,0.0,526.84
9,11,1,0,,,,2.2300668,0.0,0.0,0.0,560.03
9,12,1,0,,,,1.7825167,0.0,0.0,0.0,348.54
9,13,1,0,,,,1.46525,0.0,0.0,0.0,240.91
9,14,1,0,,,,2.37685,0.0,0.0,0.0,289.58
9,15,1,0,,,,2.8176334,0.0,0.0,0.0,429.3
9,16,1,0,,,,1.7345,0.0,0.0,0.0,290.98
9,17,1,0,,,,1.8720167,0.0,0.0,0.0,260.67
9,18,1,0,,,,1.9754833,0.0,0.0,0.0,62.16
9,19,1,0,,,,1.9575833,0.0,0.0,0.0,0.0
9,20,1,0,,,,1.82215,0.0,0.0,0.0,0.0
9,21,1,0,,,,1.9191,0.0,0.0,0.0,0.0
9,22,1,0,,,,1.7194333,0.0,0.0,0.0,0.0
9,23,1,0,,,,1.3233833,0.0,0.0,0.0,0.0
9,24,1,0,,,,1.23555,0.0,0.0,0.0,0.0
9,1,2,0,,,,1.2907083,0.0,0.0,0.0,0.0
9,2,2,0,,,,1.1445,0.0,0.0,0.0,0.0
9,3,2,0,,,,1.4109334,0.0,0.0,0.0,0.0
9,4,2,0,,,,1.3418167,0.0,0.0,0.0,0.0
9,5,2,0,,,,0.9493667,0.0,0.0,0.0,0.0
9,6,2,0,,,,0.9303333,0.0,0.0,0.0,0.0
9,7,2,0,,,,1.3864666,0.0,0.0,0.0,0.0
9,8,2,0,,,,1.2736666,0.0,0.0,0.0,26.79
9,9,2,0,,,,0.8798,0.0,0.0,0.0,121.4
9,10,2,0,,,,1.2368,0.0,0.0,0.0,226.42
9,11,2,0,,,,1.1975334,0.0,0.0,0.0,372.58
9,12,2,0,,,,1.30815,0.0,0.0,0.0,447.1
9,13,2,0,,,,1.4845,0.0,0.0,0.0,595.9
9,14,2,0,,,,1.3034166,0.0,0.0,0.0,158.7
9,15,2,0,,,,1.5081667,0.0,0.0,0.0,46.22
9,16,2,0,,,,1.3668,0.0,0.0,0.0,78.32
9,17,2,0,,,,1.2703834,0.0,0.0,0.0,138.78
9,18,2,0,,,,1.2367,0.0,0.0,0.0,31.03
9,19,2,0,,,,1.2392,0.0,0.0,0.0,0.0
9,20,2,0,,,,1.3979666,0.0,0.0,0.0,0.0
9,21,2,0,,,,1.2351333,0.0,0.0,0.0,0.0
9,22,2,0,,,,3.3100667,0.0,0.0,0.0,0.0
9,23,2,0,,,,2.40025,0.0,0.0,0.0,0.0
9,24,2,0,,,,1.6561333,0.0,0.0,0.0,0.0
9,1,3,0,,,,1.0053333,0.0,0.0,0.0,0.0
9,2,3,0,,,,0.98698336,0.0,0.0,0.0,0.0
9,3,3,0,,,,1.2880167,0.0,0.0,0.0,0.0
9,4,3,0,,,,1.2309667,0.0,0.0,0.0,0.0
9,5,3,0,,,,1.2755333,0.0,0.0,0.0,0.0
9,6,3,0,,,,1.1937,0.0,0.0,0.0,0.0
9,7,3,0,,,,0.93005,0.0,0.0,0.0,1.17
9,8,3,0,,,,0.96178335,0.0,0.0,0.0,123.54
9,9,3,0,,,,1.2455833,0.0,0.0,0.0,417.59
9,10,3,0,,,,2.7218,0.0,0.0,0.0,577.66
9,11,3,0,,,,2.7437334,0.0,0.0,0.0,658.48
9,12,3,0,,,,4.10225,0.0,0.0,0.0,756.22
9,13,3,0,,,,4.0762,0.0,0.0,0.0,775.81
9,14,3,0,,,,4.032117,0.0,0.0,0.0,700.16
9,15,3,0,,,,4.0047,0.0,0.0,0.0,350.85
9,16,3,0,,,,3.9646666,0.0,0.0,0.0,64.23
9,17,3,0,,,,3.881,0.0,0.0,0.0,49.59
9,18,3,0,,,,4.07875,0.0,0.0,0.0,24.54
9,19,3,0,,,,0.8982667,0.0,0.0,0.0,0.0
9,20,3,0,,,,0.90063334,0.0,0.0,0.0,0.0
9,21,3,0,,,,1.0879,0.0,0.0,0.0,0.0
9,22,3,0,,,,0.7937,0.0,0.0,0.0,0.0
9,23,3,0,,,,1.1357,0.0,0.0,0.0,0.0
9,24,3,0,,,,0.879925,0.0,0.0,0.0,0.0
9,1,4,0,,,,0.89178336,0.0,0.0,0.0,0.0
9,2,4,0,,,,0.89643335,0.0,0.0,0.0,0.0
9,3,4,0,,,,1.1193167,0.0,0.0,0.0,0.0
9,4,4,0,,,,1.2864333,0.0,0.0,0.0,0.0
9,5,4,0,,,,0.8774167,0.0,0.0,0.0,0.0
9,6,4,0,,,,0.83393335,0.0,0.0,0.0,0.0
9,7,4,0,,,,0.83545,0.0,0.0,0.0,0.0
9,8,4,0,,,,0.8129,0.0,0.0,0.0,25.38
9,9,4,0,,,,0.87695,0.0,0.0,0.0,57.71
9,10,4,0,,,,1.0268667,0.0,0.0,0.0,90.7
9,11,4,0,,,,1.23445,0.0,0.0,0.0,121.06
9,12,4,0,,,,1.5855833,0.0,0.0,0.0,180.22
9,13,4,0,,,,0.8233333,0.0,0.0,0.0,69.67
9,14,4,0,,,,0.82198334,0.0,0.0,0.0,293.18
9,15,4,0,,,,0.8707167,0.0,0.0,0.0,293.49
9,16,4,0,,,,0.8658,0.0,0.0,0.0,310.96
9,17,4,0,,,,2.6871333,0.0,0.0,0.0,201.65
9,18,4,0,,,,3.20225,0.0,0.0,0.0,45.19
9,19,4,0,,,,1.9369667,0.0,0.0,0.0,0.0
9,20,4,0,,,,1.9328667,0.0,0.0,0.0,0.0
9,21,4,0,,,,1.5985167,0.0,0.0,0.0,0.0
9,22,4,0,,,,2.3912666,0.0,0.0,0.0,0.0
9,23,4,0,,,,1.83995,0.0,0.0,0.0,0.0
9,24,4,0,,,,1.1946833,0.0,0.0,0.0,0.0
9,1,5,0,,,,1.3603834,0.0,0.0,0.0,0.0
9,2,5,0,,,,1.0496334,0.0,0.0,0.0,0.0
9,3,5,0,,,,1.34395,0.0,0.0,0.0,0.0
9,4,5,0,,,,1.4607333,0.0,0.0,0.0,0.0
9,5,5,0,,,,1.0180833,0.0,0.0,0.0,0.0
9,6,5,0,,,,1.1041,0.0,0.0,0.0,0.0
9,7,5,0,,,,1.0268333,0.0,0.0,0.0,0.0
9,8,5,0,,,,1.0109833,0.0,0.0,0.0,26.67
9,9,5,0,,,,1.0131167,0.0,0.0,0.0,76.42
9,10,5,0,,,,0.99263334,0.0,0.0,0.0,307.88
9,11,5,0,,,,0.95895,0.0,0.0,0.0,482.41
9,12,5,0,,,,1.0504167,0.0,0.0,0.0,707.2
9,13,5,0,,,,1.0066333,0.0,0.0,0.0,764.12
9,14,5,0,,,,1.0363667,0.0,0.0,0.0,690.11
9,15,5,0,,,,1.0591834,0.0,0.0,0.0,547.95
9,16,5,0,,,,1.7482834,0.0,0.0,0.0,426.19
9,17,5,0,,,,1.0834334,0.0,0.0,0.0,236.65
9,18,5,0,,,,1.2307833,0.0,0.0,0.0,46.17
9,19,5,0,,,,0.94981664,0.0,0.0,0.0,0.0
9,20,5,0,,,,1.2121167,0.0,0.0,0.0,0.0
9,21,5,0,,,,0.9423,0.0,0.0,0.0,0.0
9,22,5,0,,,,1.1641834,0.0,0.0,0.0,0.0
9,23,5,0,,,,1.0321667,0.0,0.0,0.0,0.0
9,24,5,0,,,,1.4091,0.0,0.0,0.0,0.0
9,1,6,0,,,,1.2076666,0.0,0.0,0.0,0.0
9,2,6,0,,,,0.9770833,0.0,0.0,0.0,0.0
9,3,6,0,,,,1.0093,0.0,0.0,0.0,0.0
9,4,6,0,,,,0.9910667,0.0,0.0,0.0,0.0
9,5,6,0,,,,1.0302,0.0,0.0,0.0,0.0
9,6,6,0,,,,1.0600333,0.0,0.0,0.0,0.0
9,7,6,0,,,,0.9681,0.0,0.0,0.0,5.67
9,8,6,0,,,,1.3843666,0.0,0.0,0.0,199.07
9,9,6,0,,,,1.7538333,0.0,0.0,0.0,430.43
9,10,6,0,,,,1.3978833,0.0,0.0,0.0,598.82
9,11,6,0,,,,1.7366,0.0,0.0,0.0,703.61
9,12,6,0,,,,1.3646667,0.0,0.0,0.0,756.32
9,13,6,0,,,,1.3026667,0.0,0.0,0.0,747.81
9,14,6,0,,,,1.7334334,0.0,0.0,0.0,634.34
9,15,6,0,,,,1.2991166,0.0,0.0,0.0,554.24
9,16,6,0,,,,2.4182167,0.0,0.0,0.0,433.91
9,17,6,0,,,,1.6947334,0.0,0.0,0.0,234.51
9,18,6,0,,,,1.4424833,0.0,0.0,0.0,41.22
9,19,6,0,,,,1.6842333,0.0,0.0,0.0,0.0
9,20,6,0,,,,1.5926,0.0,0.0,0.0,0.0
9,21,6,0,,,,1.8909667,0.0,0.0,0.0,0.0
9,22,6,0,,,,1.6698166,0.0,0.0,0.0,0.0
9,23,6,0,,,,1.3647,0.0,0.0,0.0,0.0
9,24,6,0,,,,1.4910333,0.0,0.0,0.0,0.0
9,1,7,0,,,,1.2720667,0.0,0.0,0.0,0.0
9,2,7,0,,,,1.2540333,0.0,0.0,0.0,0.0
9,3,7,0,,,,1.2476333,0.0,0.0,0.0,0.0
9,4,7,0,,,,1.2575166,0.0,0.0,0.0,0.0
9,5,7,0,,,,1.2522666,0.0,0.0,0.0,0.0
9,6,7,0,,,,1.5600667,0.0,0.0,0.0,0.0
9,7,7,0,,,,1.3677666,0.0,0.0,0.0,0.0
9,8,7,0,,,,1.30925,0.0,0.0,0.0,86.08
9,9,7,0,,,,1.7532834,0.0,0.0,0.0,302.08
9,10,7,0,,,,2.3094833,0.0,0.0,0.0,302.25
9,11,7,0,,,,2.0303166,0.0,0.0,0.0,190.39
9,12,7,0,,,,1.3159167,0.0,0.0,0.0,522.38
9,13,7,0,,,,1.7191334,0.0,0.0,0.0,281.39
9,14,7,0,,,,3.2273,0.0,0.0,0.0,167.7
9,15,7,0,,,,2.87075,0.0,0.0,0.0,164.79
9,16,7,0,,,,1.62145,0.0,0.0,0.0,17.33
9,17,7,0,,,,1.68115,0.0,0.0,0.0,6.07
9,18,7,0,,,,1.2297167,0.0,0.0,0.0,25.0
9,19,7,0,,,,1.6201833,0.0,0.0,0.0,0.0
9,20,7,0,,,,1.3193166,0.0,0.0,0.0,0.0
9,21,7,0,,,,1.6187667,0.0,0.0,0.0,0.0
9,22,7,0,,,,1.42055,0.0,0.0,0.0,0.0
9,23,7,0,,,,1.6785,0.0,0.0,0.0,0.0
9,24,7,0,,,,1.2608583,0.0,0.0,0.0,0.0
9,1,1,0,,,,1.2513666,0.0,0.0,0.0,0.0
9,2,1,0,,,,1.2453834,0.0,0.0,0.0,0.0
9,3,1,0,,,,1.4248333,0.0,0.0,0.0,0.0
9,4,1,0,,,,1.1017166,0.0,0.0,0.0,0.0
9,5,1,0,,,,1.22635,0.0,0.0,0.0,0.0
9,6,1,0,,,,1.2291167,0.0,0.0,0.0,0.0
9,7,1,0,,,,1.2062,0.0,0.0,0.0,0.0
9,8,1,0,,,,1.5626333,0.0,0.0,0.0,13.0
9,9,1,0,,,,1.7708167,0.0,0.0,0.0,33.24
9,10,1,0,,,,2.4532166,0.0,0.0,0.0,95.16
9,11,1,0,,,,1.9198166,0.0,0.0,0.0,126.57
9,12,1,0,,,,2.5621834,0.0,0.0,0.0,138.28
9,13,1,0,,,,3.2720833,0.0,0.0,0.0,83.28
9,14,1,0,,,,4.42825,0.0,0.0,0.0,69.15
9,15,1,0,,,,3.9869833,0.0,0.0,0.0,30.73
9,16,1,0,,,,2.80175,0.0,0.0,0.0,13.8
9,17,1,0,,,,2.9442334,0.0,0.0,0.0,8.06
9,18,1,0,,,,2.1737168,0.0,0.0,0.0,0.0
9,19,1,0,,,,3.3763666,0.0,0.0,0.0,0.0
9,20,1,0,,,,0.77166665,0.0,0.0,0.0,0.0
9,21,1,0,,,,2.0941668,0.0,0.0,0.0,0.0
9,22,1,0,,,,2.2894332,0.0,0.0,0.0,0.0
9,23,1,0,,,,1.4188833,0.0,0.0,0.0,0.0
9,24,1,0,,,,1.2856916,0.0,0.0,0.0,0.0
9,1,2,0,,,,1.2896167,0.0,0.0,0.0,0.0
9,2,2,0,,,,1.2039334,0.0,0.0,0.0,0.0
9,3,2,0,,,,1.4705167,0.0,0.0,0.0,0.0
9,4,2,0,,,,1.2927,0.0,0.0,0.0,0.0
9,5,2,0,,,,1.1743667,0.0,0.0,0.0,0.0
9,6,2,0,,,,1.2235,0.0,0.0,0.0,0.0
9,7,2,0,,,,1.22985,0.0,0.0,0.0,0.0
9,8,2,0,,,,1.6038834,0.0,0.0,0.0,17.19
9,9,2,0,,,,1.88495,0.0,0.0,0.0,38.95
9,10,2,0,,,,0.9342667,0.0,0.0,0.0,66.71
9,11,2,0,,,,1.6296166,0.0,0.0,0.0,91.91
9,12,2,0,,,,2.7828667,0.0,0.0,0.0,75.06
9,13,2,0,,,,1.2047666,0.0,0.0,0.0,59.21
9,14,2,0,,,,3.6407166,0.0,0.0,0.0,45.23
9,15,2,0,,,,2.6993833,0.0,0.0,0.0,30.32
9,16,2,0,,,,2.6111166,0.0,0.0,0.0,33.22
9,17,2,0,,,,1.7924666,0.0,0.0,0.0,15.57
9,18,2,0,,,,2.1650333,0.0,0.0,0.0,4.01
9,19,2,0,,,,1.70465,0.0,0.0,0.0,0.0
9,20,2,0,,,,1.6630167,0.0,0.0,0.0,0.0
9,21,2,0,,,,1.9597,0.0,0.0,0.0,0.0
9,22,2,0,,,,1.3446667,0.0,0.0,0.0,0.0
9,23,2,0,,,,1.24395,0.0,0.0,0.0,0.0
9,24,2,0,,,,3.1820083,0.0,0.0,0.0,0.0
9,1,3,0,,,,1.5260667,0.0,0.0,0.0,0.0
9,2,3,0,,,,0.9496667,0.0,0.0,0.0,0.0
9,3,3,0,,,,1.2617667,0.0,0.0,0.0,0.0
9,4,3,0,,,,1.2865334,0.0,0.0,0.0,0.0
9,5,3,0,,,,1.28605,0.0,0.0,0.0,0.0
9,6,3,0,,,,0.9628,0.0,0.0,0.0,0.0
9,7,3,0,,,,0.92,0.0,0.0,0.0,0.0
9,8,3,0,,,,1.1579167,0.0,0.0,0.0,20.66
9,9,3,0,,,,1.1797833,0.0,0.0,0.0,170.37
9,10,3,0,,,,1.2058,0.0,0.0,0.0,533.29
9,11,3,0,,,,3.4390666,0.0,0.0,0.0,583.05
9,12,3,0,,,,1.4572834,0.0,0.0,0.0,672.18
9,13,3,0,,,,1.4280167,0.0,0.0,0.0,697.42
9,14,3,0,,,,1.3316166,0.0,0.0,0.0,390.29
9,15,3,0,,,,2.3185167,0.0,0.0,0.0,211.31
9,16,3,0,,,,2.9177,0.0,0.0,0.0,81.01
9,17,3,0,,,,1.8691,0.0,0.0,0.0,81.15
9,18,3,0,,,,1.5829166,0.0,0.0,0.0,8.74
9,19,3,0,,,,1.175,0.0,0.0,0.0,0.0
9,20,3,0,,,,1.6300167,0.0,0.0,0.0,0.0
9,21,3,0,,,,1.2736167,0.0,0.0,0.0,0.0
9,22,3,0,,,,1.5633,0.0,0.0,0.0,0.0
9,23,3,0,,,,1.4757833,0.0,0.0,0.0,0.0
9,24,3,0,,,,0.939875,0.0,0.0,0.0,0.0
9,1,4,0,,,,1.26245,0.0,0.0,0.0,0.0
9,2,4,0,,,,1.2737167,0.0,0.0,0.0,0.0
9,3,4,0,,,,1.57515,0.0,0.0,0.0,0.0
9,4,4,0,,,,1.4011,0.0,0.0,0.0,0.0
9,5,4,0,,,,1.2550833,0.0,0.0,0.0,0.0
9,6,4,0,,,,1.2674,0.0,0.0,0.0,0.0
9,7,4,0,,,,2.4742832,0.0,0.0,0.0,0.0
9,8,4,0,,,,0.90856665,0.0,0.0,0.0,25.3
9,9,4,0,,,,0.8921667,0.0,0.0,0.0,193.94
9,10,4,0,,,,2.4784834,0.0,0.0,0.0,138.42
9,11,4,0,,,,0.8800167,0.0,0.0,0.0,255.02
9,12,4,0,,,,1.5845333,0.0,0.0,0.0,351.88
9,13,4,0,,,,3.1896834,0.0,0.0,0.0,556.18
9,14,4,0,,,,2.92495,0.0,0.0,0.0,394.74
9,15,4,0,,,,2.2845,0.0,0.0,0.0,365.55
9,16,4,0,,,,2.6555667,0.0,0.0,0.0,281.16
9,17,4,0,,,,2.2526667,0.0,0.0,0.0,157.97
9,18,4,0,,,,2.2007167,0.0,0.0,0.0,8.15
9,19,4,0,,,,2.2188334,0.0,0.0,0.0,0.0
9,20,4,0,,,,1.7068,0.0,0.0,0.0,0.0
9,21,4,0,,,,1.12035,0.0,0.0,0.0,0.0
9,22,4,0,,,,3.1071,0.0,0.0,0.0,0.0
9,23,4,0,,,,1.3789667,0.0,0.0,0.0,0.0
9,24,4,0,,,,1.3575916,0.0,0.0,0.0,0.0
9,1,5,0,,,,1.3309166,0.0,0.0,0.0,0.0
9,2,5,0,,,,1.3731333,0.0,0.0,0.0,0.0
9,3,5,0,,,,1.2708666,0.0,0.0,0.0,0.0
9,4,5,0,,,,1.2935833,0.0,0.0,0.0,0.0
9,5,5,0,,,,0.8933833,0.0,0.0,0.0,0.0
9,6,5,0,,,,0.8818333,0.0,0.0,0.0,0.0
9,7,5,0,,,,1.1609666,0.0,0.0,0.0,0.0
9,8,5,0,,,,0.85971665,0.0,0.0,0.0,65.96
9,9,5,0,,,,1.83115,0.0,0.0,0.0,270.75
9,10,5,0,,,,1.4349333,0.0,0.0,0.0,122.3
9,11,5,0,,,,2.7792168,0.0,0.0,0.0,136.97
9,12,5,0,,,,1.8041333,0.0,0.0,0.0,156.26
9,13,5,0,,,,1.5489833,0.0,0.0,0.0,266.71
9,14,5,0,,,,3.1328,0.0,0.0,0.0,306.09
9,15,5,0,,,,2.2458167,0.0,0.0,0.0,119.28
9,16,5,0,,,,2.4903834,0.0,0.0,0.0,48.76
9,17,5,0,,,,1.9366666,0.0,0.0,0.0,16.92
9,18,5,0,,,,2.05615,0.0,0.0,0.0,6.89
9,19,5,0,,,,1.6863834,0.0,0.0,0.0,0.0
9,20,5,0,,,,1.7665167,0.0,0.0,0.0,0.0
9,21,5,0,,,,1.3361334,0.0,0.0,0.0,0.0
9,22,5,0,,,,1.68475,0.0,0.0,0.0,0.0
9,23,5,0,,,,1.277,0.0,0.0,0.0,0.0
9,24,5,0,,,,1.2582583,0.0,0.0,0.0,0.0
10,1,6,0,,,,1.3861834,0.0,0.0,0.0,0.0
10,2,6,0,,,,1.529,0.0,0.0,0.0,0.0
10,3,6,0,,,,1.2509333,0.0,0.0,0.0,0.0
10,4,6,0,,,,0.9802667,0.0,0.0,0.0,0.0
10,5,6,0,,,,1.2337166,0.0,0.0,0.0,0.0
10,6,6,0,,,,0.97658336,0.0,0.0,0.0,0.0
10,7,6,0,,,,1.05425,0.0,0.0,0.0,0.0
10,8,6,0,,,,1.6846666,0.0,0.0,0.0,50.37
10,9,6,0,,,,2.0909667,0.0,0.0,0.0,96.3
10,10,6,0,,,,1.5611167,0.0,0.0,0.0,127.46
10,11,6,0,,,,1.46695,0.0,0.0,0.0,195.39
10,12,6,0,,,,2.7522833,0.0,0.0,0.0,173.02
10,13,6,0,,,,2.2386668,0.0,0.0,0.0,419.71
10,14,6,0,,,,1.8521667,0.0,0.0,0.0,531.01
10,15,6,0,,,,1.78915,0.0,0.0,0.0,112.98
10,16,6,0,,,,1.8836,0.0,0.0,0.0,326.63
10,17,6,0,,,,2.24125,0.0,0.0,0.0,208.36
10,18,6,0,,,,1.7772334,0.0,0.0,0.0,5.5
10,19,6,0,,,,1.782,0.0,0.0,0.0,0.0
10,20,6,0,,,,1.33785,0.0,0.0,0.0,0.0
10,21,6,0,,,,1.6613166,0.0,0.0,0.0,0.0
10,22,6,0,,,,2.4931667,0.0,0.0,0.0,0.0
10,23,6,0,,,,1.2266,0.0,0.0,0.0,0.0
10,24,6,0,,,,1.2326334,0.0,0.0,0.0,0.0
10,1,7,0,,,,0.95485,0.0,0.0,0.0,0.0
10,2,7,0,,,,1.2172834,0.0,0.0,0.0,0.0
10,3,7,0,,,,0.96416664,0.0,0.0,0.0,0.0
10,4,7,0,,,,1.0946667,0.0,0.0,0.0,0.0
10,5,7,0,,,,1.0465083,0.0,0.0,0.0,0.0
10,6,7,0,,,,1.0103,0.0,0.0,0.0,0.0
10,7,7,0,,,,1.0417666,0.0,0.0,0.0,0.0
10,8,7,0,,,,1.5619667,0.0,0.0,0.0,172.47
10,9,7,0,,,,1.7634333,0.0,0.0,0.0,391.49
10,10,7,0,,,,1.9284166,0.0,0.0,0.0,565.22
10,11,7,0,,,,1.4833333,0.0,0.0,0.0,679.34
10,12,7,0,,,,1.78415,0.0,0.0,0.0,728.94
10,13,7,0,,,,1.5061,0.0,0.0,0.0,718.99
10,14,7,0,,,,1.66615,0.0,0.0,0.0,654.68
10,15,7,0,,,,1.6339834,0.0,0.0,0.0,513.91
10,16,7,0,,,,1.68115,0.0,0.0,0.0,383.48
10,17,7,0,,,,2.0989833,0.0,0.0,0.0,179.62
10,18,7,0,,,,3.0296,0.0,0.0,0.0,3.85
10,19,7,0,,,,1.1332834,0.0,0.0,0.0,0.0
10,20,7,0,,,,1.1344666,0.0,0.0,0.0,0.0
10,21,7,0,,,,1.8099667,0.0,0.0,0.0,0.0
10,22,7,0,,,,1.50385,0.0,0.0,0.0,0.0
10,23,7,0,,,,1.8456167,0.0,0.0,0.0,0.0
10,24,7,0,,,,1.1649166,0.0,0.0,0.0,0.0
10,1,1,0,,,,1.4081334,0.0,0.0,0.0,0.0
10,2,1,0,,,,1.0621667,0.0,0.0,0.0,0.0
10,3,1,0,,,,1.0002667,0.0,0.0,0.0,0.0
10,4,1,0,,,,1.00545,0.0,0.0,0.0,0.0
10,5,1,0,,,,0.99548334,0.0,0.0,0.0,0.0
10,6,1,0,,,,1.0056334,0.0,0.0,0.0,0.0
10,7,1,0,,,,1.0054834,0.0,0.0,0.0,0.0
10,8,1,0,,,,1.0514667,0.0,0.0,0.0,52.49
10,9,1,0,,,,1.6122833,0.0,0.0,0.0,150.52
10,10,1,0,,,,1.7477334,0.0,0.0,0.0,222.14
10,11,1,0,,,,1.56975,0.0,0.0,0.0,584.08
10,12,1,0,,,,1.21375,0.0,0.0,0.0,654.72
10,13,1,0,,,,1.3898833,0.0,0.0,0.0,689.95
10,14,1,0,,,,1.1537833,0.0,0.0,0.0,648.48
10,15,1,0,,,,1.3209667,0.0,0.0,0.0,516.37
10,16,1,0,,,,1.3386333,0.0,0.0,0.0,225.79
10,17,1,0,,,,2.554,0.0,0.0,0.0,173.69
10,18,1,0,,,,1.3977,0.0,0.0,0.0,3.33
10,19,1,0,,,,1.1814834,0.0,0.0,0.0,0.0
10,20,1,0,,,,1.0003667,0.0,0.0,0.0,0.0
10,21,1,0,,,,1.0222833,0.0,0.0,0.0,0.0
10,22,1,0,,,,1.0868833,0.0,0.0,0.0,0.0
10,23,1,0,,,,1.0944333,0.0,0.0,0.0,0.0
10,24,1,0,,,,1.095375,0.0,0.0,0.0,0.0
10,1,2,0,,,,1.09945,0.0,0.0,0.0,0.0
10,2,2,0,,,,1.1054,0.0,0.0,0.0,0.0
10,3,2,0,,,,1.3879833,0.0,0.0,0.0,0.0
10,4,2,0,,,,1.6274834,0.0,0.0,0.0,0.0
10,5,2,0,,,,1.39125,0.0,0.0,0.0,0.0
10,6,2,0,,,,1.1869167,0.0,0.0,0.0,0.0
10,7,2,0,,,,1.1859167,0.0,0.0,0.0,0.0
10,8,2,0,,,,1.3800666,0.0,0.0,0.0,9.35
10,9,2,0,,,,1.0737833,0.0,0.0,0.0,48.36
10,10,2,0,,,,1.0217333,0.0,0.0,0.0,131.92
10,11,2,0,,,,1.0276,0.0,0.0,0.0,135.9
10,12,2,0,,,,1.0253167,0.0,0.0,0.0,157.64
10,13,2,0,,,,1.5645167,0.0,0.0,0.0,285.53
10,14,2,0,,,,1.6794,0.0,0.0,0.0,249.81
10,15,2,0,,,,1.7989,0.0,0.0,0.0,153.11
10,16,2,0,,,,2.7689166,0.0,0.0,0.0,48.65
10,17,2,0,,,,1.5982,0.0,0.0,0.0,23.33
10,18,2,0,,,,1.2247,0.0,0.0,0.0,0.0
10,19,2,0,,,,1.2515,0.0,0.0,0.0,0.0
10,20,2,0,,,,1.0260333,0.0,0.0,0.0,0.0
10,21,2,0,,,,1.1237167,0.0,0.0,0.0,0.0
10,22,2,0,,,,1.1190166,0.0,0.0,0.0,0.0
10,23,2,0,,,,1.1285167,0.0,0.0,0.0,0.0
10,24,2,0,,,,1.0528916,0.0,0.0,0.0,0.0
10,1,3,0,,,,1.0017166,0.0,0.0,0.0,0.0
10,2,3,0,,,,0.99666667,0.0,0.0,0.0,0.0
10,3,3,0,,,,1.2572,0.0,0.0,0.0,0.0
10,4,3,0,,,,1.4495833,0.0,0.0,0.0,0.0
10,5,3,0,,,,2.0031834,0.0,0.0,0.0,0.0
10,6,3,0,,,,1.4553833,0.0,0.0,0.0,0.0
10,7,3,0,,,,1.1183333,0.0,0.0,0.0,0.0
10,8,3,0,,,,0.98471665,0.0,0.0,0.0,6.97
10,9,3,0,,,,1.018,0.0,0.0,0.0,88.99
10,10,3,0,,,,1.0133834,0.0,0.0,0.0,214.96
10,11,3,0,,,,1.4514333,0.0,0.0,0.0,228.66
10,12,3,0,,,,1.37665,0.0,0.0,0.0,184.34
10,13,3,0,,,,1.7768167,0.0,0.0,0.0,115.39
10,14,3,0,,,,1.3274833,0.0,0.0,0.0,188.08
10,15,3,0,,,,1.3046,0.0,0.0,0.0,42.57
10,16,3,0,,,,1.27915,0.0,0.0,0.0,81.2
10,17,3,0,,,,1.2768,0.0,0.0,0.0,78.79
10,18,3,0,,,,1.2168666,0.0,0.0,0.0,0.0
10,19,3,0,,,,1.4007167,0.0,0.0,0.0,0.0
10,20,3,0,,,,1.0790167,0.0,0.0,0.0,0.0
10,21,3,0,,,,1.0596334,0.0,0.0,0.0,0.0
10,22,3,0,,,,1.1469333,0.0,0.0,0.0,0.0
10,23,3,0,,,,1.01865,0.0,0.0,0.0,0.0
10,24,3,0,,,,1.0309417,0.0,0.0,0.0,0.0
10,1,4,0,,,,1.0628333,0.0,0.0,0.0,0.0
10,2,4,0,,,,1.0231833,0.0,0.0,0.0,0.0
10,3,4,0,,,,1.3086833,0.0,0.0,0.0,0.0
10,4,4,0,,,,1.4494333,0.0,0.0,0.0,0.0
10,5,4,0,,,,1.0641,0.0,0.0,0.0,0.0
10,6,4,0,,,,0.98191667,0.0,0.0,0.0,0.0
10,7,4,0,,,,1.1699667,0.0,0.0,0.0,0.0
10,8,4,0,,,,1.09385,0.0,0.0,0.0,49.62
10,9,4,0,,,,0.9648,0.0,0.0,0.0,59.34
10,10,4,0,,,,0.9817333,0.0,0.0,0.0,295.7
10,11,4,0,,,,0.96566665,0.0,0.0,0.0,435.19
10,12,4,0,,,,0.9605,0.0,0.0,0.0,385.39
10,13,4,0,,,,0.95855,0.0,0.0,0.0,458.96
10,14,4,0,,,,1.2885833,0.0,0.0,0.0,66.45
10,15,4,0,,,,1.24785,0.0,0.0,0.0,48.39
10,16,4,0,,,,1.3861166,0.0,0.0,0.0,130.51
10,17,4,0,,,,1.5152167,0.0,0.0,0.0,56.86
10,18,4,0,,,,1.2571,0.0,0.0,0.0,0.0
10,19,4,0,,,,1.4133834,0.0,0.0,0.0,0.0
10,20,4,0,,,,1.63645,0.0,0.0,0.0,0.0
10,21,4,0,,,,1.43255,0.0,0.0,0.0,0.0
10,22,4,0,,,,0.98896664,0.0,0.0,0.0,0.0
10,23,4,0,,,,1.2654834,0.0,0.0,0.0,0.0
10,24,4,0,,,,0.969525,0.0,0.0,0.0,0.0
10,1,5,0,,,,0.9590667,0.0,0.0,0.0,0.0
10,2,5,0,,,,1.1009834,0.0,0.0,0.0,0.0
10,3,5,0,,,,1.6198,0.0,0.0,0.0,0.0
10,4,5,0,,,,1.2916,0.0,0.0,0.0,0.0
10,5,5,0,,,,0.94946665,0.0,0.0,0.0,0.0
10,6,5,0,,,,0.92865,0.0,0.0,0.0,0.0
10,7,5,0,,,,1.1607167,0.0,0.0,0.0,0.0
10,8,5,0,,,,0.9787167,0.0,0.0,0.0,146.36
10,9,5,0,,,,1.1817,0.0,0.0,0.0,398.4
10,10,5,0,,,,1.1965834,0.0,0.0,0.0,576.24
10,11,5,0,,,,1.2092,0.0,0.0,0.0,567.32
10,12,5,0,,,,1.2049667,0.0,0.0,0.0,298.56
10,13,5,0,,,,1.68575,0.0,0.0,0.0,87.98
10,14,5,0,,,,1.48955,0.0,0.0,0.0,105.09
10,15,5,0,,,,4.2396,0.0,0.0,0.0,21.1
10,16,5,0,,,,2.0269334,0.0,0.0,0.0,80.85
10,17,5,0,,,,1.6190833,0.0,0.0,0.0,22.54
10,18,5,0,,,,1.7329333,0.0,0.0,0.0,0.0
10,19,5,0,,,,1.9095,0.0,0.0,0.0,0.0
10,20,5,0,,,,1.8465667,0.0,0.0,0.0,0.0
10,21,5,0,,,,1.5331334,0.0,0.0,0.0,0.0
10,22,5,0,,,,1.30195,0.0,0.0,0.0,0.0
10,23,5,0,,,,1.2998,0.0,0.0,0.0,0.0
10,24,5,0,,,,1.1221,0.0,0.0,0.0,0.0
10,1,6,0,,,,1.1468667,0.0,0.0,0.0,0.0
10,2,6,0,,,,1.1661834,0.0,0.0,0.0,0.0
10,3,6,0,,,,1.1725667,0.0,0.0,0.0,0.0
10,4,6,0,,,,1.1667334,0.0,0.0,0.0,0.0
10,5,6,0,,,,1.15255,0.0,0.0,0.0,0.0
10,6,6,0,,,,1.11895,0.0,0.0,0.0,0.0
10,7,6,0,,,,1.1783,0.0,0.0,0.0,0.0
10,8,6,0,,,,1.1530334,0.0,0.0,0.0,158.22
10,9,6,0,,,,1.4820833,0.0,0.0,0.0,379.61
10,10,6,0,,,,2.8921833,0.0,0.0,0.0,584.66
10,11,6,0,,,,1.8331667,0.0,0.0,0.0,692.53
10,12,6,0,,,,2.2474167,0.0,0.0,0.0,739.81
10,13,6,0,,,,2.2864666,0.0,0.0,0.0,731.03
10,14,6,0,,,,2.1980834,0.0,0.0,0.0,646.85
10,15,6,0,,,,2.36125,0.0,0.0,0.0,429.2
10,16,6,0,,,,2.1701334,0.0,0.0,0.0,180.71
10,17,6,0,,,,3.3391666,0.0,0.0,0.0,52.06
10,18,6,0,,,,1.4124833,0.0,0.0,0.0,0.0
10,19,6,0,,,,1.4350667,0.0,0.0,0.0,0.0
10,20,6,0,,,,1.4289,0.0,0.0,0.0,0.0
10,21,6,0,,,,1.48985,0.0,0.0,0.0,0.0
10,22,6,0,,,,1.8348334,0.0,0.0,0.0,0.0
10,23,6,0,,,,1.2315333,0.0,0.0,0.0,0.0
10,24,6,0,,,,1.4836,0.0,0.0,0.0,0.0
10,1,7,0,,,,1.3896,0.0,0.0,0.0,0.0
10,2,7,0,,,,1.3267666,0.0,0.0,0.0,0.0
10,3,7,0,,,,1.23675,0.0,0.0,0.0,0.0
10,4,7,0,,,,1.24125,0.0,0.0,0.0,0.0
10,5,7,0,,,,1.3446833,0.0,0.0,0.0,0.0
10,6,7,0,,,,1.29945,0.0,0.0,0.0,0.0
10,7,7,0,,,,1.20325,0.0,0.0,0.0,0.0
10,8,7,0,,,,1.6059834,0.0,0.0,0.0,9.46
10,9,7,0,,,,1.88485,0.0,0.0,0.0,20.25
10,10,7,0,,,,1.4995,0.0,0.0,0.0,42.59
10,11,7,0,,,,1.8510833,0.0,0.0,0.0,74.0
10,12,7,0,,,,1.9186167,0.0,0.0,0.0,260.71
10,13,7,0,,,,2.50075,0.0,0.0,0.0,157.12
10,14,7,0,,,,2.32035,0.0,0.0,0.0,252.93
10,15,7,0,,,,2.3787334,0.0,0.0,0.0,176.64
10,16,7,0,,,,2.4601333,0.0,0.0,0.0,147.17
10,17,7,0,,,,2.1225834,0.0,0.0,0.0,188.94
10,18,7,0,,,,2.1358,0.0,0.0,0.0,0.0
10,19,7,0,,,,3.0414834,0.0,0.0,0.0,0.0
10,20,7,0,,,,1.5231167,0.0,0.0,0.0,0.0
10,21,7,0,,,,1.49775,0.0,0.0,0.0,0.0
10,22,7,0,,,,1.3288833,0.0,0.0,0.0,0.0
10,23,7,0,,,,1.2303,0.0,0.0,0.0,0.0
10,24,7,0,,,,0.956675,0.0,0.0,0.0,0.0
10,1,1,0,,,,1.0105667,0.0,0.0,0.0,0.0
10,2,1,0,,,,0.92943335,0.0,0.0,0.0,0.0
10,3,1,0,,,,1.2084334,0.0,0.0,0.0,0.0
10,4,1,0,,,,1.1314833,0.0,0.0,0.0,0.0
10,5,1,0,,,,0.90746665,0.0,0.0,0.0,0.0
10,6,1,0,,,,0.9109,0.0,0.0,0.0,0.0
10,7,1,0,,,,0.91228336,0.0,0.0,0.0,0.0
10,8,1,0,,,,0.89975,0.0,0.0,0.0,44.1
10,9,1,0,,,,1.1804667,0.0,0.0,0.0,210.86
10,10,1,0,,,,0.86875,0.0,0.0,0.0,318.61
10,11,1,0,,,,2.4963167,0.0,0.0,0.0,67.27
10,12,1,0,,,,1.0867,0.0,0.0,0.0,138.7
10,13,1,0,,,,3.1019833,0.0,0.0,0.0,575.54
10,14,1,0,,,,2.0885334,0.0,0.0,0.0,439.51
10,15,1,0,,,,1.9656,0.0,0.0,0.0,206.71
10,16,1,0,,,,1.7728667,0.0,0.0,0.0,222.25
10,17,1,0,,,,2.2764833,0.0,0.0,0.0,70.73
10,18,1,0,,,,1.66945,0.0,0.0,0.0,0.0
10,19,1,0,,,,1.2769,0.0,0.0,0.0,0.0
10,20,1,0,,,,1.9081666,0.0,0.0,0.0,0.0
10,21,1,0,,,,1.3039,0.0,0.0,0.0,0.0
10,22,1,0,,,,1.25665,0.0,0.0,0.0,0.0
10,23,1,0,,,,0.91825,0.0,0.0,0.0,0.0
10,24,1,0,,,,0.966075,0.0,0.0,0.0,0.0
10,1,2,0,,,,1.1942667,0.0,0.0,0.0,0.0
10,2,2,0,,,,0.86268336,0.0,0.0,0.0,0.0
10,3,2,0,,,,1.3353833,0.0,0.0,0.0,0.0
10,4,2,0,,,,1.42305,0.0,0.0,0.0,0.0
10,5,2,0,,,,1.1356833,0.0,0.0,0.0,0.0
10,6,2,0,,,,1.2036,0.0,0.0,0.0,0.0
10,7,2,0,,,,1.09125,0.0,0.0,0.0,0.0
10,8,2,0,,,,0.9953167,0.0,0.0,0.0,52.18
10,9,2,0,,,,1.0056,0.0,0.0,0.0,358.0
10,10,2,0,,,,1.2661166,0.0,0.0,0.0,523.13
10,11,2,0,,,,0.8811833,0.0,0.0,0.0,174.33
10,12,2,0,,,,1.2038667,0.0,0.0,0.0,285.71
10,13,2,0,,,,1.957,0.0,0.0,0.0,600.93
10,14,2,0,,,,2.4188,0.0,0.0,0.0,64.25
10,15,2,0,,,,1.7898667,0.0,0.0,0.0,118.4
10,16,2,0,,,,1.8523834,0.0,0.0,0.0,220.51
10,17,2,0,,,,1.4338833,0.0,0.0,0.0,121.62
10,18,2,0,,,,1.4954333,0.0,0.0,0.0,0.0
10,19,2,0,,,,1.3716834,0.0,0.0,0.0,0.0
10,20,2,0,,,,1.1660833,0.0,0.0,0.0,0.0
10,21,2,0,,,,2.2555666,0.0,0.0,0.0,0.0
10,22,2,0,,,,0.93296665,0.0,0.0,0.0,0.0
10,23,2,0,,,,0.9411,0.0,0.0,0.0,0.0
10,24,2,0,,,,0.94505,0.0,0.0,0.0,0.0
10,1,3,0,,,,0.9522167,0.0,0.0,0.0,0.0
10,2,3,0,,,,1.1519834,0.0,0.0,0.0,0.0
10,3,3,0,,,,1.3232666,0.0,0.0,0.0,0.0
10,4,3,0,,,,1.2927667,0.0,0.0,0.0,0.0
10,5,3,0,,,,0.97335,0.0,0.0,0.0,0.0
10,6,3,0,,,,0.98223335,0.0,0.0,0.0,0.0
10,7,3,0,,,,0.9830667,0.0,0.0,0.0,0.0
10,8,3,0,,,,1.1549166,0.0,0.0,0.0,36.23
10,9,3,0,,,,1.18045,0.0,0.0,0.0,148.28
10,10,3,0,,,,1.0318,0.0,0.0,0.0,435.32
10,11,3,0,,,,1.02115,0.0,0.0,0.0,315.93
10,12,3,0,,,,1.0491667,0.0,0.0,0.0,335.89
10,13,3,0,,,,1.0751,0.0,0.0,0.0,308.81
10,14,3,0,,,,1.0128833,0.0,0.0,0.0,154.6
10,15,3,0,,,,1.3225167,0.0,0.0,0.0,209.12
10,16,3,0,,,,1.9026834,0.0,0.0,0.0,134.05
10,17,3,0,,,,1.5975833,0.0,0.0,0.0,103.7
10,18,3,0,,,,1.67345,0.0,0.0,0.0,0.0
10,19,3,0,,,,1.90455,0.0,0.0,0.0,0.0
10,20,3,0,,,,1.4682,0.0,0.0,0.0,0.0
10,21,3,0,,,,1.6004,0.0,0.0,0.0,0.0
10,22,3,0,,,,2.4618332,0.0,0.0,0.0,0.0
10,23,3,0,,,,1.2347333,0.0,0.0,0.0,0.0
10,24,3,0,,,,1.1939917,0.0,0.0,0.0,0.0
10,1,4,0,,,,1.086,0.0,0.0,0.0,0.0
10,2,4,0,,,,1.0623167,0.0,0.0,0.0,0.0
10,3,4,0,,,,1.6077334,0.0,0.0,0.0,0.0
10,4,4,0,,,,1.3014667,0.0,0.0,0.0,0.0
10,5,4,0,,,,0.99848336,0.0,0.0,0.0,0.0
10,6,4,0,,,,1.0848666,0.0,0.0,0.0,0.0
10,7,4,0,,,,1.1107666,0.0,0.0,0.0,0.0
10,8,4,0,,,,0.9440333,0.0,0.0,0.0,114.19
10,9,4,0,,,,0.9356833,0.0,0.0,0.0,350.64
10,10,4,0,,,,0.92071664,0.0,0.0,0.0,517.64
10,11,4,0,,,,0.91513336,0.0,0.0,0.0,621.55
10,12,4,0,,,,0.91545,0.0,0.0,0.0,695.28
10,13,4,0,,,,0.9831667,0.0,0.0,0.0,635.82
10,14,4,0,,,,1.1992834,0.0,0.0,0.0,598.71
10,15,4,0,,,,1.4426167,0.0,0.0,0.0,454.11
10,16,4,0,,,,1.77545,0.0,0.0,0.0,315.62
10,17,4,0,,,,1.6649667,0.0,0.0,0.0,114.08
10,18,4,0,,,,1.4972167,0.0,0.0,0.0,0.0
10,19,4,0,,,,1.1677333,0.0,0.0,0.0,0.0
10,20,4,0,,,,1.1402833,0.0,0.0,0.0,0.0
10,21,4,0,,,,0.8745667,0.0,0.0,0.0,0.0
10,22,4,0,,,,1.1829833,0.0,0.0,0.0,0.0
10,23,4,0,,,,1.2283334,0.0,0.0,0.0,0.0
10,24,4,0,,,,1.0012833,0.0,0.0,0.0,0.0
10,1,5,0,,,,1.0383166,0.0,0.0,0.0,0.0
10,2,5,0,,,,1.04765,0.0,0.0,0.0,0.0
10,3,5,0,,,,1.36195,0.0,0.0,0.0,0.0
10,4,5,0,,,,1.43765,0.0,0.0,0.0,0.0
10,5,5,0,,,,1.2099833,0.0,0.0,0.0,0.0
10,6,5,0,,,,1.0606166,0.0,0.0,0.0,0.0
10,7,5,0,,,,0.9704667,0.0,0.0,0.0,0.0
10,8,5,0,,,,0.9625,0.0,0.0,0.0,102.87
10,9,5,0,,,,0.96571666,0.0,0.0,0.0,341.51
10,10,5,0,,,,0.98546666,0.0,0.0,0.0,512.26
10,11,5,0,,,,1.2367333,0.0,0.0,0.0,616.88
10,12,5,0,,,,1.3507167,0.0,0.0,0.0,689.12
10,13,5,0,,,,1.1732833,0.0,0.0,0.0,667.51
10,14,5,0,,,,1.3213667,0.0,0.0,0.0,614.15
10,15,5,0,,,,1.2316166,0.0,0.0,0.0,439.55
10,16,5,0,,,,1.6716,0.0,0.0,0.0,334.67
10,17,5,0,,,,1.4173666,0.0,0.0,0.0,113.82
10,18,5,0,,,,1.3299834,0.0,0.0,0.0,0.0
10,19,5,0,,,,1.1785667,0.0,0.0,0.0,0.0
10,20,5,0,,,,1.1578166,0.0,0.0,0.0,0.0
10,21,5,0,,,,1.2068167,0.0,0.0,0.0,0.0
10,22,5,0,,,,1.3457834,0.0,0.0,0.0,0.0
10,23,5,0,,,,1.0703167,0.0,0.0,0.0,0.0
10,24,5,0,,,,0.98664165,0.0,0.0,0.0,0.0
10,1,6,0,,,,1.0177166,0.0,0.0,0.0,0.0
10,2,6,0,,,,1.03795,0.0,0.0,0.0,0.0
10,3,6,0,,,,1.05375,0.0,0.0,0.0,0.0
10,4,6,0,,,,1.05255,0.0,0.0,0.0,0.0
10,5,6,0,,,,1.0522333,0.0,0.0,0.0,0.0
10,6,6,0,,,,1.0361167,0.0,0.0,0.0,0.0
10,7,6,0,,,,1.0224667,0.0,0.0,0.0,0.0
10,8,6,0,,,,1.03095,0.0,0.0,0.0,85.12
10,9,6,0,,,,1.0373,0.0,0.0,0.0,320.97
10,10,6,0,,,,0.9659333,0.0,0.0,0.0,482.42
10,11,6,0,,,,1.30865,0.0,0.0,0.0,587.74
10,12,6,0,,,,1.7686,0.0,0.0,0.0,646.51
10,13,6,0,,,,1.2210166,0.0,0.0,0.0,634.19
10,14,6,0,,,,1.0961666,0.0,0.0,0.0,571.79
10,15,6,0,,,,1.34945,0.0,0.0,0.0,411.3
10,16,6,0,,,,2.0273333,0.0,0.0,0.0,298.94
10,17,6,0,,,,1.34885,0.0,0.0,0.0,62.23
10,18,6,0,,,,1.2475667,0.0,0.0,0.0,0.0
10,19,6,0,,,,1.2002833,0.0,0.0,0.0,0.0
10,20,6,0,,,,1.1521667,0.0,0.0,0.0,0.0
10,21,6,0,,,,1.0062,0.0,0.0,0.0,0.0
10,22,6,0,,,,1.0848833,0.0,0.0,0.0,0.0
10,23,6,0,,,,0.97856665,0.0,0.0,0.0,0.0
10,24,6,0,,,,0.9271333,0.0,0.0,0.0,0.0
10,1,7,0,,,,0.9615333,0.0,0.0,0.0,0.0
10,2,7,0,,,,0.9941,0.0,0.0,0.0,0.0
10,3,7,0,,,,0.9942333,0.0,0.0,0.0,0.0
10,4,7,0,,,,1.0265334,0.0,0.0,0.0,0.0
10,5,7,0,,,,1.3945667,0.0,0.0,0.0,0.0
10,6,7,0,,,,1.0148166,0.0,0.0,0.0,0.0
10,7,7,0,,,,1.0304,0.0,0.0,0.0,0.0
10,8,7,0,,,,1.5430334,0.0,0.0,0.0,16.68
10,9,7,0,,,,1.1651833,0.0,0.0,0.0,148.64
10,10,7,0,,,,1.6156167,0.0,0.0,0.0,393.03
10,11,7,0,,,,1.1875833,0.0,0.0,0.0,642.48
10,12,7,0,,,,1.1471,0.0,0.0,0.0,706.35
10,13,7,0,,,,1.0696,0.0,0.0,0.0,680.5
10,14,7,0,,,,0.9636,0.0,0.0,0.0,617.35
10,15,7,0,,,,0.93298334,0.0,0.0,0.0,434.6
10,16,7,0,,,,1.9698167,0.0,0.0,0.0,312.34
10,17,7,0,,,,1.5124583,0.0,0.0,0.0,99.86
10,18,7,0,,,,0.9424667,0.0,0.0,0.0,0.0
10,19,7,0,,,,0.96578336,0.0,0.0,0.0,0.0
10,20,7,0,,,,1.21945,0.0,0.0,0.0,0.0
10,21,7,0,,,,1.064,0.0,0.0,0.0,0.0
10,22,7,0,,,,1.1266,0.0,0.0,0.0,0.0
10,23,7,0,,,,1.0258,0.0,0.0,0.0,0.0
10,24,7,0,,,,1.0595083,0.0,0.0,0.0,0.0
10,1,1,0,,,,1.0823833,0.0,0.0,0.0,0.0
10,2,1,0,,,,1.01935,0.0,0.0,0.0,0.0
10,3,1,0,,,,1.5450333,0.0,0.0,0.0,0.0
10,4,1,0,,,,1.3247666,0.0,0.0,0.0,0.0
10,5,1,0,,,,0.95211667,0.0,0.0,0.0,0.0
10,6,1,0,,,,0.94311666,0.0,0.0,0.0,0.0
10,7,1,0,,,,0.96896666,0.0,0.0,0.0,0.0
10,8,1,0,,,,0.9547,0.0,0.0,0.0,89.3
10,9,1,0,,,,0.96388334,0.0,0.0,0.0,330.58
10,10,1,0,,,,1.1809167,0.0,0.0,0.0,498.77
10,11,1,0,,,,1.7986333,0.0,0.0,0.0,617.88
10,12,1,0,,,,1.2832,0.0,0.0,0.0,683.31
10,13,1,0,,,,1.3035333,0.0,0.0,0.0,656.88
10,14,1,0,,,,1.4405667,0.0,0.0,0.0,600.06
10,15,1,0,,,,1.1823,0.0,0.0,0.0,448.02
10,16,1,0,,,,1.1097833,0.0,0.0,0.0,321.02
10,17,1,0,,,,1.1340166,0.0,0.0,0.0,88.25
10,18,1,0,,,,1.1697,0.0,0.0,0.0,0.0
10,19,1,0,,,,1.5639167,0.0,0.0,0.0,0.0
10,20,1,0,,,,1.58215,0.0,0.0,0.0,0.0
10,21,1,0,,,,1.28885,0.0,0.0,0.0,0.0
10,22,1,0,,,,1.2506666,0.0,0.0,0.0,0.0
10,23,1,0,,,,1.25355,0.0,0.0,0.0,0.0
10,24,1,0,,,,1.2515917,0.0,0.0,0.0,0.0
10,1,2,0,,,,1.2328666,0.0,0.0,0.0,0.0
10,2,2,0,,,,1.2338333,0.0,0.0,0.0,0.0
10,3,2,0,,,,1.5165334,0.0,0.0,0.0,0.0
10,4,2,0,,,,1.5007334,0.0,0.0,0.0,0.0
10,5,2,0,,,,1.1854334,0.0,0.0,0.0,0.0
10,6,2,0,,,,1.1769,0.0,0.0,0.0,0.0
10,7,2,0,,,,1.1686667,0.0,0.0,0.0,0.0
10,8,2,0,,,,1.1515167,0.0,0.0,0.0,84.71
10,9,2,0,,,,1.3224666,0.0,0.0,0.0,322.43
10,10,2,0,,,,1.4101167,0.0,0.0,0.0,487.72
10,11,2,0,,,,1.12665,0.0,0.0,0.0,605.1
10,12,2,0,,,,1.1509167,0.0,0.0,0.0,656.0
10,13,2,0,,,,1.25605,0.0,0.0,0.0,637.9
10,14,2,0,,,,1.5740334,0.0,0.0,0.0,589.97
10,15,2,0,,,,1.2462333,0.0,0.0,0.0,464.19
10,16,2,0,,,,1.112,0.0,0.0,0.0,321.8
10,17,2,0,,,,1.1232834,0.0,0.0,0.0,83.01
10,18,2,0,,,,1.2011167,0.0,0.0,0.0,0.0
10,19,2,0,,,,1.7733834,0.0,0.0,0.0,0.0
10,20,2,0,,,,1.5062333,0.0,0.0,0.0,0.0
10,21,2,0,,,,1.5041,0.0,0.0,0.0,0.0
10,22,2,0,,,,1.1978834,0.0,0.0,0.0,0.0
10,23,2,0,,,,1.3894,0.0,0.0,0.0,0.0
10,24,2,0,,,,1.29215,0.0,0.0,0.0,0.0
10,1,3,0,,,,1.1831167,0.0,0.0,0.0,0.0
10,2,3,0,,,,1.24045,0.0,0.0,0.0,0.0
10,3,3,0,,,,1.5041,0.0,0.0,0.0,0.0
10,4,3,0,,,,1.5578333,0.0,0.0,0.0,0.0
10,5,3,0,,,,1.3520334,0.0,0.0,0.0,0.0
10,6,3,0,,,,1.1495167,0.0,0.0,0.0,0.0
10,7,3,0,,,,1.1295667,0.0,0.0,0.0,0.0
10,8,3,0,,,,1.1246166,0.0,0.0,0.0,46.59
10,9,3,0,,,,1.1392666,0.0,0.0,0.0,259.5
10,10,3,0,,,,1.1333333,0.0,0.0,0.0,450.24
10,11,3,0,,,,1.1295167,0.0,0.0,0.0,578.9
10,12,3,0,,,,1.1124,0.0,0.0,0.0,638.69
10,13,3,0,,,,1.1483333,0.0,0.0,0.0,643.3
10,14,3,0,,,,1.4035667,0.0,0.0,0.0,594.41
10,15,3,0,,,,1.05545,0.0,0.0,0.0,490.18
10,16,3,0,,,,1.3122,0.0,0.0,0.0,304.12
10,17,3,0,,,,2.7466667,0.0,0.0,0.0,79.36
10,18,3,0,,,,1.2413334,0.0,0.0,0.0,0.0
10,19,3,0,,,,1.3548666,0.0,0.0,0.0,0.0
10,20,3,0,,,,1.9145833,0.0,0.0,0.0,0.0
10,21,3,0,,,,1.6054333,0.0,0.0,0.0,0.0
10,22,3,0,,,,1.4371333,0.0,0.0,0.0,0.0
10,23,3,0,,,,1.5561,0.0,0.0,0.0,0.0
10,24,3,0,,,,1.092975,0.0,0.0,0.0,0.0
10,1,4,0,,,,1.00355,0.0,0.0,0.0,0.0
10,2,4,0,,,,1.0666167,0.0,0.0,0.0,0.0
10,3,4,0,,,,1.3503667,0.0,0.0,0.0,0.0
10,4,4,0,,,,1.3765,0.0,0.0,0.0,0.0
10,5,4,0,,,,1.0219333,0.0,0.0,0.0,0.0
10,6,4,0,,,,0.98226666,0.0,0.0,0.0,0.0
10,7,4,0,,,,1.0258833,0.0,0.0,0.0,0.0
10,8,4,0,,,,0.9364333,0.0,0.0,0.0,51.33
10,9,4,0,,,,1.2114,0.0,0.0,0.0,126.78
10,10,4,0,,,,1.2129667,0.0,0.0,0.0,482.24
10,11,4,0,,,,1.2288166,0.0,0.0,0.0,591.97
10,12,4,0,,,,1.2024666,0.0,0.0,0.0,653.12
10,13,4,0,,,,1.2056333,0.0,0.0,0.0,650.32
10,14,4,0,,,,1.20325,0.0,0.0,0.0,597.65
10,15,4,0,,,,1.5564667,0.0,0.0,0.0,483.27
10,16,4,0,,,,2.1341166,0.0,0.0,0.0,313.17
10,17,4,0,,,,1.2123,0.0,0.0,0.0,70.85
10,18,4,0,,,,1.2604667,0.0,0.0,0.0,0.0
10,19,4,0,,,,1.3083,0.0,0.0,0.0,0.0
10,20,4,0,,,,1.7625166,0.0,0.0,0.0,0.0
10,21,4,0,,,,1.4733666,0.0,0.0,0.0,0.0
10,22,4,0,,,,1.3184667,0.0,0.0,0.0,0.0
10,23,4,0,,,,1.2680833,0.0,0.0,0.0,0.0
10,24,4,0,,,,1.3393583,0.0,0.0,0.0,0.0
10,1,5,0,,,,1.28355,0.0,0.0,0.0,0.0
10,2,5,0,,,,0.99843335,0.0,0.0,0.0,0.0
10,3,5,0,,,,1.2837167,0.0,0.0,0.0,0.0
10,4,5,0,,,,1.31525,0.0,0.0,0.0,0.0
10,5,5,0,,,,1.49765,0.0,0.0,0.0,0.0
10,6,5,0,,,,1.0031667,0.0,0.0,0.0,0.0
10,7,5,0,,,,1.2746834,0.0,0.0,0.0,0.0
10,8,5,0,,,,1.0015167,0.0,0.0,0.0,6.32
10,9,5,0,,,,1.3270167,0.0,0.0,0.0,54.81
10,10,5,0,,,,1.4793667,0.0,0.0,0.0,102.13
10,11,5,0,,,,1.2809167,0.0,0.0,0.0,124.42
10,12,5,0,,,,2.7800667,0.0,0.0,0.0,108.67
10,13,5,0,,,,1.6929834,0.0,0.0,0.0,124.74
10,14,5,0,,,,1.66495,0.0,0.0,0.0,193.63
10,15,5,0,,,,2.7378,0.0,0.0,0.0,209.19
10,16,5,0,,,,1.3145334,0.0,0.0,0.0,295.68
10,17,5,0,,,,2.1926167,0.0,0.0,0.0,79.64
10,18,5,0,,,,1.6069666,0.0,0.0,0.0,0.0
10,19,5,0,,,,1.5774333,0.0,0.0,0.0,0.0
10,20,5,0,,,,1.2290167,0.0,0.0,0.0,0.0
10,21,5,0,,,,1.6489167,0.0,0.0,0.0,0.0
10,22,5,0,,,,1.2763166,0.0,0.0,0.0,0.0
10,23,5,0,,,,1.1457833,0.0,0.0,0.0,0.0
10,24,5,0,,,,1.1166667,0.0,0.0,0.0,0.0
10,1,6,0,,,,1.00735,0.0,0.0,0.0,0.0
10,2,6,0,,,,1.0187833,0.0,0.0,0.0,0.0
10,3,6,0,,,,1.0643333,0.0,0.0,0.0,0.0
10,4,6,0,,,,1.0517833,0.0,0.0,0.0,0.0
10,5,6,0,,,,1.0570834,0.0,0.0,0.0,0.0
10,6,6,0,,,,1.0424,0.0,0.0,0.0,0.0
10,7,6,0,,,,1.0366833,0.0,0.0,0.0,0.0
10,8,6,0,,,,1.5807667,0.0,0.0,0.0,5.21
10,9,6,0,,,,2.4666333,0.0,0.0,0.0,87.74
10,10,6,0,,,,0.98983335,0.0,0.0,0.0,103.69
10,11,6,0,,,,1.2833834,0.0,0.0,0.0,310.13
10,12,6,0,,,,1.22785,0.0,0.0,0.0,490.44
10,13,6,0,,,,1.6334,0.0,0.0,0.0,517.11
10,14,6,0,,,,2.3168666,0.0,0.0,0.0,540.17
10,15,6,0,,,,2.4559,0.0,0.0,0.0,405.7
10,16,6,0,,,,1.70735,0.0,0.0,0.0,230.77
10,17,6,0,,,,1.51905,0.0,0.0,0.0,60.4
10,18,6,0,,,,1.4366333,0.0,0.0,0.0,0.0
10,19,6,0,,,,1.3420334,0.0,0.0,0.0,0.0
10,20,6,0,,,,1.3285,0.0,0.0,0.0,0.0
10,21,6,0,,,,0.9799833,0.0,0.0,0.0,0.0
10,22,6,0,,,,0.9508833,0.0,0.0,0.0,0.0
10,23,6,0,,,,0.99225,0.0,0.0,0.0,0.0
10,24,6,0,,,,1.1071917,0.0,0.0,0.0,0.0
10,1,7,0,,,,1.06005,0.0,0.0,0.0,0.0
10,2,7,0,,,,1.1071666,0.0,0.0,0.0,0.0
10,3,7,0,,,,1.0424,0.0,0.0,0.0,0.0
10,4,7,0,,,,1.1472833,0.0,0.0,0.0,0.0
10,5,7,0,,,,1.1110834,0.0,0.0,0.0,0.0
10,6,7,0,,,,1.1382,0.0,0.0,0.0,0.0
10,7,7,0,,,,1.1129,0.0,0.0,0.0,0.0
10,8,7,0,,,,1.29015,0.0,0.0,0.0,0.0
10,9,7,0,,,,1.5415334,0.0,0.0,0.0,87.77
10,10,7,0,,,,1.4711833,0.0,0.0,0.0,174.81
10,11,7,0,,,,1.13455,0.0,0.0,0.0,297.31
10,12,7,0,,,,1.1106334,0.0,0.0,0.0,267.16
10,13,7,0,,,,1.13,0.0,0.0,0.0,494.24
10,14,7,0,,,,1.3596333,0.0,0.0,0.0,440.26
10,15,7,0,,,,1.0894333,0.0,0.0,0.0,254.45
10,16,7,0,,,,1.1444334,0.0,0.0,0.0,210.98
10,17,7,0,,,,1.0478166,0.0,0.0,0.0,39.83
10,18,7,0,,,,1.0329167,0.0,0.0,0.0,0.0
10,19,7,0,,,,1.03475,0.0,0.0,0.0,0.0
10,20,7,0,,,,1.0933,0.0,0.0,0.0,0.0
10,21,7,0,,,,1.1997833,0.0,0.0,0.0,0.0
10,22,7,0,,,,1.1031667,0.0,0.0,0.0,0.0
10,23,7,0,,,,1.1578166,0.0,0.0,0.0,0.0
10,24,7,0,,,,1.2974167,0.0,0.0,0.0,0.0
10,1,1,0,,,,1.1164,0.0,0.0,0.0,0.0
10,2,1,0,,,,1.1110333,0.0,0.0,0.0,0.0
10,3,1,0,,,,1.3909667,0.0,0.0,0.0,0.0
10,4,1,0,,,,1.4766667,0.0,0.0,0.0,0.0
10,5,1,0,,,,1.21725,0.0,0.0,0.0,0.0
10,6,1,0,,,,1.0505167,0.0,0.0,0.0,0.0
10,7,1,0,,,,1.0515833,0.0,0.0,0.0,0.0
10,8,1,0,,,,1.0164,0.0,0.0,0.0,4.61
10,9,1,0,,,,1.0046333,0.0,0.0,0.0,52.73
10,10,1,0,,,,1.04605,0.0,0.0,0.0,131.84
10,11,1,0,,,,1.0316167,0.0,0.0,0.0,174.64
10,12,1,0,,,,0.9961,0.0,0.0,0.0,136.33
10,13,1,0,,,,1.0429333,0.0,0.0,0.0,144.82
10,14,1,0,,,,1.1002667,0.0,0.0,0.0,227.13
10,15,1,0,,,,1.39715,0.0,0.0,0.0,216.12
10,16,1,0,,,,1.376,0.0,0.0,0.0,74.71
10,17,1,0,,,,1.39705,0.0,0.0,0.0,5.05
10,18,1,0,,,,1.1606166,0.0,0.0,0.0,0.0
10,19,1,0,,,,0.9931333,0.0,0.0,0.0,0.0
10,20,1,0,,,,1.2808334,0.0,0.0,0.0,0.0
10,21,1,0,,,,1.1684,0.0,0.0,0.0,0.0
10,22,1,0,,,,1.0476333,0.0,0.0,0.0,0.0
10,23,1,0,,,,1.0460666,0.0,0.0,0.0,0.0
10,24,1,0,,,,1.01805,0.0,0.0,0.0,0.0
10,1,2,0,,,,1.0259,0.0,0.0,0.0,0.0
10,2,2,0,,,,1.0322,0.0,0.0,0.0,0.0
10,3,2,0,,,,1.3416166,0.0,0.0,0.0,0.0
10,4,2,0,,,,1.3869,0.0,0.0,0.0,0.0
10,5,2,0,,,,1.0700166,0.0,0.0,0.0,0.0
10,6,2,0,,,,1.0107167,0.0,0.0,0.0,0.0
10,7,2,0,,,,0.96925,0.0,0.0,0.0,0.0
10,8,2,0,,,,0.9784,0.0,0.0,0.0,0.69
10,9,2,0,,,,0.9511667,0.0,0.0,0.0,34.14
10,10,2,0,,,,0.9454,0.0,0.0,0.0,63.18
10,11,2,0,,,,0.94418335,0.0,0.0,0.0,77.86
10,12,2,0,,,,1.3204167,0.0,0.0,0.0,55.1
10,13,2,0,,,,0.9583667,0.0,0.0,0.0,55.01
10,14,2,0,,,,0.8900667,0.0,0.0,0.0,41.29
10,15,2,0,,,,0.9206833,0.0,0.0,0.0,23.76
10,16,2,0,,,,0.9716667,0.0,0.0,0.0,14.87
10,17,2,0,,,,0.94085,0.0,0.0,0.0,0.87
10,18,2,0,,,,1.1478,0.0,0.0,0.0,0.0
10,19,2,0,,,,1.0346333,0.0,0.0,0.0,0.0
10,20,2,0,,,,0.9942333,0.0,0.0,0.0,0.0
10,21,2,0,,,,1.03455,0.0,0.0,0.0,0.0
10,22,2,0,,,,0.9705333,0.0,0.0,0.0,0.0
10,23,2,0,,,,1.0325333,0.0,0.0,0.0,0.0
10,24,2,0,,,,1.027675,0.0,0.0,0.0,0.0
10,1,3,0,,,,1.0200833,0.0,0.0,0.0,0.0
10,2,3,0,,,,1.0068333,0.0,0.0,0.0,0.0
10,3,3,0,,,,1.2211833,0.0,0.0,0.0,0.0
10,4,3,0,,,,1.3950334,0.0,0.0,0.0,0.0
10,5,3,0,,,,0.9686,0.0,0.0,0.0,0.0
10,6,3,0,,,,0.9593833,0.0,0.0,0.0,0.0
10,7,3,0,,,,0.9429833,0.0,0.0,0.0,0.0
10,8,3,0,,,,0.98326665,0.0,0.0,0.0,0.33
10,9,3,0,,,,1.03315,0.0,0.0,0.0,31.49
10,10,3,0,,,,0.99518335,0.0,0.0,0.0,68.72
10,11,3,0,,,,0.9962,0.0,0.0,0.0,98.06
10,12,3,0,,,,0.9734333,0.0,0.0,0.0,48.44
10,13,3,0,,,,0.95283335,0.0,0.0,0.0,126.24
10,14,3,0,,,,1.2991834,0.0,0.0,0.0,188.5
10,15,3,0,,,,1.6912,0.0,0.0,0.0,27.39
10,16,3,0,,,,3.0360334,0.0,0.0,0.0,12.28
10,17,3,0,,,,1.60545,0.0,0.0,0.0,4.51
10,18,3,0,,,,1.5804666,0.0,0.0,0.0,0.0
10,19,3,0,,,,0.84188336,0.0,0.0,0.0,0.0
10,20,3,0,,,,0.86011666,0.0,0.0,0.0,0.0
10,21,3,0,,,,0.8742,0.0,0.0,0.0,0.0
10,22,3,0,,,,0.88441664,0.0,0.0,0.0,0.0
10,23,3,0,,,,0.8968167,0.0,0.0,0.0,0.0
10,24,3,0,,,,0.901025,0.0,0.0,0.0,0.0
10,1,4,0,,,,0.89468336,0.0,0.0,0.0,0.0
10,2,4,0,,,,0.98836666,0.0,0.0,0.0,0.0
10,3,4,0,,,,1.0045667,0.0,0.0,0.0,0.0
10,4,4,0,,,,1.0045834,0.0,0.0,0.0,0.0
10,5,4,0,,,,1.0037667,0.0,0.0,0.0,0.0
10,6,4,0,,,,1.0358334,0.0,0.0,0.0,0.0
10,7,4,0,,,,1.0541667,0.0,0.0,0.0,0.0
10,8,4,0,,,,1.4608667,0.0,0.0,0.0,1.56
10,9,4,0,,,,1.6494666,0.0,0.0,0.0,39.94
10,10,4,0,,,,1.1097833,0.0,0.0,0.0,90.43
10,11,4,0,,,,1.3248667,0.0,0.0,0.0,125.52
10,12,4,0,,,,1.0218333,0.0,0.0,0.0,237.18
10,13,4,0,,,,2.00135,0.0,0.0,0.0,564.47
10,14,4,0,,,,1.1971834,0.0,0.0,0.0,579.4
10,15,4,0,,,,1.1565833,0.0,0.0,0.0,479.66
10,16,4,0,,,,1.1571833,0.0,0.0,0.0,277.11
10,17,4,0,,,,1.2029834,0.0,0.0,0.0,8.25
10,18,4,0,,,,2.4505,0.0,0.0,0.0,0.0
10,19,4,0,,,,0.9327,0.0,0.0,0.0,0.0
10,20,4,0,,,,1.1763,0.0,0.0,0.0,0.0
10,21,4,0,,,,1.19635,0.0,0.0,0.0,0.0
10,22,4,0,,,,1.8474166,0.0,0.0,0.0,0.0
10,23,4,0,,,,0.9066833,0.0,0.0,0.0,0.0
10,24,4,0,,,,0.897675,0.0,0.0,0.0,0.0
10,1,5,0,,,,1.1753334,0.0,0.0,0.0,0.0
10,2,5,0,,,,0.89143336,0.0,0.0,0.0,0.0
10,3,5,0,,,,0.9932333,0.0,0.0,0.0,0.0
10,4,5,0,,,,1.3697333,0.0,0.0,0.0,0.0
10,5,5,0,,,,1.2599334,0.0,0.0,0.0,0.0
10,6,5,0,,,,1.0535916,0.0,0.0,0.0,0.0
10,7,5,0,,,,1.07755,0.0,0.0,0.0,0.0
10,8,5,0,,,,1.2451667,0.0,0.0,0.0,0.0
10,9,5,0,,,,0.99263334,0.0,0.0,0.0,18.41
10,10,5,0,,,,0.94228333,0.0,0.0,0.0,70.06
10,11,5,0,,,,0.9284833,0.0,0.0,0.0,110.36
10,12,5,0,,,,0.94918334,0.0,0.0,0.0,39.34
10,13,5,0,,,,1.2611,0.0,0.0,0.0,18.38
10,14,5,0,,,,1.267,0.0,0.0,0.0,40.2
10,15,5,0,,,,0.91973335,0.0,0.0,0.0,32.06
10,16,5,0,,,,1.2783667,0.0,0.0,0.0,17.13
10,17,5,0,,,,1.42745,0.0,0.0,0.0,0.18
10,18,5,0,,,,1.8482167,0.0,0.0,0.0,0.0
10,19,5,0,,,,1.3369334,0.0,0.0,0.0,0.0
10,20,5,0,,,,1.2197334,0.0,0.0,0.0,0.0
10,21,5,0,,,,1.0469167,0.0,0.0,0.0,0.0
10,22,5,0,,,,1.0370667,0.0,0.0,0.0,0.0
10,23,5,0,,,,1.01605,0.0,0.0,0.0,0.0
10,24,5,0,,,,1.0381833,0.0,0.0,0.0,0.0
10,1,6,0,,,,1.1179,0.0,0.0,0.0,0.0
10,2,6,0,,,,1.1060333,0.0,0.0,0.0,0.0
10,3,6,0,,,,1.0730667,0.0,0.0,0.0,0.0
10,4,6,0,,,,1.058,0.0,0.0,0.0,0.0
10,5,6,0,,,,1.0516,0.0,0.0,0.0,0.0
10,6,6,0,,,,1.0731333,0.0,0.0,0.0,0.0
10,7,6,0,,,,1.3177667,0.0,0.0,0.0,0.0
10,8,6,0,,,,1.3363667,0.0,0.0,0.0,20.2
10,9,6,0,,,,0.96526664,0.0,0.0,0.0,271.07
10,10,6,0,,,,1.1888666,0.0,0.0,0.0,449.5
10,11,6,0,,,,2.6771,0.0,0.0,0.0,197.89
10,12,6,0,,,,1.7247666,0.0,0.0,0.0,256.09
10,13,6,0,,,,1.1472167,0.0,0.0,0.0,631.42
10,14,6,0,,,,1.4168667,0.0,0.0,0.0,79.35
10,15,6,0,,,,1.3306333,0.0,0.0,0.0,179.73
10,16,6,0,,,,1.2379333,0.0,0.0,0.0,170.74
10,17,6,0,,,,1.19505,0.0,0.0,0.0,6.78
10,18,6,0,,,,1.9799833,0.0,0.0,0.0,0.0
10,19,6,0,,,,1.0251167,0.0,0.0,0.0,0.0
10,20,6,0,,,,1.19045,0.0,0.0,0.0,0.0
10,21,6,0,,,,1.23755,0.0,0.0,0.0,0.0
10,22,6,0,,,,1.51305,0.0,0.0,0.0,0.0
10,23,6,0,,,,1.18205,0.0,0.0,0.0,0.0
10,24,6,0,,,,1.18855,0.0,0.0,0.0,0.0
10,1,7,0,,,,1.1956167,0.0,0.0,0.0,0.0
10,2,7,0,,,,1.22525,0.0,0.0,0.0,0.0
10,3,7,0,,,,1.2342,0.0,0.0,0.0,0.0
10,4,7,0,,,,1.21565,0.0,0.0,0.0,0.0
10,5,7,0,,,,1.1952,0.0,0.0,0.0,0.0
10,6,7,0,,,,1.21115,0.0,0.0,0.0,0.0
10,7,7,0,,,,1.2757666,0.0,0.0,0.0,0.0
10,8,7,0,,,,1.5361667,0.0,0.0,0.0,21.06
10,9,7,0,,,,1.2180667,0.0,0.0,0.0,302.22
10,10,7,0,,,,1.1987667,0.0,0.0,0.0,134.21
10,11,7,0,,,,1.1677834,0.0,0.0,0.0,259.65
10,12,7,0,,,,1.1806,0.0,0.0,0.0,74.77
10,13,7,0,,,,1.4419833,0.0,0.0,0.0,628.21
10,14,7,0,,,,2.0189333,0.0,0.0,0.0,615.04
10,15,7,0,,,,1.4697666,0.0,0.0,0.0,478.08
10,16,7,0,,,,1.1835333,0.0,0.0,0.0,279.61
10,17,7,0,,,,1.1699834,0.0,0.0,0.0,5.3
10,18,7,0,,,,1.1681833,0.0,0.0,0.0,0.0
10,19,7,0,,,,1.2718333,0.0,0.0,0.0,0.0
10,20,7,0,,,,1.3568166,0.0,0.0,0.0,0.0
10,21,7,0,,,,1.2793666,0.0,0.0,0.0,0.0
10,22,7,0,,,,1.1607,0.0,0.0,0.0,0.0
10,23,7,0,,,,1.0774666,0.0,0.0,0.0,0.0
10,24,7,0,,,,1.137775,0.0,0.0,0.0,0.0
10,1,1,0,,,,1.0579166,0.0,0.0,0.0,0.0
10,2,1,0,,,,1.0655833,0.0,0.0,0.0,0.0
10,3,1,0,,,,1.41425,0.0,0.0,0.0,0.0
10,4,1,0,,,,1.6573334,0.0,0.0,0.0,0.0
10,5,1,0,,,,1.4334834,0.0,0.0,0.0,0.0
10,6,1,0,,,,1.2150667,0.0,0.0,0.0,0.0
10,7,1,0,,,,1.2018,0.0,0.0,0.0,0.0
10,8,1,0,,,,1.1836833,0.0,0.0,0.0,0.0
10,9,1,0,,,,1.1853666,0.0,0.0,0.0,78.81
10,10,1,0,,,,1.18775,0.0,0.0,0.0,470.04
10,11,1,0,,,,1.1830667,0.0,0.0,0.0,566.17
10,12,1,0,,,,1.1933167,0.0,0.0,0.0,631.42
10,13,1,0,,,,1.1904666,0.0,0.0,0.0,57.98
10,14,1,0,,,,2.1377168,0.0,0.0,0.0,48.35
10,15,1,0,,,,1.2377334,0.0,0.0,0.0,29.67
10,16,1,0,,,,1.2406833,0.0,0.0,0.0,89.8
10,17,1,0,,,,1.2620333,0.0,0.0,0.0,0.23
10,18,1,0,,,,2.3801668,0.0,0.0,0.0,0.0
10,19,1,0,,,,2.2110167,0.0,0.0,0.0,0.0
10,20,1,0,,,,2.3509834,0.0,0.0,0.0,0.0
10,21,1,0,,,,1.5595666,0.0,0.0,0.0,0.0
10,22,1,0,,,,1.24945,0.0,0.0,0.0,0.0
10,23,1,0,,,,1.2219167,0.0,0.0,0.0,0.0
10,24,1,0,,,,1.2399,0.0,0.0,0.0,0.0
11,1,2,0,,,,1.2711834,0.0,0.0,0.0,0.0
11,2,2,0,,,,1.2701666,0.0,0.0,0.0,0.0
11,3,2,0,,,,1.4421667,0.0,0.0,0.0,0.0
11,4,2,0,,,,1.45545,0.0,0.0,0.0,0.0
11,5,2,0,,,,1.2461833,0.0,0.0,0.0,0.0
11,6,2,0,,,,1.0461333,0.0,0.0,0.0,0.0
11,7,2,0,,,,1.0031834,0.0,0.0,0.0,0.0
11,8,2,0,,,,1.0083333,0.0,0.0,0.0,10.91
11,9,2,0,,,,1.0066167,0.0,0.0,0.0,273.17
11,10,2,0,,,,1.0034167,0.0,0.0,0.0,481.86
11,11,2,0,,,,1.0035,0.0,0.0,0.0,592.95
11,12,2,0,,,,0.9982333,0.0,0.0,0.0,202.49
11,13,2,0,,,,1.4668167,0.0,0.0,0.0,270.32
11,14,2,0,,,,1.3832,0.0,0.0,0.0,191.32
11,15,2,0,,,,1.26135,0.0,0.0,0.0,395.21
11,16,2,0,,,,1.2222667,0.0,0.0,0.0,192.22
11,17,2,0,,,,1.2214333,0.0,0.0,0.0,1.82
11,18,2,0,,,,2.1577168,0.0,0.0,0.0,0.0
11,19,2,0,,,,2.9664,0.0,0.0,0.0,0.0
11,20,2,0,,,,1.77295,0.0,0.0,0.0,0.0
11,21,2,0,,,,1.7711667,0.0,0.0,0.0,0.0
11,22,2,0,,,,1.6971834,0.0,0.0,0.0,0.0
11,23,2,0,,,,1.7686666,0.0,0.0,0.0,0.0
11,24,2,0,,,,1.6576416,0.0,0.0,0.0,0.0
11,1,3,0,,,,1.6954666,0.0,0.0,0.0,0.0
11,2,3,0,,,,1.6869167,0.0,0.0,0.0,0.0
11,3,3,0,,,,1.6114167,0.0,0.0,0.0,0.0
11,4,3,0,,,,1.4708166,0.0,0.0,0.0,0.0
11,5,3,0,,,,1.0895333,0.0,0.0,0.0,0.0
11,6,3,0,,,,0.96781665,0.0,0.0,0.0,0.0
11,7,3,0,,,,0.99035,0.0,0.0,0.0,0.0
11,8,3,0,,,,1.0116667,0.0,0.0,0.0,0.0
11,9,3,0,,,,0.9526333,0.0,0.0,0.0,88.85
11,10,3,0,,,,0.94505,0.0,0.0,0.0,286.82
11,11,3,0,,,,0.9582,0.0,0.0,0.0,463.1
11,12,3,0,,,,0.9568833,0.0,0.0,0.0,431.49
11,13,3,0,,,,1.0265666,0.0,0.0,0.0,419.72
11,14,3,0,,,,0.979,0.0,0.0,0.0,503.96
11,15,3,0,,,,1.1715333,0.0,0.0,0.0,343.88
11,16,3,0,,,,1.1935,0.0,0.0,0.0,97.3
11,17,3,0,,,,1.19135,0.0,0.0,0.0,0.0
11,18,3,0,,,,0.9218,0.0,0.0,0.0,0.0
11,19,3,0,,,,0.9108,0.0,0.0,0.0,0.0
11,20,3,0,,,,1.0029167,0.0,0.0,0.0,0.0
11,21,3,0,,,,1.0291834,0.0,0.0,0.0,0.0
11,22,3,0,,,,0.995,0.0,0.0,0.0,0.0
11,23,3,0,,,,1.0842167,0.0,0.0,0.0,0.0
11,24,3,0,,,,1.0231667,0.0,0.0,0.0,0.0
11,1,4,0,,,,1.0310833,0.0,0.0,0.0,0.0
11,2,4,0,,,,1.29115,0.0,0.0,0.0,0.0
11,3,4,0,,,,1.3442667,0.0,0.0,0.0,0.0
11,4,4,0,,,,1.4143333,0.0,0.0,0.0,0.0
11,5,4,0,,,,1.1274333,0.0,0.0,0.0,0.0
11,6,4,0,,,,1.43675,0.0,0.0,0.0,0.0
11,7,4,0,,,,1.4682167,0.0,0.0,0.0,0.0
11,8,4,0,,,,0.9424,0.0,0.0,0.0,0.0
11,9,4,0,,,,0.9453667,0.0,0.0,0.0,11.99
11,10,4,0,,,,0.93688333,0.0,0.0,0.0,52.69
11,11,4,0,,,,0.9378333,0.0,0.0,0.0,40.99
11,12,4,0,,,,0.94523335,0.0,0.0,0.0,40.13
11,13,4,0,,,,0.9846,0.0,0.0,0.0,59.53
11,14,4,0,,,,1.0732,0.0,0.0,0.0,40.67
11,15,4,0,,,,0.91531664,0.0,0.0,0.0,15.81
11,16,4,0,,,,0.94156665,0.0,0.0,0.0,64.26
11,17,4,0,,,,1.01595,0.0,0.0,0.0,0.0
11,18,4,0,,,,1.0233166,0.0,0.0,0.0,0.0
11,19,4,0,,,,1.02645,0.0,0.0,0.0,0.0
11,20,4,0,,,,0.91535,0.0,0.0,0.0,0.0
11,21,4,0,,,,0.95998335,0.0,0.0,0.0,0.0
11,22,4,0,,,,0.9907,0.0,0.0,0.0,0.0
11,23,4,0,,,,0.9805667,0.0,0.0,0.0,0.0
11,24,4,0,,,,1.2638834,0.0,0.0,0.0,0.0
11,1,5,0,,,,1.08395,0.0,0.0,0.0,0.0
11,2,5,0,,,,1.0379167,0.0,0.0,0.0,0.0
11,3,5,0,,,,1.3082666,0.0,0.0,0.0,0.0
11,4,5,0,,,,1.4095666,0.0,0.0,0.0,0.0
11,5,5,0,,,,1.1107334,0.0,0.0,0.0,0.0
11,6,5,0,,,,0.95855,0.0,0.0,0.0,0.0
11,7,5,0,,,,0.94915,0.0,0.0,0.0,0.0
11,8,5,0,,,,0.9568,0.0,0.0,0.0,0.0
11,9,5,0,,,,0.9604333,0.0,0.0,0.0,60.92
11,10,5,0,,,,0.9439,0.0,0.0,0.0,15.03
11,11,5,0,,,,0.93691665,0.0,0.0,0.0,70.98
11,12,5,0,,,,0.9181333,0.0,0.0,0.0,68.2
11,13,5,0,,,,2.2586167,0.0,0.0,0.0,87.32
11,14,5,0,,,,0.85008335,0.0,0.0,0.0,66.1
11,15,5,0,,,,1.4882,0.0,0.0,0.0,142.97
11,16,5,0,,,,1.1566,0.0,0.0,0.0,78.83
11,17,5,0,,,,1.15215,0.0,0.0,0.0,0.0
11,18,5,0,,,,1.1592166,0.0,0.0,0.0,0.0
11,19,5,0,,,,0.93635,0.0,0.0,0.0,0.0
11,20,5,0,,,,1.09285,0.0,0.0,0.0,0.0
11,21,5,0,,,,1.01625,0.0,0.0,0.0,0.0
11,22,5,0,,,,1.0404834,0.0,0.0,0.0,0.0
11,23,5,0,,,,1.0311667,0.0,0.0,0.0,0.0
11,24,5,0,,,,0.95075834,0.0,0.0,0.0,0.0
11,1,6,0,,,,1.0373666,0.0,0.0,0.0,0.0
11,2,6,0,,,,1.0657834,0.0,0.0,0.0,0.0
11,3,6,0,,,,1.0482833,0.0,0.0,0.0,0.0
11,4,6,0,,,,1.0500833,0.0,0.0,0.0,0.0
11,5,6,0,,,,1.0479833,0.0,0.0,0.0,0.0
11,6,6,0,,,,1.0396667,0.0,0.0,0.0,0.0
11,7,6,0,,,,1.01115,0.0,0.0,0.0,0.0
11,8,6,0,,,,1.0094167,0.0,0.0,0.0,0.0
11,9,6,0,,,,1.1596667,0.0,0.0,0.0,92.5
11,10,6,0,,,,1.1344666,0.0,0.0,0.0,430.35
11,11,6,0,,,,1.6209167,0.0,0.0,0.0,535.39
11,12,6,0,,,,3.04575,0.0,0.0,0.0,538.59
11,13,6,0,,,,2.6115334,0.0,0.0,0.0,620.93
11,14,6,0,,,,1.7484833,0.0,0.0,0.0,557.96
11,15,6,0,,,,1.2655333,0.0,0.0,0.0,424.6
11,16,6,0,,,,1.5957834,0.0,0.0,0.0,222.81
11,17,6,0,,,,1.6068833,0.0,0.0,0.0,0.0
11,18,6,0,,,,0.8683,0.0,0.0,0.0,0.0
11,19,6,0,,,,1.2476333,0.0,0.0,0.0,0.0
11,20,6,0,,,,0.99293333,0.0,0.0,0.0,0.0
11,21,6,0,,,,1.2169666,0.0,0.0,0.0,0.0
11,22,6,0,,,,1.004,0.0,0.0,0.0,0.0
11,23,6,0,,,,1.0595334,0.0,0.0,0.0,0.0
11,24,6,0,,,,1.0589083,0.0,0.0,0.0,0.0
11,1,7,0,,,,1.0625666,0.0,0.0,0.0,0.0
11,2,7,0,,,,1.07035,0.0,0.0,0.0,0.0
11,3,7,0,,,,1.07295,0.0,0.0,0.0,0.0
11,4,7,0,,,,1.0785834,0.0,0.0,0.0,0.0
11,5,7,0,,,,1.0876,0.0,0.0,0.0,0.0
11,6,7,0,,,,0.7705,0.0,0.0,0.0,0.0
11,7,7,0,,,,0.97758335,0.0,0.0,0.0,0.0
11,8,7,0,,,,0.97515,0.0,0.0,0.0,0.0
11,9,7,0,,,,0.9672667,0.0,0.0,0.0,68.12
11,10,7,0,,,,1.0246667,0.0,0.0,0.0,191.29
11,11,7,0,,,,1.1538666,0.0,0.0,0.0,333.95
11,12,7,0,,,,1.3546166,0.0,0.0,0.0,187.93
11,13,7,0,,,,1.2950333,0.0,0.0,0.0,426.45
11,14,7,0,,,,1.1550866,0.0,0.0,0.0,172.47
11,15,7,0,,,,1.27385,0.0,0.0,0.0,75.09
11,16,7,0,,,,1.1361333,0.0,0.0,0.0,177.33
11,17,7,0,,,,1.2562667,0.0,0.0,0.0,0.0
11,18,7,0,,,,1.21835,0.0,0.0,0.0,0.0
11,19,7,0,,,,1.0802333,0.0,0.0,0.0,0.0
11,20,7,0,,,,1.1121167,0.0,0.0,0.0,0.0
11,21,7,0,,,,1.8821833,0.0,0.0,0.0,0.0
11,22,7,0,,,,1.23095,0.0,0.0,0.0,0.0
11,23,7,0,,,,1.0504333,0.0,0.0,0.0,0.0
11,24,7,0,,,,1.0738584,0.0,0.0,0.0,0.0
11,1,1,0,,,,1.1266333,0.0,0.0,0.0,0.0
11,2,1,0,,,,1.1068166,0.0,0.0,0.0,0.0
11,3,1,0,,,,1.2789167,0.0,0.0,0.0,0.0
11,4,1,0,,,,1.4102,0.0,0.0,0.0,0.0
11,5,1,0,,,,1.2294667,0.0,0.0,0.0,0.0
11,6,1,0,,,,0.8951,0.0,0.0,0.0,0.0
11,7,1,0,,,,0.9873,0.0,0.0,0.0,0.0
11,8,1,0,,,,0.98468333,0.0,0.0,0.0,0.0
11,9,1,0,,,,0.9823167,0.0,0.0,0.0,3.62
11,10,1,0,,,,0.97206664,0.0,0.0,0.0,18.85
11,11,1,0,,,,0.9594333,0.0,0.0,0.0,54.79
11,12,1,0,,,,0.94965,0.0,0.0,0.0,56.95
11,13,1,0,,,,1.2725,0.0,0.0,0.0,99.47
11,14,1,0,,,,1.1471833,0.0,0.0,0.0,84.35
11,15,1,0,,,,1.0933833,0.0,0.0,0.0,38.31
11,16,1,0,,,,1.1987,0.0,0.0,0.0,6.89
11,17,1,0,,,,1.1230667,0.0,0.0,0.0,0.0
11,18,1,0,,,,0.8996,0.0,0.0,0.0,0.0
11,19,1,0,,,,1.1942166,0.0,0.0,0.0,0.0
11,20,1,0,,,,1.2083334,0.0,0.0,0.0,0.0
11,21,1,0,,,,0.95556664,0.0,0.0,0.0,0.0
11,22,1,0,,,,0.9533,0.0,0.0,0.0,0.0
11,23,1,0,,,,0.9675,0.0,0.0,0.0,0.0
11,24,1,0,,,,1.0190583,0.0,0.0,0.0,0.0
11,1,2,0,,,,0.9818,0.0,0.0,0.0,0.0
11,2,2,0,,,,0.9882,0.0,0.0,0.0,0.0
11,3,2,0,,,,1.2545,0.0,0.0,0.0,0.0
11,4,2,0,,,,1.3663,0.0,0.0,0.0,0.0
11,5,2,0,,,,1.0672166,0.0,0.0,0.0,0.0
11,6,2,0,,,,0.73075,0.0,0.0,0.0,0.0
11,7,2,0,,,,1.40225,0.0,0.0,0.0,0.0
11,8,2,0,,,,1.9946834,0.0,0.0,0.0,0.0
11,9,2,0,,,,1.7244834,0.0,0.0,0.0,79.91
11,10,2,0,,,,1.5769833,0.0,0.0,0.0,52.54
11,11,2,0,,,,2.0989833,0.0,0.0,0.0,185.68
11,12,2,0,,,,0.86658335,0.0,0.0,0.0,87.27
11,13,2,0,,,,1.9887667,0.0,0.0,0.0,50.99
11,14,2,0,,,,3.4399,0.0,0.0,0.0,34.17
11,15,2,0,,,,1.2644833,0.0,0.0,0.0,49.98
11,16,2,0,,,,1.6666,0.0,0.0,0.0,2.96
11,17,2,0,,,,1.2234,0.0,0.0,0.0,0.0
11,18,2,0,,,,1.3,0.0,0.0,0.0,0.0
11,19,2,0,,,,1.6095,0.0,0.0,0.0,0.0
11,20,2,0,,,,1.2840333,0.0,0.0,0.0,0.0
11,21,2,0,,,,1.0263,0.0,0.0,0.0,0.0
11,22,2,0,,,,1.3222667,0.0,0.0,0.0,0.0
11,23,2,0,,,,1.0428,0.0,0.0,0.0,0.0
11,24,2,0,,,,1.0505583,0.0,0.0,0.0,0.0
11,1,3,0,,,,1.0318167,0.0,0.0,0.0,0.0
11,2,3,0,,,,1.0304166,0.0,0.0,0.0,0.0
11,3,3,0,,,,2.5494332,0.0,0.0,0.0,0.0
11,4,3,0,,,,1.47,0.0,0.0,0.0,0.0
11,5,3,0,,,,1.1078,0.0,0.0,0.0,0.0
11,6,3,0,,,,0.6642333,0.0,0.0,0.0,0.0
11,7,3,0,,,,1.3466,0.0,0.0,0.0,0.0
11,8,3,0,,,,0.9945833,0.0,0.0,0.0,0.0
11,9,3,0,,,,0.8933,0.0,0.0,0.0,1.54
11,10,3,0,,,,1.1747167,0.0,0.0,0.0,11.13
11,11,3,0,,,,2.2977667,0.0,0.0,0.0,98.26
11,12,3,0,,,,0.8785,0.0,0.0,0.0,66.94
11,13,3,0,,,,1.4304334,0.0,0.0,0.0,49.67
11,14,3,0,,,,1.4766333,0.0,0.0,0.0,28.71
11,15,3,0,,,,1.4896166,0.0,0.0,0.0,54.08
11,16,3,0,,,,1.6763333,0.0,0.0,0.0,61.02
11,17,3,0,,,,1.4383667,0.0,0.0,0.0,0.0
11,18,3,0,,,,1.56105,0.0,0.0,0.0,0.0
11,19,3,0,,,,1.58425,0.0,0.0,0.0,0.0
11,20,3,0,,,,1.60135,0.0,0.0,0.0,0.0
11,21,3,0,,,,1.4242,0.0,0.0,0.0,0.0
11,22,3,0,,,,1.2889167,0.0,0.0,0.0,0.0
11,23,3,0,,,,1.28955,0.0,0.0,0.0,0.0
11,24,3,0,,,,0.98413336,0.0,0.0,0.0,0.0
11,1,4,0,,,,0.98255,0.0,0.0,0.0,0.0
11,2,4,0,,,,1.0254667,0.0,0.0,0.0,0.0
11,3,4,0,,,,1.22295,0.0,0.0,0.0,0.0
11,4,4,0,,,,1.3930666,0.0,0.0,0.0,0.0
11,5,4,0,,,,0.97245,0.0,0.0,0.0,0.0
11,6,4,0,,,,0.66871667,0.0,0.0,0.0,0.0
11,7,4,0,,,,0.9332,0.0,0.0,0.0,0.0
11,8,4,0,,,,0.91863334,0.0,0.0,0.0,0.0
11,9,4,0,,,,1.5930834,0.0,0.0,0.0,2.48
11,10,4,0,,,,1.1239333,0.0,0.0,0.0,28.53
11,11,4,0,,,,1.1668167,0.0,0.0,0.0,46.5
11,12,4,0,,,,2.03145,0.0,0.0,0.0,30.56
11,13,4,0,,,,1.3165,0.0,0.0,0.0,25.4
11,14,4,0,,,,2.23895,0.0,0.0,0.0,37.77
11,15,4,0,,,,0.8642833,0.0,0.0,0.0,93.35
11,16,4,0,,,,1.1818,0.0,0.0,0.0,30.6
11,17,4,0,,,,2.0818834,0.0,0.0,0.0,0.0
11,18,4,0,,,,1.671,0.0,0.0,0.0,0.0
11,19,4,0,,,,1.9080167,0.0,0.0,0.0,0.0
11,20,4,0,,,,1.6259,0.0,0.0,0.0,0.0
11,21,4,0,,,,1.38395,0.0,0.0,0.0,0.0
11,22,4,0,,,,1.2692833,0.0,0.0,0.0,0.0
11,23,4,0,,,,1.0255834,0.0,0.0,0.0,0.0
11,24,4,0,,,,0.9980083,0.0,0.0,0.0,0.0
11,1,5,0,,,,0.9859833,0.0,0.0,0.0,0.0
11,2,5,0,,,,0.99116665,0.0,0.0,0.0,0.0
11,3,5,0,,,,0.92976665,0.0,0.0,0.0,0.0
11,4,5,0,,,,0.9569167,0.0,0.0,0.0,0.0
11,5,5,0,,,,0.8900833,0.0,0.0,0.0,0.0
11,6,5,0,,,,0.6214833,0.0,0.0,0.0,0.0
11,7,5,0,,,,0.9500667,0.0,0.0,0.0,0.0
11,8,5,0,,,,1.2652833,0.0,0.0,0.0,0.0
11,9,5,0,,,,1.84165,0.0,0.0,0.0,24.51
11,10,5,0,,,,1.9412667,0.0,0.0,0.0,15.88
11,11,5,0,,,,1.7257,0.0,0.0,0.0,15.86
11,12,5,0,,,,2.3062668,0.0,0.0,0.0,41.23
11,13,5,0,,,,1.8420167,0.0,0.0,0.0,13.74
11,14,5,0,,,,1.5317,0.0,0.0,0.0,110.97
11,15,5,0,,,,1.6366667,0.0,0.0,0.0,119.86
11,16,5,0,,,,1.2913834,0.0,0.0,0.0,155.34
11,17,5,0,,,,1.2523834,0.0,0.0,0.0,0.0
11,18,5,0,,,,1.2150834,0.0,0.0,0.0,0.0
11,19,5,0,,,,1.2162666,0.0,0.0,0.0,0.0
11,20,5,0,,,,1.2746167,0.0,0.0,0.0,0.0
11,21,5,0,,,,1.2549167,0.0,0.0,0.0,0.0
11,22,5,0,,,,0.92305,0.0,0.0,0.0,0.0
11,23,5,0,,,,0.9319,0.0,0.0,0.0,0.0
11,24,5,0,,,,1.5907084,0.0,0.0,0.0,0.0
11,1,6,0,,,,2.20195,0.0,0.0,0.0,0.0
11,2,6,0,,,,1.3872,0.0,0.0,0.0,0.0
11,3,6,0,,,,1.7020833,0.0,0.0,0.0,0.0
11,4,6,0,,,,1.7063,0.0,0.0,0.0,0.0
11,5,6,0,,,,1.3395333,0.0,0.0,0.0,0.0
11,6,6,0,,,,1.6157167,0.0,0.0,0.0,0.0
11,7,6,0,,,,1.6242666,0.0,0.0,0.0,0.0
11,8,6,0,,,,1.2227334,0.0,0.0,0.0,0.0
11,9,6,0,,,,1.2638167,0.0,0.0,0.0,111.97
11,10,6,0,,,,2.04205,0.0,0.0,0.0,278.12
11,11,6,0,,,,1.6554,0.0,0.0,0.0,392.32
11,12,6,0,,,,1.5047834,0.0,0.0,0.0,557.0
11,13,6,0,,,,1.1943,0.0,0.0,0.0,404.09
11,14,6,0,,,,1.4249667,0.0,0.0,0.0,338.47
11,15,6,0,,,,1.6252667,0.0,0.0,0.0,295.0
11,16,6,0,,,,1.1622766,0.0,0.0,0.0,101.39
11,17,6,0,,,,1.1764333,0.0,0.0,0.0,0.0
11,18,6,0,,,,1.5817333,0.0,0.0,0.0,0.0
11,19,6,0,,,,1.32505,0.0,0.0,0.0,0.0
11,20,6,0,,,,1.0471667,0.0,0.0,0.0,0.0
11,21,6,0,,,,1.02675,0.0,0.0,0.0,0.0
11,22,6,0,,,,1.1323667,0.0,0.0,0.0,0.0
11,23,6,0,,,,0.93215,0.0,0.0,0.0,0.0
11,24,6,0,,,,0.98121667,0.0,0.0,0.0,0.0
11,1,7,0,,,,0.9853,0.0,0.0,0.0,0.0
11,2,7,0,,,,1.0019833,0.0,0.0,0.0,0.0
11,3,7,0,,,,1.0037167,0.0,0.0,0.0,0.0
11,4,7,0,,,,1.0102834,0.0,0.0,0.0,0.0
11,5,7,0,,,,1.0118667,0.0,0.0,0.0,0.0
11,6,7,0,,,,0.79215,0.0,0.0,0.0,0.0
11,7,7,0,,,,0.99296665,0.0,0.0,0.0,0.0
11,8,7,0,,,,1.04845,0.0,0.0,0.0,0.0
11,9,7,0,,,,1.0463,0.0,0.0,0.0,5.73
11,10,7,0,,,,1.1912,0.0,0.0,0.0,41.52
11,11,7,0,,,,1.02175,0.0,0.0,0.0,74.45
11,12,7,0,,,,1.31405,0.0,0.0,0.0,84.52
11,13,7,0,,,,1.1548333,0.0,0.0,0.0,124.12
11,14,7,0,,,,1.5852166,0.0,0.0,0.0,138.95
11,15,7,0,,,,1.8047167,0.0,0.0,0.0,51.06
11,16,7,0,,,,1.1832334,0.0,0.0,0.0,12.36
11,17,7,0,,,,1.9093167,0.0,0.0,0.0,0.0
11,18,7,0,,,,1.95625,0.0,0.0,0.0,0.0
11,19,7,0,,,,1.7558334,0.0,0.0,0.0,0.0
11,20,7,0,,,,1.7129333,0.0,0.0,0.0,0.0
11,21,7,0,,,,1.4693667,0.0,0.0,0.0,0.0
11,22,7,0,,,,1.2237166,0.0,0.0,0.0,0.0
11,23,7,0,,,,1.7830334,0.0,0.0,0.0,0.0
11,24,7,0,,,,1.0456916,0.0,0.0,0.0,0.0
11,1,1,0,,,,1.0143,0.0,0.0,0.0,0.0
11,2,1,0,,,,0.99615,0.0,0.0,0.0,0.0
11,3,1,0,,,,1.3443167,0.0,0.0,0.0,0.0
11,4,1,0,,,,1.1771667,0.0,0.0,0.0,0.0
11,5,1,0,,,,0.9629667,0.0,0.0,0.0,0.0
11,6,1,0,,,,0.7003667,0.0,0.0,0.0,0.0
11,7,1,0,,,,0.9252667,0.0,0.0,0.0,0.0
11,8,1,0,,,,0.8927,0.0,0.0,0.0,0.0
11,9,1,0,,,,0.87486666,0.0,0.0,0.0,15.5
11,10,1,0,,,,1.1590667,0.0,0.0,0.0,52.61
11,11,1,0,,,,1.1731666,0.0,0.0,0.0,72.09
11,12,1,0,,,,1.17175,0.0,0.0,0.0,70.15
11,13,1,0,,,,1.22175,0.0,0.0,0.0,61.2
11,14,1,0,,,,1.3164333,0.0,0.0,0.0,99.63
11,15,1,0,,,,1.6666,0.0,0.0,0.0,57.03
11,16,1,0,,,,1.541,0.0,0.0,0.0,156.48
11,17,1,0,,,,1.19855,0.0,0.0,0.0,0.0
11,18,1,0,,,,2.6293166,0.0,0.0,0.0,0.0
11,19,1,0,,,,1.4215,0.0,0.0,0.0,0.0
11,20,1,0,,,,0.91465,0.0,0.0,0.0,0.0
11,21,1,0,,,,0.94416666,0.0,0.0,0.0,0.0
11,22,1,0,,,,1.2277666,0.0,0.0,0.0,0.0
11,23,1,0,,,,1.2704166,0.0,0.0,0.0,0.0
11,24,1,0,,,,1.0726917,0.0,0.0,0.0,0.0
11,1,2,0,,,,0.96823335,0.0,0.0,0.0,0.0
11,2,2,0,,,,1.15905,0.0,0.0,0.0,0.0
11,3,2,0,,,,1.3589,0.0,0.0,0.0,0.0
11,4,2,0,,,,1.4200333,0.0,0.0,0.0,0.0
11,5,2,0,,,,0.9694333,0.0,0.0,0.0,0.0
11,6,2,0,,,,0.7809,0.0,0.0,0.0,0.0
11,7,2,0,,,,0.94895,0.0,0.0,0.0,0.0
11,8,2,0,,,,0.9625,0.0,0.0,0.0,0.0
11,9,2,0,,,,0.9392,0.0,0.0,0.0,19.83
11,10,2,0,,,,0.9622167,0.0,0.0,0.0,56.87
11,11,2,0,,,,1.00185,0.0,0.0,0.0,42.24
11,12,2,0,,,,0.78961664,0.0,0.0,0.0,62.51
11,13,2,0,,,,1.41225,0.0,0.0,0.0,38.73
11,14,2,0,,,,1.6183,0.0,0.0,0.0,33.29
11,15,2,0,,,,1.5193833,0.0,0.0,0.0,9.37
11,16,2,0,,,,1.2874167,0.0,0.0,0.0,0.71
11,17,2,0,,,,1.2168666,0.0,0.0,0.0,0.0
11,18,2,0,,,,0.92151666,0.0,0.0,0.0,0.0
11,19,2,0,,,,1.3600334,0.0,0.0,0.0,0.0
11,20,2,0,,,,1.591,0.0,0.0,0.0,0.0
11,21,2,0,,,,1.1369667,0.0,0.0,0.0,0.0
11,22,2,0,,,,1.1325667,0.0,0.0,0.0,0.0
11,23,2,0,,,,1.0371833,0.0,0.0,0.0,0.0
11,24,2,0,,,,1.1912167,0.0,0.0,0.0,0.0
11,1,3,0,,,,1.0771,0.0,0.0,0.0,0.0
11,2,3,0,,,,1.0881166,0.0,0.0,0.0,0.0
11,3,3,0,,,,1.3578666,0.0,0.0,0.0,0.0
11,4,3,0,,,,1.45425,0.0,0.0,0.0,0.0
11,5,3,0,,,,1.2755834,0.0,0.0,0.0,0.0
11,6,3,0,,,,1.1363833,0.0,0.0,0.0,0.0
11,7,3,0,,,,1.08175,0.0,0.0,0.0,0.0
11,8,3,0,,,,1.05685,0.0,0.0,0.0,0.0
11,9,3,0,,,,1.0323334,0.0,0.0,0.0,8.2
11,10,3,0,,,,1.23795,0.0,0.0,0.0,23.8
11,11,3,0,,,,1.0856833,0.0,0.0,0.0,51.8
11,12,3,0,,,,1.0704167,0.0,0.0,0.0,31.72
11,13,3,0,,,,1.1897334,0.0,0.0,0.0,25.75
11,14,3,0,,,,1.2657334,0.0,0.0,0.0,42.83
11,15,3,0,,,,1.30165,0.0,0.0,0.0,13.12
11,16,3,0,,,,1.1184833,0.0,0.0,0.0,0.7
11,17,3,0,,,,1.1030166,0.0,0.0,0.0,0.0
11,18,3,0,,,,1.02075,0.0,0.0,0.0,0.0
11,19,3,0,,,,0.9659333,0.0,0.0,0.0,0.0
11,20,3,0,,,,0.9127333,0.0,0.0,0.0,0.0
11,21,3,0,,,,1.4000666,0.0,0.0,0.0,0.0
11,22,3,0,,,,1.4315833,0.0,0.0,0.0,0.0
11,23,3,0,,,,1.0424167,0.0,0.0,0.0,0.0
11,24,3,0,,,,1.0448084,0.0,0.0,0.0,0.0
11,1,4,0,,,,1.0444167,0.0,0.0,0.0,0.0
11,2,4,0,,,,1.0395,0.0,0.0,0.0,0.0
11,3,4,0,,,,1.2807333,0.0,0.0,0.0,0.0
11,4,4,0,,,,1.40305,0.0,0.0,0.0,0.0
11,5,4,0,,,,1.0837667,0.0,0.0,0.0,0.0
11,6,4,0,,,,0.79845,0.0,0.0,0.0,0.0
11,7,4,0,,,,1.1293666,0.0,0.0,0.0,0.0
11,8,4,0,,,,1.3035333,0.0,0.0,0.0,0.0
11,9,4,0,,,,0.9999667,0.0,0.0,0.0,59.5
11,10,4,0,,,,0.97756666,0.0,0.0,0.0,48.1
11,11,4,0,,,,0.96603334,0.0,0.0,0.0,50.56
11,12,4,0,,,,0.9739,0.0,0.0,0.0,93.49
11,13,4,0,,,,1.2289833,0.0,0.0,0.0,29.97
11,14,4,0,,,,2.1372333,0.0,0.0,0.0,50.39
11,15,4,0,,,,1.8926166,0.0,0.0,0.0,91.94
11,16,4,0,,,,1.7392833,0.0,0.0,0.0,22.08
11,17,4,0,,,,1.9668334,0.0,0.0,0.0,0.0
11,18,4,0,,,,2.0304334,0.0,0.0,0.0,0.0
11,19,4,0,,,,1.4414166,0.0,0.0,0.0,0.0
11,20,4,0,,,,1.6296667,0.0,0.0,0.0,0.0
11,21,4,0,,,,2.3228166,0.0,0.0,0.0,0.0
11,22,4,0,,,,2.2344334,0.0,0.0,0.0,0.0
11,23,4,0,,,,2.0172668,0.0,0.0,0.0,0.0
11,24,4,0,,,,1.4606667,0.0,0.0,0.0,0.0
11,1,5,0,,,,1.9394333,0.0,0.0,0.0,0.0
11,2,5,0,,,,1.75735,0.0,0.0,0.0,0.0
11,3,5,0,,,,2.0501666,0.0,0.0,0.0,0.0
11,4,5,0,,,,2.0593166,0.0,0.0,0.0,0.0
11,5,5,0,,,,1.5891167,0.0,0.0,0.0,0.0
11,6,5,0,,,,1.5161,0.0,0.0,0.0,0.0
11,7,5,0,,,,1.8912,0.0,0.0,0.0,0.0
11,8,5,0,,,,1.1038834,0.0,0.0,0.0,0.0
11,9,5,0,,,,1.5046667,0.0,0.0,0.0,7.15
11,10,5,0,,,,0.9983,0.0,0.0,0.0,33.48
11,11,5,0,,,,1.2600334,0.0,0.0,0.0,38.09
11,12,5,0,,,,1.0569667,0.0,0.0,0.0,25.81
11,13,5,0,,,,1.4541833,0.0,0.0,0.0,22.08
11,14,5,0,,,,1.3743167,0.0,0.0,0.0,16.34
11,15,5,0,,,,1.2715666,0.0,0.0,0.0,7.71
11,16,5,0,,,,1.6308334,0.0,0.0,0.0,1.63
11,17,5,0,,,,1.6603833,0.0,0.0,0.0,0.0
11,18,5,0,,,,1.40125,0.0,0.0,0.0,0.0
11,19,5,0,,,,1.8830333,0.0,0.0,0.0,0.0
11,20,5,0,,,,2.29325,0.0,0.0,0.0,0.0
11,21,5,0,,,,1.55115,0.0,0.0,0.0,0.0
11,22,5,0,,,,1.6327833,0.0,0.0,0.0,0.0
11,23,5,0,,,,1.42535,0.0,0.0,0.0,0.0
11,24,5,0,,,,1.8742917,0.0,0.0,0.0,0.0
11,1,6,0,,,,1.5835333,0.0,0.0,0.0,0.0
11,2,6,0,,,,1.7805834,0.0,0.0,0.0,0.0
11,3,6,0,,,,1.8901666,0.0,0.0,0.0,0.0
11,4,6,0,,,,1.8154833,0.0,0.0,0.0,0.0
11,5,6,0,,,,1.7790834,0.0,0.0,0.0,0.0
11,6,6,0,,,,1.8317,0.0,0.0,0.0,0.0
11,7,6,0,,,,1.9363166,0.0,0.0,0.0,0.0
11,8,6,0,,,,1.5921,0.0,0.0,0.0,0.0
11,9,6,0,,,,4.14285,0.0,0.0,0.0,6.45
11,10,6,0,,,,1.81915,0.0,0.0,0.0,31.43
11,11,6,0,,,,1.9216666,0.0,0.0,0.0,42.04
11,12,6,0,,,,1.3622167,0.0,0.0,0.0,60.8
11,13,6,0,,,,1.4752166,0.0,0.0,0.0,39.55
11,14,6,0,,,,1.2617167,0.0,0.0,0.0,47.25
11,15,6,0,,,,1.2539,0.0,0.0,0.0,28.2
11,16,6,0,,,,1.04325,0.0,0.0,0.0,8.19
11,17,6,0,,,,1.0020167,0.0,0.0,0.0,0.0
11,18,6,0,,,,1.0116667,0.0,0.0,0.0,0.0
11,19,6,0,,,,1.1283833,0.0,0.0,0.0,0.0
11,20,6,0,,,,1.0084,0.0,0.0,0.0,0.0
11,21,6,0,,,,1.74175,0.0,0.0,0.0,0.0
11,22,6,0,,,,1.4493834,0.0,0.0,0.0,0.0
11,23,6,0,,,,1.51285,0.0,0.0,0.0,0.0
11,24,6,0,,,,1.6613834,0.0,0.0,0.0,0.0
11,1,7,0,,,,1.35815,0.0,0.0,0.0,0.0
11,2,7,0,,,,1.6891834,0.0,0.0,0.0,0.0
11,3,7,0,,,,1.6708833,0.0,0.0,0.0,0.0
11,4,7,0,,,,1.49195,0.0,0.0,0.0,0.0
11,5,7,0,,,,1.47945,0.0,0.0,0.0,0.0
11,6,7,0,,,,1.67,0.0,0.0,0.0,0.0
11,7,7,0,,,,1.2961167,0.0,0.0,0.0,0.0
11,8,7,0,,,,1.6225333,0.0,0.0,0.0,0.0
11,9,7,0,,,,0.92181665,0.0,0.0,0.0,4.74
11,10,7,0,,,,1.5333,0.0,0.0,0.0,13.53
11,11,7,0,,,,1.6041666,0.0,0.0,0.0,47.9
11,12,7,0,,,,1.6122,0.0,0.0,0.0,36.2
11,13,7,0,,,,1.4369,0.0,0.0,0.0,29.36
11,14,7,0,,,,0.9691667,0.0,0.0,0.0,27.13
11,15,7,0,,,,0.9457,0.0,0.0,0.0,22.72
11,16,7,0,,,,0.93875,0.0,0.0,0.0,46.5
11,17,7,0,,,,1.2070167,0.0,0.0,0.0,0.0
11,18,7,0,,,,1.2243333,0.0,0.0,0.0,0.0
11,19,7,0,,,,1.3450667,0.0,0.0,0.0,0.0
11,20,7,0,,,,2.2713168,0.0,0.0,0.0,0.0
11,21,7,0,,,,1.3092834,0.0,0.0,0.0,0.0
11,22,7,0,,,,1.6706667,0.0,0.0,0.0,0.0
11,23,7,0,,,,1.3215166,0.0,0.0,0.0,0.0
11,24,7,0,,,,1.4830583,0.0,0.0,0.0,0.0
11,1,1,0,,,,1.35845,0.0,0.0,0.0,0.0
11,2,1,0,,,,1.6192583,0.0,0.0,0.0,0.0
11,3,1,0,,,,1.5259167,0.0,0.0,0.0,0.0
11,4,1,0,,,,2.00965,0.0,0.0,0.0,0.0
11,5,1,0,,,,1.6977,0.0,0.0,0.0,0.0
11,6,1,0,,,,1.8452834,0.0,0.0,0.0,0.0
11,7,1,0,,,,1.6015,0.0,0.0,0.0,0.0
11,8,1,0,,,,2.3655,0.0,0.0,0.0,0.0
11,9,1,0,,,,1.6916,0.0,0.0,0.0,5.42
11,10,1,0,,,,1.0858166,0.0,0.0,0.0,18.08
11,11,1,0,,,,1.0271833,0.0,0.0,0.0,35.47
11,12,1,0,,,,0.9554833,0.0,0.0,0.0,35.49
11,13,1,0,,,,0.9501,0.0,0.0,0.0,31.63
11,14,1,0,,,,0.9652,0.0,0.0,0.0,28.59
11,15,1,0,,,,0.95488334,0.0,0.0,0.0,27.09
11,16,1,0,,,,0.9769167,0.0,0.0,0.0,127.52
11,17,1,0,,,,1.2537167,0.0,0.0,0.0,0.0
11,18,1,0,,,,1.6956834,0.0,0.0,0.0,0.0
11,19,1,0,,,,1.3227667,0.0,0.0,0.0,0.0
11,20,1,0,,,,2.0611334,0.0,0.0,0.0,0.0
11,21,1,0,,,,2.50175,0.0,0.0,0.0,0.0
11,22,1,0,,,,2.2048433,0.0,0.0,0.0,0.0
11,23,1,0,,,,1.4631667,0.0,0.0,0.0,0.0
11,24,1,0,,,,1.7614334,0.0,0.0,0.0,0.0
11,1,2,0,,,,2.06935,0.0,0.0,0.0,0.0
11,2,2,0,,,,1.9296,0.0,0.0,0.0,0.0
11,3,2,0,,,,2.1090834,0.0,0.0,0.0,0.0
11,4,2,0,,,,2.5592833,0.0,0.0,0.0,0.0
11,5,2,0,,,,1.9104,0.0,0.0,0.0,0.0
11,6,2,0,,,,1.6692166,0.0,0.0,0.0,0.0
11,7,2,0,,,,2.8722668,0.0,0.0,0.0,0.0
11,8,2,0,,,,1.3532166,0.0,0.0,0.0,0.0
11,9,2,0,,,,1.3231167,0.0,0.0,0.0,116.2
11,10,2,0,,,,0.9926,0.0,0.0,0.0,437.88
11,11,2,0,,,,1.31815,0.0,0.0,0.0,460.32
11,12,2,0,,,,0.9845,0.0,0.0,0.0,693.35
11,13,2,0,,,,1.3226833,0.0,0.0,0.0,673.82
11,14,2,0,,,,1.0545666,0.0,0.0,0.0,563.46
11,15,2,0,,,,0.9895833,0.0,0.0,0.0,464.11
11,16,2,0,,,,1.7814,0.0,0.0,0.0,241.78
11,17,2,0,,,,2.0757167,0.0,0.0,0.0,0.0
11,18,2,0,,,,1.4388833,0.0,0.0,0.0,0.0
11,19,2,0,,,,1.3197833,0.0,0.0,0.0,0.0
11,20,2,0,,,,1.3068833,0.0,0.0,0.0,0.0
11,21,2,0,,,,1.5221334,0.0,0.0,0.0,0.0
11,22,2,0,,,,1.5268333,0.0,0.0,0.0,0.0
11,23,2,0,,,,1.6849667,0.0,0.0,0.0,0.0
11,24,2,0,,,,1.7949916,0.0,0.0,0.0,0.0
11,1,3,0,,,,2.0753667,0.0,0.0,0.0,0.0
11,2,3,0,,,,2.0336,0.0,0.0,0.0,0.0
11,3,3,0,,,,1.9701166,0.0,0.0,0.0,0.0
11,4,3,0,,,,2.4546833,0.0,0.0,0.0,0.0
11,5,3,0,,,,2.0013833,0.0,0.0,0.0,0.0
11,6,3,0,,,,1.8006,0.0,0.0,0.0,0.0
11,7,3,0,,,,1.7151667,0.0,0.0,0.0,0.0
11,8,3,0,,,,1.2808,0.0,0.0,0.0,0.0
11,9,3,0,,,,1.37025,0.0,0.0,0.0,68.44
11,10,3,0,,,,1.2487667,0.0,0.0,0.0,289.2
11,11,3,0,,,,0.95418334,0.0,0.0,0.0,419.51
11,12,3,0,,,,0.9446333,0.0,0.0,0.0,562.04
11,13,3,0,,,,0.9396667,0.0,0.0,0.0,569.83
11,14,3,0,,,,0.93556666,0.0,0.0,0.0,494.04
11,15,3,0,,,,0.92338336,0.0,0.0,0.0,305.49
11,16,3,0,,,,0.91228336,0.0,0.0,0.0,117.75
11,17,3,0,,,,1.22975,0.0,0.0,0.0,0.0
11,18,3,0,,,,1.3738333,0.0,0.0,0.0,0.0
11,19,3,0,,,,1.6891667,0.0,0.0,0.0,0.0
11,20,3,0,,,,2.1629333,0.0,0.0,0.0,0.0
11,21,3,0,,,,1.3604,0.0,0.0,0.0,0.0
11,22,3,0,,,,1.3382666,0.0,0.0,0.0,0.0
11,23,3,0,,,,1.32405,0.0,0.0,0.0,0.0
11,24,3,0,,,,1.6086583,0.0,0.0,0.0,0.0
11,1,4,0,,,,1.85645,0.0,0.0,0.0,0.0
11,2,4,0,,,,2.0715,0.0,0.0,0.0,0.0
11,3,4,0,,,,1.9253666,0.0,0.0,0.0,0.0
11,4,4,0,,,,1.6099167,0.0,0.0,0.0,0.0
11,5,4,0,,,,1.66555,0.0,0.0,0.0,0.0
11,6,4,0,,,,1.57825,0.0,0.0,0.0,0.0
11,7,4,0,,,,1.5644833,0.0,0.0,0.0,0.0
11,8,4,0,,,,1.8174167,0.0,0.0,0.0,0.0
11,9,4,0,,,,2.6587167,0.0,0.0,0.0,27.98
11,10,4,0,,,,1.58985,0.0,0.0,0.0,156.04
11,11,4,0,,,,1.2180333,0.0,0.0,0.0,356.68
11,12,4,0,,,,1.6891834,0.0,0.0,0.0,481.8
11,13,4,0,,,,2.45005,0.0,0.0,0.0,595.13
11,14,4,0,,,,1.85725,0.0,0.0,0.0,502.39
11,15,4,0,,,,1.0293666,0.0,0.0,0.0,391.34
11,16,4,0,,,,1.0914,0.0,0.0,0.0,200.96
11,17,4,0,,,,5.65575,0.0,0.0,0.0,0.0
11,18,4,0,,,,1.4112,0.0,0.0,0.0,0.0
11,19,4,0,,,,1.64025,0.0,0.0,0.0,0.0
11,20,4,0,,,,1.0022167,0.0,0.0,0.0,0.0
11,21,4,0,,,,1.2837833,0.0,0.0,0.0,0.0
11,22,4,0,,,,1.65635,0.0,0.0,0.0,0.0
11,23,4,0,,,,1.3347334,0.0,0.0,0.0,0.0
11,24,4,0,,,,1.3239,0.0,0.0,0.0,0.0
11,1,5,0,,,,2.8023334,0.0,0.0,0.0,0.0
11,2,5,0,,,,2.0296667,0.0,0.0,0.0,0.0
11,3,5,0,,,,1.8149667,0.0,0.0,0.0,0.0
11,4,5,0,,,,1.4381666,0.0,0.0,0.0,0.0
11,5,5,0,,,,1.8498167,0.0,0.0,0.0,0.0
11,6,5,0,,,,1.34825,0.0,0.0,0.0,0.0
11,7,5,0,,,,1.6275166,0.0,0.0,0.0,0.0
11,8,5,0,,,,1.6474333,0.0,0.0,0.0,0.0
11,9,5,0,,,,1.45765,0.0,0.0,0.0,3.33
11,10,5,0,,,,1.4836,0.0,0.0,0.0,42.83
11,11,5,0,,,,1.1336334,0.0,0.0,0.0,121.48
11,12,5,0,,,,1.0148,0.0,0.0,0.0,104.71
11,13,5,0,,,,0.9994,0.0,0.0,0.0,205.9
11,14,5,0,,,,1.0044,0.0,0.0,0.0,138.84
11,15,5,0,,,,1.0342667,0.0,0.0,0.0,266.7
11,16,5,0,,,,0.97073334,0.0,0.0,0.0,106.64
11,17,5,0,,,,1.2619667,0.0,0.0,0.0,0.0
11,18,5,0,,,,1.2012,0.0,0.0,0.0,0.0
11,19,5,0,,,,1.8464167,0.0,0.0,0.0,0.0
11,20,5,0,,,,2.0454333,0.0,0.0,0.0,0.0
11,21,5,0,,,,1.7976667,0.0,0.0,0.0,0.0
11,22,5,0,,,,0.9849833,0.0,0.0,0.0,0.0
11,23,5,0,,,,1.71005,0.0,0.0,0.0,0.0
11,24,5,0,,,,1.9923167,0.0,0.0,0.0,0.0
11,1,6,0,,,,2.0182166,0.0,0.0,0.0,0.0
11,2,6,0,,,,2.2569,0.0,0.0,0.0,0.0
11,3,6,0,,,,2.1023166,0.0,0.0,0.0,0.0
11,4,6,0,,,,2.38465,0.0,0.0,0.0,0.0
11,5,6,0,,,,2.3030667,0.0,0.0,0.0,0.0
11,6,6,0,,,,2.3447165,0.0,0.0,0.0,0.0
11,7,6,0,,,,2.2749834,0.0,0.0,0.0,0.0
11,8,6,0,,,,2.1853833,0.0,0.0,0.0,0.0
11,9,6,0,,,,1.5194,0.0,0.0,0.0,31.5
11,10,6,0,,,,2.07915,0.0,0.0,0.0,191.92
11,11,6,0,,,,1.9131334,0.0,0.0,0.0,488.91
11,12,6,0,,,,1.3840333,0.0,0.0,0.0,577.96
11,13,6,0,,,,1.2772167,0.0,0.0,0.0,599.8
11,14,6,0,,,,1.2711,0.0,0.0,0.0,494.55
11,15,6,0,,,,1.7109333,0.0,0.0,0.0,364.3
11,16,6,0,,,,1.82885,0.0,0.0,0.0,24.04
11,17,6,0,,,,2.7600667,0.0,0.0,0.0,0.0
11,18,6,0,,,,3.1703167,0.0,0.0,0.0,0.0
11,19,6,0,,,,2.2258832,0.0,0.0,0.0,0.0
11,20,6,0,,,,2.5275667,0.0,0.0,0.0,0.0
11,21,6,0,,,,3.13595,0.0,0.0,0.0,0.0
11,22,6,0,,,,2.9193833,0.0,0.0,0.0,0.0
11,23,6,0,,,,3.2329834,0.0,0.0,0.0,0.0
11,24,6,0,,,,2.662125,0.0,0.0,0.0,0.0
11,1,7,0,,,,1.9074167,0.0,0.0,0.0,0.0
11,2,7,0,,,,2.3104832,0.0,0.0,0.0,0.0
11,3,7,0,,,,2.3645167,0.0,0.0,0.0,0.0
11,4,7,0,,,,2.1754,0.0,0.0,0.0,0.0
11,5,7,0,,,,2.2303,0.0,0.0,0.0,0.0
11,6,7,0,,,,2.3936834,0.0,0.0,0.0,0.0
11,7,7,0,,,,2.4803166,0.0,0.0,0.0,0.0
11,8,7,0,,,,4.6879334,0.0,0.0,0.0,0.0
11,9,7,0,,,,6.28805,0.0,0.0,0.0,55.47
11,10,7,0,,,,3.0813668,0.0,0.0,0.0,205.03
11,11,7,0,,,,2.1967168,0.0,0.0,0.0,80.0
11,12,7,0,,,,2.5761333,0.0,0.0,0.0,56.98
11,13,7,0,,,,2.3054166,0.0,0.0,0.0,42.33
11,14,7,0,,,,2.2985666,0.0,0.0,0.0,39.84
11,15,7,0,,,,2.4557667,0.0,0.0,0.0,26.76
11,16,7,0,,,,3.7343333,0.0,0.0,0.0,3.18
11,17,7,0,,,,3.5836666,0.0,0.0,0.0,0.0
11,18,7,0,,,,2.6057668,0.0,0.0,0.0,0.0
11,19,7,0,,,,2.8105,0.0,0.0,0.0,0.0
11,20,7,0,,,,2.7179,0.0,0.0,0.0,0.0
11,21,7,0,,,,2.6916,0.0,0.0,0.0,0.0
11,22,7,0,,,,2.27265,0.0,0.0,0.0,0.0
11,23,7,0,,,,2.3619833,0.0,0.0,0.0,0.0
11,24,7,0,,,,2.45895,0.0,0.0,0.0,0.0
11,1,1,0,,,,2.7668667,0.0,0.0,0.0,0.0
11,2,1,0,,,,2.7255833,0.0,0.0,0.0,0.0
11,3,1,0,,,,2.6498,0.0,0.0,0.0,0.0
11,4,1,0,,,,2.56715,0.0,0.0,0.0,0.0
11,5,1,0,,,,2.61135,0.0,0.0,0.0,0.0
11,6,1,0,,,,2.5554,0.0,0.0,0.0,0.0
11,7,1,0,,,,3.6177166,0.0,0.0,0.0,0.0
11,8,1,0,,,,6.790633,0.0,0.0,0.0,0.0
11,9,1,0,,,,3.68625,0.0,0.0,0.0,1.24
11,10,1,0,,,,2.31225,0.0,0.0,0.0,26.39
11,11,1,0,,,,1.8866833,0.0,0.0,0.0,43.51
11,12,1,0,,,,1.94265,0.0,0.0,0.0,38.65
11,13,1,0,,,,1.4099333,0.0,0.0,0.0,28.48
11,14,1,0,,,,2.3995,0.0,0.0,0.0,16.63
11,15,1,0,,,,1.91785,0.0,0.0,0.0,34.54
11,16,1,0,,,,2.4257667,0.0,0.0,0.0,7.25
11,17,1,0,,,,1.8072,0.0,0.0,0.0,0.0
11,18,1,0,,,,2.7504334,0.0,0.0,0.0,0.0
11,19,1,0,,,,2.6207833,0.0,0.0,0.0,0.0
11,20,1,0,,,,2.4536834,0.0,0.0,0.0,0.0
11,21,1,0,,,,1.6623,0.0,0.0,0.0,0.0
11,22,1,0,,,,1.7011666,0.0,0.0,0.0,0.0
11,23,1,0,,,,2.1282334,0.0,0.0,0.0,0.0
11,24,1,0,,,,1.7789167,0.0,0.0,0.0,0.0
11,1,2,0,,,,2.1649666,0.0,0.0,0.0,0.0
11,2,2,0,,,,1.9157667,0.0,0.0,0.0,0.0
11,3,2,0,,,,2.1214833,0.0,0.0,0.0,0.0
11,4,2,0,,,,2.2365832,0.0,0.0,0.0,0.0
11,5,2,0,,,,1.9710166,0.0,0.0,0.0,0.0
11,6,2,0,,,,1.9924166,0.0,0.0,0.0,0.0
11,7,2,0,,,,2.9508,0.0,0.0,0.0,0.0
11,8,2,0,,,,2.1203833,0.0,0.0,0.0,0.0
11,9,2,0,,,,2.1765833,0.0,0.0,0.0,0.0
11,10,2,0,,,,1.3554333,0.0,0.0,0.0,6.53
11,11,2,0,,,,1.9786333,0.0,0.0,0.0,22.8
11,12,2,0,,,,1.3845667,0.0,0.0,0.0,12.91
11,13,2,0,,,,0.9791,0.0,0.0,0.0,36.34
11,14,2,0,,,,1.2382166,0.0,0.0,0.0,14.97
11,15,2,0,,,,1.3619167,0.0,0.0,0.0,25.76
11,16,2,0,,,,1.6063,0.0,0.0,0.0,9.65
11,17,2,0,,,,2.5616667,0.0,0.0,0.0,0.0
11,18,2,0,,,,1.89605,0.0,0.0,0.0,0.0
11,19,2,0,,,,2.6772833,0.0,0.0,0.0,0.0
11,20,2,0,,,,2.2762,0.0,0.0,0.0,0.0
11,21,2,0,,,,2.3745,0.0,0.0,0.0,0.0
11,22,2,0,,,,2.6514666,0.0,0.0,0.0,0.0
11,23,2,0,,,,2.7523668,0.0,0.0,0.0,0.0
11,24,2,0,,,,2.4608667,0.0,0.0,0.0,0.0
11,1,3,0,,,,2.35245,0.0,0.0,0.0,0.0
11,2,3,0,,,,2.1367166,0.0,0.0,0.0,0.0
11,3,3,0,,,,2.3453,0.0,0.0,0.0,0.0
11,4,3,0,,,,2.0066,0.0,0.0,0.0,0.0
11,5,3,0,,,,2.4280834,0.0,0.0,0.0,0.0
11,6,3,0,,,,2.7582,0.0,0.0,0.0,0.0
11,7,3,0,,,,3.1392834,0.0,0.0,0.0,0.0
11,8,3,0,,,,1.8181666,0.0,0.0,0.0,0.0
11,9,3,0,,,,1.9094833,0.0,0.0,0.0,36.91
11,10,3,0,,,,2.1348,0.0,0.0,0.0,302.03
11,11,3,0,,,,2.3798666,0.0,0.0,0.0,513.19
11,12,3,0,,,,3.4029334,0.0,0.0,0.0,339.64
11,13,3,0,,,,3.6757166,0.0,0.0,0.0,132.6
11,14,3,0,,,,2.3607,0.0,0.0,0.0,136.84
11,15,3,0,,,,1.8407667,0.0,0.0,0.0,33.99
11,16,3,0,,,,0.98693335,0.0,0.0,0.0,4.77
11,17,3,0,,,,2.0494332,0.0,0.0,0.0,0.0
11,18,3,0,,,,1.2503333,0.0,0.0,0.0,0.0
11,19,3,0,,,,1.9023833,0.0,0.0,0.0,0.0
11,20,3,0,,,,2.7662833,0.0,0.0,0.0,0.0
11,21,3,0,,,,3.6644833,0.0,0.0,0.0,0.0
11,22,3,0,,,,2.391,0.0,0.0,0.0,0.0
11,23,3,0,,,,1.7658666,0.0,0.0,0.0,0.0
11,24,3,0,,,,2.289775,0.0,0.0,0.0,0.0
12,1,4,0,,,,2.3665667,0.0,0.0,0.0,0.0
12,2,4,0,,,,2.0609,0.0,0.0,0.0,0.0
12,3,4,0,,,,2.17,0.0,0.0,0.0,0.0
12,4,4,0,,,,2.6321332,0.0,0.0,0.0,0.0
12,5,4,0,,,,2.3727834,0.0,0.0,0.0,0.0
12,6,4,0,,,,2.04425,0.0,0.0,0.0,0.0
12,7,4,0,,,,2.7908168,0.0,0.0,0.0,0.0
12,8,4,0,,,,3.6214833,0.0,0.0,0.0,0.0
12,9,4,0,,,,4.922517,0.0,0.0,0.0,1.7
12,10,4,0,,,,1.4574833,0.0,0.0,0.0,71.08
12,11,4,0,,,,1.4650333,0.0,0.0,0.0,532.17
12,12,4,0,,,,1.0148,0.0,0.0,0.0,656.48
12,13,4,0,,,,1.0101334,0.0,0.0,0.0,636.67
12,14,4,0,,,,1.1354834,0.0,0.0,0.0,582.72
12,15,4,0,,,,1.06515,0.0,0.0,0.0,367.53
12,16,4,0,,,,2.3655334,0.0,0.0,0.0,2.16
12,17,4,0,,,,2.4680834,0.0,0.0,0.0,0.0
12,18,4,0,,,,2.0451167,0.0,0.0,0.0,0.0
12,19,4,0,,,,2.5559833,0.0,0.0,0.0,0.0
12,20,4,0,,,,2.7077,0.0,0.0,0.0,0.0
12,21,4,0,,,,1.37695,0.0,0.0,0.0,0.0
12,22,4,0,,,,1.7321833,0.0,0.0,0.0,0.0
12,23,4,0,,,,1.8155167,0.0,0.0,0.0,0.0
12,24,4,0,,,,2.1488583,0.0,0.0,0.0,0.0
12,1,5,0,,,,1.9042333,0.0,0.0,0.0,0.0
12,2,5,0,,,,2.0786834,0.0,0.0,0.0,0.0
12,3,5,0,,,,2.02365,0.0,0.0,0.0,0.0
12,4,5,0,,,,2.0427,0.0,0.0,0.0,0.0
12,5,5,0,,,,2.40695,0.0,0.0,0.0,0.0
12,6,5,0,,,,2.2385666,0.0,0.0,0.0,0.0
12,7,5,0,,,,2.24345,0.0,0.0,0.0,0.0
12,8,5,0,,,,2.7375834,0.0,0.0,0.0,0.0
12,9,5,0,,,,2.1308167,0.0,0.0,0.0,2.2
12,10,5,0,,,,2.0612333,0.0,0.0,0.0,36.91
12,11,5,0,,,,3.5430834,0.0,0.0,0.0,111.48
12,12,5,0,,,,2.2754,0.0,0.0,0.0,90.37
12,13,5,0,,,,1.8283666,0.0,0.0,0.0,187.16
12,14,5,0,,,,2.30975,0.0,0.0,0.0,75.9
12,15,5,0,,,,3.1550167,0.0,0.0,0.0,31.47
12,16,5,0,,,,3.7438166,0.0,0.0,0.0,8.93
12,17,5,0,,,,2.9242,0.0,0.0,0.0,0.0
12,18,5,0,,,,3.2172167,0.0,0.0,0.0,0.0
12,19,5,0,,,,2.5056667,0.0,0.0,0.0,0.0
12,20,5,0,,,,2.4993834,0.0,0.0,0.0,0.0
12,21,5,0,,,,3.8084333,0.0,0.0,0.0,0.0
12,22,5,0,,,,2.0119166,0.0,0.0,0.0,0.0
12,23,5,0,,,,2.4661834,0.0,0.0,0.0,0.0
12,24,5,0,,,,1.949475,0.0,0.0,0.0,0.0
12,1,6,0,,,,2.4143,0.0,0.0,0.0,0.0
12,2,6,0,,,,1.9914666,0.0,0.0,0.0,0.0
12,3,6,0,,,,2.5937166,0.0,0.0,0.0,0.0
12,4,6,0,,,,2.2163334,0.0,0.0,0.0,0.0
12,5,6,0,,,,2.3059,0.0,0.0,0.0,0.0
12,6,6,0,,,,2.2731333,0.0,0.0,0.0,0.0
12,7,6,0,,,,3.3549,0.0,0.0,0.0,0.0
12,8,6,0,,,,4.1529665,0.0,0.0,0.0,0.0
12,9,6,0,,,,3.7932668,0.0,0.0,0.0,0.8
12,10,6,0,,,,2.32275,0.0,0.0,0.0,10.53
12,11,6,0,,,,2.2053833,0.0,0.0,0.0,38.68
12,12,6,0,,,,2.25245,0.0,0.0,0.0,35.46
12,13,6,0,,,,2.6286166,0.0,0.0,0.0,29.25
12,14,6,0,,,,1.7914667,0.0,0.0,0.0,17.37
12,15,6,0,,,,1.7677333,0.0,0.0,0.0,27.75
12,16,6,0,,,,1.29475,0.0,0.0,0.0,13.38
12,17,6,0,,,,1.4091,0.0,0.0,0.0,0.0
12,18,6,0,,,,1.39315,0.0,0.0,0.0,0.0
12,19,6,0,,,,1.2847834,0.0,0.0,0.0,0.0
12,20,6,0,,,,1.4585333,0.0,0.0,0.0,0.0
12,21,6,0,,,,1.2785833,0.0,0.0,0.0,0.0
12,22,6,0,,,,1.4258167,0.0,0.0,0.0,0.0
12,23,6,0,,,,1.39415,0.0,0.0,0.0,0.0
12,24,6,0,,,,1.3714417,0.0,0.0,0.0,0.0
12,1,7,0,,,,1.6838334,0.0,0.0,0.0,0.0
12,2,7,0,,,,1.43435,0.0,0.0,0.0,0.0
12,3,7,0,,,,1.47535,0.0,0.0,0.0,0.0
12,4,7,0,,,,1.4103167,0.0,0.0,0.0,0.0
12,5,7,0,,,,1.39165,0.0,0.0,0.0,0.0
12,6,7,0,,,,1.30565,0.0,0.0,0.0,0.0
12,7,7,0,,,,1.4863167,0.0,0.0,0.0,0.0
12,8,7,0,,,,1.8013333,0.0,0.0,0.0,0.0
12,9,7,0,,,,2.6129167,0.0,0.0,0.0,32.24
12,10,7,0,,,,1.7175666,0.0,0.0,0.0,189.37
12,11,7,0,,,,1.42605,0.0,0.0,0.0,457.36
12,12,7,0,,,,1.45625,0.0,0.0,0.0,574.37
12,13,7,0,,,,1.4967,0.0,0.0,0.0,507.33
12,14,7,0,,,,1.0359334,0.0,0.0,0.0,540.24
12,15,7,0,,,,1.0217167,0.0,0.0,0.0,173.46
12,16,7,0,,,,0.9920833,0.0,0.0,0.0,10.77
12,17,7,0,,,,0.9863833,0.0,0.0,0.0,0.0
12,18,7,0,,,,0.99193335,0.0,0.0,0.0,0.0
12,19,7,0,,,,1.7037834,0.0,0.0,0.0,0.0
12,20,7,0,,,,2.2892334,0.0,0.0,0.0,0.0
12,21,7,0,,,,1.3655,0.0,0.0,0.0,0.0
12,22,7,0,,,,1.10575,0.0,0.0,0.0,0.0
12,23,7,0,,,,1.20645,0.0,0.0,0.0,0.0
12,24,7,0,,,,1.4006584,0.0,0.0,0.0,0.0
12,1,1,0,,,,1.6176167,0.0,0.0,0.0,0.0
12,2,1,0,,,,1.6254333,0.0,0.0,0.0,0.0
12,3,1,0,,,,2.2738667,0.0,0.0,0.0,0.0
12,4,1,0,,,,1.7874334,0.0,0.0,0.0,0.0
12,5,1,0,,,,2.3065166,0.0,0.0,0.0,0.0
12,6,1,0,,,,3.0575833,0.0,0.0,0.0,0.0
12,7,1,0,,,,1.8261666,0.0,0.0,0.0,0.0
12,8,1,0,,,,1.7073667,0.0,0.0,0.0,0.0
12,9,1,0,,,,1.59005,0.0,0.0,0.0,0.02
12,10,1,0,,,,1.5459833,0.0,0.0,0.0,37.9
12,11,1,0,,,,1.2291167,0.0,0.0,0.0,100.67
12,12,1,0,,,,1.2148334,0.0,0.0,0.0,53.11
12,13,1,0,,,,1.5916667,0.0,0.0,0.0,77.51
12,14,1,0,,,,1.306,0.0,0.0,0.0,533.48
12,15,1,0,,,,1.25115,0.0,0.0,0.0,391.25
12,16,1,0,,,,1.7403834,0.0,0.0,0.0,11.87
12,17,1,0,,,,0.95065,0.0,0.0,0.0,0.0
12,18,1,0,,,,1.16265,0.0,0.0,0.0,0.0
12,19,1,0,,,,1.9834833,0.0,0.0,0.0,0.0
12,20,1,0,,,,2.04045,0.0,0.0,0.0,0.0
12,21,1,0,,,,2.06975,0.0,0.0,0.0,0.0
12,22,1,0,,,,1.8459333,0.0,0.0,0.0,0.0
12,23,1,0,,,,1.65445,0.0,0.0,0.0,0.0
12,24,1,0,,,,1.916275,0.0,0.0,0.0,0.0
12,1,2,0,,,,1.9327333,0.0,0.0,0.0,0.0
12,2,2,0,,,,1.8406667,0.0,0.0,0.0,0.0
12,3,2,0,,,,2.2876334,0.0,0.0,0.0,0.0
12,4,2,0,,,,2.0114167,0.0,0.0,0.0,0.0
12,5,2,0,,,,2.16105,0.0,0.0,0.0,0.0
12,6,2,0,,,,2.6915834,0.0,0.0,0.0,0.0
12,7,2,0,,,,1.9135166,0.0,0.0,0.0,0.0
12,8,2,0,,,,1.5971333,0.0,0.0,0.0,0.0
12,9,2,0,,,,2.0195,0.0,0.0,0.0,41.53
12,10,2,0,,,,1.35035,0.0,0.0,0.0,351.52
12,11,2,0,,,,1.8018667,0.0,0.0,0.0,531.12
12,12,2,0,,,,1.5186,0.0,0.0,0.0,613.7
12,13,2,0,,,,2.0786166,0.0,0.0,0.0,627.16
12,14,2,0,,,,2.4169,0.0,0.0,0.0,571.46
12,15,2,0,,,,1.0704334,0.0,0.0,0.0,397.52
12,16,2,0,,,,1.5017556,0.0,0.0,0.0,11.9
12,17,2,0,,,,3.01105,0.0,0.0,0.0,0.0
12,18,2,0,,,,3.5672834,0.0,0.0,0.0,0.0
12,19,2,0,,,,2.1358833,0.0,0.0,0.0,0.0
12,20,2,0,,,,2.3683333,0.0,0.0,0.0,0.0
12,21,2,0,,,,1.8273166,0.0,0.0,0.0,0.0
12,22,2,0,,,,1.5932,0.0,0.0,0.0,0.0
12,23,2,0,,,,1.93095,0.0,0.0,0.0,0.0
12,24,2,0,,,,2.35095,0.0,0.0,0.0,0.0
12,1,3,0,,,,1.8884833,0.0,0.0,0.0,0.0
12,2,3,0,,,,1.87835,0.0,0.0,0.0,0.0
12,3,3,0,,,,2.0284,0.0,0.0,0.0,0.0
12,4,3,0,,,,2.0041168,0.0,0.0,0.0,0.0
12,5,3,0,,,,1.8895,0.0,0.0,0.0,0.0
12,6,3,0,,,,1.6768667,0.0,0.0,0.0,0.0
12,7,3,0,,,,2.3071167,0.0,0.0,0.0,0.0
12,8,3,0,,,,1.7728,0.0,0.0,0.0,0.0
12,9,3,0,,,,1.8460333,0.0,0.0,0.0,2.22
12,10,3,0,,,,1.7121667,0.0,0.0,0.0,231.05
12,11,3,0,,,,1.6192334,0.0,0.0,0.0,408.42
12,12,3,0,,,,1.3678,0.0,0.0,0.0,480.08
12,13,3,0,,,,2.5435333,0.0,0.0,0.0,585.65
12,14,3,0,,,,1.3826166,0.0,0.0,0.0,598.62
12,15,3,0,,,,1.5262,0.0,0.0,0.0,459.59
12,16,3,0,,,,2.0655668,0.0,0.0,0.0,11.97
12,17,3,0,,,,2.1612833,0.0,0.0,0.0,0.0
12,18,3,0,,,,1.8817667,0.0,0.0,0.0,0.0
12,19,3,0,,,,2.3702667,0.0,0.0,0.0,0.0
12,20,3,0,,,,2.8262167,0.0,0.0,0.0,0.0
12,21,3,0,,,,2.2478833,0.0,0.0,0.0,0.0
12,22,3,0,,,,2.10535,0.0,0.0,0.0,0.0
12,23,3,0,,,,1.8167833,0.0,0.0,0.0,0.0
12,24,3,0,,,,1.9381083,0.0,0.0,0.0,0.0
12,1,4,0,,,,2.1922,0.0,0.0,0.0,0.0
12,2,4,0,,,,2.13675,0.0,0.0,0.0,0.0
12,3,4,0,,,,2.8600833,0.0,0.0,0.0,0.0
12,4,4,0,,,,2.5319667,0.0,0.0,0.0,0.0
12,5,4,0,,,,2.24555,0.0,0.0,0.0,0.0
12,6,4,0,,,,2.2942333,0.0,0.0,0.0,0.0
12,7,4,0,,,,2.1942832,0.0,0.0,0.0,0.0
12,8,4,0,,,,2.1197166,0.0,0.0,0.0,0.0
12,9,4,0,,,,1.50295,0.0,0.0,0.0,24.96
12,10,4,0,,,,1.8901833,0.0,0.0,0.0,217.95
12,11,4,0,,,,2.9176667,0.0,0.0,0.0,163.5
12,12,4,0,,,,2.6633,0.0,0.0,0.0,155.5
12,13,4,0,,,,3.1134167,0.0,0.0,0.0,73.94
12,14,4,0,,,,3.6385667,0.0,0.0,0.0,496.38
12,15,4,0,,,,2.9403834,0.0,0.0,0.0,151.35
12,16,4,0,,,,1.92065,0.0,0.0,0.0,10.56
12,17,4,0,,,,1.644,0.0,0.0,0.0,0.0
12,18,4,0,,,,1.8236166,0.0,0.0,0.0,0.0
12,19,4,0,,,,2.9549167,0.0,0.0,0.0,0.0
12,20,4,0,,,,2.0514333,0.0,0.0,0.0,0.0
12,21,4,0,,,,1.4698,0.0,0.0,0.0,0.0
12,22,4,0,,,,1.4483666,0.0,0.0,0.0,0.0
12,23,4,0,,,,1.3943334,0.0,0.0,0.0,0.0
12,24,4,0,,,,1.5359,0.0,0.0,0.0,0.0
12,1,5,0,,,,1.9965333,0.0,0.0,0.0,0.0
12,2,5,0,,,,1.8501834,0.0,0.0,0.0,0.0
12,3,5,0,,,,2.66285,0.0,0.0,0.0,0.0
12,4,5,0,,,,2.3611333,0.0,0.0,0.0,0.0
12,5,5,0,,,,2.59995,0.0,0.0,0.0,0.0
12,6,5,0,,,,2.3773,0.0,0.0,0.0,0.0
12,7,5,0,,,,2.8859668,0.0,0.0,0.0,0.0
12,8,5,0,,,,1.8081,0.0,0.0,0.0,0.0
12,9,5,0,,,,1.8283167,0.0,0.0,0.0,0.0
12,10,5,0,,,,1.5876666,0.0,0.0,0.0,93.55
12,11,5,0,,,,1.5751834,0.0,0.0,0.0,435.37
12,12,5,0,,,,1.4548833,0.0,0.0,0.0,257.47
12,13,5,0,,,,1.9778833,0.0,0.0,0.0,637.97
12,14,5,0,,,,1.79245,0.0,0.0,0.0,481.42
12,15,5,0,,,,1.712,0.0,0.0,0.0,388.75
12,16,5,0,,,,2.1831667,0.0,0.0,0.0,10.57
12,17,5,0,,,,1.9166334,0.0,0.0,0.0,0.0
12,18,5,0,,,,2.42695,0.0,0.0,0.0,0.0
12,19,5,0,,,,1.9858333,0.0,0.0,0.0,0.0
12,20,5,0,,,,2.7945166,0.0,0.0,0.0,0.0
12,21,5,0,,,,1.6111333,0.0,0.0,0.0,0.0
12,22,5,0,,,,1.67455,0.0,0.0,0.0,0.0
12,23,5,0,,,,1.4930834,0.0,0.0,0.0,0.0
12,24,5,0,,,,1.9005667,0.0,0.0,0.0,0.0
12,1,6,0,,,,2.0192332,0.0,0.0,0.0,0.0
12,2,6,0,,,,1.8038666,0.0,0.0,0.0,0.0
12,3,6,0,,,,1.9275167,0.0,0.0,0.0,0.0
12,4,6,0,,,,1.9246833,0.0,0.0,0.0,0.0
12,5,6,0,,,,1.9086833,0.0,0.0,0.0,0.0
12,6,6,0,,,,2.5064833,0.0,0.0,0.0,0.0
12,7,6,0,,,,2.4118667,0.0,0.0,0.0,0.0
12,8,6,0,,,,1.7840667,0.0,0.0,0.0,0.0
12,9,6,0,,,,1.39065,0.0,0.0,0.0,0.0
12,10,6,0,,,,1.5840666,0.0,0.0,0.0,15.99
12,11,6,0,,,,1.4012166,0.0,0.0,0.0,43.04
12,12,6,0,,,,1.0903667,0.0,0.0,0.0,40.41
12,13,6,0,,,,1.0865667,0.0,0.0,0.0,26.5
12,14,6,0,,,,1.32655,0.0,0.0,0.0,28.71
12,15,6,0,,,,1.0042666,0.0,0.0,0.0,8.35
12,16,6,0,,,,1.7716,0.0,0.0,0.0,5.33
12,17,6,0,,,,1.84175,0.0,0.0,0.0,0.0
12,18,6,0,,,,1.9033,0.0,0.0,0.0,0.0
12,19,6,0,,,,1.4219,0.0,0.0,0.0,0.0
12,20,6,0,,,,2.49375,0.0,0.0,0.0,0.0
12,21,6,0,,,,2.7016833,0.0,0.0,0.0,0.0
12,22,6,0,,,,1.8139666,0.0,0.0,0.0,0.0
12,23,6,0,,,,1.58335,0.0,0.0,0.0,0.0
12,24,6,0,,,,1.342275,0.0,0.0,0.0,0.0
12,1,7,0,,,,1.5091333,0.0,0.0,0.0,0.0
12,2,7,0,,,,1.8331833,0.0,0.0,0.0,0.0
12,3,7,0,,,,1.6929333,0.0,0.0,0.0,0.0
12,4,7,0,,,,1.7133167,0.0,0.0,0.0,0.0
12,5,7,0,,,,1.5548333,0.0,0.0,0.0,0.0
12,6,7,0,,,,1.6432333,0.0,0.0,0.0,0.0
12,7,7,0,,,,2.2381833,0.0,0.0,0.0,0.0
12,8,7,0,,,,2.67885,0.0,0.0,0.0,0.0
12,9,7,0,,,,3.22455,0.0,0.0,0.0,0.0
12,10,7,0,,,,2.2076166,0.0,0.0,0.0,36.89
12,11,7,0,,,,2.0496,0.0,0.0,0.0,68.85
12,12,7,0,,,,1.7252834,0.0,0.0,0.0,89.77
12,13,7,0,,,,2.2744668,0.0,0.0,0.0,164.65
12,14,7,0,,,,2.7628667,0.0,0.0,0.0,170.97
12,15,7,0,,,,2.7505167,0.0,0.0,0.0,107.58
12,16,7,0,,,,2.3458166,0.0,0.0,0.0,6.5
12,17,7,0,,,,1.8054667,0.0,0.0,0.0,0.0
12,18,7,0,,,,1.9597,0.0,0.0,0.0,0.0
12,19,7,0,,,,1.8743833,0.0,0.0,0.0,0.0
12,20,7,0,,,,1.6319,0.0,0.0,0.0,0.0
12,21,7,0,,,,2.0626833,0.0,0.0,0.0,0.0
12,22,7,0,,,,1.8891166,0.0,0.0,0.0,0.0
12,23,7,0,,,,1.2376167,0.0,0.0,0.0,0.0
12,24,7,0,,,,1.5183,0.0,0.0,0.0,0.0
12,1,1,0,,,,1.3078,0.0,0.0,0.0,0.0
12,2,1,0,,,,1.4750667,0.0,0.0,0.0,0.0
12,3,1,0,,,,2.33575,0.0,0.0,0.0,0.0
12,4,1,0,,,,1.48005,0.0,0.0,0.0,0.0
12,5,1,0,,,,1.5205667,0.0,0.0,0.0,0.0
12,6,1,0,,,,1.6102333,0.0,0.0,0.0,0.0
12,7,1,0,,,,1.7978834,0.0,0.0,0.0,0.0
12,8,1,0,,,,1.494,0.0,0.0,0.0,0.0
12,9,1,0,,,,1.3240167,0.0,0.0,0.0,0.0
12,10,1,0,,,,1.9128833,0.0,0.0,0.0,22.24
12,11,1,0,,,,1.3738,0.0,0.0,0.0,51.59
12,12,1,0,,,,1.56885,0.0,0.0,0.0,45.93
12,13,1,0,,,,1.9434834,0.0,0.0,0.0,30.34
12,14,1,0,,,,2.2265666,0.0,0.0,0.0,52.84
12,15,1,0,,,,1.6071334,0.0,0.0,0.0,10.3
12,16,1,0,,,,1.39085,0.0,0.0,0.0,0.22
12,17,1,0,,,,1.1418333,0.0,0.0,0.0,0.0
12,18,1,0,,,,2.23195,0.0,0.0,0.0,0.0
12,19,1,0,,,,2.0130668,0.0,0.0,0.0,0.0
12,20,1,0,,,,2.0387666,0.0,0.0,0.0,0.0
12,21,1,0,,,,1.6036333,0.0,0.0,0.0,0.0
12,22,1,0,,,,1.3899333,0.0,0.0,0.0,0.0
12,23,1,0,,,,1.8618333,0.0,0.0,0.0,0.0
12,24,1,0,,,,1.675175,0.0,0.0,0.0,0.0
12,1,2,0,,,,1.74145,0.0,0.0,0.0,0.0
12,2,2,0,,,,1.3967834,0.0,0.0,0.0,0.0
12,3,2,0,,,,2.2587333,0.0,0.0,0.0,0.0
12,4,2,0,,,,2.0021167,0.0,0.0,0.0,0.0
12,5,2,0,,,,2.1195166,0.0,0.0,0.0,0.0
12,6,2,0,,,,1.7241334,0.0,0.0,0.0,0.0
12,7,2,0,,,,1.9208833,0.0,0.0,0.0,0.0
12,8,2,0,,,,1.8922334,0.0,0.0,0.0,0.0
12,9,2,0,,,,2.6674833,0.0,0.0,0.0,0.0
12,10,2,0,,,,1.1218,0.0,0.0,0.0,11.14
12,11,2,0,,,,1.0742834,0.0,0.0,0.0,28.49
12,12,2,0,,,,1.1371167,0.0,0.0,0.0,18.81
12,13,2,0,,,,2.06145,0.0,0.0,0.0,20.98
12,14,2,0,,,,1.5587833,0.0,0.0,0.0,25.41
12,15,2,0,,,,2.0112166,0.0,0.0,0.0,4.29
12,16,2,0,,,,1.82615,0.0,0.0,0.0,0.0
12,17,2,0,,,,2.0365,0.0,0.0,0.0,0.0
12,18,2,0,,,,1.4920666,0.0,0.0,0.0,0.0
12,19,2,0,,,,2.9606667,0.0,0.0,0.0,0.0
12,20,2,0,,,,3.20635,0.0,0.0,0.0,0.0
12,21,2,0,,,,1.4882333,0.0,0.0,0.0,0.0
12,22,2,0,,,,1.3759167,0.0,0.0,0.0,0.0
12,23,2,0,,,,1.3966167,0.0,0.0,0.0,0.0
12,24,2,0,,,,1.4201417,0.0,0.0,0.0,0.0
12,1,3,0,,,,1.5211166,0.0,0.0,0.0,0.0
12,2,3,0,,,,2.13215,0.0,0.0,0.0,0.0
12,3,3,0,,,,2.3808832,0.0,0.0,0.0,0.0
12,4,3,0,,,,2.3576167,0.0,0.0,0.0,0.0
12,5,3,0,,,,2.3896334,0.0,0.0,0.0,0.0
12,6,3,0,,,,2.4349334,0.0,0.0,0.0,0.0
12,7,3,0,,,,2.6883,0.0,0.0,0.0,0.0
12,8,3,0,,,,1.62625,0.0,0.0,0.0,0.0
12,9,3,0,,,,1.7097833,0.0,0.0,0.0,0.0
12,10,3,0,,,,1.03405,0.0,0.0,0.0,35.12
12,11,3,0,,,,1.3670334,0.0,0.0,0.0,37.73
12,12,3,0,,,,1.1110333,0.0,0.0,0.0,54.4
12,13,3,0,,,,1.0737,0.0,0.0,0.0,23.83
12,14,3,0,,,,1.0293334,0.0,0.0,0.0,19.41
12,15,3,0,,,,1.0536333,0.0,0.0,0.0,21.57
12,16,3,0,,,,1.75425,0.0,0.0,0.0,0.98
12,17,3,0,,,,1.1344,0.0,0.0,0.0,0.0
12,18,3,0,,,,1.8387,0.0,0.0,0.0,0.0
12,19,3,0,,,,2.02285,0.0,0.0,0.0,0.0
12,20,3,0,,,,2.6225667,0.0,0.0,0.0,0.0
12,21,3,0,,,,2.0274,0.0,0.0,0.0,0.0
12,22,3,0,,,,1.44345,0.0,0.0,0.0,0.0
12,23,3,0,,,,1.6569,0.0,0.0,0.0,0.0
12,24,3,0,,,,1.48945,0.0,0.0,0.0,0.0
12,1,4,0,,,,1.95675,0.0,0.0,0.0,0.0
12,2,4,0,,,,1.782,0.0,0.0,0.0,0.0
12,3,4,0,,,,1.9929833,0.0,0.0,0.0,0.0
12,4,4,0,,,,1.9285,0.0,0.0,0.0,0.0
12,5,4,0,,,,2.3815334,0.0,0.0,0.0,0.0
12,6,4,0,,,,2.1707168,0.0,0.0,0.0,0.0
12,7,4,0,,,,1.399,0.0,0.0,0.0,0.0
12,8,4,0,,,,1.6163167,0.0,0.0,0.0,0.0
12,9,4,0,,,,1.5999666,0.0,0.0,0.0,0.0
12,10,4,0,,,,1.0893667,0.0,0.0,0.0,146.87
12,11,4,0,,,,1.2486334,0.0,0.0,0.0,487.41
12,12,4,0,,,,1.0888,0.0,0.0,0.0,590.6
12,13,4,0,,,,1.1743,0.0,0.0,0.0,597.53
12,14,4,0,,,,1.7312334,0.0,0.0,0.0,554.18
12,15,4,0,,,,1.9427834,0.0,0.0,0.0,253.26
12,16,4,0,,,,1.4329833,0.0,0.0,0.0,8.69
12,17,4,0,,,,1.8028,0.0,0.0,0.0,0.0
12,18,4,0,,,,2.0478334,0.0,0.0,0.0,0.0
12,19,4,0,,,,2.4595,0.0,0.0,0.0,0.0
12,20,4,0,,,,1.5463,0.0,0.0,0.0,0.0
12,21,4,0,,,,1.9775,0.0,0.0,0.0,0.0
12,22,4,0,,,,1.5396333,0.0,0.0,0.0,0.0
12,23,4,0,,,,1.6323167,0.0,0.0,0.0,0.0
12,24,4,0,,,,1.7969,0.0,0.0,0.0,0.0
12,1,5,0,,,,1.8062834,0.0,0.0,0.0,0.0
12,2,5,0,,,,1.8093166,0.0,0.0,0.0,0.0
12,3,5,0,,,,2.4832,0.0,0.0,0.0,0.0
12,4,5,0,,,,2.2080333,0.0,0.0,0.0,0.0
12,5,5,0,,,,2.4743834,0.0,0.0,0.0,0.0
12,6,5,0,,,,2.2152,0.0,0.0,0.0,0.0
12,7,5,0,,,,2.50185,0.0,0.0,0.0,0.0
12,8,5,0,,,,2.3431168,0.0,0.0,0.0,0.0
12,9,5,0,,,,1.7388333,0.0,0.0,0.0,0.0
12,10,5,0,,,,1.62135,0.0,0.0,0.0,5.85
12,11,5,0,,,,1.6018167,0.0,0.0,0.0,348.83
12,12,5,0,,,,1.8368,0.0,0.0,0.0,515.66
12,13,5,0,,,,2.3037834,0.0,0.0,0.0,576.92
12,14,5,0,,,,1.94965,0.0,0.0,0.0,545.45
12,15,5,0,,,,2.64095,0.0,0.0,0.0,377.29
12,16,5,0,,,,2.1579168,0.0,0.0,0.0,7.41
12,17,5,0,,,,2.7682333,0.0,0.0,0.0,0.0
12,18,5,0,,,,2.9128,0.0,0.0,0.0,0.0
12,19,5,0,,,,2.4347334,0.0,0.0,0.0,0.0
12,20,5,0,,,,2.5996666,0.0,0.0,0.0,0.0
12,21,5,0,,,,2.4312,0.0,0.0,0.0,0.0
12,22,5,0,,,,2.44265,0.0,0.0,0.0,0.0
12,23,5,0,,,,2.271,0.0,0.0,0.0,0.0
12,24,5,0,,,,2.0773666,0.0,0.0,0.0,0.0
12,1,6,0,,,,2.5312333,0.0,0.0,0.0,0.0
12,2,6,0,,,,2.5639334,0.0,0.0,0.0,0.0
12,3,6,0,,,,2.6940668,0.0,0.0,0.0,0.0
12,4,6,0,,,,2.52645,0.0,0.0,0.0,0.0
12,5,6,0,,,,3.242,0.0,0.0,0.0,0.0
12,6,6,0,,,,2.9076667,0.0,0.0,0.0,0.0
12,7,6,0,,,,3.076,0.0,0.0,0.0,0.0
12,8,6,0,,,,2.6138334,0.0,0.0,0.0,0.0
12,9,6,0,,,,2.39365,0.0,0.0,0.0,0.0
12,10,6,0,,,,2.3824167,0.0,0.0,0.0,289.83
12,11,6,0,,,,2.2042167,0.0,0.0,0.0,473.75
12,12,6,0,,,,1.927,0.0,0.0,0.0,550.88
12,13,6,0,,,,1.5634583,0.0,0.0,0.0,484.41
12,14,6,0,,,,1.5275583,0.0,0.0,0.0,481.74
12,15,6,0,,,,1.8618166,0.0,0.0,0.0,274.68
12,16,6,0,,,,1.8470167,0.0,0.0,0.0,6.84
12,17,6,0,,,,1.911,0.0,0.0,0.0,0.0
12,18,6,0,,,,3.4881334,0.0,0.0,0.0,0.0
12,19,6,0,,,,3.6997666,0.0,0.0,0.0,0.0
12,20,6,0,,,,3.6479166,0.0,0.0,0.0,0.0
12,21,6,0,,,,2.6659834,0.0,0.0,0.0,0.0
12,22,6,0,,,,2.4977167,0.0,0.0,0.0,0.0
12,23,6,0,,,,1.8763833,0.0,0.0,0.0,0.0
12,24,6,0,,,,2.137675,0.0,0.0,0.0,0.0
12,1,7,0,,,,2.0083666,0.0,0.0,0.0,0.0
12,2,7,0,,,,2.2770667,0.0,0.0,0.0,0.0
12,3,7,0,,,,2.5279667,0.0,0.0,0.0,0.0
12,4,7,0,,,,2.06755,0.0,0.0,0.0,0.0
12,5,7,0,,,,2.6069,0.0,0.0,0.0,0.0
12,6,7,0,,,,3.5359833,0.0,0.0,0.0,0.0
12,7,7,0,,,,2.3350832,0.0,0.0,0.0,0.0
12,8,7,0,,,,2.3897834,0.0,0.0,0.0,0.0
12,9,7,0,,,,1.9337667,0.0,0.0,0.0,0.0
12,10,7,0,,,,2.9792833,0.0,0.0,0.0,210.17
12,11,7,0,,,,2.2685332,0.0,0.0,0.0,462.44
12,12,7,0,,,,2.3112833,0.0,0.0,0.0,356.03
12,13,7,0,,,,2.8069,0.0,0.0,0.0,442.92
12,14,7,0,,,,3.4855332,0.0,0.0,0.0,516.67
12,15,7,0,,,,2.9601834,0.0,0.0,0.0,298.96
12,16,7,0,,,,3.3839,0.0,0.0,0.0,9.62
12,17,7,0,,,,3.5623167,0.0,0.0,0.0,0.0
12,18,7,0,,,,3.1661,0.0,0.0,0.0,0.0
12,19,7,0,,,,3.5189667,0.0,0.0,0.0,0.0
12,20,7,0,,,,4.0067167,0.0,0.0,0.0,0.0
12,21,7,0,,,,4.0426,0.0,0.0,0.0,0.0
12,22,7,0,,,,2.7222,0.0,0.0,0.0,0.0
12,23,7,0,,,,2.8943667,0.0,0.0,0.0,0.0
12,24,7,0,,,,2.3592584,0.0,0.0,0.0,0.0
12,1,1,0,,,,2.1665833,0.0,0.0,0.0,0.0
12,2,1,0,,,,2.5755668,0.0,0.0,0.0,0.0
12,3,1,0,,,,2.959,0.0,0.0,0.0,0.0
12,4,1,0,,,,2.4766667,0.0,0.0,0.0,0.0
12,5,1,0,,,,2.88355,0.0,0.0,0.0,0.0
12,6,1,0,,,,2.5729,0.0,0.0,0.0,0.0
12,7,1,0,,,,2.4935834,0.0,0.0,0.0,0.0
12,8,1,0,,,,1.7015667,0.0,0.0,0.0,0.0
12,9,1,0,,,,1.7796834,0.0,0.0,0.0,0.0
12,10,1,0,,,,2.3206,0.0,0.0,0.0,148.53
12,11,1,0,,,,2.02785,0.0,0.0,0.0,521.39
12,12,1,0,,,,2.0213666,0.0,0.0,0.0,587.01
12,13,1,0,,,,2.7906334,0.0,0.0,0.0,579.65
12,14,1,0,,,,2.61985,0.0,0.0,0.0,532.63
12,15,1,0,,,,1.13945,0.0,0.0,0.0,380.77
12,16,1,0,,,,2.3196,0.0,0.0,0.0,8.07
12,17,1,0,,,,2.5024667,0.0,0.0,0.0,0.0
12,18,1,0,,,,2.3964834,0.0,0.0,0.0,0.0
12,19,1,0,,,,3.5106583,0.0,0.0,0.0,0.0
12,20,1,0,,,,2.75705,0.0,0.0,0.0,0.0
12,21,1,0,,,,1.5984833,0.0,0.0,0.0,0.0
12,22,1,0,,,,2.1017833,0.0,0.0,0.0,0.0
12,23,1,0,,,,1.7326,0.0,0.0,0.0,0.0
12,24,1,0,,,,2.2107167,0.0,0.0,0.0,0.0
12,1,2,0,,,,2.0665834,0.0,0.0,0.0,0.0
12,2,2,0,,,,1.7644833,0.0,0.0,0.0,0.0
12,3,2,0,,,,2.0130334,0.0,0.0,0.0,0.0
12,4,2,0,,,,2.3592834,0.0,0.0,0.0,0.0
12,5,2,0,,,,2.1359832,0.0,0.0,0.0,0.0
12,6,2,0,,,,1.79455,0.0,0.0,0.0,0.0
12,7,2,0,,,,1.47525,0.0,0.0,0.0,0.0
12,8,2,0,,,,1.7104666,0.0,0.0,0.0,0.0
12,9,2,0,,,,1.4927666,0.0,0.0,0.0,0.0
12,10,2,0,,,,1.22425,0.0,0.0,0.0,155.12
12,11,2,0,,,,0.97103333,0.0,0.0,0.0,396.59
12,12,2,0,,,,0.97635,0.0,0.0,0.0,526.48
12,13,2,0,,,,1.6369833,0.0,0.0,0.0,435.46
12,14,2,0,,,,1.8863667,0.0,0.0,0.0,512.66
12,15,2,0,,,,1.43195,0.0,0.0,0.0,342.57
12,16,2,0,,,,1.6398,0.0,0.0,0.0,6.49
12,17,2,0,,,,1.9682333,0.0,0.0,0.0,0.0
12,18,2,0,,,,2.3014834,0.0,0.0,0.0,0.0
12,19,2,0,,,,1.11125,0.0,0.0,0.0,0.0
12,20,2,0,,,,1.8087167,0.0,0.0,0.0,0.0
12,21,2,0,,,,1.7294166,0.0,0.0,0.0,0.0
12,22,2,0,,,,1.44675,0.0,0.0,0.0,0.0
12,23,2,0,,,,1.3293333,0.0,0.0,0.0,0.0
12,24,2,0,,,,1.3541334,0.0,0.0,0.0,0.0
12,1,3,0,,,,1.3170667,0.0,0.0,0.0,0.0
12,2,3,0,,,,1.5925333,0.0,0.0,0.0,0.0
12,3,3,0,,,,1.7717,0.0,0.0,0.0,0.0
12,4,3,0,,,,1.7228333,0.0,0.0,0.0,0.0
12,5,3,0,,,,1.8354666,0.0,0.0,0.0,0.0
12,6,3,0,,,,2.1323166,0.0,0.0,0.0,0.0
12,7,3,0,,,,1.4942334,0.0,0.0,0.0,0.0
12,8,3,0,,,,1.6626834,0.0,0.0,0.0,0.0
12,9,3,0,,,,1.453,0.0,0.0,0.0,0.0
12,10,3,0,,,,1.28115,0.0,0.0,0.0,22.04
12,11,3,0,,,,2.2085333,0.0,0.0,0.0,36.54
12,12,3,0,,,,1.4328667,0.0,0.0,0.0,51.92
12,13,3,0,,,,2.58465,0.0,0.0,0.0,48.72
12,14,3,0,,,,2.20735,0.0,0.0,0.0,20.18
12,15,3,0,,,,1.80505,0.0,0.0,0.0,99.91
12,16,3,0,,,,1.524575,0.0,0.0,0.0,9.76
12,17,3,0,,,,1.5599667,0.0,0.0,0.0,0.0
12,18,3,0,,,,2.5280666,0.0,0.0,0.0,0.0
12,19,3,0,,,,1.6108667,0.0,0.0,0.0,0.0
12,20,3,0,,,,1.9495,0.0,0.0,0.0,0.0
12,21,3,0,,,,2.4600334,0.0,0.0,0.0,0.0
12,22,3,0,,,,2.51185,0.0,0.0,0.0,0.0
12,23,3,0,,,,2.2665834,0.0,0.0,0.0,0.0
12,24,3,0,,,,2.18855,0.0,0.0,0.0,0.0
12,1,4,0,,,,2.56135,0.0,0.0,0.0,0.0
12,2,4,0,,,,1.9584833,0.0,0.0,0.0,0.0
12,3,4,0,,,,2.5931,0.0,0.0,0.0,0.0
12,4,4,0,,,,2.2894332,0.0,0.0,0.0,0.0
12,5,4,0,,,,2.3864834,0.0,0.0,0.0,0.0
12,6,4,0,,,,2.2130167,0.0,0.0,0.0,0.0
12,7,4,0,,,,2.0972667,0.0,0.0,0.0,0.0
12,8,4,0,,,,1.93975,0.0,0.0,0.0,0.0
12,9,4,0,,,,3.2470667,0.0,0.0,0.0,0.0
12,10,4,0,,,,2.6669166,0.0,0.0,0.0,7.6
12,11,4,0,,,,2.3523333,0.0,0.0,0.0,99.98
12,12,4,0,,,,2.2740166,0.0,0.0,0.0,57.01
12,13,4,0,,,,2.45745,0.0,0.0,0.0,25.09
12,14,4,0,,,,1.9840333,0.0,0.0,0.0,15.22
12,15,4,0,,,,2.2752833,0.0,0.0,0.0,3.0
12,16,4,0,,,,2.7977166,0.0,0.0,0.0,5.67
12,17,4,0,,,,2.39245,0.0,0.0,0.0,0.0
12,18,4,0,,,,2.5184333,0.0,0.0,0.0,0.0
12,19,4,0,,,,1.6813166,0.0,0.0,0.0,0.0
12,20,4,0,,,,1.46175,0.0,0.0,0.0,0.0
12,21,4,0,,,,1.1597834,0.0,0.0,0.0,0.0
12,22,4,0,,,,1.39205,0.0,0.0,0.0,0.0
12,23,4,0,,,,2.4187167,0.0,0.0,0.0,0.0
12,24,4,0,,,,2.5156918,0.0,0.0,0.0,0.0
12,1,5,0,,,,1.9378333,0.0,0.0,0.0,0.0
12,2,5,0,,,,1.7196667,0.0,0.0,0.0,0.0
12,3,5,0,,,,1.70575,0.0,0.0,0.0,0.0
12,4,5,0,,,,2.0025833,0.0,0.0,0.0,0.0
12,5,5,0,,,,1.9455667,0.0,0.0,0.0,0.0
12,6,5,0,,,,2.0833,0.0,0.0,0.0,0.0
12,7,5,0,,,,3.1591666,0.0,0.0,0.0,0.0
12,8,5,0,,,,1.943975,0.0,0.0,0.0,0.0
12,9,5,0,,,,1.8122667,0.0,0.0,0.0,0.0
12,10,5,0,,,,2.2187333,0.0,0.0,0.0,5.79
12,11,5,0,,,,2.2548168,0.0,0.0,0.0,20.09
12,12,5,0,,,,2.2356,0.0,0.0,0.0,12.5
12,13,5,0,,,,2.5545833,0.0,0.0,0.0,12.45
12,14,5,0,,,,1.46435,0.0,0.0,0.0,7.41
12,15,5,0,,,,1.8319,0.0,0.0,0.0,176.25
12,16,5,0,,,,2.0438416,0.0,0.0,0.0,11.36
12,17,5,0,,,,2.1982667,0.0,0.0,0.0,0.0
12,18,5,0,,,,3.1257167,0.0,0.0,0.0,0.0
12,19,5,0,,,,3.1087334,0.0,0.0,0.0,0.0
12,20,5,0,,,,2.70485,0.0,0.0,0.0,0.0
12,21,5,0,,,,2.1949167,0.0,0.0,0.0,0.0
12,22,5,0,,,,1.5744166,0.0,0.0,0.0,0.0
12,23,5,0,,,,1.3477,0.0,0.0,0.0,0.0
12,24,5,0,,,,1.7493,0.0,0.0,0.0,0.0
12,1,6,0,,,,2.2382834,0.0,0.0,0.0,0.0
12,2,6,0,,,,2.4599667,0.0,0.0,0.0,0.0
12,3,6,0,,,,2.0674,0.0,0.0,0.0,0.0
12,4,6,0,,,,2.39115,0.0,0.0,0.0,0.0
12,5,6,0,,,,2.90955,0.0,0.0,0.0,0.0
12,6,6,0,,,,1.9681833,0.0,0.0,0.0,0.0
12,7,6,0,,,,2.3202333,0.0,0.0,0.0,0.0
12,8,6,0,,,,3.6099834,0.0,0.0,0.0,0.0
12,9,6,0,,,,3.2406332,0.0,0.0,0.0,0.0
12,10,6,0,,,,4.0149,0.0,0.0,0.0,73.79
12,11,6,0,,,,2.447039,0.0,0.0,0.0,53.49
12,12,6,0,,,,2.8069084,0.0,0.0,0.0,27.62
12,13,6,0,,,,1.86995,0.0,0.0,0.0,38.84
12,14,6,0,,,,1.8515167,0.0,0.0,0.0,16.07
12,15,6,0,,,,1.9213667,0.0,0.0,0.0,34.59
12,16,6,0,,,,2.1533334,0.0,0.0,0.0,11.61
12,17,6,0,,,,2.7336667,0.0,0.0,0.0,0.0
12,18,6,0,,,,3.4118667,0.0,0.0,0.0,0.0
12,19,6,0,,,,3.1144166,0.0,0.0,0.0,0.0
12,20,6,0,,,,5.22685,0.0,0.0,0.0,0.0
12,21,6,0,,,,2.4391,0.0,0.0,0.0,0.0
12,22,6,0,,,,2.5066667,0.0,0.0,0.0,0.0
12,23,6,0,,,,2.5494,0.0,0.0,0.0,0.0
12,24,6,0,,,,2.6312332,0.0,0.0,0.0,0.0
12,1,7,0,,,,2.7317834,0.0,0.0,0.0,0.0
12,2,7,0,,,,2.7196667,0.0,0.0,0.0,0.0
12,3,7,0,,,,2.81915,0.0,0.0,0.0,0.0
12,4,7,0,,,,3.56935,0.0,0.0,0.0,0.0
12,5,7,0,,,,3.5233834,0.0,0.0,0.0,0.0
12,6,7,0,,,,2.9545667,0.0,0.0,0.0,0.0
12,7,7,0,,,,2.20425,0.0,0.0,0.0,0.0
12,8,7,0,,,,2.6852834,0.0,0.0,0.0,0.0
12,9,7,0,,,,2.45685,0.0,0.0,0.0,0.0
12,10,7,0,,,,2.6607332,0.0,0.0,0.0,6.49
12,11,7,0,,,,3.4751832,0.0,0.0,0.0,14.9
12,12,7,0,,,,4.1534667,0.0,0.0,0.0,32.33
12,13,7,0,,,,4.1197667,0.0,0.0,0.0,16.94
12,14,7,0,,,,3.4935,0.0,0.0,0.0,7.06
12,15,7,0,,,,5.9335165,0.0,0.0,0.0,5.87
12,16,7,0,,,,5.0110664,0.0,0.0,0.0,0.0
12,17,7,0,,,,4.0315833,0.0,0.0,0.0,0.0
12,18,7,0,,,,3.61435,0.0,0.0,0.0,0.0
12,19,7,0,,,,3.9793668,0.0,0.0,0.0,0.0
12,20,7,0,,,,3.77605,0.0,0.0,0.0,0.0
12,21,7,0,,,,3.2056334,0.0,0.0,0.0,0.0
12,22,7,0,,,,2.24505,0.0,0.0,0.0,0.0
12,23,7,0,,,,2.6742334,0.0,0.0,0.0,0.0
12,24,7,0,,,,2.605375,0.0,0.0,0.0,0.0
12,1,1,0,,,,1.7754333,0.0,0.0,0.0,0.0
12,2,1,0,,,,2.1682167,0.0,0.0,0.0,0.0
12,3,1,0,,,,1.80785,0.0,0.0,0.0,0.0
12,4,1,0,,,,2.2141333,0.0,0.0,0.0,0.0
12,5,1,0,,,,2.0438166,0.0,0.0,0.0,0.0
12,6,1,0,,,,2.5726666,0.0,0.0,0.0,0.0
12,7,1,0,,,,2.1493833,0.0,0.0,0.0,0.0
12,8,1,0,,,,3.1468832,0.0,0.0,0.0,0.0
12,9,1,0,,,,2.6302,0.0,0.0,0.0,0.0
12,10,1,0,,,,2.8359334,0.0,0.0,0.0,4.74
12,11,1,0,,,,2.33935,0.0,0.0,0.0,10.87
12,12,1,0,,,,2.3195167,0.0,0.0,0.0,16.26
12,13,1,0,,,,2.8376167,0.0,0.0,0.0,12.17
12,14,1,0,,,,2.73765,0.0,0.0,0.0,14.18
12,15,1,0,,,,2.9032,0.0,0.0,0.0,6.47
12,16,1,0,,,,3.10025,0.0,0.0,0.0,0.0
12,17,1,0,,,,2.7373,0.0,0.0,0.0,0.0
12,18,1,0,,,,3.7390833,0.0,0.0,0.0,0.0
12,19,1,0,,,,3.3856666,0.0,0.0,0.0,0.0
12,20,1,0,,,,3.648975,0.0,0.0,0.0,0.0
12,21,1,0,,,,2.3333833,0.0,0.0,0.0,0.0
12,22,1,0,,,,2.4156334,0.0,0.0,0.0,0.0
12,23,1,0,,,,2.29585,0.0,0.0,0.0,0.0
12,24,1,0,,,,2.192925,0.0,0.0,0.0,0.0
12,1,2,0,,,,1.9845667,0.0,0.0,0.0,0.0
12,2,2,0,,,,2.2243166,0.0,0.0,0.0,0.0
12,3,2,0,,,,3.7045834,0.0,0.0,0.0,0.0
12,4,2,0,,,,2.0324,0.0,0.0,0.0,0.0
12,5,2,0,,,,1.9992833,0.0,0.0,0.0,0.0
12,6,2,0,,,,2.3765166,0.0,0.0,0.0,0.0
12,7,2,0,,,,1.6623833,0.0,0.0,0.0,0.0
12,8,2,0,,,,2.0604,0.0,0.0,0.0,0.0
12,9,2,0,,,,1.5001333,0.0,0.0,0.0,0.0
12,10,2,0,,,,1.4402833,0.0,0.0,0.0,26.52
12,11,2,0,,,,1.4128,0.0,0.0,0.0,29.85
12,12,2,0,,,,1.8963667,0.0,0.0,0.0,48.64
12,13,2,0,,,,1.3993334,0.0,0.0,0.0,31.36
12,14,2,0,,,,1.7558,0.0,0.0,0.0,38.36
12,15,2,0,,,,1.9310334,0.0,0.0,0.0,134.36
12,16,2,0,,,,2.2722,0.0,0.0,0.0,12.62
12,17,2,0,,,,2.5842333,0.0,0.0,0.0,0.0
12,18,2,0,,,,2.4597,0.0,0.0,0.0,0.0
12,19,2,0,,,,2.3359334,0.0,0.0,0.0,0.0
12,20,2,0,,,,2.6805832,0.0,0.0,0.0,0.0
12,21,2,0,,,,3.5972667,0.0,0.0,0.0,0.0
12,22,2,0,,,,2.17235,0.0,0.0,0.0,0.0
12,23,2,0,,,,2.0695,0.0,0.0,0.0,0.0
12,24,2,0,,,,1.8499084,0.0,0.0,0.0,0.0
12,1,3,0,,,,2.52995,0.0,0.0,0.0,0.0
12,2,3,0,,,,1.8648,0.0,0.0,0.0,0.0
12,3,3,0,,,,2.31655,0.0,0.0,0.0,0.0
12,4,3,0,,,,2.2059834,0.0,0.0,0.0,0.0
12,5,3,0,,,,2.1582,0.0,0.0,0.0,0.0
12,6,3,0,,,,1.9816667,0.0,0.0,0.0,0.0
12,7,3,0,,,,1.1497,0.0,0.0,0.0,0.0
12,8,3,0,,,,1.8432667,0.0,0.0,0.0,0.0
12,9,3,0,,,,1.2931666,0.0,0.0,0.0,0.0
12,10,3,0,,,,1.41095,0.0,0.0,0.0,15.22
12,11,3,0,,,,1.3319666,0.0,0.0,0.0,29.13
12,12,3,0,,,,1.1344833,0.0,0.0,0.0,23.79
12,13,3,0,,,,1.4952667,0.0,0.0,0.0,19.36
12,14,3,0,,,,1.9873166,0.0,0.0,0.0,24.45
12,15,3,0,,,,1.6016667,0.0,0.0,0.0,20.06
12,16,3,0,,,,2.0749166,0.0,0.0,0.0,6.58
12,17,3,0,,,,1.8920833,0.0,0.0,0.0,0.0
12,18,3,0,,,,1.67635,0.0,0.0,0.0,0.0
12,19,3,0,,,,1.7072166,0.0,0.0,0.0,0.0
12,20,3,0,,,,1.71095,0.0,0.0,0.0,0.0
12,21,3,0,,,,1.5526,0.0,0.0,0.0,0.0
12,22,3,0,,,,2.0861833,0.0,0.0,0.0,0.0
12,23,3,0,,,,2.3317,0.0,0.0,0.0,0.0
12,24,3,0,,,,1.4978334,0.0,0.0,0.0,0.0
12,1,4,0,,,,1.9233834,0.0,0.0,0.0,0.0
12,2,4,0,,,,1.5919334,0.0,0.0,0.0,0.0
12,3,4,0,,,,2.2221,0.0,0.0,0.0,0.0
12,4,4,0,,,,2.0039167,0.0,0.0,0.0,0.0
12,5,4,0,,,,1.7519833,0.0,0.0,0.0,0.0
12,6,4,0,,,,1.9428834,0.0,0.0,0.0,0.0
12,7,4,0,,,,0.35163334,0.0,0.0,0.0,0.0
12,8,4,0,,,,1.04115,0.0,0.0,0.0,0.0
12,9,4,0,,,,1.30755,0.0,0.0,0.0,0.0
12,10,4,0,,,,1.0108666,0.0,0.0,0.0,87.02
12,11,4,0,,,,0.9816667,0.0,0.0,0.0,91.35
12,12,4,0,,,,0.9970667,0.0,0.0,0.0,51.64
12,13,4,0,,,,0.976,0.0,0.0,0.0,30.91
12,14,4,0,,,,1.1583667,0.0,0.0,0.0,27.03
12,15,4,0,,,,1.1356,0.0,0.0,0.0,13.88
12,16,4,0,,,,1.1552833,0.0,0.0,0.0,4.3
12,17,4,0,,,,1.8590167,0.0,0.0,0.0,0.0
12,18,4,0,,,,1.8768667,0.0,0.0,0.0,0.0
12,19,4,0,,,,2.5004334,0.0,0.0,0.0,0.0
12,20,4,0,,,,1.93475,0.0,0.0,0.0,0.0
12,21,4,0,,,,1.8517667,0.0,0.0,0.0,0.0
12,22,4,0,,,,1.3927333,0.0,0.0,0.0,0.0
12,23,4,0,,,,1.7664833,0.0,0.0,0.0,0.0
12,24,4,0,,,,1.5932167,0.0,0.0,0.0,0.0
12,1,5,0,,,,2.0285168,0.0,0.0,0.0,0.0
12,2,5,0,,,,1.36575,0.0,0.0,0.0,0.0
12,3,5,0,,,,2.7450166,0.0,0.0,0.0,0.0
12,4,5,0,,,,1.51435,0.0,0.0,0.0,0.0
12,5,5,0,,,,1.5562167,0.0,0.0,0.0,0.0
12,6,5,0,,,,1.0566334,0.0,0.0,0.0,0.0
12,7,5,0,,,,1.9695834,0.0,0.0,0.0,0.0
12,8,5,0,,,,1.84665,0.0,0.0,0.0,0.0
12,9,5,0,,,,1.5711833,0.0,0.0,0.0,0.0
12,10,5,0,,,,1.4336833,0.0,0.0,0.0,17.66
12,11,5,0,,,,1.8466166,0.0,0.0,0.0,30.43
12,12,5,0,,,,2.4017334,0.0,0.0,0.0,131.62
12,13,5,0,,,,1.1274,0.0,0.0,0.0,20.44
12,14,5,0,,,,1.9479,0.0,0.0,0.0,9.89
12,15,5,0,,,,1.63095,0.0,0.0,0.0,4.33
12,16,5,0,,,,1.91185,0.0,0.0,0.0,0.03
12,17,5,0,,,,1.4960333,0.0,0.0,0.0,0.0
12,18,5,0,,,,0.99805,0.0,0.0,0.0,0.0
12,19,5,0,,,,1.8962834,0.0,0.0,0.0,0.0
12,20,5,0,,,,2.6009,0.0,0.0,0.0,0.0
12,21,5,0,,,,2.2479,0.0,0.0,0.0,0.0
12,22,5,0,,,,2.2388666,0.0,0.0,0.0,0.0
12,23,5,0,,,,1.7427167,0.0,0.0,0.0,0.0
12,24,5,0,,,,1.94745,0.0,0.0,0.0,0.0
12,1,6,0,,,,2.5444667,0.0,0.0,0.0,0.0
12,2,6,0,,,,1.4807667,0.0,0.0,0.0,0.0
12,3,6,0,,,,1.9344667,0.0,0.0,0.0,0.0
12,4,6,0,,,,2.47465,0.0,0.0,0.0,0.0
12,5,6,0,,,,1.4163667,0.0,0.0,0.0,0.0
12,6,6,0,,,,1.7749833,0.0,0.0,0.0,0.0
12,7,6,0,,,,2.59765,0.0,0.0,0.0,0.0
12,8,6,0,,,,3.6247084,0.0,0.0,0.0,0.0
12,9,6,0,,,,2.9595666,0.0,0.0,0.0,0.0
12,10,6,0,,,,3.0174668,0.0,0.0,0.0,318.81
12,11,6,0,,,,3.1671166,0.0,0.0,0.0,440.61
12,12,6,0,,,,2.5450168,0.0,0.0,0.0,547.75
12,13,6,0,,,,2.6055167,0.0,0.0,0.0,30.19
12,14,6,0,,,,3.0079,0.0,0.0,0.0,24.95
12,15,6,0,,,,2.1324,0.0,0.0,0.0,25.72
12,16,6,0,,,,1.7475333,0.0,0.0,0.0,8.37
12,17,6,0,,,,3.247,0.0,0.0,0.0,0.0
12,18,6,0,,,,4.2225165,0.0,0.0,0.0,0.0
12,19,6,0,,,,4.0269165,0.0,0.0,0.0,0.0
12,20,6,0,,,,5.16875,0.0,0.0,0.0,0.0
12,21,6,0,,,,3.9715166,0.0,0.0,0.0,0.0
12,22,6,0,,,,2.3765,0.0,0.0,0.0,0.0
12,23,6,0,,,,2.5834167,0.0,0.0,0.0,0.0
12,24,6,0,,,,2.2044666,0.0,0.0,0.0,0.0
1,1,7,0,,,,2.5488167,0.0,0.0,0.0,0.0
1,2,7,0,,,,2.9667833,0.0,0.0,0.0,0.0
1,3,7,0,,,,2.36125,0.0,0.0,0.0,0.0
1,4,7,0,,,,2.5644834,0.0,0.0,0.0,0.0
1,5,7,0,,,,2.6630332,0.0,0.0,0.0,0.0
1,6,7,0,,,,2.4258332,0.0,0.0,0.0,0.0
1,7,7,0,,,,2.3408167,0.0,0.0,0.0,0.0
1,8,7,0,,,,3.4389834,0.0,0.0,0.0,0.0
1,9,7,0,,,,4.904033,0.0,0.0,0.0,0.0
1,10,7,0,,,,4.02235,0.0,0.0,0.0,1.25
1,11,7,0,,,,4.3907666,0.0,0.0,0.0,33.36
1,12,7,0,,,,3.8507667,0.0,0.0,0.0,43.51
1,13,7,0,,,,3.8694668,0.0,0.0,0.0,9.84
1,14,7,0,,,,3.6177166,0.0,0.0,0.0,117.26
1,15,7,0,,,,3.4064167,0.0,0.0,0.0,21.69
1,16,7,0,,,,3.6482334,0.0,0.0,0.0,0.78
1,17,7,0,,,,3.972,0.0,0.0,0.0,0.0
1,18,7,0,,,,3.3205166,0.0,0.0,0.0,0.0
1,19,7,0,,,,2.2179,0.0,0.0,0.0,0.0
1,20,7,0,,,,2.6682,0.0,0.0,0.0,0.0
1,21,7,0,,,,2.6334834,0.0,0.0,0.0,0.0
1,22,7,0,,,,2.0062168,0.0,0.0,0.0,0.0
1,23,7,0,,,,1.8476,0.0,0.0,0.0,0.0
1,24,7,0,,,,2.4110584,0.0,0.0,0.0,0.0
1,1,1,0,,,,2.4309332,0.0,0.0,0.0,0.0
1,2,1,0,,,,1.9948,0.0,0.0,0.0,0.0
1,3,1,0,,,,2.39845,0.0,0.0,0.0,0.0
1,4,1,0,,,,2.3577166,0.0,0.0,0.0,0.0
1,5,1,0,,,,3.2851,0.0,0.0,0.0,0.0
1,6,1,0,,,,2.9493334,0.0,0.0,0.0,0.0
1,7,1,0,,,,3.1825,0.0,0.0,0.0,0.0
1,8,1,0,,,,5.052417,0.0,0.0,0.0,0.0
1,9,1,0,,,,4.9773664,0.0,0.0,0.0,0.0
1,10,1,0,,,,3.6937666,0.0,0.0,0.0,309.29
1,11,1,0,,,,4.0038834,0.0,0.0,0.0,279.12
1,12,1,0,,,,4.3789945,0.0,0.0,0.0,72.17
1,13,1,0,,,,3.6331666,0.0,0.0,0.0,28.42
1,14,1,0,,,,4.5334334,0.0,0.0,0.0,42.39
1,15,1,0,,,,3.67225,0.0,0.0,0.0,56.22
1,16,1,0,,,,2.9014,0.0,0.0,0.0,0.02
1,17,1,0,,,,3.1686666,0.0,0.0,0.0,0.0
1,18,1,0,,,,2.8527834,0.0,0.0,0.0,0.0
1,19,1,0,,,,2.8898666,0.0,0.0,0.0,0.0
1,20,1,0,,,,5.6022167,0.0,0.0,0.0,0.0
1,21,1,0,,,,3.2232168,0.0,0.0,0.0,0.0
1,22,1,0,,,,2.7708666,0.0,0.0,0.0,0.0
1,23,1,0,,,,2.3250833,0.0,0.0,0.0,0.0
1,24,1,0,,,,2.1836083,0.0,0.0,0.0,0.0
1,1,2,0,,,,2.2477834,0.0,0.0,0.0,0.0
1,2,2,0,,,,2.42505,0.0,0.0,0.0,0.0
1,3,2,0,,,,2.1567333,0.0,0.0,0.0,0.0
1,4,2,0,,,,1.5558167,0.0,0.0,0.0,0.0
1,5,2,0,,,,1.5093167,0.0,0.0,0.0,0.0
1,6,2,0,,,,1.3939,0.0,0.0,0.0,0.0
1,7,2,0,,,,1.3875834,0.0,0.0,0.0,0.0
1,8,2,0,,,,1.99615,0.0,0.0,0.0,0.0
1,9,2,0,,,,2.07365,0.0,0.0,0.0,0.0
1,10,2,0,,,,1.3906833,0.0,0.0,0.0,112.76
1,11,2,0,,,,2.0432167,0.0,0.0,0.0,127.45
1,12,2,0,,,,1.3743,0.0,0.0,0.0,210.95
1,13,2,0,,,,2.7533,0.0,0.0,0.0,461.88
1,14,2,0,,,,2.2623,0.0,0.0,0.0,74.03
1,15,2,0,,,,3.2651834,0.0,0.0,0.0,12.54
1,16,2,0,,,,2.3234,0.0,0.0,0.0,5.49
1,17,2,0,,,,2.5714166,0.0,0.0,0.0,0.0
1,18,2,0,,,,2.5785832,0.0,0.0,0.0,0.0
1,19,2,0,,,,1.7061167,0.0,0.0,0.0,0.0
1,20,2,0,,,,1.9590833,0.0,0.0,0.0,0.0
1,21,2,0,,,,3.5038166,0.0,0.0,0.0,0.0
1,22,2,0,,,,3.44235,0.0,0.0,0.0,0.0
1,23,2,0,,,,2.1007333,0.0,0.0,0.0,0.0
1,24,2,0,,,,1.9686084,0.0,0.0,0.0,0.0
1,1,3,0,,,,2.2323,0.0,0.0,0.0,0.0
1,2,3,0,,,,1.8838333,0.0,0.0,0.0,0.0
1,3,3,0,,,,3.6083333,0.0,0.0,0.0,0.0
1,4,3,0,,,,3.7412834,0.0,0.0,0.0,0.0
1,5,3,0,,,,3.2631,0.0,0.0,0.0,0.0
1,6,3,0,,,,2.8450167,0.0,0.0,0.0,0.0
1,7,3,0,,,,1.8485334,0.0,0.0,0.0,0.0
1,8,3,0,,,,2.31495,0.0,0.0,0.0,0.0
1,9,3,0,,,,2.0633166,0.0,0.0,0.0,0.0
1,10,3,0,,,,1.7316,0.0,0.0,0.0,27.01
1,11,3,0,,,,1.6989666,0.0,0.0,0.0,59.67
1,12,3,0,,,,2.3110833,0.0,0.0,0.0,136.8
1,13,3,0,,,,2.12915,0.0,0.0,0.0,200.33
1,14,3,0,,,,1.5824167,0.0,0.0,0.0,41.28
1,15,3,0,,,,2.0375166,0.0,0.0,0.0,15.38
1,16,3,0,,,,2.80915,0.0,0.0,0.0,7.98
1,17,3,0,,,,2.8521833,0.0,0.0,0.0,0.0
1,18,3,0,,,,2.5466332,0.0,0.0,0.0,0.0
1,19,3,0,,,,1.7782333,0.0,0.0,0.0,0.0
1,20,3,0,,,,2.0352666,0.0,0.0,0.0,0.0
1,21,3,0,,,,1.8022333,0.0,0.0,0.0,0.0
1,22,3,0,,,,1.7468,0.0,0.0,0.0,0.0
1,23,3,0,,,,2.1714,0.0,0.0,0.0,0.0
1,24,3,0,,,,2.1419916,0.0,0.0,0.0,0.0
1,1,4,0,,,,2.1942167,0.0,0.0,0.0,0.0
1,2,4,0,,,,2.08895,0.0,0.0,0.0,0.0
1,3,4,0,,,,3.5283833,0.0,0.0,0.0,0.0
1,4,4,0,,,,1.7823,0.0,0.0,0.0,0.0
1,5,4,0,,,,1.7432166,0.0,0.0,0.0,0.0
1,6,4,0,,,,1.4082333,0.0,0.0,0.0,0.0
1,7,4,0,,,,1.3987,0.0,0.0,0.0,0.0
1,8,4,0,,,,2.0864666,0.0,0.0,0.0,0.0
1,9,4,0,,,,1.4645833,0.0,0.0,0.0,0.0
1,10,4,0,,,,1.7094333,0.0,0.0,0.0,20.09
1,11,4,0,,,,1.9644667,0.0,0.0,0.0,345.86
1,12,4,0,,,,1.18275,0.0,0.0,0.0,43.52
1,13,4,0,,,,2.67425,0.0,0.0,0.0,309.9
1,14,4,0,,,,2.5980666,0.0,0.0,0.0,129.79
1,15,4,0,,,,2.0026834,0.0,0.0,0.0,248.36
1,16,4,0,,,,3.0734832,0.0,0.0,0.0,238.71
1,17,4,0,,,,2.4613333,0.0,0.0,0.0,0.0
1,18,4,0,,,,1.8928334,0.0,0.0,0.0,0.0
1,19,4,0,,,,1.8644,0.0,0.0,0.0,0.0
1,20,4,0,,,,2.2745,0.0,0.0,0.0,0.0
1,21,4,0,,,,2.0538166,0.0,0.0,0.0,0.0
1,22,4,0,,,,1.7706667,0.0,0.0,0.0,0.0
1,23,4,0,,,,1.7746,0.0,0.0,0.0,0.0
1,24,4,0,,,,1.9836917,0.0,0.0,0.0,0.0
1,1,5,0,,,,2.0770833,0.0,0.0,0.0,0.0
1,2,5,0,,,,2.03175,0.0,0.0,0.0,0.0
1,3,5,0,,,,4.7463665,0.0,0.0,0.0,0.0
1,4,5,0,,,,2.0979,0.0,0.0,0.0,0.0
1,5,5,0,,,,2.3788,0.0,0.0,0.0,0.0
1,6,5,0,,,,1.7619333,0.0,0.0,0.0,0.0
1,7,5,0,,,,1.6845666,0.0,0.0,0.0,0.0
1,8,5,0,,,,1.82585,0.0,0.0,0.0,0.0
1,9,5,0,,,,1.83965,0.0,0.0,0.0,0.0
1,10,5,0,,,,1.33035,0.0,0.0,0.0,83.72
1,11,5,0,,,,1.6719233,0.0,0.0,0.0,174.0
1,12,5,0,,,,1.9427167,0.0,0.0,0.0,181.71
1,13,5,0,,,,2.0072,0.0,0.0,0.0,688.14
1,14,5,0,,,,2.2086666,0.0,0.0,0.0,147.72
1,15,5,0,,,,2.2656834,0.0,0.0,0.0,319.34
1,16,5,0,,,,2.6248834,0.0,0.0,0.0,264.94
1,17,5,0,,,,2.20725,0.0,0.0,0.0,0.0
1,18,5,0,,,,1.7064167,0.0,0.0,0.0,0.0
1,19,5,0,,,,1.6969167,0.0,0.0,0.0,0.0
1,20,5,0,,,,1.7806,0.0,0.0,0.0,0.0
1,21,5,0,,,,2.0102668,0.0,0.0,0.0,0.0
1,22,5,0,,,,2.5948167,0.0,0.0,0.0,0.0
1,23,5,0,,,,4.0654,0.0,0.0,0.0,0.0
1,24,5,0,,,,2.331,0.0,0.0,0.0,0.0
1,1,6,0,,,,3.3651166,0.0,0.0,0.0,0.0
1,2,6,0,,,,2.0244668,0.0,0.0,0.0,0.0
1,3,6,0,,,,2.2664165,0.0,0.0,0.0,0.0
1,4,6,0,,,,2.22915,0.0,0.0,0.0,0.0
1,5,6,0,,,,2.05065,0.0,0.0,0.0,0.0
1,6,6,0,,,,2.11885,0.0,0.0,0.0,0.0
1,7,6,0,,,,2.0763333,0.0,0.0,0.0,0.0
1,8,6,0,,,,1.9736667,0.0,0.0,0.0,0.0
1,9,6,0,,,,2.232,0.0,0.0,0.0,0.0
1,10,6,0,,,,1.9660292,0.0,0.0,0.0,85.68
1,11,6,0,,,,2.0405917,0.0,0.0,0.0,121.14
1,12,6,0,,,,2.4044833,0.0,0.0,0.0,219.59
1,13,6,0,,,,1.15645,0.0,0.0,0.0,328.31
1,14,6,0,,,,1.9047333,0.0,0.0,0.0,239.53
1,15,6,0,,,,2.4628832,0.0,0.0,0.0,61.09
1,16,6,0,,,,2.7853334,0.0,0.0,0.0,19.38
1,17,6,0,,,,3.2784,0.0,0.0,0.0,0.0
1,18,6,0,,,,3.7668166,0.0,0.0,0.0,0.0
1,19,6,0,,,,3.6294668,0.0,0.0,0.0,0.0
1,20,6,0,,,,3.14545,0.0,0.0,0.0,0.0
1,21,6,0,,,,2.28925,0.0,0.0,0.0,0.0
1,22,6,0,,,,2.4909334,0.0,0.0,0.0,0.0
1,23,6,0,,,,3.12205,0.0,0.0,0.0,0.0
1,24,6,0,,,,1.41365,0.0,0.0,0.0,0.0
1,1,7,0,,,,1.1930333,0.0,0.0,0.0,0.0
1,2,7,0,,,,1.68355,0.0,0.0,0.0,0.0
1,3,7,0,,,,1.96155,0.0,0.0,0.0,0.0
1,4,7,0,,,,2.1005,0.0,0.0,0.0,0.0
1,5,7,0,,,,1.6967334,0.0,0.0,0.0,0.0
1,6,7,0,,,,1.8191,0.0,0.0,0.0,0.0
1,7,7,0,,,,1.2174333,0.0,0.0,0.0,0.0
1,8,7,0,,,,3.1364,0.0,0.0,0.0,0.0
1,9,7,0,,,,3.1466832,0.0,0.0,0.0,0.0
1,10,7,0,,,,2.6338665,0.0,0.0,0.0,305.87
1,11,7,0,,,,1.6105666,0.0,0.0,0.0,299.96
1,12,7,0,,,,1.9839333,0.0,0.0,0.0,325.18
1,13,7,0,,,,1.9156667,0.0,0.0,0.0,250.55
1,14,7,0,,,,1.9370333,0.0,0.0,0.0,302.2
1,15,7,0,,,,1.9226667,0.0,0.0,0.0,106.87
1,16,7,0,,,,1.9688833,0.0,0.0,0.0,21.0
1,17,7,0,,,,2.2601166,0.0,0.0,0.0,0.0
1,18,7,0,,,,2.4685833,0.0,0.0,0.0,0.0
1,19,7,0,,,,2.5278332,0.0,0.0,0.0,0.0
1,20,7,0,,,,2.0707166,0.0,0.0,0.0,0.0
1,21,7,0,,,,1.8942667,0.0,0.0,0.0,0.0
1,22,7,0,,,,1.45735,0.0,0.0,0.0,0.0
1,23,7,0,,,,1.0476333,0.0,0.0,0.0,0.0
1,24,7,0,,,,1.2456334,0.0,0.0,0.0,0.0
1,1,1,0,,,,1.1149833,0.0,0.0,0.0,0.0
1,2,1,0,,,,1.1212833,0.0,0.0,0.0,0.0
1,3,1,0,,,,1.3471333,0.0,0.0,0.0,0.0
1,4,1,0,,,,1.4854333,0.0,0.0,0.0,0.0
1,5,1,0,,,,1.5307667,0.0,0.0,0.0,0.0
1,6,1,0,,,,1.9172,0.0,0.0,0.0,0.0
1,7,1,0,,,,1.06915,0.0,0.0,0.0,0.0
1,8,1,0,,,,2.208075,0.0,0.0,0.0,0.0
1,9,1,0,,,,1.8355334,0.0,0.0,0.0,0.0
1,10,1,0,,,,1.0814333,0.0,0.0,0.0,252.85
1,11,1,0,,,,1.6838167,0.0,0.0,0.0,407.5
1,12,1,0,,,,1.7414334,0.0,0.0,0.0,345.71
1,13,1,0,,,,2.3726332,0.0,0.0,0.0,706.11
1,14,1,0,,,,1.6458334,0.0,0.0,0.0,609.0
1,15,1,0,,,,1.5039333,0.0,0.0,0.0,469.02
1,16,1,0,,,,1.55025,0.0,0.0,0.0,324.67
1,17,1,0,,,,2.6750166,0.0,0.0,0.0,0.0
1,18,1,0,,,,3.5887167,0.0,0.0,0.0,0.0
1,19,1,0,,,,2.3601665,0.0,0.0,0.0,0.0
1,20,1,0,,,,2.7067,0.0,0.0,0.0,0.0
1,21,1,0,,,,3.5117834,0.0,0.0,0.0,0.0
1,22,1,0,,,,2.0945,0.0,0.0,0.0,0.0
1,23,1,0,,,,2.601175,0.0,0.0,0.0,0.0
1,24,1,0,,,,1.93055,0.0,0.0,0.0,0.0
1,1,2,0,,,,2.2217166,0.0,0.0,0.0,0.0
1,2,2,0,,,,2.3331833,0.0,0.0,0.0,0.0
1,3,2,0,,,,4.110717,0.0,0.0,0.0,0.0
1,4,2,0,,,,2.97625,0.0,0.0,0.0,0.0
1,5,2,0,,,,2.33965,0.0,0.0,0.0,0.0
1,6,2,0,,,,2.1302166,0.0,0.0,0.0,0.0
1,7,2,0,,,,2.3982334,0.0,0.0,0.0,0.0
1,8,2,0,,,,2.32825,0.0,0.0,0.0,0.0
1,9,2,0,,,,1.9844,0.0,0.0,0.0,0.0
1,10,2,0,,,,2.4485834,0.0,0.0,0.0,74.77
1,11,2,0,,,,2.2670667,0.0,0.0,0.0,130.22
1,12,2,0,,,,1.9815167,0.0,0.0,0.0,303.2
1,13,2,0,,,,1.7561834,0.0,0.0,0.0,635.29
1,14,2,0,,,,2.1449833,0.0,0.0,0.0,159.55
1,15,2,0,,,,2.3691833,0.0,0.0,0.0,312.79
1,16,2,0,,,,1.9874834,0.0,0.0,0.0,164.11
1,17,2,0,,,,2.6142833,0.0,0.0,0.0,0.0
1,18,2,0,,,,1.9157166,0.0,0.0,0.0,0.0
1,19,2,0,,,,2.8019,0.0,0.0,0.0,0.0
1,20,2,0,,,,3.0442166,0.0,0.0,0.0,0.0
1,21,2,0,,,,2.23375,0.0,0.0,0.0,0.0
1,22,2,0,,,,1.408775,0.0,0.0,0.0,0.0
1,23,2,0,,,,2.2426,0.0,0.0,0.0,0.0
1,24,2,0,,,,2.1216,0.0,0.0,0.0,0.0
1,1,3,0,,,,1.8881667,0.0,0.0,0.0,0.0
1,2,3,0,,,,2.3217332,0.0,0.0,0.0,0.0
1,3,3,0,,,,3.1176333,0.0,0.0,0.0,0.0
1,4,3,0,,,,1.5096667,0.0,0.0,0.0,0.0
1,5,3,0,,,,1.9881,0.0,0.0,0.0,0.0
1,6,3,0,,,,2.3368165,0.0,0.0,0.0,0.0
1,7,3,0,,,,1.8603667,0.0,0.0,0.0,0.0
1,8,3,0,,,,1.5736333,0.0,0.0,0.0,0.0
1,9,3,0,,,,2.1047666,0.0,0.0,0.0,0.0
1,10,3,0,,,,1.7515167,0.0,0.0,0.0,111.3
1,11,3,0,,,,1.5977666,0.0,0.0,0.0,170.58
1,12,3,0,,,,1.6084167,0.0,0.0,0.0,703.68
1,13,3,0,,,,2.16025,0.0,0.0,0.0,257.57
1,14,3,0,,,,2.1596832,0.0,0.0,0.0,172.91
1,15,3,0,,,,1.1310333,0.0,0.0,0.0,530.18
1,16,3,0,,,,1.0604167,0.0,0.0,0.0,310.53
1,17,3,0,,,,1.0620333,0.0,0.0,0.0,0.0
1,18,3,0,,,,1.2213334,0.0,0.0,0.0,0.0
1,19,3,0,,,,4.0435085,0.0,0.0,0.0,0.0
1,20,3,0,,,,3.7951417,0.0,0.0,0.0,0.0
1,21,3,0,,,,3.2076,0.0,0.0,0.0,0.0
1,22,3,0,,,,2.2705333,0.0,0.0,0.0,0.0
1,23,3,0,,,,1.7645167,0.0,0.0,0.0,0.0
1,24,3,0,,,,1.7383083,0.0,0.0,0.0,0.0
1,1,4,0,,,,1.73375,0.0,0.0,0.0,0.0
1,2,4,0,,,,1.6908333,0.0,0.0,0.0,0.0
1,3,4,0,,,,2.72375,0.0,0.0,0.0,0.0
1,4,4,0,,,,2.0345666,0.0,0.0,0.0,0.0
1,5,4,0,,,,2.0722334,0.0,0.0,0.0,0.0
1,6,4,0,,,,2.1437333,0.0,0.0,0.0,0.0
1,7,4,0,,,,1.9836333,0.0,0.0,0.0,0.0
1,8,4,0,,,,2.07725,0.0,0.0,0.0,0.0
1,9,4,0,,,,1.6944833,0.0,0.0,0.0,0.0
1,10,4,0,,,,1.6529666,0.0,0.0,0.0,8.29
1,11,4,0,,,,2.25455,0.0,0.0,0.0,183.16
1,12,4,0,,,,1.62275,0.0,0.0,0.0,202.08
1,13,4,0,,,,3.6320834,0.0,0.0,0.0,612.05
1,14,4,0,,,,2.62485,0.0,0.0,0.0,68.74
1,15,4,0,,,,2.7049832,0.0,0.0,0.0,56.34
1,16,4,0,,,,2.59675,0.0,0.0,0.0,7.42
1,17,4,0,,,,2.5599,0.0,0.0,0.0,0.0
1,18,4,0,,,,2.5040834,0.0,0.0,0.0,0.0
1,19,4,0,,,,3.2313333,0.0,0.0,0.0,0.0
1,20,4,0,,,,3.7276165,0.0,0.0,0.0,0.0
1,21,4,0,,,,3.71665,0.0,0.0,0.0,0.0
1,22,4,0,,,,2.4507334,0.0,0.0,0.0,0.0
1,23,4,0,,,,2.1949167,0.0,0.0,0.0,0.0
1,24,4,0,,,,2.111525,0.0,0.0,0.0,0.0
1,1,5,0,,,,2.2514167,0.0,0.0,0.0,0.0
1,2,5,0,,,,2.0724666,0.0,0.0,0.0,0.0
1,3,5,0,,,,2.9299333,0.0,0.0,0.0,0.0
1,4,5,0,,,,1.92165,0.0,0.0,0.0,0.0
1,5,5,0,,,,2.0025,0.0,0.0,0.0,0.0
1,6,5,0,,,,1.9394333,0.0,0.0,0.0,0.0
1,7,5,0,,,,1.9545166,0.0,0.0,0.0,0.0
1,8,5,0,,,,1.9674166,0.0,0.0,0.0,0.0
1,9,5,0,,,,1.81945,0.0,0.0,0.0,0.0
1,10,5,0,,,,2.0054333,0.0,0.0,0.0,8.6
1,11,5,0,,,,1.8207,0.0,0.0,0.0,49.0
1,12,5,0,,,,1.4774333,0.0,0.0,0.0,88.93
1,13,5,0,,,,2.89585,0.0,0.0,0.0,250.91
1,14,5,0,,,,2.9004333,0.0,0.0,0.0,89.06
1,15,5,0,,,,3.4355667,0.0,0.0,0.0,425.01
1,16,5,0,,,,3.2760167,0.0,0.0,0.0,23.45
1,17,5,0,,,,2.2292333,0.0,0.0,0.0,0.0
1,18,5,0,,,,2.63225,0.0,0.0,0.0,0.0
1,19,5,0,,,,2.5976,0.0,0.0,0.0,0.0
1,20,5,0,,,,3.37775,0.0,0.0,0.0,0.0
1,21,5,0,,,,2.5921166,0.0,0.0,0.0,0.0
1,22,5,0,,,,2.3402,0.0,0.0,0.0,0.0
1,23,5,0,,,,1.7979,0.0,0.0,0.0,0.0
1,24,5,0,,,,1.277375,0.0,0.0,0.0,0.0
1,1,6,0,,,,2.0576167,0.0,0.0,0.0,0.0
1,2,6,0,,,,2.09965,0.0,0.0,0.0,0.0
1,3,6,0,,,,1.8368334,0.0,0.0,0.0,0.0
1,4,6,0,,,,1.7460834,0.0,0.0,0.0,0.0
1,5,6,0,,,,2.0987334,0.0,0.0,0.0,0.0
1,6,6,0,,,,2.6542332,0.0,0.0,0.0,0.0
1,7,6,0,,,,0.42390004,0.0,0.0,0.0,0.0
1,8,6,0,,,,1.8348167,0.0,0.0,0.0,0.0
1,9,6,0,,,,1.3731834,0.0,0.0,0.0,0.0
1,10,6,0,,,,1.7931,0.0,0.0,0.0,356.43
1,11,6,0,,,,3.13045,0.0,0.0,0.0,107.53
1,12,6,0,,,,3.12525,0.0,0.0,0.0,316.66
1,13,6,0,,,,2.9640834,0.0,0.0,0.0,112.8
1,14,6,0,,,,2.5147667,0.0,0.0,0.0,312.14
1,15,6,0,,,,2.3987,0.0,0.0,0.0,401.56
1,16,6,0,,,,2.3563666,0.0,0.0,0.0,15.44
1,17,6,0,,,,2.7646167,0.0,0.0,0.0,0.0
1,18,6,0,,,,2.7565167,0.0,0.0,0.0,0.0
1,19,6,0,,,,2.8564334,0.0,0.0,0.0,0.0
1,20,6,0,,,,2.4099834,0.0,0.0,0.0,0.0
1,21,6,0,,,,2.6511667,0.0,0.0,0.0,0.0
1,22,6,0,,,,2.2317,0.0,0.0,0.0,0.0
1,23,6,0,,,,2.7289667,0.0,0.0,0.0,0.0
1,24,6,0,,,,2.719075,0.0,0.0,0.0,0.0
1,1,7,0,,,,1.9009,0.0,0.0,0.0,0.0
1,2,7,0,,,,2.1830168,0.0,0.0,0.0,0.0
1,3,7,0,,,,1.8515333,0.0,0.0,0.0,0.0
1,4,7,0,,,,2.5455666,0.0,0.0,0.0,0.0
1,5,7,0,,,,2.3253834,0.0,0.0,0.0,0.0
1,6,7,0,,,,2.1047666,0.0,0.0,0.0,0.0
1,7,7,0,,,,0.91925,0.0,0.0,0.0,0.0
1,8,7,0,,,,2.68625,0.0,0.0,0.0,0.0
1,9,7,0,,,,3.5628667,0.0,0.0,0.0,0.0
1,10,7,0,,,,3.3705332,0.0,0.0,0.0,332.4
1,11,7,0,,,,3.6206334,0.0,0.0,0.0,494.07
1,12,7,0,,,,1.9098834,0.0,0.0,0.0,639.33
1,13,7,0,,,,1.8710834,0.0,0.0,0.0,622.92
1,14,7,0,,,,2.2283332,0.0,0.0,0.0,51.48
1,15,7,0,,,,2.3644333,0.0,0.0,0.0,105.12
1,16,7,0,,,,3.3335,0.0,0.0,0.0,89.76
1,17,7,0,,,,2.7914333,0.0,0.0,0.0,0.0
1,18,7,0,,,,2.3429167,0.0,0.0,0.0,0.0
1,19,7,0,,,,2.8534167,0.0,0.0,0.0,0.0
1,20,7,0,,,,3.14745,0.0,0.0,0.0,0.0
1,21,7,0,,,,1.8100834,0.0,0.0,0.0,0.0
1,22,7,0,,,,1.24985,0.0,0.0,0.0,0.0
1,23,7,0,,,,1.1170334,0.0,0.0,0.0,0.0
1,24,7,0,,,,1.4407834,0.0,0.0,0.0,0.0
1,1,1,0,,,,2.14195,0.0,0.0,0.0,0.0
1,2,1,0,,,,1.4794834,0.0,0.0,0.0,0.0
1,3,1,0,,,,3.95065,0.0,0.0,0.0,0.0
1,4,1,0,,,,1.5781,0.0,0.0,0.0,0.0
1,5,1,0,,,,1.4312167,0.0,0.0,0.0,0.0
1,6,1,0,,,,1.63025,0.0,0.0,0.0,0.0
1,7,1,0,,,,0.8121667,0.0,0.0,0.0,0.0
1,8,1,0,,,,1.42475,0.0,0.0,0.0,0.0
1,9,1,0,,,,1.0486333,0.0,0.0,0.0,0.0
1,10,1,0,,,,1.05525,0.0,0.0,0.0,101.5
1,11,1,0,,,,1.0594333,0.0,0.0,0.0,277.16
1,12,1,0,,,,1.0344334,0.0,0.0,0.0,619.13
1,13,1,0,,,,1.1567167,0.0,0.0,0.0,701.3
1,14,1,0,,,,2.27285,0.0,0.0,0.0,141.79
1,15,1,0,,,,1.1949167,0.0,0.0,0.0,421.17
1,16,1,0,,,,1.1555667,0.0,0.0,0.0,9.28
1,17,1,0,,,,1.8294667,0.0,0.0,0.0,0.0
1,18,1,0,,,,1.79685,0.0,0.0,0.0,0.0
1,19,1,0,,,,2.0754833,0.0,0.0,0.0,0.0
1,20,1,0,,,,1.8808167,0.0,0.0,0.0,0.0
1,21,1,0,,,,1.3887167,0.0,0.0,0.0,0.0
1,22,1,0,,,,1.85655,0.0,0.0,0.0,0.0
1,23,1,0,,,,1.64805,0.0,0.0,0.0,0.0
1,24,1,0,,,,1.4369917,0.0,0.0,0.0,0.0
1,1,2,0,,,,1.8814,0.0,0.0,0.0,0.0
1,2,2,0,,,,1.7469833,0.0,0.0,0.0,0.0
1,3,2,0,,,,3.38035,0.0,0.0,0.0,0.0
1,4,2,0,,,,1.73615,0.0,0.0,0.0,0.0
1,5,2,0,,,,1.8634666,0.0,0.0,0.0,0.0
1,6,2,0,,,,2.8223166,0.0,0.0,0.0,0.0
1,7,2,0,,,,0.81011665,0.0,0.0,0.0,0.0
1,8,2,0,,,,1.05795,0.0,0.0,0.0,0.0
1,9,2,0,,,,1.3296,0.0,0.0,0.0,0.0
1,10,2,0,,,,1.3349,0.0,0.0,0.0,64.7
1,11,2,0,,,,1.0298333,0.0,0.0,0.0,77.43
1,12,2,0,,,,1.294,0.0,0.0,0.0,43.93
1,13,2,0,,,,1.32405,0.0,0.0,0.0,42.14
1,14,2,0,,,,0.37818342,0.0,0.0,0.0,135.88
1,15,2,0,,,,0.37870008,0.0,0.0,0.0,101.06
1,16,2,0,,,,0.88233334,0.0,0.0,0.0,34.43
1,17,2,0,,,,0.0017334318,0.0,0.0,0.0,0.0
1,18,2,0,,,,0.20663342,0.0,0.0,0.0,0.0
1,19,2,0,,,,1.1637334,0.0,0.0,0.0,0.0
1,20,2,0,,,,2.0157332,0.0,0.0,0.0,0.0
1,21,2,0,,,,0.71715003,0.0,0.0,0.0,0.0
1,22,2,0,,,,0.5199667,0.0,0.0,0.0,0.0
1,23,2,0,,,,0.9261667,0.0,0.0,0.0,0.0
1,24,2,0,,,,0.7621251,0.0,0.0,0.0,0.0
1,1,3,0,,,,1.0537834,0.0,0.0,0.0,0.0
1,2,3,0,,,,0.80845004,0.0,0.0,0.0,0.0
1,3,3,0,,,,1.4512,0.0,0.0,0.0,0.0
1,4,3,0,,,,1.2026833,0.0,0.0,0.0,0.0
1,5,3,0,,,,1.4866166,0.0,0.0,0.0,0.0
1,6,3,0,,,,2.6451833,0.0,0.0,0.0,0.0
1,7,3,0,,,,1.2670834,0.0,0.0,0.0,0.0
1,8,3,0,,,,0.43455,0.0,0.0,0.0,0.0
1,9,3,0,,,,0.31220004,0.0,0.0,0.0,0.0
1,10,3,0,,,,0.77246666,0.0,0.0,0.0,71.7
1,11,3,0,,,,0.13346668,0.0,0.0,0.0,504.61
1,12,3,0,,,,0.032566752,0.0,0.0,0.0,224.15
1,13,3,0,,,,0.5853501,0.0,0.0,0.0,56.57
1,14,3,0,,,,0.64111674,0.0,0.0,0.0,356.92
1,15,3,0,,,,0.88330007,0.0,0.0,0.0,483.29
1,16,3,0,,,,0.53096664,0.0,0.0,0.0,302.68
1,17,3,0,,,,0.18671669,0.0,0.0,0.0,0.0
1,18,3,0,,,,0.58908343,0.0,0.0,0.0,0.0
1,19,3,0,,,,0.56541675,0.0,0.0,0.0,0.0
1,20,3,0,,,,0.90723336,0.0,0.0,0.0,0.0
1,21,3,0,,,,0.22180009,0.0,0.0,0.0,0.0
1,22,3,0,,,,0.51360005,0.0,0.0,0.0,0.0
1,23,3,0,,,,0.68926674,0.0,0.0,0.0,0.0
1,24,3,0,,,,0.5763667,0.0,0.0,0.0,0.0
1,1,4,0,,,,0.61131674,0.0,0.0,0.0,0.0
1,2,4,0,,,,0.6123001,0.0,0.0,0.0,0.0
1,3,4,0,,,,0.97408336,0.0,0.0,0.0,0.0
1,4,4,0,,,,0.76815,0.0,0.0,0.0,0.0
1,5,4,0,,,,0.7247667,0.0,0.0,0.0,0.0
1,6,4,0,,,,2.18065,0.0,0.0,0.0,0.0
1,7,4,0,,,,0.41671675,0.0,0.0,0.0,0.0
1,8,4,0,,,,0.8357167,0.0,0.0,0.0,0.0
1,9,4,0,,,,0.6277667,0.0,0.0,0.0,0.0
1,10,4,0,,,,0.9059167,0.0,0.0,0.0,413.17
1,11,4,0,,,,0.3526334,0.0,0.0,0.0,374.31
1,12,4,0,,,,0.24920005,0.0,0.0,0.0,710.75
1,13,4,0,,,,1.0988001,0.0,0.0,0.0,690.1
1,14,4,0,,,,0.5292001,0.0,0.0,0.0,698.67
1,15,4,0,,,,0.5602,0.0,0.0,0.0,560.9
1,16,4,0,,,,0.8742,0.0,0.0,0.0,381.25
1,17,4,0,,,,0.6203333,0.0,0.0,0.0,0.0
1,18,4,0,,,,0.8627333,0.0,0.0,0.0,0.0
1,19,4,0,,,,0.49938342,0.0,0.0,0.0,0.0
1,20,4,0,,,,1.6066667,0.0,0.0,0.0,0.0
1,21,4,0,,,,0.6403334,0.0,0.0,0.0,0.0
1,22,4,0,,,,0.62286675,0.0,0.0,0.0,0.0
1,23,4,0,,,,0.87246674,0.0,0.0,0.0,0.0
1,24,4,0,,,,0.6724751,0.0,0.0,0.0,0.0
1,1,5,0,,,,0.8181834,0.0,0.0,0.0,0.0
1,2,5,0,,,,0.60731673,0.0,0.0,0.0,0.0
1,3,5,0,,,,2.2008,0.0,0.0,0.0,0.0
1,4,5,0,,,,1.15115,0.0,0.0,0.0,0.0
1,5,5,0,,,,0.94268334,0.0,0.0,0.0,0.0
1,6,5,0,,,,1.6032166,0.0,0.0,0.0,0.0
1,7,5,0,,,,1.05945,0.0,0.0,0.0,0.0
1,8,5,0,,,,0.83361673,0.0,0.0,0.0,0.0
1,9,5,0,,,,0.84080005,0.0,0.0,0.0,0.0
1,10,5,0,,,,0.59281677,0.0,0.0,0.0,274.0
1,11,5,0,,,,0.6141834,0.0,0.0,0.0,198.65
1,12,5,0,,,,1.0317833,0.0,0.0,0.0,615.58
1,13,5,0,,,,1.3386501,0.0,0.0,0.0,663.01
1,14,5,0,,,,1.8602167,0.0,0.0,0.0,640.14
1,15,5,0,,,,0.5012334,0.0,0.0,0.0,250.89
1,16,5,0,,,,1.98745,0.0,0.0,0.0,68.27
1,17,5,0,,,,1.1896167,0.0,0.0,0.0,0.0
1,18,5,0,,,,1.1958166,0.0,0.0,0.0,0.0
1,19,5,0,,,,2.2303,0.0,0.0,0.0,0.0
1,20,5,0,,,,1.51245,0.0,0.0,0.0,0.0
1,21,5,0,,,,1.1469333,0.0,0.0,0.0,0.0
1,22,5,0,,,,0.5945501,0.0,0.0,0.0,0.0
1,23,5,0,,,,0.81610006,0.0,0.0,0.0,0.0
1,24,5,0,,,,0.8274167,0.0,0.0,0.0,0.0
1,1,6,0,,,,0.62181675,0.0,0.0,0.0,0.0
1,2,6,0,,,,0.64945006,0.0,0.0,0.0,0.0
1,3,6,0,,,,0.82656676,0.0,0.0,0.0,0.0
1,4,6,0,,,,0.8376334,0.0,0.0,0.0,0.0
1,5,6,0,,,,0.90110004,0.0,0.0,0.0,0.0
1,6,6,0,,,,1.7058667,0.0,0.0,0.0,0.0
1,7,6,0,,,,2.8853667,0.0,0.0,0.0,0.0
1,8,6,0,,,,2.05575,0.0,0.0,0.0,0.0
1,9,6,0,,,,1.6662,0.0,0.0,0.0,0.0
1,10,6,0,,,,1.4325666,0.0,0.0,0.0,67.6
1,11,6,0,,,,0.65855,0.0,0.0,0.0,58.83
1,12,6,0,,,,0.70453334,0.0,0.0,0.0,100.11
1,13,6,0,,,,2.2282,0.0,0.0,0.0,23.72
1,14,6,0,,,,0.95805,0.0,0.0,0.0,40.17
1,15,6,0,,,,0.29071677,0.0,0.0,0.0,147.87
1,16,6,0,,,,1.0440667,0.0,0.0,0.0,32.58
1,17,6,0,,,,0.75863343,0.0,0.0,0.0,0.0
1,18,6,0,,,,0.46605006,0.0,0.0,0.0,0.0
1,19,6,0,,,,2.5379,0.0,0.0,0.0,0.0
1,20,6,0,,,,0.7166334,0.0,0.0,0.0,0.0
1,21,6,0,,,,1.0990667,0.0,0.0,0.0,0.0
1,22,6,0,,,,0.45073342,0.0,0.0,0.0,0.0
1,23,6,0,,,,2.2849166,0.0,0.0,0.0,0.0
1,24,6,0,,,,0.3164501,0.0,0.0,0.0,0.0
1,1,7,0,,,,0.7577667,0.0,0.0,0.0,0.0
1,2,7,0,,,,0.9650001,0.0,0.0,0.0,0.0
1,3,7,0,,,,0.75656676,0.0,0.0,0.0,0.0
1,4,7,0,,,,1.1696334,0.0,0.0,0.0,0.0
1,5,7,0,,,,1.0614,0.0,0.0,0.0,0.0
1,6,7,0,,,,0.8360334,0.0,0.0,0.0,0.0
1,7,7,0,,,,1.2042667,0.0,0.0,0.0,0.0
1,8,7,0,,,,1.75755,0.0,0.0,0.0,0.0
1,9,7,0,,,,1.7480667,0.0,0.0,0.0,1.38
1,10,7,0,,,,2.5655334,0.0,0.0,0.0,396.81
1,11,7,0,,,,3.0633833,0.0,0.0,0.0,350.44
1,12,7,0,,,,3.45685,0.0,0.0,0.0,121.07
1,13,7,0,,,,3.7138333,0.0,0.0,0.0,91.5
1,14,7,0,,,,3.0781,0.0,0.0,0.0,61.21
1,15,7,0,,,,3.2153833,0.0,0.0,0.0,19.4
1,16,7,0,,,,3.1618834,0.0,0.0,0.0,15.04
1,17,7,0,,,,1.8632,0.0,0.0,0.0,0.0
1,18,7,0,,,,1.1887833,0.0,0.0,0.0,0.0
1,19,7,0,,,,2.1145833,0.0,0.0,0.0,0.0
1,20,7,0,,,,1.0238833,0.0,0.0,0.0,0.0
1,21,7,0,,,,0.6685501,0.0,0.0,0.0,0.0
1,22,7,0,,,,0.76330006,0.0,0.0,0.0,0.0
1,23,7,0,,,,1.0547167,0.0,0.0,0.0,0.0
1,24,7,0,,,,1.0552918,0.0,0.0,0.0,0.0
1,1,1,0,,,,1.0360167,0.0,0.0,0.0,0.0
1,2,1,0,,,,0.83540004,0.0,0.0,0.0,0.0
1,3,1,0,,,,0.77248335,0.0,0.0,0.0,0.0
1,4,1,0,,,,0.94418335,0.0,0.0,0.0,0.0
1,5,1,0,,,,0.93558335,0.0,0.0,0.0,0.0
1,6,1,0,,,,0.828,0.0,0.0,0.0,0.0
1,7,1,0,,,,1.16505,0.0,0.0,0.0,0.0
1,8,1,0,,,,0.6333834,0.0,0.0,0.0,0.0
1,9,1,0,,,,0.82603335,0.0,0.0,0.0,8.17
1,10,1,0,,,,9.994507e-08,0.0,0.0,0.0,19.76
1,11,1,0,,,,0.43486676,0.0,0.0,0.0,44.49
1,12,1,0,,,,0.6474334,0.0,0.0,0.0,36.21
1,13,1,0,,,,1.6184001,0.0,0.0,0.0,36.16
1,14,1,0,,,,0.9174667,0.0,0.0,0.0,61.1
1,15,1,0,,,,0.5129334,0.0,0.0,0.0,51.76
1,16,1,0,,,,0.43405008,0.0,0.0,0.0,21.13
1,17,1,0,,,,0.8164834,0.0,0.0,0.0,0.0
1,18,1,0,,,,0.49021676,0.0,0.0,0.0,0.0
1,19,1,0,,,,2.0692,0.0,0.0,0.0,0.0
1,20,1,0,,,,3.0034,0.0,0.0,0.0,0.0
1,21,1,0,,,,2.2656167,0.0,0.0,0.0,0.0
1,22,1,0,,,,1.8006834,0.0,0.0,0.0,0.0
1,23,1,0,,,,1.6839833,0.0,0.0,0.0,0.0
1,24,1,0,,,,1.590375,0.0,0.0,0.0,0.0
1,1,2,0,,,,1.32295,0.0,0.0,0.0,0.0
1,2,2,0,,,,1.3823,0.0,0.0,0.0,0.0
1,3,2,0,,,,4.1541667,0.0,0.0,0.0,0.0
1,4,2,0,,,,0.18471667,0.0,0.0,0.0,0.0
1,5,2,0,,,,0.19543333,0.0,0.0,0.0,0.0
1,6,2,0,,,,1.001358e-07,0.0,0.0,0.0,0.0
1,7,2,0,,,,0.07690008,0.0,0.0,0.0,0.0
1,8,2,0,,,,0.45078343,0.0,0.0,0.0,0.0
1,9,2,0,,,,0.43150008,0.0,0.0,0.0,1.33
1,10,2,0,,,,0.45918334,0.0,0.0,0.0,109.9
1,11,2,0,,,,0.45913336,0.0,0.0,0.0,97.83
1,12,2,0,,,,0.4737834,0.0,0.0,0.0,464.98
1,13,2,0,,,,1.6775513e-05,0.0,0.0,0.0,471.17
1,14,2,0,,,,0.48393342,0.0,0.0,0.0,377.85
1,15,2,0,,,,1.01089476e-07,0.0,0.0,0.0,322.88
1,16,2,0,,,,0.46895006,0.0,0.0,0.0,323.93
1,17,2,0,,,,0.741,0.0,0.0,0.0,0.0
1,18,2,0,,,,0.08985007,0.0,0.0,0.0,0.0
1,19,2,0,,,,0.58591676,0.0,0.0,0.0,0.0
1,20,2,0,,,,2.15035,0.0,0.0,0.0,0.0
1,21,2,0,,,,3.1149666,0.0,0.0,0.0,0.0
1,22,2,0,,,,1.03495,0.0,0.0,0.0,0.0
1,23,2,0,,,,1.4375334,0.0,0.0,0.0,0.0
1,24,2,0,,,,1.2208667,0.0,0.0,0.0,0.0
1,1,3,0,,,,1.3076667,0.0,0.0,0.0,0.0
1,2,3,0,,,,1.4250667,0.0,0.0,0.0,0.0
1,3,3,0,,,,4.1705165,0.0,0.0,0.0,0.0
1,4,3,0,,,,1.8801917,0.0,0.0,0.0,0.0
1,5,3,0,,,,1.6913834,0.0,0.0,0.0,0.0
1,6,3,0,,,,1.4047834,0.0,0.0,0.0,0.0
1,7,3,0,,,,1.1084667,0.0,0.0,0.0,0.0
1,8,3,0,,,,0.91480005,0.0,0.0,0.0,0.0
1,9,3,0,,,,1.0314167,0.0,0.0,0.0,1.39
1,10,3,0,,,,0.7099667,0.0,0.0,0.0,234.76
1,11,3,0,,,,0.7036834,0.0,0.0,0.0,146.35
1,12,3,0,,,,0.6531667,0.0,0.0,0.0,444.77
1,13,3,0,,,,0.2936334,0.0,0.0,0.0,394.1
1,14,3,0,,,,0.30455008,0.0,0.0,0.0,398.25
1,15,3,0,,,,0.80450004,0.0,0.0,0.0,151.15
1,16,3,0,,,,0.7554834,0.0,0.0,0.0,18.32
1,17,3,0,,,,0.5142667,0.0,0.0,0.0,0.0
1,18,3,0,,,,0.88395,0.0,0.0,0.0,0.0
1,19,3,0,,,,1.1182834,0.0,0.0,0.0,0.0
1,20,3,0,,,,1.7323834,0.0,0.0,0.0,0.0
1,21,3,0,,,,1.8817667,0.0,0.0,0.0,0.0
1,22,3,0,,,,1.4088167,0.0,0.0,0.0,0.0
1,23,3,0,,,,0.74351674,0.0,0.0,0.0,0.0
1,24,3,0,,,,1.2470167,0.0,0.0,0.0,0.0
1,1,4,0,,,,1.4186667,0.0,0.0,0.0,0.0
1,2,4,0,,,,1.4080334,0.0,0.0,0.0,0.0
1,3,4,0,,,,1.0032667,0.0,0.0,0.0,0.0
1,4,4,0,,,,1.3377666,0.0,0.0,0.0,0.0
1,5,4,0,,,,1.1810833,0.0,0.0,0.0,0.0
1,6,4,0,,,,1.2799833,0.0,0.0,0.0,0.0
1,7,4,0,,,,1.4112,0.0,0.0,0.0,0.0
1,8,4,0,,,,0.6830167,0.0,0.0,0.0,0.0
1,9,4,0,,,,0.6526667,0.0,0.0,0.0,1.81
1,10,4,0,,,,0.61343336,0.0,0.0,0.0,26.57
1,11,4,0,,,,0.28815,0.0,0.0,0.0,50.81
1,12,4,0,,,,0.49186668,0.0,0.0,0.0,110.27
1,13,4,0,,,,0.5859,0.0,0.0,0.0,42.26
1,14,4,0,,,,9.2569984e-08,0.0,0.0,0.0,38.14
1,15,4,0,,,,0.016600106,0.0,0.0,0.0,24.69
1,16,4,0,,,,0.23098333,0.0,0.0,0.0,391.74
1,17,4,0,,,,0.19018333,0.0,0.0,0.0,0.0
1,18,4,0,,,,0.12550005,0.0,0.0,0.0,0.0
1,19,4,0,,,,1.0345777e-07,0.0,0.0,0.0,0.0
1,20,4,0,,,,0.27691674,0.0,0.0,0.0,0.0
1,21,4,0,,,,0.7309833,0.0,0.0,0.0,0.0
1,22,4,0,,,,0.65255,0.0,0.0,0.0,0.0
1,23,4,0,,,,0.43458337,0.0,0.0,0.0,0.0
1,24,4,0,,,,0.5791001,0.0,0.0,0.0,0.0
1,1,5,0,,,,0.5864501,0.0,0.0,0.0,0.0
1,2,5,0,,,,0.6998334,0.0,0.0,0.0,0.0
1,3,5,0,,,,2.9638834,0.0,0.0,0.0,0.0
1,4,5,0,,,,0.84065,0.0,0.0,0.0,0.0
1,5,5,0,,,,1.1264668,0.0,0.0,0.0,0.0
1,6,5,0,,,,0.6979334,0.0,0.0,0.0,0.0
1,7,5,0,,,,2.4283001,0.0,0.0,0.0,0.0
1,8,5,0,,,,1.1644167,0.0,0.0,0.0,0.0
1,9,5,0,,,,0.9838833,0.0,0.0,0.0,21.45
1,10,5,0,,,,0.14066671,0.0,0.0,0.0,166.3
1,11,5,0,,,,0.5040834,0.0,0.0,0.0,182.8
1,12,5,0,,,,0.83811665,0.0,0.0,0.0,382.87
1,13,5,0,,,,1.3856333,0.0,0.0,0.0,456.8
1,14,5,0,,,,1.1639334,0.0,0.0,0.0,54.25
1,15,5,0,,,,0.62951666,0.0,0.0,0.0,21.14
1,16,5,0,,,,0.35305005,0.0,0.0,0.0,13.08
1,17,5,0,,,,0.5514334,0.0,0.0,0.0,0.0
1,18,5,0,,,,0.7414334,0.0,0.0,0.0,0.0
1,19,5,0,,,,0.73101676,0.0,0.0,0.0,0.0
1,20,5,0,,,,0.8014334,0.0,0.0,0.0,0.0
1,21,5,0,,,,1.3021667,0.0,0.0,0.0,0.0
1,22,5,0,,,,2.5478833,0.0,0.0,0.0,0.0
1,23,5,0,,,,2.4183,0.0,0.0,0.0,0.0
1,24,5,0,,,,0.4237,0.0,0.0,0.0,0.0
1,1,6,0,,,,0.18038335,0.0,0.0,0.0,0.0
1,2,6,0,,,,0.4928,0.0,0.0,0.0,0.0
1,3,6,0,,,,0.5282,0.0,0.0,0.0,0.0
1,4,6,0,,,,0.48450834,0.0,0.0,0.0,0.0
1,5,6,0,,,,0.5381,0.0,0.0,0.0,0.0
1,6,6,0,,,,0.042900078,0.0,0.0,0.0,0.0
1,7,6,0,,,,1.0739283e-07,0.0,0.0,0.0,0.0
1,8,6,0,,,,1.04268395e-07,0.0,0.0,0.0,0.0
1,9,6,0,,,,1.3752334,0.0,0.0,0.0,4.03
1,10,6,0,,,,1.3193667,0.0,0.0,0.0,138.05
1,11,6,0,,,,0.34653333,0.0,0.0,0.0,34.01
1,12,6,0,,,,0.51595,0.0,0.0,0.0,90.82
1,13,6,0,,,,0.9306833,0.0,0.0,0.0,104.27
1,14,6,0,,,,0.60885,0.0,0.0,0.0,75.24
1,15,6,0,,,,1.81645,0.0,0.0,0.0,45.53
1,16,6,0,,,,0.047033384,0.0,0.0,0.0,3.89
1,17,6,0,,,,0.0012500859,0.0,0.0,0.0,0.0
1,18,6,0,,,,0.10061671,0.0,0.0,0.0,0.0
1,19,6,0,,,,3.1103666,0.0,0.0,0.0,0.0
1,20,6,0,,,,3.0233333,0.0,0.0,0.0,0.0
1,21,6,0,,,,1.4935666,0.0,0.0,0.0,0.0
1,22,6,0,,,,0.60966665,0.0,0.0,0.0,0.0
1,23,6,0,,,,0.13631667,0.0,0.0,0.0,0.0
1,24,6,0,,,,0.12620835,0.0,0.0,0.0,0.0
1,1,7,0,,,,0.12110001,0.0,0.0,0.0,0.0
1,2,7,0,,,,0.5065,0.0,0.0,0.0,0.0
1,3,7,0,,,,0.38465008,0.0,0.0,0.0,0.0
1,4,7,0,,,,0.37103343,0.0,0.0,0.0,0.0
1,5,7,0,,,,0.4000001,0.0,0.0,0.0,0.0
1,6,7,0,,,,0.3589001,0.0,0.0,0.0,0.0
1,7,7,0,,,,0.3673334,0.0,0.0,0.0,0.0
1,8,7,0,,,,0.06245008,0.0,0.0,0.0,0.0
1,9,7,0,,,,0.62055,0.0,0.0,0.0,0.0
1,10,7,0,,,,1.8586566,0.0,0.0,0.0,82.26
1,11,7,0,,,,0.22685,0.0,0.0,0.0,56.86
1,12,7,0,,,,0.9831667,0.0,0.0,0.0,90.62
1,13,7,0,,,,1.4718666,0.0,0.0,0.0,44.59
1,14,7,0,,,,0.71433336,0.0,0.0,0.0,29.75
1,15,7,0,,,,0.4784,0.0,0.0,0.0,9.07
1,16,7,0,,,,0.15945,0.0,0.0,0.0,11.03
1,17,7,0,,,,0.19813333,0.0,0.0,0.0,0.0
1,18,7,0,,,,0.5460333,0.0,0.0,0.0,0.0
1,19,7,0,,,,0.47551668,0.0,0.0,0.0,0.0
1,20,7,0,,,,0.9350833,0.0,0.0,0.0,0.0
1,21,7,0,,,,0.98805,0.0,0.0,0.0,0.0
1,22,7,0,,,,0.28526676,0.0,0.0,0.0,0.0
1,23,7,0,,,,0.21446677,0.0,0.0,0.0,0.0
1,24,7,0,,,,0.47436675,0.0,0.0,0.0,0.0
1,1,1,0,,,,0.41803342,0.0,0.0,0.0,0.0
1,2,1,0,,,,1.001358e-07,0.0,0.0,0.0,0.0
1,3,1,0,,,,1.9101,0.0,0.0,0.0,0.0
1,4,1,0,,,,0.20396666,0.0,0.0,0.0,0.0
1,5,1,0,,,,0.19638333,0.0,0.0,0.0,0.0
1,6,1,0,,,,0.08660006,0.0,0.0,0.0,0.0
1,7,1,0,,,,1.0070801e-07,0.0,0.0,0.0,0.0
1,8,1,0,,,,1.1978149e-07,0.0,0.0,0.0,0.0
1,9,1,0,,,,3.051758e-08,0.0,0.0,0.0,1.68
1,10,1,0,,,,4.0690105e-09,0.0,0.0,0.0,18.75
1,11,1,0,,,,2.0345052e-09,0.0,0.0,0.0,30.64
1,12,1,0,,,,3.4586588e-08,0.0,0.0,0.0,42.3
1,13,1,0,,,,0.0006333921,0.0,0.0,0.0,33.65
1,14,1,0,,,,0.001466765,0.0,0.0,0.0,32.03
1,15,1,0,,,,1.1024475e-07,0.0,0.0,0.0,23.7
1,16,1,0,,,,1.0274251e-07,0.0,0.0,0.0,12.99
1,17,1,0,,,,1.0368029e-07,0.0,0.0,0.0,0.0
1,18,1,0,,,,0.0028167667,0.0,0.0,0.0,0.0
1,19,1,0,,,,0.10436674,0.0,0.0,0.0,0.0
1,20,1,0,,,,0.78115,0.0,0.0,0.0,0.0
1,21,1,0,,,,0.09345008,0.0,0.0,0.0,0.0
1,22,1,0,,,,0.0038834352,0.0,0.0,0.0,0.0
1,23,1,0,,,,1.03584924e-07,0.0,0.0,0.0,0.0
1,24,1,0,,,,1.0345777e-07,0.0,0.0,0.0,0.0
1,1,2,0,,,,0.39343342,0.0,0.0,0.0,0.0
1,2,2,0,,,,1.03076296e-07,0.0,0.0,0.0,0.0
1,3,2,0,,,,0.47053337,0.0,0.0,0.0,0.0
1,4,2,0,,,,0.11353333,0.0,0.0,0.0,0.0
1,5,2,0,,,,0.15408333,0.0,0.0,0.0,0.0
1,6,2,0,,,,0.15105003,0.0,0.0,0.0,0.0
1,7,2,0,,,,1.0291509e-07,0.0,0.0,0.0,0.0
1,8,2,0,,,,0.022483435,0.0,0.0,0.0,0.0
1,9,2,0,,,,0.04460005,0.0,0.0,0.0,1.69
1,10,2,0,,,,0.31961668,0.0,0.0,0.0,109.99
1,11,2,0,,,,5.086263e-08,0.0,0.0,0.0,53.77
1,12,2,0,,,,1.0935466e-08,0.0,0.0,0.0,66.03
1,13,2,0,,,,0.14226668,0.0,0.0,0.0,70.07
1,14,2,0,,,,0.022383424,0.0,0.0,0.0,29.16
1,15,2,0,,,,1.2207032e-07,0.0,0.0,0.0,81.21
1,16,2,0,,,,0.012650083,0.0,0.0,0.0,83.27
1,17,2,0,,,,0.0042167665,0.0,0.0,0.0,0.0
1,18,2,0,,,,0.21096666,0.0,0.0,0.0,0.0
1,19,2,0,,,,0.36036667,0.0,0.0,0.0,0.0
1,20,2,0,,,,1.0353724e-07,0.0,0.0,0.0,0.0
1,21,2,0,,,,0.0004167684,0.0,0.0,0.0,0.0
1,22,2,0,,,,0.17238337,0.0,0.0,0.0,0.0
1,23,2,0,,,,0.50308335,0.0,0.0,0.0,0.0
1,24,2,0,,,,0.37976676,0.0,0.0,0.0,0.0
2,1,3,0,,,,0.17398342,0.0,0.0,0.0,0.0
2,2,3,0,,,,0.38701674,0.0,0.0,0.0,0.0
2,3,3,0,,,,3.5604,0.0,0.0,0.0,0.0
2,4,3,0,,,,0.17535,0.0,0.0,0.0,0.0
2,5,3,0,,,,0.1271167,0.0,0.0,0.0,0.0
2,6,3,0,,,,1.0010402e-07,0.0,0.0,0.0,0.0
2,7,3,0,,,,0.06496674,0.0,0.0,0.0,0.0
2,8,3,0,,,,0.32995,0.0,0.0,0.0,0.0
2,9,3,0,,,,1.4327,0.0,0.0,0.0,59.85
2,10,3,0,,,,1.5785834,0.0,0.0,0.0,98.85
2,11,3,0,,,,0.84288335,0.0,0.0,0.0,55.87
2,12,3,0,,,,0.17035,0.0,0.0,0.0,81.03
2,13,3,0,,,,0.13183336,0.0,0.0,0.0,69.49
2,14,3,0,,,,0.0070667686,0.0,0.0,0.0,57.98
2,15,3,0,,,,1.2207032e-07,0.0,0.0,0.0,68.57
2,16,3,0,,,,1.02233884e-07,0.0,0.0,0.0,9.07
2,17,3,0,,,,0.004516762,0.0,0.0,0.0,0.23
2,18,3,0,,,,0.00028343254,0.0,0.0,0.0,0.0
2,19,3,0,,,,0.44300005,0.0,0.0,0.0,0.0
2,20,3,0,,,,0.41043332,0.0,0.0,0.0,0.0
2,21,3,0,,,,0.6193,0.0,0.0,0.0,0.0
2,22,3,0,,,,0.62923336,0.0,0.0,0.0,0.0
2,23,3,0,,,,0.34191674,0.0,0.0,0.0,0.0
2,24,3,0,,,,0.31621677,0.0,0.0,0.0,0.0
2,1,4,0,,,,0.6614667,0.0,0.0,0.0,0.0
2,2,4,0,,,,0.32981676,0.0,0.0,0.0,0.0
2,3,4,0,,,,1.9942833,0.0,0.0,0.0,0.0
2,4,4,0,,,,0.103,0.0,0.0,0.0,0.0
2,5,4,0,,,,0.14368333,0.0,0.0,0.0,0.0
2,6,4,0,,,,0.17325,0.0,0.0,0.0,0.0
2,7,4,0,,,,0.036700085,0.0,0.0,0.0,0.0
2,8,4,0,,,,1.1647543e-07,0.0,0.0,0.0,0.0
2,9,4,0,,,,0.009283429,0.0,0.0,0.0,64.34
2,10,4,0,,,,0.03175004,0.0,0.0,0.0,16.61
2,11,4,0,,,,1.2207031e-08,0.0,0.0,0.0,29.11
2,12,4,0,,,,3.6621095e-08,0.0,0.0,0.0,63.22
2,13,4,0,,,,0.17925002,0.0,0.0,0.0,58.24
2,14,4,0,,,,0.7668167,0.0,0.0,0.0,44.56
2,15,4,0,,,,0.19808333,0.0,0.0,0.0,139.17
2,16,4,0,,,,0.026033418,0.0,0.0,0.0,11.03
2,17,4,0,,,,1.5765167,0.0,0.0,0.0,0.59
2,18,4,0,,,,0.44396675,0.0,0.0,0.0,0.0
2,19,4,0,,,,0.50868344,0.0,0.0,0.0,0.0
2,20,4,0,,,,1.0785667,0.0,0.0,0.0,0.0
2,21,4,0,,,,1.98415,0.0,0.0,0.0,0.0
2,22,4,0,,,,0.31901672,0.0,0.0,0.0,0.0
2,23,4,0,,,,0.43943343,0.0,0.0,0.0,0.0
2,24,4,0,,,,0.6019001,0.0,0.0,0.0,0.0
2,1,5,0,,,,0.3234501,0.0,0.0,0.0,0.0
2,2,5,0,,,,0.72485006,0.0,0.0,0.0,0.0
2,3,5,0,,,,1.59265,0.0,0.0,0.0,0.0
2,4,5,0,,,,0.14756666,0.0,0.0,0.0,0.0
2,5,5,0,,,,0.17386666,0.0,0.0,0.0,0.0
2,6,5,0,,,,0.21258333,0.0,0.0,0.0,0.0
2,7,5,0,,,,0.053583406,0.0,0.0,0.0,0.0
2,8,5,0,,,,0.34,0.0,0.0,0.0,0.0
2,9,5,0,,,,0.1769,0.0,0.0,0.0,0.0
2,10,5,0,,,,0.009666762,0.0,0.0,0.0,84.15
2,11,5,0,,,,9.587606e-08,0.0,0.0,0.0,75.63
2,12,5,0,,,,1.0070801e-07,0.0,0.0,0.0,94.34
2,13,5,0,,,,0.9085334,0.0,0.0,0.0,69.51
2,14,5,0,,,,0.81206673,0.0,0.0,0.0,35.01
2,15,5,0,,,,0.29913342,0.0,0.0,0.0,10.32
2,16,5,0,,,,2.3155668,0.0,0.0,0.0,7.15
2,17,5,0,,,,0.7711334,0.0,0.0,0.0,1.19
2,18,5,0,,,,0.28593343,0.0,0.0,0.0,0.0
2,19,5,0,,,,0.6227501,0.0,0.0,0.0,0.0
2,20,5,0,,,,0.28181675,0.0,0.0,0.0,0.0
2,21,5,0,,,,0.91046673,0.0,0.0,0.0,0.0
2,22,5,0,,,,1.001358e-07,0.0,0.0,0.0,0.0
2,23,5,0,,,,0.5630667,0.0,0.0,0.0,0.0
2,24,5,0,,,,0.7877334,0.0,0.0,0.0,0.0
2,1,6,0,,,,0.52913344,0.0,0.0,0.0,0.0
2,2,6,0,,,,0.6916501,0.0,0.0,0.0,0.0
2,3,6,0,,,,0.7362167,0.0,0.0,0.0,0.0
2,4,6,0,,,,0.76238334,0.0,0.0,0.0,0.0
2,5,6,0,,,,0.7523001,0.0,0.0,0.0,0.0
2,6,6,0,,,,0.27568343,0.0,0.0,0.0,0.0
2,7,6,0,,,,0.5002334,0.0,0.0,0.0,0.0
2,8,6,0,,,,0.59225,0.0,0.0,0.0,0.0
2,9,6,0,,,,0.48658335,0.0,0.0,0.0,1.2
2,10,6,0,,,,0.43061668,0.0,0.0,0.0,27.35
2,11,6,0,,,,0.31443337,0.0,0.0,0.0,46.62
2,12,6,0,,,,0.10336673,0.0,0.0,0.0,75.56
2,13,6,0,,,,1.0538334,0.0,0.0,0.0,101.32
2,14,6,0,,,,0.61833334,0.0,0.0,0.0,88.22
2,15,6,0,,,,0.39771667,0.0,0.0,0.0,72.0
2,16,6,0,,,,0.17990005,0.0,0.0,0.0,342.45
2,17,6,0,,,,0.50081676,0.0,0.0,0.0,0.37
2,18,6,0,,,,0.00011676763,0.0,0.0,0.0,0.0
2,19,6,0,,,,0.5357667,0.0,0.0,0.0,0.0
2,20,6,0,,,,0.36271676,0.0,0.0,0.0,0.0
2,21,6,0,,,,1.033783e-07,0.0,0.0,0.0,0.0
2,22,6,0,,,,1.033624e-07,0.0,0.0,0.0,0.0
2,23,6,0,,,,0.24868342,0.0,0.0,0.0,0.0
2,24,6,0,,,,0.8762167,0.0,0.0,0.0,0.0
2,1,7,0,,,,0.9605667,0.0,0.0,0.0,0.0
2,2,7,0,,,,1.5203167,0.0,0.0,0.0,0.0
2,3,7,0,,,,1.1746,0.0,0.0,0.0,0.0
2,4,7,0,,,,0.84475005,0.0,0.0,0.0,0.0
2,5,7,0,,,,0.8162667,0.0,0.0,0.0,0.0
2,6,7,0,,,,0.8022334,0.0,0.0,0.0,0.0
2,7,7,0,,,,1.0950834,0.0,0.0,0.0,0.0
2,8,7,0,,,,0.39816675,0.0,0.0,0.0,0.0
2,9,7,0,,,,0.93536675,0.0,0.0,0.0,0.39
2,10,7,0,,,,0.9286834,0.0,0.0,0.0,148.92
2,11,7,0,,,,0.56348336,0.0,0.0,0.0,43.41
2,12,7,0,,,,0.28958333,0.0,0.0,0.0,19.59
2,13,7,0,,,,0.7727667,0.0,0.0,0.0,76.82
2,14,7,0,,,,1.4811834,0.0,0.0,0.0,89.94
2,15,7,0,,,,1.1977167,0.0,0.0,0.0,105.32
2,16,7,0,,,,0.5427833,0.0,0.0,0.0,23.99
2,17,7,0,,,,0.50843334,0.0,0.0,0.0,1.23
2,18,7,0,,,,0.4533167,0.0,0.0,0.0,0.0
2,19,7,0,,,,0.28721675,0.0,0.0,0.0,0.0
2,20,7,0,,,,0.4459834,0.0,0.0,0.0,0.0
2,21,7,0,,,,1.001358e-07,0.0,0.0,0.0,0.0
2,22,7,0,,,,1.001358e-07,0.0,0.0,0.0,0.0
2,23,7,0,,,,1.001358e-07,0.0,0.0,0.0,0.0
2,24,7,0,,,,0.2724834,0.0,0.0,0.0,0.0
2,1,1,0,,,,0.26250008,0.0,0.0,0.0,0.0
2,2,1,0,,,,0.27446675,0.0,0.0,0.0,0.0
2,3,1,0,,,,0.34285003,0.0,0.0,0.0,0.0
2,4,1,0,,,,0.45608333,0.0,0.0,0.0,0.0
2,5,1,0,,,,0.65090007,0.0,0.0,0.0,0.0
2,6,1,0,,,,0.25741675,0.0,0.0,0.0,0.0
2,7,1,0,,,,0.7054834,0.0,0.0,0.0,0.0
2,8,1,0,,,,0.60805005,0.0,0.0,0.0,0.0
2,9,1,0,,,,1.0132667,0.0,0.0,0.0,0.03
2,10,1,0,,,,0.5162,0.0,0.0,0.0,106.05
2,11,1,0,,,,0.6298501,0.0,0.0,0.0,57.93
2,12,1,0,,,,0.41846675,0.0,0.0,0.0,67.77
2,13,1,0,,,,0.42300007,0.0,0.0,0.0,45.73
2,14,1,0,,,,0.8121833,0.0,0.0,0.0,99.08
2,15,1,0,,,,0.15716676,0.0,0.0,0.0,78.16
2,16,1,0,,,,0.3271001,0.0,0.0,0.0,132.85
2,17,1,0,,,,0.37281674,0.0,0.0,0.0,174.49
2,18,1,0,,,,0.43310007,0.0,0.0,0.0,0.0
2,19,1,0,,,,1.42895,0.0,0.0,0.0,0.0
2,20,1,0,,,,0.8362833,0.0,0.0,0.0,0.0
2,21,1,0,,,,0.89225,0.0,0.0,0.0,0.0
2,22,1,0,,,,0.4399167,0.0,0.0,0.0,0.0
2,23,1,0,,,,0.31311676,0.0,0.0,0.0,0.0
2,24,1,0,,,,0.5305251,0.0,0.0,0.0,0.0
2,1,2,0,,,,0.30203342,0.0,0.0,0.0,0.0
2,2,2,0,,,,0.9097167,0.0,0.0,0.0,0.0
2,3,2,0,,,,3.2244167,0.0,0.0,0.0,0.0
2,4,2,0,,,,0.65325,0.0,0.0,0.0,0.0
2,5,2,0,,,,0.4837667,0.0,0.0,0.0,0.0
2,6,2,0,,,,0.3263834,0.0,0.0,0.0,0.0
2,7,2,0,,,,0.30186677,0.0,0.0,0.0,0.0
2,8,2,0,,,,0.52808344,0.0,0.0,0.0,0.0
2,9,2,0,,,,0.66490006,0.0,0.0,0.0,181.09
2,10,2,0,,,,0.3964334,0.0,0.0,0.0,426.47
2,11,2,0,,,,0.3678001,0.0,0.0,0.0,366.77
2,12,2,0,,,,0.29918343,0.0,0.0,0.0,429.1
2,13,2,0,,,,0.88545007,0.0,0.0,0.0,476.19
2,14,2,0,,,,0.24946673,0.0,0.0,0.0,130.77
2,15,2,0,,,,1.15435,0.0,0.0,0.0,524.81
2,16,2,0,,,,0.81205,0.0,0.0,0.0,445.11
2,17,2,0,,,,0.74833333,0.0,0.0,0.0,165.29
2,18,2,0,,,,0.51016676,0.0,0.0,0.0,0.0
2,19,2,0,,,,0.18941675,0.0,0.0,0.0,0.0
2,20,2,0,,,,0.8325834,0.0,0.0,0.0,0.0
2,21,2,0,,,,0.44030008,0.0,0.0,0.0,0.0
2,22,2,0,,,,0.44066676,0.0,0.0,0.0,0.0
2,23,2,0,,,,1.001358e-07,0.0,0.0,0.0,0.0
2,24,2,0,,,,0.60815006,0.0,0.0,0.0,0.0
2,1,3,0,,,,0.45480007,0.0,0.0,0.0,0.0
2,2,3,0,,,,0.3987501,0.0,0.0,0.0,0.0
2,3,3,0,,,,0.55555004,0.0,0.0,0.0,0.0
2,4,3,0,,,,0.16885,0.0,0.0,0.0,0.0
2,5,3,0,,,,0.6327,0.0,0.0,0.0,0.0
2,6,3,0,,,,0.63440007,0.0,0.0,0.0,0.0
2,7,3,0,,,,0.1262501,0.0,0.0,0.0,0.0
2,8,3,0,,,,0.2616501,0.0,0.0,0.0,0.0
2,9,3,0,,,,0.39970008,0.0,0.0,0.0,205.7
2,10,3,0,,,,1.1367798e-07,0.0,0.0,0.0,441.71
2,11,3,0,,,,0.37996677,0.0,0.0,0.0,147.21
2,12,3,0,,,,1.11516314e-07,0.0,0.0,0.0,150.23
2,13,3,0,,,,1.04777016e-07,0.0,0.0,0.0,103.25
2,14,3,0,,,,1.07955934e-07,0.0,0.0,0.0,60.63
2,15,3,0,,,,1.13805136e-07,0.0,0.0,0.0,27.87
2,16,3,0,,,,1.0350545e-07,0.0,0.0,0.0,22.6
2,17,3,0,,,,0.0003001007,0.0,0.0,0.0,3.78
2,18,3,0,,,,0.6747667,0.0,0.0,0.0,0.0
2,19,3,0,,,,0.3676167,0.0,0.0,0.0,0.0
2,20,3,0,,,,0.23783334,0.0,0.0,0.0,0.0
2,21,3,0,,,,0.09643338,0.0,0.0,0.0,0.0
2,22,3,0,,,,0.48516676,0.0,0.0,0.0,0.0
2,23,3,0,,,,1.01566314e-07,0.0,0.0,0.0,0.0
2,24,3,0,,,,0.4980334,0.0,0.0,0.0,0.0
2,1,4,0,,,,0.5479001,0.0,0.0,0.0,0.0
2,2,4,0,,,,1.001358e-07,0.0,0.0,0.0,0.0
2,3,4,0,,,,0.66641665,0.0,0.0,0.0,0.0
2,4,4,0,,,,0.70176667,0.0,0.0,0.0,0.0
2,5,4,0,,,,0.46645,0.0,0.0,0.0,0.0
2,6,4,0,,,,0.5860667,0.0,0.0,0.0,0.0
2,7,4,0,,,,0.55796677,0.0,0.0,0.0,0.0
2,8,4,0,,,,8.875529e-08,0.0,0.0,0.0,0.0
2,9,4,0,,,,4.4759116e-08,0.0,0.0,0.0,33.44
2,10,4,0,,,,4.603068e-08,0.0,0.0,0.0,107.82
2,11,4,0,,,,1.4241537e-08,0.0,0.0,0.0,92.35
2,12,4,0,,,,7.120768e-08,0.0,0.0,0.0,147.12
2,13,4,0,,,,8.4940595e-08,0.0,0.0,0.0,92.05
2,14,4,0,,,,1.0579427e-07,0.0,0.0,0.0,80.09
2,15,4,0,,,,0.0075167706,0.0,0.0,0.0,45.39
2,16,4,0,,,,0.0072167516,0.0,0.0,0.0,28.79
2,17,4,0,,,,0.005300095,0.0,0.0,0.0,8.0
2,18,4,0,,,,0.0011667684,0.0,0.0,0.0,0.0
2,19,4,0,,,,0.4152167,0.0,0.0,0.0,0.0
2,20,4,0,,,,0.106033415,0.0,0.0,0.0,0.0
2,21,4,0,,,,0.00093343575,0.0,0.0,0.0,0.0
2,22,4,0,,,,0.00016676841,0.0,0.0,0.0,0.0
2,23,4,0,,,,1.03521344e-07,0.0,0.0,0.0,0.0
2,24,4,0,,,,1.03521344e-07,0.0,0.0,0.0,0.0
2,1,5,0,,,,1.0347366e-07,0.0,0.0,0.0,0.0
2,2,5,0,,,,0.23016669,0.0,0.0,0.0,0.0
2,3,5,0,,,,0.18743333,0.0,0.0,0.0,0.0
2,4,5,0,,,,0.1543,0.0,0.0,0.0,0.0
2,5,5,0,,,,0.18723334,0.0,0.0,0.0,0.0
2,6,5,0,,,,1.0221799e-07,0.0,0.0,0.0,0.0
2,7,5,0,,,,9.9798044e-08,0.0,0.0,0.0,0.0
2,8,5,0,,,,9.905497e-08,0.0,0.0,0.0,0.0
2,9,5,0,,,,1.11516314e-07,0.0,0.0,0.0,0.44
2,10,5,0,,,,0.40983343,0.0,0.0,0.0,46.19
2,11,5,0,,,,0.18261676,0.0,0.0,0.0,153.62
2,12,5,0,,,,0.46203336,0.0,0.0,0.0,140.11
2,13,5,0,,,,0.67721665,0.0,0.0,0.0,118.07
2,14,5,0,,,,1.5063334,0.0,0.0,0.0,580.05
2,15,5,0,,,,0.74515,0.0,0.0,0.0,636.99
2,16,5,0,,,,0.3504667,0.0,0.0,0.0,423.0
2,17,5,0,,,,0.7141667,0.0,0.0,0.0,215.67
2,18,5,0,,,,0.010583414,0.0,0.0,0.0,0.0
2,19,5,0,,,,0.010150083,0.0,0.0,0.0,0.0
2,20,5,0,,,,0.074050084,0.0,0.0,0.0,0.0
2,21,5,0,,,,0.25180006,0.0,0.0,0.0,0.0
2,22,5,0,,,,0.4434501,0.0,0.0,0.0,0.0
2,23,5,0,,,,1.001358e-07,0.0,0.0,0.0,0.0
2,24,5,0,,,,0.39305007,0.0,0.0,0.0,0.0
2,1,6,0,,,,0.0052334317,0.0,0.0,0.0,0.0
2,2,6,0,,,,0.4010501,0.0,0.0,0.0,0.0
2,3,6,0,,,,0.3931834,0.0,0.0,0.0,0.0
2,4,6,0,,,,0.38481677,0.0,0.0,0.0,0.0
2,5,6,0,,,,0.1053001,0.0,0.0,0.0,0.0
2,6,6,0,,,,1.1366167,0.0,0.0,0.0,0.0
2,7,6,0,,,,1.6372666,0.0,0.0,0.0,0.0
2,8,6,0,,,,1.4097333,0.0,0.0,0.0,0.0
2,9,6,0,,,,0.3270334,0.0,0.0,0.0,9.31
2,10,6,0,,,,1.2778833,0.0,0.0,0.0,28.79
2,11,6,0,,,,0.39193335,0.0,0.0,0.0,48.43
2,12,6,0,,,,0.13516675,0.0,0.0,0.0,78.7
2,13,6,0,,,,1.0681153e-07,0.0,0.0,0.0,53.7
2,14,6,0,,,,8.5322064e-08,0.0,0.0,0.0,48.63
2,15,6,0,,,,0.100333445,0.0,0.0,0.0,39.74
2,16,6,0,,,,0.89575005,0.0,0.0,0.0,19.29
2,17,6,0,,,,1.78475,0.0,0.0,0.0,4.23
2,18,6,0,,,,1.9417334,0.0,0.0,0.0,0.0
2,19,6,0,,,,1.3272667,0.0,0.0,0.0,0.0
2,20,6,0,,,,3.1110666,0.0,0.0,0.0,0.0
2,21,6,0,,,,2.5074167,0.0,0.0,0.0,0.0
2,22,6,0,,,,1.57235,0.0,0.0,0.0,0.0
2,23,6,0,,,,0.337,0.0,0.0,0.0,0.0
2,24,6,0,,,,1.6895916,0.0,0.0,0.0,0.0
2,1,7,0,,,,1.181,0.0,0.0,0.0,0.0
2,2,7,0,,,,0.47401676,0.0,0.0,0.0,0.0
2,3,7,0,,,,1.0905167,0.0,0.0,0.0,0.0
2,4,7,0,,,,0.27636677,0.0,0.0,0.0,0.0
2,5,7,0,,,,0.93311673,0.0,0.0,0.0,0.0
2,6,7,0,,,,0.6465334,0.0,0.0,0.0,0.0
2,7,7,0,,,,1.3881834,0.0,0.0,0.0,0.0
2,8,7,0,,,,1.5769666,0.0,0.0,0.0,0.0
2,9,7,0,,,,1.3921833,0.0,0.0,0.0,54.36
2,10,7,0,,,,0.72398335,0.0,0.0,0.0,137.98
2,11,7,0,,,,0.4308834,0.0,0.0,0.0,67.4
2,12,7,0,,,,0.57558334,0.0,0.0,0.0,65.79
2,13,7,0,,,,1.06855,0.0,0.0,0.0,125.69
2,14,7,0,,,,1.01105,0.0,0.0,0.0,100.31
2,15,7,0,,,,1.06845,0.0,0.0,0.0,199.67
2,16,7,0,,,,0.6664,0.0,0.0,0.0,131.66
2,17,7,0,,,,0.48808333,0.0,0.0,0.0,23.83
2,18,7,0,,,,0.5107667,0.0,0.0,0.0,0.0
2,19,7,0,,,,0.47095,0.0,0.0,0.0,0.0
2,20,7,0,,,,0.22415005,0.0,0.0,0.0,0.0
2,21,7,0,,,,0.14585006,0.0,0.0,0.0,0.0
2,22,7,0,,,,0.00080010446,0.0,0.0,0.0,0.0
2,23,7,0,,,,1.0390281e-07,0.0,0.0,0.0,0.0
2,24,7,0,,,,0.6634834,0.0,0.0,0.0,0.0
2,1,1,0,,,,1.001358e-07,0.0,0.0,0.0,0.0
2,2,1,0,,,,0.7060334,0.0,0.0,0.0,0.0
2,3,1,0,,,,3.0210667,0.0,0.0,0.0,0.0
2,4,1,0,,,,1.1184167,0.0,0.0,0.0,0.0
2,5,1,0,,,,0.20786667,0.0,0.0,0.0,0.0
2,6,1,0,,,,0.7158834,0.0,0.0,0.0,0.0
2,7,1,0,,,,0.020116758,0.0,0.0,0.0,0.0
2,8,1,0,,,,0.19886667,0.0,0.0,0.0,0.0
2,9,1,0,,,,0.75443333,0.0,0.0,0.0,86.16
2,10,1,0,,,,0.0016,0.0,0.0,0.0,133.04
2,11,1,0,,,,0.0,0.0,0.0,0.0,104.28
2,12,1,0,,,,0.0011166788,0.0,0.0,0.0,221.98
2,13,1,0,,,,0.3160334,0.0,0.0,0.0,133.05
2,14,1,0,,,,1.5009333,0.0,0.0,0.0,137.49
2,15,1,0,,,,1.12715,0.0,0.0,0.0,91.0
2,16,1,0,,,,0.3276,0.0,0.0,0.0,107.01
2,17,1,0,,,,0.32956666,0.0,0.0,0.0,50.83
2,18,1,0,,,,0.02328343,0.0,0.0,0.0,0.0
2,19,1,0,,,,0.08276675,0.0,0.0,0.0,0.0
2,20,1,0,,,,0.49643335,0.0,0.0,0.0,0.0
2,21,1,0,,,,0.42683333,0.0,0.0,0.0,0.0
2,22,1,0,,,,0.007566768,0.0,0.0,0.0,0.0
2,23,1,0,,,,1.03521344e-07,0.0,0.0,0.0,0.0
2,24,1,0,,,,0.1476834,0.0,0.0,0.0,0.0
2,1,2,0,,,,1.0565122e-07,0.0,0.0,0.0,0.0
2,2,2,0,,,,0.6649834,0.0,0.0,0.0,0.0
2,3,2,0,,,,1.6058667,0.0,0.0,0.0,0.0
2,4,2,0,,,,0.10323334,0.0,0.0,0.0,0.0
2,5,2,0,,,,0.12043333,0.0,0.0,0.0,0.0
2,6,2,0,,,,0.21811667,0.0,0.0,0.0,0.0
2,7,2,0,,,,0.18785,0.0,0.0,0.0,0.0
2,8,2,0,,,,0.0144334035,0.0,0.0,0.0,0.0
2,9,2,0,,,,5.3660074e-08,0.0,0.0,0.0,77.87
2,10,2,0,,,,5.2897136e-08,0.0,0.0,0.0,64.94
2,11,2,0,,,,5.0354004e-08,0.0,0.0,0.0,93.48
2,12,2,0,,,,0.013133385,0.0,0.0,0.0,140.77
2,13,2,0,,,,0.0036500057,0.0,0.0,0.0,66.46
2,14,2,0,,,,0.19580002,0.0,0.0,0.0,54.2
2,15,2,0,,,,0.048900086,0.0,0.0,0.0,37.52
2,16,2,0,,,,0.0040167267,0.0,0.0,0.0,23.8
2,17,2,0,,,,0.0030667465,0.0,0.0,0.0,14.48
2,18,2,0,,,,1.2153834,0.0,0.0,0.0,0.0
2,19,2,0,,,,0.05455007,0.0,0.0,0.0,0.0
2,20,2,0,,,,0.4292167,0.0,0.0,0.0,0.0
2,21,2,0,,,,0.98146665,0.0,0.0,0.0,0.0
2,22,2,0,,,,0.35958338,0.0,0.0,0.0,0.0
2,23,2,0,,,,0.4637334,0.0,0.0,0.0,0.0
2,24,2,0,,,,0.0003834318,0.0,0.0,0.0,0.0
2,1,3,0,,,,0.28163344,0.0,0.0,0.0,0.0
2,2,3,0,,,,0.93506676,0.0,0.0,0.0,0.0
2,3,3,0,,,,0.46393335,0.0,0.0,0.0,0.0
2,4,3,0,,,,0.49671668,0.0,0.0,0.0,0.0
2,5,3,0,,,,0.44751668,0.0,0.0,0.0,0.0
2,6,3,0,,,,0.26408342,0.0,0.0,0.0,0.0
2,7,3,0,,,,0.0027834454,0.0,0.0,0.0,0.0
2,8,3,0,,,,1.22785,0.0,0.0,0.0,0.0
2,9,3,0,,,,0.21595004,0.0,0.0,0.0,15.54
2,10,3,0,,,,0.39361668,0.0,0.0,0.0,31.83
2,11,3,0,,,,0.07395002,0.0,0.0,0.0,167.21
2,12,3,0,,,,0.0025333334,0.0,0.0,0.0,106.18
2,13,3,0,,,,0.0038500098,0.0,0.0,0.0,237.66
2,14,3,0,,,,0.36266667,0.0,0.0,0.0,349.99
2,15,3,0,,,,0.12181673,0.0,0.0,0.0,408.75
2,16,3,0,,,,0.003916768,0.0,0.0,0.0,283.73
2,17,3,0,,,,1.0178884e-07,0.0,0.0,0.0,16.46
2,18,3,0,,,,1.0377566e-07,0.0,0.0,0.0,0.0
2,19,3,0,,,,0.27470008,0.0,0.0,0.0,0.0
2,20,3,0,,,,0.31378344,0.0,0.0,0.0,0.0
2,21,3,0,,,,1.036644e-07,0.0,0.0,0.0,0.0
2,22,3,0,,,,0.1409834,0.0,0.0,0.0,0.0
2,23,3,0,,,,0.28198344,0.0,0.0,0.0,0.0
2,24,3,0,,,,0.00013343539,0.0,0.0,0.0,0.0
2,1,4,0,,,,0.8407334,0.0,0.0,0.0,0.0
2,2,4,0,,,,0.4487,0.0,0.0,0.0,0.0
2,3,4,0,,,,3.0653334,0.0,0.0,0.0,0.0
2,4,4,0,,,,0.53356665,0.0,0.0,0.0,0.0
2,5,4,0,,,,0.8059833,0.0,0.0,0.0,0.0
2,6,4,0,,,,0.6690501,0.0,0.0,0.0,0.0
2,7,4,0,,,,0.54033333,0.0,0.0,0.0,0.0
2,8,4,0,,,,0.31083342,0.0,0.0,0.0,0.0
2,9,4,0,,,,0.3014334,0.0,0.0,0.0,45.97
2,10,4,0,,,,5.264282e-08,0.0,0.0,0.0,103.93
2,11,4,0,,,,5.8746338e-08,0.0,0.0,0.0,124.43
2,12,4,0,,,,9.1807046e-08,0.0,0.0,0.0,408.8
2,13,4,0,,,,0.42176673,0.0,0.0,0.0,725.54
2,14,4,0,,,,0.014533418,0.0,0.0,0.0,694.83
2,15,4,0,,,,0.1369501,0.0,0.0,0.0,595.46
2,16,4,0,,,,0.20653333,0.0,0.0,0.0,449.18
2,17,4,0,,,,0.24005,0.0,0.0,0.0,238.86
2,18,4,0,,,,0.08256673,0.0,0.0,0.0,0.0
2,19,4,0,,,,1.0374387e-07,0.0,0.0,0.0,0.0
2,20,4,0,,,,0.27921677,0.0,0.0,0.0,0.0
2,21,4,0,,,,1.0360082e-07,0.0,0.0,0.0,0.0
2,22,4,0,,,,0.8166167,0.0,0.0,0.0,0.0
2,23,4,0,,,,1.036644e-07,0.0,0.0,0.0,0.0
2,24,4,0,,,,0.5235168,0.0,0.0,0.0,0.0
2,1,5,0,,,,0.38006675,0.0,0.0,0.0,0.0
2,2,5,0,,,,0.61636674,0.0,0.0,0.0,0.0
2,3,5,0,,,,0.45773336,0.0,0.0,0.0,0.0
2,4,5,0,,,,0.7289,0.0,0.0,0.0,0.0
2,5,5,0,,,,1.0762833,0.0,0.0,0.0,0.0
2,6,5,0,,,,0.31075007,0.0,0.0,0.0,0.0
2,7,5,0,,,,1.2547001,0.0,0.0,0.0,0.0
2,8,5,0,,,,0.035300102,0.0,0.0,0.0,0.0
2,9,5,0,,,,0.7724001,0.0,0.0,0.0,217.76
2,10,5,0,,,,0.8770834,0.0,0.0,0.0,483.62
2,11,5,0,,,,0.31151676,0.0,0.0,0.0,599.99
2,12,5,0,,,,0.81290007,0.0,0.0,0.0,710.45
2,13,5,0,,,,1.1412001,0.0,0.0,0.0,742.41
2,14,5,0,,,,1.4857167,0.0,0.0,0.0,726.71
2,15,5,0,,,,1.3703834,0.0,0.0,0.0,604.17
2,16,5,0,,,,1.1790833,0.0,0.0,0.0,362.8
2,17,5,0,,,,0.9262667,0.0,0.0,0.0,25.83
2,18,5,0,,,,0.76691675,0.0,0.0,0.0,0.0
2,19,5,0,,,,0.27911675,0.0,0.0,0.0,0.0
2,20,5,0,,,,1.0932834,0.0,0.0,0.0,0.0
2,21,5,0,,,,1.3407667,0.0,0.0,0.0,0.0
2,22,5,0,,,,0.3878667,0.0,0.0,0.0,0.0
2,23,5,0,,,,0.6295001,0.0,0.0,0.0,0.0
2,24,5,0,,,,0.6404834,0.0,0.0,0.0,0.0
2,1,6,0,,,,0.4608834,0.0,0.0,0.0,0.0
2,2,6,0,,,,0.72491676,0.0,0.0,0.0,0.0
2,3,6,0,,,,0.7573334,0.0,0.0,0.0,0.0
2,4,6,0,,,,0.84085006,0.0,0.0,0.0,0.0
2,5,6,0,,,,0.6709834,0.0,0.0,0.0,0.0
2,6,6,0,,,,1.21835,0.0,0.0,0.0,0.0
2,7,6,0,,,,2.0345333,0.0,0.0,0.0,0.0
2,8,6,0,,,,2.2066166,0.0,0.0,0.0,0.0
2,9,6,0,,,,2.241,0.0,0.0,0.0,227.92
2,10,6,0,,,,0.85131675,0.0,0.0,0.0,485.91
2,11,6,0,,,,0.44068336,0.0,0.0,0.0,643.64
2,12,6,0,,,,0.33756673,0.0,0.0,0.0,735.12
2,13,6,0,,,,0.6861667,0.0,0.0,0.0,765.77
2,14,6,0,,,,1.53125,0.0,0.0,0.0,731.95
2,15,6,0,,,,1.4278333,0.0,0.0,0.0,629.45
2,16,6,0,,,,0.26071677,0.0,0.0,0.0,471.78
2,17,6,0,,,,0.2625501,0.0,0.0,0.0,253.46
2,18,6,0,,,,0.6380501,0.0,0.0,0.0,0.0
2,19,6,0,,,,0.29408342,0.0,0.0,0.0,0.0
2,20,6,0,,,,1.5301834,0.0,0.0,0.0,0.0
2,21,6,0,,,,1.3421333,0.0,0.0,0.0,0.0
2,22,6,0,,,,1.1470667,0.0,0.0,0.0,0.0
2,23,6,0,,,,0.85503334,0.0,0.0,0.0,0.0
2,24,6,0,,,,0.8662,0.0,0.0,0.0,0.0
2,1,7,0,,,,0.7324667,0.0,0.0,0.0,0.0
2,2,7,0,,,,1.1996001,0.0,0.0,0.0,0.0
2,3,7,0,,,,0.3119834,0.0,0.0,0.0,0.0
2,4,7,0,,,,0.83721673,0.0,0.0,0.0,0.0
2,5,7,0,,,,0.74056673,0.0,0.0,0.0,0.0
2,6,7,0,,,,1.0137167,0.0,0.0,0.0,0.0
2,7,7,0,,,,1.4560667,0.0,0.0,0.0,0.0
2,8,7,0,,,,1.5708166,0.0,0.0,0.0,0.0
2,9,7,0,,,,1.8920333,0.0,0.0,0.0,260.16
2,10,7,0,,,,4.51705,0.0,0.0,0.0,492.67
2,11,7,0,,,,3.4291167,0.0,0.0,0.0,648.34
2,12,7,0,,,,2.6327167,0.0,0.0,0.0,742.32
2,13,7,0,,,,2.3459666,0.0,0.0,0.0,769.32
2,14,7,0,,,,2.9926,0.0,0.0,0.0,747.52
2,15,7,0,,,,4.164067,0.0,0.0,0.0,633.14
2,16,7,0,,,,0.16035,0.0,0.0,0.0,483.78
2,17,7,0,,,,0.4233667,0.0,0.0,0.0,263.05
2,18,7,0,,,,0.26398343,0.0,0.0,0.0,0.0
2,19,7,0,,,,0.7764667,0.0,0.0,0.0,0.0
2,20,7,0,,,,1.9922833,0.0,0.0,0.0,0.0
2,21,7,0,,,,1.1810334,0.0,0.0,0.0,0.0
2,22,7,0,,,,0.6442667,0.0,0.0,0.0,0.0
2,23,7,0,,,,0.5961167,0.0,0.0,0.0,0.0
2,24,7,0,,,,0.7895417,0.0,0.0,0.0,0.0
2,1,1,0,,,,1.1523834,0.0,0.0,0.0,0.0
2,2,1,0,,,,0.85966676,0.0,0.0,0.0,0.0
2,3,1,0,,,,0.7748834,0.0,0.0,0.0,0.0
2,4,1,0,,,,0.9867167,0.0,0.0,0.0,0.0
2,5,1,0,,,,1.0314,0.0,0.0,0.0,0.0
2,6,1,0,,,,0.9647,0.0,0.0,0.0,0.0
2,7,1,0,,,,1.5809833,0.0,0.0,0.0,0.0
2,8,1,0,,,,1.2565833,0.0,0.0,0.0,0.0
2,9,1,0,,,,0.85996675,0.0,0.0,0.0,162.02
2,10,1,0,,,,0.35536677,0.0,0.0,0.0,296.15
2,11,1,0,,,,0.8234001,0.0,0.0,0.0,126.1
2,12,1,0,,,,0.3301501,0.0,0.0,0.0,36.34
2,13,1,0,,,,0.8305,0.0,0.0,0.0,165.04
2,14,1,0,,,,0.47525,0.0,0.0,0.0,155.34
2,15,1,0,,,,0.2879667,0.0,0.0,0.0,28.5
2,16,1,0,,,,0.004583422,0.0,0.0,0.0,146.35
2,17,1,0,,,,0.00033343481,0.0,0.0,0.0,6.45
2,18,1,0,,,,0.02121675,0.0,0.0,0.0,0.0
2,19,1,0,,,,0.28651676,0.0,0.0,0.0,0.0
2,20,1,0,,,,1.1188167,0.0,0.0,0.0,0.0
2,21,1,0,,,,0.21638338,0.0,0.0,0.0,0.0
2,22,1,0,,,,1.001358e-07,0.0,0.0,0.0,0.0
2,23,1,0,,,,0.05993343,0.0,0.0,0.0,0.0
2,24,1,0,,,,0.5166834,0.0,0.0,0.0,0.0
2,1,2,0,,,,0.33021677,0.0,0.0,0.0,0.0
2,2,2,0,,,,0.24921677,0.0,0.0,0.0,0.0
2,3,2,0,,,,2.5399833,0.0,0.0,0.0,0.0
2,4,2,0,,,,1.1500167,0.0,0.0,0.0,0.0
2,5,2,0,,,,0.21286666,0.0,0.0,0.0,0.0
2,6,2,0,,,,0.07181675,0.0,0.0,0.0,0.0
2,7,2,0,,,,0.5222001,0.0,0.0,0.0,0.0
2,8,2,0,,,,0.5541167,0.0,0.0,0.0,0.0
2,9,2,0,,,,0.15801677,0.0,0.0,0.0,37.37
2,10,2,0,,,,1.04777016e-07,0.0,0.0,0.0,148.73
2,11,2,0,,,,0.6417501,0.0,0.0,0.0,304.01
2,12,2,0,,,,0.0025334307,0.0,0.0,0.0,616.94
2,13,2,0,,,,1.0986328e-07,0.0,0.0,0.0,782.68
2,14,2,0,,,,0.17573339,0.0,0.0,0.0,755.72
2,15,2,0,,,,0.96455,0.0,0.0,0.0,672.69
2,16,2,0,,,,0.7998334,0.0,0.0,0.0,486.9
2,17,2,0,,,,0.2920001,0.0,0.0,0.0,295.33
2,18,2,0,,,,0.58108336,0.0,0.0,0.0,0.0
2,19,2,0,,,,0.67715,0.0,0.0,0.0,0.0
2,20,2,0,,,,0.29371667,0.0,0.0,0.0,0.0
2,21,2,0,,,,0.37800002,0.0,0.0,0.0,0.0
2,22,2,0,,,,1.0326167,0.0,0.0,0.0,0.0
2,23,2,0,,,,1.001358e-07,0.0,0.0,0.0,0.0
2,24,2,0,,,,0.6860334,0.0,0.0,0.0,0.0
2,1,3,0,,,,0.6244667,0.0,0.0,0.0,0.0
2,2,3,0,,,,0.29625008,0.0,0.0,0.0,0.0
2,3,3,0,,,,1.1445833,0.0,0.0,0.0,0.0
2,4,3,0,,,,0.2814834,0.0,0.0,0.0,0.0
2,5,3,0,,,,0.94470006,0.0,0.0,0.0,0.0
2,6,3,0,,,,0.8257833,0.0,0.0,0.0,0.0
2,7,3,0,,,,2.6377833,0.0,0.0,0.0,0.0
2,8,3,0,,,,2.0382833,0.0,0.0,0.0,0.0
2,9,3,0,,,,1.8583833,0.0,0.0,0.0,93.86
2,10,3,0,,,,0.7521333,0.0,0.0,0.0,523.37
2,11,3,0,,,,0.17013335,0.0,0.0,0.0,670.68
2,12,3,0,,,,0.53590006,0.0,0.0,0.0,678.76
2,13,3,0,,,,0.2628834,0.0,0.0,0.0,810.42
2,14,3,0,,,,0.9002834,0.0,0.0,0.0,672.87
2,15,3,0,,,,0.9122167,0.0,0.0,0.0,452.9
2,16,3,0,,,,0.0009167698,0.0,0.0,0.0,302.71
2,17,3,0,,,,1.03298824e-07,0.0,0.0,0.0,225.98
2,18,3,0,,,,0.59373343,0.0,0.0,0.0,0.0
2,19,3,0,,,,0.7570834,0.0,0.0,0.0,0.0
2,20,3,0,,,,0.60675,0.0,0.0,0.0,0.0
2,21,3,0,,,,1.4069166,0.0,0.0,0.0,0.0
2,22,3,0,,,,0.7223667,0.0,0.0,0.0,0.0
2,23,3,0,,,,0.47120008,0.0,0.0,0.0,0.0
2,24,3,0,,,,0.9979667,0.0,0.0,0.0,0.0
2,1,4,0,,,,0.67023337,0.0,0.0,0.0,0.0
2,2,4,0,,,,1.64145,0.0,0.0,0.0,0.0
2,3,4,0,,,,2.10075,0.0,0.0,0.0,0.0
2,4,4,0,,,,0.454,0.0,0.0,0.0,0.0
2,5,4,0,,,,0.3777167,0.0,0.0,0.0,0.0
2,6,4,0,,,,0.22781676,0.0,0.0,0.0,0.0
2,7,4,0,,,,0.27553344,0.0,0.0,0.0,0.0
2,8,4,0,,,,0.41140005,0.0,0.0,0.0,0.0
2,9,4,0,,,,1.0706584e-07,0.0,0.0,0.0,87.28
2,10,4,0,,,,0.24260004,0.0,0.0,0.0,517.3
2,11,4,0,,,,0.43398333,0.0,0.0,0.0,699.71
2,12,4,0,,,,0.23315002,0.0,0.0,0.0,807.42
2,13,4,0,,,,0.3253,0.0,0.0,0.0,844.31
2,14,4,0,,,,0.07248338,0.0,0.0,0.0,809.3
2,15,4,0,,,,1.1952719e-07,0.0,0.0,0.0,677.57
2,16,4,0,,,,1.1695668,0.0,0.0,0.0,539.38
2,17,4,0,,,,1.0177295e-07,0.0,0.0,0.0,303.12
2,18,4,0,,,,0.41808343,0.0,0.0,0.0,0.0
2,19,4,0,,,,1.3192334,0.0,0.0,0.0,0.0
2,20,4,0,,,,1.2389166,0.0,0.0,0.0,0.0
2,21,4,0,,,,0.6781,0.0,0.0,0.0,0.0
2,22,4,0,,,,0.55088335,0.0,0.0,0.0,0.0
2,23,4,0,,,,0.8929167,0.0,0.0,0.0,0.0
2,24,4,0,,,,0.8405334,0.0,0.0,0.0,0.0
2,1,5,0,,,,0.8258834,0.0,0.0,0.0,0.0
2,2,5,0,,,,0.8332834,0.0,0.0,0.0,0.0
2,3,5,0,,,,0.47095004,0.0,0.0,0.0,0.0
2,4,5,0,,,,0.5237167,0.0,0.0,0.0,0.0
2,5,5,0,,,,0.4667167,0.0,0.0,0.0,0.0
2,6,5,0,,,,0.8679001,0.0,0.0,0.0,0.0
2,7,5,0,,,,0.45398343,0.0,0.0,0.0,0.0
2,8,5,0,,,,0.4559334,0.0,0.0,0.0,0.0
2,9,5,0,,,,0.45663336,0.0,0.0,0.0,114.06
2,10,5,0,,,,0.41583335,0.0,0.0,0.0,140.79
2,11,5,0,,,,0.23276667,0.0,0.0,0.0,219.92
2,12,5,0,,,,0.33208334,0.0,0.0,0.0,310.68
2,13,5,0,,,,0.0068667685,0.0,0.0,0.0,254.8
2,14,5,0,,,,0.43288338,0.0,0.0,0.0,358.28
2,15,5,0,,,,1.4555501,0.0,0.0,0.0,153.65
2,16,5,0,,,,0.3549167,0.0,0.0,0.0,93.92
2,17,5,0,,,,0.32666668,0.0,0.0,0.0,37.69
2,18,5,0,,,,0.25183332,0.0,0.0,0.0,0.0
2,19,5,0,,,,0.14745004,0.0,0.0,0.0,0.0
2,20,5,0,,,,0.41108343,0.0,0.0,0.0,0.0
2,21,5,0,,,,0.50525004,0.0,0.0,0.0,0.0
2,22,5,0,,,,0.2247167,0.0,0.0,0.0,0.0
2,23,5,0,,,,0.6358334,0.0,0.0,0.0,0.0
2,24,5,0,,,,0.97726667,0.0,0.0,0.0,0.0
2,1,6,0,,,,1.1134833,0.0,0.0,0.0,0.0
2,2,6,0,,,,0.04433339,0.0,0.0,0.0,0.0
2,3,6,0,,,,0.8457334,0.0,0.0,0.0,0.0
2,4,6,0,,,,0.7379001,0.0,0.0,0.0,0.0
2,5,6,0,,,,0.79590005,0.0,0.0,0.0,0.0
2,6,6,0,,,,1.5043668,0.0,0.0,0.0,0.0
2,7,6,0,,,,3.5743666,0.0,0.0,0.0,0.0
2,8,6,0,,,,2.6138833,0.0,0.0,0.0,0.0
2,9,6,0,,,,2.2848167,0.0,0.0,0.0,148.42
2,10,6,0,,,,0.424,0.0,0.0,0.0,306.21
2,11,6,0,,,,1.14425,0.0,0.0,0.0,227.14
2,12,6,0,,,,0.98406667,0.0,0.0,0.0,758.14
2,13,6,0,,,,0.8731667,0.0,0.0,0.0,810.18
2,14,6,0,,,,1.1013167,0.0,0.0,0.0,778.24
2,15,6,0,,,,1.2070667,0.0,0.0,0.0,679.61
2,16,6,0,,,,1.5388334,0.0,0.0,0.0,527.19
2,17,6,0,,,,0.5402,0.0,0.0,0.0,273.37
2,18,6,0,,,,1.33425,0.0,0.0,0.0,0.0
2,19,6,0,,,,2.2453334,0.0,0.0,0.0,0.0
2,20,6,0,,,,1.9196334,0.0,0.0,0.0,0.0
2,21,6,0,,,,1.3664,0.0,0.0,0.0,0.0
2,22,6,0,,,,0.5840167,0.0,0.0,0.0,0.0
2,23,6,0,,,,0.53136677,0.0,0.0,0.0,0.0
2,24,6,0,,,,0.78341675,0.0,0.0,0.0,0.0
2,1,7,0,,,,1.0616333,0.0,0.0,0.0,0.0
2,2,7,0,,,,0.8144834,0.0,0.0,0.0,0.0
2,3,7,0,,,,1.2296168,0.0,0.0,0.0,0.0
2,4,7,0,,,,0.8359334,0.0,0.0,0.0,0.0
2,5,7,0,,,,0.99241674,0.0,0.0,0.0,0.0
2,6,7,0,,,,0.75288343,0.0,0.0,0.0,0.0
2,7,7,0,,,,0.48125008,0.0,0.0,0.0,0.0
2,8,7,0,,,,1.4718833,0.0,0.0,0.0,0.0
2,9,7,0,,,,1.10215,0.0,0.0,0.0,10.46
2,10,7,0,,,,0.9236167,0.0,0.0,0.0,132.93
2,11,7,0,,,,0.35550007,0.0,0.0,0.0,58.63
2,12,7,0,,,,0.36011675,0.0,0.0,0.0,109.5
2,13,7,0,,,,1.8875834,0.0,0.0,0.0,195.43
2,14,7,0,,,,0.5156834,0.0,0.0,0.0,115.94
2,15,7,0,,,,2.3165,0.0,0.0,0.0,193.45
2,16,7,0,,,,1.54815,0.0,0.0,0.0,45.35
2,17,7,0,,,,2.2268,0.0,0.0,0.0,197.86
2,18,7,0,,,,1.76095,0.0,0.0,0.0,0.0
2,19,7,0,,,,1.88655,0.0,0.0,0.0,0.0
2,20,7,0,,,,1.3202167,0.0,0.0,0.0,0.0
2,21,7,0,,,,0.26775002,0.0,0.0,0.0,0.0
2,22,7,0,,,,0.74151677,0.0,0.0,0.0,0.0
2,23,7,0,,,,0.71526676,0.0,0.0,0.0,0.0
2,24,7,0,,,,0.8479917,0.0,0.0,0.0,0.0
2,1,1,0,,,,1.0550168,0.0,0.0,0.0,0.0
2,2,1,0,,,,0.73096675,0.0,0.0,0.0,0.0
2,3,1,0,,,,2.37935,0.0,0.0,0.0,0.0
2,4,1,0,,,,0.50513333,0.0,0.0,0.0,0.0
2,5,1,0,,,,0.58585,0.0,0.0,0.0,0.0
2,6,1,0,,,,0.7694333,0.0,0.0,0.0,0.0
2,7,1,0,,,,0.80345,0.0,0.0,0.0,0.0
2,8,1,0,,,,0.2899001,0.0,0.0,0.0,0.0
2,9,1,0,,,,0.42538342,0.0,0.0,0.0,13.2
2,10,1,0,,,,0.49361676,0.0,0.0,0.0,51.24
2,11,1,0,,,,0.7088001,0.0,0.0,0.0,117.33
2,12,1,0,,,,0.2651501,0.0,0.0,0.0,172.23
2,13,1,0,,,,1.2848334,0.0,0.0,0.0,337.82
2,14,1,0,,,,1.2346834,0.0,0.0,0.0,591.89
2,15,1,0,,,,1.68355,0.0,0.0,0.0,141.76
2,16,1,0,,,,1.2813834,0.0,0.0,0.0,138.02
2,17,1,0,,,,1.41255,0.0,0.0,0.0,85.18
2,18,1,0,,,,1.5191168,0.0,0.0,0.0,0.0
2,19,1,0,,,,1.39005,0.0,0.0,0.0,0.0
2,20,1,0,,,,1.6211667,0.0,0.0,0.0,0.0
2,21,1,0,,,,0.43688342,0.0,0.0,0.0,0.0
2,22,1,0,,,,1.14045,0.0,0.0,0.0,0.0
2,23,1,0,,,,0.7562334,0.0,0.0,0.0,0.0
2,24,1,0,,,,0.9993501,0.0,0.0,0.0,0.0
2,1,2,0,,,,1.08,0.0,0.0,0.0,0.0
2,2,2,0,,,,1.0386333,0.0,0.0,0.0,0.0
2,3,2,0,,,,1.92235,0.0,0.0,0.0,0.0
2,4,2,0,,,,1.2694167,0.0,0.0,0.0,0.0
2,5,2,0,,,,1.1901833,0.0,0.0,0.0,0.0
2,6,2,0,,,,1.29875,0.0,0.0,0.0,0.0
2,7,2,0,,,,1.0250001,0.0,0.0,0.0,0.0
2,8,2,0,,,,1.1148001,0.0,0.0,0.0,0.0
2,9,2,0,,,,0.29456672,0.0,0.0,0.0,148.24
2,10,2,0,,,,0.71398336,0.0,0.0,0.0,400.91
2,11,2,0,,,,0.5432834,0.0,0.0,0.0,579.15
2,12,2,0,,,,0.5515334,0.0,0.0,0.0,556.85
2,13,2,0,,,,0.33275005,0.0,0.0,0.0,428.18
2,14,2,0,,,,0.7774334,0.0,0.0,0.0,449.93
2,15,2,0,,,,0.49771675,0.0,0.0,0.0,371.83
2,16,2,0,,,,0.15421666,0.0,0.0,0.0,375.77
2,17,2,0,,,,0.15773334,0.0,0.0,0.0,15.91
2,18,2,0,,,,0.056016732,0.0,0.0,0.0,0.0
2,19,2,0,,,,0.26313344,0.0,0.0,0.0,0.0
2,20,2,0,,,,0.73198336,0.0,0.0,0.0,0.0
2,21,2,0,,,,0.4441167,0.0,0.0,0.0,0.0
2,22,2,0,,,,0.83540004,0.0,0.0,0.0,0.0
2,23,2,0,,,,0.9944667,0.0,0.0,0.0,0.0
2,24,2,0,,,,0.7752251,0.0,0.0,0.0,0.0
3,1,3,0,,,,0.69426674,0.0,0.0,0.0,0.0
3,2,3,0,,,,0.58251673,0.0,0.0,0.0,0.0
3,3,3,0,,,,4.3895335,0.0,0.0,0.0,0.0
3,4,3,0,,,,1.67495,0.0,0.0,0.0,0.0
3,5,3,0,,,,1.4735833,0.0,0.0,0.0,0.0
3,6,3,0,,,,0.4559334,0.0,0.0,0.0,0.0
3,7,3,0,,,,0.8477167,0.0,0.0,0.0,0.0
3,8,3,0,,,,0.28635007,0.0,0.0,0.0,0.02
3,9,3,0,,,,0.93450004,0.0,0.0,0.0,81.06
3,10,3,0,,,,0.1051,0.0,0.0,0.0,99.97
3,11,3,0,,,,0.0,0.0,0.0,0.0,106.98
3,12,3,0,,,,0.2846667,0.0,0.0,0.0,130.39
3,13,3,0,,,,5.3405763e-08,0.0,0.0,0.0,59.69
3,14,3,0,,,,7.680257e-08,0.0,0.0,0.0,50.73
3,15,3,0,,,,0.0018334513,0.0,0.0,0.0,19.27
3,16,3,0,,,,0.00031677628,0.0,0.0,0.0,22.93
3,17,3,0,,,,0.69006675,0.0,0.0,0.0,78.08
3,18,3,0,,,,0.00046676915,0.0,0.0,0.0,0.59
3,19,3,0,,,,0.64316666,0.0,0.0,0.0,0.0
3,20,3,0,,,,1.0213,0.0,0.0,0.0,0.0
3,21,3,0,,,,0.32811677,0.0,0.0,0.0,0.0
3,22,3,0,,,,0.90255004,0.0,0.0,0.0,0.0
3,23,3,0,,,,1.0334651e-07,0.0,0.0,0.0,0.0
3,24,3,0,,,,0.81061673,0.0,0.0,0.0,0.0
3,1,4,0,,,,0.7874334,0.0,0.0,0.0,0.0
3,2,4,0,,,,0.063966766,0.0,0.0,0.0,0.0
3,3,4,0,,,,0.4096167,0.0,0.0,0.0,0.0
3,4,4,0,,,,0.09838334,0.0,0.0,0.0,0.0
3,5,4,0,,,,0.14406666,0.0,0.0,0.0,0.0
3,6,4,0,,,,0.073050074,0.0,0.0,0.0,0.0
3,7,4,0,,,,0.00015011203,0.0,0.0,0.0,0.0
3,8,4,0,,,,0.03448339,0.0,0.0,0.0,0.42
3,9,4,0,,,,0.019116724,0.0,0.0,0.0,207.15
3,10,4,0,,,,0.10465001,0.0,0.0,0.0,448.65
3,11,4,0,,,,1.1945167,0.0,0.0,0.0,734.61
3,12,4,0,,,,0.67735,0.0,0.0,0.0,836.84
3,13,4,0,,,,0.40736666,0.0,0.0,0.0,876.45
3,14,4,0,,,,3.86556e-08,0.0,0.0,0.0,832.43
3,15,4,0,,,,0.017550118,0.0,0.0,0.0,698.88
3,16,4,0,,,,1.10499066e-07,0.0,0.0,0.0,558.33
3,17,4,0,,,,1.0228157e-07,0.0,0.0,0.0,312.13
3,18,4,0,,,,0.5984,0.0,0.0,0.0,4.42
3,19,4,0,,,,0.28530008,0.0,0.0,0.0,0.0
3,20,4,0,,,,0.13875008,0.0,0.0,0.0,0.0
3,21,4,0,,,,0.45743334,0.0,0.0,0.0,0.0
3,22,4,0,,,,2.1706834,0.0,0.0,0.0,0.0
3,23,4,0,,,,0.8833167,0.0,0.0,0.0,0.0
3,24,4,0,,,,0.51942503,0.0,0.0,0.0,0.0
3,1,5,0,,,,0.7447334,0.0,0.0,0.0,0.0
3,2,5,0,,,,0.36561674,0.0,0.0,0.0,0.0
3,3,5,0,,,,0.07918337,0.0,0.0,0.0,0.0
3,4,5,0,,,,0.10885,0.0,0.0,0.0,0.0
3,5,5,0,,,,0.15893333,0.0,0.0,0.0,0.0
3,6,5,0,,,,0.08260007,0.0,0.0,0.0,0.0
3,7,5,0,,,,0.0028501144,0.0,0.0,0.0,0.0
3,8,5,0,,,,5.41687e-08,0.0,0.0,0.0,11.0
3,9,5,0,,,,5.5440267e-08,0.0,0.0,0.0,324.06
3,10,5,0,,,,3.7384034e-08,0.0,0.0,0.0,547.24
3,11,5,0,,,,0.030066693,0.0,0.0,0.0,700.92
3,12,5,0,,,,0.17305,0.0,0.0,0.0,792.22
3,13,5,0,,,,0.13256668,0.0,0.0,0.0,836.27
3,14,5,0,,,,0.022933386,0.0,0.0,0.0,793.57
3,15,5,0,,,,1.7963,0.0,0.0,0.0,696.29
3,16,5,0,,,,0.7428667,0.0,0.0,0.0,541.16
3,17,5,0,,,,0.0019001008,0.0,0.0,0.0,241.67
3,18,5,0,,,,0.0006334339,0.0,0.0,0.0,2.31
3,19,5,0,,,,0.25205004,0.0,0.0,0.0,0.0
3,20,5,0,,,,0.42841667,0.0,0.0,0.0,0.0
3,21,5,0,,,,0.91101664,0.0,0.0,0.0,0.0
3,22,5,0,,,,0.2127334,0.0,0.0,0.0,0.0
3,23,5,0,,,,0.00025010077,0.0,0.0,0.0,0.0
3,24,5,0,,,,1.001358e-07,0.0,0.0,0.0,0.0
3,1,6,0,,,,1.001358e-07,0.0,0.0,0.0,0.0
3,2,6,0,,,,0.04985008,0.0,0.0,0.0,0.0
3,3,6,0,,,,0.32726666,0.0,0.0,0.0,0.0
3,4,6,0,,,,0.015033427,0.0,0.0,0.0,0.0
3,5,6,0,,,,0.000116765135,0.0,0.0,0.0,0.0
3,6,6,0,,,,1.00050094e-07,0.0,0.0,0.0,0.0
3,7,6,0,,,,1.0299683e-07,0.0,0.0,0.0,0.0
3,8,6,0,,,,0.42673334,0.0,0.0,0.0,0.01
3,9,6,0,,,,0.6595333,0.0,0.0,0.0,28.74
3,10,6,0,,,,0.81333333,0.0,0.0,0.0,95.14
3,11,6,0,,,,0.47118333,0.0,0.0,0.0,124.62
3,12,6,0,,,,1.9651,0.0,0.0,0.0,332.14
3,13,6,0,,,,0.36423334,0.0,0.0,0.0,182.81
3,14,6,0,,,,0.05311673,0.0,0.0,0.0,191.89
3,15,6,0,,,,0.01665009,0.0,0.0,0.0,220.23
3,16,6,0,,,,0.048366718,0.0,0.0,0.0,107.01
3,17,6,0,,,,0.007933416,0.0,0.0,0.0,37.28
3,18,6,0,,,,0.37945008,0.0,0.0,0.0,5.76
3,19,6,0,,,,0.9447334,0.0,0.0,0.0,0.0
3,20,6,0,,,,0.93528336,0.0,0.0,0.0,0.0
3,21,6,0,,,,1.8080333,0.0,0.0,0.0,0.0
3,22,6,0,,,,1.5666667,0.0,0.0,0.0,0.0
3,23,6,0,,,,1.0655667,0.0,0.0,0.0,0.0
3,24,6,0,,,,1.4241166,0.0,0.0,0.0,0.0
3,1,7,0,,,,1.4041001,0.0,0.0,0.0,0.0
3,2,7,0,,,,0.66545004,0.0,0.0,0.0,0.0
3,3,7,0,,,,0.65056676,0.0,0.0,0.0,0.0
3,4,7,0,,,,0.9124334,0.0,0.0,0.0,0.0
3,5,7,0,,,,0.9721001,0.0,0.0,0.0,0.0
3,6,7,0,,,,1.2302,0.0,0.0,0.0,0.0
3,7,7,0,,,,1.0313333,0.0,0.0,0.0,0.0
3,8,7,0,,,,1.4776167,0.0,0.0,0.0,3.13
3,9,7,0,,,,2.5114834,0.0,0.0,0.0,112.21
3,10,7,0,,,,0.8376,0.0,0.0,0.0,373.25
3,11,7,0,,,,0.24645,0.0,0.0,0.0,83.96
3,12,7,0,,,,1.1576667,0.0,0.0,0.0,76.49
3,13,7,0,,,,0.98128337,0.0,0.0,0.0,103.08
3,14,7,0,,,,0.32051674,0.0,0.0,0.0,91.28
3,15,7,0,,,,0.7694167,0.0,0.0,0.0,134.14
3,16,7,0,,,,0.49825007,0.0,0.0,0.0,338.44
3,17,7,0,,,,0.8264167,0.0,0.0,0.0,208.87
3,18,7,0,,,,0.7587501,0.0,0.0,0.0,4.18
3,19,7,0,,,,0.7510834,0.0,0.0,0.0,0.0
3,20,7,0,,,,1.4078166,0.0,0.0,0.0,0.0
3,21,7,0,,,,0.95751673,0.0,0.0,0.0,0.0
3,22,7,0,,,,1.1618167,0.0,0.0,0.0,0.0
3,23,7,0,,,,1.0899,0.0,0.0,0.0,0.0
3,24,7,0,,,,0.90864176,0.0,0.0,0.0,0.0
3,1,1,0,,,,0.8590334,0.0,0.0,0.0,0.0
3,2,1,0,,,,1.0727334,0.0,0.0,0.0,0.0
3,3,1,0,,,,0.90150005,0.0,0.0,0.0,0.0
3,4,1,0,,,,0.19608334,0.0,0.0,0.0,0.0
3,5,1,0,,,,0.20843333,0.0,0.0,0.0,0.0
3,6,1,0,,,,0.22473343,0.0,0.0,0.0,0.0
3,7,1,0,,,,1.0359001,0.0,0.0,0.0,0.0
3,8,1,0,,,,0.4003667,0.0,0.0,0.0,59.41
3,9,1,0,,,,0.0,0.0,0.0,0.0,319.49
3,10,1,0,,,,0.52955,0.0,0.0,0.0,539.71
3,11,1,0,,,,0.27931666,0.0,0.0,0.0,642.37
3,12,1,0,,,,0.076416664,0.0,0.0,0.0,509.59
3,13,1,0,,,,0.09585,0.0,0.0,0.0,68.23
3,14,1,0,,,,0.021016723,0.0,0.0,0.0,61.01
3,15,1,0,,,,0.033133414,0.0,0.0,0.0,21.1
3,16,1,0,,,,0.03150007,0.0,0.0,0.0,26.26
3,17,1,0,,,,0.0007001001,0.0,0.0,0.0,16.96
3,18,1,0,,,,0.0013500953,0.0,0.0,0.0,0.0
3,19,1,0,,,,0.0009667666,0.0,0.0,0.0,0.0
3,20,1,0,,,,0.3361167,0.0,0.0,0.0,0.0
3,21,1,0,,,,0.15918338,0.0,0.0,0.0,0.0
3,22,1,0,,,,0.0037000983,0.0,0.0,0.0,0.0
3,23,1,0,,,,1.0107358e-07,0.0,0.0,0.0,0.0
3,24,1,0,,,,1.0172526e-07,0.0,0.0,0.0,0.0
3,1,2,0,,,,0.5785334,0.0,0.0,0.0,0.0
3,2,2,0,,,,0.3226001,0.0,0.0,0.0,0.0
3,3,2,0,,,,0.46505,0.0,0.0,0.0,0.0
3,4,2,0,,,,0.48523334,0.0,0.0,0.0,0.0
3,5,2,0,,,,0.53678334,0.0,0.0,0.0,0.0
3,6,2,0,,,,0.4649334,0.0,0.0,0.0,0.0
3,7,2,0,,,,0.6362334,0.0,0.0,0.0,0.0
3,8,2,0,,,,0.002616718,0.0,0.0,0.0,51.6
3,9,2,0,,,,4.7302247e-08,0.0,0.0,0.0,319.27
3,10,2,0,,,,4.1707356e-08,0.0,0.0,0.0,526.42
3,11,2,0,,,,3.9164224e-08,0.0,0.0,0.0,559.79
3,12,2,0,,,,2.415975e-08,0.0,0.0,0.0,691.78
3,13,2,0,,,,0.06795,0.0,0.0,0.0,785.64
3,14,2,0,,,,2.3530667,0.0,0.0,0.0,792.01
3,15,2,0,,,,0.25768334,0.0,0.0,0.0,634.09
3,16,2,0,,,,0.09271673,0.0,0.0,0.0,500.69
3,17,2,0,,,,0.009750088,0.0,0.0,0.0,214.9
3,18,2,0,,,,0.0056834337,0.0,0.0,0.0,5.21
3,19,2,0,,,,1.2349,0.0,0.0,0.0,0.0
3,20,2,0,,,,0.39916673,0.0,0.0,0.0,0.0
3,21,2,0,,,,1.033783e-07,0.0,0.0,0.0,0.0
3,22,2,0,,,,1.0286967e-07,0.0,0.0,0.0,0.0
3,23,2,0,,,,1.030604e-07,0.0,0.0,0.0,0.0
3,24,2,0,,,,1.0299683e-07,0.0,0.0,0.0,0.0
3,1,3,0,,,,0.20048343,0.0,0.0,0.0,0.0
3,2,3,0,,,,0.5216333,0.0,0.0,0.0,0.0
3,3,3,0,,,,1.2113,0.0,0.0,0.0,0.0
3,4,3,0,,,,0.33101666,0.0,0.0,0.0,0.0
3,5,3,0,,,,0.33553332,0.0,0.0,0.0,0.0
3,6,3,0,,,,0.108150065,0.0,0.0,0.0,0.0
3,7,3,0,,,,1.17492675e-07,0.0,0.0,0.0,0.0
3,8,3,0,,,,0.050716713,0.0,0.0,0.0,73.39
3,9,3,0,,,,0.20358333,0.0,0.0,0.0,61.07
3,10,3,0,,,,0.056916665,0.0,0.0,0.0,438.83
3,11,3,0,,,,0.0,0.0,0.0,0.0,455.06
3,12,3,0,,,,4.577637e-09,0.0,0.0,0.0,715.88
3,13,3,0,,,,0.0019000097,0.0,0.0,0.0,666.85
3,14,3,0,,,,0.016766714,0.0,0.0,0.0,686.61
3,15,3,0,,,,0.103250004,0.0,0.0,0.0,458.42
3,16,3,0,,,,0.4441667,0.0,0.0,0.0,13.43
3,17,3,0,,,,0.3119334,0.0,0.0,0.0,46.49
3,18,3,0,,,,0.12931675,0.0,0.0,0.0,5.58
3,19,3,0,,,,0.64035,0.0,0.0,0.0,0.0
3,20,3,0,,,,0.19073336,0.0,0.0,0.0,0.0
3,21,3,0,,,,0.06126668,0.0,0.0,0.0,0.0
3,22,3,0,,,,0.007833411,0.0,0.0,0.0,0.0
3,23,3,0,,,,0.039516713,0.0,0.0,0.0,0.0
3,24,3,0,,,,0.009400069,0.0,0.0,0.0,0.0
3,1,4,0,,,,0.0051667467,0.0,0.0,0.0,0.0
3,2,4,0,,,,0.007583416,0.0,0.0,0.0,0.0
3,3,4,0,,,,0.36236668,0.0,0.0,0.0,0.0
3,4,4,0,,,,0.27833334,0.0,0.0,0.0,0.0
3,5,4,0,,,,0.29136667,0.0,0.0,0.0,0.0
3,6,4,0,,,,0.11820005,0.0,0.0,0.0,0.0
3,7,4,0,,,,0.00433343,0.0,0.0,0.0,0.0
3,8,4,0,,,,0.0008334292,0.0,0.0,0.0,82.2
3,9,4,0,,,,0.00013341497,0.0,0.0,0.0,310.29
3,10,4,0,,,,0.0,0.0,0.0,0.0,534.13
3,11,4,0,,,,0.0,0.0,0.0,0.0,686.61
3,12,4,0,,,,0.0,0.0,0.0,0.0,758.63
3,13,4,0,,,,0.41361666,0.0,0.0,0.0,750.57
3,14,4,0,,,,2.2358167,0.0,0.0,0.0,711.4
3,15,4,0,,,,0.4647667,0.0,0.0,0.0,556.07
3,16,4,0,,,,0.18783337,0.0,0.0,0.0,270.92
3,17,4,0,,,,0.5450167,0.0,0.0,0.0,84.3
3,18,4,0,,,,0.72491664,0.0,0.0,0.0,4.57
3,19,4,0,,,,1.1202667,0.0,0.0,0.0,0.0
3,20,4,0,,,,2.7101166,0.0,0.0,0.0,0.0
3,21,4,0,,,,0.6608167,0.0,0.0,0.0,0.0
3,22,4,0,,,,0.004916735,0.0,0.0,0.0,0.0
3,23,4,0,,,,0.0067667267,0.0,0.0,0.0,0.0
3,24,4,0,,,,0.0041000783,0.0,0.0,0.0,0.0
3,1,5,0,,,,0.0012167535,0.0,0.0,0.0,0.0
3,2,5,0,,,,0.0018500917,0.0,0.0,0.0,0.0
3,3,5,0,,,,0.22505003,0.0,0.0,0.0,0.0
3,4,5,0,,,,0.38946667,0.0,0.0,0.0,0.0
3,5,5,0,,,,0.21895002,0.0,0.0,0.0,0.0
3,6,5,0,,,,0.0031667675,0.0,0.0,0.0,0.0
3,7,5,0,,,,0.0035167646,0.0,0.0,0.0,0.0
3,8,5,0,,,,3.3429973e-05,0.0,0.0,0.0,0.36
3,9,5,0,,,,9.231567e-08,0.0,0.0,0.0,70.13
3,10,5,0,,,,0.00058340986,0.0,0.0,0.0,162.36
3,11,5,0,,,,0.0011500572,0.0,0.0,0.0,244.61
3,12,5,0,,,,0.0013166891,0.0,0.0,0.0,75.82
3,13,5,0,,,,0.02186667,0.0,0.0,0.0,29.05
3,14,5,0,,,,0.19701667,0.0,0.0,0.0,157.16
3,15,5,0,,,,1.50675,0.0,0.0,0.0,104.75
3,16,5,0,,,,1.4836667,0.0,0.0,0.0,233.25
3,17,5,0,,,,0.20978336,0.0,0.0,0.0,42.08
3,18,5,0,,,,1.23415,0.0,0.0,0.0,10.79
3,19,5,0,,,,0.0480167,0.0,0.0,0.0,0.0
3,20,5,0,,,,0.3943667,0.0,0.0,0.0,0.0
3,21,5,0,,,,0.0015167574,0.0,0.0,0.0,0.0
3,22,5,0,,,,0.01630005,0.0,0.0,0.0,0.0
3,23,5,0,,,,0.01598338,0.0,0.0,0.0,0.0
3,24,5,0,,,,0.010166729,0.0,0.0,0.0,0.0
3,1,6,0,,,,0.0074167317,0.0,0.0,0.0,0.0
3,2,6,0,,,,0.004500072,0.0,0.0,0.0,0.0
3,3,6,0,,,,0.0019000901,0.0,0.0,0.0,0.0
3,4,6,0,,,,0.0016500851,0.0,0.0,0.0,0.0
3,5,6,0,,,,0.0049334182,0.0,0.0,0.0,0.0
3,6,6,0,,,,0.014466763,0.0,0.0,0.0,0.0
3,7,6,0,,,,0.07883337,0.0,0.0,0.0,0.0
3,8,6,0,,,,0.49301666,0.0,0.0,0.0,0.37
3,9,6,0,,,,0.15065002,0.0,0.0,0.0,164.91
3,10,6,0,,,,0.42553332,0.0,0.0,0.0,104.45
3,11,6,0,,,,2.59195,0.0,0.0,0.0,390.27
3,12,6,0,,,,0.5218667,0.0,0.0,0.0,288.04
3,13,6,0,,,,0.12793334,0.0,0.0,0.0,144.46
3,14,6,0,,,,1.4799833,0.0,0.0,0.0,50.51
3,15,6,0,,,,1.9659168,0.0,0.0,0.0,22.62
3,16,6,0,,,,0.052116714,0.0,0.0,0.0,133.93
3,17,6,0,,,,0.041350048,0.0,0.0,0.0,118.86
3,18,6,0,,,,0.054150052,0.0,0.0,0.0,74.88
3,19,6,0,,,,0.25433338,0.0,0.0,0.0,0.0
3,20,6,0,,,,0.00078343024,0.0,0.0,0.0,0.0
3,21,6,0,,,,0.0022000931,0.0,0.0,0.0,0.0
3,22,6,0,,,,0.0007834295,0.0,0.0,0.0,0.0
3,23,6,0,,,,0.0040167603,0.0,0.0,0.0,0.0
3,24,6,0,,,,0.24186671,0.0,0.0,0.0,0.0
3,1,7,0,,,,2.3109834,0.0,0.0,0.0,0.0
3,2,7,0,,,,2.6633,0.0,0.0,0.0,0.0
3,3,7,0,,,,0.18626675,0.0,0.0,0.0,0.0
3,4,7,0,,,,0.18295003,0.0,0.0,0.0,0.0
3,5,7,0,,,,0.2242167,0.0,0.0,0.0,0.0
3,6,7,0,,,,3.34318e-05,0.0,0.0,0.0,0.0
3,7,7,0,,,,9.9770226e-08,0.0,0.0,0.0,0.0
3,8,7,0,,,,0.00063343253,0.0,0.0,0.0,92.06
3,9,7,0,,,,0.5241167,0.0,0.0,0.0,321.69
3,10,7,0,,,,0.7086833,0.0,0.0,0.0,473.9
3,11,7,0,,,,0.55715,0.0,0.0,0.0,438.11
3,12,7,0,,,,1.76485,0.0,0.0,0.0,771.3
3,13,7,0,,,,1.9781333,0.0,0.0,0.0,618.14
3,14,7,0,,,,2.71825,0.0,0.0,0.0,324.82
3,15,7,0,,,,2.9476333,0.0,0.0,0.0,63.51
3,16,7,0,,,,1.5391,0.0,0.0,0.0,36.75
3,17,7,0,,,,1.45875,0.0,0.0,0.0,41.64
3,18,7,0,,,,0.21175005,0.0,0.0,0.0,50.79
3,19,7,0,,,,1.3291667,0.0,0.0,0.0,0.0
3,20,7,0,,,,0.64716667,0.0,0.0,0.0,0.0
3,21,7,0,,,,1.1768833,0.0,0.0,0.0,0.0
3,22,7,0,,,,0.9319167,0.0,0.0,0.0,0.0
3,23,7,0,,,,0.3426667,0.0,0.0,0.0,0.0
3,24,7,0,,,,0.0075500617,0.0,0.0,0.0,0.0
3,1,1,0,,,,0.23578335,0.0,0.0,0.0,0.0
3,2,1,0,,,,0.0067500565,0.0,0.0,0.0,0.0
3,3,1,0,,,,0.36251667,0.0,0.0,0.0,0.0
3,4,1,0,,,,0.34966666,0.0,0.0,0.0,0.0
3,5,1,0,,,,0.3772,0.0,0.0,0.0,0.0
3,6,1,0,,,,1.001358e-07,0.0,0.0,0.0,0.0
3,7,1,0,,,,0.0008501012,0.0,0.0,0.0,0.0
3,8,1,0,,,,1.1240641e-07,0.0,0.0,0.0,120.83
3,9,1,0,,,,5.976359e-08,0.0,0.0,0.0,370.18
3,10,1,0,,,,5.086263e-08,0.0,0.0,0.0,600.81
3,11,1,0,,,,4.781087e-08,0.0,0.0,0.0,755.29
3,12,1,0,,,,0.0044666803,0.0,0.0,0.0,845.43
3,13,1,0,,,,0.03065,0.0,0.0,0.0,874.92
3,14,1,0,,,,0.26451668,0.0,0.0,0.0,836.48
3,15,1,0,,,,0.81528336,0.0,0.0,0.0,732.91
3,16,1,0,,,,0.46471667,0.0,0.0,0.0,569.2
3,17,1,0,,,,0.08970006,0.0,0.0,0.0,347.11
3,18,1,0,,,,0.77561665,0.0,0.0,0.0,94.98
3,19,1,0,,,,0.73143333,0.0,0.0,0.0,0.0
3,20,1,0,,,,0.75373334,0.0,0.0,0.0,0.0
3,21,1,0,,,,2.73845,0.0,0.0,0.0,0.0
3,22,1,0,,,,2.8029,0.0,0.0,0.0,0.0
3,23,1,0,,,,0.09650009,0.0,0.0,0.0,0.0
3,24,1,0,,,,0.25800008,0.0,0.0,0.0,0.0
3,1,2,0,,,,0.00028343181,0.0,0.0,0.0,0.0
3,2,2,0,,,,1.001358e-07,0.0,0.0,0.0,0.0
3,3,2,0,,,,2.1642334,0.0,0.0,0.0,0.0
3,4,2,0,,,,0.5226333,0.0,0.0,0.0,0.0
3,5,2,0,,,,0.2583167,0.0,0.0,0.0,0.0
3,6,2,0,,,,0.046733424,0.0,0.0,0.0,0.0
3,7,2,0,,,,0.004416764,0.0,0.0,0.0,0.0
3,8,2,0,,,,1.033783e-07,0.0,0.0,0.0,0.0
3,9,2,0,,,,1.04522705e-07,0.0,0.0,0.0,65.71
3,10,2,0,,,,0.00038343456,0.0,0.0,0.0,139.98
3,11,2,0,,,,2.339681e-08,0.0,0.0,0.0,325.2
3,12,2,0,,,,0.0,0.0,0.0,0.0,403.79
3,13,2,0,,,,0.029233333,0.0,0.0,0.0,413.15
3,14,2,0,,,,0.02095,0.0,0.0,0.0,324.67
3,15,2,0,,,,0.03543337,0.0,0.0,0.0,286.75
3,16,2,0,,,,0.043900054,0.0,0.0,0.0,0.0
3,17,2,0,,,,0.047400054,0.0,0.0,0.0,149.48
3,18,2,0,,,,0.03628339,0.0,0.0,0.0,82.5
3,19,2,0,,,,0.2660834,0.0,0.0,0.0,0.0
3,20,2,0,,,,2.2814,0.0,0.0,0.0,0.0
3,21,2,0,,,,2.1441,0.0,0.0,0.0,0.0
3,22,2,0,,,,0.15601666,0.0,0.0,0.0,0.0
3,23,2,0,,,,0.06498336,0.0,0.0,0.0,0.0
3,24,2,0,,,,0.047700047,0.0,0.0,0.0,0.0
3,1,3,0,,,,0.11341667,0.0,0.0,0.0,0.0
3,2,3,0,,,,0.059283353,0.0,0.0,0.0,0.0
3,3,3,0,,,,0.35565,0.0,0.0,0.0,0.0
3,4,3,0,,,,0.40796667,0.0,0.0,0.0,0.0
3,5,3,0,,,,0.44511667,0.0,0.0,0.0,0.0
3,6,3,0,,,,0.18686672,0.0,0.0,0.0,0.0
3,7,3,0,,,,0.09200005,0.0,0.0,0.0,0.0
3,8,3,0,,,,0.30635005,0.0,0.0,0.0,59.64
3,9,3,0,,,,1.1241,0.0,0.0,0.0,301.36
3,10,3,0,,,,0.14613341,0.0,0.0,0.0,556.67
3,11,3,0,,,,0.4223,0.0,0.0,0.0,719.16
3,12,3,0,,,,0.20285,0.0,0.0,0.0,807.63
3,13,3,0,,,,0.014850002,0.0,0.0,0.0,843.7
3,14,3,0,,,,0.026916666,0.0,0.0,0.0,728.96
3,15,3,0,,,,0.78211665,0.0,0.0,0.0,554.95
3,16,3,0,,,,0.37378335,0.0,0.0,0.0,466.39
3,17,3,0,,,,0.039266717,0.0,0.0,0.0,338.53
3,18,3,0,,,,0.26598337,0.0,0.0,0.0,65.29
3,19,3,0,,,,0.96573335,0.0,0.0,0.0,0.0
3,20,3,0,,,,1.5471833,0.0,0.0,0.0,0.0
3,21,3,0,,,,0.20100002,0.0,0.0,0.0,0.0
3,22,3,0,,,,0.07788337,0.0,0.0,0.0,0.0
3,23,3,0,,,,0.06701671,0.0,0.0,0.0,0.0
3,24,3,0,,,,0.06473337,0.0,0.0,0.0,0.0
3,1,4,0,,,,0.090100035,0.0,0.0,0.0,0.0
3,2,4,0,,,,0.0916667,0.0,0.0,0.0,0.0
3,3,4,0,,,,0.3276,0.0,0.0,0.0,0.0
3,4,4,0,,,,0.6860833,0.0,0.0,0.0,0.0
3,5,4,0,,,,0.35101667,0.0,0.0,0.0,0.0
3,6,4,0,,,,0.1387167,0.0,0.0,0.0,0.0
3,7,4,0,,,,0.13368334,0.0,0.0,0.0,0.0
3,8,4,0,,,,0.13585,0.0,0.0,0.0,1.21
3,9,4,0,,,,0.1591,0.0,0.0,0.0,41.29
3,10,4,0,,,,0.16766667,0.0,0.0,0.0,36.36
3,11,4,0,,,,0.08055,0.0,0.0,0.0,70.21
3,12,4,0,,,,0.0607,0.0,0.0,0.0,69.28
3,13,4,0,,,,0.19366667,0.0,0.0,0.0,74.64
3,14,4,0,,,,0.49091667,0.0,0.0,0.0,58.73
3,15,4,0,,,,0.17783335,0.0,0.0,0.0,149.24
3,16,4,0,,,,0.062250044,0.0,0.0,0.0,273.81
3,17,4,0,,,,0.37651673,0.0,0.0,0.0,110.31
3,18,4,0,,,,0.7996,0.0,0.0,0.0,65.9
3,19,4,0,,,,0.55266666,0.0,0.0,0.0,0.0
3,20,4,0,,,,0.79833335,0.0,0.0,0.0,0.0
3,21,4,0,,,,2.76765,0.0,0.0,0.0,0.0
3,22,4,0,,,,0.85465,0.0,0.0,0.0,0.0
3,23,4,0,,,,0.3054,0.0,0.0,0.0,0.0
3,24,4,0,,,,0.07830002,0.0,0.0,0.0,0.0
3,1,5,0,,,,0.060933366,0.0,0.0,0.0,0.0
3,2,5,0,,,,0.045083374,0.0,0.0,0.0,0.0
3,3,5,0,,,,0.28868338,0.0,0.0,0.0,0.0
3,4,5,0,,,,0.4304,0.0,0.0,0.0,0.0
3,5,5,0,,,,0.43400002,0.0,0.0,0.0,0.0
3,6,5,0,,,,0.035533376,0.0,0.0,0.0,0.0
3,7,5,0,,,,0.032316707,0.0,0.0,0.0,0.0
3,8,5,0,,,,0.032850046,0.0,0.0,0.0,27.15
3,9,5,0,,,,0.22595,0.0,0.0,0.0,46.64
3,10,5,0,,,,0.6132333,0.0,0.0,0.0,137.23
3,11,5,0,,,,0.11096667,0.0,0.0,0.0,365.47
3,12,5,0,,,,0.00041667072,0.0,0.0,0.0,208.97
3,13,5,0,,,,0.0189,0.0,0.0,0.0,605.51
3,14,5,0,,,,0.0025500138,0.0,0.0,0.0,821.73
3,15,5,0,,,,0.08511671,0.0,0.0,0.0,700.53
3,16,5,0,,,,0.91055,0.0,0.0,0.0,555.64
3,17,5,0,,,,0.93016666,0.0,0.0,0.0,331.38
3,18,5,0,,,,0.33401668,0.0,0.0,0.0,75.66
3,19,5,0,,,,0.7137167,0.0,0.0,0.0,0.0
3,20,5,0,,,,0.7996333,0.0,0.0,0.0,0.0
3,21,5,0,,,,0.26508337,0.0,0.0,0.0,0.0
3,22,5,0,,,,0.025966719,0.0,0.0,0.0,0.0
3,23,5,0,,,,0.022833386,0.0,0.0,0.0,0.0
3,24,5,0,,,,0.035300046,0.0,0.0,0.0,0.0
3,1,6,0,,,,0.028750045,0.0,0.0,0.0,0.0
3,2,6,0,,,,0.039350044,0.0,0.0,0.0,0.0
3,3,6,0,,,,0.041116707,0.0,0.0,0.0,0.0
3,4,6,0,,,,0.016333388,0.0,0.0,0.0,0.0
3,5,6,0,,,,0.013816725,0.0,0.0,0.0,0.0
3,6,6,0,,,,0.012616724,0.0,0.0,0.0,0.0
3,7,6,0,,,,0.3866667,0.0,0.0,0.0,0.0
3,8,6,0,,,,0.27403337,0.0,0.0,0.0,94.33
3,9,6,0,,,,0.61015,0.0,0.0,0.0,344.44
3,10,6,0,,,,0.45903334,0.0,0.0,0.0,574.24
3,11,6,0,,,,0.42105,0.0,0.0,0.0,727.38
3,12,6,0,,,,0.4585,0.0,0.0,0.0,823.42
3,13,6,0,,,,0.09638333,0.0,0.0,0.0,830.76
3,14,6,0,,,,0.035250004,0.0,0.0,0.0,810.8
3,15,6,0,,,,0.03355,0.0,0.0,0.0,709.5
3,16,6,0,,,,0.70498335,0.0,0.0,0.0,300.96
3,17,6,0,,,,2.8839,0.0,0.0,0.0,168.81
3,18,6,0,,,,0.5787,0.0,0.0,0.0,16.79
3,19,6,0,,,,0.6838667,0.0,0.0,0.0,0.0
3,20,6,0,,,,0.022250041,0.0,0.0,0.0,0.0
3,21,6,0,,,,0.015550052,0.0,0.0,0.0,0.0
3,22,6,0,,,,0.016250057,0.0,0.0,0.0,0.0
3,23,6,0,,,,0.062216733,0.0,0.0,0.0,0.0
3,24,6,0,,,,0.0018334185,0.0,0.0,0.0,0.0
3,1,7,0,,,,0.0013834251,0.0,0.0,0.0,0.0
3,2,7,0,,,,0.0006834268,0.0,0.0,0.0,0.0
3,3,7,0,,,,0.25173336,0.0,0.0,0.0,0.0
3,4,7,0,,,,0.16643338,0.0,0.0,0.0,0.0
3,5,7,0,,,,0.008366755,0.0,0.0,0.0,0.0
3,6,7,0,,,,0.006500097,0.0,0.0,0.0,0.0
3,7,7,0,,,,0.002733428,0.0,0.0,0.0,0.0
3,8,7,0,,,,0.123450086,0.0,0.0,0.0,62.58
3,9,7,0,,,,0.7704167,0.0,0.0,0.0,46.93
3,10,7,0,,,,0.38030005,0.0,0.0,0.0,87.57
3,11,7,0,,,,0.033000007,0.0,0.0,0.0,182.95
3,12,7,0,,,,5.000356e-05,0.0,0.0,0.0,99.77
3,13,7,0,,,,0.0026166667,0.0,0.0,0.0,32.48
3,14,7,0,,,,0.5904667,0.0,0.0,0.0,68.84
3,15,7,0,,,,0.61398333,0.0,0.0,0.0,82.2
3,16,7,0,,,,1.4994667,0.0,0.0,0.0,50.59
3,17,7,0,,,,0.71085,0.0,0.0,0.0,51.4
3,18,7,0,,,,1.6763166,0.0,0.0,0.0,39.14
3,19,7,0,,,,1.6176833,0.0,0.0,0.0,0.0
3,20,7,0,,,,1.3284333,0.0,0.0,0.0,0.0
3,21,7,0,,,,1.1628833,0.0,0.0,0.0,0.0
3,22,7,0,,,,0.5722833,0.0,0.0,0.0,0.0
3,23,7,0,,,,0.016783377,0.0,0.0,0.0,0.0
3,24,7,0,,,,0.009533397,0.0,0.0,0.0,0.0
3,1,1,0,,,,0.0051334067,0.0,0.0,0.0,0.0
3,2,1,0,,,,0.0022000885,0.0,0.0,0.0,0.0
3,3,1,0,,,,0.23405,0.0,0.0,0.0,0.0
3,4,1,0,,,,0.3286,0.0,0.0,0.0,0.0
3,5,1,0,,,,0.35173333,0.0,0.0,0.0,0.0
3,6,1,0,,,,0.05531675,0.0,0.0,0.0,0.0
3,7,1,0,,,,0.003166763,0.0,0.0,0.0,0.0
3,8,1,0,,,,1.04681654e-07,0.0,0.0,0.0,7.11
3,9,1,0,,,,1.0019938e-07,0.0,0.0,0.0,85.39
3,10,1,0,,,,1.11262004e-07,0.0,0.0,0.0,125.9
3,11,1,0,,,,9.5113116e-08,0.0,0.0,0.0,325.53
3,12,1,0,,,,1.3987223e-08,0.0,0.0,0.0,476.18
3,13,1,0,,,,0.012933349,0.0,0.0,0.0,293.55
3,14,1,0,,,,0.0013000275,0.0,0.0,0.0,270.68
3,15,1,0,,,,0.00075008674,0.0,0.0,0.0,148.35
3,16,1,0,,,,0.07696675,0.0,0.0,0.0,208.55
3,17,1,0,,,,0.66681665,0.0,0.0,0.0,133.82
3,18,1,0,,,,0.70736665,0.0,0.0,0.0,7.54
3,19,1,0,,,,0.7937667,0.0,0.0,0.0,0.0
3,20,1,0,,,,0.83865,0.0,0.0,0.0,0.0
3,21,1,0,,,,0.3188,0.0,0.0,0.0,0.0
3,22,1,0,,,,0.23393337,0.0,0.0,0.0,0.0
3,23,1,0,,,,0.000466765,0.0,0.0,0.0,0.0
3,24,1,0,,,,9.9999994e-08,0.0,0.0,0.0,0.0
3,1,2,0,,,,9.9999994e-08,0.0,0.0,0.0,0.0
3,2,2,0,,,,9.9999994e-08,0.0,0.0,0.0,0.0
3,3,2,0,,,,1.9580166,0.0,0.0,0.0,0.0
3,4,2,0,,,,0.26801667,0.0,0.0,0.0,0.0
3,5,2,0,,,,0.1584334,0.0,0.0,0.0,0.0
3,6,2,0,,,,0.044816762,0.0,0.0,0.0,0.0
3,7,2,0,,,,0.24093336,0.0,0.0,0.0,0.0
3,8,2,0,,,,0.2546667,0.0,0.0,0.0,83.91
3,9,2,0,,,,0.06281669,0.0,0.0,0.0,89.97
3,10,2,0,,,,8.5449216e-08,0.0,0.0,0.0,103.2
3,11,2,0,,,,1.2207032e-07,0.0,0.0,0.0,71.02
3,12,2,0,,,,1.1545817e-07,0.0,0.0,0.0,157.94
3,13,2,0,,,,1.1850993e-07,0.0,0.0,0.0,201.15
3,14,2,0,,,,0.4488167,0.0,0.0,0.0,210.18
3,15,2,0,,,,0.115866706,0.0,0.0,0.0,94.8
3,16,2,0,,,,0.05586672,0.0,0.0,0.0,284.11
3,17,2,0,,,,0.94446665,0.0,0.0,0.0,197.82
3,18,2,0,,,,1.0753666,0.0,0.0,0.0,70.93
3,19,2,0,,,,0.97821665,0.0,0.0,0.0,0.0
3,20,2,0,,,,1.0617334,0.0,0.0,0.0,0.0
3,21,2,0,,,,1.3749833,0.0,0.0,0.0,0.0
3,22,2,0,,,,0.4560334,0.0,0.0,0.0,0.0
3,23,2,0,,,,0.00025009832,0.0,0.0,0.0,0.0
3,24,2,0,,,,9.9999994e-08,0.0,0.0,0.0,0.0
3,1,3,0,,,,9.833333e-08,0.0,0.0,0.0,0.0
3,2,3,0,,,,0.00030009833,0.0,0.0,0.0,0.0
3,3,3,0,,,,0.19756667,0.0,0.0,0.0,0.0
3,4,3,0,,,,0.24953334,0.0,0.0,0.0,0.0
3,5,3,0,,,,0.28863335,0.0,0.0,0.0,0.0
3,6,3,0,,,,0.0953834,0.0,0.0,0.0,0.0
3,7,3,0,,,,0.008650097,0.0,0.0,0.0,0.0
3,8,3,0,,,,0.0027334383,0.0,0.0,0.0,4.73
3,9,3,0,,,,0.40883338,0.0,0.0,0.0,26.27
3,10,3,0,,,,0.52615,0.0,0.0,0.0,261.55
3,11,3,0,,,,0.78786665,0.0,0.0,0.0,148.65
3,12,3,0,,,,0.15553336,0.0,0.0,0.0,127.84
3,13,3,0,,,,0.027666736,0.0,0.0,0.0,328.34
3,14,3,0,,,,0.0012334371,0.0,0.0,0.0,110.98
3,15,3,0,,,,0.21035007,0.0,0.0,0.0,26.39
3,16,3,0,,,,0.0026834372,0.0,0.0,0.0,75.87
3,17,3,0,,,,0.09925006,0.0,0.0,0.0,324.47
3,18,3,0,,,,0.42998335,0.0,0.0,0.0,96.14
3,19,3,0,,,,0.020300083,0.0,0.0,0.0,0.0
3,20,3,0,,,,0.00360009,0.0,0.0,0.0,0.0
3,21,3,0,,,,0.3849167,0.0,0.0,0.0,0.0
3,22,3,0,,,,0.12058341,0.0,0.0,0.0,0.0
3,23,3,0,,,,0.0017667633,0.0,0.0,0.0,0.0
3,24,3,0,,,,0.18491672,0.0,0.0,0.0,0.0
3,1,4,0,,,,9.9999994e-08,0.0,0.0,0.0,0.0
3,2,4,0,,,,9.9999994e-08,0.0,0.0,0.0,0.0
3,3,4,0,,,,2.88135,0.0,0.0,0.0,0.0
3,4,4,0,,,,0.28223333,0.0,0.0,0.0,0.0
3,5,4,0,,,,0.23143336,0.0,0.0,0.0,0.0
3,6,4,0,,,,9.9999994e-08,0.0,0.0,0.0,0.0
3,7,4,0,,,,0.004883438,0.0,0.0,0.0,0.0
3,8,4,0,,,,0.0043500913,0.0,0.0,0.0,166.12
3,9,4,0,,,,3.1026204e-08,0.0,0.0,0.0,421.4
3,10,4,0,,,,0.0,0.0,0.0,0.0,630.8
3,11,4,0,,,,0.0,0.0,0.0,0.0,774.1
3,12,4,0,,,,3.6621095e-08,0.0,0.0,0.0,637.62
3,13,4,0,,,,0.25246668,0.0,0.0,0.0,219.67
3,14,4,0,,,,0.24963333,0.0,0.0,0.0,732.8
3,15,4,0,,,,0.66538334,0.0,0.0,0.0,406.29
3,16,4,0,,,,0.47906667,0.0,0.0,0.0,135.06
3,17,4,0,,,,0.19838338,0.0,0.0,0.0,182.11
3,18,4,0,,,,0.5481834,0.0,0.0,0.0,104.71
3,19,4,0,,,,1.8551167,0.0,0.0,0.0,0.0
3,20,4,0,,,,0.9909667,0.0,0.0,0.0,0.0
3,21,4,0,,,,0.043200035,0.0,0.0,0.0,0.0
3,22,4,0,,,,0.0084000565,0.0,0.0,0.0,0.0
3,23,4,0,,,,0.0020334183,0.0,0.0,0.0,0.0
3,24,4,0,,,,0.00073342666,0.0,0.0,0.0,0.0
3,1,5,0,,,,0.0010500933,0.0,0.0,0.0,0.0
3,2,5,0,,,,0.0012500917,0.0,0.0,0.0,0.0
3,3,5,0,,,,1.6940666,0.0,0.0,0.0,0.0
3,4,5,0,,,,0.36571667,0.0,0.0,0.0,0.0
3,5,5,0,,,,0.36576667,0.0,0.0,0.0,0.0
3,6,5,0,,,,0.36518332,0.0,0.0,0.0,0.0
3,7,5,0,,,,0.056966748,0.0,0.0,0.0,0.0
3,8,5,0,,,,8.3439125e-05,0.0,0.0,0.0,3.74
3,9,5,0,,,,0.0,0.0,0.0,0.0,17.85
3,10,5,0,,,,0.0,0.0,0.0,0.0,50.96
3,11,5,0,,,,0.00013333333,0.0,0.0,0.0,92.48
3,12,5,0,,,,0.0,0.0,0.0,0.0,91.96
3,13,5,0,,,,0.0027,0.0,0.0,0.0,181.59
3,14,5,0,,,,0.01695,0.0,0.0,0.0,132.4
3,15,5,0,,,,0.036666676,0.0,0.0,0.0,737.94
3,16,5,0,,,,0.00088344066,0.0,0.0,0.0,570.63
3,17,5,0,,,,0.0020000956,0.0,0.0,0.0,313.32
3,18,5,0,,,,0.013933407,0.0,0.0,0.0,107.25
3,19,5,0,,,,0.39258334,0.0,0.0,0.0,0.0
3,20,5,0,,,,0.44868332,0.0,0.0,0.0,0.0
3,21,5,0,,,,0.28738335,0.0,0.0,0.0,0.0
3,22,5,0,,,,9.9999994e-08,0.0,0.0,0.0,0.0
3,23,5,0,,,,0.002766765,0.0,0.0,0.0,0.0
3,24,5,0,,,,9.9999994e-08,0.0,0.0,0.0,0.0
3,1,6,0,,,,9.9999994e-08,0.0,0.0,0.0,0.0
3,2,6,0,,,,9.9999994e-08,0.0,0.0,0.0,0.0
3,3,6,0,,,,9.9999994e-08,0.0,0.0,0.0,0.0
3,4,6,0,,,,9.9999994e-08,0.0,0.0,0.0,0.0
3,5,6,0,,,,9.9999994e-08,0.0,0.0,0.0,0.0
3,6,6,0,,,,9.9999994e-08,0.0,0.0,0.0,0.0
3,7,6,0,,,,0.13188338,0.0,0.0,0.0,0.0
3,8,6,0,,,,0.26168334,0.0,0.0,0.0,85.41
3,9,6,0,,,,0.15493336,0.0,0.0,0.0,220.02
3,10,6,0,,,,2.84175,0.0,0.0,0.0,312.06
3,11,6,0,,,,2.56515,0.0,0.0,0.0,468.36
3,12,6,0,,,,1.12875,0.0,0.0,0.0,486.3
3,13,6,0,,,,1.1914,0.0,0.0,0.0,404.68
3,14,6,0,,,,0.58595,0.0,0.0,0.0,358.51
3,15,6,0,,,,1.2719834,0.0,0.0,0.0,255.87
3,16,6,0,,,,2.2395666,0.0,0.0,0.0,117.77
3,17,6,0,,,,0.35171667,0.0,0.0,0.0,162.89
3,18,6,0,,,,0.038966753,0.0,0.0,0.0,74.23
3,19,6,0,,,,0.0004334318,0.0,0.0,0.0,0.0
3,20,6,0,,,,0.0033000852,0.0,0.0,0.0,0.0
3,21,6,0,,,,0.0004834268,0.0,0.0,0.0,0.0
3,22,6,0,,,,0.00028343181,0.0,0.0,0.0,0.0
3,23,6,0,,,,0.008200087,0.0,0.0,0.0,0.0
3,24,6,0,,,,1.6632501,0.0,0.0,0.0,0.0
3,1,7,0,,,,0.60133344,0.0,0.0,0.0,0.0
3,2,7,0,,,,0.5127667,0.0,0.0,0.0,0.0
3,3,7,0,,,,0.47085008,0.0,0.0,0.0,0.0
3,4,7,0,,,,0.28158343,0.0,0.0,0.0,0.0
3,5,7,0,,,,0.17113343,0.0,0.0,0.0,0.0
3,6,7,0,,,,0.4777501,0.0,0.0,0.0,0.0
3,7,7,0,,,,0.46705008,0.0,0.0,0.0,0.0
3,8,7,0,,,,0.43365008,0.0,0.0,0.0,15.22
3,9,7,0,,,,0.43508342,0.0,0.0,0.0,28.93
3,10,7,0,,,,0.03703341,0.0,0.0,0.0,169.0
3,11,7,0,,,,1.3430333,0.0,0.0,0.0,261.96
3,12,7,0,,,,0.45876673,0.0,0.0,0.0,811.86
3,13,7,0,,,,0.43921667,0.0,0.0,0.0,417.41
3,14,7,0,,,,0.4681,0.0,0.0,0.0,347.8
3,15,7,0,,,,0.032183334,0.0,0.0,0.0,28.12
3,16,7,0,,,,0.024183385,0.0,0.0,0.0,72.25
3,17,7,0,,,,0.8248334,0.0,0.0,0.0,50.64
3,18,7,0,,,,0.40775004,0.0,0.0,0.0,33.4
3,19,7,0,,,,0.94783336,0.0,0.0,0.0,0.0
3,20,7,0,,,,1.231,0.0,0.0,0.0,0.0
3,21,7,0,,,,0.39768338,0.0,0.0,0.0,0.0
3,22,7,0,,,,0.6852334,0.0,0.0,0.0,0.0
3,23,7,0,,,,0.33721676,0.0,0.0,0.0,0.0
3,24,7,0,,,,0.70120007,0.0,0.0,0.0,0.0
3,1,1,0,,,,0.6798167,0.0,0.0,0.0,0.0
3,2,1,0,,,,0.8275667,0.0,0.0,0.0,0.0
3,3,1,0,,,,0.6626667,0.0,0.0,0.0,0.0
3,4,1,0,,,,0.19738333,0.0,0.0,0.0,0.0
3,5,1,0,,,,0.25658333,0.0,0.0,0.0,0.0
3,6,1,0,,,,0.19126673,0.0,0.0,0.0,0.0
3,7,1,0,,,,0.0040167645,0.0,0.0,0.0,0.0
3,8,1,0,,,,0.00081676664,0.0,0.0,0.0,10.48
3,9,1,0,,,,0.45281675,0.0,0.0,0.0,115.54
3,10,1,0,,,,9.220441e-08,0.0,0.0,0.0,124.41
3,11,1,0,,,,0.16328336,0.0,0.0,0.0,140.1
3,12,1,0,,,,0.00043334503,0.0,0.0,0.0,154.85
3,13,1,0,,,,0.0036000102,0.0,0.0,0.0,90.7
3,14,1,0,,,,0.0054833605,0.0,0.0,0.0,144.67
3,15,1,0,,,,0.0035000932,0.0,0.0,0.0,29.4
3,16,1,0,,,,0.09296675,0.0,0.0,0.0,21.33
3,17,1,0,,,,0.25615,0.0,0.0,0.0,122.75
3,18,1,0,,,,0.6135167,0.0,0.0,0.0,7.79
3,19,1,0,,,,0.37875,0.0,0.0,0.0,0.0
3,20,1,0,,,,0.15350002,0.0,0.0,0.0,0.0
3,21,1,0,,,,0.0010500941,0.0,0.0,0.0,0.0
3,22,1,0,,,,0.0015500862,0.0,0.0,0.0,0.0
3,23,1,0,,,,1.0299683e-07,0.0,0.0,0.0,0.0
3,24,1,0,,,,0.4136001,0.0,0.0,0.0,0.0
3,1,2,0,,,,1.0315577e-07,0.0,0.0,0.0,0.0
3,2,2,0,,,,0.3589001,0.0,0.0,0.0,0.0
3,3,2,0,,,,0.6063,0.0,0.0,0.0,0.0
3,4,2,0,,,,0.18885,0.0,0.0,0.0,0.0
3,5,2,0,,,,0.5112333,0.0,0.0,0.0,0.0
3,6,2,0,,,,0.42000002,0.0,0.0,0.0,0.0
3,7,2,0,,,,0.45961675,0.0,0.0,0.0,1.27
3,8,2,0,,,,0.004233433,0.0,0.0,0.0,181.33
3,9,2,0,,,,0.61155,0.0,0.0,0.0,437.63
3,10,2,0,,,,0.088533334,0.0,0.0,0.0,637.39
3,11,2,0,,,,0.0,0.0,0.0,0.0,770.27
3,12,2,0,,,,0.0013666666,0.0,0.0,0.0,855.97
3,13,2,0,,,,0.21023333,0.0,0.0,0.0,883.24
3,14,2,0,,,,0.00063333946,0.0,0.0,0.0,843.03
3,15,2,0,,,,0.00068337505,0.0,0.0,0.0,754.94
3,16,2,0,,,,0.027350081,0.0,0.0,0.0,597.68
3,17,2,0,,,,0.049333386,0.0,0.0,0.0,382.1
3,18,2,0,,,,0.040766712,0.0,0.0,0.0,129.21
3,19,2,0,,,,0.023116747,0.0,0.0,0.0,0.0
3,20,2,0,,,,0.0012000968,0.0,0.0,0.0,0.0
3,21,2,0,,,,0.2503167,0.0,0.0,0.0,0.0
3,22,2,0,,,,0.33593336,0.0,0.0,0.0,0.0
3,23,2,0,,,,0.00091676024,0.0,0.0,0.0,0.0
3,24,2,0,,,,0.0011667645,0.0,0.0,0.0,0.0
3,1,3,0,,,,0.00031676763,0.0,0.0,0.0,0.0
3,2,3,0,,,,0.4553001,0.0,0.0,0.0,0.0
3,3,3,0,,,,0.13015002,0.0,0.0,0.0,0.0
3,4,3,0,,,,0.15088333,0.0,0.0,0.0,0.0
3,5,3,0,,,,0.23048334,0.0,0.0,0.0,0.0
3,6,3,0,,,,0.32148334,0.0,0.0,0.0,0.0
3,7,3,0,,,,0.8902,0.0,0.0,0.0,3.74
3,8,3,0,,,,0.005833432,0.0,0.0,0.0,169.58
3,9,3,0,,,,1.0197957e-07,0.0,0.0,0.0,182.16
3,10,3,0,,,,2.4414062e-08,0.0,0.0,0.0,267.34
3,11,3,0,,,,0.0,0.0,0.0,0.0,332.42
3,12,3,0,,,,0.0,0.0,0.0,0.0,423.47
3,13,3,0,,,,0.104033336,0.0,0.0,0.0,351.0
3,14,3,0,,,,0.7502667,0.0,0.0,0.0,503.4
3,15,3,0,,,,0.83391666,0.0,0.0,0.0,723.41
3,16,3,0,,,,0.025916774,0.0,0.0,0.0,578.21
3,17,3,0,,,,1.063029e-07,0.0,0.0,0.0,347.89
3,18,3,0,,,,9.6972784e-08,0.0,0.0,0.0,80.52
3,19,3,0,,,,1.0361671e-07,0.0,0.0,0.0,0.0
3,20,3,0,,,,0.00033343522,0.0,0.0,0.0,0.0
3,21,3,0,,,,0.38053334,0.0,0.0,0.0,0.0
3,22,3,0,,,,0.18820004,0.0,0.0,0.0,0.0
3,23,3,0,,,,0.0017334287,0.0,0.0,0.0,0.0
3,24,3,0,,,,1.0274251e-07,0.0,0.0,0.0,0.0
3,1,4,0,,,,0.00028343557,0.0,0.0,0.0,0.0
3,2,4,0,,,,1.676852e-05,0.0,0.0,0.0,0.0
3,3,4,0,,,,0.1874667,0.0,0.0,0.0,0.0
3,4,4,0,,,,0.3364,0.0,0.0,0.0,0.0
3,5,4,0,,,,0.22646669,0.0,0.0,0.0,0.0
3,6,4,0,,,,0.00020009867,0.0,0.0,0.0,0.0
3,7,4,0,,,,0.0031667638,0.0,0.0,0.0,0.0
3,8,4,0,,,,0.0039167632,0.0,0.0,0.0,27.82
3,9,4,0,,,,0.41106668,0.0,0.0,0.0,113.87
3,10,4,0,,,,0.13948333,0.0,0.0,0.0,140.48
3,11,4,0,,,,0.0,0.0,0.0,0.0,126.35
3,12,4,0,,,,0.0,0.0,0.0,0.0,193.94
3,13,4,0,,,,4.0690105e-09,0.0,0.0,0.0,405.62
3,14,4,0,,,,0.00036667887,0.0,0.0,0.0,819.78
3,15,4,0,,,,0.0030500304,0.0,0.0,0.0,713.77
3,16,4,0,,,,0.04096673,0.0,0.0,0.0,564.81
3,17,4,0,,,,0.06941667,0.0,0.0,0.0,358.74
3,18,4,0,,,,0.014866735,0.0,0.0,0.0,121.73
3,19,4,0,,,,0.0025500886,0.0,0.0,0.0,0.0
3,20,4,0,,,,0.0033334221,0.0,0.0,0.0,0.0
3,21,4,0,,,,0.0066000884,0.0,0.0,0.0,0.0
3,22,4,0,,,,0.053633396,0.0,0.0,0.0,0.0
3,23,4,0,,,,0.39225,0.0,0.0,0.0,0.0
3,24,4,0,,,,0.0815584,0.0,0.0,0.0,0.0
3,1,5,0,,,,0.001066758,0.0,0.0,0.0,0.0
3,2,5,0,,,,0.0017000946,0.0,0.0,0.0,0.0
3,3,5,0,,,,0.70465004,0.0,0.0,0.0,0.0
3,4,5,0,,,,0.8452833,0.0,0.0,0.0,0.0
3,5,5,0,,,,0.7712167,0.0,0.0,0.0,0.0
3,6,5,0,,,,0.4624334,0.0,0.0,0.0,0.0
3,7,5,0,,,,0.005700094,0.0,0.0,0.0,4.84
3,8,5,0,,,,0.4914001,0.0,0.0,0.0,186.04
3,9,5,0,,,,0.00055009767,0.0,0.0,0.0,419.02
3,10,5,0,,,,4.45048e-08,0.0,0.0,0.0,606.13
3,11,5,0,,,,0.0,0.0,0.0,0.0,736.8
3,12,5,0,,,,0.0016166667,0.0,0.0,0.0,829.28
3,13,5,0,,,,0.0039833332,0.0,0.0,0.0,837.0
3,14,5,0,,,,0.0011666702,0.0,0.0,0.0,801.03
3,15,5,0,,,,0.00020003383,0.0,0.0,0.0,704.46
3,16,5,0,,,,0.0003667806,0.0,0.0,0.0,554.58
3,17,5,0,,,,0.017300086,0.0,0.0,0.0,353.05
3,18,5,0,,,,0.19058338,0.0,0.0,0.0,124.87
3,19,5,0,,,,0.0022167598,0.0,0.0,0.0,0.0
3,20,5,0,,,,0.0005334353,0.0,0.0,0.0,0.0
3,21,5,0,,,,0.064933404,0.0,0.0,0.0,0.0
3,22,5,0,,,,0.43785834,0.0,0.0,0.0,0.0
3,23,5,0,,,,0.38361672,0.0,0.0,0.0,0.0
3,24,5,0,,,,0.34995008,0.0,0.0,0.0,0.0
4,1,6,0,,,,0.35765007,0.0,0.0,0.0,0.0
4,2,6,0,,,,0.6768334,0.0,0.0,0.0,0.0
4,3,6,0,,,,0.3169834,0.0,0.0,0.0,0.0
4,4,6,0,,,,0.0005500968,0.0,0.0,0.0,0.0
4,5,6,0,,,,0.43260008,0.0,0.0,0.0,0.0
4,6,6,0,,,,0.46136674,0.0,0.0,0.0,0.0
4,7,6,0,,,,0.79736674,0.0,0.0,0.0,4.17
4,8,6,0,,,,0.5016334,0.0,0.0,0.0,192.5
4,9,6,0,,,,0.12886672,0.0,0.0,0.0,439.91
4,10,6,0,,,,0.8850167,0.0,0.0,0.0,644.16
4,11,6,0,,,,0.36328334,0.0,0.0,0.0,777.71
4,12,6,0,,,,0.15755,0.0,0.0,0.0,871.08
4,13,6,0,,,,0.0,0.0,0.0,0.0,887.55
4,14,6,0,,,,1.2207031e-08,0.0,0.0,0.0,842.91
4,15,6,0,,,,3.3374534e-05,0.0,0.0,0.0,741.98
4,16,6,0,,,,1.2207032e-07,0.0,0.0,0.0,584.36
4,17,6,0,,,,0.0046167807,0.0,0.0,0.0,367.41
4,18,6,0,,,,0.003483427,0.0,0.0,0.0,131.0
4,19,6,0,,,,1.0296504e-07,0.0,0.0,0.0,0.0
4,20,6,0,,,,1.0290146e-07,0.0,0.0,0.0,0.0
4,21,6,0,,,,0.003433433,0.0,0.0,0.0,0.0
4,22,6,0,,,,0.12005008,0.0,0.0,0.0,0.0
4,23,6,0,,,,0.3676167,0.0,0.0,0.0,0.0
4,24,6,0,,,,1.03298824e-07,0.0,0.0,0.0,0.0
4,1,7,0,,,,0.002183426,0.0,0.0,0.0,0.0
4,2,7,0,,,,0.0022667628,0.0,0.0,0.0,0.0
4,3,7,0,,,,0.0010167602,0.0,0.0,0.0,0.0
4,4,7,0,,,,1.03521344e-07,0.0,0.0,0.0,0.0
4,5,7,0,,,,1.033783e-07,0.0,0.0,0.0,0.0
4,6,7,0,,,,0.32211676,0.0,0.0,0.0,0.0
4,7,7,0,,,,0.32608342,0.0,0.0,0.0,9.88
4,8,7,0,,,,0.02250008,0.0,0.0,0.0,210.27
4,9,7,0,,,,0.36035,0.0,0.0,0.0,455.12
4,10,7,0,,,,0.32846665,0.0,0.0,0.0,638.11
4,11,7,0,,,,0.038433332,0.0,0.0,0.0,781.31
4,12,7,0,,,,0.18365,0.0,0.0,0.0,873.04
4,13,7,0,,,,0.89751667,0.0,0.0,0.0,884.74
4,14,7,0,,,,1.0200167,0.0,0.0,0.0,839.46
4,15,7,0,,,,0.72868335,0.0,0.0,0.0,742.39
4,16,7,0,,,,0.7510834,0.0,0.0,0.0,585.03
4,17,7,0,,,,0.88416666,0.0,0.0,0.0,365.68
4,18,7,0,,,,0.9805667,0.0,0.0,0.0,131.5
4,19,7,0,,,,0.80485,0.0,0.0,0.0,0.0
4,20,7,0,,,,0.3502167,0.0,0.0,0.0,0.0
4,21,7,0,,,,1.0839167,0.0,0.0,0.0,0.0
4,22,7,0,,,,0.7148833,0.0,0.0,0.0,0.0
4,23,7,0,,,,0.0748334,0.0,0.0,0.0,0.0
4,24,7,0,,,,0.0009334268,0.0,0.0,0.0,0.0
4,1,1,0,,,,0.0004500968,0.0,0.0,0.0,0.0
4,2,1,0,,,,0.0005834285,0.0,0.0,0.0,0.0
4,3,1,0,,,,0.23416668,0.0,0.0,0.0,0.0
4,4,1,0,,,,0.2777,0.0,0.0,0.0,0.0
4,5,1,0,,,,0.29165,0.0,0.0,0.0,0.0
4,6,1,0,,,,0.24800003,0.0,0.0,0.0,0.0
4,7,1,0,,,,0.00083343487,0.0,0.0,0.0,12.78
4,8,1,0,,,,1.0274251e-07,0.0,0.0,0.0,208.07
4,9,1,0,,,,9.7529096e-08,0.0,0.0,0.0,442.48
4,10,1,0,,,,2.0217895e-08,0.0,0.0,0.0,620.42
4,11,1,0,,,,0.0,0.0,0.0,0.0,742.71
4,12,1,0,,,,0.0,0.0,0.0,0.0,833.51
4,13,1,0,,,,0.0016166738,0.0,0.0,0.0,849.39
4,14,1,0,,,,5.5948894e-09,0.0,0.0,0.0,808.8
4,15,1,0,,,,5.1879884e-08,0.0,0.0,0.0,712.4
4,16,1,0,,,,1.200358e-07,0.0,0.0,0.0,561.64
4,17,1,0,,,,0.11816675,0.0,0.0,0.0,359.42
4,18,1,0,,,,0.66893333,0.0,0.0,0.0,131.8
4,19,1,0,,,,0.74275,0.0,0.0,0.0,0.0
4,20,1,0,,,,0.16775006,0.0,0.0,0.0,0.0
4,21,1,0,,,,1.03886926e-07,0.0,0.0,0.0,0.0
4,22,1,0,,,,0.004466766,0.0,0.0,0.0,0.0
4,23,1,0,,,,0.00036676636,0.0,0.0,0.0,0.0
4,24,1,0,,,,1.0325114e-07,0.0,0.0,0.0,0.0
4,1,2,0,,,,1.004537e-07,0.0,0.0,0.0,0.0
4,2,2,0,,,,0.00025010185,0.0,0.0,0.0,0.0
4,3,2,0,,,,0.31771675,0.0,0.0,0.0,0.0
4,4,2,0,,,,0.33543342,0.0,0.0,0.0,0.0
4,5,2,0,,,,0.34916675,0.0,0.0,0.0,0.0
4,6,2,0,,,,0.40866673,0.0,0.0,0.0,0.0
4,7,2,0,,,,0.9957333,0.0,0.0,0.0,8.53
4,8,2,0,,,,0.7342,0.0,0.0,0.0,201.89
4,9,2,0,,,,0.6156833,0.0,0.0,0.0,431.43
4,10,2,0,,,,0.5956333,0.0,0.0,0.0,611.36
4,11,2,0,,,,0.79908335,0.0,0.0,0.0,736.57
4,12,2,0,,,,0.8254667,0.0,0.0,0.0,814.35
4,13,2,0,,,,0.83398336,0.0,0.0,0.0,833.98
4,14,2,0,,,,0.5876667,0.0,0.0,0.0,783.63
4,15,2,0,,,,0.15966672,0.0,0.0,0.0,683.48
4,16,2,0,,,,0.123083375,0.0,0.0,0.0,549.85
4,17,2,0,,,,0.15088339,0.0,0.0,0.0,353.11
4,18,2,0,,,,0.01830006,0.0,0.0,0.0,132.04
4,19,2,0,,,,0.018066714,0.0,0.0,0.0,0.53
4,20,2,0,,,,0.16139169,0.0,0.0,0.0,0.0
4,21,2,0,,,,1.6563834,0.0,0.0,0.0,0.0
4,22,2,0,,,,0.90795,0.0,0.0,0.0,0.0
4,23,2,0,,,,0.016066728,0.0,0.0,0.0,0.0
4,24,2,0,,,,0.0003667647,0.0,0.0,0.0,0.0
4,1,3,0,,,,1.001358e-07,0.0,0.0,0.0,0.0
4,2,3,0,,,,1.001358e-07,0.0,0.0,0.0,0.0
4,3,3,0,,,,0.19083336,0.0,0.0,0.0,0.0
4,4,3,0,,,,0.2422,0.0,0.0,0.0,0.0
4,5,3,0,,,,0.28496668,0.0,0.0,0.0,0.0
4,6,3,0,,,,0.1500834,0.0,0.0,0.0,0.0
4,7,3,0,,,,0.004450097,0.0,0.0,0.0,9.23
4,8,3,0,,,,0.0002834302,0.0,0.0,0.0,185.17
4,9,3,0,,,,0.00020009092,0.0,0.0,0.0,407.68
4,10,3,0,,,,5.3405763e-08,0.0,0.0,0.0,597.59
4,11,3,0,,,,0.0,0.0,0.0,0.0,728.64
4,12,3,0,,,,0.0,0.0,0.0,0.0,808.27
4,13,3,0,,,,0.00026666667,0.0,0.0,0.0,717.05
4,14,3,0,,,,7.3750814e-09,0.0,0.0,0.0,766.43
4,15,3,0,,,,0.023616713,0.0,0.0,0.0,706.02
4,16,3,0,,,,0.02188338,0.0,0.0,0.0,561.26
4,17,3,0,,,,0.031366706,0.0,0.0,0.0,357.43
4,18,3,0,,,,0.16506667,0.0,0.0,0.0,133.53
4,19,3,0,,,,0.65745,0.0,0.0,0.0,2.15
4,20,3,0,,,,0.53506666,0.0,0.0,0.0,0.0
4,21,3,0,,,,0.084750034,0.0,0.0,0.0,0.0
4,22,3,0,,,,0.011450067,0.0,0.0,0.0,0.0
4,23,3,0,,,,0.0048167487,0.0,0.0,0.0,0.0
4,24,3,0,,,,0.00635006,0.0,0.0,0.0,0.0
4,1,4,0,,,,0.0019500854,0.0,0.0,0.0,0.0
4,2,4,0,,,,0.0015000921,0.0,0.0,0.0,0.0
4,3,4,0,,,,0.20753337,0.0,0.0,0.0,0.0
4,4,4,0,,,,0.30601665,0.0,0.0,0.0,0.0
4,5,4,0,,,,0.32275,0.0,0.0,0.0,0.0
4,6,4,0,,,,0.0070500867,0.0,0.0,0.0,0.0
4,7,4,0,,,,0.00498343,0.0,0.0,0.0,5.48
4,8,4,0,,,,9.7529096e-08,0.0,0.0,0.0,128.26
4,9,4,0,,,,0.0041167615,0.0,0.0,0.0,372.29
4,10,4,0,,,,0.0002834119,0.0,0.0,0.0,565.2
4,11,4,0,,,,0.33448336,0.0,0.0,0.0,660.23
4,12,4,0,,,,0.9864,0.0,0.0,0.0,776.06
4,13,4,0,,,,0.5771667,0.0,0.0,0.0,816.52
4,14,4,0,,,,0.98535,0.0,0.0,0.0,793.55
4,15,4,0,,,,0.019216722,0.0,0.0,0.0,703.8
4,16,4,0,,,,0.07206673,0.0,0.0,0.0,546.53
4,17,4,0,,,,0.20460004,0.0,0.0,0.0,353.33
4,18,4,0,,,,0.18145002,0.0,0.0,0.0,130.41
4,19,4,0,,,,0.08798338,0.0,0.0,0.0,2.14
4,20,4,0,,,,1.65645,0.0,0.0,0.0,0.0
4,21,4,0,,,,1.6085833,0.0,0.0,0.0,0.0
4,22,4,0,,,,0.34741667,0.0,0.0,0.0,0.0
4,23,4,0,,,,0.42421666,0.0,0.0,0.0,0.0
4,24,4,0,,,,0.036558386,0.0,0.0,0.0,0.0
4,1,5,0,,,,0.0034667552,0.0,0.0,0.0,0.0
4,2,5,0,,,,0.0018500885,0.0,0.0,0.0,0.0
4,3,5,0,,,,0.22873335,0.0,0.0,0.0,0.0
4,4,5,0,,,,0.36596668,0.0,0.0,0.0,0.0
4,5,5,0,,,,0.3982,0.0,0.0,0.0,0.0
4,6,5,0,,,,0.22571671,0.0,0.0,0.0,0.0
4,7,5,0,,,,0.2747167,0.0,0.0,0.0,3.68
4,8,5,0,,,,0.7837667,0.0,0.0,0.0,93.65
4,9,5,0,,,,0.0071167573,0.0,0.0,0.0,399.87
4,10,5,0,,,,0.00021675491,0.0,0.0,0.0,573.92
4,11,5,0,,,,3.077189e-08,0.0,0.0,0.0,658.89
4,12,5,0,,,,0.0,0.0,0.0,0.0,780.13
4,13,5,0,,,,0.00048334146,0.0,0.0,0.0,806.74
4,14,5,0,,,,0.0034333435,0.0,0.0,0.0,764.31
4,15,5,0,,,,0.0033500134,0.0,0.0,0.0,681.19
4,16,5,0,,,,1.2207032e-07,0.0,0.0,0.0,503.3
4,17,5,0,,,,1.159668e-07,0.0,0.0,0.0,325.73
4,18,5,0,,,,0.063716754,0.0,0.0,0.0,111.78
4,19,5,0,,,,0.6235833,0.0,0.0,0.0,0.86
4,20,5,0,,,,0.40175,0.0,0.0,0.0,0.0
4,21,5,0,,,,0.1581,0.0,0.0,0.0,0.0
4,22,5,0,,,,0.09980004,0.0,0.0,0.0,0.0
4,23,5,0,,,,0.53926665,0.0,0.0,0.0,0.0
4,24,5,0,,,,0.619925,0.0,0.0,0.0,0.0
4,1,6,0,,,,0.0065167253,0.0,0.0,0.0,0.0
4,2,6,0,,,,0.006700055,0.0,0.0,0.0,0.0
4,3,6,0,,,,0.01111673,0.0,0.0,0.0,0.0
4,4,6,0,,,,0.010350065,0.0,0.0,0.0,0.0
4,5,6,0,,,,0.011133399,0.0,0.0,0.0,0.0
4,6,6,0,,,,0.017066726,0.0,0.0,0.0,0.0
4,7,6,0,,,,0.34985,0.0,0.0,0.0,2.07
4,8,6,0,,,,0.3834,0.0,0.0,0.0,155.34
4,9,6,0,,,,0.05856672,0.0,0.0,0.0,193.34
4,10,6,0,,,,0.026100058,0.0,0.0,0.0,467.36
4,11,6,0,,,,0.04165002,0.0,0.0,0.0,420.91
4,12,6,0,,,,0.011300055,0.0,0.0,0.0,509.99
4,13,6,0,,,,0.0002333889,0.0,0.0,0.0,786.64
4,14,6,0,,,,0.00016673928,0.0,0.0,0.0,753.12
4,15,6,0,,,,0.025250051,0.0,0.0,0.0,664.97
4,16,6,0,,,,0.28233334,0.0,0.0,0.0,468.13
4,17,6,0,,,,0.3414,0.0,0.0,0.0,325.37
4,18,6,0,,,,0.21940003,0.0,0.0,0.0,98.54
4,19,6,0,,,,1.0390281e-07,0.0,0.0,0.0,1.23
4,20,6,0,,,,0.008483433,0.0,0.0,0.0,0.0
4,21,6,0,,,,1.03489555e-07,0.0,0.0,0.0,0.0
4,22,6,0,,,,0.0022167673,0.0,0.0,0.0,0.0
4,23,6,0,,,,0.49813336,0.0,0.0,0.0,0.0
4,24,6,0,,,,0.758325,0.0,0.0,0.0,0.0
4,1,7,0,,,,0.7934667,0.0,0.0,0.0,0.0
4,2,7,0,,,,0.16905008,0.0,0.0,0.0,0.0
4,3,7,0,,,,1.001358e-07,0.0,0.0,0.0,0.0
4,4,7,0,,,,0.00031676513,0.0,0.0,0.0,0.0
4,5,7,0,,,,0.00010009847,0.0,0.0,0.0,0.0
4,6,7,0,,,,1.007398e-07,0.0,0.0,0.0,0.0
4,7,7,0,,,,0.20393339,0.0,0.0,0.0,0.33
4,8,7,0,,,,0.005916765,0.0,0.0,0.0,18.62
4,9,7,0,,,,0.18940003,0.0,0.0,0.0,19.89
4,10,7,0,,,,0.85496664,0.0,0.0,0.0,43.55
4,11,7,0,,,,0.31863335,0.0,0.0,0.0,474.4
4,12,7,0,,,,1.39485,0.0,0.0,0.0,633.15
4,13,7,0,,,,0.63425004,0.0,0.0,0.0,650.88
4,14,7,0,,,,0.0021666891,0.0,0.0,0.0,662.06
4,15,7,0,,,,0.0006166972,0.0,0.0,0.0,447.49
4,16,7,0,,,,1.2054443e-07,0.0,0.0,0.0,252.81
4,17,7,0,,,,1.10880535e-07,0.0,0.0,0.0,192.48
4,18,7,0,,,,0.00995008,0.0,0.0,0.0,73.73
4,19,7,0,,,,0.0007500949,0.0,0.0,0.0,2.98
4,20,7,0,,,,0.0016334291,0.0,0.0,0.0,0.0
4,21,7,0,,,,0.26266676,0.0,0.0,0.0,0.0
4,22,7,0,,,,0.5691167,0.0,0.0,0.0,0.0
4,23,7,0,,,,0.5717167,0.0,0.0,0.0,0.0
4,24,7,0,,,,0.76205,0.0,0.0,0.0,0.0
4,1,1,0,,,,0.013116766,0.0,0.0,0.0,0.0
4,2,1,0,,,,1.0299683e-07,0.0,0.0,0.0,0.0
4,3,1,0,,,,1.030604e-07,0.0,0.0,0.0,0.0
4,4,1,0,,,,1.001358e-07,0.0,0.0,0.0,0.0
4,5,1,0,,,,1.001358e-07,0.0,0.0,0.0,0.0
4,6,1,0,,,,1.01343794e-07,0.0,0.0,0.0,0.0
4,7,1,0,,,,0.00055010157,0.0,0.0,0.0,33.15
4,8,1,0,,,,9.765625e-08,0.0,0.0,0.0,181.91
4,9,1,0,,,,1.2072667,0.0,0.0,0.0,390.44
4,10,1,0,,,,0.20659167,0.0,0.0,0.0,460.93
4,11,1,0,,,,0.28821668,0.0,0.0,0.0,663.09
4,12,1,0,,,,0.49888334,0.0,0.0,0.0,783.29
4,13,1,0,,,,0.009566668,0.0,0.0,0.0,798.92
4,14,1,0,,,,0.00040000406,0.0,0.0,0.0,781.16
4,15,1,0,,,,0.19573334,0.0,0.0,0.0,696.97
4,16,1,0,,,,0.021950083,0.0,0.0,0.0,526.16
4,17,1,0,,,,0.013716749,0.0,0.0,0.0,240.85
4,18,1,0,,,,0.0421667,0.0,0.0,0.0,127.96
4,19,1,0,,,,0.14038336,0.0,0.0,0.0,0.0
4,20,1,0,,,,0.10125002,0.0,0.0,0.0,0.0
4,21,1,0,,,,0.12518336,0.0,0.0,0.0,0.0
4,22,1,0,,,,1.0612167,0.0,0.0,0.0,0.0
4,23,1,0,,,,0.31888336,0.0,0.0,0.0,0.0
4,24,1,0,,,,0.039633397,0.0,0.0,0.0,0.0
4,1,2,0,,,,0.07690004,0.0,0.0,0.0,0.0
4,2,2,0,,,,0.066816725,0.0,0.0,0.0,0.0
4,3,2,0,,,,0.96540004,0.0,0.0,0.0,0.0
4,4,2,0,,,,1.7123834,0.0,0.0,0.0,0.0
4,5,2,0,,,,0.48638332,0.0,0.0,0.0,0.0
4,6,2,0,,,,0.071000054,0.0,0.0,0.0,0.0
4,7,2,0,,,,0.01383341,0.0,0.0,0.0,18.32
4,8,2,0,,,,0.0071000815,0.0,0.0,0.0,90.98
4,9,2,0,,,,0.003933418,0.0,0.0,0.0,96.6
4,10,2,0,,,,0.0029500371,0.0,0.0,0.0,42.03
4,11,2,0,,,,0.0047666687,0.0,0.0,0.0,148.54
4,12,2,0,,,,0.010816666,0.0,0.0,0.0,229.71
4,13,2,0,,,,0.018650008,0.0,0.0,0.0,223.07
4,14,2,0,,,,0.027533367,0.0,0.0,0.0,127.66
4,15,2,0,,,,0.06215001,0.0,0.0,0.0,162.63
4,16,2,0,,,,0.069533385,0.0,0.0,0.0,91.57
4,17,2,0,,,,0.0813667,0.0,0.0,0.0,61.18
4,18,2,0,,,,0.42995003,0.0,0.0,0.0,37.7
4,19,2,0,,,,0.42413333,0.0,0.0,0.0,0.0
4,20,2,0,,,,0.11685004,0.0,0.0,0.0,0.0
4,21,2,0,,,,1.1457,0.0,0.0,0.0,0.0
4,22,2,0,,,,0.23601668,0.0,0.0,0.0,0.0
4,23,2,0,,,,0.111300014,0.0,0.0,0.0,0.0
4,24,2,0,,,,0.05785006,0.0,0.0,0.0,0.0
4,1,3,0,,,,0.060816724,0.0,0.0,0.0,0.0
4,2,3,0,,,,0.08661672,0.0,0.0,0.0,0.0
4,3,3,0,,,,0.33478335,0.0,0.0,0.0,0.0
4,4,3,0,,,,0.42328334,0.0,0.0,0.0,0.0
4,5,3,0,,,,0.46305,0.0,0.0,0.0,0.0
4,6,3,0,,,,0.44128335,0.0,0.0,0.0,0.0
4,7,3,0,,,,0.06411671,0.0,0.0,0.0,1.15
4,8,3,0,,,,0.04520006,0.0,0.0,0.0,8.83
4,9,3,0,,,,0.022433398,0.0,0.0,0.0,34.27
4,10,3,0,,,,0.039033353,0.0,0.0,0.0,71.07
4,11,3,0,,,,0.015116666,0.0,0.0,0.0,86.24
4,12,3,0,,,,0.02795,0.0,0.0,0.0,103.99
4,13,3,0,,,,0.053033333,0.0,0.0,0.0,59.61
4,14,3,0,,,,0.06921667,0.0,0.0,0.0,66.77
4,15,3,0,,,,0.1179,0.0,0.0,0.0,0.0
4,16,3,0,,,,0.18435003,0.0,0.0,0.0,51.91
4,17,3,0,,,,0.16303337,0.0,0.0,0.0,28.27
4,18,3,0,,,,0.18583333,0.0,0.0,0.0,32.84
4,19,3,0,,,,0.22015002,0.0,0.0,0.0,0.0
4,20,3,0,,,,0.08878335,0.0,0.0,0.0,0.0
4,21,3,0,,,,0.11530002,0.0,0.0,0.0,0.0
4,22,3,0,,,,0.9755,0.0,0.0,0.0,0.0
4,23,3,0,,,,0.29078335,0.0,0.0,0.0,0.0
4,24,3,0,,,,0.24685001,0.0,0.0,0.0,0.0
4,1,4,0,,,,0.09851669,0.0,0.0,0.0,0.0
4,2,4,0,,,,0.062033374,0.0,0.0,0.0,0.0
4,3,4,0,,,,0.081916705,0.0,0.0,0.0,0.0
4,4,4,0,,,,0.08108337,0.0,0.0,0.0,0.0
4,5,4,0,,,,0.08651671,0.0,0.0,0.0,0.0
4,6,4,0,,,,0.09605004,0.0,0.0,0.0,0.0
4,7,4,0,,,,0.083433375,0.0,0.0,0.0,1.18
4,8,4,0,,,,0.065766715,0.0,0.0,0.0,9.61
4,9,4,0,,,,0.87815005,0.0,0.0,0.0,61.59
4,10,4,0,,,,3.6487668,0.0,0.0,0.0,107.37
4,11,4,0,,,,0.6504,0.0,0.0,0.0,145.92
4,12,4,0,,,,0.38218334,0.0,0.0,0.0,171.67
4,13,4,0,,,,0.082300045,0.0,0.0,0.0,188.67
4,14,4,0,,,,0.060283378,0.0,0.0,0.0,213.04
4,15,4,0,,,,0.06715004,0.0,0.0,0.0,233.13
4,16,4,0,,,,0.06358338,0.0,0.0,0.0,136.3
4,17,4,0,,,,0.0760167,0.0,0.0,0.0,109.91
4,18,4,0,,,,0.06605005,0.0,0.0,0.0,130.15
4,19,4,0,,,,0.2556667,0.0,0.0,0.0,8.52
4,20,4,0,,,,0.44086668,0.0,0.0,0.0,0.0
4,21,4,0,,,,0.09245005,0.0,0.0,0.0,0.0
4,22,4,0,,,,0.04405007,0.0,0.0,0.0,0.0
4,23,4,0,,,,0.038250074,0.0,0.0,0.0,0.0
4,24,4,0,,,,0.23243338,0.0,0.0,0.0,0.0
4,1,5,0,,,,0.41640002,0.0,0.0,0.0,0.0
4,2,5,0,,,,0.029183405,0.0,0.0,0.0,0.0
4,3,5,0,,,,0.03605007,0.0,0.0,0.0,0.0
4,4,5,0,,,,0.03475007,0.0,0.0,0.0,0.0
4,5,5,0,,,,0.037566733,0.0,0.0,0.0,0.0
4,6,5,0,,,,0.033300065,0.0,0.0,0.0,0.0
4,7,5,0,,,,0.03675006,0.0,0.0,0.0,32.72
4,8,5,0,,,,0.03528339,0.0,0.0,0.0,59.43
4,9,5,0,,,,0.039766725,0.0,0.0,0.0,268.85
4,10,5,0,,,,0.16859168,0.0,0.0,0.0,649.96
4,11,5,0,,,,0.25048333,0.0,0.0,0.0,739.26
4,12,5,0,,,,0.4783,0.0,0.0,0.0,764.3
4,13,5,0,,,,0.02215,0.0,0.0,0.0,629.51
4,14,5,0,,,,0.01526667,0.0,0.0,0.0,337.06
4,15,5,0,,,,0.9051167,0.0,0.0,0.0,144.4
4,16,5,0,,,,1.4840584,0.0,0.0,0.0,89.5
4,17,5,0,,,,0.93833333,0.0,0.0,0.0,68.51
4,18,5,0,,,,1.19585,0.0,0.0,0.0,103.23
4,19,5,0,,,,0.7387667,0.0,0.0,0.0,9.76
4,20,5,0,,,,0.78183335,0.0,0.0,0.0,0.0
4,21,5,0,,,,1.1365334,0.0,0.0,0.0,0.0
4,22,5,0,,,,1.8488834,0.0,0.0,0.0,0.0
4,23,5,0,,,,0.19023333,0.0,0.0,0.0,0.0
4,24,5,0,,,,0.12879169,0.0,0.0,0.0,0.0
4,1,6,0,,,,0.061616715,0.0,0.0,0.0,0.0
4,2,6,0,,,,0.051766723,0.0,0.0,0.0,0.0
4,3,6,0,,,,0.27525005,0.0,0.0,0.0,0.0
4,4,6,0,,,,0.055716716,0.0,0.0,0.0,0.0
4,5,6,0,,,,0.012500082,0.0,0.0,0.0,0.0
4,6,6,0,,,,0.01555007,0.0,0.0,0.0,0.0
4,7,6,0,,,,0.031750057,0.0,0.0,0.0,46.06
4,8,6,0,,,,1.4997166,0.0,0.0,0.0,24.62
4,9,6,0,,,,4.5746,0.0,0.0,0.0,89.43
4,10,6,0,,,,0.76198334,0.0,0.0,0.0,211.65
4,11,6,0,,,,1.0424666,0.0,0.0,0.0,187.7
4,12,6,0,,,,0.36893332,0.0,0.0,0.0,152.87
4,13,6,0,,,,0.5502333,0.0,0.0,0.0,177.38
4,14,6,0,,,,0.8709,0.0,0.0,0.0,441.59
4,15,6,0,,,,0.56638336,0.0,0.0,0.0,174.55
4,16,6,0,,,,0.0034334452,0.0,0.0,0.0,105.58
4,17,6,0,,,,0.007116766,0.0,0.0,0.0,37.32
4,18,6,0,,,,0.35378337,0.0,0.0,0.0,7.6
4,19,6,0,,,,1.0297,0.0,0.0,0.0,0.2
4,20,6,0,,,,0.6525167,0.0,0.0,0.0,0.0
4,21,6,0,,,,0.039066736,0.0,0.0,0.0,0.0
4,22,6,0,,,,0.029066736,0.0,0.0,0.0,0.0
4,23,6,0,,,,0.0337834,0.0,0.0,0.0,0.0
4,24,6,0,,,,0.04346673,0.0,0.0,0.0,0.0
4,1,7,0,,,,0.03518339,0.0,0.0,0.0,0.0
4,2,7,0,,,,0.041516718,0.0,0.0,0.0,0.0
4,3,7,0,,,,0.06648338,0.0,0.0,0.0,0.0
4,4,7,0,,,,0.4001,0.0,0.0,0.0,0.0
4,5,7,0,,,,0.14101669,0.0,0.0,0.0,0.0
4,6,7,0,,,,0.035833392,0.0,0.0,0.0,0.0
4,7,7,0,,,,0.034900058,0.0,0.0,0.0,2.07
4,8,7,0,,,,0.04358339,0.0,0.0,0.0,10.11
4,9,7,0,,,,0.37413335,0.0,0.0,0.0,45.8
4,10,7,0,,,,0.41811666,0.0,0.0,0.0,64.54
4,11,7,0,,,,0.539,0.0,0.0,0.0,94.24
4,12,7,0,,,,0.28136668,0.0,0.0,0.0,179.34
4,13,7,0,,,,0.28586668,0.0,0.0,0.0,108.64
4,14,7,0,,,,0.6233,0.0,0.0,0.0,89.82
4,15,7,0,,,,3.4602168,0.0,0.0,0.0,76.03
4,16,7,0,,,,2.7045,0.0,0.0,0.0,55.42
4,17,7,0,,,,0.3163,0.0,0.0,0.0,42.28
4,18,7,0,,,,1.5405834,0.0,0.0,0.0,13.91
4,19,7,0,,,,0.45756668,0.0,0.0,0.0,1.74
4,20,7,0,,,,0.6179,0.0,0.0,0.0,0.0
4,21,7,0,,,,1.4494166,0.0,0.0,0.0,0.0
4,22,7,0,,,,0.25528333,0.0,0.0,0.0,0.0
4,23,7,0,,,,0.12183333,0.0,0.0,0.0,0.0
4,24,7,0,,,,0.08405003,0.0,0.0,0.0,0.0
4,1,1,0,,,,0.045400023,0.0,0.0,0.0,0.0
4,2,1,0,,,,0.07390002,0.0,0.0,0.0,0.0
4,3,1,0,,,,0.51053333,0.0,0.0,0.0,0.0
4,4,1,0,,,,0.56081665,0.0,0.0,0.0,0.0
4,5,1,0,,,,0.48015,0.0,0.0,0.0,0.0
4,6,1,0,,,,0.090200044,0.0,0.0,0.0,0.0
4,7,1,0,,,,0.04780006,0.0,0.0,0.0,5.85
4,8,1,0,,,,0.025700066,0.0,0.0,0.0,32.94
4,9,1,0,,,,0.022183409,0.0,0.0,0.0,122.89
4,10,1,0,,,,0.014300058,0.0,0.0,0.0,191.13
4,11,1,0,,,,0.0048333392,0.0,0.0,0.0,203.63
4,12,1,0,,,,0.008400014,0.0,0.0,0.0,187.22
4,13,1,0,,,,0.07308333,0.0,0.0,0.0,413.23
4,14,1,0,,,,0.051983345,0.0,0.0,0.0,624.65
4,15,1,0,,,,0.06331669,0.0,0.0,0.0,448.56
4,16,1,0,,,,1.2393,0.0,0.0,0.0,218.17
4,17,1,0,,,,1.0946833,0.0,0.0,0.0,305.46
4,18,1,0,,,,1.2343,0.0,0.0,0.0,130.64
4,19,1,0,,,,1.0006833,0.0,0.0,0.0,13.71
4,20,1,0,,,,1.0222167,0.0,0.0,0.0,0.0
4,21,1,0,,,,0.56225,0.0,0.0,0.0,0.0
4,22,1,0,,,,0.06645002,0.0,0.0,0.0,0.0
4,23,1,0,,,,0.14630002,0.0,0.0,0.0,0.0
4,24,1,0,,,,0.26329166,0.0,0.0,0.0,0.0
4,1,2,0,,,,0.0743667,0.0,0.0,0.0,0.0
4,2,2,0,,,,0.08688336,0.0,0.0,0.0,0.0
4,3,2,0,,,,0.46096668,0.0,0.0,0.0,0.0
4,4,2,0,,,,0.48236668,0.0,0.0,0.0,0.0
4,5,2,0,,,,0.5333833,0.0,0.0,0.0,0.0
4,6,2,0,,,,0.36881667,0.0,0.0,0.0,0.0
4,7,2,0,,,,0.12410002,0.0,0.0,0.0,54.14
4,8,2,0,,,,0.5176167,0.0,0.0,0.0,258.69
4,9,2,0,,,,0.22773333,0.0,0.0,0.0,469.81
4,10,2,0,,,,0.067716725,0.0,0.0,0.0,612.65
4,11,2,0,,,,0.089033365,0.0,0.0,0.0,696.62
4,12,2,0,,,,0.30630004,0.0,0.0,0.0,792.14
4,13,2,0,,,,0.07173337,0.0,0.0,0.0,705.66
4,14,2,0,,,,0.4064667,0.0,0.0,0.0,710.65
4,15,2,0,,,,0.47723335,0.0,0.0,0.0,513.5
4,16,2,0,,,,0.30308336,0.0,0.0,0.0,541.57
4,17,2,0,,,,0.17671669,0.0,0.0,0.0,314.15
4,18,2,0,,,,0.08375003,0.0,0.0,0.0,90.23
4,19,2,0,,,,0.21688333,0.0,0.0,0.0,16.86
4,20,2,0,,,,0.19033335,0.0,0.0,0.0,0.0
4,21,2,0,,,,0.28323334,0.0,0.0,0.0,0.0
4,22,2,0,,,,0.72178334,0.0,0.0,0.0,0.0
4,23,2,0,,,,0.35433334,0.0,0.0,0.0,0.0
4,24,2,0,,,,0.211,0.0,0.0,0.0,0.0
4,1,3,0,,,,0.16561669,0.0,0.0,0.0,0.0
4,2,3,0,,,,0.13205,0.0,0.0,0.0,0.0
4,3,3,0,,,,0.39828336,0.0,0.0,0.0,0.0
4,4,3,0,,,,0.53713334,0.0,0.0,0.0,0.0
4,5,3,0,,,,0.6490167,0.0,0.0,0.0,0.0
4,6,3,0,,,,0.27061668,0.0,0.0,0.0,0.0
4,7,3,0,,,,0.1619667,0.0,0.0,0.0,45.29
4,8,3,0,,,,0.11035002,0.0,0.0,0.0,210.53
4,9,3,0,,,,0.13365003,0.0,0.0,0.0,427.43
4,10,3,0,,,,0.10891667,0.0,0.0,0.0,619.94
4,11,3,0,,,,0.13833334,0.0,0.0,0.0,637.07
4,12,3,0,,,,0.1009,0.0,0.0,0.0,137.22
4,13,3,0,,,,0.09701667,0.0,0.0,0.0,54.39
4,14,3,0,,,,0.42288333,0.0,0.0,0.0,342.79
4,15,3,0,,,,0.4642,0.0,0.0,0.0,121.34
4,16,3,0,,,,0.2465667,0.0,0.0,0.0,49.77
4,17,3,0,,,,1.1717,0.0,0.0,0.0,238.44
4,18,3,0,,,,3.70335,0.0,0.0,0.0,124.69
4,19,3,0,,,,1.4919667,0.0,0.0,0.0,17.71
4,20,3,0,,,,1.0826833,0.0,0.0,0.0,0.0
4,21,3,0,,,,1.1051667,0.0,0.0,0.0,0.0
4,22,3,0,,,,1.23445,0.0,0.0,0.0,0.0
4,23,3,0,,,,0.15088335,0.0,0.0,0.0,0.0
4,24,3,0,,,,0.13123338,0.0,0.0,0.0,0.0
4,1,4,0,,,,0.083183356,0.0,0.0,0.0,0.0
4,2,4,0,,,,0.33185002,0.0,0.0,0.0,0.0
4,3,4,0,,,,0.45261666,0.0,0.0,0.0,0.0
4,4,4,0,,,,0.54553336,0.0,0.0,0.0,0.0
4,5,4,0,,,,0.48616666,0.0,0.0,0.0,0.0
4,6,4,0,,,,0.06021671,0.0,0.0,0.0,0.0
4,7,4,0,,,,0.14138335,0.0,0.0,0.0,55.57
4,8,4,0,,,,0.09725006,0.0,0.0,0.0,243.04
4,9,4,0,,,,0.06646672,0.0,0.0,0.0,457.12
4,10,4,0,,,,0.0711167,0.0,0.0,0.0,627.13
4,11,4,0,,,,0.078266665,0.0,0.0,0.0,714.44
4,12,4,0,,,,0.5291167,0.0,0.0,0.0,798.42
4,13,4,0,,,,0.36831668,0.0,0.0,0.0,634.57
4,14,4,0,,,,1.0168834,0.0,0.0,0.0,710.63
4,15,4,0,,,,0.658,0.0,0.0,0.0,609.81
4,16,4,0,,,,0.59568334,0.0,0.0,0.0,545.51
4,17,4,0,,,,0.50581664,0.0,0.0,0.0,357.88
4,18,4,0,,,,1.3627666,0.0,0.0,0.0,136.42
4,19,4,0,,,,0.27456668,0.0,0.0,0.0,16.85
4,20,4,0,,,,0.33723333,0.0,0.0,0.0,0.0
4,21,4,0,,,,0.12863337,0.0,0.0,0.0,0.0
4,22,4,0,,,,0.16088335,0.0,0.0,0.0,0.0
4,23,4,0,,,,0.15161669,0.0,0.0,0.0,0.0
4,24,4,0,,,,0.3362667,0.0,0.0,0.0,0.0
4,1,5,0,,,,0.19368333,0.0,0.0,0.0,0.0
4,2,5,0,,,,0.12736669,0.0,0.0,0.0,0.0
4,3,5,0,,,,0.45993334,0.0,0.0,0.0,0.0
4,4,5,0,,,,0.56865,0.0,0.0,0.0,0.0
4,5,5,0,,,,0.5614,0.0,0.0,0.0,0.0
4,6,5,0,,,,0.2205,0.0,0.0,0.0,0.0
4,7,5,0,,,,0.30513334,0.0,0.0,0.0,53.8
4,8,5,0,,,,0.31143335,0.0,0.0,0.0,222.57
4,9,5,0,,,,0.049700003,0.0,0.0,0.0,431.21
4,10,5,0,,,,0.06095,0.0,0.0,0.0,585.89
4,11,5,0,,,,0.1046,0.0,0.0,0.0,617.86
4,12,5,0,,,,0.189,0.0,0.0,0.0,702.76
4,13,5,0,,,,1.3646834,0.0,0.0,0.0,796.32
4,14,5,0,,,,1.08365,0.0,0.0,0.0,741.77
4,15,5,0,,,,1.6788334,0.0,0.0,0.0,585.19
4,16,5,0,,,,2.48825,0.0,0.0,0.0,533.3
4,17,5,0,,,,0.9454167,0.0,0.0,0.0,212.51
4,18,5,0,,,,0.85406667,0.0,0.0,0.0,145.5
4,19,5,0,,,,0.7799,0.0,0.0,0.0,16.2
4,20,5,0,,,,0.15615003,0.0,0.0,0.0,0.0
4,21,5,0,,,,0.40048334,0.0,0.0,0.0,0.0
4,22,5,0,,,,0.3933,0.0,0.0,0.0,0.0
4,23,5,0,,,,0.27843335,0.0,0.0,0.0,0.0
4,24,5,0,,,,2.5948334,0.0,0.0,0.0,0.0
4,1,6,0,,,,0.020000085,0.0,0.0,0.0,0.0
4,2,6,0,,,,0.010450084,0.0,0.0,0.0,0.0
4,3,6,0,,,,0.030050067,0.0,0.0,0.0,0.0
4,4,6,0,,,,0.048266724,0.0,0.0,0.0,0.0
4,5,6,0,,,,0.06583338,0.0,0.0,0.0,0.0
4,6,6,0,,,,0.073316716,0.0,0.0,0.0,0.0
4,7,6,0,,,,0.06758339,0.0,0.0,0.0,61.9
4,8,6,0,,,,0.16665004,0.0,0.0,0.0,265.71
4,9,6,0,,,,0.4049,0.0,0.0,0.0,473.47
4,10,6,0,,,,0.18280002,0.0,0.0,0.0,640.4
4,11,6,0,,,,0.07585,0.0,0.0,0.0,757.94
4,12,6,0,,,,0.14348334,0.0,0.0,0.0,551.44
4,13,6,0,,,,0.22321667,0.0,0.0,0.0,576.68
4,14,6,0,,,,2.3477833,0.0,0.0,0.0,398.5
4,15,6,0,,,,0.28495,0.0,0.0,0.0,618.83
4,16,6,0,,,,3.1555667,0.0,0.0,0.0,366.37
4,17,6,0,,,,1.0986667,0.0,0.0,0.0,280.53
4,18,6,0,,,,1.66635,0.0,0.0,0.0,122.53
4,19,6,0,,,,0.99065,0.0,0.0,0.0,16.11
4,20,6,0,,,,0.9903833,0.0,0.0,0.0,0.0
4,21,6,0,,,,0.50638336,0.0,0.0,0.0,0.0
4,22,6,0,,,,0.11275002,0.0,0.0,0.0,0.0
4,23,6,0,,,,0.09653335,0.0,0.0,0.0,0.0
4,24,6,0,,,,0.08510005,0.0,0.0,0.0,0.0
4,1,7,0,,,,0.06741672,0.0,0.0,0.0,0.0
4,2,7,0,,,,0.051233362,0.0,0.0,0.0,0.0
4,3,7,0,,,,0.03521669,0.0,0.0,0.0,0.0
4,4,7,0,,,,0.036400024,0.0,0.0,0.0,0.0
4,5,7,0,,,,0.05161669,0.0,0.0,0.0,0.0
4,6,7,0,,,,0.064816706,0.0,0.0,0.0,0.0
4,7,7,0,,,,0.07368339,0.0,0.0,0.0,55.58
4,8,7,0,,,,0.3717667,0.0,0.0,0.0,217.76
4,9,7,0,,,,4.1000333,0.0,0.0,0.0,394.77
4,10,7,0,,,,1.0543667,0.0,0.0,0.0,571.66
4,11,7,0,,,,1.2281166,0.0,0.0,0.0,689.41
4,12,7,0,,,,1.0648834,0.0,0.0,0.0,723.52
4,13,7,0,,,,2.7906666,0.0,0.0,0.0,775.8
4,14,7,0,,,,2.3462,0.0,0.0,0.0,617.37
4,15,7,0,,,,2.57891,0.0,0.0,0.0,394.0
4,16,7,0,,,,1.7236667,0.0,0.0,0.0,534.12
4,17,7,0,,,,1.3794167,0.0,0.0,0.0,365.19
4,18,7,0,,,,0.39056668,0.0,0.0,0.0,149.93
4,19,7,0,,,,0.47811666,0.0,0.0,0.0,20.35
4,20,7,0,,,,0.37033334,0.0,0.0,0.0,0.0
4,21,7,0,,,,1.4036334,0.0,0.0,0.0,0.0
4,22,7,0,,,,0.4010667,0.0,0.0,0.0,0.0
4,23,7,0,,,,0.19245002,0.0,0.0,0.0,0.0
4,24,7,0,,,,0.07648338,0.0,0.0,0.0,0.0
4,1,1,0,,,,0.08418338,0.0,0.0,0.0,0.0
4,2,1,0,,,,0.045616735,0.0,0.0,0.0,0.0
4,3,1,0,,,,0.30080003,0.0,0.0,0.0,0.0
4,4,1,0,,,,0.42111668,0.0,0.0,0.0,0.0
4,5,1,0,,,,0.41755003,0.0,0.0,0.0,0.0
4,6,1,0,,,,0.0852167,0.0,0.0,0.0,0.0
4,7,1,0,,,,0.078166716,0.0,0.0,0.0,62.34
4,8,1,0,,,,0.07396671,0.0,0.0,0.0,243.11
4,9,1,0,,,,0.059516728,0.0,0.0,0.0,438.35
4,10,1,0,,,,0.043216754,0.0,0.0,0.0,600.14
4,11,1,0,,,,0.031183429,0.0,0.0,0.0,720.51
4,12,1,0,,,,0.023266766,0.0,0.0,0.0,799.21
4,13,1,0,,,,0.026350092,0.0,0.0,0.0,818.9
4,14,1,0,,,,0.07816673,0.0,0.0,0.0,786.78
4,15,1,0,,,,0.21288334,0.0,0.0,0.0,709.55
4,16,1,0,,,,0.4044,0.0,0.0,0.0,565.65
4,17,1,0,,,,0.53793335,0.0,0.0,0.0,372.96
4,18,1,0,,,,0.063233376,0.0,0.0,0.0,152.64
4,19,1,0,,,,0.7323167,0.0,0.0,0.0,23.39
4,20,1,0,,,,0.9253,0.0,0.0,0.0,0.0
4,21,1,0,,,,1.29075,0.0,0.0,0.0,0.0
4,22,1,0,,,,0.13613336,0.0,0.0,0.0,0.0
4,23,1,0,,,,0.13498336,0.0,0.0,0.0,0.0
4,24,1,0,,,,0.094175026,0.0,0.0,0.0,0.0
4,1,2,0,,,,0.35031667,0.0,0.0,0.0,0.0
4,2,2,0,,,,0.12200002,0.0,0.0,0.0,0.0
4,3,2,0,,,,0.46666667,0.0,0.0,0.0,0.0
4,4,2,0,,,,0.50346667,0.0,0.0,0.0,0.0
4,5,2,0,,,,0.52183336,0.0,0.0,0.0,0.0
4,6,2,0,,,,0.56666666,0.0,0.0,0.0,0.0
4,7,2,0,,,,0.52211666,0.0,0.0,0.0,66.63
4,8,2,0,,,,0.07080004,0.0,0.0,0.0,251.56
4,9,2,0,,,,0.06488338,0.0,0.0,0.0,440.94
4,10,2,0,,,,0.09335002,0.0,0.0,0.0,607.11
4,11,2,0,,,,0.43045,0.0,0.0,0.0,707.9
4,12,2,0,,,,0.28298336,0.0,0.0,0.0,788.7
4,13,2,0,,,,0.06563338,0.0,0.0,0.0,805.69
4,14,2,0,,,,0.10220001,0.0,0.0,0.0,684.04
4,15,2,0,,,,0.20578334,0.0,0.0,0.0,702.37
4,16,2,0,,,,0.36548337,0.0,0.0,0.0,549.05
4,17,2,0,,,,0.058100037,0.0,0.0,0.0,364.97
4,18,2,0,,,,0.095116705,0.0,0.0,0.0,137.51
4,19,2,0,,,,0.10525004,0.0,0.0,0.0,24.18
4,20,2,0,,,,0.12571672,0.0,0.0,0.0,0.0
4,21,2,0,,,,0.13990003,0.0,0.0,0.0,0.0
4,22,2,0,,,,0.16768333,0.0,0.0,0.0,0.0
4,23,2,0,,,,0.09263335,0.0,0.0,0.0,0.0
4,24,2,0,,,,0.30030003,0.0,0.0,0.0,0.0
4,1,3,0,,,,0.07133338,0.0,0.0,0.0,0.0
4,2,3,0,,,,0.07643339,0.0,0.0,0.0,0.0
4,3,3,0,,,,0.28763336,0.0,0.0,0.0,0.0
4,4,3,0,,,,0.3542,0.0,0.0,0.0,0.0
4,5,3,0,,,,0.38183334,0.0,0.0,0.0,0.0
4,6,3,0,,,,0.33826667,0.0,0.0,0.0,0.0
4,7,3,0,,,,0.034533408,0.0,0.0,0.0,68.45
4,8,3,0,,,,0.009816777,0.0,0.0,0.0,265.24
4,9,3,0,,,,0.010316769,0.0,0.0,0.0,464.2
4,10,3,0,,,,0.052666727,0.0,0.0,0.0,624.23
4,11,3,0,,,,0.031533346,0.0,0.0,0.0,747.24
4,12,3,0,,,,0.025533335,0.0,0.0,0.0,816.68
4,13,3,0,,,,0.018866673,0.0,0.0,0.0,830.87
4,14,3,0,,,,0.015333405,0.0,0.0,0.0,792.12
4,15,3,0,,,,0.022266759,0.0,0.0,0.0,707.49
4,16,3,0,,,,0.012766768,0.0,0.0,0.0,560.37
4,17,3,0,,,,0.00928342,0.0,0.0,0.0,367.48
4,18,3,0,,,,0.023933413,0.0,0.0,0.0,151.51
4,19,3,0,,,,0.087033354,0.0,0.0,0.0,15.77
4,20,3,0,,,,0.61628336,0.0,0.0,0.0,0.0
4,21,3,0,,,,0.60473335,0.0,0.0,0.0,0.0
4,22,3,0,,,,0.2672667,0.0,0.0,0.0,0.0
4,23,3,0,,,,0.09361669,0.0,0.0,0.0,0.0
4,24,3,0,,,,0.08230005,0.0,0.0,0.0,0.0
4,1,4,0,,,,0.03850006,0.0,0.0,0.0,0.0
4,2,4,0,,,,0.011250085,0.0,0.0,0.0,0.0
4,3,4,0,,,,0.34036666,0.0,0.0,0.0,0.0
4,4,4,0,,,,0.37945,0.0,0.0,0.0,0.0
4,5,4,0,,,,0.39428332,0.0,0.0,0.0,0.0
4,6,4,0,,,,0.31551668,0.0,0.0,0.0,0.18
4,7,4,0,,,,0.006466774,0.0,0.0,0.0,68.85
4,8,4,0,,,,0.026633408,0.0,0.0,0.0,187.68
4,9,4,0,,,,0.031766668,0.0,0.0,0.0,391.85
4,10,4,0,,,,0.043666676,0.0,0.0,0.0,191.3
4,11,4,0,,,,0.55805,0.0,0.0,0.0,533.97
4,12,4,0,,,,0.2318167,0.0,0.0,0.0,770.5
4,13,4,0,,,,0.041916728,0.0,0.0,0.0,750.9
4,14,4,0,,,,0.066266686,0.0,0.0,0.0,771.53
4,15,4,0,,,,0.70846665,0.0,0.0,0.0,685.49
4,16,4,0,,,,0.34883335,0.0,0.0,0.0,546.97
4,17,4,0,,,,1.5197834,0.0,0.0,0.0,358.43
4,18,4,0,,,,0.594,0.0,0.0,0.0,147.95
4,19,4,0,,,,1.3450167,0.0,0.0,0.0,16.6
4,20,4,0,,,,0.8110167,0.0,0.0,0.0,0.0
4,21,4,0,,,,1.31085,0.0,0.0,0.0,0.0
4,22,4,0,,,,0.06658338,0.0,0.0,0.0,0.0
4,23,4,0,,,,0.12658335,0.0,0.0,0.0,0.0
4,24,4,0,,,,0.058033403,0.0,0.0,0.0,0.0
4,1,5,0,,,,0.10855004,0.0,0.0,0.0,0.0
4,2,5,0,,,,0.07353338,0.0,0.0,0.0,0.0
4,3,5,0,,,,0.30305,0.0,0.0,0.0,0.0
4,4,5,0,,,,0.41866666,0.0,0.0,0.0,0.0
4,5,5,0,,,,0.47178334,0.0,0.0,0.0,0.0
4,6,5,0,,,,0.1106667,0.0,0.0,0.0,0.0
4,7,5,0,,,,0.06350006,0.0,0.0,0.0,31.86
4,8,5,0,,,,0.038566712,0.0,0.0,0.0,224.33
4,9,5,0,,,,0.23186667,0.0,0.0,0.0,418.9
4,10,5,0,,,,0.30850002,0.0,0.0,0.0,378.3
4,11,5,0,,,,0.048883416,0.0,0.0,0.0,168.64
4,12,5,0,,,,0.07638339,0.0,0.0,0.0,162.0
4,13,5,0,,,,0.009816667,0.0,0.0,0.0,79.62
4,14,5,0,,,,0.084533334,0.0,0.0,0.0,50.36
4,15,5,0,,,,5.2897136e-08,0.0,0.0,0.0,48.82
4,16,5,0,,,,0.14253336,0.0,0.0,0.0,309.75
4,17,5,0,,,,0.18208334,0.0,0.0,0.0,231.84
4,18,5,0,,,,0.19336666,0.0,0.0,0.0,144.89
4,19,5,0,,,,1.3152167,0.0,0.0,0.0,8.25
4,20,5,0,,,,0.17173333,0.0,0.0,0.0,0.0
4,21,5,0,,,,0.2941167,0.0,0.0,0.0,0.0
4,22,5,0,,,,0.25643334,0.0,0.0,0.0,0.0
4,23,5,0,,,,0.036666736,0.0,0.0,0.0,0.0
4,24,5,0,,,,0.05883339,0.0,0.0,0.0,0.0
4,1,6,0,,,,0.051750053,0.0,0.0,0.0,0.0
4,2,6,0,,,,0.07290005,0.0,0.0,0.0,0.0
4,3,6,0,,,,0.17068337,0.0,0.0,0.0,0.0
4,4,6,0,,,,0.45855,0.0,0.0,0.0,0.0
4,5,6,0,,,,0.42636666,0.0,0.0,0.0,0.0
4,6,6,0,,,,0.2863667,0.0,0.0,0.0,0.0
4,7,6,0,,,,0.008583443,0.0,0.0,0.0,7.94
4,8,6,0,,,,0.0007000387,0.0,0.0,0.0,148.13
4,9,6,0,,,,0.0042333333,0.0,0.0,0.0,89.55
4,10,6,0,,,,0.0129167605,0.0,0.0,0.0,130.51
4,11,6,0,,,,0.019133428,0.0,0.0,0.0,138.49
4,12,6,0,,,,0.020966737,0.0,0.0,0.0,97.82
4,13,6,0,,,,0.0707,0.0,0.0,0.0,74.84
4,14,6,0,,,,0.1103,0.0,0.0,0.0,64.71
4,15,6,0,,,,0.11415,0.0,0.0,0.0,48.41
4,16,6,0,,,,0.14558336,0.0,0.0,0.0,80.36
4,17,6,0,,,,0.07363338,0.0,0.0,0.0,87.48
4,18,6,0,,,,0.052000064,0.0,0.0,0.0,38.57
4,19,6,0,,,,0.031183412,0.0,0.0,0.0,1.09
4,20,6,0,,,,0.051266734,0.0,0.0,0.0,0.0
4,21,6,0,,,,0.07903335,0.0,0.0,0.0,0.0
4,22,6,0,,,,0.09265001,0.0,0.0,0.0,0.0
4,23,6,0,,,,0.45646667,0.0,0.0,0.0,0.0
4,24,6,0,,,,1.38505,0.0,0.0,0.0,0.0
4,1,7,0,,,,0.2462,0.0,0.0,0.0,0.0
4,2,7,0,,,,0.047533378,0.0,0.0,0.0,0.0
4,3,7,0,,,,0.30625,0.0,0.0,0.0,0.0
4,4,7,0,,,,0.1579,0.0,0.0,0.0,0.0
4,5,7,0,,,,0.11126669,0.0,0.0,0.0,0.0
4,6,7,0,,,,0.098950036,0.0,0.0,0.0,0.0
4,7,7,0,,,,0.019850083,0.0,0.0,0.0,4.68
4,8,7,0,,,,0.55313337,0.0,0.0,0.0,15.41
4,9,7,0,,,,0.42891666,0.0,0.0,0.0,67.06
4,10,7,0,,,,0.7818,0.0,0.0,0.0,72.46
4,11,7,0,,,,1.0597334,0.0,0.0,0.0,129.81
4,12,7,0,,,,0.81091666,0.0,0.0,0.0,162.93
4,13,7,0,,,,0.5354667,0.0,0.0,0.0,121.98
4,14,7,0,,,,0.51145,0.0,0.0,0.0,82.2
4,15,7,0,,,,1.7374333,0.0,0.0,0.0,84.43
4,16,7,0,,,,1.3508333,0.0,0.0,0.0,72.46
4,17,7,0,,,,2.0714,0.0,0.0,0.0,63.01
4,18,7,0,,,,1.9931667,0.0,0.0,0.0,63.61
4,19,7,0,,,,1.4677666,0.0,0.0,0.0,22.62
4,20,7,0,,,,1.0869167,0.0,0.0,0.0,0.0
4,21,7,0,,,,2.0432832,0.0,0.0,0.0,0.0
4,22,7,0,,,,0.08470003,0.0,0.0,0.0,0.0
4,23,7,0,,,,0.049816687,0.0,0.0,0.0,0.0
4,24,7,0,,,,0.57355833,0.0,0.0,0.0,0.0
5,1,1,0,,,,0.34516668,0.0,0.0,0.0,0.0
5,2,1,0,,,,0.02601673,0.0,0.0,0.0,0.0
5,3,1,0,,,,0.24595001,0.0,0.0,0.0,0.0
5,4,1,0,,,,0.36418337,0.0,0.0,0.0,0.0
5,5,1,0,,,,0.11970003,0.0,0.0,0.0,0.0
5,6,1,0,,,,0.5750167,0.0,0.0,0.0,0.0
5,7,1,0,,,,0.077116735,0.0,0.0,0.0,5.26
5,8,1,0,,,,0.049600054,0.0,0.0,0.0,14.79
5,9,1,0,,,,0.04305,0.0,0.0,0.0,29.15
5,10,1,0,,,,0.033166748,0.0,0.0,0.0,55.34
5,11,1,0,,,,0.097516745,0.0,0.0,0.0,90.68
5,12,1,0,,,,0.44581667,0.0,0.0,0.0,106.93
5,13,1,0,,,,0.05861669,0.0,0.0,0.0,50.13
5,14,1,0,,,,0.06966667,0.0,0.0,0.0,68.85
5,15,1,0,,,,0.17333333,0.0,0.0,0.0,63.79
5,16,1,0,,,,2.1551332,0.0,0.0,0.0,54.97
5,17,1,0,,,,0.1173167,0.0,0.0,0.0,50.15
5,18,1,0,,,,1.2941,0.0,0.0,0.0,29.04
5,19,1,0,,,,0.16085002,0.0,0.0,0.0,23.81
5,20,1,0,,,,1.1985834,0.0,0.0,0.0,0.0
5,21,1,0,,,,0.44235,0.0,0.0,0.0,0.0
5,22,1,0,,,,0.1709,0.0,0.0,0.0,0.0
5,23,1,0,,,,0.095033355,0.0,0.0,0.0,0.0
5,24,1,0,,,,0.013983417,0.0,0.0,0.0,0.0
5,1,2,0,,,,0.2953334,0.0,0.0,0.0,0.0
5,2,2,0,,,,0.12675002,0.0,0.0,0.0,0.0
5,3,2,0,,,,0.35833335,0.0,0.0,0.0,0.0
5,4,2,0,,,,0.5006667,0.0,0.0,0.0,0.0
5,5,2,0,,,,0.44781667,0.0,0.0,0.0,0.0
5,6,2,0,,,,0.050383393,0.0,0.0,0.0,0.0
5,7,2,0,,,,0.074950054,0.0,0.0,0.0,8.81
5,8,2,0,,,,0.08318336,0.0,0.0,0.0,23.8
5,9,2,0,,,,0.07361667,0.0,0.0,0.0,69.33
5,10,2,0,,,,0.05978339,0.0,0.0,0.0,347.18
5,11,2,0,,,,0.39100003,0.0,0.0,0.0,208.88
5,12,2,0,,,,1.5565,0.0,0.0,0.0,678.8
5,13,2,0,,,,1.1691834,0.0,0.0,0.0,858.65
5,14,2,0,,,,1.8246666,0.0,0.0,0.0,807.12
5,15,2,0,,,,0.8865333,0.0,0.0,0.0,669.32
5,16,2,0,,,,1.5623001,0.0,0.0,0.0,403.2
5,17,2,0,,,,0.8304167,0.0,0.0,0.0,231.07
5,18,2,0,,,,1.1515167,0.0,0.0,0.0,155.38
5,19,2,0,,,,1.3883834,0.0,0.0,0.0,31.72
5,20,2,0,,,,1.3796166,0.0,0.0,0.0,0.0
5,21,2,0,,,,0.88783336,0.0,0.0,0.0,0.0
5,22,2,0,,,,1.20345,0.0,0.0,0.0,0.0
5,23,2,0,,,,0.9228,0.0,0.0,0.0,0.0
5,24,2,0,,,,0.10282504,0.0,0.0,0.0,0.0
5,1,3,0,,,,0.29151672,0.0,0.0,0.0,0.0
5,2,3,0,,,,0.08571672,0.0,0.0,0.0,0.0
5,3,3,0,,,,0.44575003,0.0,0.0,0.0,0.0
5,4,3,0,,,,0.55256665,0.0,0.0,0.0,0.0
5,5,3,0,,,,0.34988335,0.0,0.0,0.0,0.0
5,6,3,0,,,,0.04983336,0.0,0.0,0.0,1.32
5,7,3,0,,,,0.07456671,0.0,0.0,0.0,77.38
5,8,3,0,,,,0.17348334,0.0,0.0,0.0,273.11
5,9,3,0,,,,0.50401664,0.0,0.0,0.0,487.09
5,10,3,0,,,,1.5105833,0.0,0.0,0.0,638.27
5,11,3,0,,,,0.6803334,0.0,0.0,0.0,753.5
5,12,3,0,,,,0.51253337,0.0,0.0,0.0,773.6
5,13,3,0,,,,1.0071167,0.0,0.0,0.0,357.39
5,14,3,0,,,,1.4307166,0.0,0.0,0.0,95.51
5,15,3,0,,,,0.7988667,0.0,0.0,0.0,700.64
5,16,3,0,,,,1.0304167,0.0,0.0,0.0,474.4
5,17,3,0,,,,2.5177333,0.0,0.0,0.0,236.6
5,18,3,0,,,,2.08945,0.0,0.0,0.0,17.72
5,19,3,0,,,,1.9252167,0.0,0.0,0.0,29.71
5,20,3,0,,,,2.0279,0.0,0.0,0.0,0.0
5,21,3,0,,,,0.76215005,0.0,0.0,0.0,0.0
5,22,3,0,,,,0.09626671,0.0,0.0,0.0,0.0
5,23,3,0,,,,0.33716673,0.0,0.0,0.0,0.0
5,24,3,0,,,,0.05706673,0.0,0.0,0.0,0.0
5,1,4,0,,,,0.027350072,0.0,0.0,0.0,0.0
5,2,4,0,,,,0.0021834266,0.0,0.0,0.0,0.0
5,3,4,0,,,,0.37565002,0.0,0.0,0.0,0.0
5,4,4,0,,,,0.6271,0.0,0.0,0.0,0.0
5,5,4,0,,,,0.21155003,0.0,0.0,0.0,0.0
5,6,4,0,,,,0.0693834,0.0,0.0,0.0,0.0
5,7,4,0,,,,0.048016746,0.0,0.0,0.0,5.72
5,8,4,0,,,,0.05100001,0.0,0.0,0.0,189.18
5,9,4,0,,,,0.015433333,0.0,0.0,0.0,326.75
5,10,4,0,,,,0.31768337,0.0,0.0,0.0,123.92
5,11,4,0,,,,0.3394167,0.0,0.0,0.0,255.0
5,12,4,0,,,,0.3801834,0.0,0.0,0.0,550.54
5,13,4,0,,,,0.62268335,0.0,0.0,0.0,123.52
5,14,4,0,,,,3.47125,0.0,0.0,0.0,257.4
5,15,4,0,,,,1.25515,0.0,0.0,0.0,455.87
5,16,4,0,,,,1.14075,0.0,0.0,0.0,510.6
5,17,4,0,,,,1.3076667,0.0,0.0,0.0,327.89
5,18,4,0,,,,3.0271332,0.0,0.0,0.0,155.33
5,19,4,0,,,,1.3046833,0.0,0.0,0.0,25.17
5,20,4,0,,,,0.87735,0.0,0.0,0.0,0.0
5,21,4,0,,,,0.8972,0.0,0.0,0.0,0.0
5,22,4,0,,,,0.20776667,0.0,0.0,0.0,0.0
5,23,4,0,,,,1.3223333,0.0,0.0,0.0,0.0
5,24,4,0,,,,0.29950833,0.0,0.0,0.0,0.0
5,1,5,0,,,,0.17205003,0.0,0.0,0.0,0.0
5,2,5,0,,,,0.19911669,0.0,0.0,0.0,0.0
5,3,5,0,,,,0.46363336,0.0,0.0,0.0,0.0
5,4,5,0,,,,0.5082667,0.0,0.0,0.0,0.0
5,5,5,0,,,,0.32838333,0.0,0.0,0.0,0.0
5,6,5,0,,,,0.04651669,0.0,0.0,0.0,0.0
5,7,5,0,,,,0.071166694,0.0,0.0,0.0,43.32
5,8,5,0,,,,0.06466671,0.0,0.0,0.0,161.28
5,9,5,0,,,,0.09156667,0.0,0.0,0.0,452.88
5,10,5,0,,,,0.111816704,0.0,0.0,0.0,403.67
5,11,5,0,,,,0.103616714,0.0,0.0,0.0,494.86
5,12,5,0,,,,0.29700002,0.0,0.0,0.0,606.92
5,13,5,0,,,,0.7792,0.0,0.0,0.0,774.57
5,14,5,0,,,,0.6049833,0.0,0.0,0.0,519.66
5,15,5,0,,,,0.7562,0.0,0.0,0.0,355.41
5,16,5,0,,,,3.4453666,0.0,0.0,0.0,365.91
5,17,5,0,,,,0.52685,0.0,0.0,0.0,208.7
5,18,5,0,,,,0.45380002,0.0,0.0,0.0,99.21
5,19,5,0,,,,0.37615,0.0,0.0,0.0,7.69
5,20,5,0,,,,0.37215,0.0,0.0,0.0,0.0
5,21,5,0,,,,0.43315,0.0,0.0,0.0,0.0
5,22,5,0,,,,0.36540002,0.0,0.0,0.0,0.0
5,23,5,0,,,,0.16533336,0.0,0.0,0.0,0.0
5,24,5,0,,,,0.15485835,0.0,0.0,0.0,0.0
5,1,6,0,,,,0.053616688,0.0,0.0,0.0,0.0
5,2,6,0,,,,0.030300012,0.0,0.0,0.0,0.0
5,3,6,0,,,,0.05796669,0.0,0.0,0.0,0.0
5,4,6,0,,,,0.074983366,0.0,0.0,0.0,0.0
5,5,6,0,,,,0.14036669,0.0,0.0,0.0,0.0
5,6,6,0,,,,0.4808167,0.0,0.0,0.0,14.89
5,7,6,0,,,,0.09526671,0.0,0.0,0.0,5.58
5,8,6,0,,,,0.073083386,0.0,0.0,0.0,18.87
5,9,6,0,,,,0.105883375,0.0,0.0,0.0,127.92
5,10,6,0,,,,2.8009834,0.0,0.0,0.0,100.1
5,11,6,0,,,,0.562,0.0,0.0,0.0,164.01
5,12,6,0,,,,0.5715333,0.0,0.0,0.0,117.81
5,13,6,0,,,,0.124916695,0.0,0.0,0.0,209.18
5,14,6,0,,,,0.12893337,0.0,0.0,0.0,55.07
5,15,6,0,,,,0.109816685,0.0,0.0,0.0,43.67
5,16,6,0,,,,0.09015002,0.0,0.0,0.0,60.71
5,17,6,0,,,,0.080666676,0.0,0.0,0.0,133.54
5,18,6,0,,,,0.058616668,0.0,0.0,0.0,29.59
5,19,6,0,,,,0.08221667,0.0,0.0,0.0,33.85
5,20,6,0,,,,0.058033343,0.0,0.0,0.0,0.0
5,21,6,0,,,,0.24426669,0.0,0.0,0.0,0.0
5,22,6,0,,,,0.80471665,0.0,0.0,0.0,0.0
5,23,6,0,,,,0.66798335,0.0,0.0,0.0,0.0
5,24,6,0,,,,0.4300667,0.0,0.0,0.0,0.0
5,1,7,0,,,,0.023033412,0.0,0.0,0.0,0.0
5,2,7,0,,,,0.012766755,0.0,0.0,0.0,0.0
5,3,7,0,,,,0.009066757,0.0,0.0,0.0,0.0
5,4,7,0,,,,0.00483343,0.0,0.0,0.0,0.0
5,5,7,0,,,,0.00045009848,0.0,0.0,0.0,0.0
5,6,7,0,,,,0.001383434,0.0,0.0,0.0,0.0
5,7,7,0,,,,0.020016747,0.0,0.0,0.0,23.14
5,8,7,0,,,,0.35773337,0.0,0.0,0.0,150.5
5,9,7,0,,,,0.58743334,0.0,0.0,0.0,290.96
5,10,7,0,,,,0.85938334,0.0,0.0,0.0,300.74
5,11,7,0,,,,1.06275,0.0,0.0,0.0,183.25
5,12,7,0,,,,0.07653341,0.0,0.0,0.0,264.42
5,13,7,0,,,,0.013416766,0.0,0.0,0.0,487.87
5,14,7,0,,,,0.016133418,0.0,0.0,0.0,638.37
5,15,7,0,,,,0.0070500528,0.0,0.0,0.0,53.98
5,16,7,0,,,,0.007566732,0.0,0.0,0.0,122.5
5,17,7,0,,,,0.28183338,0.0,0.0,0.0,116.59
5,18,7,0,,,,0.7611167,0.0,0.0,0.0,15.96
5,19,7,0,,,,1.57445,0.0,0.0,0.0,37.89
5,20,7,0,,,,0.94771665,0.0,0.0,0.0,0.0
5,21,7,0,,,,3.4450166,0.0,0.0,0.0,0.0
5,22,7,0,,,,2.0457,0.0,0.0,0.0,0.0
5,23,7,0,,,,0.8779834,0.0,0.0,0.0,0.0
5,24,7,0,,,,0.8302334,0.0,0.0,0.0,0.0
5,1,1,0,,,,0.82716674,0.0,0.0,0.0,0.0
5,2,1,0,,,,0.81215006,0.0,0.0,0.0,0.0
5,3,1,0,,,,0.8882667,0.0,0.0,0.0,0.0
5,4,1,0,,,,1.1832334,0.0,0.0,0.0,0.0
5,5,1,0,,,,1.2275167,0.0,0.0,0.0,0.0
5,6,1,0,,,,0.8155,0.0,0.0,0.0,0.0
5,7,1,0,,,,0.7221834,0.0,0.0,0.0,6.34
5,8,1,0,,,,0.77578336,0.0,0.0,0.0,78.7
5,9,1,0,,,,0.70660007,0.0,0.0,0.0,67.47
5,10,1,0,,,,0.6383834,0.0,0.0,0.0,95.75
5,11,1,0,,,,0.5508334,0.0,0.0,0.0,135.55
5,12,1,0,,,,0.009200088,0.0,0.0,0.0,136.02
5,13,1,0,,,,0.28086668,0.0,0.0,0.0,90.22
5,14,1,0,,,,0.37353334,0.0,0.0,0.0,104.55
5,15,1,0,,,,0.036800034,0.0,0.0,0.0,79.64
5,16,1,0,,,,0.03940008,0.0,0.0,0.0,61.39
5,17,1,0,,,,0.031333406,0.0,0.0,0.0,40.53
5,18,1,0,,,,0.62088335,0.0,0.0,0.0,37.53
5,19,1,0,,,,0.64105,0.0,0.0,0.0,22.83
5,20,1,0,,,,0.80373335,0.0,0.0,0.0,0.0
5,21,1,0,,,,0.4990167,0.0,0.0,0.0,0.0
5,22,1,0,,,,0.043016724,0.0,0.0,0.0,0.0
5,23,1,0,,,,0.031516735,0.0,0.0,0.0,0.0
5,24,1,0,,,,0.1260834,0.0,0.0,0.0,0.0
5,1,2,0,,,,0.5558667,0.0,0.0,0.0,0.0
5,2,2,0,,,,0.7936,0.0,0.0,0.0,0.0
5,3,2,0,,,,0.25520003,0.0,0.0,0.0,0.0
5,4,2,0,,,,1.0059333,0.0,0.0,0.0,0.0
5,5,2,0,,,,0.38341668,0.0,0.0,0.0,0.0
5,6,2,0,,,,0.03123341,0.0,0.0,0.0,0.0
5,7,2,0,,,,0.039950084,0.0,0.0,0.0,6.36
5,8,2,0,,,,0.08628339,0.0,0.0,0.0,17.99
5,9,2,0,,,,0.09541672,0.0,0.0,0.0,67.68
5,10,2,0,,,,0.073333375,0.0,0.0,0.0,107.36
5,11,2,0,,,,0.0545334,0.0,0.0,0.0,163.04
5,12,2,0,,,,0.022350095,0.0,0.0,0.0,143.55
5,13,2,0,,,,0.026600081,0.0,0.0,0.0,103.37
5,14,2,0,,,,0.035350002,0.0,0.0,0.0,107.82
5,15,2,0,,,,0.46623334,0.0,0.0,0.0,77.62
5,16,2,0,,,,0.68688333,0.0,0.0,0.0,72.12
5,17,2,0,,,,0.57395,0.0,0.0,0.0,41.35
5,18,2,0,,,,0.28501666,0.0,0.0,0.0,36.87
5,19,2,0,,,,0.32631668,0.0,0.0,0.0,27.35
5,20,2,0,,,,0.012800074,0.0,0.0,0.0,0.0
5,21,2,0,,,,0.27420005,0.0,0.0,0.0,0.0
5,22,2,0,,,,0.06300005,0.0,0.0,0.0,0.0
5,23,2,0,,,,0.033316743,0.0,0.0,0.0,0.0
5,24,2,0,,,,0.020450085,0.0,0.0,0.0,0.0
5,1,3,0,,,,0.016383424,0.0,0.0,0.0,0.0
5,2,3,0,,,,0.6797834,0.0,0.0,0.0,0.0
5,3,3,0,,,,0.26695,0.0,0.0,0.0,0.0
5,4,3,0,,,,0.34075,0.0,0.0,0.0,0.0
5,5,3,0,,,,0.37836668,0.0,0.0,0.0,0.0
5,6,3,0,,,,0.37910002,0.0,0.0,0.0,0.0
5,7,3,0,,,,0.04050007,0.0,0.0,0.0,93.02
5,8,3,0,,,,0.03006674,0.0,0.0,0.0,283.84
5,9,3,0,,,,0.032583408,0.0,0.0,0.0,483.32
5,10,3,0,,,,0.035950072,0.0,0.0,0.0,642.27
5,11,3,0,,,,0.043383397,0.0,0.0,0.0,694.36
5,12,3,0,,,,0.037166722,0.0,0.0,0.0,299.5
5,13,3,0,,,,0.025983408,0.0,0.0,0.0,342.95
5,14,3,0,,,,0.021766746,0.0,0.0,0.0,343.73
5,15,3,0,,,,0.026416743,0.0,0.0,0.0,137.66
5,16,3,0,,,,0.022533426,0.0,0.0,0.0,185.44
5,17,3,0,,,,0.0132000875,0.0,0.0,0.0,133.9
5,18,3,0,,,,0.41786668,0.0,0.0,0.0,47.73
5,19,3,0,,,,0.69435,0.0,0.0,0.0,24.34
5,20,3,0,,,,0.7633,0.0,0.0,0.0,0.0
5,21,3,0,,,,0.847,0.0,0.0,0.0,0.0
5,22,3,0,,,,0.03726674,0.0,0.0,0.0,0.0
5,23,3,0,,,,0.0100834165,0.0,0.0,0.0,0.0
5,24,3,0,,,,0.014750082,0.0,0.0,0.0,0.0
5,1,4,0,,,,0.016366744,0.0,0.0,0.0,0.0
5,2,4,0,,,,0.019266749,0.0,0.0,0.0,0.0
5,3,4,0,,,,0.29933336,0.0,0.0,0.0,0.0
5,4,4,0,,,,0.5589167,0.0,0.0,0.0,0.0
5,5,4,0,,,,0.2824167,0.0,0.0,0.0,0.0
5,6,4,0,,,,0.052666735,0.0,0.0,0.0,1.74
5,7,4,0,,,,0.05305008,0.0,0.0,0.0,43.5
5,8,4,0,,,,0.13875003,0.0,0.0,0.0,240.11
5,9,4,0,,,,0.13088334,0.0,0.0,0.0,469.37
5,10,4,0,,,,1.4238666,0.0,0.0,0.0,612.91
5,11,4,0,,,,0.9841667,0.0,0.0,0.0,541.82
5,12,4,0,,,,0.5069,0.0,0.0,0.0,389.34
5,13,4,0,,,,0.25911668,0.0,0.0,0.0,275.55
5,14,4,0,,,,1.1340333,0.0,0.0,0.0,74.33
5,15,4,0,,,,0.94375,0.0,0.0,0.0,565.39
5,16,4,0,,,,1.36195,0.0,0.0,0.0,429.88
5,17,4,0,,,,0.21013334,0.0,0.0,0.0,295.44
5,18,4,0,,,,0.17968334,0.0,0.0,0.0,152.96
5,19,4,0,,,,1.8670334,0.0,0.0,0.0,42.25
5,20,4,0,,,,0.19523333,0.0,0.0,0.0,0.0
5,21,4,0,,,,0.16131668,0.0,0.0,0.0,0.0
5,22,4,0,,,,0.17718333,0.0,0.0,0.0,0.0
5,23,4,0,,,,0.13786669,0.0,0.0,0.0,0.0
5,24,4,0,,,,0.03641673,0.0,0.0,0.0,0.0
5,1,5,0,,,,0.023083413,0.0,0.0,0.0,0.0
5,2,5,0,,,,0.019233417,0.0,0.0,0.0,0.0
5,3,5,0,,,,0.31480002,0.0,0.0,0.0,0.0
5,4,5,0,,,,0.39053333,0.0,0.0,0.0,0.0
5,5,5,0,,,,0.4266,0.0,0.0,0.0,0.0
5,6,5,0,,,,0.43028337,0.0,0.0,0.0,3.62
5,7,5,0,,,,0.06075006,0.0,0.0,0.0,87.53
5,8,5,0,,,,0.039666716,0.0,0.0,0.0,212.9
5,9,5,0,,,,0.020766666,0.0,0.0,0.0,472.59
5,10,5,0,,,,0.022550086,0.0,0.0,0.0,617.94
5,11,5,0,,,,0.039283413,0.0,0.0,0.0,676.39
5,12,5,0,,,,0.049000084,0.0,0.0,0.0,495.09
5,13,5,0,,,,0.10238334,0.0,0.0,0.0,392.98
5,14,5,0,,,,0.107433334,0.0,0.0,0.0,539.92
5,15,5,0,,,,0.34738335,0.0,0.0,0.0,544.25
5,16,5,0,,,,0.38253337,0.0,0.0,0.0,295.79
5,17,5,0,,,,0.41810003,0.0,0.0,0.0,344.78
5,18,5,0,,,,0.92605,0.0,0.0,0.0,165.75
5,19,5,0,,,,1.2311667,0.0,0.0,0.0,36.73
5,20,5,0,,,,0.22315003,0.0,0.0,0.0,0.0
5,21,5,0,,,,0.35760003,0.0,0.0,0.0,0.0
5,22,5,0,,,,0.4029,0.0,0.0,0.0,0.0
5,23,5,0,,,,0.38938335,0.0,0.0,0.0,0.0
5,24,5,0,,,,0.012816755,0.0,0.0,0.0,0.0
5,1,6,0,,,,0.25380006,0.0,0.0,0.0,0.0
5,2,6,0,,,,0.053183384,0.0,0.0,0.0,0.0
5,3,6,0,,,,0.046983402,0.0,0.0,0.0,0.0
5,4,6,0,,,,0.036000077,0.0,0.0,0.0,0.0
5,5,6,0,,,,0.034250073,0.0,0.0,0.0,0.0
5,6,6,0,,,,0.044183407,0.0,0.0,0.0,0.18
5,7,6,0,,,,0.0764334,0.0,0.0,0.0,92.28
5,8,6,0,,,,0.039566714,0.0,0.0,0.0,264.42
5,9,6,0,,,,0.040983338,0.0,0.0,0.0,416.17
5,10,6,0,,,,0.037916724,0.0,0.0,0.0,564.61
5,11,6,0,,,,0.04470006,0.0,0.0,0.0,664.75
5,12,6,0,,,,0.079700045,0.0,0.0,0.0,471.08
5,13,6,0,,,,0.03915,0.0,0.0,0.0,652.31
5,14,6,0,,,,0.28745,0.0,0.0,0.0,323.02
5,15,6,0,,,,0.45723334,0.0,0.0,0.0,485.83
5,16,6,0,,,,0.82985,0.0,0.0,0.0,329.28
5,17,6,0,,,,0.28568336,0.0,0.0,0.0,214.66
5,18,6,0,,,,0.0353334,0.0,0.0,0.0,77.38
5,19,6,0,,,,0.26260006,0.0,0.0,0.0,5.39
5,20,6,0,,,,0.042916737,0.0,0.0,0.0,0.0
5,21,6,0,,,,0.14875005,0.0,0.0,0.0,0.0
5,22,6,0,,,,0.40540004,0.0,0.0,0.0,0.0
5,23,6,0,,,,0.05235005,0.0,0.0,0.0,0.0
5,24,6,0,,,,0.044350054,0.0,0.0,0.0,0.0
5,1,7,0,,,,0.26176673,0.0,0.0,0.0,0.0
5,2,7,0,,,,0.04680005,0.0,0.0,0.0,0.0
5,3,7,0,,,,0.03523341,0.0,0.0,0.0,0.0
5,4,7,0,,,,0.027516743,0.0,0.0,0.0,0.0
5,5,7,0,,,,0.032166738,0.0,0.0,0.0,0.0
5,6,7,0,,,,0.2675667,0.0,0.0,0.0,0.51
5,7,7,0,,,,0.79508334,0.0,0.0,0.0,7.3
5,8,7,0,,,,0.12768333,0.0,0.0,0.0,37.84
5,9,7,0,,,,0.020633332,0.0,0.0,0.0,162.29
5,10,7,0,,,,0.7984,0.0,0.0,0.0,401.91
5,11,7,0,,,,0.16616671,0.0,0.0,0.0,556.47
5,12,7,0,,,,0.025066728,0.0,0.0,0.0,790.03
5,13,7,0,,,,0.6156,0.0,0.0,0.0,704.15
5,14,7,0,,,,0.017766671,0.0,0.0,0.0,474.46
5,15,7,0,,,,0.026700031,0.0,0.0,0.0,340.23
5,16,7,0,,,,0.0656834,0.0,0.0,0.0,237.46
5,17,7,0,,,,3.0967667,0.0,0.0,0.0,366.75
5,18,7,0,,,,1.4656833,0.0,0.0,0.0,101.29
5,19,7,0,,,,0.43103334,0.0,0.0,0.0,39.57
5,20,7,0,,,,0.07640005,0.0,0.0,0.0,0.0
5,21,7,0,,,,0.6785,0.0,0.0,0.0,0.0
5,22,7,0,,,,0.2531667,0.0,0.0,0.0,0.0
5,23,7,0,,,,0.5983667,0.0,0.0,0.0,0.0
5,24,7,0,,,,0.019916737,0.0,0.0,0.0,0.0
5,1,1,0,,,,0.56708336,0.0,0.0,0.0,0.0
5,2,1,0,,,,0.071750075,0.0,0.0,0.0,0.0
5,3,1,0,,,,2.1336167,0.0,0.0,0.0,0.0
5,4,1,0,,,,0.5811167,0.0,0.0,0.0,0.0
5,5,1,0,,,,0.41920003,0.0,0.0,0.0,0.0
5,6,1,0,,,,0.04241673,0.0,0.0,0.0,0.17
5,7,1,0,,,,0.04280007,0.0,0.0,0.0,60.97
5,8,1,0,,,,0.023950068,0.0,0.0,0.0,114.59
5,9,1,0,,,,0.017683426,0.0,0.0,0.0,288.78
5,10,1,0,,,,0.007283443,0.0,0.0,0.0,579.76
5,11,1,0,,,,0.003600116,0.0,0.0,0.0,541.52
5,12,1,0,,,,0.00770011,0.0,0.0,0.0,583.22
5,13,1,0,,,,0.2976667,0.0,0.0,0.0,643.37
5,14,1,0,,,,0.3603,0.0,0.0,0.0,506.28
5,15,1,0,,,,0.59103334,0.0,0.0,0.0,209.97
5,16,1,0,,,,0.077483386,0.0,0.0,0.0,65.63
5,17,1,0,,,,0.2016167,0.0,0.0,0.0,211.68
5,18,1,0,,,,0.020383393,0.0,0.0,0.0,156.93
5,19,1,0,,,,0.15535003,0.0,0.0,0.0,44.0
5,20,1,0,,,,0.79675,0.0,0.0,0.0,0.0
5,21,1,0,,,,0.36353335,0.0,0.0,0.0,0.0
5,22,1,0,,,,0.31783333,0.0,0.0,0.0,0.0
5,23,1,0,,,,0.09365008,0.0,0.0,0.0,0.0
5,24,1,0,,,,1.001358e-07,0.0,0.0,0.0,0.0
5,1,2,0,,,,1.001358e-07,0.0,0.0,0.0,0.0
5,2,2,0,,,,1.001358e-07,0.0,0.0,0.0,0.0
5,3,2,0,,,,1.6608833,0.0,0.0,0.0,0.0
5,4,2,0,,,,0.19531667,0.0,0.0,0.0,0.0
5,5,2,0,,,,0.33301666,0.0,0.0,0.0,0.0
5,6,2,0,,,,0.38775003,0.0,0.0,0.0,14.18
5,7,2,0,,,,0.0020501083,0.0,0.0,0.0,32.87
5,8,2,0,,,,1.2207032e-07,0.0,0.0,0.0,163.26
5,9,2,0,,,,1.2207032e-07,0.0,0.0,0.0,109.8
5,10,2,0,,,,1.2207032e-07,0.0,0.0,0.0,382.5
5,11,2,0,,,,1.2207032e-07,0.0,0.0,0.0,610.85
5,12,2,0,,,,1.2207032e-07,0.0,0.0,0.0,450.24
5,13,2,0,,,,0.018283444,0.0,0.0,0.0,670.81
5,14,2,0,,,,0.2535,0.0,0.0,0.0,506.68
5,15,2,0,,,,0.11556674,0.0,0.0,0.0,401.53
5,16,2,0,,,,0.004000086,0.0,0.0,0.0,239.49
5,17,2,0,,,,0.0027834263,0.0,0.0,0.0,185.01
5,18,2,0,,,,0.00011676577,0.0,0.0,0.0,100.48
5,19,2,0,,,,0.0069000935,0.0,0.0,0.0,41.49
5,20,2,0,,,,0.0047167637,0.0,0.0,0.0,0.0
5,21,2,0,,,,1.0312398e-07,0.0,0.0,0.0,0.0
5,22,2,0,,,,6.676834e-05,0.0,0.0,0.0,0.0
5,23,2,0,,,,1.001358e-07,0.0,0.0,0.0,0.0
5,24,2,0,,,,1.001358e-07,0.0,0.0,0.0,0.0
5,1,3,0,,,,0.00010009847,0.0,0.0,0.0,0.0
5,2,3,0,,,,1.001358e-07,0.0,0.0,0.0,0.0
5,3,3,0,,,,2.3180168,0.0,0.0,0.0,0.0
5,4,3,0,,,,0.5640333,0.0,0.0,0.0,0.0
5,5,3,0,,,,0.438,0.0,0.0,0.0,0.0
5,6,3,0,,,,0.014133428,0.0,0.0,0.0,4.42
5,7,3,0,,,,0.009150097,0.0,0.0,0.0,97.81
5,8,3,0,,,,0.024483407,0.0,0.0,0.0,33.98
5,9,3,0,,,,0.15136671,0.0,0.0,0.0,270.18
5,10,3,0,,,,0.08588341,0.0,0.0,0.0,617.08
5,11,3,0,,,,9.1552735e-08,0.0,0.0,0.0,652.77
5,12,3,0,,,,0.0030667572,0.0,0.0,0.0,773.43
5,13,3,0,,,,1.7708,0.0,0.0,0.0,764.08
5,14,3,0,,,,0.7797667,0.0,0.0,0.0,478.25
5,15,3,0,,,,0.46268338,0.0,0.0,0.0,456.29
5,16,3,0,,,,0.30310008,0.0,0.0,0.0,325.95
5,17,3,0,,,,0.12535007,0.0,0.0,0.0,298.36
5,18,3,0,,,,0.8167,0.0,0.0,0.0,154.02
5,19,3,0,,,,1.1314167,0.0,0.0,0.0,46.0
5,20,3,0,,,,1.0213667,0.0,0.0,0.0,0.12
5,21,3,0,,,,0.9343667,0.0,0.0,0.0,0.0
5,22,3,0,,,,0.28188342,0.0,0.0,0.0,0.0
5,23,3,0,,,,0.5600834,0.0,0.0,0.0,0.0
5,24,3,0,,,,0.5818001,0.0,0.0,0.0,0.0
5,1,4,0,,,,0.6055334,0.0,0.0,0.0,0.0
5,2,4,0,,,,0.7860501,0.0,0.0,0.0,0.0
5,3,4,0,,,,0.8178167,0.0,0.0,0.0,0.0
5,4,4,0,,,,0.9487333,0.0,0.0,0.0,0.0
5,5,4,0,,,,0.89308333,0.0,0.0,0.0,0.0
5,6,4,0,,,,0.3697834,0.0,0.0,0.0,0.49
5,7,4,0,,,,0.5219001,0.0,0.0,0.0,98.23
5,8,4,0,,,,0.3319667,0.0,0.0,0.0,217.68
5,9,4,0,,,,0.25665,0.0,0.0,0.0,415.35
5,10,4,0,,,,0.5131667,0.0,0.0,0.0,506.83
5,11,4,0,,,,0.7194,0.0,0.0,0.0,643.8
5,12,4,0,,,,0.42865,0.0,0.0,0.0,789.11
5,13,4,0,,,,0.4186,0.0,0.0,0.0,820.94
5,14,4,0,,,,0.17971666,0.0,0.0,0.0,698.47
5,15,4,0,,,,0.24290001,0.0,0.0,0.0,637.38
5,16,4,0,,,,1.1241833,0.0,0.0,0.0,465.56
5,17,4,0,,,,0.9374833,0.0,0.0,0.0,325.83
5,18,4,0,,,,0.15181671,0.0,0.0,0.0,150.9
5,19,4,0,,,,0.58975,0.0,0.0,0.0,46.12
5,20,4,0,,,,1.0991083,0.0,0.0,0.0,0.0
5,21,4,0,,,,1.0765,0.0,0.0,0.0,0.0
5,22,4,0,,,,0.11833335,0.0,0.0,0.0,0.0
5,23,4,0,,,,0.09215002,0.0,0.0,0.0,0.0
5,24,4,0,,,,0.07027501,0.0,0.0,0.0,0.0
5,1,5,0,,,,0.06393334,0.0,0.0,0.0,0.0
5,2,5,0,,,,0.050683342,0.0,0.0,0.0,0.0
5,3,5,0,,,,0.32946667,0.0,0.0,0.0,0.0
5,4,5,0,,,,0.47105,0.0,0.0,0.0,0.0
5,5,5,0,,,,0.50266665,0.0,0.0,0.0,0.0
5,6,5,0,,,,0.20035002,0.0,0.0,0.0,25.89
5,7,5,0,,,,0.06293336,0.0,0.0,0.0,91.6
5,8,5,0,,,,0.13776667,0.0,0.0,0.0,294.89
5,9,5,0,,,,0.23453334,0.0,0.0,0.0,481.11
5,10,5,0,,,,0.746,0.0,0.0,0.0,640.21
5,11,5,0,,,,1.0471833,0.0,0.0,0.0,749.52
5,12,5,0,,,,0.27545002,0.0,0.0,0.0,802.91
5,13,5,0,,,,0.08513334,0.0,0.0,0.0,824.62
5,14,5,0,,,,0.10261667,0.0,0.0,0.0,763.1
5,15,5,0,,,,0.17828333,0.0,0.0,0.0,693.75
5,16,5,0,,,,0.7483,0.0,0.0,0.0,553.23
5,17,5,0,,,,0.8918667,0.0,0.0,0.0,377.72
5,18,5,0,,,,0.88045,0.0,0.0,0.0,170.77
5,19,5,0,,,,0.94593334,0.0,0.0,0.0,42.81
5,20,5,0,,,,1.60115,0.0,0.0,0.0,2.42
5,21,5,0,,,,2.81585,0.0,0.0,0.0,0.0
5,22,5,0,,,,1.1987667,0.0,0.0,0.0,0.0
5,23,5,0,,,,0.85485,0.0,0.0,0.0,0.0
5,24,5,0,,,,0.599025,0.0,0.0,0.0,0.0
5,1,6,0,,,,0.05473339,0.0,0.0,0.0,0.0
5,2,6,0,,,,0.055750053,0.0,0.0,0.0,0.0
5,3,6,0,,,,0.060550053,0.0,0.0,0.0,0.0
5,4,6,0,,,,0.05338339,0.0,0.0,0.0,0.0
5,5,6,0,,,,0.047600057,0.0,0.0,0.0,0.0
5,6,6,0,,,,0.038916737,0.0,0.0,0.0,24.35
5,7,6,0,,,,0.6882833,0.0,0.0,0.0,91.79
5,8,6,0,,,,0.69085,0.0,0.0,0.0,290.3
5,9,6,0,,,,0.6433833,0.0,0.0,0.0,474.04
5,10,6,0,,,,0.87995,0.0,0.0,0.0,627.77
5,11,6,0,,,,1.078,0.0,0.0,0.0,738.19
5,12,6,0,,,,1.7871166,0.0,0.0,0.0,798.02
5,13,6,0,,,,1.2829666,0.0,0.0,0.0,799.86
5,14,6,0,,,,1.0447,0.0,0.0,0.0,764.4
5,15,6,0,,,,1.5599834,0.0,0.0,0.0,687.4
5,16,6,0,,,,1.4418666,0.0,0.0,0.0,547.75
5,17,6,0,,,,1.5598667,0.0,0.0,0.0,367.92
5,18,6,0,,,,2.4462,0.0,0.0,0.0,170.24
5,19,6,0,,,,1.2563334,0.0,0.0,0.0,46.62
5,20,6,0,,,,0.7993167,0.0,0.0,0.0,6.27
5,21,6,0,,,,1.7042333,0.0,0.0,0.0,0.0
5,22,6,0,,,,1.3704166,0.0,0.0,0.0,0.0
5,23,6,0,,,,2.8209834,0.0,0.0,0.0,0.0
5,24,6,0,,,,0.13020001,0.0,0.0,0.0,0.0
5,1,7,0,,,,0.09778335,0.0,0.0,0.0,0.0
5,2,7,0,,,,0.06545003,0.0,0.0,0.0,0.0
5,3,7,0,,,,0.04935002,0.0,0.0,0.0,0.0
5,4,7,0,,,,0.31613335,0.0,0.0,0.0,0.0
5,5,7,0,,,,0.04128335,0.0,0.0,0.0,0.0
5,6,7,0,,,,0.10348334,0.0,0.0,0.0,0.83
5,7,7,0,,,,1.5438,0.0,0.0,0.0,66.12
5,8,7,0,,,,0.8221667,0.0,0.0,0.0,120.52
5,9,7,0,,,,0.39203334,0.0,0.0,0.0,48.26
5,10,7,0,,,,0.4170667,0.0,0.0,0.0,84.92
5,11,7,0,,,,0.44076666,0.0,0.0,0.0,236.49
5,12,7,0,,,,0.47553337,0.0,0.0,0.0,426.8
5,13,7,0,,,,0.44788337,0.0,0.0,0.0,421.37
5,14,7,0,,,,1.2532667,0.0,0.0,0.0,206.0
5,15,7,0,,,,0.5836667,0.0,0.0,0.0,247.7
5,16,7,0,,,,2.0572834,0.0,0.0,0.0,314.85
5,17,7,0,,,,1.41805,0.0,0.0,0.0,319.27
5,18,7,0,,,,2.1568,0.0,0.0,0.0,168.96
5,19,7,0,,,,3.0774167,0.0,0.0,0.0,31.49
5,20,7,0,,,,0.8254,0.0,0.0,0.0,6.93
5,21,7,0,,,,1.3287166,0.0,0.0,0.0,0.0
5,22,7,0,,,,0.35508335,0.0,0.0,0.0,0.0
5,23,7,0,,,,0.06831672,0.0,0.0,0.0,0.0
5,24,7,0,,,,0.3393667,0.0,0.0,0.0,0.0
5,1,1,0,,,,0.06648339,0.0,0.0,0.0,0.0
5,2,1,0,,,,0.038283408,0.0,0.0,0.0,0.0
5,3,1,0,,,,0.5668,0.0,0.0,0.0,0.0
5,4,1,0,,,,0.56621665,0.0,0.0,0.0,0.0
5,5,1,0,,,,0.5771667,0.0,0.0,0.0,0.0
5,6,1,0,,,,0.4981,0.0,0.0,0.0,26.03
5,7,1,0,,,,0.07981673,0.0,0.0,0.0,98.48
5,8,1,0,,,,0.05740003,0.0,0.0,0.0,286.94
5,9,1,0,,,,0.29771668,0.0,0.0,0.0,461.92
5,10,1,0,,,,0.2971001,0.0,0.0,0.0,609.47
5,11,1,0,,,,0.003200118,0.0,0.0,0.0,693.08
5,12,1,0,,,,0.2777501,0.0,0.0,0.0,734.46
5,13,1,0,,,,2.2113833,0.0,0.0,0.0,668.29
5,14,1,0,,,,1.1494833,0.0,0.0,0.0,659.32
5,15,1,0,,,,1.2881833,0.0,0.0,0.0,174.89
5,16,1,0,,,,1.4349,0.0,0.0,0.0,241.14
5,17,1,0,,,,1.9522,0.0,0.0,0.0,79.64
5,18,1,0,,,,2.3894668,0.0,0.0,0.0,157.42
5,19,1,0,,,,1.3448167,0.0,0.0,0.0,50.61
5,20,1,0,,,,2.0377166,0.0,0.0,0.0,0.14
5,21,1,0,,,,1.7921667,0.0,0.0,0.0,0.0
5,22,1,0,,,,0.6479,0.0,0.0,0.0,0.0
5,23,1,0,,,,0.36793336,0.0,0.0,0.0,0.0
5,24,1,0,,,,0.32452503,0.0,0.0,0.0,0.0
5,1,2,0,,,,0.39991668,0.0,0.0,0.0,0.0
5,2,2,0,,,,0.25218335,0.0,0.0,0.0,0.0
5,3,2,0,,,,0.40758333,0.0,0.0,0.0,0.0
5,4,2,0,,,,0.49526668,0.0,0.0,0.0,0.0
5,5,2,0,,,,0.2761167,0.0,0.0,0.0,0.0
5,6,2,0,,,,0.09060004,0.0,0.0,0.0,0.86
5,7,2,0,,,,0.11838338,0.0,0.0,0.0,98.23
5,8,2,0,,,,0.11841668,0.0,0.0,0.0,269.37
5,9,2,0,,,,0.35426667,0.0,0.0,0.0,446.38
5,10,2,0,,,,1.1189333,0.0,0.0,0.0,597.65
5,11,2,0,,,,1.43655,0.0,0.0,0.0,679.14
5,12,2,0,,,,0.48181668,0.0,0.0,0.0,674.03
5,13,2,0,,,,2.5569832,0.0,0.0,0.0,361.68
5,14,2,0,,,,1.248,0.0,0.0,0.0,275.19
5,15,2,0,,,,2.2545834,0.0,0.0,0.0,562.53
5,16,2,0,,,,1.7674,0.0,0.0,0.0,490.95
5,17,2,0,,,,1.39495,0.0,0.0,0.0,143.46
5,18,2,0,,,,1.8046167,0.0,0.0,0.0,11.71
5,19,2,0,,,,1.1573833,0.0,0.0,0.0,32.46
5,20,2,0,,,,1.36265,0.0,0.0,0.0,8.49
5,21,2,0,,,,0.9791333,0.0,0.0,0.0,0.0
5,22,2,0,,,,0.53938335,0.0,0.0,0.0,0.0
5,23,2,0,,,,0.92265,0.0,0.0,0.0,0.0
5,24,2,0,,,,0.10276667,0.0,0.0,0.0,0.0
5,1,3,0,,,,0.28693333,0.0,0.0,0.0,0.0
5,2,3,0,,,,0.05873336,0.0,0.0,0.0,0.0
5,3,3,0,,,,0.6989,0.0,0.0,0.0,0.0
5,4,3,0,,,,0.46023336,0.0,0.0,0.0,0.0
5,5,3,0,,,,0.1089,0.0,0.0,0.0,0.0
5,6,3,0,,,,0.09075003,0.0,0.0,0.0,0.87
5,7,3,0,,,,0.11471671,0.0,0.0,0.0,97.84
5,8,3,0,,,,0.5384167,0.0,0.0,0.0,279.55
5,9,3,0,,,,1.35825,0.0,0.0,0.0,279.45
5,10,3,0,,,,0.5709334,0.0,0.0,0.0,524.88
5,11,3,0,,,,0.3304834,0.0,0.0,0.0,491.32
5,12,3,0,,,,0.8054001,0.0,0.0,0.0,404.91
5,13,3,0,,,,0.97103333,0.0,0.0,0.0,499.77
5,14,3,0,,,,0.6195667,0.0,0.0,0.0,556.32
5,15,3,0,,,,1.9051167,0.0,0.0,0.0,320.78
5,16,3,0,,,,0.80481666,0.0,0.0,0.0,340.32
5,17,3,0,,,,1.381,0.0,0.0,0.0,0.0
5,18,3,0,,,,0.75736666,0.0,0.0,0.0,119.89
5,19,3,0,,,,0.9652167,0.0,0.0,0.0,54.19
5,20,3,0,,,,0.3805667,0.0,0.0,0.0,0.0
5,21,3,0,,,,1.2388333,0.0,0.0,0.0,0.0
5,22,3,0,,,,0.8645833,0.0,0.0,0.0,0.0
5,23,3,0,,,,0.66786665,0.0,0.0,0.0,0.0
5,24,3,0,,,,0.20154166,0.0,0.0,0.0,0.0
5,1,4,0,,,,0.08458337,0.0,0.0,0.0,0.0
5,2,4,0,,,,0.034200057,0.0,0.0,0.0,0.0
5,3,4,0,,,,0.16401668,0.0,0.0,0.0,0.0
5,4,4,0,,,,0.50915,0.0,0.0,0.0,0.0
5,5,4,0,,,,0.02623339,0.0,0.0,0.0,0.0
5,6,4,0,,,,0.12443335,0.0,0.0,0.0,1.25
5,7,4,0,,,,0.10468339,0.0,0.0,0.0,83.72
5,8,4,0,,,,0.011316762,0.0,0.0,0.0,209.66
5,9,4,0,,,,0.053833377,0.0,0.0,0.0,386.94
5,10,4,0,,,,0.0542834,0.0,0.0,0.0,319.41
5,11,4,0,,,,0.013333439,0.0,0.0,0.0,411.72
5,12,4,0,,,,0.063650064,0.0,0.0,0.0,418.14
5,13,4,0,,,,0.04575004,0.0,0.0,0.0,611.11
5,14,4,0,,,,0.042666666,0.0,0.0,0.0,348.78
5,15,4,0,,,,0.21416667,0.0,0.0,0.0,99.21
5,16,4,0,,,,0.32243335,0.0,0.0,0.0,320.46
5,17,4,0,,,,0.07501671,0.0,0.0,0.0,64.89
5,18,4,0,,,,0.07395006,0.0,0.0,0.0,66.27
5,19,4,0,,,,0.023050074,0.0,0.0,0.0,27.34
5,20,4,0,,,,0.06605007,0.0,0.0,0.0,0.0
5,21,4,0,,,,0.059750065,0.0,0.0,0.0,0.0
5,22,4,0,,,,0.18120003,0.0,0.0,0.0,0.0
5,23,4,0,,,,0.5891,0.0,0.0,0.0,0.0
5,24,4,0,,,,0.22360836,0.0,0.0,0.0,0.0
5,1,5,0,,,,0.089133374,0.0,0.0,0.0,0.0
5,2,5,0,,,,0.08553338,0.0,0.0,0.0,0.0
5,3,5,0,,,,0.03970005,0.0,0.0,0.0,0.0
5,4,5,0,,,,1.05969114e-07,0.0,0.0,0.0,0.0
5,5,5,0,,,,0.5327667,0.0,0.0,0.0,0.0
5,6,5,0,,,,2.9070334,0.0,0.0,0.0,5.5
5,7,5,0,,,,1.7611166,0.0,0.0,0.0,101.66
5,8,5,0,,,,1.0208666,0.0,0.0,0.0,295.54
5,9,5,0,,,,0.43495,0.0,0.0,0.0,487.21
5,10,5,0,,,,0.055550065,0.0,0.0,0.0,636.14
5,11,5,0,,,,0.008750103,0.0,0.0,0.0,658.51
5,12,5,0,,,,0.0117834285,0.0,0.0,0.0,665.76
5,13,5,0,,,,0.01346675,0.0,0.0,0.0,666.41
5,14,5,0,,,,0.013750002,0.0,0.0,0.0,612.37
5,15,5,0,,,,0.021650039,0.0,0.0,0.0,592.08
5,16,5,0,,,,0.03060008,0.0,0.0,0.0,523.3
5,17,5,0,,,,0.0445834,0.0,0.0,0.0,357.92
5,18,5,0,,,,0.04770005,0.0,0.0,0.0,181.31
5,19,5,0,,,,0.04010005,0.0,0.0,0.0,45.58
5,20,5,0,,,,0.054516718,0.0,0.0,0.0,10.29
5,21,5,0,,,,0.052650053,0.0,0.0,0.0,0.0
5,22,5,0,,,,0.045116726,0.0,0.0,0.0,0.0
5,23,5,0,,,,0.036250066,0.0,0.0,0.0,0.0
5,24,5,0,,,,0.027800074,0.0,0.0,0.0,0.0
5,1,6,0,,,,0.02340008,0.0,0.0,0.0,0.0
5,2,6,0,,,,0.019283416,0.0,0.0,0.0,0.0
5,3,6,0,,,,0.020050086,0.0,0.0,0.0,0.0
5,4,6,0,,,,0.017900089,0.0,0.0,0.0,0.0
5,5,6,0,,,,0.014566756,0.0,0.0,0.0,0.0
5,6,6,0,,,,0.01086676,0.0,0.0,0.0,16.2
5,7,6,0,,,,0.008700108,0.0,0.0,0.0,106.41
5,8,6,0,,,,0.0063667316,0.0,0.0,0.0,269.41
5,9,6,0,,,,0.22915001,0.0,0.0,0.0,424.84
5,10,6,0,,,,0.1294834,0.0,0.0,0.0,596.39
5,11,6,0,,,,0.0071834433,0.0,0.0,0.0,682.9
5,12,6,0,,,,0.0058667785,0.0,0.0,0.0,740.18
5,13,6,0,,,,0.0073500243,0.0,0.0,0.0,700.54
5,14,6,0,,,,0.0072666667,0.0,0.0,0.0,396.5
5,15,6,0,,,,0.008550026,0.0,0.0,0.0,523.55
5,16,6,0,,,,0.006666783,0.0,0.0,0.0,275.12
5,17,6,0,,,,0.0036001098,0.0,0.0,0.0,337.13
5,18,6,0,,,,0.0019500976,0.0,0.0,0.0,162.41
5,19,6,0,,,,0.006383425,0.0,0.0,0.0,54.39
5,20,6,0,,,,1.06645,0.0,0.0,0.0,10.07
5,21,6,0,,,,0.0069334228,0.0,0.0,0.0,0.0
5,22,6,0,,,,0.016883418,0.0,0.0,0.0,0.0
5,23,6,0,,,,0.017916745,0.0,0.0,0.0,0.0
5,24,6,0,,,,0.020566741,0.0,0.0,0.0,0.0
5,1,7,0,,,,0.01981674,0.0,0.0,0.0,0.0
5,2,7,0,,,,0.018000066,0.0,0.0,0.0,0.0
5,3,7,0,,,,0.036383405,0.0,0.0,0.0,0.0
5,4,7,0,,,,0.0010167692,0.0,0.0,0.0,0.0
5,5,7,0,,,,0.0031334327,0.0,0.0,0.0,0.0
5,6,7,0,,,,0.003633439,0.0,0.0,0.0,19.61
5,7,7,0,,,,0.0034667787,0.0,0.0,0.0,103.89
5,8,7,0,,,,0.004116705,0.0,0.0,0.0,278.67
5,9,7,0,,,,0.12421667,0.0,0.0,0.0,462.83
5,10,7,0,,,,0.22386673,0.0,0.0,0.0,616.16
5,11,7,0,,,,0.0034167785,0.0,0.0,0.0,688.6
5,12,7,0,,,,0.0035833984,0.0,0.0,0.0,671.87
5,13,7,0,,,,0.00495,0.0,0.0,0.0,592.8
5,14,7,0,,,,0.007333333,0.0,0.0,0.0,518.24
5,15,7,0,,,,0.004333374,0.0,0.0,0.0,320.59
5,16,7,0,,,,0.2084001,0.0,0.0,0.0,372.46
5,17,7,0,,,,1.9963167,0.0,0.0,0.0,329.89
5,18,7,0,,,,0.024266737,0.0,0.0,0.0,159.51
5,19,7,0,,,,0.022116734,0.0,0.0,0.0,49.07
5,20,7,0,,,,2.0802,0.0,0.0,0.0,11.15
5,21,7,0,,,,0.7720667,0.0,0.0,0.0,0.0
5,22,7,0,,,,0.31350008,0.0,0.0,0.0,0.0
5,23,7,0,,,,0.69715,0.0,0.0,0.0,0.0
5,24,7,0,,,,0.22791669,0.0,0.0,0.0,0.0
5,1,1,0,,,,0.2515834,0.0,0.0,0.0,0.0
5,2,1,0,,,,0.032300066,0.0,0.0,0.0,0.0
5,3,1,0,,,,0.078850046,0.0,0.0,0.0,0.0
5,4,1,0,,,,0.09170005,0.0,0.0,0.0,0.0
5,5,1,0,,,,0.062300056,0.0,0.0,0.0,0.0
5,6,1,0,,,,0.03018341,0.0,0.0,0.0,22.11
5,7,1,0,,,,0.009750103,0.0,0.0,0.0,39.63
5,8,1,0,,,,0.008450042,0.0,0.0,0.0,272.35
5,9,1,0,,,,0.0197,0.0,0.0,0.0,383.92
5,10,1,0,,,,0.3058167,0.0,0.0,0.0,599.77
5,11,1,0,,,,0.23463337,0.0,0.0,0.0,711.5
5,12,1,0,,,,2.3844833,0.0,0.0,0.0,781.04
5,13,1,0,,,,0.88926667,0.0,0.0,0.0,710.3
5,14,1,0,,,,1.34175,0.0,0.0,0.0,710.95
5,15,1,0,,,,1.88245,0.0,0.0,0.0,168.35
5,16,1,0,,,,4.229133,0.0,0.0,0.0,179.71
5,17,1,0,,,,2.9669,0.0,0.0,0.0,242.9
5,18,1,0,,,,2.4808333,0.0,0.0,0.0,82.26
5,19,1,0,,,,2.3571167,0.0,0.0,0.0,55.33
5,20,1,0,,,,2.7963166,0.0,0.0,0.0,11.14
5,21,1,0,,,,0.41730002,0.0,0.0,0.0,0.0
5,22,1,0,,,,0.18420002,0.0,0.0,0.0,0.0
5,23,1,0,,,,0.29225,0.0,0.0,0.0,0.0
5,24,1,0,,,,1.1943916,0.0,0.0,0.0,0.0
5,1,2,0,,,,0.23515002,0.0,0.0,0.0,0.0
5,2,2,0,,,,0.018766742,0.0,0.0,0.0,0.0
5,3,2,0,,,,0.03216672,0.0,0.0,0.0,0.0
5,4,2,0,,,,0.058133386,0.0,0.0,0.0,0.0
5,5,2,0,,,,0.08053338,0.0,0.0,0.0,0.0
5,6,2,0,,,,0.11628891,0.0,0.0,0.0,35.63
5,7,2,0,,,,0.060500056,0.0,0.0,0.0,93.92
5,8,2,0,,,,0.0505334,0.0,0.0,0.0,281.7
5,9,2,0,,,,0.012116717,0.0,0.0,0.0,448.86
5,10,2,0,,,,0.011650099,0.0,0.0,0.0,489.08
5,11,2,0,,,,0.3287,0.0,0.0,0.0,651.28
5,12,2,0,,,,0.16225007,0.0,0.0,0.0,602.74
5,13,2,0,,,,0.004183409,0.0,0.0,0.0,400.41
5,14,2,0,,,,0.010950002,0.0,0.0,0.0,471.54
5,15,2,0,,,,0.05056669,0.0,0.0,0.0,414.36
5,16,2,0,,,,0.27018335,0.0,0.0,0.0,351.06
5,17,2,0,,,,0.12639585,0.0,0.0,0.0,321.09
5,18,2,0,,,,0.072216675,0.0,0.0,0.0,172.59
5,19,2,0,,,,1.19105,0.0,0.0,0.0,57.51
5,20,2,0,,,,0.15825,0.0,0.0,0.0,1.55
5,21,2,0,,,,1.4336833,0.0,0.0,0.0,0.0
5,22,2,0,,,,1.3860667,0.0,0.0,0.0,0.0
5,23,2,0,,,,0.22913334,0.0,0.0,0.0,0.0
5,24,2,0,,,,0.112825006,0.0,0.0,0.0,0.0
5,1,3,0,,,,0.14695,0.0,0.0,0.0,0.0
5,2,3,0,,,,0.09169003,0.0,0.0,0.0,0.0
5,3,3,0,,,,0.41771665,0.0,0.0,0.0,0.0
5,4,3,0,,,,0.5040333,0.0,0.0,0.0,0.0
5,5,3,0,,,,0.51561666,0.0,0.0,0.0,0.0
5,6,3,0,,,,0.30295002,0.0,0.0,0.0,1.22
5,7,3,0,,,,0.12388337,0.0,0.0,0.0,19.82
5,8,3,0,,,,0.10466672,0.0,0.0,0.0,64.82
5,9,3,0,,,,0.09818339,0.0,0.0,0.0,249.85
5,10,3,0,,,,0.08285006,0.0,0.0,0.0,596.35
5,11,3,0,,,,0.30233335,0.0,0.0,0.0,700.21
5,12,3,0,,,,0.11913336,0.0,0.0,0.0,728.99
5,13,3,0,,,,0.08285002,0.0,0.0,0.0,724.59
5,14,3,0,,,,0.19798334,0.0,0.0,0.0,611.82
5,15,3,0,,,,0.60065,0.0,0.0,0.0,629.64
5,16,3,0,,,,0.6001833,0.0,0.0,0.0,518.02
5,17,3,0,,,,0.23581667,0.0,0.0,0.0,358.14
5,18,3,0,,,,0.11931669,0.0,0.0,0.0,178.77
5,19,3,0,,,,0.2906,0.0,0.0,0.0,59.25
5,20,3,0,,,,0.41508335,0.0,0.0,0.0,1.56
5,21,3,0,,,,1.76805,0.0,0.0,0.0,0.0
5,22,3,0,,,,1.1057667,0.0,0.0,0.0,0.0
5,23,3,0,,,,0.060783375,0.0,0.0,0.0,0.0
5,24,3,0,,,,0.034733392,0.0,0.0,0.0,0.0
6,1,4,0,,,,0.05863339,0.0,0.0,0.0,0.0
6,2,4,0,,,,0.3328167,0.0,0.0,0.0,0.0
6,3,4,0,,,,0.43826666,0.0,0.0,0.0,0.0
6,4,4,0,,,,0.4403,0.0,0.0,0.0,0.0
6,5,4,0,,,,0.54031664,0.0,0.0,0.0,0.0
6,6,4,0,,,,0.07185005,0.0,0.0,0.0,1.63
6,7,4,0,,,,0.040750068,0.0,0.0,0.0,101.88
6,8,4,0,,,,0.05173337,0.0,0.0,0.0,207.69
6,9,4,0,,,,0.08008336,0.0,0.0,0.0,467.3
6,10,4,0,,,,0.060516737,0.0,0.0,0.0,559.41
6,11,4,0,,,,0.059600063,0.0,0.0,0.0,657.04
6,12,4,0,,,,0.06693339,0.0,0.0,0.0,674.11
6,13,4,0,,,,0.13098335,0.0,0.0,0.0,679.42
6,14,4,0,,,,0.21475,0.0,0.0,0.0,683.07
6,15,4,0,,,,0.53328335,0.0,0.0,0.0,647.73
6,16,4,0,,,,1.8105,0.0,0.0,0.0,527.57
6,17,4,0,,,,1.5774833,0.0,0.0,0.0,368.56
6,18,4,0,,,,0.41995,0.0,0.0,0.0,179.42
6,19,4,0,,,,1.02915,0.0,0.0,0.0,47.26
6,20,4,0,,,,0.7556,0.0,0.0,0.0,13.5
6,21,4,0,,,,0.71926665,0.0,0.0,0.0,0.0
6,22,4,0,,,,2.07335,0.0,0.0,0.0,0.0
6,23,4,0,,,,0.11560001,0.0,0.0,0.0,0.0
6,24,4,0,,,,0.109425016,0.0,0.0,0.0,0.0
6,1,5,0,,,,0.08996667,0.0,0.0,0.0,0.0
6,2,5,0,,,,0.083000004,0.0,0.0,0.0,0.0
6,3,5,0,,,,0.38541666,0.0,0.0,0.0,0.0
6,4,5,0,,,,0.50065005,0.0,0.0,0.0,0.0
6,5,5,0,,,,0.023616737,0.0,0.0,0.0,0.0
6,6,5,0,,,,0.053316705,0.0,0.0,0.0,1.63
6,7,5,0,,,,0.052766725,0.0,0.0,0.0,8.91
6,8,5,0,,,,0.19870006,0.0,0.0,0.0,52.42
6,9,5,0,,,,1.6051834,0.0,0.0,0.0,169.06
6,10,5,0,,,,0.61140007,0.0,0.0,0.0,422.03
6,11,5,0,,,,0.5758334,0.0,0.0,0.0,691.97
6,12,5,0,,,,1.7407334,0.0,0.0,0.0,774.05
6,13,5,0,,,,1.3735167,0.0,0.0,0.0,767.85
6,14,5,0,,,,2.48405,0.0,0.0,0.0,707.11
6,15,5,0,,,,2.0258,0.0,0.0,0.0,661.04
6,16,5,0,,,,1.57595,0.0,0.0,0.0,535.62
6,17,5,0,,,,1.3391334,0.0,0.0,0.0,367.9
6,18,5,0,,,,1.8771167,0.0,0.0,0.0,181.03
6,19,5,0,,,,0.878,0.0,0.0,0.0,47.96
6,20,5,0,,,,0.422025,0.0,0.0,0.0,14.12
6,21,5,0,,,,0.47206667,0.0,0.0,0.0,0.0
6,22,5,0,,,,1.4541833,0.0,0.0,0.0,0.0
6,23,5,0,,,,0.2889167,0.0,0.0,0.0,0.0
6,24,5,0,,,,0.15457337,0.0,0.0,0.0,0.0
6,1,6,0,,,,0.64938337,0.0,0.0,0.0,0.0
6,2,6,0,,,,0.12203335,0.0,0.0,0.0,0.0
6,3,6,0,,,,0.14146668,0.0,0.0,0.0,0.0
6,4,6,0,,,,0.41413334,0.0,0.0,0.0,0.0
6,5,6,0,,,,0.20528334,0.0,0.0,0.0,0.0
6,6,6,0,,,,0.15788335,0.0,0.0,0.0,36.42
6,7,6,0,,,,0.13543335,0.0,0.0,0.0,93.5
6,8,6,0,,,,0.16660002,0.0,0.0,0.0,284.73
6,9,6,0,,,,0.8552333,0.0,0.0,0.0,458.03
6,10,6,0,,,,2.8026667,0.0,0.0,0.0,599.43
6,11,6,0,,,,2.0875833,0.0,0.0,0.0,699.31
6,12,6,0,,,,2.5435834,0.0,0.0,0.0,614.35
6,13,6,0,,,,2.2834,0.0,0.0,0.0,623.28
6,14,6,0,,,,1.6762167,0.0,0.0,0.0,631.41
6,15,6,0,,,,0.2005667,0.0,0.0,0.0,452.89
6,16,6,0,,,,2.5466166,0.0,0.0,0.0,113.14
6,17,6,0,,,,1.23315,0.0,0.0,0.0,156.88
6,18,6,0,,,,0.92831665,0.0,0.0,0.0,126.0
6,19,6,0,,,,0.941,0.0,0.0,0.0,58.44
6,20,6,0,,,,0.5621833,0.0,0.0,0.0,7.26
6,21,6,0,,,,0.5333833,0.0,0.0,0.0,0.0
6,22,6,0,,,,0.67841667,0.0,0.0,0.0,0.0
6,23,6,0,,,,0.26338333,0.0,0.0,0.0,0.0
6,24,6,0,,,,2.9306583,0.0,0.0,0.0,0.0
6,1,7,0,,,,1.4237334,0.0,0.0,0.0,0.0
6,2,7,0,,,,1.0751166,0.0,0.0,0.0,0.0
6,3,7,0,,,,0.51273334,0.0,0.0,0.0,0.0
6,4,7,0,,,,0.059266675,0.0,0.0,0.0,0.0
6,5,7,0,,,,0.08825003,0.0,0.0,0.0,0.0
6,6,7,0,,,,0.119283356,0.0,0.0,0.0,35.62
6,7,7,0,,,,0.09845,0.0,0.0,0.0,96.65
6,8,7,0,,,,0.053016677,0.0,0.0,0.0,253.4
6,9,7,0,,,,0.1017,0.0,0.0,0.0,442.11
6,10,7,0,,,,0.11051668,0.0,0.0,0.0,552.07
6,11,7,0,,,,0.08090002,0.0,0.0,0.0,582.93
6,12,7,0,,,,1.7418166,0.0,0.0,0.0,628.32
6,13,7,0,,,,0.2041,0.0,0.0,0.0,486.75
6,14,7,0,,,,1.3689,0.0,0.0,0.0,576.39
6,15,7,0,,,,0.9500667,0.0,0.0,0.0,353.78
6,16,7,0,,,,3.94285,0.0,0.0,0.0,57.29
6,17,7,0,,,,1.0682833,0.0,0.0,0.0,112.89
6,18,7,0,,,,3.3666832,0.0,0.0,0.0,24.39
6,19,7,0,,,,1.59435,0.0,0.0,0.0,37.65
6,20,7,0,,,,1.7812333,0.0,0.0,0.0,14.67
6,21,7,0,,,,1.5516666,0.0,0.0,0.0,0.0
6,22,7,0,,,,2.2991333,0.0,0.0,0.0,0.0
6,23,7,0,,,,0.48216668,0.0,0.0,0.0,0.0
6,24,7,0,,,,0.086116694,0.0,0.0,0.0,0.0
6,1,1,0,,,,0.040466726,0.0,0.0,0.0,0.0
6,2,1,0,,,,0.07235004,0.0,0.0,0.0,0.0
6,3,1,0,,,,0.4605167,0.0,0.0,0.0,0.0
6,4,1,0,,,,0.5291833,0.0,0.0,0.0,0.0
6,5,1,0,,,,0.4929,0.0,0.0,0.0,0.0
6,6,1,0,,,,0.27566668,0.0,0.0,0.0,1.6
6,7,1,0,,,,0.05145006,0.0,0.0,0.0,27.99
6,8,1,0,,,,0.040183354,0.0,0.0,0.0,167.36
6,9,1,0,,,,0.052716665,0.0,0.0,0.0,232.89
6,10,1,0,,,,0.07101672,0.0,0.0,0.0,534.78
6,11,1,0,,,,0.08771672,0.0,0.0,0.0,373.23
6,12,1,0,,,,0.06885006,0.0,0.0,0.0,679.51
6,13,1,0,,,,0.14338335,0.0,0.0,0.0,679.59
6,14,1,0,,,,0.923275,0.0,0.0,0.0,749.15
6,15,1,0,,,,2.3445833,0.0,0.0,0.0,659.64
6,16,1,0,,,,1.5699834,0.0,0.0,0.0,495.39
6,17,1,0,,,,0.48946667,0.0,0.0,0.0,362.16
6,18,1,0,,,,0.7978667,0.0,0.0,0.0,158.48
6,19,1,0,,,,0.98095006,0.0,0.0,0.0,63.85
6,20,1,0,,,,1.0665667,0.0,0.0,0.0,6.34
6,21,1,0,,,,0.10241669,0.0,0.0,0.0,0.0
6,22,1,0,,,,0.15385003,0.0,0.0,0.0,0.0
6,23,1,0,,,,0.14108336,0.0,0.0,0.0,0.0
6,24,1,0,,,,0.11481671,0.0,0.0,0.0,0.0
6,1,2,0,,,,0.08983336,0.0,0.0,0.0,0.0
6,2,2,0,,,,0.1070667,0.0,0.0,0.0,0.0
6,3,2,0,,,,0.55396664,0.0,0.0,0.0,0.0
6,4,2,0,,,,0.60583335,0.0,0.0,0.0,0.0
6,5,2,0,,,,0.52463335,0.0,0.0,0.0,0.0
6,6,2,0,,,,0.06073338,0.0,0.0,0.0,12.69
6,7,2,0,,,,0.09491671,0.0,0.0,0.0,9.42
6,8,2,0,,,,0.13140005,0.0,0.0,0.0,18.27
6,9,2,0,,,,0.37365,0.0,0.0,0.0,284.44
6,10,2,0,,,,0.31011668,0.0,0.0,0.0,565.94
6,11,2,0,,,,0.1890167,0.0,0.0,0.0,577.98
6,12,2,0,,,,0.47416666,0.0,0.0,0.0,660.21
6,13,2,0,,,,0.18883334,0.0,0.0,0.0,562.72
6,14,2,0,,,,0.9815,0.0,0.0,0.0,612.96
6,15,2,0,,,,1.22425,0.0,0.0,0.0,531.3
6,16,2,0,,,,2.3899,0.0,0.0,0.0,434.04
6,17,2,0,,,,2.9371166,0.0,0.0,0.0,346.79
6,18,2,0,,,,1.3293166,0.0,0.0,0.0,179.36
6,19,2,0,,,,0.93486667,0.0,0.0,0.0,43.12
6,20,2,0,,,,0.431,0.0,0.0,0.0,14.08
6,21,2,0,,,,0.43178335,0.0,0.0,0.0,0.0
6,22,2,0,,,,0.062400054,0.0,0.0,0.0,0.0
6,23,2,0,,,,0.34295005,0.0,0.0,0.0,0.0
6,24,2,0,,,,0.06928338,0.0,0.0,0.0,0.0
6,1,3,0,,,,0.046950042,0.0,0.0,0.0,0.0
6,2,3,0,,,,0.02496672,0.0,0.0,0.0,0.0
6,3,3,0,,,,0.38861668,0.0,0.0,0.0,0.0
6,4,3,0,,,,0.6062833,0.0,0.0,0.0,0.0
6,5,3,0,,,,0.39723337,0.0,0.0,0.0,0.0
6,6,3,0,,,,0.076350056,0.0,0.0,0.0,1.62
6,7,3,0,,,,0.05938339,0.0,0.0,0.0,9.48
6,8,3,0,,,,0.03901674,0.0,0.0,0.0,77.49
6,9,3,0,,,,0.019783346,0.0,0.0,0.0,49.23
6,10,3,0,,,,0.28756675,0.0,0.0,0.0,452.46
6,11,3,0,,,,0.24563344,0.0,0.0,0.0,410.29
6,12,3,0,,,,0.21690008,0.0,0.0,0.0,744.8
6,13,3,0,,,,0.81515,0.0,0.0,0.0,689.24
6,14,3,0,,,,0.69561666,0.0,0.0,0.0,589.17
6,15,3,0,,,,0.7895833,0.0,0.0,0.0,576.88
6,16,3,0,,,,0.9450667,0.0,0.0,0.0,515.83
6,17,3,0,,,,1.1438667,0.0,0.0,0.0,344.11
6,18,3,0,,,,3.4077334,0.0,0.0,0.0,178.02
6,19,3,0,,,,1.18315,0.0,0.0,0.0,46.45
6,20,3,0,,,,1.37335,0.0,0.0,0.0,15.3
6,21,3,0,,,,2.1683333,0.0,0.0,0.0,0.0
6,22,3,0,,,,0.5263334,0.0,0.0,0.0,0.0
6,23,3,0,,,,0.20016669,0.0,0.0,0.0,0.0
6,24,3,0,,,,0.3833167,0.0,0.0,0.0,0.0
6,1,4,0,,,,0.3432,0.0,0.0,0.0,0.0
6,2,4,0,,,,0.110683344,0.0,0.0,0.0,0.0
6,3,4,0,,,,0.4114,0.0,0.0,0.0,0.0
6,4,4,0,,,,0.6958167,0.0,0.0,0.0,0.0
6,5,4,0,,,,0.4303,0.0,0.0,0.0,0.0
6,6,4,0,,,,0.11468336,0.0,0.0,0.0,37.6
6,7,4,0,,,,0.112616695,0.0,0.0,0.0,92.77
6,8,4,0,,,,0.14403337,0.0,0.0,0.0,281.51
6,9,4,0,,,,0.19328333,0.0,0.0,0.0,464.43
6,10,4,0,,,,0.21051668,0.0,0.0,0.0,599.2
6,11,4,0,,,,0.45356667,0.0,0.0,0.0,709.99
6,12,4,0,,,,2.5192833,0.0,0.0,0.0,765.1
6,13,4,0,,,,1.5136,0.0,0.0,0.0,749.03
6,14,4,0,,,,1.3882834,0.0,0.0,0.0,603.4
6,15,4,0,,,,0.54573333,0.0,0.0,0.0,524.37
6,16,4,0,,,,0.59281665,0.0,0.0,0.0,331.14
6,17,4,0,,,,1.8753667,0.0,0.0,0.0,182.46
6,18,4,0,,,,2.1342332,0.0,0.0,0.0,149.58
6,19,4,0,,,,1.54625,0.0,0.0,0.0,61.58
6,20,4,0,,,,1.8466333,0.0,0.0,0.0,17.16
6,21,4,0,,,,1.7256501,0.0,0.0,0.0,0.0
6,22,4,0,,,,0.5167,0.0,0.0,0.0,0.0
6,23,4,0,,,,0.45387778,0.0,0.0,0.0,0.0
6,24,4,0,,,,0.21484166,0.0,0.0,0.0,0.0
6,1,5,0,,,,0.63346666,0.0,0.0,0.0,0.0
6,2,5,0,,,,0.32055002,0.0,0.0,0.0,0.0
6,3,5,0,,,,0.43940002,0.0,0.0,0.0,0.0
6,4,5,0,,,,0.5684,0.0,0.0,0.0,0.0
6,5,5,0,,,,0.3005,0.0,0.0,0.0,0.0
6,6,5,0,,,,0.1953667,0.0,0.0,0.0,38.91
6,7,5,0,,,,0.22581667,0.0,0.0,0.0,98.32
6,8,5,0,,,,0.1675,0.0,0.0,0.0,274.64
6,9,5,0,,,,0.06821667,0.0,0.0,0.0,442.26
6,10,5,0,,,,0.10011669,0.0,0.0,0.0,585.43
6,11,5,0,,,,0.1102667,0.0,0.0,0.0,692.64
6,12,5,0,,,,0.123716705,0.0,0.0,0.0,503.79
6,13,5,0,,,,0.4255,0.0,0.0,0.0,722.51
6,14,5,0,,,,0.61476666,0.0,0.0,0.0,569.56
6,15,5,0,,,,1.2003,0.0,0.0,0.0,38.68
6,16,5,0,,,,1.4846166,0.0,0.0,0.0,31.44
6,17,5,0,,,,1.5066,0.0,0.0,0.0,55.66
6,18,5,0,,,,1.1429167,0.0,0.0,0.0,136.71
6,19,5,0,,,,1.31675,0.0,0.0,0.0,43.55
6,20,5,0,,,,1.3450667,0.0,0.0,0.0,17.05
6,21,5,0,,,,1.3681667,0.0,0.0,0.0,0.0
6,22,5,0,,,,1.4890833,0.0,0.0,0.0,0.0
6,23,5,0,,,,0.96171665,0.0,0.0,0.0,0.0
6,24,5,0,,,,0.12603335,0.0,0.0,0.0,0.0
6,1,6,0,,,,0.05330005,0.0,0.0,0.0,0.0
6,2,6,0,,,,0.091200024,0.0,0.0,0.0,0.0
6,3,6,0,,,,0.11128337,0.0,0.0,0.0,0.0
6,4,6,0,,,,0.106100045,0.0,0.0,0.0,0.0
6,5,6,0,,,,0.084150046,0.0,0.0,0.0,0.0
6,6,6,0,,,,0.101616696,0.0,0.0,0.0,38.07
6,7,6,0,,,,0.45215002,0.0,0.0,0.0,97.15
6,8,6,0,,,,0.51088333,0.0,0.0,0.0,272.61
6,9,6,0,,,,0.56773335,0.0,0.0,0.0,441.44
6,10,6,0,,,,0.45175,0.0,0.0,0.0,551.85
6,11,6,0,,,,0.35573336,0.0,0.0,0.0,669.07
6,12,6,0,,,,0.053566724,0.0,0.0,0.0,737.85
6,13,6,0,,,,0.26595008,0.0,0.0,0.0,751.03
6,14,6,0,,,,0.2935667,0.0,0.0,0.0,708.68
6,15,6,0,,,,0.32255003,0.0,0.0,0.0,631.15
6,16,6,0,,,,0.51425004,0.0,0.0,0.0,509.48
6,17,6,0,,,,0.09165005,0.0,0.0,0.0,368.56
6,18,6,0,,,,0.8944,0.0,0.0,0.0,185.24
6,19,6,0,,,,0.5583834,0.0,0.0,0.0,33.05
6,20,6,0,,,,0.2837167,0.0,0.0,0.0,17.45
6,21,6,0,,,,0.45170003,0.0,0.0,0.0,0.0
6,22,6,0,,,,0.83245,0.0,0.0,0.0,0.0
6,23,6,0,,,,0.9744833,0.0,0.0,0.0,0.0
6,24,6,0,,,,1.2463334,0.0,0.0,0.0,0.0
6,1,7,0,,,,1.1597,0.0,0.0,0.0,0.0
6,2,7,0,,,,0.86361665,0.0,0.0,0.0,0.0
6,3,7,0,,,,0.28803337,0.0,0.0,0.0,0.0
6,4,7,0,,,,0.05511672,0.0,0.0,0.0,0.0
6,5,7,0,,,,0.057016715,0.0,0.0,0.0,0.0
6,6,7,0,,,,0.092950046,0.0,0.0,0.0,37.33
6,7,7,0,,,,0.15650003,0.0,0.0,0.0,99.06
6,8,7,0,,,,0.4554,0.0,0.0,0.0,273.32
6,9,7,0,,,,0.24131669,0.0,0.0,0.0,446.34
6,10,7,0,,,,0.03738341,0.0,0.0,0.0,588.07
6,11,7,0,,,,0.02705009,0.0,0.0,0.0,705.44
6,12,7,0,,,,0.020033428,0.0,0.0,0.0,757.32
6,13,7,0,,,,0.019483432,0.0,0.0,0.0,715.73
6,14,7,0,,,,0.015033437,0.0,0.0,0.0,691.15
6,15,7,0,,,,0.01198341,0.0,0.0,0.0,626.08
6,16,7,0,,,,0.012083408,0.0,0.0,0.0,496.18
6,17,7,0,,,,0.15718336,0.0,0.0,0.0,338.42
6,18,7,0,,,,0.6845667,0.0,0.0,0.0,181.53
6,19,7,0,,,,0.9996833,0.0,0.0,0.0,45.38
6,20,7,0,,,,0.72805,0.0,0.0,0.0,18.05
6,21,7,0,,,,0.8577167,0.0,0.0,0.0,0.0
6,22,7,0,,,,0.6766,0.0,0.0,0.0,0.0
6,23,7,0,,,,0.27315003,0.0,0.0,0.0,0.0
6,24,7,0,,,,0.14733335,0.0,0.0,0.0,0.0
6,1,1,0,,,,0.1395667,0.0,0.0,0.0,0.0
6,2,1,0,,,,0.14000003,0.0,0.0,0.0,0.0
6,3,1,0,,,,0.3587667,0.0,0.0,0.0,0.0
6,4,1,0,,,,0.53118336,0.0,0.0,0.0,0.0
6,5,1,0,,,,0.38273335,0.0,0.0,0.0,0.0
6,6,1,0,,,,0.12593333,0.0,0.0,0.0,37.16
6,7,1,0,,,,0.20565,0.0,0.0,0.0,100.87
6,8,1,0,,,,0.16055,0.0,0.0,0.0,268.33
6,9,1,0,,,,0.09701667,0.0,0.0,0.0,441.24
6,10,1,0,,,,0.13431668,0.0,0.0,0.0,581.58
6,11,1,0,,,,0.11603336,0.0,0.0,0.0,568.89
6,12,1,0,,,,0.1395167,0.0,0.0,0.0,643.2
6,13,1,0,,,,0.20106667,0.0,0.0,0.0,564.08
6,14,1,0,,,,0.24768333,0.0,0.0,0.0,604.86
6,15,1,0,,,,0.19833334,0.0,0.0,0.0,517.95
6,16,1,0,,,,0.43658334,0.0,0.0,0.0,424.09
6,17,1,0,,,,0.12526669,0.0,0.0,0.0,334.87
6,18,1,0,,,,1.1566334,0.0,0.0,0.0,184.88
6,19,1,0,,,,1.0029334,0.0,0.0,0.0,43.25
6,20,1,0,,,,0.57255,0.0,0.0,0.0,18.0
6,21,1,0,,,,0.57951665,0.0,0.0,0.0,0.0
6,22,1,0,,,,0.84138334,0.0,0.0,0.0,0.0
6,23,1,0,,,,0.35475,0.0,0.0,0.0,0.0
6,24,1,0,,,,0.099883355,0.0,0.0,0.0,0.0
6,1,2,0,,,,0.065350056,0.0,0.0,0.0,0.0
6,2,2,0,,,,0.037866734,0.0,0.0,0.0,0.0
6,3,2,0,,,,0.34858337,0.0,0.0,0.0,0.0
6,4,2,0,,,,0.48813334,0.0,0.0,0.0,0.0
6,5,2,0,,,,0.3093167,0.0,0.0,0.0,0.0
6,6,2,0,,,,0.03318341,0.0,0.0,0.0,4.33
6,7,2,0,,,,0.029316755,0.0,0.0,0.0,22.74
6,8,2,0,,,,0.11540004,0.0,0.0,0.0,247.32
6,9,2,0,,,,0.016666668,0.0,0.0,0.0,444.22
6,10,2,0,,,,0.014633431,0.0,0.0,0.0,584.77
6,11,2,0,,,,0.008066781,0.0,0.0,0.0,696.09
6,12,2,0,,,,0.0034167827,0.0,0.0,0.0,744.58
6,13,2,0,,,,0.01185003,0.0,0.0,0.0,731.57
6,14,2,0,,,,0.23208334,0.0,0.0,0.0,682.1
6,15,2,0,,,,0.92555,0.0,0.0,0.0,184.78
6,16,2,0,,,,0.46758336,0.0,0.0,0.0,193.85
6,17,2,0,,,,0.7216334,0.0,0.0,0.0,91.71
6,18,2,0,,,,0.4149834,0.0,0.0,0.0,169.86
6,19,2,0,,,,1.3269334,0.0,0.0,0.0,46.5
6,20,2,0,,,,1.5520333,0.0,0.0,0.0,18.66
6,21,2,0,,,,1.6424667,0.0,0.0,0.0,0.0
6,22,2,0,,,,0.64645,0.0,0.0,0.0,0.0
6,23,2,0,,,,0.36683333,0.0,0.0,0.0,0.0
6,24,2,0,,,,0.25815007,0.0,0.0,0.0,0.0
6,1,3,0,,,,0.10021668,0.0,0.0,0.0,0.0
6,2,3,0,,,,0.039000023,0.0,0.0,0.0,0.0
6,3,3,0,,,,0.43111667,0.0,0.0,0.0,0.0
6,4,3,0,,,,0.54788333,0.0,0.0,0.0,0.0
6,5,3,0,,,,0.46495003,0.0,0.0,0.0,0.0
6,6,3,0,,,,0.11238335,0.0,0.0,0.0,2.01
6,7,3,0,,,,0.08165003,0.0,0.0,0.0,45.43
6,8,3,0,,,,0.07218337,0.0,0.0,0.0,216.98
6,9,3,0,,,,0.06725,0.0,0.0,0.0,382.04
6,10,3,0,,,,0.2427834,0.0,0.0,0.0,443.39
6,11,3,0,,,,0.12391677,0.0,0.0,0.0,578.44
6,12,3,0,,,,0.56320006,0.0,0.0,0.0,656.74
6,13,3,0,,,,0.6397667,0.0,0.0,0.0,670.77
6,14,3,0,,,,3.5901666,0.0,0.0,0.0,665.37
6,15,3,0,,,,2.7680833,0.0,0.0,0.0,139.97
6,16,3,0,,,,1.6273416,0.0,0.0,0.0,481.83
6,17,3,0,,,,1.71985,0.0,0.0,0.0,306.06
6,18,3,0,,,,1.0280833,0.0,0.0,0.0,102.74
6,19,3,0,,,,0.87469167,0.0,0.0,0.0,50.71
6,20,3,0,,,,1.67355,0.0,0.0,0.0,6.59
6,21,3,0,,,,1.3165,0.0,0.0,0.0,0.0
6,22,3,0,,,,2.8820167,0.0,0.0,0.0,0.0
6,23,3,0,,,,1.79475,0.0,0.0,0.0,0.0
6,24,3,0,,,,0.12846668,0.0,0.0,0.0,0.0
6,1,4,0,,,,0.06620005,0.0,0.0,0.0,0.0
6,2,4,0,,,,0.079183385,0.0,0.0,0.0,0.0
6,3,4,0,,,,0.36866668,0.0,0.0,0.0,0.0
6,4,4,0,,,,0.6041333,0.0,0.0,0.0,0.0
6,5,4,0,,,,0.09700006,0.0,0.0,0.0,0.0
6,6,4,0,,,,0.055666726,0.0,0.0,0.0,35.56
6,7,4,0,,,,0.104866706,0.0,0.0,0.0,100.33
6,8,4,0,,,,0.12503333,0.0,0.0,0.0,262.23
6,9,4,0,,,,0.11051667,0.0,0.0,0.0,426.71
6,10,4,0,,,,1.13775,0.0,0.0,0.0,567.01
6,11,4,0,,,,2.26205,0.0,0.0,0.0,684.35
6,12,4,0,,,,0.07908338,0.0,0.0,0.0,753.07
6,13,4,0,,,,0.56810004,0.0,0.0,0.0,764.88
6,14,4,0,,,,3.09915,0.0,0.0,0.0,745.51
6,15,4,0,,,,3.0601833,0.0,0.0,0.0,653.6
6,16,4,0,,,,0.5531833,0.0,0.0,0.0,530.65
6,17,4,0,,,,2.7081666,0.0,0.0,0.0,317.01
6,18,4,0,,,,2.2251666,0.0,0.0,0.0,156.81
6,19,4,0,,,,1.3486167,0.0,0.0,0.0,45.0
6,20,4,0,,,,1.6992333,0.0,0.0,0.0,19.77
6,21,4,0,,,,3.1210666,0.0,0.0,0.0,0.0
6,22,4,0,,,,3.3322,0.0,0.0,0.0,0.0
6,23,4,0,,,,0.70353335,0.0,0.0,0.0,0.0
6,24,4,0,,,,0.109150045,0.0,0.0,0.0,0.0
6,1,5,0,,,,0.06525003,0.0,0.0,0.0,0.0
6,2,5,0,,,,0.0171667,0.0,0.0,0.0,0.0
6,3,5,0,,,,0.37616667,0.0,0.0,0.0,0.0
6,4,5,0,,,,0.7417,0.0,0.0,0.0,0.0
6,5,5,0,,,,0.29083335,0.0,0.0,0.0,1.61
6,6,5,0,,,,0.019350082,0.0,0.0,0.0,20.71
6,7,5,0,,,,0.070200056,0.0,0.0,0.0,106.33
6,8,5,0,,,,0.15635002,0.0,0.0,0.0,159.26
6,9,5,0,,,,1.7880334,0.0,0.0,0.0,153.47
6,10,5,0,,,,2.518725,0.0,0.0,0.0,547.04
6,11,5,0,,,,0.95528334,0.0,0.0,0.0,648.91
6,12,5,0,,,,3.2632167,0.0,0.0,0.0,586.93
6,13,5,0,,,,1.7847834,0.0,0.0,0.0,659.11
6,14,5,0,,,,1.3337834,0.0,0.0,0.0,618.39
6,15,5,0,,,,3.1451166,0.0,0.0,0.0,592.39
6,16,5,0,,,,2.1053,0.0,0.0,0.0,505.43
6,17,5,0,,,,2.4464333,0.0,0.0,0.0,356.52
6,18,5,0,,,,1.8425333,0.0,0.0,0.0,177.03
6,19,5,0,,,,0.9692,0.0,0.0,0.0,50.83
6,20,5,0,,,,1.0276667,0.0,0.0,0.0,19.76
6,21,5,0,,,,1.0037167,0.0,0.0,0.0,0.0
6,22,5,0,,,,0.7360334,0.0,0.0,0.0,0.0
6,23,5,0,,,,0.5528834,0.0,0.0,0.0,0.0
6,24,5,0,,,,2.5418584,0.0,0.0,0.0,0.0
6,1,6,0,,,,1.1232333,0.0,0.0,0.0,0.0
6,2,6,0,,,,0.19177501,0.0,0.0,0.0,0.0
6,3,6,0,,,,0.10263334,0.0,0.0,0.0,0.0
6,4,6,0,,,,0.07881668,0.0,0.0,0.0,0.0
6,5,6,0,,,,0.046233337,0.0,0.0,0.0,1.59
6,6,6,0,,,,0.058000028,0.0,0.0,0.0,1.59
6,7,6,0,,,,0.32363334,0.0,0.0,0.0,98.83
6,8,6,0,,,,0.80696666,0.0,0.0,0.0,123.3
6,9,6,0,,,,0.6974,0.0,0.0,0.0,254.65
6,10,6,0,,,,0.9648167,0.0,0.0,0.0,451.96
6,11,6,0,,,,2.2882,0.0,0.0,0.0,646.66
6,12,6,0,,,,3.4062834,0.0,0.0,0.0,695.53
6,13,6,0,,,,2.61325,0.0,0.0,0.0,698.04
6,14,6,0,,,,2.4892833,0.0,0.0,0.0,670.44
6,15,6,0,,,,2.13115,0.0,0.0,0.0,472.62
6,16,6,0,,,,1.3245667,0.0,0.0,0.0,53.13
6,17,6,0,,,,2.7463834,0.0,0.0,0.0,27.22
6,18,6,0,,,,3.0171,0.0,0.0,0.0,49.28
6,19,6,0,,,,1.1821667,0.0,0.0,0.0,61.78
6,20,6,0,,,,0.96713334,0.0,0.0,0.0,17.7
6,21,6,0,,,,1.0508167,0.0,0.0,0.0,0.0
6,22,6,0,,,,1.7353333,0.0,0.0,0.0,0.0
6,23,6,0,,,,2.0747666,0.0,0.0,0.0,0.0
6,24,6,0,,,,0.223875,0.0,0.0,0.0,0.0
6,1,7,0,,,,0.44125,0.0,0.0,0.0,0.0
6,2,7,0,,,,0.41921666,0.0,0.0,0.0,0.0
6,3,7,0,,,,0.06338336,0.0,0.0,0.0,0.0
6,4,7,0,,,,0.30498335,0.0,0.0,0.0,0.0
6,5,7,0,,,,0.07141669,0.0,0.0,0.0,1.58
6,6,7,0,,,,0.094700046,0.0,0.0,0.0,21.2
6,7,7,0,,,,0.3644834,0.0,0.0,0.0,103.05
6,8,7,0,,,,0.51100004,0.0,0.0,0.0,266.6
6,9,7,0,,,,1.8881,0.0,0.0,0.0,438.14
6,10,7,0,,,,1.44235,0.0,0.0,0.0,592.77
6,11,7,0,,,,3.1836166,0.0,0.0,0.0,706.28
6,12,7,0,,,,2.13085,0.0,0.0,0.0,748.13
6,13,7,0,,,,1.7352333,0.0,0.0,0.0,754.72
6,14,7,0,,,,2.17905,0.0,0.0,0.0,726.21
6,15,7,0,,,,1.6578333,0.0,0.0,0.0,621.97
6,16,7,0,,,,2.7066333,0.0,0.0,0.0,487.88
6,17,7,0,,,,1.5008667,0.0,0.0,0.0,350.44
6,18,7,0,,,,2.3202834,0.0,0.0,0.0,191.35
6,19,7,0,,,,1.1793667,0.0,0.0,0.0,45.29
6,20,7,0,,,,1.1732833,0.0,0.0,0.0,20.62
6,21,7,0,,,,0.7716667,0.0,0.0,0.0,0.0
6,22,7,0,,,,0.49510005,0.0,0.0,0.0,0.0
6,23,7,0,,,,1.0250666,0.0,0.0,0.0,0.0
6,24,7,0,,,,0.55560833,0.0,0.0,0.0,0.0
6,1,1,0,,,,0.47271666,0.0,0.0,0.0,0.0
6,2,1,0,,,,0.6979167,0.0,0.0,0.0,0.0
6,3,1,0,,,,0.49195004,0.0,0.0,0.0,0.0
6,4,1,0,,,,0.07735003,0.0,0.0,0.0,0.0
6,5,1,0,,,,0.012150067,0.0,0.0,0.0,1.6
6,6,1,0,,,,0.36815003,0.0,0.0,0.0,2.02
6,7,1,0,,,,0.44098333,0.0,0.0,0.0,107.93
6,8,1,0,,,,0.39990002,0.0,0.0,0.0,277.76
6,9,1,0,,,,0.5765333,0.0,0.0,0.0,459.37
6,10,1,0,,,,1.6994166,0.0,0.0,0.0,578.59
6,11,1,0,,,,0.8294167,0.0,0.0,0.0,656.83
6,12,1,0,,,,0.7759834,0.0,0.0,0.0,689.34
6,13,1,0,,,,3.56565,0.0,0.0,0.0,661.74
6,14,1,0,,,,0.9365,0.0,0.0,0.0,559.16
6,15,1,0,,,,3.3752434,0.0,0.0,0.0,515.85
6,16,1,0,,,,1.9396167,0.0,0.0,0.0,326.35
6,17,1,0,,,,1.6845833,0.0,0.0,0.0,301.12
6,18,1,0,,,,2.41025,0.0,0.0,0.0,189.1
6,19,1,0,,,,3.2182167,0.0,0.0,0.0,44.8
6,20,1,0,,,,3.27345,0.0,0.0,0.0,20.46
6,21,1,0,,,,3.2107666,0.0,0.0,0.0,0.0
6,22,1,0,,,,2.8865833,0.0,0.0,0.0,0.0
6,23,1,0,,,,1.9926833,0.0,0.0,0.0,0.0
6,24,1,0,,,,0.7908583,0.0,0.0,0.0,0.0
6,1,2,0,,,,0.50373334,0.0,0.0,0.0,0.0
6,2,2,0,,,,0.42335,0.0,0.0,0.0,0.0
6,3,2,0,,,,0.6858167,0.0,0.0,0.0,0.0
6,4,2,0,,,,0.61733335,0.0,0.0,0.0,0.0
6,5,2,0,,,,0.28221673,0.0,0.0,0.0,1.61
6,6,2,0,,,,0.17475004,0.0,0.0,0.0,35.26
6,7,2,0,,,,0.8732333,0.0,0.0,0.0,94.92
6,8,2,0,,,,2.1689832,0.0,0.0,0.0,263.59
6,9,2,0,,,,0.6912,0.0,0.0,0.0,403.17
6,10,2,0,,,,1.9170667,0.0,0.0,0.0,570.7
6,11,2,0,,,,2.4944,0.0,0.0,0.0,631.56
6,12,2,0,,,,2.7852666,0.0,0.0,0.0,207.91
6,13,2,0,,,,1.6416833,0.0,0.0,0.0,517.15
6,14,2,0,,,,2.0337667,0.0,0.0,0.0,541.0
6,15,2,0,,,,3.0291834,0.0,0.0,0.0,561.06
6,16,2,0,,,,3.8058167,0.0,0.0,0.0,522.32
6,17,2,0,,,,2.47715,0.0,0.0,0.0,363.85
6,18,2,0,,,,4.506067,0.0,0.0,0.0,185.36
6,19,2,0,,,,3.2070668,0.0,0.0,0.0,45.05
6,20,2,0,,,,2.2899666,0.0,0.0,0.0,20.35
6,21,2,0,,,,2.0159667,0.0,0.0,0.0,0.0
6,22,2,0,,,,1.5483333,0.0,0.0,0.0,0.0
6,23,2,0,,,,1.2825167,0.0,0.0,0.0,0.0
6,24,2,0,,,,1.2849083,0.0,0.0,0.0,0.0
6,1,3,0,,,,1.2230667,0.0,0.0,0.0,0.0
6,2,3,0,,,,0.9817167,0.0,0.0,0.0,0.0
6,3,3,0,,,,1.17845,0.0,0.0,0.0,0.0
6,4,3,0,,,,0.70336664,0.0,0.0,0.0,0.0
6,5,3,0,,,,0.27203333,0.0,0.0,0.0,1.59
6,6,3,0,,,,0.19646667,0.0,0.0,0.0,36.42
6,7,3,0,,,,1.44505,0.0,0.0,0.0,96.18
6,8,3,0,,,,0.23953335,0.0,0.0,0.0,264.84
6,9,3,0,,,,0.61825,0.0,0.0,0.0,435.95
6,10,3,0,,,,1.8143834,0.0,0.0,0.0,569.42
6,11,3,0,,,,1.8246667,0.0,0.0,0.0,670.87
6,12,3,0,,,,1.5309167,0.0,0.0,0.0,702.96
6,13,3,0,,,,2.72385,0.0,0.0,0.0,741.1
6,14,3,0,,,,2.1135166,0.0,0.0,0.0,715.43
6,15,3,0,,,,3.8650832,0.0,0.0,0.0,637.19
6,16,3,0,,,,2.8293,0.0,0.0,0.0,513.6
6,17,3,0,,,,3.0007167,0.0,0.0,0.0,353.18
6,18,3,0,,,,2.5352833,0.0,0.0,0.0,189.49
6,19,3,0,,,,2.2884166,0.0,0.0,0.0,48.79
6,20,3,0,,,,2.26795,0.0,0.0,0.0,20.26
6,21,3,0,,,,3.7138,0.0,0.0,0.0,0.0
6,22,3,0,,,,0.98733336,0.0,0.0,0.0,0.0
6,23,3,0,,,,0.5409167,0.0,0.0,0.0,0.0
6,24,3,0,,,,0.810225,0.0,0.0,0.0,0.0
6,1,4,0,,,,0.4318167,0.0,0.0,0.0,0.0
6,2,4,0,,,,0.3544,0.0,0.0,0.0,0.0
6,3,4,0,,,,0.6565167,0.0,0.0,0.0,0.0
6,4,4,0,,,,0.68985,0.0,0.0,0.0,0.0
6,5,4,0,,,,0.5706584,0.0,0.0,0.0,1.57
6,6,4,0,,,,0.10978335,0.0,0.0,0.0,26.18
6,7,4,0,,,,0.27066675,0.0,0.0,0.0,104.76
6,8,4,0,,,,0.38038337,0.0,0.0,0.0,256.81
6,9,4,0,,,,0.78355,0.0,0.0,0.0,425.56
6,10,4,0,,,,1.5866333,0.0,0.0,0.0,566.63
6,11,4,0,,,,1.25155,0.0,0.0,0.0,671.03
6,12,4,0,,,,1.35105,0.0,0.0,0.0,655.62
6,13,4,0,,,,1.8091167,0.0,0.0,0.0,713.48
6,14,4,0,,,,2.4303,0.0,0.0,0.0,669.16
6,15,4,0,,,,2.1831167,0.0,0.0,0.0,605.15
6,16,4,0,,,,2.2292666,0.0,0.0,0.0,502.21
6,17,4,0,,,,2.47355,0.0,0.0,0.0,363.85
6,18,4,0,,,,2.6018834,0.0,0.0,0.0,190.04
6,19,4,0,,,,1.9244,0.0,0.0,0.0,44.34
6,20,4,0,,,,0.9885,0.0,0.0,0.0,17.18
6,21,4,0,,,,2.4452667,0.0,0.0,0.0,0.0
6,22,4,0,,,,0.60938334,0.0,0.0,0.0,0.0
6,23,4,0,,,,0.66013336,0.0,0.0,0.0,0.0
6,24,4,0,,,,0.37988335,0.0,0.0,0.0,0.0
6,1,5,0,,,,0.38583335,0.0,0.0,0.0,0.0
6,2,5,0,,,,0.37050006,0.0,0.0,0.0,0.0
6,3,5,0,,,,0.5593167,0.0,0.0,0.0,0.0
6,4,5,0,,,,0.8965,0.0,0.0,0.0,0.0
6,5,5,0,,,,0.20875,0.0,0.0,0.0,0.0
6,6,5,0,,,,0.34758335,0.0,0.0,0.0,1.57
6,7,5,0,,,,0.08190004,0.0,0.0,0.0,49.49
6,8,5,0,,,,0.2931667,0.0,0.0,0.0,154.93
6,9,5,0,,,,0.8656,0.0,0.0,0.0,54.86
6,10,5,0,,,,0.96585,0.0,0.0,0.0,132.87
6,11,5,0,,,,1.98195,0.0,0.0,0.0,457.67
6,12,5,0,,,,2.9993334,0.0,0.0,0.0,549.23
6,13,5,0,,,,1.8069167,0.0,0.0,0.0,721.52
6,14,5,0,,,,3.0405667,0.0,0.0,0.0,665.51
6,15,5,0,,,,1.9717667,0.0,0.0,0.0,584.31
6,16,5,0,,,,1.8848833,0.0,0.0,0.0,453.34
6,17,5,0,,,,2.4019167,0.0,0.0,0.0,223.53
6,18,5,0,,,,3.2901332,0.0,0.0,0.0,14.31
6,19,5,0,,,,1.3096334,0.0,0.0,0.0,13.09
6,20,5,0,,,,1.2499666,0.0,0.0,0.0,1.48
6,21,5,0,,,,0.8295667,0.0,0.0,0.0,0.0
6,22,5,0,,,,1.1227666,0.0,0.0,0.0,0.0
6,23,5,0,,,,1.1190833,0.0,0.0,0.0,0.0
6,24,5,0,,,,0.4711417,0.0,0.0,0.0,0.0
6,1,6,0,,,,0.3246334,0.0,0.0,0.0,0.0
6,2,6,0,,,,0.33020005,0.0,0.0,0.0,0.0
6,3,6,0,,,,0.34911668,0.0,0.0,0.0,0.0
6,4,6,0,,,,0.36476672,0.0,0.0,0.0,0.0
6,5,6,0,,,,0.21010004,0.0,0.0,0.0,0.0
6,6,6,0,,,,0.27280003,0.0,0.0,0.0,1.57
6,7,6,0,,,,0.32931674,0.0,0.0,0.0,11.7
6,8,6,0,,,,0.39893338,0.0,0.0,0.0,160.66
6,9,6,0,,,,0.5906334,0.0,0.0,0.0,330.04
6,10,6,0,,,,0.9089,0.0,0.0,0.0,574.0
6,11,6,0,,,,1.3726667,0.0,0.0,0.0,683.91
6,12,6,0,,,,2.3626,0.0,0.0,0.0,733.94
6,13,6,0,,,,2.0282333,0.0,0.0,0.0,758.37
6,14,6,0,,,,1.2992166,0.0,0.0,0.0,744.35
6,15,6,0,,,,2.1601334,0.0,0.0,0.0,649.4
6,16,6,0,,,,2.70765,0.0,0.0,0.0,528.87
6,17,6,0,,,,2.8131166,0.0,0.0,0.0,363.96
6,18,6,0,,,,2.0415168,0.0,0.0,0.0,191.0
6,19,6,0,,,,2.0601332,0.0,0.0,0.0,49.64
6,20,6,0,,,,2.3443832,0.0,0.0,0.0,21.11
6,21,6,0,,,,0.9436833,0.0,0.0,0.0,0.0
6,22,6,0,,,,2.3633,0.0,0.0,0.0,0.0
6,23,6,0,,,,1.2378833,0.0,0.0,0.0,0.0
6,24,6,0,,,,0.55449164,0.0,0.0,0.0,0.0
6,1,7,0,,,,0.38455,0.0,0.0,0.0,0.0
6,2,7,0,,,,0.56180835,0.0,0.0,0.0,0.0
6,3,7,0,,,,0.54795,0.0,0.0,0.0,0.0
6,4,7,0,,,,0.29683334,0.0,0.0,0.0,0.0
6,5,7,0,,,,0.37208337,0.0,0.0,0.0,0.0
6,6,7,0,,,,0.28081667,0.0,0.0,0.0,25.73
6,7,7,0,,,,1.7864833,0.0,0.0,0.0,100.01
6,8,7,0,,,,0.67966664,0.0,0.0,0.0,277.41
6,9,7,0,,,,1.5469667,0.0,0.0,0.0,457.01
6,10,7,0,,,,0.9916833,0.0,0.0,0.0,523.89
6,11,7,0,,,,2.1520166,0.0,0.0,0.0,719.59
6,12,7,0,,,,1.67435,0.0,0.0,0.0,783.55
6,13,7,0,,,,0.5168667,0.0,0.0,0.0,797.14
6,14,7,0,,,,3.3742,0.0,0.0,0.0,776.84
6,15,7,0,,,,1.1617833,0.0,0.0,0.0,681.62
6,16,7,0,,,,3.7561417,0.0,0.0,0.0,558.81
6,17,7,0,,,,1.0560555,0.0,0.0,0.0,394.95
6,18,7,0,,,,2.86015,0.0,0.0,0.0,201.59
6,19,7,0,,,,1.7198167,0.0,0.0,0.0,37.66
6,20,7,0,,,,1.4583334,0.0,0.0,0.0,21.12
6,21,7,0,,,,1.6643833,0.0,0.0,0.0,0.0
6,22,7,0,,,,2.30415,0.0,0.0,0.0,0.0
6,23,7,0,,,,2.5254,0.0,0.0,0.0,0.0
6,24,7,0,,,,0.6367,0.0,0.0,0.0,0.0
6,1,1,0,,,,0.63185,0.0,0.0,0.0,0.0
6,2,1,0,,,,0.69871664,0.0,0.0,0.0,0.0
6,3,1,0,,,,0.86943334,0.0,0.0,0.0,0.0
6,4,1,0,,,,1.0756167,0.0,0.0,0.0,0.0
6,5,1,0,,,,0.7423,0.0,0.0,0.0,0.0
6,6,1,0,,,,0.49625,0.0,0.0,0.0,29.19
6,7,1,0,,,,0.66181666,0.0,0.0,0.0,104.21
6,8,1,0,,,,1.52495,0.0,0.0,0.0,270.41
6,9,1,0,,,,0.46091667,0.0,0.0,0.0,441.43
6,10,1,0,,,,2.6958,0.0,0.0,0.0,560.78
6,11,1,0,,,,0.74028337,0.0,0.0,0.0,663.13
6,12,1,0,,,,2.6966,0.0,0.0,0.0,713.46
6,13,1,0,,,,2.6899834,0.0,0.0,0.0,739.14
6,14,1,0,,,,2.6357167,0.0,0.0,0.0,704.98
6,15,1,0,,,,3.4841,0.0,0.0,0.0,622.35
6,16,1,0,,,,3.3875334,0.0,0.0,0.0,507.75
6,17,1,0,,,,2.2311833,0.0,0.0,0.0,341.97
6,18,1,0,,,,4.189083,0.0,0.0,0.0,198.14
6,19,1,0,,,,3.8249667,0.0,0.0,0.0,51.17
6,20,1,0,,,,2.5643833,0.0,0.0,0.0,20.95
6,21,1,0,,,,2.5297334,0.0,0.0,0.0,0.0
6,22,1,0,,,,3.0089166,0.0,0.0,0.0,0.0
6,23,1,0,,,,0.6795667,0.0,0.0,0.0,0.0
6,24,1,0,,,,0.6037083,0.0,0.0,0.0,0.0
6,1,2,0,,,,0.64235,0.0,0.0,0.0,0.0
6,2,2,0,,,,0.59311664,0.0,0.0,0.0,0.0
6,3,2,0,,,,0.78141665,0.0,0.0,0.0,0.0
6,4,2,0,,,,1.0067166,0.0,0.0,0.0,0.0
6,5,2,0,,,,0.24286668,0.0,0.0,0.0,0.0
6,6,2,0,,,,0.43155003,0.0,0.0,0.0,35.53
6,7,2,0,,,,0.14420003,0.0,0.0,0.0,95.26
6,8,2,0,,,,1.5642667,0.0,0.0,0.0,217.94
6,9,2,0,,,,0.94555,0.0,0.0,0.0,407.09
6,10,2,0,,,,0.5201667,0.0,0.0,0.0,558.05
6,11,2,0,,,,1.3903,0.0,0.0,0.0,499.53
6,12,2,0,,,,2.3514333,0.0,0.0,0.0,47.7
6,13,2,0,,,,1.7632166,0.0,0.0,0.0,66.82
6,14,2,0,,,,3.5139334,0.0,0.0,0.0,78.57
6,15,2,0,,,,2.8874,0.0,0.0,0.0,85.09
6,16,2,0,,,,3.0745,0.0,0.0,0.0,461.89
6,17,2,0,,,,3.1329,0.0,0.0,0.0,66.6
6,18,2,0,,,,3.6807168,0.0,0.0,0.0,181.32
6,19,2,0,,,,3.8114,0.0,0.0,0.0,47.93
6,20,2,0,,,,1.9684334,0.0,0.0,0.0,2.34
6,21,2,0,,,,1.8151333,0.0,0.0,0.0,0.0
6,22,2,0,,,,1.1471666,0.0,0.0,0.0,0.0
6,23,2,0,,,,1.1067834,0.0,0.0,0.0,0.0
6,24,2,0,,,,0.8342583,0.0,0.0,0.0,0.0
6,1,3,0,,,,0.70883334,0.0,0.0,0.0,0.0
6,2,3,0,,,,0.60941666,0.0,0.0,0.0,0.0
6,3,3,0,,,,0.8797167,0.0,0.0,0.0,0.0
6,4,3,0,,,,1.11085,0.0,0.0,0.0,0.0
6,5,3,0,,,,0.5093333,0.0,0.0,0.0,0.0
6,6,3,0,,,,0.5168833,0.0,0.0,0.0,20.24
6,7,3,0,,,,0.5436,0.0,0.0,0.0,39.9
6,8,3,0,,,,0.55965,0.0,0.0,0.0,218.56
6,9,3,0,,,,0.49753332,0.0,0.0,0.0,170.65
6,10,3,0,,,,0.51856667,0.0,0.0,0.0,190.47
6,11,3,0,,,,0.9927833,0.0,0.0,0.0,208.76
6,12,3,0,,,,1.0398667,0.0,0.0,0.0,495.0
6,13,3,0,,,,2.6655333,0.0,0.0,0.0,260.66
6,14,3,0,,,,1.0136,0.0,0.0,0.0,242.12
6,15,3,0,,,,1.6023,0.0,0.0,0.0,539.21
6,16,3,0,,,,2.9881334,0.0,0.0,0.0,544.36
6,17,3,0,,,,0.57163334,0.0,0.0,0.0,255.14
6,18,3,0,,,,2.2290168,0.0,0.0,0.0,15.63
6,19,3,0,,,,1.06535,0.0,0.0,0.0,73.2
6,20,3,0,,,,2.1895332,0.0,0.0,0.0,10.31
6,21,3,0,,,,1.0194334,0.0,0.0,0.0,0.0
6,22,3,0,,,,0.42516667,0.0,0.0,0.0,0.0
6,23,3,0,,,,0.39511666,0.0,0.0,0.0,0.0
6,24,3,0,,,,0.40451667,0.0,0.0,0.0,0.0
6,1,4,0,,,,0.18198335,0.0,0.0,0.0,0.0
6,2,4,0,,,,0.1848667,0.0,0.0,0.0,0.0
6,3,4,0,,,,0.52030003,0.0,0.0,0.0,0.0
6,4,4,0,,,,0.7557667,0.0,0.0,0.0,0.0
6,5,4,0,,,,0.17120002,0.0,0.0,0.0,0.0
6,6,4,0,,,,0.19648333,0.0,0.0,0.0,28.54
6,7,4,0,,,,0.28285,0.0,0.0,0.0,84.25
6,8,4,0,,,,0.28606668,0.0,0.0,0.0,287.66
6,9,4,0,,,,0.71991664,0.0,0.0,0.0,483.22
6,10,4,0,,,,1.1108,0.0,0.0,0.0,604.5
6,11,4,0,,,,0.3879667,0.0,0.0,0.0,626.95
6,12,4,0,,,,1.0935833,0.0,0.0,0.0,464.18
6,13,4,0,,,,0.92146665,0.0,0.0,0.0,667.53
6,14,4,0,,,,2.0720832,0.0,0.0,0.0,120.37
6,15,4,0,,,,1.7076833,0.0,0.0,0.0,314.04
6,16,4,0,,,,1.6369,0.0,0.0,0.0,83.74
6,17,4,0,,,,1.2394167,0.0,0.0,0.0,315.22
6,18,4,0,,,,1.1119833,0.0,0.0,0.0,167.09
6,19,4,0,,,,0.6886,0.0,0.0,0.0,40.26
6,20,4,0,,,,0.76168334,0.0,0.0,0.0,20.72
6,21,4,0,,,,0.48515,0.0,0.0,0.0,0.0
6,22,4,0,,,,0.5029667,0.0,0.0,0.0,0.0
6,23,4,0,,,,0.52218336,0.0,0.0,0.0,0.0
6,24,4,0,,,,0.8601,0.0,0.0,0.0,0.0
6,1,5,0,,,,0.32851666,0.0,0.0,0.0,0.0
6,2,5,0,,,,0.2586167,0.0,0.0,0.0,0.0
6,3,5,0,,,,0.45975,0.0,0.0,0.0,0.0
6,4,5,0,,,,0.7008,0.0,0.0,0.0,0.0
6,5,5,0,,,,0.18160003,0.0,0.0,0.0,0.0
6,6,5,0,,,,0.15653336,0.0,0.0,0.0,1.66
6,7,5,0,,,,0.18521668,0.0,0.0,0.0,9.01
6,8,5,0,,,,0.46088332,0.0,0.0,0.0,50.33
6,9,5,0,,,,1.5159,0.0,0.0,0.0,92.18
6,10,5,0,,,,0.7308,0.0,0.0,0.0,378.8
6,11,5,0,,,,1.2764834,0.0,0.0,0.0,696.78
6,12,5,0,,,,0.82186675,0.0,0.0,0.0,441.16
6,13,5,0,,,,2.11345,0.0,0.0,0.0,535.93
6,14,5,0,,,,3.46085,0.0,0.0,0.0,584.37
6,15,5,0,,,,0.9788333,0.0,0.0,0.0,680.57
6,16,5,0,,,,1.0315,0.0,0.0,0.0,424.74
6,17,5,0,,,,1.5066,0.0,0.0,0.0,390.19
6,18,5,0,,,,3.59855,0.0,0.0,0.0,192.68
6,19,5,0,,,,3.3130667,0.0,0.0,0.0,44.26
6,20,5,0,,,,2.0213666,0.0,0.0,0.0,21.33
6,21,5,0,,,,1.23865,0.0,0.0,0.0,0.0
6,22,5,0,,,,0.1430167,0.0,0.0,0.0,0.0
6,23,5,0,,,,0.36533335,0.0,0.0,0.0,0.0
6,24,5,0,,,,0.7220167,0.0,0.0,0.0,0.0
7,1,6,0,,,,0.38288334,0.0,0.0,0.0,0.0
7,2,6,0,,,,0.38665,0.0,0.0,0.0,0.0
7,3,6,0,,,,0.39515,0.0,0.0,0.0,0.0
7,4,6,0,,,,0.1739167,0.0,0.0,0.0,0.0
7,5,6,0,,,,0.41378337,0.0,0.0,0.0,0.0
7,6,6,0,,,,0.19881669,0.0,0.0,0.0,36.2
7,7,6,0,,,,0.39423335,0.0,0.0,0.0,87.64
7,8,6,0,,,,0.29180008,0.0,0.0,0.0,264.07
7,9,6,0,,,,0.89748335,0.0,0.0,0.0,438.36
7,10,6,0,,,,0.95995003,0.0,0.0,0.0,587.05
7,11,6,0,,,,0.8535333,0.0,0.0,0.0,684.31
7,12,6,0,,,,0.97188336,0.0,0.0,0.0,736.15
7,13,6,0,,,,1.1417834,0.0,0.0,0.0,757.63
7,14,6,0,,,,1.4380459,0.0,0.0,0.0,728.24
7,15,6,0,,,,2.5333834,0.0,0.0,0.0,645.67
7,16,6,0,,,,1.5688167,0.0,0.0,0.0,534.61
7,17,6,0,,,,1.4225833,0.0,0.0,0.0,373.48
7,18,6,0,,,,2.0668166,0.0,0.0,0.0,193.25
7,19,6,0,,,,0.80315006,0.0,0.0,0.0,52.03
7,20,6,0,,,,0.9792,0.0,0.0,0.0,19.49
7,21,6,0,,,,1.6410167,0.0,0.0,0.0,0.0
7,22,6,0,,,,3.0221918,0.0,0.0,0.0,0.0
7,23,6,0,,,,2.817,0.0,0.0,0.0,0.0
7,24,6,0,,,,1.2591584,0.0,0.0,0.0,0.0
7,1,7,0,,,,0.62210834,0.0,0.0,0.0,0.0
7,2,7,0,,,,0.34003332,0.0,0.0,0.0,0.0
7,3,7,0,,,,0.51771665,0.0,0.0,0.0,0.0
7,4,7,0,,,,0.25255,0.0,0.0,0.0,0.0
7,5,7,0,,,,0.27543333,0.0,0.0,0.0,0.0
7,6,7,0,,,,0.28203332,0.0,0.0,0.0,29.48
7,7,7,0,,,,0.28551668,0.0,0.0,0.0,97.95
7,8,7,0,,,,0.5140833,0.0,0.0,0.0,225.87
7,9,7,0,,,,0.50056666,0.0,0.0,0.0,393.48
7,10,7,0,,,,0.56738335,0.0,0.0,0.0,319.71
7,11,7,0,,,,0.7586834,0.0,0.0,0.0,652.0
7,12,7,0,,,,1.5964,0.0,0.0,0.0,669.68
7,13,7,0,,,,2.1040833,0.0,0.0,0.0,232.5
7,14,7,0,,,,1.8173167,0.0,0.0,0.0,126.59
7,15,7,0,,,,1.4790167,0.0,0.0,0.0,322.32
7,16,7,0,,,,2.2674167,0.0,0.0,0.0,515.49
7,17,7,0,,,,1.4357333,0.0,0.0,0.0,185.24
7,18,7,0,,,,2.9523335,0.0,0.0,0.0,184.46
7,19,7,0,,,,2.98275,0.0,0.0,0.0,54.69
7,20,7,0,,,,1.9827833,0.0,0.0,0.0,19.44
7,21,7,0,,,,1.3232334,0.0,0.0,0.0,0.0
7,22,7,0,,,,2.6440334,0.0,0.0,0.0,0.0
7,23,7,0,,,,0.41605,0.0,0.0,0.0,0.0
7,24,7,0,,,,0.55661666,0.0,0.0,0.0,0.0
7,1,1,0,,,,0.42206666,0.0,0.0,0.0,0.0
7,2,1,0,,,,0.41575,0.0,0.0,0.0,0.0
7,3,1,0,,,,0.7442,0.0,0.0,0.0,0.0
7,4,1,0,,,,0.82243335,0.0,0.0,0.0,0.0
7,5,1,0,,,,0.52125,0.0,0.0,0.0,0.0
7,6,1,0,,,,0.8269333,0.0,0.0,0.0,34.75
7,7,1,0,,,,0.38723335,0.0,0.0,0.0,88.42
7,8,1,0,,,,0.30721667,0.0,0.0,0.0,274.14
7,9,1,0,,,,0.93186665,0.0,0.0,0.0,462.98
7,10,1,0,,,,1.3028667,0.0,0.0,0.0,625.08
7,11,1,0,,,,0.5036,0.0,0.0,0.0,723.58
7,12,1,0,,,,0.55943334,0.0,0.0,0.0,605.93
7,13,1,0,,,,1.8612334,0.0,0.0,0.0,636.66
7,14,1,0,,,,2.10295,0.0,0.0,0.0,707.46
7,15,1,0,,,,1.41545,0.0,0.0,0.0,620.33
7,16,1,0,,,,3.14355,0.0,0.0,0.0,526.77
7,17,1,0,,,,1.60055,0.0,0.0,0.0,339.2
7,18,1,0,,,,2.0120332,0.0,0.0,0.0,191.05
7,19,1,0,,,,2.0054,0.0,0.0,0.0,73.8
7,20,1,0,,,,1.2067167,0.0,0.0,0.0,21.66
7,21,1,0,,,,1.8147334,0.0,0.0,0.0,0.0
7,22,1,0,,,,1.2376667,0.0,0.0,0.0,0.0
7,23,1,0,,,,1.71535,0.0,0.0,0.0,0.0
7,24,1,0,,,,1.0349166,0.0,0.0,0.0,0.0
7,1,2,0,,,,1.0338111,0.0,0.0,0.0,0.0
7,2,2,0,,,,0.62438333,0.0,0.0,0.0,0.0
7,3,2,0,,,,0.4914,0.0,0.0,0.0,0.0
7,4,2,0,,,,0.4811,0.0,0.0,0.0,0.0
7,5,2,0,,,,0.44985002,0.0,0.0,0.0,0.0
7,6,2,0,,,,0.5021833,0.0,0.0,0.0,35.37
7,7,2,0,,,,0.19118337,0.0,0.0,0.0,102.96
7,8,2,0,,,,0.5330667,0.0,0.0,0.0,247.95
7,9,2,0,,,,1.0292333,0.0,0.0,0.0,469.21
7,10,2,0,,,,0.60328335,0.0,0.0,0.0,609.59
7,11,2,0,,,,0.40903333,0.0,0.0,0.0,459.7
7,12,2,0,,,,3.0706334,0.0,0.0,0.0,607.74
7,13,2,0,,,,0.89051664,0.0,0.0,0.0,662.93
7,14,2,0,,,,1.6404834,0.0,0.0,0.0,557.53
7,15,2,0,,,,1.5493166,0.0,0.0,0.0,344.08
7,16,2,0,,,,3.8832333,0.0,0.0,0.0,326.42
7,17,2,0,,,,1.3086166,0.0,0.0,0.0,165.09
7,18,2,0,,,,2.6437666,0.0,0.0,0.0,190.2
7,19,2,0,,,,1.0601667,0.0,0.0,0.0,69.21
7,20,2,0,,,,2.69205,0.0,0.0,0.0,20.63
7,21,2,0,,,,1.3453667,0.0,0.0,0.0,0.0
7,22,2,0,,,,0.90175,0.0,0.0,0.0,0.0
7,23,2,0,,,,2.7740166,0.0,0.0,0.0,0.0
7,24,2,0,,,,0.5186667,0.0,0.0,0.0,0.0
7,1,3,0,,,,0.6274,0.0,0.0,0.0,0.0
7,2,3,0,,,,0.25018334,0.0,0.0,0.0,0.0
7,3,3,0,,,,1.2084,0.0,0.0,0.0,0.0
7,4,3,0,,,,0.16850002,0.0,0.0,0.0,0.0
7,5,3,0,,,,0.16448338,0.0,0.0,0.0,0.0
7,6,3,0,,,,0.20513335,0.0,0.0,0.0,35.76
7,7,3,0,,,,0.57748336,0.0,0.0,0.0,83.0
7,8,3,0,,,,0.78961664,0.0,0.0,0.0,266.19
7,9,3,0,,,,2.78725,0.0,0.0,0.0,451.76
7,10,3,0,,,,0.3757,0.0,0.0,0.0,614.7
7,11,3,0,,,,2.8802834,0.0,0.0,0.0,654.02
7,12,3,0,,,,1.3316833,0.0,0.0,0.0,628.25
7,13,3,0,,,,3.1339834,0.0,0.0,0.0,625.32
7,14,3,0,,,,4.1509333,0.0,0.0,0.0,571.17
7,15,3,0,,,,3.9264,0.0,0.0,0.0,533.06
7,16,3,0,,,,3.08665,0.0,0.0,0.0,391.09
7,17,3,0,,,,1.3189833,0.0,0.0,0.0,283.78
7,18,3,0,,,,2.4830832,0.0,0.0,0.0,142.23
7,19,3,0,,,,2.28575,0.0,0.0,0.0,8.06
7,20,3,0,,,,3.59985,0.0,0.0,0.0,1.16
7,21,3,0,,,,1.8890166,0.0,0.0,0.0,0.0
7,22,3,0,,,,1.171,0.0,0.0,0.0,0.0
7,23,3,0,,,,1.0253167,0.0,0.0,0.0,0.0
7,24,3,0,,,,0.7020083,0.0,0.0,0.0,0.0
7,1,4,0,,,,1.0198,0.0,0.0,0.0,0.0
7,2,4,0,,,,0.61365,0.0,0.0,0.0,0.0
7,3,4,0,,,,1.0666,0.0,0.0,0.0,0.0
7,4,4,0,,,,1.1516334,0.0,0.0,0.0,0.0
7,5,4,0,,,,0.78206664,0.0,0.0,0.0,0.0
7,6,4,0,,,,0.60355,0.0,0.0,0.0,10.57
7,7,4,0,,,,0.47878334,0.0,0.0,0.0,89.89
7,8,4,0,,,,0.76303333,0.0,0.0,0.0,273.5
7,9,4,0,,,,2.7689,0.0,0.0,0.0,419.1
7,10,4,0,,,,1.009,0.0,0.0,0.0,592.35
7,11,4,0,,,,1.4562167,0.0,0.0,0.0,586.01
7,12,4,0,,,,2.72685,0.0,0.0,0.0,666.24
7,13,4,0,,,,3.9623833,0.0,0.0,0.0,641.59
7,14,4,0,,,,3.17945,0.0,0.0,0.0,723.97
7,15,4,0,,,,5.017317,0.0,0.0,0.0,663.62
7,16,4,0,,,,4.6389832,0.0,0.0,0.0,540.39
7,17,4,0,,,,4.8330336,0.0,0.0,0.0,395.86
7,18,4,0,,,,2.9297166,0.0,0.0,0.0,207.82
7,19,4,0,,,,3.9073834,0.0,0.0,0.0,56.89
7,20,4,0,,,,2.4244666,0.0,0.0,0.0,21.01
7,21,4,0,,,,3.7696667,0.0,0.0,0.0,0.0
7,22,4,0,,,,1.5970833,0.0,0.0,0.0,0.0
7,23,4,0,,,,1.1552666,0.0,0.0,0.0,0.0
7,24,4,0,,,,1.0234417,0.0,0.0,0.0,0.0
7,1,5,0,,,,0.7963,0.0,0.0,0.0,0.0
7,2,5,0,,,,0.9044333,0.0,0.0,0.0,0.0
7,3,5,0,,,,1.0775666,0.0,0.0,0.0,0.0
7,4,5,0,,,,1.3369583,0.0,0.0,0.0,0.0
7,5,5,0,,,,1.6830333,0.0,0.0,0.0,0.0
7,6,5,0,,,,0.44068336,0.0,0.0,0.0,1.21
7,7,5,0,,,,0.40100005,0.0,0.0,0.0,10.1
7,8,5,0,,,,1.2181667,0.0,0.0,0.0,231.17
7,9,5,0,,,,0.75205,0.0,0.0,0.0,304.44
7,10,5,0,,,,1.807,0.0,0.0,0.0,578.77
7,11,5,0,,,,1.90695,0.0,0.0,0.0,76.96
7,12,5,0,,,,2.5807166,0.0,0.0,0.0,173.37
7,13,5,0,,,,2.0962667,0.0,0.0,0.0,520.47
7,14,5,0,,,,3.9572666,0.0,0.0,0.0,461.3
7,15,5,0,,,,4.05245,0.0,0.0,0.0,662.5
7,16,5,0,,,,4.507817,0.0,0.0,0.0,281.98
7,17,5,0,,,,3.6703668,0.0,0.0,0.0,157.07
7,18,5,0,,,,2.3645666,0.0,0.0,0.0,113.83
7,19,5,0,,,,2.00415,0.0,0.0,0.0,5.9
7,20,5,0,,,,1.8890834,0.0,0.0,0.0,0.45
7,21,5,0,,,,1.6241167,0.0,0.0,0.0,0.0
7,22,5,0,,,,3.6046834,0.0,0.0,0.0,0.0
7,23,5,0,,,,1.7089334,0.0,0.0,0.0,0.0
7,24,5,0,,,,2.3964083,0.0,0.0,0.0,0.0
7,1,6,0,,,,1.2142167,0.0,0.0,0.0,0.0
7,2,6,0,,,,2.06075,0.0,0.0,0.0,0.0
7,3,6,0,,,,0.50565,0.0,0.0,0.0,0.0
7,4,6,0,,,,0.51988333,0.0,0.0,0.0,0.0
7,5,6,0,,,,0.8973167,0.0,0.0,0.0,0.0
7,6,6,0,,,,0.7109167,0.0,0.0,0.0,1.22
7,7,6,0,,,,1.3972334,0.0,0.0,0.0,8.34
7,8,6,0,,,,1.98795,0.0,0.0,0.0,43.51
7,9,6,0,,,,2.33905,0.0,0.0,0.0,193.25
7,10,6,0,,,,1.52545,0.0,0.0,0.0,566.62
7,11,6,0,,,,3.4602168,0.0,0.0,0.0,517.35
7,12,6,0,,,,1.5066,0.0,0.0,0.0,421.59
7,13,6,0,,,,3.8650334,0.0,0.0,0.0,513.75
7,14,6,0,,,,3.9225333,0.0,0.0,0.0,514.16
7,15,6,0,,,,4.857633,0.0,0.0,0.0,133.07
7,16,6,0,,,,4.9686666,0.0,0.0,0.0,323.88
7,17,6,0,,,,4.9091167,0.0,0.0,0.0,272.93
7,18,6,0,,,,4.8814,0.0,0.0,0.0,160.49
7,19,6,0,,,,4.7038,0.0,0.0,0.0,72.47
7,20,6,0,,,,4.4964,0.0,0.0,0.0,20.61
7,21,6,0,,,,4.162783,0.0,0.0,0.0,0.0
7,22,6,0,,,,1.7809833,0.0,0.0,0.0,0.0
7,23,6,0,,,,2.7300668,0.0,0.0,0.0,0.0
7,24,6,0,,,,1.9043083,0.0,0.0,0.0,0.0
7,1,7,0,,,,1.16495,0.0,0.0,0.0,0.0
7,2,7,0,,,,1.0477667,0.0,0.0,0.0,0.0
7,3,7,0,,,,1.08245,0.0,0.0,0.0,0.0
7,4,7,0,,,,1.0347667,0.0,0.0,0.0,0.0
7,5,7,0,,,,1.0445167,0.0,0.0,0.0,0.0
7,6,7,0,,,,1.0691,0.0,0.0,0.0,19.27
7,7,7,0,,,,1.3990166,0.0,0.0,0.0,87.63
7,8,7,0,,,,0.6375167,0.0,0.0,0.0,268.44
7,9,7,0,,,,1.15225,0.0,0.0,0.0,429.86
7,10,7,0,,,,1.5960833,0.0,0.0,0.0,570.93
7,11,7,0,,,,2.1302834,0.0,0.0,0.0,692.09
7,12,7,0,,,,3.1672332,0.0,0.0,0.0,699.43
7,13,7,0,,,,3.3996,0.0,0.0,0.0,416.54
7,14,7,0,,,,4.0024333,0.0,0.0,0.0,661.77
7,15,7,0,,,,2.3485334,0.0,0.0,0.0,555.9
7,16,7,0,,,,3.7113166,0.0,0.0,0.0,484.29
7,17,7,0,,,,3.2132833,0.0,0.0,0.0,227.48
7,18,7,0,,,,2.4189832,0.0,0.0,0.0,199.43
7,19,7,0,,,,2.1327333,0.0,0.0,0.0,51.5
7,20,7,0,,,,2.71845,0.0,0.0,0.0,16.29
7,21,7,0,,,,1.9351833,0.0,0.0,0.0,0.0
7,22,7,0,,,,1.5529166,0.0,0.0,0.0,0.0
7,23,7,0,,,,1.1431,0.0,0.0,0.0,0.0
7,24,7,0,,,,1.5126916,0.0,0.0,0.0,0.0
7,1,1,0,,,,0.9917333,0.0,0.0,0.0,0.0
7,2,1,0,,,,0.6382167,0.0,0.0,0.0,0.0
7,3,1,0,,,,1.0904167,0.0,0.0,0.0,0.0
7,4,1,0,,,,1.1262833,0.0,0.0,0.0,0.0
7,5,1,0,,,,0.87098336,0.0,0.0,0.0,0.0
7,6,1,0,,,,0.61221665,0.0,0.0,0.0,30.79
7,7,1,0,,,,0.59000003,0.0,0.0,0.0,35.45
7,8,1,0,,,,0.92766666,0.0,0.0,0.0,194.93
7,9,1,0,,,,1.4390666,0.0,0.0,0.0,70.24
7,10,1,0,,,,0.9618,0.0,0.0,0.0,157.14
7,11,1,0,,,,2.09145,0.0,0.0,0.0,220.7
7,12,1,0,,,,1.2024333,0.0,0.0,0.0,721.58
7,13,1,0,,,,2.5466,0.0,0.0,0.0,602.41
7,14,1,0,,,,2.8693333,0.0,0.0,0.0,426.88
7,15,1,0,,,,2.5119,0.0,0.0,0.0,314.24
7,16,1,0,,,,2.35055,0.0,0.0,0.0,431.08
7,17,1,0,,,,3.8472834,0.0,0.0,0.0,284.86
7,18,1,0,,,,1.8852834,0.0,0.0,0.0,109.57
7,19,1,0,,,,2.9078333,0.0,0.0,0.0,72.61
7,20,1,0,,,,1.4759333,0.0,0.0,0.0,20.26
7,21,1,0,,,,1.5261834,0.0,0.0,0.0,0.0
7,22,1,0,,,,1.2873666,0.0,0.0,0.0,0.0
7,23,1,0,,,,0.9323,0.0,0.0,0.0,0.0
7,24,1,0,,,,0.70404166,0.0,0.0,0.0,0.0
7,1,2,0,,,,0.6594333,0.0,0.0,0.0,0.0
7,2,2,0,,,,1.4850167,0.0,0.0,0.0,0.0
7,3,2,0,,,,2.1366334,0.0,0.0,0.0,0.0
7,4,2,0,,,,1.0663167,0.0,0.0,0.0,0.0
7,5,2,0,,,,0.6649,0.0,0.0,0.0,0.0
7,6,2,0,,,,0.24446666,0.0,0.0,0.0,0.87
7,7,2,0,,,,0.6665,0.0,0.0,0.0,8.51
7,8,2,0,,,,2.6374667,0.0,0.0,0.0,33.76
7,9,2,0,,,,0.9094667,0.0,0.0,0.0,128.24
7,10,2,0,,,,3.1907666,0.0,0.0,0.0,245.13
7,11,2,0,,,,3.8175833,0.0,0.0,0.0,432.39
7,12,2,0,,,,1.7634833,0.0,0.0,0.0,542.47
7,13,2,0,,,,3.8193667,0.0,0.0,0.0,439.91
7,14,2,0,,,,3.3527,0.0,0.0,0.0,282.27
7,15,2,0,,,,1.6158333,0.0,0.0,0.0,259.16
7,16,2,0,,,,2.6330166,0.0,0.0,0.0,262.77
7,17,2,0,,,,2.5354834,0.0,0.0,0.0,265.21
7,18,2,0,,,,1.8424,0.0,0.0,0.0,186.14
7,19,2,0,,,,2.2554834,0.0,0.0,0.0,15.22
7,20,2,0,,,,2.2947,0.0,0.0,0.0,20.31
7,21,2,0,,,,0.70708334,0.0,0.0,0.0,0.0
7,22,2,0,,,,0.78063333,0.0,0.0,0.0,0.0
7,23,2,0,,,,1.4713,0.0,0.0,0.0,0.0
7,24,2,0,,,,0.61645,0.0,0.0,0.0,0.0
7,1,3,0,,,,0.5258833,0.0,0.0,0.0,0.0
7,2,3,0,,,,0.3041,0.0,0.0,0.0,0.0
7,3,3,0,,,,0.97925,0.0,0.0,0.0,0.0
7,4,3,0,,,,2.1295834,0.0,0.0,0.0,0.0
7,5,3,0,,,,0.34115,0.0,0.0,0.0,0.0
7,6,3,0,,,,0.24725,0.0,0.0,0.0,28.73
7,7,3,0,,,,0.21816666,0.0,0.0,0.0,67.63
7,8,3,0,,,,0.5658167,0.0,0.0,0.0,68.28
7,9,3,0,,,,0.81158334,0.0,0.0,0.0,303.87
7,10,3,0,,,,0.7774334,0.0,0.0,0.0,451.04
7,11,3,0,,,,0.8466667,0.0,0.0,0.0,628.65
7,12,3,0,,,,1.24565,0.0,0.0,0.0,275.63
7,13,3,0,,,,1.3888667,0.0,0.0,0.0,377.22
7,14,3,0,,,,2.2387667,0.0,0.0,0.0,120.49
7,15,3,0,,,,2.8400834,0.0,0.0,0.0,463.98
7,16,3,0,,,,4.1555333,0.0,0.0,0.0,414.6
7,17,3,0,,,,0.64711666,0.0,0.0,0.0,385.21
7,18,3,0,,,,2.46175,0.0,0.0,0.0,53.65
7,19,3,0,,,,1.1149,0.0,0.0,0.0,56.4
7,20,3,0,,,,2.7437167,0.0,0.0,0.0,18.85
7,21,3,0,,,,1.7325,0.0,0.0,0.0,0.0
7,22,3,0,,,,1.8348167,0.0,0.0,0.0,0.0
7,23,3,0,,,,0.54623336,0.0,0.0,0.0,0.0
7,24,3,0,,,,0.50065,0.0,0.0,0.0,0.0
7,1,4,0,,,,0.48151666,0.0,0.0,0.0,0.0
7,2,4,0,,,,0.48211667,0.0,0.0,0.0,0.0
7,3,4,0,,,,0.92295,0.0,0.0,0.0,0.0
7,4,4,0,,,,2.0200667,0.0,0.0,0.0,0.0
7,5,4,0,,,,0.52708334,0.0,0.0,0.0,0.0
7,6,4,0,,,,0.18675001,0.0,0.0,0.0,28.74
7,7,4,0,,,,0.27511665,0.0,0.0,0.0,87.97
7,8,4,0,,,,0.52445,0.0,0.0,0.0,259.86
7,9,4,0,,,,1.35165,0.0,0.0,0.0,428.57
7,10,4,0,,,,1.32525,0.0,0.0,0.0,587.78
7,11,4,0,,,,0.67588335,0.0,0.0,0.0,667.11
7,12,4,0,,,,1.5593333,0.0,0.0,0.0,707.14
7,13,4,0,,,,1.0013167,0.0,0.0,0.0,712.05
7,14,4,0,,,,2.0623333,0.0,0.0,0.0,682.24
7,15,4,0,,,,2.7854166,0.0,0.0,0.0,502.6
7,16,4,0,,,,1.3393167,0.0,0.0,0.0,540.49
7,17,4,0,,,,3.4667168,0.0,0.0,0.0,252.56
7,18,4,0,,,,3.0836418,0.0,0.0,0.0,190.82
7,19,4,0,,,,2.8801832,0.0,0.0,0.0,48.61
7,20,4,0,,,,2.6791334,0.0,0.0,0.0,18.64
7,21,4,0,,,,3.9079332,0.0,0.0,0.0,0.0
7,22,4,0,,,,1.6095166,0.0,0.0,0.0,0.0
7,23,4,0,,,,0.37631667,0.0,0.0,0.0,0.0
7,24,4,0,,,,0.59734166,0.0,0.0,0.0,0.0
7,1,5,0,,,,0.7377833,0.0,0.0,0.0,0.0
7,2,5,0,,,,0.34965,0.0,0.0,0.0,0.0
7,3,5,0,,,,0.7484,0.0,0.0,0.0,0.0
7,4,5,0,,,,1.0657667,0.0,0.0,0.0,0.0
7,5,5,0,,,,0.5315,0.0,0.0,0.0,0.0
7,6,5,0,,,,0.936,0.0,0.0,0.0,3.51
7,7,5,0,,,,0.29641667,0.0,0.0,0.0,49.78
7,8,5,0,,,,0.570725,0.0,0.0,0.0,94.9
7,9,5,0,,,,0.5833167,0.0,0.0,0.0,331.24
7,10,5,0,,,,2.0169168,0.0,0.0,0.0,553.51
7,11,5,0,,,,0.5266,0.0,0.0,0.0,669.94
7,12,5,0,,,,2.94515,0.0,0.0,0.0,511.84
7,13,5,0,,,,1.2295834,0.0,0.0,0.0,289.31
7,14,5,0,,,,5.6427,0.0,0.0,0.0,49.37
7,15,5,0,,,,1.5734167,0.0,0.0,0.0,39.27
7,16,5,0,,,,4.2014666,0.0,0.0,0.0,164.84
7,17,5,0,,,,2.6740832,0.0,0.0,0.0,66.78
7,18,5,0,,,,3.5613666,0.0,0.0,0.0,182.02
7,19,5,0,,,,1.8196,0.0,0.0,0.0,68.23
7,20,5,0,,,,0.96676666,0.0,0.0,0.0,17.6
7,21,5,0,,,,1.2679,0.0,0.0,0.0,0.0
7,22,5,0,,,,2.4776666,0.0,0.0,0.0,0.0
7,23,5,0,,,,0.99275,0.0,0.0,0.0,0.0
7,24,5,0,,,,0.89103335,0.0,0.0,0.0,0.0
7,1,6,0,,,,0.47825,0.0,0.0,0.0,0.0
7,2,6,0,,,,0.6905334,0.0,0.0,0.0,0.0
7,3,6,0,,,,0.41993338,0.0,0.0,0.0,0.0
7,4,6,0,,,,0.37135005,0.0,0.0,0.0,0.0
7,5,6,0,,,,0.3271334,0.0,0.0,0.0,0.0
7,6,6,0,,,,0.62835,0.0,0.0,0.0,0.85
7,7,6,0,,,,0.83095,0.0,0.0,0.0,7.8
7,8,6,0,,,,0.44618335,0.0,0.0,0.0,27.6
7,9,6,0,,,,1.3808666,0.0,0.0,0.0,89.49
7,10,6,0,,,,0.9235,0.0,0.0,0.0,98.36
7,11,6,0,,,,3.0997334,0.0,0.0,0.0,185.01
7,12,6,0,,,,1.85935,0.0,0.0,0.0,129.13
7,13,6,0,,,,2.9659333,0.0,0.0,0.0,106.53
7,14,6,0,,,,4.2987666,0.0,0.0,0.0,140.36
7,15,6,0,,,,4.127683,0.0,0.0,0.0,357.76
7,16,6,0,,,,4.11665,0.0,0.0,0.0,162.26
7,17,6,0,,,,2.42225,0.0,0.0,0.0,164.05
7,18,6,0,,,,1.4082167,0.0,0.0,0.0,186.08
7,19,6,0,,,,1.57475,0.0,0.0,0.0,69.32
7,20,6,0,,,,1.0616333,0.0,0.0,0.0,17.61
7,21,6,0,,,,0.89015,0.0,0.0,0.0,0.0
7,22,6,0,,,,1.0221666,0.0,0.0,0.0,0.0
7,23,6,0,,,,0.81811666,0.0,0.0,0.0,0.0
7,24,6,0,,,,0.42419168,0.0,0.0,0.0,0.0
7,1,7,0,,,,1.71405,0.0,0.0,0.0,0.0
7,2,7,0,,,,1.7871,0.0,0.0,0.0,0.0
7,3,7,0,,,,1.3689166,0.0,0.0,0.0,0.0
7,4,7,0,,,,1.49505,0.0,0.0,0.0,0.0
7,5,7,0,,,,1.2382333,0.0,0.0,0.0,0.0
7,6,7,0,,,,0.4815667,0.0,0.0,0.0,0.87
7,7,7,0,,,,0.6332167,0.0,0.0,0.0,82.73
7,8,7,0,,,,1.3506167,0.0,0.0,0.0,254.03
7,9,7,0,,,,1.1856834,0.0,0.0,0.0,436.02
7,10,7,0,,,,1.3403667,0.0,0.0,0.0,600.67
7,11,7,0,,,,3.3740168,0.0,0.0,0.0,694.26
7,12,7,0,,,,3.2582,0.0,0.0,0.0,746.07
7,13,7,0,,,,1.8097,0.0,0.0,0.0,776.64
7,14,7,0,,,,2.6938834,0.0,0.0,0.0,748.24
7,15,7,0,,,,4.01755,0.0,0.0,0.0,659.69
7,16,7,0,,,,4.445483,0.0,0.0,0.0,424.99
7,17,7,0,,,,3.97005,0.0,0.0,0.0,313.27
7,18,7,0,,,,2.0866168,0.0,0.0,0.0,38.85
7,19,7,0,,,,2.01515,0.0,0.0,0.0,47.77
7,20,7,0,,,,1.2728667,0.0,0.0,0.0,17.36
7,21,7,0,,,,1.65555,0.0,0.0,0.0,0.0
7,22,7,0,,,,1.8100166,0.0,0.0,0.0,0.0
7,23,7,0,,,,1.0813667,0.0,0.0,0.0,0.0
7,24,7,0,,,,0.84654164,0.0,0.0,0.0,0.0
7,1,1,0,,,,0.81905,0.0,0.0,0.0,0.0
7,2,1,0,,,,0.9533333,0.0,0.0,0.0,0.0
7,3,1,0,,,,0.8750167,0.0,0.0,0.0,0.0
7,4,1,0,,,,1.4781834,0.0,0.0,0.0,0.0
7,5,1,0,,,,0.84106666,0.0,0.0,0.0,0.0
7,6,1,0,,,,1.0115,0.0,0.0,0.0,0.49
7,7,1,0,,,,0.6686,0.0,0.0,0.0,7.79
7,8,1,0,,,,0.9540167,0.0,0.0,0.0,37.04
7,9,1,0,,,,0.97538334,0.0,0.0,0.0,33.23
7,10,1,0,,,,0.7673333,0.0,0.0,0.0,53.35
7,11,1,0,,,,1.1575167,0.0,0.0,0.0,698.47
7,12,1,0,,,,1.3946,0.0,0.0,0.0,463.66
7,13,1,0,,,,3.7044,0.0,0.0,0.0,598.32
7,14,1,0,,,,3.1751168,0.0,0.0,0.0,446.51
7,15,1,0,,,,3.8345168,0.0,0.0,0.0,618.84
7,16,1,0,,,,4.2379665,0.0,0.0,0.0,129.37
7,17,1,0,,,,3.6870167,0.0,0.0,0.0,215.72
7,18,1,0,,,,3.68285,0.0,0.0,0.0,143.62
7,19,1,0,,,,1.0435166,0.0,0.0,0.0,17.75
7,20,1,0,,,,2.2625167,0.0,0.0,0.0,13.37
7,21,1,0,,,,1.8018,0.0,0.0,0.0,0.0
7,22,1,0,,,,1.9229333,0.0,0.0,0.0,0.0
7,23,1,0,,,,1.1198666,0.0,0.0,0.0,0.0
7,24,1,0,,,,1.0313833,0.0,0.0,0.0,0.0
7,1,2,0,,,,0.68901664,0.0,0.0,0.0,0.0
7,2,2,0,,,,0.9641167,0.0,0.0,0.0,0.0
7,3,2,0,,,,0.71143335,0.0,0.0,0.0,0.0
7,4,2,0,,,,0.65718335,0.0,0.0,0.0,0.0
7,5,2,0,,,,0.79576665,0.0,0.0,0.0,0.0
7,6,2,0,,,,0.4878,0.0,0.0,0.0,0.51
7,7,2,0,,,,0.79361665,0.0,0.0,0.0,91.1
7,8,2,0,,,,1.366,0.0,0.0,0.0,245.14
7,9,2,0,,,,1.5232167,0.0,0.0,0.0,430.95
7,10,2,0,,,,1.33265,0.0,0.0,0.0,562.4
7,11,2,0,,,,1.49805,0.0,0.0,0.0,670.32
7,12,2,0,,,,2.6908667,0.0,0.0,0.0,555.84
7,13,2,0,,,,2.5502334,0.0,0.0,0.0,304.63
7,14,2,0,,,,2.2321334,0.0,0.0,0.0,754.45
7,15,2,0,,,,1.2603667,0.0,0.0,0.0,488.89
7,16,2,0,,,,3.9718833,0.0,0.0,0.0,458.91
7,17,2,0,,,,2.0204167,0.0,0.0,0.0,334.04
7,18,2,0,,,,1.7539,0.0,0.0,0.0,159.79
7,19,2,0,,,,1.40735,0.0,0.0,0.0,50.36
7,20,2,0,,,,2.30915,0.0,0.0,0.0,16.88
7,21,2,0,,,,0.9536333,0.0,0.0,0.0,0.0
7,22,2,0,,,,1.6204333,0.0,0.0,0.0,0.0
7,23,2,0,,,,3.1978,0.0,0.0,0.0,0.0
7,24,2,0,,,,0.8076,0.0,0.0,0.0,0.0
7,1,3,0,,,,0.83945,0.0,0.0,0.0,0.0
7,2,3,0,,,,0.62755,0.0,0.0,0.0,0.0
7,3,3,0,,,,1.1479167,0.0,0.0,0.0,0.0
7,4,3,0,,,,1.3535167,0.0,0.0,0.0,0.0
7,5,3,0,,,,0.96386665,0.0,0.0,0.0,0.0
7,6,3,0,,,,0.661,0.0,0.0,0.0,8.8
7,7,3,0,,,,0.6347333,0.0,0.0,0.0,84.45
7,8,3,0,,,,0.6306667,0.0,0.0,0.0,253.5
7,9,3,0,,,,1.12325,0.0,0.0,0.0,439.39
7,10,3,0,,,,3.0793166,0.0,0.0,0.0,605.75
7,11,3,0,,,,0.53148335,0.0,0.0,0.0,708.68
7,12,3,0,,,,1.20745,0.0,0.0,0.0,660.23
7,13,3,0,,,,2.3578668,0.0,0.0,0.0,558.13
7,14,3,0,,,,2.97585,0.0,0.0,0.0,512.26
7,15,3,0,,,,2.16085,0.0,0.0,0.0,365.76
7,16,3,0,,,,1.43575,0.0,0.0,0.0,195.03
7,17,3,0,,,,1.7170833,0.0,0.0,0.0,290.03
7,18,3,0,,,,2.1728168,0.0,0.0,0.0,203.92
7,19,3,0,,,,2.6687167,0.0,0.0,0.0,41.81
7,20,3,0,,,,2.7424333,0.0,0.0,0.0,16.02
7,21,3,0,,,,2.4017,0.0,0.0,0.0,0.0
7,22,3,0,,,,1.5284333,0.0,0.0,0.0,0.0
7,23,3,0,,,,0.61251664,0.0,0.0,0.0,0.0
7,24,3,0,,,,0.48905835,0.0,0.0,0.0,0.0
7,1,4,0,,,,0.92898333,0.0,0.0,0.0,0.0
7,2,4,0,,,,0.60961664,0.0,0.0,0.0,0.0
7,3,4,0,,,,0.40363333,0.0,0.0,0.0,0.0
7,4,4,0,,,,0.20825003,0.0,0.0,0.0,0.0
7,5,4,0,,,,0.34915003,0.0,0.0,0.0,0.0
7,6,4,0,,,,0.33623335,0.0,0.0,0.0,10.57
7,7,4,0,,,,0.32480007,0.0,0.0,0.0,83.9
7,8,4,0,,,,0.3455167,0.0,0.0,0.0,242.42
7,9,4,0,,,,0.39873335,0.0,0.0,0.0,421.66
7,10,4,0,,,,0.52680004,0.0,0.0,0.0,575.06
7,11,4,0,,,,1.5566,0.0,0.0,0.0,654.92
7,12,4,0,,,,3.0968,0.0,0.0,0.0,628.97
7,13,4,0,,,,3.6269667,0.0,0.0,0.0,642.21
7,14,4,0,,,,4.8444166,0.0,0.0,0.0,594.14
7,15,4,0,,,,2.5375333,0.0,0.0,0.0,424.9
7,16,4,0,,,,2.9149334,0.0,0.0,0.0,523.15
7,17,4,0,,,,1.6627667,0.0,0.0,0.0,366.68
7,18,4,0,,,,1.6126833,0.0,0.0,0.0,197.05
7,19,4,0,,,,1.6289333,0.0,0.0,0.0,46.23
7,20,4,0,,,,1.43795,0.0,0.0,0.0,14.59
7,21,4,0,,,,0.6742,0.0,0.0,0.0,0.0
7,22,4,0,,,,0.9371167,0.0,0.0,0.0,0.0
7,23,4,0,,,,0.5118333,0.0,0.0,0.0,0.0
7,24,4,0,,,,0.79355,0.0,0.0,0.0,0.0
7,1,5,0,,,,0.48481667,0.0,0.0,0.0,0.0
7,2,5,0,,,,0.4258667,0.0,0.0,0.0,0.0
7,3,5,0,,,,0.75366664,0.0,0.0,0.0,0.0
7,4,5,0,,,,1.0876833,0.0,0.0,0.0,0.0
7,5,5,0,,,,1.04675,0.0,0.0,0.0,0.0
7,6,5,0,,,,0.20178333,0.0,0.0,0.0,0.15
7,7,5,0,,,,0.72511667,0.0,0.0,0.0,6.55
7,8,5,0,,,,0.8261333,0.0,0.0,0.0,149.62
7,9,5,0,,,,0.54878336,0.0,0.0,0.0,369.34
7,10,5,0,,,,0.73005,0.0,0.0,0.0,478.35
7,11,5,0,,,,0.63663334,0.0,0.0,0.0,643.36
7,12,5,0,,,,0.9419,0.0,0.0,0.0,696.16
7,13,5,0,,,,1.2896334,0.0,0.0,0.0,599.73
7,14,5,0,,,,1.3256167,0.0,0.0,0.0,435.01
7,15,5,0,,,,3.0061834,0.0,0.0,0.0,289.92
7,16,5,0,,,,1.3749667,0.0,0.0,0.0,73.44
7,17,5,0,,,,1.5026,0.0,0.0,0.0,38.4
7,18,5,0,,,,2.0393333,0.0,0.0,0.0,83.52
7,19,5,0,,,,1.9451333,0.0,0.0,0.0,44.84
7,20,5,0,,,,2.09745,0.0,0.0,0.0,14.55
7,21,5,0,,,,1.9081833,0.0,0.0,0.0,0.0
7,22,5,0,,,,0.54123336,0.0,0.0,0.0,0.0
7,23,5,0,,,,0.83526665,0.0,0.0,0.0,0.0
7,24,5,0,,,,1.2219666,0.0,0.0,0.0,0.0
7,1,6,0,,,,3.298375,0.0,0.0,0.0,0.0
7,2,6,0,,,,0.3953,0.0,0.0,0.0,0.0
7,3,6,0,,,,0.37048334,0.0,0.0,0.0,0.0
7,4,6,0,,,,0.43926665,0.0,0.0,0.0,0.0
7,5,6,0,,,,0.23598333,0.0,0.0,0.0,0.0
7,6,6,0,,,,0.5108333,0.0,0.0,0.0,0.14
7,7,6,0,,,,0.98905,0.0,0.0,0.0,79.93
7,8,6,0,,,,1.56015,0.0,0.0,0.0,177.99
7,9,6,0,,,,0.45261666,0.0,0.0,0.0,250.03
7,10,6,0,,,,0.7576,0.0,0.0,0.0,99.66
7,11,6,0,,,,1.6962334,0.0,0.0,0.0,156.36
7,12,6,0,,,,2.3914833,0.0,0.0,0.0,192.65
7,13,6,0,,,,1.6967167,0.0,0.0,0.0,176.29
7,14,6,0,,,,2.0751166,0.0,0.0,0.0,538.78
7,15,6,0,,,,1.7723833,0.0,0.0,0.0,578.98
7,16,6,0,,,,2.1562667,0.0,0.0,0.0,381.67
7,17,6,0,,,,2.7476332,0.0,0.0,0.0,231.99
7,18,6,0,,,,1.8463833,0.0,0.0,0.0,186.69
7,19,6,0,,,,2.0147333,0.0,0.0,0.0,55.26
7,20,6,0,,,,2.458,0.0,0.0,0.0,11.97
7,21,6,0,,,,2.05735,0.0,0.0,0.0,0.0
7,22,6,0,,,,2.2980332,0.0,0.0,0.0,0.0
7,23,6,0,,,,1.9264333,0.0,0.0,0.0,0.0
7,24,6,0,,,,0.638725,0.0,0.0,0.0,0.0
7,1,7,0,,,,0.7722,0.0,0.0,0.0,0.0
7,2,7,0,,,,0.65985,0.0,0.0,0.0,0.0
7,3,7,0,,,,0.47211668,0.0,0.0,0.0,0.0
7,4,7,0,,,,0.61481667,0.0,0.0,0.0,0.0
7,5,7,0,,,,0.2515,0.0,0.0,0.0,0.0
7,6,7,0,,,,0.45181668,0.0,0.0,0.0,2.05
7,7,7,0,,,,0.73635,0.0,0.0,0.0,6.57
7,8,7,0,,,,1.7484,0.0,0.0,0.0,139.54
7,9,7,0,,,,0.5729833,0.0,0.0,0.0,335.52
7,10,7,0,,,,1.0412667,0.0,0.0,0.0,328.64
7,11,7,0,,,,1.00135,0.0,0.0,0.0,631.75
7,12,7,0,,,,1.08305,0.0,0.0,0.0,676.12
7,13,7,0,,,,1.3219,0.0,0.0,0.0,717.78
7,14,7,0,,,,2.9643834,0.0,0.0,0.0,621.32
7,15,7,0,,,,1.8233,0.0,0.0,0.0,533.78
7,16,7,0,,,,2.4548666,0.0,0.0,0.0,459.74
7,17,7,0,,,,1.2204833,0.0,0.0,0.0,299.62
7,18,7,0,,,,2.3819,0.0,0.0,0.0,183.9
7,19,7,0,,,,1.9252167,0.0,0.0,0.0,43.21
7,20,7,0,,,,0.9264,0.0,0.0,0.0,12.52
7,21,7,0,,,,1.07895,0.0,0.0,0.0,0.0
7,22,7,0,,,,1.1803666,0.0,0.0,0.0,0.0
7,23,7,0,,,,0.7586167,0.0,0.0,0.0,0.0
7,24,7,0,,,,0.39820004,0.0,0.0,0.0,0.0
7,1,1,0,,,,0.29708338,0.0,0.0,0.0,0.0
7,2,1,0,,,,0.3401667,0.0,0.0,0.0,0.0
7,3,1,0,,,,0.6278667,0.0,0.0,0.0,0.0
7,4,1,0,,,,0.8961,0.0,0.0,0.0,0.0
7,5,1,0,,,,0.65,0.0,0.0,0.0,0.0
7,6,1,0,,,,0.38695005,0.0,0.0,0.0,0.15
7,7,1,0,,,,0.329,0.0,0.0,0.0,6.61
7,8,1,0,,,,0.48655003,0.0,0.0,0.0,55.6
7,9,1,0,,,,0.43098333,0.0,0.0,0.0,221.76
7,10,1,0,,,,0.37090003,0.0,0.0,0.0,431.8
7,11,1,0,,,,0.34861672,0.0,0.0,0.0,496.69
7,12,1,0,,,,0.6198334,0.0,0.0,0.0,571.61
7,13,1,0,,,,0.4365334,0.0,0.0,0.0,640.37
7,14,1,0,,,,0.9573,0.0,0.0,0.0,525.91
7,15,1,0,,,,1.2832834,0.0,0.0,0.0,441.14
7,16,1,0,,,,1.1165667,0.0,0.0,0.0,432.56
7,17,1,0,,,,1.3758167,0.0,0.0,0.0,376.76
7,18,1,0,,,,1.3988167,0.0,0.0,0.0,190.36
7,19,1,0,,,,0.9540333,0.0,0.0,0.0,54.68
7,20,1,0,,,,1.0498667,0.0,0.0,0.0,12.57
7,21,1,0,,,,1.4924834,0.0,0.0,0.0,0.0
7,22,1,0,,,,0.5289,0.0,0.0,0.0,0.0
7,23,1,0,,,,2.4290333,0.0,0.0,0.0,0.0
7,24,1,0,,,,0.17461671,0.0,0.0,0.0,0.0
7,1,2,0,,,,0.16368334,0.0,0.0,0.0,0.0
7,2,2,0,,,,0.21265002,0.0,0.0,0.0,0.0
7,3,2,0,,,,0.52148336,0.0,0.0,0.0,0.0
7,4,2,0,,,,0.70788336,0.0,0.0,0.0,0.0
7,5,2,0,,,,0.2731,0.0,0.0,0.0,0.0
7,6,2,0,,,,0.26105,0.0,0.0,0.0,0.84
7,7,2,0,,,,0.25696668,0.0,0.0,0.0,80.72
7,8,2,0,,,,0.25825,0.0,0.0,0.0,236.0
7,9,2,0,,,,0.1802,0.0,0.0,0.0,419.0
7,10,2,0,,,,0.15010005,0.0,0.0,0.0,545.85
7,11,2,0,,,,3.0034833,0.0,0.0,0.0,618.07
7,12,2,0,,,,0.19295,0.0,0.0,0.0,705.62
7,13,2,0,,,,0.61301666,0.0,0.0,0.0,749.85
7,14,2,0,,,,0.74978334,0.0,0.0,0.0,739.74
7,15,2,0,,,,3.0242333,0.0,0.0,0.0,643.79
7,16,2,0,,,,3.1806834,0.0,0.0,0.0,303.18
7,17,2,0,,,,0.6198,0.0,0.0,0.0,34.67
7,18,2,0,,,,1.1488333,0.0,0.0,0.0,187.27
7,19,2,0,,,,2.2326667,0.0,0.0,0.0,54.9
7,20,2,0,,,,2.5772,0.0,0.0,0.0,0.0
7,21,2,0,,,,0.63673335,0.0,0.0,0.0,0.0
7,22,2,0,,,,0.34973332,0.0,0.0,0.0,0.0
7,23,2,0,,,,0.58536667,0.0,0.0,0.0,0.0
7,24,2,0,,,,0.23417503,0.0,0.0,0.0,0.0
7,1,3,0,,,,0.75526667,0.0,0.0,0.0,0.0
7,2,3,0,,,,0.26751667,0.0,0.0,0.0,0.0
7,3,3,0,,,,0.49228334,0.0,0.0,0.0,0.0
7,4,3,0,,,,2.4162333,0.0,0.0,0.0,0.0
7,5,3,0,,,,0.067283385,0.0,0.0,0.0,0.0
7,6,3,0,,,,0.07456671,0.0,0.0,0.0,0.0
7,7,3,0,,,,0.09186671,0.0,0.0,0.0,9.54
7,8,3,0,,,,0.0889167,0.0,0.0,0.0,32.27
7,9,3,0,,,,0.046850003,0.0,0.0,0.0,419.34
7,10,3,0,,,,0.32551673,0.0,0.0,0.0,381.22
7,11,3,0,,,,0.5988667,0.0,0.0,0.0,665.73
7,12,3,0,,,,2.73945,0.0,0.0,0.0,713.68
7,13,3,0,,,,1.5315167,0.0,0.0,0.0,581.5
7,14,3,0,,,,3.5680833,0.0,0.0,0.0,506.12
7,15,3,0,,,,2.5369666,0.0,0.0,0.0,507.56
7,16,3,0,,,,1.3486334,0.0,0.0,0.0,245.98
7,17,3,0,,,,2.1855667,0.0,0.0,0.0,108.36
7,18,3,0,,,,2.9045668,0.0,0.0,0.0,179.78
7,19,3,0,,,,1.1551666,0.0,0.0,0.0,55.98
7,20,3,0,,,,3.0400333,0.0,0.0,0.0,10.05
7,21,3,0,,,,3.4037166,0.0,0.0,0.0,0.0
7,22,3,0,,,,0.8964,0.0,0.0,0.0,0.0
7,23,3,0,,,,0.71278334,0.0,0.0,0.0,0.0
7,24,3,0,,,,0.6195167,0.0,0.0,0.0,0.0
7,1,4,0,,,,0.50406665,0.0,0.0,0.0,0.0
7,2,4,0,,,,0.252875,0.0,0.0,0.0,0.0
7,3,4,0,,,,0.88636667,0.0,0.0,0.0,0.0
7,4,4,0,,,,1.0571834,0.0,0.0,0.0,0.0
7,5,4,0,,,,0.6092333,0.0,0.0,0.0,0.0
7,6,4,0,,,,0.27753332,0.0,0.0,0.0,0.85
7,7,4,0,,,,0.23591666,0.0,0.0,0.0,78.58
7,8,4,0,,,,0.72543335,0.0,0.0,0.0,229.54
7,9,4,0,,,,0.84675,0.0,0.0,0.0,412.26
7,10,4,0,,,,1.02355,0.0,0.0,0.0,567.87
7,11,4,0,,,,3.9765167,0.0,0.0,0.0,671.7
7,12,4,0,,,,2.3337667,0.0,0.0,0.0,701.78
7,13,4,0,,,,1.6430167,0.0,0.0,0.0,666.17
7,14,4,0,,,,2.6001,0.0,0.0,0.0,549.17
7,15,4,0,,,,3.8976667,0.0,0.0,0.0,585.47
7,16,4,0,,,,1.3371,0.0,0.0,0.0,495.43
7,17,4,0,,,,1.63115,0.0,0.0,0.0,359.23
7,18,4,0,,,,1.3202333,0.0,0.0,0.0,183.92
7,19,4,0,,,,2.5382333,0.0,0.0,0.0,44.87
7,20,4,0,,,,0.8966167,0.0,0.0,0.0,9.44
7,21,4,0,,,,0.53943336,0.0,0.0,0.0,0.0
7,22,4,0,,,,0.9772,0.0,0.0,0.0,0.0
7,23,4,0,,,,0.789275,0.0,0.0,0.0,0.0
7,24,4,0,,,,0.9990417,0.0,0.0,0.0,0.0
7,1,5,0,,,,0.66408336,0.0,0.0,0.0,0.0
7,2,5,0,,,,0.49615,0.0,0.0,0.0,0.0
7,3,5,0,,,,0.20198333,0.0,0.0,0.0,0.0
7,4,5,0,,,,0.94215,0.0,0.0,0.0,0.0
7,5,5,0,,,,0.74595,0.0,0.0,0.0,0.0
7,6,5,0,,,,0.9241667,0.0,0.0,0.0,3.43
7,7,5,0,,,,0.72433335,0.0,0.0,0.0,75.07
7,8,5,0,,,,0.5782,0.0,0.0,0.0,203.72
7,9,5,0,,,,1.6519166,0.0,0.0,0.0,393.62
7,10,5,0,,,,1.2255167,0.0,0.0,0.0,553.44
7,11,5,0,,,,0.5261,0.0,0.0,0.0,660.03
7,12,5,0,,,,0.98723334,0.0,0.0,0.0,738.38
7,13,5,0,,,,1.715,0.0,0.0,0.0,706.56
7,14,5,0,,,,3.9092667,0.0,0.0,0.0,638.19
7,15,5,0,,,,4.2047668,0.0,0.0,0.0,547.92
7,16,5,0,,,,1.6913167,0.0,0.0,0.0,468.54
7,17,5,0,,,,1.9505334,0.0,0.0,0.0,325.65
7,18,5,0,,,,2.4049666,0.0,0.0,0.0,183.26
7,19,5,0,,,,1.99615,0.0,0.0,0.0,49.5
7,20,5,0,,,,2.78815,0.0,0.0,0.0,7.15
7,21,5,0,,,,3.22355,0.0,0.0,0.0,0.0
7,22,5,0,,,,2.3372667,0.0,0.0,0.0,0.0
7,23,5,0,,,,1.40555,0.0,0.0,0.0,0.0
7,24,5,0,,,,1.5030416,0.0,0.0,0.0,0.0
7,1,6,0,,,,0.4308,0.0,0.0,0.0,0.0
7,2,6,0,,,,0.35071668,0.0,0.0,0.0,0.0
7,3,6,0,,,,0.55535,0.0,0.0,0.0,0.0
7,4,6,0,,,,0.9856167,0.0,0.0,0.0,0.0
7,5,6,0,,,,0.33228335,0.0,0.0,0.0,0.0
7,6,6,0,,,,0.27785,0.0,0.0,0.0,0.0
7,7,6,0,,,,0.25506666,0.0,0.0,0.0,72.59
7,8,6,0,,,,1.3782667,0.0,0.0,0.0,207.69
7,9,6,0,,,,1.0799,0.0,0.0,0.0,229.31
7,10,6,0,,,,1.2787666,0.0,0.0,0.0,501.67
7,11,6,0,,,,0.8879167,0.0,0.0,0.0,533.53
7,12,6,0,,,,1.0269,0.0,0.0,0.0,373.62
7,13,6,0,,,,1.7887666,0.0,0.0,0.0,356.12
7,14,6,0,,,,4.2121167,0.0,0.0,0.0,217.8
7,15,6,0,,,,3.86305,0.0,0.0,0.0,573.26
7,16,6,0,,,,3.2965834,0.0,0.0,0.0,82.53
7,17,6,0,,,,1.7469,0.0,0.0,0.0,47.64
7,18,6,0,,,,1.9283,0.0,0.0,0.0,118.6
7,19,6,0,,,,2.3113832,0.0,0.0,0.0,40.92
7,20,6,0,,,,1.5222,0.0,0.0,0.0,8.78
7,21,6,0,,,,1.8435,0.0,0.0,0.0,0.0
7,22,6,0,,,,0.6379167,0.0,0.0,0.0,0.0
7,23,6,0,,,,0.6648167,0.0,0.0,0.0,0.0
7,24,6,0,,,,0.381875,0.0,0.0,0.0,0.0
7,1,7,0,,,,0.5071667,0.0,0.0,0.0,0.0
7,2,7,0,,,,0.2858,0.0,0.0,0.0,0.0
7,3,7,0,,,,0.21975,0.0,0.0,0.0,0.0
7,4,7,0,,,,0.14263333,0.0,0.0,0.0,0.0
7,5,7,0,,,,0.15968333,0.0,0.0,0.0,0.0
7,6,7,0,,,,0.41138333,0.0,0.0,0.0,0.0
7,7,7,0,,,,0.12946671,0.0,0.0,0.0,62.14
7,8,7,0,,,,0.17148337,0.0,0.0,0.0,13.56
7,9,7,0,,,,0.8997,0.0,0.0,0.0,81.32
7,10,7,0,,,,0.5242,0.0,0.0,0.0,193.14
7,11,7,0,,,,0.41801667,0.0,0.0,0.0,213.36
7,12,7,0,,,,2.5934167,0.0,0.0,0.0,329.81
7,13,7,0,,,,0.78063333,0.0,0.0,0.0,566.46
7,14,7,0,,,,0.6468667,0.0,0.0,0.0,557.88
7,15,7,0,,,,1.7398834,0.0,0.0,0.0,416.26
7,16,7,0,,,,3.6344,0.0,0.0,0.0,494.9
7,17,7,0,,,,1.0017834,0.0,0.0,0.0,240.32
7,18,7,0,,,,2.1365666,0.0,0.0,0.0,23.16
7,19,7,0,,,,1.9564834,0.0,0.0,0.0,3.68
7,20,7,0,,,,2.35105,0.0,0.0,0.0,0.11
7,21,7,0,,,,1.6248667,0.0,0.0,0.0,0.0
7,22,7,0,,,,0.69195,0.0,0.0,0.0,0.0
7,23,7,0,,,,0.8383333,0.0,0.0,0.0,0.0
7,24,7,0,,,,1.8225,0.0,0.0,0.0,0.0
7,1,1,0,,,,0.36696666,0.0,0.0,0.0,0.0
7,2,1,0,,,,0.61976665,0.0,0.0,0.0,0.0
7,3,1,0,,,,0.5732667,0.0,0.0,0.0,0.0
7,4,1,0,,,,0.68298334,0.0,0.0,0.0,0.0
7,5,1,0,,,,0.26316667,0.0,0.0,0.0,0.0
7,6,1,0,,,,0.23463333,0.0,0.0,0.0,0.0
7,7,1,0,,,,0.27113333,0.0,0.0,0.0,63.1
7,8,1,0,,,,0.21768335,0.0,0.0,0.0,216.56
7,9,1,0,,,,0.39291668,0.0,0.0,0.0,273.82
7,10,1,0,,,,1.0994834,0.0,0.0,0.0,494.33
7,11,1,0,,,,2.9810667,0.0,0.0,0.0,512.92
7,12,1,0,,,,0.1664334,0.0,0.0,0.0,770.84
7,13,1,0,,,,1.2166333,0.0,0.0,0.0,709.22
7,14,1,0,,,,4.04305,0.0,0.0,0.0,732.03
7,15,1,0,,,,3.24665,0.0,0.0,0.0,686.42
7,16,1,0,,,,1.0303667,0.0,0.0,0.0,546.79
7,17,1,0,,,,2.46845,0.0,0.0,0.0,386.45
7,18,1,0,,,,3.7335835,0.0,0.0,0.0,197.98
7,19,1,0,,,,2.0121334,0.0,0.0,0.0,38.38
7,20,1,0,,,,2.54975,0.0,0.0,0.0,6.9
7,21,1,0,,,,3.6390166,0.0,0.0,0.0,0.0
7,22,1,0,,,,0.59195,0.0,0.0,0.0,0.0
7,23,1,0,,,,0.60925,0.0,0.0,0.0,0.0
