month,hour,day_type,daylight_savings_status,indoor_dry_bulb_temperature,average_unmet_cooling_setpoint_difference,indoor_relative_humidity,non_shiftable_load,dhw_demand,cooling_demand,heating_demand,solar_generation
7,24,7,0,,,,0.63045,0.0,0.0,0.0,0.0
8,1,1,0,,,,0.8168667,0.0,0.0,0.0,0.0
8,2,1,0,,,,0.9285333,0.0,0.0,0.0,0.0
8,3,1,0,,,,0.40106666,0.0,0.0,0.0,0.0
8,4,1,0,,,,0.96785,0.0,0.0,0.0,0.0
8,5,1,0,,,,0.39808333,0.0,0.0,0.0,0.0
8,6,1,0,,,,0.99095,0.0,0.0,0.0,0.87
8,7,1,0,,,,0.94366664,0.0,0.0,0.0,41.12
8,8,1,0,,,,2.0174167,0.0,0.0,0.0,14.06
8,9,1,0,,,,3.1141834,0.0,0.0,0.0,58.05
8,10,1,0,,,,3.1016333,0.0,0.0,0.0,310.95
8,11,1,0,,,,3.6635168,0.0,0.0,0.0,309.85
8,12,1,0,,,,3.96365,0.0,0.0,0.0,408.25
8,13,1,0,,,,4.58375,0.0,0.0,0.0,253.05
8,14,1,0,,,,3.0112333,0.0,0.0,0.0,171.52
8,15,1,0,,,,1.41055,0.0,0.0,0.0,75.01
8,16,1,0,,,,2.7819,0.0,0.0,0.0,87.93
8,17,1,0,,,,0.8875667,0.0,0.0,0.0,82.53
8,18,1,0,,,,0.038016725,0.0,0.0,0.0,39.56
8,19,1,0,,,,2.37675,0.0,0.0,0.0,13.2
8,20,1,0,,,,1.7800333,0.0,0.0,0.0,2.03
8,21,1,0,,,,1.89975,0.0,0.0,0.0,0.0
8,22,1,0,,,,1.3950666,0.0,0.0,0.0,0.0
8,23,1,0,,,,0.46668333,0.0,0.0,0.0,0.0
8,24,1,0,,,,0.4093625,0.0,0.0,0.0,0.0
8,1,2,0,,,,0.41468334,0.0,0.0,0.0,0.0
8,2,2,0,,,,0.40603334,0.0,0.0,0.0,0.0
8,3,2,0,,,,0.40656668,0.0,0.0,0.0,0.0
8,4,2,0,,,,0.41251665,0.0,0.0,0.0,0.0
8,5,2,0,,,,0.38946667,0.0,0.0,0.0,0.0
8,6,2,0,,,,0.38328335,0.0,0.0,0.0,0.0
8,7,2,0,,,,1.27275,0.0,0.0,0.0,11.5
8,8,2,0,,,,0.9623167,0.0,0.0,0.0,125.83
8,9,2,0,,,,1.3203833,0.0,0.0,0.0,134.75
8,10,2,0,,,,2.5424166,0.0,0.0,0.0,390.48
8,11,2,0,,,,3.5653167,0.0,0.0,0.0,494.46
8,12,2,0,,,,4.2911167,0.0,0.0,0.0,330.74
8,13,2,0,,,,1.0600667,0.0,0.0,0.0,511.35
8,14,2,0,,,,3.4659667,0.0,0.0,0.0,245.64
8,15,2,0,,,,3.4834166,0.0,0.0,0.0,386.38
8,16,2,0,,,,2.8661335,0.0,0.0,0.0,437.32
8,17,2,0,,,,2.6472332,0.0,0.0,0.0,57.81
8,18,2,0,,,,1.9205,0.0,0.0,0.0,191.58
8,19,2,0,,,,1.8882834,0.0,0.0,0.0,40.21
8,20,2,0,,,,1.4274167,0.0,0.0,0.0,4.87
8,21,2,0,,,,0.82236665,0.0,0.0,0.0,0.0
8,22,2,0,,,,0.914,0.0,0.0,0.0,0.0
8,23,2,0,,,,1.0543166,0.0,0.0,0.0,0.0
8,24,2,0,,,,0.44785833,0.0,0.0,0.0,0.0
8,1,3,0,,,,0.944,0.0,0.0,0.0,0.0
8,2,3,0,,,,0.44246668,0.0,0.0,0.0,0.0
8,3,3,0,,,,0.43698335,0.0,0.0,0.0,0.0
8,4,3,0,,,,0.67303336,0.0,0.0,0.0,0.0
8,5,3,0,,,,1.1650333,0.0,0.0,0.0,0.0
8,6,3,0,,,,0.43633333,0.0,0.0,0.0,0.0
8,7,3,0,,,,1.0566167,0.0,0.0,0.0,4.99
8,8,3,0,,,,1.0178666,0.0,0.0,0.0,141.86
8,9,3,0,,,,0.9087167,0.0,0.0,0.0,242.66
8,10,3,0,,,,0.81634164,0.0,0.0,0.0,197.38
8,11,3,0,,,,0.3887,0.0,0.0,0.0,245.73
8,12,3,0,,,,0.34815,0.0,0.0,0.0,365.33
8,13,3,0,,,,0.33685,0.0,0.0,0.0,226.42
8,14,3,0,,,,0.31243333,0.0,0.0,0.0,50.03
8,15,3,0,,,,0.32771668,0.0,0.0,0.0,136.8
8,16,3,0,,,,0.31816667,0.0,0.0,0.0,259.39
8,17,3,0,,,,1.6297,0.0,0.0,0.0,58.79
8,18,3,0,,,,2.8653,0.0,0.0,0.0,64.11
8,19,3,0,,,,2.90875,0.0,0.0,0.0,16.24
8,20,3,0,,,,2.5363834,0.0,0.0,0.0,0.13
8,21,3,0,,,,1.6745833,0.0,0.0,0.0,0.0
8,22,3,0,,,,1.16765,0.0,0.0,0.0,0.0
8,23,3,0,,,,1.1197333,0.0,0.0,0.0,0.0
8,24,3,0,,,,0.73583335,0.0,0.0,0.0,0.0
8,1,4,0,,,,0.7748,0.0,0.0,0.0,0.0
8,2,4,0,,,,0.85646665,0.0,0.0,0.0,0.0
8,3,4,0,,,,0.5043667,0.0,0.0,0.0,0.0
8,4,4,0,,,,0.7697167,0.0,0.0,0.0,0.0
8,5,4,0,,,,0.36588332,0.0,0.0,0.0,0.0
8,6,4,0,,,,0.35385,0.0,0.0,0.0,0.0
8,7,4,0,,,,0.36265,0.0,0.0,0.0,18.04
8,8,4,0,,,,0.35778335,0.0,0.0,0.0,183.25
8,9,4,0,,,,0.33911666,0.0,0.0,0.0,419.01
8,10,4,0,,,,0.3504,0.0,0.0,0.0,566.92
8,11,4,0,,,,0.35061666,0.0,0.0,0.0,631.56
8,12,4,0,,,,0.31635,0.0,0.0,0.0,798.3
8,13,4,0,,,,0.2753,0.0,0.0,0.0,807.67
8,14,4,0,,,,0.25515,0.0,0.0,0.0,789.21
8,15,4,0,,,,0.27553332,0.0,0.0,0.0,700.18
8,16,4,0,,,,0.2749,0.0,0.0,0.0,585.76
8,17,4,0,,,,0.34005,0.0,0.0,0.0,399.45
8,18,4,0,,,,0.7634,0.0,0.0,0.0,196.43
8,19,4,0,,,,3.4438834,0.0,0.0,0.0,36.93
8,20,4,0,,,,2.7360334,0.0,0.0,0.0,3.39
8,21,4,0,,,,1.3578167,0.0,0.0,0.0,0.0
8,22,4,0,,,,1.1681833,0.0,0.0,0.0,0.0
8,23,4,0,,,,1.0768167,0.0,0.0,0.0,0.0
8,24,4,0,,,,0.5734917,0.0,0.0,0.0,0.0
8,1,5,0,,,,0.61065,0.0,0.0,0.0,0.0
8,2,5,0,,,,0.67008334,0.0,0.0,0.0,0.0
8,3,5,0,,,,0.74576664,0.0,0.0,0.0,0.0
8,4,5,0,,,,0.40358335,0.0,0.0,0.0,0.0
8,5,5,0,,,,0.59201664,0.0,0.0,0.0,0.0
8,6,5,0,,,,0.9037667,0.0,0.0,0.0,0.0
8,7,5,0,,,,0.72251666,0.0,0.0,0.0,5.03
8,8,5,0,,,,0.46883333,0.0,0.0,0.0,218.46
8,9,5,0,,,,0.68563336,0.0,0.0,0.0,416.38
8,10,5,0,,,,1.0784333,0.0,0.0,0.0,574.11
8,11,5,0,,,,1.0269333,0.0,0.0,0.0,360.63
8,12,5,0,,,,0.71776664,0.0,0.0,0.0,234.37
8,13,5,0,,,,1.1446,0.0,0.0,0.0,818.82
8,14,5,0,,,,1.1223333,0.0,0.0,0.0,769.98
8,15,5,0,,,,1.2239,0.0,0.0,0.0,102.9
8,16,5,0,,,,1.6608917,0.0,0.0,0.0,519.68
8,17,5,0,,,,2.0675416,0.0,0.0,0.0,311.95
8,18,5,0,,,,1.48845,0.0,0.0,0.0,159.32
8,19,5,0,,,,1.3744833,0.0,0.0,0.0,46.91
8,20,5,0,,,,2.2112834,0.0,0.0,0.0,3.88
8,21,5,0,,,,1.4645,0.0,0.0,0.0,0.0
8,22,5,0,,,,1.7514,0.0,0.0,0.0,0.0
8,23,5,0,,,,1.2798667,0.0,0.0,0.0,0.0
8,24,5,0,,,,1.0647416,0.0,0.0,0.0,0.0
8,1,6,0,,,,0.41595,0.0,0.0,0.0,0.0
8,2,6,0,,,,0.96463335,0.0,0.0,0.0,0.0
8,3,6,0,,,,0.40118334,0.0,0.0,0.0,0.0
8,4,6,0,,,,0.41051668,0.0,0.0,0.0,0.0
8,5,6,0,,,,0.8433,0.0,0.0,0.0,0.0
8,6,6,0,,,,0.32855,0.0,0.0,0.0,0.0
8,7,6,0,,,,0.93441665,0.0,0.0,0.0,70.93
8,8,6,0,,,,0.90678334,0.0,0.0,0.0,240.35
8,9,6,0,,,,0.8650333,0.0,0.0,0.0,443.72
8,10,6,0,,,,0.40888333,0.0,0.0,0.0,607.61
8,11,6,0,,,,0.33598334,0.0,0.0,0.0,725.41
8,12,6,0,,,,0.5945,0.0,0.0,0.0,741.76
8,13,6,0,,,,0.49333334,0.0,0.0,0.0,797.03
8,14,6,0,,,,0.7385167,0.0,0.0,0.0,776.28
8,15,6,0,,,,2.37575,0.0,0.0,0.0,688.45
8,16,6,0,,,,0.3189,0.0,0.0,0.0,555.17
8,17,6,0,,,,0.33093333,0.0,0.0,0.0,380.07
8,18,6,0,,,,0.34671667,0.0,0.0,0.0,169.46
8,19,6,0,,,,0.34876665,0.0,0.0,0.0,34.4
8,20,6,0,,,,0.36248332,0.0,0.0,0.0,2.86
8,21,6,0,,,,0.35765,0.0,0.0,0.0,0.0
8,22,6,0,,,,0.36373332,0.0,0.0,0.0,0.0
8,23,6,0,,,,0.36125,0.0,0.0,0.0,0.0
8,24,6,0,,,,0.3672,0.0,0.0,0.0,0.0
8,1,7,0,,,,0.3711,0.0,0.0,0.0,0.0
8,2,7,0,,,,0.3506,0.0,0.0,0.0,0.0
8,3,7,0,,,,0.31078333,0.0,0.0,0.0,0.0
8,4,7,0,,,,0.32375,0.0,0.0,0.0,0.0
8,5,7,0,,,,0.48793334,0.0,0.0,0.0,0.0
8,6,7,0,,,,0.37393335,0.0,0.0,0.0,0.0
8,7,7,0,,,,0.35466668,0.0,0.0,0.0,61.03
8,8,7,0,,,,0.35441667,0.0,0.0,0.0,224.94
8,9,7,0,,,,0.36445,0.0,0.0,0.0,371.45
8,10,7,0,,,,0.34373334,0.0,0.0,0.0,497.15
8,11,7,0,,,,0.31371668,0.0,0.0,0.0,672.59
8,12,7,0,,,,3.0622833,0.0,0.0,0.0,750.72
8,13,7,0,,,,2.6678834,0.0,0.0,0.0,703.78
8,14,7,0,,,,2.0902834,0.0,0.0,0.0,691.57
8,15,7,0,,,,1.4409,0.0,0.0,0.0,453.91
8,16,7,0,,,,1.2421334,0.0,0.0,0.0,409.35
8,17,7,0,,,,1.5286,0.0,0.0,0.0,279.89
8,18,7,0,,,,2.4814334,0.0,0.0,0.0,18.22
8,19,7,0,,,,2.69225,0.0,0.0,0.0,6.23
8,20,7,0,,,,2.57045,0.0,0.0,0.0,1.13
8,21,7,0,,,,1.0899333,0.0,0.0,0.0,0.0
8,22,7,0,,,,1.0105166,0.0,0.0,0.0,0.0
8,23,7,0,,,,0.83795,0.0,0.0,0.0,0.0
8,24,7,0,,,,0.76191664,0.0,0.0,0.0,0.0
8,1,1,0,,,,0.44125,0.0,0.0,0.0,0.0
8,2,1,0,,,,0.76301664,0.0,0.0,0.0,0.0
8,3,1,0,,,,0.41926667,0.0,0.0,0.0,0.0
8,4,1,0,,,,0.43281665,0.0,0.0,0.0,0.0
8,5,1,0,,,,0.9084167,0.0,0.0,0.0,0.0
8,6,1,0,,,,0.72578335,0.0,0.0,0.0,0.0
8,7,1,0,,,,0.43118334,0.0,0.0,0.0,60.06
8,8,1,0,,,,0.42796665,0.0,0.0,0.0,165.84
8,9,1,0,,,,0.41133332,0.0,0.0,0.0,309.42
8,10,1,0,,,,0.3973,0.0,0.0,0.0,305.84
8,11,1,0,,,,0.3509,0.0,0.0,0.0,103.57
8,12,1,0,,,,0.42228332,0.0,0.0,0.0,597.7
8,13,1,0,,,,0.34091666,0.0,0.0,0.0,729.66
8,14,1,0,,,,0.33606666,0.0,0.0,0.0,724.07
8,15,1,0,,,,0.32481667,0.0,0.0,0.0,34.64
8,16,1,0,,,,0.6099,0.0,0.0,0.0,38.72
8,17,1,0,,,,2.9604166,0.0,0.0,0.0,284.6
8,18,1,0,,,,2.7707167,0.0,0.0,0.0,163.84
8,19,1,0,,,,2.9674,0.0,0.0,0.0,38.42
8,20,1,0,,,,2.4775333,0.0,0.0,0.0,0.78
8,21,1,0,,,,1.7784667,0.0,0.0,0.0,0.0
8,22,1,0,,,,0.84853333,0.0,0.0,0.0,0.0
8,23,1,0,,,,0.8233,0.0,0.0,0.0,0.0
8,24,1,0,,,,0.77650833,0.0,0.0,0.0,0.0
8,1,2,0,,,,0.44668335,0.0,0.0,0.0,0.0
8,2,2,0,,,,0.44261667,0.0,0.0,0.0,0.0
8,3,2,0,,,,0.37743333,0.0,0.0,0.0,0.0
8,4,2,0,,,,0.46225,0.0,0.0,0.0,0.0
8,5,2,0,,,,0.5072333,0.0,0.0,0.0,0.0
8,6,2,0,,,,0.56923336,0.0,0.0,0.0,0.0
8,7,2,0,,,,0.46941668,0.0,0.0,0.0,59.68
8,8,2,0,,,,0.46196666,0.0,0.0,0.0,230.1
8,9,2,0,,,,0.45623332,0.0,0.0,0.0,419.02
8,10,2,0,,,,0.45103332,0.0,0.0,0.0,577.06
8,11,2,0,,,,0.38143334,0.0,0.0,0.0,649.32
8,12,2,0,,,,0.32995,0.0,0.0,0.0,645.71
8,13,2,0,,,,0.32685,0.0,0.0,0.0,482.87
8,14,2,0,,,,0.33613333,0.0,0.0,0.0,672.78
8,15,2,0,,,,0.34291667,0.0,0.0,0.0,601.63
8,16,2,0,,,,2.99435,0.0,0.0,0.0,437.42
8,17,2,0,,,,2.18375,0.0,0.0,0.0,220.42
8,18,2,0,,,,2.5850334,0.0,0.0,0.0,10.54
8,19,2,0,,,,2.59265,0.0,0.0,0.0,37.92
8,20,2,0,,,,1.1883833,0.0,0.0,0.0,0.0
8,21,2,0,,,,1.2059833,0.0,0.0,0.0,0.0
8,22,2,0,,,,0.8617333,0.0,0.0,0.0,0.0
8,23,2,0,,,,0.7632833,0.0,0.0,0.0,0.0
8,24,2,0,,,,0.711325,0.0,0.0,0.0,0.0
8,1,3,0,,,,0.42578334,0.0,0.0,0.0,0.0
8,2,3,0,,,,0.39301667,0.0,0.0,0.0,0.0
8,3,3,0,,,,0.43561667,0.0,0.0,0.0,0.0
8,4,3,0,,,,0.42853335,0.0,0.0,0.0,0.0
8,5,3,0,,,,0.82875,0.0,0.0,0.0,0.0
8,6,3,0,,,,0.52815,0.0,0.0,0.0,0.0
8,7,3,0,,,,0.40921667,0.0,0.0,0.0,64.12
8,8,3,0,,,,0.40265,0.0,0.0,0.0,229.96
8,9,3,0,,,,0.40013334,0.0,0.0,0.0,435.71
8,10,3,0,,,,0.35893333,0.0,0.0,0.0,594.42
8,11,3,0,,,,0.33275,0.0,0.0,0.0,666.55
8,12,3,0,,,,0.32121667,0.0,0.0,0.0,735.62
8,13,3,0,,,,0.30558333,0.0,0.0,0.0,617.61
8,14,3,0,,,,0.26843333,0.0,0.0,0.0,645.71
8,15,3,0,,,,0.27746665,0.0,0.0,0.0,532.54
8,16,3,0,,,,0.98731667,0.0,0.0,0.0,456.28
8,17,3,0,,,,2.4842334,0.0,0.0,0.0,299.33
8,18,3,0,,,,2.8469667,0.0,0.0,0.0,128.01
8,19,3,0,,,,3.0315166,0.0,0.0,0.0,39.12
8,20,3,0,,,,1.3638667,0.0,0.0,0.0,0.0
8,21,3,0,,,,0.8675333,0.0,0.0,0.0,0.0
8,22,3,0,,,,0.79583335,0.0,0.0,0.0,0.0
8,23,3,0,,,,0.82888335,0.0,0.0,0.0,0.0
8,24,3,0,,,,0.76154166,0.0,0.0,0.0,0.0
8,1,4,0,,,,0.41488335,0.0,0.0,0.0,0.0
8,2,4,0,,,,0.35491666,0.0,0.0,0.0,0.0
8,3,4,0,,,,0.40363333,0.0,0.0,0.0,0.0
8,4,4,0,,,,0.43561667,0.0,0.0,0.0,0.0
8,5,4,0,,,,0.7475833,0.0,0.0,0.0,0.0
8,6,4,0,,,,0.78921664,0.0,0.0,0.0,0.0
8,7,4,0,,,,0.41186666,0.0,0.0,0.0,3.88
8,8,4,0,,,,0.41191667,0.0,0.0,0.0,11.88
8,9,4,0,,,,0.40153334,0.0,0.0,0.0,29.13
8,10,4,0,,,,0.38398334,0.0,0.0,0.0,105.58
8,11,4,0,,,,0.32898334,0.0,0.0,0.0,129.26
8,12,4,0,,,,0.33301666,0.0,0.0,0.0,346.04
8,13,4,0,,,,0.30503333,0.0,0.0,0.0,175.43
8,14,4,0,,,,0.32368332,0.0,0.0,0.0,316.09
8,15,4,0,,,,0.32226667,0.0,0.0,0.0,186.53
8,16,4,0,,,,0.26978335,0.0,0.0,0.0,357.68
8,17,4,0,,,,2.0854,0.0,0.0,0.0,363.48
8,18,4,0,,,,2.02425,0.0,0.0,0.0,171.27
8,19,4,0,,,,2.6465833,0.0,0.0,0.0,33.26
8,20,4,0,,,,1.7151166,0.0,0.0,0.0,0.0
8,21,4,0,,,,1.1471833,0.0,0.0,0.0,0.0
8,22,4,0,,,,1.14015,0.0,0.0,0.0,0.0
8,23,4,0,,,,0.66726667,0.0,0.0,0.0,0.0
8,24,4,0,,,,0.8142083,0.0,0.0,0.0,0.0
8,1,5,0,,,,0.38208333,0.0,0.0,0.0,0.0
8,2,5,0,,,,0.6883,0.0,0.0,0.0,0.0
8,3,5,0,,,,0.35311666,0.0,0.0,0.0,0.0
8,4,5,0,,,,0.40426666,0.0,0.0,0.0,0.0
8,5,5,0,,,,0.74785,0.0,0.0,0.0,0.0
8,6,5,0,,,,0.53205,0.0,0.0,0.0,0.0
8,7,5,0,,,,0.31528333,0.0,0.0,0.0,59.48
8,8,5,0,,,,0.31251666,0.0,0.0,0.0,222.05
8,9,5,0,,,,0.30653334,0.0,0.0,0.0,409.39
8,10,5,0,,,,0.30691665,0.0,0.0,0.0,554.53
8,11,5,0,,,,0.30483332,0.0,0.0,0.0,671.46
8,12,5,0,,,,0.29296666,0.0,0.0,0.0,737.9
8,13,5,0,,,,0.27738333,0.0,0.0,0.0,730.45
8,14,5,0,,,,0.2709,0.0,0.0,0.0,709.01
8,15,5,0,,,,0.2869,0.0,0.0,0.0,625.89
8,16,5,0,,,,0.30071667,0.0,0.0,0.0,505.84
8,17,5,0,,,,1.969,0.0,0.0,0.0,347.67
8,18,5,0,,,,3.2937167,0.0,0.0,0.0,165.43
8,19,5,0,,,,2.603,0.0,0.0,0.0,31.98
8,20,5,0,,,,1.99705,0.0,0.0,0.0,0.0
8,21,5,0,,,,1.5334834,0.0,0.0,0.0,0.0
8,22,5,0,,,,1.0610167,0.0,0.0,0.0,0.0
8,23,5,0,,,,1.1486334,0.0,0.0,0.0,0.0
8,24,5,0,,,,0.76040834,0.0,0.0,0.0,0.0
8,1,6,0,,,,0.8074167,0.0,0.0,0.0,0.0
8,2,6,0,,,,0.40556666,0.0,0.0,0.0,0.0
8,3,6,0,,,,0.73985,0.0,0.0,0.0,0.0
8,4,6,0,,,,0.40576667,0.0,0.0,0.0,0.0
8,5,6,0,,,,0.7403333,0.0,0.0,0.0,0.0
8,6,6,0,,,,0.56295,0.0,0.0,0.0,0.0
8,7,6,0,,,,1.19625,0.0,0.0,0.0,57.57
8,8,6,0,,,,1.1162666,0.0,0.0,0.0,208.55
8,9,6,0,,,,1.694,0.0,0.0,0.0,388.04
8,10,6,0,,,,1.3519167,0.0,0.0,0.0,534.47
8,11,6,0,,,,1.53445,0.0,0.0,0.0,655.22
8,12,6,0,,,,0.51255,0.0,0.0,0.0,714.57
8,13,6,0,,,,0.3281,0.0,0.0,0.0,701.48
8,14,6,0,,,,2.51215,0.0,0.0,0.0,707.11
8,15,6,0,,,,2.1265,0.0,0.0,0.0,622.17
8,16,6,0,,,,2.3629668,0.0,0.0,0.0,338.6
8,17,6,0,,,,1.5850667,0.0,0.0,0.0,336.62
8,18,6,0,,,,4.02665,0.0,0.0,0.0,156.35
8,19,6,0,,,,2.680825,0.0,0.0,0.0,18.64
8,20,6,0,,,,2.4812667,0.0,0.0,0.0,0.0
8,21,6,0,,,,2.6247168,0.0,0.0,0.0,0.0
8,22,6,0,,,,2.1368833,0.0,0.0,0.0,0.0
8,23,6,0,,,,0.72833335,0.0,0.0,0.0,0.0
8,24,6,0,,,,1.19265,0.0,0.0,0.0,0.0
8,1,7,0,,,,1.20425,0.0,0.0,0.0,0.0
8,2,7,0,,,,0.44738334,0.0,0.0,0.0,0.0
8,3,7,0,,,,0.45391667,0.0,0.0,0.0,0.0
8,4,7,0,,,,1.02535,0.0,0.0,0.0,0.0
8,5,7,0,,,,0.4449,0.0,0.0,0.0,0.0
8,6,7,0,,,,0.6151,0.0,0.0,0.0,0.0
8,7,7,0,,,,1.4653667,0.0,0.0,0.0,51.07
8,8,7,0,,,,1.4137833,0.0,0.0,0.0,169.44
8,9,7,0,,,,2.8560333,0.0,0.0,0.0,350.29
8,10,7,0,,,,1.54645,0.0,0.0,0.0,506.89
8,11,7,0,,,,2.0751333,0.0,0.0,0.0,649.6
8,12,7,0,,,,3.26265,0.0,0.0,0.0,714.71
8,13,7,0,,,,2.96165,0.0,0.0,0.0,740.81
8,14,7,0,,,,2.2983668,0.0,0.0,0.0,648.3
8,15,7,0,,,,2.25645,0.0,0.0,0.0,631.32
8,16,7,0,,,,3.4385,0.0,0.0,0.0,510.95
8,17,7,0,,,,3.6052833,0.0,0.0,0.0,342.73
8,18,7,0,,,,3.2441833,0.0,0.0,0.0,158.62
8,19,7,0,,,,2.4445,0.0,0.0,0.0,26.55
8,20,7,0,,,,2.8945668,0.0,0.0,0.0,0.0
8,21,7,0,,,,2.2921166,0.0,0.0,0.0,0.0
8,22,7,0,,,,1.8203833,0.0,0.0,0.0,0.0
8,23,7,0,,,,1.29155,0.0,0.0,0.0,0.0
8,24,7,0,,,,0.89028335,0.0,0.0,0.0,0.0
8,1,1,0,,,,0.737,0.0,0.0,0.0,0.0
8,2,1,0,,,,1.1356,0.0,0.0,0.0,0.0
8,3,1,0,,,,0.80635,0.0,0.0,0.0,0.0
8,4,1,0,,,,0.81945,0.0,0.0,0.0,0.0
8,5,1,0,,,,1.20715,0.0,0.0,0.0,0.0
8,6,1,0,,,,0.6572833,0.0,0.0,0.0,0.0
8,7,1,0,,,,0.38183334,0.0,0.0,0.0,3.34
8,8,1,0,,,,0.39353332,0.0,0.0,0.0,19.19
8,9,1,0,,,,0.47421667,0.0,0.0,0.0,62.13
8,10,1,0,,,,0.3682,0.0,0.0,0.0,78.96
8,11,1,0,,,,0.36231667,0.0,0.0,0.0,96.96
8,12,1,0,,,,0.35971665,0.0,0.0,0.0,147.69
8,13,1,0,,,,0.35163334,0.0,0.0,0.0,114.54
8,14,1,0,,,,0.34548333,0.0,0.0,0.0,103.42
8,15,1,0,,,,0.34693334,0.0,0.0,0.0,162.82
8,16,1,0,,,,2.2167666,0.0,0.0,0.0,96.52
8,17,1,0,,,,4.098,0.0,0.0,0.0,101.23
8,18,1,0,,,,3.3652,0.0,0.0,0.0,94.3
8,19,1,0,,,,3.8063,0.0,0.0,0.0,8.83
8,20,1,0,,,,3.3958,0.0,0.0,0.0,0.0
8,21,1,0,,,,1.6798834,0.0,0.0,0.0,0.0
8,22,1,0,,,,1.24605,0.0,0.0,0.0,0.0
8,23,1,0,,,,1.1218166,0.0,0.0,0.0,0.0
8,24,1,0,,,,1.1267084,0.0,0.0,0.0,0.0
8,1,2,0,,,,1.04425,0.0,0.0,0.0,0.0
8,2,2,0,,,,0.43971667,0.0,0.0,0.0,0.0
8,3,2,0,,,,0.7524167,0.0,0.0,0.0,0.0
8,4,2,0,,,,0.42508334,0.0,0.0,0.0,0.0
8,5,2,0,,,,0.44173333,0.0,0.0,0.0,0.0
8,6,2,0,,,,0.6407167,0.0,0.0,0.0,0.0
8,7,2,0,,,,0.5291167,0.0,0.0,0.0,2.88
8,8,2,0,,,,0.5395833,0.0,0.0,0.0,11.47
8,9,2,0,,,,0.5341333,0.0,0.0,0.0,24.9
8,10,2,0,,,,0.5935467,0.0,0.0,0.0,70.53
8,11,2,0,,,,0.5364,0.0,0.0,0.0,73.58
8,12,2,0,,,,0.53208333,0.0,0.0,0.0,104.0
8,13,2,0,,,,0.5257,0.0,0.0,0.0,100.73
8,14,2,0,,,,0.5252333,0.0,0.0,0.0,64.79
8,15,2,0,,,,0.5125667,0.0,0.0,0.0,50.29
8,16,2,0,,,,0.51273334,0.0,0.0,0.0,44.97
8,17,2,0,,,,3.3509667,0.0,0.0,0.0,31.75
8,18,2,0,,,,4.27965,0.0,0.0,0.0,36.06
8,19,2,0,,,,4.17745,0.0,0.0,0.0,11.96
8,20,2,0,,,,2.7345166,0.0,0.0,0.0,0.0
8,21,2,0,,,,1.7553,0.0,0.0,0.0,0.0
8,22,2,0,,,,1.0599333,0.0,0.0,0.0,0.0
8,23,2,0,,,,1.1093167,0.0,0.0,0.0,0.0
8,24,2,0,,,,0.68824166,0.0,0.0,0.0,0.0
8,1,3,0,,,,0.8573167,0.0,0.0,0.0,0.0
8,2,3,0,,,,0.40488333,0.0,0.0,0.0,0.0
8,3,3,0,,,,0.7101833,0.0,0.0,0.0,0.0
8,4,3,0,,,,0.36218333,0.0,0.0,0.0,0.0
8,5,3,0,,,,0.7243,0.0,0.0,0.0,0.0
8,6,3,0,,,,0.59076667,0.0,0.0,0.0,0.0
8,7,3,0,,,,0.32856667,0.0,0.0,0.0,2.89
8,8,3,0,,,,0.33858332,0.0,0.0,0.0,10.88
8,9,3,0,,,,0.3221,0.0,0.0,0.0,52.24
8,10,3,0,,,,0.31938332,0.0,0.0,0.0,97.36
8,11,3,0,,,,0.32226667,0.0,0.0,0.0,132.77
8,12,3,0,,,,0.297,0.0,0.0,0.0,119.9
8,13,3,0,,,,0.3847,0.0,0.0,0.0,106.17
8,14,3,0,,,,0.32481667,0.0,0.0,0.0,130.23
8,15,3,0,,,,0.3214,0.0,0.0,0.0,120.43
8,16,3,0,,,,0.2973,0.0,0.0,0.0,132.99
8,17,3,0,,,,0.5527167,0.0,0.0,0.0,64.27
8,18,3,0,,,,3.9045,0.0,0.0,0.0,64.78
8,19,3,0,,,,3.4727833,0.0,0.0,0.0,18.44
8,20,3,0,,,,3.1928334,0.0,0.0,0.0,0.0
8,21,3,0,,,,1.9766333,0.0,0.0,0.0,0.0
8,22,3,0,,,,1.2616167,0.0,0.0,0.0,0.0
8,23,3,0,,,,0.96818334,0.0,0.0,0.0,0.0
8,24,3,0,,,,1.0260333,0.0,0.0,0.0,0.0
8,1,4,0,,,,0.78718334,0.0,0.0,0.0,0.0
8,2,4,0,,,,0.68651664,0.0,0.0,0.0,0.0
8,3,4,0,,,,0.49958333,0.0,0.0,0.0,0.0
8,4,4,0,,,,0.35111666,0.0,0.0,0.0,0.0
8,5,4,0,,,,0.83486664,0.0,0.0,0.0,0.0
8,6,4,0,,,,0.49506667,0.0,0.0,0.0,0.0
8,7,4,0,,,,0.32826668,0.0,0.0,0.0,53.86
8,8,4,0,,,,0.3316,0.0,0.0,0.0,229.11
8,9,4,0,,,,0.32308334,0.0,0.0,0.0,430.35
8,10,4,0,,,,0.31461668,0.0,0.0,0.0,586.44
8,11,4,0,,,,0.32141668,0.0,0.0,0.0,707.94
8,12,4,0,,,,0.2996,0.0,0.0,0.0,741.0
8,13,4,0,,,,0.31981668,0.0,0.0,0.0,723.98
8,14,4,0,,,,0.32281667,0.0,0.0,0.0,739.31
8,15,4,0,,,,0.3281,0.0,0.0,0.0,655.09
8,16,4,0,,,,0.29185,0.0,0.0,0.0,528.89
8,17,4,0,,,,2.6968834,0.0,0.0,0.0,354.06
8,18,4,0,,,,2.8082166,0.0,0.0,0.0,160.4
8,19,4,0,,,,3.6861334,0.0,0.0,0.0,25.43
8,20,4,0,,,,2.82905,0.0,0.0,0.0,0.0
8,21,4,0,,,,1.7162666,0.0,0.0,0.0,0.0
8,22,4,0,,,,1.3415667,0.0,0.0,0.0,0.0
8,23,4,0,,,,0.97436666,0.0,0.0,0.0,0.0
8,24,4,0,,,,0.98685,0.0,0.0,0.0,0.0
8,1,5,0,,,,0.91118336,0.0,0.0,0.0,0.0
8,2,5,0,,,,0.4542,0.0,0.0,0.0,0.0
8,3,5,0,,,,0.67075,0.0,0.0,0.0,0.0
8,4,5,0,,,,0.69131666,0.0,0.0,0.0,0.0
8,5,5,0,,,,0.88985,0.0,0.0,0.0,0.0
8,6,5,0,,,,0.45866665,0.0,0.0,0.0,0.0
8,7,5,0,,,,0.33788332,0.0,0.0,0.0,49.58
8,8,5,0,,,,0.33346668,0.0,0.0,0.0,227.86
8,9,5,0,,,,0.32588333,0.0,0.0,0.0,414.0
8,10,5,0,,,,0.3095,0.0,0.0,0.0,551.4
8,11,5,0,,,,0.31746668,0.0,0.0,0.0,654.96
8,12,5,0,,,,0.31995,0.0,0.0,0.0,722.94
8,13,5,0,,,,0.32191667,0.0,0.0,0.0,730.33
8,14,5,0,,,,0.26765,0.0,0.0,0.0,695.43
8,15,5,0,,,,0.27856666,0.0,0.0,0.0,607.99
8,16,5,0,,,,0.29641667,0.0,0.0,0.0,476.73
8,17,5,0,,,,0.28781667,0.0,0.0,0.0,335.31
8,18,5,0,,,,2.2387834,0.0,0.0,0.0,152.3
8,19,5,0,,,,2.7698,0.0,0.0,0.0,25.43
8,20,5,0,,,,3.1757,0.0,0.0,0.0,0.0
8,21,5,0,,,,1.6442833,0.0,0.0,0.0,0.0
8,22,5,0,,,,0.85408336,0.0,0.0,0.0,0.0
8,23,5,0,,,,1.1774334,0.0,0.0,0.0,0.0
8,24,5,0,,,,0.78153336,0.0,0.0,0.0,0.0
8,1,6,0,,,,0.45318332,0.0,0.0,0.0,0.0
8,2,6,0,,,,0.69156665,0.0,0.0,0.0,0.0
8,3,6,0,,,,0.6801,0.0,0.0,0.0,0.0
8,4,6,0,,,,0.41095,0.0,0.0,0.0,0.0
8,5,6,0,,,,0.9252167,0.0,0.0,0.0,0.0
8,6,6,0,,,,0.4004,0.0,0.0,0.0,0.0
8,7,6,0,,,,1.5468333,0.0,0.0,0.0,50.83
8,8,6,0,,,,1.3257667,0.0,0.0,0.0,211.41
8,9,6,0,,,,1.7447,0.0,0.0,0.0,397.07
8,10,6,0,,,,1.4814,0.0,0.0,0.0,539.11
8,11,6,0,,,,2.2956834,0.0,0.0,0.0,650.72
8,12,6,0,,,,2.65335,0.0,0.0,0.0,724.63
8,13,6,0,,,,2.2661667,0.0,0.0,0.0,726.67
8,14,6,0,,,,1.8128166,0.0,0.0,0.0,687.57
8,15,6,0,,,,1.6848167,0.0,0.0,0.0,603.25
8,16,6,0,,,,1.42835,0.0,0.0,0.0,487.27
8,17,6,0,,,,1.5406333,0.0,0.0,0.0,327.63
8,18,6,0,,,,1.7735833,0.0,0.0,0.0,145.27
8,19,6,0,,,,2.3168333,0.0,0.0,0.0,23.21
8,20,6,0,,,,1.7593833,0.0,0.0,0.0,0.0
8,21,6,0,,,,1.5781667,0.0,0.0,0.0,0.0
8,22,6,0,,,,1.5123833,0.0,0.0,0.0,0.0
8,23,6,0,,,,1.0154166,0.0,0.0,0.0,0.0
8,24,6,0,,,,0.79253334,0.0,0.0,0.0,0.0
8,1,7,0,,,,0.6867667,0.0,0.0,0.0,0.0
8,2,7,0,,,,0.4855,0.0,0.0,0.0,0.0
8,3,7,0,,,,0.8467,0.0,0.0,0.0,0.0
8,4,7,0,,,,0.38295,0.0,0.0,0.0,0.0
8,5,7,0,,,,0.8103167,0.0,0.0,0.0,0.0
8,6,7,0,,,,0.40858334,0.0,0.0,0.0,0.0
8,7,7,0,,,,1.4319333,0.0,0.0,0.0,47.77
8,8,7,0,,,,1.7017167,0.0,0.0,0.0,219.31
8,9,7,0,,,,1.6255167,0.0,0.0,0.0,401.17
8,10,7,0,,,,1.7847,0.0,0.0,0.0,538.8
8,11,7,0,,,,2.2981668,0.0,0.0,0.0,641.65
8,12,7,0,,,,1.5163167,0.0,0.0,0.0,714.7
8,13,7,0,,,,1.7927166,0.0,0.0,0.0,716.04
8,14,7,0,,,,1.4268667,0.0,0.0,0.0,681.63
8,15,7,0,,,,1.34225,0.0,0.0,0.0,602.58
8,16,7,0,,,,1.4776666,0.0,0.0,0.0,485.0
8,17,7,0,,,,1.9749,0.0,0.0,0.0,327.42
8,18,7,0,,,,1.8824167,0.0,0.0,0.0,144.16
8,19,7,0,,,,2.0224166,0.0,0.0,0.0,22.45
8,20,7,0,,,,2.1055834,0.0,0.0,0.0,0.0
8,21,7,0,,,,1.20275,0.0,0.0,0.0,0.0
8,22,7,0,,,,0.76355,0.0,0.0,0.0,0.0
8,23,7,0,,,,0.83055,0.0,0.0,0.0,0.0
8,24,7,0,,,,0.761825,0.0,0.0,0.0,0.0
8,1,1,0,,,,0.43915,0.0,0.0,0.0,0.0
8,2,1,0,,,,0.72728336,0.0,0.0,0.0,0.0
8,3,1,0,,,,0.40193334,0.0,0.0,0.0,0.0
8,4,1,0,,,,0.6979,0.0,0.0,0.0,0.0
8,5,1,0,,,,0.47826666,0.0,0.0,0.0,0.0
8,6,1,0,,,,0.57441664,0.0,0.0,0.0,0.0
8,7,1,0,,,,0.33318335,0.0,0.0,0.0,4.87
8,8,1,0,,,,0.32656667,0.0,0.0,0.0,57.33
8,9,1,0,,,,0.31781667,0.0,0.0,0.0,174.04
8,10,1,0,,,,0.41446668,0.0,0.0,0.0,392.97
8,11,1,0,,,,0.33546665,0.0,0.0,0.0,567.84
8,12,1,0,,,,0.32945,0.0,0.0,0.0,354.83
8,13,1,0,,,,0.3273,0.0,0.0,0.0,329.85
8,14,1,0,,,,0.32475,0.0,0.0,0.0,642.63
8,15,1,0,,,,0.32088333,0.0,0.0,0.0,330.06
8,16,1,0,,,,2.9223,0.0,0.0,0.0,431.19
8,17,1,0,,,,4.04055,0.0,0.0,0.0,344.87
8,18,1,0,,,,2.6466668,0.0,0.0,0.0,129.29
8,19,1,0,,,,2.0598166,0.0,0.0,0.0,22.16
8,20,1,0,,,,2.81735,0.0,0.0,0.0,0.0
8,21,1,0,,,,1.4108167,0.0,0.0,0.0,0.0
8,22,1,0,,,,0.81471664,0.0,0.0,0.0,0.0
8,23,1,0,,,,0.8218333,0.0,0.0,0.0,0.0
8,24,1,0,,,,0.7726333,0.0,0.0,0.0,0.0
8,1,2,0,,,,0.62506664,0.0,0.0,0.0,0.0
8,2,2,0,,,,0.53495,0.0,0.0,0.0,0.0
8,3,2,0,,,,0.3645,0.0,0.0,0.0,0.0
8,4,2,0,,,,0.38843334,0.0,0.0,0.0,0.0
8,5,2,0,,,,0.4472,0.0,0.0,0.0,0.0
8,6,2,0,,,,0.54663336,0.0,0.0,0.0,0.0
8,7,2,0,,,,0.39533332,0.0,0.0,0.0,44.67
8,8,2,0,,,,0.36351666,0.0,0.0,0.0,187.2
8,9,2,0,,,,0.35658333,0.0,0.0,0.0,393.78
8,10,2,0,,,,0.34786665,0.0,0.0,0.0,486.38
8,11,2,0,,,,0.34823334,0.0,0.0,0.0,644.69
8,12,2,0,,,,0.36228332,0.0,0.0,0.0,690.71
8,13,2,0,,,,0.35728332,0.0,0.0,0.0,666.7
8,14,2,0,,,,0.35513332,0.0,0.0,0.0,557.46
8,15,2,0,,,,0.44581667,0.0,0.0,0.0,524.85
8,16,2,0,,,,0.36611667,0.0,0.0,0.0,375.38
8,17,2,0,,,,3.1730165,0.0,0.0,0.0,167.63
8,18,2,0,,,,2.6973,0.0,0.0,0.0,95.01
8,19,2,0,,,,3.1224666,0.0,0.0,0.0,19.36
8,20,2,0,,,,2.3194,0.0,0.0,0.0,0.0
8,21,2,0,,,,1.36715,0.0,0.0,0.0,0.0
8,22,2,0,,,,1.01985,0.0,0.0,0.0,0.0
8,23,2,0,,,,0.9690833,0.0,0.0,0.0,0.0
8,24,2,0,,,,0.90638334,0.0,0.0,0.0,0.0
8,1,3,0,,,,0.89353335,0.0,0.0,0.0,0.0
8,2,3,0,,,,0.3874,0.0,0.0,0.0,0.0
8,3,3,0,,,,0.37015,0.0,0.0,0.0,0.0
8,4,3,0,,,,0.37058333,0.0,0.0,0.0,0.0
8,5,3,0,,,,0.68806666,0.0,0.0,0.0,0.0
8,6,3,0,,,,0.62631667,0.0,0.0,0.0,0.0
8,7,3,0,,,,0.39741668,0.0,0.0,0.0,46.66
8,8,3,0,,,,0.36946666,0.0,0.0,0.0,216.55
8,9,3,0,,,,0.36388335,0.0,0.0,0.0,411.73
8,10,3,0,,,,0.34023333,0.0,0.0,0.0,562.77
8,11,3,0,,,,0.35483333,0.0,0.0,0.0,677.49
8,12,3,0,,,,0.35443333,0.0,0.0,0.0,744.81
8,13,3,0,,,,0.3080875,0.0,0.0,0.0,757.37
8,14,3,0,,,,0.315525,0.0,0.0,0.0,715.71
8,15,3,0,,,,0.32136667,0.0,0.0,0.0,620.23
8,16,3,0,,,,0.32611668,0.0,0.0,0.0,500.71
8,17,3,0,,,,2.85075,0.0,0.0,0.0,332.16
8,18,3,0,,,,3.41025,0.0,0.0,0.0,140.75
8,19,3,0,,,,4.1750665,0.0,0.0,0.0,19.27
8,20,3,0,,,,2.44575,0.0,0.0,0.0,0.0
8,21,3,0,,,,1.5160167,0.0,0.0,0.0,0.0
8,22,3,0,,,,0.96791667,0.0,0.0,0.0,0.0
8,23,3,0,,,,0.88075,0.0,0.0,0.0,0.0
8,24,3,0,,,,0.8344333,0.0,0.0,0.0,0.0
8,1,4,0,,,,0.8344333,0.0,0.0,0.0,0.0
8,2,4,0,,,,0.39756668,0.0,0.0,0.0,0.0
8,3,4,0,,,,0.3948,0.0,0.0,0.0,0.0
8,4,4,0,,,,0.3953,0.0,0.0,0.0,0.0
8,5,4,0,,,,0.7507833,0.0,0.0,0.0,0.0
8,6,4,0,,,,0.48396668,0.0,0.0,0.0,0.0
8,7,4,0,,,,0.33911666,0.0,0.0,0.0,46.1
8,8,4,0,,,,0.33476666,0.0,0.0,0.0,221.02
8,9,4,0,,,,0.32761666,0.0,0.0,0.0,383.08
8,10,4,0,,,,0.31925,0.0,0.0,0.0,515.9
8,11,4,0,,,,0.31681666,0.0,0.0,0.0,659.04
8,12,4,0,,,,0.3291,0.0,0.0,0.0,729.9
8,13,4,0,,,,0.32851666,0.0,0.0,0.0,657.55
8,14,4,0,,,,0.32771668,0.0,0.0,0.0,702.33
8,15,4,0,,,,0.27721667,0.0,0.0,0.0,623.83
8,16,4,0,,,,0.28921667,0.0,0.0,0.0,497.82
8,17,4,0,,,,2.84905,0.0,0.0,0.0,325.67
8,18,4,0,,,,1.9866333,0.0,0.0,0.0,139.45
8,19,4,0,,,,2.9330833,0.0,0.0,0.0,17.8
8,20,4,0,,,,2.240525,0.0,0.0,0.0,0.0
8,21,4,0,,,,2.0917168,0.0,0.0,0.0,0.0
8,22,4,0,,,,0.7729,0.0,0.0,0.0,0.0
8,23,4,0,,,,0.8013333,0.0,0.0,0.0,0.0
8,24,4,0,,,,0.40194166,0.0,0.0,0.0,0.0
8,1,5,0,,,,0.77106667,0.0,0.0,0.0,0.0
8,2,5,0,,,,0.38463333,0.0,0.0,0.0,0.0
8,3,5,0,,,,0.44348332,0.0,0.0,0.0,0.0
8,4,5,0,,,,0.42945,0.0,0.0,0.0,0.0
8,5,5,0,,,,0.64155,0.0,0.0,0.0,0.0
8,6,5,0,,,,0.8893833,0.0,0.0,0.0,0.0
8,7,5,0,,,,0.40551665,0.0,0.0,0.0,43.44
8,8,5,0,,,,0.37603334,0.0,0.0,0.0,203.79
8,9,5,0,,,,0.38868332,0.0,0.0,0.0,391.15
8,10,5,0,,,,0.36938334,0.0,0.0,0.0,509.4
8,11,5,0,,,,0.35648334,0.0,0.0,0.0,658.56
8,12,5,0,,,,0.49238333,0.0,0.0,0.0,726.66
8,13,5,0,,,,0.34463334,0.0,0.0,0.0,729.96
8,14,5,0,,,,1.6762333,0.0,0.0,0.0,687.34
8,15,5,0,,,,1.6757833,0.0,0.0,0.0,595.82
8,16,5,0,,,,1.3753333,0.0,0.0,0.0,481.9
8,17,5,0,,,,1.1909833,0.0,0.0,0.0,318.63
8,18,5,0,,,,1.2087667,0.0,0.0,0.0,133.42
8,19,5,0,,,,1.1029333,0.0,0.0,0.0,17.05
8,20,5,0,,,,0.70115,0.0,0.0,0.0,0.0
8,21,5,0,,,,1.2194667,0.0,0.0,0.0,0.0
8,22,5,0,,,,0.75605,0.0,0.0,0.0,0.0
8,23,5,0,,,,0.7234167,0.0,0.0,0.0,0.0
8,24,5,0,,,,0.46215832,0.0,0.0,0.0,0.0
8,1,6,0,,,,0.47686666,0.0,0.0,0.0,0.0
8,2,6,0,,,,0.6186,0.0,0.0,0.0,0.0
8,3,6,0,,,,0.7197667,0.0,0.0,0.0,0.0
8,4,6,0,,,,0.48998332,0.0,0.0,0.0,0.0
8,5,6,0,,,,0.49048334,0.0,0.0,0.0,0.0
8,6,6,0,,,,0.47461668,0.0,0.0,0.0,0.0
8,7,6,0,,,,0.49193335,0.0,0.0,0.0,44.0
8,8,6,0,,,,0.538,0.0,0.0,0.0,207.72
8,9,6,0,,,,0.41991666,0.0,0.0,0.0,400.92
8,10,6,0,,,,0.6647,0.0,0.0,0.0,555.59
8,11,6,0,,,,0.6483333,0.0,0.0,0.0,669.89
8,12,6,0,,,,0.3995,0.0,0.0,0.0,741.04
8,13,6,0,,,,0.6084,0.0,0.0,0.0,754.04
8,14,6,0,,,,0.84926665,0.0,0.0,0.0,724.82
8,15,6,0,,,,0.8883,0.0,0.0,0.0,622.81
8,16,6,0,,,,0.74156666,0.0,0.0,0.0,494.52
8,17,6,0,,,,0.73535,0.0,0.0,0.0,323.98
8,18,6,0,,,,0.9307167,0.0,0.0,0.0,131.54
8,19,6,0,,,,1.37685,0.0,0.0,0.0,16.34
8,20,6,0,,,,1.9209833,0.0,0.0,0.0,0.0
8,21,6,0,,,,1.4940667,0.0,0.0,0.0,0.0
8,22,6,0,,,,0.82988334,0.0,0.0,0.0,0.0
8,23,6,0,,,,1.1719333,0.0,0.0,0.0,0.0
8,24,6,0,,,,0.74425,0.0,0.0,0.0,0.0
8,1,7,0,,,,0.38125,0.0,0.0,0.0,0.0
8,2,7,0,,,,0.39238334,0.0,0.0,0.0,0.0
8,3,7,0,,,,0.3984,0.0,0.0,0.0,0.0
8,4,7,0,,,,0.39618334,0.0,0.0,0.0,0.0
8,5,7,0,,,,0.40475,0.0,0.0,0.0,0.0
8,6,7,0,,,,0.42161667,0.0,0.0,0.0,0.0
8,7,7,0,,,,0.36595,0.0,0.0,0.0,41.1
8,8,7,0,,,,0.78105,0.0,0.0,0.0,208.13
8,9,7,0,,,,0.49648333,0.0,0.0,0.0,397.91
8,10,7,0,,,,0.69206667,0.0,0.0,0.0,544.31
8,11,7,0,,,,0.73293334,0.0,0.0,0.0,659.72
8,12,7,0,,,,0.822,0.0,0.0,0.0,700.05
8,13,7,0,,,,1.4294833,0.0,0.0,0.0,682.23
8,14,7,0,,,,2.0082333,0.0,0.0,0.0,656.18
8,15,7,0,,,,1.4194833,0.0,0.0,0.0,594.6
8,16,7,0,,,,1.5239,0.0,0.0,0.0,461.37
8,17,7,0,,,,1.8835666,0.0,0.0,0.0,304.02
8,18,7,0,,,,1.7655166,0.0,0.0,0.0,125.82
8,19,7,0,,,,1.5720834,0.0,0.0,0.0,15.13
8,20,7,0,,,,2.5107834,0.0,0.0,0.0,0.0
8,21,7,0,,,,1.6057333,0.0,0.0,0.0,0.0
8,22,7,0,,,,1.1600167,0.0,0.0,0.0,0.0
8,23,7,0,,,,0.99266666,0.0,0.0,0.0,0.0
8,24,7,0,,,,0.43853334,0.0,0.0,0.0,0.0
8,1,1,0,,,,1.02935,0.0,0.0,0.0,0.0
8,2,1,0,,,,0.48605,0.0,0.0,0.0,0.0
8,3,1,0,,,,0.44565,0.0,0.0,0.0,0.0
8,4,1,0,,,,0.46986666,0.0,0.0,0.0,0.0
8,5,1,0,,,,0.71428335,0.0,0.0,0.0,0.0
8,6,1,0,,,,0.6900833,0.0,0.0,0.0,0.0
8,7,1,0,,,,0.38573334,0.0,0.0,0.0,39.07
8,8,1,0,,,,0.39485,0.0,0.0,0.0,210.68
8,9,1,0,,,,0.36195,0.0,0.0,0.0,410.86
8,10,1,0,,,,0.36478335,0.0,0.0,0.0,564.25
8,11,1,0,,,,0.35483333,0.0,0.0,0.0,678.7
8,12,1,0,,,,0.345125,0.0,0.0,0.0,744.71
8,13,1,0,,,,0.3439,0.0,0.0,0.0,747.62
8,14,1,0,,,,0.33163333,0.0,0.0,0.0,706.5
8,15,1,0,,,,0.3002,0.0,0.0,0.0,611.63
8,16,1,0,,,,0.4625,0.0,0.0,0.0,485.78
8,17,1,0,,,,4.07145,0.0,0.0,0.0,308.98
8,18,1,0,,,,2.38055,0.0,0.0,0.0,126.61
8,19,1,0,,,,3.2749166,0.0,0.0,0.0,14.02
8,20,1,0,,,,3.40555,0.0,0.0,0.0,0.0
8,21,1,0,,,,1.8722334,0.0,0.0,0.0,0.0
8,22,1,0,,,,1.5301334,0.0,0.0,0.0,0.0
8,23,1,0,,,,1.0121833,0.0,0.0,0.0,0.0
8,24,1,0,,,,1.0896417,0.0,0.0,0.0,0.0
8,1,2,0,,,,0.41726667,0.0,0.0,0.0,0.0
8,2,2,0,,,,1.0411333,0.0,0.0,0.0,0.0
8,3,2,0,,,,0.40943334,0.0,0.0,0.0,0.0
8,4,2,0,,,,0.9296333,0.0,0.0,0.0,0.0
8,5,2,0,,,,0.47978333,0.0,0.0,0.0,0.0
8,6,2,0,,,,0.53425,0.0,0.0,0.0,0.0
8,7,2,0,,,,0.4484,0.0,0.0,0.0,39.9
8,8,2,0,,,,0.35926667,0.0,0.0,0.0,205.55
8,9,2,0,,,,0.3527,0.0,0.0,0.0,386.94
8,10,2,0,,,,0.3447,0.0,0.0,0.0,534.28
8,11,2,0,,,,0.33243334,0.0,0.0,0.0,655.21
8,12,2,0,,,,0.33025,0.0,0.0,0.0,724.07
8,13,2,0,,,,0.3315,0.0,0.0,0.0,723.06
8,14,2,0,,,,0.3175,0.0,0.0,0.0,673.5
8,15,2,0,,,,0.32661667,0.0,0.0,0.0,581.08
8,16,2,0,,,,1.7906834,0.0,0.0,0.0,458.24
8,17,2,0,,,,3.1175334,0.0,0.0,0.0,299.3
8,18,2,0,,,,3.5873334,0.0,0.0,0.0,121.24
8,19,2,0,,,,4.1088,0.0,0.0,0.0,12.17
8,20,2,0,,,,3.0464,0.0,0.0,0.0,0.0
8,21,2,0,,,,2.5229332,0.0,0.0,0.0,0.0
8,22,2,0,,,,1.3653834,0.0,0.0,0.0,0.0
8,23,2,0,,,,1.1231333,0.0,0.0,0.0,0.0
8,24,2,0,,,,0.7511167,0.0,0.0,0.0,0.0
8,1,3,0,,,,1.2559,0.0,0.0,0.0,0.0
8,2,3,0,,,,1.25615,0.0,0.0,0.0,0.0
8,3,3,0,,,,0.46915,0.0,0.0,0.0,0.0
8,4,3,0,,,,1.1587,0.0,0.0,0.0,0.0
8,5,3,0,,,,0.8318,0.0,0.0,0.0,0.0
8,6,3,0,,,,0.56483334,0.0,0.0,0.0,0.0
8,7,3,0,,,,0.39166668,0.0,0.0,0.0,1.04
8,8,3,0,,,,0.39735,0.0,0.0,0.0,64.93
8,9,3,0,,,,0.38505,0.0,0.0,0.0,328.17
8,10,3,0,,,,0.46808332,0.0,0.0,0.0,512.0
8,11,3,0,,,,0.36941665,0.0,0.0,0.0,631.77
8,12,3,0,,,,0.37148333,0.0,0.0,0.0,694.68
8,13,3,0,,,,0.3542,0.0,0.0,0.0,712.83
8,14,3,0,,,,1.19925,0.0,0.0,0.0,614.83
8,15,3,0,,,,1.16335,0.0,0.0,0.0,85.63
8,16,3,0,,,,1.23595,0.0,0.0,0.0,422.67
8,17,3,0,,,,4.0363665,0.0,0.0,0.0,296.94
8,18,3,0,,,,2.7896833,0.0,0.0,0.0,113.03
8,19,3,0,,,,2.1784167,0.0,0.0,0.0,10.51
8,20,3,0,,,,4.2030168,0.0,0.0,0.0,0.0
8,21,3,0,,,,1.98365,0.0,0.0,0.0,0.0
8,22,3,0,,,,1.5713167,0.0,0.0,0.0,0.0
8,23,3,0,,,,1.3631,0.0,0.0,0.0,0.0
8,24,3,0,,,,1.0433834,0.0,0.0,0.0,0.0
9,1,4,0,,,,1.0821667,0.0,0.0,0.0,0.0
9,2,4,0,,,,0.46086666,0.0,0.0,0.0,0.0
9,3,4,0,,,,0.4287,0.0,0.0,0.0,0.0
9,4,4,0,,,,1.0541667,0.0,0.0,0.0,0.0
9,5,4,0,,,,0.43678334,0.0,0.0,0.0,0.0
9,6,4,0,,,,0.5516667,0.0,0.0,0.0,0.0
9,7,4,0,,,,0.37855,0.0,0.0,0.0,26.33
9,8,4,0,,,,0.3956,0.0,0.0,0.0,184.92
9,9,4,0,,,,0.38028333,0.0,0.0,0.0,380.33
9,10,4,0,,,,0.37073332,0.0,0.0,0.0,543.23
9,11,4,0,,,,0.38481668,0.0,0.0,0.0,659.21
9,12,4,0,,,,0.3823,0.0,0.0,0.0,697.89
9,13,4,0,,,,0.37313333,0.0,0.0,0.0,640.67
9,14,4,0,,,,0.37653333,0.0,0.0,0.0,569.86
9,15,4,0,,,,0.47278333,0.0,0.0,0.0,436.71
9,16,4,0,,,,0.44278333,0.0,0.0,0.0,358.19
9,17,4,0,,,,3.9703667,0.0,0.0,0.0,257.91
9,18,4,0,,,,3.9614167,0.0,0.0,0.0,110.85
9,19,4,0,,,,2.9286666,0.0,0.0,0.0,9.38
9,20,4,0,,,,4.473183,0.0,0.0,0.0,0.0
9,21,4,0,,,,2.3258166,0.0,0.0,0.0,0.0
9,22,4,0,,,,1.1908,0.0,0.0,0.0,0.0
9,23,4,0,,,,0.84765,0.0,0.0,0.0,0.0
9,24,4,0,,,,0.78461665,0.0,0.0,0.0,0.0
9,1,5,0,,,,0.52315,0.0,0.0,0.0,0.0
9,2,5,0,,,,1.0468667,0.0,0.0,0.0,0.0
9,3,5,0,,,,0.48285,0.0,0.0,0.0,0.0
9,4,5,0,,,,0.46483332,0.0,0.0,0.0,0.0
9,5,5,0,,,,0.9194,0.0,0.0,0.0,0.0
9,6,5,0,,,,0.56373334,0.0,0.0,0.0,0.0
9,7,5,0,,,,0.42886665,0.0,0.0,0.0,34.99
9,8,5,0,,,,0.4393,0.0,0.0,0.0,198.04
9,9,5,0,,,,0.51093334,0.0,0.0,0.0,390.85
9,10,5,0,,,,0.7672,0.0,0.0,0.0,540.79
9,11,5,0,,,,0.6993667,0.0,0.0,0.0,647.86
9,12,5,0,,,,0.38536668,0.0,0.0,0.0,713.33
9,13,5,0,,,,1.0335833,0.0,0.0,0.0,690.05
9,14,5,0,,,,0.36566666,0.0,0.0,0.0,637.52
9,15,5,0,,,,0.3207,0.0,0.0,0.0,489.64
9,16,5,0,,,,3.3365834,0.0,0.0,0.0,406.39
9,17,5,0,,,,2.0691333,0.0,0.0,0.0,281.66
9,18,5,0,,,,0.35215,0.0,0.0,0.0,112.24
9,19,5,0,,,,0.30116665,0.0,0.0,0.0,8.2
9,20,5,0,,,,0.4396,0.0,0.0,0.0,0.0
9,21,5,0,,,,0.34935,0.0,0.0,0.0,0.0
9,22,5,0,,,,0.3184,0.0,0.0,0.0,0.0
9,23,5,0,,,,0.37449333,0.0,0.0,0.0,0.0
9,24,5,0,,,,0.31405,0.0,0.0,0.0,0.0
9,1,6,0,,,,0.33408332,0.0,0.0,0.0,0.0
9,2,6,0,,,,0.36216667,0.0,0.0,0.0,0.0
9,3,6,0,,,,0.37455,0.0,0.0,0.0,0.0
9,4,6,0,,,,0.3768,0.0,0.0,0.0,0.0
9,5,6,0,,,,0.36983332,0.0,0.0,0.0,0.0
9,6,6,0,,,,0.35836667,0.0,0.0,0.0,0.0
9,7,6,0,,,,0.35081667,0.0,0.0,0.0,27.81
9,8,6,0,,,,0.36488333,0.0,0.0,0.0,173.13
9,9,6,0,,,,0.36783335,0.0,0.0,0.0,360.7
9,10,6,0,,,,0.34283334,0.0,0.0,0.0,512.86
9,11,6,0,,,,0.32868335,0.0,0.0,0.0,613.49
9,12,6,0,,,,0.32608333,0.0,0.0,0.0,682.27
9,13,6,0,,,,0.33921668,0.0,0.0,0.0,621.61
9,14,6,0,,,,0.33338332,0.0,0.0,0.0,285.97
9,15,6,0,,,,0.28356665,0.0,0.0,0.0,151.42
9,16,6,0,,,,0.29785,0.0,0.0,0.0,40.21
9,17,6,0,,,,0.29675,0.0,0.0,0.0,122.99
9,18,6,0,,,,0.31113333,0.0,0.0,0.0,4.12
9,19,6,0,,,,0.31256667,0.0,0.0,0.0,6.67
9,20,6,0,,,,0.31445,0.0,0.0,0.0,0.0
9,21,6,0,,,,0.31475,0.0,0.0,0.0,0.0
9,22,6,0,,,,0.34123334,0.0,0.0,0.0,0.0
9,23,6,0,,,,0.37105,0.0,0.0,0.0,0.0
9,24,6,0,,,,0.65391666,0.0,0.0,0.0,0.0
9,1,7,0,,,,0.35698333,0.0,0.0,0.0,0.0
9,2,7,0,,,,0.34288332,0.0,0.0,0.0,0.0
9,3,7,0,,,,0.35068333,0.0,0.0,0.0,0.0
9,4,7,0,,,,0.33363333,0.0,0.0,0.0,0.0
9,5,7,0,,,,0.32973334,0.0,0.0,0.0,0.0
9,6,7,0,,,,0.32595,0.0,0.0,0.0,0.0
9,7,7,0,,,,0.34943333,0.0,0.0,0.0,0.65
9,8,7,0,,,,0.3278,0.0,0.0,0.0,9.63
9,9,7,0,,,,0.31895,0.0,0.0,0.0,35.79
9,10,7,0,,,,0.3203,0.0,0.0,0.0,64.72
9,11,7,0,,,,0.34898335,0.0,0.0,0.0,319.77
9,12,7,0,,,,0.36326668,0.0,0.0,0.0,364.8
9,13,7,0,,,,0.37808332,0.0,0.0,0.0,414.97
9,14,7,0,,,,0.45591667,0.0,0.0,0.0,318.45
9,15,7,0,,,,0.3688,0.0,0.0,0.0,80.21
9,16,7,0,,,,0.34739166,0.0,0.0,0.0,69.21
9,17,7,0,,,,0.35138333,0.0,0.0,0.0,58.37
9,18,7,0,,,,0.35578334,0.0,0.0,0.0,6.54
9,19,7,0,,,,0.35271665,0.0,0.0,0.0,5.38
9,20,7,0,,,,0.3555,0.0,0.0,0.0,0.0
9,21,7,0,,,,0.36603335,0.0,0.0,0.0,0.0
9,22,7,0,,,,0.36425,0.0,0.0,0.0,0.0
9,23,7,0,,,,0.32873333,0.0,0.0,0.0,0.0
9,24,7,0,,,,0.33665,0.0,0.0,0.0,0.0
9,1,1,0,,,,0.33676666,0.0,0.0,0.0,0.0
9,2,1,0,,,,0.34316668,0.0,0.0,0.0,0.0
9,3,1,0,,,,0.32266667,0.0,0.0,0.0,0.0
9,4,1,0,,,,0.3299,0.0,0.0,0.0,0.0
9,5,1,0,,,,0.3287,0.0,0.0,0.0,0.0
9,6,1,0,,,,0.34533334,0.0,0.0,0.0,0.0
9,7,1,0,,,,0.33393332,0.0,0.0,0.0,32.85
9,8,1,0,,,,0.33151665,0.0,0.0,0.0,120.58
9,9,1,0,,,,0.36618334,0.0,0.0,0.0,210.17
9,10,1,0,,,,0.55633336,0.0,0.0,0.0,218.18
9,11,1,0,,,,0.3145,0.0,0.0,0.0,541.99
9,12,1,0,,,,0.44761667,0.0,0.0,0.0,524.4
9,13,1,0,,,,0.6257333,0.0,0.0,0.0,647.9
9,14,1,0,,,,0.65896666,0.0,0.0,0.0,590.99
9,15,1,0,,,,0.58468336,0.0,0.0,0.0,595.21
9,16,1,0,,,,0.59745,0.0,0.0,0.0,471.92
9,17,1,0,,,,0.7354,0.0,0.0,0.0,280.29
9,18,1,0,,,,0.793,0.0,0.0,0.0,74.49
9,19,1,0,,,,0.91025,0.0,0.0,0.0,1.19
9,20,1,0,,,,1.4033834,0.0,0.0,0.0,0.0
9,21,1,0,,,,0.8818167,0.0,0.0,0.0,0.0
9,22,1,0,,,,1.6482333,0.0,0.0,0.0,0.0
9,23,1,0,,,,0.80885,0.0,0.0,0.0,0.0
9,24,1,0,,,,0.37710834,0.0,0.0,0.0,0.0
9,1,2,0,,,,0.43998334,0.0,0.0,0.0,0.0
9,2,2,0,,,,0.41783333,0.0,0.0,0.0,0.0
9,3,2,0,,,,0.42471668,0.0,0.0,0.0,0.0
9,4,2,0,,,,0.44481668,0.0,0.0,0.0,0.0
9,5,2,0,,,,0.73975,0.0,0.0,0.0,0.0
9,6,2,0,,,,0.8455,0.0,0.0,0.0,0.0
9,7,2,0,,,,0.40356666,0.0,0.0,0.0,30.44
9,8,2,0,,,,0.38401666,0.0,0.0,0.0,186.58
9,9,2,0,,,,0.37386668,0.0,0.0,0.0,344.98
9,10,2,0,,,,0.37078333,0.0,0.0,0.0,338.45
9,11,2,0,,,,0.38605,0.0,0.0,0.0,566.98
9,12,2,0,,,,0.3971,0.0,0.0,0.0,712.94
9,13,2,0,,,,0.34725,0.0,0.0,0.0,725.7
9,14,2,0,,,,0.33588332,0.0,0.0,0.0,693.25
9,15,2,0,,,,0.2806,0.0,0.0,0.0,543.4
9,16,2,0,,,,0.58736664,0.0,0.0,0.0,430.39
9,17,2,0,,,,2.5120332,0.0,0.0,0.0,284.59
9,18,2,0,,,,1.6264334,0.0,0.0,0.0,100.47
9,19,2,0,,,,1.7437167,0.0,0.0,0.0,2.42
9,20,2,0,,,,2.1341333,0.0,0.0,0.0,0.0
9,21,2,0,,,,1.46935,0.0,0.0,0.0,0.0
9,22,2,0,,,,0.50458336,0.0,0.0,0.0,0.0
9,23,2,0,,,,0.81583333,0.0,0.0,0.0,0.0
9,24,2,0,,,,0.52601665,0.0,0.0,0.0,0.0
9,1,3,0,,,,0.59856665,0.0,0.0,0.0,0.0
9,2,3,0,,,,0.40345,0.0,0.0,0.0,0.0
9,3,3,0,,,,0.39176667,0.0,0.0,0.0,0.0
9,4,3,0,,,,0.41786668,0.0,0.0,0.0,0.0
9,5,3,0,,,,0.46045,0.0,0.0,0.0,0.0
9,6,3,0,,,,0.46876666,0.0,0.0,0.0,0.0
9,7,3,0,,,,0.31175,0.0,0.0,0.0,28.9
9,8,3,0,,,,0.31608334,0.0,0.0,0.0,191.76
9,9,3,0,,,,0.30346668,0.0,0.0,0.0,385.28
9,10,3,0,,,,0.31816667,0.0,0.0,0.0,539.8
9,11,3,0,,,,0.34596667,0.0,0.0,0.0,626.77
9,12,3,0,,,,0.33831668,0.0,0.0,0.0,621.36
9,13,3,0,,,,0.3231,0.0,0.0,0.0,614.5
9,14,3,0,,,,0.30275,0.0,0.0,0.0,449.88
9,15,3,0,,,,0.30095,0.0,0.0,0.0,243.15
9,16,3,0,,,,1.558625,0.0,0.0,0.0,316.51
9,17,3,0,,,,2.0230334,0.0,0.0,0.0,257.83
9,18,3,0,,,,1.4407667,0.0,0.0,0.0,92.69
9,19,3,0,,,,2.25085,0.0,0.0,0.0,2.38
9,20,3,0,,,,2.2846832,0.0,0.0,0.0,0.0
9,21,3,0,,,,0.90008336,0.0,0.0,0.0,0.0
9,22,3,0,,,,0.80375,0.0,0.0,0.0,0.0
9,23,3,0,,,,0.85455,0.0,0.0,0.0,0.0
9,24,3,0,,,,0.40619168,0.0,0.0,0.0,0.0
9,1,4,0,,,,0.40375,0.0,0.0,0.0,0.0
9,2,4,0,,,,0.68836665,0.0,0.0,0.0,0.0
9,3,4,0,,,,0.4385,0.0,0.0,0.0,0.0
9,4,4,0,,,,0.45458335,0.0,0.0,0.0,0.0
9,5,4,0,,,,0.65573335,0.0,0.0,0.0,0.0
9,6,4,0,,,,0.9903,0.0,0.0,0.0,0.0
9,7,4,0,,,,0.5787,0.0,0.0,0.0,16.33
9,8,4,0,,,,0.5850833,0.0,0.0,0.0,174.37
9,9,4,0,,,,0.59008336,0.0,0.0,0.0,357.47
9,10,4,0,,,,0.5952833,0.0,0.0,0.0,500.36
9,11,4,0,,,,0.5661833,0.0,0.0,0.0,637.34
9,12,4,0,,,,0.55833334,0.0,0.0,0.0,710.0
9,13,4,0,,,,0.5306,0.0,0.0,0.0,725.47
9,14,4,0,,,,0.52776664,0.0,0.0,0.0,655.42
9,15,4,0,,,,0.5086833,0.0,0.0,0.0,570.43
9,16,4,0,,,,0.49683332,0.0,0.0,0.0,388.73
9,17,4,0,,,,2.7533333,0.0,0.0,0.0,269.14
9,18,4,0,,,,2.27295,0.0,0.0,0.0,92.48
9,19,4,0,,,,3.2390666,0.0,0.0,0.0,0.0
9,20,4,0,,,,2.0389833,0.0,0.0,0.0,0.0
9,21,4,0,,,,1.0048167,0.0,0.0,0.0,0.0
9,22,4,0,,,,0.43215,0.0,0.0,0.0,0.0
9,23,4,0,,,,0.43713334,0.0,0.0,0.0,0.0
9,24,4,0,,,,0.7729,0.0,0.0,0.0,0.0
9,1,5,0,,,,0.43586665,0.0,0.0,0.0,0.0
9,2,5,0,,,,0.42836666,0.0,0.0,0.0,0.0
9,3,5,0,,,,0.43941668,0.0,0.0,0.0,0.0
9,4,5,0,,,,0.45015,0.0,0.0,0.0,0.0
9,5,5,0,,,,0.5247833,0.0,0.0,0.0,0.0
9,6,5,0,,,,0.43583333,0.0,0.0,0.0,0.0
9,7,5,0,,,,0.49311668,0.0,0.0,0.0,22.97
9,8,5,0,,,,0.4114,0.0,0.0,0.0,182.69
9,9,5,0,,,,0.35433334,0.0,0.0,0.0,388.4
9,10,5,0,,,,0.36635417,0.0,0.0,0.0,482.16
9,11,5,0,,,,0.35006666,0.0,0.0,0.0,663.31
9,12,5,0,,,,0.32373333,0.0,0.0,0.0,730.3
9,13,5,0,,,,0.31376666,0.0,0.0,0.0,715.66
9,14,5,0,,,,0.30073333,0.0,0.0,0.0,636.58
9,15,5,0,,,,0.27498335,0.0,0.0,0.0,588.27
9,16,5,0,,,,0.27973333,0.0,0.0,0.0,436.16
9,17,5,0,,,,2.7090166,0.0,0.0,0.0,288.1
9,18,5,0,,,,2.5651166,0.0,0.0,0.0,90.08
9,19,5,0,,,,2.0768666,0.0,0.0,0.0,0.0
9,20,5,0,,,,2.0669,0.0,0.0,0.0,0.0
9,21,5,0,,,,1.2181166,0.0,0.0,0.0,0.0
9,22,5,0,,,,0.88295,0.0,0.0,0.0,0.0
9,23,5,0,,,,0.8990333,0.0,0.0,0.0,0.0
9,24,5,0,,,,0.44008332,0.0,0.0,0.0,0.0
9,1,6,0,,,,1.5224167,0.0,0.0,0.0,0.0
9,2,6,0,,,,0.94615,0.0,0.0,0.0,0.0
9,3,6,0,,,,0.4343,0.0,0.0,0.0,0.0
9,4,6,0,,,,0.44655,0.0,0.0,0.0,0.0
9,5,6,0,,,,0.42911667,0.0,0.0,0.0,0.0
9,6,6,0,,,,0.41616666,0.0,0.0,0.0,0.0
9,7,6,0,,,,0.7285333,0.0,0.0,0.0,27.95
9,8,6,0,,,,0.73908335,0.0,0.0,0.0,168.99
9,9,6,0,,,,1.89175,0.0,0.0,0.0,405.16
9,10,6,0,,,,0.7558333,0.0,0.0,0.0,565.58
9,11,6,0,,,,0.3431,0.0,0.0,0.0,681.01
9,12,6,0,,,,0.31673333,0.0,0.0,0.0,727.67
9,13,6,0,,,,0.33288333,0.0,0.0,0.0,749.11
9,14,6,0,,,,3.2570667,0.0,0.0,0.0,692.77
9,15,6,0,,,,2.6216166,0.0,0.0,0.0,584.38
9,16,6,0,,,,1.9888667,0.0,0.0,0.0,453.1
9,17,6,0,,,,1.1975167,0.0,0.0,0.0,275.93
9,18,6,0,,,,2.00065,0.0,0.0,0.0,87.18
9,19,6,0,,,,1.63295,0.0,0.0,0.0,0.0
9,20,6,0,,,,1.28605,0.0,0.0,0.0,0.0
9,21,6,0,,,,2.4221666,0.0,0.0,0.0,0.0
9,22,6,0,,,,0.73765,0.0,0.0,0.0,0.0
9,23,6,0,,,,0.41035,0.0,0.0,0.0,0.0
9,24,6,0,,,,0.410075,0.0,0.0,0.0,0.0
9,1,7,0,,,,0.43836668,0.0,0.0,0.0,0.0
9,2,7,0,,,,0.44588333,0.0,0.0,0.0,0.0
9,3,7,0,,,,0.44906667,0.0,0.0,0.0,0.0
9,4,7,0,,,,0.44121668,0.0,0.0,0.0,0.0
9,5,7,0,,,,0.5281,0.0,0.0,0.0,0.0
9,6,7,0,,,,0.6712833,0.0,0.0,0.0,0.0
9,7,7,0,,,,0.8809,0.0,0.0,0.0,24.5
9,8,7,0,,,,1.1565,0.0,0.0,0.0,197.13
9,9,7,0,,,,1.34265,0.0,0.0,0.0,383.24
9,10,7,0,,,,0.94768333,0.0,0.0,0.0,537.15
9,11,7,0,,,,1.25205,0.0,0.0,0.0,651.16
9,12,7,0,,,,2.5642166,0.0,0.0,0.0,707.34
9,13,7,0,,,,3.2696667,0.0,0.0,0.0,706.9
9,14,7,0,,,,2.7188833,0.0,0.0,0.0,646.0
9,15,7,0,,,,4.29945,0.0,0.0,0.0,560.38
9,16,7,0,,,,2.4377,0.0,0.0,0.0,431.51
9,17,7,0,,,,2.7600834,0.0,0.0,0.0,238.56
9,18,7,0,,,,2.8532166,0.0,0.0,0.0,85.1
9,19,7,0,,,,1.9948666,0.0,0.0,0.0,0.0
9,20,7,0,,,,2.8693833,0.0,0.0,0.0,0.0
9,21,7,0,,,,2.3482168,0.0,0.0,0.0,0.0
9,22,7,0,,,,1.1526166,0.0,0.0,0.0,0.0
9,23,7,0,,,,1.09925,0.0,0.0,0.0,0.0
9,24,7,0,,,,0.61339164,0.0,0.0,0.0,0.0
9,1,1,0,,,,0.7403,0.0,0.0,0.0,0.0
9,2,1,0,,,,0.65966666,0.0,0.0,0.0,0.0
9,3,1,0,,,,1.1268166,0.0,0.0,0.0,0.0
9,4,1,0,,,,0.6622667,0.0,0.0,0.0,0.0
9,5,1,0,,,,0.74328333,0.0,0.0,0.0,0.0
9,6,1,0,,,,0.8916133,0.0,0.0,0.0,0.0
9,7,1,0,,,,0.6389,0.0,0.0,0.0,20.26
9,8,1,0,,,,0.6419333,0.0,0.0,0.0,185.3
9,9,1,0,,,,0.66165,0.0,0.0,0.0,380.13
9,10,1,0,,,,1.0465,0.0,0.0,0.0,538.7
9,11,1,0,,,,0.80765,0.0,0.0,0.0,656.89
9,12,1,0,,,,1.03825,0.0,0.0,0.0,712.38
9,13,1,0,,,,0.8685167,0.0,0.0,0.0,688.46
9,14,1,0,,,,0.81731665,0.0,0.0,0.0,655.55
9,15,1,0,,,,0.50145,0.0,0.0,0.0,535.88
9,16,1,0,,,,0.89061666,0.0,0.0,0.0,424.69
9,17,1,0,,,,0.75525,0.0,0.0,0.0,257.47
9,18,1,0,,,,0.94255,0.0,0.0,0.0,79.14
9,19,1,0,,,,0.62195,0.0,0.0,0.0,0.0
9,20,1,0,,,,0.5050667,0.0,0.0,0.0,0.0
9,21,1,0,,,,0.45185,0.0,0.0,0.0,0.0
9,22,1,0,,,,0.44023332,0.0,0.0,0.0,0.0
9,23,1,0,,,,0.43045,0.0,0.0,0.0,0.0
9,24,1,0,,,,0.43691668,0.0,0.0,0.0,0.0
9,1,2,0,,,,0.44691667,0.0,0.0,0.0,0.0
9,2,2,0,,,,0.4429,0.0,0.0,0.0,0.0
9,3,2,0,,,,0.42416668,0.0,0.0,0.0,0.0
9,4,2,0,,,,0.45036668,0.0,0.0,0.0,0.0
9,5,2,0,,,,0.7791833,0.0,0.0,0.0,0.0
9,6,2,0,,,,0.9144167,0.0,0.0,0.0,0.0
9,7,2,0,,,,0.36778334,0.0,0.0,0.0,10.08
9,8,2,0,,,,0.40715,0.0,0.0,0.0,171.27
9,9,2,0,,,,0.39026666,0.0,0.0,0.0,367.91
9,10,2,0,,,,0.38208333,0.0,0.0,0.0,537.55
9,11,2,0,,,,0.3735,0.0,0.0,0.0,642.19
9,12,2,0,,,,0.40263334,0.0,0.0,0.0,701.47
9,13,2,0,,,,0.39381668,0.0,0.0,0.0,702.7
9,14,2,0,,,,0.37458333,0.0,0.0,0.0,660.0
9,15,2,0,,,,0.3707,0.0,0.0,0.0,550.49
9,16,2,0,,,,0.39048332,0.0,0.0,0.0,386.63
9,17,2,0,,,,0.69816667,0.0,0.0,0.0,184.34
9,18,2,0,,,,0.86981666,0.0,0.0,0.0,48.34
9,19,2,0,,,,1.0786834,0.0,0.0,0.0,0.0
9,20,2,0,,,,1.3839,0.0,0.0,0.0,0.0
9,21,2,0,,,,0.72996664,0.0,0.0,0.0,0.0
9,22,2,0,,,,0.47821668,0.0,0.0,0.0,0.0
9,23,2,0,,,,0.44586667,0.0,0.0,0.0,0.0
9,24,2,0,,,,0.424825,0.0,0.0,0.0,0.0
9,1,3,0,,,,0.42033333,0.0,0.0,0.0,0.0
9,2,3,0,,,,0.43551666,0.0,0.0,0.0,0.0
9,3,3,0,,,,0.45931667,0.0,0.0,0.0,0.0
9,4,3,0,,,,0.42151666,0.0,0.0,0.0,0.0
9,5,3,0,,,,0.46493334,0.0,0.0,0.0,0.0
9,6,3,0,,,,0.58783334,0.0,0.0,0.0,0.0
9,7,3,0,,,,0.36238334,0.0,0.0,0.0,0.0
9,8,3,0,,,,0.35563335,0.0,0.0,0.0,63.13
9,9,3,0,,,,0.3424,0.0,0.0,0.0,15.27
9,10,3,0,,,,0.35728332,0.0,0.0,0.0,70.18
9,11,3,0,,,,0.36475,0.0,0.0,0.0,177.39
9,12,3,0,,,,0.34276667,0.0,0.0,0.0,543.9
9,13,3,0,,,,0.34886667,0.0,0.0,0.0,654.7
9,14,3,0,,,,0.34466666,0.0,0.0,0.0,663.29
9,15,3,0,,,,0.3292,0.0,0.0,0.0,548.73
9,16,3,0,,,,0.36395,0.0,0.0,0.0,412.02
9,17,3,0,,,,0.6191667,0.0,0.0,0.0,276.04
9,18,3,0,,,,0.7115667,0.0,0.0,0.0,72.59
9,19,3,0,,,,1.0530334,0.0,0.0,0.0,0.0
9,20,3,0,,,,1.37095,0.0,0.0,0.0,0.0
9,21,3,0,,,,0.78455,0.0,0.0,0.0,0.0
9,22,3,0,,,,0.45851666,0.0,0.0,0.0,0.0
9,23,3,0,,,,0.4173,0.0,0.0,0.0,0.0
9,24,3,0,,,,0.39036667,0.0,0.0,0.0,0.0
9,1,4,0,,,,0.39755,0.0,0.0,0.0,0.0
9,2,4,0,,,,0.37206668,0.0,0.0,0.0,0.0
9,3,4,0,,,,0.38493332,0.0,0.0,0.0,0.0
9,4,4,0,,,,0.42036667,0.0,0.0,0.0,0.0
9,5,4,0,,,,0.74876666,0.0,0.0,0.0,0.0
9,6,4,0,,,,0.9427,0.0,0.0,0.0,0.0
9,7,4,0,,,,0.33411667,0.0,0.0,0.0,16.22
9,8,4,0,,,,0.34985,0.0,0.0,0.0,193.99
9,9,4,0,,,,0.30921668,0.0,0.0,0.0,403.64
9,10,4,0,,,,0.33053333,0.0,0.0,0.0,580.13
9,11,4,0,,,,0.34716666,0.0,0.0,0.0,685.78
9,12,4,0,,,,0.36865,0.0,0.0,0.0,500.39
9,13,4,0,,,,0.33586666,0.0,0.0,0.0,455.21
9,14,4,0,,,,0.27885,0.0,0.0,0.0,562.36
9,15,4,0,,,,0.27,0.0,0.0,0.0,524.83
9,16,4,0,,,,0.26248333,0.0,0.0,0.0,434.84
9,17,4,0,,,,0.43755,0.0,0.0,0.0,239.23
9,18,4,0,,,,0.68405,0.0,0.0,0.0,36.4
9,19,4,0,,,,0.80938333,0.0,0.0,0.0,0.0
9,20,4,0,,,,0.67661667,0.0,0.0,0.0,0.0
9,21,4,0,,,,0.36553332,0.0,0.0,0.0,0.0
9,22,4,0,,,,0.37811667,0.0,0.0,0.0,0.0
9,23,4,0,,,,0.39685,0.0,0.0,0.0,0.0
9,24,4,0,,,,0.37785,0.0,0.0,0.0,0.0
9,1,5,0,,,,0.38333333,0.0,0.0,0.0,0.0
9,2,5,0,,,,0.37073332,0.0,0.0,0.0,0.0
9,3,5,0,,,,0.4028,0.0,0.0,0.0,0.0
9,4,5,0,,,,0.38888332,0.0,0.0,0.0,0.0
9,5,5,0,,,,0.43438333,0.0,0.0,0.0,0.0
9,6,5,0,,,,0.409,0.0,0.0,0.0,0.0
9,7,5,0,,,,0.36373332,0.0,0.0,0.0,13.23
9,8,5,0,,,,0.35708332,0.0,0.0,0.0,188.55
9,9,5,0,,,,0.36122084,0.0,0.0,0.0,107.08
9,10,5,0,,,,0.36955,0.0,0.0,0.0,307.81
9,11,5,0,,,,0.35623333,0.0,0.0,0.0,568.79
9,12,5,0,,,,0.32505,0.0,0.0,0.0,297.56
9,13,5,0,,,,0.33458334,0.0,0.0,0.0,459.81
9,14,5,0,,,,0.30888334,0.0,0.0,0.0,635.36
9,15,5,0,,,,0.30198333,0.0,0.0,0.0,553.36
9,16,5,0,,,,0.51056665,0.0,0.0,0.0,422.78
9,17,5,0,,,,0.5298833,0.0,0.0,0.0,258.38
9,18,5,0,,,,0.48718333,0.0,0.0,0.0,34.55
9,19,5,0,,,,0.8480333,0.0,0.0,0.0,0.0
9,20,5,0,,,,2.08035,0.0,0.0,0.0,0.0
9,21,5,0,,,,2.1220834,0.0,0.0,0.0,0.0
9,22,5,0,,,,0.82491666,0.0,0.0,0.0,0.0
9,23,5,0,,,,0.81518334,0.0,0.0,0.0,0.0
9,24,5,0,,,,0.82858336,0.0,0.0,0.0,0.0
9,1,6,0,,,,0.79368335,0.0,0.0,0.0,0.0
9,2,6,0,,,,0.45111668,0.0,0.0,0.0,0.0
9,3,6,0,,,,0.4855,0.0,0.0,0.0,0.0
9,4,6,0,,,,0.44846666,0.0,0.0,0.0,0.0
9,5,6,0,,,,0.44096667,0.0,0.0,0.0,0.0
9,6,6,0,,,,0.5747,0.0,0.0,0.0,0.0
9,7,6,0,,,,1.2628666,0.0,0.0,0.0,0.3
9,8,6,0,,,,0.80015,0.0,0.0,0.0,196.1
9,9,6,0,,,,0.59573334,0.0,0.0,0.0,375.69
9,10,6,0,,,,0.54936665,0.0,0.0,0.0,581.65
9,11,6,0,,,,0.5657667,0.0,0.0,0.0,687.25
9,12,6,0,,,,0.6108,0.0,0.0,0.0,705.48
9,13,6,0,,,,0.5462667,0.0,0.0,0.0,752.2
9,14,6,0,,,,0.6713833,0.0,0.0,0.0,700.73
9,15,6,0,,,,0.59625,0.0,0.0,0.0,568.53
9,16,6,0,,,,0.3772,0.0,0.0,0.0,423.33
9,17,6,0,,,,2.5121834,0.0,0.0,0.0,245.37
9,18,6,0,,,,3.8427668,0.0,0.0,0.0,65.54
9,19,6,0,,,,3.3609333,0.0,0.0,0.0,0.0
9,20,6,0,,,,1.87445,0.0,0.0,0.0,0.0
9,21,6,0,,,,1.4042667,0.0,0.0,0.0,0.0
9,22,6,0,,,,1.3130167,0.0,0.0,0.0,0.0
9,23,6,0,,,,1.6740167,0.0,0.0,0.0,0.0
9,24,6,0,,,,1.098675,0.0,0.0,0.0,0.0
9,1,7,0,,,,0.38676667,0.0,0.0,0.0,0.0
9,2,7,0,,,,1.0610167,0.0,0.0,0.0,0.0
9,3,7,0,,,,0.38906667,0.0,0.0,0.0,0.0
9,4,7,0,,,,1.0088167,0.0,0.0,0.0,0.0
9,5,7,0,,,,0.38598335,0.0,0.0,0.0,0.0
9,6,7,0,,,,0.9985833,0.0,0.0,0.0,0.0
9,7,7,0,,,,1.2011334,0.0,0.0,0.0,0.0
9,8,7,0,,,,1.9343667,0.0,0.0,0.0,147.14
9,9,7,0,,,,1.9997333,0.0,0.0,0.0,171.32
9,10,7,0,,,,2.00935,0.0,0.0,0.0,109.08
9,11,7,0,,,,2.6149833,0.0,0.0,0.0,179.01
9,12,7,0,,,,1.66545,0.0,0.0,0.0,546.81
9,13,7,0,,,,3.8137,0.0,0.0,0.0,240.93
9,14,7,0,,,,2.648,0.0,0.0,0.0,621.13
9,15,7,0,,,,3.7987666,0.0,0.0,0.0,101.72
9,16,7,0,,,,2.3736334,0.0,0.0,0.0,392.67
9,17,7,0,,,,3.1373,0.0,0.0,0.0,103.26
9,18,7,0,,,,3.6137834,0.0,0.0,0.0,66.18
9,19,7,0,,,,2.10335,0.0,0.0,0.0,0.0
9,20,7,0,,,,2.4895334,0.0,0.0,0.0,0.0
9,21,7,0,,,,0.6587833,0.0,0.0,0.0,0.0
9,22,7,0,,,,0.46036667,0.0,0.0,0.0,0.0
9,23,7,0,,,,1.14395,0.0,0.0,0.0,0.0
9,24,7,0,,,,0.46159166,0.0,0.0,0.0,0.0
9,1,1,0,,,,0.46551666,0.0,0.0,0.0,0.0
9,2,1,0,,,,1.1167,0.0,0.0,0.0,0.0
9,3,1,0,,,,0.44051668,0.0,0.0,0.0,0.0
9,4,1,0,,,,0.43263334,0.0,0.0,0.0,0.0
9,5,1,0,,,,0.8104,0.0,0.0,0.0,0.0
9,6,1,0,,,,1.10845,0.0,0.0,0.0,0.0
9,7,1,0,,,,0.35066667,0.0,0.0,0.0,5.75
9,8,1,0,,,,0.33775,0.0,0.0,0.0,71.78
9,9,1,0,,,,0.33356667,0.0,0.0,0.0,356.55
9,10,1,0,,,,0.33706668,0.0,0.0,0.0,526.84
9,11,1,0,,,,0.34655,0.0,0.0,0.0,560.03
9,12,1,0,,,,0.3557,0.0,0.0,0.0,348.54
9,13,1,0,,,,0.36446667,0.0,0.0,0.0,240.91
9,14,1,0,,,,0.36388335,0.0,0.0,0.0,289.58
9,15,1,0,,,,0.3629,0.0,0.0,0.0,429.3
9,16,1,0,,,,1.3685833,0.0,0.0,0.0,290.98
9,17,1,0,,,,1.9939834,0.0,0.0,0.0,260.67
9,18,1,0,,,,1.9915167,0.0,0.0,0.0,62.16
9,19,1,0,,,,3.1306334,0.0,0.0,0.0,0.0
9,20,1,0,,,,3.1101665,0.0,0.0,0.0,0.0
9,21,1,0,,,,1.9160833,0.0,0.0,0.0,0.0
9,22,1,0,,,,0.43453333,0.0,0.0,0.0,0.0
9,23,1,0,,,,1.42085,0.0,0.0,0.0,0.0
9,24,1,0,,,,0.42609167,0.0,0.0,0.0,0.0
9,1,2,0,,,,1.0994667,0.0,0.0,0.0,0.0
9,2,2,0,,,,0.40905,0.0,0.0,0.0,0.0
9,3,2,0,,,,0.36098334,0.0,0.0,0.0,0.0
9,4,2,0,,,,1.0769,0.0,0.0,0.0,0.0
9,5,2,0,,,,0.43046665,0.0,0.0,0.0,0.0
9,6,2,0,,,,0.4636,0.0,0.0,0.0,0.0
9,7,2,0,,,,0.29256666,0.0,0.0,0.0,0.0
9,8,2,0,,,,1.0147667,0.0,0.0,0.0,26.79
9,9,2,0,,,,0.36963335,0.0,0.0,0.0,121.4
9,10,2,0,,,,0.94098336,0.0,0.0,0.0,226.42
9,11,2,0,,,,0.8950833,0.0,0.0,0.0,372.58
9,12,2,0,,,,1.226,0.0,0.0,0.0,447.1
9,13,2,0,,,,0.3075,0.0,0.0,0.0,595.9
9,14,2,0,,,,1.2563666,0.0,0.0,0.0,158.7
9,15,2,0,,,,0.4229,0.0,0.0,0.0,46.22
9,16,2,0,,,,1.1206833,0.0,0.0,0.0,78.32
9,17,2,0,,,,0.68515,0.0,0.0,0.0,138.78
9,18,2,0,,,,0.60226667,0.0,0.0,0.0,31.03
9,19,2,0,,,,1.0428833,0.0,0.0,0.0,0.0
9,20,2,0,,,,2.5449667,0.0,0.0,0.0,0.0
9,21,2,0,,,,0.649,0.0,0.0,0.0,0.0
9,22,2,0,,,,0.8663,0.0,0.0,0.0,0.0
9,23,2,0,,,,0.373,0.0,0.0,0.0,0.0
9,24,2,0,,,,0.37573335,0.0,0.0,0.0,0.0
9,1,3,0,,,,0.37028334,0.0,0.0,0.0,0.0
9,2,3,0,,,,0.8911667,0.0,0.0,0.0,0.0
9,3,3,0,,,,0.36701667,0.0,0.0,0.0,0.0
9,4,3,0,,,,0.41058335,0.0,0.0,0.0,0.0
9,5,3,0,,,,0.80651665,0.0,0.0,0.0,0.0
9,6,3,0,,,,0.6343,0.0,0.0,0.0,0.0
9,7,3,0,,,,0.44471666,0.0,0.0,0.0,1.17
9,8,3,0,,,,0.33658335,0.0,0.0,0.0,123.54
9,9,3,0,,,,0.31631666,0.0,0.0,0.0,417.59
9,10,3,0,,,,0.30615,0.0,0.0,0.0,577.66
9,11,3,0,,,,0.30668333,0.0,0.0,0.0,658.48
9,12,3,0,,,,0.30641666,0.0,0.0,0.0,756.22
9,13,3,0,,,,0.31853333,0.0,0.0,0.0,775.81
9,14,3,0,,,,0.31571665,0.0,0.0,0.0,700.16
9,15,3,0,,,,0.27276668,0.0,0.0,0.0,350.85
9,16,3,0,,,,0.47823334,0.0,0.0,0.0,64.23
9,17,3,0,,,,2.6088166,0.0,0.0,0.0,49.59
9,18,3,0,,,,2.5703166,0.0,0.0,0.0,24.54
9,19,3,0,,,,2.8348835,0.0,0.0,0.0,0.0
9,20,3,0,,,,1.7161167,0.0,0.0,0.0,0.0
9,21,3,0,,,,0.36468333,0.0,0.0,0.0,0.0
9,22,3,0,,,,1.0620167,0.0,0.0,0.0,0.0
9,23,3,0,,,,0.36106667,0.0,0.0,0.0,0.0
9,24,3,0,,,,0.91780835,0.0,0.0,0.0,0.0
9,1,4,0,,,,0.36255,0.0,0.0,0.0,0.0
9,2,4,0,,,,0.37806666,0.0,0.0,0.0,0.0
9,3,4,0,,,,0.38641667,0.0,0.0,0.0,0.0
9,4,4,0,,,,0.38025,0.0,0.0,0.0,0.0
9,5,4,0,,,,0.412,0.0,0.0,0.0,0.0
9,6,4,0,,,,0.5362167,0.0,0.0,0.0,0.0
9,7,4,0,,,,0.3779,0.0,0.0,0.0,0.0
9,8,4,0,,,,0.35176668,0.0,0.0,0.0,25.38
9,9,4,0,,,,0.35701665,0.0,0.0,0.0,57.71
9,10,4,0,,,,0.3484,0.0,0.0,0.0,90.7
9,11,4,0,,,,0.3493,0.0,0.0,0.0,121.06
9,12,4,0,,,,0.34846666,0.0,0.0,0.0,180.22
9,13,4,0,,,,0.35163334,0.0,0.0,0.0,69.67
9,14,4,0,,,,0.3392,0.0,0.0,0.0,293.18
9,15,4,0,,,,0.33945,0.0,0.0,0.0,293.49
9,16,4,0,,,,0.67721665,0.0,0.0,0.0,310.96
9,17,4,0,,,,0.55745,0.0,0.0,0.0,201.65
9,18,4,0,,,,0.53538334,0.0,0.0,0.0,45.19
9,19,4,0,,,,0.4775,0.0,0.0,0.0,0.0
9,20,4,0,,,,0.83033335,0.0,0.0,0.0,0.0
9,21,4,0,,,,0.81225,0.0,0.0,0.0,0.0
9,22,4,0,,,,0.39175,0.0,0.0,0.0,0.0
9,23,4,0,,,,0.38513333,0.0,0.0,0.0,0.0
9,24,4,0,,,,0.37938333,0.0,0.0,0.0,0.0
9,1,5,0,,,,0.37755,0.0,0.0,0.0,0.0
9,2,5,0,,,,0.37776667,0.0,0.0,0.0,0.0
9,3,5,0,,,,0.513,0.0,0.0,0.0,0.0
9,4,5,0,,,,0.4267,0.0,0.0,0.0,0.0
9,5,5,0,,,,0.68175,0.0,0.0,0.0,0.0
9,6,5,0,,,,0.7277333,0.0,0.0,0.0,0.0
9,7,5,0,,,,0.33176666,0.0,0.0,0.0,0.0
9,8,5,0,,,,0.35151666,0.0,0.0,0.0,26.67
9,9,5,0,,,,0.3433,0.0,0.0,0.0,76.42
9,10,5,0,,,,0.33405,0.0,0.0,0.0,307.88
9,11,5,0,,,,0.31626666,0.0,0.0,0.0,482.41
9,12,5,0,,,,0.35788333,0.0,0.0,0.0,707.2
9,13,5,0,,,,0.37235,0.0,0.0,0.0,764.12
9,14,5,0,,,,0.37789166,0.0,0.0,0.0,690.11
9,15,5,0,,,,0.33598334,0.0,0.0,0.0,547.95
9,16,5,0,,,,0.45316666,0.0,0.0,0.0,426.19
9,17,5,0,,,,0.5582,0.0,0.0,0.0,236.65
9,18,5,0,,,,0.58806664,0.0,0.0,0.0,46.17
9,19,5,0,,,,0.5869,0.0,0.0,0.0,0.0
9,20,5,0,,,,0.5161167,0.0,0.0,0.0,0.0
9,21,5,0,,,,0.51846665,0.0,0.0,0.0,0.0
9,22,5,0,,,,0.40356666,0.0,0.0,0.0,0.0
9,23,5,0,,,,0.37158334,0.0,0.0,0.0,0.0
9,24,5,0,,,,0.38694167,0.0,0.0,0.0,0.0
9,1,6,0,,,,0.37626666,0.0,0.0,0.0,0.0
9,2,6,0,,,,0.39198333,0.0,0.0,0.0,0.0
9,3,6,0,,,,0.38268334,0.0,0.0,0.0,0.0
9,4,6,0,,,,0.38816667,0.0,0.0,0.0,0.0
9,5,6,0,,,,0.37986666,0.0,0.0,0.0,0.0
9,6,6,0,,,,0.38065,0.0,0.0,0.0,0.0
9,7,6,0,,,,0.4118,0.0,0.0,0.0,5.67
9,8,6,0,,,,0.8724333,0.0,0.0,0.0,199.07
9,9,6,0,,,,0.7230667,0.0,0.0,0.0,430.43
9,10,6,0,,,,0.67211664,0.0,0.0,0.0,598.82
9,11,6,0,,,,1.44795,0.0,0.0,0.0,703.61
9,12,6,0,,,,1.01335,0.0,0.0,0.0,756.32
9,13,6,0,,,,1.7947667,0.0,0.0,0.0,747.81
9,14,6,0,,,,1.7421167,0.0,0.0,0.0,634.34
9,15,6,0,,,,0.9938167,0.0,0.0,0.0,554.24
9,16,6,0,,,,2.4757667,0.0,0.0,0.0,433.91
9,17,6,0,,,,1.9230167,0.0,0.0,0.0,234.51
9,18,6,0,,,,0.68976665,0.0,0.0,0.0,41.22
9,19,6,0,,,,0.62201667,0.0,0.0,0.0,0.0
9,20,6,0,,,,3.04295,0.0,0.0,0.0,0.0
9,21,6,0,,,,0.9848833,0.0,0.0,0.0,0.0
9,22,6,0,,,,0.7629833,0.0,0.0,0.0,0.0
9,23,6,0,,,,0.37428334,0.0,0.0,0.0,0.0
9,24,6,0,,,,0.37411666,0.0,0.0,0.0,0.0
9,1,7,0,,,,2.1760333,0.0,0.0,0.0,0.0
9,2,7,0,,,,0.31991667,0.0,0.0,0.0,0.0
9,3,7,0,,,,1.1081,0.0,0.0,0.0,0.0
9,4,7,0,,,,0.30221668,0.0,0.0,0.0,0.0
9,5,7,0,,,,0.42386666,0.0,0.0,0.0,0.0
9,6,7,0,,,,1.1172167,0.0,0.0,0.0,0.0
9,7,7,0,,,,1.31085,0.0,0.0,0.0,0.0
9,8,7,0,,,,1.18195,0.0,0.0,0.0,86.08
9,9,7,0,,,,2.0324833,0.0,0.0,0.0,302.08
9,10,7,0,,,,1.6686167,0.0,0.0,0.0,302.25
9,11,7,0,,,,1.5964333,0.0,0.0,0.0,190.39
9,12,7,0,,,,0.58963335,0.0,0.0,0.0,522.38
9,13,7,0,,,,2.6496167,0.0,0.0,0.0,281.39
9,14,7,0,,,,2.87035,0.0,0.0,0.0,167.7
9,15,7,0,,,,1.8489166,0.0,0.0,0.0,164.79
9,16,7,0,,,,1.83375,0.0,0.0,0.0,17.33
9,17,7,0,,,,1.4859,0.0,0.0,0.0,6.07
9,18,7,0,,,,0.4857,0.0,0.0,0.0,25.0
9,19,7,0,,,,1.52205,0.0,0.0,0.0,0.0
9,20,7,0,,,,2.7362833,0.0,0.0,0.0,0.0
9,21,7,0,,,,1.50805,0.0,0.0,0.0,0.0
9,22,7,0,,,,1.0633334,0.0,0.0,0.0,0.0
9,23,7,0,,,,1.06365,0.0,0.0,0.0,0.0
9,24,7,0,,,,0.9751,0.0,0.0,0.0,0.0
9,1,1,0,,,,0.3535,0.0,0.0,0.0,0.0
9,2,1,0,,,,0.4341,0.0,0.0,0.0,0.0
9,3,1,0,,,,0.3551,0.0,0.0,0.0,0.0
9,4,1,0,,,,0.38938335,0.0,0.0,0.0,0.0
9,5,1,0,,,,0.9561833,0.0,0.0,0.0,0.0
9,6,1,0,,,,1.5514166,0.0,0.0,0.0,0.0
9,7,1,0,,,,0.31945,0.0,0.0,0.0,0.0
9,8,1,0,,,,0.32478333,0.0,0.0,0.0,13.0
9,9,1,0,,,,0.31845,0.0,0.0,0.0,33.24
9,10,1,0,,,,0.31836668,0.0,0.0,0.0,95.16
9,11,1,0,,,,0.3079,0.0,0.0,0.0,126.57
9,12,1,0,,,,0.30085,0.0,0.0,0.0,138.28
9,13,1,0,,,,0.30255,0.0,0.0,0.0,83.28
9,14,1,0,,,,0.2935,0.0,0.0,0.0,69.15
9,15,1,0,,,,0.29868335,0.0,0.0,0.0,30.73
9,16,1,0,,,,0.53825,0.0,0.0,0.0,13.8
9,17,1,0,,,,3.4441333,0.0,0.0,0.0,8.06
9,18,1,0,,,,2.9370167,0.0,0.0,0.0,0.0
9,19,1,0,,,,4.5105166,0.0,0.0,0.0,0.0
9,20,1,0,,,,2.2577834,0.0,0.0,0.0,0.0
9,21,1,0,,,,1.9618167,0.0,0.0,0.0,0.0
9,22,1,0,,,,1.9711334,0.0,0.0,0.0,0.0
9,23,1,0,,,,0.95465,0.0,0.0,0.0,0.0
9,24,1,0,,,,1.0532334,0.0,0.0,0.0,0.0
9,1,2,0,,,,0.9705667,0.0,0.0,0.0,0.0
9,2,2,0,,,,0.37875,0.0,0.0,0.0,0.0
9,3,2,0,,,,0.84145,0.0,0.0,0.0,0.0
9,4,2,0,,,,0.42031667,0.0,0.0,0.0,0.0
9,5,2,0,,,,0.94591665,0.0,0.0,0.0,0.0
9,6,2,0,,,,0.39185,0.0,0.0,0.0,0.0
9,7,2,0,,,,1.1002166,0.0,0.0,0.0,0.0
9,8,2,0,,,,0.55075,0.0,0.0,0.0,17.19
9,9,2,0,,,,0.84043336,0.0,0.0,0.0,38.95
9,10,2,0,,,,2.6366167,0.0,0.0,0.0,66.71
9,11,2,0,,,,2.5727,0.0,0.0,0.0,91.91
9,12,2,0,,,,0.39423335,0.0,0.0,0.0,75.06
9,13,2,0,,,,1.3270667,0.0,0.0,0.0,59.21
9,14,2,0,,,,1.2557666,0.0,0.0,0.0,45.23
9,15,2,0,,,,1.6784834,0.0,0.0,0.0,30.32
9,16,2,0,,,,1.0671,0.0,0.0,0.0,33.22
9,17,2,0,,,,0.48848334,0.0,0.0,0.0,15.57
9,18,2,0,,,,0.5222667,0.0,0.0,0.0,4.01
9,19,2,0,,,,3.34835,0.0,0.0,0.0,0.0
9,20,2,0,,,,2.3373833,0.0,0.0,0.0,0.0
9,21,2,0,,,,1.4135667,0.0,0.0,0.0,0.0
9,22,2,0,,,,1.1060166,0.0,0.0,0.0,0.0
9,23,2,0,,,,0.74088335,0.0,0.0,0.0,0.0
9,24,2,0,,,,0.7005917,0.0,0.0,0.0,0.0
9,1,3,0,,,,0.7697667,0.0,0.0,0.0,0.0
9,2,3,0,,,,0.3623,0.0,0.0,0.0,0.0
9,3,3,0,,,,0.6537333,0.0,0.0,0.0,0.0
9,4,3,0,,,,0.36323333,0.0,0.0,0.0,0.0
9,5,3,0,,,,0.92396665,0.0,0.0,0.0,0.0
9,6,3,0,,,,0.72643334,0.0,0.0,0.0,0.0
9,7,3,0,,,,0.35523334,0.0,0.0,0.0,0.0
9,8,3,0,,,,0.31676668,0.0,0.0,0.0,20.66
9,9,3,0,,,,0.3345,0.0,0.0,0.0,170.37
9,10,3,0,,,,0.3295,0.0,0.0,0.0,533.29
9,11,3,0,,,,0.3276,0.0,0.0,0.0,583.05
9,12,3,0,,,,0.31731668,0.0,0.0,0.0,672.18
9,13,3,0,,,,0.3265,0.0,0.0,0.0,697.42
9,14,3,0,,,,0.335,0.0,0.0,0.0,390.29
9,15,3,0,,,,0.32038334,0.0,0.0,0.0,211.31
9,16,3,0,,,,0.31928334,0.0,0.0,0.0,81.01
9,17,3,0,,,,1.7135834,0.0,0.0,0.0,81.15
9,18,3,0,,,,3.5095,0.0,0.0,0.0,8.74
9,19,3,0,,,,2.98115,0.0,0.0,0.0,0.0
9,20,3,0,,,,2.0935833,0.0,0.0,0.0,0.0
9,21,3,0,,,,0.91351664,0.0,0.0,0.0,0.0
9,22,3,0,,,,0.65201664,0.0,0.0,0.0,0.0
9,23,3,0,,,,0.66216666,0.0,0.0,0.0,0.0
9,24,3,0,,,,0.31415832,0.0,0.0,0.0,0.0
9,1,4,0,,,,0.3993,0.0,0.0,0.0,0.0
9,2,4,0,,,,0.6145,0.0,0.0,0.0,0.0
9,3,4,0,,,,0.32743335,0.0,0.0,0.0,0.0
9,4,4,0,,,,0.32931668,0.0,0.0,0.0,0.0
9,5,4,0,,,,0.385,0.0,0.0,0.0,0.0
9,6,4,0,,,,0.69776666,0.0,0.0,0.0,0.0
9,7,4,0,,,,0.5449833,0.0,0.0,0.0,0.0
9,8,4,0,,,,0.5571833,0.0,0.0,0.0,25.3
9,9,4,0,,,,0.5462833,0.0,0.0,0.0,193.94
9,10,4,0,,,,0.53781664,0.0,0.0,0.0,138.42
9,11,4,0,,,,0.5489,0.0,0.0,0.0,255.02
9,12,4,0,,,,0.53438336,0.0,0.0,0.0,351.88
9,13,4,0,,,,0.5290667,0.0,0.0,0.0,556.18
9,14,4,0,,,,0.5301167,0.0,0.0,0.0,394.74
9,15,4,0,,,,0.5244833,0.0,0.0,0.0,365.55
9,16,4,0,,,,3.08115,0.0,0.0,0.0,281.16
9,17,4,0,,,,2.9159167,0.0,0.0,0.0,157.97
9,18,4,0,,,,2.7142334,0.0,0.0,0.0,8.15
9,19,4,0,,,,1.8684833,0.0,0.0,0.0,0.0
9,20,4,0,,,,2.2949,0.0,0.0,0.0,0.0
9,21,4,0,,,,1.5590667,0.0,0.0,0.0,0.0
9,22,4,0,,,,0.88116664,0.0,0.0,0.0,0.0
9,23,4,0,,,,1.0386833,0.0,0.0,0.0,0.0
9,24,4,0,,,,0.73455834,0.0,0.0,0.0,0.0
9,1,5,0,,,,0.66688335,0.0,0.0,0.0,0.0
9,2,5,0,,,,0.35336667,0.0,0.0,0.0,0.0
9,3,5,0,,,,0.66535,0.0,0.0,0.0,0.0
9,4,5,0,,,,0.7233667,0.0,0.0,0.0,0.0
9,5,5,0,,,,0.8163,0.0,0.0,0.0,0.0
9,6,5,0,,,,0.59515,0.0,0.0,0.0,0.0
9,7,5,0,,,,0.291,0.0,0.0,0.0,0.0
9,8,5,0,,,,0.31703332,0.0,0.0,0.0,65.96
9,9,5,0,,,,0.32621667,0.0,0.0,0.0,270.75
9,10,5,0,,,,0.2675,0.0,0.0,0.0,122.3
9,11,5,0,,,,0.30393332,0.0,0.0,0.0,136.97
9,12,5,0,,,,0.27806666,0.0,0.0,0.0,156.26
9,13,5,0,,,,0.27176666,0.0,0.0,0.0,266.71
9,14,5,0,,,,0.28776667,0.0,0.0,0.0,306.09
9,15,5,0,,,,0.28388333,0.0,0.0,0.0,119.28
9,16,5,0,,,,0.90503335,0.0,0.0,0.0,48.76
9,17,5,0,,,,0.31636667,0.0,0.0,0.0,16.92
9,18,5,0,,,,0.6095833,0.0,0.0,0.0,6.89
9,19,5,0,,,,3.9066334,0.0,0.0,0.0,0.0
9,20,5,0,,,,2.38315,0.0,0.0,0.0,0.0
9,21,5,0,,,,1.7488667,0.0,0.0,0.0,0.0
9,22,5,0,,,,0.8305167,0.0,0.0,0.0,0.0
9,23,5,0,,,,0.36073333,0.0,0.0,0.0,0.0
9,24,5,0,,,,0.32036668,0.0,0.0,0.0,0.0
10,1,6,0,,,,0.32505,0.0,0.0,0.0,0.0
10,2,6,0,,,,0.5965667,0.0,0.0,0.0,0.0
10,3,6,0,,,,0.31645,0.0,0.0,0.0,0.0
10,4,6,0,,,,0.32575,0.0,0.0,0.0,0.0
10,5,6,0,,,,0.31888333,0.0,0.0,0.0,0.0
10,6,6,0,,,,0.32191667,0.0,0.0,0.0,0.0
10,7,6,0,,,,0.44626668,0.0,0.0,0.0,0.0
10,8,6,0,,,,0.50565,0.0,0.0,0.0,50.37
10,9,6,0,,,,0.48296666,0.0,0.0,0.0,96.3
10,10,6,0,,,,2.8997166,0.0,0.0,0.0,127.46
10,11,6,0,,,,2.4148,0.0,0.0,0.0,195.39
10,12,6,0,,,,0.6365167,0.0,0.0,0.0,173.02
10,13,6,0,,,,0.3528,0.0,0.0,0.0,419.71
10,14,6,0,,,,0.3418,0.0,0.0,0.0,531.01
10,15,6,0,,,,0.33233333,0.0,0.0,0.0,112.98
10,16,6,0,,,,0.3271,0.0,0.0,0.0,326.63
10,17,6,0,,,,0.31788334,0.0,0.0,0.0,208.36
10,18,6,0,,,,0.3339,0.0,0.0,0.0,5.5
10,19,6,0,,,,0.33010834,0.0,0.0,0.0,0.0
10,20,6,0,,,,0.3342,0.0,0.0,0.0,0.0
10,21,6,0,,,,0.32938334,0.0,0.0,0.0,0.0
10,22,6,0,,,,0.32746667,0.0,0.0,0.0,0.0
10,23,6,0,,,,0.33721668,0.0,0.0,0.0,0.0
10,24,6,0,,,,0.334775,0.0,0.0,0.0,0.0
10,1,7,0,,,,0.37103334,0.0,0.0,0.0,0.0
10,2,7,0,,,,0.38283333,0.0,0.0,0.0,0.0
10,3,7,0,,,,0.37661666,0.0,0.0,0.0,0.0
10,4,7,0,,,,0.38633335,0.0,0.0,0.0,0.0
10,5,7,0,,,,0.38406667,0.0,0.0,0.0,0.0
10,6,7,0,,,,0.37413332,0.0,0.0,0.0,0.0
10,7,7,0,,,,0.37913334,0.0,0.0,0.0,0.0
10,8,7,0,,,,0.4032,0.0,0.0,0.0,172.47
10,9,7,0,,,,0.44558334,0.0,0.0,0.0,391.49
10,10,7,0,,,,0.37741667,0.0,0.0,0.0,565.22
10,11,7,0,,,,0.37135,0.0,0.0,0.0,679.34
10,12,7,0,,,,0.37833333,0.0,0.0,0.0,728.94
10,13,7,0,,,,0.3577,0.0,0.0,0.0,718.99
10,14,7,0,,,,0.3451,0.0,0.0,0.0,654.68
10,15,7,0,,,,0.35828334,0.0,0.0,0.0,513.91
10,16,7,0,,,,0.33275,0.0,0.0,0.0,383.48
10,17,7,0,,,,0.32336667,0.0,0.0,0.0,179.62
10,18,7,0,,,,0.58488333,0.0,0.0,0.0,3.85
10,19,7,0,,,,2.5813832,0.0,0.0,0.0,0.0
10,20,7,0,,,,1.44405,0.0,0.0,0.0,0.0
10,21,7,0,,,,0.7669333,0.0,0.0,0.0,0.0
10,22,7,0,,,,0.8603,0.0,0.0,0.0,0.0
10,23,7,0,,,,0.6816,0.0,0.0,0.0,0.0
10,24,7,0,,,,0.7503667,0.0,0.0,0.0,0.0
10,1,1,0,,,,0.37371665,0.0,0.0,0.0,0.0
10,2,1,0,,,,0.3828,0.0,0.0,0.0,0.0
10,3,1,0,,,,0.38318333,0.0,0.0,0.0,0.0
10,4,1,0,,,,0.3754,0.0,0.0,0.0,0.0
10,5,1,0,,,,0.74235,0.0,0.0,0.0,0.0
10,6,1,0,,,,0.8120833,0.0,0.0,0.0,0.0
10,7,1,0,,,,0.40018332,0.0,0.0,0.0,0.0
10,8,1,0,,,,0.404,0.0,0.0,0.0,52.49
10,9,1,0,,,,0.35773334,0.0,0.0,0.0,150.52
10,10,1,0,,,,0.34698334,0.0,0.0,0.0,222.14
10,11,1,0,,,,0.33915,0.0,0.0,0.0,584.08
10,12,1,0,,,,0.35163334,0.0,0.0,0.0,654.72
10,13,1,0,,,,0.37883332,0.0,0.0,0.0,689.95
10,14,1,0,,,,0.3165,0.0,0.0,0.0,648.48
10,15,1,0,,,,0.33981666,0.0,0.0,0.0,516.37
10,16,1,0,,,,0.39186665,0.0,0.0,0.0,225.79
10,17,1,0,,,,0.68696666,0.0,0.0,0.0,173.69
10,18,1,0,,,,0.59008336,0.0,0.0,0.0,3.33
10,19,1,0,,,,0.9417667,0.0,0.0,0.0,0.0
10,20,1,0,,,,1.4308667,0.0,0.0,0.0,0.0
10,21,1,0,,,,0.95711666,0.0,0.0,0.0,0.0
10,22,1,0,,,,0.43365,0.0,0.0,0.0,0.0
10,23,1,0,,,,0.43188334,0.0,0.0,0.0,0.0
10,24,1,0,,,,0.4281,0.0,0.0,0.0,0.0
10,1,2,0,,,,0.52951664,0.0,0.0,0.0,0.0
10,2,2,0,,,,0.42863333,0.0,0.0,0.0,0.0
10,3,2,0,,,,0.42601666,0.0,0.0,0.0,0.0
10,4,2,0,,,,0.43931666,0.0,0.0,0.0,0.0
10,5,2,0,,,,0.53491664,0.0,0.0,0.0,0.0
10,6,2,0,,,,0.59956664,0.0,0.0,0.0,0.0
10,7,2,0,,,,0.37345,0.0,0.0,0.0,0.0
10,8,2,0,,,,0.34295,0.0,0.0,0.0,9.35
10,9,2,0,,,,0.33908334,0.0,0.0,0.0,48.36
10,10,2,0,,,,0.3366,0.0,0.0,0.0,131.92
10,11,2,0,,,,0.34888333,0.0,0.0,0.0,135.9
10,12,2,0,,,,0.32126668,0.0,0.0,0.0,157.64
10,13,2,0,,,,0.36485,0.0,0.0,0.0,285.53
10,14,2,0,,,,0.35103333,0.0,0.0,0.0,249.81
10,15,2,0,,,,0.35153332,0.0,0.0,0.0,153.11
10,16,2,0,,,,0.39373332,0.0,0.0,0.0,48.65
10,17,2,0,,,,0.9127167,0.0,0.0,0.0,23.33
10,18,2,0,,,,0.5826,0.0,0.0,0.0,0.0
10,19,2,0,,,,0.7065167,0.0,0.0,0.0,0.0
10,20,2,0,,,,0.7836,0.0,0.0,0.0,0.0
10,21,2,0,,,,0.4015,0.0,0.0,0.0,0.0
10,22,2,0,,,,0.38706666,0.0,0.0,0.0,0.0
10,23,2,0,,,,0.37383333,0.0,0.0,0.0,0.0
10,24,2,0,,,,0.37596667,0.0,0.0,0.0,0.0
10,1,3,0,,,,0.39601666,0.0,0.0,0.0,0.0
10,2,3,0,,,,0.3973,0.0,0.0,0.0,0.0
10,3,3,0,,,,0.3697,0.0,0.0,0.0,0.0
10,4,3,0,,,,0.40833333,0.0,0.0,0.0,0.0
10,5,3,0,,,,0.6415333,0.0,0.0,0.0,0.0
10,6,3,0,,,,0.9127333,0.0,0.0,0.0,0.0
10,7,3,0,,,,0.36358333,0.0,0.0,0.0,0.0
10,8,3,0,,,,0.34835,0.0,0.0,0.0,6.97
10,9,3,0,,,,0.37365,0.0,0.0,0.0,88.99
10,10,3,0,,,,0.35443333,0.0,0.0,0.0,214.96
10,11,3,0,,,,0.34376666,0.0,0.0,0.0,228.66
10,12,3,0,,,,0.35193333,0.0,0.0,0.0,184.34
10,13,3,0,,,,0.37428334,0.0,0.0,0.0,115.39
10,14,3,0,,,,0.33218333,0.0,0.0,0.0,188.08
10,15,3,0,,,,0.34815,0.0,0.0,0.0,42.57
10,16,3,0,,,,0.36106667,0.0,0.0,0.0,81.2
10,17,3,0,,,,0.58605,0.0,0.0,0.0,78.79
10,18,3,0,,,,0.93325,0.0,0.0,0.0,0.0
10,19,3,0,,,,0.7576333,0.0,0.0,0.0,0.0
10,20,3,0,,,,0.9162833,0.0,0.0,0.0,0.0
10,21,3,0,,,,0.40156665,0.0,0.0,0.0,0.0
10,22,3,0,,,,0.38518333,0.0,0.0,0.0,0.0
10,23,3,0,,,,0.37576666,0.0,0.0,0.0,0.0
10,24,3,0,,,,0.37319165,0.0,0.0,0.0,0.0
10,1,4,0,,,,0.3974,0.0,0.0,0.0,0.0
10,2,4,0,,,,0.381,0.0,0.0,0.0,0.0
10,3,4,0,,,,0.37278333,0.0,0.0,0.0,0.0
10,4,4,0,,,,0.40206668,0.0,0.0,0.0,0.0
10,5,4,0,,,,0.4327,0.0,0.0,0.0,0.0
10,6,4,0,,,,0.60165,0.0,0.0,0.0,0.0
10,7,4,0,,,,0.34406668,0.0,0.0,0.0,0.0
10,8,4,0,,,,0.37131667,0.0,0.0,0.0,49.62
10,9,4,0,,,,0.36481667,0.0,0.0,0.0,59.34
10,10,4,0,,,,0.35513332,0.0,0.0,0.0,295.7
10,11,4,0,,,,0.34418333,0.0,0.0,0.0,435.19
10,12,4,0,,,,0.36391667,0.0,0.0,0.0,385.39
10,13,4,0,,,,0.35705,0.0,0.0,0.0,458.96
10,14,4,0,,,,0.33453333,0.0,0.0,0.0,66.45
10,15,4,0,,,,0.2838,0.0,0.0,0.0,48.39
10,16,4,0,,,,1.38155,0.0,0.0,0.0,130.51
10,17,4,0,,,,1.0869666,0.0,0.0,0.0,56.86
10,18,4,0,,,,0.46866667,0.0,0.0,0.0,0.0
10,19,4,0,,,,1.6072333,0.0,0.0,0.0,0.0
10,20,4,0,,,,1.9516667,0.0,0.0,0.0,0.0
10,21,4,0,,,,0.50415,0.0,0.0,0.0,0.0
10,22,4,0,,,,0.6614,0.0,0.0,0.0,0.0
10,23,4,0,,,,0.9843,0.0,0.0,0.0,0.0
10,24,4,0,,,,0.37784168,0.0,0.0,0.0,0.0
10,1,5,0,,,,0.39095,0.0,0.0,0.0,0.0
10,2,5,0,,,,0.38065,0.0,0.0,0.0,0.0
10,3,5,0,,,,0.9019667,0.0,0.0,0.0,0.0
10,4,5,0,,,,0.36833334,0.0,0.0,0.0,0.0
10,5,5,0,,,,0.71181667,0.0,0.0,0.0,0.0
10,6,5,0,,,,0.6430333,0.0,0.0,0.0,0.0
10,7,5,0,,,,0.30313334,0.0,0.0,0.0,0.0
10,8,5,0,,,,0.33601665,0.0,0.0,0.0,146.36
10,9,5,0,,,,0.31606665,0.0,0.0,0.0,398.4
10,10,5,0,,,,0.30151665,0.0,0.0,0.0,576.24
10,11,5,0,,,,0.3232,0.0,0.0,0.0,567.32
10,12,5,0,,,,0.31103334,0.0,0.0,0.0,298.56
10,13,5,0,,,,0.30725,0.0,0.0,0.0,87.98
10,14,5,0,,,,0.28381667,0.0,0.0,0.0,105.09
10,15,5,0,,,,0.30773333,0.0,0.0,0.0,21.1
10,16,5,0,,,,2.3542833,0.0,0.0,0.0,80.85
10,17,5,0,,,,1.7571167,0.0,0.0,0.0,22.54
10,18,5,0,,,,0.74198335,0.0,0.0,0.0,0.0
10,19,5,0,,,,1.1388667,0.0,0.0,0.0,0.0
10,20,5,0,,,,0.9744667,0.0,0.0,0.0,0.0
10,21,5,0,,,,2.21295,0.0,0.0,0.0,0.0
10,22,5,0,,,,0.39856666,0.0,0.0,0.0,0.0
10,23,5,0,,,,0.38115,0.0,0.0,0.0,0.0
10,24,5,0,,,,0.3869,0.0,0.0,0.0,0.0
10,1,6,0,,,,0.3683,0.0,0.0,0.0,0.0
10,2,6,0,,,,0.38805,0.0,0.0,0.0,0.0
10,3,6,0,,,,0.37534165,0.0,0.0,0.0,0.0
10,4,6,0,,,,0.38530833,0.0,0.0,0.0,0.0
10,5,6,0,,,,0.37975,0.0,0.0,0.0,0.0
10,6,6,0,,,,0.32501668,0.0,0.0,0.0,0.0
10,7,6,0,,,,1.2790667,0.0,0.0,0.0,0.0
10,8,6,0,,,,2.3141668,0.0,0.0,0.0,158.22
10,9,6,0,,,,2.0177166,0.0,0.0,0.0,379.61
10,10,6,0,,,,2.0605667,0.0,0.0,0.0,584.66
10,11,6,0,,,,1.9607834,0.0,0.0,0.0,692.53
10,12,6,0,,,,1.9120834,0.0,0.0,0.0,739.81
10,13,6,0,,,,2.1127334,0.0,0.0,0.0,731.03
10,14,6,0,,,,2.4983833,0.0,0.0,0.0,646.85
10,15,6,0,,,,2.0585666,0.0,0.0,0.0,429.2
10,16,6,0,,,,1.3904,0.0,0.0,0.0,180.71
10,17,6,0,,,,1.2449334,0.0,0.0,0.0,52.06
10,18,6,0,,,,0.45565,0.0,0.0,0.0,0.0
10,19,6,0,,,,0.4843,0.0,0.0,0.0,0.0
10,20,6,0,,,,1.16005,0.0,0.0,0.0,0.0
10,21,6,0,,,,1.1367667,0.0,0.0,0.0,0.0
10,22,6,0,,,,0.41008332,0.0,0.0,0.0,0.0
10,23,6,0,,,,0.4121,0.0,0.0,0.0,0.0
10,24,6,0,,,,0.41475,0.0,0.0,0.0,0.0
10,1,7,0,,,,0.97426665,0.0,0.0,0.0,0.0
10,2,7,0,,,,0.42296666,0.0,0.0,0.0,0.0
10,3,7,0,,,,0.51301664,0.0,0.0,0.0,0.0
10,4,7,0,,,,0.428,0.0,0.0,0.0,0.0
10,5,7,0,,,,0.4275,0.0,0.0,0.0,0.0
10,6,7,0,,,,0.4133,0.0,0.0,0.0,0.0
10,7,7,0,,,,0.37296668,0.0,0.0,0.0,0.0
10,8,7,0,,,,0.5856,0.0,0.0,0.0,9.46
10,9,7,0,,,,1.1131333,0.0,0.0,0.0,20.25
10,10,7,0,,,,1.6682333,0.0,0.0,0.0,42.59
10,11,7,0,,,,0.30286667,0.0,0.0,0.0,74.0
10,12,7,0,,,,0.2895,0.0,0.0,0.0,260.71
10,13,7,0,,,,0.29405,0.0,0.0,0.0,157.12
10,14,7,0,,,,0.28745,0.0,0.0,0.0,252.93
10,15,7,0,,,,0.26555,0.0,0.0,0.0,176.64
10,16,7,0,,,,0.26563334,0.0,0.0,0.0,147.17
10,17,7,0,,,,0.28625,0.0,0.0,0.0,188.94
10,18,7,0,,,,0.6131333,0.0,0.0,0.0,0.0
10,19,7,0,,,,4.0364,0.0,0.0,0.0,0.0
10,20,7,0,,,,3.1083834,0.0,0.0,0.0,0.0
10,21,7,0,,,,1.2544833,0.0,0.0,0.0,0.0
10,22,7,0,,,,0.9533167,0.0,0.0,0.0,0.0
10,23,7,0,,,,0.6911333,0.0,0.0,0.0,0.0
10,24,7,0,,,,0.68305,0.0,0.0,0.0,0.0
10,1,1,0,,,,0.41783333,0.0,0.0,0.0,0.0
10,2,1,0,,,,0.42256665,0.0,0.0,0.0,0.0
10,3,1,0,,,,0.38695,0.0,0.0,0.0,0.0
10,4,1,0,,,,0.36188334,0.0,0.0,0.0,0.0
10,5,1,0,,,,0.36533332,0.0,0.0,0.0,0.0
10,6,1,0,,,,0.52611667,0.0,0.0,0.0,0.0
10,7,1,0,,,,0.31946668,0.0,0.0,0.0,0.0
10,8,1,0,,,,0.30584165,0.0,0.0,0.0,44.1
10,9,1,0,,,,0.29113334,0.0,0.0,0.0,210.86
10,10,1,0,,,,0.29483333,0.0,0.0,0.0,318.61
10,11,1,0,,,,0.29258335,0.0,0.0,0.0,67.27
10,12,1,0,,,,0.29705,0.0,0.0,0.0,138.7
10,13,1,0,,,,0.27623335,0.0,0.0,0.0,575.54
10,14,1,0,,,,0.2794,0.0,0.0,0.0,439.51
10,15,1,0,,,,0.27371666,0.0,0.0,0.0,206.71
10,16,1,0,,,,0.29075,0.0,0.0,0.0,222.25
10,17,1,0,,,,0.27775,0.0,0.0,0.0,70.73
10,18,1,0,,,,0.73355,0.0,0.0,0.0,0.0
10,19,1,0,,,,3.9467666,0.0,0.0,0.0,0.0
10,20,1,0,,,,1.5571834,0.0,0.0,0.0,0.0
10,21,1,0,,,,0.39535,0.0,0.0,0.0,0.0
10,22,1,0,,,,0.9317167,0.0,0.0,0.0,0.0
10,23,1,0,,,,0.3835,0.0,0.0,0.0,0.0
10,24,1,0,,,,0.34146667,0.0,0.0,0.0,0.0
10,1,2,0,,,,1.1098334,0.0,0.0,0.0,0.0
10,2,2,0,,,,0.36655,0.0,0.0,0.0,0.0
10,3,2,0,,,,0.41698334,0.0,0.0,0.0,0.0
10,4,2,0,,,,0.38441667,0.0,0.0,0.0,0.0
10,5,2,0,,,,0.61731666,0.0,0.0,0.0,0.0
10,6,2,0,,,,1.1508167,0.0,0.0,0.0,0.0
10,7,2,0,,,,0.5733167,0.0,0.0,0.0,0.0
10,8,2,0,,,,0.58888334,0.0,0.0,0.0,52.18
10,9,2,0,,,,0.5864,0.0,0.0,0.0,358.0
10,10,2,0,,,,0.57206666,0.0,0.0,0.0,523.13
10,11,2,0,,,,0.56088334,0.0,0.0,0.0,174.33
10,12,2,0,,,,0.5836833,0.0,0.0,0.0,285.71
10,13,2,0,,,,0.56341666,0.0,0.0,0.0,600.93
10,14,2,0,,,,0.5292,0.0,0.0,0.0,64.25
10,15,2,0,,,,0.6004,0.0,0.0,0.0,118.4
10,16,2,0,,,,0.9866667,0.0,0.0,0.0,220.51
10,17,2,0,,,,0.3584,0.0,0.0,0.0,121.62
10,18,2,0,,,,0.3526,0.0,0.0,0.0,0.0
10,19,2,0,,,,0.40903333,0.0,0.0,0.0,0.0
10,20,2,0,,,,2.5118666,0.0,0.0,0.0,0.0
10,21,2,0,,,,0.92841667,0.0,0.0,0.0,0.0
10,22,2,0,,,,0.76098335,0.0,0.0,0.0,0.0
10,23,2,0,,,,0.39295,0.0,0.0,0.0,0.0
10,24,2,0,,,,0.4029,0.0,0.0,0.0,0.0
10,1,3,0,,,,0.3798,0.0,0.0,0.0,0.0
10,2,3,0,,,,0.3839,0.0,0.0,0.0,0.0
10,3,3,0,,,,0.40176666,0.0,0.0,0.0,0.0
10,4,3,0,,,,0.41528332,0.0,0.0,0.0,0.0
10,5,3,0,,,,0.43083334,0.0,0.0,0.0,0.0
10,6,3,0,,,,0.6182333,0.0,0.0,0.0,0.0
10,7,3,0,,,,0.90391666,0.0,0.0,0.0,0.0
10,8,3,0,,,,0.408,0.0,0.0,0.0,36.23
10,9,3,0,,,,0.34248334,0.0,0.0,0.0,148.28
10,10,3,0,,,,0.31871668,0.0,0.0,0.0,435.32
10,11,3,0,,,,0.34203333,0.0,0.0,0.0,315.93
10,12,3,0,,,,0.34848332,0.0,0.0,0.0,335.89
10,13,3,0,,,,0.32336667,0.0,0.0,0.0,308.81
10,14,3,0,,,,0.31746668,0.0,0.0,0.0,154.6
10,15,3,0,,,,0.5399333,0.0,0.0,0.0,209.12
10,16,3,0,,,,0.41681665,0.0,0.0,0.0,134.05
10,17,3,0,,,,0.35036665,0.0,0.0,0.0,103.7
10,18,3,0,,,,0.32856667,0.0,0.0,0.0,0.0
10,19,3,0,,,,0.52501667,0.0,0.0,0.0,0.0
10,20,3,0,,,,0.93495,0.0,0.0,0.0,0.0
10,21,3,0,,,,0.40656668,0.0,0.0,0.0,0.0
10,22,3,0,,,,0.38036665,0.0,0.0,0.0,0.0
10,23,3,0,,,,0.3729,0.0,0.0,0.0,0.0
10,24,3,0,,,,0.37481666,0.0,0.0,0.0,0.0
10,1,4,0,,,,0.5039833,0.0,0.0,0.0,0.0
10,2,4,0,,,,0.4089,0.0,0.0,0.0,0.0
10,3,4,0,,,,0.395325,0.0,0.0,0.0,0.0
10,4,4,0,,,,0.37221667,0.0,0.0,0.0,0.0
10,5,4,0,,,,0.6639,0.0,0.0,0.0,0.0
10,6,4,0,,,,0.9389333,0.0,0.0,0.0,0.0
10,7,4,0,,,,0.35226667,0.0,0.0,0.0,0.0
10,8,4,0,,,,0.3609,0.0,0.0,0.0,114.19
10,9,4,0,,,,0.36851665,0.0,0.0,0.0,350.64
10,10,4,0,,,,0.34966666,0.0,0.0,0.0,517.64
10,11,4,0,,,,0.3401,0.0,0.0,0.0,621.55
10,12,4,0,,,,0.36266667,0.0,0.0,0.0,695.28
10,13,4,0,,,,0.35933334,0.0,0.0,0.0,635.82
10,14,4,0,,,,0.35355,0.0,0.0,0.0,598.71
10,15,4,0,,,,0.39531666,0.0,0.0,0.0,454.11
10,16,4,0,,,,0.39526665,0.0,0.0,0.0,315.62
10,17,4,0,,,,0.33675,0.0,0.0,0.0,114.08
10,18,4,0,,,,0.34063333,0.0,0.0,0.0,0.0
10,19,4,0,,,,1.2813166,0.0,0.0,0.0,0.0
10,20,4,0,,,,1.2134334,0.0,0.0,0.0,0.0
10,21,4,0,,,,0.38646665,0.0,0.0,0.0,0.0
10,22,4,0,,,,0.36491665,0.0,0.0,0.0,0.0
10,23,4,0,,,,0.39055,0.0,0.0,0.0,0.0
10,24,4,0,,,,0.37731665,0.0,0.0,0.0,0.0
10,1,5,0,,,,0.40006667,0.0,0.0,0.0,0.0
10,2,5,0,,,,0.38068333,0.0,0.0,0.0,0.0
10,3,5,0,,,,0.43538332,0.0,0.0,0.0,0.0
10,4,5,0,,,,0.38038334,0.0,0.0,0.0,0.0
10,5,5,0,,,,0.3998,0.0,0.0,0.0,0.0
10,6,5,0,,,,0.40691668,0.0,0.0,0.0,0.0
10,7,5,0,,,,0.31731668,0.0,0.0,0.0,0.0
10,8,5,0,,,,0.34165,0.0,0.0,0.0,102.87
10,9,5,0,,,,0.34096667,0.0,0.0,0.0,341.51
10,10,5,0,,,,0.32645,0.0,0.0,0.0,512.26
10,11,5,0,,,,0.32326666,0.0,0.0,0.0,616.88
10,12,5,0,,,,0.35623333,0.0,0.0,0.0,689.12
10,13,5,0,,,,0.32566667,0.0,0.0,0.0,667.51
10,14,5,0,,,,0.2964,0.0,0.0,0.0,614.15
10,15,5,0,,,,0.28496668,0.0,0.0,0.0,439.55
10,16,5,0,,,,0.316,0.0,0.0,0.0,334.67
10,17,5,0,,,,0.52095,0.0,0.0,0.0,113.82
10,18,5,0,,,,0.97943336,0.0,0.0,0.0,0.0
10,19,5,0,,,,0.43613333,0.0,0.0,0.0,0.0
10,20,5,0,,,,0.45705,0.0,0.0,0.0,0.0
10,21,5,0,,,,0.40948334,0.0,0.0,0.0,0.0
10,22,5,0,,,,0.36015,0.0,0.0,0.0,0.0
10,23,5,0,,,,0.35596666,0.0,0.0,0.0,0.0
10,24,5,0,,,,0.36573333,0.0,0.0,0.0,0.0
10,1,6,0,,,,0.36196667,0.0,0.0,0.0,0.0
10,2,6,0,,,,0.3528,0.0,0.0,0.0,0.0
10,3,6,0,,,,0.37945,0.0,0.0,0.0,0.0
10,4,6,0,,,,0.42801666,0.0,0.0,0.0,0.0
10,5,6,0,,,,0.41688332,0.0,0.0,0.0,0.0
10,6,6,0,,,,0.37003332,0.0,0.0,0.0,0.0
10,7,6,0,,,,0.5420167,0.0,0.0,0.0,0.0
10,8,6,0,,,,0.7657667,0.0,0.0,0.0,85.12
10,9,6,0,,,,1.22525,0.0,0.0,0.0,320.97
10,10,6,0,,,,1.0754167,0.0,0.0,0.0,482.42
10,11,6,0,,,,0.9281333,0.0,0.0,0.0,587.74
10,12,6,0,,,,1.07775,0.0,0.0,0.0,646.51
10,13,6,0,,,,1.5487167,0.0,0.0,0.0,634.19
10,14,6,0,,,,1.09065,0.0,0.0,0.0,571.79
10,15,6,0,,,,1.0613667,0.0,0.0,0.0,411.3
10,16,6,0,,,,0.94265,0.0,0.0,0.0,298.94
10,17,6,0,,,,0.99685,0.0,0.0,0.0,62.23
10,18,6,0,,,,0.41348332,0.0,0.0,0.0,0.0
10,19,6,0,,,,0.36155,0.0,0.0,0.0,0.0
10,20,6,0,,,,0.36008334,0.0,0.0,0.0,0.0
10,21,6,0,,,,0.48788333,0.0,0.0,0.0,0.0
10,22,6,0,,,,0.4885,0.0,0.0,0.0,0.0
10,23,6,0,,,,0.48253334,0.0,0.0,0.0,0.0
10,24,6,0,,,,0.47316667,0.0,0.0,0.0,0.0
10,1,7,0,,,,0.47395,0.0,0.0,0.0,0.0
10,2,7,0,,,,0.46778333,0.0,0.0,0.0,0.0
10,3,7,0,,,,0.48446667,0.0,0.0,0.0,0.0
10,4,7,0,,,,0.48276666,0.0,0.0,0.0,0.0
10,5,7,0,,,,0.4714,0.0,0.0,0.0,0.0
10,6,7,0,,,,0.48158333,0.0,0.0,0.0,0.0
10,7,7,0,,,,0.4721,0.0,0.0,0.0,0.0
10,8,7,0,,,,0.7701833,0.0,0.0,0.0,16.68
10,9,7,0,,,,1.2401333,0.0,0.0,0.0,148.64
10,10,7,0,,,,0.77845,0.0,0.0,0.0,393.03
10,11,7,0,,,,0.40528333,0.0,0.0,0.0,642.48
10,12,7,0,,,,0.3894,0.0,0.0,0.0,706.35
10,13,7,0,,,,0.39663333,0.0,0.0,0.0,680.5
10,14,7,0,,,,0.38295,0.0,0.0,0.0,617.35
10,15,7,0,,,,0.37058333,0.0,0.0,0.0,434.6
10,16,7,0,,,,0.34448335,0.0,0.0,0.0,312.34
10,17,7,0,,,,0.3271,0.0,0.0,0.0,99.86
10,18,7,0,,,,0.38775,0.0,0.0,0.0,0.0
10,19,7,0,,,,0.75985,0.0,0.0,0.0,0.0
10,20,7,0,,,,1.2901833,0.0,0.0,0.0,0.0
10,21,7,0,,,,0.8699667,0.0,0.0,0.0,0.0
10,22,7,0,,,,0.5430167,0.0,0.0,0.0,0.0
10,23,7,0,,,,0.44718334,0.0,0.0,0.0,0.0
10,24,7,0,,,,0.40741667,0.0,0.0,0.0,0.0
10,1,1,0,,,,0.41526666,0.0,0.0,0.0,0.0
10,2,1,0,,,,0.41455,0.0,0.0,0.0,0.0
10,3,1,0,,,,0.39501667,0.0,0.0,0.0,0.0
10,4,1,0,,,,0.40406665,0.0,0.0,0.0,0.0
10,5,1,0,,,,0.73833334,0.0,0.0,0.0,0.0
10,6,1,0,,,,1.2668166,0.0,0.0,0.0,0.0
10,7,1,0,,,,0.43528333,0.0,0.0,0.0,0.0
10,8,1,0,,,,0.35478333,0.0,0.0,0.0,89.3
10,9,1,0,,,,0.355,0.0,0.0,0.0,330.58
10,10,1,0,,,,0.34203333,0.0,0.0,0.0,498.77
10,11,1,0,,,,0.34943333,0.0,0.0,0.0,617.88
10,12,1,0,,,,0.36586666,0.0,0.0,0.0,683.31
10,13,1,0,,,,0.36224583,0.0,0.0,0.0,656.88
10,14,1,0,,,,0.34555,0.0,0.0,0.0,600.06
10,15,1,0,,,,0.3487,0.0,0.0,0.0,448.02
10,16,1,0,,,,0.4041,0.0,0.0,0.0,321.02
10,17,1,0,,,,0.5772833,0.0,0.0,0.0,88.25
10,18,1,0,,,,1.0172,0.0,0.0,0.0,0.0
10,19,1,0,,,,1.0090667,0.0,0.0,0.0,0.0
10,20,1,0,,,,0.74076664,0.0,0.0,0.0,0.0
10,21,1,0,,,,0.9109667,0.0,0.0,0.0,0.0
10,22,1,0,,,,0.39566666,0.0,0.0,0.0,0.0
10,23,1,0,,,,0.39608333,0.0,0.0,0.0,0.0
10,24,1,0,,,,0.39188334,0.0,0.0,0.0,0.0
10,1,2,0,,,,0.3267,0.0,0.0,0.0,0.0
10,2,2,0,,,,0.31873333,0.0,0.0,0.0,0.0
10,3,2,0,,,,0.31773335,0.0,0.0,0.0,0.0
10,4,2,0,,,,0.31321666,0.0,0.0,0.0,0.0
10,5,2,0,,,,0.3501,0.0,0.0,0.0,0.0
10,6,2,0,,,,0.67365,0.0,0.0,0.0,0.0
10,7,2,0,,,,0.43246666,0.0,0.0,0.0,0.0
10,8,2,0,,,,0.7817,0.0,0.0,0.0,84.71
10,9,2,0,,,,0.39766666,0.0,0.0,0.0,322.43
10,10,2,0,,,,0.2524,0.0,0.0,0.0,487.72
10,11,2,0,,,,0.24893333,0.0,0.0,0.0,605.1
10,12,2,0,,,,0.26011667,0.0,0.0,0.0,656.0
10,13,2,0,,,,0.2491,0.0,0.0,0.0,637.9
10,14,2,0,,,,0.2196,0.0,0.0,0.0,589.97
10,15,2,0,,,,0.22788334,0.0,0.0,0.0,464.19
10,16,2,0,,,,0.5507333,0.0,0.0,0.0,321.8
10,17,2,0,,,,0.50198334,0.0,0.0,0.0,83.01
10,18,2,0,,,,1.06035,0.0,0.0,0.0,0.0
10,19,2,0,,,,1.0491166,0.0,0.0,0.0,0.0
10,20,2,0,,,,0.95945,0.0,0.0,0.0,0.0
10,21,2,0,,,,0.77466667,0.0,0.0,0.0,0.0
10,22,2,0,,,,0.31758332,0.0,0.0,0.0,0.0
10,23,2,0,,,,0.32318333,0.0,0.0,0.0,0.0
10,24,2,0,,,,0.32095,0.0,0.0,0.0,0.0
10,1,3,0,,,,0.30935,0.0,0.0,0.0,0.0
10,2,3,0,,,,0.30536667,0.0,0.0,0.0,0.0
10,3,3,0,,,,0.30658334,0.0,0.0,0.0,0.0
10,4,3,0,,,,0.3346,0.0,0.0,0.0,0.0
10,5,3,0,,,,0.68293333,0.0,0.0,0.0,0.0
10,6,3,0,,,,0.9962,0.0,0.0,0.0,0.0
10,7,3,0,,,,0.26808333,0.0,0.0,0.0,0.0
10,8,3,0,,,,0.23948333,0.0,0.0,0.0,46.59
10,9,3,0,,,,0.25086668,0.0,0.0,0.0,259.5
10,10,3,0,,,,0.22355,0.0,0.0,0.0,450.24
10,11,3,0,,,,0.22531667,0.0,0.0,0.0,578.9
10,12,3,0,,,,0.22976667,0.0,0.0,0.0,638.69
10,13,3,0,,,,0.22633334,0.0,0.0,0.0,643.3
10,14,3,0,,,,0.19416666,0.0,0.0,0.0,594.41
10,15,3,0,,,,0.54153335,0.0,0.0,0.0,490.18
10,16,3,0,,,,0.8441833,0.0,0.0,0.0,304.12
10,17,3,0,,,,0.50481665,0.0,0.0,0.0,79.36
10,18,3,0,,,,0.55396664,0.0,0.0,0.0,0.0
10,19,3,0,,,,0.67576665,0.0,0.0,0.0,0.0
10,20,3,0,,,,0.73221666,0.0,0.0,0.0,0.0
10,21,3,0,,,,0.328,0.0,0.0,0.0,0.0
10,22,3,0,,,,0.28485,0.0,0.0,0.0,0.0
10,23,3,0,,,,0.26858333,0.0,0.0,0.0,0.0
10,24,3,0,,,,0.959575,0.0,0.0,0.0,0.0
10,1,4,0,,,,0.24433333,0.0,0.0,0.0,0.0
10,2,4,0,,,,0.23388334,0.0,0.0,0.0,0.0
10,3,4,0,,,,0.22308333,0.0,0.0,0.0,0.0
10,4,4,0,,,,0.25261667,0.0,0.0,0.0,0.0
10,5,4,0,,,,0.32376668,0.0,0.0,0.0,0.0
10,6,4,0,,,,0.45296666,0.0,0.0,0.0,0.0
10,7,4,0,,,,0.22925,0.0,0.0,0.0,0.0
10,8,4,0,,,,0.98215,0.0,0.0,0.0,51.33
10,9,4,0,,,,0.2138,0.0,0.0,0.0,126.78
10,10,4,0,,,,0.93151665,0.0,0.0,0.0,482.24
10,11,4,0,,,,0.22186667,0.0,0.0,0.0,591.97
10,12,4,0,,,,0.6884,0.0,0.0,0.0,653.12
10,13,4,0,,,,0.58905,0.0,0.0,0.0,650.32
10,14,4,0,,,,1.2259834,0.0,0.0,0.0,597.65
10,15,4,0,,,,0.3348,0.0,0.0,0.0,483.27
10,16,4,0,,,,1.0898666,0.0,0.0,0.0,313.17
10,17,4,0,,,,0.378,0.0,0.0,0.0,70.85
10,18,4,0,,,,0.5050167,0.0,0.0,0.0,0.0
10,19,4,0,,,,0.6295,0.0,0.0,0.0,0.0
10,20,4,0,,,,1.4048667,0.0,0.0,0.0,0.0
10,21,4,0,,,,0.24265,0.0,0.0,0.0,0.0
10,22,4,0,,,,0.22988333,0.0,0.0,0.0,0.0
10,23,4,0,,,,0.91095,0.0,0.0,0.0,0.0
10,24,4,0,,,,0.27125,0.0,0.0,0.0,0.0
10,1,5,0,,,,0.27661666,0.0,0.0,0.0,0.0
10,2,5,0,,,,0.27226666,0.0,0.0,0.0,0.0
10,3,5,0,,,,0.9418833,0.0,0.0,0.0,0.0
10,4,5,0,,,,0.2794,0.0,0.0,0.0,0.0
10,5,5,0,,,,0.52071667,0.0,0.0,0.0,0.0
10,6,5,0,,,,0.81175,0.0,0.0,0.0,0.0
10,7,5,0,,,,0.36481667,0.0,0.0,0.0,0.0
10,8,5,0,,,,0.21708333,0.0,0.0,0.0,6.32
10,9,5,0,,,,0.22256666,0.0,0.0,0.0,54.81
10,10,5,0,,,,0.19308333,0.0,0.0,0.0,102.13
10,11,5,0,,,,0.1986,0.0,0.0,0.0,124.42
10,12,5,0,,,,0.19615,0.0,0.0,0.0,108.67
10,13,5,0,,,,0.19116667,0.0,0.0,0.0,124.74
10,14,5,0,,,,0.19891667,0.0,0.0,0.0,193.63
10,15,5,0,,,,1.3926667,0.0,0.0,0.0,209.19
10,16,5,0,,,,1.7266166,0.0,0.0,0.0,295.68
10,17,5,0,,,,3.0103333,0.0,0.0,0.0,79.64
10,18,5,0,,,,1.7701167,0.0,0.0,0.0,0.0
10,19,5,0,,,,1.2893833,0.0,0.0,0.0,0.0
10,20,5,0,,,,1.1861167,0.0,0.0,0.0,0.0
10,21,5,0,,,,1.1636833,0.0,0.0,0.0,0.0
10,22,5,0,,,,0.25585,0.0,0.0,0.0,0.0
10,23,5,0,,,,0.24798334,0.0,0.0,0.0,0.0
10,24,5,0,,,,0.22341667,0.0,0.0,0.0,0.0
10,1,6,0,,,,0.2494,0.0,0.0,0.0,0.0
10,2,6,0,,,,0.25013334,0.0,0.0,0.0,0.0
10,3,6,0,,,,0.22466667,0.0,0.0,0.0,0.0
10,4,6,0,,,,0.25111666,0.0,0.0,0.0,0.0
10,5,6,0,,,,0.55903333,0.0,0.0,0.0,0.0
10,6,6,0,,,,0.24861667,0.0,0.0,0.0,0.0
10,7,6,0,,,,0.42581666,0.0,0.0,0.0,0.0
10,8,6,0,,,,0.59898335,0.0,0.0,0.0,5.21
10,9,6,0,,,,0.7951,0.0,0.0,0.0,87.74
10,10,6,0,,,,1.8388166,0.0,0.0,0.0,103.69
10,11,6,0,,,,2.6871667,0.0,0.0,0.0,310.13
10,12,6,0,,,,3.6901,0.0,0.0,0.0,490.44
10,13,6,0,,,,2.2083166,0.0,0.0,0.0,517.11
10,14,6,0,,,,3.9277167,0.0,0.0,0.0,540.17
10,15,6,0,,,,2.0269666,0.0,0.0,0.0,405.7
10,16,6,0,,,,1.7858334,0.0,0.0,0.0,230.77
10,17,6,0,,,,2.099,0.0,0.0,0.0,60.4
10,18,6,0,,,,0.79258335,0.0,0.0,0.0,0.0
10,19,6,0,,,,1.3711166,0.0,0.0,0.0,0.0
10,20,6,0,,,,2.93135,0.0,0.0,0.0,0.0
10,21,6,0,,,,1.7246333,0.0,0.0,0.0,0.0
10,22,6,0,,,,0.8856,0.0,0.0,0.0,0.0
10,23,6,0,,,,0.64165,0.0,0.0,0.0,0.0
10,24,6,0,,,,0.88800836,0.0,0.0,0.0,0.0
10,1,7,0,,,,1.2683166,0.0,0.0,0.0,0.0
10,2,7,0,,,,0.74645,0.0,0.0,0.0,0.0
10,3,7,0,,,,0.29141667,0.0,0.0,0.0,0.0
10,4,7,0,,,,0.7985167,0.0,0.0,0.0,0.0
10,5,7,0,,,,0.4057,0.0,0.0,0.0,0.0
10,6,7,0,,,,0.30361667,0.0,0.0,0.0,0.0
10,7,7,0,,,,0.79925,0.0,0.0,0.0,0.0
10,8,7,0,,,,0.5546333,0.0,0.0,0.0,0.0
10,9,7,0,,,,0.25601667,0.0,0.0,0.0,87.77
10,10,7,0,,,,0.21723333,0.0,0.0,0.0,174.81
10,11,7,0,,,,0.60845,0.0,0.0,0.0,297.31
10,12,7,0,,,,0.23010834,0.0,0.0,0.0,267.16
10,13,7,0,,,,1.0896833,0.0,0.0,0.0,494.24
10,14,7,0,,,,1.2792,0.0,0.0,0.0,440.26
10,15,7,0,,,,1.1607,0.0,0.0,0.0,254.45
10,16,7,0,,,,1.5069333,0.0,0.0,0.0,210.98
10,17,7,0,,,,0.7647667,0.0,0.0,0.0,39.83
10,18,7,0,,,,0.82566667,0.0,0.0,0.0,0.0
10,19,7,0,,,,2.2491667,0.0,0.0,0.0,0.0
10,20,7,0,,,,1.6384667,0.0,0.0,0.0,0.0
10,21,7,0,,,,0.84235,0.0,0.0,0.0,0.0
10,22,7,0,,,,0.7798833,0.0,0.0,0.0,0.0
10,23,7,0,,,,0.38403332,0.0,0.0,0.0,0.0
10,24,7,0,,,,0.3546,0.0,0.0,0.0,0.0
10,1,1,0,,,,0.3291,0.0,0.0,0.0,0.0
10,2,1,0,,,,0.3007,0.0,0.0,0.0,0.0
10,3,1,0,,,,0.33833334,0.0,0.0,0.0,0.0
10,4,1,0,,,,0.30128333,0.0,0.0,0.0,0.0
10,5,1,0,,,,0.57525,0.0,0.0,0.0,0.0
10,6,1,0,,,,0.94481665,0.0,0.0,0.0,0.0
10,7,1,0,,,,0.27483332,0.0,0.0,0.0,0.0
10,8,1,0,,,,0.26498333,0.0,0.0,0.0,4.61
10,9,1,0,,,,0.27523333,0.0,0.0,0.0,52.73
10,10,1,0,,,,0.26218334,0.0,0.0,0.0,131.84
10,11,1,0,,,,0.25058332,0.0,0.0,0.0,174.64
10,12,1,0,,,,0.28028333,0.0,0.0,0.0,136.33
10,13,1,0,,,,0.23565,0.0,0.0,0.0,144.82
10,14,1,0,,,,0.23193334,0.0,0.0,0.0,227.13
10,15,1,0,,,,0.2286,0.0,0.0,0.0,216.12
10,16,1,0,,,,0.22945,0.0,0.0,0.0,74.71
10,17,1,0,,,,0.63261664,0.0,0.0,0.0,5.05
10,18,1,0,,,,0.5083167,0.0,0.0,0.0,0.0
10,19,1,0,,,,0.65115,0.0,0.0,0.0,0.0
10,20,1,0,,,,2.7931166,0.0,0.0,0.0,0.0
10,21,1,0,,,,0.8464,0.0,0.0,0.0,0.0
10,22,1,0,,,,0.3792,0.0,0.0,0.0,0.0
10,23,1,0,,,,0.34271666,0.0,0.0,0.0,0.0
10,24,1,0,,,,0.34988335,0.0,0.0,0.0,0.0
10,1,2,0,,,,0.36078334,0.0,0.0,0.0,0.0
10,2,2,0,,,,0.36023334,0.0,0.0,0.0,0.0
10,3,2,0,,,,0.3422,0.0,0.0,0.0,0.0
10,4,2,0,,,,0.34781668,0.0,0.0,0.0,0.0
10,5,2,0,,,,0.35861668,0.0,0.0,0.0,0.0
10,6,2,0,,,,0.54406667,0.0,0.0,0.0,0.0
10,7,2,0,,,,0.22475,0.0,0.0,0.0,0.0
10,8,2,0,,,,0.24446666,0.0,0.0,0.0,0.69
10,9,2,0,,,,0.24776667,0.0,0.0,0.0,34.14
10,10,2,0,,,,0.24118334,0.0,0.0,0.0,63.18
10,11,2,0,,,,0.23851667,0.0,0.0,0.0,77.86
10,12,2,0,,,,0.25385,0.0,0.0,0.0,55.1
10,13,2,0,,,,0.25093332,0.0,0.0,0.0,55.01
10,14,2,0,,,,0.23776667,0.0,0.0,0.0,41.29
10,15,2,0,,,,0.26605,0.0,0.0,0.0,23.76
10,16,2,0,,,,0.8897667,0.0,0.0,0.0,14.87
10,17,2,0,,,,1.2133167,0.0,0.0,0.0,0.87
10,18,2,0,,,,1.11455,0.0,0.0,0.0,0.0
10,19,2,0,,,,1.1552666,0.0,0.0,0.0,0.0
10,20,2,0,,,,0.9723333,0.0,0.0,0.0,0.0
10,21,2,0,,,,0.84971666,0.0,0.0,0.0,0.0
10,22,2,0,,,,0.42805,0.0,0.0,0.0,0.0
10,23,2,0,,,,0.32791665,0.0,0.0,0.0,0.0
10,24,2,0,,,,0.30466667,0.0,0.0,0.0,0.0
10,1,3,0,,,,0.26943332,0.0,0.0,0.0,0.0
10,2,3,0,,,,0.28626665,0.0,0.0,0.0,0.0
10,3,3,0,,,,0.29913333,0.0,0.0,0.0,0.0
10,4,3,0,,,,0.28933334,0.0,0.0,0.0,0.0
10,5,3,0,,,,0.59365,0.0,0.0,0.0,0.0
10,6,3,0,,,,1.0399166,0.0,0.0,0.0,0.0
10,7,3,0,,,,0.43973333,0.0,0.0,0.0,0.0
10,8,3,0,,,,0.43651667,0.0,0.0,0.0,0.33
10,9,3,0,,,,0.45156667,0.0,0.0,0.0,31.49
10,10,3,0,,,,0.4444,0.0,0.0,0.0,68.72
10,11,3,0,,,,0.47205,0.0,0.0,0.0,98.06
10,12,3,0,,,,0.45708334,0.0,0.0,0.0,48.44
10,13,3,0,,,,0.43586665,0.0,0.0,0.0,126.24
10,14,3,0,,,,0.39673334,0.0,0.0,0.0,188.5
10,15,3,0,,,,0.40451667,0.0,0.0,0.0,27.39
10,16,3,0,,,,0.43068334,0.0,0.0,0.0,12.28
10,17,3,0,,,,0.5873333,0.0,0.0,0.0,4.51
10,18,3,0,,,,0.47511667,0.0,0.0,0.0,0.0
10,19,3,0,,,,0.5139,0.0,0.0,0.0,0.0
10,20,3,0,,,,2.4586167,0.0,0.0,0.0,0.0
10,21,3,0,,,,0.678,0.0,0.0,0.0,0.0
10,22,3,0,,,,0.2599,0.0,0.0,0.0,0.0
10,23,3,0,,,,0.26663333,0.0,0.0,0.0,0.0
10,24,3,0,,,,0.312625,0.0,0.0,0.0,0.0
10,1,4,0,,,,0.27618334,0.0,0.0,0.0,0.0
10,2,4,0,,,,0.2649,0.0,0.0,0.0,0.0
10,3,4,0,,,,0.4522,0.0,0.0,0.0,0.0
10,4,4,0,,,,0.3097,0.0,0.0,0.0,0.0
10,5,4,0,,,,0.2813,0.0,0.0,0.0,0.0
10,6,4,0,,,,0.39853334,0.0,0.0,0.0,0.0
10,7,4,0,,,,0.2768,0.0,0.0,0.0,0.0
10,8,4,0,,,,0.25751665,0.0,0.0,0.0,1.56
10,9,4,0,,,,0.24316667,0.0,0.0,0.0,39.94
10,10,4,0,,,,0.2514,0.0,0.0,0.0,90.43
10,11,4,0,,,,0.26128334,0.0,0.0,0.0,125.52
10,12,4,0,,,,0.25796667,0.0,0.0,0.0,237.18
10,13,4,0,,,,0.24611667,0.0,0.0,0.0,564.47
10,14,4,0,,,,0.24531667,0.0,0.0,0.0,579.4
10,15,4,0,,,,0.2543,0.0,0.0,0.0,479.66
10,16,4,0,,,,0.622,0.0,0.0,0.0,277.11
10,17,4,0,,,,0.56658334,0.0,0.0,0.0,8.25
10,18,4,0,,,,0.5175833,0.0,0.0,0.0,0.0
10,19,4,0,,,,0.38453335,0.0,0.0,0.0,0.0
10,20,4,0,,,,0.42596668,0.0,0.0,0.0,0.0
10,21,4,0,,,,1.0262667,0.0,0.0,0.0,0.0
10,22,4,0,,,,0.8071333,0.0,0.0,0.0,0.0
10,23,4,0,,,,0.45158333,0.0,0.0,0.0,0.0
10,24,4,0,,,,0.24994166,0.0,0.0,0.0,0.0
10,1,5,0,,,,0.251,0.0,0.0,0.0,0.0
10,2,5,0,,,,0.29126668,0.0,0.0,0.0,0.0
10,3,5,0,,,,0.31098333,0.0,0.0,0.0,0.0
10,4,5,0,,,,0.31568334,0.0,0.0,0.0,0.0
10,5,5,0,,,,0.5322833,0.0,0.0,0.0,0.0
10,6,5,0,,,,0.72653335,0.0,0.0,0.0,0.0
10,7,5,0,,,,0.3216,0.0,0.0,0.0,0.0
10,8,5,0,,,,0.30288333,0.0,0.0,0.0,0.0
10,9,5,0,,,,0.48183334,0.0,0.0,0.0,18.41
10,10,5,0,,,,0.65101665,0.0,0.0,0.0,70.06
10,11,5,0,,,,0.70231664,0.0,0.0,0.0,110.36
10,12,5,0,,,,0.46061668,0.0,0.0,0.0,39.34
10,13,5,0,,,,0.86935,0.0,0.0,0.0,18.38
10,14,5,0,,,,0.61625,0.0,0.0,0.0,40.2
10,15,5,0,,,,0.35333332,0.0,0.0,0.0,32.06
10,16,5,0,,,,0.49301666,0.0,0.0,0.0,17.13
10,17,5,0,,,,0.48163334,0.0,0.0,0.0,0.18
10,18,5,0,,,,0.44081667,0.0,0.0,0.0,0.0
10,19,5,0,,,,0.47748333,0.0,0.0,0.0,0.0
10,20,5,0,,,,0.5635833,0.0,0.0,0.0,0.0
10,21,5,0,,,,0.41953334,0.0,0.0,0.0,0.0
10,22,5,0,,,,0.34315,0.0,0.0,0.0,0.0
10,23,5,0,,,,0.42293334,0.0,0.0,0.0,0.0
10,24,5,0,,,,0.341125,0.0,0.0,0.0,0.0
10,1,6,0,,,,0.33465,0.0,0.0,0.0,0.0
10,2,6,0,,,,0.33418334,0.0,0.0,0.0,0.0
10,3,6,0,,,,0.3392,0.0,0.0,0.0,0.0
10,4,6,0,,,,0.3345,0.0,0.0,0.0,0.0
10,5,6,0,,,,0.33461666,0.0,0.0,0.0,0.0
10,6,6,0,,,,0.481,0.0,0.0,0.0,0.0
10,7,6,0,,,,0.51065,0.0,0.0,0.0,0.0
10,8,6,0,,,,0.74083334,0.0,0.0,0.0,20.2
10,9,6,0,,,,0.63865,0.0,0.0,0.0,271.07
10,10,6,0,,,,0.51835,0.0,0.0,0.0,449.5
10,11,6,0,,,,0.73565,0.0,0.0,0.0,197.89
10,12,6,0,,,,0.464,0.0,0.0,0.0,256.09
10,13,6,0,,,,0.5038,0.0,0.0,0.0,631.42
10,14,6,0,,,,0.4708,0.0,0.0,0.0,79.35
10,15,6,0,,,,0.4177,0.0,0.0,0.0,179.73
10,16,6,0,,,,0.27288333,0.0,0.0,0.0,170.74
10,17,6,0,,,,0.42551666,0.0,0.0,0.0,6.78
10,18,6,0,,,,0.8164667,0.0,0.0,0.0,0.0
10,19,6,0,,,,0.7722333,0.0,0.0,0.0,0.0
10,20,6,0,,,,0.7812,0.0,0.0,0.0,0.0
10,21,6,0,,,,1.6103166,0.0,0.0,0.0,0.0
10,22,6,0,,,,0.4192,0.0,0.0,0.0,0.0
10,23,6,0,,,,0.30546665,0.0,0.0,0.0,0.0
10,24,6,0,,,,0.7572917,0.0,0.0,0.0,0.0
10,1,7,0,,,,0.29631665,0.0,0.0,0.0,0.0
10,2,7,0,,,,0.29923335,0.0,0.0,0.0,0.0
10,3,7,0,,,,0.9849667,0.0,0.0,0.0,0.0
10,4,7,0,,,,0.29266667,0.0,0.0,0.0,0.0
10,5,7,0,,,,0.27501667,0.0,0.0,0.0,0.0
10,6,7,0,,,,0.28033334,0.0,0.0,0.0,0.0
10,7,7,0,,,,0.26165,0.0,0.0,0.0,0.0
10,8,7,0,,,,0.5901667,0.0,0.0,0.0,21.06
10,9,7,0,,,,1.2785,0.0,0.0,0.0,302.22
10,10,7,0,,,,0.92901665,0.0,0.0,0.0,134.21
10,11,7,0,,,,0.90786666,0.0,0.0,0.0,259.65
10,12,7,0,,,,0.6860667,0.0,0.0,0.0,74.77
10,13,7,0,,,,0.6242667,0.0,0.0,0.0,628.21
10,14,7,0,,,,0.26313335,0.0,0.0,0.0,615.04
10,15,7,0,,,,0.9705833,0.0,0.0,0.0,478.08
10,16,7,0,,,,1.1623666,0.0,0.0,0.0,279.61
10,17,7,0,,,,1.0289667,0.0,0.0,0.0,5.3
10,18,7,0,,,,1.02785,0.0,0.0,0.0,0.0
10,19,7,0,,,,1.0341834,0.0,0.0,0.0,0.0
10,20,7,0,,,,2.1143668,0.0,0.0,0.0,0.0
10,21,7,0,,,,1.3036333,0.0,0.0,0.0,0.0
10,22,7,0,,,,0.4366,0.0,0.0,0.0,0.0
10,23,7,0,,,,0.3677,0.0,0.0,0.0,0.0
10,24,7,0,,,,0.36406666,0.0,0.0,0.0,0.0
10,1,1,0,,,,0.36228332,0.0,0.0,0.0,0.0
10,2,1,0,,,,0.32916668,0.0,0.0,0.0,0.0
10,3,1,0,,,,0.31746668,0.0,0.0,0.0,0.0
10,4,1,0,,,,0.33245,0.0,0.0,0.0,0.0
10,5,1,0,,,,0.28238332,0.0,0.0,0.0,0.0
10,6,1,0,,,,0.28061667,0.0,0.0,0.0,0.0
10,7,1,0,,,,0.33066666,0.0,0.0,0.0,0.0
10,8,1,0,,,,0.55163336,0.0,0.0,0.0,0.0
10,9,1,0,,,,0.58525,0.0,0.0,0.0,78.81
10,10,1,0,,,,0.36246666,0.0,0.0,0.0,470.04
10,11,1,0,,,,0.25753334,0.0,0.0,0.0,566.17
10,12,1,0,,,,0.26293334,0.0,0.0,0.0,631.42
10,13,1,0,,,,0.26916668,0.0,0.0,0.0,57.98
10,14,1,0,,,,0.26748332,0.0,0.0,0.0,48.35
10,15,1,0,,,,0.25361666,0.0,0.0,0.0,29.67
10,16,1,0,,,,0.26303333,0.0,0.0,0.0,89.8
10,17,1,0,,,,0.25803334,0.0,0.0,0.0,0.23
10,18,1,0,,,,0.2688,0.0,0.0,0.0,0.0
10,19,1,0,,,,0.267,0.0,0.0,0.0,0.0
10,20,1,0,,,,0.25976667,0.0,0.0,0.0,0.0
10,21,1,0,,,,0.25531667,0.0,0.0,0.0,0.0
10,22,1,0,,,,0.26923335,0.0,0.0,0.0,0.0
10,23,1,0,,,,0.275,0.0,0.0,0.0,0.0
10,24,1,0,,,,0.26085,0.0,0.0,0.0,0.0
11,1,2,0,,,,0.25321665,0.0,0.0,0.0,0.0
11,2,2,0,,,,0.26443332,0.0,0.0,0.0,0.0
11,3,2,0,,,,0.27515,0.0,0.0,0.0,0.0
11,4,2,0,,,,0.26258335,0.0,0.0,0.0,0.0
11,5,2,0,,,,0.2484,0.0,0.0,0.0,0.0
11,6,2,0,,,,0.26495,0.0,0.0,0.0,0.0
11,7,2,0,,,,0.274,0.0,0.0,0.0,0.0
11,8,2,0,,,,0.25128335,0.0,0.0,0.0,10.91
11,9,2,0,,,,0.25073335,0.0,0.0,0.0,273.17
11,10,2,0,,,,0.41116667,0.0,0.0,0.0,481.86
11,11,2,0,,,,0.43736666,0.0,0.0,0.0,592.95
11,12,2,0,,,,0.24293333,0.0,0.0,0.0,202.49
11,13,2,0,,,,0.26173332,0.0,0.0,0.0,270.32
11,14,2,0,,,,0.27373335,0.0,0.0,0.0,191.32
11,15,2,0,,,,0.25108334,0.0,0.0,0.0,395.21
11,16,2,0,,,,0.25578332,0.0,0.0,0.0,192.22
11,17,2,0,,,,0.54553336,0.0,0.0,0.0,1.82
11,18,2,0,,,,1.0433667,0.0,0.0,0.0,0.0
11,19,2,0,,,,0.8318833,0.0,0.0,0.0,0.0
11,20,2,0,,,,0.8132833,0.0,0.0,0.0,0.0
11,21,2,0,,,,0.74048334,0.0,0.0,0.0,0.0
11,22,2,0,,,,0.36418334,0.0,0.0,0.0,0.0
11,23,2,0,,,,0.30761668,0.0,0.0,0.0,0.0
11,24,2,0,,,,0.32096666,0.0,0.0,0.0,0.0
11,1,3,0,,,,0.3078,0.0,0.0,0.0,0.0
11,2,3,0,,,,0.29628333,0.0,0.0,0.0,0.0
11,3,3,0,,,,0.31581667,0.0,0.0,0.0,0.0
11,4,3,0,,,,0.3215,0.0,0.0,0.0,0.0
11,5,3,0,,,,0.34615,0.0,0.0,0.0,0.0
11,6,3,0,,,,0.5571667,0.0,0.0,0.0,0.0
11,7,3,0,,,,0.4353,0.0,0.0,0.0,0.0
11,8,3,0,,,,0.44381666,0.0,0.0,0.0,0.0
11,9,3,0,,,,0.45768332,0.0,0.0,0.0,88.85
11,10,3,0,,,,0.43521667,0.0,0.0,0.0,286.82
11,11,3,0,,,,0.43725,0.0,0.0,0.0,463.1
11,12,3,0,,,,0.43861666,0.0,0.0,0.0,431.49
11,13,3,0,,,,0.43845,0.0,0.0,0.0,419.72
11,14,3,0,,,,0.44001666,0.0,0.0,0.0,503.96
11,15,3,0,,,,0.42493334,0.0,0.0,0.0,343.88
11,16,3,0,,,,0.42526665,0.0,0.0,0.0,97.3
11,17,3,0,,,,0.47543332,0.0,0.0,0.0,0.0
11,18,3,0,,,,1.107,0.0,0.0,0.0,0.0
11,19,3,0,,,,1.0353667,0.0,0.0,0.0,0.0
11,20,3,0,,,,0.94406664,0.0,0.0,0.0,0.0
11,21,3,0,,,,0.5347667,0.0,0.0,0.0,0.0
11,22,3,0,,,,0.35435,0.0,0.0,0.0,0.0
11,23,3,0,,,,0.32048333,0.0,0.0,0.0,0.0
11,24,3,0,,,,0.2909,0.0,0.0,0.0,0.0
11,1,4,0,,,,0.28731668,0.0,0.0,0.0,0.0
11,2,4,0,,,,0.28183332,0.0,0.0,0.0,0.0
11,3,4,0,,,,0.27575,0.0,0.0,0.0,0.0
11,4,4,0,,,,0.30751666,0.0,0.0,0.0,0.0
11,5,4,0,,,,0.59636664,0.0,0.0,0.0,0.0
11,6,4,0,,,,0.97148335,0.0,0.0,0.0,0.0
11,7,4,0,,,,0.3684,0.0,0.0,0.0,0.0
11,8,4,0,,,,0.24701667,0.0,0.0,0.0,0.0
11,9,4,0,,,,0.2429,0.0,0.0,0.0,11.99
11,10,4,0,,,,0.22383334,0.0,0.0,0.0,52.69
11,11,4,0,,,,0.22673333,0.0,0.0,0.0,40.99
11,12,4,0,,,,0.24005,0.0,0.0,0.0,40.13
11,13,4,0,,,,0.23045,0.0,0.0,0.0,59.53
11,14,4,0,,,,0.20838334,0.0,0.0,0.0,40.67
11,15,4,0,,,,0.24329583,0.0,0.0,0.0,15.81
11,16,4,0,,,,1.0545167,0.0,0.0,0.0,64.26
11,17,4,0,,,,0.28265,0.0,0.0,0.0,0.0
11,18,4,0,,,,0.78685,0.0,0.0,0.0,0.0
11,19,4,0,,,,1.0561833,0.0,0.0,0.0,0.0
11,20,4,0,,,,1.2485666,0.0,0.0,0.0,0.0
11,21,4,0,,,,0.91103333,0.0,0.0,0.0,0.0
11,22,4,0,,,,0.40865,0.0,0.0,0.0,0.0
11,23,4,0,,,,0.43376666,0.0,0.0,0.0,0.0
11,24,4,0,,,,0.42110834,0.0,0.0,0.0,0.0
11,1,5,0,,,,0.52,0.0,0.0,0.0,0.0
11,2,5,0,,,,0.4257,0.0,0.0,0.0,0.0
11,3,5,0,,,,0.3669,0.0,0.0,0.0,0.0
11,4,5,0,,,,0.38563332,0.0,0.0,0.0,0.0
11,5,5,0,,,,0.38958332,0.0,0.0,0.0,0.0
11,6,5,0,,,,0.6331,0.0,0.0,0.0,0.0
11,7,5,0,,,,0.7039,0.0,0.0,0.0,0.0
11,8,5,0,,,,0.38133332,0.0,0.0,0.0,0.0
11,9,5,0,,,,0.37975,0.0,0.0,0.0,60.92
11,10,5,0,,,,0.35206667,0.0,0.0,0.0,15.03
11,11,5,0,,,,0.36711666,0.0,0.0,0.0,70.98
11,12,5,0,,,,0.32088333,0.0,0.0,0.0,68.2
11,13,5,0,,,,0.323,0.0,0.0,0.0,87.32
11,14,5,0,,,,0.31688333,0.0,0.0,0.0,66.1
11,15,5,0,,,,0.30968332,0.0,0.0,0.0,142.97
11,16,5,0,,,,0.303,0.0,0.0,0.0,78.83
11,17,5,0,,,,0.32543334,0.0,0.0,0.0,0.0
11,18,5,0,,,,0.3261,0.0,0.0,0.0,0.0
11,19,5,0,,,,0.3241,0.0,0.0,0.0,0.0
11,20,5,0,,,,0.33131668,0.0,0.0,0.0,0.0
11,21,5,0,,,,0.33915,0.0,0.0,0.0,0.0
11,22,5,0,,,,0.38233334,0.0,0.0,0.0,0.0
11,23,5,0,,,,0.36875,0.0,0.0,0.0,0.0
11,24,5,0,,,,0.367675,0.0,0.0,0.0,0.0
11,1,6,0,,,,0.36536667,0.0,0.0,0.0,0.0
11,2,6,0,,,,0.37396666,0.0,0.0,0.0,0.0
11,3,6,0,,,,0.37678334,0.0,0.0,0.0,0.0
11,4,6,0,,,,0.38366666,0.0,0.0,0.0,0.0
11,5,6,0,,,,0.38118333,0.0,0.0,0.0,0.0
11,6,6,0,,,,0.37878335,0.0,0.0,0.0,0.0
11,7,6,0,,,,0.38171667,0.0,0.0,0.0,0.0
11,8,6,0,,,,0.38063332,0.0,0.0,0.0,0.0
11,9,6,0,,,,0.36856666,0.0,0.0,0.0,92.5
11,10,6,0,,,,0.36238334,0.0,0.0,0.0,430.35
11,11,6,0,,,,0.41156667,0.0,0.0,0.0,535.39
11,12,6,0,,,,0.6009667,0.0,0.0,0.0,538.59
11,13,6,0,,,,0.34228334,0.0,0.0,0.0,620.93
11,14,6,0,,,,0.31031665,0.0,0.0,0.0,557.96
11,15,6,0,,,,0.32128334,0.0,0.0,0.0,424.6
11,16,6,0,,,,0.4406,0.0,0.0,0.0,222.81
11,17,6,0,,,,0.54665,0.0,0.0,0.0,0.0
11,18,6,0,,,,0.56453335,0.0,0.0,0.0,0.0
11,19,6,0,,,,0.52166665,0.0,0.0,0.0,0.0
11,20,6,0,,,,0.65915,0.0,0.0,0.0,0.0
11,21,6,0,,,,0.87551665,0.0,0.0,0.0,0.0
11,22,6,0,,,,0.63626665,0.0,0.0,0.0,0.0
11,23,6,0,,,,0.42381668,0.0,0.0,0.0,0.0
11,24,6,0,,,,0.4345,0.0,0.0,0.0,0.0
11,1,7,0,,,,0.43246666,0.0,0.0,0.0,0.0
11,2,7,0,,,,0.40743333,0.0,0.0,0.0,0.0
11,3,7,0,,,,0.34013334,0.0,0.0,0.0,0.0
11,4,7,0,,,,0.48633334,0.0,0.0,0.0,0.0
11,5,7,0,,,,0.38943332,0.0,0.0,0.0,0.0
11,6,7,0,,,,0.2936,0.0,0.0,0.0,0.0
11,7,7,0,,,,0.44911668,0.0,0.0,0.0,0.0
11,8,7,0,,,,0.80043334,0.0,0.0,0.0,0.0
11,9,7,0,,,,0.9278833,0.0,0.0,0.0,68.12
11,10,7,0,,,,0.54796666,0.0,0.0,0.0,191.29
11,11,7,0,,,,0.49706668,0.0,0.0,0.0,333.95
11,12,7,0,,,,0.49796668,0.0,0.0,0.0,187.93
11,13,7,0,,,,0.50236666,0.0,0.0,0.0,426.45
11,14,7,0,,,,0.46563333,0.0,0.0,0.0,172.47
11,15,7,0,,,,0.6070167,0.0,0.0,0.0,75.09
11,16,7,0,,,,0.5681667,0.0,0.0,0.0,177.33
11,17,7,0,,,,0.65945,0.0,0.0,0.0,0.0
11,18,7,0,,,,0.91585,0.0,0.0,0.0,0.0
11,19,7,0,,,,0.80805,0.0,0.0,0.0,0.0
11,20,7,0,,,,0.81056666,0.0,0.0,0.0,0.0
11,21,7,0,,,,0.38865,0.0,0.0,0.0,0.0
11,22,7,0,,,,0.41668335,0.0,0.0,0.0,0.0
11,23,7,0,,,,0.39338332,0.0,0.0,0.0,0.0
11,24,7,0,,,,0.3989,0.0,0.0,0.0,0.0
11,1,1,0,,,,0.40588334,0.0,0.0,0.0,0.0
11,2,1,0,,,,0.3938,0.0,0.0,0.0,0.0
11,3,1,0,,,,0.38065,0.0,0.0,0.0,0.0
11,4,1,0,,,,0.4186,0.0,0.0,0.0,0.0
11,5,1,0,,,,0.64591664,0.0,0.0,0.0,0.0
11,6,1,0,,,,0.93881667,0.0,0.0,0.0,0.0
11,7,1,0,,,,0.34791666,0.0,0.0,0.0,0.0
11,8,1,0,,,,0.34571666,0.0,0.0,0.0,0.0
11,9,1,0,,,,0.35161668,0.0,0.0,0.0,3.62
11,10,1,0,,,,0.34028333,0.0,0.0,0.0,18.85
11,11,1,0,,,,0.32651666,0.0,0.0,0.0,54.79
11,12,1,0,,,,0.33088332,0.0,0.0,0.0,56.95
11,13,1,0,,,,0.30296665,0.0,0.0,0.0,99.47
11,14,1,0,,,,0.27295,0.0,0.0,0.0,84.35
11,15,1,0,,,,0.29913333,0.0,0.0,0.0,38.31
11,16,1,0,,,,0.6160167,0.0,0.0,0.0,6.89
11,17,1,0,,,,0.6964833,0.0,0.0,0.0,0.0
11,18,1,0,,,,0.45131665,0.0,0.0,0.0,0.0
11,19,1,0,,,,1.3787,0.0,0.0,0.0,0.0
11,20,1,0,,,,1.0309666,0.0,0.0,0.0,0.0
11,21,1,0,,,,0.77863336,0.0,0.0,0.0,0.0
11,22,1,0,,,,0.34926668,0.0,0.0,0.0,0.0
11,23,1,0,,,,0.36226666,0.0,0.0,0.0,0.0
11,24,1,0,,,,0.35151666,0.0,0.0,0.0,0.0
11,1,2,0,,,,1.45595,0.0,0.0,0.0,0.0
11,2,2,0,,,,0.9346167,0.0,0.0,0.0,0.0
11,3,2,0,,,,0.36055,0.0,0.0,0.0,0.0
11,4,2,0,,,,0.37708333,0.0,0.0,0.0,0.0
11,5,2,0,,,,0.3929,0.0,0.0,0.0,0.0
11,6,2,0,,,,0.93785,0.0,0.0,0.0,0.0
11,7,2,0,,,,0.92476666,0.0,0.0,0.0,0.0
11,8,2,0,,,,1.1515334,0.0,0.0,0.0,0.0
11,9,2,0,,,,0.32836667,0.0,0.0,0.0,79.91
11,10,2,0,,,,1.1638666,0.0,0.0,0.0,52.54
11,11,2,0,,,,1.2114834,0.0,0.0,0.0,185.68
11,12,2,0,,,,0.69586664,0.0,0.0,0.0,87.27
11,13,2,0,,,,0.84216666,0.0,0.0,0.0,50.99
11,14,2,0,,,,1.32145,0.0,0.0,0.0,34.17
11,15,2,0,,,,1.3077333,0.0,0.0,0.0,49.98
11,16,2,0,,,,0.2789,0.0,0.0,0.0,2.96
11,17,2,0,,,,1.2664334,0.0,0.0,0.0,0.0
11,18,2,0,,,,0.80003333,0.0,0.0,0.0,0.0
11,19,2,0,,,,1.57595,0.0,0.0,0.0,0.0
11,20,2,0,,,,2.5660167,0.0,0.0,0.0,0.0
11,21,2,0,,,,0.98896664,0.0,0.0,0.0,0.0
11,22,2,0,,,,0.41143334,0.0,0.0,0.0,0.0
11,23,2,0,,,,1.00285,0.0,0.0,0.0,0.0
11,24,2,0,,,,0.33665833,0.0,0.0,0.0,0.0
11,1,3,0,,,,0.31375,0.0,0.0,0.0,0.0
11,2,3,0,,,,0.317,0.0,0.0,0.0,0.0
11,3,3,0,,,,0.334,0.0,0.0,0.0,0.0
11,4,3,0,,,,0.34518334,0.0,0.0,0.0,0.0
11,5,3,0,,,,0.60331666,0.0,0.0,0.0,0.0
11,6,3,0,,,,0.6365333,0.0,0.0,0.0,0.0
11,7,3,0,,,,0.31166667,0.0,0.0,0.0,0.0
11,8,3,0,,,,0.30718333,0.0,0.0,0.0,0.0
11,9,3,0,,,,0.2835,0.0,0.0,0.0,1.54
11,10,3,0,,,,0.30783334,0.0,0.0,0.0,11.13
11,11,3,0,,,,0.27735,0.0,0.0,0.0,98.26
11,12,3,0,,,,0.29543334,0.0,0.0,0.0,66.94
11,13,3,0,,,,0.27308333,0.0,0.0,0.0,49.67
11,14,3,0,,,,0.272825,0.0,0.0,0.0,28.71
11,15,3,0,,,,0.299925,0.0,0.0,0.0,54.08
11,16,3,0,,,,0.3118,0.0,0.0,0.0,61.02
11,17,3,0,,,,1.21205,0.0,0.0,0.0,0.0
11,18,3,0,,,,3.9389334,0.0,0.0,0.0,0.0
11,19,3,0,,,,3.4374666,0.0,0.0,0.0,0.0
11,20,3,0,,,,2.5350833,0.0,0.0,0.0,0.0
11,21,3,0,,,,1.39325,0.0,0.0,0.0,0.0
11,22,3,0,,,,1.0361333,0.0,0.0,0.0,0.0
11,23,3,0,,,,0.9270833,0.0,0.0,0.0,0.0
11,24,3,0,,,,0.37323335,0.0,0.0,0.0,0.0
11,1,4,0,,,,0.7258,0.0,0.0,0.0,0.0
11,2,4,0,,,,0.34275,0.0,0.0,0.0,0.0
11,3,4,0,,,,0.42801666,0.0,0.0,0.0,0.0
11,4,4,0,,,,1.1593167,0.0,0.0,0.0,0.0
11,5,4,0,,,,0.7948667,0.0,0.0,0.0,0.0
11,6,4,0,,,,0.40955,0.0,0.0,0.0,0.0
11,7,4,0,,,,0.3081,0.0,0.0,0.0,0.0
11,8,4,0,,,,0.29198334,0.0,0.0,0.0,0.0
11,9,4,0,,,,0.29046667,0.0,0.0,0.0,2.48
11,10,4,0,,,,0.31703332,0.0,0.0,0.0,28.53
11,11,4,0,,,,0.28891668,0.0,0.0,0.0,46.5
11,12,4,0,,,,0.29788333,0.0,0.0,0.0,30.56
11,13,4,0,,,,0.30583334,0.0,0.0,0.0,25.4
11,14,4,0,,,,0.27246666,0.0,0.0,0.0,37.77
11,15,4,0,,,,0.33545,0.0,0.0,0.0,93.35
11,16,4,0,,,,0.30128333,0.0,0.0,0.0,30.6
11,17,4,0,,,,0.30803335,0.0,0.0,0.0,0.0
11,18,4,0,,,,0.30275,0.0,0.0,0.0,0.0
11,19,4,0,,,,0.29438335,0.0,0.0,0.0,0.0
11,20,4,0,,,,0.29048333,0.0,0.0,0.0,0.0
11,21,4,0,,,,0.29908332,0.0,0.0,0.0,0.0
11,22,4,0,,,,0.30278334,0.0,0.0,0.0,0.0
11,23,4,0,,,,0.31776667,0.0,0.0,0.0,0.0
11,24,4,0,,,,0.29415,0.0,0.0,0.0,0.0
11,1,5,0,,,,0.3008,0.0,0.0,0.0,0.0
11,2,5,0,,,,0.29385,0.0,0.0,0.0,0.0
11,3,5,0,,,,0.30525,0.0,0.0,0.0,0.0
11,4,5,0,,,,0.31693333,0.0,0.0,0.0,0.0
11,5,5,0,,,,0.30376667,0.0,0.0,0.0,0.0
11,6,5,0,,,,0.28233334,0.0,0.0,0.0,0.0
11,7,5,0,,,,0.29563335,0.0,0.0,0.0,0.0
11,8,5,0,,,,0.30963334,0.0,0.0,0.0,0.0
11,9,5,0,,,,0.3015,0.0,0.0,0.0,24.51
11,10,5,0,,,,0.5559833,0.0,0.0,0.0,15.88
11,11,5,0,,,,0.31615,0.0,0.0,0.0,15.86
11,12,5,0,,,,0.2863,0.0,0.0,0.0,41.23
11,13,5,0,,,,0.29483333,0.0,0.0,0.0,13.74
11,14,5,0,,,,0.27608332,0.0,0.0,0.0,110.97
11,15,5,0,,,,0.299,0.0,0.0,0.0,119.86
11,16,5,0,,,,0.29221666,0.0,0.0,0.0,155.34
11,17,5,0,,,,0.29873332,0.0,0.0,0.0,0.0
11,18,5,0,,,,0.29648334,0.0,0.0,0.0,0.0
11,19,5,0,,,,0.30296665,0.0,0.0,0.0,0.0
11,20,5,0,,,,0.31195,0.0,0.0,0.0,0.0
11,21,5,0,,,,0.3006,0.0,0.0,0.0,0.0
11,22,5,0,,,,0.29076666,0.0,0.0,0.0,0.0
11,23,5,0,,,,0.29641667,0.0,0.0,0.0,0.0
11,24,5,0,,,,0.30788332,0.0,0.0,0.0,0.0
11,1,6,0,,,,0.31823334,0.0,0.0,0.0,0.0
11,2,6,0,,,,0.30405,0.0,0.0,0.0,0.0
11,3,6,0,,,,0.3077,0.0,0.0,0.0,0.0
11,4,6,0,,,,0.29991665,0.0,0.0,0.0,0.0
11,5,6,0,,,,0.30973333,0.0,0.0,0.0,0.0
11,6,6,0,,,,0.26438335,0.0,0.0,0.0,0.0
11,7,6,0,,,,0.29651666,0.0,0.0,0.0,0.0
11,8,6,0,,,,0.29153332,0.0,0.0,0.0,0.0
11,9,6,0,,,,0.31043333,0.0,0.0,0.0,111.97
11,10,6,0,,,,0.33223334,0.0,0.0,0.0,278.12
11,11,6,0,,,,0.37558332,0.0,0.0,0.0,392.32
11,12,6,0,,,,0.30025,0.0,0.0,0.0,557.0
11,13,6,0,,,,0.30518332,0.0,0.0,0.0,404.09
11,14,6,0,,,,0.29695,0.0,0.0,0.0,338.47
11,15,6,0,,,,0.28853333,0.0,0.0,0.0,295.0
11,16,6,0,,,,0.2889,0.0,0.0,0.0,101.39
11,17,6,0,,,,0.41598332,0.0,0.0,0.0,0.0
11,18,6,0,,,,0.5567333,0.0,0.0,0.0,0.0
11,19,6,0,,,,0.47366667,0.0,0.0,0.0,0.0
11,20,6,0,,,,0.8462833,0.0,0.0,0.0,0.0
11,21,6,0,,,,0.86615,0.0,0.0,0.0,0.0
11,22,6,0,,,,0.48881668,0.0,0.0,0.0,0.0
11,23,6,0,,,,0.53795,0.0,0.0,0.0,0.0
11,24,6,0,,,,0.45519167,0.0,0.0,0.0,0.0
11,1,7,0,,,,0.38455,0.0,0.0,0.0,0.0
11,2,7,0,,,,0.39418334,0.0,0.0,0.0,0.0
11,3,7,0,,,,0.37215,0.0,0.0,0.0,0.0
11,4,7,0,,,,0.38991666,0.0,0.0,0.0,0.0
11,5,7,0,,,,0.38008332,0.0,0.0,0.0,0.0
11,6,7,0,,,,0.3608,0.0,0.0,0.0,0.0
11,7,7,0,,,,0.323,0.0,0.0,0.0,0.0
11,8,7,0,,,,0.51278335,0.0,0.0,0.0,0.0
11,9,7,0,,,,0.8554,0.0,0.0,0.0,5.73
11,10,7,0,,,,0.67045,0.0,0.0,0.0,41.52
11,11,7,0,,,,0.6127833,0.0,0.0,0.0,74.45
11,12,7,0,,,,0.5621833,0.0,0.0,0.0,84.52
11,13,7,0,,,,0.6196167,0.0,0.0,0.0,124.12
11,14,7,0,,,,0.41711667,0.0,0.0,0.0,138.95
11,15,7,0,,,,0.38243333,0.0,0.0,0.0,51.06
11,16,7,0,,,,0.29295,0.0,0.0,0.0,12.36
11,17,7,0,,,,0.28121668,0.0,0.0,0.0,0.0
11,18,7,0,,,,0.58486664,0.0,0.0,0.0,0.0
11,19,7,0,,,,0.6684833,0.0,0.0,0.0,0.0
11,20,7,0,,,,0.9611,0.0,0.0,0.0,0.0
11,21,7,0,,,,1.51655,0.0,0.0,0.0,0.0
11,22,7,0,,,,0.38775,0.0,0.0,0.0,0.0
11,23,7,0,,,,0.9231167,0.0,0.0,0.0,0.0
11,24,7,0,,,,0.371425,0.0,0.0,0.0,0.0
11,1,1,0,,,,0.39021668,0.0,0.0,0.0,0.0
11,2,1,0,,,,0.37526667,0.0,0.0,0.0,0.0
11,3,1,0,,,,0.37543333,0.0,0.0,0.0,0.0
11,4,1,0,,,,0.39053333,0.0,0.0,0.0,0.0
11,5,1,0,,,,0.55008334,0.0,0.0,0.0,0.0
11,6,1,0,,,,0.76021665,0.0,0.0,0.0,0.0
11,7,1,0,,,,0.38961667,0.0,0.0,0.0,0.0
11,8,1,0,,,,0.36588332,0.0,0.0,0.0,0.0
11,9,1,0,,,,0.3717,0.0,0.0,0.0,15.5
11,10,1,0,,,,0.3398,0.0,0.0,0.0,52.61
11,11,1,0,,,,0.46775,0.0,0.0,0.0,72.09
11,12,1,0,,,,0.34593335,0.0,0.0,0.0,70.15
11,13,1,0,,,,0.34181666,0.0,0.0,0.0,61.2
11,14,1,0,,,,0.3178,0.0,0.0,0.0,99.63
11,15,1,0,,,,0.33406666,0.0,0.0,0.0,57.03
11,16,1,0,,,,0.33773333,0.0,0.0,0.0,156.48
11,17,1,0,,,,0.5529,0.0,0.0,0.0,0.0
11,18,1,0,,,,3.5286334,0.0,0.0,0.0,0.0
11,19,1,0,,,,1.5452833,0.0,0.0,0.0,0.0
11,20,1,0,,,,1.4659,0.0,0.0,0.0,0.0
11,21,1,0,,,,0.81355,0.0,0.0,0.0,0.0
11,22,1,0,,,,0.95718336,0.0,0.0,0.0,0.0
11,23,1,0,,,,0.38078332,0.0,0.0,0.0,0.0
11,24,1,0,,,,0.387275,0.0,0.0,0.0,0.0
11,1,2,0,,,,0.37235,0.0,0.0,0.0,0.0
11,2,2,0,,,,0.37935,0.0,0.0,0.0,0.0
11,3,2,0,,,,0.37085,0.0,0.0,0.0,0.0
11,4,2,0,,,,0.37313333,0.0,0.0,0.0,0.0
11,5,2,0,,,,0.65325,0.0,0.0,0.0,0.0
11,6,2,0,,,,0.8620167,0.0,0.0,0.0,0.0
11,7,2,0,,,,0.5812167,0.0,0.0,0.0,0.0
11,8,2,0,,,,0.5661167,0.0,0.0,0.0,0.0
11,9,2,0,,,,0.56268334,0.0,0.0,0.0,19.83
11,10,2,0,,,,0.56586665,0.0,0.0,0.0,56.87
11,11,2,0,,,,0.5399167,0.0,0.0,0.0,42.24
11,12,2,0,,,,0.51516664,0.0,0.0,0.0,62.51
11,13,2,0,,,,0.51558334,0.0,0.0,0.0,38.73
11,14,2,0,,,,0.5150667,0.0,0.0,0.0,33.29
11,15,2,0,,,,0.5290833,0.0,0.0,0.0,9.37
11,16,2,0,,,,0.58896667,0.0,0.0,0.0,0.71
11,17,2,0,,,,0.71765,0.0,0.0,0.0,0.0
11,18,2,0,,,,1.2178167,0.0,0.0,0.0,0.0
11,19,2,0,,,,1.2666833,0.0,0.0,0.0,0.0
11,20,2,0,,,,1.1195834,0.0,0.0,0.0,0.0
11,21,2,0,,,,0.528,0.0,0.0,0.0,0.0
11,22,2,0,,,,0.5126167,0.0,0.0,0.0,0.0
11,23,2,0,,,,0.4703,0.0,0.0,0.0,0.0
11,24,2,0,,,,0.46764168,0.0,0.0,0.0,0.0
11,1,3,0,,,,0.4669,0.0,0.0,0.0,0.0
11,2,3,0,,,,0.45526665,0.0,0.0,0.0,0.0
11,3,3,0,,,,0.47118333,0.0,0.0,0.0,0.0
11,4,3,0,,,,0.47096667,0.0,0.0,0.0,0.0
11,5,3,0,,,,0.52323335,0.0,0.0,0.0,0.0
11,6,3,0,,,,0.5331333,0.0,0.0,0.0,0.0
11,7,3,0,,,,0.39773333,0.0,0.0,0.0,0.0
11,8,3,0,,,,0.40363333,0.0,0.0,0.0,0.0
11,9,3,0,,,,0.36741668,0.0,0.0,0.0,8.2
11,10,3,0,,,,0.3944,0.0,0.0,0.0,23.8
11,11,3,0,,,,0.3884,0.0,0.0,0.0,51.8
11,12,3,0,,,,0.3651,0.0,0.0,0.0,31.72
11,13,3,0,,,,0.39478335,0.0,0.0,0.0,25.75
11,14,3,0,,,,0.38536668,0.0,0.0,0.0,42.83
11,15,3,0,,,,0.38825,0.0,0.0,0.0,13.12
11,16,3,0,,,,0.37923333,0.0,0.0,0.0,0.7
11,17,3,0,,,,0.6192333,0.0,0.0,0.0,0.0
11,18,3,0,,,,1.1023333,0.0,0.0,0.0,0.0
11,19,3,0,,,,1.1492,0.0,0.0,0.0,0.0
11,20,3,0,,,,0.8757,0.0,0.0,0.0,0.0
11,21,3,0,,,,0.51281667,0.0,0.0,0.0,0.0
11,22,3,0,,,,0.38765,0.0,0.0,0.0,0.0
11,23,3,0,,,,0.42331666,0.0,0.0,0.0,0.0
11,24,3,0,,,,0.4295,0.0,0.0,0.0,0.0
11,1,4,0,,,,0.42798334,0.0,0.0,0.0,0.0
11,2,4,0,,,,0.43028334,0.0,0.0,0.0,0.0
11,3,4,0,,,,0.37653333,0.0,0.0,0.0,0.0
11,4,4,0,,,,0.37811667,0.0,0.0,0.0,0.0
11,5,4,0,,,,0.62878335,0.0,0.0,0.0,0.0
11,6,4,0,,,,0.9142,0.0,0.0,0.0,0.0
11,7,4,0,,,,0.32881665,0.0,0.0,0.0,0.0
11,8,4,0,,,,0.35816666,0.0,0.0,0.0,0.0
11,9,4,0,,,,0.33141667,0.0,0.0,0.0,59.5
11,10,4,0,,,,0.32251668,0.0,0.0,0.0,48.1
11,11,4,0,,,,0.32515,0.0,0.0,0.0,50.56
11,12,4,0,,,,0.32866666,0.0,0.0,0.0,93.49
11,13,4,0,,,,0.32446668,0.0,0.0,0.0,29.97
11,14,4,0,,,,0.5172333,0.0,0.0,0.0,50.39
11,15,4,0,,,,0.50061667,0.0,0.0,0.0,91.94
11,16,4,0,,,,0.44025,0.0,0.0,0.0,22.08
11,17,4,0,,,,0.76465,0.0,0.0,0.0,0.0
11,18,4,0,,,,0.7779833,0.0,0.0,0.0,0.0
11,19,4,0,,,,0.96896666,0.0,0.0,0.0,0.0
11,20,4,0,,,,0.88455,0.0,0.0,0.0,0.0
11,21,4,0,,,,0.77555,0.0,0.0,0.0,0.0
11,22,4,0,,,,0.35096666,0.0,0.0,0.0,0.0
11,23,4,0,,,,0.38823333,0.0,0.0,0.0,0.0
11,24,4,0,,,,0.372775,0.0,0.0,0.0,0.0
11,1,5,0,,,,0.36375,0.0,0.0,0.0,0.0
11,2,5,0,,,,0.39401665,0.0,0.0,0.0,0.0
11,3,5,0,,,,0.35605,0.0,0.0,0.0,0.0
11,4,5,0,,,,0.38348332,0.0,0.0,0.0,0.0
11,5,5,0,,,,0.40525,0.0,0.0,0.0,0.0
11,6,5,0,,,,0.39423335,0.0,0.0,0.0,0.0
11,7,5,0,,,,0.72258335,0.0,0.0,0.0,0.0
11,8,5,0,,,,0.7575667,0.0,0.0,0.0,0.0
11,9,5,0,,,,0.34548333,0.0,0.0,0.0,7.15
11,10,5,0,,,,0.32473335,0.0,0.0,0.0,33.48
11,11,5,0,,,,0.32766667,0.0,0.0,0.0,38.09
11,12,5,0,,,,0.31741667,0.0,0.0,0.0,25.81
11,13,5,0,,,,0.31538334,0.0,0.0,0.0,22.08
11,14,5,0,,,,0.31433332,0.0,0.0,0.0,16.34
11,15,5,0,,,,0.28661665,0.0,0.0,0.0,7.71
11,16,5,0,,,,0.42545,0.0,0.0,0.0,1.63
11,17,5,0,,,,0.6293,0.0,0.0,0.0,0.0
11,18,5,0,,,,0.74436665,0.0,0.0,0.0,0.0
11,19,5,0,,,,1.0769,0.0,0.0,0.0,0.0
11,20,5,0,,,,0.56161666,0.0,0.0,0.0,0.0
11,21,5,0,,,,0.44253334,0.0,0.0,0.0,0.0
11,22,5,0,,,,0.42158332,0.0,0.0,0.0,0.0
11,23,5,0,,,,0.42813334,0.0,0.0,0.0,0.0
11,24,5,0,,,,0.42154166,0.0,0.0,0.0,0.0
11,1,6,0,,,,0.42198333,0.0,0.0,0.0,0.0
11,2,6,0,,,,0.5150333,0.0,0.0,0.0,0.0
11,3,6,0,,,,0.43731666,0.0,0.0,0.0,0.0
11,4,6,0,,,,0.42346665,0.0,0.0,0.0,0.0
11,5,6,0,,,,0.39041665,0.0,0.0,0.0,0.0
11,6,6,0,,,,0.3788,0.0,0.0,0.0,0.0
11,7,6,0,,,,0.38403332,0.0,0.0,0.0,0.0
11,8,6,0,,,,0.6387333,0.0,0.0,0.0,0.0
11,9,6,0,,,,0.7057667,0.0,0.0,0.0,6.45
11,10,6,0,,,,0.51956666,0.0,0.0,0.0,31.43
11,11,6,0,,,,0.82088333,0.0,0.0,0.0,42.04
11,12,6,0,,,,0.66105,0.0,0.0,0.0,60.8
11,13,6,0,,,,0.34488332,0.0,0.0,0.0,39.55
11,14,6,0,,,,0.42131665,0.0,0.0,0.0,47.25
11,15,6,0,,,,0.41583332,0.0,0.0,0.0,28.2
11,16,6,0,,,,0.46401668,0.0,0.0,0.0,8.19
11,17,6,0,,,,0.5890833,0.0,0.0,0.0,0.0
11,18,6,0,,,,1.13305,0.0,0.0,0.0,0.0
11,19,6,0,,,,0.9478833,0.0,0.0,0.0,0.0
11,20,6,0,,,,0.63306665,0.0,0.0,0.0,0.0
11,21,6,0,,,,0.49215,0.0,0.0,0.0,0.0
11,22,6,0,,,,0.5201333,0.0,0.0,0.0,0.0
11,23,6,0,,,,0.50458336,0.0,0.0,0.0,0.0
11,24,6,0,,,,0.49231666,0.0,0.0,0.0,0.0
11,1,7,0,,,,0.45315,0.0,0.0,0.0,0.0
11,2,7,0,,,,0.40893334,0.0,0.0,0.0,0.0
11,3,7,0,,,,0.38806668,0.0,0.0,0.0,0.0
11,4,7,0,,,,0.38031667,0.0,0.0,0.0,0.0
11,5,7,0,,,,0.39855,0.0,0.0,0.0,0.0
11,6,7,0,,,,0.37403333,0.0,0.0,0.0,0.0
11,7,7,0,,,,0.7550667,0.0,0.0,0.0,0.0
11,8,7,0,,,,0.9310833,0.0,0.0,0.0,0.0
11,9,7,0,,,,0.91213334,0.0,0.0,0.0,4.74
11,10,7,0,,,,0.47413334,0.0,0.0,0.0,13.53
11,11,7,0,,,,0.48546666,0.0,0.0,0.0,47.9
11,12,7,0,,,,0.5089,0.0,0.0,0.0,36.2
11,13,7,0,,,,0.51306665,0.0,0.0,0.0,29.36
11,14,7,0,,,,0.47935,0.0,0.0,0.0,27.13
11,15,7,0,,,,0.39476666,0.0,0.0,0.0,22.72
11,16,7,0,,,,0.48016667,0.0,0.0,0.0,46.5
11,17,7,0,,,,0.60891664,0.0,0.0,0.0,0.0
11,18,7,0,,,,0.6161,0.0,0.0,0.0,0.0
11,19,7,0,,,,1.04705,0.0,0.0,0.0,0.0
11,20,7,0,,,,0.96031666,0.0,0.0,0.0,0.0
11,21,7,0,,,,0.8437667,0.0,0.0,0.0,0.0
11,22,7,0,,,,0.4179,0.0,0.0,0.0,0.0
11,23,7,0,,,,0.42405,0.0,0.0,0.0,0.0
11,24,7,0,,,,0.39471668,0.0,0.0,0.0,0.0
11,1,1,0,,,,0.39316666,0.0,0.0,0.0,0.0
11,2,1,0,,,,0.38201666,0.0,0.0,0.0,0.0
11,3,1,0,,,,0.37238333,0.0,0.0,0.0,0.0
11,4,1,0,,,,0.41845,0.0,0.0,0.0,0.0
11,5,1,0,,,,0.49373335,0.0,0.0,0.0,0.0
11,6,1,0,,,,0.4245,0.0,0.0,0.0,0.0
11,7,1,0,,,,0.3681,0.0,0.0,0.0,0.0
11,8,1,0,,,,0.39943334,0.0,0.0,0.0,0.0
11,9,1,0,,,,0.8257333,0.0,0.0,0.0,5.42
11,10,1,0,,,,1.3505334,0.0,0.0,0.0,18.08
11,11,1,0,,,,0.96751666,0.0,0.0,0.0,35.47
11,12,1,0,,,,1.2540333,0.0,0.0,0.0,35.49
11,13,1,0,,,,1.3197,0.0,0.0,0.0,31.63
11,14,1,0,,,,1.6870834,0.0,0.0,0.0,28.59
11,15,1,0,,,,1.3301834,0.0,0.0,0.0,27.09
11,16,1,0,,,,1.2085333,0.0,0.0,0.0,127.52
11,17,1,0,,,,1.4813,0.0,0.0,0.0,0.0
11,18,1,0,,,,1.4900833,0.0,0.0,0.0,0.0
11,19,1,0,,,,1.05575,0.0,0.0,0.0,0.0
11,20,1,0,,,,1.2759167,0.0,0.0,0.0,0.0
11,21,1,0,,,,0.87736666,0.0,0.0,0.0,0.0
11,22,1,0,,,,0.8354,0.0,0.0,0.0,0.0
11,23,1,0,,,,0.47033334,0.0,0.0,0.0,0.0
11,24,1,0,,,,0.381,0.0,0.0,0.0,0.0
11,1,2,0,,,,0.3969,0.0,0.0,0.0,0.0
11,2,2,0,,,,0.41188332,0.0,0.0,0.0,0.0
11,3,2,0,,,,0.3792,0.0,0.0,0.0,0.0
11,4,2,0,,,,0.40603334,0.0,0.0,0.0,0.0
11,5,2,0,,,,0.40191665,0.0,0.0,0.0,0.0
11,6,2,0,,,,0.37733334,0.0,0.0,0.0,0.0
11,7,2,0,,,,0.37866667,0.0,0.0,0.0,0.0
11,8,2,0,,,,0.75998336,0.0,0.0,0.0,0.0
11,9,2,0,,,,0.9237667,0.0,0.0,0.0,116.2
11,10,2,0,,,,0.82875,0.0,0.0,0.0,437.88
11,11,2,0,,,,0.46293333,0.0,0.0,0.0,460.32
11,12,2,0,,,,0.9093,0.0,0.0,0.0,693.35
11,13,2,0,,,,1.3802333,0.0,0.0,0.0,673.82
11,14,2,0,,,,1.1165167,0.0,0.0,0.0,563.46
11,15,2,0,,,,0.60611665,0.0,0.0,0.0,464.11
11,16,2,0,,,,0.5589333,0.0,0.0,0.0,241.78
11,17,2,0,,,,0.32943332,0.0,0.0,0.0,0.0
11,18,2,0,,,,0.35176668,0.0,0.0,0.0,0.0
11,19,2,0,,,,0.33885,0.0,0.0,0.0,0.0
11,20,2,0,,,,0.37635,0.0,0.0,0.0,0.0
11,21,2,0,,,,0.47301668,0.0,0.0,0.0,0.0
11,22,2,0,,,,0.45545,0.0,0.0,0.0,0.0
11,23,2,0,,,,0.43455,0.0,0.0,0.0,0.0
11,24,2,0,,,,0.440325,0.0,0.0,0.0,0.0
11,1,3,0,,,,0.42968333,0.0,0.0,0.0,0.0
11,2,3,0,,,,0.40805,0.0,0.0,0.0,0.0
11,3,3,0,,,,0.39395,0.0,0.0,0.0,0.0
11,4,3,0,,,,0.66036665,0.0,0.0,0.0,0.0
11,5,3,0,,,,0.56275,0.0,0.0,0.0,0.0
11,6,3,0,,,,0.38121668,0.0,0.0,0.0,0.0
11,7,3,0,,,,0.49245,0.0,0.0,0.0,0.0
11,8,3,0,,,,0.6611,0.0,0.0,0.0,0.0
11,9,3,0,,,,0.70023334,0.0,0.0,0.0,68.44
11,10,3,0,,,,0.5560167,0.0,0.0,0.0,289.2
11,11,3,0,,,,0.452,0.0,0.0,0.0,419.51
11,12,3,0,,,,0.77101666,0.0,0.0,0.0,562.04
11,13,3,0,,,,0.7359,0.0,0.0,0.0,569.83
11,14,3,0,,,,0.73375,0.0,0.0,0.0,494.04
11,15,3,0,,,,0.62083334,0.0,0.0,0.0,305.49
11,16,3,0,,,,0.6358333,0.0,0.0,0.0,117.75
11,17,3,0,,,,0.5215667,0.0,0.0,0.0,0.0
11,18,3,0,,,,0.8682333,0.0,0.0,0.0,0.0
11,19,3,0,,,,1.01775,0.0,0.0,0.0,0.0
11,20,3,0,,,,0.75221664,0.0,0.0,0.0,0.0
11,21,3,0,,,,1.2169833,0.0,0.0,0.0,0.0
11,22,3,0,,,,0.84245,0.0,0.0,0.0,0.0
11,23,3,0,,,,0.51128334,0.0,0.0,0.0,0.0
11,24,3,0,,,,0.41761667,0.0,0.0,0.0,0.0
11,1,4,0,,,,0.42336667,0.0,0.0,0.0,0.0
11,2,4,0,,,,0.42708334,0.0,0.0,0.0,0.0
11,3,4,0,,,,0.41511667,0.0,0.0,0.0,0.0
11,4,4,0,,,,0.40715,0.0,0.0,0.0,0.0
11,5,4,0,,,,0.41215,0.0,0.0,0.0,0.0
11,6,4,0,,,,0.40505,0.0,0.0,0.0,0.0
11,7,4,0,,,,0.58571666,0.0,0.0,0.0,0.0
11,8,4,0,,,,0.71421665,0.0,0.0,0.0,0.0
11,9,4,0,,,,0.65688336,0.0,0.0,0.0,27.98
11,10,4,0,,,,0.95935,0.0,0.0,0.0,156.04
11,11,4,0,,,,0.96001667,0.0,0.0,0.0,356.68
11,12,4,0,,,,1.0736,0.0,0.0,0.0,481.8
11,13,4,0,,,,0.68905,0.0,0.0,0.0,595.13
11,14,4,0,,,,0.35873333,0.0,0.0,0.0,502.39
11,15,4,0,,,,0.3656,0.0,0.0,0.0,391.34
11,16,4,0,,,,0.35513332,0.0,0.0,0.0,200.96
11,17,4,0,,,,0.35043332,0.0,0.0,0.0,0.0
11,18,4,0,,,,0.37186667,0.0,0.0,0.0,0.0
11,19,4,0,,,,0.43821666,0.0,0.0,0.0,0.0
11,20,4,0,,,,0.4499,0.0,0.0,0.0,0.0
11,21,4,0,,,,0.39905,0.0,0.0,0.0,0.0
11,22,4,0,,,,0.43805,0.0,0.0,0.0,0.0
11,23,4,0,,,,0.4293,0.0,0.0,0.0,0.0
11,24,4,0,,,,0.43185,0.0,0.0,0.0,0.0
11,1,5,0,,,,0.40135,0.0,0.0,0.0,0.0
11,2,5,0,,,,0.40011665,0.0,0.0,0.0,0.0
11,3,5,0,,,,0.40358335,0.0,0.0,0.0,0.0
11,4,5,0,,,,0.40256667,0.0,0.0,0.0,0.0
11,5,5,0,,,,0.40025,0.0,0.0,0.0,0.0
11,6,5,0,,,,0.41116667,0.0,0.0,0.0,0.0
11,7,5,0,,,,0.815,0.0,0.0,0.0,0.0
11,8,5,0,,,,0.80885,0.0,0.0,0.0,0.0
11,9,5,0,,,,0.7603667,0.0,0.0,0.0,3.33
11,10,5,0,,,,0.7768833,0.0,0.0,0.0,42.83
11,11,5,0,,,,0.9738167,0.0,0.0,0.0,121.48
11,12,5,0,,,,0.5195,0.0,0.0,0.0,104.71
11,13,5,0,,,,0.34456667,0.0,0.0,0.0,205.9
11,14,5,0,,,,0.32983333,0.0,0.0,0.0,138.84
11,15,5,0,,,,0.30603334,0.0,0.0,0.0,266.7
11,16,5,0,,,,0.3432,0.0,0.0,0.0,106.64
11,17,5,0,,,,0.33416668,0.0,0.0,0.0,0.0
11,18,5,0,,,,0.31116667,0.0,0.0,0.0,0.0
11,19,5,0,,,,0.33783334,0.0,0.0,0.0,0.0
11,20,5,0,,,,0.32731667,0.0,0.0,0.0,0.0
11,21,5,0,,,,0.30546665,0.0,0.0,0.0,0.0
11,22,5,0,,,,0.32808334,0.0,0.0,0.0,0.0
11,23,5,0,,,,0.32155,0.0,0.0,0.0,0.0
11,24,5,0,,,,0.456825,0.0,0.0,0.0,0.0
11,1,6,0,,,,0.37485,0.0,0.0,0.0,0.0
11,2,6,0,,,,0.32793334,0.0,0.0,0.0,0.0
11,3,6,0,,,,0.32713333,0.0,0.0,0.0,0.0
11,4,6,0,,,,0.34508333,0.0,0.0,0.0,0.0
11,5,6,0,,,,0.33181667,0.0,0.0,0.0,0.0
11,6,6,0,,,,0.33231667,0.0,0.0,0.0,0.0
11,7,6,0,,,,0.29871666,0.0,0.0,0.0,0.0
11,8,6,0,,,,0.3287,0.0,0.0,0.0,0.0
11,9,6,0,,,,0.31253332,0.0,0.0,0.0,31.5
11,10,6,0,,,,0.32141668,0.0,0.0,0.0,191.92
11,11,6,0,,,,0.29688334,0.0,0.0,0.0,488.91
11,12,6,0,,,,0.31036666,0.0,0.0,0.0,577.96
11,13,6,0,,,,0.5645,0.0,0.0,0.0,599.8
11,14,6,0,,,,0.39165,0.0,0.0,0.0,494.55
11,15,6,0,,,,0.4912,0.0,0.0,0.0,364.3
11,16,6,0,,,,0.66455,0.0,0.0,0.0,24.04
11,17,6,0,,,,1.10775,0.0,0.0,0.0,0.0
11,18,6,0,,,,1.0867,0.0,0.0,0.0,0.0
11,19,6,0,,,,2.1210666,0.0,0.0,0.0,0.0
11,20,6,0,,,,1.8109,0.0,0.0,0.0,0.0
11,21,6,0,,,,0.7471833,0.0,0.0,0.0,0.0
11,22,6,0,,,,0.37973332,0.0,0.0,0.0,0.0
11,23,6,0,,,,0.37423334,0.0,0.0,0.0,0.0
11,24,6,0,,,,0.37601668,0.0,0.0,0.0,0.0
11,1,7,0,,,,0.38068333,0.0,0.0,0.0,0.0
11,2,7,0,,,,0.37623334,0.0,0.0,0.0,0.0
11,3,7,0,,,,0.37448335,0.0,0.0,0.0,0.0
11,4,7,0,,,,0.37066665,0.0,0.0,0.0,0.0
11,5,7,0,,,,0.37346667,0.0,0.0,0.0,0.0
11,6,7,0,,,,0.36651668,0.0,0.0,0.0,0.0
11,7,7,0,,,,0.35753334,0.0,0.0,0.0,0.0
11,8,7,0,,,,1.4049833,0.0,0.0,0.0,0.0
11,9,7,0,,,,1.78075,0.0,0.0,0.0,55.47
11,10,7,0,,,,2.1972833,0.0,0.0,0.0,205.03
11,11,7,0,,,,1.7836666,0.0,0.0,0.0,80.0
11,12,7,0,,,,1.5268,0.0,0.0,0.0,56.98
11,13,7,0,,,,2.0560334,0.0,0.0,0.0,42.33
11,14,7,0,,,,1.0204667,0.0,0.0,0.0,39.84
11,15,7,0,,,,1.1600833,0.0,0.0,0.0,26.76
11,16,7,0,,,,1.3892334,0.0,0.0,0.0,3.18
11,17,7,0,,,,1.3641833,0.0,0.0,0.0,0.0
11,18,7,0,,,,1.9324167,0.0,0.0,0.0,0.0
11,19,7,0,,,,1.43505,0.0,0.0,0.0,0.0
11,20,7,0,,,,1.6913667,0.0,0.0,0.0,0.0
11,21,7,0,,,,0.9053,0.0,0.0,0.0,0.0
11,22,7,0,,,,0.44866666,0.0,0.0,0.0,0.0
11,23,7,0,,,,0.42406666,0.0,0.0,0.0,0.0
11,24,7,0,,,,0.44509166,0.0,0.0,0.0,0.0
11,1,1,0,,,,1.2616084,0.0,0.0,0.0,0.0
11,2,1,0,,,,0.42261666,0.0,0.0,0.0,0.0
11,3,1,0,,,,0.42871666,0.0,0.0,0.0,0.0
11,4,1,0,,,,0.47186667,0.0,0.0,0.0,0.0
11,5,1,0,,,,2.2148,0.0,0.0,0.0,0.0
11,6,1,0,,,,1.3012667,0.0,0.0,0.0,0.0
11,7,1,0,,,,0.44943333,0.0,0.0,0.0,0.0
11,8,1,0,,,,0.28921667,0.0,0.0,0.0,0.0
11,9,1,0,,,,0.31691667,0.0,0.0,0.0,1.24
11,10,1,0,,,,0.30031666,0.0,0.0,0.0,26.39
11,11,1,0,,,,0.39201668,0.0,0.0,0.0,43.51
11,12,1,0,,,,0.34831667,0.0,0.0,0.0,38.65
11,13,1,0,,,,0.2996,0.0,0.0,0.0,28.48
11,14,1,0,,,,0.32593334,0.0,0.0,0.0,16.63
11,15,1,0,,,,0.333,0.0,0.0,0.0,34.54
11,16,1,0,,,,2.0503,0.0,0.0,0.0,7.25
11,17,1,0,,,,2.7435167,0.0,0.0,0.0,0.0
11,18,1,0,,,,2.4477668,0.0,0.0,0.0,0.0
11,19,1,0,,,,2.6182666,0.0,0.0,0.0,0.0
11,20,1,0,,,,1.7849166,0.0,0.0,0.0,0.0
11,21,1,0,,,,0.41728333,0.0,0.0,0.0,0.0
11,22,1,0,,,,0.41626668,0.0,0.0,0.0,0.0
11,23,1,0,,,,0.39986667,0.0,0.0,0.0,0.0
11,24,1,0,,,,0.39611667,0.0,0.0,0.0,0.0
11,1,2,0,,,,0.41833332,0.0,0.0,0.0,0.0
11,2,2,0,,,,0.40355,0.0,0.0,0.0,0.0
11,3,2,0,,,,0.38458332,0.0,0.0,0.0,0.0
11,4,2,0,,,,1.99415,0.0,0.0,0.0,0.0
11,5,2,0,,,,1.2543833,0.0,0.0,0.0,0.0
11,6,2,0,,,,0.5409667,0.0,0.0,0.0,0.0
11,7,2,0,,,,0.30391666,0.0,0.0,0.0,0.0
11,8,2,0,,,,0.31175,0.0,0.0,0.0,0.0
11,9,2,0,,,,0.30826667,0.0,0.0,0.0,0.0
11,10,2,0,,,,0.30388334,0.0,0.0,0.0,6.53
11,11,2,0,,,,0.5038667,0.0,0.0,0.0,22.8
11,12,2,0,,,,0.47743332,0.0,0.0,0.0,12.91
11,13,2,0,,,,0.3045,0.0,0.0,0.0,36.34
11,14,2,0,,,,0.28751665,0.0,0.0,0.0,14.97
11,15,2,0,,,,0.29853332,0.0,0.0,0.0,25.76
11,16,2,0,,,,0.31566668,0.0,0.0,0.0,9.65
11,17,2,0,,,,0.32366666,0.0,0.0,0.0,0.0
11,18,2,0,,,,1.5401833,0.0,0.0,0.0,0.0
11,19,2,0,,,,2.38765,0.0,0.0,0.0,0.0
11,20,2,0,,,,1.7456,0.0,0.0,0.0,0.0
11,21,2,0,,,,0.89343333,0.0,0.0,0.0,0.0
11,22,2,0,,,,0.60898334,0.0,0.0,0.0,0.0
11,23,2,0,,,,0.43718332,0.0,0.0,0.0,0.0
11,24,2,0,,,,0.43165833,0.0,0.0,0.0,0.0
11,1,3,0,,,,0.43791667,0.0,0.0,0.0,0.0
11,2,3,0,,,,0.44276667,0.0,0.0,0.0,0.0
11,3,3,0,,,,0.41828334,0.0,0.0,0.0,0.0
11,4,3,0,,,,0.39986667,0.0,0.0,0.0,0.0
11,5,3,0,,,,2.3023,0.0,0.0,0.0,0.0
11,6,3,0,,,,0.85815,0.0,0.0,0.0,0.0
11,7,3,0,,,,0.38631666,0.0,0.0,0.0,0.0
11,8,3,0,,,,0.31728333,0.0,0.0,0.0,0.0
11,9,3,0,,,,0.31488332,0.0,0.0,0.0,36.91
11,10,3,0,,,,0.29705,0.0,0.0,0.0,302.03
11,11,3,0,,,,0.30101666,0.0,0.0,0.0,513.19
11,12,3,0,,,,0.28355,0.0,0.0,0.0,339.64
11,13,3,0,,,,0.2925,0.0,0.0,0.0,132.6
11,14,3,0,,,,0.29926667,0.0,0.0,0.0,136.84
11,15,3,0,,,,0.30403334,0.0,0.0,0.0,33.99
11,16,3,0,,,,0.41328335,0.0,0.0,0.0,4.77
11,17,3,0,,,,0.5380167,0.0,0.0,0.0,0.0
11,18,3,0,,,,0.5114167,0.0,0.0,0.0,0.0
11,19,3,0,,,,0.7937833,0.0,0.0,0.0,0.0
11,20,3,0,,,,0.81895,0.0,0.0,0.0,0.0
11,21,3,0,,,,1.438,0.0,0.0,0.0,0.0
11,22,3,0,,,,0.40581667,0.0,0.0,0.0,0.0
11,23,3,0,,,,1.1428334,0.0,0.0,0.0,0.0
11,24,3,0,,,,0.40958333,0.0,0.0,0.0,0.0
12,1,4,0,,,,1.2759167,0.0,0.0,0.0,0.0
12,2,4,0,,,,0.39556667,0.0,0.0,0.0,0.0
12,3,4,0,,,,1.27435,0.0,0.0,0.0,0.0
12,4,4,0,,,,0.39856666,0.0,0.0,0.0,0.0
12,5,4,0,,,,1.2563334,0.0,0.0,0.0,0.0
12,6,4,0,,,,0.417,0.0,0.0,0.0,0.0
12,7,4,0,,,,0.80398333,0.0,0.0,0.0,0.0
12,8,4,0,,,,1.02435,0.0,0.0,0.0,0.0
12,9,4,0,,,,0.53798336,0.0,0.0,0.0,1.7
12,10,4,0,,,,1.3681,0.0,0.0,0.0,71.08
12,11,4,0,,,,1.5381334,0.0,0.0,0.0,532.17
12,12,4,0,,,,1.2334334,0.0,0.0,0.0,656.48
12,13,4,0,,,,0.95215,0.0,0.0,0.0,636.67
12,14,4,0,,,,0.60865,0.0,0.0,0.0,582.72
12,15,4,0,,,,0.8078333,0.0,0.0,0.0,367.53
12,16,4,0,,,,1.0170166,0.0,0.0,0.0,2.16
12,17,4,0,,,,0.88631666,0.0,0.0,0.0,0.0
12,18,4,0,,,,1.38405,0.0,0.0,0.0,0.0
12,19,4,0,,,,1.1840333,0.0,0.0,0.0,0.0
12,20,4,0,,,,0.8063833,0.0,0.0,0.0,0.0
12,21,4,0,,,,0.66358334,0.0,0.0,0.0,0.0
12,22,4,0,,,,0.4063,0.0,0.0,0.0,0.0
12,23,4,0,,,,0.40051666,0.0,0.0,0.0,0.0
12,24,4,0,,,,1.1531,0.0,0.0,0.0,0.0
12,1,5,0,,,,0.40025,0.0,0.0,0.0,0.0
12,2,5,0,,,,0.67585,0.0,0.0,0.0,0.0
12,3,5,0,,,,0.8735833,0.0,0.0,0.0,0.0
12,4,5,0,,,,0.40305,0.0,0.0,0.0,0.0
12,5,5,0,,,,1.1647333,0.0,0.0,0.0,0.0
12,6,5,0,,,,0.40738332,0.0,0.0,0.0,0.0
12,7,5,0,,,,0.30571666,0.0,0.0,0.0,0.0
12,8,5,0,,,,0.32513332,0.0,0.0,0.0,0.0
12,9,5,0,,,,0.32283333,0.0,0.0,0.0,2.2
12,10,5,0,,,,0.30106667,0.0,0.0,0.0,36.91
12,11,5,0,,,,0.3123,0.0,0.0,0.0,111.48
12,12,5,0,,,,0.6516333,0.0,0.0,0.0,90.37
12,13,5,0,,,,0.28881666,0.0,0.0,0.0,187.16
12,14,5,0,,,,0.296,0.0,0.0,0.0,75.9
12,15,5,0,,,,0.29998332,0.0,0.0,0.0,31.47
12,16,5,0,,,,0.31793332,0.0,0.0,0.0,8.93
12,17,5,0,,,,3.0768332,0.0,0.0,0.0,0.0
12,18,5,0,,,,2.7162,0.0,0.0,0.0,0.0
12,19,5,0,,,,0.99,0.0,0.0,0.0,0.0
12,20,5,0,,,,1.3104334,0.0,0.0,0.0,0.0
12,21,5,0,,,,0.81448334,0.0,0.0,0.0,0.0
12,22,5,0,,,,1.2406334,0.0,0.0,0.0,0.0
12,23,5,0,,,,0.37888333,0.0,0.0,0.0,0.0
12,24,5,0,,,,1.2177833,0.0,0.0,0.0,0.0
12,1,6,0,,,,0.38115,0.0,0.0,0.0,0.0
12,2,6,0,,,,1.2127,0.0,0.0,0.0,0.0
12,3,6,0,,,,0.3888,0.0,0.0,0.0,0.0
12,4,6,0,,,,1.2955667,0.0,0.0,0.0,0.0
12,5,6,0,,,,0.39263332,0.0,0.0,0.0,0.0
12,6,6,0,,,,1.7461166,0.0,0.0,0.0,0.0
12,7,6,0,,,,2.1560667,0.0,0.0,0.0,0.0
12,8,6,0,,,,1.5755833,0.0,0.0,0.0,0.0
12,9,6,0,,,,2.8034,0.0,0.0,0.0,0.8
12,10,6,0,,,,1.63375,0.0,0.0,0.0,10.53
12,11,6,0,,,,0.6842333,0.0,0.0,0.0,38.68
12,12,6,0,,,,0.54065,0.0,0.0,0.0,35.46
12,13,6,0,,,,0.53438336,0.0,0.0,0.0,29.25
12,14,6,0,,,,0.76605,0.0,0.0,0.0,17.37
12,15,6,0,,,,2.0023,0.0,0.0,0.0,27.75
12,16,6,0,,,,0.48155,0.0,0.0,0.0,13.38
12,17,6,0,,,,0.6246667,0.0,0.0,0.0,0.0
12,18,6,0,,,,0.76813334,0.0,0.0,0.0,0.0
12,19,6,0,,,,0.6612833,0.0,0.0,0.0,0.0
12,20,6,0,,,,0.7237333,0.0,0.0,0.0,0.0
12,21,6,0,,,,0.9486333,0.0,0.0,0.0,0.0
12,22,6,0,,,,0.6408,0.0,0.0,0.0,0.0
12,23,6,0,,,,0.44241667,0.0,0.0,0.0,0.0
12,24,6,0,,,,0.41728333,0.0,0.0,0.0,0.0
12,1,7,0,,,,0.42576668,0.0,0.0,0.0,0.0
12,2,7,0,,,,0.40236667,0.0,0.0,0.0,0.0
12,3,7,0,,,,0.40038332,0.0,0.0,0.0,0.0
12,4,7,0,,,,0.42278334,0.0,0.0,0.0,0.0
12,5,7,0,,,,0.39496666,0.0,0.0,0.0,0.0
12,6,7,0,,,,0.40961668,0.0,0.0,0.0,0.0
12,7,7,0,,,,1.6900166,0.0,0.0,0.0,0.0
12,8,7,0,,,,0.78945,0.0,0.0,0.0,0.0
12,9,7,0,,,,0.6228167,0.0,0.0,0.0,32.24
12,10,7,0,,,,0.5056667,0.0,0.0,0.0,189.37
12,11,7,0,,,,0.43815,0.0,0.0,0.0,457.36
12,12,7,0,,,,0.5610333,0.0,0.0,0.0,574.37
12,13,7,0,,,,0.3931,0.0,0.0,0.0,507.33
12,14,7,0,,,,0.3986,0.0,0.0,0.0,540.24
12,15,7,0,,,,0.74338335,0.0,0.0,0.0,173.46
12,16,7,0,,,,1.3171667,0.0,0.0,0.0,10.77
12,17,7,0,,,,1.3523834,0.0,0.0,0.0,0.0
12,18,7,0,,,,0.8606667,0.0,0.0,0.0,0.0
12,19,7,0,,,,3.0586834,0.0,0.0,0.0,0.0
12,20,7,0,,,,1.1288,0.0,0.0,0.0,0.0
12,21,7,0,,,,0.80408335,0.0,0.0,0.0,0.0
12,22,7,0,,,,0.5362833,0.0,0.0,0.0,0.0
12,23,7,0,,,,0.38958332,0.0,0.0,0.0,0.0
12,24,7,0,,,,0.39024165,0.0,0.0,0.0,0.0
12,1,1,0,,,,0.36345,0.0,0.0,0.0,0.0
12,2,1,0,,,,0.37363333,0.0,0.0,0.0,0.0
12,3,1,0,,,,0.38911667,0.0,0.0,0.0,0.0
12,4,1,0,,,,0.40561667,0.0,0.0,0.0,0.0
12,5,1,0,,,,1.3598833,0.0,0.0,0.0,0.0
12,6,1,0,,,,1.0541,0.0,0.0,0.0,0.0
12,7,1,0,,,,0.6182333,0.0,0.0,0.0,0.0
12,8,1,0,,,,0.52385,0.0,0.0,0.0,0.0
12,9,1,0,,,,0.5333667,0.0,0.0,0.0,0.02
12,10,1,0,,,,0.51878333,0.0,0.0,0.0,37.9
12,11,1,0,,,,0.50808334,0.0,0.0,0.0,100.67
12,12,1,0,,,,0.54031664,0.0,0.0,0.0,53.11
12,13,1,0,,,,0.5024167,0.0,0.0,0.0,77.51
12,14,1,0,,,,0.5093833,0.0,0.0,0.0,533.48
12,15,1,0,,,,0.54575,0.0,0.0,0.0,391.25
12,16,1,0,,,,0.54,0.0,0.0,0.0,11.87
12,17,1,0,,,,1.48535,0.0,0.0,0.0,0.0
12,18,1,0,,,,1.14005,0.0,0.0,0.0,0.0
12,19,1,0,,,,0.8858167,0.0,0.0,0.0,0.0
12,20,1,0,,,,0.8622,0.0,0.0,0.0,0.0
12,21,1,0,,,,0.8359333,0.0,0.0,0.0,0.0
12,22,1,0,,,,0.39848334,0.0,0.0,0.0,0.0
12,23,1,0,,,,0.40681666,0.0,0.0,0.0,0.0
12,24,1,0,,,,0.99728334,0.0,0.0,0.0,0.0
12,1,2,0,,,,0.55065,0.0,0.0,0.0,0.0
12,2,2,0,,,,0.40691668,0.0,0.0,0.0,0.0
12,3,2,0,,,,0.38888332,0.0,0.0,0.0,0.0
12,4,2,0,,,,1.1607833,0.0,0.0,0.0,0.0
12,5,2,0,,,,1.0812,0.0,0.0,0.0,0.0
12,6,2,0,,,,0.9026833,0.0,0.0,0.0,0.0
12,7,2,0,,,,0.79083335,0.0,0.0,0.0,0.0
12,8,2,0,,,,0.37321666,0.0,0.0,0.0,0.0
12,9,2,0,,,,0.31880835,0.0,0.0,0.0,41.53
12,10,2,0,,,,0.33221668,0.0,0.0,0.0,351.52
12,11,2,0,,,,0.33721668,0.0,0.0,0.0,531.12
12,12,2,0,,,,0.31608334,0.0,0.0,0.0,613.7
12,13,2,0,,,,0.3208,0.0,0.0,0.0,627.16
12,14,2,0,,,,0.52246666,0.0,0.0,0.0,571.46
12,15,2,0,,,,0.52503335,0.0,0.0,0.0,397.52
12,16,2,0,,,,0.7697333,0.0,0.0,0.0,11.9
12,17,2,0,,,,1.741,0.0,0.0,0.0,0.0
12,18,2,0,,,,1.3722833,0.0,0.0,0.0,0.0
12,19,2,0,,,,1.36015,0.0,0.0,0.0,0.0
12,20,2,0,,,,0.95238334,0.0,0.0,0.0,0.0
12,21,2,0,,,,0.4524,0.0,0.0,0.0,0.0
12,22,2,0,,,,0.43865,0.0,0.0,0.0,0.0
12,23,2,0,,,,0.42471668,0.0,0.0,0.0,0.0
12,24,2,0,,,,0.43405834,0.0,0.0,0.0,0.0
12,1,3,0,,,,0.4426,0.0,0.0,0.0,0.0
12,2,3,0,,,,0.43411666,0.0,0.0,0.0,0.0
12,3,3,0,,,,0.43986666,0.0,0.0,0.0,0.0
12,4,3,0,,,,0.44445,0.0,0.0,0.0,0.0
12,5,3,0,,,,2.2095,0.0,0.0,0.0,0.0
12,6,3,0,,,,0.87616664,0.0,0.0,0.0,0.0
12,7,3,0,,,,0.62453336,0.0,0.0,0.0,0.0
12,8,3,0,,,,0.33705,0.0,0.0,0.0,0.0
12,9,3,0,,,,0.31618333,0.0,0.0,0.0,2.22
12,10,3,0,,,,0.3171,0.0,0.0,0.0,231.05
12,11,3,0,,,,0.32308334,0.0,0.0,0.0,408.42
12,12,3,0,,,,0.32721666,0.0,0.0,0.0,480.08
12,13,3,0,,,,0.2978,0.0,0.0,0.0,585.65
12,14,3,0,,,,0.32225,0.0,0.0,0.0,598.62
12,15,3,0,,,,0.33305,0.0,0.0,0.0,459.59
12,16,3,0,,,,0.39844584,0.0,0.0,0.0,11.97
12,17,3,0,,,,1.0635,0.0,0.0,0.0,0.0
12,18,3,0,,,,1.8786,0.0,0.0,0.0,0.0
12,19,3,0,,,,2.2051666,0.0,0.0,0.0,0.0
12,20,3,0,,,,2.8263667,0.0,0.0,0.0,0.0
12,21,3,0,,,,0.9607,0.0,0.0,0.0,0.0
12,22,3,0,,,,0.57621664,0.0,0.0,0.0,0.0
12,23,3,0,,,,0.5286667,0.0,0.0,0.0,0.0
12,24,3,0,,,,0.49231666,0.0,0.0,0.0,0.0
12,1,4,0,,,,0.52015,0.0,0.0,0.0,0.0
12,2,4,0,,,,0.51203334,0.0,0.0,0.0,0.0
12,3,4,0,,,,0.51725,0.0,0.0,0.0,0.0
12,4,4,0,,,,2.25615,0.0,0.0,0.0,0.0
12,5,4,0,,,,0.48553333,0.0,0.0,0.0,0.0
12,6,4,0,,,,1.25795,0.0,0.0,0.0,0.0
12,7,4,0,,,,0.3165,0.0,0.0,0.0,0.0
12,8,4,0,,,,0.33738333,0.0,0.0,0.0,0.0
12,9,4,0,,,,0.31556666,0.0,0.0,0.0,24.96
12,10,4,0,,,,0.29556668,0.0,0.0,0.0,217.95
12,11,4,0,,,,0.31628335,0.0,0.0,0.0,163.5
12,12,4,0,,,,0.28408334,0.0,0.0,0.0,155.5
12,13,4,0,,,,0.29543334,0.0,0.0,0.0,73.94
12,14,4,0,,,,0.31358334,0.0,0.0,0.0,496.38
12,15,4,0,,,,0.30955,0.0,0.0,0.0,151.35
12,16,4,0,,,,0.32015,0.0,0.0,0.0,10.56
12,17,4,0,,,,2.3277333,0.0,0.0,0.0,0.0
12,18,4,0,,,,1.6829166,0.0,0.0,0.0,0.0
12,19,4,0,,,,1.6106666,0.0,0.0,0.0,0.0
12,20,4,0,,,,1.43085,0.0,0.0,0.0,0.0
12,21,4,0,,,,0.86955,0.0,0.0,0.0,0.0
12,22,4,0,,,,0.6350333,0.0,0.0,0.0,0.0
12,23,4,0,,,,0.64715,0.0,0.0,0.0,0.0
12,24,4,0,,,,0.7635083,0.0,0.0,0.0,0.0
12,1,5,0,,,,0.6703,0.0,0.0,0.0,0.0
12,2,5,0,,,,0.64376664,0.0,0.0,0.0,0.0
12,3,5,0,,,,0.6362,0.0,0.0,0.0,0.0
12,4,5,0,,,,0.6742,0.0,0.0,0.0,0.0
12,5,5,0,,,,2.1881,0.0,0.0,0.0,0.0
12,6,5,0,,,,1.7385917,0.0,0.0,0.0,0.0
12,7,5,0,,,,0.72305,0.0,0.0,0.0,0.0
12,8,5,0,,,,0.55628335,0.0,0.0,0.0,0.0
12,9,5,0,,,,0.5696,0.0,0.0,0.0,0.0
12,10,5,0,,,,0.5648,0.0,0.0,0.0,93.55
12,11,5,0,,,,0.5423167,0.0,0.0,0.0,435.37
12,12,5,0,,,,0.54106665,0.0,0.0,0.0,257.47
12,13,5,0,,,,0.55736667,0.0,0.0,0.0,637.97
12,14,5,0,,,,0.5532333,0.0,0.0,0.0,481.42
12,15,5,0,,,,0.53945,0.0,0.0,0.0,388.75
12,16,5,0,,,,0.9537,0.0,0.0,0.0,10.57
12,17,5,0,,,,1.5156,0.0,0.0,0.0,0.0
12,18,5,0,,,,1.0256333,0.0,0.0,0.0,0.0
12,19,5,0,,,,1.0615,0.0,0.0,0.0,0.0
12,20,5,0,,,,0.9321667,0.0,0.0,0.0,0.0
12,21,5,0,,,,0.91496664,0.0,0.0,0.0,0.0
12,22,5,0,,,,0.66275,0.0,0.0,0.0,0.0
12,23,5,0,,,,0.6572667,0.0,0.0,0.0,0.0
12,24,5,0,,,,0.64789164,0.0,0.0,0.0,0.0
12,1,6,0,,,,0.7644333,0.0,0.0,0.0,0.0
12,2,6,0,,,,0.96423334,0.0,0.0,0.0,0.0
12,3,6,0,,,,1.3011,0.0,0.0,0.0,0.0
12,4,6,0,,,,0.6667,0.0,0.0,0.0,0.0
12,5,6,0,,,,1.2573167,0.0,0.0,0.0,0.0
12,6,6,0,,,,0.65208334,0.0,0.0,0.0,0.0
12,7,6,0,,,,1.2958833,0.0,0.0,0.0,0.0
12,8,6,0,,,,1.6941333,0.0,0.0,0.0,0.0
12,9,6,0,,,,1.2473,0.0,0.0,0.0,0.0
12,10,6,0,,,,1.277,0.0,0.0,0.0,15.99
12,11,6,0,,,,1.05565,0.0,0.0,0.0,43.04
12,12,6,0,,,,1.57215,0.0,0.0,0.0,40.41
12,13,6,0,,,,2.6006835,0.0,0.0,0.0,26.5
12,14,6,0,,,,0.8333667,0.0,0.0,0.0,28.71
12,15,6,0,,,,0.63035,0.0,0.0,0.0,8.35
12,16,6,0,,,,1.14335,0.0,0.0,0.0,5.33
12,17,6,0,,,,1.1877,0.0,0.0,0.0,0.0
12,18,6,0,,,,1.40555,0.0,0.0,0.0,0.0
12,19,6,0,,,,1.2179166,0.0,0.0,0.0,0.0
12,20,6,0,,,,1.5942667,0.0,0.0,0.0,0.0
12,21,6,0,,,,1.44815,0.0,0.0,0.0,0.0
12,22,6,0,,,,0.86291665,0.0,0.0,0.0,0.0
12,23,6,0,,,,0.4523,0.0,0.0,0.0,0.0
12,24,6,0,,,,0.44978333,0.0,0.0,0.0,0.0
12,1,7,0,,,,0.44591665,0.0,0.0,0.0,0.0
12,2,7,0,,,,0.42955,0.0,0.0,0.0,0.0
12,3,7,0,,,,0.38871667,0.0,0.0,0.0,0.0
12,4,7,0,,,,0.39993334,0.0,0.0,0.0,0.0
12,5,7,0,,,,0.40456668,0.0,0.0,0.0,0.0
12,6,7,0,,,,0.41283333,0.0,0.0,0.0,0.0
12,7,7,0,,,,0.7287667,0.0,0.0,0.0,0.0
12,8,7,0,,,,1.4593333,0.0,0.0,0.0,0.0
12,9,7,0,,,,0.8761167,0.0,0.0,0.0,0.0
12,10,7,0,,,,1.0012667,0.0,0.0,0.0,36.89
12,11,7,0,,,,0.84491664,0.0,0.0,0.0,68.85
12,12,7,0,,,,0.7179833,0.0,0.0,0.0,89.77
12,13,7,0,,,,1.0404,0.0,0.0,0.0,164.65
12,14,7,0,,,,1.3725166,0.0,0.0,0.0,170.97
12,15,7,0,,,,1.2976667,0.0,0.0,0.0,107.58
12,16,7,0,,,,1.2866666,0.0,0.0,0.0,6.5
12,17,7,0,,,,0.82561666,0.0,0.0,0.0,0.0
12,18,7,0,,,,1.7136667,0.0,0.0,0.0,0.0
12,19,7,0,,,,1.1384667,0.0,0.0,0.0,0.0
12,20,7,0,,,,0.86228335,0.0,0.0,0.0,0.0
12,21,7,0,,,,0.8721833,0.0,0.0,0.0,0.0
12,22,7,0,,,,0.6587333,0.0,0.0,0.0,0.0
12,23,7,0,,,,0.38638332,0.0,0.0,0.0,0.0
12,24,7,0,,,,0.4158,0.0,0.0,0.0,0.0
12,1,1,0,,,,0.42206666,0.0,0.0,0.0,0.0
12,2,1,0,,,,0.40726668,0.0,0.0,0.0,0.0
12,3,1,0,,,,0.40035,0.0,0.0,0.0,0.0
12,4,1,0,,,,0.434775,0.0,0.0,0.0,0.0
12,5,1,0,,,,1.3931834,0.0,0.0,0.0,0.0
12,6,1,0,,,,0.41408333,0.0,0.0,0.0,0.0
12,7,1,0,,,,0.46488333,0.0,0.0,0.0,0.0
12,8,1,0,,,,1.6581334,0.0,0.0,0.0,0.0
12,9,1,0,,,,0.9239,0.0,0.0,0.0,0.0
12,10,1,0,,,,1.1545833,0.0,0.0,0.0,22.24
12,11,1,0,,,,1.3802333,0.0,0.0,0.0,51.59
12,12,1,0,,,,1.5099167,0.0,0.0,0.0,45.93
12,13,1,0,,,,1.7466167,0.0,0.0,0.0,30.34
12,14,1,0,,,,0.6324833,0.0,0.0,0.0,52.84
12,15,1,0,,,,0.57125,0.0,0.0,0.0,10.3
12,16,1,0,,,,0.69628334,0.0,0.0,0.0,0.22
12,17,1,0,,,,0.76496667,0.0,0.0,0.0,0.0
12,18,1,0,,,,0.91618335,0.0,0.0,0.0,0.0
12,19,1,0,,,,1.4089833,0.0,0.0,0.0,0.0
12,20,1,0,,,,1.2861333,0.0,0.0,0.0,0.0
12,21,1,0,,,,1.09815,0.0,0.0,0.0,0.0
12,22,1,0,,,,0.97795,0.0,0.0,0.0,0.0
12,23,1,0,,,,0.5323333,0.0,0.0,0.0,0.0
12,24,1,0,,,,0.547125,0.0,0.0,0.0,0.0
12,1,2,0,,,,0.5461,0.0,0.0,0.0,0.0
12,2,2,0,,,,0.5424167,0.0,0.0,0.0,0.0
12,3,2,0,,,,0.5287833,0.0,0.0,0.0,0.0
12,4,2,0,,,,0.48031667,0.0,0.0,0.0,0.0
12,5,2,0,,,,1.6607,0.0,0.0,0.0,0.0
12,6,2,0,,,,1.0083,0.0,0.0,0.0,0.0
12,7,2,0,,,,0.40705,0.0,0.0,0.0,0.0
12,8,2,0,,,,0.33828333,0.0,0.0,0.0,0.0
12,9,2,0,,,,0.33221668,0.0,0.0,0.0,0.0
12,10,2,0,,,,0.3318,0.0,0.0,0.0,11.14
12,11,2,0,,,,0.32481667,0.0,0.0,0.0,28.49
12,12,2,0,,,,0.30135,0.0,0.0,0.0,18.81
12,13,2,0,,,,0.32461667,0.0,0.0,0.0,20.98
12,14,2,0,,,,0.32633334,0.0,0.0,0.0,25.41
12,15,2,0,,,,0.35033333,0.0,0.0,0.0,4.29
12,16,2,0,,,,0.6701667,0.0,0.0,0.0,0.0
12,17,2,0,,,,1.1491667,0.0,0.0,0.0,0.0
12,18,2,0,,,,0.8894167,0.0,0.0,0.0,0.0
12,19,2,0,,,,2.3619168,0.0,0.0,0.0,0.0
12,20,2,0,,,,2.4359834,0.0,0.0,0.0,0.0
12,21,2,0,,,,0.8482,0.0,0.0,0.0,0.0
12,22,2,0,,,,0.44391668,0.0,0.0,0.0,0.0
12,23,2,0,,,,0.39458334,0.0,0.0,0.0,0.0
12,24,2,0,,,,0.404125,0.0,0.0,0.0,0.0
12,1,3,0,,,,0.41860417,0.0,0.0,0.0,0.0
12,2,3,0,,,,0.40911666,0.0,0.0,0.0,0.0
12,3,3,0,,,,0.4083,0.0,0.0,0.0,0.0
12,4,3,0,,,,0.43738332,0.0,0.0,0.0,0.0
12,5,3,0,,,,1.0452334,0.0,0.0,0.0,0.0
12,6,3,0,,,,0.83965,0.0,0.0,0.0,0.0
12,7,3,0,,,,0.53463334,0.0,0.0,0.0,0.0
12,8,3,0,,,,0.56155,0.0,0.0,0.0,0.0
12,9,3,0,,,,0.54193336,0.0,0.0,0.0,0.0
12,10,3,0,,,,0.5201833,0.0,0.0,0.0,35.12
12,11,3,0,,,,0.54691666,0.0,0.0,0.0,37.73
12,12,3,0,,,,0.55078334,0.0,0.0,0.0,54.4
12,13,3,0,,,,0.52935,0.0,0.0,0.0,23.83
12,14,3,0,,,,0.5462667,0.0,0.0,0.0,19.41
12,15,3,0,,,,0.56875,0.0,0.0,0.0,21.57
12,16,3,0,,,,0.55398333,0.0,0.0,0.0,0.98
12,17,3,0,,,,1.2356167,0.0,0.0,0.0,0.0
12,18,3,0,,,,0.94715,0.0,0.0,0.0,0.0
12,19,3,0,,,,1.7088,0.0,0.0,0.0,0.0
12,20,3,0,,,,1.9906666,0.0,0.0,0.0,0.0
12,21,3,0,,,,0.77851665,0.0,0.0,0.0,0.0
12,22,3,0,,,,0.44206667,0.0,0.0,0.0,0.0
12,23,3,0,,,,0.40505,0.0,0.0,0.0,0.0
12,24,3,0,,,,0.40814167,0.0,0.0,0.0,0.0
12,1,4,0,,,,0.42426667,0.0,0.0,0.0,0.0
12,2,4,0,,,,0.4138,0.0,0.0,0.0,0.0
12,3,4,0,,,,0.3978,0.0,0.0,0.0,0.0
12,4,4,0,,,,0.4235,0.0,0.0,0.0,0.0
12,5,4,0,,,,1.3747166,0.0,0.0,0.0,0.0
12,6,4,0,,,,1.0745833,0.0,0.0,0.0,0.0
12,7,4,0,,,,0.35061666,0.0,0.0,0.0,0.0
12,8,4,0,,,,0.32205,0.0,0.0,0.0,0.0
12,9,4,0,,,,0.33441666,0.0,0.0,0.0,0.0
12,10,4,0,,,,0.33255,0.0,0.0,0.0,146.87
12,11,4,0,,,,0.323,0.0,0.0,0.0,487.41
12,12,4,0,,,,0.33646667,0.0,0.0,0.0,590.6
12,13,4,0,,,,0.349075,0.0,0.0,0.0,597.53
12,14,4,0,,,,0.35395,0.0,0.0,0.0,554.18
12,15,4,0,,,,0.7177167,0.0,0.0,0.0,253.26
12,16,4,0,,,,1.4058167,0.0,0.0,0.0,8.69
12,17,4,0,,,,1.5293833,0.0,0.0,0.0,0.0
12,18,4,0,,,,1.3307667,0.0,0.0,0.0,0.0
12,19,4,0,,,,1.3784833,0.0,0.0,0.0,0.0
12,20,4,0,,,,1.2427334,0.0,0.0,0.0,0.0
12,21,4,0,,,,0.92065,0.0,0.0,0.0,0.0
12,22,4,0,,,,0.52606666,0.0,0.0,0.0,0.0
12,23,4,0,,,,0.45398334,0.0,0.0,0.0,0.0
12,24,4,0,,,,0.46481666,0.0,0.0,0.0,0.0
12,1,5,0,,,,0.43621665,0.0,0.0,0.0,0.0
12,2,5,0,,,,0.4106,0.0,0.0,0.0,0.0
12,3,5,0,,,,0.40336666,0.0,0.0,0.0,0.0
12,4,5,0,,,,0.44985,0.0,0.0,0.0,0.0
12,5,5,0,,,,1.5482334,0.0,0.0,0.0,0.0
12,6,5,0,,,,0.45473334,0.0,0.0,0.0,0.0
12,7,5,0,,,,0.37138334,0.0,0.0,0.0,0.0
12,8,5,0,,,,0.37825,0.0,0.0,0.0,0.0
12,9,5,0,,,,0.39258334,0.0,0.0,0.0,0.0
12,10,5,0,,,,0.38638332,0.0,0.0,0.0,5.85
12,11,5,0,,,,0.52963334,0.0,0.0,0.0,348.83
12,12,5,0,,,,0.39698333,0.0,0.0,0.0,515.66
12,13,5,0,,,,0.35833332,0.0,0.0,0.0,576.92
12,14,5,0,,,,0.39843333,0.0,0.0,0.0,545.45
12,15,5,0,,,,0.7996167,0.0,0.0,0.0,377.29
12,16,5,0,,,,1.3968834,0.0,0.0,0.0,7.41
12,17,5,0,,,,1.1997833,0.0,0.0,0.0,0.0
12,18,5,0,,,,0.86485,0.0,0.0,0.0,0.0
12,19,5,0,,,,0.87303334,0.0,0.0,0.0,0.0
12,20,5,0,,,,0.79871666,0.0,0.0,0.0,0.0
12,21,5,0,,,,0.8031333,0.0,0.0,0.0,0.0
12,22,5,0,,,,1.03015,0.0,0.0,0.0,0.0
12,23,5,0,,,,1.0383166,0.0,0.0,0.0,0.0
12,24,5,0,,,,1.6226584,0.0,0.0,0.0,0.0
12,1,6,0,,,,1.1127666,0.0,0.0,0.0,0.0
12,2,6,0,,,,0.8046,0.0,0.0,0.0,0.0
12,3,6,0,,,,0.81965,0.0,0.0,0.0,0.0
12,4,6,0,,,,0.7235417,0.0,0.0,0.0,0.0
12,5,6,0,,,,0.6827667,0.0,0.0,0.0,0.0
12,6,6,0,,,,0.7259167,0.0,0.0,0.0,0.0
12,7,6,0,,,,0.77096665,0.0,0.0,0.0,0.0
12,8,6,0,,,,1.5812833,0.0,0.0,0.0,0.0
12,9,6,0,,,,2.7600167,0.0,0.0,0.0,0.0
12,10,6,0,,,,2.7227166,0.0,0.0,0.0,289.83
12,11,6,0,,,,1.6561167,0.0,0.0,0.0,473.75
12,12,6,0,,,,1.5121334,0.0,0.0,0.0,550.88
12,13,6,0,,,,1.6565666,0.0,0.0,0.0,484.41
12,14,6,0,,,,1.63945,0.0,0.0,0.0,481.74
12,15,6,0,,,,1.2089334,0.0,0.0,0.0,274.68
12,16,6,0,,,,0.98618335,0.0,0.0,0.0,6.84
12,17,6,0,,,,1.0861167,0.0,0.0,0.0,0.0
12,18,6,0,,,,1.2548667,0.0,0.0,0.0,0.0
12,19,6,0,,,,1.54365,0.0,0.0,0.0,0.0
12,20,6,0,,,,1.7353667,0.0,0.0,0.0,0.0
12,21,6,0,,,,1.8641833,0.0,0.0,0.0,0.0
12,22,6,0,,,,1.0234166,0.0,0.0,0.0,0.0
12,23,6,0,,,,0.85576665,0.0,0.0,0.0,0.0
12,24,6,0,,,,0.44635832,0.0,0.0,0.0,0.0
12,1,7,0,,,,0.46778333,0.0,0.0,0.0,0.0
12,2,7,0,,,,0.4645,0.0,0.0,0.0,0.0
12,3,7,0,,,,0.44103333,0.0,0.0,0.0,0.0
12,4,7,0,,,,0.44346666,0.0,0.0,0.0,0.0
12,5,7,0,,,,0.42973334,0.0,0.0,0.0,0.0
12,6,7,0,,,,0.45648333,0.0,0.0,0.0,0.0
12,7,7,0,,,,0.55221665,0.0,0.0,0.0,0.0
12,8,7,0,,,,1.3374333,0.0,0.0,0.0,0.0
12,9,7,0,,,,2.8850834,0.0,0.0,0.0,0.0
12,10,7,0,,,,0.93046665,0.0,0.0,0.0,210.17
12,11,7,0,,,,0.70935,0.0,0.0,0.0,462.44
12,12,7,0,,,,0.83021665,0.0,0.0,0.0,356.03
12,13,7,0,,,,0.80145,0.0,0.0,0.0,442.92
12,14,7,0,,,,0.44961667,0.0,0.0,0.0,516.67
12,15,7,0,,,,0.9892,0.0,0.0,0.0,298.96
12,16,7,0,,,,1.1124834,0.0,0.0,0.0,9.62
12,17,7,0,,,,1.5022666,0.0,0.0,0.0,0.0
12,18,7,0,,,,1.3358166,0.0,0.0,0.0,0.0
12,19,7,0,,,,1.70835,0.0,0.0,0.0,0.0
12,20,7,0,,,,1.3045666,0.0,0.0,0.0,0.0
12,21,7,0,,,,3.1180334,0.0,0.0,0.0,0.0
12,22,7,0,,,,2.0948,0.0,0.0,0.0,0.0
12,23,7,0,,,,0.77468336,0.0,0.0,0.0,0.0
12,24,7,0,,,,0.62894166,0.0,0.0,0.0,0.0
12,1,1,0,,,,1.1851166,0.0,0.0,0.0,0.0
12,2,1,0,,,,1.2737833,0.0,0.0,0.0,0.0
12,3,1,0,,,,0.49646667,0.0,0.0,0.0,0.0
12,4,1,0,,,,1.3609834,0.0,0.0,0.0,0.0
12,5,1,0,,,,3.0714166,0.0,0.0,0.0,0.0
12,6,1,0,,,,1.1076833,0.0,0.0,0.0,0.0
12,7,1,0,,,,0.63231665,0.0,0.0,0.0,0.0
12,8,1,0,,,,0.3831,0.0,0.0,0.0,0.0
12,9,1,0,,,,0.38251665,0.0,0.0,0.0,0.0
12,10,1,0,,,,0.3661,0.0,0.0,0.0,148.53
12,11,1,0,,,,0.36038333,0.0,0.0,0.0,521.39
12,12,1,0,,,,0.35481668,0.0,0.0,0.0,587.01
12,13,1,0,,,,0.35591668,0.0,0.0,0.0,579.65
12,14,1,0,,,,0.34831667,0.0,0.0,0.0,532.63
12,15,1,0,,,,0.3546,0.0,0.0,0.0,380.77
12,16,1,0,,,,1.1926833,0.0,0.0,0.0,8.07
12,17,1,0,,,,4.5075665,0.0,0.0,0.0,0.0
12,18,1,0,,,,2.8917167,0.0,0.0,0.0,0.0
12,19,1,0,,,,2.7964916,0.0,0.0,0.0,0.0
12,20,1,0,,,,3.2876,0.0,0.0,0.0,0.0
12,21,1,0,,,,0.96631664,0.0,0.0,0.0,0.0
12,22,1,0,,,,0.4925,0.0,0.0,0.0,0.0
12,23,1,0,,,,0.50395,0.0,0.0,0.0,0.0
12,24,1,0,,,,0.49623334,0.0,0.0,0.0,0.0
12,1,2,0,,,,0.48823333,0.0,0.0,0.0,0.0
12,2,2,0,,,,0.44651666,0.0,0.0,0.0,0.0
12,3,2,0,,,,0.45463333,0.0,0.0,0.0,0.0
12,4,2,0,,,,0.46295,0.0,0.0,0.0,0.0
12,5,2,0,,,,2.3126833,0.0,0.0,0.0,0.0
12,6,2,0,,,,0.6774333,0.0,0.0,0.0,0.0
12,7,2,0,,,,0.38106668,0.0,0.0,0.0,0.0
12,8,2,0,,,,0.37798333,0.0,0.0,0.0,0.0
12,9,2,0,,,,0.37461665,0.0,0.0,0.0,0.0
12,10,2,0,,,,0.36483333,0.0,0.0,0.0,155.12
12,11,2,0,,,,0.36736667,0.0,0.0,0.0,396.59
12,12,2,0,,,,0.36808333,0.0,0.0,0.0,526.48
12,13,2,0,,,,0.45123333,0.0,0.0,0.0,435.46
12,14,2,0,,,,0.6383167,0.0,0.0,0.0,512.66
12,15,2,0,,,,0.441,0.0,0.0,0.0,342.57
12,16,2,0,,,,0.5002,0.0,0.0,0.0,6.49
12,17,2,0,,,,1.3657833,0.0,0.0,0.0,0.0
12,18,2,0,,,,2.0809667,0.0,0.0,0.0,0.0
12,19,2,0,,,,1.6861666,0.0,0.0,0.0,0.0
12,20,2,0,,,,3.6496665,0.0,0.0,0.0,0.0
12,21,2,0,,,,1.0884334,0.0,0.0,0.0,0.0
12,22,2,0,,,,0.5948667,0.0,0.0,0.0,0.0
12,23,2,0,,,,0.43041667,0.0,0.0,0.0,0.0
12,24,2,0,,,,0.43894166,0.0,0.0,0.0,0.0
12,1,3,0,,,,0.43158334,0.0,0.0,0.0,0.0
12,2,3,0,,,,0.44286665,0.0,0.0,0.0,0.0
12,3,3,0,,,,0.44476667,0.0,0.0,0.0,0.0
12,4,3,0,,,,0.42868334,0.0,0.0,0.0,0.0
12,5,3,0,,,,1.4137666,0.0,0.0,0.0,0.0
12,6,3,0,,,,0.88853335,0.0,0.0,0.0,0.0
12,7,3,0,,,,0.5013667,0.0,0.0,0.0,0.0
12,8,3,0,,,,0.35008332,0.0,0.0,0.0,0.0
12,9,3,0,,,,0.34618333,0.0,0.0,0.0,0.0
12,10,3,0,,,,0.35565,0.0,0.0,0.0,22.04
12,11,3,0,,,,0.35796666,0.0,0.0,0.0,36.54
12,12,3,0,,,,0.35515,0.0,0.0,0.0,51.92
12,13,3,0,,,,0.33791667,0.0,0.0,0.0,48.72
12,14,3,0,,,,0.3413,0.0,0.0,0.0,20.18
12,15,3,0,,,,0.35133332,0.0,0.0,0.0,99.91
12,16,3,0,,,,2.5609,0.0,0.0,0.0,9.76
12,17,3,0,,,,2.0809166,0.0,0.0,0.0,0.0
12,18,3,0,,,,1.9101,0.0,0.0,0.0,0.0
12,19,3,0,,,,2.2089167,0.0,0.0,0.0,0.0
12,20,3,0,,,,1.5452833,0.0,0.0,0.0,0.0
12,21,3,0,,,,0.64678335,0.0,0.0,0.0,0.0
12,22,3,0,,,,0.4788,0.0,0.0,0.0,0.0
12,23,3,0,,,,0.47755,0.0,0.0,0.0,0.0
12,24,3,0,,,,0.45614168,0.0,0.0,0.0,0.0
12,1,4,0,,,,0.4355,0.0,0.0,0.0,0.0
12,2,4,0,,,,0.4363,0.0,0.0,0.0,0.0
12,3,4,0,,,,0.44248334,0.0,0.0,0.0,0.0
12,4,4,0,,,,0.4336,0.0,0.0,0.0,0.0
12,5,4,0,,,,2.0681167,0.0,0.0,0.0,0.0
12,6,4,0,,,,1.2429833,0.0,0.0,0.0,0.0
12,7,4,0,,,,0.373,0.0,0.0,0.0,0.0
12,8,4,0,,,,3.1817667,0.0,0.0,0.0,0.0
12,9,4,0,,,,2.9318166,0.0,0.0,0.0,0.0
12,10,4,0,,,,0.90886664,0.0,0.0,0.0,7.6
12,11,4,0,,,,1.8606167,0.0,0.0,0.0,99.98
12,12,4,0,,,,1.5602833,0.0,0.0,0.0,57.01
12,13,4,0,,,,1.4401,0.0,0.0,0.0,25.09
12,14,4,0,,,,0.9169,0.0,0.0,0.0,15.22
12,15,4,0,,,,1.4933,0.0,0.0,0.0,3.0
12,16,4,0,,,,1.1848,0.0,0.0,0.0,5.67
12,17,4,0,,,,2.0242834,0.0,0.0,0.0,0.0
12,18,4,0,,,,1.6170167,0.0,0.0,0.0,0.0
12,19,4,0,,,,2.2214334,0.0,0.0,0.0,0.0
12,20,4,0,,,,1.8499167,0.0,0.0,0.0,0.0
12,21,4,0,,,,4.9891167,0.0,0.0,0.0,0.0
12,22,4,0,,,,0.87516665,0.0,0.0,0.0,0.0
12,23,4,0,,,,0.55868334,0.0,0.0,0.0,0.0
12,24,4,0,,,,0.457575,0.0,0.0,0.0,0.0
12,1,5,0,,,,0.45353332,0.0,0.0,0.0,0.0
12,2,5,0,,,,0.46348333,0.0,0.0,0.0,0.0
12,3,5,0,,,,0.45066667,0.0,0.0,0.0,0.0
12,4,5,0,,,,0.46288332,0.0,0.0,0.0,0.0
12,5,5,0,,,,0.44838333,0.0,0.0,0.0,0.0
12,6,5,0,,,,0.463,0.0,0.0,0.0,0.0
12,7,5,0,,,,1.5389833,0.0,0.0,0.0,0.0
12,8,5,0,,,,1.0311,0.0,0.0,0.0,0.0
12,9,5,0,,,,1.1476834,0.0,0.0,0.0,0.0
12,10,5,0,,,,1.1966,0.0,0.0,0.0,5.79
12,11,5,0,,,,1.0971667,0.0,0.0,0.0,20.09
12,12,5,0,,,,0.7367833,0.0,0.0,0.0,12.5
12,13,5,0,,,,0.75278336,0.0,0.0,0.0,12.45
12,14,5,0,,,,0.34556666,0.0,0.0,0.0,7.41
12,15,5,0,,,,0.82986665,0.0,0.0,0.0,176.25
12,16,5,0,,,,2.0516834,0.0,0.0,0.0,11.36
12,17,5,0,,,,2.0205,0.0,0.0,0.0,0.0
12,18,5,0,,,,1.5690666,0.0,0.0,0.0,0.0
12,19,5,0,,,,1.2371334,0.0,0.0,0.0,0.0
12,20,5,0,,,,1.5418333,0.0,0.0,0.0,0.0
12,21,5,0,,,,1.3131,0.0,0.0,0.0,0.0
12,22,5,0,,,,0.48001668,0.0,0.0,0.0,0.0
12,23,5,0,,,,0.46696666,0.0,0.0,0.0,0.0
12,24,5,0,,,,0.4706,0.0,0.0,0.0,0.0
12,1,6,0,,,,0.45944166,0.0,0.0,0.0,0.0
12,2,6,0,,,,0.47216666,0.0,0.0,0.0,0.0
12,3,6,0,,,,0.46961668,0.0,0.0,0.0,0.0
12,4,6,0,,,,0.47295,0.0,0.0,0.0,0.0
12,5,6,0,,,,0.46645,0.0,0.0,0.0,0.0
12,6,6,0,,,,0.47513333,0.0,0.0,0.0,0.0
12,7,6,0,,,,1.5134,0.0,0.0,0.0,0.0
12,8,6,0,,,,3.5406666,0.0,0.0,0.0,0.0
12,9,6,0,,,,1.66735,0.0,0.0,0.0,0.0
12,10,6,0,,,,1.6044,0.0,0.0,0.0,73.79
12,11,6,0,,,,1.5671,0.0,0.0,0.0,53.49
12,12,6,0,,,,1.1225834,0.0,0.0,0.0,27.62
12,13,6,0,,,,1.0379333,0.0,0.0,0.0,38.84
12,14,6,0,,,,1.2772334,0.0,0.0,0.0,16.07
12,15,6,0,,,,1.4230334,0.0,0.0,0.0,34.59
12,16,6,0,,,,1.7312334,0.0,0.0,0.0,11.61
12,17,6,0,,,,2.0677667,0.0,0.0,0.0,0.0
12,18,6,0,,,,1.7669667,0.0,0.0,0.0,0.0
12,19,6,0,,,,2.0089333,0.0,0.0,0.0,0.0
12,20,6,0,,,,1.9108666,0.0,0.0,0.0,0.0
12,21,6,0,,,,2.60335,0.0,0.0,0.0,0.0
12,22,6,0,,,,1.4560333,0.0,0.0,0.0,0.0
12,23,6,0,,,,0.73099583,0.0,0.0,0.0,0.0
12,24,6,0,,,,0.449775,0.0,0.0,0.0,0.0
12,1,7,0,,,,0.45215,0.0,0.0,0.0,0.0
12,2,7,0,,,,0.43121666,0.0,0.0,0.0,0.0
12,3,7,0,,,,0.55431664,0.0,0.0,0.0,0.0
12,4,7,0,,,,0.45101666,0.0,0.0,0.0,0.0
12,5,7,0,,,,0.43751666,0.0,0.0,0.0,0.0
12,6,7,0,,,,1.4194167,0.0,0.0,0.0,0.0
12,7,7,0,,,,3.23525,0.0,0.0,0.0,0.0
12,8,7,0,,,,2.0961208,0.0,0.0,0.0,0.0
12,9,7,0,,,,1.7732416,0.0,0.0,0.0,0.0
12,10,7,0,,,,1.0819167,0.0,0.0,0.0,6.49
12,11,7,0,,,,1.0867333,0.0,0.0,0.0,14.9
12,12,7,0,,,,1.2588834,0.0,0.0,0.0,32.33
12,13,7,0,,,,1.48225,0.0,0.0,0.0,16.94
12,14,7,0,,,,0.98268336,0.0,0.0,0.0,7.06
12,15,7,0,,,,0.7356167,0.0,0.0,0.0,5.87
12,16,7,0,,,,0.71765,0.0,0.0,0.0,0.0
12,17,7,0,,,,1.1823833,0.0,0.0,0.0,0.0
12,18,7,0,,,,1.0792834,0.0,0.0,0.0,0.0
12,19,7,0,,,,1.66635,0.0,0.0,0.0,0.0
12,20,7,0,,,,0.98808336,0.0,0.0,0.0,0.0
12,21,7,0,,,,0.87755,0.0,0.0,0.0,0.0
12,22,7,0,,,,0.47138333,0.0,0.0,0.0,0.0
12,23,7,0,,,,0.4741,0.0,0.0,0.0,0.0
12,24,7,0,,,,0.4868,0.0,0.0,0.0,0.0
12,1,1,0,,,,0.4785,0.0,0.0,0.0,0.0
12,2,1,0,,,,1.3734334,0.0,0.0,0.0,0.0
12,3,1,0,,,,0.47566667,0.0,0.0,0.0,0.0
12,4,1,0,,,,0.96723336,0.0,0.0,0.0,0.0
12,5,1,0,,,,0.75416666,0.0,0.0,0.0,0.0
12,6,1,0,,,,0.72565,0.0,0.0,0.0,0.0
12,7,1,0,,,,0.92938334,0.0,0.0,0.0,0.0
12,8,1,0,,,,3.5296834,0.0,0.0,0.0,0.0
12,9,1,0,,,,2.3521,0.0,0.0,0.0,0.0
12,10,1,0,,,,1.7951167,0.0,0.0,0.0,4.74
12,11,1,0,,,,0.96346664,0.0,0.0,0.0,10.87
12,12,1,0,,,,0.6389167,0.0,0.0,0.0,16.26
12,13,1,0,,,,0.3301,0.0,0.0,0.0,12.17
12,14,1,0,,,,0.33041668,0.0,0.0,0.0,14.18
12,15,1,0,,,,0.34175,0.0,0.0,0.0,6.47
12,16,1,0,,,,1.9230167,0.0,0.0,0.0,0.0
12,17,1,0,,,,2.3652334,0.0,0.0,0.0,0.0
12,18,1,0,,,,2.1898668,0.0,0.0,0.0,0.0
12,19,1,0,,,,0.8465,0.0,0.0,0.0,0.0
12,20,1,0,,,,0.45143333,0.0,0.0,0.0,0.0
12,21,1,0,,,,0.41423333,0.0,0.0,0.0,0.0
12,22,1,0,,,,0.35738334,0.0,0.0,0.0,0.0
12,23,1,0,,,,0.35066667,0.0,0.0,0.0,0.0
12,24,1,0,,,,0.5094417,0.0,0.0,0.0,0.0
12,1,2,0,,,,0.3932,0.0,0.0,0.0,0.0
12,2,2,0,,,,0.38323334,0.0,0.0,0.0,0.0
12,3,2,0,,,,0.35663334,0.0,0.0,0.0,0.0
12,4,2,0,,,,0.34026667,0.0,0.0,0.0,0.0
12,5,2,0,,,,0.32376668,0.0,0.0,0.0,0.0
12,6,2,0,,,,0.32876667,0.0,0.0,0.0,0.0
12,7,2,0,,,,0.28068334,0.0,0.0,0.0,0.0
12,8,2,0,,,,0.30886668,0.0,0.0,0.0,0.0
12,9,2,0,,,,0.32001665,0.0,0.0,0.0,0.0
12,10,2,0,,,,0.31876665,0.0,0.0,0.0,26.52
12,11,2,0,,,,2.1331,0.0,0.0,0.0,29.85
12,12,2,0,,,,4.5807333,0.0,0.0,0.0,48.64
12,13,2,0,,,,2.5097334,0.0,0.0,0.0,31.36
12,14,2,0,,,,2.1229334,0.0,0.0,0.0,38.36
12,15,2,0,,,,2.4729166,0.0,0.0,0.0,134.36
12,16,2,0,,,,2.23995,0.0,0.0,0.0,12.62
12,17,2,0,,,,2.4419668,0.0,0.0,0.0,0.0
12,18,2,0,,,,1.97105,0.0,0.0,0.0,0.0
12,19,2,0,,,,1.8664666,0.0,0.0,0.0,0.0
12,20,2,0,,,,1.5999833,0.0,0.0,0.0,0.0
12,21,2,0,,,,0.96603334,0.0,0.0,0.0,0.0
12,22,2,0,,,,0.43323332,0.0,0.0,0.0,0.0
12,23,2,0,,,,0.3876,0.0,0.0,0.0,0.0
12,24,2,0,,,,0.39588332,0.0,0.0,0.0,0.0
12,1,3,0,,,,0.39938334,0.0,0.0,0.0,0.0
12,2,3,0,,,,0.39731666,0.0,0.0,0.0,0.0
12,3,3,0,,,,0.39753333,0.0,0.0,0.0,0.0
12,4,3,0,,,,0.3902,0.0,0.0,0.0,0.0
12,5,3,0,,,,0.37658334,0.0,0.0,0.0,0.0
12,6,3,0,,,,0.3649,0.0,0.0,0.0,0.0
12,7,3,0,,,,0.3292,0.0,0.0,0.0,0.0
12,8,3,0,,,,1.2751334,0.0,0.0,0.0,0.0
12,9,3,0,,,,1.3335667,0.0,0.0,0.0,0.0
12,10,3,0,,,,1.6879833,0.0,0.0,0.0,15.22
12,11,3,0,,,,0.85801667,0.0,0.0,0.0,29.13
12,12,3,0,,,,0.8778667,0.0,0.0,0.0,23.79
12,13,3,0,,,,1.3835334,0.0,0.0,0.0,19.36
12,14,3,0,,,,0.72221667,0.0,0.0,0.0,24.45
12,15,3,0,,,,0.66573334,0.0,0.0,0.0,20.06
12,16,3,0,,,,0.83235,0.0,0.0,0.0,6.58
12,17,3,0,,,,1.4384167,0.0,0.0,0.0,0.0
12,18,3,0,,,,1.52955,0.0,0.0,0.0,0.0
12,19,3,0,,,,2.9536333,0.0,0.0,0.0,0.0
12,20,3,0,,,,1.15115,0.0,0.0,0.0,0.0
12,21,3,0,,,,1.0032333,0.0,0.0,0.0,0.0
12,22,3,0,,,,0.862,0.0,0.0,0.0,0.0
12,23,3,0,,,,0.48413333,0.0,0.0,0.0,0.0
12,24,3,0,,,,0.391125,0.0,0.0,0.0,0.0
12,1,4,0,,,,0.39976665,0.0,0.0,0.0,0.0
12,2,4,0,,,,0.41071665,0.0,0.0,0.0,0.0
12,3,4,0,,,,0.4038,0.0,0.0,0.0,0.0
12,4,4,0,,,,0.40046668,0.0,0.0,0.0,0.0
12,5,4,0,,,,0.39665,0.0,0.0,0.0,0.0
12,6,4,0,,,,0.40193334,0.0,0.0,0.0,0.0
12,7,4,0,,,,0.36026666,0.0,0.0,0.0,0.0
12,8,4,0,,,,1.6319833,0.0,0.0,0.0,0.0
12,9,4,0,,,,0.45485,0.0,0.0,0.0,0.0
12,10,4,0,,,,0.34085,0.0,0.0,0.0,87.02
12,11,4,0,,,,0.30918333,0.0,0.0,0.0,91.35
12,12,4,0,,,,0.32381666,0.0,0.0,0.0,51.64
12,13,4,0,,,,0.32111666,0.0,0.0,0.0,30.91
12,14,4,0,,,,0.3383,0.0,0.0,0.0,27.03
12,15,4,0,,,,0.33813334,0.0,0.0,0.0,13.88
12,16,4,0,,,,0.36468333,0.0,0.0,0.0,4.3
12,17,4,0,,,,0.59145,0.0,0.0,0.0,0.0
12,18,4,0,,,,1.3643667,0.0,0.0,0.0,0.0
12,19,4,0,,,,1.9573833,0.0,0.0,0.0,0.0
12,20,4,0,,,,1.7022333,0.0,0.0,0.0,0.0
12,21,4,0,,,,0.75475,0.0,0.0,0.0,0.0
12,22,4,0,,,,0.4874,0.0,0.0,0.0,0.0
12,23,4,0,,,,0.46541667,0.0,0.0,0.0,0.0
12,24,4,0,,,,0.46206668,0.0,0.0,0.0,0.0
12,1,5,0,,,,0.4657,0.0,0.0,0.0,0.0
12,2,5,0,,,,0.44543332,0.0,0.0,0.0,0.0
12,3,5,0,,,,0.46181667,0.0,0.0,0.0,0.0
12,4,5,0,,,,0.39438334,0.0,0.0,0.0,0.0
12,5,5,0,,,,0.38991666,0.0,0.0,0.0,0.0
12,6,5,0,,,,0.38251665,0.0,0.0,0.0,0.0
12,7,5,0,,,,0.38166666,0.0,0.0,0.0,0.0
12,8,5,0,,,,1.5820833,0.0,0.0,0.0,0.0
12,9,5,0,,,,1.39575,0.0,0.0,0.0,0.0
12,10,5,0,,,,1.0663834,0.0,0.0,0.0,17.66
12,11,5,0,,,,0.6580333,0.0,0.0,0.0,30.43
12,12,5,0,,,,0.9630833,0.0,0.0,0.0,131.62
12,13,5,0,,,,1.2067167,0.0,0.0,0.0,20.44
12,14,5,0,,,,1.2957667,0.0,0.0,0.0,9.89
12,15,5,0,,,,1.6343,0.0,0.0,0.0,4.33
12,16,5,0,,,,1.5762666,0.0,0.0,0.0,0.03
12,17,5,0,,,,1.7586833,0.0,0.0,0.0,0.0
12,18,5,0,,,,1.6086667,0.0,0.0,0.0,0.0
12,19,5,0,,,,0.69065,0.0,0.0,0.0,0.0
12,20,5,0,,,,0.8157167,0.0,0.0,0.0,0.0
12,21,5,0,,,,0.7087333,0.0,0.0,0.0,0.0
12,22,5,0,,,,0.51145,0.0,0.0,0.0,0.0
12,23,5,0,,,,0.49878332,0.0,0.0,0.0,0.0
12,24,5,0,,,,0.567175,0.0,0.0,0.0,0.0
12,1,6,0,,,,0.8337333,0.0,0.0,0.0,0.0
12,2,6,0,,,,0.45676666,0.0,0.0,0.0,0.0
12,3,6,0,,,,0.44698334,0.0,0.0,0.0,0.0
12,4,6,0,,,,0.47525,0.0,0.0,0.0,0.0
12,5,6,0,,,,0.46585,0.0,0.0,0.0,0.0
12,6,6,0,,,,0.44466665,0.0,0.0,0.0,0.0
12,7,6,0,,,,2.0081832,0.0,0.0,0.0,0.0
12,8,6,0,,,,1.0166167,0.0,0.0,0.0,0.0
12,9,6,0,,,,1.1203834,0.0,0.0,0.0,0.0
12,10,6,0,,,,1.11915,0.0,0.0,0.0,318.81
12,11,6,0,,,,1.3466333,0.0,0.0,0.0,440.61
12,12,6,0,,,,1.6443334,0.0,0.0,0.0,547.75
12,13,6,0,,,,2.4176667,0.0,0.0,0.0,30.19
12,14,6,0,,,,2.3465166,0.0,0.0,0.0,24.95
12,15,6,0,,,,3.7310166,0.0,0.0,0.0,25.72
12,16,6,0,,,,1.55875,0.0,0.0,0.0,8.37
12,17,6,0,,,,1.42265,0.0,0.0,0.0,0.0
12,18,6,0,,,,1.0518667,0.0,0.0,0.0,0.0
12,19,6,0,,,,1.2437333,0.0,0.0,0.0,0.0
12,20,6,0,,,,1.5079833,0.0,0.0,0.0,0.0
12,21,6,0,,,,1.2315667,0.0,0.0,0.0,0.0
12,22,6,0,,,,1.0619833,0.0,0.0,0.0,0.0
12,23,6,0,,,,1.1400083,0.0,0.0,0.0,0.0
12,24,6,0,,,,1.0081416,0.0,0.0,0.0,0.0
1,1,7,0,,,,0.8398833,0.0,0.0,0.0,0.0
1,2,7,0,,,,0.76126665,0.0,0.0,0.0,0.0
1,3,7,0,,,,0.52036667,0.0,0.0,0.0,0.0
1,4,7,0,,,,0.50853336,0.0,0.0,0.0,0.0
1,5,7,0,,,,0.9092,0.0,0.0,0.0,0.0
1,6,7,0,,,,0.9093,0.0,0.0,0.0,0.0
1,7,7,0,,,,0.78146666,0.0,0.0,0.0,0.0
1,8,7,0,,,,0.81943333,0.0,0.0,0.0,0.0
1,9,7,0,,,,1.1911666,0.0,0.0,0.0,0.0
1,10,7,0,,,,1.2800333,0.0,0.0,0.0,1.25
1,11,7,0,,,,1.4689333,0.0,0.0,0.0,33.36
1,12,7,0,,,,2.24385,0.0,0.0,0.0,43.51
1,13,7,0,,,,1.6749,0.0,0.0,0.0,9.84
1,14,7,0,,,,1.67345,0.0,0.0,0.0,117.26
1,15,7,0,,,,1.6065667,0.0,0.0,0.0,21.69
1,16,7,0,,,,1.6915333,0.0,0.0,0.0,0.78
1,17,7,0,,,,1.6167166,0.0,0.0,0.0,0.0
1,18,7,0,,,,1.3765,0.0,0.0,0.0,0.0
1,19,7,0,,,,1.6008333,0.0,0.0,0.0,0.0
1,20,7,0,,,,1.04405,0.0,0.0,0.0,0.0
1,21,7,0,,,,0.8900167,0.0,0.0,0.0,0.0
1,22,7,0,,,,0.42868334,0.0,0.0,0.0,0.0
1,23,7,0,,,,0.36535,0.0,0.0,0.0,0.0
1,24,7,0,,,,0.30755,0.0,0.0,0.0,0.0
1,1,1,0,,,,0.31811666,0.0,0.0,0.0,0.0
1,2,1,0,,,,0.31138334,0.0,0.0,0.0,0.0
1,3,1,0,,,,0.30108333,0.0,0.0,0.0,0.0
1,4,1,0,,,,0.31495,0.0,0.0,0.0,0.0
1,5,1,0,,,,0.30608332,0.0,0.0,0.0,0.0
1,6,1,0,,,,2.2023168,0.0,0.0,0.0,0.0
1,7,1,0,,,,0.87588334,0.0,0.0,0.0,0.0
1,8,1,0,,,,1.6481167,0.0,0.0,0.0,0.0
1,9,1,0,,,,3.0565,0.0,0.0,0.0,0.0
1,10,1,0,,,,1.5310167,0.0,0.0,0.0,309.29
1,11,1,0,,,,1.3906833,0.0,0.0,0.0,279.12
1,12,1,0,,,,1.3556666,0.0,0.0,0.0,72.17
1,13,1,0,,,,1.78915,0.0,0.0,0.0,28.42
1,14,1,0,,,,1.8308667,0.0,0.0,0.0,42.39
1,15,1,0,,,,1.4528,0.0,0.0,0.0,56.22
1,16,1,0,,,,1.2362167,0.0,0.0,0.0,0.02
1,17,1,0,,,,2.4212167,0.0,0.0,0.0,0.0
1,18,1,0,,,,1.7191,0.0,0.0,0.0,0.0
1,19,1,0,,,,1.2257167,0.0,0.0,0.0,0.0
1,20,1,0,,,,1.23595,0.0,0.0,0.0,0.0
1,21,1,0,,,,0.7945667,0.0,0.0,0.0,0.0
1,22,1,0,,,,0.83785,0.0,0.0,0.0,0.0
1,23,1,0,,,,0.7770333,0.0,0.0,0.0,0.0
1,24,1,0,,,,0.42435834,0.0,0.0,0.0,0.0
1,1,2,0,,,,0.43273333,0.0,0.0,0.0,0.0
1,2,2,0,,,,0.41431665,0.0,0.0,0.0,0.0
1,3,2,0,,,,0.41386667,0.0,0.0,0.0,0.0
1,4,2,0,,,,0.36713332,0.0,0.0,0.0,0.0
1,5,2,0,,,,0.40436667,0.0,0.0,0.0,0.0
1,6,2,0,,,,0.371,0.0,0.0,0.0,0.0
1,7,2,0,,,,1.1125333,0.0,0.0,0.0,0.0
1,8,2,0,,,,1.8838834,0.0,0.0,0.0,0.0
1,9,2,0,,,,0.8807,0.0,0.0,0.0,0.0
1,10,2,0,,,,1.3804834,0.0,0.0,0.0,112.76
1,11,2,0,,,,1.5703167,0.0,0.0,0.0,127.45
1,12,2,0,,,,1.5115334,0.0,0.0,0.0,210.95
1,13,2,0,,,,1.06255,0.0,0.0,0.0,461.88
1,14,2,0,,,,1.5337334,0.0,0.0,0.0,74.03
1,15,2,0,,,,2.3702667,0.0,0.0,0.0,12.54
1,16,2,0,,,,2.4756167,0.0,0.0,0.0,5.49
1,17,2,0,,,,2.59495,0.0,0.0,0.0,0.0
1,18,2,0,,,,1.79975,0.0,0.0,0.0,0.0
1,19,2,0,,,,1.6651,0.0,0.0,0.0,0.0
1,20,2,0,,,,0.84763336,0.0,0.0,0.0,0.0
1,21,2,0,,,,2.3345168,0.0,0.0,0.0,0.0
1,22,2,0,,,,1.9369,0.0,0.0,0.0,0.0
1,23,2,0,,,,0.39055,0.0,0.0,0.0,0.0
1,24,2,0,,,,0.35765,0.0,0.0,0.0,0.0
1,1,3,0,,,,0.35411668,0.0,0.0,0.0,0.0
1,2,3,0,,,,0.34121665,0.0,0.0,0.0,0.0
1,3,3,0,,,,0.36281666,0.0,0.0,0.0,0.0
1,4,3,0,,,,0.49101666,0.0,0.0,0.0,0.0
1,5,3,0,,,,1.3687667,0.0,0.0,0.0,0.0
1,6,3,0,,,,0.34616667,0.0,0.0,0.0,0.0
1,7,3,0,,,,1.1440166,0.0,0.0,0.0,0.0
1,8,3,0,,,,0.35545,0.0,0.0,0.0,0.0
1,9,3,0,,,,1.857,0.0,0.0,0.0,0.0
1,10,3,0,,,,2.6577666,0.0,0.0,0.0,27.01
1,11,3,0,,,,1.7664833,0.0,0.0,0.0,59.67
1,12,3,0,,,,1.1351,0.0,0.0,0.0,136.8
1,13,3,0,,,,1.49415,0.0,0.0,0.0,200.33
1,14,3,0,,,,1.9381833,0.0,0.0,0.0,41.28
1,15,3,0,,,,1.0897334,0.0,0.0,0.0,15.38
1,16,3,0,,,,1.12445,0.0,0.0,0.0,7.98
1,17,3,0,,,,1.8909833,0.0,0.0,0.0,0.0
1,18,3,0,,,,1.4377167,0.0,0.0,0.0,0.0
1,19,3,0,,,,3.4011,0.0,0.0,0.0,0.0
1,20,3,0,,,,1.7535666,0.0,0.0,0.0,0.0
1,21,3,0,,,,1.0645833,0.0,0.0,0.0,0.0
1,22,3,0,,,,0.87866664,0.0,0.0,0.0,0.0
1,23,3,0,,,,0.6076667,0.0,0.0,0.0,0.0
1,24,3,0,,,,0.40741667,0.0,0.0,0.0,0.0
1,1,4,0,,,,0.42055,0.0,0.0,0.0,0.0
1,2,4,0,,,,0.40398332,0.0,0.0,0.0,0.0
1,3,4,0,,,,0.38136667,0.0,0.0,0.0,0.0
1,4,4,0,,,,0.40091667,0.0,0.0,0.0,0.0
1,5,4,0,,,,0.35208333,0.0,0.0,0.0,0.0
1,6,4,0,,,,0.35101667,0.0,0.0,0.0,0.0
1,7,4,0,,,,0.95231664,0.0,0.0,0.0,0.0
1,8,4,0,,,,1.6987333,0.0,0.0,0.0,0.0
1,9,4,0,,,,1.2405167,0.0,0.0,0.0,0.0
1,10,4,0,,,,1.25225,0.0,0.0,0.0,20.09
1,11,4,0,,,,1.2204334,0.0,0.0,0.0,345.86
1,12,4,0,,,,0.92501664,0.0,0.0,0.0,43.52
1,13,4,0,,,,1.1324834,0.0,0.0,0.0,309.9
1,14,4,0,,,,1.0916834,0.0,0.0,0.0,129.79
1,15,4,0,,,,1.0180334,0.0,0.0,0.0,248.36
1,16,4,0,,,,1.7664167,0.0,0.0,0.0,238.71
1,17,4,0,,,,1.6488167,0.0,0.0,0.0,0.0
1,18,4,0,,,,1.1777667,0.0,0.0,0.0,0.0
1,19,4,0,,,,2.0151668,0.0,0.0,0.0,0.0
1,20,4,0,,,,1.7258166,0.0,0.0,0.0,0.0
1,21,4,0,,,,1.0769,0.0,0.0,0.0,0.0
1,22,4,0,,,,0.85861665,0.0,0.0,0.0,0.0
1,23,4,0,,,,0.42368335,0.0,0.0,0.0,0.0
1,24,4,0,,,,0.37295833,0.0,0.0,0.0,0.0
1,1,5,0,,,,0.37298334,0.0,0.0,0.0,0.0
1,2,5,0,,,,0.36755,0.0,0.0,0.0,0.0
1,3,5,0,,,,0.35363334,0.0,0.0,0.0,0.0
1,4,5,0,,,,0.40303335,0.0,0.0,0.0,0.0
1,5,5,0,,,,0.35675,0.0,0.0,0.0,0.0
1,6,5,0,,,,0.5022333,0.0,0.0,0.0,0.0
1,7,5,0,,,,0.3135,0.0,0.0,0.0,0.0
1,8,5,0,,,,1.9733666,0.0,0.0,0.0,0.0
1,9,5,0,,,,2.2951667,0.0,0.0,0.0,0.0
1,10,5,0,,,,1.8816,0.0,0.0,0.0,83.72
1,11,5,0,,,,1.87405,0.0,0.0,0.0,174.0
1,12,5,0,,,,1.2185167,0.0,0.0,0.0,181.71
1,13,5,0,,,,0.9148333,0.0,0.0,0.0,688.14
1,14,5,0,,,,0.87796664,0.0,0.0,0.0,147.72
1,15,5,0,,,,0.7690667,0.0,0.0,0.0,319.34
1,16,5,0,,,,0.96636665,0.0,0.0,0.0,264.94
1,17,5,0,,,,1.27275,0.0,0.0,0.0,0.0
1,18,5,0,,,,1.23045,0.0,0.0,0.0,0.0
1,19,5,0,,,,0.9159333,0.0,0.0,0.0,0.0
1,20,5,0,,,,1.1427833,0.0,0.0,0.0,0.0
1,21,5,0,,,,1.1782666,0.0,0.0,0.0,0.0
1,22,5,0,,,,0.8631,0.0,0.0,0.0,0.0
1,23,5,0,,,,0.42305,0.0,0.0,0.0,0.0
1,24,5,0,,,,0.39483333,0.0,0.0,0.0,0.0
1,1,6,0,,,,0.39623332,0.0,0.0,0.0,0.0
1,2,6,0,,,,0.40805,0.0,0.0,0.0,0.0
1,3,6,0,,,,0.41058335,0.0,0.0,0.0,0.0
1,4,6,0,,,,0.35211667,0.0,0.0,0.0,0.0
1,5,6,0,,,,0.37376666,0.0,0.0,0.0,0.0
1,6,6,0,,,,0.355,0.0,0.0,0.0,0.0
1,7,6,0,,,,0.41578335,0.0,0.0,0.0,0.0
1,8,6,0,,,,2.64445,0.0,0.0,0.0,0.0
1,9,6,0,,,,1.4596334,0.0,0.0,0.0,0.0
1,10,6,0,,,,1.6041167,0.0,0.0,0.0,85.68
1,11,6,0,,,,1.0453334,0.0,0.0,0.0,121.14
1,12,6,0,,,,0.9292667,0.0,0.0,0.0,219.59
1,13,6,0,,,,0.9346,0.0,0.0,0.0,328.31
1,14,6,0,,,,1.2849333,0.0,0.0,0.0,239.53
1,15,6,0,,,,1.2637833,0.0,0.0,0.0,61.09
1,16,6,0,,,,0.87308335,0.0,0.0,0.0,19.38
1,17,6,0,,,,1.9547167,0.0,0.0,0.0,0.0
1,18,6,0,,,,1.8287166,0.0,0.0,0.0,0.0
1,19,6,0,,,,1.5397834,0.0,0.0,0.0,0.0
1,20,6,0,,,,1.8007166,0.0,0.0,0.0,0.0
1,21,6,0,,,,1.9212,0.0,0.0,0.0,0.0
1,22,6,0,,,,0.93314165,0.0,0.0,0.0,0.0
1,23,6,0,,,,0.85148335,0.0,0.0,0.0,0.0
1,24,6,0,,,,0.440725,0.0,0.0,0.0,0.0
1,1,7,0,,,,0.43611667,0.0,0.0,0.0,0.0
1,2,7,0,,,,0.46178332,0.0,0.0,0.0,0.0
1,3,7,0,,,,0.43608335,0.0,0.0,0.0,0.0
1,4,7,0,,,,0.43875,0.0,0.0,0.0,0.0
1,5,7,0,,,,0.45438334,0.0,0.0,0.0,0.0
1,6,7,0,,,,0.38286668,0.0,0.0,0.0,0.0
1,7,7,0,,,,0.30176666,0.0,0.0,0.0,0.0
1,8,7,0,,,,0.69016665,0.0,0.0,0.0,0.0
1,9,7,0,,,,2.3035667,0.0,0.0,0.0,0.0
1,10,7,0,,,,2.00525,0.0,0.0,0.0,305.87
1,11,7,0,,,,0.8614,0.0,0.0,0.0,299.96
1,12,7,0,,,,0.636,0.0,0.0,0.0,325.18
1,13,7,0,,,,0.28651667,0.0,0.0,0.0,250.55
1,14,7,0,,,,0.61515,0.0,0.0,0.0,302.2
1,15,7,0,,,,1.2455333,0.0,0.0,0.0,106.87
1,16,7,0,,,,1.4175833,0.0,0.0,0.0,21.0
1,17,7,0,,,,1.0710334,0.0,0.0,0.0,0.0
1,18,7,0,,,,1.0127833,0.0,0.0,0.0,0.0
1,19,7,0,,,,0.83281666,0.0,0.0,0.0,0.0
1,20,7,0,,,,0.9831833,0.0,0.0,0.0,0.0
1,21,7,0,,,,0.803,0.0,0.0,0.0,0.0
1,22,7,0,,,,0.7245833,0.0,0.0,0.0,0.0
1,23,7,0,,,,0.39666668,0.0,0.0,0.0,0.0
1,24,7,0,,,,0.40275,0.0,0.0,0.0,0.0
1,1,1,0,,,,0.4105,0.0,0.0,0.0,0.0
1,2,1,0,,,,0.39563334,0.0,0.0,0.0,0.0
1,3,1,0,,,,0.40008333,0.0,0.0,0.0,0.0
1,4,1,0,,,,0.42473334,0.0,0.0,0.0,0.0
1,5,1,0,,,,1.732,0.0,0.0,0.0,0.0
1,6,1,0,,,,0.8861333,0.0,0.0,0.0,0.0
1,7,1,0,,,,0.36483333,0.0,0.0,0.0,0.0
1,8,1,0,,,,0.36146668,0.0,0.0,0.0,0.0
1,9,1,0,,,,0.35536668,0.0,0.0,0.0,0.0
1,10,1,0,,,,0.3478,0.0,0.0,0.0,252.85
1,11,1,0,,,,0.36213332,0.0,0.0,0.0,407.5
1,12,1,0,,,,0.2992,0.0,0.0,0.0,345.71
1,13,1,0,,,,0.30633333,0.0,0.0,0.0,706.11
1,14,1,0,,,,0.3223,0.0,0.0,0.0,609.0
1,15,1,0,,,,0.30251667,0.0,0.0,0.0,469.02
1,16,1,0,,,,0.9508167,0.0,0.0,0.0,324.67
1,17,1,0,,,,2.9748,0.0,0.0,0.0,0.0
1,18,1,0,,,,1.8040333,0.0,0.0,0.0,0.0
1,19,1,0,,,,1.3370833,0.0,0.0,0.0,0.0
1,20,1,0,,,,3.8612833,0.0,0.0,0.0,0.0
1,21,1,0,,,,0.86008334,0.0,0.0,0.0,0.0
1,22,1,0,,,,0.73863333,0.0,0.0,0.0,0.0
1,23,1,0,,,,0.4371,0.0,0.0,0.0,0.0
1,24,1,0,,,,0.43616667,0.0,0.0,0.0,0.0
1,1,2,0,,,,0.3754,0.0,0.0,0.0,0.0
1,2,2,0,,,,0.38838333,0.0,0.0,0.0,0.0
1,3,2,0,,,,0.39215,0.0,0.0,0.0,0.0
1,4,2,0,,,,0.3867,0.0,0.0,0.0,0.0
1,5,2,0,,,,2.3530166,0.0,0.0,0.0,0.0
1,6,2,0,,,,2.7076666,0.0,0.0,0.0,0.0
1,7,2,0,,,,0.49128333,0.0,0.0,0.0,0.0
1,8,2,0,,,,0.35248333,0.0,0.0,0.0,0.0
1,9,2,0,,,,0.3494,0.0,0.0,0.0,0.0
1,10,2,0,,,,0.36096665,0.0,0.0,0.0,74.77
1,11,2,0,,,,0.32978332,0.0,0.0,0.0,130.22
1,12,2,0,,,,0.33048335,0.0,0.0,0.0,303.2
1,13,2,0,,,,0.36648333,0.0,0.0,0.0,635.29
1,14,2,0,,,,0.34628335,0.0,0.0,0.0,159.55
1,15,2,0,,,,0.32281667,0.0,0.0,0.0,312.79
1,16,2,0,,,,1.4325833,0.0,0.0,0.0,164.11
1,17,2,0,,,,2.5516,0.0,0.0,0.0,0.0
1,18,2,0,,,,2.1615667,0.0,0.0,0.0,0.0
1,19,2,0,,,,1.94515,0.0,0.0,0.0,0.0
1,20,2,0,,,,0.91375,0.0,0.0,0.0,0.0
1,21,2,0,,,,0.7847833,0.0,0.0,0.0,0.0
1,22,2,0,,,,0.7244167,0.0,0.0,0.0,0.0
1,23,2,0,,,,0.39048332,0.0,0.0,0.0,0.0
1,24,2,0,,,,0.34783334,0.0,0.0,0.0,0.0
1,1,3,0,,,,0.32675,0.0,0.0,0.0,0.0
1,2,3,0,,,,0.36101666,0.0,0.0,0.0,0.0
1,3,3,0,,,,0.35315,0.0,0.0,0.0,0.0
1,4,3,0,,,,2.5602334,0.0,0.0,0.0,0.0
1,5,3,0,,,,1.28185,0.0,0.0,0.0,0.0
1,6,3,0,,,,0.50998336,0.0,0.0,0.0,0.0
1,7,3,0,,,,0.25476667,0.0,0.0,0.0,0.0
1,8,3,0,,,,0.32665,0.0,0.0,0.0,0.0
1,9,3,0,,,,0.32718334,0.0,0.0,0.0,0.0
1,10,3,0,,,,0.29361665,0.0,0.0,0.0,111.3
1,11,3,0,,,,0.32415,0.0,0.0,0.0,170.58
1,12,3,0,,,,0.30873334,0.0,0.0,0.0,703.68
1,13,3,0,,,,0.27761668,0.0,0.0,0.0,257.57
1,14,3,0,,,,0.31006667,0.0,0.0,0.0,172.91
1,15,3,0,,,,0.33571666,0.0,0.0,0.0,530.18
1,16,3,0,,,,0.52488333,0.0,0.0,0.0,310.53
1,17,3,0,,,,2.6362333,0.0,0.0,0.0,0.0
1,18,3,0,,,,2.3518167,0.0,0.0,0.0,0.0
1,19,3,0,,,,1.4197167,0.0,0.0,0.0,0.0
1,20,3,0,,,,1.81995,0.0,0.0,0.0,0.0
1,21,3,0,,,,1.4788834,0.0,0.0,0.0,0.0
1,22,3,0,,,,0.7159333,0.0,0.0,0.0,0.0
1,23,3,0,,,,0.36661667,0.0,0.0,0.0,0.0
1,24,3,0,,,,0.38318333,0.0,0.0,0.0,0.0
1,1,4,0,,,,0.3904,0.0,0.0,0.0,0.0
1,2,4,0,,,,0.35888332,0.0,0.0,0.0,0.0
1,3,4,0,,,,1.5681666,0.0,0.0,0.0,0.0
1,4,4,0,,,,1.3411334,0.0,0.0,0.0,0.0
1,5,4,0,,,,1.269,0.0,0.0,0.0,0.0
1,6,4,0,,,,0.62895,0.0,0.0,0.0,0.0
1,7,4,0,,,,0.5395833,0.0,0.0,0.0,0.0
1,8,4,0,,,,0.5119,0.0,0.0,0.0,0.0
1,9,4,0,,,,0.5092,0.0,0.0,0.0,0.0
1,10,4,0,,,,0.5365,0.0,0.0,0.0,8.29
1,11,4,0,,,,0.5079167,0.0,0.0,0.0,183.16
1,12,4,0,,,,0.5191333,0.0,0.0,0.0,202.08
1,13,4,0,,,,0.6414,0.0,0.0,0.0,612.05
1,14,4,0,,,,0.54765,0.0,0.0,0.0,68.74
1,15,4,0,,,,0.6339,0.0,0.0,0.0,56.34
1,16,4,0,,,,0.8380167,0.0,0.0,0.0,7.42
1,17,4,0,,,,2.6124833,0.0,0.0,0.0,0.0
1,18,4,0,,,,4.3812,0.0,0.0,0.0,0.0
1,19,4,0,,,,2.6209166,0.0,0.0,0.0,0.0
1,20,4,0,,,,4.0820665,0.0,0.0,0.0,0.0
1,21,4,0,,,,1.55995,0.0,0.0,0.0,0.0
1,22,4,0,,,,0.80065,0.0,0.0,0.0,0.0
1,23,4,0,,,,0.53311664,0.0,0.0,0.0,0.0
1,24,4,0,,,,0.377525,0.0,0.0,0.0,0.0
1,1,5,0,,,,0.38143334,0.0,0.0,0.0,0.0
1,2,5,0,,,,0.402,0.0,0.0,0.0,0.0
1,3,5,0,,,,0.37735,0.0,0.0,0.0,0.0
1,4,5,0,,,,1.2001166,0.0,0.0,0.0,0.0
1,5,5,0,,,,2.2902334,0.0,0.0,0.0,0.0
1,6,5,0,,,,0.8462833,0.0,0.0,0.0,0.0
1,7,5,0,,,,0.36755,0.0,0.0,0.0,0.0
1,8,5,0,,,,0.29605,0.0,0.0,0.0,0.0
1,9,5,0,,,,0.31081668,0.0,0.0,0.0,0.0
1,10,5,0,,,,0.31388333,0.0,0.0,0.0,8.6
1,11,5,0,,,,0.27771667,0.0,0.0,0.0,49.0
1,12,5,0,,,,0.3196,0.0,0.0,0.0,88.93
1,13,5,0,,,,0.29156667,0.0,0.0,0.0,250.91
1,14,5,0,,,,0.4472,0.0,0.0,0.0,89.06
1,15,5,0,,,,0.44055,0.0,0.0,0.0,425.01
1,16,5,0,,,,0.30433333,0.0,0.0,0.0,23.45
1,17,5,0,,,,0.31056666,0.0,0.0,0.0,0.0
1,18,5,0,,,,0.30996665,0.0,0.0,0.0,0.0
1,19,5,0,,,,0.29965,0.0,0.0,0.0,0.0
1,20,5,0,,,,0.32953334,0.0,0.0,0.0,0.0
1,21,5,0,,,,0.29455,0.0,0.0,0.0,0.0
1,22,5,0,,,,0.32663333,0.0,0.0,0.0,0.0
1,23,5,0,,,,0.31928334,0.0,0.0,0.0,0.0
1,24,5,0,,,,0.306,0.0,0.0,0.0,0.0
1,1,6,0,,,,0.33743334,0.0,0.0,0.0,0.0
1,2,6,0,,,,0.29948333,0.0,0.0,0.0,0.0
1,3,6,0,,,,0.54405,0.0,0.0,0.0,0.0
1,4,6,0,,,,0.53173333,0.0,0.0,0.0,0.0
1,5,6,0,,,,0.29928333,0.0,0.0,0.0,0.0
1,6,6,0,,,,0.33291668,0.0,0.0,0.0,0.0
1,7,6,0,,,,0.25268334,0.0,0.0,0.0,0.0
1,8,6,0,,,,0.31531668,0.0,0.0,0.0,0.0
1,9,6,0,,,,0.29535,0.0,0.0,0.0,0.0
1,10,6,0,,,,0.30966666,0.0,0.0,0.0,356.43
1,11,6,0,,,,0.31551668,0.0,0.0,0.0,107.53
1,12,6,0,,,,0.30268332,0.0,0.0,0.0,316.66
1,13,6,0,,,,0.34486666,0.0,0.0,0.0,112.8
1,14,6,0,,,,0.32953334,0.0,0.0,0.0,312.14
1,15,6,0,,,,0.30735,0.0,0.0,0.0,401.56
1,16,6,0,,,,0.3401,0.0,0.0,0.0,15.44
1,17,6,0,,,,0.34711668,0.0,0.0,0.0,0.0
1,18,6,0,,,,0.33331665,0.0,0.0,0.0,0.0
1,19,6,0,,,,0.33786666,0.0,0.0,0.0,0.0
1,20,6,0,,,,0.35621667,0.0,0.0,0.0,0.0
1,21,6,0,,,,0.3145,0.0,0.0,0.0,0.0
1,22,6,0,,,,0.33443335,0.0,0.0,0.0,0.0
1,23,6,0,,,,0.31141666,0.0,0.0,0.0,0.0
1,24,6,0,,,,0.30821666,0.0,0.0,0.0,0.0
1,1,7,0,,,,0.33363333,0.0,0.0,0.0,0.0
1,2,7,0,,,,0.29296666,0.0,0.0,0.0,0.0
1,3,7,0,,,,0.32501668,0.0,0.0,0.0,0.0
1,4,7,0,,,,0.3756,0.0,0.0,0.0,0.0
1,5,7,0,,,,0.63191664,0.0,0.0,0.0,0.0
1,6,7,0,,,,0.32861668,0.0,0.0,0.0,0.0
1,7,7,0,,,,0.24641667,0.0,0.0,0.0,0.0
1,8,7,0,,,,0.31428334,0.0,0.0,0.0,0.0
1,9,7,0,,,,0.31463334,0.0,0.0,0.0,0.0
1,10,7,0,,,,0.28015,0.0,0.0,0.0,332.4
1,11,7,0,,,,0.33966666,0.0,0.0,0.0,494.07
1,12,7,0,,,,0.32571667,0.0,0.0,0.0,639.33
1,13,7,0,,,,0.45061666,0.0,0.0,0.0,622.92
1,14,7,0,,,,0.33016667,0.0,0.0,0.0,51.48
1,15,7,0,,,,0.35373333,0.0,0.0,0.0,105.12
1,16,7,0,,,,0.3153,0.0,0.0,0.0,89.76
1,17,7,0,,,,1.7439166,0.0,0.0,0.0,0.0
1,18,7,0,,,,3.79645,0.0,0.0,0.0,0.0
1,19,7,0,,,,2.6281834,0.0,0.0,0.0,0.0
1,20,7,0,,,,0.7758333,0.0,0.0,0.0,0.0
1,21,7,0,,,,0.7877833,0.0,0.0,0.0,0.0
1,22,7,0,,,,0.6465667,0.0,0.0,0.0,0.0
1,23,7,0,,,,0.37341666,0.0,0.0,0.0,0.0
1,24,7,0,,,,0.36886665,0.0,0.0,0.0,0.0
1,1,1,0,,,,0.33143333,0.0,0.0,0.0,0.0
1,2,1,0,,,,0.35121667,0.0,0.0,0.0,0.0
1,3,1,0,,,,0.34521666,0.0,0.0,0.0,0.0
1,4,1,0,,,,0.3718,0.0,0.0,0.0,0.0
1,5,1,0,,,,0.3761,0.0,0.0,0.0,0.0
1,6,1,0,,,,0.30651668,0.0,0.0,0.0,0.0
1,7,1,0,,,,0.9324,0.0,0.0,0.0,0.0
1,8,1,0,,,,3.6888833,0.0,0.0,0.0,0.0
1,9,1,0,,,,3.2360833,0.0,0.0,0.0,0.0
1,10,1,0,,,,0.82595,0.0,0.0,0.0,101.5
1,11,1,0,,,,0.31163332,0.0,0.0,0.0,277.16
1,12,1,0,,,,0.4539,0.0,0.0,0.0,619.13
1,13,1,0,,,,0.65541667,0.0,0.0,0.0,701.3
1,14,1,0,,,,0.48663333,0.0,0.0,0.0,141.79
1,15,1,0,,,,0.60615,0.0,0.0,0.0,421.17
1,16,1,0,,,,1.6367834,0.0,0.0,0.0,9.28
1,17,1,0,,,,1.9411167,0.0,0.0,0.0,0.0
1,18,1,0,,,,1.8844625,0.0,0.0,0.0,0.0
1,19,1,0,,,,2.4292834,0.0,0.0,0.0,0.0
1,20,1,0,,,,1.7992667,0.0,0.0,0.0,0.0
1,21,1,0,,,,0.715225,0.0,0.0,0.0,0.0
1,22,1,0,,,,0.38025832,0.0,0.0,0.0,0.0
1,23,1,0,,,,0.36885,0.0,0.0,0.0,0.0
1,24,1,0,,,,0.36060834,0.0,0.0,0.0,0.0
1,1,2,0,,,,0.37345,0.0,0.0,0.0,0.0
1,2,2,0,,,,0.35075,0.0,0.0,0.0,0.0
1,3,2,0,,,,0.35176668,0.0,0.0,0.0,0.0
1,4,2,0,,,,1.0214666,0.0,0.0,0.0,0.0
1,5,2,0,,,,2.0295334,0.0,0.0,0.0,0.0
1,6,2,0,,,,0.7779,0.0,0.0,0.0,0.0
1,7,2,0,,,,0.26906666,0.0,0.0,0.0,0.0
1,8,2,0,,,,0.29788333,0.0,0.0,0.0,0.0
1,9,2,0,,,,0.32495,0.0,0.0,0.0,0.0
1,10,2,0,,,,0.30115,0.0,0.0,0.0,64.7
1,11,2,0,,,,0.28363332,0.0,0.0,0.0,77.43
1,12,2,0,,,,0.3134,0.0,0.0,0.0,43.93
1,13,2,0,,,,0.29776666,0.0,0.0,0.0,42.14
1,14,2,0,,,,0.281,0.0,0.0,0.0,135.88
1,15,2,0,,,,0.34021667,0.0,0.0,0.0,101.06
1,16,2,0,,,,2.5450332,0.0,0.0,0.0,34.43
1,17,2,0,,,,1.3987666,0.0,0.0,0.0,0.0
1,18,2,0,,,,2.0847332,0.0,0.0,0.0,0.0
1,19,2,0,,,,2.5895166,0.0,0.0,0.0,0.0
1,20,2,0,,,,1.0108833,0.0,0.0,0.0,0.0
1,21,2,0,,,,0.80048335,0.0,0.0,0.0,0.0
1,22,2,0,,,,0.41628334,0.0,0.0,0.0,0.0
1,23,2,0,,,,0.35593334,0.0,0.0,0.0,0.0
1,24,2,0,,,,0.35930833,0.0,0.0,0.0,0.0
1,1,3,0,,,,0.33153334,0.0,0.0,0.0,0.0
1,2,3,0,,,,0.36593333,0.0,0.0,0.0,0.0
1,3,3,0,,,,0.3472,0.0,0.0,0.0,0.0
1,4,3,0,,,,1.2556833,0.0,0.0,0.0,0.0
1,5,3,0,,,,1.00085,0.0,0.0,0.0,0.0
1,6,3,0,,,,0.48973334,0.0,0.0,0.0,0.0
1,7,3,0,,,,0.25358334,0.0,0.0,0.0,0.0
1,8,3,0,,,,0.33158332,0.0,0.0,0.0,0.0
1,9,3,0,,,,0.30793333,0.0,0.0,0.0,0.0
1,10,3,0,,,,0.29578334,0.0,0.0,0.0,71.7
1,11,3,0,,,,0.30221668,0.0,0.0,0.0,504.61
1,12,3,0,,,,0.31725,0.0,0.0,0.0,224.15
1,13,3,0,,,,0.3149,0.0,0.0,0.0,56.57
1,14,3,0,,,,0.34425,0.0,0.0,0.0,356.92
1,15,3,0,,,,0.36053333,0.0,0.0,0.0,483.29
1,16,3,0,,,,1.6142833,0.0,0.0,0.0,302.68
1,17,3,0,,,,2.9291832,0.0,0.0,0.0,0.0
1,18,3,0,,,,1.4119667,0.0,0.0,0.0,0.0
1,19,3,0,,,,1.9588333,0.0,0.0,0.0,0.0
1,20,3,0,,,,1.2262833,0.0,0.0,0.0,0.0
1,21,3,0,,,,0.75725,0.0,0.0,0.0,0.0
1,22,3,0,,,,0.80756664,0.0,0.0,0.0,0.0
1,23,3,0,,,,0.5010167,0.0,0.0,0.0,0.0
1,24,3,0,,,,0.37011668,0.0,0.0,0.0,0.0
1,1,4,0,,,,0.35693333,0.0,0.0,0.0,0.0
1,2,4,0,,,,0.3402,0.0,0.0,0.0,0.0
1,3,4,0,,,,0.35208333,0.0,0.0,0.0,0.0
1,4,4,0,,,,1.64125,0.0,0.0,0.0,0.0
1,5,4,0,,,,2.2175167,0.0,0.0,0.0,0.0
1,6,4,0,,,,0.82306665,0.0,0.0,0.0,0.0
1,7,4,0,,,,0.29765,0.0,0.0,0.0,0.0
1,8,4,0,,,,0.3004,0.0,0.0,0.0,0.0
1,9,4,0,,,,0.32898334,0.0,0.0,0.0,0.0
1,10,4,0,,,,0.31543332,0.0,0.0,0.0,413.17
1,11,4,0,,,,0.28996667,0.0,0.0,0.0,374.31
1,12,4,0,,,,0.30828333,0.0,0.0,0.0,710.75
1,13,4,0,,,,0.29266667,0.0,0.0,0.0,690.1
1,14,4,0,,,,0.31128332,0.0,0.0,0.0,698.67
1,15,4,0,,,,0.32626668,0.0,0.0,0.0,560.9
1,16,4,0,,,,3.0862834,0.0,0.0,0.0,381.25
1,17,4,0,,,,2.9007,0.0,0.0,0.0,0.0
1,18,4,0,,,,1.6737334,0.0,0.0,0.0,0.0
1,19,4,0,,,,2.2035832,0.0,0.0,0.0,0.0
1,20,4,0,,,,3.4192166,0.0,0.0,0.0,0.0
1,21,4,0,,,,0.80328333,0.0,0.0,0.0,0.0
1,22,4,0,,,,0.5473833,0.0,0.0,0.0,0.0
1,23,4,0,,,,0.37611666,0.0,0.0,0.0,0.0
1,24,4,0,,,,0.39719167,0.0,0.0,0.0,0.0
1,1,5,0,,,,0.36318332,0.0,0.0,0.0,0.0
1,2,5,0,,,,0.37265,0.0,0.0,0.0,0.0
1,3,5,0,,,,2.7703667,0.0,0.0,0.0,0.0
1,4,5,0,,,,1.3709834,0.0,0.0,0.0,0.0
1,5,5,0,,,,0.53398335,0.0,0.0,0.0,0.0
1,6,5,0,,,,1.2674,0.0,0.0,0.0,0.0
1,7,5,0,,,,0.36415,0.0,0.0,0.0,0.0
1,8,5,0,,,,0.44893333,0.0,0.0,0.0,0.0
1,9,5,0,,,,0.8887333,0.0,0.0,0.0,0.0
1,10,5,0,,,,1.3046666,0.0,0.0,0.0,274.0
1,11,5,0,,,,0.67333335,0.0,0.0,0.0,198.65
1,12,5,0,,,,0.4703,0.0,0.0,0.0,615.58
1,13,5,0,,,,0.36593333,0.0,0.0,0.0,663.01
1,14,5,0,,,,0.3958,0.0,0.0,0.0,640.14
1,15,5,0,,,,0.37418333,0.0,0.0,0.0,250.89
1,16,5,0,,,,2.9417667,0.0,0.0,0.0,68.27
1,17,5,0,,,,3.7903333,0.0,0.0,0.0,0.0
1,18,5,0,,,,2.3296833,0.0,0.0,0.0,0.0
1,19,5,0,,,,1.9382833,0.0,0.0,0.0,0.0
1,20,5,0,,,,2.2728333,0.0,0.0,0.0,0.0
1,21,5,0,,,,1.5921834,0.0,0.0,0.0,0.0
1,22,5,0,,,,1.9798,0.0,0.0,0.0,0.0
1,23,5,0,,,,0.36348334,0.0,0.0,0.0,0.0
1,24,5,0,,,,1.1000583,0.0,0.0,0.0,0.0
1,1,6,0,,,,0.6217333,0.0,0.0,0.0,0.0
1,2,6,0,,,,1.2987167,0.0,0.0,0.0,0.0
1,3,6,0,,,,0.80295,0.0,0.0,0.0,0.0
1,4,6,0,,,,0.44325,0.0,0.0,0.0,0.0
1,5,6,0,,,,0.30768332,0.0,0.0,0.0,0.0
1,6,6,0,,,,0.30905,0.0,0.0,0.0,0.0
1,7,6,0,,,,1.15915,0.0,0.0,0.0,0.0
1,8,6,0,,,,3.2030168,0.0,0.0,0.0,0.0
1,9,6,0,,,,1.5790833,0.0,0.0,0.0,0.0
1,10,6,0,,,,1.5254834,0.0,0.0,0.0,67.6
1,11,6,0,,,,1.04585,0.0,0.0,0.0,58.83
1,12,6,0,,,,1.89065,0.0,0.0,0.0,100.11
1,13,6,0,,,,2.5442,0.0,0.0,0.0,23.72
1,14,6,0,,,,1.6487,0.0,0.0,0.0,40.17
1,15,6,0,,,,1.5000666,0.0,0.0,0.0,147.87
1,16,6,0,,,,1.4827167,0.0,0.0,0.0,32.58
1,17,6,0,,,,2.0602667,0.0,0.0,0.0,0.0
1,18,6,0,,,,2.62915,0.0,0.0,0.0,0.0
1,19,6,0,,,,1.7615833,0.0,0.0,0.0,0.0
1,20,6,0,,,,1.7350334,0.0,0.0,0.0,0.0
1,21,6,0,,,,1.29815,0.0,0.0,0.0,0.0
1,22,6,0,,,,0.39869165,0.0,0.0,0.0,0.0
1,23,6,0,,,,0.37849167,0.0,0.0,0.0,0.0
1,24,6,0,,,,0.38948333,0.0,0.0,0.0,0.0
1,1,7,0,,,,0.41246668,0.0,0.0,0.0,0.0
1,2,7,0,,,,0.38703334,0.0,0.0,0.0,0.0
1,3,7,0,,,,0.3897,0.0,0.0,0.0,0.0
1,4,7,0,,,,0.373,0.0,0.0,0.0,0.0
1,5,7,0,,,,0.37788334,0.0,0.0,0.0,0.0
1,6,7,0,,,,0.3946,0.0,0.0,0.0,0.0
1,7,7,0,,,,0.9482333,0.0,0.0,0.0,0.0
1,8,7,0,,,,3.90135,0.0,0.0,0.0,0.0
1,9,7,0,,,,2.6261666,0.0,0.0,0.0,1.38
1,10,7,0,,,,2.0888333,0.0,0.0,0.0,396.81
1,11,7,0,,,,1.6848,0.0,0.0,0.0,350.44
1,12,7,0,,,,1.7498833,0.0,0.0,0.0,121.07
1,13,7,0,,,,1.5713167,0.0,0.0,0.0,91.5
1,14,7,0,,,,1.8904166,0.0,0.0,0.0,61.21
1,15,7,0,,,,1.5781167,0.0,0.0,0.0,19.4
1,16,7,0,,,,2.7007666,0.0,0.0,0.0,15.04
1,17,7,0,,,,3.08815,0.0,0.0,0.0,0.0
1,18,7,0,,,,4.839,0.0,0.0,0.0,0.0
1,19,7,0,,,,2.4939,0.0,0.0,0.0,0.0
1,20,7,0,,,,1.4137666,0.0,0.0,0.0,0.0
1,21,7,0,,,,1.7147833,0.0,0.0,0.0,0.0
1,22,7,0,,,,0.81325,0.0,0.0,0.0,0.0
1,23,7,0,,,,0.62581664,0.0,0.0,0.0,0.0
1,24,7,0,,,,0.41011667,0.0,0.0,0.0,0.0
1,1,1,0,,,,0.41435,0.0,0.0,0.0,0.0
1,2,1,0,,,,0.40228334,0.0,0.0,0.0,0.0
1,3,1,0,,,,0.42603335,0.0,0.0,0.0,0.0
1,4,1,0,,,,0.91588336,0.0,0.0,0.0,0.0
1,5,1,0,,,,2.6092834,0.0,0.0,0.0,0.0
1,6,1,0,,,,0.9105167,0.0,0.0,0.0,0.0
1,7,1,0,,,,0.31336668,0.0,0.0,0.0,0.0
1,8,1,0,,,,0.34378332,0.0,0.0,0.0,0.0
1,9,1,0,,,,0.297,0.0,0.0,0.0,8.17
1,10,1,0,,,,0.3296,0.0,0.0,0.0,19.76
1,11,1,0,,,,0.306,0.0,0.0,0.0,44.49
1,12,1,0,,,,0.2919,0.0,0.0,0.0,36.21
1,13,1,0,,,,1.2369,0.0,0.0,0.0,36.16
1,14,1,0,,,,0.28016666,0.0,0.0,0.0,61.1
1,15,1,0,,,,2.7248,0.0,0.0,0.0,51.76
1,16,1,0,,,,3.8548334,0.0,0.0,0.0,21.13
1,17,1,0,,,,2.15915,0.0,0.0,0.0,0.0
1,18,1,0,,,,1.97725,0.0,0.0,0.0,0.0
1,19,1,0,,,,2.1003335,0.0,0.0,0.0,0.0
1,20,1,0,,,,4.8738666,0.0,0.0,0.0,0.0
1,21,1,0,,,,0.8085,0.0,0.0,0.0,0.0
1,22,1,0,,,,0.57703334,0.0,0.0,0.0,0.0
1,23,1,0,,,,0.41654167,0.0,0.0,0.0,0.0
1,24,1,0,,,,0.37603334,0.0,0.0,0.0,0.0
1,1,2,0,,,,0.41876668,0.0,0.0,0.0,0.0
1,2,2,0,,,,0.37818334,0.0,0.0,0.0,0.0
1,3,2,0,,,,0.33853334,0.0,0.0,0.0,0.0
1,4,2,0,,,,1.2637666,0.0,0.0,0.0,0.0
1,5,2,0,,,,3.6388,0.0,0.0,0.0,0.0
1,6,2,0,,,,2.42515,0.0,0.0,0.0,0.0
1,7,2,0,,,,0.8070833,0.0,0.0,0.0,0.0
1,8,2,0,,,,0.55135,0.0,0.0,0.0,0.0
1,9,2,0,,,,0.53705,0.0,0.0,0.0,1.33
1,10,2,0,,,,0.52428335,0.0,0.0,0.0,109.9
1,11,2,0,,,,0.5049833,0.0,0.0,0.0,97.83
1,12,2,0,,,,0.5419667,0.0,0.0,0.0,464.98
1,13,2,0,,,,0.5495667,0.0,0.0,0.0,471.17
1,14,2,0,,,,0.51281667,0.0,0.0,0.0,377.85
1,15,2,0,,,,1.1181333,0.0,0.0,0.0,322.88
1,16,2,0,,,,3.0615,0.0,0.0,0.0,323.93
1,17,2,0,,,,1.6582834,0.0,0.0,0.0,0.0
1,18,2,0,,,,1.5878167,0.0,0.0,0.0,0.0
1,19,2,0,,,,2.4028168,0.0,0.0,0.0,0.0
1,20,2,0,,,,3.05885,0.0,0.0,0.0,0.0
1,21,2,0,,,,0.8233167,0.0,0.0,0.0,0.0
1,22,2,0,,,,0.5197667,0.0,0.0,0.0,0.0
1,23,2,0,,,,0.3433,0.0,0.0,0.0,0.0
1,24,2,0,,,,0.32138333,0.0,0.0,0.0,0.0
1,1,3,0,,,,1.0158167,0.0,0.0,0.0,0.0
1,2,3,0,,,,0.56303334,0.0,0.0,0.0,0.0
1,3,3,0,,,,1.2009166,0.0,0.0,0.0,0.0
1,4,3,0,,,,1.5795333,0.0,0.0,0.0,0.0
1,5,3,0,,,,1.6409833,0.0,0.0,0.0,0.0
1,6,3,0,,,,1.4589833,0.0,0.0,0.0,0.0
1,7,3,0,,,,0.29061666,0.0,0.0,0.0,0.0
1,8,3,0,,,,0.32355,0.0,0.0,0.0,0.0
1,9,3,0,,,,0.30851668,0.0,0.0,0.0,1.39
1,10,3,0,,,,0.44978333,0.0,0.0,0.0,234.76
1,11,3,0,,,,0.59115,0.0,0.0,0.0,146.35
1,12,3,0,,,,0.29983333,0.0,0.0,0.0,444.77
1,13,3,0,,,,0.28531668,0.0,0.0,0.0,394.1
1,14,3,0,,,,0.30886668,0.0,0.0,0.0,398.25
1,15,3,0,,,,0.32083333,0.0,0.0,0.0,151.15
1,16,3,0,,,,0.34096667,0.0,0.0,0.0,18.32
1,17,3,0,,,,2.86145,0.0,0.0,0.0,0.0
1,18,3,0,,,,3.5591834,0.0,0.0,0.0,0.0
1,19,3,0,,,,1.49185,0.0,0.0,0.0,0.0
1,20,3,0,,,,1.1417333,0.0,0.0,0.0,0.0
1,21,3,0,,,,0.81128335,0.0,0.0,0.0,0.0
1,22,3,0,,,,0.7711333,0.0,0.0,0.0,0.0
1,23,3,0,,,,0.3598,0.0,0.0,0.0,0.0
1,24,3,0,,,,0.34371668,0.0,0.0,0.0,0.0
1,1,4,0,,,,0.3184,0.0,0.0,0.0,0.0
1,2,4,0,,,,0.35208333,0.0,0.0,0.0,0.0
1,3,4,0,,,,0.34713334,0.0,0.0,0.0,0.0
1,4,4,0,,,,2.07375,0.0,0.0,0.0,0.0
1,5,4,0,,,,1.2898834,0.0,0.0,0.0,0.0
1,6,4,0,,,,1.7336333,0.0,0.0,0.0,0.0
1,7,4,0,,,,0.29633334,0.0,0.0,0.0,0.0
1,8,4,0,,,,0.31345,0.0,0.0,0.0,0.0
1,9,4,0,,,,0.30928335,0.0,0.0,0.0,1.81
1,10,4,0,,,,0.3038,0.0,0.0,0.0,26.57
1,11,4,0,,,,0.28338334,0.0,0.0,0.0,50.81
1,12,4,0,,,,0.30938333,0.0,0.0,0.0,110.27
1,13,4,0,,,,0.29511666,0.0,0.0,0.0,42.26
1,14,4,0,,,,0.27881667,0.0,0.0,0.0,38.14
1,15,4,0,,,,0.31085,0.0,0.0,0.0,24.69
1,16,4,0,,,,1.2466667,0.0,0.0,0.0,391.74
1,17,4,0,,,,4.0420165,0.0,0.0,0.0,0.0
1,18,4,0,,,,2.7345834,0.0,0.0,0.0,0.0
1,19,4,0,,,,1.5158,0.0,0.0,0.0,0.0
1,20,4,0,,,,2.9368668,0.0,0.0,0.0,0.0
1,21,4,0,,,,0.80475,0.0,0.0,0.0,0.0
1,22,4,0,,,,0.4196,0.0,0.0,0.0,0.0
1,23,4,0,,,,0.32055,0.0,0.0,0.0,0.0
1,24,4,0,,,,0.34485,0.0,0.0,0.0,0.0
1,1,5,0,,,,0.33191666,0.0,0.0,0.0,0.0
1,2,5,0,,,,0.33476666,0.0,0.0,0.0,0.0
1,3,5,0,,,,1.122,0.0,0.0,0.0,0.0
1,4,5,0,,,,1.70875,0.0,0.0,0.0,0.0
1,5,5,0,,,,2.8038666,0.0,0.0,0.0,0.0
1,6,5,0,,,,0.83325,0.0,0.0,0.0,0.0
1,7,5,0,,,,0.27645,0.0,0.0,0.0,0.0
1,8,5,0,,,,0.31283334,0.0,0.0,0.0,0.0
1,9,5,0,,,,0.30011666,0.0,0.0,0.0,21.45
1,10,5,0,,,,0.269,0.0,0.0,0.0,166.3
1,11,5,0,,,,0.28203332,0.0,0.0,0.0,182.8
1,12,5,0,,,,0.27466667,0.0,0.0,0.0,382.87
1,13,5,0,,,,0.26035,0.0,0.0,0.0,456.8
1,14,5,0,,,,0.26961666,0.0,0.0,0.0,54.25
1,15,5,0,,,,0.30275,0.0,0.0,0.0,21.14
1,16,5,0,,,,1.4827167,0.0,0.0,0.0,13.08
1,17,5,0,,,,3.7149668,0.0,0.0,0.0,0.0
1,18,5,0,,,,4.0345836,0.0,0.0,0.0,0.0
1,19,5,0,,,,2.3104167,0.0,0.0,0.0,0.0
1,20,5,0,,,,0.73366666,0.0,0.0,0.0,0.0
1,21,5,0,,,,0.3865,0.0,0.0,0.0,0.0
1,22,5,0,,,,0.38051668,0.0,0.0,0.0,0.0
1,23,5,0,,,,0.38615,0.0,0.0,0.0,0.0
1,24,5,0,,,,0.37174165,0.0,0.0,0.0,0.0
1,1,6,0,,,,0.3831,0.0,0.0,0.0,0.0
1,2,6,0,,,,1.1562333,0.0,0.0,0.0,0.0
1,3,6,0,,,,0.73946667,0.0,0.0,0.0,0.0
1,4,6,0,,,,1.1076666,0.0,0.0,0.0,0.0
1,5,6,0,,,,0.33886668,0.0,0.0,0.0,0.0
1,6,6,0,,,,1.0839,0.0,0.0,0.0,0.0
1,7,6,0,,,,0.27396667,0.0,0.0,0.0,0.0
1,8,6,0,,,,2.7480166,0.0,0.0,0.0,0.0
1,9,6,0,,,,2.4779334,0.0,0.0,0.0,4.03
1,10,6,0,,,,1.7078167,0.0,0.0,0.0,138.05
1,11,6,0,,,,1.9328,0.0,0.0,0.0,34.01
1,12,6,0,,,,1.7288,0.0,0.0,0.0,90.82
1,13,6,0,,,,5.1916165,0.0,0.0,0.0,104.27
1,14,6,0,,,,1.9117583,0.0,0.0,0.0,75.24
1,15,6,0,,,,1.9259,0.0,0.0,0.0,45.53
1,16,6,0,,,,2.2071166,0.0,0.0,0.0,3.89
1,17,6,0,,,,1.6493833,0.0,0.0,0.0,0.0
1,18,6,0,,,,1.50035,0.0,0.0,0.0,0.0
1,19,6,0,,,,1.0935833,0.0,0.0,0.0,0.0
1,20,6,0,,,,1.08435,0.0,0.0,0.0,0.0
1,21,6,0,,,,0.70918334,0.0,0.0,0.0,0.0
1,22,6,0,,,,1.2166834,0.0,0.0,0.0,0.0
1,23,6,0,,,,0.41041666,0.0,0.0,0.0,0.0
1,24,6,0,,,,0.48965,0.0,0.0,0.0,0.0
1,1,7,0,,,,0.40776667,0.0,0.0,0.0,0.0
1,2,7,0,,,,0.41073334,0.0,0.0,0.0,0.0
1,3,7,0,,,,0.38753334,0.0,0.0,0.0,0.0
1,4,7,0,,,,0.39453334,0.0,0.0,0.0,0.0
1,5,7,0,,,,0.38988334,0.0,0.0,0.0,0.0
1,6,7,0,,,,0.39006665,0.0,0.0,0.0,0.0
1,7,7,0,,,,0.38856667,0.0,0.0,0.0,0.0
1,8,7,0,,,,0.7708667,0.0,0.0,0.0,0.0
1,9,7,0,,,,2.1312666,0.0,0.0,0.0,0.0
1,10,7,0,,,,0.4342,0.0,0.0,0.0,82.26
1,11,7,0,,,,0.35425,0.0,0.0,0.0,56.86
1,12,7,0,,,,0.67146665,0.0,0.0,0.0,90.62
1,13,7,0,,,,0.34463334,0.0,0.0,0.0,44.59
1,14,7,0,,,,0.40963334,0.0,0.0,0.0,29.75
1,15,7,0,,,,1.0483667,0.0,0.0,0.0,9.07
1,16,7,0,,,,1.13175,0.0,0.0,0.0,11.03
1,17,7,0,,,,1.3110167,0.0,0.0,0.0,0.0
1,18,7,0,,,,1.36925,0.0,0.0,0.0,0.0
1,19,7,0,,,,0.90211666,0.0,0.0,0.0,0.0
1,20,7,0,,,,1.2089,0.0,0.0,0.0,0.0
1,21,7,0,,,,0.8093333,0.0,0.0,0.0,0.0
1,22,7,0,,,,0.37256667,0.0,0.0,0.0,0.0
1,23,7,0,,,,0.38055,0.0,0.0,0.0,0.0
1,24,7,0,,,,0.31589165,0.0,0.0,0.0,0.0
1,1,1,0,,,,0.33725,0.0,0.0,0.0,0.0
1,2,1,0,,,,0.35555,0.0,0.0,0.0,0.0
1,3,1,0,,,,0.34501666,0.0,0.0,0.0,0.0
1,4,1,0,,,,0.32495,0.0,0.0,0.0,0.0
1,5,1,0,,,,0.5797,0.0,0.0,0.0,0.0
1,6,1,0,,,,1.0377166,0.0,0.0,0.0,0.0
1,7,1,0,,,,0.45808333,0.0,0.0,0.0,0.0
1,8,1,0,,,,0.59506667,0.0,0.0,0.0,0.0
1,9,1,0,,,,1.2865666,0.0,0.0,0.0,1.68
1,10,1,0,,,,1.85195,0.0,0.0,0.0,18.75
1,11,1,0,,,,0.953,0.0,0.0,0.0,30.64
1,12,1,0,,,,0.47205,0.0,0.0,0.0,42.3
1,13,1,0,,,,0.47725,0.0,0.0,0.0,33.65
1,14,1,0,,,,0.82035,0.0,0.0,0.0,32.03
1,15,1,0,,,,0.73125,0.0,0.0,0.0,23.7
1,16,1,0,,,,1.6293334,0.0,0.0,0.0,12.99
1,17,1,0,,,,1.4506333,0.0,0.0,0.0,0.0
1,18,1,0,,,,1.1445833,0.0,0.0,0.0,0.0
1,19,1,0,,,,0.89523333,0.0,0.0,0.0,0.0
1,20,1,0,,,,0.9350167,0.0,0.0,0.0,0.0
1,21,1,0,,,,0.81768334,0.0,0.0,0.0,0.0
1,22,1,0,,,,0.63925,0.0,0.0,0.0,0.0
1,23,1,0,,,,0.38951668,0.0,0.0,0.0,0.0
1,24,1,0,,,,0.38101667,0.0,0.0,0.0,0.0
1,1,2,0,,,,0.50025,0.0,0.0,0.0,0.0
1,2,2,0,,,,0.40296668,0.0,0.0,0.0,0.0
1,3,2,0,,,,0.35315,0.0,0.0,0.0,0.0
1,4,2,0,,,,0.3915,0.0,0.0,0.0,0.0
1,5,2,0,,,,0.61508334,0.0,0.0,0.0,0.0
1,6,2,0,,,,0.7539167,0.0,0.0,0.0,0.0
1,7,2,0,,,,0.22725,0.0,0.0,0.0,0.0
1,8,2,0,,,,0.32591668,0.0,0.0,0.0,0.0
1,9,2,0,,,,0.31223333,0.0,0.0,0.0,1.69
1,10,2,0,,,,0.321,0.0,0.0,0.0,109.99
1,11,2,0,,,,0.31151667,0.0,0.0,0.0,53.77
1,12,2,0,,,,0.29241666,0.0,0.0,0.0,66.03
1,13,2,0,,,,0.32731667,0.0,0.0,0.0,70.07
1,14,2,0,,,,0.31996667,0.0,0.0,0.0,29.16
1,15,2,0,,,,0.31075,0.0,0.0,0.0,81.21
1,16,2,0,,,,0.3534,0.0,0.0,0.0,83.27
1,17,2,0,,,,0.5061833,0.0,0.0,0.0,0.0
1,18,2,0,,,,0.98286664,0.0,0.0,0.0,0.0
1,19,2,0,,,,1.2746333,0.0,0.0,0.0,0.0
1,20,2,0,,,,1.2657334,0.0,0.0,0.0,0.0
1,21,2,0,,,,0.63926667,0.0,0.0,0.0,0.0
1,22,2,0,,,,0.40408334,0.0,0.0,0.0,0.0
1,23,2,0,,,,0.38247222,0.0,0.0,0.0,0.0
1,24,2,0,,,,0.40348333,0.0,0.0,0.0,0.0
2,1,3,0,,,,0.38358334,0.0,0.0,0.0,0.0
2,2,3,0,,,,0.40148333,0.0,0.0,0.0,0.0
2,3,3,0,,,,0.34255,0.0,0.0,0.0,0.0
2,4,3,0,,,,0.36598334,0.0,0.0,0.0,0.0
2,5,3,0,,,,0.39186665,0.0,0.0,0.0,0.0
2,6,3,0,,,,0.42353332,0.0,0.0,0.0,0.0
2,7,3,0,,,,0.32393333,0.0,0.0,0.0,0.0
2,8,3,0,,,,0.3286,0.0,0.0,0.0,0.0
2,9,3,0,,,,0.29401666,0.0,0.0,0.0,59.85
2,10,3,0,,,,0.33551666,0.0,0.0,0.0,98.85
2,11,3,0,,,,0.28821668,0.0,0.0,0.0,55.87
2,12,3,0,,,,0.3164,0.0,0.0,0.0,81.03
2,13,3,0,,,,0.31698334,0.0,0.0,0.0,69.49
2,14,3,0,,,,0.3459,0.0,0.0,0.0,57.98
2,15,3,0,,,,0.75513333,0.0,0.0,0.0,68.57
2,16,3,0,,,,1.04965,0.0,0.0,0.0,9.07
2,17,3,0,,,,1.4899666,0.0,0.0,0.0,0.23
2,18,3,0,,,,1.1472666,0.0,0.0,0.0,0.0
2,19,3,0,,,,3.7434332,0.0,0.0,0.0,0.0
2,20,3,0,,,,1.6559334,0.0,0.0,0.0,0.0
2,21,3,0,,,,0.78638333,0.0,0.0,0.0,0.0
2,22,3,0,,,,0.5312833,0.0,0.0,0.0,0.0
2,23,3,0,,,,0.30556667,0.0,0.0,0.0,0.0
2,24,3,0,,,,0.331125,0.0,0.0,0.0,0.0
2,1,4,0,,,,0.33715,0.0,0.0,0.0,0.0
2,2,4,0,,,,0.32643333,0.0,0.0,0.0,0.0
2,3,4,0,,,,0.33098334,0.0,0.0,0.0,0.0
2,4,4,0,,,,0.35366666,0.0,0.0,0.0,0.0
2,5,4,0,,,,1.7402667,0.0,0.0,0.0,0.0
2,6,4,0,,,,0.8919333,0.0,0.0,0.0,0.0
2,7,4,0,,,,0.15638334,0.0,0.0,0.0,0.0
2,8,4,0,,,,0.34086666,0.0,0.0,0.0,0.0
2,9,4,0,,,,0.30711666,0.0,0.0,0.0,64.34
2,10,4,0,,,,0.30501667,0.0,0.0,0.0,16.61
2,11,4,0,,,,0.32036668,0.0,0.0,0.0,29.11
2,12,4,0,,,,0.28338334,0.0,0.0,0.0,63.22
2,13,4,0,,,,0.31573334,0.0,0.0,0.0,58.24
2,14,4,0,,,,0.3229,0.0,0.0,0.0,44.56
2,15,4,0,,,,0.30513334,0.0,0.0,0.0,139.17
2,16,4,0,,,,0.44078332,0.0,0.0,0.0,11.03
2,17,4,0,,,,1.7317667,0.0,0.0,0.0,0.59
2,18,4,0,,,,1.6603667,0.0,0.0,0.0,0.0
2,19,4,0,,,,1.5207,0.0,0.0,0.0,0.0
2,20,4,0,,,,0.94453335,0.0,0.0,0.0,0.0
2,21,4,0,,,,0.7812333,0.0,0.0,0.0,0.0
2,22,4,0,,,,0.36195,0.0,0.0,0.0,0.0
2,23,4,0,,,,0.35956666,0.0,0.0,0.0,0.0
2,24,4,0,,,,0.3489,0.0,0.0,0.0,0.0
2,1,5,0,,,,0.36385,0.0,0.0,0.0,0.0
2,2,5,0,,,,0.36406666,0.0,0.0,0.0,0.0
2,3,5,0,,,,0.34913334,0.0,0.0,0.0,0.0
2,4,5,0,,,,0.35446668,0.0,0.0,0.0,0.0
2,5,5,0,,,,1.3056166,0.0,0.0,0.0,0.0
2,6,5,0,,,,0.74703336,0.0,0.0,0.0,0.0
2,7,5,0,,,,0.3282,0.0,0.0,0.0,0.0
2,8,5,0,,,,0.34711668,0.0,0.0,0.0,0.0
2,9,5,0,,,,0.31045,0.0,0.0,0.0,0.0
2,10,5,0,,,,0.33881667,0.0,0.0,0.0,84.15
2,11,5,0,,,,0.33011666,0.0,0.0,0.0,75.63
2,12,5,0,,,,0.3317,0.0,0.0,0.0,94.34
2,13,5,0,,,,0.34105,0.0,0.0,0.0,69.51
2,14,5,0,,,,0.30815,0.0,0.0,0.0,35.01
2,15,5,0,,,,0.46865,0.0,0.0,0.0,10.32
2,16,5,0,,,,2.5450168,0.0,0.0,0.0,7.15
2,17,5,0,,,,2.1833167,0.0,0.0,0.0,1.19
2,18,5,0,,,,1.41435,0.0,0.0,0.0,0.0
2,19,5,0,,,,1.44085,0.0,0.0,0.0,0.0
2,20,5,0,,,,1.3446833,0.0,0.0,0.0,0.0
2,21,5,0,,,,0.51486665,0.0,0.0,0.0,0.0
2,22,5,0,,,,0.33766666,0.0,0.0,0.0,0.0
2,23,5,0,,,,0.35863334,0.0,0.0,0.0,0.0
2,24,5,0,,,,0.35959166,0.0,0.0,0.0,0.0
2,1,6,0,,,,0.35071668,0.0,0.0,0.0,0.0
2,2,6,0,,,,0.34833333,0.0,0.0,0.0,0.0
2,3,6,0,,,,0.3663,0.0,0.0,0.0,0.0
2,4,6,0,,,,0.35646668,0.0,0.0,0.0,0.0
2,5,6,0,,,,0.3298,0.0,0.0,0.0,0.0
2,6,6,0,,,,3.4644666,0.0,0.0,0.0,0.0
2,7,6,0,,,,1.1642166,0.0,0.0,0.0,0.0
2,8,6,0,,,,0.39358333,0.0,0.0,0.0,0.0
2,9,6,0,,,,0.7134,0.0,0.0,0.0,1.2
2,10,6,0,,,,0.60461664,0.0,0.0,0.0,27.35
2,11,6,0,,,,0.37918332,0.0,0.0,0.0,46.62
2,12,6,0,,,,1.4802333,0.0,0.0,0.0,75.56
2,13,6,0,,,,1.3195,0.0,0.0,0.0,101.32
2,14,6,0,,,,0.8571333,0.0,0.0,0.0,88.22
2,15,6,0,,,,0.63498336,0.0,0.0,0.0,72.0
2,16,6,0,,,,1.5129334,0.0,0.0,0.0,342.45
2,17,6,0,,,,1.5871667,0.0,0.0,0.0,0.37
2,18,6,0,,,,1.4382334,0.0,0.0,0.0,0.0
2,19,6,0,,,,1.4229667,0.0,0.0,0.0,0.0
2,20,6,0,,,,1.4550166,0.0,0.0,0.0,0.0
2,21,6,0,,,,1.6163167,0.0,0.0,0.0,0.0
2,22,6,0,,,,1.3271834,0.0,0.0,0.0,0.0
2,23,6,0,,,,0.39071667,0.0,0.0,0.0,0.0
2,24,6,0,,,,0.384075,0.0,0.0,0.0,0.0
2,1,7,0,,,,0.5771833,0.0,0.0,0.0,0.0
2,2,7,0,,,,0.5811,0.0,0.0,0.0,0.0
2,3,7,0,,,,0.36661667,0.0,0.0,0.0,0.0
2,4,7,0,,,,0.37775,0.0,0.0,0.0,0.0
2,5,7,0,,,,0.31996667,0.0,0.0,0.0,0.0
2,6,7,0,,,,0.4187,0.0,0.0,0.0,0.0
2,7,7,0,,,,0.7866,0.0,0.0,0.0,0.0
2,8,7,0,,,,2.16315,0.0,0.0,0.0,0.0
2,9,7,0,,,,3.6827333,0.0,0.0,0.0,0.39
2,10,7,0,,,,1.7415333,0.0,0.0,0.0,148.92
2,11,7,0,,,,1.4319667,0.0,0.0,0.0,43.41
2,12,7,0,,,,1.1588,0.0,0.0,0.0,19.59
2,13,7,0,,,,1.1056833,0.0,0.0,0.0,76.82
2,14,7,0,,,,1.14825,0.0,0.0,0.0,89.94
2,15,7,0,,,,1.3124666,0.0,0.0,0.0,105.32
2,16,7,0,,,,1.90575,0.0,0.0,0.0,23.99
2,17,7,0,,,,2.0803833,0.0,0.0,0.0,1.23
2,18,7,0,,,,2.3439834,0.0,0.0,0.0,0.0
2,19,7,0,,,,1.9123833,0.0,0.0,0.0,0.0
2,20,7,0,,,,1.5537167,0.0,0.0,0.0,0.0
2,21,7,0,,,,0.8347833,0.0,0.0,0.0,0.0
2,22,7,0,,,,0.69883335,0.0,0.0,0.0,0.0
2,23,7,0,,,,0.38018334,0.0,0.0,0.0,0.0
2,24,7,0,,,,0.377225,0.0,0.0,0.0,0.0
2,1,1,0,,,,0.38391668,0.0,0.0,0.0,0.0
2,2,1,0,,,,0.35876667,0.0,0.0,0.0,0.0
2,3,1,0,,,,0.32956666,0.0,0.0,0.0,0.0
2,4,1,0,,,,0.32721666,0.0,0.0,0.0,0.0
2,5,1,0,,,,1.9140167,0.0,0.0,0.0,0.0
2,6,1,0,,,,0.7223667,0.0,0.0,0.0,0.0
2,7,1,0,,,,0.35608333,0.0,0.0,0.0,0.0
2,8,1,0,,,,0.31793332,0.0,0.0,0.0,0.0
2,9,1,0,,,,0.3257,0.0,0.0,0.0,0.03
2,10,1,0,,,,0.33801666,0.0,0.0,0.0,106.05
2,11,1,0,,,,0.31743333,0.0,0.0,0.0,57.93
2,12,1,0,,,,0.42625,0.0,0.0,0.0,67.77
2,13,1,0,,,,0.66466665,0.0,0.0,0.0,45.73
2,14,1,0,,,,0.32685,0.0,0.0,0.0,99.08
2,15,1,0,,,,0.3192,0.0,0.0,0.0,78.16
2,16,1,0,,,,1.6669667,0.0,0.0,0.0,132.85
2,17,1,0,,,,2.7467666,0.0,0.0,0.0,174.49
2,18,1,0,,,,1.8947667,0.0,0.0,0.0,0.0
2,19,1,0,,,,2.9952166,0.0,0.0,0.0,0.0
2,20,1,0,,,,2.4053667,0.0,0.0,0.0,0.0
2,21,1,0,,,,0.91686666,0.0,0.0,0.0,0.0
2,22,1,0,,,,0.48901665,0.0,0.0,0.0,0.0
2,23,1,0,,,,0.43666667,0.0,0.0,0.0,0.0
2,24,1,0,,,,0.75663334,0.0,0.0,0.0,0.0
2,1,2,0,,,,0.8638833,0.0,0.0,0.0,0.0
2,2,2,0,,,,0.51743335,0.0,0.0,0.0,0.0
2,3,2,0,,,,0.44975,0.0,0.0,0.0,0.0
2,4,2,0,,,,1.23775,0.0,0.0,0.0,0.0
2,5,2,0,,,,0.5945167,0.0,0.0,0.0,0.0
2,6,2,0,,,,1.0422,0.0,0.0,0.0,0.0
2,7,2,0,,,,0.5661833,0.0,0.0,0.0,0.0
2,8,2,0,,,,0.35463333,0.0,0.0,0.0,0.0
2,9,2,0,,,,0.3444,0.0,0.0,0.0,181.09
2,10,2,0,,,,0.33566666,0.0,0.0,0.0,426.47
2,11,2,0,,,,0.34853333,0.0,0.0,0.0,366.77
2,12,2,0,,,,0.34403333,0.0,0.0,0.0,429.1
2,13,2,0,,,,0.3521,0.0,0.0,0.0,476.19
2,14,2,0,,,,0.33718333,0.0,0.0,0.0,130.77
2,15,2,0,,,,0.34603333,0.0,0.0,0.0,524.81
2,16,2,0,,,,3.1695833,0.0,0.0,0.0,445.11
2,17,2,0,,,,1.7193333,0.0,0.0,0.0,165.29
2,18,2,0,,,,1.2902833,0.0,0.0,0.0,0.0
2,19,2,0,,,,1.2043,0.0,0.0,0.0,0.0
2,20,2,0,,,,0.82636666,0.0,0.0,0.0,0.0
2,21,2,0,,,,0.8255,0.0,0.0,0.0,0.0
2,22,2,0,,,,0.77965,0.0,0.0,0.0,0.0
2,23,2,0,,,,0.36696666,0.0,0.0,0.0,0.0
2,24,2,0,,,,0.36628333,0.0,0.0,0.0,0.0
2,1,3,0,,,,0.39158332,0.0,0.0,0.0,0.0
2,2,3,0,,,,0.39011666,0.0,0.0,0.0,0.0
2,3,3,0,,,,0.36611667,0.0,0.0,0.0,0.0
2,4,3,0,,,,1.36455,0.0,0.0,0.0,0.0
2,5,3,0,,,,0.42065,0.0,0.0,0.0,0.0
2,6,3,0,,,,0.85455,0.0,0.0,0.0,0.0
2,7,3,0,,,,0.14645,0.0,0.0,0.0,0.0
2,8,3,0,,,,0.36676666,0.0,0.0,0.0,0.0
2,9,3,0,,,,0.32998332,0.0,0.0,0.0,205.7
2,10,3,0,,,,0.34035,0.0,0.0,0.0,441.71
2,11,3,0,,,,0.36176667,0.0,0.0,0.0,147.21
2,12,3,0,,,,0.32665,0.0,0.0,0.0,150.23
2,13,3,0,,,,0.3366,0.0,0.0,0.0,103.25
2,14,3,0,,,,0.35073334,0.0,0.0,0.0,60.63
2,15,3,0,,,,0.36741668,0.0,0.0,0.0,27.87
2,16,3,0,,,,0.67723334,0.0,0.0,0.0,22.6
2,17,3,0,,,,2.7166667,0.0,0.0,0.0,3.78
2,18,3,0,,,,1.53865,0.0,0.0,0.0,0.0
2,19,3,0,,,,1.0948833,0.0,0.0,0.0,0.0
2,20,3,0,,,,0.84708333,0.0,0.0,0.0,0.0
2,21,3,0,,,,0.8462,0.0,0.0,0.0,0.0
2,22,3,0,,,,0.5869667,0.0,0.0,0.0,0.0
2,23,3,0,,,,0.37581667,0.0,0.0,0.0,0.0
2,24,3,0,,,,0.378525,0.0,0.0,0.0,0.0
2,1,4,0,,,,0.36453333,0.0,0.0,0.0,0.0
2,2,4,0,,,,0.39401665,0.0,0.0,0.0,0.0
2,3,4,0,,,,0.38706666,0.0,0.0,0.0,0.0
2,4,4,0,,,,1.1150334,0.0,0.0,0.0,0.0
2,5,4,0,,,,0.5969667,0.0,0.0,0.0,0.0
2,6,4,0,,,,0.9696,0.0,0.0,0.0,0.0
2,7,4,0,,,,0.4039,0.0,0.0,0.0,0.0
2,8,4,0,,,,0.35355,0.0,0.0,0.0,0.0
2,9,4,0,,,,0.3579,0.0,0.0,0.0,33.44
2,10,4,0,,,,0.32918334,0.0,0.0,0.0,107.82
2,11,4,0,,,,0.33621666,0.0,0.0,0.0,92.35
2,12,4,0,,,,0.34345,0.0,0.0,0.0,147.12
2,13,4,0,,,,0.3244,0.0,0.0,0.0,92.05
2,14,4,0,,,,0.46045,0.0,0.0,0.0,80.09
2,15,4,0,,,,0.37545,0.0,0.0,0.0,45.39
2,16,4,0,,,,0.34616667,0.0,0.0,0.0,28.79
2,17,4,0,,,,0.49726668,0.0,0.0,0.0,8.0
2,18,4,0,,,,1.2301,0.0,0.0,0.0,0.0
2,19,4,0,,,,1.6244333,0.0,0.0,0.0,0.0
2,20,4,0,,,,1.3773333,0.0,0.0,0.0,0.0
2,21,4,0,,,,0.8994167,0.0,0.0,0.0,0.0
2,22,4,0,,,,0.7957,0.0,0.0,0.0,0.0
2,23,4,0,,,,0.56198335,0.0,0.0,0.0,0.0
2,24,4,0,,,,0.37933335,0.0,0.0,0.0,0.0
2,1,5,0,,,,0.37981668,0.0,0.0,0.0,0.0
2,2,5,0,,,,0.38186666,0.0,0.0,0.0,0.0
2,3,5,0,,,,0.38221666,0.0,0.0,0.0,0.0
2,4,5,0,,,,0.37461665,0.0,0.0,0.0,0.0
2,5,5,0,,,,0.38406667,0.0,0.0,0.0,0.0
2,6,5,0,,,,0.46506667,0.0,0.0,0.0,0.0
2,7,5,0,,,,0.2103,0.0,0.0,0.0,0.0
2,8,5,0,,,,0.33186665,0.0,0.0,0.0,0.0
2,9,5,0,,,,0.34406668,0.0,0.0,0.0,0.44
2,10,5,0,,,,0.34941667,0.0,0.0,0.0,46.19
2,11,5,0,,,,0.35635,0.0,0.0,0.0,153.62
2,12,5,0,,,,0.3282,0.0,0.0,0.0,140.11
2,13,5,0,,,,0.36111668,0.0,0.0,0.0,118.07
2,14,5,0,,,,0.35185,0.0,0.0,0.0,580.05
2,15,5,0,,,,0.3599,0.0,0.0,0.0,636.99
2,16,5,0,,,,0.34466666,0.0,0.0,0.0,423.0
2,17,5,0,,,,2.0250332,0.0,0.0,0.0,215.67
2,18,5,0,,,,2.1704667,0.0,0.0,0.0,0.0
2,19,5,0,,,,1.5124,0.0,0.0,0.0,0.0
2,20,5,0,,,,1.4560666,0.0,0.0,0.0,0.0
2,21,5,0,,,,0.7247667,0.0,0.0,0.0,0.0
2,22,5,0,,,,0.6816667,0.0,0.0,0.0,0.0
2,23,5,0,,,,0.49755,0.0,0.0,0.0,0.0
2,24,5,0,,,,0.40699166,0.0,0.0,0.0,0.0
2,1,6,0,,,,0.39635,0.0,0.0,0.0,0.0
2,2,6,0,,,,0.38463333,0.0,0.0,0.0,0.0
2,3,6,0,,,,0.40438333,0.0,0.0,0.0,0.0
2,4,6,0,,,,0.37993333,0.0,0.0,0.0,0.0
2,5,6,0,,,,0.32935,0.0,0.0,0.0,0.0
2,6,6,0,,,,0.35096666,0.0,0.0,0.0,0.0
2,7,6,0,,,,0.34771666,0.0,0.0,0.0,0.0
2,8,6,0,,,,1.02365,0.0,0.0,0.0,0.0
2,9,6,0,,,,1.7103333,0.0,0.0,0.0,9.31
2,10,6,0,,,,1.877,0.0,0.0,0.0,28.79
2,11,6,0,,,,1.4973,0.0,0.0,0.0,48.43
2,12,6,0,,,,1.23595,0.0,0.0,0.0,78.7
2,13,6,0,,,,1.6591,0.0,0.0,0.0,53.7
2,14,6,0,,,,0.79146665,0.0,0.0,0.0,48.63
2,15,6,0,,,,0.94998336,0.0,0.0,0.0,39.74
2,16,6,0,,,,2.2731667,0.0,0.0,0.0,19.29
2,17,6,0,,,,1.1116834,0.0,0.0,0.0,4.23
2,18,6,0,,,,0.50596666,0.0,0.0,0.0,0.0
2,19,6,0,,,,0.40363333,0.0,0.0,0.0,0.0
2,20,6,0,,,,1.49705,0.0,0.0,0.0,0.0
2,21,6,0,,,,1.4990667,0.0,0.0,0.0,0.0
2,22,6,0,,,,0.41188332,0.0,0.0,0.0,0.0
2,23,6,0,,,,1.2012666,0.0,0.0,0.0,0.0
2,24,6,0,,,,0.40899166,0.0,0.0,0.0,0.0
2,1,7,0,,,,1.27195,0.0,0.0,0.0,0.0
2,2,7,0,,,,0.42201668,0.0,0.0,0.0,0.0
2,3,7,0,,,,1.21325,0.0,0.0,0.0,0.0
2,4,7,0,,,,0.38996667,0.0,0.0,0.0,0.0
2,5,7,0,,,,1.27605,0.0,0.0,0.0,0.0
2,6,7,0,,,,0.3761,0.0,0.0,0.0,0.0
2,7,7,0,,,,0.38186666,0.0,0.0,0.0,0.0
2,8,7,0,,,,0.8181,0.0,0.0,0.0,0.0
2,9,7,0,,,,0.77818334,0.0,0.0,0.0,54.36
2,10,7,0,,,,0.9116167,0.0,0.0,0.0,137.98
2,11,7,0,,,,0.5423,0.0,0.0,0.0,67.4
2,12,7,0,,,,3.03575,0.0,0.0,0.0,65.79
2,13,7,0,,,,0.77396667,0.0,0.0,0.0,125.69
2,14,7,0,,,,0.39515,0.0,0.0,0.0,100.31
2,15,7,0,,,,0.34518334,0.0,0.0,0.0,199.67
2,16,7,0,,,,0.35058334,0.0,0.0,0.0,131.66
2,17,7,0,,,,0.33758333,0.0,0.0,0.0,23.83
2,18,7,0,,,,0.3615,0.0,0.0,0.0,0.0
2,19,7,0,,,,0.6479333,0.0,0.0,0.0,0.0
2,20,7,0,,,,0.8487333,0.0,0.0,0.0,0.0
2,21,7,0,,,,0.47408333,0.0,0.0,0.0,0.0
2,22,7,0,,,,0.38703334,0.0,0.0,0.0,0.0
2,23,7,0,,,,1.0691333,0.0,0.0,0.0,0.0
2,24,7,0,,,,0.359175,0.0,0.0,0.0,0.0
2,1,1,0,,,,0.31121665,0.0,0.0,0.0,0.0
2,2,1,0,,,,0.8569,0.0,0.0,0.0,0.0
2,3,1,0,,,,0.5427667,0.0,0.0,0.0,0.0
2,4,1,0,,,,0.33755,0.0,0.0,0.0,0.0
2,5,1,0,,,,0.58536667,0.0,0.0,0.0,0.0
2,6,1,0,,,,1.0770833,0.0,0.0,0.0,0.0
2,7,1,0,,,,0.31441668,0.0,0.0,0.0,0.0
2,8,1,0,,,,0.33148333,0.0,0.0,0.0,0.0
2,9,1,0,,,,0.31428334,0.0,0.0,0.0,86.16
2,10,1,0,,,,0.28841665,0.0,0.0,0.0,133.04
2,11,1,0,,,,0.30748335,0.0,0.0,0.0,104.28
2,12,1,0,,,,0.31846666,0.0,0.0,0.0,221.98
2,13,1,0,,,,0.31085,0.0,0.0,0.0,133.05
2,14,1,0,,,,0.60825,0.0,0.0,0.0,137.49
2,15,1,0,,,,0.56801665,0.0,0.0,0.0,91.0
2,16,1,0,,,,1.6461166,0.0,0.0,0.0,107.01
2,17,1,0,,,,1.5868167,0.0,0.0,0.0,50.83
2,18,1,0,,,,1.71105,0.0,0.0,0.0,0.0
2,19,1,0,,,,2.7715833,0.0,0.0,0.0,0.0
2,20,1,0,,,,2.3917167,0.0,0.0,0.0,0.0
2,21,1,0,,,,0.79228336,0.0,0.0,0.0,0.0
2,22,1,0,,,,0.3993,0.0,0.0,0.0,0.0
2,23,1,0,,,,0.39658332,0.0,0.0,0.0,0.0
2,24,1,0,,,,0.37484166,0.0,0.0,0.0,0.0
2,1,2,0,,,,0.37756667,0.0,0.0,0.0,0.0
2,2,2,0,,,,0.39271668,0.0,0.0,0.0,0.0
2,3,2,0,,,,0.3905,0.0,0.0,0.0,0.0
2,4,2,0,,,,0.39341667,0.0,0.0,0.0,0.0
2,5,2,0,,,,0.745,0.0,0.0,0.0,0.0
2,6,2,0,,,,1.13255,0.0,0.0,0.0,0.0
2,7,2,0,,,,0.44745,0.0,0.0,0.0,0.0
2,8,2,0,,,,0.30606666,0.0,0.0,0.0,0.0
2,9,2,0,,,,0.32333332,0.0,0.0,0.0,77.87
2,10,2,0,,,,0.31853333,0.0,0.0,0.0,64.94
2,11,2,0,,,,0.31105,0.0,0.0,0.0,93.48
2,12,2,0,,,,0.30778334,0.0,0.0,0.0,140.77
2,13,2,0,,,,0.33116665,0.0,0.0,0.0,66.46
2,14,2,0,,,,0.3252,0.0,0.0,0.0,54.2
2,15,2,0,,,,0.3123,0.0,0.0,0.0,37.52
2,16,2,0,,,,0.35135,0.0,0.0,0.0,23.8
2,17,2,0,,,,0.43006667,0.0,0.0,0.0,14.48
2,18,2,0,,,,0.49031666,0.0,0.0,0.0,0.0
2,19,2,0,,,,0.8380833,0.0,0.0,0.0,0.0
2,20,2,0,,,,1.0223334,0.0,0.0,0.0,0.0
2,21,2,0,,,,0.9982333,0.0,0.0,0.0,0.0
2,22,2,0,,,,0.4704,0.0,0.0,0.0,0.0
2,23,2,0,,,,0.38986668,0.0,0.0,0.0,0.0
2,24,2,0,,,,0.39204165,0.0,0.0,0.0,0.0
2,1,3,0,,,,0.38683334,0.0,0.0,0.0,0.0
2,2,3,0,,,,0.38576666,0.0,0.0,0.0,0.0
2,3,3,0,,,,0.37886667,0.0,0.0,0.0,0.0
2,4,3,0,,,,0.38316667,0.0,0.0,0.0,0.0
2,5,3,0,,,,0.39793333,0.0,0.0,0.0,0.0
2,6,3,0,,,,0.49616668,0.0,0.0,0.0,0.0
2,7,3,0,,,,0.31198335,0.0,0.0,0.0,0.0
2,8,3,0,,,,0.33525,0.0,0.0,0.0,0.0
2,9,3,0,,,,0.32798332,0.0,0.0,0.0,15.54
2,10,3,0,,,,0.31053334,0.0,0.0,0.0,31.83
2,11,3,0,,,,0.29663333,0.0,0.0,0.0,167.21
2,12,3,0,,,,0.33436668,0.0,0.0,0.0,106.18
2,13,3,0,,,,0.31821668,0.0,0.0,0.0,237.66
2,14,3,0,,,,0.34481665,0.0,0.0,0.0,349.99
2,15,3,0,,,,0.67621666,0.0,0.0,0.0,408.75
2,16,3,0,,,,0.51265,0.0,0.0,0.0,283.73
2,17,3,0,,,,0.56261665,0.0,0.0,0.0,16.46
2,18,3,0,,,,1.00915,0.0,0.0,0.0,0.0
2,19,3,0,,,,0.6979333,0.0,0.0,0.0,0.0
2,20,3,0,,,,0.84788334,0.0,0.0,0.0,0.0
2,21,3,0,,,,0.37548333,0.0,0.0,0.0,0.0
2,22,3,0,,,,0.35473335,0.0,0.0,0.0,0.0
2,23,3,0,,,,0.36395,0.0,0.0,0.0,0.0
2,24,3,0,,,,0.34843335,0.0,0.0,0.0,0.0
2,1,4,0,,,,0.31498334,0.0,0.0,0.0,0.0
2,2,4,0,,,,0.31918332,0.0,0.0,0.0,0.0
2,3,4,0,,,,0.3649,0.0,0.0,0.0,0.0
2,4,4,0,,,,0.34516665,0.0,0.0,0.0,0.0
2,5,4,0,,,,0.53005,0.0,0.0,0.0,0.0
2,6,4,0,,,,0.83991665,0.0,0.0,0.0,0.0
2,7,4,0,,,,0.57365,0.0,0.0,0.0,0.0
2,8,4,0,,,,0.33441666,0.0,0.0,0.0,0.0
2,9,4,0,,,,0.30618334,0.0,0.0,0.0,45.97
2,10,4,0,,,,0.28951666,0.0,0.0,0.0,103.93
2,11,4,0,,,,0.32853332,0.0,0.0,0.0,124.43
2,12,4,0,,,,0.3123,0.0,0.0,0.0,408.8
2,13,4,0,,,,0.32393333,0.0,0.0,0.0,725.54
2,14,4,0,,,,0.31498334,0.0,0.0,0.0,694.83
2,15,4,0,,,,0.34238333,0.0,0.0,0.0,595.46
2,16,4,0,,,,0.38233334,0.0,0.0,0.0,449.18
2,17,4,0,,,,1.27895,0.0,0.0,0.0,238.86
2,18,4,0,,,,1.23095,0.0,0.0,0.0,0.0
2,19,4,0,,,,0.4281,0.0,0.0,0.0,0.0
2,20,4,0,,,,0.9173667,0.0,0.0,0.0,0.0
2,21,4,0,,,,0.57668334,0.0,0.0,0.0,0.0
2,22,4,0,,,,0.37891668,0.0,0.0,0.0,0.0
2,23,4,0,,,,0.37125,0.0,0.0,0.0,0.0
2,24,4,0,,,,0.36761665,0.0,0.0,0.0,0.0
2,1,5,0,,,,0.36756667,0.0,0.0,0.0,0.0
2,2,5,0,,,,0.3472,0.0,0.0,0.0,0.0
2,3,5,0,,,,0.38031667,0.0,0.0,0.0,0.0
2,4,5,0,,,,0.34685,0.0,0.0,0.0,0.0
2,5,5,0,,,,0.89563334,0.0,0.0,0.0,0.0
2,6,5,0,,,,0.51243335,0.0,0.0,0.0,0.0
2,7,5,0,,,,0.46725,0.0,0.0,0.0,0.0
2,8,5,0,,,,1.36415,0.0,0.0,0.0,0.0
2,9,5,0,,,,1.1236,0.0,0.0,0.0,217.76
2,10,5,0,,,,0.9456667,0.0,0.0,0.0,483.62
2,11,5,0,,,,0.51595,0.0,0.0,0.0,599.99
2,12,5,0,,,,0.74883336,0.0,0.0,0.0,710.45
2,13,5,0,,,,1.8383334,0.0,0.0,0.0,742.41
2,14,5,0,,,,2.0512834,0.0,0.0,0.0,726.71
2,15,5,0,,,,2.1760166,0.0,0.0,0.0,604.17
2,16,5,0,,,,1.9819833,0.0,0.0,0.0,362.8
2,17,5,0,,,,1.6667666,0.0,0.0,0.0,25.83
2,18,5,0,,,,1.9118834,0.0,0.0,0.0,0.0
2,19,5,0,,,,1.9533167,0.0,0.0,0.0,0.0
2,20,5,0,,,,1.7197,0.0,0.0,0.0,0.0
2,21,5,0,,,,0.986,0.0,0.0,0.0,0.0
2,22,5,0,,,,0.39545,0.0,0.0,0.0,0.0
2,23,5,0,,,,0.40158334,0.0,0.0,0.0,0.0
2,24,5,0,,,,0.48356667,0.0,0.0,0.0,0.0
2,1,6,0,,,,0.37103334,0.0,0.0,0.0,0.0
2,2,6,0,,,,0.38531667,0.0,0.0,0.0,0.0
2,3,6,0,,,,0.3785,0.0,0.0,0.0,0.0
2,4,6,0,,,,0.35488334,0.0,0.0,0.0,0.0
2,5,6,0,,,,0.37705,0.0,0.0,0.0,0.0
2,6,6,0,,,,0.37396666,0.0,0.0,0.0,0.0
2,7,6,0,,,,1.5592667,0.0,0.0,0.0,0.0
2,8,6,0,,,,2.5070333,0.0,0.0,0.0,0.0
2,9,6,0,,,,1.9535167,0.0,0.0,0.0,227.92
2,10,6,0,,,,2.02265,0.0,0.0,0.0,485.91
2,11,6,0,,,,1.3864167,0.0,0.0,0.0,643.64
2,12,6,0,,,,1.3794333,0.0,0.0,0.0,735.12
2,13,6,0,,,,1.3266833,0.0,0.0,0.0,765.77
2,14,6,0,,,,1.2359,0.0,0.0,0.0,731.95
2,15,6,0,,,,1.7578167,0.0,0.0,0.0,629.45
2,16,6,0,,,,1.68095,0.0,0.0,0.0,471.78
2,17,6,0,,,,0.9923,0.0,0.0,0.0,253.46
2,18,6,0,,,,0.826,0.0,0.0,0.0,0.0
2,19,6,0,,,,1.5409666,0.0,0.0,0.0,0.0
2,20,6,0,,,,1.5272334,0.0,0.0,0.0,0.0
2,21,6,0,,,,0.81153333,0.0,0.0,0.0,0.0
2,22,6,0,,,,0.4362,0.0,0.0,0.0,0.0
2,23,6,0,,,,0.42565,0.0,0.0,0.0,0.0
2,24,6,0,,,,0.41845,0.0,0.0,0.0,0.0
2,1,7,0,,,,0.43351668,0.0,0.0,0.0,0.0
2,2,7,0,,,,0.42701668,0.0,0.0,0.0,0.0
2,3,7,0,,,,0.42145,0.0,0.0,0.0,0.0
2,4,7,0,,,,0.41401666,0.0,0.0,0.0,0.0
2,5,7,0,,,,0.4086,0.0,0.0,0.0,0.0
2,6,7,0,,,,1.2090666,0.0,0.0,0.0,0.0
2,7,7,0,,,,1.01385,0.0,0.0,0.0,0.0
2,8,7,0,,,,1.2357666,0.0,0.0,0.0,0.0
2,9,7,0,,,,3.38715,0.0,0.0,0.0,260.16
2,10,7,0,,,,2.2894,0.0,0.0,0.0,492.67
2,11,7,0,,,,1.3510667,0.0,0.0,0.0,648.34
2,12,7,0,,,,0.98793334,0.0,0.0,0.0,742.32
2,13,7,0,,,,1.1072167,0.0,0.0,0.0,769.32
2,14,7,0,,,,1.03095,0.0,0.0,0.0,747.52
2,15,7,0,,,,1.4641,0.0,0.0,0.0,633.14
2,16,7,0,,,,1.4518666,0.0,0.0,0.0,483.78
2,17,7,0,,,,2.0557,0.0,0.0,0.0,263.05
2,18,7,0,,,,3.6529334,0.0,0.0,0.0,0.0
2,19,7,0,,,,1.5345167,0.0,0.0,0.0,0.0
2,20,7,0,,,,1.07615,0.0,0.0,0.0,0.0
2,21,7,0,,,,1.1875334,0.0,0.0,0.0,0.0
2,22,7,0,,,,0.8060667,0.0,0.0,0.0,0.0
2,23,7,0,,,,0.8024667,0.0,0.0,0.0,0.0
2,24,7,0,,,,0.44851667,0.0,0.0,0.0,0.0
2,1,1,0,,,,0.43791667,0.0,0.0,0.0,0.0
2,2,1,0,,,,0.46096668,0.0,0.0,0.0,0.0
2,3,1,0,,,,0.4424,0.0,0.0,0.0,0.0
2,4,1,0,,,,0.75046664,0.0,0.0,0.0,0.0
2,5,1,0,,,,0.75505,0.0,0.0,0.0,0.0
2,6,1,0,,,,1.2420334,0.0,0.0,0.0,0.0
2,7,1,0,,,,1.4346,0.0,0.0,0.0,0.0
2,8,1,0,,,,1.3419,0.0,0.0,0.0,0.0
2,9,1,0,,,,4.3372,0.0,0.0,0.0,162.02
2,10,1,0,,,,2.17055,0.0,0.0,0.0,296.15
2,11,1,0,,,,2.1491833,0.0,0.0,0.0,126.1
2,12,1,0,,,,1.5579833,0.0,0.0,0.0,36.34
2,13,1,0,,,,1.41845,0.0,0.0,0.0,165.04
2,14,1,0,,,,0.77491665,0.0,0.0,0.0,155.34
2,15,1,0,,,,1.9390167,0.0,0.0,0.0,28.5
2,16,1,0,,,,1.5096,0.0,0.0,0.0,146.35
2,17,1,0,,,,1.6632,0.0,0.0,0.0,6.45
2,18,1,0,,,,2.3884168,0.0,0.0,0.0,0.0
2,19,1,0,,,,1.4637333,0.0,0.0,0.0,0.0
2,20,1,0,,,,2.94425,0.0,0.0,0.0,0.0
2,21,1,0,,,,0.85518336,0.0,0.0,0.0,0.0
2,22,1,0,,,,0.59675,0.0,0.0,0.0,0.0
2,23,1,0,,,,0.3891,0.0,0.0,0.0,0.0
2,24,1,0,,,,0.381675,0.0,0.0,0.0,0.0
2,1,2,0,,,,0.38111666,0.0,0.0,0.0,0.0
2,2,2,0,,,,0.37941667,0.0,0.0,0.0,0.0
2,3,2,0,,,,0.41913334,0.0,0.0,0.0,0.0
2,4,2,0,,,,0.40976667,0.0,0.0,0.0,0.0
2,5,2,0,,,,1.3967167,0.0,0.0,0.0,0.0
2,6,2,0,,,,1.1072667,0.0,0.0,0.0,0.0
2,7,2,0,,,,0.6102875,0.0,0.0,0.0,0.0
2,8,2,0,,,,0.5613667,0.0,0.0,0.0,0.0
2,9,2,0,,,,0.5524,0.0,0.0,0.0,37.37
2,10,2,0,,,,0.55435,0.0,0.0,0.0,148.73
2,11,2,0,,,,0.55146664,0.0,0.0,0.0,304.01
2,12,2,0,,,,0.54565,0.0,0.0,0.0,616.94
2,13,2,0,,,,0.54795,0.0,0.0,0.0,782.68
2,14,2,0,,,,0.5509667,0.0,0.0,0.0,755.72
2,15,2,0,,,,0.55065,0.0,0.0,0.0,672.69
2,16,2,0,,,,1.9657333,0.0,0.0,0.0,486.9
2,17,2,0,,,,2.1574333,0.0,0.0,0.0,295.33
2,18,2,0,,,,1.9426167,0.0,0.0,0.0,0.0
2,19,2,0,,,,2.19065,0.0,0.0,0.0,0.0
2,20,2,0,,,,0.44981667,0.0,0.0,0.0,0.0
2,21,2,0,,,,0.41238335,0.0,0.0,0.0,0.0
2,22,2,0,,,,0.3944,0.0,0.0,0.0,0.0
2,23,2,0,,,,0.38086668,0.0,0.0,0.0,0.0
2,24,2,0,,,,0.37694168,0.0,0.0,0.0,0.0
2,1,3,0,,,,0.38131666,0.0,0.0,0.0,0.0
2,2,3,0,,,,0.37406668,0.0,0.0,0.0,0.0
2,3,3,0,,,,0.38058335,0.0,0.0,0.0,0.0
2,4,3,0,,,,0.39221665,0.0,0.0,0.0,0.0
2,5,3,0,,,,2.2393167,0.0,0.0,0.0,0.0
2,6,3,0,,,,0.57843333,0.0,0.0,0.0,0.0
2,7,3,0,,,,0.3179,0.0,0.0,0.0,0.0
2,8,3,0,,,,0.35486665,0.0,0.0,0.0,0.0
2,9,3,0,,,,0.34061667,0.0,0.0,0.0,93.86
2,10,3,0,,,,0.34128332,0.0,0.0,0.0,523.37
2,11,3,0,,,,0.32483333,0.0,0.0,0.0,670.68
2,12,3,0,,,,0.34005,0.0,0.0,0.0,678.76
2,13,3,0,,,,0.32668334,0.0,0.0,0.0,810.42
2,14,3,0,,,,0.32446668,0.0,0.0,0.0,672.87
2,15,3,0,,,,0.34618333,0.0,0.0,0.0,452.9
2,16,3,0,,,,3.1388,0.0,0.0,0.0,302.71
2,17,3,0,,,,2.1846166,0.0,0.0,0.0,225.98
2,18,3,0,,,,1.4615,0.0,0.0,0.0,0.0
2,19,3,0,,,,1.6065667,0.0,0.0,0.0,0.0
2,20,3,0,,,,0.93095,0.0,0.0,0.0,0.0
2,21,3,0,,,,0.8591833,0.0,0.0,0.0,0.0
2,22,3,0,,,,0.50551665,0.0,0.0,0.0,0.0
2,23,3,0,,,,0.38306665,0.0,0.0,0.0,0.0
2,24,3,0,,,,0.37741667,0.0,0.0,0.0,0.0
2,1,4,0,,,,0.4872,0.0,0.0,0.0,0.0
2,2,4,0,,,,0.39535,0.0,0.0,0.0,0.0
2,3,4,0,,,,0.35831666,0.0,0.0,0.0,0.0
2,4,4,0,,,,0.31575,0.0,0.0,0.0,0.0
2,5,4,0,,,,3.0914,0.0,0.0,0.0,0.0
2,6,4,0,,,,1.1476166,0.0,0.0,0.0,0.0
2,7,4,0,,,,0.7467,0.0,0.0,0.0,0.0
2,8,4,0,,,,0.33033332,0.0,0.0,0.0,0.0
2,9,4,0,,,,0.29685,0.0,0.0,0.0,87.28
2,10,4,0,,,,0.29186666,0.0,0.0,0.0,517.3
2,11,4,0,,,,0.3187,0.0,0.0,0.0,699.71
2,12,4,0,,,,0.32055,0.0,0.0,0.0,807.42
2,13,4,0,,,,0.31421667,0.0,0.0,0.0,844.31
2,14,4,0,,,,0.3158,0.0,0.0,0.0,809.3
2,15,4,0,,,,0.9202167,0.0,0.0,0.0,677.57
2,16,4,0,,,,4.07735,0.0,0.0,0.0,539.38
2,17,4,0,,,,2.39565,0.0,0.0,0.0,303.12
2,18,4,0,,,,1.332,0.0,0.0,0.0,0.0
2,19,4,0,,,,2.0922,0.0,0.0,0.0,0.0
2,20,4,0,,,,2.4315333,0.0,0.0,0.0,0.0
2,21,4,0,,,,0.8437667,0.0,0.0,0.0,0.0
2,22,4,0,,,,0.62271667,0.0,0.0,0.0,0.0
2,23,4,0,,,,0.38923332,0.0,0.0,0.0,0.0
2,24,4,0,,,,0.37799168,0.0,0.0,0.0,0.0
2,1,5,0,,,,0.34973332,0.0,0.0,0.0,0.0
2,2,5,0,,,,0.34721667,0.0,0.0,0.0,0.0
2,3,5,0,,,,1.4707167,0.0,0.0,0.0,0.0
2,4,5,0,,,,1.8211167,0.0,0.0,0.0,0.0
2,5,5,0,,,,1.4362333,0.0,0.0,0.0,0.0
2,6,5,0,,,,1.7914,0.0,0.0,0.0,0.0
2,7,5,0,,,,1.1763333,0.0,0.0,0.0,0.0
2,8,5,0,,,,0.33526668,0.0,0.0,0.0,0.0
2,9,5,0,,,,1.1153166,0.0,0.0,0.0,114.06
2,10,5,0,,,,0.29183334,0.0,0.0,0.0,140.79
2,11,5,0,,,,0.2702,0.0,0.0,0.0,219.92
2,12,5,0,,,,0.29893333,0.0,0.0,0.0,310.68
2,13,5,0,,,,0.30211666,0.0,0.0,0.0,254.8
2,14,5,0,,,,0.31685,0.0,0.0,0.0,358.28
2,15,5,0,,,,0.3189,0.0,0.0,0.0,153.65
2,16,5,0,,,,0.32911667,0.0,0.0,0.0,93.92
2,17,5,0,,,,2.9229,0.0,0.0,0.0,37.69
2,18,5,0,,,,2.37635,0.0,0.0,0.0,0.0
2,19,5,0,,,,2.4621167,0.0,0.0,0.0,0.0
2,20,5,0,,,,2.7725167,0.0,0.0,0.0,0.0
2,21,5,0,,,,1.7652667,0.0,0.0,0.0,0.0
2,22,5,0,,,,0.34628335,0.0,0.0,0.0,0.0
2,23,5,0,,,,0.34106666,0.0,0.0,0.0,0.0
2,24,5,0,,,,0.345025,0.0,0.0,0.0,0.0
2,1,6,0,,,,0.32266667,0.0,0.0,0.0,0.0
2,2,6,0,,,,0.47023332,0.0,0.0,0.0,0.0
2,3,6,0,,,,0.58748335,0.0,0.0,0.0,0.0
2,4,6,0,,,,0.32753333,0.0,0.0,0.0,0.0
2,5,6,0,,,,0.33105,0.0,0.0,0.0,0.0
2,6,6,0,,,,0.32098332,0.0,0.0,0.0,0.0
2,7,6,0,,,,2.5558167,0.0,0.0,0.0,0.0
2,8,6,0,,,,1.4048834,0.0,0.0,0.0,0.0
2,9,6,0,,,,2.0068834,0.0,0.0,0.0,148.42
2,10,6,0,,,,2.4052668,0.0,0.0,0.0,306.21
2,11,6,0,,,,0.6950167,0.0,0.0,0.0,227.14
2,12,6,0,,,,0.2945,0.0,0.0,0.0,758.14
2,13,6,0,,,,0.32575,0.0,0.0,0.0,810.18
2,14,6,0,,,,0.34115,0.0,0.0,0.0,778.24
2,15,6,0,,,,0.34215,0.0,0.0,0.0,679.61
2,16,6,0,,,,0.35778335,0.0,0.0,0.0,527.19
2,17,6,0,,,,0.34241667,0.0,0.0,0.0,273.37
2,18,6,0,,,,0.32213333,0.0,0.0,0.0,0.0
2,19,6,0,,,,0.31366667,0.0,0.0,0.0,0.0
2,20,6,0,,,,0.32056665,0.0,0.0,0.0,0.0
2,21,6,0,,,,0.32626668,0.0,0.0,0.0,0.0
2,22,6,0,,,,0.31795,0.0,0.0,0.0,0.0
2,23,6,0,,,,0.31391665,0.0,0.0,0.0,0.0
2,24,6,0,,,,0.31864166,0.0,0.0,0.0,0.0
2,1,7,0,,,,0.32238334,0.0,0.0,0.0,0.0
2,2,7,0,,,,0.31951666,0.0,0.0,0.0,0.0
2,3,7,0,,,,0.33215,0.0,0.0,0.0,0.0
2,4,7,0,,,,0.32815,0.0,0.0,0.0,0.0
2,5,7,0,,,,0.31235,0.0,0.0,0.0,0.0
2,6,7,0,,,,0.31525,0.0,0.0,0.0,0.0
2,7,7,0,,,,0.33201668,0.0,0.0,0.0,0.0
2,8,7,0,,,,0.32555,0.0,0.0,0.0,0.0
2,9,7,0,,,,0.6029,0.0,0.0,0.0,10.46
2,10,7,0,,,,0.39191666,0.0,0.0,0.0,132.93
2,11,7,0,,,,0.31238332,0.0,0.0,0.0,58.63
2,12,7,0,,,,0.3206,0.0,0.0,0.0,109.5
2,13,7,0,,,,0.30471668,0.0,0.0,0.0,195.43
2,14,7,0,,,,2.5140667,0.0,0.0,0.0,115.94
2,15,7,0,,,,3.9318833,0.0,0.0,0.0,193.45
2,16,7,0,,,,2.6298833,0.0,0.0,0.0,45.35
2,17,7,0,,,,1.5193167,0.0,0.0,0.0,197.86
2,18,7,0,,,,1.8688,0.0,0.0,0.0,0.0
2,19,7,0,,,,2.0974166,0.0,0.0,0.0,0.0
2,20,7,0,,,,1.0149833,0.0,0.0,0.0,0.0
2,21,7,0,,,,0.77211666,0.0,0.0,0.0,0.0
2,22,7,0,,,,0.77313334,0.0,0.0,0.0,0.0
2,23,7,0,,,,0.3616,0.0,0.0,0.0,0.0
2,24,7,0,,,,0.36545834,0.0,0.0,0.0,0.0
2,1,1,0,,,,0.36116666,0.0,0.0,0.0,0.0
2,2,1,0,,,,0.35556668,0.0,0.0,0.0,0.0
2,3,1,0,,,,0.37181666,0.0,0.0,0.0,0.0
2,4,1,0,,,,0.37901667,0.0,0.0,0.0,0.0
2,5,1,0,,,,2.9490166,0.0,0.0,0.0,0.0
2,6,1,0,,,,2.77215,0.0,0.0,0.0,0.0
2,7,1,0,,,,2.4447668,0.0,0.0,0.0,0.0
2,8,1,0,,,,1.50615,0.0,0.0,0.0,0.0
2,9,1,0,,,,1.60845,0.0,0.0,0.0,13.2
2,10,1,0,,,,1.3916833,0.0,0.0,0.0,51.24
2,11,1,0,,,,1.78345,0.0,0.0,0.0,117.33
2,12,1,0,,,,1.56125,0.0,0.0,0.0,172.23
2,13,1,0,,,,1.4227667,0.0,0.0,0.0,337.82
2,14,1,0,,,,1.8082833,0.0,0.0,0.0,591.89
2,15,1,0,,,,1.52735,0.0,0.0,0.0,141.76
2,16,1,0,,,,1.3944334,0.0,0.0,0.0,138.02
2,17,1,0,,,,1.4874834,0.0,0.0,0.0,85.18
2,18,1,0,,,,1.3640667,0.0,0.0,0.0,0.0
2,19,1,0,,,,1.1753167,0.0,0.0,0.0,0.0
2,20,1,0,,,,1.71935,0.0,0.0,0.0,0.0
2,21,1,0,,,,0.8637667,0.0,0.0,0.0,0.0
2,22,1,0,,,,0.8098,0.0,0.0,0.0,0.0
2,23,1,0,,,,0.3833,0.0,0.0,0.0,0.0
2,24,1,0,,,,0.38118333,0.0,0.0,0.0,0.0
2,1,2,0,,,,0.35156667,0.0,0.0,0.0,0.0
2,2,2,0,,,,0.36023334,0.0,0.0,0.0,0.0
2,3,2,0,,,,0.3838,0.0,0.0,0.0,0.0
2,4,2,0,,,,1.4899,0.0,0.0,0.0,0.0
2,5,2,0,,,,1.45955,0.0,0.0,0.0,0.0
2,6,2,0,,,,1.5248834,0.0,0.0,0.0,0.0
2,7,2,0,,,,0.43775,0.0,0.0,0.0,0.0
2,8,2,0,,,,0.32881665,0.0,0.0,0.0,0.0
2,9,2,0,,,,0.30643332,0.0,0.0,0.0,148.24
2,10,2,0,,,,0.28358334,0.0,0.0,0.0,400.91
2,11,2,0,,,,0.3061,0.0,0.0,0.0,579.15
2,12,2,0,,,,0.3249,0.0,0.0,0.0,556.85
2,13,2,0,,,,0.33341667,0.0,0.0,0.0,428.18
2,14,2,0,,,,0.3232,0.0,0.0,0.0,449.93
2,15,2,0,,,,0.3385,0.0,0.0,0.0,371.83
2,16,2,0,,,,0.36933333,0.0,0.0,0.0,375.77
2,17,2,0,,,,2.3535333,0.0,0.0,0.0,15.91
2,18,2,0,,,,2.0808833,0.0,0.0,0.0,0.0
2,19,2,0,,,,1.5802333,0.0,0.0,0.0,0.0
2,20,2,0,,,,1.4980667,0.0,0.0,0.0,0.0
2,21,2,0,,,,0.8358667,0.0,0.0,0.0,0.0
2,22,2,0,,,,0.6103167,0.0,0.0,0.0,0.0
2,23,2,0,,,,0.38118333,0.0,0.0,0.0,0.0
2,24,2,0,,,,0.38689166,0.0,0.0,0.0,0.0
3,1,3,0,,,,0.38953334,0.0,0.0,0.0,0.0
3,2,3,0,,,,1.911,0.0,0.0,0.0,0.0
3,3,3,0,,,,1.2614,0.0,0.0,0.0,0.0
3,4,3,0,,,,0.38436666,0.0,0.0,0.0,0.0
3,5,3,0,,,,1.2169666,0.0,0.0,0.0,0.0
3,6,3,0,,,,0.69948334,0.0,0.0,0.0,0.0
3,7,3,0,,,,0.83115,0.0,0.0,0.0,0.0
3,8,3,0,,,,0.3777,0.0,0.0,0.0,0.02
3,9,3,0,,,,0.3736,0.0,0.0,0.0,81.06
3,10,3,0,,,,0.43835834,0.0,0.0,0.0,99.97
3,11,3,0,,,,0.2917,0.0,0.0,0.0,106.98
3,12,3,0,,,,0.3177,0.0,0.0,0.0,130.39
3,13,3,0,,,,0.31106666,0.0,0.0,0.0,59.69
3,14,3,0,,,,0.3141,0.0,0.0,0.0,50.73
3,15,3,0,,,,0.30456668,0.0,0.0,0.0,19.27
3,16,3,0,,,,0.33921668,0.0,0.0,0.0,22.93
3,17,3,0,,,,0.6655833,0.0,0.0,0.0,78.08
3,18,3,0,,,,1.66285,0.0,0.0,0.0,0.59
3,19,3,0,,,,1.7681167,0.0,0.0,0.0,0.0
3,20,3,0,,,,1.0378833,0.0,0.0,0.0,0.0
3,21,3,0,,,,0.78525,0.0,0.0,0.0,0.0
3,22,3,0,,,,0.77421665,0.0,0.0,0.0,0.0
3,23,3,0,,,,0.38758335,0.0,0.0,0.0,0.0
3,24,3,0,,,,0.40195,0.0,0.0,0.0,0.0
3,1,4,0,,,,0.38775,0.0,0.0,0.0,0.0
3,2,4,0,,,,0.38175,0.0,0.0,0.0,0.0
3,3,4,0,,,,0.39765,0.0,0.0,0.0,0.0
3,4,4,0,,,,1.8757,0.0,0.0,0.0,0.0
3,5,4,0,,,,0.43505,0.0,0.0,0.0,0.0
3,6,4,0,,,,1.28935,0.0,0.0,0.0,0.0
3,7,4,0,,,,0.32341668,0.0,0.0,0.0,0.0
3,8,4,0,,,,0.3279,0.0,0.0,0.0,0.42
3,9,4,0,,,,0.32308334,0.0,0.0,0.0,207.15
3,10,4,0,,,,0.3197,0.0,0.0,0.0,448.65
3,11,4,0,,,,0.3156,0.0,0.0,0.0,734.61
3,12,4,0,,,,0.29925,0.0,0.0,0.0,836.84
3,13,4,0,,,,0.32726666,0.0,0.0,0.0,876.45
3,14,4,0,,,,0.30581668,0.0,0.0,0.0,832.43
3,15,4,0,,,,0.31043333,0.0,0.0,0.0,698.88
3,16,4,0,,,,0.34066668,0.0,0.0,0.0,558.33
3,17,4,0,,,,2.6312332,0.0,0.0,0.0,312.13
3,18,4,0,,,,1.7085,0.0,0.0,0.0,4.42
3,19,4,0,,,,1.4712833,0.0,0.0,0.0,0.0
3,20,4,0,,,,4.124483,0.0,0.0,0.0,0.0
3,21,4,0,,,,0.82848334,0.0,0.0,0.0,0.0
3,22,4,0,,,,0.47733334,0.0,0.0,0.0,0.0
3,23,4,0,,,,0.364,0.0,0.0,0.0,0.0
3,24,4,0,,,,0.332475,0.0,0.0,0.0,0.0
3,1,5,0,,,,0.35218334,0.0,0.0,0.0,0.0
3,2,5,0,,,,0.36263335,0.0,0.0,0.0,0.0
3,3,5,0,,,,0.35851666,0.0,0.0,0.0,0.0
3,4,5,0,,,,0.34363332,0.0,0.0,0.0,0.0
3,5,5,0,,,,0.47531667,0.0,0.0,0.0,0.0
3,6,5,0,,,,0.72945,0.0,0.0,0.0,0.0
3,7,5,0,,,,0.32431668,0.0,0.0,0.0,0.0
3,8,5,0,,,,0.32878333,0.0,0.0,0.0,11.0
3,9,5,0,,,,0.30855,0.0,0.0,0.0,324.06
3,10,5,0,,,,0.28591666,0.0,0.0,0.0,547.24
3,11,5,0,,,,0.3033,0.0,0.0,0.0,700.92
3,12,5,0,,,,0.31473333,0.0,0.0,0.0,792.22
3,13,5,0,,,,0.312,0.0,0.0,0.0,836.27
3,14,5,0,,,,0.38486665,0.0,0.0,0.0,793.57
3,15,5,0,,,,0.74085,0.0,0.0,0.0,696.29
3,16,5,0,,,,0.3873,0.0,0.0,0.0,541.16
3,17,5,0,,,,0.34716666,0.0,0.0,0.0,241.67
3,18,5,0,,,,0.35176668,0.0,0.0,0.0,2.31
3,19,5,0,,,,0.34908333,0.0,0.0,0.0,0.0
3,20,5,0,,,,0.33315,0.0,0.0,0.0,0.0
3,21,5,0,,,,0.31075,0.0,0.0,0.0,0.0
3,22,5,0,,,,0.33385,0.0,0.0,0.0,0.0
3,23,5,0,,,,0.33086666,0.0,0.0,0.0,0.0
3,24,5,0,,,,0.32465833,0.0,0.0,0.0,0.0
3,1,6,0,,,,0.3484,0.0,0.0,0.0,0.0
3,2,6,0,,,,0.34186667,0.0,0.0,0.0,0.0
3,3,6,0,,,,0.33885,0.0,0.0,0.0,0.0
3,4,6,0,,,,0.3243,0.0,0.0,0.0,0.0
3,5,6,0,,,,0.36215,0.0,0.0,0.0,0.0
3,6,6,0,,,,0.30755,0.0,0.0,0.0,0.0
3,7,6,0,,,,0.3562,0.0,0.0,0.0,0.0
3,8,6,0,,,,0.31383333,0.0,0.0,0.0,0.01
3,9,6,0,,,,0.30598333,0.0,0.0,0.0,28.74
3,10,6,0,,,,0.29808334,0.0,0.0,0.0,95.14
3,11,6,0,,,,0.29636666,0.0,0.0,0.0,124.62
3,12,6,0,,,,0.29125,0.0,0.0,0.0,332.14
3,13,6,0,,,,0.31283334,0.0,0.0,0.0,182.81
3,14,6,0,,,,0.65923333,0.0,0.0,0.0,191.89
3,15,6,0,,,,0.3323,0.0,0.0,0.0,220.23
3,16,6,0,,,,0.34386668,0.0,0.0,0.0,107.01
3,17,6,0,,,,0.3316,0.0,0.0,0.0,37.28
3,18,6,0,,,,0.32278332,0.0,0.0,0.0,5.76
3,19,6,0,,,,0.32346666,0.0,0.0,0.0,0.0
3,20,6,0,,,,0.3245,0.0,0.0,0.0,0.0
3,21,6,0,,,,0.3245,0.0,0.0,0.0,0.0
3,22,6,0,,,,0.3248,0.0,0.0,0.0,0.0
3,23,6,0,,,,0.32273334,0.0,0.0,0.0,0.0
3,24,6,0,,,,0.322275,0.0,0.0,0.0,0.0
3,1,7,0,,,,0.32225,0.0,0.0,0.0,0.0
3,2,7,0,,,,0.33253333,0.0,0.0,0.0,0.0
3,3,7,0,,,,0.31731668,0.0,0.0,0.0,0.0
3,4,7,0,,,,0.32241666,0.0,0.0,0.0,0.0
3,5,7,0,,,,0.32708332,0.0,0.0,0.0,0.0
3,6,7,0,,,,0.30315,0.0,0.0,0.0,0.0
3,7,7,0,,,,0.31173334,0.0,0.0,0.0,0.0
3,8,7,0,,,,0.31101668,0.0,0.0,0.0,3.13
3,9,7,0,,,,0.31155,0.0,0.0,0.0,112.21
3,10,7,0,,,,0.30658334,0.0,0.0,0.0,373.25
3,11,7,0,,,,3.8492167,0.0,0.0,0.0,83.96
3,12,7,0,,,,2.4504166,0.0,0.0,0.0,76.49
3,13,7,0,,,,2.9914167,0.0,0.0,0.0,103.08
3,14,7,0,,,,2.3029168,0.0,0.0,0.0,91.28
3,15,7,0,,,,2.4787834,0.0,0.0,0.0,134.14
3,16,7,0,,,,2.1340334,0.0,0.0,0.0,338.44
3,17,7,0,,,,1.7718834,0.0,0.0,0.0,208.87
3,18,7,0,,,,1.8880167,0.0,0.0,0.0,4.18
3,19,7,0,,,,1.7550833,0.0,0.0,0.0,0.0
3,20,7,0,,,,1.11035,0.0,0.0,0.0,0.0
3,21,7,0,,,,1.1550167,0.0,0.0,0.0,0.0
3,22,7,0,,,,1.5833666,0.0,0.0,0.0,0.0
3,23,7,0,,,,0.40095,0.0,0.0,0.0,0.0
3,24,7,0,,,,1.3370167,0.0,0.0,0.0,0.0
3,1,1,0,,,,0.39973333,0.0,0.0,0.0,0.0
3,2,1,0,,,,1.2909833,0.0,0.0,0.0,0.0
3,3,1,0,,,,0.35725,0.0,0.0,0.0,0.0
3,4,1,0,,,,1.3824167,0.0,0.0,0.0,0.0
3,5,1,0,,,,1.42185,0.0,0.0,0.0,0.0
3,6,1,0,,,,1.0444167,0.0,0.0,0.0,0.0
3,7,1,0,,,,0.5420833,0.0,0.0,0.0,0.0
3,8,1,0,,,,0.33008334,0.0,0.0,0.0,59.41
3,9,1,0,,,,0.31976667,0.0,0.0,0.0,319.49
3,10,1,0,,,,0.28998333,0.0,0.0,0.0,539.71
3,11,1,0,,,,0.28115,0.0,0.0,0.0,642.37
3,12,1,0,,,,0.30641666,0.0,0.0,0.0,509.59
3,13,1,0,,,,0.29271665,0.0,0.0,0.0,68.23
3,14,1,0,,,,0.31765,0.0,0.0,0.0,61.01
3,15,1,0,,,,0.35965,0.0,0.0,0.0,21.1
3,16,1,0,,,,0.35135,0.0,0.0,0.0,26.26
3,17,1,0,,,,2.9666834,0.0,0.0,0.0,16.96
3,18,1,0,,,,2.3160834,0.0,0.0,0.0,0.0
3,19,1,0,,,,1.4707167,0.0,0.0,0.0,0.0
3,20,1,0,,,,0.78246665,0.0,0.0,0.0,0.0
3,21,1,0,,,,0.80656666,0.0,0.0,0.0,0.0
3,22,1,0,,,,0.6961333,0.0,0.0,0.0,0.0
3,23,1,0,,,,0.36953333,0.0,0.0,0.0,0.0
3,24,1,0,,,,0.352725,0.0,0.0,0.0,0.0
3,1,2,0,,,,0.35126665,0.0,0.0,0.0,0.0
3,2,2,0,,,,0.35276666,0.0,0.0,0.0,0.0
3,3,2,0,,,,0.34766668,0.0,0.0,0.0,0.0
3,4,2,0,,,,2.08395,0.0,0.0,0.0,0.0
3,5,2,0,,,,1.2520334,0.0,0.0,0.0,0.0
3,6,2,0,,,,0.84606665,0.0,0.0,0.0,0.0
3,7,2,0,,,,0.32811666,0.0,0.0,0.0,0.0
3,8,2,0,,,,0.33813334,0.0,0.0,0.0,51.6
3,9,2,0,,,,0.31445,0.0,0.0,0.0,319.27
3,10,2,0,,,,0.31093332,0.0,0.0,0.0,526.42
3,11,2,0,,,,0.30313334,0.0,0.0,0.0,559.79
3,12,2,0,,,,0.30871665,0.0,0.0,0.0,691.78
3,13,2,0,,,,0.28936666,0.0,0.0,0.0,785.64
3,14,2,0,,,,0.30366668,0.0,0.0,0.0,792.01
3,15,2,0,,,,0.32041666,0.0,0.0,0.0,634.09
3,16,2,0,,,,0.8473333,0.0,0.0,0.0,500.69
3,17,2,0,,,,1.2086,0.0,0.0,0.0,214.9
3,18,2,0,,,,3.4086666,0.0,0.0,0.0,5.21
3,19,2,0,,,,1.2925333,0.0,0.0,0.0,0.0
3,20,2,0,,,,0.40276667,0.0,0.0,0.0,0.0
3,21,2,0,,,,0.35093334,0.0,0.0,0.0,0.0
3,22,2,0,,,,0.34587917,0.0,0.0,0.0,0.0
3,23,2,0,,,,0.35491666,0.0,0.0,0.0,0.0
3,24,2,0,,,,0.35476667,0.0,0.0,0.0,0.0
3,1,3,0,,,,0.3495,0.0,0.0,0.0,0.0
3,2,3,0,,,,0.44980833,0.0,0.0,0.0,0.0
3,3,3,0,,,,0.40706667,0.0,0.0,0.0,0.0
3,4,3,0,,,,0.66020834,0.0,0.0,0.0,0.0
3,5,3,0,,,,0.74626666,0.0,0.0,0.0,0.0
3,6,3,0,,,,0.7532167,0.0,0.0,0.0,0.0
3,7,3,0,,,,0.327,0.0,0.0,0.0,0.0
3,8,3,0,,,,0.32761666,0.0,0.0,0.0,73.39
3,9,3,0,,,,0.30398333,0.0,0.0,0.0,61.07
3,10,3,0,,,,0.30446666,0.0,0.0,0.0,438.83
3,11,3,0,,,,0.2928,0.0,0.0,0.0,455.06
3,12,3,0,,,,0.2924,0.0,0.0,0.0,715.88
3,13,3,0,,,,0.29895,0.0,0.0,0.0,666.85
3,14,3,0,,,,0.30681667,0.0,0.0,0.0,686.61
3,15,3,0,,,,0.32481667,0.0,0.0,0.0,458.42
3,16,3,0,,,,0.54205835,0.0,0.0,0.0,13.43
3,17,3,0,,,,0.49811667,0.0,0.0,0.0,46.49
3,18,3,0,,,,0.87296665,0.0,0.0,0.0,5.58
3,19,3,0,,,,1.151225,0.0,0.0,0.0,0.0
3,20,3,0,,,,0.7978,0.0,0.0,0.0,0.0
3,21,3,0,,,,0.8337167,0.0,0.0,0.0,0.0
3,22,3,0,,,,0.5653833,0.0,0.0,0.0,0.0
3,23,3,0,,,,0.39516667,0.0,0.0,0.0,0.0
3,24,3,0,,,,0.35433334,0.0,0.0,0.0,0.0
3,1,4,0,,,,0.35135,0.0,0.0,0.0,0.0
3,2,4,0,,,,0.35308334,0.0,0.0,0.0,0.0
3,3,4,0,,,,0.36028334,0.0,0.0,0.0,0.0
3,4,4,0,,,,0.34958333,0.0,0.0,0.0,0.0
3,5,4,0,,,,0.4109,0.0,0.0,0.0,0.0
3,6,4,0,,,,0.49803334,0.0,0.0,0.0,0.0
3,7,4,0,,,,0.3399,0.0,0.0,0.0,0.0
3,8,4,0,,,,0.33333334,0.0,0.0,0.0,82.2
3,9,4,0,,,,0.31971666,0.0,0.0,0.0,310.29
3,10,4,0,,,,0.32965,0.0,0.0,0.0,534.13
3,11,4,0,,,,0.30706668,0.0,0.0,0.0,686.61
3,12,4,0,,,,0.32153332,0.0,0.0,0.0,758.63
3,13,4,0,,,,0.32928333,0.0,0.0,0.0,750.57
3,14,4,0,,,,0.33826667,0.0,0.0,0.0,711.4
3,15,4,0,,,,0.29835,0.0,0.0,0.0,556.07
3,16,4,0,,,,0.33805,0.0,0.0,0.0,270.92
3,17,4,0,,,,0.47051665,0.0,0.0,0.0,84.3
3,18,4,0,,,,0.9127167,0.0,0.0,0.0,4.57
3,19,4,0,,,,1.4816667,0.0,0.0,0.0,0.0
3,20,4,0,,,,3.6198833,0.0,0.0,0.0,0.0
3,21,4,0,,,,0.8300833,0.0,0.0,0.0,0.0
3,22,4,0,,,,0.42276666,0.0,0.0,0.0,0.0
3,23,4,0,,,,1.0916333,0.0,0.0,0.0,0.0
3,24,4,0,,,,0.38119167,0.0,0.0,0.0,0.0
3,1,5,0,,,,0.37028334,0.0,0.0,0.0,0.0
3,2,5,0,,,,0.34431666,0.0,0.0,0.0,0.0
3,3,5,0,,,,0.33906665,0.0,0.0,0.0,0.0
3,4,5,0,,,,0.34545,0.0,0.0,0.0,0.0
3,5,5,0,,,,0.5025,0.0,0.0,0.0,0.0
3,6,5,0,,,,0.5554,0.0,0.0,0.0,0.0
3,7,5,0,,,,0.3475,0.0,0.0,0.0,0.0
3,8,5,0,,,,0.35635,0.0,0.0,0.0,0.36
3,9,5,0,,,,0.44648334,0.0,0.0,0.0,70.13
3,10,5,0,,,,0.33465,0.0,0.0,0.0,162.36
3,11,5,0,,,,0.3516,0.0,0.0,0.0,244.61
3,12,5,0,,,,0.29433334,0.0,0.0,0.0,75.82
3,13,5,0,,,,0.30866668,0.0,0.0,0.0,29.05
3,14,5,0,,,,0.29181665,0.0,0.0,0.0,157.16
3,15,5,0,,,,0.3135,0.0,0.0,0.0,104.75
3,16,5,0,,,,0.42423335,0.0,0.0,0.0,233.25
3,17,5,0,,,,0.5254167,0.0,0.0,0.0,42.08
3,18,5,0,,,,0.5499125,0.0,0.0,0.0,10.79
3,19,5,0,,,,0.83425,0.0,0.0,0.0,0.0
3,20,5,0,,,,1.61355,0.0,0.0,0.0,0.0
3,21,5,0,,,,0.4599,0.0,0.0,0.0,0.0
3,22,5,0,,,,0.7934167,0.0,0.0,0.0,0.0
3,23,5,0,,,,0.38498333,0.0,0.0,0.0,0.0
3,24,5,0,,,,0.39101666,0.0,0.0,0.0,0.0
3,1,6,0,,,,0.92378336,0.0,0.0,0.0,0.0
3,2,6,0,,,,0.37105,0.0,0.0,0.0,0.0
3,3,6,0,,,,0.5930667,0.0,0.0,0.0,0.0
3,4,6,0,,,,0.5399167,0.0,0.0,0.0,0.0
3,5,6,0,,,,0.37233335,0.0,0.0,0.0,0.0
3,6,6,0,,,,0.3449,0.0,0.0,0.0,0.0
3,7,6,0,,,,0.36911666,0.0,0.0,0.0,0.0
3,8,6,0,,,,0.76056665,0.0,0.0,0.0,0.37
3,9,6,0,,,,0.69225,0.0,0.0,0.0,164.91
3,10,6,0,,,,0.27578333,0.0,0.0,0.0,104.45
3,11,6,0,,,,1.10405,0.0,0.0,0.0,390.27
3,12,6,0,,,,1.1217166,0.0,0.0,0.0,288.04
3,13,6,0,,,,1.8567834,0.0,0.0,0.0,144.46
3,14,6,0,,,,0.84635,0.0,0.0,0.0,50.51
3,15,6,0,,,,0.62738335,0.0,0.0,0.0,22.62
3,16,6,0,,,,1.6052,0.0,0.0,0.0,133.93
3,17,6,0,,,,1.4437,0.0,0.0,0.0,118.86
3,18,6,0,,,,0.9318333,0.0,0.0,0.0,74.88
3,19,6,0,,,,0.7376,0.0,0.0,0.0,0.0
3,20,6,0,,,,1.5077167,0.0,0.0,0.0,0.0
3,21,6,0,,,,0.73303336,0.0,0.0,0.0,0.0
3,22,6,0,,,,0.6021,0.0,0.0,0.0,0.0
3,23,6,0,,,,0.36736667,0.0,0.0,0.0,0.0
3,24,6,0,,,,0.37400833,0.0,0.0,0.0,0.0
3,1,7,0,,,,0.35575,0.0,0.0,0.0,0.0
3,2,7,0,,,,0.4227,0.0,0.0,0.0,0.0
3,3,7,0,,,,0.37326667,0.0,0.0,0.0,0.0
3,4,7,0,,,,0.37095,0.0,0.0,0.0,0.0
3,5,7,0,,,,0.32668334,0.0,0.0,0.0,0.0
3,6,7,0,,,,0.43615,0.0,0.0,0.0,0.0
3,7,7,0,,,,0.35198334,0.0,0.0,0.0,0.0
3,8,7,0,,,,1.4371,0.0,0.0,0.0,92.06
3,9,7,0,,,,1.1491667,0.0,0.0,0.0,321.69
3,10,7,0,,,,1.37655,0.0,0.0,0.0,473.9
3,11,7,0,,,,1.08945,0.0,0.0,0.0,438.11
3,12,7,0,,,,0.37153333,0.0,0.0,0.0,771.3
3,13,7,0,,,,0.6541333,0.0,0.0,0.0,618.14
3,14,7,0,,,,1.5962,0.0,0.0,0.0,324.82
3,15,7,0,,,,0.8890833,0.0,0.0,0.0,63.51
3,16,7,0,,,,1.1526,0.0,0.0,0.0,36.75
3,17,7,0,,,,1.1556333,0.0,0.0,0.0,41.64
3,18,7,0,,,,0.47875,0.0,0.0,0.0,50.79
3,19,7,0,,,,0.955,0.0,0.0,0.0,0.0
3,20,7,0,,,,1.3233334,0.0,0.0,0.0,0.0
3,21,7,0,,,,0.90275,0.0,0.0,0.0,0.0
3,22,7,0,,,,0.44555,0.0,0.0,0.0,0.0
3,23,7,0,,,,0.40476668,0.0,0.0,0.0,0.0
3,24,7,0,,,,0.400875,0.0,0.0,0.0,0.0
3,1,1,0,,,,0.40043333,0.0,0.0,0.0,0.0
3,2,1,0,,,,0.9759,0.0,0.0,0.0,0.0
3,3,1,0,,,,1.3076,0.0,0.0,0.0,0.0
3,4,1,0,,,,0.77565,0.0,0.0,0.0,0.0
3,5,1,0,,,,0.34018335,0.0,0.0,0.0,0.0
3,6,1,0,,,,0.5454,0.0,0.0,0.0,0.0
3,7,1,0,,,,0.56,0.0,0.0,0.0,0.0
3,8,1,0,,,,1.7126,0.0,0.0,0.0,120.83
3,9,1,0,,,,1.37555,0.0,0.0,0.0,370.18
3,10,1,0,,,,1.4135,0.0,0.0,0.0,600.81
3,11,1,0,,,,1.0505167,0.0,0.0,0.0,755.29
3,12,1,0,,,,1.4217,0.0,0.0,0.0,845.43
3,13,1,0,,,,1.9667333,0.0,0.0,0.0,874.92
3,14,1,0,,,,1.0691667,0.0,0.0,0.0,836.48
3,15,1,0,,,,0.5049667,0.0,0.0,0.0,732.91
3,16,1,0,,,,0.88095,0.0,0.0,0.0,569.2
3,17,1,0,,,,2.1549833,0.0,0.0,0.0,347.11
3,18,1,0,,,,0.6113833,0.0,0.0,0.0,94.98
3,19,1,0,,,,2.2248333,0.0,0.0,0.0,0.0
3,20,1,0,,,,1.2494333,0.0,0.0,0.0,0.0
3,21,1,0,,,,1.35245,0.0,0.0,0.0,0.0
3,22,1,0,,,,0.42843333,0.0,0.0,0.0,0.0
3,23,1,0,,,,0.41865,0.0,0.0,0.0,0.0
3,24,1,0,,,,0.38053334,0.0,0.0,0.0,0.0
3,1,2,0,,,,0.35203335,0.0,0.0,0.0,0.0
3,2,2,0,,,,0.35571668,0.0,0.0,0.0,0.0
3,3,2,0,,,,0.34226668,0.0,0.0,0.0,0.0
3,4,2,0,,,,0.33958334,0.0,0.0,0.0,0.0
3,5,2,0,,,,0.29603332,0.0,0.0,0.0,0.0
3,6,2,0,,,,0.3014,0.0,0.0,0.0,0.0
3,7,2,0,,,,0.39468333,0.0,0.0,0.0,0.0
3,8,2,0,,,,0.7732667,0.0,0.0,0.0,0.0
3,9,2,0,,,,0.28616667,0.0,0.0,0.0,65.71
3,10,2,0,,,,0.26553333,0.0,0.0,0.0,139.98
3,11,2,0,,,,1.0957167,0.0,0.0,0.0,325.2
3,12,2,0,,,,0.3379,0.0,0.0,0.0,403.79
3,13,2,0,,,,1.1135334,0.0,0.0,0.0,413.15
3,14,2,0,,,,2.9821668,0.0,0.0,0.0,324.67
3,15,2,0,,,,2.1325166,0.0,0.0,0.0,286.75
3,16,2,0,,,,2.5961332,0.0,0.0,0.0,0.0
3,17,2,0,,,,1.3607334,0.0,0.0,0.0,149.48
3,18,2,0,,,,0.57738334,0.0,0.0,0.0,82.5
3,19,2,0,,,,0.5936,0.0,0.0,0.0,0.0
3,20,2,0,,,,1.0042,0.0,0.0,0.0,0.0
3,21,2,0,,,,0.7846,0.0,0.0,0.0,0.0
3,22,2,0,,,,0.7888167,0.0,0.0,0.0,0.0
3,23,2,0,,,,0.39961666,0.0,0.0,0.0,0.0
3,24,2,0,,,,0.38160834,0.0,0.0,0.0,0.0
3,1,3,0,,,,0.37618333,0.0,0.0,0.0,0.0
3,2,3,0,,,,0.3761,0.0,0.0,0.0,0.0
3,3,3,0,,,,0.35076666,0.0,0.0,0.0,0.0
3,4,3,0,,,,0.36293334,0.0,0.0,0.0,0.0
3,5,3,0,,,,0.34035,0.0,0.0,0.0,0.0
3,6,3,0,,,,0.34383333,0.0,0.0,0.0,0.0
3,7,3,0,,,,0.33865,0.0,0.0,0.0,0.0
3,8,3,0,,,,0.36858332,0.0,0.0,0.0,59.64
3,9,3,0,,,,1.2022166,0.0,0.0,0.0,301.36
3,10,3,0,,,,1.3775,0.0,0.0,0.0,556.67
3,11,3,0,,,,0.32828334,0.0,0.0,0.0,719.16
3,12,3,0,,,,0.3417,0.0,0.0,0.0,807.63
3,13,3,0,,,,0.5463167,0.0,0.0,0.0,843.7
3,14,3,0,,,,1.9719833,0.0,0.0,0.0,728.96
3,15,3,0,,,,1.49625,0.0,0.0,0.0,554.95
3,16,3,0,,,,1.49565,0.0,0.0,0.0,466.39
3,17,3,0,,,,1.9502,0.0,0.0,0.0,338.53
3,18,3,0,,,,1.2627,0.0,0.0,0.0,65.29
3,19,3,0,,,,1.4790167,0.0,0.0,0.0,0.0
3,20,3,0,,,,1.5475334,0.0,0.0,0.0,0.0
3,21,3,0,,,,0.58458334,0.0,0.0,0.0,0.0
3,22,3,0,,,,0.45803332,0.0,0.0,0.0,0.0
3,23,3,0,,,,0.37193334,0.0,0.0,0.0,0.0
3,24,3,0,,,,0.39285,0.0,0.0,0.0,0.0
3,1,4,0,,,,0.38105,0.0,0.0,0.0,0.0
3,2,4,0,,,,0.37003332,0.0,0.0,0.0,0.0
3,3,4,0,,,,0.40246665,0.0,0.0,0.0,0.0
3,4,4,0,,,,0.33898333,0.0,0.0,0.0,0.0
3,5,4,0,,,,0.3355,0.0,0.0,0.0,0.0
3,6,4,0,,,,0.34233335,0.0,0.0,0.0,0.0
3,7,4,0,,,,0.33225,0.0,0.0,0.0,0.0
3,8,4,0,,,,0.32736668,0.0,0.0,0.0,1.21
3,9,4,0,,,,0.66216666,0.0,0.0,0.0,41.29
3,10,4,0,,,,0.6766833,0.0,0.0,0.0,36.36
3,11,4,0,,,,1.3216,0.0,0.0,0.0,70.21
3,12,4,0,,,,1.4113333,0.0,0.0,0.0,69.28
3,13,4,0,,,,1.7666334,0.0,0.0,0.0,74.64
3,14,4,0,,,,1.6801333,0.0,0.0,0.0,58.73
3,15,4,0,,,,1.3518,0.0,0.0,0.0,149.24
3,16,4,0,,,,1.76275,0.0,0.0,0.0,273.81
3,17,4,0,,,,2.3653834,0.0,0.0,0.0,110.31
3,18,4,0,,,,2.2176332,0.0,0.0,0.0,65.9
3,19,4,0,,,,1.0738333,0.0,0.0,0.0,0.0
3,20,4,0,,,,1.7716666,0.0,0.0,0.0,0.0
3,21,4,0,,,,1.0488167,0.0,0.0,0.0,0.0
3,22,4,0,,,,1.3299167,0.0,0.0,0.0,0.0
3,23,4,0,,,,0.5412,0.0,0.0,0.0,0.0
3,24,4,0,,,,0.41836667,0.0,0.0,0.0,0.0
3,1,5,0,,,,0.38226667,0.0,0.0,0.0,0.0
3,2,5,0,,,,0.38698334,0.0,0.0,0.0,0.0
3,3,5,0,,,,0.37933335,0.0,0.0,0.0,0.0
3,4,5,0,,,,0.36803332,0.0,0.0,0.0,0.0
3,5,5,0,,,,0.3415,0.0,0.0,0.0,0.0
3,6,5,0,,,,0.32691666,0.0,0.0,0.0,0.0
3,7,5,0,,,,0.69523335,0.0,0.0,0.0,0.0
3,8,5,0,,,,0.48923334,0.0,0.0,0.0,27.15
3,9,5,0,,,,0.66193336,0.0,0.0,0.0,46.64
3,10,5,0,,,,0.8434167,0.0,0.0,0.0,137.23
3,11,5,0,,,,0.5050833,0.0,0.0,0.0,365.47
3,12,5,0,,,,1.0591667,0.0,0.0,0.0,208.97
3,13,5,0,,,,0.51026666,0.0,0.0,0.0,605.51
3,14,5,0,,,,0.26888335,0.0,0.0,0.0,821.73
3,15,5,0,,,,0.9644833,0.0,0.0,0.0,700.53
3,16,5,0,,,,3.0834334,0.0,0.0,0.0,555.64
3,17,5,0,,,,2.38135,0.0,0.0,0.0,331.38
3,18,5,0,,,,0.86875,0.0,0.0,0.0,75.66
3,19,5,0,,,,0.3877,0.0,0.0,0.0,0.0
3,20,5,0,,,,0.4273,0.0,0.0,0.0,0.0
3,21,5,0,,,,1.1429167,0.0,0.0,0.0,0.0
3,22,5,0,,,,0.42893332,0.0,0.0,0.0,0.0
3,23,5,0,,,,0.4595,0.0,0.0,0.0,0.0
3,24,5,0,,,,0.462,0.0,0.0,0.0,0.0
3,1,6,0,,,,0.4584,0.0,0.0,0.0,0.0
3,2,6,0,,,,1.0355166,0.0,0.0,0.0,0.0
3,3,6,0,,,,0.38646665,0.0,0.0,0.0,0.0
3,4,6,0,,,,0.38326666,0.0,0.0,0.0,0.0
3,5,6,0,,,,0.41015,0.0,0.0,0.0,0.0
3,6,6,0,,,,0.34008333,0.0,0.0,0.0,0.0
3,7,6,0,,,,0.33006668,0.0,0.0,0.0,0.0
3,8,6,0,,,,0.43166667,0.0,0.0,0.0,94.33
3,9,6,0,,,,1.04945,0.0,0.0,0.0,344.44
3,10,6,0,,,,1.57105,0.0,0.0,0.0,574.24
3,11,6,0,,,,1.2022333,0.0,0.0,0.0,727.38
3,12,6,0,,,,0.9672,0.0,0.0,0.0,823.42
3,13,6,0,,,,1.1069334,0.0,0.0,0.0,830.76
3,14,6,0,,,,2.0184667,0.0,0.0,0.0,810.8
3,15,6,0,,,,1.4582833,0.0,0.0,0.0,709.5
3,16,6,0,,,,0.98718333,0.0,0.0,0.0,300.96
3,17,6,0,,,,0.41238335,0.0,0.0,0.0,168.81
3,18,6,0,,,,0.33381668,0.0,0.0,0.0,16.79
3,19,6,0,,,,0.32515,0.0,0.0,0.0,0.0
3,20,6,0,,,,0.32065,0.0,0.0,0.0,0.0
3,21,6,0,,,,0.31418332,0.0,0.0,0.0,0.0
3,22,6,0,,,,0.32788333,0.0,0.0,0.0,0.0
3,23,6,0,,,,0.36105,0.0,0.0,0.0,0.0
3,24,6,0,,,,0.35541666,0.0,0.0,0.0,0.0
3,1,7,0,,,,0.3416,0.0,0.0,0.0,0.0
3,2,7,0,,,,0.3365,0.0,0.0,0.0,0.0
3,3,7,0,,,,0.33871666,0.0,0.0,0.0,0.0
3,4,7,0,,,,0.33406666,0.0,0.0,0.0,0.0
3,5,7,0,,,,0.33663332,0.0,0.0,0.0,0.0
3,6,7,0,,,,0.33168334,0.0,0.0,0.0,0.0
3,7,7,0,,,,0.3309,0.0,0.0,0.0,0.0
3,8,7,0,,,,0.3414,0.0,0.0,0.0,62.58
3,9,7,0,,,,0.34411666,0.0,0.0,0.0,46.93
3,10,7,0,,,,0.59675,0.0,0.0,0.0,87.57
3,11,7,0,,,,0.5915667,0.0,0.0,0.0,182.95
3,12,7,0,,,,0.62901664,0.0,0.0,0.0,99.77
3,13,7,0,,,,0.5589167,0.0,0.0,0.0,32.48
3,14,7,0,,,,0.4076,0.0,0.0,0.0,68.84
3,15,7,0,,,,0.51598334,0.0,0.0,0.0,82.2
3,16,7,0,,,,0.54753333,0.0,0.0,0.0,50.59
3,17,7,0,,,,0.6680167,0.0,0.0,0.0,51.4
3,18,7,0,,,,0.7626,0.0,0.0,0.0,39.14
3,19,7,0,,,,1.2916666,0.0,0.0,0.0,0.0
3,20,7,0,,,,3.42185,0.0,0.0,0.0,0.0
3,21,7,0,,,,0.75703335,0.0,0.0,0.0,0.0
3,22,7,0,,,,0.42258334,0.0,0.0,0.0,0.0
3,23,7,0,,,,0.42691666,0.0,0.0,0.0,0.0
3,24,7,0,,,,0.396625,0.0,0.0,0.0,0.0
3,1,1,0,,,,0.9126,0.0,0.0,0.0,0.0
3,2,1,0,,,,0.35345,0.0,0.0,0.0,0.0
3,3,1,0,,,,0.3651,0.0,0.0,0.0,0.0
3,4,1,0,,,,0.34741667,0.0,0.0,0.0,0.0
3,5,1,0,,,,0.61735,0.0,0.0,0.0,0.0
3,6,1,0,,,,1.0597334,0.0,0.0,0.0,0.0
3,7,1,0,,,,0.32905,0.0,0.0,0.0,0.0
3,8,1,0,,,,0.35231668,0.0,0.0,0.0,7.11
3,9,1,0,,,,0.32928333,0.0,0.0,0.0,85.39
3,10,1,0,,,,0.32293335,0.0,0.0,0.0,125.9
3,11,1,0,,,,0.31208333,0.0,0.0,0.0,325.53
3,12,1,0,,,,0.31363332,0.0,0.0,0.0,476.18
3,13,1,0,,,,0.3054,0.0,0.0,0.0,293.55
3,14,1,0,,,,0.29815,0.0,0.0,0.0,270.68
3,15,1,0,,,,0.31446666,0.0,0.0,0.0,148.35
3,16,1,0,,,,0.63075,0.0,0.0,0.0,208.55
3,17,1,0,,,,0.7090333,0.0,0.0,0.0,133.82
3,18,1,0,,,,0.5921,0.0,0.0,0.0,7.54
3,19,1,0,,,,1.1226166,0.0,0.0,0.0,0.0
3,20,1,0,,,,3.72745,0.0,0.0,0.0,0.0
3,21,1,0,,,,1.0301167,0.0,0.0,0.0,0.0
3,22,1,0,,,,0.5908222,0.0,0.0,0.0,0.0
3,23,1,0,,,,0.37335,0.0,0.0,0.0,0.0
3,24,1,0,,,,0.34991667,0.0,0.0,0.0,0.0
3,1,2,0,,,,0.32518333,0.0,0.0,0.0,0.0
3,2,2,0,,,,0.35123333,0.0,0.0,0.0,0.0
3,3,2,0,,,,0.33286667,0.0,0.0,0.0,0.0
3,4,2,0,,,,0.37188333,0.0,0.0,0.0,0.0
3,5,2,0,,,,0.50091666,0.0,0.0,0.0,0.0
3,6,2,0,,,,1.06015,0.0,0.0,0.0,0.0
3,7,2,0,,,,0.72356665,0.0,0.0,0.0,0.0
3,8,2,0,,,,0.34011668,0.0,0.0,0.0,83.91
3,9,2,0,,,,0.31486666,0.0,0.0,0.0,89.97
3,10,2,0,,,,0.30851668,0.0,0.0,0.0,103.2
3,11,2,0,,,,0.31933334,0.0,0.0,0.0,71.02
3,12,2,0,,,,0.30563334,0.0,0.0,0.0,157.94
3,13,2,0,,,,0.46128333,0.0,0.0,0.0,201.15
3,14,2,0,,,,0.3477,0.0,0.0,0.0,210.18
3,15,2,0,,,,0.31821668,0.0,0.0,0.0,94.8
3,16,2,0,,,,0.43521667,0.0,0.0,0.0,284.11
3,17,2,0,,,,1.0441166,0.0,0.0,0.0,197.82
3,18,2,0,,,,1.397,0.0,0.0,0.0,70.93
3,19,2,0,,,,1.4024167,0.0,0.0,0.0,0.0
3,20,2,0,,,,1.2450666,0.0,0.0,0.0,0.0
3,21,2,0,,,,0.94048333,0.0,0.0,0.0,0.0
3,22,2,0,,,,0.6462167,0.0,0.0,0.0,0.0
3,23,2,0,,,,0.38383332,0.0,0.0,0.0,0.0
3,24,2,0,,,,0.38496667,0.0,0.0,0.0,0.0
3,1,3,0,,,,0.40858334,0.0,0.0,0.0,0.0
3,2,3,0,,,,0.39605,0.0,0.0,0.0,0.0
3,3,3,0,,,,0.37038332,0.0,0.0,0.0,0.0
3,4,3,0,,,,0.4,0.0,0.0,0.0,0.0
3,5,3,0,,,,0.40195,0.0,0.0,0.0,0.0
3,6,3,0,,,,0.49246666,0.0,0.0,0.0,0.0
3,7,3,0,,,,0.38565,0.0,0.0,0.0,0.0
3,8,3,0,,,,0.36665,0.0,0.0,0.0,4.73
3,9,3,0,,,,0.35625,0.0,0.0,0.0,26.27
3,10,3,0,,,,0.33301666,0.0,0.0,0.0,261.55
3,11,3,0,,,,0.3425,0.0,0.0,0.0,148.65
3,12,3,0,,,,0.33146667,0.0,0.0,0.0,127.84
3,13,3,0,,,,0.36046666,0.0,0.0,0.0,328.34
3,14,3,0,,,,0.5786,0.0,0.0,0.0,110.98
3,15,3,0,,,,0.5463,0.0,0.0,0.0,26.39
3,16,3,0,,,,0.38633335,0.0,0.0,0.0,75.87
3,17,3,0,,,,0.9887667,0.0,0.0,0.0,324.47
3,18,3,0,,,,1.7729167,0.0,0.0,0.0,96.14
3,19,3,0,,,,1.4428,0.0,0.0,0.0,0.0
3,20,3,0,,,,3.6919167,0.0,0.0,0.0,0.0
3,21,3,0,,,,1.4578,0.0,0.0,0.0,0.0
3,22,3,0,,,,0.38198334,0.0,0.0,0.0,0.0
3,23,3,0,,,,0.35696667,0.0,0.0,0.0,0.0
3,24,3,0,,,,0.36376667,0.0,0.0,0.0,0.0
3,1,4,0,,,,0.35353333,0.0,0.0,0.0,0.0
3,2,4,0,,,,0.33113334,0.0,0.0,0.0,0.0
3,3,4,0,,,,0.33835,0.0,0.0,0.0,0.0
3,4,4,0,,,,0.35566667,0.0,0.0,0.0,0.0
3,5,4,0,,,,0.96875,0.0,0.0,0.0,0.0
3,6,4,0,,,,1.4404167,0.0,0.0,0.0,0.0
3,7,4,0,,,,0.38066667,0.0,0.0,0.0,0.0
3,8,4,0,,,,0.32561666,0.0,0.0,0.0,166.12
3,9,4,0,,,,0.35866666,0.0,0.0,0.0,421.4
3,10,4,0,,,,0.31698334,0.0,0.0,0.0,630.8
3,11,4,0,,,,0.3488,0.0,0.0,0.0,774.1
3,12,4,0,,,,0.30823332,0.0,0.0,0.0,637.62
3,13,4,0,,,,0.36725,0.0,0.0,0.0,219.67
3,14,4,0,,,,0.30628332,0.0,0.0,0.0,732.8
3,15,4,0,,,,0.32065,0.0,0.0,0.0,406.29
3,16,4,0,,,,0.37831667,0.0,0.0,0.0,135.06
3,17,4,0,,,,0.6530667,0.0,0.0,0.0,182.11
3,18,4,0,,,,1.30405,0.0,0.0,0.0,104.71
3,19,4,0,,,,1.2719,0.0,0.0,0.0,0.0
3,20,4,0,,,,0.83515,0.0,0.0,0.0,0.0
3,21,4,0,,,,0.75575,0.0,0.0,0.0,0.0
3,22,4,0,,,,0.4044,0.0,0.0,0.0,0.0
3,23,4,0,,,,0.38821667,0.0,0.0,0.0,0.0
3,24,4,0,,,,0.47101668,0.0,0.0,0.0,0.0
3,1,5,0,,,,0.44196665,0.0,0.0,0.0,0.0
3,2,5,0,,,,0.37741667,0.0,0.0,0.0,0.0
3,3,5,0,,,,0.39495,0.0,0.0,0.0,0.0
3,4,5,0,,,,0.34093332,0.0,0.0,0.0,0.0
3,5,5,0,,,,1.0243833,0.0,0.0,0.0,0.0
3,6,5,0,,,,2.07245,0.0,0.0,0.0,0.0
3,7,5,0,,,,0.34025,0.0,0.0,0.0,0.0
3,8,5,0,,,,0.30531666,0.0,0.0,0.0,3.74
3,9,5,0,,,,0.32565,0.0,0.0,0.0,17.85
3,10,5,0,,,,0.30486667,0.0,0.0,0.0,50.96
3,11,5,0,,,,0.29545,0.0,0.0,0.0,92.48
3,12,5,0,,,,0.29238334,0.0,0.0,0.0,91.96
3,13,5,0,,,,0.31773335,0.0,0.0,0.0,181.59
3,14,5,0,,,,0.31396666,0.0,0.0,0.0,132.4
3,15,5,0,,,,0.29436666,0.0,0.0,0.0,737.94
3,16,5,0,,,,0.34781668,0.0,0.0,0.0,570.63
3,17,5,0,,,,0.7442833,0.0,0.0,0.0,313.32
3,18,5,0,,,,1.1875334,0.0,0.0,0.0,107.25
3,19,5,0,,,,1.5587167,0.0,0.0,0.0,0.0
3,20,5,0,,,,2.07465,0.0,0.0,0.0,0.0
3,21,5,0,,,,0.70593333,0.0,0.0,0.0,0.0
3,22,5,0,,,,0.89201665,0.0,0.0,0.0,0.0
3,23,5,0,,,,0.51103336,0.0,0.0,0.0,0.0
3,24,5,0,,,,0.39746666,0.0,0.0,0.0,0.0
3,1,6,0,,,,0.36281666,0.0,0.0,0.0,0.0
3,2,6,0,,,,0.378,0.0,0.0,0.0,0.0
3,3,6,0,,,,0.36763334,0.0,0.0,0.0,0.0
3,4,6,0,,,,0.40051666,0.0,0.0,0.0,0.0
3,5,6,0,,,,2.7582166,0.0,0.0,0.0,0.0
3,6,6,0,,,,2.2247167,0.0,0.0,0.0,0.0
3,7,6,0,,,,1.3251,0.0,0.0,0.0,0.0
3,8,6,0,,,,1.2621833,0.0,0.0,0.0,85.41
3,9,6,0,,,,1.1089,0.0,0.0,0.0,220.02
3,10,6,0,,,,0.97565,0.0,0.0,0.0,312.06
3,11,6,0,,,,0.61978334,0.0,0.0,0.0,468.36
3,12,6,0,,,,0.69561666,0.0,0.0,0.0,486.3
3,13,6,0,,,,1.2056834,0.0,0.0,0.0,404.68
3,14,6,0,,,,1.5664667,0.0,0.0,0.0,358.51
3,15,6,0,,,,1.4851,0.0,0.0,0.0,255.87
3,16,6,0,,,,0.8053833,0.0,0.0,0.0,117.77
3,17,6,0,,,,0.7859333,0.0,0.0,0.0,162.89
3,18,6,0,,,,0.81205,0.0,0.0,0.0,74.23
3,19,6,0,,,,0.71168333,0.0,0.0,0.0,0.0
3,20,6,0,,,,0.80275,0.0,0.0,0.0,0.0
3,21,6,0,,,,0.6322333,0.0,0.0,0.0,0.0
3,22,6,0,,,,0.40261668,0.0,0.0,0.0,0.0
3,23,6,0,,,,0.40593332,0.0,0.0,0.0,0.0
3,24,6,0,,,,0.54768336,0.0,0.0,0.0,0.0
3,1,7,0,,,,0.77496666,0.0,0.0,0.0,0.0
3,2,7,0,,,,1.1222,0.0,0.0,0.0,0.0
3,3,7,0,,,,1.1517333,0.0,0.0,0.0,0.0
3,4,7,0,,,,1.1589833,0.0,0.0,0.0,0.0
3,5,7,0,,,,1.16505,0.0,0.0,0.0,0.0
3,6,7,0,,,,1.5254834,0.0,0.0,0.0,0.0
3,7,7,0,,,,1.3302833,0.0,0.0,0.0,0.0
3,8,7,0,,,,0.9726667,0.0,0.0,0.0,15.22
3,9,7,0,,,,0.7866167,0.0,0.0,0.0,28.93
3,10,7,0,,,,0.86116666,0.0,0.0,0.0,169.0
3,11,7,0,,,,0.5876167,0.0,0.0,0.0,261.96
3,12,7,0,,,,0.55878335,0.0,0.0,0.0,811.86
3,13,7,0,,,,1.0567334,0.0,0.0,0.0,417.41
3,14,7,0,,,,0.79975,0.0,0.0,0.0,347.8
3,15,7,0,,,,1.08405,0.0,0.0,0.0,28.12
3,16,7,0,,,,1.0277166,0.0,0.0,0.0,72.25
3,17,7,0,,,,0.80291665,0.0,0.0,0.0,50.64
3,18,7,0,,,,1.1897833,0.0,0.0,0.0,33.4
3,19,7,0,,,,1.3307834,0.0,0.0,0.0,0.0
3,20,7,0,,,,1.2128834,0.0,0.0,0.0,0.0
3,21,7,0,,,,1.0095333,0.0,0.0,0.0,0.0
3,22,7,0,,,,0.6428,0.0,0.0,0.0,0.0
3,23,7,0,,,,0.43815,0.0,0.0,0.0,0.0
3,24,7,0,,,,0.44186667,0.0,0.0,0.0,0.0
3,1,1,0,,,,0.41496667,0.0,0.0,0.0,0.0
3,2,1,0,,,,0.45055,0.0,0.0,0.0,0.0
3,3,1,0,,,,0.42426667,0.0,0.0,0.0,0.0
3,4,1,0,,,,0.4289,0.0,0.0,0.0,0.0
3,5,1,0,,,,0.40771666,0.0,0.0,0.0,0.0
3,6,1,0,,,,0.41193333,0.0,0.0,0.0,0.0
3,7,1,0,,,,0.40916666,0.0,0.0,0.0,0.0
3,8,1,0,,,,0.3994,0.0,0.0,0.0,10.48
3,9,1,0,,,,0.75685,0.0,0.0,0.0,115.54
3,10,1,0,,,,0.8243333,0.0,0.0,0.0,124.41
3,11,1,0,,,,0.81045,0.0,0.0,0.0,140.1
3,12,1,0,,,,0.5273,0.0,0.0,0.0,154.85
3,13,1,0,,,,0.6094,0.0,0.0,0.0,90.7
3,14,1,0,,,,0.55836666,0.0,0.0,0.0,144.67
3,15,1,0,,,,0.58453333,0.0,0.0,0.0,29.4
3,16,1,0,,,,0.586,0.0,0.0,0.0,21.33
3,17,1,0,,,,0.69663334,0.0,0.0,0.0,122.75
3,18,1,0,,,,0.66351664,0.0,0.0,0.0,7.79
3,19,1,0,,,,0.86908334,0.0,0.0,0.0,0.0
3,20,1,0,,,,0.98405,0.0,0.0,0.0,0.0
3,21,1,0,,,,0.9090833,0.0,0.0,0.0,0.0
3,22,1,0,,,,0.8323,0.0,0.0,0.0,0.0
3,23,1,0,,,,0.81295,0.0,0.0,0.0,0.0
3,24,1,0,,,,0.49169168,0.0,0.0,0.0,0.0
3,1,2,0,,,,0.38713333,0.0,0.0,0.0,0.0
3,2,2,0,,,,0.36828333,0.0,0.0,0.0,0.0
3,3,2,0,,,,0.34143335,0.0,0.0,0.0,0.0
3,4,2,0,,,,0.37471667,0.0,0.0,0.0,0.0
3,5,2,0,,,,0.52246666,0.0,0.0,0.0,0.0
3,6,2,0,,,,0.93427,0.0,0.0,0.0,0.0
3,7,2,0,,,,0.3077,0.0,0.0,0.0,1.27
3,8,2,0,,,,0.33756667,0.0,0.0,0.0,181.33
3,9,2,0,,,,0.32606667,0.0,0.0,0.0,437.63
3,10,2,0,,,,0.2994,0.0,0.0,0.0,637.39
3,11,2,0,,,,0.28245,0.0,0.0,0.0,770.27
3,12,2,0,,,,0.29758334,0.0,0.0,0.0,855.97
3,13,2,0,,,,0.2937,0.0,0.0,0.0,883.24
3,14,2,0,,,,0.28606668,0.0,0.0,0.0,843.03
3,15,2,0,,,,0.29024166,0.0,0.0,0.0,754.94
3,16,2,0,,,,0.41468334,0.0,0.0,0.0,597.68
3,17,2,0,,,,0.57056665,0.0,0.0,0.0,382.1
3,18,2,0,,,,0.53565,0.0,0.0,0.0,129.21
3,19,2,0,,,,0.7423667,0.0,0.0,0.0,0.0
3,20,2,0,,,,0.8200333,0.0,0.0,0.0,0.0
3,21,2,0,,,,0.72723335,0.0,0.0,0.0,0.0
3,22,2,0,,,,0.33001667,0.0,0.0,0.0,0.0
3,23,2,0,,,,0.30765,0.0,0.0,0.0,0.0
3,24,2,0,,,,0.34553334,0.0,0.0,0.0,0.0
3,1,3,0,,,,0.3301,0.0,0.0,0.0,0.0
3,2,3,0,,,,0.31495,0.0,0.0,0.0,0.0
3,3,3,0,,,,0.32148334,0.0,0.0,0.0,0.0
3,4,3,0,,,,0.34935,0.0,0.0,0.0,0.0
3,5,3,0,,,,0.46495,0.0,0.0,0.0,0.0
3,6,3,0,,,,0.9740833,0.0,0.0,0.0,0.0
3,7,3,0,,,,0.33233333,0.0,0.0,0.0,3.74
3,8,3,0,,,,0.3284,0.0,0.0,0.0,169.58
3,9,3,0,,,,0.30856666,0.0,0.0,0.0,182.16
3,10,3,0,,,,0.27693334,0.0,0.0,0.0,267.34
3,11,3,0,,,,0.29146665,0.0,0.0,0.0,332.42
3,12,3,0,,,,0.28356665,0.0,0.0,0.0,423.47
3,13,3,0,,,,0.27033332,0.0,0.0,0.0,351.0
3,14,3,0,,,,0.42166665,0.0,0.0,0.0,503.4
3,15,3,0,,,,0.32621667,0.0,0.0,0.0,723.41
3,16,3,0,,,,0.49178332,0.0,0.0,0.0,578.21
3,17,3,0,,,,1.0135666,0.0,0.0,0.0,347.89
3,18,3,0,,,,0.6623,0.0,0.0,0.0,80.52
3,19,3,0,,,,0.66073334,0.0,0.0,0.0,0.0
3,20,3,0,,,,1.3704,0.0,0.0,0.0,0.0
3,21,3,0,,,,1.3272,0.0,0.0,0.0,0.0
3,22,3,0,,,,0.78346664,0.0,0.0,0.0,0.0
3,23,3,0,,,,0.35538334,0.0,0.0,0.0,0.0
3,24,3,0,,,,0.36119166,0.0,0.0,0.0,0.0
3,1,4,0,,,,0.37015,0.0,0.0,0.0,0.0
3,2,4,0,,,,0.34786665,0.0,0.0,0.0,0.0
3,3,4,0,,,,0.34636667,0.0,0.0,0.0,0.0
3,4,4,0,,,,0.37086666,0.0,0.0,0.0,0.0
3,5,4,0,,,,0.36385,0.0,0.0,0.0,0.0
3,6,4,0,,,,0.62043333,0.0,0.0,0.0,0.0
3,7,4,0,,,,0.4416,0.0,0.0,0.0,0.0
3,8,4,0,,,,0.4321,0.0,0.0,0.0,27.82
3,9,4,0,,,,0.39665,0.0,0.0,0.0,113.87
3,10,4,0,,,,0.38711667,0.0,0.0,0.0,140.48
3,11,4,0,,,,0.39438334,0.0,0.0,0.0,126.35
3,12,4,0,,,,0.3858,0.0,0.0,0.0,193.94
3,13,4,0,,,,0.38176668,0.0,0.0,0.0,405.62
3,14,4,0,,,,0.4026,0.0,0.0,0.0,819.78
3,15,4,0,,,,0.39606667,0.0,0.0,0.0,713.77
3,16,4,0,,,,0.47973335,0.0,0.0,0.0,564.81
3,17,4,0,,,,0.6615833,0.0,0.0,0.0,358.74
3,18,4,0,,,,0.8422833,0.0,0.0,0.0,121.73
3,19,4,0,,,,0.71005,0.0,0.0,0.0,0.0
3,20,4,0,,,,0.8383833,0.0,0.0,0.0,0.0
3,21,4,0,,,,0.78508335,0.0,0.0,0.0,0.0
3,22,4,0,,,,0.5478333,0.0,0.0,0.0,0.0
3,23,4,0,,,,0.3601,0.0,0.0,0.0,0.0
3,24,4,0,,,,0.355675,0.0,0.0,0.0,0.0
3,1,5,0,,,,0.32425,0.0,0.0,0.0,0.0
3,2,5,0,,,,0.36151665,0.0,0.0,0.0,0.0
3,3,5,0,,,,0.36358333,0.0,0.0,0.0,0.0
3,4,5,0,,,,0.32916668,0.0,0.0,0.0,0.0
3,5,5,0,,,,0.4057,0.0,0.0,0.0,0.0
3,6,5,0,,,,0.44776666,0.0,0.0,0.0,0.0
3,7,5,0,,,,0.31775,0.0,0.0,0.0,4.84
3,8,5,0,,,,0.3216,0.0,0.0,0.0,186.04
3,9,5,0,,,,0.31771666,0.0,0.0,0.0,419.02
3,10,5,0,,,,0.28975,0.0,0.0,0.0,606.13
3,11,5,0,,,,0.29393333,0.0,0.0,0.0,736.8
3,12,5,0,,,,0.29771668,0.0,0.0,0.0,829.28
3,13,5,0,,,,0.29121667,0.0,0.0,0.0,837.0
3,14,5,0,,,,0.33521667,0.0,0.0,0.0,801.03
3,15,5,0,,,,0.63095,0.0,0.0,0.0,704.46
3,16,5,0,,,,0.33768332,0.0,0.0,0.0,554.58
3,17,5,0,,,,0.45435,0.0,0.0,0.0,353.05
3,18,5,0,,,,0.69435,0.0,0.0,0.0,124.87
3,19,5,0,,,,0.6871333,0.0,0.0,0.0,0.0
3,20,5,0,,,,0.52028334,0.0,0.0,0.0,0.0
3,21,5,0,,,,0.50366664,0.0,0.0,0.0,0.0
3,22,5,0,,,,0.4083,0.0,0.0,0.0,0.0
3,23,5,0,,,,0.46986666,0.0,0.0,0.0,0.0
3,24,5,0,,,,0.40893334,0.0,0.0,0.0,0.0
4,1,6,0,,,,0.38695,0.0,0.0,0.0,0.0
4,2,6,0,,,,0.407,0.0,0.0,0.0,0.0
4,3,6,0,,,,0.37436667,0.0,0.0,0.0,0.0
4,4,6,0,,,,0.40948334,0.0,0.0,0.0,0.0
4,5,6,0,,,,0.35516667,0.0,0.0,0.0,0.0
4,6,6,0,,,,0.35708332,0.0,0.0,0.0,0.0
4,7,6,0,,,,0.36168334,0.0,0.0,0.0,4.17
4,8,6,0,,,,1.0351,0.0,0.0,0.0,192.5
4,9,6,0,,,,0.71101665,0.0,0.0,0.0,439.91
4,10,6,0,,,,0.55688334,0.0,0.0,0.0,644.16
4,11,6,0,,,,0.4463,0.0,0.0,0.0,777.71
4,12,6,0,,,,0.36775833,0.0,0.0,0.0,871.08
4,13,6,0,,,,0.45743334,0.0,0.0,0.0,887.55
4,14,6,0,,,,0.8469333,0.0,0.0,0.0,842.91
4,15,6,0,,,,0.48498333,0.0,0.0,0.0,741.98
4,16,6,0,,,,0.48893332,0.0,0.0,0.0,584.36
4,17,6,0,,,,0.53945,0.0,0.0,0.0,367.41
4,18,6,0,,,,1.0678667,0.0,0.0,0.0,131.0
4,19,6,0,,,,1.134,0.0,0.0,0.0,0.0
4,20,6,0,,,,0.97823334,0.0,0.0,0.0,0.0
4,21,6,0,,,,0.4854,0.0,0.0,0.0,0.0
4,22,6,0,,,,0.443,0.0,0.0,0.0,0.0
4,23,6,0,,,,0.3602,0.0,0.0,0.0,0.0
4,24,6,0,,,,0.38576666,0.0,0.0,0.0,0.0
4,1,7,0,,,,0.3694,0.0,0.0,0.0,0.0
4,2,7,0,,,,0.36266667,0.0,0.0,0.0,0.0
4,3,7,0,,,,0.3777,0.0,0.0,0.0,0.0
4,4,7,0,,,,0.35736668,0.0,0.0,0.0,0.0
4,5,7,0,,,,0.37386668,0.0,0.0,0.0,0.0
4,6,7,0,,,,0.34871668,0.0,0.0,0.0,0.0
4,7,7,0,,,,0.44078332,0.0,0.0,0.0,9.88
4,8,7,0,,,,0.6527,0.0,0.0,0.0,210.27
4,9,7,0,,,,0.6042,0.0,0.0,0.0,455.12
4,10,7,0,,,,1.0489167,0.0,0.0,0.0,638.11
4,11,7,0,,,,0.83211666,0.0,0.0,0.0,781.31
4,12,7,0,,,,0.7803,0.0,0.0,0.0,873.04
4,13,7,0,,,,0.36221668,0.0,0.0,0.0,884.74
4,14,7,0,,,,0.61363333,0.0,0.0,0.0,839.46
4,15,7,0,,,,0.75696665,0.0,0.0,0.0,742.39
4,16,7,0,,,,0.65491664,0.0,0.0,0.0,585.03
4,17,7,0,,,,0.92721665,0.0,0.0,0.0,365.68
4,18,7,0,,,,0.9598167,0.0,0.0,0.0,131.5
4,19,7,0,,,,0.55308336,0.0,0.0,0.0,0.0
4,20,7,0,,,,0.90045,0.0,0.0,0.0,0.0
4,21,7,0,,,,0.85218334,0.0,0.0,0.0,0.0
4,22,7,0,,,,0.47836667,0.0,0.0,0.0,0.0
4,23,7,0,,,,0.44793335,0.0,0.0,0.0,0.0
4,24,7,0,,,,0.4506,0.0,0.0,0.0,0.0
4,1,1,0,,,,0.44011667,0.0,0.0,0.0,0.0
4,2,1,0,,,,0.40423334,0.0,0.0,0.0,0.0
4,3,1,0,,,,0.40328333,0.0,0.0,0.0,0.0
4,4,1,0,,,,0.37639168,0.0,0.0,0.0,0.0
4,5,1,0,,,,0.9044333,0.0,0.0,0.0,0.0
4,6,1,0,,,,1.1271666,0.0,0.0,0.0,0.0
4,7,1,0,,,,0.3973,0.0,0.0,0.0,12.78
4,8,1,0,,,,0.35173333,0.0,0.0,0.0,208.07
4,9,1,0,,,,0.34555,0.0,0.0,0.0,442.48
4,10,1,0,,,,0.34541667,0.0,0.0,0.0,620.42
4,11,1,0,,,,0.32496667,0.0,0.0,0.0,742.71
4,12,1,0,,,,0.32331666,0.0,0.0,0.0,833.51
4,13,1,0,,,,0.32695,0.0,0.0,0.0,849.39
4,14,1,0,,,,0.28555,0.0,0.0,0.0,808.8
4,15,1,0,,,,0.30068332,0.0,0.0,0.0,712.4
4,16,1,0,,,,0.28841665,0.0,0.0,0.0,561.64
4,17,1,0,,,,0.36218333,0.0,0.0,0.0,359.42
4,18,1,0,,,,0.5265333,0.0,0.0,0.0,131.8
4,19,1,0,,,,0.5879,0.0,0.0,0.0,0.0
4,20,1,0,,,,2.39155,0.0,0.0,0.0,0.0
4,21,1,0,,,,0.8286333,0.0,0.0,0.0,0.0
4,22,1,0,,,,0.5344,0.0,0.0,0.0,0.0
4,23,1,0,,,,0.38236666,0.0,0.0,0.0,0.0
4,24,1,0,,,,0.40418333,0.0,0.0,0.0,0.0
4,1,2,0,,,,0.40051666,0.0,0.0,0.0,0.0
4,2,2,0,,,,0.39328334,0.0,0.0,0.0,0.0
4,3,2,0,,,,0.39471668,0.0,0.0,0.0,0.0
4,4,2,0,,,,0.3497,0.0,0.0,0.0,0.0
4,5,2,0,,,,0.36625,0.0,0.0,0.0,0.0
4,6,2,0,,,,0.5679167,0.0,0.0,0.0,0.0
4,7,2,0,,,,0.31541666,0.0,0.0,0.0,8.53
4,8,2,0,,,,0.33586666,0.0,0.0,0.0,201.89
4,9,2,0,,,,0.31506667,0.0,0.0,0.0,431.43
4,10,2,0,,,,0.29385,0.0,0.0,0.0,611.36
4,11,2,0,,,,0.31275,0.0,0.0,0.0,736.57
4,12,2,0,,,,0.30088332,0.0,0.0,0.0,814.35
4,13,2,0,,,,0.43396667,0.0,0.0,0.0,833.98
4,14,2,0,,,,0.33495,0.0,0.0,0.0,783.63
4,15,2,0,,,,0.31348333,0.0,0.0,0.0,683.48
4,16,2,0,,,,0.31791666,0.0,0.0,0.0,549.85
4,17,2,0,,,,0.5981333,0.0,0.0,0.0,353.11
4,18,2,0,,,,0.9094,0.0,0.0,0.0,132.04
4,19,2,0,,,,0.7956833,0.0,0.0,0.0,0.53
4,20,2,0,,,,1.9021,0.0,0.0,0.0,0.0
4,21,2,0,,,,0.6868,0.0,0.0,0.0,0.0
4,22,2,0,,,,0.41093335,0.0,0.0,0.0,0.0
4,23,2,0,,,,0.39096665,0.0,0.0,0.0,0.0
4,24,2,0,,,,0.39290833,0.0,0.0,0.0,0.0
4,1,3,0,,,,0.34116668,0.0,0.0,0.0,0.0
4,2,3,0,,,,0.36753333,0.0,0.0,0.0,0.0
4,3,3,0,,,,0.34236667,0.0,0.0,0.0,0.0
4,4,3,0,,,,0.40505,0.0,0.0,0.0,0.0
4,5,3,0,,,,0.39823332,0.0,0.0,0.0,0.0
4,6,3,0,,,,0.56273335,0.0,0.0,0.0,0.0
4,7,3,0,,,,0.37551665,0.0,0.0,0.0,9.23
4,8,3,0,,,,0.3287,0.0,0.0,0.0,185.17
4,9,3,0,,,,0.3257,0.0,0.0,0.0,407.68
4,10,3,0,,,,0.27818334,0.0,0.0,0.0,597.59
4,11,3,0,,,,0.32223332,0.0,0.0,0.0,728.64
4,12,3,0,,,,0.2921,0.0,0.0,0.0,808.27
4,13,3,0,,,,0.31231666,0.0,0.0,0.0,717.05
4,14,3,0,,,,0.41273335,0.0,0.0,0.0,766.43
4,15,3,0,,,,0.4874,0.0,0.0,0.0,706.02
4,16,3,0,,,,0.30605,0.0,0.0,0.0,561.26
4,17,3,0,,,,0.45051667,0.0,0.0,0.0,357.43
4,18,3,0,,,,0.49291667,0.0,0.0,0.0,133.53
4,19,3,0,,,,0.66315,0.0,0.0,0.0,2.15
4,20,3,0,,,,2.2077,0.0,0.0,0.0,0.0
4,21,3,0,,,,1.2168167,0.0,0.0,0.0,0.0
4,22,3,0,,,,0.67198336,0.0,0.0,0.0,0.0
4,23,3,0,,,,0.91536665,0.0,0.0,0.0,0.0
4,24,3,0,,,,0.37633333,0.0,0.0,0.0,0.0
4,1,4,0,,,,0.35041666,0.0,0.0,0.0,0.0
4,2,4,0,,,,0.3331,0.0,0.0,0.0,0.0
4,3,4,0,,,,0.33055,0.0,0.0,0.0,0.0
4,4,4,0,,,,0.34443334,0.0,0.0,0.0,0.0
4,5,4,0,,,,0.5815667,0.0,0.0,0.0,0.0
4,6,4,0,,,,0.9254,0.0,0.0,0.0,0.0
4,7,4,0,,,,0.42276666,0.0,0.0,0.0,5.48
4,8,4,0,,,,0.44475,0.0,0.0,0.0,128.26
4,9,4,0,,,,0.4057,0.0,0.0,0.0,372.29
4,10,4,0,,,,0.40005,0.0,0.0,0.0,565.2
4,11,4,0,,,,0.395175,0.0,0.0,0.0,660.23
4,12,4,0,,,,0.3932,0.0,0.0,0.0,776.06
4,13,4,0,,,,0.42285,0.0,0.0,0.0,816.52
4,14,4,0,,,,1.2881167,0.0,0.0,0.0,793.55
4,15,4,0,,,,0.36053333,0.0,0.0,0.0,703.8
4,16,4,0,,,,1.2536,0.0,0.0,0.0,546.53
4,17,4,0,,,,0.59898335,0.0,0.0,0.0,353.33
4,18,4,0,,,,1.3839667,0.0,0.0,0.0,130.41
4,19,4,0,,,,2.8452168,0.0,0.0,0.0,2.14
4,20,4,0,,,,1.4089833,0.0,0.0,0.0,0.0
4,21,4,0,,,,1.2339333,0.0,0.0,0.0,0.0
4,22,4,0,,,,0.76236665,0.0,0.0,0.0,0.0
4,23,4,0,,,,0.3969,0.0,0.0,0.0,0.0
4,24,4,0,,,,0.34184167,0.0,0.0,0.0,0.0
4,1,5,0,,,,0.36036667,0.0,0.0,0.0,0.0
4,2,5,0,,,,0.38198334,0.0,0.0,0.0,0.0
4,3,5,0,,,,0.38761666,0.0,0.0,0.0,0.0
4,4,5,0,,,,0.32886666,0.0,0.0,0.0,0.0
4,5,5,0,,,,0.5265167,0.0,0.0,0.0,0.0
4,6,5,0,,,,0.67181665,0.0,0.0,0.0,0.0
4,7,5,0,,,,0.32771668,0.0,0.0,0.0,3.68
4,8,5,0,,,,0.3519,0.0,0.0,0.0,93.65
4,9,5,0,,,,0.3318,0.0,0.0,0.0,399.87
4,10,5,0,,,,0.3135,0.0,0.0,0.0,573.92
4,11,5,0,,,,0.2939,0.0,0.0,0.0,658.89
4,12,5,0,,,,0.2986,0.0,0.0,0.0,780.13
4,13,5,0,,,,0.3115,0.0,0.0,0.0,806.74
4,14,5,0,,,,0.32088333,0.0,0.0,0.0,764.31
4,15,5,0,,,,0.7621833,0.0,0.0,0.0,681.19
4,16,5,0,,,,0.30531666,0.0,0.0,0.0,503.3
4,17,5,0,,,,0.34588334,0.0,0.0,0.0,325.73
4,18,5,0,,,,0.34768334,0.0,0.0,0.0,111.78
4,19,5,0,,,,0.33498332,0.0,0.0,0.0,0.86
4,20,5,0,,,,0.3242,0.0,0.0,0.0,0.0
4,21,5,0,,,,0.32626668,0.0,0.0,0.0,0.0
4,22,5,0,,,,0.3454,0.0,0.0,0.0,0.0
4,23,5,0,,,,0.34183332,0.0,0.0,0.0,0.0
4,24,5,0,,,,0.32489166,0.0,0.0,0.0,0.0
4,1,6,0,,,,0.32836667,0.0,0.0,0.0,0.0
4,2,6,0,,,,0.35265,0.0,0.0,0.0,0.0
4,3,6,0,,,,0.34035,0.0,0.0,0.0,0.0
4,4,6,0,,,,0.32566667,0.0,0.0,0.0,0.0
4,5,6,0,,,,0.32496667,0.0,0.0,0.0,0.0
4,6,6,0,,,,0.34901667,0.0,0.0,0.0,0.0
4,7,6,0,,,,0.3197,0.0,0.0,0.0,2.07
4,8,6,0,,,,0.3325,0.0,0.0,0.0,155.34
4,9,6,0,,,,0.33048335,0.0,0.0,0.0,193.34
4,10,6,0,,,,0.32366666,0.0,0.0,0.0,467.36
4,11,6,0,,,,0.30828333,0.0,0.0,0.0,420.91
4,12,6,0,,,,0.27261665,0.0,0.0,0.0,509.99
4,13,6,0,,,,0.21071666,0.0,0.0,0.0,786.64
4,14,6,0,,,,0.18698333,0.0,0.0,0.0,753.12
4,15,6,0,,,,0.5581667,0.0,0.0,0.0,664.97
4,16,6,0,,,,0.24331667,0.0,0.0,0.0,468.13
4,17,6,0,,,,0.23496667,0.0,0.0,0.0,325.37
4,18,6,0,,,,0.21983333,0.0,0.0,0.0,98.54
4,19,6,0,,,,0.23428333,0.0,0.0,0.0,1.23
4,20,6,0,,,,0.24733333,0.0,0.0,0.0,0.0
4,21,6,0,,,,0.22933333,0.0,0.0,0.0,0.0
4,22,6,0,,,,0.22153333,0.0,0.0,0.0,0.0
4,23,6,0,,,,0.25053334,0.0,0.0,0.0,0.0
4,24,6,0,,,,0.24586667,0.0,0.0,0.0,0.0
4,1,7,0,,,,0.22236666,0.0,0.0,0.0,0.0
4,2,7,0,,,,0.23866667,0.0,0.0,0.0,0.0
4,3,7,0,,,,0.25495,0.0,0.0,0.0,0.0
4,4,7,0,,,,0.22083333,0.0,0.0,0.0,0.0
4,5,7,0,,,,0.21906666,0.0,0.0,0.0,0.0
4,6,7,0,,,,0.24131666,0.0,0.0,0.0,0.0
4,7,7,0,,,,0.20205,0.0,0.0,0.0,0.33
4,8,7,0,,,,0.22863333,0.0,0.0,0.0,18.62
4,9,7,0,,,,0.33708334,0.0,0.0,0.0,19.89
4,10,7,0,,,,0.21251667,0.0,0.0,0.0,43.55
4,11,7,0,,,,0.20156667,0.0,0.0,0.0,474.4
4,12,7,0,,,,0.17301667,0.0,0.0,0.0,633.15
4,13,7,0,,,,0.20208333,0.0,0.0,0.0,650.88
4,14,7,0,,,,0.18645,0.0,0.0,0.0,662.06
4,15,7,0,,,,0.17421667,0.0,0.0,0.0,447.49
4,16,7,0,,,,0.7431667,0.0,0.0,0.0,252.81
4,17,7,0,,,,0.53265,0.0,0.0,0.0,192.48
4,18,7,0,,,,0.44043332,0.0,0.0,0.0,73.73
4,19,7,0,,,,0.54156667,0.0,0.0,0.0,2.98
4,20,7,0,,,,0.8875833,0.0,0.0,0.0,0.0
4,21,7,0,,,,0.7775,0.0,0.0,0.0,0.0
4,22,7,0,,,,0.6322333,0.0,0.0,0.0,0.0
4,23,7,0,,,,0.31021667,0.0,0.0,0.0,0.0
4,24,7,0,,,,0.30391666,0.0,0.0,0.0,0.0
4,1,1,0,,,,0.29808334,0.0,0.0,0.0,0.0
4,2,1,0,,,,0.30833334,0.0,0.0,0.0,0.0
4,3,1,0,,,,0.30485,0.0,0.0,0.0,0.0
4,4,1,0,,,,0.32095,0.0,0.0,0.0,0.0
4,5,1,0,,,,0.5502333,0.0,0.0,0.0,0.0
4,6,1,0,,,,0.6583833,0.0,0.0,0.0,0.0
4,7,1,0,,,,0.22123334,0.0,0.0,0.0,33.15
4,8,1,0,,,,0.22706667,0.0,0.0,0.0,181.91
4,9,1,0,,,,0.2228,0.0,0.0,0.0,390.44
4,10,1,0,,,,0.20146666,0.0,0.0,0.0,460.93
4,11,1,0,,,,0.20088333,0.0,0.0,0.0,663.09
4,12,1,0,,,,0.20525,0.0,0.0,0.0,783.29
4,13,1,0,,,,0.19035,0.0,0.0,0.0,798.92
4,14,1,0,,,,0.2145,0.0,0.0,0.0,781.16
4,15,1,0,,,,0.20388333,0.0,0.0,0.0,696.97
4,16,1,0,,,,0.20393333,0.0,0.0,0.0,526.16
4,17,1,0,,,,0.5452333,0.0,0.0,0.0,240.85
4,18,1,0,,,,0.60576665,0.0,0.0,0.0,127.96
4,19,1,0,,,,0.76168334,0.0,0.0,0.0,0.0
4,20,1,0,,,,0.9124,0.0,0.0,0.0,0.0
4,21,1,0,,,,0.77933335,0.0,0.0,0.0,0.0
4,22,1,0,,,,0.47085,0.0,0.0,0.0,0.0
4,23,1,0,,,,0.32641667,0.0,0.0,0.0,0.0
4,24,1,0,,,,0.31438333,0.0,0.0,0.0,0.0
4,1,2,0,,,,0.31658334,0.0,0.0,0.0,0.0
4,2,2,0,,,,0.31455,0.0,0.0,0.0,0.0
4,3,2,0,,,,0.2877,0.0,0.0,0.0,0.0
4,4,2,0,,,,0.29853332,0.0,0.0,0.0,0.0
4,5,2,0,,,,0.34278333,0.0,0.0,0.0,0.0
4,6,2,0,,,,0.8581667,0.0,0.0,0.0,0.0
4,7,2,0,,,,0.22813334,0.0,0.0,0.0,18.32
4,8,2,0,,,,0.2411,0.0,0.0,0.0,90.98
4,9,2,0,,,,0.20601666,0.0,0.0,0.0,96.6
4,10,2,0,,,,0.23001666,0.0,0.0,0.0,42.03
4,11,2,0,,,,0.20431666,0.0,0.0,0.0,148.54
4,12,2,0,,,,0.1861,0.0,0.0,0.0,229.71
4,13,2,0,,,,0.19365,0.0,0.0,0.0,223.07
4,14,2,0,,,,0.35073334,0.0,0.0,0.0,127.66
4,15,2,0,,,,0.22666667,0.0,0.0,0.0,162.63
4,16,2,0,,,,0.2143,0.0,0.0,0.0,91.57
4,17,2,0,,,,0.69876665,0.0,0.0,0.0,61.18
4,18,2,0,,,,0.73895,0.0,0.0,0.0,37.7
4,19,2,0,,,,0.9126667,0.0,0.0,0.0,0.0
4,20,2,0,,,,1.0985167,0.0,0.0,0.0,0.0
4,21,2,0,,,,0.952,0.0,0.0,0.0,0.0
4,22,2,0,,,,0.41228333,0.0,0.0,0.0,0.0
4,23,2,0,,,,0.36195,0.0,0.0,0.0,0.0
4,24,2,0,,,,0.37225,0.0,0.0,0.0,0.0
4,1,3,0,,,,0.35118333,0.0,0.0,0.0,0.0
4,2,3,0,,,,0.3517,0.0,0.0,0.0,0.0
4,3,3,0,,,,0.32795,0.0,0.0,0.0,0.0
4,4,3,0,,,,0.37265,0.0,0.0,0.0,0.0
4,5,3,0,,,,0.4167,0.0,0.0,0.0,0.0
4,6,3,0,,,,0.53275,0.0,0.0,0.0,0.0
4,7,3,0,,,,0.35275,0.0,0.0,0.0,1.15
4,8,3,0,,,,0.33268332,0.0,0.0,0.0,8.83
4,9,3,0,,,,0.3316,0.0,0.0,0.0,34.27
4,10,3,0,,,,0.33131668,0.0,0.0,0.0,71.07
4,11,3,0,,,,0.31383333,0.0,0.0,0.0,86.24
4,12,3,0,,,,0.3065,0.0,0.0,0.0,103.99
4,13,3,0,,,,0.34493333,0.0,0.0,0.0,59.61
4,14,3,0,,,,0.33823332,0.0,0.0,0.0,66.77
4,15,3,0,,,,0.35206667,0.0,0.0,0.0,0.0
4,16,3,0,,,,0.32358333,0.0,0.0,0.0,51.91
4,17,3,0,,,,0.80681664,0.0,0.0,0.0,28.27
4,18,3,0,,,,1.0006334,0.0,0.0,0.0,32.84
4,19,3,0,,,,1.1852,0.0,0.0,0.0,0.0
4,20,3,0,,,,2.3510666,0.0,0.0,0.0,0.0
4,21,3,0,,,,0.738,0.0,0.0,0.0,0.0
4,22,3,0,,,,0.3794,0.0,0.0,0.0,0.0
4,23,3,0,,,,0.37175,0.0,0.0,0.0,0.0
4,24,3,0,,,,0.3774,0.0,0.0,0.0,0.0
4,1,4,0,,,,0.37538335,0.0,0.0,0.0,0.0
4,2,4,0,,,,0.37946665,0.0,0.0,0.0,0.0
4,3,4,0,,,,0.36793333,0.0,0.0,0.0,0.0
4,4,4,0,,,,0.40716666,0.0,0.0,0.0,0.0
4,5,4,0,,,,0.5515,0.0,0.0,0.0,0.0
4,6,4,0,,,,1.06155,0.0,0.0,0.0,0.0
4,7,4,0,,,,0.40043333,0.0,0.0,0.0,1.18
4,8,4,0,,,,0.34761667,0.0,0.0,0.0,9.61
4,9,4,0,,,,0.32606667,0.0,0.0,0.0,61.59
4,10,4,0,,,,0.33413333,0.0,0.0,0.0,107.37
4,11,4,0,,,,0.34983334,0.0,0.0,0.0,145.92
4,12,4,0,,,,0.33633333,0.0,0.0,0.0,171.67
4,13,4,0,,,,0.3252,0.0,0.0,0.0,188.67
4,14,4,0,,,,0.29903334,0.0,0.0,0.0,213.04
4,15,4,0,,,,0.31776667,0.0,0.0,0.0,233.13
4,16,4,0,,,,0.34673333,0.0,0.0,0.0,136.3
4,17,4,0,,,,0.49798334,0.0,0.0,0.0,109.91
4,18,4,0,,,,0.33708334,0.0,0.0,0.0,130.15
4,19,4,0,,,,0.39675,0.0,0.0,0.0,8.52
4,20,4,0,,,,3.0006666,0.0,0.0,0.0,0.0
4,21,4,0,,,,1.8953167,0.0,0.0,0.0,0.0
4,22,4,0,,,,1.3107,0.0,0.0,0.0,0.0
4,23,4,0,,,,0.74668336,0.0,0.0,0.0,0.0
4,24,4,0,,,,0.368,0.0,0.0,0.0,0.0
4,1,5,0,,,,0.38216665,0.0,0.0,0.0,0.0
4,2,5,0,,,,0.37301666,0.0,0.0,0.0,0.0
4,3,5,0,,,,0.39511666,0.0,0.0,0.0,0.0
4,4,5,0,,,,0.3762,0.0,0.0,0.0,0.0
4,5,5,0,,,,0.42066666,0.0,0.0,0.0,0.0
4,6,5,0,,,,0.47148332,0.0,0.0,0.0,0.0
4,7,5,0,,,,0.33221668,0.0,0.0,0.0,32.72
4,8,5,0,,,,0.48603332,0.0,0.0,0.0,59.43
4,9,5,0,,,,1.1098833,0.0,0.0,0.0,268.85
4,10,5,0,,,,0.7039,0.0,0.0,0.0,649.96
4,11,5,0,,,,0.38886666,0.0,0.0,0.0,739.26
4,12,5,0,,,,0.5733333,0.0,0.0,0.0,764.3
4,13,5,0,,,,0.37433332,0.0,0.0,0.0,629.51
4,14,5,0,,,,0.7432333,0.0,0.0,0.0,337.06
4,15,5,0,,,,0.47038335,0.0,0.0,0.0,144.4
4,16,5,0,,,,0.3886,0.0,0.0,0.0,89.5
4,17,5,0,,,,0.4086125,0.0,0.0,0.0,68.51
4,18,5,0,,,,0.3943,0.0,0.0,0.0,103.23
4,19,5,0,,,,0.3335,0.0,0.0,0.0,9.76
4,20,5,0,,,,0.32813334,0.0,0.0,0.0,0.0
4,21,5,0,,,,0.3421,0.0,0.0,0.0,0.0
4,22,5,0,,,,0.33248332,0.0,0.0,0.0,0.0
4,23,5,0,,,,0.34466666,0.0,0.0,0.0,0.0
4,24,5,0,,,,0.33545834,0.0,0.0,0.0,0.0
4,1,6,0,,,,0.3568,0.0,0.0,0.0,0.0
4,2,6,0,,,,0.33571666,0.0,0.0,0.0,0.0
4,3,6,0,,,,0.34876665,0.0,0.0,0.0,0.0
4,4,6,0,,,,0.3496,0.0,0.0,0.0,0.0
4,5,6,0,,,,0.33345,0.0,0.0,0.0,0.0
4,6,6,0,,,,0.33708334,0.0,0.0,0.0,0.0
4,7,6,0,,,,0.34241667,0.0,0.0,0.0,46.06
4,8,6,0,,,,0.34668332,0.0,0.0,0.0,24.62
4,9,6,0,,,,0.32841668,0.0,0.0,0.0,89.43
4,10,6,0,,,,0.3024,0.0,0.0,0.0,211.65
4,11,6,0,,,,0.32803333,0.0,0.0,0.0,187.7
4,12,6,0,,,,0.31056666,0.0,0.0,0.0,152.87
4,13,6,0,,,,0.32865,0.0,0.0,0.0,177.38
4,14,6,0,,,,0.67285,0.0,0.0,0.0,441.59
4,15,6,0,,,,0.33311668,0.0,0.0,0.0,174.55
4,16,6,0,,,,0.32905,0.0,0.0,0.0,105.58
4,17,6,0,,,,0.34971666,0.0,0.0,0.0,37.32
4,18,6,0,,,,0.36375,0.0,0.0,0.0,7.6
4,19,6,0,,,,0.36343333,0.0,0.0,0.0,0.2
4,20,6,0,,,,0.33201668,0.0,0.0,0.0,0.0
4,21,6,0,,,,0.34061667,0.0,0.0,0.0,0.0
4,22,6,0,,,,0.33871666,0.0,0.0,0.0,0.0
4,23,6,0,,,,0.34381667,0.0,0.0,0.0,0.0
4,24,6,0,,,,0.33534166,0.0,0.0,0.0,0.0
4,1,7,0,,,,0.34726667,0.0,0.0,0.0,0.0
4,2,7,0,,,,0.33105,0.0,0.0,0.0,0.0
4,3,7,0,,,,0.35751668,0.0,0.0,0.0,0.0
4,4,7,0,,,,0.34116668,0.0,0.0,0.0,0.0
4,5,7,0,,,,0.35703334,0.0,0.0,0.0,0.0
4,6,7,0,,,,0.3252,0.0,0.0,0.0,0.0
4,7,7,0,,,,0.34638333,0.0,0.0,0.0,2.07
4,8,7,0,,,,0.34775832,0.0,0.0,0.0,10.11
4,9,7,0,,,,0.33028334,0.0,0.0,0.0,45.8
4,10,7,0,,,,0.31726667,0.0,0.0,0.0,64.54
4,11,7,0,,,,0.36276665,0.0,0.0,0.0,94.24
4,12,7,0,,,,0.31158334,0.0,0.0,0.0,179.34
4,13,7,0,,,,0.31891668,0.0,0.0,0.0,108.64
4,14,7,0,,,,0.38154167,0.0,0.0,0.0,89.82
4,15,7,0,,,,0.3485,0.0,0.0,0.0,76.03
4,16,7,0,,,,0.80013335,0.0,0.0,0.0,55.42
4,17,7,0,,,,0.73546666,0.0,0.0,0.0,42.28
4,18,7,0,,,,0.6677667,0.0,0.0,0.0,13.91
4,19,7,0,,,,0.93163335,0.0,0.0,0.0,1.74
4,20,7,0,,,,0.91611665,0.0,0.0,0.0,0.0
4,21,7,0,,,,0.44716668,0.0,0.0,0.0,0.0
4,22,7,0,,,,0.37613332,0.0,0.0,0.0,0.0
4,23,7,0,,,,0.37376666,0.0,0.0,0.0,0.0
4,24,7,0,,,,0.37485832,0.0,0.0,0.0,0.0
4,1,1,0,,,,0.38473332,0.0,0.0,0.0,0.0
4,2,1,0,,,,0.38155,0.0,0.0,0.0,0.0
4,3,1,0,,,,0.3783,0.0,0.0,0.0,0.0
4,4,1,0,,,,0.3998,0.0,0.0,0.0,0.0
4,5,1,0,,,,0.5390667,0.0,0.0,0.0,0.0
4,6,1,0,,,,1.2292833,0.0,0.0,0.0,0.0
4,7,1,0,,,,0.49741668,0.0,0.0,0.0,5.85
4,8,1,0,,,,0.34453332,0.0,0.0,0.0,32.94
4,9,1,0,,,,0.32385,0.0,0.0,0.0,122.89
4,10,1,0,,,,0.3183,0.0,0.0,0.0,191.13
4,11,1,0,,,,0.314,0.0,0.0,0.0,203.63
4,12,1,0,,,,0.30698332,0.0,0.0,0.0,187.22
4,13,1,0,,,,0.31195,0.0,0.0,0.0,413.23
4,14,1,0,,,,0.33078334,0.0,0.0,0.0,624.65
4,15,1,0,,,,0.31635,0.0,0.0,0.0,448.56
4,16,1,0,,,,0.4459,0.0,0.0,0.0,218.17
4,17,1,0,,,,0.5122167,0.0,0.0,0.0,305.46
4,18,1,0,,,,0.7287,0.0,0.0,0.0,130.64
4,19,1,0,,,,0.97366667,0.0,0.0,0.0,13.71
4,20,1,0,,,,0.83701664,0.0,0.0,0.0,0.0
4,21,1,0,,,,0.4261,0.0,0.0,0.0,0.0
4,22,1,0,,,,0.4342,0.0,0.0,0.0,0.0
4,23,1,0,,,,0.40976667,0.0,0.0,0.0,0.0
4,24,1,0,,,,0.42744166,0.0,0.0,0.0,0.0
4,1,2,0,,,,0.4143,0.0,0.0,0.0,0.0
4,2,2,0,,,,0.43083334,0.0,0.0,0.0,0.0
4,3,2,0,,,,0.409,0.0,0.0,0.0,0.0
4,4,2,0,,,,0.41681665,0.0,0.0,0.0,0.0
4,5,2,0,,,,0.44408333,0.0,0.0,0.0,0.0
4,6,2,0,,,,0.65751666,0.0,0.0,0.0,0.0
4,7,2,0,,,,0.35996667,0.0,0.0,0.0,54.14
4,8,2,0,,,,0.33565,0.0,0.0,0.0,258.69
4,9,2,0,,,,0.36871666,0.0,0.0,0.0,469.81
4,10,2,0,,,,0.32971665,0.0,0.0,0.0,612.65
4,11,2,0,,,,0.33608332,0.0,0.0,0.0,696.62
4,12,2,0,,,,0.34785,0.0,0.0,0.0,792.14
4,13,2,0,,,,0.33925,0.0,0.0,0.0,705.66
4,14,2,0,,,,0.3492,0.0,0.0,0.0,710.65
4,15,2,0,,,,0.36475,0.0,0.0,0.0,513.5
4,16,2,0,,,,0.6397,0.0,0.0,0.0,541.57
4,17,2,0,,,,0.51345,0.0,0.0,0.0,314.15
4,18,2,0,,,,0.7373,0.0,0.0,0.0,90.23
4,19,2,0,,,,0.7762833,0.0,0.0,0.0,16.86
4,20,2,0,,,,1.2955667,0.0,0.0,0.0,0.0
4,21,2,0,,,,0.99625,0.0,0.0,0.0,0.0
4,22,2,0,,,,0.5528167,0.0,0.0,0.0,0.0
4,23,2,0,,,,0.42681667,0.0,0.0,0.0,0.0
4,24,2,0,,,,0.42743334,0.0,0.0,0.0,0.0
4,1,3,0,,,,0.40966666,0.0,0.0,0.0,0.0
4,2,3,0,,,,0.42926666,0.0,0.0,0.0,0.0
4,3,3,0,,,,0.4204,0.0,0.0,0.0,0.0
4,4,3,0,,,,0.41433334,0.0,0.0,0.0,0.0
4,5,3,0,,,,0.7611333,0.0,0.0,0.0,0.0
4,6,3,0,,,,0.95888335,0.0,0.0,0.0,0.0
4,7,3,0,,,,0.79995,0.0,0.0,0.0,45.29
4,8,3,0,,,,0.5725833,0.0,0.0,0.0,210.53
4,9,3,0,,,,0.5589667,0.0,0.0,0.0,427.43
4,10,3,0,,,,0.54941666,0.0,0.0,0.0,619.94
4,11,3,0,,,,0.5589333,0.0,0.0,0.0,637.07
4,12,3,0,,,,0.5538833,0.0,0.0,0.0,137.22
4,13,3,0,,,,0.59966666,0.0,0.0,0.0,54.39
4,14,3,0,,,,0.59485,0.0,0.0,0.0,342.79
4,15,3,0,,,,0.5926833,0.0,0.0,0.0,121.34
4,16,3,0,,,,0.47531667,0.0,0.0,0.0,49.77
4,17,3,0,,,,0.51491666,0.0,0.0,0.0,238.44
4,18,3,0,,,,0.8118333,0.0,0.0,0.0,124.69
4,19,3,0,,,,0.7172667,0.0,0.0,0.0,17.71
4,20,3,0,,,,2.2847667,0.0,0.0,0.0,0.0
4,21,3,0,,,,0.8674833,0.0,0.0,0.0,0.0
4,22,3,0,,,,0.5631,0.0,0.0,0.0,0.0
4,23,3,0,,,,0.43371665,0.0,0.0,0.0,0.0
4,24,3,0,,,,0.41661668,0.0,0.0,0.0,0.0
4,1,4,0,,,,0.39521667,0.0,0.0,0.0,0.0
4,2,4,0,,,,0.38973334,0.0,0.0,0.0,0.0
4,3,4,0,,,,0.39785,0.0,0.0,0.0,0.0
4,4,4,0,,,,0.37556666,0.0,0.0,0.0,0.0
4,5,4,0,,,,0.39185,0.0,0.0,0.0,0.0
4,6,4,0,,,,0.59073335,0.0,0.0,0.0,0.0
4,7,4,0,,,,0.35373333,0.0,0.0,0.0,55.57
4,8,4,0,,,,0.35151666,0.0,0.0,0.0,243.04
4,9,4,0,,,,0.34263334,0.0,0.0,0.0,457.12
4,10,4,0,,,,0.31538334,0.0,0.0,0.0,627.13
4,11,4,0,,,,0.34255,0.0,0.0,0.0,714.44
4,12,4,0,,,,0.30283332,0.0,0.0,0.0,798.42
4,13,4,0,,,,0.3224,0.0,0.0,0.0,634.57
4,14,4,0,,,,0.31301665,0.0,0.0,0.0,710.63
4,15,4,0,,,,0.26851666,0.0,0.0,0.0,609.81
4,16,4,0,,,,0.3081,0.0,0.0,0.0,545.51
4,17,4,0,,,,0.28901666,0.0,0.0,0.0,357.88
4,18,4,0,,,,0.39008334,0.0,0.0,0.0,136.42
4,19,4,0,,,,0.5004,0.0,0.0,0.0,16.85
4,20,4,0,,,,0.82733333,0.0,0.0,0.0,0.0
4,21,4,0,,,,0.47316667,0.0,0.0,0.0,0.0
4,22,4,0,,,,0.41433334,0.0,0.0,0.0,0.0
4,23,4,0,,,,0.40525,0.0,0.0,0.0,0.0
4,24,4,0,,,,0.40513334,0.0,0.0,0.0,0.0
4,1,5,0,,,,0.39876667,0.0,0.0,0.0,0.0
4,2,5,0,,,,0.4164,0.0,0.0,0.0,0.0
4,3,5,0,,,,0.55156666,0.0,0.0,0.0,0.0
4,4,5,0,,,,0.6616833,0.0,0.0,0.0,0.0
4,5,5,0,,,,0.7107667,0.0,0.0,0.0,0.0
4,6,5,0,,,,0.71856666,0.0,0.0,0.0,0.0
4,7,5,0,,,,0.34596667,0.0,0.0,0.0,53.8
4,8,5,0,,,,0.3309,0.0,0.0,0.0,222.57
4,9,5,0,,,,0.33728334,0.0,0.0,0.0,431.21
4,10,5,0,,,,0.30828333,0.0,0.0,0.0,585.89
4,11,5,0,,,,0.33485,0.0,0.0,0.0,617.86
4,12,5,0,,,,0.31851667,0.0,0.0,0.0,702.76
4,13,5,0,,,,0.3124,0.0,0.0,0.0,796.32
4,14,5,0,,,,0.28,0.0,0.0,0.0,741.77
4,15,5,0,,,,0.30931666,0.0,0.0,0.0,585.19
4,16,5,0,,,,0.40135,0.0,0.0,0.0,533.3
4,17,5,0,,,,0.61436665,0.0,0.0,0.0,212.51
4,18,5,0,,,,0.73581666,0.0,0.0,0.0,145.5
4,19,5,0,,,,0.6837,0.0,0.0,0.0,16.2
4,20,5,0,,,,2.60425,0.0,0.0,0.0,0.0
4,21,5,0,,,,3.3940833,0.0,0.0,0.0,0.0
4,22,5,0,,,,2.1552,0.0,0.0,0.0,0.0
4,23,5,0,,,,1.1669,0.0,0.0,0.0,0.0
4,24,5,0,,,,0.92354167,0.0,0.0,0.0,0.0
4,1,6,0,,,,0.9511667,0.0,0.0,0.0,0.0
4,2,6,0,,,,0.39461666,0.0,0.0,0.0,0.0
4,3,6,0,,,,0.40268335,0.0,0.0,0.0,0.0
4,4,6,0,,,,1.1227,0.0,0.0,0.0,0.0
4,5,6,0,,,,0.4112,0.0,0.0,0.0,0.0
4,6,6,0,,,,0.4704,0.0,0.0,0.0,0.0
4,7,6,0,,,,1.22675,0.0,0.0,0.0,61.9
4,8,6,0,,,,0.85031664,0.0,0.0,0.0,265.71
4,9,6,0,,,,0.6932333,0.0,0.0,0.0,473.47
4,10,6,0,,,,1.0352334,0.0,0.0,0.0,640.4
4,11,6,0,,,,1.4171,0.0,0.0,0.0,757.94
4,12,6,0,,,,1.6906166,0.0,0.0,0.0,551.44
4,13,6,0,,,,1.8953,0.0,0.0,0.0,576.68
4,14,6,0,,,,1.3899167,0.0,0.0,0.0,398.5
4,15,6,0,,,,1.63265,0.0,0.0,0.0,618.83
4,16,6,0,,,,3.1568334,0.0,0.0,0.0,366.37
4,17,6,0,,,,0.7578833,0.0,0.0,0.0,280.53
4,18,6,0,,,,0.7755,0.0,0.0,0.0,122.53
4,19,6,0,,,,0.78585,0.0,0.0,0.0,16.11
4,20,6,0,,,,0.70485,0.0,0.0,0.0,0.0
4,21,6,0,,,,0.3477,0.0,0.0,0.0,0.0
4,22,6,0,,,,0.62673336,0.0,0.0,0.0,0.0
4,23,6,0,,,,0.31181666,0.0,0.0,0.0,0.0
4,24,6,0,,,,0.31398332,0.0,0.0,0.0,0.0
4,1,7,0,,,,0.30528334,0.0,0.0,0.0,0.0
4,2,7,0,,,,0.30068332,0.0,0.0,0.0,0.0
4,3,7,0,,,,0.34548333,0.0,0.0,0.0,0.0
4,4,7,0,,,,0.34155,0.0,0.0,0.0,0.0
4,5,7,0,,,,0.34968334,0.0,0.0,0.0,0.0
4,6,7,0,,,,0.33955,0.0,0.0,0.0,0.0
4,7,7,0,,,,0.34628335,0.0,0.0,0.0,55.58
4,8,7,0,,,,0.34695,0.0,0.0,0.0,217.76
4,9,7,0,,,,0.3868,0.0,0.0,0.0,394.77
4,10,7,0,,,,0.38468334,0.0,0.0,0.0,571.66
4,11,7,0,,,,0.91715,0.0,0.0,0.0,689.41
4,12,7,0,,,,1.9027667,0.0,0.0,0.0,723.52
4,13,7,0,,,,1.5506166,0.0,0.0,0.0,775.8
4,14,7,0,,,,1.7067167,0.0,0.0,0.0,617.37
4,15,7,0,,,,0.92621666,0.0,0.0,0.0,394.0
4,16,7,0,,,,0.31888333,0.0,0.0,0.0,534.12
4,17,7,0,,,,0.39011666,0.0,0.0,0.0,365.19
4,18,7,0,,,,0.68726665,0.0,0.0,0.0,149.93
4,19,7,0,,,,0.5696333,0.0,0.0,0.0,20.35
4,20,7,0,,,,0.522475,0.0,0.0,0.0,0.0
4,21,7,0,,,,0.52273333,0.0,0.0,0.0,0.0
4,22,7,0,,,,0.4354,0.0,0.0,0.0,0.0
4,23,7,0,,,,0.4147,0.0,0.0,0.0,0.0
4,24,7,0,,,,0.41184166,0.0,0.0,0.0,0.0
4,1,1,0,,,,1.1001,0.0,0.0,0.0,0.0
4,2,1,0,,,,1.0271,0.0,0.0,0.0,0.0
4,3,1,0,,,,0.47556666,0.0,0.0,0.0,0.0
4,4,1,0,,,,0.94303334,0.0,0.0,0.0,0.0
4,5,1,0,,,,0.42198333,0.0,0.0,0.0,0.0
4,6,1,0,,,,0.43743333,0.0,0.0,0.0,0.0
4,7,1,0,,,,0.86261666,0.0,0.0,0.0,62.34
4,8,1,0,,,,0.77211666,0.0,0.0,0.0,243.11
4,9,1,0,,,,0.66081667,0.0,0.0,0.0,438.35
4,10,1,0,,,,0.9780667,0.0,0.0,0.0,600.14
4,11,1,0,,,,0.82101667,0.0,0.0,0.0,720.51
4,12,1,0,,,,0.48311666,0.0,0.0,0.0,799.21
4,13,1,0,,,,0.4015,0.0,0.0,0.0,818.9
4,14,1,0,,,,0.37961668,0.0,0.0,0.0,786.78
4,15,1,0,,,,0.5006,0.0,0.0,0.0,709.55
4,16,1,0,,,,0.56161666,0.0,0.0,0.0,565.65
4,17,1,0,,,,1.0468,0.0,0.0,0.0,372.96
4,18,1,0,,,,1.2085167,0.0,0.0,0.0,152.64
4,19,1,0,,,,1.3096167,0.0,0.0,0.0,23.39
4,20,1,0,,,,2.6615,0.0,0.0,0.0,0.0
4,21,1,0,,,,0.82156664,0.0,0.0,0.0,0.0
4,22,1,0,,,,0.46705,0.0,0.0,0.0,0.0
4,23,1,0,,,,0.43593332,0.0,0.0,0.0,0.0
4,24,1,0,,,,0.423575,0.0,0.0,0.0,0.0
4,1,2,0,,,,0.42541668,0.0,0.0,0.0,0.0
4,2,2,0,,,,0.40911666,0.0,0.0,0.0,0.0
4,3,2,0,,,,0.38365,0.0,0.0,0.0,0.0
4,4,2,0,,,,0.40625,0.0,0.0,0.0,0.0
4,5,2,0,,,,0.45883334,0.0,0.0,0.0,0.0
4,6,2,0,,,,0.90335,0.0,0.0,0.0,0.0
4,7,2,0,,,,0.35083333,0.0,0.0,0.0,66.63
4,8,2,0,,,,0.34636667,0.0,0.0,0.0,251.56
4,9,2,0,,,,0.32315,0.0,0.0,0.0,440.94
4,10,2,0,,,,0.3337,0.0,0.0,0.0,607.11
4,11,2,0,,,,0.31333333,0.0,0.0,0.0,707.9
4,12,2,0,,,,0.35638332,0.0,0.0,0.0,788.7
4,13,2,0,,,,0.33693334,0.0,0.0,0.0,805.69
4,14,2,0,,,,0.32418334,0.0,0.0,0.0,684.04
4,15,2,0,,,,0.34146667,0.0,0.0,0.0,702.37
4,16,2,0,,,,0.71993333,0.0,0.0,0.0,549.05
4,17,2,0,,,,0.96005,0.0,0.0,0.0,364.97
4,18,2,0,,,,1.0495334,0.0,0.0,0.0,137.51
4,19,2,0,,,,0.51991665,0.0,0.0,0.0,24.18
4,20,2,0,,,,0.8462833,0.0,0.0,0.0,0.0
4,21,2,0,,,,0.84431666,0.0,0.0,0.0,0.0
4,22,2,0,,,,0.47773334,0.0,0.0,0.0,0.0
4,23,2,0,,,,0.38793334,0.0,0.0,0.0,0.0
4,24,2,0,,,,0.383675,0.0,0.0,0.0,0.0
4,1,3,0,,,,0.39313334,0.0,0.0,0.0,0.0
4,2,3,0,,,,0.41763332,0.0,0.0,0.0,0.0
4,3,3,0,,,,0.38016668,0.0,0.0,0.0,0.0
4,4,3,0,,,,0.40008333,0.0,0.0,0.0,0.0
4,5,3,0,,,,0.42683333,0.0,0.0,0.0,0.0
4,6,3,0,,,,0.53218335,0.0,0.0,0.0,0.0
4,7,3,0,,,,0.34298334,0.0,0.0,0.0,68.45
4,8,3,0,,,,0.34051666,0.0,0.0,0.0,265.24
4,9,3,0,,,,0.32936665,0.0,0.0,0.0,464.2
4,10,3,0,,,,0.32728332,0.0,0.0,0.0,624.23
4,11,3,0,,,,0.31878334,0.0,0.0,0.0,747.24
4,12,3,0,,,,0.38926667,0.0,0.0,0.0,816.68
4,13,3,0,,,,0.41236666,0.0,0.0,0.0,830.87
4,14,3,0,,,,0.35096666,0.0,0.0,0.0,792.12
4,15,3,0,,,,0.35413334,0.0,0.0,0.0,707.49
4,16,3,0,,,,0.3765,0.0,0.0,0.0,560.37
4,17,3,0,,,,0.46831667,0.0,0.0,0.0,367.48
4,18,3,0,,,,0.6586,0.0,0.0,0.0,151.51
4,19,3,0,,,,0.93406665,0.0,0.0,0.0,15.77
4,20,3,0,,,,0.90805,0.0,0.0,0.0,0.0
4,21,3,0,,,,0.8779167,0.0,0.0,0.0,0.0
4,22,3,0,,,,0.63126665,0.0,0.0,0.0,0.0
4,23,3,0,,,,0.44171667,0.0,0.0,0.0,0.0
4,24,3,0,,,,0.39641666,0.0,0.0,0.0,0.0
4,1,4,0,,,,0.42105,0.0,0.0,0.0,0.0
4,2,4,0,,,,0.40945,0.0,0.0,0.0,0.0
4,3,4,0,,,,0.40163332,0.0,0.0,0.0,0.0
4,4,4,0,,,,0.3515,0.0,0.0,0.0,0.0
4,5,4,0,,,,0.5452833,0.0,0.0,0.0,0.0
4,6,4,0,,,,1.01315,0.0,0.0,0.0,0.18
4,7,4,0,,,,0.39933333,0.0,0.0,0.0,68.85
4,8,4,0,,,,0.34558332,0.0,0.0,0.0,187.68
4,9,4,0,,,,0.33258334,0.0,0.0,0.0,391.85
4,10,4,0,,,,0.32535,0.0,0.0,0.0,191.3
4,11,4,0,,,,0.33776668,0.0,0.0,0.0,533.97
4,12,4,0,,,,0.35876667,0.0,0.0,0.0,770.5
4,13,4,0,,,,0.34085,0.0,0.0,0.0,750.9
4,14,4,0,,,,0.34925,0.0,0.0,0.0,771.53
4,15,4,0,,,,0.35226667,0.0,0.0,0.0,685.49
4,16,4,0,,,,0.357,0.0,0.0,0.0,546.97
4,17,4,0,,,,0.6002,0.0,0.0,0.0,358.43
4,18,4,0,,,,0.71711665,0.0,0.0,0.0,147.95
4,19,4,0,,,,0.99618334,0.0,0.0,0.0,16.6
4,20,4,0,,,,1.1745334,0.0,0.0,0.0,0.0
4,21,4,0,,,,0.84875,0.0,0.0,0.0,0.0
4,22,4,0,,,,0.5108167,0.0,0.0,0.0,0.0
4,23,4,0,,,,0.41615,0.0,0.0,0.0,0.0
4,24,4,0,,,,0.42259166,0.0,0.0,0.0,0.0
4,1,5,0,,,,0.39108333,0.0,0.0,0.0,0.0
4,2,5,0,,,,0.38855,0.0,0.0,0.0,0.0
4,3,5,0,,,,0.38138333,0.0,0.0,0.0,0.0
4,4,5,0,,,,0.3459,0.0,0.0,0.0,0.0
4,5,5,0,,,,0.38933334,0.0,0.0,0.0,0.0
4,6,5,0,,,,0.47581667,0.0,0.0,0.0,0.0
4,7,5,0,,,,0.35903335,0.0,0.0,0.0,31.86
4,8,5,0,,,,0.34688333,0.0,0.0,0.0,224.33
4,9,5,0,,,,0.35403332,0.0,0.0,0.0,418.9
4,10,5,0,,,,0.33378333,0.0,0.0,0.0,378.3
4,11,5,0,,,,0.31168333,0.0,0.0,0.0,168.64
4,12,5,0,,,,0.3336,0.0,0.0,0.0,162.0
4,13,5,0,,,,0.32551667,0.0,0.0,0.0,79.62
4,14,5,0,,,,0.2945,0.0,0.0,0.0,50.36
4,15,5,0,,,,0.27368334,0.0,0.0,0.0,48.82
4,16,5,0,,,,0.30386665,0.0,0.0,0.0,309.75
4,17,5,0,,,,0.5268833,0.0,0.0,0.0,231.84
4,18,5,0,,,,0.8012,0.0,0.0,0.0,144.89
4,19,5,0,,,,0.61595,0.0,0.0,0.0,8.25
4,20,5,0,,,,0.57416666,0.0,0.0,0.0,0.0
4,21,5,0,,,,0.43476668,0.0,0.0,0.0,0.0
4,22,5,0,,,,0.35046667,0.0,0.0,0.0,0.0
4,23,5,0,,,,0.38145,0.0,0.0,0.0,0.0
4,24,5,0,,,,0.491125,0.0,0.0,0.0,0.0
4,1,6,0,,,,0.38918334,0.0,0.0,0.0,0.0
4,2,6,0,,,,0.3913,0.0,0.0,0.0,0.0
4,3,6,0,,,,0.38901666,0.0,0.0,0.0,0.0
4,4,6,0,,,,0.39255,0.0,0.0,0.0,0.0
4,5,6,0,,,,0.38841668,0.0,0.0,0.0,0.0
4,6,6,0,,,,0.38023335,0.0,0.0,0.0,0.0
4,7,6,0,,,,0.5330667,0.0,0.0,0.0,7.94
4,8,6,0,,,,0.66796666,0.0,0.0,0.0,148.13
4,9,6,0,,,,2.8755834,0.0,0.0,0.0,89.55
4,10,6,0,,,,1.1503167,0.0,0.0,0.0,130.51
4,11,6,0,,,,1.27655,0.0,0.0,0.0,138.49
4,12,6,0,,,,0.89498335,0.0,0.0,0.0,97.82
4,13,6,0,,,,0.6393167,0.0,0.0,0.0,74.84
4,14,6,0,,,,0.8127,0.0,0.0,0.0,64.71
4,15,6,0,,,,0.5328,0.0,0.0,0.0,48.41
4,16,6,0,,,,0.49281666,0.0,0.0,0.0,80.36
4,17,6,0,,,,0.54088336,0.0,0.0,0.0,87.48
4,18,6,0,,,,0.40248334,0.0,0.0,0.0,38.57
4,19,6,0,,,,0.5708167,0.0,0.0,0.0,1.09
4,20,6,0,,,,0.8219333,0.0,0.0,0.0,0.0
4,21,6,0,,,,1.1185833,0.0,0.0,0.0,0.0
4,22,6,0,,,,1.0872,0.0,0.0,0.0,0.0
4,23,6,0,,,,0.38788334,0.0,0.0,0.0,0.0
4,24,6,0,,,,0.39980835,0.0,0.0,0.0,0.0
4,1,7,0,,,,0.39911667,0.0,0.0,0.0,0.0
4,2,7,0,,,,0.38425,0.0,0.0,0.0,0.0
4,3,7,0,,,,0.38783333,0.0,0.0,0.0,0.0
4,4,7,0,,,,0.40895,0.0,0.0,0.0,0.0
4,5,7,0,,,,0.37448335,0.0,0.0,0.0,0.0
4,6,7,0,,,,2.1523833,0.0,0.0,0.0,0.0
4,7,7,0,,,,2.7986,0.0,0.0,0.0,4.68
4,8,7,0,,,,0.77125,0.0,0.0,0.0,15.41
4,9,7,0,,,,0.55771667,0.0,0.0,0.0,67.06
4,10,7,0,,,,0.44155,0.0,0.0,0.0,72.46
4,11,7,0,,,,0.39746666,0.0,0.0,0.0,129.81
4,12,7,0,,,,0.50105,0.0,0.0,0.0,162.93
4,13,7,0,,,,2.0892668,0.0,0.0,0.0,121.98
4,14,7,0,,,,1.3823167,0.0,0.0,0.0,82.2
4,15,7,0,,,,1.0985667,0.0,0.0,0.0,84.43
4,16,7,0,,,,1.2926,0.0,0.0,0.0,72.46
4,17,7,0,,,,0.6225333,0.0,0.0,0.0,63.01
4,18,7,0,,,,0.5963,0.0,0.0,0.0,63.61
4,19,7,0,,,,2.6128166,0.0,0.0,0.0,22.62
4,20,7,0,,,,1.6408334,0.0,0.0,0.0,0.0
4,21,7,0,,,,0.64491665,0.0,0.0,0.0,0.0
4,22,7,0,,,,0.46555,0.0,0.0,0.0,0.0
4,23,7,0,,,,0.41116667,0.0,0.0,0.0,0.0
4,24,7,0,,,,0.430225,0.0,0.0,0.0,0.0
5,1,1,0,,,,0.40903333,0.0,0.0,0.0,0.0
5,2,1,0,,,,0.41411668,0.0,0.0,0.0,0.0
5,3,1,0,,,,0.39725,0.0,0.0,0.0,0.0
5,4,1,0,,,,0.38936666,0.0,0.0,0.0,0.0
5,5,1,0,,,,0.3935,0.0,0.0,0.0,0.0
5,6,1,0,,,,0.80915,0.0,0.0,0.0,0.0
5,7,1,0,,,,0.8437,0.0,0.0,0.0,5.26
5,8,1,0,,,,0.34388334,0.0,0.0,0.0,14.79
5,9,1,0,,,,0.32866666,0.0,0.0,0.0,29.15
5,10,1,0,,,,0.31846666,0.0,0.0,0.0,55.34
5,11,1,0,,,,1.0201334,0.0,0.0,0.0,90.68
5,12,1,0,,,,0.30733332,0.0,0.0,0.0,106.93
5,13,1,0,,,,1.1462667,0.0,0.0,0.0,50.13
5,14,1,0,,,,1.2438667,0.0,0.0,0.0,68.85
5,15,1,0,,,,1.2699333,0.0,0.0,0.0,63.79
5,16,1,0,,,,1.14975,0.0,0.0,0.0,54.97
5,17,1,0,,,,1.4865,0.0,0.0,0.0,50.15
5,18,1,0,,,,1.8454666,0.0,0.0,0.0,29.04
5,19,1,0,,,,2.2648666,0.0,0.0,0.0,23.81
5,20,1,0,,,,1.5994,0.0,0.0,0.0,0.0
5,21,1,0,,,,1.1733167,0.0,0.0,0.0,0.0
5,22,1,0,,,,0.57046664,0.0,0.0,0.0,0.0
5,23,1,0,,,,0.90605,0.0,0.0,0.0,0.0
5,24,1,0,,,,0.325825,0.0,0.0,0.0,0.0
5,1,2,0,,,,0.3208,0.0,0.0,0.0,0.0
5,2,2,0,,,,0.34641665,0.0,0.0,0.0,0.0
5,3,2,0,,,,0.35393333,0.0,0.0,0.0,0.0
5,4,2,0,,,,0.34156665,0.0,0.0,0.0,0.0
5,5,2,0,,,,0.35441667,0.0,0.0,0.0,0.0
5,6,2,0,,,,1.0606333,0.0,0.0,0.0,0.0
5,7,2,0,,,,1.2081333,0.0,0.0,0.0,8.81
5,8,2,0,,,,0.35801667,0.0,0.0,0.0,23.8
5,9,2,0,,,,1.2162666,0.0,0.0,0.0,69.33
5,10,2,0,,,,1.23975,0.0,0.0,0.0,347.18
5,11,2,0,,,,1.27605,0.0,0.0,0.0,208.88
5,12,2,0,,,,0.39463332,0.0,0.0,0.0,678.8
5,13,2,0,,,,1.0354,0.0,0.0,0.0,858.65
5,14,2,0,,,,0.3037,0.0,0.0,0.0,807.12
5,15,2,0,,,,0.9963167,0.0,0.0,0.0,669.32
5,16,2,0,,,,1.46355,0.0,0.0,0.0,403.2
5,17,2,0,,,,1.1621,0.0,0.0,0.0,231.07
5,18,2,0,,,,1.42955,0.0,0.0,0.0,155.38
5,19,2,0,,,,0.8645167,0.0,0.0,0.0,31.72
5,20,2,0,,,,0.59206665,0.0,0.0,0.0,0.0
5,21,2,0,,,,1.7793167,0.0,0.0,0.0,0.0
5,22,2,0,,,,0.37905,0.0,0.0,0.0,0.0
5,23,2,0,,,,0.92536664,0.0,0.0,0.0,0.0
5,24,2,0,,,,0.288625,0.0,0.0,0.0,0.0
5,1,3,0,,,,0.29128334,0.0,0.0,0.0,0.0
5,2,3,0,,,,0.26343334,0.0,0.0,0.0,0.0
5,3,3,0,,,,0.28953335,0.0,0.0,0.0,0.0
5,4,3,0,,,,0.26125,0.0,0.0,0.0,0.0
5,5,3,0,,,,0.3352,0.0,0.0,0.0,0.0
5,6,3,0,,,,0.67151666,0.0,0.0,0.0,1.32
5,7,3,0,,,,0.24605,0.0,0.0,0.0,77.38
5,8,3,0,,,,0.25188333,0.0,0.0,0.0,273.11
5,9,3,0,,,,0.22241667,0.0,0.0,0.0,487.09
5,10,3,0,,,,0.20218334,0.0,0.0,0.0,638.27
5,11,3,0,,,,1.046,0.0,0.0,0.0,753.5
5,12,3,0,,,,0.16871667,0.0,0.0,0.0,773.6
5,13,3,0,,,,1.3125,0.0,0.0,0.0,357.39
5,14,3,0,,,,0.14956667,0.0,0.0,0.0,95.51
5,15,3,0,,,,1.2027,0.0,0.0,0.0,700.64
5,16,3,0,,,,1.2661667,0.0,0.0,0.0,474.4
5,17,3,0,,,,1.13825,0.0,0.0,0.0,236.6
5,18,3,0,,,,1.0687166,0.0,0.0,0.0,17.72
5,19,3,0,,,,1.6753,0.0,0.0,0.0,29.71
5,20,3,0,,,,0.87403333,0.0,0.0,0.0,0.0
5,21,3,0,,,,1.4732,0.0,0.0,0.0,0.0
5,22,3,0,,,,0.49866667,0.0,0.0,0.0,0.0
5,23,3,0,,,,0.28956667,0.0,0.0,0.0,0.0
5,24,3,0,,,,0.29575834,0.0,0.0,0.0,0.0
5,1,4,0,,,,0.26445,0.0,0.0,0.0,0.0
5,2,4,0,,,,0.24801667,0.0,0.0,0.0,0.0
5,3,4,0,,,,0.24613333,0.0,0.0,0.0,0.0
5,4,4,0,,,,0.2428,0.0,0.0,0.0,0.0
5,5,4,0,,,,0.56703335,0.0,0.0,0.0,0.0
5,6,4,0,,,,0.79165,0.0,0.0,0.0,0.0
5,7,4,0,,,,0.25643334,0.0,0.0,0.0,5.72
5,8,4,0,,,,0.24816667,0.0,0.0,0.0,189.18
5,9,4,0,,,,0.23361667,0.0,0.0,0.0,326.75
5,10,4,0,,,,0.21681666,0.0,0.0,0.0,123.92
5,11,4,0,,,,0.14976667,0.0,0.0,0.0,255.0
5,12,4,0,,,,0.16551666,0.0,0.0,0.0,550.54
5,13,4,0,,,,0.16311666,0.0,0.0,0.0,123.52
5,14,4,0,,,,0.15663333,0.0,0.0,0.0,257.4
5,15,4,0,,,,0.18096666,0.0,0.0,0.0,455.87
5,16,4,0,,,,0.18493333,0.0,0.0,0.0,510.6
5,17,4,0,,,,0.35755,0.0,0.0,0.0,327.89
5,18,4,0,,,,0.8789833,0.0,0.0,0.0,155.33
5,19,4,0,,,,3.7860832,0.0,0.0,0.0,25.17
5,20,4,0,,,,2.5178168,0.0,0.0,0.0,0.0
5,21,4,0,,,,0.49015,0.0,0.0,0.0,0.0
5,22,4,0,,,,0.80523336,0.0,0.0,0.0,0.0
5,23,4,0,,,,0.43761668,0.0,0.0,0.0,0.0
5,24,4,0,,,,0.260225,0.0,0.0,0.0,0.0
5,1,5,0,,,,0.2583,0.0,0.0,0.0,0.0
5,2,5,0,,,,0.3061,0.0,0.0,0.0,0.0
5,3,5,0,,,,0.26831666,0.0,0.0,0.0,0.0
5,4,5,0,,,,0.2859,0.0,0.0,0.0,0.0
5,5,5,0,,,,0.39118335,0.0,0.0,0.0,0.0
5,6,5,0,,,,0.59178334,0.0,0.0,0.0,0.0
5,7,5,0,,,,0.24953334,0.0,0.0,0.0,43.32
5,8,5,0,,,,0.22603333,0.0,0.0,0.0,161.28
5,9,5,0,,,,0.22586666,0.0,0.0,0.0,452.88
5,10,5,0,,,,0.2042,0.0,0.0,0.0,403.67
5,11,5,0,,,,0.8344167,0.0,0.0,0.0,494.86
5,12,5,0,,,,0.17525,0.0,0.0,0.0,606.92
5,13,5,0,,,,0.90056664,0.0,0.0,0.0,774.57
5,14,5,0,,,,1.0211,0.0,0.0,0.0,519.66
5,15,5,0,,,,0.18256667,0.0,0.0,0.0,355.41
5,16,5,0,,,,0.9396333,0.0,0.0,0.0,365.91
5,17,5,0,,,,0.49543333,0.0,0.0,0.0,208.7
5,18,5,0,,,,0.34511667,0.0,0.0,0.0,99.21
5,19,5,0,,,,0.64953333,0.0,0.0,0.0,7.69
5,20,5,0,,,,0.428,0.0,0.0,0.0,0.0
5,21,5,0,,,,0.36016667,0.0,0.0,0.0,0.0
5,22,5,0,,,,0.34106666,0.0,0.0,0.0,0.0
5,23,5,0,,,,0.2973,0.0,0.0,0.0,0.0
5,24,5,0,,,,0.290075,0.0,0.0,0.0,0.0
5,1,6,0,,,,0.29225,0.0,0.0,0.0,0.0
5,2,6,0,,,,0.28596666,0.0,0.0,0.0,0.0
5,3,6,0,,,,0.2897,0.0,0.0,0.0,0.0
5,4,6,0,,,,0.29911667,0.0,0.0,0.0,0.0
5,5,6,0,,,,0.62745,0.0,0.0,0.0,0.0
5,6,6,0,,,,0.28563333,0.0,0.0,0.0,14.89
5,7,6,0,,,,0.37251666,0.0,0.0,0.0,5.58
5,8,6,0,,,,0.8606167,0.0,0.0,0.0,18.87
5,9,6,0,,,,0.9195667,0.0,0.0,0.0,127.92
5,10,6,0,,,,0.9224333,0.0,0.0,0.0,100.1
5,11,6,0,,,,0.7363667,0.0,0.0,0.0,164.01
5,12,6,0,,,,1.1086833,0.0,0.0,0.0,117.81
5,13,6,0,,,,0.6189333,0.0,0.0,0.0,209.18
5,14,6,0,,,,0.35518333,0.0,0.0,0.0,55.07
5,15,6,0,,,,0.41308334,0.0,0.0,0.0,43.67
5,16,6,0,,,,0.45411667,0.0,0.0,0.0,60.71
5,17,6,0,,,,0.4288,0.0,0.0,0.0,133.54
5,18,6,0,,,,0.49075,0.0,0.0,0.0,29.59
5,19,6,0,,,,0.50478333,0.0,0.0,0.0,33.85
5,20,6,0,,,,0.46521667,0.0,0.0,0.0,0.0
5,21,6,0,,,,0.88953334,0.0,0.0,0.0,0.0
5,22,6,0,,,,0.79143333,0.0,0.0,0.0,0.0
5,23,6,0,,,,0.41833332,0.0,0.0,0.0,0.0
5,24,6,0,,,,0.33911666,0.0,0.0,0.0,0.0
5,1,7,0,,,,0.3137,0.0,0.0,0.0,0.0
5,2,7,0,,,,0.30163333,0.0,0.0,0.0,0.0
5,3,7,0,,,,0.29866666,0.0,0.0,0.0,0.0
5,4,7,0,,,,0.30758333,0.0,0.0,0.0,0.0
5,5,7,0,,,,0.30595,0.0,0.0,0.0,0.0
5,6,7,0,,,,0.28786665,0.0,0.0,0.0,0.0
5,7,7,0,,,,0.27966666,0.0,0.0,0.0,23.14
5,8,7,0,,,,3.1162834,0.0,0.0,0.0,150.5
5,9,7,0,,,,1.4279,0.0,0.0,0.0,290.96
5,10,7,0,,,,0.75755,0.0,0.0,0.0,300.74
5,11,7,0,,,,0.6379333,0.0,0.0,0.0,183.25
5,12,7,0,,,,0.8178667,0.0,0.0,0.0,264.42
5,13,7,0,,,,0.84049165,0.0,0.0,0.0,487.87
5,14,7,0,,,,1.4030167,0.0,0.0,0.0,638.37
5,15,7,0,,,,0.6093,0.0,0.0,0.0,53.98
5,16,7,0,,,,0.38645,0.0,0.0,0.0,122.5
5,17,7,0,,,,0.54518336,0.0,0.0,0.0,116.59
5,18,7,0,,,,0.72863334,0.0,0.0,0.0,15.96
5,19,7,0,,,,0.7625333,0.0,0.0,0.0,37.89
5,20,7,0,,,,0.80595,0.0,0.0,0.0,0.0
5,21,7,0,,,,0.7615167,0.0,0.0,0.0,0.0
5,22,7,0,,,,0.35676667,0.0,0.0,0.0,0.0
5,23,7,0,,,,0.31356665,0.0,0.0,0.0,0.0
5,24,7,0,,,,0.31220832,0.0,0.0,0.0,0.0
5,1,1,0,,,,0.30101666,0.0,0.0,0.0,0.0
5,2,1,0,,,,0.29761666,0.0,0.0,0.0,0.0
5,3,1,0,,,,0.26886666,0.0,0.0,0.0,0.0
5,4,1,0,,,,0.30496666,0.0,0.0,0.0,0.0
5,5,1,0,,,,2.4032667,0.0,0.0,0.0,0.0
5,6,1,0,,,,1.4007666,0.0,0.0,0.0,0.0
5,7,1,0,,,,0.21536666,0.0,0.0,0.0,6.34
5,8,1,0,,,,0.23583333,0.0,0.0,0.0,78.7
5,9,1,0,,,,0.2242,0.0,0.0,0.0,67.47
5,10,1,0,,,,0.19340834,0.0,0.0,0.0,95.75
5,11,1,0,,,,0.19386667,0.0,0.0,0.0,135.55
5,12,1,0,,,,0.18145,0.0,0.0,0.0,136.02
5,13,1,0,,,,0.19205,0.0,0.0,0.0,90.22
5,14,1,0,,,,0.19241667,0.0,0.0,0.0,104.55
5,15,1,0,,,,0.19696666,0.0,0.0,0.0,79.64
5,16,1,0,,,,0.4203,0.0,0.0,0.0,61.39
5,17,1,0,,,,0.8013667,0.0,0.0,0.0,40.53
5,18,1,0,,,,0.73263335,0.0,0.0,0.0,37.53
5,19,1,0,,,,2.5527458,0.0,0.0,0.0,22.83
5,20,1,0,,,,0.96655,0.0,0.0,0.0,0.0
5,21,1,0,,,,0.52445,0.0,0.0,0.0,0.0
5,22,1,0,,,,0.34233335,0.0,0.0,0.0,0.0
5,23,1,0,,,,0.47936666,0.0,0.0,0.0,0.0
5,24,1,0,,,,0.339425,0.0,0.0,0.0,0.0
5,1,2,0,,,,0.3244,0.0,0.0,0.0,0.0
5,2,2,0,,,,0.343,0.0,0.0,0.0,0.0
5,3,2,0,,,,0.32755,0.0,0.0,0.0,0.0
5,4,2,0,,,,0.3195,0.0,0.0,0.0,0.0
5,5,2,0,,,,0.41376665,0.0,0.0,0.0,0.0
5,6,2,0,,,,0.99478334,0.0,0.0,0.0,0.0
5,7,2,0,,,,0.25263333,0.0,0.0,0.0,6.36
5,8,2,0,,,,0.23038334,0.0,0.0,0.0,17.99
5,9,2,0,,,,0.23115,0.0,0.0,0.0,67.68
5,10,2,0,,,,0.19285,0.0,0.0,0.0,107.36
5,11,2,0,,,,0.20405,0.0,0.0,0.0,163.04
5,12,2,0,,,,0.20606667,0.0,0.0,0.0,143.55
5,13,2,0,,,,0.20081666,0.0,0.0,0.0,103.37
5,14,2,0,,,,0.22921667,0.0,0.0,0.0,107.82
5,15,2,0,,,,0.22235,0.0,0.0,0.0,77.62
5,16,2,0,,,,0.22781667,0.0,0.0,0.0,72.12
5,17,2,0,,,,0.6160333,0.0,0.0,0.0,41.35
5,18,2,0,,,,0.8085167,0.0,0.0,0.0,36.87
5,19,2,0,,,,0.99911666,0.0,0.0,0.0,27.35
5,20,2,0,,,,0.7668833,0.0,0.0,0.0,0.0
5,21,2,0,,,,0.88553333,0.0,0.0,0.0,0.0
5,22,2,0,,,,0.5052,0.0,0.0,0.0,0.0
5,23,2,0,,,,0.31106666,0.0,0.0,0.0,0.0
5,24,2,0,,,,0.311025,0.0,0.0,0.0,0.0
5,1,3,0,,,,0.27803335,0.0,0.0,0.0,0.0
5,2,3,0,,,,0.2765,0.0,0.0,0.0,0.0
5,3,3,0,,,,0.28893334,0.0,0.0,0.0,0.0
5,4,3,0,,,,0.21448334,0.0,0.0,0.0,0.0
5,5,3,0,,,,0.28595,0.0,0.0,0.0,0.0
5,6,3,0,,,,0.31508332,0.0,0.0,0.0,0.0
5,7,3,0,,,,0.23913333,0.0,0.0,0.0,93.02
5,8,3,0,,,,1.5815166,0.0,0.0,0.0,283.84
5,9,3,0,,,,1.2783667,0.0,0.0,0.0,483.32
5,10,3,0,,,,0.9711,0.0,0.0,0.0,642.27
5,11,3,0,,,,1.0286334,0.0,0.0,0.0,694.36
5,12,3,0,,,,1.2595667,0.0,0.0,0.0,299.5
5,13,3,0,,,,1.2287333,0.0,0.0,0.0,342.95
5,14,3,0,,,,1.7398334,0.0,0.0,0.0,343.73
5,15,3,0,,,,1.7902833,0.0,0.0,0.0,137.66
5,16,3,0,,,,0.84365,0.0,0.0,0.0,185.44
5,17,3,0,,,,0.8545667,0.0,0.0,0.0,133.9
5,18,3,0,,,,0.8166,0.0,0.0,0.0,47.73
5,19,3,0,,,,1.0044333,0.0,0.0,0.0,24.34
5,20,3,0,,,,0.86256665,0.0,0.0,0.0,0.0
5,21,3,0,,,,0.7891667,0.0,0.0,0.0,0.0
5,22,3,0,,,,0.48081666,0.0,0.0,0.0,0.0
5,23,3,0,,,,0.29235,0.0,0.0,0.0,0.0
5,24,3,0,,,,0.591375,0.0,0.0,0.0,0.0
5,1,4,0,,,,0.9342833,0.0,0.0,0.0,0.0
5,2,4,0,,,,1.0027167,0.0,0.0,0.0,0.0
5,3,4,0,,,,0.76961666,0.0,0.0,0.0,0.0
5,4,4,0,,,,0.9486167,0.0,0.0,0.0,0.0
5,5,4,0,,,,0.75225,0.0,0.0,0.0,0.0
5,6,4,0,,,,0.91625,0.0,0.0,0.0,1.74
5,7,4,0,,,,0.33,0.0,0.0,0.0,43.5
5,8,4,0,,,,0.26038334,0.0,0.0,0.0,240.11
5,9,4,0,,,,0.20941667,0.0,0.0,0.0,469.37
5,10,4,0,,,,0.24638334,0.0,0.0,0.0,612.91
5,11,4,0,,,,0.3193,0.0,0.0,0.0,541.82
5,12,4,0,,,,0.23771666,0.0,0.0,0.0,389.34
5,13,4,0,,,,0.21863334,0.0,0.0,0.0,275.55
5,14,4,0,,,,0.23868333,0.0,0.0,0.0,74.33
5,15,4,0,,,,0.21215,0.0,0.0,0.0,565.39
5,16,4,0,,,,0.319,0.0,0.0,0.0,429.88
5,17,4,0,,,,0.47101668,0.0,0.0,0.0,295.44
5,18,4,0,,,,0.59258336,0.0,0.0,0.0,152.96
5,19,4,0,,,,0.29791668,0.0,0.0,0.0,42.25
5,20,4,0,,,,0.3626,0.0,0.0,0.0,0.0
5,21,4,0,,,,0.72401667,0.0,0.0,0.0,0.0
5,22,4,0,,,,0.30691665,0.0,0.0,0.0,0.0
5,23,4,0,,,,0.31415,0.0,0.0,0.0,0.0
5,24,4,0,,,,0.30255833,0.0,0.0,0.0,0.0
5,1,5,0,,,,0.29661667,0.0,0.0,0.0,0.0
5,2,5,0,,,,0.27816668,0.0,0.0,0.0,0.0
5,3,5,0,,,,0.26415,0.0,0.0,0.0,0.0
5,4,5,0,,,,0.26646668,0.0,0.0,0.0,0.0
5,5,5,0,,,,0.67335,0.0,0.0,0.0,0.0
5,6,5,0,,,,0.3994,0.0,0.0,0.0,3.62
5,7,5,0,,,,0.21898334,0.0,0.0,0.0,87.53
5,8,5,0,,,,0.2885,0.0,0.0,0.0,212.9
5,9,5,0,,,,0.92333335,0.0,0.0,0.0,472.59
5,10,5,0,,,,0.657,0.0,0.0,0.0,617.94
5,11,5,0,,,,0.31601667,0.0,0.0,0.0,676.39
5,12,5,0,,,,0.51233333,0.0,0.0,0.0,495.09
5,13,5,0,,,,0.22283334,0.0,0.0,0.0,392.98
5,14,5,0,,,,0.20645,0.0,0.0,0.0,539.92
5,15,5,0,,,,0.16246666,0.0,0.0,0.0,544.25
5,16,5,0,,,,1.4489833,0.0,0.0,0.0,295.79
5,17,5,0,,,,0.88185,0.0,0.0,0.0,344.78
5,18,5,0,,,,0.32363334,0.0,0.0,0.0,165.75
5,19,5,0,,,,0.23981667,0.0,0.0,0.0,36.73
5,20,5,0,,,,0.25416666,0.0,0.0,0.0,0.0
5,21,5,0,,,,0.2761,0.0,0.0,0.0,0.0
5,22,5,0,,,,0.46426666,0.0,0.0,0.0,0.0
5,23,5,0,,,,0.5068833,0.0,0.0,0.0,0.0
5,24,5,0,,,,0.47096667,0.0,0.0,0.0,0.0
5,1,6,0,,,,0.33438334,0.0,0.0,0.0,0.0
5,2,6,0,,,,0.32056665,0.0,0.0,0.0,0.0
5,3,6,0,,,,0.31841666,0.0,0.0,0.0,0.0
5,4,6,0,,,,0.30355,0.0,0.0,0.0,0.0
5,5,6,0,,,,0.32176667,0.0,0.0,0.0,0.0
5,6,6,0,,,,0.2684,0.0,0.0,0.0,0.18
5,7,6,0,,,,0.28655,0.0,0.0,0.0,92.28
5,8,6,0,,,,0.2579,0.0,0.0,0.0,264.42
5,9,6,0,,,,1.9334,0.0,0.0,0.0,416.17
5,10,6,0,,,,0.7661833,0.0,0.0,0.0,564.61
5,11,6,0,,,,0.4687,0.0,0.0,0.0,664.75
5,12,6,0,,,,0.31618333,0.0,0.0,0.0,471.08
5,13,6,0,,,,0.3133,0.0,0.0,0.0,652.31
5,14,6,0,,,,0.34331667,0.0,0.0,0.0,323.02
5,15,6,0,,,,0.41313332,0.0,0.0,0.0,485.83
5,16,6,0,,,,0.37491667,0.0,0.0,0.0,329.28
5,17,6,0,,,,0.50815,0.0,0.0,0.0,214.66
5,18,6,0,,,,0.54045,0.0,0.0,0.0,77.38
5,19,6,0,,,,0.63448334,0.0,0.0,0.0,5.39
5,20,6,0,,,,0.62186664,0.0,0.0,0.0,0.0
5,21,6,0,,,,0.64246666,0.0,0.0,0.0,0.0
5,22,6,0,,,,0.8129333,0.0,0.0,0.0,0.0
5,23,6,0,,,,0.7567667,0.0,0.0,0.0,0.0
5,24,6,0,,,,0.46178332,0.0,0.0,0.0,0.0
5,1,7,0,,,,0.32516667,0.0,0.0,0.0,0.0
5,2,7,0,,,,0.32211667,0.0,0.0,0.0,0.0
5,3,7,0,,,,0.31916666,0.0,0.0,0.0,0.0
5,4,7,0,,,,0.31471667,0.0,0.0,0.0,0.0
5,5,7,0,,,,0.32145,0.0,0.0,0.0,0.0
5,6,7,0,,,,0.2933,0.0,0.0,0.0,0.51
5,7,7,0,,,,0.31355,0.0,0.0,0.0,7.3
5,8,7,0,,,,0.61583334,0.0,0.0,0.0,37.84
5,9,7,0,,,,0.81135833,0.0,0.0,0.0,162.29
5,10,7,0,,,,1.0391166,0.0,0.0,0.0,401.91
5,11,7,0,,,,0.5103833,0.0,0.0,0.0,556.47
5,12,7,0,,,,0.7147667,0.0,0.0,0.0,790.03
5,13,7,0,,,,0.5994667,0.0,0.0,0.0,704.15
5,14,7,0,,,,0.43813333,0.0,0.0,0.0,474.46
5,15,7,0,,,,0.3467,0.0,0.0,0.0,340.23
5,16,7,0,,,,0.4673,0.0,0.0,0.0,237.46
5,17,7,0,,,,0.6484,0.0,0.0,0.0,366.75
5,18,7,0,,,,0.64305,0.0,0.0,0.0,101.29
5,19,7,0,,,,0.67863333,0.0,0.0,0.0,39.57
5,20,7,0,,,,2.5327833,0.0,0.0,0.0,0.0
5,21,7,0,,,,0.9375333,0.0,0.0,0.0,0.0
5,22,7,0,,,,0.5818667,0.0,0.0,0.0,0.0
5,23,7,0,,,,0.4364,0.0,0.0,0.0,0.0
5,24,7,0,,,,0.4131,0.0,0.0,0.0,0.0
5,1,1,0,,,,0.41641667,0.0,0.0,0.0,0.0
5,2,1,0,,,,0.40425,0.0,0.0,0.0,0.0
5,3,1,0,,,,0.40668333,0.0,0.0,0.0,0.0
5,4,1,0,,,,0.39925,0.0,0.0,0.0,0.0
5,5,1,0,,,,0.54445,0.0,0.0,0.0,0.0
5,6,1,0,,,,1.07205,0.0,0.0,0.0,0.17
5,7,1,0,,,,0.36828333,0.0,0.0,0.0,60.97
5,8,1,0,,,,0.39426666,0.0,0.0,0.0,114.59
5,9,1,0,,,,0.36265,0.0,0.0,0.0,288.78
5,10,1,0,,,,0.32571667,0.0,0.0,0.0,579.76
5,11,1,0,,,,0.29323334,0.0,0.0,0.0,541.52
5,12,1,0,,,,0.33136666,0.0,0.0,0.0,583.22
5,13,1,0,,,,0.34433332,0.0,0.0,0.0,643.37
5,14,1,0,,,,0.30498335,0.0,0.0,0.0,506.28
5,15,1,0,,,,0.31641668,0.0,0.0,0.0,209.97
5,16,1,0,,,,0.31603333,0.0,0.0,0.0,65.63
5,17,1,0,,,,1.46925,0.0,0.0,0.0,211.68
5,18,1,0,,,,1.5821834,0.0,0.0,0.0,156.93
5,19,1,0,,,,1.3749833,0.0,0.0,0.0,44.0
5,20,1,0,,,,2.5404,0.0,0.0,0.0,0.0
5,21,1,0,,,,0.8589333,0.0,0.0,0.0,0.0
5,22,1,0,,,,0.44978333,0.0,0.0,0.0,0.0
5,23,1,0,,,,0.40228334,0.0,0.0,0.0,0.0
5,24,1,0,,,,0.40883332,0.0,0.0,0.0,0.0
5,1,2,0,,,,0.39788333,0.0,0.0,0.0,0.0
5,2,2,0,,,,0.35686666,0.0,0.0,0.0,0.0
5,3,2,0,,,,0.38528332,0.0,0.0,0.0,0.0
5,4,2,0,,,,0.36246666,0.0,0.0,0.0,0.0
5,5,2,0,,,,1.4916834,0.0,0.0,0.0,0.0
5,6,2,0,,,,1.00765,0.0,0.0,0.0,14.18
5,7,2,0,,,,1.3175833,0.0,0.0,0.0,32.87
5,8,2,0,,,,0.8774667,0.0,0.0,0.0,163.26
5,9,2,0,,,,0.4722,0.0,0.0,0.0,109.8
5,10,2,0,,,,1.1111166,0.0,0.0,0.0,382.5
5,11,2,0,,,,0.32123333,0.0,0.0,0.0,610.85
5,12,2,0,,,,0.28245834,0.0,0.0,0.0,450.24
5,13,2,0,,,,0.43833333,0.0,0.0,0.0,670.81
5,14,2,0,,,,0.64423335,0.0,0.0,0.0,506.68
5,15,2,0,,,,0.31350833,0.0,0.0,0.0,401.53
5,16,2,0,,,,0.35025,0.0,0.0,0.0,239.49
5,17,2,0,,,,1.6908,0.0,0.0,0.0,185.01
5,18,2,0,,,,1.5247166,0.0,0.0,0.0,100.48
5,19,2,0,,,,1.24235,0.0,0.0,0.0,41.49
5,20,2,0,,,,2.85015,0.0,0.0,0.0,0.0
5,21,2,0,,,,0.909225,0.0,0.0,0.0,0.0
5,22,2,0,,,,0.40761667,0.0,0.0,0.0,0.0
5,23,2,0,,,,0.40978333,0.0,0.0,0.0,0.0
5,24,2,0,,,,0.336125,0.0,0.0,0.0,0.0
5,1,3,0,,,,0.3916,0.0,0.0,0.0,0.0
5,2,3,0,,,,0.38845,0.0,0.0,0.0,0.0
5,3,3,0,,,,0.39248332,0.0,0.0,0.0,0.0
5,4,3,0,,,,0.34175,0.0,0.0,0.0,0.0
5,5,3,0,,,,0.5269667,0.0,0.0,0.0,0.0
5,6,3,0,,,,1.0005083,0.0,0.0,0.0,4.42
5,7,3,0,,,,0.39163333,0.0,0.0,0.0,97.81
5,8,3,0,,,,0.31286666,0.0,0.0,0.0,33.98
5,9,3,0,,,,0.338775,0.0,0.0,0.0,270.18
5,10,3,0,,,,0.29936665,0.0,0.0,0.0,617.08
5,11,3,0,,,,0.35483333,0.0,0.0,0.0,652.77
5,12,3,0,,,,0.299375,0.0,0.0,0.0,773.43
5,13,3,0,,,,0.33325,0.0,0.0,0.0,764.08
5,14,3,0,,,,0.33848333,0.0,0.0,0.0,478.25
5,15,3,0,,,,0.30696666,0.0,0.0,0.0,456.29
5,16,3,0,,,,1.4075333,0.0,0.0,0.0,325.95
5,17,3,0,,,,1.5682666,0.0,0.0,0.0,298.36
5,18,3,0,,,,1.7646458,0.0,0.0,0.0,154.02
5,19,3,0,,,,1.6874,0.0,0.0,0.0,46.0
5,20,3,0,,,,2.91555,0.0,0.0,0.0,0.12
5,21,3,0,,,,0.81376666,0.0,0.0,0.0,0.0
5,22,3,0,,,,0.37313333,0.0,0.0,0.0,0.0
5,23,3,0,,,,0.3487,0.0,0.0,0.0,0.0
5,24,3,0,,,,0.36745,0.0,0.0,0.0,0.0
5,1,4,0,,,,0.34291667,0.0,0.0,0.0,0.0
5,2,4,0,,,,0.35781667,0.0,0.0,0.0,0.0
5,3,4,0,,,,1.3108,0.0,0.0,0.0,0.0
5,4,4,0,,,,0.9230667,0.0,0.0,0.0,0.0
5,5,4,0,,,,1.1505333,0.0,0.0,0.0,0.0
5,6,4,0,,,,0.58716667,0.0,0.0,0.0,0.49
5,7,4,0,,,,0.31025,0.0,0.0,0.0,98.23
5,8,4,0,,,,0.3221,0.0,0.0,0.0,217.68
5,9,4,0,,,,0.31938332,0.0,0.0,0.0,415.35
5,10,4,0,,,,0.3998,0.0,0.0,0.0,506.83
5,11,4,0,,,,0.34473333,0.0,0.0,0.0,643.8
5,12,4,0,,,,0.29253334,0.0,0.0,0.0,789.11
5,13,4,0,,,,0.33458334,0.0,0.0,0.0,820.94
5,14,4,0,,,,0.30456668,0.0,0.0,0.0,698.47
5,15,4,0,,,,0.31416667,0.0,0.0,0.0,637.38
5,16,4,0,,,,0.34593335,0.0,0.0,0.0,465.56
5,17,4,0,,,,0.93268335,0.0,0.0,0.0,325.83
5,18,4,0,,,,0.78393334,0.0,0.0,0.0,150.9
5,19,4,0,,,,0.73578334,0.0,0.0,0.0,46.12
5,20,4,0,,,,1.1784166,0.0,0.0,0.0,0.0
5,21,4,0,,,,0.7953333,0.0,0.0,0.0,0.0
5,22,4,0,,,,0.70626664,0.0,0.0,0.0,0.0
5,23,4,0,,,,0.38653332,0.0,0.0,0.0,0.0
5,24,4,0,,,,0.37486666,0.0,0.0,0.0,0.0
5,1,5,0,,,,0.3487,0.0,0.0,0.0,0.0
5,2,5,0,,,,0.36348334,0.0,0.0,0.0,0.0
5,3,5,0,,,,0.36773333,0.0,0.0,0.0,0.0
5,4,5,0,,,,0.36473334,0.0,0.0,0.0,0.0
5,5,5,0,,,,0.57955,0.0,0.0,0.0,0.0
5,6,5,0,,,,0.91065,0.0,0.0,0.0,25.89
5,7,5,0,,,,0.34248334,0.0,0.0,0.0,91.6
5,8,5,0,,,,0.3358,0.0,0.0,0.0,294.89
5,9,5,0,,,,0.29945,0.0,0.0,0.0,481.11
5,10,5,0,,,,0.30088332,0.0,0.0,0.0,640.21
5,11,5,0,,,,0.31383333,0.0,0.0,0.0,749.52
5,12,5,0,,,,0.29115,0.0,0.0,0.0,802.91
5,13,5,0,,,,0.29918334,0.0,0.0,0.0,824.62
5,14,5,0,,,,0.28251666,0.0,0.0,0.0,763.1
5,15,5,0,,,,0.29736668,0.0,0.0,0.0,693.75
5,16,5,0,,,,0.40116668,0.0,0.0,0.0,553.23
5,17,5,0,,,,0.54185,0.0,0.0,0.0,377.72
5,18,5,0,,,,0.49613333,0.0,0.0,0.0,170.77
5,19,5,0,,,,0.41988334,0.0,0.0,0.0,42.81
5,20,5,0,,,,0.8579,0.0,0.0,0.0,2.42
5,21,5,0,,,,1.9941,0.0,0.0,0.0,0.0
5,22,5,0,,,,0.44906667,0.0,0.0,0.0,0.0
5,23,5,0,,,,0.38321668,0.0,0.0,0.0,0.0
5,24,5,0,,,,0.42873332,0.0,0.0,0.0,0.0
5,1,6,0,,,,0.42615,0.0,0.0,0.0,0.0
5,2,6,0,,,,0.63125,0.0,0.0,0.0,0.0
5,3,6,0,,,,0.6942,0.0,0.0,0.0,0.0
5,4,6,0,,,,0.69603336,0.0,0.0,0.0,0.0
5,5,6,0,,,,0.3738,0.0,0.0,0.0,0.0
5,6,6,0,,,,0.73983335,0.0,0.0,0.0,24.35
5,7,6,0,,,,0.43305,0.0,0.0,0.0,91.79
5,8,6,0,,,,1.2341833,0.0,0.0,0.0,290.3
5,9,6,0,,,,0.53713334,0.0,0.0,0.0,474.04
5,10,6,0,,,,0.6160667,0.0,0.0,0.0,627.77
5,11,6,0,,,,0.99448335,0.0,0.0,0.0,738.19
5,12,6,0,,,,1.9148333,0.0,0.0,0.0,798.02
5,13,6,0,,,,2.41295,0.0,0.0,0.0,799.86
5,14,6,0,,,,1.602725,0.0,0.0,0.0,764.4
5,15,6,0,,,,1.5074667,0.0,0.0,0.0,687.4
5,16,6,0,,,,1.8182666,0.0,0.0,0.0,547.75
5,17,6,0,,,,1.7603,0.0,0.0,0.0,367.92
5,18,6,0,,,,0.65903336,0.0,0.0,0.0,170.24
5,19,6,0,,,,1.4251167,0.0,0.0,0.0,46.62
5,20,6,0,,,,1.4601,0.0,0.0,0.0,6.27
5,21,6,0,,,,0.42748332,0.0,0.0,0.0,0.0
5,22,6,0,,,,0.3814,0.0,0.0,0.0,0.0
5,23,6,0,,,,0.51303333,0.0,0.0,0.0,0.0
5,24,6,0,,,,1.0309167,0.0,0.0,0.0,0.0
5,1,7,0,,,,0.6720333,0.0,0.0,0.0,0.0
5,2,7,0,,,,0.32395,0.0,0.0,0.0,0.0
5,3,7,0,,,,0.63853335,0.0,0.0,0.0,0.0
5,4,7,0,,,,0.32296667,0.0,0.0,0.0,0.0
5,5,7,0,,,,0.31223333,0.0,0.0,0.0,0.0
5,6,7,0,,,,0.6559167,0.0,0.0,0.0,0.83
5,7,7,0,,,,0.6962,0.0,0.0,0.0,66.12
5,8,7,0,,,,1.1514833,0.0,0.0,0.0,120.52
5,9,7,0,,,,0.6138833,0.0,0.0,0.0,48.26
5,10,7,0,,,,0.35901666,0.0,0.0,0.0,84.92
5,11,7,0,,,,0.55686665,0.0,0.0,0.0,236.49
5,12,7,0,,,,3.1536667,0.0,0.0,0.0,426.8
5,13,7,0,,,,1.6618167,0.0,0.0,0.0,421.37
5,14,7,0,,,,1.70035,0.0,0.0,0.0,206.0
5,15,7,0,,,,1.45625,0.0,0.0,0.0,247.7
5,16,7,0,,,,2.41405,0.0,0.0,0.0,314.85
5,17,7,0,,,,1.4348834,0.0,0.0,0.0,319.27
5,18,7,0,,,,0.37966666,0.0,0.0,0.0,168.96
5,19,7,0,,,,1.5924,0.0,0.0,0.0,31.49
5,20,7,0,,,,1.029,0.0,0.0,0.0,6.93
5,21,7,0,,,,1.4470834,0.0,0.0,0.0,0.0
5,22,7,0,,,,0.95856667,0.0,0.0,0.0,0.0
5,23,7,0,,,,0.39076668,0.0,0.0,0.0,0.0
5,24,7,0,,,,0.40370834,0.0,0.0,0.0,0.0
5,1,1,0,,,,0.7026,0.0,0.0,0.0,0.0
5,2,1,0,,,,0.39011666,0.0,0.0,0.0,0.0
5,3,1,0,,,,0.39803332,0.0,0.0,0.0,0.0
5,4,1,0,,,,0.38836667,0.0,0.0,0.0,0.0
5,5,1,0,,,,0.42271668,0.0,0.0,0.0,0.0
5,6,1,0,,,,1.0850166,0.0,0.0,0.0,26.03
5,7,1,0,,,,1.1346667,0.0,0.0,0.0,98.48
5,8,1,0,,,,0.44346666,0.0,0.0,0.0,286.94
5,9,1,0,,,,0.93651664,0.0,0.0,0.0,461.92
5,10,1,0,,,,0.97315,0.0,0.0,0.0,609.47
5,11,1,0,,,,1.14995,0.0,0.0,0.0,693.08
5,12,1,0,,,,1.18425,0.0,0.0,0.0,734.46
5,13,1,0,,,,1.20165,0.0,0.0,0.0,668.29
5,14,1,0,,,,1.3110666,0.0,0.0,0.0,659.32
5,15,1,0,,,,1.47725,0.0,0.0,0.0,174.89
5,16,1,0,,,,2.35745,0.0,0.0,0.0,241.14
5,17,1,0,,,,1.5364833,0.0,0.0,0.0,79.64
5,18,1,0,,,,1.41265,0.0,0.0,0.0,157.42
5,19,1,0,,,,1.4153334,0.0,0.0,0.0,50.61
5,20,1,0,,,,2.6191332,0.0,0.0,0.0,0.14
5,21,1,0,,,,0.7345333,0.0,0.0,0.0,0.0
5,22,1,0,,,,0.37571666,0.0,0.0,0.0,0.0
5,23,1,0,,,,0.5804833,0.0,0.0,0.0,0.0
5,24,1,0,,,,0.80449164,0.0,0.0,0.0,0.0
5,1,2,0,,,,0.37815,0.0,0.0,0.0,0.0
5,2,2,0,,,,0.40516666,0.0,0.0,0.0,0.0
5,3,2,0,,,,0.39495,0.0,0.0,0.0,0.0
5,4,2,0,,,,0.37876666,0.0,0.0,0.0,0.0
5,5,2,0,,,,0.48868334,0.0,0.0,0.0,0.0
5,6,2,0,,,,0.9447333,0.0,0.0,0.0,0.86
5,7,2,0,,,,0.49943334,0.0,0.0,0.0,98.23
5,8,2,0,,,,0.8376167,0.0,0.0,0.0,269.37
5,9,2,0,,,,0.41396666,0.0,0.0,0.0,446.38
5,10,2,0,,,,0.30046666,0.0,0.0,0.0,597.65
5,11,2,0,,,,0.28406668,0.0,0.0,0.0,679.14
5,12,2,0,,,,0.29173332,0.0,0.0,0.0,674.03
5,13,2,0,,,,0.29698333,0.0,0.0,0.0,361.68
5,14,2,0,,,,0.26671666,0.0,0.0,0.0,275.19
5,15,2,0,,,,0.30591667,0.0,0.0,0.0,562.53
5,16,2,0,,,,0.28325,0.0,0.0,0.0,490.95
5,17,2,0,,,,3.4566333,0.0,0.0,0.0,143.46
5,18,2,0,,,,3.7371166,0.0,0.0,0.0,11.71
5,19,2,0,,,,2.1695333,0.0,0.0,0.0,32.46
5,20,2,0,,,,1.9752166,0.0,0.0,0.0,8.49
5,21,2,0,,,,1.1125833,0.0,0.0,0.0,0.0
5,22,2,0,,,,1.0667833,0.0,0.0,0.0,0.0
5,23,2,0,,,,0.37496668,0.0,0.0,0.0,0.0
5,24,2,0,,,,0.36875,0.0,0.0,0.0,0.0
5,1,3,0,,,,0.37021667,0.0,0.0,0.0,0.0
5,2,3,0,,,,0.38513333,0.0,0.0,0.0,0.0
5,3,3,0,,,,0.37628335,0.0,0.0,0.0,0.0
5,4,3,0,,,,0.3688,0.0,0.0,0.0,0.0
5,5,3,0,,,,0.3449,0.0,0.0,0.0,0.0
5,6,3,0,,,,0.55621666,0.0,0.0,0.0,0.87
5,7,3,0,,,,0.38568333,0.0,0.0,0.0,97.84
5,8,3,0,,,,0.39363334,0.0,0.0,0.0,279.55
5,9,3,0,,,,0.37313333,0.0,0.0,0.0,279.45
5,10,3,0,,,,0.45571667,0.0,0.0,0.0,524.88
5,11,3,0,,,,0.41043332,0.0,0.0,0.0,491.32
5,12,3,0,,,,0.33078334,0.0,0.0,0.0,404.91
5,13,3,0,,,,0.30891666,0.0,0.0,0.0,499.77
5,14,3,0,,,,0.5177,0.0,0.0,0.0,556.32
5,15,3,0,,,,0.50598335,0.0,0.0,0.0,320.78
5,16,3,0,,,,0.51858336,0.0,0.0,0.0,340.32
5,17,3,0,,,,0.53583336,0.0,0.0,0.0,0.0
5,18,3,0,,,,0.76085,0.0,0.0,0.0,119.89
5,19,3,0,,,,1.8895833,0.0,0.0,0.0,54.19
5,20,3,0,,,,4.6475167,0.0,0.0,0.0,0.0
5,21,3,0,,,,0.7535833,0.0,0.0,0.0,0.0
5,22,3,0,,,,1.4137833,0.0,0.0,0.0,0.0
5,23,3,0,,,,0.86301666,0.0,0.0,0.0,0.0
5,24,3,0,,,,0.36128333,0.0,0.0,0.0,0.0
5,1,4,0,,,,0.3741,0.0,0.0,0.0,0.0
5,2,4,0,,,,0.35563335,0.0,0.0,0.0,0.0
5,3,4,0,,,,0.3451,0.0,0.0,0.0,0.0
5,4,4,0,,,,0.37535,0.0,0.0,0.0,0.0
5,5,4,0,,,,0.50025,0.0,0.0,0.0,0.0
5,6,4,0,,,,0.9167333,0.0,0.0,0.0,1.25
5,7,4,0,,,,0.34655,0.0,0.0,0.0,83.72
5,8,4,0,,,,0.33635,0.0,0.0,0.0,209.66
5,9,4,0,,,,0.32465,0.0,0.0,0.0,386.94
5,10,4,0,,,,0.29983333,0.0,0.0,0.0,319.41
5,11,4,0,,,,0.3066,0.0,0.0,0.0,411.72
5,12,4,0,,,,0.31878334,0.0,0.0,0.0,418.14
5,13,4,0,,,,0.29495,0.0,0.0,0.0,611.11
5,14,4,0,,,,0.31216666,0.0,0.0,0.0,348.78
5,15,4,0,,,,0.31801668,0.0,0.0,0.0,99.21
5,16,4,0,,,,0.33666667,0.0,0.0,0.0,320.46
5,17,4,0,,,,0.35555,0.0,0.0,0.0,64.89
5,18,4,0,,,,0.5991,0.0,0.0,0.0,66.27
5,19,4,0,,,,0.59753335,0.0,0.0,0.0,27.34
5,20,4,0,,,,0.8886833,0.0,0.0,0.0,0.0
5,21,4,0,,,,0.4576,0.0,0.0,0.0,0.0
5,22,4,0,,,,0.43014166,0.0,0.0,0.0,0.0
5,23,4,0,,,,0.35803333,0.0,0.0,0.0,0.0
5,24,4,0,,,,0.37976667,0.0,0.0,0.0,0.0
5,1,5,0,,,,0.36091667,0.0,0.0,0.0,0.0
5,2,5,0,,,,0.3653,0.0,0.0,0.0,0.0
5,3,5,0,,,,0.36548334,0.0,0.0,0.0,0.0
5,4,5,0,,,,0.34361666,0.0,0.0,0.0,0.0
5,5,5,0,,,,0.33615,0.0,0.0,0.0,0.0
5,6,5,0,,,,0.34015,0.0,0.0,0.0,5.5
5,7,5,0,,,,0.33463332,0.0,0.0,0.0,101.66
5,8,5,0,,,,0.5588167,0.0,0.0,0.0,295.54
5,9,5,0,,,,0.63025,0.0,0.0,0.0,487.21
5,10,5,0,,,,0.55366665,0.0,0.0,0.0,636.14
5,11,5,0,,,,0.6109,0.0,0.0,0.0,658.51
5,12,5,0,,,,0.40461665,0.0,0.0,0.0,665.76
5,13,5,0,,,,0.78031665,0.0,0.0,0.0,666.41
5,14,5,0,,,,1.0657667,0.0,0.0,0.0,612.37
5,15,5,0,,,,1.1168,0.0,0.0,0.0,592.08
5,16,5,0,,,,0.91653335,0.0,0.0,0.0,523.3
5,17,5,0,,,,0.80745,0.0,0.0,0.0,357.92
5,18,5,0,,,,3.1328,0.0,0.0,0.0,181.31
5,19,5,0,,,,1.41505,0.0,0.0,0.0,45.58
5,20,5,0,,,,1.2678666,0.0,0.0,0.0,10.29
5,21,5,0,,,,0.8782,0.0,0.0,0.0,0.0
5,22,5,0,,,,0.33728334,0.0,0.0,0.0,0.0
5,23,5,0,,,,0.35555,0.0,0.0,0.0,0.0
5,24,5,0,,,,0.36113334,0.0,0.0,0.0,0.0
5,1,6,0,,,,0.49171665,0.0,0.0,0.0,0.0
5,2,6,0,,,,0.38786668,0.0,0.0,0.0,0.0
5,3,6,0,,,,0.35525,0.0,0.0,0.0,0.0
5,4,6,0,,,,0.36673334,0.0,0.0,0.0,0.0
5,5,6,0,,,,0.35418335,0.0,0.0,0.0,0.0
5,6,6,0,,,,0.33881667,0.0,0.0,0.0,16.2
5,7,6,0,,,,0.34838334,0.0,0.0,0.0,106.41
5,8,6,0,,,,0.35725,0.0,0.0,0.0,269.41
5,9,6,0,,,,0.61425,0.0,0.0,0.0,424.84
5,10,6,0,,,,0.99723333,0.0,0.0,0.0,596.39
5,11,6,0,,,,0.6709,0.0,0.0,0.0,682.9
5,12,6,0,,,,0.31511667,0.0,0.0,0.0,740.18
5,13,6,0,,,,0.29626667,0.0,0.0,0.0,700.54
5,14,6,0,,,,0.29866666,0.0,0.0,0.0,396.5
5,15,6,0,,,,0.25768334,0.0,0.0,0.0,523.55
5,16,6,0,,,,0.27653334,0.0,0.0,0.0,275.12
5,17,6,0,,,,0.29075,0.0,0.0,0.0,337.13
5,18,6,0,,,,0.27978334,0.0,0.0,0.0,162.41
5,19,6,0,,,,0.30291668,0.0,0.0,0.0,54.39
5,20,6,0,,,,0.31113333,0.0,0.0,0.0,10.07
5,21,6,0,,,,0.35535,0.0,0.0,0.0,0.0
5,22,6,0,,,,0.3417,0.0,0.0,0.0,0.0
5,23,6,0,,,,0.30561668,0.0,0.0,0.0,0.0
5,24,6,0,,,,0.33525,0.0,0.0,0.0,0.0
5,1,7,0,,,,0.33298334,0.0,0.0,0.0,0.0
5,2,7,0,,,,0.31538334,0.0,0.0,0.0,0.0
5,3,7,0,,,,0.32628334,0.0,0.0,0.0,0.0
5,4,7,0,,,,0.32593334,0.0,0.0,0.0,0.0
5,5,7,0,,,,0.3408,0.0,0.0,0.0,0.0
5,6,7,0,,,,0.31623334,0.0,0.0,0.0,19.61
5,7,7,0,,,,0.3,0.0,0.0,0.0,103.89
5,8,7,0,,,,0.33103332,0.0,0.0,0.0,278.67
5,9,7,0,,,,0.31033334,0.0,0.0,0.0,462.83
5,10,7,0,,,,0.29153332,0.0,0.0,0.0,616.16
5,11,7,0,,,,0.30893335,0.0,0.0,0.0,688.6
5,12,7,0,,,,0.32695,0.0,0.0,0.0,671.87
5,13,7,0,,,,0.27966666,0.0,0.0,0.0,592.8
5,14,7,0,,,,0.26756668,0.0,0.0,0.0,518.24
5,15,7,0,,,,0.27493334,0.0,0.0,0.0,320.59
5,16,7,0,,,,0.2757,0.0,0.0,0.0,372.46
5,17,7,0,,,,0.27251667,0.0,0.0,0.0,329.89
5,18,7,0,,,,0.30165,0.0,0.0,0.0,159.51
5,19,7,0,,,,0.28706667,0.0,0.0,0.0,49.07
5,20,7,0,,,,0.31848332,0.0,0.0,0.0,11.15
5,21,7,0,,,,0.31745,0.0,0.0,0.0,0.0
5,22,7,0,,,,0.31158334,0.0,0.0,0.0,0.0
5,23,7,0,,,,0.3349,0.0,0.0,0.0,0.0
5,24,7,0,,,,0.32755834,0.0,0.0,0.0,0.0
5,1,1,0,,,,0.32898334,0.0,0.0,0.0,0.0
5,2,1,0,,,,0.33268332,0.0,0.0,0.0,0.0
5,3,1,0,,,,0.33093333,0.0,0.0,0.0,0.0
5,4,1,0,,,,0.32675,0.0,0.0,0.0,0.0
5,5,1,0,,,,0.32423332,0.0,0.0,0.0,0.0
5,6,1,0,,,,0.31995,0.0,0.0,0.0,22.11
5,7,1,0,,,,0.32118332,0.0,0.0,0.0,39.63
5,8,1,0,,,,0.32161668,0.0,0.0,0.0,272.35
5,9,1,0,,,,0.29703334,0.0,0.0,0.0,383.92
5,10,1,0,,,,0.29583332,0.0,0.0,0.0,599.77
5,11,1,0,,,,0.30376667,0.0,0.0,0.0,711.5
5,12,1,0,,,,0.30416667,0.0,0.0,0.0,781.04
5,13,1,0,,,,0.27953333,0.0,0.0,0.0,710.3
5,14,1,0,,,,0.26986668,0.0,0.0,0.0,710.95
5,15,1,0,,,,0.2757,0.0,0.0,0.0,168.35
5,16,1,0,,,,0.27261665,0.0,0.0,0.0,179.71
5,17,1,0,,,,0.28873333,0.0,0.0,0.0,242.9
5,18,1,0,,,,0.31391665,0.0,0.0,0.0,82.26
5,19,1,0,,,,0.36901668,0.0,0.0,0.0,55.33
5,20,1,0,,,,0.34455,0.0,0.0,0.0,11.14
5,21,1,0,,,,0.33263335,0.0,0.0,0.0,0.0
5,22,1,0,,,,0.33813334,0.0,0.0,0.0,0.0
5,23,1,0,,,,0.32916668,0.0,0.0,0.0,0.0
5,24,1,0,,,,0.32953334,0.0,0.0,0.0,0.0
5,1,2,0,,,,0.34086666,0.0,0.0,0.0,0.0
5,2,2,0,,,,0.32746667,0.0,0.0,0.0,0.0
5,3,2,0,,,,0.33211666,0.0,0.0,0.0,0.0
5,4,2,0,,,,0.32506666,0.0,0.0,0.0,0.0
5,5,2,0,,,,0.32358333,0.0,0.0,0.0,0.0
5,6,2,0,,,,0.3216,0.0,0.0,0.0,35.63
5,7,2,0,,,,0.31878334,0.0,0.0,0.0,93.92
5,8,2,0,,,,0.31956667,0.0,0.0,0.0,281.7
5,9,2,0,,,,0.31423333,0.0,0.0,0.0,448.86
5,10,2,0,,,,0.306,0.0,0.0,0.0,489.08
5,11,2,0,,,,0.2969,0.0,0.0,0.0,651.28
5,12,2,0,,,,0.31395,0.0,0.0,0.0,602.74
5,13,2,0,,,,0.37158334,0.0,0.0,0.0,400.41
5,14,2,0,,,,0.70735,0.0,0.0,0.0,471.54
5,15,2,0,,,,0.57603335,0.0,0.0,0.0,414.36
5,16,2,0,,,,0.46215,0.0,0.0,0.0,351.06
5,17,2,0,,,,0.49146667,0.0,0.0,0.0,321.09
5,18,2,0,,,,0.49898332,0.0,0.0,0.0,172.59
5,19,2,0,,,,0.58315,0.0,0.0,0.0,57.51
5,20,2,0,,,,2.8543334,0.0,0.0,0.0,1.55
5,21,2,0,,,,1.3102833,0.0,0.0,0.0,0.0
5,22,2,0,,,,0.5204167,0.0,0.0,0.0,0.0
5,23,2,0,,,,1.0831167,0.0,0.0,0.0,0.0
5,24,2,0,,,,0.46033335,0.0,0.0,0.0,0.0
5,1,3,0,,,,0.45793334,0.0,0.0,0.0,0.0
5,2,3,0,,,,0.46468332,0.0,0.0,0.0,0.0
5,3,3,0,,,,0.44801667,0.0,0.0,0.0,0.0
5,4,3,0,,,,0.46108332,0.0,0.0,0.0,0.0
5,5,3,0,,,,0.39588332,0.0,0.0,0.0,0.0
5,6,3,0,,,,0.36625,0.0,0.0,0.0,1.22
5,7,3,0,,,,0.38096666,0.0,0.0,0.0,19.82
5,8,3,0,,,,0.3967,0.0,0.0,0.0,64.82
5,9,3,0,,,,0.85651666,0.0,0.0,0.0,249.85
5,10,3,0,,,,1.0107,0.0,0.0,0.0,596.35
5,11,3,0,,,,0.58141667,0.0,0.0,0.0,700.21
5,12,3,0,,,,1.0211333,0.0,0.0,0.0,728.99
5,13,3,0,,,,0.37183332,0.0,0.0,0.0,724.59
5,14,3,0,,,,1.2627167,0.0,0.0,0.0,611.82
5,15,3,0,,,,0.57555,0.0,0.0,0.0,629.64
5,16,3,0,,,,0.38523334,0.0,0.0,0.0,518.02
5,17,3,0,,,,0.4824,0.0,0.0,0.0,358.14
5,18,3,0,,,,0.5356,0.0,0.0,0.0,178.77
5,19,3,0,,,,0.48863333,0.0,0.0,0.0,59.25
5,20,3,0,,,,0.9648833,0.0,0.0,0.0,1.56
5,21,3,0,,,,1.2183,0.0,0.0,0.0,0.0
5,22,3,0,,,,1.4689167,0.0,0.0,0.0,0.0
5,23,3,0,,,,0.71544164,0.0,0.0,0.0,0.0
5,24,3,0,,,,0.458625,0.0,0.0,0.0,0.0
6,1,4,0,,,,0.46033335,0.0,0.0,0.0,0.0
6,2,4,0,,,,0.44588333,0.0,0.0,0.0,0.0
6,3,4,0,,,,0.45403334,0.0,0.0,0.0,0.0
6,4,4,0,,,,0.45473334,0.0,0.0,0.0,0.0
6,5,4,0,,,,0.54083335,0.0,0.0,0.0,0.0
6,6,4,0,,,,0.83746666,0.0,0.0,0.0,1.63
6,7,4,0,,,,0.35195,0.0,0.0,0.0,101.88
6,8,4,0,,,,0.58846664,0.0,0.0,0.0,207.69
6,9,4,0,,,,0.80341667,0.0,0.0,0.0,467.3
6,10,4,0,,,,1.1178,0.0,0.0,0.0,559.41
6,11,4,0,,,,0.5758333,0.0,0.0,0.0,657.04
6,12,4,0,,,,0.31968334,0.0,0.0,0.0,674.11
6,13,4,0,,,,0.33656666,0.0,0.0,0.0,679.42
6,14,4,0,,,,0.32015,0.0,0.0,0.0,683.07
6,15,4,0,,,,0.33741668,0.0,0.0,0.0,647.73
6,16,4,0,,,,0.29155,0.0,0.0,0.0,527.57
6,17,4,0,,,,0.39116666,0.0,0.0,0.0,368.56
6,18,4,0,,,,0.5574833,0.0,0.0,0.0,179.42
6,19,4,0,,,,0.90325,0.0,0.0,0.0,47.26
6,20,4,0,,,,1.0582666,0.0,0.0,0.0,13.5
6,21,4,0,,,,0.74045,0.0,0.0,0.0,0.0
6,22,4,0,,,,0.37746668,0.0,0.0,0.0,0.0
6,23,4,0,,,,0.42775,0.0,0.0,0.0,0.0
6,24,4,0,,,,0.42375,0.0,0.0,0.0,0.0
6,1,5,0,,,,0.4134,0.0,0.0,0.0,0.0
6,2,5,0,,,,0.42815,0.0,0.0,0.0,0.0
6,3,5,0,,,,0.40631667,0.0,0.0,0.0,0.0
6,4,5,0,,,,0.45496666,0.0,0.0,0.0,0.0
6,5,5,0,,,,0.42868334,0.0,0.0,0.0,0.0
6,6,5,0,,,,0.40441668,0.0,0.0,0.0,1.63
6,7,5,0,,,,0.43455,0.0,0.0,0.0,8.91
6,8,5,0,,,,1.0435667,0.0,0.0,0.0,52.42
6,9,5,0,,,,1.4266334,0.0,0.0,0.0,169.06
6,10,5,0,,,,0.45001668,0.0,0.0,0.0,422.03
6,11,5,0,,,,0.48476666,0.0,0.0,0.0,691.97
6,12,5,0,,,,2.0643,0.0,0.0,0.0,774.05
6,13,5,0,,,,1.8024334,0.0,0.0,0.0,767.85
6,14,5,0,,,,3.4586167,0.0,0.0,0.0,707.11
6,15,5,0,,,,1.3846,0.0,0.0,0.0,661.04
6,16,5,0,,,,2.6541834,0.0,0.0,0.0,535.62
6,17,5,0,,,,2.00535,0.0,0.0,0.0,367.9
6,18,5,0,,,,2.2973166,0.0,0.0,0.0,181.03
6,19,5,0,,,,2.6048458,0.0,0.0,0.0,47.96
6,20,5,0,,,,2.2513332,0.0,0.0,0.0,14.12
6,21,5,0,,,,2.09255,0.0,0.0,0.0,0.0
6,22,5,0,,,,2.2991333,0.0,0.0,0.0,0.0
6,23,5,0,,,,0.99768335,0.0,0.0,0.0,0.0
6,24,5,0,,,,1.092475,0.0,0.0,0.0,0.0
6,1,6,0,,,,0.53465,0.0,0.0,0.0,0.0
6,2,6,0,,,,0.4183,0.0,0.0,0.0,0.0
6,3,6,0,,,,0.42045,0.0,0.0,0.0,0.0
6,4,6,0,,,,0.67876667,0.0,0.0,0.0,0.0
6,5,6,0,,,,0.42316666,0.0,0.0,0.0,0.0
6,6,6,0,,,,0.40413332,0.0,0.0,0.0,36.42
6,7,6,0,,,,0.6910833,0.0,0.0,0.0,93.5
6,8,6,0,,,,0.41086668,0.0,0.0,0.0,284.73
6,9,6,0,,,,1.41355,0.0,0.0,0.0,458.03
6,10,6,0,,,,1.2399167,0.0,0.0,0.0,599.43
6,11,6,0,,,,2.93955,0.0,0.0,0.0,699.31
6,12,6,0,,,,2.83155,0.0,0.0,0.0,614.35
6,13,6,0,,,,2.8766167,0.0,0.0,0.0,623.28
6,14,6,0,,,,4.019467,0.0,0.0,0.0,631.41
6,15,6,0,,,,5.0385165,0.0,0.0,0.0,452.89
6,16,6,0,,,,4.0319166,0.0,0.0,0.0,113.14
6,17,6,0,,,,3.7169333,0.0,0.0,0.0,156.88
6,18,6,0,,,,3.6943333,0.0,0.0,0.0,126.0
6,19,6,0,,,,3.0934334,0.0,0.0,0.0,58.44
6,20,6,0,,,,3.3739333,0.0,0.0,0.0,7.26
6,21,6,0,,,,3.0937667,0.0,0.0,0.0,0.0
6,22,6,0,,,,2.827,0.0,0.0,0.0,0.0
6,23,6,0,,,,1.9188,0.0,0.0,0.0,0.0
6,24,6,0,,,,1.919125,0.0,0.0,0.0,0.0
6,1,7,0,,,,1.9375167,0.0,0.0,0.0,0.0
6,2,7,0,,,,1.0680166,0.0,0.0,0.0,0.0
6,3,7,0,,,,0.9794833,0.0,0.0,0.0,0.0
6,4,7,0,,,,0.76545,0.0,0.0,0.0,0.0
6,5,7,0,,,,0.73105,0.0,0.0,0.0,0.0
6,6,7,0,,,,0.7485,0.0,0.0,0.0,35.62
6,7,7,0,,,,1.523,0.0,0.0,0.0,96.65
6,8,7,0,,,,1.7705,0.0,0.0,0.0,253.4
6,9,7,0,,,,1.5914333,0.0,0.0,0.0,442.11
6,10,7,0,,,,1.3645667,0.0,0.0,0.0,552.07
6,11,7,0,,,,2.5658667,0.0,0.0,0.0,582.93
6,12,7,0,,,,1.6272167,0.0,0.0,0.0,628.32
6,13,7,0,,,,1.50405,0.0,0.0,0.0,486.75
6,14,7,0,,,,1.9578834,0.0,0.0,0.0,576.39
6,15,7,0,,,,2.25365,0.0,0.0,0.0,353.78
6,16,7,0,,,,2.3282332,0.0,0.0,0.0,57.29
6,17,7,0,,,,2.3638666,0.0,0.0,0.0,112.89
6,18,7,0,,,,1.76735,0.0,0.0,0.0,24.39
6,19,7,0,,,,1.2115333,0.0,0.0,0.0,37.65
6,20,7,0,,,,1.5557834,0.0,0.0,0.0,14.67
6,21,7,0,,,,0.81546664,0.0,0.0,0.0,0.0
6,22,7,0,,,,0.41806668,0.0,0.0,0.0,0.0
6,23,7,0,,,,0.41618332,0.0,0.0,0.0,0.0
6,24,7,0,,,,0.41465834,0.0,0.0,0.0,0.0
6,1,1,0,,,,0.42448333,0.0,0.0,0.0,0.0
6,2,1,0,,,,0.4002,0.0,0.0,0.0,0.0
6,3,1,0,,,,0.44026667,0.0,0.0,0.0,0.0
6,4,1,0,,,,0.46661666,0.0,0.0,0.0,0.0
6,5,1,0,,,,0.42508334,0.0,0.0,0.0,0.0
6,6,1,0,,,,0.38838333,0.0,0.0,0.0,1.6
6,7,1,0,,,,0.4136,0.0,0.0,0.0,27.99
6,8,1,0,,,,0.40255,0.0,0.0,0.0,167.36
6,9,1,0,,,,0.3397,0.0,0.0,0.0,232.89
6,10,1,0,,,,0.6141,0.0,0.0,0.0,534.78
6,11,1,0,,,,0.46961668,0.0,0.0,0.0,373.23
6,12,1,0,,,,1.5538833,0.0,0.0,0.0,679.51
6,13,1,0,,,,0.49315,0.0,0.0,0.0,679.59
6,14,1,0,,,,1.8288667,0.0,0.0,0.0,749.15
6,15,1,0,,,,1.6270167,0.0,0.0,0.0,659.64
6,16,1,0,,,,1.3964167,0.0,0.0,0.0,495.39
6,17,1,0,,,,3.5190833,0.0,0.0,0.0,362.16
6,18,1,0,,,,1.9618,0.0,0.0,0.0,158.48
6,19,1,0,,,,1.9493834,0.0,0.0,0.0,63.85
6,20,1,0,,,,1.8306667,0.0,0.0,0.0,6.34
6,21,1,0,,,,0.69098336,0.0,0.0,0.0,0.0
6,22,1,0,,,,0.6386833,0.0,0.0,0.0,0.0
6,23,1,0,,,,0.5852,0.0,0.0,0.0,0.0
6,24,1,0,,,,0.43915832,0.0,0.0,0.0,0.0
6,1,2,0,,,,1.3013834,0.0,0.0,0.0,0.0
6,2,2,0,,,,0.42901668,0.0,0.0,0.0,0.0
6,3,2,0,,,,0.53655,0.0,0.0,0.0,0.0
6,4,2,0,,,,0.43665,0.0,0.0,0.0,0.0
6,5,2,0,,,,0.41595,0.0,0.0,0.0,0.0
6,6,2,0,,,,0.40898332,0.0,0.0,0.0,12.69
6,7,2,0,,,,0.4053,0.0,0.0,0.0,9.42
6,8,2,0,,,,0.6059833,0.0,0.0,0.0,18.27
6,9,2,0,,,,0.67065,0.0,0.0,0.0,284.44
6,10,2,0,,,,0.47508332,0.0,0.0,0.0,565.94
6,11,2,0,,,,0.4529,0.0,0.0,0.0,577.98
6,12,2,0,,,,0.45496666,0.0,0.0,0.0,660.21
6,13,2,0,,,,1.3036667,0.0,0.0,0.0,562.72
6,14,2,0,,,,1.8165,0.0,0.0,0.0,612.96
6,15,2,0,,,,2.0851834,0.0,0.0,0.0,531.3
6,16,2,0,,,,2.2610667,0.0,0.0,0.0,434.04
6,17,2,0,,,,2.4959333,0.0,0.0,0.0,346.79
6,18,2,0,,,,2.0363166,0.0,0.0,0.0,179.36
6,19,2,0,,,,1.3651,0.0,0.0,0.0,43.12
6,20,2,0,,,,0.85415,0.0,0.0,0.0,14.08
6,21,2,0,,,,1.0413667,0.0,0.0,0.0,0.0
6,22,2,0,,,,1.1446834,0.0,0.0,0.0,0.0
6,23,2,0,,,,0.40383333,0.0,0.0,0.0,0.0
6,24,2,0,,,,0.404175,0.0,0.0,0.0,0.0
6,1,3,0,,,,0.38566667,0.0,0.0,0.0,0.0
6,2,3,0,,,,0.38501668,0.0,0.0,0.0,0.0
6,3,3,0,,,,0.39203334,0.0,0.0,0.0,0.0
6,4,3,0,,,,0.41376665,0.0,0.0,0.0,0.0
6,5,3,0,,,,0.37338334,0.0,0.0,0.0,0.0
6,6,3,0,,,,0.349,0.0,0.0,0.0,1.62
6,7,3,0,,,,0.3675,0.0,0.0,0.0,9.48
6,8,3,0,,,,0.38588333,0.0,0.0,0.0,77.49
6,9,3,0,,,,1.04185,0.0,0.0,0.0,49.23
6,10,3,0,,,,1.3709667,0.0,0.0,0.0,452.46
6,11,3,0,,,,0.6577833,0.0,0.0,0.0,410.29
6,12,3,0,,,,0.27806666,0.0,0.0,0.0,744.8
6,13,3,0,,,,0.28676668,0.0,0.0,0.0,689.24
6,14,3,0,,,,1.6621889,0.0,0.0,0.0,589.17
6,15,3,0,,,,1.75905,0.0,0.0,0.0,576.88
6,16,3,0,,,,1.56905,0.0,0.0,0.0,515.83
6,17,3,0,,,,1.62625,0.0,0.0,0.0,344.11
6,18,3,0,,,,1.25785,0.0,0.0,0.0,178.02
6,19,3,0,,,,1.4303167,0.0,0.0,0.0,46.45
6,20,3,0,,,,1.7813166,0.0,0.0,0.0,15.3
6,21,3,0,,,,1.69195,0.0,0.0,0.0,0.0
6,22,3,0,,,,0.8417,0.0,0.0,0.0,0.0
6,23,3,0,,,,0.54333335,0.0,0.0,0.0,0.0
6,24,3,0,,,,0.42280832,0.0,0.0,0.0,0.0
6,1,4,0,,,,0.43345,0.0,0.0,0.0,0.0
6,2,4,0,,,,0.41773334,0.0,0.0,0.0,0.0
6,3,4,0,,,,0.4151,0.0,0.0,0.0,0.0
6,4,4,0,,,,0.40631667,0.0,0.0,0.0,0.0
6,5,4,0,,,,0.5449833,0.0,0.0,0.0,0.0
6,6,4,0,,,,0.85723335,0.0,0.0,0.0,37.6
6,7,4,0,,,,0.36285,0.0,0.0,0.0,92.77
6,8,4,0,,,,0.35978332,0.0,0.0,0.0,281.51
6,9,4,0,,,,0.36495,0.0,0.0,0.0,464.43
6,10,4,0,,,,0.3628,0.0,0.0,0.0,599.2
6,11,4,0,,,,0.3465,0.0,0.0,0.0,709.99
6,12,4,0,,,,0.3318,0.0,0.0,0.0,765.1
6,13,4,0,,,,0.31953335,0.0,0.0,0.0,749.03
6,14,4,0,,,,0.29106668,0.0,0.0,0.0,603.4
6,15,4,0,,,,0.30896667,0.0,0.0,0.0,524.37
6,16,4,0,,,,0.29545,0.0,0.0,0.0,331.14
6,17,4,0,,,,0.30255,0.0,0.0,0.0,182.46
6,18,4,0,,,,0.32571667,0.0,0.0,0.0,149.58
6,19,4,0,,,,0.18990003,0.0,0.0,0.0,61.58
6,20,4,0,,,,0.35051668,0.0,0.0,0.0,17.16
6,21,4,0,,,,0.4639,0.0,0.0,0.0,0.0
6,22,4,0,,,,1.4849334,0.0,0.0,0.0,0.0
6,23,4,0,,,,0.39568335,0.0,0.0,0.0,0.0
6,24,4,0,,,,0.439625,0.0,0.0,0.0,0.0
6,1,5,0,,,,0.43613333,0.0,0.0,0.0,0.0
6,2,5,0,,,,0.41718334,0.0,0.0,0.0,0.0
6,3,5,0,,,,0.42143333,0.0,0.0,0.0,0.0
6,4,5,0,,,,0.59678334,0.0,0.0,0.0,0.0
6,5,5,0,,,,0.6202,0.0,0.0,0.0,0.0
6,6,5,0,,,,0.43545,0.0,0.0,0.0,38.91
6,7,5,0,,,,1.1499,0.0,0.0,0.0,98.32
6,8,5,0,,,,0.9378167,0.0,0.0,0.0,274.64
6,9,5,0,,,,0.5949,0.0,0.0,0.0,442.26
6,10,5,0,,,,0.36956668,0.0,0.0,0.0,585.43
6,11,5,0,,,,0.37566668,0.0,0.0,0.0,692.64
6,12,5,0,,,,0.3608,0.0,0.0,0.0,503.79
6,13,5,0,,,,0.3639,0.0,0.0,0.0,722.51
6,14,5,0,,,,0.3297,0.0,0.0,0.0,569.56
6,15,5,0,,,,0.3246,0.0,0.0,0.0,38.68
6,16,5,0,,,,0.33731666,0.0,0.0,0.0,31.44
6,17,5,0,,,,0.3389,0.0,0.0,0.0,55.66
6,18,5,0,,,,0.33606666,0.0,0.0,0.0,136.71
6,19,5,0,,,,0.24023335,0.0,0.0,0.0,43.55
6,20,5,0,,,,0.36495,0.0,0.0,0.0,17.05
6,21,5,0,,,,0.3834,0.0,0.0,0.0,0.0
6,22,5,0,,,,0.432725,0.0,0.0,0.0,0.0
6,23,5,0,,,,0.48001668,0.0,0.0,0.0,0.0
6,24,5,0,,,,0.40976667,0.0,0.0,0.0,0.0
6,1,6,0,,,,0.40856665,0.0,0.0,0.0,0.0
6,2,6,0,,,,0.41078332,0.0,0.0,0.0,0.0
6,3,6,0,,,,0.40535,0.0,0.0,0.0,0.0
6,4,6,0,,,,0.40906668,0.0,0.0,0.0,0.0
6,5,6,0,,,,0.39476666,0.0,0.0,0.0,0.0
6,6,6,0,,,,0.4132,0.0,0.0,0.0,38.07
6,7,6,0,,,,0.40363333,0.0,0.0,0.0,97.15
6,8,6,0,,,,0.38846666,0.0,0.0,0.0,272.61
6,9,6,0,,,,0.38878334,0.0,0.0,0.0,441.44
6,10,6,0,,,,0.39166668,0.0,0.0,0.0,551.85
6,11,6,0,,,,0.3789,0.0,0.0,0.0,669.07
6,12,6,0,,,,0.36776668,0.0,0.0,0.0,737.85
6,13,6,0,,,,0.33281666,0.0,0.0,0.0,751.03
6,14,6,0,,,,0.31693333,0.0,0.0,0.0,708.68
6,15,6,0,,,,0.33971667,0.0,0.0,0.0,631.15
6,16,6,0,,,,0.33586666,0.0,0.0,0.0,509.48
6,17,6,0,,,,0.34753335,0.0,0.0,0.0,368.56
6,18,6,0,,,,0.35466668,0.0,0.0,0.0,185.24
6,19,6,0,,,,0.2876,0.0,0.0,0.0,33.05
6,20,6,0,,,,0.3628,0.0,0.0,0.0,17.45
6,21,6,0,,,,0.36143333,0.0,0.0,0.0,0.0
6,22,6,0,,,,0.3704,0.0,0.0,0.0,0.0
6,23,6,0,,,,0.3779,0.0,0.0,0.0,0.0
6,24,6,0,,,,0.3764,0.0,0.0,0.0,0.0
6,1,7,0,,,,0.36646667,0.0,0.0,0.0,0.0
6,2,7,0,,,,0.36656666,0.0,0.0,0.0,0.0
6,3,7,0,,,,0.36528334,0.0,0.0,0.0,0.0
6,4,7,0,,,,0.37898332,0.0,0.0,0.0,0.0
6,5,7,0,,,,0.37833333,0.0,0.0,0.0,0.0
6,6,7,0,,,,0.35535,0.0,0.0,0.0,37.33
6,7,7,0,,,,0.35881665,0.0,0.0,0.0,99.06
6,8,7,0,,,,0.37073332,0.0,0.0,0.0,273.32
6,9,7,0,,,,0.34603333,0.0,0.0,0.0,446.34
6,10,7,0,,,,0.3576,0.0,0.0,0.0,588.07
6,11,7,0,,,,0.35298333,0.0,0.0,0.0,705.44
6,12,7,0,,,,0.3447,0.0,0.0,0.0,757.32
6,13,7,0,,,,0.35101667,0.0,0.0,0.0,715.73
6,14,7,0,,,,0.34938332,0.0,0.0,0.0,691.15
6,15,7,0,,,,0.33351666,0.0,0.0,0.0,626.08
6,16,7,0,,,,0.34833333,0.0,0.0,0.0,496.18
6,17,7,0,,,,0.34555,0.0,0.0,0.0,338.42
6,18,7,0,,,,0.34795,0.0,0.0,0.0,181.53
6,19,7,0,,,,0.19946669,0.0,0.0,0.0,45.38
6,20,7,0,,,,0.34968334,0.0,0.0,0.0,18.05
6,21,7,0,,,,0.36298335,0.0,0.0,0.0,0.0
6,22,7,0,,,,0.37763333,0.0,0.0,0.0,0.0
6,23,7,0,,,,0.36515,0.0,0.0,0.0,0.0
6,24,7,0,,,,0.36288333,0.0,0.0,0.0,0.0
6,1,1,0,,,,0.35806668,0.0,0.0,0.0,0.0
6,2,1,0,,,,0.37525,0.0,0.0,0.0,0.0
6,3,1,0,,,,0.37606665,0.0,0.0,0.0,0.0
6,4,1,0,,,,0.37188333,0.0,0.0,0.0,0.0
6,5,1,0,,,,0.36923334,0.0,0.0,0.0,0.0
6,6,1,0,,,,0.35053334,0.0,0.0,0.0,37.16
6,7,1,0,,,,0.44605,0.0,0.0,0.0,100.87
6,8,1,0,,,,0.40596667,0.0,0.0,0.0,268.33
6,9,1,0,,,,0.34743333,0.0,0.0,0.0,441.24
6,10,1,0,,,,0.3484,0.0,0.0,0.0,581.58
6,11,1,0,,,,0.33058333,0.0,0.0,0.0,568.89
6,12,1,0,,,,0.366975,0.0,0.0,0.0,643.2
6,13,1,0,,,,0.32515833,0.0,0.0,0.0,564.08
6,14,1,0,,,,0.33488333,0.0,0.0,0.0,604.86
6,15,1,0,,,,0.31175,0.0,0.0,0.0,517.95
6,16,1,0,,,,0.32136667,0.0,0.0,0.0,424.09
6,17,1,0,,,,0.32745,0.0,0.0,0.0,334.87
6,18,1,0,,,,0.34993333,0.0,0.0,0.0,184.88
6,19,1,0,,,,0.25263336,0.0,0.0,0.0,43.25
6,20,1,0,,,,0.35388333,0.0,0.0,0.0,18.0
6,21,1,0,,,,0.35886666,0.0,0.0,0.0,0.0
6,22,1,0,,,,0.35825,0.0,0.0,0.0,0.0
6,23,1,0,,,,0.36988333,0.0,0.0,0.0,0.0
6,24,1,0,,,,0.37055,0.0,0.0,0.0,0.0
6,1,2,0,,,,0.37823334,0.0,0.0,0.0,0.0
6,2,2,0,,,,0.37678334,0.0,0.0,0.0,0.0
6,3,2,0,,,,0.34875,0.0,0.0,0.0,0.0
6,4,2,0,,,,0.33363333,0.0,0.0,0.0,0.0
6,5,2,0,,,,0.33078334,0.0,0.0,0.0,0.0
6,6,2,0,,,,0.33308333,0.0,0.0,0.0,4.33
6,7,2,0,,,,0.34906667,0.0,0.0,0.0,22.74
6,8,2,0,,,,0.32183334,0.0,0.0,0.0,247.32
6,9,2,0,,,,0.31195,0.0,0.0,0.0,444.22
6,10,2,0,,,,0.32261667,0.0,0.0,0.0,584.77
6,11,2,0,,,,0.34463334,0.0,0.0,0.0,696.09
6,12,2,0,,,,0.32691666,0.0,0.0,0.0,744.58
6,13,2,0,,,,0.30595,0.0,0.0,0.0,731.57
6,14,2,0,,,,0.26875,0.0,0.0,0.0,682.1
6,15,2,0,,,,0.27876666,0.0,0.0,0.0,184.78
6,16,2,0,,,,0.28515,0.0,0.0,0.0,193.85
6,17,2,0,,,,0.30131668,0.0,0.0,0.0,91.71
6,18,2,0,,,,0.2967,0.0,0.0,0.0,169.86
6,19,2,0,,,,0.20505004,0.0,0.0,0.0,46.5
6,20,2,0,,,,0.31961668,0.0,0.0,0.0,18.66
6,21,2,0,,,,0.31645,0.0,0.0,0.0,0.0
6,22,2,0,,,,0.31436667,0.0,0.0,0.0,0.0
6,23,2,0,,,,0.32361665,0.0,0.0,0.0,0.0
6,24,2,0,,,,0.33400834,0.0,0.0,0.0,0.0
6,1,3,0,,,,0.37815,0.0,0.0,0.0,0.0
6,2,3,0,,,,0.36451668,0.0,0.0,0.0,0.0
6,3,3,0,,,,0.3546,0.0,0.0,0.0,0.0
6,4,3,0,,,,0.33403334,0.0,0.0,0.0,0.0
6,5,3,0,,,,0.33371666,0.0,0.0,0.0,0.0
6,6,3,0,,,,0.35843334,0.0,0.0,0.0,2.01
6,7,3,0,,,,0.34208333,0.0,0.0,0.0,45.43
6,8,3,0,,,,0.32711667,0.0,0.0,0.0,216.98
6,9,3,0,,,,0.2881,0.0,0.0,0.0,382.04
6,10,3,0,,,,0.27846667,0.0,0.0,0.0,443.39
6,11,3,0,,,,0.2909,0.0,0.0,0.0,578.44
6,12,3,0,,,,0.29465,0.0,0.0,0.0,656.74
6,13,3,0,,,,0.28533334,0.0,0.0,0.0,670.77
6,14,3,0,,,,0.277,0.0,0.0,0.0,665.37
6,15,3,0,,,,0.28421667,0.0,0.0,0.0,139.97
6,16,3,0,,,,0.27358332,0.0,0.0,0.0,481.83
6,17,3,0,,,,0.3275,0.0,0.0,0.0,306.06
6,18,3,0,,,,0.2995,0.0,0.0,0.0,102.74
6,19,3,0,,,,0.20295003,0.0,0.0,0.0,50.71
6,20,3,0,,,,0.31818333,0.0,0.0,0.0,6.59
6,21,3,0,,,,0.3336,0.0,0.0,0.0,0.0
6,22,3,0,,,,0.32851666,0.0,0.0,0.0,0.0
6,23,3,0,,,,0.32653335,0.0,0.0,0.0,0.0
6,24,3,0,,,,0.33840832,0.0,0.0,0.0,0.0
6,1,4,0,,,,0.39881667,0.0,0.0,0.0,0.0
6,2,4,0,,,,0.34565,0.0,0.0,0.0,0.0
6,3,4,0,,,,0.34526667,0.0,0.0,0.0,0.0
6,4,4,0,,,,0.34488332,0.0,0.0,0.0,0.0
6,5,4,0,,,,0.34626666,0.0,0.0,0.0,0.0
6,6,4,0,,,,0.34,0.0,0.0,0.0,35.56
6,7,4,0,,,,0.32985,0.0,0.0,0.0,100.33
6,8,4,0,,,,0.31165,0.0,0.0,0.0,262.23
6,9,4,0,,,,0.5118167,0.0,0.0,0.0,426.71
6,10,4,0,,,,0.63523334,0.0,0.0,0.0,567.01
6,11,4,0,,,,0.4863,0.0,0.0,0.0,684.35
6,12,4,0,,,,0.5226333,0.0,0.0,0.0,753.07
6,13,4,0,,,,0.2789,0.0,0.0,0.0,764.88
6,14,4,0,,,,0.27528334,0.0,0.0,0.0,745.51
6,15,4,0,,,,0.27796668,0.0,0.0,0.0,653.6
6,16,4,0,,,,0.28046668,0.0,0.0,0.0,530.65
6,17,4,0,,,,0.29076666,0.0,0.0,0.0,317.01
6,18,4,0,,,,0.3061,0.0,0.0,0.0,156.81
6,19,4,0,,,,0.18840003,0.0,0.0,0.0,45.0
6,20,4,0,,,,0.32531667,0.0,0.0,0.0,19.77
6,21,4,0,,,,0.32663333,0.0,0.0,0.0,0.0
6,22,4,0,,,,0.34585,0.0,0.0,0.0,0.0
6,23,4,0,,,,0.30351666,0.0,0.0,0.0,0.0
6,24,4,0,,,,0.31315,0.0,0.0,0.0,0.0
6,1,5,0,,,,0.29751667,0.0,0.0,0.0,0.0
6,2,5,0,,,,0.32283333,0.0,0.0,0.0,0.0
6,3,5,0,,,,0.30085,0.0,0.0,0.0,0.0
6,4,5,0,,,,0.30298334,0.0,0.0,0.0,0.0
6,5,5,0,,,,0.30725,0.0,0.0,0.0,1.61
6,6,5,0,,,,0.29193333,0.0,0.0,0.0,20.71
6,7,5,0,,,,0.29476666,0.0,0.0,0.0,106.33
6,8,5,0,,,,0.29213333,0.0,0.0,0.0,159.26
6,9,5,0,,,,0.27841666,0.0,0.0,0.0,153.47
6,10,5,0,,,,0.32595,0.0,0.0,0.0,547.04
6,11,5,0,,,,0.28963333,0.0,0.0,0.0,648.91
6,12,5,0,,,,0.31141666,0.0,0.0,0.0,586.93
6,13,5,0,,,,0.313,0.0,0.0,0.0,659.11
6,14,5,0,,,,0.32243332,0.0,0.0,0.0,618.39
6,15,5,0,,,,0.31153333,0.0,0.0,0.0,592.39
6,16,5,0,,,,0.28086665,0.0,0.0,0.0,505.43
6,17,5,0,,,,0.2933,0.0,0.0,0.0,356.52
6,18,5,0,,,,0.31105,0.0,0.0,0.0,177.03
6,19,5,0,,,,0.1901667,0.0,0.0,0.0,50.83
6,20,5,0,,,,0.33363333,0.0,0.0,0.0,19.76
6,21,5,0,,,,0.32813334,0.0,0.0,0.0,0.0
6,22,5,0,,,,0.32425,0.0,0.0,0.0,0.0
6,23,5,0,,,,0.29996666,0.0,0.0,0.0,0.0
6,24,5,0,,,,0.30558333,0.0,0.0,0.0,0.0
6,1,6,0,,,,0.30743334,0.0,0.0,0.0,0.0
6,2,6,0,,,,0.30035,0.0,0.0,0.0,0.0
6,3,6,0,,,,0.3017,0.0,0.0,0.0,0.0
6,4,6,0,,,,0.29835,0.0,0.0,0.0,0.0
6,5,6,0,,,,0.30048335,0.0,0.0,0.0,1.59
6,6,6,0,,,,0.29075,0.0,0.0,0.0,1.59
6,7,6,0,,,,0.30698332,0.0,0.0,0.0,98.83
6,8,6,0,,,,0.313,0.0,0.0,0.0,123.3
6,9,6,0,,,,0.26378334,0.0,0.0,0.0,254.65
6,10,6,0,,,,0.28105,0.0,0.0,0.0,451.96
6,11,6,0,,,,0.28976667,0.0,0.0,0.0,646.66
6,12,6,0,,,,0.4138,0.0,0.0,0.0,695.53
6,13,6,0,,,,0.29636666,0.0,0.0,0.0,698.04
6,14,6,0,,,,0.28518334,0.0,0.0,0.0,670.44
6,15,6,0,,,,0.28253335,0.0,0.0,0.0,472.62
6,16,6,0,,,,0.29113334,0.0,0.0,0.0,53.13
6,17,6,0,,,,0.29401666,0.0,0.0,0.0,27.22
6,18,6,0,,,,0.314,0.0,0.0,0.0,49.28
6,19,6,0,,,,0.21571669,0.0,0.0,0.0,61.78
6,20,6,0,,,,0.33785,0.0,0.0,0.0,17.7
6,21,6,0,,,,0.3297,0.0,0.0,0.0,0.0
6,22,6,0,,,,0.30878332,0.0,0.0,0.0,0.0
6,23,6,0,,,,0.29955,0.0,0.0,0.0,0.0
6,24,6,0,,,,0.31056666,0.0,0.0,0.0,0.0
6,1,7,0,,,,0.29991665,0.0,0.0,0.0,0.0
6,2,7,0,,,,0.30721667,0.0,0.0,0.0,0.0
6,3,7,0,,,,0.30446666,0.0,0.0,0.0,0.0
6,4,7,0,,,,0.32713333,0.0,0.0,0.0,0.0
6,5,7,0,,,,0.30486667,0.0,0.0,0.0,1.58
6,6,7,0,,,,0.32386667,0.0,0.0,0.0,21.2
6,7,7,0,,,,0.31973332,0.0,0.0,0.0,103.05
6,8,7,0,,,,0.33135,0.0,0.0,0.0,266.6
6,9,7,0,,,,0.2729,0.0,0.0,0.0,438.14
6,10,7,0,,,,0.2725,0.0,0.0,0.0,592.77
6,11,7,0,,,,0.28601667,0.0,0.0,0.0,706.28
6,12,7,0,,,,0.28058332,0.0,0.0,0.0,748.13
6,13,7,0,,,,0.2831,0.0,0.0,0.0,754.72
6,14,7,0,,,,0.28296667,0.0,0.0,0.0,726.21
6,15,7,0,,,,7.1325417,0.0,0.0,0.0,621.97
6,16,7,0,,,,3.9965334,0.0,0.0,0.0,487.88
6,17,7,0,,,,5.15685,0.0,0.0,0.0,350.44
6,18,7,0,,,,3.81365,0.0,0.0,0.0,191.35
6,19,7,0,,,,3.6964333,0.0,0.0,0.0,45.29
6,20,7,0,,,,3.8001168,0.0,0.0,0.0,20.62
6,21,7,0,,,,5.0864334,0.0,0.0,0.0,0.0
6,22,7,0,,,,1.8865167,0.0,0.0,0.0,0.0
6,23,7,0,,,,1.58255,0.0,0.0,0.0,0.0
6,24,7,0,,,,0.70875,0.0,0.0,0.0,0.0
6,1,1,0,,,,0.74095,0.0,0.0,0.0,0.0
6,2,1,0,,,,0.89951664,0.0,0.0,0.0,0.0
6,3,1,0,,,,1.7083167,0.0,0.0,0.0,0.0
6,4,1,0,,,,0.86505,0.0,0.0,0.0,0.0
6,5,1,0,,,,0.6928167,0.0,0.0,0.0,1.6
6,6,1,0,,,,0.63948333,0.0,0.0,0.0,2.02
6,7,1,0,,,,1.5405166,0.0,0.0,0.0,107.93
6,8,1,0,,,,1.0048833,0.0,0.0,0.0,277.76
6,9,1,0,,,,1.8406667,0.0,0.0,0.0,459.37
6,10,1,0,,,,2.3991833,0.0,0.0,0.0,578.59
6,11,1,0,,,,0.30898333,0.0,0.0,0.0,656.83
6,12,1,0,,,,0.30768332,0.0,0.0,0.0,689.34
6,13,1,0,,,,0.29855,0.0,0.0,0.0,661.74
6,14,1,0,,,,0.96938336,0.0,0.0,0.0,559.16
6,15,1,0,,,,4.26395,0.0,0.0,0.0,515.85
6,16,1,0,,,,1.9705,0.0,0.0,0.0,326.35
6,17,1,0,,,,2.2909834,0.0,0.0,0.0,301.12
6,18,1,0,,,,3.9340668,0.0,0.0,0.0,189.1
6,19,1,0,,,,3.5734832,0.0,0.0,0.0,44.8
6,20,1,0,,,,2.9034333,0.0,0.0,0.0,20.46
6,21,1,0,,,,2.3633666,0.0,0.0,0.0,0.0
6,22,1,0,,,,0.4911,0.0,0.0,0.0,0.0
6,23,1,0,,,,1.3662167,0.0,0.0,0.0,0.0
6,24,1,0,,,,0.405925,0.0,0.0,0.0,0.0
6,1,2,0,,,,1.2814333,0.0,0.0,0.0,0.0
6,2,2,0,,,,0.38656667,0.0,0.0,0.0,0.0
6,3,2,0,,,,0.39185,0.0,0.0,0.0,0.0
6,4,2,0,,,,0.39406666,0.0,0.0,0.0,0.0
6,5,2,0,,,,0.39473334,0.0,0.0,0.0,1.61
6,6,2,0,,,,1.4405333,0.0,0.0,0.0,35.26
6,7,2,0,,,,0.9841,0.0,0.0,0.0,94.92
6,8,2,0,,,,0.76808333,0.0,0.0,0.0,263.59
6,9,2,0,,,,0.44698334,0.0,0.0,0.0,403.17
6,10,2,0,,,,0.49628332,0.0,0.0,0.0,570.7
6,11,2,0,,,,0.6811,0.0,0.0,0.0,631.56
6,12,2,0,,,,0.6951,0.0,0.0,0.0,207.91
6,13,2,0,,,,3.5842,0.0,0.0,0.0,517.15
6,14,2,0,,,,0.8301833,0.0,0.0,0.0,541.0
6,15,2,0,,,,0.39028335,0.0,0.0,0.0,561.06
6,16,2,0,,,,1.2202166,0.0,0.0,0.0,522.32
6,17,2,0,,,,2.7018,0.0,0.0,0.0,363.85
6,18,2,0,,,,3.9557333,0.0,0.0,0.0,185.36
6,19,2,0,,,,3.5186,0.0,0.0,0.0,45.05
6,20,2,0,,,,3.6110666,0.0,0.0,0.0,20.35
6,21,2,0,,,,2.32505,0.0,0.0,0.0,0.0
6,22,2,0,,,,2.0631666,0.0,0.0,0.0,0.0
6,23,2,0,,,,1.5779667,0.0,0.0,0.0,0.0
6,24,2,0,,,,1.232025,0.0,0.0,0.0,0.0
6,1,3,0,,,,0.71888334,0.0,0.0,0.0,0.0
6,2,3,0,,,,1.2292167,0.0,0.0,0.0,0.0
6,3,3,0,,,,0.47971666,0.0,0.0,0.0,0.0
6,4,3,0,,,,0.44018334,0.0,0.0,0.0,0.0
6,5,3,0,,,,1.2753834,0.0,0.0,0.0,1.59
6,6,3,0,,,,0.5854167,0.0,0.0,0.0,36.42
6,7,3,0,,,,1.41495,0.0,0.0,0.0,96.18
6,8,3,0,,,,1.35095,0.0,0.0,0.0,264.84
6,9,3,0,,,,1.4396334,0.0,0.0,0.0,435.95
6,10,3,0,,,,0.58168334,0.0,0.0,0.0,569.42
6,11,3,0,,,,2.8897166,0.0,0.0,0.0,670.87
6,12,3,0,,,,2.7122166,0.0,0.0,0.0,702.96
6,13,3,0,,,,2.2153332,0.0,0.0,0.0,741.1
6,14,3,0,,,,2.9000833,0.0,0.0,0.0,715.43
6,15,3,0,,,,4.407133,0.0,0.0,0.0,637.19
6,16,3,0,,,,3.06775,0.0,0.0,0.0,513.6
6,17,3,0,,,,3.2981,0.0,0.0,0.0,353.18
6,18,3,0,,,,3.3009667,0.0,0.0,0.0,189.49
6,19,3,0,,,,2.0006166,0.0,0.0,0.0,48.79
6,20,3,0,,,,2.5283167,0.0,0.0,0.0,20.26
6,21,3,0,,,,3.3081834,0.0,0.0,0.0,0.0
6,22,3,0,,,,2.0347834,0.0,0.0,0.0,0.0
6,23,3,0,,,,1.4032834,0.0,0.0,0.0,0.0
6,24,3,0,,,,1.1804833,0.0,0.0,0.0,0.0
6,1,4,0,,,,1.1081834,0.0,0.0,0.0,0.0
6,2,4,0,,,,0.48436666,0.0,0.0,0.0,0.0
6,3,4,0,,,,0.86121666,0.0,0.0,0.0,0.0
6,4,4,0,,,,0.39358333,0.0,0.0,0.0,0.0
6,5,4,0,,,,1.2877,0.0,0.0,0.0,1.57
6,6,4,0,,,,0.9885097,0.0,0.0,0.0,26.18
6,7,4,0,,,,0.98595,0.0,0.0,0.0,104.76
6,8,4,0,,,,0.93198335,0.0,0.0,0.0,256.81
6,9,4,0,,,,0.47953334,0.0,0.0,0.0,425.56
6,10,4,0,,,,1.67675,0.0,0.0,0.0,566.63
6,11,4,0,,,,2.2019835,0.0,0.0,0.0,671.03
6,12,4,0,,,,2.7206166,0.0,0.0,0.0,655.62
6,13,4,0,,,,2.0838666,0.0,0.0,0.0,713.48
6,14,4,0,,,,1.8820333,0.0,0.0,0.0,669.16
6,15,4,0,,,,3.0124166,0.0,0.0,0.0,605.15
6,16,4,0,,,,4.1122165,0.0,0.0,0.0,502.21
6,17,4,0,,,,2.6660333,0.0,0.0,0.0,363.85
6,18,4,0,,,,2.5989666,0.0,0.0,0.0,190.04
6,19,4,0,,,,2.41625,0.0,0.0,0.0,44.34
6,20,4,0,,,,2.6112332,0.0,0.0,0.0,17.18
6,21,4,0,,,,1.5293833,0.0,0.0,0.0,0.0
6,22,4,0,,,,1.1846334,0.0,0.0,0.0,0.0
6,23,4,0,,,,1.1330333,0.0,0.0,0.0,0.0
6,24,4,0,,,,0.48693332,0.0,0.0,0.0,0.0
6,1,5,0,,,,0.48063335,0.0,0.0,0.0,0.0
6,2,5,0,,,,0.47273332,0.0,0.0,0.0,0.0
6,3,5,0,,,,0.46838334,0.0,0.0,0.0,0.0
6,4,5,0,,,,0.45748332,0.0,0.0,0.0,0.0
6,5,5,0,,,,0.40848333,0.0,0.0,0.0,0.0
6,6,5,0,,,,0.40378332,0.0,0.0,0.0,1.57
6,7,5,0,,,,1.2409333,0.0,0.0,0.0,49.49
6,8,5,0,,,,0.6748833,0.0,0.0,0.0,154.93
6,9,5,0,,,,1.1438833,0.0,0.0,0.0,54.86
6,10,5,0,,,,1.6153333,0.0,0.0,0.0,132.87
6,11,5,0,,,,0.9077167,0.0,0.0,0.0,457.67
6,12,5,0,,,,0.33418334,0.0,0.0,0.0,549.23
6,13,5,0,,,,0.33395,0.0,0.0,0.0,721.52
6,14,5,0,,,,2.0134666,0.0,0.0,0.0,665.51
6,15,5,0,,,,1.7226334,0.0,0.0,0.0,584.31
6,16,5,0,,,,2.5118833,0.0,0.0,0.0,453.34
6,17,5,0,,,,2.3684666,0.0,0.0,0.0,223.53
6,18,5,0,,,,2.8167167,0.0,0.0,0.0,14.31
6,19,5,0,,,,1.8609834,0.0,0.0,0.0,13.09
6,20,5,0,,,,1.837825,0.0,0.0,0.0,1.48
6,21,5,0,,,,1.1755667,0.0,0.0,0.0,0.0
6,22,5,0,,,,1.2531834,0.0,0.0,0.0,0.0
6,23,5,0,,,,1.34785,0.0,0.0,0.0,0.0
6,24,5,0,,,,0.4253,0.0,0.0,0.0,0.0
6,1,6,0,,,,0.4119,0.0,0.0,0.0,0.0
6,2,6,0,,,,0.42853335,0.0,0.0,0.0,0.0
6,3,6,0,,,,0.41345,0.0,0.0,0.0,0.0
6,4,6,0,,,,0.41126665,0.0,0.0,0.0,0.0
6,5,6,0,,,,0.36136666,0.0,0.0,0.0,0.0
6,6,6,0,,,,0.34371668,0.0,0.0,0.0,1.57
6,7,6,0,,,,1.2728667,0.0,0.0,0.0,11.7
6,8,6,0,,,,1.3014,0.0,0.0,0.0,160.66
6,9,6,0,,,,0.6982333,0.0,0.0,0.0,330.04
6,10,6,0,,,,0.5625167,0.0,0.0,0.0,574.0
6,11,6,0,,,,0.6022,0.0,0.0,0.0,683.91
6,12,6,0,,,,1.3377833,0.0,0.0,0.0,733.94
6,13,6,0,,,,0.8401333,0.0,0.0,0.0,758.37
6,14,6,0,,,,2.20265,0.0,0.0,0.0,744.35
6,15,6,0,,,,2.4242,0.0,0.0,0.0,649.4
6,16,6,0,,,,2.2104332,0.0,0.0,0.0,528.87
6,17,6,0,,,,2.7799168,0.0,0.0,0.0,363.96
6,18,6,0,,,,2.7171,0.0,0.0,0.0,191.0
6,19,6,0,,,,2.4740334,0.0,0.0,0.0,49.64
6,20,6,0,,,,2.0833833,0.0,0.0,0.0,21.11
6,21,6,0,,,,1.6773,0.0,0.0,0.0,0.0
6,22,6,0,,,,0.7528833,0.0,0.0,0.0,0.0
6,23,6,0,,,,0.40061668,0.0,0.0,0.0,0.0
6,24,6,0,,,,0.39834166,0.0,0.0,0.0,0.0
6,1,7,0,,,,0.40355,0.0,0.0,0.0,0.0
6,2,7,0,,,,0.39913332,0.0,0.0,0.0,0.0
6,3,7,0,,,,0.39835,0.0,0.0,0.0,0.0
6,4,7,0,,,,0.4028,0.0,0.0,0.0,0.0
6,5,7,0,,,,0.78241664,0.0,0.0,0.0,0.0
6,6,7,0,,,,0.6770667,0.0,0.0,0.0,25.73
6,7,7,0,,,,0.7344667,0.0,0.0,0.0,100.01
6,8,7,0,,,,1.38565,0.0,0.0,0.0,277.41
6,9,7,0,,,,1.4135,0.0,0.0,0.0,457.01
6,10,7,0,,,,2.6785,0.0,0.0,0.0,523.89
6,11,7,0,,,,3.11575,0.0,0.0,0.0,719.59
6,12,7,0,,,,2.3530834,0.0,0.0,0.0,783.55
6,13,7,0,,,,3.3130667,0.0,0.0,0.0,797.14
6,14,7,0,,,,2.7455,0.0,0.0,0.0,776.84
6,15,7,0,,,,2.1698,0.0,0.0,0.0,681.62
6,16,7,0,,,,3.6601334,0.0,0.0,0.0,558.81
6,17,7,0,,,,2.933,0.0,0.0,0.0,394.95
6,18,7,0,,,,3.6951666,0.0,0.0,0.0,201.59
6,19,7,0,,,,2.6219,0.0,0.0,0.0,37.66
6,20,7,0,,,,1.5364333,0.0,0.0,0.0,21.12
6,21,7,0,,,,1.4217666,0.0,0.0,0.0,0.0
6,22,7,0,,,,1.29055,0.0,0.0,0.0,0.0
6,23,7,0,,,,0.95696664,0.0,0.0,0.0,0.0
6,24,7,0,,,,0.43449166,0.0,0.0,0.0,0.0
6,1,1,0,,,,0.90683335,0.0,0.0,0.0,0.0
6,2,1,0,,,,0.43313333,0.0,0.0,0.0,0.0
6,3,1,0,,,,0.5334,0.0,0.0,0.0,0.0
6,4,1,0,,,,0.91585,0.0,0.0,0.0,0.0
6,5,1,0,,,,0.37168333,0.0,0.0,0.0,0.0
6,6,1,0,,,,0.8670167,0.0,0.0,0.0,29.19
6,7,1,0,,,,1.6409167,0.0,0.0,0.0,104.21
6,8,1,0,,,,0.87203336,0.0,0.0,0.0,270.41
6,9,1,0,,,,0.38563332,0.0,0.0,0.0,441.43
6,10,1,0,,,,0.34245,0.0,0.0,0.0,560.78
6,11,1,0,,,,0.3356,0.0,0.0,0.0,663.13
6,12,1,0,,,,0.51835,0.0,0.0,0.0,713.46
6,13,1,0,,,,2.3653333,0.0,0.0,0.0,739.14
6,14,1,0,,,,3.7044418,0.0,0.0,0.0,704.98
6,15,1,0,,,,2.5783668,0.0,0.0,0.0,622.35
6,16,1,0,,,,3.3172,0.0,0.0,0.0,507.75
6,17,1,0,,,,3.0847,0.0,0.0,0.0,341.97
6,18,1,0,,,,2.6966834,0.0,0.0,0.0,198.14
6,19,1,0,,,,2.0924332,0.0,0.0,0.0,51.17
6,20,1,0,,,,2.30445,0.0,0.0,0.0,20.95
6,21,1,0,,,,1.4979666,0.0,0.0,0.0,0.0
6,22,1,0,,,,1.9627833,0.0,0.0,0.0,0.0
6,23,1,0,,,,1.3064834,0.0,0.0,0.0,0.0
6,24,1,0,,,,0.43825,0.0,0.0,0.0,0.0
6,1,2,0,,,,0.43066666,0.0,0.0,0.0,0.0
6,2,2,0,,,,0.6892667,0.0,0.0,0.0,0.0
6,3,2,0,,,,0.9676333,0.0,0.0,0.0,0.0
6,4,2,0,,,,0.44293332,0.0,0.0,0.0,0.0
6,5,2,0,,,,0.40933332,0.0,0.0,0.0,0.0
6,6,2,0,,,,0.8178167,0.0,0.0,0.0,35.53
6,7,2,0,,,,0.39386666,0.0,0.0,0.0,95.26
6,8,2,0,,,,0.52566665,0.0,0.0,0.0,217.94
6,9,2,0,,,,0.40851668,0.0,0.0,0.0,407.09
6,10,2,0,,,,0.3827,0.0,0.0,0.0,558.05
6,11,2,0,,,,0.8347167,0.0,0.0,0.0,499.53
6,12,2,0,,,,0.47203332,0.0,0.0,0.0,47.7
6,13,2,0,,,,0.4533,0.0,0.0,0.0,66.82
6,14,2,0,,,,0.3693,0.0,0.0,0.0,78.57
6,15,2,0,,,,0.36795,0.0,0.0,0.0,85.09
6,16,2,0,,,,1.4577334,0.0,0.0,0.0,461.89
6,17,2,0,,,,2.2676,0.0,0.0,0.0,66.6
6,18,2,0,,,,1.73005,0.0,0.0,0.0,181.32
6,19,2,0,,,,2.3572667,0.0,0.0,0.0,47.93
6,20,2,0,,,,3.1039166,0.0,0.0,0.0,2.34
6,21,2,0,,,,1.95425,0.0,0.0,0.0,0.0
6,22,2,0,,,,1.0844667,0.0,0.0,0.0,0.0
6,23,2,0,,,,1.0136833,0.0,0.0,0.0,0.0
6,24,2,0,,,,0.4392,0.0,0.0,0.0,0.0
6,1,3,0,,,,0.95606667,0.0,0.0,0.0,0.0
6,2,3,0,,,,0.42816666,0.0,0.0,0.0,0.0
6,3,3,0,,,,0.40205,0.0,0.0,0.0,0.0
6,4,3,0,,,,0.43018332,0.0,0.0,0.0,0.0
6,5,3,0,,,,0.35913333,0.0,0.0,0.0,0.0
6,6,3,0,,,,0.50638336,0.0,0.0,0.0,20.24
6,7,3,0,,,,1.1951166,0.0,0.0,0.0,39.9
6,8,3,0,,,,0.7309667,0.0,0.0,0.0,218.56
6,9,3,0,,,,1.1625333,0.0,0.0,0.0,170.65
6,10,3,0,,,,1.6171666,0.0,0.0,0.0,190.47
6,11,3,0,,,,0.37865,0.0,0.0,0.0,208.76
6,12,3,0,,,,0.33553332,0.0,0.0,0.0,495.0
6,13,3,0,,,,0.40386668,0.0,0.0,0.0,260.66
6,14,3,0,,,,0.5973,0.0,0.0,0.0,242.12
6,15,3,0,,,,0.32813334,0.0,0.0,0.0,539.21
6,16,3,0,,,,0.32905,0.0,0.0,0.0,544.36
6,17,3,0,,,,0.5071333,0.0,0.0,0.0,255.14
6,18,3,0,,,,2.4985666,0.0,0.0,0.0,15.63
6,19,3,0,,,,2.4319668,0.0,0.0,0.0,73.2
6,20,3,0,,,,2.8992,0.0,0.0,0.0,10.31
6,21,3,0,,,,1.9080334,0.0,0.0,0.0,0.0
6,22,3,0,,,,1.0332,0.0,0.0,0.0,0.0
6,23,3,0,,,,0.41275,0.0,0.0,0.0,0.0
6,24,3,0,,,,0.99521667,0.0,0.0,0.0,0.0
6,1,4,0,,,,0.40571666,0.0,0.0,0.0,0.0
6,2,4,0,,,,0.38546667,0.0,0.0,0.0,0.0
6,3,4,0,,,,0.34528333,0.0,0.0,0.0,0.0
6,4,4,0,,,,0.37898332,0.0,0.0,0.0,0.0
6,5,4,0,,,,0.34768334,0.0,0.0,0.0,0.0
6,6,4,0,,,,0.35101667,0.0,0.0,0.0,28.54
6,7,4,0,,,,0.4711,0.0,0.0,0.0,84.25
6,8,4,0,,,,0.68005,0.0,0.0,0.0,287.66
6,9,4,0,,,,0.38056666,0.0,0.0,0.0,483.22
6,10,4,0,,,,0.41236666,0.0,0.0,0.0,604.5
6,11,4,0,,,,0.33816665,0.0,0.0,0.0,626.95
6,12,4,0,,,,0.3364,0.0,0.0,0.0,464.18
6,13,4,0,,,,0.33228335,0.0,0.0,0.0,667.53
6,14,4,0,,,,0.33183333,0.0,0.0,0.0,120.37
6,15,4,0,,,,2.7511,0.0,0.0,0.0,314.04
6,16,4,0,,,,2.5574334,0.0,0.0,0.0,83.74
6,17,4,0,,,,1.3649833,0.0,0.0,0.0,315.22
6,18,4,0,,,,1.2921333,0.0,0.0,0.0,167.09
6,19,4,0,,,,0.93965,0.0,0.0,0.0,40.26
6,20,4,0,,,,1.6842166,0.0,0.0,0.0,20.72
6,21,4,0,,,,0.9583667,0.0,0.0,0.0,0.0
6,22,4,0,,,,1.8536333,0.0,0.0,0.0,0.0
6,23,4,0,,,,0.4513,0.0,0.0,0.0,0.0
6,24,4,0,,,,0.44203332,0.0,0.0,0.0,0.0
6,1,5,0,,,,1.3988333,0.0,0.0,0.0,0.0
6,2,5,0,,,,0.44093335,0.0,0.0,0.0,0.0
6,3,5,0,,,,0.45921665,0.0,0.0,0.0,0.0
6,4,5,0,,,,0.45445833,0.0,0.0,0.0,0.0
6,5,5,0,,,,0.45163333,0.0,0.0,0.0,0.0
6,6,5,0,,,,0.43613333,0.0,0.0,0.0,1.66
6,7,5,0,,,,0.8904625,0.0,0.0,0.0,9.01
6,8,5,0,,,,0.6936167,0.0,0.0,0.0,50.33
6,9,5,0,,,,0.78063333,0.0,0.0,0.0,92.18
6,10,5,0,,,,0.91943336,0.0,0.0,0.0,378.8
6,11,5,0,,,,0.9464833,0.0,0.0,0.0,696.78
6,12,5,0,,,,1.75855,0.0,0.0,0.0,441.16
6,13,5,0,,,,2.0540667,0.0,0.0,0.0,535.93
6,14,5,0,,,,3.3331,0.0,0.0,0.0,584.37
6,15,5,0,,,,2.88725,0.0,0.0,0.0,680.57
6,16,5,0,,,,1.9710667,0.0,0.0,0.0,424.74
6,17,5,0,,,,2.52975,0.0,0.0,0.0,390.19
6,18,5,0,,,,1.1416167,0.0,0.0,0.0,192.68
6,19,5,0,,,,2.15525,0.0,0.0,0.0,44.26
6,20,5,0,,,,1.58905,0.0,0.0,0.0,21.33
6,21,5,0,,,,0.62591666,0.0,0.0,0.0,0.0
6,22,5,0,,,,1.1634667,0.0,0.0,0.0,0.0
6,23,5,0,,,,0.44267222,0.0,0.0,0.0,0.0
6,24,5,0,,,,0.42506668,0.0,0.0,0.0,0.0
7,1,6,0,,,,0.42061666,0.0,0.0,0.0,0.0
7,2,6,0,,,,0.4143,0.0,0.0,0.0,0.0
7,3,6,0,,,,0.8276333,0.0,0.0,0.0,0.0
7,4,6,0,,,,0.41935,0.0,0.0,0.0,0.0
7,5,6,0,,,,0.44440833,0.0,0.0,0.0,0.0
7,6,6,0,,,,0.44935,0.0,0.0,0.0,36.2
7,7,6,0,,,,1.10495,0.0,0.0,0.0,87.64
7,8,6,0,,,,1.21015,0.0,0.0,0.0,264.07
7,9,6,0,,,,0.6611,0.0,0.0,0.0,438.36
7,10,6,0,,,,0.8551667,0.0,0.0,0.0,587.05
7,11,6,0,,,,0.5090333,0.0,0.0,0.0,684.31
7,12,6,0,,,,0.70393336,0.0,0.0,0.0,736.15
7,13,6,0,,,,2.71625,0.0,0.0,0.0,757.63
7,14,6,0,,,,2.7072666,0.0,0.0,0.0,728.24
7,15,6,0,,,,2.3273,0.0,0.0,0.0,645.67
7,16,6,0,,,,2.5332334,0.0,0.0,0.0,534.61
7,17,6,0,,,,1.7319334,0.0,0.0,0.0,373.48
7,18,6,0,,,,1.9449834,0.0,0.0,0.0,193.25
7,19,6,0,,,,2.1217833,0.0,0.0,0.0,52.03
7,20,6,0,,,,1.5730333,0.0,0.0,0.0,19.49
7,21,6,0,,,,1.4677334,0.0,0.0,0.0,0.0
7,22,6,0,,,,1.04705,0.0,0.0,0.0,0.0
7,23,6,0,,,,0.57225,0.0,0.0,0.0,0.0
7,24,6,0,,,,0.46555,0.0,0.0,0.0,0.0
7,1,7,0,,,,0.46733335,0.0,0.0,0.0,0.0
7,2,7,0,,,,0.4817,0.0,0.0,0.0,0.0
7,3,7,0,,,,0.5032167,0.0,0.0,0.0,0.0
7,4,7,0,,,,0.50765,0.0,0.0,0.0,0.0
7,5,7,0,,,,0.5006,0.0,0.0,0.0,0.0
7,6,7,0,,,,0.48235,0.0,0.0,0.0,29.48
7,7,7,0,,,,1.12995,0.0,0.0,0.0,97.95
7,8,7,0,,,,0.9652333,0.0,0.0,0.0,225.87
7,9,7,0,,,,1.0111834,0.0,0.0,0.0,393.48
7,10,7,0,,,,1.4716,0.0,0.0,0.0,319.71
7,11,7,0,,,,1.61895,0.0,0.0,0.0,652.0
7,12,7,0,,,,2.5739667,0.0,0.0,0.0,669.68
7,13,7,0,,,,2.3210666,0.0,0.0,0.0,232.5
7,14,7,0,,,,1.8932,0.0,0.0,0.0,126.59
7,15,7,0,,,,2.0386834,0.0,0.0,0.0,322.32
7,16,7,0,,,,2.0784667,0.0,0.0,0.0,515.49
7,17,7,0,,,,1.9429166,0.0,0.0,0.0,185.24
7,18,7,0,,,,2.3452168,0.0,0.0,0.0,184.46
7,19,7,0,,,,1.5791,0.0,0.0,0.0,54.69
7,20,7,0,,,,1.3719833,0.0,0.0,0.0,19.44
7,21,7,0,,,,1.4162667,0.0,0.0,0.0,0.0
7,22,7,0,,,,1.1425667,0.0,0.0,0.0,0.0
7,23,7,0,,,,0.44283333,0.0,0.0,0.0,0.0
7,24,7,0,,,,1.18525,0.0,0.0,0.0,0.0
7,1,1,0,,,,0.48028332,0.0,0.0,0.0,0.0
7,2,1,0,,,,0.3802,0.0,0.0,0.0,0.0
7,3,1,0,,,,0.38085,0.0,0.0,0.0,0.0
7,4,1,0,,,,0.39141667,0.0,0.0,0.0,0.0
7,5,1,0,,,,0.43255,0.0,0.0,0.0,0.0
7,6,1,0,,,,0.85225,0.0,0.0,0.0,34.75
7,7,1,0,,,,1.1777667,0.0,0.0,0.0,88.42
7,8,1,0,,,,1.1554,0.0,0.0,0.0,274.14
7,9,1,0,,,,1.51815,0.0,0.0,0.0,462.98
7,10,1,0,,,,1.3780667,0.0,0.0,0.0,625.08
7,11,1,0,,,,1.0202,0.0,0.0,0.0,723.58
7,12,1,0,,,,1.39785,0.0,0.0,0.0,605.93
7,13,1,0,,,,1.5313833,0.0,0.0,0.0,636.66
7,14,1,0,,,,2.1061833,0.0,0.0,0.0,707.46
7,15,1,0,,,,2.6340833,0.0,0.0,0.0,620.33
7,16,1,0,,,,2.9997666,0.0,0.0,0.0,526.77
7,17,1,0,,,,2.5143166,0.0,0.0,0.0,339.2
7,18,1,0,,,,2.0187,0.0,0.0,0.0,191.05
7,19,1,0,,,,1.72535,0.0,0.0,0.0,73.8
7,20,1,0,,,,2.5536,0.0,0.0,0.0,21.66
7,21,1,0,,,,1.1958,0.0,0.0,0.0,0.0
7,22,1,0,,,,1.0252666,0.0,0.0,0.0,0.0
7,23,1,0,,,,0.4271,0.0,0.0,0.0,0.0
7,24,1,0,,,,0.427125,0.0,0.0,0.0,0.0
7,1,2,0,,,,0.43046665,0.0,0.0,0.0,0.0
7,2,2,0,,,,0.4251,0.0,0.0,0.0,0.0
7,3,2,0,,,,0.4266,0.0,0.0,0.0,0.0
7,4,2,0,,,,0.43458334,0.0,0.0,0.0,0.0
7,5,2,0,,,,0.4246,0.0,0.0,0.0,0.0
7,6,2,0,,,,0.72258335,0.0,0.0,0.0,35.37
7,7,2,0,,,,1.63835,0.0,0.0,0.0,102.96
7,8,2,0,,,,1.11825,0.0,0.0,0.0,247.95
7,9,2,0,,,,0.6077833,0.0,0.0,0.0,469.21
7,10,2,0,,,,0.34556666,0.0,0.0,0.0,609.59
7,11,2,0,,,,0.34053335,0.0,0.0,0.0,459.7
7,12,2,0,,,,0.3278,0.0,0.0,0.0,607.74
7,13,2,0,,,,1.3693334,0.0,0.0,0.0,662.93
7,14,2,0,,,,4.02025,0.0,0.0,0.0,557.53
7,15,2,0,,,,2.9698834,0.0,0.0,0.0,344.08
7,16,2,0,,,,2.4136333,0.0,0.0,0.0,326.42
7,17,2,0,,,,3.2652,0.0,0.0,0.0,165.09
7,18,2,0,,,,2.8349833,0.0,0.0,0.0,190.2
7,19,2,0,,,,2.1655834,0.0,0.0,0.0,69.21
7,20,2,0,,,,2.3285,0.0,0.0,0.0,20.63
7,21,2,0,,,,1.9849334,0.0,0.0,0.0,0.0
7,22,2,0,,,,1.355525,0.0,0.0,0.0,0.0
7,23,2,0,,,,0.43826666,0.0,0.0,0.0,0.0
7,24,2,0,,,,0.4551,0.0,0.0,0.0,0.0
7,1,3,0,,,,1.13405,0.0,0.0,0.0,0.0
7,2,3,0,,,,0.51058334,0.0,0.0,0.0,0.0
7,3,3,0,,,,0.4252,0.0,0.0,0.0,0.0
7,4,3,0,,,,0.41251665,0.0,0.0,0.0,0.0
7,5,3,0,,,,0.9314167,0.0,0.0,0.0,0.0
7,6,3,0,,,,0.6642,0.0,0.0,0.0,35.76
7,7,3,0,,,,1.2032334,0.0,0.0,0.0,83.0
7,8,3,0,,,,1.5762666,0.0,0.0,0.0,266.19
7,9,3,0,,,,2.70895,0.0,0.0,0.0,451.76
7,10,3,0,,,,1.8443167,0.0,0.0,0.0,614.7
7,11,3,0,,,,1.5632334,0.0,0.0,0.0,654.02
7,12,3,0,,,,2.2065666,0.0,0.0,0.0,628.25
7,13,3,0,,,,2.33035,0.0,0.0,0.0,625.32
7,14,3,0,,,,1.65425,0.0,0.0,0.0,571.17
7,15,3,0,,,,2.5400167,0.0,0.0,0.0,533.06
7,16,3,0,,,,2.29755,0.0,0.0,0.0,391.09
7,17,3,0,,,,2.5129666,0.0,0.0,0.0,283.78
7,18,3,0,,,,2.79595,0.0,0.0,0.0,142.23
7,19,3,0,,,,2.51955,0.0,0.0,0.0,8.06
7,20,3,0,,,,2.3595834,0.0,0.0,0.0,1.16
7,21,3,0,,,,1.7727333,0.0,0.0,0.0,0.0
7,22,3,0,,,,1.9954,0.0,0.0,0.0,0.0
7,23,3,0,,,,1.3125,0.0,0.0,0.0,0.0
7,24,3,0,,,,0.462075,0.0,0.0,0.0,0.0
7,1,4,0,,,,0.42991668,0.0,0.0,0.0,0.0
7,2,4,0,,,,1.1871667,0.0,0.0,0.0,0.0
7,3,4,0,,,,0.51885,0.0,0.0,0.0,0.0
7,4,4,0,,,,0.43865,0.0,0.0,0.0,0.0
7,5,4,0,,,,0.3931,0.0,0.0,0.0,0.0
7,6,4,0,,,,1.2593334,0.0,0.0,0.0,10.57
7,7,4,0,,,,0.41301668,0.0,0.0,0.0,89.89
7,8,4,0,,,,0.36793333,0.0,0.0,0.0,273.5
7,9,4,0,,,,0.38435,0.0,0.0,0.0,419.1
7,10,4,0,,,,0.70595,0.0,0.0,0.0,592.35
7,11,4,0,,,,0.33941665,0.0,0.0,0.0,586.01
7,12,4,0,,,,0.3339,0.0,0.0,0.0,666.24
7,13,4,0,,,,0.30153334,0.0,0.0,0.0,641.59
7,14,4,0,,,,0.29561666,0.0,0.0,0.0,723.97
7,15,4,0,,,,0.2961,0.0,0.0,0.0,663.62
7,16,4,0,,,,0.30106667,0.0,0.0,0.0,540.39
7,17,4,0,,,,1.2959833,0.0,0.0,0.0,395.86
7,18,4,0,,,,3.8367333,0.0,0.0,0.0,207.82
7,19,4,0,,,,3.5224166,0.0,0.0,0.0,56.89
7,20,4,0,,,,3.23865,0.0,0.0,0.0,21.01
7,21,4,0,,,,2.2869167,0.0,0.0,0.0,0.0
7,22,4,0,,,,2.0688,0.0,0.0,0.0,0.0
7,23,4,0,,,,1.4020166,0.0,0.0,0.0,0.0
7,24,4,0,,,,0.981,0.0,0.0,0.0,0.0
7,1,5,0,,,,0.99188334,0.0,0.0,0.0,0.0
7,2,5,0,,,,0.38191667,0.0,0.0,0.0,0.0
7,3,5,0,,,,0.9801667,0.0,0.0,0.0,0.0
7,4,5,0,,,,0.92801666,0.0,0.0,0.0,0.0
7,5,5,0,,,,0.35748333,0.0,0.0,0.0,0.0
7,6,5,0,,,,0.94413334,0.0,0.0,0.0,1.21
7,7,5,0,,,,1.3685666,0.0,0.0,0.0,10.1
7,8,5,0,,,,1.36885,0.0,0.0,0.0,231.17
7,9,5,0,,,,0.45468333,0.0,0.0,0.0,304.44
7,10,5,0,,,,0.34795,0.0,0.0,0.0,578.77
7,11,5,0,,,,0.33678332,0.0,0.0,0.0,76.96
7,12,5,0,,,,0.28351668,0.0,0.0,0.0,173.37
7,13,5,0,,,,0.29223335,0.0,0.0,0.0,520.47
7,14,5,0,,,,0.29233333,0.0,0.0,0.0,461.3
7,15,5,0,,,,2.5799,0.0,0.0,0.0,662.5
7,16,5,0,,,,4.1940165,0.0,0.0,0.0,281.98
7,17,5,0,,,,2.6846,0.0,0.0,0.0,157.07
7,18,5,0,,,,2.1126168,0.0,0.0,0.0,113.83
7,19,5,0,,,,1.4044167,0.0,0.0,0.0,5.9
7,20,5,0,,,,1.8772334,0.0,0.0,0.0,0.45
7,21,5,0,,,,1.6200833,0.0,0.0,0.0,0.0
7,22,5,0,,,,1.8896166,0.0,0.0,0.0,0.0
7,23,5,0,,,,1.3409834,0.0,0.0,0.0,0.0
7,24,5,0,,,,1.2911084,0.0,0.0,0.0,0.0
7,1,6,0,,,,1.2360667,0.0,0.0,0.0,0.0
7,2,6,0,,,,1.20485,0.0,0.0,0.0,0.0
7,3,6,0,,,,1.2050333,0.0,0.0,0.0,0.0
7,4,6,0,,,,0.8362833,0.0,0.0,0.0,0.0
7,5,6,0,,,,1.19065,0.0,0.0,0.0,0.0
7,6,6,0,,,,0.76053333,0.0,0.0,0.0,1.22
7,7,6,0,,,,1.6996666,0.0,0.0,0.0,8.34
7,8,6,0,,,,1.6011,0.0,0.0,0.0,43.51
7,9,6,0,,,,1.95415,0.0,0.0,0.0,193.25
7,10,6,0,,,,0.34796667,0.0,0.0,0.0,566.62
7,11,6,0,,,,0.33526668,0.0,0.0,0.0,517.35
7,12,6,0,,,,0.30325,0.0,0.0,0.0,421.59
7,13,6,0,,,,0.28123334,0.0,0.0,0.0,513.75
7,14,6,0,,,,0.27041668,0.0,0.0,0.0,514.16
7,15,6,0,,,,0.28553334,0.0,0.0,0.0,133.07
7,16,6,0,,,,0.30456668,0.0,0.0,0.0,323.88
7,17,6,0,,,,0.28863335,0.0,0.0,0.0,272.93
7,18,6,0,,,,0.32005,0.0,0.0,0.0,160.49
7,19,6,0,,,,0.23868333,0.0,0.0,0.0,72.47
7,20,6,0,,,,0.32826668,0.0,0.0,0.0,20.61
7,21,6,0,,,,0.32963333,0.0,0.0,0.0,0.0
7,22,6,0,,,,0.32935417,0.0,0.0,0.0,0.0
7,23,6,0,,,,0.33773333,0.0,0.0,0.0,0.0
7,24,6,0,,,,0.34295833,0.0,0.0,0.0,0.0
7,1,7,0,,,,0.34466666,0.0,0.0,0.0,0.0
7,2,7,0,,,,0.32963333,0.0,0.0,0.0,0.0
7,3,7,0,,,,0.33933333,0.0,0.0,0.0,0.0
7,4,7,0,,,,0.34386668,0.0,0.0,0.0,0.0
7,5,7,0,,,,0.34441668,0.0,0.0,0.0,0.0
7,6,7,0,,,,0.32678333,0.0,0.0,0.0,19.27
7,7,7,0,,,,0.30256668,0.0,0.0,0.0,87.63
7,8,7,0,,,,0.30745,0.0,0.0,0.0,268.44
7,9,7,0,,,,0.28585,0.0,0.0,0.0,429.86
7,10,7,0,,,,0.29243332,0.0,0.0,0.0,570.93
7,11,7,0,,,,0.31413335,0.0,0.0,0.0,692.09
7,12,7,0,,,,0.29823333,0.0,0.0,0.0,699.43
7,13,7,0,,,,0.29445,0.0,0.0,0.0,416.54
7,14,7,0,,,,0.29576668,0.0,0.0,0.0,661.77
7,15,7,0,,,,0.33573332,0.0,0.0,0.0,555.9
7,16,7,0,,,,0.37895,0.0,0.0,0.0,484.29
7,17,7,0,,,,2.1169167,0.0,0.0,0.0,227.48
7,18,7,0,,,,3.97185,0.0,0.0,0.0,199.43
7,19,7,0,,,,3.5711834,0.0,0.0,0.0,51.5
7,20,7,0,,,,3.7634332,0.0,0.0,0.0,16.29
7,21,7,0,,,,3.7940667,0.0,0.0,0.0,0.0
7,22,7,0,,,,3.0636,0.0,0.0,0.0,0.0
7,23,7,0,,,,1.7435,0.0,0.0,0.0,0.0
7,24,7,0,,,,1.99375,0.0,0.0,0.0,0.0
7,1,1,0,,,,1.2173166,0.0,0.0,0.0,0.0
7,2,1,0,,,,1.2217667,0.0,0.0,0.0,0.0
7,3,1,0,,,,1.0793333,0.0,0.0,0.0,0.0
7,4,1,0,,,,1.2224166,0.0,0.0,0.0,0.0
7,5,1,0,,,,0.77601665,0.0,0.0,0.0,0.0
7,6,1,0,,,,1.3764666,0.0,0.0,0.0,30.79
7,7,1,0,,,,1.3858666,0.0,0.0,0.0,35.45
7,8,1,0,,,,1.4199834,0.0,0.0,0.0,194.93
7,9,1,0,,,,2.1232834,0.0,0.0,0.0,70.24
7,10,1,0,,,,2.0484834,0.0,0.0,0.0,157.14
7,11,1,0,,,,2.6549666,0.0,0.0,0.0,220.7
7,12,1,0,,,,2.3923833,0.0,0.0,0.0,721.58
7,13,1,0,,,,3.3519332,0.0,0.0,0.0,602.41
7,14,1,0,,,,3.4740834,0.0,0.0,0.0,426.88
7,15,1,0,,,,3.6514,0.0,0.0,0.0,314.24
7,16,1,0,,,,2.7800333,0.0,0.0,0.0,431.08
7,17,1,0,,,,3.6283166,0.0,0.0,0.0,284.86
7,18,1,0,,,,2.7302833,0.0,0.0,0.0,109.57
7,19,1,0,,,,2.0724332,0.0,0.0,0.0,72.61
7,20,1,0,,,,2.6503334,0.0,0.0,0.0,20.26
7,21,1,0,,,,2.3358667,0.0,0.0,0.0,0.0
7,22,1,0,,,,1.32505,0.0,0.0,0.0,0.0
7,23,1,0,,,,0.42908335,0.0,0.0,0.0,0.0
7,24,1,0,,,,1.26335,0.0,0.0,0.0,0.0
7,1,2,0,,,,0.58603334,0.0,0.0,0.0,0.0
7,2,2,0,,,,1.0865834,0.0,0.0,0.0,0.0
7,3,2,0,,,,0.51376665,0.0,0.0,0.0,0.0
7,4,2,0,,,,0.8858333,0.0,0.0,0.0,0.0
7,5,2,0,,,,0.5338333,0.0,0.0,0.0,0.0
7,6,2,0,,,,1.0392333,0.0,0.0,0.0,0.87
7,7,2,0,,,,1.20365,0.0,0.0,0.0,8.51
7,8,2,0,,,,0.5466,0.0,0.0,0.0,33.76
7,9,2,0,,,,0.5541,0.0,0.0,0.0,128.24
7,10,2,0,,,,0.6303833,0.0,0.0,0.0,245.13
7,11,2,0,,,,0.80116665,0.0,0.0,0.0,432.39
7,12,2,0,,,,0.6139333,0.0,0.0,0.0,542.47
7,13,2,0,,,,0.3548,0.0,0.0,0.0,439.91
7,14,2,0,,,,0.33668333,0.0,0.0,0.0,282.27
7,15,2,0,,,,0.30901667,0.0,0.0,0.0,259.16
7,16,2,0,,,,1.28805,0.0,0.0,0.0,262.77
7,17,2,0,,,,3.8385,0.0,0.0,0.0,265.21
7,18,2,0,,,,2.1323333,0.0,0.0,0.0,186.14
7,19,2,0,,,,3.2293832,0.0,0.0,0.0,15.22
7,20,2,0,,,,3.8919168,0.0,0.0,0.0,20.31
7,21,2,0,,,,1.5912167,0.0,0.0,0.0,0.0
7,22,2,0,,,,0.39935,0.0,0.0,0.0,0.0
7,23,2,0,,,,0.79143333,0.0,0.0,0.0,0.0
7,24,2,0,,,,0.8002667,0.0,0.0,0.0,0.0
7,1,3,0,,,,0.6850333,0.0,0.0,0.0,0.0
7,2,3,0,,,,0.47096667,0.0,0.0,0.0,0.0
7,3,3,0,,,,0.36325,0.0,0.0,0.0,0.0
7,4,3,0,,,,0.8182833,0.0,0.0,0.0,0.0
7,5,3,0,,,,0.34206668,0.0,0.0,0.0,0.0
7,6,3,0,,,,0.32283333,0.0,0.0,0.0,28.73
7,7,3,0,,,,1.4901333,0.0,0.0,0.0,67.63
7,8,3,0,,,,0.9286,0.0,0.0,0.0,68.28
7,9,3,0,,,,0.89491665,0.0,0.0,0.0,303.87
7,10,3,0,,,,1.2977667,0.0,0.0,0.0,451.04
7,11,3,0,,,,1.2522167,0.0,0.0,0.0,628.65
7,12,3,0,,,,1.3503,0.0,0.0,0.0,275.63
7,13,3,0,,,,0.38261667,0.0,0.0,0.0,377.22
7,14,3,0,,,,0.38651666,0.0,0.0,0.0,120.49
7,15,3,0,,,,0.38981667,0.0,0.0,0.0,463.98
7,16,3,0,,,,0.45656666,0.0,0.0,0.0,414.6
7,17,3,0,,,,2.9133832,0.0,0.0,0.0,385.21
7,18,3,0,,,,3.4289334,0.0,0.0,0.0,53.65
7,19,3,0,,,,2.6843,0.0,0.0,0.0,56.4
7,20,3,0,,,,2.8386667,0.0,0.0,0.0,18.85
7,21,3,0,,,,2.9509332,0.0,0.0,0.0,0.0
7,22,3,0,,,,1.3986666,0.0,0.0,0.0,0.0
7,23,3,0,,,,1.0173666,0.0,0.0,0.0,0.0
7,24,3,0,,,,0.83883333,0.0,0.0,0.0,0.0
7,1,4,0,,,,1.2539166,0.0,0.0,0.0,0.0
7,2,4,0,,,,1.0865834,0.0,0.0,0.0,0.0
7,3,4,0,,,,0.39758334,0.0,0.0,0.0,0.0
7,4,4,0,,,,0.35181665,0.0,0.0,0.0,0.0
7,5,4,0,,,,0.34066668,0.0,0.0,0.0,0.0
7,6,4,0,,,,1.0838833,0.0,0.0,0.0,28.74
7,7,4,0,,,,0.43018332,0.0,0.0,0.0,87.97
7,8,4,0,,,,0.36938334,0.0,0.0,0.0,259.86
7,9,4,0,,,,0.36581665,0.0,0.0,0.0,428.57
7,10,4,0,,,,0.35695,0.0,0.0,0.0,587.78
7,11,4,0,,,,1.41945,0.0,0.0,0.0,667.11
7,12,4,0,,,,1.5645334,0.0,0.0,0.0,707.14
7,13,4,0,,,,2.2019167,0.0,0.0,0.0,712.05
7,14,4,0,,,,2.6314166,0.0,0.0,0.0,682.24
7,15,4,0,,,,2.0458667,0.0,0.0,0.0,502.6
7,16,4,0,,,,2.4685833,0.0,0.0,0.0,540.49
7,17,4,0,,,,0.59835,0.0,0.0,0.0,252.56
7,18,4,0,,,,0.36196667,0.0,0.0,0.0,190.82
7,19,4,0,,,,0.21863337,0.0,0.0,0.0,48.61
7,20,4,0,,,,0.35826668,0.0,0.0,0.0,18.64
7,21,4,0,,,,0.33133334,0.0,0.0,0.0,0.0
7,22,4,0,,,,0.34415,0.0,0.0,0.0,0.0
7,23,4,0,,,,0.33645,0.0,0.0,0.0,0.0
7,24,4,0,,,,0.34540832,0.0,0.0,0.0,0.0
7,1,5,0,,,,0.34883332,0.0,0.0,0.0,0.0
7,2,5,0,,,,0.34985,0.0,0.0,0.0,0.0
7,3,5,0,,,,0.34381667,0.0,0.0,0.0,0.0
7,4,5,0,,,,0.34168333,0.0,0.0,0.0,0.0
7,5,5,0,,,,0.35143334,0.0,0.0,0.0,0.0
7,6,5,0,,,,0.31731668,0.0,0.0,0.0,3.51
7,7,5,0,,,,0.3509,0.0,0.0,0.0,49.78
7,8,5,0,,,,0.46555,0.0,0.0,0.0,94.9
7,9,5,0,,,,0.31741667,0.0,0.0,0.0,331.24
7,10,5,0,,,,0.58066666,0.0,0.0,0.0,553.51
7,11,5,0,,,,0.36633334,0.0,0.0,0.0,669.94
7,12,5,0,,,,0.31811666,0.0,0.0,0.0,511.84
7,13,5,0,,,,0.27523333,0.0,0.0,0.0,289.31
7,14,5,0,,,,0.3157,0.0,0.0,0.0,49.37
7,15,5,0,,,,0.27431667,0.0,0.0,0.0,39.27
7,16,5,0,,,,0.3245,0.0,0.0,0.0,164.84
7,17,5,0,,,,0.30908334,0.0,0.0,0.0,66.78
7,18,5,0,,,,0.3028,0.0,0.0,0.0,182.02
7,19,5,0,,,,0.20678337,0.0,0.0,0.0,68.23
7,20,5,0,,,,0.31533334,0.0,0.0,0.0,17.6
7,21,5,0,,,,0.34695,0.0,0.0,0.0,0.0
7,22,5,0,,,,0.32443333,0.0,0.0,0.0,0.0
7,23,5,0,,,,0.35546666,0.0,0.0,0.0,0.0
7,24,5,0,,,,0.33495834,0.0,0.0,0.0,0.0
7,1,6,0,,,,0.35568333,0.0,0.0,0.0,0.0
7,2,6,0,,,,0.33041668,0.0,0.0,0.0,0.0
7,3,6,0,,,,0.35456666,0.0,0.0,0.0,0.0
7,4,6,0,,,,0.3388,0.0,0.0,0.0,0.0
7,5,6,0,,,,0.34381667,0.0,0.0,0.0,0.0
7,6,6,0,,,,0.30536667,0.0,0.0,0.0,0.85
7,7,6,0,,,,0.30093333,0.0,0.0,0.0,7.8
7,8,6,0,,,,0.31796667,0.0,0.0,0.0,27.6
7,9,6,0,,,,0.2815,0.0,0.0,0.0,89.49
7,10,6,0,,,,0.29876667,0.0,0.0,0.0,98.36
7,11,6,0,,,,0.9209333,0.0,0.0,0.0,185.01
7,12,6,0,,,,4.08845,0.0,0.0,0.0,129.13
7,13,6,0,,,,4.0916834,0.0,0.0,0.0,106.53
7,14,6,0,,,,4.1150665,0.0,0.0,0.0,140.36
7,15,6,0,,,,4.1051,0.0,0.0,0.0,357.76
7,16,6,0,,,,3.90785,0.0,0.0,0.0,162.26
7,17,6,0,,,,4.09175,0.0,0.0,0.0,164.05
7,18,6,0,,,,3.9276667,0.0,0.0,0.0,186.08
7,19,6,0,,,,2.7268167,0.0,0.0,0.0,69.32
7,20,6,0,,,,1.46715,0.0,0.0,0.0,17.61
7,21,6,0,,,,1.64205,0.0,0.0,0.0,0.0
7,22,6,0,,,,1.9023666,0.0,0.0,0.0,0.0
7,23,6,0,,,,1.3818166,0.0,0.0,0.0,0.0
7,24,6,0,,,,0.48456666,0.0,0.0,0.0,0.0
7,1,7,0,,,,1.1956333,0.0,0.0,0.0,0.0
7,2,7,0,,,,0.4944,0.0,0.0,0.0,0.0
7,3,7,0,,,,0.82708335,0.0,0.0,0.0,0.0
7,4,7,0,,,,1.0480833,0.0,0.0,0.0,0.0
7,5,7,0,,,,0.37421668,0.0,0.0,0.0,0.0
7,6,7,0,,,,1.1478,0.0,0.0,0.0,0.87
7,7,7,0,,,,0.98905,0.0,0.0,0.0,82.73
7,8,7,0,,,,1.02275,0.0,0.0,0.0,254.03
7,9,7,0,,,,1.2009,0.0,0.0,0.0,436.02
7,10,7,0,,,,1.9832833,0.0,0.0,0.0,600.67
7,11,7,0,,,,2.89005,0.0,0.0,0.0,694.26
7,12,7,0,,,,2.3428667,0.0,0.0,0.0,746.07
7,13,7,0,,,,2.3369834,0.0,0.0,0.0,776.64
7,14,7,0,,,,2.3706334,0.0,0.0,0.0,748.24
7,15,7,0,,,,2.9800167,0.0,0.0,0.0,659.69
7,16,7,0,,,,2.1064832,0.0,0.0,0.0,424.99
7,17,7,0,,,,2.8341334,0.0,0.0,0.0,313.27
7,18,7,0,,,,2.0375834,0.0,0.0,0.0,38.85
7,19,7,0,,,,2.3945334,0.0,0.0,0.0,47.77
7,20,7,0,,,,1.41485,0.0,0.0,0.0,17.36
7,21,7,0,,,,1.6109,0.0,0.0,0.0,0.0
7,22,7,0,,,,0.4813,0.0,0.0,0.0,0.0
7,23,7,0,,,,1.1157,0.0,0.0,0.0,0.0
7,24,7,0,,,,1.6303333,0.0,0.0,0.0,0.0
7,1,1,0,,,,1.2747333,0.0,0.0,0.0,0.0
7,2,1,0,,,,0.5944333,0.0,0.0,0.0,0.0
7,3,1,0,,,,1.1304667,0.0,0.0,0.0,0.0
7,4,1,0,,,,0.9763167,0.0,0.0,0.0,0.0
7,5,1,0,,,,0.82556665,0.0,0.0,0.0,0.0
7,6,1,0,,,,1.1748166,0.0,0.0,0.0,0.49
7,7,1,0,,,,1.0347667,0.0,0.0,0.0,7.79
7,8,1,0,,,,0.6123667,0.0,0.0,0.0,37.04
7,9,1,0,,,,0.77286667,0.0,0.0,0.0,33.23
7,10,1,0,,,,0.95025,0.0,0.0,0.0,53.35
7,11,1,0,,,,0.7429,0.0,0.0,0.0,698.47
7,12,1,0,,,,3.68935,0.0,0.0,0.0,463.66
7,13,1,0,,,,2.39875,0.0,0.0,0.0,598.32
7,14,1,0,,,,1.8989834,0.0,0.0,0.0,446.51
7,15,1,0,,,,1.3675667,0.0,0.0,0.0,618.84
7,16,1,0,,,,1.6807667,0.0,0.0,0.0,129.37
7,17,1,0,,,,1.88395,0.0,0.0,0.0,215.72
7,18,1,0,,,,2.1829,0.0,0.0,0.0,143.62
7,19,1,0,,,,3.3734,0.0,0.0,0.0,17.75
7,20,1,0,,,,2.1831667,0.0,0.0,0.0,13.37
7,21,1,0,,,,1.43375,0.0,0.0,0.0,0.0
7,22,1,0,,,,2.3526666,0.0,0.0,0.0,0.0
7,23,1,0,,,,0.53978336,0.0,0.0,0.0,0.0
7,24,1,0,,,,1.3376583,0.0,0.0,0.0,0.0
7,1,2,0,,,,0.46385,0.0,0.0,0.0,0.0
7,2,2,0,,,,1.1897833,0.0,0.0,0.0,0.0
7,3,2,0,,,,0.46346667,0.0,0.0,0.0,0.0
7,4,2,0,,,,0.40738332,0.0,0.0,0.0,0.0
7,5,2,0,,,,0.38431665,0.0,0.0,0.0,0.0
7,6,2,0,,,,0.9694333,0.0,0.0,0.0,0.51
7,7,2,0,,,,1.05675,0.0,0.0,0.0,91.1
7,8,2,0,,,,0.80576664,0.0,0.0,0.0,245.14
7,9,2,0,,,,0.36535,0.0,0.0,0.0,430.95
7,10,2,0,,,,0.35416666,0.0,0.0,0.0,562.4
7,11,2,0,,,,0.34343332,0.0,0.0,0.0,670.32
7,12,2,0,,,,0.3394,0.0,0.0,0.0,555.84
7,13,2,0,,,,0.3368,0.0,0.0,0.0,304.63
7,14,2,0,,,,0.35061666,0.0,0.0,0.0,754.45
7,15,2,0,,,,0.35943332,0.0,0.0,0.0,488.89
7,16,2,0,,,,0.46135,0.0,0.0,0.0,458.91
7,17,2,0,,,,0.5018,0.0,0.0,0.0,334.04
7,18,2,0,,,,3.6401334,0.0,0.0,0.0,159.79
7,19,2,0,,,,3.26705,0.0,0.0,0.0,50.36
7,20,2,0,,,,2.8630834,0.0,0.0,0.0,16.88
7,21,2,0,,,,1.5227833,0.0,0.0,0.0,0.0
7,22,2,0,,,,1.1796666,0.0,0.0,0.0,0.0
7,23,2,0,,,,1.1177334,0.0,0.0,0.0,0.0
7,24,2,0,,,,0.42879167,0.0,0.0,0.0,0.0
7,1,3,0,,,,1.0214334,0.0,0.0,0.0,0.0
7,2,3,0,,,,0.39005,0.0,0.0,0.0,0.0
7,3,3,0,,,,0.81156665,0.0,0.0,0.0,0.0
7,4,3,0,,,,0.59328336,0.0,0.0,0.0,0.0
7,5,3,0,,,,0.33146667,0.0,0.0,0.0,0.0
7,6,3,0,,,,0.32826668,0.0,0.0,0.0,8.8
7,7,3,0,,,,1.1306,0.0,0.0,0.0,84.45
7,8,3,0,,,,1.1447166,0.0,0.0,0.0,253.5
7,9,3,0,,,,0.73621666,0.0,0.0,0.0,439.39
7,10,3,0,,,,0.38318333,0.0,0.0,0.0,605.75
7,11,3,0,,,,0.3638,0.0,0.0,0.0,708.68
7,12,3,0,,,,0.35403332,0.0,0.0,0.0,660.23
7,13,3,0,,,,3.3197,0.0,0.0,0.0,558.13
7,14,3,0,,,,2.5656834,0.0,0.0,0.0,512.26
7,15,3,0,,,,2.41115,0.0,0.0,0.0,365.76
7,16,3,0,,,,1.69665,0.0,0.0,0.0,195.03
7,17,3,0,,,,1.7856667,0.0,0.0,0.0,290.03
7,18,3,0,,,,2.1855834,0.0,0.0,0.0,203.92
7,19,3,0,,,,2.4859166,0.0,0.0,0.0,41.81
7,20,3,0,,,,3.9843333,0.0,0.0,0.0,16.02
7,21,3,0,,,,1.7321666,0.0,0.0,0.0,0.0
7,22,3,0,,,,2.1218333,0.0,0.0,0.0,0.0
7,23,3,0,,,,1.3133833,0.0,0.0,0.0,0.0
7,24,3,0,,,,0.40394166,0.0,0.0,0.0,0.0
7,1,4,0,,,,1.2021667,0.0,0.0,0.0,0.0
7,2,4,0,,,,0.39393333,0.0,0.0,0.0,0.0
7,3,4,0,,,,0.4037,0.0,0.0,0.0,0.0
7,4,4,0,,,,0.8991,0.0,0.0,0.0,0.0
7,5,4,0,,,,0.47585,0.0,0.0,0.0,0.0
7,6,4,0,,,,0.74881667,0.0,0.0,0.0,10.57
7,7,4,0,,,,0.41015,0.0,0.0,0.0,83.9
7,8,4,0,,,,0.37951666,0.0,0.0,0.0,242.42
7,9,4,0,,,,0.3665,0.0,0.0,0.0,421.66
7,10,4,0,,,,0.35385,0.0,0.0,0.0,575.06
7,11,4,0,,,,0.29295,0.0,0.0,0.0,654.92
7,12,4,0,,,,0.301,0.0,0.0,0.0,628.97
7,13,4,0,,,,0.29858333,0.0,0.0,0.0,642.21
7,14,4,0,,,,0.28266665,0.0,0.0,0.0,594.14
7,15,4,0,,,,0.30186668,0.0,0.0,0.0,424.9
7,16,4,0,,,,0.31121665,0.0,0.0,0.0,523.15
7,17,4,0,,,,0.30383334,0.0,0.0,0.0,366.68
7,18,4,0,,,,3.8481834,0.0,0.0,0.0,197.05
7,19,4,0,,,,3.4342833,0.0,0.0,0.0,46.23
7,20,4,0,,,,2.47195,0.0,0.0,0.0,14.59
7,21,4,0,,,,1.8189666,0.0,0.0,0.0,0.0
7,22,4,0,,,,1.4049833,0.0,0.0,0.0,0.0
7,23,4,0,,,,0.90613335,0.0,0.0,0.0,0.0
7,24,4,0,,,,0.56825,0.0,0.0,0.0,0.0
7,1,5,0,,,,0.42805,0.0,0.0,0.0,0.0
7,2,5,0,,,,0.3615,0.0,0.0,0.0,0.0
7,3,5,0,,,,0.39445,0.0,0.0,0.0,0.0
7,4,5,0,,,,0.37416667,0.0,0.0,0.0,0.0
7,5,5,0,,,,0.3482,0.0,0.0,0.0,0.0
7,6,5,0,,,,0.49978334,0.0,0.0,0.0,0.15
7,7,5,0,,,,0.9188333,0.0,0.0,0.0,6.55
7,8,5,0,,,,0.83895,0.0,0.0,0.0,149.62
7,9,5,0,,,,0.8754333,0.0,0.0,0.0,369.34
7,10,5,0,,,,1.3315333,0.0,0.0,0.0,478.35
7,11,5,0,,,,1.3198167,0.0,0.0,0.0,643.36
7,12,5,0,,,,0.8150833,0.0,0.0,0.0,696.16
7,13,5,0,,,,0.34819168,0.0,0.0,0.0,599.73
7,14,5,0,,,,0.28955,0.0,0.0,0.0,435.01
7,15,5,0,,,,0.60145,0.0,0.0,0.0,289.92
7,16,5,0,,,,0.84275,0.0,0.0,0.0,73.44
7,17,5,0,,,,0.398,0.0,0.0,0.0,38.4
7,18,5,0,,,,3.1675,0.0,0.0,0.0,83.52
7,19,5,0,,,,3.2250333,0.0,0.0,0.0,44.84
7,20,5,0,,,,3.4730334,0.0,0.0,0.0,14.55
7,21,5,0,,,,1.1587833,0.0,0.0,0.0,0.0
7,22,5,0,,,,0.9650667,0.0,0.0,0.0,0.0
7,23,5,0,,,,1.17965,0.0,0.0,0.0,0.0
7,24,5,0,,,,0.42799166,0.0,0.0,0.0,0.0
7,1,6,0,,,,0.4296,0.0,0.0,0.0,0.0
7,2,6,0,,,,1.1524667,0.0,0.0,0.0,0.0
7,3,6,0,,,,0.42506668,0.0,0.0,0.0,0.0
7,4,6,0,,,,0.40851668,0.0,0.0,0.0,0.0
7,5,6,0,,,,0.7478,0.0,0.0,0.0,0.0
7,6,6,0,,,,0.6451333,0.0,0.0,0.0,0.14
7,7,6,0,,,,1.34675,0.0,0.0,0.0,79.93
7,8,6,0,,,,0.712,0.0,0.0,0.0,177.99
7,9,6,0,,,,1.37735,0.0,0.0,0.0,250.03
7,10,6,0,,,,1.5234,0.0,0.0,0.0,99.66
7,11,6,0,,,,1.3691833,0.0,0.0,0.0,156.36
7,12,6,0,,,,1.3210666,0.0,0.0,0.0,192.65
7,13,6,0,,,,1.95485,0.0,0.0,0.0,176.29
7,14,6,0,,,,1.6384667,0.0,0.0,0.0,538.78
7,15,6,0,,,,2.1834,0.0,0.0,0.0,578.98
7,16,6,0,,,,3.24115,0.0,0.0,0.0,381.67
7,17,6,0,,,,2.2074583,0.0,0.0,0.0,231.99
7,18,6,0,,,,2.3648667,0.0,0.0,0.0,186.69
7,19,6,0,,,,2.2407668,0.0,0.0,0.0,55.26
7,20,6,0,,,,1.2420833,0.0,0.0,0.0,11.97
7,21,6,0,,,,2.1798666,0.0,0.0,0.0,0.0
7,22,6,0,,,,0.48581666,0.0,0.0,0.0,0.0
7,23,6,0,,,,0.75435,0.0,0.0,0.0,0.0
7,24,6,0,,,,1.9418083,0.0,0.0,0.0,0.0
7,1,7,0,,,,0.48513332,0.0,0.0,0.0,0.0
7,2,7,0,,,,0.41436666,0.0,0.0,0.0,0.0
7,3,7,0,,,,1.4315667,0.0,0.0,0.0,0.0
7,4,7,0,,,,0.41833332,0.0,0.0,0.0,0.0
7,5,7,0,,,,0.41576666,0.0,0.0,0.0,0.0
7,6,7,0,,,,0.41843334,0.0,0.0,0.0,2.05
7,7,7,0,,,,1.24155,0.0,0.0,0.0,6.57
7,8,7,0,,,,1.2388333,0.0,0.0,0.0,139.54
7,9,7,0,,,,1.9159167,0.0,0.0,0.0,335.52
7,10,7,0,,,,1.9858834,0.0,0.0,0.0,328.64
7,11,7,0,,,,1.8444166,0.0,0.0,0.0,631.75
7,12,7,0,,,,2.5799832,0.0,0.0,0.0,676.12
7,13,7,0,,,,3.4694834,0.0,0.0,0.0,717.78
7,14,7,0,,,,1.2410166,0.0,0.0,0.0,621.32
7,15,7,0,,,,0.35888332,0.0,0.0,0.0,533.78
7,16,7,0,,,,0.36471668,0.0,0.0,0.0,459.74
7,17,7,0,,,,0.37456667,0.0,0.0,0.0,299.62
7,18,7,0,,,,0.39025,0.0,0.0,0.0,183.9
7,19,7,0,,,,0.3861,0.0,0.0,0.0,43.21
7,20,7,0,,,,0.40231666,0.0,0.0,0.0,12.52
7,21,7,0,,,,3.2442,0.0,0.0,0.0,0.0
7,22,7,0,,,,3.5386333,0.0,0.0,0.0,0.0
7,23,7,0,,,,0.80785,0.0,0.0,0.0,0.0
7,24,7,0,,,,1.346525,0.0,0.0,0.0,0.0
7,1,1,0,,,,0.59613335,0.0,0.0,0.0,0.0
7,2,1,0,,,,1.18785,0.0,0.0,0.0,0.0
7,3,1,0,,,,0.39915,0.0,0.0,0.0,0.0
7,4,1,0,,,,0.398,0.0,0.0,0.0,0.0
7,5,1,0,,,,0.35743332,0.0,0.0,0.0,0.0
7,6,1,0,,,,0.6648,0.0,0.0,0.0,0.15
7,7,1,0,,,,1.0991334,0.0,0.0,0.0,6.61
7,8,1,0,,,,0.9220333,0.0,0.0,0.0,55.6
7,9,1,0,,,,0.8951,0.0,0.0,0.0,221.76
7,10,1,0,,,,0.5904833,0.0,0.0,0.0,431.8
7,11,1,0,,,,0.70203334,0.0,0.0,0.0,496.69
7,12,1,0,,,,0.52286667,0.0,0.0,0.0,571.61
7,13,1,0,,,,0.71905,0.0,0.0,0.0,640.37
7,14,1,0,,,,2.37515,0.0,0.0,0.0,525.91
7,15,1,0,,,,1.5150666,0.0,0.0,0.0,441.14
7,16,1,0,,,,0.82785,0.0,0.0,0.0,432.56
7,17,1,0,,,,0.8699167,0.0,0.0,0.0,376.76
7,18,1,0,,,,0.99043334,0.0,0.0,0.0,190.36
7,19,1,0,,,,1.6981167,0.0,0.0,0.0,54.68
7,20,1,0,,,,0.88755,0.0,0.0,0.0,12.57
7,21,1,0,,,,1.2607,0.0,0.0,0.0,0.0
7,22,1,0,,,,1.2761,0.0,0.0,0.0,0.0
7,23,1,0,,,,1.8626667,0.0,0.0,0.0,0.0
7,24,1,0,,,,1.0229167,0.0,0.0,0.0,0.0
7,1,2,0,,,,0.5161333,0.0,0.0,0.0,0.0
7,2,2,0,,,,0.36003333,0.0,0.0,0.0,0.0
7,3,2,0,,,,1.20845,0.0,0.0,0.0,0.0
7,4,2,0,,,,0.39986667,0.0,0.0,0.0,0.0
7,5,2,0,,,,0.38355,0.0,0.0,0.0,0.0
7,6,2,0,,,,0.69916666,0.0,0.0,0.0,0.84
7,7,2,0,,,,1.0419333,0.0,0.0,0.0,80.72
7,8,2,0,,,,1.12965,0.0,0.0,0.0,236.0
7,9,2,0,,,,0.37205,0.0,0.0,0.0,419.0
7,10,2,0,,,,0.36213332,0.0,0.0,0.0,545.85
7,11,2,0,,,,0.34873334,0.0,0.0,0.0,618.07
7,12,2,0,,,,0.42725,0.0,0.0,0.0,705.62
7,13,2,0,,,,0.33725,0.0,0.0,0.0,749.85
7,14,2,0,,,,0.289275,0.0,0.0,0.0,739.74
7,15,2,0,,,,0.29865,0.0,0.0,0.0,643.79
7,16,2,0,,,,0.30005,0.0,0.0,0.0,303.18
7,17,2,0,,,,0.32515,0.0,0.0,0.0,34.67
7,18,2,0,,,,3.5829833,0.0,0.0,0.0,187.27
7,19,2,0,,,,2.35275,0.0,0.0,0.0,54.9
7,20,2,0,,,,1.6418333,0.0,0.0,0.0,0.0
7,21,2,0,,,,1.4064,0.0,0.0,0.0,0.0
7,22,2,0,,,,0.4846,0.0,0.0,0.0,0.0
7,23,2,0,,,,2.9218833,0.0,0.0,0.0,0.0
7,24,2,0,,,,0.41935,0.0,0.0,0.0,0.0
7,1,3,0,,,,1.5341667,0.0,0.0,0.0,0.0
7,2,3,0,,,,0.43575,0.0,0.0,0.0,0.0
7,3,3,0,,,,0.40203333,0.0,0.0,0.0,0.0
7,4,3,0,,,,0.3837,0.0,0.0,0.0,0.0
7,5,3,0,,,,0.34915,0.0,0.0,0.0,0.0
7,6,3,0,,,,1.0586833,0.0,0.0,0.0,0.0
7,7,3,0,,,,1.2481,0.0,0.0,0.0,9.54
7,8,3,0,,,,0.65318334,0.0,0.0,0.0,32.27
7,9,3,0,,,,1.1234,0.0,0.0,0.0,419.34
7,10,3,0,,,,0.7571667,0.0,0.0,0.0,381.22
7,11,3,0,,,,1.16865,0.0,0.0,0.0,665.73
7,12,3,0,,,,0.29053333,0.0,0.0,0.0,713.68
7,13,3,0,,,,0.29410833,0.0,0.0,0.0,581.5
7,14,3,0,,,,0.30656666,0.0,0.0,0.0,506.12
7,15,3,0,,,,1.1686,0.0,0.0,0.0,507.56
7,16,3,0,,,,3.0238833,0.0,0.0,0.0,245.98
7,17,3,0,,,,1.9640334,0.0,0.0,0.0,108.36
7,18,3,0,,,,2.5191667,0.0,0.0,0.0,179.78
7,19,3,0,,,,2.8711333,0.0,0.0,0.0,55.98
7,20,3,0,,,,2.2442,0.0,0.0,0.0,10.05
7,21,3,0,,,,2.35345,0.0,0.0,0.0,0.0
7,22,3,0,,,,0.9823167,0.0,0.0,0.0,0.0
7,23,3,0,,,,2.28095,0.0,0.0,0.0,0.0
7,24,3,0,,,,1.2764167,0.0,0.0,0.0,0.0
7,1,4,0,,,,0.6362,0.0,0.0,0.0,0.0
7,2,4,0,,,,0.41733333,0.0,0.0,0.0,0.0
7,3,4,0,,,,1.22525,0.0,0.0,0.0,0.0
7,4,4,0,,,,0.37581667,0.0,0.0,0.0,0.0
7,5,4,0,,,,0.34231666,0.0,0.0,0.0,0.0
7,6,4,0,,,,0.33426666,0.0,0.0,0.0,0.85
7,7,4,0,,,,0.96625,0.0,0.0,0.0,78.58
7,8,4,0,,,,0.6143,0.0,0.0,0.0,229.54
7,9,4,0,,,,0.55395,0.0,0.0,0.0,412.26
7,10,4,0,,,,0.36128333,0.0,0.0,0.0,567.87
7,11,4,0,,,,0.34825,0.0,0.0,0.0,671.7
7,12,4,0,,,,0.34053335,0.0,0.0,0.0,701.78
7,13,4,0,,,,0.30268332,0.0,0.0,0.0,666.17
7,14,4,0,,,,0.29741666,0.0,0.0,0.0,549.17
7,15,4,0,,,,0.30591667,0.0,0.0,0.0,585.47
7,16,4,0,,,,0.30566666,0.0,0.0,0.0,495.43
7,17,4,0,,,,0.2981,0.0,0.0,0.0,359.23
7,18,4,0,,,,3.72145,0.0,0.0,0.0,183.92
7,19,4,0,,,,3.437,0.0,0.0,0.0,44.87
7,20,4,0,,,,3.9744,0.0,0.0,0.0,9.44
7,21,4,0,,,,2.8629167,0.0,0.0,0.0,0.0
7,22,4,0,,,,1.9344,0.0,0.0,0.0,0.0
7,23,4,0,,,,0.48505,0.0,0.0,0.0,0.0
7,24,4,0,,,,1.0978,0.0,0.0,0.0,0.0
7,1,5,0,,,,0.5304833,0.0,0.0,0.0,0.0
7,2,5,0,,,,0.99661666,0.0,0.0,0.0,0.0
7,3,5,0,,,,0.3568,0.0,0.0,0.0,0.0
7,4,5,0,,,,0.33425,0.0,0.0,0.0,0.0
7,5,5,0,,,,0.3373,0.0,0.0,0.0,0.0
7,6,5,0,,,,1.0302167,0.0,0.0,0.0,3.43
7,7,5,0,,,,0.66785,0.0,0.0,0.0,75.07
7,8,5,0,,,,0.42461666,0.0,0.0,0.0,203.72
7,9,5,0,,,,0.36756667,0.0,0.0,0.0,393.62
7,10,5,0,,,,0.31526667,0.0,0.0,0.0,553.44
7,11,5,0,,,,0.29741666,0.0,0.0,0.0,660.03
7,12,5,0,,,,0.29583332,0.0,0.0,0.0,738.38
7,13,5,0,,,,0.29846665,0.0,0.0,0.0,706.56
7,14,5,0,,,,0.35953334,0.0,0.0,0.0,638.19
7,15,5,0,,,,3.0456,0.0,0.0,0.0,547.92
7,16,5,0,,,,1.4669334,0.0,0.0,0.0,468.54
7,17,5,0,,,,1.22745,0.0,0.0,0.0,325.65
7,18,5,0,,,,2.1903667,0.0,0.0,0.0,183.26
7,19,5,0,,,,1.9513333,0.0,0.0,0.0,49.5
7,20,5,0,,,,1.3082,0.0,0.0,0.0,7.15
7,21,5,0,,,,2.4797833,0.0,0.0,0.0,0.0
7,22,5,0,,,,1.3260833,0.0,0.0,0.0,0.0
7,23,5,0,,,,1.0937834,0.0,0.0,0.0,0.0
7,24,5,0,,,,0.39303333,0.0,0.0,0.0,0.0
7,1,6,0,,,,0.39293334,0.0,0.0,0.0,0.0
7,2,6,0,,,,0.95,0.0,0.0,0.0,0.0
7,3,6,0,,,,0.4178,0.0,0.0,0.0,0.0
7,4,6,0,,,,0.36863333,0.0,0.0,0.0,0.0
7,5,6,0,,,,0.39003333,0.0,0.0,0.0,0.0
7,6,6,0,,,,0.37298334,0.0,0.0,0.0,0.0
7,7,6,0,,,,1.0753833,0.0,0.0,0.0,72.59
7,8,6,0,,,,1.2700666,0.0,0.0,0.0,207.69
7,9,6,0,,,,1.949,0.0,0.0,0.0,229.31
7,10,6,0,,,,1.79305,0.0,0.0,0.0,501.67
7,11,6,0,,,,1.4546666,0.0,0.0,0.0,533.53
7,12,6,0,,,,1.41405,0.0,0.0,0.0,373.62
7,13,6,0,,,,2.7071333,0.0,0.0,0.0,356.12
7,14,6,0,,,,2.5015,0.0,0.0,0.0,217.8
7,15,6,0,,,,2.1890666,0.0,0.0,0.0,573.26
7,16,6,0,,,,1.9235667,0.0,0.0,0.0,82.53
7,17,6,0,,,,1.3099166,0.0,0.0,0.0,47.64
7,18,6,0,,,,1.1202,0.0,0.0,0.0,118.6
7,19,6,0,,,,1.51175,0.0,0.0,0.0,40.92
7,20,6,0,,,,1.50795,0.0,0.0,0.0,8.78
7,21,6,0,,,,1.4241333,0.0,0.0,0.0,0.0
7,22,6,0,,,,1.1022167,0.0,0.0,0.0,0.0
7,23,6,0,,,,0.3945,0.0,0.0,0.0,0.0
7,24,6,0,,,,0.99401665,0.0,0.0,0.0,0.0
7,1,7,0,,,,0.5111,0.0,0.0,0.0,0.0
7,2,7,0,,,,0.95176667,0.0,0.0,0.0,0.0
7,3,7,0,,,,0.4173,0.0,0.0,0.0,0.0
7,4,7,0,,,,0.37083334,0.0,0.0,0.0,0.0
7,5,7,0,,,,0.42468333,0.0,0.0,0.0,0.0
7,6,7,0,,,,0.45341668,0.0,0.0,0.0,0.0
7,7,7,0,,,,1.2623333,0.0,0.0,0.0,62.14
7,8,7,0,,,,1.51835,0.0,0.0,0.0,13.56
7,9,7,0,,,,0.54288334,0.0,0.0,0.0,81.32
7,10,7,0,,,,0.5687,0.0,0.0,0.0,193.14
7,11,7,0,,,,0.80995,0.0,0.0,0.0,213.36
7,12,7,0,,,,0.3161,0.0,0.0,0.0,329.81
7,13,7,0,,,,2.0992334,0.0,0.0,0.0,566.46
7,14,7,0,,,,1.17995,0.0,0.0,0.0,557.88
7,15,7,0,,,,1.47515,0.0,0.0,0.0,416.26
7,16,7,0,,,,1.4111333,0.0,0.0,0.0,494.9
7,17,7,0,,,,1.9379667,0.0,0.0,0.0,240.32
7,18,7,0,,,,1.8526167,0.0,0.0,0.0,23.16
7,19,7,0,,,,1.5617,0.0,0.0,0.0,3.68
7,20,7,0,,,,1.5744833,0.0,0.0,0.0,0.11
7,21,7,0,,,,3.3249333,0.0,0.0,0.0,0.0
7,22,7,0,,,,2.0405166,0.0,0.0,0.0,0.0
7,23,7,0,,,,1.5456166,0.0,0.0,0.0,0.0
7,24,7,0,,,,1.255625,0.0,0.0,0.0,0.0
7,1,1,0,,,,1.1812667,0.0,0.0,0.0,0.0
7,2,1,0,,,,1.0283667,0.0,0.0,0.0,0.0
7,3,1,0,,,,0.90456665,0.0,0.0,0.0,0.0
7,4,1,0,,,,0.7783167,0.0,0.0,0.0,0.0
7,5,1,0,,,,0.99541664,0.0,0.0,0.0,0.0
7,6,1,0,,,,0.65695,0.0,0.0,0.0,0.0
7,7,1,0,,,,1.1322666,0.0,0.0,0.0,63.1
7,8,1,0,,,,1.5787166,0.0,0.0,0.0,216.56
7,9,1,0,,,,0.97106665,0.0,0.0,0.0,273.82
7,10,1,0,,,,1.6167166,0.0,0.0,0.0,494.33
7,11,1,0,,,,1.5296167,0.0,0.0,0.0,512.92
7,12,1,0,,,,2.6044667,0.0,0.0,0.0,770.84
7,13,1,0,,,,2.1368167,0.0,0.0,0.0,709.22
7,14,1,0,,,,2.5258667,0.0,0.0,0.0,732.03
7,15,1,0,,,,2.5653167,0.0,0.0,0.0,686.42
7,16,1,0,,,,2.3205,0.0,0.0,0.0,546.79
7,17,1,0,,,,2.1799166,0.0,0.0,0.0,386.45
7,18,1,0,,,,2.6950333,0.0,0.0,0.0,197.98
7,19,1,0,,,,2.8877,0.0,0.0,0.0,38.38
7,20,1,0,,,,1.9567167,0.0,0.0,0.0,6.9
7,21,1,0,,,,1.6882334,0.0,0.0,0.0,0.0
7,22,1,0,,,,1.2355666,0.0,0.0,0.0,0.0
7,23,1,0,,,,1.6027167,0.0,0.0,0.0,0.0
