month,hour,day_type,daylight_savings_status,indoor_dry_bulb_temperature,average_unmet_cooling_setpoint_difference,indoor_relative_humidity,non_shiftable_load,dhw_demand,cooling_demand,heating_demand,solar_generation
7,24,7,0,,,,2.81915,0.0,0.0,0.0,0.0
8,1,1,0,,,,1.9281666,0.0,0.0,0.0,0.0
8,2,1,0,,,,0.47581667,0.0,0.0,0.0,0.0
8,3,1,0,,,,0.45823333,0.0,0.0,0.0,0.0
8,4,1,0,,,,0.44601667,0.0,0.0,0.0,0.0
8,5,1,0,,,,0.46588334,0.0,0.0,0.0,0.0
8,6,1,0,,,,0.67106664,0.0,0.0,0.0,0.87
8,7,1,0,,,,0.84471667,0.0,0.0,0.0,41.12
8,8,1,0,,,,2.5932667,0.0,0.0,0.0,14.06
8,9,1,0,,,,2.7008834,0.0,0.0,0.0,58.05
8,10,1,0,,,,2.0974,0.0,0.0,0.0,310.95
8,11,1,0,,,,2.5029,0.0,0.0,0.0,309.85
8,12,1,0,,,,2.6979334,0.0,0.0,0.0,408.25
8,13,1,0,,,,2.1056833,0.0,0.0,0.0,253.05
8,14,1,0,,,,0.13263333,0.0,0.0,0.0,171.52
8,15,1,0,,,,0.7,0.0,0.0,0.0,75.01
8,16,1,0,,,,0.2069,0.0,0.0,0.0,87.93
8,17,1,0,,,,1.6474,0.0,0.0,0.0,82.53
8,18,1,0,,,,1.0865834,0.0,0.0,0.0,39.56
8,19,1,0,,,,0.22160001,0.0,0.0,0.0,13.2
8,20,1,0,,,,1.5579333,0.0,0.0,0.0,2.03
8,21,1,0,,,,2.8323166,0.0,0.0,0.0,0.0
8,22,1,0,,,,0.63876665,0.0,0.0,0.0,0.0
8,23,1,0,,,,0.72651666,0.0,0.0,0.0,0.0
8,24,1,0,,,,2.649125,0.0,0.0,0.0,0.0
8,1,2,0,,,,0.47031668,0.0,0.0,0.0,0.0
8,2,2,0,,,,0.43945,0.0,0.0,0.0,0.0
8,3,2,0,,,,0.45005,0.0,0.0,0.0,0.0
8,4,2,0,,,,0.81888336,0.0,0.0,0.0,0.0
8,5,2,0,,,,1.1225,0.0,0.0,0.0,0.0
8,6,2,0,,,,1.3846166,0.0,0.0,0.0,0.0
8,7,2,0,,,,0.4599,0.0,0.0,0.0,11.5
8,8,2,0,,,,0.9788667,0.0,0.0,0.0,125.83
8,9,2,0,,,,1.5243167,0.0,0.0,0.0,134.75
8,10,2,0,,,,1.8559667,0.0,0.0,0.0,390.48
8,11,2,0,,,,2.2233334,0.0,0.0,0.0,494.46
8,12,2,0,,,,2.6617167,0.0,0.0,0.0,330.74
8,13,2,0,,,,2.8698833,0.0,0.0,0.0,511.35
8,14,2,0,,,,2.17205,0.0,0.0,0.0,245.64
8,15,2,0,,,,1.3411,0.0,0.0,0.0,386.38
8,16,2,0,,,,1.7706,0.0,0.0,0.0,437.32
8,17,2,0,,,,1.7263833,0.0,0.0,0.0,57.81
8,18,2,0,,,,0.95556664,0.0,0.0,0.0,191.58
8,19,2,0,,,,0.16821672,0.0,0.0,0.0,40.21
8,20,2,0,,,,0.06305008,0.0,0.0,0.0,4.87
8,21,2,0,,,,0.7734,0.0,0.0,0.0,0.0
8,22,2,0,,,,2.7929332,0.0,0.0,0.0,0.0
8,23,2,0,,,,2.78785,0.0,0.0,0.0,0.0
8,24,2,0,,,,1.9899,0.0,0.0,0.0,0.0
8,1,3,0,,,,0.42018333,0.0,0.0,0.0,0.0
8,2,3,0,,,,0.42725,0.0,0.0,0.0,0.0
8,3,3,0,,,,0.45856667,0.0,0.0,0.0,0.0
8,4,3,0,,,,0.42461666,0.0,0.0,0.0,0.0
8,5,3,0,,,,0.43333334,0.0,0.0,0.0,0.0
8,6,3,0,,,,0.66361666,0.0,0.0,0.0,0.0
8,7,3,0,,,,1.4631667,0.0,0.0,0.0,4.99
8,8,3,0,,,,1.0081333,0.0,0.0,0.0,141.86
8,9,3,0,,,,1.85565,0.0,0.0,0.0,242.66
8,10,3,0,,,,1.8997166,0.0,0.0,0.0,197.38
8,11,3,0,,,,2.39035,0.0,0.0,0.0,245.73
8,12,3,0,,,,2.59005,0.0,0.0,0.0,365.33
8,13,3,0,,,,2.7788167,0.0,0.0,0.0,226.42
8,14,3,0,,,,2.8056,0.0,0.0,0.0,50.03
8,15,3,0,,,,2.6097333,0.0,0.0,0.0,136.8
8,16,3,0,,,,1.7813667,0.0,0.0,0.0,259.39
8,17,3,0,,,,1.2711333,0.0,0.0,0.0,58.79
8,18,3,0,,,,0.91611665,0.0,0.0,0.0,64.11
8,19,3,0,,,,0.16495004,0.0,0.0,0.0,16.24
8,20,3,0,,,,0.13251671,0.0,0.0,0.0,0.13
8,21,3,0,,,,2.2664833,0.0,0.0,0.0,0.0
8,22,3,0,,,,1.2790166,0.0,0.0,0.0,0.0
8,23,3,0,,,,2.04115,0.0,0.0,0.0,0.0
8,24,3,0,,,,1.932075,0.0,0.0,0.0,0.0
8,1,4,0,,,,0.4298,0.0,0.0,0.0,0.0
8,2,4,0,,,,0.46255,0.0,0.0,0.0,0.0
8,3,4,0,,,,0.42236668,0.0,0.0,0.0,0.0
8,4,4,0,,,,0.43218333,0.0,0.0,0.0,0.0
8,5,4,0,,,,0.51098335,0.0,0.0,0.0,0.0
8,6,4,0,,,,2.7232332,0.0,0.0,0.0,0.0
8,7,4,0,,,,1.11895,0.0,0.0,0.0,18.04
8,8,4,0,,,,0.75028336,0.0,0.0,0.0,183.25
8,9,4,0,,,,1.19405,0.0,0.0,0.0,419.01
8,10,4,0,,,,1.61235,0.0,0.0,0.0,566.92
8,11,4,0,,,,2.1339834,0.0,0.0,0.0,631.56
8,12,4,0,,,,2.5404167,0.0,0.0,0.0,798.3
8,13,4,0,,,,2.7630334,0.0,0.0,0.0,807.67
8,14,4,0,,,,2.18255,0.0,0.0,0.0,789.21
8,15,4,0,,,,1.6962833,0.0,0.0,0.0,700.18
8,16,4,0,,,,1.76935,0.0,0.0,0.0,585.76
8,17,4,0,,,,1.6895167,0.0,0.0,0.0,399.45
8,18,4,0,,,,0.86588335,0.0,0.0,0.0,196.43
8,19,4,0,,,,0.5849167,0.0,0.0,0.0,36.93
8,20,4,0,,,,0.11096674,0.0,0.0,0.0,3.39
8,21,4,0,,,,0.3722334,0.0,0.0,0.0,0.0
8,22,4,0,,,,1.9197,0.0,0.0,0.0,0.0
8,23,4,0,,,,1.9475334,0.0,0.0,0.0,0.0
8,24,4,0,,,,2.8027334,0.0,0.0,0.0,0.0
8,1,5,0,,,,0.48576668,0.0,0.0,0.0,0.0
8,2,5,0,,,,0.42623332,0.0,0.0,0.0,0.0
8,3,5,0,,,,0.44516668,0.0,0.0,0.0,0.0
8,4,5,0,,,,0.81848335,0.0,0.0,0.0,0.0
8,5,5,0,,,,0.49646667,0.0,0.0,0.0,0.0
8,6,5,0,,,,1.33235,0.0,0.0,0.0,0.0
8,7,5,0,,,,1.6597,0.0,0.0,0.0,5.03
8,8,5,0,,,,2.1743166,0.0,0.0,0.0,218.46
8,9,5,0,,,,2.00575,0.0,0.0,0.0,416.38
8,10,5,0,,,,2.0212333,0.0,0.0,0.0,574.11
8,11,5,0,,,,2.2017334,0.0,0.0,0.0,360.63
8,12,5,0,,,,2.6263,0.0,0.0,0.0,234.37
8,13,5,0,,,,2.8080332,0.0,0.0,0.0,818.82
8,14,5,0,,,,1.7344,0.0,0.0,0.0,769.98
8,15,5,0,,,,1.9761833,0.0,0.0,0.0,102.9
8,16,5,0,,,,2.0118167,0.0,0.0,0.0,519.68
8,17,5,0,,,,1.1422668,0.0,0.0,0.0,311.95
8,18,5,0,,,,0.8587722,0.0,0.0,0.0,159.32
8,19,5,0,,,,0.008383425,0.0,0.0,0.0,46.91
8,20,5,0,,,,9.9999994e-08,0.0,0.0,0.0,3.88
8,21,5,0,,,,0.1550167,0.0,0.0,0.0,0.0
8,22,5,0,,,,0.6692167,0.0,0.0,0.0,0.0
8,23,5,0,,,,1.5288666,0.0,0.0,0.0,0.0
8,24,5,0,,,,2.9278417,0.0,0.0,0.0,0.0
8,1,6,0,,,,2.5535,0.0,0.0,0.0,0.0
8,2,6,0,,,,0.46856666,0.0,0.0,0.0,0.0
8,3,6,0,,,,0.43261668,0.0,0.0,0.0,0.0
8,4,6,0,,,,0.67581666,0.0,0.0,0.0,0.0
8,5,6,0,,,,0.6644167,0.0,0.0,0.0,0.0
8,6,6,0,,,,0.44958332,0.0,0.0,0.0,0.0
8,7,6,0,,,,1.4029666,0.0,0.0,0.0,70.93
8,8,6,0,,,,0.75623333,0.0,0.0,0.0,240.35
8,9,6,0,,,,1.2773666,0.0,0.0,0.0,443.72
8,10,6,0,,,,2.0507,0.0,0.0,0.0,607.61
8,11,6,0,,,,2.2801666,0.0,0.0,0.0,725.41
8,12,6,0,,,,2.5243833,0.0,0.0,0.0,741.76
8,13,6,0,,,,2.7706,0.0,0.0,0.0,797.03
8,14,6,0,,,,2.840925,0.0,0.0,0.0,776.28
8,15,6,0,,,,1.2623084,0.0,0.0,0.0,688.45
8,16,6,0,,,,2.0708334,0.0,0.0,0.0,555.17
8,17,6,0,,,,1.6944,0.0,0.0,0.0,380.07
8,18,6,0,,,,0.90756667,0.0,0.0,0.0,169.46
8,19,6,0,,,,0.2421667,0.0,0.0,0.0,34.4
8,20,6,0,,,,9.9999994e-08,0.0,0.0,0.0,2.86
8,21,6,0,,,,9.9999994e-08,0.0,0.0,0.0,0.0
8,22,6,0,,,,1.2234167,0.0,0.0,0.0,0.0
8,23,6,0,,,,3.0101166,0.0,0.0,0.0,0.0
8,24,6,0,,,,0.80210835,0.0,0.0,0.0,0.0
8,1,7,0,,,,0.45453334,0.0,0.0,0.0,0.0
8,2,7,0,,,,0.42266667,0.0,0.0,0.0,0.0
8,3,7,0,,,,0.44345,0.0,0.0,0.0,0.0
8,4,7,0,,,,0.4348,0.0,0.0,0.0,0.0
8,5,7,0,,,,0.41926667,0.0,0.0,0.0,0.0
8,6,7,0,,,,0.6641333,0.0,0.0,0.0,0.0
8,7,7,0,,,,0.6641833,0.0,0.0,0.0,61.03
8,8,7,0,,,,0.5872667,0.0,0.0,0.0,224.94
8,9,7,0,,,,1.1004666,0.0,0.0,0.0,371.45
8,10,7,0,,,,1.7123834,0.0,0.0,0.0,497.15
8,11,7,0,,,,2.2548833,0.0,0.0,0.0,672.59
8,12,7,0,,,,2.67405,0.0,0.0,0.0,750.72
8,13,7,0,,,,0.23298334,0.0,0.0,0.0,703.78
8,14,7,0,,,,0.6084833,0.0,0.0,0.0,691.57
8,15,7,0,,,,0.8027167,0.0,0.0,0.0,453.91
8,16,7,0,,,,1.0895333,0.0,0.0,0.0,409.35
8,17,7,0,,,,1.8212334,0.0,0.0,0.0,279.89
8,18,7,0,,,,0.9346667,0.0,0.0,0.0,18.22
8,19,7,0,,,,0.011100092,0.0,0.0,0.0,6.23
8,20,7,0,,,,0.2456334,0.0,0.0,0.0,1.13
8,21,7,0,,,,2.1864834,0.0,0.0,0.0,0.0
8,22,7,0,,,,3.0440166,0.0,0.0,0.0,0.0
8,23,7,0,,,,2.3953333,0.0,0.0,0.0,0.0
8,24,7,0,,,,0.997325,0.0,0.0,0.0,0.0
8,1,1,0,,,,1.8576666,0.0,0.0,0.0,0.0
8,2,1,0,,,,0.4224,0.0,0.0,0.0,0.0
8,3,1,0,,,,0.42116666,0.0,0.0,0.0,0.0
8,4,1,0,,,,0.45153335,0.0,0.0,0.0,0.0
8,5,1,0,,,,0.4122,0.0,0.0,0.0,0.0
8,6,1,0,,,,0.4176,0.0,0.0,0.0,0.0
8,7,1,0,,,,0.4623,0.0,0.0,0.0,60.06
8,8,1,0,,,,0.7446667,0.0,0.0,0.0,165.84
8,9,1,0,,,,1.3974833,0.0,0.0,0.0,309.42
8,10,1,0,,,,1.7532834,0.0,0.0,0.0,305.84
8,11,1,0,,,,2.1293333,0.0,0.0,0.0,103.57
8,12,1,0,,,,2.545,0.0,0.0,0.0,597.7
8,13,1,0,,,,1.9688166,0.0,0.0,0.0,729.66
8,14,1,0,,,,0.70485,0.0,0.0,0.0,724.07
8,15,1,0,,,,0.6329,0.0,0.0,0.0,34.64
8,16,1,0,,,,0.17833333,0.0,0.0,0.0,38.72
8,17,1,0,,,,1.046825,0.0,0.0,0.0,284.6
8,18,1,0,,,,0.94883335,0.0,0.0,0.0,163.84
8,19,1,0,,,,0.03300009,0.0,0.0,0.0,38.42
8,20,1,0,,,,9.9999994e-08,0.0,0.0,0.0,0.78
8,21,1,0,,,,0.012300077,0.0,0.0,0.0,0.0
8,22,1,0,,,,2.4437332,0.0,0.0,0.0,0.0
8,23,1,0,,,,2.7436333,0.0,0.0,0.0,0.0
8,24,1,0,,,,1.1922083,0.0,0.0,0.0,0.0
8,1,2,0,,,,0.6170833,0.0,0.0,0.0,0.0
8,2,2,0,,,,0.8029,0.0,0.0,0.0,0.0
8,3,2,0,,,,0.43338335,0.0,0.0,0.0,0.0
8,4,2,0,,,,0.4685,0.0,0.0,0.0,0.0
8,5,2,0,,,,0.46733335,0.0,0.0,0.0,0.0
8,6,2,0,,,,0.42898333,0.0,0.0,0.0,0.0
8,7,2,0,,,,0.67908335,0.0,0.0,0.0,59.68
8,8,2,0,,,,0.8034667,0.0,0.0,0.0,230.1
8,9,2,0,,,,1.1524333,0.0,0.0,0.0,419.02
8,10,2,0,,,,1.73085,0.0,0.0,0.0,577.06
8,11,2,0,,,,2.3300333,0.0,0.0,0.0,649.32
8,12,2,0,,,,2.68295,0.0,0.0,0.0,645.71
8,13,2,0,,,,1.6489834,0.0,0.0,0.0,482.87
8,14,2,0,,,,0.13544166,0.0,0.0,0.0,672.78
8,15,2,0,,,,0.70525,0.0,0.0,0.0,601.63
8,16,2,0,,,,0.41945,0.0,0.0,0.0,437.42
8,17,2,0,,,,0.9893,0.0,0.0,0.0,220.42
8,18,2,0,,,,1.0466334,0.0,0.0,0.0,10.54
8,19,2,0,,,,0.17320003,0.0,0.0,0.0,37.92
8,20,2,0,,,,1.4854,0.0,0.0,0.0,0.0
8,21,2,0,,,,1.22645,0.0,0.0,0.0,0.0
8,22,2,0,,,,0.7639167,0.0,0.0,0.0,0.0
8,23,2,0,,,,2.20025,0.0,0.0,0.0,0.0
8,24,2,0,,,,3.2092917,0.0,0.0,0.0,0.0
8,1,3,0,,,,0.49578333,0.0,0.0,0.0,0.0
8,2,3,0,,,,0.50853336,0.0,0.0,0.0,0.0
8,3,3,0,,,,0.50701666,0.0,0.0,0.0,0.0
8,4,3,0,,,,0.4834,0.0,0.0,0.0,0.0
8,5,3,0,,,,0.50198334,0.0,0.0,0.0,0.0
8,6,3,0,,,,0.49461666,0.0,0.0,0.0,0.0
8,7,3,0,,,,0.53218335,0.0,0.0,0.0,64.12
8,8,3,0,,,,1.4168167,0.0,0.0,0.0,229.96
8,9,3,0,,,,1.9250667,0.0,0.0,0.0,435.71
8,10,3,0,,,,1.9714833,0.0,0.0,0.0,594.42
8,11,3,0,,,,2.5181,0.0,0.0,0.0,666.55
8,12,3,0,,,,2.55125,0.0,0.0,0.0,735.62
8,13,3,0,,,,2.8034832,0.0,0.0,0.0,617.61
8,14,3,0,,,,2.7910166,0.0,0.0,0.0,645.71
8,15,3,0,,,,1.6146333,0.0,0.0,0.0,532.54
8,16,3,0,,,,2.24215,0.0,0.0,0.0,456.28
8,17,3,0,,,,1.6990666,0.0,0.0,0.0,299.33
8,18,3,0,,,,0.69555,0.0,0.0,0.0,128.01
8,19,3,0,,,,0.0031500966,0.0,0.0,0.0,39.12
8,20,3,0,,,,0.033083417,0.0,0.0,0.0,0.0
8,21,3,0,,,,0.002783425,0.0,0.0,0.0,0.0
8,22,3,0,,,,1.6403667,0.0,0.0,0.0,0.0
8,23,3,0,,,,2.8410332,0.0,0.0,0.0,0.0
8,24,3,0,,,,1.5704,0.0,0.0,0.0,0.0
8,1,4,0,,,,0.83168334,0.0,0.0,0.0,0.0
8,2,4,0,,,,0.60331666,0.0,0.0,0.0,0.0
8,3,4,0,,,,0.46233332,0.0,0.0,0.0,0.0
8,4,4,0,,,,0.44418332,0.0,0.0,0.0,0.0
8,5,4,0,,,,0.42298332,0.0,0.0,0.0,0.0
8,6,4,0,,,,0.45963332,0.0,0.0,0.0,0.0
8,7,4,0,,,,0.43141666,0.0,0.0,0.0,3.88
8,8,4,0,,,,0.9870667,0.0,0.0,0.0,11.88
8,9,4,0,,,,0.82325,0.0,0.0,0.0,29.13
8,10,4,0,,,,1.4222167,0.0,0.0,0.0,105.58
8,11,4,0,,,,2.1005332,0.0,0.0,0.0,129.26
8,12,4,0,,,,2.5894334,0.0,0.0,0.0,346.04
8,13,4,0,,,,2.6209834,0.0,0.0,0.0,175.43
8,14,4,0,,,,1.9539833,0.0,0.0,0.0,316.09
8,15,4,0,,,,0.2881,0.0,0.0,0.0,186.53
8,16,4,0,,,,1.4489334,0.0,0.0,0.0,357.68
8,17,4,0,,,,1.5554334,0.0,0.0,0.0,363.48
8,18,4,0,,,,0.7154667,0.0,0.0,0.0,171.27
8,19,4,0,,,,0.2926167,0.0,0.0,0.0,33.26
8,20,4,0,,,,0.6516834,0.0,0.0,0.0,0.0
8,21,4,0,,,,1.69275,0.0,0.0,0.0,0.0
8,22,4,0,,,,2.90435,0.0,0.0,0.0,0.0
8,23,4,0,,,,1.2619166,0.0,0.0,0.0,0.0
8,24,4,0,,,,0.431,0.0,0.0,0.0,0.0
8,1,5,0,,,,2.0378833,0.0,0.0,0.0,0.0
8,2,5,0,,,,0.43316665,0.0,0.0,0.0,0.0
8,3,5,0,,,,0.45105,0.0,0.0,0.0,0.0
8,4,5,0,,,,0.44865,0.0,0.0,0.0,0.0
8,5,5,0,,,,0.42338333,0.0,0.0,0.0,0.0
8,6,5,0,,,,0.6928,0.0,0.0,0.0,0.0
8,7,5,0,,,,1.25575,0.0,0.0,0.0,59.48
8,8,5,0,,,,1.1924167,0.0,0.0,0.0,222.05
8,9,5,0,,,,1.1012833,0.0,0.0,0.0,409.39
8,10,5,0,,,,1.06945,0.0,0.0,0.0,554.53
8,11,5,0,,,,1.7647,0.0,0.0,0.0,671.46
8,12,5,0,,,,1.2773167,0.0,0.0,0.0,737.9
8,13,5,0,,,,0.8636,0.0,0.0,0.0,730.45
8,14,5,0,,,,0.65475,0.0,0.0,0.0,709.01
8,15,5,0,,,,0.52171665,0.0,0.0,0.0,625.89
8,16,5,0,,,,0.42655,0.0,0.0,0.0,505.84
8,17,5,0,,,,1.56535,0.0,0.0,0.0,347.67
8,18,5,0,,,,2.4929833,0.0,0.0,0.0,165.43
8,19,5,0,,,,1.9323167,0.0,0.0,0.0,31.98
8,20,5,0,,,,1.2042333,0.0,0.0,0.0,0.0
8,21,5,0,,,,1.1834834,0.0,0.0,0.0,0.0
8,22,5,0,,,,0.66433334,0.0,0.0,0.0,0.0
8,23,5,0,,,,1.9466,0.0,0.0,0.0,0.0
8,24,5,0,,,,2.9696417,0.0,0.0,0.0,0.0
8,1,6,0,,,,2.5524666,0.0,0.0,0.0,0.0
8,2,6,0,,,,0.48455,0.0,0.0,0.0,0.0
8,3,6,0,,,,0.4273,0.0,0.0,0.0,0.0
8,4,6,0,,,,0.45903334,0.0,0.0,0.0,0.0
8,5,6,0,,,,0.42523333,0.0,0.0,0.0,0.0
8,6,6,0,,,,1.2516167,0.0,0.0,0.0,0.0
8,7,6,0,,,,1.0984833,0.0,0.0,0.0,57.57
8,8,6,0,,,,1.8679334,0.0,0.0,0.0,208.55
8,9,6,0,,,,1.5803334,0.0,0.0,0.0,388.04
8,10,6,0,,,,1.7460834,0.0,0.0,0.0,534.47
8,11,6,0,,,,2.0626333,0.0,0.0,0.0,655.22
8,12,6,0,,,,2.4089,0.0,0.0,0.0,714.57
8,13,6,0,,,,1.5278833,0.0,0.0,0.0,701.48
8,14,6,0,,,,0.46716666,0.0,0.0,0.0,707.11
8,15,6,0,,,,0.9675,0.0,0.0,0.0,622.17
8,16,6,0,,,,0.59868336,0.0,0.0,0.0,338.6
8,17,6,0,,,,1.6158667,0.0,0.0,0.0,336.62
8,18,6,0,,,,1.0405,0.0,0.0,0.0,156.35
8,19,6,0,,,,0.21548337,0.0,0.0,0.0,18.64
8,20,6,0,,,,1.7622,0.0,0.0,0.0,0.0
8,21,6,0,,,,1.320975,0.0,0.0,0.0,0.0
8,22,6,0,,,,1.4789166,0.0,0.0,0.0,0.0
8,23,6,0,,,,1.1836833,0.0,0.0,0.0,0.0
8,24,6,0,,,,2.9081917,0.0,0.0,0.0,0.0
8,1,7,0,,,,3.4022,0.0,0.0,0.0,0.0
8,2,7,0,,,,0.58605,0.0,0.0,0.0,0.0
8,3,7,0,,,,0.41331667,0.0,0.0,0.0,0.0
8,4,7,0,,,,0.42178333,0.0,0.0,0.0,0.0
8,5,7,0,,,,0.4041,0.0,0.0,0.0,0.0
8,6,7,0,,,,1.2602834,0.0,0.0,0.0,0.0
8,7,7,0,,,,1.12655,0.0,0.0,0.0,51.07
8,8,7,0,,,,2.3624666,0.0,0.0,0.0,169.44
8,9,7,0,,,,1.0584667,0.0,0.0,0.0,350.29
8,10,7,0,,,,1.20195,0.0,0.0,0.0,506.89
8,11,7,0,,,,0.7794833,0.0,0.0,0.0,649.6
8,12,7,0,,,,0.39015,0.0,0.0,0.0,714.71
8,13,7,0,,,,0.46318334,0.0,0.0,0.0,740.81
8,14,7,0,,,,2.5556834,0.0,0.0,0.0,648.3
8,15,7,0,,,,2.3825834,0.0,0.0,0.0,631.32
8,16,7,0,,,,3.1591,0.0,0.0,0.0,510.95
8,17,7,0,,,,3.3331666,0.0,0.0,0.0,342.73
8,18,7,0,,,,3.30065,0.0,0.0,0.0,158.62
8,19,7,0,,,,2.11345,0.0,0.0,0.0,26.55
8,20,7,0,,,,2.0543,0.0,0.0,0.0,0.0
8,21,7,0,,,,1.8558834,0.0,0.0,0.0,0.0
8,22,7,0,,,,1.5262667,0.0,0.0,0.0,0.0
8,23,7,0,,,,1.66005,0.0,0.0,0.0,0.0
8,24,7,0,,,,2.566975,0.0,0.0,0.0,0.0
8,1,1,0,,,,2.9658334,0.0,0.0,0.0,0.0
8,2,1,0,,,,0.98623335,0.0,0.0,0.0,0.0
8,3,1,0,,,,0.39088333,0.0,0.0,0.0,0.0
8,4,1,0,,,,0.43836668,0.0,0.0,0.0,0.0
8,5,1,0,,,,1.4415833,0.0,0.0,0.0,0.0
8,6,1,0,,,,1.5304,0.0,0.0,0.0,0.0
8,7,1,0,,,,0.7427,0.0,0.0,0.0,3.34
8,8,1,0,,,,1.5658833,0.0,0.0,0.0,19.19
8,9,1,0,,,,1.56855,0.0,0.0,0.0,62.13
8,10,1,0,,,,2.06985,0.0,0.0,0.0,78.96
8,11,1,0,,,,2.0641167,0.0,0.0,0.0,96.96
8,12,1,0,,,,2.2403667,0.0,0.0,0.0,147.69
8,13,1,0,,,,2.20135,0.0,0.0,0.0,114.54
8,14,1,0,,,,2.36825,0.0,0.0,0.0,103.42
8,15,1,0,,,,2.3210166,0.0,0.0,0.0,162.82
8,16,1,0,,,,2.08455,0.0,0.0,0.0,96.52
8,17,1,0,,,,2.12175,0.0,0.0,0.0,101.23
8,18,1,0,,,,2.2508667,0.0,0.0,0.0,94.3
8,19,1,0,,,,0.8729167,0.0,0.0,0.0,8.83
8,20,1,0,,,,1.4568,0.0,0.0,0.0,0.0
8,21,1,0,,,,0.4129167,0.0,0.0,0.0,0.0
8,22,1,0,,,,1.94635,0.0,0.0,0.0,0.0
8,23,1,0,,,,3.03555,0.0,0.0,0.0,0.0
8,24,1,0,,,,2.4953167,0.0,0.0,0.0,0.0
8,1,2,0,,,,0.45831665,0.0,0.0,0.0,0.0
8,2,2,0,,,,0.42681667,0.0,0.0,0.0,0.0
8,3,2,0,,,,0.41623333,0.0,0.0,0.0,0.0
8,4,2,0,,,,0.44871667,0.0,0.0,0.0,0.0
8,5,2,0,,,,2.1621666,0.0,0.0,0.0,0.0
8,6,2,0,,,,1.0441834,0.0,0.0,0.0,0.0
8,7,2,0,,,,0.46943334,0.0,0.0,0.0,2.88
8,8,2,0,,,,0.6612667,0.0,0.0,0.0,11.47
8,9,2,0,,,,2.1321166,0.0,0.0,0.0,24.9
8,10,2,0,,,,1.8052334,0.0,0.0,0.0,70.53
8,11,2,0,,,,0.34841666,0.0,0.0,0.0,73.58
8,12,2,0,,,,0.38235,0.0,0.0,0.0,104.0
8,13,2,0,,,,0.73441666,0.0,0.0,0.0,100.73
8,14,2,0,,,,0.56245,0.0,0.0,0.0,64.79
8,15,2,0,,,,1.4526,0.0,0.0,0.0,50.29
8,16,2,0,,,,2.6513,0.0,0.0,0.0,44.97
8,17,2,0,,,,3.3704,0.0,0.0,0.0,31.75
8,18,2,0,,,,2.9446,0.0,0.0,0.0,36.06
8,19,2,0,,,,1.3196,0.0,0.0,0.0,11.96
8,20,2,0,,,,1.1703833,0.0,0.0,0.0,0.0
8,21,2,0,,,,0.8164333,0.0,0.0,0.0,0.0
8,22,2,0,,,,2.9751334,0.0,0.0,0.0,0.0
8,23,2,0,,,,2.9315333,0.0,0.0,0.0,0.0
8,24,2,0,,,,0.49435,0.0,0.0,0.0,0.0
8,1,3,0,,,,0.45146668,0.0,0.0,0.0,0.0
8,2,3,0,,,,0.91566664,0.0,0.0,0.0,0.0
8,3,3,0,,,,0.6993,0.0,0.0,0.0,0.0
8,4,3,0,,,,0.95605,0.0,0.0,0.0,0.0
8,5,3,0,,,,0.83725,0.0,0.0,0.0,0.0
8,6,3,0,,,,0.44438332,0.0,0.0,0.0,0.0
8,7,3,0,,,,0.9292333,0.0,0.0,0.0,2.89
8,8,3,0,,,,0.90585,0.0,0.0,0.0,10.88
8,9,3,0,,,,1.362675,0.0,0.0,0.0,52.24
8,10,3,0,,,,1.75325,0.0,0.0,0.0,97.36
8,11,3,0,,,,2.18775,0.0,0.0,0.0,132.77
8,12,3,0,,,,2.5949667,0.0,0.0,0.0,119.9
8,13,3,0,,,,2.8378,0.0,0.0,0.0,106.17
8,14,3,0,,,,2.92015,0.0,0.0,0.0,130.23
8,15,3,0,,,,1.8729334,0.0,0.0,0.0,120.43
8,16,3,0,,,,2.3675666,0.0,0.0,0.0,132.99
8,17,3,0,,,,1.3117833,0.0,0.0,0.0,64.27
8,18,3,0,,,,0.74773335,0.0,0.0,0.0,64.78
8,19,3,0,,,,0.000550095,0.0,0.0,0.0,18.44
8,20,3,0,,,,0.15038338,0.0,0.0,0.0,0.0
8,21,3,0,,,,0.35773334,0.0,0.0,0.0,0.0
8,22,3,0,,,,1.0975667,0.0,0.0,0.0,0.0
8,23,3,0,,,,1.7264833,0.0,0.0,0.0,0.0
8,24,3,0,,,,2.9080667,0.0,0.0,0.0,0.0
8,1,4,0,,,,1.8935167,0.0,0.0,0.0,0.0
8,2,4,0,,,,0.42633334,0.0,0.0,0.0,0.0
8,3,4,0,,,,0.45703334,0.0,0.0,0.0,0.0
8,4,4,0,,,,1.8569334,0.0,0.0,0.0,0.0
8,5,4,0,,,,0.4205,0.0,0.0,0.0,0.0
8,6,4,0,,,,0.44935,0.0,0.0,0.0,0.0
8,7,4,0,,,,0.42195,0.0,0.0,0.0,53.86
8,8,4,0,,,,1.54995,0.0,0.0,0.0,229.11
8,9,4,0,,,,1.57705,0.0,0.0,0.0,430.35
8,10,4,0,,,,1.8954333,0.0,0.0,0.0,586.44
8,11,4,0,,,,2.0600834,0.0,0.0,0.0,707.94
8,12,4,0,,,,2.3635166,0.0,0.0,0.0,741.0
8,13,4,0,,,,2.7768834,0.0,0.0,0.0,723.98
8,14,4,0,,,,2.6877666,0.0,0.0,0.0,739.31
8,15,4,0,,,,2.4713666,0.0,0.0,0.0,655.09
8,16,4,0,,,,2.1591167,0.0,0.0,0.0,528.89
8,17,4,0,,,,1.5870334,0.0,0.0,0.0,354.06
8,18,4,0,,,,2.2014,0.0,0.0,0.0,160.4
8,19,4,0,,,,2.4365168,0.0,0.0,0.0,25.43
8,20,4,0,,,,1.29315,0.0,0.0,0.0,0.0
8,21,4,0,,,,1.2087333,0.0,0.0,0.0,0.0
8,22,4,0,,,,2.3762,0.0,0.0,0.0,0.0
8,23,4,0,,,,3.033,0.0,0.0,0.0,0.0
8,24,4,0,,,,2.277775,0.0,0.0,0.0,0.0
8,1,5,0,,,,0.42935,0.0,0.0,0.0,0.0
8,2,5,0,,,,0.41888332,0.0,0.0,0.0,0.0
8,3,5,0,,,,0.4576,0.0,0.0,0.0,0.0
8,4,5,0,,,,0.41191667,0.0,0.0,0.0,0.0
8,5,5,0,,,,0.42115,0.0,0.0,0.0,0.0
8,6,5,0,,,,0.65133333,0.0,0.0,0.0,0.0
8,7,5,0,,,,0.8541667,0.0,0.0,0.0,49.58
8,8,5,0,,,,1.86795,0.0,0.0,0.0,227.86
8,9,5,0,,,,1.0959667,0.0,0.0,0.0,414.0
8,10,5,0,,,,1.3650334,0.0,0.0,0.0,551.4
8,11,5,0,,,,2.24785,0.0,0.0,0.0,654.96
8,12,5,0,,,,2.5412834,0.0,0.0,0.0,722.94
8,13,5,0,,,,1.9937333,0.0,0.0,0.0,730.33
8,14,5,0,,,,0.41213334,0.0,0.0,0.0,695.43
8,15,5,0,,,,2.2915,0.0,0.0,0.0,607.99
8,16,5,0,,,,1.5853333,0.0,0.0,0.0,476.73
8,17,5,0,,,,1.5135833,0.0,0.0,0.0,335.31
8,18,5,0,,,,2.1960332,0.0,0.0,0.0,152.3
8,19,5,0,,,,0.027100064,0.0,0.0,0.0,25.43
8,20,5,0,,,,0.012133395,0.0,0.0,0.0,0.0
8,21,5,0,,,,0.030683352,0.0,0.0,0.0,0.0
8,22,5,0,,,,0.17786668,0.0,0.0,0.0,0.0
8,23,5,0,,,,0.61841667,0.0,0.0,0.0,0.0
8,24,5,0,,,,1.5902083,0.0,0.0,0.0,0.0
8,1,6,0,,,,2.7783,0.0,0.0,0.0,0.0
8,2,6,0,,,,2.0640166,0.0,0.0,0.0,0.0
8,3,6,0,,,,0.43063334,0.0,0.0,0.0,0.0
8,4,6,0,,,,0.4513,0.0,0.0,0.0,0.0
8,5,6,0,,,,0.43365,0.0,0.0,0.0,0.0
8,6,6,0,,,,0.81021667,0.0,0.0,0.0,0.0
8,7,6,0,,,,0.5729333,0.0,0.0,0.0,50.83
8,8,6,0,,,,0.9052167,0.0,0.0,0.0,211.41
8,9,6,0,,,,1.86075,0.0,0.0,0.0,397.07
8,10,6,0,,,,1.4909166,0.0,0.0,0.0,539.11
8,11,6,0,,,,1.8650833,0.0,0.0,0.0,650.72
8,12,6,0,,,,2.2105,0.0,0.0,0.0,724.63
8,13,6,0,,,,1.11775,0.0,0.0,0.0,726.67
8,14,6,0,,,,1.0680333,0.0,0.0,0.0,687.57
8,15,6,0,,,,2.0944834,0.0,0.0,0.0,603.25
8,16,6,0,,,,0.93688333,0.0,0.0,0.0,487.27
8,17,6,0,,,,0.6616167,0.0,0.0,0.0,327.63
8,18,6,0,,,,0.94558334,0.0,0.0,0.0,145.27
8,19,6,0,,,,1.9826833,0.0,0.0,0.0,23.21
8,20,6,0,,,,1.37305,0.0,0.0,0.0,0.0
8,21,6,0,,,,1.4404167,0.0,0.0,0.0,0.0
8,22,6,0,,,,1.2787167,0.0,0.0,0.0,0.0
8,23,6,0,,,,1.099,0.0,0.0,0.0,0.0
8,24,6,0,,,,1.0830667,0.0,0.0,0.0,0.0
8,1,7,0,,,,0.7898667,0.0,0.0,0.0,0.0
8,2,7,0,,,,1.0328333,0.0,0.0,0.0,0.0
8,3,7,0,,,,1.0147667,0.0,0.0,0.0,0.0
8,4,7,0,,,,0.75553334,0.0,0.0,0.0,0.0
8,5,7,0,,,,1.07125,0.0,0.0,0.0,0.0
8,6,7,0,,,,0.93738335,0.0,0.0,0.0,0.0
8,7,7,0,,,,0.9887,0.0,0.0,0.0,47.77
8,8,7,0,,,,0.7779833,0.0,0.0,0.0,219.31
8,9,7,0,,,,1.18115,0.0,0.0,0.0,401.17
8,10,7,0,,,,1.7031,0.0,0.0,0.0,538.8
8,11,7,0,,,,1.5065167,0.0,0.0,0.0,641.65
8,12,7,0,,,,1.2544,0.0,0.0,0.0,714.7
8,13,7,0,,,,0.37953332,0.0,0.0,0.0,716.04
8,14,7,0,,,,1.9921833,0.0,0.0,0.0,681.63
8,15,7,0,,,,0.56285,0.0,0.0,0.0,602.58
8,16,7,0,,,,1.0836,0.0,0.0,0.0,485.0
8,17,7,0,,,,0.95558333,0.0,0.0,0.0,327.42
8,18,7,0,,,,1.2148167,0.0,0.0,0.0,144.16
8,19,7,0,,,,0.47655,0.0,0.0,0.0,22.45
8,20,7,0,,,,1.6452833,0.0,0.0,0.0,0.0
8,21,7,0,,,,0.58245,0.0,0.0,0.0,0.0
8,22,7,0,,,,2.9013834,0.0,0.0,0.0,0.0
8,23,7,0,,,,2.9029,0.0,0.0,0.0,0.0
8,24,7,0,,,,0.8865917,0.0,0.0,0.0,0.0
8,1,1,0,,,,0.44525,0.0,0.0,0.0,0.0
8,2,1,0,,,,0.4632,0.0,0.0,0.0,0.0
8,3,1,0,,,,0.42753333,0.0,0.0,0.0,0.0
8,4,1,0,,,,0.57601666,0.0,0.0,0.0,0.0
8,5,1,0,,,,2.0021834,0.0,0.0,0.0,0.0
8,6,1,0,,,,0.95565,0.0,0.0,0.0,0.0
8,7,1,0,,,,0.9906333,0.0,0.0,0.0,4.87
8,8,1,0,,,,1.1266,0.0,0.0,0.0,57.33
8,9,1,0,,,,1.1578667,0.0,0.0,0.0,174.04
8,10,1,0,,,,1.79745,0.0,0.0,0.0,392.97
8,11,1,0,,,,2.2008333,0.0,0.0,0.0,567.84
8,12,1,0,,,,2.5834668,0.0,0.0,0.0,354.83
8,13,1,0,,,,2.9051666,0.0,0.0,0.0,329.85
8,14,1,0,,,,2.9195333,0.0,0.0,0.0,642.63
8,15,1,0,,,,2.3928666,0.0,0.0,0.0,330.06
8,16,1,0,,,,1.4514834,0.0,0.0,0.0,431.19
8,17,1,0,,,,1.3956292,0.0,0.0,0.0,344.87
8,18,1,0,,,,0.7773167,0.0,0.0,0.0,129.29
8,19,1,0,,,,0.004516765,0.0,0.0,0.0,22.16
8,20,1,0,,,,9.9999994e-08,0.0,0.0,0.0,0.0
8,21,1,0,,,,9.9999994e-08,0.0,0.0,0.0,0.0
8,22,1,0,,,,0.10678341,0.0,0.0,0.0,0.0
8,23,1,0,,,,2.3319833,0.0,0.0,0.0,0.0
8,24,1,0,,,,2.00675,0.0,0.0,0.0,0.0
8,1,2,0,,,,0.47073334,0.0,0.0,0.0,0.0
8,2,2,0,,,,0.4301,0.0,0.0,0.0,0.0
8,3,2,0,,,,0.49476665,0.0,0.0,0.0,0.0
8,4,2,0,,,,2.05535,0.0,0.0,0.0,0.0
8,5,2,0,,,,0.8569,0.0,0.0,0.0,0.0
8,6,2,0,,,,0.8499,0.0,0.0,0.0,0.0
8,7,2,0,,,,0.88166666,0.0,0.0,0.0,44.67
8,8,2,0,,,,1.4851333,0.0,0.0,0.0,187.2
8,9,2,0,,,,1.1131333,0.0,0.0,0.0,393.78
8,10,2,0,,,,1.7422833,0.0,0.0,0.0,486.38
8,11,2,0,,,,2.1972666,0.0,0.0,0.0,644.69
8,12,2,0,,,,2.4662,0.0,0.0,0.0,690.71
8,13,2,0,,,,2.6937,0.0,0.0,0.0,666.7
8,14,2,0,,,,2.7963,0.0,0.0,0.0,557.46
8,15,2,0,,,,1.6819,0.0,0.0,0.0,524.85
8,16,2,0,,,,1.7640834,0.0,0.0,0.0,375.38
8,17,2,0,,,,1.36315,0.0,0.0,0.0,167.63
8,18,2,0,,,,1.4217833,0.0,0.0,0.0,95.01
8,19,2,0,,,,0.30491674,0.0,0.0,0.0,19.36
8,20,2,0,,,,9.9999994e-08,0.0,0.0,0.0,0.0
8,21,2,0,,,,9.9999994e-08,0.0,0.0,0.0,0.0
8,22,2,0,,,,0.9762,0.0,0.0,0.0,0.0
8,23,2,0,,,,2.9328167,0.0,0.0,0.0,0.0
8,24,2,0,,,,1.39315,0.0,0.0,0.0,0.0
8,1,3,0,,,,0.89446664,0.0,0.0,0.0,0.0
8,2,3,0,,,,0.47433335,0.0,0.0,0.0,0.0
8,3,3,0,,,,0.43203333,0.0,0.0,0.0,0.0
8,4,3,0,,,,0.4376,0.0,0.0,0.0,0.0
8,5,3,0,,,,0.46755,0.0,0.0,0.0,0.0
8,6,3,0,,,,0.64775,0.0,0.0,0.0,0.0
8,7,3,0,,,,0.4849,0.0,0.0,0.0,46.66
8,8,3,0,,,,1.3374667,0.0,0.0,0.0,216.55
8,9,3,0,,,,0.92506665,0.0,0.0,0.0,411.73
8,10,3,0,,,,2.3166,0.0,0.0,0.0,562.77
8,11,3,0,,,,2.0995667,0.0,0.0,0.0,677.49
8,12,3,0,,,,2.4382334,0.0,0.0,0.0,744.81
8,13,3,0,,,,2.6226833,0.0,0.0,0.0,757.37
8,14,3,0,,,,0.85828334,0.0,0.0,0.0,715.71
8,15,3,0,,,,0.60865,0.0,0.0,0.0,620.23
8,16,3,0,,,,2.0712166,0.0,0.0,0.0,500.71
8,17,3,0,,,,1.8071166,0.0,0.0,0.0,332.16
8,18,3,0,,,,2.6311166,0.0,0.0,0.0,140.75
8,19,3,0,,,,0.045600098,0.0,0.0,0.0,19.27
8,20,3,0,,,,9.9999994e-08,0.0,0.0,0.0,0.0
8,21,3,0,,,,9.9999994e-08,0.0,0.0,0.0,0.0
8,22,3,0,,,,0.24948338,0.0,0.0,0.0,0.0
8,23,3,0,,,,1.6285666,0.0,0.0,0.0,0.0
8,24,3,0,,,,2.778925,0.0,0.0,0.0,0.0
8,1,4,0,,,,2.8047333,0.0,0.0,0.0,0.0
8,2,4,0,,,,0.56413335,0.0,0.0,0.0,0.0
8,3,4,0,,,,0.44736665,0.0,0.0,0.0,0.0
8,4,4,0,,,,0.44151667,0.0,0.0,0.0,0.0
8,5,4,0,,,,0.45305,0.0,0.0,0.0,0.0
8,6,4,0,,,,0.89821666,0.0,0.0,0.0,0.0
8,7,4,0,,,,0.46481666,0.0,0.0,0.0,46.1
8,8,4,0,,,,0.65068334,0.0,0.0,0.0,221.02
8,9,4,0,,,,1.0698167,0.0,0.0,0.0,383.08
8,10,4,0,,,,1.3189,0.0,0.0,0.0,515.9
8,11,4,0,,,,1.9447666,0.0,0.0,0.0,659.04
8,12,4,0,,,,2.35555,0.0,0.0,0.0,729.9
8,13,4,0,,,,2.5873168,0.0,0.0,0.0,657.55
8,14,4,0,,,,0.8071833,0.0,0.0,0.0,702.33
8,15,4,0,,,,0.34215,0.0,0.0,0.0,623.83
8,16,4,0,,,,0.44988334,0.0,0.0,0.0,497.82
8,17,4,0,,,,1.3867,0.0,0.0,0.0,325.67
8,18,4,0,,,,2.4576833,0.0,0.0,0.0,139.45
8,19,4,0,,,,0.24608336,0.0,0.0,0.0,17.8
8,20,4,0,,,,0.046300057,0.0,0.0,0.0,0.0
8,21,4,0,,,,0.046016715,0.0,0.0,0.0,0.0
8,22,4,0,,,,0.1547834,0.0,0.0,0.0,0.0
8,23,4,0,,,,2.4886,0.0,0.0,0.0,0.0
8,24,4,0,,,,2.4461083,0.0,0.0,0.0,0.0
8,1,5,0,,,,0.40746668,0.0,0.0,0.0,0.0
8,2,5,0,,,,0.43161666,0.0,0.0,0.0,0.0
8,3,5,0,,,,0.39848334,0.0,0.0,0.0,0.0
8,4,5,0,,,,0.424,0.0,0.0,0.0,0.0
8,5,5,0,,,,0.82418334,0.0,0.0,0.0,0.0
8,6,5,0,,,,0.51231664,0.0,0.0,0.0,0.0
8,7,5,0,,,,0.90235,0.0,0.0,0.0,43.44
8,8,5,0,,,,0.5851333,0.0,0.0,0.0,203.79
8,9,5,0,,,,0.9619333,0.0,0.0,0.0,391.15
8,10,5,0,,,,1.4701333,0.0,0.0,0.0,509.4
8,11,5,0,,,,2.22355,0.0,0.0,0.0,658.56
8,12,5,0,,,,2.6331,0.0,0.0,0.0,726.66
8,13,5,0,,,,2.6706667,0.0,0.0,0.0,729.96
8,14,5,0,,,,1.5405667,0.0,0.0,0.0,687.34
8,15,5,0,,,,1.4443834,0.0,0.0,0.0,595.82
8,16,5,0,,,,1.09815,0.0,0.0,0.0,481.9
8,17,5,0,,,,1.1017667,0.0,0.0,0.0,318.63
8,18,5,0,,,,1.0420667,0.0,0.0,0.0,133.42
8,19,5,0,,,,0.0812834,0.0,0.0,0.0,17.05
8,20,5,0,,,,0.029033408,0.0,0.0,0.0,0.0
8,21,5,0,,,,0.027483404,0.0,0.0,0.0,0.0
8,22,5,0,,,,0.01363341,0.0,0.0,0.0,0.0
8,23,5,0,,,,0.73026675,0.0,0.0,0.0,0.0
8,24,5,0,,,,2.6777167,0.0,0.0,0.0,0.0
8,1,6,0,,,,0.53646666,0.0,0.0,0.0,0.0
8,2,6,0,,,,0.478675,0.0,0.0,0.0,0.0
8,3,6,0,,,,0.71176666,0.0,0.0,0.0,0.0
8,4,6,0,,,,0.78241664,0.0,0.0,0.0,0.0
8,5,6,0,,,,0.49295,0.0,0.0,0.0,0.0
8,6,6,0,,,,0.49605,0.0,0.0,0.0,0.0
8,7,6,0,,,,0.45823333,0.0,0.0,0.0,44.0
8,8,6,0,,,,0.5596667,0.0,0.0,0.0,207.72
8,9,6,0,,,,0.7384833,0.0,0.0,0.0,400.92
8,10,6,0,,,,1.1406333,0.0,0.0,0.0,555.59
8,11,6,0,,,,1.6315167,0.0,0.0,0.0,669.89
8,12,6,0,,,,2.2994666,0.0,0.0,0.0,741.04
8,13,6,0,,,,1.0329334,0.0,0.0,0.0,754.04
8,14,6,0,,,,1.4390334,0.0,0.0,0.0,724.82
8,15,6,0,,,,0.7478667,0.0,0.0,0.0,622.81
8,16,6,0,,,,1.2983167,0.0,0.0,0.0,494.52
8,17,6,0,,,,1.19715,0.0,0.0,0.0,323.98
8,18,6,0,,,,1.4422667,0.0,0.0,0.0,131.54
8,19,6,0,,,,1.9553,0.0,0.0,0.0,16.34
8,20,6,0,,,,1.2073667,0.0,0.0,0.0,0.0
8,21,6,0,,,,1.1602833,0.0,0.0,0.0,0.0
8,22,6,0,,,,1.0878333,0.0,0.0,0.0,0.0
8,23,6,0,,,,0.8674333,0.0,0.0,0.0,0.0
8,24,6,0,,,,2.0980084,0.0,0.0,0.0,0.0
8,1,7,0,,,,2.3118834,0.0,0.0,0.0,0.0
8,2,7,0,,,,0.58246666,0.0,0.0,0.0,0.0
8,3,7,0,,,,0.4657,0.0,0.0,0.0,0.0
8,4,7,0,,,,0.47715,0.0,0.0,0.0,0.0
8,5,7,0,,,,0.42688334,0.0,0.0,0.0,0.0
8,6,7,0,,,,0.44835,0.0,0.0,0.0,0.0
8,7,7,0,,,,0.51428336,0.0,0.0,0.0,41.1
8,8,7,0,,,,1.0214334,0.0,0.0,0.0,208.13
8,9,7,0,,,,1.3231833,0.0,0.0,0.0,397.91
8,10,7,0,,,,1.2253667,0.0,0.0,0.0,544.31
8,11,7,0,,,,1.8916667,0.0,0.0,0.0,659.72
8,12,7,0,,,,2.4524167,0.0,0.0,0.0,700.05
8,13,7,0,,,,0.3978,0.0,0.0,0.0,682.23
8,14,7,0,,,,0.7583333,0.0,0.0,0.0,656.18
8,15,7,0,,,,1.6609167,0.0,0.0,0.0,594.6
8,16,7,0,,,,2.1525,0.0,0.0,0.0,461.37
8,17,7,0,,,,0.93175,0.0,0.0,0.0,304.02
8,18,7,0,,,,0.64773333,0.0,0.0,0.0,125.82
8,19,7,0,,,,1.5875833,0.0,0.0,0.0,15.13
8,20,7,0,,,,1.5327667,0.0,0.0,0.0,0.0
8,21,7,0,,,,3.0527666,0.0,0.0,0.0,0.0
8,22,7,0,,,,2.9274666,0.0,0.0,0.0,0.0
8,23,7,0,,,,0.46575,0.0,0.0,0.0,0.0
8,24,7,0,,,,0.434175,0.0,0.0,0.0,0.0
8,1,1,0,,,,0.41005,0.0,0.0,0.0,0.0
8,2,1,0,,,,0.44248334,0.0,0.0,0.0,0.0
8,3,1,0,,,,0.79408336,0.0,0.0,0.0,0.0
8,4,1,0,,,,1.9906833,0.0,0.0,0.0,0.0
8,5,1,0,,,,0.43328333,0.0,0.0,0.0,0.0
8,6,1,0,,,,0.48418334,0.0,0.0,0.0,0.0
8,7,1,0,,,,0.79968333,0.0,0.0,0.0,39.07
8,8,1,0,,,,0.6329833,0.0,0.0,0.0,210.68
8,9,1,0,,,,1.3570666,0.0,0.0,0.0,410.86
8,10,1,0,,,,1.5560666,0.0,0.0,0.0,564.25
8,11,1,0,,,,1.9110667,0.0,0.0,0.0,678.7
8,12,1,0,,,,2.37505,0.0,0.0,0.0,744.71
8,13,1,0,,,,2.6266668,0.0,0.0,0.0,747.62
8,14,1,0,,,,2.5361333,0.0,0.0,0.0,706.5
8,15,1,0,,,,2.3596334,0.0,0.0,0.0,611.63
8,16,1,0,,,,0.33638334,0.0,0.0,0.0,485.78
8,17,1,0,,,,2.0490334,0.0,0.0,0.0,308.98
8,18,1,0,,,,2.88055,0.0,0.0,0.0,126.61
8,19,1,0,,,,0.013600081,0.0,0.0,0.0,14.02
8,20,1,0,,,,0.11583337,0.0,0.0,0.0,0.0
8,21,1,0,,,,0.09626671,0.0,0.0,0.0,0.0
8,22,1,0,,,,1.6126333,0.0,0.0,0.0,0.0
8,23,1,0,,,,2.9245167,0.0,0.0,0.0,0.0
8,24,1,0,,,,0.45420834,0.0,0.0,0.0,0.0
8,1,2,0,,,,0.4198,0.0,0.0,0.0,0.0
8,2,2,0,,,,0.46456668,0.0,0.0,0.0,0.0
8,3,2,0,,,,1.6500833,0.0,0.0,0.0,0.0
8,4,2,0,,,,1.0706,0.0,0.0,0.0,0.0
8,5,2,0,,,,0.60358334,0.0,0.0,0.0,0.0
8,6,2,0,,,,1.7786833,0.0,0.0,0.0,0.0
8,7,2,0,,,,1.1350833,0.0,0.0,0.0,39.9
8,8,2,0,,,,2.00965,0.0,0.0,0.0,205.55
8,9,2,0,,,,1.4674833,0.0,0.0,0.0,386.94
8,10,2,0,,,,1.7984834,0.0,0.0,0.0,534.28
8,11,2,0,,,,2.3784168,0.0,0.0,0.0,655.21
8,12,2,0,,,,2.5970666,0.0,0.0,0.0,724.07
8,13,2,0,,,,2.8660166,0.0,0.0,0.0,723.06
8,14,2,0,,,,2.9566834,0.0,0.0,0.0,673.5
8,15,2,0,,,,2.80855,0.0,0.0,0.0,581.08
8,16,2,0,,,,2.6471834,0.0,0.0,0.0,458.24
8,17,2,0,,,,2.28665,0.0,0.0,0.0,299.3
8,18,2,0,,,,2.5001333,0.0,0.0,0.0,121.24
8,19,2,0,,,,0.07625009,0.0,0.0,0.0,12.17
8,20,2,0,,,,9.9999994e-08,0.0,0.0,0.0,0.0
8,21,2,0,,,,0.026750093,0.0,0.0,0.0,0.0
8,22,2,0,,,,0.47746667,0.0,0.0,0.0,0.0
8,23,2,0,,,,1.4043666,0.0,0.0,0.0,0.0
8,24,2,0,,,,1.6432834,0.0,0.0,0.0,0.0
8,1,3,0,,,,2.8931167,0.0,0.0,0.0,0.0
8,2,3,0,,,,0.43343332,0.0,0.0,0.0,0.0
8,3,3,0,,,,0.63691664,0.0,0.0,0.0,0.0
8,4,3,0,,,,0.66101664,0.0,0.0,0.0,0.0
8,5,3,0,,,,0.45693332,0.0,0.0,0.0,0.0
8,6,3,0,,,,1.56035,0.0,0.0,0.0,0.0
8,7,3,0,,,,1.0269333,0.0,0.0,0.0,1.04
8,8,3,0,,,,1.1241167,0.0,0.0,0.0,64.93
8,9,3,0,,,,1.6317667,0.0,0.0,0.0,328.17
8,10,3,0,,,,2.04065,0.0,0.0,0.0,512.0
8,11,3,0,,,,2.037,0.0,0.0,0.0,631.77
8,12,3,0,,,,2.235,0.0,0.0,0.0,694.68
8,13,3,0,,,,2.8419166,0.0,0.0,0.0,712.83
8,14,3,0,,,,2.8447666,0.0,0.0,0.0,614.83
8,15,3,0,,,,3.1966834,0.0,0.0,0.0,85.63
8,16,3,0,,,,2.5462167,0.0,0.0,0.0,422.67
8,17,3,0,,,,2.38605,0.0,0.0,0.0,296.94
8,18,3,0,,,,2.662,0.0,0.0,0.0,113.03
8,19,3,0,,,,0.1575334,0.0,0.0,0.0,10.51
8,20,3,0,,,,0.0051334016,0.0,0.0,0.0,0.0
8,21,3,0,,,,0.1429834,0.0,0.0,0.0,0.0
8,22,3,0,,,,1.2048167,0.0,0.0,0.0,0.0
8,23,3,0,,,,2.9442334,0.0,0.0,0.0,0.0
8,24,3,0,,,,1.0805,0.0,0.0,0.0,0.0
9,1,4,0,,,,0.42601666,0.0,0.0,0.0,0.0
9,2,4,0,,,,0.3841,0.0,0.0,0.0,0.0
9,3,4,0,,,,0.43336666,0.0,0.0,0.0,0.0
9,4,4,0,,,,0.39881667,0.0,0.0,0.0,0.0
9,5,4,0,,,,0.7163,0.0,0.0,0.0,0.0
9,6,4,0,,,,1.86365,0.0,0.0,0.0,0.0
9,7,4,0,,,,0.6867167,0.0,0.0,0.0,26.33
9,8,4,0,,,,1.6948667,0.0,0.0,0.0,184.92
9,9,4,0,,,,1.5853667,0.0,0.0,0.0,380.33
9,10,4,0,,,,1.8724333,0.0,0.0,0.0,543.23
9,11,4,0,,,,3.1797667,0.0,0.0,0.0,659.21
9,12,4,0,,,,2.5243666,0.0,0.0,0.0,697.89
9,13,4,0,,,,2.7967834,0.0,0.0,0.0,640.67
9,14,4,0,,,,2.8716,0.0,0.0,0.0,569.86
9,15,4,0,,,,2.6112666,0.0,0.0,0.0,436.71
9,16,4,0,,,,1.3594583,0.0,0.0,0.0,358.19
9,17,4,0,,,,0.5116,0.0,0.0,0.0,257.91
9,18,4,0,,,,2.2117667,0.0,0.0,0.0,110.85
9,19,4,0,,,,0.23288338,0.0,0.0,0.0,9.38
9,20,4,0,,,,0.10478339,0.0,0.0,0.0,0.0
9,21,4,0,,,,0.027633408,0.0,0.0,0.0,0.0
9,22,4,0,,,,1.6032166,0.0,0.0,0.0,0.0
9,23,4,0,,,,2.3736,0.0,0.0,0.0,0.0
9,24,4,0,,,,0.41720834,0.0,0.0,0.0,0.0
9,1,5,0,,,,0.45806667,0.0,0.0,0.0,0.0
9,2,5,0,,,,0.4272,0.0,0.0,0.0,0.0
9,3,5,0,,,,0.42668334,0.0,0.0,0.0,0.0
9,4,5,0,,,,0.45823333,0.0,0.0,0.0,0.0
9,5,5,0,,,,0.6735333,0.0,0.0,0.0,0.0
9,6,5,0,,,,0.64105,0.0,0.0,0.0,0.0
9,7,5,0,,,,0.6573667,0.0,0.0,0.0,34.99
9,8,5,0,,,,0.7898667,0.0,0.0,0.0,198.04
9,9,5,0,,,,0.80726665,0.0,0.0,0.0,390.85
9,10,5,0,,,,1.7372667,0.0,0.0,0.0,540.79
9,11,5,0,,,,2.2413666,0.0,0.0,0.0,647.86
9,12,5,0,,,,2.61265,0.0,0.0,0.0,713.33
9,13,5,0,,,,2.8274167,0.0,0.0,0.0,690.05
9,14,5,0,,,,1.2019666,0.0,0.0,0.0,637.52
9,15,5,0,,,,0.5689667,0.0,0.0,0.0,489.64
9,16,5,0,,,,1.0234166,0.0,0.0,0.0,406.39
9,17,5,0,,,,2.3369167,0.0,0.0,0.0,281.66
9,18,5,0,,,,3.0821834,0.0,0.0,0.0,112.24
9,19,5,0,,,,0.18955004,0.0,0.0,0.0,8.2
9,20,5,0,,,,9.9999994e-08,0.0,0.0,0.0,0.0
9,21,5,0,,,,0.018666761,0.0,0.0,0.0,0.0
9,22,5,0,,,,0.5654667,0.0,0.0,0.0,0.0
9,23,5,0,,,,0.6257667,0.0,0.0,0.0,0.0
9,24,5,0,,,,2.6575584,0.0,0.0,0.0,0.0
9,1,6,0,,,,0.55001664,0.0,0.0,0.0,0.0
9,2,6,0,,,,0.45296666,0.0,0.0,0.0,0.0
9,3,6,0,,,,0.4257,0.0,0.0,0.0,0.0
9,4,6,0,,,,0.47956666,0.0,0.0,0.0,0.0
9,5,6,0,,,,0.42748332,0.0,0.0,0.0,0.0
9,6,6,0,,,,0.44635,0.0,0.0,0.0,0.0
9,7,6,0,,,,0.4198,0.0,0.0,0.0,27.81
9,8,6,0,,,,0.46223333,0.0,0.0,0.0,173.13
9,9,6,0,,,,0.8333,0.0,0.0,0.0,360.7
9,10,6,0,,,,1.42875,0.0,0.0,0.0,512.86
9,11,6,0,,,,2.4094167,0.0,0.0,0.0,613.49
9,12,6,0,,,,2.5462,0.0,0.0,0.0,682.27
9,13,6,0,,,,1.0751333,0.0,0.0,0.0,621.61
9,14,6,0,,,,0.63191664,0.0,0.0,0.0,285.97
9,15,6,0,,,,0.6055167,0.0,0.0,0.0,151.42
9,16,6,0,,,,0.5649167,0.0,0.0,0.0,40.21
9,17,6,0,,,,0.50513333,0.0,0.0,0.0,122.99
9,18,6,0,,,,0.41553336,0.0,0.0,0.0,4.12
9,19,6,0,,,,0.12600006,0.0,0.0,0.0,6.67
9,20,6,0,,,,0.98123336,0.0,0.0,0.0,0.0
9,21,6,0,,,,0.76353335,0.0,0.0,0.0,0.0
9,22,6,0,,,,0.70673335,0.0,0.0,0.0,0.0
9,23,6,0,,,,0.7486333,0.0,0.0,0.0,0.0
9,24,6,0,,,,0.7208833,0.0,0.0,0.0,0.0
9,1,7,0,,,,2.7085834,0.0,0.0,0.0,0.0
9,2,7,0,,,,0.60648334,0.0,0.0,0.0,0.0
9,3,7,0,,,,0.48296666,0.0,0.0,0.0,0.0
9,4,7,0,,,,0.53641665,0.0,0.0,0.0,0.0
9,5,7,0,,,,0.849,0.0,0.0,0.0,0.0
9,6,7,0,,,,0.6127833,0.0,0.0,0.0,0.0
9,7,7,0,,,,0.50665,0.0,0.0,0.0,0.65
9,8,7,0,,,,0.52421665,0.0,0.0,0.0,9.63
9,9,7,0,,,,0.8013833,0.0,0.0,0.0,35.79
9,10,7,0,,,,0.9364333,0.0,0.0,0.0,64.72
9,11,7,0,,,,1.5873834,0.0,0.0,0.0,319.77
9,12,7,0,,,,2.40675,0.0,0.0,0.0,364.8
9,13,7,0,,,,1.0651333,0.0,0.0,0.0,414.97
9,14,7,0,,,,1.2412666,0.0,0.0,0.0,318.45
9,15,7,0,,,,1.0623,0.0,0.0,0.0,80.21
9,16,7,0,,,,1.0966166,0.0,0.0,0.0,69.21
9,17,7,0,,,,0.9996,0.0,0.0,0.0,58.37
9,18,7,0,,,,0.46218333,0.0,0.0,0.0,6.54
9,19,7,0,,,,1.1061167,0.0,0.0,0.0,5.38
9,20,7,0,,,,0.66761667,0.0,0.0,0.0,0.0
9,21,7,0,,,,0.67455,0.0,0.0,0.0,0.0
9,22,7,0,,,,0.41961667,0.0,0.0,0.0,0.0
9,23,7,0,,,,2.10885,0.0,0.0,0.0,0.0
9,24,7,0,,,,0.5492833,0.0,0.0,0.0,0.0
9,1,1,0,,,,0.51086664,0.0,0.0,0.0,0.0
9,2,1,0,,,,0.44928333,0.0,0.0,0.0,0.0
9,3,1,0,,,,0.41055,0.0,0.0,0.0,0.0
9,4,1,0,,,,0.45495,0.0,0.0,0.0,0.0
9,5,1,0,,,,0.41476667,0.0,0.0,0.0,0.0
9,6,1,0,,,,0.44418332,0.0,0.0,0.0,0.0
9,7,1,0,,,,0.43261668,0.0,0.0,0.0,32.85
9,8,1,0,,,,0.44156668,0.0,0.0,0.0,120.58
9,9,1,0,,,,0.47251666,0.0,0.0,0.0,210.17
9,10,1,0,,,,1.4275167,0.0,0.0,0.0,218.18
9,11,1,0,,,,2.0388167,0.0,0.0,0.0,541.99
9,12,1,0,,,,2.5019333,0.0,0.0,0.0,524.4
9,13,1,0,,,,2.4844,0.0,0.0,0.0,647.9
9,14,1,0,,,,0.7999333,0.0,0.0,0.0,590.99
9,15,1,0,,,,0.57986665,0.0,0.0,0.0,595.21
9,16,1,0,,,,0.51956666,0.0,0.0,0.0,471.92
9,17,1,0,,,,0.37743333,0.0,0.0,0.0,280.29
9,18,1,0,,,,1.5976,0.0,0.0,0.0,74.49
9,19,1,0,,,,0.0024334316,0.0,0.0,0.0,1.19
9,20,1,0,,,,0.0013334283,0.0,0.0,0.0,0.0
9,21,1,0,,,,0.0021834283,0.0,0.0,0.0,0.0
9,22,1,0,,,,1.4816,0.0,0.0,0.0,0.0
9,23,1,0,,,,2.2498834,0.0,0.0,0.0,0.0
9,24,1,0,,,,0.40941668,0.0,0.0,0.0,0.0
9,1,2,0,,,,0.44818333,0.0,0.0,0.0,0.0
9,2,2,0,,,,0.44091666,0.0,0.0,0.0,0.0
9,3,2,0,,,,0.41756666,0.0,0.0,0.0,0.0
9,4,2,0,,,,0.44983333,0.0,0.0,0.0,0.0
9,5,2,0,,,,0.40416667,0.0,0.0,0.0,0.0
9,6,2,0,,,,0.48063335,0.0,0.0,0.0,0.0
9,7,2,0,,,,0.4694,0.0,0.0,0.0,30.44
9,8,2,0,,,,0.50588334,0.0,0.0,0.0,186.58
9,9,2,0,,,,0.9798333,0.0,0.0,0.0,344.98
9,10,2,0,,,,1.4670167,0.0,0.0,0.0,338.45
9,11,2,0,,,,1.9752,0.0,0.0,0.0,566.98
9,12,2,0,,,,2.2715666,0.0,0.0,0.0,712.94
9,13,2,0,,,,2.5231166,0.0,0.0,0.0,725.7
9,14,2,0,,,,1.5910833,0.0,0.0,0.0,693.25
9,15,2,0,,,,0.51266664,0.0,0.0,0.0,543.4
9,16,2,0,,,,0.62978333,0.0,0.0,0.0,430.39
9,17,2,0,,,,0.57851666,0.0,0.0,0.0,284.59
9,18,2,0,,,,2.31315,0.0,0.0,0.0,100.47
9,19,2,0,,,,0.24611673,0.0,0.0,0.0,2.42
9,20,2,0,,,,0.03310009,0.0,0.0,0.0,0.0
9,21,2,0,,,,0.18218338,0.0,0.0,0.0,0.0
9,22,2,0,,,,1.9472166,0.0,0.0,0.0,0.0
9,23,2,0,,,,1.9558166,0.0,0.0,0.0,0.0
9,24,2,0,,,,2.3066833,0.0,0.0,0.0,0.0
9,1,3,0,,,,3.2596667,0.0,0.0,0.0,0.0
9,2,3,0,,,,0.87085,0.0,0.0,0.0,0.0
9,3,3,0,,,,0.81088334,0.0,0.0,0.0,0.0
9,4,3,0,,,,0.44103333,0.0,0.0,0.0,0.0
9,5,3,0,,,,0.38483334,0.0,0.0,0.0,0.0
9,6,3,0,,,,1.0065334,0.0,0.0,0.0,0.0
9,7,3,0,,,,2.1797,0.0,0.0,0.0,28.9
9,8,3,0,,,,1.635125,0.0,0.0,0.0,191.76
9,9,3,0,,,,1.792825,0.0,0.0,0.0,385.28
9,10,3,0,,,,1.7053167,0.0,0.0,0.0,539.8
9,11,3,0,,,,2.4056168,0.0,0.0,0.0,626.77
9,12,3,0,,,,2.5577667,0.0,0.0,0.0,621.36
9,13,3,0,,,,2.73395,0.0,0.0,0.0,614.5
9,14,3,0,,,,2.82515,0.0,0.0,0.0,449.88
9,15,3,0,,,,0.9375333,0.0,0.0,0.0,243.15
9,16,3,0,,,,2.5506,0.0,0.0,0.0,316.51
9,17,3,0,,,,0.67266667,0.0,0.0,0.0,257.83
9,18,3,0,,,,0.6895,0.0,0.0,0.0,92.69
9,19,3,0,,,,0.0048334314,0.0,0.0,0.0,2.38
9,20,3,0,,,,0.16661671,0.0,0.0,0.0,0.0
9,21,3,0,,,,0.007083412,0.0,0.0,0.0,0.0
9,22,3,0,,,,0.022666728,0.0,0.0,0.0,0.0
9,23,3,0,,,,0.026666695,0.0,0.0,0.0,0.0
9,24,3,0,,,,0.39416668,0.0,0.0,0.0,0.0
9,1,4,0,,,,0.433,0.0,0.0,0.0,0.0
9,2,4,0,,,,0.38881665,0.0,0.0,0.0,0.0
9,3,4,0,,,,0.42893332,0.0,0.0,0.0,0.0
9,4,4,0,,,,0.3971,0.0,0.0,0.0,0.0
9,5,4,0,,,,0.45613334,0.0,0.0,0.0,0.0
9,6,4,0,,,,0.8226333,0.0,0.0,0.0,0.0
9,7,4,0,,,,0.38891667,0.0,0.0,0.0,16.33
9,8,4,0,,,,0.54261667,0.0,0.0,0.0,174.37
9,9,4,0,,,,0.48725,0.0,0.0,0.0,357.47
9,10,4,0,,,,1.3274333,0.0,0.0,0.0,500.36
9,11,4,0,,,,1.82015,0.0,0.0,0.0,637.34
9,12,4,0,,,,2.2392333,0.0,0.0,0.0,710.0
9,13,4,0,,,,1.7715,0.0,0.0,0.0,725.47
9,14,4,0,,,,2.7998333,0.0,0.0,0.0,655.42
9,15,4,0,,,,2.0888166,0.0,0.0,0.0,570.43
9,16,4,0,,,,0.47886667,0.0,0.0,0.0,388.73
9,17,4,0,,,,0.5123,0.0,0.0,0.0,269.14
9,18,4,0,,,,0.46283334,0.0,0.0,0.0,92.48
9,19,4,0,,,,0.00573342,0.0,0.0,0.0,0.0
9,20,4,0,,,,0.04168342,0.0,0.0,0.0,0.0
9,21,4,0,,,,0.06820009,0.0,0.0,0.0,0.0
9,22,4,0,,,,0.05280009,0.0,0.0,0.0,0.0
9,23,4,0,,,,0.38840002,0.0,0.0,0.0,0.0
9,24,4,0,,,,0.49913332,0.0,0.0,0.0,0.0
9,1,5,0,,,,0.42265,0.0,0.0,0.0,0.0
9,2,5,0,,,,0.4682,0.0,0.0,0.0,0.0
9,3,5,0,,,,0.42165,0.0,0.0,0.0,0.0
9,4,5,0,,,,0.44388333,0.0,0.0,0.0,0.0
9,5,5,0,,,,0.4425,0.0,0.0,0.0,0.0
9,6,5,0,,,,0.42706665,0.0,0.0,0.0,0.0
9,7,5,0,,,,0.51195,0.0,0.0,0.0,22.97
9,8,5,0,,,,0.5265167,0.0,0.0,0.0,182.69
9,9,5,0,,,,0.5841,0.0,0.0,0.0,388.4
9,10,5,0,,,,1.2384334,0.0,0.0,0.0,482.16
9,11,5,0,,,,1.7803833,0.0,0.0,0.0,663.31
9,12,5,0,,,,2.134,0.0,0.0,0.0,730.3
9,13,5,0,,,,2.3448834,0.0,0.0,0.0,715.66
9,14,5,0,,,,3.1244166,0.0,0.0,0.0,636.58
9,15,5,0,,,,2.2117667,0.0,0.0,0.0,588.27
9,16,5,0,,,,0.79645,0.0,0.0,0.0,436.16
9,17,5,0,,,,1.2108333,0.0,0.0,0.0,288.1
9,18,5,0,,,,1.7611166,0.0,0.0,0.0,90.08
9,19,5,0,,,,0.20141673,0.0,0.0,0.0,0.0
9,20,5,0,,,,0.27296668,0.0,0.0,0.0,0.0
9,21,5,0,,,,0.037966732,0.0,0.0,0.0,0.0
9,22,5,0,,,,1.20355,0.0,0.0,0.0,0.0
9,23,5,0,,,,1.2325333,0.0,0.0,0.0,0.0
9,24,5,0,,,,0.9596583,0.0,0.0,0.0,0.0
9,1,6,0,,,,0.9798,0.0,0.0,0.0,0.0
9,2,6,0,,,,0.6735167,0.0,0.0,0.0,0.0
9,3,6,0,,,,0.7054167,0.0,0.0,0.0,0.0
9,4,6,0,,,,0.6727167,0.0,0.0,0.0,0.0
9,5,6,0,,,,0.68123335,0.0,0.0,0.0,0.0
9,6,6,0,,,,0.67815,0.0,0.0,0.0,0.0
9,7,6,0,,,,0.6604667,0.0,0.0,0.0,27.95
9,8,6,0,,,,0.83005,0.0,0.0,0.0,168.99
9,9,6,0,,,,1.3790833,0.0,0.0,0.0,405.16
9,10,6,0,,,,1.6839334,0.0,0.0,0.0,565.58
9,11,6,0,,,,2.19665,0.0,0.0,0.0,681.01
9,12,6,0,,,,2.4281332,0.0,0.0,0.0,727.67
9,13,6,0,,,,1.4737166,0.0,0.0,0.0,749.11
9,14,6,0,,,,1.4755334,0.0,0.0,0.0,692.77
9,15,6,0,,,,1.1952833,0.0,0.0,0.0,584.38
9,16,6,0,,,,1.5899167,0.0,0.0,0.0,453.1
9,17,6,0,,,,0.7597833,0.0,0.0,0.0,275.93
9,18,6,0,,,,0.47310004,0.0,0.0,0.0,87.18
9,19,6,0,,,,2.9271333,0.0,0.0,0.0,0.0
9,20,6,0,,,,1.51185,0.0,0.0,0.0,0.0
9,21,6,0,,,,0.6236,0.0,0.0,0.0,0.0
9,22,6,0,,,,1.1695,0.0,0.0,0.0,0.0
9,23,6,0,,,,0.6447667,0.0,0.0,0.0,0.0
9,24,6,0,,,,0.68460834,0.0,0.0,0.0,0.0
9,1,7,0,,,,0.63275,0.0,0.0,0.0,0.0
9,2,7,0,,,,0.6311833,0.0,0.0,0.0,0.0
9,3,7,0,,,,0.7359167,0.0,0.0,0.0,0.0
9,4,7,0,,,,0.83375,0.0,0.0,0.0,0.0
9,5,7,0,,,,0.41536668,0.0,0.0,0.0,0.0
9,6,7,0,,,,0.36673334,0.0,0.0,0.0,0.0
9,7,7,0,,,,0.6313,0.0,0.0,0.0,24.5
9,8,7,0,,,,0.673,0.0,0.0,0.0,197.13
9,9,7,0,,,,0.93465,0.0,0.0,0.0,383.24
9,10,7,0,,,,1.5040166,0.0,0.0,0.0,537.15
9,11,7,0,,,,1.97005,0.0,0.0,0.0,651.16
9,12,7,0,,,,2.4555333,0.0,0.0,0.0,707.34
9,13,7,0,,,,1.9021667,0.0,0.0,0.0,706.9
9,14,7,0,,,,3.5864,0.0,0.0,0.0,646.0
9,15,7,0,,,,1.5527834,0.0,0.0,0.0,560.38
9,16,7,0,,,,1.1513667,0.0,0.0,0.0,431.51
9,17,7,0,,,,0.76105,0.0,0.0,0.0,238.56
9,18,7,0,,,,0.19566672,0.0,0.0,0.0,85.1
9,19,7,0,,,,0.14035006,0.0,0.0,0.0,0.0
9,20,7,0,,,,0.72985,0.0,0.0,0.0,0.0
9,21,7,0,,,,0.78073335,0.0,0.0,0.0,0.0
9,22,7,0,,,,0.80441666,0.0,0.0,0.0,0.0
9,23,7,0,,,,0.8537833,0.0,0.0,0.0,0.0
9,24,7,0,,,,0.61885,0.0,0.0,0.0,0.0
9,1,1,0,,,,0.82271665,0.0,0.0,0.0,0.0
9,2,1,0,,,,0.45186666,0.0,0.0,0.0,0.0
9,3,1,0,,,,0.41511667,0.0,0.0,0.0,0.0
9,4,1,0,,,,0.46255,0.0,0.0,0.0,0.0
9,5,1,0,,,,0.42528334,0.0,0.0,0.0,0.0
9,6,1,0,,,,0.6985833,0.0,0.0,0.0,0.0
9,7,1,0,,,,0.8064333,0.0,0.0,0.0,20.26
9,8,1,0,,,,0.55055,0.0,0.0,0.0,185.3
9,9,1,0,,,,1.0641167,0.0,0.0,0.0,380.13
9,10,1,0,,,,1.3839166,0.0,0.0,0.0,538.7
9,11,1,0,,,,1.90265,0.0,0.0,0.0,656.89
9,12,1,0,,,,2.32205,0.0,0.0,0.0,712.38
9,13,1,0,,,,2.5574834,0.0,0.0,0.0,688.46
9,14,1,0,,,,2.1431334,0.0,0.0,0.0,655.55
9,15,1,0,,,,1.0813667,0.0,0.0,0.0,535.88
9,16,1,0,,,,0.8136,0.0,0.0,0.0,424.69
9,17,1,0,,,,1.0355166,0.0,0.0,0.0,257.47
9,18,1,0,,,,0.7947,0.0,0.0,0.0,79.14
9,19,1,0,,,,0.030916736,0.0,0.0,0.0,0.0
9,20,1,0,,,,0.0109834215,0.0,0.0,0.0,0.0
9,21,1,0,,,,9.9999994e-08,0.0,0.0,0.0,0.0
9,22,1,0,,,,0.019883422,0.0,0.0,0.0,0.0
9,23,1,0,,,,0.0036667516,0.0,0.0,0.0,0.0
9,24,1,0,,,,0.396025,0.0,0.0,0.0,0.0
9,1,2,0,,,,0.44966668,0.0,0.0,0.0,0.0
9,2,2,0,,,,0.40218332,0.0,0.0,0.0,0.0
9,3,2,0,,,,0.8979333,0.0,0.0,0.0,0.0
9,4,2,0,,,,0.47516668,0.0,0.0,0.0,0.0
9,5,2,0,,,,0.42141667,0.0,0.0,0.0,0.0
9,6,2,0,,,,0.46685,0.0,0.0,0.0,0.0
9,7,2,0,,,,0.45068333,0.0,0.0,0.0,10.08
9,8,2,0,,,,0.59185,0.0,0.0,0.0,171.27
9,9,2,0,,,,0.55185,0.0,0.0,0.0,367.91
9,10,2,0,,,,0.5966667,0.0,0.0,0.0,537.55
9,11,2,0,,,,0.53893334,0.0,0.0,0.0,642.19
9,12,2,0,,,,0.6171833,0.0,0.0,0.0,701.47
9,13,2,0,,,,0.75243336,0.0,0.0,0.0,702.7
9,14,2,0,,,,0.7940417,0.0,0.0,0.0,660.0
9,15,2,0,,,,1.653975,0.0,0.0,0.0,550.49
9,16,2,0,,,,1.4474167,0.0,0.0,0.0,386.63
9,17,2,0,,,,1.0759833,0.0,0.0,0.0,184.34
9,18,2,0,,,,0.5402167,0.0,0.0,0.0,48.34
9,19,2,0,,,,0.029050095,0.0,0.0,0.0,0.0
9,20,2,0,,,,0.36030006,0.0,0.0,0.0,0.0
9,21,2,0,,,,0.18376674,0.0,0.0,0.0,0.0
9,22,2,0,,,,0.56278336,0.0,0.0,0.0,0.0
9,23,2,0,,,,0.45621666,0.0,0.0,0.0,0.0
9,24,2,0,,,,0.48960835,0.0,0.0,0.0,0.0
9,1,3,0,,,,0.43701667,0.0,0.0,0.0,0.0
9,2,3,0,,,,0.47568333,0.0,0.0,0.0,0.0
9,3,3,0,,,,0.45376667,0.0,0.0,0.0,0.0
9,4,3,0,,,,0.54983336,0.0,0.0,0.0,0.0
9,5,3,0,,,,0.46966666,0.0,0.0,0.0,0.0
9,6,3,0,,,,0.46206668,0.0,0.0,0.0,0.0
9,7,3,0,,,,0.48716667,0.0,0.0,0.0,0.0
9,8,3,0,,,,0.48721668,0.0,0.0,0.0,63.13
9,9,3,0,,,,0.53136665,0.0,0.0,0.0,15.27
9,10,3,0,,,,1.3672667,0.0,0.0,0.0,70.18
9,11,3,0,,,,1.9499167,0.0,0.0,0.0,177.39
9,12,3,0,,,,2.3378167,0.0,0.0,0.0,543.9
9,13,3,0,,,,2.5564334,0.0,0.0,0.0,654.7
9,14,3,0,,,,0.8538833,0.0,0.0,0.0,663.29
9,15,3,0,,,,0.43056667,0.0,0.0,0.0,548.73
9,16,3,0,,,,0.4727,0.0,0.0,0.0,412.02
9,17,3,0,,,,0.43,0.0,0.0,0.0,276.04
9,18,3,0,,,,0.72473335,0.0,0.0,0.0,72.59
9,19,3,0,,,,0.0032500983,0.0,0.0,0.0,0.0
9,20,3,0,,,,0.033316758,0.0,0.0,0.0,0.0
9,21,3,0,,,,9.9999994e-08,0.0,0.0,0.0,0.0
9,22,3,0,,,,0.010133425,0.0,0.0,0.0,0.0
9,23,3,0,,,,0.0016834183,0.0,0.0,0.0,0.0
9,24,3,0,,,,0.41700834,0.0,0.0,0.0,0.0
9,1,4,0,,,,0.43871668,0.0,0.0,0.0,0.0
9,2,4,0,,,,0.42846668,0.0,0.0,0.0,0.0
9,3,4,0,,,,0.45228332,0.0,0.0,0.0,0.0
9,4,4,0,,,,0.48583335,0.0,0.0,0.0,0.0
9,5,4,0,,,,0.7729333,0.0,0.0,0.0,0.0
9,6,4,0,,,,0.70021665,0.0,0.0,0.0,0.0
9,7,4,0,,,,0.44558334,0.0,0.0,0.0,16.22
9,8,4,0,,,,0.5348333,0.0,0.0,0.0,193.99
9,9,4,0,,,,0.49246666,0.0,0.0,0.0,403.64
9,10,4,0,,,,1.3748833,0.0,0.0,0.0,580.13
9,11,4,0,,,,1.9050833,0.0,0.0,0.0,685.78
9,12,4,0,,,,2.2714334,0.0,0.0,0.0,500.39
9,13,4,0,,,,1.50615,0.0,0.0,0.0,455.21
9,14,4,0,,,,0.4329,0.0,0.0,0.0,562.36
9,15,4,0,,,,0.47316667,0.0,0.0,0.0,524.83
9,16,4,0,,,,0.42548335,0.0,0.0,0.0,434.84
9,17,4,0,,,,0.45975,0.0,0.0,0.0,239.23
9,18,4,0,,,,0.4238,0.0,0.0,0.0,36.4
9,19,4,0,,,,0.0040000933,0.0,0.0,0.0,0.0
9,20,4,0,,,,0.21716672,0.0,0.0,0.0,0.0
9,21,4,0,,,,0.1617334,0.0,0.0,0.0,0.0
9,22,4,0,,,,0.44251674,0.0,0.0,0.0,0.0
9,23,4,0,,,,0.6551167,0.0,0.0,0.0,0.0
9,24,4,0,,,,0.672425,0.0,0.0,0.0,0.0
9,1,5,0,,,,0.41465,0.0,0.0,0.0,0.0
9,2,5,0,,,,0.43041667,0.0,0.0,0.0,0.0
9,3,5,0,,,,0.64645,0.0,0.0,0.0,0.0
9,4,5,0,,,,0.40678334,0.0,0.0,0.0,0.0
9,5,5,0,,,,0.44333333,0.0,0.0,0.0,0.0
9,6,5,0,,,,0.39073333,0.0,0.0,0.0,0.0
9,7,5,0,,,,0.52855,0.0,0.0,0.0,13.23
9,8,5,0,,,,0.7094,0.0,0.0,0.0,188.55
9,9,5,0,,,,0.4676,0.0,0.0,0.0,107.08
9,10,5,0,,,,1.4907,0.0,0.0,0.0,307.81
9,11,5,0,,,,1.9622,0.0,0.0,0.0,568.79
9,12,5,0,,,,2.3076084,0.0,0.0,0.0,297.56
9,13,5,0,,,,2.5089,0.0,0.0,0.0,459.81
9,14,5,0,,,,1.8456666,0.0,0.0,0.0,635.36
9,15,5,0,,,,1.1665334,0.0,0.0,0.0,553.36
9,16,5,0,,,,1.1036,0.0,0.0,0.0,422.78
9,17,5,0,,,,1.04825,0.0,0.0,0.0,258.38
9,18,5,0,,,,1.0195667,0.0,0.0,0.0,34.55
9,19,5,0,,,,0.050600067,0.0,0.0,0.0,0.0
9,20,5,0,,,,0.21620007,0.0,0.0,0.0,0.0
9,21,5,0,,,,0.2903167,0.0,0.0,0.0,0.0
9,22,5,0,,,,0.23763339,0.0,0.0,0.0,0.0
9,23,5,0,,,,0.8688167,0.0,0.0,0.0,0.0
9,24,5,0,,,,0.83935,0.0,0.0,0.0,0.0
9,1,6,0,,,,0.62081665,0.0,0.0,0.0,0.0
9,2,6,0,,,,1.6376667,0.0,0.0,0.0,0.0
9,3,6,0,,,,0.4404,0.0,0.0,0.0,0.0
9,4,6,0,,,,0.44501665,0.0,0.0,0.0,0.0
9,5,6,0,,,,0.9421833,0.0,0.0,0.0,0.0
9,6,6,0,,,,0.4566,0.0,0.0,0.0,0.0
9,7,6,0,,,,0.40735,0.0,0.0,0.0,0.3
9,8,6,0,,,,0.48115,0.0,0.0,0.0,196.1
9,9,6,0,,,,1.60835,0.0,0.0,0.0,375.69
9,10,6,0,,,,1.4512167,0.0,0.0,0.0,581.65
9,11,6,0,,,,1.9008,0.0,0.0,0.0,687.25
9,12,6,0,,,,2.3639,0.0,0.0,0.0,705.48
9,13,6,0,,,,0.5757667,0.0,0.0,0.0,752.2
9,14,6,0,,,,1.0582833,0.0,0.0,0.0,700.73
9,15,6,0,,,,1.0074,0.0,0.0,0.0,568.53
9,16,6,0,,,,1.7929,0.0,0.0,0.0,423.33
9,17,6,0,,,,1.0372334,0.0,0.0,0.0,245.37
9,18,6,0,,,,0.046166748,0.0,0.0,0.0,65.54
9,19,6,0,,,,0.26130006,0.0,0.0,0.0,0.0
9,20,6,0,,,,0.5940667,0.0,0.0,0.0,0.0
9,21,6,0,,,,0.637,0.0,0.0,0.0,0.0
9,22,6,0,,,,0.5736833,0.0,0.0,0.0,0.0
9,23,6,0,,,,0.6043,0.0,0.0,0.0,0.0
9,24,6,0,,,,1.0524334,0.0,0.0,0.0,0.0
9,1,7,0,,,,3.0674,0.0,0.0,0.0,0.0
9,2,7,0,,,,3.0960834,0.0,0.0,0.0,0.0
9,3,7,0,,,,1.3782166,0.0,0.0,0.0,0.0
9,4,7,0,,,,0.46393332,0.0,0.0,0.0,0.0
9,5,7,0,,,,0.42165,0.0,0.0,0.0,0.0
9,6,7,0,,,,0.4665,0.0,0.0,0.0,0.0
9,7,7,0,,,,0.71793336,0.0,0.0,0.0,0.0
9,8,7,0,,,,3.0940332,0.0,0.0,0.0,147.14
9,9,7,0,,,,0.86791664,0.0,0.0,0.0,171.32
9,10,7,0,,,,1.2364334,0.0,0.0,0.0,109.08
9,11,7,0,,,,1.7860167,0.0,0.0,0.0,179.01
9,12,7,0,,,,2.0468667,0.0,0.0,0.0,546.81
9,13,7,0,,,,3.1101832,0.0,0.0,0.0,240.93
9,14,7,0,,,,1.4709667,0.0,0.0,0.0,621.13
9,15,7,0,,,,3.5721667,0.0,0.0,0.0,101.72
9,16,7,0,,,,1.56595,0.0,0.0,0.0,392.67
9,17,7,0,,,,0.6906667,0.0,0.0,0.0,103.26
9,18,7,0,,,,2.5221167,0.0,0.0,0.0,66.18
9,19,7,0,,,,1.9907666,0.0,0.0,0.0,0.0
9,20,7,0,,,,0.6906833,0.0,0.0,0.0,0.0
9,21,7,0,,,,2.0091667,0.0,0.0,0.0,0.0
9,22,7,0,,,,0.87801665,0.0,0.0,0.0,0.0
9,23,7,0,,,,2.0496666,0.0,0.0,0.0,0.0
9,24,7,0,,,,3.4480834,0.0,0.0,0.0,0.0
9,1,1,0,,,,2.3237,0.0,0.0,0.0,0.0
9,2,1,0,,,,0.446,0.0,0.0,0.0,0.0
9,3,1,0,,,,0.45943335,0.0,0.0,0.0,0.0
9,4,1,0,,,,0.42726666,0.0,0.0,0.0,0.0
9,5,1,0,,,,0.44148332,0.0,0.0,0.0,0.0
9,6,1,0,,,,0.56296664,0.0,0.0,0.0,0.0
9,7,1,0,,,,1.5730333,0.0,0.0,0.0,5.75
9,8,1,0,,,,0.77178335,0.0,0.0,0.0,71.78
9,9,1,0,,,,0.82075,0.0,0.0,0.0,356.55
9,10,1,0,,,,1.3879,0.0,0.0,0.0,526.84
9,11,1,0,,,,1.7516834,0.0,0.0,0.0,560.03
9,12,1,0,,,,1.8595333,0.0,0.0,0.0,348.54
9,13,1,0,,,,1.3310333,0.0,0.0,0.0,240.91
9,14,1,0,,,,3.1154,0.0,0.0,0.0,289.58
9,15,1,0,,,,1.3683,0.0,0.0,0.0,429.3
9,16,1,0,,,,2.2642834,0.0,0.0,0.0,290.98
9,17,1,0,,,,1.001,0.0,0.0,0.0,260.67
9,18,1,0,,,,0.97073334,0.0,0.0,0.0,62.16
9,19,1,0,,,,0.06010006,0.0,0.0,0.0,0.0
9,20,1,0,,,,0.06325004,0.0,0.0,0.0,0.0
9,21,1,0,,,,0.46145004,0.0,0.0,0.0,0.0
9,22,1,0,,,,0.84748334,0.0,0.0,0.0,0.0
9,23,1,0,,,,2.7374,0.0,0.0,0.0,0.0
9,24,1,0,,,,2.4075,0.0,0.0,0.0,0.0
9,1,2,0,,,,0.46301666,0.0,0.0,0.0,0.0
9,2,2,0,,,,0.42906666,0.0,0.0,0.0,0.0
9,3,2,0,,,,0.46603334,0.0,0.0,0.0,0.0
9,4,2,0,,,,0.41861665,0.0,0.0,0.0,0.0
9,5,2,0,,,,0.45673335,0.0,0.0,0.0,0.0
9,6,2,0,,,,0.42945,0.0,0.0,0.0,0.0
9,7,2,0,,,,0.4008,0.0,0.0,0.0,0.0
9,8,2,0,,,,1.0811334,0.0,0.0,0.0,26.79
9,9,2,0,,,,2.6197333,0.0,0.0,0.0,121.4
9,10,2,0,,,,1.1605333,0.0,0.0,0.0,226.42
9,11,2,0,,,,0.9451333,0.0,0.0,0.0,372.58
9,12,2,0,,,,0.99188334,0.0,0.0,0.0,447.1
9,13,2,0,,,,2.0567334,0.0,0.0,0.0,595.9
9,14,2,0,,,,0.5884333,0.0,0.0,0.0,158.7
9,15,2,0,,,,0.53935,0.0,0.0,0.0,46.22
9,16,2,0,,,,1.4521667,0.0,0.0,0.0,78.32
9,17,2,0,,,,1.7099167,0.0,0.0,0.0,138.78
9,18,2,0,,,,0.54425,0.0,0.0,0.0,31.03
9,19,2,0,,,,0.5341333,0.0,0.0,0.0,0.0
9,20,2,0,,,,0.5298833,0.0,0.0,0.0,0.0
9,21,2,0,,,,2.41945,0.0,0.0,0.0,0.0
9,22,2,0,,,,1.03035,0.0,0.0,0.0,0.0
9,23,2,0,,,,1.0142167,0.0,0.0,0.0,0.0
9,24,2,0,,,,1.5564417,0.0,0.0,0.0,0.0
9,1,3,0,,,,2.0763,0.0,0.0,0.0,0.0
9,2,3,0,,,,0.38923332,0.0,0.0,0.0,0.0
9,3,3,0,,,,0.4319,0.0,0.0,0.0,0.0
9,4,3,0,,,,0.38775,0.0,0.0,0.0,0.0
9,5,3,0,,,,0.72468334,0.0,0.0,0.0,0.0
9,6,3,0,,,,0.9296,0.0,0.0,0.0,0.0
9,7,3,0,,,,0.43221667,0.0,0.0,0.0,1.17
9,8,3,0,,,,0.4225,0.0,0.0,0.0,123.54
9,9,3,0,,,,0.83035,0.0,0.0,0.0,417.59
9,10,3,0,,,,1.0196167,0.0,0.0,0.0,577.66
9,11,3,0,,,,1.8624333,0.0,0.0,0.0,658.48
9,12,3,0,,,,2.2479668,0.0,0.0,0.0,756.22
9,13,3,0,,,,2.7175,0.0,0.0,0.0,775.81
9,14,3,0,,,,1.98605,0.0,0.0,0.0,700.16
9,15,3,0,,,,1.13105,0.0,0.0,0.0,350.85
9,16,3,0,,,,3.1235833,0.0,0.0,0.0,64.23
9,17,3,0,,,,0.8185667,0.0,0.0,0.0,49.59
9,18,3,0,,,,1.30305,0.0,0.0,0.0,24.54
9,19,3,0,,,,0.006916765,0.0,0.0,0.0,0.0
9,20,3,0,,,,0.074933425,0.0,0.0,0.0,0.0
9,21,3,0,,,,0.8100834,0.0,0.0,0.0,0.0
9,22,3,0,,,,1.9741833,0.0,0.0,0.0,0.0
9,23,3,0,,,,3.2681668,0.0,0.0,0.0,0.0
9,24,3,0,,,,1.3738,0.0,0.0,0.0,0.0
9,1,4,0,,,,0.45846668,0.0,0.0,0.0,0.0
9,2,4,0,,,,0.39811668,0.0,0.0,0.0,0.0
9,3,4,0,,,,0.43523332,0.0,0.0,0.0,0.0
9,4,4,0,,,,0.38678333,0.0,0.0,0.0,0.0
9,5,4,0,,,,0.42715,0.0,0.0,0.0,0.0
9,6,4,0,,,,0.3933,0.0,0.0,0.0,0.0
9,7,4,0,,,,0.6152,0.0,0.0,0.0,0.0
9,8,4,0,,,,1.6108667,0.0,0.0,0.0,25.38
9,9,4,0,,,,1.156,0.0,0.0,0.0,57.71
9,10,4,0,,,,1.40455,0.0,0.0,0.0,90.7
9,11,4,0,,,,1.8759667,0.0,0.0,0.0,121.06
9,12,4,0,,,,1.99675,0.0,0.0,0.0,180.22
9,13,4,0,,,,2.0898,0.0,0.0,0.0,69.67
9,14,4,0,,,,2.31235,0.0,0.0,0.0,293.18
9,15,4,0,,,,0.5851,0.0,0.0,0.0,293.49
9,16,4,0,,,,0.50458336,0.0,0.0,0.0,310.96
9,17,4,0,,,,0.47751668,0.0,0.0,0.0,201.65
9,18,4,0,,,,0.61048335,0.0,0.0,0.0,45.19
9,19,4,0,,,,0.003666765,0.0,0.0,0.0,0.0
9,20,4,0,,,,9.833333e-08,0.0,0.0,0.0,0.0
9,21,4,0,,,,9.9999994e-08,0.0,0.0,0.0,0.0
9,22,4,0,,,,0.033400062,0.0,0.0,0.0,0.0
9,23,4,0,,,,1.8303667,0.0,0.0,0.0,0.0
9,24,4,0,,,,0.45695,0.0,0.0,0.0,0.0
9,1,5,0,,,,0.48033333,0.0,0.0,0.0,0.0
9,2,5,0,,,,0.45528334,0.0,0.0,0.0,0.0
9,3,5,0,,,,0.49855,0.0,0.0,0.0,0.0
9,4,5,0,,,,0.45646667,0.0,0.0,0.0,0.0
9,5,5,0,,,,0.9912,0.0,0.0,0.0,0.0
9,6,5,0,,,,0.7125667,0.0,0.0,0.0,0.0
9,7,5,0,,,,0.8788667,0.0,0.0,0.0,0.0
9,8,5,0,,,,0.8319833,0.0,0.0,0.0,26.67
9,9,5,0,,,,0.4292,0.0,0.0,0.0,76.42
9,10,5,0,,,,1.3914,0.0,0.0,0.0,307.88
9,11,5,0,,,,1.9119333,0.0,0.0,0.0,482.41
9,12,5,0,,,,2.3887334,0.0,0.0,0.0,707.2
9,13,5,0,,,,2.0453334,0.0,0.0,0.0,764.12
9,14,5,0,,,,0.40923333,0.0,0.0,0.0,690.11
9,15,5,0,,,,0.36683333,0.0,0.0,0.0,547.95
9,16,5,0,,,,0.49693334,0.0,0.0,0.0,426.19
9,17,5,0,,,,0.70198333,0.0,0.0,0.0,236.65
9,18,5,0,,,,0.64939165,0.0,0.0,0.0,46.17
9,19,5,0,,,,9.9999994e-08,0.0,0.0,0.0,0.0
9,20,5,0,,,,0.4000667,0.0,0.0,0.0,0.0
9,21,5,0,,,,0.49305,0.0,0.0,0.0,0.0
9,22,5,0,,,,0.2131834,0.0,0.0,0.0,0.0
9,23,5,0,,,,9.9999994e-08,0.0,0.0,0.0,0.0
9,24,5,0,,,,1.7135834,0.0,0.0,0.0,0.0
9,1,6,0,,,,2.6996167,0.0,0.0,0.0,0.0
9,2,6,0,,,,0.37895,0.0,0.0,0.0,0.0
9,3,6,0,,,,0.41566667,0.0,0.0,0.0,0.0
9,4,6,0,,,,0.39118335,0.0,0.0,0.0,0.0
9,5,6,0,,,,0.39163333,0.0,0.0,0.0,0.0
9,6,6,0,,,,0.40115,0.0,0.0,0.0,0.0
9,7,6,0,,,,0.3784,0.0,0.0,0.0,5.67
9,8,6,0,,,,0.47533333,0.0,0.0,0.0,199.07
9,9,6,0,,,,0.59833336,0.0,0.0,0.0,430.43
9,10,6,0,,,,1.9003834,0.0,0.0,0.0,598.82
9,11,6,0,,,,1.8541,0.0,0.0,0.0,703.61
9,12,6,0,,,,2.3957167,0.0,0.0,0.0,756.32
9,13,6,0,,,,0.5341333,0.0,0.0,0.0,747.81
9,14,6,0,,,,0.35326666,0.0,0.0,0.0,634.34
9,15,6,0,,,,0.32075,0.0,0.0,0.0,554.24
9,16,6,0,,,,0.33546665,0.0,0.0,0.0,433.91
9,17,6,0,,,,0.3959,0.0,0.0,0.0,234.51
9,18,6,0,,,,0.011683427,0.0,0.0,0.0,41.22
9,19,6,0,,,,9.9999994e-08,0.0,0.0,0.0,0.0
9,20,6,0,,,,9.9999994e-08,0.0,0.0,0.0,0.0
9,21,6,0,,,,0.48441666,0.0,0.0,0.0,0.0
9,22,6,0,,,,0.4771,0.0,0.0,0.0,0.0
9,23,6,0,,,,0.4994,0.0,0.0,0.0,0.0
9,24,6,0,,,,1.3345584,0.0,0.0,0.0,0.0
9,1,7,0,,,,3.11675,0.0,0.0,0.0,0.0
9,2,7,0,,,,3.0828,0.0,0.0,0.0,0.0
9,3,7,0,,,,2.1579332,0.0,0.0,0.0,0.0
9,4,7,0,,,,0.45815,0.0,0.0,0.0,0.0
9,5,7,0,,,,0.82215,0.0,0.0,0.0,0.0
9,6,7,0,,,,0.51345,0.0,0.0,0.0,0.0
9,7,7,0,,,,0.40078333,0.0,0.0,0.0,0.0
9,8,7,0,,,,1.30285,0.0,0.0,0.0,86.08
9,9,7,0,,,,2.6289833,0.0,0.0,0.0,302.08
9,10,7,0,,,,1.2758,0.0,0.0,0.0,302.25
9,11,7,0,,,,1.9037833,0.0,0.0,0.0,190.39
9,12,7,0,,,,2.2108166,0.0,0.0,0.0,522.38
9,13,7,0,,,,0.65456665,0.0,0.0,0.0,281.39
9,14,7,0,,,,0.60368335,0.0,0.0,0.0,167.7
9,15,7,0,,,,1.0005167,0.0,0.0,0.0,164.79
9,16,7,0,,,,1.2390167,0.0,0.0,0.0,17.33
9,17,7,0,,,,0.6493833,0.0,0.0,0.0,6.07
9,18,7,0,,,,0.10498341,0.0,0.0,0.0,25.0
9,19,7,0,,,,9.9999994e-08,0.0,0.0,0.0,0.0
9,20,7,0,,,,0.05343342,0.0,0.0,0.0,0.0
9,21,7,0,,,,1.5132834,0.0,0.0,0.0,0.0
9,22,7,0,,,,1.11685,0.0,0.0,0.0,0.0
9,23,7,0,,,,3.1286833,0.0,0.0,0.0,0.0
9,24,7,0,,,,3.031175,0.0,0.0,0.0,0.0
9,1,1,0,,,,1.2097833,0.0,0.0,0.0,0.0
9,2,1,0,,,,0.4324,0.0,0.0,0.0,0.0
9,3,1,0,,,,0.4385,0.0,0.0,0.0,0.0
9,4,1,0,,,,0.51895,0.0,0.0,0.0,0.0
9,5,1,0,,,,0.8469667,0.0,0.0,0.0,0.0
9,6,1,0,,,,1.9243,0.0,0.0,0.0,0.0
9,7,1,0,,,,0.45853335,0.0,0.0,0.0,0.0
9,8,1,0,,,,0.70778334,0.0,0.0,0.0,13.0
9,9,1,0,,,,2.48725,0.0,0.0,0.0,33.24
9,10,1,0,,,,1.809,0.0,0.0,0.0,95.16
9,11,1,0,,,,2.3621,0.0,0.0,0.0,126.57
9,12,1,0,,,,2.5540166,0.0,0.0,0.0,138.28
9,13,1,0,,,,2.7583666,0.0,0.0,0.0,83.28
9,14,1,0,,,,1.6609666,0.0,0.0,0.0,69.15
9,15,1,0,,,,1.6283667,0.0,0.0,0.0,30.73
9,16,1,0,,,,1.76585,0.0,0.0,0.0,13.8
9,17,1,0,,,,1.2452667,0.0,0.0,0.0,8.06
9,18,1,0,,,,1.5693834,0.0,0.0,0.0,0.0
9,19,1,0,,,,0.15055005,0.0,0.0,0.0,0.0
9,20,1,0,,,,0.13126671,0.0,0.0,0.0,0.0
9,21,1,0,,,,0.058650047,0.0,0.0,0.0,0.0
9,22,1,0,,,,0.05231672,0.0,0.0,0.0,0.0
9,23,1,0,,,,0.87641674,0.0,0.0,0.0,0.0
9,24,1,0,,,,2.9915416,0.0,0.0,0.0,0.0
9,1,2,0,,,,1.2408,0.0,0.0,0.0,0.0
9,2,2,0,,,,0.41928333,0.0,0.0,0.0,0.0
9,3,2,0,,,,1.6067,0.0,0.0,0.0,0.0
9,4,2,0,,,,1.54985,0.0,0.0,0.0,0.0
9,5,2,0,,,,0.46626666,0.0,0.0,0.0,0.0
9,6,2,0,,,,0.42198333,0.0,0.0,0.0,0.0
9,7,2,0,,,,0.4637,0.0,0.0,0.0,0.0
9,8,2,0,,,,0.5151167,0.0,0.0,0.0,17.19
9,9,2,0,,,,0.49816668,0.0,0.0,0.0,38.95
9,10,2,0,,,,1.20915,0.0,0.0,0.0,66.71
9,11,2,0,,,,1.5604334,0.0,0.0,0.0,91.91
9,12,2,0,,,,2.4007168,0.0,0.0,0.0,75.06
9,13,2,0,,,,2.4542,0.0,0.0,0.0,59.21
9,14,2,0,,,,1.22755,0.0,0.0,0.0,45.23
9,15,2,0,,,,0.98175,0.0,0.0,0.0,30.32
9,16,2,0,,,,2.1992667,0.0,0.0,0.0,33.22
9,17,2,0,,,,1.45375,0.0,0.0,0.0,15.57
9,18,2,0,,,,0.9109,0.0,0.0,0.0,4.01
9,19,2,0,,,,0.10623342,0.0,0.0,0.0,0.0
9,20,2,0,,,,0.2573167,0.0,0.0,0.0,0.0
9,21,2,0,,,,9.9999994e-08,0.0,0.0,0.0,0.0
9,22,2,0,,,,0.022433423,0.0,0.0,0.0,0.0
9,23,2,0,,,,1.7427334,0.0,0.0,0.0,0.0
9,24,2,0,,,,2.58645,0.0,0.0,0.0,0.0
9,1,3,0,,,,0.37925,0.0,0.0,0.0,0.0
9,2,3,0,,,,0.4016,0.0,0.0,0.0,0.0
9,3,3,0,,,,0.39398333,0.0,0.0,0.0,0.0
9,4,3,0,,,,0.39948332,0.0,0.0,0.0,0.0
9,5,3,0,,,,0.39038333,0.0,0.0,0.0,0.0
9,6,3,0,,,,0.37925,0.0,0.0,0.0,0.0
9,7,3,0,,,,0.51308334,0.0,0.0,0.0,0.0
9,8,3,0,,,,0.8996,0.0,0.0,0.0,20.66
9,9,3,0,,,,1.8393667,0.0,0.0,0.0,170.37
9,10,3,0,,,,2.5466332,0.0,0.0,0.0,533.29
9,11,3,0,,,,1.90905,0.0,0.0,0.0,583.05
9,12,3,0,,,,1.5212834,0.0,0.0,0.0,672.18
9,13,3,0,,,,2.5588334,0.0,0.0,0.0,697.42
9,14,3,0,,,,1.9736167,0.0,0.0,0.0,390.29
9,15,3,0,,,,1.9182833,0.0,0.0,0.0,211.31
9,16,3,0,,,,1.3533833,0.0,0.0,0.0,81.01
9,17,3,0,,,,0.8767,0.0,0.0,0.0,81.15
9,18,3,0,,,,0.80083334,0.0,0.0,0.0,8.74
9,19,3,0,,,,0.09855008,0.0,0.0,0.0,0.0
9,20,3,0,,,,0.0946334,0.0,0.0,0.0,0.0
9,21,3,0,,,,0.00663343,0.0,0.0,0.0,0.0
9,22,3,0,,,,0.5873667,0.0,0.0,0.0,0.0
9,23,3,0,,,,2.8823333,0.0,0.0,0.0,0.0
9,24,3,0,,,,1.5998167,0.0,0.0,0.0,0.0
9,1,4,0,,,,0.43115,0.0,0.0,0.0,0.0
9,2,4,0,,,,0.44288334,0.0,0.0,0.0,0.0
9,3,4,0,,,,0.5374333,0.0,0.0,0.0,0.0
9,4,4,0,,,,0.81313336,0.0,0.0,0.0,0.0
9,5,4,0,,,,0.41861665,0.0,0.0,0.0,0.0
9,6,4,0,,,,0.46011665,0.0,0.0,0.0,0.0
9,7,4,0,,,,0.46261665,0.0,0.0,0.0,0.0
9,8,4,0,,,,0.6461833,0.0,0.0,0.0,25.3
9,9,4,0,,,,1.2384,0.0,0.0,0.0,193.94
9,10,4,0,,,,1.6013833,0.0,0.0,0.0,138.42
9,11,4,0,,,,2.19775,0.0,0.0,0.0,255.02
9,12,4,0,,,,2.6190166,0.0,0.0,0.0,351.88
9,13,4,0,,,,2.44365,0.0,0.0,0.0,556.18
9,14,4,0,,,,2.3776,0.0,0.0,0.0,394.74
9,15,4,0,,,,0.86803335,0.0,0.0,0.0,365.55
9,16,4,0,,,,1.5386333,0.0,0.0,0.0,281.16
9,17,4,0,,,,1.4843833,0.0,0.0,0.0,157.97
9,18,4,0,,,,0.76585,0.0,0.0,0.0,8.15
9,19,4,0,,,,0.1412334,0.0,0.0,0.0,0.0
9,20,4,0,,,,0.22016671,0.0,0.0,0.0,0.0
9,21,4,0,,,,0.0071500815,0.0,0.0,0.0,0.0
9,22,4,0,,,,0.10598342,0.0,0.0,0.0,0.0
9,23,4,0,,,,3.60725,0.0,0.0,0.0,0.0
9,24,4,0,,,,3.8034832,0.0,0.0,0.0,0.0
9,1,5,0,,,,2.8041167,0.0,0.0,0.0,0.0
9,2,5,0,,,,0.69366664,0.0,0.0,0.0,0.0
9,3,5,0,,,,0.46078333,0.0,0.0,0.0,0.0
9,4,5,0,,,,0.44856668,0.0,0.0,0.0,0.0
9,5,5,0,,,,0.45585,0.0,0.0,0.0,0.0
9,6,5,0,,,,0.41683334,0.0,0.0,0.0,0.0
9,7,5,0,,,,0.55796665,0.0,0.0,0.0,0.0
9,8,5,0,,,,1.2410333,0.0,0.0,0.0,65.96
9,9,5,0,,,,0.96815,0.0,0.0,0.0,270.75
9,10,5,0,,,,1.42805,0.0,0.0,0.0,122.3
9,11,5,0,,,,2.0395834,0.0,0.0,0.0,136.97
9,12,5,0,,,,2.4538,0.0,0.0,0.0,156.26
9,13,5,0,,,,2.6834,0.0,0.0,0.0,266.71
9,14,5,0,,,,1.5138167,0.0,0.0,0.0,306.09
9,15,5,0,,,,2.9202332,0.0,0.0,0.0,119.28
9,16,5,0,,,,0.4758,0.0,0.0,0.0,48.76
9,17,5,0,,,,1.0517666,0.0,0.0,0.0,16.92
9,18,5,0,,,,1.9872167,0.0,0.0,0.0,6.89
9,19,5,0,,,,0.004166762,0.0,0.0,0.0,0.0
9,20,5,0,,,,0.036883406,0.0,0.0,0.0,0.0
9,21,5,0,,,,0.036033418,0.0,0.0,0.0,0.0
9,22,5,0,,,,0.6177667,0.0,0.0,0.0,0.0
9,23,5,0,,,,0.6091834,0.0,0.0,0.0,0.0
9,24,5,0,,,,1.2714417,0.0,0.0,0.0,0.0
10,1,6,0,,,,2.9426,0.0,0.0,0.0,0.0
10,2,6,0,,,,0.8279667,0.0,0.0,0.0,0.0
10,3,6,0,,,,0.42808333,0.0,0.0,0.0,0.0
10,4,6,0,,,,0.45275,0.0,0.0,0.0,0.0
10,5,6,0,,,,0.8674833,0.0,0.0,0.0,0.0
10,6,6,0,,,,0.48903334,0.0,0.0,0.0,0.0
10,7,6,0,,,,0.4056,0.0,0.0,0.0,0.0
10,8,6,0,,,,0.49251667,0.0,0.0,0.0,50.37
10,9,6,0,,,,0.84718335,0.0,0.0,0.0,96.3
10,10,6,0,,,,1.6947666,0.0,0.0,0.0,127.46
10,11,6,0,,,,2.2169166,0.0,0.0,0.0,195.39
10,12,6,0,,,,1.35345,0.0,0.0,0.0,173.02
10,13,6,0,,,,0.64881665,0.0,0.0,0.0,419.71
10,14,6,0,,,,0.6774,0.0,0.0,0.0,531.01
10,15,6,0,,,,0.65578336,0.0,0.0,0.0,112.98
10,16,6,0,,,,2.0165,0.0,0.0,0.0,326.63
10,17,6,0,,,,0.5629,0.0,0.0,0.0,208.36
10,18,6,0,,,,0.07355008,0.0,0.0,0.0,5.5
10,19,6,0,,,,0.025300087,0.0,0.0,0.0,0.0
10,20,6,0,,,,0.010433423,0.0,0.0,0.0,0.0
10,21,6,0,,,,0.73055,0.0,0.0,0.0,0.0
10,22,6,0,,,,1.39425,0.0,0.0,0.0,0.0
10,23,6,0,,,,2.7729,0.0,0.0,0.0,0.0
10,24,6,0,,,,0.577575,0.0,0.0,0.0,0.0
10,1,7,0,,,,0.48608333,0.0,0.0,0.0,0.0
10,2,7,0,,,,0.42593333,0.0,0.0,0.0,0.0
10,3,7,0,,,,0.6816,0.0,0.0,0.0,0.0
10,4,7,0,,,,0.74635,0.0,0.0,0.0,0.0
10,5,7,0,,,,0.48076665,0.0,0.0,0.0,0.0
10,6,7,0,,,,0.80081666,0.0,0.0,0.0,0.0
10,7,7,0,,,,1.0021833,0.0,0.0,0.0,0.0
10,8,7,0,,,,0.7553667,0.0,0.0,0.0,172.47
10,9,7,0,,,,0.72263336,0.0,0.0,0.0,391.49
10,10,7,0,,,,1.4323167,0.0,0.0,0.0,565.22
10,11,7,0,,,,2.0282834,0.0,0.0,0.0,679.34
10,12,7,0,,,,2.0123167,0.0,0.0,0.0,728.94
10,13,7,0,,,,0.51951665,0.0,0.0,0.0,718.99
10,14,7,0,,,,0.5254833,0.0,0.0,0.0,654.68
10,15,7,0,,,,0.5007333,0.0,0.0,0.0,513.91
10,16,7,0,,,,0.53145,0.0,0.0,0.0,383.48
10,17,7,0,,,,0.41816667,0.0,0.0,0.0,179.62
10,18,7,0,,,,0.0010834232,0.0,0.0,0.0,3.85
10,19,7,0,,,,9.9999994e-08,0.0,0.0,0.0,0.0
10,20,7,0,,,,0.028133424,0.0,0.0,0.0,0.0
10,21,7,0,,,,2.2475166,0.0,0.0,0.0,0.0
10,22,7,0,,,,1.4883167,0.0,0.0,0.0,0.0
10,23,7,0,,,,0.38946667,0.0,0.0,0.0,0.0
10,24,7,0,,,,0.42291668,0.0,0.0,0.0,0.0
10,1,1,0,,,,0.72331667,0.0,0.0,0.0,0.0
10,2,1,0,,,,0.64673334,0.0,0.0,0.0,0.0
10,3,1,0,,,,0.42453334,0.0,0.0,0.0,0.0
10,4,1,0,,,,0.43416667,0.0,0.0,0.0,0.0
10,5,1,0,,,,0.44913334,0.0,0.0,0.0,0.0
10,6,1,0,,,,0.42226666,0.0,0.0,0.0,0.0
10,7,1,0,,,,0.47223333,0.0,0.0,0.0,0.0
10,8,1,0,,,,0.71688336,0.0,0.0,0.0,52.49
10,9,1,0,,,,0.89345,0.0,0.0,0.0,150.52
10,10,1,0,,,,1.5247,0.0,0.0,0.0,222.14
10,11,1,0,,,,2.1859834,0.0,0.0,0.0,584.08
10,12,1,0,,,,0.8105,0.0,0.0,0.0,654.72
10,13,1,0,,,,0.4317,0.0,0.0,0.0,689.95
10,14,1,0,,,,0.34678334,0.0,0.0,0.0,648.48
10,15,1,0,,,,0.3526,0.0,0.0,0.0,516.37
10,16,1,0,,,,0.31671667,0.0,0.0,0.0,225.79
10,17,1,0,,,,0.43356666,0.0,0.0,0.0,173.69
10,18,1,0,,,,0.63376665,0.0,0.0,0.0,3.33
10,19,1,0,,,,0.02075008,0.0,0.0,0.0,0.0
10,20,1,0,,,,9.9999994e-08,0.0,0.0,0.0,0.0
10,21,1,0,,,,9.9999994e-08,0.0,0.0,0.0,0.0
10,22,1,0,,,,0.00090009836,0.0,0.0,0.0,0.0
10,23,1,0,,,,0.0040834234,0.0,0.0,0.0,0.0
10,24,1,0,,,,0.462575,0.0,0.0,0.0,0.0
10,1,2,0,,,,0.75455,0.0,0.0,0.0,0.0
10,2,2,0,,,,0.6369,0.0,0.0,0.0,0.0
10,3,2,0,,,,0.4235,0.0,0.0,0.0,0.0
10,4,2,0,,,,0.45886666,0.0,0.0,0.0,0.0
10,5,2,0,,,,0.41495,0.0,0.0,0.0,0.0
10,6,2,0,,,,0.4516,0.0,0.0,0.0,0.0
10,7,2,0,,,,0.44551668,0.0,0.0,0.0,0.0
10,8,2,0,,,,0.7661833,0.0,0.0,0.0,9.35
10,9,2,0,,,,0.8553,0.0,0.0,0.0,48.36
10,10,2,0,,,,1.5214334,0.0,0.0,0.0,131.92
10,11,2,0,,,,2.1281333,0.0,0.0,0.0,135.9
10,12,2,0,,,,2.18435,0.0,0.0,0.0,157.64
10,13,2,0,,,,0.40943334,0.0,0.0,0.0,285.53
10,14,2,0,,,,0.3231,0.0,0.0,0.0,249.81
10,15,2,0,,,,0.37285,0.0,0.0,0.0,153.11
10,16,2,0,,,,0.30816665,0.0,0.0,0.0,48.65
10,17,2,0,,,,0.48143333,0.0,0.0,0.0,23.33
10,18,2,0,,,,0.44983333,0.0,0.0,0.0,0.0
10,19,2,0,,,,0.003616765,0.0,0.0,0.0,0.0
10,20,2,0,,,,9.9999994e-08,0.0,0.0,0.0,0.0
10,21,2,0,,,,9.9999994e-08,0.0,0.0,0.0,0.0
10,22,2,0,,,,0.00093342835,0.0,0.0,0.0,0.0
10,23,2,0,,,,0.16485004,0.0,0.0,0.0,0.0
10,24,2,0,,,,0.8407,0.0,0.0,0.0,0.0
10,1,3,0,,,,0.86483335,0.0,0.0,0.0,0.0
10,2,3,0,,,,0.54425836,0.0,0.0,0.0,0.0
10,3,3,0,,,,0.44651666,0.0,0.0,0.0,0.0
10,4,3,0,,,,0.4836,0.0,0.0,0.0,0.0
10,5,3,0,,,,0.43288332,0.0,0.0,0.0,0.0
10,6,3,0,,,,0.48565,0.0,0.0,0.0,0.0
10,7,3,0,,,,0.45396668,0.0,0.0,0.0,0.0
10,8,3,0,,,,0.69346666,0.0,0.0,0.0,6.97
10,9,3,0,,,,1.2811834,0.0,0.0,0.0,88.99
10,10,3,0,,,,1.3828,0.0,0.0,0.0,214.96
10,11,3,0,,,,2.0086,0.0,0.0,0.0,228.66
10,12,3,0,,,,2.5215666,0.0,0.0,0.0,184.34
10,13,3,0,,,,2.6707666,0.0,0.0,0.0,115.39
10,14,3,0,,,,1.1946167,0.0,0.0,0.0,188.08
10,15,3,0,,,,0.38391668,0.0,0.0,0.0,42.57
10,16,3,0,,,,0.45531666,0.0,0.0,0.0,81.2
10,17,3,0,,,,0.66675,0.0,0.0,0.0,78.79
10,18,3,0,,,,0.49181667,0.0,0.0,0.0,0.0
10,19,3,0,,,,0.0025000984,0.0,0.0,0.0,0.0
10,20,3,0,,,,9.9999994e-08,0.0,0.0,0.0,0.0
10,21,3,0,,,,9.9999994e-08,0.0,0.0,0.0,0.0
10,22,3,0,,,,0.018383412,0.0,0.0,0.0,0.0
10,23,3,0,,,,0.23518337,0.0,0.0,0.0,0.0
10,24,3,0,,,,0.43519166,0.0,0.0,0.0,0.0
10,1,4,0,,,,0.4829,0.0,0.0,0.0,0.0
10,2,4,0,,,,0.46381667,0.0,0.0,0.0,0.0
10,3,4,0,,,,0.45901668,0.0,0.0,0.0,0.0
10,4,4,0,,,,0.66403335,0.0,0.0,0.0,0.0
10,5,4,0,,,,0.94278336,0.0,0.0,0.0,0.0
10,6,4,0,,,,0.86438334,0.0,0.0,0.0,0.0
10,7,4,0,,,,0.4469,0.0,0.0,0.0,0.0
10,8,4,0,,,,0.48623332,0.0,0.0,0.0,49.62
10,9,4,0,,,,0.8748,0.0,0.0,0.0,59.34
10,10,4,0,,,,1.5502666,0.0,0.0,0.0,295.7
10,11,4,0,,,,2.1142666,0.0,0.0,0.0,435.19
10,12,4,0,,,,2.5751166,0.0,0.0,0.0,385.39
10,13,4,0,,,,2.1380668,0.0,0.0,0.0,458.96
10,14,4,0,,,,0.3974,0.0,0.0,0.0,66.45
10,15,4,0,,,,0.35855,0.0,0.0,0.0,48.39
10,16,4,0,,,,0.40975,0.0,0.0,0.0,130.51
10,17,4,0,,,,1.6438833,0.0,0.0,0.0,56.86
10,18,4,0,,,,0.59393334,0.0,0.0,0.0,0.0
10,19,4,0,,,,0.002666765,0.0,0.0,0.0,0.0
10,20,4,0,,,,9.9999994e-08,0.0,0.0,0.0,0.0
10,21,4,0,,,,9.9999994e-08,0.0,0.0,0.0,0.0
10,22,4,0,,,,9.9999994e-08,0.0,0.0,0.0,0.0
10,23,4,0,,,,1.0928501,0.0,0.0,0.0,0.0
10,24,4,0,,,,1.080425,0.0,0.0,0.0,0.0
10,1,5,0,,,,0.45695,0.0,0.0,0.0,0.0
10,2,5,0,,,,0.4045,0.0,0.0,0.0,0.0
10,3,5,0,,,,0.83718336,0.0,0.0,0.0,0.0
10,4,5,0,,,,0.48641667,0.0,0.0,0.0,0.0
10,5,5,0,,,,0.44956666,0.0,0.0,0.0,0.0
10,6,5,0,,,,0.40626666,0.0,0.0,0.0,0.0
10,7,5,0,,,,0.46073332,0.0,0.0,0.0,0.0
10,8,5,0,,,,0.86191666,0.0,0.0,0.0,146.36
10,9,5,0,,,,1.37085,0.0,0.0,0.0,398.4
10,10,5,0,,,,1.5081,0.0,0.0,0.0,576.24
10,11,5,0,,,,2.0688834,0.0,0.0,0.0,567.32
10,12,5,0,,,,2.5340333,0.0,0.0,0.0,298.56
10,13,5,0,,,,2.5870612,0.0,0.0,0.0,87.98
10,14,5,0,,,,1.7025,0.0,0.0,0.0,105.09
10,15,5,0,,,,0.62035,0.0,0.0,0.0,21.1
10,16,5,0,,,,1.70585,0.0,0.0,0.0,80.85
10,17,5,0,,,,0.55895,0.0,0.0,0.0,22.54
10,18,5,0,,,,0.6199,0.0,0.0,0.0,0.0
10,19,5,0,,,,0.21005005,0.0,0.0,0.0,0.0
10,20,5,0,,,,0.22885004,0.0,0.0,0.0,0.0
10,21,5,0,,,,9.9999994e-08,0.0,0.0,0.0,0.0
10,22,5,0,,,,0.03258341,0.0,0.0,0.0,0.0
10,23,5,0,,,,0.81226665,0.0,0.0,0.0,0.0
10,24,5,0,,,,0.6912583,0.0,0.0,0.0,0.0
10,1,6,0,,,,0.67121667,0.0,0.0,0.0,0.0
10,2,6,0,,,,0.63193333,0.0,0.0,0.0,0.0
10,3,6,0,,,,0.4302,0.0,0.0,0.0,0.0
10,4,6,0,,,,0.399,0.0,0.0,0.0,0.0
10,5,6,0,,,,0.74765,0.0,0.0,0.0,0.0
10,6,6,0,,,,0.9654833,0.0,0.0,0.0,0.0
10,7,6,0,,,,0.43331668,0.0,0.0,0.0,0.0
10,8,6,0,,,,0.40153334,0.0,0.0,0.0,158.22
10,9,6,0,,,,0.97358334,0.0,0.0,0.0,379.61
10,10,6,0,,,,1.68855,0.0,0.0,0.0,584.66
10,11,6,0,,,,2.2703834,0.0,0.0,0.0,692.53
10,12,6,0,,,,2.5873334,0.0,0.0,0.0,739.81
10,13,6,0,,,,0.7909,0.0,0.0,0.0,731.03
10,14,6,0,,,,1.3414167,0.0,0.0,0.0,646.85
10,15,6,0,,,,0.71205,0.0,0.0,0.0,429.2
10,16,6,0,,,,2.3770168,0.0,0.0,0.0,180.71
10,17,6,0,,,,0.4526667,0.0,0.0,0.0,52.06
10,18,6,0,,,,9.997274e-08,0.0,0.0,0.0,0.0
10,19,6,0,,,,0.03530009,0.0,0.0,0.0,0.0
10,20,6,0,,,,0.4235667,0.0,0.0,0.0,0.0
10,21,6,0,,,,1.81075,0.0,0.0,0.0,0.0
10,22,6,0,,,,0.5381167,0.0,0.0,0.0,0.0
10,23,6,0,,,,1.8137667,0.0,0.0,0.0,0.0
10,24,6,0,,,,2.3454833,0.0,0.0,0.0,0.0
10,1,7,0,,,,0.38518333,0.0,0.0,0.0,0.0
10,2,7,0,,,,0.4267,0.0,0.0,0.0,0.0
10,3,7,0,,,,0.37723333,0.0,0.0,0.0,0.0
10,4,7,0,,,,0.4283,0.0,0.0,0.0,0.0
10,5,7,0,,,,0.82911664,0.0,0.0,0.0,0.0
10,6,7,0,,,,0.44306666,0.0,0.0,0.0,0.0
10,7,7,0,,,,0.35165,0.0,0.0,0.0,0.0
10,8,7,0,,,,0.6048167,0.0,0.0,0.0,9.46
10,9,7,0,,,,1.0267167,0.0,0.0,0.0,20.25
10,10,7,0,,,,1.4399834,0.0,0.0,0.0,42.59
10,11,7,0,,,,1.9944333,0.0,0.0,0.0,74.0
10,12,7,0,,,,2.4869666,0.0,0.0,0.0,260.71
10,13,7,0,,,,0.64678335,0.0,0.0,0.0,157.12
10,14,7,0,,,,0.95198333,0.0,0.0,0.0,252.93
10,15,7,0,,,,1.3018667,0.0,0.0,0.0,176.64
10,16,7,0,,,,1.1665666,0.0,0.0,0.0,147.17
10,17,7,0,,,,0.48173335,0.0,0.0,0.0,188.94
10,18,7,0,,,,2.1025667,0.0,0.0,0.0,0.0
10,19,7,0,,,,1.81165,0.0,0.0,0.0,0.0
10,20,7,0,,,,3.3687832,0.0,0.0,0.0,0.0
10,21,7,0,,,,2.5708168,0.0,0.0,0.0,0.0
10,22,7,0,,,,1.3885,0.0,0.0,0.0,0.0
10,23,7,0,,,,1.0674666,0.0,0.0,0.0,0.0
10,24,7,0,,,,2.3618333,0.0,0.0,0.0,0.0
10,1,1,0,,,,0.3877,0.0,0.0,0.0,0.0
10,2,1,0,,,,0.40428334,0.0,0.0,0.0,0.0
10,3,1,0,,,,0.36935,0.0,0.0,0.0,0.0
10,4,1,0,,,,0.42348334,0.0,0.0,0.0,0.0
10,5,1,0,,,,0.36748335,0.0,0.0,0.0,0.0
10,6,1,0,,,,0.40693334,0.0,0.0,0.0,0.0
10,7,1,0,,,,0.43008333,0.0,0.0,0.0,0.0
10,8,1,0,,,,0.90425,0.0,0.0,0.0,44.1
10,9,1,0,,,,1.1294333,0.0,0.0,0.0,210.86
10,10,1,0,,,,1.3628,0.0,0.0,0.0,318.61
10,11,1,0,,,,1.9756,0.0,0.0,0.0,67.27
10,12,1,0,,,,2.2928333,0.0,0.0,0.0,138.7
10,13,1,0,,,,2.8922,0.0,0.0,0.0,575.54
10,14,1,0,,,,2.55415,0.0,0.0,0.0,439.51
10,15,1,0,,,,1.1159166,0.0,0.0,0.0,206.71
10,16,1,0,,,,1.3013,0.0,0.0,0.0,222.25
10,17,1,0,,,,1.5212,0.0,0.0,0.0,70.73
10,18,1,0,,,,0.62303334,0.0,0.0,0.0,0.0
10,19,1,0,,,,0.0042500985,0.0,0.0,0.0,0.0
10,20,1,0,,,,9.9999994e-08,0.0,0.0,0.0,0.0
10,21,1,0,,,,9.9999994e-08,0.0,0.0,0.0,0.0
10,22,1,0,,,,0.025033401,0.0,0.0,0.0,0.0
10,23,1,0,,,,1.5980166,0.0,0.0,0.0,0.0
10,24,1,0,,,,0.42055833,0.0,0.0,0.0,0.0
10,1,2,0,,,,0.37225,0.0,0.0,0.0,0.0
10,2,2,0,,,,0.41671667,0.0,0.0,0.0,0.0
10,3,2,0,,,,0.3877,0.0,0.0,0.0,0.0
10,4,2,0,,,,0.55936664,0.0,0.0,0.0,0.0
10,5,2,0,,,,0.69546664,0.0,0.0,0.0,0.0
10,6,2,0,,,,0.3809,0.0,0.0,0.0,0.0
10,7,2,0,,,,0.41915,0.0,0.0,0.0,0.0
10,8,2,0,,,,0.88285,0.0,0.0,0.0,52.18
10,9,2,0,,,,0.84508336,0.0,0.0,0.0,358.0
10,10,2,0,,,,1.41265,0.0,0.0,0.0,523.13
10,11,2,0,,,,2.0491,0.0,0.0,0.0,174.33
10,12,2,0,,,,2.39825,0.0,0.0,0.0,285.71
10,13,2,0,,,,2.51325,0.0,0.0,0.0,600.93
10,14,2,0,,,,0.38096666,0.0,0.0,0.0,64.25
10,15,2,0,,,,0.37903333,0.0,0.0,0.0,118.4
10,16,2,0,,,,0.38848335,0.0,0.0,0.0,220.51
10,17,2,0,,,,0.5589,0.0,0.0,0.0,121.62
10,18,2,0,,,,0.72498333,0.0,0.0,0.0,0.0
10,19,2,0,,,,0.005933425,0.0,0.0,0.0,0.0
10,20,2,0,,,,9.9999994e-08,0.0,0.0,0.0,0.0
10,21,2,0,,,,9.9999994e-08,0.0,0.0,0.0,0.0
10,22,2,0,,,,9.9999994e-08,0.0,0.0,0.0,0.0
10,23,2,0,,,,0.3900334,0.0,0.0,0.0,0.0
10,24,2,0,,,,2.5429416,0.0,0.0,0.0,0.0
10,1,3,0,,,,1.1001834,0.0,0.0,0.0,0.0
10,2,3,0,,,,0.42713332,0.0,0.0,0.0,0.0
10,3,3,0,,,,0.46065,0.0,0.0,0.0,0.0
10,4,3,0,,,,0.42086667,0.0,0.0,0.0,0.0
10,5,3,0,,,,0.46145,0.0,0.0,0.0,0.0
10,6,3,0,,,,0.45333335,0.0,0.0,0.0,0.0
10,7,3,0,,,,0.95701665,0.0,0.0,0.0,0.0
10,8,3,0,,,,1.1618667,0.0,0.0,0.0,36.23
10,9,3,0,,,,1.3987334,0.0,0.0,0.0,148.28
10,10,3,0,,,,0.984,0.0,0.0,0.0,435.32
10,11,3,0,,,,0.9109833,0.0,0.0,0.0,315.93
10,12,3,0,,,,2.1396666,0.0,0.0,0.0,335.89
10,13,3,0,,,,2.3221834,0.0,0.0,0.0,308.81
10,14,3,0,,,,2.3404334,0.0,0.0,0.0,154.6
10,15,3,0,,,,2.14425,0.0,0.0,0.0,209.12
10,16,3,0,,,,1.3334,0.0,0.0,0.0,134.05
10,17,3,0,,,,0.6789333,0.0,0.0,0.0,103.7
10,18,3,0,,,,0.6074833,0.0,0.0,0.0,0.0
10,19,3,0,,,,0.0049667615,0.0,0.0,0.0,0.0
10,20,3,0,,,,9.9999994e-08,0.0,0.0,0.0,0.0
10,21,3,0,,,,0.00015009333,0.0,0.0,0.0,0.0
10,22,3,0,,,,9.9999994e-08,0.0,0.0,0.0,0.0
10,23,3,0,,,,9.9999994e-08,0.0,0.0,0.0,0.0
10,24,3,0,,,,0.52799165,0.0,0.0,0.0,0.0
10,1,4,0,,,,0.55656666,0.0,0.0,0.0,0.0
10,2,4,0,,,,0.5017167,0.0,0.0,0.0,0.0
10,3,4,0,,,,0.54823333,0.0,0.0,0.0,0.0
10,4,4,0,,,,0.50555,0.0,0.0,0.0,0.0
10,5,4,0,,,,0.5301,0.0,0.0,0.0,0.0
10,6,4,0,,,,0.5161667,0.0,0.0,0.0,0.0
10,7,4,0,,,,0.51453334,0.0,0.0,0.0,0.0
10,8,4,0,,,,0.95883334,0.0,0.0,0.0,114.19
10,9,4,0,,,,1.3522,0.0,0.0,0.0,350.64
10,10,4,0,,,,1.1968,0.0,0.0,0.0,517.64
10,11,4,0,,,,1.8558667,0.0,0.0,0.0,621.55
10,12,4,0,,,,2.4654667,0.0,0.0,0.0,695.28
10,13,4,0,,,,2.43645,0.0,0.0,0.0,635.82
10,14,4,0,,,,1.7428,0.0,0.0,0.0,598.71
10,15,4,0,,,,0.40555,0.0,0.0,0.0,454.11
10,16,4,0,,,,0.62111664,0.0,0.0,0.0,315.62
10,17,4,0,,,,0.51835,0.0,0.0,0.0,114.08
10,18,4,0,,,,0.4717,0.0,0.0,0.0,0.0
10,19,4,0,,,,0.002516765,0.0,0.0,0.0,0.0
10,20,4,0,,,,9.9999994e-08,0.0,0.0,0.0,0.0
10,21,4,0,,,,9.9999994e-08,0.0,0.0,0.0,0.0
10,22,4,0,,,,9.9999994e-08,0.0,0.0,0.0,0.0
10,23,4,0,,,,0.04310005,0.0,0.0,0.0,0.0
10,24,4,0,,,,1.7244667,0.0,0.0,0.0,0.0
10,1,5,0,,,,0.486,0.0,0.0,0.0,0.0
10,2,5,0,,,,0.43391666,0.0,0.0,0.0,0.0
10,3,5,0,,,,0.47943333,0.0,0.0,0.0,0.0
10,4,5,0,,,,0.64313334,0.0,0.0,0.0,0.0
10,5,5,0,,,,0.8200667,0.0,0.0,0.0,0.0
10,6,5,0,,,,0.45006666,0.0,0.0,0.0,0.0
10,7,5,0,,,,0.55376667,0.0,0.0,0.0,0.0
10,8,5,0,,,,1.0079167,0.0,0.0,0.0,102.87
10,9,5,0,,,,0.9828,0.0,0.0,0.0,341.51
10,10,5,0,,,,1.3666333,0.0,0.0,0.0,512.26
10,11,5,0,,,,1.9097167,0.0,0.0,0.0,616.88
10,12,5,0,,,,2.3489833,0.0,0.0,0.0,689.12
10,13,5,0,,,,1.7713667,0.0,0.0,0.0,667.51
10,14,5,0,,,,0.36868334,0.0,0.0,0.0,614.15
10,15,5,0,,,,0.4765,0.0,0.0,0.0,439.55
10,16,5,0,,,,0.62055,0.0,0.0,0.0,334.67
10,17,5,0,,,,0.49538332,0.0,0.0,0.0,113.82
10,18,5,0,,,,0.61355,0.0,0.0,0.0,0.0
10,19,5,0,,,,0.003316765,0.0,0.0,0.0,0.0
10,20,5,0,,,,9.9999994e-08,0.0,0.0,0.0,0.0
10,21,5,0,,,,8.343e-05,0.0,0.0,0.0,0.0
10,22,5,0,,,,0.011916752,0.0,0.0,0.0,0.0
10,23,5,0,,,,0.9245167,0.0,0.0,0.0,0.0
10,24,5,0,,,,0.498025,0.0,0.0,0.0,0.0
10,1,6,0,,,,0.75951666,0.0,0.0,0.0,0.0
10,2,6,0,,,,0.67406666,0.0,0.0,0.0,0.0
10,3,6,0,,,,0.52208334,0.0,0.0,0.0,0.0
10,4,6,0,,,,0.45361668,0.0,0.0,0.0,0.0
10,5,6,0,,,,0.45385,0.0,0.0,0.0,0.0
10,6,6,0,,,,0.43908334,0.0,0.0,0.0,0.0
10,7,6,0,,,,0.42498332,0.0,0.0,0.0,0.0
10,8,6,0,,,,0.54183334,0.0,0.0,0.0,85.12
10,9,6,0,,,,0.83106667,0.0,0.0,0.0,320.97
10,10,6,0,,,,1.2734166,0.0,0.0,0.0,482.42
10,11,6,0,,,,1.7578833,0.0,0.0,0.0,587.74
10,12,6,0,,,,2.1972,0.0,0.0,0.0,646.51
10,13,6,0,,,,0.43951666,0.0,0.0,0.0,634.19
10,14,6,0,,,,0.4204,0.0,0.0,0.0,571.79
10,15,6,0,,,,0.38958332,0.0,0.0,0.0,411.3
10,16,6,0,,,,0.4037,0.0,0.0,0.0,298.94
10,17,6,0,,,,0.24125001,0.0,0.0,0.0,62.23
10,18,6,0,,,,0.00283342,0.0,0.0,0.0,0.0
10,19,6,0,,,,0.006000073,0.0,0.0,0.0,0.0
10,20,6,0,,,,9.9999994e-08,0.0,0.0,0.0,0.0
10,21,6,0,,,,1.6877667,0.0,0.0,0.0,0.0
10,22,6,0,,,,0.63318336,0.0,0.0,0.0,0.0
10,23,6,0,,,,0.41261667,0.0,0.0,0.0,0.0
10,24,6,0,,,,0.36545,0.0,0.0,0.0,0.0
10,1,7,0,,,,0.39875,0.0,0.0,0.0,0.0
10,2,7,0,,,,0.69916666,0.0,0.0,0.0,0.0
10,3,7,0,,,,0.5816,0.0,0.0,0.0,0.0
10,4,7,0,,,,0.3818,0.0,0.0,0.0,0.0
10,5,7,0,,,,0.37378332,0.0,0.0,0.0,0.0
10,6,7,0,,,,0.39786667,0.0,0.0,0.0,0.0
10,7,7,0,,,,0.36985,0.0,0.0,0.0,0.0
10,8,7,0,,,,0.7488833,0.0,0.0,0.0,16.68
10,9,7,0,,,,1.0502334,0.0,0.0,0.0,148.64
10,10,7,0,,,,1.27475,0.0,0.0,0.0,393.03
10,11,7,0,,,,0.78428334,0.0,0.0,0.0,642.48
10,12,7,0,,,,0.98651665,0.0,0.0,0.0,706.35
10,13,7,0,,,,0.46668333,0.0,0.0,0.0,680.5
10,14,7,0,,,,0.4871,0.0,0.0,0.0,617.35
10,15,7,0,,,,0.5612,0.0,0.0,0.0,434.6
10,16,7,0,,,,0.52396667,0.0,0.0,0.0,312.34
10,17,7,0,,,,0.0060667605,0.0,0.0,0.0,99.86
10,18,7,0,,,,0.23140006,0.0,0.0,0.0,0.0
10,19,7,0,,,,0.59711665,0.0,0.0,0.0,0.0
10,20,7,0,,,,0.5493,0.0,0.0,0.0,0.0
10,21,7,0,,,,0.67145,0.0,0.0,0.0,0.0
10,22,7,0,,,,0.5653667,0.0,0.0,0.0,0.0
10,23,7,0,,,,0.54978335,0.0,0.0,0.0,0.0
10,24,7,0,,,,0.443925,0.0,0.0,0.0,0.0
10,1,1,0,,,,0.47953334,0.0,0.0,0.0,0.0
10,2,1,0,,,,0.81018335,0.0,0.0,0.0,0.0
10,3,1,0,,,,0.6303,0.0,0.0,0.0,0.0
10,4,1,0,,,,0.46275,0.0,0.0,0.0,0.0
10,5,1,0,,,,0.44376665,0.0,0.0,0.0,0.0
10,6,1,0,,,,0.45823333,0.0,0.0,0.0,0.0
10,7,1,0,,,,0.45448333,0.0,0.0,0.0,0.0
10,8,1,0,,,,0.84253335,0.0,0.0,0.0,89.3
10,9,1,0,,,,1.09265,0.0,0.0,0.0,330.58
10,10,1,0,,,,1.4130666,0.0,0.0,0.0,498.77
10,11,1,0,,,,0.58625,0.0,0.0,0.0,617.88
10,12,1,0,,,,0.82498336,0.0,0.0,0.0,683.31
10,13,1,0,,,,0.65146667,0.0,0.0,0.0,656.88
10,14,1,0,,,,0.7457833,0.0,0.0,0.0,600.06
10,15,1,0,,,,0.71031666,0.0,0.0,0.0,448.02
10,16,1,0,,,,1.0886834,0.0,0.0,0.0,321.02
10,17,1,0,,,,1.1460167,0.0,0.0,0.0,88.25
10,18,1,0,,,,0.76446664,0.0,0.0,0.0,0.0
10,19,1,0,,,,0.75731665,0.0,0.0,0.0,0.0
10,20,1,0,,,,0.70061666,0.0,0.0,0.0,0.0
10,21,1,0,,,,0.7003,0.0,0.0,0.0,0.0
10,22,1,0,,,,0.5497125,0.0,0.0,0.0,0.0
10,23,1,0,,,,0.4846,0.0,0.0,0.0,0.0
10,24,1,0,,,,0.396725,0.0,0.0,0.0,0.0
10,1,2,0,,,,0.7054333,0.0,0.0,0.0,0.0
10,2,2,0,,,,0.6802,0.0,0.0,0.0,0.0
10,3,2,0,,,,0.43783334,0.0,0.0,0.0,0.0
10,4,2,0,,,,0.40271667,0.0,0.0,0.0,0.0
10,5,2,0,,,,0.4245,0.0,0.0,0.0,0.0
10,6,2,0,,,,0.41111666,0.0,0.0,0.0,0.0
10,7,2,0,,,,0.53686666,0.0,0.0,0.0,0.0
10,8,2,0,,,,0.90495,0.0,0.0,0.0,84.71
10,9,2,0,,,,1.0151,0.0,0.0,0.0,322.43
10,10,2,0,,,,1.4084166,0.0,0.0,0.0,487.72
10,11,2,0,,,,1.9623166,0.0,0.0,0.0,605.1
10,12,2,0,,,,2.3531833,0.0,0.0,0.0,656.0
10,13,2,0,,,,2.4891667,0.0,0.0,0.0,637.9
10,14,2,0,,,,1.8165,0.0,0.0,0.0,589.97
10,15,2,0,,,,0.42376667,0.0,0.0,0.0,464.19
10,16,2,0,,,,0.6519833,0.0,0.0,0.0,321.8
10,17,2,0,,,,0.6066833,0.0,0.0,0.0,83.01
10,18,2,0,,,,0.5872,0.0,0.0,0.0,0.0
10,19,2,0,,,,0.002716765,0.0,0.0,0.0,0.0
10,20,2,0,,,,9.9999994e-08,0.0,0.0,0.0,0.0
10,21,2,0,,,,0.029466752,0.0,0.0,0.0,0.0
10,22,2,0,,,,0.005933427,0.0,0.0,0.0,0.0
10,23,2,0,,,,0.022333406,0.0,0.0,0.0,0.0
10,24,2,0,,,,0.39899167,0.0,0.0,0.0,0.0
10,1,3,0,,,,0.40253332,0.0,0.0,0.0,0.0
10,2,3,0,,,,0.36905,0.0,0.0,0.0,0.0
10,3,3,0,,,,0.39435,0.0,0.0,0.0,0.0
10,4,3,0,,,,0.50236666,0.0,0.0,0.0,0.0
10,5,3,0,,,,0.7784333,0.0,0.0,0.0,0.0
10,6,3,0,,,,0.34863332,0.0,0.0,0.0,0.0
10,7,3,0,,,,0.4139,0.0,0.0,0.0,0.0
10,8,3,0,,,,0.5437833,0.0,0.0,0.0,46.59
10,9,3,0,,,,1.0533667,0.0,0.0,0.0,259.5
10,10,3,0,,,,1.4150333,0.0,0.0,0.0,450.24
10,11,3,0,,,,2.0812,0.0,0.0,0.0,578.9
10,12,3,0,,,,2.47425,0.0,0.0,0.0,638.69
10,13,3,0,,,,2.02135,0.0,0.0,0.0,643.3
10,14,3,0,,,,0.4443,0.0,0.0,0.0,594.41
10,15,3,0,,,,0.57905,0.0,0.0,0.0,490.18
10,16,3,0,,,,0.61505,0.0,0.0,0.0,304.12
10,17,3,0,,,,0.57568336,0.0,0.0,0.0,79.36
10,18,3,0,,,,0.62843335,0.0,0.0,0.0,0.0
10,19,3,0,,,,0.0030000983,0.0,0.0,0.0,0.0
10,20,3,0,,,,9.9999994e-08,0.0,0.0,0.0,0.0
10,21,3,0,,,,9.9999994e-08,0.0,0.0,0.0,0.0
10,22,3,0,,,,0.008450092,0.0,0.0,0.0,0.0
10,23,3,0,,,,1.3881667,0.0,0.0,0.0,0.0
10,24,3,0,,,,1.7550417,0.0,0.0,0.0,0.0
10,1,4,0,,,,0.41633335,0.0,0.0,0.0,0.0
10,2,4,0,,,,0.40768334,0.0,0.0,0.0,0.0
10,3,4,0,,,,0.4286,0.0,0.0,0.0,0.0
10,4,4,0,,,,0.39716667,0.0,0.0,0.0,0.0
10,5,4,0,,,,0.57205,0.0,0.0,0.0,0.0
10,6,4,0,,,,0.74411666,0.0,0.0,0.0,0.0
10,7,4,0,,,,0.4513,0.0,0.0,0.0,0.0
10,8,4,0,,,,0.70203334,0.0,0.0,0.0,51.33
10,9,4,0,,,,1.7602667,0.0,0.0,0.0,126.78
10,10,4,0,,,,1.35235,0.0,0.0,0.0,482.24
10,11,4,0,,,,2.0426166,0.0,0.0,0.0,591.97
10,12,4,0,,,,2.39345,0.0,0.0,0.0,653.12
10,13,4,0,,,,3.0508332,0.0,0.0,0.0,650.32
10,14,4,0,,,,2.6868167,0.0,0.0,0.0,597.65
10,15,4,0,,,,1.6824167,0.0,0.0,0.0,483.27
10,16,4,0,,,,0.8067667,0.0,0.0,0.0,313.17
10,17,4,0,,,,2.1662834,0.0,0.0,0.0,70.85
10,18,4,0,,,,0.7488833,0.0,0.0,0.0,0.0
10,19,4,0,,,,1.4317334,0.0,0.0,0.0,0.0
10,20,4,0,,,,0.84313333,0.0,0.0,0.0,0.0
10,21,4,0,,,,2.0549333,0.0,0.0,0.0,0.0
10,22,4,0,,,,1.4215167,0.0,0.0,0.0,0.0
10,23,4,0,,,,1.0718666,0.0,0.0,0.0,0.0
10,24,4,0,,,,2.23,0.0,0.0,0.0,0.0
10,1,5,0,,,,0.41855,0.0,0.0,0.0,0.0
10,2,5,0,,,,0.41331667,0.0,0.0,0.0,0.0
10,3,5,0,,,,0.4303,0.0,0.0,0.0,0.0
10,4,5,0,,,,0.40786666,0.0,0.0,0.0,0.0
10,5,5,0,,,,0.4326,0.0,0.0,0.0,0.0
10,6,5,0,,,,0.38965,0.0,0.0,0.0,0.0
10,7,5,0,,,,0.4582,0.0,0.0,0.0,0.0
10,8,5,0,,,,0.4643,0.0,0.0,0.0,6.32
10,9,5,0,,,,1.1559167,0.0,0.0,0.0,54.81
10,10,5,0,,,,1.2308,0.0,0.0,0.0,102.13
10,11,5,0,,,,2.0155,0.0,0.0,0.0,124.42
10,12,5,0,,,,2.2861667,0.0,0.0,0.0,108.67
10,13,5,0,,,,2.5375834,0.0,0.0,0.0,124.74
10,14,5,0,,,,2.4812667,0.0,0.0,0.0,193.63
10,15,5,0,,,,2.2488666,0.0,0.0,0.0,209.19
10,16,5,0,,,,0.7370167,0.0,0.0,0.0,295.68
10,17,5,0,,,,1.8233833,0.0,0.0,0.0,79.64
10,18,5,0,,,,0.88986665,0.0,0.0,0.0,0.0
10,19,5,0,,,,0.047633424,0.0,0.0,0.0,0.0
10,20,5,0,,,,9.9999994e-08,0.0,0.0,0.0,0.0
10,21,5,0,,,,9.9999994e-08,0.0,0.0,0.0,0.0
10,22,5,0,,,,9.9999994e-08,0.0,0.0,0.0,0.0
10,23,5,0,,,,0.009483425,0.0,0.0,0.0,0.0
10,24,5,0,,,,2.7510917,0.0,0.0,0.0,0.0
10,1,6,0,,,,1.1228334,0.0,0.0,0.0,0.0
10,2,6,0,,,,0.38283333,0.0,0.0,0.0,0.0
10,3,6,0,,,,0.4005,0.0,0.0,0.0,0.0
10,4,6,0,,,,0.37295,0.0,0.0,0.0,0.0
10,5,6,0,,,,0.48713332,0.0,0.0,0.0,0.0
10,6,6,0,,,,0.8785167,0.0,0.0,0.0,0.0
10,7,6,0,,,,0.43428335,0.0,0.0,0.0,0.0
10,8,6,0,,,,0.55511665,0.0,0.0,0.0,5.21
10,9,6,0,,,,0.9509,0.0,0.0,0.0,87.74
10,10,6,0,,,,1.2779,0.0,0.0,0.0,103.69
10,11,6,0,,,,1.9380833,0.0,0.0,0.0,310.13
10,12,6,0,,,,2.2653666,0.0,0.0,0.0,490.44
10,13,6,0,,,,0.57935,0.0,0.0,0.0,517.11
10,14,6,0,,,,0.5294333,0.0,0.0,0.0,540.17
10,15,6,0,,,,0.5140167,0.0,0.0,0.0,405.7
10,16,6,0,,,,0.5406833,0.0,0.0,0.0,230.77
10,17,6,0,,,,0.20860004,0.0,0.0,0.0,60.4
10,18,6,0,,,,9.9999994e-08,0.0,0.0,0.0,0.0
10,19,6,0,,,,9.9999994e-08,0.0,0.0,0.0,0.0
10,20,6,0,,,,9.9999994e-08,0.0,0.0,0.0,0.0
10,21,6,0,,,,0.47863334,0.0,0.0,0.0,0.0
10,22,6,0,,,,0.52735,0.0,0.0,0.0,0.0
10,23,6,0,,,,0.49036667,0.0,0.0,0.0,0.0
10,24,6,0,,,,0.520275,0.0,0.0,0.0,0.0
10,1,7,0,,,,0.49006668,0.0,0.0,0.0,0.0
10,2,7,0,,,,0.51673335,0.0,0.0,0.0,0.0
10,3,7,0,,,,0.8645333,0.0,0.0,0.0,0.0
10,4,7,0,,,,0.65463334,0.0,0.0,0.0,0.0
10,5,7,0,,,,0.5150833,0.0,0.0,0.0,0.0
10,6,7,0,,,,0.48853335,0.0,0.0,0.0,0.0
10,7,7,0,,,,0.53298336,0.0,0.0,0.0,0.0
10,8,7,0,,,,0.48316666,0.0,0.0,0.0,0.0
10,9,7,0,,,,0.70806664,0.0,0.0,0.0,87.77
10,10,7,0,,,,0.79761666,0.0,0.0,0.0,174.81
10,11,7,0,,,,1.1131834,0.0,0.0,0.0,297.31
10,12,7,0,,,,0.56313336,0.0,0.0,0.0,267.16
10,13,7,0,,,,0.5345,0.0,0.0,0.0,494.24
10,14,7,0,,,,0.46171665,0.0,0.0,0.0,440.26
10,15,7,0,,,,1.0220833,0.0,0.0,0.0,254.45
10,16,7,0,,,,1.0547333,0.0,0.0,0.0,210.98
10,17,7,0,,,,0.1872334,0.0,0.0,0.0,39.83
10,18,7,0,,,,0.99725,0.0,0.0,0.0,0.0
10,19,7,0,,,,1.1519,0.0,0.0,0.0,0.0
10,20,7,0,,,,1.2629,0.0,0.0,0.0,0.0
10,21,7,0,,,,1.0690666,0.0,0.0,0.0,0.0
10,22,7,0,,,,2.7430334,0.0,0.0,0.0,0.0
10,23,7,0,,,,0.4533,0.0,0.0,0.0,0.0
10,24,7,0,,,,0.41545832,0.0,0.0,0.0,0.0
10,1,1,0,,,,0.38316667,0.0,0.0,0.0,0.0
10,2,1,0,,,,0.39925,0.0,0.0,0.0,0.0
10,3,1,0,,,,0.38313332,0.0,0.0,0.0,0.0
10,4,1,0,,,,0.39235,0.0,0.0,0.0,0.0
10,5,1,0,,,,0.39431667,0.0,0.0,0.0,0.0
10,6,1,0,,,,0.37215,0.0,0.0,0.0,0.0
10,7,1,0,,,,0.47381666,0.0,0.0,0.0,0.0
10,8,1,0,,,,0.89283335,0.0,0.0,0.0,4.61
10,9,1,0,,,,1.0833666,0.0,0.0,0.0,52.73
10,10,1,0,,,,0.9698,0.0,0.0,0.0,131.84
10,11,1,0,,,,1.0512,0.0,0.0,0.0,174.64
10,12,1,0,,,,0.5711,0.0,0.0,0.0,136.33
10,13,1,0,,,,0.63953334,0.0,0.0,0.0,144.82
10,14,1,0,,,,0.5995833,0.0,0.0,0.0,227.13
10,15,1,0,,,,0.5362333,0.0,0.0,0.0,216.12
10,16,1,0,,,,0.7751833,0.0,0.0,0.0,74.71
10,17,1,0,,,,0.70451665,0.0,0.0,0.0,5.05
10,18,1,0,,,,0.74271667,0.0,0.0,0.0,0.0
10,19,1,0,,,,0.5911667,0.0,0.0,0.0,0.0
10,20,1,0,,,,0.61798334,0.0,0.0,0.0,0.0
10,21,1,0,,,,0.88986665,0.0,0.0,0.0,0.0
10,22,1,0,,,,1.0941,0.0,0.0,0.0,0.0
10,23,1,0,,,,0.98095,0.0,0.0,0.0,0.0
10,24,1,0,,,,0.9599083,0.0,0.0,0.0,0.0
10,1,2,0,,,,0.8570833,0.0,0.0,0.0,0.0
10,2,2,0,,,,0.44146666,0.0,0.0,0.0,0.0
10,3,2,0,,,,0.4066,0.0,0.0,0.0,0.0
10,4,2,0,,,,0.42965,0.0,0.0,0.0,0.0
10,5,2,0,,,,0.41305,0.0,0.0,0.0,0.0
10,6,2,0,,,,0.41526666,0.0,0.0,0.0,0.0
10,7,2,0,,,,0.41941667,0.0,0.0,0.0,0.0
10,8,2,0,,,,0.5503167,0.0,0.0,0.0,0.69
10,9,2,0,,,,0.83851665,0.0,0.0,0.0,34.14
10,10,2,0,,,,1.4463167,0.0,0.0,0.0,63.18
10,11,2,0,,,,2.0140834,0.0,0.0,0.0,77.86
10,12,2,0,,,,2.35,0.0,0.0,0.0,55.1
10,13,2,0,,,,2.4706666,0.0,0.0,0.0,55.01
10,14,2,0,,,,1.4683,0.0,0.0,0.0,41.29
10,15,2,0,,,,0.33288333,0.0,0.0,0.0,23.76
10,16,2,0,,,,0.52075,0.0,0.0,0.0,14.87
10,17,2,0,,,,0.9141833,0.0,0.0,0.0,0.87
10,18,2,0,,,,2.0264666,0.0,0.0,0.0,0.0
10,19,2,0,,,,0.08615008,0.0,0.0,0.0,0.0
10,20,2,0,,,,9.9999994e-08,0.0,0.0,0.0,0.0
10,21,2,0,,,,0.17321672,0.0,0.0,0.0,0.0
10,22,2,0,,,,0.8244334,0.0,0.0,0.0,0.0
10,23,2,0,,,,0.7026,0.0,0.0,0.0,0.0
10,24,2,0,,,,0.5446417,0.0,0.0,0.0,0.0
10,1,3,0,,,,0.47246668,0.0,0.0,0.0,0.0
10,2,3,0,,,,0.50081664,0.0,0.0,0.0,0.0
10,3,3,0,,,,0.46573332,0.0,0.0,0.0,0.0
10,4,3,0,,,,0.48485,0.0,0.0,0.0,0.0
10,5,3,0,,,,0.45401666,0.0,0.0,0.0,0.0
10,6,3,0,,,,0.49751666,0.0,0.0,0.0,0.0
10,7,3,0,,,,0.43758333,0.0,0.0,0.0,0.0
10,8,3,0,,,,0.5255,0.0,0.0,0.0,0.33
10,9,3,0,,,,0.67501664,0.0,0.0,0.0,31.49
10,10,3,0,,,,1.3480834,0.0,0.0,0.0,68.72
10,11,3,0,,,,1.8627167,0.0,0.0,0.0,98.06
10,12,3,0,,,,2.1844168,0.0,0.0,0.0,48.44
10,13,3,0,,,,2.2154334,0.0,0.0,0.0,126.24
10,14,3,0,,,,1.3168334,0.0,0.0,0.0,188.5
10,15,3,0,,,,0.45606667,0.0,0.0,0.0,27.39
10,16,3,0,,,,0.58465,0.0,0.0,0.0,12.28
10,17,3,0,,,,0.5219,0.0,0.0,0.0,4.51
10,18,3,0,,,,0.5345167,0.0,0.0,0.0,0.0
10,19,3,0,,,,0.002366765,0.0,0.0,0.0,0.0
10,20,3,0,,,,0.12868339,0.0,0.0,0.0,0.0
10,21,3,0,,,,9.9999994e-08,0.0,0.0,0.0,0.0
10,22,3,0,,,,0.2902834,0.0,0.0,0.0,0.0
10,23,3,0,,,,2.7921834,0.0,0.0,0.0,0.0
10,24,3,0,,,,1.79815,0.0,0.0,0.0,0.0
10,1,4,0,,,,0.41958332,0.0,0.0,0.0,0.0
10,2,4,0,,,,0.37436667,0.0,0.0,0.0,0.0
10,3,4,0,,,,0.38903335,0.0,0.0,0.0,0.0
10,4,4,0,,,,0.36991668,0.0,0.0,0.0,0.0
10,5,4,0,,,,0.37645,0.0,0.0,0.0,0.0
10,6,4,0,,,,0.37443334,0.0,0.0,0.0,0.0
10,7,4,0,,,,0.62325,0.0,0.0,0.0,0.0
10,8,4,0,,,,0.99738336,0.0,0.0,0.0,1.56
10,9,4,0,,,,1.2446,0.0,0.0,0.0,39.94
10,10,4,0,,,,1.1536666,0.0,0.0,0.0,90.43
10,11,4,0,,,,1.5534,0.0,0.0,0.0,125.52
10,12,4,0,,,,1.4659333,0.0,0.0,0.0,237.18
10,13,4,0,,,,1.1209167,0.0,0.0,0.0,564.47
10,14,4,0,,,,1.2657666,0.0,0.0,0.0,579.4
10,15,4,0,,,,0.53763336,0.0,0.0,0.0,479.66
10,16,4,0,,,,0.49281666,0.0,0.0,0.0,277.11
10,17,4,0,,,,0.5685667,0.0,0.0,0.0,8.25
10,18,4,0,,,,0.6323,0.0,0.0,0.0,0.0
10,19,4,0,,,,0.0024500983,0.0,0.0,0.0,0.0
10,20,4,0,,,,9.9999994e-08,0.0,0.0,0.0,0.0
10,21,4,0,,,,0.6379333,0.0,0.0,0.0,0.0
10,22,4,0,,,,3.3535333,0.0,0.0,0.0,0.0
10,23,4,0,,,,1.1244,0.0,0.0,0.0,0.0
10,24,4,0,,,,0.76845,0.0,0.0,0.0,0.0
10,1,5,0,,,,0.40278333,0.0,0.0,0.0,0.0
10,2,5,0,,,,0.35973334,0.0,0.0,0.0,0.0
10,3,5,0,,,,0.40398332,0.0,0.0,0.0,0.0
10,4,5,0,,,,0.35401666,0.0,0.0,0.0,0.0
10,5,5,0,,,,0.40501666,0.0,0.0,0.0,0.0
10,6,5,0,,,,0.6049167,0.0,0.0,0.0,0.0
10,7,5,0,,,,0.98698336,0.0,0.0,0.0,0.0
10,8,5,0,,,,1.4200333,0.0,0.0,0.0,0.0
10,9,5,0,,,,2.4059,0.0,0.0,0.0,18.41
10,10,5,0,,,,0.91286665,0.0,0.0,0.0,70.06
10,11,5,0,,,,0.48036668,0.0,0.0,0.0,110.36
10,12,5,0,,,,0.84471667,0.0,0.0,0.0,39.34
10,13,5,0,,,,0.42153335,0.0,0.0,0.0,18.38
10,14,5,0,,,,0.57011664,0.0,0.0,0.0,40.2
10,15,5,0,,,,0.5852,0.0,0.0,0.0,32.06
10,16,5,0,,,,0.7751167,0.0,0.0,0.0,17.13
10,17,5,0,,,,1.4604167,0.0,0.0,0.0,0.18
10,18,5,0,,,,0.6749833,0.0,0.0,0.0,0.0
10,19,5,0,,,,0.0075000864,0.0,0.0,0.0,0.0
10,20,5,0,,,,0.56345004,0.0,0.0,0.0,0.0
10,21,5,0,,,,0.60115,0.0,0.0,0.0,0.0
10,22,5,0,,,,0.61181664,0.0,0.0,0.0,0.0
10,23,5,0,,,,0.50105,0.0,0.0,0.0,0.0
10,24,5,0,,,,0.40979168,0.0,0.0,0.0,0.0
10,1,6,0,,,,0.85635,0.0,0.0,0.0,0.0
10,2,6,0,,,,0.45616665,0.0,0.0,0.0,0.0
10,3,6,0,,,,0.38236666,0.0,0.0,0.0,0.0
10,4,6,0,,,,0.36416668,0.0,0.0,0.0,0.0
10,5,6,0,,,,0.38686666,0.0,0.0,0.0,0.0
10,6,6,0,,,,0.36375,0.0,0.0,0.0,0.0
10,7,6,0,,,,0.39711666,0.0,0.0,0.0,0.0
10,8,6,0,,,,0.35911667,0.0,0.0,0.0,20.2
10,9,6,0,,,,0.70825,0.0,0.0,0.0,271.07
10,10,6,0,,,,1.2098,0.0,0.0,0.0,449.5
10,11,6,0,,,,1.7119,0.0,0.0,0.0,197.89
10,12,6,0,,,,2.0778334,0.0,0.0,0.0,256.09
10,13,6,0,,,,0.37178335,0.0,0.0,0.0,631.42
10,14,6,0,,,,0.29438335,0.0,0.0,0.0,79.35
10,15,6,0,,,,0.33748335,0.0,0.0,0.0,179.73
10,16,6,0,,,,0.38405,0.0,0.0,0.0,170.74
10,17,6,0,,,,0.030950064,0.0,0.0,0.0,6.78
10,18,6,0,,,,0.0016334216,0.0,0.0,0.0,0.0
10,19,6,0,,,,0.40825003,0.0,0.0,0.0,0.0
10,20,6,0,,,,0.5962833,0.0,0.0,0.0,0.0
10,21,6,0,,,,0.52451664,0.0,0.0,0.0,0.0
10,22,6,0,,,,2.0065,0.0,0.0,0.0,0.0
10,23,6,0,,,,0.50808334,0.0,0.0,0.0,0.0
10,24,6,0,,,,0.55455,0.0,0.0,0.0,0.0
10,1,7,0,,,,1.78395,0.0,0.0,0.0,0.0
10,2,7,0,,,,0.6721,0.0,0.0,0.0,0.0
10,3,7,0,,,,0.8900667,0.0,0.0,0.0,0.0
10,4,7,0,,,,0.49591666,0.0,0.0,0.0,0.0
10,5,7,0,,,,0.4135,0.0,0.0,0.0,0.0
10,6,7,0,,,,0.44431666,0.0,0.0,0.0,0.0
10,7,7,0,,,,0.4297,0.0,0.0,0.0,0.0
10,8,7,0,,,,0.43605,0.0,0.0,0.0,21.06
10,9,7,0,,,,0.5068667,0.0,0.0,0.0,302.22
10,10,7,0,,,,1.16175,0.0,0.0,0.0,134.21
10,11,7,0,,,,1.4729667,0.0,0.0,0.0,259.65
10,12,7,0,,,,1.1561834,0.0,0.0,0.0,74.77
10,13,7,0,,,,0.65568334,0.0,0.0,0.0,628.21
10,14,7,0,,,,0.29156667,0.0,0.0,0.0,615.04
10,15,7,0,,,,0.32805,0.0,0.0,0.0,478.08
10,16,7,0,,,,0.25788334,0.0,0.0,0.0,279.61
10,17,7,0,,,,0.53755,0.0,0.0,0.0,5.3
10,18,7,0,,,,0.71828336,0.0,0.0,0.0,0.0
10,19,7,0,,,,0.74715,0.0,0.0,0.0,0.0
10,20,7,0,,,,0.64755,0.0,0.0,0.0,0.0
10,21,7,0,,,,0.67581666,0.0,0.0,0.0,0.0
10,22,7,0,,,,0.49741668,0.0,0.0,0.0,0.0
10,23,7,0,,,,0.42375,0.0,0.0,0.0,0.0
10,24,7,0,,,,0.55060834,0.0,0.0,0.0,0.0
10,1,1,0,,,,0.8757167,0.0,0.0,0.0,0.0
10,2,1,0,,,,0.4145,0.0,0.0,0.0,0.0
10,3,1,0,,,,0.40748334,0.0,0.0,0.0,0.0
10,4,1,0,,,,0.41873333,0.0,0.0,0.0,0.0
10,5,1,0,,,,0.3982,0.0,0.0,0.0,0.0
10,6,1,0,,,,0.43460834,0.0,0.0,0.0,0.0
10,7,1,0,,,,0.79515,0.0,0.0,0.0,0.0
10,8,1,0,,,,0.85351664,0.0,0.0,0.0,0.0
10,9,1,0,,,,0.8803333,0.0,0.0,0.0,78.81
10,10,1,0,,,,1.0873834,0.0,0.0,0.0,470.04
10,11,1,0,,,,1.4541,0.0,0.0,0.0,566.17
10,12,1,0,,,,2.01345,0.0,0.0,0.0,631.42
10,13,1,0,,,,1.0188833,0.0,0.0,0.0,57.98
10,14,1,0,,,,1.14605,0.0,0.0,0.0,48.35
10,15,1,0,,,,1.05165,0.0,0.0,0.0,29.67
10,16,1,0,,,,0.45771667,0.0,0.0,0.0,89.8
10,17,1,0,,,,0.61081666,0.0,0.0,0.0,0.23
10,18,1,0,,,,0.56913334,0.0,0.0,0.0,0.0
10,19,1,0,,,,0.0025000984,0.0,0.0,0.0,0.0
10,20,1,0,,,,9.9999994e-08,0.0,0.0,0.0,0.0
10,21,1,0,,,,9.9999994e-08,0.0,0.0,0.0,0.0
10,22,1,0,,,,3.343167e-05,0.0,0.0,0.0,0.0
10,23,1,0,,,,0.018300073,0.0,0.0,0.0,0.0
10,24,1,0,,,,0.5054,0.0,0.0,0.0,0.0
11,1,2,0,,,,0.85475,0.0,0.0,0.0,0.0
11,2,2,0,,,,0.4127,0.0,0.0,0.0,0.0
11,3,2,0,,,,0.38708332,0.0,0.0,0.0,0.0
11,4,2,0,,,,0.40855,0.0,0.0,0.0,0.0
11,5,2,0,,,,0.38698334,0.0,0.0,0.0,0.0
11,6,2,0,,,,0.40486667,0.0,0.0,0.0,0.0
11,7,2,0,,,,0.6858,0.0,0.0,0.0,0.0
11,8,2,0,,,,0.93168336,0.0,0.0,0.0,10.91
11,9,2,0,,,,0.9791167,0.0,0.0,0.0,273.17
11,10,2,0,,,,0.88028336,0.0,0.0,0.0,481.86
11,11,2,0,,,,0.9450833,0.0,0.0,0.0,592.95
11,12,2,0,,,,1.2247666,0.0,0.0,0.0,202.49
11,13,2,0,,,,0.9702167,0.0,0.0,0.0,270.32
11,14,2,0,,,,0.79363334,0.0,0.0,0.0,191.32
11,15,2,0,,,,0.62665,0.0,0.0,0.0,395.21
11,16,2,0,,,,1.04825,0.0,0.0,0.0,192.22
11,17,2,0,,,,0.60501665,0.0,0.0,0.0,1.82
11,18,2,0,,,,0.6505333,0.0,0.0,0.0,0.0
11,19,2,0,,,,0.002866765,0.0,0.0,0.0,0.0
11,20,2,0,,,,9.9999994e-08,0.0,0.0,0.0,0.0
11,21,2,0,,,,0.049766757,0.0,0.0,0.0,0.0
11,22,2,0,,,,0.96995,0.0,0.0,0.0,0.0
11,23,2,0,,,,0.89716667,0.0,0.0,0.0,0.0
11,24,2,0,,,,0.8099333,0.0,0.0,0.0,0.0
11,1,3,0,,,,0.39895,0.0,0.0,0.0,0.0
11,2,3,0,,,,0.41798332,0.0,0.0,0.0,0.0
11,3,3,0,,,,0.3841,0.0,0.0,0.0,0.0
11,4,3,0,,,,0.422,0.0,0.0,0.0,0.0
11,5,3,0,,,,0.37828332,0.0,0.0,0.0,0.0
11,6,3,0,,,,0.42683333,0.0,0.0,0.0,0.0
11,7,3,0,,,,0.7230167,0.0,0.0,0.0,0.0
11,8,3,0,,,,0.96715,0.0,0.0,0.0,0.0
11,9,3,0,,,,1.0379666,0.0,0.0,0.0,88.85
11,10,3,0,,,,1.218,0.0,0.0,0.0,286.82
11,11,3,0,,,,1.8461666,0.0,0.0,0.0,463.1
11,12,3,0,,,,2.3017,0.0,0.0,0.0,431.49
11,13,3,0,,,,2.4188166,0.0,0.0,0.0,419.72
11,14,3,0,,,,1.8520167,0.0,0.0,0.0,503.96
11,15,3,0,,,,0.44855,0.0,0.0,0.0,343.88
11,16,3,0,,,,0.69305,0.0,0.0,0.0,97.3
11,17,3,0,,,,0.65431666,0.0,0.0,0.0,0.0
11,18,3,0,,,,0.74623334,0.0,0.0,0.0,0.0
11,19,3,0,,,,0.003316765,0.0,0.0,0.0,0.0
11,20,3,0,,,,9.9999994e-08,0.0,0.0,0.0,0.0
11,21,3,0,,,,9.9999994e-08,0.0,0.0,0.0,0.0
11,22,3,0,,,,9.9999994e-08,0.0,0.0,0.0,0.0
11,23,3,0,,,,0.00938341,0.0,0.0,0.0,0.0
11,24,3,0,,,,0.744225,0.0,0.0,0.0,0.0
11,1,4,0,,,,0.75088334,0.0,0.0,0.0,0.0
11,2,4,0,,,,0.45411667,0.0,0.0,0.0,0.0
11,3,4,0,,,,0.43046665,0.0,0.0,0.0,0.0
11,4,4,0,,,,0.45028332,0.0,0.0,0.0,0.0
11,5,4,0,,,,0.43291667,0.0,0.0,0.0,0.0
11,6,4,0,,,,0.44315,0.0,0.0,0.0,0.0
11,7,4,0,,,,0.8538167,0.0,0.0,0.0,0.0
11,8,4,0,,,,1.07785,0.0,0.0,0.0,0.0
11,9,4,0,,,,1.1861334,0.0,0.0,0.0,11.99
11,10,4,0,,,,1.1591667,0.0,0.0,0.0,52.69
11,11,4,0,,,,1.8312833,0.0,0.0,0.0,40.99
11,12,4,0,,,,2.24315,0.0,0.0,0.0,40.13
11,13,4,0,,,,2.4102,0.0,0.0,0.0,59.53
11,14,4,0,,,,1.86345,0.0,0.0,0.0,40.67
11,15,4,0,,,,0.6288,0.0,0.0,0.0,15.81
11,16,4,0,,,,0.66495,0.0,0.0,0.0,64.26
11,17,4,0,,,,0.66253334,0.0,0.0,0.0,0.0
11,18,4,0,,,,0.61468333,0.0,0.0,0.0,0.0
11,19,4,0,,,,0.0023834317,0.0,0.0,0.0,0.0
11,20,4,0,,,,9.9999994e-08,0.0,0.0,0.0,0.0
11,21,4,0,,,,9.9999994e-08,0.0,0.0,0.0,0.0
11,22,4,0,,,,0.34145004,0.0,0.0,0.0,0.0
11,23,4,0,,,,1.18525,0.0,0.0,0.0,0.0
11,24,4,0,,,,2.552825,0.0,0.0,0.0,0.0
11,1,5,0,,,,0.3918,0.0,0.0,0.0,0.0
11,2,5,0,,,,0.37245,0.0,0.0,0.0,0.0
11,3,5,0,,,,0.37345,0.0,0.0,0.0,0.0
11,4,5,0,,,,0.37725,0.0,0.0,0.0,0.0
11,5,5,0,,,,0.43073332,0.0,0.0,0.0,0.0
11,6,5,0,,,,0.84545,0.0,0.0,0.0,0.0
11,7,5,0,,,,0.90601665,0.0,0.0,0.0,0.0
11,8,5,0,,,,0.72908336,0.0,0.0,0.0,0.0
11,9,5,0,,,,0.37108332,0.0,0.0,0.0,60.92
11,10,5,0,,,,1.1872166,0.0,0.0,0.0,15.03
11,11,5,0,,,,1.74245,0.0,0.0,0.0,70.98
11,12,5,0,,,,2.1814,0.0,0.0,0.0,68.2
11,13,5,0,,,,2.3176,0.0,0.0,0.0,87.32
11,14,5,0,,,,0.58631665,0.0,0.0,0.0,66.1
11,15,5,0,,,,0.37823334,0.0,0.0,0.0,142.97
11,16,5,0,,,,1.9250333,0.0,0.0,0.0,78.83
11,17,5,0,,,,0.94225,0.0,0.0,0.0,0.0
11,18,5,0,,,,1.1663667,0.0,0.0,0.0,0.0
11,19,5,0,,,,0.006833432,0.0,0.0,0.0,0.0
11,20,5,0,,,,9.9999994e-08,0.0,0.0,0.0,0.0
11,21,5,0,,,,9.9999994e-08,0.0,0.0,0.0,0.0
11,22,5,0,,,,0.07991675,0.0,0.0,0.0,0.0
11,23,5,0,,,,2.2208,0.0,0.0,0.0,0.0
11,24,5,0,,,,0.45445833,0.0,0.0,0.0,0.0
11,1,6,0,,,,0.39996666,0.0,0.0,0.0,0.0
11,2,6,0,,,,0.3728,0.0,0.0,0.0,0.0
11,3,6,0,,,,0.40203333,0.0,0.0,0.0,0.0
11,4,6,0,,,,0.35471666,0.0,0.0,0.0,0.0
11,5,6,0,,,,0.39596668,0.0,0.0,0.0,0.0
11,6,6,0,,,,0.3448,0.0,0.0,0.0,0.0
11,7,6,0,,,,0.67291665,0.0,0.0,0.0,0.0
11,8,6,0,,,,0.9643,0.0,0.0,0.0,0.0
11,9,6,0,,,,0.9020333,0.0,0.0,0.0,92.5
11,10,6,0,,,,0.9849167,0.0,0.0,0.0,430.35
11,11,6,0,,,,1.66635,0.0,0.0,0.0,535.39
11,12,6,0,,,,1.9974333,0.0,0.0,0.0,538.59
11,13,6,0,,,,0.56346667,0.0,0.0,0.0,620.93
11,14,6,0,,,,0.50803334,0.0,0.0,0.0,557.96
11,15,6,0,,,,0.5696333,0.0,0.0,0.0,424.6
11,16,6,0,,,,0.52215,0.0,0.0,0.0,222.81
11,17,6,0,,,,0.07441674,0.0,0.0,0.0,0.0
11,18,6,0,,,,9.9999994e-08,0.0,0.0,0.0,0.0
11,19,6,0,,,,9.9999994e-08,0.0,0.0,0.0,0.0
11,20,6,0,,,,0.27736673,0.0,0.0,0.0,0.0
11,21,6,0,,,,0.5291333,0.0,0.0,0.0,0.0
11,22,6,0,,,,0.5373,0.0,0.0,0.0,0.0
11,23,6,0,,,,0.5538833,0.0,0.0,0.0,0.0
11,24,6,0,,,,0.87298334,0.0,0.0,0.0,0.0
11,1,7,0,,,,0.46606666,0.0,0.0,0.0,0.0
11,2,7,0,,,,0.40216666,0.0,0.0,0.0,0.0
11,3,7,0,,,,0.45453334,0.0,0.0,0.0,0.0
11,4,7,0,,,,0.43688333,0.0,0.0,0.0,0.0
11,5,7,0,,,,0.5031833,0.0,0.0,0.0,0.0
11,6,7,0,,,,0.37886667,0.0,0.0,0.0,0.0
11,7,7,0,,,,0.48998332,0.0,0.0,0.0,0.0
11,8,7,0,,,,0.5431333,0.0,0.0,0.0,0.0
11,9,7,0,,,,1.1455834,0.0,0.0,0.0,68.12
11,10,7,0,,,,1.6801333,0.0,0.0,0.0,191.29
11,11,7,0,,,,2.1404834,0.0,0.0,0.0,333.95
11,12,7,0,,,,2.0602,0.0,0.0,0.0,187.93
11,13,7,0,,,,0.9001,0.0,0.0,0.0,426.45
11,14,7,0,,,,0.61511666,0.0,0.0,0.0,172.47
11,15,7,0,,,,0.5194167,0.0,0.0,0.0,75.09
11,16,7,0,,,,0.49018332,0.0,0.0,0.0,177.33
11,17,7,0,,,,0.0059167617,0.0,0.0,0.0,0.0
11,18,7,0,,,,0.026283415,0.0,0.0,0.0,0.0
11,19,7,0,,,,9.9999994e-08,0.0,0.0,0.0,0.0
11,20,7,0,,,,0.6729667,0.0,0.0,0.0,0.0
11,21,7,0,,,,1.9182833,0.0,0.0,0.0,0.0
11,22,7,0,,,,0.43488333,0.0,0.0,0.0,0.0
11,23,7,0,,,,0.38735,0.0,0.0,0.0,0.0
11,24,7,0,,,,0.41875,0.0,0.0,0.0,0.0
11,1,1,0,,,,0.5454,0.0,0.0,0.0,0.0
11,2,1,0,,,,0.9008333,0.0,0.0,0.0,0.0
11,3,1,0,,,,0.40235,0.0,0.0,0.0,0.0
11,4,1,0,,,,0.45788333,0.0,0.0,0.0,0.0
11,5,1,0,,,,0.39478335,0.0,0.0,0.0,0.0
11,6,1,0,,,,0.8039333,0.0,0.0,0.0,0.0
11,7,1,0,,,,0.8826333,0.0,0.0,0.0,0.0
11,8,1,0,,,,0.95725,0.0,0.0,0.0,0.0
11,9,1,0,,,,0.4521,0.0,0.0,0.0,3.62
11,10,1,0,,,,1.6810833,0.0,0.0,0.0,18.85
11,11,1,0,,,,1.9593,0.0,0.0,0.0,54.79
11,12,1,0,,,,2.1905334,0.0,0.0,0.0,56.95
11,13,1,0,,,,2.0803416,0.0,0.0,0.0,99.47
11,14,1,0,,,,0.45341668,0.0,0.0,0.0,84.35
11,15,1,0,,,,0.4281,0.0,0.0,0.0,38.31
11,16,1,0,,,,0.66216666,0.0,0.0,0.0,6.89
11,17,1,0,,,,0.79871666,0.0,0.0,0.0,0.0
11,18,1,0,,,,0.85885,0.0,0.0,0.0,0.0
11,19,1,0,,,,0.0031500983,0.0,0.0,0.0,0.0
11,20,1,0,,,,9.9999994e-08,0.0,0.0,0.0,0.0
11,21,1,0,,,,0.0008500883,0.0,0.0,0.0,0.0
11,22,1,0,,,,0.03445007,0.0,0.0,0.0,0.0
11,23,1,0,,,,1.0950834,0.0,0.0,0.0,0.0
11,24,1,0,,,,0.8819,0.0,0.0,0.0,0.0
11,1,2,0,,,,0.4239,0.0,0.0,0.0,0.0
11,2,2,0,,,,0.36475,0.0,0.0,0.0,0.0
11,3,2,0,,,,0.42805,0.0,0.0,0.0,0.0
11,4,2,0,,,,0.36838335,0.0,0.0,0.0,0.0
11,5,2,0,,,,0.41991666,0.0,0.0,0.0,0.0
11,6,2,0,,,,0.36063334,0.0,0.0,0.0,0.0
11,7,2,0,,,,0.6544333,0.0,0.0,0.0,0.0
11,8,2,0,,,,0.8282167,0.0,0.0,0.0,0.0
11,9,2,0,,,,0.45428333,0.0,0.0,0.0,79.91
11,10,2,0,,,,1.7655166,0.0,0.0,0.0,52.54
11,11,2,0,,,,2.2043667,0.0,0.0,0.0,185.68
11,12,2,0,,,,2.3558388,0.0,0.0,0.0,87.27
11,13,2,0,,,,1.1189166,0.0,0.0,0.0,50.99
11,14,2,0,,,,0.33695,0.0,0.0,0.0,34.17
11,15,2,0,,,,0.31835,0.0,0.0,0.0,49.98
11,16,2,0,,,,0.49695,0.0,0.0,0.0,2.96
11,17,2,0,,,,0.84865,0.0,0.0,0.0,0.0
11,18,2,0,,,,0.6254333,0.0,0.0,0.0,0.0
11,19,2,0,,,,0.04405009,0.0,0.0,0.0,0.0
11,20,2,0,,,,9.9999994e-08,0.0,0.0,0.0,0.0
11,21,2,0,,,,9.9999994e-08,0.0,0.0,0.0,0.0
11,22,2,0,,,,0.054833412,0.0,0.0,0.0,0.0
11,23,2,0,,,,1.9194167,0.0,0.0,0.0,0.0
11,24,2,0,,,,1.9374083,0.0,0.0,0.0,0.0
11,1,3,0,,,,0.58776665,0.0,0.0,0.0,0.0
11,2,3,0,,,,0.409,0.0,0.0,0.0,0.0
11,3,3,0,,,,0.37471667,0.0,0.0,0.0,0.0
11,4,3,0,,,,0.38418335,0.0,0.0,0.0,0.0
11,5,3,0,,,,0.3839,0.0,0.0,0.0,0.0
11,6,3,0,,,,0.38125,0.0,0.0,0.0,0.0
11,7,3,0,,,,0.76015,0.0,0.0,0.0,0.0
11,8,3,0,,,,0.88085,0.0,0.0,0.0,0.0
11,9,3,0,,,,0.8304333,0.0,0.0,0.0,1.54
11,10,3,0,,,,1.5985833,0.0,0.0,0.0,11.13
11,11,3,0,,,,2.0314167,0.0,0.0,0.0,98.26
11,12,3,0,,,,2.2362666,0.0,0.0,0.0,66.94
11,13,3,0,,,,1.9718333,0.0,0.0,0.0,49.67
11,14,3,0,,,,0.40418333,0.0,0.0,0.0,28.71
11,15,3,0,,,,0.46158335,0.0,0.0,0.0,54.08
11,16,3,0,,,,1.1741333,0.0,0.0,0.0,61.02
11,17,3,0,,,,2.5645168,0.0,0.0,0.0,0.0
11,18,3,0,,,,0.7809833,0.0,0.0,0.0,0.0
11,19,3,0,,,,0.0051000984,0.0,0.0,0.0,0.0
11,20,3,0,,,,9.9999994e-08,0.0,0.0,0.0,0.0
11,21,3,0,,,,9.9999994e-08,0.0,0.0,0.0,0.0
11,22,3,0,,,,0.07321673,0.0,0.0,0.0,0.0
11,23,3,0,,,,1.9540833,0.0,0.0,0.0,0.0
11,24,3,0,,,,0.51705,0.0,0.0,0.0,0.0
11,1,4,0,,,,0.88313335,0.0,0.0,0.0,0.0
11,2,4,0,,,,0.44375,0.0,0.0,0.0,0.0
11,3,4,0,,,,0.42493334,0.0,0.0,0.0,0.0
11,4,4,0,,,,0.4552,0.0,0.0,0.0,0.0
11,5,4,0,,,,0.42255,0.0,0.0,0.0,0.0
11,6,4,0,,,,0.47145,0.0,0.0,0.0,0.0
11,7,4,0,,,,0.7718,0.0,0.0,0.0,0.0
11,8,4,0,,,,0.8728833,0.0,0.0,0.0,0.0
11,9,4,0,,,,0.39941666,0.0,0.0,0.0,2.48
11,10,4,0,,,,1.6948167,0.0,0.0,0.0,28.53
11,11,4,0,,,,2.0410166,0.0,0.0,0.0,46.5
11,12,4,0,,,,2.2506332,0.0,0.0,0.0,30.56
11,13,4,0,,,,1.8596,0.0,0.0,0.0,25.4
11,14,4,0,,,,0.45343333,0.0,0.0,0.0,37.77
11,15,4,0,,,,0.41956666,0.0,0.0,0.0,93.35
11,16,4,0,,,,0.4518,0.0,0.0,0.0,30.6
11,17,4,0,,,,2.33305,0.0,0.0,0.0,0.0
11,18,4,0,,,,0.7352667,0.0,0.0,0.0,0.0
11,19,4,0,,,,0.0030834316,0.0,0.0,0.0,0.0
11,20,4,0,,,,9.9999994e-08,0.0,0.0,0.0,0.0
11,21,4,0,,,,9.9999994e-08,0.0,0.0,0.0,0.0
11,22,4,0,,,,0.27558336,0.0,0.0,0.0,0.0
11,23,4,0,,,,0.8444167,0.0,0.0,0.0,0.0
11,24,4,0,,,,0.81583333,0.0,0.0,0.0,0.0
11,1,5,0,,,,0.43375,0.0,0.0,0.0,0.0
11,2,5,0,,,,0.35456666,0.0,0.0,0.0,0.0
11,3,5,0,,,,0.41228333,0.0,0.0,0.0,0.0
11,4,5,0,,,,0.35303333,0.0,0.0,0.0,0.0
11,5,5,0,,,,0.40815,0.0,0.0,0.0,0.0
11,6,5,0,,,,0.34275,0.0,0.0,0.0,0.0
11,7,5,0,,,,0.6726,0.0,0.0,0.0,0.0
11,8,5,0,,,,0.8839667,0.0,0.0,0.0,0.0
11,9,5,0,,,,0.93375,0.0,0.0,0.0,24.51
11,10,5,0,,,,1.6782,0.0,0.0,0.0,15.88
11,11,5,0,,,,2.0199666,0.0,0.0,0.0,15.86
11,12,5,0,,,,2.0898166,0.0,0.0,0.0,41.23
11,13,5,0,,,,2.0643,0.0,0.0,0.0,13.74
11,14,5,0,,,,1.1272,0.0,0.0,0.0,110.97
11,15,5,0,,,,1.1668167,0.0,0.0,0.0,119.86
11,16,5,0,,,,2.3625333,0.0,0.0,0.0,155.34
11,17,5,0,,,,1.1473833,0.0,0.0,0.0,0.0
11,18,5,0,,,,1.7037333,0.0,0.0,0.0,0.0
11,19,5,0,,,,0.18801674,0.0,0.0,0.0,0.0
11,20,5,0,,,,9.9999994e-08,0.0,0.0,0.0,0.0
11,21,5,0,,,,9.9999994e-08,0.0,0.0,0.0,0.0
11,22,5,0,,,,0.0020334318,0.0,0.0,0.0,0.0
11,23,5,0,,,,1.9446167,0.0,0.0,0.0,0.0
11,24,5,0,,,,0.515625,0.0,0.0,0.0,0.0
11,1,6,0,,,,0.44691667,0.0,0.0,0.0,0.0
11,2,6,0,,,,0.50285,0.0,0.0,0.0,0.0
11,3,6,0,,,,0.444,0.0,0.0,0.0,0.0
11,4,6,0,,,,0.48521668,0.0,0.0,0.0,0.0
11,5,6,0,,,,0.44325,0.0,0.0,0.0,0.0
11,6,6,0,,,,0.44636667,0.0,0.0,0.0,0.0
11,7,6,0,,,,0.43038332,0.0,0.0,0.0,0.0
11,8,6,0,,,,0.6407,0.0,0.0,0.0,0.0
11,9,6,0,,,,1.5700667,0.0,0.0,0.0,111.97
11,10,6,0,,,,1.6330833,0.0,0.0,0.0,278.12
11,11,6,0,,,,1.3368167,0.0,0.0,0.0,392.32
11,12,6,0,,,,1.6607667,0.0,0.0,0.0,557.0
11,13,6,0,,,,0.87865,0.0,0.0,0.0,404.09
11,14,6,0,,,,0.47711667,0.0,0.0,0.0,338.47
11,15,6,0,,,,1.2858,0.0,0.0,0.0,295.0
11,16,6,0,,,,0.5139667,0.0,0.0,0.0,101.39
11,17,6,0,,,,0.004466765,0.0,0.0,0.0,0.0
11,18,6,0,,,,0.28521672,0.0,0.0,0.0,0.0
11,19,6,0,,,,0.7121,0.0,0.0,0.0,0.0
11,20,6,0,,,,0.57388335,0.0,0.0,0.0,0.0
11,21,6,0,,,,0.69166666,0.0,0.0,0.0,0.0
11,22,6,0,,,,1.5193666,0.0,0.0,0.0,0.0
11,23,6,0,,,,0.46178332,0.0,0.0,0.0,0.0
11,24,6,0,,,,0.37628335,0.0,0.0,0.0,0.0
11,1,7,0,,,,0.44208333,0.0,0.0,0.0,0.0
11,2,7,0,,,,0.38853332,0.0,0.0,0.0,0.0
11,3,7,0,,,,0.42475,0.0,0.0,0.0,0.0
11,4,7,0,,,,0.38246667,0.0,0.0,0.0,0.0
11,5,7,0,,,,0.42765,0.0,0.0,0.0,0.0
11,6,7,0,,,,0.71811664,0.0,0.0,0.0,0.0
11,7,7,0,,,,1.0095834,0.0,0.0,0.0,0.0
11,8,7,0,,,,0.8499,0.0,0.0,0.0,0.0
11,9,7,0,,,,0.91283333,0.0,0.0,0.0,5.73
11,10,7,0,,,,1.55025,0.0,0.0,0.0,41.52
11,11,7,0,,,,1.9509667,0.0,0.0,0.0,74.45
11,12,7,0,,,,2.1155834,0.0,0.0,0.0,84.52
11,13,7,0,,,,0.53501666,0.0,0.0,0.0,124.12
11,14,7,0,,,,0.5323833,0.0,0.0,0.0,138.95
11,15,7,0,,,,1.4629333,0.0,0.0,0.0,51.06
11,16,7,0,,,,0.51315,0.0,0.0,0.0,12.36
11,17,7,0,,,,0.0039834315,0.0,0.0,0.0,0.0
11,18,7,0,,,,9.9999994e-08,0.0,0.0,0.0,0.0
11,19,7,0,,,,0.00035009667,0.0,0.0,0.0,0.0
11,20,7,0,,,,0.0008834283,0.0,0.0,0.0,0.0
11,21,7,0,,,,0.59353334,0.0,0.0,0.0,0.0
11,22,7,0,,,,0.61953336,0.0,0.0,0.0,0.0
11,23,7,0,,,,1.0204834,0.0,0.0,0.0,0.0
11,24,7,0,,,,1.695075,0.0,0.0,0.0,0.0
11,1,1,0,,,,0.5894333,0.0,0.0,0.0,0.0
11,2,1,0,,,,0.42553332,0.0,0.0,0.0,0.0
11,3,1,0,,,,0.38846666,0.0,0.0,0.0,0.0
11,4,1,0,,,,0.41806668,0.0,0.0,0.0,0.0
11,5,1,0,,,,0.40076667,0.0,0.0,0.0,0.0
11,6,1,0,,,,0.40043333,0.0,0.0,0.0,0.0
11,7,1,0,,,,0.42275,0.0,0.0,0.0,0.0
11,8,1,0,,,,0.63575,0.0,0.0,0.0,0.0
11,9,1,0,,,,0.84583336,0.0,0.0,0.0,15.5
11,10,1,0,,,,1.7261667,0.0,0.0,0.0,52.61
11,11,1,0,,,,2.11385,0.0,0.0,0.0,72.09
11,12,1,0,,,,2.2713,0.0,0.0,0.0,70.15
11,13,1,0,,,,1.5126166,0.0,0.0,0.0,61.2
11,14,1,0,,,,0.37778333,0.0,0.0,0.0,99.63
11,15,1,0,,,,0.87005,0.0,0.0,0.0,57.03
11,16,1,0,,,,0.67215,0.0,0.0,0.0,156.48
11,17,1,0,,,,1.0925666,0.0,0.0,0.0,0.0
11,18,1,0,,,,1.56355,0.0,0.0,0.0,0.0
11,19,1,0,,,,0.003766765,0.0,0.0,0.0,0.0
11,20,1,0,,,,0.029450092,0.0,0.0,0.0,0.0
11,21,1,0,,,,0.07681675,0.0,0.0,0.0,0.0
11,22,1,0,,,,1.5725833,0.0,0.0,0.0,0.0
11,23,1,0,,,,2.1369333,0.0,0.0,0.0,0.0
11,24,1,0,,,,0.5223167,0.0,0.0,0.0,0.0
11,1,2,0,,,,0.584,0.0,0.0,0.0,0.0
11,2,2,0,,,,0.67105,0.0,0.0,0.0,0.0
11,3,2,0,,,,0.38483334,0.0,0.0,0.0,0.0
11,4,2,0,,,,0.3766,0.0,0.0,0.0,0.0
11,5,2,0,,,,0.37998334,0.0,0.0,0.0,0.0
11,6,2,0,,,,0.3725,0.0,0.0,0.0,0.0
11,7,2,0,,,,0.3846,0.0,0.0,0.0,0.0
11,8,2,0,,,,1.1020167,0.0,0.0,0.0,0.0
11,9,2,0,,,,1.6089166,0.0,0.0,0.0,19.83
11,10,2,0,,,,1.5996833,0.0,0.0,0.0,56.87
11,11,2,0,,,,1.60715,0.0,0.0,0.0,42.24
11,12,2,0,,,,1.7382333,0.0,0.0,0.0,62.51
11,13,2,0,,,,1.1880833,0.0,0.0,0.0,38.73
11,14,2,0,,,,1.37645,0.0,0.0,0.0,33.29
11,15,2,0,,,,1.1397834,0.0,0.0,0.0,9.37
11,16,2,0,,,,0.792,0.0,0.0,0.0,0.71
11,17,2,0,,,,0.8293833,0.0,0.0,0.0,0.0
11,18,2,0,,,,0.83445,0.0,0.0,0.0,0.0
11,19,2,0,,,,0.0048500984,0.0,0.0,0.0,0.0
11,20,2,0,,,,0.8901833,0.0,0.0,0.0,0.0
11,21,2,0,,,,1.0283166,0.0,0.0,0.0,0.0
11,22,2,0,,,,2.8135667,0.0,0.0,0.0,0.0
11,23,2,0,,,,0.49131668,0.0,0.0,0.0,0.0
11,24,2,0,,,,0.49540833,0.0,0.0,0.0,0.0
11,1,3,0,,,,0.4466,0.0,0.0,0.0,0.0
11,2,3,0,,,,0.86883336,0.0,0.0,0.0,0.0
11,3,3,0,,,,0.61623335,0.0,0.0,0.0,0.0
11,4,3,0,,,,0.46728334,0.0,0.0,0.0,0.0
11,5,3,0,,,,0.44915,0.0,0.0,0.0,0.0
11,6,3,0,,,,0.6988,0.0,0.0,0.0,0.0
11,7,3,0,,,,0.9357333,0.0,0.0,0.0,0.0
11,8,3,0,,,,1.02915,0.0,0.0,0.0,0.0
11,9,3,0,,,,1.1100167,0.0,0.0,0.0,8.2
11,10,3,0,,,,1.2671167,0.0,0.0,0.0,23.8
11,11,3,0,,,,1.65145,0.0,0.0,0.0,51.8
11,12,3,0,,,,1.6189333,0.0,0.0,0.0,31.72
11,13,3,0,,,,1.45045,0.0,0.0,0.0,25.75
11,14,3,0,,,,1.58845,0.0,0.0,0.0,42.83
11,15,3,0,,,,0.8633,0.0,0.0,0.0,13.12
11,16,3,0,,,,0.49915,0.0,0.0,0.0,0.7
11,17,3,0,,,,0.7611167,0.0,0.0,0.0,0.0
11,18,3,0,,,,0.8344667,0.0,0.0,0.0,0.0
11,19,3,0,,,,0.0033334317,0.0,0.0,0.0,0.0
11,20,3,0,,,,9.9999994e-08,0.0,0.0,0.0,0.0
11,21,3,0,,,,9.9999994e-08,0.0,0.0,0.0,0.0
11,22,3,0,,,,0.2083834,0.0,0.0,0.0,0.0
11,23,3,0,,,,0.53671664,0.0,0.0,0.0,0.0
11,24,3,0,,,,0.40421668,0.0,0.0,0.0,0.0
11,1,4,0,,,,0.6347167,0.0,0.0,0.0,0.0
11,2,4,0,,,,0.71973336,0.0,0.0,0.0,0.0
11,3,4,0,,,,0.43611667,0.0,0.0,0.0,0.0
11,4,4,0,,,,0.39106667,0.0,0.0,0.0,0.0
11,5,4,0,,,,0.43505,0.0,0.0,0.0,0.0
11,6,4,0,,,,0.4453,0.0,0.0,0.0,0.0
11,7,4,0,,,,0.87736666,0.0,0.0,0.0,0.0
11,8,4,0,,,,0.85885,0.0,0.0,0.0,0.0
11,9,4,0,,,,1.2234,0.0,0.0,0.0,59.5
11,10,4,0,,,,1.9057,0.0,0.0,0.0,48.1
11,11,4,0,,,,2.3952334,0.0,0.0,0.0,50.56
11,12,4,0,,,,2.202,0.0,0.0,0.0,93.49
11,13,4,0,,,,2.1335,0.0,0.0,0.0,29.97
11,14,4,0,,,,1.818,0.0,0.0,0.0,50.39
11,15,4,0,,,,1.1717334,0.0,0.0,0.0,91.94
11,16,4,0,,,,0.69015,0.0,0.0,0.0,22.08
11,17,4,0,,,,0.93495,0.0,0.0,0.0,0.0
11,18,4,0,,,,0.7011333,0.0,0.0,0.0,0.0
11,19,4,0,,,,0.004716765,0.0,0.0,0.0,0.0
11,20,4,0,,,,9.9999994e-08,0.0,0.0,0.0,0.0
11,21,4,0,,,,9.9999994e-08,0.0,0.0,0.0,0.0
11,22,4,0,,,,9.9999994e-08,0.0,0.0,0.0,0.0
11,23,4,0,,,,9.9999994e-08,0.0,0.0,0.0,0.0
11,24,4,0,,,,0.47373334,0.0,0.0,0.0,0.0
11,1,5,0,,,,0.49486667,0.0,0.0,0.0,0.0
11,2,5,0,,,,0.47246668,0.0,0.0,0.0,0.0
11,3,5,0,,,,0.4879,0.0,0.0,0.0,0.0
11,4,5,0,,,,0.52271664,0.0,0.0,0.0,0.0
11,5,5,0,,,,1.0794333,0.0,0.0,0.0,0.0
11,6,5,0,,,,0.7956833,0.0,0.0,0.0,0.0
11,7,5,0,,,,0.96823335,0.0,0.0,0.0,0.0
11,8,5,0,,,,1.0629166,0.0,0.0,0.0,0.0
11,9,5,0,,,,1.107,0.0,0.0,0.0,7.15
11,10,5,0,,,,1.9250667,0.0,0.0,0.0,33.48
11,11,5,0,,,,2.31905,0.0,0.0,0.0,38.09
11,12,5,0,,,,2.21365,0.0,0.0,0.0,25.81
11,13,5,0,,,,2.3562334,0.0,0.0,0.0,22.08
11,14,5,0,,,,1.6528,0.0,0.0,0.0,16.34
11,15,5,0,,,,1.2743666,0.0,0.0,0.0,7.71
11,16,5,0,,,,1.8197,0.0,0.0,0.0,1.63
11,17,5,0,,,,3.2764332,0.0,0.0,0.0,0.0
11,18,5,0,,,,1.1852833,0.0,0.0,0.0,0.0
11,19,5,0,,,,0.0073000984,0.0,0.0,0.0,0.0
11,20,5,0,,,,9.9999994e-08,0.0,0.0,0.0,0.0
11,21,5,0,,,,0.69820005,0.0,0.0,0.0,0.0
11,22,5,0,,,,0.86906666,0.0,0.0,0.0,0.0
11,23,5,0,,,,1.1228666,0.0,0.0,0.0,0.0
11,24,5,0,,,,1.3183583,0.0,0.0,0.0,0.0
11,1,6,0,,,,1.3772334,0.0,0.0,0.0,0.0
11,2,6,0,,,,0.48153332,0.0,0.0,0.0,0.0
11,3,6,0,,,,0.4876,0.0,0.0,0.0,0.0
11,4,6,0,,,,0.45735,0.0,0.0,0.0,0.0
11,5,6,0,,,,0.48316666,0.0,0.0,0.0,0.0
11,6,6,0,,,,0.44141668,0.0,0.0,0.0,0.0
11,7,6,0,,,,0.48336667,0.0,0.0,0.0,0.0
11,8,6,0,,,,0.453,0.0,0.0,0.0,0.0
11,9,6,0,,,,0.98605,0.0,0.0,0.0,6.45
11,10,6,0,,,,2.11535,0.0,0.0,0.0,31.43
11,11,6,0,,,,1.0326166,0.0,0.0,0.0,42.04
11,12,6,0,,,,1.15105,0.0,0.0,0.0,60.8
11,13,6,0,,,,1.4354666,0.0,0.0,0.0,39.55
11,14,6,0,,,,1.11975,0.0,0.0,0.0,47.25
11,15,6,0,,,,0.8296,0.0,0.0,0.0,28.2
11,16,6,0,,,,0.71036667,0.0,0.0,0.0,8.19
11,17,6,0,,,,0.7172667,0.0,0.0,0.0,0.0
11,18,6,0,,,,0.65501666,0.0,0.0,0.0,0.0
11,19,6,0,,,,0.71146667,0.0,0.0,0.0,0.0
11,20,6,0,,,,0.65933335,0.0,0.0,0.0,0.0
11,21,6,0,,,,0.70486665,0.0,0.0,0.0,0.0
11,22,6,0,,,,0.6131833,0.0,0.0,0.0,0.0
11,23,6,0,,,,0.6069,0.0,0.0,0.0,0.0
11,24,6,0,,,,0.439875,0.0,0.0,0.0,0.0
11,1,7,0,,,,0.4398,0.0,0.0,0.0,0.0
11,2,7,0,,,,0.39455,0.0,0.0,0.0,0.0
11,3,7,0,,,,0.43035,0.0,0.0,0.0,0.0
11,4,7,0,,,,0.40108332,0.0,0.0,0.0,0.0
11,5,7,0,,,,0.4238,0.0,0.0,0.0,0.0
11,6,7,0,,,,0.42303333,0.0,0.0,0.0,0.0
11,7,7,0,,,,0.9282167,0.0,0.0,0.0,0.0
11,8,7,0,,,,0.47358334,0.0,0.0,0.0,0.0
11,9,7,0,,,,0.8483667,0.0,0.0,0.0,4.74
11,10,7,0,,,,1.4905666,0.0,0.0,0.0,13.53
11,11,7,0,,,,1.5781833,0.0,0.0,0.0,47.9
11,12,7,0,,,,1.8144667,0.0,0.0,0.0,36.2
11,13,7,0,,,,0.63103336,0.0,0.0,0.0,29.36
11,14,7,0,,,,0.36148334,0.0,0.0,0.0,27.13
11,15,7,0,,,,0.46483332,0.0,0.0,0.0,22.72
11,16,7,0,,,,0.7191833,0.0,0.0,0.0,46.5
11,17,7,0,,,,0.0025000866,0.0,0.0,0.0,0.0
11,18,7,0,,,,9.9999994e-08,0.0,0.0,0.0,0.0
11,19,7,0,,,,0.6246,0.0,0.0,0.0,0.0
11,20,7,0,,,,0.6339333,0.0,0.0,0.0,0.0
11,21,7,0,,,,0.55656666,0.0,0.0,0.0,0.0
11,22,7,0,,,,0.6178667,0.0,0.0,0.0,0.0
11,23,7,0,,,,0.38131666,0.0,0.0,0.0,0.0
11,24,7,0,,,,0.45329165,0.0,0.0,0.0,0.0
11,1,1,0,,,,0.3748,0.0,0.0,0.0,0.0
11,2,1,0,,,,0.43671668,0.0,0.0,0.0,0.0
11,3,1,0,,,,0.38243333,0.0,0.0,0.0,0.0
11,4,1,0,,,,0.78066665,0.0,0.0,0.0,0.0
11,5,1,0,,,,0.6178333,0.0,0.0,0.0,0.0
11,6,1,0,,,,0.44838333,0.0,0.0,0.0,0.0
11,7,1,0,,,,0.88615,0.0,0.0,0.0,0.0
11,8,1,0,,,,1.0665833,0.0,0.0,0.0,0.0
11,9,1,0,,,,1.0466666,0.0,0.0,0.0,5.42
11,10,1,0,,,,0.6798083,0.0,0.0,0.0,18.08
11,11,1,0,,,,0.6773667,0.0,0.0,0.0,35.47
11,12,1,0,,,,0.5802,0.0,0.0,0.0,35.49
11,13,1,0,,,,0.6124167,0.0,0.0,0.0,31.63
11,14,1,0,,,,0.5765167,0.0,0.0,0.0,28.59
11,15,1,0,,,,0.62128335,0.0,0.0,0.0,27.09
11,16,1,0,,,,0.56235,0.0,0.0,0.0,127.52
11,17,1,0,,,,0.62193334,0.0,0.0,0.0,0.0
11,18,1,0,,,,0.5656,0.0,0.0,0.0,0.0
11,19,1,0,,,,0.6181167,0.0,0.0,0.0,0.0
11,20,1,0,,,,0.5721167,0.0,0.0,0.0,0.0
11,21,1,0,,,,0.6588333,0.0,0.0,0.0,0.0
11,22,1,0,,,,0.5510167,0.0,0.0,0.0,0.0
11,23,1,0,,,,0.52533334,0.0,0.0,0.0,0.0
11,24,1,0,,,,0.8850833,0.0,0.0,0.0,0.0
11,1,2,0,,,,0.39903334,0.0,0.0,0.0,0.0
11,2,2,0,,,,0.40206668,0.0,0.0,0.0,0.0
11,3,2,0,,,,0.3841,0.0,0.0,0.0,0.0
11,4,2,0,,,,0.41266668,0.0,0.0,0.0,0.0
11,5,2,0,,,,0.36678332,0.0,0.0,0.0,0.0
11,6,2,0,,,,0.41483334,0.0,0.0,0.0,0.0
11,7,2,0,,,,2.2024834,0.0,0.0,0.0,0.0
11,8,2,0,,,,1.7910167,0.0,0.0,0.0,0.0
11,9,2,0,,,,1.4781333,0.0,0.0,0.0,116.2
11,10,2,0,,,,1.5918,0.0,0.0,0.0,437.88
11,11,2,0,,,,1.91685,0.0,0.0,0.0,460.32
11,12,2,0,,,,2.3199,0.0,0.0,0.0,693.35
11,13,2,0,,,,2.02485,0.0,0.0,0.0,673.82
11,14,2,0,,,,1.5960667,0.0,0.0,0.0,563.46
11,15,2,0,,,,0.40146667,0.0,0.0,0.0,464.11
11,16,2,0,,,,0.45318332,0.0,0.0,0.0,241.78
11,17,2,0,,,,0.76855,0.0,0.0,0.0,0.0
11,18,2,0,,,,0.91693336,0.0,0.0,0.0,0.0
11,19,2,0,,,,0.0060000983,0.0,0.0,0.0,0.0
11,20,2,0,,,,9.9999994e-08,0.0,0.0,0.0,0.0
11,21,2,0,,,,9.9999994e-08,0.0,0.0,0.0,0.0
11,22,2,0,,,,0.00593342,0.0,0.0,0.0,0.0
11,23,2,0,,,,0.013250076,0.0,0.0,0.0,0.0
11,24,2,0,,,,0.40484166,0.0,0.0,0.0,0.0
11,1,3,0,,,,0.5833833,0.0,0.0,0.0,0.0
11,2,3,0,,,,0.828,0.0,0.0,0.0,0.0
11,3,3,0,,,,0.67901665,0.0,0.0,0.0,0.0
11,4,3,0,,,,1.30605,0.0,0.0,0.0,0.0
11,5,3,0,,,,1.0027333,0.0,0.0,0.0,0.0
11,6,3,0,,,,0.95568335,0.0,0.0,0.0,0.0
11,7,3,0,,,,1.0368167,0.0,0.0,0.0,0.0
11,8,3,0,,,,0.9374167,0.0,0.0,0.0,0.0
11,9,3,0,,,,1.0071,0.0,0.0,0.0,68.44
11,10,3,0,,,,1.3772666,0.0,0.0,0.0,289.2
11,11,3,0,,,,1.8402833,0.0,0.0,0.0,419.51
11,12,3,0,,,,2.0676832,0.0,0.0,0.0,562.04
11,13,3,0,,,,1.8438333,0.0,0.0,0.0,569.83
11,14,3,0,,,,0.62873334,0.0,0.0,0.0,494.04
11,15,3,0,,,,0.4642,0.0,0.0,0.0,305.49
11,16,3,0,,,,0.76555,0.0,0.0,0.0,117.75
11,17,3,0,,,,1.6136,0.0,0.0,0.0,0.0
11,18,3,0,,,,1.21155,0.0,0.0,0.0,0.0
11,19,3,0,,,,0.08535009,0.0,0.0,0.0,0.0
11,20,3,0,,,,0.07320009,0.0,0.0,0.0,0.0
11,21,3,0,,,,0.058133423,0.0,0.0,0.0,0.0
11,22,3,0,,,,0.6987334,0.0,0.0,0.0,0.0
11,23,3,0,,,,0.83265,0.0,0.0,0.0,0.0
11,24,3,0,,,,1.117075,0.0,0.0,0.0,0.0
11,1,4,0,,,,0.41916665,0.0,0.0,0.0,0.0
11,2,4,0,,,,0.43116668,0.0,0.0,0.0,0.0
11,3,4,0,,,,0.39373332,0.0,0.0,0.0,0.0
11,4,4,0,,,,0.43871668,0.0,0.0,0.0,0.0
11,5,4,0,,,,0.39705,0.0,0.0,0.0,0.0
11,6,4,0,,,,0.4051,0.0,0.0,0.0,0.0
11,7,4,0,,,,0.40101665,0.0,0.0,0.0,0.0
11,8,4,0,,,,0.41853333,0.0,0.0,0.0,0.0
11,9,4,0,,,,0.70456666,0.0,0.0,0.0,27.98
11,10,4,0,,,,1.6123166,0.0,0.0,0.0,156.04
11,11,4,0,,,,3.2375166,0.0,0.0,0.0,356.68
11,12,4,0,,,,2.4253333,0.0,0.0,0.0,481.8
11,13,4,0,,,,2.1771,0.0,0.0,0.0,595.13
11,14,4,0,,,,1.7872,0.0,0.0,0.0,502.39
11,15,4,0,,,,1.1213334,0.0,0.0,0.0,391.34
11,16,4,0,,,,0.43923333,0.0,0.0,0.0,200.96
11,17,4,0,,,,0.4953,0.0,0.0,0.0,0.0
11,18,4,0,,,,0.44776666,0.0,0.0,0.0,0.0
11,19,4,0,,,,0.0018000983,0.0,0.0,0.0,0.0
11,20,4,0,,,,9.9999994e-08,0.0,0.0,0.0,0.0
11,21,4,0,,,,9.9999994e-08,0.0,0.0,0.0,0.0
11,22,4,0,,,,9.9999994e-08,0.0,0.0,0.0,0.0
11,23,4,0,,,,0.28045005,0.0,0.0,0.0,0.0
11,24,4,0,,,,0.47969165,0.0,0.0,0.0,0.0
11,1,5,0,,,,0.47328332,0.0,0.0,0.0,0.0
11,2,5,0,,,,0.44678333,0.0,0.0,0.0,0.0
11,3,5,0,,,,0.42738333,0.0,0.0,0.0,0.0
11,4,5,0,,,,0.45418334,0.0,0.0,0.0,0.0
11,5,5,0,,,,0.8174833,0.0,0.0,0.0,0.0
11,6,5,0,,,,0.59608334,0.0,0.0,0.0,0.0
11,7,5,0,,,,0.39986667,0.0,0.0,0.0,0.0
11,8,5,0,,,,0.48645,0.0,0.0,0.0,0.0
11,9,5,0,,,,0.47801667,0.0,0.0,0.0,3.33
11,10,5,0,,,,1.45775,0.0,0.0,0.0,42.83
11,11,5,0,,,,1.8485833,0.0,0.0,0.0,121.48
11,12,5,0,,,,2.0919333,0.0,0.0,0.0,104.71
11,13,5,0,,,,2.0347834,0.0,0.0,0.0,205.9
11,14,5,0,,,,1.6345167,0.0,0.0,0.0,138.84
11,15,5,0,,,,0.91655,0.0,0.0,0.0,266.7
11,16,5,0,,,,0.70351666,0.0,0.0,0.0,106.64
11,17,5,0,,,,0.67913336,0.0,0.0,0.0,0.0
11,18,5,0,,,,0.67305,0.0,0.0,0.0,0.0
11,19,5,0,,,,0.46138337,0.0,0.0,0.0,0.0
11,20,5,0,,,,0.3829667,0.0,0.0,0.0,0.0
11,21,5,0,,,,0.1261334,0.0,0.0,0.0,0.0
11,22,5,0,,,,9.9999994e-08,0.0,0.0,0.0,0.0
11,23,5,0,,,,0.016616717,0.0,0.0,0.0,0.0
11,24,5,0,,,,0.40705,0.0,0.0,0.0,0.0
11,1,6,0,,,,0.42921665,0.0,0.0,0.0,0.0
11,2,6,0,,,,0.35603333,0.0,0.0,0.0,0.0
11,3,6,0,,,,0.41381666,0.0,0.0,0.0,0.0
11,4,6,0,,,,0.51225,0.0,0.0,0.0,0.0
11,5,6,0,,,,0.80936664,0.0,0.0,0.0,0.0
11,6,6,0,,,,0.36768332,0.0,0.0,0.0,0.0
11,7,6,0,,,,0.3952,0.0,0.0,0.0,0.0
11,8,6,0,,,,0.38813335,0.0,0.0,0.0,0.0
11,9,6,0,,,,0.81025,0.0,0.0,0.0,31.5
11,10,6,0,,,,1.4526,0.0,0.0,0.0,191.92
11,11,6,0,,,,1.7985834,0.0,0.0,0.0,488.91
11,12,6,0,,,,1.6533333,0.0,0.0,0.0,577.96
11,13,6,0,,,,0.9056,0.0,0.0,0.0,599.8
11,14,6,0,,,,1.4461167,0.0,0.0,0.0,494.55
11,15,6,0,,,,2.0475667,0.0,0.0,0.0,364.3
11,16,6,0,,,,1.2846667,0.0,0.0,0.0,24.04
11,17,6,0,,,,0.010950087,0.0,0.0,0.0,0.0
11,18,6,0,,,,0.5720667,0.0,0.0,0.0,0.0
11,19,6,0,,,,1.9240667,0.0,0.0,0.0,0.0
11,20,6,0,,,,1.73115,0.0,0.0,0.0,0.0
11,21,6,0,,,,1.0260333,0.0,0.0,0.0,0.0
11,22,6,0,,,,1.0037333,0.0,0.0,0.0,0.0
11,23,6,0,,,,0.47176668,0.0,0.0,0.0,0.0
11,24,6,0,,,,0.37260833,0.0,0.0,0.0,0.0
11,1,7,0,,,,0.39866668,0.0,0.0,0.0,0.0
11,2,7,0,,,,0.35981667,0.0,0.0,0.0,0.0
11,3,7,0,,,,0.42213333,0.0,0.0,0.0,0.0
11,4,7,0,,,,0.36326668,0.0,0.0,0.0,0.0
11,5,7,0,,,,0.41766667,0.0,0.0,0.0,0.0
11,6,7,0,,,,0.35591668,0.0,0.0,0.0,0.0
11,7,7,0,,,,0.38913333,0.0,0.0,0.0,0.0
11,8,7,0,,,,1.7018,0.0,0.0,0.0,0.0
11,9,7,0,,,,2.5348,0.0,0.0,0.0,55.47
11,10,7,0,,,,2.05135,0.0,0.0,0.0,205.03
11,11,7,0,,,,1.7980334,0.0,0.0,0.0,80.0
11,12,7,0,,,,1.7442666,0.0,0.0,0.0,56.98
11,13,7,0,,,,1.3408166,0.0,0.0,0.0,42.33
11,14,7,0,,,,1.30715,0.0,0.0,0.0,39.84
11,15,7,0,,,,1.0339333,0.0,0.0,0.0,26.76
11,16,7,0,,,,1.0491,0.0,0.0,0.0,3.18
11,17,7,0,,,,1.9299834,0.0,0.0,0.0,0.0
11,18,7,0,,,,1.6583166,0.0,0.0,0.0,0.0
11,19,7,0,,,,1.1777333,0.0,0.0,0.0,0.0
11,20,7,0,,,,1.7270833,0.0,0.0,0.0,0.0
11,21,7,0,,,,0.76676667,0.0,0.0,0.0,0.0
11,22,7,0,,,,0.41955,0.0,0.0,0.0,0.0
11,23,7,0,,,,0.4456,0.0,0.0,0.0,0.0
11,24,7,0,,,,0.41096666,0.0,0.0,0.0,0.0
11,1,1,0,,,,0.46231666,0.0,0.0,0.0,0.0
11,2,1,0,,,,0.40648332,0.0,0.0,0.0,0.0
11,3,1,0,,,,0.7154,0.0,0.0,0.0,0.0
11,4,1,0,,,,0.97788334,0.0,0.0,0.0,0.0
11,5,1,0,,,,1.3258667,0.0,0.0,0.0,0.0
11,6,1,0,,,,1.32685,0.0,0.0,0.0,0.0
11,7,1,0,,,,2.5081666,0.0,0.0,0.0,0.0
11,8,1,0,,,,1.9432,0.0,0.0,0.0,0.0
11,9,1,0,,,,1.6509,0.0,0.0,0.0,1.24
11,10,1,0,,,,1.4347833,0.0,0.0,0.0,26.39
11,11,1,0,,,,2.1584833,0.0,0.0,0.0,43.51
11,12,1,0,,,,1.5342,0.0,0.0,0.0,38.65
11,13,1,0,,,,1.0838833,0.0,0.0,0.0,28.48
11,14,1,0,,,,0.79066664,0.0,0.0,0.0,16.63
11,15,1,0,,,,0.54428333,0.0,0.0,0.0,34.54
11,16,1,0,,,,1.1693333,0.0,0.0,0.0,7.25
11,17,1,0,,,,0.96388334,0.0,0.0,0.0,0.0
11,18,1,0,,,,0.93703336,0.0,0.0,0.0,0.0
11,19,1,0,,,,0.0026000983,0.0,0.0,0.0,0.0
11,20,1,0,,,,1.0028417,0.0,0.0,0.0,0.0
11,21,1,0,,,,0.8619,0.0,0.0,0.0,0.0
11,22,1,0,,,,1.1935834,0.0,0.0,0.0,0.0
11,23,1,0,,,,1.0039333,0.0,0.0,0.0,0.0
11,24,1,0,,,,0.852775,0.0,0.0,0.0,0.0
11,1,2,0,,,,1.2867666,0.0,0.0,0.0,0.0
11,2,2,0,,,,1.1535667,0.0,0.0,0.0,0.0
11,3,2,0,,,,1.22465,0.0,0.0,0.0,0.0
11,4,2,0,,,,0.88448334,0.0,0.0,0.0,0.0
11,5,2,0,,,,1.2363833,0.0,0.0,0.0,0.0
11,6,2,0,,,,0.86828333,0.0,0.0,0.0,0.0
11,7,2,0,,,,1.1765833,0.0,0.0,0.0,0.0
11,8,2,0,,,,1.1815333,0.0,0.0,0.0,0.0
11,9,2,0,,,,1.2172667,0.0,0.0,0.0,0.0
11,10,2,0,,,,1.59835,0.0,0.0,0.0,6.53
11,11,2,0,,,,1.85605,0.0,0.0,0.0,22.8
11,12,2,0,,,,2.2388833,0.0,0.0,0.0,12.91
11,13,2,0,,,,2.0370834,0.0,0.0,0.0,36.34
11,14,2,0,,,,1.83395,0.0,0.0,0.0,14.97
11,15,2,0,,,,0.44518334,0.0,0.0,0.0,25.76
11,16,2,0,,,,0.49786666,0.0,0.0,0.0,9.65
11,17,2,0,,,,0.6483,0.0,0.0,0.0,0.0
11,18,2,0,,,,1.0082834,0.0,0.0,0.0,0.0
11,19,2,0,,,,0.1458334,0.0,0.0,0.0,0.0
11,20,2,0,,,,0.105433404,0.0,0.0,0.0,0.0
11,21,2,0,,,,0.2866167,0.0,0.0,0.0,0.0
11,22,2,0,,,,0.5140667,0.0,0.0,0.0,0.0
11,23,2,0,,,,1.1208333,0.0,0.0,0.0,0.0
11,24,2,0,,,,0.9138917,0.0,0.0,0.0,0.0
11,1,3,0,,,,0.79651666,0.0,0.0,0.0,0.0
11,2,3,0,,,,0.6408167,0.0,0.0,0.0,0.0
11,3,3,0,,,,1.1739,0.0,0.0,0.0,0.0
11,4,3,0,,,,0.97225,0.0,0.0,0.0,0.0
11,5,3,0,,,,1.15875,0.0,0.0,0.0,0.0
11,6,3,0,,,,1.1974167,0.0,0.0,0.0,0.0
11,7,3,0,,,,1.0292667,0.0,0.0,0.0,0.0
11,8,3,0,,,,1.1203166,0.0,0.0,0.0,0.0
11,9,3,0,,,,1.4467833,0.0,0.0,0.0,36.91
11,10,3,0,,,,1.4461334,0.0,0.0,0.0,302.03
11,11,3,0,,,,1.8837334,0.0,0.0,0.0,513.19
11,12,3,0,,,,2.0503166,0.0,0.0,0.0,339.64
11,13,3,0,,,,1.9340167,0.0,0.0,0.0,132.6
11,14,3,0,,,,1.6719834,0.0,0.0,0.0,136.84
11,15,3,0,,,,1.0066,0.0,0.0,0.0,33.99
11,16,3,0,,,,0.55161667,0.0,0.0,0.0,4.77
11,17,3,0,,,,0.73468333,0.0,0.0,0.0,0.0
11,18,3,0,,,,0.82891667,0.0,0.0,0.0,0.0
11,19,3,0,,,,0.004716765,0.0,0.0,0.0,0.0
11,20,3,0,,,,9.9999994e-08,0.0,0.0,0.0,0.0
11,21,3,0,,,,0.20031673,0.0,0.0,0.0,0.0
11,22,3,0,,,,0.015700074,0.0,0.0,0.0,0.0
11,23,3,0,,,,1.7323166,0.0,0.0,0.0,0.0
11,24,3,0,,,,1.132275,0.0,0.0,0.0,0.0
12,1,4,0,,,,1.7211666,0.0,0.0,0.0,0.0
12,2,4,0,,,,1.33515,0.0,0.0,0.0,0.0
12,3,4,0,,,,1.0123,0.0,0.0,0.0,0.0
12,4,4,0,,,,1.1471334,0.0,0.0,0.0,0.0
12,5,4,0,,,,0.9155333,0.0,0.0,0.0,0.0
12,6,4,0,,,,1.1481167,0.0,0.0,0.0,0.0
12,7,4,0,,,,1.55365,0.0,0.0,0.0,0.0
12,8,4,0,,,,1.2414666,0.0,0.0,0.0,0.0
12,9,4,0,,,,1.1800667,0.0,0.0,0.0,1.7
12,10,4,0,,,,1.4262,0.0,0.0,0.0,71.08
12,11,4,0,,,,0.91711664,0.0,0.0,0.0,532.17
12,12,4,0,,,,2.1443167,0.0,0.0,0.0,656.48
12,13,4,0,,,,1.7750334,0.0,0.0,0.0,636.67
12,14,4,0,,,,1.5395666,0.0,0.0,0.0,582.72
12,15,4,0,,,,0.9403333,0.0,0.0,0.0,367.53
12,16,4,0,,,,0.9978833,0.0,0.0,0.0,2.16
12,17,4,0,,,,0.74726665,0.0,0.0,0.0,0.0
12,18,4,0,,,,0.86218333,0.0,0.0,0.0,0.0
12,19,4,0,,,,0.06050009,0.0,0.0,0.0,0.0
12,20,4,0,,,,9.9999994e-08,0.0,0.0,0.0,0.0
12,21,4,0,,,,0.57923335,0.0,0.0,0.0,0.0
12,22,4,0,,,,1.1232166,0.0,0.0,0.0,0.0
12,23,4,0,,,,1.2423667,0.0,0.0,0.0,0.0
12,24,4,0,,,,1.3087417,0.0,0.0,0.0,0.0
12,1,5,0,,,,1.1277666,0.0,0.0,0.0,0.0
12,2,5,0,,,,1.6946666,0.0,0.0,0.0,0.0
12,3,5,0,,,,0.98763335,0.0,0.0,0.0,0.0
12,4,5,0,,,,0.8440667,0.0,0.0,0.0,0.0
12,5,5,0,,,,1.3798333,0.0,0.0,0.0,0.0
12,6,5,0,,,,1.3079166,0.0,0.0,0.0,0.0
12,7,5,0,,,,1.5062333,0.0,0.0,0.0,0.0
12,8,5,0,,,,1.42115,0.0,0.0,0.0,0.0
12,9,5,0,,,,1.2097,0.0,0.0,0.0,2.2
12,10,5,0,,,,1.7780833,0.0,0.0,0.0,36.91
12,11,5,0,,,,2.19825,0.0,0.0,0.0,111.48
12,12,5,0,,,,2.5255167,0.0,0.0,0.0,90.37
12,13,5,0,,,,2.2893834,0.0,0.0,0.0,187.16
12,14,5,0,,,,2.1507666,0.0,0.0,0.0,75.9
12,15,5,0,,,,1.3144833,0.0,0.0,0.0,31.47
12,16,5,0,,,,1.1921667,0.0,0.0,0.0,8.93
12,17,5,0,,,,1.2483,0.0,0.0,0.0,0.0
12,18,5,0,,,,1.1948333,0.0,0.0,0.0,0.0
12,19,5,0,,,,0.2273334,0.0,0.0,0.0,0.0
12,20,5,0,,,,0.08711675,0.0,0.0,0.0,0.0
12,21,5,0,,,,0.21501672,0.0,0.0,0.0,0.0
12,22,5,0,,,,1.3245733,0.0,0.0,0.0,0.0
12,23,5,0,,,,1.5488334,0.0,0.0,0.0,0.0
12,24,5,0,,,,0.813875,0.0,0.0,0.0,0.0
12,1,6,0,,,,0.98055,0.0,0.0,0.0,0.0
12,2,6,0,,,,1.1827667,0.0,0.0,0.0,0.0
12,3,6,0,,,,1.3763,0.0,0.0,0.0,0.0
12,4,6,0,,,,1.6416167,0.0,0.0,0.0,0.0
12,5,6,0,,,,1.1386833,0.0,0.0,0.0,0.0
12,6,6,0,,,,1.4286166,0.0,0.0,0.0,0.0
12,7,6,0,,,,1.0811666,0.0,0.0,0.0,0.0
12,8,6,0,,,,1.13435,0.0,0.0,0.0,0.0
12,9,6,0,,,,1.2847333,0.0,0.0,0.0,0.8
12,10,6,0,,,,1.5273334,0.0,0.0,0.0,10.53
12,11,6,0,,,,1.6188,0.0,0.0,0.0,38.68
12,12,6,0,,,,1.9591833,0.0,0.0,0.0,35.46
12,13,6,0,,,,1.4232334,0.0,0.0,0.0,29.25
12,14,6,0,,,,0.71665,0.0,0.0,0.0,17.37
12,15,6,0,,,,0.41901666,0.0,0.0,0.0,27.75
12,16,6,0,,,,0.5692,0.0,0.0,0.0,13.38
12,17,6,0,,,,0.07586676,0.0,0.0,0.0,0.0
12,18,6,0,,,,0.97426665,0.0,0.0,0.0,0.0
12,19,6,0,,,,0.86075,0.0,0.0,0.0,0.0
12,20,6,0,,,,0.7722167,0.0,0.0,0.0,0.0
12,21,6,0,,,,1.2878333,0.0,0.0,0.0,0.0
12,22,6,0,,,,0.92425,0.0,0.0,0.0,0.0
12,23,6,0,,,,0.8921,0.0,0.0,0.0,0.0
12,24,6,0,,,,0.91334164,0.0,0.0,0.0,0.0
12,1,7,0,,,,0.36298335,0.0,0.0,0.0,0.0
12,2,7,0,,,,0.41356668,0.0,0.0,0.0,0.0
12,3,7,0,,,,0.5987333,0.0,0.0,0.0,0.0
12,4,7,0,,,,0.47235,0.0,0.0,0.0,0.0
12,5,7,0,,,,1.1233833,0.0,0.0,0.0,0.0
12,6,7,0,,,,0.40221667,0.0,0.0,0.0,0.0
12,7,7,0,,,,0.6044833,0.0,0.0,0.0,0.0
12,8,7,0,,,,0.42215,0.0,0.0,0.0,0.0
12,9,7,0,,,,0.83308333,0.0,0.0,0.0,32.24
12,10,7,0,,,,1.2368166,0.0,0.0,0.0,189.37
12,11,7,0,,,,1.7890167,0.0,0.0,0.0,457.36
12,12,7,0,,,,1.8740333,0.0,0.0,0.0,574.37
12,13,7,0,,,,0.57243335,0.0,0.0,0.0,507.33
12,14,7,0,,,,0.496,0.0,0.0,0.0,540.24
12,15,7,0,,,,0.56383336,0.0,0.0,0.0,173.46
12,16,7,0,,,,1.4542667,0.0,0.0,0.0,10.77
12,17,7,0,,,,0.0024834317,0.0,0.0,0.0,0.0
12,18,7,0,,,,0.08748341,0.0,0.0,0.0,0.0
12,19,7,0,,,,0.859,0.0,0.0,0.0,0.0
12,20,7,0,,,,0.58965,0.0,0.0,0.0,0.0
12,21,7,0,,,,0.53095,0.0,0.0,0.0,0.0
12,22,7,0,,,,0.39495,0.0,0.0,0.0,0.0
12,23,7,0,,,,0.40151668,0.0,0.0,0.0,0.0
12,24,7,0,,,,0.40880832,0.0,0.0,0.0,0.0
12,1,1,0,,,,0.7219667,0.0,0.0,0.0,0.0
12,2,1,0,,,,0.6832833,0.0,0.0,0.0,0.0
12,3,1,0,,,,0.6836333,0.0,0.0,0.0,0.0
12,4,1,0,,,,0.93523335,0.0,0.0,0.0,0.0
12,5,1,0,,,,1.2157333,0.0,0.0,0.0,0.0
12,6,1,0,,,,0.9618833,0.0,0.0,0.0,0.0
12,7,1,0,,,,1.0345,0.0,0.0,0.0,0.0
12,8,1,0,,,,0.9191833,0.0,0.0,0.0,0.0
12,9,1,0,,,,1.2906667,0.0,0.0,0.0,0.02
12,10,1,0,,,,1.4224,0.0,0.0,0.0,37.9
12,11,1,0,,,,1.0808333,0.0,0.0,0.0,100.67
12,12,1,0,,,,1.53895,0.0,0.0,0.0,53.11
12,13,1,0,,,,1.62045,0.0,0.0,0.0,77.51
12,14,1,0,,,,1.47595,0.0,0.0,0.0,533.48
12,15,1,0,,,,0.7381833,0.0,0.0,0.0,391.25
12,16,1,0,,,,0.6231167,0.0,0.0,0.0,11.87
12,17,1,0,,,,0.6710167,0.0,0.0,0.0,0.0
12,18,1,0,,,,0.5813,0.0,0.0,0.0,0.0
12,19,1,0,,,,0.08756675,0.0,0.0,0.0,0.0
12,20,1,0,,,,0.016700096,0.0,0.0,0.0,0.0
12,21,1,0,,,,0.30435005,0.0,0.0,0.0,0.0
12,22,1,0,,,,0.61878335,0.0,0.0,0.0,0.0
12,23,1,0,,,,1.2648,0.0,0.0,0.0,0.0
12,24,1,0,,,,0.6208,0.0,0.0,0.0,0.0
12,1,2,0,,,,1.1754667,0.0,0.0,0.0,0.0
12,2,2,0,,,,0.9679833,0.0,0.0,0.0,0.0
12,3,2,0,,,,1.53405,0.0,0.0,0.0,0.0
12,4,2,0,,,,1.0549,0.0,0.0,0.0,0.0
12,5,2,0,,,,0.9643833,0.0,0.0,0.0,0.0
12,6,2,0,,,,1.0164167,0.0,0.0,0.0,0.0
12,7,2,0,,,,1.1096041,0.0,0.0,0.0,0.0
12,8,2,0,,,,1.1757166,0.0,0.0,0.0,0.0
12,9,2,0,,,,1.4398416,0.0,0.0,0.0,41.53
12,10,2,0,,,,1.68615,0.0,0.0,0.0,351.52
12,11,2,0,,,,1.2922833,0.0,0.0,0.0,531.12
12,12,2,0,,,,1.1007667,0.0,0.0,0.0,613.7
12,13,2,0,,,,0.7022667,0.0,0.0,0.0,627.16
12,14,2,0,,,,0.74203336,0.0,0.0,0.0,571.46
12,15,2,0,,,,1.0060166,0.0,0.0,0.0,397.52
12,16,2,0,,,,0.82955,0.0,0.0,0.0,11.9
12,17,2,0,,,,0.74291664,0.0,0.0,0.0,0.0
12,18,2,0,,,,0.76495,0.0,0.0,0.0,0.0
12,19,2,0,,,,1.37765,0.0,0.0,0.0,0.0
12,20,2,0,,,,0.69773334,0.0,0.0,0.0,0.0
12,21,2,0,,,,1.7001166,0.0,0.0,0.0,0.0
12,22,2,0,,,,0.98111665,0.0,0.0,0.0,0.0
12,23,2,0,,,,2.1810334,0.0,0.0,0.0,0.0
12,24,2,0,,,,1.1376166,0.0,0.0,0.0,0.0
12,1,3,0,,,,1.4580667,0.0,0.0,0.0,0.0
12,2,3,0,,,,1.5450333,0.0,0.0,0.0,0.0
12,3,3,0,,,,1.25315,0.0,0.0,0.0,0.0
12,4,3,0,,,,1.23065,0.0,0.0,0.0,0.0
12,5,3,0,,,,1.0971,0.0,0.0,0.0,0.0
12,6,3,0,,,,1.1583834,0.0,0.0,0.0,0.0
12,7,3,0,,,,1.50985,0.0,0.0,0.0,0.0
12,8,3,0,,,,1.50505,0.0,0.0,0.0,0.0
12,9,3,0,,,,2.0023334,0.0,0.0,0.0,2.22
12,10,3,0,,,,1.7745167,0.0,0.0,0.0,231.05
12,11,3,0,,,,2.0628166,0.0,0.0,0.0,408.42
12,12,3,0,,,,2.1604667,0.0,0.0,0.0,480.08
12,13,3,0,,,,2.1206,0.0,0.0,0.0,585.65
12,14,3,0,,,,1.6983,0.0,0.0,0.0,598.62
12,15,3,0,,,,0.8854333,0.0,0.0,0.0,459.59
12,16,3,0,,,,0.76266664,0.0,0.0,0.0,11.97
12,17,3,0,,,,0.9306167,0.0,0.0,0.0,0.0
12,18,3,0,,,,1.1004333,0.0,0.0,0.0,0.0
12,19,3,0,,,,0.1680334,0.0,0.0,0.0,0.0
12,20,3,0,,,,0.28831673,0.0,0.0,0.0,0.0
12,21,3,0,,,,0.3580667,0.0,0.0,0.0,0.0
12,22,3,0,,,,0.5512667,0.0,0.0,0.0,0.0
12,23,3,0,,,,1.6079667,0.0,0.0,0.0,0.0
12,24,3,0,,,,1.5209583,0.0,0.0,0.0,0.0
12,1,4,0,,,,1.9971666,0.0,0.0,0.0,0.0
12,2,4,0,,,,1.9332167,0.0,0.0,0.0,0.0
12,3,4,0,,,,1.2572167,0.0,0.0,0.0,0.0
12,4,4,0,,,,1.5219333,0.0,0.0,0.0,0.0
12,5,4,0,,,,1.5078,0.0,0.0,0.0,0.0
12,6,4,0,,,,1.2721334,0.0,0.0,0.0,0.0
12,7,4,0,,,,1.5817667,0.0,0.0,0.0,0.0
12,8,4,0,,,,1.18175,0.0,0.0,0.0,0.0
12,9,4,0,,,,0.7992,0.0,0.0,0.0,24.96
12,10,4,0,,,,1.4054834,0.0,0.0,0.0,217.95
12,11,4,0,,,,1.7552333,0.0,0.0,0.0,163.5
12,12,4,0,,,,1.9644333,0.0,0.0,0.0,155.5
12,13,4,0,,,,1.8587834,0.0,0.0,0.0,73.94
12,14,4,0,,,,1.45575,0.0,0.0,0.0,496.38
12,15,4,0,,,,0.8692833,0.0,0.0,0.0,151.35
12,16,4,0,,,,0.81883335,0.0,0.0,0.0,10.56
12,17,4,0,,,,0.70198333,0.0,0.0,0.0,0.0
12,18,4,0,,,,0.6791833,0.0,0.0,0.0,0.0
12,19,4,0,,,,0.0036834318,0.0,0.0,0.0,0.0
12,20,4,0,,,,9.9999994e-08,0.0,0.0,0.0,0.0
12,21,4,0,,,,0.2746834,0.0,0.0,0.0,0.0
12,22,4,0,,,,0.2720334,0.0,0.0,0.0,0.0
12,23,4,0,,,,0.5608,0.0,0.0,0.0,0.0
12,24,4,0,,,,0.5074833,0.0,0.0,0.0,0.0
12,1,5,0,,,,0.47803333,0.0,0.0,0.0,0.0
12,2,5,0,,,,1.1787666,0.0,0.0,0.0,0.0
12,3,5,0,,,,1.2472833,0.0,0.0,0.0,0.0
12,4,5,0,,,,1.318,0.0,0.0,0.0,0.0
12,5,5,0,,,,1.0315833,0.0,0.0,0.0,0.0
12,6,5,0,,,,1.3991834,0.0,0.0,0.0,0.0
12,7,5,0,,,,1.7676166,0.0,0.0,0.0,0.0
12,8,5,0,,,,1.7508167,0.0,0.0,0.0,0.0
12,9,5,0,,,,1.2694666,0.0,0.0,0.0,0.0
12,10,5,0,,,,1.2269666,0.0,0.0,0.0,93.55
12,11,5,0,,,,1.0610334,0.0,0.0,0.0,435.37
12,12,5,0,,,,1.4882667,0.0,0.0,0.0,257.47
12,13,5,0,,,,1.1441166,0.0,0.0,0.0,637.97
12,14,5,0,,,,0.99225,0.0,0.0,0.0,481.42
12,15,5,0,,,,0.67455,0.0,0.0,0.0,388.75
12,16,5,0,,,,0.64635,0.0,0.0,0.0,10.57
12,17,5,0,,,,0.5932,0.0,0.0,0.0,0.0
12,18,5,0,,,,0.66583335,0.0,0.0,0.0,0.0
12,19,5,0,,,,0.013033425,0.0,0.0,0.0,0.0
12,20,5,0,,,,0.45168337,0.0,0.0,0.0,0.0
12,21,5,0,,,,0.70855,0.0,0.0,0.0,0.0
12,22,5,0,,,,1.1796833,0.0,0.0,0.0,0.0
12,23,5,0,,,,1.5578333,0.0,0.0,0.0,0.0
12,24,5,0,,,,1.407025,0.0,0.0,0.0,0.0
12,1,6,0,,,,0.87335,0.0,0.0,0.0,0.0
12,2,6,0,,,,1.1966166,0.0,0.0,0.0,0.0
12,3,6,0,,,,1.19165,0.0,0.0,0.0,0.0
12,4,6,0,,,,1.17755,0.0,0.0,0.0,0.0
12,5,6,0,,,,1.2080834,0.0,0.0,0.0,0.0
12,6,6,0,,,,1.1922834,0.0,0.0,0.0,0.0
12,7,6,0,,,,1.5191166,0.0,0.0,0.0,0.0
12,8,6,0,,,,0.93371665,0.0,0.0,0.0,0.0
12,9,6,0,,,,1.2669333,0.0,0.0,0.0,0.0
12,10,6,0,,,,1.2079834,0.0,0.0,0.0,15.99
12,11,6,0,,,,1.62275,0.0,0.0,0.0,43.04
12,12,6,0,,,,1.6323,0.0,0.0,0.0,40.41
12,13,6,0,,,,0.63843334,0.0,0.0,0.0,26.5
12,14,6,0,,,,0.6211,0.0,0.0,0.0,28.71
12,15,6,0,,,,1.0795166,0.0,0.0,0.0,8.35
12,16,6,0,,,,0.9227333,0.0,0.0,0.0,5.33
12,17,6,0,,,,0.40610003,0.0,0.0,0.0,0.0
12,18,6,0,,,,0.9765667,0.0,0.0,0.0,0.0
12,19,6,0,,,,1.3219666,0.0,0.0,0.0,0.0
12,20,6,0,,,,0.71938336,0.0,0.0,0.0,0.0
12,21,6,0,,,,1.2732667,0.0,0.0,0.0,0.0
12,22,6,0,,,,1.30855,0.0,0.0,0.0,0.0
12,23,6,0,,,,0.8922167,0.0,0.0,0.0,0.0
12,24,6,0,,,,0.5797667,0.0,0.0,0.0,0.0
12,1,7,0,,,,0.43351668,0.0,0.0,0.0,0.0
12,2,7,0,,,,0.43643335,0.0,0.0,0.0,0.0
12,3,7,0,,,,0.37796667,0.0,0.0,0.0,0.0
12,4,7,0,,,,0.4349,0.0,0.0,0.0,0.0
12,5,7,0,,,,0.37588334,0.0,0.0,0.0,0.0
12,6,7,0,,,,0.42515,0.0,0.0,0.0,0.0
12,7,7,0,,,,0.8519667,0.0,0.0,0.0,0.0
12,8,7,0,,,,0.55415,0.0,0.0,0.0,0.0
12,9,7,0,,,,0.39743334,0.0,0.0,0.0,0.0
12,10,7,0,,,,0.67076665,0.0,0.0,0.0,36.89
12,11,7,0,,,,0.89916664,0.0,0.0,0.0,68.85
12,12,7,0,,,,0.8904833,0.0,0.0,0.0,89.77
12,13,7,0,,,,0.6907833,0.0,0.0,0.0,164.65
12,14,7,0,,,,0.39595,0.0,0.0,0.0,170.97
12,15,7,0,,,,0.4432,0.0,0.0,0.0,107.58
12,16,7,0,,,,0.63841665,0.0,0.0,0.0,6.5
12,17,7,0,,,,0.72366667,0.0,0.0,0.0,0.0
12,18,7,0,,,,0.62303334,0.0,0.0,0.0,0.0
12,19,7,0,,,,1.5221833,0.0,0.0,0.0,0.0
12,20,7,0,,,,0.98915,0.0,0.0,0.0,0.0
12,21,7,0,,,,1.3696834,0.0,0.0,0.0,0.0
12,22,7,0,,,,0.6808,0.0,0.0,0.0,0.0
12,23,7,0,,,,0.92508334,0.0,0.0,0.0,0.0
12,24,7,0,,,,0.43628332,0.0,0.0,0.0,0.0
12,1,1,0,,,,0.38178334,0.0,0.0,0.0,0.0
12,2,1,0,,,,0.60541666,0.0,0.0,0.0,0.0
12,3,1,0,,,,0.81623334,0.0,0.0,0.0,0.0
12,4,1,0,,,,0.43458334,0.0,0.0,0.0,0.0
12,5,1,0,,,,0.82413334,0.0,0.0,0.0,0.0
12,6,1,0,,,,0.6544667,0.0,0.0,0.0,0.0
12,7,1,0,,,,0.38263333,0.0,0.0,0.0,0.0
12,8,1,0,,,,1.3538166,0.0,0.0,0.0,0.0
12,9,1,0,,,,1.2027667,0.0,0.0,0.0,0.0
12,10,1,0,,,,1.3497666,0.0,0.0,0.0,22.24
12,11,1,0,,,,1.1392666,0.0,0.0,0.0,51.59
12,12,1,0,,,,0.84831667,0.0,0.0,0.0,45.93
12,13,1,0,,,,0.6279333,0.0,0.0,0.0,30.34
12,14,1,0,,,,0.53683335,0.0,0.0,0.0,52.84
12,15,1,0,,,,0.5539333,0.0,0.0,0.0,10.3
12,16,1,0,,,,0.47998333,0.0,0.0,0.0,0.22
12,17,1,0,,,,0.75215,0.0,0.0,0.0,0.0
12,18,1,0,,,,0.9548,0.0,0.0,0.0,0.0
12,19,1,0,,,,0.8484667,0.0,0.0,0.0,0.0
12,20,1,0,,,,0.73698336,0.0,0.0,0.0,0.0
12,21,1,0,,,,1.7513,0.0,0.0,0.0,0.0
12,22,1,0,,,,0.54866666,0.0,0.0,0.0,0.0
12,23,1,0,,,,0.43836668,0.0,0.0,0.0,0.0
12,24,1,0,,,,0.41845834,0.0,0.0,0.0,0.0
12,1,2,0,,,,0.3997,0.0,0.0,0.0,0.0
12,2,2,0,,,,0.9281,0.0,0.0,0.0,0.0
12,3,2,0,,,,0.75603336,0.0,0.0,0.0,0.0
12,4,2,0,,,,1.0817667,0.0,0.0,0.0,0.0
12,5,2,0,,,,0.72636664,0.0,0.0,0.0,0.0
12,6,2,0,,,,0.9391,0.0,0.0,0.0,0.0
12,7,2,0,,,,0.9677,0.0,0.0,0.0,0.0
12,8,2,0,,,,0.84608334,0.0,0.0,0.0,0.0
12,9,2,0,,,,1.1385167,0.0,0.0,0.0,0.0
12,10,2,0,,,,1.1909,0.0,0.0,0.0,11.14
12,11,2,0,,,,0.9960667,0.0,0.0,0.0,28.49
12,12,2,0,,,,0.45676666,0.0,0.0,0.0,18.81
12,13,2,0,,,,0.47695,0.0,0.0,0.0,20.98
12,14,2,0,,,,0.44505,0.0,0.0,0.0,25.41
12,15,2,0,,,,0.72855,0.0,0.0,0.0,4.29
12,16,2,0,,,,0.7154667,0.0,0.0,0.0,0.0
12,17,2,0,,,,0.66576666,0.0,0.0,0.0,0.0
12,18,2,0,,,,0.5864,0.0,0.0,0.0,0.0
12,19,2,0,,,,0.6292833,0.0,0.0,0.0,0.0
12,20,2,0,,,,0.5871,0.0,0.0,0.0,0.0
12,21,2,0,,,,1.2211,0.0,0.0,0.0,0.0
12,22,2,0,,,,1.0333333,0.0,0.0,0.0,0.0
12,23,2,0,,,,0.4489,0.0,0.0,0.0,0.0
12,24,2,0,,,,0.44725832,0.0,0.0,0.0,0.0
12,1,3,0,,,,1.0108833,0.0,0.0,0.0,0.0
12,2,3,0,,,,0.7176333,0.0,0.0,0.0,0.0
12,3,3,0,,,,0.95035,0.0,0.0,0.0,0.0
12,4,3,0,,,,1.0984334,0.0,0.0,0.0,0.0
12,5,3,0,,,,0.9460667,0.0,0.0,0.0,0.0
12,6,3,0,,,,1.0525084,0.0,0.0,0.0,0.0
12,7,3,0,,,,1.0057083,0.0,0.0,0.0,0.0
12,8,3,0,,,,1.1029834,0.0,0.0,0.0,0.0
12,9,3,0,,,,1.0911833,0.0,0.0,0.0,0.0
12,10,3,0,,,,0.95465,0.0,0.0,0.0,35.12
12,11,3,0,,,,0.9408,0.0,0.0,0.0,37.73
12,12,3,0,,,,0.4671,0.0,0.0,0.0,54.4
12,13,3,0,,,,0.4651,0.0,0.0,0.0,23.83
12,14,3,0,,,,0.45578334,0.0,0.0,0.0,19.41
12,15,3,0,,,,0.47091666,0.0,0.0,0.0,21.57
12,16,3,0,,,,0.43161666,0.0,0.0,0.0,0.98
12,17,3,0,,,,0.71525,0.0,0.0,0.0,0.0
12,18,3,0,,,,0.6786,0.0,0.0,0.0,0.0
12,19,3,0,,,,0.7934333,0.0,0.0,0.0,0.0
12,20,3,0,,,,0.7348833,0.0,0.0,0.0,0.0
12,21,3,0,,,,0.64951664,0.0,0.0,0.0,0.0
12,22,3,0,,,,0.5984833,0.0,0.0,0.0,0.0
12,23,3,0,,,,0.50563335,0.0,0.0,0.0,0.0
12,24,3,0,,,,0.41338333,0.0,0.0,0.0,0.0
12,1,4,0,,,,0.67441666,0.0,0.0,0.0,0.0
12,2,4,0,,,,0.91443336,0.0,0.0,0.0,0.0
12,3,4,0,,,,0.7743,0.0,0.0,0.0,0.0
12,4,4,0,,,,0.67415,0.0,0.0,0.0,0.0
12,5,4,0,,,,0.40483335,0.0,0.0,0.0,0.0
12,6,4,0,,,,1.0476667,0.0,0.0,0.0,0.0
12,7,4,0,,,,0.8365833,0.0,0.0,0.0,0.0
12,8,4,0,,,,0.85235,0.0,0.0,0.0,0.0
12,9,4,0,,,,0.85831666,0.0,0.0,0.0,0.0
12,10,4,0,,,,0.9684167,0.0,0.0,0.0,146.87
12,11,4,0,,,,0.9493667,0.0,0.0,0.0,487.41
12,12,4,0,,,,0.7030333,0.0,0.0,0.0,590.6
12,13,4,0,,,,0.45545,0.0,0.0,0.0,597.53
12,14,4,0,,,,0.46811667,0.0,0.0,0.0,554.18
12,15,4,0,,,,0.44713333,0.0,0.0,0.0,253.26
12,16,4,0,,,,0.4569,0.0,0.0,0.0,8.69
12,17,4,0,,,,1.6604333,0.0,0.0,0.0,0.0
12,18,4,0,,,,1.545,0.0,0.0,0.0,0.0
12,19,4,0,,,,1.2203667,0.0,0.0,0.0,0.0
12,20,4,0,,,,1.60035,0.0,0.0,0.0,0.0
12,21,4,0,,,,1.4411334,0.0,0.0,0.0,0.0
12,22,4,0,,,,0.9909833,0.0,0.0,0.0,0.0
12,23,4,0,,,,0.81983334,0.0,0.0,0.0,0.0
12,24,4,0,,,,0.932125,0.0,0.0,0.0,0.0
12,1,5,0,,,,1.2715334,0.0,0.0,0.0,0.0
12,2,5,0,,,,1.63805,0.0,0.0,0.0,0.0
12,3,5,0,,,,1.1159333,0.0,0.0,0.0,0.0
12,4,5,0,,,,1.0885333,0.0,0.0,0.0,0.0
12,5,5,0,,,,1.0849167,0.0,0.0,0.0,0.0
12,6,5,0,,,,1.4211667,0.0,0.0,0.0,0.0
12,7,5,0,,,,1.13675,0.0,0.0,0.0,0.0
12,8,5,0,,,,1.0738667,0.0,0.0,0.0,0.0
12,9,5,0,,,,1.1066,0.0,0.0,0.0,0.0
12,10,5,0,,,,0.6339833,0.0,0.0,0.0,5.85
12,11,5,0,,,,0.6271833,0.0,0.0,0.0,348.83
12,12,5,0,,,,0.6465833,0.0,0.0,0.0,515.66
12,13,5,0,,,,0.6163333,0.0,0.0,0.0,576.92
12,14,5,0,,,,0.6742667,0.0,0.0,0.0,545.45
12,15,5,0,,,,0.6087833,0.0,0.0,0.0,377.29
12,16,5,0,,,,0.67938334,0.0,0.0,0.0,7.41
12,17,5,0,,,,1.2394834,0.0,0.0,0.0,0.0
12,18,5,0,,,,2.4490833,0.0,0.0,0.0,0.0
12,19,5,0,,,,2.0881,0.0,0.0,0.0,0.0
12,20,5,0,,,,1.9679,0.0,0.0,0.0,0.0
12,21,5,0,,,,1.6294167,0.0,0.0,0.0,0.0
12,22,5,0,,,,1.8665,0.0,0.0,0.0,0.0
12,23,5,0,,,,1.9372333,0.0,0.0,0.0,0.0
12,24,5,0,,,,1.785325,0.0,0.0,0.0,0.0
12,1,6,0,,,,1.80885,0.0,0.0,0.0,0.0
12,2,6,0,,,,1.58445,0.0,0.0,0.0,0.0
12,3,6,0,,,,1.6848834,0.0,0.0,0.0,0.0
12,4,6,0,,,,1.9395,0.0,0.0,0.0,0.0
12,5,6,0,,,,1.8877,0.0,0.0,0.0,0.0
12,6,6,0,,,,1.7475333,0.0,0.0,0.0,0.0
12,7,6,0,,,,1.9438833,0.0,0.0,0.0,0.0
12,8,6,0,,,,1.3189334,0.0,0.0,0.0,0.0
12,9,6,0,,,,1.0254333,0.0,0.0,0.0,0.0
12,10,6,0,,,,0.9572833,0.0,0.0,0.0,289.83
12,11,6,0,,,,0.55585,0.0,0.0,0.0,473.75
12,12,6,0,,,,0.6745333,0.0,0.0,0.0,550.88
12,13,6,0,,,,0.8211667,0.0,0.0,0.0,484.41
12,14,6,0,,,,1.0255333,0.0,0.0,0.0,481.74
12,15,6,0,,,,0.80705,0.0,0.0,0.0,274.68
12,16,6,0,,,,0.88276666,0.0,0.0,0.0,6.84
12,17,6,0,,,,1.1749834,0.0,0.0,0.0,0.0
12,18,6,0,,,,2.0735,0.0,0.0,0.0,0.0
12,19,6,0,,,,1.76505,0.0,0.0,0.0,0.0
12,20,6,0,,,,1.287,0.0,0.0,0.0,0.0
12,21,6,0,,,,1.6549333,0.0,0.0,0.0,0.0
12,22,6,0,,,,1.2901,0.0,0.0,0.0,0.0
12,23,6,0,,,,1.29395,0.0,0.0,0.0,0.0
12,24,6,0,,,,1.76685,0.0,0.0,0.0,0.0
12,1,7,0,,,,1.0942333,0.0,0.0,0.0,0.0
12,2,7,0,,,,0.9784833,0.0,0.0,0.0,0.0
12,3,7,0,,,,1.4682333,0.0,0.0,0.0,0.0
12,4,7,0,,,,1.1891,0.0,0.0,0.0,0.0
12,5,7,0,,,,1.2788167,0.0,0.0,0.0,0.0
12,6,7,0,,,,1.4205,0.0,0.0,0.0,0.0
12,7,7,0,,,,1.2289833,0.0,0.0,0.0,0.0
12,8,7,0,,,,1.1123834,0.0,0.0,0.0,0.0
12,9,7,0,,,,1.2270334,0.0,0.0,0.0,0.0
12,10,7,0,,,,1.5084667,0.0,0.0,0.0,210.17
12,11,7,0,,,,2.1060333,0.0,0.0,0.0,462.44
12,12,7,0,,,,1.8841333,0.0,0.0,0.0,356.03
12,13,7,0,,,,1.8908167,0.0,0.0,0.0,442.92
12,14,7,0,,,,1.3072667,0.0,0.0,0.0,516.67
12,15,7,0,,,,1.9650333,0.0,0.0,0.0,298.96
12,16,7,0,,,,1.4826833,0.0,0.0,0.0,9.62
12,17,7,0,,,,1.0789833,0.0,0.0,0.0,0.0
12,18,7,0,,,,1.6736833,0.0,0.0,0.0,0.0
12,19,7,0,,,,1.4507834,0.0,0.0,0.0,0.0
12,20,7,0,,,,1.9672834,0.0,0.0,0.0,0.0
12,21,7,0,,,,0.98223335,0.0,0.0,0.0,0.0
12,22,7,0,,,,2.7138333,0.0,0.0,0.0,0.0
12,23,7,0,,,,2.0650666,0.0,0.0,0.0,0.0
12,24,7,0,,,,1.9416833,0.0,0.0,0.0,0.0
12,1,1,0,,,,2.1454334,0.0,0.0,0.0,0.0
12,2,1,0,,,,1.8002167,0.0,0.0,0.0,0.0
12,3,1,0,,,,1.8371667,0.0,0.0,0.0,0.0
12,4,1,0,,,,1.9848666,0.0,0.0,0.0,0.0
12,5,1,0,,,,2.956,0.0,0.0,0.0,0.0
12,6,1,0,,,,1.7619667,0.0,0.0,0.0,0.0
12,7,1,0,,,,1.8997834,0.0,0.0,0.0,0.0
12,8,1,0,,,,1.9123,0.0,0.0,0.0,0.0
12,9,1,0,,,,1.5061166,0.0,0.0,0.0,0.0
12,10,1,0,,,,1.5495167,0.0,0.0,0.0,148.53
12,11,1,0,,,,1.6827667,0.0,0.0,0.0,521.39
12,12,1,0,,,,1.0654833,0.0,0.0,0.0,587.01
12,13,1,0,,,,0.9640167,0.0,0.0,0.0,579.65
12,14,1,0,,,,1.0109167,0.0,0.0,0.0,532.63
12,15,1,0,,,,1.0267,0.0,0.0,0.0,380.77
12,16,1,0,,,,1.7174833,0.0,0.0,0.0,8.07
12,17,1,0,,,,0.90525,0.0,0.0,0.0,0.0
12,18,1,0,,,,1.5436333,0.0,0.0,0.0,0.0
12,19,1,0,,,,2.6764417,0.0,0.0,0.0,0.0
12,20,1,0,,,,1.17745,0.0,0.0,0.0,0.0
12,21,1,0,,,,0.88465,0.0,0.0,0.0,0.0
12,22,1,0,,,,2.28045,0.0,0.0,0.0,0.0
12,23,1,0,,,,1.7885333,0.0,0.0,0.0,0.0
12,24,1,0,,,,1.814525,0.0,0.0,0.0,0.0
12,1,2,0,,,,1.7215333,0.0,0.0,0.0,0.0
12,2,2,0,,,,1.5441834,0.0,0.0,0.0,0.0
12,3,2,0,,,,1.6498,0.0,0.0,0.0,0.0
12,4,2,0,,,,1.222625,0.0,0.0,0.0,0.0
12,5,2,0,,,,1.3305416,0.0,0.0,0.0,0.0
12,6,2,0,,,,1.3290167,0.0,0.0,0.0,0.0
12,7,2,0,,,,0.51711667,0.0,0.0,0.0,0.0
12,8,2,0,,,,0.47868332,0.0,0.0,0.0,0.0
12,9,2,0,,,,1.6929667,0.0,0.0,0.0,0.0
12,10,2,0,,,,1.2723666,0.0,0.0,0.0,155.12
12,11,2,0,,,,1.0364,0.0,0.0,0.0,396.59
12,12,2,0,,,,1.4669334,0.0,0.0,0.0,526.48
12,13,2,0,,,,0.5980833,0.0,0.0,0.0,435.46
12,14,2,0,,,,0.5071667,0.0,0.0,0.0,512.66
12,15,2,0,,,,0.9906167,0.0,0.0,0.0,342.57
12,16,2,0,,,,0.8979167,0.0,0.0,0.0,6.49
12,17,2,0,,,,1.1856667,0.0,0.0,0.0,0.0
12,18,2,0,,,,0.88091666,0.0,0.0,0.0,0.0
12,19,2,0,,,,0.68113333,0.0,0.0,0.0,0.0
12,20,2,0,,,,1.0662,0.0,0.0,0.0,0.0
12,21,2,0,,,,0.6641833,0.0,0.0,0.0,0.0
12,22,2,0,,,,1.3649833,0.0,0.0,0.0,0.0
12,23,2,0,,,,0.53568333,0.0,0.0,0.0,0.0
12,24,2,0,,,,0.5138583,0.0,0.0,0.0,0.0
12,1,3,0,,,,0.4417,0.0,0.0,0.0,0.0
12,2,3,0,,,,0.9975333,0.0,0.0,0.0,0.0
12,3,3,0,,,,0.94556665,0.0,0.0,0.0,0.0
12,4,3,0,,,,0.72315,0.0,0.0,0.0,0.0
12,5,3,0,,,,1.1307167,0.0,0.0,0.0,0.0
12,6,3,0,,,,0.4342,0.0,0.0,0.0,0.0
12,7,3,0,,,,1.0708,0.0,0.0,0.0,0.0
12,8,3,0,,,,1.27945,0.0,0.0,0.0,0.0
12,9,3,0,,,,1.1068333,0.0,0.0,0.0,0.0
12,10,3,0,,,,1.1041833,0.0,0.0,0.0,22.04
12,11,3,0,,,,1.3542167,0.0,0.0,0.0,36.54
12,12,3,0,,,,0.64211667,0.0,0.0,0.0,51.92
12,13,3,0,,,,0.89393336,0.0,0.0,0.0,48.72
12,14,3,0,,,,0.86663336,0.0,0.0,0.0,20.18
12,15,3,0,,,,0.9679667,0.0,0.0,0.0,99.91
12,16,3,0,,,,1.3138167,0.0,0.0,0.0,9.76
12,17,3,0,,,,1.2358834,0.0,0.0,0.0,0.0
12,18,3,0,,,,1.2707833,0.0,0.0,0.0,0.0
12,19,3,0,,,,1.2733667,0.0,0.0,0.0,0.0
12,20,3,0,,,,0.99871665,0.0,0.0,0.0,0.0
12,21,3,0,,,,1.6508666,0.0,0.0,0.0,0.0
12,22,3,0,,,,1.37135,0.0,0.0,0.0,0.0
12,23,3,0,,,,1.29415,0.0,0.0,0.0,0.0
12,24,3,0,,,,0.98291665,0.0,0.0,0.0,0.0
12,1,4,0,,,,1.9449333,0.0,0.0,0.0,0.0
12,2,4,0,,,,1.6767334,0.0,0.0,0.0,0.0
12,3,4,0,,,,1.6323833,0.0,0.0,0.0,0.0
12,4,4,0,,,,1.1907,0.0,0.0,0.0,0.0
12,5,4,0,,,,1.2550666,0.0,0.0,0.0,0.0
12,6,4,0,,,,1.5096333,0.0,0.0,0.0,0.0
12,7,4,0,,,,1.18365,0.0,0.0,0.0,0.0
12,8,4,0,,,,1.7404667,0.0,0.0,0.0,0.0
12,9,4,0,,,,2.0236666,0.0,0.0,0.0,0.0
12,10,4,0,,,,2.0078332,0.0,0.0,0.0,7.6
12,11,4,0,,,,1.784,0.0,0.0,0.0,99.98
12,12,4,0,,,,1.7694666,0.0,0.0,0.0,57.01
12,13,4,0,,,,1.6189,0.0,0.0,0.0,25.09
12,14,4,0,,,,1.0929333,0.0,0.0,0.0,15.22
12,15,4,0,,,,1.2325,0.0,0.0,0.0,3.0
12,16,4,0,,,,1.4599667,0.0,0.0,0.0,5.67
12,17,4,0,,,,0.7047333,0.0,0.0,0.0,0.0
12,18,4,0,,,,0.7270667,0.0,0.0,0.0,0.0
12,19,4,0,,,,1.0978167,0.0,0.0,0.0,0.0
12,20,4,0,,,,1.0407,0.0,0.0,0.0,0.0
12,21,4,0,,,,0.94261664,0.0,0.0,0.0,0.0
12,22,4,0,,,,0.96133333,0.0,0.0,0.0,0.0
12,23,4,0,,,,1.4575666,0.0,0.0,0.0,0.0
12,24,4,0,,,,0.56865,0.0,0.0,0.0,0.0
12,1,5,0,,,,0.76035,0.0,0.0,0.0,0.0
12,2,5,0,,,,1.4298834,0.0,0.0,0.0,0.0
12,3,5,0,,,,1.4699,0.0,0.0,0.0,0.0
12,4,5,0,,,,1.0079833,0.0,0.0,0.0,0.0
12,5,5,0,,,,1.0770833,0.0,0.0,0.0,0.0
12,6,5,0,,,,0.7249,0.0,0.0,0.0,0.0
12,7,5,0,,,,1.0950167,0.0,0.0,0.0,0.0
12,8,5,0,,,,1.0095667,0.0,0.0,0.0,0.0
12,9,5,0,,,,0.8262333,0.0,0.0,0.0,0.0
12,10,5,0,,,,1.3863,0.0,0.0,0.0,5.79
12,11,5,0,,,,1.9696833,0.0,0.0,0.0,20.09
12,12,5,0,,,,1.1049,0.0,0.0,0.0,12.5
12,13,5,0,,,,1.1037333,0.0,0.0,0.0,12.45
12,14,5,0,,,,1.1892333,0.0,0.0,0.0,7.41
12,15,5,0,,,,1.3293667,0.0,0.0,0.0,176.25
12,16,5,0,,,,2.4974666,0.0,0.0,0.0,11.36
12,17,5,0,,,,1.6418667,0.0,0.0,0.0,0.0
12,18,5,0,,,,1.4444,0.0,0.0,0.0,0.0
12,19,5,0,,,,1.5653,0.0,0.0,0.0,0.0
12,20,5,0,,,,1.28245,0.0,0.0,0.0,0.0
12,21,5,0,,,,1.7195834,0.0,0.0,0.0,0.0
12,22,5,0,,,,1.3110666,0.0,0.0,0.0,0.0
12,23,5,0,,,,1.4527,0.0,0.0,0.0,0.0
12,24,5,0,,,,0.47025,0.0,0.0,0.0,0.0
12,1,6,0,,,,0.476,0.0,0.0,0.0,0.0
12,2,6,0,,,,0.45261666,0.0,0.0,0.0,0.0
12,3,6,0,,,,0.7517833,0.0,0.0,0.0,0.0
12,4,6,0,,,,1.6054833,0.0,0.0,0.0,0.0
12,5,6,0,,,,1.2652333,0.0,0.0,0.0,0.0
12,6,6,0,,,,1.8585666,0.0,0.0,0.0,0.0
12,7,6,0,,,,1.2390667,0.0,0.0,0.0,0.0
12,8,6,0,,,,1.1397834,0.0,0.0,0.0,0.0
12,9,6,0,,,,1.79885,0.0,0.0,0.0,0.0
12,10,6,0,,,,1.5794333,0.0,0.0,0.0,73.79
12,11,6,0,,,,1.6069,0.0,0.0,0.0,53.49
12,12,6,0,,,,1.7869084,0.0,0.0,0.0,27.62
12,13,6,0,,,,1.2306334,0.0,0.0,0.0,38.84
12,14,6,0,,,,1.3272166,0.0,0.0,0.0,16.07
12,15,6,0,,,,1.2437167,0.0,0.0,0.0,34.59
12,16,6,0,,,,1.39415,0.0,0.0,0.0,11.61
12,17,6,0,,,,1.23625,0.0,0.0,0.0,0.0
12,18,6,0,,,,1.5761666,0.0,0.0,0.0,0.0
12,19,6,0,,,,1.65035,0.0,0.0,0.0,0.0
12,20,6,0,,,,1.5407333,0.0,0.0,0.0,0.0
12,21,6,0,,,,1.5696833,0.0,0.0,0.0,0.0
12,22,6,0,,,,1.7212334,0.0,0.0,0.0,0.0
12,23,6,0,,,,1.9554167,0.0,0.0,0.0,0.0
12,24,6,0,,,,1.7814417,0.0,0.0,0.0,0.0
12,1,7,0,,,,2.99875,0.0,0.0,0.0,0.0
12,2,7,0,,,,1.8830167,0.0,0.0,0.0,0.0
12,3,7,0,,,,2.0106666,0.0,0.0,0.0,0.0
12,4,7,0,,,,1.8365333,0.0,0.0,0.0,0.0
12,5,7,0,,,,2.0897334,0.0,0.0,0.0,0.0
12,6,7,0,,,,1.8999833,0.0,0.0,0.0,0.0
12,7,7,0,,,,1.9992334,0.0,0.0,0.0,0.0
12,8,7,0,,,,1.59245,0.0,0.0,0.0,0.0
12,9,7,0,,,,1.4154333,0.0,0.0,0.0,0.0
12,10,7,0,,,,1.8276167,0.0,0.0,0.0,6.49
12,11,7,0,,,,1.42165,0.0,0.0,0.0,14.9
12,12,7,0,,,,1.9885666,0.0,0.0,0.0,32.33
12,13,7,0,,,,1.5064167,0.0,0.0,0.0,16.94
12,14,7,0,,,,1.5079,0.0,0.0,0.0,7.06
12,15,7,0,,,,1.73445,0.0,0.0,0.0,5.87
12,16,7,0,,,,1.6295,0.0,0.0,0.0,0.0
12,17,7,0,,,,1.4464,0.0,0.0,0.0,0.0
12,18,7,0,,,,1.4886167,0.0,0.0,0.0,0.0
12,19,7,0,,,,1.5637,0.0,0.0,0.0,0.0
12,20,7,0,,,,2.3565834,0.0,0.0,0.0,0.0
12,21,7,0,,,,2.1651165,0.0,0.0,0.0,0.0
12,22,7,0,,,,0.6504167,0.0,0.0,0.0,0.0
12,23,7,0,,,,1.07715,0.0,0.0,0.0,0.0
12,24,7,0,,,,0.8284,0.0,0.0,0.0,0.0
12,1,1,0,,,,1.89935,0.0,0.0,0.0,0.0
12,2,1,0,,,,1.2811834,0.0,0.0,0.0,0.0
12,3,1,0,,,,1.6720166,0.0,0.0,0.0,0.0
12,4,1,0,,,,1.5349333,0.0,0.0,0.0,0.0
12,5,1,0,,,,1.4733167,0.0,0.0,0.0,0.0
12,6,1,0,,,,2.0926666,0.0,0.0,0.0,0.0
12,7,1,0,,,,1.7466834,0.0,0.0,0.0,0.0
12,8,1,0,,,,1.8243166,0.0,0.0,0.0,0.0
12,9,1,0,,,,1.9256166,0.0,0.0,0.0,0.0
12,10,1,0,,,,2.28125,0.0,0.0,0.0,4.74
12,11,1,0,,,,1.8853333,0.0,0.0,0.0,10.87
12,12,1,0,,,,1.5847,0.0,0.0,0.0,16.26
12,13,1,0,,,,1.26165,0.0,0.0,0.0,12.17
12,14,1,0,,,,1.4020166,0.0,0.0,0.0,14.18
12,15,1,0,,,,1.4434667,0.0,0.0,0.0,6.47
12,16,1,0,,,,1.2876667,0.0,0.0,0.0,0.0
12,17,1,0,,,,1.5100167,0.0,0.0,0.0,0.0
12,18,1,0,,,,1.52475,0.0,0.0,0.0,0.0
12,19,1,0,,,,1.39015,0.0,0.0,0.0,0.0
12,20,1,0,,,,1.6016333,0.0,0.0,0.0,0.0
12,21,1,0,,,,1.6719333,0.0,0.0,0.0,0.0
12,22,1,0,,,,1.9391,0.0,0.0,0.0,0.0
12,23,1,0,,,,1.05025,0.0,0.0,0.0,0.0
12,24,1,0,,,,1.299925,0.0,0.0,0.0,0.0
12,1,2,0,,,,2.6482,0.0,0.0,0.0,0.0
12,2,2,0,,,,1.4472834,0.0,0.0,0.0,0.0
12,3,2,0,,,,1.42445,0.0,0.0,0.0,0.0
12,4,2,0,,,,1.37805,0.0,0.0,0.0,0.0
12,5,2,0,,,,1.3611333,0.0,0.0,0.0,0.0
12,6,2,0,,,,1.85305,0.0,0.0,0.0,0.0
12,7,2,0,,,,1.5018166,0.0,0.0,0.0,0.0
12,8,2,0,,,,1.7447,0.0,0.0,0.0,0.0
12,9,2,0,,,,1.7371416,0.0,0.0,0.0,0.0
12,10,2,0,,,,1.4662334,0.0,0.0,0.0,26.52
12,11,2,0,,,,1.7454166,0.0,0.0,0.0,29.85
12,12,2,0,,,,1.5992833,0.0,0.0,0.0,48.64
12,13,2,0,,,,1.4612,0.0,0.0,0.0,31.36
12,14,2,0,,,,0.96036667,0.0,0.0,0.0,38.36
12,15,2,0,,,,1.0590167,0.0,0.0,0.0,134.36
12,16,2,0,,,,1.3739834,0.0,0.0,0.0,12.62
12,17,2,0,,,,1.0363,0.0,0.0,0.0,0.0
12,18,2,0,,,,1.3089334,0.0,0.0,0.0,0.0
12,19,2,0,,,,1.47165,0.0,0.0,0.0,0.0
12,20,2,0,,,,1.2391334,0.0,0.0,0.0,0.0
12,21,2,0,,,,1.0293,0.0,0.0,0.0,0.0
12,22,2,0,,,,0.43241668,0.0,0.0,0.0,0.0
12,23,2,0,,,,0.6408833,0.0,0.0,0.0,0.0
12,24,2,0,,,,0.85375834,0.0,0.0,0.0,0.0
12,1,3,0,,,,0.6618,0.0,0.0,0.0,0.0
12,2,3,0,,,,0.86658335,0.0,0.0,0.0,0.0
12,3,3,0,,,,1.2432333,0.0,0.0,0.0,0.0
12,4,3,0,,,,1.36125,0.0,0.0,0.0,0.0
12,5,3,0,,,,1.3307,0.0,0.0,0.0,0.0
12,6,3,0,,,,1.8035166,0.0,0.0,0.0,0.0
12,7,3,0,,,,1.2658666,0.0,0.0,0.0,0.0
12,8,3,0,,,,1.5052,0.0,0.0,0.0,0.0
12,9,3,0,,,,1.0652666,0.0,0.0,0.0,0.0
12,10,3,0,,,,0.8454,0.0,0.0,0.0,15.22
12,11,3,0,,,,0.67216665,0.0,0.0,0.0,29.13
12,12,3,0,,,,0.8595167,0.0,0.0,0.0,23.79
12,13,3,0,,,,0.96145,0.0,0.0,0.0,19.36
12,14,3,0,,,,0.571,0.0,0.0,0.0,24.45
12,15,3,0,,,,0.61625,0.0,0.0,0.0,20.06
12,16,3,0,,,,0.60438335,0.0,0.0,0.0,6.58
12,17,3,0,,,,0.8656,0.0,0.0,0.0,0.0
12,18,3,0,,,,0.6167333,0.0,0.0,0.0,0.0
12,19,3,0,,,,0.6149833,0.0,0.0,0.0,0.0
12,20,3,0,,,,0.8796167,0.0,0.0,0.0,0.0
12,21,3,0,,,,0.9405,0.0,0.0,0.0,0.0
12,22,3,0,,,,1.1278334,0.0,0.0,0.0,0.0
12,23,3,0,,,,1.0862334,0.0,0.0,0.0,0.0
12,24,3,0,,,,0.7718667,0.0,0.0,0.0,0.0
12,1,4,0,,,,0.6278,0.0,0.0,0.0,0.0
12,2,4,0,,,,0.6699167,0.0,0.0,0.0,0.0
12,3,4,0,,,,0.40415,0.0,0.0,0.0,0.0
12,4,4,0,,,,0.64568335,0.0,0.0,0.0,0.0
12,5,4,0,,,,0.66828334,0.0,0.0,0.0,0.0
12,6,4,0,,,,0.64806664,0.0,0.0,0.0,0.0
12,7,4,0,,,,0.41861665,0.0,0.0,0.0,0.0
12,8,4,0,,,,1.1911666,0.0,0.0,0.0,0.0
12,9,4,0,,,,1.0802166,0.0,0.0,0.0,0.0
12,10,4,0,,,,1.0755167,0.0,0.0,0.0,87.02
12,11,4,0,,,,0.9604333,0.0,0.0,0.0,91.35
12,12,4,0,,,,0.5365,0.0,0.0,0.0,51.64
12,13,4,0,,,,0.53746665,0.0,0.0,0.0,30.91
12,14,4,0,,,,0.54043335,0.0,0.0,0.0,27.03
12,15,4,0,,,,0.51731664,0.0,0.0,0.0,13.88
12,16,4,0,,,,0.57233334,0.0,0.0,0.0,4.3
12,17,4,0,,,,0.53241664,0.0,0.0,0.0,0.0
12,18,4,0,,,,0.9931333,0.0,0.0,0.0,0.0
12,19,4,0,,,,1.7322167,0.0,0.0,0.0,0.0
12,20,4,0,,,,1.1066166,0.0,0.0,0.0,0.0
12,21,4,0,,,,0.8365,0.0,0.0,0.0,0.0
12,22,4,0,,,,0.69266665,0.0,0.0,0.0,0.0
12,23,4,0,,,,0.4496,0.0,0.0,0.0,0.0
12,24,4,0,,,,0.451225,0.0,0.0,0.0,0.0
12,1,5,0,,,,0.9127333,0.0,0.0,0.0,0.0
12,2,5,0,,,,0.52211666,0.0,0.0,0.0,0.0
12,3,5,0,,,,0.43606666,0.0,0.0,0.0,0.0
12,4,5,0,,,,0.63553333,0.0,0.0,0.0,0.0
12,5,5,0,,,,0.45166665,0.0,0.0,0.0,0.0
12,6,5,0,,,,0.8746667,0.0,0.0,0.0,0.0
12,7,5,0,,,,1.2671,0.0,0.0,0.0,0.0
12,8,5,0,,,,1.1636333,0.0,0.0,0.0,0.0
12,9,5,0,,,,1.3870667,0.0,0.0,0.0,0.0
12,10,5,0,,,,1.3681166,0.0,0.0,0.0,17.66
12,11,5,0,,,,1.3072667,0.0,0.0,0.0,30.43
12,12,5,0,,,,0.80295,0.0,0.0,0.0,131.62
12,13,5,0,,,,0.90468335,0.0,0.0,0.0,20.44
12,14,5,0,,,,0.59325,0.0,0.0,0.0,9.89
12,15,5,0,,,,0.5348333,0.0,0.0,0.0,4.33
12,16,5,0,,,,1.3204,0.0,0.0,0.0,0.03
12,17,5,0,,,,1.0747167,0.0,0.0,0.0,0.0
12,18,5,0,,,,1.3605334,0.0,0.0,0.0,0.0
12,19,5,0,,,,1.36395,0.0,0.0,0.0,0.0
12,20,5,0,,,,1.3306,0.0,0.0,0.0,0.0
12,21,5,0,,,,0.9120167,0.0,0.0,0.0,0.0
12,22,5,0,,,,1.2938167,0.0,0.0,0.0,0.0
12,23,5,0,,,,0.9277833,0.0,0.0,0.0,0.0
12,24,5,0,,,,1.2953084,0.0,0.0,0.0,0.0
12,1,6,0,,,,0.97651666,0.0,0.0,0.0,0.0
12,2,6,0,,,,0.64888334,0.0,0.0,0.0,0.0
12,3,6,0,,,,0.75271666,0.0,0.0,0.0,0.0
12,4,6,0,,,,0.90148336,0.0,0.0,0.0,0.0
12,5,6,0,,,,0.5445,0.0,0.0,0.0,0.0
12,6,6,0,,,,1.08565,0.0,0.0,0.0,0.0
12,7,6,0,,,,1.25405,0.0,0.0,0.0,0.0
12,8,6,0,,,,0.7040833,0.0,0.0,0.0,0.0
12,9,6,0,,,,1.2279333,0.0,0.0,0.0,0.0
12,10,6,0,,,,1.3960834,0.0,0.0,0.0,318.81
12,11,6,0,,,,1.57075,0.0,0.0,0.0,440.61
12,12,6,0,,,,1.3861333,0.0,0.0,0.0,547.75
12,13,6,0,,,,1.4277667,0.0,0.0,0.0,30.19
12,14,6,0,,,,1.1786333,0.0,0.0,0.0,24.95
12,15,6,0,,,,1.1581334,0.0,0.0,0.0,25.72
12,16,6,0,,,,1.1969666,0.0,0.0,0.0,8.37
12,17,6,0,,,,1.1716666,0.0,0.0,0.0,0.0
12,18,6,0,,,,1.2128,0.0,0.0,0.0,0.0
12,19,6,0,,,,1.1641166,0.0,0.0,0.0,0.0
12,20,6,0,,,,1.3178166,0.0,0.0,0.0,0.0
12,21,6,0,,,,1.4954166,0.0,0.0,0.0,0.0
12,22,6,0,,,,1.2181833,0.0,0.0,0.0,0.0
12,23,6,0,,,,1.68115,0.0,0.0,0.0,0.0
12,24,6,0,,,,1.27775,0.0,0.0,0.0,0.0
1,1,7,0,,,,1.7211666,0.0,0.0,0.0,0.0
1,2,7,0,,,,1.7481,0.0,0.0,0.0,0.0
1,3,7,0,,,,1.8426334,0.0,0.0,0.0,0.0
1,4,7,0,,,,1.70365,0.0,0.0,0.0,0.0
1,5,7,0,,,,1.62105,0.0,0.0,0.0,0.0
1,6,7,0,,,,1.3903834,0.0,0.0,0.0,0.0
1,7,7,0,,,,1.5154667,0.0,0.0,0.0,0.0
1,8,7,0,,,,1.5555834,0.0,0.0,0.0,0.0
1,9,7,0,,,,1.1637,0.0,0.0,0.0,0.0
1,10,7,0,,,,1.6046166,0.0,0.0,0.0,1.25
1,11,7,0,,,,1.4942833,0.0,0.0,0.0,33.36
1,12,7,0,,,,1.6699667,0.0,0.0,0.0,43.51
1,13,7,0,,,,1.6072,0.0,0.0,0.0,9.84
1,14,7,0,,,,1.6117834,0.0,0.0,0.0,117.26
1,15,7,0,,,,0.97146666,0.0,0.0,0.0,21.69
1,16,7,0,,,,1.0952834,0.0,0.0,0.0,0.78
1,17,7,0,,,,1.108,0.0,0.0,0.0,0.0
1,18,7,0,,,,2.2822,0.0,0.0,0.0,0.0
1,19,7,0,,,,2.0254,0.0,0.0,0.0,0.0
1,20,7,0,,,,1.8712333,0.0,0.0,0.0,0.0
1,21,7,0,,,,1.7754667,0.0,0.0,0.0,0.0
1,22,7,0,,,,1.5462667,0.0,0.0,0.0,0.0
1,23,7,0,,,,1.2201166,0.0,0.0,0.0,0.0
1,24,7,0,,,,0.39664167,0.0,0.0,0.0,0.0
1,1,1,0,,,,0.6462167,0.0,0.0,0.0,0.0
1,2,1,0,,,,0.8614333,0.0,0.0,0.0,0.0
1,3,1,0,,,,1.3895833,0.0,0.0,0.0,0.0
1,4,1,0,,,,1.3269334,0.0,0.0,0.0,0.0
1,5,1,0,,,,1.7654166,0.0,0.0,0.0,0.0
1,6,1,0,,,,1.1104833,0.0,0.0,0.0,0.0
1,7,1,0,,,,1.1111166,0.0,0.0,0.0,0.0
1,8,1,0,,,,1.3883834,0.0,0.0,0.0,0.0
1,9,1,0,,,,1.5976334,0.0,0.0,0.0,0.0
1,10,1,0,,,,2.182,0.0,0.0,0.0,309.29
1,11,1,0,,,,1.5517666,0.0,0.0,0.0,279.12
1,12,1,0,,,,1.67195,0.0,0.0,0.0,72.17
1,13,1,0,,,,1.1161166,0.0,0.0,0.0,28.42
1,14,1,0,,,,1.1397667,0.0,0.0,0.0,42.39
1,15,1,0,,,,1.0938,0.0,0.0,0.0,56.22
1,16,1,0,,,,1.1418166,0.0,0.0,0.0,0.02
1,17,1,0,,,,0.9184833,0.0,0.0,0.0,0.0
1,18,1,0,,,,2.0484333,0.0,0.0,0.0,0.0
1,19,1,0,,,,1.97055,0.0,0.0,0.0,0.0
1,20,1,0,,,,1.83115,0.0,0.0,0.0,0.0
1,21,1,0,,,,1.8453,0.0,0.0,0.0,0.0
1,22,1,0,,,,1.6572334,0.0,0.0,0.0,0.0
1,23,1,0,,,,1.5438167,0.0,0.0,0.0,0.0
1,24,1,0,,,,1.4214166,0.0,0.0,0.0,0.0
1,1,2,0,,,,1.6387334,0.0,0.0,0.0,0.0
1,2,2,0,,,,1.9786834,0.0,0.0,0.0,0.0
1,3,2,0,,,,1.84535,0.0,0.0,0.0,0.0
1,4,2,0,,,,1.3935666,0.0,0.0,0.0,0.0
1,5,2,0,,,,1.6577166,0.0,0.0,0.0,0.0
1,6,2,0,,,,1.66825,0.0,0.0,0.0,0.0
1,7,2,0,,,,1.9642,0.0,0.0,0.0,0.0
1,8,2,0,,,,1.9402666,0.0,0.0,0.0,0.0
1,9,2,0,,,,1.6022,0.0,0.0,0.0,0.0
1,10,2,0,,,,2.4718916,0.0,0.0,0.0,112.76
1,11,2,0,,,,3.5629168,0.0,0.0,0.0,127.45
1,12,2,0,,,,2.3004334,0.0,0.0,0.0,210.95
1,13,2,0,,,,1.9131334,0.0,0.0,0.0,461.88
1,14,2,0,,,,0.4079,0.0,0.0,0.0,74.03
1,15,2,0,,,,0.37681666,0.0,0.0,0.0,12.54
1,16,2,0,,,,0.88018334,0.0,0.0,0.0,5.49
1,17,2,0,,,,0.91101664,0.0,0.0,0.0,0.0
1,18,2,0,,,,0.9444,0.0,0.0,0.0,0.0
1,19,2,0,,,,1.1420667,0.0,0.0,0.0,0.0
1,20,2,0,,,,1.51955,0.0,0.0,0.0,0.0
1,21,2,0,,,,1.1997833,0.0,0.0,0.0,0.0
1,22,2,0,,,,1.6455,0.0,0.0,0.0,0.0
1,23,2,0,,,,1.1970167,0.0,0.0,0.0,0.0
1,24,2,0,,,,2.0632668,0.0,0.0,0.0,0.0
1,1,3,0,,,,1.6062833,0.0,0.0,0.0,0.0
1,2,3,0,,,,1.6702167,0.0,0.0,0.0,0.0
1,3,3,0,,,,1.46045,0.0,0.0,0.0,0.0
1,4,3,0,,,,1.3315333,0.0,0.0,0.0,0.0
1,5,3,0,,,,1.5369667,0.0,0.0,0.0,0.0
1,6,3,0,,,,1.2800666,0.0,0.0,0.0,0.0
1,7,3,0,,,,1.6180834,0.0,0.0,0.0,0.0
1,8,3,0,,,,1.12225,0.0,0.0,0.0,0.0
1,9,3,0,,,,1.3792666,0.0,0.0,0.0,0.0
1,10,3,0,,,,1.0206333,0.0,0.0,0.0,27.01
1,11,3,0,,,,1.7729334,0.0,0.0,0.0,59.67
1,12,3,0,,,,1.22195,0.0,0.0,0.0,136.8
1,13,3,0,,,,1.2599,0.0,0.0,0.0,200.33
1,14,3,0,,,,1.0373,0.0,0.0,0.0,41.28
1,15,3,0,,,,1.0726334,0.0,0.0,0.0,15.38
1,16,3,0,,,,0.74293333,0.0,0.0,0.0,7.98
1,17,3,0,,,,1.07195,0.0,0.0,0.0,0.0
1,18,3,0,,,,0.7945333,0.0,0.0,0.0,0.0
1,19,3,0,,,,0.93051666,0.0,0.0,0.0,0.0
1,20,3,0,,,,1.1685833,0.0,0.0,0.0,0.0
1,21,3,0,,,,1.159,0.0,0.0,0.0,0.0
1,22,3,0,,,,1.1491166,0.0,0.0,0.0,0.0
1,23,3,0,,,,0.88315,0.0,0.0,0.0,0.0
1,24,3,0,,,,0.96910834,0.0,0.0,0.0,0.0
1,1,4,0,,,,1.2422833,0.0,0.0,0.0,0.0
1,2,4,0,,,,1.0188167,0.0,0.0,0.0,0.0
1,3,4,0,,,,1.0043167,0.0,0.0,0.0,0.0
1,4,4,0,,,,1.4159666,0.0,0.0,0.0,0.0
1,5,4,0,,,,1.2351,0.0,0.0,0.0,0.0
1,6,4,0,,,,0.95305,0.0,0.0,0.0,0.0
1,7,4,0,,,,1.0151666,0.0,0.0,0.0,0.0
1,8,4,0,,,,1.0010166,0.0,0.0,0.0,0.0
1,9,4,0,,,,2.0518,0.0,0.0,0.0,0.0
1,10,4,0,,,,1.2636917,0.0,0.0,0.0,20.09
1,11,4,0,,,,1.1336334,0.0,0.0,0.0,345.86
1,12,4,0,,,,1.4134667,0.0,0.0,0.0,43.52
1,13,4,0,,,,2.3198333,0.0,0.0,0.0,309.9
1,14,4,0,,,,2.2916667,0.0,0.0,0.0,129.79
1,15,4,0,,,,1.6490166,0.0,0.0,0.0,248.36
1,16,4,0,,,,1.4433,0.0,0.0,0.0,238.71
1,17,4,0,,,,1.3335,0.0,0.0,0.0,0.0
1,18,4,0,,,,0.95243335,0.0,0.0,0.0,0.0
1,19,4,0,,,,1.2607,0.0,0.0,0.0,0.0
1,20,4,0,,,,1.521,0.0,0.0,0.0,0.0
1,21,4,0,,,,1.4364,0.0,0.0,0.0,0.0
1,22,4,0,,,,1.3210666,0.0,0.0,0.0,0.0
1,23,4,0,,,,1.4683666,0.0,0.0,0.0,0.0
1,24,4,0,,,,0.93829167,0.0,0.0,0.0,0.0
1,1,5,0,,,,1.6536666,0.0,0.0,0.0,0.0
1,2,5,0,,,,1.0733833,0.0,0.0,0.0,0.0
1,3,5,0,,,,1.521,0.0,0.0,0.0,0.0
1,4,5,0,,,,1.7113,0.0,0.0,0.0,0.0
1,5,5,0,,,,1.29205,0.0,0.0,0.0,0.0
1,6,5,0,,,,1.5616333,0.0,0.0,0.0,0.0
1,7,5,0,,,,1.4903834,0.0,0.0,0.0,0.0
1,8,5,0,,,,1.1152667,0.0,0.0,0.0,0.0
1,9,5,0,,,,0.9266667,0.0,0.0,0.0,0.0
1,10,5,0,,,,0.92501664,0.0,0.0,0.0,83.72
1,11,5,0,,,,0.5257611,0.0,0.0,0.0,174.0
1,12,5,0,,,,0.4349,0.0,0.0,0.0,181.71
1,13,5,0,,,,0.44338334,0.0,0.0,0.0,688.14
1,14,5,0,,,,0.45013332,0.0,0.0,0.0,147.72
1,15,5,0,,,,0.47168332,0.0,0.0,0.0,319.34
1,16,5,0,,,,0.74945,0.0,0.0,0.0,264.94
1,17,5,0,,,,0.88235,0.0,0.0,0.0,0.0
1,18,5,0,,,,0.81256664,0.0,0.0,0.0,0.0
1,19,5,0,,,,0.93365,0.0,0.0,0.0,0.0
1,20,5,0,,,,1.28985,0.0,0.0,0.0,0.0
1,21,5,0,,,,0.95993334,0.0,0.0,0.0,0.0
1,22,5,0,,,,1.7027667,0.0,0.0,0.0,0.0
1,23,5,0,,,,1.3489667,0.0,0.0,0.0,0.0
1,24,5,0,,,,1.7181333,0.0,0.0,0.0,0.0
1,1,6,0,,,,2.0553167,0.0,0.0,0.0,0.0
1,2,6,0,,,,1.20495,0.0,0.0,0.0,0.0
1,3,6,0,,,,1.6431167,0.0,0.0,0.0,0.0
1,4,6,0,,,,1.3280166,0.0,0.0,0.0,0.0
1,5,6,0,,,,1.2993166,0.0,0.0,0.0,0.0
1,6,6,0,,,,1.1165,0.0,0.0,0.0,0.0
1,7,6,0,,,,1.3991166,0.0,0.0,0.0,0.0
1,8,6,0,,,,1.0631666,0.0,0.0,0.0,0.0
1,9,6,0,,,,1.2328666,0.0,0.0,0.0,0.0
1,10,6,0,,,,1.3557333,0.0,0.0,0.0,85.68
1,11,6,0,,,,1.5257,0.0,0.0,0.0,121.14
1,12,6,0,,,,1.3442,0.0,0.0,0.0,219.59
1,13,6,0,,,,1.1301833,0.0,0.0,0.0,328.31
1,14,6,0,,,,0.7042,0.0,0.0,0.0,239.53
1,15,6,0,,,,0.6477,0.0,0.0,0.0,61.09
1,16,6,0,,,,0.6996,0.0,0.0,0.0,19.38
1,17,6,0,,,,0.63813335,0.0,0.0,0.0,0.0
1,18,6,0,,,,0.68133336,0.0,0.0,0.0,0.0
1,19,6,0,,,,0.819425,0.0,0.0,0.0,0.0
1,20,6,0,,,,0.8371,0.0,0.0,0.0,0.0
1,21,6,0,,,,1.6668,0.0,0.0,0.0,0.0
1,22,6,0,,,,0.4762,0.0,0.0,0.0,0.0
1,23,6,0,,,,0.42753333,0.0,0.0,0.0,0.0
1,24,6,0,,,,0.38654166,0.0,0.0,0.0,0.0
1,1,7,0,,,,0.43923333,0.0,0.0,0.0,0.0
1,2,7,0,,,,0.38486665,0.0,0.0,0.0,0.0
1,3,7,0,,,,0.6361667,0.0,0.0,0.0,0.0
1,4,7,0,,,,0.84781665,0.0,0.0,0.0,0.0
1,5,7,0,,,,0.64426666,0.0,0.0,0.0,0.0
1,6,7,0,,,,0.8964667,0.0,0.0,0.0,0.0
1,7,7,0,,,,0.55186665,0.0,0.0,0.0,0.0
1,8,7,0,,,,0.69058335,0.0,0.0,0.0,0.0
1,9,7,0,,,,0.7589167,0.0,0.0,0.0,0.0
1,10,7,0,,,,1.23845,0.0,0.0,0.0,305.87
1,11,7,0,,,,0.81435,0.0,0.0,0.0,299.96
1,12,7,0,,,,0.87658334,0.0,0.0,0.0,325.18
1,13,7,0,,,,0.67338336,0.0,0.0,0.0,250.55
1,14,7,0,,,,0.35435,0.0,0.0,0.0,302.2
1,15,7,0,,,,0.37773332,0.0,0.0,0.0,106.87
1,16,7,0,,,,0.42941666,0.0,0.0,0.0,21.0
1,17,7,0,,,,0.47893333,0.0,0.0,0.0,0.0
1,18,7,0,,,,0.43885,0.0,0.0,0.0,0.0
1,19,7,0,,,,0.49676666,0.0,0.0,0.0,0.0
1,20,7,0,,,,1.2754333,0.0,0.0,0.0,0.0
1,21,7,0,,,,0.61628336,0.0,0.0,0.0,0.0
1,22,7,0,,,,0.5697333,0.0,0.0,0.0,0.0
1,23,7,0,,,,0.54745,0.0,0.0,0.0,0.0
1,24,7,0,,,,0.46128333,0.0,0.0,0.0,0.0
1,1,1,0,,,,0.69588333,0.0,0.0,0.0,0.0
1,2,1,0,,,,0.48653334,0.0,0.0,0.0,0.0
1,3,1,0,,,,1.0242,0.0,0.0,0.0,0.0
1,4,1,0,,,,1.0130833,0.0,0.0,0.0,0.0
1,5,1,0,,,,0.67726666,0.0,0.0,0.0,0.0
1,6,1,0,,,,1.4013833,0.0,0.0,0.0,0.0
1,7,1,0,,,,0.9421,0.0,0.0,0.0,0.0
1,8,1,0,,,,1.07215,0.0,0.0,0.0,0.0
1,9,1,0,,,,1.5307667,0.0,0.0,0.0,0.0
1,10,1,0,,,,1.3146666,0.0,0.0,0.0,252.85
1,11,1,0,,,,1.6602666,0.0,0.0,0.0,407.5
1,12,1,0,,,,1.6331,0.0,0.0,0.0,345.71
1,13,1,0,,,,1.4764333,0.0,0.0,0.0,706.11
1,14,1,0,,,,1.3232833,0.0,0.0,0.0,609.0
1,15,1,0,,,,1.2330166,0.0,0.0,0.0,469.02
1,16,1,0,,,,1.1360166,0.0,0.0,0.0,324.67
1,17,1,0,,,,0.91,0.0,0.0,0.0,0.0
1,18,1,0,,,,1.1901667,0.0,0.0,0.0,0.0
1,19,1,0,,,,1.20245,0.0,0.0,0.0,0.0
1,20,1,0,,,,1.0748333,0.0,0.0,0.0,0.0
1,21,1,0,,,,0.98115,0.0,0.0,0.0,0.0
1,22,1,0,,,,1.1882,0.0,0.0,0.0,0.0
1,23,1,0,,,,1.0429,0.0,0.0,0.0,0.0
1,24,1,0,,,,1.0920416,0.0,0.0,0.0,0.0
1,1,2,0,,,,1.03275,0.0,0.0,0.0,0.0
1,2,2,0,,,,1.2664167,0.0,0.0,0.0,0.0
1,3,2,0,,,,1.2158333,0.0,0.0,0.0,0.0
1,4,2,0,,,,1.4211167,0.0,0.0,0.0,0.0
1,5,2,0,,,,1.4450166,0.0,0.0,0.0,0.0
1,6,2,0,,,,1.09255,0.0,0.0,0.0,0.0
1,7,2,0,,,,1.3138833,0.0,0.0,0.0,0.0
1,8,2,0,,,,1.6161333,0.0,0.0,0.0,0.0
1,9,2,0,,,,1.7448555,0.0,0.0,0.0,0.0
1,10,2,0,,,,1.3621167,0.0,0.0,0.0,74.77
1,11,2,0,,,,1.2678833,0.0,0.0,0.0,130.22
1,12,2,0,,,,1.5426834,0.0,0.0,0.0,303.2
1,13,2,0,,,,1.5277333,0.0,0.0,0.0,635.29
1,14,2,0,,,,0.57091665,0.0,0.0,0.0,159.55
1,15,2,0,,,,1.25935,0.0,0.0,0.0,312.79
1,16,2,0,,,,1.1468,0.0,0.0,0.0,164.11
1,17,2,0,,,,1.2294667,0.0,0.0,0.0,0.0
1,18,2,0,,,,1.4653167,0.0,0.0,0.0,0.0
1,19,2,0,,,,0.5973833,0.0,0.0,0.0,0.0
1,20,2,0,,,,1.3700666,0.0,0.0,0.0,0.0
1,21,2,0,,,,0.81205,0.0,0.0,0.0,0.0
1,22,2,0,,,,1.2384,0.0,0.0,0.0,0.0
1,23,2,0,,,,1.1668,0.0,0.0,0.0,0.0
1,24,2,0,,,,1.6546917,0.0,0.0,0.0,0.0
1,1,3,0,,,,1.1943834,0.0,0.0,0.0,0.0
1,2,3,0,,,,1.3404666,0.0,0.0,0.0,0.0
1,3,3,0,,,,1.0647167,0.0,0.0,0.0,0.0
1,4,3,0,,,,1.0587833,0.0,0.0,0.0,0.0
1,5,3,0,,,,1.0292833,0.0,0.0,0.0,0.0
1,6,3,0,,,,1.03005,0.0,0.0,0.0,0.0
1,7,3,0,,,,1.2005334,0.0,0.0,0.0,0.0
1,8,3,0,,,,1.37695,0.0,0.0,0.0,0.0
1,9,3,0,,,,1.5312333,0.0,0.0,0.0,0.0
1,10,3,0,,,,1.6205167,0.0,0.0,0.0,111.3
1,11,3,0,,,,2.43665,0.0,0.0,0.0,170.58
1,12,3,0,,,,1.7811,0.0,0.0,0.0,703.68
1,13,3,0,,,,1.5117167,0.0,0.0,0.0,257.57
1,14,3,0,,,,0.73191667,0.0,0.0,0.0,172.91
1,15,3,0,,,,0.5808,0.0,0.0,0.0,530.18
1,16,3,0,,,,0.8857333,0.0,0.0,0.0,310.53
1,17,3,0,,,,0.89185,0.0,0.0,0.0,0.0
1,18,3,0,,,,0.97443336,0.0,0.0,0.0,0.0
1,19,3,0,,,,0.86515,0.0,0.0,0.0,0.0
1,20,3,0,,,,1.0602,0.0,0.0,0.0,0.0
1,21,3,0,,,,1.5889833,0.0,0.0,0.0,0.0
1,22,3,0,,,,0.83308333,0.0,0.0,0.0,0.0
1,23,3,0,,,,1.0435,0.0,0.0,0.0,0.0
1,24,3,0,,,,1.1281416,0.0,0.0,0.0,0.0
1,1,4,0,,,,1.0483834,0.0,0.0,0.0,0.0
1,2,4,0,,,,1.6235666,0.0,0.0,0.0,0.0
1,3,4,0,,,,1.61125,0.0,0.0,0.0,0.0
1,4,4,0,,,,1.1263334,0.0,0.0,0.0,0.0
1,5,4,0,,,,1.2526,0.0,0.0,0.0,0.0
1,6,4,0,,,,1.3047167,0.0,0.0,0.0,0.0
1,7,4,0,,,,1.1236666,0.0,0.0,0.0,0.0
1,8,4,0,,,,1.7589667,0.0,0.0,0.0,0.0
1,9,4,0,,,,1.6678833,0.0,0.0,0.0,0.0
1,10,4,0,,,,1.67725,0.0,0.0,0.0,8.29
1,11,4,0,,,,2.0775332,0.0,0.0,0.0,183.16
1,12,4,0,,,,1.27635,0.0,0.0,0.0,202.08
1,13,4,0,,,,1.5877833,0.0,0.0,0.0,612.05
1,14,4,0,,,,0.74365,0.0,0.0,0.0,68.74
1,15,4,0,,,,0.6596,0.0,0.0,0.0,56.34
1,16,4,0,,,,0.7319,0.0,0.0,0.0,7.42
1,17,4,0,,,,0.6690583,0.0,0.0,0.0,0.0
1,18,4,0,,,,0.714,0.0,0.0,0.0,0.0
1,19,4,0,,,,0.68058336,0.0,0.0,0.0,0.0
1,20,4,0,,,,0.76241666,0.0,0.0,0.0,0.0
1,21,4,0,,,,0.73015,0.0,0.0,0.0,0.0
1,22,4,0,,,,0.68653333,0.0,0.0,0.0,0.0
1,23,4,0,,,,0.73653334,0.0,0.0,0.0,0.0
1,24,4,0,,,,0.8943167,0.0,0.0,0.0,0.0
1,1,5,0,,,,1.3941,0.0,0.0,0.0,0.0
1,2,5,0,,,,1.55165,0.0,0.0,0.0,0.0
1,3,5,0,,,,0.68236667,0.0,0.0,0.0,0.0
1,4,5,0,,,,0.9456667,0.0,0.0,0.0,0.0
1,5,5,0,,,,1.32395,0.0,0.0,0.0,0.0
1,6,5,0,,,,0.72,0.0,0.0,0.0,0.0
1,7,5,0,,,,1.3117,0.0,0.0,0.0,0.0
1,8,5,0,,,,0.69331664,0.0,0.0,0.0,0.0
1,9,5,0,,,,0.71966666,0.0,0.0,0.0,0.0
1,10,5,0,,,,1.2648333,0.0,0.0,0.0,8.6
1,11,5,0,,,,0.7364,0.0,0.0,0.0,49.0
1,12,5,0,,,,0.68975,0.0,0.0,0.0,88.93
1,13,5,0,,,,1.178,0.0,0.0,0.0,250.91
1,14,5,0,,,,0.71835,0.0,0.0,0.0,89.06
1,15,5,0,,,,0.67885,0.0,0.0,0.0,425.01
1,16,5,0,,,,1.6957834,0.0,0.0,0.0,23.45
1,17,5,0,,,,0.91858333,0.0,0.0,0.0,0.0
1,18,5,0,,,,0.77271664,0.0,0.0,0.0,0.0
1,19,5,0,,,,1.2628,0.0,0.0,0.0,0.0
1,20,5,0,,,,0.891,0.0,0.0,0.0,0.0
1,21,5,0,,,,0.7694333,0.0,0.0,0.0,0.0
1,22,5,0,,,,1.2524166,0.0,0.0,0.0,0.0
1,23,5,0,,,,0.9281,0.0,0.0,0.0,0.0
1,24,5,0,,,,0.72480834,0.0,0.0,0.0,0.0
1,1,6,0,,,,1.2675333,0.0,0.0,0.0,0.0
1,2,6,0,,,,0.96245,0.0,0.0,0.0,0.0
1,3,6,0,,,,0.68331665,0.0,0.0,0.0,0.0
1,4,6,0,,,,1.2378334,0.0,0.0,0.0,0.0
1,5,6,0,,,,0.9482667,0.0,0.0,0.0,0.0
1,6,6,0,,,,0.6985833,0.0,0.0,0.0,0.0
1,7,6,0,,,,1.6277167,0.0,0.0,0.0,0.0
1,8,6,0,,,,0.85035,0.0,0.0,0.0,0.0
1,9,6,0,,,,2.2715166,0.0,0.0,0.0,0.0
1,10,6,0,,,,2.7828333,0.0,0.0,0.0,356.43
1,11,6,0,,,,2.2426834,0.0,0.0,0.0,107.53
1,12,6,0,,,,1.6409167,0.0,0.0,0.0,316.66
1,13,6,0,,,,1.6363444,0.0,0.0,0.0,112.8
1,14,6,0,,,,1.5751166,0.0,0.0,0.0,312.14
1,15,6,0,,,,0.65038335,0.0,0.0,0.0,401.56
1,16,6,0,,,,0.61406666,0.0,0.0,0.0,15.44
1,17,6,0,,,,0.60046667,0.0,0.0,0.0,0.0
1,18,6,0,,,,0.5718667,0.0,0.0,0.0,0.0
1,19,6,0,,,,0.6105667,0.0,0.0,0.0,0.0
1,20,6,0,,,,0.5769333,0.0,0.0,0.0,0.0
1,21,6,0,,,,0.60675,0.0,0.0,0.0,0.0
1,22,6,0,,,,0.77475,0.0,0.0,0.0,0.0
1,23,6,0,,,,1.0251666,0.0,0.0,0.0,0.0
1,24,6,0,,,,0.59096664,0.0,0.0,0.0,0.0
1,1,7,0,,,,0.56448334,0.0,0.0,0.0,0.0
1,2,7,0,,,,0.6386167,0.0,0.0,0.0,0.0
1,3,7,0,,,,0.55791664,0.0,0.0,0.0,0.0
1,4,7,0,,,,0.6019,0.0,0.0,0.0,0.0
1,5,7,0,,,,0.57795,0.0,0.0,0.0,0.0
1,6,7,0,,,,1.0488,0.0,0.0,0.0,0.0
1,7,7,0,,,,0.8160833,0.0,0.0,0.0,0.0
1,8,7,0,,,,1.2024167,0.0,0.0,0.0,0.0
1,9,7,0,,,,0.6109667,0.0,0.0,0.0,0.0
1,10,7,0,,,,0.57996666,0.0,0.0,0.0,332.4
1,11,7,0,,,,0.5800833,0.0,0.0,0.0,494.07
1,12,7,0,,,,1.0792,0.0,0.0,0.0,639.33
1,13,7,0,,,,0.51485,0.0,0.0,0.0,622.92
1,14,7,0,,,,1.0018667,0.0,0.0,0.0,51.48
1,15,7,0,,,,0.50808334,0.0,0.0,0.0,105.12
1,16,7,0,,,,0.443,0.0,0.0,0.0,89.76
1,17,7,0,,,,0.45136666,0.0,0.0,0.0,0.0
1,18,7,0,,,,0.42203334,0.0,0.0,0.0,0.0
1,19,7,0,,,,0.47165,0.0,0.0,0.0,0.0
1,20,7,0,,,,0.42125,0.0,0.0,0.0,0.0
1,21,7,0,,,,0.59106666,0.0,0.0,0.0,0.0
1,22,7,0,,,,0.9386333,0.0,0.0,0.0,0.0
1,23,7,0,,,,0.41698334,0.0,0.0,0.0,0.0
1,24,7,0,,,,2.0493584,0.0,0.0,0.0,0.0
1,1,1,0,,,,2.82375,0.0,0.0,0.0,0.0
1,2,1,0,,,,2.0817666,0.0,0.0,0.0,0.0
1,3,1,0,,,,2.1276667,0.0,0.0,0.0,0.0
1,4,1,0,,,,1.70025,0.0,0.0,0.0,0.0
1,5,1,0,,,,1.3810834,0.0,0.0,0.0,0.0
1,6,1,0,,,,1.6740834,0.0,0.0,0.0,0.0
1,7,1,0,,,,1.0799834,0.0,0.0,0.0,0.0
1,8,1,0,,,,1.3364333,0.0,0.0,0.0,0.0
1,9,1,0,,,,1.5444167,0.0,0.0,0.0,0.0
1,10,1,0,,,,1.7308,0.0,0.0,0.0,101.5
1,11,1,0,,,,2.09185,0.0,0.0,0.0,277.16
1,12,1,0,,,,2.7920666,0.0,0.0,0.0,619.13
1,13,1,0,,,,2.16975,0.0,0.0,0.0,701.3
1,14,1,0,,,,1.9283834,0.0,0.0,0.0,141.79
1,15,1,0,,,,1.4400834,0.0,0.0,0.0,421.17
1,16,1,0,,,,0.3124667,0.0,0.0,0.0,9.28
1,17,1,0,,,,9.9999994e-08,0.0,0.0,0.0,0.0
1,18,1,0,,,,9.9999994e-08,0.0,0.0,0.0,0.0
1,19,1,0,,,,0.76253337,0.0,0.0,0.0,0.0
1,20,1,0,,,,1.05325,0.0,0.0,0.0,0.0
1,21,1,0,,,,1.0270166,0.0,0.0,0.0,0.0
1,22,1,0,,,,1.2562667,0.0,0.0,0.0,0.0
1,23,1,0,,,,1.3397167,0.0,0.0,0.0,0.0
1,24,1,0,,,,0.5336417,0.0,0.0,0.0,0.0
1,1,2,0,,,,1.9449834,0.0,0.0,0.0,0.0
1,2,2,0,,,,0.9698667,0.0,0.0,0.0,0.0
1,3,2,0,,,,1.8524834,0.0,0.0,0.0,0.0
1,4,2,0,,,,0.94953334,0.0,0.0,0.0,0.0
1,5,2,0,,,,1.1125833,0.0,0.0,0.0,0.0
1,6,2,0,,,,1.3931667,0.0,0.0,0.0,0.0
1,7,2,0,,,,0.98929447,0.0,0.0,0.0,0.0
1,8,2,0,,,,1.3680834,0.0,0.0,0.0,0.0
1,9,2,0,,,,1.3324667,0.0,0.0,0.0,0.0
1,10,2,0,,,,1.6836333,0.0,0.0,0.0,64.7
1,11,2,0,,,,1.9747,0.0,0.0,0.0,77.43
1,12,2,0,,,,2.3036666,0.0,0.0,0.0,43.93
1,13,2,0,,,,2.2889166,0.0,0.0,0.0,42.14
1,14,2,0,,,,0.48086667,0.0,0.0,0.0,135.88
1,15,2,0,,,,0.13855001,0.0,0.0,0.0,101.06
1,16,2,0,,,,0.18926674,0.0,0.0,0.0,34.43
1,17,2,0,,,,0.2400334,0.0,0.0,0.0,0.0
1,18,2,0,,,,0.37763336,0.0,0.0,0.0,0.0
1,19,2,0,,,,1.1077666,0.0,0.0,0.0,0.0
1,20,2,0,,,,1.64365,0.0,0.0,0.0,0.0
1,21,2,0,,,,1.6952,0.0,0.0,0.0,0.0
1,22,2,0,,,,0.98181665,0.0,0.0,0.0,0.0
1,23,2,0,,,,0.473075,0.0,0.0,0.0,0.0
1,24,2,0,,,,1.1291584,0.0,0.0,0.0,0.0
1,1,3,0,,,,0.85826665,0.0,0.0,0.0,0.0
1,2,3,0,,,,1.3719833,0.0,0.0,0.0,0.0
1,3,3,0,,,,1.2495333,0.0,0.0,0.0,0.0
1,4,3,0,,,,1.28795,0.0,0.0,0.0,0.0
1,5,3,0,,,,1.4887834,0.0,0.0,0.0,0.0
1,6,3,0,,,,1.2011833,0.0,0.0,0.0,0.0
1,7,3,0,,,,1.41065,0.0,0.0,0.0,0.0
1,8,3,0,,,,1.834,0.0,0.0,0.0,0.0
1,9,3,0,,,,1.3809333,0.0,0.0,0.0,0.0
1,10,3,0,,,,1.9237,0.0,0.0,0.0,71.7
1,11,3,0,,,,1.7890834,0.0,0.0,0.0,504.61
1,12,3,0,,,,1.8744833,0.0,0.0,0.0,224.15
1,13,3,0,,,,1.6282834,0.0,0.0,0.0,56.57
1,14,3,0,,,,0.58966666,0.0,0.0,0.0,356.92
1,15,3,0,,,,0.24333334,0.0,0.0,0.0,483.29
1,16,3,0,,,,0.032133423,0.0,0.0,0.0,302.68
1,17,3,0,,,,0.62676674,0.0,0.0,0.0,0.0
1,18,3,0,,,,1.05215,0.0,0.0,0.0,0.0
1,19,3,0,,,,0.8742833,0.0,0.0,0.0,0.0
1,20,3,0,,,,1.1857,0.0,0.0,0.0,0.0
1,21,3,0,,,,1.1616167,0.0,0.0,0.0,0.0
1,22,3,0,,,,1.2626834,0.0,0.0,0.0,0.0
1,23,3,0,,,,1.374,0.0,0.0,0.0,0.0
1,24,3,0,,,,1.3761667,0.0,0.0,0.0,0.0
1,1,4,0,,,,1.43975,0.0,0.0,0.0,0.0
1,2,4,0,,,,1.54765,0.0,0.0,0.0,0.0
1,3,4,0,,,,1.2282166,0.0,0.0,0.0,0.0
1,4,4,0,,,,1.0661,0.0,0.0,0.0,0.0
1,5,4,0,,,,1.4336833,0.0,0.0,0.0,0.0
1,6,4,0,,,,1.08675,0.0,0.0,0.0,0.0
1,7,4,0,,,,1.4793667,0.0,0.0,0.0,0.0
1,8,4,0,,,,1.0715,0.0,0.0,0.0,0.0
1,9,4,0,,,,1.97345,0.0,0.0,0.0,0.0
1,10,4,0,,,,1.9001,0.0,0.0,0.0,413.17
1,11,4,0,,,,2.0895834,0.0,0.0,0.0,374.31
1,12,4,0,,,,2.0330167,0.0,0.0,0.0,710.75
1,13,4,0,,,,0.90821666,0.0,0.0,0.0,690.1
1,14,4,0,,,,1.0151334,0.0,0.0,0.0,698.67
1,15,4,0,,,,1.2768667,0.0,0.0,0.0,560.9
1,16,4,0,,,,1.42245,0.0,0.0,0.0,381.25
1,17,4,0,,,,1.02215,0.0,0.0,0.0,0.0
1,18,4,0,,,,1.2752334,0.0,0.0,0.0,0.0
1,19,4,0,,,,1.3125334,0.0,0.0,0.0,0.0
1,20,4,0,,,,1.4026333,0.0,0.0,0.0,0.0
1,21,4,0,,,,1.3386834,0.0,0.0,0.0,0.0
1,22,4,0,,,,1.7074833,0.0,0.0,0.0,0.0
1,23,4,0,,,,2.04265,0.0,0.0,0.0,0.0
1,24,4,0,,,,0.37751666,0.0,0.0,0.0,0.0
1,1,5,0,,,,0.6285167,0.0,0.0,0.0,0.0
1,2,5,0,,,,1.3389333,0.0,0.0,0.0,0.0
1,3,5,0,,,,1.2866334,0.0,0.0,0.0,0.0
1,4,5,0,,,,1.8264278,0.0,0.0,0.0,0.0
1,5,5,0,,,,1.0791416,0.0,0.0,0.0,0.0
1,6,5,0,,,,1.45275,0.0,0.0,0.0,0.0
1,7,5,0,,,,1.7799,0.0,0.0,0.0,0.0
1,8,5,0,,,,2.17495,0.0,0.0,0.0,0.0
1,9,5,0,,,,1.8744333,0.0,0.0,0.0,0.0
1,10,5,0,,,,1.6872333,0.0,0.0,0.0,274.0
1,11,5,0,,,,1.0508667,0.0,0.0,0.0,198.65
1,12,5,0,,,,1.4865167,0.0,0.0,0.0,615.58
1,13,5,0,,,,1.2163334,0.0,0.0,0.0,663.01
1,14,5,0,,,,1.3850666,0.0,0.0,0.0,640.14
1,15,5,0,,,,1.5226667,0.0,0.0,0.0,250.89
1,16,5,0,,,,1.1015333,0.0,0.0,0.0,68.27
1,17,5,0,,,,1.8001833,0.0,0.0,0.0,0.0
1,18,5,0,,,,1.5918334,0.0,0.0,0.0,0.0
1,19,5,0,,,,1.3837667,0.0,0.0,0.0,0.0
1,20,5,0,,,,1.2977,0.0,0.0,0.0,0.0
1,21,5,0,,,,1.72635,0.0,0.0,0.0,0.0
1,22,5,0,,,,1.3623333,0.0,0.0,0.0,0.0
1,23,5,0,,,,2.2607167,0.0,0.0,0.0,0.0
1,24,5,0,,,,1.4501667,0.0,0.0,0.0,0.0
1,1,6,0,,,,1.6125833,0.0,0.0,0.0,0.0
1,2,6,0,,,,1.6102166,0.0,0.0,0.0,0.0
1,3,6,0,,,,1.62245,0.0,0.0,0.0,0.0
1,4,6,0,,,,1.5593,0.0,0.0,0.0,0.0
1,5,6,0,,,,1.5279167,0.0,0.0,0.0,0.0
1,6,6,0,,,,1.7578833,0.0,0.0,0.0,0.0
1,7,6,0,,,,1.5656166,0.0,0.0,0.0,0.0
1,8,6,0,,,,1.4530833,0.0,0.0,0.0,0.0
1,9,6,0,,,,1.6840833,0.0,0.0,0.0,0.0
1,10,6,0,,,,2.4066668,0.0,0.0,0.0,67.6
1,11,6,0,,,,2.1463168,0.0,0.0,0.0,58.83
1,12,6,0,,,,0.98913336,0.0,0.0,0.0,100.11
1,13,6,0,,,,1.3779833,0.0,0.0,0.0,23.72
1,14,6,0,,,,1.68635,0.0,0.0,0.0,40.17
1,15,6,0,,,,1.3676333,0.0,0.0,0.0,147.87
1,16,6,0,,,,1.5460666,0.0,0.0,0.0,32.58
1,17,6,0,,,,1.3302166,0.0,0.0,0.0,0.0
1,18,6,0,,,,1.3441666,0.0,0.0,0.0,0.0
1,19,6,0,,,,1.4424,0.0,0.0,0.0,0.0
1,20,6,0,,,,1.2370666,0.0,0.0,0.0,0.0
1,21,6,0,,,,1.5772333,0.0,0.0,0.0,0.0
1,22,6,0,,,,1.4061834,0.0,0.0,0.0,0.0
1,23,6,0,,,,1.3524667,0.0,0.0,0.0,0.0
1,24,6,0,,,,1.4637583,0.0,0.0,0.0,0.0
1,1,7,0,,,,1.3034,0.0,0.0,0.0,0.0
1,2,7,0,,,,1.6322666,0.0,0.0,0.0,0.0
1,3,7,0,,,,1.4239666,0.0,0.0,0.0,0.0
1,4,7,0,,,,1.477,0.0,0.0,0.0,0.0
1,5,7,0,,,,1.85225,0.0,0.0,0.0,0.0
1,6,7,0,,,,2.0208333,0.0,0.0,0.0,0.0
1,7,7,0,,,,1.30125,0.0,0.0,0.0,0.0
1,8,7,0,,,,1.67445,0.0,0.0,0.0,0.0
1,9,7,0,,,,1.4112667,0.0,0.0,0.0,1.38
1,10,7,0,,,,1.4222833,0.0,0.0,0.0,396.81
1,11,7,0,,,,1.98625,0.0,0.0,0.0,350.44
1,12,7,0,,,,2.5631166,0.0,0.0,0.0,121.07
1,13,7,0,,,,2.0217166,0.0,0.0,0.0,91.5
1,14,7,0,,,,1.9902667,0.0,0.0,0.0,61.21
1,15,7,0,,,,2.18985,0.0,0.0,0.0,19.4
1,16,7,0,,,,1.4039,0.0,0.0,0.0,15.04
1,17,7,0,,,,1.9009,0.0,0.0,0.0,0.0
1,18,7,0,,,,1.7728,0.0,0.0,0.0,0.0
1,19,7,0,,,,1.4894834,0.0,0.0,0.0,0.0
1,20,7,0,,,,1.6592166,0.0,0.0,0.0,0.0
1,21,7,0,,,,1.2478167,0.0,0.0,0.0,0.0
1,22,7,0,,,,0.49895,0.0,0.0,0.0,0.0
1,23,7,0,,,,0.3766,0.0,0.0,0.0,0.0
1,24,7,0,,,,0.6242167,0.0,0.0,0.0,0.0
1,1,1,0,,,,0.93553334,0.0,0.0,0.0,0.0
1,2,1,0,,,,1.0714,0.0,0.0,0.0,0.0
1,3,1,0,,,,1.3660333,0.0,0.0,0.0,0.0
1,4,1,0,,,,1.0575167,0.0,0.0,0.0,0.0
1,5,1,0,,,,1.39125,0.0,0.0,0.0,0.0
1,6,1,0,,,,1.4307333,0.0,0.0,0.0,0.0
1,7,1,0,,,,1.2106833,0.0,0.0,0.0,0.0
1,8,1,0,,,,1.5838667,0.0,0.0,0.0,0.0
1,9,1,0,,,,1.6547,0.0,0.0,0.0,8.17
1,10,1,0,,,,2.0385168,0.0,0.0,0.0,19.76
1,11,1,0,,,,1.86405,0.0,0.0,0.0,44.49
1,12,1,0,,,,2.0572667,0.0,0.0,0.0,36.21
1,13,1,0,,,,1.87255,0.0,0.0,0.0,36.16
1,14,1,0,,,,2.2445834,0.0,0.0,0.0,61.1
1,15,1,0,,,,1.3584167,0.0,0.0,0.0,51.76
1,16,1,0,,,,1.39095,0.0,0.0,0.0,21.13
1,17,1,0,,,,1.73925,0.0,0.0,0.0,0.0
1,18,1,0,,,,2.6250167,0.0,0.0,0.0,0.0
1,19,1,0,,,,2.368,0.0,0.0,0.0,0.0
1,20,1,0,,,,2.1490166,0.0,0.0,0.0,0.0
1,21,1,0,,,,1.8636833,0.0,0.0,0.0,0.0
1,22,1,0,,,,2.1399667,0.0,0.0,0.0,0.0
1,23,1,0,,,,1.9160334,0.0,0.0,0.0,0.0
1,24,1,0,,,,1.8635833,0.0,0.0,0.0,0.0
1,1,2,0,,,,1.8245667,0.0,0.0,0.0,0.0
1,2,2,0,,,,1.68655,0.0,0.0,0.0,0.0
1,3,2,0,,,,1.8146833,0.0,0.0,0.0,0.0
1,4,2,0,,,,2.3176167,0.0,0.0,0.0,0.0
1,5,2,0,,,,1.8189,0.0,0.0,0.0,0.0
1,6,2,0,,,,1.71075,0.0,0.0,0.0,0.0
1,7,2,0,,,,2.1434667,0.0,0.0,0.0,0.0
1,8,2,0,,,,1.4686333,0.0,0.0,0.0,0.0
1,9,2,0,,,,1.0340166,0.0,0.0,0.0,1.33
1,10,2,0,,,,1.5796,0.0,0.0,0.0,109.9
1,11,2,0,,,,1.9398333,0.0,0.0,0.0,97.83
1,12,2,0,,,,0.58531666,0.0,0.0,0.0,464.98
1,13,2,0,,,,1.09915,0.0,0.0,0.0,471.17
1,14,2,0,,,,1.5437334,0.0,0.0,0.0,377.85
1,15,2,0,,,,0.59673333,0.0,0.0,0.0,322.88
1,16,2,0,,,,1.6432,0.0,0.0,0.0,323.93
1,17,2,0,,,,2.5173,0.0,0.0,0.0,0.0
1,18,2,0,,,,2.1143832,0.0,0.0,0.0,0.0
1,19,2,0,,,,2.3223667,0.0,0.0,0.0,0.0
1,20,2,0,,,,2.3366666,0.0,0.0,0.0,0.0
1,21,2,0,,,,2.21595,0.0,0.0,0.0,0.0
1,22,2,0,,,,2.2129333,0.0,0.0,0.0,0.0
1,23,2,0,,,,1.9041333,0.0,0.0,0.0,0.0
1,24,2,0,,,,2.0194416,0.0,0.0,0.0,0.0
1,1,3,0,,,,2.4956834,0.0,0.0,0.0,0.0
1,2,3,0,,,,1.8692833,0.0,0.0,0.0,0.0
1,3,3,0,,,,1.90075,0.0,0.0,0.0,0.0
1,4,3,0,,,,2.0476832,0.0,0.0,0.0,0.0
1,5,3,0,,,,1.9370306,0.0,0.0,0.0,0.0
1,6,3,0,,,,1.8907334,0.0,0.0,0.0,0.0
1,7,3,0,,,,2.10115,0.0,0.0,0.0,0.0
1,8,3,0,,,,1.7623833,0.0,0.0,0.0,0.0
1,9,3,0,,,,1.1833,0.0,0.0,0.0,1.39
1,10,3,0,,,,2.0583334,0.0,0.0,0.0,234.76
1,11,3,0,,,,1.92065,0.0,0.0,0.0,146.35
1,12,3,0,,,,2.32015,0.0,0.0,0.0,444.77
1,13,3,0,,,,2.2819834,0.0,0.0,0.0,394.1
1,14,3,0,,,,2.0847833,0.0,0.0,0.0,398.25
1,15,3,0,,,,1.55235,0.0,0.0,0.0,151.15
1,16,3,0,,,,0.47071669,0.0,0.0,0.0,18.32
1,17,3,0,,,,9.9999994e-08,0.0,0.0,0.0,0.0
1,18,3,0,,,,0.08486674,0.0,0.0,0.0,0.0
1,19,3,0,,,,0.04888341,0.0,0.0,0.0,0.0
1,20,3,0,,,,0.069700055,0.0,0.0,0.0,0.0
1,21,3,0,,,,1.7003666,0.0,0.0,0.0,0.0
1,22,3,0,,,,2.2312667,0.0,0.0,0.0,0.0
1,23,3,0,,,,2.18495,0.0,0.0,0.0,0.0
1,24,3,0,,,,1.7270083,0.0,0.0,0.0,0.0
1,1,4,0,,,,1.8439333,0.0,0.0,0.0,0.0
1,2,4,0,,,,2.1658666,0.0,0.0,0.0,0.0
1,3,4,0,,,,2.3266168,0.0,0.0,0.0,0.0
1,4,4,0,,,,1.7115834,0.0,0.0,0.0,0.0
1,5,4,0,,,,1.8681333,0.0,0.0,0.0,0.0
1,6,4,0,,,,0.99825,0.0,0.0,0.0,0.0
1,7,4,0,,,,1.7638,0.0,0.0,0.0,0.0
1,8,4,0,,,,1.8617,0.0,0.0,0.0,0.0
1,9,4,0,,,,0.98443335,0.0,0.0,0.0,1.81
1,10,4,0,,,,1.8650833,0.0,0.0,0.0,26.57
1,11,4,0,,,,1.8547333,0.0,0.0,0.0,50.81
1,12,4,0,,,,1.90425,0.0,0.0,0.0,110.27
1,13,4,0,,,,2.3229,0.0,0.0,0.0,42.26
1,14,4,0,,,,2.2501667,0.0,0.0,0.0,38.14
1,15,4,0,,,,1.10875,0.0,0.0,0.0,24.69
1,16,4,0,,,,0.14845005,0.0,0.0,0.0,391.74
1,17,4,0,,,,0.17223339,0.0,0.0,0.0,0.0
1,18,4,0,,,,0.04391676,0.0,0.0,0.0,0.0
1,19,4,0,,,,0.12930006,0.0,0.0,0.0,0.0
1,20,4,0,,,,0.4719667,0.0,0.0,0.0,0.0
1,21,4,0,,,,3.1416166,0.0,0.0,0.0,0.0
1,22,4,0,,,,2.34575,0.0,0.0,0.0,0.0
1,23,4,0,,,,2.02685,0.0,0.0,0.0,0.0
1,24,4,0,,,,1.865875,0.0,0.0,0.0,0.0
1,1,5,0,,,,2.0322833,0.0,0.0,0.0,0.0
1,2,5,0,,,,1.6701,0.0,0.0,0.0,0.0
1,3,5,0,,,,1.7675333,0.0,0.0,0.0,0.0
1,4,5,0,,,,1.7980833,0.0,0.0,0.0,0.0
1,5,5,0,,,,1.9538,0.0,0.0,0.0,0.0
1,6,5,0,,,,1.7974,0.0,0.0,0.0,0.0
1,7,5,0,,,,3.0646167,0.0,0.0,0.0,0.0
1,8,5,0,,,,1.7301834,0.0,0.0,0.0,0.0
1,9,5,0,,,,0.98705,0.0,0.0,0.0,21.45
1,10,5,0,,,,1.3732333,0.0,0.0,0.0,166.3
1,11,5,0,,,,1.9958833,0.0,0.0,0.0,182.8
1,12,5,0,,,,2.2972667,0.0,0.0,0.0,382.87
1,13,5,0,,,,2.4517167,0.0,0.0,0.0,456.8
1,14,5,0,,,,2.21875,0.0,0.0,0.0,54.25
1,15,5,0,,,,1.0952333,0.0,0.0,0.0,21.14
1,16,5,0,,,,0.2427334,0.0,0.0,0.0,13.08
1,17,5,0,,,,0.07623341,0.0,0.0,0.0,0.0
1,18,5,0,,,,0.083950065,0.0,0.0,0.0,0.0
1,19,5,0,,,,0.13988338,0.0,0.0,0.0,0.0
1,20,5,0,,,,1.3734666,0.0,0.0,0.0,0.0
1,21,5,0,,,,1.4817667,0.0,0.0,0.0,0.0
1,22,5,0,,,,1.0409,0.0,0.0,0.0,0.0
1,23,5,0,,,,1.7507334,0.0,0.0,0.0,0.0
1,24,5,0,,,,1.565025,0.0,0.0,0.0,0.0
1,1,6,0,,,,3.638,0.0,0.0,0.0,0.0
1,2,6,0,,,,2.29795,0.0,0.0,0.0,0.0
1,3,6,0,,,,1.81075,0.0,0.0,0.0,0.0
1,4,6,0,,,,1.95185,0.0,0.0,0.0,0.0
1,5,6,0,,,,1.6985166,0.0,0.0,0.0,0.0
1,6,6,0,,,,1.5366833,0.0,0.0,0.0,0.0
1,7,6,0,,,,1.4453334,0.0,0.0,0.0,0.0
1,8,6,0,,,,1.6094,0.0,0.0,0.0,0.0
1,9,6,0,,,,1.4643,0.0,0.0,0.0,4.03
1,10,6,0,,,,1.8238167,0.0,0.0,0.0,138.05
1,11,6,0,,,,2.00985,0.0,0.0,0.0,34.01
1,12,6,0,,,,2.3556166,0.0,0.0,0.0,90.82
1,13,6,0,,,,2.3542666,0.0,0.0,0.0,104.27
1,14,6,0,,,,2.16125,0.0,0.0,0.0,75.24
1,15,6,0,,,,1.4036334,0.0,0.0,0.0,45.53
1,16,6,0,,,,0.021050101,0.0,0.0,0.0,3.89
1,17,6,0,,,,9.9999994e-08,0.0,0.0,0.0,0.0
1,18,6,0,,,,9.9999994e-08,0.0,0.0,0.0,0.0
1,19,6,0,,,,0.09231675,0.0,0.0,0.0,0.0
1,20,6,0,,,,0.06413342,0.0,0.0,0.0,0.0
1,21,6,0,,,,1.1070334,0.0,0.0,0.0,0.0
1,22,6,0,,,,0.60535,0.0,0.0,0.0,0.0
1,23,6,0,,,,0.5832833,0.0,0.0,0.0,0.0
1,24,6,0,,,,1.1790917,0.0,0.0,0.0,0.0
1,1,7,0,,,,0.5847667,0.0,0.0,0.0,0.0
1,2,7,0,,,,1.1654,0.0,0.0,0.0,0.0
1,3,7,0,,,,0.60385,0.0,0.0,0.0,0.0
1,4,7,0,,,,1.44875,0.0,0.0,0.0,0.0
1,5,7,0,,,,1.0714,0.0,0.0,0.0,0.0
1,6,7,0,,,,1.1195,0.0,0.0,0.0,0.0
1,7,7,0,,,,0.9661833,0.0,0.0,0.0,0.0
1,8,7,0,,,,0.5933667,0.0,0.0,0.0,0.0
1,9,7,0,,,,0.68345,0.0,0.0,0.0,0.0
1,10,7,0,,,,1.2778,0.0,0.0,0.0,82.26
1,11,7,0,,,,2.09645,0.0,0.0,0.0,56.86
1,12,7,0,,,,2.4853,0.0,0.0,0.0,90.62
1,13,7,0,,,,1.5903333,0.0,0.0,0.0,44.59
1,14,7,0,,,,0.46878332,0.0,0.0,0.0,29.75
1,15,7,0,,,,0.2680667,0.0,0.0,0.0,9.07
1,16,7,0,,,,0.03343343,0.0,0.0,0.0,11.03
1,17,7,0,,,,9.9999994e-08,0.0,0.0,0.0,0.0
1,18,7,0,,,,0.7132167,0.0,0.0,0.0,0.0
1,19,7,0,,,,0.97793335,0.0,0.0,0.0,0.0
1,20,7,0,,,,1.1223834,0.0,0.0,0.0,0.0
1,21,7,0,,,,0.7400333,0.0,0.0,0.0,0.0
1,22,7,0,,,,0.5739833,0.0,0.0,0.0,0.0
1,23,7,0,,,,0.5132,0.0,0.0,0.0,0.0
1,24,7,0,,,,0.40434167,0.0,0.0,0.0,0.0
1,1,1,0,,,,0.39801666,0.0,0.0,0.0,0.0
1,2,1,0,,,,0.42215,0.0,0.0,0.0,0.0
1,3,1,0,,,,0.5570167,0.0,0.0,0.0,0.0
1,4,1,0,,,,0.5766,0.0,0.0,0.0,0.0
1,5,1,0,,,,0.38548332,0.0,0.0,0.0,0.0
1,6,1,0,,,,2.10845,0.0,0.0,0.0,0.0
1,7,1,0,,,,1.0448834,0.0,0.0,0.0,0.0
1,8,1,0,,,,0.3752,0.0,0.0,0.0,0.0
1,9,1,0,,,,1.0946167,0.0,0.0,0.0,1.68
1,10,1,0,,,,1.4495667,0.0,0.0,0.0,18.75
1,11,1,0,,,,2.0672333,0.0,0.0,0.0,30.64
1,12,1,0,,,,2.2718334,0.0,0.0,0.0,42.3
1,13,1,0,,,,2.34245,0.0,0.0,0.0,33.65
1,14,1,0,,,,1.5824833,0.0,0.0,0.0,32.03
1,15,1,0,,,,1.2207032e-07,0.0,0.0,0.0,23.7
1,16,1,0,,,,0.11578338,0.0,0.0,0.0,12.99
1,17,1,0,,,,9.9850055e-08,0.0,0.0,0.0,0.0
1,18,1,0,,,,9.9999994e-08,0.0,0.0,0.0,0.0
1,19,1,0,,,,0.035483424,0.0,0.0,0.0,0.0
1,20,1,0,,,,0.715,0.0,0.0,0.0,0.0
1,21,1,0,,,,0.8631167,0.0,0.0,0.0,0.0
1,22,1,0,,,,0.8841,0.0,0.0,0.0,0.0
1,23,1,0,,,,1.0161667,0.0,0.0,0.0,0.0
1,24,1,0,,,,0.6322,0.0,0.0,0.0,0.0
1,1,2,0,,,,0.96695,0.0,0.0,0.0,0.0
1,2,2,0,,,,0.9716667,0.0,0.0,0.0,0.0
1,3,2,0,,,,0.8703167,0.0,0.0,0.0,0.0
1,4,2,0,,,,1.5722667,0.0,0.0,0.0,0.0
1,5,2,0,,,,1.16405,0.0,0.0,0.0,0.0
1,6,2,0,,,,1.0504333,0.0,0.0,0.0,0.0
1,7,2,0,,,,0.91914165,0.0,0.0,0.0,0.0
1,8,2,0,,,,0.75095,0.0,0.0,0.0,0.0
1,9,2,0,,,,0.9513,0.0,0.0,0.0,1.69
1,10,2,0,,,,1.46695,0.0,0.0,0.0,109.99
1,11,2,0,,,,2.0078166,0.0,0.0,0.0,53.77
1,12,2,0,,,,2.3041832,0.0,0.0,0.0,66.03
1,13,2,0,,,,2.3089666,0.0,0.0,0.0,70.07
1,14,2,0,,,,1.2299,0.0,0.0,0.0,29.16
1,15,2,0,,,,0.04605011,0.0,0.0,0.0,81.21
1,16,2,0,,,,0.22968338,0.0,0.0,0.0,83.27
1,17,2,0,,,,9.99591e-08,0.0,0.0,0.0,0.0
1,18,2,0,,,,9.9999994e-08,0.0,0.0,0.0,0.0
1,19,2,0,,,,9.9999994e-08,0.0,0.0,0.0,0.0
1,20,2,0,,,,9.9999994e-08,0.0,0.0,0.0,0.0
1,21,2,0,,,,0.2192834,0.0,0.0,0.0,0.0
1,22,2,0,,,,1.4505334,0.0,0.0,0.0,0.0
1,23,2,0,,,,0.8056611,0.0,0.0,0.0,0.0
1,24,2,0,,,,1.2915334,0.0,0.0,0.0,0.0
2,1,3,0,,,,1.0698833,0.0,0.0,0.0,0.0
2,2,3,0,,,,1.76615,0.0,0.0,0.0,0.0
2,3,3,0,,,,1.62935,0.0,0.0,0.0,0.0
2,4,3,0,,,,1.3004167,0.0,0.0,0.0,0.0
2,5,3,0,,,,1.3993334,0.0,0.0,0.0,0.0
2,6,3,0,,,,1.2848834,0.0,0.0,0.0,0.0
2,7,3,0,,,,1.5125834,0.0,0.0,0.0,0.0
2,8,3,0,,,,1.2311333,0.0,0.0,0.0,0.0
2,9,3,0,,,,0.8993667,0.0,0.0,0.0,59.85
2,10,3,0,,,,1.4391333,0.0,0.0,0.0,98.85
2,11,3,0,,,,1.9820167,0.0,0.0,0.0,55.87
2,12,3,0,,,,2.2528667,0.0,0.0,0.0,81.03
2,13,3,0,,,,2.0019,0.0,0.0,0.0,69.49
2,14,3,0,,,,1.6878,0.0,0.0,0.0,57.98
2,15,3,0,,,,0.47071674,0.0,0.0,0.0,68.57
2,16,3,0,,,,0.10731671,0.0,0.0,0.0,9.07
2,17,3,0,,,,9.9945474e-08,0.0,0.0,0.0,0.23
2,18,3,0,,,,9.9999994e-08,0.0,0.0,0.0,0.0
2,19,3,0,,,,9.9999994e-08,0.0,0.0,0.0,0.0
2,20,3,0,,,,0.0055500865,0.0,0.0,0.0,0.0
2,21,3,0,,,,9.9999994e-08,0.0,0.0,0.0,0.0
2,22,3,0,,,,0.5086667,0.0,0.0,0.0,0.0
2,23,3,0,,,,0.50825,0.0,0.0,0.0,0.0
2,24,3,0,,,,0.36170834,0.0,0.0,0.0,0.0
2,1,4,0,,,,0.6107,0.0,0.0,0.0,0.0
2,2,4,0,,,,0.7973833,0.0,0.0,0.0,0.0
2,3,4,0,,,,0.39341667,0.0,0.0,0.0,0.0
2,4,4,0,,,,0.37583333,0.0,0.0,0.0,0.0
2,5,4,0,,,,0.58725,0.0,0.0,0.0,0.0
2,6,4,0,,,,0.40476668,0.0,0.0,0.0,0.0
2,7,4,0,,,,0.88408333,0.0,0.0,0.0,0.0
2,8,4,0,,,,1.6122167,0.0,0.0,0.0,0.0
2,9,4,0,,,,1.18905,0.0,0.0,0.0,64.34
2,10,4,0,,,,1.4318833,0.0,0.0,0.0,16.61
2,11,4,0,,,,1.9306,0.0,0.0,0.0,29.11
2,12,4,0,,,,2.1349168,0.0,0.0,0.0,63.22
2,13,4,0,,,,1.77995,0.0,0.0,0.0,58.24
2,14,4,0,,,,1.3805166,0.0,0.0,0.0,44.56
2,15,4,0,,,,0.73178333,0.0,0.0,0.0,139.17
2,16,4,0,,,,0.18080002,0.0,0.0,0.0,11.03
2,17,4,0,,,,0.2869167,0.0,0.0,0.0,0.59
2,18,4,0,,,,0.6736,0.0,0.0,0.0,0.0
2,19,4,0,,,,1.3452,0.0,0.0,0.0,0.0
2,20,4,0,,,,1.3327167,0.0,0.0,0.0,0.0
2,21,4,0,,,,1.2603834,0.0,0.0,0.0,0.0
2,22,4,0,,,,1.2457833,0.0,0.0,0.0,0.0
2,23,4,0,,,,1.0726334,0.0,0.0,0.0,0.0
2,24,4,0,,,,1.0923083,0.0,0.0,0.0,0.0
2,1,5,0,,,,1.032225,0.0,0.0,0.0,0.0
2,2,5,0,,,,1.0601833,0.0,0.0,0.0,0.0
2,3,5,0,,,,1.4402,0.0,0.0,0.0,0.0
2,4,5,0,,,,1.0748167,0.0,0.0,0.0,0.0
2,5,5,0,,,,1.5745833,0.0,0.0,0.0,0.0
2,6,5,0,,,,1.8645834,0.0,0.0,0.0,0.0
2,7,5,0,,,,0.8192,0.0,0.0,0.0,0.0
2,8,5,0,,,,0.84208333,0.0,0.0,0.0,0.0
2,9,5,0,,,,0.92345,0.0,0.0,0.0,0.0
2,10,5,0,,,,0.85038334,0.0,0.0,0.0,84.15
2,11,5,0,,,,0.4636,0.0,0.0,0.0,75.63
2,12,5,0,,,,0.40061668,0.0,0.0,0.0,94.34
2,13,5,0,,,,0.43983334,0.0,0.0,0.0,69.51
2,14,5,0,,,,0.4198,0.0,0.0,0.0,35.01
2,15,5,0,,,,0.41861665,0.0,0.0,0.0,10.32
2,16,5,0,,,,1.6638666,0.0,0.0,0.0,7.15
2,17,5,0,,,,2.1570168,0.0,0.0,0.0,1.19
2,18,5,0,,,,1.3617333,0.0,0.0,0.0,0.0
2,19,5,0,,,,1.5735,0.0,0.0,0.0,0.0
2,20,5,0,,,,1.3905333,0.0,0.0,0.0,0.0
2,21,5,0,,,,0.782,0.0,0.0,0.0,0.0
2,22,5,0,,,,1.5252,0.0,0.0,0.0,0.0
2,23,5,0,,,,0.8408667,0.0,0.0,0.0,0.0
2,24,5,0,,,,1.5897417,0.0,0.0,0.0,0.0
2,1,6,0,,,,1.4083834,0.0,0.0,0.0,0.0
2,2,6,0,,,,1.1558666,0.0,0.0,0.0,0.0
2,3,6,0,,,,1.0480167,0.0,0.0,0.0,0.0
2,4,6,0,,,,1.12905,0.0,0.0,0.0,0.0
2,5,6,0,,,,1.1026833,0.0,0.0,0.0,0.0
2,6,6,0,,,,0.4042,0.0,0.0,0.0,0.0
2,7,6,0,,,,0.30688334,0.0,0.0,0.0,0.0
2,8,6,0,,,,0.46555,0.0,0.0,0.0,0.0
2,9,6,0,,,,0.45335,0.0,0.0,0.0,1.2
2,10,6,0,,,,1.6826833,0.0,0.0,0.0,27.35
2,11,6,0,,,,0.93191665,0.0,0.0,0.0,46.62
2,12,6,0,,,,0.48831666,0.0,0.0,0.0,75.56
2,13,6,0,,,,0.83855,0.0,0.0,0.0,101.32
2,14,6,0,,,,1.4037334,0.0,0.0,0.0,88.22
2,15,6,0,,,,1.2740333,0.0,0.0,0.0,72.0
2,16,6,0,,,,0.26818335,0.0,0.0,0.0,342.45
2,17,6,0,,,,0.12465007,0.0,0.0,0.0,0.37
2,18,6,0,,,,0.8132333,0.0,0.0,0.0,0.0
2,19,6,0,,,,0.74941665,0.0,0.0,0.0,0.0
2,20,6,0,,,,0.78316665,0.0,0.0,0.0,0.0
2,21,6,0,,,,1.0479833,0.0,0.0,0.0,0.0
2,22,6,0,,,,0.7367833,0.0,0.0,0.0,0.0
2,23,6,0,,,,1.0664,0.0,0.0,0.0,0.0
2,24,6,0,,,,2.1584167,0.0,0.0,0.0,0.0
2,1,7,0,,,,1.8947667,0.0,0.0,0.0,0.0
2,2,7,0,,,,1.6826167,0.0,0.0,0.0,0.0
2,3,7,0,,,,1.3863,0.0,0.0,0.0,0.0
2,4,7,0,,,,1.4937167,0.0,0.0,0.0,0.0
2,5,7,0,,,,1.9635333,0.0,0.0,0.0,0.0
2,6,7,0,,,,2.0217834,0.0,0.0,0.0,0.0
2,7,7,0,,,,1.4646667,0.0,0.0,0.0,0.0
2,8,7,0,,,,1.3755167,0.0,0.0,0.0,0.0
2,9,7,0,,,,1.4089333,0.0,0.0,0.0,0.39
2,10,7,0,,,,1.58505,0.0,0.0,0.0,148.92
2,11,7,0,,,,0.93436664,0.0,0.0,0.0,43.41
2,12,7,0,,,,1.2247666,0.0,0.0,0.0,19.59
2,13,7,0,,,,1.1449,0.0,0.0,0.0,76.82
2,14,7,0,,,,0.7376,0.0,0.0,0.0,89.94
2,15,7,0,,,,0.25136667,0.0,0.0,0.0,105.32
2,16,7,0,,,,0.09340001,0.0,0.0,0.0,23.99
2,17,7,0,,,,0.24216668,0.0,0.0,0.0,1.23
2,18,7,0,,,,0.66838336,0.0,0.0,0.0,0.0
2,19,7,0,,,,0.67226666,0.0,0.0,0.0,0.0
2,20,7,0,,,,1.80665,0.0,0.0,0.0,0.0
2,21,7,0,,,,2.1527,0.0,0.0,0.0,0.0
2,22,7,0,,,,1.36725,0.0,0.0,0.0,0.0
2,23,7,0,,,,1.5629166,0.0,0.0,0.0,0.0
2,24,7,0,,,,1.05825,0.0,0.0,0.0,0.0
2,1,1,0,,,,1.5025166,0.0,0.0,0.0,0.0
2,2,1,0,,,,1.2145833,0.0,0.0,0.0,0.0
2,3,1,0,,,,1.93035,0.0,0.0,0.0,0.0
2,4,1,0,,,,1.057675,0.0,0.0,0.0,0.0
2,5,1,0,,,,1.4810166,0.0,0.0,0.0,0.0
2,6,1,0,,,,1.10815,0.0,0.0,0.0,0.0
2,7,1,0,,,,1.4351,0.0,0.0,0.0,0.0
2,8,1,0,,,,1.4316334,0.0,0.0,0.0,0.0
2,9,1,0,,,,2.1704,0.0,0.0,0.0,0.03
2,10,1,0,,,,2.0945,0.0,0.0,0.0,106.05
2,11,1,0,,,,1.2766666,0.0,0.0,0.0,57.93
2,12,1,0,,,,1.2628666,0.0,0.0,0.0,67.77
2,13,1,0,,,,0.8012,0.0,0.0,0.0,45.73
2,14,1,0,,,,1.08255,0.0,0.0,0.0,99.08
2,15,1,0,,,,0.82126665,0.0,0.0,0.0,78.16
2,16,1,0,,,,0.82738334,0.0,0.0,0.0,132.85
2,17,1,0,,,,0.9586667,0.0,0.0,0.0,174.49
2,18,1,0,,,,0.7755167,0.0,0.0,0.0,0.0
2,19,1,0,,,,1.1319333,0.0,0.0,0.0,0.0
2,20,1,0,,,,0.73621666,0.0,0.0,0.0,0.0
2,21,1,0,,,,1.0962666,0.0,0.0,0.0,0.0
2,22,1,0,,,,1.97065,0.0,0.0,0.0,0.0
2,23,1,0,,,,1.0504333,0.0,0.0,0.0,0.0
2,24,1,0,,,,1.060075,0.0,0.0,0.0,0.0
2,1,2,0,,,,1.12505,0.0,0.0,0.0,0.0
2,2,2,0,,,,1.6345,0.0,0.0,0.0,0.0
2,3,2,0,,,,1.2366166,0.0,0.0,0.0,0.0
2,4,2,0,,,,0.99018335,0.0,0.0,0.0,0.0
2,5,2,0,,,,1.0245833,0.0,0.0,0.0,0.0
2,6,2,0,,,,1.6741834,0.0,0.0,0.0,0.0
2,7,2,0,,,,0.7417667,0.0,0.0,0.0,0.0
2,8,2,0,,,,0.8605,0.0,0.0,0.0,0.0
2,9,2,0,,,,0.85363334,0.0,0.0,0.0,181.09
2,10,2,0,,,,0.57208335,0.0,0.0,0.0,426.47
2,11,2,0,,,,0.6046,0.0,0.0,0.0,366.77
2,12,2,0,,,,0.58643335,0.0,0.0,0.0,429.1
2,13,2,0,,,,0.6318667,0.0,0.0,0.0,476.19
2,14,2,0,,,,0.48471665,0.0,0.0,0.0,130.77
2,15,2,0,,,,0.65005,0.0,0.0,0.0,524.81
2,16,2,0,,,,0.34606665,0.0,0.0,0.0,445.11
2,17,2,0,,,,0.9529,0.0,0.0,0.0,165.29
2,18,2,0,,,,0.57455,0.0,0.0,0.0,0.0
2,19,2,0,,,,0.6257667,0.0,0.0,0.0,0.0
2,20,2,0,,,,0.85761666,0.0,0.0,0.0,0.0
2,21,2,0,,,,0.8305167,0.0,0.0,0.0,0.0
2,22,2,0,,,,1.48875,0.0,0.0,0.0,0.0
2,23,2,0,,,,0.8576667,0.0,0.0,0.0,0.0
2,24,2,0,,,,0.60595,0.0,0.0,0.0,0.0
2,1,3,0,,,,0.847,0.0,0.0,0.0,0.0
2,2,3,0,,,,0.6260333,0.0,0.0,0.0,0.0
2,3,3,0,,,,0.60955,0.0,0.0,0.0,0.0
2,4,3,0,,,,0.9196333,0.0,0.0,0.0,0.0
2,5,3,0,,,,0.84281665,0.0,0.0,0.0,0.0
2,6,3,0,,,,0.6932667,0.0,0.0,0.0,0.0
2,7,3,0,,,,0.45673335,0.0,0.0,0.0,0.0
2,8,3,0,,,,0.9234333,0.0,0.0,0.0,0.0
2,9,3,0,,,,1.0687667,0.0,0.0,0.0,205.7
2,10,3,0,,,,0.93775,0.0,0.0,0.0,441.71
2,11,3,0,,,,0.9433333,0.0,0.0,0.0,147.21
2,12,3,0,,,,1.0260667,0.0,0.0,0.0,150.23
2,13,3,0,,,,1.4185166,0.0,0.0,0.0,103.25
2,14,3,0,,,,1.5678,0.0,0.0,0.0,60.63
2,15,3,0,,,,1.2218167,0.0,0.0,0.0,27.87
2,16,3,0,,,,0.72653335,0.0,0.0,0.0,22.6
2,17,3,0,,,,1.0019063e-07,0.0,0.0,0.0,3.78
2,18,3,0,,,,0.033166755,0.0,0.0,0.0,0.0
2,19,3,0,,,,9.9999994e-08,0.0,0.0,0.0,0.0
2,20,3,0,,,,0.28035006,0.0,0.0,0.0,0.0
2,21,3,0,,,,1.7989167,0.0,0.0,0.0,0.0
2,22,3,0,,,,0.9033222,0.0,0.0,0.0,0.0
2,23,3,0,,,,1.0762666,0.0,0.0,0.0,0.0
2,24,3,0,,,,0.87406665,0.0,0.0,0.0,0.0
2,1,4,0,,,,1.0413667,0.0,0.0,0.0,0.0
2,2,4,0,,,,1.4644667,0.0,0.0,0.0,0.0
2,3,4,0,,,,1.1170666,0.0,0.0,0.0,0.0
2,4,4,0,,,,1.0744333,0.0,0.0,0.0,0.0
2,5,4,0,,,,1.2149167,0.0,0.0,0.0,0.0
2,6,4,0,,,,1.0124333,0.0,0.0,0.0,0.0
2,7,4,0,,,,1.0202334,0.0,0.0,0.0,0.0
2,8,4,0,,,,0.78886664,0.0,0.0,0.0,0.0
2,9,4,0,,,,1.0550333,0.0,0.0,0.0,33.44
2,10,4,0,,,,1.7031167,0.0,0.0,0.0,107.82
2,11,4,0,,,,2.0689666,0.0,0.0,0.0,92.35
2,12,4,0,,,,2.2541833,0.0,0.0,0.0,147.12
2,13,4,0,,,,2.0976334,0.0,0.0,0.0,92.05
2,14,4,0,,,,0.3824,0.0,0.0,0.0,80.09
2,15,4,0,,,,0.087300085,0.0,0.0,0.0,45.39
2,16,4,0,,,,0.5804389,0.0,0.0,0.0,28.79
2,17,4,0,,,,9.989095e-08,0.0,0.0,0.0,8.0
2,18,4,0,,,,9.9999994e-08,0.0,0.0,0.0,0.0
2,19,4,0,,,,9.9999994e-08,0.0,0.0,0.0,0.0
2,20,4,0,,,,9.9999994e-08,0.0,0.0,0.0,0.0
2,21,4,0,,,,0.2765667,0.0,0.0,0.0,0.0
2,22,4,0,,,,0.5815667,0.0,0.0,0.0,0.0
2,23,4,0,,,,0.59926665,0.0,0.0,0.0,0.0
2,24,4,0,,,,0.5126333,0.0,0.0,0.0,0.0
2,1,5,0,,,,0.9326,0.0,0.0,0.0,0.0
2,2,5,0,,,,0.38446668,0.0,0.0,0.0,0.0
2,3,5,0,,,,0.40061668,0.0,0.0,0.0,0.0
2,4,5,0,,,,0.356,0.0,0.0,0.0,0.0
2,5,5,0,,,,0.37463334,0.0,0.0,0.0,0.0
2,6,5,0,,,,0.54195,0.0,0.0,0.0,0.0
2,7,5,0,,,,0.6878333,0.0,0.0,0.0,0.0
2,8,5,0,,,,0.94805,0.0,0.0,0.0,0.0
2,9,5,0,,,,0.8088833,0.0,0.0,0.0,0.44
2,10,5,0,,,,0.69331664,0.0,0.0,0.0,46.19
2,11,5,0,,,,0.6907333,0.0,0.0,0.0,153.62
2,12,5,0,,,,0.67915,0.0,0.0,0.0,140.11
2,13,5,0,,,,0.68021667,0.0,0.0,0.0,118.07
2,14,5,0,,,,0.62313336,0.0,0.0,0.0,580.05
2,15,5,0,,,,0.45708334,0.0,0.0,0.0,636.99
2,16,5,0,,,,0.014816737,0.0,0.0,0.0,423.0
2,17,5,0,,,,0.3798167,0.0,0.0,0.0,215.67
2,18,5,0,,,,0.69546664,0.0,0.0,0.0,0.0
2,19,5,0,,,,0.62313336,0.0,0.0,0.0,0.0
2,20,5,0,,,,0.60436666,0.0,0.0,0.0,0.0
2,21,5,0,,,,0.6038667,0.0,0.0,0.0,0.0
2,22,5,0,,,,1.0659833,0.0,0.0,0.0,0.0
2,23,5,0,,,,0.7518167,0.0,0.0,0.0,0.0
2,24,5,0,,,,1.8177583,0.0,0.0,0.0,0.0
2,1,6,0,,,,1.3698334,0.0,0.0,0.0,0.0
2,2,6,0,,,,1.33715,0.0,0.0,0.0,0.0
2,3,6,0,,,,0.7384,0.0,0.0,0.0,0.0
2,4,6,0,,,,1.31345,0.0,0.0,0.0,0.0
2,5,6,0,,,,0.81408334,0.0,0.0,0.0,0.0
2,6,6,0,,,,1.1321833,0.0,0.0,0.0,0.0
2,7,6,0,,,,0.94878334,0.0,0.0,0.0,0.0
2,8,6,0,,,,0.99443334,0.0,0.0,0.0,0.0
2,9,6,0,,,,1.2436666,0.0,0.0,0.0,9.31
2,10,6,0,,,,1.6651167,0.0,0.0,0.0,28.79
2,11,6,0,,,,1.5239,0.0,0.0,0.0,48.43
2,12,6,0,,,,0.6259,0.0,0.0,0.0,78.7
2,13,6,0,,,,1.5040333,0.0,0.0,0.0,53.7
2,14,6,0,,,,1.8945,0.0,0.0,0.0,48.63
2,15,6,0,,,,1.8349,0.0,0.0,0.0,39.74
2,16,6,0,,,,0.91400003,0.0,0.0,0.0,19.29
2,17,6,0,,,,9.987732e-08,0.0,0.0,0.0,4.23
2,18,6,0,,,,9.9999994e-08,0.0,0.0,0.0,0.0
2,19,6,0,,,,9.9999994e-08,0.0,0.0,0.0,0.0
2,20,6,0,,,,9.9999994e-08,0.0,0.0,0.0,0.0
2,21,6,0,,,,0.34840834,0.0,0.0,0.0,0.0
2,22,6,0,,,,0.5140333,0.0,0.0,0.0,0.0
2,23,6,0,,,,0.45066667,0.0,0.0,0.0,0.0
2,24,6,0,,,,0.50015,0.0,0.0,0.0,0.0
2,1,7,0,,,,0.46668333,0.0,0.0,0.0,0.0
2,2,7,0,,,,0.47378334,0.0,0.0,0.0,0.0
2,3,7,0,,,,0.8534167,0.0,0.0,0.0,0.0
2,4,7,0,,,,0.44228333,0.0,0.0,0.0,0.0
2,5,7,0,,,,0.8667833,0.0,0.0,0.0,0.0
2,6,7,0,,,,0.83751667,0.0,0.0,0.0,0.0
2,7,7,0,,,,1.2071667,0.0,0.0,0.0,0.0
2,8,7,0,,,,0.8577,0.0,0.0,0.0,0.0
2,9,7,0,,,,0.7755833,0.0,0.0,0.0,54.36
2,10,7,0,,,,1.6284833,0.0,0.0,0.0,137.98
2,11,7,0,,,,2.1223333,0.0,0.0,0.0,67.4
2,12,7,0,,,,2.5434916,0.0,0.0,0.0,65.79
2,13,7,0,,,,2.7397168,0.0,0.0,0.0,125.69
2,14,7,0,,,,2.1729167,0.0,0.0,0.0,100.31
2,15,7,0,,,,1.1439,0.0,0.0,0.0,199.67
2,16,7,0,,,,0.15085009,0.0,0.0,0.0,131.66
2,17,7,0,,,,0.070866756,0.0,0.0,0.0,23.83
2,18,7,0,,,,0.00048343,0.0,0.0,0.0,0.0
2,19,7,0,,,,9.9999994e-08,0.0,0.0,0.0,0.0
2,20,7,0,,,,9.9999994e-08,0.0,0.0,0.0,0.0
2,21,7,0,,,,0.00050009665,0.0,0.0,0.0,0.0
2,22,7,0,,,,9.9999994e-08,0.0,0.0,0.0,0.0
2,23,7,0,,,,0.28295004,0.0,0.0,0.0,0.0
2,24,7,0,,,,0.40158334,0.0,0.0,0.0,0.0
2,1,1,0,,,,0.4338,0.0,0.0,0.0,0.0
2,2,1,0,,,,0.6059,0.0,0.0,0.0,0.0
2,3,1,0,,,,2.0256333,0.0,0.0,0.0,0.0
2,4,1,0,,,,1.5056833,0.0,0.0,0.0,0.0
2,5,1,0,,,,1.1322334,0.0,0.0,0.0,0.0
2,6,1,0,,,,1.2076833,0.0,0.0,0.0,0.0
2,7,1,0,,,,0.94771665,0.0,0.0,0.0,0.0
2,8,1,0,,,,0.9959667,0.0,0.0,0.0,0.0
2,9,1,0,,,,1.0300833,0.0,0.0,0.0,86.16
2,10,1,0,,,,1.7614167,0.0,0.0,0.0,133.04
2,11,1,0,,,,2.1865666,0.0,0.0,0.0,104.28
2,12,1,0,,,,2.4209666,0.0,0.0,0.0,221.98
2,13,1,0,,,,1.9354666,0.0,0.0,0.0,133.05
2,14,1,0,,,,0.76463336,0.0,0.0,0.0,137.49
2,15,1,0,,,,1.4061,0.0,0.0,0.0,91.0
2,16,1,0,,,,0.062433437,0.0,0.0,0.0,107.01
2,17,1,0,,,,9.974101e-08,0.0,0.0,0.0,50.83
2,18,1,0,,,,9.9999994e-08,0.0,0.0,0.0,0.0
2,19,1,0,,,,9.9999994e-08,0.0,0.0,0.0,0.0
2,20,1,0,,,,9.9999994e-08,0.0,0.0,0.0,0.0
2,21,1,0,,,,0.32098338,0.0,0.0,0.0,0.0
2,22,1,0,,,,0.69388336,0.0,0.0,0.0,0.0
2,23,1,0,,,,0.6637833,0.0,0.0,0.0,0.0
2,24,1,0,,,,0.42985833,0.0,0.0,0.0,0.0
2,1,2,0,,,,0.36753333,0.0,0.0,0.0,0.0
2,2,2,0,,,,0.42398334,0.0,0.0,0.0,0.0
2,3,2,0,,,,0.3645,0.0,0.0,0.0,0.0
2,4,2,0,,,,0.40265,0.0,0.0,0.0,0.0
2,5,2,0,,,,0.8522,0.0,0.0,0.0,0.0
2,6,2,0,,,,0.5272667,0.0,0.0,0.0,0.0
2,7,2,0,,,,1.2934333,0.0,0.0,0.0,0.0
2,8,2,0,,,,0.661,0.0,0.0,0.0,0.0
2,9,2,0,,,,2.007,0.0,0.0,0.0,77.87
2,10,2,0,,,,2.0097833,0.0,0.0,0.0,64.94
2,11,2,0,,,,2.249,0.0,0.0,0.0,93.48
2,12,2,0,,,,2.5392334,0.0,0.0,0.0,140.77
2,13,2,0,,,,1.75915,0.0,0.0,0.0,66.46
2,14,2,0,,,,0.5147667,0.0,0.0,0.0,54.2
2,15,2,0,,,,0.3772667,0.0,0.0,0.0,37.52
2,16,2,0,,,,0.09335009,0.0,0.0,0.0,23.8
2,17,2,0,,,,0.05273342,0.0,0.0,0.0,14.48
2,18,2,0,,,,1.0317667,0.0,0.0,0.0,0.0
2,19,2,0,,,,1.1949,0.0,0.0,0.0,0.0
2,20,2,0,,,,0.9672833,0.0,0.0,0.0,0.0
2,21,2,0,,,,0.81355,0.0,0.0,0.0,0.0
2,22,2,0,,,,0.769025,0.0,0.0,0.0,0.0
2,23,2,0,,,,0.84286666,0.0,0.0,0.0,0.0
2,24,2,0,,,,1.437325,0.0,0.0,0.0,0.0
2,1,3,0,,,,1.0023667,0.0,0.0,0.0,0.0
2,2,3,0,,,,0.76566666,0.0,0.0,0.0,0.0
2,3,3,0,,,,0.8469,0.0,0.0,0.0,0.0
2,4,3,0,,,,0.80411667,0.0,0.0,0.0,0.0
2,5,3,0,,,,0.9975167,0.0,0.0,0.0,0.0
2,6,3,0,,,,0.9213667,0.0,0.0,0.0,0.0
2,7,3,0,,,,0.79605,0.0,0.0,0.0,0.0
2,8,3,0,,,,0.51935,0.0,0.0,0.0,0.0
2,9,3,0,,,,0.7841,0.0,0.0,0.0,15.54
2,10,3,0,,,,0.78353333,0.0,0.0,0.0,31.83
2,11,3,0,,,,0.80273336,0.0,0.0,0.0,167.21
2,12,3,0,,,,0.8297833,0.0,0.0,0.0,106.18
2,13,3,0,,,,0.3076,0.0,0.0,0.0,237.66
2,14,3,0,,,,0.35545,0.0,0.0,0.0,349.99
2,15,3,0,,,,0.32963333,0.0,0.0,0.0,408.75
2,16,3,0,,,,0.35131666,0.0,0.0,0.0,283.73
2,17,3,0,,,,0.34128332,0.0,0.0,0.0,16.46
2,18,3,0,,,,0.5740167,0.0,0.0,0.0,0.0
2,19,3,0,,,,0.68441665,0.0,0.0,0.0,0.0
2,20,3,0,,,,0.62831664,0.0,0.0,0.0,0.0
2,21,3,0,,,,0.66261667,0.0,0.0,0.0,0.0
2,22,3,0,,,,0.44616666,0.0,0.0,0.0,0.0
2,23,3,0,,,,0.4652,0.0,0.0,0.0,0.0
2,24,3,0,,,,0.41465,0.0,0.0,0.0,0.0
2,1,4,0,,,,0.45605,0.0,0.0,0.0,0.0
2,2,4,0,,,,0.6755,0.0,0.0,0.0,0.0
2,3,4,0,,,,0.73088336,0.0,0.0,0.0,0.0
2,4,4,0,,,,0.42983332,0.0,0.0,0.0,0.0
2,5,4,0,,,,0.40961668,0.0,0.0,0.0,0.0
2,6,4,0,,,,0.44763333,0.0,0.0,0.0,0.0
2,7,4,0,,,,0.3973,0.0,0.0,0.0,0.0
2,8,4,0,,,,0.81771666,0.0,0.0,0.0,0.0
2,9,4,0,,,,0.90386665,0.0,0.0,0.0,45.97
2,10,4,0,,,,0.96421665,0.0,0.0,0.0,103.93
2,11,4,0,,,,0.46265,0.0,0.0,0.0,124.43
2,12,4,0,,,,0.4418,0.0,0.0,0.0,408.8
2,13,4,0,,,,0.4936,0.0,0.0,0.0,725.54
2,14,4,0,,,,0.42441666,0.0,0.0,0.0,694.83
2,15,4,0,,,,0.4943,0.0,0.0,0.0,595.46
2,16,4,0,,,,0.43431666,0.0,0.0,0.0,449.18
2,17,4,0,,,,0.54658335,0.0,0.0,0.0,238.86
2,18,4,0,,,,0.6458,0.0,0.0,0.0,0.0
2,19,4,0,,,,0.6102167,0.0,0.0,0.0,0.0
2,20,4,0,,,,0.63696665,0.0,0.0,0.0,0.0
2,21,4,0,,,,0.59755,0.0,0.0,0.0,0.0
2,22,4,0,,,,0.65923333,0.0,0.0,0.0,0.0
2,23,4,0,,,,0.60695,0.0,0.0,0.0,0.0
2,24,4,0,,,,1.0525167,0.0,0.0,0.0,0.0
2,1,5,0,,,,0.49685,0.0,0.0,0.0,0.0
2,2,5,0,,,,0.49536666,0.0,0.0,0.0,0.0
2,3,5,0,,,,0.46371666,0.0,0.0,0.0,0.0
2,4,5,0,,,,0.38441667,0.0,0.0,0.0,0.0
2,5,5,0,,,,0.44146666,0.0,0.0,0.0,0.0
2,6,5,0,,,,0.48081666,0.0,0.0,0.0,0.0
2,7,5,0,,,,0.8391,0.0,0.0,0.0,0.0
2,8,5,0,,,,0.8689,0.0,0.0,0.0,0.0
2,9,5,0,,,,1.2144166,0.0,0.0,0.0,217.76
2,10,5,0,,,,0.5379,0.0,0.0,0.0,483.62
2,11,5,0,,,,0.68585,0.0,0.0,0.0,599.99
2,12,5,0,,,,0.84276664,0.0,0.0,0.0,710.45
2,13,5,0,,,,0.70858335,0.0,0.0,0.0,742.41
2,14,5,0,,,,0.6109333,0.0,0.0,0.0,726.71
2,15,5,0,,,,0.55083334,0.0,0.0,0.0,604.17
2,16,5,0,,,,2.8952,0.0,0.0,0.0,362.8
2,17,5,0,,,,1.88755,0.0,0.0,0.0,25.83
2,18,5,0,,,,1.7967167,0.0,0.0,0.0,0.0
2,19,5,0,,,,1.0719334,0.0,0.0,0.0,0.0
2,20,5,0,,,,1.6241167,0.0,0.0,0.0,0.0
2,21,5,0,,,,1.7060666,0.0,0.0,0.0,0.0
2,22,5,0,,,,1.4792833,0.0,0.0,0.0,0.0
2,23,5,0,,,,1.7566333,0.0,0.0,0.0,0.0
2,24,5,0,,,,1.6665584,0.0,0.0,0.0,0.0
2,1,6,0,,,,1.7120167,0.0,0.0,0.0,0.0
2,2,6,0,,,,1.40375,0.0,0.0,0.0,0.0
2,3,6,0,,,,1.3082833,0.0,0.0,0.0,0.0
2,4,6,0,,,,1.6313167,0.0,0.0,0.0,0.0
2,5,6,0,,,,1.2464833,0.0,0.0,0.0,0.0
2,6,6,0,,,,1.4627,0.0,0.0,0.0,0.0
2,7,6,0,,,,1.2044834,0.0,0.0,0.0,0.0
2,8,6,0,,,,1.5173334,0.0,0.0,0.0,0.0
2,9,6,0,,,,1.1276833,0.0,0.0,0.0,227.92
2,10,6,0,,,,1.1303,0.0,0.0,0.0,485.91
2,11,6,0,,,,1.2473834,0.0,0.0,0.0,643.64
2,12,6,0,,,,0.7855333,0.0,0.0,0.0,735.12
2,13,6,0,,,,0.86495,0.0,0.0,0.0,765.77
2,14,6,0,,,,0.6149333,0.0,0.0,0.0,731.95
2,15,6,0,,,,0.40856665,0.0,0.0,0.0,629.45
2,16,6,0,,,,0.68163335,0.0,0.0,0.0,471.78
2,17,6,0,,,,0.6354,0.0,0.0,0.0,253.46
2,18,6,0,,,,0.61820555,0.0,0.0,0.0,0.0
2,19,6,0,,,,0.6429333,0.0,0.0,0.0,0.0
2,20,6,0,,,,0.90685,0.0,0.0,0.0,0.0
2,21,6,0,,,,0.8868333,0.0,0.0,0.0,0.0
2,22,6,0,,,,0.94633335,0.0,0.0,0.0,0.0
2,23,6,0,,,,0.8893333,0.0,0.0,0.0,0.0
2,24,6,0,,,,0.61665,0.0,0.0,0.0,0.0
2,1,7,0,,,,0.8975667,0.0,0.0,0.0,0.0
2,2,7,0,,,,0.88663334,0.0,0.0,0.0,0.0
2,3,7,0,,,,2.42565,0.0,0.0,0.0,0.0
2,4,7,0,,,,2.36445,0.0,0.0,0.0,0.0
2,5,7,0,,,,1.5591167,0.0,0.0,0.0,0.0
2,6,7,0,,,,1.6125833,0.0,0.0,0.0,0.0
2,7,7,0,,,,1.2271,0.0,0.0,0.0,0.0
2,8,7,0,,,,1.3979666,0.0,0.0,0.0,0.0
2,9,7,0,,,,1.2805166,0.0,0.0,0.0,260.16
2,10,7,0,,,,1.33715,0.0,0.0,0.0,492.67
2,11,7,0,,,,1.0913334,0.0,0.0,0.0,648.34
2,12,7,0,,,,1.5140166,0.0,0.0,0.0,742.32
2,13,7,0,,,,1.7342666,0.0,0.0,0.0,769.32
2,14,7,0,,,,1.7928333,0.0,0.0,0.0,747.52
2,15,7,0,,,,1.4843333,0.0,0.0,0.0,633.14
2,16,7,0,,,,1.28625,0.0,0.0,0.0,483.78
2,17,7,0,,,,1.2811834,0.0,0.0,0.0,263.05
2,18,7,0,,,,1.3188,0.0,0.0,0.0,0.0
2,19,7,0,,,,1.2788833,0.0,0.0,0.0,0.0
2,20,7,0,,,,1.4751,0.0,0.0,0.0,0.0
2,21,7,0,,,,1.4818833,0.0,0.0,0.0,0.0
2,22,7,0,,,,1.2643666,0.0,0.0,0.0,0.0
2,23,7,0,,,,1.2915833,0.0,0.0,0.0,0.0
2,24,7,0,,,,1.5011,0.0,0.0,0.0,0.0
2,1,1,0,,,,1.3388166,0.0,0.0,0.0,0.0
2,2,1,0,,,,1.1082333,0.0,0.0,0.0,0.0
2,3,1,0,,,,1.5484,0.0,0.0,0.0,0.0
2,4,1,0,,,,1.4151,0.0,0.0,0.0,0.0
2,5,1,0,,,,1.866,0.0,0.0,0.0,0.0
2,6,1,0,,,,1.0703666,0.0,0.0,0.0,0.0
2,7,1,0,,,,1.5616333,0.0,0.0,0.0,0.0
2,8,1,0,,,,1.0679166,0.0,0.0,0.0,0.0
2,9,1,0,,,,1.3504833,0.0,0.0,0.0,162.02
2,10,1,0,,,,1.69545,0.0,0.0,0.0,296.15
2,11,1,0,,,,1.62135,0.0,0.0,0.0,126.1
2,12,1,0,,,,1.7312,0.0,0.0,0.0,36.34
2,13,1,0,,,,1.0420333,0.0,0.0,0.0,165.04
2,14,1,0,,,,0.4177,0.0,0.0,0.0,155.34
2,15,1,0,,,,0.66218334,0.0,0.0,0.0,28.5
2,16,1,0,,,,0.78635,0.0,0.0,0.0,146.35
2,17,1,0,,,,0.57806665,0.0,0.0,0.0,6.45
2,18,1,0,,,,1.2189333,0.0,0.0,0.0,0.0
2,19,1,0,,,,0.5681,0.0,0.0,0.0,0.0
2,20,1,0,,,,1.25485,0.0,0.0,0.0,0.0
2,21,1,0,,,,0.82238334,0.0,0.0,0.0,0.0
2,22,1,0,,,,1.2007166,0.0,0.0,0.0,0.0
2,23,1,0,,,,0.5776333,0.0,0.0,0.0,0.0
2,24,1,0,,,,1.5669,0.0,0.0,0.0,0.0
2,1,2,0,,,,0.76005,0.0,0.0,0.0,0.0
2,2,2,0,,,,1.3017167,0.0,0.0,0.0,0.0
2,3,2,0,,,,1.4408333,0.0,0.0,0.0,0.0
2,4,2,0,,,,1.0183834,0.0,0.0,0.0,0.0
2,5,2,0,,,,0.72415,0.0,0.0,0.0,0.0
2,6,2,0,,,,1.2555,0.0,0.0,0.0,0.0
2,7,2,0,,,,0.9367,0.0,0.0,0.0,0.0
2,8,2,0,,,,1.3703834,0.0,0.0,0.0,0.0
2,9,2,0,,,,1.4677,0.0,0.0,0.0,37.37
2,10,2,0,,,,0.77433336,0.0,0.0,0.0,148.73
2,11,2,0,,,,0.54828334,0.0,0.0,0.0,304.01
2,12,2,0,,,,0.3493,0.0,0.0,0.0,616.94
2,13,2,0,,,,0.37721667,0.0,0.0,0.0,782.68
2,14,2,0,,,,0.57516664,0.0,0.0,0.0,755.72
2,15,2,0,,,,0.6336167,0.0,0.0,0.0,672.69
2,16,2,0,,,,0.35396665,0.0,0.0,0.0,486.9
2,17,2,0,,,,0.69666666,0.0,0.0,0.0,295.33
2,18,2,0,,,,0.819,0.0,0.0,0.0,0.0
2,19,2,0,,,,0.83805,0.0,0.0,0.0,0.0
2,20,2,0,,,,1.2346833,0.0,0.0,0.0,0.0
2,21,2,0,,,,1.13875,0.0,0.0,0.0,0.0
2,22,2,0,,,,0.4609,0.0,0.0,0.0,0.0
2,23,2,0,,,,1.3144833,0.0,0.0,0.0,0.0
2,24,2,0,,,,1.2881833,0.0,0.0,0.0,0.0
2,1,3,0,,,,1.2181667,0.0,0.0,0.0,0.0
2,2,3,0,,,,1.3599167,0.0,0.0,0.0,0.0
2,3,3,0,,,,1.0403833,0.0,0.0,0.0,0.0
2,4,3,0,,,,1.0813,0.0,0.0,0.0,0.0
2,5,3,0,,,,1.3101667,0.0,0.0,0.0,0.0
2,6,3,0,,,,1.5987,0.0,0.0,0.0,0.0
2,7,3,0,,,,1.8857167,0.0,0.0,0.0,0.0
2,8,3,0,,,,1.8177167,0.0,0.0,0.0,0.0
2,9,3,0,,,,1.79105,0.0,0.0,0.0,93.86
2,10,3,0,,,,1.2336333,0.0,0.0,0.0,523.37
2,11,3,0,,,,1.2587667,0.0,0.0,0.0,670.68
2,12,3,0,,,,0.8560333,0.0,0.0,0.0,678.76
2,13,3,0,,,,0.6243333,0.0,0.0,0.0,810.42
2,14,3,0,,,,0.61105,0.0,0.0,0.0,672.87
2,15,3,0,,,,0.8646167,0.0,0.0,0.0,452.9
2,16,3,0,,,,0.8821,0.0,0.0,0.0,302.71
2,17,3,0,,,,1.271575,0.0,0.0,0.0,225.98
2,18,3,0,,,,0.8742667,0.0,0.0,0.0,0.0
2,19,3,0,,,,1.6763166,0.0,0.0,0.0,0.0
2,20,3,0,,,,1.34805,0.0,0.0,0.0,0.0
2,21,3,0,,,,1.4948833,0.0,0.0,0.0,0.0
2,22,3,0,,,,1.54945,0.0,0.0,0.0,0.0
2,23,3,0,,,,1.9145,0.0,0.0,0.0,0.0
2,24,3,0,,,,1.8287417,0.0,0.0,0.0,0.0
2,1,4,0,,,,1.6759666,0.0,0.0,0.0,0.0
2,2,4,0,,,,1.8129333,0.0,0.0,0.0,0.0
2,3,4,0,,,,0.41631666,0.0,0.0,0.0,0.0
2,4,4,0,,,,0.40838334,0.0,0.0,0.0,0.0
2,5,4,0,,,,0.42875,0.0,0.0,0.0,0.0
2,6,4,0,,,,0.6245667,0.0,0.0,0.0,0.0
2,7,4,0,,,,1.40745,0.0,0.0,0.0,0.0
2,8,4,0,,,,1.1409167,0.0,0.0,0.0,0.0
2,9,4,0,,,,0.7824,0.0,0.0,0.0,87.28
2,10,4,0,,,,0.92865,0.0,0.0,0.0,517.3
2,11,4,0,,,,1.3134834,0.0,0.0,0.0,699.71
2,12,4,0,,,,1.20155,0.0,0.0,0.0,807.42
2,13,4,0,,,,0.9217833,0.0,0.0,0.0,844.31
2,14,4,0,,,,1.05175,0.0,0.0,0.0,809.3
2,15,4,0,,,,0.5366667,0.0,0.0,0.0,677.57
2,16,4,0,,,,0.52038336,0.0,0.0,0.0,539.38
2,17,4,0,,,,0.48246667,0.0,0.0,0.0,303.12
2,18,4,0,,,,0.71335,0.0,0.0,0.0,0.0
2,19,4,0,,,,0.7586667,0.0,0.0,0.0,0.0
2,20,4,0,,,,1.0970167,0.0,0.0,0.0,0.0
2,21,4,0,,,,1.5198166,0.0,0.0,0.0,0.0
2,22,4,0,,,,2.8498166,0.0,0.0,0.0,0.0
2,23,4,0,,,,2.3965666,0.0,0.0,0.0,0.0
2,24,4,0,,,,1.9137334,0.0,0.0,0.0,0.0
2,1,5,0,,,,1.8648,0.0,0.0,0.0,0.0
2,2,5,0,,,,1.8731,0.0,0.0,0.0,0.0
2,3,5,0,,,,2.1129167,0.0,0.0,0.0,0.0
2,4,5,0,,,,2.1798832,0.0,0.0,0.0,0.0
2,5,5,0,,,,2.41065,0.0,0.0,0.0,0.0
2,6,5,0,,,,1.9906917,0.0,0.0,0.0,0.0
2,7,5,0,,,,1.73195,0.0,0.0,0.0,0.0
2,8,5,0,,,,1.7785333,0.0,0.0,0.0,0.0
2,9,5,0,,,,1.64795,0.0,0.0,0.0,114.06
2,10,5,0,,,,1.2289833,0.0,0.0,0.0,140.79
2,11,5,0,,,,0.8556167,0.0,0.0,0.0,219.92
2,12,5,0,,,,1.5632833,0.0,0.0,0.0,310.68
2,13,5,0,,,,0.5371,0.0,0.0,0.0,254.8
2,14,5,0,,,,0.36715,0.0,0.0,0.0,358.28
2,15,5,0,,,,0.43578333,0.0,0.0,0.0,153.65
2,16,5,0,,,,0.39213333,0.0,0.0,0.0,93.92
2,17,5,0,,,,0.45695,0.0,0.0,0.0,37.69
2,18,5,0,,,,0.57993335,0.0,0.0,0.0,0.0
2,19,5,0,,,,1.0483667,0.0,0.0,0.0,0.0
2,20,5,0,,,,0.44159168,0.0,0.0,0.0,0.0
2,21,5,0,,,,1.0927,0.0,0.0,0.0,0.0
2,22,5,0,,,,0.47001666,0.0,0.0,0.0,0.0
2,23,5,0,,,,1.2556666,0.0,0.0,0.0,0.0
2,24,5,0,,,,2.0784,0.0,0.0,0.0,0.0
2,1,6,0,,,,2.4385333,0.0,0.0,0.0,0.0
2,2,6,0,,,,2.3347666,0.0,0.0,0.0,0.0
2,3,6,0,,,,2.4896166,0.0,0.0,0.0,0.0
2,4,6,0,,,,1.7955333,0.0,0.0,0.0,0.0
2,5,6,0,,,,1.7661834,0.0,0.0,0.0,0.0
2,6,6,0,,,,1.7548333,0.0,0.0,0.0,0.0
2,7,6,0,,,,1.9629166,0.0,0.0,0.0,0.0
2,8,6,0,,,,1.6423167,0.0,0.0,0.0,0.0
2,9,6,0,,,,1.36435,0.0,0.0,0.0,148.42
2,10,6,0,,,,1.1278833,0.0,0.0,0.0,306.21
2,11,6,0,,,,0.8611,0.0,0.0,0.0,227.14
2,12,6,0,,,,0.93814164,0.0,0.0,0.0,758.14
2,13,6,0,,,,0.932625,0.0,0.0,0.0,810.18
2,14,6,0,,,,0.95523334,0.0,0.0,0.0,778.24
2,15,6,0,,,,0.85309446,0.0,0.0,0.0,679.61
2,16,6,0,,,,0.43786666,0.0,0.0,0.0,527.19
2,17,6,0,,,,0.4012,0.0,0.0,0.0,273.37
2,18,6,0,,,,0.45738333,0.0,0.0,0.0,0.0
2,19,6,0,,,,0.40173334,0.0,0.0,0.0,0.0
2,20,6,0,,,,0.45993334,0.0,0.0,0.0,0.0
2,21,6,0,,,,0.7298833,0.0,0.0,0.0,0.0
2,22,6,0,,,,2.30535,0.0,0.0,0.0,0.0
2,23,6,0,,,,1.9333,0.0,0.0,0.0,0.0
2,24,6,0,,,,1.7560416,0.0,0.0,0.0,0.0
2,1,7,0,,,,1.34995,0.0,0.0,0.0,0.0
2,2,7,0,,,,1.6243666,0.0,0.0,0.0,0.0
2,3,7,0,,,,1.7177666,0.0,0.0,0.0,0.0
2,4,7,0,,,,1.4350166,0.0,0.0,0.0,0.0
2,5,7,0,,,,1.6742667,0.0,0.0,0.0,0.0
2,6,7,0,,,,2.1159418,0.0,0.0,0.0,0.0
2,7,7,0,,,,1.53905,0.0,0.0,0.0,0.0
2,8,7,0,,,,1.4413834,0.0,0.0,0.0,0.0
2,9,7,0,,,,1.5363,0.0,0.0,0.0,10.46
2,10,7,0,,,,1.6850333,0.0,0.0,0.0,132.93
2,11,7,0,,,,1.9531333,0.0,0.0,0.0,58.63
2,12,7,0,,,,1.2044166,0.0,0.0,0.0,109.5
2,13,7,0,,,,0.99675,0.0,0.0,0.0,195.43
2,14,7,0,,,,1.2161833,0.0,0.0,0.0,115.94
2,15,7,0,,,,0.65433335,0.0,0.0,0.0,193.45
2,16,7,0,,,,0.50908333,0.0,0.0,0.0,45.35
2,17,7,0,,,,0.44875,0.0,0.0,0.0,197.86
2,18,7,0,,,,0.47466666,0.0,0.0,0.0,0.0
2,19,7,0,,,,0.47751668,0.0,0.0,0.0,0.0
2,20,7,0,,,,0.44908333,0.0,0.0,0.0,0.0
2,21,7,0,,,,0.9648,0.0,0.0,0.0,0.0
2,22,7,0,,,,1.2323166,0.0,0.0,0.0,0.0
2,23,7,0,,,,2.1164334,0.0,0.0,0.0,0.0
2,24,7,0,,,,2.47105,0.0,0.0,0.0,0.0
2,1,1,0,,,,2.0088334,0.0,0.0,0.0,0.0
2,2,1,0,,,,1.6707667,0.0,0.0,0.0,0.0
2,3,1,0,,,,1.9494833,0.0,0.0,0.0,0.0
2,4,1,0,,,,2.2994168,0.0,0.0,0.0,0.0
2,5,1,0,,,,1.5893167,0.0,0.0,0.0,0.0
2,6,1,0,,,,1.4393,0.0,0.0,0.0,0.0
2,7,1,0,,,,1.5673167,0.0,0.0,0.0,0.0
2,8,1,0,,,,2.0799167,0.0,0.0,0.0,0.0
2,9,1,0,,,,2.0435,0.0,0.0,0.0,13.2
2,10,1,0,,,,2.1366,0.0,0.0,0.0,51.24
2,11,1,0,,,,1.9946333,0.0,0.0,0.0,117.33
2,12,1,0,,,,1.5937834,0.0,0.0,0.0,172.23
2,13,1,0,,,,1.3059,0.0,0.0,0.0,337.82
2,14,1,0,,,,1.3828666,0.0,0.0,0.0,591.89
2,15,1,0,,,,1.3016167,0.0,0.0,0.0,141.76
2,16,1,0,,,,1.2081167,0.0,0.0,0.0,138.02
2,17,1,0,,,,1.641,0.0,0.0,0.0,85.18
2,18,1,0,,,,1.1444334,0.0,0.0,0.0,0.0
2,19,1,0,,,,1.3228834,0.0,0.0,0.0,0.0
2,20,1,0,,,,1.36615,0.0,0.0,0.0,0.0
2,21,1,0,,,,1.5378667,0.0,0.0,0.0,0.0
2,22,1,0,,,,1.2775167,0.0,0.0,0.0,0.0
2,23,1,0,,,,1.3029333,0.0,0.0,0.0,0.0
2,24,1,0,,,,1.65855,0.0,0.0,0.0,0.0
2,1,2,0,,,,1.84475,0.0,0.0,0.0,0.0
2,2,2,0,,,,1.4542667,0.0,0.0,0.0,0.0
2,3,2,0,,,,1.41435,0.0,0.0,0.0,0.0
2,4,2,0,,,,1.3254833,0.0,0.0,0.0,0.0
2,5,2,0,,,,1.5962833,0.0,0.0,0.0,0.0
2,6,2,0,,,,1.46375,0.0,0.0,0.0,0.0
2,7,2,0,,,,1.4757833,0.0,0.0,0.0,0.0
2,8,2,0,,,,1.7757334,0.0,0.0,0.0,0.0
2,9,2,0,,,,0.83028334,0.0,0.0,0.0,148.24
2,10,2,0,,,,0.8169,0.0,0.0,0.0,400.91
2,11,2,0,,,,0.80661666,0.0,0.0,0.0,579.15
2,12,2,0,,,,0.80875,0.0,0.0,0.0,556.85
2,13,2,0,,,,0.40246665,0.0,0.0,0.0,428.18
2,14,2,0,,,,0.39951667,0.0,0.0,0.0,449.93
2,15,2,0,,,,0.3923,0.0,0.0,0.0,371.83
2,16,2,0,,,,0.33605832,0.0,0.0,0.0,375.77
2,17,2,0,,,,0.37965,0.0,0.0,0.0,15.91
2,18,2,0,,,,0.31181666,0.0,0.0,0.0,0.0
2,19,2,0,,,,0.37446666,0.0,0.0,0.0,0.0
2,20,2,0,,,,0.8461667,0.0,0.0,0.0,0.0
2,21,2,0,,,,2.06855,0.0,0.0,0.0,0.0
2,22,2,0,,,,1.28825,0.0,0.0,0.0,0.0
2,23,2,0,,,,1.70215,0.0,0.0,0.0,0.0
2,24,2,0,,,,1.776125,0.0,0.0,0.0,0.0
3,1,3,0,,,,1.62795,0.0,0.0,0.0,0.0
3,2,3,0,,,,2.16455,0.0,0.0,0.0,0.0
3,3,3,0,,,,1.6552,0.0,0.0,0.0,0.0
3,4,3,0,,,,1.40345,0.0,0.0,0.0,0.0
3,5,3,0,,,,1.4194334,0.0,0.0,0.0,0.0
3,6,3,0,,,,0.46436667,0.0,0.0,0.0,0.0
3,7,3,0,,,,0.41128334,0.0,0.0,0.0,0.0
3,8,3,0,,,,0.43453333,0.0,0.0,0.0,0.02
3,9,3,0,,,,0.71213335,0.0,0.0,0.0,81.06
3,10,3,0,,,,0.9123833,0.0,0.0,0.0,99.97
3,11,3,0,,,,1.2836167,0.0,0.0,0.0,106.98
3,12,3,0,,,,1.0963,0.0,0.0,0.0,130.39
3,13,3,0,,,,0.90328336,0.0,0.0,0.0,59.69
3,14,3,0,,,,0.6367,0.0,0.0,0.0,50.73
3,15,3,0,,,,0.42713332,0.0,0.0,0.0,19.27
3,16,3,0,,,,0.66885,0.0,0.0,0.0,22.93
3,17,3,0,,,,1.9667833,0.0,0.0,0.0,78.08
3,18,3,0,,,,1.393575,0.0,0.0,0.0,0.59
3,19,3,0,,,,1.6813667,0.0,0.0,0.0,0.0
3,20,3,0,,,,1.4818,0.0,0.0,0.0,0.0
3,21,3,0,,,,1.2915,0.0,0.0,0.0,0.0
3,22,3,0,,,,1.2494333,0.0,0.0,0.0,0.0
3,23,3,0,,,,1.0373833,0.0,0.0,0.0,0.0
3,24,3,0,,,,1.4392166,0.0,0.0,0.0,0.0
3,1,4,0,,,,1.0314667,0.0,0.0,0.0,0.0
3,2,4,0,,,,1.3473834,0.0,0.0,0.0,0.0
3,3,4,0,,,,1.7656333,0.0,0.0,0.0,0.0
3,4,4,0,,,,1.08905,0.0,0.0,0.0,0.0
3,5,4,0,,,,1.25175,0.0,0.0,0.0,0.0
3,6,4,0,,,,1.2327666,0.0,0.0,0.0,0.0
3,7,4,0,,,,1.00315,0.0,0.0,0.0,0.0
3,8,4,0,,,,1.0183333,0.0,0.0,0.0,0.42
3,9,4,0,,,,0.75486666,0.0,0.0,0.0,207.15
3,10,4,0,,,,1.1766666,0.0,0.0,0.0,448.65
3,11,4,0,,,,1.3634334,0.0,0.0,0.0,734.61
3,12,4,0,,,,0.9777167,0.0,0.0,0.0,836.84
3,13,4,0,,,,0.6519667,0.0,0.0,0.0,876.45
3,14,4,0,,,,0.47076666,0.0,0.0,0.0,832.43
3,15,4,0,,,,0.6654,0.0,0.0,0.0,698.88
3,16,4,0,,,,0.65055,0.0,0.0,0.0,558.33
3,17,4,0,,,,0.71073335,0.0,0.0,0.0,312.13
3,18,4,0,,,,0.59955,0.0,0.0,0.0,4.42
3,19,4,0,,,,0.63635,0.0,0.0,0.0,0.0
3,20,4,0,,,,0.6349667,0.0,0.0,0.0,0.0
3,21,4,0,,,,0.61953336,0.0,0.0,0.0,0.0
3,22,4,0,,,,0.66415,0.0,0.0,0.0,0.0
3,23,4,0,,,,1.0351833,0.0,0.0,0.0,0.0
3,24,4,0,,,,0.63215834,0.0,0.0,0.0,0.0
3,1,5,0,,,,0.5520667,0.0,0.0,0.0,0.0
3,2,5,0,,,,0.75198334,0.0,0.0,0.0,0.0
3,3,5,0,,,,0.8755,0.0,0.0,0.0,0.0
3,4,5,0,,,,0.43905,0.0,0.0,0.0,0.0
3,5,5,0,,,,0.4741,0.0,0.0,0.0,0.0
3,6,5,0,,,,0.42323333,0.0,0.0,0.0,0.0
3,7,5,0,,,,0.8792,0.0,0.0,0.0,0.0
3,8,5,0,,,,0.89648336,0.0,0.0,0.0,11.0
3,9,5,0,,,,0.9928333,0.0,0.0,0.0,324.06
3,10,5,0,,,,0.5629333,0.0,0.0,0.0,547.24
3,11,5,0,,,,0.46555,0.0,0.0,0.0,700.92
3,12,5,0,,,,0.49971667,0.0,0.0,0.0,792.22
3,13,5,0,,,,0.53241664,0.0,0.0,0.0,836.27
3,14,5,0,,,,0.5994667,0.0,0.0,0.0,793.57
3,15,5,0,,,,0.7410333,0.0,0.0,0.0,696.29
3,16,5,0,,,,0.82093334,0.0,0.0,0.0,541.16
3,17,5,0,,,,0.60106665,0.0,0.0,0.0,241.67
3,18,5,0,,,,0.6763833,0.0,0.0,0.0,2.31
3,19,5,0,,,,0.66945,0.0,0.0,0.0,0.0
3,20,5,0,,,,0.61803335,0.0,0.0,0.0,0.0
3,21,5,0,,,,0.61635834,0.0,0.0,0.0,0.0
3,22,5,0,,,,0.56125,0.0,0.0,0.0,0.0
3,23,5,0,,,,0.7536,0.0,0.0,0.0,0.0
3,24,5,0,,,,0.81394166,0.0,0.0,0.0,0.0
3,1,6,0,,,,0.43988332,0.0,0.0,0.0,0.0
3,2,6,0,,,,0.43668333,0.0,0.0,0.0,0.0
3,3,6,0,,,,0.41046667,0.0,0.0,0.0,0.0
3,4,6,0,,,,0.4634,0.0,0.0,0.0,0.0
3,5,6,0,,,,0.40703332,0.0,0.0,0.0,0.0
3,6,6,0,,,,0.41335,0.0,0.0,0.0,0.0
3,7,6,0,,,,0.42521667,0.0,0.0,0.0,0.0
3,8,6,0,,,,0.43665,0.0,0.0,0.0,0.01
3,9,6,0,,,,0.85176665,0.0,0.0,0.0,28.74
3,10,6,0,,,,1.1459833,0.0,0.0,0.0,95.14
3,11,6,0,,,,0.9258,0.0,0.0,0.0,124.62
3,12,6,0,,,,0.90818334,0.0,0.0,0.0,332.14
3,13,6,0,,,,0.7834167,0.0,0.0,0.0,182.81
3,14,6,0,,,,0.44426668,0.0,0.0,0.0,191.89
3,15,6,0,,,,0.6084667,0.0,0.0,0.0,220.23
3,16,6,0,,,,0.7152333,0.0,0.0,0.0,107.01
3,17,6,0,,,,0.5553833,0.0,0.0,0.0,37.28
3,18,6,0,,,,0.59146667,0.0,0.0,0.0,5.76
3,19,6,0,,,,0.54605,0.0,0.0,0.0,0.0
3,20,6,0,,,,0.5678,0.0,0.0,0.0,0.0
3,21,6,0,,,,0.5650333,0.0,0.0,0.0,0.0
3,22,6,0,,,,0.5402,0.0,0.0,0.0,0.0
3,23,6,0,,,,0.5934833,0.0,0.0,0.0,0.0
3,24,6,0,,,,0.4396,0.0,0.0,0.0,0.0
3,1,7,0,,,,0.98293334,0.0,0.0,0.0,0.0
3,2,7,0,,,,0.83528334,0.0,0.0,0.0,0.0
3,3,7,0,,,,0.37136668,0.0,0.0,0.0,0.0
3,4,7,0,,,,0.40746668,0.0,0.0,0.0,0.0
3,5,7,0,,,,0.35498333,0.0,0.0,0.0,0.0
3,6,7,0,,,,0.82093334,0.0,0.0,0.0,0.0
3,7,7,0,,,,0.83881664,0.0,0.0,0.0,0.0
3,8,7,0,,,,1.3889,0.0,0.0,0.0,3.13
3,9,7,0,,,,4.2087336,0.0,0.0,0.0,112.21
3,10,7,0,,,,4.54245,0.0,0.0,0.0,373.25
3,11,7,0,,,,3.76965,0.0,0.0,0.0,83.96
3,12,7,0,,,,1.4918833,0.0,0.0,0.0,76.49
3,13,7,0,,,,1.2528334,0.0,0.0,0.0,103.08
3,14,7,0,,,,1.10445,0.0,0.0,0.0,91.28
3,15,7,0,,,,0.64243335,0.0,0.0,0.0,134.14
3,16,7,0,,,,1.1234167,0.0,0.0,0.0,338.44
3,17,7,0,,,,0.86621666,0.0,0.0,0.0,208.87
3,18,7,0,,,,0.7917167,0.0,0.0,0.0,4.18
3,19,7,0,,,,1.1910167,0.0,0.0,0.0,0.0
3,20,7,0,,,,1.2206,0.0,0.0,0.0,0.0
3,21,7,0,,,,1.2020667,0.0,0.0,0.0,0.0
3,22,7,0,,,,0.77236664,0.0,0.0,0.0,0.0
3,23,7,0,,,,0.7822667,0.0,0.0,0.0,0.0
3,24,7,0,,,,1.2452,0.0,0.0,0.0,0.0
3,1,1,0,,,,0.4381,0.0,0.0,0.0,0.0
3,2,1,0,,,,1.1681833,0.0,0.0,0.0,0.0
3,3,1,0,,,,1.2260333,0.0,0.0,0.0,0.0
3,4,1,0,,,,0.84276664,0.0,0.0,0.0,0.0
3,5,1,0,,,,0.79511666,0.0,0.0,0.0,0.0
3,6,1,0,,,,1.2103667,0.0,0.0,0.0,0.0
3,7,1,0,,,,1.27595,0.0,0.0,0.0,0.0
3,8,1,0,,,,0.52675,0.0,0.0,0.0,59.41
3,9,1,0,,,,1.972,0.0,0.0,0.0,319.49
3,10,1,0,,,,1.4490167,0.0,0.0,0.0,539.71
3,11,1,0,,,,2.84945,0.0,0.0,0.0,642.37
3,12,1,0,,,,2.3881166,0.0,0.0,0.0,509.59
3,13,1,0,,,,1.5483834,0.0,0.0,0.0,68.23
3,14,1,0,,,,1.1367834,0.0,0.0,0.0,61.01
3,15,1,0,,,,0.7787833,0.0,0.0,0.0,21.1
3,16,1,0,,,,0.75091666,0.0,0.0,0.0,26.26
3,17,1,0,,,,0.73976666,0.0,0.0,0.0,16.96
3,18,1,0,,,,1.1407167,0.0,0.0,0.0,0.0
3,19,1,0,,,,1.2221667,0.0,0.0,0.0,0.0
3,20,1,0,,,,1.3998,0.0,0.0,0.0,0.0
3,21,1,0,,,,1.11495,0.0,0.0,0.0,0.0
3,22,1,0,,,,0.46091667,0.0,0.0,0.0,0.0
3,23,1,0,,,,0.47603333,0.0,0.0,0.0,0.0
3,24,1,0,,,,0.92158335,0.0,0.0,0.0,0.0
3,1,2,0,,,,0.6879,0.0,0.0,0.0,0.0
3,2,2,0,,,,0.9694667,0.0,0.0,0.0,0.0
3,3,2,0,,,,0.46278334,0.0,0.0,0.0,0.0
3,4,2,0,,,,1.0596666,0.0,0.0,0.0,0.0
3,5,2,0,,,,1.0624666,0.0,0.0,0.0,0.0
3,6,2,0,,,,0.75165,0.0,0.0,0.0,0.0
3,7,2,0,,,,0.8192833,0.0,0.0,0.0,0.0
3,8,2,0,,,,0.85858333,0.0,0.0,0.0,51.6
3,9,2,0,,,,0.73251665,0.0,0.0,0.0,319.27
3,10,2,0,,,,1.3221834,0.0,0.0,0.0,526.42
3,11,2,0,,,,0.61008334,0.0,0.0,0.0,559.79
3,12,2,0,,,,0.49873334,0.0,0.0,0.0,691.78
3,13,2,0,,,,0.62518334,0.0,0.0,0.0,785.64
3,14,2,0,,,,0.7948833,0.0,0.0,0.0,792.01
3,15,2,0,,,,0.82338333,0.0,0.0,0.0,634.09
3,16,2,0,,,,0.5075167,0.0,0.0,0.0,500.69
3,17,2,0,,,,0.69893336,0.0,0.0,0.0,214.9
3,18,2,0,,,,0.5646,0.0,0.0,0.0,5.21
3,19,2,0,,,,0.47616667,0.0,0.0,0.0,0.0
3,20,2,0,,,,0.50388336,0.0,0.0,0.0,0.0
3,21,2,0,,,,0.50011665,0.0,0.0,0.0,0.0
3,22,2,0,,,,0.47243333,0.0,0.0,0.0,0.0
3,23,2,0,,,,0.5301667,0.0,0.0,0.0,0.0
3,24,2,0,,,,0.47870833,0.0,0.0,0.0,0.0
3,1,3,0,,,,0.58545,0.0,0.0,0.0,0.0
3,2,3,0,,,,0.72008336,0.0,0.0,0.0,0.0
3,3,3,0,,,,0.96351665,0.0,0.0,0.0,0.0
3,4,3,0,,,,0.52421665,0.0,0.0,0.0,0.0
3,5,3,0,,,,0.47061667,0.0,0.0,0.0,0.0
3,6,3,0,,,,0.47936666,0.0,0.0,0.0,0.0
3,7,3,0,,,,0.48281667,0.0,0.0,0.0,0.0
3,8,3,0,,,,0.51805,0.0,0.0,0.0,73.39
3,9,3,0,,,,0.73253334,0.0,0.0,0.0,61.07
3,10,3,0,,,,0.4116,0.0,0.0,0.0,438.83
3,11,3,0,,,,0.4254,0.0,0.0,0.0,455.06
3,12,3,0,,,,0.46555,0.0,0.0,0.0,715.88
3,13,3,0,,,,0.7274167,0.0,0.0,0.0,666.85
3,14,3,0,,,,0.6827,0.0,0.0,0.0,686.61
3,15,3,0,,,,1.1573833,0.0,0.0,0.0,458.42
3,16,3,0,,,,0.95876664,0.0,0.0,0.0,13.43
3,17,3,0,,,,1.12455,0.0,0.0,0.0,46.49
3,18,3,0,,,,0.9737667,0.0,0.0,0.0,5.58
3,19,3,0,,,,0.43081668,0.0,0.0,0.0,0.0
3,20,3,0,,,,0.49085,0.0,0.0,0.0,0.0
3,21,3,0,,,,0.4374,0.0,0.0,0.0,0.0
3,22,3,0,,,,0.4698,0.0,0.0,0.0,0.0
3,23,3,0,,,,0.46255,0.0,0.0,0.0,0.0
3,24,3,0,,,,0.44855833,0.0,0.0,0.0,0.0
3,1,4,0,,,,0.48785,0.0,0.0,0.0,0.0
3,2,4,0,,,,0.43128332,0.0,0.0,0.0,0.0
3,3,4,0,,,,0.5035,0.0,0.0,0.0,0.0
3,4,4,0,,,,0.4275,0.0,0.0,0.0,0.0
3,5,4,0,,,,0.47445,0.0,0.0,0.0,0.0
3,6,4,0,,,,0.43025,0.0,0.0,0.0,0.0
3,7,4,0,,,,0.66688335,0.0,0.0,0.0,0.0
3,8,4,0,,,,0.8771167,0.0,0.0,0.0,82.2
3,9,4,0,,,,0.9874167,0.0,0.0,0.0,310.29
3,10,4,0,,,,0.7173667,0.0,0.0,0.0,534.13
3,11,4,0,,,,0.65396667,0.0,0.0,0.0,686.61
3,12,4,0,,,,0.6767667,0.0,0.0,0.0,758.63
3,13,4,0,,,,0.56201667,0.0,0.0,0.0,750.57
3,14,4,0,,,,0.86153334,0.0,0.0,0.0,711.4
3,15,4,0,,,,1.23315,0.0,0.0,0.0,556.07
3,16,4,0,,,,1.2088,0.0,0.0,0.0,270.92
3,17,4,0,,,,0.95845,0.0,0.0,0.0,84.3
3,18,4,0,,,,0.80251664,0.0,0.0,0.0,4.57
3,19,4,0,,,,0.42085,0.0,0.0,0.0,0.0
3,20,4,0,,,,0.40151668,0.0,0.0,0.0,0.0
3,21,4,0,,,,0.41211668,0.0,0.0,0.0,0.0
3,22,4,0,,,,0.38575,0.0,0.0,0.0,0.0
3,23,4,0,,,,0.4155,0.0,0.0,0.0,0.0
3,24,4,0,,,,0.3769,0.0,0.0,0.0,0.0
3,1,5,0,,,,0.47638333,0.0,0.0,0.0,0.0
3,2,5,0,,,,0.409,0.0,0.0,0.0,0.0
3,3,5,0,,,,0.47763333,0.0,0.0,0.0,0.0
3,4,5,0,,,,0.4149,0.0,0.0,0.0,0.0
3,5,5,0,,,,0.4631,0.0,0.0,0.0,0.0
3,6,5,0,,,,0.33243334,0.0,0.0,0.0,0.0
3,7,5,0,,,,0.46685,0.0,0.0,0.0,0.0
3,8,5,0,,,,0.97195,0.0,0.0,0.0,0.36
3,9,5,0,,,,0.43996668,0.0,0.0,0.0,70.13
3,10,5,0,,,,0.47721666,0.0,0.0,0.0,162.36
3,11,5,0,,,,0.41235,0.0,0.0,0.0,244.61
3,12,5,0,,,,2.1662,0.0,0.0,0.0,75.82
3,13,5,0,,,,2.30645,0.0,0.0,0.0,29.05
3,14,5,0,,,,2.2504833,0.0,0.0,0.0,157.16
3,15,5,0,,,,1.9330833,0.0,0.0,0.0,104.75
3,16,5,0,,,,2.3927,0.0,0.0,0.0,233.25
3,17,5,0,,,,1.2278833,0.0,0.0,0.0,42.08
3,18,5,0,,,,1.8810667,0.0,0.0,0.0,10.79
3,19,5,0,,,,2.6054,0.0,0.0,0.0,0.0
3,20,5,0,,,,1.59085,0.0,0.0,0.0,0.0
3,21,5,0,,,,1.1336666,0.0,0.0,0.0,0.0
3,22,5,0,,,,0.90971667,0.0,0.0,0.0,0.0
3,23,5,0,,,,0.90825,0.0,0.0,0.0,0.0
3,24,5,0,,,,0.6066833,0.0,0.0,0.0,0.0
3,1,6,0,,,,0.62411666,0.0,0.0,0.0,0.0
3,2,6,0,,,,0.5298,0.0,0.0,0.0,0.0
3,3,6,0,,,,0.5496167,0.0,0.0,0.0,0.0
3,4,6,0,,,,0.5721,0.0,0.0,0.0,0.0
3,5,6,0,,,,0.52056664,0.0,0.0,0.0,0.0
3,6,6,0,,,,0.53678334,0.0,0.0,0.0,0.0
3,7,6,0,,,,1.0284,0.0,0.0,0.0,0.0
3,8,6,0,,,,0.95273334,0.0,0.0,0.0,0.37
3,9,6,0,,,,0.634,0.0,0.0,0.0,164.91
3,10,6,0,,,,0.6182167,0.0,0.0,0.0,104.45
3,11,6,0,,,,1.7144333,0.0,0.0,0.0,390.27
3,12,6,0,,,,3.5552,0.0,0.0,0.0,288.04
3,13,6,0,,,,2.09805,0.0,0.0,0.0,144.46
3,14,6,0,,,,2.3549333,0.0,0.0,0.0,50.51
3,15,6,0,,,,1.5960667,0.0,0.0,0.0,22.62
3,16,6,0,,,,2.4716,0.0,0.0,0.0,133.93
3,17,6,0,,,,1.6989833,0.0,0.0,0.0,118.86
3,18,6,0,,,,1.7379667,0.0,0.0,0.0,74.88
3,19,6,0,,,,1.7601833,0.0,0.0,0.0,0.0
3,20,6,0,,,,1.79545,0.0,0.0,0.0,0.0
3,21,6,0,,,,1.5489833,0.0,0.0,0.0,0.0
3,22,6,0,,,,1.6107167,0.0,0.0,0.0,0.0
3,23,6,0,,,,2.2214832,0.0,0.0,0.0,0.0
3,24,6,0,,,,0.74948335,0.0,0.0,0.0,0.0
3,1,7,0,,,,0.5246,0.0,0.0,0.0,0.0
3,2,7,0,,,,0.66425,0.0,0.0,0.0,0.0
3,3,7,0,,,,0.55661666,0.0,0.0,0.0,0.0
3,4,7,0,,,,0.50133336,0.0,0.0,0.0,0.0
3,5,7,0,,,,0.49923334,0.0,0.0,0.0,0.0
3,6,7,0,,,,0.48696667,0.0,0.0,0.0,0.0
3,7,7,0,,,,0.49568334,0.0,0.0,0.0,0.0
3,8,7,0,,,,0.77058333,0.0,0.0,0.0,92.06
3,9,7,0,,,,1.04585,0.0,0.0,0.0,321.69
3,10,7,0,,,,1.1681334,0.0,0.0,0.0,473.9
3,11,7,0,,,,1.0049,0.0,0.0,0.0,438.11
3,12,7,0,,,,4.46195,0.0,0.0,0.0,771.3
3,13,7,0,,,,3.3691833,0.0,0.0,0.0,618.14
3,14,7,0,,,,3.5543168,0.0,0.0,0.0,324.82
3,15,7,0,,,,3.3072166,0.0,0.0,0.0,63.51
3,16,7,0,,,,2.8270667,0.0,0.0,0.0,36.75
3,17,7,0,,,,1.39545,0.0,0.0,0.0,41.64
3,18,7,0,,,,4.689883,0.0,0.0,0.0,50.79
3,19,7,0,,,,2.7476833,0.0,0.0,0.0,0.0
3,20,7,0,,,,3.8408666,0.0,0.0,0.0,0.0
3,21,7,0,,,,2.6825333,0.0,0.0,0.0,0.0
3,22,7,0,,,,1.07835,0.0,0.0,0.0,0.0
3,23,7,0,,,,1.1348,0.0,0.0,0.0,0.0
3,24,7,0,,,,0.90833336,0.0,0.0,0.0,0.0
3,1,1,0,,,,0.64288336,0.0,0.0,0.0,0.0
3,2,1,0,,,,0.9256833,0.0,0.0,0.0,0.0
3,3,1,0,,,,0.84003335,0.0,0.0,0.0,0.0
3,4,1,0,,,,0.6232167,0.0,0.0,0.0,0.0
3,5,1,0,,,,0.67971665,0.0,0.0,0.0,0.0
3,6,1,0,,,,0.61,0.0,0.0,0.0,0.0
3,7,1,0,,,,0.67681664,0.0,0.0,0.0,0.0
3,8,1,0,,,,0.6297167,0.0,0.0,0.0,120.83
3,9,1,0,,,,0.66928333,0.0,0.0,0.0,370.18
3,10,1,0,,,,0.6444167,0.0,0.0,0.0,600.81
3,11,1,0,,,,0.6828667,0.0,0.0,0.0,755.29
3,12,1,0,,,,0.93835,0.0,0.0,0.0,845.43
3,13,1,0,,,,1.03245,0.0,0.0,0.0,874.92
3,14,1,0,,,,2.0978167,0.0,0.0,0.0,836.48
3,15,1,0,,,,0.62731665,0.0,0.0,0.0,732.91
3,16,1,0,,,,0.6598333,0.0,0.0,0.0,569.2
3,17,1,0,,,,1.0339167,0.0,0.0,0.0,347.11
3,18,1,0,,,,0.61361665,0.0,0.0,0.0,94.98
3,19,1,0,,,,1.0038834,0.0,0.0,0.0,0.0
3,20,1,0,,,,0.6019833,0.0,0.0,0.0,0.0
3,21,1,0,,,,0.6109667,0.0,0.0,0.0,0.0
3,22,1,0,,,,1.1011,0.0,0.0,0.0,0.0
3,23,1,0,,,,0.7665833,0.0,0.0,0.0,0.0
3,24,1,0,,,,0.603825,0.0,0.0,0.0,0.0
3,1,2,0,,,,0.57491666,0.0,0.0,0.0,0.0
3,2,2,0,,,,0.6154,0.0,0.0,0.0,0.0
3,3,2,0,,,,0.55915,0.0,0.0,0.0,0.0
3,4,2,0,,,,0.6126,0.0,0.0,0.0,0.0
3,5,2,0,,,,0.5491167,0.0,0.0,0.0,0.0
3,6,2,0,,,,0.6162,0.0,0.0,0.0,0.0
3,7,2,0,,,,0.54513335,0.0,0.0,0.0,0.0
3,8,2,0,,,,1.7887666,0.0,0.0,0.0,0.0
3,9,2,0,,,,0.64205,0.0,0.0,0.0,65.71
3,10,2,0,,,,0.64236665,0.0,0.0,0.0,139.98
3,11,2,0,,,,0.71526664,0.0,0.0,0.0,325.2
3,12,2,0,,,,0.6954,0.0,0.0,0.0,403.79
3,13,2,0,,,,0.80025,0.0,0.0,0.0,413.15
3,14,2,0,,,,1.7095833,0.0,0.0,0.0,324.67
3,15,2,0,,,,0.51268333,0.0,0.0,0.0,286.75
3,16,2,0,,,,2.6783166,0.0,0.0,0.0,0.0
3,17,2,0,,,,0.85345,0.0,0.0,0.0,149.48
3,18,2,0,,,,0.49515,0.0,0.0,0.0,82.5
3,19,2,0,,,,0.8875,0.0,0.0,0.0,0.0
3,20,2,0,,,,0.7742,0.0,0.0,0.0,0.0
3,21,2,0,,,,0.48088333,0.0,0.0,0.0,0.0
3,22,2,0,,,,2.0154696,0.0,0.0,0.0,0.0
3,23,2,0,,,,0.48585,0.0,0.0,0.0,0.0
3,24,2,0,,,,0.45968333,0.0,0.0,0.0,0.0
3,1,3,0,,,,0.49084166,0.0,0.0,0.0,0.0
3,2,3,0,,,,0.46506667,0.0,0.0,0.0,0.0
3,3,3,0,,,,0.49751666,0.0,0.0,0.0,0.0
3,4,3,0,,,,0.4429,0.0,0.0,0.0,0.0
3,5,3,0,,,,0.49855,0.0,0.0,0.0,0.0
3,6,3,0,,,,0.43386668,0.0,0.0,0.0,0.0
3,7,3,0,,,,0.4955,0.0,0.0,0.0,0.0
3,8,3,0,,,,0.43478334,0.0,0.0,0.0,59.64
3,9,3,0,,,,0.47765,0.0,0.0,0.0,301.36
3,10,3,0,,,,0.92158335,0.0,0.0,0.0,556.67
3,11,3,0,,,,0.87306666,0.0,0.0,0.0,719.16
3,12,3,0,,,,0.9784833,0.0,0.0,0.0,807.63
3,13,3,0,,,,1.1498166,0.0,0.0,0.0,843.7
3,14,3,0,,,,3.0680666,0.0,0.0,0.0,728.96
3,15,3,0,,,,1.6809666,0.0,0.0,0.0,554.95
3,16,3,0,,,,0.45773333,0.0,0.0,0.0,466.39
3,17,3,0,,,,2.4826417,0.0,0.0,0.0,338.53
3,18,3,0,,,,0.73588336,0.0,0.0,0.0,65.29
3,19,3,0,,,,0.92796665,0.0,0.0,0.0,0.0
3,20,3,0,,,,1.6245834,0.0,0.0,0.0,0.0
3,21,3,0,,,,0.7834167,0.0,0.0,0.0,0.0
3,22,3,0,,,,1.5488666,0.0,0.0,0.0,0.0
3,23,3,0,,,,1.7498667,0.0,0.0,0.0,0.0
3,24,3,0,,,,1.9120166,0.0,0.0,0.0,0.0
3,1,4,0,,,,0.46986666,0.0,0.0,0.0,0.0
3,2,4,0,,,,0.5377167,0.0,0.0,0.0,0.0
3,3,4,0,,,,0.85298336,0.0,0.0,0.0,0.0
3,4,4,0,,,,1.0515333,0.0,0.0,0.0,0.0
3,5,4,0,,,,0.56383336,0.0,0.0,0.0,0.0
3,6,4,0,,,,0.53328335,0.0,0.0,0.0,0.0
3,7,4,0,,,,0.5031833,0.0,0.0,0.0,0.0
3,8,4,0,,,,0.52168334,0.0,0.0,0.0,1.21
3,9,4,0,,,,0.53458333,0.0,0.0,0.0,41.29
3,10,4,0,,,,0.51701665,0.0,0.0,0.0,36.36
3,11,4,0,,,,0.56011665,0.0,0.0,0.0,70.21
3,12,4,0,,,,2.0224333,0.0,0.0,0.0,69.28
3,13,4,0,,,,0.6789167,0.0,0.0,0.0,74.64
3,14,4,0,,,,0.55765,0.0,0.0,0.0,58.73
3,15,4,0,,,,1.1966667,0.0,0.0,0.0,149.24
3,16,4,0,,,,1.463725,0.0,0.0,0.0,273.81
3,17,4,0,,,,2.4924834,0.0,0.0,0.0,110.31
3,18,4,0,,,,2.1622834,0.0,0.0,0.0,65.9
3,19,4,0,,,,2.0283833,0.0,0.0,0.0,0.0
3,20,4,0,,,,1.87885,0.0,0.0,0.0,0.0
3,21,4,0,,,,1.6378666,0.0,0.0,0.0,0.0
3,22,4,0,,,,2.5369167,0.0,0.0,0.0,0.0
3,23,4,0,,,,0.5293,0.0,0.0,0.0,0.0
3,24,4,0,,,,0.5267,0.0,0.0,0.0,0.0
3,1,5,0,,,,0.5234,0.0,0.0,0.0,0.0
3,2,5,0,,,,0.5412,0.0,0.0,0.0,0.0
3,3,5,0,,,,0.8881,0.0,0.0,0.0,0.0
3,4,5,0,,,,1.04675,0.0,0.0,0.0,0.0
3,5,5,0,,,,0.78276664,0.0,0.0,0.0,0.0
3,6,5,0,,,,0.5675833,0.0,0.0,0.0,0.0
3,7,5,0,,,,0.48415,0.0,0.0,0.0,0.0
3,8,5,0,,,,0.53998333,0.0,0.0,0.0,27.15
3,9,5,0,,,,0.5015333,0.0,0.0,0.0,46.64
3,10,5,0,,,,0.55655,0.0,0.0,0.0,137.23
3,11,5,0,,,,0.60855,0.0,0.0,0.0,365.47
3,12,5,0,,,,0.4824,0.0,0.0,0.0,208.97
3,13,5,0,,,,2.5200167,0.0,0.0,0.0,605.51
3,14,5,0,,,,0.49616668,0.0,0.0,0.0,821.73
3,15,5,0,,,,1.5570834,0.0,0.0,0.0,700.53
3,16,5,0,,,,3.65895,0.0,0.0,0.0,555.64
3,17,5,0,,,,2.5290334,0.0,0.0,0.0,331.38
3,18,5,0,,,,2.0730166,0.0,0.0,0.0,75.66
3,19,5,0,,,,2.6100333,0.0,0.0,0.0,0.0
3,20,5,0,,,,1.8138334,0.0,0.0,0.0,0.0
3,21,5,0,,,,1.2693334,0.0,0.0,0.0,0.0
3,22,5,0,,,,3.1914666,0.0,0.0,0.0,0.0
3,23,5,0,,,,2.8497834,0.0,0.0,0.0,0.0
3,24,5,0,,,,1.28065,0.0,0.0,0.0,0.0
3,1,6,0,,,,1.3478167,0.0,0.0,0.0,0.0
3,2,6,0,,,,1.4216167,0.0,0.0,0.0,0.0
3,3,6,0,,,,0.64991665,0.0,0.0,0.0,0.0
3,4,6,0,,,,0.5628333,0.0,0.0,0.0,0.0
3,5,6,0,,,,0.53245,0.0,0.0,0.0,0.0
3,6,6,0,,,,0.6373722,0.0,0.0,0.0,0.0
3,7,6,0,,,,0.586,0.0,0.0,0.0,0.0
3,8,6,0,,,,0.91885,0.0,0.0,0.0,94.33
3,9,6,0,,,,0.86775,0.0,0.0,0.0,344.44
3,10,6,0,,,,0.6948,0.0,0.0,0.0,574.24
3,11,6,0,,,,0.6272333,0.0,0.0,0.0,727.38
3,12,6,0,,,,0.6275667,0.0,0.0,0.0,823.42
3,13,6,0,,,,1.2309667,0.0,0.0,0.0,830.76
3,14,6,0,,,,3.2370667,0.0,0.0,0.0,810.8
3,15,6,0,,,,1.9652833,0.0,0.0,0.0,709.5
3,16,6,0,,,,0.99575,0.0,0.0,0.0,300.96
3,17,6,0,,,,0.7449,0.0,0.0,0.0,168.81
3,18,6,0,,,,0.6968333,0.0,0.0,0.0,16.79
3,19,6,0,,,,0.7505,0.0,0.0,0.0,0.0
3,20,6,0,,,,0.6859667,0.0,0.0,0.0,0.0
3,21,6,0,,,,0.75518334,0.0,0.0,0.0,0.0
3,22,6,0,,,,0.68418336,0.0,0.0,0.0,0.0
3,23,6,0,,,,0.7535833,0.0,0.0,0.0,0.0
3,24,6,0,,,,0.70400834,0.0,0.0,0.0,0.0
3,1,7,0,,,,0.7913833,0.0,0.0,0.0,0.0
3,2,7,0,,,,0.7431667,0.0,0.0,0.0,0.0
3,3,7,0,,,,0.77493334,0.0,0.0,0.0,0.0
3,4,7,0,,,,0.74615,0.0,0.0,0.0,0.0
3,5,7,0,,,,0.7646833,0.0,0.0,0.0,0.0
3,6,7,0,,,,0.8947,0.0,0.0,0.0,0.0
3,7,7,0,,,,1.1488333,0.0,0.0,0.0,0.0
3,8,7,0,,,,0.77811664,0.0,0.0,0.0,62.58
3,9,7,0,,,,0.73935,0.0,0.0,0.0,46.93
3,10,7,0,,,,0.8078,0.0,0.0,0.0,87.57
3,11,7,0,,,,0.74436665,0.0,0.0,0.0,182.95
3,12,7,0,,,,0.79845,0.0,0.0,0.0,99.77
3,13,7,0,,,,0.66386664,0.0,0.0,0.0,32.48
3,14,7,0,,,,0.7076167,0.0,0.0,0.0,68.84
3,15,7,0,,,,0.65791667,0.0,0.0,0.0,82.2
3,16,7,0,,,,0.6839833,0.0,0.0,0.0,50.59
3,17,7,0,,,,0.6496,0.0,0.0,0.0,51.4
3,18,7,0,,,,0.66396666,0.0,0.0,0.0,39.14
3,19,7,0,,,,0.64898336,0.0,0.0,0.0,0.0
3,20,7,0,,,,0.65535,0.0,0.0,0.0,0.0
3,21,7,0,,,,0.65555,0.0,0.0,0.0,0.0
3,22,7,0,,,,0.69475,0.0,0.0,0.0,0.0
3,23,7,0,,,,1.0929834,0.0,0.0,0.0,0.0
3,24,7,0,,,,0.815825,0.0,0.0,0.0,0.0
3,1,1,0,,,,0.71203333,0.0,0.0,0.0,0.0
3,2,1,0,,,,0.6809667,0.0,0.0,0.0,0.0
3,3,1,0,,,,0.7086667,0.0,0.0,0.0,0.0
3,4,1,0,,,,0.65928334,0.0,0.0,0.0,0.0
3,5,1,0,,,,0.72106665,0.0,0.0,0.0,0.0
3,6,1,0,,,,0.64956665,0.0,0.0,0.0,0.0
3,7,1,0,,,,0.72293335,0.0,0.0,0.0,0.0
3,8,1,0,,,,0.66695,0.0,0.0,0.0,7.11
3,9,1,0,,,,0.7086833,0.0,0.0,0.0,85.39
3,10,1,0,,,,0.6802833,0.0,0.0,0.0,125.9
3,11,1,0,,,,0.70115,0.0,0.0,0.0,325.53
3,12,1,0,,,,0.70421666,0.0,0.0,0.0,476.18
3,13,1,0,,,,0.6985667,0.0,0.0,0.0,293.55
3,14,1,0,,,,0.72826666,0.0,0.0,0.0,270.68
3,15,1,0,,,,0.8394833,0.0,0.0,0.0,148.35
3,16,1,0,,,,1.1122167,0.0,0.0,0.0,208.55
3,17,1,0,,,,0.6631167,0.0,0.0,0.0,133.82
3,18,1,0,,,,0.72353333,0.0,0.0,0.0,7.54
3,19,1,0,,,,0.6594667,0.0,0.0,0.0,0.0
3,20,1,0,,,,0.7135,0.0,0.0,0.0,0.0
3,21,1,0,,,,0.6752667,0.0,0.0,0.0,0.0
3,22,1,0,,,,0.9714278,0.0,0.0,0.0,0.0
3,23,1,0,,,,0.6681167,0.0,0.0,0.0,0.0
3,24,1,0,,,,0.66796666,0.0,0.0,0.0,0.0
3,1,2,0,,,,0.68306667,0.0,0.0,0.0,0.0
3,2,2,0,,,,0.64945,0.0,0.0,0.0,0.0
3,3,2,0,,,,0.68666667,0.0,0.0,0.0,0.0
3,4,2,0,,,,0.62808335,0.0,0.0,0.0,0.0
3,5,2,0,,,,0.68836665,0.0,0.0,0.0,0.0
3,6,2,0,,,,0.6294,0.0,0.0,0.0,0.0
3,7,2,0,,,,0.66305,0.0,0.0,0.0,0.0
3,8,2,0,,,,0.65833336,0.0,0.0,0.0,83.91
3,9,2,0,,,,0.65215,0.0,0.0,0.0,89.97
3,10,2,0,,,,0.68221664,0.0,0.0,0.0,103.2
3,11,2,0,,,,0.63666666,0.0,0.0,0.0,71.02
3,12,2,0,,,,0.79331666,0.0,0.0,0.0,157.94
3,13,2,0,,,,0.68446666,0.0,0.0,0.0,201.15
3,14,2,0,,,,1.2256666,0.0,0.0,0.0,210.18
3,15,2,0,,,,0.66763335,0.0,0.0,0.0,94.8
3,16,2,0,,,,0.67403334,0.0,0.0,0.0,284.11
3,17,2,0,,,,0.6749,0.0,0.0,0.0,197.82
3,18,2,0,,,,0.64351666,0.0,0.0,0.0,70.93
3,19,2,0,,,,0.69048333,0.0,0.0,0.0,0.0
3,20,2,0,,,,0.63453335,0.0,0.0,0.0,0.0
3,21,2,0,,,,0.70058334,0.0,0.0,0.0,0.0
3,22,2,0,,,,0.6392,0.0,0.0,0.0,0.0
3,23,2,0,,,,0.67433333,0.0,0.0,0.0,0.0
3,24,2,0,,,,0.664625,0.0,0.0,0.0,0.0
3,1,3,0,,,,0.6525667,0.0,0.0,0.0,0.0
3,2,3,0,,,,0.68231666,0.0,0.0,0.0,0.0
3,3,3,0,,,,0.62881666,0.0,0.0,0.0,0.0
3,4,3,0,,,,0.69803333,0.0,0.0,0.0,0.0
3,5,3,0,,,,0.63125,0.0,0.0,0.0,0.0
3,6,3,0,,,,1.0546,0.0,0.0,0.0,0.0
3,7,3,0,,,,0.832,0.0,0.0,0.0,0.0
3,8,3,0,,,,0.64771664,0.0,0.0,0.0,4.73
3,9,3,0,,,,0.68158334,0.0,0.0,0.0,26.27
3,10,3,0,,,,0.63493335,0.0,0.0,0.0,261.55
3,11,3,0,,,,0.69946665,0.0,0.0,0.0,148.65
3,12,3,0,,,,0.65245,0.0,0.0,0.0,127.84
3,13,3,0,,,,0.68188334,0.0,0.0,0.0,328.34
3,14,3,0,,,,0.67828333,0.0,0.0,0.0,110.98
3,15,3,0,,,,0.65003335,0.0,0.0,0.0,26.39
3,16,3,0,,,,0.6961333,0.0,0.0,0.0,75.87
3,17,3,0,,,,0.63808334,0.0,0.0,0.0,324.47
3,18,3,0,,,,0.67648333,0.0,0.0,0.0,96.14
3,19,3,0,,,,0.6343333,0.0,0.0,0.0,0.0
3,20,3,0,,,,0.65561664,0.0,0.0,0.0,0.0
3,21,3,0,,,,0.6605167,0.0,0.0,0.0,0.0
3,22,3,0,,,,0.9015833,0.0,0.0,0.0,0.0
3,23,3,0,,,,0.9859667,0.0,0.0,0.0,0.0
3,24,3,0,,,,0.6277417,0.0,0.0,0.0,0.0
3,1,4,0,,,,0.6719667,0.0,0.0,0.0,0.0
3,2,4,0,,,,0.6414,0.0,0.0,0.0,0.0
3,3,4,0,,,,0.64746666,0.0,0.0,0.0,0.0
3,4,4,0,,,,0.67795,0.0,0.0,0.0,0.0
3,5,4,0,,,,0.63093334,0.0,0.0,0.0,0.0
3,6,4,0,,,,0.68418336,0.0,0.0,0.0,0.0
3,7,4,0,,,,0.63853335,0.0,0.0,0.0,0.0
3,8,4,0,,,,0.66285,0.0,0.0,0.0,166.12
3,9,4,0,,,,0.68305,0.0,0.0,0.0,421.4
3,10,4,0,,,,0.64815,0.0,0.0,0.0,630.8
3,11,4,0,,,,0.7104,0.0,0.0,0.0,774.1
3,12,4,0,,,,0.65165,0.0,0.0,0.0,637.62
3,13,4,0,,,,0.6856667,0.0,0.0,0.0,219.67
3,14,4,0,,,,0.8695,0.0,0.0,0.0,732.8
3,15,4,0,,,,1.0206833,0.0,0.0,0.0,406.29
3,16,4,0,,,,0.7065833,0.0,0.0,0.0,135.06
3,17,4,0,,,,0.6407167,0.0,0.0,0.0,182.11
3,18,4,0,,,,0.67481667,0.0,0.0,0.0,104.71
3,19,4,0,,,,0.64201665,0.0,0.0,0.0,0.0
3,20,4,0,,,,0.6524,0.0,0.0,0.0,0.0
3,21,4,0,,,,0.67036664,0.0,0.0,0.0,0.0
3,22,4,0,,,,0.63158333,0.0,0.0,0.0,0.0
3,23,4,0,,,,0.6968833,0.0,0.0,0.0,0.0
3,24,4,0,,,,0.6337,0.0,0.0,0.0,0.0
3,1,5,0,,,,0.6543083,0.0,0.0,0.0,0.0
3,2,5,0,,,,0.65774167,0.0,0.0,0.0,0.0
3,3,5,0,,,,0.6257833,0.0,0.0,0.0,0.0
3,4,5,0,,,,0.7262333,0.0,0.0,0.0,0.0
3,5,5,0,,,,0.69046664,0.0,0.0,0.0,0.0
3,6,5,0,,,,0.90605,0.0,0.0,0.0,0.0
3,7,5,0,,,,1.0068,0.0,0.0,0.0,0.0
3,8,5,0,,,,0.63813335,0.0,0.0,0.0,3.74
3,9,5,0,,,,0.69703335,0.0,0.0,0.0,17.85
3,10,5,0,,,,0.6468,0.0,0.0,0.0,50.96
3,11,5,0,,,,0.66588336,0.0,0.0,0.0,92.48
3,12,5,0,,,,0.68575,0.0,0.0,0.0,91.96
3,13,5,0,,,,0.6432,0.0,0.0,0.0,181.59
3,14,5,0,,,,0.7022,0.0,0.0,0.0,132.4
3,15,5,0,,,,0.63526666,0.0,0.0,0.0,737.94
3,16,5,0,,,,0.6324833,0.0,0.0,0.0,570.63
3,17,5,0,,,,0.62381667,0.0,0.0,0.0,313.32
3,18,5,0,,,,0.61443335,0.0,0.0,0.0,107.25
3,19,5,0,,,,0.6828833,0.0,0.0,0.0,0.0
3,20,5,0,,,,0.62623334,0.0,0.0,0.0,0.0
3,21,5,0,,,,0.67296666,0.0,0.0,0.0,0.0
3,22,5,0,,,,0.66466665,0.0,0.0,0.0,0.0
3,23,5,0,,,,1.1547,0.0,0.0,0.0,0.0
3,24,5,0,,,,0.7867583,0.0,0.0,0.0,0.0
3,1,6,0,,,,0.6491167,0.0,0.0,0.0,0.0
3,2,6,0,,,,0.7083833,0.0,0.0,0.0,0.0
3,3,6,0,,,,0.63338333,0.0,0.0,0.0,0.0
3,4,6,0,,,,0.65671664,0.0,0.0,0.0,0.0
3,5,6,0,,,,0.65561664,0.0,0.0,0.0,0.0
3,6,6,0,,,,0.62721664,0.0,0.0,0.0,0.0
3,7,6,0,,,,0.6868167,0.0,0.0,0.0,0.0
3,8,6,0,,,,0.6285833,0.0,0.0,0.0,85.41
3,9,6,0,,,,0.65905,0.0,0.0,0.0,220.02
3,10,6,0,,,,0.67545,0.0,0.0,0.0,312.06
3,11,6,0,,,,0.6455167,0.0,0.0,0.0,468.36
3,12,6,0,,,,0.71028334,0.0,0.0,0.0,486.3
3,13,6,0,,,,0.6469667,0.0,0.0,0.0,404.68
3,14,6,0,,,,0.6776,0.0,0.0,0.0,358.51
3,15,6,0,,,,1.1466666,0.0,0.0,0.0,255.87
3,16,6,0,,,,0.7111833,0.0,0.0,0.0,117.77
3,17,6,0,,,,0.69105,0.0,0.0,0.0,162.89
3,18,6,0,,,,0.6208,0.0,0.0,0.0,74.23
3,19,6,0,,,,0.67165,0.0,0.0,0.0,0.0
3,20,6,0,,,,0.65045,0.0,0.0,0.0,0.0
3,21,6,0,,,,0.7334833,0.0,0.0,0.0,0.0
3,22,6,0,,,,0.6993667,0.0,0.0,0.0,0.0
3,23,6,0,,,,0.65625,0.0,0.0,0.0,0.0
3,24,6,0,,,,0.6945,0.0,0.0,0.0,0.0
3,1,7,0,,,,0.64735,0.0,0.0,0.0,0.0
3,2,7,0,,,,0.66298336,0.0,0.0,0.0,0.0
3,3,7,0,,,,0.67465,0.0,0.0,0.0,0.0
3,4,7,0,,,,0.6346833,0.0,0.0,0.0,0.0
3,5,7,0,,,,0.68445,0.0,0.0,0.0,0.0
3,6,7,0,,,,0.7467833,0.0,0.0,0.0,0.0
3,7,7,0,,,,1.1325667,0.0,0.0,0.0,0.0
3,8,7,0,,,,0.6849333,0.0,0.0,0.0,15.22
3,9,7,0,,,,0.64161664,0.0,0.0,0.0,28.93
3,10,7,0,,,,0.6947,0.0,0.0,0.0,169.0
3,11,7,0,,,,0.64568335,0.0,0.0,0.0,261.96
3,12,7,0,,,,0.6580167,0.0,0.0,0.0,811.86
3,13,7,0,,,,0.6941,0.0,0.0,0.0,417.41
3,14,7,0,,,,0.64523333,0.0,0.0,0.0,347.8
3,15,7,0,,,,0.7007833,0.0,0.0,0.0,28.12
3,16,7,0,,,,0.63981664,0.0,0.0,0.0,72.25
3,17,7,0,,,,0.71491665,0.0,0.0,0.0,50.64
3,18,7,0,,,,0.71155,0.0,0.0,0.0,33.4
3,19,7,0,,,,0.6413,0.0,0.0,0.0,0.0
3,20,7,0,,,,0.70065,0.0,0.0,0.0,0.0
3,21,7,0,,,,0.63991666,0.0,0.0,0.0,0.0
3,22,7,0,,,,0.7951,0.0,0.0,0.0,0.0
3,23,7,0,,,,1.1246166,0.0,0.0,0.0,0.0
3,24,7,0,,,,0.64050835,0.0,0.0,0.0,0.0
3,1,1,0,,,,0.6853,0.0,0.0,0.0,0.0
3,2,1,0,,,,0.6369,0.0,0.0,0.0,0.0
3,3,1,0,,,,0.67118335,0.0,0.0,0.0,0.0
3,4,1,0,,,,0.64695,0.0,0.0,0.0,0.0
3,5,1,0,,,,0.63276666,0.0,0.0,0.0,0.0
3,6,1,0,,,,0.67861664,0.0,0.0,0.0,0.0
3,7,1,0,,,,0.6264167,0.0,0.0,0.0,0.0
3,8,1,0,,,,0.6770167,0.0,0.0,0.0,10.48
3,9,1,0,,,,0.66076666,0.0,0.0,0.0,115.54
3,10,1,0,,,,0.63853335,0.0,0.0,0.0,124.41
3,11,1,0,,,,0.7012,0.0,0.0,0.0,140.1
3,12,1,0,,,,0.65213335,0.0,0.0,0.0,154.85
3,13,1,0,,,,0.7694167,0.0,0.0,0.0,90.7
3,14,1,0,,,,0.8595167,0.0,0.0,0.0,144.67
3,15,1,0,,,,1.0603334,0.0,0.0,0.0,29.4
3,16,1,0,,,,0.702,0.0,0.0,0.0,21.33
3,17,1,0,,,,0.64098334,0.0,0.0,0.0,122.75
3,18,1,0,,,,0.7036833,0.0,0.0,0.0,7.79
3,19,1,0,,,,0.6351,0.0,0.0,0.0,0.0
3,20,1,0,,,,0.65426666,0.0,0.0,0.0,0.0
3,21,1,0,,,,0.6695,0.0,0.0,0.0,0.0
3,22,1,0,,,,0.63056666,0.0,0.0,0.0,0.0
3,23,1,0,,,,0.70035,0.0,0.0,0.0,0.0
3,24,1,0,,,,0.63434166,0.0,0.0,0.0,0.0
3,1,2,0,,,,0.67216665,0.0,0.0,0.0,0.0
3,2,2,0,,,,0.66425,0.0,0.0,0.0,0.0
3,3,2,0,,,,0.6307667,0.0,0.0,0.0,0.0
3,4,2,0,,,,0.68988335,0.0,0.0,0.0,0.0
3,5,2,0,,,,0.62425,0.0,0.0,0.0,0.0
3,6,2,0,,,,0.90888333,0.0,0.0,0.0,0.0
3,7,2,0,,,,0.9842167,0.0,0.0,0.0,1.27
3,8,2,0,,,,0.6349667,0.0,0.0,0.0,181.33
3,9,2,0,,,,0.6982333,0.0,0.0,0.0,437.63
3,10,2,0,,,,0.7313833,0.0,0.0,0.0,637.39
3,11,2,0,,,,0.6975167,0.0,0.0,0.0,770.27
3,12,2,0,,,,0.6997,0.0,0.0,0.0,855.97
3,13,2,0,,,,0.65746665,0.0,0.0,0.0,883.24
3,14,2,0,,,,0.70631665,0.0,0.0,0.0,843.03
3,15,2,0,,,,0.64858335,0.0,0.0,0.0,754.94
3,16,2,0,,,,0.69168335,0.0,0.0,0.0,597.68
3,17,2,0,,,,0.65285,0.0,0.0,0.0,382.1
3,18,2,0,,,,0.65281665,0.0,0.0,0.0,129.21
3,19,2,0,,,,0.6642333,0.0,0.0,0.0,0.0
3,20,2,0,,,,0.6259583,0.0,0.0,0.0,0.0
3,21,2,0,,,,0.70015,0.0,0.0,0.0,0.0
3,22,2,0,,,,0.72573334,0.0,0.0,0.0,0.0
3,23,2,0,,,,1.14745,0.0,0.0,0.0,0.0
3,24,2,0,,,,0.6443667,0.0,0.0,0.0,0.0
3,1,3,0,,,,0.65835,0.0,0.0,0.0,0.0
3,2,3,0,,,,0.6685,0.0,0.0,0.0,0.0
3,3,3,0,,,,0.6296167,0.0,0.0,0.0,0.0
3,4,3,0,,,,0.6878667,0.0,0.0,0.0,0.0
3,5,3,0,,,,0.69035,0.0,0.0,0.0,0.0
3,6,3,0,,,,0.69488335,0.0,0.0,0.0,0.0
3,7,3,0,,,,0.65963334,0.0,0.0,0.0,3.74
3,8,3,0,,,,0.65891665,0.0,0.0,0.0,169.58
3,9,3,0,,,,0.6881667,0.0,0.0,0.0,182.16
3,10,3,0,,,,0.64713335,0.0,0.0,0.0,267.34
3,11,3,0,,,,0.72366667,0.0,0.0,0.0,332.42
3,12,3,0,,,,0.6501,0.0,0.0,0.0,423.47
3,13,3,0,,,,0.65833336,0.0,0.0,0.0,351.0
3,14,3,0,,,,0.62193334,0.0,0.0,0.0,503.4
3,15,3,0,,,,1.01605,0.0,0.0,0.0,723.41
3,16,3,0,,,,0.7951667,0.0,0.0,0.0,578.21
3,17,3,0,,,,0.61728334,0.0,0.0,0.0,347.89
3,18,3,0,,,,0.64176667,0.0,0.0,0.0,80.52
3,19,3,0,,,,0.5897,0.0,0.0,0.0,0.0
3,20,3,0,,,,0.64699167,0.0,0.0,0.0,0.0
3,21,3,0,,,,0.58493334,0.0,0.0,0.0,0.0
3,22,3,0,,,,0.69456667,0.0,0.0,0.0,0.0
3,23,3,0,,,,0.63671666,0.0,0.0,0.0,0.0
3,24,3,0,,,,0.68059164,0.0,0.0,0.0,0.0
3,1,4,0,,,,0.65075,0.0,0.0,0.0,0.0
3,2,4,0,,,,0.67076665,0.0,0.0,0.0,0.0
3,3,4,0,,,,0.67025,0.0,0.0,0.0,0.0
3,4,4,0,,,,0.6450167,0.0,0.0,0.0,0.0
3,5,4,0,,,,0.6814,0.0,0.0,0.0,0.0
3,6,4,0,,,,0.6285167,0.0,0.0,0.0,0.0
3,7,4,0,,,,0.8255,0.0,0.0,0.0,0.0
3,8,4,0,,,,1.0432667,0.0,0.0,0.0,27.82
3,9,4,0,,,,0.6856167,0.0,0.0,0.0,113.87
3,10,4,0,,,,0.66943336,0.0,0.0,0.0,140.48
3,11,4,0,,,,0.67156667,0.0,0.0,0.0,126.35
3,12,4,0,,,,0.7126333,0.0,0.0,0.0,193.94
3,13,4,0,,,,0.66175,0.0,0.0,0.0,405.62
3,14,4,0,,,,0.7338167,0.0,0.0,0.0,819.78
3,15,4,0,,,,0.6547,0.0,0.0,0.0,713.77
3,16,4,0,,,,0.7105,0.0,0.0,0.0,564.81
3,17,4,0,,,,0.6581,0.0,0.0,0.0,358.74
3,18,4,0,,,,0.6795167,0.0,0.0,0.0,121.73
3,19,4,0,,,,0.66585,0.0,0.0,0.0,0.0
3,20,4,0,,,,0.6594833,0.0,0.0,0.0,0.0
3,21,4,0,,,,0.6802,0.0,0.0,0.0,0.0
3,22,4,0,,,,0.64255,0.0,0.0,0.0,0.0
3,23,4,0,,,,0.6968,0.0,0.0,0.0,0.0
3,24,4,0,,,,0.9502583,0.0,0.0,0.0,0.0
3,1,5,0,,,,0.9417,0.0,0.0,0.0,0.0
3,2,5,0,,,,0.6501167,0.0,0.0,0.0,0.0
3,3,5,0,,,,0.66223335,0.0,0.0,0.0,0.0
3,4,5,0,,,,0.6695,0.0,0.0,0.0,0.0
3,5,5,0,,,,0.62848336,0.0,0.0,0.0,0.0
3,6,5,0,,,,0.68548334,0.0,0.0,0.0,0.0
3,7,5,0,,,,0.6333,0.0,0.0,0.0,4.84
3,8,5,0,,,,0.67645,0.0,0.0,0.0,186.04
3,9,5,0,,,,0.6611417,0.0,0.0,0.0,419.02
3,10,5,0,,,,0.65493333,0.0,0.0,0.0,606.13
3,11,5,0,,,,0.71271664,0.0,0.0,0.0,736.8
3,12,5,0,,,,0.65681666,0.0,0.0,0.0,829.28
3,13,5,0,,,,0.70993334,0.0,0.0,0.0,837.0
3,14,5,0,,,,0.67543334,0.0,0.0,0.0,801.03
3,15,5,0,,,,0.6785,0.0,0.0,0.0,704.46
3,16,5,0,,,,0.7722333,0.0,0.0,0.0,554.58
3,17,5,0,,,,1.1218834,0.0,0.0,0.0,353.05
3,18,5,0,,,,0.7101833,0.0,0.0,0.0,124.87
3,19,5,0,,,,0.62918335,0.0,0.0,0.0,0.0
3,20,5,0,,,,0.67838335,0.0,0.0,0.0,0.0
3,21,5,0,,,,0.65601665,0.0,0.0,0.0,0.0
3,22,5,0,,,,0.6541167,0.0,0.0,0.0,0.0
3,23,5,0,,,,0.67808336,0.0,0.0,0.0,0.0
3,24,5,0,,,,0.6304917,0.0,0.0,0.0,0.0
4,1,6,0,,,,0.6996833,0.0,0.0,0.0,0.0
4,2,6,0,,,,0.6415333,0.0,0.0,0.0,0.0
4,3,6,0,,,,0.6648833,0.0,0.0,0.0,0.0
4,4,6,0,,,,0.6598667,0.0,0.0,0.0,0.0
4,5,6,0,,,,0.62733334,0.0,0.0,0.0,0.0
4,6,6,0,,,,0.68535,0.0,0.0,0.0,0.0
4,7,6,0,,,,0.6307,0.0,0.0,0.0,4.17
4,8,6,0,,,,0.7171,0.0,0.0,0.0,192.5
4,9,6,0,,,,1.1498,0.0,0.0,0.0,439.91
4,10,6,0,,,,0.6486667,0.0,0.0,0.0,644.16
4,11,6,0,,,,0.7072167,0.0,0.0,0.0,777.71
4,12,6,0,,,,0.6198083,0.0,0.0,0.0,871.08
4,13,6,0,,,,0.6569667,0.0,0.0,0.0,887.55
4,14,6,0,,,,0.67551666,0.0,0.0,0.0,842.91
4,15,6,0,,,,0.60716665,0.0,0.0,0.0,741.98
4,16,6,0,,,,0.62633336,0.0,0.0,0.0,584.36
4,17,6,0,,,,0.56378335,0.0,0.0,0.0,367.41
4,18,6,0,,,,0.6192833,0.0,0.0,0.0,131.0
4,19,6,0,,,,0.5463833,0.0,0.0,0.0,0.0
4,20,6,0,,,,0.61855,0.0,0.0,0.0,0.0
4,21,6,0,,,,0.6022,0.0,0.0,0.0,0.0
4,22,6,0,,,,0.6263833,0.0,0.0,0.0,0.0
4,23,6,0,,,,0.6185,0.0,0.0,0.0,0.0
4,24,6,0,,,,0.6019083,0.0,0.0,0.0,0.0
4,1,7,0,,,,0.94956666,0.0,0.0,0.0,0.0
4,2,7,0,,,,0.8513167,0.0,0.0,0.0,0.0
4,3,7,0,,,,0.65388334,0.0,0.0,0.0,0.0
4,4,7,0,,,,0.5929833,0.0,0.0,0.0,0.0
4,5,7,0,,,,0.6289833,0.0,0.0,0.0,0.0
4,6,7,0,,,,0.6134833,0.0,0.0,0.0,0.0
4,7,7,0,,,,0.6031,0.0,0.0,0.0,9.88
4,8,7,0,,,,0.6548,0.0,0.0,0.0,210.27
4,9,7,0,,,,0.59585,0.0,0.0,0.0,455.12
4,10,7,0,,,,0.6587167,0.0,0.0,0.0,638.11
4,11,7,0,,,,0.62371665,0.0,0.0,0.0,781.31
4,12,7,0,,,,0.65098333,0.0,0.0,0.0,873.04
4,13,7,0,,,,0.64376664,0.0,0.0,0.0,884.74
4,14,7,0,,,,0.5808167,0.0,0.0,0.0,839.46
4,15,7,0,,,,0.62983334,0.0,0.0,0.0,742.39
4,16,7,0,,,,0.5660333,0.0,0.0,0.0,585.03
4,17,7,0,,,,0.62013334,0.0,0.0,0.0,365.68
4,18,7,0,,,,1.0589666,0.0,0.0,0.0,131.5
4,19,7,0,,,,0.6360667,0.0,0.0,0.0,0.0
4,20,7,0,,,,0.5824583,0.0,0.0,0.0,0.0
4,21,7,0,,,,0.6256,0.0,0.0,0.0,0.0
4,22,7,0,,,,0.6313,0.0,0.0,0.0,0.0
4,23,7,0,,,,0.6056833,0.0,0.0,0.0,0.0
4,24,7,0,,,,0.65544164,0.0,0.0,0.0,0.0
4,1,1,0,,,,0.59601665,0.0,0.0,0.0,0.0
4,2,1,0,,,,0.6533333,0.0,0.0,0.0,0.0
4,3,1,0,,,,0.60385,0.0,0.0,0.0,0.0
4,4,1,0,,,,0.6274833,0.0,0.0,0.0,0.0
4,5,1,0,,,,0.6127333,0.0,0.0,0.0,0.0
4,6,1,0,,,,0.5921,0.0,0.0,0.0,0.0
4,7,1,0,,,,0.64415,0.0,0.0,0.0,12.78
4,8,1,0,,,,0.59078336,0.0,0.0,0.0,208.07
4,9,1,0,,,,0.6547833,0.0,0.0,0.0,442.48
4,10,1,0,,,,0.8937167,0.0,0.0,0.0,620.42
4,11,1,0,,,,0.87275,0.0,0.0,0.0,742.71
4,12,1,0,,,,0.64853334,0.0,0.0,0.0,833.51
4,13,1,0,,,,0.61755,0.0,0.0,0.0,849.39
4,14,1,0,,,,0.6759833,0.0,0.0,0.0,808.8
4,15,1,0,,,,0.61065,0.0,0.0,0.0,712.4
4,16,1,0,,,,0.65675,0.0,0.0,0.0,561.64
4,17,1,0,,,,0.62135,0.0,0.0,0.0,359.42
4,18,1,0,,,,0.6275,0.0,0.0,0.0,131.8
4,19,1,0,,,,0.6243167,0.0,0.0,0.0,0.0
4,20,1,0,,,,0.6027167,0.0,0.0,0.0,0.0
4,21,1,0,,,,0.64356667,0.0,0.0,0.0,0.0
4,22,1,0,,,,0.59213334,0.0,0.0,0.0,0.0
4,23,1,0,,,,0.65431666,0.0,0.0,0.0,0.0
4,24,1,0,,,,0.596125,0.0,0.0,0.0,0.0
4,1,2,0,,,,0.63561666,0.0,0.0,0.0,0.0
4,2,2,0,,,,0.6832,0.0,0.0,0.0,0.0
4,3,2,0,,,,1.1029667,0.0,0.0,0.0,0.0
4,4,2,0,,,,0.6355,0.0,0.0,0.0,0.0
4,5,2,0,,,,0.5882,0.0,0.0,0.0,0.0
4,6,2,0,,,,0.63736665,0.0,0.0,0.0,0.0
4,7,2,0,,,,0.5995833,0.0,0.0,0.0,8.53
4,8,2,0,,,,0.62335,0.0,0.0,0.0,201.89
4,9,2,0,,,,0.6314667,0.0,0.0,0.0,431.43
4,10,2,0,,,,0.59763336,0.0,0.0,0.0,611.36
4,11,2,0,,,,0.67466664,0.0,0.0,0.0,736.57
4,12,2,0,,,,0.60891664,0.0,0.0,0.0,814.35
4,13,2,0,,,,0.6616167,0.0,0.0,0.0,833.98
4,14,2,0,,,,0.63645,0.0,0.0,0.0,783.63
4,15,2,0,,,,0.5882667,0.0,0.0,0.0,683.48
4,16,2,0,,,,0.6113833,0.0,0.0,0.0,549.85
4,17,2,0,,,,0.55913335,0.0,0.0,0.0,353.11
4,18,2,0,,,,0.6207,0.0,0.0,0.0,132.04
4,19,2,0,,,,0.69521666,0.0,0.0,0.0,0.53
4,20,2,0,,,,0.99055,0.0,0.0,0.0,0.0
4,21,2,0,,,,0.57388335,0.0,0.0,0.0,0.0
4,22,2,0,,,,0.6318833,0.0,0.0,0.0,0.0
4,23,2,0,,,,0.68986666,0.0,0.0,0.0,0.0
4,24,2,0,,,,0.638025,0.0,0.0,0.0,0.0
4,1,3,0,,,,0.65055,0.0,0.0,0.0,0.0
4,2,3,0,,,,0.60565,0.0,0.0,0.0,0.0
4,3,3,0,,,,0.6559833,0.0,0.0,0.0,0.0
4,4,3,0,,,,0.5887,0.0,0.0,0.0,0.0
4,5,3,0,,,,0.6458833,0.0,0.0,0.0,0.0
4,6,3,0,,,,0.59146667,0.0,0.0,0.0,0.0
4,7,3,0,,,,0.62915,0.0,0.0,0.0,9.23
4,8,3,0,,,,0.62465,0.0,0.0,0.0,185.17
4,9,3,0,,,,0.60948336,0.0,0.0,0.0,407.68
4,10,3,0,,,,0.647,0.0,0.0,0.0,597.59
4,11,3,0,,,,0.61073333,0.0,0.0,0.0,728.64
4,12,3,0,,,,1.1216834,0.0,0.0,0.0,808.27
4,13,3,0,,,,0.6411167,0.0,0.0,0.0,717.05
4,14,3,0,,,,0.6223,0.0,0.0,0.0,766.43
4,15,3,0,,,,0.5914,0.0,0.0,0.0,706.02
4,16,3,0,,,,0.61265,0.0,0.0,0.0,561.26
4,17,3,0,,,,0.59038335,0.0,0.0,0.0,357.43
4,18,3,0,,,,0.58141667,0.0,0.0,0.0,133.53
4,19,3,0,,,,0.58815,0.0,0.0,0.0,2.15
4,20,3,0,,,,0.57273334,0.0,0.0,0.0,0.0
4,21,3,0,,,,0.6644667,0.0,0.0,0.0,0.0
4,22,3,0,,,,3.3157833,0.0,0.0,0.0,0.0
4,23,3,0,,,,3.9642,0.0,0.0,0.0,0.0
4,24,3,0,,,,1.6155916,0.0,0.0,0.0,0.0
4,1,4,0,,,,1.13545,0.0,0.0,0.0,0.0
4,2,4,0,,,,1.3021333,0.0,0.0,0.0,0.0
4,3,4,0,,,,1.5162166,0.0,0.0,0.0,0.0
4,4,4,0,,,,0.6077167,0.0,0.0,0.0,0.0
4,5,4,0,,,,0.60983336,0.0,0.0,0.0,0.0
4,6,4,0,,,,0.5937667,0.0,0.0,0.0,0.0
4,7,4,0,,,,0.58231664,0.0,0.0,0.0,5.48
4,8,4,0,,,,0.6256667,0.0,0.0,0.0,128.26
4,9,4,0,,,,0.5639,0.0,0.0,0.0,372.29
4,10,4,0,,,,0.6213167,0.0,0.0,0.0,565.2
4,11,4,0,,,,0.56905,0.0,0.0,0.0,660.23
4,12,4,0,,,,0.5782,0.0,0.0,0.0,776.06
4,13,4,0,,,,0.6027,0.0,0.0,0.0,816.52
4,14,4,0,,,,1.0883666,0.0,0.0,0.0,793.55
4,15,4,0,,,,1.1858667,0.0,0.0,0.0,703.8
4,16,4,0,,,,1.8334334,0.0,0.0,0.0,546.53
4,17,4,0,,,,3.2576666,0.0,0.0,0.0,353.33
4,18,4,0,,,,2.9453166,0.0,0.0,0.0,130.41
4,19,4,0,,,,2.17385,0.0,0.0,0.0,2.14
4,20,4,0,,,,1.2671334,0.0,0.0,0.0,0.0
4,21,4,0,,,,0.96015,0.0,0.0,0.0,0.0
4,22,4,0,,,,1.6285417,0.0,0.0,0.0,0.0
4,23,4,0,,,,1.5478667,0.0,0.0,0.0,0.0
4,24,4,0,,,,1.0804167,0.0,0.0,0.0,0.0
4,1,5,0,,,,1.4981834,0.0,0.0,0.0,0.0
4,2,5,0,,,,0.72581667,0.0,0.0,0.0,0.0
4,3,5,0,,,,0.66328335,0.0,0.0,0.0,0.0
4,4,5,0,,,,0.68478334,0.0,0.0,0.0,0.0
4,5,5,0,,,,0.75128335,0.0,0.0,0.0,0.0
4,6,5,0,,,,0.6375167,0.0,0.0,0.0,0.0
4,7,5,0,,,,0.71206665,0.0,0.0,0.0,3.68
4,8,5,0,,,,0.6501833,0.0,0.0,0.0,93.65
4,9,5,0,,,,0.68408334,0.0,0.0,0.0,399.87
4,10,5,0,,,,0.6551333,0.0,0.0,0.0,573.92
4,11,5,0,,,,0.79363334,0.0,0.0,0.0,658.89
4,12,5,0,,,,1.0666167,0.0,0.0,0.0,780.13
4,13,5,0,,,,0.60113335,0.0,0.0,0.0,806.74
4,14,5,0,,,,0.7618167,0.0,0.0,0.0,764.31
4,15,5,0,,,,1.0668833,0.0,0.0,0.0,681.19
4,16,5,0,,,,0.93688333,0.0,0.0,0.0,503.3
4,17,5,0,,,,1.2653167,0.0,0.0,0.0,325.73
4,18,5,0,,,,0.9867333,0.0,0.0,0.0,111.78
4,19,5,0,,,,2.5720167,0.0,0.0,0.0,0.86
4,20,5,0,,,,1.5608667,0.0,0.0,0.0,0.0
4,21,5,0,,,,1.7537333,0.0,0.0,0.0,0.0
4,22,5,0,,,,1.5350667,0.0,0.0,0.0,0.0
4,23,5,0,,,,1.2383333,0.0,0.0,0.0,0.0
4,24,5,0,,,,1.3486583,0.0,0.0,0.0,0.0
4,1,6,0,,,,1.0737667,0.0,0.0,0.0,0.0
4,2,6,0,,,,1.1166667,0.0,0.0,0.0,0.0
4,3,6,0,,,,0.7522333,0.0,0.0,0.0,0.0
4,4,6,0,,,,0.67635,0.0,0.0,0.0,0.0
4,5,6,0,,,,0.7166167,0.0,0.0,0.0,0.0
4,6,6,0,,,,0.69816667,0.0,0.0,0.0,0.0
4,7,6,0,,,,0.7826833,0.0,0.0,0.0,2.07
4,8,6,0,,,,1.0803334,0.0,0.0,0.0,155.34
4,9,6,0,,,,1.5132667,0.0,0.0,0.0,193.34
4,10,6,0,,,,1.5759833,0.0,0.0,0.0,467.36
4,11,6,0,,,,1.2826166,0.0,0.0,0.0,420.91
4,12,6,0,,,,1.401,0.0,0.0,0.0,509.99
4,13,6,0,,,,1.5705167,0.0,0.0,0.0,786.64
4,14,6,0,,,,1.8405334,0.0,0.0,0.0,753.12
4,15,6,0,,,,1.9031,0.0,0.0,0.0,664.97
4,16,6,0,,,,1.6360834,0.0,0.0,0.0,468.13
4,17,6,0,,,,1.0113167,0.0,0.0,0.0,325.37
4,18,6,0,,,,1.04895,0.0,0.0,0.0,98.54
4,19,6,0,,,,1.0463667,0.0,0.0,0.0,1.23
4,20,6,0,,,,0.80115,0.0,0.0,0.0,0.0
4,21,6,0,,,,0.6900167,0.0,0.0,0.0,0.0
4,22,6,0,,,,0.6508,0.0,0.0,0.0,0.0
4,23,6,0,,,,0.64591664,0.0,0.0,0.0,0.0
4,24,6,0,,,,0.62556666,0.0,0.0,0.0,0.0
4,1,7,0,,,,0.56128335,0.0,0.0,0.0,0.0
4,2,7,0,,,,0.6605333,0.0,0.0,0.0,0.0
4,3,7,0,,,,1.1366833,0.0,0.0,0.0,0.0
4,4,7,0,,,,1.0810333,0.0,0.0,0.0,0.0
4,5,7,0,,,,0.9597,0.0,0.0,0.0,0.0
4,6,7,0,,,,0.55268335,0.0,0.0,0.0,0.0
4,7,7,0,,,,0.5955,0.0,0.0,0.0,0.33
4,8,7,0,,,,0.5484,0.0,0.0,0.0,18.62
4,9,7,0,,,,0.5988333,0.0,0.0,0.0,19.89
4,10,7,0,,,,0.56175,0.0,0.0,0.0,43.55
4,11,7,0,,,,0.5726,0.0,0.0,0.0,474.4
4,12,7,0,,,,0.6002167,0.0,0.0,0.0,633.15
4,13,7,0,,,,0.56048334,0.0,0.0,0.0,650.88
4,14,7,0,,,,0.6181833,0.0,0.0,0.0,662.06
4,15,7,0,,,,0.5627,0.0,0.0,0.0,447.49
4,16,7,0,,,,0.5944667,0.0,0.0,0.0,252.81
4,17,7,0,,,,0.5746833,0.0,0.0,0.0,192.48
4,18,7,0,,,,0.5527167,0.0,0.0,0.0,73.73
4,19,7,0,,,,0.64271665,0.0,0.0,0.0,2.98
4,20,7,0,,,,1.2038667,0.0,0.0,0.0,0.0
4,21,7,0,,,,1.3548833,0.0,0.0,0.0,0.0
4,22,7,0,,,,0.80981666,0.0,0.0,0.0,0.0
4,23,7,0,,,,0.58748335,0.0,0.0,0.0,0.0
4,24,7,0,,,,0.578375,0.0,0.0,0.0,0.0
4,1,1,0,,,,0.55876666,0.0,0.0,0.0,0.0
4,2,1,0,,,,0.6191,0.0,0.0,0.0,0.0
4,3,1,0,,,,0.7994,0.0,0.0,0.0,0.0
4,4,1,0,,,,0.67106664,0.0,0.0,0.0,0.0
4,5,1,0,,,,0.61261666,0.0,0.0,0.0,0.0
4,6,1,0,,,,0.6209667,0.0,0.0,0.0,0.0
4,7,1,0,,,,1.1183667,0.0,0.0,0.0,33.15
4,8,1,0,,,,0.9061,0.0,0.0,0.0,181.91
4,9,1,0,,,,0.66221666,0.0,0.0,0.0,390.44
4,10,1,0,,,,0.6109167,0.0,0.0,0.0,460.93
4,11,1,0,,,,0.64213336,0.0,0.0,0.0,663.09
4,12,1,0,,,,0.70711666,0.0,0.0,0.0,783.29
4,13,1,0,,,,0.5883833,0.0,0.0,0.0,798.92
4,14,1,0,,,,0.75058335,0.0,0.0,0.0,781.16
4,15,1,0,,,,0.82645,0.0,0.0,0.0,696.97
4,16,1,0,,,,2.1050167,0.0,0.0,0.0,526.16
4,17,1,0,,,,1.6283,0.0,0.0,0.0,240.85
4,18,1,0,,,,2.3406334,0.0,0.0,0.0,127.96
4,19,1,0,,,,1.74725,0.0,0.0,0.0,0.0
4,20,1,0,,,,1.2060833,0.0,0.0,0.0,0.0
4,21,1,0,,,,0.5409167,0.0,0.0,0.0,0.0
4,22,1,0,,,,0.4889,0.0,0.0,0.0,0.0
4,23,1,0,,,,0.55065,0.0,0.0,0.0,0.0
4,24,1,0,,,,0.492525,0.0,0.0,0.0,0.0
4,1,2,0,,,,0.5268833,0.0,0.0,0.0,0.0
4,2,2,0,,,,0.51775,0.0,0.0,0.0,0.0
4,3,2,0,,,,1.2821333,0.0,0.0,0.0,0.0
4,4,2,0,,,,1.14175,0.0,0.0,0.0,0.0
4,5,2,0,,,,0.68086666,0.0,0.0,0.0,0.0
4,6,2,0,,,,0.6226,0.0,0.0,0.0,0.0
4,7,2,0,,,,0.5771,0.0,0.0,0.0,18.32
4,8,2,0,,,,0.60338336,0.0,0.0,0.0,90.98
4,9,2,0,,,,0.61175,0.0,0.0,0.0,96.6
4,10,2,0,,,,0.61215,0.0,0.0,0.0,42.03
4,11,2,0,,,,0.7978167,0.0,0.0,0.0,148.54
4,12,2,0,,,,0.7209167,0.0,0.0,0.0,229.71
4,13,2,0,,,,0.6871333,0.0,0.0,0.0,223.07
4,14,2,0,,,,0.5193,0.0,0.0,0.0,127.66
4,15,2,0,,,,0.54135,0.0,0.0,0.0,162.63
4,16,2,0,,,,0.50955,0.0,0.0,0.0,91.57
4,17,2,0,,,,1.31255,0.0,0.0,0.0,61.18
4,18,2,0,,,,1.1973333,0.0,0.0,0.0,37.7
4,19,2,0,,,,0.9442667,0.0,0.0,0.0,0.0
4,20,2,0,,,,0.56843334,0.0,0.0,0.0,0.0
4,21,2,0,,,,0.6954167,0.0,0.0,0.0,0.0
4,22,2,0,,,,0.8835,0.0,0.0,0.0,0.0
4,23,2,0,,,,0.83253336,0.0,0.0,0.0,0.0
4,24,2,0,,,,0.9884083,0.0,0.0,0.0,0.0
4,1,3,0,,,,0.7952667,0.0,0.0,0.0,0.0
4,2,3,0,,,,0.54623336,0.0,0.0,0.0,0.0
4,3,3,0,,,,0.5428333,0.0,0.0,0.0,0.0
4,4,3,0,,,,0.48428333,0.0,0.0,0.0,0.0
4,5,3,0,,,,0.53606665,0.0,0.0,0.0,0.0
4,6,3,0,,,,0.46425,0.0,0.0,0.0,0.0
4,7,3,0,,,,0.5000333,0.0,0.0,0.0,1.15
4,8,3,0,,,,1.1050333,0.0,0.0,0.0,8.83
4,9,3,0,,,,0.8371,0.0,0.0,0.0,34.27
4,10,3,0,,,,0.58288336,0.0,0.0,0.0,71.07
4,11,3,0,,,,0.442,0.0,0.0,0.0,86.24
4,12,3,0,,,,0.48715,0.0,0.0,0.0,103.99
4,13,3,0,,,,0.4105,0.0,0.0,0.0,59.61
4,14,3,0,,,,0.6476667,0.0,0.0,0.0,66.77
4,15,3,0,,,,1.45535,0.0,0.0,0.0,0.0
4,16,3,0,,,,1.1494833,0.0,0.0,0.0,51.91
4,17,3,0,,,,1.4346,0.0,0.0,0.0,28.27
4,18,3,0,,,,0.85081667,0.0,0.0,0.0,32.84
4,19,3,0,,,,0.61365,0.0,0.0,0.0,0.0
4,20,3,0,,,,1.0618,0.0,0.0,0.0,0.0
4,21,3,0,,,,1.1250167,0.0,0.0,0.0,0.0
4,22,3,0,,,,0.65166664,0.0,0.0,0.0,0.0
4,23,3,0,,,,1.280375,0.0,0.0,0.0,0.0
4,24,3,0,,,,1.3710333,0.0,0.0,0.0,0.0
4,1,4,0,,,,0.9857,0.0,0.0,0.0,0.0
4,2,4,0,,,,0.6974667,0.0,0.0,0.0,0.0
4,3,4,0,,,,0.44893333,0.0,0.0,0.0,0.0
4,4,4,0,,,,0.5075667,0.0,0.0,0.0,0.0
4,5,4,0,,,,0.44328332,0.0,0.0,0.0,0.0
4,6,4,0,,,,0.47636667,0.0,0.0,0.0,0.0
4,7,4,0,,,,0.46536666,0.0,0.0,0.0,1.18
4,8,4,0,,,,0.4678,0.0,0.0,0.0,9.61
4,9,4,0,,,,0.72751665,0.0,0.0,0.0,61.59
4,10,4,0,,,,0.8793,0.0,0.0,0.0,107.37
4,11,4,0,,,,0.81368333,0.0,0.0,0.0,145.92
4,12,4,0,,,,1.06505,0.0,0.0,0.0,171.67
4,13,4,0,,,,0.8711333,0.0,0.0,0.0,188.67
4,14,4,0,,,,1.0857333,0.0,0.0,0.0,213.04
4,15,4,0,,,,1.23655,0.0,0.0,0.0,233.13
4,16,4,0,,,,1.2734667,0.0,0.0,0.0,136.3
4,17,4,0,,,,1.4187833,0.0,0.0,0.0,109.91
4,18,4,0,,,,0.79496664,0.0,0.0,0.0,130.15
4,19,4,0,,,,0.5736333,0.0,0.0,0.0,8.52
4,20,4,0,,,,0.6127333,0.0,0.0,0.0,0.0
4,21,4,0,,,,0.5758333,0.0,0.0,0.0,0.0
4,22,4,0,,,,0.6032,0.0,0.0,0.0,0.0
4,23,4,0,,,,0.5764,0.0,0.0,0.0,0.0
4,24,4,0,,,,0.514875,0.0,0.0,0.0,0.0
4,1,5,0,,,,0.5462,0.0,0.0,0.0,0.0
4,2,5,0,,,,0.64895,0.0,0.0,0.0,0.0
4,3,5,0,,,,1.2068334,0.0,0.0,0.0,0.0
4,4,5,0,,,,0.9519333,0.0,0.0,0.0,0.0
4,5,5,0,,,,0.79356664,0.0,0.0,0.0,0.0
4,6,5,0,,,,0.4853,0.0,0.0,0.0,0.0
4,7,5,0,,,,0.46366668,0.0,0.0,0.0,32.72
4,8,5,0,,,,0.6018,0.0,0.0,0.0,59.43
4,9,5,0,,,,0.46978334,0.0,0.0,0.0,268.85
4,10,5,0,,,,0.53961664,0.0,0.0,0.0,649.96
4,11,5,0,,,,0.51783335,0.0,0.0,0.0,739.26
4,12,5,0,,,,0.64626664,0.0,0.0,0.0,764.3
4,13,5,0,,,,0.71035,0.0,0.0,0.0,629.51
4,14,5,0,,,,0.5538167,0.0,0.0,0.0,337.06
4,15,5,0,,,,0.60546666,0.0,0.0,0.0,144.4
4,16,5,0,,,,0.5374,0.0,0.0,0.0,89.5
4,17,5,0,,,,1.2556334,0.0,0.0,0.0,68.51
4,18,5,0,,,,1.0839833,0.0,0.0,0.0,103.23
4,19,5,0,,,,0.7413,0.0,0.0,0.0,9.76
4,20,5,0,,,,0.6199167,0.0,0.0,0.0,0.0
4,21,5,0,,,,0.59578335,0.0,0.0,0.0,0.0
4,22,5,0,,,,0.6440167,0.0,0.0,0.0,0.0
4,23,5,0,,,,0.52458334,0.0,0.0,0.0,0.0
4,24,5,0,,,,0.5074667,0.0,0.0,0.0,0.0
4,1,6,0,,,,0.5419833,0.0,0.0,0.0,0.0
4,2,6,0,,,,0.4753,0.0,0.0,0.0,0.0
4,3,6,0,,,,0.96416664,0.0,0.0,0.0,0.0
4,4,6,0,,,,1.00265,0.0,0.0,0.0,0.0
4,5,6,0,,,,0.70493335,0.0,0.0,0.0,0.0
4,6,6,0,,,,0.47635,0.0,0.0,0.0,0.0
4,7,6,0,,,,0.51268333,0.0,0.0,0.0,46.06
4,8,6,0,,,,0.5049667,0.0,0.0,0.0,24.62
4,9,6,0,,,,0.46245,0.0,0.0,0.0,89.43
4,10,6,0,,,,0.51926666,0.0,0.0,0.0,211.65
4,11,6,0,,,,0.45871666,0.0,0.0,0.0,187.7
4,12,6,0,,,,0.51213336,0.0,0.0,0.0,152.87
4,13,6,0,,,,0.44981667,0.0,0.0,0.0,177.38
4,14,6,0,,,,0.43818334,0.0,0.0,0.0,441.59
4,15,6,0,,,,0.78068334,0.0,0.0,0.0,174.55
4,16,6,0,,,,0.75298333,0.0,0.0,0.0,105.58
4,17,6,0,,,,1.3751333,0.0,0.0,0.0,37.32
4,18,6,0,,,,1.2325333,0.0,0.0,0.0,7.6
4,19,6,0,,,,0.8889167,0.0,0.0,0.0,0.2
4,20,6,0,,,,0.43015,0.0,0.0,0.0,0.0
4,21,6,0,,,,0.47413334,0.0,0.0,0.0,0.0
4,22,6,0,,,,0.48425,0.0,0.0,0.0,0.0
4,23,6,0,,,,0.46616668,0.0,0.0,0.0,0.0
4,24,6,0,,,,0.49344167,0.0,0.0,0.0,0.0
4,1,7,0,,,,0.44071665,0.0,0.0,0.0,0.0
4,2,7,0,,,,0.5079,0.0,0.0,0.0,0.0
4,3,7,0,,,,0.43925,0.0,0.0,0.0,0.0
4,4,7,0,,,,0.48286667,0.0,0.0,0.0,0.0
4,5,7,0,,,,0.45495,0.0,0.0,0.0,0.0
4,6,7,0,,,,0.46551666,0.0,0.0,0.0,0.0
4,7,7,0,,,,0.5582,0.0,0.0,0.0,2.07
4,8,7,0,,,,0.54721665,0.0,0.0,0.0,10.11
4,9,7,0,,,,1.00485,0.0,0.0,0.0,45.8
4,10,7,0,,,,0.6043,0.0,0.0,0.0,64.54
4,11,7,0,,,,0.55801666,0.0,0.0,0.0,94.24
4,12,7,0,,,,0.53223336,0.0,0.0,0.0,179.34
4,13,7,0,,,,0.5214,0.0,0.0,0.0,108.64
4,14,7,0,,,,0.52571666,0.0,0.0,0.0,89.82
4,15,7,0,,,,0.47681665,0.0,0.0,0.0,76.03
4,16,7,0,,,,0.53681666,0.0,0.0,0.0,55.42
4,17,7,0,,,,1.2506833,0.0,0.0,0.0,42.28
4,18,7,0,,,,0.62023336,0.0,0.0,0.0,13.91
4,19,7,0,,,,0.45056668,0.0,0.0,0.0,1.74
4,20,7,0,,,,1.42695,0.0,0.0,0.0,0.0
4,21,7,0,,,,0.75306666,0.0,0.0,0.0,0.0
4,22,7,0,,,,1.0017667,0.0,0.0,0.0,0.0
4,23,7,0,,,,1.4871334,0.0,0.0,0.0,0.0
4,24,7,0,,,,1.2472084,0.0,0.0,0.0,0.0
4,1,1,0,,,,0.8800167,0.0,0.0,0.0,0.0
4,2,1,0,,,,0.7150667,0.0,0.0,0.0,0.0
4,3,1,0,,,,0.7001333,0.0,0.0,0.0,0.0
4,4,1,0,,,,0.49125,0.0,0.0,0.0,0.0
4,5,1,0,,,,0.51748335,0.0,0.0,0.0,0.0
4,6,1,0,,,,0.48043334,0.0,0.0,0.0,0.0
4,7,1,0,,,,0.4879,0.0,0.0,0.0,5.85
4,8,1,0,,,,0.53031665,0.0,0.0,0.0,32.94
4,9,1,0,,,,0.48105,0.0,0.0,0.0,122.89
4,10,1,0,,,,0.5438167,0.0,0.0,0.0,191.13
4,11,1,0,,,,0.4881,0.0,0.0,0.0,203.63
4,12,1,0,,,,0.5115333,0.0,0.0,0.0,187.22
4,13,1,0,,,,0.45968333,0.0,0.0,0.0,413.23
4,14,1,0,,,,0.52236664,0.0,0.0,0.0,624.65
4,15,1,0,,,,1.0074667,0.0,0.0,0.0,448.56
4,16,1,0,,,,0.9630167,0.0,0.0,0.0,218.17
4,17,1,0,,,,0.80545,0.0,0.0,0.0,305.46
4,18,1,0,,,,0.41011667,0.0,0.0,0.0,130.64
4,19,1,0,,,,0.44258332,0.0,0.0,0.0,13.71
4,20,1,0,,,,0.62815,0.0,0.0,0.0,0.0
4,21,1,0,,,,1.29705,0.0,0.0,0.0,0.0
4,22,1,0,,,,1.2396166,0.0,0.0,0.0,0.0
4,23,1,0,,,,1.05745,0.0,0.0,0.0,0.0
4,24,1,0,,,,0.8605667,0.0,0.0,0.0,0.0
4,1,2,0,,,,0.6024333,0.0,0.0,0.0,0.0
4,2,2,0,,,,0.5954667,0.0,0.0,0.0,0.0
4,3,2,0,,,,0.5384,0.0,0.0,0.0,0.0
4,4,2,0,,,,0.55801666,0.0,0.0,0.0,0.0
4,5,2,0,,,,0.49788332,0.0,0.0,0.0,0.0
4,6,2,0,,,,1.0080333,0.0,0.0,0.0,0.0
4,7,2,0,,,,0.95208335,0.0,0.0,0.0,54.14
4,8,2,0,,,,0.8865333,0.0,0.0,0.0,258.69
4,9,2,0,,,,0.47005,0.0,0.0,0.0,469.81
4,10,2,0,,,,0.58085,0.0,0.0,0.0,612.65
4,11,2,0,,,,0.5168833,0.0,0.0,0.0,696.62
4,12,2,0,,,,0.5249,0.0,0.0,0.0,792.14
4,13,2,0,,,,0.5416,0.0,0.0,0.0,705.66
4,14,2,0,,,,0.49405,0.0,0.0,0.0,710.65
4,15,2,0,,,,0.7934833,0.0,0.0,0.0,513.5
4,16,2,0,,,,1.1252667,0.0,0.0,0.0,541.57
4,17,2,0,,,,0.8120833,0.0,0.0,0.0,314.15
4,18,2,0,,,,1.53775,0.0,0.0,0.0,90.23
4,19,2,0,,,,2.2731166,0.0,0.0,0.0,16.86
4,20,2,0,,,,2.3400834,0.0,0.0,0.0,0.0
4,21,2,0,,,,1.1930667,0.0,0.0,0.0,0.0
4,22,2,0,,,,1.0143,0.0,0.0,0.0,0.0
4,23,2,0,,,,0.87561667,0.0,0.0,0.0,0.0
4,24,2,0,,,,0.62605834,0.0,0.0,0.0,0.0
4,1,3,0,,,,0.5980333,0.0,0.0,0.0,0.0
4,2,3,0,,,,0.63021666,0.0,0.0,0.0,0.0
4,3,3,0,,,,1.2924666,0.0,0.0,0.0,0.0
4,4,3,0,,,,1.2353166,0.0,0.0,0.0,0.0
4,5,3,0,,,,0.61001664,0.0,0.0,0.0,0.0
4,6,3,0,,,,0.63741666,0.0,0.0,0.0,0.0
4,7,3,0,,,,0.62126666,0.0,0.0,0.0,45.29
4,8,3,0,,,,0.617,0.0,0.0,0.0,210.53
4,9,3,0,,,,0.62298334,0.0,0.0,0.0,427.43
4,10,3,0,,,,0.58615,0.0,0.0,0.0,619.94
4,11,3,0,,,,0.65851665,0.0,0.0,0.0,637.07
4,12,3,0,,,,0.67008334,0.0,0.0,0.0,137.22
4,13,3,0,,,,0.64446664,0.0,0.0,0.0,54.39
4,14,3,0,,,,0.5327833,0.0,0.0,0.0,342.79
4,15,3,0,,,,0.5000833,0.0,0.0,0.0,121.34
4,16,3,0,,,,1.6890167,0.0,0.0,0.0,49.77
4,17,3,0,,,,1.5344167,0.0,0.0,0.0,238.44
4,18,3,0,,,,0.993,0.0,0.0,0.0,124.69
4,19,3,0,,,,0.64705,0.0,0.0,0.0,17.71
4,20,3,0,,,,0.46036667,0.0,0.0,0.0,0.0
4,21,3,0,,,,0.40998334,0.0,0.0,0.0,0.0
4,22,3,0,,,,0.47998333,0.0,0.0,0.0,0.0
4,23,3,0,,,,0.44966668,0.0,0.0,0.0,0.0
4,24,3,0,,,,0.50203335,0.0,0.0,0.0,0.0
4,1,4,0,,,,0.51166666,0.0,0.0,0.0,0.0
4,2,4,0,,,,0.5322667,0.0,0.0,0.0,0.0
4,3,4,0,,,,0.5614167,0.0,0.0,0.0,0.0
4,4,4,0,,,,0.49828333,0.0,0.0,0.0,0.0
4,5,4,0,,,,0.5351667,0.0,0.0,0.0,0.0
4,6,4,0,,,,0.46653333,0.0,0.0,0.0,0.0
4,7,4,0,,,,0.5409833,0.0,0.0,0.0,55.57
4,8,4,0,,,,0.6812,0.0,0.0,0.0,243.04
4,9,4,0,,,,1.0631833,0.0,0.0,0.0,457.12
4,10,4,0,,,,0.51933336,0.0,0.0,0.0,627.13
4,11,4,0,,,,0.5151,0.0,0.0,0.0,714.44
4,12,4,0,,,,0.56088334,0.0,0.0,0.0,798.42
4,13,4,0,,,,0.6412167,0.0,0.0,0.0,634.57
4,14,4,0,,,,0.6493,0.0,0.0,0.0,710.63
4,15,4,0,,,,0.4549,0.0,0.0,0.0,609.81
4,16,4,0,,,,0.5006,0.0,0.0,0.0,545.51
4,17,4,0,,,,1.0372833,0.0,0.0,0.0,357.88
4,18,4,0,,,,0.52358335,0.0,0.0,0.0,136.42
4,19,4,0,,,,1.1848667,0.0,0.0,0.0,16.85
4,20,4,0,,,,0.8190167,0.0,0.0,0.0,0.0
4,21,4,0,,,,0.44901666,0.0,0.0,0.0,0.0
4,22,4,0,,,,0.42991668,0.0,0.0,0.0,0.0
4,23,4,0,,,,0.8045167,0.0,0.0,0.0,0.0
4,24,4,0,,,,0.9287417,0.0,0.0,0.0,0.0
4,1,5,0,,,,0.93738335,0.0,0.0,0.0,0.0
4,2,5,0,,,,0.8746667,0.0,0.0,0.0,0.0
4,3,5,0,,,,0.5873333,0.0,0.0,0.0,0.0
4,4,5,0,,,,0.5832667,0.0,0.0,0.0,0.0
4,5,5,0,,,,1.0180833,0.0,0.0,0.0,0.0
4,6,5,0,,,,0.5861167,0.0,0.0,0.0,0.0
4,7,5,0,,,,0.54621667,0.0,0.0,0.0,53.8
4,8,5,0,,,,2.9537334,0.0,0.0,0.0,222.57
4,9,5,0,,,,3.0691833,0.0,0.0,0.0,431.21
4,10,5,0,,,,2.1894333,0.0,0.0,0.0,585.89
4,11,5,0,,,,1.30725,0.0,0.0,0.0,617.86
4,12,5,0,,,,1.93655,0.0,0.0,0.0,702.76
4,13,5,0,,,,3.3899333,0.0,0.0,0.0,796.32
4,14,5,0,,,,3.2847,0.0,0.0,0.0,741.77
4,15,5,0,,,,2.6028166,0.0,0.0,0.0,585.19
4,16,5,0,,,,1.7342833,0.0,0.0,0.0,533.3
4,17,5,0,,,,0.9232167,0.0,0.0,0.0,212.51
4,18,5,0,,,,0.95823336,0.0,0.0,0.0,145.5
4,19,5,0,,,,0.6368833,0.0,0.0,0.0,16.2
4,20,5,0,,,,1.4863167,0.0,0.0,0.0,0.0
4,21,5,0,,,,1.8294834,0.0,0.0,0.0,0.0
4,22,5,0,,,,2.2440834,0.0,0.0,0.0,0.0
4,23,5,0,,,,2.0129166,0.0,0.0,0.0,0.0
4,24,5,0,,,,1.4625584,0.0,0.0,0.0,0.0
4,1,6,0,,,,1.7615666,0.0,0.0,0.0,0.0
4,2,6,0,,,,1.3541167,0.0,0.0,0.0,0.0
4,3,6,0,,,,1.2131,0.0,0.0,0.0,0.0
4,4,6,0,,,,1.1631666,0.0,0.0,0.0,0.0
4,5,6,0,,,,0.70775,0.0,0.0,0.0,0.0
4,6,6,0,,,,0.6663833,0.0,0.0,0.0,0.0
4,7,6,0,,,,0.7180667,0.0,0.0,0.0,61.9
4,8,6,0,,,,0.6791667,0.0,0.0,0.0,265.71
4,9,6,0,,,,1.2081167,0.0,0.0,0.0,473.47
4,10,6,0,,,,1.92675,0.0,0.0,0.0,640.4
4,11,6,0,,,,2.52435,0.0,0.0,0.0,757.94
4,12,6,0,,,,2.78965,0.0,0.0,0.0,551.44
4,13,6,0,,,,2.8702166,0.0,0.0,0.0,576.68
4,14,6,0,,,,3.0536335,0.0,0.0,0.0,398.5
4,15,6,0,,,,2.6067667,0.0,0.0,0.0,618.83
4,16,6,0,,,,2.3019667,0.0,0.0,0.0,366.37
4,17,6,0,,,,1.65875,0.0,0.0,0.0,280.53
4,18,6,0,,,,2.3689666,0.0,0.0,0.0,122.53
4,19,6,0,,,,2.68405,0.0,0.0,0.0,16.11
4,20,6,0,,,,1.2180166,0.0,0.0,0.0,0.0
4,21,6,0,,,,1.1009834,0.0,0.0,0.0,0.0
4,22,6,0,,,,0.9084333,0.0,0.0,0.0,0.0
4,23,6,0,,,,0.9192167,0.0,0.0,0.0,0.0
4,24,6,0,,,,2.1429,0.0,0.0,0.0,0.0
4,1,7,0,,,,1.6587334,0.0,0.0,0.0,0.0
4,2,7,0,,,,1.337,0.0,0.0,0.0,0.0
4,3,7,0,,,,0.52398336,0.0,0.0,0.0,0.0
4,4,7,0,,,,0.45816666,0.0,0.0,0.0,0.0
4,5,7,0,,,,0.48535,0.0,0.0,0.0,0.0
4,6,7,0,,,,0.46675,0.0,0.0,0.0,0.0
4,7,7,0,,,,0.49046665,0.0,0.0,0.0,55.58
4,8,7,0,,,,1.2463666,0.0,0.0,0.0,217.76
4,9,7,0,,,,0.44041666,0.0,0.0,0.0,394.77
4,10,7,0,,,,1.3714666,0.0,0.0,0.0,571.66
4,11,7,0,,,,1.9294167,0.0,0.0,0.0,689.41
4,12,7,0,,,,2.1198666,0.0,0.0,0.0,723.52
4,13,7,0,,,,2.3656166,0.0,0.0,0.0,775.8
4,14,7,0,,,,2.0515833,0.0,0.0,0.0,617.37
4,15,7,0,,,,2.56445,0.0,0.0,0.0,394.0
4,16,7,0,,,,2.0106168,0.0,0.0,0.0,534.12
4,17,7,0,,,,1.56485,0.0,0.0,0.0,365.19
4,18,7,0,,,,1.1428666,0.0,0.0,0.0,149.93
4,19,7,0,,,,0.66863334,0.0,0.0,0.0,20.35
4,20,7,0,,,,1.53285,0.0,0.0,0.0,0.0
4,21,7,0,,,,0.032233424,0.0,0.0,0.0,0.0
4,22,7,0,,,,0.36428332,0.0,0.0,0.0,0.0
4,23,7,0,,,,0.43506667,0.0,0.0,0.0,0.0
4,24,7,0,,,,0.39939168,0.0,0.0,0.0,0.0
4,1,1,0,,,,0.44235,0.0,0.0,0.0,0.0
4,2,1,0,,,,0.41891667,0.0,0.0,0.0,0.0
4,3,1,0,,,,1.11,0.0,0.0,0.0,0.0
4,4,1,0,,,,1.07265,0.0,0.0,0.0,0.0
4,5,1,0,,,,0.5245,0.0,0.0,0.0,0.0
4,6,1,0,,,,0.53788334,0.0,0.0,0.0,0.0
4,7,1,0,,,,0.48198333,0.0,0.0,0.0,62.34
4,8,1,0,,,,0.5415,0.0,0.0,0.0,243.11
4,9,1,0,,,,0.5381167,0.0,0.0,0.0,438.35
4,10,1,0,,,,0.47495,0.0,0.0,0.0,600.14
4,11,1,0,,,,0.42863333,0.0,0.0,0.0,720.51
4,12,1,0,,,,0.42611668,0.0,0.0,0.0,799.21
4,13,1,0,,,,0.45886666,0.0,0.0,0.0,818.9
4,14,1,0,,,,0.41473332,0.0,0.0,0.0,786.78
4,15,1,0,,,,1.39945,0.0,0.0,0.0,709.55
4,16,1,0,,,,0.9514167,0.0,0.0,0.0,565.65
4,17,1,0,,,,0.9920833,0.0,0.0,0.0,372.96
4,18,1,0,,,,0.7317167,0.0,0.0,0.0,152.64
4,19,1,0,,,,0.5643,0.0,0.0,0.0,23.39
4,20,1,0,,,,0.9099333,0.0,0.0,0.0,0.0
4,21,1,0,,,,0.6619,0.0,0.0,0.0,0.0
4,22,1,0,,,,0.5514333,0.0,0.0,0.0,0.0
4,23,1,0,,,,0.43911666,0.0,0.0,0.0,0.0
4,24,1,0,,,,0.49728334,0.0,0.0,0.0,0.0
4,1,2,0,,,,0.45461667,0.0,0.0,0.0,0.0
4,2,2,0,,,,0.47115,0.0,0.0,0.0,0.0
4,3,2,0,,,,0.46098334,0.0,0.0,0.0,0.0
4,4,2,0,,,,0.43015,0.0,0.0,0.0,0.0
4,5,2,0,,,,0.5183333,0.0,0.0,0.0,0.0
4,6,2,0,,,,0.67111665,0.0,0.0,0.0,0.0
4,7,2,0,,,,0.76748335,0.0,0.0,0.0,66.63
4,8,2,0,,,,0.45796666,0.0,0.0,0.0,251.56
4,9,2,0,,,,0.45711666,0.0,0.0,0.0,440.94
4,10,2,0,,,,0.47146666,0.0,0.0,0.0,607.11
4,11,2,0,,,,0.4327,0.0,0.0,0.0,707.9
4,12,2,0,,,,0.48786667,0.0,0.0,0.0,788.7
4,13,2,0,,,,1.1628833,0.0,0.0,0.0,805.69
4,14,2,0,,,,1.075,0.0,0.0,0.0,684.04
4,15,2,0,,,,1.3690333,0.0,0.0,0.0,702.37
4,16,2,0,,,,1.1781167,0.0,0.0,0.0,549.05
4,17,2,0,,,,1.5203,0.0,0.0,0.0,364.97
4,18,2,0,,,,0.6271167,0.0,0.0,0.0,137.51
4,19,2,0,,,,0.52375,0.0,0.0,0.0,24.18
4,20,2,0,,,,0.48379168,0.0,0.0,0.0,0.0
4,21,2,0,,,,0.81696665,0.0,0.0,0.0,0.0
4,22,2,0,,,,0.78863335,0.0,0.0,0.0,0.0
4,23,2,0,,,,0.83241665,0.0,0.0,0.0,0.0
4,24,2,0,,,,0.7762833,0.0,0.0,0.0,0.0
4,1,3,0,,,,0.61906666,0.0,0.0,0.0,0.0
4,2,3,0,,,,0.61035,0.0,0.0,0.0,0.0
4,3,3,0,,,,0.59055,0.0,0.0,0.0,0.0
4,4,3,0,,,,0.5973667,0.0,0.0,0.0,0.0
4,5,3,0,,,,0.51655,0.0,0.0,0.0,0.0
4,6,3,0,,,,0.7126667,0.0,0.0,0.0,0.0
4,7,3,0,,,,0.75075,0.0,0.0,0.0,68.45
4,8,3,0,,,,1.0410666,0.0,0.0,0.0,265.24
4,9,3,0,,,,1.19445,0.0,0.0,0.0,464.2
4,10,3,0,,,,0.6795667,0.0,0.0,0.0,624.23
4,11,3,0,,,,1.2381166,0.0,0.0,0.0,747.24
4,12,3,0,,,,1.7289,0.0,0.0,0.0,816.68
4,13,3,0,,,,1.8944334,0.0,0.0,0.0,830.87
4,14,3,0,,,,0.93005,0.0,0.0,0.0,792.12
4,15,3,0,,,,0.79225,0.0,0.0,0.0,707.49
4,16,3,0,,,,0.60845,0.0,0.0,0.0,560.37
4,17,3,0,,,,0.5319333,0.0,0.0,0.0,367.48
4,18,3,0,,,,0.62881666,0.0,0.0,0.0,151.51
4,19,3,0,,,,0.43168333,0.0,0.0,0.0,15.77
4,20,3,0,,,,0.9375833,0.0,0.0,0.0,0.0
4,21,3,0,,,,0.3336667,0.0,0.0,0.0,0.0
4,22,3,0,,,,1.32005,0.0,0.0,0.0,0.0
4,23,3,0,,,,0.83381665,0.0,0.0,0.0,0.0
4,24,3,0,,,,0.52175,0.0,0.0,0.0,0.0
4,1,4,0,,,,0.52968335,0.0,0.0,0.0,0.0
4,2,4,0,,,,0.47956666,0.0,0.0,0.0,0.0
4,3,4,0,,,,0.49471667,0.0,0.0,0.0,0.0
4,4,4,0,,,,0.44426668,0.0,0.0,0.0,0.0
4,5,4,0,,,,0.5265833,0.0,0.0,0.0,0.0
4,6,4,0,,,,0.46035,0.0,0.0,0.0,0.18
4,7,4,0,,,,0.76325,0.0,0.0,0.0,68.85
4,8,4,0,,,,0.95413333,0.0,0.0,0.0,187.68
4,9,4,0,,,,1.01785,0.0,0.0,0.0,391.85
4,10,4,0,,,,0.8444333,0.0,0.0,0.0,191.3
4,11,4,0,,,,1.0861666,0.0,0.0,0.0,533.97
4,12,4,0,,,,1.5125667,0.0,0.0,0.0,770.5
4,13,4,0,,,,2.1102333,0.0,0.0,0.0,750.9
4,14,4,0,,,,1.2473333,0.0,0.0,0.0,771.53
4,15,4,0,,,,1.1664833,0.0,0.0,0.0,685.49
4,16,4,0,,,,1.4803333,0.0,0.0,0.0,546.97
4,17,4,0,,,,1.42325,0.0,0.0,0.0,358.43
4,18,4,0,,,,2.35265,0.0,0.0,0.0,147.95
4,19,4,0,,,,1.2709833,0.0,0.0,0.0,16.6
4,20,4,0,,,,0.8634667,0.0,0.0,0.0,0.0
4,21,4,0,,,,0.51710004,0.0,0.0,0.0,0.0
4,22,4,0,,,,0.5434833,0.0,0.0,0.0,0.0
4,23,4,0,,,,0.46385,0.0,0.0,0.0,0.0
4,24,4,0,,,,0.38963333,0.0,0.0,0.0,0.0
4,1,5,0,,,,0.46105,0.0,0.0,0.0,0.0
4,2,5,0,,,,0.7147,0.0,0.0,0.0,0.0
4,3,5,0,,,,1.22595,0.0,0.0,0.0,0.0
4,4,5,0,,,,1.2912834,0.0,0.0,0.0,0.0
4,5,5,0,,,,1.4234166,0.0,0.0,0.0,0.0
4,6,5,0,,,,0.6937,0.0,0.0,0.0,0.0
4,7,5,0,,,,0.50331664,0.0,0.0,0.0,31.86
4,8,5,0,,,,0.51313335,0.0,0.0,0.0,224.33
4,9,5,0,,,,0.47948334,0.0,0.0,0.0,418.9
4,10,5,0,,,,1.38535,0.0,0.0,0.0,378.3
4,11,5,0,,,,2.35925,0.0,0.0,0.0,168.64
4,12,5,0,,,,2.5292833,0.0,0.0,0.0,162.0
4,13,5,0,,,,1.9862833,0.0,0.0,0.0,79.62
4,14,5,0,,,,0.50083333,0.0,0.0,0.0,50.36
4,15,5,0,,,,0.4542,0.0,0.0,0.0,48.82
4,16,5,0,,,,2.3179,0.0,0.0,0.0,309.75
4,17,5,0,,,,1.0903833,0.0,0.0,0.0,231.84
4,18,5,0,,,,1.0596334,0.0,0.0,0.0,144.89
4,19,5,0,,,,0.5050833,0.0,0.0,0.0,8.25
4,20,5,0,,,,0.02235007,0.0,0.0,0.0,0.0
4,21,5,0,,,,0.017033393,0.0,0.0,0.0,0.0
4,22,5,0,,,,9.9999994e-08,0.0,0.0,0.0,0.0
4,23,5,0,,,,0.01653339,0.0,0.0,0.0,0.0
4,24,5,0,,,,9.9999994e-08,0.0,0.0,0.0,0.0
4,1,6,0,,,,0.0022834183,0.0,0.0,0.0,0.0
4,2,6,0,,,,9.9999994e-08,0.0,0.0,0.0,0.0
4,3,6,0,,,,9.9999994e-08,0.0,0.0,0.0,0.0
4,4,6,0,,,,0.16260004,0.0,0.0,0.0,0.0
4,5,6,0,,,,0.50616664,0.0,0.0,0.0,0.0
4,6,6,0,,,,0.4578,0.0,0.0,0.0,0.0
4,7,6,0,,,,0.43186668,0.0,0.0,0.0,7.94
4,8,6,0,,,,0.6630833,0.0,0.0,0.0,148.13
4,9,6,0,,,,0.75015,0.0,0.0,0.0,89.55
4,10,6,0,,,,1.3578666,0.0,0.0,0.0,130.51
4,11,6,0,,,,1.97175,0.0,0.0,0.0,138.49
4,12,6,0,,,,2.3799167,0.0,0.0,0.0,97.82
4,13,6,0,,,,1.4455333,0.0,0.0,0.0,74.84
4,14,6,0,,,,0.4363,0.0,0.0,0.0,64.71
4,15,6,0,,,,0.47923332,0.0,0.0,0.0,48.41
4,16,6,0,,,,0.46565,0.0,0.0,0.0,80.36
4,17,6,0,,,,0.45506668,0.0,0.0,0.0,87.48
4,18,6,0,,,,0.35581666,0.0,0.0,0.0,38.57
4,19,6,0,,,,0.40285,0.0,0.0,0.0,1.09
4,20,6,0,,,,0.019133419,0.0,0.0,0.0,0.0
4,21,6,0,,,,0.009933412,0.0,0.0,0.0,0.0
4,22,6,0,,,,0.0005834267,0.0,0.0,0.0,0.0
4,23,6,0,,,,0.04785007,0.0,0.0,0.0,0.0
4,24,6,0,,,,0.0056000734,0.0,0.0,0.0,0.0
4,1,7,0,,,,9.9999994e-08,0.0,0.0,0.0,0.0
4,2,7,0,,,,0.00356675,0.0,0.0,0.0,0.0
4,3,7,0,,,,0.12691674,0.0,0.0,0.0,0.0
4,4,7,0,,,,0.44791666,0.0,0.0,0.0,0.0
4,5,7,0,,,,0.38413334,0.0,0.0,0.0,0.0
4,6,7,0,,,,0.44468334,0.0,0.0,0.0,0.0
4,7,7,0,,,,0.40416667,0.0,0.0,0.0,4.68
4,8,7,0,,,,0.43883333,0.0,0.0,0.0,15.41
4,9,7,0,,,,0.42081666,0.0,0.0,0.0,67.06
4,10,7,0,,,,1.2233833,0.0,0.0,0.0,72.46
4,11,7,0,,,,1.8724834,0.0,0.0,0.0,129.81
4,12,7,0,,,,2.5882332,0.0,0.0,0.0,162.93
4,13,7,0,,,,1.8717834,0.0,0.0,0.0,121.98
4,14,7,0,,,,0.7891333,0.0,0.0,0.0,82.2
4,15,7,0,,,,0.62425,0.0,0.0,0.0,84.43
4,16,7,0,,,,0.6239667,0.0,0.0,0.0,72.46
4,17,7,0,,,,0.69091666,0.0,0.0,0.0,63.01
4,18,7,0,,,,0.5264,0.0,0.0,0.0,63.61
4,19,7,0,,,,2.1496,0.0,0.0,0.0,22.62
4,20,7,0,,,,0.7301167,0.0,0.0,0.0,0.0
4,21,7,0,,,,9.9999994e-08,0.0,0.0,0.0,0.0
4,22,7,0,,,,1.8235501,0.0,0.0,0.0,0.0
4,23,7,0,,,,3.3046,0.0,0.0,0.0,0.0
4,24,7,0,,,,1.8620334,0.0,0.0,0.0,0.0
5,1,1,0,,,,0.97276664,0.0,0.0,0.0,0.0
5,2,1,0,,,,1.0702333,0.0,0.0,0.0,0.0
5,3,1,0,,,,0.54828334,0.0,0.0,0.0,0.0
5,4,1,0,,,,0.52845,0.0,0.0,0.0,0.0
5,5,1,0,,,,0.5028167,0.0,0.0,0.0,0.0
5,6,1,0,,,,0.49585,0.0,0.0,0.0,0.0
5,7,1,0,,,,0.5242,0.0,0.0,0.0,5.26
5,8,1,0,,,,0.49741668,0.0,0.0,0.0,14.79
5,9,1,0,,,,0.64085,0.0,0.0,0.0,29.15
5,10,1,0,,,,2.9749,0.0,0.0,0.0,55.34
5,11,1,0,,,,3.6290667,0.0,0.0,0.0,90.68
5,12,1,0,,,,3.5776334,0.0,0.0,0.0,106.93
5,13,1,0,,,,4.2773666,0.0,0.0,0.0,50.13
5,14,1,0,,,,2.49495,0.0,0.0,0.0,68.85
5,15,1,0,,,,1.61815,0.0,0.0,0.0,63.79
5,16,1,0,,,,3.04915,0.0,0.0,0.0,54.97
5,17,1,0,,,,1.6285167,0.0,0.0,0.0,50.15
5,18,1,0,,,,2.0246334,0.0,0.0,0.0,29.04
5,19,1,0,,,,1.53125,0.0,0.0,0.0,23.81
5,20,1,0,,,,0.03216676,0.0,0.0,0.0,0.0
5,21,1,0,,,,9.9999994e-08,0.0,0.0,0.0,0.0
5,22,1,0,,,,9.9999994e-08,0.0,0.0,0.0,0.0
5,23,1,0,,,,0.3783834,0.0,0.0,0.0,0.0
5,24,1,0,,,,0.64590836,0.0,0.0,0.0,0.0
5,1,2,0,,,,0.5491833,0.0,0.0,0.0,0.0
5,2,2,0,,,,0.5349333,0.0,0.0,0.0,0.0
5,3,2,0,,,,0.5154167,0.0,0.0,0.0,0.0
5,4,2,0,,,,0.49591666,0.0,0.0,0.0,0.0
5,5,2,0,,,,0.5314,0.0,0.0,0.0,0.0
5,6,2,0,,,,0.47255,0.0,0.0,0.0,0.0
5,7,2,0,,,,0.55258334,0.0,0.0,0.0,8.81
5,8,2,0,,,,0.71216667,0.0,0.0,0.0,23.8
5,9,2,0,,,,0.59758335,0.0,0.0,0.0,69.33
5,10,2,0,,,,1.3392333,0.0,0.0,0.0,347.18
5,11,2,0,,,,2.4414833,0.0,0.0,0.0,208.88
5,12,2,0,,,,5.073167,0.0,0.0,0.0,678.8
5,13,2,0,,,,5.37335,0.0,0.0,0.0,858.65
5,14,2,0,,,,3.1069334,0.0,0.0,0.0,807.12
5,15,2,0,,,,3.0791333,0.0,0.0,0.0,669.32
5,16,2,0,,,,2.3283668,0.0,0.0,0.0,403.2
5,17,2,0,,,,1.45875,0.0,0.0,0.0,231.07
5,18,2,0,,,,1.8578167,0.0,0.0,0.0,155.38
5,19,2,0,,,,1.48445,0.0,0.0,0.0,31.72
5,20,2,0,,,,0.15131673,0.0,0.0,0.0,0.0
5,21,2,0,,,,0.043000072,0.0,0.0,0.0,0.0
5,22,2,0,,,,0.59365,0.0,0.0,0.0,0.0
5,23,2,0,,,,0.49021667,0.0,0.0,0.0,0.0
5,24,2,0,,,,0.47093335,0.0,0.0,0.0,0.0
5,1,3,0,,,,1.75645,0.0,0.0,0.0,0.0
5,2,3,0,,,,0.47301668,0.0,0.0,0.0,0.0
5,3,3,0,,,,0.4789,0.0,0.0,0.0,0.0
5,4,3,0,,,,0.68666667,0.0,0.0,0.0,0.0
5,5,3,0,,,,0.7985167,0.0,0.0,0.0,0.0
5,6,3,0,,,,0.43,0.0,0.0,0.0,1.32
5,7,3,0,,,,1.0265334,0.0,0.0,0.0,77.38
5,8,3,0,,,,0.6635,0.0,0.0,0.0,273.11
5,9,3,0,,,,0.50551665,0.0,0.0,0.0,487.09
5,10,3,0,,,,1.1716666,0.0,0.0,0.0,638.27
5,11,3,0,,,,2.0020332,0.0,0.0,0.0,753.5
5,12,3,0,,,,3.0883834,0.0,0.0,0.0,773.6
5,13,3,0,,,,3.8957,0.0,0.0,0.0,357.39
5,14,3,0,,,,1.6129,0.0,0.0,0.0,95.51
5,15,3,0,,,,3.2750332,0.0,0.0,0.0,700.64
5,16,3,0,,,,3.2738,0.0,0.0,0.0,474.4
5,17,3,0,,,,3.32585,0.0,0.0,0.0,236.6
5,18,3,0,,,,2.4594333,0.0,0.0,0.0,17.72
5,19,3,0,,,,2.0868,0.0,0.0,0.0,29.71
5,20,3,0,,,,0.5955834,0.0,0.0,0.0,0.0
5,21,3,0,,,,0.52473336,0.0,0.0,0.0,0.0
5,22,3,0,,,,2.3476667,0.0,0.0,0.0,0.0
5,23,3,0,,,,2.9881666,0.0,0.0,0.0,0.0
5,24,3,0,,,,2.5724916,0.0,0.0,0.0,0.0
5,1,4,0,,,,1.13915,0.0,0.0,0.0,0.0
5,2,4,0,,,,1.3466333,0.0,0.0,0.0,0.0
5,3,4,0,,,,0.84608334,0.0,0.0,0.0,0.0
5,4,4,0,,,,0.65461665,0.0,0.0,0.0,0.0
5,5,4,0,,,,0.6842833,0.0,0.0,0.0,0.0
5,6,4,0,,,,0.37313333,0.0,0.0,0.0,0.0
5,7,4,0,,,,0.64465,0.0,0.0,0.0,5.72
5,8,4,0,,,,0.6461333,0.0,0.0,0.0,189.18
5,9,4,0,,,,2.0447667,0.0,0.0,0.0,326.75
5,10,4,0,,,,2.3624334,0.0,0.0,0.0,123.92
5,11,4,0,,,,2.9252,0.0,0.0,0.0,255.0
5,12,4,0,,,,3.0651,0.0,0.0,0.0,550.54
5,13,4,0,,,,3.0762668,0.0,0.0,0.0,123.52
5,14,4,0,,,,2.3187666,0.0,0.0,0.0,257.4
5,15,4,0,,,,3.2304168,0.0,0.0,0.0,455.87
5,16,4,0,,,,1.4034667,0.0,0.0,0.0,510.6
5,17,4,0,,,,2.1082,0.0,0.0,0.0,327.89
5,18,4,0,,,,1.6274834,0.0,0.0,0.0,155.33
5,19,4,0,,,,1.1853666,0.0,0.0,0.0,25.17
5,20,4,0,,,,0.18901673,0.0,0.0,0.0,0.0
5,21,4,0,,,,0.04003341,0.0,0.0,0.0,0.0
5,22,4,0,,,,0.014966757,0.0,0.0,0.0,0.0
5,23,4,0,,,,0.031650092,0.0,0.0,0.0,0.0
5,24,4,0,,,,0.9273833,0.0,0.0,0.0,0.0
5,1,5,0,,,,0.68266666,0.0,0.0,0.0,0.0
5,2,5,0,,,,0.70963335,0.0,0.0,0.0,0.0
5,3,5,0,,,,0.6378667,0.0,0.0,0.0,0.0
5,4,5,0,,,,0.7370167,0.0,0.0,0.0,0.0
5,5,5,0,,,,0.48126668,0.0,0.0,0.0,0.0
5,6,5,0,,,,0.46465,0.0,0.0,0.0,0.0
5,7,5,0,,,,0.7194667,0.0,0.0,0.0,43.32
5,8,5,0,,,,0.65785,0.0,0.0,0.0,161.28
5,9,5,0,,,,0.45026666,0.0,0.0,0.0,452.88
5,10,5,0,,,,1.2988666,0.0,0.0,0.0,403.67
5,11,5,0,,,,2.511425,0.0,0.0,0.0,494.86
5,12,5,0,,,,3.0153,0.0,0.0,0.0,606.92
5,13,5,0,,,,2.0674,0.0,0.0,0.0,774.57
5,14,5,0,,,,0.65716666,0.0,0.0,0.0,519.66
5,15,5,0,,,,0.63265,0.0,0.0,0.0,355.41
5,16,5,0,,,,1.30775,0.0,0.0,0.0,365.91
5,17,5,0,,,,3.48265,0.0,0.0,0.0,208.7
5,18,5,0,,,,2.4843,0.0,0.0,0.0,99.21
5,19,5,0,,,,0.8542,0.0,0.0,0.0,7.69
5,20,5,0,,,,0.03471676,0.0,0.0,0.0,0.0
5,21,5,0,,,,9.9999994e-08,0.0,0.0,0.0,0.0
5,22,5,0,,,,0.19700009,0.0,0.0,0.0,0.0
5,23,5,0,,,,1.1175,0.0,0.0,0.0,0.0
5,24,5,0,,,,1.019175,0.0,0.0,0.0,0.0
5,1,6,0,,,,1.285,0.0,0.0,0.0,0.0
5,2,6,0,,,,1.1383333,0.0,0.0,0.0,0.0
5,3,6,0,,,,1.1674666,0.0,0.0,0.0,0.0
5,4,6,0,,,,0.76196665,0.0,0.0,0.0,0.0
5,5,6,0,,,,0.6164,0.0,0.0,0.0,0.0
5,6,6,0,,,,0.6493667,0.0,0.0,0.0,14.89
5,7,6,0,,,,0.57525,0.0,0.0,0.0,5.58
5,8,6,0,,,,0.84428334,0.0,0.0,0.0,18.87
5,9,6,0,,,,0.72595,0.0,0.0,0.0,127.92
5,10,6,0,,,,0.77136666,0.0,0.0,0.0,100.1
5,11,6,0,,,,1.7291334,0.0,0.0,0.0,164.01
5,12,6,0,,,,1.7878333,0.0,0.0,0.0,117.81
5,13,6,0,,,,1.42595,0.0,0.0,0.0,209.18
5,14,6,0,,,,1.5112166,0.0,0.0,0.0,55.07
5,15,6,0,,,,1.30655,0.0,0.0,0.0,43.67
5,16,6,0,,,,2.3821666,0.0,0.0,0.0,60.71
5,17,6,0,,,,2.4216166,0.0,0.0,0.0,133.54
5,18,6,0,,,,2.2708333,0.0,0.0,0.0,29.59
5,19,6,0,,,,1.9017167,0.0,0.0,0.0,33.85
5,20,6,0,,,,1.4230666,0.0,0.0,0.0,0.0
5,21,6,0,,,,1.4065,0.0,0.0,0.0,0.0
5,22,6,0,,,,1.4565166,0.0,0.0,0.0,0.0
5,23,6,0,,,,2.3688333,0.0,0.0,0.0,0.0
5,24,6,0,,,,2.9456167,0.0,0.0,0.0,0.0
5,1,7,0,,,,1.0826334,0.0,0.0,0.0,0.0
5,2,7,0,,,,1.0686333,0.0,0.0,0.0,0.0
5,3,7,0,,,,1.0280167,0.0,0.0,0.0,0.0
5,4,7,0,,,,0.6127333,0.0,0.0,0.0,0.0
5,5,7,0,,,,0.5176,0.0,0.0,0.0,0.0
5,6,7,0,,,,0.5332,0.0,0.0,0.0,0.0
5,7,7,0,,,,0.5682333,0.0,0.0,0.0,23.14
5,8,7,0,,,,0.50456667,0.0,0.0,0.0,150.5
5,9,7,0,,,,0.5528333,0.0,0.0,0.0,290.96
5,10,7,0,,,,1.1119334,0.0,0.0,0.0,300.74
5,11,7,0,,,,1.3176167,0.0,0.0,0.0,183.25
5,12,7,0,,,,1.5738,0.0,0.0,0.0,264.42
5,13,7,0,,,,1.270325,0.0,0.0,0.0,487.87
5,14,7,0,,,,3.0867167,0.0,0.0,0.0,638.37
5,15,7,0,,,,4.0885167,0.0,0.0,0.0,53.98
5,16,7,0,,,,3.6576166,0.0,0.0,0.0,122.5
5,17,7,0,,,,2.77425,0.0,0.0,0.0,116.59
5,18,7,0,,,,1.5594667,0.0,0.0,0.0,15.96
5,19,7,0,,,,1.2373834,0.0,0.0,0.0,37.89
5,20,7,0,,,,0.56935,0.0,0.0,0.0,0.0
5,21,7,0,,,,1.1994333,0.0,0.0,0.0,0.0
5,22,7,0,,,,1.1485333,0.0,0.0,0.0,0.0
5,23,7,0,,,,1.1526166,0.0,0.0,0.0,0.0
5,24,7,0,,,,0.7597833,0.0,0.0,0.0,0.0
5,1,1,0,,,,0.84926665,0.0,0.0,0.0,0.0
5,2,1,0,,,,1.2196,0.0,0.0,0.0,0.0
5,3,1,0,,,,0.8647,0.0,0.0,0.0,0.0
5,4,1,0,,,,0.6731333,0.0,0.0,0.0,0.0
5,5,1,0,,,,0.77963334,0.0,0.0,0.0,0.0
5,6,1,0,,,,0.6816,0.0,0.0,0.0,0.0
5,7,1,0,,,,0.7025833,0.0,0.0,0.0,6.34
5,8,1,0,,,,0.76608336,0.0,0.0,0.0,78.7
5,9,1,0,,,,0.70895,0.0,0.0,0.0,67.47
5,10,1,0,,,,1.8222667,0.0,0.0,0.0,95.75
5,11,1,0,,,,3.81325,0.0,0.0,0.0,135.55
5,12,1,0,,,,3.4108334,0.0,0.0,0.0,136.02
5,13,1,0,,,,2.14255,0.0,0.0,0.0,90.22
5,14,1,0,,,,1.6299334,0.0,0.0,0.0,104.55
5,15,1,0,,,,1.9866333,0.0,0.0,0.0,79.64
5,16,1,0,,,,1.8440167,0.0,0.0,0.0,61.39
5,17,1,0,,,,1.7292666,0.0,0.0,0.0,40.53
5,18,1,0,,,,1.4978833,0.0,0.0,0.0,37.53
5,19,1,0,,,,0.66438335,0.0,0.0,0.0,22.83
5,20,1,0,,,,0.023100091,0.0,0.0,0.0,0.0
5,21,1,0,,,,9.9999994e-08,0.0,0.0,0.0,0.0
5,22,1,0,,,,9.9999994e-08,0.0,0.0,0.0,0.0
5,23,1,0,,,,9.9999994e-08,0.0,0.0,0.0,0.0
5,24,1,0,,,,9.9999994e-08,0.0,0.0,0.0,0.0
5,1,2,0,,,,0.32608336,0.0,0.0,0.0,0.0
5,2,2,0,,,,0.49206668,0.0,0.0,0.0,0.0
5,3,2,0,,,,0.5370833,0.0,0.0,0.0,0.0
5,4,2,0,,,,0.50883335,0.0,0.0,0.0,0.0
5,5,2,0,,,,0.47359166,0.0,0.0,0.0,0.0
5,6,2,0,,,,0.51745,0.0,0.0,0.0,0.0
5,7,2,0,,,,0.46691668,0.0,0.0,0.0,6.36
5,8,2,0,,,,0.5232667,0.0,0.0,0.0,17.99
5,9,2,0,,,,0.73565,0.0,0.0,0.0,67.68
5,10,2,0,,,,1.0061333,0.0,0.0,0.0,107.36
5,11,2,0,,,,1.9928833,0.0,0.0,0.0,163.04
5,12,2,0,,,,2.2565,0.0,0.0,0.0,143.55
5,13,2,0,,,,2.34245,0.0,0.0,0.0,103.37
5,14,2,0,,,,0.45666668,0.0,0.0,0.0,107.82
5,15,2,0,,,,0.43538332,0.0,0.0,0.0,77.62
5,16,2,0,,,,0.79478335,0.0,0.0,0.0,72.12
5,17,2,0,,,,0.88156664,0.0,0.0,0.0,41.35
5,18,2,0,,,,0.9832,0.0,0.0,0.0,36.87
5,19,2,0,,,,0.6932667,0.0,0.0,0.0,27.35
5,20,2,0,,,,0.020583425,0.0,0.0,0.0,0.0
5,21,2,0,,,,0.00086675334,0.0,0.0,0.0,0.0
5,22,2,0,,,,9.9999994e-08,0.0,0.0,0.0,0.0
5,23,2,0,,,,0.0023667584,0.0,0.0,0.0,0.0
5,24,2,0,,,,9.9999994e-08,0.0,0.0,0.0,0.0
5,1,3,0,,,,9.9999994e-08,0.0,0.0,0.0,0.0
5,2,3,0,,,,0.0029500867,0.0,0.0,0.0,0.0
5,3,3,0,,,,0.075233415,0.0,0.0,0.0,0.0
5,4,3,0,,,,0.45486668,0.0,0.0,0.0,0.0
5,5,3,0,,,,0.3855,0.0,0.0,0.0,0.0
5,6,3,0,,,,0.41833332,0.0,0.0,0.0,0.0
5,7,3,0,,,,0.4128,0.0,0.0,0.0,93.02
5,8,3,0,,,,0.4544,0.0,0.0,0.0,283.84
5,9,3,0,,,,0.97815,0.0,0.0,0.0,483.32
5,10,3,0,,,,0.77743334,0.0,0.0,0.0,642.27
5,11,3,0,,,,0.5855,0.0,0.0,0.0,694.36
5,12,3,0,,,,0.51268333,0.0,0.0,0.0,299.5
5,13,3,0,,,,0.50335,0.0,0.0,0.0,342.95
5,14,3,0,,,,1.1858166,0.0,0.0,0.0,343.73
5,15,3,0,,,,0.65353334,0.0,0.0,0.0,137.66
5,16,3,0,,,,0.70405,0.0,0.0,0.0,185.44
5,17,3,0,,,,0.7196,0.0,0.0,0.0,133.9
5,18,3,0,,,,1.1454333,0.0,0.0,0.0,47.73
5,19,3,0,,,,0.89701664,0.0,0.0,0.0,24.34
5,20,3,0,,,,1.1151667,0.0,0.0,0.0,0.0
5,21,3,0,,,,0.71526664,0.0,0.0,0.0,0.0
5,22,3,0,,,,0.69371665,0.0,0.0,0.0,0.0
5,23,3,0,,,,1.0561666,0.0,0.0,0.0,0.0
5,24,3,0,,,,0.5288,0.0,0.0,0.0,0.0
5,1,4,0,,,,0.44695,0.0,0.0,0.0,0.0
5,2,4,0,,,,0.5259333,0.0,0.0,0.0,0.0
5,3,4,0,,,,0.4566,0.0,0.0,0.0,0.0
5,4,4,0,,,,0.42653334,0.0,0.0,0.0,0.0
5,5,4,0,,,,0.43245,0.0,0.0,0.0,0.0
5,6,4,0,,,,0.40616667,0.0,0.0,0.0,1.74
5,7,4,0,,,,0.47606668,0.0,0.0,0.0,43.5
5,8,4,0,,,,0.51845,0.0,0.0,0.0,240.11
5,9,4,0,,,,0.7955,0.0,0.0,0.0,469.37
5,10,4,0,,,,1.5369333,0.0,0.0,0.0,612.91
5,11,4,0,,,,2.4605668,0.0,0.0,0.0,541.82
5,12,4,0,,,,2.8255668,0.0,0.0,0.0,389.34
5,13,4,0,,,,2.1756167,0.0,0.0,0.0,275.55
5,14,4,0,,,,0.43431666,0.0,0.0,0.0,74.33
5,15,4,0,,,,0.48123333,0.0,0.0,0.0,565.39
5,16,4,0,,,,0.47366667,0.0,0.0,0.0,429.88
5,17,4,0,,,,0.49148333,0.0,0.0,0.0,295.44
5,18,4,0,,,,0.5286667,0.0,0.0,0.0,152.96
5,19,4,0,,,,2.0062,0.0,0.0,0.0,42.25
5,20,4,0,,,,0.36275005,0.0,0.0,0.0,0.0
5,21,4,0,,,,0.57028335,0.0,0.0,0.0,0.0
5,22,4,0,,,,2.2183166,0.0,0.0,0.0,0.0
5,23,4,0,,,,1.2074,0.0,0.0,0.0,0.0
5,24,4,0,,,,1.201,0.0,0.0,0.0,0.0
5,1,5,0,,,,1.9492333,0.0,0.0,0.0,0.0
5,2,5,0,,,,1.18705,0.0,0.0,0.0,0.0
5,3,5,0,,,,0.75476664,0.0,0.0,0.0,0.0
5,4,5,0,,,,1.28085,0.0,0.0,0.0,0.0
5,5,5,0,,,,0.7399667,0.0,0.0,0.0,0.0
5,6,5,0,,,,0.66495,0.0,0.0,0.0,3.62
5,7,5,0,,,,0.7176333,0.0,0.0,0.0,87.53
5,8,5,0,,,,0.69601667,0.0,0.0,0.0,212.9
5,9,5,0,,,,1.0351334,0.0,0.0,0.0,472.59
5,10,5,0,,,,1.8632,0.0,0.0,0.0,617.94
5,11,5,0,,,,2.8390667,0.0,0.0,0.0,676.39
5,12,5,0,,,,3.4748666,0.0,0.0,0.0,495.09
5,13,5,0,,,,3.9003668,0.0,0.0,0.0,392.98
5,14,5,0,,,,3.2733333,0.0,0.0,0.0,539.92
5,15,5,0,,,,1.8298833,0.0,0.0,0.0,544.25
5,16,5,0,,,,1.0578834,0.0,0.0,0.0,295.79
5,17,5,0,,,,1.365,0.0,0.0,0.0,344.78
5,18,5,0,,,,0.9909,0.0,0.0,0.0,165.75
5,19,5,0,,,,0.96791667,0.0,0.0,0.0,36.73
5,20,5,0,,,,0.12746674,0.0,0.0,0.0,0.0
5,21,5,0,,,,0.10356675,0.0,0.0,0.0,0.0
5,22,5,0,,,,0.75665003,0.0,0.0,0.0,0.0
5,23,5,0,,,,2.1356332,0.0,0.0,0.0,0.0
5,24,5,0,,,,1.462025,0.0,0.0,0.0,0.0
5,1,6,0,,,,1.4074167,0.0,0.0,0.0,0.0
5,2,6,0,,,,0.9363667,0.0,0.0,0.0,0.0
5,3,6,0,,,,0.8200667,0.0,0.0,0.0,0.0
5,4,6,0,,,,0.8736333,0.0,0.0,0.0,0.0
5,5,6,0,,,,0.7737833,0.0,0.0,0.0,0.0
5,6,6,0,,,,0.78401667,0.0,0.0,0.0,0.18
5,7,6,0,,,,0.7871133,0.0,0.0,0.0,92.28
5,8,6,0,,,,0.81558335,0.0,0.0,0.0,264.42
5,9,6,0,,,,1.4272,0.0,0.0,0.0,416.17
5,10,6,0,,,,2.2303667,0.0,0.0,0.0,564.61
5,11,6,0,,,,2.7219834,0.0,0.0,0.0,664.75
5,12,6,0,,,,2.7505167,0.0,0.0,0.0,471.08
5,13,6,0,,,,2.0357666,0.0,0.0,0.0,652.31
5,14,6,0,,,,1.1235,0.0,0.0,0.0,323.02
5,15,6,0,,,,0.9102,0.0,0.0,0.0,485.83
5,16,6,0,,,,2.0651333,0.0,0.0,0.0,329.28
5,17,6,0,,,,3.4935167,0.0,0.0,0.0,214.66
5,18,6,0,,,,3.6140332,0.0,0.0,0.0,77.38
5,19,6,0,,,,3.4831,0.0,0.0,0.0,5.39
5,20,6,0,,,,1.1533,0.0,0.0,0.0,0.0
5,21,6,0,,,,0.059966747,0.0,0.0,0.0,0.0
5,22,6,0,,,,1.6561167,0.0,0.0,0.0,0.0
5,23,6,0,,,,1.41125,0.0,0.0,0.0,0.0
5,24,6,0,,,,0.78758335,0.0,0.0,0.0,0.0
5,1,7,0,,,,0.85186666,0.0,0.0,0.0,0.0
5,2,7,0,,,,0.76096666,0.0,0.0,0.0,0.0
5,3,7,0,,,,0.7672,0.0,0.0,0.0,0.0
5,4,7,0,,,,0.7694833,0.0,0.0,0.0,0.0
5,5,7,0,,,,0.73721665,0.0,0.0,0.0,0.0
5,6,7,0,,,,0.78575,0.0,0.0,0.0,0.51
5,7,7,0,,,,0.72926664,0.0,0.0,0.0,7.3
5,8,7,0,,,,0.63678336,0.0,0.0,0.0,37.84
5,9,7,0,,,,0.5983,0.0,0.0,0.0,162.29
5,10,7,0,,,,1.5735667,0.0,0.0,0.0,401.91
5,11,7,0,,,,2.95595,0.0,0.0,0.0,556.47
5,12,7,0,,,,3.0973334,0.0,0.0,0.0,790.03
5,13,7,0,,,,1.95795,0.0,0.0,0.0,704.15
5,14,7,0,,,,0.78186667,0.0,0.0,0.0,474.46
5,15,7,0,,,,0.84643334,0.0,0.0,0.0,340.23
5,16,7,0,,,,0.78038335,0.0,0.0,0.0,237.46
5,17,7,0,,,,0.7906167,0.0,0.0,0.0,366.75
5,18,7,0,,,,0.73,0.0,0.0,0.0,101.29
5,19,7,0,,,,0.5643167,0.0,0.0,0.0,39.57
5,20,7,0,,,,0.043400053,0.0,0.0,0.0,0.0
5,21,7,0,,,,0.00013343,0.0,0.0,0.0,0.0
5,22,7,0,,,,0.0019167566,0.0,0.0,0.0,0.0
5,23,7,0,,,,0.003516745,0.0,0.0,0.0,0.0
5,24,7,0,,,,9.9999994e-08,0.0,0.0,0.0,0.0
5,1,1,0,,,,0.008250076,0.0,0.0,0.0,0.0
5,2,1,0,,,,0.13463339,0.0,0.0,0.0,0.0
5,3,1,0,,,,0.93088335,0.0,0.0,0.0,0.0
5,4,1,0,,,,0.7428333,0.0,0.0,0.0,0.0
5,5,1,0,,,,0.55611664,0.0,0.0,0.0,0.0
5,6,1,0,,,,0.5715333,0.0,0.0,0.0,0.17
5,7,1,0,,,,0.69446665,0.0,0.0,0.0,60.97
5,8,1,0,,,,0.8663667,0.0,0.0,0.0,114.59
5,9,1,0,,,,0.48981667,0.0,0.0,0.0,288.78
5,10,1,0,,,,0.5661,0.0,0.0,0.0,579.76
5,11,1,0,,,,0.67378336,0.0,0.0,0.0,541.52
5,12,1,0,,,,1.0366,0.0,0.0,0.0,583.22
5,13,1,0,,,,0.46280003,0.0,0.0,0.0,643.37
5,14,1,0,,,,0.463,0.0,0.0,0.0,506.28
5,15,1,0,,,,0.7969,0.0,0.0,0.0,209.97
5,16,1,0,,,,0.81306666,0.0,0.0,0.0,65.63
5,17,1,0,,,,0.9989167,0.0,0.0,0.0,211.68
5,18,1,0,,,,1.01975,0.0,0.0,0.0,156.93
5,19,1,0,,,,0.45063335,0.0,0.0,0.0,44.0
5,20,1,0,,,,0.34231666,0.0,0.0,0.0,0.0
5,21,1,0,,,,0.60775,0.0,0.0,0.0,0.0
5,22,1,0,,,,1.0167834,0.0,0.0,0.0,0.0
5,23,1,0,,,,1.0086666,0.0,0.0,0.0,0.0
5,24,1,0,,,,0.8118917,0.0,0.0,0.0,0.0
5,1,2,0,,,,0.63215,0.0,0.0,0.0,0.0
5,2,2,0,,,,0.54246664,0.0,0.0,0.0,0.0
5,3,2,0,,,,0.5582333,0.0,0.0,0.0,0.0
5,4,2,0,,,,0.54503334,0.0,0.0,0.0,0.0
5,5,2,0,,,,0.5093333,0.0,0.0,0.0,0.0
5,6,2,0,,,,0.5620667,0.0,0.0,0.0,14.18
5,7,2,0,,,,0.5308167,0.0,0.0,0.0,32.87
5,8,2,0,,,,1.4653833,0.0,0.0,0.0,163.26
5,9,2,0,,,,1.7799667,0.0,0.0,0.0,109.8
5,10,2,0,,,,1.2848834,0.0,0.0,0.0,382.5
5,11,2,0,,,,1.60205,0.0,0.0,0.0,610.85
5,12,2,0,,,,2.3611667,0.0,0.0,0.0,450.24
5,13,2,0,,,,1.5183333,0.0,0.0,0.0,670.81
5,14,2,0,,,,1.56835,0.0,0.0,0.0,506.68
5,15,2,0,,,,1.7449167,0.0,0.0,0.0,401.53
5,16,2,0,,,,1.5518833,0.0,0.0,0.0,239.49
5,17,2,0,,,,1.0210333,0.0,0.0,0.0,185.01
5,18,2,0,,,,0.8105389,0.0,0.0,0.0,100.48
5,19,2,0,,,,1.0544333,0.0,0.0,0.0,41.49
5,20,2,0,,,,0.40111673,0.0,0.0,0.0,0.0
5,21,2,0,,,,1.0674666,0.0,0.0,0.0,0.0
5,22,2,0,,,,1.3435,0.0,0.0,0.0,0.0
5,23,2,0,,,,0.9328833,0.0,0.0,0.0,0.0
5,24,2,0,,,,1.39975,0.0,0.0,0.0,0.0
5,1,3,0,,,,0.70745,0.0,0.0,0.0,0.0
5,2,3,0,,,,0.50225,0.0,0.0,0.0,0.0
5,3,3,0,,,,0.4789,0.0,0.0,0.0,0.0
5,4,3,0,,,,0.8738,0.0,0.0,0.0,0.0
5,5,3,0,,,,0.50715,0.0,0.0,0.0,0.0
5,6,3,0,,,,0.9447,0.0,0.0,0.0,4.42
5,7,3,0,,,,0.5003333,0.0,0.0,0.0,97.81
5,8,3,0,,,,0.96688336,0.0,0.0,0.0,33.98
5,9,3,0,,,,0.4464,0.0,0.0,0.0,270.18
5,10,3,0,,,,1.0250833,0.0,0.0,0.0,617.08
5,11,3,0,,,,0.8246833,0.0,0.0,0.0,652.77
5,12,3,0,,,,0.5459667,0.0,0.0,0.0,773.43
5,13,3,0,,,,3.9243834,0.0,0.0,0.0,764.08
5,14,3,0,,,,2.3,0.0,0.0,0.0,478.25
5,15,3,0,,,,1.7971166,0.0,0.0,0.0,456.29
5,16,3,0,,,,1.23725,0.0,0.0,0.0,325.95
5,17,3,0,,,,1.07275,0.0,0.0,0.0,298.36
5,18,3,0,,,,0.53531665,0.0,0.0,0.0,154.02
5,19,3,0,,,,0.5527833,0.0,0.0,0.0,46.0
5,20,3,0,,,,0.5468,0.0,0.0,0.0,0.12
5,21,3,0,,,,0.50185,0.0,0.0,0.0,0.0
5,22,3,0,,,,0.57516664,0.0,0.0,0.0,0.0
5,23,3,0,,,,0.59515,0.0,0.0,0.0,0.0
5,24,3,0,,,,0.56458336,0.0,0.0,0.0,0.0
5,1,4,0,,,,0.54553336,0.0,0.0,0.0,0.0
5,2,4,0,,,,0.51918334,0.0,0.0,0.0,0.0
5,3,4,0,,,,0.57883334,0.0,0.0,0.0,0.0
5,4,4,0,,,,0.49738333,0.0,0.0,0.0,0.0
5,5,4,0,,,,0.5390667,0.0,0.0,0.0,0.0
5,6,4,0,,,,0.5226667,0.0,0.0,0.0,0.49
5,7,4,0,,,,0.6670167,0.0,0.0,0.0,98.23
5,8,4,0,,,,0.98755,0.0,0.0,0.0,217.68
5,9,4,0,,,,0.52105,0.0,0.0,0.0,415.35
5,10,4,0,,,,1.5193708,0.0,0.0,0.0,506.83
5,11,4,0,,,,2.1461833,0.0,0.0,0.0,643.8
5,12,4,0,,,,2.6737,0.0,0.0,0.0,789.11
5,13,4,0,,,,2.1125667,0.0,0.0,0.0,820.94
5,14,4,0,,,,0.57103336,0.0,0.0,0.0,698.47
5,15,4,0,,,,0.5819333,0.0,0.0,0.0,637.38
5,16,4,0,,,,0.5551,0.0,0.0,0.0,465.56
5,17,4,0,,,,0.58045,0.0,0.0,0.0,325.83
5,18,4,0,,,,0.59438336,0.0,0.0,0.0,150.9
5,19,4,0,,,,0.72008336,0.0,0.0,0.0,46.12
5,20,4,0,,,,0.07720009,0.0,0.0,0.0,0.0
5,21,4,0,,,,0.052766737,0.0,0.0,0.0,0.0
5,22,4,0,,,,9.9999994e-08,0.0,0.0,0.0,0.0
5,23,4,0,,,,0.6164167,0.0,0.0,0.0,0.0
5,24,4,0,,,,0.59595835,0.0,0.0,0.0,0.0
5,1,5,0,,,,0.67008334,0.0,0.0,0.0,0.0
5,2,5,0,,,,0.59131664,0.0,0.0,0.0,0.0
5,3,5,0,,,,0.62776667,0.0,0.0,0.0,0.0
5,4,5,0,,,,0.621,0.0,0.0,0.0,0.0
5,5,5,0,,,,0.60695,0.0,0.0,0.0,0.0
5,6,5,0,,,,0.62691665,0.0,0.0,0.0,25.89
5,7,5,0,,,,0.5835,0.0,0.0,0.0,91.6
5,8,5,0,,,,0.7749,0.0,0.0,0.0,294.89
5,9,5,0,,,,1.19425,0.0,0.0,0.0,481.11
5,10,5,0,,,,2.2493668,0.0,0.0,0.0,640.21
5,11,5,0,,,,2.8202667,0.0,0.0,0.0,749.52
5,12,5,0,,,,5.3941336,0.0,0.0,0.0,802.91
5,13,5,0,,,,4.7911334,0.0,0.0,0.0,824.62
5,14,5,0,,,,3.4306834,0.0,0.0,0.0,763.1
5,15,5,0,,,,3.3038,0.0,0.0,0.0,693.75
5,16,5,0,,,,2.23225,0.0,0.0,0.0,553.23
5,17,5,0,,,,1.8162667,0.0,0.0,0.0,377.72
5,18,5,0,,,,2.47765,0.0,0.0,0.0,170.77
5,19,5,0,,,,2.1256166,0.0,0.0,0.0,42.81
5,20,5,0,,,,0.35436672,0.0,0.0,0.0,2.42
5,21,5,0,,,,0.24713339,0.0,0.0,0.0,0.0
5,22,5,0,,,,1.2525834,0.0,0.0,0.0,0.0
5,23,5,0,,,,1.4017667,0.0,0.0,0.0,0.0
5,24,5,0,,,,1.7923917,0.0,0.0,0.0,0.0
5,1,6,0,,,,1.39205,0.0,0.0,0.0,0.0
5,2,6,0,,,,2.29695,0.0,0.0,0.0,0.0
5,3,6,0,,,,2.2152667,0.0,0.0,0.0,0.0
5,4,6,0,,,,1.24105,0.0,0.0,0.0,0.0
5,5,6,0,,,,1.0896833,0.0,0.0,0.0,0.0
5,6,6,0,,,,0.5018167,0.0,0.0,0.0,24.35
5,7,6,0,,,,0.45746666,0.0,0.0,0.0,91.79
5,8,6,0,,,,0.55758333,0.0,0.0,0.0,290.3
5,9,6,0,,,,0.72391665,0.0,0.0,0.0,474.04
5,10,6,0,,,,4.32745,0.0,0.0,0.0,627.77
5,11,6,0,,,,5.279383,0.0,0.0,0.0,738.19
5,12,6,0,,,,5.6779,0.0,0.0,0.0,798.02
5,13,6,0,,,,5.58085,0.0,0.0,0.0,799.86
5,14,6,0,,,,4.4505167,0.0,0.0,0.0,764.4
5,15,6,0,,,,4.5445,0.0,0.0,0.0,687.4
5,16,6,0,,,,4.8248167,0.0,0.0,0.0,547.75
5,17,6,0,,,,4.7526665,0.0,0.0,0.0,367.92
5,18,6,0,,,,5.1880665,0.0,0.0,0.0,170.24
5,19,6,0,,,,4.478017,0.0,0.0,0.0,46.62
5,20,6,0,,,,1.9319333,0.0,0.0,0.0,6.27
5,21,6,0,,,,2.8236666,0.0,0.0,0.0,0.0
5,22,6,0,,,,4.86045,0.0,0.0,0.0,0.0
5,23,6,0,,,,4.1538835,0.0,0.0,0.0,0.0
5,24,6,0,,,,1.707775,0.0,0.0,0.0,0.0
5,1,7,0,,,,1.7818,0.0,0.0,0.0,0.0
5,2,7,0,,,,1.5325333,0.0,0.0,0.0,0.0
5,3,7,0,,,,1.8217334,0.0,0.0,0.0,0.0
5,4,7,0,,,,1.6478167,0.0,0.0,0.0,0.0
5,5,7,0,,,,1.5696,0.0,0.0,0.0,0.0
5,6,7,0,,,,1.2072166,0.0,0.0,0.0,0.83
5,7,7,0,,,,2.3738832,0.0,0.0,0.0,66.12
5,8,7,0,,,,2.1768167,0.0,0.0,0.0,120.52
5,9,7,0,,,,2.0797334,0.0,0.0,0.0,48.26
5,10,7,0,,,,3.2186167,0.0,0.0,0.0,84.92
5,11,7,0,,,,2.75345,0.0,0.0,0.0,236.49
5,12,7,0,,,,5.2829833,0.0,0.0,0.0,426.8
5,13,7,0,,,,5.9058585,0.0,0.0,0.0,421.37
5,14,7,0,,,,3.39715,0.0,0.0,0.0,206.0
5,15,7,0,,,,1.4520167,0.0,0.0,0.0,247.7
5,16,7,0,,,,2.41465,0.0,0.0,0.0,314.85
5,17,7,0,,,,1.824,0.0,0.0,0.0,319.27
5,18,7,0,,,,1.1483667,0.0,0.0,0.0,168.96
5,19,7,0,,,,1.5139834,0.0,0.0,0.0,31.49
5,20,7,0,,,,0.87593335,0.0,0.0,0.0,6.93
5,21,7,0,,,,0.91945,0.0,0.0,0.0,0.0
5,22,7,0,,,,0.62738335,0.0,0.0,0.0,0.0
5,23,7,0,,,,0.6243167,0.0,0.0,0.0,0.0
5,24,7,0,,,,0.62574166,0.0,0.0,0.0,0.0
5,1,1,0,,,,0.68733335,0.0,0.0,0.0,0.0
5,2,1,0,,,,1.4687333,0.0,0.0,0.0,0.0
5,3,1,0,,,,0.91136664,0.0,0.0,0.0,0.0
5,4,1,0,,,,0.70255,0.0,0.0,0.0,0.0
5,5,1,0,,,,0.65063334,0.0,0.0,0.0,0.0
5,6,1,0,,,,0.65185,0.0,0.0,0.0,26.03
5,7,1,0,,,,0.6155667,0.0,0.0,0.0,98.48
5,8,1,0,,,,0.6337,0.0,0.0,0.0,286.94
5,9,1,0,,,,0.64701664,0.0,0.0,0.0,461.92
5,10,1,0,,,,1.5114666,0.0,0.0,0.0,609.47
5,11,1,0,,,,2.2191,0.0,0.0,0.0,693.08
5,12,1,0,,,,4.5298,0.0,0.0,0.0,734.46
5,13,1,0,,,,3.9422667,0.0,0.0,0.0,668.29
5,14,1,0,,,,2.0538166,0.0,0.0,0.0,659.32
5,15,1,0,,,,2.3373666,0.0,0.0,0.0,174.89
5,16,1,0,,,,2.3388667,0.0,0.0,0.0,241.14
5,17,1,0,,,,2.4007332,0.0,0.0,0.0,79.64
5,18,1,0,,,,1.76395,0.0,0.0,0.0,157.42
5,19,1,0,,,,2.01315,0.0,0.0,0.0,50.61
5,20,1,0,,,,0.76766664,0.0,0.0,0.0,0.14
5,21,1,0,,,,1.0829834,0.0,0.0,0.0,0.0
5,22,1,0,,,,3.18165,0.0,0.0,0.0,0.0
5,23,1,0,,,,1.871,0.0,0.0,0.0,0.0
5,24,1,0,,,,1.3198583,0.0,0.0,0.0,0.0
5,1,2,0,,,,2.0043333,0.0,0.0,0.0,0.0
5,2,2,0,,,,0.8394,0.0,0.0,0.0,0.0
5,3,2,0,,,,1.0526125,0.0,0.0,0.0,0.0
5,4,2,0,,,,1.5851,0.0,0.0,0.0,0.0
5,5,2,0,,,,0.84603333,0.0,0.0,0.0,0.0
5,6,2,0,,,,0.8074,0.0,0.0,0.0,0.86
5,7,2,0,,,,2.3690667,0.0,0.0,0.0,98.23
5,8,2,0,,,,0.8202,0.0,0.0,0.0,269.37
5,9,2,0,,,,1.5534333,0.0,0.0,0.0,446.38
5,10,2,0,,,,1.7969834,0.0,0.0,0.0,597.65
5,11,2,0,,,,2.0766,0.0,0.0,0.0,679.14
5,12,2,0,,,,2.54675,0.0,0.0,0.0,674.03
5,13,2,0,,,,2.41035,0.0,0.0,0.0,361.68
5,14,2,0,,,,0.7283,0.0,0.0,0.0,275.19
5,15,2,0,,,,0.73258334,0.0,0.0,0.0,562.53
5,16,2,0,,,,0.7608,0.0,0.0,0.0,490.95
5,17,2,0,,,,2.8344834,0.0,0.0,0.0,143.46
5,18,2,0,,,,1.8161666,0.0,0.0,0.0,11.71
5,19,2,0,,,,0.98933333,0.0,0.0,0.0,32.46
5,20,2,0,,,,0.116916746,0.0,0.0,0.0,8.49
5,21,2,0,,,,0.23631671,0.0,0.0,0.0,0.0
5,22,2,0,,,,1.74095,0.0,0.0,0.0,0.0
5,23,2,0,,,,1.2659333,0.0,0.0,0.0,0.0
5,24,2,0,,,,0.77056664,0.0,0.0,0.0,0.0
5,1,3,0,,,,0.78079164,0.0,0.0,0.0,0.0
5,2,3,0,,,,1.2780666,0.0,0.0,0.0,0.0
5,3,3,0,,,,0.80913335,0.0,0.0,0.0,0.0
5,4,3,0,,,,0.80006665,0.0,0.0,0.0,0.0
5,5,3,0,,,,0.7313,0.0,0.0,0.0,0.0
5,6,3,0,,,,0.79325,0.0,0.0,0.0,0.87
5,7,3,0,,,,0.73263335,0.0,0.0,0.0,97.84
5,8,3,0,,,,0.79948336,0.0,0.0,0.0,279.55
5,9,3,0,,,,0.77805,0.0,0.0,0.0,279.45
5,10,3,0,,,,1.9663334,0.0,0.0,0.0,524.88
5,11,3,0,,,,2.4921834,0.0,0.0,0.0,491.32
5,12,3,0,,,,3.9397833,0.0,0.0,0.0,404.91
5,13,3,0,,,,5.561283,0.0,0.0,0.0,499.77
5,14,3,0,,,,1.3830167,0.0,0.0,0.0,556.32
5,15,3,0,,,,1.3930334,0.0,0.0,0.0,320.78
5,16,3,0,,,,1.3544166,0.0,0.0,0.0,340.32
5,17,3,0,,,,0.8439,0.0,0.0,0.0,0.0
5,18,3,0,,,,0.62055,0.0,0.0,0.0,119.89
5,19,3,0,,,,0.60316664,0.0,0.0,0.0,54.19
5,20,3,0,,,,0.057416733,0.0,0.0,0.0,0.0
5,21,3,0,,,,0.0063167433,0.0,0.0,0.0,0.0
5,22,3,0,,,,0.027366716,0.0,0.0,0.0,0.0
5,23,3,0,,,,0.00050009665,0.0,0.0,0.0,0.0
5,24,3,0,,,,0.0047167432,0.0,0.0,0.0,0.0
5,1,4,0,,,,9.9999994e-08,0.0,0.0,0.0,0.0
5,2,4,0,,,,0.29848337,0.0,0.0,0.0,0.0
5,3,4,0,,,,0.55971664,0.0,0.0,0.0,0.0
5,4,4,0,,,,0.6066167,0.0,0.0,0.0,0.0
5,5,4,0,,,,0.6127,0.0,0.0,0.0,0.0
5,6,4,0,,,,0.6325,0.0,0.0,0.0,1.25
5,7,4,0,,,,0.79875,0.0,0.0,0.0,83.72
5,8,4,0,,,,1.2029667,0.0,0.0,0.0,209.66
5,9,4,0,,,,3.2527332,0.0,0.0,0.0,386.94
5,10,4,0,,,,3.2836833,0.0,0.0,0.0,319.41
5,11,4,0,,,,5.1394167,0.0,0.0,0.0,411.72
5,12,4,0,,,,3.8756332,0.0,0.0,0.0,418.14
5,13,4,0,,,,2.9715,0.0,0.0,0.0,611.11
5,14,4,0,,,,1.7027167,0.0,0.0,0.0,348.78
5,15,4,0,,,,1.4343166,0.0,0.0,0.0,99.21
5,16,4,0,,,,1.83605,0.0,0.0,0.0,320.46
5,17,4,0,,,,1.4205667,0.0,0.0,0.0,64.89
5,18,4,0,,,,1.32725,0.0,0.0,0.0,66.27
5,19,4,0,,,,1.5139,0.0,0.0,0.0,27.34
5,20,4,0,,,,0.1627334,0.0,0.0,0.0,0.0
5,21,4,0,,,,9.9999994e-08,0.0,0.0,0.0,0.0
5,22,4,0,,,,0.49768338,0.0,0.0,0.0,0.0
5,23,4,0,,,,1.123,0.0,0.0,0.0,0.0
5,24,4,0,,,,0.83940834,0.0,0.0,0.0,0.0
5,1,5,0,,,,0.694,0.0,0.0,0.0,0.0
5,2,5,0,,,,0.74728334,0.0,0.0,0.0,0.0
5,3,5,0,,,,0.67791665,0.0,0.0,0.0,0.0
5,4,5,0,,,,1.1914667,0.0,0.0,0.0,0.0
5,5,5,0,,,,0.6739333,0.0,0.0,0.0,0.0
5,6,5,0,,,,0.63191664,0.0,0.0,0.0,5.5
5,7,5,0,,,,0.69056666,0.0,0.0,0.0,101.66
5,8,5,0,,,,0.6340333,0.0,0.0,0.0,295.54
5,9,5,0,,,,0.6508,0.0,0.0,0.0,487.21
5,10,5,0,,,,1.5323334,0.0,0.0,0.0,636.14
5,11,5,0,,,,0.8224,0.0,0.0,0.0,658.51
5,12,5,0,,,,1.9613667,0.0,0.0,0.0,665.76
5,13,5,0,,,,1.40975,0.0,0.0,0.0,666.41
5,14,5,0,,,,1.4193333,0.0,0.0,0.0,612.37
5,15,5,0,,,,0.51165,0.0,0.0,0.0,592.08
5,16,5,0,,,,1.55025,0.0,0.0,0.0,523.3
5,17,5,0,,,,1.63635,0.0,0.0,0.0,357.92
5,18,5,0,,,,1.66775,0.0,0.0,0.0,181.31
5,19,5,0,,,,0.9852667,0.0,0.0,0.0,45.58
5,20,5,0,,,,0.08651674,0.0,0.0,0.0,10.29
5,21,5,0,,,,0.36186674,0.0,0.0,0.0,0.0
5,22,5,0,,,,1.0300666,0.0,0.0,0.0,0.0
5,23,5,0,,,,1.0407667,0.0,0.0,0.0,0.0
5,24,5,0,,,,0.6330583,0.0,0.0,0.0,0.0
5,1,6,0,,,,0.58421665,0.0,0.0,0.0,0.0
5,2,6,0,,,,0.6066,0.0,0.0,0.0,0.0
5,3,6,0,,,,0.54715,0.0,0.0,0.0,0.0
5,4,6,0,,,,0.56775,0.0,0.0,0.0,0.0
5,5,6,0,,,,0.48471665,0.0,0.0,0.0,0.0
5,6,6,0,,,,0.52745,0.0,0.0,0.0,16.2
5,7,6,0,,,,0.661,0.0,0.0,0.0,106.41
5,8,6,0,,,,0.7264,0.0,0.0,0.0,269.41
5,9,6,0,,,,1.3210833,0.0,0.0,0.0,424.84
5,10,6,0,,,,2.5274832,0.0,0.0,0.0,596.39
5,11,6,0,,,,2.8140666,0.0,0.0,0.0,682.9
5,12,6,0,,,,2.5917,0.0,0.0,0.0,740.18
5,13,6,0,,,,2.5737166,0.0,0.0,0.0,700.54
5,14,6,0,,,,1.3096334,0.0,0.0,0.0,396.5
5,15,6,0,,,,1.37895,0.0,0.0,0.0,523.55
5,16,6,0,,,,1.5188,0.0,0.0,0.0,275.12
5,17,6,0,,,,1.2990667,0.0,0.0,0.0,337.13
5,18,6,0,,,,1.6241833,0.0,0.0,0.0,162.41
5,19,6,0,,,,1.0497167,0.0,0.0,0.0,54.39
5,20,6,0,,,,0.27080008,0.0,0.0,0.0,10.07
5,21,6,0,,,,0.012016756,0.0,0.0,0.0,0.0
5,22,6,0,,,,0.028233424,0.0,0.0,0.0,0.0
5,23,6,0,,,,0.47723338,0.0,0.0,0.0,0.0
5,24,6,0,,,,0.8944167,0.0,0.0,0.0,0.0
5,1,7,0,,,,1.2175167,0.0,0.0,0.0,0.0
5,2,7,0,,,,0.8835,0.0,0.0,0.0,0.0
5,3,7,0,,,,0.5952833,0.0,0.0,0.0,0.0
5,4,7,0,,,,1.0206333,0.0,0.0,0.0,0.0
5,5,7,0,,,,0.80918336,0.0,0.0,0.0,0.0
5,6,7,0,,,,0.5741,0.0,0.0,0.0,19.61
5,7,7,0,,,,0.52275,0.0,0.0,0.0,103.89
5,8,7,0,,,,0.5865167,0.0,0.0,0.0,278.67
5,9,7,0,,,,0.55801666,0.0,0.0,0.0,462.83
5,10,7,0,,,,1.7697667,0.0,0.0,0.0,616.16
5,11,7,0,,,,2.3118834,0.0,0.0,0.0,688.6
5,12,7,0,,,,2.9274666,0.0,0.0,0.0,671.87
5,13,7,0,,,,3.2148333,0.0,0.0,0.0,592.8
5,14,7,0,,,,2.05855,0.0,0.0,0.0,518.24
5,15,7,0,,,,1.8235,0.0,0.0,0.0,320.59
5,16,7,0,,,,2.1158667,0.0,0.0,0.0,372.46
5,17,7,0,,,,2.6577334,0.0,0.0,0.0,329.89
5,18,7,0,,,,2.0049667,0.0,0.0,0.0,159.51
5,19,7,0,,,,1.69435,0.0,0.0,0.0,49.07
5,20,7,0,,,,0.30975008,0.0,0.0,0.0,11.15
5,21,7,0,,,,0.16226673,0.0,0.0,0.0,0.0
5,22,7,0,,,,0.5257834,0.0,0.0,0.0,0.0
5,23,7,0,,,,0.86163336,0.0,0.0,0.0,0.0
5,24,7,0,,,,1.1900417,0.0,0.0,0.0,0.0
5,1,1,0,,,,0.51301664,0.0,0.0,0.0,0.0
5,2,1,0,,,,0.5405167,0.0,0.0,0.0,0.0
5,3,1,0,,,,0.55628335,0.0,0.0,0.0,0.0
5,4,1,0,,,,0.4993,0.0,0.0,0.0,0.0
5,5,1,0,,,,0.56285,0.0,0.0,0.0,0.0
5,6,1,0,,,,0.49815834,0.0,0.0,0.0,22.11
5,7,1,0,,,,0.57283336,0.0,0.0,0.0,39.63
5,8,1,0,,,,1.05135,0.0,0.0,0.0,272.35
5,9,1,0,,,,0.68836665,0.0,0.0,0.0,383.92
5,10,1,0,,,,2.1891832,0.0,0.0,0.0,599.77
5,11,1,0,,,,2.97755,0.0,0.0,0.0,711.5
5,12,1,0,,,,3.7226334,0.0,0.0,0.0,781.04
5,13,1,0,,,,3.28095,0.0,0.0,0.0,710.3
5,14,1,0,,,,1.7302667,0.0,0.0,0.0,710.95
5,15,1,0,,,,1.6691166,0.0,0.0,0.0,168.35
5,16,1,0,,,,1.3036667,0.0,0.0,0.0,179.71
5,17,1,0,,,,1.3218833,0.0,0.0,0.0,242.9
5,18,1,0,,,,1.14665,0.0,0.0,0.0,82.26
5,19,1,0,,,,1.2383667,0.0,0.0,0.0,55.33
5,20,1,0,,,,0.23530006,0.0,0.0,0.0,11.14
5,21,1,0,,,,0.076250084,0.0,0.0,0.0,0.0
5,22,1,0,,,,0.62023336,0.0,0.0,0.0,0.0
5,23,1,0,,,,1.5215666,0.0,0.0,0.0,0.0
5,24,1,0,,,,1.4944084,0.0,0.0,0.0,0.0
5,1,2,0,,,,1.6739,0.0,0.0,0.0,0.0
5,2,2,0,,,,1.5631833,0.0,0.0,0.0,0.0
5,3,2,0,,,,0.6879167,0.0,0.0,0.0,0.0
5,4,2,0,,,,0.73006666,0.0,0.0,0.0,0.0
5,5,2,0,,,,0.6947333,0.0,0.0,0.0,0.0
5,6,2,0,,,,0.65868336,0.0,0.0,0.0,35.63
5,7,2,0,,,,0.5551,0.0,0.0,0.0,93.92
5,8,2,0,,,,0.5180333,0.0,0.0,0.0,281.7
5,9,2,0,,,,0.6721,0.0,0.0,0.0,448.86
5,10,2,0,,,,1.6295167,0.0,0.0,0.0,489.08
5,11,2,0,,,,2.3120832,0.0,0.0,0.0,651.28
5,12,2,0,,,,2.7053833,0.0,0.0,0.0,602.74
5,13,2,0,,,,3.7190166,0.0,0.0,0.0,400.41
5,14,2,0,,,,1.93975,0.0,0.0,0.0,471.54
5,15,2,0,,,,1.3087667,0.0,0.0,0.0,414.36
5,16,2,0,,,,0.77356666,0.0,0.0,0.0,351.06
5,17,2,0,,,,0.90036666,0.0,0.0,0.0,321.09
5,18,2,0,,,,1.1915667,0.0,0.0,0.0,172.59
5,19,2,0,,,,1.1512333,0.0,0.0,0.0,57.51
5,20,2,0,,,,0.11645001,0.0,0.0,0.0,1.55
5,21,2,0,,,,0.057566695,0.0,0.0,0.0,0.0
5,22,2,0,,,,0.022316713,0.0,0.0,0.0,0.0
5,23,2,0,,,,9.9999994e-08,0.0,0.0,0.0,0.0
5,24,2,0,,,,0.8205,0.0,0.0,0.0,0.0
5,1,3,0,,,,1.0015167,0.0,0.0,0.0,0.0
5,2,3,0,,,,1.1373,0.0,0.0,0.0,0.0
5,3,3,0,,,,1.3431333,0.0,0.0,0.0,0.0
5,4,3,0,,,,0.75668335,0.0,0.0,0.0,0.0
5,5,3,0,,,,0.60073334,0.0,0.0,0.0,0.0
5,6,3,0,,,,0.5977,0.0,0.0,0.0,1.22
5,7,3,0,,,,0.586,0.0,0.0,0.0,19.82
5,8,3,0,,,,0.93658334,0.0,0.0,0.0,64.82
5,9,3,0,,,,3.4999332,0.0,0.0,0.0,249.85
5,10,3,0,,,,2.2890832,0.0,0.0,0.0,596.35
5,11,3,0,,,,2.7767334,0.0,0.0,0.0,700.21
5,12,3,0,,,,3.42235,0.0,0.0,0.0,728.99
5,13,3,0,,,,2.5514333,0.0,0.0,0.0,724.59
5,14,3,0,,,,1.9751,0.0,0.0,0.0,611.82
5,15,3,0,,,,1.1190166,0.0,0.0,0.0,629.64
5,16,3,0,,,,2.0224833,0.0,0.0,0.0,518.02
5,17,3,0,,,,2.4205666,0.0,0.0,0.0,358.14
5,18,3,0,,,,1.9507,0.0,0.0,0.0,178.77
5,19,3,0,,,,1.4211,0.0,0.0,0.0,59.25
5,20,3,0,,,,0.2384334,0.0,0.0,0.0,1.56
5,21,3,0,,,,0.28681672,0.0,0.0,0.0,0.0
5,22,3,0,,,,0.65645,0.0,0.0,0.0,0.0
5,23,3,0,,,,0.5743667,0.0,0.0,0.0,0.0
5,24,3,0,,,,0.8226167,0.0,0.0,0.0,0.0
6,1,4,0,,,,1.106,0.0,0.0,0.0,0.0
6,2,4,0,,,,0.6361333,0.0,0.0,0.0,0.0
6,3,4,0,,,,0.5814,0.0,0.0,0.0,0.0
6,4,4,0,,,,0.62673336,0.0,0.0,0.0,0.0
6,5,4,0,,,,0.6446667,0.0,0.0,0.0,0.0
6,6,4,0,,,,0.56485,0.0,0.0,0.0,1.63
6,7,4,0,,,,0.6966,0.0,0.0,0.0,101.88
6,8,4,0,,,,1.92015,0.0,0.0,0.0,207.69
6,9,4,0,,,,1.5398333,0.0,0.0,0.0,467.3
6,10,4,0,,,,2.2762,0.0,0.0,0.0,559.41
6,11,4,0,,,,2.2814667,0.0,0.0,0.0,657.04
6,12,4,0,,,,3.10815,0.0,0.0,0.0,674.11
6,13,4,0,,,,4.06005,0.0,0.0,0.0,679.42
6,14,4,0,,,,3.6464667,0.0,0.0,0.0,683.07
6,15,4,0,,,,2.8910832,0.0,0.0,0.0,647.73
6,16,4,0,,,,3.5374668,0.0,0.0,0.0,527.57
6,17,4,0,,,,2.9385166,0.0,0.0,0.0,368.56
6,18,4,0,,,,2.5072334,0.0,0.0,0.0,179.42
6,19,4,0,,,,2.5799334,0.0,0.0,0.0,47.26
6,20,4,0,,,,1.0825667,0.0,0.0,0.0,13.5
6,21,4,0,,,,0.85393333,0.0,0.0,0.0,0.0
6,22,4,0,,,,0.7158833,0.0,0.0,0.0,0.0
6,23,4,0,,,,0.64995,0.0,0.0,0.0,0.0
6,24,4,0,,,,0.6869917,0.0,0.0,0.0,0.0
6,1,5,0,,,,0.5668667,0.0,0.0,0.0,0.0
6,2,5,0,,,,0.61511666,0.0,0.0,0.0,0.0
6,3,5,0,,,,0.5605,0.0,0.0,0.0,0.0
6,4,5,0,,,,0.62058336,0.0,0.0,0.0,0.0
6,5,5,0,,,,0.54495,0.0,0.0,0.0,0.0
6,6,5,0,,,,0.59188336,0.0,0.0,0.0,1.63
6,7,5,0,,,,0.88703334,0.0,0.0,0.0,8.91
6,8,5,0,,,,1.2009,0.0,0.0,0.0,52.42
6,9,5,0,,,,2.79905,0.0,0.0,0.0,169.06
6,10,5,0,,,,1.7585334,0.0,0.0,0.0,422.03
6,11,5,0,,,,3.7225168,0.0,0.0,0.0,691.97
6,12,5,0,,,,3.3749833,0.0,0.0,0.0,774.05
6,13,5,0,,,,3.47455,0.0,0.0,0.0,767.85
6,14,5,0,,,,3.1715333,0.0,0.0,0.0,707.11
6,15,5,0,,,,3.32105,0.0,0.0,0.0,661.04
6,16,5,0,,,,3.3812,0.0,0.0,0.0,535.62
6,17,5,0,,,,3.85355,0.0,0.0,0.0,367.9
6,18,5,0,,,,2.5174334,0.0,0.0,0.0,181.03
6,19,5,0,,,,2.1048167,0.0,0.0,0.0,47.96
6,20,5,0,,,,0.4635167,0.0,0.0,0.0,14.12
6,21,5,0,,,,0.15156673,0.0,0.0,0.0,0.0
6,22,5,0,,,,0.8069667,0.0,0.0,0.0,0.0
6,23,5,0,,,,2.3226333,0.0,0.0,0.0,0.0
6,24,5,0,,,,1.55395,0.0,0.0,0.0,0.0
6,1,6,0,,,,1.48715,0.0,0.0,0.0,0.0
6,2,6,0,,,,0.8861167,0.0,0.0,0.0,0.0
6,3,6,0,,,,0.8735167,0.0,0.0,0.0,0.0
6,4,6,0,,,,1.07355,0.0,0.0,0.0,0.0
6,5,6,0,,,,1.28385,0.0,0.0,0.0,0.0
6,6,6,0,,,,0.8484333,0.0,0.0,0.0,36.42
6,7,6,0,,,,0.76881665,0.0,0.0,0.0,93.5
6,8,6,0,,,,1.3576,0.0,0.0,0.0,284.73
6,9,6,0,,,,2.92165,0.0,0.0,0.0,458.03
6,10,6,0,,,,2.2525666,0.0,0.0,0.0,599.43
6,11,6,0,,,,3.1909666,0.0,0.0,0.0,699.31
6,12,6,0,,,,4.1308,0.0,0.0,0.0,614.35
6,13,6,0,,,,4.3498836,0.0,0.0,0.0,623.28
6,14,6,0,,,,3.9850166,0.0,0.0,0.0,631.41
6,15,6,0,,,,4.0796165,0.0,0.0,0.0,452.89
6,16,6,0,,,,3.98435,0.0,0.0,0.0,113.14
6,17,6,0,,,,3.72335,0.0,0.0,0.0,156.88
6,18,6,0,,,,2.4831,0.0,0.0,0.0,126.0
6,19,6,0,,,,2.3656,0.0,0.0,0.0,58.44
6,20,6,0,,,,0.41273338,0.0,0.0,0.0,7.26
6,21,6,0,,,,0.037166763,0.0,0.0,0.0,0.0
6,22,6,0,,,,0.40810007,0.0,0.0,0.0,0.0
6,23,6,0,,,,1.2116834,0.0,0.0,0.0,0.0
6,24,6,0,,,,0.6651667,0.0,0.0,0.0,0.0
6,1,7,0,,,,0.69198334,0.0,0.0,0.0,0.0
6,2,7,0,,,,0.6272333,0.0,0.0,0.0,0.0
6,3,7,0,,,,0.66328335,0.0,0.0,0.0,0.0
6,4,7,0,,,,0.5997,0.0,0.0,0.0,0.0
6,5,7,0,,,,0.5930667,0.0,0.0,0.0,0.0
6,6,7,0,,,,0.6201,0.0,0.0,0.0,35.62
6,7,7,0,,,,0.64736664,0.0,0.0,0.0,96.65
6,8,7,0,,,,1.2853,0.0,0.0,0.0,253.4
6,9,7,0,,,,2.7949,0.0,0.0,0.0,442.11
6,10,7,0,,,,4.6201334,0.0,0.0,0.0,552.07
6,11,7,0,,,,5.0458665,0.0,0.0,0.0,582.93
6,12,7,0,,,,5.461817,0.0,0.0,0.0,628.32
6,13,7,0,,,,5.7353835,0.0,0.0,0.0,486.75
6,14,7,0,,,,3.6267667,0.0,0.0,0.0,576.39
6,15,7,0,,,,2.3988166,0.0,0.0,0.0,353.78
6,16,7,0,,,,1.4837834,0.0,0.0,0.0,57.29
6,17,7,0,,,,2.3778,0.0,0.0,0.0,112.89
6,18,7,0,,,,1.9651,0.0,0.0,0.0,24.39
6,19,7,0,,,,1.4111834,0.0,0.0,0.0,37.65
6,20,7,0,,,,0.30888337,0.0,0.0,0.0,14.67
6,21,7,0,,,,0.69416666,0.0,0.0,0.0,0.0
6,22,7,0,,,,2.95815,0.0,0.0,0.0,0.0
6,23,7,0,,,,2.075,0.0,0.0,0.0,0.0
6,24,7,0,,,,1.501975,0.0,0.0,0.0,0.0
6,1,1,0,,,,0.57346666,0.0,0.0,0.0,0.0
6,2,1,0,,,,0.56261665,0.0,0.0,0.0,0.0
6,3,1,0,,,,0.5516667,0.0,0.0,0.0,0.0
6,4,1,0,,,,0.5897667,0.0,0.0,0.0,0.0
6,5,1,0,,,,0.5879833,0.0,0.0,0.0,0.0
6,6,1,0,,,,0.53685,0.0,0.0,0.0,1.6
6,7,1,0,,,,1.1435,0.0,0.0,0.0,27.99
6,8,1,0,,,,1.4542167,0.0,0.0,0.0,167.36
6,9,1,0,,,,2.6136832,0.0,0.0,0.0,232.89
6,10,1,0,,,,2.7570333,0.0,0.0,0.0,534.78
6,11,1,0,,,,3.59705,0.0,0.0,0.0,373.23
6,12,1,0,,,,3.2976,0.0,0.0,0.0,679.51
6,13,1,0,,,,3.8825333,0.0,0.0,0.0,679.59
6,14,1,0,,,,3.2876666,0.0,0.0,0.0,749.15
6,15,1,0,,,,3.24445,0.0,0.0,0.0,659.64
6,16,1,0,,,,2.7127333,0.0,0.0,0.0,495.39
6,17,1,0,,,,3.18275,0.0,0.0,0.0,362.16
6,18,1,0,,,,2.8753,0.0,0.0,0.0,158.48
6,19,1,0,,,,2.39055,0.0,0.0,0.0,63.85
6,20,1,0,,,,1.3697001,0.0,0.0,0.0,6.34
6,21,1,0,,,,0.6585,0.0,0.0,0.0,0.0
6,22,1,0,,,,2.5564833,0.0,0.0,0.0,0.0
6,23,1,0,,,,1.4972,0.0,0.0,0.0,0.0
6,24,1,0,,,,1.12425,0.0,0.0,0.0,0.0
6,1,2,0,,,,0.67,0.0,0.0,0.0,0.0
6,2,2,0,,,,1.0129,0.0,0.0,0.0,0.0
6,3,2,0,,,,0.6541167,0.0,0.0,0.0,0.0
6,4,2,0,,,,1.47145,0.0,0.0,0.0,0.0
6,5,2,0,,,,1.5345334,0.0,0.0,0.0,0.0
6,6,2,0,,,,1.4872667,0.0,0.0,0.0,12.69
6,7,2,0,,,,1.2923666,0.0,0.0,0.0,9.42
6,8,2,0,,,,0.9569167,0.0,0.0,0.0,18.27
6,9,2,0,,,,0.9810167,0.0,0.0,0.0,284.44
6,10,2,0,,,,1.6832666,0.0,0.0,0.0,565.94
6,11,2,0,,,,2.6662166,0.0,0.0,0.0,577.98
6,12,2,0,,,,3.2697833,0.0,0.0,0.0,660.21
6,13,2,0,,,,4.0776167,0.0,0.0,0.0,562.72
6,14,2,0,,,,1.8961,0.0,0.0,0.0,612.96
6,15,2,0,,,,1.5391166,0.0,0.0,0.0,531.3
6,16,2,0,,,,1.8266,0.0,0.0,0.0,434.04
6,17,2,0,,,,2.0186667,0.0,0.0,0.0,346.79
6,18,2,0,,,,1.5094,0.0,0.0,0.0,179.36
6,19,2,0,,,,1.7309,0.0,0.0,0.0,43.12
6,20,2,0,,,,0.7852667,0.0,0.0,0.0,14.08
6,21,2,0,,,,0.4032167,0.0,0.0,0.0,0.0
6,22,2,0,,,,0.75658333,0.0,0.0,0.0,0.0
6,23,2,0,,,,0.6658,0.0,0.0,0.0,0.0
6,24,2,0,,,,0.74065834,0.0,0.0,0.0,0.0
6,1,3,0,,,,1.7501167,0.0,0.0,0.0,0.0
6,2,3,0,,,,0.6125,0.0,0.0,0.0,0.0
6,3,3,0,,,,0.5341,0.0,0.0,0.0,0.0
6,4,3,0,,,,0.9299667,0.0,0.0,0.0,0.0
6,5,3,0,,,,1.0423167,0.0,0.0,0.0,0.0
6,6,3,0,,,,3.0925834,0.0,0.0,0.0,1.62
6,7,3,0,,,,0.92751664,0.0,0.0,0.0,9.48
6,8,3,0,,,,0.73541665,0.0,0.0,0.0,77.49
6,9,3,0,,,,0.83565,0.0,0.0,0.0,49.23
6,10,3,0,,,,1.5239167,0.0,0.0,0.0,452.46
6,11,3,0,,,,2.0668166,0.0,0.0,0.0,410.29
6,12,3,0,,,,2.6167333,0.0,0.0,0.0,744.8
6,13,3,0,,,,3.1638,0.0,0.0,0.0,689.24
6,14,3,0,,,,3.7811167,0.0,0.0,0.0,589.17
6,15,3,0,,,,2.6038334,0.0,0.0,0.0,576.88
6,16,3,0,,,,2.4979832,0.0,0.0,0.0,515.83
6,17,3,0,,,,2.6854832,0.0,0.0,0.0,344.11
6,18,3,0,,,,2.07815,0.0,0.0,0.0,178.02
6,19,3,0,,,,2.3447833,0.0,0.0,0.0,46.45
6,20,3,0,,,,0.8965834,0.0,0.0,0.0,15.3
6,21,3,0,,,,0.36930007,0.0,0.0,0.0,0.0
6,22,3,0,,,,1.9104167,0.0,0.0,0.0,0.0
6,23,3,0,,,,3.3312,0.0,0.0,0.0,0.0
6,24,3,0,,,,1.9289,0.0,0.0,0.0,0.0
6,1,4,0,,,,0.73826665,0.0,0.0,0.0,0.0
6,2,4,0,,,,0.69505,0.0,0.0,0.0,0.0
6,3,4,0,,,,0.7881333,0.0,0.0,0.0,0.0
6,4,4,0,,,,0.83138335,0.0,0.0,0.0,0.0
6,5,4,0,,,,0.8132667,0.0,0.0,0.0,0.0
6,6,4,0,,,,0.56051666,0.0,0.0,0.0,37.6
6,7,4,0,,,,0.78463334,0.0,0.0,0.0,92.77
6,8,4,0,,,,1.4243667,0.0,0.0,0.0,281.51
6,9,4,0,,,,1.5886834,0.0,0.0,0.0,464.43
6,10,4,0,,,,2.0828166,0.0,0.0,0.0,599.2
6,11,4,0,,,,3.1578834,0.0,0.0,0.0,709.99
6,12,4,0,,,,3.6302834,0.0,0.0,0.0,765.1
6,13,4,0,,,,4.7531667,0.0,0.0,0.0,749.03
6,14,4,0,,,,2.7038667,0.0,0.0,0.0,603.4
6,15,4,0,,,,2.2341666,0.0,0.0,0.0,524.37
6,16,4,0,,,,1.77315,0.0,0.0,0.0,331.14
6,17,4,0,,,,1.1728333,0.0,0.0,0.0,182.46
6,18,4,0,,,,1.1945833,0.0,0.0,0.0,149.58
6,19,4,0,,,,0.9482333,0.0,0.0,0.0,61.58
6,20,4,0,,,,0.15810004,0.0,0.0,0.0,17.16
6,21,4,0,,,,0.36911666,0.0,0.0,0.0,0.0
6,22,4,0,,,,0.14056672,0.0,0.0,0.0,0.0
6,23,4,0,,,,0.6080667,0.0,0.0,0.0,0.0
6,24,4,0,,,,1.60425,0.0,0.0,0.0,0.0
6,1,5,0,,,,1.1916333,0.0,0.0,0.0,0.0
6,2,5,0,,,,2.5884333,0.0,0.0,0.0,0.0
6,3,5,0,,,,0.6608833,0.0,0.0,0.0,0.0
6,4,5,0,,,,0.6544833,0.0,0.0,0.0,0.0
6,5,5,0,,,,0.98833334,0.0,0.0,0.0,0.0
6,6,5,0,,,,0.75065,0.0,0.0,0.0,38.91
6,7,5,0,,,,0.8602167,0.0,0.0,0.0,98.32
6,8,5,0,,,,1.4316334,0.0,0.0,0.0,274.64
6,9,5,0,,,,2.4750333,0.0,0.0,0.0,442.26
6,10,5,0,,,,2.16445,0.0,0.0,0.0,585.43
6,11,5,0,,,,2.6011333,0.0,0.0,0.0,692.64
6,12,5,0,,,,3.7353168,0.0,0.0,0.0,503.79
6,13,5,0,,,,3.4971333,0.0,0.0,0.0,722.51
6,14,5,0,,,,2.7110167,0.0,0.0,0.0,569.56
6,15,5,0,,,,3.5997,0.0,0.0,0.0,38.68
6,16,5,0,,,,2.9265,0.0,0.0,0.0,31.44
6,17,5,0,,,,1.9897,0.0,0.0,0.0,55.66
6,18,5,0,,,,1.14105,0.0,0.0,0.0,136.71
6,19,5,0,,,,1.6098334,0.0,0.0,0.0,43.55
6,20,5,0,,,,0.10130008,0.0,0.0,0.0,17.05
6,21,5,0,,,,0.4896667,0.0,0.0,0.0,0.0
6,22,5,0,,,,1.01925,0.0,0.0,0.0,0.0
6,23,5,0,,,,1.8667,0.0,0.0,0.0,0.0
6,24,5,0,,,,0.5914583,0.0,0.0,0.0,0.0
6,1,6,0,,,,0.52025,0.0,0.0,0.0,0.0
6,2,6,0,,,,0.5922167,0.0,0.0,0.0,0.0
6,3,6,0,,,,0.53328335,0.0,0.0,0.0,0.0
6,4,6,0,,,,0.7844833,0.0,0.0,0.0,0.0
6,5,6,0,,,,1.1182,0.0,0.0,0.0,0.0
6,6,6,0,,,,1.2109333,0.0,0.0,0.0,38.07
6,7,6,0,,,,0.68471664,0.0,0.0,0.0,97.15
6,8,6,0,,,,0.98586667,0.0,0.0,0.0,272.61
6,9,6,0,,,,1.5257334,0.0,0.0,0.0,441.44
6,10,6,0,,,,1.2055666,0.0,0.0,0.0,551.85
6,11,6,0,,,,1.22005,0.0,0.0,0.0,669.07
6,12,6,0,,,,2.6702,0.0,0.0,0.0,737.85
6,13,6,0,,,,2.6742,0.0,0.0,0.0,751.03
6,14,6,0,,,,1.3409667,0.0,0.0,0.0,708.68
6,15,6,0,,,,2.8467667,0.0,0.0,0.0,631.15
6,16,6,0,,,,0.92275,0.0,0.0,0.0,509.48
6,17,6,0,,,,1.4422166,0.0,0.0,0.0,368.56
6,18,6,0,,,,3.1031,0.0,0.0,0.0,185.24
6,19,6,0,,,,1.7169,0.0,0.0,0.0,33.05
6,20,6,0,,,,0.3892334,0.0,0.0,0.0,17.45
6,21,6,0,,,,1.1946833,0.0,0.0,0.0,0.0
6,22,6,0,,,,0.8598,0.0,0.0,0.0,0.0
6,23,6,0,,,,0.7230167,0.0,0.0,0.0,0.0
6,24,6,0,,,,0.6481583,0.0,0.0,0.0,0.0
6,1,7,0,,,,0.65538335,0.0,0.0,0.0,0.0
6,2,7,0,,,,0.57556665,0.0,0.0,0.0,0.0
6,3,7,0,,,,0.76461667,0.0,0.0,0.0,0.0
6,4,7,0,,,,1.0932833,0.0,0.0,0.0,0.0
6,5,7,0,,,,1.2397667,0.0,0.0,0.0,0.0
6,6,7,0,,,,1.0890167,0.0,0.0,0.0,37.33
6,7,7,0,,,,0.71711665,0.0,0.0,0.0,99.06
6,8,7,0,,,,0.78248334,0.0,0.0,0.0,273.32
6,9,7,0,,,,2.1388667,0.0,0.0,0.0,446.34
6,10,7,0,,,,1.3293166,0.0,0.0,0.0,588.07
6,11,7,0,,,,1.6282333,0.0,0.0,0.0,705.44
6,12,7,0,,,,2.1948667,0.0,0.0,0.0,757.32
6,13,7,0,,,,2.0708666,0.0,0.0,0.0,715.73
6,14,7,0,,,,1.8275,0.0,0.0,0.0,691.15
6,15,7,0,,,,0.885,0.0,0.0,0.0,626.08
6,16,7,0,,,,0.9897,0.0,0.0,0.0,496.18
6,17,7,0,,,,3.1614833,0.0,0.0,0.0,338.42
6,18,7,0,,,,1.3498167,0.0,0.0,0.0,181.53
6,19,7,0,,,,1.0560334,0.0,0.0,0.0,45.38
6,20,7,0,,,,0.6229167,0.0,0.0,0.0,18.05
6,21,7,0,,,,1.2461833,0.0,0.0,0.0,0.0
6,22,7,0,,,,3.0285666,0.0,0.0,0.0,0.0
6,23,7,0,,,,1.3659,0.0,0.0,0.0,0.0
6,24,7,0,,,,0.641625,0.0,0.0,0.0,0.0
6,1,1,0,,,,0.55481666,0.0,0.0,0.0,0.0
6,2,1,0,,,,0.5992,0.0,0.0,0.0,0.0
6,3,1,0,,,,0.56945,0.0,0.0,0.0,0.0
6,4,1,0,,,,0.76155,0.0,0.0,0.0,0.0
6,5,1,0,,,,1.1803666,0.0,0.0,0.0,0.0
6,6,1,0,,,,0.98623335,0.0,0.0,0.0,37.16
6,7,1,0,,,,0.60581666,0.0,0.0,0.0,100.87
6,8,1,0,,,,1.1141666,0.0,0.0,0.0,268.33
6,9,1,0,,,,1.2412333,0.0,0.0,0.0,441.24
6,10,1,0,,,,3.1916833,0.0,0.0,0.0,581.58
6,11,1,0,,,,2.39785,0.0,0.0,0.0,568.89
6,12,1,0,,,,2.67745,0.0,0.0,0.0,643.2
6,13,1,0,,,,2.4439833,0.0,0.0,0.0,564.08
6,14,1,0,,,,1.62245,0.0,0.0,0.0,604.86
6,15,1,0,,,,1.3629167,0.0,0.0,0.0,517.95
6,16,1,0,,,,1.5533167,0.0,0.0,0.0,424.09
6,17,1,0,,,,1.5004833,0.0,0.0,0.0,334.87
6,18,1,0,,,,2.4668167,0.0,0.0,0.0,184.88
6,19,1,0,,,,1.2509167,0.0,0.0,0.0,43.25
6,20,1,0,,,,0.060983423,0.0,0.0,0.0,18.0
6,21,1,0,,,,9.9999994e-08,0.0,0.0,0.0,0.0
6,22,1,0,,,,1.2379167,0.0,0.0,0.0,0.0
6,23,1,0,,,,1.3277833,0.0,0.0,0.0,0.0
6,24,1,0,,,,1.1655667,0.0,0.0,0.0,0.0
6,1,2,0,,,,1.0304,0.0,0.0,0.0,0.0
6,2,2,0,,,,0.67606664,0.0,0.0,0.0,0.0
6,3,2,0,,,,0.59265,0.0,0.0,0.0,0.0
6,4,2,0,,,,0.86583334,0.0,0.0,0.0,0.0
6,5,2,0,,,,1.0825167,0.0,0.0,0.0,0.0
6,6,2,0,,,,0.96631664,0.0,0.0,0.0,4.33
6,7,2,0,,,,0.6895667,0.0,0.0,0.0,22.74
6,8,2,0,,,,0.9726167,0.0,0.0,0.0,247.32
6,9,2,0,,,,2.0975,0.0,0.0,0.0,444.22
6,10,2,0,,,,2.6794834,0.0,0.0,0.0,584.77
6,11,2,0,,,,4.275017,0.0,0.0,0.0,696.09
6,12,2,0,,,,3.9140167,0.0,0.0,0.0,744.58
6,13,2,0,,,,3.3675168,0.0,0.0,0.0,731.57
6,14,2,0,,,,2.1235332,0.0,0.0,0.0,682.1
6,15,2,0,,,,2.0987833,0.0,0.0,0.0,184.78
6,16,2,0,,,,2.11435,0.0,0.0,0.0,193.85
6,17,2,0,,,,2.1803334,0.0,0.0,0.0,91.71
6,18,2,0,,,,2.91685,0.0,0.0,0.0,169.86
6,19,2,0,,,,2.3690834,0.0,0.0,0.0,46.5
6,20,2,0,,,,0.07100009,0.0,0.0,0.0,18.66
6,21,2,0,,,,1.3549833,0.0,0.0,0.0,0.0
6,22,2,0,,,,1.97455,0.0,0.0,0.0,0.0
6,23,2,0,,,,1.1547,0.0,0.0,0.0,0.0
6,24,2,0,,,,0.75325,0.0,0.0,0.0,0.0
6,1,3,0,,,,0.70633334,0.0,0.0,0.0,0.0
6,2,3,0,,,,2.5304832,0.0,0.0,0.0,0.0
6,3,3,0,,,,0.63115,0.0,0.0,0.0,0.0
6,4,3,0,,,,0.70213336,0.0,0.0,0.0,0.0
6,5,3,0,,,,0.59043336,0.0,0.0,0.0,0.0
6,6,3,0,,,,0.65903336,0.0,0.0,0.0,2.01
6,7,3,0,,,,1.41885,0.0,0.0,0.0,45.43
6,8,3,0,,,,1.12975,0.0,0.0,0.0,216.98
6,9,3,0,,,,2.35425,0.0,0.0,0.0,382.04
6,10,3,0,,,,1.95245,0.0,0.0,0.0,443.39
6,11,3,0,,,,2.6284,0.0,0.0,0.0,578.44
6,12,3,0,,,,2.5642166,0.0,0.0,0.0,656.74
6,13,3,0,,,,2.2685666,0.0,0.0,0.0,670.77
6,14,3,0,,,,4.0628166,0.0,0.0,0.0,665.37
6,15,3,0,,,,2.58595,0.0,0.0,0.0,139.97
6,16,3,0,,,,2.0081334,0.0,0.0,0.0,481.83
6,17,3,0,,,,1.6114,0.0,0.0,0.0,306.06
6,18,3,0,,,,1.7535167,0.0,0.0,0.0,102.74
6,19,3,0,,,,1.25965,0.0,0.0,0.0,50.71
6,20,3,0,,,,0.44906667,0.0,0.0,0.0,6.59
6,21,3,0,,,,0.45720002,0.0,0.0,0.0,0.0
6,22,3,0,,,,0.16190007,0.0,0.0,0.0,0.0
6,23,3,0,,,,1.5030667,0.0,0.0,0.0,0.0
6,24,3,0,,,,2.9458916,0.0,0.0,0.0,0.0
6,1,4,0,,,,0.6882833,0.0,0.0,0.0,0.0
6,2,4,0,,,,0.6238667,0.0,0.0,0.0,0.0
6,3,4,0,,,,0.62785,0.0,0.0,0.0,0.0
6,4,4,0,,,,0.565,0.0,0.0,0.0,0.0
6,5,4,0,,,,0.5971,0.0,0.0,0.0,0.0
6,6,4,0,,,,0.6949667,0.0,0.0,0.0,35.56
6,7,4,0,,,,1.5235667,0.0,0.0,0.0,100.33
6,8,4,0,,,,3.7762334,0.0,0.0,0.0,262.23
6,9,4,0,,,,1.21215,0.0,0.0,0.0,426.71
6,10,4,0,,,,4.23975,0.0,0.0,0.0,567.01
6,11,4,0,,,,2.9648,0.0,0.0,0.0,684.35
6,12,4,0,,,,3.5006166,0.0,0.0,0.0,753.07
6,13,4,0,,,,3.44675,0.0,0.0,0.0,764.88
6,14,4,0,,,,1.8880334,0.0,0.0,0.0,745.51
6,15,4,0,,,,2.2725167,0.0,0.0,0.0,653.6
6,16,4,0,,,,3.6063,0.0,0.0,0.0,530.65
6,17,4,0,,,,4.119167,0.0,0.0,0.0,317.01
6,18,4,0,,,,0.99116665,0.0,0.0,0.0,156.81
6,19,4,0,,,,1.09925,0.0,0.0,0.0,45.0
6,20,4,0,,,,0.29133338,0.0,0.0,0.0,19.77
6,21,4,0,,,,0.07155003,0.0,0.0,0.0,0.0
6,22,4,0,,,,0.21163338,0.0,0.0,0.0,0.0
6,23,4,0,,,,0.034233414,0.0,0.0,0.0,0.0
6,24,4,0,,,,2.28725,0.0,0.0,0.0,0.0
6,1,5,0,,,,3.0195832,0.0,0.0,0.0,0.0
6,2,5,0,,,,0.8208333,0.0,0.0,0.0,0.0
6,3,5,0,,,,0.49413332,0.0,0.0,0.0,0.0
6,4,5,0,,,,0.5380833,0.0,0.0,0.0,0.0
6,5,5,0,,,,0.47393334,0.0,0.0,0.0,1.61
6,6,5,0,,,,0.965,0.0,0.0,0.0,20.71
6,7,5,0,,,,0.70453334,0.0,0.0,0.0,106.33
6,8,5,0,,,,2.0669167,0.0,0.0,0.0,159.26
6,9,5,0,,,,1.5655,0.0,0.0,0.0,153.47
6,10,5,0,,,,2.5147667,0.0,0.0,0.0,547.04
6,11,5,0,,,,3.0163,0.0,0.0,0.0,648.91
6,12,5,0,,,,3.1928666,0.0,0.0,0.0,586.93
6,13,5,0,,,,3.70425,0.0,0.0,0.0,659.11
6,14,5,0,,,,1.4950167,0.0,0.0,0.0,618.39
6,15,5,0,,,,3.3785167,0.0,0.0,0.0,592.39
6,16,5,0,,,,3.1392834,0.0,0.0,0.0,505.43
6,17,5,0,,,,2.7574334,0.0,0.0,0.0,356.52
6,18,5,0,,,,2.2187166,0.0,0.0,0.0,177.03
6,19,5,0,,,,1.8915501,0.0,0.0,0.0,50.83
6,20,5,0,,,,0.55813336,0.0,0.0,0.0,19.76
6,21,5,0,,,,0.36306673,0.0,0.0,0.0,0.0
6,22,5,0,,,,1.3561,0.0,0.0,0.0,0.0
6,23,5,0,,,,1.1757667,0.0,0.0,0.0,0.0
6,24,5,0,,,,0.88464165,0.0,0.0,0.0,0.0
6,1,6,0,,,,0.8196667,0.0,0.0,0.0,0.0
6,2,6,0,,,,1.0801834,0.0,0.0,0.0,0.0
6,3,6,0,,,,1.0287167,0.0,0.0,0.0,0.0
6,4,6,0,,,,0.94551665,0.0,0.0,0.0,0.0
6,5,6,0,,,,2.5281668,0.0,0.0,0.0,1.59
6,6,6,0,,,,0.6972833,0.0,0.0,0.0,1.59
6,7,6,0,,,,0.60775,0.0,0.0,0.0,98.83
6,8,6,0,,,,0.5940667,0.0,0.0,0.0,123.3
6,9,6,0,,,,1.4230833,0.0,0.0,0.0,254.65
6,10,6,0,,,,4.256767,0.0,0.0,0.0,451.96
6,11,6,0,,,,3.1175,0.0,0.0,0.0,646.66
6,12,6,0,,,,3.13605,0.0,0.0,0.0,695.53
6,13,6,0,,,,4.039,0.0,0.0,0.0,698.04
6,14,6,0,,,,1.4431334,0.0,0.0,0.0,670.44
6,15,6,0,,,,3.9552,0.0,0.0,0.0,472.62
6,16,6,0,,,,3.7479334,0.0,0.0,0.0,53.13
6,17,6,0,,,,1.61285,0.0,0.0,0.0,27.22
6,18,6,0,,,,1.23955,0.0,0.0,0.0,49.28
6,19,6,0,,,,1.5284001,0.0,0.0,0.0,61.78
6,20,6,0,,,,0.42838335,0.0,0.0,0.0,17.7
6,21,6,0,,,,0.15718336,0.0,0.0,0.0,0.0
6,22,6,0,,,,0.006866755,0.0,0.0,0.0,0.0
6,23,6,0,,,,0.39961672,0.0,0.0,0.0,0.0
6,24,6,0,,,,0.5623083,0.0,0.0,0.0,0.0
6,1,7,0,,,,0.80523336,0.0,0.0,0.0,0.0
6,2,7,0,,,,0.58631665,0.0,0.0,0.0,0.0
6,3,7,0,,,,0.54578334,0.0,0.0,0.0,0.0
6,4,7,0,,,,0.59208333,0.0,0.0,0.0,0.0
6,5,7,0,,,,0.5233167,0.0,0.0,0.0,1.58
6,6,7,0,,,,0.58781666,0.0,0.0,0.0,21.2
6,7,7,0,,,,0.80618334,0.0,0.0,0.0,103.05
6,8,7,0,,,,1.1852334,0.0,0.0,0.0,266.6
6,9,7,0,,,,2.3509,0.0,0.0,0.0,438.14
6,10,7,0,,,,2.6605167,0.0,0.0,0.0,592.77
6,11,7,0,,,,2.2559667,0.0,0.0,0.0,706.28
6,12,7,0,,,,2.9504833,0.0,0.0,0.0,748.13
6,13,7,0,,,,3.1444166,0.0,0.0,0.0,754.72
6,14,7,0,,,,3.5187,0.0,0.0,0.0,726.21
6,15,7,0,,,,3.5804834,0.0,0.0,0.0,621.97
6,16,7,0,,,,1.0773833,0.0,0.0,0.0,487.88
6,17,7,0,,,,1.68945,0.0,0.0,0.0,350.44
6,18,7,0,,,,2.1956167,0.0,0.0,0.0,191.35
6,19,7,0,,,,2.9596,0.0,0.0,0.0,45.29
6,20,7,0,,,,0.85436666,0.0,0.0,0.0,20.62
6,21,7,0,,,,1.4700834,0.0,0.0,0.0,0.0
6,22,7,0,,,,2.8778,0.0,0.0,0.0,0.0
6,23,7,0,,,,1.8132666,0.0,0.0,0.0,0.0
6,24,7,0,,,,1.510575,0.0,0.0,0.0,0.0
6,1,1,0,,,,1.5668,0.0,0.0,0.0,0.0
6,2,1,0,,,,0.63173336,0.0,0.0,0.0,0.0
6,3,1,0,,,,0.58778334,0.0,0.0,0.0,0.0
6,4,1,0,,,,2.53535,0.0,0.0,0.0,0.0
6,5,1,0,,,,1.0497167,0.0,0.0,0.0,1.6
6,6,1,0,,,,0.7119,0.0,0.0,0.0,2.02
6,7,1,0,,,,0.8512333,0.0,0.0,0.0,107.93
6,8,1,0,,,,3.0238333,0.0,0.0,0.0,277.76
6,9,1,0,,,,1.7467166,0.0,0.0,0.0,459.37
6,10,1,0,,,,4.0698333,0.0,0.0,0.0,578.59
6,11,1,0,,,,3.1893334,0.0,0.0,0.0,656.83
6,12,1,0,,,,4.3700333,0.0,0.0,0.0,689.34
6,13,1,0,,,,5.40585,0.0,0.0,0.0,661.74
6,14,1,0,,,,4.181317,0.0,0.0,0.0,559.16
6,15,1,0,,,,4.075217,0.0,0.0,0.0,515.85
6,16,1,0,,,,3.77195,0.0,0.0,0.0,326.35
6,17,1,0,,,,3.63515,0.0,0.0,0.0,301.12
6,18,1,0,,,,3.8987668,0.0,0.0,0.0,189.1
6,19,1,0,,,,3.44985,0.0,0.0,0.0,44.8
6,20,1,0,,,,1.4439167,0.0,0.0,0.0,20.46
6,21,1,0,,,,0.6133334,0.0,0.0,0.0,0.0
6,22,1,0,,,,2.1701667,0.0,0.0,0.0,0.0
6,23,1,0,,,,1.27125,0.0,0.0,0.0,0.0
6,24,1,0,,,,0.5397083,0.0,0.0,0.0,0.0
6,1,2,0,,,,0.89835,0.0,0.0,0.0,0.0
6,2,2,0,,,,1.6923667,0.0,0.0,0.0,0.0
6,3,2,0,,,,1.03705,0.0,0.0,0.0,0.0
6,4,2,0,,,,0.63916665,0.0,0.0,0.0,0.0
6,5,2,0,,,,0.93628335,0.0,0.0,0.0,1.61
6,6,2,0,,,,2.4932666,0.0,0.0,0.0,35.26
6,7,2,0,,,,0.4994,0.0,0.0,0.0,94.92
6,8,2,0,,,,2.5440667,0.0,0.0,0.0,263.59
6,9,2,0,,,,2.11385,0.0,0.0,0.0,403.17
6,10,2,0,,,,3.0119166,0.0,0.0,0.0,570.7
6,11,2,0,,,,4.910217,0.0,0.0,0.0,631.56
6,12,2,0,,,,3.2067833,0.0,0.0,0.0,207.91
6,13,2,0,,,,4.046533,0.0,0.0,0.0,517.15
6,14,2,0,,,,2.61335,0.0,0.0,0.0,541.0
6,15,2,0,,,,3.4124,0.0,0.0,0.0,561.06
6,16,2,0,,,,4.3757,0.0,0.0,0.0,522.32
6,17,2,0,,,,4.1663833,0.0,0.0,0.0,363.85
6,18,2,0,,,,3.5005834,0.0,0.0,0.0,185.36
6,19,2,0,,,,3.3156834,0.0,0.0,0.0,45.05
6,20,2,0,,,,0.77211666,0.0,0.0,0.0,20.35
6,21,2,0,,,,0.34936666,0.0,0.0,0.0,0.0
6,22,2,0,,,,0.752,0.0,0.0,0.0,0.0
6,23,2,0,,,,3.99315,0.0,0.0,0.0,0.0
6,24,2,0,,,,1.7553667,0.0,0.0,0.0,0.0
6,1,3,0,,,,3.0913832,0.0,0.0,0.0,0.0
6,2,3,0,,,,0.67723334,0.0,0.0,0.0,0.0
6,3,3,0,,,,2.2137666,0.0,0.0,0.0,0.0
6,4,3,0,,,,0.8668,0.0,0.0,0.0,0.0
6,5,3,0,,,,0.9014,0.0,0.0,0.0,1.59
6,6,3,0,,,,2.5803332,0.0,0.0,0.0,36.42
6,7,3,0,,,,1.2342334,0.0,0.0,0.0,96.18
6,8,3,0,,,,2.3029666,0.0,0.0,0.0,264.84
6,9,3,0,,,,2.6783333,0.0,0.0,0.0,435.95
6,10,3,0,,,,2.8423834,0.0,0.0,0.0,569.42
6,11,3,0,,,,5.2488832,0.0,0.0,0.0,670.87
6,12,3,0,,,,5.385617,0.0,0.0,0.0,702.96
6,13,3,0,,,,5.016733,0.0,0.0,0.0,741.1
6,14,3,0,,,,1.6501334,0.0,0.0,0.0,715.43
6,15,3,0,,,,3.5569668,0.0,0.0,0.0,637.19
6,16,3,0,,,,3.8485832,0.0,0.0,0.0,513.6
6,17,3,0,,,,3.6759667,0.0,0.0,0.0,353.18
6,18,3,0,,,,2.6914666,0.0,0.0,0.0,189.49
6,19,3,0,,,,2.8477,0.0,0.0,0.0,48.79
6,20,3,0,,,,1.6702,0.0,0.0,0.0,20.26
6,21,3,0,,,,1.4183667,0.0,0.0,0.0,0.0
6,22,3,0,,,,2.9183333,0.0,0.0,0.0,0.0
6,23,3,0,,,,3.1395667,0.0,0.0,0.0,0.0
6,24,3,0,,,,0.6442,0.0,0.0,0.0,0.0
6,1,4,0,,,,1.9536667,0.0,0.0,0.0,0.0
6,2,4,0,,,,1.708,0.0,0.0,0.0,0.0
6,3,4,0,,,,1.3397,0.0,0.0,0.0,0.0
6,4,4,0,,,,1.4911667,0.0,0.0,0.0,0.0
6,5,4,0,,,,2.09445,0.0,0.0,0.0,1.57
6,6,4,0,,,,0.7906833,0.0,0.0,0.0,26.18
6,7,4,0,,,,2.0759666,0.0,0.0,0.0,104.76
6,8,4,0,,,,1.9668666,0.0,0.0,0.0,256.81
6,9,4,0,,,,2.3587334,0.0,0.0,0.0,425.56
6,10,4,0,,,,3.1091,0.0,0.0,0.0,566.63
6,11,4,0,,,,3.6724668,0.0,0.0,0.0,671.03
6,12,4,0,,,,5.240267,0.0,0.0,0.0,655.62
6,13,4,0,,,,5.4392834,0.0,0.0,0.0,713.48
6,14,4,0,,,,3.0652332,0.0,0.0,0.0,669.16
6,15,4,0,,,,4.2325335,0.0,0.0,0.0,605.15
6,16,4,0,,,,4.414417,0.0,0.0,0.0,502.21
6,17,4,0,,,,3.5470834,0.0,0.0,0.0,363.85
6,18,4,0,,,,2.9980333,0.0,0.0,0.0,190.04
6,19,4,0,,,,2.8762167,0.0,0.0,0.0,44.34
6,20,4,0,,,,0.6836834,0.0,0.0,0.0,17.18
6,21,4,0,,,,0.47096673,0.0,0.0,0.0,0.0
6,22,4,0,,,,2.6302166,0.0,0.0,0.0,0.0
6,23,4,0,,,,1.9361666,0.0,0.0,0.0,0.0
6,24,4,0,,,,3.314325,0.0,0.0,0.0,0.0
6,1,5,0,,,,1.1604667,0.0,0.0,0.0,0.0
6,2,5,0,,,,0.7537,0.0,0.0,0.0,0.0
6,3,5,0,,,,2.0738332,0.0,0.0,0.0,0.0
6,4,5,0,,,,0.68565,0.0,0.0,0.0,0.0
6,5,5,0,,,,0.65028334,0.0,0.0,0.0,0.0
6,6,5,0,,,,0.93293333,0.0,0.0,0.0,1.57
6,7,5,0,,,,2.2815332,0.0,0.0,0.0,49.49
6,8,5,0,,,,1.8374,0.0,0.0,0.0,154.93
6,9,5,0,,,,3.0997834,0.0,0.0,0.0,54.86
6,10,5,0,,,,2.4549167,0.0,0.0,0.0,132.87
6,11,5,0,,,,3.9572167,0.0,0.0,0.0,457.67
6,12,5,0,,,,3.96935,0.0,0.0,0.0,549.23
6,13,5,0,,,,5.4995666,0.0,0.0,0.0,721.52
6,14,5,0,,,,4.7243166,0.0,0.0,0.0,665.51
6,15,5,0,,,,4.4885,0.0,0.0,0.0,584.31
6,16,5,0,,,,4.269233,0.0,0.0,0.0,453.34
6,17,5,0,,,,3.3235166,0.0,0.0,0.0,223.53
6,18,5,0,,,,0.85978335,0.0,0.0,0.0,14.31
6,19,5,0,,,,3.1719666,0.0,0.0,0.0,13.09
6,20,5,0,,,,0.6327334,0.0,0.0,0.0,1.48
6,21,5,0,,,,0.12390006,0.0,0.0,0.0,0.0
6,22,5,0,,,,0.7584167,0.0,0.0,0.0,0.0
6,23,5,0,,,,1.0964667,0.0,0.0,0.0,0.0
6,24,5,0,,,,1.3176167,0.0,0.0,0.0,0.0
6,1,6,0,,,,2.5139666,0.0,0.0,0.0,0.0
6,2,6,0,,,,0.5535,0.0,0.0,0.0,0.0
6,3,6,0,,,,0.5665,0.0,0.0,0.0,0.0
6,4,6,0,,,,0.51701665,0.0,0.0,0.0,0.0
6,5,6,0,,,,1.0207,0.0,0.0,0.0,0.0
6,6,6,0,,,,1.0314333,0.0,0.0,0.0,1.57
6,7,6,0,,,,1.2503,0.0,0.0,0.0,11.7
6,8,6,0,,,,2.62095,0.0,0.0,0.0,160.66
6,9,6,0,,,,3.4629834,0.0,0.0,0.0,330.04
6,10,6,0,,,,1.5611334,0.0,0.0,0.0,574.0
6,11,6,0,,,,1.6411,0.0,0.0,0.0,683.91
6,12,6,0,,,,3.1899333,0.0,0.0,0.0,733.94
6,13,6,0,,,,3.4134667,0.0,0.0,0.0,758.37
6,14,6,0,,,,2.2751167,0.0,0.0,0.0,744.35
6,15,6,0,,,,3.5965166,0.0,0.0,0.0,649.4
6,16,6,0,,,,2.2093666,0.0,0.0,0.0,528.87
6,17,6,0,,,,3.23945,0.0,0.0,0.0,363.96
6,18,6,0,,,,2.43715,0.0,0.0,0.0,191.0
6,19,6,0,,,,2.7162666,0.0,0.0,0.0,49.64
6,20,6,0,,,,1.9564667,0.0,0.0,0.0,21.11
6,21,6,0,,,,1.1596167,0.0,0.0,0.0,0.0
6,22,6,0,,,,1.9170834,0.0,0.0,0.0,0.0
6,23,6,0,,,,3.23225,0.0,0.0,0.0,0.0
6,24,6,0,,,,1.3760166,0.0,0.0,0.0,0.0
6,1,7,0,,,,0.58718336,0.0,0.0,0.0,0.0
6,2,7,0,,,,2.0305333,0.0,0.0,0.0,0.0
6,3,7,0,,,,0.5821667,0.0,0.0,0.0,0.0
6,4,7,0,,,,0.55111665,0.0,0.0,0.0,0.0
6,5,7,0,,,,0.80191666,0.0,0.0,0.0,0.0
6,6,7,0,,,,2.4293168,0.0,0.0,0.0,25.73
6,7,7,0,,,,0.9572333,0.0,0.0,0.0,100.01
6,8,7,0,,,,1.6330333,0.0,0.0,0.0,277.41
6,9,7,0,,,,2.0191,0.0,0.0,0.0,457.01
6,10,7,0,,,,2.8881166,0.0,0.0,0.0,523.89
6,11,7,0,,,,4.7738166,0.0,0.0,0.0,719.59
6,12,7,0,,,,3.9518166,0.0,0.0,0.0,783.55
6,13,7,0,,,,5.1217,0.0,0.0,0.0,797.14
6,14,7,0,,,,4.4235168,0.0,0.0,0.0,776.84
6,15,7,0,,,,3.8397124,0.0,0.0,0.0,681.62
6,16,7,0,,,,3.59415,0.0,0.0,0.0,558.81
6,17,7,0,,,,3.4329,0.0,0.0,0.0,394.95
6,18,7,0,,,,3.5383832,0.0,0.0,0.0,201.59
6,19,7,0,,,,3.5677,0.0,0.0,0.0,37.66
6,20,7,0,,,,0.84113336,0.0,0.0,0.0,21.12
6,21,7,0,,,,0.8762667,0.0,0.0,0.0,0.0
6,22,7,0,,,,3.2707,0.0,0.0,0.0,0.0
6,23,7,0,,,,0.8792,0.0,0.0,0.0,0.0
6,24,7,0,,,,2.10565,0.0,0.0,0.0,0.0
6,1,1,0,,,,0.61121666,0.0,0.0,0.0,0.0
6,2,1,0,,,,1.9674166,0.0,0.0,0.0,0.0
6,3,1,0,,,,0.58881664,0.0,0.0,0.0,0.0
6,4,1,0,,,,0.76105,0.0,0.0,0.0,0.0
6,5,1,0,,,,2.6101,0.0,0.0,0.0,0.0
6,6,1,0,,,,0.8711,0.0,0.0,0.0,29.19
6,7,1,0,,,,1.7684333,0.0,0.0,0.0,104.21
6,8,1,0,,,,1.31975,0.0,0.0,0.0,270.41
6,9,1,0,,,,3.18855,0.0,0.0,0.0,441.43
6,10,1,0,,,,2.9339,0.0,0.0,0.0,560.78
6,11,1,0,,,,4.45005,0.0,0.0,0.0,663.13
6,12,1,0,,,,4.1868334,0.0,0.0,0.0,713.46
6,13,1,0,,,,4.8568,0.0,0.0,0.0,739.14
6,14,1,0,,,,2.8326333,0.0,0.0,0.0,704.98
6,15,1,0,,,,2.8823166,0.0,0.0,0.0,622.35
6,16,1,0,,,,4.0011334,0.0,0.0,0.0,507.75
6,17,1,0,,,,3.16315,0.0,0.0,0.0,341.97
6,18,1,0,,,,4.2712665,0.0,0.0,0.0,198.14
6,19,1,0,,,,2.3426,0.0,0.0,0.0,51.17
6,20,1,0,,,,0.81343335,0.0,0.0,0.0,20.95
6,21,1,0,,,,0.016850065,0.0,0.0,0.0,0.0
6,22,1,0,,,,1.077789,0.0,0.0,0.0,0.0
6,23,1,0,,,,1.7446834,0.0,0.0,0.0,0.0
6,24,1,0,,,,2.724975,0.0,0.0,0.0,0.0
6,1,2,0,,,,1.7489667,0.0,0.0,0.0,0.0
6,2,2,0,,,,0.6073833,0.0,0.0,0.0,0.0
6,3,2,0,,,,1.5798,0.0,0.0,0.0,0.0
6,4,2,0,,,,1.1004,0.0,0.0,0.0,0.0
6,5,2,0,,,,1.0479833,0.0,0.0,0.0,0.0
6,6,2,0,,,,0.62798333,0.0,0.0,0.0,35.53
6,7,2,0,,,,2.1810668,0.0,0.0,0.0,95.26
6,8,2,0,,,,0.93121666,0.0,0.0,0.0,217.94
6,9,2,0,,,,2.9405832,0.0,0.0,0.0,407.09
6,10,2,0,,,,3.1838167,0.0,0.0,0.0,558.05
6,11,2,0,,,,3.2290168,0.0,0.0,0.0,499.53
6,12,2,0,,,,4.5518665,0.0,0.0,0.0,47.7
6,13,2,0,,,,4.892783,0.0,0.0,0.0,66.82
6,14,2,0,,,,4.098117,0.0,0.0,0.0,78.57
6,15,2,0,,,,3.0936832,0.0,0.0,0.0,85.09
6,16,2,0,,,,3.2491167,0.0,0.0,0.0,461.89
6,17,2,0,,,,2.78805,0.0,0.0,0.0,66.6
6,18,2,0,,,,2.9791167,0.0,0.0,0.0,181.32
6,19,2,0,,,,1.86625,0.0,0.0,0.0,47.93
6,20,2,0,,,,0.5550167,0.0,0.0,0.0,2.34
6,21,2,0,,,,0.62645,0.0,0.0,0.0,0.0
6,22,2,0,,,,1.6954334,0.0,0.0,0.0,0.0
6,23,2,0,,,,1.8372166,0.0,0.0,0.0,0.0
6,24,2,0,,,,1.94885,0.0,0.0,0.0,0.0
6,1,3,0,,,,0.8795,0.0,0.0,0.0,0.0
6,2,3,0,,,,1.82615,0.0,0.0,0.0,0.0
6,3,3,0,,,,0.55525,0.0,0.0,0.0,0.0
6,4,3,0,,,,0.75535,0.0,0.0,0.0,0.0
6,5,3,0,,,,1.1514,0.0,0.0,0.0,0.0
6,6,3,0,,,,0.67585,0.0,0.0,0.0,20.24
6,7,3,0,,,,1.9678667,0.0,0.0,0.0,39.9
6,8,3,0,,,,1.5034333,0.0,0.0,0.0,218.56
6,9,3,0,,,,3.4759333,0.0,0.0,0.0,170.65
6,10,3,0,,,,2.7153833,0.0,0.0,0.0,190.47
6,11,3,0,,,,4.3011165,0.0,0.0,0.0,208.76
6,12,3,0,,,,4.6159835,0.0,0.0,0.0,495.0
6,13,3,0,,,,4.5366836,0.0,0.0,0.0,260.66
6,14,3,0,,,,3.4240668,0.0,0.0,0.0,242.12
6,15,3,0,,,,3.3512833,0.0,0.0,0.0,539.21
6,16,3,0,,,,2.8127,0.0,0.0,0.0,544.36
6,17,3,0,,,,2.2084832,0.0,0.0,0.0,255.14
6,18,3,0,,,,2.9193666,0.0,0.0,0.0,15.63
6,19,3,0,,,,2.3826334,0.0,0.0,0.0,73.2
6,20,3,0,,,,0.5742334,0.0,0.0,0.0,10.31
6,21,3,0,,,,0.38061672,0.0,0.0,0.0,0.0
6,22,3,0,,,,1.8812001,0.0,0.0,0.0,0.0
6,23,3,0,,,,1.5444666,0.0,0.0,0.0,0.0
6,24,3,0,,,,0.67073333,0.0,0.0,0.0,0.0
6,1,4,0,,,,0.5982,0.0,0.0,0.0,0.0
6,2,4,0,,,,0.65253335,0.0,0.0,0.0,0.0
6,3,4,0,,,,0.6145667,0.0,0.0,0.0,0.0
6,4,4,0,,,,0.60436666,0.0,0.0,0.0,0.0
6,5,4,0,,,,0.77685,0.0,0.0,0.0,0.0
6,6,4,0,,,,1.11895,0.0,0.0,0.0,28.54
6,7,4,0,,,,2.1558332,0.0,0.0,0.0,84.25
6,8,4,0,,,,1.5017667,0.0,0.0,0.0,287.66
6,9,4,0,,,,2.8722334,0.0,0.0,0.0,483.22
6,10,4,0,,,,3.0613666,0.0,0.0,0.0,604.5
6,11,4,0,,,,2.5564,0.0,0.0,0.0,626.95
6,12,4,0,,,,3.84105,0.0,0.0,0.0,464.18
6,13,4,0,,,,3.3406167,0.0,0.0,0.0,667.53
6,14,4,0,,,,1.5964167,0.0,0.0,0.0,120.37
6,15,4,0,,,,1.6543334,0.0,0.0,0.0,314.04
6,16,4,0,,,,3.7575,0.0,0.0,0.0,83.74
6,17,4,0,,,,2.6754668,0.0,0.0,0.0,315.22
6,18,4,0,,,,2.5154166,0.0,0.0,0.0,167.09
6,19,4,0,,,,2.6262167,0.0,0.0,0.0,40.26
6,20,4,0,,,,0.31245002,0.0,0.0,0.0,20.72
6,21,4,0,,,,0.16183336,0.0,0.0,0.0,0.0
6,22,4,0,,,,0.14943334,0.0,0.0,0.0,0.0
6,23,4,0,,,,0.94825006,0.0,0.0,0.0,0.0
6,24,4,0,,,,2.6882,0.0,0.0,0.0,0.0
6,1,5,0,,,,1.18925,0.0,0.0,0.0,0.0
6,2,5,0,,,,0.6982,0.0,0.0,0.0,0.0
6,3,5,0,,,,0.6774667,0.0,0.0,0.0,0.0
6,4,5,0,,,,0.6274667,0.0,0.0,0.0,0.0
6,5,5,0,,,,0.6843333,0.0,0.0,0.0,0.0
6,6,5,0,,,,0.63995,0.0,0.0,0.0,1.66
6,7,5,0,,,,1.0405834,0.0,0.0,0.0,9.01
6,8,5,0,,,,1.4648167,0.0,0.0,0.0,50.33
6,9,5,0,,,,2.8089833,0.0,0.0,0.0,92.18
6,10,5,0,,,,2.0829,0.0,0.0,0.0,378.8
6,11,5,0,,,,4.2608833,0.0,0.0,0.0,696.78
6,12,5,0,,,,4.660383,0.0,0.0,0.0,441.16
6,13,5,0,,,,2.3433666,0.0,0.0,0.0,535.93
6,14,5,0,,,,1.9385834,0.0,0.0,0.0,584.37
6,15,5,0,,,,2.1039166,0.0,0.0,0.0,680.57
6,16,5,0,,,,1.9064667,0.0,0.0,0.0,424.74
6,17,5,0,,,,2.3932166,0.0,0.0,0.0,390.19
6,18,5,0,,,,3.0480833,0.0,0.0,0.0,192.68
6,19,5,0,,,,3.0567667,0.0,0.0,0.0,44.26
6,20,5,0,,,,0.23631673,0.0,0.0,0.0,21.33
6,21,5,0,,,,0.15333341,0.0,0.0,0.0,0.0
6,22,5,0,,,,1.5576833,0.0,0.0,0.0,0.0
6,23,5,0,,,,2.0577388,0.0,0.0,0.0,0.0
6,24,5,0,,,,2.8043,0.0,0.0,0.0,0.0
7,1,6,0,,,,2.7107832,0.0,0.0,0.0,0.0
7,2,6,0,,,,1.8803166,0.0,0.0,0.0,0.0
7,3,6,0,,,,1.9628834,0.0,0.0,0.0,0.0
7,4,6,0,,,,0.79768336,0.0,0.0,0.0,0.0
7,5,6,0,,,,1.3631667,0.0,0.0,0.0,0.0
7,6,6,0,,,,0.75408334,0.0,0.0,0.0,36.2
7,7,6,0,,,,1.16645,0.0,0.0,0.0,87.64
7,8,6,0,,,,0.94045,0.0,0.0,0.0,264.07
7,9,6,0,,,,1.3792334,0.0,0.0,0.0,438.36
7,10,6,0,,,,1.9165334,0.0,0.0,0.0,587.05
7,11,6,0,,,,3.3199666,0.0,0.0,0.0,684.31
7,12,6,0,,,,5.6457834,0.0,0.0,0.0,736.15
7,13,6,0,,,,4.2409167,0.0,0.0,0.0,757.63
7,14,6,0,,,,2.9834833,0.0,0.0,0.0,728.24
7,15,6,0,,,,2.3876166,0.0,0.0,0.0,645.67
7,16,6,0,,,,2.8473,0.0,0.0,0.0,534.61
7,17,6,0,,,,3.3799,0.0,0.0,0.0,373.48
7,18,6,0,,,,4.0585,0.0,0.0,0.0,193.25
7,19,6,0,,,,3.2051666,0.0,0.0,0.0,52.03
7,20,6,0,,,,2.00805,0.0,0.0,0.0,19.49
7,21,6,0,,,,1.9208833,0.0,0.0,0.0,0.0
7,22,6,0,,,,2.6655834,0.0,0.0,0.0,0.0
7,23,6,0,,,,1.80605,0.0,0.0,0.0,0.0
7,24,6,0,,,,1.328775,0.0,0.0,0.0,0.0
7,1,7,0,,,,1.55035,0.0,0.0,0.0,0.0
7,2,7,0,,,,1.3500167,0.0,0.0,0.0,0.0
7,3,7,0,,,,0.81516665,0.0,0.0,0.0,0.0
7,4,7,0,,,,0.8527833,0.0,0.0,0.0,0.0
7,5,7,0,,,,0.84026664,0.0,0.0,0.0,0.0
7,6,7,0,,,,0.88088334,0.0,0.0,0.0,29.48
7,7,7,0,,,,1.5463166,0.0,0.0,0.0,97.95
7,8,7,0,,,,1.2852334,0.0,0.0,0.0,225.87
7,9,7,0,,,,1.4768833,0.0,0.0,0.0,393.48
7,10,7,0,,,,3.4837832,0.0,0.0,0.0,319.71
7,11,7,0,,,,4.495917,0.0,0.0,0.0,652.0
7,12,7,0,,,,4.5396667,0.0,0.0,0.0,669.68
7,13,7,0,,,,4.9501834,0.0,0.0,0.0,232.5
7,14,7,0,,,,3.2979167,0.0,0.0,0.0,126.59
7,15,7,0,,,,3.7595668,0.0,0.0,0.0,322.32
7,16,7,0,,,,3.0461333,0.0,0.0,0.0,515.49
7,17,7,0,,,,3.27095,0.0,0.0,0.0,185.24
7,18,7,0,,,,4.06895,0.0,0.0,0.0,184.46
7,19,7,0,,,,2.0097666,0.0,0.0,0.0,54.69
7,20,7,0,,,,0.70935,0.0,0.0,0.0,19.44
7,21,7,0,,,,0.004266763,0.0,0.0,0.0,0.0
7,22,7,0,,,,2.3961833,0.0,0.0,0.0,0.0
7,23,7,0,,,,1.9388666,0.0,0.0,0.0,0.0
7,24,7,0,,,,0.83571666,0.0,0.0,0.0,0.0
7,1,1,0,,,,0.7610667,0.0,0.0,0.0,0.0
7,2,1,0,,,,0.81091666,0.0,0.0,0.0,0.0
7,3,1,0,,,,1.9983667,0.0,0.0,0.0,0.0
7,4,1,0,,,,0.9142,0.0,0.0,0.0,0.0
7,5,1,0,,,,1.3385667,0.0,0.0,0.0,0.0
7,6,1,0,,,,0.8402,0.0,0.0,0.0,34.75
7,7,1,0,,,,1.1411417,0.0,0.0,0.0,88.42
7,8,1,0,,,,2.5672834,0.0,0.0,0.0,274.14
7,9,1,0,,,,1.5187,0.0,0.0,0.0,462.98
7,10,1,0,,,,2.65205,0.0,0.0,0.0,625.08
7,11,1,0,,,,4.170483,0.0,0.0,0.0,723.58
7,12,1,0,,,,3.56195,0.0,0.0,0.0,605.93
7,13,1,0,,,,5.7007833,0.0,0.0,0.0,636.66
7,14,1,0,,,,3.7044334,0.0,0.0,0.0,707.46
7,15,1,0,,,,3.5694666,0.0,0.0,0.0,620.33
7,16,1,0,,,,3.9593666,0.0,0.0,0.0,526.77
7,17,1,0,,,,2.1999333,0.0,0.0,0.0,339.2
7,18,1,0,,,,2.1278667,0.0,0.0,0.0,191.05
7,19,1,0,,,,2.71685,0.0,0.0,0.0,73.8
7,20,1,0,,,,0.26390007,0.0,0.0,0.0,21.66
7,21,1,0,,,,0.68590003,0.0,0.0,0.0,0.0
7,22,1,0,,,,2.1949334,0.0,0.0,0.0,0.0
7,23,1,0,,,,2.3876834,0.0,0.0,0.0,0.0
7,24,1,0,,,,2.0599167,0.0,0.0,0.0,0.0
7,1,2,0,,,,0.84095,0.0,0.0,0.0,0.0
7,2,2,0,,,,1.5294833,0.0,0.0,0.0,0.0
7,3,2,0,,,,1.2831666,0.0,0.0,0.0,0.0
7,4,2,0,,,,0.9166,0.0,0.0,0.0,0.0
7,5,2,0,,,,2.0666332,0.0,0.0,0.0,0.0
7,6,2,0,,,,1.0482167,0.0,0.0,0.0,35.37
7,7,2,0,,,,1.4905,0.0,0.0,0.0,102.96
7,8,2,0,,,,1.9204,0.0,0.0,0.0,247.95
7,9,2,0,,,,2.4098833,0.0,0.0,0.0,469.21
7,10,2,0,,,,3.01335,0.0,0.0,0.0,609.59
7,11,2,0,,,,3.37015,0.0,0.0,0.0,459.7
7,12,2,0,,,,3.44545,0.0,0.0,0.0,607.74
7,13,2,0,,,,3.72615,0.0,0.0,0.0,662.93
7,14,2,0,,,,2.7119834,0.0,0.0,0.0,557.53
7,15,2,0,,,,2.6296,0.0,0.0,0.0,344.08
7,16,2,0,,,,2.36995,0.0,0.0,0.0,326.42
7,17,2,0,,,,3.6537833,0.0,0.0,0.0,165.09
7,18,2,0,,,,4.123717,0.0,0.0,0.0,190.2
7,19,2,0,,,,2.7596333,0.0,0.0,0.0,69.21
7,20,2,0,,,,1.0652001,0.0,0.0,0.0,20.63
7,21,2,0,,,,1.1581833,0.0,0.0,0.0,0.0
7,22,2,0,,,,2.4582,0.0,0.0,0.0,0.0
7,23,2,0,,,,1.2292416,0.0,0.0,0.0,0.0
7,24,2,0,,,,1.2645667,0.0,0.0,0.0,0.0
7,1,3,0,,,,1.6063666,0.0,0.0,0.0,0.0
7,2,3,0,,,,0.9809667,0.0,0.0,0.0,0.0
7,3,3,0,,,,1.9504167,0.0,0.0,0.0,0.0
7,4,3,0,,,,1.2540667,0.0,0.0,0.0,0.0
7,5,3,0,,,,1.1886834,0.0,0.0,0.0,0.0
7,6,3,0,,,,1.36385,0.0,0.0,0.0,35.76
7,7,3,0,,,,1.7059833,0.0,0.0,0.0,83.0
7,8,3,0,,,,2.2986166,0.0,0.0,0.0,266.19
7,9,3,0,,,,2.2825167,0.0,0.0,0.0,451.76
7,10,3,0,,,,3.6644166,0.0,0.0,0.0,614.7
7,11,3,0,,,,3.5044668,0.0,0.0,0.0,654.02
7,12,3,0,,,,4.50745,0.0,0.0,0.0,628.25
7,13,3,0,,,,4.4528,0.0,0.0,0.0,625.32
7,14,3,0,,,,3.2467666,0.0,0.0,0.0,571.17
7,15,3,0,,,,3.4562833,0.0,0.0,0.0,533.06
7,16,3,0,,,,4.1812334,0.0,0.0,0.0,391.09
7,17,3,0,,,,3.9377832,0.0,0.0,0.0,283.78
7,18,3,0,,,,2.8158333,0.0,0.0,0.0,142.23
7,19,3,0,,,,2.3604333,0.0,0.0,0.0,8.06
7,20,3,0,,,,0.7551167,0.0,0.0,0.0,1.16
7,21,3,0,,,,0.76285005,0.0,0.0,0.0,0.0
7,22,3,0,,,,3.1047332,0.0,0.0,0.0,0.0
7,23,3,0,,,,2.8565834,0.0,0.0,0.0,0.0
7,24,3,0,,,,3.1100082,0.0,0.0,0.0,0.0
7,1,4,0,,,,1.1018333,0.0,0.0,0.0,0.0
7,2,4,0,,,,2.08625,0.0,0.0,0.0,0.0
7,3,4,0,,,,0.5839667,0.0,0.0,0.0,0.0
7,4,4,0,,,,2.1277666,0.0,0.0,0.0,0.0
7,5,4,0,,,,0.5520667,0.0,0.0,0.0,0.0
7,6,4,0,,,,2.1545832,0.0,0.0,0.0,10.57
7,7,4,0,,,,1.54255,0.0,0.0,0.0,89.89
7,8,4,0,,,,4.033983,0.0,0.0,0.0,273.5
7,9,4,0,,,,2.6680667,0.0,0.0,0.0,419.1
7,10,4,0,,,,3.4110334,0.0,0.0,0.0,592.35
7,11,4,0,,,,5.853083,0.0,0.0,0.0,586.01
7,12,4,0,,,,6.1186666,0.0,0.0,0.0,666.24
7,13,4,0,,,,4.97815,0.0,0.0,0.0,641.59
7,14,4,0,,,,4.0291834,0.0,0.0,0.0,723.97
7,15,4,0,,,,3.79665,0.0,0.0,0.0,663.62
7,16,4,0,,,,3.40205,0.0,0.0,0.0,540.39
7,17,4,0,,,,2.5564833,0.0,0.0,0.0,395.86
7,18,4,0,,,,2.7999167,0.0,0.0,0.0,207.82
7,19,4,0,,,,2.1946,0.0,0.0,0.0,56.89
7,20,4,0,,,,1.2095166,0.0,0.0,0.0,21.01
7,21,4,0,,,,2.2780333,0.0,0.0,0.0,0.0
7,22,4,0,,,,1.7647333,0.0,0.0,0.0,0.0
7,23,4,0,,,,2.83575,0.0,0.0,0.0,0.0
7,24,4,0,,,,0.74279165,0.0,0.0,0.0,0.0
7,1,5,0,,,,2.9705334,0.0,0.0,0.0,0.0
7,2,5,0,,,,1.75905,0.0,0.0,0.0,0.0
7,3,5,0,,,,1.74725,0.0,0.0,0.0,0.0
7,4,5,0,,,,1.5871834,0.0,0.0,0.0,0.0
7,5,5,0,,,,1.46955,0.0,0.0,0.0,0.0
7,6,5,0,,,,0.60335,0.0,0.0,0.0,1.21
7,7,5,0,,,,3.59465,0.0,0.0,0.0,10.1
7,8,5,0,,,,1.9351333,0.0,0.0,0.0,231.17
7,9,5,0,,,,3.5253668,0.0,0.0,0.0,304.44
7,10,5,0,,,,2.6400666,0.0,0.0,0.0,578.77
7,11,5,0,,,,5.1629,0.0,0.0,0.0,76.96
7,12,5,0,,,,4.076783,0.0,0.0,0.0,173.37
7,13,5,0,,,,5.573633,0.0,0.0,0.0,520.47
7,14,5,0,,,,4.2624,0.0,0.0,0.0,461.3
7,15,5,0,,,,4.533117,0.0,0.0,0.0,662.5
7,16,5,0,,,,4.5099,0.0,0.0,0.0,281.98
7,17,5,0,,,,3.9805167,0.0,0.0,0.0,157.07
7,18,5,0,,,,4.13845,0.0,0.0,0.0,113.83
7,19,5,0,,,,4.0312166,0.0,0.0,0.0,5.9
7,20,5,0,,,,1.4176667,0.0,0.0,0.0,0.45
7,21,5,0,,,,2.5919166,0.0,0.0,0.0,0.0
7,22,5,0,,,,3.58855,0.0,0.0,0.0,0.0
7,23,5,0,,,,3.3812332,0.0,0.0,0.0,0.0
7,24,5,0,,,,0.99756664,0.0,0.0,0.0,0.0
7,1,6,0,,,,2.7346168,0.0,0.0,0.0,0.0
7,2,6,0,,,,0.7484667,0.0,0.0,0.0,0.0
7,3,6,0,,,,3.2101166,0.0,0.0,0.0,0.0
7,4,6,0,,,,0.82425,0.0,0.0,0.0,0.0
7,5,6,0,,,,1.4384333,0.0,0.0,0.0,0.0
7,6,6,0,,,,1.82815,0.0,0.0,0.0,1.22
7,7,6,0,,,,2.1779833,0.0,0.0,0.0,8.34
7,8,6,0,,,,3.2498,0.0,0.0,0.0,43.51
7,9,6,0,,,,3.4058166,0.0,0.0,0.0,193.25
7,10,6,0,,,,3.8453166,0.0,0.0,0.0,566.62
7,11,6,0,,,,4.4992166,0.0,0.0,0.0,517.35
7,12,6,0,,,,4.914883,0.0,0.0,0.0,421.59
7,13,6,0,,,,4.3911333,0.0,0.0,0.0,513.75
7,14,6,0,,,,2.23555,0.0,0.0,0.0,514.16
7,15,6,0,,,,2.3526666,0.0,0.0,0.0,133.07
7,16,6,0,,,,2.9864,0.0,0.0,0.0,323.88
7,17,6,0,,,,2.3877,0.0,0.0,0.0,272.93
7,18,6,0,,,,3.3851166,0.0,0.0,0.0,160.49
7,19,6,0,,,,2.81695,0.0,0.0,0.0,72.47
7,20,6,0,,,,1.59595,0.0,0.0,0.0,20.61
7,21,6,0,,,,0.5866,0.0,0.0,0.0,0.0
7,22,6,0,,,,2.73435,0.0,0.0,0.0,0.0
7,23,6,0,,,,1.6034666,0.0,0.0,0.0,0.0
7,24,6,0,,,,1.7445667,0.0,0.0,0.0,0.0
7,1,7,0,,,,1.3279333,0.0,0.0,0.0,0.0
7,2,7,0,,,,2.8341,0.0,0.0,0.0,0.0
7,3,7,0,,,,1.0568833,0.0,0.0,0.0,0.0
7,4,7,0,,,,1.2044667,0.0,0.0,0.0,0.0
7,5,7,0,,,,1.66085,0.0,0.0,0.0,0.0
7,6,7,0,,,,1.3897333,0.0,0.0,0.0,19.27
7,7,7,0,,,,2.8073168,0.0,0.0,0.0,87.63
7,8,7,0,,,,2.62365,0.0,0.0,0.0,268.44
7,9,7,0,,,,3.7195168,0.0,0.0,0.0,429.86
7,10,7,0,,,,2.1409667,0.0,0.0,0.0,570.93
7,11,7,0,,,,4.200917,0.0,0.0,0.0,692.09
7,12,7,0,,,,3.30735,0.0,0.0,0.0,699.43
7,13,7,0,,,,5.14275,0.0,0.0,0.0,416.54
7,14,7,0,,,,3.7071333,0.0,0.0,0.0,661.77
7,15,7,0,,,,2.34165,0.0,0.0,0.0,555.9
7,16,7,0,,,,3.7417333,0.0,0.0,0.0,484.29
7,17,7,0,,,,3.8789833,0.0,0.0,0.0,227.48
7,18,7,0,,,,3.3846667,0.0,0.0,0.0,199.43
7,19,7,0,,,,3.55565,0.0,0.0,0.0,51.5
7,20,7,0,,,,0.28383338,0.0,0.0,0.0,16.29
7,21,7,0,,,,1.5596833,0.0,0.0,0.0,0.0
7,22,7,0,,,,1.8558167,0.0,0.0,0.0,0.0
7,23,7,0,,,,1.7416834,0.0,0.0,0.0,0.0
7,24,7,0,,,,2.4191666,0.0,0.0,0.0,0.0
7,1,1,0,,,,0.8219333,0.0,0.0,0.0,0.0
7,2,1,0,,,,2.1868334,0.0,0.0,0.0,0.0
7,3,1,0,,,,0.9088,0.0,0.0,0.0,0.0
7,4,1,0,,,,2.8121166,0.0,0.0,0.0,0.0
7,5,1,0,,,,1.19025,0.0,0.0,0.0,0.0
7,6,1,0,,,,2.0038834,0.0,0.0,0.0,30.79
7,7,1,0,,,,1.7912834,0.0,0.0,0.0,35.45
7,8,1,0,,,,1.8649833,0.0,0.0,0.0,194.93
7,9,1,0,,,,2.3137667,0.0,0.0,0.0,70.24
7,10,1,0,,,,3.8773167,0.0,0.0,0.0,157.14
7,11,1,0,,,,3.9726167,0.0,0.0,0.0,220.7
7,12,1,0,,,,4.3602166,0.0,0.0,0.0,721.58
7,13,1,0,,,,4.2446833,0.0,0.0,0.0,602.41
7,14,1,0,,,,3.0562,0.0,0.0,0.0,426.88
7,15,1,0,,,,3.8812666,0.0,0.0,0.0,314.24
7,16,1,0,,,,4.139233,0.0,0.0,0.0,431.08
7,17,1,0,,,,3.7905333,0.0,0.0,0.0,284.86
7,18,1,0,,,,3.5194833,0.0,0.0,0.0,109.57
7,19,1,0,,,,3.2603166,0.0,0.0,0.0,72.61
7,20,1,0,,,,0.9738167,0.0,0.0,0.0,20.26
7,21,1,0,,,,0.8197501,0.0,0.0,0.0,0.0
7,22,1,0,,,,3.6042833,0.0,0.0,0.0,0.0
7,23,1,0,,,,2.6970832,0.0,0.0,0.0,0.0
7,24,1,0,,,,1.828,0.0,0.0,0.0,0.0
7,1,2,0,,,,1.8695333,0.0,0.0,0.0,0.0
7,2,2,0,,,,1.8228166,0.0,0.0,0.0,0.0
7,3,2,0,,,,1.1472,0.0,0.0,0.0,0.0
7,4,2,0,,,,1.3336834,0.0,0.0,0.0,0.0
7,5,2,0,,,,1.4905334,0.0,0.0,0.0,0.0
7,6,2,0,,,,1.3934833,0.0,0.0,0.0,0.87
7,7,2,0,,,,1.7424333,0.0,0.0,0.0,8.51
7,8,2,0,,,,2.5043666,0.0,0.0,0.0,33.76
7,9,2,0,,,,1.9281,0.0,0.0,0.0,128.24
7,10,2,0,,,,2.6663833,0.0,0.0,0.0,245.13
7,11,2,0,,,,4.63705,0.0,0.0,0.0,432.39
7,12,2,0,,,,5.5997667,0.0,0.0,0.0,542.47
7,13,2,0,,,,6.7496166,0.0,0.0,0.0,439.91
7,14,2,0,,,,4.6162667,0.0,0.0,0.0,282.27
7,15,2,0,,,,4.0024834,0.0,0.0,0.0,259.16
7,16,2,0,,,,3.8932667,0.0,0.0,0.0,262.77
7,17,2,0,,,,2.8199666,0.0,0.0,0.0,265.21
7,18,2,0,,,,2.9879832,0.0,0.0,0.0,186.14
7,19,2,0,,,,3.6443834,0.0,0.0,0.0,15.22
7,20,2,0,,,,1.2623,0.0,0.0,0.0,20.31
7,21,2,0,,,,1.27555,0.0,0.0,0.0,0.0
7,22,2,0,,,,2.1133332,0.0,0.0,0.0,0.0
7,23,2,0,,,,2.2960167,0.0,0.0,0.0,0.0
7,24,2,0,,,,0.5753667,0.0,0.0,0.0,0.0
7,1,3,0,,,,2.0845,0.0,0.0,0.0,0.0
7,2,3,0,,,,0.54455,0.0,0.0,0.0,0.0
7,3,3,0,,,,0.61771667,0.0,0.0,0.0,0.0
7,4,3,0,,,,0.94128335,0.0,0.0,0.0,0.0
7,5,3,0,,,,1.9508667,0.0,0.0,0.0,0.0
7,6,3,0,,,,1.9511334,0.0,0.0,0.0,28.73
7,7,3,0,,,,0.72111666,0.0,0.0,0.0,67.63
7,8,3,0,,,,1.6649166,0.0,0.0,0.0,68.28
7,9,3,0,,,,3.64375,0.0,0.0,0.0,303.87
7,10,3,0,,,,2.37015,0.0,0.0,0.0,451.04
7,11,3,0,,,,3.79975,0.0,0.0,0.0,628.65
7,12,3,0,,,,5.2686834,0.0,0.0,0.0,275.63
7,13,3,0,,,,3.7223167,0.0,0.0,0.0,377.22
7,14,3,0,,,,3.8161,0.0,0.0,0.0,120.49
7,15,3,0,,,,3.5264,0.0,0.0,0.0,463.98
7,16,3,0,,,,3.6533167,0.0,0.0,0.0,414.6
7,17,3,0,,,,3.9172168,0.0,0.0,0.0,385.21
7,18,3,0,,,,2.1105,0.0,0.0,0.0,53.65
7,19,3,0,,,,3.8405166,0.0,0.0,0.0,56.4
7,20,3,0,,,,1.8280833,0.0,0.0,0.0,18.85
7,21,3,0,,,,1.13555,0.0,0.0,0.0,0.0
7,22,3,0,,,,2.8932,0.0,0.0,0.0,0.0
7,23,3,0,,,,0.9716167,0.0,0.0,0.0,0.0
7,24,3,0,,,,2.0288334,0.0,0.0,0.0,0.0
7,1,4,0,,,,1.2592,0.0,0.0,0.0,0.0
7,2,4,0,,,,0.6158,0.0,0.0,0.0,0.0
7,3,4,0,,,,0.5533,0.0,0.0,0.0,0.0
7,4,4,0,,,,0.65825,0.0,0.0,0.0,0.0
7,5,4,0,,,,2.1937,0.0,0.0,0.0,0.0
7,6,4,0,,,,0.77716666,0.0,0.0,0.0,28.74
7,7,4,0,,,,1.0429833,0.0,0.0,0.0,87.97
7,8,4,0,,,,2.79835,0.0,0.0,0.0,259.86
7,9,4,0,,,,1.3778334,0.0,0.0,0.0,428.57
7,10,4,0,,,,3.2499166,0.0,0.0,0.0,587.78
7,11,4,0,,,,3.16855,0.0,0.0,0.0,667.11
7,12,4,0,,,,2.7364333,0.0,0.0,0.0,707.14
7,13,4,0,,,,4.1513834,0.0,0.0,0.0,712.05
7,14,4,0,,,,2.5071166,0.0,0.0,0.0,682.24
7,15,4,0,,,,2.9497833,0.0,0.0,0.0,502.6
7,16,4,0,,,,2.2839668,0.0,0.0,0.0,540.49
7,17,4,0,,,,3.8606668,0.0,0.0,0.0,252.56
7,18,4,0,,,,4.192567,0.0,0.0,0.0,190.82
7,19,4,0,,,,3.5204666,0.0,0.0,0.0,48.61
7,20,4,0,,,,0.48444173,0.0,0.0,0.0,18.64
7,21,4,0,,,,0.6124834,0.0,0.0,0.0,0.0
7,22,4,0,,,,3.0904834,0.0,0.0,0.0,0.0
7,23,4,0,,,,0.70741665,0.0,0.0,0.0,0.0
7,24,4,0,,,,0.5474833,0.0,0.0,0.0,0.0
7,1,5,0,,,,0.5804833,0.0,0.0,0.0,0.0
7,2,5,0,,,,2.01915,0.0,0.0,0.0,0.0
7,3,5,0,,,,0.8057,0.0,0.0,0.0,0.0
7,4,5,0,,,,0.5369667,0.0,0.0,0.0,0.0
7,5,5,0,,,,0.5276,0.0,0.0,0.0,0.0
7,6,5,0,,,,0.65535,0.0,0.0,0.0,3.51
7,7,5,0,,,,1.2716666,0.0,0.0,0.0,49.78
7,8,5,0,,,,3.9193332,0.0,0.0,0.0,94.9
7,9,5,0,,,,0.97535,0.0,0.0,0.0,331.24
7,10,5,0,,,,3.5275834,0.0,0.0,0.0,553.51
7,11,5,0,,,,2.8075666,0.0,0.0,0.0,669.94
7,12,5,0,,,,4.2938333,0.0,0.0,0.0,511.84
7,13,5,0,,,,2.8935168,0.0,0.0,0.0,289.31
7,14,5,0,,,,3.1524,0.0,0.0,0.0,49.37
7,15,5,0,,,,1.7081333,0.0,0.0,0.0,39.27
7,16,5,0,,,,2.1092167,0.0,0.0,0.0,164.84
7,17,5,0,,,,1.9777334,0.0,0.0,0.0,66.78
7,18,5,0,,,,2.31,0.0,0.0,0.0,182.02
7,19,5,0,,,,1.78085,0.0,0.0,0.0,68.23
7,20,5,0,,,,0.5300667,0.0,0.0,0.0,17.6
7,21,5,0,,,,1.4172167,0.0,0.0,0.0,0.0
7,22,5,0,,,,3.1986334,0.0,0.0,0.0,0.0
7,23,5,0,,,,3.5635293,0.0,0.0,0.0,0.0
7,24,5,0,,,,2.2743833,0.0,0.0,0.0,0.0
7,1,6,0,,,,2.2524667,0.0,0.0,0.0,0.0
7,2,6,0,,,,1.2659167,0.0,0.0,0.0,0.0
7,3,6,0,,,,0.8413917,0.0,0.0,0.0,0.0
7,4,6,0,,,,2.4268167,0.0,0.0,0.0,0.0
7,5,6,0,,,,0.59008336,0.0,0.0,0.0,0.0
7,6,6,0,,,,0.55508333,0.0,0.0,0.0,0.85
7,7,6,0,,,,1.5901834,0.0,0.0,0.0,7.8
7,8,6,0,,,,1.8132334,0.0,0.0,0.0,27.6
7,9,6,0,,,,1.75585,0.0,0.0,0.0,89.49
7,10,6,0,,,,3.3933334,0.0,0.0,0.0,98.36
7,11,6,0,,,,3.4893167,0.0,0.0,0.0,185.01
7,12,6,0,,,,3.6191,0.0,0.0,0.0,129.13
7,13,6,0,,,,4.8284335,0.0,0.0,0.0,106.53
7,14,6,0,,,,4.0333667,0.0,0.0,0.0,140.36
7,15,6,0,,,,2.2392833,0.0,0.0,0.0,357.76
7,16,6,0,,,,3.3357832,0.0,0.0,0.0,162.26
7,17,6,0,,,,2.0816333,0.0,0.0,0.0,164.05
7,18,6,0,,,,2.93265,0.0,0.0,0.0,186.08
7,19,6,0,,,,1.0303833,0.0,0.0,0.0,69.32
7,20,6,0,,,,0.44195002,0.0,0.0,0.0,17.61
7,21,6,0,,,,0.7770501,0.0,0.0,0.0,0.0
7,22,6,0,,,,1.7260333,0.0,0.0,0.0,0.0
7,23,6,0,,,,1.81595,0.0,0.0,0.0,0.0
7,24,6,0,,,,1.861775,0.0,0.0,0.0,0.0
7,1,7,0,,,,1.66925,0.0,0.0,0.0,0.0
7,2,7,0,,,,0.74161667,0.0,0.0,0.0,0.0
7,3,7,0,,,,1.9682,0.0,0.0,0.0,0.0
7,4,7,0,,,,0.56118333,0.0,0.0,0.0,0.0
7,5,7,0,,,,1.8626833,0.0,0.0,0.0,0.0
7,6,7,0,,,,0.5811333,0.0,0.0,0.0,0.87
7,7,7,0,,,,1.2473167,0.0,0.0,0.0,82.73
7,8,7,0,,,,1.1674167,0.0,0.0,0.0,254.03
7,9,7,0,,,,0.7169167,0.0,0.0,0.0,436.02
7,10,7,0,,,,2.2340167,0.0,0.0,0.0,600.67
7,11,7,0,,,,2.7695334,0.0,0.0,0.0,694.26
7,12,7,0,,,,2.5732334,0.0,0.0,0.0,746.07
7,13,7,0,,,,3.1738167,0.0,0.0,0.0,776.64
7,14,7,0,,,,3.18575,0.0,0.0,0.0,748.24
7,15,7,0,,,,3.7236333,0.0,0.0,0.0,659.69
7,16,7,0,,,,4.1327667,0.0,0.0,0.0,424.99
7,17,7,0,,,,3.7991166,0.0,0.0,0.0,313.27
7,18,7,0,,,,3.4312167,0.0,0.0,0.0,38.85
7,19,7,0,,,,3.2771666,0.0,0.0,0.0,47.77
7,20,7,0,,,,0.5901834,0.0,0.0,0.0,17.36
7,21,7,0,,,,0.48433337,0.0,0.0,0.0,0.0
7,22,7,0,,,,2.0248833,0.0,0.0,0.0,0.0
7,23,7,0,,,,3.2200334,0.0,0.0,0.0,0.0
7,24,7,0,,,,2.0833,0.0,0.0,0.0,0.0
7,1,1,0,,,,1.05035,0.0,0.0,0.0,0.0
7,2,1,0,,,,0.6714,0.0,0.0,0.0,0.0
7,3,1,0,,,,2.47575,0.0,0.0,0.0,0.0
7,4,1,0,,,,0.73371667,0.0,0.0,0.0,0.0
7,5,1,0,,,,0.9846333,0.0,0.0,0.0,0.0
7,6,1,0,,,,0.6285833,0.0,0.0,0.0,0.49
7,7,1,0,,,,2.52015,0.0,0.0,0.0,7.79
7,8,1,0,,,,0.9395667,0.0,0.0,0.0,37.04
7,9,1,0,,,,3.56255,0.0,0.0,0.0,33.23
7,10,1,0,,,,2.03775,0.0,0.0,0.0,53.35
7,11,1,0,,,,4.241717,0.0,0.0,0.0,698.47
7,12,1,0,,,,3.85395,0.0,0.0,0.0,463.66
7,13,1,0,,,,4.7157,0.0,0.0,0.0,598.32
7,14,1,0,,,,3.81285,0.0,0.0,0.0,446.51
7,15,1,0,,,,3.844,0.0,0.0,0.0,618.84
7,16,1,0,,,,3.1137667,0.0,0.0,0.0,129.37
7,17,1,0,,,,3.8111,0.0,0.0,0.0,215.72
7,18,1,0,,,,3.0830667,0.0,0.0,0.0,143.62
7,19,1,0,,,,1.3174833,0.0,0.0,0.0,17.75
7,20,1,0,,,,1.0402666,0.0,0.0,0.0,13.37
7,21,1,0,,,,1.7745833,0.0,0.0,0.0,0.0
7,22,1,0,,,,4.3290167,0.0,0.0,0.0,0.0
7,23,1,0,,,,2.2029333,0.0,0.0,0.0,0.0
7,24,1,0,,,,1.3265,0.0,0.0,0.0,0.0
7,1,2,0,,,,1.5671166,0.0,0.0,0.0,0.0
7,2,2,0,,,,1.2023667,0.0,0.0,0.0,0.0
7,3,2,0,,,,1.2130166,0.0,0.0,0.0,0.0
7,4,2,0,,,,1.3104666,0.0,0.0,0.0,0.0
7,5,2,0,,,,1.0697334,0.0,0.0,0.0,0.0
7,6,2,0,,,,1.1277333,0.0,0.0,0.0,0.51
7,7,2,0,,,,1.80405,0.0,0.0,0.0,91.1
7,8,2,0,,,,3.5967667,0.0,0.0,0.0,245.14
7,9,2,0,,,,3.11375,0.0,0.0,0.0,430.95
7,10,2,0,,,,2.59685,0.0,0.0,0.0,562.4
7,11,2,0,,,,4.1036,0.0,0.0,0.0,670.32
7,12,2,0,,,,3.6992333,0.0,0.0,0.0,555.84
7,13,2,0,,,,3.8748667,0.0,0.0,0.0,304.63
7,14,2,0,,,,3.1594834,0.0,0.0,0.0,754.45
7,15,2,0,,,,3.69395,0.0,0.0,0.0,488.89
7,16,2,0,,,,2.9086,0.0,0.0,0.0,458.91
7,17,2,0,,,,3.0349166,0.0,0.0,0.0,334.04
7,18,2,0,,,,2.8133166,0.0,0.0,0.0,159.79
7,19,2,0,,,,3.9902833,0.0,0.0,0.0,50.36
7,20,2,0,,,,0.8096667,0.0,0.0,0.0,16.88
7,21,2,0,,,,2.30385,0.0,0.0,0.0,0.0
7,22,2,0,,,,3.7274833,0.0,0.0,0.0,0.0
7,23,2,0,,,,1.8104833,0.0,0.0,0.0,0.0
7,24,2,0,,,,2.0199084,0.0,0.0,0.0,0.0
7,1,3,0,,,,0.7179,0.0,0.0,0.0,0.0
7,2,3,0,,,,1.0790167,0.0,0.0,0.0,0.0
7,3,3,0,,,,1.1325333,0.0,0.0,0.0,0.0
7,4,3,0,,,,1.2647166,0.0,0.0,0.0,0.0
7,5,3,0,,,,2.5573,0.0,0.0,0.0,0.0
7,6,3,0,,,,0.9361167,0.0,0.0,0.0,8.8
7,7,3,0,,,,1.5326,0.0,0.0,0.0,84.45
7,8,3,0,,,,2.0319667,0.0,0.0,0.0,253.5
7,9,3,0,,,,2.6797667,0.0,0.0,0.0,439.39
7,10,3,0,,,,2.6871,0.0,0.0,0.0,605.75
7,11,3,0,,,,3.3960166,0.0,0.0,0.0,708.68
7,12,3,0,,,,3.9914834,0.0,0.0,0.0,660.23
7,13,3,0,,,,2.91125,0.0,0.0,0.0,558.13
7,14,3,0,,,,2.707675,0.0,0.0,0.0,512.26
7,15,3,0,,,,3.0208333,0.0,0.0,0.0,365.76
7,16,3,0,,,,3.0993834,0.0,0.0,0.0,195.03
7,17,3,0,,,,3.3293166,0.0,0.0,0.0,290.03
7,18,3,0,,,,3.8608,0.0,0.0,0.0,203.92
7,19,3,0,,,,2.9305334,0.0,0.0,0.0,41.81
7,20,3,0,,,,0.6388667,0.0,0.0,0.0,16.02
7,21,3,0,,,,2.4569666,0.0,0.0,0.0,0.0
7,22,3,0,,,,2.2428668,0.0,0.0,0.0,0.0
7,23,3,0,,,,1.4223583,0.0,0.0,0.0,0.0
7,24,3,0,,,,1.6516833,0.0,0.0,0.0,0.0
7,1,4,0,,,,2.3430166,0.0,0.0,0.0,0.0
7,2,4,0,,,,2.3126333,0.0,0.0,0.0,0.0
7,3,4,0,,,,0.78571665,0.0,0.0,0.0,0.0
7,4,4,0,,,,0.88026667,0.0,0.0,0.0,0.0
7,5,4,0,,,,0.8578333,0.0,0.0,0.0,0.0
7,6,4,0,,,,2.35345,0.0,0.0,0.0,10.57
7,7,4,0,,,,1.3873833,0.0,0.0,0.0,83.9
7,8,4,0,,,,2.8502667,0.0,0.0,0.0,242.42
7,9,4,0,,,,2.1692333,0.0,0.0,0.0,421.66
7,10,4,0,,,,4.264217,0.0,0.0,0.0,575.06
7,11,4,0,,,,3.0515,0.0,0.0,0.0,654.92
7,12,4,0,,,,4.55715,0.0,0.0,0.0,628.97
7,13,4,0,,,,4.218233,0.0,0.0,0.0,642.21
7,14,4,0,,,,2.8022332,0.0,0.0,0.0,594.14
7,15,4,0,,,,2.6104167,0.0,0.0,0.0,424.9
7,16,4,0,,,,2.6454833,0.0,0.0,0.0,523.15
7,17,4,0,,,,2.96555,0.0,0.0,0.0,366.68
7,18,4,0,,,,2.8266666,0.0,0.0,0.0,197.05
7,19,4,0,,,,2.2970834,0.0,0.0,0.0,46.23
7,20,4,0,,,,0.38645002,0.0,0.0,0.0,14.59
7,21,4,0,,,,0.19281672,0.0,0.0,0.0,0.0
7,22,4,0,,,,2.31185,0.0,0.0,0.0,0.0
7,23,4,0,,,,1.8157333,0.0,0.0,0.0,0.0
7,24,4,0,,,,1.8636167,0.0,0.0,0.0,0.0
7,1,5,0,,,,2.2210667,0.0,0.0,0.0,0.0
7,2,5,0,,,,0.71063334,0.0,0.0,0.0,0.0
7,3,5,0,,,,1.08995,0.0,0.0,0.0,0.0
7,4,5,0,,,,0.86866665,0.0,0.0,0.0,0.0
7,5,5,0,,,,0.7928,0.0,0.0,0.0,0.0
7,6,5,0,,,,0.96718335,0.0,0.0,0.0,0.15
7,7,5,0,,,,2.5139167,0.0,0.0,0.0,6.55
7,8,5,0,,,,1.9435166,0.0,0.0,0.0,149.62
7,9,5,0,,,,2.0170667,0.0,0.0,0.0,369.34
7,10,5,0,,,,3.7393668,0.0,0.0,0.0,478.35
7,11,5,0,,,,3.0386167,0.0,0.0,0.0,643.36
7,12,5,0,,,,4.174033,0.0,0.0,0.0,696.16
7,13,5,0,,,,3.5747,0.0,0.0,0.0,599.73
7,14,5,0,,,,2.2063832,0.0,0.0,0.0,435.01
7,15,5,0,,,,2.9683332,0.0,0.0,0.0,289.92
7,16,5,0,,,,2.4050167,0.0,0.0,0.0,73.44
7,17,5,0,,,,2.7825668,0.0,0.0,0.0,38.4
7,18,5,0,,,,2.7582166,0.0,0.0,0.0,83.52
7,19,5,0,,,,2.1281667,0.0,0.0,0.0,44.84
7,20,5,0,,,,0.8378167,0.0,0.0,0.0,14.55
7,21,5,0,,,,0.44393334,0.0,0.0,0.0,0.0
7,22,5,0,,,,1.93295,0.0,0.0,0.0,0.0
7,23,5,0,,,,1.8765833,0.0,0.0,0.0,0.0
7,24,5,0,,,,3.4650834,0.0,0.0,0.0,0.0
7,1,6,0,,,,1.5812666,0.0,0.0,0.0,0.0
7,2,6,0,,,,1.1573334,0.0,0.0,0.0,0.0
7,3,6,0,,,,1.3010167,0.0,0.0,0.0,0.0
7,4,6,0,,,,1.5076333,0.0,0.0,0.0,0.0
7,5,6,0,,,,1.7675166,0.0,0.0,0.0,0.0
7,6,6,0,,,,1.41165,0.0,0.0,0.0,0.14
7,7,6,0,,,,1.1283333,0.0,0.0,0.0,79.93
7,8,6,0,,,,2.0224166,0.0,0.0,0.0,177.99
7,9,6,0,,,,3.3829668,0.0,0.0,0.0,250.03
7,10,6,0,,,,2.1177666,0.0,0.0,0.0,99.66
7,11,6,0,,,,3.61685,0.0,0.0,0.0,156.36
7,12,6,0,,,,3.3824,0.0,0.0,0.0,192.65
7,13,6,0,,,,3.8898833,0.0,0.0,0.0,176.29
7,14,6,0,,,,3.1257834,0.0,0.0,0.0,538.78
7,15,6,0,,,,3.4294333,0.0,0.0,0.0,578.98
7,16,6,0,,,,3.7489667,0.0,0.0,0.0,381.67
7,17,6,0,,,,3.3489666,0.0,0.0,0.0,231.99
7,18,6,0,,,,3.3630667,0.0,0.0,0.0,186.69
7,19,6,0,,,,3.2198668,0.0,0.0,0.0,55.26
7,20,6,0,,,,0.6821834,0.0,0.0,0.0,11.97
7,21,6,0,,,,1.1321,0.0,0.0,0.0,0.0
7,22,6,0,,,,2.1361833,0.0,0.0,0.0,0.0
7,23,6,0,,,,2.6881,0.0,0.0,0.0,0.0
7,24,6,0,,,,2.6240916,0.0,0.0,0.0,0.0
7,1,7,0,,,,1.8103334,0.0,0.0,0.0,0.0
7,2,7,0,,,,1.5694667,0.0,0.0,0.0,0.0
7,3,7,0,,,,1.0436333,0.0,0.0,0.0,0.0
7,4,7,0,,,,1.2143834,0.0,0.0,0.0,0.0
7,5,7,0,,,,1.1259333,0.0,0.0,0.0,0.0
7,6,7,0,,,,1.6699834,0.0,0.0,0.0,2.05
7,7,7,0,,,,1.2233334,0.0,0.0,0.0,6.57
7,8,7,0,,,,2.9607,0.0,0.0,0.0,139.54
7,9,7,0,,,,2.2454,0.0,0.0,0.0,335.52
7,10,7,0,,,,2.6435833,0.0,0.0,0.0,328.64
7,11,7,0,,,,3.26805,0.0,0.0,0.0,631.75
7,12,7,0,,,,3.59435,0.0,0.0,0.0,676.12
7,13,7,0,,,,3.394,0.0,0.0,0.0,717.78
7,14,7,0,,,,2.89565,0.0,0.0,0.0,621.32
7,15,7,0,,,,3.1755333,0.0,0.0,0.0,533.78
7,16,7,0,,,,2.2982666,0.0,0.0,0.0,459.74
7,17,7,0,,,,2.4569666,0.0,0.0,0.0,299.62
7,18,7,0,,,,3.3671167,0.0,0.0,0.0,183.9
7,19,7,0,,,,3.3670166,0.0,0.0,0.0,43.21
7,20,7,0,,,,0.68023336,0.0,0.0,0.0,12.52
7,21,7,0,,,,0.81335,0.0,0.0,0.0,0.0
7,22,7,0,,,,2.0029333,0.0,0.0,0.0,0.0
7,23,7,0,,,,1.6931,0.0,0.0,0.0,0.0
7,24,7,0,,,,2.0105417,0.0,0.0,0.0,0.0
7,1,1,0,,,,1.6387167,0.0,0.0,0.0,0.0
7,2,1,0,,,,1.4589666,0.0,0.0,0.0,0.0
7,3,1,0,,,,1.1812834,0.0,0.0,0.0,0.0
7,4,1,0,,,,1.1749667,0.0,0.0,0.0,0.0
7,5,1,0,,,,0.8987167,0.0,0.0,0.0,0.0
7,6,1,0,,,,0.89135,0.0,0.0,0.0,0.15
7,7,1,0,,,,0.94558334,0.0,0.0,0.0,6.61
7,8,1,0,,,,1.8216166,0.0,0.0,0.0,55.6
7,9,1,0,,,,2.4397166,0.0,0.0,0.0,221.76
7,10,1,0,,,,2.5727167,0.0,0.0,0.0,431.8
7,11,1,0,,,,1.95115,0.0,0.0,0.0,496.69
7,12,1,0,,,,1.6963834,0.0,0.0,0.0,571.61
7,13,1,0,,,,1.6947167,0.0,0.0,0.0,640.37
7,14,1,0,,,,1.9169,0.0,0.0,0.0,525.91
7,15,1,0,,,,3.4382167,0.0,0.0,0.0,441.14
7,16,1,0,,,,3.40255,0.0,0.0,0.0,432.56
7,17,1,0,,,,2.2753,0.0,0.0,0.0,376.76
7,18,1,0,,,,2.8332334,0.0,0.0,0.0,190.36
7,19,1,0,,,,3.0789833,0.0,0.0,0.0,54.68
7,20,1,0,,,,2.3047333,0.0,0.0,0.0,12.57
7,21,1,0,,,,2.3625333,0.0,0.0,0.0,0.0
7,22,1,0,,,,1.9948833,0.0,0.0,0.0,0.0
7,23,1,0,,,,1.9127834,0.0,0.0,0.0,0.0
7,24,1,0,,,,1.4172333,0.0,0.0,0.0,0.0
7,1,2,0,,,,1.52275,0.0,0.0,0.0,0.0
7,2,2,0,,,,1.5909,0.0,0.0,0.0,0.0
7,3,2,0,,,,1.3659333,0.0,0.0,0.0,0.0
7,4,2,0,,,,1.0938667,0.0,0.0,0.0,0.0
7,5,2,0,,,,1.79625,0.0,0.0,0.0,0.0
7,6,2,0,,,,1.87635,0.0,0.0,0.0,0.84
7,7,2,0,,,,0.6030167,0.0,0.0,0.0,80.72
7,8,2,0,,,,2.2279832,0.0,0.0,0.0,236.0
7,9,2,0,,,,1.8347666,0.0,0.0,0.0,419.0
7,10,2,0,,,,2.4124167,0.0,0.0,0.0,545.85
7,11,2,0,,,,2.4078667,0.0,0.0,0.0,618.07
7,12,2,0,,,,3.9864666,0.0,0.0,0.0,705.62
7,13,2,0,,,,4.9108167,0.0,0.0,0.0,749.85
7,14,2,0,,,,3.1259334,0.0,0.0,0.0,739.74
7,15,2,0,,,,2.8106833,0.0,0.0,0.0,643.79
7,16,2,0,,,,3.1400833,0.0,0.0,0.0,303.18
7,17,2,0,,,,3.2817833,0.0,0.0,0.0,34.67
7,18,2,0,,,,3.40285,0.0,0.0,0.0,187.27
7,19,2,0,,,,3.1068833,0.0,0.0,0.0,54.9
7,20,2,0,,,,0.8585167,0.0,0.0,0.0,0.0
7,21,2,0,,,,2.4931834,0.0,0.0,0.0,0.0
7,22,2,0,,,,3.4092834,0.0,0.0,0.0,0.0
7,23,2,0,,,,2.1908333,0.0,0.0,0.0,0.0
7,24,2,0,,,,1.513725,0.0,0.0,0.0,0.0
7,1,3,0,,,,1.8273833,0.0,0.0,0.0,0.0
7,2,3,0,,,,1.4953,0.0,0.0,0.0,0.0
7,3,3,0,,,,0.48893332,0.0,0.0,0.0,0.0
7,4,3,0,,,,1.48775,0.0,0.0,0.0,0.0
7,5,3,0,,,,0.60105,0.0,0.0,0.0,0.0
7,6,3,0,,,,1.7841667,0.0,0.0,0.0,0.0
7,7,3,0,,,,1.4815834,0.0,0.0,0.0,9.54
7,8,3,0,,,,2.6142833,0.0,0.0,0.0,32.27
7,9,3,0,,,,2.5721667,0.0,0.0,0.0,419.34
7,10,3,0,,,,3.0572,0.0,0.0,0.0,381.22
7,11,3,0,,,,3.49765,0.0,0.0,0.0,665.73
7,12,3,0,,,,3.3688667,0.0,0.0,0.0,713.68
7,13,3,0,,,,3.6674666,0.0,0.0,0.0,581.5
7,14,3,0,,,,2.5000167,0.0,0.0,0.0,506.12
7,15,3,0,,,,3.3190835,0.0,0.0,0.0,507.56
7,16,3,0,,,,2.7271,0.0,0.0,0.0,245.98
7,17,3,0,,,,2.8498,0.0,0.0,0.0,108.36
7,18,3,0,,,,2.1081,0.0,0.0,0.0,179.78
7,19,3,0,,,,2.5200667,0.0,0.0,0.0,55.98
7,20,3,0,,,,0.24145004,0.0,0.0,0.0,10.05
7,21,3,0,,,,0.47468334,0.0,0.0,0.0,0.0
7,22,3,0,,,,1.7633333,0.0,0.0,0.0,0.0
7,23,3,0,,,,1.4979666,0.0,0.0,0.0,0.0
7,24,3,0,,,,1.451,0.0,0.0,0.0,0.0
7,1,4,0,,,,1.6601833,0.0,0.0,0.0,0.0
7,2,4,0,,,,1.05465,0.0,0.0,0.0,0.0
7,3,4,0,,,,1.325,0.0,0.0,0.0,0.0
7,4,4,0,,,,0.5351167,0.0,0.0,0.0,0.0
7,5,4,0,,,,1.3162667,0.0,0.0,0.0,0.0
7,6,4,0,,,,0.49938333,0.0,0.0,0.0,0.85
7,7,4,0,,,,1.3880167,0.0,0.0,0.0,78.58
7,8,4,0,,,,1.0278,0.0,0.0,0.0,229.54
7,9,4,0,,,,2.2528625,0.0,0.0,0.0,412.26
7,10,4,0,,,,2.8318167,0.0,0.0,0.0,567.87
7,11,4,0,,,,3.11985,0.0,0.0,0.0,671.7
7,12,4,0,,,,4.121917,0.0,0.0,0.0,701.78
7,13,4,0,,,,4.1834335,0.0,0.0,0.0,666.17
7,14,4,0,,,,3.22625,0.0,0.0,0.0,549.17
7,15,4,0,,,,2.9086168,0.0,0.0,0.0,585.47
7,16,4,0,,,,2.24125,0.0,0.0,0.0,495.43
7,17,4,0,,,,2.0657167,0.0,0.0,0.0,359.23
7,18,4,0,,,,1.9262,0.0,0.0,0.0,183.92
7,19,4,0,,,,1.6875334,0.0,0.0,0.0,44.87
7,20,4,0,,,,0.8104334,0.0,0.0,0.0,9.44
7,21,4,0,,,,0.97076666,0.0,0.0,0.0,0.0
7,22,4,0,,,,1.7712584,0.0,0.0,0.0,0.0
7,23,4,0,,,,1.8244417,0.0,0.0,0.0,0.0
7,24,4,0,,,,1.9669583,0.0,0.0,0.0,0.0
7,1,5,0,,,,0.94225,0.0,0.0,0.0,0.0
7,2,5,0,,,,0.63733333,0.0,0.0,0.0,0.0
7,3,5,0,,,,0.5746667,0.0,0.0,0.0,0.0
7,4,5,0,,,,0.5793667,0.0,0.0,0.0,0.0
7,5,5,0,,,,1.8732667,0.0,0.0,0.0,0.0
7,6,5,0,,,,0.5953,0.0,0.0,0.0,3.43
7,7,5,0,,,,1.3016666,0.0,0.0,0.0,75.07
7,8,5,0,,,,2.9181333,0.0,0.0,0.0,203.72
7,9,5,0,,,,2.98025,0.0,0.0,0.0,393.62
7,10,5,0,,,,4.6797833,0.0,0.0,0.0,553.44
7,11,5,0,,,,4.29895,0.0,0.0,0.0,660.03
7,12,5,0,,,,4.0076666,0.0,0.0,0.0,738.38
7,13,5,0,,,,4.0340667,0.0,0.0,0.0,706.56
7,14,5,0,,,,3.4467332,0.0,0.0,0.0,638.19
7,15,5,0,,,,3.3109334,0.0,0.0,0.0,547.92
7,16,5,0,,,,3.0665,0.0,0.0,0.0,468.54
7,17,5,0,,,,3.7335,0.0,0.0,0.0,325.65
7,18,5,0,,,,3.5336332,0.0,0.0,0.0,183.26
7,19,5,0,,,,1.7446,0.0,0.0,0.0,49.5
7,20,5,0,,,,0.38075006,0.0,0.0,0.0,7.15
7,21,5,0,,,,0.15878338,0.0,0.0,0.0,0.0
7,22,5,0,,,,1.1796334,0.0,0.0,0.0,0.0
7,23,5,0,,,,2.7922666,0.0,0.0,0.0,0.0
7,24,5,0,,,,1.6557667,0.0,0.0,0.0,0.0
7,1,6,0,,,,1.3611333,0.0,0.0,0.0,0.0
7,2,6,0,,,,1.2160167,0.0,0.0,0.0,0.0
7,3,6,0,,,,1.4919667,0.0,0.0,0.0,0.0
7,4,6,0,,,,2.3074334,0.0,0.0,0.0,0.0
7,5,6,0,,,,1.9021167,0.0,0.0,0.0,0.0
7,6,6,0,,,,1.3237833,0.0,0.0,0.0,0.0
7,7,6,0,,,,2.7197332,0.0,0.0,0.0,72.59
7,8,6,0,,,,2.4593,0.0,0.0,0.0,207.69
7,9,6,0,,,,1.84885,0.0,0.0,0.0,229.31
7,10,6,0,,,,2.70965,0.0,0.0,0.0,501.67
7,11,6,0,,,,2.8769,0.0,0.0,0.0,533.53
7,12,6,0,,,,3.4081166,0.0,0.0,0.0,373.62
7,13,6,0,,,,3.4927332,0.0,0.0,0.0,356.12
7,14,6,0,,,,4.067567,0.0,0.0,0.0,217.8
7,15,6,0,,,,4.802883,0.0,0.0,0.0,573.26
7,16,6,0,,,,5.5832834,0.0,0.0,0.0,82.53
7,17,6,0,,,,4.63455,0.0,0.0,0.0,47.64
7,18,6,0,,,,4.1030664,0.0,0.0,0.0,118.6
7,19,6,0,,,,4.6734834,0.0,0.0,0.0,40.92
7,20,6,0,,,,1.2766,0.0,0.0,0.0,8.78
7,21,6,0,,,,3.5738332,0.0,0.0,0.0,0.0
7,22,6,0,,,,2.0837,0.0,0.0,0.0,0.0
7,23,6,0,,,,2.06675,0.0,0.0,0.0,0.0
7,24,6,0,,,,3.10945,0.0,0.0,0.0,0.0
7,1,7,0,,,,3.3968666,0.0,0.0,0.0,0.0
7,2,7,0,,,,1.244,0.0,0.0,0.0,0.0
7,3,7,0,,,,0.6178,0.0,0.0,0.0,0.0
7,4,7,0,,,,1.9457333,0.0,0.0,0.0,0.0
7,5,7,0,,,,0.60564584,0.0,0.0,0.0,0.0
7,6,7,0,,,,0.529375,0.0,0.0,0.0,0.0
7,7,7,0,,,,2.0865834,0.0,0.0,0.0,62.14
7,8,7,0,,,,0.79143333,0.0,0.0,0.0,13.56
7,9,7,0,,,,2.6254666,0.0,0.0,0.0,81.32
7,10,7,0,,,,1.9068667,0.0,0.0,0.0,193.14
7,11,7,0,,,,2.1077833,0.0,0.0,0.0,213.36
7,12,7,0,,,,3.16925,0.0,0.0,0.0,329.81
7,13,7,0,,,,3.6075168,0.0,0.0,0.0,566.46
7,14,7,0,,,,3.1906333,0.0,0.0,0.0,557.88
7,15,7,0,,,,2.8254,0.0,0.0,0.0,416.26
7,16,7,0,,,,2.0743167,0.0,0.0,0.0,494.9
7,17,7,0,,,,3.4348,0.0,0.0,0.0,240.32
7,18,7,0,,,,2.5357,0.0,0.0,0.0,23.16
7,19,7,0,,,,2.9507833,0.0,0.0,0.0,3.68
7,20,7,0,,,,0.56533337,0.0,0.0,0.0,0.11
7,21,7,0,,,,0.63088334,0.0,0.0,0.0,0.0
7,22,7,0,,,,2.1793833,0.0,0.0,0.0,0.0
7,23,7,0,,,,2.96605,0.0,0.0,0.0,0.0
7,24,7,0,,,,3.5106833,0.0,0.0,0.0,0.0
7,1,1,0,,,,2.0999668,0.0,0.0,0.0,0.0
7,2,1,0,,,,2.56705,0.0,0.0,0.0,0.0
7,3,1,0,,,,0.58426666,0.0,0.0,0.0,0.0
7,4,1,0,,,,0.7306833,0.0,0.0,0.0,0.0
7,5,1,0,,,,1.9420667,0.0,0.0,0.0,0.0
7,6,1,0,,,,0.49901667,0.0,0.0,0.0,0.0
7,7,1,0,,,,1.0039166,0.0,0.0,0.0,63.1
7,8,1,0,,,,2.5475333,0.0,0.0,0.0,216.56
7,9,1,0,,,,1.4998,0.0,0.0,0.0,273.82
7,10,1,0,,,,1.4502667,0.0,0.0,0.0,494.33
7,11,1,0,,,,2.0737667,0.0,0.0,0.0,512.92
7,12,1,0,,,,3.5725,0.0,0.0,0.0,770.84
7,13,1,0,,,,3.8039834,0.0,0.0,0.0,709.22
7,14,1,0,,,,3.0839834,0.0,0.0,0.0,732.03
7,15,1,0,,,,2.4082832,0.0,0.0,0.0,686.42
7,16,1,0,,,,2.6568334,0.0,0.0,0.0,546.79
7,17,1,0,,,,2.75615,0.0,0.0,0.0,386.45
7,18,1,0,,,,2.1924667,0.0,0.0,0.0,197.98
7,19,1,0,,,,1.6850333,0.0,0.0,0.0,38.38
7,20,1,0,,,,0.38943332,0.0,0.0,0.0,6.9
7,21,1,0,,,,1.1864834,0.0,0.0,0.0,0.0
7,22,1,0,,,,3.1558833,0.0,0.0,0.0,0.0
7,23,1,0,,,,2.0547166,0.0,0.0,0.0,0.0
