month,hour,day_type,daylight_savings_status,indoor_dry_bulb_temperature,average_unmet_cooling_setpoint_difference,indoor_relative_humidity,non_shiftable_load,dhw_demand,cooling_demand,heating_demand,solar_generation
7,24,7,0,,,,0.91823334,0.0,0.0,0.0,0.0
8,1,1,0,,,,0.8362833,0.0,0.0,0.0,0.0
8,2,1,0,,,,0.9629833,0.0,0.0,0.0,0.0
8,3,1,0,,,,0.8555833,0.0,0.0,0.0,0.0
8,4,1,0,,,,0.9595,0.0,0.0,0.0,0.0
8,5,1,0,,,,0.87075,0.0,0.0,0.0,0.0
8,6,1,0,,,,1.0371833,0.0,0.0,0.0,0.87
8,7,1,0,,,,0.86815,0.0,0.0,0.0,41.12
8,8,1,0,,,,0.8279167,0.0,0.0,0.0,14.06
8,9,1,0,,,,1.47905,0.0,0.0,0.0,58.05
8,10,1,0,,,,1.8689667,0.0,0.0,0.0,310.95
8,11,1,0,,,,2.5458167,0.0,0.0,0.0,309.85
8,12,1,0,,,,3.2747333,0.0,0.0,0.0,408.25
8,13,1,0,,,,2.76585,0.0,0.0,0.0,253.05
8,14,1,0,,,,2.6845834,0.0,0.0,0.0,171.52
8,15,1,0,,,,3.0492,0.0,0.0,0.0,75.01
8,16,1,0,,,,3.2811666,0.0,0.0,0.0,87.93
8,17,1,0,,,,3.9939,0.0,0.0,0.0,82.53
8,18,1,0,,,,4.236767,0.0,0.0,0.0,39.56
8,19,1,0,,,,3.0822334,0.0,0.0,0.0,13.2
8,20,1,0,,,,5.4960165,0.0,0.0,0.0,2.03
8,21,1,0,,,,4.6544666,0.0,0.0,0.0,0.0
8,22,1,0,,,,4.8645835,0.0,0.0,0.0,0.0
8,23,1,0,,,,2.2404833,0.0,0.0,0.0,0.0
8,24,1,0,,,,0.97903335,0.0,0.0,0.0,0.0
8,1,2,0,,,,0.35008332,0.0,0.0,0.0,0.0
8,2,2,0,,,,0.34903333,0.0,0.0,0.0,0.0
8,3,2,0,,,,0.72851664,0.0,0.0,0.0,0.0
8,4,2,0,,,,0.25335,0.0,0.0,0.0,0.0
8,5,2,0,,,,0.8050333,0.0,0.0,0.0,0.0
8,6,2,0,,,,0.29365,0.0,0.0,0.0,0.0
8,7,2,0,,,,0.8556167,0.0,0.0,0.0,11.5
8,8,2,0,,,,1.49775,0.0,0.0,0.0,125.83
8,9,2,0,,,,2.77955,0.0,0.0,0.0,134.75
8,10,2,0,,,,4.42445,0.0,0.0,0.0,390.48
8,11,2,0,,,,1.556,0.0,0.0,0.0,494.46
8,12,2,0,,,,0.2759,0.0,0.0,0.0,330.74
8,13,2,0,,,,0.21158333,0.0,0.0,0.0,511.35
8,14,2,0,,,,0.21446666,0.0,0.0,0.0,245.64
8,15,2,0,,,,0.21613333,0.0,0.0,0.0,386.38
8,16,2,0,,,,0.21628334,0.0,0.0,0.0,437.32
8,17,2,0,,,,0.216,0.0,0.0,0.0,57.81
8,18,2,0,,,,0.2123,0.0,0.0,0.0,191.58
8,19,2,0,,,,0.20833333,0.0,0.0,0.0,40.21
8,20,2,0,,,,0.21478334,0.0,0.0,0.0,4.87
8,21,2,0,,,,0.21516667,0.0,0.0,0.0,0.0
8,22,2,0,,,,0.22278333,0.0,0.0,0.0,0.0
8,23,2,0,,,,0.22011666,0.0,0.0,0.0,0.0
8,24,2,0,,,,0.22196667,0.0,0.0,0.0,0.0
8,1,3,0,,,,0.22445,0.0,0.0,0.0,0.0
8,2,3,0,,,,0.21996666,0.0,0.0,0.0,0.0
8,3,3,0,,,,0.22535,0.0,0.0,0.0,0.0
8,4,3,0,,,,0.41146666,0.0,0.0,0.0,0.0
8,5,3,0,,,,0.52273333,0.0,0.0,0.0,0.0
8,6,3,0,,,,0.2632,0.0,0.0,0.0,0.0
8,7,3,0,,,,0.2683,0.0,0.0,0.0,4.99
8,8,3,0,,,,0.26121667,0.0,0.0,0.0,141.86
8,9,3,0,,,,0.25625,0.0,0.0,0.0,242.66
8,10,3,0,,,,0.25388333,0.0,0.0,0.0,197.38
8,11,3,0,,,,0.25616667,0.0,0.0,0.0,245.73
8,12,3,0,,,,0.25548333,0.0,0.0,0.0,365.33
8,13,3,0,,,,0.22516666,0.0,0.0,0.0,226.42
8,14,3,0,,,,0.21435,0.0,0.0,0.0,50.03
8,15,3,0,,,,0.2163,0.0,0.0,0.0,136.8
8,16,3,0,,,,0.21611667,0.0,0.0,0.0,259.39
8,17,3,0,,,,0.21416667,0.0,0.0,0.0,58.79
8,18,3,0,,,,0.21228333,0.0,0.0,0.0,64.11
8,19,3,0,,,,0.20461667,0.0,0.0,0.0,16.24
8,20,3,0,,,,0.2173,0.0,0.0,0.0,0.13
8,21,3,0,,,,0.21633333,0.0,0.0,0.0,0.0
8,22,3,0,,,,0.22145,0.0,0.0,0.0,0.0
8,23,3,0,,,,0.6335833,0.0,0.0,0.0,0.0
8,24,3,0,,,,0.22331667,0.0,0.0,0.0,0.0
8,1,4,0,,,,0.23261666,0.0,0.0,0.0,0.0
8,2,4,0,,,,0.26578334,0.0,0.0,0.0,0.0
8,3,4,0,,,,0.26616666,0.0,0.0,0.0,0.0
8,4,4,0,,,,0.26638332,0.0,0.0,0.0,0.0
8,5,4,0,,,,0.26040834,0.0,0.0,0.0,0.0
8,6,4,0,,,,0.26031667,0.0,0.0,0.0,0.0
8,7,4,0,,,,0.26926666,0.0,0.0,0.0,18.04
8,8,4,0,,,,0.26208332,0.0,0.0,0.0,183.25
8,9,4,0,,,,0.26021665,0.0,0.0,0.0,419.01
8,10,4,0,,,,0.25731668,0.0,0.0,0.0,566.92
8,11,4,0,,,,2.0524333,0.0,0.0,0.0,631.56
8,12,4,0,,,,4.3703165,0.0,0.0,0.0,798.3
8,13,4,0,,,,4.42375,0.0,0.0,0.0,807.67
8,14,4,0,,,,4.5237,0.0,0.0,0.0,789.21
8,15,4,0,,,,4.5085835,0.0,0.0,0.0,700.18
8,16,4,0,,,,4.8656,0.0,0.0,0.0,585.76
8,17,4,0,,,,4.79305,0.0,0.0,0.0,399.45
8,18,4,0,,,,4.4715166,0.0,0.0,0.0,196.43
8,19,4,0,,,,3.44055,0.0,0.0,0.0,36.93
8,20,4,0,,,,3.3369167,0.0,0.0,0.0,3.39
8,21,4,0,,,,2.6862166,0.0,0.0,0.0,0.0
8,22,4,0,,,,2.2883,0.0,0.0,0.0,0.0
8,23,4,0,,,,1.5610167,0.0,0.0,0.0,0.0
8,24,4,0,,,,1.3411916,0.0,0.0,0.0,0.0
8,1,5,0,,,,2.00535,0.0,0.0,0.0,0.0
8,2,5,0,,,,1.2019334,0.0,0.0,0.0,0.0
8,3,5,0,,,,0.52243334,0.0,0.0,0.0,0.0
8,4,5,0,,,,1.1863834,0.0,0.0,0.0,0.0
8,5,5,0,,,,0.45366666,0.0,0.0,0.0,0.0
8,6,5,0,,,,1.11635,0.0,0.0,0.0,0.0
8,7,5,0,,,,0.60193336,0.0,0.0,0.0,5.03
8,8,5,0,,,,1.5122167,0.0,0.0,0.0,218.46
8,9,5,0,,,,1.9253666,0.0,0.0,0.0,416.38
8,10,5,0,,,,1.71385,0.0,0.0,0.0,574.11
8,11,5,0,,,,3.3240666,0.0,0.0,0.0,360.63
8,12,5,0,,,,4.93795,0.0,0.0,0.0,234.37
8,13,5,0,,,,4.6674833,0.0,0.0,0.0,818.82
8,14,5,0,,,,5.3682,0.0,0.0,0.0,769.98
8,15,5,0,,,,5.7335167,0.0,0.0,0.0,102.9
8,16,5,0,,,,5.3514333,0.0,0.0,0.0,519.68
8,17,5,0,,,,5.0912666,0.0,0.0,0.0,311.95
8,18,5,0,,,,4.3677335,0.0,0.0,0.0,159.32
8,19,5,0,,,,5.8193,0.0,0.0,0.0,46.91
8,20,5,0,,,,4.2360334,0.0,0.0,0.0,3.88
8,21,5,0,,,,3.4961166,0.0,0.0,0.0,0.0
8,22,5,0,,,,3.1787333,0.0,0.0,0.0,0.0
8,23,5,0,,,,2.09155,0.0,0.0,0.0,0.0
8,24,5,0,,,,2.3289583,0.0,0.0,0.0,0.0
8,1,6,0,,,,0.9661667,0.0,0.0,0.0,0.0
8,2,6,0,,,,1.03715,0.0,0.0,0.0,0.0
8,3,6,0,,,,0.7223667,0.0,0.0,0.0,0.0
8,4,6,0,,,,1.2421,0.0,0.0,0.0,0.0
8,5,6,0,,,,0.63516665,0.0,0.0,0.0,0.0
8,6,6,0,,,,0.8182333,0.0,0.0,0.0,0.0
8,7,6,0,,,,0.65643334,0.0,0.0,0.0,70.93
8,8,6,0,,,,1.9475,0.0,0.0,0.0,240.35
8,9,6,0,,,,2.3709,0.0,0.0,0.0,443.72
8,10,6,0,,,,3.09105,0.0,0.0,0.0,607.61
8,11,6,0,,,,3.7403,0.0,0.0,0.0,725.41
8,12,6,0,,,,4.2535,0.0,0.0,0.0,741.76
8,13,6,0,,,,3.5698833,0.0,0.0,0.0,797.03
8,14,6,0,,,,4.788417,0.0,0.0,0.0,776.28
8,15,6,0,,,,4.8827667,0.0,0.0,0.0,688.45
8,16,6,0,,,,4.9603333,0.0,0.0,0.0,555.17
8,17,6,0,,,,4.9252334,0.0,0.0,0.0,380.07
8,18,6,0,,,,4.4418,0.0,0.0,0.0,169.46
8,19,6,0,,,,3.25825,0.0,0.0,0.0,34.4
8,20,6,0,,,,2.4704,0.0,0.0,0.0,2.86
8,21,6,0,,,,4.1939335,0.0,0.0,0.0,0.0
8,22,6,0,,,,3.7496667,0.0,0.0,0.0,0.0
8,23,6,0,,,,2.17,0.0,0.0,0.0,0.0
8,24,6,0,,,,2.51655,0.0,0.0,0.0,0.0
8,1,7,0,,,,1.8960834,0.0,0.0,0.0,0.0
8,2,7,0,,,,1.55405,0.0,0.0,0.0,0.0
8,3,7,0,,,,0.90938336,0.0,0.0,0.0,0.0
8,4,7,0,,,,0.82375,0.0,0.0,0.0,0.0
8,5,7,0,,,,0.34855,0.0,0.0,0.0,0.0
8,6,7,0,,,,0.8296,0.0,0.0,0.0,0.0
8,7,7,0,,,,0.79355,0.0,0.0,0.0,61.03
8,8,7,0,,,,0.76451665,0.0,0.0,0.0,224.94
8,9,7,0,,,,0.7494,0.0,0.0,0.0,371.45
8,10,7,0,,,,0.18818334,0.0,0.0,0.0,497.15
8,11,7,0,,,,1.0941167,0.0,0.0,0.0,672.59
8,12,7,0,,,,2.7977834,0.0,0.0,0.0,750.72
8,13,7,0,,,,3.8845,0.0,0.0,0.0,703.78
8,14,7,0,,,,4.4683166,0.0,0.0,0.0,691.57
8,15,7,0,,,,4.4705,0.0,0.0,0.0,453.91
8,16,7,0,,,,4.70905,0.0,0.0,0.0,409.35
8,17,7,0,,,,5.64955,0.0,0.0,0.0,279.89
8,18,7,0,,,,4.3441668,0.0,0.0,0.0,18.22
8,19,7,0,,,,3.1838334,0.0,0.0,0.0,6.23
8,20,7,0,,,,3.7261167,0.0,0.0,0.0,1.13
8,21,7,0,,,,2.77425,0.0,0.0,0.0,0.0
8,22,7,0,,,,1.8795834,0.0,0.0,0.0,0.0
8,23,7,0,,,,2.4221,0.0,0.0,0.0,0.0
8,24,7,0,,,,1.4492167,0.0,0.0,0.0,0.0
8,1,1,0,,,,1.47055,0.0,0.0,0.0,0.0
8,2,1,0,,,,0.65475,0.0,0.0,0.0,0.0
8,3,1,0,,,,0.83703333,0.0,0.0,0.0,0.0
8,4,1,0,,,,0.68943334,0.0,0.0,0.0,0.0
8,5,1,0,,,,1.1521667,0.0,0.0,0.0,0.0
8,6,1,0,,,,1.9311666,0.0,0.0,0.0,0.0
8,7,1,0,,,,1.1292666,0.0,0.0,0.0,60.06
8,8,1,0,,,,0.9375,0.0,0.0,0.0,165.84
8,9,1,0,,,,0.89898336,0.0,0.0,0.0,309.42
8,10,1,0,,,,1.1406167,0.0,0.0,0.0,305.84
8,11,1,0,,,,0.97815,0.0,0.0,0.0,103.57
8,12,1,0,,,,1.1251667,0.0,0.0,0.0,597.7
8,13,1,0,,,,1.3382666,0.0,0.0,0.0,729.66
8,14,1,0,,,,0.4437,0.0,0.0,0.0,724.07
8,15,1,0,,,,2.8798556,0.0,0.0,0.0,34.64
8,16,1,0,,,,4.6106834,0.0,0.0,0.0,38.72
8,17,1,0,,,,6.14945,0.0,0.0,0.0,284.6
8,18,1,0,,,,4.324917,0.0,0.0,0.0,163.84
8,19,1,0,,,,4.308367,0.0,0.0,0.0,38.42
8,20,1,0,,,,4.9312,0.0,0.0,0.0,0.78
8,21,1,0,,,,3.758,0.0,0.0,0.0,0.0
8,22,1,0,,,,3.3596833,0.0,0.0,0.0,0.0
8,23,1,0,,,,1.7638667,0.0,0.0,0.0,0.0
8,24,1,0,,,,1.2631333,0.0,0.0,0.0,0.0
8,1,2,0,,,,1.3034,0.0,0.0,0.0,0.0
8,2,2,0,,,,0.80745,0.0,0.0,0.0,0.0
8,3,2,0,,,,0.85466665,0.0,0.0,0.0,0.0
8,4,2,0,,,,0.8890667,0.0,0.0,0.0,0.0
8,5,2,0,,,,0.77893335,0.0,0.0,0.0,0.0
8,6,2,0,,,,2.38815,0.0,0.0,0.0,0.0
8,7,2,0,,,,2.0733166,0.0,0.0,0.0,59.68
8,8,2,0,,,,1.6814333,0.0,0.0,0.0,230.1
8,9,2,0,,,,1.0021666,0.0,0.0,0.0,419.02
8,10,2,0,,,,1.1382166,0.0,0.0,0.0,577.06
8,11,2,0,,,,1.6701334,0.0,0.0,0.0,649.32
8,12,2,0,,,,2.0278,0.0,0.0,0.0,645.71
8,13,2,0,,,,2.1795,0.0,0.0,0.0,482.87
8,14,2,0,,,,1.7204833,0.0,0.0,0.0,672.78
8,15,2,0,,,,2.62555,0.0,0.0,0.0,601.63
8,16,2,0,,,,4.3398833,0.0,0.0,0.0,437.42
8,17,2,0,,,,4.0094833,0.0,0.0,0.0,220.42
8,18,2,0,,,,3.88225,0.0,0.0,0.0,10.54
8,19,2,0,,,,3.2658668,0.0,0.0,0.0,37.92
8,20,2,0,,,,2.60185,0.0,0.0,0.0,0.0
8,21,2,0,,,,4.0867,0.0,0.0,0.0,0.0
8,22,2,0,,,,5.0365834,0.0,0.0,0.0,0.0
8,23,2,0,,,,2.2351832,0.0,0.0,0.0,0.0
8,24,2,0,,,,1.3759416,0.0,0.0,0.0,0.0
8,1,3,0,,,,1.1622,0.0,0.0,0.0,0.0
8,2,3,0,,,,0.51305,0.0,0.0,0.0,0.0
8,3,3,0,,,,0.9342833,0.0,0.0,0.0,0.0
8,4,3,0,,,,0.37008333,0.0,0.0,0.0,0.0
8,5,3,0,,,,0.65891665,0.0,0.0,0.0,0.0
8,6,3,0,,,,1.3982333,0.0,0.0,0.0,0.0
8,7,3,0,,,,1.8822167,0.0,0.0,0.0,64.12
8,8,3,0,,,,0.704,0.0,0.0,0.0,229.96
8,9,3,0,,,,0.6234667,0.0,0.0,0.0,435.71
8,10,3,0,,,,0.81331664,0.0,0.0,0.0,594.42
8,11,3,0,,,,3.7486832,0.0,0.0,0.0,666.55
8,12,3,0,,,,0.82823336,0.0,0.0,0.0,735.62
8,13,3,0,,,,2.61755,0.0,0.0,0.0,617.61
8,14,3,0,,,,4.5378833,0.0,0.0,0.0,645.71
8,15,3,0,,,,1.9210334,0.0,0.0,0.0,532.54
8,16,3,0,,,,2.9637,0.0,0.0,0.0,456.28
8,17,3,0,,,,4.4118667,0.0,0.0,0.0,299.33
8,18,3,0,,,,5.5971665,0.0,0.0,0.0,128.01
8,19,3,0,,,,3.9935,0.0,0.0,0.0,39.12
8,20,3,0,,,,3.3921,0.0,0.0,0.0,0.0
8,21,3,0,,,,3.6628,0.0,0.0,0.0,0.0
8,22,3,0,,,,1.6763667,0.0,0.0,0.0,0.0
8,23,3,0,,,,1.29375,0.0,0.0,0.0,0.0
8,24,3,0,,,,1.0716833,0.0,0.0,0.0,0.0
8,1,4,0,,,,0.99663335,0.0,0.0,0.0,0.0
8,2,4,0,,,,0.5,0.0,0.0,0.0,0.0
8,3,4,0,,,,0.9371667,0.0,0.0,0.0,0.0
8,4,4,0,,,,0.77778333,0.0,0.0,0.0,0.0
8,5,4,0,,,,0.5803667,0.0,0.0,0.0,0.0
8,6,4,0,,,,1.3111334,0.0,0.0,0.0,0.0
8,7,4,0,,,,2.5408833,0.0,0.0,0.0,3.88
8,8,4,0,,,,1.8749334,0.0,0.0,0.0,11.88
8,9,4,0,,,,1.2917334,0.0,0.0,0.0,29.13
8,10,4,0,,,,1.3576334,0.0,0.0,0.0,105.58
8,11,4,0,,,,1.91605,0.0,0.0,0.0,129.26
8,12,4,0,,,,1.7076334,0.0,0.0,0.0,346.04
8,13,4,0,,,,1.9758667,0.0,0.0,0.0,175.43
8,14,4,0,,,,2.8628166,0.0,0.0,0.0,316.09
8,15,4,0,,,,3.1134,0.0,0.0,0.0,186.53
8,16,4,0,,,,2.5132833,0.0,0.0,0.0,357.68
8,17,4,0,,,,4.20225,0.0,0.0,0.0,363.48
8,18,4,0,,,,3.21545,0.0,0.0,0.0,171.27
8,19,4,0,,,,3.72055,0.0,0.0,0.0,33.26
8,20,4,0,,,,2.6540666,0.0,0.0,0.0,0.0
8,21,4,0,,,,2.9306834,0.0,0.0,0.0,0.0
8,22,4,0,,,,2.6648166,0.0,0.0,0.0,0.0
8,23,4,0,,,,1.76505,0.0,0.0,0.0,0.0
8,24,4,0,,,,1.9260833,0.0,0.0,0.0,0.0
8,1,5,0,,,,0.7597833,0.0,0.0,0.0,0.0
8,2,5,0,,,,1.2339667,0.0,0.0,0.0,0.0
8,3,5,0,,,,1.1000667,0.0,0.0,0.0,0.0
8,4,5,0,,,,0.5423333,0.0,0.0,0.0,0.0
8,5,5,0,,,,1.0429833,0.0,0.0,0.0,0.0
8,6,5,0,,,,0.5837833,0.0,0.0,0.0,0.0
8,7,5,0,,,,1.0372,0.0,0.0,0.0,59.48
8,8,5,0,,,,2.1084,0.0,0.0,0.0,222.05
8,9,5,0,,,,1.9429166,0.0,0.0,0.0,409.39
8,10,5,0,,,,1.7508667,0.0,0.0,0.0,554.53
8,11,5,0,,,,1.9674166,0.0,0.0,0.0,671.46
8,12,5,0,,,,2.116,0.0,0.0,0.0,737.9
8,13,5,0,,,,2.3914332,0.0,0.0,0.0,730.45
8,14,5,0,,,,3.6856,0.0,0.0,0.0,709.01
8,15,5,0,,,,3.7575834,0.0,0.0,0.0,625.89
8,16,5,0,,,,3.42365,0.0,0.0,0.0,505.84
8,17,5,0,,,,3.57575,0.0,0.0,0.0,347.67
8,18,5,0,,,,4.1956835,0.0,0.0,0.0,165.43
8,19,5,0,,,,2.9827,0.0,0.0,0.0,31.98
8,20,5,0,,,,4.433767,0.0,0.0,0.0,0.0
8,21,5,0,,,,3.9802167,0.0,0.0,0.0,0.0
8,22,5,0,,,,3.2169333,0.0,0.0,0.0,0.0
8,23,5,0,,,,2.7826333,0.0,0.0,0.0,0.0
8,24,5,0,,,,1.1523334,0.0,0.0,0.0,0.0
8,1,6,0,,,,1.0495528,0.0,0.0,0.0,0.0
8,2,6,0,,,,1.3636167,0.0,0.0,0.0,0.0
8,3,6,0,,,,1.1218834,0.0,0.0,0.0,0.0
8,4,6,0,,,,1.1477333,0.0,0.0,0.0,0.0
8,5,6,0,,,,0.6177,0.0,0.0,0.0,0.0
8,6,6,0,,,,1.0009333,0.0,0.0,0.0,0.0
8,7,6,0,,,,1.745,0.0,0.0,0.0,57.57
8,8,6,0,,,,2.2056832,0.0,0.0,0.0,208.55
8,9,6,0,,,,3.5295,0.0,0.0,0.0,388.04
8,10,6,0,,,,3.7800333,0.0,0.0,0.0,534.47
8,11,6,0,,,,3.6506,0.0,0.0,0.0,655.22
8,12,6,0,,,,4.47805,0.0,0.0,0.0,714.57
8,13,6,0,,,,4.66245,0.0,0.0,0.0,701.48
8,14,6,0,,,,6.0483665,0.0,0.0,0.0,707.11
8,15,6,0,,,,5.420067,0.0,0.0,0.0,622.17
8,16,6,0,,,,4.7882333,0.0,0.0,0.0,338.6
8,17,6,0,,,,4.570833,0.0,0.0,0.0,336.62
8,18,6,0,,,,4.4317665,0.0,0.0,0.0,156.35
8,19,6,0,,,,4.285,0.0,0.0,0.0,18.64
8,20,6,0,,,,4.1736665,0.0,0.0,0.0,0.0
8,21,6,0,,,,4.7915,0.0,0.0,0.0,0.0
8,22,6,0,,,,3.9407334,0.0,0.0,0.0,0.0
8,23,6,0,,,,3.9353666,0.0,0.0,0.0,0.0
8,24,6,0,,,,1.053575,0.0,0.0,0.0,0.0
8,1,7,0,,,,1.8973334,0.0,0.0,0.0,0.0
8,2,7,0,,,,1.87315,0.0,0.0,0.0,0.0
8,3,7,0,,,,1.0949,0.0,0.0,0.0,0.0
8,4,7,0,,,,0.8837417,0.0,0.0,0.0,0.0
8,5,7,0,,,,1.5363667,0.0,0.0,0.0,0.0
8,6,7,0,,,,1.5198833,0.0,0.0,0.0,0.0
8,7,7,0,,,,0.76911664,0.0,0.0,0.0,51.07
8,8,7,0,,,,2.9370832,0.0,0.0,0.0,169.44
8,9,7,0,,,,3.7055278,0.0,0.0,0.0,350.29
8,10,7,0,,,,2.3407333,0.0,0.0,0.0,506.89
8,11,7,0,,,,1.9419167,0.0,0.0,0.0,649.6
8,12,7,0,,,,2.68025,0.0,0.0,0.0,714.71
8,13,7,0,,,,4.37145,0.0,0.0,0.0,740.81
8,14,7,0,,,,4.9456835,0.0,0.0,0.0,648.3
8,15,7,0,,,,5.38965,0.0,0.0,0.0,631.32
8,16,7,0,,,,4.5147333,0.0,0.0,0.0,510.95
8,17,7,0,,,,4.6389,0.0,0.0,0.0,342.73
8,18,7,0,,,,4.593983,0.0,0.0,0.0,158.62
8,19,7,0,,,,4.3819165,0.0,0.0,0.0,26.55
8,20,7,0,,,,3.9873333,0.0,0.0,0.0,0.0
8,21,7,0,,,,5.5711665,0.0,0.0,0.0,0.0
8,22,7,0,,,,5.3360333,0.0,0.0,0.0,0.0
8,23,7,0,,,,5.1055164,0.0,0.0,0.0,0.0
8,24,7,0,,,,2.80215,0.0,0.0,0.0,0.0
8,1,1,0,,,,2.3342,0.0,0.0,0.0,0.0
8,2,1,0,,,,2.9016666,0.0,0.0,0.0,0.0
8,3,1,0,,,,0.872,0.0,0.0,0.0,0.0
8,4,1,0,,,,2.05885,0.0,0.0,0.0,0.0
8,5,1,0,,,,1.5141166,0.0,0.0,0.0,0.0
8,6,1,0,,,,3.862,0.0,0.0,0.0,0.0
8,7,1,0,,,,1.7986,0.0,0.0,0.0,3.34
8,8,1,0,,,,2.2329834,0.0,0.0,0.0,19.19
8,9,1,0,,,,2.9757667,0.0,0.0,0.0,62.13
8,10,1,0,,,,4.4752,0.0,0.0,0.0,78.96
8,11,1,0,,,,3.6919,0.0,0.0,0.0,96.96
8,12,1,0,,,,4.210883,0.0,0.0,0.0,147.69
8,13,1,0,,,,4.769817,0.0,0.0,0.0,114.54
8,14,1,0,,,,5.2953,0.0,0.0,0.0,103.42
8,15,1,0,,,,5.44885,0.0,0.0,0.0,162.82
8,16,1,0,,,,4.93695,0.0,0.0,0.0,96.52
8,17,1,0,,,,4.8013167,0.0,0.0,0.0,101.23
8,18,1,0,,,,4.4611835,0.0,0.0,0.0,94.3
8,19,1,0,,,,5.0144,0.0,0.0,0.0,8.83
8,20,1,0,,,,2.10005,0.0,0.0,0.0,0.0
8,21,1,0,,,,2.5389667,0.0,0.0,0.0,0.0
8,22,1,0,,,,1.9453833,0.0,0.0,0.0,0.0
8,23,1,0,,,,1.5946333,0.0,0.0,0.0,0.0
8,24,1,0,,,,1.517025,0.0,0.0,0.0,0.0
8,1,2,0,,,,1.4098166,0.0,0.0,0.0,0.0
8,2,2,0,,,,1.1943667,0.0,0.0,0.0,0.0
8,3,2,0,,,,0.81238335,0.0,0.0,0.0,0.0
8,4,2,0,,,,1.1101834,0.0,0.0,0.0,0.0
8,5,2,0,,,,2.6394334,0.0,0.0,0.0,0.0
8,6,2,0,,,,1.6963834,0.0,0.0,0.0,0.0
8,7,2,0,,,,1.2703167,0.0,0.0,0.0,2.88
8,8,2,0,,,,1.4956,0.0,0.0,0.0,11.47
8,9,2,0,,,,1.0016667,0.0,0.0,0.0,24.9
8,10,2,0,,,,1.0305166,0.0,0.0,0.0,70.53
8,11,2,0,,,,1.0341333,0.0,0.0,0.0,73.58
8,12,2,0,,,,1.0240834,0.0,0.0,0.0,104.0
8,13,2,0,,,,4.8332167,0.0,0.0,0.0,100.73
8,14,2,0,,,,2.3119667,0.0,0.0,0.0,64.79
8,15,2,0,,,,4.8388333,0.0,0.0,0.0,50.29
8,16,2,0,,,,4.5739,0.0,0.0,0.0,44.97
8,17,2,0,,,,4.494517,0.0,0.0,0.0,31.75
8,18,2,0,,,,4.4856167,0.0,0.0,0.0,36.06
8,19,2,0,,,,4.2396665,0.0,0.0,0.0,11.96
8,20,2,0,,,,4.1113667,0.0,0.0,0.0,0.0
8,21,2,0,,,,3.1364834,0.0,0.0,0.0,0.0
8,22,2,0,,,,3.0164332,0.0,0.0,0.0,0.0
8,23,2,0,,,,2.0710666,0.0,0.0,0.0,0.0
8,24,2,0,,,,2.795125,0.0,0.0,0.0,0.0
8,1,3,0,,,,1.4643167,0.0,0.0,0.0,0.0
8,2,3,0,,,,0.57566667,0.0,0.0,0.0,0.0
8,3,3,0,,,,1.2510667,0.0,0.0,0.0,0.0
8,4,3,0,,,,1.2392,0.0,0.0,0.0,0.0
8,5,3,0,,,,0.45126668,0.0,0.0,0.0,0.0
8,6,3,0,,,,1.20125,0.0,0.0,0.0,0.0
8,7,3,0,,,,1.29395,0.0,0.0,0.0,2.89
8,8,3,0,,,,1.6303834,0.0,0.0,0.0,10.88
8,9,3,0,,,,2.2864332,0.0,0.0,0.0,52.24
8,10,3,0,,,,2.6979833,0.0,0.0,0.0,97.36
8,11,3,0,,,,2.7251167,0.0,0.0,0.0,132.77
8,12,3,0,,,,3.76585,0.0,0.0,0.0,119.9
8,13,3,0,,,,3.9895334,0.0,0.0,0.0,106.17
8,14,3,0,,,,3.563,0.0,0.0,0.0,130.23
8,15,3,0,,,,4.3913665,0.0,0.0,0.0,120.43
8,16,3,0,,,,4.5998335,0.0,0.0,0.0,132.99
8,17,3,0,,,,6.2709,0.0,0.0,0.0,64.27
8,18,3,0,,,,6.1963,0.0,0.0,0.0,64.78
8,19,3,0,,,,5.036033,0.0,0.0,0.0,18.44
8,20,3,0,,,,3.11535,0.0,0.0,0.0,0.0
8,21,3,0,,,,2.7463667,0.0,0.0,0.0,0.0
8,22,3,0,,,,2.9262333,0.0,0.0,0.0,0.0
8,23,3,0,,,,1.9295666,0.0,0.0,0.0,0.0
8,24,3,0,,,,0.59613335,0.0,0.0,0.0,0.0
8,1,4,0,,,,1.7741,0.0,0.0,0.0,0.0
8,2,4,0,,,,0.4851,0.0,0.0,0.0,0.0
8,3,4,0,,,,1.4444166,0.0,0.0,0.0,0.0
8,4,4,0,,,,0.47885,0.0,0.0,0.0,0.0
8,5,4,0,,,,0.7836,0.0,0.0,0.0,0.0
8,6,4,0,,,,1.5167667,0.0,0.0,0.0,0.0
8,7,4,0,,,,2.3307333,0.0,0.0,0.0,53.86
8,8,4,0,,,,0.49166667,0.0,0.0,0.0,229.11
8,9,4,0,,,,1.9704666,0.0,0.0,0.0,430.35
8,10,4,0,,,,1.31725,0.0,0.0,0.0,586.44
8,11,4,0,,,,2.29255,0.0,0.0,0.0,707.94
8,12,4,0,,,,2.9281332,0.0,0.0,0.0,741.0
8,13,4,0,,,,3.1619833,0.0,0.0,0.0,723.98
8,14,4,0,,,,2.5891833,0.0,0.0,0.0,739.31
8,15,4,0,,,,4.6811333,0.0,0.0,0.0,655.09
8,16,4,0,,,,1.7407666,0.0,0.0,0.0,528.89
8,17,4,0,,,,4.8668666,0.0,0.0,0.0,354.06
8,18,4,0,,,,4.342533,0.0,0.0,0.0,160.4
8,19,4,0,,,,4.8661165,0.0,0.0,0.0,25.43
8,20,4,0,,,,3.4020834,0.0,0.0,0.0,0.0
8,21,4,0,,,,3.07565,0.0,0.0,0.0,0.0
8,22,4,0,,,,1.3902667,0.0,0.0,0.0,0.0
8,23,4,0,,,,1.2987833,0.0,0.0,0.0,0.0
8,24,4,0,,,,1.0171167,0.0,0.0,0.0,0.0
8,1,5,0,,,,1.4410833,0.0,0.0,0.0,0.0
8,2,5,0,,,,2.2244167,0.0,0.0,0.0,0.0
8,3,5,0,,,,2.2861667,0.0,0.0,0.0,0.0
8,4,5,0,,,,1.2195,0.0,0.0,0.0,0.0
8,5,5,0,,,,1.2224166,0.0,0.0,0.0,0.0
8,6,5,0,,,,0.81093335,0.0,0.0,0.0,0.0
8,7,5,0,,,,1.9675833,0.0,0.0,0.0,49.58
8,8,5,0,,,,1.63145,0.0,0.0,0.0,227.86
8,9,5,0,,,,1.77235,0.0,0.0,0.0,414.0
8,10,5,0,,,,2.2782834,0.0,0.0,0.0,551.4
8,11,5,0,,,,3.02305,0.0,0.0,0.0,654.96
8,12,5,0,,,,3.0583167,0.0,0.0,0.0,722.94
8,13,5,0,,,,3.4835835,0.0,0.0,0.0,730.33
8,14,5,0,,,,3.4177334,0.0,0.0,0.0,695.43
8,15,5,0,,,,4.0518665,0.0,0.0,0.0,607.99
8,16,5,0,,,,4.1308165,0.0,0.0,0.0,476.73
8,17,5,0,,,,4.81785,0.0,0.0,0.0,335.31
8,18,5,0,,,,5.003967,0.0,0.0,0.0,152.3
8,19,5,0,,,,4.4405,0.0,0.0,0.0,25.43
8,20,5,0,,,,3.4896166,0.0,0.0,0.0,0.0
8,21,5,0,,,,3.4195333,0.0,0.0,0.0,0.0
8,22,5,0,,,,2.719911,0.0,0.0,0.0,0.0
8,23,5,0,,,,3.2334,0.0,0.0,0.0,0.0
8,24,5,0,,,,1.6763667,0.0,0.0,0.0,0.0
8,1,6,0,,,,1.31755,0.0,0.0,0.0,0.0
8,2,6,0,,,,0.94425,0.0,0.0,0.0,0.0
8,3,6,0,,,,1.0519667,0.0,0.0,0.0,0.0
8,4,6,0,,,,0.55083334,0.0,0.0,0.0,0.0
8,5,6,0,,,,1.2456167,0.0,0.0,0.0,0.0
8,6,6,0,,,,0.45716667,0.0,0.0,0.0,0.0
8,7,6,0,,,,1.2697166,0.0,0.0,0.0,50.83
8,8,6,0,,,,0.6613167,0.0,0.0,0.0,211.41
8,9,6,0,,,,1.8712833,0.0,0.0,0.0,397.07
8,10,6,0,,,,4.5444665,0.0,0.0,0.0,539.11
8,11,6,0,,,,3.4016166,0.0,0.0,0.0,650.72
8,12,6,0,,,,2.8035,0.0,0.0,0.0,724.63
8,13,6,0,,,,2.17255,0.0,0.0,0.0,726.67
8,14,6,0,,,,0.9934833,0.0,0.0,0.0,687.57
8,15,6,0,,,,3.4961,0.0,0.0,0.0,603.25
8,16,6,0,,,,3.2999,0.0,0.0,0.0,487.27
8,17,6,0,,,,3.13885,0.0,0.0,0.0,327.63
8,18,6,0,,,,4.6342,0.0,0.0,0.0,145.27
8,19,6,0,,,,2.6626167,0.0,0.0,0.0,23.21
8,20,6,0,,,,2.4745834,0.0,0.0,0.0,0.0
8,21,6,0,,,,3.58085,0.0,0.0,0.0,0.0
8,22,6,0,,,,3.0046,0.0,0.0,0.0,0.0
8,23,6,0,,,,4.0624,0.0,0.0,0.0,0.0
8,24,6,0,,,,4.2523,0.0,0.0,0.0,0.0
8,1,7,0,,,,2.15075,0.0,0.0,0.0,0.0
8,2,7,0,,,,0.5733,0.0,0.0,0.0,0.0
8,3,7,0,,,,1.2914667,0.0,0.0,0.0,0.0
8,4,7,0,,,,0.40878335,0.0,0.0,0.0,0.0
8,5,7,0,,,,1.1788,0.0,0.0,0.0,0.0
8,6,7,0,,,,0.40713334,0.0,0.0,0.0,0.0
8,7,7,0,,,,0.94158334,0.0,0.0,0.0,47.77
8,8,7,0,,,,0.5671667,0.0,0.0,0.0,219.31
8,9,7,0,,,,1.62795,0.0,0.0,0.0,401.17
8,10,7,0,,,,2.0165334,0.0,0.0,0.0,538.8
8,11,7,0,,,,2.4369333,0.0,0.0,0.0,641.65
8,12,7,0,,,,2.9123,0.0,0.0,0.0,714.7
8,13,7,0,,,,4.0372667,0.0,0.0,0.0,716.04
8,14,7,0,,,,2.2129333,0.0,0.0,0.0,681.63
8,15,7,0,,,,5.6609836,0.0,0.0,0.0,602.58
8,16,7,0,,,,5.626633,0.0,0.0,0.0,485.0
8,17,7,0,,,,6.29785,0.0,0.0,0.0,327.42
8,18,7,0,,,,4.139917,0.0,0.0,0.0,144.16
8,19,7,0,,,,5.085067,0.0,0.0,0.0,22.45
8,20,7,0,,,,3.81945,0.0,0.0,0.0,0.0
8,21,7,0,,,,1.54795,0.0,0.0,0.0,0.0
8,22,7,0,,,,0.46986666,0.0,0.0,0.0,0.0
8,23,7,0,,,,0.44805,0.0,0.0,0.0,0.0
8,24,7,0,,,,0.50690836,0.0,0.0,0.0,0.0
8,1,1,0,,,,1.5527,0.0,0.0,0.0,0.0
8,2,1,0,,,,0.45051667,0.0,0.0,0.0,0.0
8,3,1,0,,,,0.44572777,0.0,0.0,0.0,0.0
8,4,1,0,,,,0.8117833,0.0,0.0,0.0,0.0
8,5,1,0,,,,0.95991665,0.0,0.0,0.0,0.0
8,6,1,0,,,,1.83135,0.0,0.0,0.0,0.0
8,7,1,0,,,,0.87165,0.0,0.0,0.0,4.87
8,8,1,0,,,,0.25446665,0.0,0.0,0.0,57.33
8,9,1,0,,,,0.23441666,0.0,0.0,0.0,174.04
8,10,1,0,,,,0.23313333,0.0,0.0,0.0,392.97
8,11,1,0,,,,0.23403333,0.0,0.0,0.0,567.84
8,12,1,0,,,,1.975,0.0,0.0,0.0,354.83
8,13,1,0,,,,0.4661,0.0,0.0,0.0,329.85
8,14,1,0,,,,1.3538166,0.0,0.0,0.0,642.63
8,15,1,0,,,,1.6513333,0.0,0.0,0.0,330.06
8,16,1,0,,,,3.92425,0.0,0.0,0.0,431.19
8,17,1,0,,,,2.9975667,0.0,0.0,0.0,344.87
8,18,1,0,,,,2.9603,0.0,0.0,0.0,129.29
8,19,1,0,,,,2.8561833,0.0,0.0,0.0,22.16
8,20,1,0,,,,3.24125,0.0,0.0,0.0,0.0
8,21,1,0,,,,4.498,0.0,0.0,0.0,0.0
8,22,1,0,,,,3.4956667,0.0,0.0,0.0,0.0
8,23,1,0,,,,1.8562,0.0,0.0,0.0,0.0
8,24,1,0,,,,2.0230417,0.0,0.0,0.0,0.0
8,1,2,0,,,,1.1816833,0.0,0.0,0.0,0.0
8,2,2,0,,,,1.3155,0.0,0.0,0.0,0.0
8,3,2,0,,,,1.2326167,0.0,0.0,0.0,0.0
8,4,2,0,,,,0.6329,0.0,0.0,0.0,0.0
8,5,2,0,,,,1.2764,0.0,0.0,0.0,0.0
8,6,2,0,,,,1.6215333,0.0,0.0,0.0,0.0
8,7,2,0,,,,0.60536665,0.0,0.0,0.0,44.67
8,8,2,0,,,,0.25236666,0.0,0.0,0.0,187.2
8,9,2,0,,,,0.2497,0.0,0.0,0.0,393.78
8,10,2,0,,,,0.24728334,0.0,0.0,0.0,486.38
8,11,2,0,,,,0.24771667,0.0,0.0,0.0,644.69
8,12,2,0,,,,0.24631667,0.0,0.0,0.0,690.71
8,13,2,0,,,,0.24383333,0.0,0.0,0.0,666.7
8,14,2,0,,,,1.6209333,0.0,0.0,0.0,557.46
8,15,2,0,,,,2.9477832,0.0,0.0,0.0,524.85
8,16,2,0,,,,4.17285,0.0,0.0,0.0,375.38
8,17,2,0,,,,4.246383,0.0,0.0,0.0,167.63
8,18,2,0,,,,4.42115,0.0,0.0,0.0,95.01
8,19,2,0,,,,4.67385,0.0,0.0,0.0,19.36
8,20,2,0,,,,4.2448,0.0,0.0,0.0,0.0
8,21,2,0,,,,2.32325,0.0,0.0,0.0,0.0
8,22,2,0,,,,1.3336333,0.0,0.0,0.0,0.0
8,23,2,0,,,,1.4404167,0.0,0.0,0.0,0.0
8,24,2,0,,,,1.346375,0.0,0.0,0.0,0.0
8,1,3,0,,,,0.96265,0.0,0.0,0.0,0.0
8,2,3,0,,,,0.9906833,0.0,0.0,0.0,0.0
8,3,3,0,,,,1.20545,0.0,0.0,0.0,0.0
8,4,3,0,,,,1.2208,0.0,0.0,0.0,0.0
8,5,3,0,,,,0.82635,0.0,0.0,0.0,0.0
8,6,3,0,,,,1.6753,0.0,0.0,0.0,0.0
8,7,3,0,,,,0.83853334,0.0,0.0,0.0,46.66
8,8,3,0,,,,0.86551666,0.0,0.0,0.0,216.55
8,9,3,0,,,,0.28843334,0.0,0.0,0.0,411.73
8,10,3,0,,,,0.2207,0.0,0.0,0.0,562.77
8,11,3,0,,,,0.21546666,0.0,0.0,0.0,677.49
8,12,3,0,,,,0.21370833,0.0,0.0,0.0,744.81
8,13,3,0,,,,0.2114,0.0,0.0,0.0,757.37
8,14,3,0,,,,1.9210666,0.0,0.0,0.0,715.71
8,15,3,0,,,,3.8087,0.0,0.0,0.0,620.23
8,16,3,0,,,,4.3798666,0.0,0.0,0.0,500.71
8,17,3,0,,,,4.951433,0.0,0.0,0.0,332.16
8,18,3,0,,,,3.8511,0.0,0.0,0.0,140.75
8,19,3,0,,,,5.093633,0.0,0.0,0.0,19.27
8,20,3,0,,,,3.4854,0.0,0.0,0.0,0.0
8,21,3,0,,,,2.99415,0.0,0.0,0.0,0.0
8,22,3,0,,,,2.6623,0.0,0.0,0.0,0.0
8,23,3,0,,,,1.6677166,0.0,0.0,0.0,0.0
8,24,3,0,,,,1.2294583,0.0,0.0,0.0,0.0
8,1,4,0,,,,1.00665,0.0,0.0,0.0,0.0
8,2,4,0,,,,1.0471333,0.0,0.0,0.0,0.0
8,3,4,0,,,,1.2183167,0.0,0.0,0.0,0.0
8,4,4,0,,,,0.8089333,0.0,0.0,0.0,0.0
8,5,4,0,,,,1.43495,0.0,0.0,0.0,0.0
8,6,4,0,,,,1.3693334,0.0,0.0,0.0,0.0
8,7,4,0,,,,0.3739,0.0,0.0,0.0,46.1
8,8,4,0,,,,0.18165,0.0,0.0,0.0,221.02
8,9,4,0,,,,0.17511667,0.0,0.0,0.0,383.08
8,10,4,0,,,,0.16981667,0.0,0.0,0.0,515.9
8,11,4,0,,,,0.17026667,0.0,0.0,0.0,659.04
8,12,4,0,,,,0.16911666,0.0,0.0,0.0,729.9
8,13,4,0,,,,0.16773333,0.0,0.0,0.0,657.55
8,14,4,0,,,,0.16863333,0.0,0.0,0.0,702.33
8,15,4,0,,,,1.3905833,0.0,0.0,0.0,623.83
8,16,4,0,,,,3.8550832,0.0,0.0,0.0,497.82
8,17,4,0,,,,4.2615333,0.0,0.0,0.0,325.67
8,18,4,0,,,,3.9307666,0.0,0.0,0.0,139.45
8,19,4,0,,,,5.2629666,0.0,0.0,0.0,17.8
8,20,4,0,,,,3.15175,0.0,0.0,0.0,0.0
8,21,4,0,,,,2.5876167,0.0,0.0,0.0,0.0
8,22,4,0,,,,2.0458667,0.0,0.0,0.0,0.0
8,23,4,0,,,,1.4224666,0.0,0.0,0.0,0.0
8,24,4,0,,,,0.7606,0.0,0.0,0.0,0.0
8,1,5,0,,,,0.93116665,0.0,0.0,0.0,0.0
8,2,5,0,,,,1.1436334,0.0,0.0,0.0,0.0
8,3,5,0,,,,0.67286664,0.0,0.0,0.0,0.0
8,4,5,0,,,,1.45245,0.0,0.0,0.0,0.0
8,5,5,0,,,,0.53218335,0.0,0.0,0.0,0.0
8,6,5,0,,,,2.6003,0.0,0.0,0.0,0.0
8,7,5,0,,,,0.9964167,0.0,0.0,0.0,43.44
8,8,5,0,,,,0.4939,0.0,0.0,0.0,203.79
8,9,5,0,,,,1.073,0.0,0.0,0.0,391.15
8,10,5,0,,,,0.3332,0.0,0.0,0.0,509.4
8,11,5,0,,,,1.35365,0.0,0.0,0.0,658.56
8,12,5,0,,,,1.1573334,0.0,0.0,0.0,726.66
8,13,5,0,,,,0.7546333,0.0,0.0,0.0,729.96
8,14,5,0,,,,2.0006,0.0,0.0,0.0,687.34
8,15,5,0,,,,2.3637834,0.0,0.0,0.0,595.82
8,16,5,0,,,,2.5302,0.0,0.0,0.0,481.9
8,17,5,0,,,,3.44895,0.0,0.0,0.0,318.63
8,18,5,0,,,,2.6768334,0.0,0.0,0.0,133.42
8,19,5,0,,,,1.2921833,0.0,0.0,0.0,17.05
8,20,5,0,,,,2.0166166,0.0,0.0,0.0,0.0
8,21,5,0,,,,0.77393335,0.0,0.0,0.0,0.0
8,22,5,0,,,,1.9609833,0.0,0.0,0.0,0.0
8,23,5,0,,,,0.77418333,0.0,0.0,0.0,0.0
8,24,5,0,,,,0.44239166,0.0,0.0,0.0,0.0
8,1,6,0,,,,0.4487,0.0,0.0,0.0,0.0
8,2,6,0,,,,0.45046666,0.0,0.0,0.0,0.0
8,3,6,0,,,,0.45381665,0.0,0.0,0.0,0.0
8,4,6,0,,,,0.4518,0.0,0.0,0.0,0.0
8,5,6,0,,,,0.4499,0.0,0.0,0.0,0.0
8,6,6,0,,,,0.44725,0.0,0.0,0.0,0.0
8,7,6,0,,,,0.44428334,0.0,0.0,0.0,44.0
8,8,6,0,,,,0.47908333,0.0,0.0,0.0,207.72
8,9,6,0,,,,0.9164,0.0,0.0,0.0,400.92
8,10,6,0,,,,0.8262333,0.0,0.0,0.0,555.59
8,11,6,0,,,,2.95135,0.0,0.0,0.0,669.89
8,12,6,0,,,,3.57095,0.0,0.0,0.0,741.04
8,13,6,0,,,,3.15385,0.0,0.0,0.0,754.04
8,14,6,0,,,,2.6868834,0.0,0.0,0.0,724.82
8,15,6,0,,,,2.3157334,0.0,0.0,0.0,622.81
8,16,6,0,,,,1.9191166,0.0,0.0,0.0,494.52
8,17,6,0,,,,2.5258167,0.0,0.0,0.0,323.98
8,18,6,0,,,,2.5923834,0.0,0.0,0.0,131.54
8,19,6,0,,,,3.97315,0.0,0.0,0.0,16.34
8,20,6,0,,,,2.41285,0.0,0.0,0.0,0.0
8,21,6,0,,,,1.6871,0.0,0.0,0.0,0.0
8,22,6,0,,,,2.8988,0.0,0.0,0.0,0.0
8,23,6,0,,,,2.5103834,0.0,0.0,0.0,0.0
8,24,6,0,,,,0.8491389,0.0,0.0,0.0,0.0
8,1,7,0,,,,1.3798,0.0,0.0,0.0,0.0
8,2,7,0,,,,0.7092,0.0,0.0,0.0,0.0
8,3,7,0,,,,0.51753336,0.0,0.0,0.0,0.0
8,4,7,0,,,,1.2937334,0.0,0.0,0.0,0.0
8,5,7,0,,,,0.47161666,0.0,0.0,0.0,0.0
8,6,7,0,,,,0.48611668,0.0,0.0,0.0,0.0
8,7,7,0,,,,0.82776666,0.0,0.0,0.0,41.1
8,8,7,0,,,,2.842,0.0,0.0,0.0,208.13
8,9,7,0,,,,1.4361167,0.0,0.0,0.0,397.91
8,10,7,0,,,,1.6786333,0.0,0.0,0.0,544.31
8,11,7,0,,,,1.6387334,0.0,0.0,0.0,659.72
8,12,7,0,,,,2.7487667,0.0,0.0,0.0,700.05
8,13,7,0,,,,3.3563833,0.0,0.0,0.0,682.23
8,14,7,0,,,,3.6408834,0.0,0.0,0.0,656.18
8,15,7,0,,,,3.6518333,0.0,0.0,0.0,594.6
8,16,7,0,,,,4.732633,0.0,0.0,0.0,461.37
8,17,7,0,,,,2.30635,0.0,0.0,0.0,304.02
8,18,7,0,,,,2.3585167,0.0,0.0,0.0,125.82
8,19,7,0,,,,4.785217,0.0,0.0,0.0,15.13
8,20,7,0,,,,5.863983,0.0,0.0,0.0,0.0
8,21,7,0,,,,2.8624833,0.0,0.0,0.0,0.0
8,22,7,0,,,,2.0946333,0.0,0.0,0.0,0.0
8,23,7,0,,,,1.9242333,0.0,0.0,0.0,0.0
8,24,7,0,,,,0.7088417,0.0,0.0,0.0,0.0
8,1,1,0,,,,1.6474,0.0,0.0,0.0,0.0
8,2,1,0,,,,0.61981666,0.0,0.0,0.0,0.0
8,3,1,0,,,,1.6583834,0.0,0.0,0.0,0.0
8,4,1,0,,,,0.74715,0.0,0.0,0.0,0.0
8,5,1,0,,,,0.8408833,0.0,0.0,0.0,0.0
8,6,1,0,,,,1.6179667,0.0,0.0,0.0,0.0
8,7,1,0,,,,0.5782167,0.0,0.0,0.0,39.07
8,8,1,0,,,,0.36711666,0.0,0.0,0.0,210.68
8,9,1,0,,,,0.36268333,0.0,0.0,0.0,410.86
8,10,1,0,,,,0.36018333,0.0,0.0,0.0,564.25
8,11,1,0,,,,0.36176667,0.0,0.0,0.0,678.7
8,12,1,0,,,,1.5751,0.0,0.0,0.0,744.71
8,13,1,0,,,,1.5791,0.0,0.0,0.0,747.62
8,14,1,0,,,,1.7686334,0.0,0.0,0.0,706.5
8,15,1,0,,,,4.180967,0.0,0.0,0.0,611.63
8,16,1,0,,,,4.297917,0.0,0.0,0.0,485.78
8,17,1,0,,,,4.4127,0.0,0.0,0.0,308.98
8,18,1,0,,,,3.7115166,0.0,0.0,0.0,126.61
8,19,1,0,,,,4.408583,0.0,0.0,0.0,14.02
8,20,1,0,,,,3.6394167,0.0,0.0,0.0,0.0
8,21,1,0,,,,3.024,0.0,0.0,0.0,0.0
8,22,1,0,,,,0.9311,0.0,0.0,0.0,0.0
8,23,1,0,,,,2.1086667,0.0,0.0,0.0,0.0
8,24,1,0,,,,0.47205,0.0,0.0,0.0,0.0
8,1,2,0,,,,0.51535,0.0,0.0,0.0,0.0
8,2,2,0,,,,1.9186167,0.0,0.0,0.0,0.0
8,3,2,0,,,,0.46431667,0.0,0.0,0.0,0.0
8,4,2,0,,,,0.5880833,0.0,0.0,0.0,0.0
8,5,2,0,,,,2.7243,0.0,0.0,0.0,0.0
8,6,2,0,,,,4.1085835,0.0,0.0,0.0,0.0
8,7,2,0,,,,0.41305,0.0,0.0,0.0,39.9
8,8,2,0,,,,0.24148333,0.0,0.0,0.0,205.55
8,9,2,0,,,,0.2397,0.0,0.0,0.0,386.94
8,10,2,0,,,,0.23606667,0.0,0.0,0.0,534.28
8,11,2,0,,,,0.23211667,0.0,0.0,0.0,655.21
8,12,2,0,,,,0.23760833,0.0,0.0,0.0,724.07
8,13,2,0,,,,0.23508333,0.0,0.0,0.0,723.06
8,14,2,0,,,,0.23453334,0.0,0.0,0.0,673.5
8,15,2,0,,,,3.9524667,0.0,0.0,0.0,581.08
8,16,2,0,,,,4.6837,0.0,0.0,0.0,458.24
8,17,2,0,,,,4.355,0.0,0.0,0.0,299.3
8,18,2,0,,,,4.2598166,0.0,0.0,0.0,121.24
8,19,2,0,,,,4.8386335,0.0,0.0,0.0,12.17
8,20,2,0,,,,4.68385,0.0,0.0,0.0,0.0
8,21,2,0,,,,4.1439667,0.0,0.0,0.0,0.0
8,22,2,0,,,,1.09825,0.0,0.0,0.0,0.0
8,23,2,0,,,,1.2900833,0.0,0.0,0.0,0.0
8,24,2,0,,,,2.04205,0.0,0.0,0.0,0.0
8,1,3,0,,,,1.2617,0.0,0.0,0.0,0.0
8,2,3,0,,,,0.7445667,0.0,0.0,0.0,0.0
8,3,3,0,,,,1.62625,0.0,0.0,0.0,0.0
8,4,3,0,,,,0.44303334,0.0,0.0,0.0,0.0
8,5,3,0,,,,2.3520334,0.0,0.0,0.0,0.0
8,6,3,0,,,,2.35115,0.0,0.0,0.0,0.0
8,7,3,0,,,,0.76135,0.0,0.0,0.0,1.04
8,8,3,0,,,,0.24178334,0.0,0.0,0.0,64.93
8,9,3,0,,,,0.23933333,0.0,0.0,0.0,328.17
8,10,3,0,,,,0.2381,0.0,0.0,0.0,512.0
8,11,3,0,,,,0.23778333,0.0,0.0,0.0,631.77
8,12,3,0,,,,0.2398,0.0,0.0,0.0,694.68
8,13,3,0,,,,0.23571667,0.0,0.0,0.0,712.83
8,14,3,0,,,,0.23525,0.0,0.0,0.0,614.83
8,15,3,0,,,,0.90136665,0.0,0.0,0.0,85.63
8,16,3,0,,,,4.5014167,0.0,0.0,0.0,422.67
8,17,3,0,,,,4.35745,0.0,0.0,0.0,296.94
8,18,3,0,,,,4.902167,0.0,0.0,0.0,113.03
8,19,3,0,,,,4.912317,0.0,0.0,0.0,10.51
8,20,3,0,,,,4.6922665,0.0,0.0,0.0,0.0
8,21,3,0,,,,4.4947,0.0,0.0,0.0,0.0
8,22,3,0,,,,2.8924832,0.0,0.0,0.0,0.0
8,23,3,0,,,,0.70678335,0.0,0.0,0.0,0.0
8,24,3,0,,,,1.7864,0.0,0.0,0.0,0.0
9,1,4,0,,,,0.48301667,0.0,0.0,0.0,0.0
9,2,4,0,,,,1.6383333,0.0,0.0,0.0,0.0
9,3,4,0,,,,0.48135,0.0,0.0,0.0,0.0
9,4,4,0,,,,0.90155834,0.0,0.0,0.0,0.0
9,5,4,0,,,,3.4338667,0.0,0.0,0.0,0.0
9,6,4,0,,,,0.6968667,0.0,0.0,0.0,0.0
9,7,4,0,,,,0.1913,0.0,0.0,0.0,26.33
9,8,4,0,,,,1.1231333,0.0,0.0,0.0,184.92
9,9,4,0,,,,0.59181666,0.0,0.0,0.0,380.33
9,10,4,0,,,,1.6395333,0.0,0.0,0.0,543.23
9,11,4,0,,,,0.18016666,0.0,0.0,0.0,659.21
9,12,4,0,,,,2.1484334,0.0,0.0,0.0,697.89
9,13,4,0,,,,1.6185334,0.0,0.0,0.0,640.67
9,14,4,0,,,,1.0860333,0.0,0.0,0.0,569.86
9,15,4,0,,,,3.4978,0.0,0.0,0.0,436.71
9,16,4,0,,,,3.7368,0.0,0.0,0.0,358.19
9,17,4,0,,,,3.6859167,0.0,0.0,0.0,257.91
9,18,4,0,,,,3.8692667,0.0,0.0,0.0,110.85
9,19,4,0,,,,2.4182,0.0,0.0,0.0,9.38
9,20,4,0,,,,2.5644,0.0,0.0,0.0,0.0
9,21,4,0,,,,2.6963167,0.0,0.0,0.0,0.0
9,22,4,0,,,,1.1527333,0.0,0.0,0.0,0.0
9,23,4,0,,,,2.1850333,0.0,0.0,0.0,0.0
9,24,4,0,,,,0.64661664,0.0,0.0,0.0,0.0
9,1,5,0,,,,1.3608333,0.0,0.0,0.0,0.0
9,2,5,0,,,,0.57463336,0.0,0.0,0.0,0.0
9,3,5,0,,,,0.52671665,0.0,0.0,0.0,0.0
9,4,5,0,,,,1.4154333,0.0,0.0,0.0,0.0
9,5,5,0,,,,0.5731583,0.0,0.0,0.0,0.0
9,6,5,0,,,,1.3259333,0.0,0.0,0.0,0.0
9,7,5,0,,,,1.4396334,0.0,0.0,0.0,34.99
9,8,5,0,,,,0.6652333,0.0,0.0,0.0,198.04
9,9,5,0,,,,0.5498,0.0,0.0,0.0,390.85
9,10,5,0,,,,0.35766667,0.0,0.0,0.0,540.79
9,11,5,0,,,,1.6535833,0.0,0.0,0.0,647.86
9,12,5,0,,,,0.5473667,0.0,0.0,0.0,713.33
9,13,5,0,,,,2.17955,0.0,0.0,0.0,690.05
9,14,5,0,,,,1.15745,0.0,0.0,0.0,637.52
9,15,5,0,,,,2.5542834,0.0,0.0,0.0,489.64
9,16,5,0,,,,1.6925,0.0,0.0,0.0,406.39
9,17,5,0,,,,4.4120665,0.0,0.0,0.0,281.66
9,18,5,0,,,,3.5957832,0.0,0.0,0.0,112.24
9,19,5,0,,,,3.2673166,0.0,0.0,0.0,8.2
9,20,5,0,,,,3.2759666,0.0,0.0,0.0,0.0
9,21,5,0,,,,4.2857666,0.0,0.0,0.0,0.0
9,22,5,0,,,,1.9852166,0.0,0.0,0.0,0.0
9,23,5,0,,,,0.66973335,0.0,0.0,0.0,0.0
9,24,5,0,,,,0.61763334,0.0,0.0,0.0,0.0
9,1,6,0,,,,0.61621666,0.0,0.0,0.0,0.0
9,2,6,0,,,,0.61536664,0.0,0.0,0.0,0.0
9,3,6,0,,,,0.63125,0.0,0.0,0.0,0.0
9,4,6,0,,,,0.6215,0.0,0.0,0.0,0.0
9,5,6,0,,,,0.62083334,0.0,0.0,0.0,0.0
9,6,6,0,,,,2.2618833,0.0,0.0,0.0,0.0
9,7,6,0,,,,0.6002833,0.0,0.0,0.0,27.81
9,8,6,0,,,,0.60723335,0.0,0.0,0.0,173.13
9,9,6,0,,,,1.0469333,0.0,0.0,0.0,360.7
9,10,6,0,,,,0.83528334,0.0,0.0,0.0,512.86
9,11,6,0,,,,1.6802666,0.0,0.0,0.0,613.49
9,12,6,0,,,,2.9664333,0.0,0.0,0.0,682.27
9,13,6,0,,,,2.77,0.0,0.0,0.0,621.61
9,14,6,0,,,,2.6656168,0.0,0.0,0.0,285.97
9,15,6,0,,,,3.8699334,0.0,0.0,0.0,151.42
9,16,6,0,,,,5.75245,0.0,0.0,0.0,40.21
9,17,6,0,,,,4.9301667,0.0,0.0,0.0,122.99
9,18,6,0,,,,5.3407664,0.0,0.0,0.0,4.12
9,19,6,0,,,,3.6435332,0.0,0.0,0.0,6.67
9,20,6,0,,,,2.7108834,0.0,0.0,0.0,0.0
9,21,6,0,,,,2.3766334,0.0,0.0,0.0,0.0
9,22,6,0,,,,2.3870833,0.0,0.0,0.0,0.0
9,23,6,0,,,,0.9071,0.0,0.0,0.0,0.0
9,24,6,0,,,,0.80615,0.0,0.0,0.0,0.0
9,1,7,0,,,,0.8013,0.0,0.0,0.0,0.0
9,2,7,0,,,,0.8002333,0.0,0.0,0.0,0.0
9,3,7,0,,,,0.80041665,0.0,0.0,0.0,0.0
9,4,7,0,,,,0.7991,0.0,0.0,0.0,0.0
9,5,7,0,,,,0.6403667,0.0,0.0,0.0,0.0
9,6,7,0,,,,0.624,0.0,0.0,0.0,0.0
9,7,7,0,,,,0.6289833,0.0,0.0,0.0,0.65
9,8,7,0,,,,0.62518334,0.0,0.0,0.0,9.63
9,9,7,0,,,,1.2579833,0.0,0.0,0.0,35.79
9,10,7,0,,,,1.7130834,0.0,0.0,0.0,64.72
9,11,7,0,,,,1.0709833,0.0,0.0,0.0,319.77
9,12,7,0,,,,0.8430667,0.0,0.0,0.0,364.8
9,13,7,0,,,,0.87373334,0.0,0.0,0.0,414.97
9,14,7,0,,,,3.2289667,0.0,0.0,0.0,318.45
9,15,7,0,,,,1.2970834,0.0,0.0,0.0,80.21
9,16,7,0,,,,3.7640166,0.0,0.0,0.0,69.21
9,17,7,0,,,,3.48335,0.0,0.0,0.0,58.37
9,18,7,0,,,,2.31045,0.0,0.0,0.0,6.54
9,19,7,0,,,,2.1008832,0.0,0.0,0.0,5.38
9,20,7,0,,,,3.5749,0.0,0.0,0.0,0.0
9,21,7,0,,,,2.0243666,0.0,0.0,0.0,0.0
9,22,7,0,,,,2.2860832,0.0,0.0,0.0,0.0
9,23,7,0,,,,1.7336167,0.0,0.0,0.0,0.0
9,24,7,0,,,,0.9795667,0.0,0.0,0.0,0.0
9,1,1,0,,,,0.88448334,0.0,0.0,0.0,0.0
9,2,1,0,,,,0.6571,0.0,0.0,0.0,0.0
9,3,1,0,,,,0.49076667,0.0,0.0,0.0,0.0
9,4,1,0,,,,0.49416667,0.0,0.0,0.0,0.0
9,5,1,0,,,,0.49375,0.0,0.0,0.0,0.0
9,6,1,0,,,,0.49408334,0.0,0.0,0.0,0.0
9,7,1,0,,,,1.1840833,0.0,0.0,0.0,32.85
9,8,1,0,,,,0.8736333,0.0,0.0,0.0,120.58
9,9,1,0,,,,0.76586664,0.0,0.0,0.0,210.17
9,10,1,0,,,,1.3014834,0.0,0.0,0.0,218.18
9,11,1,0,,,,1.3843,0.0,0.0,0.0,541.99
9,12,1,0,,,,2.9993167,0.0,0.0,0.0,524.4
9,13,1,0,,,,2.8284667,0.0,0.0,0.0,647.9
9,14,1,0,,,,3.0037668,0.0,0.0,0.0,590.99
9,15,1,0,,,,3.2659833,0.0,0.0,0.0,595.21
9,16,1,0,,,,1.9196334,0.0,0.0,0.0,471.92
9,17,1,0,,,,2.4892833,0.0,0.0,0.0,280.29
9,18,1,0,,,,2.9583166,0.0,0.0,0.0,74.49
9,19,1,0,,,,3.66545,0.0,0.0,0.0,1.19
9,20,1,0,,,,3.4856668,0.0,0.0,0.0,0.0
9,21,1,0,,,,3.2758334,0.0,0.0,0.0,0.0
9,22,1,0,,,,1.0877167,0.0,0.0,0.0,0.0
9,23,1,0,,,,0.52323335,0.0,0.0,0.0,0.0
9,24,1,0,,,,1.638425,0.0,0.0,0.0,0.0
9,1,2,0,,,,0.5197333,0.0,0.0,0.0,0.0
9,2,2,0,,,,0.5272667,0.0,0.0,0.0,0.0
9,3,2,0,,,,0.5233833,0.0,0.0,0.0,0.0
9,4,2,0,,,,0.62626666,0.0,0.0,0.0,0.0
9,5,2,0,,,,1.7389166,0.0,0.0,0.0,0.0
9,6,2,0,,,,1.6139834,0.0,0.0,0.0,0.0
9,7,2,0,,,,0.40813333,0.0,0.0,0.0,30.44
9,8,2,0,,,,0.23726666,0.0,0.0,0.0,186.58
9,9,2,0,,,,0.23435,0.0,0.0,0.0,344.98
9,10,2,0,,,,0.23025,0.0,0.0,0.0,338.45
9,11,2,0,,,,0.23045,0.0,0.0,0.0,566.98
9,12,2,0,,,,0.23166667,0.0,0.0,0.0,712.94
9,13,2,0,,,,0.2335,0.0,0.0,0.0,725.7
9,14,2,0,,,,0.19388333,0.0,0.0,0.0,693.25
9,15,2,0,,,,0.56365,0.0,0.0,0.0,543.4
9,16,2,0,,,,3.1259665,0.0,0.0,0.0,430.39
9,17,2,0,,,,4.422983,0.0,0.0,0.0,284.59
9,18,2,0,,,,4.2995,0.0,0.0,0.0,100.47
9,19,2,0,,,,4.4330835,0.0,0.0,0.0,2.42
9,20,2,0,,,,4.340083,0.0,0.0,0.0,0.0
9,21,2,0,,,,3.4558,0.0,0.0,0.0,0.0
9,22,2,0,,,,1.4004834,0.0,0.0,0.0,0.0
9,23,2,0,,,,0.9698833,0.0,0.0,0.0,0.0
9,24,2,0,,,,0.9470083,0.0,0.0,0.0,0.0
9,1,3,0,,,,0.69865,0.0,0.0,0.0,0.0
9,2,3,0,,,,0.89701664,0.0,0.0,0.0,0.0
9,3,3,0,,,,0.67595,0.0,0.0,0.0,0.0
9,4,3,0,,,,0.70883334,0.0,0.0,0.0,0.0
9,5,3,0,,,,0.90825,0.0,0.0,0.0,0.0
9,6,3,0,,,,0.81811666,0.0,0.0,0.0,0.0
9,7,3,0,,,,0.25846666,0.0,0.0,0.0,28.9
9,8,3,0,,,,0.25558335,0.0,0.0,0.0,191.76
9,9,3,0,,,,0.42880556,0.0,0.0,0.0,385.28
9,10,3,0,,,,0.6572667,0.0,0.0,0.0,539.8
9,11,3,0,,,,0.25318334,0.0,0.0,0.0,626.77
9,12,3,0,,,,0.25238332,0.0,0.0,0.0,621.36
9,13,3,0,,,,0.25086668,0.0,0.0,0.0,614.5
9,14,3,0,,,,2.0230834,0.0,0.0,0.0,449.88
9,15,3,0,,,,4.2783165,0.0,0.0,0.0,243.15
9,16,3,0,,,,4.353317,0.0,0.0,0.0,316.51
9,17,3,0,,,,4.175667,0.0,0.0,0.0,257.83
9,18,3,0,,,,4.066,0.0,0.0,0.0,92.69
9,19,3,0,,,,2.9076333,0.0,0.0,0.0,2.38
9,20,3,0,,,,4.5362167,0.0,0.0,0.0,0.0
9,21,3,0,,,,2.8215,0.0,0.0,0.0,0.0
9,22,3,0,,,,1.8025,0.0,0.0,0.0,0.0
9,23,3,0,,,,1.2663833,0.0,0.0,0.0,0.0
9,24,3,0,,,,1.2419472,0.0,0.0,0.0,0.0
9,1,4,0,,,,0.51023334,0.0,0.0,0.0,0.0
9,2,4,0,,,,1.1834167,0.0,0.0,0.0,0.0
9,3,4,0,,,,0.5198,0.0,0.0,0.0,0.0
9,4,4,0,,,,1.0506667,0.0,0.0,0.0,0.0
9,5,4,0,,,,0.8520833,0.0,0.0,0.0,0.0
9,6,4,0,,,,1.3459667,0.0,0.0,0.0,0.0
9,7,4,0,,,,0.38755,0.0,0.0,0.0,16.33
9,8,4,0,,,,0.22793333,0.0,0.0,0.0,174.37
9,9,4,0,,,,0.22825,0.0,0.0,0.0,357.47
9,10,4,0,,,,0.22581667,0.0,0.0,0.0,500.36
9,11,4,0,,,,0.22523333,0.0,0.0,0.0,637.34
9,12,4,0,,,,0.22611667,0.0,0.0,0.0,710.0
9,13,4,0,,,,0.22363333,0.0,0.0,0.0,725.47
9,14,4,0,,,,0.18488333,0.0,0.0,0.0,655.42
9,15,4,0,,,,0.8337833,0.0,0.0,0.0,570.43
9,16,4,0,,,,4.0016,0.0,0.0,0.0,388.73
9,17,4,0,,,,4.740267,0.0,0.0,0.0,269.14
9,18,4,0,,,,3.4586,0.0,0.0,0.0,92.48
9,19,4,0,,,,2.4102333,0.0,0.0,0.0,0.0
9,20,4,0,,,,4.4416,0.0,0.0,0.0,0.0
9,21,4,0,,,,3.1078334,0.0,0.0,0.0,0.0
9,22,4,0,,,,3.6067667,0.0,0.0,0.0,0.0
9,23,4,0,,,,1.0792333,0.0,0.0,0.0,0.0
9,24,4,0,,,,1.5292,0.0,0.0,0.0,0.0
9,1,5,0,,,,0.79113334,0.0,0.0,0.0,0.0
9,2,5,0,,,,1.3297,0.0,0.0,0.0,0.0
9,3,5,0,,,,0.6012833,0.0,0.0,0.0,0.0
9,4,5,0,,,,0.60073334,0.0,0.0,0.0,0.0
9,5,5,0,,,,0.6836333,0.0,0.0,0.0,0.0
9,6,5,0,,,,1.3318444,0.0,0.0,0.0,0.0
9,7,5,0,,,,1.0566833,0.0,0.0,0.0,22.97
9,8,5,0,,,,0.36988333,0.0,0.0,0.0,182.69
9,9,5,0,,,,0.36861667,0.0,0.0,0.0,388.4
9,10,5,0,,,,0.36863333,0.0,0.0,0.0,482.16
9,11,5,0,,,,0.39476666,0.0,0.0,0.0,663.31
9,12,5,0,,,,0.42718333,0.0,0.0,0.0,730.3
9,13,5,0,,,,0.36968333,0.0,0.0,0.0,715.66
9,14,5,0,,,,0.31886667,0.0,0.0,0.0,636.58
9,15,5,0,,,,0.34023333,0.0,0.0,0.0,588.27
9,16,5,0,,,,0.53385,0.0,0.0,0.0,436.16
9,17,5,0,,,,0.59055,0.0,0.0,0.0,288.1
9,18,5,0,,,,3.116,0.0,0.0,0.0,90.08
9,19,5,0,,,,4.2252,0.0,0.0,0.0,0.0
9,20,5,0,,,,4.6927333,0.0,0.0,0.0,0.0
9,21,5,0,,,,4.11415,0.0,0.0,0.0,0.0
9,22,5,0,,,,3.6426666,0.0,0.0,0.0,0.0
9,23,5,0,,,,0.5947,0.0,0.0,0.0,0.0
9,24,5,0,,,,1.6012917,0.0,0.0,0.0,0.0
9,1,6,0,,,,1.1191666,0.0,0.0,0.0,0.0
9,2,6,0,,,,0.8957833,0.0,0.0,0.0,0.0
9,3,6,0,,,,0.53898335,0.0,0.0,0.0,0.0
9,4,6,0,,,,1.4651834,0.0,0.0,0.0,0.0
9,5,6,0,,,,0.6015667,0.0,0.0,0.0,0.0
9,6,6,0,,,,0.52785,0.0,0.0,0.0,0.0
9,7,6,0,,,,2.1208167,0.0,0.0,0.0,27.95
9,8,6,0,,,,0.63916665,0.0,0.0,0.0,168.99
9,9,6,0,,,,1.1700166,0.0,0.0,0.0,405.16
9,10,6,0,,,,1.3389167,0.0,0.0,0.0,565.58
9,11,6,0,,,,1.9890333,0.0,0.0,0.0,681.01
9,12,6,0,,,,1.8265166,0.0,0.0,0.0,727.67
9,13,6,0,,,,3.32665,0.0,0.0,0.0,749.11
9,14,6,0,,,,2.4063334,0.0,0.0,0.0,692.77
9,15,6,0,,,,3.5051,0.0,0.0,0.0,584.38
9,16,6,0,,,,3.9188333,0.0,0.0,0.0,453.1
9,17,6,0,,,,2.8565166,0.0,0.0,0.0,275.93
9,18,6,0,,,,3.8485167,0.0,0.0,0.0,87.18
9,19,6,0,,,,2.84045,0.0,0.0,0.0,0.0
9,20,6,0,,,,2.0567,0.0,0.0,0.0,0.0
9,21,6,0,,,,3.4982667,0.0,0.0,0.0,0.0
9,22,6,0,,,,1.7358333,0.0,0.0,0.0,0.0
9,23,6,0,,,,2.9758167,0.0,0.0,0.0,0.0
9,24,6,0,,,,1.398475,0.0,0.0,0.0,0.0
9,1,7,0,,,,1.2509167,0.0,0.0,0.0,0.0
9,2,7,0,,,,1.2754166,0.0,0.0,0.0,0.0
9,3,7,0,,,,1.2602667,0.0,0.0,0.0,0.0
9,4,7,0,,,,0.5345,0.0,0.0,0.0,0.0
9,5,7,0,,,,1.1627,0.0,0.0,0.0,0.0
9,6,7,0,,,,0.45658332,0.0,0.0,0.0,0.0
9,7,7,0,,,,1.2020833,0.0,0.0,0.0,24.5
9,8,7,0,,,,0.48138332,0.0,0.0,0.0,197.13
9,9,7,0,,,,3.2128,0.0,0.0,0.0,383.24
9,10,7,0,,,,1.5051833,0.0,0.0,0.0,537.15
9,11,7,0,,,,1.31055,0.0,0.0,0.0,651.16
9,12,7,0,,,,2.4529834,0.0,0.0,0.0,707.34
9,13,7,0,,,,3.2737167,0.0,0.0,0.0,706.9
9,14,7,0,,,,2.91555,0.0,0.0,0.0,646.0
9,15,7,0,,,,3.7370167,0.0,0.0,0.0,560.38
9,16,7,0,,,,3.9982333,0.0,0.0,0.0,431.51
9,17,7,0,,,,4.9847665,0.0,0.0,0.0,238.56
9,18,7,0,,,,4.9178667,0.0,0.0,0.0,85.1
9,19,7,0,,,,4.7749834,0.0,0.0,0.0,0.0
9,20,7,0,,,,3.7353168,0.0,0.0,0.0,0.0
9,21,7,0,,,,4.1856666,0.0,0.0,0.0,0.0
9,22,7,0,,,,1.59525,0.0,0.0,0.0,0.0
9,23,7,0,,,,0.70415,0.0,0.0,0.0,0.0
9,24,7,0,,,,0.53425,0.0,0.0,0.0,0.0
9,1,1,0,,,,0.5735667,0.0,0.0,0.0,0.0
9,2,1,0,,,,0.5539167,0.0,0.0,0.0,0.0
9,3,1,0,,,,0.5345333,0.0,0.0,0.0,0.0
9,4,1,0,,,,0.6279167,0.0,0.0,0.0,0.0
9,5,1,0,,,,0.91856664,0.0,0.0,0.0,0.0
9,6,1,0,,,,1.9390167,0.0,0.0,0.0,0.0
9,7,1,0,,,,0.8952,0.0,0.0,0.0,20.26
9,8,1,0,,,,0.53333336,0.0,0.0,0.0,185.3
9,9,1,0,,,,0.29806668,0.0,0.0,0.0,380.13
9,10,1,0,,,,0.29281667,0.0,0.0,0.0,538.7
9,11,1,0,,,,0.29313335,0.0,0.0,0.0,656.89
9,12,1,0,,,,0.29508334,0.0,0.0,0.0,712.38
9,13,1,0,,,,0.29558334,0.0,0.0,0.0,688.46
9,14,1,0,,,,0.29873332,0.0,0.0,0.0,655.55
9,15,1,0,,,,0.4385,0.0,0.0,0.0,535.88
9,16,1,0,,,,3.08945,0.0,0.0,0.0,424.69
9,17,1,0,,,,3.2970166,0.0,0.0,0.0,257.47
9,18,1,0,,,,3.9182668,0.0,0.0,0.0,79.14
9,19,1,0,,,,2.0745666,0.0,0.0,0.0,0.0
9,20,1,0,,,,5.67615,0.0,0.0,0.0,0.0
9,21,1,0,,,,2.07175,0.0,0.0,0.0,0.0
9,22,1,0,,,,1.3813833,0.0,0.0,0.0,0.0
9,23,1,0,,,,1.4646,0.0,0.0,0.0,0.0
9,24,1,0,,,,0.5598417,0.0,0.0,0.0,0.0
9,1,2,0,,,,0.56305,0.0,0.0,0.0,0.0
9,2,2,0,,,,0.8258,0.0,0.0,0.0,0.0
9,3,2,0,,,,1.2306167,0.0,0.0,0.0,0.0
9,4,2,0,,,,0.60263336,0.0,0.0,0.0,0.0
9,5,2,0,,,,1.0859166,0.0,0.0,0.0,0.0
9,6,2,0,,,,1.6520166,0.0,0.0,0.0,0.0
9,7,2,0,,,,0.47691667,0.0,0.0,0.0,10.08
9,8,2,0,,,,0.23921667,0.0,0.0,0.0,171.27
9,9,2,0,,,,0.23916666,0.0,0.0,0.0,367.91
9,10,2,0,,,,0.24068333,0.0,0.0,0.0,537.55
9,11,2,0,,,,0.24125,0.0,0.0,0.0,642.19
9,12,2,0,,,,0.24015,0.0,0.0,0.0,701.47
9,13,2,0,,,,0.23753333,0.0,0.0,0.0,702.7
9,14,2,0,,,,0.25268334,0.0,0.0,0.0,660.0
9,15,2,0,,,,0.29811665,0.0,0.0,0.0,550.49
9,16,2,0,,,,1.50395,0.0,0.0,0.0,386.63
9,17,2,0,,,,1.9099833,0.0,0.0,0.0,184.34
9,18,2,0,,,,1.3463833,0.0,0.0,0.0,48.34
9,19,2,0,,,,2.03055,0.0,0.0,0.0,0.0
9,20,2,0,,,,1.4801834,0.0,0.0,0.0,0.0
9,21,2,0,,,,1.22855,0.0,0.0,0.0,0.0
9,22,2,0,,,,0.6928833,0.0,0.0,0.0,0.0
9,23,2,0,,,,0.63638335,0.0,0.0,0.0,0.0
9,24,2,0,,,,0.63386667,0.0,0.0,0.0,0.0
9,1,3,0,,,,1.15715,0.0,0.0,0.0,0.0
9,2,3,0,,,,0.7891833,0.0,0.0,0.0,0.0
9,3,3,0,,,,0.63303334,0.0,0.0,0.0,0.0
9,4,3,0,,,,0.66933334,0.0,0.0,0.0,0.0
9,5,3,0,,,,0.9917,0.0,0.0,0.0,0.0
9,6,3,0,,,,2.30715,0.0,0.0,0.0,0.0
9,7,3,0,,,,0.82355,0.0,0.0,0.0,0.0
9,8,3,0,,,,0.28628334,0.0,0.0,0.0,63.13
9,9,3,0,,,,0.22695,0.0,0.0,0.0,15.27
9,10,3,0,,,,0.22788334,0.0,0.0,0.0,70.18
9,11,3,0,,,,0.22773333,0.0,0.0,0.0,177.39
9,12,3,0,,,,0.22935,0.0,0.0,0.0,543.9
9,13,3,0,,,,0.229,0.0,0.0,0.0,654.7
9,14,3,0,,,,0.23136666,0.0,0.0,0.0,663.29
9,15,3,0,,,,0.23815,0.0,0.0,0.0,548.73
9,16,3,0,,,,0.27906665,0.0,0.0,0.0,412.02
9,17,3,0,,,,2.58345,0.0,0.0,0.0,276.04
9,18,3,0,,,,3.4775834,0.0,0.0,0.0,72.59
9,19,3,0,,,,2.30815,0.0,0.0,0.0,0.0
9,20,3,0,,,,3.9562333,0.0,0.0,0.0,0.0
9,21,3,0,,,,1.8655,0.0,0.0,0.0,0.0
9,22,3,0,,,,0.68146664,0.0,0.0,0.0,0.0
9,23,3,0,,,,0.4173,0.0,0.0,0.0,0.0
9,24,3,0,,,,1.1510917,0.0,0.0,0.0,0.0
9,1,4,0,,,,0.42018333,0.0,0.0,0.0,0.0
9,2,4,0,,,,0.41858333,0.0,0.0,0.0,0.0
9,3,4,0,,,,0.4295,0.0,0.0,0.0,0.0
9,4,4,0,,,,0.41805,0.0,0.0,0.0,0.0
9,5,4,0,,,,0.7131,0.0,0.0,0.0,0.0
9,6,4,0,,,,1.9293667,0.0,0.0,0.0,0.0
9,7,4,0,,,,1.0324667,0.0,0.0,0.0,16.22
9,8,4,0,,,,0.5234333,0.0,0.0,0.0,193.99
9,9,4,0,,,,0.43403333,0.0,0.0,0.0,403.64
9,10,4,0,,,,0.43371665,0.0,0.0,0.0,580.13
9,11,4,0,,,,0.43731666,0.0,0.0,0.0,685.78
9,12,4,0,,,,0.43635,0.0,0.0,0.0,500.39
9,13,4,0,,,,0.41463333,0.0,0.0,0.0,455.21
9,14,4,0,,,,0.34018335,0.0,0.0,0.0,562.36
9,15,4,0,,,,0.47365,0.0,0.0,0.0,524.83
9,16,4,0,,,,0.91515,0.0,0.0,0.0,434.84
9,17,4,0,,,,0.9346667,0.0,0.0,0.0,239.23
9,18,4,0,,,,3.2920666,0.0,0.0,0.0,36.4
9,19,4,0,,,,4.1321,0.0,0.0,0.0,0.0
9,20,4,0,,,,4.7751665,0.0,0.0,0.0,0.0
9,21,4,0,,,,1.8045167,0.0,0.0,0.0,0.0
9,22,4,0,,,,1.0279833,0.0,0.0,0.0,0.0
9,23,4,0,,,,1.3363167,0.0,0.0,0.0,0.0
9,24,4,0,,,,1.2885916,0.0,0.0,0.0,0.0
9,1,5,0,,,,0.50593334,0.0,0.0,0.0,0.0
9,2,5,0,,,,1.3937666,0.0,0.0,0.0,0.0
9,3,5,0,,,,0.49853334,0.0,0.0,0.0,0.0
9,4,5,0,,,,0.5003222,0.0,0.0,0.0,0.0
9,5,5,0,,,,0.5625833,0.0,0.0,0.0,0.0
9,6,5,0,,,,2.5382166,0.0,0.0,0.0,0.0
9,7,5,0,,,,0.96568334,0.0,0.0,0.0,13.23
9,8,5,0,,,,0.43845,0.0,0.0,0.0,188.55
9,9,5,0,,,,0.83101666,0.0,0.0,0.0,107.08
9,10,5,0,,,,1.07115,0.0,0.0,0.0,307.81
9,11,5,0,,,,0.9343445,0.0,0.0,0.0,568.79
9,12,5,0,,,,0.89953333,0.0,0.0,0.0,297.56
9,13,5,0,,,,0.88905,0.0,0.0,0.0,459.81
9,14,5,0,,,,0.97823334,0.0,0.0,0.0,635.36
9,15,5,0,,,,1.1494833,0.0,0.0,0.0,553.36
9,16,5,0,,,,1.35005,0.0,0.0,0.0,422.78
9,17,5,0,,,,2.3276668,0.0,0.0,0.0,258.38
9,18,5,0,,,,3.5032666,0.0,0.0,0.0,34.55
9,19,5,0,,,,4.008217,0.0,0.0,0.0,0.0
9,20,5,0,,,,3.8107667,0.0,0.0,0.0,0.0
9,21,5,0,,,,5.154267,0.0,0.0,0.0,0.0
9,22,5,0,,,,2.1889,0.0,0.0,0.0,0.0
9,23,5,0,,,,1.6751167,0.0,0.0,0.0,0.0
9,24,5,0,,,,0.6483167,0.0,0.0,0.0,0.0
9,1,6,0,,,,1.22645,0.0,0.0,0.0,0.0
9,2,6,0,,,,0.6037,0.0,0.0,0.0,0.0
9,3,6,0,,,,0.44903332,0.0,0.0,0.0,0.0
9,4,6,0,,,,0.60468334,0.0,0.0,0.0,0.0
9,5,6,0,,,,0.4462,0.0,0.0,0.0,0.0
9,6,6,0,,,,0.45133334,0.0,0.0,0.0,0.0
9,7,6,0,,,,0.4586,0.0,0.0,0.0,0.3
9,8,6,0,,,,1.49615,0.0,0.0,0.0,196.1
9,9,6,0,,,,0.5510167,0.0,0.0,0.0,375.69
9,10,6,0,,,,1.4837,0.0,0.0,0.0,581.65
9,11,6,0,,,,2.2145333,0.0,0.0,0.0,687.25
9,12,6,0,,,,2.8568168,0.0,0.0,0.0,705.48
9,13,6,0,,,,2.9166834,0.0,0.0,0.0,752.2
9,14,6,0,,,,2.4595666,0.0,0.0,0.0,700.73
9,15,6,0,,,,2.8473833,0.0,0.0,0.0,568.53
9,16,6,0,,,,3.0488834,0.0,0.0,0.0,423.33
9,17,6,0,,,,3.9391167,0.0,0.0,0.0,245.37
9,18,6,0,,,,4.5572834,0.0,0.0,0.0,65.54
9,19,6,0,,,,3.1173167,0.0,0.0,0.0,0.0
9,20,6,0,,,,2.2598667,0.0,0.0,0.0,0.0
9,21,6,0,,,,3.5605834,0.0,0.0,0.0,0.0
9,22,6,0,,,,3.0719666,0.0,0.0,0.0,0.0
9,23,6,0,,,,2.1040332,0.0,0.0,0.0,0.0
9,24,6,0,,,,2.1611333,0.0,0.0,0.0,0.0
9,1,7,0,,,,1.3265,0.0,0.0,0.0,0.0
9,2,7,0,,,,0.8965167,0.0,0.0,0.0,0.0
9,3,7,0,,,,1.7861,0.0,0.0,0.0,0.0
9,4,7,0,,,,0.47931665,0.0,0.0,0.0,0.0
9,5,7,0,,,,1.6724666,0.0,0.0,0.0,0.0
9,6,7,0,,,,0.48448333,0.0,0.0,0.0,0.0
9,7,7,0,,,,1.7838666,0.0,0.0,0.0,0.0
9,8,7,0,,,,0.8828167,0.0,0.0,0.0,147.14
9,9,7,0,,,,3.9961166,0.0,0.0,0.0,171.32
9,10,7,0,,,,1.72665,0.0,0.0,0.0,109.08
9,11,7,0,,,,3.74295,0.0,0.0,0.0,179.01
9,12,7,0,,,,4.853433,0.0,0.0,0.0,546.81
9,13,7,0,,,,4.655,0.0,0.0,0.0,240.93
9,14,7,0,,,,4.667683,0.0,0.0,0.0,621.13
9,15,7,0,,,,4.6486,0.0,0.0,0.0,101.72
9,16,7,0,,,,4.6257334,0.0,0.0,0.0,392.67
9,17,7,0,,,,4.5403333,0.0,0.0,0.0,103.26
9,18,7,0,,,,4.4135,0.0,0.0,0.0,66.18
9,19,7,0,,,,4.182083,0.0,0.0,0.0,0.0
9,20,7,0,,,,4.892433,0.0,0.0,0.0,0.0
9,21,7,0,,,,3.9028666,0.0,0.0,0.0,0.0
9,22,7,0,,,,2.1843362,0.0,0.0,0.0,0.0
9,23,7,0,,,,2.3788333,0.0,0.0,0.0,0.0
9,24,7,0,,,,0.933075,0.0,0.0,0.0,0.0
9,1,1,0,,,,1.26475,0.0,0.0,0.0,0.0
9,2,1,0,,,,1.5197333,0.0,0.0,0.0,0.0
9,3,1,0,,,,0.7337833,0.0,0.0,0.0,0.0
9,4,1,0,,,,1.7037333,0.0,0.0,0.0,0.0
9,5,1,0,,,,0.86385,0.0,0.0,0.0,0.0
9,6,1,0,,,,4.2950335,0.0,0.0,0.0,0.0
9,7,1,0,,,,0.8340333,0.0,0.0,0.0,5.75
9,8,1,0,,,,0.24711667,0.0,0.0,0.0,71.78
9,9,1,0,,,,0.24343333,0.0,0.0,0.0,356.55
9,10,1,0,,,,0.24246667,0.0,0.0,0.0,526.84
9,11,1,0,,,,0.24046667,0.0,0.0,0.0,560.03
9,12,1,0,,,,0.24038333,0.0,0.0,0.0,348.54
9,13,1,0,,,,0.24356666,0.0,0.0,0.0,240.91
9,14,1,0,,,,0.59815,0.0,0.0,0.0,289.58
9,15,1,0,,,,4.39005,0.0,0.0,0.0,429.3
9,16,1,0,,,,4.7742167,0.0,0.0,0.0,290.98
9,17,1,0,,,,3.57455,0.0,0.0,0.0,260.67
9,18,1,0,,,,2.8231,0.0,0.0,0.0,62.16
9,19,1,0,,,,2.8487,0.0,0.0,0.0,0.0
9,20,1,0,,,,4.209767,0.0,0.0,0.0,0.0
9,21,1,0,,,,3.7188833,0.0,0.0,0.0,0.0
9,22,1,0,,,,1.66445,0.0,0.0,0.0,0.0
9,23,1,0,,,,1.9929833,0.0,0.0,0.0,0.0
9,24,1,0,,,,1.4559916,0.0,0.0,0.0,0.0
9,1,2,0,,,,1.2127334,0.0,0.0,0.0,0.0
9,2,2,0,,,,1.1323833,0.0,0.0,0.0,0.0
9,3,2,0,,,,0.5732167,0.0,0.0,0.0,0.0
9,4,2,0,,,,1.0065,0.0,0.0,0.0,0.0
9,5,2,0,,,,1.6131333,0.0,0.0,0.0,0.0
9,6,2,0,,,,2.1749666,0.0,0.0,0.0,0.0
9,7,2,0,,,,0.4034,0.0,0.0,0.0,0.0
9,8,2,0,,,,0.18931666,0.0,0.0,0.0,26.79
9,9,2,0,,,,0.18765,0.0,0.0,0.0,121.4
9,10,2,0,,,,0.18571667,0.0,0.0,0.0,226.42
9,11,2,0,,,,0.1905,0.0,0.0,0.0,372.58
9,12,2,0,,,,0.19053334,0.0,0.0,0.0,447.1
9,13,2,0,,,,0.18973333,0.0,0.0,0.0,595.9
9,14,2,0,,,,0.19241667,0.0,0.0,0.0,158.7
9,15,2,0,,,,0.5726,0.0,0.0,0.0,46.22
9,16,2,0,,,,1.1716167,0.0,0.0,0.0,78.32
9,17,2,0,,,,1.2955667,0.0,0.0,0.0,138.78
9,18,2,0,,,,1.0975833,0.0,0.0,0.0,31.03
9,19,2,0,,,,3.60395,0.0,0.0,0.0,0.0
9,20,2,0,,,,4.5346165,0.0,0.0,0.0,0.0
9,21,2,0,,,,1.18445,0.0,0.0,0.0,0.0
9,22,2,0,,,,1.4801667,0.0,0.0,0.0,0.0
9,23,2,0,,,,0.40573335,0.0,0.0,0.0,0.0
9,24,2,0,,,,1.3550416,0.0,0.0,0.0,0.0
9,1,3,0,,,,0.40306666,0.0,0.0,0.0,0.0
9,2,3,0,,,,0.40431666,0.0,0.0,0.0,0.0
9,3,3,0,,,,1.3860333,0.0,0.0,0.0,0.0
9,4,3,0,,,,0.42408332,0.0,0.0,0.0,0.0
9,5,3,0,,,,0.7035667,0.0,0.0,0.0,0.0
9,6,3,0,,,,3.0414166,0.0,0.0,0.0,0.0
9,7,3,0,,,,1.0349667,0.0,0.0,0.0,1.17
9,8,3,0,,,,0.45315,0.0,0.0,0.0,123.54
9,9,3,0,,,,0.41701666,0.0,0.0,0.0,417.59
9,10,3,0,,,,0.41765,0.0,0.0,0.0,577.66
9,11,3,0,,,,0.97216666,0.0,0.0,0.0,658.48
9,12,3,0,,,,1.9846166,0.0,0.0,0.0,756.22
9,13,3,0,,,,1.0462667,0.0,0.0,0.0,775.81
9,14,3,0,,,,2.67205,0.0,0.0,0.0,700.16
9,15,3,0,,,,2.14935,0.0,0.0,0.0,350.85
9,16,3,0,,,,5.162083,0.0,0.0,0.0,64.23
9,17,3,0,,,,2.6164834,0.0,0.0,0.0,49.59
9,18,3,0,,,,4.1690335,0.0,0.0,0.0,24.54
9,19,3,0,,,,3.4813833,0.0,0.0,0.0,0.0
9,20,3,0,,,,2.3349333,0.0,0.0,0.0,0.0
9,21,3,0,,,,2.50485,0.0,0.0,0.0,0.0
9,22,3,0,,,,0.47751668,0.0,0.0,0.0,0.0
9,23,3,0,,,,1.4161834,0.0,0.0,0.0,0.0
9,24,3,0,,,,0.40449166,0.0,0.0,0.0,0.0
9,1,4,0,,,,1.5218333,0.0,0.0,0.0,0.0
9,2,4,0,,,,0.85256666,0.0,0.0,0.0,0.0
9,3,4,0,,,,1.32875,0.0,0.0,0.0,0.0
9,4,4,0,,,,0.4062,0.0,0.0,0.0,0.0
9,5,4,0,,,,0.5772333,0.0,0.0,0.0,0.0
9,6,4,0,,,,1.8612167,0.0,0.0,0.0,0.0
9,7,4,0,,,,0.8340333,0.0,0.0,0.0,0.0
9,8,4,0,,,,0.36151665,0.0,0.0,0.0,25.38
9,9,4,0,,,,0.3973,0.0,0.0,0.0,57.71
9,10,4,0,,,,0.7370333,0.0,0.0,0.0,90.7
9,11,4,0,,,,0.6534333,0.0,0.0,0.0,121.06
9,12,4,0,,,,0.81296664,0.0,0.0,0.0,180.22
9,13,4,0,,,,0.4828,0.0,0.0,0.0,69.67
9,14,4,0,,,,0.26773334,0.0,0.0,0.0,293.18
9,15,4,0,,,,0.29601666,0.0,0.0,0.0,293.49
9,16,4,0,,,,0.26436666,0.0,0.0,0.0,310.96
9,17,4,0,,,,2.8368666,0.0,0.0,0.0,201.65
9,18,4,0,,,,2.341,0.0,0.0,0.0,45.19
9,19,4,0,,,,2.3104167,0.0,0.0,0.0,0.0
9,20,4,0,,,,2.1709166,0.0,0.0,0.0,0.0
9,21,4,0,,,,1.8903,0.0,0.0,0.0,0.0
9,22,4,0,,,,3.0983167,0.0,0.0,0.0,0.0
9,23,4,0,,,,1.80515,0.0,0.0,0.0,0.0
9,24,4,0,,,,0.65300834,0.0,0.0,0.0,0.0
9,1,5,0,,,,0.39255,0.0,0.0,0.0,0.0
9,2,5,0,,,,0.39436665,0.0,0.0,0.0,0.0
9,3,5,0,,,,0.39573333,0.0,0.0,0.0,0.0
9,4,5,0,,,,0.39426666,0.0,0.0,0.0,0.0
9,5,5,0,,,,0.40928334,0.0,0.0,0.0,0.0
9,6,5,0,,,,1.2826333,0.0,0.0,0.0,0.0
9,7,5,0,,,,1.0845,0.0,0.0,0.0,0.0
9,8,5,0,,,,0.5191639,0.0,0.0,0.0,26.67
9,9,5,0,,,,0.29106668,0.0,0.0,0.0,76.42
9,10,5,0,,,,0.31551668,0.0,0.0,0.0,307.88
9,11,5,0,,,,0.34793332,0.0,0.0,0.0,482.41
9,12,5,0,,,,0.34776667,0.0,0.0,0.0,707.2
9,13,5,0,,,,0.34235,0.0,0.0,0.0,764.12
9,14,5,0,,,,1.4952667,0.0,0.0,0.0,690.11
9,15,5,0,,,,1.42815,0.0,0.0,0.0,547.95
9,16,5,0,,,,1.6038333,0.0,0.0,0.0,426.19
9,17,5,0,,,,2.0527833,0.0,0.0,0.0,236.65
9,18,5,0,,,,2.9270833,0.0,0.0,0.0,46.17
9,19,5,0,,,,2.5910168,0.0,0.0,0.0,0.0
9,20,5,0,,,,1.8314,0.0,0.0,0.0,0.0
9,21,5,0,,,,1.9685167,0.0,0.0,0.0,0.0
9,22,5,0,,,,1.2896667,0.0,0.0,0.0,0.0
9,23,5,0,,,,1.3360833,0.0,0.0,0.0,0.0
9,24,5,0,,,,0.85043335,0.0,0.0,0.0,0.0
9,1,6,0,,,,1.0076667,0.0,0.0,0.0,0.0
9,2,6,0,,,,1.5481,0.0,0.0,0.0,0.0
9,3,6,0,,,,0.44843334,0.0,0.0,0.0,0.0
9,4,6,0,,,,0.44248334,0.0,0.0,0.0,0.0
9,5,6,0,,,,0.44006667,0.0,0.0,0.0,0.0
9,6,6,0,,,,0.50745,0.0,0.0,0.0,0.0
9,7,6,0,,,,1.58055,0.0,0.0,0.0,5.67
9,8,6,0,,,,1.8719,0.0,0.0,0.0,199.07
9,9,6,0,,,,1.01405,0.0,0.0,0.0,430.43
9,10,6,0,,,,2.6893334,0.0,0.0,0.0,598.82
9,11,6,0,,,,2.21975,0.0,0.0,0.0,703.61
9,12,6,0,,,,2.3854,0.0,0.0,0.0,756.32
9,13,6,0,,,,2.5443,0.0,0.0,0.0,747.81
9,14,6,0,,,,1.78535,0.0,0.0,0.0,634.34
9,15,6,0,,,,2.7261167,0.0,0.0,0.0,554.24
9,16,6,0,,,,2.8997166,0.0,0.0,0.0,433.91
9,17,6,0,,,,5.5255,0.0,0.0,0.0,234.51
9,18,6,0,,,,6.1588335,0.0,0.0,0.0,41.22
9,19,6,0,,,,5.3395834,0.0,0.0,0.0,0.0
9,20,6,0,,,,2.7142668,0.0,0.0,0.0,0.0
9,21,6,0,,,,2.8952668,0.0,0.0,0.0,0.0
9,22,6,0,,,,1.5738667,0.0,0.0,0.0,0.0
9,23,6,0,,,,2.7111166,0.0,0.0,0.0,0.0
9,24,6,0,,,,3.3484666,0.0,0.0,0.0,0.0
9,1,7,0,,,,2.2908666,0.0,0.0,0.0,0.0
9,2,7,0,,,,1.9652333,0.0,0.0,0.0,0.0
9,3,7,0,,,,1.2300167,0.0,0.0,0.0,0.0
9,4,7,0,,,,1.4229167,0.0,0.0,0.0,0.0
9,5,7,0,,,,1.6468834,0.0,0.0,0.0,0.0
9,6,7,0,,,,1.2396,0.0,0.0,0.0,0.0
9,7,7,0,,,,1.2268667,0.0,0.0,0.0,0.0
9,8,7,0,,,,1.59635,0.0,0.0,0.0,86.08
9,9,7,0,,,,1.9453833,0.0,0.0,0.0,302.08
9,10,7,0,,,,3.0271833,0.0,0.0,0.0,302.25
9,11,7,0,,,,4.106983,0.0,0.0,0.0,190.39
9,12,7,0,,,,2.9699,0.0,0.0,0.0,522.38
9,13,7,0,,,,2.5141,0.0,0.0,0.0,281.39
9,14,7,0,,,,4.5431666,0.0,0.0,0.0,167.7
9,15,7,0,,,,4.125867,0.0,0.0,0.0,164.79
9,16,7,0,,,,4.0969667,0.0,0.0,0.0,17.33
9,17,7,0,,,,4.3453665,0.0,0.0,0.0,6.07
9,18,7,0,,,,4.661783,0.0,0.0,0.0,25.0
9,19,7,0,,,,4.7463,0.0,0.0,0.0,0.0
9,20,7,0,,,,3.9717834,0.0,0.0,0.0,0.0
9,21,7,0,,,,4.059417,0.0,0.0,0.0,0.0
9,22,7,0,,,,2.6870167,0.0,0.0,0.0,0.0
9,23,7,0,,,,3.1690166,0.0,0.0,0.0,0.0
9,24,7,0,,,,0.829425,0.0,0.0,0.0,0.0
9,1,1,0,,,,1.5118333,0.0,0.0,0.0,0.0
9,2,1,0,,,,1.25665,0.0,0.0,0.0,0.0
9,3,1,0,,,,0.4035,0.0,0.0,0.0,0.0
9,4,1,0,,,,2.2825167,0.0,0.0,0.0,0.0
9,5,1,0,,,,1.2432,0.0,0.0,0.0,0.0
9,6,1,0,,,,4.7377334,0.0,0.0,0.0,0.0
9,7,1,0,,,,1.62275,0.0,0.0,0.0,0.0
9,8,1,0,,,,0.90176666,0.0,0.0,0.0,13.0
9,9,1,0,,,,0.7165667,0.0,0.0,0.0,33.24
9,10,1,0,,,,0.88458335,0.0,0.0,0.0,95.16
9,11,1,0,,,,1.0951834,0.0,0.0,0.0,126.57
9,12,1,0,,,,1.2409166,0.0,0.0,0.0,138.28
9,13,1,0,,,,1.01325,0.0,0.0,0.0,83.28
9,14,1,0,,,,0.8935,0.0,0.0,0.0,69.15
9,15,1,0,,,,1.73245,0.0,0.0,0.0,30.73
9,16,1,0,,,,4.5301833,0.0,0.0,0.0,13.8
9,17,1,0,,,,4.6667333,0.0,0.0,0.0,8.06
9,18,1,0,,,,4.822067,0.0,0.0,0.0,0.0
9,19,1,0,,,,4.9875336,0.0,0.0,0.0,0.0
9,20,1,0,,,,4.6029835,0.0,0.0,0.0,0.0
9,21,1,0,,,,4.50835,0.0,0.0,0.0,0.0
9,22,1,0,,,,2.1556168,0.0,0.0,0.0,0.0
9,23,1,0,,,,2.2957833,0.0,0.0,0.0,0.0
9,24,1,0,,,,1.4256667,0.0,0.0,0.0,0.0
9,1,2,0,,,,1.61935,0.0,0.0,0.0,0.0
9,2,2,0,,,,1.2309166,0.0,0.0,0.0,0.0
9,3,2,0,,,,0.98903334,0.0,0.0,0.0,0.0
9,4,2,0,,,,1.7130667,0.0,0.0,0.0,0.0
9,5,2,0,,,,1.0327667,0.0,0.0,0.0,0.0
9,6,2,0,,,,1.6547667,0.0,0.0,0.0,0.0
9,7,2,0,,,,0.97901666,0.0,0.0,0.0,0.0
9,8,2,0,,,,0.5175,0.0,0.0,0.0,17.19
9,9,2,0,,,,0.36905,0.0,0.0,0.0,38.95
9,10,2,0,,,,0.36901668,0.0,0.0,0.0,66.71
9,11,2,0,,,,0.36675,0.0,0.0,0.0,91.91
9,12,2,0,,,,0.5571833,0.0,0.0,0.0,75.06
9,13,2,0,,,,1.9579333,0.0,0.0,0.0,59.21
9,14,2,0,,,,2.3520334,0.0,0.0,0.0,45.23
9,15,2,0,,,,3.9365335,0.0,0.0,0.0,30.32
9,16,2,0,,,,3.5086,0.0,0.0,0.0,33.22
9,17,2,0,,,,3.0306168,0.0,0.0,0.0,15.57
9,18,2,0,,,,4.394883,0.0,0.0,0.0,4.01
9,19,2,0,,,,0.9953167,0.0,0.0,0.0,0.0
9,20,2,0,,,,4.2316165,0.0,0.0,0.0,0.0
9,21,2,0,,,,2.0097,0.0,0.0,0.0,0.0
9,22,2,0,,,,3.63455,0.0,0.0,0.0,0.0
9,23,2,0,,,,3.7239332,0.0,0.0,0.0,0.0
9,24,2,0,,,,0.750025,0.0,0.0,0.0,0.0
9,1,3,0,,,,1.73015,0.0,0.0,0.0,0.0
9,2,3,0,,,,1.40015,0.0,0.0,0.0,0.0
9,3,3,0,,,,0.8249,0.0,0.0,0.0,0.0
9,4,3,0,,,,0.7233667,0.0,0.0,0.0,0.0
9,5,3,0,,,,1.0699167,0.0,0.0,0.0,0.0
9,6,3,0,,,,1.7450334,0.0,0.0,0.0,0.0
9,7,3,0,,,,0.91228336,0.0,0.0,0.0,0.0
9,8,3,0,,,,0.44046667,0.0,0.0,0.0,20.66
9,9,3,0,,,,0.4357,0.0,0.0,0.0,170.37
9,10,3,0,,,,0.43656668,0.0,0.0,0.0,533.29
9,11,3,0,,,,0.4333,0.0,0.0,0.0,583.05
9,12,3,0,,,,0.43158334,0.0,0.0,0.0,672.18
9,13,3,0,,,,0.43158334,0.0,0.0,0.0,697.42
9,14,3,0,,,,0.56638336,0.0,0.0,0.0,390.29
9,15,3,0,,,,1.7529,0.0,0.0,0.0,211.31
9,16,3,0,,,,4.5030665,0.0,0.0,0.0,81.01
9,17,3,0,,,,4.2855334,0.0,0.0,0.0,81.15
9,18,3,0,,,,3.7516832,0.0,0.0,0.0,8.74
9,19,3,0,,,,4.0806,0.0,0.0,0.0,0.0
9,20,3,0,,,,4.3172,0.0,0.0,0.0,0.0
9,21,3,0,,,,1.6550167,0.0,0.0,0.0,0.0
9,22,3,0,,,,2.0350666,0.0,0.0,0.0,0.0
9,23,3,0,,,,1.19785,0.0,0.0,0.0,0.0
9,24,3,0,,,,1.3313583,0.0,0.0,0.0,0.0
9,1,4,0,,,,1.6598834,0.0,0.0,0.0,0.0
9,2,4,0,,,,0.35405,0.0,0.0,0.0,0.0
9,3,4,0,,,,1.77695,0.0,0.0,0.0,0.0
9,4,4,0,,,,0.9441,0.0,0.0,0.0,0.0
9,5,4,0,,,,0.61793333,0.0,0.0,0.0,0.0
9,6,4,0,,,,1.7682667,0.0,0.0,0.0,0.0
9,7,4,0,,,,0.6433,0.0,0.0,0.0,0.0
9,8,4,0,,,,0.37458333,0.0,0.0,0.0,25.3
9,9,4,0,,,,0.36903334,0.0,0.0,0.0,193.94
9,10,4,0,,,,0.36726665,0.0,0.0,0.0,138.42
9,11,4,0,,,,0.36473334,0.0,0.0,0.0,255.02
9,12,4,0,,,,0.36646667,0.0,0.0,0.0,351.88
9,13,4,0,,,,0.36036667,0.0,0.0,0.0,556.18
9,14,4,0,,,,0.35756665,0.0,0.0,0.0,394.74
9,15,4,0,,,,2.80505,0.0,0.0,0.0,365.55
9,16,4,0,,,,4.1569166,0.0,0.0,0.0,281.16
9,17,4,0,,,,4.29835,0.0,0.0,0.0,157.97
9,18,4,0,,,,4.18655,0.0,0.0,0.0,8.15
9,19,4,0,,,,4.2001834,0.0,0.0,0.0,0.0
9,20,4,0,,,,4.9326167,0.0,0.0,0.0,0.0
9,21,4,0,,,,2.9965832,0.0,0.0,0.0,0.0
9,22,4,0,,,,1.3532,0.0,0.0,0.0,0.0
9,23,4,0,,,,3.3913333,0.0,0.0,0.0,0.0
9,24,4,0,,,,0.49113333,0.0,0.0,0.0,0.0
9,1,5,0,,,,1.7873833,0.0,0.0,0.0,0.0
9,2,5,0,,,,0.86113334,0.0,0.0,0.0,0.0
9,3,5,0,,,,1.3664833,0.0,0.0,0.0,0.0
9,4,5,0,,,,1.15245,0.0,0.0,0.0,0.0
9,5,5,0,,,,0.6123,0.0,0.0,0.0,0.0
9,6,5,0,,,,3.52425,0.0,0.0,0.0,0.0
9,7,5,0,,,,1.1373333,0.0,0.0,0.0,0.0
9,8,5,0,,,,0.88415,0.0,0.0,0.0,65.96
9,9,5,0,,,,0.46003333,0.0,0.0,0.0,270.75
9,10,5,0,,,,0.45721668,0.0,0.0,0.0,122.3
9,11,5,0,,,,0.45756668,0.0,0.0,0.0,136.97
9,12,5,0,,,,0.4575,0.0,0.0,0.0,156.26
9,13,5,0,,,,0.45726666,0.0,0.0,0.0,266.71
9,14,5,0,,,,0.45396668,0.0,0.0,0.0,306.09
9,15,5,0,,,,0.4507,0.0,0.0,0.0,119.28
9,16,5,0,,,,0.77073336,0.0,0.0,0.0,48.76
9,17,5,0,,,,3.9461834,0.0,0.0,0.0,16.92
9,18,5,0,,,,4.1659665,0.0,0.0,0.0,6.89
9,19,5,0,,,,4.032067,0.0,0.0,0.0,0.0
9,20,5,0,,,,4.582375,0.0,0.0,0.0,0.0
9,21,5,0,,,,3.8550167,0.0,0.0,0.0,0.0
9,22,5,0,,,,3.5605333,0.0,0.0,0.0,0.0
9,23,5,0,,,,1.69385,0.0,0.0,0.0,0.0
9,24,5,0,,,,1.47735,0.0,0.0,0.0,0.0
10,1,6,0,,,,1.4465834,0.0,0.0,0.0,0.0
10,2,6,0,,,,1.3543,0.0,0.0,0.0,0.0
10,3,6,0,,,,1.3758667,0.0,0.0,0.0,0.0
10,4,6,0,,,,1.3415166,0.0,0.0,0.0,0.0
10,5,6,0,,,,1.3436667,0.0,0.0,0.0,0.0
10,6,6,0,,,,0.5913,0.0,0.0,0.0,0.0
10,7,6,0,,,,1.21075,0.0,0.0,0.0,0.0
10,8,6,0,,,,1.9307166,0.0,0.0,0.0,50.37
10,9,6,0,,,,1.5135833,0.0,0.0,0.0,96.3
10,10,6,0,,,,3.2389,0.0,0.0,0.0,127.46
10,11,6,0,,,,2.2152667,0.0,0.0,0.0,195.39
10,12,6,0,,,,2.4288,0.0,0.0,0.0,173.02
10,13,6,0,,,,2.5742667,0.0,0.0,0.0,419.71
10,14,6,0,,,,4.1302667,0.0,0.0,0.0,531.01
10,15,6,0,,,,4.301592,0.0,0.0,0.0,112.98
10,16,6,0,,,,4.85805,0.0,0.0,0.0,326.63
10,17,6,0,,,,3.9079666,0.0,0.0,0.0,208.36
10,18,6,0,,,,2.9685833,0.0,0.0,0.0,5.5
10,19,6,0,,,,2.2606332,0.0,0.0,0.0,0.0
10,20,6,0,,,,3.37565,0.0,0.0,0.0,0.0
10,21,6,0,,,,1.8818667,0.0,0.0,0.0,0.0
10,22,6,0,,,,2.35185,0.0,0.0,0.0,0.0
10,23,6,0,,,,1.47745,0.0,0.0,0.0,0.0
10,24,6,0,,,,2.9619417,0.0,0.0,0.0,0.0
10,1,7,0,,,,1.0492,0.0,0.0,0.0,0.0
10,2,7,0,,,,0.65965,0.0,0.0,0.0,0.0
10,3,7,0,,,,1.4997,0.0,0.0,0.0,0.0
10,4,7,0,,,,0.64395,0.0,0.0,0.0,0.0
10,5,7,0,,,,0.6543,0.0,0.0,0.0,0.0
10,6,7,0,,,,0.6551,0.0,0.0,0.0,0.0
10,7,7,0,,,,0.6537333,0.0,0.0,0.0,0.0
10,8,7,0,,,,0.55693334,0.0,0.0,0.0,172.47
10,9,7,0,,,,1.73105,0.0,0.0,0.0,391.49
10,10,7,0,,,,1.9261333,0.0,0.0,0.0,565.22
10,11,7,0,,,,2.1069167,0.0,0.0,0.0,679.34
10,12,7,0,,,,3.9562666,0.0,0.0,0.0,728.94
10,13,7,0,,,,1.6463166,0.0,0.0,0.0,718.99
10,14,7,0,,,,3.5435834,0.0,0.0,0.0,654.68
10,15,7,0,,,,4.6864,0.0,0.0,0.0,513.91
10,16,7,0,,,,4.06855,0.0,0.0,0.0,383.48
10,17,7,0,,,,3.8939667,0.0,0.0,0.0,179.62
10,18,7,0,,,,4.229833,0.0,0.0,0.0,3.85
10,19,7,0,,,,5.3736,0.0,0.0,0.0,0.0
10,20,7,0,,,,3.7745166,0.0,0.0,0.0,0.0
10,21,7,0,,,,2.7909667,0.0,0.0,0.0,0.0
10,22,7,0,,,,0.6788167,0.0,0.0,0.0,0.0
10,23,7,0,,,,1.7369334,0.0,0.0,0.0,0.0
10,24,7,0,,,,0.4994,0.0,0.0,0.0,0.0
10,1,1,0,,,,0.5118167,0.0,0.0,0.0,0.0
10,2,1,0,,,,0.5010667,0.0,0.0,0.0,0.0
10,3,1,0,,,,0.48313335,0.0,0.0,0.0,0.0
10,4,1,0,,,,0.6023667,0.0,0.0,0.0,0.0
10,5,1,0,,,,1.06695,0.0,0.0,0.0,0.0
10,6,1,0,,,,1.4650333,0.0,0.0,0.0,0.0
10,7,1,0,,,,0.88423336,0.0,0.0,0.0,0.0
10,8,1,0,,,,0.29686666,0.0,0.0,0.0,52.49
10,9,1,0,,,,0.29428333,0.0,0.0,0.0,150.52
10,10,1,0,,,,0.2951,0.0,0.0,0.0,222.14
10,11,1,0,,,,0.29428333,0.0,0.0,0.0,584.08
10,12,1,0,,,,0.2967,0.0,0.0,0.0,654.72
10,13,1,0,,,,0.29621667,0.0,0.0,0.0,689.95
10,14,1,0,,,,0.29878333,0.0,0.0,0.0,648.48
10,15,1,0,,,,0.32631665,0.0,0.0,0.0,516.37
10,16,1,0,,,,2.8457167,0.0,0.0,0.0,225.79
10,17,1,0,,,,0.93726665,0.0,0.0,0.0,173.69
10,18,1,0,,,,2.6907,0.0,0.0,0.0,3.33
10,19,1,0,,,,3.6970668,0.0,0.0,0.0,0.0
10,20,1,0,,,,2.3854334,0.0,0.0,0.0,0.0
10,21,1,0,,,,2.4373667,0.0,0.0,0.0,0.0
10,22,1,0,,,,1.2561333,0.0,0.0,0.0,0.0
10,23,1,0,,,,0.6439833,0.0,0.0,0.0,0.0
10,24,1,0,,,,0.6150417,0.0,0.0,0.0,0.0
10,1,2,0,,,,0.5897167,0.0,0.0,0.0,0.0
10,2,2,0,,,,0.5708167,0.0,0.0,0.0,0.0
10,3,2,0,,,,0.5654,0.0,0.0,0.0,0.0
10,4,2,0,,,,0.60468334,0.0,0.0,0.0,0.0
10,5,2,0,,,,1.1662333,0.0,0.0,0.0,0.0
10,6,2,0,,,,2.0716166,0.0,0.0,0.0,0.0
10,7,2,0,,,,1.011,0.0,0.0,0.0,0.0
10,8,2,0,,,,0.6536833,0.0,0.0,0.0,9.35
10,9,2,0,,,,0.42263332,0.0,0.0,0.0,48.36
10,10,2,0,,,,0.42216668,0.0,0.0,0.0,131.92
10,11,2,0,,,,0.42305,0.0,0.0,0.0,135.9
10,12,2,0,,,,0.42058334,0.0,0.0,0.0,157.64
10,13,2,0,,,,0.42251667,0.0,0.0,0.0,285.53
10,14,2,0,,,,0.42383334,0.0,0.0,0.0,249.81
10,15,2,0,,,,0.45208332,0.0,0.0,0.0,153.11
10,16,2,0,,,,0.7075833,0.0,0.0,0.0,48.65
10,17,2,0,,,,3.9669833,0.0,0.0,0.0,23.33
10,18,2,0,,,,3.4451168,0.0,0.0,0.0,0.0
10,19,2,0,,,,1.8307,0.0,0.0,0.0,0.0
10,20,2,0,,,,1.7674834,0.0,0.0,0.0,0.0
10,21,2,0,,,,0.7567667,0.0,0.0,0.0,0.0
10,22,2,0,,,,0.95601666,0.0,0.0,0.0,0.0
10,23,2,0,,,,1.5279167,0.0,0.0,0.0,0.0
10,24,2,0,,,,0.44501665,0.0,0.0,0.0,0.0
10,1,3,0,,,,0.4362,0.0,0.0,0.0,0.0
10,2,3,0,,,,0.43738332,0.0,0.0,0.0,0.0
10,3,3,0,,,,0.4343,0.0,0.0,0.0,0.0
10,4,3,0,,,,0.5419667,0.0,0.0,0.0,0.0
10,5,3,0,,,,0.52386665,0.0,0.0,0.0,0.0
10,6,3,0,,,,1.6069167,0.0,0.0,0.0,0.0
10,7,3,0,,,,0.95458335,0.0,0.0,0.0,0.0
10,8,3,0,,,,0.4238,0.0,0.0,0.0,6.97
10,9,3,0,,,,0.36246666,0.0,0.0,0.0,88.99
10,10,3,0,,,,0.36321667,0.0,0.0,0.0,214.96
10,11,3,0,,,,0.36558333,0.0,0.0,0.0,228.66
10,12,3,0,,,,0.36418334,0.0,0.0,0.0,184.34
10,13,3,0,,,,0.36686668,0.0,0.0,0.0,115.39
10,14,3,0,,,,0.36971667,0.0,0.0,0.0,188.08
10,15,3,0,,,,0.59533334,0.0,0.0,0.0,42.57
10,16,3,0,,,,1.8821,0.0,0.0,0.0,81.2
10,17,3,0,,,,0.84715,0.0,0.0,0.0,78.79
10,18,3,0,,,,2.7510667,0.0,0.0,0.0,0.0
10,19,3,0,,,,4.452417,0.0,0.0,0.0,0.0
10,20,3,0,,,,4.231933,0.0,0.0,0.0,0.0
10,21,3,0,,,,2.7613833,0.0,0.0,0.0,0.0
10,22,3,0,,,,1.1509,0.0,0.0,0.0,0.0
10,23,3,0,,,,1.4063333,0.0,0.0,0.0,0.0
10,24,3,0,,,,0.6818333,0.0,0.0,0.0,0.0
10,1,4,0,,,,0.52445,0.0,0.0,0.0,0.0
10,2,4,0,,,,1.3156834,0.0,0.0,0.0,0.0
10,3,4,0,,,,0.48526666,0.0,0.0,0.0,0.0
10,4,4,0,,,,0.48553333,0.0,0.0,0.0,0.0
10,5,4,0,,,,0.80576664,0.0,0.0,0.0,0.0
10,6,4,0,,,,4.540933,0.0,0.0,0.0,0.0
10,7,4,0,,,,0.9935333,0.0,0.0,0.0,0.0
10,8,4,0,,,,0.90098333,0.0,0.0,0.0,49.62
10,9,4,0,,,,0.36885,0.0,0.0,0.0,59.34
10,10,4,0,,,,0.53908336,0.0,0.0,0.0,295.7
10,11,4,0,,,,0.5437667,0.0,0.0,0.0,435.19
10,12,4,0,,,,0.7479333,0.0,0.0,0.0,385.39
10,13,4,0,,,,0.79195,0.0,0.0,0.0,458.96
10,14,4,0,,,,0.9148667,0.0,0.0,0.0,66.45
10,15,4,0,,,,1.0568666,0.0,0.0,0.0,48.39
10,16,4,0,,,,2.7612333,0.0,0.0,0.0,130.51
10,17,4,0,,,,2.9827666,0.0,0.0,0.0,56.86
10,18,4,0,,,,3.4539332,0.0,0.0,0.0,0.0
10,19,4,0,,,,1.6061167,0.0,0.0,0.0,0.0
10,20,4,0,,,,3.6379833,0.0,0.0,0.0,0.0
10,21,4,0,,,,1.7904167,0.0,0.0,0.0,0.0
10,22,4,0,,,,1.83605,0.0,0.0,0.0,0.0
10,23,4,0,,,,1.1721833,0.0,0.0,0.0,0.0
10,24,4,0,,,,1.04425,0.0,0.0,0.0,0.0
10,1,5,0,,,,0.37301666,0.0,0.0,0.0,0.0
10,2,5,0,,,,0.37545,0.0,0.0,0.0,0.0
10,3,5,0,,,,1.80595,0.0,0.0,0.0,0.0
10,4,5,0,,,,0.37568334,0.0,0.0,0.0,0.0
10,5,5,0,,,,0.37628335,0.0,0.0,0.0,0.0
10,6,5,0,,,,1.4880834,0.0,0.0,0.0,0.0
10,7,5,0,,,,2.4534,0.0,0.0,0.0,0.0
10,8,5,0,,,,0.49145,0.0,0.0,0.0,146.36
10,9,5,0,,,,0.22058333,0.0,0.0,0.0,398.4
10,10,5,0,,,,2.1426167,0.0,0.0,0.0,576.24
10,11,5,0,,,,0.40528333,0.0,0.0,0.0,567.32
10,12,5,0,,,,1.6040833,0.0,0.0,0.0,298.56
10,13,5,0,,,,1.9590917,0.0,0.0,0.0,87.98
10,14,5,0,,,,1.3145,0.0,0.0,0.0,105.09
10,15,5,0,,,,3.7904668,0.0,0.0,0.0,21.1
10,16,5,0,,,,1.6745666,0.0,0.0,0.0,80.85
10,17,5,0,,,,2.70885,0.0,0.0,0.0,22.54
10,18,5,0,,,,1.25445,0.0,0.0,0.0,0.0
10,19,5,0,,,,0.96213335,0.0,0.0,0.0,0.0
10,20,5,0,,,,1.0997833,0.0,0.0,0.0,0.0
10,21,5,0,,,,1.0499333,0.0,0.0,0.0,0.0
10,22,5,0,,,,1.1338167,0.0,0.0,0.0,0.0
10,23,5,0,,,,3.8519,0.0,0.0,0.0,0.0
10,24,5,0,,,,2.0363166,0.0,0.0,0.0,0.0
10,1,6,0,,,,2.09495,0.0,0.0,0.0,0.0
10,2,6,0,,,,0.60686666,0.0,0.0,0.0,0.0
10,3,6,0,,,,1.9086833,0.0,0.0,0.0,0.0
10,4,6,0,,,,0.5381,0.0,0.0,0.0,0.0
10,5,6,0,,,,0.53146666,0.0,0.0,0.0,0.0
10,6,6,0,,,,1.6900667,0.0,0.0,0.0,0.0
10,7,6,0,,,,0.56563336,0.0,0.0,0.0,0.0
10,8,6,0,,,,1.0005,0.0,0.0,0.0,158.22
10,9,6,0,,,,2.6427667,0.0,0.0,0.0,379.61
10,10,6,0,,,,2.6055334,0.0,0.0,0.0,584.66
10,11,6,0,,,,2.31155,0.0,0.0,0.0,692.53
10,12,6,0,,,,5.3362,0.0,0.0,0.0,739.81
10,13,6,0,,,,4.4921,0.0,0.0,0.0,731.03
10,14,6,0,,,,3.4165833,0.0,0.0,0.0,646.85
10,15,6,0,,,,1.9385,0.0,0.0,0.0,429.2
10,16,6,0,,,,4.9550667,0.0,0.0,0.0,180.71
10,17,6,0,,,,4.1615667,0.0,0.0,0.0,52.06
10,18,6,0,,,,1.3466,0.0,0.0,0.0,0.0
10,19,6,0,,,,1.73785,0.0,0.0,0.0,0.0
10,20,6,0,,,,0.8082833,0.0,0.0,0.0,0.0
10,21,6,0,,,,1.8817834,0.0,0.0,0.0,0.0
10,22,6,0,,,,1.8346833,0.0,0.0,0.0,0.0
10,23,6,0,,,,1.6659833,0.0,0.0,0.0,0.0
10,24,6,0,,,,0.86310834,0.0,0.0,0.0,0.0
10,1,7,0,,,,2.16195,0.0,0.0,0.0,0.0
10,2,7,0,,,,0.87075,0.0,0.0,0.0,0.0
10,3,7,0,,,,0.88406664,0.0,0.0,0.0,0.0
10,4,7,0,,,,1.4851667,0.0,0.0,0.0,0.0
10,5,7,0,,,,1.1361,0.0,0.0,0.0,0.0
10,6,7,0,,,,0.6349667,0.0,0.0,0.0,0.0
10,7,7,0,,,,0.63273335,0.0,0.0,0.0,0.0
10,8,7,0,,,,1.6971,0.0,0.0,0.0,9.46
10,9,7,0,,,,2.4155333,0.0,0.0,0.0,20.25
10,10,7,0,,,,2.3521833,0.0,0.0,0.0,42.59
10,11,7,0,,,,4.0972333,0.0,0.0,0.0,74.0
10,12,7,0,,,,2.9224834,0.0,0.0,0.0,260.71
10,13,7,0,,,,3.7905,0.0,0.0,0.0,157.12
10,14,7,0,,,,4.30475,0.0,0.0,0.0,252.93
10,15,7,0,,,,4.1287665,0.0,0.0,0.0,176.64
10,16,7,0,,,,6.784042,0.0,0.0,0.0,147.17
10,17,7,0,,,,5.7059665,0.0,0.0,0.0,188.94
10,18,7,0,,,,5.7444334,0.0,0.0,0.0,0.0
10,19,7,0,,,,4.5727334,0.0,0.0,0.0,0.0
10,20,7,0,,,,3.5723834,0.0,0.0,0.0,0.0
10,21,7,0,,,,6.495283,0.0,0.0,0.0,0.0
10,22,7,0,,,,3.39055,0.0,0.0,0.0,0.0
10,23,7,0,,,,1.59655,0.0,0.0,0.0,0.0
10,24,7,0,,,,2.9542,0.0,0.0,0.0,0.0
10,1,1,0,,,,1.4574667,0.0,0.0,0.0,0.0
10,2,1,0,,,,1.4558333,0.0,0.0,0.0,0.0
10,3,1,0,,,,0.88568336,0.0,0.0,0.0,0.0
10,4,1,0,,,,1.15885,0.0,0.0,0.0,0.0
10,5,1,0,,,,2.2851334,0.0,0.0,0.0,0.0
10,6,1,0,,,,1.0422833,0.0,0.0,0.0,0.0
10,7,1,0,,,,0.8800333,0.0,0.0,0.0,0.0
10,8,1,0,,,,0.44441667,0.0,0.0,0.0,44.1
10,9,1,0,,,,0.44821668,0.0,0.0,0.0,210.86
10,10,1,0,,,,0.44441667,0.0,0.0,0.0,318.61
10,11,1,0,,,,0.44468334,0.0,0.0,0.0,67.27
10,12,1,0,,,,0.9278333,0.0,0.0,0.0,138.7
10,13,1,0,,,,3.74045,0.0,0.0,0.0,575.54
10,14,1,0,,,,2.0462832,0.0,0.0,0.0,439.51
10,15,1,0,,,,3.7815666,0.0,0.0,0.0,206.71
10,16,1,0,,,,4.2141833,0.0,0.0,0.0,222.25
10,17,1,0,,,,4.3038335,0.0,0.0,0.0,70.73
10,18,1,0,,,,2.5872,0.0,0.0,0.0,0.0
10,19,1,0,,,,2.28625,0.0,0.0,0.0,0.0
10,20,1,0,,,,3.5388668,0.0,0.0,0.0,0.0
10,21,1,0,,,,3.1402333,0.0,0.0,0.0,0.0
10,22,1,0,,,,0.54356664,0.0,0.0,0.0,0.0
10,23,1,0,,,,2.1238666,0.0,0.0,0.0,0.0
10,24,1,0,,,,0.5034,0.0,0.0,0.0,0.0
10,1,2,0,,,,0.5383,0.0,0.0,0.0,0.0
10,2,2,0,,,,0.5394,0.0,0.0,0.0,0.0
10,3,2,0,,,,0.5444667,0.0,0.0,0.0,0.0
10,4,2,0,,,,1.40415,0.0,0.0,0.0,0.0
10,5,2,0,,,,1.1905333,0.0,0.0,0.0,0.0
10,6,2,0,,,,1.5054,0.0,0.0,0.0,0.0
10,7,2,0,,,,0.42098334,0.0,0.0,0.0,0.0
10,8,2,0,,,,0.38398334,0.0,0.0,0.0,52.18
10,9,2,0,,,,0.37818334,0.0,0.0,0.0,358.0
10,10,2,0,,,,0.38286668,0.0,0.0,0.0,523.13
10,11,2,0,,,,0.38196668,0.0,0.0,0.0,174.33
10,12,2,0,,,,0.37703332,0.0,0.0,0.0,285.71
10,13,2,0,,,,2.4126666,0.0,0.0,0.0,600.93
10,14,2,0,,,,0.33316666,0.0,0.0,0.0,64.25
10,15,2,0,,,,3.2764666,0.0,0.0,0.0,118.4
10,16,2,0,,,,2.3406,0.0,0.0,0.0,220.51
10,17,2,0,,,,3.5967166,0.0,0.0,0.0,121.62
10,18,2,0,,,,1.8118833,0.0,0.0,0.0,0.0
10,19,2,0,,,,1.0318834,0.0,0.0,0.0,0.0
10,20,2,0,,,,1.37835,0.0,0.0,0.0,0.0
10,21,2,0,,,,1.50965,0.0,0.0,0.0,0.0
10,22,2,0,,,,2.4624667,0.0,0.0,0.0,0.0
10,23,2,0,,,,2.2775,0.0,0.0,0.0,0.0
10,24,2,0,,,,0.4665278,0.0,0.0,0.0,0.0
10,1,3,0,,,,0.48268333,0.0,0.0,0.0,0.0
10,2,3,0,,,,0.48223335,0.0,0.0,0.0,0.0
10,3,3,0,,,,0.48263332,0.0,0.0,0.0,0.0
10,4,3,0,,,,0.5746667,0.0,0.0,0.0,0.0
10,5,3,0,,,,0.69158614,0.0,0.0,0.0,0.0
10,6,3,0,,,,1.7951666,0.0,0.0,0.0,0.0
10,7,3,0,,,,0.54406667,0.0,0.0,0.0,0.0
10,8,3,0,,,,0.23815,0.0,0.0,0.0,36.23
10,9,3,0,,,,0.23531666,0.0,0.0,0.0,148.28
10,10,3,0,,,,0.23518889,0.0,0.0,0.0,435.32
10,11,3,0,,,,0.23488334,0.0,0.0,0.0,315.93
10,12,3,0,,,,0.23291667,0.0,0.0,0.0,335.89
10,13,3,0,,,,0.23076667,0.0,0.0,0.0,308.81
10,14,3,0,,,,0.47975,0.0,0.0,0.0,154.6
10,15,3,0,,,,3.0274668,0.0,0.0,0.0,209.12
10,16,3,0,,,,3.3992167,0.0,0.0,0.0,134.05
10,17,3,0,,,,0.7755167,0.0,0.0,0.0,103.7
10,18,3,0,,,,1.4301,0.0,0.0,0.0,0.0
10,19,3,0,,,,1.5212166,0.0,0.0,0.0,0.0
10,20,3,0,,,,2.1169,0.0,0.0,0.0,0.0
10,21,3,0,,,,3.0780666,0.0,0.0,0.0,0.0
10,22,3,0,,,,0.52453333,0.0,0.0,0.0,0.0
10,23,3,0,,,,0.48071668,0.0,0.0,0.0,0.0
10,24,3,0,,,,1.3789834,0.0,0.0,0.0,0.0
10,1,4,0,,,,0.90457225,0.0,0.0,0.0,0.0
10,2,4,0,,,,0.47015,0.0,0.0,0.0,0.0
10,3,4,0,,,,0.46266666,0.0,0.0,0.0,0.0
10,4,4,0,,,,0.47121668,0.0,0.0,0.0,0.0
10,5,4,0,,,,1.13795,0.0,0.0,0.0,0.0
10,6,4,0,,,,1.7091666,0.0,0.0,0.0,0.0
10,7,4,0,,,,1.4826167,0.0,0.0,0.0,0.0
10,8,4,0,,,,0.254775,0.0,0.0,0.0,114.19
10,9,4,0,,,,0.24203333,0.0,0.0,0.0,350.64
10,10,4,0,,,,0.24068333,0.0,0.0,0.0,517.64
10,11,4,0,,,,0.2411,0.0,0.0,0.0,621.55
10,12,4,0,,,,0.24175,0.0,0.0,0.0,695.28
10,13,4,0,,,,0.24301666,0.0,0.0,0.0,635.82
10,14,4,0,,,,2.8213334,0.0,0.0,0.0,598.71
10,15,4,0,,,,2.8312166,0.0,0.0,0.0,454.11
10,16,4,0,,,,3.6244833,0.0,0.0,0.0,315.62
10,17,4,0,,,,3.5419166,0.0,0.0,0.0,114.08
10,18,4,0,,,,2.9970834,0.0,0.0,0.0,0.0
10,19,4,0,,,,3.64335,0.0,0.0,0.0,0.0
10,20,4,0,,,,2.2173834,0.0,0.0,0.0,0.0
10,21,4,0,,,,1.7965,0.0,0.0,0.0,0.0
10,22,4,0,,,,1.59905,0.0,0.0,0.0,0.0
10,23,4,0,,,,1.7420167,0.0,0.0,0.0,0.0
10,24,4,0,,,,0.4007,0.0,0.0,0.0,0.0
10,1,5,0,,,,1.2230667,0.0,0.0,0.0,0.0
10,2,5,0,,,,0.41296667,0.0,0.0,0.0,0.0
10,3,5,0,,,,0.41941667,0.0,0.0,0.0,0.0
10,4,5,0,,,,0.41413334,0.0,0.0,0.0,0.0
10,5,5,0,,,,0.40786666,0.0,0.0,0.0,0.0
10,6,5,0,,,,1.58755,0.0,0.0,0.0,0.0
10,7,5,0,,,,0.88411665,0.0,0.0,0.0,0.0
10,8,5,0,,,,0.6015667,0.0,0.0,0.0,102.87
10,9,5,0,,,,0.30998334,0.0,0.0,0.0,341.51
10,10,5,0,,,,0.31146666,0.0,0.0,0.0,512.26
10,11,5,0,,,,0.31136668,0.0,0.0,0.0,616.88
10,12,5,0,,,,0.30236667,0.0,0.0,0.0,689.12
10,13,5,0,,,,0.30348334,0.0,0.0,0.0,667.51
10,14,5,0,,,,1.3437,0.0,0.0,0.0,614.15
10,15,5,0,,,,2.5895333,0.0,0.0,0.0,439.55
10,16,5,0,,,,1.6952,0.0,0.0,0.0,334.67
10,17,5,0,,,,4.2169166,0.0,0.0,0.0,113.82
10,18,5,0,,,,2.9079332,0.0,0.0,0.0,0.0
10,19,5,0,,,,3.6583834,0.0,0.0,0.0,0.0
10,20,5,0,,,,2.3206334,0.0,0.0,0.0,0.0
10,21,5,0,,,,2.09075,0.0,0.0,0.0,0.0
10,22,5,0,,,,2.8840833,0.0,0.0,0.0,0.0
10,23,5,0,,,,0.423,0.0,0.0,0.0,0.0
10,24,5,0,,,,0.4121,0.0,0.0,0.0,0.0
10,1,6,0,,,,0.4106,0.0,0.0,0.0,0.0
10,2,6,0,,,,0.40888333,0.0,0.0,0.0,0.0
10,3,6,0,,,,0.41008332,0.0,0.0,0.0,0.0
10,4,6,0,,,,0.74223334,0.0,0.0,0.0,0.0
10,5,6,0,,,,0.7105167,0.0,0.0,0.0,0.0
10,6,6,0,,,,0.47103333,0.0,0.0,0.0,0.0
10,7,6,0,,,,0.40108332,0.0,0.0,0.0,0.0
10,8,6,0,,,,0.45983332,0.0,0.0,0.0,85.12
10,9,6,0,,,,0.4351,0.0,0.0,0.0,320.97
10,10,6,0,,,,0.94811666,0.0,0.0,0.0,482.42
10,11,6,0,,,,3.5097334,0.0,0.0,0.0,587.74
10,12,6,0,,,,3.1753333,0.0,0.0,0.0,646.51
10,13,6,0,,,,5.509567,0.0,0.0,0.0,634.19
10,14,6,0,,,,3.6096833,0.0,0.0,0.0,571.79
10,15,6,0,,,,3.6087167,0.0,0.0,0.0,411.3
10,16,6,0,,,,3.7051167,0.0,0.0,0.0,298.94
10,17,6,0,,,,3.24935,0.0,0.0,0.0,62.23
10,18,6,0,,,,2.1225667,0.0,0.0,0.0,0.0
10,19,6,0,,,,2.3566334,0.0,0.0,0.0,0.0
10,20,6,0,,,,2.1727,0.0,0.0,0.0,0.0
10,21,6,0,,,,1.7597,0.0,0.0,0.0,0.0
10,22,6,0,,,,2.6226168,0.0,0.0,0.0,0.0
10,23,6,0,,,,3.16605,0.0,0.0,0.0,0.0
10,24,6,0,,,,1.694825,0.0,0.0,0.0,0.0
10,1,7,0,,,,0.39983332,0.0,0.0,0.0,0.0
10,2,7,0,,,,0.41016668,0.0,0.0,0.0,0.0
10,3,7,0,,,,0.40376666,0.0,0.0,0.0,0.0
10,4,7,0,,,,2.06185,0.0,0.0,0.0,0.0
10,5,7,0,,,,0.99516666,0.0,0.0,0.0,0.0
10,6,7,0,,,,0.39726666,0.0,0.0,0.0,0.0
10,7,7,0,,,,0.39145,0.0,0.0,0.0,0.0
10,8,7,0,,,,0.46041667,0.0,0.0,0.0,16.68
10,9,7,0,,,,2.7270668,0.0,0.0,0.0,148.64
10,10,7,0,,,,2.7587,0.0,0.0,0.0,393.03
10,11,7,0,,,,1.6218834,0.0,0.0,0.0,642.48
10,12,7,0,,,,1.8750167,0.0,0.0,0.0,706.35
10,13,7,0,,,,3.2048,0.0,0.0,0.0,680.5
10,14,7,0,,,,1.27635,0.0,0.0,0.0,617.35
10,15,7,0,,,,1.5996,0.0,0.0,0.0,434.6
10,16,7,0,,,,2.0027332,0.0,0.0,0.0,312.34
10,17,7,0,,,,1.2557167,0.0,0.0,0.0,99.86
10,18,7,0,,,,2.0883167,0.0,0.0,0.0,0.0
10,19,7,0,,,,6.3599834,0.0,0.0,0.0,0.0
10,20,7,0,,,,3.0757,0.0,0.0,0.0,0.0
10,21,7,0,,,,1.3886334,0.0,0.0,0.0,0.0
10,22,7,0,,,,1.19835,0.0,0.0,0.0,0.0
10,23,7,0,,,,0.8980833,0.0,0.0,0.0,0.0
10,24,7,0,,,,0.46265,0.0,0.0,0.0,0.0
10,1,1,0,,,,0.4591,0.0,0.0,0.0,0.0
10,2,1,0,,,,0.45185,0.0,0.0,0.0,0.0
10,3,1,0,,,,0.44678333,0.0,0.0,0.0,0.0
10,4,1,0,,,,0.5987167,0.0,0.0,0.0,0.0
10,5,1,0,,,,0.60288334,0.0,0.0,0.0,0.0
10,6,1,0,,,,0.74408334,0.0,0.0,0.0,0.0
10,7,1,0,,,,0.2197,0.0,0.0,0.0,0.0
10,8,1,0,,,,0.75671667,0.0,0.0,0.0,89.3
10,9,1,0,,,,0.38241667,0.0,0.0,0.0,330.58
10,10,1,0,,,,0.22511667,0.0,0.0,0.0,498.77
10,11,1,0,,,,0.22353333,0.0,0.0,0.0,617.88
10,12,1,0,,,,0.22706667,0.0,0.0,0.0,683.31
10,13,1,0,,,,0.22508334,0.0,0.0,0.0,656.88
10,14,1,0,,,,0.22596666,0.0,0.0,0.0,600.06
10,15,1,0,,,,0.39231667,0.0,0.0,0.0,448.02
10,16,1,0,,,,1.6843667,0.0,0.0,0.0,321.02
10,17,1,0,,,,1.08575,0.0,0.0,0.0,88.25
10,18,1,0,,,,0.8739667,0.0,0.0,0.0,0.0
10,19,1,0,,,,1.3633167,0.0,0.0,0.0,0.0
10,20,1,0,,,,3.0089667,0.0,0.0,0.0,0.0
10,21,1,0,,,,0.75515,0.0,0.0,0.0,0.0
10,22,1,0,,,,0.47311667,0.0,0.0,0.0,0.0
10,23,1,0,,,,0.3953,0.0,0.0,0.0,0.0
10,24,1,0,,,,0.39376667,0.0,0.0,0.0,0.0
10,1,2,0,,,,0.39618334,0.0,0.0,0.0,0.0
10,2,2,0,,,,0.39601666,0.0,0.0,0.0,0.0
10,3,2,0,,,,0.39653334,0.0,0.0,0.0,0.0
10,4,2,0,,,,0.43051666,0.0,0.0,0.0,0.0
10,5,2,0,,,,1.0251833,0.0,0.0,0.0,0.0
10,6,2,0,,,,1.49275,0.0,0.0,0.0,0.0
10,7,2,0,,,,0.8383333,0.0,0.0,0.0,0.0
10,8,2,0,,,,0.88415,0.0,0.0,0.0,84.71
10,9,2,0,,,,0.43226665,0.0,0.0,0.0,322.43
10,10,2,0,,,,0.2876,0.0,0.0,0.0,487.72
10,11,2,0,,,,0.28786665,0.0,0.0,0.0,605.1
10,12,2,0,,,,0.28916666,0.0,0.0,0.0,656.0
10,13,2,0,,,,0.2894,0.0,0.0,0.0,637.9
10,14,2,0,,,,0.28993332,0.0,0.0,0.0,589.97
10,15,2,0,,,,0.33513334,0.0,0.0,0.0,464.19
10,16,2,0,,,,3.5074,0.0,0.0,0.0,321.8
10,17,2,0,,,,4.0020666,0.0,0.0,0.0,83.01
10,18,2,0,,,,1.23005,0.0,0.0,0.0,0.0
10,19,2,0,,,,2.8126833,0.0,0.0,0.0,0.0
10,20,2,0,,,,1.7218333,0.0,0.0,0.0,0.0
10,21,2,0,,,,3.2134666,0.0,0.0,0.0,0.0
10,22,2,0,,,,3.3417,0.0,0.0,0.0,0.0
10,23,2,0,,,,2.6926167,0.0,0.0,0.0,0.0
10,24,2,0,,,,0.36675835,0.0,0.0,0.0,0.0
10,1,3,0,,,,0.35395,0.0,0.0,0.0,0.0
10,2,3,0,,,,0.35028332,0.0,0.0,0.0,0.0
10,3,3,0,,,,0.34893334,0.0,0.0,0.0,0.0
10,4,3,0,,,,0.49643335,0.0,0.0,0.0,0.0
10,5,3,0,,,,2.4086332,0.0,0.0,0.0,0.0
10,6,3,0,,,,1.25155,0.0,0.0,0.0,0.0
10,7,3,0,,,,0.9027,0.0,0.0,0.0,0.0
10,8,3,0,,,,0.58428335,0.0,0.0,0.0,46.59
10,9,3,0,,,,0.31965,0.0,0.0,0.0,259.5
10,10,3,0,,,,0.31998333,0.0,0.0,0.0,450.24
10,11,3,0,,,,0.32021666,0.0,0.0,0.0,578.9
10,12,3,0,,,,0.31866667,0.0,0.0,0.0,638.69
10,13,3,0,,,,0.32116666,0.0,0.0,0.0,643.3
10,14,3,0,,,,1.10435,0.0,0.0,0.0,594.41
10,15,3,0,,,,3.7337167,0.0,0.0,0.0,490.18
10,16,3,0,,,,2.8866,0.0,0.0,0.0,304.12
10,17,3,0,,,,3.9657333,0.0,0.0,0.0,79.36
10,18,3,0,,,,3.9342666,0.0,0.0,0.0,0.0
10,19,3,0,,,,4.3177,0.0,0.0,0.0,0.0
10,20,3,0,,,,3.9032834,0.0,0.0,0.0,0.0
10,21,3,0,,,,2.2114,0.0,0.0,0.0,0.0
10,22,3,0,,,,1.3339,0.0,0.0,0.0,0.0
10,23,3,0,,,,1.24995,0.0,0.0,0.0,0.0
10,24,3,0,,,,1.7088,0.0,0.0,0.0,0.0
10,1,4,0,,,,0.6041833,0.0,0.0,0.0,0.0
10,2,4,0,,,,1.2879,0.0,0.0,0.0,0.0
10,3,4,0,,,,1.5654833,0.0,0.0,0.0,0.0
10,4,4,0,,,,0.4187,0.0,0.0,0.0,0.0
10,5,4,0,,,,1.4536,0.0,0.0,0.0,0.0
10,6,4,0,,,,2.8152168,0.0,0.0,0.0,0.0
10,7,4,0,,,,0.8595833,0.0,0.0,0.0,0.0
10,8,4,0,,,,0.46203333,0.0,0.0,0.0,51.33
10,9,4,0,,,,0.26526666,0.0,0.0,0.0,126.78
10,10,4,0,,,,0.25873333,0.0,0.0,0.0,482.24
10,11,4,0,,,,0.25228333,0.0,0.0,0.0,591.97
10,12,4,0,,,,0.2456,0.0,0.0,0.0,653.12
10,13,4,0,,,,0.24453333,0.0,0.0,0.0,650.32
10,14,4,0,,,,0.24698333,0.0,0.0,0.0,597.65
10,15,4,0,,,,0.24868333,0.0,0.0,0.0,483.27
10,16,4,0,,,,3.2894332,0.0,0.0,0.0,313.17
10,17,4,0,,,,5.23355,0.0,0.0,0.0,70.85
10,18,4,0,,,,5.8226833,0.0,0.0,0.0,0.0
10,19,4,0,,,,7.3350997,0.0,0.0,0.0,0.0
10,20,4,0,,,,5.742767,0.0,0.0,0.0,0.0
10,21,4,0,,,,4.8183,0.0,0.0,0.0,0.0
10,22,4,0,,,,4.2963667,0.0,0.0,0.0,0.0
10,23,4,0,,,,3.8445666,0.0,0.0,0.0,0.0
10,24,4,0,,,,1.95225,0.0,0.0,0.0,0.0
10,1,5,0,,,,1.3305167,0.0,0.0,0.0,0.0
10,2,5,0,,,,1.0608333,0.0,0.0,0.0,0.0
10,3,5,0,,,,2.9205,0.0,0.0,0.0,0.0
10,4,5,0,,,,1.0148166,0.0,0.0,0.0,0.0
10,5,5,0,,,,1.00875,0.0,0.0,0.0,0.0
10,6,5,0,,,,3.5578666,0.0,0.0,0.0,0.0
10,7,5,0,,,,0.84493333,0.0,0.0,0.0,0.0
10,8,5,0,,,,0.4075,0.0,0.0,0.0,6.32
10,9,5,0,,,,0.25021666,0.0,0.0,0.0,54.81
10,10,5,0,,,,0.2486,0.0,0.0,0.0,102.13
10,11,5,0,,,,0.24763334,0.0,0.0,0.0,124.42
10,12,5,0,,,,0.24691667,0.0,0.0,0.0,108.67
10,13,5,0,,,,0.24503334,0.0,0.0,0.0,124.74
10,14,5,0,,,,0.24461667,0.0,0.0,0.0,193.63
10,15,5,0,,,,0.24556667,0.0,0.0,0.0,209.19
10,16,5,0,,,,0.97533333,0.0,0.0,0.0,295.68
10,17,5,0,,,,3.9164333,0.0,0.0,0.0,79.64
10,18,5,0,,,,3.4547,0.0,0.0,0.0,0.0
10,19,5,0,,,,2.1650167,0.0,0.0,0.0,0.0
10,20,5,0,,,,2.5797834,0.0,0.0,0.0,0.0
10,21,5,0,,,,3.8603666,0.0,0.0,0.0,0.0
10,22,5,0,,,,3.7657666,0.0,0.0,0.0,0.0
10,23,5,0,,,,4.1980834,0.0,0.0,0.0,0.0
10,24,5,0,,,,3.7050083,0.0,0.0,0.0,0.0
10,1,6,0,,,,3.5395,0.0,0.0,0.0,0.0
10,2,6,0,,,,3.2904334,0.0,0.0,0.0,0.0
10,3,6,0,,,,2.5479834,0.0,0.0,0.0,0.0
10,4,6,0,,,,0.47158334,0.0,0.0,0.0,0.0
10,5,6,0,,,,0.49536666,0.0,0.0,0.0,0.0
10,6,6,0,,,,0.5571,0.0,0.0,0.0,0.0
10,7,6,0,,,,0.7888,0.0,0.0,0.0,0.0
10,8,6,0,,,,0.73075,0.0,0.0,0.0,5.21
10,9,6,0,,,,1.2972833,0.0,0.0,0.0,87.74
10,10,6,0,,,,1.0247834,0.0,0.0,0.0,103.69
10,11,6,0,,,,0.8060667,0.0,0.0,0.0,310.13
10,12,6,0,,,,0.93296665,0.0,0.0,0.0,490.44
10,13,6,0,,,,3.8448834,0.0,0.0,0.0,517.11
10,14,6,0,,,,4.248,0.0,0.0,0.0,540.17
10,15,6,0,,,,4.7413335,0.0,0.0,0.0,405.7
10,16,6,0,,,,4.4767165,0.0,0.0,0.0,230.77
10,17,6,0,,,,4.34865,0.0,0.0,0.0,60.4
10,18,6,0,,,,4.23205,0.0,0.0,0.0,0.0
10,19,6,0,,,,5.45455,0.0,0.0,0.0,0.0
10,20,6,0,,,,3.9098334,0.0,0.0,0.0,0.0
10,21,6,0,,,,2.4389834,0.0,0.0,0.0,0.0
10,22,6,0,,,,2.6495333,0.0,0.0,0.0,0.0
10,23,6,0,,,,0.6069667,0.0,0.0,0.0,0.0
10,24,6,0,,,,0.302325,0.0,0.0,0.0,0.0
10,1,7,0,,,,2.43635,0.0,0.0,0.0,0.0
10,2,7,0,,,,2.3041,0.0,0.0,0.0,0.0
10,3,7,0,,,,0.30106667,0.0,0.0,0.0,0.0
10,4,7,0,,,,1.3505833,0.0,0.0,0.0,0.0
10,5,7,0,,,,0.28081667,0.0,0.0,0.0,0.0
10,6,7,0,,,,0.29416665,0.0,0.0,0.0,0.0
10,7,7,0,,,,0.32011667,0.0,0.0,0.0,0.0
10,8,7,0,,,,1.9294833,0.0,0.0,0.0,0.0
10,9,7,0,,,,1.0393333,0.0,0.0,0.0,87.77
10,10,7,0,,,,0.82418334,0.0,0.0,0.0,174.81
10,11,7,0,,,,1.0384834,0.0,0.0,0.0,297.31
10,12,7,0,,,,1.5816166,0.0,0.0,0.0,267.16
10,13,7,0,,,,2.8286333,0.0,0.0,0.0,494.24
10,14,7,0,,,,4.3095164,0.0,0.0,0.0,440.26
10,15,7,0,,,,6.153217,0.0,0.0,0.0,254.45
10,16,7,0,,,,2.42045,0.0,0.0,0.0,210.98
10,17,7,0,,,,3.0152333,0.0,0.0,0.0,39.83
10,18,7,0,,,,3.69825,0.0,0.0,0.0,0.0
10,19,7,0,,,,0.97675,0.0,0.0,0.0,0.0
10,20,7,0,,,,1.1385833,0.0,0.0,0.0,0.0
10,21,7,0,,,,0.53323334,0.0,0.0,0.0,0.0
10,22,7,0,,,,3.1704667,0.0,0.0,0.0,0.0
10,23,7,0,,,,1.94345,0.0,0.0,0.0,0.0
10,24,7,0,,,,0.38590834,0.0,0.0,0.0,0.0
10,1,1,0,,,,0.41723335,0.0,0.0,0.0,0.0
10,2,1,0,,,,0.41073334,0.0,0.0,0.0,0.0
10,3,1,0,,,,0.40221667,0.0,0.0,0.0,0.0
10,4,1,0,,,,0.52453333,0.0,0.0,0.0,0.0
10,5,1,0,,,,1.6076334,0.0,0.0,0.0,0.0
10,6,1,0,,,,3.8502333,0.0,0.0,0.0,0.0
10,7,1,0,,,,0.58393335,0.0,0.0,0.0,0.0
10,8,1,0,,,,0.24076666,0.0,0.0,0.0,4.61
10,9,1,0,,,,0.25208333,0.0,0.0,0.0,52.73
10,10,1,0,,,,0.25165,0.0,0.0,0.0,131.84
10,11,1,0,,,,0.24358334,0.0,0.0,0.0,174.64
10,12,1,0,,,,0.24146667,0.0,0.0,0.0,136.33
10,13,1,0,,,,0.23751667,0.0,0.0,0.0,144.82
10,14,1,0,,,,0.23928334,0.0,0.0,0.0,227.13
10,15,1,0,,,,0.27748334,0.0,0.0,0.0,216.12
10,16,1,0,,,,0.5709,0.0,0.0,0.0,74.71
10,17,1,0,,,,0.8466833,0.0,0.0,0.0,5.05
10,18,1,0,,,,0.81815,0.0,0.0,0.0,0.0
10,19,1,0,,,,1.26635,0.0,0.0,0.0,0.0
10,20,1,0,,,,1.2847333,0.0,0.0,0.0,0.0
10,21,1,0,,,,2.7395,0.0,0.0,0.0,0.0
10,22,1,0,,,,0.5459333,0.0,0.0,0.0,0.0
10,23,1,0,,,,0.42448333,0.0,0.0,0.0,0.0
10,24,1,0,,,,0.40023333,0.0,0.0,0.0,0.0
10,1,2,0,,,,0.40058333,0.0,0.0,0.0,0.0
10,2,2,0,,,,0.4057111,0.0,0.0,0.0,0.0
10,3,2,0,,,,0.40015,0.0,0.0,0.0,0.0
10,4,2,0,,,,0.5394667,0.0,0.0,0.0,0.0
10,5,2,0,,,,1.1548166,0.0,0.0,0.0,0.0
10,6,2,0,,,,1.3377833,0.0,0.0,0.0,0.0
10,7,2,0,,,,0.67871666,0.0,0.0,0.0,0.0
10,8,2,0,,,,0.35116667,0.0,0.0,0.0,0.69
10,9,2,0,,,,0.34605,0.0,0.0,0.0,34.14
10,10,2,0,,,,0.33918333,0.0,0.0,0.0,63.18
10,11,2,0,,,,0.3379,0.0,0.0,0.0,77.86
10,12,2,0,,,,0.33315,0.0,0.0,0.0,55.1
10,13,2,0,,,,0.32741666,0.0,0.0,0.0,55.01
10,14,2,0,,,,0.31731668,0.0,0.0,0.0,41.29
10,15,2,0,,,,0.323975,0.0,0.0,0.0,23.76
10,16,2,0,,,,2.32565,0.0,0.0,0.0,14.87
10,17,2,0,,,,3.7728333,0.0,0.0,0.0,0.87
10,18,2,0,,,,2.551,0.0,0.0,0.0,0.0
10,19,2,0,,,,1.60835,0.0,0.0,0.0,0.0
10,20,2,0,,,,1.2915167,0.0,0.0,0.0,0.0
10,21,2,0,,,,1.19865,0.0,0.0,0.0,0.0
10,22,2,0,,,,0.52893335,0.0,0.0,0.0,0.0
10,23,2,0,,,,0.43881667,0.0,0.0,0.0,0.0
10,24,2,0,,,,0.43945834,0.0,0.0,0.0,0.0
10,1,3,0,,,,0.43641666,0.0,0.0,0.0,0.0
10,2,3,0,,,,0.43443334,0.0,0.0,0.0,0.0
10,3,3,0,,,,0.4367,0.0,0.0,0.0,0.0
10,4,3,0,,,,0.5669,0.0,0.0,0.0,0.0
10,5,3,0,,,,1.0765834,0.0,0.0,0.0,0.0
10,6,3,0,,,,1.2683166,0.0,0.0,0.0,0.0
10,7,3,0,,,,0.60931665,0.0,0.0,0.0,0.0
10,8,3,0,,,,1.8298334,0.0,0.0,0.0,0.33
10,9,3,0,,,,1.117989,0.0,0.0,0.0,31.49
10,10,3,0,,,,1.0127667,0.0,0.0,0.0,68.72
10,11,3,0,,,,1.2955333,0.0,0.0,0.0,98.06
10,12,3,0,,,,1.2175333,0.0,0.0,0.0,48.44
10,13,3,0,,,,1.1022834,0.0,0.0,0.0,126.24
10,14,3,0,,,,0.8555833,0.0,0.0,0.0,188.5
10,15,3,0,,,,0.88533336,0.0,0.0,0.0,27.39
10,16,3,0,,,,3.8281834,0.0,0.0,0.0,12.28
10,17,3,0,,,,3.6179,0.0,0.0,0.0,4.51
10,18,3,0,,,,3.6699667,0.0,0.0,0.0,0.0
10,19,3,0,,,,3.6876667,0.0,0.0,0.0,0.0
10,20,3,0,,,,3.48135,0.0,0.0,0.0,0.0
10,21,3,0,,,,3.3472667,0.0,0.0,0.0,0.0
10,22,3,0,,,,3.5671666,0.0,0.0,0.0,0.0
10,23,3,0,,,,3.4410667,0.0,0.0,0.0,0.0
10,24,3,0,,,,3.156,0.0,0.0,0.0,0.0
10,1,4,0,,,,3.1444833,0.0,0.0,0.0,0.0
10,2,4,0,,,,3.1302667,0.0,0.0,0.0,0.0
10,3,4,0,,,,1.4536834,0.0,0.0,0.0,0.0
10,4,4,0,,,,0.35678333,0.0,0.0,0.0,0.0
10,5,4,0,,,,0.65888333,0.0,0.0,0.0,0.0
10,6,4,0,,,,1.5415167,0.0,0.0,0.0,0.0
10,7,4,0,,,,0.42433333,0.0,0.0,0.0,0.0
10,8,4,0,,,,1.2475166,0.0,0.0,0.0,1.56
10,9,4,0,,,,2.199,0.0,0.0,0.0,39.94
10,10,4,0,,,,0.7873,0.0,0.0,0.0,90.43
10,11,4,0,,,,3.2002168,0.0,0.0,0.0,125.52
10,12,4,0,,,,5.863917,0.0,0.0,0.0,237.18
10,13,4,0,,,,2.8733168,0.0,0.0,0.0,564.47
10,14,4,0,,,,1.84265,0.0,0.0,0.0,579.4
10,15,4,0,,,,2.1018667,0.0,0.0,0.0,479.66
10,16,4,0,,,,2.4533834,0.0,0.0,0.0,277.11
10,17,4,0,,,,0.8911333,0.0,0.0,0.0,8.25
10,18,4,0,,,,2.2914,0.0,0.0,0.0,0.0
10,19,4,0,,,,2.3230333,0.0,0.0,0.0,0.0
10,20,4,0,,,,4.56905,0.0,0.0,0.0,0.0
10,21,4,0,,,,4.1450334,0.0,0.0,0.0,0.0
10,22,4,0,,,,1.7163944,0.0,0.0,0.0,0.0
10,23,4,0,,,,0.9751,0.0,0.0,0.0,0.0
10,24,4,0,,,,0.4968,0.0,0.0,0.0,0.0
10,1,5,0,,,,2.2728333,0.0,0.0,0.0,0.0
10,2,5,0,,,,3.2475834,0.0,0.0,0.0,0.0
10,3,5,0,,,,3.1816666,0.0,0.0,0.0,0.0
10,4,5,0,,,,1.5115833,0.0,0.0,0.0,0.0
10,5,5,0,,,,0.44573334,0.0,0.0,0.0,0.0
10,6,5,0,,,,1.6393833,0.0,0.0,0.0,0.0
10,7,5,0,,,,1.0569834,0.0,0.0,0.0,0.0
10,8,5,0,,,,0.95196664,0.0,0.0,0.0,0.0
10,9,5,0,,,,0.8912167,0.0,0.0,0.0,18.41
10,10,5,0,,,,0.57498336,0.0,0.0,0.0,70.06
10,11,5,0,,,,0.3357,0.0,0.0,0.0,110.36
10,12,5,0,,,,0.33955,0.0,0.0,0.0,39.34
10,13,5,0,,,,0.3352,0.0,0.0,0.0,18.38
10,14,5,0,,,,0.33616668,0.0,0.0,0.0,40.2
10,15,5,0,,,,2.26635,0.0,0.0,0.0,32.06
10,16,5,0,,,,3.9708834,0.0,0.0,0.0,17.13
10,17,5,0,,,,3.9786832,0.0,0.0,0.0,0.18
10,18,5,0,,,,4.01965,0.0,0.0,0.0,0.0
10,19,5,0,,,,1.9821666,0.0,0.0,0.0,0.0
10,20,5,0,,,,1.1953666,0.0,0.0,0.0,0.0
10,21,5,0,,,,1.2154833,0.0,0.0,0.0,0.0
10,22,5,0,,,,3.5809834,0.0,0.0,0.0,0.0
10,23,5,0,,,,1.83055,0.0,0.0,0.0,0.0
10,24,5,0,,,,0.58881664,0.0,0.0,0.0,0.0
10,1,6,0,,,,0.59435,0.0,0.0,0.0,0.0
10,2,6,0,,,,0.5967,0.0,0.0,0.0,0.0
10,3,6,0,,,,0.5993,0.0,0.0,0.0,0.0
10,4,6,0,,,,0.59943336,0.0,0.0,0.0,0.0
10,5,6,0,,,,0.59675,0.0,0.0,0.0,0.0
10,6,6,0,,,,0.59495,0.0,0.0,0.0,0.0
10,7,6,0,,,,0.5474667,0.0,0.0,0.0,0.0
10,8,6,0,,,,0.75925,0.0,0.0,0.0,20.2
10,9,6,0,,,,2.6644833,0.0,0.0,0.0,271.07
10,10,6,0,,,,2.28295,0.0,0.0,0.0,449.5
10,11,6,0,,,,3.6186833,0.0,0.0,0.0,197.89
10,12,6,0,,,,4.62185,0.0,0.0,0.0,256.09
10,13,6,0,,,,3.3762667,0.0,0.0,0.0,631.42
10,14,6,0,,,,4.0393,0.0,0.0,0.0,79.35
10,15,6,0,,,,4.110833,0.0,0.0,0.0,179.73
10,16,6,0,,,,4.4473,0.0,0.0,0.0,170.74
10,17,6,0,,,,4.3374834,0.0,0.0,0.0,6.78
10,18,6,0,,,,5.6001167,0.0,0.0,0.0,0.0
10,19,6,0,,,,4.50065,0.0,0.0,0.0,0.0
10,20,6,0,,,,4.4225335,0.0,0.0,0.0,0.0
10,21,6,0,,,,4.9762,0.0,0.0,0.0,0.0
10,22,6,0,,,,4.1046667,0.0,0.0,0.0,0.0
10,23,6,0,,,,3.3505666,0.0,0.0,0.0,0.0
10,24,6,0,,,,3.3962584,0.0,0.0,0.0,0.0
10,1,7,0,,,,2.30315,0.0,0.0,0.0,0.0
10,2,7,0,,,,0.4925,0.0,0.0,0.0,0.0
10,3,7,0,,,,0.47965834,0.0,0.0,0.0,0.0
10,4,7,0,,,,0.45075,0.0,0.0,0.0,0.0
10,5,7,0,,,,0.44916666,0.0,0.0,0.0,0.0
10,6,7,0,,,,0.44691667,0.0,0.0,0.0,0.0
10,7,7,0,,,,0.44608334,0.0,0.0,0.0,0.0
10,8,7,0,,,,0.51248336,0.0,0.0,0.0,21.06
10,9,7,0,,,,2.4871833,0.0,0.0,0.0,302.22
10,10,7,0,,,,1.1721667,0.0,0.0,0.0,134.21
10,11,7,0,,,,2.1041167,0.0,0.0,0.0,259.65
10,12,7,0,,,,4.6514,0.0,0.0,0.0,74.77
10,13,7,0,,,,4.0783167,0.0,0.0,0.0,628.21
10,14,7,0,,,,4.8003,0.0,0.0,0.0,615.04
10,15,7,0,,,,3.8816333,0.0,0.0,0.0,478.08
10,16,7,0,,,,3.6248834,0.0,0.0,0.0,279.61
10,17,7,0,,,,3.1244667,0.0,0.0,0.0,5.3
10,18,7,0,,,,1.9098166,0.0,0.0,0.0,0.0
10,19,7,0,,,,1.8592833,0.0,0.0,0.0,0.0
10,20,7,0,,,,3.3223333,0.0,0.0,0.0,0.0
10,21,7,0,,,,1.1239,0.0,0.0,0.0,0.0
10,22,7,0,,,,0.8436,0.0,0.0,0.0,0.0
10,23,7,0,,,,0.50105,0.0,0.0,0.0,0.0
10,24,7,0,,,,0.43821666,0.0,0.0,0.0,0.0
10,1,1,0,,,,0.4389,0.0,0.0,0.0,0.0
10,2,1,0,,,,0.4406,0.0,0.0,0.0,0.0
10,3,1,0,,,,0.43678334,0.0,0.0,0.0,0.0
10,4,1,0,,,,0.42713332,0.0,0.0,0.0,0.0
10,5,1,0,,,,0.5772333,0.0,0.0,0.0,0.0
10,6,1,0,,,,1.3469833,0.0,0.0,0.0,0.0
10,7,1,0,,,,1.0310833,0.0,0.0,0.0,0.0
10,8,1,0,,,,0.60936666,0.0,0.0,0.0,0.0
10,9,1,0,,,,0.8221167,0.0,0.0,0.0,78.81
10,10,1,0,,,,0.7438667,0.0,0.0,0.0,470.04
10,11,1,0,,,,1.329,0.0,0.0,0.0,566.17
10,12,1,0,,,,1.7742833,0.0,0.0,0.0,631.42
10,13,1,0,,,,1.4030334,0.0,0.0,0.0,57.98
10,14,1,0,,,,1.2158333,0.0,0.0,0.0,48.35
10,15,1,0,,,,0.71138334,0.0,0.0,0.0,29.67
10,16,1,0,,,,1.05585,0.0,0.0,0.0,89.8
10,17,1,0,,,,0.8741,0.0,0.0,0.0,0.23
10,18,1,0,,,,0.5633,0.0,0.0,0.0,0.0
10,19,1,0,,,,0.76411664,0.0,0.0,0.0,0.0
10,20,1,0,,,,2.8094666,0.0,0.0,0.0,0.0
10,21,1,0,,,,3.22475,0.0,0.0,0.0,0.0
10,22,1,0,,,,2.3217833,0.0,0.0,0.0,0.0
10,23,1,0,,,,0.557,0.0,0.0,0.0,0.0
10,24,1,0,,,,0.54691666,0.0,0.0,0.0,0.0
11,1,2,0,,,,0.41303334,0.0,0.0,0.0,0.0
11,2,2,0,,,,0.9326,0.0,0.0,0.0,0.0
11,3,2,0,,,,0.39535,0.0,0.0,0.0,0.0
11,4,2,0,,,,0.39645,0.0,0.0,0.0,0.0
11,5,2,0,,,,0.3916,0.0,0.0,0.0,0.0
11,6,2,0,,,,1.2888833,0.0,0.0,0.0,0.0
11,7,2,0,,,,0.87965,0.0,0.0,0.0,0.0
11,8,2,0,,,,0.60068333,0.0,0.0,0.0,10.91
11,9,2,0,,,,0.32891667,0.0,0.0,0.0,273.17
11,10,2,0,,,,0.32455,0.0,0.0,0.0,481.86
11,11,2,0,,,,0.79508334,0.0,0.0,0.0,592.95
11,12,2,0,,,,0.88463336,0.0,0.0,0.0,202.49
11,13,2,0,,,,0.31235,0.0,0.0,0.0,270.32
11,14,2,0,,,,0.3075,0.0,0.0,0.0,191.32
11,15,2,0,,,,0.29986668,0.0,0.0,0.0,395.21
11,16,2,0,,,,0.32646668,0.0,0.0,0.0,192.22
11,17,2,0,,,,0.38671666,0.0,0.0,0.0,1.82
11,18,2,0,,,,1.3097667,0.0,0.0,0.0,0.0
11,19,2,0,,,,1.7061334,0.0,0.0,0.0,0.0
11,20,2,0,,,,1.45935,0.0,0.0,0.0,0.0
11,21,2,0,,,,1.1200833,0.0,0.0,0.0,0.0
11,22,2,0,,,,0.88605,0.0,0.0,0.0,0.0
11,23,2,0,,,,0.68795,0.0,0.0,0.0,0.0
11,24,2,0,,,,1.0473334,0.0,0.0,0.0,0.0
11,1,3,0,,,,0.7414167,0.0,0.0,0.0,0.0
11,2,3,0,,,,0.5096667,0.0,0.0,0.0,0.0
11,3,3,0,,,,0.50843334,0.0,0.0,0.0,0.0
11,4,3,0,,,,0.56736666,0.0,0.0,0.0,0.0
11,5,3,0,,,,1.35345,0.0,0.0,0.0,0.0
11,6,3,0,,,,2.0672667,0.0,0.0,0.0,0.0
11,7,3,0,,,,1.3117833,0.0,0.0,0.0,0.0
11,8,3,0,,,,1.3644834,0.0,0.0,0.0,0.0
11,9,3,0,,,,0.77356666,0.0,0.0,0.0,88.85
11,10,3,0,,,,0.77636665,0.0,0.0,0.0,286.82
11,11,3,0,,,,0.78643334,0.0,0.0,0.0,463.1
11,12,3,0,,,,0.78466666,0.0,0.0,0.0,431.49
11,13,3,0,,,,0.785,0.0,0.0,0.0,419.72
11,14,3,0,,,,0.7772667,0.0,0.0,0.0,503.96
11,15,3,0,,,,1.2720333,0.0,0.0,0.0,343.88
11,16,3,0,,,,2.4061,0.0,0.0,0.0,97.3
11,17,3,0,,,,1.85955,0.0,0.0,0.0,0.0
11,18,3,0,,,,2.0174167,0.0,0.0,0.0,0.0
11,19,3,0,,,,1.9432334,0.0,0.0,0.0,0.0
11,20,3,0,,,,1.4907167,0.0,0.0,0.0,0.0
11,21,3,0,,,,1.86715,0.0,0.0,0.0,0.0
11,22,3,0,,,,0.5495,0.0,0.0,0.0,0.0
11,23,3,0,,,,0.50098336,0.0,0.0,0.0,0.0
11,24,3,0,,,,0.456,0.0,0.0,0.0,0.0
11,1,4,0,,,,0.41903332,0.0,0.0,0.0,0.0
11,2,4,0,,,,0.41291666,0.0,0.0,0.0,0.0
11,3,4,0,,,,0.41056666,0.0,0.0,0.0,0.0
11,4,4,0,,,,0.40936667,0.0,0.0,0.0,0.0
11,5,4,0,,,,0.71396667,0.0,0.0,0.0,0.0
11,6,4,0,,,,1.5486166,0.0,0.0,0.0,0.0
11,7,4,0,,,,0.9371,0.0,0.0,0.0,0.0
11,8,4,0,,,,1.0547833,0.0,0.0,0.0,0.0
11,9,4,0,,,,0.66245,0.0,0.0,0.0,11.99
11,10,4,0,,,,1.4372833,0.0,0.0,0.0,52.69
11,11,4,0,,,,1.03045,0.0,0.0,0.0,40.99
11,12,4,0,,,,0.6853667,0.0,0.0,0.0,40.13
11,13,4,0,,,,3.9552333,0.0,0.0,0.0,59.53
11,14,4,0,,,,5.3691835,0.0,0.0,0.0,40.67
11,15,4,0,,,,3.9429667,0.0,0.0,0.0,15.81
11,16,4,0,,,,4.0976834,0.0,0.0,0.0,64.26
11,17,4,0,,,,3.9299166,0.0,0.0,0.0,0.0
11,18,4,0,,,,3.8841166,0.0,0.0,0.0,0.0
11,19,4,0,,,,4.2593164,0.0,0.0,0.0,0.0
11,20,4,0,,,,4.7531166,0.0,0.0,0.0,0.0
11,21,4,0,,,,4.179917,0.0,0.0,0.0,0.0
11,22,4,0,,,,4.14135,0.0,0.0,0.0,0.0
11,23,4,0,,,,3.5754,0.0,0.0,0.0,0.0
11,24,4,0,,,,3.384,0.0,0.0,0.0,0.0
11,1,5,0,,,,3.3909833,0.0,0.0,0.0,0.0
11,2,5,0,,,,3.37285,0.0,0.0,0.0,0.0
11,3,5,0,,,,3.2755334,0.0,0.0,0.0,0.0
11,4,5,0,,,,2.05095,0.0,0.0,0.0,0.0
11,5,5,0,,,,0.37855,0.0,0.0,0.0,0.0
11,6,5,0,,,,0.9262667,0.0,0.0,0.0,0.0
11,7,5,0,,,,1.0343833,0.0,0.0,0.0,0.0
11,8,5,0,,,,0.88191664,0.0,0.0,0.0,0.0
11,9,5,0,,,,1.4169834,0.0,0.0,0.0,60.92
11,10,5,0,,,,1.3134667,0.0,0.0,0.0,15.03
11,11,5,0,,,,0.99911666,0.0,0.0,0.0,70.98
11,12,5,0,,,,0.6871333,0.0,0.0,0.0,68.2
11,13,5,0,,,,0.5989,0.0,0.0,0.0,87.32
11,14,5,0,,,,0.5998667,0.0,0.0,0.0,66.1
11,15,5,0,,,,3.5634334,0.0,0.0,0.0,142.97
11,16,5,0,,,,3.7699833,0.0,0.0,0.0,78.83
11,17,5,0,,,,3.7130334,0.0,0.0,0.0,0.0
11,18,5,0,,,,3.6673167,0.0,0.0,0.0,0.0
11,19,5,0,,,,3.6306667,0.0,0.0,0.0,0.0
11,20,5,0,,,,3.5807166,0.0,0.0,0.0,0.0
11,21,5,0,,,,4.0663333,0.0,0.0,0.0,0.0
11,22,5,0,,,,4.1537833,0.0,0.0,0.0,0.0
11,23,5,0,,,,3.8065,0.0,0.0,0.0,0.0
11,24,5,0,,,,2.4319668,0.0,0.0,0.0,0.0
11,1,6,0,,,,0.6795667,0.0,0.0,0.0,0.0
11,2,6,0,,,,0.47533333,0.0,0.0,0.0,0.0
11,3,6,0,,,,0.47331667,0.0,0.0,0.0,0.0
11,4,6,0,,,,0.46446666,0.0,0.0,0.0,0.0
11,5,6,0,,,,0.46406665,0.0,0.0,0.0,0.0
11,6,6,0,,,,0.45978335,0.0,0.0,0.0,0.0
11,7,6,0,,,,0.47088334,0.0,0.0,0.0,0.0
11,8,6,0,,,,0.9289167,0.0,0.0,0.0,0.0
11,9,6,0,,,,1.11715,0.0,0.0,0.0,92.5
11,10,6,0,,,,1.0266833,0.0,0.0,0.0,430.35
11,11,6,0,,,,0.5129667,0.0,0.0,0.0,535.39
11,12,6,0,,,,0.85746664,0.0,0.0,0.0,538.59
11,13,6,0,,,,0.99053335,0.0,0.0,0.0,620.93
11,14,6,0,,,,2.3787334,0.0,0.0,0.0,557.96
11,15,6,0,,,,4.7242,0.0,0.0,0.0,424.6
11,16,6,0,,,,4.64475,0.0,0.0,0.0,222.81
11,17,6,0,,,,3.5090666,0.0,0.0,0.0,0.0
11,18,6,0,,,,3.0973167,0.0,0.0,0.0,0.0
11,19,6,0,,,,3.0299332,0.0,0.0,0.0,0.0
11,20,6,0,,,,2.9970834,0.0,0.0,0.0,0.0
11,21,6,0,,,,2.9814832,0.0,0.0,0.0,0.0
11,22,6,0,,,,1.5959333,0.0,0.0,0.0,0.0
11,23,6,0,,,,1.6022834,0.0,0.0,0.0,0.0
11,24,6,0,,,,2.1128666,0.0,0.0,0.0,0.0
11,1,7,0,,,,0.37883332,0.0,0.0,0.0,0.0
11,2,7,0,,,,0.38,0.0,0.0,0.0,0.0
11,3,7,0,,,,0.38025,0.0,0.0,0.0,0.0
11,4,7,0,,,,0.37971666,0.0,0.0,0.0,0.0
11,5,7,0,,,,0.38048333,0.0,0.0,0.0,0.0
11,6,7,0,,,,0.5177,0.0,0.0,0.0,0.0
11,7,7,0,,,,0.92685,0.0,0.0,0.0,0.0
11,8,7,0,,,,1.3206333,0.0,0.0,0.0,0.0
11,9,7,0,,,,0.39645,0.0,0.0,0.0,68.12
11,10,7,0,,,,0.2173,0.0,0.0,0.0,191.29
11,11,7,0,,,,0.21748333,0.0,0.0,0.0,333.95
11,12,7,0,,,,1.3596112,0.0,0.0,0.0,187.93
11,13,7,0,,,,3.6193,0.0,0.0,0.0,426.45
11,14,7,0,,,,3.7223167,0.0,0.0,0.0,172.47
11,15,7,0,,,,3.7773666,0.0,0.0,0.0,75.09
11,16,7,0,,,,4.2578335,0.0,0.0,0.0,177.33
11,17,7,0,,,,4.125583,0.0,0.0,0.0,0.0
11,18,7,0,,,,5.1124,0.0,0.0,0.0,0.0
11,19,7,0,,,,2.3611166,0.0,0.0,0.0,0.0
11,20,7,0,,,,2.68935,0.0,0.0,0.0,0.0
11,21,7,0,,,,7.258983,0.0,0.0,0.0,0.0
11,22,7,0,,,,3.78265,0.0,0.0,0.0,0.0
11,23,7,0,,,,2.5898166,0.0,0.0,0.0,0.0
11,24,7,0,,,,0.45985,0.0,0.0,0.0,0.0
11,1,1,0,,,,0.46246666,0.0,0.0,0.0,0.0
11,2,1,0,,,,0.45743334,0.0,0.0,0.0,0.0
11,3,1,0,,,,0.45503333,0.0,0.0,0.0,0.0
11,4,1,0,,,,0.5406333,0.0,0.0,0.0,0.0
11,5,1,0,,,,1.3376,0.0,0.0,0.0,0.0
11,6,1,0,,,,1.52875,0.0,0.0,0.0,0.0
11,7,1,0,,,,0.8435,0.0,0.0,0.0,0.0
11,8,1,0,,,,0.2721,0.0,0.0,0.0,0.0
11,9,1,0,,,,0.27201667,0.0,0.0,0.0,3.62
11,10,1,0,,,,0.2724,0.0,0.0,0.0,18.85
11,11,1,0,,,,0.27196667,0.0,0.0,0.0,54.79
11,12,1,0,,,,0.2714,0.0,0.0,0.0,56.95
11,13,1,0,,,,0.24208333,0.0,0.0,0.0,99.47
11,14,1,0,,,,0.23201667,0.0,0.0,0.0,84.35
11,15,1,0,,,,0.23845,0.0,0.0,0.0,38.31
11,16,1,0,,,,1.5978,0.0,0.0,0.0,6.89
11,17,1,0,,,,5.02145,0.0,0.0,0.0,0.0
11,18,1,0,,,,3.7966332,0.0,0.0,0.0,0.0
11,19,1,0,,,,3.17575,0.0,0.0,0.0,0.0
11,20,1,0,,,,1.0882167,0.0,0.0,0.0,0.0
11,21,1,0,,,,2.3397834,0.0,0.0,0.0,0.0
11,22,1,0,,,,3.3895,0.0,0.0,0.0,0.0
11,23,1,0,,,,3.39665,0.0,0.0,0.0,0.0
11,24,1,0,,,,3.3588834,0.0,0.0,0.0,0.0
11,1,2,0,,,,3.3436222,0.0,0.0,0.0,0.0
11,2,2,0,,,,1.0732833,0.0,0.0,0.0,0.0
11,3,2,0,,,,0.3295,0.0,0.0,0.0,0.0
11,4,2,0,,,,0.41611665,0.0,0.0,0.0,0.0
11,5,2,0,,,,0.50625,0.0,0.0,0.0,0.0
11,6,2,0,,,,0.94765,0.0,0.0,0.0,0.0
11,7,2,0,,,,0.75443333,0.0,0.0,0.0,0.0
11,8,2,0,,,,0.6255,0.0,0.0,0.0,0.0
11,9,2,0,,,,0.17448333,0.0,0.0,0.0,79.91
11,10,2,0,,,,0.17473334,0.0,0.0,0.0,52.54
11,11,2,0,,,,0.1743,0.0,0.0,0.0,185.68
11,12,2,0,,,,0.17636667,0.0,0.0,0.0,87.27
11,13,2,0,,,,0.17765,0.0,0.0,0.0,50.99
11,14,2,0,,,,3.17865,0.0,0.0,0.0,34.17
11,15,2,0,,,,3.4727666,0.0,0.0,0.0,49.98
11,16,2,0,,,,5.0768332,0.0,0.0,0.0,2.96
11,17,2,0,,,,3.5957832,0.0,0.0,0.0,0.0
11,18,2,0,,,,3.2726333,0.0,0.0,0.0,0.0
11,19,2,0,,,,3.2235334,0.0,0.0,0.0,0.0
11,20,2,0,,,,3.6874,0.0,0.0,0.0,0.0
11,21,2,0,,,,3.9737666,0.0,0.0,0.0,0.0
11,22,2,0,,,,3.7111666,0.0,0.0,0.0,0.0
11,23,2,0,,,,4.20375,0.0,0.0,0.0,0.0
11,24,2,0,,,,4.0528417,0.0,0.0,0.0,0.0
11,1,3,0,,,,3.2789667,0.0,0.0,0.0,0.0
11,2,3,0,,,,3.30705,0.0,0.0,0.0,0.0
11,3,3,0,,,,1.69855,0.0,0.0,0.0,0.0
11,4,3,0,,,,0.38136667,0.0,0.0,0.0,0.0
11,5,3,0,,,,0.9068,0.0,0.0,0.0,0.0
11,6,3,0,,,,1.0673167,0.0,0.0,0.0,0.0
11,7,3,0,,,,0.4382,0.0,0.0,0.0,0.0
11,8,3,0,,,,0.2123,0.0,0.0,0.0,0.0
11,9,3,0,,,,0.21,0.0,0.0,0.0,1.54
11,10,3,0,,,,0.21,0.0,0.0,0.0,11.13
11,11,3,0,,,,0.21021667,0.0,0.0,0.0,98.26
11,12,3,0,,,,0.21271667,0.0,0.0,0.0,66.94
11,13,3,0,,,,0.21198334,0.0,0.0,0.0,49.67
11,14,3,0,,,,0.21685,0.0,0.0,0.0,28.71
11,15,3,0,,,,0.90225,0.0,0.0,0.0,54.08
11,16,3,0,,,,0.90743333,0.0,0.0,0.0,61.02
11,17,3,0,,,,1.0748,0.0,0.0,0.0,0.0
11,18,3,0,,,,1.3033667,0.0,0.0,0.0,0.0
11,19,3,0,,,,1.57815,0.0,0.0,0.0,0.0
11,20,3,0,,,,3.0262666,0.0,0.0,0.0,0.0
11,21,3,0,,,,4.23115,0.0,0.0,0.0,0.0
11,22,3,0,,,,3.8728333,0.0,0.0,0.0,0.0
11,23,3,0,,,,3.8888667,0.0,0.0,0.0,0.0
11,24,3,0,,,,3.7502584,0.0,0.0,0.0,0.0
11,1,4,0,,,,3.764,0.0,0.0,0.0,0.0
11,2,4,0,,,,3.4351,0.0,0.0,0.0,0.0
11,3,4,0,,,,3.3646834,0.0,0.0,0.0,0.0
11,4,4,0,,,,3.3680665,0.0,0.0,0.0,0.0
11,5,4,0,,,,2.3873167,0.0,0.0,0.0,0.0
11,6,4,0,,,,2.9031,0.0,0.0,0.0,0.0
11,7,4,0,,,,3.4165332,0.0,0.0,0.0,0.0
11,8,4,0,,,,3.1944335,0.0,0.0,0.0,0.0
11,9,4,0,,,,3.2313666,0.0,0.0,0.0,2.48
11,10,4,0,,,,3.169539,0.0,0.0,0.0,28.53
11,11,4,0,,,,3.2679,0.0,0.0,0.0,46.5
11,12,4,0,,,,3.3387666,0.0,0.0,0.0,30.56
11,13,4,0,,,,2.56205,0.0,0.0,0.0,25.4
11,14,4,0,,,,1.5488334,0.0,0.0,0.0,37.77
11,15,4,0,,,,2.7955,0.0,0.0,0.0,93.35
11,16,4,0,,,,4.451667,0.0,0.0,0.0,30.6
11,17,4,0,,,,4.93025,0.0,0.0,0.0,0.0
11,18,4,0,,,,4.0261,0.0,0.0,0.0,0.0
11,19,4,0,,,,4.152233,0.0,0.0,0.0,0.0
11,20,4,0,,,,4.2119164,0.0,0.0,0.0,0.0
11,21,4,0,,,,3.2873166,0.0,0.0,0.0,0.0
11,22,4,0,,,,3.2727,0.0,0.0,0.0,0.0
11,23,4,0,,,,3.1798,0.0,0.0,0.0,0.0
11,24,4,0,,,,3.1903918,0.0,0.0,0.0,0.0
11,1,5,0,,,,3.2169666,0.0,0.0,0.0,0.0
11,2,5,0,,,,3.1643,0.0,0.0,0.0,0.0
11,3,5,0,,,,0.36073333,0.0,0.0,0.0,0.0
11,4,5,0,,,,0.35013333,0.0,0.0,0.0,0.0
11,5,5,0,,,,0.35065,0.0,0.0,0.0,0.0
11,6,5,0,,,,0.35283333,0.0,0.0,0.0,0.0
11,7,5,0,,,,1.2050333,0.0,0.0,0.0,0.0
11,8,5,0,,,,0.5032333,0.0,0.0,0.0,0.0
11,9,5,0,,,,3.0903332,0.0,0.0,0.0,24.51
11,10,5,0,,,,4.3961835,0.0,0.0,0.0,15.88
11,11,5,0,,,,4.544472,0.0,0.0,0.0,15.86
11,12,5,0,,,,4.2351665,0.0,0.0,0.0,41.23
11,13,5,0,,,,3.8366334,0.0,0.0,0.0,13.74
11,14,5,0,,,,3.4599833,0.0,0.0,0.0,110.97
11,15,5,0,,,,3.51885,0.0,0.0,0.0,119.86
11,16,5,0,,,,3.3276167,0.0,0.0,0.0,155.34
11,17,5,0,,,,3.91425,0.0,0.0,0.0,0.0
11,18,5,0,,,,5.39675,0.0,0.0,0.0,0.0
11,19,5,0,,,,4.052583,0.0,0.0,0.0,0.0
11,20,5,0,,,,3.6777,0.0,0.0,0.0,0.0
11,21,5,0,,,,3.5106666,0.0,0.0,0.0,0.0
11,22,5,0,,,,3.31995,0.0,0.0,0.0,0.0
11,23,5,0,,,,3.32695,0.0,0.0,0.0,0.0
11,24,5,0,,,,3.3587,0.0,0.0,0.0,0.0
11,1,6,0,,,,3.3608832,0.0,0.0,0.0,0.0
11,2,6,0,,,,3.3538167,0.0,0.0,0.0,0.0
11,3,6,0,,,,1.2858334,0.0,0.0,0.0,0.0
11,4,6,0,,,,0.85288334,0.0,0.0,0.0,0.0
11,5,6,0,,,,0.78085,0.0,0.0,0.0,0.0
11,6,6,0,,,,0.44246668,0.0,0.0,0.0,0.0
11,7,6,0,,,,0.5516,0.0,0.0,0.0,0.0
11,8,6,0,,,,0.5620833,0.0,0.0,0.0,0.0
11,9,6,0,,,,1.4058666,0.0,0.0,0.0,111.97
11,10,6,0,,,,1.8551333,0.0,0.0,0.0,278.12
11,11,6,0,,,,3.20475,0.0,0.0,0.0,392.32
11,12,6,0,,,,4.7461333,0.0,0.0,0.0,557.0
11,13,6,0,,,,4.3386335,0.0,0.0,0.0,404.09
11,14,6,0,,,,4.082617,0.0,0.0,0.0,338.47
11,15,6,0,,,,4.486483,0.0,0.0,0.0,295.0
11,16,6,0,,,,4.64905,0.0,0.0,0.0,101.39
11,17,6,0,,,,2.6201832,0.0,0.0,0.0,0.0
11,18,6,0,,,,1.2891834,0.0,0.0,0.0,0.0
11,19,6,0,,,,1.2713166,0.0,0.0,0.0,0.0
11,20,6,0,,,,1.2682166,0.0,0.0,0.0,0.0
11,21,6,0,,,,1.8036667,0.0,0.0,0.0,0.0
11,22,6,0,,,,3.46055,0.0,0.0,0.0,0.0
11,23,6,0,,,,3.3002167,0.0,0.0,0.0,0.0
11,24,6,0,,,,3.2058084,0.0,0.0,0.0,0.0
11,1,7,0,,,,3.20245,0.0,0.0,0.0,0.0
11,2,7,0,,,,3.2301667,0.0,0.0,0.0,0.0
11,3,7,0,,,,0.7355667,0.0,0.0,0.0,0.0
11,4,7,0,,,,0.37008333,0.0,0.0,0.0,0.0
11,5,7,0,,,,0.36886665,0.0,0.0,0.0,0.0
11,6,7,0,,,,0.22076671,0.0,0.0,0.0,0.0
11,7,7,0,,,,0.53318334,0.0,0.0,0.0,0.0
11,8,7,0,,,,1.6466833,0.0,0.0,0.0,0.0
11,9,7,0,,,,2.8544,0.0,0.0,0.0,5.73
11,10,7,0,,,,4.6973667,0.0,0.0,0.0,41.52
11,11,7,0,,,,7.0224,0.0,0.0,0.0,74.45
11,12,7,0,,,,4.9259334,0.0,0.0,0.0,84.52
11,13,7,0,,,,4.84005,0.0,0.0,0.0,124.12
11,14,7,0,,,,5.0325165,0.0,0.0,0.0,138.95
11,15,7,0,,,,4.983033,0.0,0.0,0.0,51.06
11,16,7,0,,,,5.3723335,0.0,0.0,0.0,12.36
11,17,7,0,,,,4.355417,0.0,0.0,0.0,0.0
11,18,7,0,,,,5.425717,0.0,0.0,0.0,0.0
11,19,7,0,,,,8.846017,0.0,0.0,0.0,0.0
11,20,7,0,,,,4.708667,0.0,0.0,0.0,0.0
11,21,7,0,,,,2.0395167,0.0,0.0,0.0,0.0
11,22,7,0,,,,0.40421668,0.0,0.0,0.0,0.0
11,23,7,0,,,,0.45128334,0.0,0.0,0.0,0.0
11,24,7,0,,,,0.43065,0.0,0.0,0.0,0.0
11,1,1,0,,,,0.36016667,0.0,0.0,0.0,0.0
11,2,1,0,,,,0.36071667,0.0,0.0,0.0,0.0
11,3,1,0,,,,0.36013332,0.0,0.0,0.0,0.0
11,4,1,0,,,,0.49081665,0.0,0.0,0.0,0.0
11,5,1,0,,,,0.72961664,0.0,0.0,0.0,0.0
11,6,1,0,,,,0.6150334,0.0,0.0,0.0,0.0
11,7,1,0,,,,0.7643667,0.0,0.0,0.0,0.0
11,8,1,0,,,,0.29915,0.0,0.0,0.0,0.0
11,9,1,0,,,,0.17913334,0.0,0.0,0.0,15.5
11,10,1,0,,,,0.17841667,0.0,0.0,0.0,52.61
11,11,1,0,,,,0.17908333,0.0,0.0,0.0,72.09
11,12,1,0,,,,0.17968333,0.0,0.0,0.0,70.15
11,13,1,0,,,,0.18081667,0.0,0.0,0.0,61.2
11,14,1,0,,,,0.18386666,0.0,0.0,0.0,99.63
11,15,1,0,,,,1.94735,0.0,0.0,0.0,57.03
11,16,1,0,,,,3.90345,0.0,0.0,0.0,156.48
11,17,1,0,,,,4.8146,0.0,0.0,0.0,0.0
11,18,1,0,,,,2.0030167,0.0,0.0,0.0,0.0
11,19,1,0,,,,1.5152833,0.0,0.0,0.0,0.0
11,20,1,0,,,,1.4866667,0.0,0.0,0.0,0.0
11,21,1,0,,,,1.2344834,0.0,0.0,0.0,0.0
11,22,1,0,,,,0.9503,0.0,0.0,0.0,0.0
11,23,1,0,,,,0.4039,0.0,0.0,0.0,0.0
11,24,1,0,,,,0.42643332,0.0,0.0,0.0,0.0
11,1,2,0,,,,0.42933333,0.0,0.0,0.0,0.0
11,2,2,0,,,,0.42501667,0.0,0.0,0.0,0.0
11,3,2,0,,,,0.42583334,0.0,0.0,0.0,0.0
11,4,2,0,,,,0.45121667,0.0,0.0,0.0,0.0
11,5,2,0,,,,0.63785,0.0,0.0,0.0,0.0
11,6,2,0,,,,1.0769666,0.0,0.0,0.0,0.0
11,7,2,0,,,,0.8617,0.0,0.0,0.0,0.0
11,8,2,0,,,,0.38865,0.0,0.0,0.0,0.0
11,9,2,0,,,,0.26835,0.0,0.0,0.0,19.83
11,10,2,0,,,,0.26916668,0.0,0.0,0.0,56.87
11,11,2,0,,,,0.26956666,0.0,0.0,0.0,42.24
11,12,2,0,,,,0.26975,0.0,0.0,0.0,62.51
11,13,2,0,,,,0.26838332,0.0,0.0,0.0,38.73
11,14,2,0,,,,0.27043334,0.0,0.0,0.0,33.29
11,15,2,0,,,,1.82065,0.0,0.0,0.0,9.37
11,16,2,0,,,,2.2536,0.0,0.0,0.0,0.71
11,17,2,0,,,,1.012,0.0,0.0,0.0,0.0
11,18,2,0,,,,1.7526,0.0,0.0,0.0,0.0
11,19,2,0,,,,1.21525,0.0,0.0,0.0,0.0
11,20,2,0,,,,1.20985,0.0,0.0,0.0,0.0
11,21,2,0,,,,1.3728833,0.0,0.0,0.0,0.0
11,22,2,0,,,,0.79723334,0.0,0.0,0.0,0.0
11,23,2,0,,,,0.56333333,0.0,0.0,0.0,0.0
11,24,2,0,,,,0.55780834,0.0,0.0,0.0,0.0
11,1,3,0,,,,0.54546666,0.0,0.0,0.0,0.0
11,2,3,0,,,,0.5076,0.0,0.0,0.0,0.0
11,3,3,0,,,,0.47195,0.0,0.0,0.0,0.0
11,4,3,0,,,,0.47038335,0.0,0.0,0.0,0.0
11,5,3,0,,,,1.2210667,0.0,0.0,0.0,0.0
11,6,3,0,,,,1.7670166,0.0,0.0,0.0,0.0
11,7,3,0,,,,0.6964,0.0,0.0,0.0,0.0
11,8,3,0,,,,0.21851666,0.0,0.0,0.0,0.0
11,9,3,0,,,,0.21856667,0.0,0.0,0.0,8.2
11,10,3,0,,,,0.21796666,0.0,0.0,0.0,23.8
11,11,3,0,,,,0.2171,0.0,0.0,0.0,51.8
11,12,3,0,,,,0.21793333,0.0,0.0,0.0,31.72
11,13,3,0,,,,0.21915,0.0,0.0,0.0,25.75
11,14,3,0,,,,0.22095,0.0,0.0,0.0,42.83
11,15,3,0,,,,1.19415,0.0,0.0,0.0,13.12
11,16,3,0,,,,0.39336666,0.0,0.0,0.0,0.7
11,17,3,0,,,,0.97578335,0.0,0.0,0.0,0.0
11,18,3,0,,,,1.5851166,0.0,0.0,0.0,0.0
11,19,3,0,,,,1.6410667,0.0,0.0,0.0,0.0
11,20,3,0,,,,1.6942166,0.0,0.0,0.0,0.0
11,21,3,0,,,,1.3022333,0.0,0.0,0.0,0.0
11,22,3,0,,,,0.7918,0.0,0.0,0.0,0.0
11,23,3,0,,,,0.49166667,0.0,0.0,0.0,0.0
11,24,3,0,,,,0.49070832,0.0,0.0,0.0,0.0
11,1,4,0,,,,0.48965,0.0,0.0,0.0,0.0
11,2,4,0,,,,0.48553333,0.0,0.0,0.0,0.0
11,3,4,0,,,,0.4815,0.0,0.0,0.0,0.0
11,4,4,0,,,,0.48406667,0.0,0.0,0.0,0.0
11,5,4,0,,,,0.90655,0.0,0.0,0.0,0.0
11,6,4,0,,,,0.7813667,0.0,0.0,0.0,0.0
11,7,4,0,,,,0.83101666,0.0,0.0,0.0,0.0
11,8,4,0,,,,0.35573334,0.0,0.0,0.0,0.0
11,9,4,0,,,,0.21965,0.0,0.0,0.0,59.5
11,10,4,0,,,,0.2185,0.0,0.0,0.0,48.1
11,11,4,0,,,,0.21918334,0.0,0.0,0.0,50.56
11,12,4,0,,,,0.22118333,0.0,0.0,0.0,93.49
11,13,4,0,,,,0.2215,0.0,0.0,0.0,29.97
11,14,4,0,,,,0.23740834,0.0,0.0,0.0,50.39
11,15,4,0,,,,1.3087667,0.0,0.0,0.0,91.94
11,16,4,0,,,,1.1789167,0.0,0.0,0.0,22.08
11,17,4,0,,,,0.85425,0.0,0.0,0.0,0.0
11,18,4,0,,,,1.0918167,0.0,0.0,0.0,0.0
11,19,4,0,,,,1.4495167,0.0,0.0,0.0,0.0
11,20,4,0,,,,2.8154166,0.0,0.0,0.0,0.0
11,21,4,0,,,,1.11105,0.0,0.0,0.0,0.0
11,22,4,0,,,,1.1107,0.0,0.0,0.0,0.0
11,23,4,0,,,,1.10895,0.0,0.0,0.0,0.0
11,24,4,0,,,,1.1131083,0.0,0.0,0.0,0.0
11,1,5,0,,,,0.5678667,0.0,0.0,0.0,0.0
11,2,5,0,,,,0.5111833,0.0,0.0,0.0,0.0
11,3,5,0,,,,0.5152583,0.0,0.0,0.0,0.0
11,4,5,0,,,,0.5181,0.0,0.0,0.0,0.0
11,5,5,0,,,,1.5985167,0.0,0.0,0.0,0.0
11,6,5,0,,,,1.8517166,0.0,0.0,0.0,0.0
11,7,5,0,,,,0.788,0.0,0.0,0.0,0.0
11,8,5,0,,,,0.34326667,0.0,0.0,0.0,0.0
11,9,5,0,,,,2.3622167,0.0,0.0,0.0,7.15
11,10,5,0,,,,0.27501667,0.0,0.0,0.0,33.48
11,11,5,0,,,,0.27543333,0.0,0.0,0.0,38.09
11,12,5,0,,,,0.27743334,0.0,0.0,0.0,25.81
11,13,5,0,,,,0.24668333,0.0,0.0,0.0,22.08
11,14,5,0,,,,0.2214,0.0,0.0,0.0,16.34
11,15,5,0,,,,0.2268,0.0,0.0,0.0,7.71
11,16,5,0,,,,0.9003,0.0,0.0,0.0,1.63
11,17,5,0,,,,1.2852,0.0,0.0,0.0,0.0
11,18,5,0,,,,1.8274833,0.0,0.0,0.0,0.0
11,19,5,0,,,,1.3678666,0.0,0.0,0.0,0.0
11,20,5,0,,,,1.30995,0.0,0.0,0.0,0.0
11,21,5,0,,,,0.88603336,0.0,0.0,0.0,0.0
11,22,5,0,,,,1.3247666,0.0,0.0,0.0,0.0
11,23,5,0,,,,0.81785,0.0,0.0,0.0,0.0
11,24,5,0,,,,0.46875,0.0,0.0,0.0,0.0
11,1,6,0,,,,0.46528333,0.0,0.0,0.0,0.0
11,2,6,0,,,,0.46828333,0.0,0.0,0.0,0.0
11,3,6,0,,,,0.45895,0.0,0.0,0.0,0.0
11,4,6,0,,,,0.456,0.0,0.0,0.0,0.0
11,5,6,0,,,,0.45625,0.0,0.0,0.0,0.0
11,6,6,0,,,,0.46736667,0.0,0.0,0.0,0.0
11,7,6,0,,,,0.8121833,0.0,0.0,0.0,0.0
11,8,6,0,,,,4.0183334,0.0,0.0,0.0,0.0
11,9,6,0,,,,0.81976664,0.0,0.0,0.0,6.45
11,10,6,0,,,,1.0407833,0.0,0.0,0.0,31.43
11,11,6,0,,,,1.6749,0.0,0.0,0.0,42.04
11,12,6,0,,,,1.1693166,0.0,0.0,0.0,60.8
11,13,6,0,,,,1.0654666,0.0,0.0,0.0,39.55
11,14,6,0,,,,0.9491,0.0,0.0,0.0,47.25
11,15,6,0,,,,0.9579833,0.0,0.0,0.0,28.2
11,16,6,0,,,,1.13395,0.0,0.0,0.0,8.19
11,17,6,0,,,,2.1656334,0.0,0.0,0.0,0.0
11,18,6,0,,,,2.2619834,0.0,0.0,0.0,0.0
11,19,6,0,,,,1.97865,0.0,0.0,0.0,0.0
11,20,6,0,,,,1.4035833,0.0,0.0,0.0,0.0
11,21,6,0,,,,1.4207667,0.0,0.0,0.0,0.0
11,22,6,0,,,,1.05965,0.0,0.0,0.0,0.0
11,23,6,0,,,,0.55036664,0.0,0.0,0.0,0.0
11,24,6,0,,,,1.3735334,0.0,0.0,0.0,0.0
11,1,7,0,,,,0.49425,0.0,0.0,0.0,0.0
11,2,7,0,,,,0.49831668,0.0,0.0,0.0,0.0
11,3,7,0,,,,0.49573332,0.0,0.0,0.0,0.0
11,4,7,0,,,,0.49286667,0.0,0.0,0.0,0.0
11,5,7,0,,,,0.49545,0.0,0.0,0.0,0.0
11,6,7,0,,,,0.49676666,0.0,0.0,0.0,0.0
11,7,7,0,,,,0.49225,0.0,0.0,0.0,0.0
11,8,7,0,,,,0.4899,0.0,0.0,0.0,0.0
11,9,7,0,,,,0.55465,0.0,0.0,0.0,4.74
11,10,7,0,,,,1.9767833,0.0,0.0,0.0,13.53
11,11,7,0,,,,3.8319,0.0,0.0,0.0,47.9
11,12,7,0,,,,2.6369,0.0,0.0,0.0,36.2
11,13,7,0,,,,2.5367832,0.0,0.0,0.0,29.36
11,14,7,0,,,,2.8633332,0.0,0.0,0.0,27.13
11,15,7,0,,,,3.1342666,0.0,0.0,0.0,22.72
11,16,7,0,,,,3.0475667,0.0,0.0,0.0,46.5
11,17,7,0,,,,2.7381666,0.0,0.0,0.0,0.0
11,18,7,0,,,,2.3328834,0.0,0.0,0.0,0.0
11,19,7,0,,,,1.7171834,0.0,0.0,0.0,0.0
11,20,7,0,,,,0.7019333,0.0,0.0,0.0,0.0
11,21,7,0,,,,0.8676,0.0,0.0,0.0,0.0
11,22,7,0,,,,1.3124,0.0,0.0,0.0,0.0
11,23,7,0,,,,0.5654167,0.0,0.0,0.0,0.0
11,24,7,0,,,,0.5643833,0.0,0.0,0.0,0.0
11,1,1,0,,,,0.56803334,0.0,0.0,0.0,0.0
11,2,1,0,,,,0.54573333,0.0,0.0,0.0,0.0
11,3,1,0,,,,0.5413167,0.0,0.0,0.0,0.0
11,4,1,0,,,,0.5459,0.0,0.0,0.0,0.0
11,5,1,0,,,,1.3217666,0.0,0.0,0.0,0.0
11,6,1,0,,,,1.4933,0.0,0.0,0.0,0.0
11,7,1,0,,,,1.7318667,0.0,0.0,0.0,0.0
11,8,1,0,,,,1.5111834,0.0,0.0,0.0,0.0
11,9,1,0,,,,1.05205,0.0,0.0,0.0,5.42
11,10,1,0,,,,1.2796333,0.0,0.0,0.0,18.08
11,11,1,0,,,,1.27865,0.0,0.0,0.0,35.47
11,12,1,0,,,,1.07975,0.0,0.0,0.0,35.49
11,13,1,0,,,,0.67691666,0.0,0.0,0.0,31.63
11,14,1,0,,,,0.49993333,0.0,0.0,0.0,28.59
11,15,1,0,,,,0.94601667,0.0,0.0,0.0,27.09
11,16,1,0,,,,1.5888833,0.0,0.0,0.0,127.52
11,17,1,0,,,,2.4431167,0.0,0.0,0.0,0.0
11,18,1,0,,,,2.52405,0.0,0.0,0.0,0.0
11,19,1,0,,,,1.7522,0.0,0.0,0.0,0.0
11,20,1,0,,,,2.7666833,0.0,0.0,0.0,0.0
11,21,1,0,,,,2.4378333,0.0,0.0,0.0,0.0
11,22,1,0,,,,1.83155,0.0,0.0,0.0,0.0
11,23,1,0,,,,1.8601333,0.0,0.0,0.0,0.0
11,24,1,0,,,,0.75835836,0.0,0.0,0.0,0.0
11,1,2,0,,,,0.7216667,0.0,0.0,0.0,0.0
11,2,2,0,,,,0.7253,0.0,0.0,0.0,0.0
11,3,2,0,,,,0.5840833,0.0,0.0,0.0,0.0
11,4,2,0,,,,0.53721666,0.0,0.0,0.0,0.0
11,5,2,0,,,,1.1983666,0.0,0.0,0.0,0.0
11,6,2,0,,,,1.23225,0.0,0.0,0.0,0.0
11,7,2,0,,,,2.4589334,0.0,0.0,0.0,0.0
11,8,2,0,,,,1.1972166,0.0,0.0,0.0,0.0
11,9,2,0,,,,1.1166167,0.0,0.0,0.0,116.2
11,10,2,0,,,,1.4994333,0.0,0.0,0.0,437.88
11,11,2,0,,,,1.6522833,0.0,0.0,0.0,460.32
11,12,2,0,,,,2.2991333,0.0,0.0,0.0,693.35
11,13,2,0,,,,1.0436,0.0,0.0,0.0,673.82
11,14,2,0,,,,1.0238333,0.0,0.0,0.0,563.46
11,15,2,0,,,,2.5458667,0.0,0.0,0.0,464.11
11,16,2,0,,,,1.7424,0.0,0.0,0.0,241.78
11,17,2,0,,,,1.6795833,0.0,0.0,0.0,0.0
11,18,2,0,,,,0.8117833,0.0,0.0,0.0,0.0
11,19,2,0,,,,0.62925,0.0,0.0,0.0,0.0
11,20,2,0,,,,0.96201664,0.0,0.0,0.0,0.0
11,21,2,0,,,,2.0408168,0.0,0.0,0.0,0.0
11,22,2,0,,,,1.2522833,0.0,0.0,0.0,0.0
11,23,2,0,,,,0.9253333,0.0,0.0,0.0,0.0
11,24,2,0,,,,0.5013667,0.0,0.0,0.0,0.0
11,1,3,0,,,,0.49306667,0.0,0.0,0.0,0.0
11,2,3,0,,,,0.47135,0.0,0.0,0.0,0.0
11,3,3,0,,,,0.35045,0.0,0.0,0.0,0.0
11,4,3,0,,,,0.46176666,0.0,0.0,0.0,0.0
11,5,3,0,,,,0.9111,0.0,0.0,0.0,0.0
11,6,3,0,,,,0.61268336,0.0,0.0,0.0,0.0
11,7,3,0,,,,0.5340667,0.0,0.0,0.0,0.0
11,8,3,0,,,,0.3345,0.0,0.0,0.0,0.0
11,9,3,0,,,,0.88415,0.0,0.0,0.0,68.44
11,10,3,0,,,,1.3244667,0.0,0.0,0.0,289.2
11,11,3,0,,,,0.6972167,0.0,0.0,0.0,419.51
11,12,3,0,,,,0.5962667,0.0,0.0,0.0,562.04
11,13,3,0,,,,0.63121665,0.0,0.0,0.0,569.83
11,14,3,0,,,,0.72363335,0.0,0.0,0.0,494.04
11,15,3,0,,,,0.9047833,0.0,0.0,0.0,305.49
11,16,3,0,,,,3.6685834,0.0,0.0,0.0,117.75
11,17,3,0,,,,3.5044832,0.0,0.0,0.0,0.0
11,18,3,0,,,,1.8314,0.0,0.0,0.0,0.0
11,19,3,0,,,,1.94775,0.0,0.0,0.0,0.0
11,20,3,0,,,,4.5139,0.0,0.0,0.0,0.0
11,21,3,0,,,,3.01765,0.0,0.0,0.0,0.0
11,22,3,0,,,,1.9297333,0.0,0.0,0.0,0.0
11,23,3,0,,,,1.3823833,0.0,0.0,0.0,0.0
11,24,3,0,,,,1.0138917,0.0,0.0,0.0,0.0
11,1,4,0,,,,0.5880833,0.0,0.0,0.0,0.0
11,2,4,0,,,,0.45013332,0.0,0.0,0.0,0.0
11,3,4,0,,,,0.4236,0.0,0.0,0.0,0.0
11,4,4,0,,,,0.42036667,0.0,0.0,0.0,0.0
11,5,4,0,,,,0.42053333,0.0,0.0,0.0,0.0
11,6,4,0,,,,0.31135002,0.0,0.0,0.0,0.0
11,7,4,0,,,,0.40941668,0.0,0.0,0.0,0.0
11,8,4,0,,,,0.47645,0.0,0.0,0.0,0.0
11,9,4,0,,,,0.76265,0.0,0.0,0.0,27.98
11,10,4,0,,,,1.6833167,0.0,0.0,0.0,156.04
11,11,4,0,,,,7.71825,0.0,0.0,0.0,356.68
11,12,4,0,,,,1.67575,0.0,0.0,0.0,481.8
11,13,4,0,,,,0.8713833,0.0,0.0,0.0,595.13
11,14,4,0,,,,0.45968333,0.0,0.0,0.0,502.39
11,15,4,0,,,,0.2828,0.0,0.0,0.0,391.34
11,16,4,0,,,,0.27685,0.0,0.0,0.0,200.96
11,17,4,0,,,,0.27951667,0.0,0.0,0.0,0.0
11,18,4,0,,,,0.2801,0.0,0.0,0.0,0.0
11,19,4,0,,,,0.2812,0.0,0.0,0.0,0.0
11,20,4,0,,,,0.28113332,0.0,0.0,0.0,0.0
11,21,4,0,,,,0.28748333,0.0,0.0,0.0,0.0
11,22,4,0,,,,0.5866167,0.0,0.0,0.0,0.0
11,23,4,0,,,,0.56275,0.0,0.0,0.0,0.0
11,24,4,0,,,,0.52601665,0.0,0.0,0.0,0.0
11,1,5,0,,,,0.56895,0.0,0.0,0.0,0.0
11,2,5,0,,,,0.50021666,0.0,0.0,0.0,0.0
11,3,5,0,,,,0.7359833,0.0,0.0,0.0,0.0
11,4,5,0,,,,0.6792667,0.0,0.0,0.0,0.0
11,5,5,0,,,,0.38376668,0.0,0.0,0.0,0.0
11,6,5,0,,,,0.2748167,0.0,0.0,0.0,0.0
11,7,5,0,,,,0.38408333,0.0,0.0,0.0,0.0
11,8,5,0,,,,0.38595,0.0,0.0,0.0,0.0
11,9,5,0,,,,0.42128333,0.0,0.0,0.0,3.33
11,10,5,0,,,,0.7639833,0.0,0.0,0.0,42.83
11,11,5,0,,,,0.6727833,0.0,0.0,0.0,121.48
11,12,5,0,,,,1.1076334,0.0,0.0,0.0,104.71
11,13,5,0,,,,1.71155,0.0,0.0,0.0,205.9
11,14,5,0,,,,1.9120166,0.0,0.0,0.0,138.84
11,15,5,0,,,,3.14495,0.0,0.0,0.0,266.7
11,16,5,0,,,,1.4476666,0.0,0.0,0.0,106.64
11,17,5,0,,,,2.8345,0.0,0.0,0.0,0.0
11,18,5,0,,,,1.5799834,0.0,0.0,0.0,0.0
11,19,5,0,,,,1.7851833,0.0,0.0,0.0,0.0
11,20,5,0,,,,2.3519833,0.0,0.0,0.0,0.0
11,21,5,0,,,,2.2125332,0.0,0.0,0.0,0.0
11,22,5,0,,,,2.2788334,0.0,0.0,0.0,0.0
11,23,5,0,,,,1.2010167,0.0,0.0,0.0,0.0
11,24,5,0,,,,0.75023335,0.0,0.0,0.0,0.0
11,1,6,0,,,,0.55801666,0.0,0.0,0.0,0.0
11,2,6,0,,,,0.48743334,0.0,0.0,0.0,0.0
11,3,6,0,,,,0.47153333,0.0,0.0,0.0,0.0
11,4,6,0,,,,0.42161667,0.0,0.0,0.0,0.0
11,5,6,0,,,,0.49208334,0.0,0.0,0.0,0.0
11,6,6,0,,,,0.44315,0.0,0.0,0.0,0.0
11,7,6,0,,,,0.5973,0.0,0.0,0.0,0.0
11,8,6,0,,,,0.9309667,0.0,0.0,0.0,0.0
11,9,6,0,,,,1.1200167,0.0,0.0,0.0,31.5
11,10,6,0,,,,2.2412834,0.0,0.0,0.0,191.92
11,11,6,0,,,,1.6727166,0.0,0.0,0.0,488.91
11,12,6,0,,,,2.5389,0.0,0.0,0.0,577.96
11,13,6,0,,,,2.3142333,0.0,0.0,0.0,599.8
11,14,6,0,,,,1.7641166,0.0,0.0,0.0,494.55
11,15,6,0,,,,1.8481333,0.0,0.0,0.0,364.3
11,16,6,0,,,,1.6707667,0.0,0.0,0.0,24.04
11,17,6,0,,,,1.90835,0.0,0.0,0.0,0.0
11,18,6,0,,,,3.35995,0.0,0.0,0.0,0.0
11,19,6,0,,,,6.110717,0.0,0.0,0.0,0.0
11,20,6,0,,,,2.6661832,0.0,0.0,0.0,0.0
11,21,6,0,,,,1.99975,0.0,0.0,0.0,0.0
11,22,6,0,,,,1.0479,0.0,0.0,0.0,0.0
11,23,6,0,,,,1.1759666,0.0,0.0,0.0,0.0
11,24,6,0,,,,1.218211,0.0,0.0,0.0,0.0
11,1,7,0,,,,1.1699,0.0,0.0,0.0,0.0
11,2,7,0,,,,1.1054833,0.0,0.0,0.0,0.0
11,3,7,0,,,,0.94021666,0.0,0.0,0.0,0.0
11,4,7,0,,,,0.90028334,0.0,0.0,0.0,0.0
11,5,7,0,,,,0.8926333,0.0,0.0,0.0,0.0
11,6,7,0,,,,0.8944333,0.0,0.0,0.0,0.0
11,7,7,0,,,,0.8865,0.0,0.0,0.0,0.0
11,8,7,0,,,,2.1346667,0.0,0.0,0.0,0.0
11,9,7,0,,,,2.7888834,0.0,0.0,0.0,55.47
11,10,7,0,,,,3.3514166,0.0,0.0,0.0,205.03
11,11,7,0,,,,2.7026834,0.0,0.0,0.0,80.0
11,12,7,0,,,,3.3446333,0.0,0.0,0.0,56.98
11,13,7,0,,,,3.3114166,0.0,0.0,0.0,42.33
11,14,7,0,,,,2.7120333,0.0,0.0,0.0,39.84
11,15,7,0,,,,1.7799833,0.0,0.0,0.0,26.76
11,16,7,0,,,,2.1051166,0.0,0.0,0.0,3.18
11,17,7,0,,,,4.5374,0.0,0.0,0.0,0.0
11,18,7,0,,,,7.007583,0.0,0.0,0.0,0.0
11,19,7,0,,,,3.78105,0.0,0.0,0.0,0.0
11,20,7,0,,,,2.7740667,0.0,0.0,0.0,0.0
11,21,7,0,,,,2.8701668,0.0,0.0,0.0,0.0
11,22,7,0,,,,2.5978334,0.0,0.0,0.0,0.0
11,23,7,0,,,,1.4949666,0.0,0.0,0.0,0.0
11,24,7,0,,,,1.84605,0.0,0.0,0.0,0.0
11,1,1,0,,,,1.23845,0.0,0.0,0.0,0.0
11,2,1,0,,,,1.1989833,0.0,0.0,0.0,0.0
11,3,1,0,,,,1.7690667,0.0,0.0,0.0,0.0
11,4,1,0,,,,0.79328334,0.0,0.0,0.0,0.0
11,5,1,0,,,,1.3068334,0.0,0.0,0.0,0.0
11,6,1,0,,,,1.61305,0.0,0.0,0.0,0.0
11,7,1,0,,,,0.7109333,0.0,0.0,0.0,0.0
11,8,1,0,,,,0.754,0.0,0.0,0.0,0.0
11,9,1,0,,,,0.8192833,0.0,0.0,0.0,1.24
11,10,1,0,,,,0.2076,0.0,0.0,0.0,26.39
11,11,1,0,,,,0.20796667,0.0,0.0,0.0,43.51
11,12,1,0,,,,0.20993334,0.0,0.0,0.0,38.65
11,13,1,0,,,,0.20933333,0.0,0.0,0.0,28.48
11,14,1,0,,,,0.21205,0.0,0.0,0.0,16.63
11,15,1,0,,,,2.1043334,0.0,0.0,0.0,34.54
11,16,1,0,,,,1.1155334,0.0,0.0,0.0,7.25
11,17,1,0,,,,2.10565,0.0,0.0,0.0,0.0
11,18,1,0,,,,2.5642834,0.0,0.0,0.0,0.0
11,19,1,0,,,,6.5789332,0.0,0.0,0.0,0.0
11,20,1,0,,,,2.9333,0.0,0.0,0.0,0.0
11,21,1,0,,,,3.4685833,0.0,0.0,0.0,0.0
11,22,1,0,,,,1.23455,0.0,0.0,0.0,0.0
11,23,1,0,,,,0.9046,0.0,0.0,0.0,0.0
11,24,1,0,,,,0.87011665,0.0,0.0,0.0,0.0
11,1,2,0,,,,0.4687,0.0,0.0,0.0,0.0
11,2,2,0,,,,0.88475,0.0,0.0,0.0,0.0
11,3,2,0,,,,1.3034166,0.0,0.0,0.0,0.0
11,4,2,0,,,,1.05435,0.0,0.0,0.0,0.0
11,5,2,0,,,,1.3699833,0.0,0.0,0.0,0.0
11,6,2,0,,,,1.6763834,0.0,0.0,0.0,0.0
11,7,2,0,,,,0.79506665,0.0,0.0,0.0,0.0
11,8,2,0,,,,0.8296667,0.0,0.0,0.0,0.0
11,9,2,0,,,,0.86513335,0.0,0.0,0.0,0.0
11,10,2,0,,,,0.76666665,0.0,0.0,0.0,6.53
11,11,2,0,,,,0.2975278,0.0,0.0,0.0,22.8
11,12,2,0,,,,0.29833335,0.0,0.0,0.0,12.91
11,13,2,0,,,,0.29896668,0.0,0.0,0.0,36.34
11,14,2,0,,,,0.30331665,0.0,0.0,0.0,14.97
11,15,2,0,,,,0.30353335,0.0,0.0,0.0,25.76
11,16,2,0,,,,0.34238333,0.0,0.0,0.0,9.65
11,17,2,0,,,,2.00495,0.0,0.0,0.0,0.0
11,18,2,0,,,,5.3431168,0.0,0.0,0.0,0.0
11,19,2,0,,,,4.8381333,0.0,0.0,0.0,0.0
11,20,2,0,,,,3.2377167,0.0,0.0,0.0,0.0
11,21,2,0,,,,3.1691,0.0,0.0,0.0,0.0
11,22,2,0,,,,3.5211,0.0,0.0,0.0,0.0
11,23,2,0,,,,1.3808334,0.0,0.0,0.0,0.0
11,24,2,0,,,,1.7137667,0.0,0.0,0.0,0.0
11,1,3,0,,,,1.2089334,0.0,0.0,0.0,0.0
11,2,3,0,,,,1.2094333,0.0,0.0,0.0,0.0
11,3,3,0,,,,1.1637,0.0,0.0,0.0,0.0
11,4,3,0,,,,1.6882334,0.0,0.0,0.0,0.0
11,5,3,0,,,,2.2516832,0.0,0.0,0.0,0.0
11,6,3,0,,,,1.19205,0.0,0.0,0.0,0.0
11,7,3,0,,,,1.1613834,0.0,0.0,0.0,0.0
11,8,3,0,,,,1.5290834,0.0,0.0,0.0,0.0
11,9,3,0,,,,1.3944167,0.0,0.0,0.0,36.91
11,10,3,0,,,,0.3024,0.0,0.0,0.0,302.03
11,11,3,0,,,,0.78615,0.0,0.0,0.0,513.19
11,12,3,0,,,,0.3027,0.0,0.0,0.0,339.64
11,13,3,0,,,,0.3047,0.0,0.0,0.0,132.6
11,14,3,0,,,,0.5239,0.0,0.0,0.0,136.84
11,15,3,0,,,,0.8174667,0.0,0.0,0.0,33.99
11,16,3,0,,,,0.8056833,0.0,0.0,0.0,4.77
11,17,3,0,,,,5.3004665,0.0,0.0,0.0,0.0
11,18,3,0,,,,3.2531834,0.0,0.0,0.0,0.0
11,19,3,0,,,,3.6546667,0.0,0.0,0.0,0.0
11,20,3,0,,,,3.34205,0.0,0.0,0.0,0.0
11,21,3,0,,,,2.4597,0.0,0.0,0.0,0.0
11,22,3,0,,,,2.9584832,0.0,0.0,0.0,0.0
11,23,3,0,,,,3.0549166,0.0,0.0,0.0,0.0
11,24,3,0,,,,2.6137166,0.0,0.0,0.0,0.0
12,1,4,0,,,,2.6152,0.0,0.0,0.0,0.0
12,2,4,0,,,,2.87415,0.0,0.0,0.0,0.0
12,3,4,0,,,,2.9828832,0.0,0.0,0.0,0.0
12,4,4,0,,,,2.8777332,0.0,0.0,0.0,0.0
12,5,4,0,,,,3.0843,0.0,0.0,0.0,0.0
12,6,4,0,,,,2.4672,0.0,0.0,0.0,0.0
12,7,4,0,,,,1.2019334,0.0,0.0,0.0,0.0
12,8,4,0,,,,1.4158167,0.0,0.0,0.0,0.0
12,9,4,0,,,,1.4371166,0.0,0.0,0.0,1.7
12,10,4,0,,,,0.8980167,0.0,0.0,0.0,71.08
12,11,4,0,,,,0.6688333,0.0,0.0,0.0,532.17
12,12,4,0,,,,0.49183333,0.0,0.0,0.0,656.48
12,13,4,0,,,,0.4122,0.0,0.0,0.0,636.67
12,14,4,0,,,,0.26265,0.0,0.0,0.0,582.72
12,15,4,0,,,,0.2597,0.0,0.0,0.0,367.53
12,16,4,0,,,,0.25746667,0.0,0.0,0.0,2.16
12,17,4,0,,,,2.0908666,0.0,0.0,0.0,0.0
12,18,4,0,,,,2.4499667,0.0,0.0,0.0,0.0
12,19,4,0,,,,2.9294834,0.0,0.0,0.0,0.0
12,20,4,0,,,,1.4755583,0.0,0.0,0.0,0.0
12,21,4,0,,,,1.7967666,0.0,0.0,0.0,0.0
12,22,4,0,,,,3.18965,0.0,0.0,0.0,0.0
12,23,4,0,,,,1.0120833,0.0,0.0,0.0,0.0
12,24,4,0,,,,0.94324166,0.0,0.0,0.0,0.0
12,1,5,0,,,,0.45376667,0.0,0.0,0.0,0.0
12,2,5,0,,,,0.60721666,0.0,0.0,0.0,0.0
12,3,5,0,,,,1.0892833,0.0,0.0,0.0,0.0
12,4,5,0,,,,1.0873166,0.0,0.0,0.0,0.0
12,5,5,0,,,,1.3574834,0.0,0.0,0.0,0.0
12,6,5,0,,,,4.0669165,0.0,0.0,0.0,0.0
12,7,5,0,,,,1.2405167,0.0,0.0,0.0,0.0
12,8,5,0,,,,0.7956833,0.0,0.0,0.0,0.0
12,9,5,0,,,,0.35875,0.0,0.0,0.0,2.2
12,10,5,0,,,,0.36261666,0.0,0.0,0.0,36.91
12,11,5,0,,,,0.3553,0.0,0.0,0.0,111.48
12,12,5,0,,,,0.35298333,0.0,0.0,0.0,90.37
12,13,5,0,,,,0.35508335,0.0,0.0,0.0,187.16
12,14,5,0,,,,0.35873333,0.0,0.0,0.0,75.9
12,15,5,0,,,,0.38066667,0.0,0.0,0.0,31.47
12,16,5,0,,,,0.93935,0.0,0.0,0.0,8.93
12,17,5,0,,,,1.5645167,0.0,0.0,0.0,0.0
12,18,5,0,,,,1.7604333,0.0,0.0,0.0,0.0
12,19,5,0,,,,3.0431833,0.0,0.0,0.0,0.0
12,20,5,0,,,,3.5356333,0.0,0.0,0.0,0.0
12,21,5,0,,,,4.0195165,0.0,0.0,0.0,0.0
12,22,5,0,,,,2.5015666,0.0,0.0,0.0,0.0
12,23,5,0,,,,1.3913667,0.0,0.0,0.0,0.0
12,24,5,0,,,,1.3411083,0.0,0.0,0.0,0.0
12,1,6,0,,,,1.2742167,0.0,0.0,0.0,0.0
12,2,6,0,,,,1.2945833,0.0,0.0,0.0,0.0
12,3,6,0,,,,1.27515,0.0,0.0,0.0,0.0
12,4,6,0,,,,1.2757666,0.0,0.0,0.0,0.0
12,5,6,0,,,,1.2759334,0.0,0.0,0.0,0.0
12,6,6,0,,,,1.1993834,0.0,0.0,0.0,0.0
12,7,6,0,,,,3.2045834,0.0,0.0,0.0,0.0
12,8,6,0,,,,2.0912833,0.0,0.0,0.0,0.0
12,9,6,0,,,,1.6313,0.0,0.0,0.0,0.8
12,10,6,0,,,,1.4618666,0.0,0.0,0.0,10.53
12,11,6,0,,,,1.7990834,0.0,0.0,0.0,38.68
12,12,6,0,,,,1.2660167,0.0,0.0,0.0,35.46
12,13,6,0,,,,1.2308,0.0,0.0,0.0,29.25
12,14,6,0,,,,2.14075,0.0,0.0,0.0,17.37
12,15,6,0,,,,1.2668834,0.0,0.0,0.0,27.75
12,16,6,0,,,,1.5548,0.0,0.0,0.0,13.38
12,17,6,0,,,,1.9709333,0.0,0.0,0.0,0.0
12,18,6,0,,,,2.0102832,0.0,0.0,0.0,0.0
12,19,6,0,,,,2.0747333,0.0,0.0,0.0,0.0
12,20,6,0,,,,2.7449834,0.0,0.0,0.0,0.0
12,21,6,0,,,,1.90155,0.0,0.0,0.0,0.0
12,22,6,0,,,,1.2908167,0.0,0.0,0.0,0.0
12,23,6,0,,,,1.2280333,0.0,0.0,0.0,0.0
12,24,6,0,,,,1.230675,0.0,0.0,0.0,0.0
12,1,7,0,,,,1.2366667,0.0,0.0,0.0,0.0
12,2,7,0,,,,1.2397,0.0,0.0,0.0,0.0
12,3,7,0,,,,1.2377,0.0,0.0,0.0,0.0
12,4,7,0,,,,1.23805,0.0,0.0,0.0,0.0
12,5,7,0,,,,1.3889,0.0,0.0,0.0,0.0
12,6,7,0,,,,0.9961,0.0,0.0,0.0,0.0
12,7,7,0,,,,0.90425,0.0,0.0,0.0,0.0
12,8,7,0,,,,1.6783834,0.0,0.0,0.0,0.0
12,9,7,0,,,,2.1938334,0.0,0.0,0.0,32.24
12,10,7,0,,,,3.65115,0.0,0.0,0.0,189.37
12,11,7,0,,,,3.3139834,0.0,0.0,0.0,457.36
12,12,7,0,,,,3.9071,0.0,0.0,0.0,574.37
12,13,7,0,,,,2.6878333,0.0,0.0,0.0,507.33
12,14,7,0,,,,4.9231167,0.0,0.0,0.0,540.24
12,15,7,0,,,,3.3098667,0.0,0.0,0.0,173.46
12,16,7,0,,,,2.3334668,0.0,0.0,0.0,10.77
12,17,7,0,,,,2.328,0.0,0.0,0.0,0.0
12,18,7,0,,,,5.8250165,0.0,0.0,0.0,0.0
12,19,7,0,,,,6.7431,0.0,0.0,0.0,0.0
12,20,7,0,,,,3.7536833,0.0,0.0,0.0,0.0
12,21,7,0,,,,1.82435,0.0,0.0,0.0,0.0
12,22,7,0,,,,1.2012666,0.0,0.0,0.0,0.0
12,23,7,0,,,,0.97938335,0.0,0.0,0.0,0.0
12,24,7,0,,,,0.8833333,0.0,0.0,0.0,0.0
12,1,1,0,,,,0.82955,0.0,0.0,0.0,0.0
12,2,1,0,,,,0.79373336,0.0,0.0,0.0,0.0
12,3,1,0,,,,0.7707833,0.0,0.0,0.0,0.0
12,4,1,0,,,,0.83395,0.0,0.0,0.0,0.0
12,5,1,0,,,,1.6629167,0.0,0.0,0.0,0.0
12,6,1,0,,,,1.6732334,0.0,0.0,0.0,0.0
12,7,1,0,,,,1.2839667,0.0,0.0,0.0,0.0
12,8,1,0,,,,1.75755,0.0,0.0,0.0,0.0
12,9,1,0,,,,2.09625,0.0,0.0,0.0,0.02
12,10,1,0,,,,1.7485833,0.0,0.0,0.0,37.9
12,11,1,0,,,,1.71935,0.0,0.0,0.0,100.67
12,12,1,0,,,,1.2398,0.0,0.0,0.0,53.11
12,13,1,0,,,,1.5835667,0.0,0.0,0.0,77.51
12,14,1,0,,,,0.5488,0.0,0.0,0.0,533.48
12,15,1,0,,,,1.6752833,0.0,0.0,0.0,391.25
12,16,1,0,,,,2.3519332,0.0,0.0,0.0,11.87
12,17,1,0,,,,3.0782,0.0,0.0,0.0,0.0
12,18,1,0,,,,2.69285,0.0,0.0,0.0,0.0
12,19,1,0,,,,1.9432167,0.0,0.0,0.0,0.0
12,20,1,0,,,,3.69385,0.0,0.0,0.0,0.0
12,21,1,0,,,,2.21285,0.0,0.0,0.0,0.0
12,22,1,0,,,,2.11895,0.0,0.0,0.0,0.0
12,23,1,0,,,,1.6604834,0.0,0.0,0.0,0.0
12,24,1,0,,,,1.6412667,0.0,0.0,0.0,0.0
12,1,2,0,,,,1.63985,0.0,0.0,0.0,0.0
12,2,2,0,,,,1.64575,0.0,0.0,0.0,0.0
12,3,2,0,,,,1.6352167,0.0,0.0,0.0,0.0
12,4,2,0,,,,1.6390166,0.0,0.0,0.0,0.0
12,5,2,0,,,,2.6822333,0.0,0.0,0.0,0.0
12,6,2,0,,,,2.9924333,0.0,0.0,0.0,0.0
12,7,2,0,,,,2.1548834,0.0,0.0,0.0,0.0
12,8,2,0,,,,2.09525,0.0,0.0,0.0,0.0
12,9,2,0,,,,1.9447334,0.0,0.0,0.0,41.53
12,10,2,0,,,,1.6303333,0.0,0.0,0.0,351.52
12,11,2,0,,,,0.7658333,0.0,0.0,0.0,531.12
12,12,2,0,,,,1.2252166,0.0,0.0,0.0,613.7
12,13,2,0,,,,1.5059333,0.0,0.0,0.0,627.16
12,14,2,0,,,,1.11795,0.0,0.0,0.0,571.46
12,15,2,0,,,,1.2356334,0.0,0.0,0.0,397.52
12,16,2,0,,,,2.0349834,0.0,0.0,0.0,11.9
12,17,2,0,,,,2.3184166,0.0,0.0,0.0,0.0
12,18,2,0,,,,2.9458833,0.0,0.0,0.0,0.0
12,19,2,0,,,,2.5502167,0.0,0.0,0.0,0.0
12,20,2,0,,,,2.4780834,0.0,0.0,0.0,0.0
12,21,2,0,,,,2.0942,0.0,0.0,0.0,0.0
12,22,2,0,,,,1.8224167,0.0,0.0,0.0,0.0
12,23,2,0,,,,1.5342166,0.0,0.0,0.0,0.0
12,24,2,0,,,,1.9630584,0.0,0.0,0.0,0.0
12,1,3,0,,,,1.8018,0.0,0.0,0.0,0.0
12,2,3,0,,,,1.7721167,0.0,0.0,0.0,0.0
12,3,3,0,,,,1.8038,0.0,0.0,0.0,0.0
12,4,3,0,,,,2.0242333,0.0,0.0,0.0,0.0
12,5,3,0,,,,2.3532166,0.0,0.0,0.0,0.0
12,6,3,0,,,,3.2548168,0.0,0.0,0.0,0.0
12,7,3,0,,,,1.4316833,0.0,0.0,0.0,0.0
12,8,3,0,,,,1.9463667,0.0,0.0,0.0,0.0
12,9,3,0,,,,1.90405,0.0,0.0,0.0,2.22
12,10,3,0,,,,1.5740334,0.0,0.0,0.0,231.05
12,11,3,0,,,,1.05645,0.0,0.0,0.0,408.42
12,12,3,0,,,,0.8232833,0.0,0.0,0.0,480.08
12,13,3,0,,,,0.39641666,0.0,0.0,0.0,585.65
12,14,3,0,,,,1.0099,0.0,0.0,0.0,598.62
12,15,3,0,,,,0.97171664,0.0,0.0,0.0,459.59
12,16,3,0,,,,1.6299334,0.0,0.0,0.0,11.97
12,17,3,0,,,,1.7234666,0.0,0.0,0.0,0.0
12,18,3,0,,,,1.6192167,0.0,0.0,0.0,0.0
12,19,3,0,,,,1.0232667,0.0,0.0,0.0,0.0
12,20,3,0,,,,0.6640667,0.0,0.0,0.0,0.0
12,21,3,0,,,,1.3621833,0.0,0.0,0.0,0.0
12,22,3,0,,,,0.5258,0.0,0.0,0.0,0.0
12,23,3,0,,,,0.8853833,0.0,0.0,0.0,0.0
12,24,3,0,,,,1.2819333,0.0,0.0,0.0,0.0
12,1,4,0,,,,0.9477,0.0,0.0,0.0,0.0
12,2,4,0,,,,1.2930833,0.0,0.0,0.0,0.0
12,3,4,0,,,,1.3131,0.0,0.0,0.0,0.0
12,4,4,0,,,,1.0145333,0.0,0.0,0.0,0.0
12,5,4,0,,,,2.0155,0.0,0.0,0.0,0.0
12,6,4,0,,,,1.8177167,0.0,0.0,0.0,0.0
12,7,4,0,,,,0.9468833,0.0,0.0,0.0,0.0
12,8,4,0,,,,0.93335,0.0,0.0,0.0,0.0
12,9,4,0,,,,0.6868333,0.0,0.0,0.0,24.96
12,10,4,0,,,,0.36265,0.0,0.0,0.0,217.95
12,11,4,0,,,,0.3635,0.0,0.0,0.0,163.5
12,12,4,0,,,,0.36573333,0.0,0.0,0.0,155.5
12,13,4,0,,,,0.3654,0.0,0.0,0.0,73.94
12,14,4,0,,,,0.3667,0.0,0.0,0.0,496.38
12,15,4,0,,,,0.3802,0.0,0.0,0.0,151.35
12,16,4,0,,,,0.57485,0.0,0.0,0.0,10.56
12,17,4,0,,,,2.5261333,0.0,0.0,0.0,0.0
12,18,4,0,,,,2.6698334,0.0,0.0,0.0,0.0
12,19,4,0,,,,2.4844,0.0,0.0,0.0,0.0
12,20,4,0,,,,2.2959666,0.0,0.0,0.0,0.0
12,21,4,0,,,,2.2690666,0.0,0.0,0.0,0.0
12,22,4,0,,,,2.1294832,0.0,0.0,0.0,0.0
12,23,4,0,,,,1.9964666,0.0,0.0,0.0,0.0
12,24,4,0,,,,1.8385834,0.0,0.0,0.0,0.0
12,1,5,0,,,,2.1552668,0.0,0.0,0.0,0.0
12,2,5,0,,,,1.9073666,0.0,0.0,0.0,0.0
12,3,5,0,,,,1.7729167,0.0,0.0,0.0,0.0
12,4,5,0,,,,1.7539834,0.0,0.0,0.0,0.0
12,5,5,0,,,,2.32295,0.0,0.0,0.0,0.0
12,6,5,0,,,,3.3654332,0.0,0.0,0.0,0.0
12,7,5,0,,,,1.4853166,0.0,0.0,0.0,0.0
12,8,5,0,,,,1.5093833,0.0,0.0,0.0,0.0
12,9,5,0,,,,1.4142166,0.0,0.0,0.0,0.0
12,10,5,0,,,,1.4043666,0.0,0.0,0.0,93.55
12,11,5,0,,,,1.5533667,0.0,0.0,0.0,435.37
12,12,5,0,,,,0.37016666,0.0,0.0,0.0,257.47
12,13,5,0,,,,0.3782,0.0,0.0,0.0,637.97
12,14,5,0,,,,0.34131667,0.0,0.0,0.0,481.42
12,15,5,0,,,,0.31575,0.0,0.0,0.0,388.75
12,16,5,0,,,,0.6353667,0.0,0.0,0.0,10.57
12,17,5,0,,,,1.493,0.0,0.0,0.0,0.0
12,18,5,0,,,,1.79195,0.0,0.0,0.0,0.0
12,19,5,0,,,,2.0780334,0.0,0.0,0.0,0.0
12,20,5,0,,,,1.86445,0.0,0.0,0.0,0.0
12,21,5,0,,,,1.3894,0.0,0.0,0.0,0.0
12,22,5,0,,,,1.78685,0.0,0.0,0.0,0.0
12,23,5,0,,,,1.49505,0.0,0.0,0.0,0.0
12,24,5,0,,,,1.6583333,0.0,0.0,0.0,0.0
12,1,6,0,,,,2.0625668,0.0,0.0,0.0,0.0
12,2,6,0,,,,2.5007668,0.0,0.0,0.0,0.0
12,3,6,0,,,,1.8432167,0.0,0.0,0.0,0.0
12,4,6,0,,,,1.7386333,0.0,0.0,0.0,0.0
12,5,6,0,,,,1.8952667,0.0,0.0,0.0,0.0
12,6,6,0,,,,1.9775333,0.0,0.0,0.0,0.0
12,7,6,0,,,,1.8076,0.0,0.0,0.0,0.0
12,8,6,0,,,,3.4832833,0.0,0.0,0.0,0.0
12,9,6,0,,,,2.53375,0.0,0.0,0.0,0.0
12,10,6,0,,,,2.3957,0.0,0.0,0.0,15.99
12,11,6,0,,,,2.0479834,0.0,0.0,0.0,43.04
12,12,6,0,,,,2.3104832,0.0,0.0,0.0,40.41
12,13,6,0,,,,2.39405,0.0,0.0,0.0,26.5
12,14,6,0,,,,2.0323668,0.0,0.0,0.0,28.71
12,15,6,0,,,,1.2986166,0.0,0.0,0.0,8.35
12,16,6,0,,,,1.6242334,0.0,0.0,0.0,5.33
12,17,6,0,,,,3.6408167,0.0,0.0,0.0,0.0
12,18,6,0,,,,2.2157834,0.0,0.0,0.0,0.0
12,19,6,0,,,,3.3639834,0.0,0.0,0.0,0.0
12,20,6,0,,,,6.1324334,0.0,0.0,0.0,0.0
12,21,6,0,,,,2.86135,0.0,0.0,0.0,0.0
12,22,6,0,,,,2.8979332,0.0,0.0,0.0,0.0
12,23,6,0,,,,2.1496167,0.0,0.0,0.0,0.0
12,24,6,0,,,,2.078225,0.0,0.0,0.0,0.0
12,1,7,0,,,,2.0178,0.0,0.0,0.0,0.0
12,2,7,0,,,,1.8093,0.0,0.0,0.0,0.0
12,3,7,0,,,,1.7181,0.0,0.0,0.0,0.0
12,4,7,0,,,,1.7331166,0.0,0.0,0.0,0.0
12,5,7,0,,,,1.7071167,0.0,0.0,0.0,0.0
12,6,7,0,,,,1.7011833,0.0,0.0,0.0,0.0
12,7,7,0,,,,1.6523334,0.0,0.0,0.0,0.0
12,8,7,0,,,,1.6297,0.0,0.0,0.0,0.0
12,9,7,0,,,,1.87845,0.0,0.0,0.0,0.0
12,10,7,0,,,,2.1874166,0.0,0.0,0.0,36.89
12,11,7,0,,,,2.51355,0.0,0.0,0.0,68.85
12,12,7,0,,,,2.2243667,0.0,0.0,0.0,89.77
12,13,7,0,,,,2.05155,0.0,0.0,0.0,164.65
12,14,7,0,,,,2.0203333,0.0,0.0,0.0,170.97
12,15,7,0,,,,2.13655,0.0,0.0,0.0,107.58
12,16,7,0,,,,2.0293667,0.0,0.0,0.0,6.5
12,17,7,0,,,,2.5394,0.0,0.0,0.0,0.0
12,18,7,0,,,,7.4957166,0.0,0.0,0.0,0.0
12,19,7,0,,,,3.9166167,0.0,0.0,0.0,0.0
12,20,7,0,,,,3.3211167,0.0,0.0,0.0,0.0
12,21,7,0,,,,2.4911666,0.0,0.0,0.0,0.0
12,22,7,0,,,,2.46785,0.0,0.0,0.0,0.0
12,23,7,0,,,,1.591,0.0,0.0,0.0,0.0
12,24,7,0,,,,1.3357084,0.0,0.0,0.0,0.0
12,1,1,0,,,,1.34155,0.0,0.0,0.0,0.0
12,2,1,0,,,,1.3441833,0.0,0.0,0.0,0.0
12,3,1,0,,,,1.34495,0.0,0.0,0.0,0.0
12,4,1,0,,,,1.4422166,0.0,0.0,0.0,0.0
12,5,1,0,,,,2.00595,0.0,0.0,0.0,0.0
12,6,1,0,,,,4.4999166,0.0,0.0,0.0,0.0
12,7,1,0,,,,1.1569667,0.0,0.0,0.0,0.0
12,8,1,0,,,,0.85361665,0.0,0.0,0.0,0.0
12,9,1,0,,,,0.5423,0.0,0.0,0.0,0.0
12,10,1,0,,,,0.28058332,0.0,0.0,0.0,22.24
12,11,1,0,,,,0.28001666,0.0,0.0,0.0,51.59
12,12,1,0,,,,0.27911666,0.0,0.0,0.0,45.93
12,13,1,0,,,,0.27965,0.0,0.0,0.0,30.34
12,14,1,0,,,,0.28216666,0.0,0.0,0.0,52.84
12,15,1,0,,,,1.16555,0.0,0.0,0.0,10.3
12,16,1,0,,,,2.0781667,0.0,0.0,0.0,0.22
12,17,1,0,,,,1.76695,0.0,0.0,0.0,0.0
12,18,1,0,,,,4.60315,0.0,0.0,0.0,0.0
12,19,1,0,,,,3.75175,0.0,0.0,0.0,0.0
12,20,1,0,,,,3.8356833,0.0,0.0,0.0,0.0
12,21,1,0,,,,2.83725,0.0,0.0,0.0,0.0
12,22,1,0,,,,1.7237333,0.0,0.0,0.0,0.0
12,23,1,0,,,,1.2402667,0.0,0.0,0.0,0.0
12,24,1,0,,,,1.2481333,0.0,0.0,0.0,0.0
12,1,2,0,,,,1.2521,0.0,0.0,0.0,0.0
12,2,2,0,,,,1.2481834,0.0,0.0,0.0,0.0
12,3,2,0,,,,1.2465167,0.0,0.0,0.0,0.0
12,4,2,0,,,,1.25685,0.0,0.0,0.0,0.0
12,5,2,0,,,,2.8349166,0.0,0.0,0.0,0.0
12,6,2,0,,,,2.58115,0.0,0.0,0.0,0.0
12,7,2,0,,,,0.73031664,0.0,0.0,0.0,0.0
12,8,2,0,,,,0.77246666,0.0,0.0,0.0,0.0
12,9,2,0,,,,0.6645278,0.0,0.0,0.0,0.0
12,10,2,0,,,,0.21391666,0.0,0.0,0.0,11.14
12,11,2,0,,,,0.21543333,0.0,0.0,0.0,28.49
12,12,2,0,,,,0.21588333,0.0,0.0,0.0,18.81
12,13,2,0,,,,0.2176,0.0,0.0,0.0,20.98
12,14,2,0,,,,0.21926667,0.0,0.0,0.0,25.41
12,15,2,0,,,,0.23281667,0.0,0.0,0.0,4.29
12,16,2,0,,,,0.74621665,0.0,0.0,0.0,0.0
12,17,2,0,,,,0.75418335,0.0,0.0,0.0,0.0
12,18,2,0,,,,2.6373167,0.0,0.0,0.0,0.0
12,19,2,0,,,,2.7538166,0.0,0.0,0.0,0.0
12,20,2,0,,,,2.8995667,0.0,0.0,0.0,0.0
12,21,2,0,,,,2.3414667,0.0,0.0,0.0,0.0
12,22,2,0,,,,1.5739833,0.0,0.0,0.0,0.0
12,23,2,0,,,,1.4416667,0.0,0.0,0.0,0.0
12,24,2,0,,,,1.4646667,0.0,0.0,0.0,0.0
12,1,3,0,,,,1.4668,0.0,0.0,0.0,0.0
12,2,3,0,,,,1.46975,0.0,0.0,0.0,0.0
12,3,3,0,,,,1.4657,0.0,0.0,0.0,0.0
12,4,3,0,,,,1.48085,0.0,0.0,0.0,0.0
12,5,3,0,,,,2.4173667,0.0,0.0,0.0,0.0
12,6,3,0,,,,2.8818333,0.0,0.0,0.0,0.0
12,7,3,0,,,,0.7864,0.0,0.0,0.0,0.0
12,8,3,0,,,,0.8192833,0.0,0.0,0.0,0.0
12,9,3,0,,,,0.8543,0.0,0.0,0.0,0.0
12,10,3,0,,,,0.6997833,0.0,0.0,0.0,35.12
12,11,3,0,,,,0.28046668,0.0,0.0,0.0,37.73
12,12,3,0,,,,0.28146666,0.0,0.0,0.0,54.4
12,13,3,0,,,,0.28193334,0.0,0.0,0.0,23.83
12,14,3,0,,,,0.30136666,0.0,0.0,0.0,19.41
12,15,3,0,,,,0.79938334,0.0,0.0,0.0,21.57
12,16,3,0,,,,0.89966667,0.0,0.0,0.0,0.98
12,17,3,0,,,,0.745,0.0,0.0,0.0,0.0
12,18,3,0,,,,1.8657167,0.0,0.0,0.0,0.0
12,19,3,0,,,,2.28905,0.0,0.0,0.0,0.0
12,20,3,0,,,,1.72615,0.0,0.0,0.0,0.0
12,21,3,0,,,,1.5293833,0.0,0.0,0.0,0.0
12,22,3,0,,,,1.51075,0.0,0.0,0.0,0.0
12,23,3,0,,,,1.5211333,0.0,0.0,0.0,0.0
12,24,3,0,,,,1.5238416,0.0,0.0,0.0,0.0
12,1,4,0,,,,1.5339,0.0,0.0,0.0,0.0
12,2,4,0,,,,1.5385333,0.0,0.0,0.0,0.0
12,3,4,0,,,,1.5427834,0.0,0.0,0.0,0.0
12,4,4,0,,,,1.5331833,0.0,0.0,0.0,0.0
12,5,4,0,,,,2.7082834,0.0,0.0,0.0,0.0
12,6,4,0,,,,3.3973,0.0,0.0,0.0,0.0
12,7,4,0,,,,0.88953334,0.0,0.0,0.0,0.0
12,8,4,0,,,,1.1295,0.0,0.0,0.0,0.0
12,9,4,0,,,,1.1634667,0.0,0.0,0.0,0.0
12,10,4,0,,,,1.0886333,0.0,0.0,0.0,146.87
12,11,4,0,,,,0.59428334,0.0,0.0,0.0,487.41
12,12,4,0,,,,0.5934167,0.0,0.0,0.0,590.6
12,13,4,0,,,,0.59758335,0.0,0.0,0.0,597.53
12,14,4,0,,,,0.59496665,0.0,0.0,0.0,554.18
12,15,4,0,,,,0.66246665,0.0,0.0,0.0,253.26
12,16,4,0,,,,1.4845834,0.0,0.0,0.0,8.69
12,17,4,0,,,,1.7805667,0.0,0.0,0.0,0.0
12,18,4,0,,,,1.8539166,0.0,0.0,0.0,0.0
12,19,4,0,,,,1.8181167,0.0,0.0,0.0,0.0
12,20,4,0,,,,1.9324167,0.0,0.0,0.0,0.0
12,21,4,0,,,,1.8473,0.0,0.0,0.0,0.0
12,22,4,0,,,,2.1910334,0.0,0.0,0.0,0.0
12,23,4,0,,,,1.6986667,0.0,0.0,0.0,0.0
12,24,4,0,,,,1.5846167,0.0,0.0,0.0,0.0
12,1,5,0,,,,1.567,0.0,0.0,0.0,0.0
12,2,5,0,,,,1.5739,0.0,0.0,0.0,0.0
12,3,5,0,,,,1.5762666,0.0,0.0,0.0,0.0
12,4,5,0,,,,1.5635834,0.0,0.0,0.0,0.0
12,5,5,0,,,,3.4937,0.0,0.0,0.0,0.0
12,6,5,0,,,,6.1287165,0.0,0.0,0.0,0.0
12,7,5,0,,,,3.75395,0.0,0.0,0.0,0.0
12,8,5,0,,,,2.3510168,0.0,0.0,0.0,0.0
12,9,5,0,,,,2.6459832,0.0,0.0,0.0,0.0
12,10,5,0,,,,2.6451833,0.0,0.0,0.0,5.85
12,11,5,0,,,,1.9298834,0.0,0.0,0.0,348.83
12,12,5,0,,,,2.31275,0.0,0.0,0.0,515.66
12,13,5,0,,,,1.9266334,0.0,0.0,0.0,576.92
12,14,5,0,,,,2.16835,0.0,0.0,0.0,545.45
12,15,5,0,,,,1.5482666,0.0,0.0,0.0,377.29
12,16,5,0,,,,2.3675833,0.0,0.0,0.0,7.41
12,17,5,0,,,,2.9681168,0.0,0.0,0.0,0.0
12,18,5,0,,,,3.1889668,0.0,0.0,0.0,0.0
12,19,5,0,,,,2.6822834,0.0,0.0,0.0,0.0
12,20,5,0,,,,3.5302,0.0,0.0,0.0,0.0
12,21,5,0,,,,3.4133666,0.0,0.0,0.0,0.0
12,22,5,0,,,,3.9426668,0.0,0.0,0.0,0.0
12,23,5,0,,,,4.78255,0.0,0.0,0.0,0.0
12,24,5,0,,,,3.6612084,0.0,0.0,0.0,0.0
12,1,6,0,,,,3.0032,0.0,0.0,0.0,0.0
12,2,6,0,,,,2.4792166,0.0,0.0,0.0,0.0
12,3,6,0,,,,2.813,0.0,0.0,0.0,0.0
12,4,6,0,,,,2.5371332,0.0,0.0,0.0,0.0
12,5,6,0,,,,2.4530666,0.0,0.0,0.0,0.0
12,6,6,0,,,,2.5318167,0.0,0.0,0.0,0.0
12,7,6,0,,,,1.9294167,0.0,0.0,0.0,0.0
12,8,6,0,,,,1.1839666,0.0,0.0,0.0,0.0
12,9,6,0,,,,1.5858834,0.0,0.0,0.0,0.0
12,10,6,0,,,,1.8781834,0.0,0.0,0.0,289.83
12,11,6,0,,,,2.8306,0.0,0.0,0.0,473.75
12,12,6,0,,,,2.3847167,0.0,0.0,0.0,550.88
12,13,6,0,,,,3.8202,0.0,0.0,0.0,484.41
12,14,6,0,,,,6.805383,0.0,0.0,0.0,481.74
12,15,6,0,,,,3.6067667,0.0,0.0,0.0,274.68
12,16,6,0,,,,4.1031833,0.0,0.0,0.0,6.84
12,17,6,0,,,,3.45025,0.0,0.0,0.0,0.0
12,18,6,0,,,,2.4739666,0.0,0.0,0.0,0.0
12,19,6,0,,,,2.5689166,0.0,0.0,0.0,0.0
12,20,6,0,,,,3.4682,0.0,0.0,0.0,0.0
12,21,6,0,,,,3.9994833,0.0,0.0,0.0,0.0
12,22,6,0,,,,3.5924168,0.0,0.0,0.0,0.0
12,23,6,0,,,,4.6934834,0.0,0.0,0.0,0.0
12,24,6,0,,,,3.58215,0.0,0.0,0.0,0.0
12,1,7,0,,,,3.27285,0.0,0.0,0.0,0.0
12,2,7,0,,,,2.8141334,0.0,0.0,0.0,0.0
12,3,7,0,,,,2.6499667,0.0,0.0,0.0,0.0
12,4,7,0,,,,2.7062333,0.0,0.0,0.0,0.0
12,5,7,0,,,,2.5190334,0.0,0.0,0.0,0.0
12,6,7,0,,,,1.8089666,0.0,0.0,0.0,0.0
12,7,7,0,,,,2.46835,0.0,0.0,0.0,0.0
12,8,7,0,,,,3.4122334,0.0,0.0,0.0,0.0
12,9,7,0,,,,3.1435168,0.0,0.0,0.0,0.0
12,10,7,0,,,,2.8508167,0.0,0.0,0.0,210.17
12,11,7,0,,,,1.7650334,0.0,0.0,0.0,462.44
12,12,7,0,,,,2.8835332,0.0,0.0,0.0,356.03
12,13,7,0,,,,1.3469833,0.0,0.0,0.0,442.92
12,14,7,0,,,,1.51665,0.0,0.0,0.0,516.67
12,15,7,0,,,,3.21585,0.0,0.0,0.0,298.96
12,16,7,0,,,,2.4617834,0.0,0.0,0.0,9.62
12,17,7,0,,,,2.2684166,0.0,0.0,0.0,0.0
12,18,7,0,,,,2.2100832,0.0,0.0,0.0,0.0
12,19,7,0,,,,3.2192667,0.0,0.0,0.0,0.0
12,20,7,0,,,,3.4609,0.0,0.0,0.0,0.0
12,21,7,0,,,,3.4453917,0.0,0.0,0.0,0.0
12,22,7,0,,,,3.3164833,0.0,0.0,0.0,0.0
12,23,7,0,,,,2.4192834,0.0,0.0,0.0,0.0
12,24,7,0,,,,1.4646083,0.0,0.0,0.0,0.0
12,1,1,0,,,,2.1663666,0.0,0.0,0.0,0.0
12,2,1,0,,,,1.33085,0.0,0.0,0.0,0.0
12,3,1,0,,,,1.3908334,0.0,0.0,0.0,0.0
12,4,1,0,,,,1.39595,0.0,0.0,0.0,0.0
12,5,1,0,,,,2.6865,0.0,0.0,0.0,0.0
12,6,1,0,,,,4.14455,0.0,0.0,0.0,0.0
12,7,1,0,,,,2.5862167,0.0,0.0,0.0,0.0
12,8,1,0,,,,1.83595,0.0,0.0,0.0,0.0
12,9,1,0,,,,2.5094833,0.0,0.0,0.0,0.0
12,10,1,0,,,,3.36865,0.0,0.0,0.0,148.53
12,11,1,0,,,,1.5619333,0.0,0.0,0.0,521.39
12,12,1,0,,,,1.4856334,0.0,0.0,0.0,587.01
12,13,1,0,,,,1.00105,0.0,0.0,0.0,579.65
12,14,1,0,,,,0.9769,0.0,0.0,0.0,532.63
12,15,1,0,,,,1.3291833,0.0,0.0,0.0,380.77
12,16,1,0,,,,1.9470167,0.0,0.0,0.0,8.07
12,17,1,0,,,,2.3904667,0.0,0.0,0.0,0.0
12,18,1,0,,,,2.6048,0.0,0.0,0.0,0.0
12,19,1,0,,,,2.4841416,0.0,0.0,0.0,0.0
12,20,1,0,,,,1.9476167,0.0,0.0,0.0,0.0
12,21,1,0,,,,1.6932666,0.0,0.0,0.0,0.0
12,22,1,0,,,,1.8023167,0.0,0.0,0.0,0.0
12,23,1,0,,,,1.9104167,0.0,0.0,0.0,0.0
12,24,1,0,,,,1.9055667,0.0,0.0,0.0,0.0
12,1,2,0,,,,2.0826833,0.0,0.0,0.0,0.0
12,2,2,0,,,,1.9449834,0.0,0.0,0.0,0.0
12,3,2,0,,,,1.1358833,0.0,0.0,0.0,0.0
12,4,2,0,,,,1.1395333,0.0,0.0,0.0,0.0
12,5,2,0,,,,1.4271,0.0,0.0,0.0,0.0
12,6,2,0,,,,1.8522834,0.0,0.0,0.0,0.0
12,7,2,0,,,,3.2886667,0.0,0.0,0.0,0.0
12,8,2,0,,,,2.21765,0.0,0.0,0.0,0.0
12,9,2,0,,,,2.0742166,0.0,0.0,0.0,0.0
12,10,2,0,,,,1.5566167,0.0,0.0,0.0,155.12
12,11,2,0,,,,0.83781666,0.0,0.0,0.0,396.59
12,12,2,0,,,,0.9021,0.0,0.0,0.0,526.48
12,13,2,0,,,,0.79296666,0.0,0.0,0.0,435.46
12,14,2,0,,,,0.2531,0.0,0.0,0.0,512.66
12,15,2,0,,,,0.77345,0.0,0.0,0.0,342.57
12,16,2,0,,,,1.04595,0.0,0.0,0.0,6.49
12,17,2,0,,,,2.1213,0.0,0.0,0.0,0.0
12,18,2,0,,,,2.9733667,0.0,0.0,0.0,0.0
12,19,2,0,,,,3.6993167,0.0,0.0,0.0,0.0
12,20,2,0,,,,3.8305833,0.0,0.0,0.0,0.0
12,21,2,0,,,,3.9922667,0.0,0.0,0.0,0.0
12,22,2,0,,,,4.5473166,0.0,0.0,0.0,0.0
12,23,2,0,,,,2.0870333,0.0,0.0,0.0,0.0
12,24,2,0,,,,1.898125,0.0,0.0,0.0,0.0
12,1,3,0,,,,1.4642167,0.0,0.0,0.0,0.0
12,2,3,0,,,,1.3086166,0.0,0.0,0.0,0.0
12,3,3,0,,,,1.5291166,0.0,0.0,0.0,0.0
12,4,3,0,,,,1.5010834,0.0,0.0,0.0,0.0
12,5,3,0,,,,1.2839333,0.0,0.0,0.0,0.0
12,6,3,0,,,,2.9499,0.0,0.0,0.0,0.0
12,7,3,0,,,,1.9303666,0.0,0.0,0.0,0.0
12,8,3,0,,,,4.16525,0.0,0.0,0.0,0.0
12,9,3,0,,,,2.3464832,0.0,0.0,0.0,0.0
12,10,3,0,,,,3.7459834,0.0,0.0,0.0,22.04
12,11,3,0,,,,2.61995,0.0,0.0,0.0,36.54
12,12,3,0,,,,2.8503168,0.0,0.0,0.0,51.92
12,13,3,0,,,,1.9825,0.0,0.0,0.0,48.72
12,14,3,0,,,,0.88383335,0.0,0.0,0.0,20.18
12,15,3,0,,,,0.7988833,0.0,0.0,0.0,99.91
12,16,3,0,,,,0.95023334,0.0,0.0,0.0,9.76
12,17,3,0,,,,1.4203334,0.0,0.0,0.0,0.0
12,18,3,0,,,,1.5749333,0.0,0.0,0.0,0.0
12,19,3,0,,,,2.4602168,0.0,0.0,0.0,0.0
12,20,3,0,,,,2.52925,0.0,0.0,0.0,0.0
12,21,3,0,,,,2.0109832,0.0,0.0,0.0,0.0
12,22,3,0,,,,3.1131334,0.0,0.0,0.0,0.0
12,23,3,0,,,,2.0080667,0.0,0.0,0.0,0.0
12,24,3,0,,,,1.9853083,0.0,0.0,0.0,0.0
12,1,4,0,,,,2.23245,0.0,0.0,0.0,0.0
12,2,4,0,,,,1.8305167,0.0,0.0,0.0,0.0
12,3,4,0,,,,2.2227333,0.0,0.0,0.0,0.0
12,4,4,0,,,,1.7396166,0.0,0.0,0.0,0.0
12,5,4,0,,,,1.8929167,0.0,0.0,0.0,0.0
12,6,4,0,,,,1.966775,0.0,0.0,0.0,0.0
12,7,4,0,,,,1.1957667,0.0,0.0,0.0,0.0
12,8,4,0,,,,1.4705861,0.0,0.0,0.0,0.0
12,9,4,0,,,,1.5026,0.0,0.0,0.0,0.0
12,10,4,0,,,,1.516,0.0,0.0,0.0,7.6
12,11,4,0,,,,1.5336,0.0,0.0,0.0,99.98
12,12,4,0,,,,1.4049166,0.0,0.0,0.0,57.01
12,13,4,0,,,,1.2877333,0.0,0.0,0.0,25.09
12,14,4,0,,,,0.81046665,0.0,0.0,0.0,15.22
12,15,4,0,,,,1.2577833,0.0,0.0,0.0,3.0
12,16,4,0,,,,2.0680168,0.0,0.0,0.0,5.67
12,17,4,0,,,,3.2662666,0.0,0.0,0.0,0.0
12,18,4,0,,,,1.8881,0.0,0.0,0.0,0.0
12,19,4,0,,,,1.96305,0.0,0.0,0.0,0.0
12,20,4,0,,,,1.3006333,0.0,0.0,0.0,0.0
12,21,4,0,,,,1.9398333,0.0,0.0,0.0,0.0
12,22,4,0,,,,2.36025,0.0,0.0,0.0,0.0
12,23,4,0,,,,1.4159666,0.0,0.0,0.0,0.0
12,24,4,0,,,,0.499175,0.0,0.0,0.0,0.0
12,1,5,0,,,,0.5002,0.0,0.0,0.0,0.0
12,2,5,0,,,,0.50165,0.0,0.0,0.0,0.0
12,3,5,0,,,,0.8692,0.0,0.0,0.0,0.0
12,4,5,0,,,,0.5907,0.0,0.0,0.0,0.0
12,5,5,0,,,,0.52028334,0.0,0.0,0.0,0.0
12,6,5,0,,,,1.2131,0.0,0.0,0.0,0.0
12,7,5,0,,,,0.9608833,0.0,0.0,0.0,0.0
12,8,5,0,,,,1.1654,0.0,0.0,0.0,0.0
12,9,5,0,,,,0.24785,0.0,0.0,0.0,0.0
12,10,5,0,,,,0.25615,0.0,0.0,0.0,5.79
12,11,5,0,,,,0.25621668,0.0,0.0,0.0,20.09
12,12,5,0,,,,0.25415,0.0,0.0,0.0,12.5
12,13,5,0,,,,0.2536,0.0,0.0,0.0,12.45
12,14,5,0,,,,0.2552,0.0,0.0,0.0,7.41
12,15,5,0,,,,0.25083333,0.0,0.0,0.0,176.25
12,16,5,0,,,,0.24556667,0.0,0.0,0.0,11.36
12,17,5,0,,,,0.24801667,0.0,0.0,0.0,0.0
12,18,5,0,,,,0.24818334,0.0,0.0,0.0,0.0
12,19,5,0,,,,0.2496,0.0,0.0,0.0,0.0
12,20,5,0,,,,0.46233332,0.0,0.0,0.0,0.0
12,21,5,0,,,,1.1584166,0.0,0.0,0.0,0.0
12,22,5,0,,,,2.6571667,0.0,0.0,0.0,0.0
12,23,5,0,,,,2.7860334,0.0,0.0,0.0,0.0
12,24,5,0,,,,2.1040916,0.0,0.0,0.0,0.0
12,1,6,0,,,,1.8766834,0.0,0.0,0.0,0.0
12,2,6,0,,,,1.3238,0.0,0.0,0.0,0.0
12,3,6,0,,,,1.7767667,0.0,0.0,0.0,0.0
12,4,6,0,,,,1.2827667,0.0,0.0,0.0,0.0
12,5,6,0,,,,1.6386334,0.0,0.0,0.0,0.0
12,6,6,0,,,,1.4285834,0.0,0.0,0.0,0.0
12,7,6,0,,,,1.2456167,0.0,0.0,0.0,0.0
12,8,6,0,,,,1.75715,0.0,0.0,0.0,0.0
12,9,6,0,,,,0.735,0.0,0.0,0.0,0.0
12,10,6,0,,,,0.54006666,0.0,0.0,0.0,73.79
12,11,6,0,,,,0.91756666,0.0,0.0,0.0,53.49
12,12,6,0,,,,0.2105,0.0,0.0,0.0,27.62
12,13,6,0,,,,0.21243334,0.0,0.0,0.0,38.84
12,14,6,0,,,,0.21356666,0.0,0.0,0.0,16.07
12,15,6,0,,,,0.21388334,0.0,0.0,0.0,34.59
12,16,6,0,,,,0.20236667,0.0,0.0,0.0,11.61
12,17,6,0,,,,0.53566664,0.0,0.0,0.0,0.0
12,18,6,0,,,,0.9442833,0.0,0.0,0.0,0.0
12,19,6,0,,,,0.94853336,0.0,0.0,0.0,0.0
12,20,6,0,,,,0.95201665,0.0,0.0,0.0,0.0
12,21,6,0,,,,0.94588333,0.0,0.0,0.0,0.0
12,22,6,0,,,,0.94666666,0.0,0.0,0.0,0.0
12,23,6,0,,,,1.018,0.0,0.0,0.0,0.0
12,24,6,0,,,,1.42165,0.0,0.0,0.0,0.0
12,1,7,0,,,,1.3851833,0.0,0.0,0.0,0.0
12,2,7,0,,,,1.0301833,0.0,0.0,0.0,0.0
12,3,7,0,,,,1.0335,0.0,0.0,0.0,0.0
12,4,7,0,,,,1.03175,0.0,0.0,0.0,0.0
12,5,7,0,,,,1.0222334,0.0,0.0,0.0,0.0
12,6,7,0,,,,1.0238333,0.0,0.0,0.0,0.0
12,7,7,0,,,,0.26828337,0.0,0.0,0.0,0.0
12,8,7,0,,,,0.51143336,0.0,0.0,0.0,0.0
12,9,7,0,,,,0.22288333,0.0,0.0,0.0,0.0
12,10,7,0,,,,0.2096,0.0,0.0,0.0,6.49
12,11,7,0,,,,0.21071666,0.0,0.0,0.0,14.9
12,12,7,0,,,,0.21263333,0.0,0.0,0.0,32.33
12,13,7,0,,,,0.3872,0.0,0.0,0.0,16.94
12,14,7,0,,,,0.6788167,0.0,0.0,0.0,7.06
12,15,7,0,,,,0.21378334,0.0,0.0,0.0,5.87
12,16,7,0,,,,0.20483333,0.0,0.0,0.0,0.0
12,17,7,0,,,,0.20925,0.0,0.0,0.0,0.0
12,18,7,0,,,,0.20885,0.0,0.0,0.0,0.0
12,19,7,0,,,,0.20865,0.0,0.0,0.0,0.0
12,20,7,0,,,,0.85286665,0.0,0.0,0.0,0.0
12,21,7,0,,,,4.98745,0.0,0.0,0.0,0.0
12,22,7,0,,,,5.3054166,0.0,0.0,0.0,0.0
12,23,7,0,,,,5.2357335,0.0,0.0,0.0,0.0
12,24,7,0,,,,5.280975,0.0,0.0,0.0,0.0
12,1,1,0,,,,4.3170333,0.0,0.0,0.0,0.0
12,2,1,0,,,,4.4224668,0.0,0.0,0.0,0.0
12,3,1,0,,,,4.0679665,0.0,0.0,0.0,0.0
12,4,1,0,,,,3.5346668,0.0,0.0,0.0,0.0
12,5,1,0,,,,2.9818666,0.0,0.0,0.0,0.0
12,6,1,0,,,,3.4711,0.0,0.0,0.0,0.0
12,7,1,0,,,,3.3427668,0.0,0.0,0.0,0.0
12,8,1,0,,,,3.4373167,0.0,0.0,0.0,0.0
12,9,1,0,,,,3.27715,0.0,0.0,0.0,0.0
12,10,1,0,,,,2.8488834,0.0,0.0,0.0,4.74
12,11,1,0,,,,2.41635,0.0,0.0,0.0,10.87
12,12,1,0,,,,2.53145,0.0,0.0,0.0,16.26
12,13,1,0,,,,2.0711,0.0,0.0,0.0,12.17
12,14,1,0,,,,2.0958166,0.0,0.0,0.0,14.18
12,15,1,0,,,,2.8485832,0.0,0.0,0.0,6.47
12,16,1,0,,,,2.3080666,0.0,0.0,0.0,0.0
12,17,1,0,,,,2.7532,0.0,0.0,0.0,0.0
12,18,1,0,,,,2.2173,0.0,0.0,0.0,0.0
12,19,1,0,,,,2.6807168,0.0,0.0,0.0,0.0
12,20,1,0,,,,2.3043168,0.0,0.0,0.0,0.0
12,21,1,0,,,,2.8537166,0.0,0.0,0.0,0.0
12,22,1,0,,,,2.5114334,0.0,0.0,0.0,0.0
12,23,1,0,,,,2.8670166,0.0,0.0,0.0,0.0
12,24,1,0,,,,2.5569916,0.0,0.0,0.0,0.0
12,1,2,0,,,,3.0356,0.0,0.0,0.0,0.0
12,2,2,0,,,,2.7684667,0.0,0.0,0.0,0.0
12,3,2,0,,,,3.2040668,0.0,0.0,0.0,0.0
12,4,2,0,,,,3.1806667,0.0,0.0,0.0,0.0
12,5,2,0,,,,3.4570167,0.0,0.0,0.0,0.0
12,6,2,0,,,,3.0696332,0.0,0.0,0.0,0.0
12,7,2,0,,,,2.3550334,0.0,0.0,0.0,0.0
12,8,2,0,,,,2.95815,0.0,0.0,0.0,0.0
12,9,2,0,,,,2.26045,0.0,0.0,0.0,0.0
12,10,2,0,,,,2.5568166,0.0,0.0,0.0,26.52
12,11,2,0,,,,1.9658861,0.0,0.0,0.0,29.85
12,12,2,0,,,,2.10975,0.0,0.0,0.0,48.64
12,13,2,0,,,,2.3255,0.0,0.0,0.0,31.36
12,14,2,0,,,,1.9129167,0.0,0.0,0.0,38.36
12,15,2,0,,,,1.6355833,0.0,0.0,0.0,134.36
12,16,2,0,,,,1.88805,0.0,0.0,0.0,12.62
12,17,2,0,,,,2.60685,0.0,0.0,0.0,0.0
12,18,2,0,,,,2.2115,0.0,0.0,0.0,0.0
12,19,2,0,,,,2.2510166,0.0,0.0,0.0,0.0
12,20,2,0,,,,1.9529667,0.0,0.0,0.0,0.0
12,21,2,0,,,,2.2992833,0.0,0.0,0.0,0.0
12,22,2,0,,,,2.3145833,0.0,0.0,0.0,0.0
12,23,2,0,,,,1.9804167,0.0,0.0,0.0,0.0
12,24,2,0,,,,2.3113666,0.0,0.0,0.0,0.0
12,1,3,0,,,,2.3051,0.0,0.0,0.0,0.0
12,2,3,0,,,,2.2429,0.0,0.0,0.0,0.0
12,3,3,0,,,,2.0884833,0.0,0.0,0.0,0.0
12,4,3,0,,,,1.9858834,0.0,0.0,0.0,0.0
12,5,3,0,,,,1.9771,0.0,0.0,0.0,0.0
12,6,3,0,,,,2.1863334,0.0,0.0,0.0,0.0
12,7,3,0,,,,2.0004168,0.0,0.0,0.0,0.0
12,8,3,0,,,,1.8274333,0.0,0.0,0.0,0.0
12,9,3,0,,,,1.9065,0.0,0.0,0.0,0.0
12,10,3,0,,,,1.8977166,0.0,0.0,0.0,15.22
12,11,3,0,,,,1.5082333,0.0,0.0,0.0,29.13
12,12,3,0,,,,1.7678833,0.0,0.0,0.0,23.79
12,13,3,0,,,,1.5978,0.0,0.0,0.0,19.36
12,14,3,0,,,,1.4827334,0.0,0.0,0.0,24.45
12,15,3,0,,,,1.94465,0.0,0.0,0.0,20.06
12,16,3,0,,,,1.6574,0.0,0.0,0.0,6.58
12,17,3,0,,,,1.4388,0.0,0.0,0.0,0.0
12,18,3,0,,,,1.5315666,0.0,0.0,0.0,0.0
12,19,3,0,,,,1.7225833,0.0,0.0,0.0,0.0
12,20,3,0,,,,1.4088334,0.0,0.0,0.0,0.0
12,21,3,0,,,,1.7463666,0.0,0.0,0.0,0.0
12,22,3,0,,,,1.3871666,0.0,0.0,0.0,0.0
12,23,3,0,,,,1.4821334,0.0,0.0,0.0,0.0
12,24,3,0,,,,1.6424834,0.0,0.0,0.0,0.0
12,1,4,0,,,,1.418,0.0,0.0,0.0,0.0
12,2,4,0,,,,1.7807333,0.0,0.0,0.0,0.0
12,3,4,0,,,,1.6891167,0.0,0.0,0.0,0.0
12,4,4,0,,,,1.8140666,0.0,0.0,0.0,0.0
12,5,4,0,,,,2.0868666,0.0,0.0,0.0,0.0
12,6,4,0,,,,2.4463167,0.0,0.0,0.0,0.0
12,7,4,0,,,,0.90583336,0.0,0.0,0.0,0.0
12,8,4,0,,,,1.7591,0.0,0.0,0.0,0.0
12,9,4,0,,,,1.4053167,0.0,0.0,0.0,0.0
12,10,4,0,,,,1.3804,0.0,0.0,0.0,87.02
12,11,4,0,,,,1.38155,0.0,0.0,0.0,91.35
12,12,4,0,,,,1.3523166,0.0,0.0,0.0,51.64
12,13,4,0,,,,1.3338166,0.0,0.0,0.0,30.91
12,14,4,0,,,,1.3204666,0.0,0.0,0.0,27.03
12,15,4,0,,,,1.0067667,0.0,0.0,0.0,13.88
12,16,4,0,,,,1.0188333,0.0,0.0,0.0,4.3
12,17,4,0,,,,1.004,0.0,0.0,0.0,0.0
12,18,4,0,,,,1.0098333,0.0,0.0,0.0,0.0
12,19,4,0,,,,1.01665,0.0,0.0,0.0,0.0
12,20,4,0,,,,1.5542333,0.0,0.0,0.0,0.0
12,21,4,0,,,,1.0341667,0.0,0.0,0.0,0.0
12,22,4,0,,,,1.0351833,0.0,0.0,0.0,0.0
12,23,4,0,,,,1.0393,0.0,0.0,0.0,0.0
12,24,4,0,,,,1.1067667,0.0,0.0,0.0,0.0
12,1,5,0,,,,1.5427333,0.0,0.0,0.0,0.0
12,2,5,0,,,,2.54035,0.0,0.0,0.0,0.0
12,3,5,0,,,,2.5725,0.0,0.0,0.0,0.0
12,4,5,0,,,,2.4096334,0.0,0.0,0.0,0.0
12,5,5,0,,,,2.39015,0.0,0.0,0.0,0.0
12,6,5,0,,,,1.9932333,0.0,0.0,0.0,0.0
12,7,5,0,,,,1.968,0.0,0.0,0.0,0.0
12,8,5,0,,,,1.8824667,0.0,0.0,0.0,0.0
12,9,5,0,,,,2.4645667,0.0,0.0,0.0,0.0
12,10,5,0,,,,2.0040166,0.0,0.0,0.0,17.66
12,11,5,0,,,,1.7301167,0.0,0.0,0.0,30.43
12,12,5,0,,,,1.7976167,0.0,0.0,0.0,131.62
12,13,5,0,,,,1.40505,0.0,0.0,0.0,20.44
12,14,5,0,,,,1.7013333,0.0,0.0,0.0,9.89
12,15,5,0,,,,1.3552166,0.0,0.0,0.0,4.33
12,16,5,0,,,,1.7648,0.0,0.0,0.0,0.03
12,17,5,0,,,,1.7742833,0.0,0.0,0.0,0.0
12,18,5,0,,,,1.7876834,0.0,0.0,0.0,0.0
12,19,5,0,,,,1.7313334,0.0,0.0,0.0,0.0
12,20,5,0,,,,1.7974666,0.0,0.0,0.0,0.0
12,21,5,0,,,,1.6258833,0.0,0.0,0.0,0.0
12,22,5,0,,,,2.1245666,0.0,0.0,0.0,0.0
12,23,5,0,,,,2.02275,0.0,0.0,0.0,0.0
12,24,5,0,,,,2.5154583,0.0,0.0,0.0,0.0
12,1,6,0,,,,2.1242,0.0,0.0,0.0,0.0
12,2,6,0,,,,1.5744667,0.0,0.0,0.0,0.0
12,3,6,0,,,,1.88715,0.0,0.0,0.0,0.0
12,4,6,0,,,,1.8524667,0.0,0.0,0.0,0.0
12,5,6,0,,,,1.7282166,0.0,0.0,0.0,0.0
12,6,6,0,,,,1.8782,0.0,0.0,0.0,0.0
12,7,6,0,,,,1.8727666,0.0,0.0,0.0,0.0
12,8,6,0,,,,1.8747,0.0,0.0,0.0,0.0
12,9,6,0,,,,1.40165,0.0,0.0,0.0,0.0
12,10,6,0,,,,0.94423336,0.0,0.0,0.0,318.81
12,11,6,0,,,,0.9416,0.0,0.0,0.0,440.61
12,12,6,0,,,,0.9389833,0.0,0.0,0.0,547.75
12,13,6,0,,,,1.4268,0.0,0.0,0.0,30.19
12,14,6,0,,,,1.04645,0.0,0.0,0.0,24.95
12,15,6,0,,,,0.92466664,0.0,0.0,0.0,25.72
12,16,6,0,,,,0.98471665,0.0,0.0,0.0,8.37
12,17,6,0,,,,3.4386833,0.0,0.0,0.0,0.0
12,18,6,0,,,,2.8485,0.0,0.0,0.0,0.0
12,19,6,0,,,,4.7066336,0.0,0.0,0.0,0.0
12,20,6,0,,,,4.631817,0.0,0.0,0.0,0.0
12,21,6,0,,,,3.6656666,0.0,0.0,0.0,0.0
12,22,6,0,,,,3.1843834,0.0,0.0,0.0,0.0
12,23,6,0,,,,2.8625166,0.0,0.0,0.0,0.0
12,24,6,0,,,,2.3141,0.0,0.0,0.0,0.0
1,1,7,0,,,,2.5885167,0.0,0.0,0.0,0.0
1,2,7,0,,,,2.5972,0.0,0.0,0.0,0.0
1,3,7,0,,,,2.5096,0.0,0.0,0.0,0.0
1,4,7,0,,,,2.4351,0.0,0.0,0.0,0.0
1,5,7,0,,,,2.63285,0.0,0.0,0.0,0.0
1,6,7,0,,,,2.5132833,0.0,0.0,0.0,0.0
1,7,7,0,,,,1.9827,0.0,0.0,0.0,0.0
1,8,7,0,,,,2.5860333,0.0,0.0,0.0,0.0
1,9,7,0,,,,2.3356166,0.0,0.0,0.0,0.0
1,10,7,0,,,,1.9932834,0.0,0.0,0.0,1.25
1,11,7,0,,,,3.0325167,0.0,0.0,0.0,33.36
1,12,7,0,,,,3.5768,0.0,0.0,0.0,43.51
1,13,7,0,,,,1.8207,0.0,0.0,0.0,9.84
1,14,7,0,,,,1.2986667,0.0,0.0,0.0,117.26
1,15,7,0,,,,3.8529668,0.0,0.0,0.0,21.69
1,16,7,0,,,,2.60885,0.0,0.0,0.0,0.78
1,17,7,0,,,,1.7912834,0.0,0.0,0.0,0.0
1,18,7,0,,,,1.9979334,0.0,0.0,0.0,0.0
1,19,7,0,,,,5.333667,0.0,0.0,0.0,0.0
1,20,7,0,,,,5.0696335,0.0,0.0,0.0,0.0
1,21,7,0,,,,1.9426167,0.0,0.0,0.0,0.0
1,22,7,0,,,,1.8618333,0.0,0.0,0.0,0.0
1,23,7,0,,,,1.2243667,0.0,0.0,0.0,0.0
1,24,7,0,,,,0.8108583,0.0,0.0,0.0,0.0
1,1,1,0,,,,2.6852167,0.0,0.0,0.0,0.0
1,2,1,0,,,,1.8226334,0.0,0.0,0.0,0.0
1,3,1,0,,,,1.7413334,0.0,0.0,0.0,0.0
1,4,1,0,,,,1.0717666,0.0,0.0,0.0,0.0
1,5,1,0,,,,1.50435,0.0,0.0,0.0,0.0
1,6,1,0,,,,1.4847667,0.0,0.0,0.0,0.0
1,7,1,0,,,,1.1701666,0.0,0.0,0.0,0.0
1,8,1,0,,,,1.1654667,0.0,0.0,0.0,0.0
1,9,1,0,,,,2.8632333,0.0,0.0,0.0,0.0
1,10,1,0,,,,1.95105,0.0,0.0,0.0,309.29
1,11,1,0,,,,1.9423833,0.0,0.0,0.0,279.12
1,12,1,0,,,,2.7072334,0.0,0.0,0.0,72.17
1,13,1,0,,,,5.367133,0.0,0.0,0.0,28.42
1,14,1,0,,,,2.2296333,0.0,0.0,0.0,42.39
1,15,1,0,,,,2.0027833,0.0,0.0,0.0,56.22
1,16,1,0,,,,2.6752834,0.0,0.0,0.0,0.02
1,17,1,0,,,,2.0168834,0.0,0.0,0.0,0.0
1,18,1,0,,,,1.6130167,0.0,0.0,0.0,0.0
1,19,1,0,,,,5.2323666,0.0,0.0,0.0,0.0
1,20,1,0,,,,3.67615,0.0,0.0,0.0,0.0
1,21,1,0,,,,2.9923,0.0,0.0,0.0,0.0
1,22,1,0,,,,2.3318834,0.0,0.0,0.0,0.0
1,23,1,0,,,,2.6349666,0.0,0.0,0.0,0.0
1,24,1,0,,,,2.4542167,0.0,0.0,0.0,0.0
1,1,2,0,,,,2.0965333,0.0,0.0,0.0,0.0
1,2,2,0,,,,2.6839,0.0,0.0,0.0,0.0
1,3,2,0,,,,2.3468332,0.0,0.0,0.0,0.0
1,4,2,0,,,,2.5873833,0.0,0.0,0.0,0.0
1,5,2,0,,,,3.2583,0.0,0.0,0.0,0.0
1,6,2,0,,,,2.9111166,0.0,0.0,0.0,0.0
1,7,2,0,,,,2.9141166,0.0,0.0,0.0,0.0
1,8,2,0,,,,2.4739168,0.0,0.0,0.0,0.0
1,9,2,0,,,,1.9029167,0.0,0.0,0.0,0.0
1,10,2,0,,,,1.8119167,0.0,0.0,0.0,112.76
1,11,2,0,,,,1.8617834,0.0,0.0,0.0,127.45
1,12,2,0,,,,1.9605833,0.0,0.0,0.0,210.95
1,13,2,0,,,,1.3699167,0.0,0.0,0.0,461.88
1,14,2,0,,,,1.6212,0.0,0.0,0.0,74.03
1,15,2,0,,,,1.7700167,0.0,0.0,0.0,12.54
1,16,2,0,,,,2.4033,0.0,0.0,0.0,5.49
1,17,2,0,,,,3.2949166,0.0,0.0,0.0,0.0
1,18,2,0,,,,2.7399166,0.0,0.0,0.0,0.0
1,19,2,0,,,,1.4349,0.0,0.0,0.0,0.0
1,20,2,0,,,,1.2727,0.0,0.0,0.0,0.0
1,21,2,0,,,,1.79095,0.0,0.0,0.0,0.0
1,22,2,0,,,,5.75035,0.0,0.0,0.0,0.0
1,23,2,0,,,,2.4922667,0.0,0.0,0.0,0.0
1,24,2,0,,,,2.4272,0.0,0.0,0.0,0.0
1,1,3,0,,,,2.3671167,0.0,0.0,0.0,0.0
1,2,3,0,,,,1.9991833,0.0,0.0,0.0,0.0
1,3,3,0,,,,1.8770167,0.0,0.0,0.0,0.0
1,4,3,0,,,,2.75395,0.0,0.0,0.0,0.0
1,5,3,0,,,,2.5261333,0.0,0.0,0.0,0.0
1,6,3,0,,,,2.3505833,0.0,0.0,0.0,0.0
1,7,3,0,,,,0.93215007,0.0,0.0,0.0,0.0
1,8,3,0,,,,0.7708333,0.0,0.0,0.0,0.0
1,9,3,0,,,,0.8512667,0.0,0.0,0.0,0.0
1,10,3,0,,,,1.10775,0.0,0.0,0.0,27.01
1,11,3,0,,,,1.2622666,0.0,0.0,0.0,59.67
1,12,3,0,,,,1.25265,0.0,0.0,0.0,136.8
1,13,3,0,,,,1.00135,0.0,0.0,0.0,200.33
1,14,3,0,,,,2.6511333,0.0,0.0,0.0,41.28
1,15,3,0,,,,1.20785,0.0,0.0,0.0,15.38
1,16,3,0,,,,1.4096833,0.0,0.0,0.0,7.98
1,17,3,0,,,,0.83875,0.0,0.0,0.0,0.0
1,18,3,0,,,,1.3645834,0.0,0.0,0.0,0.0
1,19,3,0,,,,2.0120168,0.0,0.0,0.0,0.0
1,20,3,0,,,,2.2654667,0.0,0.0,0.0,0.0
1,21,3,0,,,,2.0571,0.0,0.0,0.0,0.0
1,22,3,0,,,,1.9802,0.0,0.0,0.0,0.0
1,23,3,0,,,,1.9984167,0.0,0.0,0.0,0.0
1,24,3,0,,,,0.7669167,0.0,0.0,0.0,0.0
1,1,4,0,,,,1.4421667,0.0,0.0,0.0,0.0
1,2,4,0,,,,1.0470667,0.0,0.0,0.0,0.0
1,3,4,0,,,,1.14355,0.0,0.0,0.0,0.0
1,4,4,0,,,,1.156,0.0,0.0,0.0,0.0
1,5,4,0,,,,1.5846167,0.0,0.0,0.0,0.0
1,6,4,0,,,,1.2269167,0.0,0.0,0.0,0.0
1,7,4,0,,,,2.01445,0.0,0.0,0.0,0.0
1,8,4,0,,,,1.2764,0.0,0.0,0.0,0.0
1,9,4,0,,,,1.4318334,0.0,0.0,0.0,0.0
1,10,4,0,,,,1.34175,0.0,0.0,0.0,20.09
1,11,4,0,,,,0.98473334,0.0,0.0,0.0,345.86
1,12,4,0,,,,0.75023335,0.0,0.0,0.0,43.52
1,13,4,0,,,,0.7642,0.0,0.0,0.0,309.9
1,14,4,0,,,,0.86298335,0.0,0.0,0.0,129.79
1,15,4,0,,,,1.0149167,0.0,0.0,0.0,248.36
1,16,4,0,,,,1.2542167,0.0,0.0,0.0,238.71
1,17,4,0,,,,1.3638834,0.0,0.0,0.0,0.0
1,18,4,0,,,,1.4923,0.0,0.0,0.0,0.0
1,19,4,0,,,,1.34395,0.0,0.0,0.0,0.0
1,20,4,0,,,,0.80291665,0.0,0.0,0.0,0.0
1,21,4,0,,,,0.84175,0.0,0.0,0.0,0.0
1,22,4,0,,,,0.51998335,0.0,0.0,0.0,0.0
1,23,4,0,,,,1.00705,0.0,0.0,0.0,0.0
1,24,4,0,,,,0.49156666,0.0,0.0,0.0,0.0
1,1,5,0,,,,0.96671665,0.0,0.0,0.0,0.0
1,2,5,0,,,,0.91385,0.0,0.0,0.0,0.0
1,3,5,0,,,,0.9806167,0.0,0.0,0.0,0.0
1,4,5,0,,,,0.83668333,0.0,0.0,0.0,0.0
1,5,5,0,,,,1.0377834,0.0,0.0,0.0,0.0
1,6,5,0,,,,1.5889833,0.0,0.0,0.0,0.0
1,7,5,0,,,,0.5808167,0.0,0.0,0.0,0.0
1,8,5,0,,,,1.2913,0.0,0.0,0.0,0.0
1,9,5,0,,,,1.8918834,0.0,0.0,0.0,0.0
1,10,5,0,,,,2.0894833,0.0,0.0,0.0,83.72
1,11,5,0,,,,1.88145,0.0,0.0,0.0,174.0
1,12,5,0,,,,1.76925,0.0,0.0,0.0,181.71
1,13,5,0,,,,3.03135,0.0,0.0,0.0,688.14
1,14,5,0,,,,6.386667,0.0,0.0,0.0,147.72
1,15,5,0,,,,1.8489833,0.0,0.0,0.0,319.34
1,16,5,0,,,,1.4210167,0.0,0.0,0.0,264.94
1,17,5,0,,,,1.7614833,0.0,0.0,0.0,0.0
1,18,5,0,,,,2.10865,0.0,0.0,0.0,0.0
1,19,5,0,,,,1.9649667,0.0,0.0,0.0,0.0
1,20,5,0,,,,1.3616166,0.0,0.0,0.0,0.0
1,21,5,0,,,,0.9302,0.0,0.0,0.0,0.0
1,22,5,0,,,,2.4020333,0.0,0.0,0.0,0.0
1,23,5,0,,,,2.28555,0.0,0.0,0.0,0.0
1,24,5,0,,,,1.4413333,0.0,0.0,0.0,0.0
1,1,6,0,,,,0.9607667,0.0,0.0,0.0,0.0
1,2,6,0,,,,0.98728335,0.0,0.0,0.0,0.0
1,3,6,0,,,,1.42285,0.0,0.0,0.0,0.0
1,4,6,0,,,,1.0501333,0.0,0.0,0.0,0.0
1,5,6,0,,,,0.87901664,0.0,0.0,0.0,0.0
1,6,6,0,,,,1.03445,0.0,0.0,0.0,0.0
1,7,6,0,,,,1.9745834,0.0,0.0,0.0,0.0
1,8,6,0,,,,2.5121834,0.0,0.0,0.0,0.0
1,9,6,0,,,,1.5383166,0.0,0.0,0.0,0.0
1,10,6,0,,,,1.2739667,0.0,0.0,0.0,85.68
1,11,6,0,,,,1.4084166,0.0,0.0,0.0,121.14
1,12,6,0,,,,1.0139333,0.0,0.0,0.0,219.59
1,13,6,0,,,,1.4558667,0.0,0.0,0.0,328.31
1,14,6,0,,,,2.30935,0.0,0.0,0.0,239.53
1,15,6,0,,,,1.78455,0.0,0.0,0.0,61.09
1,16,6,0,,,,1.9513,0.0,0.0,0.0,19.38
1,17,6,0,,,,1.4587333,0.0,0.0,0.0,0.0
1,18,6,0,,,,1.2029166,0.0,0.0,0.0,0.0
1,19,6,0,,,,1.9186833,0.0,0.0,0.0,0.0
1,20,6,0,,,,2.0527,0.0,0.0,0.0,0.0
1,21,6,0,,,,0.64126664,0.0,0.0,0.0,0.0
1,22,6,0,,,,0.5320167,0.0,0.0,0.0,0.0
1,23,6,0,,,,0.5535167,0.0,0.0,0.0,0.0
1,24,6,0,,,,0.51755834,0.0,0.0,0.0,0.0
1,1,7,0,,,,0.5165667,0.0,0.0,0.0,0.0
1,2,7,0,,,,0.47473332,0.0,0.0,0.0,0.0
1,3,7,0,,,,0.4453,0.0,0.0,0.0,0.0
1,4,7,0,,,,0.446,0.0,0.0,0.0,0.0
1,5,7,0,,,,0.43318334,0.0,0.0,0.0,0.0
1,6,7,0,,,,0.46285832,0.0,0.0,0.0,0.0
1,7,7,0,,,,0.46576667,0.0,0.0,0.0,0.0
1,8,7,0,,,,0.7116167,0.0,0.0,0.0,0.0
1,9,7,0,,,,1.4391834,0.0,0.0,0.0,0.0
1,10,7,0,,,,1.23245,0.0,0.0,0.0,305.87
1,11,7,0,,,,1.1704,0.0,0.0,0.0,299.96
1,12,7,0,,,,1.4936833,0.0,0.0,0.0,325.18
1,13,7,0,,,,4.9896336,0.0,0.0,0.0,250.55
1,14,7,0,,,,1.69945,0.0,0.0,0.0,302.2
1,15,7,0,,,,4.4515,0.0,0.0,0.0,106.87
1,16,7,0,,,,2.17365,0.0,0.0,0.0,21.0
1,17,7,0,,,,2.36835,0.0,0.0,0.0,0.0
1,18,7,0,,,,1.9016334,0.0,0.0,0.0,0.0
1,19,7,0,,,,2.75565,0.0,0.0,0.0,0.0
1,20,7,0,,,,3.6048667,0.0,0.0,0.0,0.0
1,21,7,0,,,,1.8415834,0.0,0.0,0.0,0.0
1,22,7,0,,,,1.0098333,0.0,0.0,0.0,0.0
1,23,7,0,,,,0.5252,0.0,0.0,0.0,0.0
1,24,7,0,,,,0.44850832,0.0,0.0,0.0,0.0
1,1,1,0,,,,0.43383333,0.0,0.0,0.0,0.0
1,2,1,0,,,,0.43596667,0.0,0.0,0.0,0.0
1,3,1,0,,,,0.43421668,0.0,0.0,0.0,0.0
1,4,1,0,,,,0.48558334,0.0,0.0,0.0,0.0
1,5,1,0,,,,0.9053,0.0,0.0,0.0,0.0
1,6,1,0,,,,2.02585,0.0,0.0,0.0,0.0
1,7,1,0,,,,1.33005,0.0,0.0,0.0,0.0
1,8,1,0,,,,0.40488333,0.0,0.0,0.0,0.0
1,9,1,0,,,,0.41103333,0.0,0.0,0.0,0.0
1,10,1,0,,,,1.14985,0.0,0.0,0.0,252.85
1,11,1,0,,,,1.3215667,0.0,0.0,0.0,407.5
1,12,1,0,,,,1.5399,0.0,0.0,0.0,345.71
1,13,1,0,,,,0.83863336,0.0,0.0,0.0,706.11
1,14,1,0,,,,1.15815,0.0,0.0,0.0,609.0
1,15,1,0,,,,0.83073336,0.0,0.0,0.0,469.02
1,16,1,0,,,,2.0515666,0.0,0.0,0.0,324.67
1,17,1,0,,,,1.4377167,0.0,0.0,0.0,0.0
1,18,1,0,,,,0.9540833,0.0,0.0,0.0,0.0
1,19,1,0,,,,4.1552167,0.0,0.0,0.0,0.0
1,20,1,0,,,,5.3102665,0.0,0.0,0.0,0.0
1,21,1,0,,,,2.2428334,0.0,0.0,0.0,0.0
1,22,1,0,,,,2.2160168,0.0,0.0,0.0,0.0
1,23,1,0,,,,0.62845,0.0,0.0,0.0,0.0
1,24,1,0,,,,0.89405835,0.0,0.0,0.0,0.0
1,1,2,0,,,,0.81886667,0.0,0.0,0.0,0.0
1,2,2,0,,,,0.8028333,0.0,0.0,0.0,0.0
1,3,2,0,,,,0.7359167,0.0,0.0,0.0,0.0
1,4,2,0,,,,0.6081,0.0,0.0,0.0,0.0
1,5,2,0,,,,1.1045333,0.0,0.0,0.0,0.0
1,6,2,0,,,,1.8903333,0.0,0.0,0.0,0.0
1,7,2,0,,,,0.74895,0.0,0.0,0.0,0.0
1,8,2,0,,,,0.80696666,0.0,0.0,0.0,0.0
1,9,2,0,,,,0.48263332,0.0,0.0,0.0,0.0
1,10,2,0,,,,0.24673334,0.0,0.0,0.0,74.77
1,11,2,0,,,,0.22815,0.0,0.0,0.0,130.22
1,12,2,0,,,,0.2459,0.0,0.0,0.0,303.2
1,13,2,0,,,,0.24836667,0.0,0.0,0.0,635.29
1,14,2,0,,,,0.24435,0.0,0.0,0.0,159.55
1,15,2,0,,,,0.30246666,0.0,0.0,0.0,312.79
1,16,2,0,,,,0.8358167,0.0,0.0,0.0,164.11
1,17,2,0,,,,1.2703333,0.0,0.0,0.0,0.0
1,18,2,0,,,,2.3705,0.0,0.0,0.0,0.0
1,19,2,0,,,,2.8366334,0.0,0.0,0.0,0.0
1,20,2,0,,,,2.29345,0.0,0.0,0.0,0.0
1,21,2,0,,,,2.7347333,0.0,0.0,0.0,0.0
1,22,2,0,,,,1.3004167,0.0,0.0,0.0,0.0
1,23,2,0,,,,1.0165334,0.0,0.0,0.0,0.0
1,24,2,0,,,,1.3936833,0.0,0.0,0.0,0.0
1,1,3,0,,,,0.89206666,0.0,0.0,0.0,0.0
1,2,3,0,,,,0.91363335,0.0,0.0,0.0,0.0
1,3,3,0,,,,0.8717333,0.0,0.0,0.0,0.0
1,4,3,0,,,,1.30525,0.0,0.0,0.0,0.0
1,5,3,0,,,,1.81105,0.0,0.0,0.0,0.0
1,6,3,0,,,,2.0197833,0.0,0.0,0.0,0.0
1,7,3,0,,,,0.71276665,0.0,0.0,0.0,0.0
1,8,3,0,,,,0.48133335,0.0,0.0,0.0,0.0
1,9,3,0,,,,0.21675,0.0,0.0,0.0,0.0
1,10,3,0,,,,0.21688333,0.0,0.0,0.0,111.3
1,11,3,0,,,,0.21605,0.0,0.0,0.0,170.58
1,12,3,0,,,,0.21641667,0.0,0.0,0.0,703.68
1,13,3,0,,,,0.21601667,0.0,0.0,0.0,257.57
1,14,3,0,,,,0.21838333,0.0,0.0,0.0,172.91
1,15,3,0,,,,0.22631666,0.0,0.0,0.0,530.18
1,16,3,0,,,,1.6815667,0.0,0.0,0.0,310.53
1,17,3,0,,,,0.53431666,0.0,0.0,0.0,0.0
1,18,3,0,,,,1.3349667,0.0,0.0,0.0,0.0
1,19,3,0,,,,2.861039,0.0,0.0,0.0,0.0
1,20,3,0,,,,2.0093668,0.0,0.0,0.0,0.0
1,21,3,0,,,,1.1231333,0.0,0.0,0.0,0.0
1,22,3,0,,,,1.621,0.0,0.0,0.0,0.0
1,23,3,0,,,,1.3706334,0.0,0.0,0.0,0.0
1,24,3,0,,,,0.84108335,0.0,0.0,0.0,0.0
1,1,4,0,,,,1.1232667,0.0,0.0,0.0,0.0
1,2,4,0,,,,1.1238333,0.0,0.0,0.0,0.0
1,3,4,0,,,,1.5984,0.0,0.0,0.0,0.0
1,4,4,0,,,,1.4110334,0.0,0.0,0.0,0.0
1,5,4,0,,,,3.0255666,0.0,0.0,0.0,0.0
1,6,4,0,,,,3.1363,0.0,0.0,0.0,0.0
1,7,4,0,,,,0.8018,0.0,0.0,0.0,0.0
1,8,4,0,,,,0.8318,0.0,0.0,0.0,0.0
1,9,4,0,,,,0.85478336,0.0,0.0,0.0,0.0
1,10,4,0,,,,0.5322667,0.0,0.0,0.0,8.29
1,11,4,0,,,,0.29408333,0.0,0.0,0.0,183.16
1,12,4,0,,,,0.29392222,0.0,0.0,0.0,202.08
1,13,4,0,,,,0.2986,0.0,0.0,0.0,612.05
1,14,4,0,,,,0.2879,0.0,0.0,0.0,68.74
1,15,4,0,,,,1.1127666,0.0,0.0,0.0,56.34
1,16,4,0,,,,5.6303167,0.0,0.0,0.0,7.42
1,17,4,0,,,,4.07775,0.0,0.0,0.0,0.0
1,18,4,0,,,,2.9861834,0.0,0.0,0.0,0.0
1,19,4,0,,,,6.267483,0.0,0.0,0.0,0.0
1,20,4,0,,,,2.9381833,0.0,0.0,0.0,0.0
1,21,4,0,,,,2.6188333,0.0,0.0,0.0,0.0
1,22,4,0,,,,2.3332334,0.0,0.0,0.0,0.0
1,23,4,0,,,,1.6441833,0.0,0.0,0.0,0.0
1,24,4,0,,,,1.4137666,0.0,0.0,0.0,0.0
1,1,5,0,,,,1.8615,0.0,0.0,0.0,0.0
1,2,5,0,,,,1.5821167,0.0,0.0,0.0,0.0
1,3,5,0,,,,1.7423834,0.0,0.0,0.0,0.0
1,4,5,0,,,,1.4816333,0.0,0.0,0.0,0.0
1,5,5,0,,,,1.4651166,0.0,0.0,0.0,0.0
1,6,5,0,,,,1.3663833,0.0,0.0,0.0,0.0
1,7,5,0,,,,0.88988334,0.0,0.0,0.0,0.0
1,8,5,0,,,,0.24961667,0.0,0.0,0.0,0.0
1,9,5,0,,,,0.7594,0.0,0.0,0.0,0.0
1,10,5,0,,,,1.27335,0.0,0.0,0.0,8.6
1,11,5,0,,,,1.2871166,0.0,0.0,0.0,49.0
1,12,5,0,,,,0.74911666,0.0,0.0,0.0,88.93
1,13,5,0,,,,1.2855667,0.0,0.0,0.0,250.91
1,14,5,0,,,,1.54345,0.0,0.0,0.0,89.06
1,15,5,0,,,,1.0862167,0.0,0.0,0.0,425.01
1,16,5,0,,,,2.3516166,0.0,0.0,0.0,23.45
1,17,5,0,,,,1.3700334,0.0,0.0,0.0,0.0
1,18,5,0,,,,1.9762167,0.0,0.0,0.0,0.0
1,19,5,0,,,,1.7536,0.0,0.0,0.0,0.0
1,20,5,0,,,,2.8401,0.0,0.0,0.0,0.0
1,21,5,0,,,,2.0402834,0.0,0.0,0.0,0.0
1,22,5,0,,,,1.1888334,0.0,0.0,0.0,0.0
1,23,5,0,,,,1.0646167,0.0,0.0,0.0,0.0
1,24,5,0,,,,0.98356664,0.0,0.0,0.0,0.0
1,1,6,0,,,,0.99955,0.0,0.0,0.0,0.0
1,2,6,0,,,,1.42795,0.0,0.0,0.0,0.0
1,3,6,0,,,,0.9992333,0.0,0.0,0.0,0.0
1,4,6,0,,,,1.0522333,0.0,0.0,0.0,0.0
1,5,6,0,,,,1.0180666,0.0,0.0,0.0,0.0
1,6,6,0,,,,1.4577167,0.0,0.0,0.0,0.0
1,7,6,0,,,,0.70070004,0.0,0.0,0.0,0.0
1,8,6,0,,,,1.7202834,0.0,0.0,0.0,0.0
1,9,6,0,,,,1.7781334,0.0,0.0,0.0,0.0
1,10,6,0,,,,2.9562,0.0,0.0,0.0,356.43
1,11,6,0,,,,0.80523336,0.0,0.0,0.0,107.53
1,12,6,0,,,,0.93701667,0.0,0.0,0.0,316.66
1,13,6,0,,,,1.1622666,0.0,0.0,0.0,112.8
1,14,6,0,,,,1.0082333,0.0,0.0,0.0,312.14
1,15,6,0,,,,1.7169833,0.0,0.0,0.0,401.56
1,16,6,0,,,,1.3530834,0.0,0.0,0.0,15.44
1,17,6,0,,,,0.83823335,0.0,0.0,0.0,0.0
1,18,6,0,,,,0.86086667,0.0,0.0,0.0,0.0
1,19,6,0,,,,0.83383334,0.0,0.0,0.0,0.0
1,20,6,0,,,,2.11115,0.0,0.0,0.0,0.0
1,21,6,0,,,,1.1247667,0.0,0.0,0.0,0.0
1,22,6,0,,,,0.91926664,0.0,0.0,0.0,0.0
1,23,6,0,,,,0.2926,0.0,0.0,0.0,0.0
1,24,6,0,,,,0.5976833,0.0,0.0,0.0,0.0
1,1,7,0,,,,0.67431664,0.0,0.0,0.0,0.0
1,2,7,0,,,,0.66216666,0.0,0.0,0.0,0.0
1,3,7,0,,,,0.83028334,0.0,0.0,0.0,0.0
1,4,7,0,,,,1.1869667,0.0,0.0,0.0,0.0
1,5,7,0,,,,0.81776667,0.0,0.0,0.0,0.0
1,6,7,0,,,,1.2697834,0.0,0.0,0.0,0.0
1,7,7,0,,,,0.7996334,0.0,0.0,0.0,0.0
1,8,7,0,,,,0.8007333,0.0,0.0,0.0,0.0
1,9,7,0,,,,1.3757833,0.0,0.0,0.0,0.0
1,10,7,0,,,,1.312,0.0,0.0,0.0,332.4
1,11,7,0,,,,0.9539667,0.0,0.0,0.0,494.07
1,12,7,0,,,,0.8194,0.0,0.0,0.0,639.33
1,13,7,0,,,,0.79585,0.0,0.0,0.0,622.92
1,14,7,0,,,,0.79995,0.0,0.0,0.0,51.48
1,15,7,0,,,,1.0578333,0.0,0.0,0.0,105.12
1,16,7,0,,,,1.9414834,0.0,0.0,0.0,89.76
1,17,7,0,,,,2.9745333,0.0,0.0,0.0,0.0
1,18,7,0,,,,2.4212,0.0,0.0,0.0,0.0
1,19,7,0,,,,1.9918833,0.0,0.0,0.0,0.0
1,20,7,0,,,,6.0248833,0.0,0.0,0.0,0.0
1,21,7,0,,,,1.5555,0.0,0.0,0.0,0.0
1,22,7,0,,,,1.6986166,0.0,0.0,0.0,0.0
1,23,7,0,,,,1.38645,0.0,0.0,0.0,0.0
1,24,7,0,,,,1.13775,0.0,0.0,0.0,0.0
1,1,1,0,,,,1.0213333,0.0,0.0,0.0,0.0
1,2,1,0,,,,1.0137833,0.0,0.0,0.0,0.0
1,3,1,0,,,,0.91513336,0.0,0.0,0.0,0.0
1,4,1,0,,,,0.68093336,0.0,0.0,0.0,0.0
1,5,1,0,,,,0.61651665,0.0,0.0,0.0,0.0
1,6,1,0,,,,1.7404833,0.0,0.0,0.0,0.0
1,7,1,0,,,,1.6788334,0.0,0.0,0.0,0.0
1,8,1,0,,,,1.2719,0.0,0.0,0.0,0.0
1,9,1,0,,,,1.5801166,0.0,0.0,0.0,0.0
1,10,1,0,,,,1.89815,0.0,0.0,0.0,101.5
1,11,1,0,,,,1.5939667,0.0,0.0,0.0,277.16
1,12,1,0,,,,1.73575,0.0,0.0,0.0,619.13
1,13,1,0,,,,1.5560833,0.0,0.0,0.0,701.3
1,14,1,0,,,,2.3394833,0.0,0.0,0.0,141.79
1,15,1,0,,,,3.3713334,0.0,0.0,0.0,421.17
1,16,1,0,,,,2.1425,0.0,0.0,0.0,9.28
1,17,1,0,,,,1.9825,0.0,0.0,0.0,0.0
1,18,1,0,,,,3.4281166,0.0,0.0,0.0,0.0
1,19,1,0,,,,4.2507834,0.0,0.0,0.0,0.0
1,20,1,0,,,,2.5132334,0.0,0.0,0.0,0.0
1,21,1,0,,,,4.165925,0.0,0.0,0.0,0.0
1,22,1,0,,,,1.6601,0.0,0.0,0.0,0.0
1,23,1,0,,,,1.1113334,0.0,0.0,0.0,0.0
1,24,1,0,,,,1.0011834,0.0,0.0,0.0,0.0
1,1,2,0,,,,0.9806167,0.0,0.0,0.0,0.0
1,2,2,0,,,,1.1434333,0.0,0.0,0.0,0.0
1,3,2,0,,,,0.40238333,0.0,0.0,0.0,0.0
1,4,2,0,,,,0.88346666,0.0,0.0,0.0,0.0
1,5,2,0,,,,2.6943834,0.0,0.0,0.0,0.0
1,6,2,0,,,,1.5858,0.0,0.0,0.0,0.0
1,7,2,0,,,,0.16230007,0.0,0.0,0.0,0.0
1,8,2,0,,,,0.76815,0.0,0.0,0.0,0.0
1,9,2,0,,,,0.79786664,0.0,0.0,0.0,0.0
1,10,2,0,,,,0.82636666,0.0,0.0,0.0,64.7
1,11,2,0,,,,0.41541666,0.0,0.0,0.0,77.43
1,12,2,0,,,,0.25348333,0.0,0.0,0.0,43.93
1,13,2,0,,,,0.25623333,0.0,0.0,0.0,42.14
1,14,2,0,,,,0.2604,0.0,0.0,0.0,135.88
1,15,2,0,,,,0.26291665,0.0,0.0,0.0,101.06
1,16,2,0,,,,1.2675667,0.0,0.0,0.0,34.43
1,17,2,0,,,,0.64735,0.0,0.0,0.0,0.0
1,18,2,0,,,,1.9701166,0.0,0.0,0.0,0.0
1,19,2,0,,,,1.7875667,0.0,0.0,0.0,0.0
1,20,2,0,,,,1.46785,0.0,0.0,0.0,0.0
1,21,2,0,,,,1.6154,0.0,0.0,0.0,0.0
1,22,2,0,,,,1.2493666,0.0,0.0,0.0,0.0
1,23,2,0,,,,1.2287166,0.0,0.0,0.0,0.0
1,24,2,0,,,,0.98554164,0.0,0.0,0.0,0.0
1,1,3,0,,,,1.1471167,0.0,0.0,0.0,0.0
1,2,3,0,,,,1.1499833,0.0,0.0,0.0,0.0
1,3,3,0,,,,1.2372667,0.0,0.0,0.0,0.0
1,4,3,0,,,,1.2830666,0.0,0.0,0.0,0.0
1,5,3,0,,,,1.5958333,0.0,0.0,0.0,0.0
1,6,3,0,,,,1.98265,0.0,0.0,0.0,0.0
1,7,3,0,,,,0.19915006,0.0,0.0,0.0,0.0
1,8,3,0,,,,0.78685,0.0,0.0,0.0,0.0
1,9,3,0,,,,0.82988334,0.0,0.0,0.0,0.0
1,10,3,0,,,,0.25111666,0.0,0.0,0.0,71.7
1,11,3,0,,,,0.25336668,0.0,0.0,0.0,504.61
1,12,3,0,,,,0.2553,0.0,0.0,0.0,224.15
1,13,3,0,,,,0.25658333,0.0,0.0,0.0,56.57
1,14,3,0,,,,0.25973332,0.0,0.0,0.0,356.92
1,15,3,0,,,,1.586,0.0,0.0,0.0,483.29
1,16,3,0,,,,3.6101084,0.0,0.0,0.0,302.68
1,17,3,0,,,,1.28805,0.0,0.0,0.0,0.0
1,18,3,0,,,,2.6351666,0.0,0.0,0.0,0.0
1,19,3,0,,,,2.5564833,0.0,0.0,0.0,0.0
1,20,3,0,,,,4.473533,0.0,0.0,0.0,0.0
1,21,3,0,,,,4.459417,0.0,0.0,0.0,0.0
1,22,3,0,,,,1.7583833,0.0,0.0,0.0,0.0
1,23,3,0,,,,1.47975,0.0,0.0,0.0,0.0
1,24,3,0,,,,0.8477333,0.0,0.0,0.0,0.0
1,1,4,0,,,,0.81771666,0.0,0.0,0.0,0.0
1,2,4,0,,,,1.1787333,0.0,0.0,0.0,0.0
1,3,4,0,,,,1.1641667,0.0,0.0,0.0,0.0
1,4,4,0,,,,0.9799333,0.0,0.0,0.0,0.0
1,5,4,0,,,,1.9407667,0.0,0.0,0.0,0.0
1,6,4,0,,,,4.4993334,0.0,0.0,0.0,0.0
1,7,4,0,,,,1.8209167,0.0,0.0,0.0,0.0
1,8,4,0,,,,1.33125,0.0,0.0,0.0,0.0
1,9,4,0,,,,1.28735,0.0,0.0,0.0,0.0
1,10,4,0,,,,0.87995,0.0,0.0,0.0,413.17
1,11,4,0,,,,0.87296665,0.0,0.0,0.0,374.31
1,12,4,0,,,,0.89935,0.0,0.0,0.0,710.75
1,13,4,0,,,,0.85103333,0.0,0.0,0.0,690.1
1,14,4,0,,,,0.83295,0.0,0.0,0.0,698.67
1,15,4,0,,,,1.0471083,0.0,0.0,0.0,560.9
1,16,4,0,,,,1.0713834,0.0,0.0,0.0,381.25
1,17,4,0,,,,2.1165667,0.0,0.0,0.0,0.0
1,18,4,0,,,,4.3294334,0.0,0.0,0.0,0.0
1,19,4,0,,,,6.6871166,0.0,0.0,0.0,0.0
1,20,4,0,,,,3.1269166,0.0,0.0,0.0,0.0
1,21,4,0,,,,2.9829333,0.0,0.0,0.0,0.0
1,22,4,0,,,,1.9363834,0.0,0.0,0.0,0.0
1,23,4,0,,,,1.3879334,0.0,0.0,0.0,0.0
1,24,4,0,,,,1.503375,0.0,0.0,0.0,0.0
1,1,5,0,,,,1.58615,0.0,0.0,0.0,0.0
1,2,5,0,,,,1.46745,0.0,0.0,0.0,0.0
1,3,5,0,,,,1.2716833,0.0,0.0,0.0,0.0
1,4,5,0,,,,1.34335,0.0,0.0,0.0,0.0
1,5,5,0,,,,1.43095,0.0,0.0,0.0,0.0
1,6,5,0,,,,2.4405334,0.0,0.0,0.0,0.0
1,7,5,0,,,,2.6750333,0.0,0.0,0.0,0.0
1,8,5,0,,,,1.8562167,0.0,0.0,0.0,0.0
1,9,5,0,,,,1.7625834,0.0,0.0,0.0,0.0
1,10,5,0,,,,1.4312,0.0,0.0,0.0,274.0
1,11,5,0,,,,0.7478167,0.0,0.0,0.0,198.65
1,12,5,0,,,,0.81691664,0.0,0.0,0.0,615.58
1,13,5,0,,,,0.8814,0.0,0.0,0.0,663.01
1,14,5,0,,,,0.7315,0.0,0.0,0.0,640.14
1,15,5,0,,,,1.0287666,0.0,0.0,0.0,250.89
1,16,5,0,,,,1.83675,0.0,0.0,0.0,68.27
1,17,5,0,,,,5.4169497,0.0,0.0,0.0,0.0
1,18,5,0,,,,7.9416833,0.0,0.0,0.0,0.0
1,19,5,0,,,,4.2744665,0.0,0.0,0.0,0.0
1,20,5,0,,,,2.93445,0.0,0.0,0.0,0.0
1,21,5,0,,,,2.7078166,0.0,0.0,0.0,0.0
1,22,5,0,,,,1.9109334,0.0,0.0,0.0,0.0
1,23,5,0,,,,1.6355667,0.0,0.0,0.0,0.0
1,24,5,0,,,,1.6298167,0.0,0.0,0.0,0.0
1,1,6,0,,,,1.6126667,0.0,0.0,0.0,0.0
1,2,6,0,,,,1.6899333,0.0,0.0,0.0,0.0
1,3,6,0,,,,1.8764833,0.0,0.0,0.0,0.0
1,4,6,0,,,,1.7719834,0.0,0.0,0.0,0.0
1,5,6,0,,,,1.71225,0.0,0.0,0.0,0.0
1,6,6,0,,,,1.9507333,0.0,0.0,0.0,0.0
1,7,6,0,,,,1.37115,0.0,0.0,0.0,0.0
1,8,6,0,,,,1.717,0.0,0.0,0.0,0.0
1,9,6,0,,,,2.16835,0.0,0.0,0.0,0.0
1,10,6,0,,,,2.5316625,0.0,0.0,0.0,67.6
1,11,6,0,,,,1.4221833,0.0,0.0,0.0,58.83
1,12,6,0,,,,2.5847833,0.0,0.0,0.0,100.11
1,13,6,0,,,,2.0834668,0.0,0.0,0.0,23.72
1,14,6,0,,,,2.4032333,0.0,0.0,0.0,40.17
1,15,6,0,,,,0.8958333,0.0,0.0,0.0,147.87
1,16,6,0,,,,1.2090666,0.0,0.0,0.0,32.58
1,17,6,0,,,,1.08425,0.0,0.0,0.0,0.0
1,18,6,0,,,,2.4817834,0.0,0.0,0.0,0.0
1,19,6,0,,,,4.0905833,0.0,0.0,0.0,0.0
1,20,6,0,,,,2.2418666,0.0,0.0,0.0,0.0
1,21,6,0,,,,1.8840333,0.0,0.0,0.0,0.0
1,22,6,0,,,,0.85186666,0.0,0.0,0.0,0.0
1,23,6,0,,,,1.0487666,0.0,0.0,0.0,0.0
1,24,6,0,,,,1.079225,0.0,0.0,0.0,0.0
1,1,7,0,,,,1.3244833,0.0,0.0,0.0,0.0
1,2,7,0,,,,1.2151333,0.0,0.0,0.0,0.0
1,3,7,0,,,,1.1270833,0.0,0.0,0.0,0.0
1,4,7,0,,,,1.0838166,0.0,0.0,0.0,0.0
1,5,7,0,,,,1.2872,0.0,0.0,0.0,0.0
1,6,7,0,,,,1.3132666,0.0,0.0,0.0,0.0
1,7,7,0,,,,1.0682833,0.0,0.0,0.0,0.0
1,8,7,0,,,,4.8445,0.0,0.0,0.0,0.0
1,9,7,0,,,,1.5091166,0.0,0.0,0.0,1.38
1,10,7,0,,,,1.3999833,0.0,0.0,0.0,396.81
1,11,7,0,,,,3.4203167,0.0,0.0,0.0,350.44
1,12,7,0,,,,3.1157832,0.0,0.0,0.0,121.07
1,13,7,0,,,,1.8251834,0.0,0.0,0.0,91.5
1,14,7,0,,,,1.7605667,0.0,0.0,0.0,61.21
1,15,7,0,,,,4.18055,0.0,0.0,0.0,19.4
1,16,7,0,,,,4.30855,0.0,0.0,0.0,15.04
1,17,7,0,,,,1.8217334,0.0,0.0,0.0,0.0
1,18,7,0,,,,3.64355,0.0,0.0,0.0,0.0
1,19,7,0,,,,6.589675,0.0,0.0,0.0,0.0
1,20,7,0,,,,3.3226166,0.0,0.0,0.0,0.0
1,21,7,0,,,,1.1836833,0.0,0.0,0.0,0.0
1,22,7,0,,,,1.0306667,0.0,0.0,0.0,0.0
1,23,7,0,,,,0.41348332,0.0,0.0,0.0,0.0
1,24,7,0,,,,0.39843333,0.0,0.0,0.0,0.0
1,1,1,0,,,,0.38566667,0.0,0.0,0.0,0.0
1,2,1,0,,,,0.37521666,0.0,0.0,0.0,0.0
1,3,1,0,,,,0.3704,0.0,0.0,0.0,0.0
1,4,1,0,,,,0.36821666,0.0,0.0,0.0,0.0
1,5,1,0,,,,1.8055333,0.0,0.0,0.0,0.0
1,6,1,0,,,,1.8860917,0.0,0.0,0.0,0.0
1,7,1,0,,,,0.75475,0.0,0.0,0.0,0.0
1,8,1,0,,,,0.8182167,0.0,0.0,0.0,0.0
1,9,1,0,,,,0.84143335,0.0,0.0,0.0,8.17
1,10,1,0,,,,0.90115,0.0,0.0,0.0,19.76
1,11,1,0,,,,0.30381668,0.0,0.0,0.0,44.49
1,12,1,0,,,,0.3075,0.0,0.0,0.0,36.21
1,13,1,0,,,,0.3101,0.0,0.0,0.0,36.16
1,14,1,0,,,,0.31443334,0.0,0.0,0.0,61.1
1,15,1,0,,,,3.0253167,0.0,0.0,0.0,51.76
1,16,1,0,,,,3.8142333,0.0,0.0,0.0,21.13
1,17,1,0,,,,2.8580167,0.0,0.0,0.0,0.0
1,18,1,0,,,,3.5753112,0.0,0.0,0.0,0.0
1,19,1,0,,,,3.6969166,0.0,0.0,0.0,0.0
1,20,1,0,,,,3.3942666,0.0,0.0,0.0,0.0
1,21,1,0,,,,2.45525,0.0,0.0,0.0,0.0
1,22,1,0,,,,1.8866833,0.0,0.0,0.0,0.0
1,23,1,0,,,,1.7856333,0.0,0.0,0.0,0.0
1,24,1,0,,,,1.64745,0.0,0.0,0.0,0.0
1,1,2,0,,,,1.4272166,0.0,0.0,0.0,0.0
1,2,2,0,,,,1.1601666,0.0,0.0,0.0,0.0
1,3,2,0,,,,1.72955,0.0,0.0,0.0,0.0
1,4,2,0,,,,1.1947334,0.0,0.0,0.0,0.0
1,5,2,0,,,,1.45465,0.0,0.0,0.0,0.0
1,6,2,0,,,,1.9569334,0.0,0.0,0.0,0.0
1,7,2,0,,,,0.46773332,0.0,0.0,0.0,0.0
1,8,2,0,,,,2.1401167,0.0,0.0,0.0,0.0
1,9,2,0,,,,0.805525,0.0,0.0,0.0,1.33
1,10,2,0,,,,0.8523167,0.0,0.0,0.0,109.9
1,11,2,0,,,,0.27361667,0.0,0.0,0.0,97.83
1,12,2,0,,,,0.28083333,0.0,0.0,0.0,464.98
1,13,2,0,,,,0.27626666,0.0,0.0,0.0,471.17
1,14,2,0,,,,0.28081667,0.0,0.0,0.0,377.85
1,15,2,0,,,,2.9684834,0.0,0.0,0.0,322.88
1,16,2,0,,,,3.5104666,0.0,0.0,0.0,323.93
1,17,2,0,,,,2.1918166,0.0,0.0,0.0,0.0
1,18,2,0,,,,2.3164,0.0,0.0,0.0,0.0
1,19,2,0,,,,2.8828332,0.0,0.0,0.0,0.0
1,20,2,0,,,,3.50205,0.0,0.0,0.0,0.0
1,21,2,0,,,,4.351683,0.0,0.0,0.0,0.0
1,22,2,0,,,,0.5047333,0.0,0.0,0.0,0.0
1,23,2,0,,,,1.0450166,0.0,0.0,0.0,0.0
1,24,2,0,,,,1.2965333,0.0,0.0,0.0,0.0
1,1,3,0,,,,1.4726167,0.0,0.0,0.0,0.0
1,2,3,0,,,,1.4879333,0.0,0.0,0.0,0.0
1,3,3,0,,,,1.6772667,0.0,0.0,0.0,0.0
1,4,3,0,,,,1.66695,0.0,0.0,0.0,0.0
1,5,3,0,,,,3.1035166,0.0,0.0,0.0,0.0
1,6,3,0,,,,2.8456666,0.0,0.0,0.0,0.0
1,7,3,0,,,,0.73936665,0.0,0.0,0.0,0.0
1,8,3,0,,,,1.7916666,0.0,0.0,0.0,0.0
1,9,3,0,,,,0.80766666,0.0,0.0,0.0,1.39
1,10,3,0,,,,0.92696667,0.0,0.0,0.0,234.76
1,11,3,0,,,,0.34786665,0.0,0.0,0.0,146.35
1,12,3,0,,,,0.27728334,0.0,0.0,0.0,444.77
1,13,3,0,,,,0.27953333,0.0,0.0,0.0,394.1
1,14,3,0,,,,1.7920834,0.0,0.0,0.0,398.25
1,15,3,0,,,,2.7624,0.0,0.0,0.0,151.15
1,16,3,0,,,,1.3271,0.0,0.0,0.0,18.32
1,17,3,0,,,,2.2120166,0.0,0.0,0.0,0.0
1,18,3,0,,,,4.5650334,0.0,0.0,0.0,0.0
1,19,3,0,,,,4.0084167,0.0,0.0,0.0,0.0
1,20,3,0,,,,2.1364834,0.0,0.0,0.0,0.0
1,21,3,0,,,,4.9552,0.0,0.0,0.0,0.0
1,22,3,0,,,,2.0532,0.0,0.0,0.0,0.0
1,23,3,0,,,,1.8656167,0.0,0.0,0.0,0.0
1,24,3,0,,,,1.8950083,0.0,0.0,0.0,0.0
1,1,4,0,,,,1.3865583,0.0,0.0,0.0,0.0
1,2,4,0,,,,1.5618,0.0,0.0,0.0,0.0
1,3,4,0,,,,1.74735,0.0,0.0,0.0,0.0
1,4,4,0,,,,1.7726667,0.0,0.0,0.0,0.0
1,5,4,0,,,,2.6288667,0.0,0.0,0.0,0.0
1,6,4,0,,,,2.2718167,0.0,0.0,0.0,0.0
1,7,4,0,,,,0.6719667,0.0,0.0,0.0,0.0
1,8,4,0,,,,0.7094667,0.0,0.0,0.0,0.0
1,9,4,0,,,,0.7401,0.0,0.0,0.0,1.81
1,10,4,0,,,,0.86931664,0.0,0.0,0.0,26.57
1,11,4,0,,,,0.20565,0.0,0.0,0.0,50.81
1,12,4,0,,,,0.20816667,0.0,0.0,0.0,110.27
1,13,4,0,,,,0.21016666,0.0,0.0,0.0,42.26
1,14,4,0,,,,0.21396667,0.0,0.0,0.0,38.14
1,15,4,0,,,,0.21431667,0.0,0.0,0.0,24.69
1,16,4,0,,,,0.20541666,0.0,0.0,0.0,391.74
1,17,4,0,,,,0.25046667,0.0,0.0,0.0,0.0
1,18,4,0,,,,0.2873,0.0,0.0,0.0,0.0
1,19,4,0,,,,0.2899,0.0,0.0,0.0,0.0
1,20,4,0,,,,0.31836668,0.0,0.0,0.0,0.0
1,21,4,0,,,,2.76615,0.0,0.0,0.0,0.0
1,22,4,0,,,,2.4274666,0.0,0.0,0.0,0.0
1,23,4,0,,,,2.4746666,0.0,0.0,0.0,0.0
1,24,4,0,,,,1.7956166,0.0,0.0,0.0,0.0
1,1,5,0,,,,1.5851333,0.0,0.0,0.0,0.0
1,2,5,0,,,,1.6881167,0.0,0.0,0.0,0.0
1,3,5,0,,,,1.55365,0.0,0.0,0.0,0.0
1,4,5,0,,,,1.60765,0.0,0.0,0.0,0.0
1,5,5,0,,,,1.6794667,0.0,0.0,0.0,0.0
1,6,5,0,,,,1.8599833,0.0,0.0,0.0,0.0
1,7,5,0,,,,0.6598667,0.0,0.0,0.0,0.0
1,8,5,0,,,,0.694,0.0,0.0,0.0,0.0
1,9,5,0,,,,0.72968334,0.0,0.0,0.0,21.45
1,10,5,0,,,,0.76165,0.0,0.0,0.0,166.3
1,11,5,0,,,,0.53943336,0.0,0.0,0.0,182.8
1,12,5,0,,,,0.20673333,0.0,0.0,0.0,382.87
1,13,5,0,,,,0.2081,0.0,0.0,0.0,456.8
1,14,5,0,,,,0.21215,0.0,0.0,0.0,54.25
1,15,5,0,,,,0.5222833,0.0,0.0,0.0,21.14
1,16,5,0,,,,3.8614333,0.0,0.0,0.0,13.08
1,17,5,0,,,,4.9112167,0.0,0.0,0.0,0.0
1,18,5,0,,,,4.2854,0.0,0.0,0.0,0.0
1,19,5,0,,,,3.8478832,0.0,0.0,0.0,0.0
1,20,5,0,,,,4.7924666,0.0,0.0,0.0,0.0
1,21,5,0,,,,2.9627833,0.0,0.0,0.0,0.0
1,22,5,0,,,,0.5747667,0.0,0.0,0.0,0.0
1,23,5,0,,,,1.4328667,0.0,0.0,0.0,0.0
1,24,5,0,,,,1.458525,0.0,0.0,0.0,0.0
1,1,6,0,,,,1.0131,0.0,0.0,0.0,0.0
1,2,6,0,,,,1.5718334,0.0,0.0,0.0,0.0
1,3,6,0,,,,1.4658166,0.0,0.0,0.0,0.0
1,4,6,0,,,,1.3852333,0.0,0.0,0.0,0.0
1,5,6,0,,,,2.1720667,0.0,0.0,0.0,0.0
1,6,6,0,,,,1.1678,0.0,0.0,0.0,0.0
1,7,6,0,,,,0.6312667,0.0,0.0,0.0,0.0
1,8,6,0,,,,2.4624834,0.0,0.0,0.0,0.0
1,9,6,0,,,,2.97835,0.0,0.0,0.0,4.03
1,10,6,0,,,,3.4303167,0.0,0.0,0.0,138.05
1,11,6,0,,,,6.56915,0.0,0.0,0.0,34.01
1,12,6,0,,,,3.2355833,0.0,0.0,0.0,90.82
1,13,6,0,,,,0.8089667,0.0,0.0,0.0,104.27
1,14,6,0,,,,0.82241666,0.0,0.0,0.0,75.24
1,15,6,0,,,,0.25631666,0.0,0.0,0.0,45.53
1,16,6,0,,,,0.24543333,0.0,0.0,0.0,3.89
1,17,6,0,,,,0.24616666,0.0,0.0,0.0,0.0
1,18,6,0,,,,0.25025,0.0,0.0,0.0,0.0
1,19,6,0,,,,0.2504,0.0,0.0,0.0,0.0
1,20,6,0,,,,0.25083333,0.0,0.0,0.0,0.0
1,21,6,0,,,,0.25038335,0.0,0.0,0.0,0.0
1,22,6,0,,,,0.45216668,0.0,0.0,0.0,0.0
1,23,6,0,,,,0.35228333,0.0,0.0,0.0,0.0
1,24,6,0,,,,0.35313332,0.0,0.0,0.0,0.0
1,1,7,0,,,,0.35068333,0.0,0.0,0.0,0.0
1,2,7,0,,,,0.34836668,0.0,0.0,0.0,0.0
1,3,7,0,,,,0.8570333,0.0,0.0,0.0,0.0
1,4,7,0,,,,0.57565,0.0,0.0,0.0,0.0
1,5,7,0,,,,0.34648332,0.0,0.0,0.0,0.0
1,6,7,0,,,,0.3238,0.0,0.0,0.0,0.0
1,7,7,0,,,,0.34663334,0.0,0.0,0.0,0.0
1,8,7,0,,,,0.89933336,0.0,0.0,0.0,0.0
1,9,7,0,,,,3.1751666,0.0,0.0,0.0,0.0
1,10,7,0,,,,0.9055833,0.0,0.0,0.0,82.26
1,11,7,0,,,,1.49775,0.0,0.0,0.0,56.86
1,12,7,0,,,,1.1495167,0.0,0.0,0.0,90.62
1,13,7,0,,,,1.4138334,0.0,0.0,0.0,44.59
1,14,7,0,,,,1.3687834,0.0,0.0,0.0,29.75
1,15,7,0,,,,3.4715166,0.0,0.0,0.0,9.07
1,16,7,0,,,,3.2170334,0.0,0.0,0.0,11.03
1,17,7,0,,,,4.010083,0.0,0.0,0.0,0.0
1,18,7,0,,,,1.5795,0.0,0.0,0.0,0.0
1,19,7,0,,,,3.7985833,0.0,0.0,0.0,0.0
1,20,7,0,,,,6.8181,0.0,0.0,0.0,0.0
1,21,7,0,,,,2.95425,0.0,0.0,0.0,0.0
1,22,7,0,,,,1.0483,0.0,0.0,0.0,0.0
1,23,7,0,,,,0.88011664,0.0,0.0,0.0,0.0
1,24,7,0,,,,0.38259166,0.0,0.0,0.0,0.0
1,1,1,0,,,,0.38035,0.0,0.0,0.0,0.0
1,2,1,0,,,,0.37966666,0.0,0.0,0.0,0.0
1,3,1,0,,,,0.37746668,0.0,0.0,0.0,0.0
1,4,1,0,,,,1.5418,0.0,0.0,0.0,0.0
1,5,1,0,,,,3.4416833,0.0,0.0,0.0,0.0
1,6,1,0,,,,2.5071833,0.0,0.0,0.0,0.0
1,7,1,0,,,,0.79088336,0.0,0.0,0.0,0.0
1,8,1,0,,,,0.83465,0.0,0.0,0.0,0.0
1,9,1,0,,,,0.65971667,0.0,0.0,0.0,1.68
1,10,1,0,,,,0.27671668,0.0,0.0,0.0,18.75
1,11,1,0,,,,0.278,0.0,0.0,0.0,30.64
1,12,1,0,,,,0.27876666,0.0,0.0,0.0,42.3
1,13,1,0,,,,0.28098333,0.0,0.0,0.0,33.65
1,14,1,0,,,,0.28313333,0.0,0.0,0.0,32.03
1,15,1,0,,,,0.28355,0.0,0.0,0.0,23.7
1,16,1,0,,,,2.9348834,0.0,0.0,0.0,12.99
1,17,1,0,,,,0.57266665,0.0,0.0,0.0,0.0
1,18,1,0,,,,1.3567166,0.0,0.0,0.0,0.0
1,19,1,0,,,,0.7286222,0.0,0.0,0.0,0.0
1,20,1,0,,,,1.5293167,0.0,0.0,0.0,0.0
1,21,1,0,,,,1.0725334,0.0,0.0,0.0,0.0
1,22,1,0,,,,1.0825833,0.0,0.0,0.0,0.0
1,23,1,0,,,,0.5001,0.0,0.0,0.0,0.0
1,24,1,0,,,,0.45100832,0.0,0.0,0.0,0.0
1,1,2,0,,,,0.443,0.0,0.0,0.0,0.0
1,2,2,0,,,,0.44073334,0.0,0.0,0.0,0.0
1,3,2,0,,,,0.43951666,0.0,0.0,0.0,0.0
1,4,2,0,,,,0.46065,0.0,0.0,0.0,0.0
1,5,2,0,,,,0.80076665,0.0,0.0,0.0,0.0
1,6,2,0,,,,1.7159,0.0,0.0,0.0,0.0
1,7,2,0,,,,0.15685005,0.0,0.0,0.0,0.0
1,8,2,0,,,,0.7622167,0.0,0.0,0.0,0.0
1,9,2,0,,,,0.257275,0.0,0.0,0.0,1.69
1,10,2,0,,,,0.25835,0.0,0.0,0.0,109.99
1,11,2,0,,,,0.259675,0.0,0.0,0.0,53.77
1,12,2,0,,,,0.25956666,0.0,0.0,0.0,66.03
1,13,2,0,,,,0.26143333,0.0,0.0,0.0,70.07
1,14,2,0,,,,0.265,0.0,0.0,0.0,29.16
1,15,2,0,,,,0.27215,0.0,0.0,0.0,81.21
1,16,2,0,,,,0.60531664,0.0,0.0,0.0,83.27
1,17,2,0,,,,1.78935,0.0,0.0,0.0,0.0
1,18,2,0,,,,1.7373,0.0,0.0,0.0,0.0
1,19,2,0,,,,1.6460834,0.0,0.0,0.0,0.0
1,20,2,0,,,,1.12445,0.0,0.0,0.0,0.0
1,21,2,0,,,,1.5124,0.0,0.0,0.0,0.0
1,22,2,0,,,,0.43091667,0.0,0.0,0.0,0.0
1,23,2,0,,,,0.42226666,0.0,0.0,0.0,0.0
1,24,2,0,,,,1.2913667,0.0,0.0,0.0,0.0
2,1,3,0,,,,0.41171667,0.0,0.0,0.0,0.0
2,2,3,0,,,,0.4107,0.0,0.0,0.0,0.0
2,3,3,0,,,,0.40833333,0.0,0.0,0.0,0.0
2,4,3,0,,,,0.40638334,0.0,0.0,0.0,0.0
2,5,3,0,,,,0.84676665,0.0,0.0,0.0,0.0
2,6,3,0,,,,1.73305,0.0,0.0,0.0,0.0
2,7,3,0,,,,0.47815,0.0,0.0,0.0,0.0
2,8,3,0,,,,0.2253,0.0,0.0,0.0,0.0
2,9,3,0,,,,0.22583333,0.0,0.0,0.0,59.85
2,10,3,0,,,,0.22786666,0.0,0.0,0.0,98.85
2,11,3,0,,,,0.22461666,0.0,0.0,0.0,55.87
2,12,3,0,,,,0.22876666,0.0,0.0,0.0,81.03
2,13,3,0,,,,0.23168333,0.0,0.0,0.0,69.49
2,14,3,0,,,,0.24235,0.0,0.0,0.0,57.98
2,15,3,0,,,,0.31635,0.0,0.0,0.0,68.57
2,16,3,0,,,,0.23983334,0.0,0.0,0.0,9.07
2,17,3,0,,,,0.44845,0.0,0.0,0.0,0.23
2,18,3,0,,,,1.5511833,0.0,0.0,0.0,0.0
2,19,3,0,,,,2.3865833,0.0,0.0,0.0,0.0
2,20,3,0,,,,1.93035,0.0,0.0,0.0,0.0
2,21,3,0,,,,1.2018,0.0,0.0,0.0,0.0
2,22,3,0,,,,1.0731833,0.0,0.0,0.0,0.0
2,23,3,0,,,,1.1278666,0.0,0.0,0.0,0.0
2,24,3,0,,,,0.37798333,0.0,0.0,0.0,0.0
2,1,4,0,,,,0.38711667,0.0,0.0,0.0,0.0
2,2,4,0,,,,0.36833334,0.0,0.0,0.0,0.0
2,3,4,0,,,,0.36728334,0.0,0.0,0.0,0.0
2,4,4,0,,,,0.36575,0.0,0.0,0.0,0.0
2,5,4,0,,,,1.5150167,0.0,0.0,0.0,0.0
2,6,4,0,,,,1.5317,0.0,0.0,0.0,0.0
2,7,4,0,,,,1.2055666,0.0,0.0,0.0,0.0
2,8,4,0,,,,1.1374834,0.0,0.0,0.0,0.0
2,9,4,0,,,,0.6899,0.0,0.0,0.0,64.34
2,10,4,0,,,,0.7166833,0.0,0.0,0.0,16.61
2,11,4,0,,,,0.6311,0.0,0.0,0.0,29.11
2,12,4,0,,,,0.22786666,0.0,0.0,0.0,63.22
2,13,4,0,,,,0.2577,0.0,0.0,0.0,58.24
2,14,4,0,,,,0.22421667,0.0,0.0,0.0,44.56
2,15,4,0,,,,0.48386666,0.0,0.0,0.0,139.17
2,16,4,0,,,,2.42,0.0,0.0,0.0,11.03
2,17,4,0,,,,1.1151667,0.0,0.0,0.0,0.59
2,18,4,0,,,,1.7098167,0.0,0.0,0.0,0.0
2,19,4,0,,,,1.64715,0.0,0.0,0.0,0.0
2,20,4,0,,,,1.9693167,0.0,0.0,0.0,0.0
2,21,4,0,,,,1.5296,0.0,0.0,0.0,0.0
2,22,4,0,,,,0.51461667,0.0,0.0,0.0,0.0
2,23,4,0,,,,0.38278332,0.0,0.0,0.0,0.0
2,24,4,0,,,,0.38418335,0.0,0.0,0.0,0.0
2,1,5,0,,,,0.37896666,0.0,0.0,0.0,0.0
2,2,5,0,,,,0.3796,0.0,0.0,0.0,0.0
2,3,5,0,,,,0.37918332,0.0,0.0,0.0,0.0
2,4,5,0,,,,0.8178333,0.0,0.0,0.0,0.0
2,5,5,0,,,,0.9602,0.0,0.0,0.0,0.0
2,6,5,0,,,,1.6548667,0.0,0.0,0.0,0.0
2,7,5,0,,,,1.0198333,0.0,0.0,0.0,0.0
2,8,5,0,,,,0.6336167,0.0,0.0,0.0,0.0
2,9,5,0,,,,0.9704667,0.0,0.0,0.0,0.0
2,10,5,0,,,,0.426,0.0,0.0,0.0,84.15
2,11,5,0,,,,1.0053834,0.0,0.0,0.0,75.63
2,12,5,0,,,,0.99265,0.0,0.0,0.0,94.34
2,13,5,0,,,,0.49468333,0.0,0.0,0.0,69.51
2,14,5,0,,,,0.96896666,0.0,0.0,0.0,35.01
2,15,5,0,,,,1.0723,0.0,0.0,0.0,10.32
2,16,5,0,,,,0.51325,0.0,0.0,0.0,7.15
2,17,5,0,,,,2.70215,0.0,0.0,0.0,1.19
2,18,5,0,,,,1.70665,0.0,0.0,0.0,0.0
2,19,5,0,,,,2.7907584,0.0,0.0,0.0,0.0
2,20,5,0,,,,1.21375,0.0,0.0,0.0,0.0
2,21,5,0,,,,1.0836166,0.0,0.0,0.0,0.0
2,22,5,0,,,,1.129,0.0,0.0,0.0,0.0
2,23,5,0,,,,0.9369,0.0,0.0,0.0,0.0
2,24,5,0,,,,0.7873833,0.0,0.0,0.0,0.0
2,1,6,0,,,,1.2293833,0.0,0.0,0.0,0.0
2,2,6,0,,,,0.69871664,0.0,0.0,0.0,0.0
2,3,6,0,,,,1.22255,0.0,0.0,0.0,0.0
2,4,6,0,,,,0.59225,0.0,0.0,0.0,0.0
2,5,6,0,,,,1.3586833,0.0,0.0,0.0,0.0
2,6,6,0,,,,0.96063334,0.0,0.0,0.0,0.0
2,7,6,0,,,,1.4250333,0.0,0.0,0.0,0.0
2,8,6,0,,,,1.879,0.0,0.0,0.0,0.0
2,9,6,0,,,,1.3978167,0.0,0.0,0.0,1.2
2,10,6,0,,,,1.5532666,0.0,0.0,0.0,27.35
2,11,6,0,,,,2.3888667,0.0,0.0,0.0,46.62
2,12,6,0,,,,1.7492666,0.0,0.0,0.0,75.56
2,13,6,0,,,,1.2064,0.0,0.0,0.0,101.32
2,14,6,0,,,,1.1081333,0.0,0.0,0.0,88.22
2,15,6,0,,,,1.1253333,0.0,0.0,0.0,72.0
2,16,6,0,,,,1.879125,0.0,0.0,0.0,342.45
2,17,6,0,,,,1.7006333,0.0,0.0,0.0,0.37
2,18,6,0,,,,1.5874833,0.0,0.0,0.0,0.0
2,19,6,0,,,,1.7934667,0.0,0.0,0.0,0.0
2,20,6,0,,,,1.2560667,0.0,0.0,0.0,0.0
2,21,6,0,,,,1.0949,0.0,0.0,0.0,0.0
2,22,6,0,,,,0.5926167,0.0,0.0,0.0,0.0
2,23,6,0,,,,0.5728,0.0,0.0,0.0,0.0
2,24,6,0,,,,0.84886664,0.0,0.0,0.0,0.0
2,1,7,0,,,,0.8763,0.0,0.0,0.0,0.0
2,2,7,0,,,,1.1885,0.0,0.0,0.0,0.0
2,3,7,0,,,,1.24625,0.0,0.0,0.0,0.0
2,4,7,0,,,,0.7643667,0.0,0.0,0.0,0.0
2,5,7,0,,,,1.2099667,0.0,0.0,0.0,0.0
2,6,7,0,,,,1.3924167,0.0,0.0,0.0,0.0
2,7,7,0,,,,1.3957334,0.0,0.0,0.0,0.0
2,8,7,0,,,,1.8813666,0.0,0.0,0.0,0.0
2,9,7,0,,,,1.7657167,0.0,0.0,0.0,0.39
2,10,7,0,,,,1.0522,0.0,0.0,0.0,148.92
2,11,7,0,,,,2.0274832,0.0,0.0,0.0,43.41
2,12,7,0,,,,1.95515,0.0,0.0,0.0,19.59
2,13,7,0,,,,1.7380167,0.0,0.0,0.0,76.82
2,14,7,0,,,,2.2048333,0.0,0.0,0.0,89.94
2,15,7,0,,,,3.5398,0.0,0.0,0.0,105.32
2,16,7,0,,,,2.4887,0.0,0.0,0.0,23.99
2,17,7,0,,,,1.5038667,0.0,0.0,0.0,1.23
2,18,7,0,,,,1.9954667,0.0,0.0,0.0,0.0
2,19,7,0,,,,2.5354667,0.0,0.0,0.0,0.0
2,20,7,0,,,,1.6611667,0.0,0.0,0.0,0.0
2,21,7,0,,,,1.31665,0.0,0.0,0.0,0.0
2,22,7,0,,,,1.20375,0.0,0.0,0.0,0.0
2,23,7,0,,,,0.62298334,0.0,0.0,0.0,0.0
2,24,7,0,,,,0.670325,0.0,0.0,0.0,0.0
2,1,1,0,,,,0.66151667,0.0,0.0,0.0,0.0
2,2,1,0,,,,1.38295,0.0,0.0,0.0,0.0
2,3,1,0,,,,0.6626833,0.0,0.0,0.0,0.0
2,4,1,0,,,,1.4007666,0.0,0.0,0.0,0.0
2,5,1,0,,,,1.4009167,0.0,0.0,0.0,0.0
2,6,1,0,,,,1.6831666,0.0,0.0,0.0,0.0
2,7,1,0,,,,0.97963333,0.0,0.0,0.0,0.0
2,8,1,0,,,,1.013,0.0,0.0,0.0,0.0
2,9,1,0,,,,0.82563335,0.0,0.0,0.0,0.03
2,10,1,0,,,,0.47033334,0.0,0.0,0.0,106.05
2,11,1,0,,,,0.47456667,0.0,0.0,0.0,57.93
2,12,1,0,,,,0.4745,0.0,0.0,0.0,67.77
2,13,1,0,,,,0.47485,0.0,0.0,0.0,45.73
2,14,1,0,,,,0.47416666,0.0,0.0,0.0,99.08
2,15,1,0,,,,0.8002667,0.0,0.0,0.0,78.16
2,16,1,0,,,,1.5635,0.0,0.0,0.0,132.85
2,17,1,0,,,,1.1037,0.0,0.0,0.0,174.49
2,18,1,0,,,,2.6441166,0.0,0.0,0.0,0.0
2,19,1,0,,,,3.354325,0.0,0.0,0.0,0.0
2,20,1,0,,,,1.9768167,0.0,0.0,0.0,0.0
2,21,1,0,,,,1.8507111,0.0,0.0,0.0,0.0
2,22,1,0,,,,1.3325334,0.0,0.0,0.0,0.0
2,23,1,0,,,,1.3677,0.0,0.0,0.0,0.0
2,24,1,0,,,,0.8212417,0.0,0.0,0.0,0.0
2,1,2,0,,,,1.1706055,0.0,0.0,0.0,0.0
2,2,2,0,,,,0.9045,0.0,0.0,0.0,0.0
2,3,2,0,,,,0.7932389,0.0,0.0,0.0,0.0
2,4,2,0,,,,0.85845,0.0,0.0,0.0,0.0
2,5,2,0,,,,1.4381778,0.0,0.0,0.0,0.0
2,6,2,0,,,,1.4183,0.0,0.0,0.0,0.0
2,7,2,0,,,,0.7959,0.0,0.0,0.0,0.0
2,8,2,0,,,,0.8269333,0.0,0.0,0.0,0.0
2,9,2,0,,,,0.6178611,0.0,0.0,0.0,181.09
2,10,2,0,,,,0.2747,0.0,0.0,0.0,426.47
2,11,2,0,,,,0.27541667,0.0,0.0,0.0,366.77
2,12,2,0,,,,0.27665,0.0,0.0,0.0,429.1
2,13,2,0,,,,0.27708334,0.0,0.0,0.0,476.19
2,14,2,0,,,,0.27755,0.0,0.0,0.0,130.77
2,15,2,0,,,,0.66055,0.0,0.0,0.0,524.81
2,16,2,0,,,,3.2599332,0.0,0.0,0.0,445.11
2,17,2,0,,,,2.0177834,0.0,0.0,0.0,165.29
2,18,2,0,,,,2.13705,0.0,0.0,0.0,0.0
2,19,2,0,,,,1.3638834,0.0,0.0,0.0,0.0
2,20,2,0,,,,0.8533,0.0,0.0,0.0,0.0
2,21,2,0,,,,0.4067,0.0,0.0,0.0,0.0
2,22,2,0,,,,0.39183334,0.0,0.0,0.0,0.0
2,23,2,0,,,,0.40576667,0.0,0.0,0.0,0.0
2,24,2,0,,,,0.44456667,0.0,0.0,0.0,0.0
2,1,3,0,,,,0.40153334,0.0,0.0,0.0,0.0
2,2,3,0,,,,0.40008333,0.0,0.0,0.0,0.0
2,3,3,0,,,,0.3993,0.0,0.0,0.0,0.0
2,4,3,0,,,,0.42246667,0.0,0.0,0.0,0.0
2,5,3,0,,,,1.0063833,0.0,0.0,0.0,0.0
2,6,3,0,,,,1.3626,0.0,0.0,0.0,0.0
2,7,3,0,,,,0.45876667,0.0,0.0,0.0,0.0
2,8,3,0,,,,0.7316667,0.0,0.0,0.0,0.0
2,9,3,0,,,,0.7572333,0.0,0.0,0.0,205.7
2,10,3,0,,,,0.7810139,0.0,0.0,0.0,441.71
2,11,3,0,,,,0.32831666,0.0,0.0,0.0,147.21
2,12,3,0,,,,0.2055,0.0,0.0,0.0,150.23
2,13,3,0,,,,0.20811667,0.0,0.0,0.0,103.25
2,14,3,0,,,,0.20855,0.0,0.0,0.0,60.63
2,15,3,0,,,,0.21316667,0.0,0.0,0.0,27.87
2,16,3,0,,,,0.46161667,0.0,0.0,0.0,22.6
2,17,3,0,,,,1.0040333,0.0,0.0,0.0,3.78
2,18,3,0,,,,1.6193833,0.0,0.0,0.0,0.0
2,19,3,0,,,,1.5451,0.0,0.0,0.0,0.0
2,20,3,0,,,,0.9497833,0.0,0.0,0.0,0.0
2,21,3,0,,,,1.0770833,0.0,0.0,0.0,0.0
2,22,3,0,,,,0.85531664,0.0,0.0,0.0,0.0
2,23,3,0,,,,0.40491667,0.0,0.0,0.0,0.0
2,24,3,0,,,,0.40226668,0.0,0.0,0.0,0.0
2,1,4,0,,,,0.39835,0.0,0.0,0.0,0.0
2,2,4,0,,,,0.39608333,0.0,0.0,0.0,0.0
2,3,4,0,,,,0.39731666,0.0,0.0,0.0,0.0
2,4,4,0,,,,0.39598334,0.0,0.0,0.0,0.0
2,5,4,0,,,,1.8145666,0.0,0.0,0.0,0.0
2,6,4,0,,,,1.4125167,0.0,0.0,0.0,0.0
2,7,4,0,,,,0.8605833,0.0,0.0,0.0,0.0
2,8,4,0,,,,1.3662666,0.0,0.0,0.0,0.0
2,9,4,0,,,,0.90563333,0.0,0.0,0.0,33.44
2,10,4,0,,,,0.5212333,0.0,0.0,0.0,107.82
2,11,4,0,,,,0.35576665,0.0,0.0,0.0,92.35
2,12,4,0,,,,0.35813335,0.0,0.0,0.0,147.12
2,13,4,0,,,,0.35583332,0.0,0.0,0.0,92.05
2,14,4,0,,,,0.3574,0.0,0.0,0.0,80.09
2,15,4,0,,,,0.3119,0.0,0.0,0.0,45.39
2,16,4,0,,,,0.7691,0.0,0.0,0.0,28.79
2,17,4,0,,,,0.65438336,0.0,0.0,0.0,8.0
2,18,4,0,,,,0.6969,0.0,0.0,0.0,0.0
2,19,4,0,,,,1.2024833,0.0,0.0,0.0,0.0
2,20,4,0,,,,1.7975334,0.0,0.0,0.0,0.0
2,21,4,0,,,,3.75725,0.0,0.0,0.0,0.0
2,22,4,0,,,,0.46955,0.0,0.0,0.0,0.0
2,23,4,0,,,,0.46396667,0.0,0.0,0.0,0.0
2,24,4,0,,,,0.46425,0.0,0.0,0.0,0.0
2,1,5,0,,,,0.46281666,0.0,0.0,0.0,0.0
2,2,5,0,,,,0.4629,0.0,0.0,0.0,0.0
2,3,5,0,,,,0.46481666,0.0,0.0,0.0,0.0
2,4,5,0,,,,0.4608,0.0,0.0,0.0,0.0
2,5,5,0,,,,0.84863335,0.0,0.0,0.0,0.0
2,6,5,0,,,,2.2556167,0.0,0.0,0.0,0.0
2,7,5,0,,,,0.64855,0.0,0.0,0.0,0.0
2,8,5,0,,,,0.9079667,0.0,0.0,0.0,0.0
2,9,5,0,,,,0.93556666,0.0,0.0,0.0,0.44
2,10,5,0,,,,0.6719722,0.0,0.0,0.0,46.19
2,11,5,0,,,,0.3694,0.0,0.0,0.0,153.62
2,12,5,0,,,,0.37071666,0.0,0.0,0.0,140.11
2,13,5,0,,,,0.36823332,0.0,0.0,0.0,118.07
2,14,5,0,,,,0.37115,0.0,0.0,0.0,580.05
2,15,5,0,,,,0.37223333,0.0,0.0,0.0,636.99
2,16,5,0,,,,0.68041664,0.0,0.0,0.0,423.0
2,17,5,0,,,,0.6728167,0.0,0.0,0.0,215.67
2,18,5,0,,,,0.89281666,0.0,0.0,0.0,0.0
2,19,5,0,,,,5.280267,0.0,0.0,0.0,0.0
2,20,5,0,,,,1.7298167,0.0,0.0,0.0,0.0
2,21,5,0,,,,1.44035,0.0,0.0,0.0,0.0
2,22,5,0,,,,0.7289,0.0,0.0,0.0,0.0
2,23,5,0,,,,0.73765,0.0,0.0,0.0,0.0
2,24,5,0,,,,0.36860833,0.0,0.0,0.0,0.0
2,1,6,0,,,,0.78356665,0.0,0.0,0.0,0.0
2,2,6,0,,,,0.8017667,0.0,0.0,0.0,0.0
2,3,6,0,,,,0.77461666,0.0,0.0,0.0,0.0
2,4,6,0,,,,0.37348333,0.0,0.0,0.0,0.0
2,5,6,0,,,,0.75166667,0.0,0.0,0.0,0.0
2,6,6,0,,,,0.76131666,0.0,0.0,0.0,0.0
2,7,6,0,,,,0.74076664,0.0,0.0,0.0,0.0
2,8,6,0,,,,1.4904833,0.0,0.0,0.0,0.0
2,9,6,0,,,,1.3519666,0.0,0.0,0.0,9.31
2,10,6,0,,,,1.4999,0.0,0.0,0.0,28.79
2,11,6,0,,,,0.72331667,0.0,0.0,0.0,48.43
2,12,6,0,,,,4.2455835,0.0,0.0,0.0,78.7
2,13,6,0,,,,2.9577167,0.0,0.0,0.0,53.7
2,14,6,0,,,,1.9703833,0.0,0.0,0.0,48.63
2,15,6,0,,,,1.3606,0.0,0.0,0.0,39.74
2,16,6,0,,,,1.1476166,0.0,0.0,0.0,19.29
2,17,6,0,,,,1.0094833,0.0,0.0,0.0,4.23
2,18,6,0,,,,0.5719,0.0,0.0,0.0,0.0
2,19,6,0,,,,0.57348335,0.0,0.0,0.0,0.0
2,20,6,0,,,,0.6501167,0.0,0.0,0.0,0.0
2,21,6,0,,,,0.7812,0.0,0.0,0.0,0.0
2,22,6,0,,,,1.0836834,0.0,0.0,0.0,0.0
2,23,6,0,,,,0.75083333,0.0,0.0,0.0,0.0
2,24,6,0,,,,0.40485,0.0,0.0,0.0,0.0
2,1,7,0,,,,0.40368333,0.0,0.0,0.0,0.0
2,2,7,0,,,,0.40163332,0.0,0.0,0.0,0.0
2,3,7,0,,,,0.39895,0.0,0.0,0.0,0.0
2,4,7,0,,,,0.39846668,0.0,0.0,0.0,0.0
2,5,7,0,,,,0.39728335,0.0,0.0,0.0,0.0
2,6,7,0,,,,0.6336833,0.0,0.0,0.0,0.0
2,7,7,0,,,,0.95143336,0.0,0.0,0.0,0.0
2,8,7,0,,,,1.89255,0.0,0.0,0.0,0.0
2,9,7,0,,,,1.4794166,0.0,0.0,0.0,54.36
2,10,7,0,,,,1.4039167,0.0,0.0,0.0,137.98
2,11,7,0,,,,3.6801,0.0,0.0,0.0,67.4
2,12,7,0,,,,5.153917,0.0,0.0,0.0,65.79
2,13,7,0,,,,2.1274667,0.0,0.0,0.0,125.69
2,14,7,0,,,,1.599,0.0,0.0,0.0,100.31
2,15,7,0,,,,1.6904833,0.0,0.0,0.0,199.67
2,16,7,0,,,,3.1916332,0.0,0.0,0.0,131.66
2,17,7,0,,,,1.4324,0.0,0.0,0.0,23.83
2,18,7,0,,,,1.1582167,0.0,0.0,0.0,0.0
2,19,7,0,,,,2.0282333,0.0,0.0,0.0,0.0
2,20,7,0,,,,1.7391833,0.0,0.0,0.0,0.0
2,21,7,0,,,,1.7643666,0.0,0.0,0.0,0.0
2,22,7,0,,,,1.4690833,0.0,0.0,0.0,0.0
2,23,7,0,,,,0.7755167,0.0,0.0,0.0,0.0
2,24,7,0,,,,0.7361917,0.0,0.0,0.0,0.0
2,1,1,0,,,,0.58323336,0.0,0.0,0.0,0.0
2,2,1,0,,,,0.84636664,0.0,0.0,0.0,0.0
2,3,1,0,,,,0.37375,0.0,0.0,0.0,0.0
2,4,1,0,,,,0.89391667,0.0,0.0,0.0,0.0
2,5,1,0,,,,0.6300167,0.0,0.0,0.0,0.0
2,6,1,0,,,,1.88415,0.0,0.0,0.0,0.0
2,7,1,0,,,,0.76196665,0.0,0.0,0.0,0.0
2,8,1,0,,,,0.79181665,0.0,0.0,0.0,0.0
2,9,1,0,,,,0.8587667,0.0,0.0,0.0,86.16
2,10,1,0,,,,0.52093333,0.0,0.0,0.0,133.04
2,11,1,0,,,,0.33565,0.0,0.0,0.0,104.28
2,12,1,0,,,,0.3381,0.0,0.0,0.0,221.98
2,13,1,0,,,,0.45846668,0.0,0.0,0.0,133.05
2,14,1,0,,,,0.2652,0.0,0.0,0.0,137.49
2,15,1,0,,,,0.27596667,0.0,0.0,0.0,91.0
2,16,1,0,,,,0.51016665,0.0,0.0,0.0,107.01
2,17,1,0,,,,0.8070667,0.0,0.0,0.0,50.83
2,18,1,0,,,,1.5012,0.0,0.0,0.0,0.0
2,19,1,0,,,,3.2294166,0.0,0.0,0.0,0.0
2,20,1,0,,,,1.4851167,0.0,0.0,0.0,0.0
2,21,1,0,,,,1.0568666,0.0,0.0,0.0,0.0
2,22,1,0,,,,0.42763335,0.0,0.0,0.0,0.0
2,23,1,0,,,,0.3957,0.0,0.0,0.0,0.0
2,24,1,0,,,,0.39875,0.0,0.0,0.0,0.0
2,1,2,0,,,,0.39835,0.0,0.0,0.0,0.0
2,2,2,0,,,,0.39713332,0.0,0.0,0.0,0.0
2,3,2,0,,,,0.3945,0.0,0.0,0.0,0.0
2,4,2,0,,,,0.9295167,0.0,0.0,0.0,0.0
2,5,2,0,,,,1.5173334,0.0,0.0,0.0,0.0
2,6,2,0,,,,2.0301666,0.0,0.0,0.0,0.0
2,7,2,0,,,,1.18665,0.0,0.0,0.0,0.0
2,8,2,0,,,,1.2146167,0.0,0.0,0.0,0.0
2,9,2,0,,,,1.2436833,0.0,0.0,0.0,77.87
2,10,2,0,,,,1.2760333,0.0,0.0,0.0,64.94
2,11,2,0,,,,0.8735833,0.0,0.0,0.0,93.48
2,12,2,0,,,,0.6899667,0.0,0.0,0.0,140.77
2,13,2,0,,,,0.69135,0.0,0.0,0.0,66.46
2,14,2,0,,,,2.12505,0.0,0.0,0.0,54.2
2,15,2,0,,,,3.9443166,0.0,0.0,0.0,37.52
2,16,2,0,,,,3.9686666,0.0,0.0,0.0,23.8
2,17,2,0,,,,1.0399166,0.0,0.0,0.0,14.48
2,18,2,0,,,,0.76196665,0.0,0.0,0.0,0.0
2,19,2,0,,,,0.59595,0.0,0.0,0.0,0.0
2,20,2,0,,,,1.8119667,0.0,0.0,0.0,0.0
2,21,2,0,,,,1.5764667,0.0,0.0,0.0,0.0
2,22,2,0,,,,1.1874833,0.0,0.0,0.0,0.0
2,23,2,0,,,,0.98368335,0.0,0.0,0.0,0.0
2,24,2,0,,,,0.51673335,0.0,0.0,0.0,0.0
2,1,3,0,,,,0.50105,0.0,0.0,0.0,0.0
2,2,3,0,,,,0.4415,0.0,0.0,0.0,0.0
2,3,3,0,,,,0.38295,0.0,0.0,0.0,0.0
2,4,3,0,,,,0.38781667,0.0,0.0,0.0,0.0
2,5,3,0,,,,0.6376,0.0,0.0,0.0,0.0
2,6,3,0,,,,1.2845,0.0,0.0,0.0,0.0
2,7,3,0,,,,0.8103833,0.0,0.0,0.0,0.0
2,8,3,0,,,,0.85013336,0.0,0.0,0.0,0.0
2,9,3,0,,,,0.26715,0.0,0.0,0.0,15.54
2,10,3,0,,,,0.26671666,0.0,0.0,0.0,31.83
2,11,3,0,,,,0.26693332,0.0,0.0,0.0,167.21
2,12,3,0,,,,0.26845,0.0,0.0,0.0,106.18
2,13,3,0,,,,0.27016667,0.0,0.0,0.0,237.66
2,14,3,0,,,,0.62739444,0.0,0.0,0.0,349.99
2,15,3,0,,,,0.9786,0.0,0.0,0.0,408.75
2,16,3,0,,,,1.0894834,0.0,0.0,0.0,283.73
2,17,3,0,,,,1.7289667,0.0,0.0,0.0,16.46
2,18,3,0,,,,1.3351166,0.0,0.0,0.0,0.0
2,19,3,0,,,,1.1424333,0.0,0.0,0.0,0.0
2,20,3,0,,,,1.1875666,0.0,0.0,0.0,0.0
2,21,3,0,,,,0.5484167,0.0,0.0,0.0,0.0
2,22,3,0,,,,0.4516,0.0,0.0,0.0,0.0
2,23,3,0,,,,0.44838333,0.0,0.0,0.0,0.0
2,24,3,0,,,,0.46154165,0.0,0.0,0.0,0.0
2,1,4,0,,,,0.46101665,0.0,0.0,0.0,0.0
2,2,4,0,,,,0.41293332,0.0,0.0,0.0,0.0
2,3,4,0,,,,0.37926668,0.0,0.0,0.0,0.0
2,4,4,0,,,,0.37925,0.0,0.0,0.0,0.0
2,5,4,0,,,,1.82025,0.0,0.0,0.0,0.0
2,6,4,0,,,,1.4203334,0.0,0.0,0.0,0.0
2,7,4,0,,,,2.7888,0.0,0.0,0.0,0.0
2,8,4,0,,,,2.6811666,0.0,0.0,0.0,0.0
2,9,4,0,,,,2.7989833,0.0,0.0,0.0,45.97
2,10,4,0,,,,1.3335667,0.0,0.0,0.0,103.93
2,11,4,0,,,,1.1336167,0.0,0.0,0.0,124.43
2,12,4,0,,,,1.2664,0.0,0.0,0.0,408.8
2,13,4,0,,,,1.2482333,0.0,0.0,0.0,725.54
2,14,4,0,,,,0.9089,0.0,0.0,0.0,694.83
2,15,4,0,,,,0.8759,0.0,0.0,0.0,595.46
2,16,4,0,,,,1.0388833,0.0,0.0,0.0,449.18
2,17,4,0,,,,0.96785,0.0,0.0,0.0,238.86
2,18,4,0,,,,0.92976665,0.0,0.0,0.0,0.0
2,19,4,0,,,,1.6739833,0.0,0.0,0.0,0.0
2,20,4,0,,,,0.7474333,0.0,0.0,0.0,0.0
2,21,4,0,,,,0.99453336,0.0,0.0,0.0,0.0
2,22,4,0,,,,1.5803,0.0,0.0,0.0,0.0
2,23,4,0,,,,1.4925,0.0,0.0,0.0,0.0
2,24,4,0,,,,0.888225,0.0,0.0,0.0,0.0
2,1,5,0,,,,0.95881665,0.0,0.0,0.0,0.0
2,2,5,0,,,,0.34036666,0.0,0.0,0.0,0.0
2,3,5,0,,,,0.34101668,0.0,0.0,0.0,0.0
2,4,5,0,,,,0.34106666,0.0,0.0,0.0,0.0
2,5,5,0,,,,0.34121665,0.0,0.0,0.0,0.0
2,6,5,0,,,,0.31475,0.0,0.0,0.0,0.0
2,7,5,0,,,,0.38596666,0.0,0.0,0.0,0.0
2,8,5,0,,,,0.38638332,0.0,0.0,0.0,0.0
2,9,5,0,,,,0.7544,0.0,0.0,0.0,217.76
2,10,5,0,,,,0.82655,0.0,0.0,0.0,483.62
2,11,5,0,,,,1.0280833,0.0,0.0,0.0,599.99
2,12,5,0,,,,1.3713666,0.0,0.0,0.0,710.45
2,13,5,0,,,,1.6612333,0.0,0.0,0.0,742.41
2,14,5,0,,,,1.29935,0.0,0.0,0.0,726.71
2,15,5,0,,,,2.2267,0.0,0.0,0.0,604.17
2,16,5,0,,,,2.2308667,0.0,0.0,0.0,362.8
2,17,5,0,,,,1.4805167,0.0,0.0,0.0,25.83
2,18,5,0,,,,1.8781,0.0,0.0,0.0,0.0
2,19,5,0,,,,1.4718333,0.0,0.0,0.0,0.0
2,20,5,0,,,,1.7266166,0.0,0.0,0.0,0.0
2,21,5,0,,,,1.0836166,0.0,0.0,0.0,0.0
2,22,5,0,,,,0.81296664,0.0,0.0,0.0,0.0
2,23,5,0,,,,0.39475,0.0,0.0,0.0,0.0
2,24,5,0,,,,0.7316167,0.0,0.0,0.0,0.0
2,1,6,0,,,,0.37051666,0.0,0.0,0.0,0.0
2,2,6,0,,,,0.4356,0.0,0.0,0.0,0.0
2,3,6,0,,,,0.374,0.0,0.0,0.0,0.0
2,4,6,0,,,,0.38101667,0.0,0.0,0.0,0.0
2,5,6,0,,,,0.5931,0.0,0.0,0.0,0.0
2,6,6,0,,,,1.1849834,0.0,0.0,0.0,0.0
2,7,6,0,,,,1.49965,0.0,0.0,0.0,0.0
2,8,6,0,,,,1.4913666,0.0,0.0,0.0,0.0
2,9,6,0,,,,2.11415,0.0,0.0,0.0,227.92
2,10,6,0,,,,1.6510834,0.0,0.0,0.0,485.91
2,11,6,0,,,,1.3746834,0.0,0.0,0.0,643.64
2,12,6,0,,,,0.8186833,0.0,0.0,0.0,735.12
2,13,6,0,,,,1.0677167,0.0,0.0,0.0,765.77
2,14,6,0,,,,1.2317834,0.0,0.0,0.0,731.95
2,15,6,0,,,,1.4609,0.0,0.0,0.0,629.45
2,16,6,0,,,,0.6803833,0.0,0.0,0.0,471.78
2,17,6,0,,,,0.27305,0.0,0.0,0.0,253.46
2,18,6,0,,,,0.43288332,0.0,0.0,0.0,0.0
2,19,6,0,,,,3.2294166,0.0,0.0,0.0,0.0
2,20,6,0,,,,1.44875,0.0,0.0,0.0,0.0
2,21,6,0,,,,1.1634667,0.0,0.0,0.0,0.0
2,22,6,0,,,,1.2224833,0.0,0.0,0.0,0.0
2,23,6,0,,,,0.9603,0.0,0.0,0.0,0.0
2,24,6,0,,,,0.544025,0.0,0.0,0.0,0.0
2,1,7,0,,,,0.40368333,0.0,0.0,0.0,0.0
2,2,7,0,,,,0.40163332,0.0,0.0,0.0,0.0
2,3,7,0,,,,0.39895,0.0,0.0,0.0,0.0
2,4,7,0,,,,0.39846668,0.0,0.0,0.0,0.0
2,5,7,0,,,,0.60035,0.0,0.0,0.0,0.0
2,6,7,0,,,,1.2815167,0.0,0.0,0.0,0.0
2,7,7,0,,,,2.0152166,0.0,0.0,0.0,0.0
2,8,7,0,,,,1.7856833,0.0,0.0,0.0,0.0
2,9,7,0,,,,0.40363333,0.0,0.0,0.0,260.16
2,10,7,0,,,,2.0924168,0.0,0.0,0.0,492.67
2,11,7,0,,,,1.9541944,0.0,0.0,0.0,648.34
2,12,7,0,,,,0.87055,0.0,0.0,0.0,742.32
2,13,7,0,,,,2.1012666,0.0,0.0,0.0,769.32
2,14,7,0,,,,1.3071667,0.0,0.0,0.0,747.52
2,15,7,0,,,,0.7723,0.0,0.0,0.0,633.14
2,16,7,0,,,,2.74905,0.0,0.0,0.0,483.78
2,17,7,0,,,,2.3605833,0.0,0.0,0.0,263.05
2,18,7,0,,,,2.4181,0.0,0.0,0.0,0.0
2,19,7,0,,,,1.5084112,0.0,0.0,0.0,0.0
2,20,7,0,,,,1.8669833,0.0,0.0,0.0,0.0
2,21,7,0,,,,1.3881167,0.0,0.0,0.0,0.0
2,22,7,0,,,,0.7463667,0.0,0.0,0.0,0.0
2,23,7,0,,,,0.69946665,0.0,0.0,0.0,0.0
2,24,7,0,,,,0.59194165,0.0,0.0,0.0,0.0
2,1,1,0,,,,0.43056667,0.0,0.0,0.0,0.0
2,2,1,0,,,,1.1142111,0.0,0.0,0.0,0.0
2,3,1,0,,,,0.39895,0.0,0.0,0.0,0.0
2,4,1,0,,,,0.39846668,0.0,0.0,0.0,0.0
2,5,1,0,,,,1.08595,0.0,0.0,0.0,0.0
2,6,1,0,,,,4.01448,0.0,0.0,0.0,0.0
2,7,1,0,,,,2.0788555,0.0,0.0,0.0,0.0
2,8,1,0,,,,1.7842333,0.0,0.0,0.0,0.0
2,9,1,0,,,,4.080989,0.0,0.0,0.0,162.02
2,10,1,0,,,,1.3290833,0.0,0.0,0.0,296.15
2,11,1,0,,,,1.0349333,0.0,0.0,0.0,126.1
2,12,1,0,,,,1.1172667,0.0,0.0,0.0,36.34
2,13,1,0,,,,3.8929667,0.0,0.0,0.0,165.04
2,14,1,0,,,,0.24175,0.0,0.0,0.0,155.34
2,15,1,0,,,,0.36348334,0.0,0.0,0.0,28.5
2,16,1,0,,,,0.71985,0.0,0.0,0.0,146.35
2,17,1,0,,,,2.3605833,0.0,0.0,0.0,6.45
2,18,1,0,,,,0.47923332,0.0,0.0,0.0,0.0
2,19,1,0,,,,2.4564917,0.0,0.0,0.0,0.0
2,20,1,0,,,,1.9768167,0.0,0.0,0.0,0.0
2,21,1,0,,,,1.8507111,0.0,0.0,0.0,0.0
2,22,1,0,,,,0.99906665,0.0,0.0,0.0,0.0
2,23,1,0,,,,0.39901668,0.0,0.0,0.0,0.0
2,24,1,0,,,,0.76595,0.0,0.0,0.0,0.0
2,1,2,0,,,,0.41171667,0.0,0.0,0.0,0.0
2,2,2,0,,,,0.4107,0.0,0.0,0.0,0.0
2,3,2,0,,,,0.37011668,0.0,0.0,0.0,0.0
2,4,2,0,,,,0.6078167,0.0,0.0,0.0,0.0
2,5,2,0,,,,2.1123,0.0,0.0,0.0,0.0
2,6,2,0,,,,1.8519334,0.0,0.0,0.0,0.0
2,7,2,0,,,,0.7449333,0.0,0.0,0.0,0.0
2,8,2,0,,,,0.77666664,0.0,0.0,0.0,0.0
2,9,2,0,,,,0.8498167,0.0,0.0,0.0,37.37
2,10,2,0,,,,0.23038334,0.0,0.0,0.0,148.73
2,11,2,0,,,,0.22895555,0.0,0.0,0.0,304.01
2,12,2,0,,,,0.22893333,0.0,0.0,0.0,616.94
2,13,2,0,,,,0.22932222,0.0,0.0,0.0,782.68
2,14,2,0,,,,0.23291667,0.0,0.0,0.0,755.72
2,15,2,0,,,,0.5122833,0.0,0.0,0.0,672.69
2,16,2,0,,,,1.3353833,0.0,0.0,0.0,486.9
2,17,2,0,,,,1.3343166,0.0,0.0,0.0,295.33
2,18,2,0,,,,1.6868,0.0,0.0,0.0,0.0
2,19,2,0,,,,2.3865833,0.0,0.0,0.0,0.0
2,20,2,0,,,,1.0919666,0.0,0.0,0.0,0.0
2,21,2,0,,,,0.4067,0.0,0.0,0.0,0.0
2,22,2,0,,,,0.5929833,0.0,0.0,0.0,0.0
2,23,2,0,,,,0.40576667,0.0,0.0,0.0,0.0
2,24,2,0,,,,1.3905,0.0,0.0,0.0,0.0
2,1,3,0,,,,0.41525,0.0,0.0,0.0,0.0
2,2,3,0,,,,0.4415,0.0,0.0,0.0,0.0
2,3,3,0,,,,0.38558334,0.0,0.0,0.0,0.0
2,4,3,0,,,,0.3839,0.0,0.0,0.0,0.0
2,5,3,0,,,,0.7582,0.0,0.0,0.0,0.0
2,6,3,0,,,,2.43995,0.0,0.0,0.0,0.0
2,7,3,0,,,,1.1324667,0.0,0.0,0.0,0.0
2,8,3,0,,,,1.9701333,0.0,0.0,0.0,0.0
2,9,3,0,,,,1.1622,0.0,0.0,0.0,93.86
2,10,3,0,,,,5.3354836,0.0,0.0,0.0,523.37
2,11,3,0,,,,3.1742334,0.0,0.0,0.0,670.68
2,12,3,0,,,,0.35051668,0.0,0.0,0.0,678.76
2,13,3,0,,,,0.5798,0.0,0.0,0.0,810.42
2,14,3,0,,,,0.8675333,0.0,0.0,0.0,672.87
2,15,3,0,,,,0.76735,0.0,0.0,0.0,452.9
2,16,3,0,,,,1.72005,0.0,0.0,0.0,302.71
2,17,3,0,,,,1.4921,0.0,0.0,0.0,225.98
2,18,3,0,,,,4.062617,0.0,0.0,0.0,0.0
2,19,3,0,,,,2.4035666,0.0,0.0,0.0,0.0
2,20,3,0,,,,1.0919666,0.0,0.0,0.0,0.0
2,21,3,0,,,,0.4067,0.0,0.0,0.0,0.0
2,22,3,0,,,,0.35588333,0.0,0.0,0.0,0.0
2,23,3,0,,,,1.0499834,0.0,0.0,0.0,0.0
2,24,3,0,,,,0.37798333,0.0,0.0,0.0,0.0
2,1,4,0,,,,0.43275,0.0,0.0,0.0,0.0
2,2,4,0,,,,0.341,0.0,0.0,0.0,0.0
2,3,4,0,,,,0.341,0.0,0.0,0.0,0.0
2,4,4,0,,,,0.35361665,0.0,0.0,0.0,0.0
2,5,4,0,,,,2.35895,0.0,0.0,0.0,0.0
2,6,4,0,,,,1.4463667,0.0,0.0,0.0,0.0
2,7,4,0,,,,0.6868167,0.0,0.0,0.0,0.0
2,8,4,0,,,,0.75456667,0.0,0.0,0.0,0.0
2,9,4,0,,,,0.63485,0.0,0.0,0.0,87.28
2,10,4,0,,,,0.3559,0.0,0.0,0.0,517.3
2,11,4,0,,,,0.6976333,0.0,0.0,0.0,699.71
2,12,4,0,,,,0.2006,0.0,0.0,0.0,807.42
2,13,4,0,,,,0.38236666,0.0,0.0,0.0,844.31
2,14,4,0,,,,1.3081167,0.0,0.0,0.0,809.3
2,15,4,0,,,,0.5578167,0.0,0.0,0.0,677.57
2,16,4,0,,,,1.5070333,0.0,0.0,0.0,539.38
2,17,4,0,,,,1.7272167,0.0,0.0,0.0,303.12
2,18,4,0,,,,0.48036668,0.0,0.0,0.0,0.0
2,19,4,0,,,,1.2892333,0.0,0.0,0.0,0.0
2,20,4,0,,,,1.9693167,0.0,0.0,0.0,0.0
2,21,4,0,,,,1.5296,0.0,0.0,0.0,0.0
2,22,4,0,,,,0.92758334,0.0,0.0,0.0,0.0
2,23,4,0,,,,0.6544667,0.0,0.0,0.0,0.0
2,24,4,0,,,,0.4402,0.0,0.0,0.0,0.0
2,1,5,0,,,,0.54635,0.0,0.0,0.0,0.0
2,2,5,0,,,,0.37998334,0.0,0.0,0.0,0.0
2,3,5,0,,,,0.37918332,0.0,0.0,0.0,0.0
2,4,5,0,,,,0.45355,0.0,0.0,0.0,0.0
2,5,5,0,,,,0.7729167,0.0,0.0,0.0,0.0
2,6,5,0,,,,2.2341666,0.0,0.0,0.0,0.0
2,7,5,0,,,,1.1115167,0.0,0.0,0.0,0.0
2,8,5,0,,,,0.59501666,0.0,0.0,0.0,0.0
2,9,5,0,,,,1.3553166,0.0,0.0,0.0,114.06
2,10,5,0,,,,0.1767,0.0,0.0,0.0,140.79
2,11,5,0,,,,0.73438334,0.0,0.0,0.0,219.92
2,12,5,0,,,,0.32853332,0.0,0.0,0.0,310.68
2,13,5,0,,,,0.25971666,0.0,0.0,0.0,254.8
2,14,5,0,,,,0.55263335,0.0,0.0,0.0,358.28
2,15,5,0,,,,0.93025,0.0,0.0,0.0,153.65
2,16,5,0,,,,0.5858333,0.0,0.0,0.0,93.92
2,17,5,0,,,,2.8186834,0.0,0.0,0.0,37.69
2,18,5,0,,,,2.7513833,0.0,0.0,0.0,0.0
2,19,5,0,,,,3.53405,0.0,0.0,0.0,0.0
2,20,5,0,,,,1.83855,0.0,0.0,0.0,0.0
2,21,5,0,,,,1.7643666,0.0,0.0,0.0,0.0
2,22,5,0,,,,1.3430166,0.0,0.0,0.0,0.0
2,23,5,0,,,,0.65173334,0.0,0.0,0.0,0.0
2,24,5,0,,,,0.9895333,0.0,0.0,0.0,0.0
2,1,6,0,,,,0.37051666,0.0,0.0,0.0,0.0
2,2,6,0,,,,0.8018,0.0,0.0,0.0,0.0
2,3,6,0,,,,0.77461666,0.0,0.0,0.0,0.0
2,4,6,0,,,,0.37398332,0.0,0.0,0.0,0.0
2,5,6,0,,,,0.5140333,0.0,0.0,0.0,0.0
2,6,6,0,,,,0.85898334,0.0,0.0,0.0,0.0
2,7,6,0,,,,0.7734,0.0,0.0,0.0,0.0
2,8,6,0,,,,1.3562833,0.0,0.0,0.0,0.0
2,9,6,0,,,,1.5061333,0.0,0.0,0.0,148.42
2,10,6,0,,,,0.7358,0.0,0.0,0.0,306.21
2,11,6,0,,,,1.4742,0.0,0.0,0.0,227.14
2,12,6,0,,,,2.1621,0.0,0.0,0.0,758.14
2,13,6,0,,,,2.3693,0.0,0.0,0.0,810.18
2,14,6,0,,,,1.2686833,0.0,0.0,0.0,778.24
2,15,6,0,,,,1.2544167,0.0,0.0,0.0,679.61
2,16,6,0,,,,0.84935,0.0,0.0,0.0,527.19
2,17,6,0,,,,2.8286834,0.0,0.0,0.0,273.37
2,18,6,0,,,,1.8349333,0.0,0.0,0.0,0.0
2,19,6,0,,,,3.6058333,0.0,0.0,0.0,0.0
2,20,6,0,,,,1.44875,0.0,0.0,0.0,0.0
2,21,6,0,,,,1.1634667,0.0,0.0,0.0,0.0
2,22,6,0,,,,1.2224833,0.0,0.0,0.0,0.0
2,23,6,0,,,,0.9603,0.0,0.0,0.0,0.0
2,24,6,0,,,,0.57585835,0.0,0.0,0.0,0.0
2,1,7,0,,,,0.5355833,0.0,0.0,0.0,0.0
2,2,7,0,,,,0.497025,0.0,0.0,0.0,0.0
2,3,7,0,,,,0.5158611,0.0,0.0,0.0,0.0
2,4,7,0,,,,0.64883333,0.0,0.0,0.0,0.0
2,5,7,0,,,,2.0268166,0.0,0.0,0.0,0.0
2,6,7,0,,,,0.59171665,0.0,0.0,0.0,0.0
2,7,7,0,,,,1.1959,0.0,0.0,0.0,0.0
2,8,7,0,,,,1.5291,0.0,0.0,0.0,0.0
2,9,7,0,,,,1.0757667,0.0,0.0,0.0,10.46
2,10,7,0,,,,0.7269833,0.0,0.0,0.0,132.93
2,11,7,0,,,,0.20025,0.0,0.0,0.0,58.63
2,12,7,0,,,,1.4270333,0.0,0.0,0.0,109.5
2,13,7,0,,,,0.74653333,0.0,0.0,0.0,195.43
2,14,7,0,,,,0.21513334,0.0,0.0,0.0,115.94
2,15,7,0,,,,0.52711666,0.0,0.0,0.0,193.45
2,16,7,0,,,,0.22135,0.0,0.0,0.0,45.35
2,17,7,0,,,,0.80873334,0.0,0.0,0.0,197.86
2,18,7,0,,,,2.6203,0.0,0.0,0.0,0.0
2,19,7,0,,,,3.53405,0.0,0.0,0.0,0.0
2,20,7,0,,,,1.9319,0.0,0.0,0.0,0.0
2,21,7,0,,,,1.7126,0.0,0.0,0.0,0.0
2,22,7,0,,,,0.99906665,0.0,0.0,0.0,0.0
2,23,7,0,,,,0.86055,0.0,0.0,0.0,0.0
2,24,7,0,,,,0.644425,0.0,0.0,0.0,0.0
2,1,1,0,,,,0.49813333,0.0,0.0,0.0,0.0
2,2,1,0,,,,0.3887,0.0,0.0,0.0,0.0
2,3,1,0,,,,0.37375,0.0,0.0,0.0,0.0
2,4,1,0,,,,1.6510667,0.0,0.0,0.0,0.0
2,5,1,0,,,,0.96393335,0.0,0.0,0.0,0.0
2,6,1,0,,,,1.4443333,0.0,0.0,0.0,0.0
2,7,1,0,,,,0.81296664,0.0,0.0,0.0,0.0
2,8,1,0,,,,2.1415668,0.0,0.0,0.0,0.0
2,9,1,0,,,,1.92775,0.0,0.0,0.0,13.2
2,10,1,0,,,,0.96923333,0.0,0.0,0.0,51.24
2,11,1,0,,,,1.7299833,0.0,0.0,0.0,117.33
2,12,1,0,,,,2.4276667,0.0,0.0,0.0,172.23
2,13,1,0,,,,0.8139167,0.0,0.0,0.0,337.82
2,14,1,0,,,,0.76853335,0.0,0.0,0.0,591.89
2,15,1,0,,,,0.42115003,0.0,0.0,0.0,141.76
2,16,1,0,,,,0.29838333,0.0,0.0,0.0,138.02
2,17,1,0,,,,1.22975,0.0,0.0,0.0,85.18
2,18,1,0,,,,2.75365,0.0,0.0,0.0,0.0
2,19,1,0,,,,3.53405,0.0,0.0,0.0,0.0
2,20,1,0,,,,1.7925833,0.0,0.0,0.0,0.0
2,21,1,0,,,,1.6957778,0.0,0.0,0.0,0.0
2,22,1,0,,,,0.99906665,0.0,0.0,0.0,0.0
2,23,1,0,,,,0.5589667,0.0,0.0,0.0,0.0
2,24,1,0,,,,1.1830333,0.0,0.0,0.0,0.0
2,1,2,0,,,,1.1706055,0.0,0.0,0.0,0.0
2,2,2,0,,,,0.9045,0.0,0.0,0.0,0.0
2,3,2,0,,,,0.7932389,0.0,0.0,0.0,0.0
2,4,2,0,,,,0.85845,0.0,0.0,0.0,0.0
2,5,2,0,,,,1.5091112,0.0,0.0,0.0,0.0
2,6,2,0,,,,1.3708333,0.0,0.0,0.0,0.0
2,7,2,0,,,,0.8747333,0.0,0.0,0.0,0.0
2,8,2,0,,,,0.8430833,0.0,0.0,0.0,0.0
2,9,2,0,,,,0.34069166,0.0,0.0,0.0,148.24
2,10,2,0,,,,0.24006666,0.0,0.0,0.0,400.91
2,11,2,0,,,,0.25900835,0.0,0.0,0.0,579.15
2,12,2,0,,,,0.47208333,0.0,0.0,0.0,556.85
2,13,2,0,,,,0.33811668,0.0,0.0,0.0,428.18
2,14,2,0,,,,0.38983333,0.0,0.0,0.0,449.93
2,15,2,0,,,,0.67225,0.0,0.0,0.0,371.83
2,16,2,0,,,,2.5477333,0.0,0.0,0.0,375.77
2,17,2,0,,,,2.1386166,0.0,0.0,0.0,15.91
2,18,2,0,,,,2.2106667,0.0,0.0,0.0,0.0
2,19,2,0,,,,1.3638834,0.0,0.0,0.0,0.0
2,20,2,0,,,,0.85326666,0.0,0.0,0.0,0.0
2,21,2,0,,,,0.4067,0.0,0.0,0.0,0.0
2,22,2,0,,,,0.5929833,0.0,0.0,0.0,0.0
2,23,2,0,,,,0.40576667,0.0,0.0,0.0,0.0
2,24,2,0,,,,0.8189667,0.0,0.0,0.0,0.0
3,1,3,0,,,,0.36438334,0.0,0.0,0.0,0.0
3,2,3,0,,,,0.3692,0.0,0.0,0.0,0.0
3,3,3,0,,,,0.31728333,0.0,0.0,0.0,0.0
3,4,3,0,,,,0.31375,0.0,0.0,0.0,0.0
3,5,3,0,,,,0.8424,0.0,0.0,0.0,0.0
3,6,3,0,,,,1.6225667,0.0,0.0,0.0,0.0
3,7,3,0,,,,1.77635,0.0,0.0,0.0,0.0
3,8,3,0,,,,0.64385,0.0,0.0,0.0,0.02
3,9,3,0,,,,0.47701666,0.0,0.0,0.0,81.06
3,10,3,0,,,,0.23096667,0.0,0.0,0.0,99.97
3,11,3,0,,,,0.55978334,0.0,0.0,0.0,106.98
3,12,3,0,,,,0.33201668,0.0,0.0,0.0,130.39
3,13,3,0,,,,0.64481664,0.0,0.0,0.0,59.69
3,14,3,0,,,,0.70066667,0.0,0.0,0.0,50.73
3,15,3,0,,,,2.0184834,0.0,0.0,0.0,19.27
3,16,3,0,,,,1.6832417,0.0,0.0,0.0,22.93
3,17,3,0,,,,1.3627334,0.0,0.0,0.0,78.08
3,18,3,0,,,,4.1903667,0.0,0.0,0.0,0.59
3,19,3,0,,,,2.3329666,0.0,0.0,0.0,0.0
3,20,3,0,,,,3.5868165,0.0,0.0,0.0,0.0
3,21,3,0,,,,2.3137,0.0,0.0,0.0,0.0
3,22,3,0,,,,0.7252,0.0,0.0,0.0,0.0
3,23,3,0,,,,0.8845,0.0,0.0,0.0,0.0
3,24,3,0,,,,1.3817166,0.0,0.0,0.0,0.0
3,1,4,0,,,,0.41026667,0.0,0.0,0.0,0.0
3,2,4,0,,,,0.38053334,0.0,0.0,0.0,0.0
3,3,4,0,,,,0.37629443,0.0,0.0,0.0,0.0
3,4,4,0,,,,0.36633334,0.0,0.0,0.0,0.0
3,5,4,0,,,,0.36946666,0.0,0.0,0.0,0.0
3,6,4,0,,,,5.4394665,0.0,0.0,0.0,0.0
3,7,4,0,,,,0.92691666,0.0,0.0,0.0,0.0
3,8,4,0,,,,1.0996667,0.0,0.0,0.0,0.42
3,9,4,0,,,,0.38545,0.0,0.0,0.0,207.15
3,10,4,0,,,,0.29458332,0.0,0.0,0.0,448.65
3,11,4,0,,,,0.235,0.0,0.0,0.0,734.61
3,12,4,0,,,,0.20143333,0.0,0.0,0.0,836.84
3,13,4,0,,,,0.15686667,0.0,0.0,0.0,876.45
3,14,4,0,,,,0.3907389,0.0,0.0,0.0,832.43
3,15,4,0,,,,1.1157944,0.0,0.0,0.0,698.88
3,16,4,0,,,,1.1836333,0.0,0.0,0.0,558.33
3,17,4,0,,,,1.02505,0.0,0.0,0.0,312.13
3,18,4,0,,,,0.9074,0.0,0.0,0.0,4.42
3,19,4,0,,,,1.2420167,0.0,0.0,0.0,0.0
3,20,4,0,,,,0.7474333,0.0,0.0,0.0,0.0
3,21,4,0,,,,0.7517833,0.0,0.0,0.0,0.0
3,22,4,0,,,,1.3320333,0.0,0.0,0.0,0.0
3,23,4,0,,,,0.69605,0.0,0.0,0.0,0.0
3,24,4,0,,,,0.44496667,0.0,0.0,0.0,0.0
3,1,5,0,,,,0.40928334,0.0,0.0,0.0,0.0
3,2,5,0,,,,0.42246667,0.0,0.0,0.0,0.0
3,3,5,0,,,,0.41685,0.0,0.0,0.0,0.0
3,4,5,0,,,,0.41513333,0.0,0.0,0.0,0.0
3,5,5,0,,,,0.40365,0.0,0.0,0.0,0.0
3,6,5,0,,,,1.4366666,0.0,0.0,0.0,0.0
3,7,5,0,,,,0.69173336,0.0,0.0,0.0,0.0
3,8,5,0,,,,0.6314167,0.0,0.0,0.0,11.0
3,9,5,0,,,,0.70695,0.0,0.0,0.0,324.06
3,10,5,0,,,,0.36148334,0.0,0.0,0.0,547.24
3,11,5,0,,,,0.31466666,0.0,0.0,0.0,700.92
3,12,5,0,,,,0.27483332,0.0,0.0,0.0,792.22
3,13,5,0,,,,0.4352,0.0,0.0,0.0,836.27
3,14,5,0,,,,0.23348333,0.0,0.0,0.0,793.57
3,15,5,0,,,,0.57415,0.0,0.0,0.0,696.29
3,16,5,0,,,,1.3691334,0.0,0.0,0.0,541.16
3,17,5,0,,,,1.01175,0.0,0.0,0.0,241.67
3,18,5,0,,,,0.84966666,0.0,0.0,0.0,2.31
3,19,5,0,,,,0.27546668,0.0,0.0,0.0,0.0
3,20,5,0,,,,2.3081667,0.0,0.0,0.0,0.0
3,21,5,0,,,,1.91175,0.0,0.0,0.0,0.0
3,22,5,0,,,,0.45143333,0.0,0.0,0.0,0.0
3,23,5,0,,,,0.5197667,0.0,0.0,0.0,0.0
3,24,5,0,,,,0.9626667,0.0,0.0,0.0,0.0
3,1,6,0,,,,0.36791667,0.0,0.0,0.0,0.0
3,2,6,0,,,,0.33895,0.0,0.0,0.0,0.0
3,3,6,0,,,,0.36145,0.0,0.0,0.0,0.0
3,4,6,0,,,,0.27246666,0.0,0.0,0.0,0.0
3,5,6,0,,,,1.0276,0.0,0.0,0.0,0.0
3,6,6,0,,,,0.6118,0.0,0.0,0.0,0.0
3,7,6,0,,,,0.7328445,0.0,0.0,0.0,0.0
3,8,6,0,,,,0.8043,0.0,0.0,0.0,0.01
3,9,6,0,,,,1.5281,0.0,0.0,0.0,28.74
3,10,6,0,,,,2.7732334,0.0,0.0,0.0,95.14
3,11,6,0,,,,4.34325,0.0,0.0,0.0,124.62
3,12,6,0,,,,4.0266833,0.0,0.0,0.0,332.14
3,13,6,0,,,,4.46145,0.0,0.0,0.0,182.81
3,14,6,0,,,,1.9898334,0.0,0.0,0.0,191.89
3,15,6,0,,,,1.3062167,0.0,0.0,0.0,220.23
3,16,6,0,,,,2.6422167,0.0,0.0,0.0,107.01
3,17,6,0,,,,0.9762,0.0,0.0,0.0,37.28
3,18,6,0,,,,0.82715,0.0,0.0,0.0,5.76
3,19,6,0,,,,3.0548334,0.0,0.0,0.0,0.0
3,20,6,0,,,,2.78195,0.0,0.0,0.0,0.0
3,21,6,0,,,,1.0403833,0.0,0.0,0.0,0.0
3,22,6,0,,,,1.65605,0.0,0.0,0.0,0.0
3,23,6,0,,,,0.91826665,0.0,0.0,0.0,0.0
3,24,6,0,,,,0.6634667,0.0,0.0,0.0,0.0
3,1,7,0,,,,0.6239,0.0,0.0,0.0,0.0
3,2,7,0,,,,0.45141667,0.0,0.0,0.0,0.0
3,3,7,0,,,,0.5979,0.0,0.0,0.0,0.0
3,4,7,0,,,,0.57158333,0.0,0.0,0.0,0.0
3,5,7,0,,,,0.40798333,0.0,0.0,0.0,0.0
3,6,7,0,,,,0.4707,0.0,0.0,0.0,0.0
3,7,7,0,,,,0.73363334,0.0,0.0,0.0,0.0
3,8,7,0,,,,0.4879,0.0,0.0,0.0,3.13
3,9,7,0,,,,0.58348334,0.0,0.0,0.0,112.21
3,10,7,0,,,,0.214,0.0,0.0,0.0,373.25
3,11,7,0,,,,0.30625,0.0,0.0,0.0,83.96
3,12,7,0,,,,0.30625,0.0,0.0,0.0,76.49
3,13,7,0,,,,0.52215,0.0,0.0,0.0,103.08
3,14,7,0,,,,0.96573335,0.0,0.0,0.0,91.28
3,15,7,0,,,,3.28155,0.0,0.0,0.0,134.14
3,16,7,0,,,,2.0397334,0.0,0.0,0.0,338.44
3,17,7,0,,,,1.3249667,0.0,0.0,0.0,208.87
3,18,7,0,,,,1.7490833,0.0,0.0,0.0,4.18
3,19,7,0,,,,6.03655,0.0,0.0,0.0,0.0
3,20,7,0,,,,2.7697334,0.0,0.0,0.0,0.0
3,21,7,0,,,,1.0403833,0.0,0.0,0.0,0.0
3,22,7,0,,,,1.15665,0.0,0.0,0.0,0.0
3,23,7,0,,,,0.9684,0.0,0.0,0.0,0.0
3,24,7,0,,,,0.6634667,0.0,0.0,0.0,0.0
3,1,1,0,,,,0.59375,0.0,0.0,0.0,0.0
3,2,1,0,,,,0.37621668,0.0,0.0,0.0,0.0
3,3,1,0,,,,0.5979,0.0,0.0,0.0,0.0
3,4,1,0,,,,0.73295,0.0,0.0,0.0,0.0
3,5,1,0,,,,0.8903056,0.0,0.0,0.0,0.0
3,6,1,0,,,,0.6692333,0.0,0.0,0.0,0.0
3,7,1,0,,,,0.88625,0.0,0.0,0.0,0.0
3,8,1,0,,,,0.9719333,0.0,0.0,0.0,59.41
3,9,1,0,,,,0.44698334,0.0,0.0,0.0,319.49
3,10,1,0,,,,0.9001,0.0,0.0,0.0,539.71
3,11,1,0,,,,3.47725,0.0,0.0,0.0,642.37
3,12,1,0,,,,0.95748335,0.0,0.0,0.0,509.59
3,13,1,0,,,,1.0724167,0.0,0.0,0.0,68.23
3,14,1,0,,,,0.9385667,0.0,0.0,0.0,61.01
3,15,1,0,,,,1.1032166,0.0,0.0,0.0,21.1
3,16,1,0,,,,0.86118335,0.0,0.0,0.0,26.26
3,17,1,0,,,,0.97048336,0.0,0.0,0.0,16.96
3,18,1,0,,,,1.7490833,0.0,0.0,0.0,0.0
3,19,1,0,,,,1.8725,0.0,0.0,0.0,0.0
3,20,1,0,,,,0.696,0.0,0.0,0.0,0.0
3,21,1,0,,,,1.91575,0.0,0.0,0.0,0.0
3,22,1,0,,,,0.6038167,0.0,0.0,0.0,0.0
3,23,1,0,,,,0.77085,0.0,0.0,0.0,0.0
3,24,1,0,,,,1.1225667,0.0,0.0,0.0,0.0
3,1,2,0,,,,0.6462,0.0,0.0,0.0,0.0
3,2,2,0,,,,0.9045,0.0,0.0,0.0,0.0
3,3,2,0,,,,0.36595,0.0,0.0,0.0,0.0
3,4,2,0,,,,0.85335,0.0,0.0,0.0,0.0
3,5,2,0,,,,0.7239,0.0,0.0,0.0,0.0
3,6,2,0,,,,1.2969667,0.0,0.0,0.0,0.0
3,7,2,0,,,,0.85518336,0.0,0.0,0.0,0.0
3,8,2,0,,,,0.7481833,0.0,0.0,0.0,51.6
3,9,2,0,,,,0.63273335,0.0,0.0,0.0,319.27
3,10,2,0,,,,0.24161667,0.0,0.0,0.0,526.42
3,11,2,0,,,,0.25205,0.0,0.0,0.0,559.79
3,12,2,0,,,,0.252,0.0,0.0,0.0,691.78
3,13,2,0,,,,0.5121833,0.0,0.0,0.0,785.64
3,14,2,0,,,,4.3721557,0.0,0.0,0.0,792.01
3,15,2,0,,,,2.0893667,0.0,0.0,0.0,634.09
3,16,2,0,,,,2.2930279,0.0,0.0,0.0,500.69
3,17,2,0,,,,2.6330333,0.0,0.0,0.0,214.9
3,18,2,0,,,,0.83075,0.0,0.0,0.0,5.21
3,19,2,0,,,,0.84,0.0,0.0,0.0,0.0
3,20,2,0,,,,0.84,0.0,0.0,0.0,0.0
3,21,2,0,,,,0.84,0.0,0.0,0.0,0.0
3,22,2,0,,,,0.8983667,0.0,0.0,0.0,0.0
3,23,2,0,,,,0.9157,0.0,0.0,0.0,0.0
3,24,2,0,,,,1.3785833,0.0,0.0,0.0,0.0
3,1,3,0,,,,0.73946667,0.0,0.0,0.0,0.0
3,2,3,0,,,,0.323,0.0,0.0,0.0,0.0
3,3,3,0,,,,0.31351668,0.0,0.0,0.0,0.0
3,4,3,0,,,,0.31135,0.0,0.0,0.0,0.0
3,5,3,0,,,,0.7198667,0.0,0.0,0.0,0.0
3,6,3,0,,,,5.3743167,0.0,0.0,0.0,0.0
3,7,3,0,,,,0.94173336,0.0,0.0,0.0,0.0
3,8,3,0,,,,0.93761665,0.0,0.0,0.0,73.39
3,9,3,0,,,,0.53213334,0.0,0.0,0.0,61.07
3,10,3,0,,,,0.24715,0.0,0.0,0.0,438.83
3,11,3,0,,,,0.5256,0.0,0.0,0.0,455.06
3,12,3,0,,,,0.22035,0.0,0.0,0.0,715.88
3,13,3,0,,,,0.64745,0.0,0.0,0.0,666.85
3,14,3,0,,,,0.40726668,0.0,0.0,0.0,686.61
3,15,3,0,,,,1.0265833,0.0,0.0,0.0,458.42
3,16,3,0,,,,1.2238,0.0,0.0,0.0,13.43
3,17,3,0,,,,1.3835666,0.0,0.0,0.0,46.49
3,18,3,0,,,,4.1752,0.0,0.0,0.0,5.58
3,19,3,0,,,,1.5218,0.0,0.0,0.0,0.0
3,20,3,0,,,,3.5954666,0.0,0.0,0.0,0.0
3,21,3,0,,,,3.3108332,0.0,0.0,0.0,0.0
3,22,3,0,,,,0.45143333,0.0,0.0,0.0,0.0
3,23,3,0,,,,0.8845,0.0,0.0,0.0,0.0
3,24,3,0,,,,0.39811668,0.0,0.0,0.0,0.0
3,1,4,0,,,,1.1703833,0.0,0.0,0.0,0.0
3,2,4,0,,,,0.3796,0.0,0.0,0.0,0.0
3,3,4,0,,,,0.36901668,0.0,0.0,0.0,0.0
3,4,4,0,,,,0.36115,0.0,0.0,0.0,0.0
3,5,4,0,,,,0.36396667,0.0,0.0,0.0,0.0
3,6,4,0,,,,1.4474334,0.0,0.0,0.0,0.0
3,7,4,0,,,,0.93688333,0.0,0.0,0.0,0.0
3,8,4,0,,,,0.8099667,0.0,0.0,0.0,82.2
3,9,4,0,,,,0.43066666,0.0,0.0,0.0,310.29
3,10,4,0,,,,0.29458332,0.0,0.0,0.0,534.13
3,11,4,0,,,,0.36976665,0.0,0.0,0.0,686.61
3,12,4,0,,,,0.655,0.0,0.0,0.0,758.63
3,13,4,0,,,,1.3204,0.0,0.0,0.0,750.57
3,14,4,0,,,,0.5170389,0.0,0.0,0.0,711.4
3,15,4,0,,,,1.23295,0.0,0.0,0.0,556.07
3,16,4,0,,,,1.3409834,0.0,0.0,0.0,270.92
3,17,4,0,,,,1.9715,0.0,0.0,0.0,84.3
3,18,4,0,,,,0.98461664,0.0,0.0,0.0,4.57
3,19,4,0,,,,1.42235,0.0,0.0,0.0,0.0
3,20,4,0,,,,1.3290167,0.0,0.0,0.0,0.0
3,21,4,0,,,,1.7596667,0.0,0.0,0.0,0.0
3,22,4,0,,,,1.30735,0.0,0.0,0.0,0.0
3,23,4,0,,,,0.83265,0.0,0.0,0.0,0.0
3,24,4,0,,,,0.27488333,0.0,0.0,0.0,0.0
3,1,5,0,,,,0.39998335,0.0,0.0,0.0,0.0
3,2,5,0,,,,0.38521665,0.0,0.0,0.0,0.0
3,3,5,0,,,,0.39698333,0.0,0.0,0.0,0.0
3,4,5,0,,,,0.38258332,0.0,0.0,0.0,0.0
3,5,5,0,,,,1.0091333,0.0,0.0,0.0,0.0
3,6,5,0,,,,2.1735833,0.0,0.0,0.0,0.0
3,7,5,0,,,,1.0101334,0.0,0.0,0.0,0.0
3,8,5,0,,,,0.56341666,0.0,0.0,0.0,0.36
3,9,5,0,,,,0.39311665,0.0,0.0,0.0,70.13
3,10,5,0,,,,0.3632,0.0,0.0,0.0,162.36
3,11,5,0,,,,0.376,0.0,0.0,0.0,244.61
3,12,5,0,,,,0.32418334,0.0,0.0,0.0,75.82
3,13,5,0,,,,0.9309833,0.0,0.0,0.0,29.05
3,14,5,0,,,,0.68745,0.0,0.0,0.0,157.16
3,15,5,0,,,,1.45925,0.0,0.0,0.0,104.75
3,16,5,0,,,,1.8432333,0.0,0.0,0.0,233.25
3,17,5,0,,,,1.2024417,0.0,0.0,0.0,42.08
3,18,5,0,,,,3.9917333,0.0,0.0,0.0,10.79
3,19,5,0,,,,1.8725,0.0,0.0,0.0,0.0
3,20,5,0,,,,0.696,0.0,0.0,0.0,0.0
3,21,5,0,,,,3.8626332,0.0,0.0,0.0,0.0
3,22,5,0,,,,0.45143333,0.0,0.0,0.0,0.0
3,23,5,0,,,,0.83428335,0.0,0.0,0.0,0.0
3,24,5,0,,,,0.33696666,0.0,0.0,0.0,0.0
3,1,6,0,,,,0.36356667,0.0,0.0,0.0,0.0
3,2,6,0,,,,0.35865,0.0,0.0,0.0,0.0
3,3,6,0,,,,0.34,0.0,0.0,0.0,0.0
3,4,6,0,,,,0.3326,0.0,0.0,0.0,0.0
3,5,6,0,,,,0.33748335,0.0,0.0,0.0,0.0
3,6,6,0,,,,0.42235,0.0,0.0,0.0,0.0
3,7,6,0,,,,0.8035167,0.0,0.0,0.0,0.0
3,8,6,0,,,,0.69383335,0.0,0.0,0.0,0.37
3,9,6,0,,,,0.86043334,0.0,0.0,0.0,164.91
3,10,6,0,,,,1.7489,0.0,0.0,0.0,104.45
3,11,6,0,,,,0.89138335,0.0,0.0,0.0,390.27
3,12,6,0,,,,1.2220833,0.0,0.0,0.0,288.04
3,13,6,0,,,,1.0248,0.0,0.0,0.0,144.46
3,14,6,0,,,,1.9319834,0.0,0.0,0.0,50.51
3,15,6,0,,,,2.0072668,0.0,0.0,0.0,22.62
3,16,6,0,,,,3.7099333,0.0,0.0,0.0,133.93
3,17,6,0,,,,3.0513334,0.0,0.0,0.0,118.86
3,18,6,0,,,,3.7702167,0.0,0.0,0.0,74.88
3,19,6,0,,,,4.70085,0.0,0.0,0.0,0.0
3,20,6,0,,,,2.7697334,0.0,0.0,0.0,0.0
3,21,6,0,,,,1.0403833,0.0,0.0,0.0,0.0
3,22,6,0,,,,2.7928667,0.0,0.0,0.0,0.0
3,23,6,0,,,,0.45618334,0.0,0.0,0.0,0.0
3,24,6,0,,,,1.5733334,0.0,0.0,0.0,0.0
3,1,7,0,,,,0.47813332,0.0,0.0,0.0,0.0
3,2,7,0,,,,0.8434167,0.0,0.0,0.0,0.0
3,3,7,0,,,,0.5230167,0.0,0.0,0.0,0.0
3,4,7,0,,,,0.66688335,0.0,0.0,0.0,0.0
3,5,7,0,,,,0.8903056,0.0,0.0,0.0,0.0
3,6,7,0,,,,1.3813833,0.0,0.0,0.0,0.0
3,7,7,0,,,,1.1523278,0.0,0.0,0.0,0.0
3,8,7,0,,,,0.9719333,0.0,0.0,0.0,92.06
3,9,7,0,,,,0.55581665,0.0,0.0,0.0,321.69
3,10,7,0,,,,0.9001,0.0,0.0,0.0,473.9
3,11,7,0,,,,0.79075,0.0,0.0,0.0,438.11
3,12,7,0,,,,0.6961,0.0,0.0,0.0,771.3
3,13,7,0,,,,1.0724167,0.0,0.0,0.0,618.14
3,14,7,0,,,,4.0911,0.0,0.0,0.0,324.82
3,15,7,0,,,,2.1655166,0.0,0.0,0.0,63.51
3,16,7,0,,,,0.8523333,0.0,0.0,0.0,36.75
3,17,7,0,,,,2.0295334,0.0,0.0,0.0,41.64
3,18,7,0,,,,4.9439836,0.0,0.0,0.0,50.79
3,19,7,0,,,,3.0110166,0.0,0.0,0.0,0.0
3,20,7,0,,,,2.7696333,0.0,0.0,0.0,0.0
3,21,7,0,,,,1.3856333,0.0,0.0,0.0,0.0
3,22,7,0,,,,0.791,0.0,0.0,0.0,0.0
3,23,7,0,,,,0.46221668,0.0,0.0,0.0,0.0
3,24,7,0,,,,0.6634667,0.0,0.0,0.0,0.0
3,1,1,0,,,,0.4882,0.0,0.0,0.0,0.0
3,2,1,0,,,,1.6212333,0.0,0.0,0.0,0.0
3,3,1,0,,,,0.5158611,0.0,0.0,0.0,0.0
3,4,1,0,,,,0.66688335,0.0,0.0,0.0,0.0
3,5,1,0,,,,0.47411665,0.0,0.0,0.0,0.0
3,6,1,0,,,,1.68995,0.0,0.0,0.0,0.0
3,7,1,0,,,,0.6545333,0.0,0.0,0.0,0.0
3,8,1,0,,,,1.7292,0.0,0.0,0.0,120.83
3,9,1,0,,,,0.9902167,0.0,0.0,0.0,370.18
3,10,1,0,,,,0.2347,0.0,0.0,0.0,600.81
3,11,1,0,,,,1.5864667,0.0,0.0,0.0,755.29
3,12,1,0,,,,1.0475,0.0,0.0,0.0,845.43
3,13,1,0,,,,1.3861667,0.0,0.0,0.0,874.92
3,14,1,0,,,,1.6441833,0.0,0.0,0.0,836.48
3,15,1,0,,,,1.9863167,0.0,0.0,0.0,732.91
3,16,1,0,,,,2.0355,0.0,0.0,0.0,569.2
3,17,1,0,,,,2.6484334,0.0,0.0,0.0,347.11
3,18,1,0,,,,4.9464335,0.0,0.0,0.0,94.98
3,19,1,0,,,,3.0110166,0.0,0.0,0.0,0.0
3,20,1,0,,,,2.1104834,0.0,0.0,0.0,0.0
3,21,1,0,,,,1.3856333,0.0,0.0,0.0,0.0
3,22,1,0,,,,2.5921834,0.0,0.0,0.0,0.0
3,23,1,0,,,,0.9868,0.0,0.0,0.0,0.0
3,24,1,0,,,,2.447175,0.0,0.0,0.0,0.0
3,1,2,0,,,,1.0036334,0.0,0.0,0.0,0.0
3,2,2,0,,,,1.15885,0.0,0.0,0.0,0.0
3,3,2,0,,,,0.36238334,0.0,0.0,0.0,0.0
3,4,2,0,,,,0.35736668,0.0,0.0,0.0,0.0
3,5,2,0,,,,0.45065,0.0,0.0,0.0,0.0
3,6,2,0,,,,0.7025167,0.0,0.0,0.0,0.0
3,7,2,0,,,,0.9084,0.0,0.0,0.0,0.0
3,8,2,0,,,,0.7779833,0.0,0.0,0.0,0.0
3,9,2,0,,,,0.2697,0.0,0.0,0.0,65.71
3,10,2,0,,,,0.33495,0.0,0.0,0.0,139.98
3,11,2,0,,,,0.25205,0.0,0.0,0.0,325.2
3,12,2,0,,,,0.54178333,0.0,0.0,0.0,403.79
3,13,2,0,,,,0.913,0.0,0.0,0.0,413.15
3,14,2,0,,,,0.62156665,0.0,0.0,0.0,324.67
3,15,2,0,,,,1.22505,0.0,0.0,0.0,286.75
3,16,2,0,,,,1.3321667,0.0,0.0,0.0,0.0
3,17,2,0,,,,2.2866333,0.0,0.0,0.0,149.48
3,18,2,0,,,,3.1214333,0.0,0.0,0.0,82.5
3,19,2,0,,,,2.3329666,0.0,0.0,0.0,0.0
3,20,2,0,,,,3.5868165,0.0,0.0,0.0,0.0
3,21,2,0,,,,2.1777,0.0,0.0,0.0,0.0
3,22,2,0,,,,1.0082667,0.0,0.0,0.0,0.0
3,23,2,0,,,,0.42263332,0.0,0.0,0.0,0.0
3,24,2,0,,,,1.0535834,0.0,0.0,0.0,0.0
3,1,3,0,,,,0.32863334,0.0,0.0,0.0,0.0
3,2,3,0,,,,0.42643332,0.0,0.0,0.0,0.0
3,3,3,0,,,,0.31866667,0.0,0.0,0.0,0.0
3,4,3,0,,,,0.3123,0.0,0.0,0.0,0.0
3,5,3,0,,,,1.8591778,0.0,0.0,0.0,0.0
3,6,3,0,,,,0.45293334,0.0,0.0,0.0,0.0
3,7,3,0,,,,0.7596,0.0,0.0,0.0,0.0
3,8,3,0,,,,1.0227833,0.0,0.0,0.0,59.64
3,9,3,0,,,,0.28948334,0.0,0.0,0.0,301.36
3,10,3,0,,,,0.2182,0.0,0.0,0.0,556.67
3,11,3,0,,,,0.21611667,0.0,0.0,0.0,719.16
3,12,3,0,,,,0.21496667,0.0,0.0,0.0,807.63
3,13,3,0,,,,0.42251667,0.0,0.0,0.0,843.7
3,14,3,0,,,,1.54185,0.0,0.0,0.0,728.96
3,15,3,0,,,,4.091817,0.0,0.0,0.0,554.95
3,16,3,0,,,,3.3733332,0.0,0.0,0.0,466.39
3,17,3,0,,,,2.2659166,0.0,0.0,0.0,338.53
3,18,3,0,,,,1.9379667,0.0,0.0,0.0,65.29
3,19,3,0,,,,2.92775,0.0,0.0,0.0,0.0
3,20,3,0,,,,2.2909167,0.0,0.0,0.0,0.0
3,21,3,0,,,,2.1905916,0.0,0.0,0.0,0.0
3,22,3,0,,,,2.6185,0.0,0.0,0.0,0.0
3,23,3,0,,,,0.4522889,0.0,0.0,0.0,0.0
3,24,3,0,,,,1.4450083,0.0,0.0,0.0,0.0
3,1,4,0,,,,1.936261,0.0,0.0,0.0,0.0
3,2,4,0,,,,0.43115,0.0,0.0,0.0,0.0
3,3,4,0,,,,0.37631112,0.0,0.0,0.0,0.0
3,4,4,0,,,,0.37573335,0.0,0.0,0.0,0.0
3,5,4,0,,,,2.6031444,0.0,0.0,0.0,0.0
3,6,4,0,,,,1.6820667,0.0,0.0,0.0,0.0
3,7,4,0,,,,0.7394056,0.0,0.0,0.0,0.0
3,8,4,0,,,,0.7833167,0.0,0.0,0.0,1.21
3,9,4,0,,,,0.8267222,0.0,0.0,0.0,41.29
3,10,4,0,,,,0.28781667,0.0,0.0,0.0,36.36
3,11,4,0,,,,0.22875556,0.0,0.0,0.0,70.21
3,12,4,0,,,,0.23185,0.0,0.0,0.0,69.28
3,13,4,0,,,,0.23044445,0.0,0.0,0.0,74.64
3,14,4,0,,,,0.23163334,0.0,0.0,0.0,58.73
3,15,4,0,,,,2.9672167,0.0,0.0,0.0,149.24
3,16,4,0,,,,3.5151334,0.0,0.0,0.0,273.81
3,17,4,0,,,,2.0686834,0.0,0.0,0.0,110.31
3,18,4,0,,,,1.8054167,0.0,0.0,0.0,65.9
3,19,4,0,,,,1.06265,0.0,0.0,0.0,0.0
3,20,4,0,,,,1.3290167,0.0,0.0,0.0,0.0
3,21,4,0,,,,0.69096667,0.0,0.0,0.0,0.0
3,22,4,0,,,,2.7048166,0.0,0.0,0.0,0.0
3,23,4,0,,,,0.50830835,0.0,0.0,0.0,0.0
3,24,4,0,,,,0.50186664,0.0,0.0,0.0,0.0
3,1,5,0,,,,0.42723334,0.0,0.0,0.0,0.0
3,2,5,0,,,,0.42246667,0.0,0.0,0.0,0.0
3,3,5,0,,,,0.41685,0.0,0.0,0.0,0.0
3,4,5,0,,,,0.41513333,0.0,0.0,0.0,0.0
3,5,5,0,,,,0.5426889,0.0,0.0,0.0,0.0
3,6,5,0,,,,1.8163333,0.0,0.0,0.0,0.0
3,7,5,0,,,,1.6060055,0.0,0.0,0.0,0.0
3,8,5,0,,,,0.6299,0.0,0.0,0.0,27.15
3,9,5,0,,,,0.30515555,0.0,0.0,0.0,46.64
3,10,5,0,,,,1.3214333,0.0,0.0,0.0,137.23
3,11,5,0,,,,0.9077278,0.0,0.0,0.0,365.47
3,12,5,0,,,,0.72186667,0.0,0.0,0.0,208.97
3,13,5,0,,,,1.2278833,0.0,0.0,0.0,605.51
3,14,5,0,,,,2.8067083,0.0,0.0,0.0,821.73
3,15,5,0,,,,5.1568165,0.0,0.0,0.0,700.53
3,16,5,0,,,,2.8340166,0.0,0.0,0.0,555.64
3,17,5,0,,,,1.377125,0.0,0.0,0.0,331.38
3,18,5,0,,,,1.9607834,0.0,0.0,0.0,75.66
3,19,5,0,,,,1.8725,0.0,0.0,0.0,0.0
3,20,5,0,,,,1.27475,0.0,0.0,0.0,0.0
3,21,5,0,,,,3.5532,0.0,0.0,0.0,0.0
3,22,5,0,,,,1.8698,0.0,0.0,0.0,0.0
3,23,5,0,,,,0.83428335,0.0,0.0,0.0,0.0
3,24,5,0,,,,0.362475,0.0,0.0,0.0,0.0
3,1,6,0,,,,0.36275277,0.0,0.0,0.0,0.0
3,2,6,0,,,,0.36476666,0.0,0.0,0.0,0.0
3,3,6,0,,,,0.36238334,0.0,0.0,0.0,0.0
3,4,6,0,,,,0.36075,0.0,0.0,0.0,0.0
3,5,6,0,,,,0.3597,0.0,0.0,0.0,0.0
3,6,6,0,,,,0.6576833,0.0,0.0,0.0,0.0
3,7,6,0,,,,0.92982775,0.0,0.0,0.0,0.0
3,8,6,0,,,,0.5196583,0.0,0.0,0.0,94.33
3,9,6,0,,,,0.33786666,0.0,0.0,0.0,344.44
3,10,6,0,,,,0.38293332,0.0,0.0,0.0,574.24
3,11,6,0,,,,0.64468336,0.0,0.0,0.0,727.38
3,12,6,0,,,,0.7805333,0.0,0.0,0.0,823.42
3,13,6,0,,,,0.86401665,0.0,0.0,0.0,830.76
3,14,6,0,,,,1.2695167,0.0,0.0,0.0,810.8
3,15,6,0,,,,3.4935334,0.0,0.0,0.0,709.5
3,16,6,0,,,,4.1044664,0.0,0.0,0.0,300.96
3,17,6,0,,,,4.083833,0.0,0.0,0.0,168.81
3,18,6,0,,,,3.4724333,0.0,0.0,0.0,16.79
3,19,6,0,,,,2.564039,0.0,0.0,0.0,0.0
3,20,6,0,,,,2.9807,0.0,0.0,0.0,0.0
3,21,6,0,,,,2.5711834,0.0,0.0,0.0,0.0
3,22,6,0,,,,0.9916833,0.0,0.0,0.0,0.0
3,23,6,0,,,,1.22125,0.0,0.0,0.0,0.0
3,24,6,0,,,,1.3381667,0.0,0.0,0.0,0.0
3,1,7,0,,,,0.54401666,0.0,0.0,0.0,0.0
3,2,7,0,,,,0.5247667,0.0,0.0,0.0,0.0
3,3,7,0,,,,0.5158611,0.0,0.0,0.0,0.0
3,4,7,0,,,,1.0798666,0.0,0.0,0.0,0.0
3,5,7,0,,,,1.0480778,0.0,0.0,0.0,0.0
3,6,7,0,,,,0.43586665,0.0,0.0,0.0,0.0
3,7,7,0,,,,0.47846112,0.0,0.0,0.0,0.0
3,8,7,0,,,,0.77818334,0.0,0.0,0.0,62.58
3,9,7,0,,,,0.97501665,0.0,0.0,0.0,46.93
3,10,7,0,,,,2.6248,0.0,0.0,0.0,87.57
3,11,7,0,,,,1.9924166,0.0,0.0,0.0,182.95
3,12,7,0,,,,2.5827334,0.0,0.0,0.0,99.77
3,13,7,0,,,,3.6619833,0.0,0.0,0.0,32.48
3,14,7,0,,,,2.8444166,0.0,0.0,0.0,68.84
3,15,7,0,,,,1.5731833,0.0,0.0,0.0,82.2
3,16,7,0,,,,3.1369667,0.0,0.0,0.0,50.59
3,17,7,0,,,,2.7757833,0.0,0.0,0.0,51.4
3,18,7,0,,,,1.3263,0.0,0.0,0.0,39.14
3,19,7,0,,,,2.1716166,0.0,0.0,0.0,0.0
3,20,7,0,,,,1.6667167,0.0,0.0,0.0,0.0
3,21,7,0,,,,1.8889834,0.0,0.0,0.0,0.0
3,22,7,0,,,,3.1883166,0.0,0.0,0.0,0.0
3,23,7,0,,,,2.66235,0.0,0.0,0.0,0.0
3,24,7,0,,,,1.3351583,0.0,0.0,0.0,0.0
3,1,1,0,,,,0.3989,0.0,0.0,0.0,0.0
3,2,1,0,,,,1.1152278,0.0,0.0,0.0,0.0
3,3,1,0,,,,0.38988334,0.0,0.0,0.0,0.0
3,4,1,0,,,,0.38555557,0.0,0.0,0.0,0.0
3,5,1,0,,,,1.2993166,0.0,0.0,0.0,0.0
3,6,1,0,,,,1.9603223,0.0,0.0,0.0,0.0
3,7,1,0,,,,0.7806,0.0,0.0,0.0,0.0
3,8,1,0,,,,0.8051111,0.0,0.0,0.0,7.11
3,9,1,0,,,,0.6352,0.0,0.0,0.0,85.39
3,10,1,0,,,,0.24314444,0.0,0.0,0.0,125.9
3,11,1,0,,,,0.23916666,0.0,0.0,0.0,325.53
3,12,1,0,,,,0.236625,0.0,0.0,0.0,476.18
3,13,1,0,,,,0.24045,0.0,0.0,0.0,293.55
3,14,1,0,,,,0.25583333,0.0,0.0,0.0,270.68
3,15,1,0,,,,0.30475,0.0,0.0,0.0,148.35
3,16,1,0,,,,0.31235,0.0,0.0,0.0,208.55
3,17,1,0,,,,0.7883667,0.0,0.0,0.0,133.82
3,18,1,0,,,,3.0791,0.0,0.0,0.0,7.54
3,19,1,0,,,,0.7661833,0.0,0.0,0.0,0.0
3,20,1,0,,,,1.1346778,0.0,0.0,0.0,0.0
3,21,1,0,,,,1.0027333,0.0,0.0,0.0,0.0
3,22,1,0,,,,1.0147111,0.0,0.0,0.0,0.0
3,23,1,0,,,,0.469975,0.0,0.0,0.0,0.0
3,24,1,0,,,,0.42285,0.0,0.0,0.0,0.0
3,1,2,0,,,,0.42406666,0.0,0.0,0.0,0.0
3,2,2,0,,,,0.42643332,0.0,0.0,0.0,0.0
3,3,2,0,,,,0.41603333,0.0,0.0,0.0,0.0
3,4,2,0,,,,0.42938334,0.0,0.0,0.0,0.0
3,5,2,0,,,,0.96178335,0.0,0.0,0.0,0.0
3,6,2,0,,,,1.4228667,0.0,0.0,0.0,0.0
3,7,2,0,,,,0.74145,0.0,0.0,0.0,0.0
3,8,2,0,,,,0.7684,0.0,0.0,0.0,83.91
3,9,2,0,,,,0.20376667,0.0,0.0,0.0,89.97
3,10,2,0,,,,0.20991667,0.0,0.0,0.0,103.2
3,11,2,0,,,,0.21141666,0.0,0.0,0.0,71.02
3,12,2,0,,,,0.2141,0.0,0.0,0.0,157.94
3,13,2,0,,,,0.21525,0.0,0.0,0.0,201.15
3,14,2,0,,,,0.21573333,0.0,0.0,0.0,210.18
3,15,2,0,,,,0.5657667,0.0,0.0,0.0,94.8
3,16,2,0,,,,0.7130333,0.0,0.0,0.0,284.11
3,17,2,0,,,,0.89343333,0.0,0.0,0.0,197.82
3,18,2,0,,,,0.8272833,0.0,0.0,0.0,70.93
3,19,2,0,,,,1.0428333,0.0,0.0,0.0,0.0
3,20,2,0,,,,3.1844332,0.0,0.0,0.0,0.0
3,21,2,0,,,,2.0363834,0.0,0.0,0.0,0.0
3,22,2,0,,,,1.33965,0.0,0.0,0.0,0.0
3,23,2,0,,,,0.79031664,0.0,0.0,0.0,0.0
3,24,2,0,,,,0.50886667,0.0,0.0,0.0,0.0
3,1,3,0,,,,0.49888334,0.0,0.0,0.0,0.0
3,2,3,0,,,,0.47671667,0.0,0.0,0.0,0.0
3,3,3,0,,,,0.42308334,0.0,0.0,0.0,0.0
3,4,3,0,,,,0.41521665,0.0,0.0,0.0,0.0
3,5,3,0,,,,0.51023334,0.0,0.0,0.0,0.0
3,6,3,0,,,,0.43626666,0.0,0.0,0.0,0.0
3,7,3,0,,,,0.43128332,0.0,0.0,0.0,0.0
3,8,3,0,,,,0.567,0.0,0.0,0.0,4.73
3,9,3,0,,,,1.2754667,0.0,0.0,0.0,26.27
3,10,3,0,,,,0.92931664,0.0,0.0,0.0,261.55
3,11,3,0,,,,0.8038167,0.0,0.0,0.0,148.65
3,12,3,0,,,,0.7134167,0.0,0.0,0.0,127.84
3,13,3,0,,,,3.9818833,0.0,0.0,0.0,328.34
3,14,3,0,,,,1.6119666,0.0,0.0,0.0,110.98
3,15,3,0,,,,1.60295,0.0,0.0,0.0,26.39
3,16,3,0,,,,1.0720167,0.0,0.0,0.0,75.87
3,17,3,0,,,,1.0375667,0.0,0.0,0.0,324.47
3,18,3,0,,,,1.0614834,0.0,0.0,0.0,96.14
3,19,3,0,,,,1.13895,0.0,0.0,0.0,0.0
3,20,3,0,,,,3.1718667,0.0,0.0,0.0,0.0
3,21,3,0,,,,1.5709,0.0,0.0,0.0,0.0
3,22,3,0,,,,2.0992334,0.0,0.0,0.0,0.0
3,23,3,0,,,,2.0251,0.0,0.0,0.0,0.0
3,24,3,0,,,,0.499575,0.0,0.0,0.0,0.0
3,1,4,0,,,,0.38068333,0.0,0.0,0.0,0.0
3,2,4,0,,,,0.38053334,0.0,0.0,0.0,0.0
3,3,4,0,,,,0.36901668,0.0,0.0,0.0,0.0
3,4,4,0,,,,0.36306667,0.0,0.0,0.0,0.0
3,5,4,0,,,,0.36906666,0.0,0.0,0.0,0.0
3,6,4,0,,,,1.46295,0.0,0.0,0.0,0.0
3,7,4,0,,,,0.8955167,0.0,0.0,0.0,0.0
3,8,4,0,,,,0.93645,0.0,0.0,0.0,166.12
3,9,4,0,,,,0.56191665,0.0,0.0,0.0,421.4
3,10,4,0,,,,0.37298334,0.0,0.0,0.0,630.8
3,11,4,0,,,,0.37011668,0.0,0.0,0.0,774.1
3,12,4,0,,,,0.37215,0.0,0.0,0.0,637.62
3,13,4,0,,,,0.37541667,0.0,0.0,0.0,219.67
3,14,4,0,,,,0.38,0.0,0.0,0.0,732.8
3,15,4,0,,,,1.80105,0.0,0.0,0.0,406.29
3,16,4,0,,,,2.2098334,0.0,0.0,0.0,135.06
3,17,4,0,,,,0.36561668,0.0,0.0,0.0,182.11
3,18,4,0,,,,0.70033336,0.0,0.0,0.0,104.71
3,19,4,0,,,,1.6607,0.0,0.0,0.0,0.0
3,20,4,0,,,,2.2736,0.0,0.0,0.0,0.0
3,21,4,0,,,,1.7596667,0.0,0.0,0.0,0.0
3,22,4,0,,,,1.7203166,0.0,0.0,0.0,0.0
3,23,4,0,,,,0.93276113,0.0,0.0,0.0,0.0
3,24,4,0,,,,0.38086668,0.0,0.0,0.0,0.0
3,1,5,0,,,,0.3814,0.0,0.0,0.0,0.0
3,2,5,0,,,,0.37748334,0.0,0.0,0.0,0.0
3,3,5,0,,,,0.37173334,0.0,0.0,0.0,0.0
3,4,5,0,,,,0.37003332,0.0,0.0,0.0,0.0
3,5,5,0,,,,0.37141666,0.0,0.0,0.0,0.0
3,6,5,0,,,,2.5894,0.0,0.0,0.0,0.0
3,7,5,0,,,,0.74406666,0.0,0.0,0.0,0.0
3,8,5,0,,,,0.7582333,0.0,0.0,0.0,3.74
3,9,5,0,,,,0.2012,0.0,0.0,0.0,17.85
3,10,5,0,,,,0.20511666,0.0,0.0,0.0,50.96
3,11,5,0,,,,0.20115,0.0,0.0,0.0,92.48
3,12,5,0,,,,0.20108333,0.0,0.0,0.0,91.96
3,13,5,0,,,,0.20193334,0.0,0.0,0.0,181.59
3,14,5,0,,,,0.20455,0.0,0.0,0.0,132.4
3,15,5,0,,,,0.33731666,0.0,0.0,0.0,737.94
3,16,5,0,,,,0.85943335,0.0,0.0,0.0,570.63
3,17,5,0,,,,1.3952,0.0,0.0,0.0,313.32
3,18,5,0,,,,0.98263335,0.0,0.0,0.0,107.25
3,19,5,0,,,,0.7964333,0.0,0.0,0.0,0.0
3,20,5,0,,,,0.93805,0.0,0.0,0.0,0.0
3,21,5,0,,,,1.25555,0.0,0.0,0.0,0.0
3,22,5,0,,,,0.70133334,0.0,0.0,0.0,0.0
3,23,5,0,,,,0.38083333,0.0,0.0,0.0,0.0
3,24,5,0,,,,0.37595,0.0,0.0,0.0,0.0
3,1,6,0,,,,0.37645,0.0,0.0,0.0,0.0
3,2,6,0,,,,0.37631667,0.0,0.0,0.0,0.0
3,3,6,0,,,,0.37166667,0.0,0.0,0.0,0.0
3,4,6,0,,,,0.36846668,0.0,0.0,0.0,0.0
3,5,6,0,,,,0.3681,0.0,0.0,0.0,0.0
3,6,6,0,,,,0.36918333,0.0,0.0,0.0,0.0
3,7,6,0,,,,0.45263332,0.0,0.0,0.0,0.0
3,8,6,0,,,,0.97466666,0.0,0.0,0.0,85.41
3,9,6,0,,,,1.2294166,0.0,0.0,0.0,220.02
3,10,6,0,,,,2.0335,0.0,0.0,0.0,312.06
3,11,6,0,,,,3.6763334,0.0,0.0,0.0,468.36
3,12,6,0,,,,1.44015,0.0,0.0,0.0,486.3
3,13,6,0,,,,1.7323333,0.0,0.0,0.0,404.68
3,14,6,0,,,,1.1266167,0.0,0.0,0.0,358.51
3,15,6,0,,,,1.09065,0.0,0.0,0.0,255.87
3,16,6,0,,,,1.04365,0.0,0.0,0.0,117.77
3,17,6,0,,,,0.8476167,0.0,0.0,0.0,162.89
3,18,6,0,,,,0.8196667,0.0,0.0,0.0,74.23
3,19,6,0,,,,3.0447834,0.0,0.0,0.0,0.0
3,20,6,0,,,,2.78195,0.0,0.0,0.0,0.0
3,21,6,0,,,,1.0403833,0.0,0.0,0.0,0.0
3,22,6,0,,,,1.02145,0.0,0.0,0.0,0.0
3,23,6,0,,,,0.46961668,0.0,0.0,0.0,0.0
3,24,6,0,,,,0.51383334,0.0,0.0,0.0,0.0
3,1,7,0,,,,0.46825,0.0,0.0,0.0,0.0
3,2,7,0,,,,0.46928334,0.0,0.0,0.0,0.0
3,3,7,0,,,,0.4551,0.0,0.0,0.0,0.0
3,4,7,0,,,,0.42396668,0.0,0.0,0.0,0.0
3,5,7,0,,,,0.38075,0.0,0.0,0.0,0.0
3,6,7,0,,,,0.41216666,0.0,0.0,0.0,0.0
3,7,7,0,,,,0.41238335,0.0,0.0,0.0,0.0
3,8,7,0,,,,0.63265,0.0,0.0,0.0,15.22
3,9,7,0,,,,1.2588,0.0,0.0,0.0,28.93
3,10,7,0,,,,2.2931833,0.0,0.0,0.0,169.0
3,11,7,0,,,,1.71145,0.0,0.0,0.0,261.96
3,12,7,0,,,,1.7783834,0.0,0.0,0.0,811.86
3,13,7,0,,,,2.91535,0.0,0.0,0.0,417.41
3,14,7,0,,,,1.78685,0.0,0.0,0.0,347.8
3,15,7,0,,,,2.4613833,0.0,0.0,0.0,28.12
3,16,7,0,,,,2.2011833,0.0,0.0,0.0,72.25
3,17,7,0,,,,1.5533667,0.0,0.0,0.0,50.64
3,18,7,0,,,,1.7218666,0.0,0.0,0.0,33.4
3,19,7,0,,,,3.0201333,0.0,0.0,0.0,0.0
3,20,7,0,,,,2.1104834,0.0,0.0,0.0,0.0
3,21,7,0,,,,3.3494833,0.0,0.0,0.0,0.0
3,22,7,0,,,,2.5921834,0.0,0.0,0.0,0.0
3,23,7,0,,,,1.0235167,0.0,0.0,0.0,0.0
3,24,7,0,,,,0.8316,0.0,0.0,0.0,0.0
3,1,1,0,,,,0.3921,0.0,0.0,0.0,0.0
3,2,1,0,,,,0.3887,0.0,0.0,0.0,0.0
3,3,1,0,,,,0.37371665,0.0,0.0,0.0,0.0
3,4,1,0,,,,0.36559168,0.0,0.0,0.0,0.0
3,5,1,0,,,,0.5178667,0.0,0.0,0.0,0.0
3,6,1,0,,,,0.80903333,0.0,0.0,0.0,0.0
3,7,1,0,,,,1.2858167,0.0,0.0,0.0,0.0
3,8,1,0,,,,1.23285,0.0,0.0,0.0,10.48
3,9,1,0,,,,0.94895,0.0,0.0,0.0,115.54
3,10,1,0,,,,0.823375,0.0,0.0,0.0,124.41
3,11,1,0,,,,0.92445,0.0,0.0,0.0,140.1
3,12,1,0,,,,1.0794667,0.0,0.0,0.0,154.85
3,13,1,0,,,,1.0189167,0.0,0.0,0.0,90.7
3,14,1,0,,,,1.2772,0.0,0.0,0.0,144.67
3,15,1,0,,,,0.9497333,0.0,0.0,0.0,29.4
3,16,1,0,,,,0.8999,0.0,0.0,0.0,21.33
3,17,1,0,,,,0.9299667,0.0,0.0,0.0,122.75
3,18,1,0,,,,1.5932167,0.0,0.0,0.0,7.79
3,19,1,0,,,,1.4405667,0.0,0.0,0.0,0.0
3,20,1,0,,,,1.17505,0.0,0.0,0.0,0.0
3,21,1,0,,,,0.584,0.0,0.0,0.0,0.0
3,22,1,0,,,,0.52495,0.0,0.0,0.0,0.0
3,23,1,0,,,,0.46221668,0.0,0.0,0.0,0.0
3,24,1,0,,,,2.4653168,0.0,0.0,0.0,0.0
3,1,2,0,,,,1.0036334,0.0,0.0,0.0,0.0
3,2,2,0,,,,0.36928332,0.0,0.0,0.0,0.0
3,3,2,0,,,,0.36076668,0.0,0.0,0.0,0.0
3,4,2,0,,,,0.35736668,0.0,0.0,0.0,0.0
3,5,2,0,,,,0.3534,0.0,0.0,0.0,0.0
3,6,2,0,,,,0.73286664,0.0,0.0,0.0,0.0
3,7,2,0,,,,1.15405,0.0,0.0,0.0,1.27
3,8,2,0,,,,0.81495,0.0,0.0,0.0,181.33
3,9,2,0,,,,0.75083333,0.0,0.0,0.0,437.63
3,10,2,0,,,,0.69526666,0.0,0.0,0.0,637.39
3,11,2,0,,,,0.8322167,0.0,0.0,0.0,770.27
3,12,2,0,,,,1.0461167,0.0,0.0,0.0,855.97
3,13,2,0,,,,2.9618833,0.0,0.0,0.0,883.24
3,14,2,0,,,,2.9152167,0.0,0.0,0.0,843.03
3,15,2,0,,,,1.9239334,0.0,0.0,0.0,754.94
3,16,2,0,,,,1.2149,0.0,0.0,0.0,597.68
3,17,2,0,,,,2.0520666,0.0,0.0,0.0,382.1
3,18,2,0,,,,0.80623335,0.0,0.0,0.0,129.21
3,19,2,0,,,,1.1890167,0.0,0.0,0.0,0.0
3,20,2,0,,,,3.5579166,0.0,0.0,0.0,0.0
3,21,2,0,,,,1.35995,0.0,0.0,0.0,0.0
3,22,2,0,,,,1.4307333,0.0,0.0,0.0,0.0
3,23,2,0,,,,1.3868333,0.0,0.0,0.0,0.0
3,24,2,0,,,,3.65445,0.0,0.0,0.0,0.0
3,1,3,0,,,,0.32863334,0.0,0.0,0.0,0.0
3,2,3,0,,,,1.15885,0.0,0.0,0.0,0.0
3,3,3,0,,,,0.31345,0.0,0.0,0.0,0.0
3,4,3,0,,,,0.34963334,0.0,0.0,0.0,0.0
3,5,3,0,,,,1.05425,0.0,0.0,0.0,0.0
3,6,3,0,,,,0.50545,0.0,0.0,0.0,0.0
3,7,3,0,,,,1.8577833,0.0,0.0,0.0,3.74
3,8,3,0,,,,0.8749167,0.0,0.0,0.0,169.58
3,9,3,0,,,,1.0996833,0.0,0.0,0.0,182.16
3,10,3,0,,,,1.8498833,0.0,0.0,0.0,267.34
3,11,3,0,,,,2.4700334,0.0,0.0,0.0,332.42
3,12,3,0,,,,1.9190333,0.0,0.0,0.0,423.47
3,13,3,0,,,,1.8807833,0.0,0.0,0.0,351.0
3,14,3,0,,,,1.5766,0.0,0.0,0.0,503.4
3,15,3,0,,,,1.967,0.0,0.0,0.0,723.41
3,16,3,0,,,,3.13285,0.0,0.0,0.0,578.21
3,17,3,0,,,,4.0236835,0.0,0.0,0.0,347.89
3,18,3,0,,,,3.0722,0.0,0.0,0.0,80.52
3,19,3,0,,,,2.1152167,0.0,0.0,0.0,0.0
3,20,3,0,,,,1.81265,0.0,0.0,0.0,0.0
3,21,3,0,,,,2.5942833,0.0,0.0,0.0,0.0
3,22,3,0,,,,4.6367664,0.0,0.0,0.0,0.0
3,23,3,0,,,,1.4834,0.0,0.0,0.0,0.0
3,24,3,0,,,,1.1666083,0.0,0.0,0.0,0.0
3,1,4,0,,,,0.5694,0.0,0.0,0.0,0.0
3,2,4,0,,,,0.37143335,0.0,0.0,0.0,0.0
3,3,4,0,,,,0.36098334,0.0,0.0,0.0,0.0
3,4,4,0,,,,0.36033332,0.0,0.0,0.0,0.0
3,5,4,0,,,,0.44325,0.0,0.0,0.0,0.0
3,6,4,0,,,,0.96381664,0.0,0.0,0.0,0.0
3,7,4,0,,,,0.81371665,0.0,0.0,0.0,0.0
3,8,4,0,,,,0.5769167,0.0,0.0,0.0,27.82
3,9,4,0,,,,0.26826668,0.0,0.0,0.0,113.87
3,10,4,0,,,,0.27268332,0.0,0.0,0.0,140.48
3,11,4,0,,,,0.26865,0.0,0.0,0.0,126.35
3,12,4,0,,,,0.2713,0.0,0.0,0.0,193.94
3,13,4,0,,,,0.27388334,0.0,0.0,0.0,405.62
3,14,4,0,,,,0.27588335,0.0,0.0,0.0,819.78
3,15,4,0,,,,0.27833334,0.0,0.0,0.0,713.77
3,16,4,0,,,,0.28213334,0.0,0.0,0.0,564.81
3,17,4,0,,,,0.27991667,0.0,0.0,0.0,358.74
3,18,4,0,,,,0.27066666,0.0,0.0,0.0,121.73
3,19,4,0,,,,0.27481666,0.0,0.0,0.0,0.0
3,20,4,0,,,,0.27241668,0.0,0.0,0.0,0.0
3,21,4,0,,,,0.27158332,0.0,0.0,0.0,0.0
3,22,4,0,,,,0.8307833,0.0,0.0,0.0,0.0
3,23,4,0,,,,0.45555,0.0,0.0,0.0,0.0
3,24,4,0,,,,0.27488333,0.0,0.0,0.0,0.0
3,1,5,0,,,,0.27645,0.0,0.0,0.0,0.0
3,2,5,0,,,,0.27795,0.0,0.0,0.0,0.0
3,3,5,0,,,,0.27206665,0.0,0.0,0.0,0.0
3,4,5,0,,,,0.27246666,0.0,0.0,0.0,0.0
3,5,5,0,,,,0.27168334,0.0,0.0,0.0,0.0
3,6,5,0,,,,0.26728332,0.0,0.0,0.0,0.0
3,7,5,0,,,,0.2704,0.0,0.0,0.0,4.84
3,8,5,0,,,,0.26978335,0.0,0.0,0.0,186.04
3,9,5,0,,,,0.26761666,0.0,0.0,0.0,419.02
3,10,5,0,,,,0.27328333,0.0,0.0,0.0,606.13
3,11,5,0,,,,0.27176666,0.0,0.0,0.0,736.8
3,12,5,0,,,,0.27481666,0.0,0.0,0.0,829.28
3,13,5,0,,,,0.52315,0.0,0.0,0.0,837.0
3,14,5,0,,,,0.5598,0.0,0.0,0.0,801.03
3,15,5,0,,,,0.28113332,0.0,0.0,0.0,704.46
3,16,5,0,,,,0.28415,0.0,0.0,0.0,554.58
3,17,5,0,,,,0.28278333,0.0,0.0,0.0,353.05
3,18,5,0,,,,0.27313334,0.0,0.0,0.0,124.87
3,19,5,0,,,,0.27545,0.0,0.0,0.0,0.0
3,20,5,0,,,,0.27463335,0.0,0.0,0.0,0.0
3,21,5,0,,,,0.27495,0.0,0.0,0.0,0.0
3,22,5,0,,,,0.27505,0.0,0.0,0.0,0.0
3,23,5,0,,,,0.2785,0.0,0.0,0.0,0.0
3,24,5,0,,,,0.27478334,0.0,0.0,0.0,0.0
4,1,6,0,,,,0.27686667,0.0,0.0,0.0,0.0
4,2,6,0,,,,0.27838334,0.0,0.0,0.0,0.0
4,3,6,0,,,,0.5507,0.0,0.0,0.0,0.0
4,4,6,0,,,,0.5984667,0.0,0.0,0.0,0.0
4,5,6,0,,,,0.27336666,0.0,0.0,0.0,0.0
4,6,6,0,,,,0.27128333,0.0,0.0,0.0,0.0
4,7,6,0,,,,0.271,0.0,0.0,0.0,4.17
4,8,6,0,,,,0.26965,0.0,0.0,0.0,192.5
4,9,6,0,,,,0.2695,0.0,0.0,0.0,439.91
4,10,6,0,,,,0.2736,0.0,0.0,0.0,644.16
4,11,6,0,,,,0.26958334,0.0,0.0,0.0,777.71
4,12,6,0,,,,0.271225,0.0,0.0,0.0,871.08
4,13,6,0,,,,0.27345,0.0,0.0,0.0,887.55
4,14,6,0,,,,0.27845,0.0,0.0,0.0,842.91
4,15,6,0,,,,0.27911666,0.0,0.0,0.0,741.98
4,16,6,0,,,,0.28038332,0.0,0.0,0.0,584.36
4,17,6,0,,,,0.27915,0.0,0.0,0.0,367.41
4,18,6,0,,,,1.2156833,0.0,0.0,0.0,131.0
4,19,6,0,,,,1.5951834,0.0,0.0,0.0,0.0
4,20,6,0,,,,0.9295,0.0,0.0,0.0,0.0
4,21,6,0,,,,2.3171334,0.0,0.0,0.0,0.0
4,22,6,0,,,,1.7063833,0.0,0.0,0.0,0.0
4,23,6,0,,,,0.8738833,0.0,0.0,0.0,0.0
4,24,6,0,,,,0.4524,0.0,0.0,0.0,0.0
4,1,7,0,,,,1.5955334,0.0,0.0,0.0,0.0
4,2,7,0,,,,0.71456665,0.0,0.0,0.0,0.0
4,3,7,0,,,,0.3948,0.0,0.0,0.0,0.0
4,4,7,0,,,,0.3932,0.0,0.0,0.0,0.0
4,5,7,0,,,,0.3894,0.0,0.0,0.0,0.0
4,6,7,0,,,,0.38711667,0.0,0.0,0.0,0.0
4,7,7,0,,,,0.59788334,0.0,0.0,0.0,9.88
4,8,7,0,,,,0.7352333,0.0,0.0,0.0,210.27
4,9,7,0,,,,0.74661666,0.0,0.0,0.0,455.12
4,10,7,0,,,,0.77098334,0.0,0.0,0.0,638.11
4,11,7,0,,,,0.84096664,0.0,0.0,0.0,781.31
4,12,7,0,,,,0.5711,0.0,0.0,0.0,873.04
4,13,7,0,,,,0.7659,0.0,0.0,0.0,884.74
4,14,7,0,,,,1.2686,0.0,0.0,0.0,839.46
4,15,7,0,,,,1.7596333,0.0,0.0,0.0,742.39
4,16,7,0,,,,1.6894,0.0,0.0,0.0,585.03
4,17,7,0,,,,4.02115,0.0,0.0,0.0,365.68
4,18,7,0,,,,1.2910167,0.0,0.0,0.0,131.5
4,19,7,0,,,,3.3365166,0.0,0.0,0.0,0.0
4,20,7,0,,,,5.6095,0.0,0.0,0.0,0.0
4,21,7,0,,,,3.1960332,0.0,0.0,0.0,0.0
4,22,7,0,,,,0.9634333,0.0,0.0,0.0,0.0
4,23,7,0,,,,0.5326333,0.0,0.0,0.0,0.0
4,24,7,0,,,,1.2343333,0.0,0.0,0.0,0.0
4,1,1,0,,,,0.4255,0.0,0.0,0.0,0.0
4,2,1,0,,,,0.39238334,0.0,0.0,0.0,0.0
4,3,1,0,,,,0.38023335,0.0,0.0,0.0,0.0
4,4,1,0,,,,0.3814,0.0,0.0,0.0,0.0
4,5,1,0,,,,0.5232,0.0,0.0,0.0,0.0
4,6,1,0,,,,1.2162167,0.0,0.0,0.0,0.0
4,7,1,0,,,,0.9358,0.0,0.0,0.0,12.78
4,8,1,0,,,,0.20635,0.0,0.0,0.0,208.07
4,9,1,0,,,,0.20408334,0.0,0.0,0.0,442.48
4,10,1,0,,,,0.20858334,0.0,0.0,0.0,620.42
4,11,1,0,,,,0.20696667,0.0,0.0,0.0,742.71
4,12,1,0,,,,0.20923333,0.0,0.0,0.0,833.51
4,13,1,0,,,,0.21028334,0.0,0.0,0.0,849.39
4,14,1,0,,,,0.21283333,0.0,0.0,0.0,808.8
4,15,1,0,,,,0.25425,0.0,0.0,0.0,712.4
4,16,1,0,,,,0.63355,0.0,0.0,0.0,561.64
4,17,1,0,,,,1.142725,0.0,0.0,0.0,359.42
4,18,1,0,,,,2.3301167,0.0,0.0,0.0,131.8
4,19,1,0,,,,1.81175,0.0,0.0,0.0,0.0
4,20,1,0,,,,1.0743,0.0,0.0,0.0,0.0
4,21,1,0,,,,1.15835,0.0,0.0,0.0,0.0
4,22,1,0,,,,1.04915,0.0,0.0,0.0,0.0
4,23,1,0,,,,1.0529945,0.0,0.0,0.0,0.0
4,24,1,0,,,,0.660425,0.0,0.0,0.0,0.0
4,1,2,0,,,,0.46916112,0.0,0.0,0.0,0.0
4,2,2,0,,,,0.46753332,0.0,0.0,0.0,0.0
4,3,2,0,,,,0.45963332,0.0,0.0,0.0,0.0
4,4,2,0,,,,0.43275,0.0,0.0,0.0,0.0
4,5,2,0,,,,0.78276664,0.0,0.0,0.0,0.0
4,6,2,0,,,,1.4272667,0.0,0.0,0.0,0.0
4,7,2,0,,,,0.5974333,0.0,0.0,0.0,8.53
4,8,2,0,,,,0.24221666,0.0,0.0,0.0,201.89
4,9,2,0,,,,0.24011667,0.0,0.0,0.0,431.43
4,10,2,0,,,,0.24371667,0.0,0.0,0.0,611.36
4,11,2,0,,,,0.24123333,0.0,0.0,0.0,736.57
4,12,2,0,,,,0.24425,0.0,0.0,0.0,814.35
4,13,2,0,,,,0.24593334,0.0,0.0,0.0,833.98
4,14,2,0,,,,0.24861667,0.0,0.0,0.0,783.63
4,15,2,0,,,,0.58105,0.0,0.0,0.0,683.48
4,16,2,0,,,,0.68846667,0.0,0.0,0.0,549.85
4,17,2,0,,,,2.188,0.0,0.0,0.0,353.11
4,18,2,0,,,,1.058,0.0,0.0,0.0,132.04
4,19,2,0,,,,1.4597833,0.0,0.0,0.0,0.53
4,20,2,0,,,,1.7666,0.0,0.0,0.0,0.0
4,21,2,0,,,,1.9825667,0.0,0.0,0.0,0.0
4,22,2,0,,,,0.9839,0.0,0.0,0.0,0.0
4,23,2,0,,,,3.5221667,0.0,0.0,0.0,0.0
4,24,2,0,,,,2.81345,0.0,0.0,0.0,0.0
4,1,3,0,,,,1.1533333,0.0,0.0,0.0,0.0
4,2,3,0,,,,1.0171167,0.0,0.0,0.0,0.0
4,3,3,0,,,,0.6893833,0.0,0.0,0.0,0.0
4,4,3,0,,,,1.0055833,0.0,0.0,0.0,0.0
4,5,3,0,,,,0.75621665,0.0,0.0,0.0,0.0
4,6,3,0,,,,2.2947166,0.0,0.0,0.0,0.0
4,7,3,0,,,,0.76138335,0.0,0.0,0.0,9.23
4,8,3,0,,,,0.7691,0.0,0.0,0.0,185.17
4,9,3,0,,,,0.37728333,0.0,0.0,0.0,407.68
4,10,3,0,,,,0.19736667,0.0,0.0,0.0,597.59
4,11,3,0,,,,0.19626667,0.0,0.0,0.0,728.64
4,12,3,0,,,,0.19798334,0.0,0.0,0.0,808.27
4,13,3,0,,,,0.19598334,0.0,0.0,0.0,717.05
4,14,3,0,,,,1.2213833,0.0,0.0,0.0,766.43
4,15,3,0,,,,1.0064666,0.0,0.0,0.0,706.02
4,16,3,0,,,,3.0843832,0.0,0.0,0.0,561.26
4,17,3,0,,,,3.9830666,0.0,0.0,0.0,357.43
4,18,3,0,,,,3.5245,0.0,0.0,0.0,133.53
4,19,3,0,,,,1.4758166,0.0,0.0,0.0,2.15
4,20,3,0,,,,4.164583,0.0,0.0,0.0,0.0
4,21,3,0,,,,3.3993165,0.0,0.0,0.0,0.0
4,22,3,0,,,,1.0511833,0.0,0.0,0.0,0.0
4,23,3,0,,,,0.61106664,0.0,0.0,0.0,0.0
4,24,3,0,,,,0.44681665,0.0,0.0,0.0,0.0
4,1,4,0,,,,0.43831667,0.0,0.0,0.0,0.0
4,2,4,0,,,,0.43643335,0.0,0.0,0.0,0.0
4,3,4,0,,,,0.42903334,0.0,0.0,0.0,0.0
4,4,4,0,,,,0.43121666,0.0,0.0,0.0,0.0
4,5,4,0,,,,0.64136666,0.0,0.0,0.0,0.0
4,6,4,0,,,,1.3122166,0.0,0.0,0.0,0.0
4,7,4,0,,,,0.88691664,0.0,0.0,0.0,5.48
4,8,4,0,,,,0.31213334,0.0,0.0,0.0,128.26
4,9,4,0,,,,0.31226668,0.0,0.0,0.0,372.29
4,10,4,0,,,,0.31311667,0.0,0.0,0.0,565.2
4,11,4,0,,,,0.31371668,0.0,0.0,0.0,660.23
4,12,4,0,,,,0.31465,0.0,0.0,0.0,776.06
4,13,4,0,,,,0.31476668,0.0,0.0,0.0,816.52
4,14,4,0,,,,0.31815,0.0,0.0,0.0,793.55
4,15,4,0,,,,1.7511834,0.0,0.0,0.0,703.8
4,16,4,0,,,,1.45065,0.0,0.0,0.0,546.53
4,17,4,0,,,,1.32335,0.0,0.0,0.0,353.33
4,18,4,0,,,,0.43348333,0.0,0.0,0.0,130.41
4,19,4,0,,,,1.6975833,0.0,0.0,0.0,2.14
4,20,4,0,,,,8.226334,0.0,0.0,0.0,0.0
4,21,4,0,,,,5.0146666,0.0,0.0,0.0,0.0
4,22,4,0,,,,2.1272833,0.0,0.0,0.0,0.0
4,23,4,0,,,,1.0293334,0.0,0.0,0.0,0.0
4,24,4,0,,,,1.46715,0.0,0.0,0.0,0.0
4,1,5,0,,,,0.44225,0.0,0.0,0.0,0.0
4,2,5,0,,,,0.43746668,0.0,0.0,0.0,0.0
4,3,5,0,,,,0.4308,0.0,0.0,0.0,0.0
4,4,5,0,,,,0.42823333,0.0,0.0,0.0,0.0
4,5,5,0,,,,0.7392167,0.0,0.0,0.0,0.0
4,6,5,0,,,,2.7399666,0.0,0.0,0.0,0.0
4,7,5,0,,,,0.7575167,0.0,0.0,0.0,3.68
4,8,5,0,,,,0.47638333,0.0,0.0,0.0,93.65
4,9,5,0,,,,0.19911666,0.0,0.0,0.0,399.87
4,10,5,0,,,,0.20506667,0.0,0.0,0.0,573.92
4,11,5,0,,,,0.20046666,0.0,0.0,0.0,658.89
4,12,5,0,,,,0.21116666,0.0,0.0,0.0,780.13
4,13,5,0,,,,0.22708334,0.0,0.0,0.0,806.74
4,14,5,0,,,,0.6619833,0.0,0.0,0.0,764.31
4,15,5,0,,,,1.2330834,0.0,0.0,0.0,681.19
4,16,5,0,,,,2.22835,0.0,0.0,0.0,503.3
4,17,5,0,,,,0.5865833,0.0,0.0,0.0,325.73
4,18,5,0,,,,1.2171,0.0,0.0,0.0,111.78
4,19,5,0,,,,1.4449834,0.0,0.0,0.0,0.86
4,20,5,0,,,,1.5143334,0.0,0.0,0.0,0.0
4,21,5,0,,,,1.4046667,0.0,0.0,0.0,0.0
4,22,5,0,,,,0.8114,0.0,0.0,0.0,0.0
4,23,5,0,,,,0.56768334,0.0,0.0,0.0,0.0
4,24,5,0,,,,0.43698335,0.0,0.0,0.0,0.0
4,1,6,0,,,,0.38796666,0.0,0.0,0.0,0.0
4,2,6,0,,,,0.39573333,0.0,0.0,0.0,0.0
4,3,6,0,,,,0.9339,0.0,0.0,0.0,0.0
4,4,6,0,,,,0.6167667,0.0,0.0,0.0,0.0
4,5,6,0,,,,0.36865833,0.0,0.0,0.0,0.0
4,6,6,0,,,,0.42780834,0.0,0.0,0.0,0.0
4,7,6,0,,,,0.49646667,0.0,0.0,0.0,2.07
4,8,6,0,,,,0.70306665,0.0,0.0,0.0,155.34
4,9,6,0,,,,0.93773335,0.0,0.0,0.0,193.34
4,10,6,0,,,,0.8469333,0.0,0.0,0.0,467.36
4,11,6,0,,,,1.28955,0.0,0.0,0.0,420.91
4,12,6,0,,,,2.0237167,0.0,0.0,0.0,509.99
4,13,6,0,,,,5.0534,0.0,0.0,0.0,786.64
4,14,6,0,,,,2.7086666,0.0,0.0,0.0,753.12
4,15,6,0,,,,2.0237668,0.0,0.0,0.0,664.97
4,16,6,0,,,,4.071417,0.0,0.0,0.0,468.13
4,17,6,0,,,,2.0601,0.0,0.0,0.0,325.37
4,18,6,0,,,,3.6014333,0.0,0.0,0.0,98.54
4,19,6,0,,,,4.07385,0.0,0.0,0.0,1.23
4,20,6,0,,,,2.3838832,0.0,0.0,0.0,0.0
4,21,6,0,,,,1.4149834,0.0,0.0,0.0,0.0
4,22,6,0,,,,0.94805,0.0,0.0,0.0,0.0
4,23,6,0,,,,0.51821667,0.0,0.0,0.0,0.0
4,24,6,0,,,,0.47344166,0.0,0.0,0.0,0.0
4,1,7,0,,,,0.47046667,0.0,0.0,0.0,0.0
4,2,7,0,,,,0.4216,0.0,0.0,0.0,0.0
4,3,7,0,,,,0.38663334,0.0,0.0,0.0,0.0
4,4,7,0,,,,0.38791665,0.0,0.0,0.0,0.0
4,5,7,0,,,,0.38598335,0.0,0.0,0.0,0.0
4,6,7,0,,,,0.38326666,0.0,0.0,0.0,0.0
4,7,7,0,,,,3.1413834,0.0,0.0,0.0,0.33
4,8,7,0,,,,1.0867167,0.0,0.0,0.0,18.62
4,9,7,0,,,,0.6932167,0.0,0.0,0.0,19.89
4,10,7,0,,,,0.31848332,0.0,0.0,0.0,43.55
4,11,7,0,,,,0.8290667,0.0,0.0,0.0,474.4
4,12,7,0,,,,0.99256665,0.0,0.0,0.0,633.15
4,13,7,0,,,,1.2720833,0.0,0.0,0.0,650.88
4,14,7,0,,,,1.3766834,0.0,0.0,0.0,662.06
4,15,7,0,,,,0.8918861,0.0,0.0,0.0,447.49
4,16,7,0,,,,1.4189334,0.0,0.0,0.0,252.81
4,17,7,0,,,,1.75535,0.0,0.0,0.0,192.48
4,18,7,0,,,,1.8271667,0.0,0.0,0.0,73.73
4,19,7,0,,,,1.2086667,0.0,0.0,0.0,2.98
4,20,7,0,,,,1.7598166,0.0,0.0,0.0,0.0
4,21,7,0,,,,3.3817334,0.0,0.0,0.0,0.0
4,22,7,0,,,,2.3008332,0.0,0.0,0.0,0.0
4,23,7,0,,,,1.57315,0.0,0.0,0.0,0.0
4,24,7,0,,,,1.5422584,0.0,0.0,0.0,0.0
4,1,1,0,,,,0.49823335,0.0,0.0,0.0,0.0
4,2,1,0,,,,0.49756667,0.0,0.0,0.0,0.0
4,3,1,0,,,,0.46053332,0.0,0.0,0.0,0.0
4,4,1,0,,,,0.40698335,0.0,0.0,0.0,0.0
4,5,1,0,,,,1.0606834,0.0,0.0,0.0,0.0
4,6,1,0,,,,1.54235,0.0,0.0,0.0,0.0
4,7,1,0,,,,0.77823335,0.0,0.0,0.0,33.15
4,8,1,0,,,,0.71321666,0.0,0.0,0.0,181.91
4,9,1,0,,,,0.24766667,0.0,0.0,0.0,390.44
4,10,1,0,,,,0.24805,0.0,0.0,0.0,460.93
4,11,1,0,,,,0.2502,0.0,0.0,0.0,663.09
4,12,1,0,,,,0.25348333,0.0,0.0,0.0,783.29
4,13,1,0,,,,0.25341666,0.0,0.0,0.0,798.92
4,14,1,0,,,,0.25616667,0.0,0.0,0.0,781.16
4,15,1,0,,,,0.31553334,0.0,0.0,0.0,696.97
4,16,1,0,,,,0.72761667,0.0,0.0,0.0,526.16
4,17,1,0,,,,1.55785,0.0,0.0,0.0,240.85
4,18,1,0,,,,1.47015,0.0,0.0,0.0,127.96
4,19,1,0,,,,1.73715,0.0,0.0,0.0,0.0
4,20,1,0,,,,2.4377,0.0,0.0,0.0,0.0
4,21,1,0,,,,3.0756166,0.0,0.0,0.0,0.0
4,22,1,0,,,,1.5610666,0.0,0.0,0.0,0.0
4,23,1,0,,,,0.41205,0.0,0.0,0.0,0.0
4,24,1,0,,,,0.39499167,0.0,0.0,0.0,0.0
4,1,2,0,,,,0.38745,0.0,0.0,0.0,0.0
4,2,2,0,,,,0.38758335,0.0,0.0,0.0,0.0
4,3,2,0,,,,0.39521667,0.0,0.0,0.0,0.0
4,4,2,0,,,,0.37975,0.0,0.0,0.0,0.0
4,5,2,0,,,,1.02805,0.0,0.0,0.0,0.0
4,6,2,0,,,,1.9795,0.0,0.0,0.0,0.0
4,7,2,0,,,,0.78856665,0.0,0.0,0.0,18.32
4,8,2,0,,,,0.83106667,0.0,0.0,0.0,90.98
4,9,2,0,,,,0.7457,0.0,0.0,0.0,96.6
4,10,2,0,,,,0.27698332,0.0,0.0,0.0,42.03
4,11,2,0,,,,0.2766,0.0,0.0,0.0,148.54
4,12,2,0,,,,0.28055,0.0,0.0,0.0,229.71
4,13,2,0,,,,0.28061667,0.0,0.0,0.0,223.07
4,14,2,0,,,,0.25241667,0.0,0.0,0.0,127.66
4,15,2,0,,,,0.20953333,0.0,0.0,0.0,162.63
4,16,2,0,,,,0.29013333,0.0,0.0,0.0,91.57
4,17,2,0,,,,0.702,0.0,0.0,0.0,61.18
4,18,2,0,,,,0.8530833,0.0,0.0,0.0,37.7
4,19,2,0,,,,1.1049,0.0,0.0,0.0,0.0
4,20,2,0,,,,1.0651,0.0,0.0,0.0,0.0
4,21,2,0,,,,3.5721834,0.0,0.0,0.0,0.0
4,22,2,0,,,,1.9802667,0.0,0.0,0.0,0.0
4,23,2,0,,,,1.0119166,0.0,0.0,0.0,0.0
4,24,2,0,,,,0.65445,0.0,0.0,0.0,0.0
4,1,3,0,,,,0.37541667,0.0,0.0,0.0,0.0
4,2,3,0,,,,0.3755,0.0,0.0,0.0,0.0
4,3,3,0,,,,0.36805,0.0,0.0,0.0,0.0
4,4,3,0,,,,0.38731667,0.0,0.0,0.0,0.0
4,5,3,0,,,,0.9510667,0.0,0.0,0.0,0.0
4,6,3,0,,,,1.547,0.0,0.0,0.0,0.0
4,7,3,0,,,,0.86078334,0.0,0.0,0.0,1.15
4,8,3,0,,,,0.77561665,0.0,0.0,0.0,8.83
4,9,3,0,,,,0.58995,0.0,0.0,0.0,34.27
4,10,3,0,,,,0.20881666,0.0,0.0,0.0,71.07
4,11,3,0,,,,0.22158334,0.0,0.0,0.0,86.24
4,12,3,0,,,,0.66973335,0.0,0.0,0.0,103.99
4,13,3,0,,,,0.7869167,0.0,0.0,0.0,59.61
4,14,3,0,,,,0.68228334,0.0,0.0,0.0,66.77
4,15,3,0,,,,0.5732167,0.0,0.0,0.0,0.0
4,16,3,0,,,,0.80523336,0.0,0.0,0.0,51.91
4,17,3,0,,,,1.239,0.0,0.0,0.0,28.27
4,18,3,0,,,,2.0887666,0.0,0.0,0.0,32.84
4,19,3,0,,,,1.4984167,0.0,0.0,0.0,0.0
4,20,3,0,,,,2.6444666,0.0,0.0,0.0,0.0
4,21,3,0,,,,4.049967,0.0,0.0,0.0,0.0
4,22,3,0,,,,3.7107334,0.0,0.0,0.0,0.0
4,23,3,0,,,,0.70628333,0.0,0.0,0.0,0.0
4,24,3,0,,,,0.63193333,0.0,0.0,0.0,0.0
4,1,4,0,,,,1.6608666,0.0,0.0,0.0,0.0
4,2,4,0,,,,0.44283333,0.0,0.0,0.0,0.0
4,3,4,0,,,,0.43086666,0.0,0.0,0.0,0.0
4,4,4,0,,,,0.43201667,0.0,0.0,0.0,0.0
4,5,4,0,,,,0.51343334,0.0,0.0,0.0,0.0
4,6,4,0,,,,2.50705,0.0,0.0,0.0,0.0
4,7,4,0,,,,1.2227334,0.0,0.0,0.0,1.18
4,8,4,0,,,,1.1974167,0.0,0.0,0.0,9.61
4,9,4,0,,,,1.1271666,0.0,0.0,0.0,61.59
4,10,4,0,,,,0.65036666,0.0,0.0,0.0,107.37
4,11,4,0,,,,0.22378333,0.0,0.0,0.0,145.92
4,12,4,0,,,,0.21628334,0.0,0.0,0.0,171.67
4,13,4,0,,,,0.21578333,0.0,0.0,0.0,188.67
4,14,4,0,,,,0.21428333,0.0,0.0,0.0,213.04
4,15,4,0,,,,0.31228334,0.0,0.0,0.0,233.13
4,16,4,0,,,,1.47145,0.0,0.0,0.0,136.3
4,17,4,0,,,,1.7001166,0.0,0.0,0.0,109.91
4,18,4,0,,,,2.1096666,0.0,0.0,0.0,130.15
4,19,4,0,,,,1.1740834,0.0,0.0,0.0,8.52
4,20,4,0,,,,1.283,0.0,0.0,0.0,0.0
4,21,4,0,,,,0.73293334,0.0,0.0,0.0,0.0
4,22,4,0,,,,1.77545,0.0,0.0,0.0,0.0
4,23,4,0,,,,0.49871665,0.0,0.0,0.0,0.0
4,24,4,0,,,,0.34269166,0.0,0.0,0.0,0.0
4,1,5,0,,,,0.33913332,0.0,0.0,0.0,0.0
4,2,5,0,,,,0.33895,0.0,0.0,0.0,0.0
4,3,5,0,,,,0.33336666,0.0,0.0,0.0,0.0
4,4,5,0,,,,0.3308,0.0,0.0,0.0,0.0
4,5,5,0,,,,0.78781664,0.0,0.0,0.0,0.0
4,6,5,0,,,,1.2921833,0.0,0.0,0.0,0.0
4,7,5,0,,,,0.7367667,0.0,0.0,0.0,32.72
4,8,5,0,,,,0.81416667,0.0,0.0,0.0,59.43
4,9,5,0,,,,0.2079,0.0,0.0,0.0,268.85
4,10,5,0,,,,0.21056667,0.0,0.0,0.0,649.96
4,11,5,0,,,,0.20838334,0.0,0.0,0.0,739.26
4,12,5,0,,,,0.21123333,0.0,0.0,0.0,764.3
4,13,5,0,,,,0.21283333,0.0,0.0,0.0,629.51
4,14,5,0,,,,0.21501666,0.0,0.0,0.0,337.06
4,15,5,0,,,,0.28591666,0.0,0.0,0.0,144.4
4,16,5,0,,,,0.33566666,0.0,0.0,0.0,89.5
4,17,5,0,,,,1.7533833,0.0,0.0,0.0,68.51
4,18,5,0,,,,2.7600667,0.0,0.0,0.0,103.23
4,19,5,0,,,,1.35775,0.0,0.0,0.0,9.76
4,20,5,0,,,,0.78501666,0.0,0.0,0.0,0.0
4,21,5,0,,,,1.2258834,0.0,0.0,0.0,0.0
4,22,5,0,,,,2.1913667,0.0,0.0,0.0,0.0
4,23,5,0,,,,0.73945,0.0,0.0,0.0,0.0
4,24,5,0,,,,0.357225,0.0,0.0,0.0,0.0
4,1,6,0,,,,0.35806668,0.0,0.0,0.0,0.0
4,2,6,0,,,,0.35861668,0.0,0.0,0.0,0.0
4,3,6,0,,,,0.35498333,0.0,0.0,0.0,0.0
4,4,6,0,,,,0.35316667,0.0,0.0,0.0,0.0
4,5,6,0,,,,0.35205,0.0,0.0,0.0,0.0
4,6,6,0,,,,0.3519,0.0,0.0,0.0,0.0
4,7,6,0,,,,0.35115,0.0,0.0,0.0,46.06
4,8,6,0,,,,0.42876667,0.0,0.0,0.0,24.62
4,9,6,0,,,,1.85495,0.0,0.0,0.0,89.43
4,10,6,0,,,,1.99675,0.0,0.0,0.0,211.65
4,11,6,0,,,,1.4741833,0.0,0.0,0.0,187.7
4,12,6,0,,,,2.0180666,0.0,0.0,0.0,152.87
4,13,6,0,,,,3.2477167,0.0,0.0,0.0,177.38
4,14,6,0,,,,6.3677335,0.0,0.0,0.0,441.59
4,15,6,0,,,,3.3453333,0.0,0.0,0.0,174.55
4,16,6,0,,,,0.96148336,0.0,0.0,0.0,105.58
4,17,6,0,,,,0.7525,0.0,0.0,0.0,37.32
4,18,6,0,,,,0.37466666,0.0,0.0,0.0,7.6
4,19,6,0,,,,0.39723334,0.0,0.0,0.0,0.2
4,20,6,0,,,,0.41158333,0.0,0.0,0.0,0.0
4,21,6,0,,,,2.1685834,0.0,0.0,0.0,0.0
4,22,6,0,,,,2.0622833,0.0,0.0,0.0,0.0
4,23,6,0,,,,2.3563333,0.0,0.0,0.0,0.0
4,24,6,0,,,,0.55825,0.0,0.0,0.0,0.0
4,1,7,0,,,,0.57893336,0.0,0.0,0.0,0.0
4,2,7,0,,,,1.6334333,0.0,0.0,0.0,0.0
4,3,7,0,,,,0.4734,0.0,0.0,0.0,0.0
4,4,7,0,,,,0.47581667,0.0,0.0,0.0,0.0
4,5,7,0,,,,0.4758,0.0,0.0,0.0,0.0
4,6,7,0,,,,0.47205,0.0,0.0,0.0,0.0
4,7,7,0,,,,0.98015,0.0,0.0,0.0,2.07
4,8,7,0,,,,0.6389833,0.0,0.0,0.0,10.11
4,9,7,0,,,,1.8767,0.0,0.0,0.0,45.8
4,10,7,0,,,,1.75845,0.0,0.0,0.0,64.54
4,11,7,0,,,,2.6766667,0.0,0.0,0.0,94.24
4,12,7,0,,,,4.6534333,0.0,0.0,0.0,179.34
4,13,7,0,,,,4.077367,0.0,0.0,0.0,108.64
4,14,7,0,,,,2.47805,0.0,0.0,0.0,89.82
4,15,7,0,,,,2.3458834,0.0,0.0,0.0,76.03
4,16,7,0,,,,1.4925,0.0,0.0,0.0,55.42
4,17,7,0,,,,2.7158833,0.0,0.0,0.0,42.28
4,18,7,0,,,,4.2014165,0.0,0.0,0.0,13.91
4,19,7,0,,,,1.7421666,0.0,0.0,0.0,1.74
4,20,7,0,,,,2.4152834,0.0,0.0,0.0,0.0
4,21,7,0,,,,4.5955667,0.0,0.0,0.0,0.0
4,22,7,0,,,,1.4045,0.0,0.0,0.0,0.0
4,23,7,0,,,,2.26165,0.0,0.0,0.0,0.0
4,24,7,0,,,,0.71124166,0.0,0.0,0.0,0.0
4,1,1,0,,,,0.61328334,0.0,0.0,0.0,0.0
4,2,1,0,,,,0.61145,0.0,0.0,0.0,0.0
4,3,1,0,,,,0.5979,0.0,0.0,0.0,0.0
4,4,1,0,,,,0.5865167,0.0,0.0,0.0,0.0
4,5,1,0,,,,0.6937,0.0,0.0,0.0,0.0
4,6,1,0,,,,1.8658834,0.0,0.0,0.0,0.0
4,7,1,0,,,,0.42431667,0.0,0.0,0.0,5.85
4,8,1,0,,,,0.69208336,0.0,0.0,0.0,32.94
4,9,1,0,,,,0.96423334,0.0,0.0,0.0,122.89
4,10,1,0,,,,0.4217,0.0,0.0,0.0,191.13
4,11,1,0,,,,0.87098336,0.0,0.0,0.0,203.63
4,12,1,0,,,,0.89428335,0.0,0.0,0.0,187.22
4,13,1,0,,,,0.92981666,0.0,0.0,0.0,413.23
4,14,1,0,,,,0.34675,0.0,0.0,0.0,624.65
4,15,1,0,,,,0.34705,0.0,0.0,0.0,448.56
4,16,1,0,,,,1.7041667,0.0,0.0,0.0,218.17
4,17,1,0,,,,4.0244,0.0,0.0,0.0,305.46
4,18,1,0,,,,2.8065667,0.0,0.0,0.0,130.64
4,19,1,0,,,,1.3250166,0.0,0.0,0.0,13.71
4,20,1,0,,,,1.5245833,0.0,0.0,0.0,0.0
4,21,1,0,,,,1.1138166,0.0,0.0,0.0,0.0
4,22,1,0,,,,0.98075,0.0,0.0,0.0,0.0
4,23,1,0,,,,1.2479,0.0,0.0,0.0,0.0
4,24,1,0,,,,3.165,0.0,0.0,0.0,0.0
4,1,2,0,,,,1.6701666,0.0,0.0,0.0,0.0
4,2,2,0,,,,0.37236,0.0,0.0,0.0,0.0
4,3,2,0,,,,0.3682,0.0,0.0,0.0,0.0
4,4,2,0,,,,0.72145,0.0,0.0,0.0,0.0
4,5,2,0,,,,0.90098333,0.0,0.0,0.0,0.0
4,6,2,0,,,,1.5314167,0.0,0.0,0.0,0.0
4,7,2,0,,,,0.80705,0.0,0.0,0.0,54.14
4,8,2,0,,,,0.84205,0.0,0.0,0.0,258.69
4,9,2,0,,,,0.41825,0.0,0.0,0.0,469.81
4,10,2,0,,,,0.26655,0.0,0.0,0.0,612.65
4,11,2,0,,,,0.26383334,0.0,0.0,0.0,696.62
4,12,2,0,,,,0.26625,0.0,0.0,0.0,792.14
4,13,2,0,,,,0.2628,0.0,0.0,0.0,705.66
4,14,2,0,,,,0.264,0.0,0.0,0.0,710.65
4,15,2,0,,,,0.26475,0.0,0.0,0.0,513.5
4,16,2,0,,,,0.41925,0.0,0.0,0.0,541.57
4,17,2,0,,,,0.60961664,0.0,0.0,0.0,314.15
4,18,2,0,,,,0.48113334,0.0,0.0,0.0,90.23
4,19,2,0,,,,0.75658333,0.0,0.0,0.0,16.86
4,20,2,0,,,,3.7202666,0.0,0.0,0.0,0.0
4,21,2,0,,,,2.0233834,0.0,0.0,0.0,0.0
4,22,2,0,,,,0.49455,0.0,0.0,0.0,0.0
4,23,2,0,,,,0.49556667,0.0,0.0,0.0,0.0
4,24,2,0,,,,1.4898666,0.0,0.0,0.0,0.0
4,1,3,0,,,,0.6875833,0.0,0.0,0.0,0.0
4,2,3,0,,,,0.41131666,0.0,0.0,0.0,0.0
4,3,3,0,,,,0.4046,0.0,0.0,0.0,0.0
4,4,3,0,,,,0.4046,0.0,0.0,0.0,0.0
4,5,3,0,,,,0.60653335,0.0,0.0,0.0,0.0
4,6,3,0,,,,1.2545,0.0,0.0,0.0,0.0
4,7,3,0,,,,0.74405,0.0,0.0,0.0,45.29
4,8,3,0,,,,0.7869667,0.0,0.0,0.0,210.53
4,9,3,0,,,,0.516,0.0,0.0,0.0,427.43
4,10,3,0,,,,0.21931666,0.0,0.0,0.0,619.94
4,11,3,0,,,,0.21555,0.0,0.0,0.0,637.07
4,12,3,0,,,,0.22085,0.0,0.0,0.0,137.22
4,13,3,0,,,,0.22078334,0.0,0.0,0.0,54.39
4,14,3,0,,,,0.22198333,0.0,0.0,0.0,342.79
4,15,3,0,,,,0.31006667,0.0,0.0,0.0,121.34
4,16,3,0,,,,0.36988333,0.0,0.0,0.0,49.77
4,17,3,0,,,,1.0773667,0.0,0.0,0.0,238.44
4,18,3,0,,,,0.9518333,0.0,0.0,0.0,124.69
4,19,3,0,,,,1.2627333,0.0,0.0,0.0,17.71
4,20,3,0,,,,1.1817334,0.0,0.0,0.0,0.0
4,21,3,0,,,,3.0923667,0.0,0.0,0.0,0.0
4,22,3,0,,,,2.3694668,0.0,0.0,0.0,0.0
4,23,3,0,,,,0.9557,0.0,0.0,0.0,0.0
4,24,3,0,,,,1.522,0.0,0.0,0.0,0.0
4,1,4,0,,,,0.3867,0.0,0.0,0.0,0.0
4,2,4,0,,,,2.13445,0.0,0.0,0.0,0.0
4,3,4,0,,,,0.53928334,0.0,0.0,0.0,0.0
4,4,4,0,,,,0.3794,0.0,0.0,0.0,0.0
4,5,4,0,,,,0.43548334,0.0,0.0,0.0,0.0
4,6,4,0,,,,1.2973,0.0,0.0,0.0,0.0
4,7,4,0,,,,0.91081667,0.0,0.0,0.0,55.57
4,8,4,0,,,,0.24093333,0.0,0.0,0.0,243.04
4,9,4,0,,,,0.23806667,0.0,0.0,0.0,457.12
4,10,4,0,,,,0.24015,0.0,0.0,0.0,627.13
4,11,4,0,,,,0.24033333,0.0,0.0,0.0,714.44
4,12,4,0,,,,0.24335,0.0,0.0,0.0,798.42
4,13,4,0,,,,0.24418333,0.0,0.0,0.0,634.57
4,14,4,0,,,,0.246,0.0,0.0,0.0,710.63
4,15,4,0,,,,0.74226665,0.0,0.0,0.0,609.81
4,16,4,0,,,,1.37895,0.0,0.0,0.0,545.51
4,17,4,0,,,,3.45525,0.0,0.0,0.0,357.88
4,18,4,0,,,,2.7737,0.0,0.0,0.0,136.42
4,19,4,0,,,,1.9898833,0.0,0.0,0.0,16.85
4,20,4,0,,,,3.5203166,0.0,0.0,0.0,0.0
4,21,4,0,,,,3.8587167,0.0,0.0,0.0,0.0
4,22,4,0,,,,1.0881,0.0,0.0,0.0,0.0
4,23,4,0,,,,0.95165,0.0,0.0,0.0,0.0
4,24,4,0,,,,1.1242167,0.0,0.0,0.0,0.0
4,1,5,0,,,,0.38146666,0.0,0.0,0.0,0.0
4,2,5,0,,,,0.38525,0.0,0.0,0.0,0.0
4,3,5,0,,,,0.37498334,0.0,0.0,0.0,0.0
4,4,5,0,,,,0.37741667,0.0,0.0,0.0,0.0
4,5,5,0,,,,0.6501,0.0,0.0,0.0,0.0
4,6,5,0,,,,2.9684668,0.0,0.0,0.0,0.0
4,7,5,0,,,,0.7730333,0.0,0.0,0.0,53.8
4,8,5,0,,,,0.8132,0.0,0.0,0.0,222.57
4,9,5,0,,,,0.3827,0.0,0.0,0.0,431.21
4,10,5,0,,,,0.22261667,0.0,0.0,0.0,585.89
4,11,5,0,,,,0.22166666,0.0,0.0,0.0,617.86
4,12,5,0,,,,0.22511667,0.0,0.0,0.0,702.76
4,13,5,0,,,,0.21543333,0.0,0.0,0.0,796.32
4,14,5,0,,,,0.18285,0.0,0.0,0.0,741.77
4,15,5,0,,,,0.18571667,0.0,0.0,0.0,585.19
4,16,5,0,,,,0.19073333,0.0,0.0,0.0,533.3
4,17,5,0,,,,0.19436666,0.0,0.0,0.0,212.51
4,18,5,0,,,,1.0322833,0.0,0.0,0.0,145.5
4,19,5,0,,,,3.4181666,0.0,0.0,0.0,16.2
4,20,5,0,,,,3.6820667,0.0,0.0,0.0,0.0
4,21,5,0,,,,2.5398,0.0,0.0,0.0,0.0
4,22,5,0,,,,1.8548,0.0,0.0,0.0,0.0
4,23,5,0,,,,1.5470667,0.0,0.0,0.0,0.0
4,24,5,0,,,,0.430125,0.0,0.0,0.0,0.0
4,1,6,0,,,,0.41465,0.0,0.0,0.0,0.0
4,2,6,0,,,,0.3451,0.0,0.0,0.0,0.0
4,3,6,0,,,,0.33453333,0.0,0.0,0.0,0.0
4,4,6,0,,,,0.33358333,0.0,0.0,0.0,0.0
4,5,6,0,,,,0.33311668,0.0,0.0,0.0,0.0
4,6,6,0,,,,0.34305,0.0,0.0,0.0,0.0
4,7,6,0,,,,0.53976667,0.0,0.0,0.0,61.9
4,8,6,0,,,,0.84835,0.0,0.0,0.0,265.71
4,9,6,0,,,,3.1818333,0.0,0.0,0.0,473.47
4,10,6,0,,,,3.9593167,0.0,0.0,0.0,640.4
4,11,6,0,,,,3.38205,0.0,0.0,0.0,757.94
4,12,6,0,,,,2.4270334,0.0,0.0,0.0,551.44
4,13,6,0,,,,1.6444833,0.0,0.0,0.0,576.68
4,14,6,0,,,,4.0204835,0.0,0.0,0.0,398.5
4,15,6,0,,,,2.0299,0.0,0.0,0.0,618.83
4,16,6,0,,,,3.7472,0.0,0.0,0.0,366.37
4,17,6,0,,,,2.91845,0.0,0.0,0.0,280.53
4,18,6,0,,,,4.6929,0.0,0.0,0.0,122.53
4,19,6,0,,,,3.1853833,0.0,0.0,0.0,16.11
4,20,6,0,,,,4.51675,0.0,0.0,0.0,0.0
4,21,6,0,,,,4.6533666,0.0,0.0,0.0,0.0
4,22,6,0,,,,2.4601,0.0,0.0,0.0,0.0
4,23,6,0,,,,2.0976834,0.0,0.0,0.0,0.0
4,24,6,0,,,,0.48439166,0.0,0.0,0.0,0.0
4,1,7,0,,,,1.4607667,0.0,0.0,0.0,0.0
4,2,7,0,,,,0.49743333,0.0,0.0,0.0,0.0
4,3,7,0,,,,0.4852,0.0,0.0,0.0,0.0
4,4,7,0,,,,0.48688334,0.0,0.0,0.0,0.0
4,5,7,0,,,,0.48615834,0.0,0.0,0.0,0.0
4,6,7,0,,,,0.48696667,0.0,0.0,0.0,0.0
4,7,7,0,,,,0.49821666,0.0,0.0,0.0,55.58
4,8,7,0,,,,0.54496664,0.0,0.0,0.0,217.76
4,9,7,0,,,,0.9715667,0.0,0.0,0.0,394.77
4,10,7,0,,,,3.58055,0.0,0.0,0.0,571.66
4,11,7,0,,,,3.3054,0.0,0.0,0.0,689.41
4,12,7,0,,,,2.6405666,0.0,0.0,0.0,723.52
4,13,7,0,,,,2.2442334,0.0,0.0,0.0,775.8
4,14,7,0,,,,4.6042,0.0,0.0,0.0,617.37
4,15,7,0,,,,4.7161665,0.0,0.0,0.0,394.0
4,16,7,0,,,,2.8902,0.0,0.0,0.0,534.12
4,17,7,0,,,,3.2189667,0.0,0.0,0.0,365.19
4,18,7,0,,,,3.7413166,0.0,0.0,0.0,149.93
4,19,7,0,,,,4.1516,0.0,0.0,0.0,20.35
4,20,7,0,,,,2.4738333,0.0,0.0,0.0,0.0
4,21,7,0,,,,1.8778833,0.0,0.0,0.0,0.0
4,22,7,0,,,,0.9971333,0.0,0.0,0.0,0.0
4,23,7,0,,,,0.51911664,0.0,0.0,0.0,0.0
4,24,7,0,,,,0.7727,0.0,0.0,0.0,0.0
4,1,1,0,,,,1.0989667,0.0,0.0,0.0,0.0
4,2,1,0,,,,0.37621668,0.0,0.0,0.0,0.0
4,3,1,0,,,,0.36873335,0.0,0.0,0.0,0.0
4,4,1,0,,,,0.36728334,0.0,0.0,0.0,0.0
4,5,1,0,,,,0.5053333,0.0,0.0,0.0,0.0
4,6,1,0,,,,1.36425,0.0,0.0,0.0,0.0
4,7,1,0,,,,0.7401,0.0,0.0,0.0,62.34
4,8,1,0,,,,0.6163667,0.0,0.0,0.0,243.11
4,9,1,0,,,,0.19961667,0.0,0.0,0.0,438.35
4,10,1,0,,,,0.19615,0.0,0.0,0.0,600.14
4,11,1,0,,,,0.1964,0.0,0.0,0.0,720.51
4,12,1,0,,,,0.19823334,0.0,0.0,0.0,799.21
4,13,1,0,,,,0.1964,0.0,0.0,0.0,818.9
4,14,1,0,,,,0.1973,0.0,0.0,0.0,786.78
4,15,1,0,,,,0.5821667,0.0,0.0,0.0,709.55
4,16,1,0,,,,1.0223833,0.0,0.0,0.0,565.65
4,17,1,0,,,,2.9361,0.0,0.0,0.0,372.96
4,18,1,0,,,,2.3486,0.0,0.0,0.0,152.64
4,19,1,0,,,,2.4282,0.0,0.0,0.0,23.39
4,20,1,0,,,,3.34665,0.0,0.0,0.0,0.0
4,21,1,0,,,,1.9906,0.0,0.0,0.0,0.0
4,22,1,0,,,,0.95455,0.0,0.0,0.0,0.0
4,23,1,0,,,,0.4811,0.0,0.0,0.0,0.0
4,24,1,0,,,,0.37959167,0.0,0.0,0.0,0.0
4,1,2,0,,,,0.37993333,0.0,0.0,0.0,0.0
4,2,2,0,,,,0.38053334,0.0,0.0,0.0,0.0
4,3,2,0,,,,0.37215,0.0,0.0,0.0,0.0
4,4,2,0,,,,0.3764,0.0,0.0,0.0,0.0
4,5,2,0,,,,0.5905167,0.0,0.0,0.0,0.0
4,6,2,0,,,,1.40075,0.0,0.0,0.0,0.0
4,7,2,0,,,,2.0310166,0.0,0.0,0.0,66.63
4,8,2,0,,,,1.3947166,0.0,0.0,0.0,251.56
4,9,2,0,,,,0.8269,0.0,0.0,0.0,440.94
4,10,2,0,,,,0.5656667,0.0,0.0,0.0,607.11
4,11,2,0,,,,0.49465,0.0,0.0,0.0,707.9
4,12,2,0,,,,0.53246665,0.0,0.0,0.0,788.7
4,13,2,0,,,,0.60003334,0.0,0.0,0.0,805.69
4,14,2,0,,,,0.54831666,0.0,0.0,0.0,684.04
4,15,2,0,,,,0.34448335,0.0,0.0,0.0,702.37
4,16,2,0,,,,1.4315,0.0,0.0,0.0,549.05
4,17,2,0,,,,2.9709666,0.0,0.0,0.0,364.97
4,18,2,0,,,,2.7656333,0.0,0.0,0.0,137.51
4,19,2,0,,,,6.0164833,0.0,0.0,0.0,24.18
4,20,2,0,,,,3.23875,0.0,0.0,0.0,0.0
4,21,2,0,,,,1.5003166,0.0,0.0,0.0,0.0
4,22,2,0,,,,0.99455,0.0,0.0,0.0,0.0
4,23,2,0,,,,0.9798,0.0,0.0,0.0,0.0
4,24,2,0,,,,0.9758667,0.0,0.0,0.0,0.0
4,1,3,0,,,,0.48933333,0.0,0.0,0.0,0.0
4,2,3,0,,,,0.39126667,0.0,0.0,0.0,0.0
4,3,3,0,,,,0.38665,0.0,0.0,0.0,0.0
4,4,3,0,,,,0.383,0.0,0.0,0.0,0.0
4,5,3,0,,,,0.7489167,0.0,0.0,0.0,0.0
4,6,3,0,,,,2.9286666,0.0,0.0,0.0,0.0
4,7,3,0,,,,0.8402167,0.0,0.0,0.0,68.45
4,8,3,0,,,,0.8745667,0.0,0.0,0.0,265.24
4,9,3,0,,,,0.61088336,0.0,0.0,0.0,464.2
4,10,3,0,,,,0.3131,0.0,0.0,0.0,624.23
4,11,3,0,,,,0.31345,0.0,0.0,0.0,747.24
4,12,3,0,,,,0.31488332,0.0,0.0,0.0,816.68
4,13,3,0,,,,0.40525,0.0,0.0,0.0,830.87
4,14,3,0,,,,0.6641,0.0,0.0,0.0,792.12
4,15,3,0,,,,0.962,0.0,0.0,0.0,707.49
4,16,3,0,,,,1.6263666,0.0,0.0,0.0,560.37
4,17,3,0,,,,0.7561333,0.0,0.0,0.0,367.48
4,18,3,0,,,,1.1105,0.0,0.0,0.0,151.51
4,19,3,0,,,,1.7629833,0.0,0.0,0.0,15.77
4,20,3,0,,,,3.7249167,0.0,0.0,0.0,0.0
4,21,3,0,,,,2.3894334,0.0,0.0,0.0,0.0
4,22,3,0,,,,1.7187667,0.0,0.0,0.0,0.0
4,23,3,0,,,,0.95205,0.0,0.0,0.0,0.0
4,24,3,0,,,,0.56368333,0.0,0.0,0.0,0.0
4,1,4,0,,,,0.37646666,0.0,0.0,0.0,0.0
4,2,4,0,,,,0.37828332,0.0,0.0,0.0,0.0
4,3,4,0,,,,0.37195,0.0,0.0,0.0,0.0
4,4,4,0,,,,0.36971667,0.0,0.0,0.0,0.0
4,5,4,0,,,,0.49066666,0.0,0.0,0.0,0.0
4,6,4,0,,,,2.7824,0.0,0.0,0.0,0.18
4,7,4,0,,,,0.92378336,0.0,0.0,0.0,68.85
4,8,4,0,,,,0.44611666,0.0,0.0,0.0,187.68
4,9,4,0,,,,0.29925,0.0,0.0,0.0,391.85
4,10,4,0,,,,0.29663333,0.0,0.0,0.0,191.3
4,11,4,0,,,,0.29698333,0.0,0.0,0.0,533.97
4,12,4,0,,,,0.3006,0.0,0.0,0.0,770.5
4,13,4,0,,,,0.30171666,0.0,0.0,0.0,750.9
4,14,4,0,,,,0.3033,0.0,0.0,0.0,771.53
4,15,4,0,,,,0.30628332,0.0,0.0,0.0,685.49
4,16,4,0,,,,0.55118334,0.0,0.0,0.0,546.97
4,17,4,0,,,,1.4097667,0.0,0.0,0.0,358.43
4,18,4,0,,,,4.8796835,0.0,0.0,0.0,147.95
4,19,4,0,,,,1.3490666,0.0,0.0,0.0,16.6
4,20,4,0,,,,1.8549,0.0,0.0,0.0,0.0
4,21,4,0,,,,3.8775582,0.0,0.0,0.0,0.0
4,22,4,0,,,,2.44055,0.0,0.0,0.0,0.0
4,23,4,0,,,,0.9601667,0.0,0.0,0.0,0.0
4,24,4,0,,,,0.8864667,0.0,0.0,0.0,0.0
4,1,5,0,,,,0.38193333,0.0,0.0,0.0,0.0
4,2,5,0,,,,0.381,0.0,0.0,0.0,0.0
4,3,5,0,,,,0.37583333,0.0,0.0,0.0,0.0
4,4,5,0,,,,0.3958,0.0,0.0,0.0,0.0
4,5,5,0,,,,0.67253333,0.0,0.0,0.0,0.0
4,6,5,0,,,,1.1386334,0.0,0.0,0.0,0.0
4,7,5,0,,,,0.7425167,0.0,0.0,0.0,31.86
4,8,5,0,,,,0.76788336,0.0,0.0,0.0,224.33
4,9,5,0,,,,0.20758334,0.0,0.0,0.0,418.9
4,10,5,0,,,,0.20188333,0.0,0.0,0.0,378.3
4,11,5,0,,,,0.20286667,0.0,0.0,0.0,168.64
4,12,5,0,,,,0.20508334,0.0,0.0,0.0,162.0
4,13,5,0,,,,0.2062,0.0,0.0,0.0,79.62
4,14,5,0,,,,0.20856667,0.0,0.0,0.0,50.36
4,15,5,0,,,,0.27781665,0.0,0.0,0.0,48.82
4,16,5,0,,,,1.7793167,0.0,0.0,0.0,309.75
4,17,5,0,,,,0.86591667,0.0,0.0,0.0,231.84
4,18,5,0,,,,0.92195,0.0,0.0,0.0,144.89
4,19,5,0,,,,0.77416664,0.0,0.0,0.0,8.25
4,20,5,0,,,,3.3512833,0.0,0.0,0.0,0.0
4,21,5,0,,,,2.4016,0.0,0.0,0.0,0.0
4,22,5,0,,,,1.5015833,0.0,0.0,0.0,0.0
4,23,5,0,,,,0.97675,0.0,0.0,0.0,0.0
4,24,5,0,,,,0.70654166,0.0,0.0,0.0,0.0
4,1,6,0,,,,0.36425,0.0,0.0,0.0,0.0
4,2,6,0,,,,0.36368334,0.0,0.0,0.0,0.0
4,3,6,0,,,,0.35675,0.0,0.0,0.0,0.0
4,4,6,0,,,,0.35885,0.0,0.0,0.0,0.0
4,5,6,0,,,,0.40785,0.0,0.0,0.0,0.0
4,6,6,0,,,,0.6964667,0.0,0.0,0.0,0.0
4,7,6,0,,,,0.7597,0.0,0.0,0.0,7.94
4,8,6,0,,,,1.2359166,0.0,0.0,0.0,148.13
4,9,6,0,,,,1.1800667,0.0,0.0,0.0,89.55
4,10,6,0,,,,1.1978166,0.0,0.0,0.0,130.51
4,11,6,0,,,,1.2674333,0.0,0.0,0.0,138.49
4,12,6,0,,,,1.0938333,0.0,0.0,0.0,97.82
4,13,6,0,,,,1.7872334,0.0,0.0,0.0,74.84
4,14,6,0,,,,1.86165,0.0,0.0,0.0,64.71
4,15,6,0,,,,1.0275667,0.0,0.0,0.0,48.41
4,16,6,0,,,,4.9086833,0.0,0.0,0.0,80.36
4,17,6,0,,,,5.3559,0.0,0.0,0.0,87.48
4,18,6,0,,,,6.0937667,0.0,0.0,0.0,38.57
4,19,6,0,,,,5.2342834,0.0,0.0,0.0,1.09
4,20,6,0,,,,2.6449,0.0,0.0,0.0,0.0
4,21,6,0,,,,3.5565166,0.0,0.0,0.0,0.0
4,22,6,0,,,,1.85045,0.0,0.0,0.0,0.0
4,23,6,0,,,,0.70685,0.0,0.0,0.0,0.0
4,24,6,0,,,,0.4497,0.0,0.0,0.0,0.0
4,1,7,0,,,,0.45125,0.0,0.0,0.0,0.0
4,2,7,0,,,,0.45141667,0.0,0.0,0.0,0.0
4,3,7,0,,,,0.43436667,0.0,0.0,0.0,0.0
4,4,7,0,,,,0.43596667,0.0,0.0,0.0,0.0
4,5,7,0,,,,0.436,0.0,0.0,0.0,0.0
4,6,7,0,,,,0.43071666,0.0,0.0,0.0,0.0
4,7,7,0,,,,1.73285,0.0,0.0,0.0,4.68
4,8,7,0,,,,1.3031,0.0,0.0,0.0,15.41
4,9,7,0,,,,2.6030333,0.0,0.0,0.0,67.06
4,10,7,0,,,,2.6833334,0.0,0.0,0.0,72.46
4,11,7,0,,,,3.0022,0.0,0.0,0.0,129.81
4,12,7,0,,,,3.5847166,0.0,0.0,0.0,162.93
4,13,7,0,,,,3.5443,0.0,0.0,0.0,121.98
4,14,7,0,,,,3.08385,0.0,0.0,0.0,82.2
4,15,7,0,,,,3.2951,0.0,0.0,0.0,84.43
4,16,7,0,,,,3.2203667,0.0,0.0,0.0,72.46
4,17,7,0,,,,2.48145,0.0,0.0,0.0,63.01
4,18,7,0,,,,3.9167333,0.0,0.0,0.0,63.61
4,19,7,0,,,,2.39425,0.0,0.0,0.0,22.62
4,20,7,0,,,,2.63205,0.0,0.0,0.0,0.0
4,21,7,0,,,,1.3877333,0.0,0.0,0.0,0.0
4,22,7,0,,,,2.3461168,0.0,0.0,0.0,0.0
4,23,7,0,,,,0.89856666,0.0,0.0,0.0,0.0
4,24,7,0,,,,0.425925,0.0,0.0,0.0,0.0
5,1,1,0,,,,1.0869833,0.0,0.0,0.0,0.0
5,2,1,0,,,,1.5977167,0.0,0.0,0.0,0.0
5,3,1,0,,,,0.41388333,0.0,0.0,0.0,0.0
5,4,1,0,,,,0.41301668,0.0,0.0,0.0,0.0
5,5,1,0,,,,2.5466332,0.0,0.0,0.0,0.0
5,6,1,0,,,,0.51636666,0.0,0.0,0.0,0.0
5,7,1,0,,,,0.2973,0.0,0.0,0.0,5.26
5,8,1,0,,,,1.3714167,0.0,0.0,0.0,14.79
5,9,1,0,,,,0.71653336,0.0,0.0,0.0,29.15
5,10,1,0,,,,0.66978335,0.0,0.0,0.0,55.34
5,11,1,0,,,,0.40661666,0.0,0.0,0.0,90.68
5,12,1,0,,,,0.7098333,0.0,0.0,0.0,106.93
5,13,1,0,,,,0.80075,0.0,0.0,0.0,50.13
5,14,1,0,,,,0.79145,0.0,0.0,0.0,68.85
5,15,1,0,,,,0.88668334,0.0,0.0,0.0,63.79
5,16,1,0,,,,0.45313334,0.0,0.0,0.0,54.97
5,17,1,0,,,,0.9818,0.0,0.0,0.0,50.15
5,18,1,0,,,,1.7578833,0.0,0.0,0.0,29.04
5,19,1,0,,,,3.2551334,0.0,0.0,0.0,23.81
5,20,1,0,,,,2.0520666,0.0,0.0,0.0,0.0
5,21,1,0,,,,3.9136834,0.0,0.0,0.0,0.0
5,22,1,0,,,,3.95275,0.0,0.0,0.0,0.0
5,23,1,0,,,,1.5004333,0.0,0.0,0.0,0.0
5,24,1,0,,,,1.4244167,0.0,0.0,0.0,0.0
5,1,2,0,,,,0.9263,0.0,0.0,0.0,0.0
5,2,2,0,,,,1.02355,0.0,0.0,0.0,0.0
5,3,2,0,,,,0.3707,0.0,0.0,0.0,0.0
5,4,2,0,,,,0.37586668,0.0,0.0,0.0,0.0
5,5,2,0,,,,1.2431,0.0,0.0,0.0,0.0
5,6,2,0,,,,1.6392833,0.0,0.0,0.0,0.0
5,7,2,0,,,,0.7443333,0.0,0.0,0.0,8.81
5,8,2,0,,,,0.3607,0.0,0.0,0.0,23.8
5,9,2,0,,,,0.20096667,0.0,0.0,0.0,69.33
5,10,2,0,,,,0.19648333,0.0,0.0,0.0,347.18
5,11,2,0,,,,0.1986,0.0,0.0,0.0,208.88
5,12,2,0,,,,0.19778334,0.0,0.0,0.0,678.8
5,13,2,0,,,,0.18315,0.0,0.0,0.0,858.65
5,14,2,0,,,,0.15651667,0.0,0.0,0.0,807.12
5,15,2,0,,,,0.9550667,0.0,0.0,0.0,669.32
5,16,2,0,,,,1.10165,0.0,0.0,0.0,403.2
5,17,2,0,,,,4.1592336,0.0,0.0,0.0,231.07
5,18,2,0,,,,4.7619667,0.0,0.0,0.0,155.38
5,19,2,0,,,,4.329,0.0,0.0,0.0,31.72
5,20,2,0,,,,3.58105,0.0,0.0,0.0,0.0
5,21,2,0,,,,6.3230834,0.0,0.0,0.0,0.0
5,22,2,0,,,,2.4519835,0.0,0.0,0.0,0.0
5,23,2,0,,,,2.2203333,0.0,0.0,0.0,0.0
5,24,2,0,,,,0.70598334,0.0,0.0,0.0,0.0
5,1,3,0,,,,0.78788334,0.0,0.0,0.0,0.0
5,2,3,0,,,,1.1224333,0.0,0.0,0.0,0.0
5,3,3,0,,,,0.54101664,0.0,0.0,0.0,0.0
5,4,3,0,,,,1.7897834,0.0,0.0,0.0,0.0
5,5,3,0,,,,1.0982167,0.0,0.0,0.0,0.0
5,6,3,0,,,,1.266,0.0,0.0,0.0,1.32
5,7,3,0,,,,0.85011667,0.0,0.0,0.0,77.38
5,8,3,0,,,,0.20388333,0.0,0.0,0.0,273.11
5,9,3,0,,,,0.20375,0.0,0.0,0.0,487.09
5,10,3,0,,,,0.19963333,0.0,0.0,0.0,638.27
5,11,3,0,,,,0.20025,0.0,0.0,0.0,753.5
5,12,3,0,,,,0.20066667,0.0,0.0,0.0,773.6
5,13,3,0,,,,0.4389,0.0,0.0,0.0,357.39
5,14,3,0,,,,4.086517,0.0,0.0,0.0,95.51
5,15,3,0,,,,4.1119666,0.0,0.0,0.0,700.64
5,16,3,0,,,,4.0455,0.0,0.0,0.0,474.4
5,17,3,0,,,,3.7850332,0.0,0.0,0.0,236.6
5,18,3,0,,,,3.59545,0.0,0.0,0.0,17.72
5,19,3,0,,,,1.2387,0.0,0.0,0.0,29.71
5,20,3,0,,,,2.2128334,0.0,0.0,0.0,0.0
5,21,3,0,,,,1.7498167,0.0,0.0,0.0,0.0
5,22,3,0,,,,1.9091166,0.0,0.0,0.0,0.0
5,23,3,0,,,,1.3224666,0.0,0.0,0.0,0.0
5,24,3,0,,,,0.7608167,0.0,0.0,0.0,0.0
5,1,4,0,,,,0.85891664,0.0,0.0,0.0,0.0
5,2,4,0,,,,0.58045,0.0,0.0,0.0,0.0
5,3,4,0,,,,0.9468167,0.0,0.0,0.0,0.0
5,4,4,0,,,,0.37621668,0.0,0.0,0.0,0.0
5,5,4,0,,,,0.7634,0.0,0.0,0.0,0.0
5,6,4,0,,,,1.4266833,0.0,0.0,0.0,0.0
5,7,4,0,,,,0.65415,0.0,0.0,0.0,5.72
5,8,4,0,,,,0.20155,0.0,0.0,0.0,189.18
5,9,4,0,,,,0.2049,0.0,0.0,0.0,326.75
5,10,4,0,,,,0.19758333,0.0,0.0,0.0,123.92
5,11,4,0,,,,0.19838333,0.0,0.0,0.0,255.0
5,12,4,0,,,,0.20176667,0.0,0.0,0.0,550.54
5,13,4,0,,,,0.17268333,0.0,0.0,0.0,123.52
5,14,4,0,,,,0.15961666,0.0,0.0,0.0,257.4
5,15,4,0,,,,0.79261667,0.0,0.0,0.0,455.87
5,16,4,0,,,,4.5156,0.0,0.0,0.0,510.6
5,17,4,0,,,,4.1141667,0.0,0.0,0.0,327.89
5,18,4,0,,,,4.8174667,0.0,0.0,0.0,155.33
5,19,4,0,,,,3.4966667,0.0,0.0,0.0,25.17
5,20,4,0,,,,3.6194167,0.0,0.0,0.0,0.0
5,21,4,0,,,,3.93115,0.0,0.0,0.0,0.0
5,22,4,0,,,,0.8749833,0.0,0.0,0.0,0.0
5,23,4,0,,,,0.37535,0.0,0.0,0.0,0.0
5,24,4,0,,,,2.1402333,0.0,0.0,0.0,0.0
5,1,5,0,,,,0.36268333,0.0,0.0,0.0,0.0
5,2,5,0,,,,0.37315,0.0,0.0,0.0,0.0
5,3,5,0,,,,0.36751667,0.0,0.0,0.0,0.0
5,4,5,0,,,,0.36563334,0.0,0.0,0.0,0.0
5,5,5,0,,,,0.47623333,0.0,0.0,0.0,0.0
5,6,5,0,,,,1.7849,0.0,0.0,0.0,0.0
5,7,5,0,,,,2.1555834,0.0,0.0,0.0,43.32
5,8,5,0,,,,1.1305,0.0,0.0,0.0,161.28
5,9,5,0,,,,0.83456665,0.0,0.0,0.0,452.88
5,10,5,0,,,,0.81883335,0.0,0.0,0.0,403.67
5,11,5,0,,,,1.9245833,0.0,0.0,0.0,494.86
5,12,5,0,,,,1.8153666,0.0,0.0,0.0,606.92
5,13,5,0,,,,1.17015,0.0,0.0,0.0,774.57
5,14,5,0,,,,3.9230165,0.0,0.0,0.0,519.66
5,15,5,0,,,,1.4228166,0.0,0.0,0.0,355.41
5,16,5,0,,,,3.8552084,0.0,0.0,0.0,365.91
5,17,5,0,,,,1.7108166,0.0,0.0,0.0,208.7
5,18,5,0,,,,3.6626167,0.0,0.0,0.0,99.21
5,19,5,0,,,,2.12735,0.0,0.0,0.0,7.69
5,20,5,0,,,,2.61565,0.0,0.0,0.0,0.0
5,21,5,0,,,,2.3012834,0.0,0.0,0.0,0.0
5,22,5,0,,,,1.09785,0.0,0.0,0.0,0.0
5,23,5,0,,,,1.1478,0.0,0.0,0.0,0.0
5,24,5,0,,,,0.36354166,0.0,0.0,0.0,0.0
5,1,6,0,,,,1.2637833,0.0,0.0,0.0,0.0
5,2,6,0,,,,0.3688,0.0,0.0,0.0,0.0
5,3,6,0,,,,0.3634,0.0,0.0,0.0,0.0
5,4,6,0,,,,0.363,0.0,0.0,0.0,0.0
5,5,6,0,,,,0.39986667,0.0,0.0,0.0,0.0
5,6,6,0,,,,0.6613333,0.0,0.0,0.0,14.89
5,7,6,0,,,,1.1210667,0.0,0.0,0.0,5.58
5,8,6,0,,,,1.2596166,0.0,0.0,0.0,18.87
5,9,6,0,,,,1.2756,0.0,0.0,0.0,127.92
5,10,6,0,,,,1.2131,0.0,0.0,0.0,100.1
5,11,6,0,,,,1.2914667,0.0,0.0,0.0,164.01
5,12,6,0,,,,1.421625,0.0,0.0,0.0,117.81
5,13,6,0,,,,1.2916334,0.0,0.0,0.0,209.18
5,14,6,0,,,,2.8733168,0.0,0.0,0.0,55.07
5,15,6,0,,,,2.33875,0.0,0.0,0.0,43.67
5,16,6,0,,,,2.4983332,0.0,0.0,0.0,60.71
5,17,6,0,,,,1.3102,0.0,0.0,0.0,133.54
5,18,6,0,,,,1.3398334,0.0,0.0,0.0,29.59
5,19,6,0,,,,3.6742167,0.0,0.0,0.0,33.85
5,20,6,0,,,,3.6837168,0.0,0.0,0.0,0.0
5,21,6,0,,,,1.2505417,0.0,0.0,0.0,0.0
5,22,6,0,,,,1.0629667,0.0,0.0,0.0,0.0
5,23,6,0,,,,0.74763334,0.0,0.0,0.0,0.0
5,24,6,0,,,,0.38673332,0.0,0.0,0.0,0.0
5,1,7,0,,,,0.39068332,0.0,0.0,0.0,0.0
5,2,7,0,,,,0.3925,0.0,0.0,0.0,0.0
5,3,7,0,,,,0.3906,0.0,0.0,0.0,0.0
5,4,7,0,,,,0.37888333,0.0,0.0,0.0,0.0
5,5,7,0,,,,0.37705,0.0,0.0,0.0,0.0
5,6,7,0,,,,1.1037,0.0,0.0,0.0,0.0
5,7,7,0,,,,1.0933833,0.0,0.0,0.0,23.14
5,8,7,0,,,,0.71405,0.0,0.0,0.0,150.5
5,9,7,0,,,,1.1803,0.0,0.0,0.0,290.96
5,10,7,0,,,,2.0328333,0.0,0.0,0.0,300.74
5,11,7,0,,,,1.4178166,0.0,0.0,0.0,183.25
5,12,7,0,,,,1.0756167,0.0,0.0,0.0,264.42
5,13,7,0,,,,2.0151,0.0,0.0,0.0,487.87
5,14,7,0,,,,3.0510666,0.0,0.0,0.0,638.37
5,15,7,0,,,,2.8839166,0.0,0.0,0.0,53.98
5,16,7,0,,,,2.1334,0.0,0.0,0.0,122.5
5,17,7,0,,,,2.0743833,0.0,0.0,0.0,116.59
5,18,7,0,,,,1.2824167,0.0,0.0,0.0,15.96
5,19,7,0,,,,4.16065,0.0,0.0,0.0,37.89
5,20,7,0,,,,3.9889834,0.0,0.0,0.0,0.0
5,21,7,0,,,,1.605,0.0,0.0,0.0,0.0
5,22,7,0,,,,1.5324167,0.0,0.0,0.0,0.0
5,23,7,0,,,,1.33785,0.0,0.0,0.0,0.0
5,24,7,0,,,,0.6266,0.0,0.0,0.0,0.0
5,1,1,0,,,,0.60286665,0.0,0.0,0.0,0.0
5,2,1,0,,,,0.5973167,0.0,0.0,0.0,0.0
5,3,1,0,,,,0.5890167,0.0,0.0,0.0,0.0
5,4,1,0,,,,0.58711666,0.0,0.0,0.0,0.0
5,5,1,0,,,,1.616,0.0,0.0,0.0,0.0
5,6,1,0,,,,1.7420583,0.0,0.0,0.0,0.0
5,7,1,0,,,,0.9237,0.0,0.0,0.0,6.34
5,8,1,0,,,,0.9677333,0.0,0.0,0.0,78.7
5,9,1,0,,,,0.7188,0.0,0.0,0.0,67.47
5,10,1,0,,,,0.43936667,0.0,0.0,0.0,95.75
5,11,1,0,,,,0.43273333,0.0,0.0,0.0,135.55
5,12,1,0,,,,0.43676665,0.0,0.0,0.0,136.02
5,13,1,0,,,,0.43916667,0.0,0.0,0.0,90.22
5,14,1,0,,,,0.44216666,0.0,0.0,0.0,104.55
5,15,1,0,,,,1.3033167,0.0,0.0,0.0,79.64
5,16,1,0,,,,1.8665167,0.0,0.0,0.0,61.39
5,17,1,0,,,,3.6098666,0.0,0.0,0.0,40.53
5,18,1,0,,,,2.3022,0.0,0.0,0.0,37.53
5,19,1,0,,,,1.5026333,0.0,0.0,0.0,22.83
5,20,1,0,,,,3.8698168,0.0,0.0,0.0,0.0
5,21,1,0,,,,2.3582833,0.0,0.0,0.0,0.0
5,22,1,0,,,,0.93361664,0.0,0.0,0.0,0.0
5,23,1,0,,,,0.3857,0.0,0.0,0.0,0.0
5,24,1,0,,,,0.38099167,0.0,0.0,0.0,0.0
5,1,2,0,,,,0.37545,0.0,0.0,0.0,0.0
5,2,2,0,,,,0.37566668,0.0,0.0,0.0,0.0
5,3,2,0,,,,0.36725,0.0,0.0,0.0,0.0
5,4,2,0,,,,0.43518335,0.0,0.0,0.0,0.0
5,5,2,0,,,,0.7148167,0.0,0.0,0.0,0.0
5,6,2,0,,,,1.4350834,0.0,0.0,0.0,0.0
5,7,2,0,,,,0.55756664,0.0,0.0,0.0,6.36
5,8,2,0,,,,0.20935,0.0,0.0,0.0,17.99
5,9,2,0,,,,0.21123333,0.0,0.0,0.0,67.68
5,10,2,0,,,,0.20963334,0.0,0.0,0.0,107.36
5,11,2,0,,,,0.2039,0.0,0.0,0.0,163.04
5,12,2,0,,,,0.20646666,0.0,0.0,0.0,143.55
5,13,2,0,,,,0.20665,0.0,0.0,0.0,103.37
5,14,2,0,,,,0.20978333,0.0,0.0,0.0,107.82
5,15,2,0,,,,1.74025,0.0,0.0,0.0,77.62
5,16,2,0,,,,0.9504167,0.0,0.0,0.0,72.12
5,17,2,0,,,,1.4133834,0.0,0.0,0.0,41.35
5,18,2,0,,,,2.0961168,0.0,0.0,0.0,36.87
5,19,2,0,,,,3.41345,0.0,0.0,0.0,27.35
5,20,2,0,,,,1.2171333,0.0,0.0,0.0,0.0
5,21,2,0,,,,1.0322,0.0,0.0,0.0,0.0
5,22,2,0,,,,0.9266833,0.0,0.0,0.0,0.0
5,23,2,0,,,,0.97115,0.0,0.0,0.0,0.0
5,24,2,0,,,,0.5225667,0.0,0.0,0.0,0.0
5,1,3,0,,,,0.3654889,0.0,0.0,0.0,0.0
5,2,3,0,,,,0.37218332,0.0,0.0,0.0,0.0
5,3,3,0,,,,0.36521667,0.0,0.0,0.0,0.0
5,4,3,0,,,,0.36311665,0.0,0.0,0.0,0.0
5,5,3,0,,,,0.55483335,0.0,0.0,0.0,0.0
5,6,3,0,,,,1.4548833,0.0,0.0,0.0,0.0
5,7,3,0,,,,0.78675,0.0,0.0,0.0,93.02
5,8,3,0,,,,0.64058334,0.0,0.0,0.0,283.84
5,9,3,0,,,,0.24375,0.0,0.0,0.0,483.32
5,10,3,0,,,,0.24041666,0.0,0.0,0.0,642.27
5,11,3,0,,,,0.24321666,0.0,0.0,0.0,694.36
5,12,3,0,,,,0.24691667,0.0,0.0,0.0,299.5
5,13,3,0,,,,0.2397,0.0,0.0,0.0,342.95
5,14,3,0,,,,0.2228,0.0,0.0,0.0,343.73
5,15,3,0,,,,1.0894834,0.0,0.0,0.0,137.66
5,16,3,0,,,,1.8324667,0.0,0.0,0.0,185.44
5,17,3,0,,,,1.7319666,0.0,0.0,0.0,133.9
5,18,3,0,,,,2.6148334,0.0,0.0,0.0,47.73
5,19,3,0,,,,1.3464833,0.0,0.0,0.0,24.34
5,20,3,0,,,,1.4739166,0.0,0.0,0.0,0.0
5,21,3,0,,,,1.0343167,0.0,0.0,0.0,0.0
5,22,3,0,,,,0.6093,0.0,0.0,0.0,0.0
5,23,3,0,,,,0.43091667,0.0,0.0,0.0,0.0
5,24,3,0,,,,0.43481666,0.0,0.0,0.0,0.0
5,1,4,0,,,,0.40318334,0.0,0.0,0.0,0.0
5,2,4,0,,,,0.3587,0.0,0.0,0.0,0.0
5,3,4,0,,,,0.35095,0.0,0.0,0.0,0.0
5,4,4,0,,,,0.34868333,0.0,0.0,0.0,0.0
5,5,4,0,,,,0.48608333,0.0,0.0,0.0,0.0
5,6,4,0,,,,1.3501834,0.0,0.0,0.0,1.74
5,7,4,0,,,,0.7725833,0.0,0.0,0.0,43.5
5,8,4,0,,,,0.5618,0.0,0.0,0.0,240.11
5,9,4,0,,,,0.22461666,0.0,0.0,0.0,469.37
5,10,4,0,,,,0.22295,0.0,0.0,0.0,612.91
5,11,4,0,,,,0.22418334,0.0,0.0,0.0,541.82
5,12,4,0,,,,0.2277,0.0,0.0,0.0,389.34
5,13,4,0,,,,0.22898333,0.0,0.0,0.0,275.55
5,14,4,0,,,,0.23068333,0.0,0.0,0.0,74.33
5,15,4,0,,,,0.5334833,0.0,0.0,0.0,565.39
5,16,4,0,,,,0.6688333,0.0,0.0,0.0,429.88
5,17,4,0,,,,4.5690165,0.0,0.0,0.0,295.44
5,18,4,0,,,,4.7355833,0.0,0.0,0.0,152.96
5,19,4,0,,,,3.0317833,0.0,0.0,0.0,42.25
5,20,4,0,,,,5.576717,0.0,0.0,0.0,0.0
5,21,4,0,,,,1.1975666,0.0,0.0,0.0,0.0
5,22,4,0,,,,1.76095,0.0,0.0,0.0,0.0
5,23,4,0,,,,0.77491665,0.0,0.0,0.0,0.0
5,24,4,0,,,,0.39029166,0.0,0.0,0.0,0.0
5,1,5,0,,,,0.39025,0.0,0.0,0.0,0.0
5,2,5,0,,,,0.39066666,0.0,0.0,0.0,0.0
5,3,5,0,,,,1.5421166,0.0,0.0,0.0,0.0
5,4,5,0,,,,0.38288334,0.0,0.0,0.0,0.0
5,5,5,0,,,,0.4565,0.0,0.0,0.0,0.0
5,6,5,0,,,,2.03375,0.0,0.0,0.0,3.62
5,7,5,0,,,,0.83969164,0.0,0.0,0.0,87.53
5,8,5,0,,,,0.21118334,0.0,0.0,0.0,212.9
5,9,5,0,,,,0.2121,0.0,0.0,0.0,472.59
5,10,5,0,,,,0.21095,0.0,0.0,0.0,617.94
5,11,5,0,,,,0.21213333,0.0,0.0,0.0,676.39
5,12,5,0,,,,0.21573333,0.0,0.0,0.0,495.09
5,13,5,0,,,,0.21496667,0.0,0.0,0.0,392.98
5,14,5,0,,,,0.21740277,0.0,0.0,0.0,539.92
5,15,5,0,,,,0.22303334,0.0,0.0,0.0,544.25
5,16,5,0,,,,0.24876666,0.0,0.0,0.0,295.79
5,17,5,0,,,,0.25413334,0.0,0.0,0.0,344.78
5,18,5,0,,,,0.40591666,0.0,0.0,0.0,165.75
5,19,5,0,,,,4.173033,0.0,0.0,0.0,36.73
5,20,5,0,,,,6.682317,0.0,0.0,0.0,0.0
5,21,5,0,,,,2.8134,0.0,0.0,0.0,0.0
5,22,5,0,,,,1.3642167,0.0,0.0,0.0,0.0
5,23,5,0,,,,0.73555,0.0,0.0,0.0,0.0
5,24,5,0,,,,0.70874166,0.0,0.0,0.0,0.0
5,1,6,0,,,,0.70783335,0.0,0.0,0.0,0.0
5,2,6,0,,,,0.71345,0.0,0.0,0.0,0.0
5,3,6,0,,,,0.6935167,0.0,0.0,0.0,0.0
5,4,6,0,,,,0.69075,0.0,0.0,0.0,0.0
5,5,6,0,,,,0.6949,0.0,0.0,0.0,0.0
5,6,6,0,,,,0.7576,0.0,0.0,0.0,0.18
5,7,6,0,,,,1.59505,0.0,0.0,0.0,92.28
5,8,6,0,,,,1.2077167,0.0,0.0,0.0,264.42
5,9,6,0,,,,1.2236167,0.0,0.0,0.0,416.17
5,10,6,0,,,,1.4806167,0.0,0.0,0.0,564.61
5,11,6,0,,,,1.07645,0.0,0.0,0.0,664.75
5,12,6,0,,,,2.33965,0.0,0.0,0.0,471.08
5,13,6,0,,,,1.88265,0.0,0.0,0.0,652.31
5,14,6,0,,,,2.3812332,0.0,0.0,0.0,323.02
5,15,6,0,,,,1.5517666,0.0,0.0,0.0,485.83
5,16,6,0,,,,1.5279833,0.0,0.0,0.0,329.28
5,17,6,0,,,,1.5105667,0.0,0.0,0.0,214.66
5,18,6,0,,,,1.45555,0.0,0.0,0.0,77.38
5,19,6,0,,,,4.0312,0.0,0.0,0.0,5.39
5,20,6,0,,,,2.73765,0.0,0.0,0.0,0.0
5,21,6,0,,,,4.3975887,0.0,0.0,0.0,0.0
5,22,6,0,,,,1.8629667,0.0,0.0,0.0,0.0
5,23,6,0,,,,2.3971334,0.0,0.0,0.0,0.0
5,24,6,0,,,,1.1495833,0.0,0.0,0.0,0.0
5,1,7,0,,,,0.8711333,0.0,0.0,0.0,0.0
5,2,7,0,,,,0.56551665,0.0,0.0,0.0,0.0
5,3,7,0,,,,0.55633336,0.0,0.0,0.0,0.0
5,4,7,0,,,,0.55471665,0.0,0.0,0.0,0.0
5,5,7,0,,,,0.55655,0.0,0.0,0.0,0.0
5,6,7,0,,,,0.5548,0.0,0.0,0.0,0.51
5,7,7,0,,,,0.55216664,0.0,0.0,0.0,7.3
5,8,7,0,,,,2.1893833,0.0,0.0,0.0,37.84
5,9,7,0,,,,2.4575667,0.0,0.0,0.0,162.29
5,10,7,0,,,,2.8521166,0.0,0.0,0.0,401.91
5,11,7,0,,,,3.1687834,0.0,0.0,0.0,556.47
5,12,7,0,,,,4.3331833,0.0,0.0,0.0,790.03
5,13,7,0,,,,3.26435,0.0,0.0,0.0,704.15
5,14,7,0,,,,2.9344666,0.0,0.0,0.0,474.46
5,15,7,0,,,,1.7979167,0.0,0.0,0.0,340.23
5,16,7,0,,,,1.4996834,0.0,0.0,0.0,237.46
5,17,7,0,,,,1.2067167,0.0,0.0,0.0,366.75
5,18,7,0,,,,3.6309166,0.0,0.0,0.0,101.29
5,19,7,0,,,,2.3124332,0.0,0.0,0.0,39.57
5,20,7,0,,,,4.9602833,0.0,0.0,0.0,0.0
5,21,7,0,,,,3.2334833,0.0,0.0,0.0,0.0
5,22,7,0,,,,1.3027,0.0,0.0,0.0,0.0
5,23,7,0,,,,2.0650334,0.0,0.0,0.0,0.0
5,24,7,0,,,,0.55424166,0.0,0.0,0.0,0.0
5,1,1,0,,,,0.5596667,0.0,0.0,0.0,0.0
5,2,1,0,,,,0.56521666,0.0,0.0,0.0,0.0
5,3,1,0,,,,0.5609667,0.0,0.0,0.0,0.0
5,4,1,0,,,,0.5614833,0.0,0.0,0.0,0.0
5,5,1,0,,,,1.0935333,0.0,0.0,0.0,0.0
5,6,1,0,,,,1.0532334,0.0,0.0,0.0,0.17
5,7,1,0,,,,1.0625,0.0,0.0,0.0,60.97
5,8,1,0,,,,0.7672167,0.0,0.0,0.0,114.59
5,9,1,0,,,,0.5104,0.0,0.0,0.0,288.78
5,10,1,0,,,,0.683,0.0,0.0,0.0,579.76
5,11,1,0,,,,0.43026668,0.0,0.0,0.0,541.52
5,12,1,0,,,,0.74471664,0.0,0.0,0.0,583.22
5,13,1,0,,,,0.88206667,0.0,0.0,0.0,643.37
5,14,1,0,,,,0.33803332,0.0,0.0,0.0,506.28
5,15,1,0,,,,0.76121664,0.0,0.0,0.0,209.97
5,16,1,0,,,,1.5461667,0.0,0.0,0.0,65.63
5,17,1,0,,,,1.4717333,0.0,0.0,0.0,211.68
5,18,1,0,,,,1.2802167,0.0,0.0,0.0,156.93
5,19,1,0,,,,1.1237,0.0,0.0,0.0,44.0
5,20,1,0,,,,1.0952333,0.0,0.0,0.0,0.0
5,21,1,0,,,,1.3845834,0.0,0.0,0.0,0.0
5,22,1,0,,,,1.1964,0.0,0.0,0.0,0.0
5,23,1,0,,,,0.8735167,0.0,0.0,0.0,0.0
5,24,1,0,,,,0.59651667,0.0,0.0,0.0,0.0
5,1,2,0,,,,0.58568335,0.0,0.0,0.0,0.0
5,2,2,0,,,,0.58591664,0.0,0.0,0.0,0.0
5,3,2,0,,,,0.58416665,0.0,0.0,0.0,0.0
5,4,2,0,,,,0.58351666,0.0,0.0,0.0,0.0
5,5,2,0,,,,3.55745,0.0,0.0,0.0,0.0
5,6,2,0,,,,1.5688,0.0,0.0,0.0,14.18
5,7,2,0,,,,0.7754,0.0,0.0,0.0,32.87
5,8,2,0,,,,0.81271666,0.0,0.0,0.0,163.26
5,9,2,0,,,,0.67866665,0.0,0.0,0.0,109.8
5,10,2,0,,,,0.25796667,0.0,0.0,0.0,382.5
5,11,2,0,,,,0.25955,0.0,0.0,0.0,610.85
5,12,2,0,,,,0.2606,0.0,0.0,0.0,450.24
5,13,2,0,,,,0.26263332,0.0,0.0,0.0,670.81
5,14,2,0,,,,0.26031667,0.0,0.0,0.0,506.68
5,15,2,0,,,,0.61648333,0.0,0.0,0.0,401.53
5,16,2,0,,,,1.5154333,0.0,0.0,0.0,239.49
5,17,2,0,,,,2.1005332,0.0,0.0,0.0,185.01
5,18,2,0,,,,1.5624334,0.0,0.0,0.0,100.48
5,19,2,0,,,,1.1081,0.0,0.0,0.0,41.49
5,20,2,0,,,,0.88161665,0.0,0.0,0.0,0.0
5,21,2,0,,,,0.71933335,0.0,0.0,0.0,0.0
5,22,2,0,,,,0.6587333,0.0,0.0,0.0,0.0
5,23,2,0,,,,0.6502333,0.0,0.0,0.0,0.0
5,24,2,0,,,,1.2161666,0.0,0.0,0.0,0.0
5,1,3,0,,,,1.4165,0.0,0.0,0.0,0.0
5,2,3,0,,,,0.67863333,0.0,0.0,0.0,0.0
5,3,3,0,,,,1.0872166,0.0,0.0,0.0,0.0
5,4,3,0,,,,1.2003833,0.0,0.0,0.0,0.0
5,5,3,0,,,,0.9224167,0.0,0.0,0.0,0.0
5,6,3,0,,,,1.2286667,0.0,0.0,0.0,4.42
5,7,3,0,,,,0.7381,0.0,0.0,0.0,97.81
5,8,3,0,,,,0.8389,0.0,0.0,0.0,33.98
5,9,3,0,,,,0.22498333,0.0,0.0,0.0,270.18
5,10,3,0,,,,0.22306667,0.0,0.0,0.0,617.08
5,11,3,0,,,,0.22518334,0.0,0.0,0.0,652.77
5,12,3,0,,,,0.2237,0.0,0.0,0.0,773.43
5,13,3,0,,,,0.22526667,0.0,0.0,0.0,764.08
5,14,3,0,,,,2.2418833,0.0,0.0,0.0,478.25
5,15,3,0,,,,1.9322166,0.0,0.0,0.0,456.29
5,16,3,0,,,,0.87005,0.0,0.0,0.0,325.95
5,17,3,0,,,,1.34665,0.0,0.0,0.0,298.36
5,18,3,0,,,,1.8837667,0.0,0.0,0.0,154.02
5,19,3,0,,,,3.7300167,0.0,0.0,0.0,46.0
5,20,3,0,,,,2.0141332,0.0,0.0,0.0,0.12
5,21,3,0,,,,1.0575334,0.0,0.0,0.0,0.0
5,22,3,0,,,,0.883,0.0,0.0,0.0,0.0
5,23,3,0,,,,0.46145,0.0,0.0,0.0,0.0
5,24,3,0,,,,0.39528334,0.0,0.0,0.0,0.0
5,1,4,0,,,,0.38046667,0.0,0.0,0.0,0.0
5,2,4,0,,,,0.38193333,0.0,0.0,0.0,0.0
5,3,4,0,,,,0.3778,0.0,0.0,0.0,0.0
5,4,4,0,,,,0.37651667,0.0,0.0,0.0,0.0
5,5,4,0,,,,0.6197,0.0,0.0,0.0,0.0
5,6,4,0,,,,1.4359,0.0,0.0,0.0,0.49
5,7,4,0,,,,0.8904833,0.0,0.0,0.0,98.23
5,8,4,0,,,,0.20843333,0.0,0.0,0.0,217.68
5,9,4,0,,,,0.2096,0.0,0.0,0.0,415.35
5,10,4,0,,,,0.20685,0.0,0.0,0.0,506.83
5,11,4,0,,,,0.20751667,0.0,0.0,0.0,643.8
5,12,4,0,,,,0.21093333,0.0,0.0,0.0,789.11
5,13,4,0,,,,0.2124,0.0,0.0,0.0,820.94
5,14,4,0,,,,0.21575,0.0,0.0,0.0,698.47
5,15,4,0,,,,0.89461666,0.0,0.0,0.0,637.38
5,16,4,0,,,,2.6223834,0.0,0.0,0.0,465.56
5,17,4,0,,,,1.990325,0.0,0.0,0.0,325.83
5,18,4,0,,,,3.10955,0.0,0.0,0.0,150.9
5,19,4,0,,,,4.2166333,0.0,0.0,0.0,46.12
5,20,4,0,,,,2.9032,0.0,0.0,0.0,0.0
5,21,4,0,,,,0.9645333,0.0,0.0,0.0,0.0
5,22,4,0,,,,0.7324167,0.0,0.0,0.0,0.0
5,23,4,0,,,,0.46855,0.0,0.0,0.0,0.0
5,24,4,0,,,,0.3911,0.0,0.0,0.0,0.0
5,1,5,0,,,,0.3803,0.0,0.0,0.0,0.0
5,2,5,0,,,,0.3796,0.0,0.0,0.0,0.0
5,3,5,0,,,,0.37543333,0.0,0.0,0.0,0.0
5,4,5,0,,,,0.37825,0.0,0.0,0.0,0.0
5,5,5,0,,,,0.70985,0.0,0.0,0.0,0.0
5,6,5,0,,,,1.42935,0.0,0.0,0.0,25.89
5,7,5,0,,,,0.76301664,0.0,0.0,0.0,91.6
5,8,5,0,,,,0.5948833,0.0,0.0,0.0,294.89
5,9,5,0,,,,0.21576667,0.0,0.0,0.0,481.11
5,10,5,0,,,,0.21306667,0.0,0.0,0.0,640.21
5,11,5,0,,,,0.21321666,0.0,0.0,0.0,749.52
5,12,5,0,,,,0.21508333,0.0,0.0,0.0,802.91
5,13,5,0,,,,0.21203333,0.0,0.0,0.0,824.62
5,14,5,0,,,,0.17431666,0.0,0.0,0.0,763.1
5,15,5,0,,,,0.17601667,0.0,0.0,0.0,693.75
5,16,5,0,,,,0.32951668,0.0,0.0,0.0,553.23
5,17,5,0,,,,0.32943332,0.0,0.0,0.0,377.72
5,18,5,0,,,,2.6201334,0.0,0.0,0.0,170.77
5,19,5,0,,,,2.5779166,0.0,0.0,0.0,42.81
5,20,5,0,,,,2.4798667,0.0,0.0,0.0,2.42
5,21,5,0,,,,4.6217165,0.0,0.0,0.0,0.0
5,22,5,0,,,,3.8126333,0.0,0.0,0.0,0.0
5,23,5,0,,,,1.9902667,0.0,0.0,0.0,0.0
5,24,5,0,,,,1.7318833,0.0,0.0,0.0,0.0
5,1,6,0,,,,0.9957167,0.0,0.0,0.0,0.0
5,2,6,0,,,,1.1295667,0.0,0.0,0.0,0.0
5,3,6,0,,,,0.35323334,0.0,0.0,0.0,0.0
5,4,6,0,,,,0.35585,0.0,0.0,0.0,0.0
5,5,6,0,,,,0.35588333,0.0,0.0,0.0,0.0
5,6,6,0,,,,0.35,0.0,0.0,0.0,24.35
5,7,6,0,,,,0.34896666,0.0,0.0,0.0,91.79
5,8,6,0,,,,0.40515,0.0,0.0,0.0,290.3
5,9,6,0,,,,0.41835,0.0,0.0,0.0,474.04
5,10,6,0,,,,2.5655832,0.0,0.0,0.0,627.77
5,11,6,0,,,,0.68868333,0.0,0.0,0.0,738.19
5,12,6,0,,,,2.3139,0.0,0.0,0.0,798.02
5,13,6,0,,,,1.6834167,0.0,0.0,0.0,799.86
5,14,6,0,,,,3.0247333,0.0,0.0,0.0,764.4
5,15,6,0,,,,4.0217166,0.0,0.0,0.0,687.4
5,16,6,0,,,,4.232254,0.0,0.0,0.0,547.75
5,17,6,0,,,,0.8542167,0.0,0.0,0.0,367.92
5,18,6,0,,,,0.7022167,0.0,0.0,0.0,170.24
5,19,6,0,,,,0.2013,0.0,0.0,0.0,46.62
5,20,6,0,,,,2.8897166,0.0,0.0,0.0,6.27
5,21,6,0,,,,2.25145,0.0,0.0,0.0,0.0
5,22,6,0,,,,2.8775334,0.0,0.0,0.0,0.0
5,23,6,0,,,,3.3092334,0.0,0.0,0.0,0.0
5,24,6,0,,,,1.16775,0.0,0.0,0.0,0.0
5,1,7,0,,,,0.45351666,0.0,0.0,0.0,0.0
5,2,7,0,,,,1.8422667,0.0,0.0,0.0,0.0
5,3,7,0,,,,0.19033334,0.0,0.0,0.0,0.0
5,4,7,0,,,,0.23265,0.0,0.0,0.0,0.0
5,5,7,0,,,,2.59415,0.0,0.0,0.0,0.0
5,6,7,0,,,,0.69231665,0.0,0.0,0.0,0.83
5,7,7,0,,,,1.1425333,0.0,0.0,0.0,66.12
5,8,7,0,,,,1.1735834,0.0,0.0,0.0,120.52
5,9,7,0,,,,1.96505,0.0,0.0,0.0,48.26
5,10,7,0,,,,2.0942667,0.0,0.0,0.0,84.92
5,11,7,0,,,,1.7166028,0.0,0.0,0.0,236.49
5,12,7,0,,,,5.37815,0.0,0.0,0.0,426.8
5,13,7,0,,,,2.60825,0.0,0.0,0.0,421.37
5,14,7,0,,,,3.2394,0.0,0.0,0.0,206.0
5,15,7,0,,,,4.436267,0.0,0.0,0.0,247.7
5,16,7,0,,,,4.294483,0.0,0.0,0.0,314.85
5,17,7,0,,,,5.6484666,0.0,0.0,0.0,319.27
5,18,7,0,,,,4.9283,0.0,0.0,0.0,168.96
5,19,7,0,,,,3.56805,0.0,0.0,0.0,31.49
5,20,7,0,,,,6.5209665,0.0,0.0,0.0,6.93
5,21,7,0,,,,2.808,0.0,0.0,0.0,0.0
5,22,7,0,,,,1.8385834,0.0,0.0,0.0,0.0
5,23,7,0,,,,0.49321666,0.0,0.0,0.0,0.0
5,24,7,0,,,,0.96141666,0.0,0.0,0.0,0.0
5,1,1,0,,,,1.2405167,0.0,0.0,0.0,0.0
5,2,1,0,,,,0.22281666,0.0,0.0,0.0,0.0
5,3,1,0,,,,0.6738667,0.0,0.0,0.0,0.0
5,4,1,0,,,,0.68448335,0.0,0.0,0.0,0.0
5,5,1,0,,,,0.74,0.0,0.0,0.0,0.0
5,6,1,0,,,,1.33685,0.0,0.0,0.0,26.03
5,7,1,0,,,,0.87201667,0.0,0.0,0.0,98.48
5,8,1,0,,,,0.22048333,0.0,0.0,0.0,286.94
5,9,1,0,,,,0.21951666,0.0,0.0,0.0,461.92
5,10,1,0,,,,0.23521666,0.0,0.0,0.0,609.47
5,11,1,0,,,,0.5704833,0.0,0.0,0.0,693.08
5,12,1,0,,,,0.5951,0.0,0.0,0.0,734.46
5,13,1,0,,,,0.43618333,0.0,0.0,0.0,668.29
5,14,1,0,,,,0.16356666,0.0,0.0,0.0,659.32
5,15,1,0,,,,0.16448334,0.0,0.0,0.0,174.89
5,16,1,0,,,,1.9234333,0.0,0.0,0.0,241.14
5,17,1,0,,,,3.4505,0.0,0.0,0.0,79.64
5,18,1,0,,,,4.374417,0.0,0.0,0.0,157.42
5,19,1,0,,,,4.68815,0.0,0.0,0.0,50.61
5,20,1,0,,,,4.8262,0.0,0.0,0.0,0.14
5,21,1,0,,,,4.0576,0.0,0.0,0.0,0.0
5,22,1,0,,,,3.4854667,0.0,0.0,0.0,0.0
5,23,1,0,,,,1.3140167,0.0,0.0,0.0,0.0
5,24,1,0,,,,1.6525416,0.0,0.0,0.0,0.0
5,1,2,0,,,,1.4967,0.0,0.0,0.0,0.0
5,2,2,0,,,,0.22555,0.0,0.0,0.0,0.0
5,3,2,0,,,,1.2341833,0.0,0.0,0.0,0.0
5,4,2,0,,,,0.2123,0.0,0.0,0.0,0.0
5,5,2,0,,,,0.95503336,0.0,0.0,0.0,0.0
5,6,2,0,,,,1.3589833,0.0,0.0,0.0,0.86
5,7,2,0,,,,0.51018333,0.0,0.0,0.0,98.23
5,8,2,0,,,,0.24455,0.0,0.0,0.0,269.37
5,9,2,0,,,,0.25186667,0.0,0.0,0.0,446.38
5,10,2,0,,,,0.24215,0.0,0.0,0.0,597.65
5,11,2,0,,,,0.5089167,0.0,0.0,0.0,679.14
5,12,2,0,,,,0.9848167,0.0,0.0,0.0,674.03
5,13,2,0,,,,0.43418333,0.0,0.0,0.0,361.68
5,14,2,0,,,,4.0087833,0.0,0.0,0.0,275.19
5,15,2,0,,,,3.6392167,0.0,0.0,0.0,562.53
5,16,2,0,,,,0.21615,0.0,0.0,0.0,490.95
5,17,2,0,,,,0.17443334,0.0,0.0,0.0,143.46
5,18,2,0,,,,0.17018333,0.0,0.0,0.0,11.71
5,19,2,0,,,,0.16301666,0.0,0.0,0.0,32.46
5,20,2,0,,,,0.17165,0.0,0.0,0.0,8.49
5,21,2,0,,,,0.17346667,0.0,0.0,0.0,0.0
5,22,2,0,,,,0.18065,0.0,0.0,0.0,0.0
5,23,2,0,,,,0.20671667,0.0,0.0,0.0,0.0
5,24,2,0,,,,1.3399,0.0,0.0,0.0,0.0
5,1,3,0,,,,3.1558666,0.0,0.0,0.0,0.0
5,2,3,0,,,,3.15925,0.0,0.0,0.0,0.0
5,3,3,0,,,,2.4058666,0.0,0.0,0.0,0.0
5,4,3,0,,,,0.38093334,0.0,0.0,0.0,0.0
5,5,3,0,,,,1.5127333,0.0,0.0,0.0,0.0
5,6,3,0,,,,0.7758167,0.0,0.0,0.0,0.87
5,7,3,0,,,,2.2687666,0.0,0.0,0.0,97.84
5,8,3,0,,,,0.67548335,0.0,0.0,0.0,279.55
5,9,3,0,,,,0.47763333,0.0,0.0,0.0,279.45
5,10,3,0,,,,0.21423334,0.0,0.0,0.0,524.88
5,11,3,0,,,,0.2135,0.0,0.0,0.0,491.32
5,12,3,0,,,,0.21145,0.0,0.0,0.0,404.91
5,13,3,0,,,,0.211,0.0,0.0,0.0,499.77
5,14,3,0,,,,0.171,0.0,0.0,0.0,556.32
5,15,3,0,,,,1.0149167,0.0,0.0,0.0,320.78
5,16,3,0,,,,2.9712334,0.0,0.0,0.0,340.32
5,17,3,0,,,,3.3803945,0.0,0.0,0.0,0.0
5,18,3,0,,,,3.42385,0.0,0.0,0.0,119.89
5,19,3,0,,,,5.6464,0.0,0.0,0.0,54.19
5,20,3,0,,,,6.0626,0.0,0.0,0.0,0.0
5,21,3,0,,,,2.5739334,0.0,0.0,0.0,0.0
5,22,3,0,,,,1.3918333,0.0,0.0,0.0,0.0
5,23,3,0,,,,0.96865,0.0,0.0,0.0,0.0
5,24,3,0,,,,0.40179166,0.0,0.0,0.0,0.0
5,1,4,0,,,,0.40131667,0.0,0.0,0.0,0.0
5,2,4,0,,,,0.98285,0.0,0.0,0.0,0.0
5,3,4,0,,,,0.39831668,0.0,0.0,0.0,0.0
5,4,4,0,,,,0.39776668,0.0,0.0,0.0,0.0
5,5,4,0,,,,0.4597,0.0,0.0,0.0,0.0
5,6,4,0,,,,1.0772166,0.0,0.0,0.0,1.25
5,7,4,0,,,,0.30613333,0.0,0.0,0.0,83.72
5,8,4,0,,,,0.36895,0.0,0.0,0.0,209.66
5,9,4,0,,,,0.90491664,0.0,0.0,0.0,386.94
5,10,4,0,,,,0.31695,0.0,0.0,0.0,319.41
5,11,4,0,,,,0.31068334,0.0,0.0,0.0,411.72
5,12,4,0,,,,0.30976668,0.0,0.0,0.0,418.14
5,13,4,0,,,,0.31326666,0.0,0.0,0.0,611.11
5,14,4,0,,,,0.31765,0.0,0.0,0.0,348.78
5,15,4,0,,,,0.32975,0.0,0.0,0.0,99.21
5,16,4,0,,,,1.0056833,0.0,0.0,0.0,320.46
5,17,4,0,,,,0.91755,0.0,0.0,0.0,64.89
5,18,4,0,,,,2.8600166,0.0,0.0,0.0,66.27
5,19,4,0,,,,1.8201166,0.0,0.0,0.0,27.34
5,20,4,0,,,,1.417,0.0,0.0,0.0,0.0
5,21,4,0,,,,1.91995,0.0,0.0,0.0,0.0
5,22,4,0,,,,1.3624834,0.0,0.0,0.0,0.0
5,23,4,0,,,,0.56983334,0.0,0.0,0.0,0.0
5,24,4,0,,,,0.33081388,0.0,0.0,0.0,0.0
5,1,5,0,,,,1.1002834,0.0,0.0,0.0,0.0
5,2,5,0,,,,0.40606666,0.0,0.0,0.0,0.0
5,3,5,0,,,,0.37121665,0.0,0.0,0.0,0.0
5,4,5,0,,,,0.34715,0.0,0.0,0.0,0.0
5,5,5,0,,,,0.42186666,0.0,0.0,0.0,0.0
5,6,5,0,,,,1.3246666,0.0,0.0,0.0,5.5
5,7,5,0,,,,0.74228334,0.0,0.0,0.0,101.66
5,8,5,0,,,,0.33933333,0.0,0.0,0.0,295.54
5,9,5,0,,,,0.34111667,0.0,0.0,0.0,487.21
5,10,5,0,,,,0.33806667,0.0,0.0,0.0,636.14
5,11,5,0,,,,0.34391665,0.0,0.0,0.0,658.51
5,12,5,0,,,,0.34016666,0.0,0.0,0.0,665.76
5,13,5,0,,,,0.34186667,0.0,0.0,0.0,666.41
5,14,5,0,,,,0.34298334,0.0,0.0,0.0,612.37
5,15,5,0,,,,0.34436667,0.0,0.0,0.0,592.08
5,16,5,0,,,,0.35481668,0.0,0.0,0.0,523.3
5,17,5,0,,,,0.3476,0.0,0.0,0.0,357.92
5,18,5,0,,,,3.2711334,0.0,0.0,0.0,181.31
5,19,5,0,,,,6.627383,0.0,0.0,0.0,45.58
5,20,5,0,,,,4.22535,0.0,0.0,0.0,10.29
5,21,5,0,,,,2.7712,0.0,0.0,0.0,0.0
5,22,5,0,,,,2.3970332,0.0,0.0,0.0,0.0
5,23,5,0,,,,0.49693334,0.0,0.0,0.0,0.0
5,24,5,0,,,,0.34343332,0.0,0.0,0.0,0.0
5,1,6,0,,,,0.34098333,0.0,0.0,0.0,0.0
5,2,6,0,,,,0.34233335,0.0,0.0,0.0,0.0
5,3,6,0,,,,0.42415,0.0,0.0,0.0,0.0
5,4,6,0,,,,0.9447167,0.0,0.0,0.0,0.0
5,5,6,0,,,,1.1112167,0.0,0.0,0.0,0.0
5,6,6,0,,,,1.7686833,0.0,0.0,0.0,16.2
5,7,6,0,,,,0.77956665,0.0,0.0,0.0,106.41
5,8,6,0,,,,0.81691664,0.0,0.0,0.0,269.41
5,9,6,0,,,,0.4745,0.0,0.0,0.0,424.84
5,10,6,0,,,,0.24063334,0.0,0.0,0.0,596.39
5,11,6,0,,,,0.24163334,0.0,0.0,0.0,682.9
5,12,6,0,,,,0.24563333,0.0,0.0,0.0,740.18
5,13,6,0,,,,0.24508333,0.0,0.0,0.0,700.54
5,14,6,0,,,,0.2461,0.0,0.0,0.0,396.5
5,15,6,0,,,,0.24548334,0.0,0.0,0.0,523.55
5,16,6,0,,,,0.24616666,0.0,0.0,0.0,275.12
5,17,6,0,,,,0.24758333,0.0,0.0,0.0,337.13
5,18,6,0,,,,0.24508333,0.0,0.0,0.0,162.41
5,19,6,0,,,,0.23625,0.0,0.0,0.0,54.39
5,20,6,0,,,,0.24108334,0.0,0.0,0.0,10.07
5,21,6,0,,,,0.24193333,0.0,0.0,0.0,0.0
5,22,6,0,,,,0.24378334,0.0,0.0,0.0,0.0
5,23,6,0,,,,0.6705,0.0,0.0,0.0,0.0
5,24,6,0,,,,0.33843333,0.0,0.0,0.0,0.0
5,1,7,0,,,,0.2462,0.0,0.0,0.0,0.0
5,2,7,0,,,,0.24851666,0.0,0.0,0.0,0.0
5,3,7,0,,,,0.2442,0.0,0.0,0.0,0.0
5,4,7,0,,,,0.24476667,0.0,0.0,0.0,0.0
5,5,7,0,,,,0.23965,0.0,0.0,0.0,0.0
5,6,7,0,,,,0.24706666,0.0,0.0,0.0,19.61
5,7,7,0,,,,0.24168333,0.0,0.0,0.0,103.89
5,8,7,0,,,,0.24161667,0.0,0.0,0.0,278.67
5,9,7,0,,,,0.24243334,0.0,0.0,0.0,462.83
5,10,7,0,,,,0.24129167,0.0,0.0,0.0,616.16
5,11,7,0,,,,0.24296667,0.0,0.0,0.0,688.6
5,12,7,0,,,,0.2434,0.0,0.0,0.0,671.87
5,13,7,0,,,,0.23950833,0.0,0.0,0.0,592.8
5,14,7,0,,,,0.72356665,0.0,0.0,0.0,518.24
5,15,7,0,,,,0.2415,0.0,0.0,0.0,320.59
5,16,7,0,,,,0.20181666,0.0,0.0,0.0,372.46
5,17,7,0,,,,0.20291667,0.0,0.0,0.0,329.89
5,18,7,0,,,,0.20121667,0.0,0.0,0.0,159.51
5,19,7,0,,,,0.19225,0.0,0.0,0.0,49.07
5,20,7,0,,,,0.2019,0.0,0.0,0.0,11.15
5,21,7,0,,,,0.22463334,0.0,0.0,0.0,0.0
5,22,7,0,,,,0.24473333,0.0,0.0,0.0,0.0
5,23,7,0,,,,0.24483334,0.0,0.0,0.0,0.0
5,24,7,0,,,,0.24631667,0.0,0.0,0.0,0.0
5,1,1,0,,,,0.24751666,0.0,0.0,0.0,0.0
5,2,1,0,,,,0.24906667,0.0,0.0,0.0,0.0
5,3,1,0,,,,0.2451,0.0,0.0,0.0,0.0
5,4,1,0,,,,0.2454,0.0,0.0,0.0,0.0
5,5,1,0,,,,0.7324833,0.0,0.0,0.0,0.0
5,6,1,0,,,,0.25811666,0.0,0.0,0.0,22.11
5,7,1,0,,,,0.24293333,0.0,0.0,0.0,39.63
5,8,1,0,,,,0.23973334,0.0,0.0,0.0,272.35
5,9,1,0,,,,0.2418,0.0,0.0,0.0,383.92
5,10,1,0,,,,0.24033333,0.0,0.0,0.0,599.77
5,11,1,0,,,,0.23993333,0.0,0.0,0.0,711.5
5,12,1,0,,,,0.24081667,0.0,0.0,0.0,781.04
5,13,1,0,,,,0.24041666,0.0,0.0,0.0,710.3
5,14,1,0,,,,0.24035834,0.0,0.0,0.0,710.95
5,15,1,0,,,,0.23855,0.0,0.0,0.0,168.35
5,16,1,0,,,,0.23953333,0.0,0.0,0.0,179.71
5,17,1,0,,,,0.24123333,0.0,0.0,0.0,242.9
5,18,1,0,,,,0.24315,0.0,0.0,0.0,82.26
5,19,1,0,,,,0.24335,0.0,0.0,0.0,55.33
5,20,1,0,,,,3.7302833,0.0,0.0,0.0,11.14
5,21,1,0,,,,4.71885,0.0,0.0,0.0,0.0
5,22,1,0,,,,4.589033,0.0,0.0,0.0,0.0
5,23,1,0,,,,4.3128,0.0,0.0,0.0,0.0
5,24,1,0,,,,1.799725,0.0,0.0,0.0,0.0
5,1,2,0,,,,0.38381666,0.0,0.0,0.0,0.0
5,2,2,0,,,,1.6464167,0.0,0.0,0.0,0.0
5,3,2,0,,,,0.34918332,0.0,0.0,0.0,0.0
5,4,2,0,,,,0.34948334,0.0,0.0,0.0,0.0
5,5,2,0,,,,0.44316667,0.0,0.0,0.0,0.0
5,6,2,0,,,,2.41785,0.0,0.0,0.0,35.63
5,7,2,0,,,,0.80808336,0.0,0.0,0.0,93.92
5,8,2,0,,,,0.5534833,0.0,0.0,0.0,281.7
5,9,2,0,,,,0.25065,0.0,0.0,0.0,448.86
5,10,2,0,,,,0.24513334,0.0,0.0,0.0,489.08
5,11,2,0,,,,0.24486667,0.0,0.0,0.0,651.28
5,12,2,0,,,,0.2474,0.0,0.0,0.0,602.74
5,13,2,0,,,,0.24983333,0.0,0.0,0.0,400.41
5,14,2,0,,,,0.25018334,0.0,0.0,0.0,471.54
5,15,2,0,,,,0.24826667,0.0,0.0,0.0,414.36
5,16,2,0,,,,3.60605,0.0,0.0,0.0,351.06
5,17,2,0,,,,4.8511,0.0,0.0,0.0,321.09
5,18,2,0,,,,4.8626833,0.0,0.0,0.0,172.59
5,19,2,0,,,,4.6487,0.0,0.0,0.0,57.51
5,20,2,0,,,,2.4233,0.0,0.0,0.0,1.55
5,21,2,0,,,,3.4641333,0.0,0.0,0.0,0.0
5,22,2,0,,,,0.76953334,0.0,0.0,0.0,0.0
5,23,2,0,,,,0.4428,0.0,0.0,0.0,0.0
5,24,2,0,,,,0.39745834,0.0,0.0,0.0,0.0
5,1,3,0,,,,1.8641,0.0,0.0,0.0,0.0
5,2,3,0,,,,0.34803334,0.0,0.0,0.0,0.0
5,3,3,0,,,,0.35635,0.0,0.0,0.0,0.0
5,4,3,0,,,,0.3544,0.0,0.0,0.0,0.0
5,5,3,0,,,,0.69096667,0.0,0.0,0.0,0.0
5,6,3,0,,,,1.4340333,0.0,0.0,0.0,1.22
5,7,3,0,,,,0.88171667,0.0,0.0,0.0,19.82
5,8,3,0,,,,0.23575,0.0,0.0,0.0,64.82
5,9,3,0,,,,0.2346,0.0,0.0,0.0,249.85
5,10,3,0,,,,0.2322,0.0,0.0,0.0,596.35
5,11,3,0,,,,0.23318334,0.0,0.0,0.0,700.21
5,12,3,0,,,,0.23316666,0.0,0.0,0.0,728.99
5,13,3,0,,,,0.31376666,0.0,0.0,0.0,724.59
5,14,3,0,,,,0.61973333,0.0,0.0,0.0,611.82
5,15,3,0,,,,0.61651665,0.0,0.0,0.0,629.64
5,16,3,0,,,,0.6479667,0.0,0.0,0.0,518.02
5,17,3,0,,,,0.94783336,0.0,0.0,0.0,358.14
5,18,3,0,,,,1.7292084,0.0,0.0,0.0,178.77
5,19,3,0,,,,1.0266,0.0,0.0,0.0,59.25
5,20,3,0,,,,3.9772167,0.0,0.0,0.0,1.56
5,21,3,0,,,,4.3336,0.0,0.0,0.0,0.0
5,22,3,0,,,,2.2414334,0.0,0.0,0.0,0.0
5,23,3,0,,,,2.0609167,0.0,0.0,0.0,0.0
5,24,3,0,,,,1.57795,0.0,0.0,0.0,0.0
6,1,4,0,,,,1.3768333,0.0,0.0,0.0,0.0
6,2,4,0,,,,0.39116666,0.0,0.0,0.0,0.0
6,3,4,0,,,,0.38725,0.0,0.0,0.0,0.0
6,4,4,0,,,,0.38488334,0.0,0.0,0.0,0.0
6,5,4,0,,,,0.55415,0.0,0.0,0.0,0.0
6,6,4,0,,,,1.34675,0.0,0.0,0.0,1.63
6,7,4,0,,,,0.8532,0.0,0.0,0.0,101.88
6,8,4,0,,,,0.60753334,0.0,0.0,0.0,207.69
6,9,4,0,,,,0.29745,0.0,0.0,0.0,467.3
6,10,4,0,,,,0.29355,0.0,0.0,0.0,559.41
6,11,4,0,,,,0.29811665,0.0,0.0,0.0,657.04
6,12,4,0,,,,0.29488334,0.0,0.0,0.0,674.11
6,13,4,0,,,,0.29051667,0.0,0.0,0.0,679.42
6,14,4,0,,,,0.2909,0.0,0.0,0.0,683.07
6,15,4,0,,,,0.26425,0.0,0.0,0.0,647.73
6,16,4,0,,,,0.40993333,0.0,0.0,0.0,527.57
6,17,4,0,,,,1.5865834,0.0,0.0,0.0,368.56
6,18,4,0,,,,3.0276833,0.0,0.0,0.0,179.42
6,19,4,0,,,,3.8243,0.0,0.0,0.0,47.26
6,20,4,0,,,,4.8058834,0.0,0.0,0.0,13.5
6,21,4,0,,,,6.8949666,0.0,0.0,0.0,0.0
6,22,4,0,,,,4.3797336,0.0,0.0,0.0,0.0
6,23,4,0,,,,2.1309333,0.0,0.0,0.0,0.0
6,24,4,0,,,,1.64575,0.0,0.0,0.0,0.0
6,1,5,0,,,,0.41316667,0.0,0.0,0.0,0.0
6,2,5,0,,,,1.4597833,0.0,0.0,0.0,0.0
6,3,5,0,,,,0.3784,0.0,0.0,0.0,0.0
6,4,5,0,,,,0.37938333,0.0,0.0,0.0,0.0
6,5,5,0,,,,1.5401666,0.0,0.0,0.0,0.0
6,6,5,0,,,,1.8060833,0.0,0.0,0.0,1.63
6,7,5,0,,,,0.7607167,0.0,0.0,0.0,8.91
6,8,5,0,,,,0.8128333,0.0,0.0,0.0,52.42
6,9,5,0,,,,0.32299167,0.0,0.0,0.0,169.06
6,10,5,0,,,,0.22211666,0.0,0.0,0.0,422.03
6,11,5,0,,,,0.22376667,0.0,0.0,0.0,691.97
6,12,5,0,,,,0.22385,0.0,0.0,0.0,774.05
6,13,5,0,,,,0.20758334,0.0,0.0,0.0,767.85
6,14,5,0,,,,0.367,0.0,0.0,0.0,707.11
6,15,5,0,,,,0.33618334,0.0,0.0,0.0,661.04
6,16,5,0,,,,0.32466668,0.0,0.0,0.0,535.62
6,17,5,0,,,,0.6822,0.0,0.0,0.0,367.9
6,18,5,0,,,,1.9812666,0.0,0.0,0.0,181.03
6,19,5,0,,,,4.0058665,0.0,0.0,0.0,47.96
6,20,5,0,,,,4.5087,0.0,0.0,0.0,14.12
6,21,5,0,,,,4.43755,0.0,0.0,0.0,0.0
6,22,5,0,,,,4.3926167,0.0,0.0,0.0,0.0
6,23,5,0,,,,4.3616333,0.0,0.0,0.0,0.0
6,24,5,0,,,,3.5219166,0.0,0.0,0.0,0.0
6,1,6,0,,,,2.2633667,0.0,0.0,0.0,0.0
6,2,6,0,,,,1.1578166,0.0,0.0,0.0,0.0
6,3,6,0,,,,1.5113667,0.0,0.0,0.0,0.0
6,4,6,0,,,,1.3586833,0.0,0.0,0.0,0.0
6,5,6,0,,,,0.5866,0.0,0.0,0.0,0.0
6,6,6,0,,,,0.4921,0.0,0.0,0.0,36.42
6,7,6,0,,,,1.4703,0.0,0.0,0.0,93.5
6,8,6,0,,,,1.1809,0.0,0.0,0.0,284.73
6,9,6,0,,,,2.0500166,0.0,0.0,0.0,458.03
6,10,6,0,,,,2.8339667,0.0,0.0,0.0,599.43
6,11,6,0,,,,3.3631167,0.0,0.0,0.0,699.31
6,12,6,0,,,,3.1589334,0.0,0.0,0.0,614.35
6,13,6,0,,,,3.5740833,0.0,0.0,0.0,623.28
6,14,6,0,,,,3.7389834,0.0,0.0,0.0,631.41
6,15,6,0,,,,4.3949833,0.0,0.0,0.0,452.89
6,16,6,0,,,,4.2923665,0.0,0.0,0.0,113.14
6,17,6,0,,,,4.5347667,0.0,0.0,0.0,156.88
6,18,6,0,,,,4.6780834,0.0,0.0,0.0,126.0
6,19,6,0,,,,2.2016332,0.0,0.0,0.0,58.44
6,20,6,0,,,,1.5373833,0.0,0.0,0.0,7.26
6,21,6,0,,,,4.72835,0.0,0.0,0.0,0.0
6,22,6,0,,,,3.9923832,0.0,0.0,0.0,0.0
6,23,6,0,,,,2.12675,0.0,0.0,0.0,0.0
6,24,6,0,,,,2.6254334,0.0,0.0,0.0,0.0
6,1,7,0,,,,3.9103832,0.0,0.0,0.0,0.0
6,2,7,0,,,,3.1370666,0.0,0.0,0.0,0.0
6,3,7,0,,,,2.1205168,0.0,0.0,0.0,0.0
6,4,7,0,,,,0.81921667,0.0,0.0,0.0,0.0
6,5,7,0,,,,1.1302667,0.0,0.0,0.0,0.0
6,6,7,0,,,,0.67226666,0.0,0.0,0.0,35.62
6,7,7,0,,,,1.8145666,0.0,0.0,0.0,96.65
6,8,7,0,,,,1.1625834,0.0,0.0,0.0,253.4
6,9,7,0,,,,2.2915666,0.0,0.0,0.0,442.11
6,10,7,0,,,,0.9776667,0.0,0.0,0.0,552.07
6,11,7,0,,,,1.5050833,0.0,0.0,0.0,582.93
6,12,7,0,,,,3.3649833,0.0,0.0,0.0,628.32
6,13,7,0,,,,3.6819334,0.0,0.0,0.0,486.75
6,14,7,0,,,,5.60335,0.0,0.0,0.0,576.39
6,15,7,0,,,,6.0497165,0.0,0.0,0.0,353.78
6,16,7,0,,,,5.0129833,0.0,0.0,0.0,57.29
6,17,7,0,,,,4.9669666,0.0,0.0,0.0,112.89
6,18,7,0,,,,4.37365,0.0,0.0,0.0,24.39
6,19,7,0,,,,4.60355,0.0,0.0,0.0,37.65
6,20,7,0,,,,4.8435,0.0,0.0,0.0,14.67
6,21,7,0,,,,4.9678,0.0,0.0,0.0,0.0
6,22,7,0,,,,4.107217,0.0,0.0,0.0,0.0
6,23,7,0,,,,3.5727167,0.0,0.0,0.0,0.0
6,24,7,0,,,,2.1199918,0.0,0.0,0.0,0.0
6,1,1,0,,,,1.8475167,0.0,0.0,0.0,0.0
6,2,1,0,,,,0.65136665,0.0,0.0,0.0,0.0
6,3,1,0,,,,2.6332166,0.0,0.0,0.0,0.0
6,4,1,0,,,,0.64173335,0.0,0.0,0.0,0.0
6,5,1,0,,,,0.76448333,0.0,0.0,0.0,0.0
6,6,1,0,,,,0.9305,0.0,0.0,0.0,1.6
6,7,1,0,,,,0.83526665,0.0,0.0,0.0,27.99
6,8,1,0,,,,0.30828333,0.0,0.0,0.0,167.36
6,9,1,0,,,,0.99986666,0.0,0.0,0.0,232.89
6,10,1,0,,,,1.8916667,0.0,0.0,0.0,534.78
6,11,1,0,,,,2.49165,0.0,0.0,0.0,373.23
6,12,1,0,,,,3.9818332,0.0,0.0,0.0,679.51
6,13,1,0,,,,4.0727835,0.0,0.0,0.0,679.59
6,14,1,0,,,,4.146983,0.0,0.0,0.0,749.15
6,15,1,0,,,,3.8687832,0.0,0.0,0.0,659.64
6,16,1,0,,,,4.0637665,0.0,0.0,0.0,495.39
6,17,1,0,,,,5.668433,0.0,0.0,0.0,362.16
6,18,1,0,,,,4.70965,0.0,0.0,0.0,158.48
6,19,1,0,,,,2.9825666,0.0,0.0,0.0,63.85
6,20,1,0,,,,3.31765,0.0,0.0,0.0,6.34
6,21,1,0,,,,3.8090167,0.0,0.0,0.0,0.0
6,22,1,0,,,,3.3246334,0.0,0.0,0.0,0.0
6,23,1,0,,,,0.36433333,0.0,0.0,0.0,0.0
6,24,1,0,,,,1.67505,0.0,0.0,0.0,0.0
6,1,2,0,,,,0.3755,0.0,0.0,0.0,0.0
6,2,2,0,,,,1.1265167,0.0,0.0,0.0,0.0
6,3,2,0,,,,0.6878167,0.0,0.0,0.0,0.0
6,4,2,0,,,,0.38531667,0.0,0.0,0.0,0.0
6,5,2,0,,,,0.76126665,0.0,0.0,0.0,0.0
6,6,2,0,,,,1.9703667,0.0,0.0,0.0,12.69
6,7,2,0,,,,0.7834167,0.0,0.0,0.0,9.42
6,8,2,0,,,,0.31291667,0.0,0.0,0.0,18.27
6,9,2,0,,,,0.30551666,0.0,0.0,0.0,284.44
6,10,2,0,,,,0.2965,0.0,0.0,0.0,565.94
6,11,2,0,,,,0.29776666,0.0,0.0,0.0,577.98
6,12,2,0,,,,0.29956666,0.0,0.0,0.0,660.21
6,13,2,0,,,,0.29806668,0.0,0.0,0.0,562.72
6,14,2,0,,,,0.37903333,0.0,0.0,0.0,612.96
6,15,2,0,,,,3.2641332,0.0,0.0,0.0,531.3
6,16,2,0,,,,4.0680666,0.0,0.0,0.0,434.04
6,17,2,0,,,,2.0026834,0.0,0.0,0.0,346.79
6,18,2,0,,,,0.6584167,0.0,0.0,0.0,179.36
6,19,2,0,,,,0.87665,0.0,0.0,0.0,43.12
6,20,2,0,,,,2.80295,0.0,0.0,0.0,14.08
6,21,2,0,,,,3.9402666,0.0,0.0,0.0,0.0
6,22,2,0,,,,3.63325,0.0,0.0,0.0,0.0
6,23,2,0,,,,3.3019667,0.0,0.0,0.0,0.0
6,24,2,0,,,,1.9110667,0.0,0.0,0.0,0.0
6,1,3,0,,,,1.6862,0.0,0.0,0.0,0.0
6,2,3,0,,,,0.509,0.0,0.0,0.0,0.0
6,3,3,0,,,,0.71853334,0.0,0.0,0.0,0.0
6,4,3,0,,,,1.1064167,0.0,0.0,0.0,0.0
6,5,3,0,,,,1.0601833,0.0,0.0,0.0,0.0
6,6,3,0,,,,1.7472,0.0,0.0,0.0,1.62
6,7,3,0,,,,1.0626,0.0,0.0,0.0,9.48
6,8,3,0,,,,0.34191668,0.0,0.0,0.0,77.49
6,9,3,0,,,,0.34178334,0.0,0.0,0.0,49.23
6,10,3,0,,,,0.33828333,0.0,0.0,0.0,452.46
6,11,3,0,,,,0.3418,0.0,0.0,0.0,410.29
6,12,3,0,,,,0.3414,0.0,0.0,0.0,744.8
6,13,3,0,,,,0.34346667,0.0,0.0,0.0,689.24
6,14,3,0,,,,0.51025,0.0,0.0,0.0,589.17
6,15,3,0,,,,0.27646667,0.0,0.0,0.0,576.88
6,16,3,0,,,,0.27658334,0.0,0.0,0.0,515.83
6,17,3,0,,,,0.27576667,0.0,0.0,0.0,344.11
6,18,3,0,,,,1.47165,0.0,0.0,0.0,178.02
6,19,3,0,,,,3.6185334,0.0,0.0,0.0,46.45
6,20,3,0,,,,4.078006,0.0,0.0,0.0,15.3
6,21,3,0,,,,3.4191167,0.0,0.0,0.0,0.0
6,22,3,0,,,,3.2200167,0.0,0.0,0.0,0.0
6,23,3,0,,,,3.2175333,0.0,0.0,0.0,0.0
6,24,3,0,,,,2.1538334,0.0,0.0,0.0,0.0
6,1,4,0,,,,0.7433417,0.0,0.0,0.0,0.0
6,2,4,0,,,,1.52385,0.0,0.0,0.0,0.0
6,3,4,0,,,,0.48973334,0.0,0.0,0.0,0.0
6,4,4,0,,,,1.5303667,0.0,0.0,0.0,0.0
6,5,4,0,,,,0.7626,0.0,0.0,0.0,0.0
6,6,4,0,,,,1.4158167,0.0,0.0,0.0,37.6
6,7,4,0,,,,0.56091666,0.0,0.0,0.0,92.77
6,8,4,0,,,,0.27193335,0.0,0.0,0.0,281.51
6,9,4,0,,,,0.2768,0.0,0.0,0.0,464.43
6,10,4,0,,,,0.2686,0.0,0.0,0.0,599.2
6,11,4,0,,,,0.26598334,0.0,0.0,0.0,709.99
6,12,4,0,,,,0.6935833,0.0,0.0,0.0,765.1
6,13,4,0,,,,0.84361666,0.0,0.0,0.0,749.03
6,14,4,0,,,,0.8365,0.0,0.0,0.0,603.4
6,15,4,0,,,,0.80088335,0.0,0.0,0.0,524.37
6,16,4,0,,,,0.91658336,0.0,0.0,0.0,331.14
6,17,4,0,,,,3.8713,0.0,0.0,0.0,182.46
6,18,4,0,,,,3.64595,0.0,0.0,0.0,149.58
6,19,4,0,,,,3.5048,0.0,0.0,0.0,61.58
6,20,4,0,,,,3.51755,0.0,0.0,0.0,17.16
6,21,4,0,,,,3.3799334,0.0,0.0,0.0,0.0
6,22,4,0,,,,3.2163334,0.0,0.0,0.0,0.0
6,23,4,0,,,,3.1691167,0.0,0.0,0.0,0.0
6,24,4,0,,,,0.514225,0.0,0.0,0.0,0.0
6,1,5,0,,,,0.5468,0.0,0.0,0.0,0.0
6,2,5,0,,,,2.37635,0.0,0.0,0.0,0.0
6,3,5,0,,,,0.5122,0.0,0.0,0.0,0.0
6,4,5,0,,,,0.49535,0.0,0.0,0.0,0.0
6,5,5,0,,,,0.5388167,0.0,0.0,0.0,0.0
6,6,5,0,,,,1.5033667,0.0,0.0,0.0,38.91
6,7,5,0,,,,1.1695833,0.0,0.0,0.0,98.32
6,8,5,0,,,,0.93158334,0.0,0.0,0.0,274.64
6,9,5,0,,,,0.81151664,0.0,0.0,0.0,442.26
6,10,5,0,,,,0.87150836,0.0,0.0,0.0,585.43
6,11,5,0,,,,0.9868778,0.0,0.0,0.0,692.64
6,12,5,0,,,,1.42255,0.0,0.0,0.0,503.79
6,13,5,0,,,,2.75635,0.0,0.0,0.0,722.51
6,14,5,0,,,,4.691339,0.0,0.0,0.0,569.56
6,15,5,0,,,,2.4195,0.0,0.0,0.0,38.68
6,16,5,0,,,,2.9721167,0.0,0.0,0.0,31.44
6,17,5,0,,,,3.71655,0.0,0.0,0.0,55.66
6,18,5,0,,,,1.9645,0.0,0.0,0.0,136.71
6,19,5,0,,,,2.9034667,0.0,0.0,0.0,43.55
6,20,5,0,,,,2.1349168,0.0,0.0,0.0,17.05
6,21,5,0,,,,3.9662,0.0,0.0,0.0,0.0
6,22,5,0,,,,4.0694,0.0,0.0,0.0,0.0
6,23,5,0,,,,2.9636223,0.0,0.0,0.0,0.0
6,24,5,0,,,,1.6626667,0.0,0.0,0.0,0.0
6,1,6,0,,,,2.05945,0.0,0.0,0.0,0.0
6,2,6,0,,,,1.4983,0.0,0.0,0.0,0.0
6,3,6,0,,,,0.8150167,0.0,0.0,0.0,0.0
6,4,6,0,,,,0.4775,0.0,0.0,0.0,0.0
6,5,6,0,,,,1.7367,0.0,0.0,0.0,0.0
6,6,6,0,,,,0.48071668,0.0,0.0,0.0,38.07
6,7,6,0,,,,0.49333334,0.0,0.0,0.0,97.15
6,8,6,0,,,,1.4867834,0.0,0.0,0.0,272.61
6,9,6,0,,,,1.1536666,0.0,0.0,0.0,441.44
6,10,6,0,,,,3.6527,0.0,0.0,0.0,551.85
6,11,6,0,,,,3.89885,0.0,0.0,0.0,669.07
6,12,6,0,,,,5.4704666,0.0,0.0,0.0,737.85
6,13,6,0,,,,6.982617,0.0,0.0,0.0,751.03
6,14,6,0,,,,5.4087,0.0,0.0,0.0,708.68
6,15,6,0,,,,1.3720666,0.0,0.0,0.0,631.15
6,16,6,0,,,,0.8143833,0.0,0.0,0.0,509.48
6,17,6,0,,,,0.45653334,0.0,0.0,0.0,368.56
6,18,6,0,,,,0.23593333,0.0,0.0,0.0,185.24
6,19,6,0,,,,0.22183333,0.0,0.0,0.0,33.05
6,20,6,0,,,,0.26575,0.0,0.0,0.0,17.45
6,21,6,0,,,,1.8035667,0.0,0.0,0.0,0.0
6,22,6,0,,,,3.61665,0.0,0.0,0.0,0.0
6,23,6,0,,,,3.46555,0.0,0.0,0.0,0.0
6,24,6,0,,,,3.0091918,0.0,0.0,0.0,0.0
6,1,7,0,,,,3.0550666,0.0,0.0,0.0,0.0
6,2,7,0,,,,3.006,0.0,0.0,0.0,0.0
6,3,7,0,,,,2.9500334,0.0,0.0,0.0,0.0
6,4,7,0,,,,2.8830667,0.0,0.0,0.0,0.0
6,5,7,0,,,,0.5478,0.0,0.0,0.0,0.0
6,6,7,0,,,,0.47261667,0.0,0.0,0.0,37.33
6,7,7,0,,,,0.51846665,0.0,0.0,0.0,99.06
6,8,7,0,,,,0.87261665,0.0,0.0,0.0,273.32
6,9,7,0,,,,1.6446333,0.0,0.0,0.0,446.34
6,10,7,0,,,,1.4730166,0.0,0.0,0.0,588.07
6,11,7,0,,,,1.2767167,0.0,0.0,0.0,705.44
6,12,7,0,,,,1.7737334,0.0,0.0,0.0,757.32
6,13,7,0,,,,3.01295,0.0,0.0,0.0,715.73
6,14,7,0,,,,2.8321166,0.0,0.0,0.0,691.15
6,15,7,0,,,,4.4444165,0.0,0.0,0.0,626.08
6,16,7,0,,,,4.2349668,0.0,0.0,0.0,496.18
6,17,7,0,,,,3.8487833,0.0,0.0,0.0,338.42
6,18,7,0,,,,4.2680335,0.0,0.0,0.0,181.53
6,19,7,0,,,,4.306428,0.0,0.0,0.0,45.38
6,20,7,0,,,,3.6677,0.0,0.0,0.0,18.05
6,21,7,0,,,,0.66665,0.0,0.0,0.0,0.0
6,22,7,0,,,,0.5669444,0.0,0.0,0.0,0.0
6,23,7,0,,,,0.48,0.0,0.0,0.0,0.0
6,24,7,0,,,,0.45655,0.0,0.0,0.0,0.0
6,1,1,0,,,,0.43058333,0.0,0.0,0.0,0.0
6,2,1,0,,,,0.42681667,0.0,0.0,0.0,0.0
6,3,1,0,,,,0.42111668,0.0,0.0,0.0,0.0
6,4,1,0,,,,0.42028335,0.0,0.0,0.0,0.0
6,5,1,0,,,,0.41256666,0.0,0.0,0.0,0.0
6,6,1,0,,,,1.0023333,0.0,0.0,0.0,37.16
6,7,1,0,,,,1.1251667,0.0,0.0,0.0,100.87
6,8,1,0,,,,1.2353834,0.0,0.0,0.0,268.33
6,9,1,0,,,,0.48745,0.0,0.0,0.0,441.24
6,10,1,0,,,,0.7944222,0.0,0.0,0.0,581.58
6,11,1,0,,,,3.5753167,0.0,0.0,0.0,568.89
6,12,1,0,,,,1.3534944,0.0,0.0,0.0,643.2
6,13,1,0,,,,1.9169667,0.0,0.0,0.0,564.08
6,14,1,0,,,,4.0101776,0.0,0.0,0.0,604.86
6,15,1,0,,,,4.0289335,0.0,0.0,0.0,517.95
6,16,1,0,,,,4.0147834,0.0,0.0,0.0,424.09
6,17,1,0,,,,4.238,0.0,0.0,0.0,334.87
6,18,1,0,,,,4.346433,0.0,0.0,0.0,184.88
6,19,1,0,,,,4.2011666,0.0,0.0,0.0,43.25
6,20,1,0,,,,5.43755,0.0,0.0,0.0,18.0
6,21,1,0,,,,7.0632334,0.0,0.0,0.0,0.0
6,22,1,0,,,,6.7093167,0.0,0.0,0.0,0.0
6,23,1,0,,,,4.07855,0.0,0.0,0.0,0.0
6,24,1,0,,,,1.5718417,0.0,0.0,0.0,0.0
6,1,2,0,,,,0.6400833,0.0,0.0,0.0,0.0
6,2,2,0,,,,0.6480833,0.0,0.0,0.0,0.0
6,3,2,0,,,,0.6425167,0.0,0.0,0.0,0.0
6,4,2,0,,,,0.58848333,0.0,0.0,0.0,0.0
6,5,2,0,,,,0.9155833,0.0,0.0,0.0,0.0
6,6,2,0,,,,1.1393334,0.0,0.0,0.0,4.33
6,7,2,0,,,,1.0307833,0.0,0.0,0.0,22.74
6,8,2,0,,,,0.6015667,0.0,0.0,0.0,247.32
6,9,2,0,,,,0.5948833,0.0,0.0,0.0,444.22
6,10,2,0,,,,1.0363166,0.0,0.0,0.0,584.77
6,11,2,0,,,,2.1592,0.0,0.0,0.0,696.09
6,12,2,0,,,,3.29495,0.0,0.0,0.0,744.58
6,13,2,0,,,,2.6837833,0.0,0.0,0.0,731.57
6,14,2,0,,,,4.962867,0.0,0.0,0.0,682.1
6,15,2,0,,,,5.1149,0.0,0.0,0.0,184.78
6,16,2,0,,,,4.1003165,0.0,0.0,0.0,193.85
6,17,2,0,,,,4.3478,0.0,0.0,0.0,91.71
6,18,2,0,,,,3.4573388,0.0,0.0,0.0,169.86
6,19,2,0,,,,3.2843666,0.0,0.0,0.0,46.5
6,20,2,0,,,,3.46065,0.0,0.0,0.0,18.66
6,21,2,0,,,,6.78635,0.0,0.0,0.0,0.0
6,22,2,0,,,,3.8415167,0.0,0.0,0.0,0.0
6,23,2,0,,,,3.7457166,0.0,0.0,0.0,0.0
6,24,2,0,,,,3.2769833,0.0,0.0,0.0,0.0
6,1,3,0,,,,3.2555332,0.0,0.0,0.0,0.0
6,2,3,0,,,,3.1981168,0.0,0.0,0.0,0.0
6,3,3,0,,,,1.0962167,0.0,0.0,0.0,0.0
6,4,3,0,,,,0.48431668,0.0,0.0,0.0,0.0
6,5,3,0,,,,0.5833833,0.0,0.0,0.0,0.0
6,6,3,0,,,,1.1681167,0.0,0.0,0.0,2.01
6,7,3,0,,,,1.0643166,0.0,0.0,0.0,45.43
6,8,3,0,,,,0.5984167,0.0,0.0,0.0,216.98
6,9,3,0,,,,0.7694,0.0,0.0,0.0,382.04
6,10,3,0,,,,0.8891,0.0,0.0,0.0,443.39
6,11,3,0,,,,1.01205,0.0,0.0,0.0,578.44
6,12,3,0,,,,1.0369166,0.0,0.0,0.0,656.74
6,13,3,0,,,,1.3899833,0.0,0.0,0.0,670.77
6,14,3,0,,,,4.8217,0.0,0.0,0.0,665.37
6,15,3,0,,,,5.39805,0.0,0.0,0.0,139.97
6,16,3,0,,,,4.5699835,0.0,0.0,0.0,481.83
6,17,3,0,,,,4.3676167,0.0,0.0,0.0,306.06
6,18,3,0,,,,4.26615,0.0,0.0,0.0,102.74
6,19,3,0,,,,4.2521167,0.0,0.0,0.0,50.71
6,20,3,0,,,,4.6444335,0.0,0.0,0.0,6.59
6,21,3,0,,,,4.27695,0.0,0.0,0.0,0.0
6,22,3,0,,,,3.41765,0.0,0.0,0.0,0.0
6,23,3,0,,,,3.3515944,0.0,0.0,0.0,0.0
6,24,3,0,,,,3.31165,0.0,0.0,0.0,0.0
6,1,4,0,,,,3.2577446,0.0,0.0,0.0,0.0
6,2,4,0,,,,3.20265,0.0,0.0,0.0,0.0
6,3,4,0,,,,3.1719556,0.0,0.0,0.0,0.0
6,4,4,0,,,,3.1626334,0.0,0.0,0.0,0.0
6,5,4,0,,,,3.6833222,0.0,0.0,0.0,0.0
6,6,4,0,,,,2.51995,0.0,0.0,0.0,35.56
6,7,4,0,,,,2.4066,0.0,0.0,0.0,100.33
6,8,4,0,,,,3.408811,0.0,0.0,0.0,262.23
6,9,4,0,,,,3.8909166,0.0,0.0,0.0,426.71
6,10,4,0,,,,3.9034667,0.0,0.0,0.0,567.01
6,11,4,0,,,,3.9400666,0.0,0.0,0.0,684.35
6,12,4,0,,,,3.1393,0.0,0.0,0.0,753.07
6,13,4,0,,,,1.4360889,0.0,0.0,0.0,764.88
6,14,4,0,,,,1.8670167,0.0,0.0,0.0,745.51
6,15,4,0,,,,5.0677443,0.0,0.0,0.0,653.6
6,16,4,0,,,,5.5616918,0.0,0.0,0.0,530.65
6,17,4,0,,,,4.16595,0.0,0.0,0.0,317.01
6,18,4,0,,,,4.4571166,0.0,0.0,0.0,156.81
6,19,4,0,,,,4.1945834,0.0,0.0,0.0,45.0
6,20,4,0,,,,4.1699166,0.0,0.0,0.0,19.77
6,21,4,0,,,,4.379367,0.0,0.0,0.0,0.0
6,22,4,0,,,,4.1055665,0.0,0.0,0.0,0.0
6,23,4,0,,,,3.92825,0.0,0.0,0.0,0.0
6,24,4,0,,,,3.77695,0.0,0.0,0.0,0.0
6,1,5,0,,,,3.2345166,0.0,0.0,0.0,0.0
6,2,5,0,,,,3.2364666,0.0,0.0,0.0,0.0
6,3,5,0,,,,3.1659167,0.0,0.0,0.0,0.0
6,4,5,0,,,,3.1528332,0.0,0.0,0.0,0.0
6,5,5,0,,,,3.2035334,0.0,0.0,0.0,1.61
6,6,5,0,,,,1.43585,0.0,0.0,0.0,20.71
6,7,5,0,,,,0.7457167,0.0,0.0,0.0,106.33
6,8,5,0,,,,0.33931667,0.0,0.0,0.0,159.26
6,9,5,0,,,,0.5908333,0.0,0.0,0.0,153.47
6,10,5,0,,,,0.77561665,0.0,0.0,0.0,547.04
6,11,5,0,,,,1.86965,0.0,0.0,0.0,648.91
6,12,5,0,,,,4.003967,0.0,0.0,0.0,586.93
6,13,5,0,,,,4.215367,0.0,0.0,0.0,659.11
6,14,5,0,,,,4.5986834,0.0,0.0,0.0,618.39
6,15,5,0,,,,4.4490666,0.0,0.0,0.0,592.39
6,16,5,0,,,,4.3767085,0.0,0.0,0.0,505.43
6,17,5,0,,,,4.4940667,0.0,0.0,0.0,356.52
6,18,5,0,,,,4.1481,0.0,0.0,0.0,177.03
6,19,5,0,,,,4.620333,0.0,0.0,0.0,50.83
6,20,5,0,,,,4.1827,0.0,0.0,0.0,19.76
6,21,5,0,,,,4.7825,0.0,0.0,0.0,0.0
6,22,5,0,,,,3.9955168,0.0,0.0,0.0,0.0
6,23,5,0,,,,3.83685,0.0,0.0,0.0,0.0
6,24,5,0,,,,3.8444333,0.0,0.0,0.0,0.0
6,1,6,0,,,,3.7712834,0.0,0.0,0.0,0.0
6,2,6,0,,,,3.73745,0.0,0.0,0.0,0.0
6,3,6,0,,,,3.6131334,0.0,0.0,0.0,0.0
6,4,6,0,,,,3.4991667,0.0,0.0,0.0,0.0
6,5,6,0,,,,3.0698667,0.0,0.0,0.0,1.59
6,6,6,0,,,,1.1197333,0.0,0.0,0.0,1.59
6,7,6,0,,,,4.8068166,0.0,0.0,0.0,98.83
6,8,6,0,,,,4.23355,0.0,0.0,0.0,123.3
6,9,6,0,,,,5.2354665,0.0,0.0,0.0,254.65
6,10,6,0,,,,3.6608,0.0,0.0,0.0,451.96
6,11,6,0,,,,5.4113336,0.0,0.0,0.0,646.66
6,12,6,0,,,,8.372434,0.0,0.0,0.0,695.53
6,13,6,0,,,,4.7612166,0.0,0.0,0.0,698.04
6,14,6,0,,,,4.0764165,0.0,0.0,0.0,670.44
6,15,6,0,,,,4.0106335,0.0,0.0,0.0,472.62
6,16,6,0,,,,3.9784167,0.0,0.0,0.0,53.13
6,17,6,0,,,,3.936,0.0,0.0,0.0,27.22
6,18,6,0,,,,3.8061333,0.0,0.0,0.0,49.28
6,19,6,0,,,,3.5977166,0.0,0.0,0.0,61.78
6,20,6,0,,,,2.4097,0.0,0.0,0.0,17.7
6,21,6,0,,,,4.05215,0.0,0.0,0.0,0.0
6,22,6,0,,,,4.2524724,0.0,0.0,0.0,0.0
6,23,6,0,,,,3.5170166,0.0,0.0,0.0,0.0
6,24,6,0,,,,3.536025,0.0,0.0,0.0,0.0
6,1,7,0,,,,3.5407333,0.0,0.0,0.0,0.0
6,2,7,0,,,,3.46535,0.0,0.0,0.0,0.0
6,3,7,0,,,,3.4053,0.0,0.0,0.0,0.0
6,4,7,0,,,,2.4641833,0.0,0.0,0.0,0.0
6,5,7,0,,,,0.5969833,0.0,0.0,0.0,1.58
6,6,7,0,,,,0.75273335,0.0,0.0,0.0,21.2
6,7,7,0,,,,4.1650667,0.0,0.0,0.0,103.05
6,8,7,0,,,,3.6041334,0.0,0.0,0.0,266.6
6,9,7,0,,,,3.5907166,0.0,0.0,0.0,438.14
6,10,7,0,,,,4.2799335,0.0,0.0,0.0,592.77
6,11,7,0,,,,4.82245,0.0,0.0,0.0,706.28
6,12,7,0,,,,4.46955,0.0,0.0,0.0,748.13
6,13,7,0,,,,5.11105,0.0,0.0,0.0,754.72
6,14,7,0,,,,7.4133334,0.0,0.0,0.0,726.21
6,15,7,0,,,,5.793317,0.0,0.0,0.0,621.97
6,16,7,0,,,,5.2476,0.0,0.0,0.0,487.88
6,17,7,0,,,,5.5022,0.0,0.0,0.0,350.44
6,18,7,0,,,,4.9940667,0.0,0.0,0.0,191.35
6,19,7,0,,,,4.629783,0.0,0.0,0.0,45.29
6,20,7,0,,,,2.3245168,0.0,0.0,0.0,20.62
6,21,7,0,,,,3.0230167,0.0,0.0,0.0,0.0
6,22,7,0,,,,1.2694,0.0,0.0,0.0,0.0
6,23,7,0,,,,0.58716667,0.0,0.0,0.0,0.0
6,24,7,0,,,,0.55889165,0.0,0.0,0.0,0.0
6,1,1,0,,,,0.562225,0.0,0.0,0.0,0.0
6,2,1,0,,,,0.5783,0.0,0.0,0.0,0.0
6,3,1,0,,,,0.5677278,0.0,0.0,0.0,0.0
6,4,1,0,,,,1.7619,0.0,0.0,0.0,0.0
6,5,1,0,,,,3.3549721,0.0,0.0,0.0,1.6
6,6,1,0,,,,4.148967,0.0,0.0,0.0,2.02
6,7,1,0,,,,4.3422613,0.0,0.0,0.0,107.93
6,8,1,0,,,,3.5981834,0.0,0.0,0.0,277.76
6,9,1,0,,,,1.0913416,0.0,0.0,0.0,459.37
6,10,1,0,,,,3.305161,0.0,0.0,0.0,578.59
6,11,1,0,,,,4.3679166,0.0,0.0,0.0,656.83
6,12,1,0,,,,4.34195,0.0,0.0,0.0,689.34
6,13,1,0,,,,4.18245,0.0,0.0,0.0,661.74
6,14,1,0,,,,4.43415,0.0,0.0,0.0,559.16
6,15,1,0,,,,4.499778,0.0,0.0,0.0,515.85
6,16,1,0,,,,4.464083,0.0,0.0,0.0,326.35
6,17,1,0,,,,4.5176167,0.0,0.0,0.0,301.12
6,18,1,0,,,,4.098117,0.0,0.0,0.0,189.1
6,19,1,0,,,,3.59265,0.0,0.0,0.0,44.8
6,20,1,0,,,,3.40915,0.0,0.0,0.0,20.46
6,21,1,0,,,,1.93265,0.0,0.0,0.0,0.0
6,22,1,0,,,,1.1667,0.0,0.0,0.0,0.0
6,23,1,0,,,,0.6283,0.0,0.0,0.0,0.0
6,24,1,0,,,,0.50271666,0.0,0.0,0.0,0.0
6,1,2,0,,,,0.56515,0.0,0.0,0.0,0.0
6,2,2,0,,,,0.5255333,0.0,0.0,0.0,0.0
6,3,2,0,,,,0.46845,0.0,0.0,0.0,0.0
6,4,2,0,,,,0.62155,0.0,0.0,0.0,0.0
6,5,2,0,,,,3.7779667,0.0,0.0,0.0,1.61
6,6,2,0,,,,4.1992335,0.0,0.0,0.0,35.26
6,7,2,0,,,,4.113517,0.0,0.0,0.0,94.92
6,8,2,0,,,,3.5367832,0.0,0.0,0.0,263.59
6,9,2,0,,,,3.5744834,0.0,0.0,0.0,403.17
6,10,2,0,,,,2.8485668,0.0,0.0,0.0,570.7
6,11,2,0,,,,3.44705,0.0,0.0,0.0,631.56
6,12,2,0,,,,4.2737164,0.0,0.0,0.0,207.91
6,13,2,0,,,,3.2778666,0.0,0.0,0.0,517.15
6,14,2,0,,,,0.75486666,0.0,0.0,0.0,541.0
6,15,2,0,,,,1.08015,0.0,0.0,0.0,561.06
6,16,2,0,,,,1.5582,0.0,0.0,0.0,522.32
6,17,2,0,,,,0.9737889,0.0,0.0,0.0,363.85
6,18,2,0,,,,0.99841666,0.0,0.0,0.0,185.36
6,19,2,0,,,,1.0902166,0.0,0.0,0.0,45.05
6,20,2,0,,,,1.3254334,0.0,0.0,0.0,20.35
6,21,2,0,,,,5.0342665,0.0,0.0,0.0,0.0
6,22,2,0,,,,4.581567,0.0,0.0,0.0,0.0
6,23,2,0,,,,3.8805666,0.0,0.0,0.0,0.0
6,24,2,0,,,,3.8572333,0.0,0.0,0.0,0.0
6,1,3,0,,,,0.9019333,0.0,0.0,0.0,0.0
6,2,3,0,,,,3.6918833,0.0,0.0,0.0,0.0
6,3,3,0,,,,3.2334166,0.0,0.0,0.0,0.0
6,4,3,0,,,,0.39946666,0.0,0.0,0.0,0.0
6,5,3,0,,,,3.3999667,0.0,0.0,0.0,1.59
6,6,3,0,,,,2.3464334,0.0,0.0,0.0,36.42
6,7,3,0,,,,3.2399166,0.0,0.0,0.0,96.18
6,8,3,0,,,,1.02075,0.0,0.0,0.0,264.84
6,9,3,0,,,,2.9991167,0.0,0.0,0.0,435.95
6,10,3,0,,,,2.40255,0.0,0.0,0.0,569.42
6,11,3,0,,,,3.0010166,0.0,0.0,0.0,670.87
6,12,3,0,,,,3.71015,0.0,0.0,0.0,702.96
6,13,3,0,,,,3.0109334,0.0,0.0,0.0,741.1
6,14,3,0,,,,4.7087336,0.0,0.0,0.0,715.43
6,15,3,0,,,,4.0949917,0.0,0.0,0.0,637.19
6,16,3,0,,,,3.6056833,0.0,0.0,0.0,513.6
6,17,3,0,,,,4.5592723,0.0,0.0,0.0,353.18
6,18,3,0,,,,4.8915167,0.0,0.0,0.0,189.49
6,19,3,0,,,,4.3763,0.0,0.0,0.0,48.79
6,20,3,0,,,,4.616325,0.0,0.0,0.0,20.26
6,21,3,0,,,,3.8732166,0.0,0.0,0.0,0.0
6,22,3,0,,,,3.6975667,0.0,0.0,0.0,0.0
6,23,3,0,,,,3.7144833,0.0,0.0,0.0,0.0
6,24,3,0,,,,2.1516666,0.0,0.0,0.0,0.0
6,1,4,0,,,,1.9311167,0.0,0.0,0.0,0.0
6,2,4,0,,,,1.56595,0.0,0.0,0.0,0.0
6,3,4,0,,,,1.0765166,0.0,0.0,0.0,0.0
6,4,4,0,,,,1.4212333,0.0,0.0,0.0,0.0
6,5,4,0,,,,1.8626333,0.0,0.0,0.0,1.57
6,6,4,0,,,,1.7982334,0.0,0.0,0.0,26.18
6,7,4,0,,,,0.88065,0.0,0.0,0.0,104.76
6,8,4,0,,,,0.78195,0.0,0.0,0.0,256.81
6,9,4,0,,,,0.84798336,0.0,0.0,0.0,425.56
6,10,4,0,,,,0.93925,0.0,0.0,0.0,566.63
6,11,4,0,,,,1.8863333,0.0,0.0,0.0,671.03
6,12,4,0,,,,4.0723,0.0,0.0,0.0,655.62
6,13,4,0,,,,3.5322833,0.0,0.0,0.0,713.48
6,14,4,0,,,,3.9160166,0.0,0.0,0.0,669.16
6,15,4,0,,,,3.14,0.0,0.0,0.0,605.15
6,16,4,0,,,,3.3681667,0.0,0.0,0.0,502.21
6,17,4,0,,,,3.3297918,0.0,0.0,0.0,363.85
6,18,4,0,,,,4.130525,0.0,0.0,0.0,190.04
6,19,4,0,,,,3.41265,0.0,0.0,0.0,44.34
6,20,4,0,,,,4.374767,0.0,0.0,0.0,17.18
6,21,4,0,,,,4.4058833,0.0,0.0,0.0,0.0
6,22,4,0,,,,3.7632167,0.0,0.0,0.0,0.0
6,23,4,0,,,,2.45345,0.0,0.0,0.0,0.0
6,24,4,0,,,,3.5595167,0.0,0.0,0.0,0.0
6,1,5,0,,,,2.0925167,0.0,0.0,0.0,0.0
6,2,5,0,,,,0.58735,0.0,0.0,0.0,0.0
6,3,5,0,,,,1.6379666,0.0,0.0,0.0,0.0
6,4,5,0,,,,0.43305,0.0,0.0,0.0,0.0
6,5,5,0,,,,1.5168333,0.0,0.0,0.0,0.0
6,6,5,0,,,,0.8727667,0.0,0.0,0.0,1.57
6,7,5,0,,,,1.6834667,0.0,0.0,0.0,49.49
6,8,5,0,,,,0.29633334,0.0,0.0,0.0,154.93
6,9,5,0,,,,0.6824833,0.0,0.0,0.0,54.86
6,10,5,0,,,,0.8783,0.0,0.0,0.0,132.87
6,11,5,0,,,,0.88725,0.0,0.0,0.0,457.67
6,12,5,0,,,,2.64435,0.0,0.0,0.0,549.23
6,13,5,0,,,,2.7589583,0.0,0.0,0.0,721.52
6,14,5,0,,,,2.7615416,0.0,0.0,0.0,665.51
6,15,5,0,,,,4.7084,0.0,0.0,0.0,584.31
6,16,5,0,,,,5.174733,0.0,0.0,0.0,453.34
6,17,5,0,,,,5.5751166,0.0,0.0,0.0,223.53
6,18,5,0,,,,4.5543165,0.0,0.0,0.0,14.31
6,19,5,0,,,,5.0753164,0.0,0.0,0.0,13.09
6,20,5,0,,,,3.91785,0.0,0.0,0.0,1.48
6,21,5,0,,,,3.1330333,0.0,0.0,0.0,0.0
6,22,5,0,,,,3.2883832,0.0,0.0,0.0,0.0
6,23,5,0,,,,2.2976167,0.0,0.0,0.0,0.0
6,24,5,0,,,,1.7952917,0.0,0.0,0.0,0.0
6,1,6,0,,,,1.1126167,0.0,0.0,0.0,0.0
6,2,6,0,,,,1.4071277,0.0,0.0,0.0,0.0
6,3,6,0,,,,0.48431668,0.0,0.0,0.0,0.0
6,4,6,0,,,,1.3145223,0.0,0.0,0.0,0.0
6,5,6,0,,,,0.3154,0.0,0.0,0.0,0.0
6,6,6,0,,,,1.1864556,0.0,0.0,0.0,1.57
6,7,6,0,,,,0.29725,0.0,0.0,0.0,11.7
6,8,6,0,,,,1.1246805,0.0,0.0,0.0,160.66
6,9,6,0,,,,1.4184333,0.0,0.0,0.0,330.04
6,10,6,0,,,,0.24793333,0.0,0.0,0.0,574.0
6,11,6,0,,,,1.00165,0.0,0.0,0.0,683.91
6,12,6,0,,,,3.202,0.0,0.0,0.0,733.94
6,13,6,0,,,,3.126625,0.0,0.0,0.0,758.37
6,14,6,0,,,,2.2949667,0.0,0.0,0.0,744.35
6,15,6,0,,,,3.7723668,0.0,0.0,0.0,649.4
6,16,6,0,,,,2.8811,0.0,0.0,0.0,528.87
6,17,6,0,,,,3.8801832,0.0,0.0,0.0,363.96
6,18,6,0,,,,5.38535,0.0,0.0,0.0,191.0
6,19,6,0,,,,4.2362,0.0,0.0,0.0,49.64
6,20,6,0,,,,4.19235,0.0,0.0,0.0,21.11
6,21,6,0,,,,6.0603166,0.0,0.0,0.0,0.0
6,22,6,0,,,,4.57965,0.0,0.0,0.0,0.0
6,23,6,0,,,,0.43595,0.0,0.0,0.0,0.0
6,24,6,0,,,,2.4245,0.0,0.0,0.0,0.0
6,1,7,0,,,,0.42195,0.0,0.0,0.0,0.0
6,2,7,0,,,,2.4001,0.0,0.0,0.0,0.0
6,3,7,0,,,,1.5793667,0.0,0.0,0.0,0.0
6,4,7,0,,,,0.94265,0.0,0.0,0.0,0.0
6,5,7,0,,,,1.9501834,0.0,0.0,0.0,0.0
6,6,7,0,,,,1.8362666,0.0,0.0,0.0,25.73
6,7,7,0,,,,0.49081665,0.0,0.0,0.0,100.01
6,8,7,0,,,,1.5004166,0.0,0.0,0.0,277.41
6,9,7,0,,,,1.8081167,0.0,0.0,0.0,457.01
6,10,7,0,,,,1.9317833,0.0,0.0,0.0,523.89
6,11,7,0,,,,2.6888833,0.0,0.0,0.0,719.59
6,12,7,0,,,,1.1199167,0.0,0.0,0.0,783.55
6,13,7,0,,,,5.2300167,0.0,0.0,0.0,797.14
6,14,7,0,,,,4.144583,0.0,0.0,0.0,776.84
6,15,7,0,,,,2.7833667,0.0,0.0,0.0,681.62
6,16,7,0,,,,2.2559834,0.0,0.0,0.0,558.81
6,17,7,0,,,,2.5123777,0.0,0.0,0.0,394.95
6,18,7,0,,,,2.4939,0.0,0.0,0.0,201.59
6,19,7,0,,,,1.86075,0.0,0.0,0.0,37.66
6,20,7,0,,,,4.5604,0.0,0.0,0.0,21.12
6,21,7,0,,,,5.2222,0.0,0.0,0.0,0.0
6,22,7,0,,,,2.4149,0.0,0.0,0.0,0.0
6,23,7,0,,,,2.6194444,0.0,0.0,0.0,0.0
6,24,7,0,,,,1.3505917,0.0,0.0,0.0,0.0
6,1,1,0,,,,3.6942222,0.0,0.0,0.0,0.0
6,2,1,0,,,,1.2851,0.0,0.0,0.0,0.0
6,3,1,0,,,,1.2304667,0.0,0.0,0.0,0.0
6,4,1,0,,,,1.5812,0.0,0.0,0.0,0.0
6,5,1,0,,,,1.27845,0.0,0.0,0.0,0.0
6,6,1,0,,,,1.60565,0.0,0.0,0.0,29.19
6,7,1,0,,,,2.7518666,0.0,0.0,0.0,104.21
6,8,1,0,,,,0.7458,0.0,0.0,0.0,270.41
6,9,1,0,,,,0.32535833,0.0,0.0,0.0,441.43
6,10,1,0,,,,1.449075,0.0,0.0,0.0,560.78
6,11,1,0,,,,1.8887167,0.0,0.0,0.0,663.13
6,12,1,0,,,,2.0692973,0.0,0.0,0.0,713.46
6,13,1,0,,,,3.24825,0.0,0.0,0.0,739.14
6,14,1,0,,,,2.6839166,0.0,0.0,0.0,704.98
6,15,1,0,,,,3.75425,0.0,0.0,0.0,622.35
6,16,1,0,,,,5.4366665,0.0,0.0,0.0,507.75
6,17,1,0,,,,5.6513667,0.0,0.0,0.0,341.97
6,18,1,0,,,,4.5823,0.0,0.0,0.0,198.14
6,19,1,0,,,,3.0297334,0.0,0.0,0.0,51.17
6,20,1,0,,,,4.839317,0.0,0.0,0.0,20.95
6,21,1,0,,,,5.3062167,0.0,0.0,0.0,0.0
6,22,1,0,,,,3.0727668,0.0,0.0,0.0,0.0
6,23,1,0,,,,1.1072,0.0,0.0,0.0,0.0
6,24,1,0,,,,1.854,0.0,0.0,0.0,0.0
6,1,2,0,,,,1.01855,0.0,0.0,0.0,0.0
6,2,2,0,,,,1.4930834,0.0,0.0,0.0,0.0
6,3,2,0,,,,0.35411668,0.0,0.0,0.0,0.0
6,4,2,0,,,,1.4449667,0.0,0.0,0.0,0.0
6,5,2,0,,,,1.4147834,0.0,0.0,0.0,0.0
6,6,2,0,,,,1.0396,0.0,0.0,0.0,35.53
6,7,2,0,,,,0.9342333,0.0,0.0,0.0,95.26
6,8,2,0,,,,1.0023333,0.0,0.0,0.0,217.94
6,9,2,0,,,,0.47466666,0.0,0.0,0.0,407.09
6,10,2,0,,,,0.63308334,0.0,0.0,0.0,558.05
6,11,2,0,,,,3.2676167,0.0,0.0,0.0,499.53
6,12,2,0,,,,2.08045,0.0,0.0,0.0,47.7
6,13,2,0,,,,3.4734833,0.0,0.0,0.0,66.82
6,14,2,0,,,,2.2371833,0.0,0.0,0.0,78.57
6,15,2,0,,,,3.17785,0.0,0.0,0.0,85.09
6,16,2,0,,,,4.7623,0.0,0.0,0.0,461.89
6,17,2,0,,,,4.4499335,0.0,0.0,0.0,66.6
6,18,2,0,,,,3.0228667,0.0,0.0,0.0,181.32
6,19,2,0,,,,3.09875,0.0,0.0,0.0,47.93
6,20,2,0,,,,4.428583,0.0,0.0,0.0,2.34
6,21,2,0,,,,4.9898,0.0,0.0,0.0,0.0
6,22,2,0,,,,3.7467167,0.0,0.0,0.0,0.0
6,23,2,0,,,,0.8913389,0.0,0.0,0.0,0.0
6,24,2,0,,,,1.4445916,0.0,0.0,0.0,0.0
6,1,3,0,,,,2.9599445,0.0,0.0,0.0,0.0
6,2,3,0,,,,0.82208335,0.0,0.0,0.0,0.0
6,3,3,0,,,,1.0654056,0.0,0.0,0.0,0.0
6,4,3,0,,,,0.8290167,0.0,0.0,0.0,0.0
6,5,3,0,,,,1.0869777,0.0,0.0,0.0,0.0
6,6,3,0,,,,1.24295,0.0,0.0,0.0,20.24
6,7,3,0,,,,0.51136667,0.0,0.0,0.0,39.9
6,8,3,0,,,,0.5373333,0.0,0.0,0.0,218.56
6,9,3,0,,,,1.9403666,0.0,0.0,0.0,170.65
6,10,3,0,,,,1.1931,0.0,0.0,0.0,190.47
6,11,3,0,,,,0.89931667,0.0,0.0,0.0,208.76
6,12,3,0,,,,1.0908667,0.0,0.0,0.0,495.0
6,13,3,0,,,,0.9975333,0.0,0.0,0.0,260.66
6,14,3,0,,,,1.5425833,0.0,0.0,0.0,242.12
6,15,3,0,,,,1.2536167,0.0,0.0,0.0,539.21
6,16,3,0,,,,1.1712667,0.0,0.0,0.0,544.36
6,17,3,0,,,,2.3566833,0.0,0.0,0.0,255.14
6,18,3,0,,,,4.723467,0.0,0.0,0.0,15.63
6,19,3,0,,,,4.9176335,0.0,0.0,0.0,73.2
6,20,3,0,,,,5.6641335,0.0,0.0,0.0,10.31
6,21,3,0,,,,1.99025,0.0,0.0,0.0,0.0
6,22,3,0,,,,2.8448944,0.0,0.0,0.0,0.0
6,23,3,0,,,,2.5737333,0.0,0.0,0.0,0.0
6,24,3,0,,,,0.4945861,0.0,0.0,0.0,0.0
6,1,4,0,,,,1.9519833,0.0,0.0,0.0,0.0
6,2,4,0,,,,0.47167224,0.0,0.0,0.0,0.0
6,3,4,0,,,,0.42985,0.0,0.0,0.0,0.0
6,4,4,0,,,,0.40325555,0.0,0.0,0.0,0.0
6,5,4,0,,,,0.53783333,0.0,0.0,0.0,0.0
6,6,4,0,,,,2.1488056,0.0,0.0,0.0,28.54
6,7,4,0,,,,1.63485,0.0,0.0,0.0,84.25
6,8,4,0,,,,0.74645,0.0,0.0,0.0,287.66
6,9,4,0,,,,0.39461666,0.0,0.0,0.0,483.22
6,10,4,0,,,,0.41291666,0.0,0.0,0.0,604.5
6,11,4,0,,,,0.4848,0.0,0.0,0.0,626.95
6,12,4,0,,,,0.6989667,0.0,0.0,0.0,464.18
6,13,4,0,,,,1.8583333,0.0,0.0,0.0,667.53
6,14,4,0,,,,2.2450333,0.0,0.0,0.0,120.37
6,15,4,0,,,,2.1605666,0.0,0.0,0.0,314.04
6,16,4,0,,,,4.052075,0.0,0.0,0.0,83.74
6,17,4,0,,,,3.89545,0.0,0.0,0.0,315.22
6,18,4,0,,,,3.5592,0.0,0.0,0.0,167.09
6,19,4,0,,,,1.22465,0.0,0.0,0.0,40.26
6,20,4,0,,,,0.9184,0.0,0.0,0.0,20.72
6,21,4,0,,,,3.9832335,0.0,0.0,0.0,0.0
6,22,4,0,,,,2.3902946,0.0,0.0,0.0,0.0
6,23,4,0,,,,1.3031,0.0,0.0,0.0,0.0
6,24,4,0,,,,1.6176167,0.0,0.0,0.0,0.0
6,1,5,0,,,,0.45975834,0.0,0.0,0.0,0.0
6,2,5,0,,,,0.4675,0.0,0.0,0.0,0.0
6,3,5,0,,,,0.4704611,0.0,0.0,0.0,0.0
6,4,5,0,,,,1.1145166,0.0,0.0,0.0,0.0
6,5,5,0,,,,1.8264444,0.0,0.0,0.0,0.0
6,6,5,0,,,,0.74628335,0.0,0.0,0.0,1.66
6,7,5,0,,,,0.57916665,0.0,0.0,0.0,9.01
6,8,5,0,,,,0.55981666,0.0,0.0,0.0,50.33
6,9,5,0,,,,0.563125,0.0,0.0,0.0,92.18
6,10,5,0,,,,0.5506667,0.0,0.0,0.0,378.8
6,11,5,0,,,,1.1081333,0.0,0.0,0.0,696.78
6,12,5,0,,,,1.9544333,0.0,0.0,0.0,441.16
6,13,5,0,,,,1.8632166,0.0,0.0,0.0,535.93
6,14,5,0,,,,3.5912,0.0,0.0,0.0,584.37
6,15,5,0,,,,2.3599834,0.0,0.0,0.0,680.57
6,16,5,0,,,,1.5815667,0.0,0.0,0.0,424.74
6,17,5,0,,,,2.9105833,0.0,0.0,0.0,390.19
6,18,5,0,,,,2.3389332,0.0,0.0,0.0,192.68
6,19,5,0,,,,0.77315,0.0,0.0,0.0,44.26
6,20,5,0,,,,2.6558166,0.0,0.0,0.0,21.33
6,21,5,0,,,,3.3925,0.0,0.0,0.0,0.0
6,22,5,0,,,,2.78005,0.0,0.0,0.0,0.0
6,23,5,0,,,,2.0113945,0.0,0.0,0.0,0.0
6,24,5,0,,,,1.8474,0.0,0.0,0.0,0.0
7,1,6,0,,,,1.9459167,0.0,0.0,0.0,0.0
7,2,6,0,,,,1.4130334,0.0,0.0,0.0,0.0
7,3,6,0,,,,0.89835,0.0,0.0,0.0,0.0
7,4,6,0,,,,1.0932833,0.0,0.0,0.0,0.0
7,5,6,0,,,,0.45,0.0,0.0,0.0,0.0
7,6,6,0,,,,1.0022833,0.0,0.0,0.0,36.2
7,7,6,0,,,,1.1100167,0.0,0.0,0.0,87.64
7,8,6,0,,,,0.7177,0.0,0.0,0.0,264.07
7,9,6,0,,,,1.5907667,0.0,0.0,0.0,438.36
7,10,6,0,,,,0.5682667,0.0,0.0,0.0,587.05
7,11,6,0,,,,1.8636833,0.0,0.0,0.0,684.31
7,12,6,0,,,,2.1702666,0.0,0.0,0.0,736.15
7,13,6,0,,,,2.2336333,0.0,0.0,0.0,757.63
7,14,6,0,,,,3.1442168,0.0,0.0,0.0,728.24
7,15,6,0,,,,3.4281166,0.0,0.0,0.0,645.67
7,16,6,0,,,,3.07815,0.0,0.0,0.0,534.61
7,17,6,0,,,,3.7478666,0.0,0.0,0.0,373.48
7,18,6,0,,,,3.7014167,0.0,0.0,0.0,193.25
7,19,6,0,,,,3.7460334,0.0,0.0,0.0,52.03
7,20,6,0,,,,4.127475,0.0,0.0,0.0,19.49
7,21,6,0,,,,3.0043666,0.0,0.0,0.0,0.0
7,22,6,0,,,,2.90655,0.0,0.0,0.0,0.0
7,23,6,0,,,,2.11205,0.0,0.0,0.0,0.0
7,24,6,0,,,,1.7854333,0.0,0.0,0.0,0.0
7,1,7,0,,,,0.3838,0.0,0.0,0.0,0.0
7,2,7,0,,,,1.3105834,0.0,0.0,0.0,0.0
7,3,7,0,,,,0.35488334,0.0,0.0,0.0,0.0
7,4,7,0,,,,0.3561,0.0,0.0,0.0,0.0
7,5,7,0,,,,0.362,0.0,0.0,0.0,0.0
7,6,7,0,,,,1.3016334,0.0,0.0,0.0,29.48
7,7,7,0,,,,0.34665,0.0,0.0,0.0,97.95
7,8,7,0,,,,0.39745,0.0,0.0,0.0,225.87
7,9,7,0,,,,1.7823,0.0,0.0,0.0,393.48
7,10,7,0,,,,0.75341666,0.0,0.0,0.0,319.71
7,11,7,0,,,,2.7319,0.0,0.0,0.0,652.0
7,12,7,0,,,,2.3674667,0.0,0.0,0.0,669.68
7,13,7,0,,,,3.1262667,0.0,0.0,0.0,232.5
7,14,7,0,,,,5.9307833,0.0,0.0,0.0,126.59
7,15,7,0,,,,3.5251,0.0,0.0,0.0,322.32
7,16,7,0,,,,4.8860335,0.0,0.0,0.0,515.49
7,17,7,0,,,,6.5196667,0.0,0.0,0.0,185.24
7,18,7,0,,,,4.8308,0.0,0.0,0.0,184.46
7,19,7,0,,,,5.88735,0.0,0.0,0.0,54.69
7,20,7,0,,,,4.61815,0.0,0.0,0.0,19.44
7,21,7,0,,,,5.74415,0.0,0.0,0.0,0.0
7,22,7,0,,,,3.2279167,0.0,0.0,0.0,0.0
7,23,7,0,,,,1.6660167,0.0,0.0,0.0,0.0
7,24,7,0,,,,1.2155334,0.0,0.0,0.0,0.0
7,1,1,0,,,,1.2848333,0.0,0.0,0.0,0.0
7,2,1,0,,,,0.36683333,0.0,0.0,0.0,0.0
7,3,1,0,,,,1.3156,0.0,0.0,0.0,0.0
7,4,1,0,,,,0.37125,0.0,0.0,0.0,0.0
7,5,1,0,,,,0.82388335,0.0,0.0,0.0,0.0
7,6,1,0,,,,0.779,0.0,0.0,0.0,34.75
7,7,1,0,,,,0.37996668,0.0,0.0,0.0,88.42
7,8,1,0,,,,0.38993335,0.0,0.0,0.0,274.14
7,9,1,0,,,,0.9363833,0.0,0.0,0.0,462.98
7,10,1,0,,,,0.78434443,0.0,0.0,0.0,625.08
7,11,1,0,,,,2.7319,0.0,0.0,0.0,723.58
7,12,1,0,,,,3.3670332,0.0,0.0,0.0,605.93
7,13,1,0,,,,1.8903333,0.0,0.0,0.0,636.66
7,14,1,0,,,,5.09635,0.0,0.0,0.0,707.46
7,15,1,0,,,,3.2828667,0.0,0.0,0.0,620.33
7,16,1,0,,,,3.6806166,0.0,0.0,0.0,526.77
7,17,1,0,,,,5.771225,0.0,0.0,0.0,339.2
7,18,1,0,,,,5.07965,0.0,0.0,0.0,191.05
7,19,1,0,,,,5.721017,0.0,0.0,0.0,73.8
7,20,1,0,,,,5.5498,0.0,0.0,0.0,21.66
7,21,1,0,,,,5.4763,0.0,0.0,0.0,0.0
7,22,1,0,,,,3.8146167,0.0,0.0,0.0,0.0
7,23,1,0,,,,1.6129167,0.0,0.0,0.0,0.0
7,24,1,0,,,,1.8541917,0.0,0.0,0.0,0.0
7,1,2,0,,,,1.4165,0.0,0.0,0.0,0.0
7,2,2,0,,,,3.15925,0.0,0.0,0.0,0.0
7,3,2,0,,,,0.3521,0.0,0.0,0.0,0.0
7,4,2,0,,,,1.37565,0.0,0.0,0.0,0.0
7,5,2,0,,,,1.8526833,0.0,0.0,0.0,0.0
7,6,2,0,,,,1.5142,0.0,0.0,0.0,35.37
7,7,2,0,,,,0.6285667,0.0,0.0,0.0,102.96
7,8,2,0,,,,0.45276666,0.0,0.0,0.0,247.95
7,9,2,0,,,,0.8457,0.0,0.0,0.0,469.21
7,10,2,0,,,,5.1067333,0.0,0.0,0.0,609.59
7,11,2,0,,,,1.6816334,0.0,0.0,0.0,459.7
7,12,2,0,,,,2.1623,0.0,0.0,0.0,607.74
7,13,2,0,,,,4.9609165,0.0,0.0,0.0,662.93
7,14,2,0,,,,3.9165,0.0,0.0,0.0,557.53
7,15,2,0,,,,5.2102056,0.0,0.0,0.0,344.08
7,16,2,0,,,,5.658117,0.0,0.0,0.0,326.42
7,17,2,0,,,,1.0775334,0.0,0.0,0.0,165.09
7,18,2,0,,,,0.6723667,0.0,0.0,0.0,190.2
7,19,2,0,,,,3.437,0.0,0.0,0.0,69.21
7,20,2,0,,,,3.437,0.0,0.0,0.0,20.63
7,21,2,0,,,,2.32325,0.0,0.0,0.0,0.0
7,22,2,0,,,,2.5131166,0.0,0.0,0.0,0.0
7,23,2,0,,,,0.484325,0.0,0.0,0.0,0.0
7,24,2,0,,,,0.785225,0.0,0.0,0.0,0.0
7,1,3,0,,,,3.1558666,0.0,0.0,0.0,0.0
7,2,3,0,,,,3.15925,0.0,0.0,0.0,0.0
7,3,3,0,,,,1.6574833,0.0,0.0,0.0,0.0
7,4,3,0,,,,1.37565,0.0,0.0,0.0,0.0
7,5,3,0,,,,0.5826333,0.0,0.0,0.0,0.0
7,6,3,0,,,,1.0935667,0.0,0.0,0.0,35.76
7,7,3,0,,,,1.7807667,0.0,0.0,0.0,83.0
7,8,3,0,,,,0.7184167,0.0,0.0,0.0,266.19
7,9,3,0,,,,0.8921833,0.0,0.0,0.0,451.76
7,10,3,0,,,,1.02515,0.0,0.0,0.0,614.7
7,11,3,0,,,,3.7048166,0.0,0.0,0.0,654.02
7,12,3,0,,,,3.4015834,0.0,0.0,0.0,628.25
7,13,3,0,,,,2.8350666,0.0,0.0,0.0,625.32
7,14,3,0,,,,0.58213335,0.0,0.0,0.0,571.17
7,15,3,0,,,,0.88965,0.0,0.0,0.0,533.06
7,16,3,0,,,,1.141,0.0,0.0,0.0,391.09
7,17,3,0,,,,2.3752334,0.0,0.0,0.0,283.78
7,18,3,0,,,,4.1551166,0.0,0.0,0.0,142.23
7,19,3,0,,,,2.3980834,0.0,0.0,0.0,8.06
7,20,3,0,,,,3.9562333,0.0,0.0,0.0,1.16
7,21,3,0,,,,0.9581,0.0,0.0,0.0,0.0
7,22,3,0,,,,2.5131166,0.0,0.0,0.0,0.0
7,23,3,0,,,,3.7806833,0.0,0.0,0.0,0.0
7,24,3,0,,,,0.643975,0.0,0.0,0.0,0.0
7,1,4,0,,,,1.2848333,0.0,0.0,0.0,0.0
7,2,4,0,,,,1.2825167,0.0,0.0,0.0,0.0
7,3,4,0,,,,1.32595,0.0,0.0,0.0,0.0
7,4,4,0,,,,0.39776668,0.0,0.0,0.0,0.0
7,5,4,0,,,,0.9353167,0.0,0.0,0.0,0.0
7,6,4,0,,,,1.8369167,0.0,0.0,0.0,10.57
7,7,4,0,,,,0.7418,0.0,0.0,0.0,89.89
7,8,4,0,,,,1.6652833,0.0,0.0,0.0,273.5
7,9,4,0,,,,1.3037056,0.0,0.0,0.0,419.1
7,10,4,0,,,,1.1256334,0.0,0.0,0.0,592.35
7,11,4,0,,,,3.9009833,0.0,0.0,0.0,586.01
7,12,4,0,,,,2.9468334,0.0,0.0,0.0,666.24
7,13,4,0,,,,1.8538834,0.0,0.0,0.0,641.59
7,14,4,0,,,,2.6987667,0.0,0.0,0.0,723.97
7,15,4,0,,,,2.2453167,0.0,0.0,0.0,663.62
7,16,4,0,,,,4.7936583,0.0,0.0,0.0,540.39
7,17,4,0,,,,2.1450667,0.0,0.0,0.0,395.86
7,18,4,0,,,,4.176183,0.0,0.0,0.0,207.82
7,19,4,0,,,,4.1945834,0.0,0.0,0.0,56.89
7,20,4,0,,,,2.1709166,0.0,0.0,0.0,21.01
7,21,4,0,,,,3.6331832,0.0,0.0,0.0,0.0
7,22,4,0,,,,2.5131166,0.0,0.0,0.0,0.0
7,23,4,0,,,,3.5478666,0.0,0.0,0.0,0.0
7,24,4,0,,,,1.6530167,0.0,0.0,0.0,0.0
7,1,5,0,,,,0.35541666,0.0,0.0,0.0,0.0
7,2,5,0,,,,0.36683333,0.0,0.0,0.0,0.0
7,3,5,0,,,,0.59501666,0.0,0.0,0.0,0.0
7,4,5,0,,,,1.0353333,0.0,0.0,0.0,0.0
7,5,5,0,,,,0.43561667,0.0,0.0,0.0,0.0
7,6,5,0,,,,1.0426667,0.0,0.0,0.0,1.21
7,7,5,0,,,,0.6329167,0.0,0.0,0.0,10.1
7,8,5,0,,,,0.89486665,0.0,0.0,0.0,231.17
7,9,5,0,,,,0.5495,0.0,0.0,0.0,304.44
7,10,5,0,,,,1.1312,0.0,0.0,0.0,578.77
7,11,5,0,,,,4.383217,0.0,0.0,0.0,76.96
7,12,5,0,,,,1.2386,0.0,0.0,0.0,173.37
7,13,5,0,,,,1.6300167,0.0,0.0,0.0,520.47
7,14,5,0,,,,3.83885,0.0,0.0,0.0,461.3
7,15,5,0,,,,2.3861167,0.0,0.0,0.0,662.5
7,16,5,0,,,,1.4030334,0.0,0.0,0.0,281.98
7,17,5,0,,,,4.526275,0.0,0.0,0.0,157.07
7,18,5,0,,,,2.6303666,0.0,0.0,0.0,113.83
7,19,5,0,,,,0.7259167,0.0,0.0,0.0,5.9
7,20,5,0,,,,2.6558166,0.0,0.0,0.0,0.45
7,21,5,0,,,,4.320717,0.0,0.0,0.0,0.0
7,22,5,0,,,,3.0258334,0.0,0.0,0.0,0.0
7,23,5,0,,,,3.2334,0.0,0.0,0.0,0.0
7,24,5,0,,,,1.8466333,0.0,0.0,0.0,0.0
7,1,6,0,,,,1.6835834,0.0,0.0,0.0,0.0
7,2,6,0,,,,0.36683333,0.0,0.0,0.0,0.0
7,3,6,0,,,,0.62041664,0.0,0.0,0.0,0.0
7,4,6,0,,,,1.0149,0.0,0.0,0.0,0.0
7,5,6,0,,,,0.40245,0.0,0.0,0.0,0.0
7,6,6,0,,,,0.71361667,0.0,0.0,0.0,1.22
7,7,6,0,,,,1.2148334,0.0,0.0,0.0,8.34
7,8,6,0,,,,0.61745,0.0,0.0,0.0,43.51
7,9,6,0,,,,2.2940667,0.0,0.0,0.0,193.25
7,10,6,0,,,,1.4197333,0.0,0.0,0.0,566.62
7,11,6,0,,,,2.94345,0.0,0.0,0.0,517.35
7,12,6,0,,,,4.3110833,0.0,0.0,0.0,421.59
7,13,6,0,,,,2.5992668,0.0,0.0,0.0,513.75
7,14,6,0,,,,2.51175,0.0,0.0,0.0,514.16
7,15,6,0,,,,4.6210833,0.0,0.0,0.0,133.07
7,16,6,0,,,,3.61555,0.0,0.0,0.0,323.88
7,17,6,0,,,,3.5536168,0.0,0.0,0.0,272.93
7,18,6,0,,,,2.3205166,0.0,0.0,0.0,160.49
7,19,6,0,,,,2.2797167,0.0,0.0,0.0,72.47
7,20,6,0,,,,3.9562333,0.0,0.0,0.0,20.61
7,21,6,0,,,,3.1069334,0.0,0.0,0.0,0.0
7,22,6,0,,,,3.2226834,0.0,0.0,0.0,0.0
7,23,6,0,,,,2.11205,0.0,0.0,0.0,0.0
7,24,6,0,,,,1.2155334,0.0,0.0,0.0,0.0
7,1,7,0,,,,1.2848333,0.0,0.0,0.0,0.0
7,2,7,0,,,,0.36683333,0.0,0.0,0.0,0.0
7,3,7,0,,,,0.36598334,0.0,0.0,0.0,0.0
7,4,7,0,,,,0.37125,0.0,0.0,0.0,0.0
7,5,7,0,,,,0.32365,0.0,0.0,0.0,0.0
7,6,7,0,,,,0.7849,0.0,0.0,0.0,19.27
7,7,7,0,,,,0.45633334,0.0,0.0,0.0,87.63
7,8,7,0,,,,0.75581664,0.0,0.0,0.0,268.44
7,9,7,0,,,,0.69443333,0.0,0.0,0.0,429.86
7,10,7,0,,,,3.34975,0.0,0.0,0.0,570.93
7,11,7,0,,,,3.625,0.0,0.0,0.0,692.09
7,12,7,0,,,,2.8997416,0.0,0.0,0.0,699.43
7,13,7,0,,,,1.0534667,0.0,0.0,0.0,416.54
7,14,7,0,,,,5.1154833,0.0,0.0,0.0,661.77
7,15,7,0,,,,4.631183,0.0,0.0,0.0,555.9
7,16,7,0,,,,4.36135,0.0,0.0,0.0,484.29
7,17,7,0,,,,5.771225,0.0,0.0,0.0,227.48
7,18,7,0,,,,4.8967333,0.0,0.0,0.0,199.43
7,19,7,0,,,,5.88735,0.0,0.0,0.0,51.5
7,20,7,0,,,,5.5498,0.0,0.0,0.0,16.29
7,21,7,0,,,,5.4763,0.0,0.0,0.0,0.0
7,22,7,0,,,,3.8146167,0.0,0.0,0.0,0.0
7,23,7,0,,,,3.1754668,0.0,0.0,0.0,0.0
7,24,7,0,,,,1.2155334,0.0,0.0,0.0,0.0
7,1,1,0,,,,0.35541666,0.0,0.0,0.0,0.0
7,2,1,0,,,,0.36683333,0.0,0.0,0.0,0.0
7,3,1,0,,,,0.35881665,0.0,0.0,0.0,0.0
7,4,1,0,,,,0.35976666,0.0,0.0,0.0,0.0
7,5,1,0,,,,0.89956665,0.0,0.0,0.0,0.0
7,6,1,0,,,,0.64201665,0.0,0.0,0.0,30.79
7,7,1,0,,,,0.37041667,0.0,0.0,0.0,35.45
7,8,1,0,,,,1.1443666,0.0,0.0,0.0,194.93
7,9,1,0,,,,0.57155,0.0,0.0,0.0,70.24
7,10,1,0,,,,3.34975,0.0,0.0,0.0,157.14
7,11,1,0,,,,3.6767,0.0,0.0,0.0,220.7
7,12,1,0,,,,3.4868667,0.0,0.0,0.0,721.58
7,13,1,0,,,,5.78255,0.0,0.0,0.0,602.41
7,14,1,0,,,,5.1154833,0.0,0.0,0.0,426.88
7,15,1,0,,,,3.1384,0.0,0.0,0.0,314.24
7,16,1,0,,,,4.29585,0.0,0.0,0.0,431.08
7,17,1,0,,,,5.561975,0.0,0.0,0.0,284.86
7,18,1,0,,,,5.0052,0.0,0.0,0.0,109.57
7,19,1,0,,,,5.88735,0.0,0.0,0.0,72.61
7,20,1,0,,,,5.5498,0.0,0.0,0.0,20.26
7,21,1,0,,,,5.4763,0.0,0.0,0.0,0.0
7,22,1,0,,,,3.7157834,0.0,0.0,0.0,0.0
7,23,1,0,,,,1.6129167,0.0,0.0,0.0,0.0
7,24,1,0,,,,0.8221167,0.0,0.0,0.0,0.0
7,1,2,0,,,,1.4165,0.0,0.0,0.0,0.0
7,2,2,0,,,,3.15925,0.0,0.0,0.0,0.0
7,3,2,0,,,,2.0609,0.0,0.0,0.0,0.0
7,4,2,0,,,,1.0264167,0.0,0.0,0.0,0.0
7,5,2,0,,,,1.8050667,0.0,0.0,0.0,0.0
7,6,2,0,,,,1.0197166,0.0,0.0,0.0,0.87
7,7,2,0,,,,0.71473336,0.0,0.0,0.0,8.51
7,8,2,0,,,,0.34321666,0.0,0.0,0.0,33.76
7,9,2,0,,,,0.6235833,0.0,0.0,0.0,128.24
7,10,2,0,,,,0.7468,0.0,0.0,0.0,245.13
7,11,2,0,,,,0.86793333,0.0,0.0,0.0,432.39
7,12,2,0,,,,2.4416833,0.0,0.0,0.0,542.47
7,13,2,0,,,,3.71395,0.0,0.0,0.0,439.91
7,14,2,0,,,,1.9771833,0.0,0.0,0.0,282.27
7,15,2,0,,,,4.8550057,0.0,0.0,0.0,259.16
7,16,2,0,,,,1.37295,0.0,0.0,0.0,262.77
7,17,2,0,,,,1.0043167,0.0,0.0,0.0,265.21
7,18,2,0,,,,0.65430003,0.0,0.0,0.0,186.14
7,19,2,0,,,,2.3980834,0.0,0.0,0.0,15.22
7,20,2,0,,,,0.40431666,0.0,0.0,0.0,20.31
7,21,2,0,,,,2.32325,0.0,0.0,0.0,0.0
7,22,2,0,,,,2.5131166,0.0,0.0,0.0,0.0
7,23,2,0,,,,1.592075,0.0,0.0,0.0,0.0
7,24,2,0,,,,0.75899166,0.0,0.0,0.0,0.0
7,1,3,0,,,,3.1558666,0.0,0.0,0.0,0.0
7,2,3,0,,,,0.335,0.0,0.0,0.0,0.0
7,3,3,0,,,,0.3513,0.0,0.0,0.0,0.0
7,4,3,0,,,,1.37565,0.0,0.0,0.0,0.0
7,5,3,0,,,,1.49575,0.0,0.0,0.0,0.0
7,6,3,0,,,,1.49915,0.0,0.0,0.0,28.73
7,7,3,0,,,,1.0842834,0.0,0.0,0.0,67.63
7,8,3,0,,,,0.53601664,0.0,0.0,0.0,68.28
7,9,3,0,,,,2.3062167,0.0,0.0,0.0,303.87
7,10,3,0,,,,1.2423333,0.0,0.0,0.0,451.04
7,11,3,0,,,,1.06465,0.0,0.0,0.0,628.65
7,12,3,0,,,,3.5211167,0.0,0.0,0.0,275.63
7,13,3,0,,,,1.9114833,0.0,0.0,0.0,377.22
7,14,3,0,,,,1.16875,0.0,0.0,0.0,120.49
7,15,3,0,,,,4.817122,0.0,0.0,0.0,463.98
7,16,3,0,,,,5.5480084,0.0,0.0,0.0,414.6
7,17,3,0,,,,2.1151333,0.0,0.0,0.0,385.21
7,18,3,0,,,,4.1056833,0.0,0.0,0.0,53.65
7,19,3,0,,,,2.3980834,0.0,0.0,0.0,56.4
7,20,3,0,,,,4.0712724,0.0,0.0,0.0,18.85
7,21,3,0,,,,3.1454,0.0,0.0,0.0,0.0
7,22,3,0,,,,2.5131166,0.0,0.0,0.0,0.0
7,23,3,0,,,,3.5592666,0.0,0.0,0.0,0.0
7,24,3,0,,,,0.6441917,0.0,0.0,0.0,0.0
7,1,4,0,,,,0.35541666,0.0,0.0,0.0,0.0
7,2,4,0,,,,0.36683333,0.0,0.0,0.0,0.0
7,3,4,0,,,,0.37175,0.0,0.0,0.0,0.0
7,4,4,0,,,,0.37651667,0.0,0.0,0.0,0.0
7,5,4,0,,,,0.6197,0.0,0.0,0.0,0.0
7,6,4,0,,,,1.1575167,0.0,0.0,0.0,28.74
7,7,4,0,,,,0.73433334,0.0,0.0,0.0,87.97
7,8,4,0,,,,1.7163,0.0,0.0,0.0,259.86
7,9,4,0,,,,3.8275833,0.0,0.0,0.0,428.57
7,10,4,0,,,,0.87668335,0.0,0.0,0.0,587.78
7,11,4,0,,,,3.7978334,0.0,0.0,0.0,667.11
7,12,4,0,,,,0.7209167,0.0,0.0,0.0,707.14
7,13,4,0,,,,1.0828333,0.0,0.0,0.0,712.05
7,14,4,0,,,,1.7752666,0.0,0.0,0.0,682.24
7,15,4,0,,,,5.1055946,0.0,0.0,0.0,502.6
7,16,4,0,,,,5.7156334,0.0,0.0,0.0,540.49
7,17,4,0,,,,4.06555,0.0,0.0,0.0,252.56
7,18,4,0,,,,2.8980167,0.0,0.0,0.0,190.82
7,19,4,0,,,,4.1945834,0.0,0.0,0.0,48.61
7,20,4,0,,,,3.0982168,0.0,0.0,0.0,18.64
7,21,4,0,,,,3.2251334,0.0,0.0,0.0,0.0
7,22,4,0,,,,2.5131166,0.0,0.0,0.0,0.0
7,23,4,0,,,,3.84915,0.0,0.0,0.0,0.0
7,24,4,0,,,,1.6530167,0.0,0.0,0.0,0.0
7,1,5,0,,,,1.6843166,0.0,0.0,0.0,0.0
7,2,5,0,,,,1.6407666,0.0,0.0,0.0,0.0
7,3,5,0,,,,1.54475,0.0,0.0,0.0,0.0
7,4,5,0,,,,1.0353333,0.0,0.0,0.0,0.0
7,5,5,0,,,,0.45,0.0,0.0,0.0,0.0
7,6,5,0,,,,1.2147833,0.0,0.0,0.0,3.51
7,7,5,0,,,,0.79976666,0.0,0.0,0.0,49.78
7,8,5,0,,,,3.8634334,0.0,0.0,0.0,94.9
7,9,5,0,,,,0.52025,0.0,0.0,0.0,331.24
7,10,5,0,,,,0.76086664,0.0,0.0,0.0,553.51
7,11,5,0,,,,1.86965,0.0,0.0,0.0,669.94
7,12,5,0,,,,3.8287168,0.0,0.0,0.0,511.84
7,13,5,0,,,,3.3500333,0.0,0.0,0.0,289.31
7,14,5,0,,,,4.1012335,0.0,0.0,0.0,49.37
7,15,5,0,,,,4.826033,0.0,0.0,0.0,39.27
7,16,5,0,,,,4.7387,0.0,0.0,0.0,164.84
7,17,5,0,,,,4.8701,0.0,0.0,0.0,66.78
7,18,5,0,,,,3.1377,0.0,0.0,0.0,182.02
7,19,5,0,,,,0.7259167,0.0,0.0,0.0,68.23
7,20,5,0,,,,3.9562333,0.0,0.0,0.0,17.6
7,21,5,0,,,,3.0317667,0.0,0.0,0.0,0.0
7,22,5,0,,,,2.33145,0.0,0.0,0.0,0.0
7,23,5,0,,,,2.9789,0.0,0.0,0.0,0.0
7,24,5,0,,,,1.73155,0.0,0.0,0.0,0.0
7,1,6,0,,,,0.35541666,0.0,0.0,0.0,0.0
7,2,6,0,,,,0.36683333,0.0,0.0,0.0,0.0
7,3,6,0,,,,0.6921333,0.0,0.0,0.0,0.0
7,4,6,0,,,,1.35375,0.0,0.0,0.0,0.0
7,5,6,0,,,,0.43561667,0.0,0.0,0.0,0.0
7,6,6,0,,,,1.28325,0.0,0.0,0.0,0.85
7,7,6,0,,,,1.5759833,0.0,0.0,0.0,7.8
7,8,6,0,,,,0.78625,0.0,0.0,0.0,27.6
7,9,6,0,,,,0.87373334,0.0,0.0,0.0,89.49
7,10,6,0,,,,0.6023833,0.0,0.0,0.0,98.36
7,11,6,0,,,,0.84781665,0.0,0.0,0.0,185.01
7,12,6,0,,,,2.08965,0.0,0.0,0.0,129.13
7,13,6,0,,,,1.73505,0.0,0.0,0.0,106.53
7,14,6,0,,,,3.6341667,0.0,0.0,0.0,140.36
7,15,6,0,,,,2.8886166,0.0,0.0,0.0,357.76
7,16,6,0,,,,2.6454334,0.0,0.0,0.0,162.26
7,17,6,0,,,,3.2530832,0.0,0.0,0.0,164.05
7,18,6,0,,,,3.2768333,0.0,0.0,0.0,186.08
7,19,6,0,,,,3.2581334,0.0,0.0,0.0,69.32
7,20,6,0,,,,2.7710667,0.0,0.0,0.0,17.61
7,21,6,0,,,,3.58085,0.0,0.0,0.0,0.0
7,22,6,0,,,,3.0046,0.0,0.0,0.0,0.0
7,23,6,0,,,,4.0624,0.0,0.0,0.0,0.0
7,24,6,0,,,,1.2155334,0.0,0.0,0.0,0.0
7,1,7,0,,,,0.35541666,0.0,0.0,0.0,0.0
7,2,7,0,,,,0.36683333,0.0,0.0,0.0,0.0
7,3,7,0,,,,0.36598334,0.0,0.0,0.0,0.0
7,4,7,0,,,,0.37125,0.0,0.0,0.0,0.0
7,5,7,0,,,,0.454675,0.0,0.0,0.0,0.0
7,6,7,0,,,,1.0035167,0.0,0.0,0.0,0.87
7,7,7,0,,,,0.98508334,0.0,0.0,0.0,82.73
7,8,7,0,,,,0.6496583,0.0,0.0,0.0,254.03
7,9,7,0,,,,1.219325,0.0,0.0,0.0,436.02
7,10,7,0,,,,0.7784167,0.0,0.0,0.0,600.67
7,11,7,0,,,,2.7319,0.0,0.0,0.0,694.26
7,12,7,0,,,,1.25645,0.0,0.0,0.0,746.07
7,13,7,0,,,,2.1152334,0.0,0.0,0.0,776.64
7,14,7,0,,,,5.1202664,0.0,0.0,0.0,748.24
7,15,7,0,,,,2.2500167,0.0,0.0,0.0,659.69
7,16,7,0,,,,3.79435,0.0,0.0,0.0,424.99
7,17,7,0,,,,5.698342,0.0,0.0,0.0,313.27
7,18,7,0,,,,4.9099336,0.0,0.0,0.0,38.85
7,19,7,0,,,,5.88735,0.0,0.0,0.0,47.77
7,20,7,0,,,,5.5498,0.0,0.0,0.0,17.36
7,21,7,0,,,,5.4763,0.0,0.0,0.0,0.0
7,22,7,0,,,,3.7157834,0.0,0.0,0.0,0.0
7,23,7,0,,,,1.6129167,0.0,0.0,0.0,0.0
7,24,7,0,,,,1.3514042,0.0,0.0,0.0,0.0
7,1,1,0,,,,0.35541666,0.0,0.0,0.0,0.0
7,2,1,0,,,,1.2825167,0.0,0.0,0.0,0.0
7,3,1,0,,,,0.36598334,0.0,0.0,0.0,0.0
7,4,1,0,,,,0.37125,0.0,0.0,0.0,0.0
7,5,1,0,,,,0.7216167,0.0,0.0,0.0,0.0
7,6,1,0,,,,1.3949083,0.0,0.0,0.0,0.49
7,7,1,0,,,,0.34303334,0.0,0.0,0.0,7.79
7,8,1,0,,,,0.6121167,0.0,0.0,0.0,37.04
7,9,1,0,,,,0.38086668,0.0,0.0,0.0,33.23
7,10,1,0,,,,0.781,0.0,0.0,0.0,53.35
7,11,1,0,,,,2.7319,0.0,0.0,0.0,698.47
7,12,1,0,,,,2.2357666,0.0,0.0,0.0,463.66
7,13,1,0,,,,3.14045,0.0,0.0,0.0,598.32
7,14,1,0,,,,5.774783,0.0,0.0,0.0,446.51
7,15,1,0,,,,0.30535,0.0,0.0,0.0,618.84
7,16,1,0,,,,4.1692166,0.0,0.0,0.0,129.37
7,17,1,0,,,,3.8974082,0.0,0.0,0.0,215.72
7,18,1,0,,,,2.6721666,0.0,0.0,0.0,143.62
7,19,1,0,,,,5.721017,0.0,0.0,0.0,17.75
7,20,1,0,,,,4.61815,0.0,0.0,0.0,13.37
7,21,1,0,,,,2.49395,0.0,0.0,0.0,0.0
7,22,1,0,,,,4.2850666,0.0,0.0,0.0,0.0
7,23,1,0,,,,1.6179374,0.0,0.0,0.0,0.0
7,24,1,0,,,,1.5488833,0.0,0.0,0.0,0.0
7,1,2,0,,,,3.1558666,0.0,0.0,0.0,0.0
7,2,2,0,,,,3.15925,0.0,0.0,0.0,0.0
7,3,2,0,,,,2.4057,0.0,0.0,0.0,0.0
7,4,2,0,,,,1.37565,0.0,0.0,0.0,0.0
7,5,2,0,,,,1.25835,0.0,0.0,0.0,0.0
7,6,2,0,,,,1.9447833,0.0,0.0,0.0,0.51
7,7,2,0,,,,0.64346665,0.0,0.0,0.0,91.1
7,8,2,0,,,,0.6592,0.0,0.0,0.0,245.14
7,9,2,0,,,,1.0251167,0.0,0.0,0.0,430.95
7,10,2,0,,,,2.52895,0.0,0.0,0.0,562.4
7,11,2,0,,,,1.9733833,0.0,0.0,0.0,670.32
7,12,2,0,,,,2.1623,0.0,0.0,0.0,555.84
7,13,2,0,,,,4.92115,0.0,0.0,0.0,304.63
7,14,2,0,,,,1.9842,0.0,0.0,0.0,754.45
7,15,2,0,,,,0.26968333,0.0,0.0,0.0,488.89
7,16,2,0,,,,1.3192834,0.0,0.0,0.0,458.91
7,17,2,0,,,,0.31661665,0.0,0.0,0.0,334.04
7,18,2,0,,,,0.6427667,0.0,0.0,0.0,159.79
7,19,2,0,,,,1.092,0.0,0.0,0.0,50.36
7,20,2,0,,,,2.4035833,0.0,0.0,0.0,16.88
7,21,2,0,,,,2.8998666,0.0,0.0,0.0,0.0
7,22,2,0,,,,3.6047168,0.0,0.0,0.0,0.0
7,23,2,0,,,,1.88195,0.0,0.0,0.0,0.0
7,24,2,0,,,,0.92518336,0.0,0.0,0.0,0.0
7,1,3,0,,,,3.1558666,0.0,0.0,0.0,0.0
7,2,3,0,,,,0.335,0.0,0.0,0.0,0.0
7,3,3,0,,,,2.0609,0.0,0.0,0.0,0.0
7,4,3,0,,,,0.91323334,0.0,0.0,0.0,0.0
7,5,3,0,,,,0.42936668,0.0,0.0,0.0,0.0
7,6,3,0,,,,1.5678333,0.0,0.0,0.0,8.8
7,7,3,0,,,,0.83563334,0.0,0.0,0.0,84.45
7,8,3,0,,,,1.4352833,0.0,0.0,0.0,253.5
7,9,3,0,,,,3.4564667,0.0,0.0,0.0,439.39
7,10,3,0,,,,0.26455,0.0,0.0,0.0,605.75
7,11,3,0,,,,0.32138333,0.0,0.0,0.0,708.68
7,12,3,0,,,,0.26318333,0.0,0.0,0.0,660.23
7,13,3,0,,,,0.5468,0.0,0.0,0.0,558.13
7,14,3,0,,,,0.6116167,0.0,0.0,0.0,512.26
7,15,3,0,,,,0.3112,0.0,0.0,0.0,365.76
7,16,3,0,,,,1.825875,0.0,0.0,0.0,195.03
7,17,3,0,,,,0.32913333,0.0,0.0,0.0,290.03
7,18,3,0,,,,0.31045,0.0,0.0,0.0,203.92
7,19,3,0,,,,4.094,0.0,0.0,0.0,41.81
7,20,3,0,,,,3.4854,0.0,0.0,0.0,16.02
7,21,3,0,,,,2.99415,0.0,0.0,0.0,0.0
7,22,3,0,,,,1.6915166,0.0,0.0,0.0,0.0
7,23,3,0,,,,3.6320918,0.0,0.0,0.0,0.0
7,24,3,0,,,,0.6508333,0.0,0.0,0.0,0.0
7,1,4,0,,,,1.4662334,0.0,0.0,0.0,0.0
7,2,4,0,,,,1.3105834,0.0,0.0,0.0,0.0
7,3,4,0,,,,1.32595,0.0,0.0,0.0,0.0
7,4,4,0,,,,0.39776668,0.0,0.0,0.0,0.0
7,5,4,0,,,,0.5147,0.0,0.0,0.0,0.0
7,6,4,0,,,,1.6517833,0.0,0.0,0.0,10.57
7,7,4,0,,,,1.1164666,0.0,0.0,0.0,83.9
7,8,4,0,,,,3.9014332,0.0,0.0,0.0,242.42
7,9,4,0,,,,3.4774668,0.0,0.0,0.0,421.66
7,10,4,0,,,,0.93835,0.0,0.0,0.0,575.06
7,11,4,0,,,,0.25095,0.0,0.0,0.0,654.92
7,12,4,0,,,,0.25738335,0.0,0.0,0.0,628.97
7,13,4,0,,,,0.54645,0.0,0.0,0.0,642.21
7,14,4,0,,,,1.2346166,0.0,0.0,0.0,594.14
7,15,4,0,,,,3.1525111,0.0,0.0,0.0,424.9
7,16,4,0,,,,2.0686667,0.0,0.0,0.0,523.15
7,17,4,0,,,,4.6233835,0.0,0.0,0.0,366.68
7,18,4,0,,,,3.7941167,0.0,0.0,0.0,197.05
7,19,4,0,,,,4.4021335,0.0,0.0,0.0,46.23
7,20,4,0,,,,2.9954917,0.0,0.0,0.0,14.59
7,21,4,0,,,,2.3702834,0.0,0.0,0.0,0.0
7,22,4,0,,,,3.2772167,0.0,0.0,0.0,0.0
7,23,4,0,,,,0.6771042,0.0,0.0,0.0,0.0
7,24,4,0,,,,1.9209334,0.0,0.0,0.0,0.0
7,1,5,0,,,,1.6843166,0.0,0.0,0.0,0.0
7,2,5,0,,,,1.6407666,0.0,0.0,0.0,0.0
7,3,5,0,,,,1.54475,0.0,0.0,0.0,0.0
7,4,5,0,,,,1.0353333,0.0,0.0,0.0,0.0
7,5,5,0,,,,0.43561667,0.0,0.0,0.0,0.0
7,6,5,0,,,,2.0686,0.0,0.0,0.0,0.15
7,7,5,0,,,,1.4775333,0.0,0.0,0.0,6.55
7,8,5,0,,,,1.8367833,0.0,0.0,0.0,149.62
7,9,5,0,,,,1.42905,0.0,0.0,0.0,369.34
7,10,5,0,,,,0.8581667,0.0,0.0,0.0,478.35
7,11,5,0,,,,0.8721,0.0,0.0,0.0,643.36
7,12,5,0,,,,3.8420334,0.0,0.0,0.0,696.16
7,13,5,0,,,,3.7521334,0.0,0.0,0.0,599.73
7,14,5,0,,,,4.04375,0.0,0.0,0.0,435.01
7,15,5,0,,,,4.7676,0.0,0.0,0.0,289.92
7,16,5,0,,,,4.03,0.0,0.0,0.0,73.44
7,17,5,0,,,,2.9245,0.0,0.0,0.0,38.4
7,18,5,0,,,,4.707783,0.0,0.0,0.0,83.52
7,19,5,0,,,,4.5032167,0.0,0.0,0.0,44.84
7,20,5,0,,,,4.647,0.0,0.0,0.0,14.55
7,21,5,0,,,,3.9542665,0.0,0.0,0.0,0.0
7,22,5,0,,,,2.7679443,0.0,0.0,0.0,0.0
7,23,5,0,,,,3.2334,0.0,0.0,0.0,0.0
7,24,5,0,,,,2.0649834,0.0,0.0,0.0,0.0
7,1,6,0,,,,0.86425,0.0,0.0,0.0,0.0
7,2,6,0,,,,1.6407666,0.0,0.0,0.0,0.0
7,3,6,0,,,,0.6921333,0.0,0.0,0.0,0.0
7,4,6,0,,,,1.35375,0.0,0.0,0.0,0.0
7,5,6,0,,,,0.97143334,0.0,0.0,0.0,0.0
7,6,6,0,,,,1.5862334,0.0,0.0,0.0,0.14
7,7,6,0,,,,0.95035,0.0,0.0,0.0,79.93
7,8,6,0,,,,0.8748,0.0,0.0,0.0,177.99
7,9,6,0,,,,1.04655,0.0,0.0,0.0,250.03
7,10,6,0,,,,0.71031666,0.0,0.0,0.0,99.66
7,11,6,0,,,,0.8301,0.0,0.0,0.0,156.36
7,12,6,0,,,,1.8779167,0.0,0.0,0.0,192.65
7,13,6,0,,,,4.0424833,0.0,0.0,0.0,176.29
7,14,6,0,,,,3.7942166,0.0,0.0,0.0,538.78
7,15,6,0,,,,4.5671835,0.0,0.0,0.0,578.98
7,16,6,0,,,,4.7914,0.0,0.0,0.0,381.67
7,17,6,0,,,,3.3745832,0.0,0.0,0.0,231.99
7,18,6,0,,,,4.101383,0.0,0.0,0.0,186.69
7,19,6,0,,,,3.4391,0.0,0.0,0.0,55.26
7,20,6,0,,,,3.2759666,0.0,0.0,0.0,11.97
7,21,6,0,,,,3.65505,0.0,0.0,0.0,0.0
7,22,6,0,,,,2.6599834,0.0,0.0,0.0,0.0
7,23,6,0,,,,2.1627,0.0,0.0,0.0,0.0
7,24,6,0,,,,1.3978167,0.0,0.0,0.0,0.0
7,1,7,0,,,,1.4662334,0.0,0.0,0.0,0.0
7,2,7,0,,,,0.33406666,0.0,0.0,0.0,0.0
7,3,7,0,,,,0.36193332,0.0,0.0,0.0,0.0
7,4,7,0,,,,0.3675,0.0,0.0,0.0,0.0
7,5,7,0,,,,1.1772166,0.0,0.0,0.0,0.0
7,6,7,0,,,,1.9531833,0.0,0.0,0.0,2.05
7,7,7,0,,,,0.7525833,0.0,0.0,0.0,6.57
7,8,7,0,,,,0.5089167,0.0,0.0,0.0,139.54
7,9,7,0,,,,5.556033,0.0,0.0,0.0,335.52
7,10,7,0,,,,6.5450835,0.0,0.0,0.0,328.64
7,11,7,0,,,,6.0282,0.0,0.0,0.0,631.75
7,12,7,0,,,,2.9177666,0.0,0.0,0.0,676.12
7,13,7,0,,,,3.9469166,0.0,0.0,0.0,717.78
7,14,7,0,,,,5.9502835,0.0,0.0,0.0,621.32
7,15,7,0,,,,0.557,0.0,0.0,0.0,533.78
7,16,7,0,,,,2.9288166,0.0,0.0,0.0,459.74
7,17,7,0,,,,3.5362582,0.0,0.0,0.0,299.62
7,18,7,0,,,,3.1445,0.0,0.0,0.0,183.9
7,19,7,0,,,,4.1312833,0.0,0.0,0.0,43.21
7,20,7,0,,,,5.5498,0.0,0.0,0.0,12.52
7,21,7,0,,,,4.639,0.0,0.0,0.0,0.0
7,22,7,0,,,,2.1214583,0.0,0.0,0.0,0.0
7,23,7,0,,,,0.46541667,0.0,0.0,0.0,0.0
7,24,7,0,,,,1.4113667,0.0,0.0,0.0,0.0
7,1,1,0,,,,1.2848333,0.0,0.0,0.0,0.0
7,2,1,0,,,,1.3105834,0.0,0.0,0.0,0.0
7,3,1,0,,,,1.3156,0.0,0.0,0.0,0.0
7,4,1,0,,,,0.37116668,0.0,0.0,0.0,0.0
7,5,1,0,,,,0.6688333,0.0,0.0,0.0,0.0
7,6,1,0,,,,1.3845333,0.0,0.0,0.0,0.15
7,7,1,0,,,,0.9949889,0.0,0.0,0.0,6.61
7,8,1,0,,,,0.78458333,0.0,0.0,0.0,55.6
7,9,1,0,,,,0.55365,0.0,0.0,0.0,221.76
7,10,1,0,,,,0.77453333,0.0,0.0,0.0,431.8
7,11,1,0,,,,2.7372832,0.0,0.0,0.0,496.69
7,12,1,0,,,,1.64285,0.0,0.0,0.0,571.61
7,13,1,0,,,,1.5856667,0.0,0.0,0.0,640.37
7,14,1,0,,,,7.70945,0.0,0.0,0.0,525.91
7,15,1,0,,,,3.6711333,0.0,0.0,0.0,441.14
7,16,1,0,,,,2.12315,0.0,0.0,0.0,432.56
7,17,1,0,,,,4.047825,0.0,0.0,0.0,376.76
7,18,1,0,,,,5.0747166,0.0,0.0,0.0,190.36
7,19,1,0,,,,5.9496,0.0,0.0,0.0,54.68
7,20,1,0,,,,5.5498,0.0,0.0,0.0,12.57
7,21,1,0,,,,6.0594,0.0,0.0,0.0,0.0
7,22,1,0,,,,4.9119334,0.0,0.0,0.0,0.0
7,23,1,0,,,,1.7925,0.0,0.0,0.0,0.0
7,24,1,0,,,,0.8379667,0.0,0.0,0.0,0.0
7,1,2,0,,,,3.1558666,0.0,0.0,0.0,0.0
7,2,2,0,,,,3.15925,0.0,0.0,0.0,0.0
7,3,2,0,,,,2.4057,0.0,0.0,0.0,0.0
7,4,2,0,,,,0.9303,0.0,0.0,0.0,0.0
7,5,2,0,,,,1.0864834,0.0,0.0,0.0,0.0
7,6,2,0,,,,1.19455,0.0,0.0,0.0,0.84
7,7,2,0,,,,0.85475,0.0,0.0,0.0,80.72
7,8,2,0,,,,0.9749,0.0,0.0,0.0,236.0
7,9,2,0,,,,3.4210668,0.0,0.0,0.0,419.0
7,10,2,0,,,,4.5631833,0.0,0.0,0.0,545.85
7,11,2,0,,,,2.05025,0.0,0.0,0.0,618.07
7,12,2,0,,,,0.68906665,0.0,0.0,0.0,705.62
7,13,2,0,,,,0.43496665,0.0,0.0,0.0,749.85
7,14,2,0,,,,1.1194,0.0,0.0,0.0,739.74
7,15,2,0,,,,4.446772,0.0,0.0,0.0,643.79
7,16,2,0,,,,2.1829333,0.0,0.0,0.0,303.18
7,17,2,0,,,,0.31161666,0.0,0.0,0.0,34.67
7,18,2,0,,,,1.21725,0.0,0.0,0.0,187.27
7,19,2,0,,,,1.1500833,0.0,0.0,0.0,54.9
7,20,2,0,,,,2.554625,0.0,0.0,0.0,0.0
7,21,2,0,,,,3.6417,0.0,0.0,0.0,0.0
7,22,2,0,,,,4.7598834,0.0,0.0,0.0,0.0
7,23,2,0,,,,1.6150833,0.0,0.0,0.0,0.0
7,24,2,0,,,,0.7046,0.0,0.0,0.0,0.0
7,1,3,0,,,,3.1558666,0.0,0.0,0.0,0.0
7,2,3,0,,,,3.15925,0.0,0.0,0.0,0.0
7,3,3,0,,,,2.4057,0.0,0.0,0.0,0.0
7,4,3,0,,,,0.9303,0.0,0.0,0.0,0.0
7,5,3,0,,,,0.60913336,0.0,0.0,0.0,0.0
7,6,3,0,,,,1.7571666,0.0,0.0,0.0,0.0
7,7,3,0,,,,0.4923,0.0,0.0,0.0,9.54
7,8,3,0,,,,1.6488833,0.0,0.0,0.0,32.27
7,9,3,0,,,,0.8178833,0.0,0.0,0.0,419.34
7,10,3,0,,,,0.99325,0.0,0.0,0.0,381.22
7,11,3,0,,,,1.0110667,0.0,0.0,0.0,665.73
7,12,3,0,,,,4.34645,0.0,0.0,0.0,713.68
7,13,3,0,,,,4.52575,0.0,0.0,0.0,581.5
7,14,3,0,,,,1.7095667,0.0,0.0,0.0,506.12
7,15,3,0,,,,1.2231166,0.0,0.0,0.0,507.56
7,16,3,0,,,,1.8238333,0.0,0.0,0.0,245.98
7,17,3,0,,,,4.6078334,0.0,0.0,0.0,108.36
7,18,3,0,,,,4.06295,0.0,0.0,0.0,179.78
7,19,3,0,,,,3.7585833,0.0,0.0,0.0,55.98
7,20,3,0,,,,2.84445,0.0,0.0,0.0,10.05
7,21,3,0,,,,2.99415,0.0,0.0,0.0,0.0
7,22,3,0,,,,3.1597166,0.0,0.0,0.0,0.0
7,23,3,0,,,,3.85,0.0,0.0,0.0,0.0
7,24,3,0,,,,0.6399861,0.0,0.0,0.0,0.0
7,1,4,0,,,,1.4662334,0.0,0.0,0.0,0.0
7,2,4,0,,,,0.33406666,0.0,0.0,0.0,0.0
7,3,4,0,,,,0.37228334,0.0,0.0,0.0,0.0
7,4,4,0,,,,0.39776668,0.0,0.0,0.0,0.0
7,5,4,0,,,,0.28044167,0.0,0.0,0.0,0.0
7,6,4,0,,,,0.558325,0.0,0.0,0.0,0.85
7,7,4,0,,,,0.50016665,0.0,0.0,0.0,78.58
7,8,4,0,,,,1.8709333,0.0,0.0,0.0,229.54
7,9,4,0,,,,4.0235333,0.0,0.0,0.0,412.26
7,10,4,0,,,,1.2806833,0.0,0.0,0.0,567.87
7,11,4,0,,,,1.0064666,0.0,0.0,0.0,671.7
7,12,4,0,,,,4.33555,0.0,0.0,0.0,701.78
7,13,4,0,,,,2.272,0.0,0.0,0.0,666.17
7,14,4,0,,,,4.2450333,0.0,0.0,0.0,549.17
7,15,4,0,,,,0.25271666,0.0,0.0,0.0,585.47
7,16,4,0,,,,3.2429833,0.0,0.0,0.0,495.43
7,17,4,0,,,,4.498717,0.0,0.0,0.0,359.23
7,18,4,0,,,,4.5459666,0.0,0.0,0.0,183.92
7,19,4,0,,,,4.2692666,0.0,0.0,0.0,44.87
7,20,4,0,,,,2.8573666,0.0,0.0,0.0,9.44
7,21,4,0,,,,2.6462834,0.0,0.0,0.0,0.0
7,22,4,0,,,,2.7478833,0.0,0.0,0.0,0.0
7,23,4,0,,,,3.8298833,0.0,0.0,0.0,0.0
7,24,4,0,,,,1.7012167,0.0,0.0,0.0,0.0
7,1,5,0,,,,1.9466833,0.0,0.0,0.0,0.0
7,2,5,0,,,,0.66425,0.0,0.0,0.0,0.0
7,3,5,0,,,,0.59108335,0.0,0.0,0.0,0.0
7,4,5,0,,,,1.0353333,0.0,0.0,0.0,0.0
7,5,5,0,,,,0.37775,0.0,0.0,0.0,0.0
7,6,5,0,,,,1.0193666,0.0,0.0,0.0,3.43
7,7,5,0,,,,3.2454333,0.0,0.0,0.0,75.07
7,8,5,0,,,,3.1537833,0.0,0.0,0.0,203.72
7,9,5,0,,,,2.2353334,0.0,0.0,0.0,393.62
7,10,5,0,,,,0.9375833,0.0,0.0,0.0,553.44
7,11,5,0,,,,0.8721,0.0,0.0,0.0,660.03
7,12,5,0,,,,4.5913835,0.0,0.0,0.0,738.38
7,13,5,0,,,,4.7910833,0.0,0.0,0.0,706.56
7,14,5,0,,,,3.7818832,0.0,0.0,0.0,638.19
7,15,5,0,,,,4.8350835,0.0,0.0,0.0,547.92
7,16,5,0,,,,4.7012334,0.0,0.0,0.0,468.54
7,17,5,0,,,,2.78765,0.0,0.0,0.0,325.65
7,18,5,0,,,,4.55345,0.0,0.0,0.0,183.26
7,19,5,0,,,,4.252567,0.0,0.0,0.0,49.5
7,20,5,0,,,,4.192167,0.0,0.0,0.0,7.15
7,21,5,0,,,,3.82335,0.0,0.0,0.0,0.0
7,22,5,0,,,,2.7679443,0.0,0.0,0.0,0.0
7,23,5,0,,,,2.7303,0.0,0.0,0.0,0.0
7,24,5,0,,,,1.8474,0.0,0.0,0.0,0.0
7,1,6,0,,,,1.9459167,0.0,0.0,0.0,0.0
7,2,6,0,,,,0.66425,0.0,0.0,0.0,0.0
7,3,6,0,,,,1.6418667,0.0,0.0,0.0,0.0
7,4,6,0,,,,1.35375,0.0,0.0,0.0,0.0
7,5,6,0,,,,0.37775,0.0,0.0,0.0,0.0
7,6,6,0,,,,1.2715666,0.0,0.0,0.0,0.0
7,7,6,0,,,,0.50695,0.0,0.0,0.0,72.59
7,8,6,0,,,,4.2675834,0.0,0.0,0.0,207.69
7,9,6,0,,,,1.1628,0.0,0.0,0.0,229.31
7,10,6,0,,,,0.9116167,0.0,0.0,0.0,501.67
7,11,6,0,,,,1.7059166,0.0,0.0,0.0,533.53
7,12,6,0,,,,2.7907166,0.0,0.0,0.0,373.62
7,13,6,0,,,,2.5391,0.0,0.0,0.0,356.12
7,14,6,0,,,,1.5508167,0.0,0.0,0.0,217.8
7,15,6,0,,,,2.9790168,0.0,0.0,0.0,573.26
7,16,6,0,,,,3.39775,0.0,0.0,0.0,82.53
7,17,6,0,,,,3.2639334,0.0,0.0,0.0,47.64
7,18,6,0,,,,3.7504666,0.0,0.0,0.0,118.6
7,19,6,0,,,,3.7018332,0.0,0.0,0.0,40.92
7,20,6,0,,,,2.4097,0.0,0.0,0.0,8.78
7,21,6,0,,,,3.0043666,0.0,0.0,0.0,0.0
7,22,6,0,,,,2.6599834,0.0,0.0,0.0,0.0
7,23,6,0,,,,2.1627,0.0,0.0,0.0,0.0
7,24,6,0,,,,1.2194834,0.0,0.0,0.0,0.0
7,1,7,0,,,,1.2848333,0.0,0.0,0.0,0.0
7,2,7,0,,,,1.2825167,0.0,0.0,0.0,0.0
7,3,7,0,,,,1.3156,0.0,0.0,0.0,0.0
7,4,7,0,,,,0.37116668,0.0,0.0,0.0,0.0
7,5,7,0,,,,0.71938336,0.0,0.0,0.0,0.0
7,6,7,0,,,,1.6232111,0.0,0.0,0.0,0.0
7,7,7,0,,,,0.41821668,0.0,0.0,0.0,62.14
7,8,7,0,,,,0.89846665,0.0,0.0,0.0,13.56
7,9,7,0,,,,0.5426,0.0,0.0,0.0,81.32
7,10,7,0,,,,0.75341666,0.0,0.0,0.0,193.14
7,11,7,0,,,,5.9765,0.0,0.0,0.0,213.36
7,12,7,0,,,,2.98405,0.0,0.0,0.0,329.81
7,13,7,0,,,,2.3095167,0.0,0.0,0.0,566.46
7,14,7,0,,,,8.128933,0.0,0.0,0.0,557.88
7,15,7,0,,,,3.5080333,0.0,0.0,0.0,416.26
7,16,7,0,,,,2.7296333,0.0,0.0,0.0,494.9
7,17,7,0,,,,6.4651833,0.0,0.0,0.0,240.32
7,18,7,0,,,,4.7323165,0.0,0.0,0.0,23.16
7,19,7,0,,,,5.943617,0.0,0.0,0.0,3.68
7,20,7,0,,,,5.5498,0.0,0.0,0.0,0.11
7,21,7,0,,,,6.0594,0.0,0.0,0.0,0.0
7,22,7,0,,,,2.1214583,0.0,0.0,0.0,0.0
7,23,7,0,,,,0.45451668,0.0,0.0,0.0,0.0
7,24,7,0,,,,1.2273834,0.0,0.0,0.0,0.0
7,1,1,0,,,,1.4662334,0.0,0.0,0.0,0.0
7,2,1,0,,,,0.33406666,0.0,0.0,0.0,0.0
7,3,1,0,,,,0.36193332,0.0,0.0,0.0,0.0
7,4,1,0,,,,0.3675,0.0,0.0,0.0,0.0
7,5,1,0,,,,1.1772166,0.0,0.0,0.0,0.0
7,6,1,0,,,,1.9595778,0.0,0.0,0.0,0.0
7,7,1,0,,,,0.68481666,0.0,0.0,0.0,63.1
7,8,1,0,,,,0.9379167,0.0,0.0,0.0,216.56
7,9,1,0,,,,0.62016666,0.0,0.0,0.0,273.82
7,10,1,0,,,,6.5450835,0.0,0.0,0.0,494.33
7,11,1,0,,,,4.64575,0.0,0.0,0.0,512.92
7,12,1,0,,,,4.12265,0.0,0.0,0.0,770.84
7,13,1,0,,,,2.66065,0.0,0.0,0.0,709.22
7,14,1,0,,,,3.64965,0.0,0.0,0.0,732.03
7,15,1,0,,,,0.30703333,0.0,0.0,0.0,686.42
7,16,1,0,,,,2.58095,0.0,0.0,0.0,546.79
7,17,1,0,,,,3.2913916,0.0,0.0,0.0,386.45
7,18,1,0,,,,3.3492,0.0,0.0,0.0,197.98
7,19,1,0,,,,3.6983666,0.0,0.0,0.0,38.38
7,20,1,0,,,,1.218,0.0,0.0,0.0,6.9
7,21,1,0,,,,3.5275166,0.0,0.0,0.0,0.0
7,22,1,0,,,,3.5743666,0.0,0.0,0.0,0.0
7,23,1,0,,,,1.6469667,0.0,0.0,0.0,0.0
