month,hour,day_type,daylight_savings_status,indoor_dry_bulb_temperature,average_unmet_cooling_setpoint_difference,indoor_relative_humidity,non_shiftable_load,dhw_demand,cooling_demand,heating_demand,solar_generation
7,24,7,0,,,,0.85258335,0.0,0.0,0.0,0.0
8,1,1,0,,,,0.8959,0.0,0.0,0.0,0.0
8,2,1,0,,,,0.62841666,0.0,0.0,0.0,0.0
8,3,1,0,,,,0.6011,0.0,0.0,0.0,0.0
8,4,1,0,,,,0.6397333,0.0,0.0,0.0,0.0
8,5,1,0,,,,0.65503335,0.0,0.0,0.0,0.0
8,6,1,0,,,,1.7929333,0.0,0.0,0.0,0.87
8,7,1,0,,,,1.4242834,0.0,0.0,0.0,41.12
8,8,1,0,,,,1.1411667,0.0,0.0,0.0,14.06
8,9,1,0,,,,1.0572166,0.0,0.0,0.0,58.05
8,10,1,0,,,,2.6194334,0.0,0.0,0.0,310.95
8,11,1,0,,,,2.56615,0.0,0.0,0.0,309.85
8,12,1,0,,,,1.8248667,0.0,0.0,0.0,408.25
8,13,1,0,,,,2.0316334,0.0,0.0,0.0,253.05
8,14,1,0,,,,1.61925,0.0,0.0,0.0,171.52
8,15,1,0,,,,2.5688667,0.0,0.0,0.0,75.01
8,16,1,0,,,,2.8900166,0.0,0.0,0.0,87.93
8,17,1,0,,,,2.9572,0.0,0.0,0.0,82.53
8,18,1,0,,,,2.5205667,0.0,0.0,0.0,39.56
8,19,1,0,,,,2.24665,0.0,0.0,0.0,13.2
8,20,1,0,,,,2.8271832,0.0,0.0,0.0,2.03
8,21,1,0,,,,2.2350333,0.0,0.0,0.0,0.0
8,22,1,0,,,,1.4879667,0.0,0.0,0.0,0.0
8,23,1,0,,,,0.93558335,0.0,0.0,0.0,0.0
8,24,1,0,,,,1.0605667,0.0,0.0,0.0,0.0
8,1,2,0,,,,0.8215167,0.0,0.0,0.0,0.0
8,2,2,0,,,,0.7917333,0.0,0.0,0.0,0.0
8,3,2,0,,,,0.47515,0.0,0.0,0.0,0.0
8,4,2,0,,,,0.9191,0.0,0.0,0.0,0.0
8,5,2,0,,,,0.50818336,0.0,0.0,0.0,0.0
8,6,2,0,,,,1.39245,0.0,0.0,0.0,0.0
8,7,2,0,,,,0.69018334,0.0,0.0,0.0,11.5
8,8,2,0,,,,0.8285667,0.0,0.0,0.0,125.83
8,9,2,0,,,,0.71415,0.0,0.0,0.0,134.75
8,10,2,0,,,,0.77206665,0.0,0.0,0.0,390.48
8,11,2,0,,,,3.1206167,0.0,0.0,0.0,494.46
8,12,2,0,,,,2.18165,0.0,0.0,0.0,330.74
8,13,2,0,,,,2.2646,0.0,0.0,0.0,511.35
8,14,2,0,,,,2.06725,0.0,0.0,0.0,245.64
8,15,2,0,,,,2.9979334,0.0,0.0,0.0,386.38
8,16,2,0,,,,4.6907835,0.0,0.0,0.0,437.32
8,17,2,0,,,,2.1069834,0.0,0.0,0.0,57.81
8,18,2,0,,,,2.2835667,0.0,0.0,0.0,191.58
8,19,2,0,,,,2.0824666,0.0,0.0,0.0,40.21
8,20,2,0,,,,2.83375,0.0,0.0,0.0,4.87
8,21,2,0,,,,2.7558167,0.0,0.0,0.0,0.0
8,22,2,0,,,,1.6169833,0.0,0.0,0.0,0.0
8,23,2,0,,,,1.1664667,0.0,0.0,0.0,0.0
8,24,2,0,,,,1.1039584,0.0,0.0,0.0,0.0
8,1,3,0,,,,1.0417666,0.0,0.0,0.0,0.0
8,2,3,0,,,,0.9820778,0.0,0.0,0.0,0.0
8,3,3,0,,,,0.80298334,0.0,0.0,0.0,0.0
8,4,3,0,,,,0.5014667,0.0,0.0,0.0,0.0
8,5,3,0,,,,0.51343334,0.0,0.0,0.0,0.0
8,6,3,0,,,,1.6170666,0.0,0.0,0.0,0.0
8,7,3,0,,,,0.98305,0.0,0.0,0.0,4.99
8,8,3,0,,,,0.8257167,0.0,0.0,0.0,141.86
8,9,3,0,,,,0.80151665,0.0,0.0,0.0,242.66
8,10,3,0,,,,2.7086,0.0,0.0,0.0,197.38
8,11,3,0,,,,2.4208834,0.0,0.0,0.0,245.73
8,12,3,0,,,,1.6317,0.0,0.0,0.0,365.33
8,13,3,0,,,,2.3025,0.0,0.0,0.0,226.42
8,14,3,0,,,,2.2554834,0.0,0.0,0.0,50.03
8,15,3,0,,,,3.4401333,0.0,0.0,0.0,136.8
8,16,3,0,,,,2.3174167,0.0,0.0,0.0,259.39
8,17,3,0,,,,3.1270168,0.0,0.0,0.0,58.79
8,18,3,0,,,,2.0955834,0.0,0.0,0.0,64.11
8,19,3,0,,,,1.98955,0.0,0.0,0.0,16.24
8,20,3,0,,,,0.8168167,0.0,0.0,0.0,0.13
8,21,3,0,,,,1.5458666,0.0,0.0,0.0,0.0
8,22,3,0,,,,0.90315,0.0,0.0,0.0,0.0
8,23,3,0,,,,0.56661665,0.0,0.0,0.0,0.0
8,24,3,0,,,,0.52135,0.0,0.0,0.0,0.0
8,1,4,0,,,,0.5333667,0.0,0.0,0.0,0.0
8,2,4,0,,,,0.54711664,0.0,0.0,0.0,0.0
8,3,4,0,,,,0.5054167,0.0,0.0,0.0,0.0
8,4,4,0,,,,0.50456667,0.0,0.0,0.0,0.0
8,5,4,0,,,,0.74688333,0.0,0.0,0.0,0.0
8,6,4,0,,,,1.2409,0.0,0.0,0.0,0.0
8,7,4,0,,,,0.65036666,0.0,0.0,0.0,18.04
8,8,4,0,,,,0.7711167,0.0,0.0,0.0,183.25
8,9,4,0,,,,0.6909,0.0,0.0,0.0,419.01
8,10,4,0,,,,0.7949833,0.0,0.0,0.0,566.92
8,11,4,0,,,,0.6763333,0.0,0.0,0.0,631.56
8,12,4,0,,,,0.5699,0.0,0.0,0.0,798.3
8,13,4,0,,,,0.5487,0.0,0.0,0.0,807.67
8,14,4,0,,,,4.2549834,0.0,0.0,0.0,789.21
8,15,4,0,,,,3.5492,0.0,0.0,0.0,700.18
8,16,4,0,,,,2.91225,0.0,0.0,0.0,585.76
8,17,4,0,,,,2.8551,0.0,0.0,0.0,399.45
8,18,4,0,,,,1.8889834,0.0,0.0,0.0,196.43
8,19,4,0,,,,0.55575,0.0,0.0,0.0,36.93
8,20,4,0,,,,1.1607167,0.0,0.0,0.0,3.39
8,21,4,0,,,,3.0792665,0.0,0.0,0.0,0.0
8,22,4,0,,,,1.0992833,0.0,0.0,0.0,0.0
8,23,4,0,,,,0.5171667,0.0,0.0,0.0,0.0
8,24,4,0,,,,0.57026666,0.0,0.0,0.0,0.0
8,1,5,0,,,,0.51168334,0.0,0.0,0.0,0.0
8,2,5,0,,,,0.52283335,0.0,0.0,0.0,0.0
8,3,5,0,,,,0.56838334,0.0,0.0,0.0,0.0
8,4,5,0,,,,0.5082,0.0,0.0,0.0,0.0
8,5,5,0,,,,0.72223336,0.0,0.0,0.0,0.0
8,6,5,0,,,,1.0546334,0.0,0.0,0.0,0.0
8,7,5,0,,,,0.7332,0.0,0.0,0.0,5.03
8,8,5,0,,,,0.7819833,0.0,0.0,0.0,218.46
8,9,5,0,,,,1.4666667,0.0,0.0,0.0,416.38
8,10,5,0,,,,1.1271167,0.0,0.0,0.0,574.11
8,11,5,0,,,,0.9388,0.0,0.0,0.0,360.63
8,12,5,0,,,,0.68946666,0.0,0.0,0.0,234.37
8,13,5,0,,,,0.67913336,0.0,0.0,0.0,818.82
8,14,5,0,,,,3.4112666,0.0,0.0,0.0,769.98
8,15,5,0,,,,3.81205,0.0,0.0,0.0,102.9
8,16,5,0,,,,1.9678167,0.0,0.0,0.0,519.68
8,17,5,0,,,,2.3443334,0.0,0.0,0.0,311.95
8,18,5,0,,,,3.44455,0.0,0.0,0.0,159.32
8,19,5,0,,,,1.5416334,0.0,0.0,0.0,46.91
8,20,5,0,,,,1.3387,0.0,0.0,0.0,3.88
8,21,5,0,,,,2.1132166,0.0,0.0,0.0,0.0
8,22,5,0,,,,1.5458,0.0,0.0,0.0,0.0
8,23,5,0,,,,1.84945,0.0,0.0,0.0,0.0
8,24,5,0,,,,1.3086833,0.0,0.0,0.0,0.0
8,1,6,0,,,,1.1747833,0.0,0.0,0.0,0.0
8,2,6,0,,,,0.86651665,0.0,0.0,0.0,0.0
8,3,6,0,,,,0.81771666,0.0,0.0,0.0,0.0
8,4,6,0,,,,0.61688334,0.0,0.0,0.0,0.0
8,5,6,0,,,,1.0183667,0.0,0.0,0.0,0.0
8,6,6,0,,,,0.87951666,0.0,0.0,0.0,0.0
8,7,6,0,,,,0.79048336,0.0,0.0,0.0,70.93
8,8,6,0,,,,0.89965,0.0,0.0,0.0,240.35
8,9,6,0,,,,1.2938334,0.0,0.0,0.0,443.72
8,10,6,0,,,,1.0981166,0.0,0.0,0.0,607.61
8,11,6,0,,,,0.6207167,0.0,0.0,0.0,725.41
8,12,6,0,,,,0.59313333,0.0,0.0,0.0,741.76
8,13,6,0,,,,0.6138333,0.0,0.0,0.0,797.03
8,14,6,0,,,,0.5769,0.0,0.0,0.0,776.28
8,15,6,0,,,,3.3589666,0.0,0.0,0.0,688.45
8,16,6,0,,,,2.4280667,0.0,0.0,0.0,555.17
8,17,6,0,,,,3.5700834,0.0,0.0,0.0,380.07
8,18,6,0,,,,2.9903,0.0,0.0,0.0,169.46
8,19,6,0,,,,2.3640833,0.0,0.0,0.0,34.4
8,20,6,0,,,,2.3689666,0.0,0.0,0.0,2.86
8,21,6,0,,,,1.2822666,0.0,0.0,0.0,0.0
8,22,6,0,,,,2.2350667,0.0,0.0,0.0,0.0
8,23,6,0,,,,1.57,0.0,0.0,0.0,0.0
8,24,6,0,,,,1.09455,0.0,0.0,0.0,0.0
8,1,7,0,,,,0.79455,0.0,0.0,0.0,0.0
8,2,7,0,,,,0.7665833,0.0,0.0,0.0,0.0
8,3,7,0,,,,0.5273833,0.0,0.0,0.0,0.0
8,4,7,0,,,,0.5251833,0.0,0.0,0.0,0.0
8,5,7,0,,,,0.5732,0.0,0.0,0.0,0.0
8,6,7,0,,,,0.51375,0.0,0.0,0.0,0.0
8,7,7,0,,,,0.5602,0.0,0.0,0.0,61.03
8,8,7,0,,,,0.41966668,0.0,0.0,0.0,224.94
8,9,7,0,,,,0.7407333,0.0,0.0,0.0,371.45
8,10,7,0,,,,0.43946666,0.0,0.0,0.0,497.15
8,11,7,0,,,,0.42001668,0.0,0.0,0.0,672.59
8,12,7,0,,,,0.5538333,0.0,0.0,0.0,750.72
8,13,7,0,,,,0.43778333,0.0,0.0,0.0,703.78
8,14,7,0,,,,0.43105,0.0,0.0,0.0,691.57
8,15,7,0,,,,3.7044,0.0,0.0,0.0,453.91
8,16,7,0,,,,1.9820666,0.0,0.0,0.0,409.35
8,17,7,0,,,,4.389117,0.0,0.0,0.0,279.89
8,18,7,0,,,,3.7946167,0.0,0.0,0.0,18.22
8,19,7,0,,,,4.158117,0.0,0.0,0.0,6.23
8,20,7,0,,,,2.5544167,0.0,0.0,0.0,1.13
8,21,7,0,,,,1.2406334,0.0,0.0,0.0,0.0
8,22,7,0,,,,1.10445,0.0,0.0,0.0,0.0
8,23,7,0,,,,0.80226666,0.0,0.0,0.0,0.0
8,24,7,0,,,,0.81765,0.0,0.0,0.0,0.0
8,1,1,0,,,,0.7808667,0.0,0.0,0.0,0.0
8,2,1,0,,,,0.5585167,0.0,0.0,0.0,0.0
8,3,1,0,,,,0.50945,0.0,0.0,0.0,0.0
8,4,1,0,,,,0.9052,0.0,0.0,0.0,0.0
8,5,1,0,,,,1.3443167,0.0,0.0,0.0,0.0
8,6,1,0,,,,1.3571167,0.0,0.0,0.0,0.0
8,7,1,0,,,,0.9680667,0.0,0.0,0.0,60.06
8,8,1,0,,,,0.8660833,0.0,0.0,0.0,165.84
8,9,1,0,,,,1.1123667,0.0,0.0,0.0,309.42
8,10,1,0,,,,1.0009834,0.0,0.0,0.0,305.84
8,11,1,0,,,,0.6619667,0.0,0.0,0.0,103.57
8,12,1,0,,,,0.64491665,0.0,0.0,0.0,597.7
8,13,1,0,,,,1.13925,0.0,0.0,0.0,729.66
8,14,1,0,,,,3.6354666,0.0,0.0,0.0,724.07
8,15,1,0,,,,1.9015666,0.0,0.0,0.0,34.64
8,16,1,0,,,,1.9043334,0.0,0.0,0.0,38.72
8,17,1,0,,,,1.88025,0.0,0.0,0.0,284.6
8,18,1,0,,,,1.85765,0.0,0.0,0.0,163.84
8,19,1,0,,,,1.4639833,0.0,0.0,0.0,38.42
8,20,1,0,,,,1.2733333,0.0,0.0,0.0,0.78
8,21,1,0,,,,1.3110167,0.0,0.0,0.0,0.0
8,22,1,0,,,,0.9518667,0.0,0.0,0.0,0.0
8,23,1,0,,,,1.04405,0.0,0.0,0.0,0.0
8,24,1,0,,,,0.54211664,0.0,0.0,0.0,0.0
8,1,2,0,,,,0.5484667,0.0,0.0,0.0,0.0
8,2,2,0,,,,0.56225,0.0,0.0,0.0,0.0
8,3,2,0,,,,0.5805333,0.0,0.0,0.0,0.0
8,4,2,0,,,,0.6052833,0.0,0.0,0.0,0.0
8,5,2,0,,,,1.1422,0.0,0.0,0.0,0.0
8,6,2,0,,,,0.7777,0.0,0.0,0.0,0.0
8,7,2,0,,,,0.47566667,0.0,0.0,0.0,59.68
8,8,2,0,,,,0.45813334,0.0,0.0,0.0,230.1
8,9,2,0,,,,0.5015333,0.0,0.0,0.0,419.02
8,10,2,0,,,,0.4791,0.0,0.0,0.0,577.06
8,11,2,0,,,,0.4323,0.0,0.0,0.0,649.32
8,12,2,0,,,,0.4641,0.0,0.0,0.0,645.71
8,13,2,0,,,,0.40595,0.0,0.0,0.0,482.87
8,14,2,0,,,,0.43386668,0.0,0.0,0.0,672.78
8,15,2,0,,,,1.46505,0.0,0.0,0.0,601.63
8,16,2,0,,,,2.2179334,0.0,0.0,0.0,437.42
8,17,2,0,,,,1.9447167,0.0,0.0,0.0,220.42
8,18,2,0,,,,2.6575668,0.0,0.0,0.0,10.54
8,19,2,0,,,,1.5986333,0.0,0.0,0.0,37.92
8,20,2,0,,,,1.5858667,0.0,0.0,0.0,0.0
8,21,2,0,,,,1.3203167,0.0,0.0,0.0,0.0
8,22,2,0,,,,0.56906664,0.0,0.0,0.0,0.0
8,23,2,0,,,,0.6098167,0.0,0.0,0.0,0.0
8,24,2,0,,,,0.52584165,0.0,0.0,0.0,0.0
8,1,3,0,,,,0.53188336,0.0,0.0,0.0,0.0
8,2,3,0,,,,0.55755,0.0,0.0,0.0,0.0
8,3,3,0,,,,0.5523667,0.0,0.0,0.0,0.0
8,4,3,0,,,,0.59608334,0.0,0.0,0.0,0.0
8,5,3,0,,,,2.2881835,0.0,0.0,0.0,0.0
8,6,3,0,,,,1.5445833,0.0,0.0,0.0,0.0
8,7,3,0,,,,0.6972,0.0,0.0,0.0,64.12
8,8,3,0,,,,0.56315,0.0,0.0,0.0,229.96
8,9,3,0,,,,1.0802833,0.0,0.0,0.0,435.71
8,10,3,0,,,,0.9931667,0.0,0.0,0.0,594.42
8,11,3,0,,,,0.62736666,0.0,0.0,0.0,666.55
8,12,3,0,,,,0.74081665,0.0,0.0,0.0,735.62
8,13,3,0,,,,3.65935,0.0,0.0,0.0,617.61
8,14,3,0,,,,1.3790833,0.0,0.0,0.0,645.71
8,15,3,0,,,,1.55465,0.0,0.0,0.0,532.54
8,16,3,0,,,,2.0729334,0.0,0.0,0.0,456.28
8,17,3,0,,,,2.2881167,0.0,0.0,0.0,299.33
8,18,3,0,,,,1.5707,0.0,0.0,0.0,128.01
8,19,3,0,,,,2.4340334,0.0,0.0,0.0,39.12
8,20,3,0,,,,2.3149,0.0,0.0,0.0,0.0
8,21,3,0,,,,1.1650167,0.0,0.0,0.0,0.0
8,22,3,0,,,,0.5776833,0.0,0.0,0.0,0.0
8,23,3,0,,,,0.5485333,0.0,0.0,0.0,0.0
8,24,3,0,,,,0.5150167,0.0,0.0,0.0,0.0
8,1,4,0,,,,0.52985,0.0,0.0,0.0,0.0
8,2,4,0,,,,0.6056,0.0,0.0,0.0,0.0
8,3,4,0,,,,0.55936664,0.0,0.0,0.0,0.0
8,4,4,0,,,,0.55035,0.0,0.0,0.0,0.0
8,5,4,0,,,,1.47555,0.0,0.0,0.0,0.0
8,6,4,0,,,,0.96625,0.0,0.0,0.0,0.0
8,7,4,0,,,,0.66415,0.0,0.0,0.0,3.88
8,8,4,0,,,,0.57005,0.0,0.0,0.0,11.88
8,9,4,0,,,,0.52353334,0.0,0.0,0.0,29.13
8,10,4,0,,,,0.44178334,0.0,0.0,0.0,105.58
8,11,4,0,,,,0.42043334,0.0,0.0,0.0,129.26
8,12,4,0,,,,0.51991665,0.0,0.0,0.0,346.04
8,13,4,0,,,,0.49448332,0.0,0.0,0.0,175.43
8,14,4,0,,,,0.49305,0.0,0.0,0.0,316.09
8,15,4,0,,,,0.9905667,0.0,0.0,0.0,186.53
8,16,4,0,,,,3.4672167,0.0,0.0,0.0,357.68
8,17,4,0,,,,1.8582166,0.0,0.0,0.0,363.48
8,18,4,0,,,,2.8244166,0.0,0.0,0.0,171.27
8,19,4,0,,,,2.42075,0.0,0.0,0.0,33.26
8,20,4,0,,,,1.3726667,0.0,0.0,0.0,0.0
8,21,4,0,,,,1.4909333,0.0,0.0,0.0,0.0
8,22,4,0,,,,1.02075,0.0,0.0,0.0,0.0
8,23,4,0,,,,0.6371,0.0,0.0,0.0,0.0
8,24,4,0,,,,0.58519167,0.0,0.0,0.0,0.0
8,1,5,0,,,,0.58461666,0.0,0.0,0.0,0.0
8,2,5,0,,,,0.58183336,0.0,0.0,0.0,0.0
8,3,5,0,,,,0.5510333,0.0,0.0,0.0,0.0
8,4,5,0,,,,0.54501665,0.0,0.0,0.0,0.0
8,5,5,0,,,,0.75155,0.0,0.0,0.0,0.0
8,6,5,0,,,,1.0480833,0.0,0.0,0.0,0.0
8,7,5,0,,,,0.84711665,0.0,0.0,0.0,59.48
8,8,5,0,,,,0.7999333,0.0,0.0,0.0,222.05
8,9,5,0,,,,0.82593334,0.0,0.0,0.0,409.39
8,10,5,0,,,,1.10115,0.0,0.0,0.0,554.53
8,11,5,0,,,,0.59113336,0.0,0.0,0.0,671.46
8,12,5,0,,,,0.578,0.0,0.0,0.0,737.9
8,13,5,0,,,,0.54565,0.0,0.0,0.0,730.45
8,14,5,0,,,,0.53721666,0.0,0.0,0.0,709.01
8,15,5,0,,,,3.3733,0.0,0.0,0.0,625.89
8,16,5,0,,,,2.8831334,0.0,0.0,0.0,505.84
8,17,5,0,,,,3.8359666,0.0,0.0,0.0,347.67
8,18,5,0,,,,2.49885,0.0,0.0,0.0,165.43
8,19,5,0,,,,1.82405,0.0,0.0,0.0,31.98
8,20,5,0,,,,0.89005,0.0,0.0,0.0,0.0
8,21,5,0,,,,2.5676832,0.0,0.0,0.0,0.0
8,22,5,0,,,,1.3517667,0.0,0.0,0.0,0.0
8,23,5,0,,,,0.50226665,0.0,0.0,0.0,0.0
8,24,5,0,,,,0.50186664,0.0,0.0,0.0,0.0
8,1,6,0,,,,0.54325,0.0,0.0,0.0,0.0
8,2,6,0,,,,0.49251667,0.0,0.0,0.0,0.0
8,3,6,0,,,,0.48247916,0.0,0.0,0.0,0.0
8,4,6,0,,,,0.5190167,0.0,0.0,0.0,0.0
8,5,6,0,,,,0.5007833,0.0,0.0,0.0,0.0
8,6,6,0,,,,0.61398333,0.0,0.0,0.0,0.0
8,7,6,0,,,,0.9829,0.0,0.0,0.0,57.57
8,8,6,0,,,,0.93436664,0.0,0.0,0.0,208.55
8,9,6,0,,,,0.65332,0.0,0.0,0.0,388.04
8,10,6,0,,,,3.3335667,0.0,0.0,0.0,534.47
8,11,6,0,,,,1.7059,0.0,0.0,0.0,655.22
8,12,6,0,,,,1.91125,0.0,0.0,0.0,714.57
8,13,6,0,,,,1.8445,0.0,0.0,0.0,701.48
8,14,6,0,,,,2.6454666,0.0,0.0,0.0,707.11
8,15,6,0,,,,3.11395,0.0,0.0,0.0,622.17
8,16,6,0,,,,4.58975,0.0,0.0,0.0,338.6
8,17,6,0,,,,4.0085335,0.0,0.0,0.0,336.62
8,18,6,0,,,,2.9887333,0.0,0.0,0.0,156.35
8,19,6,0,,,,2.0652666,0.0,0.0,0.0,18.64
8,20,6,0,,,,1.6936166,0.0,0.0,0.0,0.0
8,21,6,0,,,,1.4602833,0.0,0.0,0.0,0.0
8,22,6,0,,,,3.1646667,0.0,0.0,0.0,0.0
8,23,6,0,,,,2.0431666,0.0,0.0,0.0,0.0
8,24,6,0,,,,1.8719916,0.0,0.0,0.0,0.0
8,1,7,0,,,,1.18565,0.0,0.0,0.0,0.0
8,2,7,0,,,,0.88491666,0.0,0.0,0.0,0.0
8,3,7,0,,,,0.8079,0.0,0.0,0.0,0.0
8,4,7,0,,,,0.8329333,0.0,0.0,0.0,0.0
8,5,7,0,,,,0.51268333,0.0,0.0,0.0,0.0
8,6,7,0,,,,0.78748333,0.0,0.0,0.0,0.0
8,7,7,0,,,,1.5671,0.0,0.0,0.0,51.07
8,8,7,0,,,,1.0968333,0.0,0.0,0.0,169.44
8,9,7,0,,,,1.5897417,0.0,0.0,0.0,350.29
8,10,7,0,,,,1.2625333,0.0,0.0,0.0,506.89
8,11,7,0,,,,2.3075833,0.0,0.0,0.0,649.6
8,12,7,0,,,,1.6463833,0.0,0.0,0.0,714.71
8,13,7,0,,,,1.4341333,0.0,0.0,0.0,740.81
8,14,7,0,,,,2.2477667,0.0,0.0,0.0,648.3
8,15,7,0,,,,3.4452,0.0,0.0,0.0,631.32
8,16,7,0,,,,5.0987167,0.0,0.0,0.0,510.95
8,17,7,0,,,,5.716,0.0,0.0,0.0,342.73
8,18,7,0,,,,5.4585333,0.0,0.0,0.0,158.62
8,19,7,0,,,,3.3981667,0.0,0.0,0.0,26.55
8,20,7,0,,,,4.702767,0.0,0.0,0.0,0.0
8,21,7,0,,,,2.3545833,0.0,0.0,0.0,0.0
8,22,7,0,,,,1.9941,0.0,0.0,0.0,0.0
8,23,7,0,,,,2.0545833,0.0,0.0,0.0,0.0
8,24,7,0,,,,1.2854416,0.0,0.0,0.0,0.0
8,1,1,0,,,,1.2105666,0.0,0.0,0.0,0.0
8,2,1,0,,,,0.86665,0.0,0.0,0.0,0.0
8,3,1,0,,,,0.5199,0.0,0.0,0.0,0.0
8,4,1,0,,,,0.5320333,0.0,0.0,0.0,0.0
8,5,1,0,,,,1.8116666,0.0,0.0,0.0,0.0
8,6,1,0,,,,1.1067166,0.0,0.0,0.0,0.0
8,7,1,0,,,,0.74833333,0.0,0.0,0.0,3.34
8,8,1,0,,,,0.66831666,0.0,0.0,0.0,19.19
8,9,1,0,,,,1.1923667,0.0,0.0,0.0,62.13
8,10,1,0,,,,3.8666,0.0,0.0,0.0,78.96
8,11,1,0,,,,1.8741833,0.0,0.0,0.0,96.96
8,12,1,0,,,,2.4463167,0.0,0.0,0.0,147.69
8,13,1,0,,,,2.4026666,0.0,0.0,0.0,114.54
8,14,1,0,,,,2.3257833,0.0,0.0,0.0,103.42
8,15,1,0,,,,2.3530166,0.0,0.0,0.0,162.82
8,16,1,0,,,,2.7025332,0.0,0.0,0.0,96.52
8,17,1,0,,,,4.00825,0.0,0.0,0.0,101.23
8,18,1,0,,,,2.8884168,0.0,0.0,0.0,94.3
8,19,1,0,,,,3.1755166,0.0,0.0,0.0,8.83
8,20,1,0,,,,3.2635667,0.0,0.0,0.0,0.0
8,21,1,0,,,,2.2762,0.0,0.0,0.0,0.0
8,22,1,0,,,,1.77535,0.0,0.0,0.0,0.0
8,23,1,0,,,,1.4671,0.0,0.0,0.0,0.0
8,24,1,0,,,,0.963575,0.0,0.0,0.0,0.0
8,1,2,0,,,,1.13155,0.0,0.0,0.0,0.0
8,2,2,0,,,,0.52501667,0.0,0.0,0.0,0.0
8,3,2,0,,,,0.4685,0.0,0.0,0.0,0.0
8,4,2,0,,,,0.59998333,0.0,0.0,0.0,0.0
8,5,2,0,,,,0.94058335,0.0,0.0,0.0,0.0
8,6,2,0,,,,0.85733336,0.0,0.0,0.0,0.0
8,7,2,0,,,,1.7000333,0.0,0.0,0.0,2.88
8,8,2,0,,,,1.8165833,0.0,0.0,0.0,11.47
8,9,2,0,,,,2.0469084,0.0,0.0,0.0,24.9
8,10,2,0,,,,1.46345,0.0,0.0,0.0,70.53
8,11,2,0,,,,1.86625,0.0,0.0,0.0,73.58
8,12,2,0,,,,2.2453334,0.0,0.0,0.0,104.0
8,13,2,0,,,,2.1349,0.0,0.0,0.0,100.73
8,14,2,0,,,,3.23315,0.0,0.0,0.0,64.79
8,15,2,0,,,,2.5614834,0.0,0.0,0.0,50.29
8,16,2,0,,,,3.04635,0.0,0.0,0.0,44.97
8,17,2,0,,,,3.5108166,0.0,0.0,0.0,31.75
8,18,2,0,,,,2.3572166,0.0,0.0,0.0,36.06
8,19,2,0,,,,3.6449666,0.0,0.0,0.0,11.96
8,20,2,0,,,,2.8732667,0.0,0.0,0.0,0.0
8,21,2,0,,,,1.9894667,0.0,0.0,0.0,0.0
8,22,2,0,,,,2.0896332,0.0,0.0,0.0,0.0
8,23,2,0,,,,1.29585,0.0,0.0,0.0,0.0
8,24,2,0,,,,1.091925,0.0,0.0,0.0,0.0
8,1,3,0,,,,0.64288336,0.0,0.0,0.0,0.0
8,2,3,0,,,,0.75728333,0.0,0.0,0.0,0.0
8,3,3,0,,,,0.61808336,0.0,0.0,0.0,0.0
8,4,3,0,,,,0.6756333,0.0,0.0,0.0,0.0
8,5,3,0,,,,1.4136,0.0,0.0,0.0,0.0
8,6,3,0,,,,1.0496666,0.0,0.0,0.0,0.0
8,7,3,0,,,,1.0326,0.0,0.0,0.0,2.89
8,8,3,0,,,,1.06305,0.0,0.0,0.0,10.88
8,9,3,0,,,,1.0102,0.0,0.0,0.0,52.24
8,10,3,0,,,,1.0450166,0.0,0.0,0.0,97.36
8,11,3,0,,,,1.9241166,0.0,0.0,0.0,132.77
8,12,3,0,,,,3.3380833,0.0,0.0,0.0,119.9
8,13,3,0,,,,2.8795,0.0,0.0,0.0,106.17
8,14,3,0,,,,2.75955,0.0,0.0,0.0,130.23
8,15,3,0,,,,3.5048666,0.0,0.0,0.0,120.43
8,16,3,0,,,,5.0582166,0.0,0.0,0.0,132.99
8,17,3,0,,,,3.49355,0.0,0.0,0.0,64.27
8,18,3,0,,,,2.93515,0.0,0.0,0.0,64.78
8,19,3,0,,,,2.7229,0.0,0.0,0.0,18.44
8,20,3,0,,,,3.3111167,0.0,0.0,0.0,0.0
8,21,3,0,,,,2.5047166,0.0,0.0,0.0,0.0
8,22,3,0,,,,2.31315,0.0,0.0,0.0,0.0
8,23,3,0,,,,1.1248,0.0,0.0,0.0,0.0
8,24,3,0,,,,0.9971833,0.0,0.0,0.0,0.0
8,1,4,0,,,,0.7421,0.0,0.0,0.0,0.0
8,2,4,0,,,,0.71211666,0.0,0.0,0.0,0.0
8,3,4,0,,,,0.44975,0.0,0.0,0.0,0.0
8,4,4,0,,,,0.53975,0.0,0.0,0.0,0.0
8,5,4,0,,,,1.0135666,0.0,0.0,0.0,0.0
8,6,4,0,,,,0.80835,0.0,0.0,0.0,0.0
8,7,4,0,,,,1.0442667,0.0,0.0,0.0,53.86
8,8,4,0,,,,0.5229833,0.0,0.0,0.0,229.11
8,9,4,0,,,,0.4549,0.0,0.0,0.0,430.35
8,10,4,0,,,,0.50696665,0.0,0.0,0.0,586.44
8,11,4,0,,,,0.63053334,0.0,0.0,0.0,707.94
8,12,4,0,,,,0.46266666,0.0,0.0,0.0,741.0
8,13,4,0,,,,0.44011667,0.0,0.0,0.0,723.98
8,14,4,0,,,,0.39805,0.0,0.0,0.0,739.31
8,15,4,0,,,,0.44291666,0.0,0.0,0.0,655.09
8,16,4,0,,,,2.53625,0.0,0.0,0.0,528.89
8,17,4,0,,,,4.254783,0.0,0.0,0.0,354.06
8,18,4,0,,,,2.5555,0.0,0.0,0.0,160.4
8,19,4,0,,,,3.3992,0.0,0.0,0.0,25.43
8,20,4,0,,,,2.8229334,0.0,0.0,0.0,0.0
8,21,4,0,,,,1.84205,0.0,0.0,0.0,0.0
8,22,4,0,,,,1.9633666,0.0,0.0,0.0,0.0
8,23,4,0,,,,1.3143166,0.0,0.0,0.0,0.0
8,24,4,0,,,,1.125,0.0,0.0,0.0,0.0
8,1,5,0,,,,1.00755,0.0,0.0,0.0,0.0
8,2,5,0,,,,0.79078335,0.0,0.0,0.0,0.0
8,3,5,0,,,,0.70683336,0.0,0.0,0.0,0.0
8,4,5,0,,,,0.65575,0.0,0.0,0.0,0.0
8,5,5,0,,,,1.1678333,0.0,0.0,0.0,0.0
8,6,5,0,,,,1.3184333,0.0,0.0,0.0,0.0
8,7,5,0,,,,0.71461666,0.0,0.0,0.0,49.58
8,8,5,0,,,,0.76435,0.0,0.0,0.0,227.86
8,9,5,0,,,,0.77973336,0.0,0.0,0.0,414.0
8,10,5,0,,,,0.69913334,0.0,0.0,0.0,551.4
8,11,5,0,,,,1.88085,0.0,0.0,0.0,654.96
8,12,5,0,,,,1.1315,0.0,0.0,0.0,722.94
8,13,5,0,,,,1.7707,0.0,0.0,0.0,730.33
8,14,5,0,,,,2.1204834,0.0,0.0,0.0,695.43
8,15,5,0,,,,1.6909333,0.0,0.0,0.0,607.99
8,16,5,0,,,,2.0523167,0.0,0.0,0.0,476.73
8,17,5,0,,,,4.13125,0.0,0.0,0.0,335.31
8,18,5,0,,,,2.74985,0.0,0.0,0.0,152.3
8,19,5,0,,,,1.5793333,0.0,0.0,0.0,25.43
8,20,5,0,,,,2.4457333,0.0,0.0,0.0,0.0
8,21,5,0,,,,1.63,0.0,0.0,0.0,0.0
8,22,5,0,,,,0.9383,0.0,0.0,0.0,0.0
8,23,5,0,,,,0.78176665,0.0,0.0,0.0,0.0
8,24,5,0,,,,0.84393334,0.0,0.0,0.0,0.0
8,1,6,0,,,,0.52155,0.0,0.0,0.0,0.0
8,2,6,0,,,,0.56298333,0.0,0.0,0.0,0.0
8,3,6,0,,,,0.51196665,0.0,0.0,0.0,0.0
8,4,6,0,,,,0.53103334,0.0,0.0,0.0,0.0
8,5,6,0,,,,0.6377,0.0,0.0,0.0,0.0
8,6,6,0,,,,2.4499,0.0,0.0,0.0,0.0
8,7,6,0,,,,0.9985833,0.0,0.0,0.0,50.83
8,8,6,0,,,,0.8552833,0.0,0.0,0.0,211.41
8,9,6,0,,,,0.8188,0.0,0.0,0.0,397.07
8,10,6,0,,,,0.8261833,0.0,0.0,0.0,539.11
8,11,6,0,,,,0.7992333,0.0,0.0,0.0,650.72
8,12,6,0,,,,0.79683334,0.0,0.0,0.0,724.63
8,13,6,0,,,,4.0411334,0.0,0.0,0.0,726.67
8,14,6,0,,,,2.6863832,0.0,0.0,0.0,687.57
8,15,6,0,,,,2.1793,0.0,0.0,0.0,603.25
8,16,6,0,,,,2.6450167,0.0,0.0,0.0,487.27
8,17,6,0,,,,1.7171667,0.0,0.0,0.0,327.63
8,18,6,0,,,,2.6500666,0.0,0.0,0.0,145.27
8,19,6,0,,,,2.9385,0.0,0.0,0.0,23.21
8,20,6,0,,,,2.9141166,0.0,0.0,0.0,0.0
8,21,6,0,,,,1.7086333,0.0,0.0,0.0,0.0
8,22,6,0,,,,0.5854,0.0,0.0,0.0,0.0
8,23,6,0,,,,1.0411834,0.0,0.0,0.0,0.0
8,24,6,0,,,,0.64120835,0.0,0.0,0.0,0.0
8,1,7,0,,,,0.54608333,0.0,0.0,0.0,0.0
8,2,7,0,,,,0.5585667,0.0,0.0,0.0,0.0
8,3,7,0,,,,0.58835,0.0,0.0,0.0,0.0
8,4,7,0,,,,0.54608333,0.0,0.0,0.0,0.0
8,5,7,0,,,,0.6419333,0.0,0.0,0.0,0.0
8,6,7,0,,,,1.2002,0.0,0.0,0.0,0.0
8,7,7,0,,,,0.7276,0.0,0.0,0.0,47.77
8,8,7,0,,,,0.70376664,0.0,0.0,0.0,219.31
8,9,7,0,,,,0.75911665,0.0,0.0,0.0,401.17
8,10,7,0,,,,0.83028334,0.0,0.0,0.0,538.8
8,11,7,0,,,,0.52315,0.0,0.0,0.0,641.65
8,12,7,0,,,,0.5522,0.0,0.0,0.0,714.7
8,13,7,0,,,,0.51481664,0.0,0.0,0.0,716.04
8,14,7,0,,,,0.51668334,0.0,0.0,0.0,681.63
8,15,7,0,,,,0.5416833,0.0,0.0,0.0,602.58
8,16,7,0,,,,0.50998336,0.0,0.0,0.0,485.0
8,17,7,0,,,,0.5222,0.0,0.0,0.0,327.42
8,18,7,0,,,,0.5578833,0.0,0.0,0.0,144.16
8,19,7,0,,,,0.5223,0.0,0.0,0.0,22.45
8,20,7,0,,,,4.134617,0.0,0.0,0.0,0.0
8,21,7,0,,,,4.1383667,0.0,0.0,0.0,0.0
8,22,7,0,,,,2.7538834,0.0,0.0,0.0,0.0
8,23,7,0,,,,1.2214167,0.0,0.0,0.0,0.0
8,24,7,0,,,,0.62263334,0.0,0.0,0.0,0.0
8,1,1,0,,,,1.07665,0.0,0.0,0.0,0.0
8,2,1,0,,,,0.60186666,0.0,0.0,0.0,0.0
8,3,1,0,,,,0.60240835,0.0,0.0,0.0,0.0
8,4,1,0,,,,0.61145,0.0,0.0,0.0,0.0
8,5,1,0,,,,1.1686167,0.0,0.0,0.0,0.0
8,6,1,0,,,,1.4136,0.0,0.0,0.0,0.0
8,7,1,0,,,,1.4429834,0.0,0.0,0.0,4.87
8,8,1,0,,,,1.1875,0.0,0.0,0.0,57.33
8,9,1,0,,,,2.1738334,0.0,0.0,0.0,174.04
8,10,1,0,,,,1.4129333,0.0,0.0,0.0,392.97
8,11,1,0,,,,1.61215,0.0,0.0,0.0,567.84
8,12,1,0,,,,1.3307667,0.0,0.0,0.0,354.83
8,13,1,0,,,,1.6365334,0.0,0.0,0.0,329.85
8,14,1,0,,,,1.6190166,0.0,0.0,0.0,642.63
8,15,1,0,,,,1.5706167,0.0,0.0,0.0,330.06
8,16,1,0,,,,2.5988,0.0,0.0,0.0,431.19
8,17,1,0,,,,4.74455,0.0,0.0,0.0,344.87
8,18,1,0,,,,3.5137832,0.0,0.0,0.0,129.29
8,19,1,0,,,,1.922,0.0,0.0,0.0,22.16
8,20,1,0,,,,3.2986834,0.0,0.0,0.0,0.0
8,21,1,0,,,,1.3116833,0.0,0.0,0.0,0.0
8,22,1,0,,,,0.83346665,0.0,0.0,0.0,0.0
8,23,1,0,,,,0.70023334,0.0,0.0,0.0,0.0
8,24,1,0,,,,0.70248336,0.0,0.0,0.0,0.0
8,1,2,0,,,,0.68235,0.0,0.0,0.0,0.0
8,2,2,0,,,,0.68203336,0.0,0.0,0.0,0.0
8,3,2,0,,,,0.6513,0.0,0.0,0.0,0.0
8,4,2,0,,,,0.6368667,0.0,0.0,0.0,0.0
8,5,2,0,,,,1.2941,0.0,0.0,0.0,0.0
8,6,2,0,,,,1.2308667,0.0,0.0,0.0,0.0
8,7,2,0,,,,0.95516664,0.0,0.0,0.0,44.67
8,8,2,0,,,,1.0781,0.0,0.0,0.0,187.2
8,9,2,0,,,,1.1625167,0.0,0.0,0.0,393.78
8,10,2,0,,,,0.7000667,0.0,0.0,0.0,486.38
8,11,2,0,,,,0.7111833,0.0,0.0,0.0,644.69
8,12,2,0,,,,0.6371,0.0,0.0,0.0,690.71
8,13,2,0,,,,0.59138334,0.0,0.0,0.0,666.7
8,14,2,0,,,,0.51295,0.0,0.0,0.0,557.46
8,15,2,0,,,,0.5565,0.0,0.0,0.0,524.85
8,16,2,0,,,,0.53216666,0.0,0.0,0.0,375.38
8,17,2,0,,,,0.5959,0.0,0.0,0.0,167.63
8,18,2,0,,,,0.89525,0.0,0.0,0.0,95.01
8,19,2,0,,,,4.035267,0.0,0.0,0.0,19.36
8,20,2,0,,,,3.5234168,0.0,0.0,0.0,0.0
8,21,2,0,,,,1.2405334,0.0,0.0,0.0,0.0
8,22,2,0,,,,0.65706664,0.0,0.0,0.0,0.0
8,23,2,0,,,,0.54501665,0.0,0.0,0.0,0.0
8,24,2,0,,,,0.557675,0.0,0.0,0.0,0.0
8,1,3,0,,,,0.54073334,0.0,0.0,0.0,0.0
8,2,3,0,,,,0.5322833,0.0,0.0,0.0,0.0
8,3,3,0,,,,0.5528,0.0,0.0,0.0,0.0
8,4,3,0,,,,0.4828,0.0,0.0,0.0,0.0
8,5,3,0,,,,1.5991666,0.0,0.0,0.0,0.0
8,6,3,0,,,,1.50315,0.0,0.0,0.0,0.0
8,7,3,0,,,,1.4973667,0.0,0.0,0.0,46.66
8,8,3,0,,,,0.60426664,0.0,0.0,0.0,216.55
8,9,3,0,,,,0.5639833,0.0,0.0,0.0,411.73
8,10,3,0,,,,0.40806666,0.0,0.0,0.0,562.77
8,11,3,0,,,,0.42945,0.0,0.0,0.0,677.49
8,12,3,0,,,,0.38509166,0.0,0.0,0.0,744.81
8,13,3,0,,,,0.3759,0.0,0.0,0.0,757.37
8,14,3,0,,,,0.4001,0.0,0.0,0.0,715.71
8,15,3,0,,,,0.35043332,0.0,0.0,0.0,620.23
8,16,3,0,,,,1.7182667,0.0,0.0,0.0,500.71
8,17,3,0,,,,4.2254,0.0,0.0,0.0,332.16
8,18,3,0,,,,3.7957335,0.0,0.0,0.0,140.75
8,19,3,0,,,,3.1789668,0.0,0.0,0.0,19.27
8,20,3,0,,,,2.3506,0.0,0.0,0.0,0.0
8,21,3,0,,,,1.1389,0.0,0.0,0.0,0.0
8,22,3,0,,,,0.7539167,0.0,0.0,0.0,0.0
8,23,3,0,,,,0.7349667,0.0,0.0,0.0,0.0
8,24,3,0,,,,0.63063335,0.0,0.0,0.0,0.0
8,1,4,0,,,,0.65515,0.0,0.0,0.0,0.0
8,2,4,0,,,,0.6624333,0.0,0.0,0.0,0.0
8,3,4,0,,,,0.6344333,0.0,0.0,0.0,0.0
8,4,4,0,,,,0.66065,0.0,0.0,0.0,0.0
8,5,4,0,,,,0.9244417,0.0,0.0,0.0,0.0
8,6,4,0,,,,1.0496167,0.0,0.0,0.0,0.0
8,7,4,0,,,,1.1901833,0.0,0.0,0.0,46.1
8,8,4,0,,,,0.7883667,0.0,0.0,0.0,221.02
8,9,4,0,,,,0.45661667,0.0,0.0,0.0,383.08
8,10,4,0,,,,0.39838332,0.0,0.0,0.0,515.9
8,11,4,0,,,,0.35618332,0.0,0.0,0.0,659.04
8,12,4,0,,,,0.41451666,0.0,0.0,0.0,729.9
8,13,4,0,,,,0.37335,0.0,0.0,0.0,657.55
8,14,4,0,,,,0.36068332,0.0,0.0,0.0,702.33
8,15,4,0,,,,0.4163,0.0,0.0,0.0,623.83
8,16,4,0,,,,2.8012,0.0,0.0,0.0,497.82
8,17,4,0,,,,3.1447,0.0,0.0,0.0,325.67
8,18,4,0,,,,1.7159834,0.0,0.0,0.0,139.45
8,19,4,0,,,,2.3268332,0.0,0.0,0.0,17.8
8,20,4,0,,,,1.8744667,0.0,0.0,0.0,0.0
8,21,4,0,,,,0.9449667,0.0,0.0,0.0,0.0
8,22,4,0,,,,0.70655,0.0,0.0,0.0,0.0
8,23,4,0,,,,0.6607,0.0,0.0,0.0,0.0
8,24,4,0,,,,0.67658335,0.0,0.0,0.0,0.0
8,1,5,0,,,,0.67658335,0.0,0.0,0.0,0.0
8,2,5,0,,,,0.6547167,0.0,0.0,0.0,0.0
8,3,5,0,,,,0.7657667,0.0,0.0,0.0,0.0
8,4,5,0,,,,0.7032167,0.0,0.0,0.0,0.0
8,5,5,0,,,,1.3295333,0.0,0.0,0.0,0.0
8,6,5,0,,,,0.9956667,0.0,0.0,0.0,0.0
8,7,5,0,,,,0.4817,0.0,0.0,0.0,43.44
8,8,5,0,,,,0.50916666,0.0,0.0,0.0,203.79
8,9,5,0,,,,0.55001664,0.0,0.0,0.0,391.15
8,10,5,0,,,,0.46491668,0.0,0.0,0.0,509.4
8,11,5,0,,,,0.4651,0.0,0.0,0.0,658.56
8,12,5,0,,,,0.47,0.0,0.0,0.0,726.66
8,13,5,0,,,,0.41573334,0.0,0.0,0.0,729.96
8,14,5,0,,,,0.4303,0.0,0.0,0.0,687.34
8,15,5,0,,,,0.40938333,0.0,0.0,0.0,595.82
8,16,5,0,,,,0.38843334,0.0,0.0,0.0,481.9
8,17,5,0,,,,0.69191664,0.0,0.0,0.0,318.63
8,18,5,0,,,,0.7498,0.0,0.0,0.0,133.42
8,19,5,0,,,,0.91756666,0.0,0.0,0.0,17.05
8,20,5,0,,,,1.4151833,0.0,0.0,0.0,0.0
8,21,5,0,,,,1.4194666,0.0,0.0,0.0,0.0
8,22,5,0,,,,0.8663667,0.0,0.0,0.0,0.0
8,23,5,0,,,,0.68383336,0.0,0.0,0.0,0.0
8,24,5,0,,,,0.7197833,0.0,0.0,0.0,0.0
8,1,6,0,,,,0.6960833,0.0,0.0,0.0,0.0
8,2,6,0,,,,0.71508336,0.0,0.0,0.0,0.0
8,3,6,0,,,,0.6986167,0.0,0.0,0.0,0.0
8,4,6,0,,,,0.6993167,0.0,0.0,0.0,0.0
8,5,6,0,,,,0.67053336,0.0,0.0,0.0,0.0
8,6,6,0,,,,0.95953333,0.0,0.0,0.0,0.0
8,7,6,0,,,,0.7283,0.0,0.0,0.0,44.0
8,8,6,0,,,,0.66363335,0.0,0.0,0.0,207.72
8,9,6,0,,,,0.77098334,0.0,0.0,0.0,400.92
8,10,6,0,,,,0.52246666,0.0,0.0,0.0,555.59
8,11,6,0,,,,0.67331666,0.0,0.0,0.0,669.89
8,12,6,0,,,,0.7367167,0.0,0.0,0.0,741.04
8,13,6,0,,,,1.4078,0.0,0.0,0.0,754.04
8,14,6,0,,,,0.7506667,0.0,0.0,0.0,724.82
8,15,6,0,,,,0.9977667,0.0,0.0,0.0,622.81
8,16,6,0,,,,1.6009333,0.0,0.0,0.0,494.52
8,17,6,0,,,,0.98721665,0.0,0.0,0.0,323.98
8,18,6,0,,,,2.5443332,0.0,0.0,0.0,131.54
8,19,6,0,,,,1.5071334,0.0,0.0,0.0,16.34
8,20,6,0,,,,1.49035,0.0,0.0,0.0,0.0
8,21,6,0,,,,1.1178334,0.0,0.0,0.0,0.0
8,22,6,0,,,,0.73185,0.0,0.0,0.0,0.0
8,23,6,0,,,,0.809,0.0,0.0,0.0,0.0
8,24,6,0,,,,0.5634083,0.0,0.0,0.0,0.0
8,1,7,0,,,,0.5377833,0.0,0.0,0.0,0.0
8,2,7,0,,,,0.5674833,0.0,0.0,0.0,0.0
8,3,7,0,,,,0.5707333,0.0,0.0,0.0,0.0
8,4,7,0,,,,0.60143334,0.0,0.0,0.0,0.0
8,5,7,0,,,,0.57198334,0.0,0.0,0.0,0.0
8,6,7,0,,,,0.9556,0.0,0.0,0.0,0.0
8,7,7,0,,,,0.7765,0.0,0.0,0.0,41.1
8,8,7,0,,,,0.8925167,0.0,0.0,0.0,208.13
8,9,7,0,,,,1.1635,0.0,0.0,0.0,397.91
8,10,7,0,,,,0.70411664,0.0,0.0,0.0,544.31
8,11,7,0,,,,0.57311666,0.0,0.0,0.0,659.72
8,12,7,0,,,,0.70678335,0.0,0.0,0.0,700.05
8,13,7,0,,,,0.7182,0.0,0.0,0.0,682.23
8,14,7,0,,,,0.5056667,0.0,0.0,0.0,656.18
8,15,7,0,,,,4.084183,0.0,0.0,0.0,594.6
8,16,7,0,,,,3.6434834,0.0,0.0,0.0,461.37
8,17,7,0,,,,2.5272,0.0,0.0,0.0,304.02
8,18,7,0,,,,2.6038666,0.0,0.0,0.0,125.82
8,19,7,0,,,,3.53165,0.0,0.0,0.0,15.13
8,20,7,0,,,,3.4950666,0.0,0.0,0.0,0.0
8,21,7,0,,,,2.0340667,0.0,0.0,0.0,0.0
8,22,7,0,,,,1.2897,0.0,0.0,0.0,0.0
8,23,7,0,,,,0.77646667,0.0,0.0,0.0,0.0
8,24,7,0,,,,0.7604,0.0,0.0,0.0,0.0
8,1,1,0,,,,0.789,0.0,0.0,0.0,0.0
8,2,1,0,,,,0.75975,0.0,0.0,0.0,0.0
8,3,1,0,,,,0.70891666,0.0,0.0,0.0,0.0
8,4,1,0,,,,0.81553334,0.0,0.0,0.0,0.0
8,5,1,0,,,,1.2240833,0.0,0.0,0.0,0.0
8,6,1,0,,,,1.0996833,0.0,0.0,0.0,0.0
8,7,1,0,,,,1.06925,0.0,0.0,0.0,39.07
8,8,1,0,,,,1.14525,0.0,0.0,0.0,210.68
8,9,1,0,,,,1.21965,0.0,0.0,0.0,410.86
8,10,1,0,,,,1.0027333,0.0,0.0,0.0,564.25
8,11,1,0,,,,0.99955,0.0,0.0,0.0,678.7
8,12,1,0,,,,1.0119833,0.0,0.0,0.0,744.71
8,13,1,0,,,,0.96451664,0.0,0.0,0.0,747.62
8,14,1,0,,,,0.9561333,0.0,0.0,0.0,706.5
8,15,1,0,,,,2.0906334,0.0,0.0,0.0,611.63
8,16,1,0,,,,4.2534666,0.0,0.0,0.0,485.78
8,17,1,0,,,,3.3191833,0.0,0.0,0.0,308.98
8,18,1,0,,,,2.4302833,0.0,0.0,0.0,126.61
8,19,1,0,,,,1.61535,0.0,0.0,0.0,14.02
8,20,1,0,,,,3.4479334,0.0,0.0,0.0,0.0
8,21,1,0,,,,3.5187333,0.0,0.0,0.0,0.0
8,22,1,0,,,,2.6766,0.0,0.0,0.0,0.0
8,23,1,0,,,,1.9100833,0.0,0.0,0.0,0.0
8,24,1,0,,,,1.1455417,0.0,0.0,0.0,0.0
8,1,2,0,,,,0.8125,0.0,0.0,0.0,0.0
8,2,2,0,,,,1.1057,0.0,0.0,0.0,0.0
8,3,2,0,,,,0.93486667,0.0,0.0,0.0,0.0
8,4,2,0,,,,0.79623336,0.0,0.0,0.0,0.0
8,5,2,0,,,,1.1735667,0.0,0.0,0.0,0.0
8,6,2,0,,,,1.6987,0.0,0.0,0.0,0.0
8,7,2,0,,,,1.2994334,0.0,0.0,0.0,39.9
8,8,2,0,,,,0.5391167,0.0,0.0,0.0,205.55
8,9,2,0,,,,0.48168334,0.0,0.0,0.0,386.94
8,10,2,0,,,,0.45301667,0.0,0.0,0.0,534.28
8,11,2,0,,,,0.87070835,0.0,0.0,0.0,655.21
8,12,2,0,,,,0.42072222,0.0,0.0,0.0,724.07
8,13,2,0,,,,0.40073332,0.0,0.0,0.0,723.06
8,14,2,0,,,,0.3892,0.0,0.0,0.0,673.5
8,15,2,0,,,,0.43563333,0.0,0.0,0.0,581.08
8,16,2,0,,,,2.7938333,0.0,0.0,0.0,458.24
8,17,2,0,,,,4.4899836,0.0,0.0,0.0,299.3
8,18,2,0,,,,4.3180666,0.0,0.0,0.0,121.24
8,19,2,0,,,,4.31705,0.0,0.0,0.0,12.17
8,20,2,0,,,,3.1380832,0.0,0.0,0.0,0.0
8,21,2,0,,,,2.4687,0.0,0.0,0.0,0.0
8,22,2,0,,,,2.344,0.0,0.0,0.0,0.0
8,23,2,0,,,,1.5495334,0.0,0.0,0.0,0.0
8,24,2,0,,,,1.5484084,0.0,0.0,0.0,0.0
8,1,3,0,,,,1.1827667,0.0,0.0,0.0,0.0
8,2,3,0,,,,1.2765666,0.0,0.0,0.0,0.0
8,3,3,0,,,,0.93808335,0.0,0.0,0.0,0.0
8,4,3,0,,,,0.98723334,0.0,0.0,0.0,0.0
8,5,3,0,,,,1.9677833,0.0,0.0,0.0,0.0
8,6,3,0,,,,1.6774833,0.0,0.0,0.0,0.0
8,7,3,0,,,,0.99738336,0.0,0.0,0.0,1.04
8,8,3,0,,,,0.78966665,0.0,0.0,0.0,64.93
8,9,3,0,,,,0.75776666,0.0,0.0,0.0,328.17
8,10,3,0,,,,0.72548336,0.0,0.0,0.0,512.0
8,11,3,0,,,,1.0042833,0.0,0.0,0.0,631.77
8,12,3,0,,,,0.66345,0.0,0.0,0.0,694.68
8,13,3,0,,,,0.60181665,0.0,0.0,0.0,712.83
8,14,3,0,,,,0.63481665,0.0,0.0,0.0,614.83
8,15,3,0,,,,0.60223335,0.0,0.0,0.0,85.63
8,16,3,0,,,,2.7933166,0.0,0.0,0.0,422.67
8,17,3,0,,,,4.3641,0.0,0.0,0.0,296.94
8,18,3,0,,,,3.8088834,0.0,0.0,0.0,113.03
8,19,3,0,,,,2.569,0.0,0.0,0.0,10.51
8,20,3,0,,,,4.54625,0.0,0.0,0.0,0.0
8,21,3,0,,,,2.14645,0.0,0.0,0.0,0.0
8,22,3,0,,,,1.2003334,0.0,0.0,0.0,0.0
8,23,3,0,,,,1.0044667,0.0,0.0,0.0,0.0
8,24,3,0,,,,1.04385,0.0,0.0,0.0,0.0
9,1,4,0,,,,0.5822667,0.0,0.0,0.0,0.0
9,2,4,0,,,,1.5056833,0.0,0.0,0.0,0.0
9,3,4,0,,,,0.94881666,0.0,0.0,0.0,0.0
9,4,4,0,,,,0.7989,0.0,0.0,0.0,0.0
9,5,4,0,,,,1.0583167,0.0,0.0,0.0,0.0
9,6,4,0,,,,1.4917834,0.0,0.0,0.0,0.0
9,7,4,0,,,,1.87385,0.0,0.0,0.0,26.33
9,8,4,0,,,,0.91885,0.0,0.0,0.0,184.92
9,9,4,0,,,,0.42465,0.0,0.0,0.0,380.33
9,10,4,0,,,,0.8066667,0.0,0.0,0.0,543.23
9,11,4,0,,,,2.5548167,0.0,0.0,0.0,659.21
9,12,4,0,,,,1.9954,0.0,0.0,0.0,697.89
9,13,4,0,,,,1.0946833,0.0,0.0,0.0,640.67
9,14,4,0,,,,1.4236,0.0,0.0,0.0,569.86
9,15,4,0,,,,1.4513167,0.0,0.0,0.0,436.71
9,16,4,0,,,,1.7906166,0.0,0.0,0.0,358.19
9,17,4,0,,,,1.7051834,0.0,0.0,0.0,257.91
9,18,4,0,,,,1.3617667,0.0,0.0,0.0,110.85
9,19,4,0,,,,1.5248333,0.0,0.0,0.0,9.38
9,20,4,0,,,,2.80355,0.0,0.0,0.0,0.0
9,21,4,0,,,,1.9878167,0.0,0.0,0.0,0.0
9,22,4,0,,,,0.8864833,0.0,0.0,0.0,0.0
9,23,4,0,,,,0.68905,0.0,0.0,0.0,0.0
9,24,4,0,,,,0.6796833,0.0,0.0,0.0,0.0
9,1,5,0,,,,0.68135,0.0,0.0,0.0,0.0
9,2,5,0,,,,0.70486665,0.0,0.0,0.0,0.0
9,3,5,0,,,,0.71865,0.0,0.0,0.0,0.0
9,4,5,0,,,,0.7550167,0.0,0.0,0.0,0.0
9,5,5,0,,,,1.2405334,0.0,0.0,0.0,0.0
9,6,5,0,,,,1.40485,0.0,0.0,0.0,0.0
9,7,5,0,,,,1.3164166,0.0,0.0,0.0,34.99
9,8,5,0,,,,1.2292334,0.0,0.0,0.0,198.04
9,9,5,0,,,,0.86186665,0.0,0.0,0.0,390.85
9,10,5,0,,,,0.68513334,0.0,0.0,0.0,540.79
9,11,5,0,,,,0.6173,0.0,0.0,0.0,647.86
9,12,5,0,,,,0.6081333,0.0,0.0,0.0,713.33
9,13,5,0,,,,0.57558334,0.0,0.0,0.0,690.05
9,14,5,0,,,,0.58108336,0.0,0.0,0.0,637.52
9,15,5,0,,,,0.5861667,0.0,0.0,0.0,489.64
9,16,5,0,,,,1.3082,0.0,0.0,0.0,406.39
9,17,5,0,,,,5.721667,0.0,0.0,0.0,281.66
9,18,5,0,,,,2.77915,0.0,0.0,0.0,112.24
9,19,5,0,,,,1.3720833,0.0,0.0,0.0,8.2
9,20,5,0,,,,1.5476,0.0,0.0,0.0,0.0
9,21,5,0,,,,1.429,0.0,0.0,0.0,0.0
9,22,5,0,,,,2.0534832,0.0,0.0,0.0,0.0
9,23,5,0,,,,0.9948,0.0,0.0,0.0,0.0
9,24,5,0,,,,0.8571417,0.0,0.0,0.0,0.0
9,1,6,0,,,,0.83035,0.0,0.0,0.0,0.0
9,2,6,0,,,,0.8438,0.0,0.0,0.0,0.0
9,3,6,0,,,,0.8171333,0.0,0.0,0.0,0.0
9,4,6,0,,,,0.80885,0.0,0.0,0.0,0.0
9,5,6,0,,,,0.90795,0.0,0.0,0.0,0.0
9,6,6,0,,,,1.0999666,0.0,0.0,0.0,0.0
9,7,6,0,,,,1.07095,0.0,0.0,0.0,27.81
9,8,6,0,,,,1.0834167,0.0,0.0,0.0,173.13
9,9,6,0,,,,0.969,0.0,0.0,0.0,360.7
9,10,6,0,,,,1.1374834,0.0,0.0,0.0,512.86
9,11,6,0,,,,1.1174834,0.0,0.0,0.0,613.49
9,12,6,0,,,,0.88665,0.0,0.0,0.0,682.27
9,13,6,0,,,,0.7560167,0.0,0.0,0.0,621.61
9,14,6,0,,,,0.71025,0.0,0.0,0.0,285.97
9,15,6,0,,,,0.68513334,0.0,0.0,0.0,151.42
9,16,6,0,,,,0.7204,0.0,0.0,0.0,40.21
9,17,6,0,,,,0.6806333,0.0,0.0,0.0,122.99
9,18,6,0,,,,0.68936664,0.0,0.0,0.0,4.12
9,19,6,0,,,,0.7121,0.0,0.0,0.0,6.67
9,20,6,0,,,,0.71108335,0.0,0.0,0.0,0.0
9,21,6,0,,,,1.8009167,0.0,0.0,0.0,0.0
9,22,6,0,,,,1.39615,0.0,0.0,0.0,0.0
9,23,6,0,,,,0.95561665,0.0,0.0,0.0,0.0
9,24,6,0,,,,0.66954166,0.0,0.0,0.0,0.0
9,1,7,0,,,,0.678,0.0,0.0,0.0,0.0
9,2,7,0,,,,0.71741664,0.0,0.0,0.0,0.0
9,3,7,0,,,,0.671,0.0,0.0,0.0,0.0
9,4,7,0,,,,0.67391664,0.0,0.0,0.0,0.0
9,5,7,0,,,,0.68875,0.0,0.0,0.0,0.0
9,6,7,0,,,,0.8122333,0.0,0.0,0.0,0.0
9,7,7,0,,,,0.8649667,0.0,0.0,0.0,0.65
9,8,7,0,,,,0.83885,0.0,0.0,0.0,9.63
9,9,7,0,,,,1.08235,0.0,0.0,0.0,35.79
9,10,7,0,,,,0.9195167,0.0,0.0,0.0,64.72
9,11,7,0,,,,1.4644166,0.0,0.0,0.0,319.77
9,12,7,0,,,,0.6659667,0.0,0.0,0.0,364.8
9,13,7,0,,,,0.5538333,0.0,0.0,0.0,414.97
9,14,7,0,,,,1.1991,0.0,0.0,0.0,318.45
9,15,7,0,,,,1.7466,0.0,0.0,0.0,80.21
9,16,7,0,,,,1.2408834,0.0,0.0,0.0,69.21
9,17,7,0,,,,0.72891665,0.0,0.0,0.0,58.37
9,18,7,0,,,,1.39735,0.0,0.0,0.0,6.54
9,19,7,0,,,,2.20425,0.0,0.0,0.0,5.38
9,20,7,0,,,,2.5631666,0.0,0.0,0.0,0.0
9,21,7,0,,,,1.5239834,0.0,0.0,0.0,0.0
9,22,7,0,,,,1.2552333,0.0,0.0,0.0,0.0
9,23,7,0,,,,0.7561167,0.0,0.0,0.0,0.0
9,24,7,0,,,,0.7132,0.0,0.0,0.0,0.0
9,1,1,0,,,,0.71891665,0.0,0.0,0.0,0.0
9,2,1,0,,,,0.7050167,0.0,0.0,0.0,0.0
9,3,1,0,,,,0.6971833,0.0,0.0,0.0,0.0
9,4,1,0,,,,0.8260667,0.0,0.0,0.0,0.0
9,5,1,0,,,,0.91298336,0.0,0.0,0.0,0.0
9,6,1,0,,,,0.7280167,0.0,0.0,0.0,0.0
9,7,1,0,,,,0.75635,0.0,0.0,0.0,32.85
9,8,1,0,,,,1.0606834,0.0,0.0,0.0,120.58
9,9,1,0,,,,0.65603334,0.0,0.0,0.0,210.17
9,10,1,0,,,,0.42085,0.0,0.0,0.0,218.18
9,11,1,0,,,,0.42566666,0.0,0.0,0.0,541.99
9,12,1,0,,,,0.41036665,0.0,0.0,0.0,524.4
9,13,1,0,,,,0.48486668,0.0,0.0,0.0,647.9
9,14,1,0,,,,0.48783332,0.0,0.0,0.0,590.99
9,15,1,0,,,,0.63685,0.0,0.0,0.0,595.21
9,16,1,0,,,,1.4242,0.0,0.0,0.0,471.92
9,17,1,0,,,,1.4066,0.0,0.0,0.0,280.29
9,18,1,0,,,,0.56493336,0.0,0.0,0.0,74.49
9,19,1,0,,,,1.45845,0.0,0.0,0.0,1.19
9,20,1,0,,,,2.13085,0.0,0.0,0.0,0.0
9,21,1,0,,,,1.1703833,0.0,0.0,0.0,0.0
9,22,1,0,,,,0.54646665,0.0,0.0,0.0,0.0
9,23,1,0,,,,0.5115833,0.0,0.0,0.0,0.0
9,24,1,0,,,,0.48606667,0.0,0.0,0.0,0.0
9,1,2,0,,,,0.4826,0.0,0.0,0.0,0.0
9,2,2,0,,,,0.4881,0.0,0.0,0.0,0.0
9,3,2,0,,,,0.49105,0.0,0.0,0.0,0.0
9,4,2,0,,,,0.46988332,0.0,0.0,0.0,0.0
9,5,2,0,,,,1.3957833,0.0,0.0,0.0,0.0
9,6,2,0,,,,1.6784834,0.0,0.0,0.0,0.0
9,7,2,0,,,,1.1048833,0.0,0.0,0.0,30.44
9,8,2,0,,,,0.55413336,0.0,0.0,0.0,186.58
9,9,2,0,,,,0.48973334,0.0,0.0,0.0,344.98
9,10,2,0,,,,0.41075,0.0,0.0,0.0,338.45
9,11,2,0,,,,0.4101,0.0,0.0,0.0,566.98
9,12,2,0,,,,0.39936668,0.0,0.0,0.0,712.94
9,13,2,0,,,,0.38253334,0.0,0.0,0.0,725.7
9,14,2,0,,,,0.37933335,0.0,0.0,0.0,693.25
9,15,2,0,,,,0.37368333,0.0,0.0,0.0,543.4
9,16,2,0,,,,0.3945,0.0,0.0,0.0,430.39
9,17,2,0,,,,0.47533333,0.0,0.0,0.0,284.59
9,18,2,0,,,,1.3578167,0.0,0.0,0.0,100.47
9,19,2,0,,,,1.6868334,0.0,0.0,0.0,2.42
9,20,2,0,,,,2.3533332,0.0,0.0,0.0,0.0
9,21,2,0,,,,1.1063833,0.0,0.0,0.0,0.0
9,22,2,0,,,,0.5258333,0.0,0.0,0.0,0.0
9,23,2,0,,,,0.4956,0.0,0.0,0.0,0.0
9,24,2,0,,,,0.48194167,0.0,0.0,0.0,0.0
9,1,3,0,,,,0.49723333,0.0,0.0,0.0,0.0
9,2,3,0,,,,0.475,0.0,0.0,0.0,0.0
9,3,3,0,,,,0.53471667,0.0,0.0,0.0,0.0
9,4,3,0,,,,0.50873333,0.0,0.0,0.0,0.0
9,5,3,0,,,,1.1589167,0.0,0.0,0.0,0.0
9,6,3,0,,,,2.1426167,0.0,0.0,0.0,0.0
9,7,3,0,,,,1.2256,0.0,0.0,0.0,28.9
9,8,3,0,,,,0.49698332,0.0,0.0,0.0,191.76
9,9,3,0,,,,0.48451668,0.0,0.0,0.0,385.28
9,10,3,0,,,,0.4536,0.0,0.0,0.0,539.8
9,11,3,0,,,,0.42263332,0.0,0.0,0.0,626.77
9,12,3,0,,,,0.459,0.0,0.0,0.0,621.36
9,13,3,0,,,,0.50025,0.0,0.0,0.0,614.5
9,14,3,0,,,,0.52133334,0.0,0.0,0.0,449.88
9,15,3,0,,,,0.55548334,0.0,0.0,0.0,243.15
9,16,3,0,,,,3.4613,0.0,0.0,0.0,316.51
9,17,3,0,,,,2.3515832,0.0,0.0,0.0,257.83
9,18,3,0,,,,2.5492666,0.0,0.0,0.0,92.69
9,19,3,0,,,,1.7272,0.0,0.0,0.0,2.38
9,20,3,0,,,,1.4622166,0.0,0.0,0.0,0.0
9,21,3,0,,,,2.1442666,0.0,0.0,0.0,0.0
9,22,3,0,,,,0.59868336,0.0,0.0,0.0,0.0
9,23,3,0,,,,0.7431,0.0,0.0,0.0,0.0
9,24,3,0,,,,0.67384166,0.0,0.0,0.0,0.0
9,1,4,0,,,,0.7331667,0.0,0.0,0.0,0.0
9,2,4,0,,,,0.67425,0.0,0.0,0.0,0.0
9,3,4,0,,,,0.97933334,0.0,0.0,0.0,0.0
9,4,4,0,,,,1.4403833,0.0,0.0,0.0,0.0
9,5,4,0,,,,1.4215833,0.0,0.0,0.0,0.0
9,6,4,0,,,,1.1259333,0.0,0.0,0.0,0.0
9,7,4,0,,,,0.68635,0.0,0.0,0.0,16.33
9,8,4,0,,,,0.6426833,0.0,0.0,0.0,174.37
9,9,4,0,,,,0.6865625,0.0,0.0,0.0,357.47
9,10,4,0,,,,0.6350833,0.0,0.0,0.0,500.36
9,11,4,0,,,,0.6311333,0.0,0.0,0.0,637.34
9,12,4,0,,,,0.65603334,0.0,0.0,0.0,710.0
9,13,4,0,,,,0.58606666,0.0,0.0,0.0,725.47
9,14,4,0,,,,0.61756665,0.0,0.0,0.0,655.42
9,15,4,0,,,,0.60186666,0.0,0.0,0.0,570.43
9,16,4,0,,,,0.5761,0.0,0.0,0.0,388.73
9,17,4,0,,,,3.6164334,0.0,0.0,0.0,269.14
9,18,4,0,,,,1.7563666,0.0,0.0,0.0,92.48
9,19,4,0,,,,1.5150167,0.0,0.0,0.0,0.0
9,20,4,0,,,,1.8796,0.0,0.0,0.0,0.0
9,21,4,0,,,,2.0744834,0.0,0.0,0.0,0.0
9,22,4,0,,,,1.4277,0.0,0.0,0.0,0.0
9,23,4,0,,,,1.04815,0.0,0.0,0.0,0.0
9,24,4,0,,,,0.49181667,0.0,0.0,0.0,0.0
9,1,5,0,,,,0.8439,0.0,0.0,0.0,0.0
9,2,5,0,,,,0.5818167,0.0,0.0,0.0,0.0
9,3,5,0,,,,0.58165,0.0,0.0,0.0,0.0
9,4,5,0,,,,0.59426665,0.0,0.0,0.0,0.0
9,5,5,0,,,,0.73845,0.0,0.0,0.0,0.0
9,6,5,0,,,,1.4714333,0.0,0.0,0.0,0.0
9,7,5,0,,,,0.9749333,0.0,0.0,0.0,22.97
9,8,5,0,,,,1.0002667,0.0,0.0,0.0,182.69
9,9,5,0,,,,0.7463167,0.0,0.0,0.0,388.4
9,10,5,0,,,,0.73286664,0.0,0.0,0.0,482.16
9,11,5,0,,,,0.63061666,0.0,0.0,0.0,663.31
9,12,5,0,,,,0.7711167,0.0,0.0,0.0,730.3
9,13,5,0,,,,0.7341,0.0,0.0,0.0,715.66
9,14,5,0,,,,0.75593334,0.0,0.0,0.0,636.58
9,15,5,0,,,,1.1819167,0.0,0.0,0.0,588.27
9,16,5,0,,,,1.1954833,0.0,0.0,0.0,436.16
9,17,5,0,,,,1.52055,0.0,0.0,0.0,288.1
9,18,5,0,,,,1.3140167,0.0,0.0,0.0,90.08
9,19,5,0,,,,1.1377167,0.0,0.0,0.0,0.0
9,20,5,0,,,,0.7016,0.0,0.0,0.0,0.0
9,21,5,0,,,,0.99633336,0.0,0.0,0.0,0.0
9,22,5,0,,,,0.6829,0.0,0.0,0.0,0.0
9,23,5,0,,,,0.45858333,0.0,0.0,0.0,0.0
9,24,5,0,,,,0.69196665,0.0,0.0,0.0,0.0
9,1,6,0,,,,0.58926666,0.0,0.0,0.0,0.0
9,2,6,0,,,,0.8566,0.0,0.0,0.0,0.0
9,3,6,0,,,,0.6452,0.0,0.0,0.0,0.0
9,4,6,0,,,,0.51488334,0.0,0.0,0.0,0.0
9,5,6,0,,,,0.38543335,0.0,0.0,0.0,0.0
9,6,6,0,,,,0.36926666,0.0,0.0,0.0,0.0
9,7,6,0,,,,0.37,0.0,0.0,0.0,27.95
9,8,6,0,,,,0.37216666,0.0,0.0,0.0,168.99
9,9,6,0,,,,0.37098333,0.0,0.0,0.0,405.16
9,10,6,0,,,,0.36543334,0.0,0.0,0.0,565.58
9,11,6,0,,,,0.67575,0.0,0.0,0.0,681.01
9,12,6,0,,,,0.69191664,0.0,0.0,0.0,727.67
9,13,6,0,,,,0.7014,0.0,0.0,0.0,749.11
9,14,6,0,,,,1.12055,0.0,0.0,0.0,692.77
9,15,6,0,,,,0.90655,0.0,0.0,0.0,584.38
9,16,6,0,,,,1.32945,0.0,0.0,0.0,453.1
9,17,6,0,,,,1.3554333,0.0,0.0,0.0,275.93
9,18,6,0,,,,1.1933,0.0,0.0,0.0,87.18
9,19,6,0,,,,0.7708167,0.0,0.0,0.0,0.0
9,20,6,0,,,,1.0846833,0.0,0.0,0.0,0.0
9,21,6,0,,,,0.71971667,0.0,0.0,0.0,0.0
9,22,6,0,,,,0.71636665,0.0,0.0,0.0,0.0
9,23,6,0,,,,0.70935,0.0,0.0,0.0,0.0
9,24,6,0,,,,0.66520834,0.0,0.0,0.0,0.0
9,1,7,0,,,,0.37911665,0.0,0.0,0.0,0.0
9,2,7,0,,,,0.67391664,0.0,0.0,0.0,0.0
9,3,7,0,,,,0.35406667,0.0,0.0,0.0,0.0
9,4,7,0,,,,0.35868335,0.0,0.0,0.0,0.0
9,5,7,0,,,,0.66296667,0.0,0.0,0.0,0.0
9,6,7,0,,,,0.4103,0.0,0.0,0.0,0.0
9,7,7,0,,,,0.36965,0.0,0.0,0.0,24.5
9,8,7,0,,,,0.36048332,0.0,0.0,0.0,197.13
9,9,7,0,,,,0.35523334,0.0,0.0,0.0,383.24
9,10,7,0,,,,0.3534,0.0,0.0,0.0,537.15
9,11,7,0,,,,0.7129667,0.0,0.0,0.0,651.16
9,12,7,0,,,,0.71141666,0.0,0.0,0.0,707.34
9,13,7,0,,,,0.6982833,0.0,0.0,0.0,706.9
9,14,7,0,,,,0.73538333,0.0,0.0,0.0,646.0
9,15,7,0,,,,0.9763,0.0,0.0,0.0,560.38
9,16,7,0,,,,0.99011666,0.0,0.0,0.0,431.51
9,17,7,0,,,,0.97891665,0.0,0.0,0.0,238.56
9,18,7,0,,,,0.85101664,0.0,0.0,0.0,85.1
9,19,7,0,,,,3.7490833,0.0,0.0,0.0,0.0
9,20,7,0,,,,2.55105,0.0,0.0,0.0,0.0
9,21,7,0,,,,2.7842,0.0,0.0,0.0,0.0
9,22,7,0,,,,2.78235,0.0,0.0,0.0,0.0
9,23,7,0,,,,1.1089667,0.0,0.0,0.0,0.0
9,24,7,0,,,,1.0051334,0.0,0.0,0.0,0.0
9,1,1,0,,,,0.6867333,0.0,0.0,0.0,0.0
9,2,1,0,,,,0.93855,0.0,0.0,0.0,0.0
9,3,1,0,,,,0.6773667,0.0,0.0,0.0,0.0
9,4,1,0,,,,0.6770167,0.0,0.0,0.0,0.0
9,5,1,0,,,,1.0524833,0.0,0.0,0.0,0.0
9,6,1,0,,,,1.0319834,0.0,0.0,0.0,0.0
9,7,1,0,,,,0.63348335,0.0,0.0,0.0,20.26
9,8,1,0,,,,0.55155,0.0,0.0,0.0,185.3
9,9,1,0,,,,0.5444,0.0,0.0,0.0,380.13
9,10,1,0,,,,0.5445,0.0,0.0,0.0,538.7
9,11,1,0,,,,0.5356333,0.0,0.0,0.0,656.89
9,12,1,0,,,,0.5108,0.0,0.0,0.0,712.38
9,13,1,0,,,,0.51663333,0.0,0.0,0.0,688.46
9,14,1,0,,,,0.50455,0.0,0.0,0.0,655.55
9,15,1,0,,,,0.47526667,0.0,0.0,0.0,535.88
9,16,1,0,,,,1.0691667,0.0,0.0,0.0,424.69
9,17,1,0,,,,0.8973333,0.0,0.0,0.0,257.47
9,18,1,0,,,,0.78718334,0.0,0.0,0.0,79.14
9,19,1,0,,,,0.76405,0.0,0.0,0.0,0.0
9,20,1,0,,,,1.6062833,0.0,0.0,0.0,0.0
9,21,1,0,,,,1.4817166,0.0,0.0,0.0,0.0
9,22,1,0,,,,0.7769167,0.0,0.0,0.0,0.0
9,23,1,0,,,,0.51551664,0.0,0.0,0.0,0.0
9,24,1,0,,,,0.48748332,0.0,0.0,0.0,0.0
9,1,2,0,,,,0.47893333,0.0,0.0,0.0,0.0
9,2,2,0,,,,0.42516667,0.0,0.0,0.0,0.0
9,3,2,0,,,,0.39748332,0.0,0.0,0.0,0.0
9,4,2,0,,,,0.41491666,0.0,0.0,0.0,0.0
9,5,2,0,,,,0.5682167,0.0,0.0,0.0,0.0
9,6,2,0,,,,1.9334834,0.0,0.0,0.0,0.0
9,7,2,0,,,,1.3999166,0.0,0.0,0.0,10.08
9,8,2,0,,,,0.8234,0.0,0.0,0.0,171.27
9,9,2,0,,,,0.8302278,0.0,0.0,0.0,367.91
9,10,2,0,,,,0.70246667,0.0,0.0,0.0,537.55
9,11,2,0,,,,1.6944,0.0,0.0,0.0,642.19
9,12,2,0,,,,1.8092667,0.0,0.0,0.0,701.47
9,13,2,0,,,,0.70561665,0.0,0.0,0.0,702.7
9,14,2,0,,,,0.37625,0.0,0.0,0.0,660.0
9,15,2,0,,,,0.45808333,0.0,0.0,0.0,550.49
9,16,2,0,,,,0.37461665,0.0,0.0,0.0,386.63
9,17,2,0,,,,0.39556667,0.0,0.0,0.0,184.34
9,18,2,0,,,,0.85335,0.0,0.0,0.0,48.34
9,19,2,0,,,,2.0529332,0.0,0.0,0.0,0.0
9,20,2,0,,,,1.9895333,0.0,0.0,0.0,0.0
9,21,2,0,,,,1.0549166,0.0,0.0,0.0,0.0
9,22,2,0,,,,0.50983334,0.0,0.0,0.0,0.0
9,23,2,0,,,,0.50535,0.0,0.0,0.0,0.0
9,24,2,0,,,,0.49108332,0.0,0.0,0.0,0.0
9,1,3,0,,,,0.4867,0.0,0.0,0.0,0.0
9,2,3,0,,,,0.49018332,0.0,0.0,0.0,0.0
9,3,3,0,,,,0.48855,0.0,0.0,0.0,0.0
9,4,3,0,,,,0.49651667,0.0,0.0,0.0,0.0
9,5,3,0,,,,1.4329333,0.0,0.0,0.0,0.0
9,6,3,0,,,,1.8321667,0.0,0.0,0.0,0.0
9,7,3,0,,,,0.8807333,0.0,0.0,0.0,0.0
9,8,3,0,,,,0.5683333,0.0,0.0,0.0,63.13
9,9,3,0,,,,0.48883334,0.0,0.0,0.0,15.27
9,10,3,0,,,,0.44808334,0.0,0.0,0.0,70.18
9,11,3,0,,,,0.60463333,0.0,0.0,0.0,177.39
9,12,3,0,,,,0.7895333,0.0,0.0,0.0,543.9
9,13,3,0,,,,0.47378334,0.0,0.0,0.0,654.7
9,14,3,0,,,,0.33071667,0.0,0.0,0.0,663.29
9,15,3,0,,,,0.31626666,0.0,0.0,0.0,548.73
9,16,3,0,,,,0.37145,0.0,0.0,0.0,412.02
9,17,3,0,,,,0.7032,0.0,0.0,0.0,276.04
9,18,3,0,,,,0.5122667,0.0,0.0,0.0,72.59
9,19,3,0,,,,0.9305,0.0,0.0,0.0,0.0
9,20,3,0,,,,1.5773333,0.0,0.0,0.0,0.0
9,21,3,0,,,,1.0526333,0.0,0.0,0.0,0.0
9,22,3,0,,,,0.5689667,0.0,0.0,0.0,0.0
9,23,3,0,,,,0.49623334,0.0,0.0,0.0,0.0
9,24,3,0,,,,0.48430833,0.0,0.0,0.0,0.0
9,1,4,0,,,,0.4873,0.0,0.0,0.0,0.0
9,2,4,0,,,,0.48995,0.0,0.0,0.0,0.0
9,3,4,0,,,,0.47985,0.0,0.0,0.0,0.0
9,4,4,0,,,,0.55268335,0.0,0.0,0.0,0.0
9,5,4,0,,,,1.7834834,0.0,0.0,0.0,0.0
9,6,4,0,,,,1.5454,0.0,0.0,0.0,0.0
9,7,4,0,,,,0.7679333,0.0,0.0,0.0,16.22
9,8,4,0,,,,0.6342667,0.0,0.0,0.0,193.99
9,9,4,0,,,,0.68658334,0.0,0.0,0.0,403.64
9,10,4,0,,,,0.8821333,0.0,0.0,0.0,580.13
9,11,4,0,,,,0.5600833,0.0,0.0,0.0,685.78
9,12,4,0,,,,0.59788334,0.0,0.0,0.0,500.39
9,13,4,0,,,,0.6794,0.0,0.0,0.0,455.21
9,14,4,0,,,,0.32448334,0.0,0.0,0.0,562.36
9,15,4,0,,,,0.31743333,0.0,0.0,0.0,524.83
9,16,4,0,,,,0.39015,0.0,0.0,0.0,434.84
9,17,4,0,,,,0.5352167,0.0,0.0,0.0,239.23
9,18,4,0,,,,0.65963334,0.0,0.0,0.0,36.4
9,19,4,0,,,,0.95638335,0.0,0.0,0.0,0.0
9,20,4,0,,,,2.3826666,0.0,0.0,0.0,0.0
9,21,4,0,,,,1.0597833,0.0,0.0,0.0,0.0
9,22,4,0,,,,0.57305,0.0,0.0,0.0,0.0
9,23,4,0,,,,0.56925,0.0,0.0,0.0,0.0
9,24,4,0,,,,0.559575,0.0,0.0,0.0,0.0
9,1,5,0,,,,0.55625,0.0,0.0,0.0,0.0
9,2,5,0,,,,0.5489333,0.0,0.0,0.0,0.0
9,3,5,0,,,,0.5524833,0.0,0.0,0.0,0.0
9,4,5,0,,,,0.55965555,0.0,0.0,0.0,0.0
9,5,5,0,,,,1.28975,0.0,0.0,0.0,0.0
9,6,5,0,,,,1.8962166,0.0,0.0,0.0,0.0
9,7,5,0,,,,0.9152667,0.0,0.0,0.0,13.23
9,8,5,0,,,,0.8316,0.0,0.0,0.0,188.55
9,9,5,0,,,,0.89765,0.0,0.0,0.0,107.08
9,10,5,0,,,,0.38031667,0.0,0.0,0.0,307.81
9,11,5,0,,,,0.3793,0.0,0.0,0.0,568.79
9,12,5,0,,,,0.34695,0.0,0.0,0.0,297.56
9,13,5,0,,,,0.33023334,0.0,0.0,0.0,459.81
9,14,5,0,,,,0.33546665,0.0,0.0,0.0,635.36
9,15,5,0,,,,0.3641,0.0,0.0,0.0,553.36
9,16,5,0,,,,0.46341667,0.0,0.0,0.0,422.78
9,17,5,0,,,,0.58875,0.0,0.0,0.0,258.38
9,18,5,0,,,,0.95301664,0.0,0.0,0.0,34.55
9,19,5,0,,,,1.0697334,0.0,0.0,0.0,0.0
9,20,5,0,,,,1.1108,0.0,0.0,0.0,0.0
9,21,5,0,,,,1.2851666,0.0,0.0,0.0,0.0
9,22,5,0,,,,0.88633335,0.0,0.0,0.0,0.0
9,23,5,0,,,,0.46251667,0.0,0.0,0.0,0.0
9,24,5,0,,,,0.6885,0.0,0.0,0.0,0.0
9,1,6,0,,,,0.96131665,0.0,0.0,0.0,0.0
9,2,6,0,,,,0.50836664,0.0,0.0,0.0,0.0
9,3,6,0,,,,0.4898,0.0,0.0,0.0,0.0
9,4,6,0,,,,0.4797,0.0,0.0,0.0,0.0
9,5,6,0,,,,0.49406666,0.0,0.0,0.0,0.0
9,6,6,0,,,,1.1201333,0.0,0.0,0.0,0.0
9,7,6,0,,,,0.6552333,0.0,0.0,0.0,0.3
9,8,6,0,,,,0.62123334,0.0,0.0,0.0,196.1
9,9,6,0,,,,0.615,0.0,0.0,0.0,375.69
9,10,6,0,,,,0.55001664,0.0,0.0,0.0,581.65
9,11,6,0,,,,0.50956666,0.0,0.0,0.0,687.25
9,12,6,0,,,,0.5298667,0.0,0.0,0.0,705.48
9,13,6,0,,,,0.74285,0.0,0.0,0.0,752.2
9,14,6,0,,,,0.6252667,0.0,0.0,0.0,700.73
9,15,6,0,,,,0.54038334,0.0,0.0,0.0,568.53
9,16,6,0,,,,0.52508336,0.0,0.0,0.0,423.33
9,17,6,0,,,,0.60531664,0.0,0.0,0.0,245.37
9,18,6,0,,,,2.8609667,0.0,0.0,0.0,65.54
9,19,6,0,,,,1.3866667,0.0,0.0,0.0,0.0
9,20,6,0,,,,3.5859168,0.0,0.0,0.0,0.0
9,21,6,0,,,,3.1776166,0.0,0.0,0.0,0.0
9,22,6,0,,,,1.6818167,0.0,0.0,0.0,0.0
9,23,6,0,,,,0.97095,0.0,0.0,0.0,0.0
9,24,6,0,,,,0.755575,0.0,0.0,0.0,0.0
9,1,7,0,,,,0.7008167,0.0,0.0,0.0,0.0
9,2,7,0,,,,0.70143336,0.0,0.0,0.0,0.0
9,3,7,0,,,,0.6854,0.0,0.0,0.0,0.0
9,4,7,0,,,,0.7119167,0.0,0.0,0.0,0.0
9,5,7,0,,,,0.7188333,0.0,0.0,0.0,0.0
9,6,7,0,,,,0.7039,0.0,0.0,0.0,0.0
9,7,7,0,,,,0.92908335,0.0,0.0,0.0,0.0
9,8,7,0,,,,0.8326333,0.0,0.0,0.0,147.14
9,9,7,0,,,,2.0500834,0.0,0.0,0.0,171.32
9,10,7,0,,,,4.043433,0.0,0.0,0.0,109.08
9,11,7,0,,,,2.7063668,0.0,0.0,0.0,179.01
9,12,7,0,,,,2.4998667,0.0,0.0,0.0,546.81
9,13,7,0,,,,3.1227167,0.0,0.0,0.0,240.93
9,14,7,0,,,,2.6557,0.0,0.0,0.0,621.13
9,15,7,0,,,,3.0076833,0.0,0.0,0.0,101.72
9,16,7,0,,,,3.2462666,0.0,0.0,0.0,392.67
9,17,7,0,,,,3.00625,0.0,0.0,0.0,103.26
9,18,7,0,,,,2.6302667,0.0,0.0,0.0,66.18
9,19,7,0,,,,3.37505,0.0,0.0,0.0,0.0
9,20,7,0,,,,3.365,0.0,0.0,0.0,0.0
9,21,7,0,,,,2.4111667,0.0,0.0,0.0,0.0
9,22,7,0,,,,0.78078336,0.0,0.0,0.0,0.0
9,23,7,0,,,,0.76206666,0.0,0.0,0.0,0.0
9,24,7,0,,,,0.7547333,0.0,0.0,0.0,0.0
9,1,1,0,,,,0.74293333,0.0,0.0,0.0,0.0
9,2,1,0,,,,0.7586667,0.0,0.0,0.0,0.0
9,3,1,0,,,,0.70741665,0.0,0.0,0.0,0.0
9,4,1,0,,,,0.7292167,0.0,0.0,0.0,0.0
9,5,1,0,,,,1.13295,0.0,0.0,0.0,0.0
9,6,1,0,,,,1.3247,0.0,0.0,0.0,0.0
9,7,1,0,,,,1.2279,0.0,0.0,0.0,5.75
9,8,1,0,,,,1.2153833,0.0,0.0,0.0,71.78
9,9,1,0,,,,0.54845,0.0,0.0,0.0,356.55
9,10,1,0,,,,0.52531666,0.0,0.0,0.0,526.84
9,11,1,0,,,,0.50483334,0.0,0.0,0.0,560.03
9,12,1,0,,,,0.5728667,0.0,0.0,0.0,348.54
9,13,1,0,,,,0.51453334,0.0,0.0,0.0,240.91
9,14,1,0,,,,0.9496833,0.0,0.0,0.0,289.58
9,15,1,0,,,,2.7895334,0.0,0.0,0.0,429.3
9,16,1,0,,,,1.5583,0.0,0.0,0.0,290.98
9,17,1,0,,,,2.5298,0.0,0.0,0.0,260.67
9,18,1,0,,,,3.0957668,0.0,0.0,0.0,62.16
9,19,1,0,,,,2.5641,0.0,0.0,0.0,0.0
9,20,1,0,,,,2.1054566,0.0,0.0,0.0,0.0
9,21,1,0,,,,1.7770333,0.0,0.0,0.0,0.0
9,22,1,0,,,,0.86258334,0.0,0.0,0.0,0.0
9,23,1,0,,,,0.5892,0.0,0.0,0.0,0.0
9,24,1,0,,,,0.5796667,0.0,0.0,0.0,0.0
9,1,2,0,,,,0.62398887,0.0,0.0,0.0,0.0
9,2,2,0,,,,0.5901833,0.0,0.0,0.0,0.0
9,3,2,0,,,,0.57551664,0.0,0.0,0.0,0.0
9,4,2,0,,,,0.55466664,0.0,0.0,0.0,0.0
9,5,2,0,,,,1.31855,0.0,0.0,0.0,0.0
9,6,2,0,,,,1.9440666,0.0,0.0,0.0,0.0
9,7,2,0,,,,1.2749667,0.0,0.0,0.0,0.0
9,8,2,0,,,,1.0173833,0.0,0.0,0.0,26.79
9,9,2,0,,,,0.91856664,0.0,0.0,0.0,121.4
9,10,2,0,,,,0.7118,0.0,0.0,0.0,226.42
9,11,2,0,,,,0.6679,0.0,0.0,0.0,372.58
9,12,2,0,,,,0.66973335,0.0,0.0,0.0,447.1
9,13,2,0,,,,0.67378336,0.0,0.0,0.0,595.9
9,14,2,0,,,,0.66185,0.0,0.0,0.0,158.7
9,15,2,0,,,,0.6257333,0.0,0.0,0.0,46.22
9,16,2,0,,,,3.7811,0.0,0.0,0.0,78.32
9,17,2,0,,,,3.2253,0.0,0.0,0.0,138.78
9,18,2,0,,,,1.1796833,0.0,0.0,0.0,31.03
9,19,2,0,,,,1.9566667,0.0,0.0,0.0,0.0
9,20,2,0,,,,2.2789,0.0,0.0,0.0,0.0
9,21,2,0,,,,2.318,0.0,0.0,0.0,0.0
9,22,2,0,,,,1.64185,0.0,0.0,0.0,0.0
9,23,2,0,,,,1.1325,0.0,0.0,0.0,0.0
9,24,2,0,,,,0.8193667,0.0,0.0,0.0,0.0
9,1,3,0,,,,0.7287,0.0,0.0,0.0,0.0
9,2,3,0,,,,0.7161667,0.0,0.0,0.0,0.0
9,3,3,0,,,,0.7147667,0.0,0.0,0.0,0.0
9,4,3,0,,,,0.7324,0.0,0.0,0.0,0.0
9,5,3,0,,,,1.2158333,0.0,0.0,0.0,0.0
9,6,3,0,,,,1.5979834,0.0,0.0,0.0,0.0
9,7,3,0,,,,1.0520834,0.0,0.0,0.0,1.17
9,8,3,0,,,,0.9637167,0.0,0.0,0.0,123.54
9,9,3,0,,,,0.93598336,0.0,0.0,0.0,417.59
9,10,3,0,,,,0.8325833,0.0,0.0,0.0,577.66
9,11,3,0,,,,0.69888335,0.0,0.0,0.0,658.48
9,12,3,0,,,,0.68755,0.0,0.0,0.0,756.22
9,13,3,0,,,,0.7123,0.0,0.0,0.0,775.81
9,14,3,0,,,,2.3537834,0.0,0.0,0.0,700.16
9,15,3,0,,,,1.7375333,0.0,0.0,0.0,350.85
9,16,3,0,,,,3.6554167,0.0,0.0,0.0,64.23
9,17,3,0,,,,2.0761333,0.0,0.0,0.0,49.59
9,18,3,0,,,,1.7110833,0.0,0.0,0.0,24.54
9,19,3,0,,,,1.3341,0.0,0.0,0.0,0.0
9,20,3,0,,,,1.76455,0.0,0.0,0.0,0.0
9,21,3,0,,,,0.9837667,0.0,0.0,0.0,0.0
9,22,3,0,,,,0.6466333,0.0,0.0,0.0,0.0
9,23,3,0,,,,0.5847667,0.0,0.0,0.0,0.0
9,24,3,0,,,,0.615,0.0,0.0,0.0,0.0
9,1,4,0,,,,0.6334,0.0,0.0,0.0,0.0
9,2,4,0,,,,0.649,0.0,0.0,0.0,0.0
9,3,4,0,,,,0.6079,0.0,0.0,0.0,0.0
9,4,4,0,,,,0.6008833,0.0,0.0,0.0,0.0
9,5,4,0,,,,1.6692166,0.0,0.0,0.0,0.0
9,6,4,0,,,,2.4158,0.0,0.0,0.0,0.0
9,7,4,0,,,,0.82311666,0.0,0.0,0.0,0.0
9,8,4,0,,,,0.5214,0.0,0.0,0.0,25.38
9,9,4,0,,,,0.89718336,0.0,0.0,0.0,57.71
9,10,4,0,,,,0.44863334,0.0,0.0,0.0,90.7
9,11,4,0,,,,0.36473334,0.0,0.0,0.0,121.06
9,12,4,0,,,,0.33955,0.0,0.0,0.0,180.22
9,13,4,0,,,,0.37888333,0.0,0.0,0.0,69.67
9,14,4,0,,,,0.3864,0.0,0.0,0.0,293.18
9,15,4,0,,,,0.36265,0.0,0.0,0.0,293.49
9,16,4,0,,,,0.47258332,0.0,0.0,0.0,310.96
9,17,4,0,,,,0.58578336,0.0,0.0,0.0,201.65
9,18,4,0,,,,0.69881666,0.0,0.0,0.0,45.19
9,19,4,0,,,,2.4169166,0.0,0.0,0.0,0.0
9,20,4,0,,,,2.5752666,0.0,0.0,0.0,0.0
9,21,4,0,,,,1.2108333,0.0,0.0,0.0,0.0
9,22,4,0,,,,0.8279667,0.0,0.0,0.0,0.0
9,23,4,0,,,,0.50086665,0.0,0.0,0.0,0.0
9,24,4,0,,,,0.46990833,0.0,0.0,0.0,0.0
9,1,5,0,,,,0.45496666,0.0,0.0,0.0,0.0
9,2,5,0,,,,0.4391,0.0,0.0,0.0,0.0
9,3,5,0,,,,0.47545,0.0,0.0,0.0,0.0
9,4,5,0,,,,0.46368334,0.0,0.0,0.0,0.0
9,5,5,0,,,,1.25605,0.0,0.0,0.0,0.0
9,6,5,0,,,,1.3894334,0.0,0.0,0.0,0.0
9,7,5,0,,,,0.79476666,0.0,0.0,0.0,0.0
9,8,5,0,,,,0.66086835,0.0,0.0,0.0,26.67
9,9,5,0,,,,0.6649,0.0,0.0,0.0,76.42
9,10,5,0,,,,0.47055,0.0,0.0,0.0,307.88
9,11,5,0,,,,0.78603333,0.0,0.0,0.0,482.41
9,12,5,0,,,,0.69755,0.0,0.0,0.0,707.2
9,13,5,0,,,,0.3448,0.0,0.0,0.0,764.12
9,14,5,0,,,,0.38296667,0.0,0.0,0.0,690.11
9,15,5,0,,,,0.35143334,0.0,0.0,0.0,547.95
9,16,5,0,,,,0.52021664,0.0,0.0,0.0,426.19
9,17,5,0,,,,0.7575333,0.0,0.0,0.0,236.65
9,18,5,0,,,,0.60688335,0.0,0.0,0.0,46.17
9,19,5,0,,,,0.98705,0.0,0.0,0.0,0.0
9,20,5,0,,,,1.284,0.0,0.0,0.0,0.0
9,21,5,0,,,,1.4284667,0.0,0.0,0.0,0.0
9,22,5,0,,,,0.9214,0.0,0.0,0.0,0.0
9,23,5,0,,,,0.40783334,0.0,0.0,0.0,0.0
9,24,5,0,,,,0.39024165,0.0,0.0,0.0,0.0
9,1,6,0,,,,0.38901666,0.0,0.0,0.0,0.0
9,2,6,0,,,,0.40026668,0.0,0.0,0.0,0.0
9,3,6,0,,,,0.41046667,0.0,0.0,0.0,0.0
9,4,6,0,,,,0.36495,0.0,0.0,0.0,0.0
9,5,6,0,,,,0.37336665,0.0,0.0,0.0,0.0
9,6,6,0,,,,0.39903334,0.0,0.0,0.0,0.0
9,7,6,0,,,,0.7723167,0.0,0.0,0.0,5.67
9,8,6,0,,,,0.44376665,0.0,0.0,0.0,199.07
9,9,6,0,,,,0.7622667,0.0,0.0,0.0,430.43
9,10,6,0,,,,0.5415,0.0,0.0,0.0,598.82
9,11,6,0,,,,0.44358334,0.0,0.0,0.0,703.61
9,12,6,0,,,,0.46745,0.0,0.0,0.0,756.32
9,13,6,0,,,,0.4154,0.0,0.0,0.0,747.81
9,14,6,0,,,,1.5593166,0.0,0.0,0.0,634.34
9,15,6,0,,,,2.3513334,0.0,0.0,0.0,554.24
9,16,6,0,,,,1.9004667,0.0,0.0,0.0,433.91
9,17,6,0,,,,2.2622,0.0,0.0,0.0,234.51
9,18,6,0,,,,1.1824666,0.0,0.0,0.0,41.22
9,19,6,0,,,,3.5621333,0.0,0.0,0.0,0.0
9,20,6,0,,,,2.2045333,0.0,0.0,0.0,0.0
9,21,6,0,,,,1.9686333,0.0,0.0,0.0,0.0
9,22,6,0,,,,2.1424832,0.0,0.0,0.0,0.0
9,23,6,0,,,,1.4000666,0.0,0.0,0.0,0.0
9,24,6,0,,,,1.1496,0.0,0.0,0.0,0.0
9,1,7,0,,,,0.77893335,0.0,0.0,0.0,0.0
9,2,7,0,,,,0.9705667,0.0,0.0,0.0,0.0
9,3,7,0,,,,0.6121,0.0,0.0,0.0,0.0
9,4,7,0,,,,0.79071665,0.0,0.0,0.0,0.0
9,5,7,0,,,,0.77273333,0.0,0.0,0.0,0.0
9,6,7,0,,,,0.7341667,0.0,0.0,0.0,0.0
9,7,7,0,,,,0.6854333,0.0,0.0,0.0,0.0
9,8,7,0,,,,0.58991665,0.0,0.0,0.0,86.08
9,9,7,0,,,,0.53103334,0.0,0.0,0.0,302.08
9,10,7,0,,,,0.52556664,0.0,0.0,0.0,302.25
9,11,7,0,,,,0.54361665,0.0,0.0,0.0,190.39
9,12,7,0,,,,1.6101,0.0,0.0,0.0,522.38
9,13,7,0,,,,2.3232167,0.0,0.0,0.0,281.39
9,14,7,0,,,,3.1401668,0.0,0.0,0.0,167.7
9,15,7,0,,,,2.8797834,0.0,0.0,0.0,164.79
9,16,7,0,,,,2.7263668,0.0,0.0,0.0,17.33
9,17,7,0,,,,2.0957,0.0,0.0,0.0,6.07
9,18,7,0,,,,2.4867334,0.0,0.0,0.0,25.0
9,19,7,0,,,,2.6984832,0.0,0.0,0.0,0.0
9,20,7,0,,,,3.4479,0.0,0.0,0.0,0.0
9,21,7,0,,,,2.7857332,0.0,0.0,0.0,0.0
9,22,7,0,,,,1.5426667,0.0,0.0,0.0,0.0
9,23,7,0,,,,0.5836,0.0,0.0,0.0,0.0
9,24,7,0,,,,0.58423334,0.0,0.0,0.0,0.0
9,1,1,0,,,,0.5447,0.0,0.0,0.0,0.0
9,2,1,0,,,,0.5208833,0.0,0.0,0.0,0.0
9,3,1,0,,,,0.53601664,0.0,0.0,0.0,0.0
9,4,1,0,,,,0.60788333,0.0,0.0,0.0,0.0
9,5,1,0,,,,1.3704,0.0,0.0,0.0,0.0
9,6,1,0,,,,1.4940333,0.0,0.0,0.0,0.0
9,7,1,0,,,,1.2943,0.0,0.0,0.0,0.0
9,8,1,0,,,,0.90346664,0.0,0.0,0.0,13.0
9,9,1,0,,,,1.09245,0.0,0.0,0.0,33.24
9,10,1,0,,,,0.6555833,0.0,0.0,0.0,95.16
9,11,1,0,,,,0.59625,0.0,0.0,0.0,126.57
9,12,1,0,,,,2.3872833,0.0,0.0,0.0,138.28
9,13,1,0,,,,2.3572333,0.0,0.0,0.0,83.28
9,14,1,0,,,,1.7631167,0.0,0.0,0.0,69.15
9,15,1,0,,,,2.6139667,0.0,0.0,0.0,30.73
9,16,1,0,,,,3.5186,0.0,0.0,0.0,13.8
9,17,1,0,,,,3.6171167,0.0,0.0,0.0,8.06
9,18,1,0,,,,2.75395,0.0,0.0,0.0,0.0
9,19,1,0,,,,2.4475334,0.0,0.0,0.0,0.0
9,20,1,0,,,,3.19595,0.0,0.0,0.0,0.0
9,21,1,0,,,,2.53465,0.0,0.0,0.0,0.0
9,22,1,0,,,,2.4857,0.0,0.0,0.0,0.0
9,23,1,0,,,,1.5133,0.0,0.0,0.0,0.0
9,24,1,0,,,,1.4274167,0.0,0.0,0.0,0.0
9,1,2,0,,,,1.1390333,0.0,0.0,0.0,0.0
9,2,2,0,,,,1.0364833,0.0,0.0,0.0,0.0
9,3,2,0,,,,0.9720167,0.0,0.0,0.0,0.0
9,4,2,0,,,,0.95051664,0.0,0.0,0.0,0.0
9,5,2,0,,,,2.2748,0.0,0.0,0.0,0.0
9,6,2,0,,,,2.1350167,0.0,0.0,0.0,0.0
9,7,2,0,,,,0.7086,0.0,0.0,0.0,0.0
9,8,2,0,,,,0.7374833,0.0,0.0,0.0,17.19
9,9,2,0,,,,1.34665,0.0,0.0,0.0,38.95
9,10,2,0,,,,1.1313167,0.0,0.0,0.0,66.71
9,11,2,0,,,,1.1111333,0.0,0.0,0.0,91.91
9,12,2,0,,,,1.25455,0.0,0.0,0.0,75.06
9,13,2,0,,,,0.97505,0.0,0.0,0.0,59.21
9,14,2,0,,,,0.89958334,0.0,0.0,0.0,45.23
9,15,2,0,,,,1.4270834,0.0,0.0,0.0,30.32
9,16,2,0,,,,3.3914165,0.0,0.0,0.0,33.22
9,17,2,0,,,,1.9113667,0.0,0.0,0.0,15.57
9,18,2,0,,,,1.4421333,0.0,0.0,0.0,4.01
9,19,2,0,,,,1.3907334,0.0,0.0,0.0,0.0
9,20,2,0,,,,1.9322833,0.0,0.0,0.0,0.0
9,21,2,0,,,,3.66595,0.0,0.0,0.0,0.0
9,22,2,0,,,,2.1606333,0.0,0.0,0.0,0.0
9,23,2,0,,,,1.3254334,0.0,0.0,0.0,0.0
9,24,2,0,,,,1.0430583,0.0,0.0,0.0,0.0
9,1,3,0,,,,1.0532167,0.0,0.0,0.0,0.0
9,2,3,0,,,,1.0545167,0.0,0.0,0.0,0.0
9,3,3,0,,,,0.8111333,0.0,0.0,0.0,0.0
9,4,3,0,,,,0.89683336,0.0,0.0,0.0,0.0
9,5,3,0,,,,1.5355834,0.0,0.0,0.0,0.0
9,6,3,0,,,,1.334,0.0,0.0,0.0,0.0
9,7,3,0,,,,0.7329,0.0,0.0,0.0,0.0
9,8,3,0,,,,0.8397667,0.0,0.0,0.0,20.66
9,9,3,0,,,,1.0097667,0.0,0.0,0.0,170.37
9,10,3,0,,,,0.7109,0.0,0.0,0.0,533.29
9,11,3,0,,,,0.54606664,0.0,0.0,0.0,583.05
9,12,3,0,,,,0.52465,0.0,0.0,0.0,672.18
9,13,3,0,,,,0.51795,0.0,0.0,0.0,697.42
9,14,3,0,,,,0.5090167,0.0,0.0,0.0,390.29
9,15,3,0,,,,0.50703335,0.0,0.0,0.0,211.31
9,16,3,0,,,,2.8088334,0.0,0.0,0.0,81.01
9,17,3,0,,,,3.30575,0.0,0.0,0.0,81.15
9,18,3,0,,,,2.3094,0.0,0.0,0.0,8.74
9,19,3,0,,,,2.3860667,0.0,0.0,0.0,0.0
9,20,3,0,,,,2.0699666,0.0,0.0,0.0,0.0
9,21,3,0,,,,2.8866167,0.0,0.0,0.0,0.0
9,22,3,0,,,,2.0384,0.0,0.0,0.0,0.0
9,23,3,0,,,,1.1284167,0.0,0.0,0.0,0.0
9,24,3,0,,,,0.8319917,0.0,0.0,0.0,0.0
9,1,4,0,,,,0.55218333,0.0,0.0,0.0,0.0
9,2,4,0,,,,0.8143833,0.0,0.0,0.0,0.0
9,3,4,0,,,,0.82406664,0.0,0.0,0.0,0.0
9,4,4,0,,,,0.55135,0.0,0.0,0.0,0.0
9,5,4,0,,,,1.2019,0.0,0.0,0.0,0.0
9,6,4,0,,,,1.7282,0.0,0.0,0.0,0.0
9,7,4,0,,,,0.81075,0.0,0.0,0.0,0.0
9,8,4,0,,,,0.79971665,0.0,0.0,0.0,25.3
9,9,4,0,,,,1.11475,0.0,0.0,0.0,193.94
9,10,4,0,,,,0.65708333,0.0,0.0,0.0,138.42
9,11,4,0,,,,0.4898,0.0,0.0,0.0,255.02
9,12,4,0,,,,0.53321666,0.0,0.0,0.0,351.88
9,13,4,0,,,,0.47518334,0.0,0.0,0.0,556.18
9,14,4,0,,,,2.9936166,0.0,0.0,0.0,394.74
9,15,4,0,,,,2.5823834,0.0,0.0,0.0,365.55
9,16,4,0,,,,2.4426668,0.0,0.0,0.0,281.16
9,17,4,0,,,,1.0154,0.0,0.0,0.0,157.97
9,18,4,0,,,,1.5202167,0.0,0.0,0.0,8.15
9,19,4,0,,,,1.60735,0.0,0.0,0.0,0.0
9,20,4,0,,,,2.0876334,0.0,0.0,0.0,0.0
9,21,4,0,,,,1.4583666,0.0,0.0,0.0,0.0
9,22,4,0,,,,0.7068167,0.0,0.0,0.0,0.0
9,23,4,0,,,,0.6577333,0.0,0.0,0.0,0.0
9,24,4,0,,,,0.5500583,0.0,0.0,0.0,0.0
9,1,5,0,,,,0.51445,0.0,0.0,0.0,0.0
9,2,5,0,,,,0.55585,0.0,0.0,0.0,0.0
9,3,5,0,,,,0.51663333,0.0,0.0,0.0,0.0
9,4,5,0,,,,0.5136,0.0,0.0,0.0,0.0
9,5,5,0,,,,1.6228334,0.0,0.0,0.0,0.0
9,6,5,0,,,,1.25415,0.0,0.0,0.0,0.0
9,7,5,0,,,,0.80398333,0.0,0.0,0.0,0.0
9,8,5,0,,,,0.80508333,0.0,0.0,0.0,65.96
9,9,5,0,,,,0.7813,0.0,0.0,0.0,270.75
9,10,5,0,,,,0.83456665,0.0,0.0,0.0,122.3
9,11,5,0,,,,0.7844167,0.0,0.0,0.0,136.97
9,12,5,0,,,,0.78933334,0.0,0.0,0.0,156.26
9,13,5,0,,,,0.81561667,0.0,0.0,0.0,266.71
9,14,5,0,,,,0.77206665,0.0,0.0,0.0,306.09
9,15,5,0,,,,3.2816167,0.0,0.0,0.0,119.28
9,16,5,0,,,,1.9653667,0.0,0.0,0.0,48.76
9,17,5,0,,,,2.17135,0.0,0.0,0.0,16.92
9,18,5,0,,,,2.17245,0.0,0.0,0.0,6.89
9,19,5,0,,,,1.6974666,0.0,0.0,0.0,0.0
9,20,5,0,,,,1.2224722,0.0,0.0,0.0,0.0
9,21,5,0,,,,3.3451166,0.0,0.0,0.0,0.0
9,22,5,0,,,,2.12285,0.0,0.0,0.0,0.0
9,23,5,0,,,,1.7698833,0.0,0.0,0.0,0.0
9,24,5,0,,,,1.4522333,0.0,0.0,0.0,0.0
10,1,6,0,,,,1.4254667,0.0,0.0,0.0,0.0
10,2,6,0,,,,0.9637667,0.0,0.0,0.0,0.0
10,3,6,0,,,,1.2768834,0.0,0.0,0.0,0.0
10,4,6,0,,,,1.2190167,0.0,0.0,0.0,0.0
10,5,6,0,,,,0.79146665,0.0,0.0,0.0,0.0
10,6,6,0,,,,0.9173167,0.0,0.0,0.0,0.0
10,7,6,0,,,,0.72335,0.0,0.0,0.0,0.0
10,8,6,0,,,,0.78675,0.0,0.0,0.0,50.37
10,9,6,0,,,,0.67438334,0.0,0.0,0.0,96.3
10,10,6,0,,,,0.74076664,0.0,0.0,0.0,127.46
10,11,6,0,,,,0.51673335,0.0,0.0,0.0,195.39
10,12,6,0,,,,0.53786665,0.0,0.0,0.0,173.02
10,13,6,0,,,,0.50815,0.0,0.0,0.0,419.71
10,14,6,0,,,,0.53005,0.0,0.0,0.0,531.01
10,15,6,0,,,,0.49605668,0.0,0.0,0.0,112.98
10,16,6,0,,,,0.5022,0.0,0.0,0.0,326.63
10,17,6,0,,,,0.7930833,0.0,0.0,0.0,208.36
10,18,6,0,,,,4.6187835,0.0,0.0,0.0,5.5
10,19,6,0,,,,4.0813,0.0,0.0,0.0,0.0
10,20,6,0,,,,2.99745,0.0,0.0,0.0,0.0
10,21,6,0,,,,2.0705333,0.0,0.0,0.0,0.0
10,22,6,0,,,,1.29715,0.0,0.0,0.0,0.0
10,23,6,0,,,,0.99065,0.0,0.0,0.0,0.0
10,24,6,0,,,,0.95364165,0.0,0.0,0.0,0.0
10,1,7,0,,,,0.9482167,0.0,0.0,0.0,0.0
10,2,7,0,,,,0.6235167,0.0,0.0,0.0,0.0
10,3,7,0,,,,0.67868334,0.0,0.0,0.0,0.0
10,4,7,0,,,,0.68983334,0.0,0.0,0.0,0.0
10,5,7,0,,,,0.68075,0.0,0.0,0.0,0.0
10,6,7,0,,,,1.0947334,0.0,0.0,0.0,0.0
10,7,7,0,,,,0.71881664,0.0,0.0,0.0,0.0
10,8,7,0,,,,0.5595667,0.0,0.0,0.0,172.47
10,9,7,0,,,,0.712,0.0,0.0,0.0,391.49
10,10,7,0,,,,0.54693335,0.0,0.0,0.0,565.22
10,11,7,0,,,,0.47291666,0.0,0.0,0.0,679.34
10,12,7,0,,,,0.4142,0.0,0.0,0.0,728.94
10,13,7,0,,,,0.39408332,0.0,0.0,0.0,718.99
10,14,7,0,,,,0.4474,0.0,0.0,0.0,654.68
10,15,7,0,,,,0.3961,0.0,0.0,0.0,513.91
10,16,7,0,,,,0.39583334,0.0,0.0,0.0,383.48
10,17,7,0,,,,0.44528332,0.0,0.0,0.0,179.62
10,18,7,0,,,,0.41166666,0.0,0.0,0.0,3.85
10,19,7,0,,,,4.002283,0.0,0.0,0.0,0.0
10,20,7,0,,,,2.3611667,0.0,0.0,0.0,0.0
10,21,7,0,,,,2.6946666,0.0,0.0,0.0,0.0
10,22,7,0,,,,1.1444666,0.0,0.0,0.0,0.0
10,23,7,0,,,,0.6698167,0.0,0.0,0.0,0.0
10,24,7,0,,,,0.45984167,0.0,0.0,0.0,0.0
10,1,1,0,,,,0.50191665,0.0,0.0,0.0,0.0
10,2,1,0,,,,0.44945,0.0,0.0,0.0,0.0
10,3,1,0,,,,0.44636667,0.0,0.0,0.0,0.0
10,4,1,0,,,,0.48916668,0.0,0.0,0.0,0.0
10,5,1,0,,,,0.71278334,0.0,0.0,0.0,0.0
10,6,1,0,,,,1.1479167,0.0,0.0,0.0,0.0
10,7,1,0,,,,1.1115167,0.0,0.0,0.0,0.0
10,8,1,0,,,,0.8229,0.0,0.0,0.0,52.49
10,9,1,0,,,,0.8100333,0.0,0.0,0.0,150.52
10,10,1,0,,,,0.82706666,0.0,0.0,0.0,222.14
10,11,1,0,,,,0.83,0.0,0.0,0.0,584.08
10,12,1,0,,,,0.80675,0.0,0.0,0.0,654.72
10,13,1,0,,,,0.80871665,0.0,0.0,0.0,689.95
10,14,1,0,,,,0.81315,0.0,0.0,0.0,648.48
10,15,1,0,,,,0.78645,0.0,0.0,0.0,516.37
10,16,1,0,,,,1.0668278,0.0,0.0,0.0,225.79
10,17,1,0,,,,1.6092167,0.0,0.0,0.0,173.69
10,18,1,0,,,,1.3817,0.0,0.0,0.0,3.33
10,19,1,0,,,,2.3745167,0.0,0.0,0.0,0.0
10,20,1,0,,,,1.6639167,0.0,0.0,0.0,0.0
10,21,1,0,,,,0.85215,0.0,0.0,0.0,0.0
10,22,1,0,,,,0.6003,0.0,0.0,0.0,0.0
10,23,1,0,,,,0.48761666,0.0,0.0,0.0,0.0
10,24,1,0,,,,0.465025,0.0,0.0,0.0,0.0
10,1,2,0,,,,0.44281667,0.0,0.0,0.0,0.0
10,2,2,0,,,,0.45993334,0.0,0.0,0.0,0.0
10,3,2,0,,,,0.42253333,0.0,0.0,0.0,0.0
10,4,2,0,,,,0.41495,0.0,0.0,0.0,0.0
10,5,2,0,,,,1.08875,0.0,0.0,0.0,0.0
10,6,2,0,,,,1.4082834,0.0,0.0,0.0,0.0
10,7,2,0,,,,0.6763167,0.0,0.0,0.0,0.0
10,8,2,0,,,,0.57795,0.0,0.0,0.0,9.35
10,9,2,0,,,,0.5966667,0.0,0.0,0.0,48.36
10,10,2,0,,,,0.60583335,0.0,0.0,0.0,131.92
10,11,2,0,,,,0.5726167,0.0,0.0,0.0,135.9
10,12,2,0,,,,0.5732333,0.0,0.0,0.0,157.64
10,13,2,0,,,,0.56703335,0.0,0.0,0.0,285.53
10,14,2,0,,,,0.4184,0.0,0.0,0.0,249.81
10,15,2,0,,,,0.38346666,0.0,0.0,0.0,153.11
10,16,2,0,,,,0.33915,0.0,0.0,0.0,48.65
10,17,2,0,,,,1.4666834,0.0,0.0,0.0,23.33
10,18,2,0,,,,2.55035,0.0,0.0,0.0,0.0
10,19,2,0,,,,1.6512166,0.0,0.0,0.0,0.0
10,20,2,0,,,,2.1861167,0.0,0.0,0.0,0.0
10,21,2,0,,,,1.5379666,0.0,0.0,0.0,0.0
10,22,2,0,,,,0.78438336,0.0,0.0,0.0,0.0
10,23,2,0,,,,0.5243667,0.0,0.0,0.0,0.0
10,24,2,0,,,,0.49854165,0.0,0.0,0.0,0.0
10,1,3,0,,,,0.5144,0.0,0.0,0.0,0.0
10,2,3,0,,,,0.4688,0.0,0.0,0.0,0.0
10,3,3,0,,,,0.4579,0.0,0.0,0.0,0.0
10,4,3,0,,,,0.46726668,0.0,0.0,0.0,0.0
10,5,3,0,,,,1.1170334,0.0,0.0,0.0,0.0
10,6,3,0,,,,1.04145,0.0,0.0,0.0,0.0
10,7,3,0,,,,0.85645,0.0,0.0,0.0,0.0
10,8,3,0,,,,0.57016665,0.0,0.0,0.0,6.97
10,9,3,0,,,,0.56165,0.0,0.0,0.0,88.99
10,10,3,0,,,,0.55861664,0.0,0.0,0.0,214.96
10,11,3,0,,,,0.5137,0.0,0.0,0.0,228.66
10,12,3,0,,,,0.74518335,0.0,0.0,0.0,184.34
10,13,3,0,,,,0.65675,0.0,0.0,0.0,115.39
10,14,3,0,,,,0.42975,0.0,0.0,0.0,188.08
10,15,3,0,,,,0.37993333,0.0,0.0,0.0,42.57
10,16,3,0,,,,0.37963334,0.0,0.0,0.0,81.2
10,17,3,0,,,,0.48576668,0.0,0.0,0.0,78.79
10,18,3,0,,,,0.71931666,0.0,0.0,0.0,0.0
10,19,3,0,,,,1.33955,0.0,0.0,0.0,0.0
10,20,3,0,,,,1.5770333,0.0,0.0,0.0,0.0
10,21,3,0,,,,1.43765,0.0,0.0,0.0,0.0
10,22,3,0,,,,0.66565,0.0,0.0,0.0,0.0
10,23,3,0,,,,0.48676667,0.0,0.0,0.0,0.0
10,24,3,0,,,,0.48058334,0.0,0.0,0.0,0.0
10,1,4,0,,,,0.48573333,0.0,0.0,0.0,0.0
10,2,4,0,,,,0.49848333,0.0,0.0,0.0,0.0
10,3,4,0,,,,0.49568334,0.0,0.0,0.0,0.0
10,4,4,0,,,,0.55128336,0.0,0.0,0.0,0.0
10,5,4,0,,,,1.3694,0.0,0.0,0.0,0.0
10,6,4,0,,,,1.40365,0.0,0.0,0.0,0.0
10,7,4,0,,,,0.8712,0.0,0.0,0.0,0.0
10,8,4,0,,,,0.6110833,0.0,0.0,0.0,49.62
10,9,4,0,,,,0.534,0.0,0.0,0.0,59.34
10,10,4,0,,,,0.46548334,0.0,0.0,0.0,295.7
10,11,4,0,,,,0.44521666,0.0,0.0,0.0,435.19
10,12,4,0,,,,0.4186,0.0,0.0,0.0,385.39
10,13,4,0,,,,0.3864,0.0,0.0,0.0,458.96
10,14,4,0,,,,0.40928334,0.0,0.0,0.0,66.45
10,15,4,0,,,,0.85245,0.0,0.0,0.0,48.39
10,16,4,0,,,,2.4248333,0.0,0.0,0.0,130.51
10,17,4,0,,,,0.6102667,0.0,0.0,0.0,56.86
10,18,4,0,,,,2.0031333,0.0,0.0,0.0,0.0
10,19,4,0,,,,1.92535,0.0,0.0,0.0,0.0
10,20,4,0,,,,1.4040667,0.0,0.0,0.0,0.0
10,21,4,0,,,,0.6340333,0.0,0.0,0.0,0.0
10,22,4,0,,,,0.60043335,0.0,0.0,0.0,0.0
10,23,4,0,,,,0.4521,0.0,0.0,0.0,0.0
10,24,4,0,,,,0.48565835,0.0,0.0,0.0,0.0
10,1,5,0,,,,0.43255,0.0,0.0,0.0,0.0
10,2,5,0,,,,0.46181667,0.0,0.0,0.0,0.0
10,3,5,0,,,,0.4554,0.0,0.0,0.0,0.0
10,4,5,0,,,,0.43338335,0.0,0.0,0.0,0.0
10,5,5,0,,,,1.4568167,0.0,0.0,0.0,0.0
10,6,5,0,,,,1.5900834,0.0,0.0,0.0,0.0
10,7,5,0,,,,0.73735,0.0,0.0,0.0,0.0
10,8,5,0,,,,1.1177833,0.0,0.0,0.0,146.36
10,9,5,0,,,,3.45665,0.0,0.0,0.0,398.4
10,10,5,0,,,,0.52853334,0.0,0.0,0.0,576.24
10,11,5,0,,,,0.34526667,0.0,0.0,0.0,567.32
10,12,5,0,,,,0.5190333,0.0,0.0,0.0,298.56
10,13,5,0,,,,0.33225,0.0,0.0,0.0,87.98
10,14,5,0,,,,1.0499,0.0,0.0,0.0,105.09
10,15,5,0,,,,1.0245167,0.0,0.0,0.0,21.1
10,16,5,0,,,,1.9672834,0.0,0.0,0.0,80.85
10,17,5,0,,,,1.1914834,0.0,0.0,0.0,22.54
10,18,5,0,,,,1.2179834,0.0,0.0,0.0,0.0
10,19,5,0,,,,1.2557334,0.0,0.0,0.0,0.0
10,20,5,0,,,,2.5090334,0.0,0.0,0.0,0.0
10,21,5,0,,,,1.8234,0.0,0.0,0.0,0.0
10,22,5,0,,,,0.55295,0.0,0.0,0.0,0.0
10,23,5,0,,,,0.5031667,0.0,0.0,0.0,0.0
10,24,5,0,,,,0.5392333,0.0,0.0,0.0,0.0
10,1,6,0,,,,0.48615,0.0,0.0,0.0,0.0
10,2,6,0,,,,0.54933333,0.0,0.0,0.0,0.0
10,3,6,0,,,,0.50598335,0.0,0.0,0.0,0.0
10,4,6,0,,,,0.53855,0.0,0.0,0.0,0.0
10,5,6,0,,,,0.5016,0.0,0.0,0.0,0.0
10,6,6,0,,,,1.0222,0.0,0.0,0.0,0.0
10,7,6,0,,,,0.8434,0.0,0.0,0.0,0.0
10,8,6,0,,,,0.99145,0.0,0.0,0.0,158.22
10,9,6,0,,,,1.39145,0.0,0.0,0.0,379.61
10,10,6,0,,,,0.63275,0.0,0.0,0.0,584.66
10,11,6,0,,,,0.435,0.0,0.0,0.0,692.53
10,12,6,0,,,,0.4152,0.0,0.0,0.0,739.81
10,13,6,0,,,,1.85955,0.0,0.0,0.0,731.03
10,14,6,0,,,,1.9839333,0.0,0.0,0.0,646.85
10,15,6,0,,,,1.7126167,0.0,0.0,0.0,429.2
10,16,6,0,,,,2.2592416,0.0,0.0,0.0,180.71
10,17,6,0,,,,3.9404583,0.0,0.0,0.0,52.06
10,18,6,0,,,,1.8502667,0.0,0.0,0.0,0.0
10,19,6,0,,,,1.1176667,0.0,0.0,0.0,0.0
10,20,6,0,,,,1.3646667,0.0,0.0,0.0,0.0
10,21,6,0,,,,0.93845,0.0,0.0,0.0,0.0
10,22,6,0,,,,1.4522166,0.0,0.0,0.0,0.0
10,23,6,0,,,,1.3405,0.0,0.0,0.0,0.0
10,24,6,0,,,,1.0028666,0.0,0.0,0.0,0.0
10,1,7,0,,,,0.4422,0.0,0.0,0.0,0.0
10,2,7,0,,,,0.40903333,0.0,0.0,0.0,0.0
10,3,7,0,,,,0.47708333,0.0,0.0,0.0,0.0
10,4,7,0,,,,0.40363333,0.0,0.0,0.0,0.0
10,5,7,0,,,,0.45853335,0.0,0.0,0.0,0.0
10,6,7,0,,,,1.1574,0.0,0.0,0.0,0.0
10,7,7,0,,,,0.47843334,0.0,0.0,0.0,0.0
10,8,7,0,,,,0.5563833,0.0,0.0,0.0,9.46
10,9,7,0,,,,1.03005,0.0,0.0,0.0,20.25
10,10,7,0,,,,0.6611,0.0,0.0,0.0,42.59
10,11,7,0,,,,0.47165,0.0,0.0,0.0,74.0
10,12,7,0,,,,1.0513667,0.0,0.0,0.0,260.71
10,13,7,0,,,,1.9821167,0.0,0.0,0.0,157.12
10,14,7,0,,,,1.4103833,0.0,0.0,0.0,252.93
10,15,7,0,,,,3.0086334,0.0,0.0,0.0,176.64
10,16,7,0,,,,2.08795,0.0,0.0,0.0,147.17
10,17,7,0,,,,4.3941336,0.0,0.0,0.0,188.94
10,18,7,0,,,,1.71835,0.0,0.0,0.0,0.0
10,19,7,0,,,,2.8042333,0.0,0.0,0.0,0.0
10,20,7,0,,,,2.9606166,0.0,0.0,0.0,0.0
10,21,7,0,,,,1.51385,0.0,0.0,0.0,0.0
10,22,7,0,,,,1.0111166,0.0,0.0,0.0,0.0
10,23,7,0,,,,0.58566666,0.0,0.0,0.0,0.0
10,24,7,0,,,,0.51975,0.0,0.0,0.0,0.0
10,1,1,0,,,,0.5307,0.0,0.0,0.0,0.0
10,2,1,0,,,,0.54331666,0.0,0.0,0.0,0.0
10,3,1,0,,,,0.49955,0.0,0.0,0.0,0.0
10,4,1,0,,,,0.59928334,0.0,0.0,0.0,0.0
10,5,1,0,,,,1.1442,0.0,0.0,0.0,0.0
10,6,1,0,,,,1.1378334,0.0,0.0,0.0,0.0
10,7,1,0,,,,0.8143833,0.0,0.0,0.0,0.0
10,8,1,0,,,,1.3263167,0.0,0.0,0.0,44.1
10,9,1,0,,,,0.6238,0.0,0.0,0.0,210.86
10,10,1,0,,,,0.35198334,0.0,0.0,0.0,318.61
10,11,1,0,,,,0.38503334,0.0,0.0,0.0,67.27
10,12,1,0,,,,0.36036667,0.0,0.0,0.0,138.7
10,13,1,0,,,,0.36566666,0.0,0.0,0.0,575.54
10,14,1,0,,,,1.23795,0.0,0.0,0.0,439.51
10,15,1,0,,,,0.96896666,0.0,0.0,0.0,206.71
10,16,1,0,,,,1.4831166,0.0,0.0,0.0,222.25
10,17,1,0,,,,1.9018333,0.0,0.0,0.0,70.73
10,18,1,0,,,,1.1236334,0.0,0.0,0.0,0.0
10,19,1,0,,,,1.3709,0.0,0.0,0.0,0.0
10,20,1,0,,,,2.3264666,0.0,0.0,0.0,0.0
10,21,1,0,,,,1.45535,0.0,0.0,0.0,0.0
10,22,1,0,,,,1.0328667,0.0,0.0,0.0,0.0
10,23,1,0,,,,0.7626333,0.0,0.0,0.0,0.0
10,24,1,0,,,,0.797675,0.0,0.0,0.0,0.0
10,1,2,0,,,,0.74146664,0.0,0.0,0.0,0.0
10,2,2,0,,,,0.79115,0.0,0.0,0.0,0.0
10,3,2,0,,,,0.7948167,0.0,0.0,0.0,0.0
10,4,2,0,,,,0.7082667,0.0,0.0,0.0,0.0
10,5,2,0,,,,1.4684666,0.0,0.0,0.0,0.0
10,6,2,0,,,,1.2322,0.0,0.0,0.0,0.0
10,7,2,0,,,,0.8498333,0.0,0.0,0.0,0.0
10,8,2,0,,,,0.77531666,0.0,0.0,0.0,52.18
10,9,2,0,,,,1.0813111,0.0,0.0,0.0,358.0
10,10,2,0,,,,0.76115,0.0,0.0,0.0,523.13
10,11,2,0,,,,0.5606833,0.0,0.0,0.0,174.33
10,12,2,0,,,,0.45953333,0.0,0.0,0.0,285.71
10,13,2,0,,,,0.7141333,0.0,0.0,0.0,600.93
10,14,2,0,,,,0.44523335,0.0,0.0,0.0,64.25
10,15,2,0,,,,1.5005167,0.0,0.0,0.0,118.4
10,16,2,0,,,,1.3026834,0.0,0.0,0.0,220.51
10,17,2,0,,,,1.5692333,0.0,0.0,0.0,121.62
10,18,2,0,,,,1.2906834,0.0,0.0,0.0,0.0
10,19,2,0,,,,1.99065,0.0,0.0,0.0,0.0
10,20,2,0,,,,1.47745,0.0,0.0,0.0,0.0
10,21,2,0,,,,1.1533,0.0,0.0,0.0,0.0
10,22,2,0,,,,0.7564167,0.0,0.0,0.0,0.0
10,23,2,0,,,,0.7067,0.0,0.0,0.0,0.0
10,24,2,0,,,,0.76521665,0.0,0.0,0.0,0.0
10,1,3,0,,,,0.70550835,0.0,0.0,0.0,0.0
10,2,3,0,,,,0.7514167,0.0,0.0,0.0,0.0
10,3,3,0,,,,0.72901666,0.0,0.0,0.0,0.0
10,4,3,0,,,,0.7198,0.0,0.0,0.0,0.0
10,5,3,0,,,,1.1678916,0.0,0.0,0.0,0.0
10,6,3,0,,,,1.1796167,0.0,0.0,0.0,0.0
10,7,3,0,,,,1.0063167,0.0,0.0,0.0,0.0
10,8,3,0,,,,0.64626664,0.0,0.0,0.0,36.23
10,9,3,0,,,,0.67801666,0.0,0.0,0.0,148.28
10,10,3,0,,,,0.73948336,0.0,0.0,0.0,435.32
10,11,3,0,,,,0.85398334,0.0,0.0,0.0,315.93
10,12,3,0,,,,0.6929,0.0,0.0,0.0,335.89
10,13,3,0,,,,0.35256666,0.0,0.0,0.0,308.81
10,14,3,0,,,,0.5326167,0.0,0.0,0.0,154.6
10,15,3,0,,,,0.40133333,0.0,0.0,0.0,209.12
10,16,3,0,,,,0.37135,0.0,0.0,0.0,134.05
10,17,3,0,,,,0.8699167,0.0,0.0,0.0,103.7
10,18,3,0,,,,0.95461667,0.0,0.0,0.0,0.0
10,19,3,0,,,,1.3011167,0.0,0.0,0.0,0.0
10,20,3,0,,,,2.1493833,0.0,0.0,0.0,0.0
10,21,3,0,,,,1.9091,0.0,0.0,0.0,0.0
10,22,3,0,,,,1.22225,0.0,0.0,0.0,0.0
10,23,3,0,,,,0.59256667,0.0,0.0,0.0,0.0
10,24,3,0,,,,0.56273335,0.0,0.0,0.0,0.0
10,1,4,0,,,,0.58673334,0.0,0.0,0.0,0.0
10,2,4,0,,,,0.5136333,0.0,0.0,0.0,0.0
10,3,4,0,,,,0.576,0.0,0.0,0.0,0.0
10,4,4,0,,,,0.5047,0.0,0.0,0.0,0.0
10,5,4,0,,,,1.2987833,0.0,0.0,0.0,0.0
10,6,4,0,,,,1.4974333,0.0,0.0,0.0,0.0
10,7,4,0,,,,0.77285,0.0,0.0,0.0,0.0
10,8,4,0,,,,0.7897,0.0,0.0,0.0,114.19
10,9,4,0,,,,0.89,0.0,0.0,0.0,350.64
10,10,4,0,,,,0.52845,0.0,0.0,0.0,517.64
10,11,4,0,,,,0.39285,0.0,0.0,0.0,621.55
10,12,4,0,,,,0.39385,0.0,0.0,0.0,695.28
10,13,4,0,,,,0.4121,0.0,0.0,0.0,635.82
10,14,4,0,,,,0.32095,0.0,0.0,0.0,598.71
10,15,4,0,,,,0.3939,0.0,0.0,0.0,454.11
10,16,4,0,,,,0.35798332,0.0,0.0,0.0,315.62
10,17,4,0,,,,0.7757667,0.0,0.0,0.0,114.08
10,18,4,0,,,,1.1724167,0.0,0.0,0.0,0.0
10,19,4,0,,,,1.4423333,0.0,0.0,0.0,0.0
10,20,4,0,,,,1.4061834,0.0,0.0,0.0,0.0
10,21,4,0,,,,1.0992,0.0,0.0,0.0,0.0
10,22,4,0,,,,1.0526333,0.0,0.0,0.0,0.0
10,23,4,0,,,,0.47836667,0.0,0.0,0.0,0.0
10,24,4,0,,,,0.539225,0.0,0.0,0.0,0.0
10,1,5,0,,,,0.4968,0.0,0.0,0.0,0.0
10,2,5,0,,,,0.49848333,0.0,0.0,0.0,0.0
10,3,5,0,,,,0.51411664,0.0,0.0,0.0,0.0
10,4,5,0,,,,0.48391667,0.0,0.0,0.0,0.0
10,5,5,0,,,,1.4267167,0.0,0.0,0.0,0.0
10,6,5,0,,,,1.1991167,0.0,0.0,0.0,0.0
10,7,5,0,,,,1.2866833,0.0,0.0,0.0,0.0
10,8,5,0,,,,0.96566665,0.0,0.0,0.0,102.87
10,9,5,0,,,,0.70516664,0.0,0.0,0.0,341.51
10,10,5,0,,,,0.68415,0.0,0.0,0.0,512.26
10,11,5,0,,,,0.6763833,0.0,0.0,0.0,616.88
10,12,5,0,,,,1.5050417,0.0,0.0,0.0,689.12
10,13,5,0,,,,0.4018,0.0,0.0,0.0,667.51
10,14,5,0,,,,0.4574,0.0,0.0,0.0,614.15
10,15,5,0,,,,0.3625,0.0,0.0,0.0,439.55
10,16,5,0,,,,0.4405,0.0,0.0,0.0,334.67
10,17,5,0,,,,0.5376667,0.0,0.0,0.0,113.82
10,18,5,0,,,,0.6407167,0.0,0.0,0.0,0.0
10,19,5,0,,,,1.1462667,0.0,0.0,0.0,0.0
10,20,5,0,,,,1.16035,0.0,0.0,0.0,0.0
10,21,5,0,,,,1.20315,0.0,0.0,0.0,0.0
10,22,5,0,,,,0.65078336,0.0,0.0,0.0,0.0
10,23,5,0,,,,0.6501167,0.0,0.0,0.0,0.0
10,24,5,0,,,,0.57643336,0.0,0.0,0.0,0.0
10,1,6,0,,,,0.6422833,0.0,0.0,0.0,0.0
10,2,6,0,,,,0.57923335,0.0,0.0,0.0,0.0
10,3,6,0,,,,0.62436664,0.0,0.0,0.0,0.0
10,4,6,0,,,,0.59365,0.0,0.0,0.0,0.0
10,5,6,0,,,,1.0824,0.0,0.0,0.0,0.0
10,6,6,0,,,,0.73025,0.0,0.0,0.0,0.0
10,7,6,0,,,,0.81201667,0.0,0.0,0.0,0.0
10,8,6,0,,,,0.7137833,0.0,0.0,0.0,85.12
10,9,6,0,,,,0.57425,0.0,0.0,0.0,320.97
10,10,6,0,,,,0.5901333,0.0,0.0,0.0,482.42
10,11,6,0,,,,0.59495,0.0,0.0,0.0,587.74
10,12,6,0,,,,0.82138336,0.0,0.0,0.0,646.51
10,13,6,0,,,,1.05525,0.0,0.0,0.0,634.19
10,14,6,0,,,,0.81238335,0.0,0.0,0.0,571.79
10,15,6,0,,,,1.1102667,0.0,0.0,0.0,411.3
10,16,6,0,,,,2.3575666,0.0,0.0,0.0,298.94
10,17,6,0,,,,1.1603,0.0,0.0,0.0,62.23
10,18,6,0,,,,1.8190666,0.0,0.0,0.0,0.0
10,19,6,0,,,,1.7306666,0.0,0.0,0.0,0.0
10,20,6,0,,,,1.6874666,0.0,0.0,0.0,0.0
10,21,6,0,,,,2.0954332,0.0,0.0,0.0,0.0
10,22,6,0,,,,0.93165,0.0,0.0,0.0,0.0
10,23,6,0,,,,0.5837833,0.0,0.0,0.0,0.0
10,24,6,0,,,,0.5090167,0.0,0.0,0.0,0.0
10,1,7,0,,,,0.5373167,0.0,0.0,0.0,0.0
10,2,7,0,,,,0.49005,0.0,0.0,0.0,0.0
10,3,7,0,,,,0.51275,0.0,0.0,0.0,0.0
10,4,7,0,,,,0.4977,0.0,0.0,0.0,0.0
10,5,7,0,,,,0.5711667,0.0,0.0,0.0,0.0
10,6,7,0,,,,0.43826666,0.0,0.0,0.0,0.0
10,7,7,0,,,,1.1667,0.0,0.0,0.0,0.0
10,8,7,0,,,,1.0367334,0.0,0.0,0.0,16.68
10,9,7,0,,,,1.8360833,0.0,0.0,0.0,148.64
10,10,7,0,,,,1.02005,0.0,0.0,0.0,393.03
10,11,7,0,,,,0.66436666,0.0,0.0,0.0,642.48
10,12,7,0,,,,0.39113334,0.0,0.0,0.0,706.35
10,13,7,0,,,,0.6950333,0.0,0.0,0.0,680.5
10,14,7,0,,,,0.70545,0.0,0.0,0.0,617.35
10,15,7,0,,,,0.61128336,0.0,0.0,0.0,434.6
10,16,7,0,,,,0.47275,0.0,0.0,0.0,312.34
10,17,7,0,,,,0.41038334,0.0,0.0,0.0,99.86
10,18,7,0,,,,0.43513334,0.0,0.0,0.0,0.0
10,19,7,0,,,,1.3778833,0.0,0.0,0.0,0.0
10,20,7,0,,,,1.5825,0.0,0.0,0.0,0.0
10,21,7,0,,,,1.65125,0.0,0.0,0.0,0.0
10,22,7,0,,,,0.85235,0.0,0.0,0.0,0.0
10,23,7,0,,,,0.509,0.0,0.0,0.0,0.0
10,24,7,0,,,,0.49645,0.0,0.0,0.0,0.0
10,1,1,0,,,,0.51788336,0.0,0.0,0.0,0.0
10,2,1,0,,,,0.5280167,0.0,0.0,0.0,0.0
10,3,1,0,,,,0.48846668,0.0,0.0,0.0,0.0
10,4,1,0,,,,0.50123334,0.0,0.0,0.0,0.0
10,5,1,0,,,,1.8054,0.0,0.0,0.0,0.0
10,6,1,0,,,,2.1109667,0.0,0.0,0.0,0.0
10,7,1,0,,,,1.3638166,0.0,0.0,0.0,0.0
10,8,1,0,,,,0.65135,0.0,0.0,0.0,89.3
10,9,1,0,,,,0.59041667,0.0,0.0,0.0,330.58
10,10,1,0,,,,0.4284,0.0,0.0,0.0,498.77
10,11,1,0,,,,0.4567,0.0,0.0,0.0,617.88
10,12,1,0,,,,0.93768334,0.0,0.0,0.0,683.31
10,13,1,0,,,,0.85333335,0.0,0.0,0.0,656.88
10,14,1,0,,,,0.64171666,0.0,0.0,0.0,600.06
10,15,1,0,,,,0.42375,0.0,0.0,0.0,448.02
10,16,1,0,,,,0.42516667,0.0,0.0,0.0,321.02
10,17,1,0,,,,1.0948833,0.0,0.0,0.0,88.25
10,18,1,0,,,,0.7479333,0.0,0.0,0.0,0.0
10,19,1,0,,,,1.1526333,0.0,0.0,0.0,0.0
10,20,1,0,,,,1.8454,0.0,0.0,0.0,0.0
10,21,1,0,,,,1.5019333,0.0,0.0,0.0,0.0
10,22,1,0,,,,1.1956834,0.0,0.0,0.0,0.0
10,23,1,0,,,,0.75923336,0.0,0.0,0.0,0.0
10,24,1,0,,,,0.52125,0.0,0.0,0.0,0.0
10,1,2,0,,,,0.47581667,0.0,0.0,0.0,0.0
10,2,2,0,,,,0.48073334,0.0,0.0,0.0,0.0
10,3,2,0,,,,0.48025,0.0,0.0,0.0,0.0
10,4,2,0,,,,0.4696,0.0,0.0,0.0,0.0
10,5,2,0,,,,1.3470833,0.0,0.0,0.0,0.0
10,6,2,0,,,,1.2181166,0.0,0.0,0.0,0.0
10,7,2,0,,,,1.0368834,0.0,0.0,0.0,0.0
10,8,2,0,,,,0.69965,0.0,0.0,0.0,84.71
10,9,2,0,,,,0.9066167,0.0,0.0,0.0,322.43
10,10,2,0,,,,0.84275,0.0,0.0,0.0,487.72
10,11,2,0,,,,0.44448334,0.0,0.0,0.0,605.1
10,12,2,0,,,,0.4358,0.0,0.0,0.0,656.0
10,13,2,0,,,,0.4643,0.0,0.0,0.0,637.9
10,14,2,0,,,,0.46455,0.0,0.0,0.0,589.97
10,15,2,0,,,,0.46136665,0.0,0.0,0.0,464.19
10,16,2,0,,,,0.6729,0.0,0.0,0.0,321.8
10,17,2,0,,,,1.9443,0.0,0.0,0.0,83.01
10,18,2,0,,,,1.0359666,0.0,0.0,0.0,0.0
10,19,2,0,,,,1.4424666,0.0,0.0,0.0,0.0
10,20,2,0,,,,1.55015,0.0,0.0,0.0,0.0
10,21,2,0,,,,1.3520666,0.0,0.0,0.0,0.0
10,22,2,0,,,,1.1847334,0.0,0.0,0.0,0.0
10,23,2,0,,,,0.8186333,0.0,0.0,0.0,0.0
10,24,2,0,,,,0.64771664,0.0,0.0,0.0,0.0
10,1,3,0,,,,0.6763167,0.0,0.0,0.0,0.0
10,2,3,0,,,,0.6392,0.0,0.0,0.0,0.0
10,3,3,0,,,,0.63951665,0.0,0.0,0.0,0.0
10,4,3,0,,,,0.75028336,0.0,0.0,0.0,0.0
10,5,3,0,,,,1.3202333,0.0,0.0,0.0,0.0
10,6,3,0,,,,1.4378,0.0,0.0,0.0,0.0
10,7,3,0,,,,1.3177834,0.0,0.0,0.0,0.0
10,8,3,0,,,,1.2829,0.0,0.0,0.0,46.59
10,9,3,0,,,,1.1426,0.0,0.0,0.0,259.5
10,10,3,0,,,,0.8117167,0.0,0.0,0.0,450.24
10,11,3,0,,,,0.5464,0.0,0.0,0.0,578.9
10,12,3,0,,,,0.555,0.0,0.0,0.0,638.69
10,13,3,0,,,,0.5485,0.0,0.0,0.0,643.3
10,14,3,0,,,,0.53976667,0.0,0.0,0.0,594.41
10,15,3,0,,,,0.53758335,0.0,0.0,0.0,490.18
10,16,3,0,,,,0.8401167,0.0,0.0,0.0,304.12
10,17,3,0,,,,1.1062833,0.0,0.0,0.0,79.36
10,18,3,0,,,,2.0712,0.0,0.0,0.0,0.0
10,19,3,0,,,,3.0437334,0.0,0.0,0.0,0.0
10,20,3,0,,,,1.96595,0.0,0.0,0.0,0.0
10,21,3,0,,,,0.7007,0.0,0.0,0.0,0.0
10,22,3,0,,,,0.44098333,0.0,0.0,0.0,0.0
10,23,3,0,,,,0.4394,0.0,0.0,0.0,0.0
10,24,3,0,,,,0.466375,0.0,0.0,0.0,0.0
10,1,4,0,,,,0.41623333,0.0,0.0,0.0,0.0
10,2,4,0,,,,0.41373333,0.0,0.0,0.0,0.0
10,3,4,0,,,,0.44443333,0.0,0.0,0.0,0.0
10,4,4,0,,,,0.73546666,0.0,0.0,0.0,0.0
10,5,4,0,,,,1.7335334,0.0,0.0,0.0,0.0
10,6,4,0,,,,2.0040166,0.0,0.0,0.0,0.0
10,7,4,0,,,,1.2336667,0.0,0.0,0.0,0.0
10,8,4,0,,,,0.60045,0.0,0.0,0.0,51.33
10,9,4,0,,,,0.5071167,0.0,0.0,0.0,126.78
10,10,4,0,,,,0.41918334,0.0,0.0,0.0,482.24
10,11,4,0,,,,0.43906668,0.0,0.0,0.0,591.97
10,12,4,0,,,,0.45745,0.0,0.0,0.0,653.12
10,13,4,0,,,,0.3847,0.0,0.0,0.0,650.32
10,14,4,0,,,,0.55766666,0.0,0.0,0.0,597.65
10,15,4,0,,,,0.46418333,0.0,0.0,0.0,483.27
10,16,4,0,,,,0.5139167,0.0,0.0,0.0,313.17
10,17,4,0,,,,0.6367667,0.0,0.0,0.0,70.85
10,18,4,0,,,,1.2629666,0.0,0.0,0.0,0.0
10,19,4,0,,,,1.7181166,0.0,0.0,0.0,0.0
10,20,4,0,,,,1.9122334,0.0,0.0,0.0,0.0
10,21,4,0,,,,1.37065,0.0,0.0,0.0,0.0
10,22,4,0,,,,0.92621666,0.0,0.0,0.0,0.0
10,23,4,0,,,,0.50645,0.0,0.0,0.0,0.0
10,24,4,0,,,,0.44543332,0.0,0.0,0.0,0.0
10,1,5,0,,,,0.43486667,0.0,0.0,0.0,0.0
10,2,5,0,,,,0.45348334,0.0,0.0,0.0,0.0
10,3,5,0,,,,0.48641667,0.0,0.0,0.0,0.0
10,4,5,0,,,,0.44071665,0.0,0.0,0.0,0.0
10,5,5,0,,,,0.62273335,0.0,0.0,0.0,0.0
10,6,5,0,,,,1.3511333,0.0,0.0,0.0,0.0
10,7,5,0,,,,1.2131,0.0,0.0,0.0,0.0
10,8,5,0,,,,0.93186665,0.0,0.0,0.0,6.32
10,9,5,0,,,,0.5651,0.0,0.0,0.0,54.81
10,10,5,0,,,,0.74235,0.0,0.0,0.0,102.13
10,11,5,0,,,,0.5617667,0.0,0.0,0.0,124.42
10,12,5,0,,,,0.5481,0.0,0.0,0.0,108.67
10,13,5,0,,,,0.58625,0.0,0.0,0.0,124.74
10,14,5,0,,,,0.53866667,0.0,0.0,0.0,193.63
10,15,5,0,,,,0.54791665,0.0,0.0,0.0,209.19
10,16,5,0,,,,0.53246665,0.0,0.0,0.0,295.68
10,17,5,0,,,,1.1926334,0.0,0.0,0.0,79.64
10,18,5,0,,,,2.4267833,0.0,0.0,0.0,0.0
10,19,5,0,,,,1.44355,0.0,0.0,0.0,0.0
10,20,5,0,,,,1.7564666,0.0,0.0,0.0,0.0
10,21,5,0,,,,1.439,0.0,0.0,0.0,0.0
10,22,5,0,,,,0.72646666,0.0,0.0,0.0,0.0
10,23,5,0,,,,0.6914,0.0,0.0,0.0,0.0
10,24,5,0,,,,0.6880417,0.0,0.0,0.0,0.0
10,1,6,0,,,,0.6660333,0.0,0.0,0.0,0.0
10,2,6,0,,,,0.6684167,0.0,0.0,0.0,0.0
10,3,6,0,,,,0.71173334,0.0,0.0,0.0,0.0
10,4,6,0,,,,0.71745,0.0,0.0,0.0,0.0
10,5,6,0,,,,0.94271666,0.0,0.0,0.0,0.0
10,6,6,0,,,,0.8707167,0.0,0.0,0.0,0.0
10,7,6,0,,,,1.5062833,0.0,0.0,0.0,0.0
10,8,6,0,,,,1.0186666,0.0,0.0,0.0,5.21
10,9,6,0,,,,0.81915,0.0,0.0,0.0,87.74
10,10,6,0,,,,0.83143336,0.0,0.0,0.0,103.69
10,11,6,0,,,,0.4917,0.0,0.0,0.0,310.13
10,12,6,0,,,,0.8993,0.0,0.0,0.0,490.44
10,13,6,0,,,,1.376,0.0,0.0,0.0,517.11
10,14,6,0,,,,1.1646,0.0,0.0,0.0,540.17
10,15,6,0,,,,1.1803167,0.0,0.0,0.0,405.7
10,16,6,0,,,,1.1372833,0.0,0.0,0.0,230.77
10,17,6,0,,,,0.7133333,0.0,0.0,0.0,60.4
10,18,6,0,,,,0.5254833,0.0,0.0,0.0,0.0
10,19,6,0,,,,0.55796665,0.0,0.0,0.0,0.0
10,20,6,0,,,,0.5191,0.0,0.0,0.0,0.0
10,21,6,0,,,,0.5226833,0.0,0.0,0.0,0.0
10,22,6,0,,,,0.78445,0.0,0.0,0.0,0.0
10,23,6,0,,,,1.0438833,0.0,0.0,0.0,0.0
10,24,6,0,,,,0.5297833,0.0,0.0,0.0,0.0
10,1,7,0,,,,0.5742667,0.0,0.0,0.0,0.0
10,2,7,0,,,,0.54145,0.0,0.0,0.0,0.0
10,3,7,0,,,,0.5549667,0.0,0.0,0.0,0.0
10,4,7,0,,,,0.55703336,0.0,0.0,0.0,0.0
10,5,7,0,,,,0.53178334,0.0,0.0,0.0,0.0
10,6,7,0,,,,1.50995,0.0,0.0,0.0,0.0
10,7,7,0,,,,1.7715833,0.0,0.0,0.0,0.0
10,8,7,0,,,,0.8594,0.0,0.0,0.0,0.0
10,9,7,0,,,,0.7496333,0.0,0.0,0.0,87.77
10,10,7,0,,,,0.43545,0.0,0.0,0.0,174.81
10,11,7,0,,,,0.41536668,0.0,0.0,0.0,297.31
10,12,7,0,,,,0.44463333,0.0,0.0,0.0,267.16
10,13,7,0,,,,0.40998334,0.0,0.0,0.0,494.24
10,14,7,0,,,,0.41906667,0.0,0.0,0.0,440.26
10,15,7,0,,,,0.45066667,0.0,0.0,0.0,254.45
10,16,7,0,,,,0.74656665,0.0,0.0,0.0,210.98
10,17,7,0,,,,1.2945334,0.0,0.0,0.0,39.83
10,18,7,0,,,,1.5582167,0.0,0.0,0.0,0.0
10,19,7,0,,,,2.2161,0.0,0.0,0.0,0.0
10,20,7,0,,,,2.4799333,0.0,0.0,0.0,0.0
10,21,7,0,,,,1.2869333,0.0,0.0,0.0,0.0
10,22,7,0,,,,0.8315833,0.0,0.0,0.0,0.0
10,23,7,0,,,,0.53,0.0,0.0,0.0,0.0
10,24,7,0,,,,0.5593,0.0,0.0,0.0,0.0
10,1,1,0,,,,0.56233335,0.0,0.0,0.0,0.0
10,2,1,0,,,,0.5417,0.0,0.0,0.0,0.0
10,3,1,0,,,,0.55115,0.0,0.0,0.0,0.0
10,4,1,0,,,,0.64241666,0.0,0.0,0.0,0.0
10,5,1,0,,,,1.5923,0.0,0.0,0.0,0.0
10,6,1,0,,,,1.9428333,0.0,0.0,0.0,0.0
10,7,1,0,,,,1.2031667,0.0,0.0,0.0,0.0
10,8,1,0,,,,0.9759,0.0,0.0,0.0,4.61
10,9,1,0,,,,0.522225,0.0,0.0,0.0,52.73
10,10,1,0,,,,0.5477333,0.0,0.0,0.0,131.84
10,11,1,0,,,,0.49186668,0.0,0.0,0.0,174.64
10,12,1,0,,,,0.52205,0.0,0.0,0.0,136.33
10,13,1,0,,,,0.50193334,0.0,0.0,0.0,144.82
10,14,1,0,,,,0.43598333,0.0,0.0,0.0,227.13
10,15,1,0,,,,0.40425,0.0,0.0,0.0,216.12
10,16,1,0,,,,0.532,0.0,0.0,0.0,74.71
10,17,1,0,,,,1.1329666,0.0,0.0,0.0,5.05
10,18,1,0,,,,1.707,0.0,0.0,0.0,0.0
10,19,1,0,,,,2.2374167,0.0,0.0,0.0,0.0
10,20,1,0,,,,1.6931833,0.0,0.0,0.0,0.0
10,21,1,0,,,,1.2847,0.0,0.0,0.0,0.0
10,22,1,0,,,,0.64701664,0.0,0.0,0.0,0.0
10,23,1,0,,,,0.5448167,0.0,0.0,0.0,0.0
10,24,1,0,,,,0.51305,0.0,0.0,0.0,0.0
10,1,2,0,,,,0.5087,0.0,0.0,0.0,0.0
10,2,2,0,,,,0.518,0.0,0.0,0.0,0.0
10,3,2,0,,,,0.5143833,0.0,0.0,0.0,0.0
10,4,2,0,,,,0.5743,0.0,0.0,0.0,0.0
10,5,2,0,,,,1.73725,0.0,0.0,0.0,0.0
10,6,2,0,,,,2.1894166,0.0,0.0,0.0,0.0
10,7,2,0,,,,1.0679,0.0,0.0,0.0,0.0
10,8,2,0,,,,0.72173333,0.0,0.0,0.0,0.69
10,9,2,0,,,,0.82428336,0.0,0.0,0.0,34.14
10,10,2,0,,,,1.2850167,0.0,0.0,0.0,63.18
10,11,2,0,,,,0.67745,0.0,0.0,0.0,77.86
10,12,2,0,,,,0.9151833,0.0,0.0,0.0,55.1
10,13,2,0,,,,0.56953335,0.0,0.0,0.0,55.01
10,14,2,0,,,,0.5481833,0.0,0.0,0.0,41.29
10,15,2,0,,,,0.51595,0.0,0.0,0.0,23.76
10,16,2,0,,,,0.5132,0.0,0.0,0.0,14.87
10,17,2,0,,,,0.66138333,0.0,0.0,0.0,0.87
10,18,2,0,,,,0.66575,0.0,0.0,0.0,0.0
10,19,2,0,,,,1.3643833,0.0,0.0,0.0,0.0
10,20,2,0,,,,1.6122667,0.0,0.0,0.0,0.0
10,21,2,0,,,,1.1980667,0.0,0.0,0.0,0.0
10,22,2,0,,,,0.55495,0.0,0.0,0.0,0.0
10,23,2,0,,,,0.4906,0.0,0.0,0.0,0.0
10,24,2,0,,,,0.5060083,0.0,0.0,0.0,0.0
10,1,3,0,,,,0.48393333,0.0,0.0,0.0,0.0
10,2,3,0,,,,0.47818333,0.0,0.0,0.0,0.0
10,3,3,0,,,,0.52393335,0.0,0.0,0.0,0.0
10,4,3,0,,,,0.48198333,0.0,0.0,0.0,0.0
10,5,3,0,,,,1.2160167,0.0,0.0,0.0,0.0
10,6,3,0,,,,1.89945,0.0,0.0,0.0,0.0
10,7,3,0,,,,1.8341833,0.0,0.0,0.0,0.0
10,8,3,0,,,,1.6489333,0.0,0.0,0.0,0.33
10,9,3,0,,,,1.6677333,0.0,0.0,0.0,31.49
10,10,3,0,,,,1.7008667,0.0,0.0,0.0,68.72
10,11,3,0,,,,1.3832166,0.0,0.0,0.0,98.06
10,12,3,0,,,,0.80308336,0.0,0.0,0.0,48.44
10,13,3,0,,,,0.83775,0.0,0.0,0.0,126.24
10,14,3,0,,,,0.39851665,0.0,0.0,0.0,188.5
10,15,3,0,,,,0.36418334,0.0,0.0,0.0,27.39
10,16,3,0,,,,0.55146664,0.0,0.0,0.0,12.28
10,17,3,0,,,,0.5693833,0.0,0.0,0.0,4.51
10,18,3,0,,,,0.8089833,0.0,0.0,0.0,0.0
10,19,3,0,,,,1.5169333,0.0,0.0,0.0,0.0
10,20,3,0,,,,1.5954334,0.0,0.0,0.0,0.0
10,21,3,0,,,,0.9410667,0.0,0.0,0.0,0.0
10,22,3,0,,,,0.70465,0.0,0.0,0.0,0.0
10,23,3,0,,,,0.5352167,0.0,0.0,0.0,0.0
10,24,3,0,,,,0.569225,0.0,0.0,0.0,0.0
10,1,4,0,,,,0.82285833,0.0,0.0,0.0,0.0
10,2,4,0,,,,0.6763167,0.0,0.0,0.0,0.0
10,3,4,0,,,,0.61965,0.0,0.0,0.0,0.0
10,4,4,0,,,,0.98,0.0,0.0,0.0,0.0
10,5,4,0,,,,1.2495834,0.0,0.0,0.0,0.0
10,6,4,0,,,,1.3912834,0.0,0.0,0.0,0.0
10,7,4,0,,,,0.7478333,0.0,0.0,0.0,0.0
10,8,4,0,,,,0.57505,0.0,0.0,0.0,1.56
10,9,4,0,,,,0.5895,0.0,0.0,0.0,39.94
10,10,4,0,,,,0.57636666,0.0,0.0,0.0,90.43
10,11,4,0,,,,0.5678833,0.0,0.0,0.0,125.52
10,12,4,0,,,,0.60581666,0.0,0.0,0.0,237.18
10,13,4,0,,,,0.5511,0.0,0.0,0.0,564.47
10,14,4,0,,,,0.49698332,0.0,0.0,0.0,579.4
10,15,4,0,,,,0.5477,0.0,0.0,0.0,479.66
10,16,4,0,,,,0.5272167,0.0,0.0,0.0,277.11
10,17,4,0,,,,0.8454667,0.0,0.0,0.0,8.25
10,18,4,0,,,,0.69266665,0.0,0.0,0.0,0.0
10,19,4,0,,,,0.6548,0.0,0.0,0.0,0.0
10,20,4,0,,,,0.63255,0.0,0.0,0.0,0.0
10,21,4,0,,,,0.95485,0.0,0.0,0.0,0.0
10,22,4,0,,,,0.6584167,0.0,0.0,0.0,0.0
10,23,4,0,,,,0.5736167,0.0,0.0,0.0,0.0
10,24,4,0,,,,0.7409833,0.0,0.0,0.0,0.0
10,1,5,0,,,,0.84893334,0.0,0.0,0.0,0.0
10,2,5,0,,,,0.57388335,0.0,0.0,0.0,0.0
10,3,5,0,,,,0.61665,0.0,0.0,0.0,0.0
10,4,5,0,,,,0.5669,0.0,0.0,0.0,0.0
10,5,5,0,,,,1.15085,0.0,0.0,0.0,0.0
10,6,5,0,,,,1.5214167,0.0,0.0,0.0,0.0
10,7,5,0,,,,0.74258333,0.0,0.0,0.0,0.0
10,8,5,0,,,,0.58778334,0.0,0.0,0.0,0.0
10,9,5,0,,,,0.6341,0.0,0.0,0.0,18.41
10,10,5,0,,,,0.58986664,0.0,0.0,0.0,70.06
10,11,5,0,,,,0.59975,0.0,0.0,0.0,110.36
10,12,5,0,,,,0.62995,0.0,0.0,0.0,39.34
10,13,5,0,,,,0.57483333,0.0,0.0,0.0,18.38
10,14,5,0,,,,0.56311667,0.0,0.0,0.0,40.2
10,15,5,0,,,,0.4838,0.0,0.0,0.0,32.06
10,16,5,0,,,,0.45485,0.0,0.0,0.0,17.13
10,17,5,0,,,,0.7840667,0.0,0.0,0.0,0.18
10,18,5,0,,,,1.0628667,0.0,0.0,0.0,0.0
10,19,5,0,,,,1.1723334,0.0,0.0,0.0,0.0
10,20,5,0,,,,1.2331834,0.0,0.0,0.0,0.0
10,21,5,0,,,,1.4382,0.0,0.0,0.0,0.0
10,22,5,0,,,,0.58523333,0.0,0.0,0.0,0.0
10,23,5,0,,,,0.5287333,0.0,0.0,0.0,0.0
10,24,5,0,,,,0.5515083,0.0,0.0,0.0,0.0
10,1,6,0,,,,0.5541833,0.0,0.0,0.0,0.0
10,2,6,0,,,,0.5056667,0.0,0.0,0.0,0.0
10,3,6,0,,,,0.493,0.0,0.0,0.0,0.0
10,4,6,0,,,,0.5448,0.0,0.0,0.0,0.0
10,5,6,0,,,,0.5202,0.0,0.0,0.0,0.0
10,6,6,0,,,,1.1465666,0.0,0.0,0.0,0.0
10,7,6,0,,,,1.45825,0.0,0.0,0.0,0.0
10,8,6,0,,,,1.1490333,0.0,0.0,0.0,20.2
10,9,6,0,,,,0.9543,0.0,0.0,0.0,271.07
10,10,6,0,,,,0.8672,0.0,0.0,0.0,449.5
10,11,6,0,,,,1.6279167,0.0,0.0,0.0,197.89
10,12,6,0,,,,0.92513335,0.0,0.0,0.0,256.09
10,13,6,0,,,,0.4497,0.0,0.0,0.0,631.42
10,14,6,0,,,,0.46546668,0.0,0.0,0.0,79.35
10,15,6,0,,,,0.59009165,0.0,0.0,0.0,179.73
10,16,6,0,,,,1.3807666,0.0,0.0,0.0,170.74
10,17,6,0,,,,1.49895,0.0,0.0,0.0,6.78
10,18,6,0,,,,1.4402833,0.0,0.0,0.0,0.0
10,19,6,0,,,,1.4806833,0.0,0.0,0.0,0.0
10,20,6,0,,,,1.4552333,0.0,0.0,0.0,0.0
10,21,6,0,,,,1.7547333,0.0,0.0,0.0,0.0
10,22,6,0,,,,1.35095,0.0,0.0,0.0,0.0
10,23,6,0,,,,1.2692667,0.0,0.0,0.0,0.0
10,24,6,0,,,,0.73680836,0.0,0.0,0.0,0.0
10,1,7,0,,,,0.59526664,0.0,0.0,0.0,0.0
10,2,7,0,,,,0.55733335,0.0,0.0,0.0,0.0
10,3,7,0,,,,0.5435,0.0,0.0,0.0,0.0
10,4,7,0,,,,0.54403335,0.0,0.0,0.0,0.0
10,5,7,0,,,,0.5200667,0.0,0.0,0.0,0.0
10,6,7,0,,,,0.5378,0.0,0.0,0.0,0.0
10,7,7,0,,,,1.1563,0.0,0.0,0.0,0.0
10,8,7,0,,,,2.5221167,0.0,0.0,0.0,21.06
10,9,7,0,,,,0.96085,0.0,0.0,0.0,302.22
10,10,7,0,,,,0.84241664,0.0,0.0,0.0,134.21
10,11,7,0,,,,2.1575,0.0,0.0,0.0,259.65
10,12,7,0,,,,1.5011834,0.0,0.0,0.0,74.77
10,13,7,0,,,,1.2006,0.0,0.0,0.0,628.21
10,14,7,0,,,,0.6613167,0.0,0.0,0.0,615.04
10,15,7,0,,,,0.6629,0.0,0.0,0.0,478.08
10,16,7,0,,,,1.1840833,0.0,0.0,0.0,279.61
10,17,7,0,,,,0.60538334,0.0,0.0,0.0,5.3
10,18,7,0,,,,1.7003334,0.0,0.0,0.0,0.0
10,19,7,0,,,,2.14765,0.0,0.0,0.0,0.0
10,20,7,0,,,,1.7788167,0.0,0.0,0.0,0.0
10,21,7,0,,,,1.2822,0.0,0.0,0.0,0.0
10,22,7,0,,,,1.0845833,0.0,0.0,0.0,0.0
10,23,7,0,,,,0.88561666,0.0,0.0,0.0,0.0
10,24,7,0,,,,0.5535333,0.0,0.0,0.0,0.0
10,1,1,0,,,,0.5393,0.0,0.0,0.0,0.0
10,2,1,0,,,,0.5701333,0.0,0.0,0.0,0.0
10,3,1,0,,,,0.55913335,0.0,0.0,0.0,0.0
10,4,1,0,,,,0.7704167,0.0,0.0,0.0,0.0
10,5,1,0,,,,0.77415,0.0,0.0,0.0,0.0
10,6,1,0,,,,0.77251667,0.0,0.0,0.0,0.0
10,7,1,0,,,,1.3496833,0.0,0.0,0.0,0.0
10,8,1,0,,,,1.3946333,0.0,0.0,0.0,0.0
10,9,1,0,,,,0.897075,0.0,0.0,0.0,78.81
10,10,1,0,,,,0.96306664,0.0,0.0,0.0,470.04
10,11,1,0,,,,0.99595,0.0,0.0,0.0,566.17
10,12,1,0,,,,0.71971667,0.0,0.0,0.0,631.42
10,13,1,0,,,,0.6598167,0.0,0.0,0.0,57.98
10,14,1,0,,,,0.7607667,0.0,0.0,0.0,48.35
10,15,1,0,,,,1.2907166,0.0,0.0,0.0,29.67
10,16,1,0,,,,2.4347832,0.0,0.0,0.0,89.8
10,17,1,0,,,,2.3853333,0.0,0.0,0.0,0.23
10,18,1,0,,,,1.65715,0.0,0.0,0.0,0.0
10,19,1,0,,,,0.99903333,0.0,0.0,0.0,0.0
10,20,1,0,,,,0.99765,0.0,0.0,0.0,0.0
10,21,1,0,,,,1.1753666,0.0,0.0,0.0,0.0
10,22,1,0,,,,0.49543333,0.0,0.0,0.0,0.0
10,23,1,0,,,,0.46761668,0.0,0.0,0.0,0.0
10,24,1,0,,,,0.41598332,0.0,0.0,0.0,0.0
11,1,2,0,,,,0.4268,0.0,0.0,0.0,0.0
11,2,2,0,,,,0.42285,0.0,0.0,0.0,0.0
11,3,2,0,,,,0.43695,0.0,0.0,0.0,0.0
11,4,2,0,,,,0.38433334,0.0,0.0,0.0,0.0
11,5,2,0,,,,1.69125,0.0,0.0,0.0,0.0
11,6,2,0,,,,2.2784834,0.0,0.0,0.0,0.0
11,7,2,0,,,,1.3684167,0.0,0.0,0.0,0.0
11,8,2,0,,,,0.7978167,0.0,0.0,0.0,10.91
11,9,2,0,,,,0.46875,0.0,0.0,0.0,273.17
11,10,2,0,,,,0.33306667,0.0,0.0,0.0,481.86
11,11,2,0,,,,0.32861668,0.0,0.0,0.0,592.95
11,12,2,0,,,,0.39198333,0.0,0.0,0.0,202.49
11,13,2,0,,,,0.31051666,0.0,0.0,0.0,270.32
11,14,2,0,,,,0.356,0.0,0.0,0.0,191.32
11,15,2,0,,,,0.36701667,0.0,0.0,0.0,395.21
11,16,2,0,,,,0.34581667,0.0,0.0,0.0,192.22
11,17,2,0,,,,0.42696667,0.0,0.0,0.0,1.82
11,18,2,0,,,,2.3849168,0.0,0.0,0.0,0.0
11,19,2,0,,,,2.4132667,0.0,0.0,0.0,0.0
11,20,2,0,,,,2.6296833,0.0,0.0,0.0,0.0
11,21,2,0,,,,0.9636,0.0,0.0,0.0,0.0
11,22,2,0,,,,0.55865556,0.0,0.0,0.0,0.0
11,23,2,0,,,,0.43048334,0.0,0.0,0.0,0.0
11,24,2,0,,,,0.40974167,0.0,0.0,0.0,0.0
11,1,3,0,,,,0.3985,0.0,0.0,0.0,0.0
11,2,3,0,,,,0.38985,0.0,0.0,0.0,0.0
11,3,3,0,,,,0.33916667,0.0,0.0,0.0,0.0
11,4,3,0,,,,0.41153333,0.0,0.0,0.0,0.0
11,5,3,0,,,,1.1853833,0.0,0.0,0.0,0.0
11,6,3,0,,,,1.70275,0.0,0.0,0.0,0.0
11,7,3,0,,,,1.3838,0.0,0.0,0.0,0.0
11,8,3,0,,,,0.84106666,0.0,0.0,0.0,0.0
11,9,3,0,,,,0.75443333,0.0,0.0,0.0,88.85
11,10,3,0,,,,0.39013332,0.0,0.0,0.0,286.82
11,11,3,0,,,,0.35528332,0.0,0.0,0.0,463.1
11,12,3,0,,,,0.352275,0.0,0.0,0.0,431.49
11,13,3,0,,,,0.314,0.0,0.0,0.0,419.72
11,14,3,0,,,,0.39135,0.0,0.0,0.0,503.96
11,15,3,0,,,,0.3213,0.0,0.0,0.0,343.88
11,16,3,0,,,,0.38918334,0.0,0.0,0.0,97.3
11,17,3,0,,,,0.45315,0.0,0.0,0.0,0.0
11,18,3,0,,,,0.7683833,0.0,0.0,0.0,0.0
11,19,3,0,,,,1.1491166,0.0,0.0,0.0,0.0
11,20,3,0,,,,1.6403834,0.0,0.0,0.0,0.0
11,21,3,0,,,,0.9717,0.0,0.0,0.0,0.0
11,22,3,0,,,,0.558,0.0,0.0,0.0,0.0
11,23,3,0,,,,0.49123332,0.0,0.0,0.0,0.0
11,24,3,0,,,,0.4846,0.0,0.0,0.0,0.0
11,1,4,0,,,,0.4636,0.0,0.0,0.0,0.0
11,2,4,0,,,,0.45925,0.0,0.0,0.0,0.0
11,3,4,0,,,,0.5029333,0.0,0.0,0.0,0.0
11,4,4,0,,,,0.43823335,0.0,0.0,0.0,0.0
11,5,4,0,,,,1.25645,0.0,0.0,0.0,0.0
11,6,4,0,,,,1.77375,0.0,0.0,0.0,0.0
11,7,4,0,,,,1.3758334,0.0,0.0,0.0,0.0
11,8,4,0,,,,0.61658335,0.0,0.0,0.0,0.0
11,9,4,0,,,,0.5546833,0.0,0.0,0.0,11.99
11,10,4,0,,,,0.39065,0.0,0.0,0.0,52.69
11,11,4,0,,,,0.33233333,0.0,0.0,0.0,40.99
11,12,4,0,,,,0.38491666,0.0,0.0,0.0,40.13
11,13,4,0,,,,0.35181665,0.0,0.0,0.0,59.53
11,14,4,0,,,,0.3352,0.0,0.0,0.0,40.67
11,15,4,0,,,,0.38133332,0.0,0.0,0.0,15.81
11,16,4,0,,,,0.35375,0.0,0.0,0.0,64.26
11,17,4,0,,,,0.4079,0.0,0.0,0.0,0.0
11,18,4,0,,,,0.86253333,0.0,0.0,0.0,0.0
11,19,4,0,,,,1.0294666,0.0,0.0,0.0,0.0
11,20,4,0,,,,1.3018833,0.0,0.0,0.0,0.0
11,21,4,0,,,,0.96688336,0.0,0.0,0.0,0.0
11,22,4,0,,,,1.3287667,0.0,0.0,0.0,0.0
11,23,4,0,,,,0.594,0.0,0.0,0.0,0.0
11,24,4,0,,,,0.423,0.0,0.0,0.0,0.0
11,1,5,0,,,,0.44963333,0.0,0.0,0.0,0.0
11,2,5,0,,,,0.40046668,0.0,0.0,0.0,0.0
11,3,5,0,,,,0.40203333,0.0,0.0,0.0,0.0
11,4,5,0,,,,0.45401666,0.0,0.0,0.0,0.0
11,5,5,0,,,,1.0588833,0.0,0.0,0.0,0.0
11,6,5,0,,,,1.0179167,0.0,0.0,0.0,0.0
11,7,5,0,,,,0.79305,0.0,0.0,0.0,0.0
11,8,5,0,,,,0.53893334,0.0,0.0,0.0,0.0
11,9,5,0,,,,0.4394,0.0,0.0,0.0,60.92
11,10,5,0,,,,0.44296667,0.0,0.0,0.0,15.03
11,11,5,0,,,,0.41045,0.0,0.0,0.0,70.98
11,12,5,0,,,,0.5495833,0.0,0.0,0.0,68.2
11,13,5,0,,,,0.58928335,0.0,0.0,0.0,87.32
11,14,5,0,,,,0.86983335,0.0,0.0,0.0,66.1
11,15,5,0,,,,0.46531665,0.0,0.0,0.0,142.97
11,16,5,0,,,,0.49941668,0.0,0.0,0.0,78.83
11,17,5,0,,,,1.9700834,0.0,0.0,0.0,0.0
11,18,5,0,,,,2.1609666,0.0,0.0,0.0,0.0
11,19,5,0,,,,1.6195,0.0,0.0,0.0,0.0
11,20,5,0,,,,1.1774,0.0,0.0,0.0,0.0
11,21,5,0,,,,0.75046664,0.0,0.0,0.0,0.0
11,22,5,0,,,,0.5534,0.0,0.0,0.0,0.0
11,23,5,0,,,,0.54906666,0.0,0.0,0.0,0.0
11,24,5,0,,,,0.59595,0.0,0.0,0.0,0.0
11,1,6,0,,,,0.5413,0.0,0.0,0.0,0.0
11,2,6,0,,,,0.54745,0.0,0.0,0.0,0.0
11,3,6,0,,,,0.59831667,0.0,0.0,0.0,0.0
11,4,6,0,,,,0.5431,0.0,0.0,0.0,0.0
11,5,6,0,,,,0.54281664,0.0,0.0,0.0,0.0
11,6,6,0,,,,0.6099833,0.0,0.0,0.0,0.0
11,7,6,0,,,,0.5620833,0.0,0.0,0.0,0.0
11,8,6,0,,,,0.6853167,0.0,0.0,0.0,0.0
11,9,6,0,,,,1.0237,0.0,0.0,0.0,92.5
11,10,6,0,,,,1.0887333,0.0,0.0,0.0,430.35
11,11,6,0,,,,0.7629167,0.0,0.0,0.0,535.39
11,12,6,0,,,,0.5329667,0.0,0.0,0.0,538.59
11,13,6,0,,,,0.5506667,0.0,0.0,0.0,620.93
11,14,6,0,,,,0.8922167,0.0,0.0,0.0,557.96
11,15,6,0,,,,1.5357667,0.0,0.0,0.0,424.6
11,16,6,0,,,,0.6673167,0.0,0.0,0.0,222.81
11,17,6,0,,,,0.47603333,0.0,0.0,0.0,0.0
11,18,6,0,,,,0.43193334,0.0,0.0,0.0,0.0
11,19,6,0,,,,0.8541,0.0,0.0,0.0,0.0
11,20,6,0,,,,1.7681333,0.0,0.0,0.0,0.0
11,21,6,0,,,,1.0776,0.0,0.0,0.0,0.0
11,22,6,0,,,,0.44623333,0.0,0.0,0.0,0.0
11,23,6,0,,,,0.45226666,0.0,0.0,0.0,0.0
11,24,6,0,,,,0.4525,0.0,0.0,0.0,0.0
11,1,7,0,,,,0.41585,0.0,0.0,0.0,0.0
11,2,7,0,,,,0.44251665,0.0,0.0,0.0,0.0
11,3,7,0,,,,0.40973333,0.0,0.0,0.0,0.0
11,4,7,0,,,,0.42466667,0.0,0.0,0.0,0.0
11,5,7,0,,,,0.8398833,0.0,0.0,0.0,0.0
11,6,7,0,,,,0.74726665,0.0,0.0,0.0,0.0
11,7,7,0,,,,0.57773334,0.0,0.0,0.0,0.0
11,8,7,0,,,,0.5219333,0.0,0.0,0.0,0.0
11,9,7,0,,,,0.41243333,0.0,0.0,0.0,68.12
11,10,7,0,,,,0.44695,0.0,0.0,0.0,191.29
11,11,7,0,,,,0.4159,0.0,0.0,0.0,333.95
11,12,7,0,,,,0.5578833,0.0,0.0,0.0,187.93
11,13,7,0,,,,0.8987833,0.0,0.0,0.0,426.45
11,14,7,0,,,,1.0826334,0.0,0.0,0.0,172.47
11,15,7,0,,,,1.0424666,0.0,0.0,0.0,75.09
11,16,7,0,,,,1.81135,0.0,0.0,0.0,177.33
11,17,7,0,,,,2.3963332,0.0,0.0,0.0,0.0
11,18,7,0,,,,1.3442833,0.0,0.0,0.0,0.0
11,19,7,0,,,,1.4644333,0.0,0.0,0.0,0.0
11,20,7,0,,,,1.4523833,0.0,0.0,0.0,0.0
11,21,7,0,,,,0.61193335,0.0,0.0,0.0,0.0
11,22,7,0,,,,0.4311,0.0,0.0,0.0,0.0
11,23,7,0,,,,0.46501666,0.0,0.0,0.0,0.0
11,24,7,0,,,,0.40913334,0.0,0.0,0.0,0.0
11,1,1,0,,,,0.44583333,0.0,0.0,0.0,0.0
11,2,1,0,,,,0.42061666,0.0,0.0,0.0,0.0
11,3,1,0,,,,0.41308334,0.0,0.0,0.0,0.0
11,4,1,0,,,,0.4444,0.0,0.0,0.0,0.0
11,5,1,0,,,,1.0893333,0.0,0.0,0.0,0.0
11,6,1,0,,,,1.7478167,0.0,0.0,0.0,0.0
11,7,1,0,,,,0.9475333,0.0,0.0,0.0,0.0
11,8,1,0,,,,0.6839167,0.0,0.0,0.0,0.0
11,9,1,0,,,,0.67576665,0.0,0.0,0.0,3.62
11,10,1,0,,,,0.83183336,0.0,0.0,0.0,18.85
11,11,1,0,,,,0.4156,0.0,0.0,0.0,54.79
11,12,1,0,,,,0.38773334,0.0,0.0,0.0,56.95
11,13,1,0,,,,0.37215,0.0,0.0,0.0,99.47
11,14,1,0,,,,0.37168333,0.0,0.0,0.0,84.35
11,15,1,0,,,,0.3531,0.0,0.0,0.0,38.31
11,16,1,0,,,,1.5630333,0.0,0.0,0.0,6.89
11,17,1,0,,,,1.2521833,0.0,0.0,0.0,0.0
11,18,1,0,,,,1.6541166,0.0,0.0,0.0,0.0
11,19,1,0,,,,1.1043,0.0,0.0,0.0,0.0
11,20,1,0,,,,1.5315334,0.0,0.0,0.0,0.0
11,21,1,0,,,,0.95503336,0.0,0.0,0.0,0.0
11,22,1,0,,,,0.46008334,0.0,0.0,0.0,0.0
11,23,1,0,,,,0.39308333,0.0,0.0,0.0,0.0
11,24,1,0,,,,0.36135834,0.0,0.0,0.0,0.0
11,1,2,0,,,,0.41065,0.0,0.0,0.0,0.0
11,2,2,0,,,,0.36566666,0.0,0.0,0.0,0.0
11,3,2,0,,,,0.39991668,0.0,0.0,0.0,0.0
11,4,2,0,,,,0.39105,0.0,0.0,0.0,0.0
11,5,2,0,,,,1.3694,0.0,0.0,0.0,0.0
11,6,2,0,,,,0.9590667,0.0,0.0,0.0,0.0
11,7,2,0,,,,0.39875,0.0,0.0,0.0,0.0
11,8,2,0,,,,0.41763332,0.0,0.0,0.0,0.0
11,9,2,0,,,,0.40743333,0.0,0.0,0.0,79.91
11,10,2,0,,,,0.37615,0.0,0.0,0.0,52.54
11,11,2,0,,,,0.4444,0.0,0.0,0.0,185.68
11,12,2,0,,,,0.36403334,0.0,0.0,0.0,87.27
11,13,2,0,,,,0.61343336,0.0,0.0,0.0,50.99
11,14,2,0,,,,0.36186665,0.0,0.0,0.0,34.17
11,15,2,0,,,,0.33211666,0.0,0.0,0.0,49.98
11,16,2,0,,,,0.5804167,0.0,0.0,0.0,2.96
11,17,2,0,,,,0.62013334,0.0,0.0,0.0,0.0
11,18,2,0,,,,0.46246666,0.0,0.0,0.0,0.0
11,19,2,0,,,,1.0122167,0.0,0.0,0.0,0.0
11,20,2,0,,,,1.3653333,0.0,0.0,0.0,0.0
11,21,2,0,,,,1.1300666,0.0,0.0,0.0,0.0
11,22,2,0,,,,0.50518334,0.0,0.0,0.0,0.0
11,23,2,0,,,,0.5201833,0.0,0.0,0.0,0.0
11,24,2,0,,,,0.5330833,0.0,0.0,0.0,0.0
11,1,3,0,,,,0.49208334,0.0,0.0,0.0,0.0
11,2,3,0,,,,0.54801667,0.0,0.0,0.0,0.0
11,3,3,0,,,,0.49353334,0.0,0.0,0.0,0.0
11,4,3,0,,,,0.5296,0.0,0.0,0.0,0.0
11,5,3,0,,,,1.22395,0.0,0.0,0.0,0.0
11,6,3,0,,,,1.4199333,0.0,0.0,0.0,0.0
11,7,3,0,,,,0.9374833,0.0,0.0,0.0,0.0
11,8,3,0,,,,0.45068333,0.0,0.0,0.0,0.0
11,9,3,0,,,,0.30913332,0.0,0.0,0.0,1.54
11,10,3,0,,,,0.35963333,0.0,0.0,0.0,11.13
11,11,3,0,,,,0.30145,0.0,0.0,0.0,98.26
11,12,3,0,,,,0.35465,0.0,0.0,0.0,66.94
11,13,3,0,,,,0.31735,0.0,0.0,0.0,49.67
11,14,3,0,,,,0.37358335,0.0,0.0,0.0,28.71
11,15,3,0,,,,0.40225,0.0,0.0,0.0,54.08
11,16,3,0,,,,1.9485166,0.0,0.0,0.0,61.02
11,17,3,0,,,,1.01445,0.0,0.0,0.0,0.0
11,18,3,0,,,,1.25875,0.0,0.0,0.0,0.0
11,19,3,0,,,,1.2305666,0.0,0.0,0.0,0.0
11,20,3,0,,,,1.46835,0.0,0.0,0.0,0.0
11,21,3,0,,,,1.0424167,0.0,0.0,0.0,0.0
11,22,3,0,,,,0.98006666,0.0,0.0,0.0,0.0
11,23,3,0,,,,0.66431665,0.0,0.0,0.0,0.0
11,24,3,0,,,,0.43999165,0.0,0.0,0.0,0.0
11,1,4,0,,,,0.38646665,0.0,0.0,0.0,0.0
11,2,4,0,,,,0.38225,0.0,0.0,0.0,0.0
11,3,4,0,,,,0.41656667,0.0,0.0,0.0,0.0
11,4,4,0,,,,0.48393333,0.0,0.0,0.0,0.0
11,5,4,0,,,,1.3145334,0.0,0.0,0.0,0.0
11,6,4,0,,,,1.2913333,0.0,0.0,0.0,0.0
11,7,4,0,,,,0.41228333,0.0,0.0,0.0,0.0
11,8,4,0,,,,0.33755,0.0,0.0,0.0,0.0
11,9,4,0,,,,0.32098332,0.0,0.0,0.0,2.48
11,10,4,0,,,,0.32659167,0.0,0.0,0.0,28.53
11,11,4,0,,,,0.35836667,0.0,0.0,0.0,46.5
11,12,4,0,,,,0.29916668,0.0,0.0,0.0,30.56
11,13,4,0,,,,0.30208334,0.0,0.0,0.0,25.4
11,14,4,0,,,,0.35301667,0.0,0.0,0.0,37.77
11,15,4,0,,,,0.33553332,0.0,0.0,0.0,93.35
11,16,4,0,,,,0.35031667,0.0,0.0,0.0,30.6
11,17,4,0,,,,0.40328333,0.0,0.0,0.0,0.0
11,18,4,0,,,,0.6225333,0.0,0.0,0.0,0.0
11,19,4,0,,,,0.73176664,0.0,0.0,0.0,0.0
11,20,4,0,,,,0.6977,0.0,0.0,0.0,0.0
11,21,4,0,,,,1.0450333,0.0,0.0,0.0,0.0
11,22,4,0,,,,0.7166167,0.0,0.0,0.0,0.0
11,23,4,0,,,,0.79805,0.0,0.0,0.0,0.0
11,24,4,0,,,,0.81105,0.0,0.0,0.0,0.0
11,1,5,0,,,,0.5538833,0.0,0.0,0.0,0.0
11,2,5,0,,,,0.52105,0.0,0.0,0.0,0.0
11,3,5,0,,,,0.5133333,0.0,0.0,0.0,0.0
11,4,5,0,,,,0.5297167,0.0,0.0,0.0,0.0
11,5,5,0,,,,0.54885,0.0,0.0,0.0,0.0
11,6,5,0,,,,0.9196,0.0,0.0,0.0,0.0
11,7,5,0,,,,0.80576664,0.0,0.0,0.0,0.0
11,8,5,0,,,,0.77451664,0.0,0.0,0.0,0.0
11,9,5,0,,,,0.7353333,0.0,0.0,0.0,24.51
11,10,5,0,,,,0.8096167,0.0,0.0,0.0,15.88
11,11,5,0,,,,0.92095,0.0,0.0,0.0,15.86
11,12,5,0,,,,0.85485,0.0,0.0,0.0,41.23
11,13,5,0,,,,0.9313833,0.0,0.0,0.0,13.74
11,14,5,0,,,,0.8615,0.0,0.0,0.0,110.97
11,15,5,0,,,,0.89468336,0.0,0.0,0.0,119.86
11,16,5,0,,,,1.9700333,0.0,0.0,0.0,155.34
11,17,5,0,,,,3.13315,0.0,0.0,0.0,0.0
11,18,5,0,,,,1.0571333,0.0,0.0,0.0,0.0
11,19,5,0,,,,0.85305,0.0,0.0,0.0,0.0
11,20,5,0,,,,0.8617,0.0,0.0,0.0,0.0
11,21,5,0,,,,1.0088667,0.0,0.0,0.0,0.0
11,22,5,0,,,,0.63876665,0.0,0.0,0.0,0.0
11,23,5,0,,,,0.6329333,0.0,0.0,0.0,0.0
11,24,5,0,,,,0.584775,0.0,0.0,0.0,0.0
11,1,6,0,,,,0.5790833,0.0,0.0,0.0,0.0
11,2,6,0,,,,0.5937667,0.0,0.0,0.0,0.0
11,3,6,0,,,,0.55471665,0.0,0.0,0.0,0.0
11,4,6,0,,,,0.56741667,0.0,0.0,0.0,0.0
11,5,6,0,,,,0.5553,0.0,0.0,0.0,0.0
11,6,6,0,,,,0.62785,0.0,0.0,0.0,0.0
11,7,6,0,,,,1.2400833,0.0,0.0,0.0,0.0
11,8,6,0,,,,1.0587833,0.0,0.0,0.0,0.0
11,9,6,0,,,,0.70886666,0.0,0.0,0.0,111.97
11,10,6,0,,,,0.55848336,0.0,0.0,0.0,278.12
11,11,6,0,,,,0.48858333,0.0,0.0,0.0,392.32
11,12,6,0,,,,0.4443,0.0,0.0,0.0,557.0
11,13,6,0,,,,0.46256667,0.0,0.0,0.0,404.09
11,14,6,0,,,,0.5236833,0.0,0.0,0.0,338.47
11,15,6,0,,,,0.48435,0.0,0.0,0.0,295.0
11,16,6,0,,,,0.7125,0.0,0.0,0.0,101.39
11,17,6,0,,,,0.96316665,0.0,0.0,0.0,0.0
11,18,6,0,,,,0.96335,0.0,0.0,0.0,0.0
11,19,6,0,,,,1.26275,0.0,0.0,0.0,0.0
11,20,6,0,,,,3.3189,0.0,0.0,0.0,0.0
11,21,6,0,,,,1.0151666,0.0,0.0,0.0,0.0
11,22,6,0,,,,0.5571,0.0,0.0,0.0,0.0
11,23,6,0,,,,0.40955,0.0,0.0,0.0,0.0
11,24,6,0,,,,0.378725,0.0,0.0,0.0,0.0
11,1,7,0,,,,0.3545,0.0,0.0,0.0,0.0
11,2,7,0,,,,0.30656666,0.0,0.0,0.0,0.0
11,3,7,0,,,,0.40081668,0.0,0.0,0.0,0.0
11,4,7,0,,,,0.32375,0.0,0.0,0.0,0.0
11,5,7,0,,,,0.33521667,0.0,0.0,0.0,0.0
11,6,7,0,,,,0.33773333,0.0,0.0,0.0,0.0
11,7,7,0,,,,0.92336667,0.0,0.0,0.0,0.0
11,8,7,0,,,,0.5251167,0.0,0.0,0.0,0.0
11,9,7,0,,,,0.59076667,0.0,0.0,0.0,5.73
11,10,7,0,,,,1.2458,0.0,0.0,0.0,41.52
11,11,7,0,,,,1.71705,0.0,0.0,0.0,74.45
11,12,7,0,,,,0.9320833,0.0,0.0,0.0,84.52
11,13,7,0,,,,0.66543335,0.0,0.0,0.0,124.12
11,14,7,0,,,,0.90416664,0.0,0.0,0.0,138.95
11,15,7,0,,,,0.8926,0.0,0.0,0.0,51.06
11,16,7,0,,,,1.3124666,0.0,0.0,0.0,12.36
11,17,7,0,,,,1.6716334,0.0,0.0,0.0,0.0
11,18,7,0,,,,3.2805834,0.0,0.0,0.0,0.0
11,19,7,0,,,,3.2377,0.0,0.0,0.0,0.0
11,20,7,0,,,,1.4551834,0.0,0.0,0.0,0.0
11,21,7,0,,,,1.1130333,0.0,0.0,0.0,0.0
11,22,7,0,,,,0.7226667,0.0,0.0,0.0,0.0
11,23,7,0,,,,0.46058333,0.0,0.0,0.0,0.0
11,24,7,0,,,,0.486,0.0,0.0,0.0,0.0
11,1,1,0,,,,0.43536666,0.0,0.0,0.0,0.0
11,2,1,0,,,,0.42345,0.0,0.0,0.0,0.0
11,3,1,0,,,,0.46328333,0.0,0.0,0.0,0.0
11,4,1,0,,,,0.40181667,0.0,0.0,0.0,0.0
11,5,1,0,,,,0.8406,0.0,0.0,0.0,0.0
11,6,1,0,,,,1.22395,0.0,0.0,0.0,0.0
11,7,1,0,,,,1.1100833,0.0,0.0,0.0,0.0
11,8,1,0,,,,0.73025,0.0,0.0,0.0,0.0
11,9,1,0,,,,1.04295,0.0,0.0,0.0,15.5
11,10,1,0,,,,1.4898,0.0,0.0,0.0,52.61
11,11,1,0,,,,0.9339167,0.0,0.0,0.0,72.09
11,12,1,0,,,,1.0481666,0.0,0.0,0.0,70.15
11,13,1,0,,,,1.22145,0.0,0.0,0.0,61.2
11,14,1,0,,,,0.32888332,0.0,0.0,0.0,99.63
11,15,1,0,,,,0.36988333,0.0,0.0,0.0,57.03
11,16,1,0,,,,0.50516665,0.0,0.0,0.0,156.48
11,17,1,0,,,,1.2431667,0.0,0.0,0.0,0.0
11,18,1,0,,,,1.32225,0.0,0.0,0.0,0.0
11,19,1,0,,,,1.6950667,0.0,0.0,0.0,0.0
11,20,1,0,,,,1.4120834,0.0,0.0,0.0,0.0
11,21,1,0,,,,1.0117667,0.0,0.0,0.0,0.0
11,22,1,0,,,,0.5816,0.0,0.0,0.0,0.0
11,23,1,0,,,,0.52218336,0.0,0.0,0.0,0.0
11,24,1,0,,,,0.48784167,0.0,0.0,0.0,0.0
11,1,2,0,,,,0.5203,0.0,0.0,0.0,0.0
11,2,2,0,,,,0.5032833,0.0,0.0,0.0,0.0
11,3,2,0,,,,0.50635,0.0,0.0,0.0,0.0
11,4,2,0,,,,0.55565,0.0,0.0,0.0,0.0
11,5,2,0,,,,1.3150166,0.0,0.0,0.0,0.0
11,6,2,0,,,,1.0151833,0.0,0.0,0.0,0.0
11,7,2,0,,,,0.62395,0.0,0.0,0.0,0.0
11,8,2,0,,,,0.6293833,0.0,0.0,0.0,0.0
11,9,2,0,,,,0.88003665,0.0,0.0,0.0,19.83
11,10,2,0,,,,2.5348,0.0,0.0,0.0,56.87
11,11,2,0,,,,0.55291665,0.0,0.0,0.0,42.24
11,12,2,0,,,,1.60925,0.0,0.0,0.0,62.51
11,13,2,0,,,,2.3379834,0.0,0.0,0.0,38.73
11,14,2,0,,,,2.1722,0.0,0.0,0.0,33.29
11,15,2,0,,,,0.3411,0.0,0.0,0.0,9.37
11,16,2,0,,,,0.43286666,0.0,0.0,0.0,0.71
11,17,2,0,,,,1.3498833,0.0,0.0,0.0,0.0
11,18,2,0,,,,1.0863833,0.0,0.0,0.0,0.0
11,19,2,0,,,,1.3388,0.0,0.0,0.0,0.0
11,20,2,0,,,,1.5320333,0.0,0.0,0.0,0.0
11,21,2,0,,,,1.0132333,0.0,0.0,0.0,0.0
11,22,2,0,,,,0.92728335,0.0,0.0,0.0,0.0
11,23,2,0,,,,0.74045,0.0,0.0,0.0,0.0
11,24,2,0,,,,0.57101667,0.0,0.0,0.0,0.0
11,1,3,0,,,,0.57575,0.0,0.0,0.0,0.0
11,2,3,0,,,,0.71995,0.0,0.0,0.0,0.0
11,3,3,0,,,,0.70715,0.0,0.0,0.0,0.0
11,4,3,0,,,,0.58816665,0.0,0.0,0.0,0.0
11,5,3,0,,,,1.30795,0.0,0.0,0.0,0.0
11,6,3,0,,,,1.1334833,0.0,0.0,0.0,0.0
11,7,3,0,,,,0.5928,0.0,0.0,0.0,0.0
11,8,3,0,,,,0.53821665,0.0,0.0,0.0,0.0
11,9,3,0,,,,0.52095,0.0,0.0,0.0,8.2
11,10,3,0,,,,0.53915,0.0,0.0,0.0,23.8
11,11,3,0,,,,0.5396,0.0,0.0,0.0,51.8
11,12,3,0,,,,0.84665,0.0,0.0,0.0,31.72
11,13,3,0,,,,0.8502667,0.0,0.0,0.0,25.75
11,14,3,0,,,,0.74983335,0.0,0.0,0.0,42.83
11,15,3,0,,,,0.44373333,0.0,0.0,0.0,13.12
11,16,3,0,,,,1.37525,0.0,0.0,0.0,0.7
11,17,3,0,,,,2.16345,0.0,0.0,0.0,0.0
11,18,3,0,,,,1.1124333,0.0,0.0,0.0,0.0
11,19,3,0,,,,1.6509833,0.0,0.0,0.0,0.0
11,20,3,0,,,,1.71195,0.0,0.0,0.0,0.0
11,21,3,0,,,,1.36495,0.0,0.0,0.0,0.0
11,22,3,0,,,,0.85405,0.0,0.0,0.0,0.0
11,23,3,0,,,,0.33896667,0.0,0.0,0.0,0.0
11,24,3,0,,,,0.39565834,0.0,0.0,0.0,0.0
11,1,4,0,,,,0.31211665,0.0,0.0,0.0,0.0
11,2,4,0,,,,0.34708333,0.0,0.0,0.0,0.0
11,3,4,0,,,,0.36408332,0.0,0.0,0.0,0.0
11,4,4,0,,,,0.32171667,0.0,0.0,0.0,0.0
11,5,4,0,,,,1.3252833,0.0,0.0,0.0,0.0
11,6,4,0,,,,1.4540666,0.0,0.0,0.0,0.0
11,7,4,0,,,,1.0900667,0.0,0.0,0.0,0.0
11,8,4,0,,,,0.7409,0.0,0.0,0.0,0.0
11,9,4,0,,,,0.5827583,0.0,0.0,0.0,59.5
11,10,4,0,,,,0.45081666,0.0,0.0,0.0,48.1
11,11,4,0,,,,0.44903332,0.0,0.0,0.0,50.56
11,12,4,0,,,,0.38288334,0.0,0.0,0.0,93.49
11,13,4,0,,,,0.35608333,0.0,0.0,0.0,29.97
11,14,4,0,,,,0.42245,0.0,0.0,0.0,50.39
11,15,4,0,,,,0.3575,0.0,0.0,0.0,91.94
11,16,4,0,,,,0.54078335,0.0,0.0,0.0,22.08
11,17,4,0,,,,0.43278334,0.0,0.0,0.0,0.0
11,18,4,0,,,,1.5755666,0.0,0.0,0.0,0.0
11,19,4,0,,,,1.6498834,0.0,0.0,0.0,0.0
11,20,4,0,,,,2.1779666,0.0,0.0,0.0,0.0
11,21,4,0,,,,0.72276664,0.0,0.0,0.0,0.0
11,22,4,0,,,,0.3428,0.0,0.0,0.0,0.0
11,23,4,0,,,,0.36083335,0.0,0.0,0.0,0.0
11,24,4,0,,,,0.36259165,0.0,0.0,0.0,0.0
11,1,5,0,,,,0.3204,0.0,0.0,0.0,0.0
11,2,5,0,,,,0.34943333,0.0,0.0,0.0,0.0
11,3,5,0,,,,0.3521,0.0,0.0,0.0,0.0
11,4,5,0,,,,0.31526667,0.0,0.0,0.0,0.0
11,5,5,0,,,,1.61095,0.0,0.0,0.0,0.0
11,6,5,0,,,,1.7107667,0.0,0.0,0.0,0.0
11,7,5,0,,,,0.56768334,0.0,0.0,0.0,0.0
11,8,5,0,,,,1.078,0.0,0.0,0.0,0.0
11,9,5,0,,,,1.3438,0.0,0.0,0.0,7.15
11,10,5,0,,,,0.6351167,0.0,0.0,0.0,33.48
11,11,5,0,,,,0.35831666,0.0,0.0,0.0,38.09
11,12,5,0,,,,0.3471,0.0,0.0,0.0,25.81
11,13,5,0,,,,0.31526667,0.0,0.0,0.0,22.08
11,14,5,0,,,,0.32436666,0.0,0.0,0.0,16.34
11,15,5,0,,,,0.3622,0.0,0.0,0.0,7.71
11,16,5,0,,,,0.30458334,0.0,0.0,0.0,1.63
11,17,5,0,,,,0.98121667,0.0,0.0,0.0,0.0
11,18,5,0,,,,1.2030333,0.0,0.0,0.0,0.0
11,19,5,0,,,,1.4709667,0.0,0.0,0.0,0.0
11,20,5,0,,,,0.65885,0.0,0.0,0.0,0.0
11,21,5,0,,,,0.67911667,0.0,0.0,0.0,0.0
11,22,5,0,,,,0.39723334,0.0,0.0,0.0,0.0
11,23,5,0,,,,0.34935,0.0,0.0,0.0,0.0
11,24,5,0,,,,0.360825,0.0,0.0,0.0,0.0
11,1,6,0,,,,0.33155,0.0,0.0,0.0,0.0
11,2,6,0,,,,0.33931667,0.0,0.0,0.0,0.0
11,3,6,0,,,,0.36115,0.0,0.0,0.0,0.0
11,4,6,0,,,,0.33055,0.0,0.0,0.0,0.0
11,5,6,0,,,,0.32956666,0.0,0.0,0.0,0.0
11,6,6,0,,,,0.33161667,0.0,0.0,0.0,0.0
11,7,6,0,,,,0.87095,0.0,0.0,0.0,0.0
11,8,6,0,,,,0.5858833,0.0,0.0,0.0,0.0
11,9,6,0,,,,0.39383334,0.0,0.0,0.0,6.45
11,10,6,0,,,,0.33116665,0.0,0.0,0.0,31.43
11,11,6,0,,,,1.1678667,0.0,0.0,0.0,42.04
11,12,6,0,,,,0.86945,0.0,0.0,0.0,60.8
11,13,6,0,,,,0.31458333,0.0,0.0,0.0,39.55
11,14,6,0,,,,0.6987333,0.0,0.0,0.0,47.25
11,15,6,0,,,,0.75088334,0.0,0.0,0.0,28.2
11,16,6,0,,,,2.3884833,0.0,0.0,0.0,8.19
11,17,6,0,,,,2.8140333,0.0,0.0,0.0,0.0
11,18,6,0,,,,2.4028168,0.0,0.0,0.0,0.0
11,19,6,0,,,,1.6969334,0.0,0.0,0.0,0.0
11,20,6,0,,,,1.7135,0.0,0.0,0.0,0.0
11,21,6,0,,,,0.90901667,0.0,0.0,0.0,0.0
11,22,6,0,,,,0.46723333,0.0,0.0,0.0,0.0
11,23,6,0,,,,0.35106668,0.0,0.0,0.0,0.0
11,24,6,0,,,,0.36021668,0.0,0.0,0.0,0.0
11,1,7,0,,,,0.35305,0.0,0.0,0.0,0.0
11,2,7,0,,,,0.31243333,0.0,0.0,0.0,0.0
11,3,7,0,,,,0.39556667,0.0,0.0,0.0,0.0
11,4,7,0,,,,0.29943332,0.0,0.0,0.0,0.0
11,5,7,0,,,,0.36395,0.0,0.0,0.0,0.0
11,6,7,0,,,,0.3449,0.0,0.0,0.0,0.0
11,7,7,0,,,,0.774,0.0,0.0,0.0,0.0
11,8,7,0,,,,0.5560667,0.0,0.0,0.0,0.0
11,9,7,0,,,,1.4366333,0.0,0.0,0.0,4.74
11,10,7,0,,,,1.1637334,0.0,0.0,0.0,13.53
11,11,7,0,,,,0.76713336,0.0,0.0,0.0,47.9
11,12,7,0,,,,0.5617833,0.0,0.0,0.0,36.2
11,13,7,0,,,,0.3277,0.0,0.0,0.0,29.36
11,14,7,0,,,,0.38878334,0.0,0.0,0.0,27.13
11,15,7,0,,,,0.6507667,0.0,0.0,0.0,22.72
11,16,7,0,,,,0.30501667,0.0,0.0,0.0,46.5
11,17,7,0,,,,1.6834,0.0,0.0,0.0,0.0
11,18,7,0,,,,2.2645166,0.0,0.0,0.0,0.0
11,19,7,0,,,,1.4116167,0.0,0.0,0.0,0.0
11,20,7,0,,,,1.4728667,0.0,0.0,0.0,0.0
11,21,7,0,,,,0.59995,0.0,0.0,0.0,0.0
11,22,7,0,,,,0.50806665,0.0,0.0,0.0,0.0
11,23,7,0,,,,0.41326666,0.0,0.0,0.0,0.0
11,24,7,0,,,,0.33755833,0.0,0.0,0.0,0.0
11,1,1,0,,,,0.37285,0.0,0.0,0.0,0.0
11,2,1,0,,,,0.36488333,0.0,0.0,0.0,0.0
11,3,1,0,,,,0.31063333,0.0,0.0,0.0,0.0
11,4,1,0,,,,0.3838,0.0,0.0,0.0,0.0
11,5,1,0,,,,0.36898333,0.0,0.0,0.0,0.0
11,6,1,0,,,,1.24115,0.0,0.0,0.0,0.0
11,7,1,0,,,,3.8293,0.0,0.0,0.0,0.0
11,8,1,0,,,,0.8498333,0.0,0.0,0.0,0.0
11,9,1,0,,,,0.70786667,0.0,0.0,0.0,5.42
11,10,1,0,,,,0.30121666,0.0,0.0,0.0,18.08
11,11,1,0,,,,0.3762,0.0,0.0,0.0,35.47
11,12,1,0,,,,0.28978333,0.0,0.0,0.0,35.49
11,13,1,0,,,,0.31043333,0.0,0.0,0.0,31.63
11,14,1,0,,,,0.35656667,0.0,0.0,0.0,28.59
11,15,1,0,,,,0.29141667,0.0,0.0,0.0,27.09
11,16,1,0,,,,0.35028332,0.0,0.0,0.0,127.52
11,17,1,0,,,,0.33305,0.0,0.0,0.0,0.0
11,18,1,0,,,,0.29331666,0.0,0.0,0.0,0.0
11,19,1,0,,,,0.35228333,0.0,0.0,0.0,0.0
11,20,1,0,,,,0.32445,0.0,0.0,0.0,0.0
11,21,1,0,,,,0.3113,0.0,0.0,0.0,0.0
11,22,1,0,,,,0.3558,0.0,0.0,0.0,0.0
11,23,1,0,,,,0.31965,0.0,0.0,0.0,0.0
11,24,1,0,,,,0.31881666,0.0,0.0,0.0,0.0
11,1,2,0,,,,0.34841666,0.0,0.0,0.0,0.0
11,2,2,0,,,,0.31648332,0.0,0.0,0.0,0.0
11,3,2,0,,,,0.32496667,0.0,0.0,0.0,0.0
11,4,2,0,,,,0.34818333,0.0,0.0,0.0,0.0
11,5,2,0,,,,0.33708334,0.0,0.0,0.0,0.0
11,6,2,0,,,,0.695,0.0,0.0,0.0,0.0
11,7,2,0,,,,0.36595,0.0,0.0,0.0,0.0
11,8,2,0,,,,0.29413334,0.0,0.0,0.0,0.0
11,9,2,0,,,,0.30321667,0.0,0.0,0.0,116.2
11,10,2,0,,,,0.59756666,0.0,0.0,0.0,437.88
11,11,2,0,,,,0.35683334,0.0,0.0,0.0,460.32
11,12,2,0,,,,0.33105,0.0,0.0,0.0,693.35
11,13,2,0,,,,0.31085,0.0,0.0,0.0,673.82
11,14,2,0,,,,0.35511667,0.0,0.0,0.0,563.46
11,15,2,0,,,,0.29323334,0.0,0.0,0.0,464.11
11,16,2,0,,,,0.33361667,0.0,0.0,0.0,241.78
11,17,2,0,,,,0.34541667,0.0,0.0,0.0,0.0
11,18,2,0,,,,0.3225,0.0,0.0,0.0,0.0
11,19,2,0,,,,0.31908333,0.0,0.0,0.0,0.0
11,20,2,0,,,,0.36315,0.0,0.0,0.0,0.0
11,21,2,0,,,,0.28963333,0.0,0.0,0.0,0.0
11,22,2,0,,,,0.34541667,0.0,0.0,0.0,0.0
11,23,2,0,,,,0.333,0.0,0.0,0.0,0.0
11,24,2,0,,,,0.29165834,0.0,0.0,0.0,0.0
11,1,3,0,,,,0.3657,0.0,0.0,0.0,0.0
11,2,3,0,,,,0.32035,0.0,0.0,0.0,0.0
11,3,3,0,,,,0.3684,0.0,0.0,0.0,0.0
11,4,3,0,,,,0.7134167,0.0,0.0,0.0,0.0
11,5,3,0,,,,0.31128332,0.0,0.0,0.0,0.0
11,6,3,0,,,,0.2713,0.0,0.0,0.0,0.0
11,7,3,0,,,,0.36953333,0.0,0.0,0.0,0.0
11,8,3,0,,,,0.30675,0.0,0.0,0.0,0.0
11,9,3,0,,,,0.30311668,0.0,0.0,0.0,68.44
11,10,3,0,,,,0.34395,0.0,0.0,0.0,289.2
11,11,3,0,,,,0.31013334,0.0,0.0,0.0,419.51
11,12,3,0,,,,0.29281667,0.0,0.0,0.0,562.04
11,13,3,0,,,,0.36125,0.0,0.0,0.0,569.83
11,14,3,0,,,,0.42663333,0.0,0.0,0.0,494.04
11,15,3,0,,,,0.37041667,0.0,0.0,0.0,305.49
11,16,3,0,,,,0.36156666,0.0,0.0,0.0,117.75
11,17,3,0,,,,0.31023332,0.0,0.0,0.0,0.0
11,18,3,0,,,,0.31798333,0.0,0.0,0.0,0.0
11,19,3,0,,,,0.36253333,0.0,0.0,0.0,0.0
11,20,3,0,,,,0.29061666,0.0,0.0,0.0,0.0
11,21,3,0,,,,0.33705,0.0,0.0,0.0,0.0
11,22,3,0,,,,0.3352,0.0,0.0,0.0,0.0
11,23,3,0,,,,0.29925,0.0,0.0,0.0,0.0
11,24,3,0,,,,0.34569168,0.0,0.0,0.0,0.0
11,1,4,0,,,,0.59435,0.0,0.0,0.0,0.0
11,2,4,0,,,,0.4369,0.0,0.0,0.0,0.0
11,3,4,0,,,,0.36266667,0.0,0.0,0.0,0.0
11,4,4,0,,,,0.31543332,0.0,0.0,0.0,0.0
11,5,4,0,,,,0.30065,0.0,0.0,0.0,0.0
11,6,4,0,,,,0.34708333,0.0,0.0,0.0,0.0
11,7,4,0,,,,0.3028,0.0,0.0,0.0,0.0
11,8,4,0,,,,0.30878332,0.0,0.0,0.0,0.0
11,9,4,0,,,,0.33845,0.0,0.0,0.0,27.98
11,10,4,0,,,,0.29908332,0.0,0.0,0.0,156.04
11,11,4,0,,,,0.29118332,0.0,0.0,0.0,356.68
11,12,4,0,,,,0.34856668,0.0,0.0,0.0,481.8
11,13,4,0,,,,0.2788,0.0,0.0,0.0,595.13
11,14,4,0,,,,0.32328334,0.0,0.0,0.0,502.39
11,15,4,0,,,,0.33793333,0.0,0.0,0.0,391.34
11,16,4,0,,,,0.30735,0.0,0.0,0.0,200.96
11,17,4,0,,,,0.3117,0.0,0.0,0.0,0.0
11,18,4,0,,,,0.36145,0.0,0.0,0.0,0.0
11,19,4,0,,,,0.28433332,0.0,0.0,0.0,0.0
11,20,4,0,,,,0.3458,0.0,0.0,0.0,0.0
11,21,4,0,,,,0.32575,0.0,0.0,0.0,0.0
11,22,4,0,,,,0.62906665,0.0,0.0,0.0,0.0
11,23,4,0,,,,0.41096666,0.0,0.0,0.0,0.0
11,24,4,0,,,,0.323425,0.0,0.0,0.0,0.0
11,1,5,0,,,,0.3168,0.0,0.0,0.0,0.0
11,2,5,0,,,,0.32283333,0.0,0.0,0.0,0.0
11,3,5,0,,,,0.32301667,0.0,0.0,0.0,0.0
11,4,5,0,,,,0.30865,0.0,0.0,0.0,0.0
11,5,5,0,,,,0.33606666,0.0,0.0,0.0,0.0
11,6,5,0,,,,0.3171,0.0,0.0,0.0,0.0
11,7,5,0,,,,0.28798333,0.0,0.0,0.0,0.0
11,8,5,0,,,,0.34445,0.0,0.0,0.0,0.0
11,9,5,0,,,,0.31213334,0.0,0.0,0.0,3.33
11,10,5,0,,,,0.30771667,0.0,0.0,0.0,42.83
11,11,5,0,,,,0.33248332,0.0,0.0,0.0,121.48
11,12,5,0,,,,0.31693333,0.0,0.0,0.0,104.71
11,13,5,0,,,,0.3027,0.0,0.0,0.0,205.9
11,14,5,0,,,,0.34928334,0.0,0.0,0.0,138.84
11,15,5,0,,,,0.31826666,0.0,0.0,0.0,266.7
11,16,5,0,,,,0.3004,0.0,0.0,0.0,106.64
11,17,5,0,,,,0.3738,0.0,0.0,0.0,0.0
11,18,5,0,,,,0.30065,0.0,0.0,0.0,0.0
11,19,5,0,,,,0.48906666,0.0,0.0,0.0,0.0
11,20,5,0,,,,2.097,0.0,0.0,0.0,0.0
11,21,5,0,,,,1.1955833,0.0,0.0,0.0,0.0
11,22,5,0,,,,0.8207,0.0,0.0,0.0,0.0
11,23,5,0,,,,0.59833336,0.0,0.0,0.0,0.0
11,24,5,0,,,,0.32764167,0.0,0.0,0.0,0.0
11,1,6,0,,,,0.34296668,0.0,0.0,0.0,0.0
11,2,6,0,,,,0.36506668,0.0,0.0,0.0,0.0
11,3,6,0,,,,0.31218332,0.0,0.0,0.0,0.0
11,4,6,0,,,,0.33751667,0.0,0.0,0.0,0.0
11,5,6,0,,,,0.3526,0.0,0.0,0.0,0.0
11,6,6,0,,,,0.45925,0.0,0.0,0.0,0.0
11,7,6,0,,,,0.6573167,0.0,0.0,0.0,0.0
11,8,6,0,,,,0.61076665,0.0,0.0,0.0,0.0
11,9,6,0,,,,0.6494833,0.0,0.0,0.0,31.5
11,10,6,0,,,,1.3732166,0.0,0.0,0.0,191.92
11,11,6,0,,,,1.6626834,0.0,0.0,0.0,488.91
11,12,6,0,,,,1.23115,0.0,0.0,0.0,577.96
11,13,6,0,,,,1.4783833,0.0,0.0,0.0,599.8
11,14,6,0,,,,1.2948834,0.0,0.0,0.0,494.55
11,15,6,0,,,,1.971,0.0,0.0,0.0,364.3
11,16,6,0,,,,2.10305,0.0,0.0,0.0,24.04
11,17,6,0,,,,2.2750833,0.0,0.0,0.0,0.0
11,18,6,0,,,,1.3847333,0.0,0.0,0.0,0.0
11,19,6,0,,,,1.15665,0.0,0.0,0.0,0.0
11,20,6,0,,,,1.4342667,0.0,0.0,0.0,0.0
11,21,6,0,,,,1.2331667,0.0,0.0,0.0,0.0
11,22,6,0,,,,0.60573334,0.0,0.0,0.0,0.0
11,23,6,0,,,,0.42103332,0.0,0.0,0.0,0.0
11,24,6,0,,,,0.35938334,0.0,0.0,0.0,0.0
11,1,7,0,,,,0.36015,0.0,0.0,0.0,0.0
11,2,7,0,,,,0.41086668,0.0,0.0,0.0,0.0
11,3,7,0,,,,0.3363,0.0,0.0,0.0,0.0
11,4,7,0,,,,0.4054,0.0,0.0,0.0,0.0
11,5,7,0,,,,0.80651665,0.0,0.0,0.0,0.0
11,6,7,0,,,,0.39496666,0.0,0.0,0.0,0.0
11,7,7,0,,,,2.1340334,0.0,0.0,0.0,0.0
11,8,7,0,,,,1.42065,0.0,0.0,0.0,0.0
11,9,7,0,,,,1.8287834,0.0,0.0,0.0,55.47
11,10,7,0,,,,1.5946667,0.0,0.0,0.0,205.03
11,11,7,0,,,,1.4308833,0.0,0.0,0.0,80.0
11,12,7,0,,,,1.6429666,0.0,0.0,0.0,56.98
11,13,7,0,,,,0.73895,0.0,0.0,0.0,42.33
11,14,7,0,,,,1.1881666,0.0,0.0,0.0,39.84
11,15,7,0,,,,1.3756334,0.0,0.0,0.0,26.76
11,16,7,0,,,,2.1181166,0.0,0.0,0.0,3.18
11,17,7,0,,,,1.7748667,0.0,0.0,0.0,0.0
11,18,7,0,,,,1.62455,0.0,0.0,0.0,0.0
11,19,7,0,,,,2.94445,0.0,0.0,0.0,0.0
11,20,7,0,,,,4.540583,0.0,0.0,0.0,0.0
11,21,7,0,,,,1.9238167,0.0,0.0,0.0,0.0
11,22,7,0,,,,1.50745,0.0,0.0,0.0,0.0
11,23,7,0,,,,0.9027333,0.0,0.0,0.0,0.0
11,24,7,0,,,,1.1488,0.0,0.0,0.0,0.0
11,1,1,0,,,,1.4295,0.0,0.0,0.0,0.0
11,2,1,0,,,,0.9758,0.0,0.0,0.0,0.0
11,3,1,0,,,,0.98066664,0.0,0.0,0.0,0.0
11,4,1,0,,,,0.9225,0.0,0.0,0.0,0.0
11,5,1,0,,,,2.2049668,0.0,0.0,0.0,0.0
11,6,1,0,,,,3.57415,0.0,0.0,0.0,0.0
11,7,1,0,,,,1.8213667,0.0,0.0,0.0,0.0
11,8,1,0,,,,1.6093833,0.0,0.0,0.0,0.0
11,9,1,0,,,,1.3493,0.0,0.0,0.0,1.24
11,10,1,0,,,,1.1235167,0.0,0.0,0.0,26.39
11,11,1,0,,,,0.6439833,0.0,0.0,0.0,43.51
11,12,1,0,,,,0.6015667,0.0,0.0,0.0,38.65
11,13,1,0,,,,0.80675,0.0,0.0,0.0,28.48
11,14,1,0,,,,0.9210167,0.0,0.0,0.0,16.63
11,15,1,0,,,,1.4951167,0.0,0.0,0.0,34.54
11,16,1,0,,,,1.7647,0.0,0.0,0.0,7.25
11,17,1,0,,,,1.1623167,0.0,0.0,0.0,0.0
11,18,1,0,,,,1.1472,0.0,0.0,0.0,0.0
11,19,1,0,,,,1.9598334,0.0,0.0,0.0,0.0
11,20,1,0,,,,3.1026332,0.0,0.0,0.0,0.0
11,21,1,0,,,,1.8424333,0.0,0.0,0.0,0.0
11,22,1,0,,,,1.6426667,0.0,0.0,0.0,0.0
11,23,1,0,,,,1.29175,0.0,0.0,0.0,0.0
11,24,1,0,,,,1.338,0.0,0.0,0.0,0.0
11,1,2,0,,,,1.2175,0.0,0.0,0.0,0.0
11,2,2,0,,,,1.24745,0.0,0.0,0.0,0.0
11,3,2,0,,,,1.39895,0.0,0.0,0.0,0.0
11,4,2,0,,,,1.4570333,0.0,0.0,0.0,0.0
11,5,2,0,,,,1.9161834,0.0,0.0,0.0,0.0
11,6,2,0,,,,2.0715168,0.0,0.0,0.0,0.0
11,7,2,0,,,,1.3033667,0.0,0.0,0.0,0.0
11,8,2,0,,,,1.2099167,0.0,0.0,0.0,0.0
11,9,2,0,,,,2.3642,0.0,0.0,0.0,0.0
11,10,2,0,,,,1.08085,0.0,0.0,0.0,6.53
11,11,2,0,,,,0.90567,0.0,0.0,0.0,22.8
11,12,2,0,,,,0.5683333,0.0,0.0,0.0,12.91
11,13,2,0,,,,0.44995,0.0,0.0,0.0,36.34
11,14,2,0,,,,0.43575,0.0,0.0,0.0,14.97
11,15,2,0,,,,0.4272,0.0,0.0,0.0,25.76
11,16,2,0,,,,0.89811665,0.0,0.0,0.0,9.65
11,17,2,0,,,,2.0544834,0.0,0.0,0.0,0.0
11,18,2,0,,,,1.6053833,0.0,0.0,0.0,0.0
11,19,2,0,,,,1.5307833,0.0,0.0,0.0,0.0
11,20,2,0,,,,2.62125,0.0,0.0,0.0,0.0
11,21,2,0,,,,1.7770667,0.0,0.0,0.0,0.0
11,22,2,0,,,,0.39776668,0.0,0.0,0.0,0.0
11,23,2,0,,,,0.41255,0.0,0.0,0.0,0.0
11,24,2,0,,,,1.21,0.0,0.0,0.0,0.0
11,1,3,0,,,,0.38603333,0.0,0.0,0.0,0.0
11,2,3,0,,,,1.1281667,0.0,0.0,0.0,0.0
11,3,3,0,,,,1.1534166,0.0,0.0,0.0,0.0
11,4,3,0,,,,0.50095,0.0,0.0,0.0,0.0
11,5,3,0,,,,1.4651,0.0,0.0,0.0,0.0
11,6,3,0,,,,1.7719166,0.0,0.0,0.0,0.0
11,7,3,0,,,,0.76353335,0.0,0.0,0.0,0.0
11,8,3,0,,,,0.47216666,0.0,0.0,0.0,0.0
11,9,3,0,,,,1.2237101,0.0,0.0,0.0,36.91
11,10,3,0,,,,0.42161667,0.0,0.0,0.0,302.03
11,11,3,0,,,,0.49918333,0.0,0.0,0.0,513.19
11,12,3,0,,,,0.9371167,0.0,0.0,0.0,339.64
11,13,3,0,,,,0.73325,0.0,0.0,0.0,132.6
11,14,3,0,,,,0.95806664,0.0,0.0,0.0,136.84
11,15,3,0,,,,0.49945,0.0,0.0,0.0,33.99
11,16,3,0,,,,1.3919433,0.0,0.0,0.0,4.77
11,17,3,0,,,,2.2253666,0.0,0.0,0.0,0.0
11,18,3,0,,,,1.4641,0.0,0.0,0.0,0.0
11,19,3,0,,,,3.05285,0.0,0.0,0.0,0.0
11,20,3,0,,,,1.7602667,0.0,0.0,0.0,0.0
11,21,3,0,,,,0.9798,0.0,0.0,0.0,0.0
11,22,3,0,,,,0.8559,0.0,0.0,0.0,0.0
11,23,3,0,,,,1.6101,0.0,0.0,0.0,0.0
11,24,3,0,,,,0.38125,0.0,0.0,0.0,0.0
12,1,4,0,,,,1.1719333,0.0,0.0,0.0,0.0
12,2,4,0,,,,0.7811,0.0,0.0,0.0,0.0
12,3,4,0,,,,0.7362667,0.0,0.0,0.0,0.0
12,4,4,0,,,,1.1787167,0.0,0.0,0.0,0.0
12,5,4,0,,,,2.3308334,0.0,0.0,0.0,0.0
12,6,4,0,,,,1.9969167,0.0,0.0,0.0,0.0
12,7,4,0,,,,1.67615,0.0,0.0,0.0,0.0
12,8,4,0,,,,1.3489833,0.0,0.0,0.0,0.0
12,9,4,0,,,,0.9231,0.0,0.0,0.0,1.7
12,10,4,0,,,,1.07345,0.0,0.0,0.0,71.08
12,11,4,0,,,,0.64451665,0.0,0.0,0.0,532.17
12,12,4,0,,,,0.51133335,0.0,0.0,0.0,656.48
12,13,4,0,,,,0.59455,0.0,0.0,0.0,636.67
12,14,4,0,,,,0.3949,0.0,0.0,0.0,582.72
12,15,4,0,,,,0.33443335,0.0,0.0,0.0,367.53
12,16,4,0,,,,1.7513833,0.0,0.0,0.0,2.16
12,17,4,0,,,,3.45045,0.0,0.0,0.0,0.0
12,18,4,0,,,,1.5704167,0.0,0.0,0.0,0.0
12,19,4,0,,,,2.1477268,0.0,0.0,0.0,0.0
12,20,4,0,,,,4.1446834,0.0,0.0,0.0,0.0
12,21,4,0,,,,1.4081334,0.0,0.0,0.0,0.0
12,22,4,0,,,,0.96903336,0.0,0.0,0.0,0.0
12,23,4,0,,,,0.59211665,0.0,0.0,0.0,0.0
12,24,4,0,,,,1.401225,0.0,0.0,0.0,0.0
12,1,5,0,,,,0.5841,0.0,0.0,0.0,0.0
12,2,5,0,,,,1.4627723,0.0,0.0,0.0,0.0
12,3,5,0,,,,1.1475333,0.0,0.0,0.0,0.0
12,4,5,0,,,,1.8087167,0.0,0.0,0.0,0.0
12,5,5,0,,,,2.2307334,0.0,0.0,0.0,0.0
12,6,5,0,,,,2.8317,0.0,0.0,0.0,0.0
12,7,5,0,,,,1.5156167,0.0,0.0,0.0,0.0
12,8,5,0,,,,1.0862666,0.0,0.0,0.0,0.0
12,9,5,0,,,,1.6095667,0.0,0.0,0.0,2.2
12,10,5,0,,,,1.4748666,0.0,0.0,0.0,36.91
12,11,5,0,,,,1.3463334,0.0,0.0,0.0,111.48
12,12,5,0,,,,0.8706667,0.0,0.0,0.0,90.37
12,13,5,0,,,,1.3713167,0.0,0.0,0.0,187.16
12,14,5,0,,,,0.8975,0.0,0.0,0.0,75.9
12,15,5,0,,,,0.90756667,0.0,0.0,0.0,31.47
12,16,5,0,,,,1.1194167,0.0,0.0,0.0,8.93
12,17,5,0,,,,1.8422333,0.0,0.0,0.0,0.0
12,18,5,0,,,,1.4179333,0.0,0.0,0.0,0.0
12,19,5,0,,,,1.2294,0.0,0.0,0.0,0.0
12,20,5,0,,,,1.7084167,0.0,0.0,0.0,0.0
12,21,5,0,,,,1.3974333,0.0,0.0,0.0,0.0
12,22,5,0,,,,1.2898834,0.0,0.0,0.0,0.0
12,23,5,0,,,,1.4806167,0.0,0.0,0.0,0.0
12,24,5,0,,,,1.51625,0.0,0.0,0.0,0.0
12,1,6,0,,,,0.98903334,0.0,0.0,0.0,0.0
12,2,6,0,,,,1.6089166,0.0,0.0,0.0,0.0
12,3,6,0,,,,1.33955,0.0,0.0,0.0,0.0
12,4,6,0,,,,1.7305334,0.0,0.0,0.0,0.0
12,5,6,0,,,,1.68985,0.0,0.0,0.0,0.0
12,6,6,0,,,,1.5165666,0.0,0.0,0.0,0.0
12,7,6,0,,,,3.00205,0.0,0.0,0.0,0.0
12,8,6,0,,,,2.4786167,0.0,0.0,0.0,0.0
12,9,6,0,,,,1.6548834,0.0,0.0,0.0,0.8
12,10,6,0,,,,1.3509166,0.0,0.0,0.0,10.53
12,11,6,0,,,,1.2538167,0.0,0.0,0.0,38.68
12,12,6,0,,,,0.7797,0.0,0.0,0.0,35.46
12,13,6,0,,,,0.6588167,0.0,0.0,0.0,29.25
12,14,6,0,,,,0.8627,0.0,0.0,0.0,17.37
12,15,6,0,,,,1.43575,0.0,0.0,0.0,27.75
12,16,6,0,,,,1.0743,0.0,0.0,0.0,13.38
12,17,6,0,,,,0.99653333,0.0,0.0,0.0,0.0
12,18,6,0,,,,1.49575,0.0,0.0,0.0,0.0
12,19,6,0,,,,1.3174833,0.0,0.0,0.0,0.0
12,20,6,0,,,,1.5563834,0.0,0.0,0.0,0.0
12,21,6,0,,,,1.25985,0.0,0.0,0.0,0.0
12,22,6,0,,,,0.63991666,0.0,0.0,0.0,0.0
12,23,6,0,,,,1.0216,0.0,0.0,0.0,0.0
12,24,6,0,,,,0.37339166,0.0,0.0,0.0,0.0
12,1,7,0,,,,0.54985,0.0,0.0,0.0,0.0
12,2,7,0,,,,0.5686,0.0,0.0,0.0,0.0
12,3,7,0,,,,0.59426665,0.0,0.0,0.0,0.0
12,4,7,0,,,,1.185,0.0,0.0,0.0,0.0
12,5,7,0,,,,0.602,0.0,0.0,0.0,0.0
12,6,7,0,,,,0.5322833,0.0,0.0,0.0,0.0
12,7,7,0,,,,1.2354167,0.0,0.0,0.0,0.0
12,8,7,0,,,,0.49181667,0.0,0.0,0.0,0.0
12,9,7,0,,,,0.88626665,0.0,0.0,0.0,32.24
12,10,7,0,,,,1.4546666,0.0,0.0,0.0,189.37
12,11,7,0,,,,1.7166667,0.0,0.0,0.0,457.36
12,12,7,0,,,,1.4223334,0.0,0.0,0.0,574.37
12,13,7,0,,,,0.96205,0.0,0.0,0.0,507.33
12,14,7,0,,,,1.3587166,0.0,0.0,0.0,540.24
12,15,7,0,,,,1.1420833,0.0,0.0,0.0,173.46
12,16,7,0,,,,0.8052833,0.0,0.0,0.0,10.77
12,17,7,0,,,,1.0525,0.0,0.0,0.0,0.0
12,18,7,0,,,,1.6892333,0.0,0.0,0.0,0.0
12,19,7,0,,,,1.3968333,0.0,0.0,0.0,0.0
12,20,7,0,,,,1.9983,0.0,0.0,0.0,0.0
12,21,7,0,,,,1.1052333,0.0,0.0,0.0,0.0
12,22,7,0,,,,0.93505,0.0,0.0,0.0,0.0
12,23,7,0,,,,0.70521665,0.0,0.0,0.0,0.0
12,24,7,0,,,,0.3834,0.0,0.0,0.0,0.0
12,1,1,0,,,,0.5660667,0.0,0.0,0.0,0.0
12,2,1,0,,,,0.69308335,0.0,0.0,0.0,0.0
12,3,1,0,,,,0.64571667,0.0,0.0,0.0,0.0
12,4,1,0,,,,1.1666666,0.0,0.0,0.0,0.0
12,5,1,0,,,,1.5854167,0.0,0.0,0.0,0.0
12,6,1,0,,,,2.1906,0.0,0.0,0.0,0.0
12,7,1,0,,,,1.4628333,0.0,0.0,0.0,0.0
12,8,1,0,,,,0.9982833,0.0,0.0,0.0,0.0
12,9,1,0,,,,0.9864333,0.0,0.0,0.0,0.02
12,10,1,0,,,,0.8917,0.0,0.0,0.0,37.9
12,11,1,0,,,,0.5660667,0.0,0.0,0.0,100.67
12,12,1,0,,,,0.27335,0.0,0.0,0.0,53.11
12,13,1,0,,,,0.57965,0.0,0.0,0.0,77.51
12,14,1,0,,,,0.6260333,0.0,0.0,0.0,533.48
12,15,1,0,,,,0.63885,0.0,0.0,0.0,391.25
12,16,1,0,,,,0.90595,0.0,0.0,0.0,11.87
12,17,1,0,,,,1.4448,0.0,0.0,0.0,0.0
12,18,1,0,,,,1.7175333,0.0,0.0,0.0,0.0
12,19,1,0,,,,1.9805833,0.0,0.0,0.0,0.0
12,20,1,0,,,,1.6417333,0.0,0.0,0.0,0.0
12,21,1,0,,,,0.7639833,0.0,0.0,0.0,0.0
12,22,1,0,,,,0.46321666,0.0,0.0,0.0,0.0
12,23,1,0,,,,0.38846666,0.0,0.0,0.0,0.0
12,24,1,0,,,,0.39875,0.0,0.0,0.0,0.0
12,1,2,0,,,,0.39265,0.0,0.0,0.0,0.0
12,2,2,0,,,,0.3664,0.0,0.0,0.0,0.0
12,3,2,0,,,,0.4351,0.0,0.0,0.0,0.0
12,4,2,0,,,,0.39715832,0.0,0.0,0.0,0.0
12,5,2,0,,,,1.2420666,0.0,0.0,0.0,0.0
12,6,2,0,,,,1.2313833,0.0,0.0,0.0,0.0
12,7,2,0,,,,1.22675,0.0,0.0,0.0,0.0
12,8,2,0,,,,0.8787,0.0,0.0,0.0,0.0
12,9,2,0,,,,0.6651,0.0,0.0,0.0,41.53
12,10,2,0,,,,0.67078334,0.0,0.0,0.0,351.52
12,11,2,0,,,,0.90435,0.0,0.0,0.0,531.12
12,12,2,0,,,,0.87,0.0,0.0,0.0,613.7
12,13,2,0,,,,1.6081834,0.0,0.0,0.0,627.16
12,14,2,0,,,,0.79798335,0.0,0.0,0.0,571.46
12,15,2,0,,,,1.04015,0.0,0.0,0.0,397.52
12,16,2,0,,,,0.77125,0.0,0.0,0.0,11.9
12,17,2,0,,,,1.4163,0.0,0.0,0.0,0.0
12,18,2,0,,,,1.4805167,0.0,0.0,0.0,0.0
12,19,2,0,,,,3.8888667,0.0,0.0,0.0,0.0
12,20,2,0,,,,2.6376166,0.0,0.0,0.0,0.0
12,21,2,0,,,,3.7708333,0.0,0.0,0.0,0.0
12,22,2,0,,,,0.93698335,0.0,0.0,0.0,0.0
12,23,2,0,,,,1.5331,0.0,0.0,0.0,0.0
12,24,2,0,,,,0.70241666,0.0,0.0,0.0,0.0
12,1,3,0,,,,0.87715,0.0,0.0,0.0,0.0
12,2,3,0,,,,1.1438333,0.0,0.0,0.0,0.0
12,3,3,0,,,,0.3872,0.0,0.0,0.0,0.0
12,4,3,0,,,,1.1892,0.0,0.0,0.0,0.0
12,5,3,0,,,,1.0255,0.0,0.0,0.0,0.0
12,6,3,0,,,,2.5072167,0.0,0.0,0.0,0.0
12,7,3,0,,,,0.7629,0.0,0.0,0.0,0.0
12,8,3,0,,,,1.5349333,0.0,0.0,0.0,0.0
12,9,3,0,,,,1.0640167,0.0,0.0,0.0,2.22
12,10,3,0,,,,0.24573334,0.0,0.0,0.0,231.05
12,11,3,0,,,,1.0568334,0.0,0.0,0.0,408.42
12,12,3,0,,,,0.3008,0.0,0.0,0.0,480.08
12,13,3,0,,,,0.24383333,0.0,0.0,0.0,585.65
12,14,3,0,,,,0.34618333,0.0,0.0,0.0,598.62
12,15,3,0,,,,0.39836666,0.0,0.0,0.0,459.59
12,16,3,0,,,,1.3217,0.0,0.0,0.0,11.97
12,17,3,0,,,,1.2116834,0.0,0.0,0.0,0.0
12,18,3,0,,,,1.5149666,0.0,0.0,0.0,0.0
12,19,3,0,,,,1.4032333,0.0,0.0,0.0,0.0
12,20,3,0,,,,2.0986333,0.0,0.0,0.0,0.0
12,21,3,0,,,,1.70505,0.0,0.0,0.0,0.0
12,22,3,0,,,,1.6971333,0.0,0.0,0.0,0.0
12,23,3,0,,,,0.4263,0.0,0.0,0.0,0.0
12,24,3,0,,,,1.2886584,0.0,0.0,0.0,0.0
12,1,4,0,,,,1.2318,0.0,0.0,0.0,0.0
12,2,4,0,,,,0.49041668,0.0,0.0,0.0,0.0
12,3,4,0,,,,1.3187,0.0,0.0,0.0,0.0
12,4,4,0,,,,1.2626834,0.0,0.0,0.0,0.0
12,5,4,0,,,,1.48595,0.0,0.0,0.0,0.0
12,6,4,0,,,,1.3326167,0.0,0.0,0.0,0.0
12,7,4,0,,,,0.9842167,0.0,0.0,0.0,0.0
12,8,4,0,,,,1.0221167,0.0,0.0,0.0,0.0
12,9,4,0,,,,0.3648,0.0,0.0,0.0,24.96
12,10,4,0,,,,0.32861668,0.0,0.0,0.0,217.95
12,11,4,0,,,,0.32315,0.0,0.0,0.0,163.5
12,12,4,0,,,,0.33540833,0.0,0.0,0.0,155.5
12,13,4,0,,,,0.3485,0.0,0.0,0.0,73.94
12,14,4,0,,,,0.32303333,0.0,0.0,0.0,496.38
12,15,4,0,,,,0.33643332,0.0,0.0,0.0,151.35
12,16,4,0,,,,0.88011664,0.0,0.0,0.0,10.56
12,17,4,0,,,,1.02855,0.0,0.0,0.0,0.0
12,18,4,0,,,,1.1864166,0.0,0.0,0.0,0.0
12,19,4,0,,,,1.4577167,0.0,0.0,0.0,0.0
12,20,4,0,,,,0.8694,0.0,0.0,0.0,0.0
12,21,4,0,,,,1.7910334,0.0,0.0,0.0,0.0
12,22,4,0,,,,1.5313333,0.0,0.0,0.0,0.0
12,23,4,0,,,,0.29796666,0.0,0.0,0.0,0.0
12,24,4,0,,,,1.074,0.0,0.0,0.0,0.0
12,1,5,0,,,,1.12845,0.0,0.0,0.0,0.0
12,2,5,0,,,,0.32233334,0.0,0.0,0.0,0.0
12,3,5,0,,,,1.0710334,0.0,0.0,0.0,0.0
12,4,5,0,,,,1.1908833,0.0,0.0,0.0,0.0
12,5,5,0,,,,0.8646333,0.0,0.0,0.0,0.0
12,6,5,0,,,,2.5351834,0.0,0.0,0.0,0.0
12,7,5,0,,,,1.9465667,0.0,0.0,0.0,0.0
12,8,5,0,,,,0.81458336,0.0,0.0,0.0,0.0
12,9,5,0,,,,1.48975,0.0,0.0,0.0,0.0
12,10,5,0,,,,0.5465,0.0,0.0,0.0,93.55
12,11,5,0,,,,1.0698333,0.0,0.0,0.0,435.37
12,12,5,0,,,,0.37528333,0.0,0.0,0.0,257.47
12,13,5,0,,,,0.38611665,0.0,0.0,0.0,637.97
12,14,5,0,,,,0.42936668,0.0,0.0,0.0,481.42
12,15,5,0,,,,0.36415,0.0,0.0,0.0,388.75
12,16,5,0,,,,0.4127,0.0,0.0,0.0,10.57
12,17,5,0,,,,0.7168667,0.0,0.0,0.0,0.0
12,18,5,0,,,,0.9690167,0.0,0.0,0.0,0.0
12,19,5,0,,,,1.0499166,0.0,0.0,0.0,0.0
12,20,5,0,,,,1.1840333,0.0,0.0,0.0,0.0
12,21,5,0,,,,0.87715,0.0,0.0,0.0,0.0
12,22,5,0,,,,1.8053334,0.0,0.0,0.0,0.0
12,23,5,0,,,,0.9739,0.0,0.0,0.0,0.0
12,24,5,0,,,,0.7715167,0.0,0.0,0.0,0.0
12,1,6,0,,,,1.0538334,0.0,0.0,0.0,0.0
12,2,6,0,,,,0.35085,0.0,0.0,0.0,0.0
12,3,6,0,,,,1.0702667,0.0,0.0,0.0,0.0
12,4,6,0,,,,0.97756666,0.0,0.0,0.0,0.0
12,5,6,0,,,,0.44968334,0.0,0.0,0.0,0.0
12,6,6,0,,,,1.1509833,0.0,0.0,0.0,0.0
12,7,6,0,,,,0.49448332,0.0,0.0,0.0,0.0
12,8,6,0,,,,0.52318335,0.0,0.0,0.0,0.0
12,9,6,0,,,,0.5265167,0.0,0.0,0.0,0.0
12,10,6,0,,,,1.2090666,0.0,0.0,0.0,15.99
12,11,6,0,,,,3.8808334,0.0,0.0,0.0,43.04
12,12,6,0,,,,0.75801665,0.0,0.0,0.0,40.41
12,13,6,0,,,,0.7055333,0.0,0.0,0.0,26.5
12,14,6,0,,,,0.5811833,0.0,0.0,0.0,28.71
12,15,6,0,,,,0.41888332,0.0,0.0,0.0,8.35
12,16,6,0,,,,0.6081333,0.0,0.0,0.0,5.33
12,17,6,0,,,,1.5204333,0.0,0.0,0.0,0.0
12,18,6,0,,,,1.3681667,0.0,0.0,0.0,0.0
12,19,6,0,,,,1.1022,0.0,0.0,0.0,0.0
12,20,6,0,,,,0.86628336,0.0,0.0,0.0,0.0
12,21,6,0,,,,0.68591666,0.0,0.0,0.0,0.0
12,22,6,0,,,,0.68443334,0.0,0.0,0.0,0.0
12,23,6,0,,,,0.70225,0.0,0.0,0.0,0.0
12,24,6,0,,,,0.65311664,0.0,0.0,0.0,0.0
12,1,7,0,,,,0.6339333,0.0,0.0,0.0,0.0
12,2,7,0,,,,0.7341667,0.0,0.0,0.0,0.0
12,3,7,0,,,,0.35358334,0.0,0.0,0.0,0.0
12,4,7,0,,,,0.9997333,0.0,0.0,0.0,0.0
12,5,7,0,,,,0.35303333,0.0,0.0,0.0,0.0
12,6,7,0,,,,0.85165,0.0,0.0,0.0,0.0
12,7,7,0,,,,0.67268336,0.0,0.0,0.0,0.0
12,8,7,0,,,,1.25605,0.0,0.0,0.0,0.0
12,9,7,0,,,,1.4082667,0.0,0.0,0.0,0.0
12,10,7,0,,,,0.36756667,0.0,0.0,0.0,36.89
12,11,7,0,,,,0.72438335,0.0,0.0,0.0,68.85
12,12,7,0,,,,1.2962667,0.0,0.0,0.0,89.77
12,13,7,0,,,,1.0104166,0.0,0.0,0.0,164.65
12,14,7,0,,,,0.6009667,0.0,0.0,0.0,170.97
12,15,7,0,,,,0.84211665,0.0,0.0,0.0,107.58
12,16,7,0,,,,1.4644,0.0,0.0,0.0,6.5
12,17,7,0,,,,2.0244668,0.0,0.0,0.0,0.0
12,18,7,0,,,,3.1953,0.0,0.0,0.0,0.0
12,19,7,0,,,,3.2431166,0.0,0.0,0.0,0.0
12,20,7,0,,,,1.5549,0.0,0.0,0.0,0.0
12,21,7,0,,,,1.4205,0.0,0.0,0.0,0.0
12,22,7,0,,,,0.6797,0.0,0.0,0.0,0.0
12,23,7,0,,,,0.39531666,0.0,0.0,0.0,0.0
12,24,7,0,,,,0.35905,0.0,0.0,0.0,0.0
12,1,1,0,,,,0.32148334,0.0,0.0,0.0,0.0
12,2,1,0,,,,0.38378334,0.0,0.0,0.0,0.0
12,3,1,0,,,,0.33591667,0.0,0.0,0.0,0.0
12,4,1,0,,,,0.3229,0.0,0.0,0.0,0.0
12,5,1,0,,,,1.3617333,0.0,0.0,0.0,0.0
12,6,1,0,,,,1.8036667,0.0,0.0,0.0,0.0
12,7,1,0,,,,0.9029833,0.0,0.0,0.0,0.0
12,8,1,0,,,,0.59025,0.0,0.0,0.0,0.0
12,9,1,0,,,,0.51393336,0.0,0.0,0.0,0.0
12,10,1,0,,,,0.57098335,0.0,0.0,0.0,22.24
12,11,1,0,,,,0.58376664,0.0,0.0,0.0,51.59
12,12,1,0,,,,0.44196665,0.0,0.0,0.0,45.93
12,13,1,0,,,,0.99901664,0.0,0.0,0.0,30.34
12,14,1,0,,,,0.4904,0.0,0.0,0.0,52.84
12,15,1,0,,,,0.44601667,0.0,0.0,0.0,10.3
12,16,1,0,,,,1.1372666,0.0,0.0,0.0,0.22
12,17,1,0,,,,1.54205,0.0,0.0,0.0,0.0
12,18,1,0,,,,1.7309333,0.0,0.0,0.0,0.0
12,19,1,0,,,,1.7339667,0.0,0.0,0.0,0.0
12,20,1,0,,,,1.88375,0.0,0.0,0.0,0.0
12,21,1,0,,,,0.70475,0.0,0.0,0.0,0.0
12,22,1,0,,,,0.47658333,0.0,0.0,0.0,0.0
12,23,1,0,,,,0.70353335,0.0,0.0,0.0,0.0
12,24,1,0,,,,0.77735835,0.0,0.0,0.0,0.0
12,1,2,0,,,,1.0332,0.0,0.0,0.0,0.0
12,2,2,0,,,,0.7808833,0.0,0.0,0.0,0.0
12,3,2,0,,,,1.0403833,0.0,0.0,0.0,0.0
12,4,2,0,,,,0.7342333,0.0,0.0,0.0,0.0
12,5,2,0,,,,1.2465667,0.0,0.0,0.0,0.0
12,6,2,0,,,,1.1626667,0.0,0.0,0.0,0.0
12,7,2,0,,,,0.4519,0.0,0.0,0.0,0.0
12,8,2,0,,,,0.36621666,0.0,0.0,0.0,0.0
12,9,2,0,,,,0.30238333,0.0,0.0,0.0,0.0
12,10,2,0,,,,0.3107,0.0,0.0,0.0,11.14
12,11,2,0,,,,0.35695,0.0,0.0,0.0,28.49
12,12,2,0,,,,0.26973334,0.0,0.0,0.0,18.81
12,13,2,0,,,,0.4469,0.0,0.0,0.0,20.98
12,14,2,0,,,,0.69598335,0.0,0.0,0.0,25.41
12,15,2,0,,,,0.32991666,0.0,0.0,0.0,4.29
12,16,2,0,,,,0.34323335,0.0,0.0,0.0,0.0
12,17,2,0,,,,0.36951667,0.0,0.0,0.0,0.0
12,18,2,0,,,,1.16045,0.0,0.0,0.0,0.0
12,19,2,0,,,,4.0309334,0.0,0.0,0.0,0.0
12,20,2,0,,,,1.59335,0.0,0.0,0.0,0.0
12,21,2,0,,,,1.0325667,0.0,0.0,0.0,0.0
12,22,2,0,,,,1.0224333,0.0,0.0,0.0,0.0
12,23,2,0,,,,0.84746665,0.0,0.0,0.0,0.0
12,24,2,0,,,,0.47960833,0.0,0.0,0.0,0.0
12,1,3,0,,,,0.52916664,0.0,0.0,0.0,0.0
12,2,3,0,,,,0.5021667,0.0,0.0,0.0,0.0
12,3,3,0,,,,0.47953334,0.0,0.0,0.0,0.0
12,4,3,0,,,,0.52025,0.0,0.0,0.0,0.0
12,5,3,0,,,,0.73935,0.0,0.0,0.0,0.0
12,6,3,0,,,,1.1636,0.0,0.0,0.0,0.0
12,7,3,0,,,,0.70381665,0.0,0.0,0.0,0.0
12,8,3,0,,,,0.35983333,0.0,0.0,0.0,0.0
12,9,3,0,,,,0.41325,0.0,0.0,0.0,0.0
12,10,3,0,,,,0.37203333,0.0,0.0,0.0,35.12
12,11,3,0,,,,0.36611667,0.0,0.0,0.0,37.73
12,12,3,0,,,,0.38718334,0.0,0.0,0.0,54.4
12,13,3,0,,,,0.37055,0.0,0.0,0.0,23.83
12,14,3,0,,,,0.37063333,0.0,0.0,0.0,19.41
12,15,3,0,,,,0.39728335,0.0,0.0,0.0,21.57
12,16,3,0,,,,0.51245,0.0,0.0,0.0,0.98
12,17,3,0,,,,1.4608166,0.0,0.0,0.0,0.0
12,18,3,0,,,,1.5301334,0.0,0.0,0.0,0.0
12,19,3,0,,,,1.7492334,0.0,0.0,0.0,0.0
12,20,3,0,,,,1.5694333,0.0,0.0,0.0,0.0
12,21,3,0,,,,1.05455,0.0,0.0,0.0,0.0
12,22,3,0,,,,0.64858335,0.0,0.0,0.0,0.0
12,23,3,0,,,,0.40736666,0.0,0.0,0.0,0.0
12,24,3,0,,,,0.40468332,0.0,0.0,0.0,0.0
12,1,4,0,,,,0.36493334,0.0,0.0,0.0,0.0
12,2,4,0,,,,0.41791666,0.0,0.0,0.0,0.0
12,3,4,0,,,,0.38341665,0.0,0.0,0.0,0.0
12,4,4,0,,,,0.37796667,0.0,0.0,0.0,0.0
12,5,4,0,,,,1.2671334,0.0,0.0,0.0,0.0
12,6,4,0,,,,1.75375,0.0,0.0,0.0,0.0
12,7,4,0,,,,0.51696664,0.0,0.0,0.0,0.0
12,8,4,0,,,,0.5525,0.0,0.0,0.0,0.0
12,9,4,0,,,,0.3981,0.0,0.0,0.0,0.0
12,10,4,0,,,,0.33348334,0.0,0.0,0.0,146.87
12,11,4,0,,,,0.40683332,0.0,0.0,0.0,487.41
12,12,4,0,,,,0.39663333,0.0,0.0,0.0,590.6
12,13,4,0,,,,0.3799,0.0,0.0,0.0,597.53
12,14,4,0,,,,0.3966,0.0,0.0,0.0,554.18
12,15,4,0,,,,0.3299,0.0,0.0,0.0,253.26
12,16,4,0,,,,0.76748335,0.0,0.0,0.0,8.69
12,17,4,0,,,,2.6968668,0.0,0.0,0.0,0.0
12,18,4,0,,,,1.9972167,0.0,0.0,0.0,0.0
12,19,4,0,,,,1.4707333,0.0,0.0,0.0,0.0
12,20,4,0,,,,3.0784333,0.0,0.0,0.0,0.0
12,21,4,0,,,,0.89786667,0.0,0.0,0.0,0.0
12,22,4,0,,,,0.78246665,0.0,0.0,0.0,0.0
12,23,4,0,,,,0.42251667,0.0,0.0,0.0,0.0
12,24,4,0,,,,0.42730832,0.0,0.0,0.0,0.0
12,1,5,0,,,,0.47565,0.0,0.0,0.0,0.0
12,2,5,0,,,,0.4086,0.0,0.0,0.0,0.0
12,3,5,0,,,,0.44616666,0.0,0.0,0.0,0.0
12,4,5,0,,,,0.45223334,0.0,0.0,0.0,0.0
12,5,5,0,,,,2.67235,0.0,0.0,0.0,0.0
12,6,5,0,,,,2.36885,0.0,0.0,0.0,0.0
12,7,5,0,,,,0.8671833,0.0,0.0,0.0,0.0
12,8,5,0,,,,1.2319666,0.0,0.0,0.0,0.0
12,9,5,0,,,,0.7812,0.0,0.0,0.0,0.0
12,10,5,0,,,,1.0516666,0.0,0.0,0.0,5.85
12,11,5,0,,,,1.0569167,0.0,0.0,0.0,348.83
12,12,5,0,,,,0.35696667,0.0,0.0,0.0,515.66
12,13,5,0,,,,1.0382667,0.0,0.0,0.0,576.92
12,14,5,0,,,,0.35215,0.0,0.0,0.0,545.45
12,15,5,0,,,,0.69381666,0.0,0.0,0.0,377.29
12,16,5,0,,,,0.65846664,0.0,0.0,0.0,7.41
12,17,5,0,,,,0.56121665,0.0,0.0,0.0,0.0
12,18,5,0,,,,0.58596665,0.0,0.0,0.0,0.0
12,19,5,0,,,,0.54105,0.0,0.0,0.0,0.0
12,20,5,0,,,,0.67193335,0.0,0.0,0.0,0.0
12,21,5,0,,,,2.4071333,0.0,0.0,0.0,0.0
12,22,5,0,,,,1.0776666,0.0,0.0,0.0,0.0
12,23,5,0,,,,1.2416167,0.0,0.0,0.0,0.0
12,24,5,0,,,,0.78423333,0.0,0.0,0.0,0.0
12,1,6,0,,,,0.33308333,0.0,0.0,0.0,0.0
12,2,6,0,,,,0.38703334,0.0,0.0,0.0,0.0
12,3,6,0,,,,0.35801667,0.0,0.0,0.0,0.0
12,4,6,0,,,,0.33606666,0.0,0.0,0.0,0.0
12,5,6,0,,,,0.39296666,0.0,0.0,0.0,0.0
12,6,6,0,,,,0.36131668,0.0,0.0,0.0,0.0
12,7,6,0,,,,3.0879667,0.0,0.0,0.0,0.0
12,8,6,0,,,,2.0106168,0.0,0.0,0.0,0.0
12,9,6,0,,,,1.5506834,0.0,0.0,0.0,0.0
12,10,6,0,,,,0.4004,0.0,0.0,0.0,289.83
12,11,6,0,,,,0.38783333,0.0,0.0,0.0,473.75
12,12,6,0,,,,0.5872333,0.0,0.0,0.0,550.88
12,13,6,0,,,,1.2018334,0.0,0.0,0.0,484.41
12,14,6,0,,,,0.72285,0.0,0.0,0.0,481.74
12,15,6,0,,,,0.48008335,0.0,0.0,0.0,274.68
12,16,6,0,,,,1.45555,0.0,0.0,0.0,6.84
12,17,6,0,,,,1.9604,0.0,0.0,0.0,0.0
12,18,6,0,,,,1.5011166,0.0,0.0,0.0,0.0
12,19,6,0,,,,1.5665166,0.0,0.0,0.0,0.0
12,20,6,0,,,,3.3842833,0.0,0.0,0.0,0.0
12,21,6,0,,,,2.4283667,0.0,0.0,0.0,0.0
12,22,6,0,,,,1.8964,0.0,0.0,0.0,0.0
12,23,6,0,,,,2.0709,0.0,0.0,0.0,0.0
12,24,6,0,,,,1.10445,0.0,0.0,0.0,0.0
12,1,7,0,,,,1.5703666,0.0,0.0,0.0,0.0
12,2,7,0,,,,1.1582,0.0,0.0,0.0,0.0
12,3,7,0,,,,1.4896166,0.0,0.0,0.0,0.0
12,4,7,0,,,,1.23505,0.0,0.0,0.0,0.0
12,5,7,0,,,,1.6595666,0.0,0.0,0.0,0.0
12,6,7,0,,,,1.14565,0.0,0.0,0.0,0.0
12,7,7,0,,,,2.6673834,0.0,0.0,0.0,0.0
12,8,7,0,,,,1.4284166,0.0,0.0,0.0,0.0
12,9,7,0,,,,1.7598833,0.0,0.0,0.0,0.0
12,10,7,0,,,,1.8941333,0.0,0.0,0.0,210.17
12,11,7,0,,,,2.1582668,0.0,0.0,0.0,462.44
12,12,7,0,,,,0.84818333,0.0,0.0,0.0,356.03
12,13,7,0,,,,1.0803666,0.0,0.0,0.0,442.92
12,14,7,0,,,,2.0006666,0.0,0.0,0.0,516.67
12,15,7,0,,,,2.9152,0.0,0.0,0.0,298.96
12,16,7,0,,,,1.87405,0.0,0.0,0.0,9.62
12,17,7,0,,,,2.2813833,0.0,0.0,0.0,0.0
12,18,7,0,,,,2.06995,0.0,0.0,0.0,0.0
12,19,7,0,,,,2.4466,0.0,0.0,0.0,0.0
12,20,7,0,,,,4.967233,0.0,0.0,0.0,0.0
12,21,7,0,,,,1.6338333,0.0,0.0,0.0,0.0
12,22,7,0,,,,1.9866667,0.0,0.0,0.0,0.0
12,23,7,0,,,,1.16815,0.0,0.0,0.0,0.0
12,24,7,0,,,,1.4540833,0.0,0.0,0.0,0.0
12,1,1,0,,,,1.4878334,0.0,0.0,0.0,0.0
12,2,1,0,,,,1.1158667,0.0,0.0,0.0,0.0
12,3,1,0,,,,1.65055,0.0,0.0,0.0,0.0
12,4,1,0,,,,1.2261333,0.0,0.0,0.0,0.0
12,5,1,0,,,,3.0221667,0.0,0.0,0.0,0.0
12,6,1,0,,,,3.2882667,0.0,0.0,0.0,0.0
12,7,1,0,,,,2.1376166,0.0,0.0,0.0,0.0
12,8,1,0,,,,2.1982667,0.0,0.0,0.0,0.0
12,9,1,0,,,,1.9618666,0.0,0.0,0.0,0.0
12,10,1,0,,,,1.8004416,0.0,0.0,0.0,148.53
12,11,1,0,,,,1.65745,0.0,0.0,0.0,521.39
12,12,1,0,,,,1.6428167,0.0,0.0,0.0,587.01
12,13,1,0,,,,1.5997334,0.0,0.0,0.0,579.65
12,14,1,0,,,,2.0841668,0.0,0.0,0.0,532.63
12,15,1,0,,,,1.5665,0.0,0.0,0.0,380.77
12,16,1,0,,,,1.60985,0.0,0.0,0.0,8.07
12,17,1,0,,,,2.1789834,0.0,0.0,0.0,0.0
12,18,1,0,,,,3.53915,0.0,0.0,0.0,0.0
12,19,1,0,,,,3.239077,0.0,0.0,0.0,0.0
12,20,1,0,,,,2.2894416,0.0,0.0,0.0,0.0
12,21,1,0,,,,1.4245,0.0,0.0,0.0,0.0
12,22,1,0,,,,0.3829,0.0,0.0,0.0,0.0
12,23,1,0,,,,0.38516667,0.0,0.0,0.0,0.0
12,24,1,0,,,,1.0561167,0.0,0.0,0.0,0.0
12,1,2,0,,,,1.0816,0.0,0.0,0.0,0.0
12,2,2,0,,,,0.6281,0.0,0.0,0.0,0.0
12,3,2,0,,,,0.81131667,0.0,0.0,0.0,0.0
12,4,2,0,,,,1.0202833,0.0,0.0,0.0,0.0
12,5,2,0,,,,1.0539666,0.0,0.0,0.0,0.0
12,6,2,0,,,,2.4042,0.0,0.0,0.0,0.0
12,7,2,0,,,,1.6944667,0.0,0.0,0.0,0.0
12,8,2,0,,,,1.65015,0.0,0.0,0.0,0.0
12,9,2,0,,,,1.0962334,0.0,0.0,0.0,0.0
12,10,2,0,,,,0.75518334,0.0,0.0,0.0,155.12
12,11,2,0,,,,0.7607333,0.0,0.0,0.0,396.59
12,12,2,0,,,,0.50556666,0.0,0.0,0.0,526.48
12,13,2,0,,,,0.3509,0.0,0.0,0.0,435.46
12,14,2,0,,,,0.31656668,0.0,0.0,0.0,512.66
12,15,2,0,,,,0.29475,0.0,0.0,0.0,342.57
12,16,2,0,,,,1.2878,0.0,0.0,0.0,6.49
12,17,2,0,,,,1.1796,0.0,0.0,0.0,0.0
12,18,2,0,,,,2.4405,0.0,0.0,0.0,0.0
12,19,2,0,,,,1.68885,0.0,0.0,0.0,0.0
12,20,2,0,,,,1.1591834,0.0,0.0,0.0,0.0
12,21,2,0,,,,0.99655,0.0,0.0,0.0,0.0
12,22,2,0,,,,0.5746,0.0,0.0,0.0,0.0
12,23,2,0,,,,0.5276833,0.0,0.0,0.0,0.0
12,24,2,0,,,,0.35178334,0.0,0.0,0.0,0.0
12,1,3,0,,,,0.6383167,0.0,0.0,0.0,0.0
12,2,3,0,,,,0.6081833,0.0,0.0,0.0,0.0
12,3,3,0,,,,0.62011665,0.0,0.0,0.0,0.0
12,4,3,0,,,,0.61286664,0.0,0.0,0.0,0.0
12,5,3,0,,,,1.10525,0.0,0.0,0.0,0.0
12,6,3,0,,,,1.5738,0.0,0.0,0.0,0.0
12,7,3,0,,,,0.983,0.0,0.0,0.0,0.0
12,8,3,0,,,,0.98875,0.0,0.0,0.0,0.0
12,9,3,0,,,,0.93305,0.0,0.0,0.0,0.0
12,10,3,0,,,,0.63486665,0.0,0.0,0.0,22.04
12,11,3,0,,,,1.6958,0.0,0.0,0.0,36.54
12,12,3,0,,,,1.4832667,0.0,0.0,0.0,51.92
12,13,3,0,,,,0.9431667,0.0,0.0,0.0,48.72
12,14,3,0,,,,1.9484833,0.0,0.0,0.0,20.18
12,15,3,0,,,,2.2997,0.0,0.0,0.0,99.91
12,16,3,0,,,,2.22765,0.0,0.0,0.0,9.76
12,17,3,0,,,,1.4981333,0.0,0.0,0.0,0.0
12,18,3,0,,,,1.8352333,0.0,0.0,0.0,0.0
12,19,3,0,,,,1.5957333,0.0,0.0,0.0,0.0
12,20,3,0,,,,1.8178166,0.0,0.0,0.0,0.0
12,21,3,0,,,,1.96775,0.0,0.0,0.0,0.0
12,22,3,0,,,,1.33105,0.0,0.0,0.0,0.0
12,23,3,0,,,,2.0852833,0.0,0.0,0.0,0.0
12,24,3,0,,,,1.765925,0.0,0.0,0.0,0.0
12,1,4,0,,,,1.2963667,0.0,0.0,0.0,0.0
12,2,4,0,,,,1.7403834,0.0,0.0,0.0,0.0
12,3,4,0,,,,1.72395,0.0,0.0,0.0,0.0
12,4,4,0,,,,1.3870833,0.0,0.0,0.0,0.0
12,5,4,0,,,,1.7344167,0.0,0.0,0.0,0.0
12,6,4,0,,,,1.5639833,0.0,0.0,0.0,0.0
12,7,4,0,,,,1.4344167,0.0,0.0,0.0,0.0
12,8,4,0,,,,2.0026333,0.0,0.0,0.0,0.0
12,9,4,0,,,,1.45645,0.0,0.0,0.0,0.0
12,10,4,0,,,,1.9561666,0.0,0.0,0.0,7.6
12,11,4,0,,,,1.8274333,0.0,0.0,0.0,99.98
12,12,4,0,,,,1.76145,0.0,0.0,0.0,57.01
12,13,4,0,,,,1.2134833,0.0,0.0,0.0,25.09
12,14,4,0,,,,1.4226667,0.0,0.0,0.0,15.22
12,15,4,0,,,,1.4433666,0.0,0.0,0.0,3.0
12,16,4,0,,,,1.2107667,0.0,0.0,0.0,5.67
12,17,4,0,,,,1.5224667,0.0,0.0,0.0,0.0
12,18,4,0,,,,1.65795,0.0,0.0,0.0,0.0
12,19,4,0,,,,2.2500334,0.0,0.0,0.0,0.0
12,20,4,0,,,,5.0438333,0.0,0.0,0.0,0.0
12,21,4,0,,,,2.30515,0.0,0.0,0.0,0.0
12,22,4,0,,,,1.1528833,0.0,0.0,0.0,0.0
12,23,4,0,,,,0.42351666,0.0,0.0,0.0,0.0
12,24,4,0,,,,0.84493333,0.0,0.0,0.0,0.0
12,1,5,0,,,,0.85095,0.0,0.0,0.0,0.0
12,2,5,0,,,,0.4647,0.0,0.0,0.0,0.0
12,3,5,0,,,,0.7571,0.0,0.0,0.0,0.0
12,4,5,0,,,,0.8253667,0.0,0.0,0.0,0.0
12,5,5,0,,,,0.85293335,0.0,0.0,0.0,0.0
12,6,5,0,,,,0.5546333,0.0,0.0,0.0,0.0
12,7,5,0,,,,2.3510666,0.0,0.0,0.0,0.0
12,8,5,0,,,,1.6188667,0.0,0.0,0.0,0.0
12,9,5,0,,,,1.3310666,0.0,0.0,0.0,0.0
12,10,5,0,,,,1.3133,0.0,0.0,0.0,5.79
12,11,5,0,,,,1.24555,0.0,0.0,0.0,20.09
12,12,5,0,,,,1.1984667,0.0,0.0,0.0,12.5
12,13,5,0,,,,1.83235,0.0,0.0,0.0,12.45
12,14,5,0,,,,1.3973167,0.0,0.0,0.0,7.41
12,15,5,0,,,,0.77955,0.0,0.0,0.0,176.25
12,16,5,0,,,,1.2413833,0.0,0.0,0.0,11.36
12,17,5,0,,,,1.4492167,0.0,0.0,0.0,0.0
12,18,5,0,,,,0.9456,0.0,0.0,0.0,0.0
12,19,5,0,,,,1.2618166,0.0,0.0,0.0,0.0
12,20,5,0,,,,0.9967167,0.0,0.0,0.0,0.0
12,21,5,0,,,,1.8398,0.0,0.0,0.0,0.0
12,22,5,0,,,,1.5371667,0.0,0.0,0.0,0.0
12,23,5,0,,,,0.80041665,0.0,0.0,0.0,0.0
12,24,5,0,,,,1.226675,0.0,0.0,0.0,0.0
12,1,6,0,,,,1.4367666,0.0,0.0,0.0,0.0
12,2,6,0,,,,1.0373167,0.0,0.0,0.0,0.0
12,3,6,0,,,,1.0422333,0.0,0.0,0.0,0.0
12,4,6,0,,,,1.4272,0.0,0.0,0.0,0.0
12,5,6,0,,,,1.2359166,0.0,0.0,0.0,0.0
12,6,6,0,,,,1.6530334,0.0,0.0,0.0,0.0
12,7,6,0,,,,1.4303666,0.0,0.0,0.0,0.0
12,8,6,0,,,,2.3073332,0.0,0.0,0.0,0.0
12,9,6,0,,,,1.4037334,0.0,0.0,0.0,0.0
12,10,6,0,,,,2.0064166,0.0,0.0,0.0,73.79
12,11,6,0,,,,1.2412,0.0,0.0,0.0,53.49
12,12,6,0,,,,1.2908,0.0,0.0,0.0,27.62
12,13,6,0,,,,0.76665,0.0,0.0,0.0,38.84
12,14,6,0,,,,0.72513336,0.0,0.0,0.0,16.07
12,15,6,0,,,,1.4684167,0.0,0.0,0.0,34.59
12,16,6,0,,,,2.0299666,0.0,0.0,0.0,11.61
12,17,6,0,,,,1.6307334,0.0,0.0,0.0,0.0
12,18,6,0,,,,1.7026,0.0,0.0,0.0,0.0
12,19,6,0,,,,1.7376,0.0,0.0,0.0,0.0
12,20,6,0,,,,1.1337833,0.0,0.0,0.0,0.0
12,21,6,0,,,,1.8405,0.0,0.0,0.0,0.0
12,22,6,0,,,,1.48935,0.0,0.0,0.0,0.0
12,23,6,0,,,,2.5423834,0.0,0.0,0.0,0.0
12,24,6,0,,,,2.035675,0.0,0.0,0.0,0.0
12,1,7,0,,,,2.9186,0.0,0.0,0.0,0.0
12,2,7,0,,,,2.2889166,0.0,0.0,0.0,0.0
12,3,7,0,,,,1.4624833,0.0,0.0,0.0,0.0
12,4,7,0,,,,1.6325166,0.0,0.0,0.0,0.0
12,5,7,0,,,,1.9293833,0.0,0.0,0.0,0.0
12,6,7,0,,,,3.2022,0.0,0.0,0.0,0.0
12,7,7,0,,,,3.56795,0.0,0.0,0.0,0.0
12,8,7,0,,,,2.3974333,0.0,0.0,0.0,0.0
12,9,7,0,,,,2.07535,0.0,0.0,0.0,0.0
12,10,7,0,,,,0.89675,0.0,0.0,0.0,6.49
12,11,7,0,,,,1.4883667,0.0,0.0,0.0,14.9
12,12,7,0,,,,0.6169,0.0,0.0,0.0,32.33
12,13,7,0,,,,1.1358666,0.0,0.0,0.0,16.94
12,14,7,0,,,,1.0718167,0.0,0.0,0.0,7.06
12,15,7,0,,,,1.5417,0.0,0.0,0.0,5.87
12,16,7,0,,,,1.0228833,0.0,0.0,0.0,0.0
12,17,7,0,,,,1.37585,0.0,0.0,0.0,0.0
12,18,7,0,,,,1.7764,0.0,0.0,0.0,0.0
12,19,7,0,,,,2.9268668,0.0,0.0,0.0,0.0
12,20,7,0,,,,1.8315667,0.0,0.0,0.0,0.0
12,21,7,0,,,,1.5365334,0.0,0.0,0.0,0.0
12,22,7,0,,,,1.0516833,0.0,0.0,0.0,0.0
12,23,7,0,,,,1.0731,0.0,0.0,0.0,0.0
12,24,7,0,,,,0.936125,0.0,0.0,0.0,0.0
12,1,1,0,,,,1.2208834,0.0,0.0,0.0,0.0
12,2,1,0,,,,1.7439667,0.0,0.0,0.0,0.0
12,3,1,0,,,,1.1650333,0.0,0.0,0.0,0.0
12,4,1,0,,,,0.9562333,0.0,0.0,0.0,0.0
12,5,1,0,,,,1.6146333,0.0,0.0,0.0,0.0
12,6,1,0,,,,2.0112333,0.0,0.0,0.0,0.0
12,7,1,0,,,,2.1195834,0.0,0.0,0.0,0.0
12,8,1,0,,,,2.2970834,0.0,0.0,0.0,0.0
12,9,1,0,,,,1.6463333,0.0,0.0,0.0,0.0
12,10,1,0,,,,1.9908333,0.0,0.0,0.0,4.74
12,11,1,0,,,,2.1629167,0.0,0.0,0.0,10.87
12,12,1,0,,,,1.3761,0.0,0.0,0.0,16.26
12,13,1,0,,,,1.5879667,0.0,0.0,0.0,12.17
12,14,1,0,,,,1.3505167,0.0,0.0,0.0,14.18
12,15,1,0,,,,1.4996667,0.0,0.0,0.0,6.47
12,16,1,0,,,,2.0693333,0.0,0.0,0.0,0.0
12,17,1,0,,,,2.4581168,0.0,0.0,0.0,0.0
12,18,1,0,,,,2.5493166,0.0,0.0,0.0,0.0
12,19,1,0,,,,6.3908334,0.0,0.0,0.0,0.0
12,20,1,0,,,,2.6752,0.0,0.0,0.0,0.0
12,21,1,0,,,,2.7820334,0.0,0.0,0.0,0.0
12,22,1,0,,,,2.56515,0.0,0.0,0.0,0.0
12,23,1,0,,,,1.5408833,0.0,0.0,0.0,0.0
12,24,1,0,,,,1.6346416,0.0,0.0,0.0,0.0
12,1,2,0,,,,2.0061166,0.0,0.0,0.0,0.0
12,2,2,0,,,,1.8974667,0.0,0.0,0.0,0.0
12,3,2,0,,,,1.96265,0.0,0.0,0.0,0.0
12,4,2,0,,,,1.57285,0.0,0.0,0.0,0.0
12,5,2,0,,,,2.3053834,0.0,0.0,0.0,0.0
12,6,2,0,,,,2.1313667,0.0,0.0,0.0,0.0
12,7,2,0,,,,2.6879,0.0,0.0,0.0,0.0
12,8,2,0,,,,2.1007166,0.0,0.0,0.0,0.0
12,9,2,0,,,,1.8206333,0.0,0.0,0.0,0.0
12,10,2,0,,,,1.8115,0.0,0.0,0.0,26.52
12,11,2,0,,,,0.9871,0.0,0.0,0.0,29.85
12,12,2,0,,,,2.2896166,0.0,0.0,0.0,48.64
12,13,2,0,,,,1.07485,0.0,0.0,0.0,31.36
12,14,2,0,,,,1.2584,0.0,0.0,0.0,38.36
12,15,2,0,,,,1.66565,0.0,0.0,0.0,134.36
12,16,2,0,,,,2.0331333,0.0,0.0,0.0,12.62
12,17,2,0,,,,1.9337667,0.0,0.0,0.0,0.0
12,18,2,0,,,,2.0347166,0.0,0.0,0.0,0.0
12,19,2,0,,,,2.76725,0.0,0.0,0.0,0.0
12,20,2,0,,,,1.8217167,0.0,0.0,0.0,0.0
12,21,2,0,,,,1.79835,0.0,0.0,0.0,0.0
12,22,2,0,,,,1.6504,0.0,0.0,0.0,0.0
12,23,2,0,,,,1.4993167,0.0,0.0,0.0,0.0
12,24,2,0,,,,0.67003334,0.0,0.0,0.0,0.0
12,1,3,0,,,,0.9522667,0.0,0.0,0.0,0.0
12,2,3,0,,,,1.28355,0.0,0.0,0.0,0.0
12,3,3,0,,,,0.91235,0.0,0.0,0.0,0.0
12,4,3,0,,,,0.8533667,0.0,0.0,0.0,0.0
12,5,3,0,,,,0.9457,0.0,0.0,0.0,0.0
12,6,3,0,,,,1.2265167,0.0,0.0,0.0,0.0
12,7,3,0,,,,1.1981333,0.0,0.0,0.0,0.0
12,8,3,0,,,,1.2586833,0.0,0.0,0.0,0.0
12,9,3,0,,,,0.63678336,0.0,0.0,0.0,0.0
12,10,3,0,,,,2.181,0.0,0.0,0.0,15.22
12,11,3,0,,,,1.24295,0.0,0.0,0.0,29.13
12,12,3,0,,,,1.3989667,0.0,0.0,0.0,23.79
12,13,3,0,,,,1.8707167,0.0,0.0,0.0,19.36
12,14,3,0,,,,0.8534833,0.0,0.0,0.0,24.45
12,15,3,0,,,,0.55543333,0.0,0.0,0.0,20.06
12,16,3,0,,,,1.3172,0.0,0.0,0.0,6.58
12,17,3,0,,,,1.6748667,0.0,0.0,0.0,0.0
12,18,3,0,,,,1.1735667,0.0,0.0,0.0,0.0
12,19,3,0,,,,1.8161167,0.0,0.0,0.0,0.0
12,20,3,0,,,,1.72895,0.0,0.0,0.0,0.0
12,21,3,0,,,,1.4118167,0.0,0.0,0.0,0.0
12,22,3,0,,,,0.75056666,0.0,0.0,0.0,0.0
12,23,3,0,,,,0.64493334,0.0,0.0,0.0,0.0
12,24,3,0,,,,0.747725,0.0,0.0,0.0,0.0
12,1,4,0,,,,0.67443335,0.0,0.0,0.0,0.0
12,2,4,0,,,,1.1813166,0.0,0.0,0.0,0.0
12,3,4,0,,,,0.8009167,0.0,0.0,0.0,0.0
12,4,4,0,,,,1.5659167,0.0,0.0,0.0,0.0
12,5,4,0,,,,0.67221665,0.0,0.0,0.0,0.0
12,6,4,0,,,,1.4082333,0.0,0.0,0.0,0.0
12,7,4,0,,,,1.0632167,0.0,0.0,0.0,0.0
12,8,4,0,,,,1.09975,0.0,0.0,0.0,0.0
12,9,4,0,,,,0.9479333,0.0,0.0,0.0,0.0
12,10,4,0,,,,1.4373833,0.0,0.0,0.0,87.02
12,11,4,0,,,,3.3157666,0.0,0.0,0.0,91.35
12,12,4,0,,,,1.2399,0.0,0.0,0.0,51.64
12,13,4,0,,,,0.7743667,0.0,0.0,0.0,30.91
12,14,4,0,,,,0.4799,0.0,0.0,0.0,27.03
12,15,4,0,,,,0.35009167,0.0,0.0,0.0,13.88
12,16,4,0,,,,0.8330333,0.0,0.0,0.0,4.3
12,17,4,0,,,,1.0807166,0.0,0.0,0.0,0.0
12,18,4,0,,,,1.2916334,0.0,0.0,0.0,0.0
12,19,4,0,,,,1.57875,0.0,0.0,0.0,0.0
12,20,4,0,,,,1.3466,0.0,0.0,0.0,0.0
12,21,4,0,,,,0.8445167,0.0,0.0,0.0,0.0
12,22,4,0,,,,0.47243333,0.0,0.0,0.0,0.0
12,23,4,0,,,,0.3714,0.0,0.0,0.0,0.0
12,24,4,0,,,,0.38308334,0.0,0.0,0.0,0.0
12,1,5,0,,,,0.53796667,0.0,0.0,0.0,0.0
12,2,5,0,,,,0.54608333,0.0,0.0,0.0,0.0
12,3,5,0,,,,1.3494834,0.0,0.0,0.0,0.0
12,4,5,0,,,,1.0372666,0.0,0.0,0.0,0.0
12,5,5,0,,,,0.9127667,0.0,0.0,0.0,0.0
12,6,5,0,,,,0.8933167,0.0,0.0,0.0,0.0
12,7,5,0,,,,1.3472167,0.0,0.0,0.0,0.0
12,8,5,0,,,,1.0209666,0.0,0.0,0.0,0.0
12,9,5,0,,,,1.8068,0.0,0.0,0.0,0.0
12,10,5,0,,,,1.4849833,0.0,0.0,0.0,17.66
12,11,5,0,,,,1.97535,0.0,0.0,0.0,30.43
12,12,5,0,,,,1.7145833,0.0,0.0,0.0,131.62
12,13,5,0,,,,1.9180334,0.0,0.0,0.0,20.44
12,14,5,0,,,,1.1934834,0.0,0.0,0.0,9.89
12,15,5,0,,,,1.2437167,0.0,0.0,0.0,4.33
12,16,5,0,,,,3.12615,0.0,0.0,0.0,0.03
12,17,5,0,,,,2.1216333,0.0,0.0,0.0,0.0
12,18,5,0,,,,1.8577666,0.0,0.0,0.0,0.0
12,19,5,0,,,,1.9204167,0.0,0.0,0.0,0.0
12,20,5,0,,,,1.4194334,0.0,0.0,0.0,0.0
12,21,5,0,,,,1.18385,0.0,0.0,0.0,0.0
12,22,5,0,,,,0.86971664,0.0,0.0,0.0,0.0
12,23,5,0,,,,0.44506666,0.0,0.0,0.0,0.0
12,24,5,0,,,,0.344725,0.0,0.0,0.0,0.0
12,1,6,0,,,,0.99508333,0.0,0.0,0.0,0.0
12,2,6,0,,,,0.89923334,0.0,0.0,0.0,0.0
12,3,6,0,,,,0.8132333,0.0,0.0,0.0,0.0
12,4,6,0,,,,1.0022,0.0,0.0,0.0,0.0
12,5,6,0,,,,0.87161666,0.0,0.0,0.0,0.0
12,6,6,0,,,,0.8491833,0.0,0.0,0.0,0.0
12,7,6,0,,,,1.1350167,0.0,0.0,0.0,0.0
12,8,6,0,,,,1.6209167,0.0,0.0,0.0,0.0
12,9,6,0,,,,1.0724334,0.0,0.0,0.0,0.0
12,10,6,0,,,,1.1602167,0.0,0.0,0.0,318.81
12,11,6,0,,,,1.3286,0.0,0.0,0.0,440.61
12,12,6,0,,,,1.4109833,0.0,0.0,0.0,547.75
12,13,6,0,,,,1.0568833,0.0,0.0,0.0,30.19
12,14,6,0,,,,1.8804166,0.0,0.0,0.0,24.95
12,15,6,0,,,,2.5459,0.0,0.0,0.0,25.72
12,16,6,0,,,,4.33135,0.0,0.0,0.0,8.37
12,17,6,0,,,,1.7141666,0.0,0.0,0.0,0.0
12,18,6,0,,,,1.8248667,0.0,0.0,0.0,0.0
12,19,6,0,,,,1.7764,0.0,0.0,0.0,0.0
12,20,6,0,,,,1.70495,0.0,0.0,0.0,0.0
12,21,6,0,,,,2.0389166,0.0,0.0,0.0,0.0
12,22,6,0,,,,1.7447833,0.0,0.0,0.0,0.0
12,23,6,0,,,,0.91015,0.0,0.0,0.0,0.0
12,24,6,0,,,,0.36439165,0.0,0.0,0.0,0.0
1,1,7,0,,,,0.33375,0.0,0.0,0.0,0.0
1,2,7,0,,,,0.3313,0.0,0.0,0.0,0.0
1,3,7,0,,,,0.3448,0.0,0.0,0.0,0.0
1,4,7,0,,,,0.33713335,0.0,0.0,0.0,0.0
1,5,7,0,,,,0.35463333,0.0,0.0,0.0,0.0
1,6,7,0,,,,0.32748333,0.0,0.0,0.0,0.0
1,7,7,0,,,,0.19956669,0.0,0.0,0.0,0.0
1,8,7,0,,,,3.3423834,0.0,0.0,0.0,0.0
1,9,7,0,,,,2.2567334,0.0,0.0,0.0,0.0
1,10,7,0,,,,1.4564,0.0,0.0,0.0,1.25
1,11,7,0,,,,1.2233,0.0,0.0,0.0,33.36
1,12,7,0,,,,0.9047667,0.0,0.0,0.0,43.51
1,13,7,0,,,,1.0588167,0.0,0.0,0.0,9.84
1,14,7,0,,,,0.40373334,0.0,0.0,0.0,117.26
1,15,7,0,,,,1.0913167,0.0,0.0,0.0,21.69
1,16,7,0,,,,1.1089667,0.0,0.0,0.0,0.78
1,17,7,0,,,,2.6668832,0.0,0.0,0.0,0.0
1,18,7,0,,,,2.37985,0.0,0.0,0.0,0.0
1,19,7,0,,,,2.46875,0.0,0.0,0.0,0.0
1,20,7,0,,,,2.1330333,0.0,0.0,0.0,0.0
1,21,7,0,,,,1.7829334,0.0,0.0,0.0,0.0
1,22,7,0,,,,2.1264334,0.0,0.0,0.0,0.0
1,23,7,0,,,,1.1067667,0.0,0.0,0.0,0.0
1,24,7,0,,,,0.97713333,0.0,0.0,0.0,0.0
1,1,1,0,,,,1.4384834,0.0,0.0,0.0,0.0
1,2,1,0,,,,1.0401,0.0,0.0,0.0,0.0
1,3,1,0,,,,0.90928334,0.0,0.0,0.0,0.0
1,4,1,0,,,,1.5187,0.0,0.0,0.0,0.0
1,5,1,0,,,,1.45935,0.0,0.0,0.0,0.0
1,6,1,0,,,,2.0920668,0.0,0.0,0.0,0.0
1,7,1,0,,,,2.1252832,0.0,0.0,0.0,0.0
1,8,1,0,,,,2.34305,0.0,0.0,0.0,0.0
1,9,1,0,,,,2.0193167,0.0,0.0,0.0,0.0
1,10,1,0,,,,1.2779833,0.0,0.0,0.0,309.29
1,11,1,0,,,,2.1019166,0.0,0.0,0.0,279.12
1,12,1,0,,,,3.0094,0.0,0.0,0.0,72.17
1,13,1,0,,,,1.30055,0.0,0.0,0.0,28.42
1,14,1,0,,,,0.9683667,0.0,0.0,0.0,42.39
1,15,1,0,,,,2.6516333,0.0,0.0,0.0,56.22
1,16,1,0,,,,2.2485666,0.0,0.0,0.0,0.02
1,17,1,0,,,,1.6987833,0.0,0.0,0.0,0.0
1,18,1,0,,,,1.7417,0.0,0.0,0.0,0.0
1,19,1,0,,,,1.8452333,0.0,0.0,0.0,0.0
1,20,1,0,,,,2.5382833,0.0,0.0,0.0,0.0
1,21,1,0,,,,2.1654,0.0,0.0,0.0,0.0
1,22,1,0,,,,2.2626834,0.0,0.0,0.0,0.0
1,23,1,0,,,,1.1611333,0.0,0.0,0.0,0.0
1,24,1,0,,,,1.3817917,0.0,0.0,0.0,0.0
1,1,2,0,,,,1.0145833,0.0,0.0,0.0,0.0
1,2,2,0,,,,0.96028334,0.0,0.0,0.0,0.0
1,3,2,0,,,,1.1164833,0.0,0.0,0.0,0.0
1,4,2,0,,,,1.3353167,0.0,0.0,0.0,0.0
1,5,2,0,,,,1.02385,0.0,0.0,0.0,0.0
1,6,2,0,,,,1.0280833,0.0,0.0,0.0,0.0
1,7,2,0,,,,1.4839,0.0,0.0,0.0,0.0
1,8,2,0,,,,1.5760167,0.0,0.0,0.0,0.0
1,9,2,0,,,,1.4349834,0.0,0.0,0.0,0.0
1,10,2,0,,,,1.2965667,0.0,0.0,0.0,112.76
1,11,2,0,,,,1.0901834,0.0,0.0,0.0,127.45
1,12,2,0,,,,0.48536667,0.0,0.0,0.0,210.95
1,13,2,0,,,,1.0005167,0.0,0.0,0.0,461.88
1,14,2,0,,,,0.7309,0.0,0.0,0.0,74.03
1,15,2,0,,,,1.5861334,0.0,0.0,0.0,12.54
1,16,2,0,,,,1.0922,0.0,0.0,0.0,5.49
1,17,2,0,,,,1.71985,0.0,0.0,0.0,0.0
1,18,2,0,,,,1.931,0.0,0.0,0.0,0.0
1,19,2,0,,,,1.3245667,0.0,0.0,0.0,0.0
1,20,2,0,,,,2.54305,0.0,0.0,0.0,0.0
1,21,2,0,,,,2.1122167,0.0,0.0,0.0,0.0
1,22,2,0,,,,1.8893167,0.0,0.0,0.0,0.0
1,23,2,0,,,,1.6063334,0.0,0.0,0.0,0.0
1,24,2,0,,,,1.7325,0.0,0.0,0.0,0.0
1,1,3,0,,,,1.1564,0.0,0.0,0.0,0.0
1,2,3,0,,,,1.34555,0.0,0.0,0.0,0.0
1,3,3,0,,,,0.9036,0.0,0.0,0.0,0.0
1,4,3,0,,,,0.9388667,0.0,0.0,0.0,0.0
1,5,3,0,,,,2.6351833,0.0,0.0,0.0,0.0
1,6,3,0,,,,2.4157166,0.0,0.0,0.0,0.0
1,7,3,0,,,,1.9382,0.0,0.0,0.0,0.0
1,8,3,0,,,,1.8640667,0.0,0.0,0.0,0.0
1,9,3,0,,,,1.5356,0.0,0.0,0.0,0.0
1,10,3,0,,,,1.3775667,0.0,0.0,0.0,27.01
1,11,3,0,,,,0.8504,0.0,0.0,0.0,59.67
1,12,3,0,,,,0.60538334,0.0,0.0,0.0,136.8
1,13,3,0,,,,0.9083,0.0,0.0,0.0,200.33
1,14,3,0,,,,0.38163334,0.0,0.0,0.0,41.28
1,15,3,0,,,,0.7592833,0.0,0.0,0.0,15.38
1,16,3,0,,,,1.2404333,0.0,0.0,0.0,7.98
1,17,3,0,,,,1.5271167,0.0,0.0,0.0,0.0
1,18,3,0,,,,2.01685,0.0,0.0,0.0,0.0
1,19,3,0,,,,1.8516667,0.0,0.0,0.0,0.0
1,20,3,0,,,,2.1558166,0.0,0.0,0.0,0.0
1,21,3,0,,,,1.0929333,0.0,0.0,0.0,0.0
1,22,3,0,,,,0.9550667,0.0,0.0,0.0,0.0
1,23,3,0,,,,0.47953334,0.0,0.0,0.0,0.0
1,24,3,0,,,,0.49080834,0.0,0.0,0.0,0.0
1,1,4,0,,,,0.43748334,0.0,0.0,0.0,0.0
1,2,4,0,,,,1.116,0.0,0.0,0.0,0.0
1,3,4,0,,,,0.46415,0.0,0.0,0.0,0.0
1,4,4,0,,,,1.1230333,0.0,0.0,0.0,0.0
1,5,4,0,,,,1.1399833,0.0,0.0,0.0,0.0
1,6,4,0,,,,1.54125,0.0,0.0,0.0,0.0
1,7,4,0,,,,1.3906167,0.0,0.0,0.0,0.0
1,8,4,0,,,,1.6381,0.0,0.0,0.0,0.0
1,9,4,0,,,,0.87025,0.0,0.0,0.0,0.0
1,10,4,0,,,,2.7409,0.0,0.0,0.0,20.09
1,11,4,0,,,,1.5185333,0.0,0.0,0.0,345.86
1,12,4,0,,,,1.5915834,0.0,0.0,0.0,43.52
1,13,4,0,,,,0.31621668,0.0,0.0,0.0,309.9
1,14,4,0,,,,1.1659833,0.0,0.0,0.0,129.79
1,15,4,0,,,,0.3452,0.0,0.0,0.0,248.36
1,16,4,0,,,,2.2987332,0.0,0.0,0.0,238.71
1,17,4,0,,,,1.03795,0.0,0.0,0.0,0.0
1,18,4,0,,,,1.0747,0.0,0.0,0.0,0.0
1,19,4,0,,,,1.8716333,0.0,0.0,0.0,0.0
1,20,4,0,,,,1.4753333,0.0,0.0,0.0,0.0
1,21,4,0,,,,2.4941,0.0,0.0,0.0,0.0
1,22,4,0,,,,0.5478333,0.0,0.0,0.0,0.0
1,23,4,0,,,,1.0142666,0.0,0.0,0.0,0.0
1,24,4,0,,,,0.34156665,0.0,0.0,0.0,0.0
1,1,5,0,,,,1.14475,0.0,0.0,0.0,0.0
1,2,5,0,,,,0.35666665,0.0,0.0,0.0,0.0
1,3,5,0,,,,1.0296834,0.0,0.0,0.0,0.0
1,4,5,0,,,,0.29293334,0.0,0.0,0.0,0.0
1,5,5,0,,,,1.2169666,0.0,0.0,0.0,0.0
1,6,5,0,,,,2.2164667,0.0,0.0,0.0,0.0
1,7,5,0,,,,1.4892666,0.0,0.0,0.0,0.0
1,8,5,0,,,,0.49076667,0.0,0.0,0.0,0.0
1,9,5,0,,,,0.9597833,0.0,0.0,0.0,0.0
1,10,5,0,,,,1.057,0.0,0.0,0.0,83.72
1,11,5,0,,,,2.0358667,0.0,0.0,0.0,174.0
1,12,5,0,,,,1.8324333,0.0,0.0,0.0,181.71
1,13,5,0,,,,0.978,0.0,0.0,0.0,688.14
1,14,5,0,,,,0.773,0.0,0.0,0.0,147.72
1,15,5,0,,,,0.5117,0.0,0.0,0.0,319.34
1,16,5,0,,,,1.3336333,0.0,0.0,0.0,264.94
1,17,5,0,,,,3.8551333,0.0,0.0,0.0,0.0
1,18,5,0,,,,1.3121667,0.0,0.0,0.0,0.0
1,19,5,0,,,,2.8454332,0.0,0.0,0.0,0.0
1,20,5,0,,,,2.0748832,0.0,0.0,0.0,0.0
1,21,5,0,,,,1.8519167,0.0,0.0,0.0,0.0
1,22,5,0,,,,1.40535,0.0,0.0,0.0,0.0
1,23,5,0,,,,1.6819667,0.0,0.0,0.0,0.0
1,24,5,0,,,,1.3246167,0.0,0.0,0.0,0.0
1,1,6,0,,,,1.3274833,0.0,0.0,0.0,0.0
1,2,6,0,,,,1.34525,0.0,0.0,0.0,0.0
1,3,6,0,,,,1.6307167,0.0,0.0,0.0,0.0
1,4,6,0,,,,1.3662666,0.0,0.0,0.0,0.0
1,5,6,0,,,,2.06295,0.0,0.0,0.0,0.0
1,6,6,0,,,,1.6203166,0.0,0.0,0.0,0.0
1,7,6,0,,,,1.5599667,0.0,0.0,0.0,0.0
1,8,6,0,,,,1.1911334,0.0,0.0,0.0,0.0
1,9,6,0,,,,1.1509666,0.0,0.0,0.0,0.0
1,10,6,0,,,,1.13895,0.0,0.0,0.0,85.68
1,11,6,0,,,,0.90031666,0.0,0.0,0.0,121.14
1,12,6,0,,,,1.4736,0.0,0.0,0.0,219.59
1,13,6,0,,,,0.6943,0.0,0.0,0.0,328.31
1,14,6,0,,,,0.84793335,0.0,0.0,0.0,239.53
1,15,6,0,,,,0.9263333,0.0,0.0,0.0,61.09
1,16,6,0,,,,1.2312666,0.0,0.0,0.0,19.38
1,17,6,0,,,,1.2558334,0.0,0.0,0.0,0.0
1,18,6,0,,,,0.7277833,0.0,0.0,0.0,0.0
1,19,6,0,,,,0.7924167,0.0,0.0,0.0,0.0
1,20,6,0,,,,3.5420334,0.0,0.0,0.0,0.0
1,21,6,0,,,,1.2335666,0.0,0.0,0.0,0.0
1,22,6,0,,,,0.82465,0.0,0.0,0.0,0.0
1,23,6,0,,,,0.3885,0.0,0.0,0.0,0.0
1,24,6,0,,,,0.33315,0.0,0.0,0.0,0.0
1,1,7,0,,,,0.7571833,0.0,0.0,0.0,0.0
1,2,7,0,,,,0.75341666,0.0,0.0,0.0,0.0
1,3,7,0,,,,0.32041666,0.0,0.0,0.0,0.0
1,4,7,0,,,,0.7876833,0.0,0.0,0.0,0.0
1,5,7,0,,,,0.5183,0.0,0.0,0.0,0.0
1,6,7,0,,,,1.125,0.0,0.0,0.0,0.0
1,7,7,0,,,,0.70415,0.0,0.0,0.0,0.0
1,8,7,0,,,,0.442,0.0,0.0,0.0,0.0
1,9,7,0,,,,0.42473334,0.0,0.0,0.0,0.0
1,10,7,0,,,,0.3949,0.0,0.0,0.0,305.87
1,11,7,0,,,,0.43001667,0.0,0.0,0.0,299.96
1,12,7,0,,,,0.4148,0.0,0.0,0.0,325.18
1,13,7,0,,,,0.38583332,0.0,0.0,0.0,250.55
1,14,7,0,,,,0.9518833,0.0,0.0,0.0,302.2
1,15,7,0,,,,1.0704334,0.0,0.0,0.0,106.87
1,16,7,0,,,,0.6332333,0.0,0.0,0.0,21.0
1,17,7,0,,,,2.5730166,0.0,0.0,0.0,0.0
1,18,7,0,,,,3.2592168,0.0,0.0,0.0,0.0
1,19,7,0,,,,1.5630833,0.0,0.0,0.0,0.0
1,20,7,0,,,,1.2743666,0.0,0.0,0.0,0.0
1,21,7,0,,,,0.96993333,0.0,0.0,0.0,0.0
1,22,7,0,,,,0.48438334,0.0,0.0,0.0,0.0
1,23,7,0,,,,0.39815,0.0,0.0,0.0,0.0
1,24,7,0,,,,0.37605834,0.0,0.0,0.0,0.0
1,1,1,0,,,,0.6048167,0.0,0.0,0.0,0.0
1,2,1,0,,,,0.41768333,0.0,0.0,0.0,0.0
1,3,1,0,,,,0.38015,0.0,0.0,0.0,0.0
1,4,1,0,,,,0.31273332,0.0,0.0,0.0,0.0
1,5,1,0,,,,1.84435,0.0,0.0,0.0,0.0
1,6,1,0,,,,2.0536335,0.0,0.0,0.0,0.0
1,7,1,0,,,,1.59775,0.0,0.0,0.0,0.0
1,8,1,0,,,,1.4954833,0.0,0.0,0.0,0.0
1,9,1,0,,,,1.2868333,0.0,0.0,0.0,0.0
1,10,1,0,,,,0.7283667,0.0,0.0,0.0,252.85
1,11,1,0,,,,1.0132834,0.0,0.0,0.0,407.5
1,12,1,0,,,,1.0050666,0.0,0.0,0.0,345.71
1,13,1,0,,,,1.44995,0.0,0.0,0.0,706.11
1,14,1,0,,,,0.97495,0.0,0.0,0.0,609.0
1,15,1,0,,,,0.8505333,0.0,0.0,0.0,469.02
1,16,1,0,,,,0.9451,0.0,0.0,0.0,324.67
1,17,1,0,,,,1.0216,0.0,0.0,0.0,0.0
1,18,1,0,,,,2.9566166,0.0,0.0,0.0,0.0
1,19,1,0,,,,4.041283,0.0,0.0,0.0,0.0
1,20,1,0,,,,1.8169667,0.0,0.0,0.0,0.0
1,21,1,0,,,,1.5141333,0.0,0.0,0.0,0.0
1,22,1,0,,,,1.0608333,0.0,0.0,0.0,0.0
1,23,1,0,,,,0.9629667,0.0,0.0,0.0,0.0
1,24,1,0,,,,0.8517,0.0,0.0,0.0,0.0
1,1,2,0,,,,1.0137167,0.0,0.0,0.0,0.0
1,2,2,0,,,,0.84143335,0.0,0.0,0.0,0.0
1,3,2,0,,,,1.1394334,0.0,0.0,0.0,0.0
1,4,2,0,,,,0.80688334,0.0,0.0,0.0,0.0
1,5,2,0,,,,1.9930667,0.0,0.0,0.0,0.0
1,6,2,0,,,,2.4241333,0.0,0.0,0.0,0.0
1,7,2,0,,,,1.6044834,0.0,0.0,0.0,0.0
1,8,2,0,,,,1.23245,0.0,0.0,0.0,0.0
1,9,2,0,,,,1.2783166,0.0,0.0,0.0,0.0
1,10,2,0,,,,1.62795,0.0,0.0,0.0,74.77
1,11,2,0,,,,1.2131833,0.0,0.0,0.0,130.22
1,12,2,0,,,,1.5888833,0.0,0.0,0.0,303.2
1,13,2,0,,,,1.3542666,0.0,0.0,0.0,635.29
1,14,2,0,,,,1.0571834,0.0,0.0,0.0,159.55
1,15,2,0,,,,1.3964334,0.0,0.0,0.0,312.79
1,16,2,0,,,,2.2372,0.0,0.0,0.0,164.11
1,17,2,0,,,,2.1185334,0.0,0.0,0.0,0.0
1,18,2,0,,,,2.3399,0.0,0.0,0.0,0.0
1,19,2,0,,,,3.2043834,0.0,0.0,0.0,0.0
1,20,2,0,,,,3.7983,0.0,0.0,0.0,0.0
1,21,2,0,,,,1.7265667,0.0,0.0,0.0,0.0
1,22,2,0,,,,1.41685,0.0,0.0,0.0,0.0
1,23,2,0,,,,0.90288335,0.0,0.0,0.0,0.0
1,24,2,0,,,,1.1359167,0.0,0.0,0.0,0.0
1,1,3,0,,,,1.1694666,0.0,0.0,0.0,0.0
1,2,3,0,,,,1.0988,0.0,0.0,0.0,0.0
1,3,3,0,,,,1.0754666,0.0,0.0,0.0,0.0
1,4,3,0,,,,1.1691,0.0,0.0,0.0,0.0
1,5,3,0,,,,2.5495167,0.0,0.0,0.0,0.0
1,6,3,0,,,,2.46055,0.0,0.0,0.0,0.0
1,7,3,0,,,,1.4514333,0.0,0.0,0.0,0.0
1,8,3,0,,,,1.2670333,0.0,0.0,0.0,0.0
1,9,3,0,,,,1.4429166,0.0,0.0,0.0,0.0
1,10,3,0,,,,1.4843333,0.0,0.0,0.0,111.3
1,11,3,0,,,,1.2172166,0.0,0.0,0.0,170.58
1,12,3,0,,,,0.97856665,0.0,0.0,0.0,703.68
1,13,3,0,,,,0.5172167,0.0,0.0,0.0,257.57
1,14,3,0,,,,0.49538332,0.0,0.0,0.0,172.91
1,15,3,0,,,,0.55088335,0.0,0.0,0.0,530.18
1,16,3,0,,,,0.9388667,0.0,0.0,0.0,310.53
1,17,3,0,,,,3.2426333,0.0,0.0,0.0,0.0
1,18,3,0,,,,1.69005,0.0,0.0,0.0,0.0
1,19,3,0,,,,1.7472667,0.0,0.0,0.0,0.0
1,20,3,0,,,,4.1527333,0.0,0.0,0.0,0.0
1,21,3,0,,,,1.7289667,0.0,0.0,0.0,0.0
1,22,3,0,,,,1.3018667,0.0,0.0,0.0,0.0
1,23,3,0,,,,0.84375,0.0,0.0,0.0,0.0
1,24,3,0,,,,0.94325835,0.0,0.0,0.0,0.0
1,1,4,0,,,,0.91535,0.0,0.0,0.0,0.0
1,2,4,0,,,,0.8922667,0.0,0.0,0.0,0.0
1,3,4,0,,,,0.93908334,0.0,0.0,0.0,0.0
1,4,4,0,,,,0.96601665,0.0,0.0,0.0,0.0
1,5,4,0,,,,2.0715666,0.0,0.0,0.0,0.0
1,6,4,0,,,,2.2308166,0.0,0.0,0.0,0.0
1,7,4,0,,,,1.5864,0.0,0.0,0.0,0.0
1,8,4,0,,,,1.5039166,0.0,0.0,0.0,0.0
1,9,4,0,,,,1.8636,0.0,0.0,0.0,0.0
1,10,4,0,,,,1.3835167,0.0,0.0,0.0,8.29
1,11,4,0,,,,1.1591667,0.0,0.0,0.0,183.16
1,12,4,0,,,,1.3313667,0.0,0.0,0.0,202.08
1,13,4,0,,,,1.7812333,0.0,0.0,0.0,612.05
1,14,4,0,,,,0.9347,0.0,0.0,0.0,68.74
1,15,4,0,,,,1.3425666,0.0,0.0,0.0,56.34
1,16,4,0,,,,1.1852,0.0,0.0,0.0,7.42
1,17,4,0,,,,1.82655,0.0,0.0,0.0,0.0
1,18,4,0,,,,1.87435,0.0,0.0,0.0,0.0
1,19,4,0,,,,4.5165334,0.0,0.0,0.0,0.0
1,20,4,0,,,,3.3836167,0.0,0.0,0.0,0.0
1,21,4,0,,,,1.2833667,0.0,0.0,0.0,0.0
1,22,4,0,,,,1.4247667,0.0,0.0,0.0,0.0
1,23,4,0,,,,1.4572834,0.0,0.0,0.0,0.0
1,24,4,0,,,,1.0610167,0.0,0.0,0.0,0.0
1,1,5,0,,,,1.1158667,0.0,0.0,0.0,0.0
1,2,5,0,,,,1.1056,0.0,0.0,0.0,0.0
1,3,5,0,,,,1.17205,0.0,0.0,0.0,0.0
1,4,5,0,,,,1.1092666,0.0,0.0,0.0,0.0
1,5,5,0,,,,1.9924166,0.0,0.0,0.0,0.0
1,6,5,0,,,,1.6263167,0.0,0.0,0.0,0.0
1,7,5,0,,,,1.6537334,0.0,0.0,0.0,0.0
1,8,5,0,,,,2.0535667,0.0,0.0,0.0,0.0
1,9,5,0,,,,1.7013,0.0,0.0,0.0,0.0
1,10,5,0,,,,1.721,0.0,0.0,0.0,8.6
1,11,5,0,,,,1.59905,0.0,0.0,0.0,49.0
1,12,5,0,,,,1.8867167,0.0,0.0,0.0,88.93
1,13,5,0,,,,1.1758667,0.0,0.0,0.0,250.91
1,14,5,0,,,,1.2725,0.0,0.0,0.0,89.06
1,15,5,0,,,,1.2875834,0.0,0.0,0.0,425.01
1,16,5,0,,,,1.19815,0.0,0.0,0.0,23.45
1,17,5,0,,,,1.96795,0.0,0.0,0.0,0.0
1,18,5,0,,,,1.4071167,0.0,0.0,0.0,0.0
1,19,5,0,,,,1.5732833,0.0,0.0,0.0,0.0
1,20,5,0,,,,2.3587832,0.0,0.0,0.0,0.0
1,21,5,0,,,,2.08235,0.0,0.0,0.0,0.0
1,22,5,0,,,,1.8614167,0.0,0.0,0.0,0.0
1,23,5,0,,,,1.6789,0.0,0.0,0.0,0.0
1,24,5,0,,,,1.3684334,0.0,0.0,0.0,0.0
1,1,6,0,,,,1.5878667,0.0,0.0,0.0,0.0
1,2,6,0,,,,1.3261,0.0,0.0,0.0,0.0
1,3,6,0,,,,1.4809667,0.0,0.0,0.0,0.0
1,4,6,0,,,,1.47965,0.0,0.0,0.0,0.0
1,5,6,0,,,,1.3200333,0.0,0.0,0.0,0.0
1,6,6,0,,,,1.4961166,0.0,0.0,0.0,0.0
1,7,6,0,,,,1.4346,0.0,0.0,0.0,0.0
1,8,6,0,,,,1.1265666,0.0,0.0,0.0,0.0
1,9,6,0,,,,4.2862,0.0,0.0,0.0,0.0
1,10,6,0,,,,1.5796,0.0,0.0,0.0,356.43
1,11,6,0,,,,1.3782834,0.0,0.0,0.0,107.53
1,12,6,0,,,,0.83178335,0.0,0.0,0.0,316.66
1,13,6,0,,,,0.66335,0.0,0.0,0.0,112.8
1,14,6,0,,,,1.0462667,0.0,0.0,0.0,312.14
1,15,6,0,,,,1.45165,0.0,0.0,0.0,401.56
1,16,6,0,,,,1.7559834,0.0,0.0,0.0,15.44
1,17,6,0,,,,1.9699167,0.0,0.0,0.0,0.0
1,18,6,0,,,,1.2921667,0.0,0.0,0.0,0.0
1,19,6,0,,,,1.2584,0.0,0.0,0.0,0.0
1,20,6,0,,,,1.4758166,0.0,0.0,0.0,0.0
1,21,6,0,,,,1.3259166,0.0,0.0,0.0,0.0
1,22,6,0,,,,1.29845,0.0,0.0,0.0,0.0
1,23,6,0,,,,1.0488833,0.0,0.0,0.0,0.0
1,24,6,0,,,,1.05325,0.0,0.0,0.0,0.0
1,1,7,0,,,,1.10635,0.0,0.0,0.0,0.0
1,2,7,0,,,,1.2998333,0.0,0.0,0.0,0.0
1,3,7,0,,,,1.3405833,0.0,0.0,0.0,0.0
1,4,7,0,,,,1.2487333,0.0,0.0,0.0,0.0
1,5,7,0,,,,1.9982834,0.0,0.0,0.0,0.0
1,6,7,0,,,,1.6424167,0.0,0.0,0.0,0.0
1,7,7,0,,,,1.5278833,0.0,0.0,0.0,0.0
1,8,7,0,,,,1.02485,0.0,0.0,0.0,0.0
1,9,7,0,,,,1.1303,0.0,0.0,0.0,0.0
1,10,7,0,,,,0.9949833,0.0,0.0,0.0,332.4
1,11,7,0,,,,1.0252,0.0,0.0,0.0,494.07
1,12,7,0,,,,1.03535,0.0,0.0,0.0,639.33
1,13,7,0,,,,0.48348334,0.0,0.0,0.0,622.92
1,14,7,0,,,,0.77716666,0.0,0.0,0.0,51.48
1,15,7,0,,,,1.0236167,0.0,0.0,0.0,105.12
1,16,7,0,,,,1.6403667,0.0,0.0,0.0,89.76
1,17,7,0,,,,1.1753167,0.0,0.0,0.0,0.0
1,18,7,0,,,,1.5447834,0.0,0.0,0.0,0.0
1,19,7,0,,,,2.3849332,0.0,0.0,0.0,0.0
1,20,7,0,,,,2.7620833,0.0,0.0,0.0,0.0
1,21,7,0,,,,1.9385,0.0,0.0,0.0,0.0
1,22,7,0,,,,0.88228333,0.0,0.0,0.0,0.0
1,23,7,0,,,,0.57743335,0.0,0.0,0.0,0.0
1,24,7,0,,,,0.912475,0.0,0.0,0.0,0.0
1,1,1,0,,,,0.8923,0.0,0.0,0.0,0.0
1,2,1,0,,,,0.89456666,0.0,0.0,0.0,0.0
1,3,1,0,,,,1.0338833,0.0,0.0,0.0,0.0
1,4,1,0,,,,1.159,0.0,0.0,0.0,0.0
1,5,1,0,,,,2.4444168,0.0,0.0,0.0,0.0
1,6,1,0,,,,2.75685,0.0,0.0,0.0,0.0
1,7,1,0,,,,0.7838167,0.0,0.0,0.0,0.0
1,8,1,0,,,,0.86268336,0.0,0.0,0.0,0.0
1,9,1,0,,,,0.5803667,0.0,0.0,0.0,0.0
1,10,1,0,,,,0.69156665,0.0,0.0,0.0,101.5
1,11,1,0,,,,0.4457,0.0,0.0,0.0,277.16
1,12,1,0,,,,0.80833334,0.0,0.0,0.0,619.13
1,13,1,0,,,,0.4386,0.0,0.0,0.0,701.3
1,14,1,0,,,,0.4365,0.0,0.0,0.0,141.79
1,15,1,0,,,,2.9046166,0.0,0.0,0.0,421.17
1,16,1,0,,,,0.61936665,0.0,0.0,0.0,9.28
1,17,1,0,,,,2.4032667,0.0,0.0,0.0,0.0
1,18,1,0,,,,2.0937166,0.0,0.0,0.0,0.0
1,19,1,0,,,,1.74205,0.0,0.0,0.0,0.0
1,20,1,0,,,,1.6400666,0.0,0.0,0.0,0.0
1,21,1,0,,,,0.7966,0.0,0.0,0.0,0.0
1,22,1,0,,,,1.0647334,0.0,0.0,0.0,0.0
1,23,1,0,,,,1.6162666,0.0,0.0,0.0,0.0
1,24,1,0,,,,0.73605835,0.0,0.0,0.0,0.0
1,1,2,0,,,,1.1533166,0.0,0.0,0.0,0.0
1,2,2,0,,,,1.1861,0.0,0.0,0.0,0.0
1,3,2,0,,,,1.0706834,0.0,0.0,0.0,0.0
1,4,2,0,,,,1.1622833,0.0,0.0,0.0,0.0
1,5,2,0,,,,1.9105667,0.0,0.0,0.0,0.0
1,6,2,0,,,,1.7974,0.0,0.0,0.0,0.0
1,7,2,0,,,,0.91795,0.0,0.0,0.0,0.0
1,8,2,0,,,,0.68158334,0.0,0.0,0.0,0.0
1,9,2,0,,,,1.2910334,0.0,0.0,0.0,0.0
1,10,2,0,,,,0.8509,0.0,0.0,0.0,64.7
1,11,2,0,,,,0.61801666,0.0,0.0,0.0,77.43
1,12,2,0,,,,0.56895,0.0,0.0,0.0,43.93
1,13,2,0,,,,0.40715,0.0,0.0,0.0,42.14
1,14,2,0,,,,0.39476666,0.0,0.0,0.0,135.88
1,15,2,0,,,,0.38191667,0.0,0.0,0.0,101.06
1,16,2,0,,,,1.2635666,0.0,0.0,0.0,34.43
1,17,2,0,,,,1.7718166,0.0,0.0,0.0,0.0
1,18,2,0,,,,1.0456,0.0,0.0,0.0,0.0
1,19,2,0,,,,2.7321832,0.0,0.0,0.0,0.0
1,20,2,0,,,,6.00275,0.0,0.0,0.0,0.0
1,21,2,0,,,,1.8161666,0.0,0.0,0.0,0.0
1,22,2,0,,,,1.4002833,0.0,0.0,0.0,0.0
1,23,2,0,,,,0.92775,0.0,0.0,0.0,0.0
1,24,2,0,,,,1.459025,0.0,0.0,0.0,0.0
1,1,3,0,,,,0.9141667,0.0,0.0,0.0,0.0
1,2,3,0,,,,0.89308333,0.0,0.0,0.0,0.0
1,3,3,0,,,,1.4709333,0.0,0.0,0.0,0.0
1,4,3,0,,,,0.96985,0.0,0.0,0.0,0.0
1,5,3,0,,,,1.8207834,0.0,0.0,0.0,0.0
1,6,3,0,,,,3.4543166,0.0,0.0,0.0,0.0
1,7,3,0,,,,2.2071667,0.0,0.0,0.0,0.0
1,8,3,0,,,,1.6209667,0.0,0.0,0.0,0.0
1,9,3,0,,,,1.6039,0.0,0.0,0.0,0.0
1,10,3,0,,,,1.0725167,0.0,0.0,0.0,71.7
1,11,3,0,,,,0.95631665,0.0,0.0,0.0,504.61
1,12,3,0,,,,0.66641665,0.0,0.0,0.0,224.15
1,13,3,0,,,,0.87326664,0.0,0.0,0.0,56.57
1,14,3,0,,,,0.63625,0.0,0.0,0.0,356.92
1,15,3,0,,,,1.3621,0.0,0.0,0.0,483.29
1,16,3,0,,,,1.5577333,0.0,0.0,0.0,302.68
1,17,3,0,,,,1.2884333,0.0,0.0,0.0,0.0
1,18,3,0,,,,2.01655,0.0,0.0,0.0,0.0
1,19,3,0,,,,5.8216667,0.0,0.0,0.0,0.0
1,20,3,0,,,,1.9493,0.0,0.0,0.0,0.0
1,21,3,0,,,,1.53135,0.0,0.0,0.0,0.0
1,22,3,0,,,,1.4162834,0.0,0.0,0.0,0.0
1,23,3,0,,,,1.0208,0.0,0.0,0.0,0.0
1,24,3,0,,,,1.007725,0.0,0.0,0.0,0.0
1,1,4,0,,,,1.0144666,0.0,0.0,0.0,0.0
1,2,4,0,,,,1.0375167,0.0,0.0,0.0,0.0
1,3,4,0,,,,1.0198,0.0,0.0,0.0,0.0
1,4,4,0,,,,1.5175,0.0,0.0,0.0,0.0
1,5,4,0,,,,2.5024834,0.0,0.0,0.0,0.0
1,6,4,0,,,,3.1344833,0.0,0.0,0.0,0.0
1,7,4,0,,,,1.9782833,0.0,0.0,0.0,0.0
1,8,4,0,,,,1.5324167,0.0,0.0,0.0,0.0
1,9,4,0,,,,0.9191167,0.0,0.0,0.0,0.0
1,10,4,0,,,,1.3741666,0.0,0.0,0.0,413.17
1,11,4,0,,,,0.8753667,0.0,0.0,0.0,374.31
1,12,4,0,,,,0.38826665,0.0,0.0,0.0,710.75
1,13,4,0,,,,0.9105167,0.0,0.0,0.0,690.1
1,14,4,0,,,,1.7173834,0.0,0.0,0.0,698.67
1,15,4,0,,,,1.3825667,0.0,0.0,0.0,560.9
1,16,4,0,,,,1.6483,0.0,0.0,0.0,381.25
1,17,4,0,,,,2.22245,0.0,0.0,0.0,0.0
1,18,4,0,,,,2.1805334,0.0,0.0,0.0,0.0
1,19,4,0,,,,2.2473667,0.0,0.0,0.0,0.0
1,20,4,0,,,,2.4775834,0.0,0.0,0.0,0.0
1,21,4,0,,,,1.2795167,0.0,0.0,0.0,0.0
1,22,4,0,,,,1.2285,0.0,0.0,0.0,0.0
1,23,4,0,,,,1.1344666,0.0,0.0,0.0,0.0
1,24,4,0,,,,0.7974833,0.0,0.0,0.0,0.0
1,1,5,0,,,,1.1560667,0.0,0.0,0.0,0.0
1,2,5,0,,,,1.0544667,0.0,0.0,0.0,0.0
1,3,5,0,,,,0.8153667,0.0,0.0,0.0,0.0
1,4,5,0,,,,0.8530167,0.0,0.0,0.0,0.0
1,5,5,0,,,,3.2773666,0.0,0.0,0.0,0.0
1,6,5,0,,,,1.5649834,0.0,0.0,0.0,0.0
1,7,5,0,,,,2.9652333,0.0,0.0,0.0,0.0
1,8,5,0,,,,2.7151334,0.0,0.0,0.0,0.0
1,9,5,0,,,,1.9900666,0.0,0.0,0.0,0.0
1,10,5,0,,,,2.0173,0.0,0.0,0.0,274.0
1,11,5,0,,,,2.0433667,0.0,0.0,0.0,198.65
1,12,5,0,,,,1.5480833,0.0,0.0,0.0,615.58
1,13,5,0,,,,1.4037833,0.0,0.0,0.0,663.01
1,14,5,0,,,,1.53955,0.0,0.0,0.0,640.14
1,15,5,0,,,,1.5217167,0.0,0.0,0.0,250.89
1,16,5,0,,,,1.6329,0.0,0.0,0.0,68.27
1,17,5,0,,,,1.8285,0.0,0.0,0.0,0.0
1,18,5,0,,,,1.5446833,0.0,0.0,0.0,0.0
1,19,5,0,,,,1.4658166,0.0,0.0,0.0,0.0
1,20,5,0,,,,2.77345,0.0,0.0,0.0,0.0
1,21,5,0,,,,1.35135,0.0,0.0,0.0,0.0
1,22,5,0,,,,1.43195,0.0,0.0,0.0,0.0
1,23,5,0,,,,1.3597167,0.0,0.0,0.0,0.0
1,24,5,0,,,,1.16875,0.0,0.0,0.0,0.0
1,1,6,0,,,,0.8796,0.0,0.0,0.0,0.0
1,2,6,0,,,,1.0273334,0.0,0.0,0.0,0.0
1,3,6,0,,,,1.7522833,0.0,0.0,0.0,0.0
1,4,6,0,,,,0.82701665,0.0,0.0,0.0,0.0
1,5,6,0,,,,1.3701667,0.0,0.0,0.0,0.0
1,6,6,0,,,,1.8923833,0.0,0.0,0.0,0.0
1,7,6,0,,,,2.15765,0.0,0.0,0.0,0.0
1,8,6,0,,,,2.0378,0.0,0.0,0.0,0.0
1,9,6,0,,,,1.2992,0.0,0.0,0.0,0.0
1,10,6,0,,,,0.87313336,0.0,0.0,0.0,67.6
1,11,6,0,,,,0.74,0.0,0.0,0.0,58.83
1,12,6,0,,,,0.9365,0.0,0.0,0.0,100.11
1,13,6,0,,,,0.69738334,0.0,0.0,0.0,23.72
1,14,6,0,,,,0.55065,0.0,0.0,0.0,40.17
1,15,6,0,,,,2.9493084,0.0,0.0,0.0,147.87
1,16,6,0,,,,1.9903166,0.0,0.0,0.0,32.58
1,17,6,0,,,,2.7649167,0.0,0.0,0.0,0.0
1,18,6,0,,,,1.7343667,0.0,0.0,0.0,0.0
1,19,6,0,,,,2.3299832,0.0,0.0,0.0,0.0
1,20,6,0,,,,2.2164166,0.0,0.0,0.0,0.0
1,21,6,0,,,,1.7869834,0.0,0.0,0.0,0.0
1,22,6,0,,,,1.978,0.0,0.0,0.0,0.0
1,23,6,0,,,,1.5474833,0.0,0.0,0.0,0.0
1,24,6,0,,,,1.2240666,0.0,0.0,0.0,0.0
1,1,7,0,,,,1.2337,0.0,0.0,0.0,0.0
1,2,7,0,,,,0.89746666,0.0,0.0,0.0,0.0
1,3,7,0,,,,1.3277667,0.0,0.0,0.0,0.0
1,4,7,0,,,,0.98081666,0.0,0.0,0.0,0.0
1,5,7,0,,,,1.3101833,0.0,0.0,0.0,0.0
1,6,7,0,,,,2.689,0.0,0.0,0.0,0.0
1,7,7,0,,,,2.0560834,0.0,0.0,0.0,0.0
1,8,7,0,,,,2.1499083,0.0,0.0,0.0,0.0
1,9,7,0,,,,2.09155,0.0,0.0,0.0,1.38
1,10,7,0,,,,1.8638,0.0,0.0,0.0,396.81
1,11,7,0,,,,2.0533834,0.0,0.0,0.0,350.44
1,12,7,0,,,,1.84995,0.0,0.0,0.0,121.07
1,13,7,0,,,,1.7510333,0.0,0.0,0.0,91.5
1,14,7,0,,,,2.35595,0.0,0.0,0.0,61.21
1,15,7,0,,,,2.69645,0.0,0.0,0.0,19.4
1,16,7,0,,,,2.54025,0.0,0.0,0.0,15.04
1,17,7,0,,,,2.9694333,0.0,0.0,0.0,0.0
1,18,7,0,,,,2.90805,0.0,0.0,0.0,0.0
1,19,7,0,,,,5.393083,0.0,0.0,0.0,0.0
1,20,7,0,,,,2.9748333,0.0,0.0,0.0,0.0
1,21,7,0,,,,1.9198166,0.0,0.0,0.0,0.0
1,22,7,0,,,,1.5216,0.0,0.0,0.0,0.0
1,23,7,0,,,,0.85351664,0.0,0.0,0.0,0.0
1,24,7,0,,,,0.6363583,0.0,0.0,0.0,0.0
1,1,1,0,,,,0.30363333,0.0,0.0,0.0,0.0
1,2,1,0,,,,0.2942,0.0,0.0,0.0,0.0
1,3,1,0,,,,0.29071668,0.0,0.0,0.0,0.0
1,4,1,0,,,,0.3225,0.0,0.0,0.0,0.0
1,5,1,0,,,,3.4228334,0.0,0.0,0.0,0.0
1,6,1,0,,,,2.8755,0.0,0.0,0.0,0.0
1,7,1,0,,,,2.5188832,0.0,0.0,0.0,0.0
1,8,1,0,,,,2.74325,0.0,0.0,0.0,0.0
1,9,1,0,,,,2.1454666,0.0,0.0,0.0,8.17
1,10,1,0,,,,1.5963167,0.0,0.0,0.0,19.76
1,11,1,0,,,,1.6712,0.0,0.0,0.0,44.49
1,12,1,0,,,,2.1889668,0.0,0.0,0.0,36.21
1,13,1,0,,,,1.6679,0.0,0.0,0.0,36.16
1,14,1,0,,,,1.95355,0.0,0.0,0.0,61.1
1,15,1,0,,,,1.8182,0.0,0.0,0.0,51.76
1,16,1,0,,,,3.0969834,0.0,0.0,0.0,21.13
1,17,1,0,,,,1.85875,0.0,0.0,0.0,0.0
1,18,1,0,,,,1.50735,0.0,0.0,0.0,0.0
1,19,1,0,,,,1.7377,0.0,0.0,0.0,0.0
1,20,1,0,,,,1.8986833,0.0,0.0,0.0,0.0
1,21,1,0,,,,1.30525,0.0,0.0,0.0,0.0
1,22,1,0,,,,1.8497167,0.0,0.0,0.0,0.0
1,23,1,0,,,,1.2285833,0.0,0.0,0.0,0.0
1,24,1,0,,,,1.376125,0.0,0.0,0.0,0.0
1,1,2,0,,,,1.47785,0.0,0.0,0.0,0.0
1,2,2,0,,,,0.95171666,0.0,0.0,0.0,0.0
1,3,2,0,,,,0.8778833,0.0,0.0,0.0,0.0
1,4,2,0,,,,1.4767833,0.0,0.0,0.0,0.0
1,5,2,0,,,,2.7971334,0.0,0.0,0.0,0.0
1,6,2,0,,,,2.3320167,0.0,0.0,0.0,0.0
1,7,2,0,,,,2.4301667,0.0,0.0,0.0,0.0
1,8,2,0,,,,1.71155,0.0,0.0,0.0,0.0
1,9,2,0,,,,1.7908334,0.0,0.0,0.0,1.33
1,10,2,0,,,,0.9474667,0.0,0.0,0.0,109.9
1,11,2,0,,,,3.0157332,0.0,0.0,0.0,97.83
1,12,2,0,,,,1.6945333,0.0,0.0,0.0,464.98
1,13,2,0,,,,0.7729,0.0,0.0,0.0,471.17
1,14,2,0,,,,1.16625,0.0,0.0,0.0,377.85
1,15,2,0,,,,1.3830333,0.0,0.0,0.0,322.88
1,16,2,0,,,,0.9539,0.0,0.0,0.0,323.93
1,17,2,0,,,,1.3479834,0.0,0.0,0.0,0.0
1,18,2,0,,,,2.9017,0.0,0.0,0.0,0.0
1,19,2,0,,,,6.8361835,0.0,0.0,0.0,0.0
1,20,2,0,,,,3.2407668,0.0,0.0,0.0,0.0
1,21,2,0,,,,1.96725,0.0,0.0,0.0,0.0
1,22,2,0,,,,1.9919833,0.0,0.0,0.0,0.0
1,23,2,0,,,,1.24515,0.0,0.0,0.0,0.0
1,24,2,0,,,,0.88818336,0.0,0.0,0.0,0.0
1,1,3,0,,,,1.4452833,0.0,0.0,0.0,0.0
1,2,3,0,,,,1.1034334,0.0,0.0,0.0,0.0
1,3,3,0,,,,1.2579334,0.0,0.0,0.0,0.0
1,4,3,0,,,,1.4450834,0.0,0.0,0.0,0.0
1,5,3,0,,,,2.9616666,0.0,0.0,0.0,0.0
1,6,3,0,,,,3.47915,0.0,0.0,0.0,0.0
1,7,3,0,,,,2.04935,0.0,0.0,0.0,0.0
1,8,3,0,,,,1.9082333,0.0,0.0,0.0,0.0
1,9,3,0,,,,1.72985,0.0,0.0,0.0,1.39
1,10,3,0,,,,1.1253333,0.0,0.0,0.0,234.76
1,11,3,0,,,,1.1215167,0.0,0.0,0.0,146.35
1,12,3,0,,,,0.68918335,0.0,0.0,0.0,444.77
1,13,3,0,,,,0.2554,0.0,0.0,0.0,394.1
1,14,3,0,,,,0.70701665,0.0,0.0,0.0,398.25
1,15,3,0,,,,0.24415,0.0,0.0,0.0,151.15
1,16,3,0,,,,2.2637832,0.0,0.0,0.0,18.32
1,17,3,0,,,,1.5594,0.0,0.0,0.0,0.0
1,18,3,0,,,,2.3611166,0.0,0.0,0.0,0.0
1,19,3,0,,,,3.1366334,0.0,0.0,0.0,0.0
1,20,3,0,,,,4.7598834,0.0,0.0,0.0,0.0
1,21,3,0,,,,2.28465,0.0,0.0,0.0,0.0
1,22,3,0,,,,1.4215,0.0,0.0,0.0,0.0
1,23,3,0,,,,1.2052833,0.0,0.0,0.0,0.0
1,24,3,0,,,,0.82455,0.0,0.0,0.0,0.0
1,1,4,0,,,,1.36855,0.0,0.0,0.0,0.0
1,2,4,0,,,,0.81091666,0.0,0.0,0.0,0.0
1,3,4,0,,,,1.43605,0.0,0.0,0.0,0.0
1,4,4,0,,,,0.81478333,0.0,0.0,0.0,0.0
1,5,4,0,,,,3.0693667,0.0,0.0,0.0,0.0
1,6,4,0,,,,2.8847666,0.0,0.0,0.0,0.0
1,7,4,0,,,,2.00795,0.0,0.0,0.0,0.0
1,8,4,0,,,,1.4781333,0.0,0.0,0.0,0.0
1,9,4,0,,,,1.2619667,0.0,0.0,0.0,1.81
1,10,4,0,,,,1.23435,0.0,0.0,0.0,26.57
1,11,4,0,,,,0.97915,0.0,0.0,0.0,50.81
1,12,4,0,,,,1.2201667,0.0,0.0,0.0,110.27
1,13,4,0,,,,0.87411666,0.0,0.0,0.0,42.26
1,14,4,0,,,,1.3677167,0.0,0.0,0.0,38.14
1,15,4,0,,,,1.0483888,0.0,0.0,0.0,24.69
1,16,4,0,,,,1.8982667,0.0,0.0,0.0,391.74
1,17,4,0,,,,2.8790333,0.0,0.0,0.0,0.0
1,18,4,0,,,,1.6585,0.0,0.0,0.0,0.0
1,19,4,0,,,,2.5328667,0.0,0.0,0.0,0.0
1,20,4,0,,,,1.9326333,0.0,0.0,0.0,0.0
1,21,4,0,,,,1.85965,0.0,0.0,0.0,0.0
1,22,4,0,,,,2.0825667,0.0,0.0,0.0,0.0
1,23,4,0,,,,2.14655,0.0,0.0,0.0,0.0
1,24,4,0,,,,1.5131834,0.0,0.0,0.0,0.0
1,1,5,0,,,,0.91795,0.0,0.0,0.0,0.0
1,2,5,0,,,,1.2785167,0.0,0.0,0.0,0.0
1,3,5,0,,,,1.4017667,0.0,0.0,0.0,0.0
1,4,5,0,,,,0.88806665,0.0,0.0,0.0,0.0
1,5,5,0,,,,3.2088168,0.0,0.0,0.0,0.0
1,6,5,0,,,,3.3342333,0.0,0.0,0.0,0.0
1,7,5,0,,,,2.32995,0.0,0.0,0.0,0.0
1,8,5,0,,,,2.2364833,0.0,0.0,0.0,0.0
1,9,5,0,,,,1.5430833,0.0,0.0,0.0,21.45
1,10,5,0,,,,0.87226665,0.0,0.0,0.0,166.3
1,11,5,0,,,,0.7424167,0.0,0.0,0.0,182.8
1,12,5,0,,,,0.7801,0.0,0.0,0.0,382.87
1,13,5,0,,,,1.1371666,0.0,0.0,0.0,456.8
1,14,5,0,,,,0.6573333,0.0,0.0,0.0,54.25
1,15,5,0,,,,0.7162667,0.0,0.0,0.0,21.14
1,16,5,0,,,,2.5592167,0.0,0.0,0.0,13.08
1,17,5,0,,,,2.5060833,0.0,0.0,0.0,0.0
1,18,5,0,,,,2.35485,0.0,0.0,0.0,0.0
1,19,5,0,,,,2.4445333,0.0,0.0,0.0,0.0
1,20,5,0,,,,3.0759666,0.0,0.0,0.0,0.0
1,21,5,0,,,,2.4640167,0.0,0.0,0.0,0.0
1,22,5,0,,,,1.3358667,0.0,0.0,0.0,0.0
1,23,5,0,,,,1.5224833,0.0,0.0,0.0,0.0
1,24,5,0,,,,0.73349166,0.0,0.0,0.0,0.0
1,1,6,0,,,,1.2001834,0.0,0.0,0.0,0.0
1,2,6,0,,,,1.17575,0.0,0.0,0.0,0.0
1,3,6,0,,,,1.1848834,0.0,0.0,0.0,0.0
1,4,6,0,,,,1.0139166,0.0,0.0,0.0,0.0
1,5,6,0,,,,2.2135,0.0,0.0,0.0,0.0
1,6,6,0,,,,2.2787666,0.0,0.0,0.0,0.0
1,7,6,0,,,,1.87525,0.0,0.0,0.0,0.0
1,8,6,0,,,,1.49605,0.0,0.0,0.0,0.0
1,9,6,0,,,,1.9613833,0.0,0.0,0.0,4.03
1,10,6,0,,,,1.9696,0.0,0.0,0.0,138.05
1,11,6,0,,,,2.63735,0.0,0.0,0.0,34.01
1,12,6,0,,,,1.0996333,0.0,0.0,0.0,90.82
1,13,6,0,,,,0.95283335,0.0,0.0,0.0,104.27
1,14,6,0,,,,1.1513166,0.0,0.0,0.0,75.24
1,15,6,0,,,,4.8617334,0.0,0.0,0.0,45.53
1,16,6,0,,,,3.41515,0.0,0.0,0.0,3.89
1,17,6,0,,,,1.20625,0.0,0.0,0.0,0.0
1,18,6,0,,,,1.3658333,0.0,0.0,0.0,0.0
1,19,6,0,,,,1.1300833,0.0,0.0,0.0,0.0
1,20,6,0,,,,1.1270334,0.0,0.0,0.0,0.0
1,21,6,0,,,,1.1656,0.0,0.0,0.0,0.0
1,22,6,0,,,,1.5861334,0.0,0.0,0.0,0.0
1,23,6,0,,,,0.39655,0.0,0.0,0.0,0.0
1,24,6,0,,,,0.345,0.0,0.0,0.0,0.0
1,1,7,0,,,,0.37261668,0.0,0.0,0.0,0.0
1,2,7,0,,,,0.35103333,0.0,0.0,0.0,0.0
1,3,7,0,,,,0.34861666,0.0,0.0,0.0,0.0
1,4,7,0,,,,0.34906667,0.0,0.0,0.0,0.0
1,5,7,0,,,,0.35128334,0.0,0.0,0.0,0.0
1,6,7,0,,,,0.58713335,0.0,0.0,0.0,0.0
1,7,7,0,,,,2.19765,0.0,0.0,0.0,0.0
1,8,7,0,,,,1.0438167,0.0,0.0,0.0,0.0
1,9,7,0,,,,1.1556333,0.0,0.0,0.0,0.0
1,10,7,0,,,,1.2616167,0.0,0.0,0.0,82.26
1,11,7,0,,,,1.9866667,0.0,0.0,0.0,56.86
1,12,7,0,,,,1.5907667,0.0,0.0,0.0,90.62
1,13,7,0,,,,0.3087,0.0,0.0,0.0,44.59
1,14,7,0,,,,0.34128332,0.0,0.0,0.0,29.75
1,15,7,0,,,,1.5745833,0.0,0.0,0.0,9.07
1,16,7,0,,,,1.5115,0.0,0.0,0.0,11.03
1,17,7,0,,,,1.2519333,0.0,0.0,0.0,0.0
1,18,7,0,,,,1.2248666,0.0,0.0,0.0,0.0
1,19,7,0,,,,1.5254166,0.0,0.0,0.0,0.0
1,20,7,0,,,,2.19955,0.0,0.0,0.0,0.0
1,21,7,0,,,,1.4035333,0.0,0.0,0.0,0.0
1,22,7,0,,,,0.64755,0.0,0.0,0.0,0.0
1,23,7,0,,,,0.32691666,0.0,0.0,0.0,0.0
1,24,7,0,,,,0.31475,0.0,0.0,0.0,0.0
1,1,1,0,,,,0.29379445,0.0,0.0,0.0,0.0
1,2,1,0,,,,0.30065,0.0,0.0,0.0,0.0
1,3,1,0,,,,0.30366668,0.0,0.0,0.0,0.0
1,4,1,0,,,,0.34411666,0.0,0.0,0.0,0.0
1,5,1,0,,,,1.40305,0.0,0.0,0.0,0.0
1,6,1,0,,,,1.7034833,0.0,0.0,0.0,0.0
1,7,1,0,,,,0.70026666,0.0,0.0,0.0,0.0
1,8,1,0,,,,0.28348333,0.0,0.0,0.0,0.0
1,9,1,0,,,,0.60116667,0.0,0.0,0.0,1.68
1,10,1,0,,,,1.1492,0.0,0.0,0.0,18.75
1,11,1,0,,,,1.1620667,0.0,0.0,0.0,30.64
1,12,1,0,,,,2.8961,0.0,0.0,0.0,42.3
1,13,1,0,,,,3.2358668,0.0,0.0,0.0,33.65
1,14,1,0,,,,2.8388667,0.0,0.0,0.0,32.03
1,15,1,0,,,,1.2888334,0.0,0.0,0.0,23.7
1,16,1,0,,,,1.6596583,0.0,0.0,0.0,12.99
1,17,1,0,,,,1.66805,0.0,0.0,0.0,0.0
1,18,1,0,,,,1.6690167,0.0,0.0,0.0,0.0
1,19,1,0,,,,2.4200168,0.0,0.0,0.0,0.0
1,20,1,0,,,,4.9307833,0.0,0.0,0.0,0.0
1,21,1,0,,,,1.8899,0.0,0.0,0.0,0.0
1,22,1,0,,,,1.6626,0.0,0.0,0.0,0.0
1,23,1,0,,,,1.18645,0.0,0.0,0.0,0.0
1,24,1,0,,,,1.1567833,0.0,0.0,0.0,0.0
1,1,2,0,,,,1.1642833,0.0,0.0,0.0,0.0
1,2,2,0,,,,1.1550833,0.0,0.0,0.0,0.0
1,3,2,0,,,,1.1428167,0.0,0.0,0.0,0.0
1,4,2,0,,,,1.1838334,0.0,0.0,0.0,0.0
1,5,2,0,,,,2.19545,0.0,0.0,0.0,0.0
1,6,2,0,,,,2.6143668,0.0,0.0,0.0,0.0
1,7,2,0,,,,1.4922333,0.0,0.0,0.0,0.0
1,8,2,0,,,,1.5485166,0.0,0.0,0.0,0.0
1,9,2,0,,,,2.1320333,0.0,0.0,0.0,1.69
1,10,2,0,,,,1.8642666,0.0,0.0,0.0,109.99
1,11,2,0,,,,0.41694167,0.0,0.0,0.0,53.77
1,12,2,0,,,,0.7535167,0.0,0.0,0.0,66.03
1,13,2,0,,,,0.27286667,0.0,0.0,0.0,70.07
1,14,2,0,,,,0.29506665,0.0,0.0,0.0,29.16
1,15,2,0,,,,0.29891667,0.0,0.0,0.0,81.21
1,16,2,0,,,,0.33568335,0.0,0.0,0.0,83.27
1,17,2,0,,,,0.55541664,0.0,0.0,0.0,0.0
1,18,2,0,,,,1.8922833,0.0,0.0,0.0,0.0
1,19,2,0,,,,1.1441333,0.0,0.0,0.0,0.0
1,20,2,0,,,,1.4358166,0.0,0.0,0.0,0.0
1,21,2,0,,,,1.4958833,0.0,0.0,0.0,0.0
1,22,2,0,,,,0.7610667,0.0,0.0,0.0,0.0
1,23,2,0,,,,1.2901167,0.0,0.0,0.0,0.0
1,24,2,0,,,,1.2714833,0.0,0.0,0.0,0.0
2,1,3,0,,,,1.4126,0.0,0.0,0.0,0.0
2,2,3,0,,,,1.2694833,0.0,0.0,0.0,0.0
2,3,3,0,,,,1.2444,0.0,0.0,0.0,0.0
2,4,3,0,,,,1.2644833,0.0,0.0,0.0,0.0
2,5,3,0,,,,2.3734334,0.0,0.0,0.0,0.0
2,6,3,0,,,,2.7678444,0.0,0.0,0.0,0.0
2,7,3,0,,,,1.6255667,0.0,0.0,0.0,0.0
2,8,3,0,,,,2.7980723,0.0,0.0,0.0,0.0
2,9,3,0,,,,2.2093,0.0,0.0,0.0,59.85
2,10,3,0,,,,1.9350667,0.0,0.0,0.0,98.85
2,11,3,0,,,,0.40163332,0.0,0.0,0.0,55.87
2,12,3,0,,,,0.39813334,0.0,0.0,0.0,81.03
2,13,3,0,,,,0.38718334,0.0,0.0,0.0,69.49
2,14,3,0,,,,0.41016668,0.0,0.0,0.0,57.98
2,15,3,0,,,,0.38065,0.0,0.0,0.0,68.57
2,16,3,0,,,,0.6648333,0.0,0.0,0.0,9.07
2,17,3,0,,,,0.7255333,0.0,0.0,0.0,0.23
2,18,3,0,,,,1.6904334,0.0,0.0,0.0,0.0
2,19,3,0,,,,4.6668334,0.0,0.0,0.0,0.0
2,20,3,0,,,,3.4798834,0.0,0.0,0.0,0.0
2,21,3,0,,,,2.6701167,0.0,0.0,0.0,0.0
2,22,3,0,,,,1.6322334,0.0,0.0,0.0,0.0
2,23,3,0,,,,1.3791167,0.0,0.0,0.0,0.0
2,24,3,0,,,,1.2042333,0.0,0.0,0.0,0.0
2,1,4,0,,,,1.1871667,0.0,0.0,0.0,0.0
2,2,4,0,,,,1.2202,0.0,0.0,0.0,0.0
2,3,4,0,,,,1.1782334,0.0,0.0,0.0,0.0
2,4,4,0,,,,1.2090666,0.0,0.0,0.0,0.0
2,5,4,0,,,,1.46405,0.0,0.0,0.0,0.0
2,6,4,0,,,,2.34285,0.0,0.0,0.0,0.0
2,7,4,0,,,,1.2040334,0.0,0.0,0.0,0.0
2,8,4,0,,,,1.2708167,0.0,0.0,0.0,0.0
2,9,4,0,,,,1.6040334,0.0,0.0,0.0,64.34
2,10,4,0,,,,1.6848,0.0,0.0,0.0,16.61
2,11,4,0,,,,0.6285167,0.0,0.0,0.0,29.11
2,12,4,0,,,,0.49391666,0.0,0.0,0.0,63.22
2,13,4,0,,,,0.48283333,0.0,0.0,0.0,58.24
2,14,4,0,,,,0.66761667,0.0,0.0,0.0,44.56
2,15,4,0,,,,0.41236666,0.0,0.0,0.0,139.17
2,16,4,0,,,,0.35356668,0.0,0.0,0.0,11.03
2,17,4,0,,,,0.50785,0.0,0.0,0.0,0.59
2,18,4,0,,,,2.2483833,0.0,0.0,0.0,0.0
2,19,4,0,,,,1.7937,0.0,0.0,0.0,0.0
2,20,4,0,,,,4.6116333,0.0,0.0,0.0,0.0
2,21,4,0,,,,0.90201664,0.0,0.0,0.0,0.0
2,22,4,0,,,,1.0432833,0.0,0.0,0.0,0.0
2,23,4,0,,,,2.2132833,0.0,0.0,0.0,0.0
2,24,4,0,,,,2.1038334,0.0,0.0,0.0,0.0
2,1,5,0,,,,1.6169056,0.0,0.0,0.0,0.0
2,2,5,0,,,,1.6220167,0.0,0.0,0.0,0.0
2,3,5,0,,,,1.6219277,0.0,0.0,0.0,0.0
2,4,5,0,,,,1.6356333,0.0,0.0,0.0,0.0
2,5,5,0,,,,2.3655167,0.0,0.0,0.0,0.0
2,6,5,0,,,,5.695083,0.0,0.0,0.0,0.0
2,7,5,0,,,,2.8705168,0.0,0.0,0.0,0.0
2,8,5,0,,,,2.25395,0.0,0.0,0.0,0.0
2,9,5,0,,,,2.8152666,0.0,0.0,0.0,0.0
2,10,5,0,,,,2.4156833,0.0,0.0,0.0,84.15
2,11,5,0,,,,1.1456333,0.0,0.0,0.0,75.63
2,12,5,0,,,,1.0987,0.0,0.0,0.0,94.34
2,13,5,0,,,,0.9555167,0.0,0.0,0.0,69.51
2,14,5,0,,,,1.0673333,0.0,0.0,0.0,35.01
2,15,5,0,,,,0.92221665,0.0,0.0,0.0,10.32
2,16,5,0,,,,1.9844333,0.0,0.0,0.0,7.15
2,17,5,0,,,,3.3951,0.0,0.0,0.0,1.19
2,18,5,0,,,,3.1108832,0.0,0.0,0.0,0.0
2,19,5,0,,,,1.5301167,0.0,0.0,0.0,0.0
2,20,5,0,,,,0.95898336,0.0,0.0,0.0,0.0
2,21,5,0,,,,0.93083334,0.0,0.0,0.0,0.0
2,22,5,0,,,,0.89915,0.0,0.0,0.0,0.0
2,23,5,0,,,,1.6401777,0.0,0.0,0.0,0.0
2,24,5,0,,,,1.72665,0.0,0.0,0.0,0.0
2,1,6,0,,,,1.75415,0.0,0.0,0.0,0.0
2,2,6,0,,,,1.7236667,0.0,0.0,0.0,0.0
2,3,6,0,,,,1.7479833,0.0,0.0,0.0,0.0
2,4,6,0,,,,1.71765,0.0,0.0,0.0,0.0
2,5,6,0,,,,1.7088333,0.0,0.0,0.0,0.0
2,6,6,0,,,,1.71855,0.0,0.0,0.0,0.0
2,7,6,0,,,,1.4355667,0.0,0.0,0.0,0.0
2,8,6,0,,,,1.7068167,0.0,0.0,0.0,0.0
2,9,6,0,,,,2.2278333,0.0,0.0,0.0,1.2
2,10,6,0,,,,2.2815666,0.0,0.0,0.0,27.35
2,11,6,0,,,,1.0719944,0.0,0.0,0.0,46.62
2,12,6,0,,,,0.87055,0.0,0.0,0.0,75.56
2,13,6,0,,,,0.9911889,0.0,0.0,0.0,101.32
2,14,6,0,,,,1.1817334,0.0,0.0,0.0,88.22
2,15,6,0,,,,0.857625,0.0,0.0,0.0,72.0
2,16,6,0,,,,0.85471666,0.0,0.0,0.0,342.45
2,17,6,0,,,,0.84615,0.0,0.0,0.0,0.37
2,18,6,0,,,,1.7505667,0.0,0.0,0.0,0.0
2,19,6,0,,,,0.9822417,0.0,0.0,0.0,0.0
2,20,6,0,,,,0.8602333,0.0,0.0,0.0,0.0
2,21,6,0,,,,0.86325,0.0,0.0,0.0,0.0
2,22,6,0,,,,0.8643,0.0,0.0,0.0,0.0
2,23,6,0,,,,1.6066667,0.0,0.0,0.0,0.0
2,24,6,0,,,,1.6624833,0.0,0.0,0.0,0.0
2,1,7,0,,,,1.6956667,0.0,0.0,0.0,0.0
2,2,7,0,,,,1.7194,0.0,0.0,0.0,0.0
2,3,7,0,,,,1.7160333,0.0,0.0,0.0,0.0
2,4,7,0,,,,1.7199833,0.0,0.0,0.0,0.0
2,5,7,0,,,,1.6756333,0.0,0.0,0.0,0.0
2,6,7,0,,,,1.6876667,0.0,0.0,0.0,0.0
2,7,7,0,,,,1.70095,0.0,0.0,0.0,0.0
2,8,7,0,,,,2.0045667,0.0,0.0,0.0,0.0
2,9,7,0,,,,2.3430333,0.0,0.0,0.0,0.39
2,10,7,0,,,,2.2688167,0.0,0.0,0.0,148.92
2,11,7,0,,,,1.0286666,0.0,0.0,0.0,43.41
2,12,7,0,,,,0.86006665,0.0,0.0,0.0,19.59
2,13,7,0,,,,0.85553336,0.0,0.0,0.0,76.82
2,14,7,0,,,,0.85145,0.0,0.0,0.0,89.94
2,15,7,0,,,,0.5151167,0.0,0.0,0.0,105.32
2,16,7,0,,,,2.5501666,0.0,0.0,0.0,23.99
2,17,7,0,,,,2.73535,0.0,0.0,0.0,1.23
2,18,7,0,,,,3.1748,0.0,0.0,0.0,0.0
2,19,7,0,,,,2.5855834,0.0,0.0,0.0,0.0
2,20,7,0,,,,1.5594667,0.0,0.0,0.0,0.0
2,21,7,0,,,,1.7960666,0.0,0.0,0.0,0.0
2,22,7,0,,,,1.2114167,0.0,0.0,0.0,0.0
2,23,7,0,,,,1.13255,0.0,0.0,0.0,0.0
2,24,7,0,,,,1.9013417,0.0,0.0,0.0,0.0
2,1,1,0,,,,1.8585167,0.0,0.0,0.0,0.0
2,2,1,0,,,,1.50415,0.0,0.0,0.0,0.0
2,3,1,0,,,,1.5130833,0.0,0.0,0.0,0.0
2,4,1,0,,,,1.9033166,0.0,0.0,0.0,0.0
2,5,1,0,,,,2.38415,0.0,0.0,0.0,0.0
2,6,1,0,,,,5.7506666,0.0,0.0,0.0,0.0
2,7,1,0,,,,1.7039,0.0,0.0,0.0,0.0
2,8,1,0,,,,2.2496667,0.0,0.0,0.0,0.0
2,9,1,0,,,,2.0548334,0.0,0.0,0.0,0.03
2,10,1,0,,,,2.46795,0.0,0.0,0.0,106.05
2,11,1,0,,,,1.1254,0.0,0.0,0.0,57.93
2,12,1,0,,,,2.59075,0.0,0.0,0.0,67.77
2,13,1,0,,,,0.6921,0.0,0.0,0.0,45.73
2,14,1,0,,,,0.92205,0.0,0.0,0.0,99.08
2,15,1,0,,,,0.71315,0.0,0.0,0.0,78.16
2,16,1,0,,,,2.52345,0.0,0.0,0.0,132.85
2,17,1,0,,,,2.1372,0.0,0.0,0.0,174.49
2,18,1,0,,,,3.1668668,0.0,0.0,0.0,0.0
2,19,1,0,,,,2.4383833,0.0,0.0,0.0,0.0
2,20,1,0,,,,3.1988332,0.0,0.0,0.0,0.0
2,21,1,0,,,,1.7579556,0.0,0.0,0.0,0.0
2,22,1,0,,,,1.3158166,0.0,0.0,0.0,0.0
2,23,1,0,,,,1.1679167,0.0,0.0,0.0,0.0
2,24,1,0,,,,1.1953917,0.0,0.0,0.0,0.0
2,1,2,0,,,,1.8122889,0.0,0.0,0.0,0.0
2,2,2,0,,,,1.1463166,0.0,0.0,0.0,0.0
2,3,2,0,,,,1.8504277,0.0,0.0,0.0,0.0
2,4,2,0,,,,1.2372,0.0,0.0,0.0,0.0
2,5,2,0,,,,2.3476222,0.0,0.0,0.0,0.0
2,6,2,0,,,,2.3830166,0.0,0.0,0.0,0.0
2,7,2,0,,,,1.93755,0.0,0.0,0.0,0.0
2,8,2,0,,,,1.1155334,0.0,0.0,0.0,0.0
2,9,2,0,,,,2.2324638,0.0,0.0,0.0,181.09
2,10,2,0,,,,1.74475,0.0,0.0,0.0,426.47
2,11,2,0,,,,0.9515667,0.0,0.0,0.0,366.77
2,12,2,0,,,,0.41875,0.0,0.0,0.0,429.1
2,13,2,0,,,,2.09225,0.0,0.0,0.0,476.19
2,14,2,0,,,,1.4728667,0.0,0.0,0.0,130.77
2,15,2,0,,,,0.65818334,0.0,0.0,0.0,524.81
2,16,2,0,,,,1.5469333,0.0,0.0,0.0,445.11
2,17,2,0,,,,2.26405,0.0,0.0,0.0,165.29
2,18,2,0,,,,2.4283,0.0,0.0,0.0,0.0
2,19,2,0,,,,1.7406334,0.0,0.0,0.0,0.0
2,20,2,0,,,,1.2833,0.0,0.0,0.0,0.0
2,21,2,0,,,,1.0703666,0.0,0.0,0.0,0.0
2,22,2,0,,,,0.5363,0.0,0.0,0.0,0.0
2,23,2,0,,,,1.0838333,0.0,0.0,0.0,0.0
2,24,2,0,,,,1.1231834,0.0,0.0,0.0,0.0
2,1,3,0,,,,1.1699667,0.0,0.0,0.0,0.0
2,2,3,0,,,,1.1631334,0.0,0.0,0.0,0.0
2,3,3,0,,,,1.8067167,0.0,0.0,0.0,0.0
2,4,3,0,,,,1.1388,0.0,0.0,0.0,0.0
2,5,3,0,,,,1.7421,0.0,0.0,0.0,0.0
2,6,3,0,,,,2.2366667,0.0,0.0,0.0,0.0
2,7,3,0,,,,2.1100166,0.0,0.0,0.0,0.0
2,8,3,0,,,,1.3176167,0.0,0.0,0.0,0.0
2,9,3,0,,,,1.7288,0.0,0.0,0.0,205.7
2,10,3,0,,,,1.7523333,0.0,0.0,0.0,441.71
2,11,3,0,,,,0.5194833,0.0,0.0,0.0,147.21
2,12,3,0,,,,0.34008333,0.0,0.0,0.0,150.23
2,13,3,0,,,,0.3212,0.0,0.0,0.0,103.25
2,14,3,0,,,,0.39173332,0.0,0.0,0.0,60.63
2,15,3,0,,,,1.2140666,0.0,0.0,0.0,27.87
2,16,3,0,,,,1.2029166,0.0,0.0,0.0,22.6
2,17,3,0,,,,2.6599,0.0,0.0,0.0,3.78
2,18,3,0,,,,2.8655667,0.0,0.0,0.0,0.0
2,19,3,0,,,,6.043033,0.0,0.0,0.0,0.0
2,20,3,0,,,,3.0876,0.0,0.0,0.0,0.0
2,21,3,0,,,,2.5644,0.0,0.0,0.0,0.0
2,22,3,0,,,,2.1485834,0.0,0.0,0.0,0.0
2,23,3,0,,,,2.0545332,0.0,0.0,0.0,0.0
2,24,3,0,,,,1.5009834,0.0,0.0,0.0,0.0
2,1,4,0,,,,1.2942333,0.0,0.0,0.0,0.0
2,2,4,0,,,,1.3058167,0.0,0.0,0.0,0.0
2,3,4,0,,,,1.2846333,0.0,0.0,0.0,0.0
2,4,4,0,,,,1.46325,0.0,0.0,0.0,0.0
2,5,4,0,,,,1.8852,0.0,0.0,0.0,0.0
2,6,4,0,,,,2.4451168,0.0,0.0,0.0,0.0
2,7,4,0,,,,1.7133167,0.0,0.0,0.0,0.0
2,8,4,0,,,,1.3062667,0.0,0.0,0.0,0.0
2,9,4,0,,,,1.8027834,0.0,0.0,0.0,33.44
2,10,4,0,,,,1.8569,0.0,0.0,0.0,107.82
2,11,4,0,,,,0.69161665,0.0,0.0,0.0,92.35
2,12,4,0,,,,0.48195,0.0,0.0,0.0,147.12
2,13,4,0,,,,0.46846667,0.0,0.0,0.0,92.05
2,14,4,0,,,,0.66261667,0.0,0.0,0.0,80.09
2,15,4,0,,,,0.8286833,0.0,0.0,0.0,45.39
2,16,4,0,,,,0.45833334,0.0,0.0,0.0,28.79
2,17,4,0,,,,0.9127333,0.0,0.0,0.0,8.0
2,18,4,0,,,,2.2877166,0.0,0.0,0.0,0.0
2,19,4,0,,,,1.8073334,0.0,0.0,0.0,0.0
2,20,4,0,,,,1.5694,0.0,0.0,0.0,0.0
2,21,4,0,,,,1.2012,0.0,0.0,0.0,0.0
2,22,4,0,,,,0.64993334,0.0,0.0,0.0,0.0
2,23,4,0,,,,1.04535,0.0,0.0,0.0,0.0
2,24,4,0,,,,1.1553833,0.0,0.0,0.0,0.0
2,1,5,0,,,,1.1581666,0.0,0.0,0.0,0.0
2,2,5,0,,,,1.1834667,0.0,0.0,0.0,0.0
2,3,5,0,,,,1.1145166,0.0,0.0,0.0,0.0
2,4,5,0,,,,1.3233833,0.0,0.0,0.0,0.0
2,5,5,0,,,,2.21565,0.0,0.0,0.0,0.0
2,6,5,0,,,,3.2947,0.0,0.0,0.0,0.0
2,7,5,0,,,,1.7402333,0.0,0.0,0.0,0.0
2,8,5,0,,,,1.5870334,0.0,0.0,0.0,0.0
2,9,5,0,,,,1.94935,0.0,0.0,0.0,0.44
2,10,5,0,,,,2.2590666,0.0,0.0,0.0,46.19
2,11,5,0,,,,1.0818666,0.0,0.0,0.0,153.62
2,12,5,0,,,,0.267,0.0,0.0,0.0,140.11
2,13,5,0,,,,1.2418667,0.0,0.0,0.0,118.07
2,14,5,0,,,,1.10025,0.0,0.0,0.0,580.05
2,15,5,0,,,,0.40176666,0.0,0.0,0.0,636.99
2,16,5,0,,,,0.3579,0.0,0.0,0.0,423.0
2,17,5,0,,,,0.54046667,0.0,0.0,0.0,215.67
2,18,5,0,,,,1.8646834,0.0,0.0,0.0,0.0
2,19,5,0,,,,1.5043167,0.0,0.0,0.0,0.0
2,20,5,0,,,,1.7031667,0.0,0.0,0.0,0.0
2,21,5,0,,,,0.8526,0.0,0.0,0.0,0.0
2,22,5,0,,,,0.42155,0.0,0.0,0.0,0.0
2,23,5,0,,,,1.3766834,0.0,0.0,0.0,0.0
2,24,5,0,,,,1.600425,0.0,0.0,0.0,0.0
2,1,6,0,,,,1.3079,0.0,0.0,0.0,0.0
2,2,6,0,,,,1.3035667,0.0,0.0,0.0,0.0
2,3,6,0,,,,1.256,0.0,0.0,0.0,0.0
2,4,6,0,,,,1.2905333,0.0,0.0,0.0,0.0
2,5,6,0,,,,1.3097583,0.0,0.0,0.0,0.0
2,6,6,0,,,,2.2013667,0.0,0.0,0.0,0.0
2,7,6,0,,,,2.7375834,0.0,0.0,0.0,0.0
2,8,6,0,,,,1.5823166,0.0,0.0,0.0,0.0
2,9,6,0,,,,2.2459834,0.0,0.0,0.0,9.31
2,10,6,0,,,,2.04635,0.0,0.0,0.0,28.79
2,11,6,0,,,,0.7499056,0.0,0.0,0.0,48.43
2,12,6,0,,,,0.58591664,0.0,0.0,0.0,78.7
2,13,6,0,,,,0.8635167,0.0,0.0,0.0,53.7
2,14,6,0,,,,0.33641666,0.0,0.0,0.0,48.63
2,15,6,0,,,,1.4491,0.0,0.0,0.0,39.74
2,16,6,0,,,,0.5054333,0.0,0.0,0.0,19.29
2,17,6,0,,,,1.7325166,0.0,0.0,0.0,4.23
2,18,6,0,,,,3.7765167,0.0,0.0,0.0,0.0
2,19,6,0,,,,2.62245,0.0,0.0,0.0,0.0
2,20,6,0,,,,1.5525334,0.0,0.0,0.0,0.0
2,21,6,0,,,,1.40405,0.0,0.0,0.0,0.0
2,22,6,0,,,,0.7050167,0.0,0.0,0.0,0.0
2,23,6,0,,,,1.0279666,0.0,0.0,0.0,0.0
2,24,6,0,,,,1.1435,0.0,0.0,0.0,0.0
2,1,7,0,,,,1.1918167,0.0,0.0,0.0,0.0
2,2,7,0,,,,1.2709,0.0,0.0,0.0,0.0
2,3,7,0,,,,1.1253333,0.0,0.0,0.0,0.0
2,4,7,0,,,,1.1176333,0.0,0.0,0.0,0.0
2,5,7,0,,,,1.1300167,0.0,0.0,0.0,0.0
2,6,7,0,,,,2.9353833,0.0,0.0,0.0,0.0
2,7,7,0,,,,2.4809833,0.0,0.0,0.0,0.0
2,8,7,0,,,,1.5997334,0.0,0.0,0.0,0.0
2,9,7,0,,,,1.6551833,0.0,0.0,0.0,54.36
2,10,7,0,,,,1.7576333,0.0,0.0,0.0,137.98
2,11,7,0,,,,0.48158333,0.0,0.0,0.0,67.4
2,12,7,0,,,,0.27728334,0.0,0.0,0.0,65.79
2,13,7,0,,,,0.31198335,0.0,0.0,0.0,125.69
2,14,7,0,,,,0.3029,0.0,0.0,0.0,100.31
2,15,7,0,,,,0.48881668,0.0,0.0,0.0,199.67
2,16,7,0,,,,0.5536,0.0,0.0,0.0,131.66
2,17,7,0,,,,1.2224333,0.0,0.0,0.0,23.83
2,18,7,0,,,,5.880717,0.0,0.0,0.0,0.0
2,19,7,0,,,,1.6838167,0.0,0.0,0.0,0.0
2,20,7,0,,,,2.0552,0.0,0.0,0.0,0.0
2,21,7,0,,,,1.2067333,0.0,0.0,0.0,0.0
2,22,7,0,,,,0.31728333,0.0,0.0,0.0,0.0
2,23,7,0,,,,1.0353833,0.0,0.0,0.0,0.0
2,24,7,0,,,,1.1756333,0.0,0.0,0.0,0.0
2,1,1,0,,,,1.1410834,0.0,0.0,0.0,0.0
2,2,1,0,,,,1.15375,0.0,0.0,0.0,0.0
2,3,1,0,,,,1.1381834,0.0,0.0,0.0,0.0
2,4,1,0,,,,1.1125333,0.0,0.0,0.0,0.0
2,5,1,0,,,,1.5680833,0.0,0.0,0.0,0.0
2,6,1,0,,,,5.5603666,0.0,0.0,0.0,0.0
2,7,1,0,,,,2.7320666,0.0,0.0,0.0,0.0
2,8,1,0,,,,1.6520833,0.0,0.0,0.0,0.0
2,9,1,0,,,,1.6203111,0.0,0.0,0.0,86.16
2,10,1,0,,,,2.2559834,0.0,0.0,0.0,133.04
2,11,1,0,,,,0.45758334,0.0,0.0,0.0,104.28
2,12,1,0,,,,0.23341666,0.0,0.0,0.0,221.98
2,13,1,0,,,,0.27486667,0.0,0.0,0.0,133.05
2,14,1,0,,,,0.21663333,0.0,0.0,0.0,137.49
2,15,1,0,,,,0.39581665,0.0,0.0,0.0,91.0
2,16,1,0,,,,0.86828333,0.0,0.0,0.0,107.01
2,17,1,0,,,,0.9318333,0.0,0.0,0.0,50.83
2,18,1,0,,,,1.7422416,0.0,0.0,0.0,0.0
2,19,1,0,,,,1.6386334,0.0,0.0,0.0,0.0
2,20,1,0,,,,4.2144833,0.0,0.0,0.0,0.0
2,21,1,0,,,,1.3404,0.0,0.0,0.0,0.0
2,22,1,0,,,,0.7848333,0.0,0.0,0.0,0.0
2,23,1,0,,,,1.068,0.0,0.0,0.0,0.0
2,24,1,0,,,,1.1877,0.0,0.0,0.0,0.0
2,1,2,0,,,,1.1542667,0.0,0.0,0.0,0.0
2,2,2,0,,,,1.1277,0.0,0.0,0.0,0.0
2,3,2,0,,,,1.8334334,0.0,0.0,0.0,0.0
2,4,2,0,,,,1.1443334,0.0,0.0,0.0,0.0
2,5,2,0,,,,1.9653667,0.0,0.0,0.0,0.0
2,6,2,0,,,,3.8322666,0.0,0.0,0.0,0.0
2,7,2,0,,,,2.0029666,0.0,0.0,0.0,0.0
2,8,2,0,,,,1.6522,0.0,0.0,0.0,0.0
2,9,2,0,,,,3.3162,0.0,0.0,0.0,77.87
2,10,2,0,,,,2.3872917,0.0,0.0,0.0,64.94
2,11,2,0,,,,0.5875667,0.0,0.0,0.0,93.48
2,12,2,0,,,,0.44828334,0.0,0.0,0.0,140.77
2,13,2,0,,,,0.5133,0.0,0.0,0.0,66.46
2,14,2,0,,,,0.2731,0.0,0.0,0.0,54.2
2,15,2,0,,,,0.26136667,0.0,0.0,0.0,37.52
2,16,2,0,,,,0.32655,0.0,0.0,0.0,23.8
2,17,2,0,,,,0.8501667,0.0,0.0,0.0,14.48
2,18,2,0,,,,2.3507333,0.0,0.0,0.0,0.0
2,19,2,0,,,,4.95125,0.0,0.0,0.0,0.0
2,20,2,0,,,,1.6536944,0.0,0.0,0.0,0.0
2,21,2,0,,,,0.9004833,0.0,0.0,0.0,0.0
2,22,2,0,,,,0.41734445,0.0,0.0,0.0,0.0
2,23,2,0,,,,1.1146834,0.0,0.0,0.0,0.0
2,24,2,0,,,,1.169339,0.0,0.0,0.0,0.0
2,1,3,0,,,,1.2088833,0.0,0.0,0.0,0.0
2,2,3,0,,,,1.1858778,0.0,0.0,0.0,0.0
2,3,3,0,,,,1.1838833,0.0,0.0,0.0,0.0
2,4,3,0,,,,1.1701944,0.0,0.0,0.0,0.0
2,5,3,0,,,,2.364,0.0,0.0,0.0,0.0
2,6,3,0,,,,2.545361,0.0,0.0,0.0,0.0
2,7,3,0,,,,1.32415,0.0,0.0,0.0,0.0
2,8,3,0,,,,1.1303166,0.0,0.0,0.0,0.0
2,9,3,0,,,,1.65215,0.0,0.0,0.0,15.54
2,10,3,0,,,,1.7349,0.0,0.0,0.0,31.83
2,11,3,0,,,,0.86298335,0.0,0.0,0.0,167.21
2,12,3,0,,,,0.35025,0.0,0.0,0.0,106.18
2,13,3,0,,,,0.2919389,0.0,0.0,0.0,237.66
2,14,3,0,,,,0.280875,0.0,0.0,0.0,349.99
2,15,3,0,,,,0.29078335,0.0,0.0,0.0,408.75
2,16,3,0,,,,0.45476666,0.0,0.0,0.0,283.73
2,17,3,0,,,,0.7471167,0.0,0.0,0.0,16.46
2,18,3,0,,,,1.8670833,0.0,0.0,0.0,0.0
2,19,3,0,,,,1.7682333,0.0,0.0,0.0,0.0
2,20,3,0,,,,3.923,0.0,0.0,0.0,0.0
2,21,3,0,,,,1.8972666,0.0,0.0,0.0,0.0
2,22,3,0,,,,1.1235167,0.0,0.0,0.0,0.0
2,23,3,0,,,,1.2629334,0.0,0.0,0.0,0.0
2,24,3,0,,,,1.3161167,0.0,0.0,0.0,0.0
2,1,4,0,,,,1.2682,0.0,0.0,0.0,0.0
2,2,4,0,,,,1.2651,0.0,0.0,0.0,0.0
2,3,4,0,,,,1.2713166,0.0,0.0,0.0,0.0
2,4,4,0,,,,1.29415,0.0,0.0,0.0,0.0
2,5,4,0,,,,1.5999833,0.0,0.0,0.0,0.0
2,6,4,0,,,,1.9984,0.0,0.0,0.0,0.0
2,7,4,0,,,,1.2618166,0.0,0.0,0.0,0.0
2,8,4,0,,,,1.2789667,0.0,0.0,0.0,0.0
2,9,4,0,,,,1.7552944,0.0,0.0,0.0,45.97
2,10,4,0,,,,1.8216833,0.0,0.0,0.0,103.93
2,11,4,0,,,,1.01295,0.0,0.0,0.0,124.43
2,12,4,0,,,,1.4454833,0.0,0.0,0.0,408.8
2,13,4,0,,,,1.3943334,0.0,0.0,0.0,725.54
2,14,4,0,,,,1.4669167,0.0,0.0,0.0,694.83
2,15,4,0,,,,1.4535333,0.0,0.0,0.0,595.46
2,16,4,0,,,,1.41985,0.0,0.0,0.0,449.18
2,17,4,0,,,,1.7279167,0.0,0.0,0.0,238.86
2,18,4,0,,,,1.9433666,0.0,0.0,0.0,0.0
2,19,4,0,,,,1.2447444,0.0,0.0,0.0,0.0
2,20,4,0,,,,1.0187833,0.0,0.0,0.0,0.0
2,21,4,0,,,,1.3606666,0.0,0.0,0.0,0.0
2,22,4,0,,,,0.79041666,0.0,0.0,0.0,0.0
2,23,4,0,,,,1.2475166,0.0,0.0,0.0,0.0
2,24,4,0,,,,1.3716333,0.0,0.0,0.0,0.0
2,1,5,0,,,,1.3061666,0.0,0.0,0.0,0.0
2,2,5,0,,,,1.3097167,0.0,0.0,0.0,0.0
2,3,5,0,,,,1.2845833,0.0,0.0,0.0,0.0
2,4,5,0,,,,1.2583333,0.0,0.0,0.0,0.0
2,5,5,0,,,,1.6793166,0.0,0.0,0.0,0.0
2,6,5,0,,,,2.8090668,0.0,0.0,0.0,0.0
2,7,5,0,,,,1.6327333,0.0,0.0,0.0,0.0
2,8,5,0,,,,2.0626,0.0,0.0,0.0,0.0
2,9,5,0,,,,1.8563666,0.0,0.0,0.0,217.76
2,10,5,0,,,,2.9406722,0.0,0.0,0.0,483.62
2,11,5,0,,,,1.0053667,0.0,0.0,0.0,599.99
2,12,5,0,,,,1.447,0.0,0.0,0.0,710.45
2,13,5,0,,,,1.0211166,0.0,0.0,0.0,742.41
2,14,5,0,,,,1.6254,0.0,0.0,0.0,726.71
2,15,5,0,,,,1.7414167,0.0,0.0,0.0,604.17
2,16,5,0,,,,0.68348336,0.0,0.0,0.0,362.8
2,17,5,0,,,,1.1143833,0.0,0.0,0.0,25.83
2,18,5,0,,,,0.6731,0.0,0.0,0.0,0.0
2,19,5,0,,,,3.89345,0.0,0.0,0.0,0.0
2,20,5,0,,,,1.2758666,0.0,0.0,0.0,0.0
2,21,5,0,,,,0.93083334,0.0,0.0,0.0,0.0
2,22,5,0,,,,0.88563335,0.0,0.0,0.0,0.0
2,23,5,0,,,,1.7504333,0.0,0.0,0.0,0.0
2,24,5,0,,,,1.4195334,0.0,0.0,0.0,0.0
2,1,6,0,,,,1.27765,0.0,0.0,0.0,0.0
2,2,6,0,,,,1.3171333,0.0,0.0,0.0,0.0
2,3,6,0,,,,1.4495,0.0,0.0,0.0,0.0
2,4,6,0,,,,1.1557833,0.0,0.0,0.0,0.0
2,5,6,0,,,,1.40755,0.0,0.0,0.0,0.0
2,6,6,0,,,,1.7633333,0.0,0.0,0.0,0.0
2,7,6,0,,,,1.2576667,0.0,0.0,0.0,0.0
2,8,6,0,,,,1.3558667,0.0,0.0,0.0,0.0
2,9,6,0,,,,2.41395,0.0,0.0,0.0,227.92
2,10,6,0,,,,2.3295667,0.0,0.0,0.0,485.91
2,11,6,0,,,,0.92258334,0.0,0.0,0.0,643.64
2,12,6,0,,,,1.6694,0.0,0.0,0.0,735.12
2,13,6,0,,,,1.84,0.0,0.0,0.0,765.77
2,14,6,0,,,,1.8762833,0.0,0.0,0.0,731.95
2,15,6,0,,,,1.0699,0.0,0.0,0.0,629.45
2,16,6,0,,,,1.93235,0.0,0.0,0.0,471.78
2,17,6,0,,,,1.0261611,0.0,0.0,0.0,253.46
2,18,6,0,,,,2.3255334,0.0,0.0,0.0,0.0
2,19,6,0,,,,1.3868556,0.0,0.0,0.0,0.0
2,20,6,0,,,,1.5899333,0.0,0.0,0.0,0.0
2,21,6,0,,,,1.4384,0.0,0.0,0.0,0.0
2,22,6,0,,,,0.62226665,0.0,0.0,0.0,0.0
2,23,6,0,,,,1.41315,0.0,0.0,0.0,0.0
2,24,6,0,,,,1.3402166,0.0,0.0,0.0,0.0
2,1,7,0,,,,1.18615,0.0,0.0,0.0,0.0
2,2,7,0,,,,1.2709,0.0,0.0,0.0,0.0
2,3,7,0,,,,1.13975,0.0,0.0,0.0,0.0
2,4,7,0,,,,1.2534333,0.0,0.0,0.0,0.0
2,5,7,0,,,,1.5465333,0.0,0.0,0.0,0.0
2,6,7,0,,,,1.9406166,0.0,0.0,0.0,0.0
2,7,7,0,,,,1.5788333,0.0,0.0,0.0,0.0
2,8,7,0,,,,1.2464833,0.0,0.0,0.0,0.0
2,9,7,0,,,,1.64075,0.0,0.0,0.0,260.16
2,10,7,0,,,,1.7337166,0.0,0.0,0.0,492.67
2,11,7,0,,,,0.4182,0.0,0.0,0.0,648.34
2,12,7,0,,,,1.276,0.0,0.0,0.0,742.32
2,13,7,0,,,,0.24903333,0.0,0.0,0.0,769.32
2,14,7,0,,,,0.77108335,0.0,0.0,0.0,747.52
2,15,7,0,,,,0.2678,0.0,0.0,0.0,633.14
2,16,7,0,,,,0.62168336,0.0,0.0,0.0,483.78
2,17,7,0,,,,1.24315,0.0,0.0,0.0,263.05
2,18,7,0,,,,0.35256112,0.0,0.0,0.0,0.0
2,19,7,0,,,,1.8734,0.0,0.0,0.0,0.0
2,20,7,0,,,,1.5917667,0.0,0.0,0.0,0.0
2,21,7,0,,,,1.9020333,0.0,0.0,0.0,0.0
2,22,7,0,,,,0.70875,0.0,0.0,0.0,0.0
2,23,7,0,,,,1.8959666,0.0,0.0,0.0,0.0
2,24,7,0,,,,1.153,0.0,0.0,0.0,0.0
2,1,1,0,,,,1.1917167,0.0,0.0,0.0,0.0
2,2,1,0,,,,1.2709,0.0,0.0,0.0,0.0
2,3,1,0,,,,1.13975,0.0,0.0,0.0,0.0
2,4,1,0,,,,1.2702667,0.0,0.0,0.0,0.0
2,5,1,0,,,,1.4179667,0.0,0.0,0.0,0.0
2,6,1,0,,,,1.7428666,0.0,0.0,0.0,0.0
2,7,1,0,,,,1.54725,0.0,0.0,0.0,0.0
2,8,1,0,,,,1.8611166,0.0,0.0,0.0,0.0
2,9,1,0,,,,2.16745,0.0,0.0,0.0,162.02
2,10,1,0,,,,2.3084166,0.0,0.0,0.0,296.15
2,11,1,0,,,,0.59788334,0.0,0.0,0.0,126.1
2,12,1,0,,,,0.6282167,0.0,0.0,0.0,36.34
2,13,1,0,,,,0.327,0.0,0.0,0.0,165.04
2,14,1,0,,,,0.38645,0.0,0.0,0.0,155.34
2,15,1,0,,,,0.3308,0.0,0.0,0.0,28.5
2,16,1,0,,,,1.5193167,0.0,0.0,0.0,146.35
2,17,1,0,,,,2.9870167,0.0,0.0,0.0,6.45
2,18,1,0,,,,1.5009778,0.0,0.0,0.0,0.0
2,19,1,0,,,,2.1401834,0.0,0.0,0.0,0.0
2,20,1,0,,,,2.04275,0.0,0.0,0.0,0.0
2,21,1,0,,,,1.3332,0.0,0.0,0.0,0.0
2,22,1,0,,,,0.79258335,0.0,0.0,0.0,0.0
2,23,1,0,,,,1.3873917,0.0,0.0,0.0,0.0
2,24,1,0,,,,1.3270333,0.0,0.0,0.0,0.0
2,1,2,0,,,,1.3829,0.0,0.0,0.0,0.0
2,2,2,0,,,,1.3545166,0.0,0.0,0.0,0.0
2,3,2,0,,,,1.3911417,0.0,0.0,0.0,0.0
2,4,2,0,,,,1.2094,0.0,0.0,0.0,0.0
2,5,2,0,,,,1.9012166,0.0,0.0,0.0,0.0
2,6,2,0,,,,2.4080167,0.0,0.0,0.0,0.0
2,7,2,0,,,,1.84185,0.0,0.0,0.0,0.0
2,8,2,0,,,,1.8858167,0.0,0.0,0.0,0.0
2,9,2,0,,,,2.3505833,0.0,0.0,0.0,37.37
2,10,2,0,,,,2.2283833,0.0,0.0,0.0,148.73
2,11,2,0,,,,1.3100333,0.0,0.0,0.0,304.01
2,12,2,0,,,,0.45613334,0.0,0.0,0.0,616.94
2,13,2,0,,,,0.417,0.0,0.0,0.0,782.68
2,14,2,0,,,,3.949,0.0,0.0,0.0,755.72
2,15,2,0,,,,0.16305,0.0,0.0,0.0,672.69
2,16,2,0,,,,0.7738,0.0,0.0,0.0,486.9
2,17,2,0,,,,0.6099667,0.0,0.0,0.0,295.33
2,18,2,0,,,,0.6738833,0.0,0.0,0.0,0.0
2,19,2,0,,,,2.30465,0.0,0.0,0.0,0.0
2,20,2,0,,,,3.3448668,0.0,0.0,0.0,0.0
2,21,2,0,,,,1.5159333,0.0,0.0,0.0,0.0
2,22,2,0,,,,0.8241,0.0,0.0,0.0,0.0
2,23,2,0,,,,1.0875666,0.0,0.0,0.0,0.0
2,24,2,0,,,,2.1038334,0.0,0.0,0.0,0.0
2,1,3,0,,,,1.75415,0.0,0.0,0.0,0.0
2,2,3,0,,,,1.7236667,0.0,0.0,0.0,0.0
2,3,3,0,,,,1.7482,0.0,0.0,0.0,0.0
2,4,3,0,,,,1.4539334,0.0,0.0,0.0,0.0
2,5,3,0,,,,4.405717,0.0,0.0,0.0,0.0
2,6,3,0,,,,2.3755333,0.0,0.0,0.0,0.0
2,7,3,0,,,,2.08275,0.0,0.0,0.0,0.0
2,8,3,0,,,,2.0855334,0.0,0.0,0.0,0.0
2,9,3,0,,,,2.01755,0.0,0.0,0.0,93.86
2,10,3,0,,,,1.95,0.0,0.0,0.0,523.37
2,11,3,0,,,,1.11975,0.0,0.0,0.0,670.68
2,12,3,0,,,,1.0521,0.0,0.0,0.0,678.76
2,13,3,0,,,,0.32186666,0.0,0.0,0.0,810.42
2,14,3,0,,,,0.80153334,0.0,0.0,0.0,672.87
2,15,3,0,,,,0.381,0.0,0.0,0.0,452.9
2,16,3,0,,,,0.22406666,0.0,0.0,0.0,302.71
2,17,3,0,,,,2.7631166,0.0,0.0,0.0,225.98
2,18,3,0,,,,0.6178667,0.0,0.0,0.0,0.0
2,19,3,0,,,,2.02805,0.0,0.0,0.0,0.0
2,20,3,0,,,,1.2725333,0.0,0.0,0.0,0.0
2,21,3,0,,,,1.29565,0.0,0.0,0.0,0.0
2,22,3,0,,,,0.49872777,0.0,0.0,0.0,0.0
2,23,3,0,,,,1.2220666,0.0,0.0,0.0,0.0
2,24,3,0,,,,1.2042333,0.0,0.0,0.0,0.0
2,1,4,0,,,,1.75415,0.0,0.0,0.0,0.0
2,2,4,0,,,,1.7236667,0.0,0.0,0.0,0.0
2,3,4,0,,,,1.7482,0.0,0.0,0.0,0.0
2,4,4,0,,,,1.5981,0.0,0.0,0.0,0.0
2,5,4,0,,,,1.82525,0.0,0.0,0.0,0.0
2,6,4,0,,,,1.9645333,0.0,0.0,0.0,0.0
2,7,4,0,,,,1.3475056,0.0,0.0,0.0,0.0
2,8,4,0,,,,1.7019167,0.0,0.0,0.0,0.0
2,9,4,0,,,,1.6425834,0.0,0.0,0.0,87.28
2,10,4,0,,,,1.9211333,0.0,0.0,0.0,517.3
2,11,4,0,,,,0.9627,0.0,0.0,0.0,699.71
2,12,4,0,,,,0.7841167,0.0,0.0,0.0,807.42
2,13,4,0,,,,0.85595,0.0,0.0,0.0,844.31
2,14,4,0,,,,0.36386666,0.0,0.0,0.0,809.3
2,15,4,0,,,,1.1099833,0.0,0.0,0.0,677.57
2,16,4,0,,,,1.43115,0.0,0.0,0.0,539.38
2,17,4,0,,,,0.71078336,0.0,0.0,0.0,303.12
2,18,4,0,,,,0.883,0.0,0.0,0.0,0.0
2,19,4,0,,,,2.3868167,0.0,0.0,0.0,0.0
2,20,4,0,,,,4.2561665,0.0,0.0,0.0,0.0
2,21,4,0,,,,3.04565,0.0,0.0,0.0,0.0
2,22,4,0,,,,1.4891334,0.0,0.0,0.0,0.0
2,23,4,0,,,,1.4962167,0.0,0.0,0.0,0.0
2,24,4,0,,,,1.153,0.0,0.0,0.0,0.0
2,1,5,0,,,,1.12355,0.0,0.0,0.0,0.0
2,2,5,0,,,,1.2638667,0.0,0.0,0.0,0.0
2,3,5,0,,,,1.6219277,0.0,0.0,0.0,0.0
2,4,5,0,,,,1.2212666,0.0,0.0,0.0,0.0
2,5,5,0,,,,5.1433,0.0,0.0,0.0,0.0
2,6,5,0,,,,5.695083,0.0,0.0,0.0,0.0
2,7,5,0,,,,2.1461,0.0,0.0,0.0,0.0
2,8,5,0,,,,1.9170166,0.0,0.0,0.0,0.0
2,9,5,0,,,,2.12985,0.0,0.0,0.0,114.06
2,10,5,0,,,,0.8049,0.0,0.0,0.0,140.79
2,11,5,0,,,,0.47493333,0.0,0.0,0.0,219.92
2,12,5,0,,,,0.90276664,0.0,0.0,0.0,310.68
2,13,5,0,,,,0.60256666,0.0,0.0,0.0,254.8
2,14,5,0,,,,1.2429,0.0,0.0,0.0,358.28
2,15,5,0,,,,0.75028336,0.0,0.0,0.0,153.65
2,16,5,0,,,,0.6322167,0.0,0.0,0.0,93.92
2,17,5,0,,,,0.92868334,0.0,0.0,0.0,37.69
2,18,5,0,,,,0.53966665,0.0,0.0,0.0,0.0
2,19,5,0,,,,1.6824167,0.0,0.0,0.0,0.0
2,20,5,0,,,,2.9923167,0.0,0.0,0.0,0.0
2,21,5,0,,,,1.481,0.0,0.0,0.0,0.0
2,22,5,0,,,,0.82165,0.0,0.0,0.0,0.0
2,23,5,0,,,,1.3411334,0.0,0.0,0.0,0.0
2,24,5,0,,,,1.153,0.0,0.0,0.0,0.0
2,1,6,0,,,,1.6832167,0.0,0.0,0.0,0.0
2,2,6,0,,,,1.6220167,0.0,0.0,0.0,0.0
2,3,6,0,,,,1.65615,0.0,0.0,0.0,0.0
2,4,6,0,,,,1.3215834,0.0,0.0,0.0,0.0
2,5,6,0,,,,2.01325,0.0,0.0,0.0,0.0
2,6,6,0,,,,2.5617666,0.0,0.0,0.0,0.0
2,7,6,0,,,,3.2381666,0.0,0.0,0.0,0.0
2,8,6,0,,,,1.4504833,0.0,0.0,0.0,0.0
2,9,6,0,,,,2.2421167,0.0,0.0,0.0,148.42
2,10,6,0,,,,1.6621,0.0,0.0,0.0,306.21
2,11,6,0,,,,0.5219,0.0,0.0,0.0,227.14
2,12,6,0,,,,0.92175,0.0,0.0,0.0,758.14
2,13,6,0,,,,0.54871666,0.0,0.0,0.0,810.18
2,14,6,0,,,,0.5969333,0.0,0.0,0.0,778.24
2,15,6,0,,,,0.325,0.0,0.0,0.0,679.61
2,16,6,0,,,,1.6982666,0.0,0.0,0.0,527.19
2,17,6,0,,,,1.1448833,0.0,0.0,0.0,273.37
2,18,6,0,,,,0.70283335,0.0,0.0,0.0,0.0
2,19,6,0,,,,1.58325,0.0,0.0,0.0,0.0
2,20,6,0,,,,1.657,0.0,0.0,0.0,0.0
2,21,6,0,,,,1.2641,0.0,0.0,0.0,0.0
2,22,6,0,,,,0.62226665,0.0,0.0,0.0,0.0
2,23,6,0,,,,1.41315,0.0,0.0,0.0,0.0
2,24,6,0,,,,1.1953917,0.0,0.0,0.0,0.0
2,1,7,0,,,,1.2613,0.0,0.0,0.0,0.0
2,2,7,0,,,,1.35475,0.0,0.0,0.0,0.0
2,3,7,0,,,,1.4014333,0.0,0.0,0.0,0.0
2,4,7,0,,,,1.2164834,0.0,0.0,0.0,0.0
2,5,7,0,,,,1.4851834,0.0,0.0,0.0,0.0
2,6,7,0,,,,1.7607167,0.0,0.0,0.0,0.0
2,7,7,0,,,,2.3286166,0.0,0.0,0.0,0.0
2,8,7,0,,,,2.0788333,0.0,0.0,0.0,0.0
2,9,7,0,,,,1.7820889,0.0,0.0,0.0,10.46
2,10,7,0,,,,1.6433834,0.0,0.0,0.0,132.93
2,11,7,0,,,,0.59805,0.0,0.0,0.0,58.63
2,12,7,0,,,,0.82631665,0.0,0.0,0.0,109.5
2,13,7,0,,,,2.4403667,0.0,0.0,0.0,195.43
2,14,7,0,,,,0.35831112,0.0,0.0,0.0,115.94
2,15,7,0,,,,0.63268334,0.0,0.0,0.0,193.45
2,16,7,0,,,,0.75993335,0.0,0.0,0.0,45.35
2,17,7,0,,,,1.4075667,0.0,0.0,0.0,197.86
2,18,7,0,,,,1.21585,0.0,0.0,0.0,0.0
2,19,7,0,,,,2.0328,0.0,0.0,0.0,0.0
2,20,7,0,,,,3.381675,0.0,0.0,0.0,0.0
2,21,7,0,,,,1.9038833,0.0,0.0,0.0,0.0
2,22,7,0,,,,0.8840167,0.0,0.0,0.0,0.0
2,23,7,0,,,,1.0850834,0.0,0.0,0.0,0.0
2,24,7,0,,,,1.3017917,0.0,0.0,0.0,0.0
2,1,1,0,,,,1.12355,0.0,0.0,0.0,0.0
2,2,1,0,,,,2.071,0.0,0.0,0.0,0.0
2,3,1,0,,,,1.1773944,0.0,0.0,0.0,0.0
2,4,1,0,,,,1.3598666,0.0,0.0,0.0,0.0
2,5,1,0,,,,2.0693,0.0,0.0,0.0,0.0
2,6,1,0,,,,5.908167,0.0,0.0,0.0,0.0
2,7,1,0,,,,1.7358084,0.0,0.0,0.0,0.0
2,8,1,0,,,,1.8062667,0.0,0.0,0.0,0.0
2,9,1,0,,,,1.88385,0.0,0.0,0.0,13.2
2,10,1,0,,,,0.8502667,0.0,0.0,0.0,51.24
2,11,1,0,,,,0.37483335,0.0,0.0,0.0,117.33
2,12,1,0,,,,0.34771666,0.0,0.0,0.0,172.23
2,13,1,0,,,,0.465,0.0,0.0,0.0,337.82
2,14,1,0,,,,0.47071666,0.0,0.0,0.0,591.89
2,15,1,0,,,,0.62675,0.0,0.0,0.0,141.76
2,16,1,0,,,,0.2223,0.0,0.0,0.0,138.02
2,17,1,0,,,,0.455,0.0,0.0,0.0,85.18
2,18,1,0,,,,1.5042666,0.0,0.0,0.0,0.0
2,19,1,0,,,,2.8582833,0.0,0.0,0.0,0.0
2,20,1,0,,,,2.7024333,0.0,0.0,0.0,0.0
2,21,1,0,,,,1.5611389,0.0,0.0,0.0,0.0
2,22,1,0,,,,0.8524167,0.0,0.0,0.0,0.0
2,23,1,0,,,,1.049725,0.0,0.0,0.0,0.0
2,24,1,0,,,,1.3270333,0.0,0.0,0.0,0.0
2,1,2,0,,,,1.8122889,0.0,0.0,0.0,0.0
2,2,2,0,,,,1.1463166,0.0,0.0,0.0,0.0
2,3,2,0,,,,1.257,0.0,0.0,0.0,0.0
2,4,2,0,,,,1.3467833,0.0,0.0,0.0,0.0
2,5,2,0,,,,2.3996,0.0,0.0,0.0,0.0
2,6,2,0,,,,2.3830166,0.0,0.0,0.0,0.0
2,7,2,0,,,,1.5623833,0.0,0.0,0.0,0.0
2,8,2,0,,,,1.17565,0.0,0.0,0.0,0.0
2,9,2,0,,,,2.4193,0.0,0.0,0.0,148.24
2,10,2,0,,,,1.3708167,0.0,0.0,0.0,400.91
2,11,2,0,,,,0.59818333,0.0,0.0,0.0,579.15
2,12,2,0,,,,0.87883335,0.0,0.0,0.0,556.85
2,13,2,0,,,,1.5512333,0.0,0.0,0.0,428.18
2,14,2,0,,,,0.41155,0.0,0.0,0.0,449.93
2,15,2,0,,,,0.6580333,0.0,0.0,0.0,371.83
2,16,2,0,,,,0.71131665,0.0,0.0,0.0,375.77
2,17,2,0,,,,0.51551664,0.0,0.0,0.0,15.91
2,18,2,0,,,,0.49041668,0.0,0.0,0.0,0.0
2,19,2,0,,,,2.01375,0.0,0.0,0.0,0.0
2,20,2,0,,,,1.3835334,0.0,0.0,0.0,0.0
2,21,2,0,,,,1.2907166,0.0,0.0,0.0,0.0
2,22,2,0,,,,0.8241,0.0,0.0,0.0,0.0
2,23,2,0,,,,1.0875666,0.0,0.0,0.0,0.0
2,24,2,0,,,,1.2118889,0.0,0.0,0.0,0.0
3,1,3,0,,,,1.2616167,0.0,0.0,0.0,0.0
3,2,3,0,,,,1.2449,0.0,0.0,0.0,0.0
3,3,3,0,,,,0.48778334,0.0,0.0,0.0,0.0
3,4,3,0,,,,1.1531,0.0,0.0,0.0,0.0
3,5,3,0,,,,1.4618334,0.0,0.0,0.0,0.0
3,6,3,0,,,,2.4936333,0.0,0.0,0.0,0.0
3,7,3,0,,,,1.02405,0.0,0.0,0.0,0.0
3,8,3,0,,,,1.8543,0.0,0.0,0.0,0.02
3,9,3,0,,,,1.78015,0.0,0.0,0.0,81.06
3,10,3,0,,,,1.7244667,0.0,0.0,0.0,99.97
3,11,3,0,,,,0.89806664,0.0,0.0,0.0,106.98
3,12,3,0,,,,0.565,0.0,0.0,0.0,130.39
3,13,3,0,,,,0.58625,0.0,0.0,0.0,59.69
3,14,3,0,,,,0.6731833,0.0,0.0,0.0,50.73
3,15,3,0,,,,0.49605554,0.0,0.0,0.0,19.27
3,16,3,0,,,,0.36951667,0.0,0.0,0.0,22.93
3,17,3,0,,,,0.6252667,0.0,0.0,0.0,78.08
3,18,3,0,,,,0.993,0.0,0.0,0.0,0.59
3,19,3,0,,,,1.4700333,0.0,0.0,0.0,0.0
3,20,3,0,,,,3.98485,0.0,0.0,0.0,0.0
3,21,3,0,,,,0.9446,0.0,0.0,0.0,0.0
3,22,3,0,,,,1.0719666,0.0,0.0,0.0,0.0
3,23,3,0,,,,1.2859666,0.0,0.0,0.0,0.0
3,24,3,0,,,,1.2118889,0.0,0.0,0.0,0.0
3,1,4,0,,,,0.35,0.0,0.0,0.0,0.0
3,2,4,0,,,,0.47181666,0.0,0.0,0.0,0.0
3,3,4,0,,,,0.43289444,0.0,0.0,0.0,0.0
3,4,4,0,,,,0.692,0.0,0.0,0.0,0.0
3,5,4,0,,,,1.3096583,0.0,0.0,0.0,0.0
3,6,4,0,,,,1.7163167,0.0,0.0,0.0,0.0
3,7,4,0,,,,2.134389,0.0,0.0,0.0,0.0
3,8,4,0,,,,1.5268333,0.0,0.0,0.0,0.42
3,9,4,0,,,,1.8516222,0.0,0.0,0.0,207.15
3,10,4,0,,,,1.3318833,0.0,0.0,0.0,448.65
3,11,4,0,,,,0.9730167,0.0,0.0,0.0,734.61
3,12,4,0,,,,1.0469834,0.0,0.0,0.0,836.84
3,13,4,0,,,,1.2730833,0.0,0.0,0.0,876.45
3,14,4,0,,,,0.54718333,0.0,0.0,0.0,832.43
3,15,4,0,,,,0.357,0.0,0.0,0.0,698.88
3,16,4,0,,,,1.45275,0.0,0.0,0.0,558.33
3,17,4,0,,,,1.10065,0.0,0.0,0.0,312.13
3,18,4,0,,,,0.88785,0.0,0.0,0.0,4.42
3,19,4,0,,,,2.2331667,0.0,0.0,0.0,0.0
3,20,4,0,,,,4.8491,0.0,0.0,0.0,0.0
3,21,4,0,,,,1.0275834,0.0,0.0,0.0,0.0
3,22,4,0,,,,1.0569667,0.0,0.0,0.0,0.0
3,23,4,0,,,,1.750325,0.0,0.0,0.0,0.0
3,24,4,0,,,,1.3233334,0.0,0.0,0.0,0.0
3,1,5,0,,,,0.57815,0.0,0.0,0.0,0.0
3,2,5,0,,,,1.3247833,0.0,0.0,0.0,0.0
3,3,5,0,,,,1.3056166,0.0,0.0,0.0,0.0
3,4,5,0,,,,1.2924334,0.0,0.0,0.0,0.0
3,5,5,0,,,,1.7728,0.0,0.0,0.0,0.0
3,6,5,0,,,,1.5945834,0.0,0.0,0.0,0.0
3,7,5,0,,,,1.7245055,0.0,0.0,0.0,0.0
3,8,5,0,,,,1.1807834,0.0,0.0,0.0,11.0
3,9,5,0,,,,1.2736666,0.0,0.0,0.0,324.06
3,10,5,0,,,,1.3094833,0.0,0.0,0.0,547.24
3,11,5,0,,,,1.383,0.0,0.0,0.0,700.92
3,12,5,0,,,,0.68506664,0.0,0.0,0.0,792.22
3,13,5,0,,,,0.68110555,0.0,0.0,0.0,836.27
3,14,5,0,,,,0.40141666,0.0,0.0,0.0,793.57
3,15,5,0,,,,0.113333255,0.0,0.0,0.0,696.29
3,16,5,0,,,,0.70523334,0.0,0.0,0.0,541.16
3,17,5,0,,,,0.67256665,0.0,0.0,0.0,241.67
3,18,5,0,,,,0.83205,0.0,0.0,0.0,2.31
3,19,5,0,,,,0.790175,0.0,0.0,0.0,0.0
3,20,5,0,,,,0.8804333,0.0,0.0,0.0,0.0
3,21,5,0,,,,0.8441333,0.0,0.0,0.0,0.0
3,22,5,0,,,,0.45176667,0.0,0.0,0.0,0.0
3,23,5,0,,,,1.0724666,0.0,0.0,0.0,0.0
3,24,5,0,,,,1.1905167,0.0,0.0,0.0,0.0
3,1,6,0,,,,1.19765,0.0,0.0,0.0,0.0
3,2,6,0,,,,1.184,0.0,0.0,0.0,0.0
3,3,6,0,,,,1.159,0.0,0.0,0.0,0.0
3,4,6,0,,,,1.4027667,0.0,0.0,0.0,0.0
3,5,6,0,,,,1.5689334,0.0,0.0,0.0,0.0
3,6,6,0,,,,1.4095334,0.0,0.0,0.0,0.0
3,7,6,0,,,,1.7293055,0.0,0.0,0.0,0.0
3,8,6,0,,,,1.6518834,0.0,0.0,0.0,0.01
3,9,6,0,,,,1.7921667,0.0,0.0,0.0,28.74
3,10,6,0,,,,0.73333335,0.0,0.0,0.0,95.14
3,11,6,0,,,,1.2085167,0.0,0.0,0.0,124.62
3,12,6,0,,,,2.1097333,0.0,0.0,0.0,332.14
3,13,6,0,,,,0.8714667,0.0,0.0,0.0,182.81
3,14,6,0,,,,1.5819666,0.0,0.0,0.0,191.89
3,15,6,0,,,,0.9798167,0.0,0.0,0.0,220.23
3,16,6,0,,,,1.011,0.0,0.0,0.0,107.01
3,17,6,0,,,,1.6001834,0.0,0.0,0.0,37.28
3,18,6,0,,,,1.3327167,0.0,0.0,0.0,5.76
3,19,6,0,,,,1.5344666,0.0,0.0,0.0,0.0
3,20,6,0,,,,2.2579167,0.0,0.0,0.0,0.0
3,21,6,0,,,,1.3178667,0.0,0.0,0.0,0.0
3,22,6,0,,,,0.95891666,0.0,0.0,0.0,0.0
3,23,6,0,,,,1.5374458,0.0,0.0,0.0,0.0
3,24,6,0,,,,0.5707,0.0,0.0,0.0,0.0
3,1,7,0,,,,1.3130167,0.0,0.0,0.0,0.0
3,2,7,0,,,,1.35745,0.0,0.0,0.0,0.0
3,3,7,0,,,,1.3036166,0.0,0.0,0.0,0.0
3,4,7,0,,,,1.4411666,0.0,0.0,0.0,0.0
3,5,7,0,,,,0.98628336,0.0,0.0,0.0,0.0
3,6,7,0,,,,1.4413333,0.0,0.0,0.0,0.0
3,7,7,0,,,,1.6458555,0.0,0.0,0.0,0.0
3,8,7,0,,,,1.8507167,0.0,0.0,0.0,3.13
3,9,7,0,,,,2.2184334,0.0,0.0,0.0,112.21
3,10,7,0,,,,1.8985167,0.0,0.0,0.0,373.25
3,11,7,0,,,,1.0680667,0.0,0.0,0.0,83.96
3,12,7,0,,,,0.41535,0.0,0.0,0.0,76.49
3,13,7,0,,,,0.49155,0.0,0.0,0.0,103.08
3,14,7,0,,,,0.47505,0.0,0.0,0.0,91.28
3,15,7,0,,,,0.72583336,0.0,0.0,0.0,134.14
3,16,7,0,,,,0.571,0.0,0.0,0.0,338.44
3,17,7,0,,,,0.867,0.0,0.0,0.0,208.87
3,18,7,0,,,,1.5529,0.0,0.0,0.0,4.18
3,19,7,0,,,,4.0246334,0.0,0.0,0.0,0.0
3,20,7,0,,,,2.385475,0.0,0.0,0.0,0.0
3,21,7,0,,,,1.0915834,0.0,0.0,0.0,0.0
3,22,7,0,,,,1.02375,0.0,0.0,0.0,0.0
3,23,7,0,,,,1.0868334,0.0,0.0,0.0,0.0
3,24,7,0,,,,1.3018,0.0,0.0,0.0,0.0
3,1,1,0,,,,0.731,0.0,0.0,0.0,0.0
3,2,1,0,,,,1.4849833,0.0,0.0,0.0,0.0
3,3,1,0,,,,1.2806833,0.0,0.0,0.0,0.0
3,4,1,0,,,,0.5053667,0.0,0.0,0.0,0.0
3,5,1,0,,,,1.6289667,0.0,0.0,0.0,0.0
3,6,1,0,,,,1.4413333,0.0,0.0,0.0,0.0
3,7,1,0,,,,1.7611722,0.0,0.0,0.0,0.0
3,8,1,0,,,,1.4970167,0.0,0.0,0.0,59.41
3,9,1,0,,,,1.71905,0.0,0.0,0.0,319.49
3,10,1,0,,,,0.87116665,0.0,0.0,0.0,539.71
3,11,1,0,,,,0.29083332,0.0,0.0,0.0,642.37
3,12,1,0,,,,1.4572667,0.0,0.0,0.0,509.59
3,13,1,0,,,,0.6572,0.0,0.0,0.0,68.23
3,14,1,0,,,,0.598775,0.0,0.0,0.0,61.01
3,15,1,0,,,,1.0568167,0.0,0.0,0.0,21.1
3,16,1,0,,,,0.8606667,0.0,0.0,0.0,26.26
3,17,1,0,,,,0.60445,0.0,0.0,0.0,16.96
3,18,1,0,,,,0.7969,0.0,0.0,0.0,0.0
3,19,1,0,,,,2.4683666,0.0,0.0,0.0,0.0
3,20,1,0,,,,2.8595667,0.0,0.0,0.0,0.0
3,21,1,0,,,,1.1344666,0.0,0.0,0.0,0.0
3,22,1,0,,,,0.8498222,0.0,0.0,0.0,0.0
3,23,1,0,,,,1.3194,0.0,0.0,0.0,0.0
3,24,1,0,,,,1.3684,0.0,0.0,0.0,0.0
3,1,2,0,,,,1.154,0.0,0.0,0.0,0.0
3,2,2,0,,,,1.3813833,0.0,0.0,0.0,0.0
3,3,2,0,,,,1.3279667,0.0,0.0,0.0,0.0
3,4,2,0,,,,1.2935277,0.0,0.0,0.0,0.0
3,5,2,0,,,,1.6514,0.0,0.0,0.0,0.0
3,6,2,0,,,,1.3251055,0.0,0.0,0.0,0.0
3,7,2,0,,,,1.5943333,0.0,0.0,0.0,0.0
3,8,2,0,,,,1.1687,0.0,0.0,0.0,51.6
3,9,2,0,,,,1.4833333,0.0,0.0,0.0,319.27
3,10,2,0,,,,1.8001333,0.0,0.0,0.0,526.42
3,11,2,0,,,,0.89245,0.0,0.0,0.0,559.79
3,12,2,0,,,,0.27788332,0.0,0.0,0.0,691.78
3,13,2,0,,,,1.3111334,0.0,0.0,0.0,785.64
3,14,2,0,,,,0.48656666,0.0,0.0,0.0,792.01
3,15,2,0,,,,0.55523336,0.0,0.0,0.0,634.09
3,16,2,0,,,,0.347,0.0,0.0,0.0,500.69
3,17,2,0,,,,0.97541666,0.0,0.0,0.0,214.9
3,18,2,0,,,,1.0914667,0.0,0.0,0.0,5.21
3,19,2,0,,,,2.16865,0.0,0.0,0.0,0.0
3,20,2,0,,,,4.28515,0.0,0.0,0.0,0.0
3,21,2,0,,,,1.2002333,0.0,0.0,0.0,0.0
3,22,2,0,,,,0.8674167,0.0,0.0,0.0,0.0
3,23,2,0,,,,1.0049083,0.0,0.0,0.0,0.0
3,24,2,0,,,,1.2118889,0.0,0.0,0.0,0.0
3,1,3,0,,,,1.305,0.0,0.0,0.0,0.0
3,2,3,0,,,,1.3813833,0.0,0.0,0.0,0.0
3,3,3,0,,,,1.23325,0.0,0.0,0.0,0.0
3,4,3,0,,,,1.2166778,0.0,0.0,0.0,0.0
3,5,3,0,,,,1.8841333,0.0,0.0,0.0,0.0
3,6,3,0,,,,1.5045667,0.0,0.0,0.0,0.0
3,7,3,0,,,,2.1416166,0.0,0.0,0.0,0.0
3,8,3,0,,,,1.0812334,0.0,0.0,0.0,73.39
3,9,3,0,,,,1.9138666,0.0,0.0,0.0,61.07
3,10,3,0,,,,1.9548666,0.0,0.0,0.0,438.83
3,11,3,0,,,,0.82773334,0.0,0.0,0.0,455.06
3,12,3,0,,,,0.45126668,0.0,0.0,0.0,715.88
3,13,3,0,,,,0.4308,0.0,0.0,0.0,666.85
3,14,3,0,,,,0.66545,0.0,0.0,0.0,686.61
3,15,3,0,,,,0.48747224,0.0,0.0,0.0,458.42
3,16,3,0,,,,0.29678333,0.0,0.0,0.0,13.43
3,17,3,0,,,,0.7611167,0.0,0.0,0.0,46.49
3,18,3,0,,,,0.7378333,0.0,0.0,0.0,5.58
3,19,3,0,,,,1.7279167,0.0,0.0,0.0,0.0
3,20,3,0,,,,3.85915,0.0,0.0,0.0,0.0
3,21,3,0,,,,0.82365,0.0,0.0,0.0,0.0
3,22,3,0,,,,1.33585,0.0,0.0,0.0,0.0
3,23,3,0,,,,1.4043,0.0,0.0,0.0,0.0
3,24,3,0,,,,0.43005,0.0,0.0,0.0,0.0
3,1,4,0,,,,2.3489,0.0,0.0,0.0,0.0
3,2,4,0,,,,1.29505,0.0,0.0,0.0,0.0
3,3,4,0,,,,1.25855,0.0,0.0,0.0,0.0
3,4,4,0,,,,1.9127834,0.0,0.0,0.0,0.0
3,5,4,0,,,,2.0135667,0.0,0.0,0.0,0.0
3,6,4,0,,,,1.5794834,0.0,0.0,0.0,0.0
3,7,4,0,,,,2.3320389,0.0,0.0,0.0,0.0
3,8,4,0,,,,1.4014333,0.0,0.0,0.0,82.2
3,9,4,0,,,,1.9318666,0.0,0.0,0.0,310.29
3,10,4,0,,,,1.9591167,0.0,0.0,0.0,534.13
3,11,4,0,,,,1.7176833,0.0,0.0,0.0,686.61
3,12,4,0,,,,0.482,0.0,0.0,0.0,758.63
3,13,4,0,,,,0.35545,0.0,0.0,0.0,750.57
3,14,4,0,,,,0.6271833,0.0,0.0,0.0,711.4
3,15,4,0,,,,0.6403889,0.0,0.0,0.0,556.07
3,16,4,0,,,,1.0947,0.0,0.0,0.0,270.92
3,17,4,0,,,,0.92115,0.0,0.0,0.0,84.3
3,18,4,0,,,,0.9791667,0.0,0.0,0.0,4.57
3,19,4,0,,,,1.64875,0.0,0.0,0.0,0.0
3,20,4,0,,,,1.6231,0.0,0.0,0.0,0.0
3,21,4,0,,,,0.9731167,0.0,0.0,0.0,0.0
3,22,4,0,,,,0.8725,0.0,0.0,0.0,0.0
3,23,4,0,,,,0.52203333,0.0,0.0,0.0,0.0
3,24,4,0,,,,0.43561667,0.0,0.0,0.0,0.0
3,1,5,0,,,,0.7471333,0.0,0.0,0.0,0.0
3,2,5,0,,,,0.58235,0.0,0.0,0.0,0.0
3,3,5,0,,,,0.655,0.0,0.0,0.0,0.0
3,4,5,0,,,,0.64885,0.0,0.0,0.0,0.0
3,5,5,0,,,,1.8561667,0.0,0.0,0.0,0.0
3,6,5,0,,,,2.1061666,0.0,0.0,0.0,0.0
3,7,5,0,,,,1.1181222,0.0,0.0,0.0,0.0
3,8,5,0,,,,1.1431834,0.0,0.0,0.0,0.36
3,9,5,0,,,,1.0716833,0.0,0.0,0.0,70.13
3,10,5,0,,,,3.1091833,0.0,0.0,0.0,162.36
3,11,5,0,,,,1.095,0.0,0.0,0.0,244.61
3,12,5,0,,,,0.92448336,0.0,0.0,0.0,75.82
3,13,5,0,,,,0.2825,0.0,0.0,0.0,29.05
3,14,5,0,,,,0.49309444,0.0,0.0,0.0,157.16
3,15,5,0,,,,0.70477223,0.0,0.0,0.0,104.75
3,16,5,0,,,,0.7698611,0.0,0.0,0.0,233.25
3,17,5,0,,,,0.5444389,0.0,0.0,0.0,42.08
3,18,5,0,,,,0.52845,0.0,0.0,0.0,10.79
3,19,5,0,,,,1.21575,0.0,0.0,0.0,0.0
3,20,5,0,,,,2.21695,0.0,0.0,0.0,0.0
3,21,5,0,,,,0.8786,0.0,0.0,0.0,0.0
3,22,5,0,,,,0.86515,0.0,0.0,0.0,0.0
3,23,5,0,,,,0.46845,0.0,0.0,0.0,0.0
3,24,5,0,,,,0.43005,0.0,0.0,0.0,0.0
3,1,6,0,,,,0.7471333,0.0,0.0,0.0,0.0
3,2,6,0,,,,1.101,0.0,0.0,0.0,0.0
3,3,6,0,,,,1.1634,0.0,0.0,0.0,0.0
3,4,6,0,,,,1.1783834,0.0,0.0,0.0,0.0
3,5,6,0,,,,1.1788334,0.0,0.0,0.0,0.0
3,6,6,0,,,,1.095,0.0,0.0,0.0,0.0
3,7,6,0,,,,1.3077723,0.0,0.0,0.0,0.0
3,8,6,0,,,,1.5101583,0.0,0.0,0.0,0.37
3,9,6,0,,,,2.5830166,0.0,0.0,0.0,164.91
3,10,6,0,,,,1.37905,0.0,0.0,0.0,104.45
3,11,6,0,,,,1.0027,0.0,0.0,0.0,390.27
3,12,6,0,,,,0.69173336,0.0,0.0,0.0,288.04
3,13,6,0,,,,0.537,0.0,0.0,0.0,144.46
3,14,6,0,,,,0.87761664,0.0,0.0,0.0,50.51
3,15,6,0,,,,0.57305,0.0,0.0,0.0,22.62
3,16,6,0,,,,0.80686665,0.0,0.0,0.0,133.93
3,17,6,0,,,,1.2775,0.0,0.0,0.0,118.86
3,18,6,0,,,,0.5255833,0.0,0.0,0.0,74.88
3,19,6,0,,,,0.6173583,0.0,0.0,0.0,0.0
3,20,6,0,,,,1.1659083,0.0,0.0,0.0,0.0
3,21,6,0,,,,1.0751166,0.0,0.0,0.0,0.0
3,22,6,0,,,,0.8165,0.0,0.0,0.0,0.0
3,23,6,0,,,,1.4071333,0.0,0.0,0.0,0.0
3,24,6,0,,,,1.2387167,0.0,0.0,0.0,0.0
3,1,7,0,,,,1.265,0.0,0.0,0.0,0.0
3,2,7,0,,,,1.265,0.0,0.0,0.0,0.0
3,3,7,0,,,,1.265,0.0,0.0,0.0,0.0
3,4,7,0,,,,1.2709334,0.0,0.0,0.0,0.0
3,5,7,0,,,,1.6289667,0.0,0.0,0.0,0.0
3,6,7,0,,,,1.3251055,0.0,0.0,0.0,0.0
3,7,7,0,,,,2.1541388,0.0,0.0,0.0,0.0
3,8,7,0,,,,1.5427834,0.0,0.0,0.0,92.06
3,9,7,0,,,,2.2950168,0.0,0.0,0.0,321.69
3,10,7,0,,,,1.6780666,0.0,0.0,0.0,473.9
3,11,7,0,,,,1.0799834,0.0,0.0,0.0,438.11
3,12,7,0,,,,0.49333334,0.0,0.0,0.0,771.3
3,13,7,0,,,,0.49813333,0.0,0.0,0.0,618.14
3,14,7,0,,,,0.45508334,0.0,0.0,0.0,324.82
3,15,7,0,,,,0.38741666,0.0,0.0,0.0,63.51
3,16,7,0,,,,1.4829834,0.0,0.0,0.0,36.75
3,17,7,0,,,,1.7934834,0.0,0.0,0.0,41.64
3,18,7,0,,,,1.8151444,0.0,0.0,0.0,50.79
3,19,7,0,,,,1.4923667,0.0,0.0,0.0,0.0
3,20,7,0,,,,2.0310833,0.0,0.0,0.0,0.0
3,21,7,0,,,,1.45395,0.0,0.0,0.0,0.0
3,22,7,0,,,,1.25345,0.0,0.0,0.0,0.0
3,23,7,0,,,,1.2971833,0.0,0.0,0.0,0.0
3,24,7,0,,,,1.2387167,0.0,0.0,0.0,0.0
3,1,1,0,,,,1.37325,0.0,0.0,0.0,0.0
3,2,1,0,,,,0.653,0.0,0.0,0.0,0.0
3,3,1,0,,,,0.653,0.0,0.0,0.0,0.0
3,4,1,0,,,,1.2595667,0.0,0.0,0.0,0.0
3,5,1,0,,,,1.1315167,0.0,0.0,0.0,0.0
3,6,1,0,,,,1.3043667,0.0,0.0,0.0,0.0
3,7,1,0,,,,1.9672389,0.0,0.0,0.0,0.0
3,8,1,0,,,,1.8121333,0.0,0.0,0.0,120.83
3,9,1,0,,,,1.7772334,0.0,0.0,0.0,370.18
3,10,1,0,,,,2.1905167,0.0,0.0,0.0,600.81
3,11,1,0,,,,0.66433334,0.0,0.0,0.0,755.29
3,12,1,0,,,,1.5374167,0.0,0.0,0.0,845.43
3,13,1,0,,,,0.98146665,0.0,0.0,0.0,874.92
3,14,1,0,,,,0.24745,0.0,0.0,0.0,836.48
3,15,1,0,,,,0.35388333,0.0,0.0,0.0,732.91
3,16,1,0,,,,0.51026666,0.0,0.0,0.0,569.2
3,17,1,0,,,,3.1051333,0.0,0.0,0.0,347.11
3,18,1,0,,,,1.7958666,0.0,0.0,0.0,94.98
3,19,1,0,,,,1.5187666,0.0,0.0,0.0,0.0
3,20,1,0,,,,4.421039,0.0,0.0,0.0,0.0
3,21,1,0,,,,1.45395,0.0,0.0,0.0,0.0
3,22,1,0,,,,0.9410722,0.0,0.0,0.0,0.0
3,23,1,0,,,,0.5963167,0.0,0.0,0.0,0.0
3,24,1,0,,,,0.55667776,0.0,0.0,0.0,0.0
3,1,2,0,,,,0.56306666,0.0,0.0,0.0,0.0
3,2,2,0,,,,0.51916665,0.0,0.0,0.0,0.0
3,3,2,0,,,,0.48778334,0.0,0.0,0.0,0.0
3,4,2,0,,,,0.48762777,0.0,0.0,0.0,0.0
3,5,2,0,,,,0.66828334,0.0,0.0,0.0,0.0
3,6,2,0,,,,1.3251055,0.0,0.0,0.0,0.0
3,7,2,0,,,,0.8103333,0.0,0.0,0.0,0.0
3,8,2,0,,,,1.0566555,0.0,0.0,0.0,0.0
3,9,2,0,,,,0.85345,0.0,0.0,0.0,65.71
3,10,2,0,,,,0.8028833,0.0,0.0,0.0,139.98
3,11,2,0,,,,0.4367,0.0,0.0,0.0,325.2
3,12,2,0,,,,0.65870553,0.0,0.0,0.0,403.79
3,13,2,0,,,,0.38431665,0.0,0.0,0.0,413.15
3,14,2,0,,,,0.38318333,0.0,0.0,0.0,324.67
3,15,2,0,,,,0.4143111,0.0,0.0,0.0,286.75
3,16,2,0,,,,0.42643332,0.0,0.0,0.0,0.0
3,17,2,0,,,,1.0118166,0.0,0.0,0.0,149.48
3,18,2,0,,,,1.0334166,0.0,0.0,0.0,82.5
3,19,2,0,,,,1.2898667,0.0,0.0,0.0,0.0
3,20,2,0,,,,3.4452333,0.0,0.0,0.0,0.0
3,21,2,0,,,,1.33505,0.0,0.0,0.0,0.0
3,22,2,0,,,,0.68613887,0.0,0.0,0.0,0.0
3,23,2,0,,,,0.60828334,0.0,0.0,0.0,0.0
3,24,2,0,,,,0.57523334,0.0,0.0,0.0,0.0
3,1,3,0,,,,0.57815,0.0,0.0,0.0,0.0
3,2,3,0,,,,0.5699889,0.0,0.0,0.0,0.0
3,3,3,0,,,,0.53728336,0.0,0.0,0.0,0.0
3,4,3,0,,,,0.52313334,0.0,0.0,0.0,0.0
3,5,3,0,,,,1.4795667,0.0,0.0,0.0,0.0
3,6,3,0,,,,1.8119389,0.0,0.0,0.0,0.0
3,7,3,0,,,,1.2926167,0.0,0.0,0.0,0.0
3,8,3,0,,,,0.91713333,0.0,0.0,0.0,59.64
3,9,3,0,,,,0.45986667,0.0,0.0,0.0,301.36
3,10,3,0,,,,0.43491668,0.0,0.0,0.0,556.67
3,11,3,0,,,,0.4737,0.0,0.0,0.0,719.16
3,12,3,0,,,,0.47795,0.0,0.0,0.0,807.63
3,13,3,0,,,,0.43700555,0.0,0.0,0.0,843.7
3,14,3,0,,,,0.43473333,0.0,0.0,0.0,728.96
3,15,3,0,,,,0.46906668,0.0,0.0,0.0,554.95
3,16,3,0,,,,0.72653335,0.0,0.0,0.0,466.39
3,17,3,0,,,,2.9403334,0.0,0.0,0.0,338.53
3,18,3,0,,,,1.05165,0.0,0.0,0.0,65.29
3,19,3,0,,,,0.63125,0.0,0.0,0.0,0.0
3,20,3,0,,,,0.59723336,0.0,0.0,0.0,0.0
3,21,3,0,,,,0.6190111,0.0,0.0,0.0,0.0
3,22,3,0,,,,1.3237667,0.0,0.0,0.0,0.0
3,23,3,0,,,,0.79952776,0.0,0.0,0.0,0.0
3,24,3,0,,,,0.43561667,0.0,0.0,0.0,0.0
3,1,4,0,,,,0.48782778,0.0,0.0,0.0,0.0
3,2,4,0,,,,0.47181666,0.0,0.0,0.0,0.0
3,3,4,0,,,,0.43289444,0.0,0.0,0.0,0.0
3,4,4,0,,,,0.44691667,0.0,0.0,0.0,0.0
3,5,4,0,,,,0.79635555,0.0,0.0,0.0,0.0
3,6,4,0,,,,1.4310167,0.0,0.0,0.0,0.0
3,7,4,0,,,,0.61378336,0.0,0.0,0.0,0.0
3,8,4,0,,,,0.45338333,0.0,0.0,0.0,1.21
3,9,4,0,,,,0.71926665,0.0,0.0,0.0,41.29
3,10,4,0,,,,0.43828332,0.0,0.0,0.0,36.36
3,11,4,0,,,,0.29703888,0.0,0.0,0.0,70.21
3,12,4,0,,,,0.29203334,0.0,0.0,0.0,69.28
3,13,4,0,,,,0.49810556,0.0,0.0,0.0,74.64
3,14,4,0,,,,0.66111666,0.0,0.0,0.0,58.73
3,15,4,0,,,,0.33385557,0.0,0.0,0.0,149.24
3,16,4,0,,,,0.40863332,0.0,0.0,0.0,273.81
3,17,4,0,,,,0.99193335,0.0,0.0,0.0,110.31
3,18,4,0,,,,1.2055666,0.0,0.0,0.0,65.9
3,19,4,0,,,,0.95238334,0.0,0.0,0.0,0.0
3,20,4,0,,,,3.16715,0.0,0.0,0.0,0.0
3,21,4,0,,,,2.3018668,0.0,0.0,0.0,0.0
3,22,4,0,,,,1.8220834,0.0,0.0,0.0,0.0
3,23,4,0,,,,1.7702416,0.0,0.0,0.0,0.0
3,24,4,0,,,,1.3233334,0.0,0.0,0.0,0.0
3,1,5,0,,,,1.3474778,0.0,0.0,0.0,0.0
3,2,5,0,,,,1.3247833,0.0,0.0,0.0,0.0
3,3,5,0,,,,1.3056166,0.0,0.0,0.0,0.0
3,4,5,0,,,,1.2924334,0.0,0.0,0.0,0.0
3,5,5,0,,,,1.3235611,0.0,0.0,0.0,0.0
3,6,5,0,,,,1.65495,0.0,0.0,0.0,0.0
3,7,5,0,,,,1.3675389,0.0,0.0,0.0,0.0
3,8,5,0,,,,1.2948333,0.0,0.0,0.0,27.15
3,9,5,0,,,,2.0576668,0.0,0.0,0.0,46.64
3,10,5,0,,,,2.5484,0.0,0.0,0.0,137.23
3,11,5,0,,,,0.9623111,0.0,0.0,0.0,365.47
3,12,5,0,,,,0.80173886,0.0,0.0,0.0,208.97
3,13,5,0,,,,0.74238336,0.0,0.0,0.0,605.51
3,14,5,0,,,,0.56135,0.0,0.0,0.0,821.73
3,15,5,0,,,,0.41108334,0.0,0.0,0.0,700.53
3,16,5,0,,,,0.4394,0.0,0.0,0.0,555.64
3,17,5,0,,,,0.47600555,0.0,0.0,0.0,331.38
3,18,5,0,,,,0.38611665,0.0,0.0,0.0,75.66
3,19,5,0,,,,1.21575,0.0,0.0,0.0,0.0
3,20,5,0,,,,2.21695,0.0,0.0,0.0,0.0
3,21,5,0,,,,1.2567834,0.0,0.0,0.0,0.0
3,22,5,0,,,,0.82165,0.0,0.0,0.0,0.0
3,23,5,0,,,,0.46845,0.0,0.0,0.0,0.0
3,24,5,0,,,,0.50988334,0.0,0.0,0.0,0.0
3,1,6,0,,,,0.9088611,0.0,0.0,0.0,0.0
3,2,6,0,,,,0.49555,0.0,0.0,0.0,0.0
3,3,6,0,,,,0.4614778,0.0,0.0,0.0,0.0
3,4,6,0,,,,0.49625,0.0,0.0,0.0,0.0
3,5,6,0,,,,0.36844444,0.0,0.0,0.0,0.0
3,6,6,0,,,,0.41993332,0.0,0.0,0.0,0.0
3,7,6,0,,,,0.81110555,0.0,0.0,0.0,0.0
3,8,6,0,,,,0.513675,0.0,0.0,0.0,94.33
3,9,6,0,,,,0.38758335,0.0,0.0,0.0,344.44
3,10,6,0,,,,0.3287,0.0,0.0,0.0,574.24
3,11,6,0,,,,0.60525,0.0,0.0,0.0,727.38
3,12,6,0,,,,0.35627222,0.0,0.0,0.0,823.42
3,13,6,0,,,,0.47755,0.0,0.0,0.0,830.76
3,14,6,0,,,,0.99001664,0.0,0.0,0.0,810.8
3,15,6,0,,,,1.3734334,0.0,0.0,0.0,709.5
3,16,6,0,,,,1.0985833,0.0,0.0,0.0,300.96
3,17,6,0,,,,1.7432834,0.0,0.0,0.0,168.81
3,18,6,0,,,,1.07265,0.0,0.0,0.0,16.79
3,19,6,0,,,,5.0888667,0.0,0.0,0.0,0.0
3,20,6,0,,,,1.84295,0.0,0.0,0.0,0.0
3,21,6,0,,,,0.9731,0.0,0.0,0.0,0.0
3,22,6,0,,,,0.5647333,0.0,0.0,0.0,0.0
3,23,6,0,,,,1.3291833,0.0,0.0,0.0,0.0
3,24,6,0,,,,1.2892667,0.0,0.0,0.0,0.0
3,1,7,0,,,,1.2978667,0.0,0.0,0.0,0.0
3,2,7,0,,,,1.3132666,0.0,0.0,0.0,0.0
3,3,7,0,,,,1.2756166,0.0,0.0,0.0,0.0
3,4,7,0,,,,1.2507833,0.0,0.0,0.0,0.0
3,5,7,0,,,,1.2793167,0.0,0.0,0.0,0.0
3,6,7,0,,,,1.2714666,0.0,0.0,0.0,0.0
3,7,7,0,,,,1.7456167,0.0,0.0,0.0,0.0
3,8,7,0,,,,1.7201583,0.0,0.0,0.0,62.58
3,9,7,0,,,,2.347775,0.0,0.0,0.0,46.93
3,10,7,0,,,,2.4322667,0.0,0.0,0.0,87.57
3,11,7,0,,,,0.8678667,0.0,0.0,0.0,182.95
3,12,7,0,,,,1.0475667,0.0,0.0,0.0,99.77
3,13,7,0,,,,0.78998333,0.0,0.0,0.0,32.48
3,14,7,0,,,,0.35778335,0.0,0.0,0.0,68.84
3,15,7,0,,,,0.46325,0.0,0.0,0.0,82.2
3,16,7,0,,,,0.43711665,0.0,0.0,0.0,50.59
3,17,7,0,,,,2.8029168,0.0,0.0,0.0,51.4
3,18,7,0,,,,3.8202167,0.0,0.0,0.0,39.14
3,19,7,0,,,,2.03615,0.0,0.0,0.0,0.0
3,20,7,0,,,,2.8740666,0.0,0.0,0.0,0.0
3,21,7,0,,,,1.2473167,0.0,0.0,0.0,0.0
3,22,7,0,,,,1.1788223,0.0,0.0,0.0,0.0
3,23,7,0,,,,1.4679333,0.0,0.0,0.0,0.0
3,24,7,0,,,,1.3994666,0.0,0.0,0.0,0.0
3,1,1,0,,,,1.4190778,0.0,0.0,0.0,0.0
3,2,1,0,,,,1.3914666,0.0,0.0,0.0,0.0
3,3,1,0,,,,1.3800889,0.0,0.0,0.0,0.0
3,4,1,0,,,,1.4001,0.0,0.0,0.0,0.0
3,5,1,0,,,,1.4358555,0.0,0.0,0.0,0.0
3,6,1,0,,,,1.76295,0.0,0.0,0.0,0.0
3,7,1,0,,,,1.9956388,0.0,0.0,0.0,0.0
3,8,1,0,,,,1.64535,0.0,0.0,0.0,7.11
3,9,1,0,,,,1.8598223,0.0,0.0,0.0,85.39
3,10,1,0,,,,1.7981666,0.0,0.0,0.0,125.9
3,11,1,0,,,,0.32973334,0.0,0.0,0.0,325.53
3,12,1,0,,,,0.38053334,0.0,0.0,0.0,476.18
3,13,1,0,,,,0.83863336,0.0,0.0,0.0,293.55
3,14,1,0,,,,0.7364778,0.0,0.0,0.0,270.68
3,15,1,0,,,,1.196,0.0,0.0,0.0,148.35
3,16,1,0,,,,1.6066889,0.0,0.0,0.0,208.55
3,17,1,0,,,,0.3796,0.0,0.0,0.0,133.82
3,18,1,0,,,,0.4761,0.0,0.0,0.0,7.54
3,19,1,0,,,,1.7420167,0.0,0.0,0.0,0.0
3,20,1,0,,,,4.0999446,0.0,0.0,0.0,0.0
3,21,1,0,,,,1.00145,0.0,0.0,0.0,0.0
3,22,1,0,,,,0.96821666,0.0,0.0,0.0,0.0
3,23,1,0,,,,1.2998667,0.0,0.0,0.0,0.0
3,24,1,0,,,,1.2792833,0.0,0.0,0.0,0.0
3,1,2,0,,,,1.2916334,0.0,0.0,0.0,0.0
3,2,2,0,,,,1.24635,0.0,0.0,0.0,0.0
3,3,2,0,,,,1.31,0.0,0.0,0.0,0.0
3,4,2,0,,,,1.2214167,0.0,0.0,0.0,0.0
3,5,2,0,,,,1.4498,0.0,0.0,0.0,0.0
3,6,2,0,,,,1.8956833,0.0,0.0,0.0,0.0
3,7,2,0,,,,1.6615666,0.0,0.0,0.0,0.0
3,8,2,0,,,,1.7758833,0.0,0.0,0.0,83.91
3,9,2,0,,,,2.55045,0.0,0.0,0.0,89.97
3,10,2,0,,,,2.2041166,0.0,0.0,0.0,103.2
3,11,2,0,,,,1.2811167,0.0,0.0,0.0,71.02
3,12,2,0,,,,1.7419667,0.0,0.0,0.0,157.94
3,13,2,0,,,,0.50975,0.0,0.0,0.0,201.15
3,14,2,0,,,,0.44639444,0.0,0.0,0.0,210.18
3,15,2,0,,,,0.45731667,0.0,0.0,0.0,94.8
3,16,2,0,,,,0.42815,0.0,0.0,0.0,284.11
3,17,2,0,,,,0.6835167,0.0,0.0,0.0,197.82
3,18,2,0,,,,1.0716667,0.0,0.0,0.0,70.93
3,19,2,0,,,,1.9395167,0.0,0.0,0.0,0.0
3,20,2,0,,,,2.1664667,0.0,0.0,0.0,0.0
3,21,2,0,,,,1.4091333,0.0,0.0,0.0,0.0
3,22,2,0,,,,1.1295167,0.0,0.0,0.0,0.0
3,23,2,0,,,,1.3525667,0.0,0.0,0.0,0.0
3,24,2,0,,,,1.2217333,0.0,0.0,0.0,0.0
3,1,3,0,,,,1.2919166,0.0,0.0,0.0,0.0
3,2,3,0,,,,1.2399666,0.0,0.0,0.0,0.0
3,3,3,0,,,,1.2801334,0.0,0.0,0.0,0.0
3,4,3,0,,,,1.2365,0.0,0.0,0.0,0.0
3,5,3,0,,,,1.7747834,0.0,0.0,0.0,0.0
3,6,3,0,,,,2.0724833,0.0,0.0,0.0,0.0
3,7,3,0,,,,1.5687166,0.0,0.0,0.0,0.0
3,8,3,0,,,,1.3632,0.0,0.0,0.0,4.73
3,9,3,0,,,,1.9254,0.0,0.0,0.0,26.27
3,10,3,0,,,,1.88355,0.0,0.0,0.0,261.55
3,11,3,0,,,,0.55945,0.0,0.0,0.0,148.65
3,12,3,0,,,,1.0547,0.0,0.0,0.0,127.84
3,13,3,0,,,,0.7752333,0.0,0.0,0.0,328.34
3,14,3,0,,,,0.3697,0.0,0.0,0.0,110.98
3,15,3,0,,,,0.35256666,0.0,0.0,0.0,26.39
3,16,3,0,,,,0.39218333,0.0,0.0,0.0,75.87
3,17,3,0,,,,0.50848335,0.0,0.0,0.0,324.47
3,18,3,0,,,,1.122,0.0,0.0,0.0,96.14
3,19,3,0,,,,1.6167667,0.0,0.0,0.0,0.0
3,20,3,0,,,,5.660567,0.0,0.0,0.0,0.0
3,21,3,0,,,,1.1151333,0.0,0.0,0.0,0.0
3,22,3,0,,,,1.0068333,0.0,0.0,0.0,0.0
3,23,3,0,,,,1.3555666,0.0,0.0,0.0,0.0
3,24,3,0,,,,1.2871667,0.0,0.0,0.0,0.0
3,1,4,0,,,,1.2552667,0.0,0.0,0.0,0.0
3,2,4,0,,,,1.2522,0.0,0.0,0.0,0.0
3,3,4,0,,,,1.2448833,0.0,0.0,0.0,0.0
3,4,4,0,,,,1.2556334,0.0,0.0,0.0,0.0
3,5,4,0,,,,1.7127,0.0,0.0,0.0,0.0
3,6,4,0,,,,2.02955,0.0,0.0,0.0,0.0
3,7,4,0,,,,1.7290833,0.0,0.0,0.0,0.0
3,8,4,0,,,,1.3825333,0.0,0.0,0.0,166.12
3,9,4,0,,,,1.86115,0.0,0.0,0.0,421.4
3,10,4,0,,,,1.4704666,0.0,0.0,0.0,630.8
3,11,4,0,,,,1.4119667,0.0,0.0,0.0,774.1
3,12,4,0,,,,1.38205,0.0,0.0,0.0,637.62
3,13,4,0,,,,0.96431667,0.0,0.0,0.0,219.67
3,14,4,0,,,,0.55378336,0.0,0.0,0.0,732.8
3,15,4,0,,,,0.77958333,0.0,0.0,0.0,406.29
3,16,4,0,,,,0.93806666,0.0,0.0,0.0,135.06
3,17,4,0,,,,0.39603335,0.0,0.0,0.0,182.11
3,18,4,0,,,,0.65636665,0.0,0.0,0.0,104.71
3,19,4,0,,,,1.8683667,0.0,0.0,0.0,0.0
3,20,4,0,,,,4.1320333,0.0,0.0,0.0,0.0
3,21,4,0,,,,1.16055,0.0,0.0,0.0,0.0
3,22,4,0,,,,0.6897333,0.0,0.0,0.0,0.0
3,23,4,0,,,,1.3212433,0.0,0.0,0.0,0.0
3,24,4,0,,,,1.2423583,0.0,0.0,0.0,0.0
3,1,5,0,,,,1.2555333,0.0,0.0,0.0,0.0
3,2,5,0,,,,1.2340333,0.0,0.0,0.0,0.0
3,3,5,0,,,,1.2778667,0.0,0.0,0.0,0.0
3,4,5,0,,,,1.24265,0.0,0.0,0.0,0.0
3,5,5,0,,,,1.8746834,0.0,0.0,0.0,0.0
3,6,5,0,,,,1.9882,0.0,0.0,0.0,0.0
3,7,5,0,,,,1.4054166,0.0,0.0,0.0,0.0
3,8,5,0,,,,1.3679334,0.0,0.0,0.0,3.74
3,9,5,0,,,,2.72115,0.0,0.0,0.0,17.85
3,10,5,0,,,,2.42795,0.0,0.0,0.0,50.96
3,11,5,0,,,,0.9779,0.0,0.0,0.0,92.48
3,12,5,0,,,,0.6407833,0.0,0.0,0.0,91.96
3,13,5,0,,,,0.31488332,0.0,0.0,0.0,181.59
3,14,5,0,,,,0.32356668,0.0,0.0,0.0,132.4
3,15,5,0,,,,0.58891666,0.0,0.0,0.0,737.94
3,16,5,0,,,,0.60825,0.0,0.0,0.0,570.63
3,17,5,0,,,,0.6249,0.0,0.0,0.0,313.32
3,18,5,0,,,,0.79443336,0.0,0.0,0.0,107.25
3,19,5,0,,,,1.2352333,0.0,0.0,0.0,0.0
3,20,5,0,,,,0.9309833,0.0,0.0,0.0,0.0
3,21,5,0,,,,0.27696666,0.0,0.0,0.0,0.0
3,22,5,0,,,,0.31118333,0.0,0.0,0.0,0.0
3,23,5,0,,,,1.3246666,0.0,0.0,0.0,0.0
3,24,5,0,,,,1.1719667,0.0,0.0,0.0,0.0
3,1,6,0,,,,1.19765,0.0,0.0,0.0,0.0
3,2,6,0,,,,1.1710334,0.0,0.0,0.0,0.0
3,3,6,0,,,,1.1638833,0.0,0.0,0.0,0.0
3,4,6,0,,,,1.1693833,0.0,0.0,0.0,0.0
3,5,6,0,,,,1.1731,0.0,0.0,0.0,0.0
3,6,6,0,,,,1.5005667,0.0,0.0,0.0,0.0
3,7,6,0,,,,1.5338334,0.0,0.0,0.0,0.0
3,8,6,0,,,,1.28015,0.0,0.0,0.0,85.41
3,9,6,0,,,,1.7955834,0.0,0.0,0.0,220.02
3,10,6,0,,,,2.1009333,0.0,0.0,0.0,312.06
3,11,6,0,,,,1.12385,0.0,0.0,0.0,468.36
3,12,6,0,,,,0.86193335,0.0,0.0,0.0,486.3
3,13,6,0,,,,0.69895,0.0,0.0,0.0,404.68
3,14,6,0,,,,1.07045,0.0,0.0,0.0,358.51
3,15,6,0,,,,0.91788334,0.0,0.0,0.0,255.87
3,16,6,0,,,,0.8678667,0.0,0.0,0.0,117.77
3,17,6,0,,,,0.68438333,0.0,0.0,0.0,162.89
3,18,6,0,,,,0.43438333,0.0,0.0,0.0,74.23
3,19,6,0,,,,1.5263667,0.0,0.0,0.0,0.0
3,20,6,0,,,,1.9988,0.0,0.0,0.0,0.0
3,21,6,0,,,,1.4069,0.0,0.0,0.0,0.0
3,22,6,0,,,,0.9587833,0.0,0.0,0.0,0.0
3,23,6,0,,,,1.2907333,0.0,0.0,0.0,0.0
3,24,6,0,,,,1.1430833,0.0,0.0,0.0,0.0
3,1,7,0,,,,1.1542,0.0,0.0,0.0,0.0
3,2,7,0,,,,1.1642667,0.0,0.0,0.0,0.0
3,3,7,0,,,,1.1279666,0.0,0.0,0.0,0.0
3,4,7,0,,,,1.1527667,0.0,0.0,0.0,0.0
3,5,7,0,,,,1.12975,0.0,0.0,0.0,0.0
3,6,7,0,,,,1.2237667,0.0,0.0,0.0,0.0
3,7,7,0,,,,2.0744166,0.0,0.0,0.0,0.0
3,8,7,0,,,,1.89975,0.0,0.0,0.0,15.22
3,9,7,0,,,,2.1941333,0.0,0.0,0.0,28.93
3,10,7,0,,,,1.7902,0.0,0.0,0.0,169.0
3,11,7,0,,,,0.31555,0.0,0.0,0.0,261.96
3,12,7,0,,,,0.34481665,0.0,0.0,0.0,811.86
3,13,7,0,,,,0.29998332,0.0,0.0,0.0,417.41
3,14,7,0,,,,0.33448333,0.0,0.0,0.0,347.8
3,15,7,0,,,,0.31011668,0.0,0.0,0.0,28.12
3,16,7,0,,,,0.34216666,0.0,0.0,0.0,72.25
3,17,7,0,,,,2.2459333,0.0,0.0,0.0,50.64
3,18,7,0,,,,1.4493834,0.0,0.0,0.0,33.4
3,19,7,0,,,,1.89955,0.0,0.0,0.0,0.0
3,20,7,0,,,,2.4826834,0.0,0.0,0.0,0.0
3,21,7,0,,,,1.0299166,0.0,0.0,0.0,0.0
3,22,7,0,,,,0.8827,0.0,0.0,0.0,0.0
3,23,7,0,,,,1.3245,0.0,0.0,0.0,0.0
3,24,7,0,,,,1.2490166,0.0,0.0,0.0,0.0
3,1,1,0,,,,1.2508334,0.0,0.0,0.0,0.0
3,2,1,0,,,,1.24705,0.0,0.0,0.0,0.0
3,3,1,0,,,,1.22195,0.0,0.0,0.0,0.0
3,4,1,0,,,,1.2692,0.0,0.0,0.0,0.0
3,5,1,0,,,,1.35345,0.0,0.0,0.0,0.0
3,6,1,0,,,,1.9098333,0.0,0.0,0.0,0.0
3,7,1,0,,,,1.93825,0.0,0.0,0.0,0.0
3,8,1,0,,,,1.37085,0.0,0.0,0.0,10.48
3,9,1,0,,,,1.86295,0.0,0.0,0.0,115.54
3,10,1,0,,,,1.8661,0.0,0.0,0.0,124.41
3,11,1,0,,,,0.8636,0.0,0.0,0.0,140.1
3,12,1,0,,,,1.2365834,0.0,0.0,0.0,154.85
3,13,1,0,,,,0.84103334,0.0,0.0,0.0,90.7
3,14,1,0,,,,1.06565,0.0,0.0,0.0,144.67
3,15,1,0,,,,0.50761664,0.0,0.0,0.0,29.4
3,16,1,0,,,,1.7727667,0.0,0.0,0.0,21.33
3,17,1,0,,,,0.51566666,0.0,0.0,0.0,122.75
3,18,1,0,,,,0.6803167,0.0,0.0,0.0,7.79
3,19,1,0,,,,1.7263,0.0,0.0,0.0,0.0
3,20,1,0,,,,5.3412833,0.0,0.0,0.0,0.0
3,21,1,0,,,,1.1346667,0.0,0.0,0.0,0.0
3,22,1,0,,,,0.7970389,0.0,0.0,0.0,0.0
3,23,1,0,,,,1.2971833,0.0,0.0,0.0,0.0
3,24,1,0,,,,1.2118889,0.0,0.0,0.0,0.0
3,1,2,0,,,,1.2616167,0.0,0.0,0.0,0.0
3,2,2,0,,,,1.2160945,0.0,0.0,0.0,0.0
3,3,2,0,,,,1.2484167,0.0,0.0,0.0,0.0
3,4,2,0,,,,1.2215611,0.0,0.0,0.0,0.0
3,5,2,0,,,,1.64295,0.0,0.0,0.0,0.0
3,6,2,0,,,,1.8313833,0.0,0.0,0.0,0.0
3,7,2,0,,,,1.4286667,0.0,0.0,0.0,1.27
3,8,2,0,,,,1.4327667,0.0,0.0,0.0,181.33
3,9,2,0,,,,2.1118834,0.0,0.0,0.0,437.63
3,10,2,0,,,,2.2609334,0.0,0.0,0.0,637.39
3,11,2,0,,,,0.91996664,0.0,0.0,0.0,770.27
3,12,2,0,,,,0.2785,0.0,0.0,0.0,855.97
3,13,2,0,,,,0.27375,0.0,0.0,0.0,883.24
3,14,2,0,,,,0.8420333,0.0,0.0,0.0,843.03
3,15,2,0,,,,0.74806666,0.0,0.0,0.0,754.94
3,16,2,0,,,,1.3724,0.0,0.0,0.0,597.68
3,17,2,0,,,,1.1401,0.0,0.0,0.0,382.1
3,18,2,0,,,,0.53356665,0.0,0.0,0.0,129.21
3,19,2,0,,,,2.0309167,0.0,0.0,0.0,0.0
3,20,2,0,,,,2.2650332,0.0,0.0,0.0,0.0
3,21,2,0,,,,1.3763,0.0,0.0,0.0,0.0
3,22,2,0,,,,1.1696833,0.0,0.0,0.0,0.0
3,23,2,0,,,,1.4017833,0.0,0.0,0.0,0.0
3,24,2,0,,,,1.2945167,0.0,0.0,0.0,0.0
3,1,3,0,,,,1.2397333,0.0,0.0,0.0,0.0
3,2,3,0,,,,1.24805,0.0,0.0,0.0,0.0
3,3,3,0,,,,1.23325,0.0,0.0,0.0,0.0
3,4,3,0,,,,1.2373,0.0,0.0,0.0,0.0
3,5,3,0,,,,1.72145,0.0,0.0,0.0,0.0
3,6,3,0,,,,1.8666167,0.0,0.0,0.0,0.0
3,7,3,0,,,,1.5861833,0.0,0.0,0.0,3.74
3,8,3,0,,,,1.5653167,0.0,0.0,0.0,169.58
3,9,3,0,,,,2.3204834,0.0,0.0,0.0,182.16
3,10,3,0,,,,2.2246332,0.0,0.0,0.0,267.34
3,11,3,0,,,,0.4164,0.0,0.0,0.0,332.42
3,12,3,0,,,,0.53538334,0.0,0.0,0.0,423.47
3,13,3,0,,,,0.36375,0.0,0.0,0.0,351.0
3,14,3,0,,,,0.56755,0.0,0.0,0.0,503.4
3,15,3,0,,,,0.37956667,0.0,0.0,0.0,723.41
3,16,3,0,,,,0.38775,0.0,0.0,0.0,578.21
3,17,3,0,,,,0.5980333,0.0,0.0,0.0,347.89
3,18,3,0,,,,0.6857833,0.0,0.0,0.0,80.52
3,19,3,0,,,,1.32485,0.0,0.0,0.0,0.0
3,20,3,0,,,,2.0807,0.0,0.0,0.0,0.0
3,21,3,0,,,,1.4076834,0.0,0.0,0.0,0.0
3,22,3,0,,,,0.9663,0.0,0.0,0.0,0.0
3,23,3,0,,,,1.7352333,0.0,0.0,0.0,0.0
3,24,3,0,,,,1.3936583,0.0,0.0,0.0,0.0
3,1,4,0,,,,1.2624834,0.0,0.0,0.0,0.0
3,2,4,0,,,,1.2722666,0.0,0.0,0.0,0.0
3,3,4,0,,,,1.2285,0.0,0.0,0.0,0.0
3,4,4,0,,,,1.2739167,0.0,0.0,0.0,0.0
3,5,4,0,,,,1.7489166,0.0,0.0,0.0,0.0
3,6,4,0,,,,2.3898666,0.0,0.0,0.0,0.0
3,7,4,0,,,,1.7975833,0.0,0.0,0.0,0.0
3,8,4,0,,,,1.70135,0.0,0.0,0.0,27.82
3,9,4,0,,,,2.3078666,0.0,0.0,0.0,113.87
3,10,4,0,,,,1.8346167,0.0,0.0,0.0,140.48
3,11,4,0,,,,0.47435,0.0,0.0,0.0,126.35
3,12,4,0,,,,0.5639667,0.0,0.0,0.0,193.94
3,13,4,0,,,,1.3161334,0.0,0.0,0.0,405.62
3,14,4,0,,,,0.59293336,0.0,0.0,0.0,819.78
3,15,4,0,,,,0.3104,0.0,0.0,0.0,713.77
3,16,4,0,,,,0.5347833,0.0,0.0,0.0,564.81
3,17,4,0,,,,1.3268167,0.0,0.0,0.0,358.74
3,18,4,0,,,,1.0710666,0.0,0.0,0.0,121.73
3,19,4,0,,,,2.2464333,0.0,0.0,0.0,0.0
3,20,4,0,,,,2.1691167,0.0,0.0,0.0,0.0
3,21,4,0,,,,1.3237667,0.0,0.0,0.0,0.0
3,22,4,0,,,,1.06505,0.0,0.0,0.0,0.0
3,23,4,0,,,,1.3624333,0.0,0.0,0.0,0.0
3,24,4,0,,,,1.2577,0.0,0.0,0.0,0.0
3,1,5,0,,,,1.26415,0.0,0.0,0.0,0.0
3,2,5,0,,,,1.2243167,0.0,0.0,0.0,0.0
3,3,5,0,,,,1.2548833,0.0,0.0,0.0,0.0
3,4,5,0,,,,1.2064333,0.0,0.0,0.0,0.0
3,5,5,0,,,,1.7103667,0.0,0.0,0.0,0.0
3,6,5,0,,,,1.7293333,0.0,0.0,0.0,0.0
3,7,5,0,,,,1.3725667,0.0,0.0,0.0,4.84
3,8,5,0,,,,1.6013167,0.0,0.0,0.0,186.04
3,9,5,0,,,,2.1609166,0.0,0.0,0.0,419.02
3,10,5,0,,,,2.3218334,0.0,0.0,0.0,606.13
3,11,5,0,,,,0.9996333,0.0,0.0,0.0,736.8
3,12,5,0,,,,0.5024833,0.0,0.0,0.0,829.28
3,13,5,0,,,,0.30715,0.0,0.0,0.0,837.0
3,14,5,0,,,,0.24093333,0.0,0.0,0.0,801.03
3,15,5,0,,,,0.27318335,0.0,0.0,0.0,704.46
3,16,5,0,,,,0.75013334,0.0,0.0,0.0,554.58
3,17,5,0,,,,1.3454833,0.0,0.0,0.0,353.05
3,18,5,0,,,,0.80438334,0.0,0.0,0.0,124.87
3,19,5,0,,,,0.8491833,0.0,0.0,0.0,0.0
3,20,5,0,,,,1.0549166,0.0,0.0,0.0,0.0
3,21,5,0,,,,0.8441333,0.0,0.0,0.0,0.0
3,22,5,0,,,,0.46088332,0.0,0.0,0.0,0.0
3,23,5,0,,,,1.2941834,0.0,0.0,0.0,0.0
3,24,5,0,,,,1.2242334,0.0,0.0,0.0,0.0
4,1,6,0,,,,1.2510667,0.0,0.0,0.0,0.0
4,2,6,0,,,,1.2606333,0.0,0.0,0.0,0.0
4,3,6,0,,,,1.2509333,0.0,0.0,0.0,0.0
4,4,6,0,,,,1.2320833,0.0,0.0,0.0,0.0
4,5,6,0,,,,1.2422583,0.0,0.0,0.0,0.0
4,6,6,0,,,,1.2127167,0.0,0.0,0.0,0.0
4,7,6,0,,,,1.3692666,0.0,0.0,0.0,4.17
4,8,6,0,,,,1.6236334,0.0,0.0,0.0,192.5
4,9,6,0,,,,2.1973,0.0,0.0,0.0,439.91
4,10,6,0,,,,1.9512,0.0,0.0,0.0,644.16
4,11,6,0,,,,0.3487,0.0,0.0,0.0,777.71
4,12,6,0,,,,0.36919165,0.0,0.0,0.0,871.08
4,13,6,0,,,,0.34315,0.0,0.0,0.0,887.55
4,14,6,0,,,,0.34075,0.0,0.0,0.0,842.91
4,15,6,0,,,,0.37609443,0.0,0.0,0.0,741.98
4,16,6,0,,,,0.32156667,0.0,0.0,0.0,584.36
4,17,6,0,,,,0.37365,0.0,0.0,0.0,367.41
4,18,6,0,,,,0.5594,0.0,0.0,0.0,131.0
4,19,6,0,,,,0.9532167,0.0,0.0,0.0,0.0
4,20,6,0,,,,0.9713333,0.0,0.0,0.0,0.0
4,21,6,0,,,,0.5226167,0.0,0.0,0.0,0.0
4,22,6,0,,,,0.8127667,0.0,0.0,0.0,0.0
4,23,6,0,,,,1.3054833,0.0,0.0,0.0,0.0
4,24,6,0,,,,1.2166333,0.0,0.0,0.0,0.0
4,1,7,0,,,,1.27505,0.0,0.0,0.0,0.0
4,2,7,0,,,,1.2282833,0.0,0.0,0.0,0.0
4,3,7,0,,,,1.2709167,0.0,0.0,0.0,0.0
4,4,7,0,,,,1.2238,0.0,0.0,0.0,0.0
4,5,7,0,,,,1.2551334,0.0,0.0,0.0,0.0
4,6,7,0,,,,1.2200667,0.0,0.0,0.0,0.0
4,7,7,0,,,,1.4825,0.0,0.0,0.0,9.88
4,8,7,0,,,,1.3059,0.0,0.0,0.0,210.27
4,9,7,0,,,,1.7761667,0.0,0.0,0.0,455.12
4,10,7,0,,,,1.7463833,0.0,0.0,0.0,638.11
4,11,7,0,,,,3.4884834,0.0,0.0,0.0,781.31
4,12,7,0,,,,2.6883667,0.0,0.0,0.0,873.04
4,13,7,0,,,,0.81488335,0.0,0.0,0.0,884.74
4,14,7,0,,,,1.1155833,0.0,0.0,0.0,839.46
4,15,7,0,,,,1.40535,0.0,0.0,0.0,742.39
4,16,7,0,,,,1.4323666,0.0,0.0,0.0,585.03
4,17,7,0,,,,1.8011833,0.0,0.0,0.0,365.68
4,18,7,0,,,,1.32315,0.0,0.0,0.0,131.5
4,19,7,0,,,,1.9056833,0.0,0.0,0.0,0.0
4,20,7,0,,,,1.8578334,0.0,0.0,0.0,0.0
4,21,7,0,,,,0.84601665,0.0,0.0,0.0,0.0
4,22,7,0,,,,0.61073333,0.0,0.0,0.0,0.0
4,23,7,0,,,,1.3506767,0.0,0.0,0.0,0.0
4,24,7,0,,,,1.3512167,0.0,0.0,0.0,0.0
4,1,1,0,,,,1.3479834,0.0,0.0,0.0,0.0
4,2,1,0,,,,1.3543333,0.0,0.0,0.0,0.0
4,3,1,0,,,,1.3523667,0.0,0.0,0.0,0.0
4,4,1,0,,,,1.3336667,0.0,0.0,0.0,0.0
4,5,1,0,,,,2.3376334,0.0,0.0,0.0,0.0
4,6,1,0,,,,2.489,0.0,0.0,0.0,0.0
4,7,1,0,,,,1.7582,0.0,0.0,0.0,12.78
4,8,1,0,,,,1.4253,0.0,0.0,0.0,208.07
4,9,1,0,,,,1.9649167,0.0,0.0,0.0,442.48
4,10,1,0,,,,1.8246666,0.0,0.0,0.0,620.42
4,11,1,0,,,,0.6374,0.0,0.0,0.0,742.71
4,12,1,0,,,,0.35615,0.0,0.0,0.0,833.51
4,13,1,0,,,,0.5445333,0.0,0.0,0.0,849.39
4,14,1,0,,,,0.31665,0.0,0.0,0.0,808.8
4,15,1,0,,,,0.30425,0.0,0.0,0.0,712.4
4,16,1,0,,,,1.6843166,0.0,0.0,0.0,561.64
4,17,1,0,,,,0.8023583,0.0,0.0,0.0,359.42
4,18,1,0,,,,1.0089583,0.0,0.0,0.0,131.8
4,19,1,0,,,,3.0067832,0.0,0.0,0.0,0.0
4,20,1,0,,,,3.30725,0.0,0.0,0.0,0.0
4,21,1,0,,,,1.4417833,0.0,0.0,0.0,0.0
4,22,1,0,,,,0.71131665,0.0,0.0,0.0,0.0
4,23,1,0,,,,1.3498,0.0,0.0,0.0,0.0
4,24,1,0,,,,1.3135611,0.0,0.0,0.0,0.0
4,1,2,0,,,,1.2710667,0.0,0.0,0.0,0.0
4,2,2,0,,,,1.2764333,0.0,0.0,0.0,0.0
4,3,2,0,,,,1.2654834,0.0,0.0,0.0,0.0
4,4,2,0,,,,1.2418667,0.0,0.0,0.0,0.0
4,5,2,0,,,,2.1003666,0.0,0.0,0.0,0.0
4,6,2,0,,,,2.9276333,0.0,0.0,0.0,0.0
4,7,2,0,,,,1.7885333,0.0,0.0,0.0,8.53
4,8,2,0,,,,1.1598667,0.0,0.0,0.0,201.89
4,9,2,0,,,,1.7473667,0.0,0.0,0.0,431.43
4,10,2,0,,,,1.82345,0.0,0.0,0.0,611.36
4,11,2,0,,,,0.70745,0.0,0.0,0.0,736.57
4,12,2,0,,,,0.6873,0.0,0.0,0.0,814.35
4,13,2,0,,,,0.32633334,0.0,0.0,0.0,833.98
4,14,2,0,,,,0.34755,0.0,0.0,0.0,783.63
4,15,2,0,,,,0.92075,0.0,0.0,0.0,683.48
4,16,2,0,,,,0.57381666,0.0,0.0,0.0,549.85
4,17,2,0,,,,1.4639167,0.0,0.0,0.0,353.11
4,18,2,0,,,,1.0320834,0.0,0.0,0.0,132.04
4,19,2,0,,,,1.9227667,0.0,0.0,0.0,0.53
4,20,2,0,,,,3.8562667,0.0,0.0,0.0,0.0
4,21,2,0,,,,0.8760333,0.0,0.0,0.0,0.0
4,22,2,0,,,,0.68485,0.0,0.0,0.0,0.0
4,23,2,0,,,,1.1824833,0.0,0.0,0.0,0.0
4,24,2,0,,,,1.1439583,0.0,0.0,0.0,0.0
4,1,3,0,,,,1.16215,0.0,0.0,0.0,0.0
4,2,3,0,,,,1.1322666,0.0,0.0,0.0,0.0
4,3,3,0,,,,1.1527833,0.0,0.0,0.0,0.0
4,4,3,0,,,,1.1433333,0.0,0.0,0.0,0.0
4,5,3,0,,,,1.9496833,0.0,0.0,0.0,0.0
4,6,3,0,,,,2.1665168,0.0,0.0,0.0,0.0
4,7,3,0,,,,1.3543,0.0,0.0,0.0,9.23
4,8,3,0,,,,1.4566833,0.0,0.0,0.0,185.17
4,9,3,0,,,,1.8331833,0.0,0.0,0.0,407.68
4,10,3,0,,,,1.1050667,0.0,0.0,0.0,597.59
4,11,3,0,,,,1.1153834,0.0,0.0,0.0,728.64
4,12,3,0,,,,1.11835,0.0,0.0,0.0,808.27
4,13,3,0,,,,0.35301667,0.0,0.0,0.0,717.05
4,14,3,0,,,,0.27368334,0.0,0.0,0.0,766.43
4,15,3,0,,,,0.31621668,0.0,0.0,0.0,706.02
4,16,3,0,,,,0.38335,0.0,0.0,0.0,561.26
4,17,3,0,,,,0.77525,0.0,0.0,0.0,357.43
4,18,3,0,,,,0.84326667,0.0,0.0,0.0,133.53
4,19,3,0,,,,2.0177834,0.0,0.0,0.0,2.15
4,20,3,0,,,,4.1822667,0.0,0.0,0.0,0.0
4,21,3,0,,,,1.42265,0.0,0.0,0.0,0.0
4,22,3,0,,,,0.49465,0.0,0.0,0.0,0.0
4,23,3,0,,,,1.2045833,0.0,0.0,0.0,0.0
4,24,3,0,,,,1.1650333,0.0,0.0,0.0,0.0
4,1,4,0,,,,1.1569667,0.0,0.0,0.0,0.0
4,2,4,0,,,,1.1412834,0.0,0.0,0.0,0.0
4,3,4,0,,,,1.1509,0.0,0.0,0.0,0.0
4,4,4,0,,,,1.4508834,0.0,0.0,0.0,0.0
4,5,4,0,,,,2.3602834,0.0,0.0,0.0,0.0
4,6,4,0,,,,2.3058167,0.0,0.0,0.0,0.0
4,7,4,0,,,,1.5829667,0.0,0.0,0.0,5.48
4,8,4,0,,,,1.4636,0.0,0.0,0.0,128.26
4,9,4,0,,,,2.2543166,0.0,0.0,0.0,372.29
4,10,4,0,,,,2.0344334,0.0,0.0,0.0,565.2
4,11,4,0,,,,0.3178,0.0,0.0,0.0,660.23
4,12,4,0,,,,0.28615,0.0,0.0,0.0,776.06
4,13,4,0,,,,0.31363332,0.0,0.0,0.0,816.52
4,14,4,0,,,,0.3136,0.0,0.0,0.0,793.55
4,15,4,0,,,,0.32411668,0.0,0.0,0.0,703.8
4,16,4,0,,,,0.3578,0.0,0.0,0.0,546.53
4,17,4,0,,,,0.9353,0.0,0.0,0.0,353.33
4,18,4,0,,,,0.6593,0.0,0.0,0.0,130.41
4,19,4,0,,,,2.0522833,0.0,0.0,0.0,2.14
4,20,4,0,,,,2.09425,0.0,0.0,0.0,0.0
4,21,4,0,,,,0.9331,0.0,0.0,0.0,0.0
4,22,4,0,,,,0.50705,0.0,0.0,0.0,0.0
4,23,4,0,,,,1.7276666,0.0,0.0,0.0,0.0
4,24,4,0,,,,1.2319833,0.0,0.0,0.0,0.0
4,1,5,0,,,,1.2681333,0.0,0.0,0.0,0.0
4,2,5,0,,,,1.2496166,0.0,0.0,0.0,0.0
4,3,5,0,,,,1.2457167,0.0,0.0,0.0,0.0
4,4,5,0,,,,1.3296666,0.0,0.0,0.0,0.0
4,5,5,0,,,,2.2965333,0.0,0.0,0.0,0.0
4,6,5,0,,,,2.60135,0.0,0.0,0.0,0.0
4,7,5,0,,,,1.5330167,0.0,0.0,0.0,3.68
4,8,5,0,,,,1.2180861,0.0,0.0,0.0,93.65
4,9,5,0,,,,2.2094667,0.0,0.0,0.0,399.87
4,10,5,0,,,,2.1955833,0.0,0.0,0.0,573.92
4,11,5,0,,,,0.41796666,0.0,0.0,0.0,658.89
4,12,5,0,,,,0.32035,0.0,0.0,0.0,780.13
4,13,5,0,,,,0.38876668,0.0,0.0,0.0,806.74
4,14,5,0,,,,0.38,0.0,0.0,0.0,764.31
4,15,5,0,,,,0.42888334,0.0,0.0,0.0,681.19
4,16,5,0,,,,0.51918334,0.0,0.0,0.0,503.3
4,17,5,0,,,,1.1356666,0.0,0.0,0.0,325.73
4,18,5,0,,,,2.6643167,0.0,0.0,0.0,111.78
4,19,5,0,,,,2.8081334,0.0,0.0,0.0,0.86
4,20,5,0,,,,2.9024167,0.0,0.0,0.0,0.0
4,21,5,0,,,,2.7290332,0.0,0.0,0.0,0.0
4,22,5,0,,,,1.9057333,0.0,0.0,0.0,0.0
4,23,5,0,,,,1.2951167,0.0,0.0,0.0,0.0
4,24,5,0,,,,1.2913166,0.0,0.0,0.0,0.0
4,1,6,0,,,,1.3021166,0.0,0.0,0.0,0.0
4,2,6,0,,,,1.25805,0.0,0.0,0.0,0.0
4,3,6,0,,,,1.2818333,0.0,0.0,0.0,0.0
4,4,6,0,,,,1.2813833,0.0,0.0,0.0,0.0
4,5,6,0,,,,1.2978166,0.0,0.0,0.0,0.0
4,6,6,0,,,,1.3532166,0.0,0.0,0.0,0.0
4,7,6,0,,,,1.3842666,0.0,0.0,0.0,2.07
4,8,6,0,,,,1.4884666,0.0,0.0,0.0,155.34
4,9,6,0,,,,2.1144667,0.0,0.0,0.0,193.34
4,10,6,0,,,,2.4976332,0.0,0.0,0.0,467.36
4,11,6,0,,,,0.80431664,0.0,0.0,0.0,420.91
4,12,6,0,,,,0.94771665,0.0,0.0,0.0,509.99
4,13,6,0,,,,1.0059,0.0,0.0,0.0,786.64
4,14,6,0,,,,0.8014333,0.0,0.0,0.0,753.12
4,15,6,0,,,,0.53548336,0.0,0.0,0.0,664.97
4,16,6,0,,,,1.07915,0.0,0.0,0.0,468.13
4,17,6,0,,,,3.40375,0.0,0.0,0.0,325.37
4,18,6,0,,,,1.0105833,0.0,0.0,0.0,98.54
4,19,6,0,,,,1.1022667,0.0,0.0,0.0,1.23
4,20,6,0,,,,1.53595,0.0,0.0,0.0,0.0
4,21,6,0,,,,0.81708336,0.0,0.0,0.0,0.0
4,22,6,0,,,,0.5577,0.0,0.0,0.0,0.0
4,23,6,0,,,,1.4473222,0.0,0.0,0.0,0.0
4,24,6,0,,,,1.4095666,0.0,0.0,0.0,0.0
4,1,7,0,,,,1.3821083,0.0,0.0,0.0,0.0
4,2,7,0,,,,1.4261333,0.0,0.0,0.0,0.0
4,3,7,0,,,,1.3840834,0.0,0.0,0.0,0.0
4,4,7,0,,,,1.4231666,0.0,0.0,0.0,0.0
4,5,7,0,,,,1.37765,0.0,0.0,0.0,0.0
4,6,7,0,,,,1.3460833,0.0,0.0,0.0,0.0
4,7,7,0,,,,1.8794,0.0,0.0,0.0,0.33
4,8,7,0,,,,1.8872334,0.0,0.0,0.0,18.62
4,9,7,0,,,,2.5708334,0.0,0.0,0.0,19.89
4,10,7,0,,,,2.5593834,0.0,0.0,0.0,43.55
4,11,7,0,,,,0.54503334,0.0,0.0,0.0,474.4
4,12,7,0,,,,1.2322333,0.0,0.0,0.0,633.15
4,13,7,0,,,,0.47946668,0.0,0.0,0.0,650.88
4,14,7,0,,,,0.7856167,0.0,0.0,0.0,662.06
4,15,7,0,,,,0.7191833,0.0,0.0,0.0,447.49
4,16,7,0,,,,2.63665,0.0,0.0,0.0,252.81
4,17,7,0,,,,1.4004333,0.0,0.0,0.0,192.48
4,18,7,0,,,,0.8121667,0.0,0.0,0.0,73.73
4,19,7,0,,,,4.5896335,0.0,0.0,0.0,2.98
4,20,7,0,,,,2.2936168,0.0,0.0,0.0,0.0
4,21,7,0,,,,1.1154166,0.0,0.0,0.0,0.0
4,22,7,0,,,,1.3083167,0.0,0.0,0.0,0.0
4,23,7,0,,,,1.6572334,0.0,0.0,0.0,0.0
4,24,7,0,,,,1.4000666,0.0,0.0,0.0,0.0
4,1,1,0,,,,1.37325,0.0,0.0,0.0,0.0
4,2,1,0,,,,1.7054167,0.0,0.0,0.0,0.0
4,3,1,0,,,,1.3617,0.0,0.0,0.0,0.0
4,4,1,0,,,,1.3606666,0.0,0.0,0.0,0.0
4,5,1,0,,,,2.52355,0.0,0.0,0.0,0.0
4,6,1,0,,,,2.6226,0.0,0.0,0.0,0.0
4,7,1,0,,,,1.8392,0.0,0.0,0.0,33.15
4,8,1,0,,,,1.3893,0.0,0.0,0.0,181.91
4,9,1,0,,,,1.822,0.0,0.0,0.0,390.44
4,10,1,0,,,,1.8134167,0.0,0.0,0.0,460.93
4,11,1,0,,,,0.52398336,0.0,0.0,0.0,663.09
4,12,1,0,,,,0.3096,0.0,0.0,0.0,783.29
4,13,1,0,,,,0.42715,0.0,0.0,0.0,798.92
4,14,1,0,,,,0.3637,0.0,0.0,0.0,781.16
4,15,1,0,,,,0.32068333,0.0,0.0,0.0,696.97
4,16,1,0,,,,0.32996666,0.0,0.0,0.0,526.16
4,17,1,0,,,,0.56811666,0.0,0.0,0.0,240.85
4,18,1,0,,,,0.57235,0.0,0.0,0.0,127.96
4,19,1,0,,,,1.37605,0.0,0.0,0.0,0.0
4,20,1,0,,,,2.0171666,0.0,0.0,0.0,0.0
4,21,1,0,,,,1.1152166,0.0,0.0,0.0,0.0
4,22,1,0,,,,0.9154,0.0,0.0,0.0,0.0
4,23,1,0,,,,1.6205167,0.0,0.0,0.0,0.0
4,24,1,0,,,,1.4159833,0.0,0.0,0.0,0.0
4,1,2,0,,,,1.3829,0.0,0.0,0.0,0.0
4,2,2,0,,,,1.4045167,0.0,0.0,0.0,0.0
4,3,2,0,,,,1.4198,0.0,0.0,0.0,0.0
4,4,2,0,,,,1.36565,0.0,0.0,0.0,0.0
4,5,2,0,,,,1.9627167,0.0,0.0,0.0,0.0
4,6,2,0,,,,2.1867,0.0,0.0,0.0,0.0
4,7,2,0,,,,1.6497834,0.0,0.0,0.0,18.32
4,8,2,0,,,,1.64845,0.0,0.0,0.0,90.98
4,9,2,0,,,,2.2372668,0.0,0.0,0.0,96.6
4,10,2,0,,,,2.2483168,0.0,0.0,0.0,42.03
4,11,2,0,,,,0.74086666,0.0,0.0,0.0,148.54
4,12,2,0,,,,0.5556333,0.0,0.0,0.0,229.71
4,13,2,0,,,,0.39205,0.0,0.0,0.0,223.07
4,14,2,0,,,,0.36745,0.0,0.0,0.0,127.66
4,15,2,0,,,,0.37273332,0.0,0.0,0.0,162.63
4,16,2,0,,,,0.38536668,0.0,0.0,0.0,91.57
4,17,2,0,,,,0.5510333,0.0,0.0,0.0,61.18
4,18,2,0,,,,0.99521667,0.0,0.0,0.0,37.7
4,19,2,0,,,,1.2144667,0.0,0.0,0.0,0.0
4,20,2,0,,,,3.2552166,0.0,0.0,0.0,0.0
4,21,2,0,,,,1.04695,0.0,0.0,0.0,0.0
4,22,2,0,,,,1.1985834,0.0,0.0,0.0,0.0
4,23,2,0,,,,0.43523332,0.0,0.0,0.0,0.0
4,24,2,0,,,,0.3992,0.0,0.0,0.0,0.0
4,1,3,0,,,,0.44441667,0.0,0.0,0.0,0.0
4,2,3,0,,,,0.4085,0.0,0.0,0.0,0.0
4,3,3,0,,,,0.42413333,0.0,0.0,0.0,0.0
4,4,3,0,,,,0.41165,0.0,0.0,0.0,0.0
4,5,3,0,,,,1.08925,0.0,0.0,0.0,0.0
4,6,3,0,,,,1.5174333,0.0,0.0,0.0,0.0
4,7,3,0,,,,0.71538335,0.0,0.0,0.0,1.15
4,8,3,0,,,,0.79153335,0.0,0.0,0.0,8.83
4,9,3,0,,,,1.1041833,0.0,0.0,0.0,34.27
4,10,3,0,,,,1.42275,0.0,0.0,0.0,71.07
4,11,3,0,,,,1.1809334,0.0,0.0,0.0,86.24
4,12,3,0,,,,1.0312166,0.0,0.0,0.0,103.99
4,13,3,0,,,,0.33931667,0.0,0.0,0.0,59.61
4,14,3,0,,,,0.3817,0.0,0.0,0.0,66.77
4,15,3,0,,,,0.3675,0.0,0.0,0.0,0.0
4,16,3,0,,,,1.4218333,0.0,0.0,0.0,51.91
4,17,3,0,,,,1.4118667,0.0,0.0,0.0,28.27
4,18,3,0,,,,0.8516333,0.0,0.0,0.0,32.84
4,19,3,0,,,,1.5311167,0.0,0.0,0.0,0.0
4,20,3,0,,,,4.6156836,0.0,0.0,0.0,0.0
4,21,3,0,,,,1.0005833,0.0,0.0,0.0,0.0
4,22,3,0,,,,0.7501,0.0,0.0,0.0,0.0
4,23,3,0,,,,1.2616333,0.0,0.0,0.0,0.0
4,24,3,0,,,,1.2753084,0.0,0.0,0.0,0.0
4,1,4,0,,,,1.2557666,0.0,0.0,0.0,0.0
4,2,4,0,,,,1.2575333,0.0,0.0,0.0,0.0
4,3,4,0,,,,1.2547166,0.0,0.0,0.0,0.0
4,4,4,0,,,,1.2557334,0.0,0.0,0.0,0.0
4,5,4,0,,,,2.3873334,0.0,0.0,0.0,0.0
4,6,4,0,,,,2.1741,0.0,0.0,0.0,0.0
4,7,4,0,,,,1.7662166,0.0,0.0,0.0,1.18
4,8,4,0,,,,1.6476166,0.0,0.0,0.0,9.61
4,9,4,0,,,,1.8391666,0.0,0.0,0.0,61.59
4,10,4,0,,,,1.8680834,0.0,0.0,0.0,107.37
4,11,4,0,,,,0.49753332,0.0,0.0,0.0,145.92
4,12,4,0,,,,0.4678,0.0,0.0,0.0,171.67
4,13,4,0,,,,0.45218334,0.0,0.0,0.0,188.67
4,14,4,0,,,,0.45975,0.0,0.0,0.0,213.04
4,15,4,0,,,,0.47675,0.0,0.0,0.0,233.13
4,16,4,0,,,,0.58433336,0.0,0.0,0.0,136.3
4,17,4,0,,,,0.84075,0.0,0.0,0.0,109.91
4,18,4,0,,,,0.7367,0.0,0.0,0.0,130.15
4,19,4,0,,,,1.6478333,0.0,0.0,0.0,8.52
4,20,4,0,,,,1.6231,0.0,0.0,0.0,0.0
4,21,4,0,,,,0.9306833,0.0,0.0,0.0,0.0
4,22,4,0,,,,0.9084333,0.0,0.0,0.0,0.0
4,23,4,0,,,,1.5708,0.0,0.0,0.0,0.0
4,24,4,0,,,,1.2545834,0.0,0.0,0.0,0.0
4,1,5,0,,,,1.25455,0.0,0.0,0.0,0.0
4,2,5,0,,,,1.2683834,0.0,0.0,0.0,0.0
4,3,5,0,,,,1.27205,0.0,0.0,0.0,0.0
4,4,5,0,,,,1.2618333,0.0,0.0,0.0,0.0
4,5,5,0,,,,2.2488,0.0,0.0,0.0,0.0
4,6,5,0,,,,2.2082834,0.0,0.0,0.0,0.0
4,7,5,0,,,,1.6127,0.0,0.0,0.0,32.72
4,8,5,0,,,,1.3077667,0.0,0.0,0.0,59.43
4,9,5,0,,,,2.0834334,0.0,0.0,0.0,268.85
4,10,5,0,,,,2.1929834,0.0,0.0,0.0,649.96
4,11,5,0,,,,0.837,0.0,0.0,0.0,739.26
4,12,5,0,,,,0.45818335,0.0,0.0,0.0,764.3
4,13,5,0,,,,0.34166667,0.0,0.0,0.0,629.51
4,14,5,0,,,,0.42831665,0.0,0.0,0.0,337.06
4,15,5,0,,,,0.43095,0.0,0.0,0.0,144.4
4,16,5,0,,,,0.48171666,0.0,0.0,0.0,89.5
4,17,5,0,,,,0.489,0.0,0.0,0.0,68.51
4,18,5,0,,,,0.45411667,0.0,0.0,0.0,103.23
4,19,5,0,,,,1.1511667,0.0,0.0,0.0,9.76
4,20,5,0,,,,1.6638833,0.0,0.0,0.0,0.0
4,21,5,0,,,,1.396,0.0,0.0,0.0,0.0
4,22,5,0,,,,0.7194667,0.0,0.0,0.0,0.0
4,23,5,0,,,,1.2946833,0.0,0.0,0.0,0.0
4,24,5,0,,,,1.2935584,0.0,0.0,0.0,0.0
4,1,6,0,,,,1.2878,0.0,0.0,0.0,0.0
4,2,6,0,,,,1.2726834,0.0,0.0,0.0,0.0
4,3,6,0,,,,1.2670333,0.0,0.0,0.0,0.0
4,4,6,0,,,,1.22985,0.0,0.0,0.0,0.0
4,5,6,0,,,,1.2623667,0.0,0.0,0.0,0.0
4,6,6,0,,,,1.6122333,0.0,0.0,0.0,0.0
4,7,6,0,,,,1.5065,0.0,0.0,0.0,46.06
4,8,6,0,,,,1.6615666,0.0,0.0,0.0,24.62
4,9,6,0,,,,2.3028667,0.0,0.0,0.0,89.43
4,10,6,0,,,,2.5458333,0.0,0.0,0.0,211.65
4,11,6,0,,,,0.5614333,0.0,0.0,0.0,187.7
4,12,6,0,,,,0.48018333,0.0,0.0,0.0,152.87
4,13,6,0,,,,0.5391167,0.0,0.0,0.0,177.38
4,14,6,0,,,,0.79665,0.0,0.0,0.0,441.59
4,15,6,0,,,,1.1044333,0.0,0.0,0.0,174.55
4,16,6,0,,,,1.6165167,0.0,0.0,0.0,105.58
4,17,6,0,,,,0.8556333,0.0,0.0,0.0,37.32
4,18,6,0,,,,0.43648332,0.0,0.0,0.0,7.6
4,19,6,0,,,,1.6542667,0.0,0.0,0.0,0.2
4,20,6,0,,,,3.88155,0.0,0.0,0.0,0.0
4,21,6,0,,,,1.1498,0.0,0.0,0.0,0.0
4,22,6,0,,,,0.77958333,0.0,0.0,0.0,0.0
4,23,6,0,,,,1.4633167,0.0,0.0,0.0,0.0
4,24,6,0,,,,1.4183,0.0,0.0,0.0,0.0
4,1,7,0,,,,1.4372333,0.0,0.0,0.0,0.0
4,2,7,0,,,,1.395,0.0,0.0,0.0,0.0
4,3,7,0,,,,1.42025,0.0,0.0,0.0,0.0
4,4,7,0,,,,1.3694,0.0,0.0,0.0,0.0
4,5,7,0,,,,1.3340167,0.0,0.0,0.0,0.0
4,6,7,0,,,,1.6703666,0.0,0.0,0.0,0.0
4,7,7,0,,,,1.7797667,0.0,0.0,0.0,2.07
4,8,7,0,,,,2.503275,0.0,0.0,0.0,10.11
4,9,7,0,,,,3.4541833,0.0,0.0,0.0,45.8
4,10,7,0,,,,3.35295,0.0,0.0,0.0,64.54
4,11,7,0,,,,3.7393334,0.0,0.0,0.0,94.24
4,12,7,0,,,,3.80515,0.0,0.0,0.0,179.34
4,13,7,0,,,,2.75575,0.0,0.0,0.0,108.64
4,14,7,0,,,,3.54335,0.0,0.0,0.0,89.82
4,15,7,0,,,,3.1767833,0.0,0.0,0.0,76.03
4,16,7,0,,,,2.2515333,0.0,0.0,0.0,55.42
4,17,7,0,,,,1.76445,0.0,0.0,0.0,42.28
4,18,7,0,,,,1.2418,0.0,0.0,0.0,13.91
4,19,7,0,,,,2.97315,0.0,0.0,0.0,1.74
4,20,7,0,,,,2.3197167,0.0,0.0,0.0,0.0
4,21,7,0,,,,1.0795833,0.0,0.0,0.0,0.0
4,22,7,0,,,,0.9030667,0.0,0.0,0.0,0.0
4,23,7,0,,,,1.3322333,0.0,0.0,0.0,0.0
4,24,7,0,,,,1.3350667,0.0,0.0,0.0,0.0
4,1,1,0,,,,1.30975,0.0,0.0,0.0,0.0
4,2,1,0,,,,1.29965,0.0,0.0,0.0,0.0
4,3,1,0,,,,1.3036166,0.0,0.0,0.0,0.0
4,4,1,0,,,,1.2914,0.0,0.0,0.0,0.0
4,5,1,0,,,,1.4342333,0.0,0.0,0.0,0.0
4,6,1,0,,,,1.9381167,0.0,0.0,0.0,0.0
4,7,1,0,,,,2.1716833,0.0,0.0,0.0,5.85
4,8,1,0,,,,1.6343666,0.0,0.0,0.0,32.94
4,9,1,0,,,,1.9552667,0.0,0.0,0.0,122.89
4,10,1,0,,,,2.0461166,0.0,0.0,0.0,191.13
4,11,1,0,,,,0.53856665,0.0,0.0,0.0,203.63
4,12,1,0,,,,0.6005,0.0,0.0,0.0,187.22
4,13,1,0,,,,1.1874167,0.0,0.0,0.0,413.23
4,14,1,0,,,,0.64236665,0.0,0.0,0.0,624.65
4,15,1,0,,,,0.8782,0.0,0.0,0.0,448.56
4,16,1,0,,,,0.71788335,0.0,0.0,0.0,218.17
4,17,1,0,,,,1.4285667,0.0,0.0,0.0,305.46
4,18,1,0,,,,1.0166,0.0,0.0,0.0,130.64
4,19,1,0,,,,1.6794333,0.0,0.0,0.0,13.71
4,20,1,0,,,,1.8564667,0.0,0.0,0.0,0.0
4,21,1,0,,,,1.0942,0.0,0.0,0.0,0.0
4,22,1,0,,,,0.83985,0.0,0.0,0.0,0.0
4,23,1,0,,,,1.6481333,0.0,0.0,0.0,0.0
4,24,1,0,,,,1.28155,0.0,0.0,0.0,0.0
4,1,2,0,,,,1.3475333,0.0,0.0,0.0,0.0
4,2,2,0,,,,1.3813833,0.0,0.0,0.0,0.0
4,3,2,0,,,,1.3176666,0.0,0.0,0.0,0.0
4,4,2,0,,,,1.3837833,0.0,0.0,0.0,0.0
4,5,2,0,,,,1.4911166,0.0,0.0,0.0,0.0
4,6,2,0,,,,2.16545,0.0,0.0,0.0,0.0
4,7,2,0,,,,1.88505,0.0,0.0,0.0,54.14
4,8,2,0,,,,1.6086667,0.0,0.0,0.0,258.69
4,9,2,0,,,,1.9968166,0.0,0.0,0.0,469.81
4,10,2,0,,,,1.99485,0.0,0.0,0.0,612.65
4,11,2,0,,,,0.5591,0.0,0.0,0.0,696.62
4,12,2,0,,,,0.48601666,0.0,0.0,0.0,792.14
4,13,2,0,,,,0.39673334,0.0,0.0,0.0,705.66
4,14,2,0,,,,0.4064,0.0,0.0,0.0,710.65
4,15,2,0,,,,0.38666666,0.0,0.0,0.0,513.5
4,16,2,0,,,,1.54055,0.0,0.0,0.0,541.57
4,17,2,0,,,,2.46775,0.0,0.0,0.0,314.15
4,18,2,0,,,,1.0234333,0.0,0.0,0.0,90.23
4,19,2,0,,,,2.5821,0.0,0.0,0.0,16.86
4,20,2,0,,,,2.0884833,0.0,0.0,0.0,0.0
4,21,2,0,,,,0.57695,0.0,0.0,0.0,0.0
4,22,2,0,,,,0.5722333,0.0,0.0,0.0,0.0
4,23,2,0,,,,1.4593333,0.0,0.0,0.0,0.0
4,24,2,0,,,,1.3949833,0.0,0.0,0.0,0.0
4,1,3,0,,,,1.4300333,0.0,0.0,0.0,0.0
4,2,3,0,,,,1.3545166,0.0,0.0,0.0,0.0
4,3,3,0,,,,1.3921,0.0,0.0,0.0,0.0
4,4,3,0,,,,1.41755,0.0,0.0,0.0,0.0
4,5,3,0,,,,2.9754167,0.0,0.0,0.0,0.0
4,6,3,0,,,,2.27105,0.0,0.0,0.0,0.0
4,7,3,0,,,,1.5387,0.0,0.0,0.0,45.29
4,8,3,0,,,,1.2239333,0.0,0.0,0.0,210.53
4,9,3,0,,,,1.3797333,0.0,0.0,0.0,427.43
4,10,3,0,,,,1.2626,0.0,0.0,0.0,619.94
4,11,3,0,,,,1.2106723,0.0,0.0,0.0,637.07
4,12,3,0,,,,0.7273167,0.0,0.0,0.0,137.22
4,13,3,0,,,,0.33961666,0.0,0.0,0.0,54.39
4,14,3,0,,,,0.5456,0.0,0.0,0.0,342.79
4,15,3,0,,,,0.37766665,0.0,0.0,0.0,121.34
4,16,3,0,,,,0.76376665,0.0,0.0,0.0,49.77
4,17,3,0,,,,0.9314333,0.0,0.0,0.0,238.44
4,18,3,0,,,,0.48246667,0.0,0.0,0.0,124.69
4,19,3,0,,,,1.2409333,0.0,0.0,0.0,17.71
4,20,3,0,,,,3.2727666,0.0,0.0,0.0,0.0
4,21,3,0,,,,1.0504167,0.0,0.0,0.0,0.0
4,22,3,0,,,,0.90425,0.0,0.0,0.0,0.0
4,23,3,0,,,,1.60015,0.0,0.0,0.0,0.0
4,24,3,0,,,,1.2378666,0.0,0.0,0.0,0.0
4,1,4,0,,,,1.2688833,0.0,0.0,0.0,0.0
4,2,4,0,,,,1.2515833,0.0,0.0,0.0,0.0
4,3,4,0,,,,1.2627667,0.0,0.0,0.0,0.0
4,4,4,0,,,,1.2543,0.0,0.0,0.0,0.0
4,5,4,0,,,,1.2786,0.0,0.0,0.0,0.0
4,6,4,0,,,,2.3419333,0.0,0.0,0.0,0.0
4,7,4,0,,,,1.9357333,0.0,0.0,0.0,55.57
4,8,4,0,,,,1.5599,0.0,0.0,0.0,243.04
4,9,4,0,,,,2.2123833,0.0,0.0,0.0,457.12
4,10,4,0,,,,2.55765,0.0,0.0,0.0,627.13
4,11,4,0,,,,1.3804,0.0,0.0,0.0,714.44
4,12,4,0,,,,0.6685167,0.0,0.0,0.0,798.42
4,13,4,0,,,,0.71466666,0.0,0.0,0.0,634.57
4,14,4,0,,,,0.6806,0.0,0.0,0.0,710.63
4,15,4,0,,,,0.6853667,0.0,0.0,0.0,609.81
4,16,4,0,,,,0.76066667,0.0,0.0,0.0,545.51
4,17,4,0,,,,1.0656834,0.0,0.0,0.0,357.88
4,18,4,0,,,,0.8017306,0.0,0.0,0.0,136.42
4,19,4,0,,,,1.9173334,0.0,0.0,0.0,16.85
4,20,4,0,,,,1.9928,0.0,0.0,0.0,0.0
4,21,4,0,,,,0.8881,0.0,0.0,0.0,0.0
4,22,4,0,,,,0.8514,0.0,0.0,0.0,0.0
4,23,4,0,,,,1.40655,0.0,0.0,0.0,0.0
4,24,4,0,,,,1.2261333,0.0,0.0,0.0,0.0
4,1,5,0,,,,1.2726,0.0,0.0,0.0,0.0
4,2,5,0,,,,1.2129834,0.0,0.0,0.0,0.0
4,3,5,0,,,,1.2582166,0.0,0.0,0.0,0.0
4,4,5,0,,,,1.22345,0.0,0.0,0.0,0.0
4,5,5,0,,,,1.33115,0.0,0.0,0.0,0.0
4,6,5,0,,,,1.7224,0.0,0.0,0.0,0.0
4,7,5,0,,,,1.2992333,0.0,0.0,0.0,53.8
4,8,5,0,,,,1.4331833,0.0,0.0,0.0,222.57
4,9,5,0,,,,2.07585,0.0,0.0,0.0,431.21
4,10,5,0,,,,2.0586667,0.0,0.0,0.0,585.89
4,11,5,0,,,,0.37068334,0.0,0.0,0.0,617.86
4,12,5,0,,,,0.36536667,0.0,0.0,0.0,702.76
4,13,5,0,,,,0.40558332,0.0,0.0,0.0,796.32
4,14,5,0,,,,0.33573332,0.0,0.0,0.0,741.77
4,15,5,0,,,,0.33395,0.0,0.0,0.0,585.19
4,16,5,0,,,,0.30325,0.0,0.0,0.0,533.3
4,17,5,0,,,,0.44058332,0.0,0.0,0.0,212.51
4,18,5,0,,,,0.40896666,0.0,0.0,0.0,145.5
4,19,5,0,,,,1.0699667,0.0,0.0,0.0,16.2
4,20,5,0,,,,1.8356167,0.0,0.0,0.0,0.0
4,21,5,0,,,,1.33925,0.0,0.0,0.0,0.0
4,22,5,0,,,,0.5323833,0.0,0.0,0.0,0.0
4,23,5,0,,,,1.313,0.0,0.0,0.0,0.0
4,24,5,0,,,,1.2633083,0.0,0.0,0.0,0.0
4,1,6,0,,,,1.2910334,0.0,0.0,0.0,0.0
4,2,6,0,,,,1.2638667,0.0,0.0,0.0,0.0
4,3,6,0,,,,1.2864166,0.0,0.0,0.0,0.0
4,4,6,0,,,,1.2581167,0.0,0.0,0.0,0.0
4,5,6,0,,,,1.2825333,0.0,0.0,0.0,0.0
4,6,6,0,,,,1.4467,0.0,0.0,0.0,0.0
4,7,6,0,,,,1.4641083,0.0,0.0,0.0,61.9
4,8,6,0,,,,1.6897833,0.0,0.0,0.0,265.71
4,9,6,0,,,,1.8216667,0.0,0.0,0.0,473.47
4,10,6,0,,,,1.8073833,0.0,0.0,0.0,640.4
4,11,6,0,,,,0.48601666,0.0,0.0,0.0,757.94
4,12,6,0,,,,0.4925,0.0,0.0,0.0,551.44
4,13,6,0,,,,0.39855,0.0,0.0,0.0,576.68
4,14,6,0,,,,0.94165,0.0,0.0,0.0,398.5
4,15,6,0,,,,0.98225,0.0,0.0,0.0,618.83
4,16,6,0,,,,0.8876361,0.0,0.0,0.0,366.37
4,17,6,0,,,,0.33976668,0.0,0.0,0.0,280.53
4,18,6,0,,,,0.37461665,0.0,0.0,0.0,122.53
4,19,6,0,,,,0.32115,0.0,0.0,0.0,16.11
4,20,6,0,,,,1.1702,0.0,0.0,0.0,0.0
4,21,6,0,,,,2.0673,0.0,0.0,0.0,0.0
4,22,6,0,,,,1.0214833,0.0,0.0,0.0,0.0
4,23,6,0,,,,0.55436665,0.0,0.0,0.0,0.0
4,24,6,0,,,,0.74471664,0.0,0.0,0.0,0.0
4,1,7,0,,,,0.58231664,0.0,0.0,0.0,0.0
4,2,7,0,,,,0.53255,0.0,0.0,0.0,0.0
4,3,7,0,,,,0.55116665,0.0,0.0,0.0,0.0
4,4,7,0,,,,0.5187,0.0,0.0,0.0,0.0
4,5,7,0,,,,0.5432,0.0,0.0,0.0,0.0
4,6,7,0,,,,0.72603333,0.0,0.0,0.0,0.0
4,7,7,0,,,,0.94226664,0.0,0.0,0.0,55.58
4,8,7,0,,,,1.2122667,0.0,0.0,0.0,217.76
4,9,7,0,,,,2.4156666,0.0,0.0,0.0,394.77
4,10,7,0,,,,2.1757,0.0,0.0,0.0,571.66
4,11,7,0,,,,2.1640666,0.0,0.0,0.0,689.41
4,12,7,0,,,,2.1294167,0.0,0.0,0.0,723.52
4,13,7,0,,,,0.7647667,0.0,0.0,0.0,775.8
4,14,7,0,,,,0.47995,0.0,0.0,0.0,617.37
4,15,7,0,,,,0.5423167,0.0,0.0,0.0,394.0
4,16,7,0,,,,0.89958334,0.0,0.0,0.0,534.12
4,17,7,0,,,,3.06415,0.0,0.0,0.0,365.19
4,18,7,0,,,,2.0141,0.0,0.0,0.0,149.93
4,19,7,0,,,,2.3212166,0.0,0.0,0.0,20.35
4,20,7,0,,,,2.3401833,0.0,0.0,0.0,0.0
4,21,7,0,,,,1.1814166,0.0,0.0,0.0,0.0
4,22,7,0,,,,1.0477333,0.0,0.0,0.0,0.0
4,23,7,0,,,,1.7684333,0.0,0.0,0.0,0.0
4,24,7,0,,,,1.4893334,0.0,0.0,0.0,0.0
4,1,1,0,,,,1.4849334,0.0,0.0,0.0,0.0
4,2,1,0,,,,1.4849833,0.0,0.0,0.0,0.0
4,3,1,0,,,,1.4348667,0.0,0.0,0.0,0.0
4,4,1,0,,,,1.4692667,0.0,0.0,0.0,0.0
4,5,1,0,,,,1.96625,0.0,0.0,0.0,0.0
4,6,1,0,,,,2.5658834,0.0,0.0,0.0,0.0
4,7,1,0,,,,1.8466667,0.0,0.0,0.0,62.34
4,8,1,0,,,,1.43625,0.0,0.0,0.0,243.11
4,9,1,0,,,,1.8546833,0.0,0.0,0.0,438.35
4,10,1,0,,,,1.7914,0.0,0.0,0.0,600.14
4,11,1,0,,,,0.45411667,0.0,0.0,0.0,720.51
4,12,1,0,,,,0.35471666,0.0,0.0,0.0,799.21
4,13,1,0,,,,0.40276667,0.0,0.0,0.0,818.9
4,14,1,0,,,,0.37655,0.0,0.0,0.0,786.78
4,15,1,0,,,,0.37395,0.0,0.0,0.0,709.55
4,16,1,0,,,,0.45891666,0.0,0.0,0.0,565.65
4,17,1,0,,,,0.73228335,0.0,0.0,0.0,372.96
4,18,1,0,,,,0.84216666,0.0,0.0,0.0,152.64
4,19,1,0,,,,2.64705,0.0,0.0,0.0,23.39
4,20,1,0,,,,3.9233334,0.0,0.0,0.0,0.0
4,21,1,0,,,,1.20325,0.0,0.0,0.0,0.0
4,22,1,0,,,,0.5139667,0.0,0.0,0.0,0.0
4,23,1,0,,,,1.4707834,0.0,0.0,0.0,0.0
4,24,1,0,,,,1.3925166,0.0,0.0,0.0,0.0
4,1,2,0,,,,1.3559,0.0,0.0,0.0,0.0
4,2,2,0,,,,1.3376833,0.0,0.0,0.0,0.0
4,3,2,0,,,,1.3442,0.0,0.0,0.0,0.0
4,4,2,0,,,,1.3151333,0.0,0.0,0.0,0.0
4,5,2,0,,,,1.7515666,0.0,0.0,0.0,0.0
4,6,2,0,,,,1.70765,0.0,0.0,0.0,0.0
4,7,2,0,,,,1.4685167,0.0,0.0,0.0,66.63
4,8,2,0,,,,2.1228333,0.0,0.0,0.0,251.56
4,9,2,0,,,,1.9564333,0.0,0.0,0.0,440.94
4,10,2,0,,,,1.8898166,0.0,0.0,0.0,607.11
4,11,2,0,,,,0.44401667,0.0,0.0,0.0,707.9
4,12,2,0,,,,1.0302,0.0,0.0,0.0,788.7
4,13,2,0,,,,0.50446665,0.0,0.0,0.0,805.69
4,14,2,0,,,,0.371625,0.0,0.0,0.0,684.04
4,15,2,0,,,,0.36033332,0.0,0.0,0.0,702.37
4,16,2,0,,,,0.69125,0.0,0.0,0.0,549.05
4,17,2,0,,,,0.99445,0.0,0.0,0.0,364.97
4,18,2,0,,,,0.71101665,0.0,0.0,0.0,137.51
4,19,2,0,,,,1.6831334,0.0,0.0,0.0,24.18
4,20,2,0,,,,3.8910666,0.0,0.0,0.0,0.0
4,21,2,0,,,,1.1434667,0.0,0.0,0.0,0.0
4,22,2,0,,,,0.7956333,0.0,0.0,0.0,0.0
4,23,2,0,,,,1.3802834,0.0,0.0,0.0,0.0
4,24,2,0,,,,1.3703667,0.0,0.0,0.0,0.0
4,1,3,0,,,,1.3662833,0.0,0.0,0.0,0.0
4,2,3,0,,,,1.3677666,0.0,0.0,0.0,0.0
4,3,3,0,,,,1.34065,0.0,0.0,0.0,0.0
4,4,3,0,,,,1.3197334,0.0,0.0,0.0,0.0
4,5,3,0,,,,1.62715,0.0,0.0,0.0,0.0
4,6,3,0,,,,1.9583666,0.0,0.0,0.0,0.0
4,7,3,0,,,,1.4243,0.0,0.0,0.0,68.45
4,8,3,0,,,,1.55065,0.0,0.0,0.0,265.24
4,9,3,0,,,,2.1671667,0.0,0.0,0.0,464.2
4,10,3,0,,,,2.1098,0.0,0.0,0.0,624.23
4,11,3,0,,,,0.90103334,0.0,0.0,0.0,747.24
4,12,3,0,,,,1.1905333,0.0,0.0,0.0,816.68
4,13,3,0,,,,1.2142833,0.0,0.0,0.0,830.87
4,14,3,0,,,,0.70481664,0.0,0.0,0.0,792.12
4,15,3,0,,,,0.34976667,0.0,0.0,0.0,707.49
4,16,3,0,,,,0.3892722,0.0,0.0,0.0,560.37
4,17,3,0,,,,0.44878334,0.0,0.0,0.0,367.48
4,18,3,0,,,,0.40316668,0.0,0.0,0.0,151.51
4,19,3,0,,,,1.1961334,0.0,0.0,0.0,15.77
4,20,3,0,,,,1.8905667,0.0,0.0,0.0,0.0
4,21,3,0,,,,1.0991666,0.0,0.0,0.0,0.0
4,22,3,0,,,,0.49911666,0.0,0.0,0.0,0.0
4,23,3,0,,,,1.35675,0.0,0.0,0.0,0.0
4,24,3,0,,,,1.331711,0.0,0.0,0.0,0.0
4,1,4,0,,,,1.31785,0.0,0.0,0.0,0.0
4,2,4,0,,,,1.29505,0.0,0.0,0.0,0.0
4,3,4,0,,,,1.25855,0.0,0.0,0.0,0.0
4,4,4,0,,,,1.2782167,0.0,0.0,0.0,0.0
4,5,4,0,,,,1.70805,0.0,0.0,0.0,0.0
4,6,4,0,,,,1.9108167,0.0,0.0,0.0,0.18
4,7,4,0,,,,2.17645,0.0,0.0,0.0,68.85
4,8,4,0,,,,1.78675,0.0,0.0,0.0,187.68
4,9,4,0,,,,1.9630834,0.0,0.0,0.0,391.85
4,10,4,0,,,,1.80025,0.0,0.0,0.0,191.3
4,11,4,0,,,,0.35213333,0.0,0.0,0.0,533.97
4,12,4,0,,,,0.39078334,0.0,0.0,0.0,770.5
4,13,4,0,,,,0.36653334,0.0,0.0,0.0,750.9
4,14,4,0,,,,0.3435,0.0,0.0,0.0,771.53
4,15,4,0,,,,0.38053334,0.0,0.0,0.0,685.49
4,16,4,0,,,,0.35276666,0.0,0.0,0.0,546.97
4,17,4,0,,,,0.46406665,0.0,0.0,0.0,358.43
4,18,4,0,,,,0.42873332,0.0,0.0,0.0,147.95
4,19,4,0,,,,1.6532834,0.0,0.0,0.0,16.6
4,20,4,0,,,,2.3499,0.0,0.0,0.0,0.0
4,21,4,0,,,,1.3881333,0.0,0.0,0.0,0.0
4,22,4,0,,,,0.83996665,0.0,0.0,0.0,0.0
4,23,4,0,,,,1.4007,0.0,0.0,0.0,0.0
4,24,4,0,,,,1.3787833,0.0,0.0,0.0,0.0
4,1,5,0,,,,1.3527167,0.0,0.0,0.0,0.0
4,2,5,0,,,,1.3229667,0.0,0.0,0.0,0.0
4,3,5,0,,,,1.3511667,0.0,0.0,0.0,0.0
4,4,5,0,,,,1.3107834,0.0,0.0,0.0,0.0
4,5,5,0,,,,1.9888166,0.0,0.0,0.0,0.0
4,6,5,0,,,,2.5493834,0.0,0.0,0.0,0.0
4,7,5,0,,,,1.5701166,0.0,0.0,0.0,31.86
4,8,5,0,,,,1.3297,0.0,0.0,0.0,224.33
4,9,5,0,,,,1.8383833,0.0,0.0,0.0,418.9
4,10,5,0,,,,1.9599333,0.0,0.0,0.0,378.3
4,11,5,0,,,,0.71393335,0.0,0.0,0.0,168.64
4,12,5,0,,,,0.39791667,0.0,0.0,0.0,162.0
4,13,5,0,,,,0.41767225,0.0,0.0,0.0,79.62
4,14,5,0,,,,0.46735,0.0,0.0,0.0,50.36
4,15,5,0,,,,0.38575,0.0,0.0,0.0,48.82
4,16,5,0,,,,0.42195,0.0,0.0,0.0,309.75
4,17,5,0,,,,0.42843333,0.0,0.0,0.0,231.84
4,18,5,0,,,,0.49761668,0.0,0.0,0.0,144.89
4,19,5,0,,,,1.18,0.0,0.0,0.0,8.25
4,20,5,0,,,,2.4894667,0.0,0.0,0.0,0.0
4,21,5,0,,,,0.8717167,0.0,0.0,0.0,0.0
4,22,5,0,,,,0.5586333,0.0,0.0,0.0,0.0
4,23,5,0,,,,1.3478833,0.0,0.0,0.0,0.0
4,24,5,0,,,,1.272575,0.0,0.0,0.0,0.0
4,1,6,0,,,,1.3130167,0.0,0.0,0.0,0.0
4,2,6,0,,,,1.2921166,0.0,0.0,0.0,0.0
4,3,6,0,,,,1.3612833,0.0,0.0,0.0,0.0
4,4,6,0,,,,1.7318,0.0,0.0,0.0,0.0
4,5,6,0,,,,1.28605,0.0,0.0,0.0,0.0
4,6,6,0,,,,1.2987833,0.0,0.0,0.0,0.0
4,7,6,0,,,,1.7121333,0.0,0.0,0.0,7.94
4,8,6,0,,,,1.223,0.0,0.0,0.0,148.13
4,9,6,0,,,,1.7769667,0.0,0.0,0.0,89.55
4,10,6,0,,,,1.8125167,0.0,0.0,0.0,130.51
4,11,6,0,,,,0.37028334,0.0,0.0,0.0,138.49
4,12,6,0,,,,0.39286667,0.0,0.0,0.0,97.82
4,13,6,0,,,,0.6712833,0.0,0.0,0.0,74.84
4,14,6,0,,,,1.5875334,0.0,0.0,0.0,64.71
4,15,6,0,,,,1.84385,0.0,0.0,0.0,48.41
4,16,6,0,,,,2.1281667,0.0,0.0,0.0,80.36
4,17,6,0,,,,1.9385166,0.0,0.0,0.0,87.48
4,18,6,0,,,,1.3671,0.0,0.0,0.0,38.57
4,19,6,0,,,,2.1934834,0.0,0.0,0.0,1.09
4,20,6,0,,,,2.5820334,0.0,0.0,0.0,0.0
4,21,6,0,,,,3.9307168,0.0,0.0,0.0,0.0
4,22,6,0,,,,0.9392833,0.0,0.0,0.0,0.0
4,23,6,0,,,,1.5329666,0.0,0.0,0.0,0.0
4,24,6,0,,,,1.3018,0.0,0.0,0.0,0.0
4,1,7,0,,,,1.3025666,0.0,0.0,0.0,0.0
4,2,7,0,,,,1.2926167,0.0,0.0,0.0,0.0
4,3,7,0,,,,1.2756667,0.0,0.0,0.0,0.0
4,4,7,0,,,,1.2394834,0.0,0.0,0.0,0.0
4,5,7,0,,,,1.2827667,0.0,0.0,0.0,0.0
4,6,7,0,,,,1.2621,0.0,0.0,0.0,0.0
4,7,7,0,,,,1.6902333,0.0,0.0,0.0,4.68
4,8,7,0,,,,1.4174334,0.0,0.0,0.0,15.41
4,9,7,0,,,,1.97035,0.0,0.0,0.0,67.06
4,10,7,0,,,,2.1088166,0.0,0.0,0.0,72.46
4,11,7,0,,,,0.6897,0.0,0.0,0.0,129.81
4,12,7,0,,,,0.2985,0.0,0.0,0.0,162.93
4,13,7,0,,,,0.5746833,0.0,0.0,0.0,121.98
4,14,7,0,,,,0.49845555,0.0,0.0,0.0,82.2
4,15,7,0,,,,3.2207832,0.0,0.0,0.0,84.43
4,16,7,0,,,,3.0038,0.0,0.0,0.0,72.46
4,17,7,0,,,,0.9388833,0.0,0.0,0.0,63.01
4,18,7,0,,,,1.2920166,0.0,0.0,0.0,63.61
4,19,7,0,,,,3.7841833,0.0,0.0,0.0,22.62
4,20,7,0,,,,1.9452167,0.0,0.0,0.0,0.0
4,21,7,0,,,,1.2207834,0.0,0.0,0.0,0.0
4,22,7,0,,,,1.0621667,0.0,0.0,0.0,0.0
4,23,7,0,,,,1.6287667,0.0,0.0,0.0,0.0
4,24,7,0,,,,1.4537,0.0,0.0,0.0,0.0
5,1,1,0,,,,1.4363166,0.0,0.0,0.0,0.0
5,2,1,0,,,,1.40835,0.0,0.0,0.0,0.0
5,3,1,0,,,,1.4062333,0.0,0.0,0.0,0.0
5,4,1,0,,,,1.4009334,0.0,0.0,0.0,0.0
5,5,1,0,,,,2.2164,0.0,0.0,0.0,0.0
5,6,1,0,,,,2.10075,0.0,0.0,0.0,0.0
5,7,1,0,,,,1.50075,0.0,0.0,0.0,5.26
5,8,1,0,,,,1.3041,0.0,0.0,0.0,14.79
5,9,1,0,,,,2.0091834,0.0,0.0,0.0,29.15
5,10,1,0,,,,2.1965833,0.0,0.0,0.0,55.34
5,11,1,0,,,,0.34091666,0.0,0.0,0.0,90.68
5,12,1,0,,,,0.32463333,0.0,0.0,0.0,106.93
5,13,1,0,,,,0.32698333,0.0,0.0,0.0,50.13
5,14,1,0,,,,0.3398,0.0,0.0,0.0,68.85
5,15,1,0,,,,0.335,0.0,0.0,0.0,63.79
5,16,1,0,,,,0.66821665,0.0,0.0,0.0,54.97
5,17,1,0,,,,0.93728334,0.0,0.0,0.0,50.15
5,18,1,0,,,,0.66318333,0.0,0.0,0.0,29.04
5,19,1,0,,,,1.4321166,0.0,0.0,0.0,23.81
5,20,1,0,,,,1.8373834,0.0,0.0,0.0,0.0
5,21,1,0,,,,1.54555,0.0,0.0,0.0,0.0
5,22,1,0,,,,0.96455,0.0,0.0,0.0,0.0
5,23,1,0,,,,1.4487555,0.0,0.0,0.0,0.0
5,24,1,0,,,,1.3591833,0.0,0.0,0.0,0.0
5,1,2,0,,,,1.3800389,0.0,0.0,0.0,0.0
5,2,2,0,,,,1.37045,0.0,0.0,0.0,0.0
5,3,2,0,,,,1.3588222,0.0,0.0,0.0,0.0
5,4,2,0,,,,1.3817667,0.0,0.0,0.0,0.0
5,5,2,0,,,,2.0135388,0.0,0.0,0.0,0.0
5,6,2,0,,,,1.7818834,0.0,0.0,0.0,0.0
5,7,2,0,,,,1.4416584,0.0,0.0,0.0,8.81
5,8,2,0,,,,1.6075166,0.0,0.0,0.0,23.8
5,9,2,0,,,,2.3213832,0.0,0.0,0.0,69.33
5,10,2,0,,,,2.0027833,0.0,0.0,0.0,347.18
5,11,2,0,,,,0.56333333,0.0,0.0,0.0,208.88
5,12,2,0,,,,0.52431667,0.0,0.0,0.0,678.8
5,13,2,0,,,,0.50768334,0.0,0.0,0.0,858.65
5,14,2,0,,,,0.53601664,0.0,0.0,0.0,807.12
5,15,2,0,,,,0.52815,0.0,0.0,0.0,669.32
5,16,2,0,,,,1.1143833,0.0,0.0,0.0,403.2
5,17,2,0,,,,0.93223333,0.0,0.0,0.0,231.07
5,18,2,0,,,,1.2176334,0.0,0.0,0.0,155.38
5,19,2,0,,,,2.0199833,0.0,0.0,0.0,31.72
5,20,2,0,,,,2.1344333,0.0,0.0,0.0,0.0
5,21,2,0,,,,0.7341,0.0,0.0,0.0,0.0
5,22,2,0,,,,0.68465,0.0,0.0,0.0,0.0
5,23,2,0,,,,1.5136334,0.0,0.0,0.0,0.0
5,24,2,0,,,,1.3275,0.0,0.0,0.0,0.0
5,1,3,0,,,,1.3496166,0.0,0.0,0.0,0.0
5,2,3,0,,,,1.3848166,0.0,0.0,0.0,0.0
5,3,3,0,,,,1.3669333,0.0,0.0,0.0,0.0
5,4,3,0,,,,1.3337834,0.0,0.0,0.0,0.0
5,5,3,0,,,,1.8856333,0.0,0.0,0.0,0.0
5,6,3,0,,,,1.8864,0.0,0.0,0.0,1.32
5,7,3,0,,,,1.73055,0.0,0.0,0.0,77.38
5,8,3,0,,,,1.5321833,0.0,0.0,0.0,273.11
5,9,3,0,,,,1.9435,0.0,0.0,0.0,487.09
5,10,3,0,,,,2.57635,0.0,0.0,0.0,638.27
5,11,3,0,,,,1.2755834,0.0,0.0,0.0,753.5
5,12,3,0,,,,1.41745,0.0,0.0,0.0,773.6
5,13,3,0,,,,1.4291667,0.0,0.0,0.0,357.39
5,14,3,0,,,,0.82316667,0.0,0.0,0.0,95.51
5,15,3,0,,,,0.36665,0.0,0.0,0.0,700.64
5,16,3,0,,,,0.39558333,0.0,0.0,0.0,474.4
5,17,3,0,,,,0.46891665,0.0,0.0,0.0,236.6
5,18,3,0,,,,0.45665,0.0,0.0,0.0,17.72
5,19,3,0,,,,0.4413,0.0,0.0,0.0,29.71
5,20,3,0,,,,1.4160833,0.0,0.0,0.0,0.0
5,21,3,0,,,,2.8999166,0.0,0.0,0.0,0.0
5,22,3,0,,,,1.39445,0.0,0.0,0.0,0.0
5,23,3,0,,,,0.65851665,0.0,0.0,0.0,0.0
5,24,3,0,,,,0.5434833,0.0,0.0,0.0,0.0
5,1,4,0,,,,0.5164833,0.0,0.0,0.0,0.0
5,2,4,0,,,,0.51885,0.0,0.0,0.0,0.0
5,3,4,0,,,,0.58061665,0.0,0.0,0.0,0.0
5,4,4,0,,,,0.55016667,0.0,0.0,0.0,0.0
5,5,4,0,,,,1.3725166,0.0,0.0,0.0,0.0
5,6,4,0,,,,1.4518833,0.0,0.0,0.0,0.0
5,7,4,0,,,,0.5976,0.0,0.0,0.0,5.72
5,8,4,0,,,,0.65975,0.0,0.0,0.0,189.18
5,9,4,0,,,,0.66211665,0.0,0.0,0.0,326.75
5,10,4,0,,,,0.9178,0.0,0.0,0.0,123.92
5,11,4,0,,,,0.67988336,0.0,0.0,0.0,255.0
5,12,4,0,,,,0.4055,0.0,0.0,0.0,550.54
5,13,4,0,,,,0.45,0.0,0.0,0.0,123.52
5,14,4,0,,,,0.42463332,0.0,0.0,0.0,257.4
5,15,4,0,,,,0.42761666,0.0,0.0,0.0,455.87
5,16,4,0,,,,1.6250334,0.0,0.0,0.0,510.6
5,17,4,0,,,,2.2198167,0.0,0.0,0.0,327.89
5,18,4,0,,,,0.8711,0.0,0.0,0.0,155.33
5,19,4,0,,,,1.94845,0.0,0.0,0.0,25.17
5,20,4,0,,,,6.1500998,0.0,0.0,0.0,0.0
5,21,4,0,,,,1.8604,0.0,0.0,0.0,0.0
5,22,4,0,,,,0.9593167,0.0,0.0,0.0,0.0
5,23,4,0,,,,0.5750167,0.0,0.0,0.0,0.0
5,24,4,0,,,,0.59145,0.0,0.0,0.0,0.0
5,1,5,0,,,,0.5959833,0.0,0.0,0.0,0.0
5,2,5,0,,,,0.6059333,0.0,0.0,0.0,0.0
5,3,5,0,,,,0.59716666,0.0,0.0,0.0,0.0
5,4,5,0,,,,0.5940167,0.0,0.0,0.0,0.0
5,5,5,0,,,,1.2586,0.0,0.0,0.0,0.0
5,6,5,0,,,,0.9945667,0.0,0.0,0.0,0.0
5,7,5,0,,,,0.6846167,0.0,0.0,0.0,43.32
5,8,5,0,,,,0.52705,0.0,0.0,0.0,161.28
5,9,5,0,,,,0.5890333,0.0,0.0,0.0,452.88
5,10,5,0,,,,0.60803336,0.0,0.0,0.0,403.67
5,11,5,0,,,,0.50123334,0.0,0.0,0.0,494.86
5,12,5,0,,,,0.6365167,0.0,0.0,0.0,606.92
5,13,5,0,,,,0.48046666,0.0,0.0,0.0,774.57
5,14,5,0,,,,0.4818,0.0,0.0,0.0,519.66
5,15,5,0,,,,0.48933333,0.0,0.0,0.0,355.41
5,16,5,0,,,,0.54968333,0.0,0.0,0.0,365.91
5,17,5,0,,,,0.8210833,0.0,0.0,0.0,208.7
5,18,5,0,,,,0.88081664,0.0,0.0,0.0,99.21
5,19,5,0,,,,0.7652,0.0,0.0,0.0,7.69
5,20,5,0,,,,0.8631,0.0,0.0,0.0,0.0
5,21,5,0,,,,1.0759833,0.0,0.0,0.0,0.0
5,22,5,0,,,,0.65216666,0.0,0.0,0.0,0.0
5,23,5,0,,,,0.6099833,0.0,0.0,0.0,0.0
5,24,5,0,,,,0.5434,0.0,0.0,0.0,0.0
5,1,6,0,,,,0.54261667,0.0,0.0,0.0,0.0
5,2,6,0,,,,0.57335,0.0,0.0,0.0,0.0
5,3,6,0,,,,0.5657167,0.0,0.0,0.0,0.0
5,4,6,0,,,,0.5427167,0.0,0.0,0.0,0.0
5,5,6,0,,,,0.53938335,0.0,0.0,0.0,0.0
5,6,6,0,,,,0.55726665,0.0,0.0,0.0,14.89
5,7,6,0,,,,1.26475,0.0,0.0,0.0,5.58
5,8,6,0,,,,0.8997167,0.0,0.0,0.0,18.87
5,9,6,0,,,,0.587825,0.0,0.0,0.0,127.92
5,10,6,0,,,,0.53225,0.0,0.0,0.0,100.1
5,11,6,0,,,,0.9550167,0.0,0.0,0.0,164.01
5,12,6,0,,,,0.95021665,0.0,0.0,0.0,117.81
5,13,6,0,,,,0.72996664,0.0,0.0,0.0,209.18
5,14,6,0,,,,1.3542,0.0,0.0,0.0,55.07
5,15,6,0,,,,1.1582667,0.0,0.0,0.0,43.67
5,16,6,0,,,,1.4227,0.0,0.0,0.0,60.71
5,17,6,0,,,,1.2854,0.0,0.0,0.0,133.54
5,18,6,0,,,,1.0697334,0.0,0.0,0.0,29.59
5,19,6,0,,,,2.1099055,0.0,0.0,0.0,33.85
5,20,6,0,,,,2.0114167,0.0,0.0,0.0,0.0
5,21,6,0,,,,1.4828666,0.0,0.0,0.0,0.0
5,22,6,0,,,,0.79261667,0.0,0.0,0.0,0.0
5,23,6,0,,,,0.49808332,0.0,0.0,0.0,0.0
5,24,6,0,,,,0.5171583,0.0,0.0,0.0,0.0
5,1,7,0,,,,0.4756,0.0,0.0,0.0,0.0
5,2,7,0,,,,0.47248334,0.0,0.0,0.0,0.0
5,3,7,0,,,,0.49051666,0.0,0.0,0.0,0.0
5,4,7,0,,,,0.48456666,0.0,0.0,0.0,0.0
5,5,7,0,,,,0.4782,0.0,0.0,0.0,0.0
5,6,7,0,,,,0.46563333,0.0,0.0,0.0,0.0
5,7,7,0,,,,0.78886664,0.0,0.0,0.0,23.14
5,8,7,0,,,,0.56808335,0.0,0.0,0.0,150.5
5,9,7,0,,,,0.7146,0.0,0.0,0.0,290.96
5,10,7,0,,,,1.9425722,0.0,0.0,0.0,300.74
5,11,7,0,,,,1.2492555,0.0,0.0,0.0,183.25
5,12,7,0,,,,2.1190834,0.0,0.0,0.0,264.42
5,13,7,0,,,,1.5403833,0.0,0.0,0.0,487.87
5,14,7,0,,,,2.0337167,0.0,0.0,0.0,638.37
5,15,7,0,,,,1.6387666,0.0,0.0,0.0,53.98
5,16,7,0,,,,1.6569166,0.0,0.0,0.0,122.5
5,17,7,0,,,,1.4454334,0.0,0.0,0.0,116.59
5,18,7,0,,,,1.4679333,0.0,0.0,0.0,15.96
5,19,7,0,,,,2.28995,0.0,0.0,0.0,37.89
5,20,7,0,,,,1.9279,0.0,0.0,0.0,0.0
5,21,7,0,,,,1.0887166,0.0,0.0,0.0,0.0
5,22,7,0,,,,0.7063722,0.0,0.0,0.0,0.0
5,23,7,0,,,,1.41075,0.0,0.0,0.0,0.0
5,24,7,0,,,,1.3398194,0.0,0.0,0.0,0.0
5,1,1,0,,,,1.3515667,0.0,0.0,0.0,0.0
5,2,1,0,,,,1.3212,0.0,0.0,0.0,0.0
5,3,1,0,,,,1.34185,0.0,0.0,0.0,0.0
5,4,1,0,,,,1.3421777,0.0,0.0,0.0,0.0
5,5,1,0,,,,2.1659834,0.0,0.0,0.0,0.0
5,6,1,0,,,,2.1696084,0.0,0.0,0.0,0.0
5,7,1,0,,,,1.4704666,0.0,0.0,0.0,6.34
5,8,1,0,,,,1.3274333,0.0,0.0,0.0,78.7
5,9,1,0,,,,2.14305,0.0,0.0,0.0,67.47
5,10,1,0,,,,2.2626166,0.0,0.0,0.0,95.75
5,11,1,0,,,,0.5148,0.0,0.0,0.0,135.55
5,12,1,0,,,,0.3304,0.0,0.0,0.0,136.02
5,13,1,0,,,,0.42211667,0.0,0.0,0.0,90.22
5,14,1,0,,,,0.39046666,0.0,0.0,0.0,104.55
5,15,1,0,,,,0.36083335,0.0,0.0,0.0,79.64
5,16,1,0,,,,1.79415,0.0,0.0,0.0,61.39
5,17,1,0,,,,0.5252,0.0,0.0,0.0,40.53
5,18,1,0,,,,0.49658334,0.0,0.0,0.0,37.53
5,19,1,0,,,,1.2951833,0.0,0.0,0.0,22.83
5,20,1,0,,,,3.3807833,0.0,0.0,0.0,0.0
5,21,1,0,,,,1.23985,0.0,0.0,0.0,0.0
5,22,1,0,,,,0.9156,0.0,0.0,0.0,0.0
5,23,1,0,,,,1.4067,0.0,0.0,0.0,0.0
5,24,1,0,,,,1.3758,0.0,0.0,0.0,0.0
5,1,2,0,,,,1.3985,0.0,0.0,0.0,0.0
5,2,2,0,,,,1.37285,0.0,0.0,0.0,0.0
5,3,2,0,,,,1.3601667,0.0,0.0,0.0,0.0
5,4,2,0,,,,1.34425,0.0,0.0,0.0,0.0
5,5,2,0,,,,2.1878166,0.0,0.0,0.0,0.0
5,6,2,0,,,,1.7749,0.0,0.0,0.0,0.0
5,7,2,0,,,,1.4426833,0.0,0.0,0.0,6.36
5,8,2,0,,,,1.5595,0.0,0.0,0.0,17.99
5,9,2,0,,,,2.2476332,0.0,0.0,0.0,67.68
5,10,2,0,,,,2.2513833,0.0,0.0,0.0,107.36
5,11,2,0,,,,0.42466667,0.0,0.0,0.0,163.04
5,12,2,0,,,,0.41311666,0.0,0.0,0.0,143.55
5,13,2,0,,,,0.43256667,0.0,0.0,0.0,103.37
5,14,2,0,,,,0.43091667,0.0,0.0,0.0,107.82
5,15,2,0,,,,0.41683334,0.0,0.0,0.0,77.62
5,16,2,0,,,,0.5013833,0.0,0.0,0.0,72.12
5,17,2,0,,,,0.59505,0.0,0.0,0.0,41.35
5,18,2,0,,,,0.7040833,0.0,0.0,0.0,36.87
5,19,2,0,,,,2.9776666,0.0,0.0,0.0,27.35
5,20,2,0,,,,3.6012666,0.0,0.0,0.0,0.0
5,21,2,0,,,,0.96795,0.0,0.0,0.0,0.0
5,22,2,0,,,,0.58795,0.0,0.0,0.0,0.0
5,23,2,0,,,,1.3283334,0.0,0.0,0.0,0.0
5,24,2,0,,,,1.28855,0.0,0.0,0.0,0.0
5,1,3,0,,,,1.2954333,0.0,0.0,0.0,0.0
5,2,3,0,,,,1.2878667,0.0,0.0,0.0,0.0
5,3,3,0,,,,1.2891834,0.0,0.0,0.0,0.0
5,4,3,0,,,,1.2846833,0.0,0.0,0.0,0.0
5,5,3,0,,,,2.8196166,0.0,0.0,0.0,0.0
5,6,3,0,,,,2.2049,0.0,0.0,0.0,0.0
5,7,3,0,,,,1.7085333,0.0,0.0,0.0,93.02
5,8,3,0,,,,1.4514,0.0,0.0,0.0,283.84
5,9,3,0,,,,2.2353833,0.0,0.0,0.0,483.32
5,10,3,0,,,,1.7841,0.0,0.0,0.0,642.27
5,11,3,0,,,,1.4218667,0.0,0.0,0.0,694.36
5,12,3,0,,,,1.4291167,0.0,0.0,0.0,299.5
5,13,3,0,,,,0.8690583,0.0,0.0,0.0,342.95
5,14,3,0,,,,0.37275,0.0,0.0,0.0,343.73
5,15,3,0,,,,0.52861667,0.0,0.0,0.0,137.66
5,16,3,0,,,,0.91365,0.0,0.0,0.0,185.44
5,17,3,0,,,,0.5927,0.0,0.0,0.0,133.9
5,18,3,0,,,,0.5014667,0.0,0.0,0.0,47.73
5,19,3,0,,,,1.6037667,0.0,0.0,0.0,24.34
5,20,3,0,,,,2.1799,0.0,0.0,0.0,0.0
5,21,3,0,,,,0.95451665,0.0,0.0,0.0,0.0
5,22,3,0,,,,0.56941664,0.0,0.0,0.0,0.0
5,23,3,0,,,,1.2687777,0.0,0.0,0.0,0.0
5,24,3,0,,,,1.2730833,0.0,0.0,0.0,0.0
5,1,4,0,,,,1.29815,0.0,0.0,0.0,0.0
5,2,4,0,,,,1.2887833,0.0,0.0,0.0,0.0
5,3,4,0,,,,1.2497667,0.0,0.0,0.0,0.0
5,4,4,0,,,,1.2522167,0.0,0.0,0.0,0.0
5,5,4,0,,,,2.0335834,0.0,0.0,0.0,0.0
5,6,4,0,,,,2.3227668,0.0,0.0,0.0,1.74
5,7,4,0,,,,1.4835334,0.0,0.0,0.0,43.5
5,8,4,0,,,,1.25815,0.0,0.0,0.0,240.11
5,9,4,0,,,,2.0388834,0.0,0.0,0.0,469.37
5,10,4,0,,,,2.3189,0.0,0.0,0.0,612.91
5,11,4,0,,,,0.5284333,0.0,0.0,0.0,541.82
5,12,4,0,,,,0.46013334,0.0,0.0,0.0,389.34
5,13,4,0,,,,0.47338334,0.0,0.0,0.0,275.55
5,14,4,0,,,,0.41313332,0.0,0.0,0.0,74.33
5,15,4,0,,,,0.5541,0.0,0.0,0.0,565.39
5,16,4,0,,,,0.5984167,0.0,0.0,0.0,429.88
5,17,4,0,,,,0.6394333,0.0,0.0,0.0,295.44
5,18,4,0,,,,0.8060167,0.0,0.0,0.0,152.96
5,19,4,0,,,,2.1468334,0.0,0.0,0.0,42.25
5,20,4,0,,,,4.03875,0.0,0.0,0.0,0.0
5,21,4,0,,,,1.4704,0.0,0.0,0.0,0.0
5,22,4,0,,,,0.87815,0.0,0.0,0.0,0.0
5,23,4,0,,,,1.4349,0.0,0.0,0.0,0.0
5,24,4,0,,,,1.3566,0.0,0.0,0.0,0.0
5,1,5,0,,,,1.3440334,0.0,0.0,0.0,0.0
5,2,5,0,,,,1.3073334,0.0,0.0,0.0,0.0
5,3,5,0,,,,1.3237333,0.0,0.0,0.0,0.0
5,4,5,0,,,,1.3486834,0.0,0.0,0.0,0.0
5,5,5,0,,,,2.07975,0.0,0.0,0.0,0.0
5,6,5,0,,,,2.190725,0.0,0.0,0.0,3.62
5,7,5,0,,,,1.625975,0.0,0.0,0.0,87.53
5,8,5,0,,,,1.3078333,0.0,0.0,0.0,212.9
5,9,5,0,,,,1.8951,0.0,0.0,0.0,472.59
5,10,5,0,,,,1.9034834,0.0,0.0,0.0,617.94
5,11,5,0,,,,0.53396666,0.0,0.0,0.0,676.39
5,12,5,0,,,,0.47868332,0.0,0.0,0.0,495.09
5,13,5,0,,,,0.48328334,0.0,0.0,0.0,392.98
5,14,5,0,,,,0.41803333,0.0,0.0,0.0,539.92
5,15,5,0,,,,0.4092,0.0,0.0,0.0,544.25
5,16,5,0,,,,0.43805,0.0,0.0,0.0,295.79
5,17,5,0,,,,0.47915,0.0,0.0,0.0,344.78
5,18,5,0,,,,0.43215,0.0,0.0,0.0,165.75
5,19,5,0,,,,1.0001333,0.0,0.0,0.0,36.73
5,20,5,0,,,,1.1980833,0.0,0.0,0.0,0.0
5,21,5,0,,,,0.9414833,0.0,0.0,0.0,0.0
5,22,5,0,,,,0.50645,0.0,0.0,0.0,0.0
5,23,5,0,,,,1.31575,0.0,0.0,0.0,0.0
5,24,5,0,,,,1.3092583,0.0,0.0,0.0,0.0
5,1,6,0,,,,1.30295,0.0,0.0,0.0,0.0
5,2,6,0,,,,1.2951,0.0,0.0,0.0,0.0
5,3,6,0,,,,1.5100666,0.0,0.0,0.0,0.0
5,4,6,0,,,,1.49065,0.0,0.0,0.0,0.0
5,5,6,0,,,,1.2815833,0.0,0.0,0.0,0.0
5,6,6,0,,,,1.5747666,0.0,0.0,0.0,0.18
5,7,6,0,,,,1.7714334,0.0,0.0,0.0,92.28
5,8,6,0,,,,2.2889667,0.0,0.0,0.0,264.42
5,9,6,0,,,,2.5364833,0.0,0.0,0.0,416.17
5,10,6,0,,,,2.5175166,0.0,0.0,0.0,564.61
5,11,6,0,,,,0.91095,0.0,0.0,0.0,664.75
5,12,6,0,,,,0.5541667,0.0,0.0,0.0,471.08
5,13,6,0,,,,0.5111833,0.0,0.0,0.0,652.31
5,14,6,0,,,,0.50478333,0.0,0.0,0.0,323.02
5,15,6,0,,,,0.46325,0.0,0.0,0.0,485.83
5,16,6,0,,,,0.5036,0.0,0.0,0.0,329.28
5,17,6,0,,,,1.0687166,0.0,0.0,0.0,214.66
5,18,6,0,,,,0.98473334,0.0,0.0,0.0,77.38
5,19,6,0,,,,3.8585,0.0,0.0,0.0,5.39
5,20,6,0,,,,2.2522833,0.0,0.0,0.0,0.0
5,21,6,0,,,,1.4851333,0.0,0.0,0.0,0.0
5,22,6,0,,,,0.63375,0.0,0.0,0.0,0.0
5,23,6,0,,,,1.4387333,0.0,0.0,0.0,0.0
5,24,6,0,,,,1.3968834,0.0,0.0,0.0,0.0
5,1,7,0,,,,1.3890333,0.0,0.0,0.0,0.0
5,2,7,0,,,,1.37555,0.0,0.0,0.0,0.0
5,3,7,0,,,,1.3663,0.0,0.0,0.0,0.0
5,4,7,0,,,,1.3677666,0.0,0.0,0.0,0.0
5,5,7,0,,,,1.3888,0.0,0.0,0.0,0.0
5,6,7,0,,,,1.2985667,0.0,0.0,0.0,0.51
5,7,7,0,,,,2.0313416,0.0,0.0,0.0,7.3
5,8,7,0,,,,1.8700833,0.0,0.0,0.0,37.84
5,9,7,0,,,,2.3258834,0.0,0.0,0.0,162.29
5,10,7,0,,,,3.4855833,0.0,0.0,0.0,401.91
5,11,7,0,,,,0.90485,0.0,0.0,0.0,556.47
5,12,7,0,,,,0.54191667,0.0,0.0,0.0,790.03
5,13,7,0,,,,0.53065,0.0,0.0,0.0,704.15
5,14,7,0,,,,0.5549333,0.0,0.0,0.0,474.46
5,15,7,0,,,,0.56478333,0.0,0.0,0.0,340.23
5,16,7,0,,,,1.1559,0.0,0.0,0.0,237.46
5,17,7,0,,,,2.0250332,0.0,0.0,0.0,366.75
5,18,7,0,,,,1.7995334,0.0,0.0,0.0,101.29
5,19,7,0,,,,2.5718834,0.0,0.0,0.0,39.57
5,20,7,0,,,,4.922933,0.0,0.0,0.0,0.0
5,21,7,0,,,,1.1438,0.0,0.0,0.0,0.0
5,22,7,0,,,,1.2809334,0.0,0.0,0.0,0.0
5,23,7,0,,,,1.4297667,0.0,0.0,0.0,0.0
5,24,7,0,,,,1.3733833,0.0,0.0,0.0,0.0
5,1,1,0,,,,1.3607,0.0,0.0,0.0,0.0
5,2,1,0,,,,1.3747333,0.0,0.0,0.0,0.0
5,3,1,0,,,,1.3543667,0.0,0.0,0.0,0.0
5,4,1,0,,,,1.3131167,0.0,0.0,0.0,0.0
5,5,1,0,,,,2.3886833,0.0,0.0,0.0,0.0
5,6,1,0,,,,2.1971834,0.0,0.0,0.0,0.17
5,7,1,0,,,,1.4286333,0.0,0.0,0.0,60.97
5,8,1,0,,,,1.4264834,0.0,0.0,0.0,114.59
5,9,1,0,,,,3.0799167,0.0,0.0,0.0,288.78
5,10,1,0,,,,3.7100666,0.0,0.0,0.0,579.76
5,11,1,0,,,,1.1698,0.0,0.0,0.0,541.52
5,12,1,0,,,,0.7438,0.0,0.0,0.0,583.22
5,13,1,0,,,,0.8144722,0.0,0.0,0.0,643.37
5,14,1,0,,,,0.41855,0.0,0.0,0.0,506.28
5,15,1,0,,,,0.5760667,0.0,0.0,0.0,209.97
5,16,1,0,,,,0.6261,0.0,0.0,0.0,65.63
5,17,1,0,,,,2.3925834,0.0,0.0,0.0,211.68
5,18,1,0,,,,0.8292,0.0,0.0,0.0,156.93
5,19,1,0,,,,1.29765,0.0,0.0,0.0,44.0
5,20,1,0,,,,1.8969667,0.0,0.0,0.0,0.0
5,21,1,0,,,,1.0986,0.0,0.0,0.0,0.0
5,22,1,0,,,,0.91713333,0.0,0.0,0.0,0.0
5,23,1,0,,,,1.67095,0.0,0.0,0.0,0.0
5,24,1,0,,,,1.33435,0.0,0.0,0.0,0.0
5,1,2,0,,,,1.3211334,0.0,0.0,0.0,0.0
5,2,2,0,,,,1.3490167,0.0,0.0,0.0,0.0
5,3,2,0,,,,1.3204334,0.0,0.0,0.0,0.0
5,4,2,0,,,,1.3570334,0.0,0.0,0.0,0.0
5,5,2,0,,,,1.9817667,0.0,0.0,0.0,0.0
5,6,2,0,,,,2.1242666,0.0,0.0,0.0,14.18
5,7,2,0,,,,1.87255,0.0,0.0,0.0,32.87
5,8,2,0,,,,1.7394667,0.0,0.0,0.0,163.26
5,9,2,0,,,,2.1517832,0.0,0.0,0.0,109.8
5,10,2,0,,,,1.8555,0.0,0.0,0.0,382.5
5,11,2,0,,,,0.42918333,0.0,0.0,0.0,610.85
5,12,2,0,,,,0.45795,0.0,0.0,0.0,450.24
5,13,2,0,,,,0.4439,0.0,0.0,0.0,670.81
5,14,2,0,,,,0.4447,0.0,0.0,0.0,506.68
5,15,2,0,,,,0.41788334,0.0,0.0,0.0,401.53
5,16,2,0,,,,0.4798,0.0,0.0,0.0,239.49
5,17,2,0,,,,0.63386667,0.0,0.0,0.0,185.01
5,18,2,0,,,,1.5350667,0.0,0.0,0.0,100.48
5,19,2,0,,,,2.4288833,0.0,0.0,0.0,41.49
5,20,2,0,,,,1.93515,0.0,0.0,0.0,0.0
5,21,2,0,,,,1.0452334,0.0,0.0,0.0,0.0
5,22,2,0,,,,0.9458333,0.0,0.0,0.0,0.0
5,23,2,0,,,,1.3248667,0.0,0.0,0.0,0.0
5,24,2,0,,,,1.3276,0.0,0.0,0.0,0.0
5,1,3,0,,,,1.32895,0.0,0.0,0.0,0.0
5,2,3,0,,,,1.3522167,0.0,0.0,0.0,0.0
5,3,3,0,,,,1.3279667,0.0,0.0,0.0,0.0
5,4,3,0,,,,1.29605,0.0,0.0,0.0,0.0
5,5,3,0,,,,1.5850333,0.0,0.0,0.0,0.0
5,6,3,0,,,,2.5978832,0.0,0.0,0.0,4.42
5,7,3,0,,,,1.9386,0.0,0.0,0.0,97.81
5,8,3,0,,,,1.33885,0.0,0.0,0.0,33.98
5,9,3,0,,,,1.65155,0.0,0.0,0.0,270.18
5,10,3,0,,,,1.6369166,0.0,0.0,0.0,617.08
5,11,3,0,,,,1.59535,0.0,0.0,0.0,652.77
5,12,3,0,,,,1.0828,0.0,0.0,0.0,773.43
5,13,3,0,,,,0.46731666,0.0,0.0,0.0,764.08
5,14,3,0,,,,0.45571667,0.0,0.0,0.0,478.25
5,15,3,0,,,,0.4518889,0.0,0.0,0.0,456.29
5,16,3,0,,,,0.89055,0.0,0.0,0.0,325.95
5,17,3,0,,,,0.9841167,0.0,0.0,0.0,298.36
5,18,3,0,,,,0.94265,0.0,0.0,0.0,154.02
5,19,3,0,,,,1.6909833,0.0,0.0,0.0,46.0
5,20,3,0,,,,1.8787667,0.0,0.0,0.0,0.12
5,21,3,0,,,,1.1298167,0.0,0.0,0.0,0.0
5,22,3,0,,,,2.26155,0.0,0.0,0.0,0.0
5,23,3,0,,,,2.6496665,0.0,0.0,0.0,0.0
5,24,3,0,,,,1.8972445,0.0,0.0,0.0,0.0
5,1,4,0,,,,2.3489,0.0,0.0,0.0,0.0
5,2,4,0,,,,1.8528666,0.0,0.0,0.0,0.0
5,3,4,0,,,,1.8146334,0.0,0.0,0.0,0.0
5,4,4,0,,,,1.9090166,0.0,0.0,0.0,0.0
5,5,4,0,,,,3.54435,0.0,0.0,0.0,0.0
5,6,4,0,,,,1.9733666,0.0,0.0,0.0,0.49
5,7,4,0,,,,1.3330667,0.0,0.0,0.0,98.23
5,8,4,0,,,,1.3517,0.0,0.0,0.0,217.68
5,9,4,0,,,,1.8640333,0.0,0.0,0.0,415.35
5,10,4,0,,,,1.8176,0.0,0.0,0.0,506.83
5,11,4,0,,,,0.5211333,0.0,0.0,0.0,643.8
5,12,4,0,,,,0.3789,0.0,0.0,0.0,789.11
5,13,4,0,,,,0.40651667,0.0,0.0,0.0,820.94
5,14,4,0,,,,0.39521667,0.0,0.0,0.0,698.47
5,15,4,0,,,,0.49246666,0.0,0.0,0.0,637.38
5,16,4,0,,,,0.6569667,0.0,0.0,0.0,465.56
5,17,4,0,,,,0.7248833,0.0,0.0,0.0,325.83
5,18,4,0,,,,0.99455,0.0,0.0,0.0,150.9
5,19,4,0,,,,1.69865,0.0,0.0,0.0,46.12
5,20,4,0,,,,5.5221,0.0,0.0,0.0,0.0
5,21,4,0,,,,2.18715,0.0,0.0,0.0,0.0
5,22,4,0,,,,0.82453334,0.0,0.0,0.0,0.0
5,23,4,0,,,,1.4257166,0.0,0.0,0.0,0.0
5,24,4,0,,,,1.3319167,0.0,0.0,0.0,0.0
5,1,5,0,,,,1.2670833,0.0,0.0,0.0,0.0
5,2,5,0,,,,1.2607167,0.0,0.0,0.0,0.0
5,3,5,0,,,,1.24065,0.0,0.0,0.0,0.0
5,4,5,0,,,,1.2653167,0.0,0.0,0.0,0.0
5,5,5,0,,,,1.8068,0.0,0.0,0.0,0.0
5,6,5,0,,,,1.9498333,0.0,0.0,0.0,25.89
5,7,5,0,,,,1.1906333,0.0,0.0,0.0,91.6
5,8,5,0,,,,1.4015833,0.0,0.0,0.0,294.89
5,9,5,0,,,,1.7691,0.0,0.0,0.0,481.11
5,10,5,0,,,,1.7819,0.0,0.0,0.0,640.21
5,11,5,0,,,,0.49831668,0.0,0.0,0.0,749.52
5,12,5,0,,,,0.34186667,0.0,0.0,0.0,802.91
5,13,5,0,,,,0.34106666,0.0,0.0,0.0,824.62
5,14,5,0,,,,0.46101665,0.0,0.0,0.0,763.1
5,15,5,0,,,,0.47895,0.0,0.0,0.0,693.75
5,16,5,0,,,,1.3479,0.0,0.0,0.0,553.23
5,17,5,0,,,,1.6360333,0.0,0.0,0.0,377.72
5,18,5,0,,,,0.78763336,0.0,0.0,0.0,170.77
5,19,5,0,,,,1.7994334,0.0,0.0,0.0,42.81
5,20,5,0,,,,2.0477333,0.0,0.0,0.0,2.42
5,21,5,0,,,,1.2216667,0.0,0.0,0.0,0.0
5,22,5,0,,,,0.5192,0.0,0.0,0.0,0.0
5,23,5,0,,,,1.37315,0.0,0.0,0.0,0.0
5,24,5,0,,,,1.335675,0.0,0.0,0.0,0.0
5,1,6,0,,,,1.35735,0.0,0.0,0.0,0.0
5,2,6,0,,,,1.3617667,0.0,0.0,0.0,0.0
5,3,6,0,,,,1.3275334,0.0,0.0,0.0,0.0
5,4,6,0,,,,1.3239,0.0,0.0,0.0,0.0
5,5,6,0,,,,1.3208,0.0,0.0,0.0,0.0
5,6,6,0,,,,1.6544167,0.0,0.0,0.0,24.35
5,7,6,0,,,,1.5178833,0.0,0.0,0.0,91.79
5,8,6,0,,,,2.0012834,0.0,0.0,0.0,290.3
5,9,6,0,,,,2.2898,0.0,0.0,0.0,474.04
5,10,6,0,,,,1.9183167,0.0,0.0,0.0,627.77
5,11,6,0,,,,0.4064,0.0,0.0,0.0,738.19
5,12,6,0,,,,0.39883333,0.0,0.0,0.0,798.02
5,13,6,0,,,,0.42305,0.0,0.0,0.0,799.86
5,14,6,0,,,,0.38055,0.0,0.0,0.0,764.4
5,15,6,0,,,,0.38995,0.0,0.0,0.0,687.4
5,16,6,0,,,,0.43193334,0.0,0.0,0.0,547.75
5,17,6,0,,,,0.6357167,0.0,0.0,0.0,367.92
5,18,6,0,,,,1.1461,0.0,0.0,0.0,170.24
5,19,6,0,,,,2.1473,0.0,0.0,0.0,46.62
5,20,6,0,,,,2.507,0.0,0.0,0.0,6.27
5,21,6,0,,,,1.4119,0.0,0.0,0.0,0.0
5,22,6,0,,,,0.7326667,0.0,0.0,0.0,0.0
5,23,6,0,,,,1.3751833,0.0,0.0,0.0,0.0
5,24,6,0,,,,1.3455583,0.0,0.0,0.0,0.0
5,1,7,0,,,,1.3473834,0.0,0.0,0.0,0.0
5,2,7,0,,,,1.3497,0.0,0.0,0.0,0.0
5,3,7,0,,,,1.3285333,0.0,0.0,0.0,0.0
5,4,7,0,,,,1.3367,0.0,0.0,0.0,0.0
5,5,7,0,,,,1.3607,0.0,0.0,0.0,0.0
5,6,7,0,,,,1.57345,0.0,0.0,0.0,0.83
5,7,7,0,,,,1.6517,0.0,0.0,0.0,66.12
5,8,7,0,,,,1.7112,0.0,0.0,0.0,120.52
5,9,7,0,,,,2.70385,0.0,0.0,0.0,48.26
5,10,7,0,,,,2.2110167,0.0,0.0,0.0,84.92
5,11,7,0,,,,0.6389833,0.0,0.0,0.0,236.49
5,12,7,0,,,,0.50631666,0.0,0.0,0.0,426.8
5,13,7,0,,,,0.52023333,0.0,0.0,0.0,421.37
5,14,7,0,,,,0.51885,0.0,0.0,0.0,206.0
5,15,7,0,,,,0.49978334,0.0,0.0,0.0,247.7
5,16,7,0,,,,0.54125,0.0,0.0,0.0,314.85
5,17,7,0,,,,3.16855,0.0,0.0,0.0,319.27
5,18,7,0,,,,4.1622167,0.0,0.0,0.0,168.96
5,19,7,0,,,,6.608933,0.0,0.0,0.0,31.49
5,20,7,0,,,,3.31005,0.0,0.0,0.0,6.93
5,21,7,0,,,,0.7056,0.0,0.0,0.0,0.0
5,22,7,0,,,,0.5585667,0.0,0.0,0.0,0.0
5,23,7,0,,,,1.3564667,0.0,0.0,0.0,0.0
5,24,7,0,,,,1.367475,0.0,0.0,0.0,0.0
5,1,1,0,,,,1.3065333,0.0,0.0,0.0,0.0
5,2,1,0,,,,1.31605,0.0,0.0,0.0,0.0
5,3,1,0,,,,1.3370167,0.0,0.0,0.0,0.0
5,4,1,0,,,,1.31585,0.0,0.0,0.0,0.0
5,5,1,0,,,,2.0727334,0.0,0.0,0.0,0.0
5,6,1,0,,,,1.7507334,0.0,0.0,0.0,26.03
5,7,1,0,,,,1.4431,0.0,0.0,0.0,98.48
5,8,1,0,,,,1.7557666,0.0,0.0,0.0,286.94
5,9,1,0,,,,1.7549666,0.0,0.0,0.0,461.92
5,10,1,0,,,,0.6846,0.0,0.0,0.0,609.47
5,11,1,0,,,,0.79255,0.0,0.0,0.0,693.08
5,12,1,0,,,,0.46095,0.0,0.0,0.0,734.46
5,13,1,0,,,,0.42301667,0.0,0.0,0.0,668.29
5,14,1,0,,,,0.42246667,0.0,0.0,0.0,659.32
5,15,1,0,,,,0.47125,0.0,0.0,0.0,174.89
5,16,1,0,,,,0.60683334,0.0,0.0,0.0,241.14
5,17,1,0,,,,2.47935,0.0,0.0,0.0,79.64
5,18,1,0,,,,4.6007,0.0,0.0,0.0,157.42
5,19,1,0,,,,2.9906166,0.0,0.0,0.0,50.61
5,20,1,0,,,,2.8347666,0.0,0.0,0.0,0.14
5,21,1,0,,,,1.0104333,0.0,0.0,0.0,0.0
5,22,1,0,,,,2.0035167,0.0,0.0,0.0,0.0
5,23,1,0,,,,0.67328334,0.0,0.0,0.0,0.0
5,24,1,0,,,,0.56855,0.0,0.0,0.0,0.0
5,1,2,0,,,,0.53138334,0.0,0.0,0.0,0.0
5,2,2,0,,,,0.54931664,0.0,0.0,0.0,0.0
5,3,2,0,,,,0.546,0.0,0.0,0.0,0.0
5,4,2,0,,,,0.5203,0.0,0.0,0.0,0.0
5,5,2,0,,,,1.1008834,0.0,0.0,0.0,0.0
5,6,2,0,,,,0.86645,0.0,0.0,0.0,0.86
5,7,2,0,,,,0.59131664,0.0,0.0,0.0,98.23
5,8,2,0,,,,0.86838335,0.0,0.0,0.0,269.37
5,9,2,0,,,,0.88011664,0.0,0.0,0.0,446.38
5,10,2,0,,,,0.45186666,0.0,0.0,0.0,597.65
5,11,2,0,,,,0.4511,0.0,0.0,0.0,679.14
5,12,2,0,,,,0.41826665,0.0,0.0,0.0,674.03
5,13,2,0,,,,0.43916667,0.0,0.0,0.0,361.68
5,14,2,0,,,,0.42738333,0.0,0.0,0.0,275.19
5,15,2,0,,,,0.41425,0.0,0.0,0.0,562.53
5,16,2,0,,,,0.65496665,0.0,0.0,0.0,490.95
5,17,2,0,,,,1.0405333,0.0,0.0,0.0,143.46
5,18,2,0,,,,3.9579,0.0,0.0,0.0,11.71
5,19,2,0,,,,2.6709833,0.0,0.0,0.0,32.46
5,20,2,0,,,,4.9859,0.0,0.0,0.0,8.49
5,21,2,0,,,,1.91735,0.0,0.0,0.0,0.0
5,22,2,0,,,,0.9328,0.0,0.0,0.0,0.0
5,23,2,0,,,,0.6191083,0.0,0.0,0.0,0.0
5,24,2,0,,,,0.54745,0.0,0.0,0.0,0.0
5,1,3,0,,,,0.55205,0.0,0.0,0.0,0.0
5,2,3,0,,,,0.59783334,0.0,0.0,0.0,0.0
5,3,3,0,,,,0.7575833,0.0,0.0,0.0,0.0
5,4,3,0,,,,0.6552167,0.0,0.0,0.0,0.0
5,5,3,0,,,,1.22765,0.0,0.0,0.0,0.0
5,6,3,0,,,,1.1873167,0.0,0.0,0.0,0.87
5,7,3,0,,,,0.5839667,0.0,0.0,0.0,97.84
5,8,3,0,,,,0.55343336,0.0,0.0,0.0,279.55
5,9,3,0,,,,0.55195,0.0,0.0,0.0,279.45
5,10,3,0,,,,0.49923334,0.0,0.0,0.0,524.88
5,11,3,0,,,,0.4778,0.0,0.0,0.0,491.32
5,12,3,0,,,,0.4852,0.0,0.0,0.0,404.91
5,13,3,0,,,,0.45423332,0.0,0.0,0.0,499.77
5,14,3,0,,,,0.48106667,0.0,0.0,0.0,556.32
5,15,3,0,,,,0.4803,0.0,0.0,0.0,320.78
5,16,3,0,,,,0.6027667,0.0,0.0,0.0,340.32
5,17,3,0,,,,1.4295167,0.0,0.0,0.0,0.0
5,18,3,0,,,,1.3646166,0.0,0.0,0.0,119.89
5,19,3,0,,,,1.3629333,0.0,0.0,0.0,54.19
5,20,3,0,,,,1.8151833,0.0,0.0,0.0,0.0
5,21,3,0,,,,1.4556167,0.0,0.0,0.0,0.0
5,22,3,0,,,,1.1913333,0.0,0.0,0.0,0.0
5,23,3,0,,,,1.74525,0.0,0.0,0.0,0.0
5,24,3,0,,,,1.4211833,0.0,0.0,0.0,0.0
5,1,4,0,,,,1.4240333,0.0,0.0,0.0,0.0
5,2,4,0,,,,1.4091834,0.0,0.0,0.0,0.0
5,3,4,0,,,,1.4288167,0.0,0.0,0.0,0.0
5,4,4,0,,,,1.4212333,0.0,0.0,0.0,0.0
5,5,4,0,,,,1.9118834,0.0,0.0,0.0,0.0
5,6,4,0,,,,1.7318166,0.0,0.0,0.0,1.25
5,7,4,0,,,,1.3672167,0.0,0.0,0.0,83.72
5,8,4,0,,,,1.3515167,0.0,0.0,0.0,209.66
5,9,4,0,,,,1.9020667,0.0,0.0,0.0,386.94
5,10,4,0,,,,2.0756667,0.0,0.0,0.0,319.41
5,11,4,0,,,,0.5664667,0.0,0.0,0.0,411.72
5,12,4,0,,,,0.4669,0.0,0.0,0.0,418.14
5,13,4,0,,,,0.48566666,0.0,0.0,0.0,611.11
5,14,4,0,,,,1.9705666,0.0,0.0,0.0,348.78
5,15,4,0,,,,2.3425667,0.0,0.0,0.0,99.21
5,16,4,0,,,,1.7658833,0.0,0.0,0.0,320.46
5,17,4,0,,,,2.9297833,0.0,0.0,0.0,64.89
5,18,4,0,,,,1.5750667,0.0,0.0,0.0,66.27
5,19,4,0,,,,2.6962833,0.0,0.0,0.0,27.34
5,20,4,0,,,,3.2597666,0.0,0.0,0.0,0.0
5,21,4,0,,,,2.8711667,0.0,0.0,0.0,0.0
5,22,4,0,,,,2.6547,0.0,0.0,0.0,0.0
5,23,4,0,,,,2.4108667,0.0,0.0,0.0,0.0
5,24,4,0,,,,2.200075,0.0,0.0,0.0,0.0
5,1,5,0,,,,2.1805334,0.0,0.0,0.0,0.0
5,2,5,0,,,,2.1959834,0.0,0.0,0.0,0.0
5,3,5,0,,,,2.1865666,0.0,0.0,0.0,0.0
5,4,5,0,,,,2.1704667,0.0,0.0,0.0,0.0
5,5,5,0,,,,2.9597833,0.0,0.0,0.0,0.0
5,6,5,0,,,,2.7045333,0.0,0.0,0.0,5.5
5,7,5,0,,,,1.91765,0.0,0.0,0.0,101.66
5,8,5,0,,,,1.5693834,0.0,0.0,0.0,295.54
5,9,5,0,,,,2.0451334,0.0,0.0,0.0,487.21
5,10,5,0,,,,1.9761667,0.0,0.0,0.0,636.14
5,11,5,0,,,,0.47363332,0.0,0.0,0.0,658.51
5,12,5,0,,,,0.40386668,0.0,0.0,0.0,665.76
5,13,5,0,,,,0.4049,0.0,0.0,0.0,666.41
5,14,5,0,,,,0.3823,0.0,0.0,0.0,612.37
5,15,5,0,,,,0.51348335,0.0,0.0,0.0,592.08
5,16,5,0,,,,0.5257667,0.0,0.0,0.0,523.3
5,17,5,0,,,,1.1049334,0.0,0.0,0.0,357.92
5,18,5,0,,,,0.96028334,0.0,0.0,0.0,181.31
5,19,5,0,,,,1.4306333,0.0,0.0,0.0,45.58
5,20,5,0,,,,1.1045166,0.0,0.0,0.0,10.29
5,21,5,0,,,,0.62885,0.0,0.0,0.0,0.0
5,22,5,0,,,,0.5646333,0.0,0.0,0.0,0.0
5,23,5,0,,,,1.4431,0.0,0.0,0.0,0.0
5,24,5,0,,,,1.28875,0.0,0.0,0.0,0.0
5,1,6,0,,,,1.26295,0.0,0.0,0.0,0.0
5,2,6,0,,,,1.2686167,0.0,0.0,0.0,0.0
5,3,6,0,,,,1.28535,0.0,0.0,0.0,0.0
5,4,6,0,,,,1.2538167,0.0,0.0,0.0,0.0
5,5,6,0,,,,1.2533667,0.0,0.0,0.0,0.0
5,6,6,0,,,,1.2418166,0.0,0.0,0.0,16.2
5,7,6,0,,,,1.6223834,0.0,0.0,0.0,106.41
5,8,6,0,,,,1.3574166,0.0,0.0,0.0,269.41
5,9,6,0,,,,2.6727667,0.0,0.0,0.0,424.84
5,10,6,0,,,,2.3108168,0.0,0.0,0.0,596.39
5,11,6,0,,,,1.1454667,0.0,0.0,0.0,682.9
5,12,6,0,,,,0.8332,0.0,0.0,0.0,740.18
5,13,6,0,,,,0.7782,0.0,0.0,0.0,700.54
5,14,6,0,,,,0.32716668,0.0,0.0,0.0,396.5
5,15,6,0,,,,0.35513332,0.0,0.0,0.0,523.55
5,16,6,0,,,,0.5132333,0.0,0.0,0.0,275.12
5,17,6,0,,,,1.3837833,0.0,0.0,0.0,337.13
5,18,6,0,,,,1.0994,0.0,0.0,0.0,162.41
5,19,6,0,,,,1.9525611,0.0,0.0,0.0,54.39
5,20,6,0,,,,1.5092167,0.0,0.0,0.0,10.07
5,21,6,0,,,,1.2970667,0.0,0.0,0.0,0.0
5,22,6,0,,,,0.7421167,0.0,0.0,0.0,0.0
5,23,6,0,,,,1.3973666,0.0,0.0,0.0,0.0
5,24,6,0,,,,1.4000584,0.0,0.0,0.0,0.0
5,1,7,0,,,,1.4372,0.0,0.0,0.0,0.0
5,2,7,0,,,,1.37365,0.0,0.0,0.0,0.0
5,3,7,0,,,,1.3509667,0.0,0.0,0.0,0.0
5,4,7,0,,,,1.4058167,0.0,0.0,0.0,0.0
5,5,7,0,,,,1.3649167,0.0,0.0,0.0,0.0
5,6,7,0,,,,1.3187166,0.0,0.0,0.0,19.61
5,7,7,0,,,,1.8270333,0.0,0.0,0.0,103.89
5,8,7,0,,,,1.6144,0.0,0.0,0.0,278.67
5,9,7,0,,,,2.2408166,0.0,0.0,0.0,462.83
5,10,7,0,,,,2.2687166,0.0,0.0,0.0,616.16
5,11,7,0,,,,0.6688833,0.0,0.0,0.0,688.6
5,12,7,0,,,,1.4528667,0.0,0.0,0.0,671.87
5,13,7,0,,,,1.4822167,0.0,0.0,0.0,592.8
5,14,7,0,,,,0.82103336,0.0,0.0,0.0,518.24
5,15,7,0,,,,0.54073334,0.0,0.0,0.0,320.59
5,16,7,0,,,,0.5413167,0.0,0.0,0.0,372.46
5,17,7,0,,,,0.49515,0.0,0.0,0.0,329.89
5,18,7,0,,,,0.5427,0.0,0.0,0.0,159.51
5,19,7,0,,,,1.00565,0.0,0.0,0.0,49.07
5,20,7,0,,,,1.06025,0.0,0.0,0.0,11.15
5,21,7,0,,,,1.1731666,0.0,0.0,0.0,0.0
5,22,7,0,,,,0.72216666,0.0,0.0,0.0,0.0
5,23,7,0,,,,1.4454833,0.0,0.0,0.0,0.0
5,24,7,0,,,,1.4533417,0.0,0.0,0.0,0.0
5,1,1,0,,,,1.4169333,0.0,0.0,0.0,0.0
5,2,1,0,,,,1.41285,0.0,0.0,0.0,0.0
5,3,1,0,,,,1.4324167,0.0,0.0,0.0,0.0
5,4,1,0,,,,1.4249166,0.0,0.0,0.0,0.0
5,5,1,0,,,,1.3755,0.0,0.0,0.0,0.0
5,6,1,0,,,,1.7532,0.0,0.0,0.0,22.11
5,7,1,0,,,,2.07245,0.0,0.0,0.0,39.63
5,8,1,0,,,,2.3214333,0.0,0.0,0.0,272.35
5,9,1,0,,,,2.1769834,0.0,0.0,0.0,383.92
5,10,1,0,,,,2.69655,0.0,0.0,0.0,599.77
5,11,1,0,,,,1.86645,0.0,0.0,0.0,711.5
5,12,1,0,,,,1.4741334,0.0,0.0,0.0,781.04
5,13,1,0,,,,1.3976834,0.0,0.0,0.0,710.3
5,14,1,0,,,,1.99005,0.0,0.0,0.0,710.95
5,15,1,0,,,,2.1716166,0.0,0.0,0.0,168.35
5,16,1,0,,,,1.3516333,0.0,0.0,0.0,179.71
5,17,1,0,,,,0.9586,0.0,0.0,0.0,242.9
5,18,1,0,,,,1.3602667,0.0,0.0,0.0,82.26
5,19,1,0,,,,2.22355,0.0,0.0,0.0,55.33
5,20,1,0,,,,4.1707835,0.0,0.0,0.0,11.14
5,21,1,0,,,,2.45435,0.0,0.0,0.0,0.0
5,22,1,0,,,,1.8594944,0.0,0.0,0.0,0.0
5,23,1,0,,,,1.45645,0.0,0.0,0.0,0.0
5,24,1,0,,,,1.4556084,0.0,0.0,0.0,0.0
5,1,2,0,,,,1.6153,0.0,0.0,0.0,0.0
5,2,2,0,,,,1.5045667,0.0,0.0,0.0,0.0
5,3,2,0,,,,1.4276,0.0,0.0,0.0,0.0
5,4,2,0,,,,1.4084834,0.0,0.0,0.0,0.0
5,5,2,0,,,,1.8577334,0.0,0.0,0.0,0.0
5,6,2,0,,,,2.03155,0.0,0.0,0.0,35.63
5,7,2,0,,,,1.6712667,0.0,0.0,0.0,93.92
5,8,2,0,,,,1.5007666,0.0,0.0,0.0,281.7
5,9,2,0,,,,1.89115,0.0,0.0,0.0,448.86
5,10,2,0,,,,2.1030834,0.0,0.0,0.0,489.08
5,11,2,0,,,,1.1992834,0.0,0.0,0.0,651.28
5,12,2,0,,,,1.362,0.0,0.0,0.0,602.74
5,13,2,0,,,,0.6171,0.0,0.0,0.0,400.41
5,14,2,0,,,,0.35696667,0.0,0.0,0.0,471.54
5,15,2,0,,,,0.80521667,0.0,0.0,0.0,414.36
5,16,2,0,,,,0.45128334,0.0,0.0,0.0,351.06
5,17,2,0,,,,1.5025,0.0,0.0,0.0,321.09
5,18,2,0,,,,0.9139,0.0,0.0,0.0,172.59
5,19,2,0,,,,1.5448166,0.0,0.0,0.0,57.51
5,20,2,0,,,,2.19135,0.0,0.0,0.0,1.55
5,21,2,0,,,,1.77485,0.0,0.0,0.0,0.0
5,22,2,0,,,,1.142,0.0,0.0,0.0,0.0
5,23,2,0,,,,1.8595,0.0,0.0,0.0,0.0
5,24,2,0,,,,1.5852667,0.0,0.0,0.0,0.0
5,1,3,0,,,,1.44865,0.0,0.0,0.0,0.0
5,2,3,0,,,,1.4077166,0.0,0.0,0.0,0.0
5,3,3,0,,,,1.38225,0.0,0.0,0.0,0.0
5,4,3,0,,,,1.4282,0.0,0.0,0.0,0.0
5,5,3,0,,,,1.89475,0.0,0.0,0.0,0.0
5,6,3,0,,,,2.0627167,0.0,0.0,0.0,1.22
5,7,3,0,,,,1.46765,0.0,0.0,0.0,19.82
5,8,3,0,,,,1.3530667,0.0,0.0,0.0,64.82
5,9,3,0,,,,1.5645833,0.0,0.0,0.0,249.85
5,10,3,0,,,,1.3601,0.0,0.0,0.0,596.35
5,11,3,0,,,,1.3116833,0.0,0.0,0.0,700.21
5,12,3,0,,,,1.3316,0.0,0.0,0.0,728.99
5,13,3,0,,,,0.8070167,0.0,0.0,0.0,724.59
5,14,3,0,,,,0.37983334,0.0,0.0,0.0,611.82
5,15,3,0,,,,0.40073332,0.0,0.0,0.0,629.64
5,16,3,0,,,,0.4725,0.0,0.0,0.0,518.02
5,17,3,0,,,,0.45036668,0.0,0.0,0.0,358.14
5,18,3,0,,,,0.48061666,0.0,0.0,0.0,178.77
5,19,3,0,,,,1.0521667,0.0,0.0,0.0,59.25
5,20,3,0,,,,1.2771667,0.0,0.0,0.0,1.56
5,21,3,0,,,,1.0539833,0.0,0.0,0.0,0.0
5,22,3,0,,,,0.51821667,0.0,0.0,0.0,0.0
5,23,3,0,,,,1.35715,0.0,0.0,0.0,0.0
5,24,3,0,,,,1.3784,0.0,0.0,0.0,0.0
6,1,4,0,,,,1.3213667,0.0,0.0,0.0,0.0
6,2,4,0,,,,1.3310333,0.0,0.0,0.0,0.0
6,3,4,0,,,,1.3218,0.0,0.0,0.0,0.0
6,4,4,0,,,,1.5898833,0.0,0.0,0.0,0.0
6,5,4,0,,,,1.8624333,0.0,0.0,0.0,0.0
6,6,4,0,,,,1.3733722,0.0,0.0,0.0,1.63
6,7,4,0,,,,1.6064667,0.0,0.0,0.0,101.88
6,8,4,0,,,,1.2848166,0.0,0.0,0.0,207.69
6,9,4,0,,,,1.86105,0.0,0.0,0.0,467.3
6,10,4,0,,,,1.9764,0.0,0.0,0.0,559.41
6,11,4,0,,,,0.9387,0.0,0.0,0.0,657.04
6,12,4,0,,,,0.83458334,0.0,0.0,0.0,674.11
6,13,4,0,,,,0.6638333,0.0,0.0,0.0,679.42
6,14,4,0,,,,0.42323333,0.0,0.0,0.0,683.07
6,15,4,0,,,,0.43598333,0.0,0.0,0.0,647.73
6,16,4,0,,,,0.38876668,0.0,0.0,0.0,527.57
6,17,4,0,,,,0.40798333,0.0,0.0,0.0,368.56
6,18,4,0,,,,0.42321667,0.0,0.0,0.0,179.42
6,19,4,0,,,,0.88005,0.0,0.0,0.0,47.26
6,20,4,0,,,,0.99696666,0.0,0.0,0.0,13.5
6,21,4,0,,,,0.70625,0.0,0.0,0.0,0.0
6,22,4,0,,,,0.57986665,0.0,0.0,0.0,0.0
6,23,4,0,,,,1.3473667,0.0,0.0,0.0,0.0
6,24,4,0,,,,1.2674834,0.0,0.0,0.0,0.0
6,1,5,0,,,,1.2816,0.0,0.0,0.0,0.0
6,2,5,0,,,,1.28505,0.0,0.0,0.0,0.0
6,3,5,0,,,,1.2643,0.0,0.0,0.0,0.0
6,4,5,0,,,,1.2655166,0.0,0.0,0.0,0.0
6,5,5,0,,,,1.3669,0.0,0.0,0.0,0.0
6,6,5,0,,,,2.4146166,0.0,0.0,0.0,1.63
6,7,5,0,,,,1.9176167,0.0,0.0,0.0,8.91
6,8,5,0,,,,1.76855,0.0,0.0,0.0,52.42
6,9,5,0,,,,1.96215,0.0,0.0,0.0,169.06
6,10,5,0,,,,1.8947,0.0,0.0,0.0,422.03
6,11,5,0,,,,0.5187167,0.0,0.0,0.0,691.97
6,12,5,0,,,,0.53061664,0.0,0.0,0.0,774.05
6,13,5,0,,,,0.48109168,0.0,0.0,0.0,767.85
6,14,5,0,,,,0.5341833,0.0,0.0,0.0,707.11
6,15,5,0,,,,0.53861666,0.0,0.0,0.0,661.04
6,16,5,0,,,,0.5274,0.0,0.0,0.0,535.62
6,17,5,0,,,,2.0472667,0.0,0.0,0.0,367.9
6,18,5,0,,,,2.2001,0.0,0.0,0.0,181.03
6,19,5,0,,,,1.9516166,0.0,0.0,0.0,47.96
6,20,5,0,,,,1.9725167,0.0,0.0,0.0,14.12
6,21,5,0,,,,1.6541166,0.0,0.0,0.0,0.0
6,22,5,0,,,,0.7327333,0.0,0.0,0.0,0.0
6,23,5,0,,,,1.4141,0.0,0.0,0.0,0.0
6,24,5,0,,,,1.3871666,0.0,0.0,0.0,0.0
6,1,6,0,,,,1.3690333,0.0,0.0,0.0,0.0
6,2,6,0,,,,1.7492167,0.0,0.0,0.0,0.0
6,3,6,0,,,,1.3106667,0.0,0.0,0.0,0.0
6,4,6,0,,,,1.3575333,0.0,0.0,0.0,0.0
6,5,6,0,,,,1.35045,0.0,0.0,0.0,0.0
6,6,6,0,,,,2.4190333,0.0,0.0,0.0,36.42
6,7,6,0,,,,1.4935167,0.0,0.0,0.0,93.5
6,8,6,0,,,,1.3778,0.0,0.0,0.0,284.73
6,9,6,0,,,,1.8181666,0.0,0.0,0.0,458.03
6,10,6,0,,,,1.8479333,0.0,0.0,0.0,599.43
6,11,6,0,,,,0.68215,0.0,0.0,0.0,699.31
6,12,6,0,,,,2.0263834,0.0,0.0,0.0,614.35
6,13,6,0,,,,3.4811666,0.0,0.0,0.0,623.28
6,14,6,0,,,,3.2037833,0.0,0.0,0.0,631.41
6,15,6,0,,,,3.3803167,0.0,0.0,0.0,452.89
6,16,6,0,,,,5.3969336,0.0,0.0,0.0,113.14
6,17,6,0,,,,2.4708667,0.0,0.0,0.0,156.88
6,18,6,0,,,,2.1346333,0.0,0.0,0.0,126.0
6,19,6,0,,,,2.3762167,0.0,0.0,0.0,58.44
6,20,6,0,,,,1.4484667,0.0,0.0,0.0,7.26
6,21,6,0,,,,0.47703335,0.0,0.0,0.0,0.0
6,22,6,0,,,,1.57205,0.0,0.0,0.0,0.0
6,23,6,0,,,,1.844,0.0,0.0,0.0,0.0
6,24,6,0,,,,1.3588083,0.0,0.0,0.0,0.0
6,1,7,0,,,,1.3426,0.0,0.0,0.0,0.0
6,2,7,0,,,,1.4030833,0.0,0.0,0.0,0.0
6,3,7,0,,,,1.3569666,0.0,0.0,0.0,0.0
6,4,7,0,,,,1.6434,0.0,0.0,0.0,0.0
6,5,7,0,,,,1.3841166,0.0,0.0,0.0,0.0
6,6,7,0,,,,1.3195666,0.0,0.0,0.0,35.62
6,7,7,0,,,,1.7832667,0.0,0.0,0.0,96.65
6,8,7,0,,,,2.16615,0.0,0.0,0.0,253.4
6,9,7,0,,,,2.4947166,0.0,0.0,0.0,442.11
6,10,7,0,,,,1.9475666,0.0,0.0,0.0,552.07
6,11,7,0,,,,0.62558335,0.0,0.0,0.0,582.93
6,12,7,0,,,,0.7531833,0.0,0.0,0.0,628.32
6,13,7,0,,,,0.41263333,0.0,0.0,0.0,486.75
6,14,7,0,,,,0.46311668,0.0,0.0,0.0,576.39
6,15,7,0,,,,0.49835,0.0,0.0,0.0,353.78
6,16,7,0,,,,0.65788335,0.0,0.0,0.0,57.29
6,17,7,0,,,,2.88365,0.0,0.0,0.0,112.89
6,18,7,0,,,,3.0686834,0.0,0.0,0.0,24.39
6,19,7,0,,,,4.704,0.0,0.0,0.0,37.65
6,20,7,0,,,,3.5781167,0.0,0.0,0.0,14.67
6,21,7,0,,,,5.5042834,0.0,0.0,0.0,0.0
6,22,7,0,,,,2.7124333,0.0,0.0,0.0,0.0
6,23,7,0,,,,2.4776,0.0,0.0,0.0,0.0
6,24,7,0,,,,1.6358,0.0,0.0,0.0,0.0
6,1,1,0,,,,1.31915,0.0,0.0,0.0,0.0
6,2,1,0,,,,1.3467333,0.0,0.0,0.0,0.0
6,3,1,0,,,,1.3414167,0.0,0.0,0.0,0.0
6,4,1,0,,,,1.3426,0.0,0.0,0.0,0.0
6,5,1,0,,,,1.6267,0.0,0.0,0.0,0.0
6,6,1,0,,,,1.9271333,0.0,0.0,0.0,1.6
6,7,1,0,,,,2.1544333,0.0,0.0,0.0,27.99
6,8,1,0,,,,1.6306334,0.0,0.0,0.0,167.36
6,9,1,0,,,,2.0647166,0.0,0.0,0.0,232.89
6,10,1,0,,,,2.0443,0.0,0.0,0.0,534.78
6,11,1,0,,,,0.8122,0.0,0.0,0.0,373.23
6,12,1,0,,,,0.61553335,0.0,0.0,0.0,679.51
6,13,1,0,,,,0.6827833,0.0,0.0,0.0,679.59
6,14,1,0,,,,2.5209668,0.0,0.0,0.0,749.15
6,15,1,0,,,,3.25,0.0,0.0,0.0,659.64
6,16,1,0,,,,2.4657834,0.0,0.0,0.0,495.39
6,17,1,0,,,,2.3093,0.0,0.0,0.0,362.16
6,18,1,0,,,,1.4283333,0.0,0.0,0.0,158.48
6,19,1,0,,,,1.0985833,0.0,0.0,0.0,63.85
6,20,1,0,,,,2.0782332,0.0,0.0,0.0,6.34
6,21,1,0,,,,1.55295,0.0,0.0,0.0,0.0
6,22,1,0,,,,1.3340666,0.0,0.0,0.0,0.0
6,23,1,0,,,,1.9368,0.0,0.0,0.0,0.0
6,24,1,0,,,,1.5730166,0.0,0.0,0.0,0.0
6,1,2,0,,,,1.41525,0.0,0.0,0.0,0.0
6,2,2,0,,,,1.4261833,0.0,0.0,0.0,0.0
6,3,2,0,,,,1.4217167,0.0,0.0,0.0,0.0
6,4,2,0,,,,1.403,0.0,0.0,0.0,0.0
6,5,2,0,,,,1.5088834,0.0,0.0,0.0,0.0
6,6,2,0,,,,2.0908167,0.0,0.0,0.0,12.69
6,7,2,0,,,,1.7604834,0.0,0.0,0.0,9.42
6,8,2,0,,,,1.7215,0.0,0.0,0.0,18.27
6,9,2,0,,,,1.8918,0.0,0.0,0.0,284.44
6,10,2,0,,,,1.9983333,0.0,0.0,0.0,565.94
6,11,2,0,,,,0.53085,0.0,0.0,0.0,577.98
6,12,2,0,,,,0.8185667,0.0,0.0,0.0,660.21
6,13,2,0,,,,0.4865,0.0,0.0,0.0,562.72
6,14,2,0,,,,0.60305,0.0,0.0,0.0,612.96
6,15,2,0,,,,0.57053334,0.0,0.0,0.0,531.3
6,16,2,0,,,,1.75335,0.0,0.0,0.0,434.04
6,17,2,0,,,,2.5924666,0.0,0.0,0.0,346.79
6,18,2,0,,,,1.9259334,0.0,0.0,0.0,179.36
6,19,2,0,,,,1.3425167,0.0,0.0,0.0,43.12
6,20,2,0,,,,2.62285,0.0,0.0,0.0,14.08
6,21,2,0,,,,2.3375833,0.0,0.0,0.0,0.0
6,22,2,0,,,,1.68045,0.0,0.0,0.0,0.0
6,23,2,0,,,,1.5657834,0.0,0.0,0.0,0.0
6,24,2,0,,,,1.5692,0.0,0.0,0.0,0.0
6,1,3,0,,,,1.5569667,0.0,0.0,0.0,0.0
6,2,3,0,,,,0.89101666,0.0,0.0,0.0,0.0
6,3,3,0,,,,0.4982,0.0,0.0,0.0,0.0
6,4,3,0,,,,0.84856665,0.0,0.0,0.0,0.0
6,5,3,0,,,,0.54735,0.0,0.0,0.0,0.0
6,6,3,0,,,,0.85405,0.0,0.0,0.0,1.62
6,7,3,0,,,,0.59041667,0.0,0.0,0.0,9.48
6,8,3,0,,,,0.57853335,0.0,0.0,0.0,77.49
6,9,3,0,,,,1.8726,0.0,0.0,0.0,49.23
6,10,3,0,,,,3.1945667,0.0,0.0,0.0,452.46
6,11,3,0,,,,1.3819,0.0,0.0,0.0,410.29
6,12,3,0,,,,1.6624666,0.0,0.0,0.0,744.8
6,13,3,0,,,,1.6473666,0.0,0.0,0.0,689.24
6,14,3,0,,,,1.3743,0.0,0.0,0.0,589.17
6,15,3,0,,,,1.23585,0.0,0.0,0.0,576.88
6,16,3,0,,,,0.6106,0.0,0.0,0.0,515.83
6,17,3,0,,,,0.5247167,0.0,0.0,0.0,344.11
6,18,3,0,,,,0.5005,0.0,0.0,0.0,178.02
6,19,3,0,,,,0.8517667,0.0,0.0,0.0,46.45
6,20,3,0,,,,1.7959,0.0,0.0,0.0,15.3
6,21,3,0,,,,2.07295,0.0,0.0,0.0,0.0
6,22,3,0,,,,1.1126667,0.0,0.0,0.0,0.0
6,23,3,0,,,,1.4471834,0.0,0.0,0.0,0.0
6,24,3,0,,,,1.3169667,0.0,0.0,0.0,0.0
6,1,4,0,,,,1.2923,0.0,0.0,0.0,0.0
6,2,4,0,,,,1.4429834,0.0,0.0,0.0,0.0
6,3,4,0,,,,1.37885,0.0,0.0,0.0,0.0
6,4,4,0,,,,1.3043333,0.0,0.0,0.0,0.0
6,5,4,0,,,,1.3116167,0.0,0.0,0.0,0.0
6,6,4,0,,,,1.4700834,0.0,0.0,0.0,37.6
6,7,4,0,,,,2.4302332,0.0,0.0,0.0,92.77
6,8,4,0,,,,2.0891666,0.0,0.0,0.0,281.51
6,9,4,0,,,,2.6077557,0.0,0.0,0.0,464.43
6,10,4,0,,,,2.045161,0.0,0.0,0.0,599.2
6,11,4,0,,,,0.46253332,0.0,0.0,0.0,709.99
6,12,4,0,,,,0.4195,0.0,0.0,0.0,765.1
6,13,4,0,,,,0.4493,0.0,0.0,0.0,749.03
6,14,4,0,,,,0.48,0.0,0.0,0.0,603.4
6,15,4,0,,,,0.69876665,0.0,0.0,0.0,524.37
6,16,4,0,,,,0.43528333,0.0,0.0,0.0,331.14
6,17,4,0,,,,0.45178333,0.0,0.0,0.0,182.46
6,18,4,0,,,,0.48883334,0.0,0.0,0.0,149.58
6,19,4,0,,,,1.4047167,0.0,0.0,0.0,61.58
6,20,4,0,,,,2.0119834,0.0,0.0,0.0,17.16
6,21,4,0,,,,1.6445833,0.0,0.0,0.0,0.0
6,22,4,0,,,,1.7113,0.0,0.0,0.0,0.0
6,23,4,0,,,,1.4391167,0.0,0.0,0.0,0.0
6,24,4,0,,,,1.3587166,0.0,0.0,0.0,0.0
6,1,5,0,,,,1.3155667,0.0,0.0,0.0,0.0
6,2,5,0,,,,1.3088334,0.0,0.0,0.0,0.0
6,3,5,0,,,,1.2858833,0.0,0.0,0.0,0.0
6,4,5,0,,,,1.32965,0.0,0.0,0.0,0.0
6,5,5,0,,,,1.3474833,0.0,0.0,0.0,0.0
6,6,5,0,,,,1.6848333,0.0,0.0,0.0,38.91
6,7,5,0,,,,1.4546167,0.0,0.0,0.0,98.32
6,8,5,0,,,,1.3411167,0.0,0.0,0.0,274.64
6,9,5,0,,,,2.4298666,0.0,0.0,0.0,442.26
6,10,5,0,,,,3.0653834,0.0,0.0,0.0,585.43
6,11,5,0,,,,1.5384667,0.0,0.0,0.0,692.64
6,12,5,0,,,,0.50238335,0.0,0.0,0.0,503.79
6,13,5,0,,,,0.46041667,0.0,0.0,0.0,722.51
6,14,5,0,,,,0.67751664,0.0,0.0,0.0,569.56
6,15,5,0,,,,0.76665,0.0,0.0,0.0,38.68
6,16,5,0,,,,2.2952166,0.0,0.0,0.0,31.44
6,17,5,0,,,,1.1956834,0.0,0.0,0.0,55.66
6,18,5,0,,,,2.339825,0.0,0.0,0.0,136.71
6,19,5,0,,,,2.1332,0.0,0.0,0.0,43.55
6,20,5,0,,,,2.1675334,0.0,0.0,0.0,17.05
6,21,5,0,,,,1.8243166,0.0,0.0,0.0,0.0
6,22,5,0,,,,0.9066,0.0,0.0,0.0,0.0
6,23,5,0,,,,1.5989667,0.0,0.0,0.0,0.0
6,24,5,0,,,,1.4721833,0.0,0.0,0.0,0.0
6,1,6,0,,,,1.4416333,0.0,0.0,0.0,0.0
6,2,6,0,,,,1.3919667,0.0,0.0,0.0,0.0
6,3,6,0,,,,1.4338167,0.0,0.0,0.0,0.0
6,4,6,0,,,,1.6901166,0.0,0.0,0.0,0.0
6,5,6,0,,,,1.41975,0.0,0.0,0.0,0.0
6,6,6,0,,,,2.2274666,0.0,0.0,0.0,38.07
6,7,6,0,,,,1.9037833,0.0,0.0,0.0,97.15
6,8,6,0,,,,1.5091333,0.0,0.0,0.0,272.61
6,9,6,0,,,,1.9604666,0.0,0.0,0.0,441.44
6,10,6,0,,,,1.9423333,0.0,0.0,0.0,551.85
6,11,6,0,,,,0.5443,0.0,0.0,0.0,669.07
6,12,6,0,,,,0.5464,0.0,0.0,0.0,737.85
6,13,6,0,,,,0.51416665,0.0,0.0,0.0,751.03
6,14,6,0,,,,0.49803334,0.0,0.0,0.0,708.68
6,15,6,0,,,,0.5301333,0.0,0.0,0.0,631.15
6,16,6,0,,,,0.54338336,0.0,0.0,0.0,509.48
6,17,6,0,,,,0.51341665,0.0,0.0,0.0,368.56
6,18,6,0,,,,1.22485,0.0,0.0,0.0,185.24
6,19,6,0,,,,2.7729,0.0,0.0,0.0,33.05
6,20,6,0,,,,3.4783,0.0,0.0,0.0,17.45
6,21,6,0,,,,1.41425,0.0,0.0,0.0,0.0
6,22,6,0,,,,0.6712667,0.0,0.0,0.0,0.0
6,23,6,0,,,,1.47935,0.0,0.0,0.0,0.0
6,24,6,0,,,,1.440325,0.0,0.0,0.0,0.0
6,1,7,0,,,,1.4389833,0.0,0.0,0.0,0.0
6,2,7,0,,,,1.4141333,0.0,0.0,0.0,0.0
6,3,7,0,,,,1.3683333,0.0,0.0,0.0,0.0
6,4,7,0,,,,1.3617834,0.0,0.0,0.0,0.0
6,5,7,0,,,,1.8720167,0.0,0.0,0.0,0.0
6,6,7,0,,,,1.2951334,0.0,0.0,0.0,37.33
6,7,7,0,,,,1.33905,0.0,0.0,0.0,99.06
6,8,7,0,,,,1.3087833,0.0,0.0,0.0,273.32
6,9,7,0,,,,1.8717834,0.0,0.0,0.0,446.34
6,10,7,0,,,,1.8978,0.0,0.0,0.0,588.07
6,11,7,0,,,,0.52211666,0.0,0.0,0.0,705.44
6,12,7,0,,,,0.4473,0.0,0.0,0.0,757.32
6,13,7,0,,,,0.46851668,0.0,0.0,0.0,715.73
6,14,7,0,,,,0.49466667,0.0,0.0,0.0,691.15
6,15,7,0,,,,0.45981666,0.0,0.0,0.0,626.08
6,16,7,0,,,,0.46395,0.0,0.0,0.0,496.18
6,17,7,0,,,,2.0254834,0.0,0.0,0.0,338.42
6,18,7,0,,,,3.0878832,0.0,0.0,0.0,181.53
6,19,7,0,,,,1.9206389,0.0,0.0,0.0,45.38
6,20,7,0,,,,2.9053833,0.0,0.0,0.0,18.05
6,21,7,0,,,,1.3754611,0.0,0.0,0.0,0.0
6,22,7,0,,,,0.55841666,0.0,0.0,0.0,0.0
6,23,7,0,,,,1.3460833,0.0,0.0,0.0,0.0
6,24,7,0,,,,1.3096666,0.0,0.0,0.0,0.0
6,1,1,0,,,,1.3120445,0.0,0.0,0.0,0.0
6,2,1,0,,,,1.3239,0.0,0.0,0.0,0.0
6,3,1,0,,,,1.2985945,0.0,0.0,0.0,0.0
6,4,1,0,,,,1.2826,0.0,0.0,0.0,0.0
6,5,1,0,,,,1.6328778,0.0,0.0,0.0,0.0
6,6,1,0,,,,1.4635834,0.0,0.0,0.0,37.16
6,7,1,0,,,,1.5420111,0.0,0.0,0.0,100.87
6,8,1,0,,,,1.2776,0.0,0.0,0.0,268.33
6,9,1,0,,,,1.81145,0.0,0.0,0.0,441.24
6,10,1,0,,,,1.8227,0.0,0.0,0.0,581.58
6,11,1,0,,,,0.4566,0.0,0.0,0.0,568.89
6,12,1,0,,,,0.39118335,0.0,0.0,0.0,643.2
6,13,1,0,,,,0.71238333,0.0,0.0,0.0,564.08
6,14,1,0,,,,0.9957167,0.0,0.0,0.0,604.86
6,15,1,0,,,,0.9431,0.0,0.0,0.0,517.95
6,16,1,0,,,,1.2776166,0.0,0.0,0.0,424.09
6,17,1,0,,,,1.4317334,0.0,0.0,0.0,334.87
6,18,1,0,,,,1.0489833,0.0,0.0,0.0,184.88
6,19,1,0,,,,0.90223336,0.0,0.0,0.0,43.25
6,20,1,0,,,,1.3727167,0.0,0.0,0.0,18.0
6,21,1,0,,,,1.2611333,0.0,0.0,0.0,0.0
6,22,1,0,,,,0.94205,0.0,0.0,0.0,0.0
6,23,1,0,,,,1.6548667,0.0,0.0,0.0,0.0
6,24,1,0,,,,1.3809667,0.0,0.0,0.0,0.0
6,1,2,0,,,,1.3032833,0.0,0.0,0.0,0.0
6,2,2,0,,,,1.2877333,0.0,0.0,0.0,0.0
6,3,2,0,,,,1.2747,0.0,0.0,0.0,0.0
6,4,2,0,,,,1.2880334,0.0,0.0,0.0,0.0
6,5,2,0,,,,1.25885,0.0,0.0,0.0,0.0
6,6,2,0,,,,1.3824834,0.0,0.0,0.0,4.33
6,7,2,0,,,,1.4751333,0.0,0.0,0.0,22.74
6,8,2,0,,,,1.26715,0.0,0.0,0.0,247.32
6,9,2,0,,,,1.8786666,0.0,0.0,0.0,444.22
6,10,2,0,,,,1.8862333,0.0,0.0,0.0,584.77
6,11,2,0,,,,0.4126278,0.0,0.0,0.0,696.09
6,12,2,0,,,,0.36358333,0.0,0.0,0.0,744.58
6,13,2,0,,,,0.8720722,0.0,0.0,0.0,731.57
6,14,2,0,,,,0.874425,0.0,0.0,0.0,682.1
6,15,2,0,,,,0.41601667,0.0,0.0,0.0,184.78
6,16,2,0,,,,0.66685,0.0,0.0,0.0,193.85
6,17,2,0,,,,2.1706889,0.0,0.0,0.0,91.71
6,18,2,0,,,,0.55478334,0.0,0.0,0.0,169.86
6,19,2,0,,,,0.96352226,0.0,0.0,0.0,46.5
6,20,2,0,,,,2.0925834,0.0,0.0,0.0,18.66
6,21,2,0,,,,1.6984667,0.0,0.0,0.0,0.0
6,22,2,0,,,,1.8188666,0.0,0.0,0.0,0.0
6,23,2,0,,,,1.4005055,0.0,0.0,0.0,0.0
6,24,2,0,,,,1.3991916,0.0,0.0,0.0,0.0
6,1,3,0,,,,1.40045,0.0,0.0,0.0,0.0
6,2,3,0,,,,1.4021333,0.0,0.0,0.0,0.0
6,3,3,0,,,,1.3738055,0.0,0.0,0.0,0.0
6,4,3,0,,,,1.4006166,0.0,0.0,0.0,0.0
6,5,3,0,,,,1.3700889,0.0,0.0,0.0,0.0
6,6,3,0,,,,1.62995,0.0,0.0,0.0,2.01
6,7,3,0,,,,1.46085,0.0,0.0,0.0,45.43
6,8,3,0,,,,1.7556,0.0,0.0,0.0,216.98
6,9,3,0,,,,2.2584221,0.0,0.0,0.0,382.04
6,10,3,0,,,,2.1162333,0.0,0.0,0.0,443.39
6,11,3,0,,,,1.3569334,0.0,0.0,0.0,578.44
6,12,3,0,,,,1.8344667,0.0,0.0,0.0,656.74
6,13,3,0,,,,2.9736166,0.0,0.0,0.0,670.77
6,14,3,0,,,,1.6568,0.0,0.0,0.0,665.37
6,15,3,0,,,,1.38765,0.0,0.0,0.0,139.97
6,16,3,0,,,,2.0296166,0.0,0.0,0.0,481.83
6,17,3,0,,,,1.6548834,0.0,0.0,0.0,306.06
6,18,3,0,,,,1.5072833,0.0,0.0,0.0,102.74
6,19,3,0,,,,1.4559834,0.0,0.0,0.0,50.71
6,20,3,0,,,,1.9358333,0.0,0.0,0.0,6.59
6,21,3,0,,,,3.0096333,0.0,0.0,0.0,0.0
6,22,3,0,,,,1.7907112,0.0,0.0,0.0,0.0
6,23,3,0,,,,1.7040167,0.0,0.0,0.0,0.0
6,24,3,0,,,,1.4844416,0.0,0.0,0.0,0.0
6,1,4,0,,,,1.39365,0.0,0.0,0.0,0.0
6,2,4,0,,,,1.3693334,0.0,0.0,0.0,0.0
6,3,4,0,,,,1.4263166,0.0,0.0,0.0,0.0
6,4,4,0,,,,1.4275666,0.0,0.0,0.0,0.0
6,5,4,0,,,,1.70975,0.0,0.0,0.0,0.0
6,6,4,0,,,,1.4898833,0.0,0.0,0.0,35.56
6,7,4,0,,,,1.6515666,0.0,0.0,0.0,100.33
6,8,4,0,,,,1.8534167,0.0,0.0,0.0,262.23
6,9,4,0,,,,2.4269,0.0,0.0,0.0,426.71
6,10,4,0,,,,2.9603667,0.0,0.0,0.0,567.01
6,11,4,0,,,,0.9879778,0.0,0.0,0.0,684.35
6,12,4,0,,,,1.61545,0.0,0.0,0.0,753.07
6,13,4,0,,,,1.9880333,0.0,0.0,0.0,764.88
6,14,4,0,,,,1.9620167,0.0,0.0,0.0,745.51
6,15,4,0,,,,1.2478389,0.0,0.0,0.0,653.6
6,16,4,0,,,,1.944,0.0,0.0,0.0,530.65
6,17,4,0,,,,1.9433111,0.0,0.0,0.0,317.01
6,18,4,0,,,,1.6887667,0.0,0.0,0.0,156.81
6,19,4,0,,,,2.028189,0.0,0.0,0.0,45.0
6,20,4,0,,,,2.03465,0.0,0.0,0.0,19.77
6,21,4,0,,,,2.67215,0.0,0.0,0.0,0.0
6,22,4,0,,,,2.0276167,0.0,0.0,0.0,0.0
6,23,4,0,,,,2.32945,0.0,0.0,0.0,0.0
6,24,4,0,,,,2.2771916,0.0,0.0,0.0,0.0
6,1,5,0,,,,1.4040166,0.0,0.0,0.0,0.0
6,2,5,0,,,,1.85575,0.0,0.0,0.0,0.0
6,3,5,0,,,,1.3721,0.0,0.0,0.0,0.0
6,4,5,0,,,,1.3607833,0.0,0.0,0.0,0.0
6,5,5,0,,,,1.7485666,0.0,0.0,0.0,1.61
6,6,5,0,,,,1.4585834,0.0,0.0,0.0,20.71
6,7,5,0,,,,1.42495,0.0,0.0,0.0,106.33
6,8,5,0,,,,1.74235,0.0,0.0,0.0,159.26
6,9,5,0,,,,3.2798166,0.0,0.0,0.0,153.47
6,10,5,0,,,,3.0261333,0.0,0.0,0.0,547.04
6,11,5,0,,,,2.6577334,0.0,0.0,0.0,648.91
6,12,5,0,,,,1.6875167,0.0,0.0,0.0,586.93
6,13,5,0,,,,3.3097832,0.0,0.0,0.0,659.11
6,14,5,0,,,,3.6714,0.0,0.0,0.0,618.39
6,15,5,0,,,,3.8453,0.0,0.0,0.0,592.39
6,16,5,0,,,,2.060075,0.0,0.0,0.0,505.43
6,17,5,0,,,,2.148225,0.0,0.0,0.0,356.52
6,18,5,0,,,,3.9818,0.0,0.0,0.0,177.03
6,19,5,0,,,,1.71905,0.0,0.0,0.0,50.83
6,20,5,0,,,,1.8078,0.0,0.0,0.0,19.76
6,21,5,0,,,,2.1175833,0.0,0.0,0.0,0.0
6,22,5,0,,,,1.3893833,0.0,0.0,0.0,0.0
6,23,5,0,,,,1.4511555,0.0,0.0,0.0,0.0
6,24,5,0,,,,1.4249083,0.0,0.0,0.0,0.0
6,1,6,0,,,,1.3824611,0.0,0.0,0.0,0.0
6,2,6,0,,,,1.39555,0.0,0.0,0.0,0.0
6,3,6,0,,,,1.3451889,0.0,0.0,0.0,0.0
6,4,6,0,,,,1.3836334,0.0,0.0,0.0,0.0
6,5,6,0,,,,1.3487333,0.0,0.0,0.0,1.59
6,6,6,0,,,,1.6434,0.0,0.0,0.0,1.59
6,7,6,0,,,,1.6490945,0.0,0.0,0.0,98.83
6,8,6,0,,,,1.8417833,0.0,0.0,0.0,123.3
6,9,6,0,,,,1.8808167,0.0,0.0,0.0,254.65
6,10,6,0,,,,2.0376334,0.0,0.0,0.0,451.96
6,11,6,0,,,,0.48655277,0.0,0.0,0.0,646.66
6,12,6,0,,,,1.7306,0.0,0.0,0.0,695.53
6,13,6,0,,,,2.6609333,0.0,0.0,0.0,698.04
6,14,6,0,,,,2.48725,0.0,0.0,0.0,670.44
6,15,6,0,,,,2.99695,0.0,0.0,0.0,472.62
6,16,6,0,,,,2.6706834,0.0,0.0,0.0,53.13
6,17,6,0,,,,2.7358334,0.0,0.0,0.0,27.22
6,18,6,0,,,,2.6706333,0.0,0.0,0.0,49.28
6,19,6,0,,,,3.2482166,0.0,0.0,0.0,61.78
6,20,6,0,,,,4.0765166,0.0,0.0,0.0,17.7
6,21,6,0,,,,4.1163,0.0,0.0,0.0,0.0
6,22,6,0,,,,2.70825,0.0,0.0,0.0,0.0
6,23,6,0,,,,2.2386668,0.0,0.0,0.0,0.0
6,24,6,0,,,,1.4475666,0.0,0.0,0.0,0.0
6,1,7,0,,,,1.3236667,0.0,0.0,0.0,0.0
6,2,7,0,,,,1.3332666,0.0,0.0,0.0,0.0
6,3,7,0,,,,1.3521333,0.0,0.0,0.0,0.0
6,4,7,0,,,,1.3029166,0.0,0.0,0.0,0.0
6,5,7,0,,,,1.7818834,0.0,0.0,0.0,1.58
6,6,7,0,,,,1.74325,0.0,0.0,0.0,21.2
6,7,7,0,,,,1.40525,0.0,0.0,0.0,103.05
6,8,7,0,,,,1.4187334,0.0,0.0,0.0,266.6
6,9,7,0,,,,2.6359832,0.0,0.0,0.0,438.14
6,10,7,0,,,,3.1828334,0.0,0.0,0.0,592.77
6,11,7,0,,,,3.2897832,0.0,0.0,0.0,706.28
6,12,7,0,,,,3.3530166,0.0,0.0,0.0,748.13
6,13,7,0,,,,4.3386335,0.0,0.0,0.0,754.72
6,14,7,0,,,,3.27705,0.0,0.0,0.0,726.21
6,15,7,0,,,,2.5094,0.0,0.0,0.0,621.97
6,16,7,0,,,,4.204772,0.0,0.0,0.0,487.88
6,17,7,0,,,,3.8461,0.0,0.0,0.0,350.44
6,18,7,0,,,,4.12745,0.0,0.0,0.0,191.35
6,19,7,0,,,,4.10435,0.0,0.0,0.0,45.29
6,20,7,0,,,,3.7650666,0.0,0.0,0.0,20.62
6,21,7,0,,,,3.2485332,0.0,0.0,0.0,0.0
6,22,7,0,,,,2.77615,0.0,0.0,0.0,0.0
6,23,7,0,,,,2.4023833,0.0,0.0,0.0,0.0
6,24,7,0,,,,2.0487888,0.0,0.0,0.0,0.0
6,1,1,0,,,,1.8087333,0.0,0.0,0.0,0.0
6,2,1,0,,,,1.3669778,0.0,0.0,0.0,0.0
6,3,1,0,,,,1.354,0.0,0.0,0.0,0.0
6,4,1,0,,,,1.3543111,0.0,0.0,0.0,0.0
6,5,1,0,,,,1.3604833,0.0,0.0,0.0,1.6
6,6,1,0,,,,0.9725222,0.0,0.0,0.0,2.02
6,7,1,0,,,,0.57836664,0.0,0.0,0.0,107.93
6,8,1,0,,,,0.48499167,0.0,0.0,0.0,277.76
6,9,1,0,,,,1.9509833,0.0,0.0,0.0,459.37
6,10,1,0,,,,3.8223166,0.0,0.0,0.0,578.59
6,11,1,0,,,,2.3266666,0.0,0.0,0.0,656.83
6,12,1,0,,,,2.6479332,0.0,0.0,0.0,689.34
6,13,1,0,,,,2.7710834,0.0,0.0,0.0,661.74
6,14,1,0,,,,2.8712833,0.0,0.0,0.0,559.16
6,15,1,0,,,,3.6510832,0.0,0.0,0.0,515.85
6,16,1,0,,,,1.4243333,0.0,0.0,0.0,326.35
6,17,1,0,,,,2.23185,0.0,0.0,0.0,301.12
6,18,1,0,,,,1.4846333,0.0,0.0,0.0,189.1
6,19,1,0,,,,1.7107167,0.0,0.0,0.0,44.8
6,20,1,0,,,,1.6221334,0.0,0.0,0.0,20.46
6,21,1,0,,,,1.0304333,0.0,0.0,0.0,0.0
6,22,1,0,,,,0.70556664,0.0,0.0,0.0,0.0
6,23,1,0,,,,0.85836667,0.0,0.0,0.0,0.0
6,24,1,0,,,,1.8046583,0.0,0.0,0.0,0.0
6,1,2,0,,,,0.828,0.0,0.0,0.0,0.0
6,2,2,0,,,,0.88098335,0.0,0.0,0.0,0.0
6,3,2,0,,,,0.5777,0.0,0.0,0.0,0.0
6,4,2,0,,,,0.54258335,0.0,0.0,0.0,0.0
6,5,2,0,,,,0.8473,0.0,0.0,0.0,1.61
6,6,2,0,,,,0.8494667,0.0,0.0,0.0,35.26
6,7,2,0,,,,2.3755,0.0,0.0,0.0,94.92
6,8,2,0,,,,2.01155,0.0,0.0,0.0,263.59
6,9,2,0,,,,4.4792333,0.0,0.0,0.0,403.17
6,10,2,0,,,,2.8829,0.0,0.0,0.0,570.7
6,11,2,0,,,,1.6911833,0.0,0.0,0.0,631.56
6,12,2,0,,,,1.4956,0.0,0.0,0.0,207.91
6,13,2,0,,,,2.2737112,0.0,0.0,0.0,517.15
6,14,2,0,,,,2.4900167,0.0,0.0,0.0,541.0
6,15,2,0,,,,2.2863667,0.0,0.0,0.0,561.06
6,16,2,0,,,,4.50515,0.0,0.0,0.0,522.32
6,17,2,0,,,,2.9534888,0.0,0.0,0.0,363.85
6,18,2,0,,,,3.2961833,0.0,0.0,0.0,185.36
6,19,2,0,,,,2.7492166,0.0,0.0,0.0,45.05
6,20,2,0,,,,2.2248583,0.0,0.0,0.0,20.35
6,21,2,0,,,,2.6778166,0.0,0.0,0.0,0.0
6,22,2,0,,,,1.9041834,0.0,0.0,0.0,0.0
6,23,2,0,,,,2.1590667,0.0,0.0,0.0,0.0
6,24,2,0,,,,1.720675,0.0,0.0,0.0,0.0
6,1,3,0,,,,1.6909555,0.0,0.0,0.0,0.0
6,2,3,0,,,,1.6468667,0.0,0.0,0.0,0.0
6,3,3,0,,,,1.3968945,0.0,0.0,0.0,0.0
6,4,3,0,,,,1.3854166,0.0,0.0,0.0,0.0
6,5,3,0,,,,1.63065,0.0,0.0,0.0,1.59
6,6,3,0,,,,1.4664667,0.0,0.0,0.0,36.42
6,7,3,0,,,,1.4326667,0.0,0.0,0.0,96.18
6,8,3,0,,,,3.6374,0.0,0.0,0.0,264.84
6,9,3,0,,,,3.30115,0.0,0.0,0.0,435.95
6,10,3,0,,,,3.34715,0.0,0.0,0.0,569.42
6,11,3,0,,,,3.1549833,0.0,0.0,0.0,670.87
6,12,3,0,,,,2.8850222,0.0,0.0,0.0,702.96
6,13,3,0,,,,3.6820333,0.0,0.0,0.0,741.1
6,14,3,0,,,,3.0323443,0.0,0.0,0.0,715.43
6,15,3,0,,,,2.5493667,0.0,0.0,0.0,637.19
6,16,3,0,,,,2.9025166,0.0,0.0,0.0,513.6
6,17,3,0,,,,3.5508332,0.0,0.0,0.0,353.18
6,18,3,0,,,,3.1300333,0.0,0.0,0.0,189.49
6,19,3,0,,,,2.7222834,0.0,0.0,0.0,48.79
6,20,3,0,,,,2.67775,0.0,0.0,0.0,20.26
6,21,3,0,,,,2.6043832,0.0,0.0,0.0,0.0
6,22,3,0,,,,2.37645,0.0,0.0,0.0,0.0
6,23,3,0,,,,1.1491333,0.0,0.0,0.0,0.0
6,24,3,0,,,,1.3718389,0.0,0.0,0.0,0.0
6,1,4,0,,,,0.6139167,0.0,0.0,0.0,0.0
6,2,4,0,,,,0.59425557,0.0,0.0,0.0,0.0
6,3,4,0,,,,1.0961666,0.0,0.0,0.0,0.0
6,4,4,0,,,,0.5860389,0.0,0.0,0.0,0.0
6,5,4,0,,,,0.91396666,0.0,0.0,0.0,1.57
6,6,4,0,,,,0.64915556,0.0,0.0,0.0,26.18
6,7,4,0,,,,1.2283833,0.0,0.0,0.0,104.76
6,8,4,0,,,,2.033061,0.0,0.0,0.0,256.81
6,9,4,0,,,,3.3409555,0.0,0.0,0.0,425.56
6,10,4,0,,,,2.3378832,0.0,0.0,0.0,566.63
6,11,4,0,,,,1.3033667,0.0,0.0,0.0,671.03
6,12,4,0,,,,1.1651666,0.0,0.0,0.0,655.62
6,13,4,0,,,,1.1804167,0.0,0.0,0.0,713.48
6,14,4,0,,,,1.3169888,0.0,0.0,0.0,669.16
6,15,4,0,,,,3.254,0.0,0.0,0.0,605.15
6,16,4,0,,,,2.59865,0.0,0.0,0.0,502.21
6,17,4,0,,,,2.1344666,0.0,0.0,0.0,363.85
6,18,4,0,,,,2.62525,0.0,0.0,0.0,190.04
6,19,4,0,,,,2.4915667,0.0,0.0,0.0,44.34
6,20,4,0,,,,2.9059668,0.0,0.0,0.0,17.18
6,21,4,0,,,,2.9908333,0.0,0.0,0.0,0.0
6,22,4,0,,,,3.15375,0.0,0.0,0.0,0.0
6,23,4,0,,,,1.83435,0.0,0.0,0.0,0.0
6,24,4,0,,,,1.482125,0.0,0.0,0.0,0.0
6,1,5,0,,,,1.3642167,0.0,0.0,0.0,0.0
6,2,5,0,,,,1.6076167,0.0,0.0,0.0,0.0
6,3,5,0,,,,1.3654166,0.0,0.0,0.0,0.0
6,4,5,0,,,,1.3849611,0.0,0.0,0.0,0.0
6,5,5,0,,,,1.6485667,0.0,0.0,0.0,0.0
6,6,5,0,,,,1.7175666,0.0,0.0,0.0,1.57
6,7,5,0,,,,1.32465,0.0,0.0,0.0,49.49
6,8,5,0,,,,1.3436834,0.0,0.0,0.0,154.93
6,9,5,0,,,,2.2498,0.0,0.0,0.0,54.86
6,10,5,0,,,,2.6121445,0.0,0.0,0.0,132.87
6,11,5,0,,,,1.3115166,0.0,0.0,0.0,457.67
6,12,5,0,,,,2.0524611,0.0,0.0,0.0,549.23
6,13,5,0,,,,2.6768334,0.0,0.0,0.0,721.52
6,14,5,0,,,,2.6253722,0.0,0.0,0.0,665.51
6,15,5,0,,,,2.6939666,0.0,0.0,0.0,584.31
6,16,5,0,,,,3.98465,0.0,0.0,0.0,453.34
6,17,5,0,,,,2.7607,0.0,0.0,0.0,223.53
6,18,5,0,,,,2.3731833,0.0,0.0,0.0,14.31
6,19,5,0,,,,2.6426666,0.0,0.0,0.0,13.09
6,20,5,0,,,,2.523,0.0,0.0,0.0,1.48
6,21,5,0,,,,1.84535,0.0,0.0,0.0,0.0
6,22,5,0,,,,2.709525,0.0,0.0,0.0,0.0
6,23,5,0,,,,2.4774666,0.0,0.0,0.0,0.0
6,24,5,0,,,,1.9766278,0.0,0.0,0.0,0.0
6,1,6,0,,,,1.9022666,0.0,0.0,0.0,0.0
6,2,6,0,,,,1.9871389,0.0,0.0,0.0,0.0
6,3,6,0,,,,1.39145,0.0,0.0,0.0,0.0
6,4,6,0,,,,1.5591222,0.0,0.0,0.0,0.0
6,5,6,0,,,,1.28175,0.0,0.0,0.0,0.0
6,6,6,0,,,,1.5851834,0.0,0.0,0.0,1.57
6,7,6,0,,,,1.5312333,0.0,0.0,0.0,11.7
6,8,6,0,,,,2.1044667,0.0,0.0,0.0,160.66
6,9,6,0,,,,3.3176334,0.0,0.0,0.0,330.04
6,10,6,0,,,,3.1305,0.0,0.0,0.0,574.0
6,11,6,0,,,,0.6490333,0.0,0.0,0.0,683.91
6,12,6,0,,,,0.43316665,0.0,0.0,0.0,733.94
6,13,6,0,,,,1.89595,0.0,0.0,0.0,758.37
6,14,6,0,,,,1.5258,0.0,0.0,0.0,744.35
6,15,6,0,,,,2.7729833,0.0,0.0,0.0,649.4
6,16,6,0,,,,4.0025835,0.0,0.0,0.0,528.87
6,17,6,0,,,,3.1688166,0.0,0.0,0.0,363.96
6,18,6,0,,,,3.7361667,0.0,0.0,0.0,191.0
6,19,6,0,,,,2.8512833,0.0,0.0,0.0,49.64
6,20,6,0,,,,2.1402,0.0,0.0,0.0,21.11
6,21,6,0,,,,1.1863166,0.0,0.0,0.0,0.0
6,22,6,0,,,,1.7397833,0.0,0.0,0.0,0.0
6,23,6,0,,,,1.8408834,0.0,0.0,0.0,0.0
6,24,6,0,,,,1.8793167,0.0,0.0,0.0,0.0
6,1,7,0,,,,1.4111667,0.0,0.0,0.0,0.0
6,2,7,0,,,,1.7059,0.0,0.0,0.0,0.0
6,3,7,0,,,,1.8242,0.0,0.0,0.0,0.0
6,4,7,0,,,,1.44835,0.0,0.0,0.0,0.0
6,5,7,0,,,,1.6360278,0.0,0.0,0.0,0.0
6,6,7,0,,,,1.6880167,0.0,0.0,0.0,25.73
6,7,7,0,,,,1.8940278,0.0,0.0,0.0,100.01
6,8,7,0,,,,1.9109167,0.0,0.0,0.0,277.41
6,9,7,0,,,,2.8418221,0.0,0.0,0.0,457.01
6,10,7,0,,,,2.9442,0.0,0.0,0.0,523.89
6,11,7,0,,,,1.8166194,0.0,0.0,0.0,719.59
6,12,7,0,,,,3.52,0.0,0.0,0.0,783.55
6,13,7,0,,,,3.2590277,0.0,0.0,0.0,797.14
6,14,7,0,,,,3.8342333,0.0,0.0,0.0,776.84
6,15,7,0,,,,1.79245,0.0,0.0,0.0,681.62
6,16,7,0,,,,1.9257166,0.0,0.0,0.0,558.81
6,17,7,0,,,,1.8049222,0.0,0.0,0.0,394.95
6,18,7,0,,,,2.2622333,0.0,0.0,0.0,201.59
6,19,7,0,,,,4.841017,0.0,0.0,0.0,37.66
6,20,7,0,,,,4.2269335,0.0,0.0,0.0,21.12
6,21,7,0,,,,5.3121834,0.0,0.0,0.0,0.0
6,22,7,0,,,,2.8338332,0.0,0.0,0.0,0.0
6,23,7,0,,,,2.6013584,0.0,0.0,0.0,0.0
6,24,7,0,,,,2.1363416,0.0,0.0,0.0,0.0
6,1,1,0,,,,1.8639667,0.0,0.0,0.0,0.0
6,2,1,0,,,,1.92135,0.0,0.0,0.0,0.0
6,3,1,0,,,,1.6799111,0.0,0.0,0.0,0.0
6,4,1,0,,,,1.50995,0.0,0.0,0.0,0.0
6,5,1,0,,,,1.8372889,0.0,0.0,0.0,0.0
6,6,1,0,,,,1.66235,0.0,0.0,0.0,29.19
6,7,1,0,,,,1.9571834,0.0,0.0,0.0,104.21
6,8,1,0,,,,1.8161,0.0,0.0,0.0,270.41
6,9,1,0,,,,1.7914833,0.0,0.0,0.0,441.43
6,10,1,0,,,,0.40919167,0.0,0.0,0.0,560.78
6,11,1,0,,,,0.39628333,0.0,0.0,0.0,663.13
6,12,1,0,,,,0.3833,0.0,0.0,0.0,713.46
6,13,1,0,,,,0.3887,0.0,0.0,0.0,739.14
6,14,1,0,,,,0.40323332,0.0,0.0,0.0,704.98
6,15,1,0,,,,0.361,0.0,0.0,0.0,622.35
6,16,1,0,,,,0.37493333,0.0,0.0,0.0,507.75
6,17,1,0,,,,0.36683333,0.0,0.0,0.0,341.97
6,18,1,0,,,,0.3809,0.0,0.0,0.0,198.14
6,19,1,0,,,,0.3956,0.0,0.0,0.0,51.17
6,20,1,0,,,,0.40625554,0.0,0.0,0.0,20.95
6,21,1,0,,,,0.42668334,0.0,0.0,0.0,0.0
6,22,1,0,,,,0.42286667,0.0,0.0,0.0,0.0
6,23,1,0,,,,0.44541666,0.0,0.0,0.0,0.0
6,24,1,0,,,,0.43674445,0.0,0.0,0.0,0.0
6,1,2,0,,,,0.41993332,0.0,0.0,0.0,0.0
6,2,2,0,,,,0.4166111,0.0,0.0,0.0,0.0
6,3,2,0,,,,0.40366668,0.0,0.0,0.0,0.0
6,4,2,0,,,,0.7787667,0.0,0.0,0.0,0.0
6,5,2,0,,,,0.44165,0.0,0.0,0.0,0.0
6,6,2,0,,,,0.35271665,0.0,0.0,0.0,35.53
6,7,2,0,,,,0.36915,0.0,0.0,0.0,95.26
6,8,2,0,,,,0.36965,0.0,0.0,0.0,217.94
6,9,2,0,,,,0.3692,0.0,0.0,0.0,407.09
6,10,2,0,,,,0.37478334,0.0,0.0,0.0,558.05
6,11,2,0,,,,0.3474,0.0,0.0,0.0,499.53
6,12,2,0,,,,0.3705,0.0,0.0,0.0,47.7
6,13,2,0,,,,0.36268333,0.0,0.0,0.0,66.82
6,14,2,0,,,,0.36773333,0.0,0.0,0.0,78.57
6,15,2,0,,,,0.39213333,0.0,0.0,0.0,85.09
6,16,2,0,,,,0.3523,0.0,0.0,0.0,461.89
6,17,2,0,,,,0.35191667,0.0,0.0,0.0,66.6
6,18,2,0,,,,0.37618333,0.0,0.0,0.0,181.32
6,19,2,0,,,,0.3848,0.0,0.0,0.0,47.93
6,20,2,0,,,,0.44353333,0.0,0.0,0.0,2.34
6,21,2,0,,,,0.41406667,0.0,0.0,0.0,0.0
6,22,2,0,,,,0.42259166,0.0,0.0,0.0,0.0
6,23,2,0,,,,0.40945,0.0,0.0,0.0,0.0
6,24,2,0,,,,0.42818055,0.0,0.0,0.0,0.0
6,1,3,0,,,,0.42588332,0.0,0.0,0.0,0.0
6,2,3,0,,,,0.41049445,0.0,0.0,0.0,0.0
6,3,3,0,,,,0.40971667,0.0,0.0,0.0,0.0
6,4,3,0,,,,0.4270111,0.0,0.0,0.0,0.0
6,5,3,0,,,,0.45840833,0.0,0.0,0.0,0.0
6,6,3,0,,,,0.41748333,0.0,0.0,0.0,20.24
6,7,3,0,,,,0.5816333,0.0,0.0,0.0,39.9
6,8,3,0,,,,0.52418333,0.0,0.0,0.0,218.56
6,9,3,0,,,,0.3568,0.0,0.0,0.0,170.65
6,10,3,0,,,,0.38255,0.0,0.0,0.0,190.47
6,11,3,0,,,,0.38111666,0.0,0.0,0.0,208.76
6,12,3,0,,,,0.34708333,0.0,0.0,0.0,495.0
6,13,3,0,,,,0.34531668,0.0,0.0,0.0,260.66
6,14,3,0,,,,0.34616667,0.0,0.0,0.0,242.12
6,15,3,0,,,,0.37985,0.0,0.0,0.0,539.21
6,16,3,0,,,,0.38533887,0.0,0.0,0.0,544.36
6,17,3,0,,,,0.3627,0.0,0.0,0.0,255.14
6,18,3,0,,,,0.36556667,0.0,0.0,0.0,15.63
6,19,3,0,,,,0.35972777,0.0,0.0,0.0,73.2
6,20,3,0,,,,0.43158334,0.0,0.0,0.0,10.31
6,21,3,0,,,,0.43135,0.0,0.0,0.0,0.0
6,22,3,0,,,,0.41796666,0.0,0.0,0.0,0.0
6,23,3,0,,,,0.4188,0.0,0.0,0.0,0.0
6,24,3,0,,,,0.42818335,0.0,0.0,0.0,0.0
6,1,4,0,,,,0.46913335,0.0,0.0,0.0,0.0
6,2,4,0,,,,0.46146667,0.0,0.0,0.0,0.0
6,3,4,0,,,,0.43365,0.0,0.0,0.0,0.0
6,4,4,0,,,,0.44408333,0.0,0.0,0.0,0.0
6,5,4,0,,,,0.42611668,0.0,0.0,0.0,0.0
6,6,4,0,,,,0.4059,0.0,0.0,0.0,28.54
6,7,4,0,,,,0.43091112,0.0,0.0,0.0,84.25
6,8,4,0,,,,0.40545,0.0,0.0,0.0,287.66
6,9,4,0,,,,0.38876668,0.0,0.0,0.0,483.22
6,10,4,0,,,,0.6881667,0.0,0.0,0.0,604.5
6,11,4,0,,,,0.3579,0.0,0.0,0.0,626.95
6,12,4,0,,,,0.38276666,0.0,0.0,0.0,464.18
6,13,4,0,,,,3.5776167,0.0,0.0,0.0,667.53
6,14,4,0,,,,1.9279,0.0,0.0,0.0,120.37
6,15,4,0,,,,2.6071668,0.0,0.0,0.0,314.04
6,16,4,0,,,,3.1709833,0.0,0.0,0.0,83.74
6,17,4,0,,,,2.373,0.0,0.0,0.0,315.22
6,18,4,0,,,,2.2353,0.0,0.0,0.0,167.09
6,19,4,0,,,,2.28045,0.0,0.0,0.0,40.26
6,20,4,0,,,,2.5946834,0.0,0.0,0.0,20.72
6,21,4,0,,,,2.8630278,0.0,0.0,0.0,0.0
6,22,4,0,,,,1.24045,0.0,0.0,0.0,0.0
6,23,4,0,,,,1.9129722,0.0,0.0,0.0,0.0
6,24,4,0,,,,1.4205,0.0,0.0,0.0,0.0
6,1,5,0,,,,1.4503833,0.0,0.0,0.0,0.0
6,2,5,0,,,,1.4652833,0.0,0.0,0.0,0.0
6,3,5,0,,,,1.41175,0.0,0.0,0.0,0.0
6,4,5,0,,,,1.4116666,0.0,0.0,0.0,0.0
6,5,5,0,,,,1.4042389,0.0,0.0,0.0,0.0
6,6,5,0,,,,1.7442666,0.0,0.0,0.0,1.66
6,7,5,0,,,,1.5580333,0.0,0.0,0.0,9.01
6,8,5,0,,,,1.6153834,0.0,0.0,0.0,50.33
6,9,5,0,,,,2.0108166,0.0,0.0,0.0,92.18
6,10,5,0,,,,1.9199166,0.0,0.0,0.0,378.8
6,11,5,0,,,,1.8568667,0.0,0.0,0.0,696.78
6,12,5,0,,,,1.0658833,0.0,0.0,0.0,441.16
6,13,5,0,,,,1.1748166,0.0,0.0,0.0,535.93
6,14,5,0,,,,0.70851666,0.0,0.0,0.0,584.37
6,15,5,0,,,,0.61771667,0.0,0.0,0.0,680.57
6,16,5,0,,,,2.0806,0.0,0.0,0.0,424.74
6,17,5,0,,,,4.219792,0.0,0.0,0.0,390.19
6,18,5,0,,,,2.2463834,0.0,0.0,0.0,192.68
6,19,5,0,,,,2.3995,0.0,0.0,0.0,44.26
6,20,5,0,,,,2.8468,0.0,0.0,0.0,21.33
6,21,5,0,,,,2.2058,0.0,0.0,0.0,0.0
6,22,5,0,,,,1.6317333,0.0,0.0,0.0,0.0
6,23,5,0,,,,1.1634556,0.0,0.0,0.0,0.0
6,24,5,0,,,,1.0492333,0.0,0.0,0.0,0.0
7,1,6,0,,,,0.8809,0.0,0.0,0.0,0.0
7,2,6,0,,,,0.92755556,0.0,0.0,0.0,0.0
7,3,6,0,,,,0.53195,0.0,0.0,0.0,0.0
7,4,6,0,,,,0.7836889,0.0,0.0,0.0,0.0
7,5,6,0,,,,0.5784,0.0,0.0,0.0,0.0
7,6,6,0,,,,0.79727775,0.0,0.0,0.0,36.2
7,7,6,0,,,,0.9582,0.0,0.0,0.0,87.64
7,8,6,0,,,,1.4252889,0.0,0.0,0.0,264.07
7,9,6,0,,,,2.02515,0.0,0.0,0.0,438.36
7,10,6,0,,,,2.3258111,0.0,0.0,0.0,587.05
7,11,6,0,,,,0.6606167,0.0,0.0,0.0,684.31
7,12,6,0,,,,1.8658,0.0,0.0,0.0,736.15
7,13,6,0,,,,2.906739,0.0,0.0,0.0,757.63
7,14,6,0,,,,2.3789833,0.0,0.0,0.0,728.24
7,15,6,0,,,,3.1928,0.0,0.0,0.0,645.67
7,16,6,0,,,,2.8868167,0.0,0.0,0.0,534.61
7,17,6,0,,,,3.3174,0.0,0.0,0.0,373.48
7,18,6,0,,,,4.6421666,0.0,0.0,0.0,193.25
7,19,6,0,,,,2.6158667,0.0,0.0,0.0,52.03
7,20,6,0,,,,2.2073834,0.0,0.0,0.0,19.49
7,21,6,0,,,,3.6638167,0.0,0.0,0.0,0.0
7,22,6,0,,,,2.45095,0.0,0.0,0.0,0.0
7,23,6,0,,,,2.3771389,0.0,0.0,0.0,0.0
7,24,6,0,,,,1.4730333,0.0,0.0,0.0,0.0
7,1,7,0,,,,1.4941666,0.0,0.0,0.0,0.0
7,2,7,0,,,,1.4092166,0.0,0.0,0.0,0.0
7,3,7,0,,,,1.4534667,0.0,0.0,0.0,0.0
7,4,7,0,,,,1.4220667,0.0,0.0,0.0,0.0
7,5,7,0,,,,1.4002639,0.0,0.0,0.0,0.0
7,6,7,0,,,,1.61185,0.0,0.0,0.0,29.48
7,7,7,0,,,,1.5870833,0.0,0.0,0.0,97.95
7,8,7,0,,,,1.5189834,0.0,0.0,0.0,225.87
7,9,7,0,,,,2.0399334,0.0,0.0,0.0,393.48
7,10,7,0,,,,1.8903834,0.0,0.0,0.0,319.71
7,11,7,0,,,,1.0251167,0.0,0.0,0.0,652.0
7,12,7,0,,,,1.1840833,0.0,0.0,0.0,669.68
7,13,7,0,,,,1.26415,0.0,0.0,0.0,232.5
7,14,7,0,,,,1.8972167,0.0,0.0,0.0,126.59
7,15,7,0,,,,2.7242167,0.0,0.0,0.0,322.32
7,16,7,0,,,,2.4292083,0.0,0.0,0.0,515.49
7,17,7,0,,,,2.2032833,0.0,0.0,0.0,185.24
7,18,7,0,,,,2.1419334,0.0,0.0,0.0,184.46
7,19,7,0,,,,2.3494,0.0,0.0,0.0,54.69
7,20,7,0,,,,2.5088444,0.0,0.0,0.0,19.44
7,21,7,0,,,,2.1090667,0.0,0.0,0.0,0.0
7,22,7,0,,,,1.6423167,0.0,0.0,0.0,0.0
7,23,7,0,,,,1.80905,0.0,0.0,0.0,0.0
7,24,7,0,,,,1.4786611,0.0,0.0,0.0,0.0
7,1,1,0,,,,1.4413167,0.0,0.0,0.0,0.0
7,2,1,0,,,,1.4494166,0.0,0.0,0.0,0.0
7,3,1,0,,,,1.4791334,0.0,0.0,0.0,0.0
7,4,1,0,,,,1.4480833,0.0,0.0,0.0,0.0
7,5,1,0,,,,1.4826,0.0,0.0,0.0,0.0
7,6,1,0,,,,1.4975834,0.0,0.0,0.0,34.75
7,7,1,0,,,,1.8576833,0.0,0.0,0.0,88.42
7,8,1,0,,,,2.1612833,0.0,0.0,0.0,274.14
7,9,1,0,,,,2.2756834,0.0,0.0,0.0,462.98
7,10,1,0,,,,3.0925,0.0,0.0,0.0,625.08
7,11,1,0,,,,3.1038833,0.0,0.0,0.0,723.58
7,12,1,0,,,,1.3139,0.0,0.0,0.0,605.93
7,13,1,0,,,,2.63775,0.0,0.0,0.0,636.66
7,14,1,0,,,,1.4615834,0.0,0.0,0.0,707.46
7,15,1,0,,,,2.6731668,0.0,0.0,0.0,620.33
7,16,1,0,,,,2.529425,0.0,0.0,0.0,526.77
7,17,1,0,,,,1.7477334,0.0,0.0,0.0,339.2
7,18,1,0,,,,0.9923667,0.0,0.0,0.0,191.05
7,19,1,0,,,,4.1415834,0.0,0.0,0.0,73.8
7,20,1,0,,,,2.18255,0.0,0.0,0.0,21.66
7,21,1,0,,,,3.4715917,0.0,0.0,0.0,0.0
7,22,1,0,,,,1.5941167,0.0,0.0,0.0,0.0
7,23,1,0,,,,1.8088,0.0,0.0,0.0,0.0
7,24,1,0,,,,1.0492333,0.0,0.0,0.0,0.0
7,1,2,0,,,,0.8809,0.0,0.0,0.0,0.0
7,2,2,0,,,,0.92755556,0.0,0.0,0.0,0.0
7,3,2,0,,,,0.53195,0.0,0.0,0.0,0.0
7,4,2,0,,,,0.78958887,0.0,0.0,0.0,0.0
7,5,2,0,,,,1.5795333,0.0,0.0,0.0,0.0
7,6,2,0,,,,0.9047667,0.0,0.0,0.0,35.37
7,7,2,0,,,,1.28845,0.0,0.0,0.0,102.96
7,8,2,0,,,,2.1611667,0.0,0.0,0.0,247.95
7,9,2,0,,,,1.0433667,0.0,0.0,0.0,469.21
7,10,2,0,,,,1.4686167,0.0,0.0,0.0,609.59
7,11,2,0,,,,1.4423,0.0,0.0,0.0,459.7
7,12,2,0,,,,2.2741,0.0,0.0,0.0,607.74
7,13,2,0,,,,2.9461834,0.0,0.0,0.0,662.93
7,14,2,0,,,,2.3943167,0.0,0.0,0.0,557.53
7,15,2,0,,,,2.4906,0.0,0.0,0.0,344.08
7,16,2,0,,,,2.6856833,0.0,0.0,0.0,326.42
7,17,2,0,,,,1.8798333,0.0,0.0,0.0,165.09
7,18,2,0,,,,0.70233333,0.0,0.0,0.0,190.2
7,19,2,0,,,,3.1268833,0.0,0.0,0.0,69.21
7,20,2,0,,,,3.4270167,0.0,0.0,0.0,20.63
7,21,2,0,,,,1.3175334,0.0,0.0,0.0,0.0
7,22,2,0,,,,1.58435,0.0,0.0,0.0,0.0
7,23,2,0,,,,2.3771389,0.0,0.0,0.0,0.0
7,24,2,0,,,,0.8594583,0.0,0.0,0.0,0.0
7,1,3,0,,,,0.8809,0.0,0.0,0.0,0.0
7,2,3,0,,,,0.92755556,0.0,0.0,0.0,0.0
7,3,3,0,,,,0.53195,0.0,0.0,0.0,0.0
7,4,3,0,,,,0.78958887,0.0,0.0,0.0,0.0
7,5,3,0,,,,1.0416,0.0,0.0,0.0,0.0
7,6,3,0,,,,1.144975,0.0,0.0,0.0,35.76
7,7,3,0,,,,1.5326166,0.0,0.0,0.0,83.0
7,8,3,0,,,,1.6842222,0.0,0.0,0.0,266.19
7,9,3,0,,,,2.3206167,0.0,0.0,0.0,451.76
7,10,3,0,,,,1.2996334,0.0,0.0,0.0,614.7
7,11,3,0,,,,0.88121665,0.0,0.0,0.0,654.02
7,12,3,0,,,,1.9382,0.0,0.0,0.0,628.25
7,13,3,0,,,,1.2857,0.0,0.0,0.0,625.32
7,14,3,0,,,,1.3819833,0.0,0.0,0.0,571.17
7,15,3,0,,,,2.27755,0.0,0.0,0.0,533.06
7,16,3,0,,,,2.7397,0.0,0.0,0.0,391.09
7,17,3,0,,,,2.08175,0.0,0.0,0.0,283.78
7,18,3,0,,,,0.5474,0.0,0.0,0.0,142.23
7,19,3,0,,,,1.0466833,0.0,0.0,0.0,8.06
7,20,3,0,,,,2.1071167,0.0,0.0,0.0,1.16
7,21,3,0,,,,1.3814167,0.0,0.0,0.0,0.0
7,22,3,0,,,,1.2269167,0.0,0.0,0.0,0.0
7,23,3,0,,,,1.1248,0.0,0.0,0.0,0.0
7,24,3,0,,,,1.0533167,0.0,0.0,0.0,0.0
7,1,4,0,,,,0.8809,0.0,0.0,0.0,0.0
7,2,4,0,,,,0.92755556,0.0,0.0,0.0,0.0
7,3,4,0,,,,0.53195,0.0,0.0,0.0,0.0
7,4,4,0,,,,0.8191222,0.0,0.0,0.0,0.0
7,5,4,0,,,,1.3003334,0.0,0.0,0.0,0.0
7,6,4,0,,,,1.6349666,0.0,0.0,0.0,10.57
7,7,4,0,,,,1.6809666,0.0,0.0,0.0,89.89
7,8,4,0,,,,1.5451833,0.0,0.0,0.0,273.5
7,9,4,0,,,,2.5117834,0.0,0.0,0.0,419.1
7,10,4,0,,,,1.5497333,0.0,0.0,0.0,592.35
7,11,4,0,,,,0.69906664,0.0,0.0,0.0,586.01
7,12,4,0,,,,1.84695,0.0,0.0,0.0,666.24
7,13,4,0,,,,1.8948,0.0,0.0,0.0,641.59
7,14,4,0,,,,1.1005917,0.0,0.0,0.0,723.97
7,15,4,0,,,,4.3532557,0.0,0.0,0.0,663.62
7,16,4,0,,,,3.1850834,0.0,0.0,0.0,540.39
7,17,4,0,,,,2.1789668,0.0,0.0,0.0,395.86
7,18,4,0,,,,0.26768333,0.0,0.0,0.0,207.82
7,19,4,0,,,,1.8865167,0.0,0.0,0.0,56.89
7,20,4,0,,,,1.7462167,0.0,0.0,0.0,21.01
7,21,4,0,,,,3.4715917,0.0,0.0,0.0,0.0
7,22,4,0,,,,1.4345167,0.0,0.0,0.0,0.0
7,23,4,0,,,,1.1595666,0.0,0.0,0.0,0.0
7,24,4,0,,,,1.43065,0.0,0.0,0.0,0.0
7,1,5,0,,,,0.8809,0.0,0.0,0.0,0.0
7,2,5,0,,,,0.92755556,0.0,0.0,0.0,0.0
7,3,5,0,,,,0.53195,0.0,0.0,0.0,0.0
7,4,5,0,,,,0.7843389,0.0,0.0,0.0,0.0
7,5,5,0,,,,0.9583667,0.0,0.0,0.0,0.0
7,6,5,0,,,,1.6455,0.0,0.0,0.0,1.21
7,7,5,0,,,,1.0158381,0.0,0.0,0.0,10.1
7,8,5,0,,,,2.1863334,0.0,0.0,0.0,231.17
7,9,5,0,,,,0.4703611,0.0,0.0,0.0,304.44
7,10,5,0,,,,1.8405,0.0,0.0,0.0,578.77
7,11,5,0,,,,3.2970834,0.0,0.0,0.0,76.96
7,12,5,0,,,,2.3464,0.0,0.0,0.0,173.37
7,13,5,0,,,,3.2942667,0.0,0.0,0.0,520.47
7,14,5,0,,,,1.9832667,0.0,0.0,0.0,461.3
7,15,5,0,,,,2.59625,0.0,0.0,0.0,662.5
7,16,5,0,,,,2.6442556,0.0,0.0,0.0,281.98
7,17,5,0,,,,3.2297,0.0,0.0,0.0,157.07
7,18,5,0,,,,1.4277667,0.0,0.0,0.0,113.83
7,19,5,0,,,,0.97125,0.0,0.0,0.0,5.9
7,20,5,0,,,,1.62685,0.0,0.0,0.0,0.45
7,21,5,0,,,,4.2796664,0.0,0.0,0.0,0.0
7,22,5,0,,,,2.8312833,0.0,0.0,0.0,0.0
7,23,5,0,,,,3.599,0.0,0.0,0.0,0.0
7,24,5,0,,,,1.0531666,0.0,0.0,0.0,0.0
7,1,6,0,,,,0.8809,0.0,0.0,0.0,0.0
7,2,6,0,,,,0.92755556,0.0,0.0,0.0,0.0
7,3,6,0,,,,0.53195,0.0,0.0,0.0,0.0
7,4,6,0,,,,0.78555554,0.0,0.0,0.0,0.0
7,5,6,0,,,,0.55058336,0.0,0.0,0.0,0.0
7,6,6,0,,,,0.67245,0.0,0.0,0.0,1.22
7,7,6,0,,,,0.95021665,0.0,0.0,0.0,8.34
7,8,6,0,,,,2.1557167,0.0,0.0,0.0,43.51
7,9,6,0,,,,2.7206888,0.0,0.0,0.0,193.25
7,10,6,0,,,,1.5242167,0.0,0.0,0.0,566.62
7,11,6,0,,,,1.3606334,0.0,0.0,0.0,517.35
7,12,6,0,,,,2.1117666,0.0,0.0,0.0,421.59
7,13,6,0,,,,0.27916667,0.0,0.0,0.0,513.75
7,14,6,0,,,,1.89625,0.0,0.0,0.0,514.16
7,15,6,0,,,,3.8787,0.0,0.0,0.0,133.07
7,16,6,0,,,,2.8037834,0.0,0.0,0.0,323.88
7,17,6,0,,,,2.2219167,0.0,0.0,0.0,272.93
7,18,6,0,,,,2.5283,0.0,0.0,0.0,160.49
7,19,6,0,,,,2.2106667,0.0,0.0,0.0,72.47
7,20,6,0,,,,2.0251167,0.0,0.0,0.0,20.61
7,21,6,0,,,,3.5034666,0.0,0.0,0.0,0.0
7,22,6,0,,,,2.45095,0.0,0.0,0.0,0.0
7,23,6,0,,,,2.3771389,0.0,0.0,0.0,0.0
7,24,6,0,,,,1.4786611,0.0,0.0,0.0,0.0
7,1,7,0,,,,1.43425,0.0,0.0,0.0,0.0
7,2,7,0,,,,1.4494166,0.0,0.0,0.0,0.0
7,3,7,0,,,,1.4791334,0.0,0.0,0.0,0.0
7,4,7,0,,,,1.4480833,0.0,0.0,0.0,0.0
7,5,7,0,,,,0.83751667,0.0,0.0,0.0,0.0
7,6,7,0,,,,1.5078,0.0,0.0,0.0,19.27
7,7,7,0,,,,1.6015834,0.0,0.0,0.0,87.63
7,8,7,0,,,,1.30205,0.0,0.0,0.0,268.44
7,9,7,0,,,,1.9017167,0.0,0.0,0.0,429.86
7,10,7,0,,,,1.0144334,0.0,0.0,0.0,570.93
7,11,7,0,,,,1.1029,0.0,0.0,0.0,692.09
7,12,7,0,,,,1.0426,0.0,0.0,0.0,699.43
7,13,7,0,,,,0.40715,0.0,0.0,0.0,416.54
7,14,7,0,,,,1.92455,0.0,0.0,0.0,661.77
7,15,7,0,,,,3.3676667,0.0,0.0,0.0,555.9
7,16,7,0,,,,2.6669333,0.0,0.0,0.0,484.29
7,17,7,0,,,,1.7982334,0.0,0.0,0.0,227.48
7,18,7,0,,,,0.92223334,0.0,0.0,0.0,199.43
7,19,7,0,,,,1.6449833,0.0,0.0,0.0,51.5
7,20,7,0,,,,2.18255,0.0,0.0,0.0,16.29
7,21,7,0,,,,3.4715917,0.0,0.0,0.0,0.0
7,22,7,0,,,,1.5941167,0.0,0.0,0.0,0.0
7,23,7,0,,,,1.8088,0.0,0.0,0.0,0.0
7,24,7,0,,,,1.4786611,0.0,0.0,0.0,0.0
7,1,1,0,,,,1.4775667,0.0,0.0,0.0,0.0
7,2,1,0,,,,1.4493333,0.0,0.0,0.0,0.0
7,3,1,0,,,,1.5122666,0.0,0.0,0.0,0.0
7,4,1,0,,,,1.4586667,0.0,0.0,0.0,0.0
7,5,1,0,,,,1.2104666,0.0,0.0,0.0,0.0
7,6,1,0,,,,1.4901167,0.0,0.0,0.0,30.79
7,7,1,0,,,,1.7711333,0.0,0.0,0.0,35.45
7,8,1,0,,,,1.8599666,0.0,0.0,0.0,194.93
7,9,1,0,,,,2.2520168,0.0,0.0,0.0,70.24
7,10,1,0,,,,2.4850833,0.0,0.0,0.0,157.14
7,11,1,0,,,,2.5506833,0.0,0.0,0.0,220.7
7,12,1,0,,,,2.2334,0.0,0.0,0.0,721.58
7,13,1,0,,,,0.40715,0.0,0.0,0.0,602.41
7,14,1,0,,,,1.92455,0.0,0.0,0.0,426.88
7,15,1,0,,,,6.2755,0.0,0.0,0.0,314.24
7,16,1,0,,,,1.1748834,0.0,0.0,0.0,431.08
7,17,1,0,,,,3.0331583,0.0,0.0,0.0,284.86
7,18,1,0,,,,0.92223334,0.0,0.0,0.0,109.57
7,19,1,0,,,,1.1884167,0.0,0.0,0.0,72.61
7,20,1,0,,,,2.18255,0.0,0.0,0.0,20.26
7,21,1,0,,,,3.4715917,0.0,0.0,0.0,0.0
7,22,1,0,,,,1.5941167,0.0,0.0,0.0,0.0
7,23,1,0,,,,1.8088,0.0,0.0,0.0,0.0
7,24,1,0,,,,1.0531666,0.0,0.0,0.0,0.0
7,1,2,0,,,,0.8809,0.0,0.0,0.0,0.0
7,2,2,0,,,,0.92755556,0.0,0.0,0.0,0.0
7,3,2,0,,,,0.53195,0.0,0.0,0.0,0.0
7,4,2,0,,,,0.8569889,0.0,0.0,0.0,0.0
7,5,2,0,,,,1.4658166,0.0,0.0,0.0,0.0
7,6,2,0,,,,0.8181667,0.0,0.0,0.0,0.87
7,7,2,0,,,,1.3310584,0.0,0.0,0.0,8.51
7,8,2,0,,,,1.5515223,0.0,0.0,0.0,33.76
7,9,2,0,,,,0.51551664,0.0,0.0,0.0,128.24
7,10,2,0,,,,1.6914667,0.0,0.0,0.0,245.13
7,11,2,0,,,,2.3209333,0.0,0.0,0.0,432.39
7,12,2,0,,,,1.6069111,0.0,0.0,0.0,542.47
7,13,2,0,,,,0.40715,0.0,0.0,0.0,439.91
7,14,2,0,,,,2.3599167,0.0,0.0,0.0,282.27
7,15,2,0,,,,2.4906,0.0,0.0,0.0,259.16
7,16,2,0,,,,1.4742,0.0,0.0,0.0,262.77
7,17,2,0,,,,3.1459334,0.0,0.0,0.0,265.21
7,18,2,0,,,,0.54698336,0.0,0.0,0.0,186.14
7,19,2,0,,,,2.0944278,0.0,0.0,0.0,15.22
7,20,2,0,,,,1.5897833,0.0,0.0,0.0,20.31
7,21,2,0,,,,1.3175334,0.0,0.0,0.0,0.0
7,22,2,0,,,,1.58435,0.0,0.0,0.0,0.0
7,23,2,0,,,,2.3771389,0.0,0.0,0.0,0.0
7,24,2,0,,,,1.0533167,0.0,0.0,0.0,0.0
7,1,3,0,,,,0.8809,0.0,0.0,0.0,0.0
7,2,3,0,,,,0.92755556,0.0,0.0,0.0,0.0
7,3,3,0,,,,0.53195,0.0,0.0,0.0,0.0
7,4,3,0,,,,0.78958887,0.0,0.0,0.0,0.0
7,5,3,0,,,,1.9262167,0.0,0.0,0.0,0.0
7,6,3,0,,,,0.895075,0.0,0.0,0.0,28.73
7,7,3,0,,,,1.4769666,0.0,0.0,0.0,67.63
7,8,3,0,,,,2.5444944,0.0,0.0,0.0,68.28
7,9,3,0,,,,1.89995,0.0,0.0,0.0,303.87
7,10,3,0,,,,1.92,0.0,0.0,0.0,451.04
7,11,3,0,,,,1.8183833,0.0,0.0,0.0,628.65
7,12,3,0,,,,1.6747,0.0,0.0,0.0,275.63
7,13,3,0,,,,1.62595,0.0,0.0,0.0,377.22
7,14,3,0,,,,2.2035334,0.0,0.0,0.0,120.49
7,15,3,0,,,,2.4906,0.0,0.0,0.0,463.98
7,16,3,0,,,,4.3326335,0.0,0.0,0.0,414.6
7,17,3,0,,,,2.5723333,0.0,0.0,0.0,385.21
7,18,3,0,,,,0.5474,0.0,0.0,0.0,53.65
7,19,3,0,,,,1.0466833,0.0,0.0,0.0,56.4
7,20,3,0,,,,2.2775667,0.0,0.0,0.0,18.85
7,21,3,0,,,,1.5399834,0.0,0.0,0.0,0.0
7,22,3,0,,,,1.2269167,0.0,0.0,0.0,0.0
7,23,3,0,,,,1.1152667,0.0,0.0,0.0,0.0
7,24,3,0,,,,0.88993335,0.0,0.0,0.0,0.0
7,1,4,0,,,,0.8809,0.0,0.0,0.0,0.0
7,2,4,0,,,,0.92755556,0.0,0.0,0.0,0.0
7,3,4,0,,,,0.53195,0.0,0.0,0.0,0.0
7,4,4,0,,,,0.8191222,0.0,0.0,0.0,0.0
7,5,4,0,,,,1.22205,0.0,0.0,0.0,0.0
7,6,4,0,,,,1.7873167,0.0,0.0,0.0,28.74
7,7,4,0,,,,1.88275,0.0,0.0,0.0,87.97
7,8,4,0,,,,1.6623334,0.0,0.0,0.0,259.86
7,9,4,0,,,,2.0048888,0.0,0.0,0.0,428.57
7,10,4,0,,,,1.71445,0.0,0.0,0.0,587.78
7,11,4,0,,,,2.6573,0.0,0.0,0.0,667.11
7,12,4,0,,,,2.4005833,0.0,0.0,0.0,707.14
7,13,4,0,,,,1.2857,0.0,0.0,0.0,712.05
7,14,4,0,,,,2.2423832,0.0,0.0,0.0,682.24
7,15,4,0,,,,3.077539,0.0,0.0,0.0,502.6
7,16,4,0,,,,3.1325834,0.0,0.0,0.0,540.49
7,17,4,0,,,,4.91345,0.0,0.0,0.0,252.56
7,18,4,0,,,,0.26768333,0.0,0.0,0.0,190.82
7,19,4,0,,,,1.2101333,0.0,0.0,0.0,48.61
7,20,4,0,,,,1.7462167,0.0,0.0,0.0,18.64
7,21,4,0,,,,1.48365,0.0,0.0,0.0,0.0
7,22,4,0,,,,1.4345167,0.0,0.0,0.0,0.0
7,23,4,0,,,,1.1595666,0.0,0.0,0.0,0.0
7,24,4,0,,,,1.0493833,0.0,0.0,0.0,0.0
7,1,5,0,,,,0.8459333,0.0,0.0,0.0,0.0
7,2,5,0,,,,0.92755556,0.0,0.0,0.0,0.0
7,3,5,0,,,,0.53195,0.0,0.0,0.0,0.0
7,4,5,0,,,,0.7843389,0.0,0.0,0.0,0.0
7,5,5,0,,,,0.98123336,0.0,0.0,0.0,0.0
7,6,5,0,,,,1.0369166,0.0,0.0,0.0,3.51
7,7,5,0,,,,0.90280473,0.0,0.0,0.0,49.78
7,8,5,0,,,,2.0318167,0.0,0.0,0.0,94.9
7,9,5,0,,,,3.2819333,0.0,0.0,0.0,331.24
7,10,5,0,,,,2.3192,0.0,0.0,0.0,553.51
7,11,5,0,,,,3.7591,0.0,0.0,0.0,669.94
7,12,5,0,,,,2.1482334,0.0,0.0,0.0,511.84
7,13,5,0,,,,1.4846833,0.0,0.0,0.0,289.31
7,14,5,0,,,,2.735975,0.0,0.0,0.0,49.37
7,15,5,0,,,,3.49445,0.0,0.0,0.0,39.27
7,16,5,0,,,,2.3846416,0.0,0.0,0.0,164.84
7,17,5,0,,,,4.7908,0.0,0.0,0.0,66.78
7,18,5,0,,,,1.8582166,0.0,0.0,0.0,182.02
7,19,5,0,,,,0.97125,0.0,0.0,0.0,68.23
7,20,5,0,,,,1.3505,0.0,0.0,0.0,17.6
7,21,5,0,,,,3.92625,0.0,0.0,0.0,0.0
7,22,5,0,,,,3.3826168,0.0,0.0,0.0,0.0
7,23,5,0,,,,3.0299,0.0,0.0,0.0,0.0
7,24,5,0,,,,1.0531666,0.0,0.0,0.0,0.0
7,1,6,0,,,,0.8459333,0.0,0.0,0.0,0.0
7,2,6,0,,,,0.92755556,0.0,0.0,0.0,0.0
7,3,6,0,,,,0.53195,0.0,0.0,0.0,0.0
7,4,6,0,,,,0.7843389,0.0,0.0,0.0,0.0
7,5,6,0,,,,0.5962667,0.0,0.0,0.0,0.0
7,6,6,0,,,,0.73211664,0.0,0.0,0.0,0.85
7,7,6,0,,,,0.92555475,0.0,0.0,0.0,7.8
7,8,6,0,,,,1.1339,0.0,0.0,0.0,27.6
7,9,6,0,,,,2.3499334,0.0,0.0,0.0,89.49
7,10,6,0,,,,2.2490666,0.0,0.0,0.0,98.36
7,11,6,0,,,,3.7719333,0.0,0.0,0.0,185.01
7,12,6,0,,,,1.7123,0.0,0.0,0.0,129.13
7,13,6,0,,,,3.92795,0.0,0.0,0.0,106.53
7,14,6,0,,,,1.4136,0.0,0.0,0.0,140.36
7,15,6,0,,,,2.2734334,0.0,0.0,0.0,357.76
7,16,6,0,,,,3.2014277,0.0,0.0,0.0,162.26
7,17,6,0,,,,2.2219167,0.0,0.0,0.0,164.05
7,18,6,0,,,,2.4396,0.0,0.0,0.0,186.08
7,19,6,0,,,,2.6223667,0.0,0.0,0.0,69.32
7,20,6,0,,,,2.7289166,0.0,0.0,0.0,17.61
7,21,6,0,,,,3.5034666,0.0,0.0,0.0,0.0
7,22,6,0,,,,2.45095,0.0,0.0,0.0,0.0
7,23,6,0,,,,2.3771389,0.0,0.0,0.0,0.0
7,24,6,0,,,,1.4786611,0.0,0.0,0.0,0.0
7,1,7,0,,,,1.4775667,0.0,0.0,0.0,0.0
7,2,7,0,,,,1.4494166,0.0,0.0,0.0,0.0
7,3,7,0,,,,1.4791334,0.0,0.0,0.0,0.0
7,4,7,0,,,,1.4480833,0.0,0.0,0.0,0.0
7,5,7,0,,,,0.9152,0.0,0.0,0.0,0.0
7,6,7,0,,,,1.1798,0.0,0.0,0.0,0.87
7,7,7,0,,,,1.4693167,0.0,0.0,0.0,82.73
7,8,7,0,,,,1.4907,0.0,0.0,0.0,254.03
7,9,7,0,,,,1.8251333,0.0,0.0,0.0,436.02
7,10,7,0,,,,3.5248666,0.0,0.0,0.0,600.67
7,11,7,0,,,,1.92535,0.0,0.0,0.0,694.26
7,12,7,0,,,,0.90508336,0.0,0.0,0.0,746.07
7,13,7,0,,,,0.746,0.0,0.0,0.0,776.64
7,14,7,0,,,,0.72718334,0.0,0.0,0.0,748.24
7,15,7,0,,,,4.6592665,0.0,0.0,0.0,659.69
7,16,7,0,,,,0.97922224,0.0,0.0,0.0,424.99
7,17,7,0,,,,1.9553334,0.0,0.0,0.0,313.27
7,18,7,0,,,,0.92223334,0.0,0.0,0.0,38.85
7,19,7,0,,,,1.1884167,0.0,0.0,0.0,47.77
7,20,7,0,,,,2.18255,0.0,0.0,0.0,17.36
7,21,7,0,,,,3.4715917,0.0,0.0,0.0,0.0
7,22,7,0,,,,1.5941167,0.0,0.0,0.0,0.0
7,23,7,0,,,,1.8088,0.0,0.0,0.0,0.0
7,24,7,0,,,,1.4384834,0.0,0.0,0.0,0.0
7,1,1,0,,,,1.4775667,0.0,0.0,0.0,0.0
7,2,1,0,,,,1.4056833,0.0,0.0,0.0,0.0
7,3,1,0,,,,1.4791334,0.0,0.0,0.0,0.0
7,4,1,0,,,,1.4480833,0.0,0.0,0.0,0.0
7,5,1,0,,,,0.90183336,0.0,0.0,0.0,0.0
7,6,1,0,,,,1.6296333,0.0,0.0,0.0,0.49
7,7,1,0,,,,1.5965333,0.0,0.0,0.0,7.79
7,8,1,0,,,,1.5002,0.0,0.0,0.0,37.04
7,9,1,0,,,,3.1105223,0.0,0.0,0.0,33.23
7,10,1,0,,,,2.0965278,0.0,0.0,0.0,53.35
7,11,1,0,,,,3.8964584,0.0,0.0,0.0,698.47
7,12,1,0,,,,1.3500667,0.0,0.0,0.0,463.66
7,13,1,0,,,,3.9239333,0.0,0.0,0.0,598.32
7,14,1,0,,,,1.9404666,0.0,0.0,0.0,446.51
7,15,1,0,,,,4.0662665,0.0,0.0,0.0,618.84
7,16,1,0,,,,2.9756334,0.0,0.0,0.0,129.37
7,17,1,0,,,,1.4533,0.0,0.0,0.0,215.72
7,18,1,0,,,,0.8864667,0.0,0.0,0.0,143.62
7,19,1,0,,,,2.1842,0.0,0.0,0.0,17.75
7,20,1,0,,,,1.0819666,0.0,0.0,0.0,13.37
7,21,1,0,,,,2.0143,0.0,0.0,0.0,0.0
7,22,1,0,,,,1.8538,0.0,0.0,0.0,0.0
7,23,1,0,,,,1.8088,0.0,0.0,0.0,0.0
7,24,1,0,,,,0.84945,0.0,0.0,0.0,0.0
7,1,2,0,,,,0.8459333,0.0,0.0,0.0,0.0
7,2,2,0,,,,0.92755556,0.0,0.0,0.0,0.0
7,3,2,0,,,,0.53195,0.0,0.0,0.0,0.0
7,4,2,0,,,,0.8483889,0.0,0.0,0.0,0.0
7,5,2,0,,,,1.20615,0.0,0.0,0.0,0.0
7,6,2,0,,,,1.9408333,0.0,0.0,0.0,0.51
7,7,2,0,,,,1.3758167,0.0,0.0,0.0,91.1
7,8,2,0,,,,2.117,0.0,0.0,0.0,245.14
7,9,2,0,,,,1.3986388,0.0,0.0,0.0,430.95
7,10,2,0,,,,0.85373336,0.0,0.0,0.0,562.4
7,11,2,0,,,,1.6979916,0.0,0.0,0.0,670.32
7,12,2,0,,,,1.4383334,0.0,0.0,0.0,555.84
7,13,2,0,,,,2.9670722,0.0,0.0,0.0,304.63
7,14,2,0,,,,3.244875,0.0,0.0,0.0,754.45
7,15,2,0,,,,4.036667,0.0,0.0,0.0,488.89
7,16,2,0,,,,2.4089668,0.0,0.0,0.0,458.91
7,17,2,0,,,,3.89925,0.0,0.0,0.0,334.04
7,18,2,0,,,,0.53295,0.0,0.0,0.0,159.79
7,19,2,0,,,,4.0150833,0.0,0.0,0.0,50.36
7,20,2,0,,,,1.59625,0.0,0.0,0.0,16.88
7,21,2,0,,,,2.3429,0.0,0.0,0.0,0.0
7,22,2,0,,,,1.7880666,0.0,0.0,0.0,0.0
7,23,2,0,,,,1.3056834,0.0,0.0,0.0,0.0
7,24,2,0,,,,0.8595167,0.0,0.0,0.0,0.0
7,1,3,0,,,,0.8809,0.0,0.0,0.0,0.0
7,2,3,0,,,,0.92755556,0.0,0.0,0.0,0.0
7,3,3,0,,,,0.53195,0.0,0.0,0.0,0.0
7,4,3,0,,,,0.81288886,0.0,0.0,0.0,0.0
7,5,3,0,,,,1.5750333,0.0,0.0,0.0,0.0
7,6,3,0,,,,1.38415,0.0,0.0,0.0,8.8
7,7,3,0,,,,1.7991667,0.0,0.0,0.0,84.45
7,8,3,0,,,,1.69475,0.0,0.0,0.0,253.5
7,9,3,0,,,,0.8841722,0.0,0.0,0.0,439.39
7,10,3,0,,,,0.89135,0.0,0.0,0.0,605.75
7,11,3,0,,,,1.9901667,0.0,0.0,0.0,708.68
7,12,3,0,,,,1.7437167,0.0,0.0,0.0,660.23
7,13,3,0,,,,2.9461834,0.0,0.0,0.0,558.13
7,14,3,0,,,,2.5015917,0.0,0.0,0.0,512.26
7,15,3,0,,,,2.0549667,0.0,0.0,0.0,365.76
7,16,3,0,,,,4.2342167,0.0,0.0,0.0,195.03
7,17,3,0,,,,4.2920165,0.0,0.0,0.0,290.03
7,18,3,0,,,,0.6306667,0.0,0.0,0.0,203.92
7,19,3,0,,,,0.9877167,0.0,0.0,0.0,41.81
7,20,3,0,,,,2.12945,0.0,0.0,0.0,16.02
7,21,3,0,,,,1.3364333,0.0,0.0,0.0,0.0
7,22,3,0,,,,1.2267333,0.0,0.0,0.0,0.0
7,23,3,0,,,,1.1324167,0.0,0.0,0.0,0.0
7,24,3,0,,,,0.88993335,0.0,0.0,0.0,0.0
7,1,4,0,,,,0.8809,0.0,0.0,0.0,0.0
7,2,4,0,,,,0.92755556,0.0,0.0,0.0,0.0
7,3,4,0,,,,0.53195,0.0,0.0,0.0,0.0
7,4,4,0,,,,0.8191222,0.0,0.0,0.0,0.0
7,5,4,0,,,,1.2714167,0.0,0.0,0.0,0.0
7,6,4,0,,,,1.5937166,0.0,0.0,0.0,10.57
7,7,4,0,,,,1.2684,0.0,0.0,0.0,83.9
7,8,4,0,,,,1.36335,0.0,0.0,0.0,242.42
7,9,4,0,,,,3.1807556,0.0,0.0,0.0,421.66
7,10,4,0,,,,1.9109334,0.0,0.0,0.0,575.06
7,11,4,0,,,,1.191675,0.0,0.0,0.0,654.92
7,12,4,0,,,,1.84695,0.0,0.0,0.0,628.97
7,13,4,0,,,,2.1518834,0.0,0.0,0.0,642.21
7,14,4,0,,,,2.2292833,0.0,0.0,0.0,594.14
7,15,4,0,,,,3.1751056,0.0,0.0,0.0,424.9
7,16,4,0,,,,0.93721664,0.0,0.0,0.0,523.15
7,17,4,0,,,,2.9944668,0.0,0.0,0.0,366.68
7,18,4,0,,,,2.2151334,0.0,0.0,0.0,197.05
7,19,4,0,,,,1.1726667,0.0,0.0,0.0,46.23
7,20,4,0,,,,1.2666917,0.0,0.0,0.0,14.59
7,21,4,0,,,,1.8165916,0.0,0.0,0.0,0.0
7,22,4,0,,,,1.2192667,0.0,0.0,0.0,0.0
7,23,4,0,,,,0.5632333,0.0,0.0,0.0,0.0
7,24,4,0,,,,1.0972,0.0,0.0,0.0,0.0
7,1,5,0,,,,0.8459333,0.0,0.0,0.0,0.0
7,2,5,0,,,,0.92755556,0.0,0.0,0.0,0.0
7,3,5,0,,,,0.53195,0.0,0.0,0.0,0.0
7,4,5,0,,,,0.78765553,0.0,0.0,0.0,0.0
7,5,5,0,,,,0.74135,0.0,0.0,0.0,0.0
7,6,5,0,,,,1.0140584,0.0,0.0,0.0,0.15
7,7,5,0,,,,0.9594714,0.0,0.0,0.0,6.55
7,8,5,0,,,,2.5733278,0.0,0.0,0.0,149.62
7,9,5,0,,,,2.5271332,0.0,0.0,0.0,369.34
7,10,5,0,,,,2.6557722,0.0,0.0,0.0,478.35
7,11,5,0,,,,2.4245334,0.0,0.0,0.0,643.36
7,12,5,0,,,,2.6717277,0.0,0.0,0.0,696.16
7,13,5,0,,,,2.8408556,0.0,0.0,0.0,599.73
7,14,5,0,,,,8.094,0.0,0.0,0.0,435.01
7,15,5,0,,,,3.16,0.0,0.0,0.0,289.92
7,16,5,0,,,,3.941139,0.0,0.0,0.0,73.44
7,17,5,0,,,,2.6328335,0.0,0.0,0.0,38.4
7,18,5,0,,,,1.8577833,0.0,0.0,0.0,83.52
7,19,5,0,,,,0.75975,0.0,0.0,0.0,44.84
7,20,5,0,,,,2.1292167,0.0,0.0,0.0,14.55
7,21,5,0,,,,2.9668667,0.0,0.0,0.0,0.0
7,22,5,0,,,,2.0698333,0.0,0.0,0.0,0.0
7,23,5,0,,,,0.78176665,0.0,0.0,0.0,0.0
7,24,5,0,,,,0.9163,0.0,0.0,0.0,0.0
7,1,6,0,,,,0.8459333,0.0,0.0,0.0,0.0
7,2,6,0,,,,0.92755556,0.0,0.0,0.0,0.0
7,3,6,0,,,,0.53195,0.0,0.0,0.0,0.0
7,4,6,0,,,,0.7843389,0.0,0.0,0.0,0.0
7,5,6,0,,,,0.54715,0.0,0.0,0.0,0.0
7,6,6,0,,,,0.7672333,0.0,0.0,0.0,0.14
7,7,6,0,,,,1.2104547,0.0,0.0,0.0,79.93
7,8,6,0,,,,1.4855388,0.0,0.0,0.0,177.99
7,9,6,0,,,,2.2013333,0.0,0.0,0.0,250.03
7,10,6,0,,,,2.6443222,0.0,0.0,0.0,99.66
7,11,6,0,,,,1.7213167,0.0,0.0,0.0,156.36
7,12,6,0,,,,2.3425279,0.0,0.0,0.0,192.65
7,13,6,0,,,,2.9213555,0.0,0.0,0.0,176.29
7,14,6,0,,,,3.1702,0.0,0.0,0.0,538.78
7,15,6,0,,,,4.37605,0.0,0.0,0.0,578.98
7,16,6,0,,,,3.2633166,0.0,0.0,0.0,381.67
7,17,6,0,,,,2.7272334,0.0,0.0,0.0,231.99
7,18,6,0,,,,1.9746667,0.0,0.0,0.0,186.69
7,19,6,0,,,,2.15655,0.0,0.0,0.0,55.26
7,20,6,0,,,,2.5499334,0.0,0.0,0.0,11.97
7,21,6,0,,,,3.80885,0.0,0.0,0.0,0.0
7,22,6,0,,,,2.1771333,0.0,0.0,0.0,0.0
7,23,6,0,,,,0.75925,0.0,0.0,0.0,0.0
7,24,6,0,,,,1.3110666,0.0,0.0,0.0,0.0
7,1,7,0,,,,1.4941666,0.0,0.0,0.0,0.0
7,2,7,0,,,,1.4092166,0.0,0.0,0.0,0.0
7,3,7,0,,,,1.4211667,0.0,0.0,0.0,0.0
7,4,7,0,,,,1.3779,0.0,0.0,0.0,0.0
7,5,7,0,,,,1.70865,0.0,0.0,0.0,0.0
7,6,7,0,,,,1.9398167,0.0,0.0,0.0,2.05
7,7,7,0,,,,1.18015,0.0,0.0,0.0,6.57
7,8,7,0,,,,1.5631,0.0,0.0,0.0,139.54
7,9,7,0,,,,2.3507555,0.0,0.0,0.0,335.52
7,10,7,0,,,,2.7707334,0.0,0.0,0.0,328.64
7,11,7,0,,,,1.2429,0.0,0.0,0.0,631.75
7,12,7,0,,,,0.63055,0.0,0.0,0.0,676.12
7,13,7,0,,,,2.1965084,0.0,0.0,0.0,717.78
7,14,7,0,,,,1.2775,0.0,0.0,0.0,621.32
7,15,7,0,,,,6.3994164,0.0,0.0,0.0,533.78
7,16,7,0,,,,3.2112,0.0,0.0,0.0,459.74
7,17,7,0,,,,2.6217833,0.0,0.0,0.0,299.62
7,18,7,0,,,,4.22385,0.0,0.0,0.0,183.9
7,19,7,0,,,,3.1925833,0.0,0.0,0.0,43.21
7,20,7,0,,,,4.315533,0.0,0.0,0.0,12.52
7,21,7,0,,,,1.4314,0.0,0.0,0.0,0.0
7,22,7,0,,,,1.6012334,0.0,0.0,0.0,0.0
7,23,7,0,,,,0.7291,0.0,0.0,0.0,0.0
7,24,7,0,,,,1.2370666,0.0,0.0,0.0,0.0
7,1,1,0,,,,1.4413167,0.0,0.0,0.0,0.0
7,2,1,0,,,,1.4092166,0.0,0.0,0.0,0.0
7,3,1,0,,,,1.4799666,0.0,0.0,0.0,0.0
7,4,1,0,,,,1.4480833,0.0,0.0,0.0,0.0
7,5,1,0,,,,1.7557,0.0,0.0,0.0,0.0
7,6,1,0,,,,1.56955,0.0,0.0,0.0,0.15
7,7,1,0,,,,1.7403333,0.0,0.0,0.0,6.61
7,8,1,0,,,,1.2147334,0.0,0.0,0.0,55.6
7,9,1,0,,,,1.9375167,0.0,0.0,0.0,221.76
7,10,1,0,,,,2.9478166,0.0,0.0,0.0,431.8
7,11,1,0,,,,1.5736333,0.0,0.0,0.0,496.69
7,12,1,0,,,,4.18665,0.0,0.0,0.0,571.61
7,13,1,0,,,,0.792475,0.0,0.0,0.0,640.37
7,14,1,0,,,,1.9426,0.0,0.0,0.0,525.91
7,15,1,0,,,,4.9032664,0.0,0.0,0.0,441.14
7,16,1,0,,,,2.8670666,0.0,0.0,0.0,432.56
7,17,1,0,,,,2.0464334,0.0,0.0,0.0,376.76
7,18,1,0,,,,2.3274834,0.0,0.0,0.0,190.36
7,19,1,0,,,,3.2620332,0.0,0.0,0.0,54.68
7,20,1,0,,,,4.9003334,0.0,0.0,0.0,12.57
7,21,1,0,,,,2.3035667,0.0,0.0,0.0,0.0
7,22,1,0,,,,1.4771167,0.0,0.0,0.0,0.0
7,23,1,0,,,,1.3529291,0.0,0.0,0.0,0.0
7,24,1,0,,,,0.8546,0.0,0.0,0.0,0.0
7,1,2,0,,,,0.8459333,0.0,0.0,0.0,0.0
7,2,2,0,,,,0.92755556,0.0,0.0,0.0,0.0
7,3,2,0,,,,0.53195,0.0,0.0,0.0,0.0
7,4,2,0,,,,0.7805222,0.0,0.0,0.0,0.0
7,5,2,0,,,,1.4336833,0.0,0.0,0.0,0.0
7,6,2,0,,,,0.88565,0.0,0.0,0.0,0.84
7,7,2,0,,,,1.3834,0.0,0.0,0.0,80.72
7,8,2,0,,,,1.2607334,0.0,0.0,0.0,236.0
7,9,2,0,,,,1.3237667,0.0,0.0,0.0,419.0
7,10,2,0,,,,1.32935,0.0,0.0,0.0,545.85
7,11,2,0,,,,3.2044833,0.0,0.0,0.0,618.07
7,12,2,0,,,,1.8253111,0.0,0.0,0.0,705.62
7,13,2,0,,,,2.4351332,0.0,0.0,0.0,749.85
7,14,2,0,,,,3.5556667,0.0,0.0,0.0,739.74
7,15,2,0,,,,4.084133,0.0,0.0,0.0,643.79
7,16,2,0,,,,4.2886167,0.0,0.0,0.0,303.18
7,17,2,0,,,,1.9078833,0.0,0.0,0.0,34.67
7,18,2,0,,,,0.53513336,0.0,0.0,0.0,187.27
7,19,2,0,,,,1.36,0.0,0.0,0.0,54.9
7,20,2,0,,,,1.76785,0.0,0.0,0.0,0.0
7,21,2,0,,,,1.4915333,0.0,0.0,0.0,0.0
7,22,2,0,,,,1.1955167,0.0,0.0,0.0,0.0
7,23,2,0,,,,1.29585,0.0,0.0,0.0,0.0
7,24,2,0,,,,0.87795,0.0,0.0,0.0,0.0
7,1,3,0,,,,0.8459333,0.0,0.0,0.0,0.0
7,2,3,0,,,,0.92755556,0.0,0.0,0.0,0.0
7,3,3,0,,,,0.53195,0.0,0.0,0.0,0.0
7,4,3,0,,,,0.81288886,0.0,0.0,0.0,0.0
7,5,3,0,,,,1.20475,0.0,0.0,0.0,0.0
7,6,3,0,,,,1.6996833,0.0,0.0,0.0,0.0
7,7,3,0,,,,1.8742334,0.0,0.0,0.0,9.54
7,8,3,0,,,,1.6925666,0.0,0.0,0.0,32.27
7,9,3,0,,,,1.1848222,0.0,0.0,0.0,419.34
7,10,3,0,,,,1.32935,0.0,0.0,0.0,381.22
7,11,3,0,,,,2.0052834,0.0,0.0,0.0,665.73
7,12,3,0,,,,1.4413278,0.0,0.0,0.0,713.68
7,13,3,0,,,,3.6180665,0.0,0.0,0.0,581.5
7,14,3,0,,,,2.2451167,0.0,0.0,0.0,506.12
7,15,3,0,,,,4.58045,0.0,0.0,0.0,507.56
7,16,3,0,,,,2.55005,0.0,0.0,0.0,245.98
7,17,3,0,,,,3.65435,0.0,0.0,0.0,108.36
7,18,3,0,,,,2.4316833,0.0,0.0,0.0,179.78
7,19,3,0,,,,1.9562167,0.0,0.0,0.0,55.98
7,20,3,0,,,,2.36945,0.0,0.0,0.0,10.05
7,21,3,0,,,,1.3364333,0.0,0.0,0.0,0.0
7,22,3,0,,,,1.3612666,0.0,0.0,0.0,0.0
7,23,3,0,,,,0.5093833,0.0,0.0,0.0,0.0
7,24,3,0,,,,0.8921833,0.0,0.0,0.0,0.0
7,1,4,0,,,,0.8459333,0.0,0.0,0.0,0.0
7,2,4,0,,,,0.92755556,0.0,0.0,0.0,0.0
7,3,4,0,,,,0.53195,0.0,0.0,0.0,0.0
7,4,4,0,,,,0.81288886,0.0,0.0,0.0,0.0
7,5,4,0,,,,0.93,0.0,0.0,0.0,0.0
7,6,4,0,,,,1.5874695,0.0,0.0,0.0,0.85
7,7,4,0,,,,1.4733167,0.0,0.0,0.0,78.58
7,8,4,0,,,,1.23285,0.0,0.0,0.0,229.54
7,9,4,0,,,,2.2996333,0.0,0.0,0.0,412.26
7,10,4,0,,,,4.5480833,0.0,0.0,0.0,567.87
7,11,4,0,,,,3.6691666,0.0,0.0,0.0,671.7
7,12,4,0,,,,1.5299333,0.0,0.0,0.0,701.78
7,13,4,0,,,,3.6297667,0.0,0.0,0.0,666.17
7,14,4,0,,,,3.5309167,0.0,0.0,0.0,549.17
7,15,4,0,,,,4.8214,0.0,0.0,0.0,585.47
7,16,4,0,,,,1.9893667,0.0,0.0,0.0,495.43
7,17,4,0,,,,2.7465167,0.0,0.0,0.0,359.23
7,18,4,0,,,,2.3956168,0.0,0.0,0.0,183.92
7,19,4,0,,,,1.54105,0.0,0.0,0.0,44.87
7,20,4,0,,,,1.8744667,0.0,0.0,0.0,9.44
7,21,4,0,,,,1.1859666,0.0,0.0,0.0,0.0
7,22,4,0,,,,1.29505,0.0,0.0,0.0,0.0
7,23,4,0,,,,0.71528333,0.0,0.0,0.0,0.0
7,24,4,0,,,,1.43065,0.0,0.0,0.0,0.0
7,1,5,0,,,,0.8459333,0.0,0.0,0.0,0.0
7,2,5,0,,,,0.92755556,0.0,0.0,0.0,0.0
7,3,5,0,,,,0.53195,0.0,0.0,0.0,0.0
7,4,5,0,,,,0.7836889,0.0,0.0,0.0,0.0
7,5,5,0,,,,0.90305,0.0,0.0,0.0,0.0
7,6,5,0,,,,1.4017333,0.0,0.0,0.0,3.43
7,7,5,0,,,,1.0248047,0.0,0.0,0.0,75.07
7,8,5,0,,,,1.4356,0.0,0.0,0.0,203.72
7,9,5,0,,,,2.4525332,0.0,0.0,0.0,393.62
7,10,5,0,,,,3.3135111,0.0,0.0,0.0,553.44
7,11,5,0,,,,2.8842833,0.0,0.0,0.0,660.03
7,12,5,0,,,,2.1006334,0.0,0.0,0.0,738.38
7,13,5,0,,,,3.4582,0.0,0.0,0.0,706.56
7,14,5,0,,,,3.5482,0.0,0.0,0.0,638.19
7,15,5,0,,,,3.0387166,0.0,0.0,0.0,547.92
7,16,5,0,,,,2.7823668,0.0,0.0,0.0,468.54
7,17,5,0,,,,3.2176332,0.0,0.0,0.0,325.65
7,18,5,0,,,,3.53185,0.0,0.0,0.0,183.26
7,19,5,0,,,,1.9296666,0.0,0.0,0.0,49.5
7,20,5,0,,,,1.3885,0.0,0.0,0.0,7.15
7,21,5,0,,,,3.4430165,0.0,0.0,0.0,0.0
7,22,5,0,,,,2.0688999,0.0,0.0,0.0,0.0
7,23,5,0,,,,0.9213167,0.0,0.0,0.0,0.0
7,24,5,0,,,,1.0492333,0.0,0.0,0.0,0.0
7,1,6,0,,,,0.8809,0.0,0.0,0.0,0.0
7,2,6,0,,,,0.92755556,0.0,0.0,0.0,0.0
7,3,6,0,,,,0.53195,0.0,0.0,0.0,0.0
7,4,6,0,,,,0.78765553,0.0,0.0,0.0,0.0
7,5,6,0,,,,0.55506665,0.0,0.0,0.0,0.0
7,6,6,0,,,,0.6052361,0.0,0.0,0.0,0.0
7,7,6,0,,,,1.1210715,0.0,0.0,0.0,72.59
7,8,6,0,,,,2.263175,0.0,0.0,0.0,207.69
7,9,6,0,,,,2.7787333,0.0,0.0,0.0,229.31
7,10,6,0,,,,2.232161,0.0,0.0,0.0,501.67
7,11,6,0,,,,3.3282666,0.0,0.0,0.0,533.53
7,12,6,0,,,,1.4009,0.0,0.0,0.0,373.62
7,13,6,0,,,,0.50375,0.0,0.0,0.0,356.12
7,14,6,0,,,,5.1005335,0.0,0.0,0.0,217.8
7,15,6,0,,,,3.99065,0.0,0.0,0.0,573.26
7,16,6,0,,,,4.742483,0.0,0.0,0.0,82.53
7,17,6,0,,,,2.3937666,0.0,0.0,0.0,47.64
7,18,6,0,,,,4.189533,0.0,0.0,0.0,118.6
7,19,6,0,,,,2.3728166,0.0,0.0,0.0,40.92
7,20,6,0,,,,2.2268167,0.0,0.0,0.0,8.78
7,21,6,0,,,,4.1939,0.0,0.0,0.0,0.0
7,22,6,0,,,,2.8013,0.0,0.0,0.0,0.0
7,23,6,0,,,,2.2468166,0.0,0.0,0.0,0.0
7,24,6,0,,,,1.3110666,0.0,0.0,0.0,0.0
7,1,7,0,,,,1.4413167,0.0,0.0,0.0,0.0
7,2,7,0,,,,1.4056833,0.0,0.0,0.0,0.0
7,3,7,0,,,,1.4799666,0.0,0.0,0.0,0.0
7,4,7,0,,,,1.4480833,0.0,0.0,0.0,0.0
7,5,7,0,,,,1.7557,0.0,0.0,0.0,0.0
7,6,7,0,,,,1.757225,0.0,0.0,0.0,0.0
7,7,7,0,,,,1.5271833,0.0,0.0,0.0,62.14
7,8,7,0,,,,1.37055,0.0,0.0,0.0,13.56
7,9,7,0,,,,2.665089,0.0,0.0,0.0,81.32
7,10,7,0,,,,2.8609333,0.0,0.0,0.0,193.14
7,11,7,0,,,,1.99775,0.0,0.0,0.0,213.36
7,12,7,0,,,,0.59398335,0.0,0.0,0.0,329.81
7,13,7,0,,,,0.49093333,0.0,0.0,0.0,566.46
7,14,7,0,,,,2.2974,0.0,0.0,0.0,557.88
7,15,7,0,,,,3.9501667,0.0,0.0,0.0,416.26
7,16,7,0,,,,5.0033,0.0,0.0,0.0,494.9
7,17,7,0,,,,6.3324666,0.0,0.0,0.0,240.32
7,18,7,0,,,,0.6774333,0.0,0.0,0.0,23.16
7,19,7,0,,,,4.4553666,0.0,0.0,0.0,3.68
7,20,7,0,,,,4.621683,0.0,0.0,0.0,0.11
7,21,7,0,,,,2.36645,0.0,0.0,0.0,0.0
7,22,7,0,,,,1.3035667,0.0,0.0,0.0,0.0
7,23,7,0,,,,0.70023334,0.0,0.0,0.0,0.0
7,24,7,0,,,,1.114,0.0,0.0,0.0,0.0
7,1,1,0,,,,1.4941666,0.0,0.0,0.0,0.0
7,2,1,0,,,,1.4092166,0.0,0.0,0.0,0.0
7,3,1,0,,,,1.4211667,0.0,0.0,0.0,0.0
7,4,1,0,,,,1.3779,0.0,0.0,0.0,0.0
7,5,1,0,,,,1.4044833,0.0,0.0,0.0,0.0
7,6,1,0,,,,1.6642417,0.0,0.0,0.0,0.0
7,7,1,0,,,,1.4920833,0.0,0.0,0.0,63.1
7,8,1,0,,,,1.7609167,0.0,0.0,0.0,216.56
7,9,1,0,,,,2.5347166,0.0,0.0,0.0,273.82
7,10,1,0,,,,3.59605,0.0,0.0,0.0,494.33
7,11,1,0,,,,1.689,0.0,0.0,0.0,512.92
7,12,1,0,,,,0.63035,0.0,0.0,0.0,770.84
7,13,1,0,,,,0.5539917,0.0,0.0,0.0,709.22
7,14,1,0,,,,1.9426,0.0,0.0,0.0,732.03
7,15,1,0,,,,1.4411,0.0,0.0,0.0,686.42
7,16,1,0,,,,2.8487833,0.0,0.0,0.0,546.79
7,17,1,0,,,,2.3178666,0.0,0.0,0.0,386.45
7,18,1,0,,,,4.5706167,0.0,0.0,0.0,197.98
7,19,1,0,,,,1.8605833,0.0,0.0,0.0,38.38
7,20,1,0,,,,1.79845,0.0,0.0,0.0,6.9
7,21,1,0,,,,1.8046334,0.0,0.0,0.0,0.0
7,22,1,0,,,,1.3434833,0.0,0.0,0.0,0.0
7,23,1,0,,,,1.4330667,0.0,0.0,0.0,0.0
