month,hour,day_type,daylight_savings_status,indoor_dry_bulb_temperature,average_unmet_cooling_setpoint_difference,indoor_relative_humidity,non_shiftable_load,dhw_demand,cooling_demand,heating_demand,solar_generation
7,24,7,0,,,,2.18875,0.0,0.0,0.0,0.0
8,1,1,0,,,,1.3706666,0.0,0.0,0.0,0.0
8,2,1,0,,,,1.10125,0.0,0.0,0.0,0.0
8,3,1,0,,,,0.54321665,0.0,0.0,0.0,0.0
8,4,1,0,,,,0.5428333,0.0,0.0,0.0,0.0
8,5,1,0,,,,1.5124333,0.0,0.0,0.0,0.0
8,6,1,0,,,,0.34868333,0.0,0.0,0.0,0.87
8,7,1,0,,,,0.67861664,0.0,0.0,0.0,41.12
8,8,1,0,,,,1.5065,0.0,0.0,0.0,14.06
8,9,1,0,,,,1.6521167,0.0,0.0,0.0,58.05
8,10,1,0,,,,2.7347834,0.0,0.0,0.0,310.95
8,11,1,0,,,,2.9716666,0.0,0.0,0.0,309.85
8,12,1,0,,,,3.526,0.0,0.0,0.0,408.25
8,13,1,0,,,,3.8720334,0.0,0.0,0.0,253.05
8,14,1,0,,,,3.4493666,0.0,0.0,0.0,171.52
8,15,1,0,,,,3.3364167,0.0,0.0,0.0,75.01
8,16,1,0,,,,2.2620666,0.0,0.0,0.0,87.93
8,17,1,0,,,,0.9674501,0.0,0.0,0.0,82.53
8,18,1,0,,,,0.16195008,0.0,0.0,0.0,39.56
8,19,1,0,,,,0.0059500607,0.0,0.0,0.0,13.2
8,20,1,0,,,,0.35833338,0.0,0.0,0.0,2.03
8,21,1,0,,,,1.5845,0.0,0.0,0.0,0.0
8,22,1,0,,,,2.5612333,0.0,0.0,0.0,0.0
8,23,1,0,,,,1.4342,0.0,0.0,0.0,0.0
8,24,1,0,,,,4.132075,0.0,0.0,0.0,0.0
8,1,2,0,,,,2.9009166,0.0,0.0,0.0,0.0
8,2,2,0,,,,2.2597833,0.0,0.0,0.0,0.0
8,3,2,0,,,,1.4480667,0.0,0.0,0.0,0.0
8,4,2,0,,,,1.1343666,0.0,0.0,0.0,0.0
8,5,2,0,,,,0.35226667,0.0,0.0,0.0,0.0
8,6,2,0,,,,0.34945,0.0,0.0,0.0,0.0
8,7,2,0,,,,1.7421,0.0,0.0,0.0,11.5
8,8,2,0,,,,0.60545,0.0,0.0,0.0,125.83
8,9,2,0,,,,2.4703333,0.0,0.0,0.0,134.75
8,10,2,0,,,,1.9930333,0.0,0.0,0.0,390.48
8,11,2,0,,,,3.3299167,0.0,0.0,0.0,494.46
8,12,2,0,,,,1.87625,0.0,0.0,0.0,330.74
8,13,2,0,,,,1.30285,0.0,0.0,0.0,511.35
8,14,2,0,,,,1.2250501,0.0,0.0,0.0,245.64
8,15,2,0,,,,3.2147334,0.0,0.0,0.0,386.38
8,16,2,0,,,,2.4969168,0.0,0.0,0.0,437.32
8,17,2,0,,,,0.869,0.0,0.0,0.0,57.81
8,18,2,0,,,,0.30870003,0.0,0.0,0.0,191.58
8,19,2,0,,,,1.3966833,0.0,0.0,0.0,40.21
8,20,2,0,,,,9.918213e-08,0.0,0.0,0.0,4.87
8,21,2,0,,,,9.7529096e-08,0.0,0.0,0.0,0.0
8,22,2,0,,,,9.918213e-08,0.0,0.0,0.0,0.0
8,23,2,0,,,,9.918213e-08,0.0,0.0,0.0,0.0
8,24,2,0,,,,9.918213e-08,0.0,0.0,0.0,0.0
8,1,3,0,,,,9.918213e-08,0.0,0.0,0.0,0.0
8,2,3,0,,,,9.918213e-08,0.0,0.0,0.0,0.0
8,3,3,0,,,,9.918213e-08,0.0,0.0,0.0,0.0
8,4,3,0,,,,9.918213e-08,0.0,0.0,0.0,0.0
8,5,3,0,,,,9.918213e-08,0.0,0.0,0.0,0.0
8,6,3,0,,,,9.969076e-08,0.0,0.0,0.0,0.0
8,7,3,0,,,,0.015183425,0.0,0.0,0.0,4.99
8,8,3,0,,,,0.31670004,0.0,0.0,0.0,141.86
8,9,3,0,,,,1.3032666,0.0,0.0,0.0,242.66
8,10,3,0,,,,2.5682666,0.0,0.0,0.0,197.38
8,11,3,0,,,,1.1945833,0.0,0.0,0.0,245.73
8,12,3,0,,,,1.3531,0.0,0.0,0.0,365.33
8,13,3,0,,,,3.0735,0.0,0.0,0.0,226.42
8,14,3,0,,,,2.9029,0.0,0.0,0.0,50.03
8,15,3,0,,,,3.8458834,0.0,0.0,0.0,136.8
8,16,3,0,,,,3.2118,0.0,0.0,0.0,259.39
8,17,3,0,,,,1.9543167,0.0,0.0,0.0,58.79
8,18,3,0,,,,0.23120005,0.0,0.0,0.0,64.11
8,19,3,0,,,,9.880066e-08,0.0,0.0,0.0,16.24
8,20,3,0,,,,9.918213e-08,0.0,0.0,0.0,0.13
8,21,3,0,,,,9.918213e-08,0.0,0.0,0.0,0.0
8,22,3,0,,,,9.918213e-08,0.0,0.0,0.0,0.0
8,23,3,0,,,,9.918213e-08,0.0,0.0,0.0,0.0
8,24,3,0,,,,9.918213e-08,0.0,0.0,0.0,0.0
8,1,4,0,,,,9.918213e-08,0.0,0.0,0.0,0.0
8,2,4,0,,,,9.918213e-08,0.0,0.0,0.0,0.0
8,3,4,0,,,,9.918213e-08,0.0,0.0,0.0,0.0
8,4,4,0,,,,9.921392e-08,0.0,0.0,0.0,0.0
8,5,4,0,,,,0.16690005,0.0,0.0,0.0,0.0
8,6,4,0,,,,0.37108332,0.0,0.0,0.0,0.0
8,7,4,0,,,,0.41593334,0.0,0.0,0.0,18.04
8,8,4,0,,,,0.48873332,0.0,0.0,0.0,183.25
8,9,4,0,,,,1.0086334,0.0,0.0,0.0,419.01
8,10,4,0,,,,1.2675667,0.0,0.0,0.0,566.92
8,11,4,0,,,,0.44953334,0.0,0.0,0.0,631.56
8,12,4,0,,,,1.8291667,0.0,0.0,0.0,798.3
8,13,4,0,,,,2.4162333,0.0,0.0,0.0,807.67
8,14,4,0,,,,2.9166167,0.0,0.0,0.0,789.21
8,15,4,0,,,,2.75435,0.0,0.0,0.0,700.18
8,16,4,0,,,,2.775,0.0,0.0,0.0,585.76
8,17,4,0,,,,2.59095,0.0,0.0,0.0,399.45
8,18,4,0,,,,2.4160333,0.0,0.0,0.0,196.43
8,19,4,0,,,,2.2407832,0.0,0.0,0.0,36.93
8,20,4,0,,,,2.1395333,0.0,0.0,0.0,3.39
8,21,4,0,,,,2.7544668,0.0,0.0,0.0,0.0
8,22,4,0,,,,2.7236166,0.0,0.0,0.0,0.0
8,23,4,0,,,,1.3486333,0.0,0.0,0.0,0.0
8,24,4,0,,,,1.3118583,0.0,0.0,0.0,0.0
8,1,5,0,,,,0.32428333,0.0,0.0,0.0,0.0
8,2,5,0,,,,1.0728166,0.0,0.0,0.0,0.0
8,3,5,0,,,,0.32325,0.0,0.0,0.0,0.0
8,4,5,0,,,,0.32686666,0.0,0.0,0.0,0.0
8,5,5,0,,,,0.32085,0.0,0.0,0.0,0.0
8,6,5,0,,,,0.3873,0.0,0.0,0.0,0.0
8,7,5,0,,,,1.0531334,0.0,0.0,0.0,5.03
8,8,5,0,,,,1.6359167,0.0,0.0,0.0,218.46
8,9,5,0,,,,1.6890666,0.0,0.0,0.0,416.38
8,10,5,0,,,,1.9958333,0.0,0.0,0.0,574.11
8,11,5,0,,,,1.8122667,0.0,0.0,0.0,360.63
8,12,5,0,,,,4.10505,0.0,0.0,0.0,234.37
8,13,5,0,,,,4.2035165,0.0,0.0,0.0,818.82
8,14,5,0,,,,3.1676,0.0,0.0,0.0,769.98
8,15,5,0,,,,3.0072334,0.0,0.0,0.0,102.9
8,16,5,0,,,,1.38875,0.0,0.0,0.0,519.68
8,17,5,0,,,,2.00315,0.0,0.0,0.0,311.95
8,18,5,0,,,,2.8486533,0.0,0.0,0.0,159.32
8,19,5,0,,,,1.2497833,0.0,0.0,0.0,46.91
8,20,5,0,,,,0.51661664,0.0,0.0,0.0,3.88
8,21,5,0,,,,0.5230833,0.0,0.0,0.0,0.0
8,22,5,0,,,,3.1345167,0.0,0.0,0.0,0.0
8,23,5,0,,,,4.1400332,0.0,0.0,0.0,0.0
8,24,5,0,,,,1.1586833,0.0,0.0,0.0,0.0
8,1,6,0,,,,1.0481334,0.0,0.0,0.0,0.0
8,2,6,0,,,,0.91405,0.0,0.0,0.0,0.0
8,3,6,0,,,,1.0607667,0.0,0.0,0.0,0.0
8,4,6,0,,,,0.6264333,0.0,0.0,0.0,0.0
8,5,6,0,,,,0.51935,0.0,0.0,0.0,0.0
8,6,6,0,,,,2.05595,0.0,0.0,0.0,0.0
8,7,6,0,,,,0.38273335,0.0,0.0,0.0,70.93
8,8,6,0,,,,1.3047333,0.0,0.0,0.0,240.35
8,9,6,0,,,,1.65955,0.0,0.0,0.0,443.72
8,10,6,0,,,,1.0151,0.0,0.0,0.0,607.61
8,11,6,0,,,,2.8487666,0.0,0.0,0.0,725.41
8,12,6,0,,,,1.9472166,0.0,0.0,0.0,741.76
8,13,6,0,,,,1.3979833,0.0,0.0,0.0,797.03
8,14,6,0,,,,2.6798167,0.0,0.0,0.0,776.28
8,15,6,0,,,,1.2298334,0.0,0.0,0.0,688.45
8,16,6,0,,,,2.7432666,0.0,0.0,0.0,555.17
8,17,6,0,,,,3.3352334,0.0,0.0,0.0,380.07
8,18,6,0,,,,4.131417,0.0,0.0,0.0,169.46
8,19,6,0,,,,4.12065,0.0,0.0,0.0,34.4
8,20,6,0,,,,4.267017,0.0,0.0,0.0,2.86
8,21,6,0,,,,2.9173667,0.0,0.0,0.0,0.0
8,22,6,0,,,,1.7213167,0.0,0.0,0.0,0.0
8,23,6,0,,,,1.0226667,0.0,0.0,0.0,0.0
8,24,6,0,,,,0.743075,0.0,0.0,0.0,0.0
8,1,7,0,,,,0.42406666,0.0,0.0,0.0,0.0
8,2,7,0,,,,0.58453333,0.0,0.0,0.0,0.0
8,3,7,0,,,,0.54045,0.0,0.0,0.0,0.0
8,4,7,0,,,,0.37853333,0.0,0.0,0.0,0.0
8,5,7,0,,,,0.41631666,0.0,0.0,0.0,0.0
8,6,7,0,,,,0.41616666,0.0,0.0,0.0,0.0
8,7,7,0,,,,0.42356667,0.0,0.0,0.0,61.03
8,8,7,0,,,,0.43265,0.0,0.0,0.0,224.94
8,9,7,0,,,,0.5618167,0.0,0.0,0.0,371.45
8,10,7,0,,,,0.85648334,0.0,0.0,0.0,497.15
8,11,7,0,,,,1.2786167,0.0,0.0,0.0,672.59
8,12,7,0,,,,3.3530667,0.0,0.0,0.0,750.72
8,13,7,0,,,,3.4007084,0.0,0.0,0.0,703.78
8,14,7,0,,,,1.552,0.0,0.0,0.0,691.57
8,15,7,0,,,,1.57345,0.0,0.0,0.0,453.91
8,16,7,0,,,,1.8438667,0.0,0.0,0.0,409.35
8,17,7,0,,,,1.6728667,0.0,0.0,0.0,279.89
8,18,7,0,,,,1.5784833,0.0,0.0,0.0,18.22
8,19,7,0,,,,1.2407833,0.0,0.0,0.0,6.23
8,20,7,0,,,,1.2977834,0.0,0.0,0.0,1.13
8,21,7,0,,,,1.3730333,0.0,0.0,0.0,0.0
8,22,7,0,,,,1.3935167,0.0,0.0,0.0,0.0
8,23,7,0,,,,3.08955,0.0,0.0,0.0,0.0
8,24,7,0,,,,1.1376333,0.0,0.0,0.0,0.0
8,1,1,0,,,,0.22955,0.0,0.0,0.0,0.0
8,2,1,0,,,,0.23131667,0.0,0.0,0.0,0.0
8,3,1,0,,,,0.2826,0.0,0.0,0.0,0.0
8,4,1,0,,,,0.46075,0.0,0.0,0.0,0.0
8,5,1,0,,,,0.27375,0.0,0.0,0.0,0.0
8,6,1,0,,,,0.31601667,0.0,0.0,0.0,0.0
8,7,1,0,,,,0.7234167,0.0,0.0,0.0,60.06
8,8,1,0,,,,1.32505,0.0,0.0,0.0,165.84
8,9,1,0,,,,0.23455,0.0,0.0,0.0,309.42
8,10,1,0,,,,0.24065,0.0,0.0,0.0,305.84
8,11,1,0,,,,0.246,0.0,0.0,0.0,103.57
8,12,1,0,,,,0.77933335,0.0,0.0,0.0,597.7
8,13,1,0,,,,0.9228,0.0,0.0,0.0,729.66
8,14,1,0,,,,1.8790166,0.0,0.0,0.0,724.07
8,15,1,0,,,,0.89056665,0.0,0.0,0.0,34.64
8,16,1,0,,,,2.5402834,0.0,0.0,0.0,38.72
8,17,1,0,,,,2.5602,0.0,0.0,0.0,284.6
8,18,1,0,,,,2.4899666,0.0,0.0,0.0,163.84
8,19,1,0,,,,1.0331,0.0,0.0,0.0,38.42
8,20,1,0,,,,1.3271166,0.0,0.0,0.0,0.78
8,21,1,0,,,,1.50865,0.0,0.0,0.0,0.0
8,22,1,0,,,,1.2637666,0.0,0.0,0.0,0.0
8,23,1,0,,,,2.2306166,0.0,0.0,0.0,0.0
8,24,1,0,,,,1.263,0.0,0.0,0.0,0.0
8,1,2,0,,,,0.25495,0.0,0.0,0.0,0.0
8,2,2,0,,,,0.24846667,0.0,0.0,0.0,0.0
8,3,2,0,,,,0.28611666,0.0,0.0,0.0,0.0
8,4,2,0,,,,0.2902,0.0,0.0,0.0,0.0
8,5,2,0,,,,0.3257,0.0,0.0,0.0,0.0
8,6,2,0,,,,0.30123332,0.0,0.0,0.0,0.0
8,7,2,0,,,,0.44341666,0.0,0.0,0.0,59.68
8,8,2,0,,,,0.6433333,0.0,0.0,0.0,230.1
8,9,2,0,,,,0.81381667,0.0,0.0,0.0,419.02
8,10,2,0,,,,0.53078336,0.0,0.0,0.0,577.06
8,11,2,0,,,,1.1692333,0.0,0.0,0.0,649.32
8,12,2,0,,,,0.48268333,0.0,0.0,0.0,645.71
8,13,2,0,,,,1.33445,0.0,0.0,0.0,482.87
8,14,2,0,,,,1.5922,0.0,0.0,0.0,672.78
8,15,2,0,,,,2.0638666,0.0,0.0,0.0,601.63
8,16,2,0,,,,2.0493834,0.0,0.0,0.0,437.42
8,17,2,0,,,,2.19845,0.0,0.0,0.0,220.42
8,18,2,0,,,,1.36595,0.0,0.0,0.0,10.54
8,19,2,0,,,,2.02715,0.0,0.0,0.0,37.92
8,20,2,0,,,,1.2350667,0.0,0.0,0.0,0.0
8,21,2,0,,,,1.3295667,0.0,0.0,0.0,0.0
8,22,2,0,,,,1.4682833,0.0,0.0,0.0,0.0
8,23,2,0,,,,0.80123335,0.0,0.0,0.0,0.0
8,24,2,0,,,,1.0259084,0.0,0.0,0.0,0.0
8,1,3,0,,,,1.5454,0.0,0.0,0.0,0.0
8,2,3,0,,,,0.24611667,0.0,0.0,0.0,0.0
8,3,3,0,,,,0.24658333,0.0,0.0,0.0,0.0
8,4,3,0,,,,0.27951667,0.0,0.0,0.0,0.0
8,5,3,0,,,,0.28998333,0.0,0.0,0.0,0.0
8,6,3,0,,,,0.32435,0.0,0.0,0.0,0.0
8,7,3,0,,,,0.2975,0.0,0.0,0.0,64.12
8,8,3,0,,,,0.41101667,0.0,0.0,0.0,229.96
8,9,3,0,,,,0.252,0.0,0.0,0.0,435.71
8,10,3,0,,,,0.25775,0.0,0.0,0.0,594.42
8,11,3,0,,,,0.26226667,0.0,0.0,0.0,666.55
8,12,3,0,,,,0.89743334,0.0,0.0,0.0,735.62
8,13,3,0,,,,1.9614834,0.0,0.0,0.0,617.61
8,14,3,0,,,,1.5503167,0.0,0.0,0.0,645.71
8,15,3,0,,,,1.9515667,0.0,0.0,0.0,532.54
8,16,3,0,,,,2.4636166,0.0,0.0,0.0,456.28
8,17,3,0,,,,2.3824334,0.0,0.0,0.0,299.33
8,18,3,0,,,,1.5748,0.0,0.0,0.0,128.01
8,19,3,0,,,,1.8739,0.0,0.0,0.0,39.12
8,20,3,0,,,,1.4388833,0.0,0.0,0.0,0.0
8,21,3,0,,,,1.0753833,0.0,0.0,0.0,0.0
8,22,3,0,,,,0.9546833,0.0,0.0,0.0,0.0
8,23,3,0,,,,1.1429833,0.0,0.0,0.0,0.0
8,24,3,0,,,,0.458125,0.0,0.0,0.0,0.0
8,1,4,0,,,,0.25266665,0.0,0.0,0.0,0.0
8,2,4,0,,,,0.25285,0.0,0.0,0.0,0.0
8,3,4,0,,,,0.25668332,0.0,0.0,0.0,0.0
8,4,4,0,,,,0.29468334,0.0,0.0,0.0,0.0
8,5,4,0,,,,0.29443333,0.0,0.0,0.0,0.0
8,6,4,0,,,,0.32125,0.0,0.0,0.0,0.0
8,7,4,0,,,,0.8206667,0.0,0.0,0.0,3.88
8,8,4,0,,,,0.37295,0.0,0.0,0.0,11.88
8,9,4,0,,,,0.3608,0.0,0.0,0.0,29.13
8,10,4,0,,,,0.8186833,0.0,0.0,0.0,105.58
8,11,4,0,,,,0.8965,0.0,0.0,0.0,129.26
8,12,4,0,,,,0.90061665,0.0,0.0,0.0,346.04
8,13,4,0,,,,1.12115,0.0,0.0,0.0,175.43
8,14,4,0,,,,1.6426834,0.0,0.0,0.0,316.09
8,15,4,0,,,,2.0021,0.0,0.0,0.0,186.53
8,16,4,0,,,,2.3214834,0.0,0.0,0.0,357.68
8,17,4,0,,,,2.9646833,0.0,0.0,0.0,363.48
8,18,4,0,,,,2.0058668,0.0,0.0,0.0,171.27
8,19,4,0,,,,1.82565,0.0,0.0,0.0,33.26
8,20,4,0,,,,1.5773,0.0,0.0,0.0,0.0
8,21,4,0,,,,3.0158,0.0,0.0,0.0,0.0
8,22,4,0,,,,1.5083833,0.0,0.0,0.0,0.0
8,23,4,0,,,,1.4875833,0.0,0.0,0.0,0.0
8,24,4,0,,,,0.55819166,0.0,0.0,0.0,0.0
8,1,5,0,,,,0.2452,0.0,0.0,0.0,0.0
8,2,5,0,,,,1.14395,0.0,0.0,0.0,0.0
8,3,5,0,,,,0.23936667,0.0,0.0,0.0,0.0
8,4,5,0,,,,0.23985,0.0,0.0,0.0,0.0
8,5,5,0,,,,0.28238332,0.0,0.0,0.0,0.0
8,6,5,0,,,,0.84213334,0.0,0.0,0.0,0.0
8,7,5,0,,,,0.57025,0.0,0.0,0.0,59.48
8,8,5,0,,,,1.3216166,0.0,0.0,0.0,222.05
8,9,5,0,,,,0.2413,0.0,0.0,0.0,409.39
8,10,5,0,,,,1.6513667,0.0,0.0,0.0,554.53
8,11,5,0,,,,0.24345,0.0,0.0,0.0,671.46
8,12,5,0,,,,2.34975,0.0,0.0,0.0,737.9
8,13,5,0,,,,1.1216667,0.0,0.0,0.0,730.45
8,14,5,0,,,,3.5453,0.0,0.0,0.0,709.01
8,15,5,0,,,,2.1092834,0.0,0.0,0.0,625.89
8,16,5,0,,,,3.4137166,0.0,0.0,0.0,505.84
8,17,5,0,,,,2.1117334,0.0,0.0,0.0,347.67
8,18,5,0,,,,1.8719,0.0,0.0,0.0,165.43
8,19,5,0,,,,2.2264833,0.0,0.0,0.0,31.98
8,20,5,0,,,,0.88895,0.0,0.0,0.0,0.0
8,21,5,0,,,,2.2212167,0.0,0.0,0.0,0.0
8,22,5,0,,,,1.1846666,0.0,0.0,0.0,0.0
8,23,5,0,,,,1.8266833,0.0,0.0,0.0,0.0
8,24,5,0,,,,0.8171167,0.0,0.0,0.0,0.0
8,1,6,0,,,,0.3402,0.0,0.0,0.0,0.0
8,2,6,0,,,,0.33856666,0.0,0.0,0.0,0.0
8,3,6,0,,,,0.33631667,0.0,0.0,0.0,0.0
8,4,6,0,,,,0.33263335,0.0,0.0,0.0,0.0
8,5,6,0,,,,0.33343333,0.0,0.0,0.0,0.0
8,6,6,0,,,,0.32356668,0.0,0.0,0.0,0.0
8,7,6,0,,,,1.4010167,0.0,0.0,0.0,57.57
8,8,6,0,,,,0.59571666,0.0,0.0,0.0,208.55
8,9,6,0,,,,1.63325,0.0,0.0,0.0,388.04
8,10,6,0,,,,2.0594666,0.0,0.0,0.0,534.47
8,11,6,0,,,,1.1735834,0.0,0.0,0.0,655.22
8,12,6,0,,,,3.1045334,0.0,0.0,0.0,714.57
8,13,6,0,,,,0.24978334,0.0,0.0,0.0,701.48
8,14,6,0,,,,1.9863,0.0,0.0,0.0,707.11
8,15,6,0,,,,2.5148833,0.0,0.0,0.0,622.17
8,16,6,0,,,,2.7122166,0.0,0.0,0.0,338.6
8,17,6,0,,,,3.7848,0.0,0.0,0.0,336.62
8,18,6,0,,,,3.7607334,0.0,0.0,0.0,156.35
8,19,6,0,,,,0.7412,0.0,0.0,0.0,18.64
8,20,6,0,,,,0.90463334,0.0,0.0,0.0,0.0
8,21,6,0,,,,0.91426665,0.0,0.0,0.0,0.0
8,22,6,0,,,,3.7683666,0.0,0.0,0.0,0.0
8,23,6,0,,,,3.8286834,0.0,0.0,0.0,0.0
8,24,6,0,,,,1.4850583,0.0,0.0,0.0,0.0
8,1,7,0,,,,0.6343,0.0,0.0,0.0,0.0
8,2,7,0,,,,0.33941665,0.0,0.0,0.0,0.0
8,3,7,0,,,,0.3411,0.0,0.0,0.0,0.0
8,4,7,0,,,,0.33128333,0.0,0.0,0.0,0.0
8,5,7,0,,,,0.33165,0.0,0.0,0.0,0.0
8,6,7,0,,,,0.3226,0.0,0.0,0.0,0.0
8,7,7,0,,,,0.32455,0.0,0.0,0.0,51.07
8,8,7,0,,,,0.33438334,0.0,0.0,0.0,169.44
8,9,7,0,,,,1.8986334,0.0,0.0,0.0,350.29
8,10,7,0,,,,1.5224833,0.0,0.0,0.0,506.89
8,11,7,0,,,,1.1283,0.0,0.0,0.0,649.6
8,12,7,0,,,,1.5307167,0.0,0.0,0.0,714.71
8,13,7,0,,,,1.9788166,0.0,0.0,0.0,740.81
8,14,7,0,,,,3.8826833,0.0,0.0,0.0,648.3
8,15,7,0,,,,3.2689166,0.0,0.0,0.0,631.32
8,16,7,0,,,,4.0649166,0.0,0.0,0.0,510.95
8,17,7,0,,,,3.0569167,0.0,0.0,0.0,342.73
8,18,7,0,,,,2.6119332,0.0,0.0,0.0,158.62
8,19,7,0,,,,1.7332916,0.0,0.0,0.0,26.55
8,20,7,0,,,,2.3721166,0.0,0.0,0.0,0.0
8,21,7,0,,,,2.2323167,0.0,0.0,0.0,0.0
8,22,7,0,,,,2.0672166,0.0,0.0,0.0,0.0
8,23,7,0,,,,0.55193335,0.0,0.0,0.0,0.0
8,24,7,0,,,,1.5736083,0.0,0.0,0.0,0.0
8,1,1,0,,,,0.2454,0.0,0.0,0.0,0.0
8,2,1,0,,,,0.24298333,0.0,0.0,0.0,0.0
8,3,1,0,,,,0.24105,0.0,0.0,0.0,0.0
8,4,1,0,,,,1.3421333,0.0,0.0,0.0,0.0
8,5,1,0,,,,0.24066667,0.0,0.0,0.0,0.0
8,6,1,0,,,,0.27107915,0.0,0.0,0.0,0.0
8,7,1,0,,,,1.65405,0.0,0.0,0.0,3.34
8,8,1,0,,,,0.28448334,0.0,0.0,0.0,19.19
8,9,1,0,,,,0.24361667,0.0,0.0,0.0,62.13
8,10,1,0,,,,0.24693333,0.0,0.0,0.0,78.96
8,11,1,0,,,,0.25441667,0.0,0.0,0.0,96.96
8,12,1,0,,,,0.26265,0.0,0.0,0.0,147.69
8,13,1,0,,,,1.7156167,0.0,0.0,0.0,114.54
8,14,1,0,,,,2.2437167,0.0,0.0,0.0,103.42
8,15,1,0,,,,2.2793,0.0,0.0,0.0,162.82
8,16,1,0,,,,3.4117832,0.0,0.0,0.0,96.52
8,17,1,0,,,,2.7945333,0.0,0.0,0.0,101.23
8,18,1,0,,,,2.0758834,0.0,0.0,0.0,94.3
8,19,1,0,,,,2.9143333,0.0,0.0,0.0,8.83
8,20,1,0,,,,2.9142666,0.0,0.0,0.0,0.0
8,21,1,0,,,,3.50205,0.0,0.0,0.0,0.0
8,22,1,0,,,,2.6635666,0.0,0.0,0.0,0.0
8,23,1,0,,,,1.1398166,0.0,0.0,0.0,0.0
8,24,1,0,,,,0.7814083,0.0,0.0,0.0,0.0
8,1,2,0,,,,0.75726664,0.0,0.0,0.0,0.0
8,2,2,0,,,,0.24348333,0.0,0.0,0.0,0.0
8,3,2,0,,,,0.2415,0.0,0.0,0.0,0.0
8,4,2,0,,,,0.24276666,0.0,0.0,0.0,0.0
8,5,2,0,,,,0.2409,0.0,0.0,0.0,0.0
8,6,2,0,,,,0.6627833,0.0,0.0,0.0,0.0
8,7,2,0,,,,0.43051666,0.0,0.0,0.0,2.88
8,8,2,0,,,,1.29595,0.0,0.0,0.0,11.47
8,9,2,0,,,,1.0692834,0.0,0.0,0.0,24.9
8,10,2,0,,,,1.4121833,0.0,0.0,0.0,70.53
8,11,2,0,,,,1.8361167,0.0,0.0,0.0,73.58
8,12,2,0,,,,2.04715,0.0,0.0,0.0,104.0
8,13,2,0,,,,2.344,0.0,0.0,0.0,100.73
8,14,2,0,,,,3.2501333,0.0,0.0,0.0,64.79
8,15,2,0,,,,2.9589918,0.0,0.0,0.0,50.29
8,16,2,0,,,,3.31085,0.0,0.0,0.0,44.97
8,17,2,0,,,,2.8871,0.0,0.0,0.0,31.75
8,18,2,0,,,,2.82405,0.0,0.0,0.0,36.06
8,19,2,0,,,,2.5994334,0.0,0.0,0.0,11.96
8,20,2,0,,,,1.6674,0.0,0.0,0.0,0.0
8,21,2,0,,,,1.5089667,0.0,0.0,0.0,0.0
8,22,2,0,,,,1.6122833,0.0,0.0,0.0,0.0
8,23,2,0,,,,0.80471665,0.0,0.0,0.0,0.0
8,24,2,0,,,,0.73158336,0.0,0.0,0.0,0.0
8,1,3,0,,,,0.2455,0.0,0.0,0.0,0.0
8,2,3,0,,,,0.6580833,0.0,0.0,0.0,0.0
8,3,3,0,,,,0.24146667,0.0,0.0,0.0,0.0
8,4,3,0,,,,0.24288334,0.0,0.0,0.0,0.0
8,5,3,0,,,,0.24126667,0.0,0.0,0.0,0.0
8,6,3,0,,,,0.38726667,0.0,0.0,0.0,0.0
8,7,3,0,,,,0.45421666,0.0,0.0,0.0,2.89
8,8,3,0,,,,0.6568,0.0,0.0,0.0,10.88
8,9,3,0,,,,0.24231666,0.0,0.0,0.0,52.24
8,10,3,0,,,,0.24713333,0.0,0.0,0.0,97.36
8,11,3,0,,,,0.25355,0.0,0.0,0.0,132.77
8,12,3,0,,,,0.26156667,0.0,0.0,0.0,119.9
8,13,3,0,,,,1.6231834,0.0,0.0,0.0,106.17
8,14,3,0,,,,1.7235334,0.0,0.0,0.0,130.23
8,15,3,0,,,,2.3309333,0.0,0.0,0.0,120.43
8,16,3,0,,,,3.9105666,0.0,0.0,0.0,132.99
8,17,3,0,,,,4.0357833,0.0,0.0,0.0,64.27
8,18,3,0,,,,3.9123,0.0,0.0,0.0,64.78
8,19,3,0,,,,3.0376666,0.0,0.0,0.0,18.44
8,20,3,0,,,,2.1866333,0.0,0.0,0.0,0.0
8,21,3,0,,,,2.3272667,0.0,0.0,0.0,0.0
8,22,3,0,,,,2.1382167,0.0,0.0,0.0,0.0
8,23,3,0,,,,1.48685,0.0,0.0,0.0,0.0
8,24,3,0,,,,0.87633336,0.0,0.0,0.0,0.0
8,1,4,0,,,,0.33036667,0.0,0.0,0.0,0.0
8,2,4,0,,,,0.798,0.0,0.0,0.0,0.0
8,3,4,0,,,,0.32671666,0.0,0.0,0.0,0.0
8,4,4,0,,,,0.32803333,0.0,0.0,0.0,0.0
8,5,4,0,,,,0.32653335,0.0,0.0,0.0,0.0
8,6,4,0,,,,0.53508335,0.0,0.0,0.0,0.0
8,7,4,0,,,,1.2811834,0.0,0.0,0.0,53.86
8,8,4,0,,,,1.0900167,0.0,0.0,0.0,229.11
8,9,4,0,,,,0.25835,0.0,0.0,0.0,430.35
8,10,4,0,,,,0.24144167,0.0,0.0,0.0,586.44
8,11,4,0,,,,0.25191668,0.0,0.0,0.0,707.94
8,12,4,0,,,,0.25968334,0.0,0.0,0.0,741.0
8,13,4,0,,,,1.3418334,0.0,0.0,0.0,723.98
8,14,4,0,,,,1.6900834,0.0,0.0,0.0,739.31
8,15,4,0,,,,3.7770834,0.0,0.0,0.0,655.09
8,16,4,0,,,,2.6672168,0.0,0.0,0.0,528.89
8,17,4,0,,,,2.96595,0.0,0.0,0.0,354.06
8,18,4,0,,,,2.2887666,0.0,0.0,0.0,160.4
8,19,4,0,,,,2.4074833,0.0,0.0,0.0,25.43
8,20,4,0,,,,0.79775,0.0,0.0,0.0,0.0
8,21,4,0,,,,0.8677833,0.0,0.0,0.0,0.0
8,22,4,0,,,,3.0733,0.0,0.0,0.0,0.0
8,23,4,0,,,,3.3424833,0.0,0.0,0.0,0.0
8,24,4,0,,,,0.24590833,0.0,0.0,0.0,0.0
8,1,5,0,,,,0.6951333,0.0,0.0,0.0,0.0
8,2,5,0,,,,0.98183334,0.0,0.0,0.0,0.0
8,3,5,0,,,,0.24146667,0.0,0.0,0.0,0.0
8,4,5,0,,,,0.2435,0.0,0.0,0.0,0.0
8,5,5,0,,,,0.24176666,0.0,0.0,0.0,0.0
8,6,5,0,,,,0.36305,0.0,0.0,0.0,0.0
8,7,5,0,,,,0.96905,0.0,0.0,0.0,49.58
8,8,5,0,,,,0.99485,0.0,0.0,0.0,227.86
8,9,5,0,,,,0.48703334,0.0,0.0,0.0,414.0
8,10,5,0,,,,0.48043334,0.0,0.0,0.0,551.4
8,11,5,0,,,,0.583,0.0,0.0,0.0,654.96
8,12,5,0,,,,1.4430166,0.0,0.0,0.0,722.94
8,13,5,0,,,,2.0887833,0.0,0.0,0.0,730.33
8,14,5,0,,,,4.114267,0.0,0.0,0.0,695.43
8,15,5,0,,,,3.8571334,0.0,0.0,0.0,607.99
8,16,5,0,,,,3.6715333,0.0,0.0,0.0,476.73
8,17,5,0,,,,2.1684,0.0,0.0,0.0,335.31
8,18,5,0,,,,2.0450666,0.0,0.0,0.0,152.3
8,19,5,0,,,,0.50015,0.0,0.0,0.0,25.43
8,20,5,0,,,,0.6344,0.0,0.0,0.0,0.0
8,21,5,0,,,,0.81006664,0.0,0.0,0.0,0.0
8,22,5,0,,,,3.5341334,0.0,0.0,0.0,0.0
8,23,5,0,,,,2.2852833,0.0,0.0,0.0,0.0
8,24,5,0,,,,1.827425,0.0,0.0,0.0,0.0
8,1,6,0,,,,0.35181665,0.0,0.0,0.0,0.0
8,2,6,0,,,,0.34628335,0.0,0.0,0.0,0.0
8,3,6,0,,,,0.34535,0.0,0.0,0.0,0.0
8,4,6,0,,,,0.33596668,0.0,0.0,0.0,0.0
8,5,6,0,,,,0.333,0.0,0.0,0.0,0.0
8,6,6,0,,,,0.32751667,0.0,0.0,0.0,0.0
8,7,6,0,,,,0.3314,0.0,0.0,0.0,50.83
8,8,6,0,,,,1.4422,0.0,0.0,0.0,211.41
8,9,6,0,,,,0.35753334,0.0,0.0,0.0,397.07
8,10,6,0,,,,1.8106,0.0,0.0,0.0,539.11
8,11,6,0,,,,1.8813167,0.0,0.0,0.0,650.72
8,12,6,0,,,,1.7139333,0.0,0.0,0.0,724.63
8,13,6,0,,,,1.49425,0.0,0.0,0.0,726.67
8,14,6,0,,,,2.7159333,0.0,0.0,0.0,687.57
8,15,6,0,,,,3.0956666,0.0,0.0,0.0,603.25
8,16,6,0,,,,2.4665167,0.0,0.0,0.0,487.27
8,17,6,0,,,,4.072067,0.0,0.0,0.0,327.63
8,18,6,0,,,,1.9731667,0.0,0.0,0.0,145.27
8,19,6,0,,,,1.9266334,0.0,0.0,0.0,23.21
8,20,6,0,,,,2.5477333,0.0,0.0,0.0,0.0
8,21,6,0,,,,1.6915,0.0,0.0,0.0,0.0
8,22,6,0,,,,1.8841333,0.0,0.0,0.0,0.0
8,23,6,0,,,,2.0754166,0.0,0.0,0.0,0.0
8,24,6,0,,,,0.85744166,0.0,0.0,0.0,0.0
8,1,7,0,,,,0.75621665,0.0,0.0,0.0,0.0
8,2,7,0,,,,0.6002167,0.0,0.0,0.0,0.0
8,3,7,0,,,,0.71155,0.0,0.0,0.0,0.0
8,4,7,0,,,,0.5976667,0.0,0.0,0.0,0.0
8,5,7,0,,,,0.45523334,0.0,0.0,0.0,0.0
8,6,7,0,,,,0.34163332,0.0,0.0,0.0,0.0
8,7,7,0,,,,1.16325,0.0,0.0,0.0,47.77
8,8,7,0,,,,0.6156833,0.0,0.0,0.0,219.31
8,9,7,0,,,,1.7480333,0.0,0.0,0.0,401.17
8,10,7,0,,,,0.28281668,0.0,0.0,0.0,538.8
8,11,7,0,,,,2.4431,0.0,0.0,0.0,641.65
8,12,7,0,,,,2.5310166,0.0,0.0,0.0,714.7
8,13,7,0,,,,1.3329,0.0,0.0,0.0,716.04
8,14,7,0,,,,1.8346833,0.0,0.0,0.0,681.63
8,15,7,0,,,,2.4219167,0.0,0.0,0.0,602.58
8,16,7,0,,,,2.2483666,0.0,0.0,0.0,485.0
8,17,7,0,,,,2.1375833,0.0,0.0,0.0,327.42
8,18,7,0,,,,2.1467166,0.0,0.0,0.0,144.16
8,19,7,0,,,,2.5283,0.0,0.0,0.0,22.45
8,20,7,0,,,,2.0263,0.0,0.0,0.0,0.0
8,21,7,0,,,,1.7635666,0.0,0.0,0.0,0.0
8,22,7,0,,,,0.5430667,0.0,0.0,0.0,0.0
8,23,7,0,,,,1.2898333,0.0,0.0,0.0,0.0
8,24,7,0,,,,2.2016416,0.0,0.0,0.0,0.0
8,1,1,0,,,,0.26481667,0.0,0.0,0.0,0.0
8,2,1,0,,,,0.26173332,0.0,0.0,0.0,0.0
8,3,1,0,,,,0.25961667,0.0,0.0,0.0,0.0
8,4,1,0,,,,0.26061666,0.0,0.0,0.0,0.0
8,5,1,0,,,,0.26008335,0.0,0.0,0.0,0.0
8,6,1,0,,,,0.53908336,0.0,0.0,0.0,0.0
8,7,1,0,,,,2.2979333,0.0,0.0,0.0,4.87
8,8,1,0,,,,0.26941666,0.0,0.0,0.0,57.33
8,9,1,0,,,,0.26255,0.0,0.0,0.0,174.04
8,10,1,0,,,,0.26136667,0.0,0.0,0.0,392.97
8,11,1,0,,,,0.2666,0.0,0.0,0.0,567.84
8,12,1,0,,,,0.28346667,0.0,0.0,0.0,354.83
8,13,1,0,,,,0.27923334,0.0,0.0,0.0,329.85
8,14,1,0,,,,0.26353332,0.0,0.0,0.0,642.63
8,15,1,0,,,,0.26535,0.0,0.0,0.0,330.06
8,16,1,0,,,,0.37688333,0.0,0.0,0.0,431.19
8,17,1,0,,,,3.5263333,0.0,0.0,0.0,344.87
8,18,1,0,,,,2.73315,0.0,0.0,0.0,129.29
8,19,1,0,,,,2.06445,0.0,0.0,0.0,22.16
8,20,1,0,,,,2.0899334,0.0,0.0,0.0,0.0
8,21,1,0,,,,2.0470667,0.0,0.0,0.0,0.0
8,22,1,0,,,,1.5803167,0.0,0.0,0.0,0.0
8,23,1,0,,,,0.81951666,0.0,0.0,0.0,0.0
8,24,1,0,,,,0.71885,0.0,0.0,0.0,0.0
8,1,2,0,,,,0.27966666,0.0,0.0,0.0,0.0
8,2,2,0,,,,0.27598333,0.0,0.0,0.0,0.0
8,3,2,0,,,,0.2758,0.0,0.0,0.0,0.0
8,4,2,0,,,,0.27636668,0.0,0.0,0.0,0.0
8,5,2,0,,,,0.2751,0.0,0.0,0.0,0.0
8,6,2,0,,,,0.51848334,0.0,0.0,0.0,0.0
8,7,2,0,,,,0.90215,0.0,0.0,0.0,44.67
8,8,2,0,,,,0.73861665,0.0,0.0,0.0,187.2
8,9,2,0,,,,0.29681668,0.0,0.0,0.0,393.78
8,10,2,0,,,,0.27545,0.0,0.0,0.0,486.38
8,11,2,0,,,,0.28176665,0.0,0.0,0.0,644.69
8,12,2,0,,,,0.29145,0.0,0.0,0.0,690.71
8,13,2,0,,,,0.29288334,0.0,0.0,0.0,666.7
8,14,2,0,,,,0.27815,0.0,0.0,0.0,557.46
8,15,2,0,,,,1.2031167,0.0,0.0,0.0,524.85
8,16,2,0,,,,1.42475,0.0,0.0,0.0,375.38
8,17,2,0,,,,1.85065,0.0,0.0,0.0,167.63
8,18,2,0,,,,2.2803833,0.0,0.0,0.0,95.01
8,19,2,0,,,,3.4754333,0.0,0.0,0.0,19.36
8,20,2,0,,,,1.1424167,0.0,0.0,0.0,0.0
8,21,2,0,,,,0.80951667,0.0,0.0,0.0,0.0
8,22,2,0,,,,3.7197666,0.0,0.0,0.0,0.0
8,23,2,0,,,,1.4118834,0.0,0.0,0.0,0.0
8,24,2,0,,,,0.88725835,0.0,0.0,0.0,0.0
8,1,3,0,,,,0.36153334,0.0,0.0,0.0,0.0
8,2,3,0,,,,0.83596665,0.0,0.0,0.0,0.0
8,3,3,0,,,,0.36335,0.0,0.0,0.0,0.0
8,4,3,0,,,,0.36355,0.0,0.0,0.0,0.0
8,5,3,0,,,,0.3609,0.0,0.0,0.0,0.0
8,6,3,0,,,,0.4365,0.0,0.0,0.0,0.0
8,7,3,0,,,,0.39068332,0.0,0.0,0.0,46.66
8,8,3,0,,,,0.86715,0.0,0.0,0.0,216.55
8,9,3,0,,,,0.21358334,0.0,0.0,0.0,411.73
8,10,3,0,,,,0.21281667,0.0,0.0,0.0,562.77
8,11,3,0,,,,0.35426667,0.0,0.0,0.0,677.49
8,12,3,0,,,,0.46203333,0.0,0.0,0.0,744.81
8,13,3,0,,,,0.23118334,0.0,0.0,0.0,757.37
8,14,3,0,,,,0.21225,0.0,0.0,0.0,715.71
8,15,3,0,,,,1.30475,0.0,0.0,0.0,620.23
8,16,3,0,,,,1.7422667,0.0,0.0,0.0,500.71
8,17,3,0,,,,1.8311666,0.0,0.0,0.0,332.16
8,18,3,0,,,,1.77125,0.0,0.0,0.0,140.75
8,19,3,0,,,,1.8482167,0.0,0.0,0.0,19.27
8,20,3,0,,,,1.00345,0.0,0.0,0.0,0.0
8,21,3,0,,,,2.0479834,0.0,0.0,0.0,0.0
8,22,3,0,,,,3.35725,0.0,0.0,0.0,0.0
8,23,3,0,,,,1.5413166,0.0,0.0,0.0,0.0
8,24,3,0,,,,0.753675,0.0,0.0,0.0,0.0
8,1,4,0,,,,0.2373,0.0,0.0,0.0,0.0
8,2,4,0,,,,0.67045,0.0,0.0,0.0,0.0
8,3,4,0,,,,0.23311667,0.0,0.0,0.0,0.0
8,4,4,0,,,,0.23263334,0.0,0.0,0.0,0.0
8,5,4,0,,,,0.23153333,0.0,0.0,0.0,0.0
8,6,4,0,,,,0.6753333,0.0,0.0,0.0,0.0
8,7,4,0,,,,0.49001667,0.0,0.0,0.0,46.1
8,8,4,0,,,,0.5880833,0.0,0.0,0.0,221.02
8,9,4,0,,,,0.23401667,0.0,0.0,0.0,383.08
8,10,4,0,,,,0.23256667,0.0,0.0,0.0,515.9
8,11,4,0,,,,0.23885,0.0,0.0,0.0,659.04
8,12,4,0,,,,0.24706666,0.0,0.0,0.0,729.9
8,13,4,0,,,,0.2427,0.0,0.0,0.0,657.55
8,14,4,0,,,,0.26849166,0.0,0.0,0.0,702.33
8,15,4,0,,,,1.3631,0.0,0.0,0.0,623.83
8,16,4,0,,,,1.6591667,0.0,0.0,0.0,497.82
8,17,4,0,,,,1.8732667,0.0,0.0,0.0,325.67
8,18,4,0,,,,1.17355,0.0,0.0,0.0,139.45
8,19,4,0,,,,0.8203833,0.0,0.0,0.0,17.8
8,20,4,0,,,,1.5041667,0.0,0.0,0.0,0.0
8,21,4,0,,,,1.2369167,0.0,0.0,0.0,0.0
8,22,4,0,,,,2.0503833,0.0,0.0,0.0,0.0
8,23,4,0,,,,3.4101,0.0,0.0,0.0,0.0
8,24,4,0,,,,0.703275,0.0,0.0,0.0,0.0
8,1,5,0,,,,0.3621,0.0,0.0,0.0,0.0
8,2,5,0,,,,0.37776667,0.0,0.0,0.0,0.0
8,3,5,0,,,,0.40825,0.0,0.0,0.0,0.0
8,4,5,0,,,,0.40788335,0.0,0.0,0.0,0.0
8,5,5,0,,,,0.40761667,0.0,0.0,0.0,0.0
8,6,5,0,,,,0.6839667,0.0,0.0,0.0,0.0
8,7,5,0,,,,0.68803334,0.0,0.0,0.0,43.44
8,8,5,0,,,,0.40368333,0.0,0.0,0.0,203.79
8,9,5,0,,,,0.33585,0.0,0.0,0.0,391.15
8,10,5,0,,,,0.33666667,0.0,0.0,0.0,509.4
8,11,5,0,,,,0.34648332,0.0,0.0,0.0,658.56
8,12,5,0,,,,0.35498333,0.0,0.0,0.0,726.66
8,13,5,0,,,,0.31261668,0.0,0.0,0.0,729.96
8,14,5,0,,,,0.29956666,0.0,0.0,0.0,687.34
8,15,5,0,,,,0.6289667,0.0,0.0,0.0,595.82
8,16,5,0,,,,2.8106334,0.0,0.0,0.0,481.9
8,17,5,0,,,,3.4190333,0.0,0.0,0.0,318.63
8,18,5,0,,,,0.99255,0.0,0.0,0.0,133.42
8,19,5,0,,,,0.6877667,0.0,0.0,0.0,17.05
8,20,5,0,,,,0.57946664,0.0,0.0,0.0,0.0
8,21,5,0,,,,0.57551664,0.0,0.0,0.0,0.0
8,22,5,0,,,,0.9181167,0.0,0.0,0.0,0.0
8,23,5,0,,,,4.07525,0.0,0.0,0.0,0.0
8,24,5,0,,,,2.0883167,0.0,0.0,0.0,0.0
8,1,6,0,,,,1.2922666,0.0,0.0,0.0,0.0
8,2,6,0,,,,0.9285167,0.0,0.0,0.0,0.0
8,3,6,0,,,,0.91791666,0.0,0.0,0.0,0.0
8,4,6,0,,,,0.8736167,0.0,0.0,0.0,0.0
8,5,6,0,,,,0.70495,0.0,0.0,0.0,0.0
8,6,6,0,,,,1.0369,0.0,0.0,0.0,0.0
8,7,6,0,,,,0.67658335,0.0,0.0,0.0,44.0
8,8,6,0,,,,0.33913332,0.0,0.0,0.0,207.72
8,9,6,0,,,,0.3288,0.0,0.0,0.0,400.92
8,10,6,0,,,,0.6476333,0.0,0.0,0.0,555.59
8,11,6,0,,,,1.3261334,0.0,0.0,0.0,669.89
8,12,6,0,,,,0.4215,0.0,0.0,0.0,741.04
8,13,6,0,,,,2.0390167,0.0,0.0,0.0,754.04
8,14,6,0,,,,1.5540667,0.0,0.0,0.0,724.82
8,15,6,0,,,,1.8135,0.0,0.0,0.0,622.81
8,16,6,0,,,,2.84055,0.0,0.0,0.0,494.52
8,17,6,0,,,,2.2946,0.0,0.0,0.0,323.98
8,18,6,0,,,,1.08035,0.0,0.0,0.0,131.54
8,19,6,0,,,,1.4412833,0.0,0.0,0.0,16.34
8,20,6,0,,,,2.45615,0.0,0.0,0.0,0.0
8,21,6,0,,,,0.7922,0.0,0.0,0.0,0.0
8,22,6,0,,,,1.8528167,0.0,0.0,0.0,0.0
8,23,6,0,,,,1.05925,0.0,0.0,0.0,0.0
8,24,6,0,,,,1.3637167,0.0,0.0,0.0,0.0
8,1,7,0,,,,0.85983336,0.0,0.0,0.0,0.0
8,2,7,0,,,,1.4333833,0.0,0.0,0.0,0.0
8,3,7,0,,,,0.36553332,0.0,0.0,0.0,0.0
8,4,7,0,,,,0.36508334,0.0,0.0,0.0,0.0
8,5,7,0,,,,0.36421666,0.0,0.0,0.0,0.0
8,6,7,0,,,,0.35496667,0.0,0.0,0.0,0.0
8,7,7,0,,,,0.35176668,0.0,0.0,0.0,41.1
8,8,7,0,,,,0.36585,0.0,0.0,0.0,208.13
8,9,7,0,,,,0.3694,0.0,0.0,0.0,397.91
8,10,7,0,,,,1.6364,0.0,0.0,0.0,544.31
8,11,7,0,,,,2.1894834,0.0,0.0,0.0,659.72
8,12,7,0,,,,2.9135,0.0,0.0,0.0,700.05
8,13,7,0,,,,2.7740834,0.0,0.0,0.0,682.23
8,14,7,0,,,,2.9568,0.0,0.0,0.0,656.18
8,15,7,0,,,,2.4863334,0.0,0.0,0.0,594.6
8,16,7,0,,,,2.3216667,0.0,0.0,0.0,461.37
8,17,7,0,,,,2.8256667,0.0,0.0,0.0,304.02
8,18,7,0,,,,2.4977,0.0,0.0,0.0,125.82
8,19,7,0,,,,1.9486667,0.0,0.0,0.0,15.13
8,20,7,0,,,,2.3781667,0.0,0.0,0.0,0.0
8,21,7,0,,,,2.2514668,0.0,0.0,0.0,0.0
8,22,7,0,,,,1.9759667,0.0,0.0,0.0,0.0
8,23,7,0,,,,1.7493666,0.0,0.0,0.0,0.0
8,24,7,0,,,,0.37755,0.0,0.0,0.0,0.0
8,1,1,0,,,,0.36478335,0.0,0.0,0.0,0.0
8,2,1,0,,,,0.35878333,0.0,0.0,0.0,0.0
8,3,1,0,,,,0.35475,0.0,0.0,0.0,0.0
8,4,1,0,,,,0.3562,0.0,0.0,0.0,0.0
8,5,1,0,,,,0.35378334,0.0,0.0,0.0,0.0
8,6,1,0,,,,0.58676666,0.0,0.0,0.0,0.0
8,7,1,0,,,,0.6534167,0.0,0.0,0.0,39.07
8,8,1,0,,,,0.37028334,0.0,0.0,0.0,210.68
8,9,1,0,,,,0.26371667,0.0,0.0,0.0,410.86
8,10,1,0,,,,0.26081666,0.0,0.0,0.0,564.25
8,11,1,0,,,,0.26875,0.0,0.0,0.0,678.7
8,12,1,0,,,,0.27711666,0.0,0.0,0.0,744.71
8,13,1,0,,,,0.27486667,0.0,0.0,0.0,747.62
8,14,1,0,,,,1.0825,0.0,0.0,0.0,706.5
8,15,1,0,,,,1.78745,0.0,0.0,0.0,611.63
8,16,1,0,,,,2.4903667,0.0,0.0,0.0,485.78
8,17,1,0,,,,2.1038167,0.0,0.0,0.0,308.98
8,18,1,0,,,,1.6112334,0.0,0.0,0.0,126.61
8,19,1,0,,,,1.8694167,0.0,0.0,0.0,14.02
8,20,1,0,,,,1.6167834,0.0,0.0,0.0,0.0
8,21,1,0,,,,4.136017,0.0,0.0,0.0,0.0
8,22,1,0,,,,3.9309332,0.0,0.0,0.0,0.0
8,23,1,0,,,,3.6669,0.0,0.0,0.0,0.0
8,24,1,0,,,,2.4447584,0.0,0.0,0.0,0.0
8,1,2,0,,,,0.37116668,0.0,0.0,0.0,0.0
8,2,2,0,,,,0.41143334,0.0,0.0,0.0,0.0
8,3,2,0,,,,2.1465833,0.0,0.0,0.0,0.0
8,4,2,0,,,,0.364,0.0,0.0,0.0,0.0
8,5,2,0,,,,0.36433333,0.0,0.0,0.0,0.0
8,6,2,0,,,,0.55198336,0.0,0.0,0.0,0.0
8,7,2,0,,,,2.5318,0.0,0.0,0.0,39.9
8,8,2,0,,,,0.40206668,0.0,0.0,0.0,205.55
8,9,2,0,,,,0.36858332,0.0,0.0,0.0,386.94
8,10,2,0,,,,0.3684,0.0,0.0,0.0,534.28
8,11,2,0,,,,0.37643334,0.0,0.0,0.0,655.21
8,12,2,0,,,,0.39561668,0.0,0.0,0.0,724.07
8,13,2,0,,,,0.7310167,0.0,0.0,0.0,723.06
8,14,2,0,,,,0.36456665,0.0,0.0,0.0,673.5
8,15,2,0,,,,0.36425,0.0,0.0,0.0,581.08
8,16,2,0,,,,2.3025832,0.0,0.0,0.0,458.24
8,17,2,0,,,,2.1494668,0.0,0.0,0.0,299.3
8,18,2,0,,,,2.1844168,0.0,0.0,0.0,121.24
8,19,2,0,,,,0.9891667,0.0,0.0,0.0,12.17
8,20,2,0,,,,1.8959167,0.0,0.0,0.0,0.0
8,21,2,0,,,,1.9200333,0.0,0.0,0.0,0.0
8,22,2,0,,,,2.4844,0.0,0.0,0.0,0.0
8,23,2,0,,,,1.7901666,0.0,0.0,0.0,0.0
8,24,2,0,,,,2.650225,0.0,0.0,0.0,0.0
8,1,3,0,,,,1.01805,0.0,0.0,0.0,0.0
8,2,3,0,,,,0.91251665,0.0,0.0,0.0,0.0
8,3,3,0,,,,0.74383336,0.0,0.0,0.0,0.0
8,4,3,0,,,,0.67506665,0.0,0.0,0.0,0.0
8,5,3,0,,,,0.92855,0.0,0.0,0.0,0.0
8,6,3,0,,,,0.7079667,0.0,0.0,0.0,0.0
8,7,3,0,,,,0.73475,0.0,0.0,0.0,1.04
8,8,3,0,,,,0.49793333,0.0,0.0,0.0,64.93
8,9,3,0,,,,0.3667,0.0,0.0,0.0,328.17
8,10,3,0,,,,0.36523333,0.0,0.0,0.0,512.0
8,11,3,0,,,,0.37118334,0.0,0.0,0.0,631.77
8,12,3,0,,,,1.30825,0.0,0.0,0.0,694.68
8,13,3,0,,,,0.84155,0.0,0.0,0.0,712.83
8,14,3,0,,,,2.6729333,0.0,0.0,0.0,614.83
8,15,3,0,,,,4.1215835,0.0,0.0,0.0,85.63
8,16,3,0,,,,4.2004833,0.0,0.0,0.0,422.67
8,17,3,0,,,,4.0320334,0.0,0.0,0.0,296.94
8,18,3,0,,,,2.3202333,0.0,0.0,0.0,113.03
8,19,3,0,,,,2.2276,0.0,0.0,0.0,10.51
8,20,3,0,,,,2.8514166,0.0,0.0,0.0,0.0
8,21,3,0,,,,1.6839833,0.0,0.0,0.0,0.0
8,22,3,0,,,,2.0885334,0.0,0.0,0.0,0.0
8,23,3,0,,,,1.2208667,0.0,0.0,0.0,0.0
8,24,3,0,,,,0.9681,0.0,0.0,0.0,0.0
9,1,4,0,,,,0.52120835,0.0,0.0,0.0,0.0
9,2,4,0,,,,0.9643833,0.0,0.0,0.0,0.0
9,3,4,0,,,,0.5197667,0.0,0.0,0.0,0.0
9,4,4,0,,,,0.52061665,0.0,0.0,0.0,0.0
9,5,4,0,,,,0.5179167,0.0,0.0,0.0,0.0
9,6,4,0,,,,0.6858,0.0,0.0,0.0,0.0
9,7,4,0,,,,1.3415333,0.0,0.0,0.0,26.33
9,8,4,0,,,,1.3374667,0.0,0.0,0.0,184.92
9,9,4,0,,,,0.92685,0.0,0.0,0.0,380.33
9,10,4,0,,,,1.4490833,0.0,0.0,0.0,543.23
9,11,4,0,,,,1.17945,0.0,0.0,0.0,659.21
9,12,4,0,,,,1.4550667,0.0,0.0,0.0,697.89
9,13,4,0,,,,1.9212,0.0,0.0,0.0,640.67
9,14,4,0,,,,2.2056668,0.0,0.0,0.0,569.86
9,15,4,0,,,,2.4127667,0.0,0.0,0.0,436.71
9,16,4,0,,,,2.0073,0.0,0.0,0.0,358.19
9,17,4,0,,,,2.5225418,0.0,0.0,0.0,257.91
9,18,4,0,,,,2.0688834,0.0,0.0,0.0,110.85
9,19,4,0,,,,2.4768167,0.0,0.0,0.0,9.38
9,20,4,0,,,,1.9078,0.0,0.0,0.0,0.0
9,21,4,0,,,,1.60035,0.0,0.0,0.0,0.0
9,22,4,0,,,,0.99231666,0.0,0.0,0.0,0.0
9,23,4,0,,,,0.73438334,0.0,0.0,0.0,0.0
9,24,4,0,,,,0.68256664,0.0,0.0,0.0,0.0
9,1,5,0,,,,0.26635,0.0,0.0,0.0,0.0
9,2,5,0,,,,0.29023334,0.0,0.0,0.0,0.0
9,3,5,0,,,,0.33993334,0.0,0.0,0.0,0.0
9,4,5,0,,,,0.35926667,0.0,0.0,0.0,0.0
9,5,5,0,,,,0.35988334,0.0,0.0,0.0,0.0
9,6,5,0,,,,0.32545,0.0,0.0,0.0,0.0
9,7,5,0,,,,0.426,0.0,0.0,0.0,34.99
9,8,5,0,,,,0.31828332,0.0,0.0,0.0,198.04
9,9,5,0,,,,0.3145,0.0,0.0,0.0,390.85
9,10,5,0,,,,0.31323335,0.0,0.0,0.0,540.79
9,11,5,0,,,,0.7650667,0.0,0.0,0.0,647.86
9,12,5,0,,,,1.0976167,0.0,0.0,0.0,713.33
9,13,5,0,,,,1.6493,0.0,0.0,0.0,690.05
9,14,5,0,,,,1.0753,0.0,0.0,0.0,637.52
9,15,5,0,,,,2.0166333,0.0,0.0,0.0,489.64
9,16,5,0,,,,1.7876166,0.0,0.0,0.0,406.39
9,17,5,0,,,,2.0006833,0.0,0.0,0.0,281.66
9,18,5,0,,,,1.7599666,0.0,0.0,0.0,112.24
9,19,5,0,,,,0.5104667,0.0,0.0,0.0,8.2
9,20,5,0,,,,0.45935,0.0,0.0,0.0,0.0
9,21,5,0,,,,0.45975,0.0,0.0,0.0,0.0
9,22,5,0,,,,0.45618334,0.0,0.0,0.0,0.0
9,23,5,0,,,,1.30165,0.0,0.0,0.0,0.0
9,24,5,0,,,,0.36419168,0.0,0.0,0.0,0.0
9,1,6,0,,,,0.37078333,0.0,0.0,0.0,0.0
9,2,6,0,,,,0.78538334,0.0,0.0,0.0,0.0
9,3,6,0,,,,0.52375,0.0,0.0,0.0,0.0
9,4,6,0,,,,0.46841666,0.0,0.0,0.0,0.0
9,5,6,0,,,,0.46798334,0.0,0.0,0.0,0.0
9,6,6,0,,,,0.46696666,0.0,0.0,0.0,0.0
9,7,6,0,,,,0.4601,0.0,0.0,0.0,27.81
9,8,6,0,,,,0.43663332,0.0,0.0,0.0,173.13
9,9,6,0,,,,0.3964,0.0,0.0,0.0,360.7
9,10,6,0,,,,0.48616666,0.0,0.0,0.0,512.86
9,11,6,0,,,,0.69911665,0.0,0.0,0.0,613.49
9,12,6,0,,,,0.64255,0.0,0.0,0.0,682.27
9,13,6,0,,,,0.28153333,0.0,0.0,0.0,621.61
9,14,6,0,,,,0.2711,0.0,0.0,0.0,285.97
9,15,6,0,,,,0.26816666,0.0,0.0,0.0,151.42
9,16,6,0,,,,0.2668,0.0,0.0,0.0,40.21
9,17,6,0,,,,3.4740167,0.0,0.0,0.0,122.99
9,18,6,0,,,,2.6866834,0.0,0.0,0.0,4.12
9,19,6,0,,,,1.7463167,0.0,0.0,0.0,6.67
9,20,6,0,,,,1.7413833,0.0,0.0,0.0,0.0
9,21,6,0,,,,1.6204667,0.0,0.0,0.0,0.0
9,22,6,0,,,,1.3573166,0.0,0.0,0.0,0.0
9,23,6,0,,,,0.8105,0.0,0.0,0.0,0.0
9,24,6,0,,,,0.7085417,0.0,0.0,0.0,0.0
9,1,7,0,,,,0.50275,0.0,0.0,0.0,0.0
9,2,7,0,,,,0.51246667,0.0,0.0,0.0,0.0
9,3,7,0,,,,0.50755,0.0,0.0,0.0,0.0
9,4,7,0,,,,0.50376666,0.0,0.0,0.0,0.0
9,5,7,0,,,,0.5018167,0.0,0.0,0.0,0.0
9,6,7,0,,,,0.49951667,0.0,0.0,0.0,0.0
9,7,7,0,,,,0.5019,0.0,0.0,0.0,0.65
9,8,7,0,,,,0.5541667,0.0,0.0,0.0,9.63
9,9,7,0,,,,0.73502916,0.0,0.0,0.0,35.79
9,10,7,0,,,,0.93725,0.0,0.0,0.0,64.72
9,11,7,0,,,,0.6441,0.0,0.0,0.0,319.77
9,12,7,0,,,,0.4577,0.0,0.0,0.0,364.8
9,13,7,0,,,,0.6202,0.0,0.0,0.0,414.97
9,14,7,0,,,,0.59595,0.0,0.0,0.0,318.45
9,15,7,0,,,,0.56975,0.0,0.0,0.0,80.21
9,16,7,0,,,,0.58488333,0.0,0.0,0.0,69.21
9,17,7,0,,,,0.65468335,0.0,0.0,0.0,58.37
9,18,7,0,,,,1.0248834,0.0,0.0,0.0,6.54
9,19,7,0,,,,0.93576664,0.0,0.0,0.0,5.38
9,20,7,0,,,,1.4256834,0.0,0.0,0.0,0.0
9,21,7,0,,,,3.2539833,0.0,0.0,0.0,0.0
9,22,7,0,,,,1.3664334,0.0,0.0,0.0,0.0
9,23,7,0,,,,3.1669333,0.0,0.0,0.0,0.0
9,24,7,0,,,,1.5545334,0.0,0.0,0.0,0.0
9,1,1,0,,,,0.49216667,0.0,0.0,0.0,0.0
9,2,1,0,,,,0.51425,0.0,0.0,0.0,0.0
9,3,1,0,,,,0.50915,0.0,0.0,0.0,0.0
9,4,1,0,,,,0.51085,0.0,0.0,0.0,0.0
9,5,1,0,,,,0.5110833,0.0,0.0,0.0,0.0
9,6,1,0,,,,0.51163334,0.0,0.0,0.0,0.0
9,7,1,0,,,,0.5061333,0.0,0.0,0.0,32.85
9,8,1,0,,,,0.51453334,0.0,0.0,0.0,120.58
9,9,1,0,,,,0.5219667,0.0,0.0,0.0,210.17
9,10,1,0,,,,0.6870833,0.0,0.0,0.0,218.18
9,11,1,0,,,,0.78471667,0.0,0.0,0.0,541.99
9,12,1,0,,,,1.18655,0.0,0.0,0.0,524.4
9,13,1,0,,,,1.0238833,0.0,0.0,0.0,647.9
9,14,1,0,,,,0.6224667,0.0,0.0,0.0,590.99
9,15,1,0,,,,0.62766665,0.0,0.0,0.0,595.21
9,16,1,0,,,,0.65243334,0.0,0.0,0.0,471.92
9,17,1,0,,,,0.6371833,0.0,0.0,0.0,280.29
9,18,1,0,,,,0.65896666,0.0,0.0,0.0,74.49
9,19,1,0,,,,0.8344,0.0,0.0,0.0,1.19
9,20,1,0,,,,1.0499333,0.0,0.0,0.0,0.0
9,21,1,0,,,,1.23215,0.0,0.0,0.0,0.0
9,22,1,0,,,,1.1384333,0.0,0.0,0.0,0.0
9,23,1,0,,,,0.7836,0.0,0.0,0.0,0.0
9,24,1,0,,,,1.7745,0.0,0.0,0.0,0.0
9,1,2,0,,,,2.8972833,0.0,0.0,0.0,0.0
9,2,2,0,,,,0.30065,0.0,0.0,0.0,0.0
9,3,2,0,,,,0.30676666,0.0,0.0,0.0,0.0
9,4,2,0,,,,0.30573332,0.0,0.0,0.0,0.0
9,5,2,0,,,,0.30371666,0.0,0.0,0.0,0.0
9,6,2,0,,,,0.4819,0.0,0.0,0.0,0.0
9,7,2,0,,,,0.86295,0.0,0.0,0.0,30.44
9,8,2,0,,,,0.42791668,0.0,0.0,0.0,186.58
9,9,2,0,,,,0.31711668,0.0,0.0,0.0,344.98
9,10,2,0,,,,0.31048334,0.0,0.0,0.0,338.45
9,11,2,0,,,,0.31753334,0.0,0.0,0.0,566.98
9,12,2,0,,,,0.32611668,0.0,0.0,0.0,712.94
9,13,2,0,,,,0.27305,0.0,0.0,0.0,725.7
9,14,2,0,,,,0.27073333,0.0,0.0,0.0,693.25
9,15,2,0,,,,0.2679,0.0,0.0,0.0,543.4
9,16,2,0,,,,1.8284667,0.0,0.0,0.0,430.39
9,17,2,0,,,,2.5577667,0.0,0.0,0.0,284.59
9,18,2,0,,,,1.7573167,0.0,0.0,0.0,100.47
9,19,2,0,,,,2.2076333,0.0,0.0,0.0,2.42
9,20,2,0,,,,2.14355,0.0,0.0,0.0,0.0
9,21,2,0,,,,1.4243667,0.0,0.0,0.0,0.0
9,22,2,0,,,,1.3569666,0.0,0.0,0.0,0.0
9,23,2,0,,,,0.49508333,0.0,0.0,0.0,0.0
9,24,2,0,,,,0.41730833,0.0,0.0,0.0,0.0
9,1,3,0,,,,0.41581666,0.0,0.0,0.0,0.0
9,2,3,0,,,,0.4173,0.0,0.0,0.0,0.0
9,3,3,0,,,,0.4166,0.0,0.0,0.0,0.0
9,4,3,0,,,,0.41716668,0.0,0.0,0.0,0.0
9,5,3,0,,,,0.41645,0.0,0.0,0.0,0.0
9,6,3,0,,,,0.69745,0.0,0.0,0.0,0.0
9,7,3,0,,,,0.7442167,0.0,0.0,0.0,28.9
9,8,3,0,,,,0.36426666,0.0,0.0,0.0,191.76
9,9,3,0,,,,0.26381665,0.0,0.0,0.0,385.28
9,10,3,0,,,,0.26301667,0.0,0.0,0.0,539.8
9,11,3,0,,,,0.2709,0.0,0.0,0.0,626.77
9,12,3,0,,,,0.28011668,0.0,0.0,0.0,621.36
9,13,3,0,,,,0.27443334,0.0,0.0,0.0,614.5
9,14,3,0,,,,0.62766665,0.0,0.0,0.0,449.88
9,15,3,0,,,,1.6736833,0.0,0.0,0.0,243.15
9,16,3,0,,,,1.9667,0.0,0.0,0.0,316.51
9,17,3,0,,,,1.655,0.0,0.0,0.0,257.83
9,18,3,0,,,,1.0323666,0.0,0.0,0.0,92.69
9,19,3,0,,,,1.2508833,0.0,0.0,0.0,2.38
9,20,3,0,,,,1.4583334,0.0,0.0,0.0,0.0
9,21,3,0,,,,0.7741333,0.0,0.0,0.0,0.0
9,22,3,0,,,,0.8043,0.0,0.0,0.0,0.0
9,23,3,0,,,,2.3054166,0.0,0.0,0.0,0.0
9,24,3,0,,,,1.945875,0.0,0.0,0.0,0.0
9,1,4,0,,,,0.37196666,0.0,0.0,0.0,0.0
9,2,4,0,,,,0.39145,0.0,0.0,0.0,0.0
9,3,4,0,,,,0.39171666,0.0,0.0,0.0,0.0
9,4,4,0,,,,0.39203334,0.0,0.0,0.0,0.0
9,5,4,0,,,,0.39223334,0.0,0.0,0.0,0.0
9,6,4,0,,,,0.433275,0.0,0.0,0.0,0.0
9,7,4,0,,,,0.49973333,0.0,0.0,0.0,16.33
9,8,4,0,,,,0.34805,0.0,0.0,0.0,174.37
9,9,4,0,,,,0.3101,0.0,0.0,0.0,357.47
9,10,4,0,,,,0.30676666,0.0,0.0,0.0,500.36
9,11,4,0,,,,0.348,0.0,0.0,0.0,637.34
9,12,4,0,,,,0.66496664,0.0,0.0,0.0,710.0
9,13,4,0,,,,0.27678335,0.0,0.0,0.0,725.47
9,14,4,0,,,,0.26723334,0.0,0.0,0.0,655.42
9,15,4,0,,,,0.26548332,0.0,0.0,0.0,570.43
9,16,4,0,,,,1.4942833,0.0,0.0,0.0,388.73
9,17,4,0,,,,1.38765,0.0,0.0,0.0,269.14
9,18,4,0,,,,1.1245667,0.0,0.0,0.0,92.48
9,19,4,0,,,,1.8124833,0.0,0.0,0.0,0.0
9,20,4,0,,,,1.8420833,0.0,0.0,0.0,0.0
9,21,4,0,,,,1.1041167,0.0,0.0,0.0,0.0
9,22,4,0,,,,2.18985,0.0,0.0,0.0,0.0
9,23,4,0,,,,3.1994,0.0,0.0,0.0,0.0
9,24,4,0,,,,2.9445918,0.0,0.0,0.0,0.0
9,1,5,0,,,,0.62881666,0.0,0.0,0.0,0.0
9,2,5,0,,,,0.26306668,0.0,0.0,0.0,0.0
9,3,5,0,,,,0.26836666,0.0,0.0,0.0,0.0
9,4,5,0,,,,0.30741668,0.0,0.0,0.0,0.0
9,5,5,0,,,,0.30765,0.0,0.0,0.0,0.0
9,6,5,0,,,,0.47551668,0.0,0.0,0.0,0.0
9,7,5,0,,,,0.38435,0.0,0.0,0.0,22.97
9,8,5,0,,,,0.31196666,0.0,0.0,0.0,182.69
9,9,5,0,,,,0.30936667,0.0,0.0,0.0,388.4
9,10,5,0,,,,0.3084,0.0,0.0,0.0,482.16
9,11,5,0,,,,0.7172667,0.0,0.0,0.0,663.31
9,12,5,0,,,,0.29890832,0.0,0.0,0.0,730.3
9,13,5,0,,,,0.27781665,0.0,0.0,0.0,715.66
9,14,5,0,,,,0.26656666,0.0,0.0,0.0,636.58
9,15,5,0,,,,0.35383335,0.0,0.0,0.0,588.27
9,16,5,0,,,,2.3185833,0.0,0.0,0.0,436.16
9,17,5,0,,,,3.4133167,0.0,0.0,0.0,288.1
9,18,5,0,,,,2.1293,0.0,0.0,0.0,90.08
9,19,5,0,,,,2.09405,0.0,0.0,0.0,0.0
9,20,5,0,,,,1.3817166,0.0,0.0,0.0,0.0
9,21,5,0,,,,1.682,0.0,0.0,0.0,0.0
9,22,5,0,,,,1.2608334,0.0,0.0,0.0,0.0
9,23,5,0,,,,0.80233335,0.0,0.0,0.0,0.0
9,24,5,0,,,,0.50065833,0.0,0.0,0.0,0.0
9,1,6,0,,,,0.41863334,0.0,0.0,0.0,0.0
9,2,6,0,,,,0.41711667,0.0,0.0,0.0,0.0
9,3,6,0,,,,0.41591668,0.0,0.0,0.0,0.0
9,4,6,0,,,,0.41945,0.0,0.0,0.0,0.0
9,5,6,0,,,,0.42865,0.0,0.0,0.0,0.0
9,6,6,0,,,,0.4213,0.0,0.0,0.0,0.0
9,7,6,0,,,,0.39853334,0.0,0.0,0.0,27.95
9,8,6,0,,,,0.91868335,0.0,0.0,0.0,168.99
9,9,6,0,,,,0.96735,0.0,0.0,0.0,405.16
9,10,6,0,,,,1.3685334,0.0,0.0,0.0,565.58
9,11,6,0,,,,0.8928667,0.0,0.0,0.0,681.01
9,12,6,0,,,,0.57523334,0.0,0.0,0.0,727.67
9,13,6,0,,,,2.3443,0.0,0.0,0.0,749.11
9,14,6,0,,,,2.2719667,0.0,0.0,0.0,692.77
9,15,6,0,,,,2.2950332,0.0,0.0,0.0,584.38
9,16,6,0,,,,2.28355,0.0,0.0,0.0,453.1
9,17,6,0,,,,3.0079334,0.0,0.0,0.0,275.93
9,18,6,0,,,,2.54995,0.0,0.0,0.0,87.18
9,19,6,0,,,,1.24445,0.0,0.0,0.0,0.0
9,20,6,0,,,,2.2589834,0.0,0.0,0.0,0.0
9,21,6,0,,,,1.1237833,0.0,0.0,0.0,0.0
9,22,6,0,,,,0.71868336,0.0,0.0,0.0,0.0
9,23,6,0,,,,0.5293667,0.0,0.0,0.0,0.0
9,24,6,0,,,,2.2741084,0.0,0.0,0.0,0.0
9,1,7,0,,,,0.91691667,0.0,0.0,0.0,0.0
9,2,7,0,,,,0.44486666,0.0,0.0,0.0,0.0
9,3,7,0,,,,0.44666666,0.0,0.0,0.0,0.0
9,4,7,0,,,,0.44328332,0.0,0.0,0.0,0.0
9,5,7,0,,,,0.44156668,0.0,0.0,0.0,0.0
9,6,7,0,,,,0.44158334,0.0,0.0,0.0,0.0
9,7,7,0,,,,2.6164668,0.0,0.0,0.0,24.5
9,8,7,0,,,,0.6986333,0.0,0.0,0.0,197.13
9,9,7,0,,,,0.6243333,0.0,0.0,0.0,383.24
9,10,7,0,,,,0.3641,0.0,0.0,0.0,537.15
9,11,7,0,,,,0.37386668,0.0,0.0,0.0,651.16
9,12,7,0,,,,3.13075,0.0,0.0,0.0,707.34
9,13,7,0,,,,2.6547832,0.0,0.0,0.0,706.9
9,14,7,0,,,,2.4323332,0.0,0.0,0.0,646.0
9,15,7,0,,,,2.6250167,0.0,0.0,0.0,560.38
9,16,7,0,,,,3.6872666,0.0,0.0,0.0,431.51
9,17,7,0,,,,4.06025,0.0,0.0,0.0,238.56
9,18,7,0,,,,3.8667667,0.0,0.0,0.0,85.1
9,19,7,0,,,,2.51835,0.0,0.0,0.0,0.0
9,20,7,0,,,,1.46445,0.0,0.0,0.0,0.0
9,21,7,0,,,,1.28515,0.0,0.0,0.0,0.0
9,22,7,0,,,,1.8739834,0.0,0.0,0.0,0.0
9,23,7,0,,,,1.0815111,0.0,0.0,0.0,0.0
9,24,7,0,,,,0.41901666,0.0,0.0,0.0,0.0
9,1,1,0,,,,0.41903332,0.0,0.0,0.0,0.0
9,2,1,0,,,,0.43735,0.0,0.0,0.0,0.0
9,3,1,0,,,,0.46051666,0.0,0.0,0.0,0.0
9,4,1,0,,,,0.46048334,0.0,0.0,0.0,0.0
9,5,1,0,,,,0.45818335,0.0,0.0,0.0,0.0
9,6,1,0,,,,0.48595,0.0,0.0,0.0,0.0
9,7,1,0,,,,0.51730835,0.0,0.0,0.0,20.26
9,8,1,0,,,,0.46488333,0.0,0.0,0.0,185.3
9,9,1,0,,,,0.32005,0.0,0.0,0.0,380.13
9,10,1,0,,,,0.31,0.0,0.0,0.0,538.7
9,11,1,0,,,,0.31761667,0.0,0.0,0.0,656.89
9,12,1,0,,,,0.71201664,0.0,0.0,0.0,712.38
9,13,1,0,,,,0.33845,0.0,0.0,0.0,688.46
9,14,1,0,,,,0.3186,0.0,0.0,0.0,655.55
9,15,1,0,,,,0.28015,0.0,0.0,0.0,535.88
9,16,1,0,,,,1.7672666,0.0,0.0,0.0,424.69
9,17,1,0,,,,3.3027833,0.0,0.0,0.0,257.47
9,18,1,0,,,,1.31965,0.0,0.0,0.0,79.14
9,19,1,0,,,,1.2221167,0.0,0.0,0.0,0.0
9,20,1,0,,,,1.3393333,0.0,0.0,0.0,0.0
9,21,1,0,,,,0.9953333,0.0,0.0,0.0,0.0
9,22,1,0,,,,0.7467,0.0,0.0,0.0,0.0
9,23,1,0,,,,1.73945,0.0,0.0,0.0,0.0
9,24,1,0,,,,0.294175,0.0,0.0,0.0,0.0
9,1,2,0,,,,0.31118333,0.0,0.0,0.0,0.0
9,2,2,0,,,,0.31198335,0.0,0.0,0.0,0.0
9,3,2,0,,,,0.31136668,0.0,0.0,0.0,0.0
9,4,2,0,,,,0.31058332,0.0,0.0,0.0,0.0
9,5,2,0,,,,0.30946666,0.0,0.0,0.0,0.0
9,6,2,0,,,,0.5968,0.0,0.0,0.0,0.0
9,7,2,0,,,,0.8613,0.0,0.0,0.0,10.08
9,8,2,0,,,,0.6318667,0.0,0.0,0.0,171.27
9,9,2,0,,,,0.31055,0.0,0.0,0.0,367.91
9,10,2,0,,,,0.3091,0.0,0.0,0.0,537.55
9,11,2,0,,,,0.31353334,0.0,0.0,0.0,642.19
9,12,2,0,,,,0.31738332,0.0,0.0,0.0,701.47
9,13,2,0,,,,0.30873334,0.0,0.0,0.0,702.7
9,14,2,0,,,,0.30918333,0.0,0.0,0.0,660.0
9,15,2,0,,,,0.3176,0.0,0.0,0.0,550.49
9,16,2,0,,,,0.31955,0.0,0.0,0.0,386.63
9,17,2,0,,,,0.46336666,0.0,0.0,0.0,184.34
9,18,2,0,,,,0.48251668,0.0,0.0,0.0,48.34
9,19,2,0,,,,0.56245,0.0,0.0,0.0,0.0
9,20,2,0,,,,0.7449167,0.0,0.0,0.0,0.0
9,21,2,0,,,,1.2263167,0.0,0.0,0.0,0.0
9,22,2,0,,,,1.2567166,0.0,0.0,0.0,0.0
9,23,2,0,,,,0.68835,0.0,0.0,0.0,0.0
9,24,2,0,,,,0.49673334,0.0,0.0,0.0,0.0
9,1,3,0,,,,0.39615,0.0,0.0,0.0,0.0
9,2,3,0,,,,0.39276665,0.0,0.0,0.0,0.0
9,3,3,0,,,,0.39366665,0.0,0.0,0.0,0.0
9,4,3,0,,,,0.39523333,0.0,0.0,0.0,0.0
9,5,3,0,,,,0.39473334,0.0,0.0,0.0,0.0
9,6,3,0,,,,0.7436,0.0,0.0,0.0,0.0
9,7,3,0,,,,0.9098833,0.0,0.0,0.0,0.0
9,8,3,0,,,,0.49798334,0.0,0.0,0.0,63.13
9,9,3,0,,,,0.3123,0.0,0.0,0.0,15.27
9,10,3,0,,,,0.31158334,0.0,0.0,0.0,70.18
9,11,3,0,,,,0.3163,0.0,0.0,0.0,177.39
9,12,3,0,,,,0.3342,0.0,0.0,0.0,543.9
9,13,3,0,,,,0.31845,0.0,0.0,0.0,654.7
9,14,3,0,,,,0.31613332,0.0,0.0,0.0,663.29
9,15,3,0,,,,0.35305,0.0,0.0,0.0,548.73
9,16,3,0,,,,0.37871668,0.0,0.0,0.0,412.02
9,17,3,0,,,,0.76265,0.0,0.0,0.0,276.04
9,18,3,0,,,,2.4510667,0.0,0.0,0.0,72.59
9,19,3,0,,,,1.8372667,0.0,0.0,0.0,0.0
9,20,3,0,,,,2.4990833,0.0,0.0,0.0,0.0
9,21,3,0,,,,0.68416667,0.0,0.0,0.0,0.0
9,22,3,0,,,,0.35345,0.0,0.0,0.0,0.0
9,23,3,0,,,,0.40341666,0.0,0.0,0.0,0.0
9,24,3,0,,,,0.46366668,0.0,0.0,0.0,0.0
9,1,4,0,,,,0.46658334,0.0,0.0,0.0,0.0
9,2,4,0,,,,0.46508333,0.0,0.0,0.0,0.0
9,3,4,0,,,,0.46525,0.0,0.0,0.0,0.0
9,4,4,0,,,,0.46636668,0.0,0.0,0.0,0.0
9,5,4,0,,,,0.46596667,0.0,0.0,0.0,0.0
9,6,4,0,,,,0.77865,0.0,0.0,0.0,0.0
9,7,4,0,,,,0.5446,0.0,0.0,0.0,16.22
9,8,4,0,,,,0.36073333,0.0,0.0,0.0,193.99
9,9,4,0,,,,0.31278333,0.0,0.0,0.0,403.64
9,10,4,0,,,,0.31438333,0.0,0.0,0.0,580.13
9,11,4,0,,,,0.32316667,0.0,0.0,0.0,685.78
9,12,4,0,,,,0.32645,0.0,0.0,0.0,500.39
9,13,4,0,,,,0.2781,0.0,0.0,0.0,455.21
9,14,4,0,,,,0.27098334,0.0,0.0,0.0,562.36
9,15,4,0,,,,0.26983333,0.0,0.0,0.0,524.83
9,16,4,0,,,,0.53728336,0.0,0.0,0.0,434.84
9,17,4,0,,,,0.50445,0.0,0.0,0.0,239.23
9,18,4,0,,,,0.65171665,0.0,0.0,0.0,36.4
9,19,4,0,,,,0.86476666,0.0,0.0,0.0,0.0
9,20,4,0,,,,2.2164667,0.0,0.0,0.0,0.0
9,21,4,0,,,,1.6895167,0.0,0.0,0.0,0.0
9,22,4,0,,,,1.57995,0.0,0.0,0.0,0.0
9,23,4,0,,,,0.7079667,0.0,0.0,0.0,0.0
9,24,4,0,,,,0.34996668,0.0,0.0,0.0,0.0
9,1,5,0,,,,0.31585,0.0,0.0,0.0,0.0
9,2,5,0,,,,0.30965,0.0,0.0,0.0,0.0
9,3,5,0,,,,0.30821666,0.0,0.0,0.0,0.0
9,4,5,0,,,,0.30983335,0.0,0.0,0.0,0.0
9,5,5,0,,,,0.3105,0.0,0.0,0.0,0.0
9,6,5,0,,,,0.47831666,0.0,0.0,0.0,0.0
9,7,5,0,,,,0.34743333,0.0,0.0,0.0,13.23
9,8,5,0,,,,0.78966665,0.0,0.0,0.0,188.55
9,9,5,0,,,,0.41335,0.0,0.0,0.0,107.08
9,10,5,0,,,,0.31708333,0.0,0.0,0.0,307.81
9,11,5,0,,,,0.3191,0.0,0.0,0.0,568.79
9,12,5,0,,,,0.31953335,0.0,0.0,0.0,297.56
9,13,5,0,,,,0.2859,0.0,0.0,0.0,459.81
9,14,5,0,,,,0.28241667,0.0,0.0,0.0,635.36
9,15,5,0,,,,2.0848,0.0,0.0,0.0,553.36
9,16,5,0,,,,3.2992666,0.0,0.0,0.0,422.78
9,17,5,0,,,,2.79045,0.0,0.0,0.0,258.38
9,18,5,0,,,,1.0948,0.0,0.0,0.0,34.55
9,19,5,0,,,,0.44171667,0.0,0.0,0.0,0.0
9,20,5,0,,,,1.1873333,0.0,0.0,0.0,0.0
9,21,5,0,,,,0.87228334,0.0,0.0,0.0,0.0
9,22,5,0,,,,1.0492834,0.0,0.0,0.0,0.0
9,23,5,0,,,,0.38283333,0.0,0.0,0.0,0.0
9,24,5,0,,,,0.2629,0.0,0.0,0.0,0.0
9,1,6,0,,,,0.26281667,0.0,0.0,0.0,0.0
9,2,6,0,,,,0.28183332,0.0,0.0,0.0,0.0
9,3,6,0,,,,0.3091,0.0,0.0,0.0,0.0
9,4,6,0,,,,0.31008333,0.0,0.0,0.0,0.0
9,5,6,0,,,,0.30793333,0.0,0.0,0.0,0.0
9,6,6,0,,,,0.48228332,0.0,0.0,0.0,0.0
9,7,6,0,,,,0.7967167,0.0,0.0,0.0,0.3
9,8,6,0,,,,0.36545,0.0,0.0,0.0,196.1
9,9,6,0,,,,0.60933334,0.0,0.0,0.0,375.69
9,10,6,0,,,,0.5456667,0.0,0.0,0.0,581.65
9,11,6,0,,,,0.5016,0.0,0.0,0.0,687.25
9,12,6,0,,,,1.2577333,0.0,0.0,0.0,705.48
9,13,6,0,,,,1.5179334,0.0,0.0,0.0,752.2
9,14,6,0,,,,2.31205,0.0,0.0,0.0,700.73
9,15,6,0,,,,2.6684666,0.0,0.0,0.0,568.53
9,16,6,0,,,,2.9100332,0.0,0.0,0.0,423.33
9,17,6,0,,,,3.8334832,0.0,0.0,0.0,245.37
9,18,6,0,,,,3.7755666,0.0,0.0,0.0,65.54
9,19,6,0,,,,3.1731,0.0,0.0,0.0,0.0
9,20,6,0,,,,0.7723333,0.0,0.0,0.0,0.0
9,21,6,0,,,,0.51778334,0.0,0.0,0.0,0.0
9,22,6,0,,,,2.2511168,0.0,0.0,0.0,0.0
9,23,6,0,,,,0.58598334,0.0,0.0,0.0,0.0
9,24,6,0,,,,0.40150833,0.0,0.0,0.0,0.0
9,1,7,0,,,,0.35285,0.0,0.0,0.0,0.0
9,2,7,0,,,,0.35681668,0.0,0.0,0.0,0.0
9,3,7,0,,,,1.82025,0.0,0.0,0.0,0.0
9,4,7,0,,,,1.2886,0.0,0.0,0.0,0.0
9,5,7,0,,,,0.35068333,0.0,0.0,0.0,0.0
9,6,7,0,,,,0.35248333,0.0,0.0,0.0,0.0
9,7,7,0,,,,0.33281666,0.0,0.0,0.0,0.0
9,8,7,0,,,,2.2330334,0.0,0.0,0.0,147.14
9,9,7,0,,,,1.0493833,0.0,0.0,0.0,171.32
9,10,7,0,,,,0.40385,0.0,0.0,0.0,109.08
9,11,7,0,,,,0.54211664,0.0,0.0,0.0,179.01
9,12,7,0,,,,1.8243,0.0,0.0,0.0,546.81
9,13,7,0,,,,3.06025,0.0,0.0,0.0,240.93
9,14,7,0,,,,3.1536334,0.0,0.0,0.0,621.13
9,15,7,0,,,,3.1398666,0.0,0.0,0.0,101.72
9,16,7,0,,,,3.8043,0.0,0.0,0.0,392.67
9,17,7,0,,,,2.9713833,0.0,0.0,0.0,103.26
9,18,7,0,,,,2.36705,0.0,0.0,0.0,66.18
9,19,7,0,,,,2.94155,0.0,0.0,0.0,0.0
9,20,7,0,,,,2.2048666,0.0,0.0,0.0,0.0
9,21,7,0,,,,2.12755,0.0,0.0,0.0,0.0
9,22,7,0,,,,1.4612167,0.0,0.0,0.0,0.0
9,23,7,0,,,,3.0112333,0.0,0.0,0.0,0.0
9,24,7,0,,,,1.1687666,0.0,0.0,0.0,0.0
9,1,1,0,,,,0.26301667,0.0,0.0,0.0,0.0
9,2,1,0,,,,1.8277,0.0,0.0,0.0,0.0
9,3,1,0,,,,0.2608,0.0,0.0,0.0,0.0
9,4,1,0,,,,0.26135,0.0,0.0,0.0,0.0
9,5,1,0,,,,0.26055,0.0,0.0,0.0,0.0
9,6,1,0,,,,0.5976667,0.0,0.0,0.0,0.0
9,7,1,0,,,,0.6285,0.0,0.0,0.0,5.75
9,8,1,0,,,,1.0572833,0.0,0.0,0.0,71.78
9,9,1,0,,,,0.26245,0.0,0.0,0.0,356.55
9,10,1,0,,,,0.26138332,0.0,0.0,0.0,526.84
9,11,1,0,,,,0.26581666,0.0,0.0,0.0,560.03
9,12,1,0,,,,0.26766667,0.0,0.0,0.0,348.54
9,13,1,0,,,,0.26408333,0.0,0.0,0.0,240.91
9,14,1,0,,,,1.3585833,0.0,0.0,0.0,289.58
9,15,1,0,,,,0.4091,0.0,0.0,0.0,429.3
9,16,1,0,,,,1.5318333,0.0,0.0,0.0,290.98
9,17,1,0,,,,1.1913167,0.0,0.0,0.0,260.67
9,18,1,0,,,,2.6489334,0.0,0.0,0.0,62.16
9,19,1,0,,,,2.7324166,0.0,0.0,0.0,0.0
9,20,1,0,,,,1.9431666,0.0,0.0,0.0,0.0
9,21,1,0,,,,2.5244,0.0,0.0,0.0,0.0
9,22,1,0,,,,0.8469,0.0,0.0,0.0,0.0
9,23,1,0,,,,2.4353166,0.0,0.0,0.0,0.0
9,24,1,0,,,,0.82161665,0.0,0.0,0.0,0.0
9,1,2,0,,,,0.51878333,0.0,0.0,0.0,0.0
9,2,2,0,,,,0.5191333,0.0,0.0,0.0,0.0
9,3,2,0,,,,0.51776665,0.0,0.0,0.0,0.0
9,4,2,0,,,,0.5189833,0.0,0.0,0.0,0.0
9,5,2,0,,,,0.51781666,0.0,0.0,0.0,0.0
9,6,2,0,,,,0.77093333,0.0,0.0,0.0,0.0
9,7,2,0,,,,0.7115833,0.0,0.0,0.0,0.0
9,8,2,0,,,,0.48085,0.0,0.0,0.0,26.79
9,9,2,0,,,,0.36326668,0.0,0.0,0.0,121.4
9,10,2,0,,,,0.3621,0.0,0.0,0.0,226.42
9,11,2,0,,,,0.3574,0.0,0.0,0.0,372.58
9,12,2,0,,,,0.36246666,0.0,0.0,0.0,447.1
9,13,2,0,,,,0.35655,0.0,0.0,0.0,595.9
9,14,2,0,,,,0.36383334,0.0,0.0,0.0,158.7
9,15,2,0,,,,0.447,0.0,0.0,0.0,46.22
9,16,2,0,,,,0.53501666,0.0,0.0,0.0,78.32
9,17,2,0,,,,0.36466667,0.0,0.0,0.0,138.78
9,18,2,0,,,,0.43683332,0.0,0.0,0.0,31.03
9,19,2,0,,,,1.95065,0.0,0.0,0.0,0.0
9,20,2,0,,,,1.73055,0.0,0.0,0.0,0.0
9,21,2,0,,,,3.5814834,0.0,0.0,0.0,0.0
9,22,2,0,,,,2.0039666,0.0,0.0,0.0,0.0
9,23,2,0,,,,1.1241,0.0,0.0,0.0,0.0
9,24,2,0,,,,0.35629168,0.0,0.0,0.0,0.0
9,1,3,0,,,,0.35193333,0.0,0.0,0.0,0.0
9,2,3,0,,,,0.35163334,0.0,0.0,0.0,0.0
9,3,3,0,,,,0.35185,0.0,0.0,0.0,0.0
9,4,3,0,,,,0.3519,0.0,0.0,0.0,0.0
9,5,3,0,,,,0.35125,0.0,0.0,0.0,0.0
9,6,3,0,,,,0.49508333,0.0,0.0,0.0,0.0
9,7,3,0,,,,0.2532,0.0,0.0,0.0,1.17
9,8,3,0,,,,0.26631665,0.0,0.0,0.0,123.54
9,9,3,0,,,,0.26286668,0.0,0.0,0.0,417.59
9,10,3,0,,,,0.25923333,0.0,0.0,0.0,577.66
9,11,3,0,,,,0.26846668,0.0,0.0,0.0,658.48
9,12,3,0,,,,0.39893332,0.0,0.0,0.0,756.22
9,13,3,0,,,,0.5291833,0.0,0.0,0.0,775.81
9,14,3,0,,,,0.85733336,0.0,0.0,0.0,700.16
9,15,3,0,,,,0.84466666,0.0,0.0,0.0,350.85
9,16,3,0,,,,1.6216333,0.0,0.0,0.0,64.23
9,17,3,0,,,,1.3967667,0.0,0.0,0.0,49.59
9,18,3,0,,,,0.3419,0.0,0.0,0.0,24.54
9,19,3,0,,,,1.0908,0.0,0.0,0.0,0.0
9,20,3,0,,,,1.6698667,0.0,0.0,0.0,0.0
9,21,3,0,,,,1.0714,0.0,0.0,0.0,0.0
9,22,3,0,,,,2.3248832,0.0,0.0,0.0,0.0
9,23,3,0,,,,1.4663334,0.0,0.0,0.0,0.0
9,24,3,0,,,,1.10655,0.0,0.0,0.0,0.0
9,1,4,0,,,,0.41901666,0.0,0.0,0.0,0.0
9,2,4,0,,,,0.41825,0.0,0.0,0.0,0.0
9,3,4,0,,,,0.41771665,0.0,0.0,0.0,0.0
9,4,4,0,,,,0.41798332,0.0,0.0,0.0,0.0
9,5,4,0,,,,0.41741666,0.0,0.0,0.0,0.0
9,6,4,0,,,,0.6085333,0.0,0.0,0.0,0.0
9,7,4,0,,,,0.8340167,0.0,0.0,0.0,0.0
9,8,4,0,,,,0.41563332,0.0,0.0,0.0,25.38
9,9,4,0,,,,0.26628333,0.0,0.0,0.0,57.71
9,10,4,0,,,,0.26413333,0.0,0.0,0.0,90.7
9,11,4,0,,,,0.27166668,0.0,0.0,0.0,121.06
9,12,4,0,,,,0.28016666,0.0,0.0,0.0,180.22
9,13,4,0,,,,0.27531666,0.0,0.0,0.0,69.67
9,14,4,0,,,,0.26798335,0.0,0.0,0.0,293.18
9,15,4,0,,,,0.26565,0.0,0.0,0.0,293.49
9,16,4,0,,,,1.0618334,0.0,0.0,0.0,310.96
9,17,4,0,,,,1.9969333,0.0,0.0,0.0,201.65
9,18,4,0,,,,0.5821,0.0,0.0,0.0,45.19
9,19,4,0,,,,0.45501667,0.0,0.0,0.0,0.0
9,20,4,0,,,,0.7194833,0.0,0.0,0.0,0.0
9,21,4,0,,,,3.3366168,0.0,0.0,0.0,0.0
9,22,4,0,,,,1.3253666,0.0,0.0,0.0,0.0
9,23,4,0,,,,2.1788,0.0,0.0,0.0,0.0
9,24,4,0,,,,0.5178583,0.0,0.0,0.0,0.0
9,1,5,0,,,,0.46446666,0.0,0.0,0.0,0.0
9,2,5,0,,,,0.46496665,0.0,0.0,0.0,0.0
9,3,5,0,,,,0.46495,0.0,0.0,0.0,0.0
9,4,5,0,,,,0.46428335,0.0,0.0,0.0,0.0
9,5,5,0,,,,0.4607,0.0,0.0,0.0,0.0
9,6,5,0,,,,0.46513334,0.0,0.0,0.0,0.0
9,7,5,0,,,,0.5588167,0.0,0.0,0.0,0.0
9,8,5,0,,,,0.62615,0.0,0.0,0.0,26.67
9,9,5,0,,,,0.6364167,0.0,0.0,0.0,76.42
9,10,5,0,,,,0.31213334,0.0,0.0,0.0,307.88
9,11,5,0,,,,0.31391665,0.0,0.0,0.0,482.41
9,12,5,0,,,,0.32338333,0.0,0.0,0.0,707.2
9,13,5,0,,,,0.2952,0.0,0.0,0.0,764.12
9,14,5,0,,,,0.26683334,0.0,0.0,0.0,690.11
9,15,5,0,,,,0.29585,0.0,0.0,0.0,547.95
9,16,5,0,,,,0.52835,0.0,0.0,0.0,426.19
9,17,5,0,,,,0.5660667,0.0,0.0,0.0,236.65
9,18,5,0,,,,0.57085,0.0,0.0,0.0,46.17
9,19,5,0,,,,0.61438334,0.0,0.0,0.0,0.0
9,20,5,0,,,,0.8416833,0.0,0.0,0.0,0.0
9,21,5,0,,,,0.99905,0.0,0.0,0.0,0.0
9,22,5,0,,,,0.9339833,0.0,0.0,0.0,0.0
9,23,5,0,,,,0.7658,0.0,0.0,0.0,0.0
9,24,5,0,,,,0.931175,0.0,0.0,0.0,0.0
9,1,6,0,,,,2.7955167,0.0,0.0,0.0,0.0
9,2,6,0,,,,0.7015833,0.0,0.0,0.0,0.0
9,3,6,0,,,,0.27401668,0.0,0.0,0.0,0.0
9,4,6,0,,,,0.262,0.0,0.0,0.0,0.0
9,5,6,0,,,,0.25916666,0.0,0.0,0.0,0.0
9,6,6,0,,,,0.25941667,0.0,0.0,0.0,0.0
9,7,6,0,,,,0.23965,0.0,0.0,0.0,5.67
9,8,6,0,,,,0.26568332,0.0,0.0,0.0,199.07
9,9,6,0,,,,0.26165,0.0,0.0,0.0,430.43
9,10,6,0,,,,2.0344167,0.0,0.0,0.0,598.82
9,11,6,0,,,,0.2954,0.0,0.0,0.0,703.61
9,12,6,0,,,,2.3773084,0.0,0.0,0.0,756.32
9,13,6,0,,,,0.57985,0.0,0.0,0.0,747.81
9,14,6,0,,,,0.34691668,0.0,0.0,0.0,634.34
9,15,6,0,,,,0.34426665,0.0,0.0,0.0,554.24
9,16,6,0,,,,1.9606,0.0,0.0,0.0,433.91
9,17,6,0,,,,0.75163335,0.0,0.0,0.0,234.51
9,18,6,0,,,,1.0687,0.0,0.0,0.0,41.22
9,19,6,0,,,,0.32908332,0.0,0.0,0.0,0.0
9,20,6,0,,,,0.37041667,0.0,0.0,0.0,0.0
9,21,6,0,,,,3.5506833,0.0,0.0,0.0,0.0
9,22,6,0,,,,2.5014668,0.0,0.0,0.0,0.0
9,23,6,0,,,,0.8174,0.0,0.0,0.0,0.0
9,24,6,0,,,,1.6311667,0.0,0.0,0.0,0.0
9,1,7,0,,,,0.34035,0.0,0.0,0.0,0.0
9,2,7,0,,,,0.34163332,0.0,0.0,0.0,0.0
9,3,7,0,,,,0.34135,0.0,0.0,0.0,0.0
9,4,7,0,,,,1.0169667,0.0,0.0,0.0,0.0
9,5,7,0,,,,0.9106333,0.0,0.0,0.0,0.0
9,6,7,0,,,,0.34233335,0.0,0.0,0.0,0.0
9,7,7,0,,,,0.32275,0.0,0.0,0.0,0.0
9,8,7,0,,,,1.7599334,0.0,0.0,0.0,86.08
9,9,7,0,,,,0.25666666,0.0,0.0,0.0,302.08
9,10,7,0,,,,0.532,0.0,0.0,0.0,302.25
9,11,7,0,,,,0.6141833,0.0,0.0,0.0,190.39
9,12,7,0,,,,0.8657,0.0,0.0,0.0,522.38
9,13,7,0,,,,4.0691,0.0,0.0,0.0,281.39
9,14,7,0,,,,2.3710833,0.0,0.0,0.0,167.7
9,15,7,0,,,,2.3622832,0.0,0.0,0.0,164.79
9,16,7,0,,,,3.8126667,0.0,0.0,0.0,17.33
9,17,7,0,,,,2.9054,0.0,0.0,0.0,6.07
9,18,7,0,,,,1.78375,0.0,0.0,0.0,25.0
9,19,7,0,,,,2.9662333,0.0,0.0,0.0,0.0
9,20,7,0,,,,2.2257166,0.0,0.0,0.0,0.0
9,21,7,0,,,,2.0969667,0.0,0.0,0.0,0.0
9,22,7,0,,,,1.2381667,0.0,0.0,0.0,0.0
9,23,7,0,,,,2.77245,0.0,0.0,0.0,0.0
9,24,7,0,,,,3.0481083,0.0,0.0,0.0,0.0
9,1,1,0,,,,3.1621,0.0,0.0,0.0,0.0
9,2,1,0,,,,0.44858333,0.0,0.0,0.0,0.0
9,3,1,0,,,,0.44893333,0.0,0.0,0.0,0.0
9,4,1,0,,,,0.44643334,0.0,0.0,0.0,0.0
9,5,1,0,,,,2.0319166,0.0,0.0,0.0,0.0
9,6,1,0,,,,1.3343834,0.0,0.0,0.0,0.0
9,7,1,0,,,,0.57268333,0.0,0.0,0.0,0.0
9,8,1,0,,,,0.6324,0.0,0.0,0.0,13.0
9,9,1,0,,,,0.35506666,0.0,0.0,0.0,33.24
9,10,1,0,,,,0.35448334,0.0,0.0,0.0,95.16
9,11,1,0,,,,0.41493332,0.0,0.0,0.0,126.57
9,12,1,0,,,,0.69561666,0.0,0.0,0.0,138.28
9,13,1,0,,,,0.36773333,0.0,0.0,0.0,83.28
9,14,1,0,,,,0.35856667,0.0,0.0,0.0,69.15
9,15,1,0,,,,2.1726665,0.0,0.0,0.0,30.73
9,16,1,0,,,,2.6960166,0.0,0.0,0.0,13.8
9,17,1,0,,,,3.8139334,0.0,0.0,0.0,8.06
9,18,1,0,,,,2.3674166,0.0,0.0,0.0,0.0
9,19,1,0,,,,0.96566665,0.0,0.0,0.0,0.0
9,20,1,0,,,,2.34995,0.0,0.0,0.0,0.0
9,21,1,0,,,,4.1652,0.0,0.0,0.0,0.0
9,22,1,0,,,,1.74745,0.0,0.0,0.0,0.0
9,23,1,0,,,,2.1002834,0.0,0.0,0.0,0.0
9,24,1,0,,,,0.62599164,0.0,0.0,0.0,0.0
9,1,2,0,,,,0.35958335,0.0,0.0,0.0,0.0
9,2,2,0,,,,0.35323334,0.0,0.0,0.0,0.0
9,3,2,0,,,,0.34928334,0.0,0.0,0.0,0.0
9,4,2,0,,,,0.3489,0.0,0.0,0.0,0.0
9,5,2,0,,,,0.34783334,0.0,0.0,0.0,0.0
9,6,2,0,,,,1.56625,0.0,0.0,0.0,0.0
9,7,2,0,,,,0.48155,0.0,0.0,0.0,0.0
9,8,2,0,,,,0.29803333,0.0,0.0,0.0,17.19
9,9,2,0,,,,0.2554,0.0,0.0,0.0,38.95
9,10,2,0,,,,0.25433335,0.0,0.0,0.0,66.71
9,11,2,0,,,,0.25893334,0.0,0.0,0.0,91.91
9,12,2,0,,,,0.8660167,0.0,0.0,0.0,75.06
9,13,2,0,,,,1.5727834,0.0,0.0,0.0,59.21
9,14,2,0,,,,2.7016168,0.0,0.0,0.0,45.23
9,15,2,0,,,,2.4505,0.0,0.0,0.0,30.32
9,16,2,0,,,,2.9673834,0.0,0.0,0.0,33.22
9,17,2,0,,,,2.4360332,0.0,0.0,0.0,15.57
9,18,2,0,,,,2.4233832,0.0,0.0,0.0,4.01
9,19,2,0,,,,2.2927833,0.0,0.0,0.0,0.0
9,20,2,0,,,,0.92293334,0.0,0.0,0.0,0.0
9,21,2,0,,,,1.3109167,0.0,0.0,0.0,0.0
9,22,2,0,,,,0.7296,0.0,0.0,0.0,0.0
9,23,2,0,,,,0.5574833,0.0,0.0,0.0,0.0
9,24,2,0,,,,0.5215667,0.0,0.0,0.0,0.0
9,1,3,0,,,,0.51748335,0.0,0.0,0.0,0.0
9,2,3,0,,,,0.51385,0.0,0.0,0.0,0.0
9,3,3,0,,,,0.51385,0.0,0.0,0.0,0.0
9,4,3,0,,,,0.51393336,0.0,0.0,0.0,0.0
9,5,3,0,,,,0.5112,0.0,0.0,0.0,0.0
9,6,3,0,,,,0.5187167,0.0,0.0,0.0,0.0
9,7,3,0,,,,0.77748334,0.0,0.0,0.0,0.0
9,8,3,0,,,,0.64321667,0.0,0.0,0.0,20.66
9,9,3,0,,,,0.35981667,0.0,0.0,0.0,170.37
9,10,3,0,,,,0.35805,0.0,0.0,0.0,533.29
9,11,3,0,,,,1.0500333,0.0,0.0,0.0,583.05
9,12,3,0,,,,0.8331,0.0,0.0,0.0,672.18
9,13,3,0,,,,1.8083,0.0,0.0,0.0,697.42
9,14,3,0,,,,1.2659333,0.0,0.0,0.0,390.29
9,15,3,0,,,,1.3679334,0.0,0.0,0.0,211.31
9,16,3,0,,,,1.54115,0.0,0.0,0.0,81.01
9,17,3,0,,,,1.7274834,0.0,0.0,0.0,81.15
9,18,3,0,,,,1.6578333,0.0,0.0,0.0,8.74
9,19,3,0,,,,0.84213334,0.0,0.0,0.0,0.0
9,20,3,0,,,,0.86505,0.0,0.0,0.0,0.0
9,21,3,0,,,,2.0760834,0.0,0.0,0.0,0.0
9,22,3,0,,,,1.4551333,0.0,0.0,0.0,0.0
9,23,3,0,,,,3.1912832,0.0,0.0,0.0,0.0
9,24,3,0,,,,0.6699917,0.0,0.0,0.0,0.0
9,1,4,0,,,,0.36333334,0.0,0.0,0.0,0.0
9,2,4,0,,,,0.35975,0.0,0.0,0.0,0.0
9,3,4,0,,,,0.36033332,0.0,0.0,0.0,0.0
9,4,4,0,,,,0.353375,0.0,0.0,0.0,0.0
9,5,4,0,,,,0.3595,0.0,0.0,0.0,0.0
9,6,4,0,,,,0.51275,0.0,0.0,0.0,0.0
9,7,4,0,,,,2.0465834,0.0,0.0,0.0,0.0
9,8,4,0,,,,0.49871665,0.0,0.0,0.0,25.3
9,9,4,0,,,,0.3601,0.0,0.0,0.0,193.94
9,10,4,0,,,,0.3629,0.0,0.0,0.0,138.42
9,11,4,0,,,,0.3673,0.0,0.0,0.0,255.02
9,12,4,0,,,,1.8417667,0.0,0.0,0.0,351.88
9,13,4,0,,,,1.94985,0.0,0.0,0.0,556.18
9,14,4,0,,,,1.6924666,0.0,0.0,0.0,394.74
9,15,4,0,,,,1.81395,0.0,0.0,0.0,365.55
9,16,4,0,,,,2.2187667,0.0,0.0,0.0,281.16
9,17,4,0,,,,2.2985,0.0,0.0,0.0,157.97
9,18,4,0,,,,1.8204833,0.0,0.0,0.0,8.15
9,19,4,0,,,,1.6360834,0.0,0.0,0.0,0.0
9,20,4,0,,,,0.6593,0.0,0.0,0.0,0.0
9,21,4,0,,,,0.7442,0.0,0.0,0.0,0.0
9,22,4,0,,,,4.9578333,0.0,0.0,0.0,0.0
9,23,4,0,,,,1.9356667,0.0,0.0,0.0,0.0
9,24,4,0,,,,0.41073334,0.0,0.0,0.0,0.0
9,1,5,0,,,,0.94243336,0.0,0.0,0.0,0.0
9,2,5,0,,,,0.35931668,0.0,0.0,0.0,0.0
9,3,5,0,,,,0.35978332,0.0,0.0,0.0,0.0
9,4,5,0,,,,0.35988334,0.0,0.0,0.0,0.0
9,5,5,0,,,,0.3587,0.0,0.0,0.0,0.0
9,6,5,0,,,,0.41273335,0.0,0.0,0.0,0.0
9,7,5,0,,,,0.44695,0.0,0.0,0.0,0.0
9,8,5,0,,,,1.0425667,0.0,0.0,0.0,65.96
9,9,5,0,,,,0.35788333,0.0,0.0,0.0,270.75
9,10,5,0,,,,0.35671666,0.0,0.0,0.0,122.3
9,11,5,0,,,,0.3626,0.0,0.0,0.0,136.97
9,12,5,0,,,,0.37745,0.0,0.0,0.0,156.26
9,13,5,0,,,,0.58458334,0.0,0.0,0.0,266.71
9,14,5,0,,,,2.0082166,0.0,0.0,0.0,306.09
9,15,5,0,,,,1.7244166,0.0,0.0,0.0,119.28
9,16,5,0,,,,2.8330166,0.0,0.0,0.0,48.76
9,17,5,0,,,,3.6339,0.0,0.0,0.0,16.92
9,18,5,0,,,,1.2211334,0.0,0.0,0.0,6.89
9,19,5,0,,,,1.4443,0.0,0.0,0.0,0.0
9,20,5,0,,,,1.7536833,0.0,0.0,0.0,0.0
9,21,5,0,,,,1.8003,0.0,0.0,0.0,0.0
9,22,5,0,,,,1.1016,0.0,0.0,0.0,0.0
9,23,5,0,,,,2.97795,0.0,0.0,0.0,0.0
9,24,5,0,,,,3.1827834,0.0,0.0,0.0,0.0
10,1,6,0,,,,0.8312,0.0,0.0,0.0,0.0
10,2,6,0,,,,0.44745,0.0,0.0,0.0,0.0
10,3,6,0,,,,0.44835,0.0,0.0,0.0,0.0
10,4,6,0,,,,0.44856668,0.0,0.0,0.0,0.0
10,5,6,0,,,,0.44516668,0.0,0.0,0.0,0.0
10,6,6,0,,,,0.484975,0.0,0.0,0.0,0.0
10,7,6,0,,,,0.43286666,0.0,0.0,0.0,0.0
10,8,6,0,,,,0.44998333,0.0,0.0,0.0,50.37
10,9,6,0,,,,0.44961667,0.0,0.0,0.0,96.3
10,10,6,0,,,,1.4034333,0.0,0.0,0.0,127.46
10,11,6,0,,,,2.0420833,0.0,0.0,0.0,195.39
10,12,6,0,,,,2.0187666,0.0,0.0,0.0,173.02
10,13,6,0,,,,2.1548166,0.0,0.0,0.0,419.71
10,14,6,0,,,,2.1054,0.0,0.0,0.0,531.01
10,15,6,0,,,,1.9654833,0.0,0.0,0.0,112.98
10,16,6,0,,,,1.7567166,0.0,0.0,0.0,326.63
10,17,6,0,,,,0.8595,0.0,0.0,0.0,208.36
10,18,6,0,,,,0.96183336,0.0,0.0,0.0,5.5
10,19,6,0,,,,3.5203,0.0,0.0,0.0,0.0
10,20,6,0,,,,1.89435,0.0,0.0,0.0,0.0
10,21,6,0,,,,0.98478335,0.0,0.0,0.0,0.0
10,22,6,0,,,,1.9739333,0.0,0.0,0.0,0.0
10,23,6,0,,,,1.0158167,0.0,0.0,0.0,0.0
10,24,6,0,,,,2.7876167,0.0,0.0,0.0,0.0
10,1,7,0,,,,2.1828833,0.0,0.0,0.0,0.0
10,2,7,0,,,,2.1504166,0.0,0.0,0.0,0.0
10,3,7,0,,,,0.90141666,0.0,0.0,0.0,0.0
10,4,7,0,,,,0.64325,0.0,0.0,0.0,0.0
10,5,7,0,,,,0.5603333,0.0,0.0,0.0,0.0
10,6,7,0,,,,0.56093335,0.0,0.0,0.0,0.0
10,7,7,0,,,,0.7262167,0.0,0.0,0.0,0.0
10,8,7,0,,,,1.6685667,0.0,0.0,0.0,172.47
10,9,7,0,,,,1.1556833,0.0,0.0,0.0,391.49
10,10,7,0,,,,1.0945333,0.0,0.0,0.0,565.22
10,11,7,0,,,,1.3339666,0.0,0.0,0.0,679.34
10,12,7,0,,,,1.4233,0.0,0.0,0.0,728.94
10,13,7,0,,,,1.8472333,0.0,0.0,0.0,718.99
10,14,7,0,,,,1.6341,0.0,0.0,0.0,654.68
10,15,7,0,,,,3.1514833,0.0,0.0,0.0,513.91
10,16,7,0,,,,1.77065,0.0,0.0,0.0,383.48
10,17,7,0,,,,1.7900167,0.0,0.0,0.0,179.62
10,18,7,0,,,,0.9769167,0.0,0.0,0.0,3.85
10,19,7,0,,,,1.5493166,0.0,0.0,0.0,0.0
10,20,7,0,,,,2.7076666,0.0,0.0,0.0,0.0
10,21,7,0,,,,1.1517167,0.0,0.0,0.0,0.0
10,22,7,0,,,,0.95051664,0.0,0.0,0.0,0.0
10,23,7,0,,,,0.76028335,0.0,0.0,0.0,0.0
10,24,7,0,,,,0.7328417,0.0,0.0,0.0,0.0
10,1,1,0,,,,0.5015333,0.0,0.0,0.0,0.0
10,2,1,0,,,,0.40378332,0.0,0.0,0.0,0.0
10,3,1,0,,,,0.39695,0.0,0.0,0.0,0.0
10,4,1,0,,,,0.39901668,0.0,0.0,0.0,0.0
10,5,1,0,,,,0.39693335,0.0,0.0,0.0,0.0
10,6,1,0,,,,0.40701666,0.0,0.0,0.0,0.0
10,7,1,0,,,,0.45446667,0.0,0.0,0.0,0.0
10,8,1,0,,,,0.8278667,0.0,0.0,0.0,52.49
10,9,1,0,,,,0.5301833,0.0,0.0,0.0,150.52
10,10,1,0,,,,0.40946665,0.0,0.0,0.0,222.14
10,11,1,0,,,,0.4169,0.0,0.0,0.0,584.08
10,12,1,0,,,,0.42565,0.0,0.0,0.0,654.72
10,13,1,0,,,,0.42015,0.0,0.0,0.0,689.95
10,14,1,0,,,,0.40103334,0.0,0.0,0.0,648.48
10,15,1,0,,,,0.36718333,0.0,0.0,0.0,516.37
10,16,1,0,,,,0.36565,0.0,0.0,0.0,225.79
10,17,1,0,,,,0.53003335,0.0,0.0,0.0,173.69
10,18,1,0,,,,1.4027166,0.0,0.0,0.0,3.33
10,19,1,0,,,,0.6634,0.0,0.0,0.0,0.0
10,20,1,0,,,,1.2730833,0.0,0.0,0.0,0.0
10,21,1,0,,,,1.1665666,0.0,0.0,0.0,0.0
10,22,1,0,,,,1.9485333,0.0,0.0,0.0,0.0
10,23,1,0,,,,1.3312,0.0,0.0,0.0,0.0
10,24,1,0,,,,0.491625,0.0,0.0,0.0,0.0
10,1,2,0,,,,0.49026668,0.0,0.0,0.0,0.0
10,2,2,0,,,,0.49193335,0.0,0.0,0.0,0.0
10,3,2,0,,,,0.48846668,0.0,0.0,0.0,0.0
10,4,2,0,,,,0.48763335,0.0,0.0,0.0,0.0
10,5,2,0,,,,0.48506665,0.0,0.0,0.0,0.0
10,6,2,0,,,,0.5118167,0.0,0.0,0.0,0.0
10,7,2,0,,,,0.95026666,0.0,0.0,0.0,0.0
10,8,2,0,,,,0.7492667,0.0,0.0,0.0,9.35
10,9,2,0,,,,0.41071665,0.0,0.0,0.0,48.36
10,10,2,0,,,,0.41053334,0.0,0.0,0.0,131.92
10,11,2,0,,,,0.41718334,0.0,0.0,0.0,135.9
10,12,2,0,,,,0.42451668,0.0,0.0,0.0,157.64
10,13,2,0,,,,0.41858333,0.0,0.0,0.0,285.53
10,14,2,0,,,,0.414,0.0,0.0,0.0,249.81
10,15,2,0,,,,0.37348333,0.0,0.0,0.0,153.11
10,16,2,0,,,,0.37651667,0.0,0.0,0.0,48.65
10,17,2,0,,,,0.7219833,0.0,0.0,0.0,23.33
10,18,2,0,,,,0.65178335,0.0,0.0,0.0,0.0
10,19,2,0,,,,0.8141,0.0,0.0,0.0,0.0
10,20,2,0,,,,0.96288335,0.0,0.0,0.0,0.0
10,21,2,0,,,,2.1146834,0.0,0.0,0.0,0.0
10,22,2,0,,,,1.4151,0.0,0.0,0.0,0.0
10,23,2,0,,,,1.4075167,0.0,0.0,0.0,0.0
10,24,2,0,,,,1.8620083,0.0,0.0,0.0,0.0
10,1,3,0,,,,0.49133334,0.0,0.0,0.0,0.0
10,2,3,0,,,,0.49243334,0.0,0.0,0.0,0.0
10,3,3,0,,,,0.4899,0.0,0.0,0.0,0.0
10,4,3,0,,,,0.48893332,0.0,0.0,0.0,0.0
10,5,3,0,,,,0.48675,0.0,0.0,0.0,0.0
10,6,3,0,,,,0.52045,0.0,0.0,0.0,0.0
10,7,3,0,,,,0.48726666,0.0,0.0,0.0,0.0
10,8,3,0,,,,0.9170333,0.0,0.0,0.0,6.97
10,9,3,0,,,,0.48628333,0.0,0.0,0.0,88.99
10,10,3,0,,,,0.40606666,0.0,0.0,0.0,214.96
10,11,3,0,,,,0.41671667,0.0,0.0,0.0,228.66
10,12,3,0,,,,0.42656666,0.0,0.0,0.0,184.34
10,13,3,0,,,,0.41963333,0.0,0.0,0.0,115.39
10,14,3,0,,,,0.5053167,0.0,0.0,0.0,188.08
10,15,3,0,,,,0.60616666,0.0,0.0,0.0,42.57
10,16,3,0,,,,0.6178667,0.0,0.0,0.0,81.2
10,17,3,0,,,,0.60295,0.0,0.0,0.0,78.79
10,18,3,0,,,,0.78495,0.0,0.0,0.0,0.0
10,19,3,0,,,,0.69165,0.0,0.0,0.0,0.0
10,20,3,0,,,,0.6914667,0.0,0.0,0.0,0.0
10,21,3,0,,,,1.13475,0.0,0.0,0.0,0.0
10,22,3,0,,,,1.3275666,0.0,0.0,0.0,0.0
10,23,3,0,,,,1.4094,0.0,0.0,0.0,0.0
10,24,3,0,,,,1.7973917,0.0,0.0,0.0,0.0
10,1,4,0,,,,0.94658333,0.0,0.0,0.0,0.0
10,2,4,0,,,,0.48971668,0.0,0.0,0.0,0.0
10,3,4,0,,,,0.49143332,0.0,0.0,0.0,0.0
10,4,4,0,,,,0.49108332,0.0,0.0,0.0,0.0
10,5,4,0,,,,0.49098334,0.0,0.0,0.0,0.0
10,6,4,0,,,,0.6361833,0.0,0.0,0.0,0.0
10,7,4,0,,,,1.02635,0.0,0.0,0.0,0.0
10,8,4,0,,,,0.60936666,0.0,0.0,0.0,49.62
10,9,4,0,,,,0.41123334,0.0,0.0,0.0,59.34
10,10,4,0,,,,0.40988332,0.0,0.0,0.0,295.7
10,11,4,0,,,,0.41766667,0.0,0.0,0.0,435.19
10,12,4,0,,,,0.41113332,0.0,0.0,0.0,385.39
10,13,4,0,,,,0.37061667,0.0,0.0,0.0,458.96
10,14,4,0,,,,0.36745,0.0,0.0,0.0,66.45
10,15,4,0,,,,0.36856666,0.0,0.0,0.0,48.39
10,16,4,0,,,,0.36363333,0.0,0.0,0.0,130.51
10,17,4,0,,,,1.4061,0.0,0.0,0.0,56.86
10,18,4,0,,,,0.784,0.0,0.0,0.0,0.0
10,19,4,0,,,,1.8670167,0.0,0.0,0.0,0.0
10,20,4,0,,,,3.0578,0.0,0.0,0.0,0.0
10,21,4,0,,,,3.0886667,0.0,0.0,0.0,0.0
10,22,4,0,,,,1.1570166,0.0,0.0,0.0,0.0
10,23,4,0,,,,0.93521667,0.0,0.0,0.0,0.0
10,24,4,0,,,,2.0762167,0.0,0.0,0.0,0.0
10,1,5,0,,,,0.46698335,0.0,0.0,0.0,0.0
10,2,5,0,,,,0.46718332,0.0,0.0,0.0,0.0
10,3,5,0,,,,0.46913335,0.0,0.0,0.0,0.0
10,4,5,0,,,,0.46771666,0.0,0.0,0.0,0.0
10,5,5,0,,,,0.46875,0.0,0.0,0.0,0.0
10,6,5,0,,,,0.49733335,0.0,0.0,0.0,0.0
10,7,5,0,,,,0.5380167,0.0,0.0,0.0,0.0
10,8,5,0,,,,0.47423333,0.0,0.0,0.0,146.36
10,9,5,0,,,,0.37938333,0.0,0.0,0.0,398.4
10,10,5,0,,,,0.6699333,0.0,0.0,0.0,576.24
10,11,5,0,,,,0.52215,0.0,0.0,0.0,567.32
10,12,5,0,,,,0.39651668,0.0,0.0,0.0,298.56
10,13,5,0,,,,0.39621666,0.0,0.0,0.0,87.98
10,14,5,0,,,,0.3938,0.0,0.0,0.0,105.09
10,15,5,0,,,,0.40208334,0.0,0.0,0.0,21.1
10,16,5,0,,,,0.43236667,0.0,0.0,0.0,80.85
10,17,5,0,,,,1.6783,0.0,0.0,0.0,22.54
10,18,5,0,,,,3.5267832,0.0,0.0,0.0,0.0
10,19,5,0,,,,1.9174167,0.0,0.0,0.0,0.0
10,20,5,0,,,,1.3804333,0.0,0.0,0.0,0.0
10,21,5,0,,,,1.3193667,0.0,0.0,0.0,0.0
10,22,5,0,,,,1.4185667,0.0,0.0,0.0,0.0
10,23,5,0,,,,1.6693333,0.0,0.0,0.0,0.0
10,24,5,0,,,,2.5219083,0.0,0.0,0.0,0.0
10,1,6,0,,,,0.48933333,0.0,0.0,0.0,0.0
10,2,6,0,,,,0.47498333,0.0,0.0,0.0,0.0
10,3,6,0,,,,0.46913335,0.0,0.0,0.0,0.0
10,4,6,0,,,,0.468,0.0,0.0,0.0,0.0
10,5,6,0,,,,0.46641666,0.0,0.0,0.0,0.0
10,6,6,0,,,,1.9086167,0.0,0.0,0.0,0.0
10,7,6,0,,,,1.4517666,0.0,0.0,0.0,0.0
10,8,6,0,,,,0.47091666,0.0,0.0,0.0,158.22
10,9,6,0,,,,2.6635334,0.0,0.0,0.0,379.61
10,10,6,0,,,,0.81338334,0.0,0.0,0.0,584.66
10,11,6,0,,,,0.5732167,0.0,0.0,0.0,692.53
10,12,6,0,,,,0.5150833,0.0,0.0,0.0,739.81
10,13,6,0,,,,0.88481665,0.0,0.0,0.0,731.03
10,14,6,0,,,,2.3420167,0.0,0.0,0.0,646.85
10,15,6,0,,,,3.1425333,0.0,0.0,0.0,429.2
10,16,6,0,,,,3.5776167,0.0,0.0,0.0,180.71
10,17,6,0,,,,2.6797,0.0,0.0,0.0,52.06
10,18,6,0,,,,2.03645,0.0,0.0,0.0,0.0
10,19,6,0,,,,1.6417667,0.0,0.0,0.0,0.0
10,20,6,0,,,,2.5241168,0.0,0.0,0.0,0.0
10,21,6,0,,,,1.6755834,0.0,0.0,0.0,0.0
10,22,6,0,,,,2.3255,0.0,0.0,0.0,0.0
10,23,6,0,,,,3.4886832,0.0,0.0,0.0,0.0
10,24,6,0,,,,0.77865,0.0,0.0,0.0,0.0
10,1,7,0,,,,0.4656,0.0,0.0,0.0,0.0
10,2,7,0,,,,0.46831667,0.0,0.0,0.0,0.0
10,3,7,0,,,,0.46848333,0.0,0.0,0.0,0.0
10,4,7,0,,,,0.46925,0.0,0.0,0.0,0.0
10,5,7,0,,,,0.46585,0.0,0.0,0.0,0.0
10,6,7,0,,,,0.46865,0.0,0.0,0.0,0.0
10,7,7,0,,,,0.4553,0.0,0.0,0.0,0.0
10,8,7,0,,,,0.47488335,0.0,0.0,0.0,9.46
10,9,7,0,,,,0.5204667,0.0,0.0,0.0,20.25
10,10,7,0,,,,0.53475,0.0,0.0,0.0,42.59
10,11,7,0,,,,2.0594666,0.0,0.0,0.0,74.0
10,12,7,0,,,,1.6493833,0.0,0.0,0.0,260.71
10,13,7,0,,,,3.0497334,0.0,0.0,0.0,157.12
10,14,7,0,,,,3.0590334,0.0,0.0,0.0,252.93
10,15,7,0,,,,2.7321,0.0,0.0,0.0,176.64
10,16,7,0,,,,3.6186666,0.0,0.0,0.0,147.17
10,17,7,0,,,,2.8359,0.0,0.0,0.0,188.94
10,18,7,0,,,,1.7832,0.0,0.0,0.0,0.0
10,19,7,0,,,,2.3902166,0.0,0.0,0.0,0.0
10,20,7,0,,,,1.7962834,0.0,0.0,0.0,0.0
10,21,7,0,,,,1.6800667,0.0,0.0,0.0,0.0
10,22,7,0,,,,1.3175833,0.0,0.0,0.0,0.0
10,23,7,0,,,,0.9245,0.0,0.0,0.0,0.0
10,24,7,0,,,,2.5305834,0.0,0.0,0.0,0.0
10,1,1,0,,,,1.1646333,0.0,0.0,0.0,0.0
10,2,1,0,,,,0.47738335,0.0,0.0,0.0,0.0
10,3,1,0,,,,0.47331667,0.0,0.0,0.0,0.0
10,4,1,0,,,,0.472,0.0,0.0,0.0,0.0
10,5,1,0,,,,0.47191668,0.0,0.0,0.0,0.0
10,6,1,0,,,,0.56,0.0,0.0,0.0,0.0
10,7,1,0,,,,0.9342667,0.0,0.0,0.0,0.0
10,8,1,0,,,,0.51995,0.0,0.0,0.0,44.1
10,9,1,0,,,,0.45403334,0.0,0.0,0.0,210.86
10,10,1,0,,,,0.37821665,0.0,0.0,0.0,318.61
10,11,1,0,,,,0.38613334,0.0,0.0,0.0,67.27
10,12,1,0,,,,0.39333335,0.0,0.0,0.0,138.7
10,13,1,0,,,,0.38705,0.0,0.0,0.0,575.54
10,14,1,0,,,,0.3813,0.0,0.0,0.0,439.51
10,15,1,0,,,,1.8391,0.0,0.0,0.0,206.71
10,16,1,0,,,,1.71195,0.0,0.0,0.0,222.25
10,17,1,0,,,,1.7525166,0.0,0.0,0.0,70.73
10,18,1,0,,,,0.6810167,0.0,0.0,0.0,0.0
10,19,1,0,,,,0.66941667,0.0,0.0,0.0,0.0
10,20,1,0,,,,1.98,0.0,0.0,0.0,0.0
10,21,1,0,,,,1.2934667,0.0,0.0,0.0,0.0
10,22,1,0,,,,1.2612833,0.0,0.0,0.0,0.0
10,23,1,0,,,,2.1379166,0.0,0.0,0.0,0.0
10,24,1,0,,,,2.284425,0.0,0.0,0.0,0.0
10,1,2,0,,,,0.45291665,0.0,0.0,0.0,0.0
10,2,2,0,,,,0.48553333,0.0,0.0,0.0,0.0
10,3,2,0,,,,0.49585,0.0,0.0,0.0,0.0
10,4,2,0,,,,0.4955,0.0,0.0,0.0,0.0
10,5,2,0,,,,0.48410833,0.0,0.0,0.0,0.0
10,6,2,0,,,,0.719325,0.0,0.0,0.0,0.0
10,7,2,0,,,,1.1719333,0.0,0.0,0.0,0.0
10,8,2,0,,,,0.49336666,0.0,0.0,0.0,52.18
10,9,2,0,,,,0.4133,0.0,0.0,0.0,358.0
10,10,2,0,,,,0.41156667,0.0,0.0,0.0,523.13
10,11,2,0,,,,0.41675,0.0,0.0,0.0,174.33
10,12,2,0,,,,0.42236668,0.0,0.0,0.0,285.71
10,13,2,0,,,,0.3723,0.0,0.0,0.0,600.93
10,14,2,0,,,,0.36473334,0.0,0.0,0.0,64.25
10,15,2,0,,,,0.36321667,0.0,0.0,0.0,118.4
10,16,2,0,,,,0.36135,0.0,0.0,0.0,220.51
10,17,2,0,,,,1.2464666,0.0,0.0,0.0,121.62
10,18,2,0,,,,0.58035,0.0,0.0,0.0,0.0
10,19,2,0,,,,0.72788334,0.0,0.0,0.0,0.0
10,20,2,0,,,,0.63165,0.0,0.0,0.0,0.0
10,21,2,0,,,,0.68385,0.0,0.0,0.0,0.0
10,22,2,0,,,,1.1720166,0.0,0.0,0.0,0.0
10,23,2,0,,,,3.2831333,0.0,0.0,0.0,0.0
10,24,2,0,,,,0.95665,0.0,0.0,0.0,0.0
10,1,3,0,,,,0.5474,0.0,0.0,0.0,0.0
10,2,3,0,,,,0.49711666,0.0,0.0,0.0,0.0
10,3,3,0,,,,0.49626666,0.0,0.0,0.0,0.0
10,4,3,0,,,,0.49675,0.0,0.0,0.0,0.0
10,5,3,0,,,,0.49468333,0.0,0.0,0.0,0.0
10,6,3,0,,,,0.54401666,0.0,0.0,0.0,0.0
10,7,3,0,,,,0.56895,0.0,0.0,0.0,0.0
10,8,3,0,,,,0.5975,0.0,0.0,0.0,36.23
10,9,3,0,,,,0.4097,0.0,0.0,0.0,148.28
10,10,3,0,,,,0.47611666,0.0,0.0,0.0,435.32
10,11,3,0,,,,0.7996167,0.0,0.0,0.0,315.93
10,12,3,0,,,,0.42811668,0.0,0.0,0.0,335.89
10,13,3,0,,,,0.41971666,0.0,0.0,0.0,308.81
10,14,3,0,,,,0.41218334,0.0,0.0,0.0,154.6
10,15,3,0,,,,0.44623333,0.0,0.0,0.0,209.12
10,16,3,0,,,,2.0658166,0.0,0.0,0.0,134.05
10,17,3,0,,,,0.53041667,0.0,0.0,0.0,103.7
10,18,3,0,,,,1.5701833,0.0,0.0,0.0,0.0
10,19,3,0,,,,0.87425,0.0,0.0,0.0,0.0
10,20,3,0,,,,1.3260833,0.0,0.0,0.0,0.0
10,21,3,0,,,,1.3668667,0.0,0.0,0.0,0.0
10,22,3,0,,,,1.0325834,0.0,0.0,0.0,0.0
10,23,3,0,,,,0.79871666,0.0,0.0,0.0,0.0
10,24,3,0,,,,0.5114083,0.0,0.0,0.0,0.0
10,1,4,0,,,,0.49648333,0.0,0.0,0.0,0.0
10,2,4,0,,,,0.49838334,0.0,0.0,0.0,0.0
10,3,4,0,,,,0.49245,0.0,0.0,0.0,0.0
10,4,4,0,,,,0.48771667,0.0,0.0,0.0,0.0
10,5,4,0,,,,0.48745,0.0,0.0,0.0,0.0
10,6,4,0,,,,0.801,0.0,0.0,0.0,0.0
10,7,4,0,,,,0.89555,0.0,0.0,0.0,0.0
10,8,4,0,,,,0.92901665,0.0,0.0,0.0,114.19
10,9,4,0,,,,0.53103334,0.0,0.0,0.0,350.64
10,10,4,0,,,,0.40635,0.0,0.0,0.0,517.64
10,11,4,0,,,,0.41308334,0.0,0.0,0.0,621.55
10,12,4,0,,,,0.41743332,0.0,0.0,0.0,695.28
10,13,4,0,,,,0.39946666,0.0,0.0,0.0,635.82
10,14,4,0,,,,0.36858332,0.0,0.0,0.0,598.71
10,15,4,0,,,,0.36488333,0.0,0.0,0.0,454.11
10,16,4,0,,,,0.36485,0.0,0.0,0.0,315.62
10,17,4,0,,,,0.35803333,0.0,0.0,0.0,114.08
10,18,4,0,,,,0.5390667,0.0,0.0,0.0,0.0
10,19,4,0,,,,2.5473166,0.0,0.0,0.0,0.0
10,20,4,0,,,,2.5064332,0.0,0.0,0.0,0.0
10,21,4,0,,,,1.31235,0.0,0.0,0.0,0.0
10,22,4,0,,,,1.6739334,0.0,0.0,0.0,0.0
10,23,4,0,,,,0.85525,0.0,0.0,0.0,0.0
10,24,4,0,,,,0.81296664,0.0,0.0,0.0,0.0
10,1,5,0,,,,0.4938,0.0,0.0,0.0,0.0
10,2,5,0,,,,0.49313334,0.0,0.0,0.0,0.0
10,3,5,0,,,,0.49271667,0.0,0.0,0.0,0.0
10,4,5,0,,,,0.49166667,0.0,0.0,0.0,0.0
10,5,5,0,,,,0.48896667,0.0,0.0,0.0,0.0
10,6,5,0,,,,0.9318333,0.0,0.0,0.0,0.0
10,7,5,0,,,,0.5742,0.0,0.0,0.0,0.0
10,8,5,0,,,,0.40891665,0.0,0.0,0.0,102.87
10,9,5,0,,,,0.40783334,0.0,0.0,0.0,341.51
10,10,5,0,,,,0.40915,0.0,0.0,0.0,512.26
10,11,5,0,,,,0.41495,0.0,0.0,0.0,616.88
10,12,5,0,,,,0.42378333,0.0,0.0,0.0,689.12
10,13,5,0,,,,0.42173332,0.0,0.0,0.0,667.51
10,14,5,0,,,,0.67221665,0.0,0.0,0.0,614.15
10,15,5,0,,,,1.50785,0.0,0.0,0.0,439.55
10,16,5,0,,,,1.6809,0.0,0.0,0.0,334.67
10,17,5,0,,,,0.82636666,0.0,0.0,0.0,113.82
10,18,5,0,,,,0.4428,0.0,0.0,0.0,0.0
10,19,5,0,,,,0.42948332,0.0,0.0,0.0,0.0
10,20,5,0,,,,0.42805,0.0,0.0,0.0,0.0
10,21,5,0,,,,3.5845,0.0,0.0,0.0,0.0
10,22,5,0,,,,2.4901834,0.0,0.0,0.0,0.0
10,23,5,0,,,,1.0754666,0.0,0.0,0.0,0.0
10,24,5,0,,,,0.49921668,0.0,0.0,0.0,0.0
10,1,6,0,,,,0.49961665,0.0,0.0,0.0,0.0
10,2,6,0,,,,0.49861667,0.0,0.0,0.0,0.0
10,3,6,0,,,,0.49746665,0.0,0.0,0.0,0.0
10,4,6,0,,,,0.49521667,0.0,0.0,0.0,0.0
10,5,6,0,,,,0.49181667,0.0,0.0,0.0,0.0
10,6,6,0,,,,0.5254667,0.0,0.0,0.0,0.0
10,7,6,0,,,,0.64176667,0.0,0.0,0.0,0.0
10,8,6,0,,,,0.76096666,0.0,0.0,0.0,85.12
10,9,6,0,,,,0.81986666,0.0,0.0,0.0,320.97
10,10,6,0,,,,0.6800333,0.0,0.0,0.0,482.42
10,11,6,0,,,,0.9726167,0.0,0.0,0.0,587.74
10,12,6,0,,,,0.67861664,0.0,0.0,0.0,646.51
10,13,6,0,,,,1.0739,0.0,0.0,0.0,634.19
10,14,6,0,,,,1.327,0.0,0.0,0.0,571.79
10,15,6,0,,,,2.0142834,0.0,0.0,0.0,411.3
10,16,6,0,,,,2.4617834,0.0,0.0,0.0,298.94
10,17,6,0,,,,2.0823,0.0,0.0,0.0,62.23
10,18,6,0,,,,1.8084834,0.0,0.0,0.0,0.0
10,19,6,0,,,,2.8094833,0.0,0.0,0.0,0.0
10,20,6,0,,,,1.1110333,0.0,0.0,0.0,0.0
10,21,6,0,,,,2.5377667,0.0,0.0,0.0,0.0
10,22,6,0,,,,1.2837833,0.0,0.0,0.0,0.0
10,23,6,0,,,,1.0739,0.0,0.0,0.0,0.0
10,24,6,0,,,,1.1072834,0.0,0.0,0.0,0.0
10,1,7,0,,,,0.89416665,0.0,0.0,0.0,0.0
10,2,7,0,,,,0.6052333,0.0,0.0,0.0,0.0
10,3,7,0,,,,0.60316664,0.0,0.0,0.0,0.0
10,4,7,0,,,,0.61378336,0.0,0.0,0.0,0.0
10,5,7,0,,,,0.7266833,0.0,0.0,0.0,0.0
10,6,7,0,,,,0.713,0.0,0.0,0.0,0.0
10,7,7,0,,,,0.7183,0.0,0.0,0.0,0.0
10,8,7,0,,,,1.1337167,0.0,0.0,0.0,16.68
10,9,7,0,,,,1.2585,0.0,0.0,0.0,148.64
10,10,7,0,,,,0.8915333,0.0,0.0,0.0,393.03
10,11,7,0,,,,0.8136333,0.0,0.0,0.0,642.48
10,12,7,0,,,,0.81708336,0.0,0.0,0.0,706.35
10,13,7,0,,,,0.8107833,0.0,0.0,0.0,680.5
10,14,7,0,,,,0.80011666,0.0,0.0,0.0,617.35
10,15,7,0,,,,0.94175,0.0,0.0,0.0,434.6
10,16,7,0,,,,0.9255,0.0,0.0,0.0,312.34
10,17,7,0,,,,2.3252,0.0,0.0,0.0,99.86
10,18,7,0,,,,1.2140334,0.0,0.0,0.0,0.0
10,19,7,0,,,,1.3800167,0.0,0.0,0.0,0.0
10,20,7,0,,,,3.4510667,0.0,0.0,0.0,0.0
10,21,7,0,,,,1.3854834,0.0,0.0,0.0,0.0
10,22,7,0,,,,1.30965,0.0,0.0,0.0,0.0
10,23,7,0,,,,1.0877334,0.0,0.0,0.0,0.0
10,24,7,0,,,,0.49400833,0.0,0.0,0.0,0.0
10,1,1,0,,,,0.49486667,0.0,0.0,0.0,0.0
10,2,1,0,,,,0.49303332,0.0,0.0,0.0,0.0
10,3,1,0,,,,0.49035,0.0,0.0,0.0,0.0
10,4,1,0,,,,0.4915,0.0,0.0,0.0,0.0
10,5,1,0,,,,0.48718333,0.0,0.0,0.0,0.0
10,6,1,0,,,,0.58891666,0.0,0.0,0.0,0.0
10,7,1,0,,,,0.9823833,0.0,0.0,0.0,0.0
10,8,1,0,,,,0.64308333,0.0,0.0,0.0,89.3
10,9,1,0,,,,0.39375,0.0,0.0,0.0,330.58
10,10,1,0,,,,0.39773333,0.0,0.0,0.0,498.77
10,11,1,0,,,,0.3978,0.0,0.0,0.0,617.88
10,12,1,0,,,,0.40455,0.0,0.0,0.0,683.31
10,13,1,0,,,,0.40081668,0.0,0.0,0.0,656.88
10,14,1,0,,,,0.40145,0.0,0.0,0.0,600.06
10,15,1,0,,,,0.40121666,0.0,0.0,0.0,448.02
10,16,1,0,,,,0.5150833,0.0,0.0,0.0,321.02
10,17,1,0,,,,0.6772,0.0,0.0,0.0,88.25
10,18,1,0,,,,0.74791664,0.0,0.0,0.0,0.0
10,19,1,0,,,,1.1013,0.0,0.0,0.0,0.0
10,20,1,0,,,,1.4457,0.0,0.0,0.0,0.0
10,21,1,0,,,,1.6350167,0.0,0.0,0.0,0.0
10,22,1,0,,,,0.99446666,0.0,0.0,0.0,0.0
10,23,1,0,,,,0.66323334,0.0,0.0,0.0,0.0
10,24,1,0,,,,0.48815,0.0,0.0,0.0,0.0
10,1,2,0,,,,0.4907,0.0,0.0,0.0,0.0
10,2,2,0,,,,0.49058333,0.0,0.0,0.0,0.0
10,3,2,0,,,,0.49105,0.0,0.0,0.0,0.0
10,4,2,0,,,,0.48905,0.0,0.0,0.0,0.0
10,5,2,0,,,,0.48445,0.0,0.0,0.0,0.0
10,6,2,0,,,,0.62168336,0.0,0.0,0.0,0.0
10,7,2,0,,,,0.97938335,0.0,0.0,0.0,0.0
10,8,2,0,,,,0.74258333,0.0,0.0,0.0,84.71
10,9,2,0,,,,0.40745,0.0,0.0,0.0,322.43
10,10,2,0,,,,0.41041666,0.0,0.0,0.0,487.72
10,11,2,0,,,,0.41606668,0.0,0.0,0.0,605.1
10,12,2,0,,,,0.42558333,0.0,0.0,0.0,656.0
10,13,2,0,,,,0.41978332,0.0,0.0,0.0,637.9
10,14,2,0,,,,0.40571666,0.0,0.0,0.0,589.97
10,15,2,0,,,,0.36543334,0.0,0.0,0.0,464.19
10,16,2,0,,,,0.3626,0.0,0.0,0.0,321.8
10,17,2,0,,,,0.45206666,0.0,0.0,0.0,83.01
10,18,2,0,,,,0.5006833,0.0,0.0,0.0,0.0
10,19,2,0,,,,0.8537167,0.0,0.0,0.0,0.0
10,20,2,0,,,,1.0767334,0.0,0.0,0.0,0.0
10,21,2,0,,,,1.04135,0.0,0.0,0.0,0.0
10,22,2,0,,,,0.8020833,0.0,0.0,0.0,0.0
10,23,2,0,,,,0.84723336,0.0,0.0,0.0,0.0
10,24,2,0,,,,1.34785,0.0,0.0,0.0,0.0
10,1,3,0,,,,0.44876668,0.0,0.0,0.0,0.0
10,2,3,0,,,,0.44851667,0.0,0.0,0.0,0.0
10,3,3,0,,,,0.44805,0.0,0.0,0.0,0.0
10,4,3,0,,,,0.44843334,0.0,0.0,0.0,0.0
10,5,3,0,,,,0.4454,0.0,0.0,0.0,0.0
10,6,3,0,,,,0.45448333,0.0,0.0,0.0,0.0
10,7,3,0,,,,0.80841666,0.0,0.0,0.0,0.0
10,8,3,0,,,,0.46571666,0.0,0.0,0.0,46.59
10,9,3,0,,,,0.47813332,0.0,0.0,0.0,259.5
10,10,3,0,,,,0.36723334,0.0,0.0,0.0,450.24
10,11,3,0,,,,0.37273332,0.0,0.0,0.0,578.9
10,12,3,0,,,,0.38185,0.0,0.0,0.0,638.69
10,13,3,0,,,,0.37251666,0.0,0.0,0.0,643.3
10,14,3,0,,,,0.3671,0.0,0.0,0.0,594.41
10,15,3,0,,,,0.36546665,0.0,0.0,0.0,490.18
10,16,3,0,,,,1.8266333,0.0,0.0,0.0,304.12
10,17,3,0,,,,1.34835,0.0,0.0,0.0,79.36
10,18,3,0,,,,1.4899167,0.0,0.0,0.0,0.0
10,19,3,0,,,,1.5049167,0.0,0.0,0.0,0.0
10,20,3,0,,,,1.0227333,0.0,0.0,0.0,0.0
10,21,3,0,,,,1.2249833,0.0,0.0,0.0,0.0
10,22,3,0,,,,1.3292333,0.0,0.0,0.0,0.0
10,23,3,0,,,,2.5613666,0.0,0.0,0.0,0.0
10,24,3,0,,,,1.7797084,0.0,0.0,0.0,0.0
10,1,4,0,,,,0.35656667,0.0,0.0,0.0,0.0
10,2,4,0,,,,0.3491,0.0,0.0,0.0,0.0
10,3,4,0,,,,0.34913334,0.0,0.0,0.0,0.0
10,4,4,0,,,,0.3525,0.0,0.0,0.0,0.0
10,5,4,0,,,,0.3506,0.0,0.0,0.0,0.0
10,6,4,0,,,,0.5466667,0.0,0.0,0.0,0.0
10,7,4,0,,,,0.40775,0.0,0.0,0.0,0.0
10,8,4,0,,,,0.26756668,0.0,0.0,0.0,51.33
10,9,4,0,,,,0.26616666,0.0,0.0,0.0,126.78
10,10,4,0,,,,0.3201,0.0,0.0,0.0,482.24
10,11,4,0,,,,0.6501833,0.0,0.0,0.0,591.97
10,12,4,0,,,,0.36891666,0.0,0.0,0.0,653.12
10,13,4,0,,,,0.2727,0.0,0.0,0.0,650.32
10,14,4,0,,,,0.26406667,0.0,0.0,0.0,597.65
10,15,4,0,,,,1.4094,0.0,0.0,0.0,483.27
10,16,4,0,,,,3.1109333,0.0,0.0,0.0,313.17
10,17,4,0,,,,1.5825666,0.0,0.0,0.0,70.85
10,18,4,0,,,,1.5394666,0.0,0.0,0.0,0.0
10,19,4,0,,,,3.6206334,0.0,0.0,0.0,0.0
10,20,4,0,,,,1.2991,0.0,0.0,0.0,0.0
10,21,4,0,,,,1.1300334,0.0,0.0,0.0,0.0
10,22,4,0,,,,2.4669333,0.0,0.0,0.0,0.0
10,23,4,0,,,,1.6616167,0.0,0.0,0.0,0.0
10,24,4,0,,,,0.435375,0.0,0.0,0.0,0.0
10,1,5,0,,,,0.5078833,0.0,0.0,0.0,0.0
10,2,5,0,,,,0.56575,0.0,0.0,0.0,0.0
10,3,5,0,,,,0.43783334,0.0,0.0,0.0,0.0
10,4,5,0,,,,0.4365,0.0,0.0,0.0,0.0
10,5,5,0,,,,0.6340333,0.0,0.0,0.0,0.0
10,6,5,0,,,,2.1349666,0.0,0.0,0.0,0.0
10,7,5,0,,,,0.66321665,0.0,0.0,0.0,0.0
10,8,5,0,,,,0.3306,0.0,0.0,0.0,6.32
10,9,5,0,,,,0.25958332,0.0,0.0,0.0,54.81
10,10,5,0,,,,0.3443,0.0,0.0,0.0,102.13
10,11,5,0,,,,0.5046833,0.0,0.0,0.0,124.42
10,12,5,0,,,,1.4029666,0.0,0.0,0.0,108.67
10,13,5,0,,,,2.0558167,0.0,0.0,0.0,124.74
10,14,5,0,,,,3.8477833,0.0,0.0,0.0,193.63
10,15,5,0,,,,3.0263,0.0,0.0,0.0,209.19
10,16,5,0,,,,2.8902166,0.0,0.0,0.0,295.68
10,17,5,0,,,,1.7831334,0.0,0.0,0.0,79.64
10,18,5,0,,,,1.37095,0.0,0.0,0.0,0.0
10,19,5,0,,,,1.46335,0.0,0.0,0.0,0.0
10,20,5,0,,,,0.8269333,0.0,0.0,0.0,0.0
10,21,5,0,,,,0.91961664,0.0,0.0,0.0,0.0
10,22,5,0,,,,1.6844833,0.0,0.0,0.0,0.0
10,23,5,0,,,,2.6754334,0.0,0.0,0.0,0.0
10,24,5,0,,,,0.54885834,0.0,0.0,0.0,0.0
10,1,6,0,,,,0.54291666,0.0,0.0,0.0,0.0
10,2,6,0,,,,0.5071167,0.0,0.0,0.0,0.0
10,3,6,0,,,,0.43871668,0.0,0.0,0.0,0.0
10,4,6,0,,,,0.44661668,0.0,0.0,0.0,0.0
10,5,6,0,,,,0.4763,0.0,0.0,0.0,0.0
10,6,6,0,,,,0.47621667,0.0,0.0,0.0,0.0
10,7,6,0,,,,0.4121,0.0,0.0,0.0,0.0
10,8,6,0,,,,0.37243333,0.0,0.0,0.0,5.21
10,9,6,0,,,,1.1244667,0.0,0.0,0.0,87.74
10,10,6,0,,,,2.5072,0.0,0.0,0.0,103.69
10,11,6,0,,,,1.30885,0.0,0.0,0.0,310.13
10,12,6,0,,,,0.42306668,0.0,0.0,0.0,490.44
10,13,6,0,,,,0.26216668,0.0,0.0,0.0,517.11
10,14,6,0,,,,0.45503333,0.0,0.0,0.0,540.17
10,15,6,0,,,,0.50075,0.0,0.0,0.0,405.7
10,16,6,0,,,,2.2965,0.0,0.0,0.0,230.77
10,17,6,0,,,,2.7595167,0.0,0.0,0.0,60.4
10,18,6,0,,,,1.5092167,0.0,0.0,0.0,0.0
10,19,6,0,,,,1.23195,0.0,0.0,0.0,0.0
10,20,6,0,,,,0.6831667,0.0,0.0,0.0,0.0
10,21,6,0,,,,0.7980833,0.0,0.0,0.0,0.0
10,22,6,0,,,,0.70178336,0.0,0.0,0.0,0.0
10,23,6,0,,,,0.7086,0.0,0.0,0.0,0.0
10,24,6,0,,,,0.7053667,0.0,0.0,0.0,0.0
10,1,7,0,,,,0.57196665,0.0,0.0,0.0,0.0
10,2,7,0,,,,0.39956668,0.0,0.0,0.0,0.0
10,3,7,0,,,,0.40146667,0.0,0.0,0.0,0.0
10,4,7,0,,,,0.40436667,0.0,0.0,0.0,0.0
10,5,7,0,,,,0.40345,0.0,0.0,0.0,0.0
10,6,7,0,,,,0.40198332,0.0,0.0,0.0,0.0
10,7,7,0,,,,0.3994,0.0,0.0,0.0,0.0
10,8,7,0,,,,0.40791667,0.0,0.0,0.0,0.0
10,9,7,0,,,,0.40318334,0.0,0.0,0.0,87.77
10,10,7,0,,,,0.49371666,0.0,0.0,0.0,174.81
10,11,7,0,,,,0.98683333,0.0,0.0,0.0,297.31
10,12,7,0,,,,0.6573167,0.0,0.0,0.0,267.16
10,13,7,0,,,,0.6800333,0.0,0.0,0.0,494.24
10,14,7,0,,,,0.7755,0.0,0.0,0.0,440.26
10,15,7,0,,,,0.63603336,0.0,0.0,0.0,254.45
10,16,7,0,,,,0.62021667,0.0,0.0,0.0,210.98
10,17,7,0,,,,0.62945,0.0,0.0,0.0,39.83
10,18,7,0,,,,0.7248667,0.0,0.0,0.0,0.0
10,19,7,0,,,,0.9647,0.0,0.0,0.0,0.0
10,20,7,0,,,,1.2525,0.0,0.0,0.0,0.0
10,21,7,0,,,,1.5340667,0.0,0.0,0.0,0.0
10,22,7,0,,,,1.3041333,0.0,0.0,0.0,0.0
10,23,7,0,,,,0.9896333,0.0,0.0,0.0,0.0
10,24,7,0,,,,0.43135,0.0,0.0,0.0,0.0
10,1,1,0,,,,0.42753333,0.0,0.0,0.0,0.0
10,2,1,0,,,,0.41053334,0.0,0.0,0.0,0.0
10,3,1,0,,,,0.39738333,0.0,0.0,0.0,0.0
10,4,1,0,,,,0.39588332,0.0,0.0,0.0,0.0
10,5,1,0,,,,0.39503333,0.0,0.0,0.0,0.0
10,6,1,0,,,,0.43025,0.0,0.0,0.0,0.0
10,7,1,0,,,,0.4248,0.0,0.0,0.0,0.0
10,8,1,0,,,,0.30693334,0.0,0.0,0.0,4.61
10,9,1,0,,,,0.3094,0.0,0.0,0.0,52.73
10,10,1,0,,,,0.30723333,0.0,0.0,0.0,131.84
10,11,1,0,,,,0.53456664,0.0,0.0,0.0,174.64
10,12,1,0,,,,0.55135,0.0,0.0,0.0,136.33
10,13,1,0,,,,0.30656666,0.0,0.0,0.0,144.82
10,14,1,0,,,,0.30823332,0.0,0.0,0.0,227.13
10,15,1,0,,,,0.53038335,0.0,0.0,0.0,216.12
10,16,1,0,,,,0.59896666,0.0,0.0,0.0,74.71
10,17,1,0,,,,0.53103334,0.0,0.0,0.0,5.05
10,18,1,0,,,,0.70995,0.0,0.0,0.0,0.0
10,19,1,0,,,,1.00965,0.0,0.0,0.0,0.0
10,20,1,0,,,,1.3852834,0.0,0.0,0.0,0.0
10,21,1,0,,,,1.4523833,0.0,0.0,0.0,0.0
10,22,1,0,,,,1.3361167,0.0,0.0,0.0,0.0
10,23,1,0,,,,0.59445,0.0,0.0,0.0,0.0
10,24,1,0,,,,0.403125,0.0,0.0,0.0,0.0
10,1,2,0,,,,0.40285,0.0,0.0,0.0,0.0
10,2,2,0,,,,0.39928332,0.0,0.0,0.0,0.0
10,3,2,0,,,,0.3961,0.0,0.0,0.0,0.0
10,4,2,0,,,,0.39458334,0.0,0.0,0.0,0.0
10,5,2,0,,,,0.39433333,0.0,0.0,0.0,0.0
10,6,2,0,,,,0.57061666,0.0,0.0,0.0,0.0
10,7,2,0,,,,0.7872667,0.0,0.0,0.0,0.0
10,8,2,0,,,,0.55373335,0.0,0.0,0.0,0.69
10,9,2,0,,,,0.36798334,0.0,0.0,0.0,34.14
10,10,2,0,,,,0.31116667,0.0,0.0,0.0,63.18
10,11,2,0,,,,0.31453332,0.0,0.0,0.0,77.86
10,12,2,0,,,,0.32203335,0.0,0.0,0.0,55.1
10,13,2,0,,,,0.31803334,0.0,0.0,0.0,55.01
10,14,2,0,,,,0.3097,0.0,0.0,0.0,41.29
10,15,2,0,,,,0.30968332,0.0,0.0,0.0,23.76
10,16,2,0,,,,0.5122,0.0,0.0,0.0,14.87
10,17,2,0,,,,0.53316665,0.0,0.0,0.0,0.87
10,18,2,0,,,,0.5462833,0.0,0.0,0.0,0.0
10,19,2,0,,,,0.98651665,0.0,0.0,0.0,0.0
10,20,2,0,,,,1.2194333,0.0,0.0,0.0,0.0
10,21,2,0,,,,1.4817166,0.0,0.0,0.0,0.0
10,22,2,0,,,,1.0659167,0.0,0.0,0.0,0.0
10,23,2,0,,,,0.39285,0.0,0.0,0.0,0.0
10,24,2,0,,,,0.39914167,0.0,0.0,0.0,0.0
10,1,3,0,,,,0.39893332,0.0,0.0,0.0,0.0
10,2,3,0,,,,0.39323333,0.0,0.0,0.0,0.0
10,3,3,0,,,,0.39375,0.0,0.0,0.0,0.0
10,4,3,0,,,,0.39303333,0.0,0.0,0.0,0.0
10,5,3,0,,,,0.39058334,0.0,0.0,0.0,0.0
10,6,3,0,,,,0.53195,0.0,0.0,0.0,0.0
10,7,3,0,,,,0.71861666,0.0,0.0,0.0,0.0
10,8,3,0,,,,0.30585,0.0,0.0,0.0,0.33
10,9,3,0,,,,0.30858332,0.0,0.0,0.0,31.49
10,10,3,0,,,,0.30723333,0.0,0.0,0.0,68.72
10,11,3,0,,,,0.3127,0.0,0.0,0.0,98.06
10,12,3,0,,,,0.31903332,0.0,0.0,0.0,48.44
10,13,3,0,,,,0.28923333,0.0,0.0,0.0,126.24
10,14,3,0,,,,0.32835,0.0,0.0,0.0,188.5
10,15,3,0,,,,0.65283334,0.0,0.0,0.0,27.39
10,16,3,0,,,,1.5285167,0.0,0.0,0.0,12.28
10,17,3,0,,,,1.0043334,0.0,0.0,0.0,4.51
10,18,3,0,,,,1.6223667,0.0,0.0,0.0,0.0
10,19,3,0,,,,0.65753335,0.0,0.0,0.0,0.0
10,20,3,0,,,,1.0052167,0.0,0.0,0.0,0.0
10,21,3,0,,,,1.79715,0.0,0.0,0.0,0.0
10,22,3,0,,,,1.0752833,0.0,0.0,0.0,0.0
10,23,3,0,,,,0.7732667,0.0,0.0,0.0,0.0
10,24,3,0,,,,0.3753,0.0,0.0,0.0,0.0
10,1,4,0,,,,0.36805,0.0,0.0,0.0,0.0
10,2,4,0,,,,0.36408332,0.0,0.0,0.0,0.0
10,3,4,0,,,,0.40326667,0.0,0.0,0.0,0.0
10,4,4,0,,,,0.4058,0.0,0.0,0.0,0.0
10,5,4,0,,,,0.40493333,0.0,0.0,0.0,0.0
10,6,4,0,,,,0.47103333,0.0,0.0,0.0,0.0
10,7,4,0,,,,0.40335,0.0,0.0,0.0,0.0
10,8,4,0,,,,0.7313667,0.0,0.0,0.0,1.56
10,9,4,0,,,,0.53955,0.0,0.0,0.0,39.94
10,10,4,0,,,,0.5348167,0.0,0.0,0.0,90.43
10,11,4,0,,,,0.69876665,0.0,0.0,0.0,125.52
10,12,4,0,,,,0.70635,0.0,0.0,0.0,237.18
10,13,4,0,,,,0.5029333,0.0,0.0,0.0,564.47
10,14,4,0,,,,0.8658,0.0,0.0,0.0,579.4
10,15,4,0,,,,0.84258336,0.0,0.0,0.0,479.66
10,16,4,0,,,,1.3302,0.0,0.0,0.0,277.11
10,17,4,0,,,,1.02215,0.0,0.0,0.0,8.25
10,18,4,0,,,,0.70155,0.0,0.0,0.0,0.0
10,19,4,0,,,,0.78351665,0.0,0.0,0.0,0.0
10,20,4,0,,,,1.5816667,0.0,0.0,0.0,0.0
10,21,4,0,,,,1.1976,0.0,0.0,0.0,0.0
10,22,4,0,,,,1.88795,0.0,0.0,0.0,0.0
10,23,4,0,,,,0.88311666,0.0,0.0,0.0,0.0
10,24,4,0,,,,1.1787167,0.0,0.0,0.0,0.0
10,1,5,0,,,,1.7824,0.0,0.0,0.0,0.0
10,2,5,0,,,,0.35146666,0.0,0.0,0.0,0.0
10,3,5,0,,,,0.34828332,0.0,0.0,0.0,0.0
10,4,5,0,,,,0.38205,0.0,0.0,0.0,0.0
10,5,5,0,,,,0.38961667,0.0,0.0,0.0,0.0
10,6,5,0,,,,0.62198335,0.0,0.0,0.0,0.0
10,7,5,0,,,,0.69953334,0.0,0.0,0.0,0.0
10,8,5,0,,,,0.30143332,0.0,0.0,0.0,0.0
10,9,5,0,,,,0.4281,0.0,0.0,0.0,18.41
10,10,5,0,,,,0.30458334,0.0,0.0,0.0,70.06
10,11,5,0,,,,0.30878332,0.0,0.0,0.0,110.36
10,12,5,0,,,,0.30568334,0.0,0.0,0.0,39.34
10,13,5,0,,,,0.31305,0.0,0.0,0.0,18.38
10,14,5,0,,,,0.30473334,0.0,0.0,0.0,40.2
10,15,5,0,,,,0.3205,0.0,0.0,0.0,32.06
10,16,5,0,,,,0.5445,0.0,0.0,0.0,17.13
10,17,5,0,,,,0.5411,0.0,0.0,0.0,0.18
10,18,5,0,,,,0.65005,0.0,0.0,0.0,0.0
10,19,5,0,,,,0.7792,0.0,0.0,0.0,0.0
10,20,5,0,,,,0.9514,0.0,0.0,0.0,0.0
10,21,5,0,,,,0.9696,0.0,0.0,0.0,0.0
10,22,5,0,,,,0.88713336,0.0,0.0,0.0,0.0
10,23,5,0,,,,0.9931833,0.0,0.0,0.0,0.0
10,24,5,0,,,,1.3742,0.0,0.0,0.0,0.0
10,1,6,0,,,,0.39818335,0.0,0.0,0.0,0.0
10,2,6,0,,,,0.39996666,0.0,0.0,0.0,0.0
10,3,6,0,,,,0.4054,0.0,0.0,0.0,0.0
10,4,6,0,,,,0.40343332,0.0,0.0,0.0,0.0
10,5,6,0,,,,0.39818335,0.0,0.0,0.0,0.0
10,6,6,0,,,,0.6134667,0.0,0.0,0.0,0.0
10,7,6,0,,,,0.66075,0.0,0.0,0.0,0.0
10,8,6,0,,,,0.39686668,0.0,0.0,0.0,20.2
10,9,6,0,,,,0.39078334,0.0,0.0,0.0,271.07
10,10,6,0,,,,0.5341167,0.0,0.0,0.0,449.5
10,11,6,0,,,,1.2538167,0.0,0.0,0.0,197.89
10,12,6,0,,,,1.1591667,0.0,0.0,0.0,256.09
10,13,6,0,,,,0.73948336,0.0,0.0,0.0,631.42
10,14,6,0,,,,0.5898833,0.0,0.0,0.0,79.35
10,15,6,0,,,,0.74565,0.0,0.0,0.0,179.73
10,16,6,0,,,,0.7270667,0.0,0.0,0.0,170.74
10,17,6,0,,,,1.3330667,0.0,0.0,0.0,6.78
10,18,6,0,,,,2.14015,0.0,0.0,0.0,0.0
10,19,6,0,,,,0.8473833,0.0,0.0,0.0,0.0
10,20,6,0,,,,0.9338,0.0,0.0,0.0,0.0
10,21,6,0,,,,0.9769833,0.0,0.0,0.0,0.0
10,22,6,0,,,,0.9593833,0.0,0.0,0.0,0.0
10,23,6,0,,,,0.9450667,0.0,0.0,0.0,0.0
10,24,6,0,,,,1.2491083,0.0,0.0,0.0,0.0
10,1,7,0,,,,1.3527334,0.0,0.0,0.0,0.0
10,2,7,0,,,,0.52033335,0.0,0.0,0.0,0.0
10,3,7,0,,,,0.5161333,0.0,0.0,0.0,0.0
10,4,7,0,,,,0.50946665,0.0,0.0,0.0,0.0
10,5,7,0,,,,0.50795,0.0,0.0,0.0,0.0
10,6,7,0,,,,0.5066,0.0,0.0,0.0,0.0
10,7,7,0,,,,0.5067,0.0,0.0,0.0,0.0
10,8,7,0,,,,0.50705,0.0,0.0,0.0,21.06
10,9,7,0,,,,0.55376667,0.0,0.0,0.0,302.22
10,10,7,0,,,,0.9670333,0.0,0.0,0.0,134.21
10,11,7,0,,,,1.2102833,0.0,0.0,0.0,259.65
10,12,7,0,,,,1.2970667,0.0,0.0,0.0,74.77
10,13,7,0,,,,0.9314833,0.0,0.0,0.0,628.21
10,14,7,0,,,,0.9213833,0.0,0.0,0.0,615.04
10,15,7,0,,,,0.81818336,0.0,0.0,0.0,478.08
10,16,7,0,,,,0.82988334,0.0,0.0,0.0,279.61
10,17,7,0,,,,1.0775,0.0,0.0,0.0,5.3
10,18,7,0,,,,1.4414667,0.0,0.0,0.0,0.0
10,19,7,0,,,,1.5478,0.0,0.0,0.0,0.0
10,20,7,0,,,,2.6866834,0.0,0.0,0.0,0.0
10,21,7,0,,,,1.0010333,0.0,0.0,0.0,0.0
10,22,7,0,,,,0.74558336,0.0,0.0,0.0,0.0
10,23,7,0,,,,0.4896,0.0,0.0,0.0,0.0
10,24,7,0,,,,0.4016,0.0,0.0,0.0,0.0
10,1,1,0,,,,0.40028334,0.0,0.0,0.0,0.0
10,2,1,0,,,,0.40023333,0.0,0.0,0.0,0.0
10,3,1,0,,,,0.39783335,0.0,0.0,0.0,0.0
10,4,1,0,,,,0.39638335,0.0,0.0,0.0,0.0
10,5,1,0,,,,0.39441666,0.0,0.0,0.0,0.0
10,6,1,0,,,,0.4213,0.0,0.0,0.0,0.0
10,7,1,0,,,,0.46608335,0.0,0.0,0.0,0.0
10,8,1,0,,,,0.45096666,0.0,0.0,0.0,0.0
10,9,1,0,,,,0.78938335,0.0,0.0,0.0,78.81
10,10,1,0,,,,0.31011668,0.0,0.0,0.0,470.04
10,11,1,0,,,,0.31485,0.0,0.0,0.0,566.17
10,12,1,0,,,,0.32096666,0.0,0.0,0.0,631.42
10,13,1,0,,,,0.30946666,0.0,0.0,0.0,57.98
10,14,1,0,,,,0.31181666,0.0,0.0,0.0,48.35
10,15,1,0,,,,0.31203333,0.0,0.0,0.0,29.67
10,16,1,0,,,,0.36708334,0.0,0.0,0.0,89.8
10,17,1,0,,,,0.6368333,0.0,0.0,0.0,0.23
10,18,1,0,,,,0.87123334,0.0,0.0,0.0,0.0
10,19,1,0,,,,0.96585,0.0,0.0,0.0,0.0
10,20,1,0,,,,0.8896833,0.0,0.0,0.0,0.0
10,21,1,0,,,,1.0525833,0.0,0.0,0.0,0.0
10,22,1,0,,,,1.0745667,0.0,0.0,0.0,0.0
10,23,1,0,,,,0.8269333,0.0,0.0,0.0,0.0
10,24,1,0,,,,0.54025835,0.0,0.0,0.0,0.0
11,1,2,0,,,,0.39996666,0.0,0.0,0.0,0.0
11,2,2,0,,,,0.39808333,0.0,0.0,0.0,0.0
11,3,2,0,,,,0.39743334,0.0,0.0,0.0,0.0
11,4,2,0,,,,0.3978,0.0,0.0,0.0,0.0
11,5,2,0,,,,0.39353332,0.0,0.0,0.0,0.0
11,6,2,0,,,,0.53286666,0.0,0.0,0.0,0.0
11,7,2,0,,,,0.8109,0.0,0.0,0.0,0.0
11,8,2,0,,,,0.46936667,0.0,0.0,0.0,10.91
11,9,2,0,,,,0.30986667,0.0,0.0,0.0,273.17
11,10,2,0,,,,0.30913332,0.0,0.0,0.0,481.86
11,11,2,0,,,,0.30786666,0.0,0.0,0.0,592.95
11,12,2,0,,,,0.31405,0.0,0.0,0.0,202.49
11,13,2,0,,,,0.30803335,0.0,0.0,0.0,270.32
11,14,2,0,,,,0.4381,0.0,0.0,0.0,191.32
11,15,2,0,,,,0.69215,0.0,0.0,0.0,395.21
11,16,2,0,,,,0.95455,0.0,0.0,0.0,192.22
11,17,2,0,,,,0.92583334,0.0,0.0,0.0,1.82
11,18,2,0,,,,0.99815,0.0,0.0,0.0,0.0
11,19,2,0,,,,3.0787833,0.0,0.0,0.0,0.0
11,20,2,0,,,,1.33245,0.0,0.0,0.0,0.0
11,21,2,0,,,,1.2396166,0.0,0.0,0.0,0.0
11,22,2,0,,,,0.8456,0.0,0.0,0.0,0.0
11,23,2,0,,,,0.62093335,0.0,0.0,0.0,0.0
11,24,2,0,,,,0.3969,0.0,0.0,0.0,0.0
11,1,3,0,,,,0.39695,0.0,0.0,0.0,0.0
11,2,3,0,,,,0.39681667,0.0,0.0,0.0,0.0
11,3,3,0,,,,0.39696667,0.0,0.0,0.0,0.0
11,4,3,0,,,,0.3963,0.0,0.0,0.0,0.0
11,5,3,0,,,,0.39488333,0.0,0.0,0.0,0.0
11,6,3,0,,,,0.47718334,0.0,0.0,0.0,0.0
11,7,3,0,,,,0.42866668,0.0,0.0,0.0,0.0
11,8,3,0,,,,0.32516667,0.0,0.0,0.0,0.0
11,9,3,0,,,,0.7189,0.0,0.0,0.0,88.85
11,10,3,0,,,,0.49281666,0.0,0.0,0.0,286.82
11,11,3,0,,,,0.31883332,0.0,0.0,0.0,463.1
11,12,3,0,,,,0.32176667,0.0,0.0,0.0,431.49
11,13,3,0,,,,0.32931668,0.0,0.0,0.0,419.72
11,14,3,0,,,,0.31546667,0.0,0.0,0.0,503.96
11,15,3,0,,,,0.31378335,0.0,0.0,0.0,343.88
11,16,3,0,,,,0.47436666,0.0,0.0,0.0,97.3
11,17,3,0,,,,0.5678,0.0,0.0,0.0,0.0
11,18,3,0,,,,0.6310833,0.0,0.0,0.0,0.0
11,19,3,0,,,,0.80305,0.0,0.0,0.0,0.0
11,20,3,0,,,,0.7349,0.0,0.0,0.0,0.0
11,21,3,0,,,,2.4362166,0.0,0.0,0.0,0.0
11,22,3,0,,,,1.09315,0.0,0.0,0.0,0.0
11,23,3,0,,,,0.56876665,0.0,0.0,0.0,0.0
11,24,3,0,,,,0.40635,0.0,0.0,0.0,0.0
11,1,4,0,,,,0.40165,0.0,0.0,0.0,0.0
11,2,4,0,,,,0.40371665,0.0,0.0,0.0,0.0
11,3,4,0,,,,0.40175,0.0,0.0,0.0,0.0
11,4,4,0,,,,0.40101665,0.0,0.0,0.0,0.0
11,5,4,0,,,,0.40033334,0.0,0.0,0.0,0.0
11,6,4,0,,,,0.46631667,0.0,0.0,0.0,0.0
11,7,4,0,,,,0.80231667,0.0,0.0,0.0,0.0
11,8,4,0,,,,0.7324333,0.0,0.0,0.0,0.0
11,9,4,0,,,,0.3193,0.0,0.0,0.0,11.99
11,10,4,0,,,,0.31155,0.0,0.0,0.0,52.69
11,11,4,0,,,,0.31925,0.0,0.0,0.0,40.99
11,12,4,0,,,,0.321425,0.0,0.0,0.0,40.13
11,13,4,0,,,,0.31591666,0.0,0.0,0.0,59.53
11,14,4,0,,,,0.30913332,0.0,0.0,0.0,40.67
11,15,4,0,,,,0.30158332,0.0,0.0,0.0,15.81
11,16,4,0,,,,0.47181666,0.0,0.0,0.0,64.26
11,17,4,0,,,,1.40635,0.0,0.0,0.0,0.0
11,18,4,0,,,,0.36123332,0.0,0.0,0.0,0.0
11,19,4,0,,,,0.76035,0.0,0.0,0.0,0.0
11,20,4,0,,,,2.4514832,0.0,0.0,0.0,0.0
11,21,4,0,,,,1.1652666,0.0,0.0,0.0,0.0
11,22,4,0,,,,2.71555,0.0,0.0,0.0,0.0
11,23,4,0,,,,0.27183333,0.0,0.0,0.0,0.0
11,24,4,0,,,,0.27438334,0.0,0.0,0.0,0.0
11,1,5,0,,,,0.27505,0.0,0.0,0.0,0.0
11,2,5,0,,,,0.26878333,0.0,0.0,0.0,0.0
11,3,5,0,,,,0.26971668,0.0,0.0,0.0,0.0
11,4,5,0,,,,0.2687,0.0,0.0,0.0,0.0
11,5,5,0,,,,0.26756668,0.0,0.0,0.0,0.0
11,6,5,0,,,,0.39946666,0.0,0.0,0.0,0.0
11,7,5,0,,,,0.5008,0.0,0.0,0.0,0.0
11,8,5,0,,,,0.57075,0.0,0.0,0.0,0.0
11,9,5,0,,,,0.30641666,0.0,0.0,0.0,60.92
11,10,5,0,,,,0.26706666,0.0,0.0,0.0,15.03
11,11,5,0,,,,0.27293333,0.0,0.0,0.0,70.98
11,12,5,0,,,,0.27715,0.0,0.0,0.0,68.2
11,13,5,0,,,,0.27735,0.0,0.0,0.0,87.32
11,14,5,0,,,,0.27148333,0.0,0.0,0.0,66.1
11,15,5,0,,,,2.34615,0.0,0.0,0.0,142.97
11,16,5,0,,,,2.0386333,0.0,0.0,0.0,78.83
11,17,5,0,,,,1.0509833,0.0,0.0,0.0,0.0
11,18,5,0,,,,0.9999667,0.0,0.0,0.0,0.0
11,19,5,0,,,,1.2384167,0.0,0.0,0.0,0.0
11,20,5,0,,,,1.6482333,0.0,0.0,0.0,0.0
11,21,5,0,,,,0.99808335,0.0,0.0,0.0,0.0
11,22,5,0,,,,0.97655,0.0,0.0,0.0,0.0
11,23,5,0,,,,2.2903166,0.0,0.0,0.0,0.0
11,24,5,0,,,,1.0557916,0.0,0.0,0.0,0.0
11,1,6,0,,,,1.15745,0.0,0.0,0.0,0.0
11,2,6,0,,,,0.5944833,0.0,0.0,0.0,0.0
11,3,6,0,,,,0.5507,0.0,0.0,0.0,0.0
11,4,6,0,,,,0.44375,0.0,0.0,0.0,0.0
11,5,6,0,,,,0.31853333,0.0,0.0,0.0,0.0
11,6,6,0,,,,0.31608334,0.0,0.0,0.0,0.0
11,7,6,0,,,,0.30743334,0.0,0.0,0.0,0.0
11,8,6,0,,,,0.31143335,0.0,0.0,0.0,0.0
11,9,6,0,,,,0.31071666,0.0,0.0,0.0,92.5
11,10,6,0,,,,0.43296668,0.0,0.0,0.0,430.35
11,11,6,0,,,,1.0967,0.0,0.0,0.0,535.39
11,12,6,0,,,,1.4063667,0.0,0.0,0.0,538.59
11,13,6,0,,,,0.80798334,0.0,0.0,0.0,620.93
11,14,6,0,,,,0.69985,0.0,0.0,0.0,557.96
11,15,6,0,,,,0.33836666,0.0,0.0,0.0,424.6
11,16,6,0,,,,1.429,0.0,0.0,0.0,222.81
11,17,6,0,,,,0.26456666,0.0,0.0,0.0,0.0
11,18,6,0,,,,0.268,0.0,0.0,0.0,0.0
11,19,6,0,,,,0.26111665,0.0,0.0,0.0,0.0
11,20,6,0,,,,1.76195,0.0,0.0,0.0,0.0
11,21,6,0,,,,0.70201665,0.0,0.0,0.0,0.0
11,22,6,0,,,,0.7043167,0.0,0.0,0.0,0.0
11,23,6,0,,,,0.7076167,0.0,0.0,0.0,0.0
11,24,6,0,,,,0.7473583,0.0,0.0,0.0,0.0
11,1,7,0,,,,0.4069,0.0,0.0,0.0,0.0
11,2,7,0,,,,0.40856665,0.0,0.0,0.0,0.0
11,3,7,0,,,,0.40095,0.0,0.0,0.0,0.0
11,4,7,0,,,,0.4079,0.0,0.0,0.0,0.0
11,5,7,0,,,,0.40838334,0.0,0.0,0.0,0.0
11,6,7,0,,,,0.3646,0.0,0.0,0.0,0.0
11,7,7,0,,,,0.4011,0.0,0.0,0.0,0.0
11,8,7,0,,,,0.44095,0.0,0.0,0.0,0.0
11,9,7,0,,,,1.1289667,0.0,0.0,0.0,68.12
11,10,7,0,,,,0.62593335,0.0,0.0,0.0,191.29
11,11,7,0,,,,0.55805,0.0,0.0,0.0,333.95
11,12,7,0,,,,0.86361665,0.0,0.0,0.0,187.93
11,13,7,0,,,,1.7855667,0.0,0.0,0.0,426.45
11,14,7,0,,,,1.5671,0.0,0.0,0.0,172.47
11,15,7,0,,,,0.7638,0.0,0.0,0.0,75.09
11,16,7,0,,,,1.22255,0.0,0.0,0.0,177.33
11,17,7,0,,,,1.6906667,0.0,0.0,0.0,0.0
11,18,7,0,,,,0.96278334,0.0,0.0,0.0,0.0
11,19,7,0,,,,0.6350667,0.0,0.0,0.0,0.0
11,20,7,0,,,,1.06975,0.0,0.0,0.0,0.0
11,21,7,0,,,,2.1968668,0.0,0.0,0.0,0.0
11,22,7,0,,,,1.5205834,0.0,0.0,0.0,0.0
11,23,7,0,,,,2.0405166,0.0,0.0,0.0,0.0
11,24,7,0,,,,0.38943332,0.0,0.0,0.0,0.0
11,1,1,0,,,,0.40611666,0.0,0.0,0.0,0.0
11,2,1,0,,,,0.40135,0.0,0.0,0.0,0.0
11,3,1,0,,,,0.40005,0.0,0.0,0.0,0.0
11,4,1,0,,,,0.40023333,0.0,0.0,0.0,0.0
11,5,1,0,,,,0.39685,0.0,0.0,0.0,0.0
11,6,1,0,,,,0.73695,0.0,0.0,0.0,0.0
11,7,1,0,,,,0.7948,0.0,0.0,0.0,0.0
11,8,1,0,,,,0.38911667,0.0,0.0,0.0,0.0
11,9,1,0,,,,0.43743333,0.0,0.0,0.0,3.62
11,10,1,0,,,,0.3211,0.0,0.0,0.0,18.85
11,11,1,0,,,,0.32041666,0.0,0.0,0.0,54.79
11,12,1,0,,,,0.27475,0.0,0.0,0.0,56.95
11,13,1,0,,,,0.27236667,0.0,0.0,0.0,99.47
11,14,1,0,,,,0.27235,0.0,0.0,0.0,84.35
11,15,1,0,,,,0.31946668,0.0,0.0,0.0,38.31
11,16,1,0,,,,0.42375,0.0,0.0,0.0,6.89
11,17,1,0,,,,0.7561833,0.0,0.0,0.0,0.0
11,18,1,0,,,,0.9658833,0.0,0.0,0.0,0.0
11,19,1,0,,,,0.5096667,0.0,0.0,0.0,0.0
11,20,1,0,,,,0.6923,0.0,0.0,0.0,0.0
11,21,1,0,,,,0.97323334,0.0,0.0,0.0,0.0
11,22,1,0,,,,1.1382,0.0,0.0,0.0,0.0
11,23,1,0,,,,2.6655667,0.0,0.0,0.0,0.0
11,24,1,0,,,,2.2838416,0.0,0.0,0.0,0.0
11,1,2,0,,,,0.36405,0.0,0.0,0.0,0.0
11,2,2,0,,,,0.36045,0.0,0.0,0.0,0.0
11,3,2,0,,,,0.35728332,0.0,0.0,0.0,0.0
11,4,2,0,,,,0.35763332,0.0,0.0,0.0,0.0
11,5,2,0,,,,0.35555,0.0,0.0,0.0,0.0
11,6,2,0,,,,0.48813334,0.0,0.0,0.0,0.0
11,7,2,0,,,,0.6727333,0.0,0.0,0.0,0.0
11,8,2,0,,,,0.27203333,0.0,0.0,0.0,0.0
11,9,2,0,,,,0.2717,0.0,0.0,0.0,79.91
11,10,2,0,,,,0.27828333,0.0,0.0,0.0,52.54
11,11,2,0,,,,0.28306666,0.0,0.0,0.0,185.68
11,12,2,0,,,,0.2859,0.0,0.0,0.0,87.27
11,13,2,0,,,,0.2761,0.0,0.0,0.0,50.99
11,14,2,0,,,,0.27395,0.0,0.0,0.0,34.17
11,15,2,0,,,,1.9324833,0.0,0.0,0.0,49.98
11,16,2,0,,,,0.39716667,0.0,0.0,0.0,2.96
11,17,2,0,,,,1.5982833,0.0,0.0,0.0,0.0
11,18,2,0,,,,0.6636,0.0,0.0,0.0,0.0
11,19,2,0,,,,2.47865,0.0,0.0,0.0,0.0
11,20,2,0,,,,1.8618166,0.0,0.0,0.0,0.0
11,21,2,0,,,,1.86735,0.0,0.0,0.0,0.0
11,22,2,0,,,,1.3708167,0.0,0.0,0.0,0.0
11,23,2,0,,,,2.5554,0.0,0.0,0.0,0.0
11,24,2,0,,,,1.5966333,0.0,0.0,0.0,0.0
11,1,3,0,,,,0.46211666,0.0,0.0,0.0,0.0
11,2,3,0,,,,0.45801666,0.0,0.0,0.0,0.0
11,3,3,0,,,,0.45738333,0.0,0.0,0.0,0.0
11,4,3,0,,,,0.46058333,0.0,0.0,0.0,0.0
11,5,3,0,,,,0.45873332,0.0,0.0,0.0,0.0
11,6,3,0,,,,0.5298667,0.0,0.0,0.0,0.0
11,7,3,0,,,,0.40161666,0.0,0.0,0.0,0.0
11,8,3,0,,,,0.37243333,0.0,0.0,0.0,0.0
11,9,3,0,,,,1.0101666,0.0,0.0,0.0,1.54
11,10,3,0,,,,0.55843335,0.0,0.0,0.0,11.13
11,11,3,0,,,,0.37691668,0.0,0.0,0.0,98.26
11,12,3,0,,,,0.38118333,0.0,0.0,0.0,66.94
11,13,3,0,,,,0.37603334,0.0,0.0,0.0,49.67
11,14,3,0,,,,1.8686833,0.0,0.0,0.0,28.71
11,15,3,0,,,,0.9574,0.0,0.0,0.0,54.08
11,16,3,0,,,,1.0406333,0.0,0.0,0.0,61.02
11,17,3,0,,,,1.4168833,0.0,0.0,0.0,0.0
11,18,3,0,,,,0.70465,0.0,0.0,0.0,0.0
11,19,3,0,,,,2.2885168,0.0,0.0,0.0,0.0
11,20,3,0,,,,2.4632666,0.0,0.0,0.0,0.0
11,21,3,0,,,,1.4657167,0.0,0.0,0.0,0.0
11,22,3,0,,,,1.0344334,0.0,0.0,0.0,0.0
11,23,3,0,,,,1.7519166,0.0,0.0,0.0,0.0
11,24,3,0,,,,0.7894833,0.0,0.0,0.0,0.0
11,1,4,0,,,,0.36978334,0.0,0.0,0.0,0.0
11,2,4,0,,,,0.35853332,0.0,0.0,0.0,0.0
11,3,4,0,,,,0.35628334,0.0,0.0,0.0,0.0
11,4,4,0,,,,0.35746667,0.0,0.0,0.0,0.0
11,5,4,0,,,,0.35655,0.0,0.0,0.0,0.0
11,6,4,0,,,,0.38616666,0.0,0.0,0.0,0.0
11,7,4,0,,,,0.4187,0.0,0.0,0.0,0.0
11,8,4,0,,,,0.5606667,0.0,0.0,0.0,0.0
11,9,4,0,,,,0.6526667,0.0,0.0,0.0,2.48
11,10,4,0,,,,0.2782,0.0,0.0,0.0,28.53
11,11,4,0,,,,0.28371668,0.0,0.0,0.0,46.5
11,12,4,0,,,,0.28631666,0.0,0.0,0.0,30.56
11,13,4,0,,,,0.27861667,0.0,0.0,0.0,25.4
11,14,4,0,,,,0.5142,0.0,0.0,0.0,37.77
11,15,4,0,,,,1.4413834,0.0,0.0,0.0,93.35
11,16,4,0,,,,1.6985166,0.0,0.0,0.0,30.6
11,17,4,0,,,,1.1563166,0.0,0.0,0.0,0.0
11,18,4,0,,,,2.02155,0.0,0.0,0.0,0.0
11,19,4,0,,,,1.2580667,0.0,0.0,0.0,0.0
11,20,4,0,,,,1.92225,0.0,0.0,0.0,0.0
11,21,4,0,,,,1.0519,0.0,0.0,0.0,0.0
11,22,4,0,,,,1.57175,0.0,0.0,0.0,0.0
11,23,4,0,,,,3.1791832,0.0,0.0,0.0,0.0
11,24,4,0,,,,0.5848,0.0,0.0,0.0,0.0
11,1,5,0,,,,0.46583334,0.0,0.0,0.0,0.0
11,2,5,0,,,,0.46425,0.0,0.0,0.0,0.0
11,3,5,0,,,,0.4595,0.0,0.0,0.0,0.0
11,4,5,0,,,,0.45778334,0.0,0.0,0.0,0.0
11,5,5,0,,,,0.4611,0.0,0.0,0.0,0.0
11,6,5,0,,,,0.48963332,0.0,0.0,0.0,0.0
11,7,5,0,,,,0.44151667,0.0,0.0,0.0,0.0
11,8,5,0,,,,0.4006,0.0,0.0,0.0,0.0
11,9,5,0,,,,0.34696665,0.0,0.0,0.0,24.51
11,10,5,0,,,,0.30593333,0.0,0.0,0.0,15.88
11,11,5,0,,,,0.28415,0.0,0.0,0.0,15.86
11,12,5,0,,,,0.66535,0.0,0.0,0.0,41.23
11,13,5,0,,,,0.68405,0.0,0.0,0.0,13.74
11,14,5,0,,,,0.5190333,0.0,0.0,0.0,110.97
11,15,5,0,,,,1.8287667,0.0,0.0,0.0,119.86
11,16,5,0,,,,1.4061333,0.0,0.0,0.0,155.34
11,17,5,0,,,,2.3872,0.0,0.0,0.0,0.0
11,18,5,0,,,,1.4385,0.0,0.0,0.0,0.0
11,19,5,0,,,,1.3768667,0.0,0.0,0.0,0.0
11,20,5,0,,,,0.5768667,0.0,0.0,0.0,0.0
11,21,5,0,,,,0.6663333,0.0,0.0,0.0,0.0
11,22,5,0,,,,0.7144667,0.0,0.0,0.0,0.0
11,23,5,0,,,,0.9479333,0.0,0.0,0.0,0.0
11,24,5,0,,,,0.48875833,0.0,0.0,0.0,0.0
11,1,6,0,,,,0.4039,0.0,0.0,0.0,0.0
11,2,6,0,,,,0.36701667,0.0,0.0,0.0,0.0
11,3,6,0,,,,0.37121665,0.0,0.0,0.0,0.0
11,4,6,0,,,,0.40178335,0.0,0.0,0.0,0.0
11,5,6,0,,,,0.40175,0.0,0.0,0.0,0.0
11,6,6,0,,,,0.37898332,0.0,0.0,0.0,0.0
11,7,6,0,,,,0.408,0.0,0.0,0.0,0.0
11,8,6,0,,,,0.43576667,0.0,0.0,0.0,0.0
11,9,6,0,,,,0.5489,0.0,0.0,0.0,111.97
11,10,6,0,,,,0.5549333,0.0,0.0,0.0,278.12
11,11,6,0,,,,0.74813336,0.0,0.0,0.0,392.32
11,12,6,0,,,,0.82235,0.0,0.0,0.0,557.0
11,13,6,0,,,,1.558,0.0,0.0,0.0,404.09
11,14,6,0,,,,1.6857667,0.0,0.0,0.0,338.47
11,15,6,0,,,,1.2041833,0.0,0.0,0.0,295.0
11,16,6,0,,,,0.6461833,0.0,0.0,0.0,101.39
11,17,6,0,,,,0.7069167,0.0,0.0,0.0,0.0
11,18,6,0,,,,0.25251666,0.0,0.0,0.0,0.0
11,19,6,0,,,,0.25801668,0.0,0.0,0.0,0.0
11,20,6,0,,,,0.2675,0.0,0.0,0.0,0.0
11,21,6,0,,,,0.28211668,0.0,0.0,0.0,0.0
11,22,6,0,,,,0.74118334,0.0,0.0,0.0,0.0
11,23,6,0,,,,0.7068667,0.0,0.0,0.0,0.0
11,24,6,0,,,,2.5918918,0.0,0.0,0.0,0.0
11,1,7,0,,,,0.36246666,0.0,0.0,0.0,0.0
11,2,7,0,,,,0.36256668,0.0,0.0,0.0,0.0
11,3,7,0,,,,0.36078334,0.0,0.0,0.0,0.0
11,4,7,0,,,,0.36016667,0.0,0.0,0.0,0.0
11,5,7,0,,,,0.36046666,0.0,0.0,0.0,0.0
11,6,7,0,,,,0.35316667,0.0,0.0,0.0,0.0
11,7,7,0,,,,0.36513335,0.0,0.0,0.0,0.0
11,8,7,0,,,,0.36225,0.0,0.0,0.0,0.0
11,9,7,0,,,,0.42898333,0.0,0.0,0.0,5.73
11,10,7,0,,,,0.8501,0.0,0.0,0.0,41.52
11,11,7,0,,,,0.86523336,0.0,0.0,0.0,74.45
11,12,7,0,,,,1.5829,0.0,0.0,0.0,84.52
11,13,7,0,,,,1.4261167,0.0,0.0,0.0,124.12
11,14,7,0,,,,1.6966166,0.0,0.0,0.0,138.95
11,15,7,0,,,,1.0753666,0.0,0.0,0.0,51.06
11,16,7,0,,,,0.54903334,0.0,0.0,0.0,12.36
11,17,7,0,,,,2.4048166,0.0,0.0,0.0,0.0
11,18,7,0,,,,0.8573,0.0,0.0,0.0,0.0
11,19,7,0,,,,1.0642166,0.0,0.0,0.0,0.0
11,20,7,0,,,,1.1768334,0.0,0.0,0.0,0.0
11,21,7,0,,,,0.89015,0.0,0.0,0.0,0.0
11,22,7,0,,,,0.7299,0.0,0.0,0.0,0.0
11,23,7,0,,,,2.5435,0.0,0.0,0.0,0.0
11,24,7,0,,,,2.1112084,0.0,0.0,0.0,0.0
11,1,1,0,,,,0.3824,0.0,0.0,0.0,0.0
11,2,1,0,,,,0.3761,0.0,0.0,0.0,0.0
11,3,1,0,,,,0.37615,0.0,0.0,0.0,0.0
11,4,1,0,,,,0.37388334,0.0,0.0,0.0,0.0
11,5,1,0,,,,0.37246665,0.0,0.0,0.0,0.0
11,6,1,0,,,,0.796,0.0,0.0,0.0,0.0
11,7,1,0,,,,0.7706,0.0,0.0,0.0,0.0
11,8,1,0,,,,0.5320167,0.0,0.0,0.0,0.0
11,9,1,0,,,,0.64998335,0.0,0.0,0.0,15.5
11,10,1,0,,,,1.6055334,0.0,0.0,0.0,52.61
11,11,1,0,,,,0.40646666,0.0,0.0,0.0,72.09
11,12,1,0,,,,2.3189666,0.0,0.0,0.0,70.15
11,13,1,0,,,,1.6291833,0.0,0.0,0.0,61.2
11,14,1,0,,,,1.5853167,0.0,0.0,0.0,99.63
11,15,1,0,,,,2.6275167,0.0,0.0,0.0,57.03
11,16,1,0,,,,0.5826833,0.0,0.0,0.0,156.48
11,17,1,0,,,,1.9681166,0.0,0.0,0.0,0.0
11,18,1,0,,,,0.77085,0.0,0.0,0.0,0.0
11,19,1,0,,,,2.6281834,0.0,0.0,0.0,0.0
11,20,1,0,,,,1.8624667,0.0,0.0,0.0,0.0
11,21,1,0,,,,1.24155,0.0,0.0,0.0,0.0
11,22,1,0,,,,0.88025,0.0,0.0,0.0,0.0
11,23,1,0,,,,0.5349,0.0,0.0,0.0,0.0
11,24,1,0,,,,0.396,0.0,0.0,0.0,0.0
11,1,2,0,,,,0.39161667,0.0,0.0,0.0,0.0
11,2,2,0,,,,0.39028335,0.0,0.0,0.0,0.0
11,3,2,0,,,,0.43058333,0.0,0.0,0.0,0.0
11,4,2,0,,,,0.42723334,0.0,0.0,0.0,0.0
11,5,2,0,,,,0.4248,0.0,0.0,0.0,0.0
11,6,2,0,,,,0.7100833,0.0,0.0,0.0,0.0
11,7,2,0,,,,0.96133333,0.0,0.0,0.0,0.0
11,8,2,0,,,,0.37915,0.0,0.0,0.0,0.0
11,9,2,0,,,,0.32923332,0.0,0.0,0.0,19.83
11,10,2,0,,,,0.3309,0.0,0.0,0.0,56.87
11,11,2,0,,,,0.33278334,0.0,0.0,0.0,42.24
11,12,2,0,,,,0.29615,0.0,0.0,0.0,62.51
11,13,2,0,,,,0.28548333,0.0,0.0,0.0,38.73
11,14,2,0,,,,0.28498334,0.0,0.0,0.0,33.29
11,15,2,0,,,,0.29885,0.0,0.0,0.0,9.37
11,16,2,0,,,,0.58905,0.0,0.0,0.0,0.71
11,17,2,0,,,,0.64055,0.0,0.0,0.0,0.0
11,18,2,0,,,,1.4074667,0.0,0.0,0.0,0.0
11,19,2,0,,,,1.2207667,0.0,0.0,0.0,0.0
11,20,2,0,,,,1.3565333,0.0,0.0,0.0,0.0
11,21,2,0,,,,1.26655,0.0,0.0,0.0,0.0
11,22,2,0,,,,0.82123333,0.0,0.0,0.0,0.0
11,23,2,0,,,,2.1252832,0.0,0.0,0.0,0.0
11,24,2,0,,,,0.4329,0.0,0.0,0.0,0.0
11,1,3,0,,,,0.43111667,0.0,0.0,0.0,0.0
11,2,3,0,,,,0.43078333,0.0,0.0,0.0,0.0
11,3,3,0,,,,0.43451667,0.0,0.0,0.0,0.0
11,4,3,0,,,,0.43195,0.0,0.0,0.0,0.0
11,5,3,0,,,,0.43083334,0.0,0.0,0.0,0.0
11,6,3,0,,,,0.77855,0.0,0.0,0.0,0.0
11,7,3,0,,,,0.8911667,0.0,0.0,0.0,0.0
11,8,3,0,,,,0.7299,0.0,0.0,0.0,0.0
11,9,3,0,,,,0.53676665,0.0,0.0,0.0,8.2
11,10,3,0,,,,0.38791665,0.0,0.0,0.0,23.8
11,11,3,0,,,,0.33733332,0.0,0.0,0.0,51.8
11,12,3,0,,,,0.33311668,0.0,0.0,0.0,31.72
11,13,3,0,,,,0.33025,0.0,0.0,0.0,25.75
11,14,3,0,,,,0.35341668,0.0,0.0,0.0,42.83
11,15,3,0,,,,0.46013334,0.0,0.0,0.0,13.12
11,16,3,0,,,,0.6799667,0.0,0.0,0.0,0.7
11,17,3,0,,,,0.76031667,0.0,0.0,0.0,0.0
11,18,3,0,,,,1.1979,0.0,0.0,0.0,0.0
11,19,3,0,,,,0.9500667,0.0,0.0,0.0,0.0
11,20,3,0,,,,1.1899,0.0,0.0,0.0,0.0
11,21,3,0,,,,1.2983834,0.0,0.0,0.0,0.0
11,22,3,0,,,,0.9638,0.0,0.0,0.0,0.0
11,23,3,0,,,,0.68631667,0.0,0.0,0.0,0.0
11,24,3,0,,,,0.41781667,0.0,0.0,0.0,0.0
11,1,4,0,,,,0.41448334,0.0,0.0,0.0,0.0
11,2,4,0,,,,0.41215,0.0,0.0,0.0,0.0
11,3,4,0,,,,0.40915,0.0,0.0,0.0,0.0
11,4,4,0,,,,0.40991667,0.0,0.0,0.0,0.0
11,5,4,0,,,,0.4091,0.0,0.0,0.0,0.0
11,6,4,0,,,,0.53153336,0.0,0.0,0.0,0.0
11,7,4,0,,,,0.80473334,0.0,0.0,0.0,0.0
11,8,4,0,,,,0.47408333,0.0,0.0,0.0,0.0
11,9,4,0,,,,0.33466667,0.0,0.0,0.0,59.5
11,10,4,0,,,,0.33885,0.0,0.0,0.0,48.1
11,11,4,0,,,,0.34725,0.0,0.0,0.0,50.56
11,12,4,0,,,,0.34016666,0.0,0.0,0.0,93.49
11,13,4,0,,,,0.3338,0.0,0.0,0.0,29.97
11,14,4,0,,,,0.3329,0.0,0.0,0.0,50.39
11,15,4,0,,,,0.33063334,0.0,0.0,0.0,91.94
11,16,4,0,,,,0.35848334,0.0,0.0,0.0,22.08
11,17,4,0,,,,0.71311665,0.0,0.0,0.0,0.0
11,18,4,0,,,,0.64703333,0.0,0.0,0.0,0.0
11,19,4,0,,,,0.7381833,0.0,0.0,0.0,0.0
11,20,4,0,,,,0.8136333,0.0,0.0,0.0,0.0
11,21,4,0,,,,0.8871167,0.0,0.0,0.0,0.0
11,22,4,0,,,,0.8107833,0.0,0.0,0.0,0.0
11,23,4,0,,,,1.9445167,0.0,0.0,0.0,0.0
11,24,4,0,,,,1.2211833,0.0,0.0,0.0,0.0
11,1,5,0,,,,0.83531666,0.0,0.0,0.0,0.0
11,2,5,0,,,,0.41571668,0.0,0.0,0.0,0.0
11,3,5,0,,,,0.41346666,0.0,0.0,0.0,0.0
11,4,5,0,,,,0.41453335,0.0,0.0,0.0,0.0
11,5,5,0,,,,0.41565,0.0,0.0,0.0,0.0
11,6,5,0,,,,0.6246833,0.0,0.0,0.0,0.0
11,7,5,0,,,,0.95951664,0.0,0.0,0.0,0.0
11,8,5,0,,,,0.3772,0.0,0.0,0.0,0.0
11,9,5,0,,,,0.33461666,0.0,0.0,0.0,7.15
11,10,5,0,,,,0.33928335,0.0,0.0,0.0,33.48
11,11,5,0,,,,0.34485,0.0,0.0,0.0,38.09
11,12,5,0,,,,0.33583334,0.0,0.0,0.0,25.81
11,13,5,0,,,,0.33061665,0.0,0.0,0.0,22.08
11,14,5,0,,,,0.3301,0.0,0.0,0.0,16.34
11,15,5,0,,,,0.39876667,0.0,0.0,0.0,7.71
11,16,5,0,,,,0.73843336,0.0,0.0,0.0,1.63
11,17,5,0,,,,0.98936665,0.0,0.0,0.0,0.0
11,18,5,0,,,,1.3223166,0.0,0.0,0.0,0.0
11,19,5,0,,,,0.90533334,0.0,0.0,0.0,0.0
11,20,5,0,,,,0.9408,0.0,0.0,0.0,0.0
11,21,5,0,,,,0.9335833,0.0,0.0,0.0,0.0
11,22,5,0,,,,0.87763333,0.0,0.0,0.0,0.0
11,23,5,0,,,,1.13095,0.0,0.0,0.0,0.0
11,24,5,0,,,,0.81413335,0.0,0.0,0.0,0.0
11,1,6,0,,,,0.46025,0.0,0.0,0.0,0.0
11,2,6,0,,,,0.4217,0.0,0.0,0.0,0.0
11,3,6,0,,,,0.41943333,0.0,0.0,0.0,0.0
11,4,6,0,,,,0.41223332,0.0,0.0,0.0,0.0
11,5,6,0,,,,0.41081667,0.0,0.0,0.0,0.0
11,6,6,0,,,,0.40201667,0.0,0.0,0.0,0.0
11,7,6,0,,,,0.40771666,0.0,0.0,0.0,0.0
11,8,6,0,,,,0.41105,0.0,0.0,0.0,0.0
11,9,6,0,,,,1.0033166,0.0,0.0,0.0,6.45
11,10,6,0,,,,0.77066666,0.0,0.0,0.0,31.43
11,11,6,0,,,,0.7237167,0.0,0.0,0.0,42.04
11,12,6,0,,,,0.3143,0.0,0.0,0.0,60.8
11,13,6,0,,,,0.49938333,0.0,0.0,0.0,39.55
11,14,6,0,,,,0.5520833,0.0,0.0,0.0,47.25
11,15,6,0,,,,0.54715,0.0,0.0,0.0,28.2
11,16,6,0,,,,0.8404667,0.0,0.0,0.0,8.19
11,17,6,0,,,,1.0013334,0.0,0.0,0.0,0.0
11,18,6,0,,,,0.9970667,0.0,0.0,0.0,0.0
11,19,6,0,,,,0.9984667,0.0,0.0,0.0,0.0
11,20,6,0,,,,1.0042666,0.0,0.0,0.0,0.0
11,21,6,0,,,,1.1346,0.0,0.0,0.0,0.0
11,22,6,0,,,,1.0933833,0.0,0.0,0.0,0.0
11,23,6,0,,,,1.0223666,0.0,0.0,0.0,0.0
11,24,6,0,,,,1.03215,0.0,0.0,0.0,0.0
11,1,7,0,,,,0.95288336,0.0,0.0,0.0,0.0
11,2,7,0,,,,0.37981668,0.0,0.0,0.0,0.0
11,3,7,0,,,,0.31396666,0.0,0.0,0.0,0.0
11,4,7,0,,,,0.31276667,0.0,0.0,0.0,0.0
11,5,7,0,,,,0.31058332,0.0,0.0,0.0,0.0
11,6,7,0,,,,0.3088,0.0,0.0,0.0,0.0
11,7,7,0,,,,0.48443332,0.0,0.0,0.0,0.0
11,8,7,0,,,,0.5521333,0.0,0.0,0.0,0.0
11,9,7,0,,,,0.34233335,0.0,0.0,0.0,4.74
11,10,7,0,,,,0.5707292,0.0,0.0,0.0,13.53
11,11,7,0,,,,0.98216665,0.0,0.0,0.0,47.9
11,12,7,0,,,,0.86901665,0.0,0.0,0.0,36.2
11,13,7,0,,,,0.72585,0.0,0.0,0.0,29.36
11,14,7,0,,,,0.67215,0.0,0.0,0.0,27.13
11,15,7,0,,,,0.29123333,0.0,0.0,0.0,22.72
11,16,7,0,,,,0.29995,0.0,0.0,0.0,46.5
11,17,7,0,,,,0.29133335,0.0,0.0,0.0,0.0
11,18,7,0,,,,0.28733334,0.0,0.0,0.0,0.0
11,19,7,0,,,,0.28518334,0.0,0.0,0.0,0.0
11,20,7,0,,,,0.38445,0.0,0.0,0.0,0.0
11,21,7,0,,,,0.6997833,0.0,0.0,0.0,0.0
11,22,7,0,,,,0.78805,0.0,0.0,0.0,0.0
11,23,7,0,,,,0.37215,0.0,0.0,0.0,0.0
11,24,7,0,,,,0.31254166,0.0,0.0,0.0,0.0
11,1,1,0,,,,0.31433332,0.0,0.0,0.0,0.0
11,2,1,0,,,,0.31525,0.0,0.0,0.0,0.0
11,3,1,0,,,,0.5279,0.0,0.0,0.0,0.0
11,4,1,0,,,,0.5898167,0.0,0.0,0.0,0.0
11,5,1,0,,,,0.30375,0.0,0.0,0.0,0.0
11,6,1,0,,,,0.3045,0.0,0.0,0.0,0.0
11,7,1,0,,,,0.48053333,0.0,0.0,0.0,0.0
11,8,1,0,,,,0.37281665,0.0,0.0,0.0,0.0
11,9,1,0,,,,0.37918332,0.0,0.0,0.0,5.42
11,10,1,0,,,,0.7058833,0.0,0.0,0.0,18.08
11,11,1,0,,,,0.71138334,0.0,0.0,0.0,35.47
11,12,1,0,,,,0.76785,0.0,0.0,0.0,35.49
11,13,1,0,,,,0.9120333,0.0,0.0,0.0,31.63
11,14,1,0,,,,1.0621,0.0,0.0,0.0,28.59
11,15,1,0,,,,0.9770167,0.0,0.0,0.0,27.09
11,16,1,0,,,,1.07585,0.0,0.0,0.0,127.52
11,17,1,0,,,,1.0103166,0.0,0.0,0.0,0.0
11,18,1,0,,,,0.55251664,0.0,0.0,0.0,0.0
11,19,1,0,,,,1.0644333,0.0,0.0,0.0,0.0
11,20,1,0,,,,1.2021667,0.0,0.0,0.0,0.0
11,21,1,0,,,,1.1406833,0.0,0.0,0.0,0.0
11,22,1,0,,,,1.1546167,0.0,0.0,0.0,0.0
11,23,1,0,,,,1.09785,0.0,0.0,0.0,0.0
11,24,1,0,,,,1.083775,0.0,0.0,0.0,0.0
11,1,2,0,,,,0.87395,0.0,0.0,0.0,0.0
11,2,2,0,,,,0.588,0.0,0.0,0.0,0.0
11,3,2,0,,,,0.449,0.0,0.0,0.0,0.0
11,4,2,0,,,,0.38065,0.0,0.0,0.0,0.0
11,5,2,0,,,,0.37825,0.0,0.0,0.0,0.0
11,6,2,0,,,,0.37475,0.0,0.0,0.0,0.0
11,7,2,0,,,,0.4198,0.0,0.0,0.0,0.0
11,8,2,0,,,,0.93576664,0.0,0.0,0.0,0.0
11,9,2,0,,,,1.3356333,0.0,0.0,0.0,116.2
11,10,2,0,,,,0.74803334,0.0,0.0,0.0,437.88
11,11,2,0,,,,0.7503667,0.0,0.0,0.0,460.32
11,12,2,0,,,,0.6078,0.0,0.0,0.0,693.35
11,13,2,0,,,,0.54826665,0.0,0.0,0.0,673.82
11,14,2,0,,,,0.8981,0.0,0.0,0.0,563.46
11,15,2,0,,,,0.6598167,0.0,0.0,0.0,464.11
11,16,2,0,,,,0.28276667,0.0,0.0,0.0,241.78
11,17,2,0,,,,0.30155,0.0,0.0,0.0,0.0
11,18,2,0,,,,0.7046667,0.0,0.0,0.0,0.0
11,19,2,0,,,,0.47765,0.0,0.0,0.0,0.0
11,20,2,0,,,,0.60046667,0.0,0.0,0.0,0.0
11,21,2,0,,,,1.3055333,0.0,0.0,0.0,0.0
11,22,2,0,,,,2.1397,0.0,0.0,0.0,0.0
11,23,2,0,,,,1.17165,0.0,0.0,0.0,0.0
11,24,2,0,,,,1.3024417,0.0,0.0,0.0,0.0
11,1,3,0,,,,0.8210667,0.0,0.0,0.0,0.0
11,2,3,0,,,,0.7920833,0.0,0.0,0.0,0.0
11,3,3,0,,,,0.41721666,0.0,0.0,0.0,0.0
11,4,3,0,,,,0.37336665,0.0,0.0,0.0,0.0
11,5,3,0,,,,0.37163332,0.0,0.0,0.0,0.0
11,6,3,0,,,,0.36831668,0.0,0.0,0.0,0.0
11,7,3,0,,,,0.37021667,0.0,0.0,0.0,0.0
11,8,3,0,,,,0.371,0.0,0.0,0.0,0.0
11,9,3,0,,,,0.42496666,0.0,0.0,0.0,68.44
11,10,3,0,,,,0.64711666,0.0,0.0,0.0,289.2
11,11,3,0,,,,0.91216666,0.0,0.0,0.0,419.51
11,12,3,0,,,,1.09175,0.0,0.0,0.0,562.04
11,13,3,0,,,,1.0031834,0.0,0.0,0.0,569.83
11,14,3,0,,,,0.80995,0.0,0.0,0.0,494.04
11,15,3,0,,,,0.73536664,0.0,0.0,0.0,305.49
11,16,3,0,,,,0.79623336,0.0,0.0,0.0,117.75
11,17,3,0,,,,1.11355,0.0,0.0,0.0,0.0
11,18,3,0,,,,1.2518166,0.0,0.0,0.0,0.0
11,19,3,0,,,,1.2754,0.0,0.0,0.0,0.0
11,20,3,0,,,,1.1362833,0.0,0.0,0.0,0.0
11,21,3,0,,,,1.3328834,0.0,0.0,0.0,0.0
11,22,3,0,,,,1.3720167,0.0,0.0,0.0,0.0
11,23,3,0,,,,1.43845,0.0,0.0,0.0,0.0
11,24,3,0,,,,1.7493833,0.0,0.0,0.0,0.0
11,1,4,0,,,,1.1485333,0.0,0.0,0.0,0.0
11,2,4,0,,,,0.65008336,0.0,0.0,0.0,0.0
11,3,4,0,,,,0.5588667,0.0,0.0,0.0,0.0
11,4,4,0,,,,0.39683333,0.0,0.0,0.0,0.0
11,5,4,0,,,,0.38453335,0.0,0.0,0.0,0.0
11,6,4,0,,,,0.40945,0.0,0.0,0.0,0.0
11,7,4,0,,,,0.49886668,0.0,0.0,0.0,0.0
11,8,4,0,,,,0.76135,0.0,0.0,0.0,0.0
11,9,4,0,,,,0.9252667,0.0,0.0,0.0,27.98
11,10,4,0,,,,0.9008167,0.0,0.0,0.0,156.04
11,11,4,0,,,,1.3585666,0.0,0.0,0.0,356.68
11,12,4,0,,,,1.4519833,0.0,0.0,0.0,481.8
11,13,4,0,,,,1.1142666,0.0,0.0,0.0,595.13
11,14,4,0,,,,1.1496167,0.0,0.0,0.0,502.39
11,15,4,0,,,,0.81215,0.0,0.0,0.0,391.34
11,16,4,0,,,,1.0377834,0.0,0.0,0.0,200.96
11,17,4,0,,,,1.2798834,0.0,0.0,0.0,0.0
11,18,4,0,,,,1.25345,0.0,0.0,0.0,0.0
11,19,4,0,,,,1.00425,0.0,0.0,0.0,0.0
11,20,4,0,,,,1.0414333,0.0,0.0,0.0,0.0
11,21,4,0,,,,1.2269833,0.0,0.0,0.0,0.0
11,22,4,0,,,,1.3421,0.0,0.0,0.0,0.0
11,23,4,0,,,,1.0126,0.0,0.0,0.0,0.0
11,24,4,0,,,,0.648525,0.0,0.0,0.0,0.0
11,1,5,0,,,,0.48195,0.0,0.0,0.0,0.0
11,2,5,0,,,,0.47843334,0.0,0.0,0.0,0.0
11,3,5,0,,,,0.4758,0.0,0.0,0.0,0.0
11,4,5,0,,,,0.47076666,0.0,0.0,0.0,0.0
11,5,5,0,,,,0.4695,0.0,0.0,0.0,0.0
11,6,5,0,,,,0.46635,0.0,0.0,0.0,0.0
11,7,5,0,,,,0.47355,0.0,0.0,0.0,0.0
11,8,5,0,,,,0.475,0.0,0.0,0.0,0.0
11,9,5,0,,,,0.51015,0.0,0.0,0.0,3.33
11,10,5,0,,,,0.88133335,0.0,0.0,0.0,42.83
11,11,5,0,,,,0.55758333,0.0,0.0,0.0,121.48
11,12,5,0,,,,0.56895,0.0,0.0,0.0,104.71
11,13,5,0,,,,0.56626666,0.0,0.0,0.0,205.9
11,14,5,0,,,,0.57035,0.0,0.0,0.0,138.84
11,15,5,0,,,,0.66103333,0.0,0.0,0.0,266.7
11,16,5,0,,,,0.73298335,0.0,0.0,0.0,106.64
11,17,5,0,,,,0.95563334,0.0,0.0,0.0,0.0
11,18,5,0,,,,1.1408666,0.0,0.0,0.0,0.0
11,19,5,0,,,,1.2089555,0.0,0.0,0.0,0.0
11,20,5,0,,,,0.91896665,0.0,0.0,0.0,0.0
11,21,5,0,,,,0.65649164,0.0,0.0,0.0,0.0
11,22,5,0,,,,0.9564667,0.0,0.0,0.0,0.0
11,23,5,0,,,,1.0240667,0.0,0.0,0.0,0.0
11,24,5,0,,,,0.919425,0.0,0.0,0.0,0.0
11,1,6,0,,,,0.8092667,0.0,0.0,0.0,0.0
11,2,6,0,,,,0.90291667,0.0,0.0,0.0,0.0
11,3,6,0,,,,0.90313333,0.0,0.0,0.0,0.0
11,4,6,0,,,,0.8451,0.0,0.0,0.0,0.0
11,5,6,0,,,,0.6472333,0.0,0.0,0.0,0.0
11,6,6,0,,,,0.41826665,0.0,0.0,0.0,0.0
11,7,6,0,,,,0.41535,0.0,0.0,0.0,0.0
11,8,6,0,,,,0.41893333,0.0,0.0,0.0,0.0
11,9,6,0,,,,0.41571668,0.0,0.0,0.0,31.5
11,10,6,0,,,,0.9177,0.0,0.0,0.0,191.92
11,11,6,0,,,,1.20395,0.0,0.0,0.0,488.91
11,12,6,0,,,,0.9185167,0.0,0.0,0.0,577.96
11,13,6,0,,,,0.8429833,0.0,0.0,0.0,599.8
11,14,6,0,,,,0.58608335,0.0,0.0,0.0,494.55
11,15,6,0,,,,1.0015167,0.0,0.0,0.0,364.3
11,16,6,0,,,,1.1361834,0.0,0.0,0.0,24.04
11,17,6,0,,,,1.2773666,0.0,0.0,0.0,0.0
11,18,6,0,,,,1.32995,0.0,0.0,0.0,0.0
11,19,6,0,,,,1.1135666,0.0,0.0,0.0,0.0
11,20,6,0,,,,1.0303333,0.0,0.0,0.0,0.0
11,21,6,0,,,,1.0443667,0.0,0.0,0.0,0.0
11,22,6,0,,,,1.04895,0.0,0.0,0.0,0.0
11,23,6,0,,,,1.0914667,0.0,0.0,0.0,0.0
11,24,6,0,,,,1.3918166,0.0,0.0,0.0,0.0
11,1,7,0,,,,0.9935333,0.0,0.0,0.0,0.0
11,2,7,0,,,,0.95125,0.0,0.0,0.0,0.0
11,3,7,0,,,,0.49378332,0.0,0.0,0.0,0.0
11,4,7,0,,,,0.48766667,0.0,0.0,0.0,0.0
11,5,7,0,,,,0.48255,0.0,0.0,0.0,0.0
11,6,7,0,,,,0.48166665,0.0,0.0,0.0,0.0
11,7,7,0,,,,0.4779,0.0,0.0,0.0,0.0
11,8,7,0,,,,0.47648335,0.0,0.0,0.0,0.0
11,9,7,0,,,,0.47665,0.0,0.0,0.0,55.47
11,10,7,0,,,,0.82836664,0.0,0.0,0.0,205.03
11,11,7,0,,,,1.64035,0.0,0.0,0.0,80.0
11,12,7,0,,,,1.3517667,0.0,0.0,0.0,56.98
11,13,7,0,,,,1.3465,0.0,0.0,0.0,42.33
11,14,7,0,,,,1.4606333,0.0,0.0,0.0,39.84
11,15,7,0,,,,1.5210333,0.0,0.0,0.0,26.76
11,16,7,0,,,,1.7663,0.0,0.0,0.0,3.18
11,17,7,0,,,,1.6566666,0.0,0.0,0.0,0.0
11,18,7,0,,,,2.09635,0.0,0.0,0.0,0.0
11,19,7,0,,,,2.01665,0.0,0.0,0.0,0.0
11,20,7,0,,,,2.9128335,0.0,0.0,0.0,0.0
11,21,7,0,,,,2.3338,0.0,0.0,0.0,0.0
11,22,7,0,,,,1.9214,0.0,0.0,0.0,0.0
11,23,7,0,,,,1.3748667,0.0,0.0,0.0,0.0
11,24,7,0,,,,0.5590417,0.0,0.0,0.0,0.0
11,1,1,0,,,,0.5073,0.0,0.0,0.0,0.0
11,2,1,0,,,,0.50621665,0.0,0.0,0.0,0.0
11,3,1,0,,,,0.50185,0.0,0.0,0.0,0.0
11,4,1,0,,,,0.5029333,0.0,0.0,0.0,0.0
11,5,1,0,,,,0.49653333,0.0,0.0,0.0,0.0
11,6,1,0,,,,0.81873333,0.0,0.0,0.0,0.0
11,7,1,0,,,,0.8863,0.0,0.0,0.0,0.0
11,8,1,0,,,,0.8663,0.0,0.0,0.0,0.0
11,9,1,0,,,,0.61215,0.0,0.0,0.0,1.24
11,10,1,0,,,,0.41948333,0.0,0.0,0.0,26.39
11,11,1,0,,,,0.43246666,0.0,0.0,0.0,43.51
11,12,1,0,,,,0.42583334,0.0,0.0,0.0,38.65
11,13,1,0,,,,0.42,0.0,0.0,0.0,28.48
11,14,1,0,,,,0.41733333,0.0,0.0,0.0,16.63
11,15,1,0,,,,0.43228334,0.0,0.0,0.0,34.54
11,16,1,0,,,,0.41016668,0.0,0.0,0.0,7.25
11,17,1,0,,,,1.9278,0.0,0.0,0.0,0.0
11,18,1,0,,,,0.9026833,0.0,0.0,0.0,0.0
11,19,1,0,,,,1.2918833,0.0,0.0,0.0,0.0
11,20,1,0,,,,3.01625,0.0,0.0,0.0,0.0
11,21,1,0,,,,1.3026667,0.0,0.0,0.0,0.0
11,22,1,0,,,,1.9917333,0.0,0.0,0.0,0.0
11,23,1,0,,,,1.45305,0.0,0.0,0.0,0.0
11,24,1,0,,,,0.36400834,0.0,0.0,0.0,0.0
11,1,2,0,,,,0.36471668,0.0,0.0,0.0,0.0
11,2,2,0,,,,0.3619,0.0,0.0,0.0,0.0
11,3,2,0,,,,0.35636666,0.0,0.0,0.0,0.0
11,4,2,0,,,,0.35528332,0.0,0.0,0.0,0.0
11,5,2,0,,,,0.35375,0.0,0.0,0.0,0.0
11,6,2,0,,,,0.4341,0.0,0.0,0.0,0.0
11,7,2,0,,,,0.9758667,0.0,0.0,0.0,0.0
11,8,2,0,,,,0.66815,0.0,0.0,0.0,0.0
11,9,2,0,,,,0.4017,0.0,0.0,0.0,0.0
11,10,2,0,,,,0.36325,0.0,0.0,0.0,6.53
11,11,2,0,,,,0.37635,0.0,0.0,0.0,22.8
11,12,2,0,,,,0.37453333,0.0,0.0,0.0,12.91
11,13,2,0,,,,0.37226668,0.0,0.0,0.0,36.34
11,14,2,0,,,,0.36293334,0.0,0.0,0.0,14.97
11,15,2,0,,,,0.35991666,0.0,0.0,0.0,25.76
11,16,2,0,,,,1.6147,0.0,0.0,0.0,9.65
11,17,2,0,,,,0.712,0.0,0.0,0.0,0.0
11,18,2,0,,,,1.2954667,0.0,0.0,0.0,0.0
11,19,2,0,,,,4.1611166,0.0,0.0,0.0,0.0
11,20,2,0,,,,2.0598917,0.0,0.0,0.0,0.0
11,21,2,0,,,,2.8977334,0.0,0.0,0.0,0.0
11,22,2,0,,,,2.2216666,0.0,0.0,0.0,0.0
11,23,2,0,,,,1.1122833,0.0,0.0,0.0,0.0
11,24,2,0,,,,0.5952,0.0,0.0,0.0,0.0
11,1,3,0,,,,0.44918334,0.0,0.0,0.0,0.0
11,2,3,0,,,,0.44388333,0.0,0.0,0.0,0.0
11,3,3,0,,,,0.442275,0.0,0.0,0.0,0.0
11,4,3,0,,,,0.44063333,0.0,0.0,0.0,0.0
11,5,3,0,,,,0.4398,0.0,0.0,0.0,0.0
11,6,3,0,,,,0.5544,0.0,0.0,0.0,0.0
11,7,3,0,,,,0.81048334,0.0,0.0,0.0,0.0
11,8,3,0,,,,0.5952167,0.0,0.0,0.0,0.0
11,9,3,0,,,,0.36166668,0.0,0.0,0.0,36.91
11,10,3,0,,,,0.36668333,0.0,0.0,0.0,302.03
11,11,3,0,,,,0.37046668,0.0,0.0,0.0,513.19
11,12,3,0,,,,0.36888334,0.0,0.0,0.0,339.64
11,13,3,0,,,,0.35725,0.0,0.0,0.0,132.6
11,14,3,0,,,,0.35075,0.0,0.0,0.0,136.84
11,15,3,0,,,,0.42173332,0.0,0.0,0.0,33.99
11,16,3,0,,,,0.49031666,0.0,0.0,0.0,4.77
11,17,3,0,,,,0.40195,0.0,0.0,0.0,0.0
11,18,3,0,,,,0.98211664,0.0,0.0,0.0,0.0
11,19,3,0,,,,1.4817166,0.0,0.0,0.0,0.0
11,20,3,0,,,,1.8267,0.0,0.0,0.0,0.0
11,21,3,0,,,,1.75715,0.0,0.0,0.0,0.0
11,22,3,0,,,,1.4519666,0.0,0.0,0.0,0.0
11,23,3,0,,,,1.2581834,0.0,0.0,0.0,0.0
11,24,3,0,,,,1.4430584,0.0,0.0,0.0,0.0
12,1,4,0,,,,0.6736,0.0,0.0,0.0,0.0
12,2,4,0,,,,0.5951167,0.0,0.0,0.0,0.0
12,3,4,0,,,,0.48538333,0.0,0.0,0.0,0.0
12,4,4,0,,,,0.51643336,0.0,0.0,0.0,0.0
12,5,4,0,,,,0.47956666,0.0,0.0,0.0,0.0
12,6,4,0,,,,0.60441667,0.0,0.0,0.0,0.0
12,7,4,0,,,,0.6292833,0.0,0.0,0.0,0.0
12,8,4,0,,,,0.35121667,0.0,0.0,0.0,0.0
12,9,4,0,,,,0.35281667,0.0,0.0,0.0,1.7
12,10,4,0,,,,0.34693334,0.0,0.0,0.0,71.08
12,11,4,0,,,,0.34838334,0.0,0.0,0.0,532.17
12,12,4,0,,,,0.35611665,0.0,0.0,0.0,656.48
12,13,4,0,,,,0.35235,0.0,0.0,0.0,636.67
12,14,4,0,,,,0.4525,0.0,0.0,0.0,582.72
12,15,4,0,,,,0.7564667,0.0,0.0,0.0,367.53
12,16,4,0,,,,0.6507,0.0,0.0,0.0,2.16
12,17,4,0,,,,0.85585,0.0,0.0,0.0,0.0
12,18,4,0,,,,0.83098334,0.0,0.0,0.0,0.0
12,19,4,0,,,,0.89445,0.0,0.0,0.0,0.0
12,20,4,0,,,,1.4849334,0.0,0.0,0.0,0.0
12,21,4,0,,,,2.85985,0.0,0.0,0.0,0.0
12,22,4,0,,,,1.3701667,0.0,0.0,0.0,0.0
12,23,4,0,,,,1.1469333,0.0,0.0,0.0,0.0
12,24,4,0,,,,0.93570834,0.0,0.0,0.0,0.0
12,1,5,0,,,,0.44378334,0.0,0.0,0.0,0.0
12,2,5,0,,,,0.44516668,0.0,0.0,0.0,0.0
12,3,5,0,,,,0.43935,0.0,0.0,0.0,0.0
12,4,5,0,,,,0.43315,0.0,0.0,0.0,0.0
12,5,5,0,,,,0.4322,0.0,0.0,0.0,0.0
12,6,5,0,,,,0.51771665,0.0,0.0,0.0,0.0
12,7,5,0,,,,0.7704167,0.0,0.0,0.0,0.0
12,8,5,0,,,,0.43803334,0.0,0.0,0.0,0.0
12,9,5,0,,,,0.44253334,0.0,0.0,0.0,2.2
12,10,5,0,,,,0.44755,0.0,0.0,0.0,36.91
12,11,5,0,,,,0.44776666,0.0,0.0,0.0,111.48
12,12,5,0,,,,0.44015,0.0,0.0,0.0,90.37
12,13,5,0,,,,0.43686667,0.0,0.0,0.0,187.16
12,14,5,0,,,,0.43626666,0.0,0.0,0.0,75.9
12,15,5,0,,,,0.6722,0.0,0.0,0.0,31.47
12,16,5,0,,,,1.48555,0.0,0.0,0.0,8.93
12,17,5,0,,,,1.5616833,0.0,0.0,0.0,0.0
12,18,5,0,,,,1.42915,0.0,0.0,0.0,0.0
12,19,5,0,,,,1.1608167,0.0,0.0,0.0,0.0
12,20,5,0,,,,1.9371333,0.0,0.0,0.0,0.0
12,21,5,0,,,,0.6947167,0.0,0.0,0.0,0.0
12,22,5,0,,,,0.60385,0.0,0.0,0.0,0.0
12,23,5,0,,,,0.42631668,0.0,0.0,0.0,0.0
12,24,5,0,,,,0.442475,0.0,0.0,0.0,0.0
12,1,6,0,,,,0.43495,0.0,0.0,0.0,0.0
12,2,6,0,,,,0.43718332,0.0,0.0,0.0,0.0
12,3,6,0,,,,0.43456668,0.0,0.0,0.0,0.0
12,4,6,0,,,,0.55051666,0.0,0.0,0.0,0.0
12,5,6,0,,,,0.85031664,0.0,0.0,0.0,0.0
12,6,6,0,,,,0.4597,0.0,0.0,0.0,0.0
12,7,6,0,,,,0.75795,0.0,0.0,0.0,0.0
12,8,6,0,,,,1.5550166,0.0,0.0,0.0,0.0
12,9,6,0,,,,2.86715,0.0,0.0,0.0,0.8
12,10,6,0,,,,3.3092833,0.0,0.0,0.0,10.53
12,11,6,0,,,,1.3647333,0.0,0.0,0.0,38.68
12,12,6,0,,,,1.2624834,0.0,0.0,0.0,35.46
12,13,6,0,,,,0.46468332,0.0,0.0,0.0,29.25
12,14,6,0,,,,0.44331667,0.0,0.0,0.0,17.37
12,15,6,0,,,,0.43911666,0.0,0.0,0.0,27.75
12,16,6,0,,,,0.42561665,0.0,0.0,0.0,13.38
12,17,6,0,,,,0.42325,0.0,0.0,0.0,0.0
12,18,6,0,,,,0.41835,0.0,0.0,0.0,0.0
12,19,6,0,,,,0.41871667,0.0,0.0,0.0,0.0
12,20,6,0,,,,0.42101666,0.0,0.0,0.0,0.0
12,21,6,0,,,,0.42811668,0.0,0.0,0.0,0.0
12,22,6,0,,,,1.1301334,0.0,0.0,0.0,0.0
12,23,6,0,,,,0.94236666,0.0,0.0,0.0,0.0
12,24,6,0,,,,0.660625,0.0,0.0,0.0,0.0
12,1,7,0,,,,0.47615,0.0,0.0,0.0,0.0
12,2,7,0,,,,0.43221667,0.0,0.0,0.0,0.0
12,3,7,0,,,,0.42751667,0.0,0.0,0.0,0.0
12,4,7,0,,,,0.4274,0.0,0.0,0.0,0.0
12,5,7,0,,,,0.42721668,0.0,0.0,0.0,0.0
12,6,7,0,,,,0.43441668,0.0,0.0,0.0,0.0
12,7,7,0,,,,0.83671665,0.0,0.0,0.0,0.0
12,8,7,0,,,,0.94138336,0.0,0.0,0.0,0.0
12,9,7,0,,,,4.42415,0.0,0.0,0.0,32.24
12,10,7,0,,,,1.0574833,0.0,0.0,0.0,189.37
12,11,7,0,,,,0.56735,0.0,0.0,0.0,457.36
12,12,7,0,,,,0.6313,0.0,0.0,0.0,574.37
12,13,7,0,,,,0.63126665,0.0,0.0,0.0,507.33
12,14,7,0,,,,0.63088334,0.0,0.0,0.0,540.24
12,15,7,0,,,,0.52893335,0.0,0.0,0.0,173.46
12,16,7,0,,,,0.40996668,0.0,0.0,0.0,10.77
12,17,7,0,,,,0.41698334,0.0,0.0,0.0,0.0
12,18,7,0,,,,0.41681665,0.0,0.0,0.0,0.0
12,19,7,0,,,,0.4157,0.0,0.0,0.0,0.0
12,20,7,0,,,,0.41383332,0.0,0.0,0.0,0.0
12,21,7,0,,,,0.42015,0.0,0.0,0.0,0.0
12,22,7,0,,,,0.42198333,0.0,0.0,0.0,0.0
12,23,7,0,,,,0.42271668,0.0,0.0,0.0,0.0
12,24,7,0,,,,0.4257,0.0,0.0,0.0,0.0
12,1,1,0,,,,0.42595,0.0,0.0,0.0,0.0
12,2,1,0,,,,0.42803332,0.0,0.0,0.0,0.0
12,3,1,0,,,,0.42431667,0.0,0.0,0.0,0.0
12,4,1,0,,,,0.42351666,0.0,0.0,0.0,0.0
12,5,1,0,,,,0.42401665,0.0,0.0,0.0,0.0
12,6,1,0,,,,0.52605,0.0,0.0,0.0,0.0
12,7,1,0,,,,0.73933333,0.0,0.0,0.0,0.0
12,8,1,0,,,,0.42695,0.0,0.0,0.0,0.0
12,9,1,0,,,,0.43093333,0.0,0.0,0.0,0.02
12,10,1,0,,,,0.42868334,0.0,0.0,0.0,37.9
12,11,1,0,,,,0.43211666,0.0,0.0,0.0,100.67
12,12,1,0,,,,0.43326667,0.0,0.0,0.0,53.11
12,13,1,0,,,,0.4357,0.0,0.0,0.0,77.51
12,14,1,0,,,,0.43715,0.0,0.0,0.0,533.48
12,15,1,0,,,,0.43258333,0.0,0.0,0.0,391.25
12,16,1,0,,,,0.8032333,0.0,0.0,0.0,11.87
12,17,1,0,,,,0.9747,0.0,0.0,0.0,0.0
12,18,1,0,,,,1.0439334,0.0,0.0,0.0,0.0
12,19,1,0,,,,1.1576333,0.0,0.0,0.0,0.0
12,20,1,0,,,,1.2867666,0.0,0.0,0.0,0.0
12,21,1,0,,,,1.3229166,0.0,0.0,0.0,0.0
12,22,1,0,,,,1.1373,0.0,0.0,0.0,0.0
12,23,1,0,,,,0.7221,0.0,0.0,0.0,0.0
12,24,1,0,,,,0.651475,0.0,0.0,0.0,0.0
12,1,2,0,,,,0.6515333,0.0,0.0,0.0,0.0
12,2,2,0,,,,0.65015,0.0,0.0,0.0,0.0
12,3,2,0,,,,0.64631665,0.0,0.0,0.0,0.0
12,4,2,0,,,,0.6473333,0.0,0.0,0.0,0.0
12,5,2,0,,,,0.64225,0.0,0.0,0.0,0.0
12,6,2,0,,,,2.6173666,0.0,0.0,0.0,0.0
12,7,2,0,,,,1.47415,0.0,0.0,0.0,0.0
12,8,2,0,,,,0.93925,0.0,0.0,0.0,0.0
12,9,2,0,,,,0.42525,0.0,0.0,0.0,41.53
12,10,2,0,,,,0.42443332,0.0,0.0,0.0,351.52
12,11,2,0,,,,0.43118334,0.0,0.0,0.0,531.12
12,12,2,0,,,,0.42598334,0.0,0.0,0.0,613.7
12,13,2,0,,,,0.42531666,0.0,0.0,0.0,627.16
12,14,2,0,,,,0.42415,0.0,0.0,0.0,571.46
12,15,2,0,,,,0.415,0.0,0.0,0.0,397.52
12,16,2,0,,,,3.7447166,0.0,0.0,0.0,11.9
12,17,2,0,,,,2.1945667,0.0,0.0,0.0,0.0
12,18,2,0,,,,1.0333166,0.0,0.0,0.0,0.0
12,19,2,0,,,,2.2461333,0.0,0.0,0.0,0.0
12,20,2,0,,,,1.5086,0.0,0.0,0.0,0.0
12,21,2,0,,,,3.55355,0.0,0.0,0.0,0.0
12,22,2,0,,,,1.0785333,0.0,0.0,0.0,0.0
12,23,2,0,,,,0.64845,0.0,0.0,0.0,0.0
12,24,2,0,,,,0.6552,0.0,0.0,0.0,0.0
12,1,3,0,,,,0.6551833,0.0,0.0,0.0,0.0
12,2,3,0,,,,0.64176667,0.0,0.0,0.0,0.0
12,3,3,0,,,,0.6519333,0.0,0.0,0.0,0.0
12,4,3,0,,,,0.64636666,0.0,0.0,0.0,0.0
12,5,3,0,,,,0.64321667,0.0,0.0,0.0,0.0
12,6,3,0,,,,0.95285,0.0,0.0,0.0,0.0
12,7,3,0,,,,0.76595,0.0,0.0,0.0,0.0
12,8,3,0,,,,0.87635,0.0,0.0,0.0,0.0
12,9,3,0,,,,0.6110833,0.0,0.0,0.0,2.22
12,10,3,0,,,,0.53138334,0.0,0.0,0.0,231.05
12,11,3,0,,,,0.48585,0.0,0.0,0.0,408.42
12,12,3,0,,,,0.48956665,0.0,0.0,0.0,480.08
12,13,3,0,,,,0.49296665,0.0,0.0,0.0,585.65
12,14,3,0,,,,0.452,0.0,0.0,0.0,598.62
12,15,3,0,,,,0.5121,0.0,0.0,0.0,459.59
12,16,3,0,,,,0.72765,0.0,0.0,0.0,11.97
12,17,3,0,,,,1.0147667,0.0,0.0,0.0,0.0
12,18,3,0,,,,1.3337667,0.0,0.0,0.0,0.0
12,19,3,0,,,,2.3444166,0.0,0.0,0.0,0.0
12,20,3,0,,,,1.86905,0.0,0.0,0.0,0.0
12,21,3,0,,,,1.9420834,0.0,0.0,0.0,0.0
12,22,3,0,,,,3.3339334,0.0,0.0,0.0,0.0
12,23,3,0,,,,2.5533667,0.0,0.0,0.0,0.0
12,24,3,0,,,,1.4455833,0.0,0.0,0.0,0.0
12,1,4,0,,,,1.5531167,0.0,0.0,0.0,0.0
12,2,4,0,,,,1.2341833,0.0,0.0,0.0,0.0
12,3,4,0,,,,1.1468667,0.0,0.0,0.0,0.0
12,4,4,0,,,,1.13475,0.0,0.0,0.0,0.0
12,5,4,0,,,,1.1291167,0.0,0.0,0.0,0.0
12,6,4,0,,,,3.25315,0.0,0.0,0.0,0.0
12,7,4,0,,,,1.6721833,0.0,0.0,0.0,0.0
12,8,4,0,,,,1.3321834,0.0,0.0,0.0,0.0
12,9,4,0,,,,0.64481664,0.0,0.0,0.0,24.96
12,10,4,0,,,,0.63748336,0.0,0.0,0.0,217.95
12,11,4,0,,,,0.6469167,0.0,0.0,0.0,163.5
12,12,4,0,,,,0.6451667,0.0,0.0,0.0,155.5
12,13,4,0,,,,0.64185,0.0,0.0,0.0,73.94
12,14,4,0,,,,0.63811666,0.0,0.0,0.0,496.38
12,15,4,0,,,,0.7366,0.0,0.0,0.0,151.35
12,16,4,0,,,,0.7195333,0.0,0.0,0.0,10.56
12,17,4,0,,,,1.5728166,0.0,0.0,0.0,0.0
12,18,4,0,,,,1.6708833,0.0,0.0,0.0,0.0
12,19,4,0,,,,4.33195,0.0,0.0,0.0,0.0
12,20,4,0,,,,2.8970833,0.0,0.0,0.0,0.0
12,21,4,0,,,,2.9775333,0.0,0.0,0.0,0.0
12,22,4,0,,,,2.1810334,0.0,0.0,0.0,0.0
12,23,4,0,,,,1.9468167,0.0,0.0,0.0,0.0
12,24,4,0,,,,1.6576,0.0,0.0,0.0,0.0
12,1,5,0,,,,1.2456167,0.0,0.0,0.0,0.0
12,2,5,0,,,,1.0825917,0.0,0.0,0.0,0.0
12,3,5,0,,,,1.0823833,0.0,0.0,0.0,0.0
12,4,5,0,,,,1.0720667,0.0,0.0,0.0,0.0
12,5,5,0,,,,1.0711167,0.0,0.0,0.0,0.0
12,6,5,0,,,,3.1638668,0.0,0.0,0.0,0.0
12,7,5,0,,,,1.2792833,0.0,0.0,0.0,0.0
12,8,5,0,,,,0.65936667,0.0,0.0,0.0,0.0
12,9,5,0,,,,0.56165,0.0,0.0,0.0,0.0
12,10,5,0,,,,0.5555,0.0,0.0,0.0,93.55
12,11,5,0,,,,0.55488336,0.0,0.0,0.0,435.37
12,12,5,0,,,,0.5625833,0.0,0.0,0.0,257.47
12,13,5,0,,,,0.55476665,0.0,0.0,0.0,637.97
12,14,5,0,,,,0.5511,0.0,0.0,0.0,481.42
12,15,5,0,,,,1.1786833,0.0,0.0,0.0,388.75
12,16,5,0,,,,1.5002333,0.0,0.0,0.0,10.57
12,17,5,0,,,,4.33045,0.0,0.0,0.0,0.0
12,18,5,0,,,,3.1056,0.0,0.0,0.0,0.0
12,19,5,0,,,,2.1880333,0.0,0.0,0.0,0.0
12,20,5,0,,,,2.8015666,0.0,0.0,0.0,0.0
12,21,5,0,,,,1.7623333,0.0,0.0,0.0,0.0
12,22,5,0,,,,1.89795,0.0,0.0,0.0,0.0
12,23,5,0,,,,2.4814832,0.0,0.0,0.0,0.0
12,24,5,0,,,,1.2967417,0.0,0.0,0.0,0.0
12,1,6,0,,,,1.30365,0.0,0.0,0.0,0.0
12,2,6,0,,,,1.3077,0.0,0.0,0.0,0.0
12,3,6,0,,,,1.3070166,0.0,0.0,0.0,0.0
12,4,6,0,,,,1.3001667,0.0,0.0,0.0,0.0
12,5,6,0,,,,1.2942667,0.0,0.0,0.0,0.0
12,6,6,0,,,,1.3013,0.0,0.0,0.0,0.0
12,7,6,0,,,,1.2972333,0.0,0.0,0.0,0.0
12,8,6,0,,,,1.4145,0.0,0.0,0.0,0.0
12,9,6,0,,,,1.549,0.0,0.0,0.0,0.0
12,10,6,0,,,,1.1636333,0.0,0.0,0.0,15.99
12,11,6,0,,,,1.0078,0.0,0.0,0.0,43.04
12,12,6,0,,,,1.16685,0.0,0.0,0.0,40.41
12,13,6,0,,,,1.1867833,0.0,0.0,0.0,26.5
12,14,6,0,,,,1.8625,0.0,0.0,0.0,28.71
12,15,6,0,,,,2.0337667,0.0,0.0,0.0,8.35
12,16,6,0,,,,1.3901666,0.0,0.0,0.0,5.33
12,17,6,0,,,,1.8775667,0.0,0.0,0.0,0.0
12,18,6,0,,,,1.8649167,0.0,0.0,0.0,0.0
12,19,6,0,,,,2.8564167,0.0,0.0,0.0,0.0
12,20,6,0,,,,1.8354334,0.0,0.0,0.0,0.0
12,21,6,0,,,,1.8719667,0.0,0.0,0.0,0.0
12,22,6,0,,,,2.95265,0.0,0.0,0.0,0.0
12,23,6,0,,,,1.9095167,0.0,0.0,0.0,0.0
12,24,6,0,,,,1.8499583,0.0,0.0,0.0,0.0
12,1,7,0,,,,1.6969334,0.0,0.0,0.0,0.0
12,2,7,0,,,,1.527,0.0,0.0,0.0,0.0
12,3,7,0,,,,1.3920333,0.0,0.0,0.0,0.0
12,4,7,0,,,,1.3927833,0.0,0.0,0.0,0.0
12,5,7,0,,,,1.3900167,0.0,0.0,0.0,0.0
12,6,7,0,,,,1.3883166,0.0,0.0,0.0,0.0
12,7,7,0,,,,1.3789166,0.0,0.0,0.0,0.0
12,8,7,0,,,,1.3794833,0.0,0.0,0.0,0.0
12,9,7,0,,,,1.2877667,0.0,0.0,0.0,0.0
12,10,7,0,,,,0.55261666,0.0,0.0,0.0,36.89
12,11,7,0,,,,0.84395,0.0,0.0,0.0,68.85
12,12,7,0,,,,1.0107833,0.0,0.0,0.0,89.77
12,13,7,0,,,,1.4418334,0.0,0.0,0.0,164.65
12,14,7,0,,,,1.6807667,0.0,0.0,0.0,170.97
12,15,7,0,,,,1.0400833,0.0,0.0,0.0,107.58
12,16,7,0,,,,2.4697833,0.0,0.0,0.0,6.5
12,17,7,0,,,,2.7401834,0.0,0.0,0.0,0.0
12,18,7,0,,,,2.8134665,0.0,0.0,0.0,0.0
12,19,7,0,,,,2.1960332,0.0,0.0,0.0,0.0
12,20,7,0,,,,2.31895,0.0,0.0,0.0,0.0
12,21,7,0,,,,2.2686667,0.0,0.0,0.0,0.0
12,22,7,0,,,,2.14835,0.0,0.0,0.0,0.0
12,23,7,0,,,,1.9243,0.0,0.0,0.0,0.0
12,24,7,0,,,,1.5400167,0.0,0.0,0.0,0.0
12,1,1,0,,,,1.3844,0.0,0.0,0.0,0.0
12,2,1,0,,,,1.38535,0.0,0.0,0.0,0.0
12,3,1,0,,,,1.38595,0.0,0.0,0.0,0.0
12,4,1,0,,,,1.3757,0.0,0.0,0.0,0.0
12,5,1,0,,,,1.36635,0.0,0.0,0.0,0.0
12,6,1,0,,,,1.4781667,0.0,0.0,0.0,0.0
12,7,1,0,,,,1.2739167,0.0,0.0,0.0,0.0
12,8,1,0,,,,1.0126333,0.0,0.0,0.0,0.0
12,9,1,0,,,,0.56825,0.0,0.0,0.0,0.0
12,10,1,0,,,,0.5643333,0.0,0.0,0.0,22.24
12,11,1,0,,,,0.563,0.0,0.0,0.0,51.59
12,12,1,0,,,,0.56013334,0.0,0.0,0.0,45.93
12,13,1,0,,,,0.56121665,0.0,0.0,0.0,30.34
12,14,1,0,,,,0.56481665,0.0,0.0,0.0,52.84
12,15,1,0,,,,0.55695,0.0,0.0,0.0,10.3
12,16,1,0,,,,1.25115,0.0,0.0,0.0,0.22
12,17,1,0,,,,2.12875,0.0,0.0,0.0,0.0
12,18,1,0,,,,4.6494164,0.0,0.0,0.0,0.0
12,19,1,0,,,,3.0841,0.0,0.0,0.0,0.0
12,20,1,0,,,,1.8753166,0.0,0.0,0.0,0.0
12,21,1,0,,,,2.5814166,0.0,0.0,0.0,0.0
12,22,1,0,,,,2.1242166,0.0,0.0,0.0,0.0
12,23,1,0,,,,2.06195,0.0,0.0,0.0,0.0
12,24,1,0,,,,1.9233167,0.0,0.0,0.0,0.0
12,1,2,0,,,,1.3979167,0.0,0.0,0.0,0.0
12,2,2,0,,,,1.3892,0.0,0.0,0.0,0.0
12,3,2,0,,,,1.3863667,0.0,0.0,0.0,0.0
12,4,2,0,,,,1.3787833,0.0,0.0,0.0,0.0
12,5,2,0,,,,1.3719167,0.0,0.0,0.0,0.0
12,6,2,0,,,,1.50355,0.0,0.0,0.0,0.0
12,7,2,0,,,,0.97538334,0.0,0.0,0.0,0.0
12,8,2,0,,,,0.5621167,0.0,0.0,0.0,0.0
12,9,2,0,,,,1.6278167,0.0,0.0,0.0,0.0
12,10,2,0,,,,1.1788,0.0,0.0,0.0,11.14
12,11,2,0,,,,2.3163333,0.0,0.0,0.0,28.49
12,12,2,0,,,,1.0679333,0.0,0.0,0.0,18.81
12,13,2,0,,,,0.60753334,0.0,0.0,0.0,20.98
12,14,2,0,,,,0.77063334,0.0,0.0,0.0,25.41
12,15,2,0,,,,1.1631334,0.0,0.0,0.0,4.29
12,16,2,0,,,,0.9898667,0.0,0.0,0.0,0.0
12,17,2,0,,,,1.7633333,0.0,0.0,0.0,0.0
12,18,2,0,,,,1.7587,0.0,0.0,0.0,0.0
12,19,2,0,,,,1.7874666,0.0,0.0,0.0,0.0
12,20,2,0,,,,1.9272,0.0,0.0,0.0,0.0
12,21,2,0,,,,2.1159,0.0,0.0,0.0,0.0
12,22,2,0,,,,2.1722333,0.0,0.0,0.0,0.0
12,23,2,0,,,,1.62715,0.0,0.0,0.0,0.0
12,24,2,0,,,,1.7947583,0.0,0.0,0.0,0.0
12,1,3,0,,,,1.3973666,0.0,0.0,0.0,0.0
12,2,3,0,,,,1.3842,0.0,0.0,0.0,0.0
12,3,3,0,,,,1.38215,0.0,0.0,0.0,0.0
12,4,3,0,,,,1.3757833,0.0,0.0,0.0,0.0
12,5,3,0,,,,1.3638166,0.0,0.0,0.0,0.0
12,6,3,0,,,,1.4696167,0.0,0.0,0.0,0.0
12,7,3,0,,,,1.30485,0.0,0.0,0.0,0.0
12,8,3,0,,,,0.89,0.0,0.0,0.0,0.0
12,9,3,0,,,,0.57045,0.0,0.0,0.0,0.0
12,10,3,0,,,,0.56841666,0.0,0.0,0.0,35.12
12,11,3,0,,,,0.57523334,0.0,0.0,0.0,37.73
12,12,3,0,,,,0.57705,0.0,0.0,0.0,54.4
12,13,3,0,,,,0.57058334,0.0,0.0,0.0,23.83
12,14,3,0,,,,0.57313335,0.0,0.0,0.0,19.41
12,15,3,0,,,,0.56696665,0.0,0.0,0.0,21.57
12,16,3,0,,,,1.3271667,0.0,0.0,0.0,0.98
12,17,3,0,,,,1.6832,0.0,0.0,0.0,0.0
12,18,3,0,,,,1.6401,0.0,0.0,0.0,0.0
12,19,3,0,,,,1.6109667,0.0,0.0,0.0,0.0
12,20,3,0,,,,2.0497668,0.0,0.0,0.0,0.0
12,21,3,0,,,,2.2830334,0.0,0.0,0.0,0.0
12,22,3,0,,,,1.9461167,0.0,0.0,0.0,0.0
12,23,3,0,,,,1.7367166,0.0,0.0,0.0,0.0
12,24,3,0,,,,1.7940917,0.0,0.0,0.0,0.0
12,1,4,0,,,,1.4429834,0.0,0.0,0.0,0.0
12,2,4,0,,,,1.38945,0.0,0.0,0.0,0.0
12,3,4,0,,,,1.3888834,0.0,0.0,0.0,0.0
12,4,4,0,,,,1.38035,0.0,0.0,0.0,0.0
12,5,4,0,,,,1.3742,0.0,0.0,0.0,0.0
12,6,4,0,,,,1.458,0.0,0.0,0.0,0.0
12,7,4,0,,,,1.4783167,0.0,0.0,0.0,0.0
12,8,4,0,,,,1.8458667,0.0,0.0,0.0,0.0
12,9,4,0,,,,1.3729,0.0,0.0,0.0,0.0
12,10,4,0,,,,1.3773167,0.0,0.0,0.0,146.87
12,11,4,0,,,,0.94906664,0.0,0.0,0.0,487.41
12,12,4,0,,,,0.801,0.0,0.0,0.0,590.6
12,13,4,0,,,,0.5514,0.0,0.0,0.0,597.53
12,14,4,0,,,,2.3339334,0.0,0.0,0.0,554.18
12,15,4,0,,,,1.7920166,0.0,0.0,0.0,253.26
12,16,4,0,,,,2.24765,0.0,0.0,0.0,8.69
12,17,4,0,,,,1.8338833,0.0,0.0,0.0,0.0
12,18,4,0,,,,1.7636167,0.0,0.0,0.0,0.0
12,19,4,0,,,,1.8132167,0.0,0.0,0.0,0.0
12,20,4,0,,,,3.0645,0.0,0.0,0.0,0.0
12,21,4,0,,,,2.4039166,0.0,0.0,0.0,0.0
12,22,4,0,,,,3.7253,0.0,0.0,0.0,0.0
12,23,4,0,,,,1.8868834,0.0,0.0,0.0,0.0
12,24,4,0,,,,1.8178333,0.0,0.0,0.0,0.0
12,1,5,0,,,,0.63563335,0.0,0.0,0.0,0.0
12,2,5,0,,,,0.54536664,0.0,0.0,0.0,0.0
12,3,5,0,,,,0.5456833,0.0,0.0,0.0,0.0
12,4,5,0,,,,0.54473335,0.0,0.0,0.0,0.0
12,5,5,0,,,,0.54188335,0.0,0.0,0.0,0.0
12,6,5,0,,,,2.523,0.0,0.0,0.0,0.0
12,7,5,0,,,,1.02175,0.0,0.0,0.0,0.0
12,8,5,0,,,,0.6660333,0.0,0.0,0.0,0.0
12,9,5,0,,,,0.5371,0.0,0.0,0.0,0.0
12,10,5,0,,,,0.54258335,0.0,0.0,0.0,5.85
12,11,5,0,,,,0.54358333,0.0,0.0,0.0,348.83
12,12,5,0,,,,0.5424167,0.0,0.0,0.0,515.66
12,13,5,0,,,,0.5652,0.0,0.0,0.0,576.92
12,14,5,0,,,,0.55588335,0.0,0.0,0.0,545.45
12,15,5,0,,,,1.7855,0.0,0.0,0.0,377.29
12,16,5,0,,,,3.606,0.0,0.0,0.0,7.41
12,17,5,0,,,,2.2789166,0.0,0.0,0.0,0.0
12,18,5,0,,,,2.1116333,0.0,0.0,0.0,0.0
12,19,5,0,,,,2.06885,0.0,0.0,0.0,0.0
12,20,5,0,,,,1.6596333,0.0,0.0,0.0,0.0
12,21,5,0,,,,1.8668056,0.0,0.0,0.0,0.0
12,22,5,0,,,,2.2732666,0.0,0.0,0.0,0.0
12,23,5,0,,,,1.0321667,0.0,0.0,0.0,0.0
12,24,5,0,,,,0.9084917,0.0,0.0,0.0,0.0
12,1,6,0,,,,0.68725,0.0,0.0,0.0,0.0
12,2,6,0,,,,0.63338333,0.0,0.0,0.0,0.0
12,3,6,0,,,,0.63103336,0.0,0.0,0.0,0.0
12,4,6,0,,,,0.6296833,0.0,0.0,0.0,0.0
12,5,6,0,,,,0.62366664,0.0,0.0,0.0,0.0
12,6,6,0,,,,0.6272333,0.0,0.0,0.0,0.0
12,7,6,0,,,,0.6206833,0.0,0.0,0.0,0.0
12,8,6,0,,,,0.55123335,0.0,0.0,0.0,0.0
12,9,6,0,,,,0.54505,0.0,0.0,0.0,0.0
12,10,6,0,,,,0.80373335,0.0,0.0,0.0,289.83
12,11,6,0,,,,0.97725,0.0,0.0,0.0,473.75
12,12,6,0,,,,1.2202333,0.0,0.0,0.0,550.88
12,13,6,0,,,,0.83068335,0.0,0.0,0.0,484.41
12,14,6,0,,,,0.79011667,0.0,0.0,0.0,481.74
12,15,6,0,,,,1.2838334,0.0,0.0,0.0,274.68
12,16,6,0,,,,1.31425,0.0,0.0,0.0,6.84
12,17,6,0,,,,1.2500666,0.0,0.0,0.0,0.0
12,18,6,0,,,,1.3424333,0.0,0.0,0.0,0.0
12,19,6,0,,,,1.4996834,0.0,0.0,0.0,0.0
12,20,6,0,,,,1.3047833,0.0,0.0,0.0,0.0
12,21,6,0,,,,2.9360666,0.0,0.0,0.0,0.0
12,22,6,0,,,,4.2695665,0.0,0.0,0.0,0.0
12,23,6,0,,,,2.7896,0.0,0.0,0.0,0.0
12,24,6,0,,,,0.757075,0.0,0.0,0.0,0.0
12,1,7,0,,,,0.76055,0.0,0.0,0.0,0.0
12,2,7,0,,,,0.77348334,0.0,0.0,0.0,0.0
12,3,7,0,,,,0.6978667,0.0,0.0,0.0,0.0
12,4,7,0,,,,0.64955,0.0,0.0,0.0,0.0
12,5,7,0,,,,0.6423333,0.0,0.0,0.0,0.0
12,6,7,0,,,,0.64265,0.0,0.0,0.0,0.0
12,7,7,0,,,,0.63555,0.0,0.0,0.0,0.0
12,8,7,0,,,,0.64818335,0.0,0.0,0.0,0.0
12,9,7,0,,,,0.67256665,0.0,0.0,0.0,0.0
12,10,7,0,,,,1.1580334,0.0,0.0,0.0,210.17
12,11,7,0,,,,1.2209834,0.0,0.0,0.0,462.44
12,12,7,0,,,,2.37295,0.0,0.0,0.0,356.03
12,13,7,0,,,,1.1120334,0.0,0.0,0.0,442.92
12,14,7,0,,,,0.8541,0.0,0.0,0.0,516.67
12,15,7,0,,,,0.56055,0.0,0.0,0.0,298.96
12,16,7,0,,,,0.65618336,0.0,0.0,0.0,9.62
12,17,7,0,,,,0.88105,0.0,0.0,0.0,0.0
12,18,7,0,,,,0.9474667,0.0,0.0,0.0,0.0
12,19,7,0,,,,2.6676,0.0,0.0,0.0,0.0
12,20,7,0,,,,4.8327165,0.0,0.0,0.0,0.0
12,21,7,0,,,,1.9786167,0.0,0.0,0.0,0.0
12,22,7,0,,,,1.5215666,0.0,0.0,0.0,0.0
12,23,7,0,,,,1.0804167,0.0,0.0,0.0,0.0
12,24,7,0,,,,0.65438336,0.0,0.0,0.0,0.0
12,1,1,0,,,,0.7418,0.0,0.0,0.0,0.0
12,2,1,0,,,,1.0596334,0.0,0.0,0.0,0.0
12,3,1,0,,,,0.81411666,0.0,0.0,0.0,0.0
12,4,1,0,,,,0.64811665,0.0,0.0,0.0,0.0
12,5,1,0,,,,0.6453,0.0,0.0,0.0,0.0
12,6,1,0,,,,0.6454167,0.0,0.0,0.0,0.0
12,7,1,0,,,,0.94028336,0.0,0.0,0.0,0.0
12,8,1,0,,,,2.6589167,0.0,0.0,0.0,0.0
12,9,1,0,,,,0.8058,0.0,0.0,0.0,0.0
12,10,1,0,,,,1.3492666,0.0,0.0,0.0,148.53
12,11,1,0,,,,6.8431334,0.0,0.0,0.0,521.39
12,12,1,0,,,,1.4936,0.0,0.0,0.0,587.01
12,13,1,0,,,,1.17365,0.0,0.0,0.0,579.65
12,14,1,0,,,,0.62418336,0.0,0.0,0.0,532.63
12,15,1,0,,,,0.6588,0.0,0.0,0.0,380.77
12,16,1,0,,,,0.5588,0.0,0.0,0.0,8.07
12,17,1,0,,,,1.2763333,0.0,0.0,0.0,0.0
12,18,1,0,,,,1.1064833,0.0,0.0,0.0,0.0
12,19,1,0,,,,2.12045,0.0,0.0,0.0,0.0
12,20,1,0,,,,2.0578833,0.0,0.0,0.0,0.0
12,21,1,0,,,,5.84775,0.0,0.0,0.0,0.0
12,22,1,0,,,,1.4675833,0.0,0.0,0.0,0.0
12,23,1,0,,,,1.3272333,0.0,0.0,0.0,0.0
12,24,1,0,,,,1.5783083,0.0,0.0,0.0,0.0
12,1,2,0,,,,0.83033335,0.0,0.0,0.0,0.0
12,2,2,0,,,,0.66496664,0.0,0.0,0.0,0.0
12,3,2,0,,,,0.64771664,0.0,0.0,0.0,0.0
12,4,2,0,,,,0.6427,0.0,0.0,0.0,0.0
12,5,2,0,,,,0.6366,0.0,0.0,0.0,0.0
12,6,2,0,,,,0.63878334,0.0,0.0,0.0,0.0
12,7,2,0,,,,2.5947833,0.0,0.0,0.0,0.0
12,8,2,0,,,,0.97385,0.0,0.0,0.0,0.0
12,9,2,0,,,,0.5984333,0.0,0.0,0.0,0.0
12,10,2,0,,,,0.56703335,0.0,0.0,0.0,155.12
12,11,2,0,,,,1.9562833,0.0,0.0,0.0,396.59
12,12,2,0,,,,1.1060833,0.0,0.0,0.0,526.48
12,13,2,0,,,,0.62703335,0.0,0.0,0.0,435.46
12,14,2,0,,,,0.5906,0.0,0.0,0.0,512.66
12,15,2,0,,,,0.6347167,0.0,0.0,0.0,342.57
12,16,2,0,,,,1.1337833,0.0,0.0,0.0,6.49
12,17,2,0,,,,1.3422834,0.0,0.0,0.0,0.0
12,18,2,0,,,,1.3893167,0.0,0.0,0.0,0.0
12,19,2,0,,,,1.59795,0.0,0.0,0.0,0.0
12,20,2,0,,,,1.5309666,0.0,0.0,0.0,0.0
12,21,2,0,,,,1.8709167,0.0,0.0,0.0,0.0
12,22,2,0,,,,1.8002334,0.0,0.0,0.0,0.0
12,23,2,0,,,,2.4428334,0.0,0.0,0.0,0.0
12,24,2,0,,,,1.7783834,0.0,0.0,0.0,0.0
12,1,3,0,,,,1.7552,0.0,0.0,0.0,0.0
12,2,3,0,,,,1.39495,0.0,0.0,0.0,0.0
12,3,3,0,,,,1.3984333,0.0,0.0,0.0,0.0
12,4,3,0,,,,1.3942167,0.0,0.0,0.0,0.0
12,5,3,0,,,,2.0017,0.0,0.0,0.0,0.0
12,6,3,0,,,,1.5849833,0.0,0.0,0.0,0.0
12,7,3,0,,,,2.4203334,0.0,0.0,0.0,0.0
12,8,3,0,,,,1.7814667,0.0,0.0,0.0,0.0
12,9,3,0,,,,1.47165,0.0,0.0,0.0,0.0
12,10,3,0,,,,1.6502167,0.0,0.0,0.0,22.04
12,11,3,0,,,,1.9713666,0.0,0.0,0.0,36.54
12,12,3,0,,,,1.8343834,0.0,0.0,0.0,51.92
12,13,3,0,,,,1.9009833,0.0,0.0,0.0,48.72
12,14,3,0,,,,1.3566,0.0,0.0,0.0,20.18
12,15,3,0,,,,1.7756667,0.0,0.0,0.0,99.91
12,16,3,0,,,,1.5379041,0.0,0.0,0.0,9.76
12,17,3,0,,,,1.66815,0.0,0.0,0.0,0.0
12,18,3,0,,,,1.9901,0.0,0.0,0.0,0.0
12,19,3,0,,,,2.23405,0.0,0.0,0.0,0.0
12,20,3,0,,,,2.7699,0.0,0.0,0.0,0.0
12,21,3,0,,,,2.5847833,0.0,0.0,0.0,0.0
12,22,3,0,,,,5.31525,0.0,0.0,0.0,0.0
12,23,3,0,,,,2.6450834,0.0,0.0,0.0,0.0
12,24,3,0,,,,2.3831584,0.0,0.0,0.0,0.0
12,1,4,0,,,,2.29625,0.0,0.0,0.0,0.0
12,2,4,0,,,,3.2345834,0.0,0.0,0.0,0.0
12,3,4,0,,,,2.3408666,0.0,0.0,0.0,0.0
12,4,4,0,,,,1.7525333,0.0,0.0,0.0,0.0
12,5,4,0,,,,1.9866333,0.0,0.0,0.0,0.0
12,6,4,0,,,,2.2563457,0.0,0.0,0.0,0.0
12,7,4,0,,,,2.62465,0.0,0.0,0.0,0.0
12,8,4,0,,,,2.2882667,0.0,0.0,0.0,0.0
12,9,4,0,,,,3.0087833,0.0,0.0,0.0,0.0
12,10,4,0,,,,1.3313333,0.0,0.0,0.0,7.6
12,11,4,0,,,,2.4584832,0.0,0.0,0.0,99.98
12,12,4,0,,,,1.4332167,0.0,0.0,0.0,57.01
12,13,4,0,,,,1.0075166,0.0,0.0,0.0,25.09
12,14,4,0,,,,1.28945,0.0,0.0,0.0,15.22
12,15,4,0,,,,0.9953667,0.0,0.0,0.0,3.0
12,16,4,0,,,,1.34095,0.0,0.0,0.0,5.67
12,17,4,0,,,,1.9669,0.0,0.0,0.0,0.0
12,18,4,0,,,,1.97645,0.0,0.0,0.0,0.0
12,19,4,0,,,,2.5128167,0.0,0.0,0.0,0.0
12,20,4,0,,,,3.78375,0.0,0.0,0.0,0.0
12,21,4,0,,,,3.21005,0.0,0.0,0.0,0.0
12,22,4,0,,,,2.46325,0.0,0.0,0.0,0.0
12,23,4,0,,,,1.9023167,0.0,0.0,0.0,0.0
12,24,4,0,,,,1.4985083,0.0,0.0,0.0,0.0
12,1,5,0,,,,1.4393,0.0,0.0,0.0,0.0
12,2,5,0,,,,1.4433666,0.0,0.0,0.0,0.0
12,3,5,0,,,,1.4463333,0.0,0.0,0.0,0.0
12,4,5,0,,,,1.4500166,0.0,0.0,0.0,0.0
12,5,5,0,,,,1.4469334,0.0,0.0,0.0,0.0
12,6,5,0,,,,1.4440833,0.0,0.0,0.0,0.0
12,7,5,0,,,,1.4400667,0.0,0.0,0.0,0.0
12,8,5,0,,,,1.8855,0.0,0.0,0.0,0.0
12,9,5,0,,,,1.8018833,0.0,0.0,0.0,0.0
12,10,5,0,,,,2.71835,0.0,0.0,0.0,5.79
12,11,5,0,,,,2.8172667,0.0,0.0,0.0,20.09
12,12,5,0,,,,1.8755167,0.0,0.0,0.0,12.5
12,13,5,0,,,,1.4092,0.0,0.0,0.0,12.45
12,14,5,0,,,,2.8109167,0.0,0.0,0.0,7.41
12,15,5,0,,,,1.6505,0.0,0.0,0.0,176.25
12,16,5,0,,,,2.7369833,0.0,0.0,0.0,11.36
12,17,5,0,,,,2.4673166,0.0,0.0,0.0,0.0
12,18,5,0,,,,2.5146666,0.0,0.0,0.0,0.0
12,19,5,0,,,,1.958,0.0,0.0,0.0,0.0
12,20,5,0,,,,2.81565,0.0,0.0,0.0,0.0
12,21,5,0,,,,2.5551834,0.0,0.0,0.0,0.0
12,22,5,0,,,,2.1812668,0.0,0.0,0.0,0.0
12,23,5,0,,,,1.7971833,0.0,0.0,0.0,0.0
12,24,5,0,,,,1.61255,0.0,0.0,0.0,0.0
12,1,6,0,,,,1.45895,0.0,0.0,0.0,0.0
12,2,6,0,,,,1.4225833,0.0,0.0,0.0,0.0
12,3,6,0,,,,1.4347167,0.0,0.0,0.0,0.0
12,4,6,0,,,,2.09185,0.0,0.0,0.0,0.0
12,5,6,0,,,,1.4613167,0.0,0.0,0.0,0.0
12,6,6,0,,,,2.1032667,0.0,0.0,0.0,0.0
12,7,6,0,,,,2.0787833,0.0,0.0,0.0,0.0
12,8,6,0,,,,2.1346,0.0,0.0,0.0,0.0
12,9,6,0,,,,1.0939,0.0,0.0,0.0,0.0
12,10,6,0,,,,1.0545167,0.0,0.0,0.0,73.79
12,11,6,0,,,,1.96395,0.0,0.0,0.0,53.49
12,12,6,0,,,,1.5876833,0.0,0.0,0.0,27.62
12,13,6,0,,,,1.3931,0.0,0.0,0.0,38.84
12,14,6,0,,,,1.2861834,0.0,0.0,0.0,16.07
12,15,6,0,,,,1.58635,0.0,0.0,0.0,34.59
12,16,6,0,,,,1.4854333,0.0,0.0,0.0,11.61
12,17,6,0,,,,1.2226833,0.0,0.0,0.0,0.0
12,18,6,0,,,,1.6024667,0.0,0.0,0.0,0.0
12,19,6,0,,,,2.5544,0.0,0.0,0.0,0.0
12,20,6,0,,,,2.3053334,0.0,0.0,0.0,0.0
12,21,6,0,,,,2.1826,0.0,0.0,0.0,0.0
12,22,6,0,,,,2.9638667,0.0,0.0,0.0,0.0
12,23,6,0,,,,2.88185,0.0,0.0,0.0,0.0
12,24,6,0,,,,2.7426333,0.0,0.0,0.0,0.0
12,1,7,0,,,,3.7771,0.0,0.0,0.0,0.0
12,2,7,0,,,,2.8659832,0.0,0.0,0.0,0.0
12,3,7,0,,,,2.5263,0.0,0.0,0.0,0.0
12,4,7,0,,,,2.5595667,0.0,0.0,0.0,0.0
12,5,7,0,,,,2.4042666,0.0,0.0,0.0,0.0
12,6,7,0,,,,2.3448668,0.0,0.0,0.0,0.0
12,7,7,0,,,,1.4152334,0.0,0.0,0.0,0.0
12,8,7,0,,,,1.4360167,0.0,0.0,0.0,0.0
12,9,7,0,,,,1.8073833,0.0,0.0,0.0,0.0
12,10,7,0,,,,2.1219666,0.0,0.0,0.0,6.49
12,11,7,0,,,,1.5043334,0.0,0.0,0.0,14.9
12,12,7,0,,,,1.7333,0.0,0.0,0.0,32.33
12,13,7,0,,,,1.0487334,0.0,0.0,0.0,16.94
12,14,7,0,,,,1.0408334,0.0,0.0,0.0,7.06
12,15,7,0,,,,0.8997833,0.0,0.0,0.0,5.87
12,16,7,0,,,,0.6106667,0.0,0.0,0.0,0.0
12,17,7,0,,,,0.5985,0.0,0.0,0.0,0.0
12,18,7,0,,,,1.4687667,0.0,0.0,0.0,0.0
12,19,7,0,,,,2.9005666,0.0,0.0,0.0,0.0
12,20,7,0,,,,5.159517,0.0,0.0,0.0,0.0
12,21,7,0,,,,4.812283,0.0,0.0,0.0,0.0
12,22,7,0,,,,3.7359834,0.0,0.0,0.0,0.0
12,23,7,0,,,,3.2235167,0.0,0.0,0.0,0.0
12,24,7,0,,,,2.3658166,0.0,0.0,0.0,0.0
12,1,1,0,,,,1.6384833,0.0,0.0,0.0,0.0
12,2,1,0,,,,1.4931,0.0,0.0,0.0,0.0
12,3,1,0,,,,1.4487333,0.0,0.0,0.0,0.0
12,4,1,0,,,,1.4399166,0.0,0.0,0.0,0.0
12,5,1,0,,,,2.2936332,0.0,0.0,0.0,0.0
12,6,1,0,,,,2.2596834,0.0,0.0,0.0,0.0
12,7,1,0,,,,2.1836834,0.0,0.0,0.0,0.0
12,8,1,0,,,,1.45055,0.0,0.0,0.0,0.0
12,9,1,0,,,,2.2784,0.0,0.0,0.0,0.0
12,10,1,0,,,,3.8092167,0.0,0.0,0.0,4.74
12,11,1,0,,,,3.1645167,0.0,0.0,0.0,10.87
12,12,1,0,,,,1.8308834,0.0,0.0,0.0,16.26
12,13,1,0,,,,1.7626166,0.0,0.0,0.0,12.17
12,14,1,0,,,,2.9107,0.0,0.0,0.0,14.18
12,15,1,0,,,,2.25915,0.0,0.0,0.0,6.47
12,16,1,0,,,,2.3811,0.0,0.0,0.0,0.0
12,17,1,0,,,,2.1992166,0.0,0.0,0.0,0.0
12,18,1,0,,,,2.6761167,0.0,0.0,0.0,0.0
12,19,1,0,,,,2.9102333,0.0,0.0,0.0,0.0
12,20,1,0,,,,3.1917334,0.0,0.0,0.0,0.0
12,21,1,0,,,,2.8934166,0.0,0.0,0.0,0.0
12,22,1,0,,,,2.8393,0.0,0.0,0.0,0.0
12,23,1,0,,,,2.8839333,0.0,0.0,0.0,0.0
12,24,1,0,,,,3.2648416,0.0,0.0,0.0,0.0
12,1,2,0,,,,3.08195,0.0,0.0,0.0,0.0
12,2,2,0,,,,2.8956,0.0,0.0,0.0,0.0
12,3,2,0,,,,1.8417667,0.0,0.0,0.0,0.0
12,4,2,0,,,,1.7546834,0.0,0.0,0.0,0.0
12,5,2,0,,,,1.4505666,0.0,0.0,0.0,0.0
12,6,2,0,,,,2.0382667,0.0,0.0,0.0,0.0
12,7,2,0,,,,1.0048,0.0,0.0,0.0,0.0
12,8,2,0,,,,1.2547667,0.0,0.0,0.0,0.0
12,9,2,0,,,,0.93843335,0.0,0.0,0.0,0.0
12,10,2,0,,,,1.0070833,0.0,0.0,0.0,26.52
12,11,2,0,,,,0.7251833,0.0,0.0,0.0,29.85
12,12,2,0,,,,0.77388334,0.0,0.0,0.0,48.64
12,13,2,0,,,,0.85046667,0.0,0.0,0.0,31.36
12,14,2,0,,,,0.85755,0.0,0.0,0.0,38.36
12,15,2,0,,,,1.2238,0.0,0.0,0.0,134.36
12,16,2,0,,,,0.99945,0.0,0.0,0.0,12.62
12,17,2,0,,,,1.1578833,0.0,0.0,0.0,0.0
12,18,2,0,,,,3.3913834,0.0,0.0,0.0,0.0
12,19,2,0,,,,2.9191833,0.0,0.0,0.0,0.0
12,20,2,0,,,,3.6843,0.0,0.0,0.0,0.0
12,21,2,0,,,,2.9277,0.0,0.0,0.0,0.0
12,22,2,0,,,,3.1383834,0.0,0.0,0.0,0.0
12,23,2,0,,,,2.7777,0.0,0.0,0.0,0.0
12,24,2,0,,,,2.676125,0.0,0.0,0.0,0.0
12,1,3,0,,,,1.7246833,0.0,0.0,0.0,0.0
12,2,3,0,,,,2.3752167,0.0,0.0,0.0,0.0
12,3,3,0,,,,1.5862,0.0,0.0,0.0,0.0
12,4,3,0,,,,1.4174083,0.0,0.0,0.0,0.0
12,5,3,0,,,,1.4180833,0.0,0.0,0.0,0.0
12,6,3,0,,,,1.4966333,0.0,0.0,0.0,0.0
12,7,3,0,,,,1.0674167,0.0,0.0,0.0,0.0
12,8,3,0,,,,0.83893335,0.0,0.0,0.0,0.0
12,9,3,0,,,,0.62266666,0.0,0.0,0.0,0.0
12,10,3,0,,,,0.62906665,0.0,0.0,0.0,15.22
12,11,3,0,,,,0.6112,0.0,0.0,0.0,29.13
12,12,3,0,,,,1.0733167,0.0,0.0,0.0,23.79
12,13,3,0,,,,0.8399,0.0,0.0,0.0,19.36
12,14,3,0,,,,0.8353,0.0,0.0,0.0,24.45
12,15,3,0,,,,0.85583335,0.0,0.0,0.0,20.06
12,16,3,0,,,,1.01265,0.0,0.0,0.0,6.58
12,17,3,0,,,,2.20525,0.0,0.0,0.0,0.0
12,18,3,0,,,,2.1661668,0.0,0.0,0.0,0.0
12,19,3,0,,,,1.72005,0.0,0.0,0.0,0.0
12,20,3,0,,,,1.8139334,0.0,0.0,0.0,0.0
12,21,3,0,,,,4.55375,0.0,0.0,0.0,0.0
12,22,3,0,,,,2.0387,0.0,0.0,0.0,0.0
12,23,3,0,,,,1.7878,0.0,0.0,0.0,0.0
12,24,3,0,,,,1.4516667,0.0,0.0,0.0,0.0
12,1,4,0,,,,1.4440334,0.0,0.0,0.0,0.0
12,2,4,0,,,,1.4514166,0.0,0.0,0.0,0.0
12,3,4,0,,,,1.44875,0.0,0.0,0.0,0.0
12,4,4,0,,,,1.4430833,0.0,0.0,0.0,0.0
12,5,4,0,,,,1.4358166,0.0,0.0,0.0,0.0
12,6,4,0,,,,1.4372667,0.0,0.0,0.0,0.0
12,7,4,0,,,,1.4549,0.0,0.0,0.0,0.0
12,8,4,0,,,,1.4431334,0.0,0.0,0.0,0.0
12,9,4,0,,,,1.6693667,0.0,0.0,0.0,0.0
12,10,4,0,,,,1.7838833,0.0,0.0,0.0,87.02
12,11,4,0,,,,0.62373334,0.0,0.0,0.0,91.35
12,12,4,0,,,,0.6127,0.0,0.0,0.0,51.64
12,13,4,0,,,,0.60443336,0.0,0.0,0.0,30.91
12,14,4,0,,,,0.596,0.0,0.0,0.0,27.03
12,15,4,0,,,,0.5939,0.0,0.0,0.0,13.88
12,16,4,0,,,,0.5987,0.0,0.0,0.0,4.3
12,17,4,0,,,,1.8558333,0.0,0.0,0.0,0.0
12,18,4,0,,,,2.17935,0.0,0.0,0.0,0.0
12,19,4,0,,,,2.1135,0.0,0.0,0.0,0.0
12,20,4,0,,,,1.9690666,0.0,0.0,0.0,0.0
12,21,4,0,,,,1.7525667,0.0,0.0,0.0,0.0
12,22,4,0,,,,1.75265,0.0,0.0,0.0,0.0
12,23,4,0,,,,1.80315,0.0,0.0,0.0,0.0
12,24,4,0,,,,1.683,0.0,0.0,0.0,0.0
12,1,5,0,,,,1.6198334,0.0,0.0,0.0,0.0
12,2,5,0,,,,1.4427,0.0,0.0,0.0,0.0
12,3,5,0,,,,1.43855,0.0,0.0,0.0,0.0
12,4,5,0,,,,1.4398167,0.0,0.0,0.0,0.0
12,5,5,0,,,,1.4313166,0.0,0.0,0.0,0.0
12,6,5,0,,,,1.4285333,0.0,0.0,0.0,0.0
12,7,5,0,,,,1.5997,0.0,0.0,0.0,0.0
12,8,5,0,,,,0.99728334,0.0,0.0,0.0,0.0
12,9,5,0,,,,1.1211166,0.0,0.0,0.0,0.0
12,10,5,0,,,,2.23355,0.0,0.0,0.0,17.66
12,11,5,0,,,,1.65505,0.0,0.0,0.0,30.43
12,12,5,0,,,,0.7666,0.0,0.0,0.0,131.62
12,13,5,0,,,,1.5600667,0.0,0.0,0.0,20.44
12,14,5,0,,,,0.77585,0.0,0.0,0.0,9.89
12,15,5,0,,,,0.9306833,0.0,0.0,0.0,4.33
12,16,5,0,,,,2.0080667,0.0,0.0,0.0,0.03
12,17,5,0,,,,1.7370334,0.0,0.0,0.0,0.0
12,18,5,0,,,,1.1057167,0.0,0.0,0.0,0.0
12,19,5,0,,,,1.8714334,0.0,0.0,0.0,0.0
12,20,5,0,,,,1.2692167,0.0,0.0,0.0,0.0
12,21,5,0,,,,2.2475166,0.0,0.0,0.0,0.0
12,22,5,0,,,,1.8297334,0.0,0.0,0.0,0.0
12,23,5,0,,,,1.7781667,0.0,0.0,0.0,0.0
12,24,5,0,,,,2.107375,0.0,0.0,0.0,0.0
12,1,6,0,,,,0.9576,0.0,0.0,0.0,0.0
12,2,6,0,,,,1.56325,0.0,0.0,0.0,0.0
12,3,6,0,,,,0.69883335,0.0,0.0,0.0,0.0
12,4,6,0,,,,1.5598333,0.0,0.0,0.0,0.0
12,5,6,0,,,,1.52665,0.0,0.0,0.0,0.0
12,6,6,0,,,,0.74691665,0.0,0.0,0.0,0.0
12,7,6,0,,,,1.5631666,0.0,0.0,0.0,0.0
12,8,6,0,,,,0.78746665,0.0,0.0,0.0,0.0
12,9,6,0,,,,1.5096667,0.0,0.0,0.0,0.0
12,10,6,0,,,,1.65225,0.0,0.0,0.0,318.81
12,11,6,0,,,,2.5628667,0.0,0.0,0.0,440.61
12,12,6,0,,,,1.6612834,0.0,0.0,0.0,547.75
12,13,6,0,,,,1.4646667,0.0,0.0,0.0,30.19
12,14,6,0,,,,2.5764,0.0,0.0,0.0,24.95
12,15,6,0,,,,1.2844167,0.0,0.0,0.0,25.72
12,16,6,0,,,,1.2709,0.0,0.0,0.0,8.37
12,17,6,0,,,,1.3912166,0.0,0.0,0.0,0.0
12,18,6,0,,,,5.3222833,0.0,0.0,0.0,0.0
12,19,6,0,,,,2.87025,0.0,0.0,0.0,0.0
12,20,6,0,,,,2.7129333,0.0,0.0,0.0,0.0
12,21,6,0,,,,1.0478166,0.0,0.0,0.0,0.0
12,22,6,0,,,,0.8832333,0.0,0.0,0.0,0.0
12,23,6,0,,,,0.88775,0.0,0.0,0.0,0.0
12,24,6,0,,,,0.9159667,0.0,0.0,0.0,0.0
1,1,7,0,,,,0.8795,0.0,0.0,0.0,0.0
1,2,7,0,,,,0.88708335,0.0,0.0,0.0,0.0
1,3,7,0,,,,0.8232167,0.0,0.0,0.0,0.0
1,4,7,0,,,,0.7758833,0.0,0.0,0.0,0.0
1,5,7,0,,,,0.84195,0.0,0.0,0.0,0.0
1,6,7,0,,,,1.6913333,0.0,0.0,0.0,0.0
1,7,7,0,,,,1.5479167,0.0,0.0,0.0,0.0
1,8,7,0,,,,0.66971666,0.0,0.0,0.0,0.0
1,9,7,0,,,,0.7367667,0.0,0.0,0.0,0.0
1,10,7,0,,,,0.8560167,0.0,0.0,0.0,1.25
1,11,7,0,,,,0.8760333,0.0,0.0,0.0,33.36
1,12,7,0,,,,0.8459333,0.0,0.0,0.0,43.51
1,13,7,0,,,,0.9123833,0.0,0.0,0.0,9.84
1,14,7,0,,,,2.4673834,0.0,0.0,0.0,117.26
1,15,7,0,,,,3.1094167,0.0,0.0,0.0,21.69
1,16,7,0,,,,1.6944333,0.0,0.0,0.0,0.78
1,17,7,0,,,,1.2810167,0.0,0.0,0.0,0.0
1,18,7,0,,,,1.3775667,0.0,0.0,0.0,0.0
1,19,7,0,,,,1.90505,0.0,0.0,0.0,0.0
1,20,7,0,,,,1.5668334,0.0,0.0,0.0,0.0
1,21,7,0,,,,1.2681167,0.0,0.0,0.0,0.0
1,22,7,0,,,,1.6051167,0.0,0.0,0.0,0.0
1,23,7,0,,,,1.8966666,0.0,0.0,0.0,0.0
1,24,7,0,,,,1.85665,0.0,0.0,0.0,0.0
1,1,1,0,,,,1.8322834,0.0,0.0,0.0,0.0
1,2,1,0,,,,0.75203335,0.0,0.0,0.0,0.0
1,3,1,0,,,,0.6871167,0.0,0.0,0.0,0.0
1,4,1,0,,,,0.69015,0.0,0.0,0.0,0.0
1,5,1,0,,,,0.68335,0.0,0.0,0.0,0.0
1,6,1,0,,,,0.67936665,0.0,0.0,0.0,0.0
1,7,1,0,,,,1.5175166,0.0,0.0,0.0,0.0
1,8,1,0,,,,0.81185,0.0,0.0,0.0,0.0
1,9,1,0,,,,2.0591166,0.0,0.0,0.0,0.0
1,10,1,0,,,,1.1226833,0.0,0.0,0.0,309.29
1,11,1,0,,,,4.0748,0.0,0.0,0.0,279.12
1,12,1,0,,,,0.98821664,0.0,0.0,0.0,72.17
1,13,1,0,,,,0.99435,0.0,0.0,0.0,28.42
1,14,1,0,,,,1.5546334,0.0,0.0,0.0,42.39
1,15,1,0,,,,0.8318667,0.0,0.0,0.0,56.22
1,16,1,0,,,,1.659,0.0,0.0,0.0,0.02
1,17,1,0,,,,0.86135,0.0,0.0,0.0,0.0
1,18,1,0,,,,1.6576667,0.0,0.0,0.0,0.0
1,19,1,0,,,,0.6562333,0.0,0.0,0.0,0.0
1,20,1,0,,,,2.1699,0.0,0.0,0.0,0.0
1,21,1,0,,,,4.2060666,0.0,0.0,0.0,0.0
1,22,1,0,,,,2.5907667,0.0,0.0,0.0,0.0
1,23,1,0,,,,2.6361167,0.0,0.0,0.0,0.0
1,24,1,0,,,,1.1118,0.0,0.0,0.0,0.0
1,1,2,0,,,,1.0197834,0.0,0.0,0.0,0.0
1,2,2,0,,,,0.6606167,0.0,0.0,0.0,0.0
1,3,2,0,,,,0.6644667,0.0,0.0,0.0,0.0
1,4,2,0,,,,0.6581,0.0,0.0,0.0,0.0
1,5,2,0,,,,0.65348333,0.0,0.0,0.0,0.0
1,6,2,0,,,,0.65605,0.0,0.0,0.0,0.0
1,7,2,0,,,,1.82485,0.0,0.0,0.0,0.0
1,8,2,0,,,,1.1033334,0.0,0.0,0.0,0.0
1,9,2,0,,,,0.8935,0.0,0.0,0.0,0.0
1,10,2,0,,,,1.10245,0.0,0.0,0.0,112.76
1,11,2,0,,,,0.5757,0.0,0.0,0.0,127.45
1,12,2,0,,,,1.4894167,0.0,0.0,0.0,210.95
1,13,2,0,,,,0.7972,0.0,0.0,0.0,461.88
1,14,2,0,,,,0.8760833,0.0,0.0,0.0,74.03
1,15,2,0,,,,1.7442167,0.0,0.0,0.0,12.54
1,16,2,0,,,,1.10085,0.0,0.0,0.0,5.49
1,17,2,0,,,,2.84585,0.0,0.0,0.0,0.0
1,18,2,0,,,,2.4071667,0.0,0.0,0.0,0.0
1,19,2,0,,,,2.9711833,0.0,0.0,0.0,0.0
1,20,2,0,,,,3.2403333,0.0,0.0,0.0,0.0
1,21,2,0,,,,3.4053833,0.0,0.0,0.0,0.0
1,22,2,0,,,,1.9053667,0.0,0.0,0.0,0.0
1,23,2,0,,,,1.5268167,0.0,0.0,0.0,0.0
1,24,2,0,,,,2.6255834,0.0,0.0,0.0,0.0
1,1,3,0,,,,0.8695167,0.0,0.0,0.0,0.0
1,2,3,0,,,,0.86225,0.0,0.0,0.0,0.0
1,3,3,0,,,,0.8254667,0.0,0.0,0.0,0.0
1,4,3,0,,,,0.81373334,0.0,0.0,0.0,0.0
1,5,3,0,,,,0.80795,0.0,0.0,0.0,0.0
1,6,3,0,,,,0.90253335,0.0,0.0,0.0,0.0
1,7,3,0,,,,1.78095,0.0,0.0,0.0,0.0
1,8,3,0,,,,0.68843335,0.0,0.0,0.0,0.0
1,9,3,0,,,,0.5521,0.0,0.0,0.0,0.0
1,10,3,0,,,,0.55425,0.0,0.0,0.0,27.01
1,11,3,0,,,,0.5595667,0.0,0.0,0.0,59.67
1,12,3,0,,,,0.667,0.0,0.0,0.0,136.8
1,13,3,0,,,,0.7307,0.0,0.0,0.0,200.33
1,14,3,0,,,,0.65321666,0.0,0.0,0.0,41.28
1,15,3,0,,,,0.79968333,0.0,0.0,0.0,15.38
1,16,3,0,,,,1.7404333,0.0,0.0,0.0,7.98
1,17,3,0,,,,3.983,0.0,0.0,0.0,0.0
1,18,3,0,,,,2.4277167,0.0,0.0,0.0,0.0
1,19,3,0,,,,2.4835835,0.0,0.0,0.0,0.0
1,20,3,0,,,,2.412,0.0,0.0,0.0,0.0
1,21,3,0,,,,1.3918,0.0,0.0,0.0,0.0
1,22,3,0,,,,2.5918667,0.0,0.0,0.0,0.0
1,23,3,0,,,,1.90085,0.0,0.0,0.0,0.0
1,24,3,0,,,,1.3654333,0.0,0.0,0.0,0.0
1,1,4,0,,,,3.0133834,0.0,0.0,0.0,0.0
1,2,4,0,,,,1.1331667,0.0,0.0,0.0,0.0
1,3,4,0,,,,0.72613335,0.0,0.0,0.0,0.0
1,4,4,0,,,,0.55305,0.0,0.0,0.0,0.0
1,5,4,0,,,,0.55146664,0.0,0.0,0.0,0.0
1,6,4,0,,,,0.5646167,0.0,0.0,0.0,0.0
1,7,4,0,,,,0.64491665,0.0,0.0,0.0,0.0
1,8,4,0,,,,0.8949,0.0,0.0,0.0,0.0
1,9,4,0,,,,1.6243875,0.0,0.0,0.0,0.0
1,10,4,0,,,,1.7530833,0.0,0.0,0.0,20.09
1,11,4,0,,,,1.1000167,0.0,0.0,0.0,345.86
1,12,4,0,,,,0.74261665,0.0,0.0,0.0,43.52
1,13,4,0,,,,0.7751833,0.0,0.0,0.0,309.9
1,14,4,0,,,,0.8236333,0.0,0.0,0.0,129.79
1,15,4,0,,,,0.66215,0.0,0.0,0.0,248.36
1,16,4,0,,,,0.6509,0.0,0.0,0.0,238.71
1,17,4,0,,,,3.79135,0.0,0.0,0.0,0.0
1,18,4,0,,,,2.5937,0.0,0.0,0.0,0.0
1,19,4,0,,,,1.6860167,0.0,0.0,0.0,0.0
1,20,4,0,,,,1.82065,0.0,0.0,0.0,0.0
1,21,4,0,,,,1.9579667,0.0,0.0,0.0,0.0
1,22,4,0,,,,0.9963167,0.0,0.0,0.0,0.0
1,23,4,0,,,,2.6102834,0.0,0.0,0.0,0.0
1,24,4,0,,,,1.0515833,0.0,0.0,0.0,0.0
1,1,5,0,,,,0.9928,0.0,0.0,0.0,0.0
1,2,5,0,,,,0.5563,0.0,0.0,0.0,0.0
1,3,5,0,,,,0.39371666,0.0,0.0,0.0,0.0
1,4,5,0,,,,0.3909,0.0,0.0,0.0,0.0
1,5,5,0,,,,0.38846666,0.0,0.0,0.0,0.0
1,6,5,0,,,,0.38856667,0.0,0.0,0.0,0.0
1,7,5,0,,,,0.33945,0.0,0.0,0.0,0.0
1,8,5,0,,,,0.30776668,0.0,0.0,0.0,0.0
1,9,5,0,,,,0.40785,0.0,0.0,0.0,0.0
1,10,5,0,,,,0.68825,0.0,0.0,0.0,83.72
1,11,5,0,,,,0.6083222,0.0,0.0,0.0,174.0
1,12,5,0,,,,0.3141,0.0,0.0,0.0,181.71
1,13,5,0,,,,0.35386667,0.0,0.0,0.0,688.14
1,14,5,0,,,,0.47485,0.0,0.0,0.0,147.72
1,15,5,0,,,,0.35475,0.0,0.0,0.0,319.34
1,16,5,0,,,,0.71073335,0.0,0.0,0.0,264.94
1,17,5,0,,,,3.8215334,0.0,0.0,0.0,0.0
1,18,5,0,,,,2.8610168,0.0,0.0,0.0,0.0
1,19,5,0,,,,2.29845,0.0,0.0,0.0,0.0
1,20,5,0,,,,1.6177666,0.0,0.0,0.0,0.0
1,21,5,0,,,,0.83168334,0.0,0.0,0.0,0.0
1,22,5,0,,,,1.3203666,0.0,0.0,0.0,0.0
1,23,5,0,,,,0.90168333,0.0,0.0,0.0,0.0
1,24,5,0,,,,0.39231667,0.0,0.0,0.0,0.0
1,1,6,0,,,,0.38335,0.0,0.0,0.0,0.0
1,2,6,0,,,,0.38406667,0.0,0.0,0.0,0.0
1,3,6,0,,,,0.38455,0.0,0.0,0.0,0.0
1,4,6,0,,,,0.38348332,0.0,0.0,0.0,0.0
1,5,6,0,,,,0.3819,0.0,0.0,0.0,0.0
1,6,6,0,,,,0.38145,0.0,0.0,0.0,0.0
1,7,6,0,,,,0.35698333,0.0,0.0,0.0,0.0
1,8,6,0,,,,1.2497166,0.0,0.0,0.0,0.0
1,9,6,0,,,,0.38111666,0.0,0.0,0.0,0.0
1,10,6,0,,,,1.1825917,0.0,0.0,0.0,85.68
1,11,6,0,,,,0.8197167,0.0,0.0,0.0,121.14
1,12,6,0,,,,0.92183334,0.0,0.0,0.0,219.59
1,13,6,0,,,,1.33185,0.0,0.0,0.0,328.31
1,14,6,0,,,,1.12705,0.0,0.0,0.0,239.53
1,15,6,0,,,,0.94585,0.0,0.0,0.0,61.09
1,16,6,0,,,,1.01275,0.0,0.0,0.0,19.38
1,17,6,0,,,,0.9957,0.0,0.0,0.0,0.0
1,18,6,0,,,,0.7585667,0.0,0.0,0.0,0.0
1,19,6,0,,,,2.9981334,0.0,0.0,0.0,0.0
1,20,6,0,,,,1.4841334,0.0,0.0,0.0,0.0
1,21,6,0,,,,1.6762667,0.0,0.0,0.0,0.0
1,22,6,0,,,,2.0034332,0.0,0.0,0.0,0.0
1,23,6,0,,,,1.0529,0.0,0.0,0.0,0.0
1,24,6,0,,,,1.782,0.0,0.0,0.0,0.0
1,1,7,0,,,,1.9891334,0.0,0.0,0.0,0.0
1,2,7,0,,,,0.7909,0.0,0.0,0.0,0.0
1,3,7,0,,,,0.40835,0.0,0.0,0.0,0.0
1,4,7,0,,,,0.40331668,0.0,0.0,0.0,0.0
1,5,7,0,,,,0.39345,0.0,0.0,0.0,0.0
1,6,7,0,,,,0.39576668,0.0,0.0,0.0,0.0
1,7,7,0,,,,0.30751666,0.0,0.0,0.0,0.0
1,8,7,0,,,,0.39885,0.0,0.0,0.0,0.0
1,9,7,0,,,,0.39166668,0.0,0.0,0.0,0.0
1,10,7,0,,,,0.50878334,0.0,0.0,0.0,305.87
1,11,7,0,,,,1.0268834,0.0,0.0,0.0,299.96
1,12,7,0,,,,1.0182166,0.0,0.0,0.0,325.18
1,13,7,0,,,,1.0348,0.0,0.0,0.0,250.55
1,14,7,0,,,,0.65245,0.0,0.0,0.0,302.2
1,15,7,0,,,,0.94121665,0.0,0.0,0.0,106.87
1,16,7,0,,,,0.692,0.0,0.0,0.0,21.0
1,17,7,0,,,,0.6450833,0.0,0.0,0.0,0.0
1,18,7,0,,,,0.7726667,0.0,0.0,0.0,0.0
1,19,7,0,,,,0.74436665,0.0,0.0,0.0,0.0
1,20,7,0,,,,0.87145,0.0,0.0,0.0,0.0
1,21,7,0,,,,1.1015667,0.0,0.0,0.0,0.0
1,22,7,0,,,,1.0911334,0.0,0.0,0.0,0.0
1,23,7,0,,,,0.83213335,0.0,0.0,0.0,0.0
1,24,7,0,,,,0.78148335,0.0,0.0,0.0,0.0
1,1,1,0,,,,0.8132167,0.0,0.0,0.0,0.0
1,2,1,0,,,,0.49621665,0.0,0.0,0.0,0.0
1,3,1,0,,,,0.38816667,0.0,0.0,0.0,0.0
1,4,1,0,,,,0.38683334,0.0,0.0,0.0,0.0
1,5,1,0,,,,0.38646665,0.0,0.0,0.0,0.0
1,6,1,0,,,,0.98003334,0.0,0.0,0.0,0.0
1,7,1,0,,,,0.77265,0.0,0.0,0.0,0.0
1,8,1,0,,,,0.33068332,0.0,0.0,0.0,0.0
1,9,1,0,,,,0.29691666,0.0,0.0,0.0,0.0
1,10,1,0,,,,0.29696667,0.0,0.0,0.0,252.85
1,11,1,0,,,,0.29721665,0.0,0.0,0.0,407.5
1,12,1,0,,,,0.29598334,0.0,0.0,0.0,345.71
1,13,1,0,,,,0.28955,0.0,0.0,0.0,706.11
1,14,1,0,,,,0.28758332,0.0,0.0,0.0,609.0
1,15,1,0,,,,0.28726667,0.0,0.0,0.0,469.02
1,16,1,0,,,,0.7248833,0.0,0.0,0.0,324.67
1,17,1,0,,,,4.10545,0.0,0.0,0.0,0.0
1,18,1,0,,,,2.627,0.0,0.0,0.0,0.0
1,19,1,0,,,,2.4692,0.0,0.0,0.0,0.0
1,20,1,0,,,,2.6105666,0.0,0.0,0.0,0.0
1,21,1,0,,,,1.7365667,0.0,0.0,0.0,0.0
1,22,1,0,,,,1.9907,0.0,0.0,0.0,0.0
1,23,1,0,,,,1.8399333,0.0,0.0,0.0,0.0
1,24,1,0,,,,0.7898667,0.0,0.0,0.0,0.0
1,1,2,0,,,,0.76173335,0.0,0.0,0.0,0.0
1,2,2,0,,,,0.39191666,0.0,0.0,0.0,0.0
1,3,2,0,,,,0.38711667,0.0,0.0,0.0,0.0
1,4,2,0,,,,0.38513333,0.0,0.0,0.0,0.0
1,5,2,0,,,,1.3730667,0.0,0.0,0.0,0.0
1,6,2,0,,,,1.7247334,0.0,0.0,0.0,0.0
1,7,2,0,,,,0.7837167,0.0,0.0,0.0,0.0
1,8,2,0,,,,1.3299834,0.0,0.0,0.0,0.0
1,9,2,0,,,,0.29281667,0.0,0.0,0.0,0.0
1,10,2,0,,,,0.29335,0.0,0.0,0.0,74.77
1,11,2,0,,,,0.27473333,0.0,0.0,0.0,130.22
1,12,2,0,,,,0.27668333,0.0,0.0,0.0,303.2
1,13,2,0,,,,0.65748334,0.0,0.0,0.0,635.29
1,14,2,0,,,,0.61805,0.0,0.0,0.0,159.55
1,15,2,0,,,,0.9661,0.0,0.0,0.0,312.79
1,16,2,0,,,,2.5074167,0.0,0.0,0.0,164.11
1,17,2,0,,,,3.86385,0.0,0.0,0.0,0.0
1,18,2,0,,,,2.3094833,0.0,0.0,0.0,0.0
1,19,2,0,,,,1.6261166,0.0,0.0,0.0,0.0
1,20,2,0,,,,1.2591667,0.0,0.0,0.0,0.0
1,21,2,0,,,,1.1015167,0.0,0.0,0.0,0.0
1,22,2,0,,,,1.0444,0.0,0.0,0.0,0.0
1,23,2,0,,,,0.9004167,0.0,0.0,0.0,0.0
1,24,2,0,,,,0.88625,0.0,0.0,0.0,0.0
1,1,3,0,,,,0.9475667,0.0,0.0,0.0,0.0
1,2,3,0,,,,0.9923667,0.0,0.0,0.0,0.0
1,3,3,0,,,,0.96715,0.0,0.0,0.0,0.0
1,4,3,0,,,,0.96715,0.0,0.0,0.0,0.0
1,5,3,0,,,,0.973675,0.0,0.0,0.0,0.0
1,6,3,0,,,,1.6202,0.0,0.0,0.0,0.0
1,7,3,0,,,,0.9921333,0.0,0.0,0.0,0.0
1,8,3,0,,,,0.9389667,0.0,0.0,0.0,0.0
1,9,3,0,,,,0.7379,0.0,0.0,0.0,0.0
1,10,3,0,,,,0.779,0.0,0.0,0.0,111.3
1,11,3,0,,,,0.73675,0.0,0.0,0.0,170.58
1,12,3,0,,,,0.9256333,0.0,0.0,0.0,703.68
1,13,3,0,,,,0.29686666,0.0,0.0,0.0,257.57
1,14,3,0,,,,0.47933334,0.0,0.0,0.0,172.91
1,15,3,0,,,,0.6587,0.0,0.0,0.0,530.18
1,16,3,0,,,,1.09885,0.0,0.0,0.0,310.53
1,17,3,0,,,,1.6676,0.0,0.0,0.0,0.0
1,18,3,0,,,,2.9434,0.0,0.0,0.0,0.0
1,19,3,0,,,,2.36945,0.0,0.0,0.0,0.0
1,20,3,0,,,,2.0226333,0.0,0.0,0.0,0.0
1,21,3,0,,,,2.5322165,0.0,0.0,0.0,0.0
1,22,3,0,,,,1.50945,0.0,0.0,0.0,0.0
1,23,3,0,,,,2.15785,0.0,0.0,0.0,0.0
1,24,3,0,,,,0.887875,0.0,0.0,0.0,0.0
1,1,4,0,,,,0.8160833,0.0,0.0,0.0,0.0
1,2,4,0,,,,0.49021667,0.0,0.0,0.0,0.0
1,3,4,0,,,,0.48808333,0.0,0.0,0.0,0.0
1,4,4,0,,,,0.48605,0.0,0.0,0.0,0.0
1,5,4,0,,,,0.4845,0.0,0.0,0.0,0.0
1,6,4,0,,,,0.65898335,0.0,0.0,0.0,0.0
1,7,4,0,,,,0.8890167,0.0,0.0,0.0,0.0
1,8,4,0,,,,0.60826665,0.0,0.0,0.0,0.0
1,9,4,0,,,,0.40946665,0.0,0.0,0.0,0.0
1,10,4,0,,,,0.67795,0.0,0.0,0.0,8.29
1,11,4,0,,,,0.8612,0.0,0.0,0.0,183.16
1,12,4,0,,,,1.16215,0.0,0.0,0.0,202.08
1,13,4,0,,,,1.1573334,0.0,0.0,0.0,612.05
1,14,4,0,,,,0.3828,0.0,0.0,0.0,68.74
1,15,4,0,,,,1.1239834,0.0,0.0,0.0,56.34
1,16,4,0,,,,1.1325166,0.0,0.0,0.0,7.42
1,17,4,0,,,,1.5847833,0.0,0.0,0.0,0.0
1,18,4,0,,,,5.002383,0.0,0.0,0.0,0.0
1,19,4,0,,,,4.1457834,0.0,0.0,0.0,0.0
1,20,4,0,,,,3.27895,0.0,0.0,0.0,0.0
1,21,4,0,,,,3.0430834,0.0,0.0,0.0,0.0
1,22,4,0,,,,1.9419667,0.0,0.0,0.0,0.0
1,23,4,0,,,,2.3517168,0.0,0.0,0.0,0.0
1,24,4,0,,,,0.78796667,0.0,0.0,0.0,0.0
1,1,5,0,,,,0.6972333,0.0,0.0,0.0,0.0
1,2,5,0,,,,0.38721666,0.0,0.0,0.0,0.0
1,3,5,0,,,,0.38775,0.0,0.0,0.0,0.0
1,4,5,0,,,,0.38706666,0.0,0.0,0.0,0.0
1,5,5,0,,,,0.38433334,0.0,0.0,0.0,0.0
1,6,5,0,,,,0.7190167,0.0,0.0,0.0,0.0
1,7,5,0,,,,0.77245,0.0,0.0,0.0,0.0
1,8,5,0,,,,0.71275,0.0,0.0,0.0,0.0
1,9,5,0,,,,1.0485333,0.0,0.0,0.0,0.0
1,10,5,0,,,,0.35068333,0.0,0.0,0.0,8.6
1,11,5,0,,,,0.98223335,0.0,0.0,0.0,49.0
1,12,5,0,,,,0.29803333,0.0,0.0,0.0,88.93
1,13,5,0,,,,0.97823334,0.0,0.0,0.0,250.91
1,14,5,0,,,,0.30136666,0.0,0.0,0.0,89.06
1,15,5,0,,,,1.2488166,0.0,0.0,0.0,425.01
1,16,5,0,,,,1.3928,0.0,0.0,0.0,23.45
1,17,5,0,,,,4.0947833,0.0,0.0,0.0,0.0
1,18,5,0,,,,2.8139334,0.0,0.0,0.0,0.0
1,19,5,0,,,,2.3115666,0.0,0.0,0.0,0.0
1,20,5,0,,,,2.9829,0.0,0.0,0.0,0.0
1,21,5,0,,,,2.1485667,0.0,0.0,0.0,0.0
1,22,5,0,,,,0.98705,0.0,0.0,0.0,0.0
1,23,5,0,,,,0.8117,0.0,0.0,0.0,0.0
1,24,5,0,,,,0.6386333,0.0,0.0,0.0,0.0
1,1,6,0,,,,1.0217,0.0,0.0,0.0,0.0
1,2,6,0,,,,0.99685,0.0,0.0,0.0,0.0
1,3,6,0,,,,1.60015,0.0,0.0,0.0,0.0
1,4,6,0,,,,1.3597,0.0,0.0,0.0,0.0
1,5,6,0,,,,0.4281,0.0,0.0,0.0,0.0
1,6,6,0,,,,1.2626667,0.0,0.0,0.0,0.0
1,7,6,0,,,,1.2519,0.0,0.0,0.0,0.0
1,8,6,0,,,,0.40576667,0.0,0.0,0.0,0.0
1,9,6,0,,,,0.48095,0.0,0.0,0.0,0.0
1,10,6,0,,,,0.8323333,0.0,0.0,0.0,356.43
1,11,6,0,,,,1.1008,0.0,0.0,0.0,107.53
1,12,6,0,,,,0.98659164,0.0,0.0,0.0,316.66
1,13,6,0,,,,0.80745,0.0,0.0,0.0,112.8
1,14,6,0,,,,0.69093335,0.0,0.0,0.0,312.14
1,15,6,0,,,,0.8655667,0.0,0.0,0.0,401.56
1,16,6,0,,,,0.8560167,0.0,0.0,0.0,15.44
1,17,6,0,,,,1.353,0.0,0.0,0.0,0.0
1,18,6,0,,,,3.86685,0.0,0.0,0.0,0.0
1,19,6,0,,,,2.3532667,0.0,0.0,0.0,0.0
1,20,6,0,,,,1.8398,0.0,0.0,0.0,0.0
1,21,6,0,,,,0.67931664,0.0,0.0,0.0,0.0
1,22,6,0,,,,2.2309666,0.0,0.0,0.0,0.0
1,23,6,0,,,,1.5195333,0.0,0.0,0.0,0.0
1,24,6,0,,,,2.7187417,0.0,0.0,0.0,0.0
1,1,7,0,,,,1.2178333,0.0,0.0,0.0,0.0
1,2,7,0,,,,0.77135,0.0,0.0,0.0,0.0
1,3,7,0,,,,0.76418334,0.0,0.0,0.0,0.0
1,4,7,0,,,,0.76283336,0.0,0.0,0.0,0.0
1,5,7,0,,,,0.9048833,0.0,0.0,0.0,0.0
1,6,7,0,,,,1.10925,0.0,0.0,0.0,0.0
1,7,7,0,,,,0.6967,0.0,0.0,0.0,0.0
1,8,7,0,,,,0.7879,0.0,0.0,0.0,0.0
1,9,7,0,,,,0.9898667,0.0,0.0,0.0,0.0
1,10,7,0,,,,1.0661167,0.0,0.0,0.0,332.4
1,11,7,0,,,,0.57923335,0.0,0.0,0.0,494.07
1,12,7,0,,,,0.7373,0.0,0.0,0.0,639.33
1,13,7,0,,,,0.74205,0.0,0.0,0.0,622.92
1,14,7,0,,,,0.77055,0.0,0.0,0.0,51.48
1,15,7,0,,,,1.2550666,0.0,0.0,0.0,105.12
1,16,7,0,,,,1.1415833,0.0,0.0,0.0,89.76
1,17,7,0,,,,0.80506665,0.0,0.0,0.0,0.0
1,18,7,0,,,,0.9317833,0.0,0.0,0.0,0.0
1,19,7,0,,,,3.6207,0.0,0.0,0.0,0.0
1,20,7,0,,,,2.4658666,0.0,0.0,0.0,0.0
1,21,7,0,,,,1.89535,0.0,0.0,0.0,0.0
1,22,7,0,,,,1.9501667,0.0,0.0,0.0,0.0
1,23,7,0,,,,1.1202333,0.0,0.0,0.0,0.0
1,24,7,0,,,,0.63346666,0.0,0.0,0.0,0.0
1,1,1,0,,,,0.49913332,0.0,0.0,0.0,0.0
1,2,1,0,,,,0.52898335,0.0,0.0,0.0,0.0
1,3,1,0,,,,0.75275,0.0,0.0,0.0,0.0
1,4,1,0,,,,0.7730167,0.0,0.0,0.0,0.0
1,5,1,0,,,,0.71818334,0.0,0.0,0.0,0.0
1,6,1,0,,,,0.38655,0.0,0.0,0.0,0.0
1,7,1,0,,,,0.28615,0.0,0.0,0.0,0.0
1,8,1,0,,,,0.61575,0.0,0.0,0.0,0.0
1,9,1,0,,,,0.7809167,0.0,0.0,0.0,0.0
1,10,1,0,,,,0.76318336,0.0,0.0,0.0,101.5
1,11,1,0,,,,0.583,0.0,0.0,0.0,277.16
1,12,1,0,,,,0.33358333,0.0,0.0,0.0,619.13
1,13,1,0,,,,0.33433333,0.0,0.0,0.0,701.3
1,14,1,0,,,,0.32126668,0.0,0.0,0.0,141.79
1,15,1,0,,,,0.33041668,0.0,0.0,0.0,421.17
1,16,1,0,,,,0.47463334,0.0,0.0,0.0,9.28
1,17,1,0,,,,0.53963333,0.0,0.0,0.0,0.0
1,18,1,0,,,,1.4308333,0.0,0.0,0.0,0.0
1,19,1,0,,,,1.3579167,0.0,0.0,0.0,0.0
1,20,1,0,,,,1.9636166,0.0,0.0,0.0,0.0
1,21,1,0,,,,2.1446333,0.0,0.0,0.0,0.0
1,22,1,0,,,,1.5092334,0.0,0.0,0.0,0.0
1,23,1,0,,,,0.9735,0.0,0.0,0.0,0.0
1,24,1,0,,,,1.6811,0.0,0.0,0.0,0.0
1,1,2,0,,,,0.7796,0.0,0.0,0.0,0.0
1,2,2,0,,,,0.71345,0.0,0.0,0.0,0.0
1,3,2,0,,,,0.7654167,0.0,0.0,0.0,0.0
1,4,2,0,,,,0.576,0.0,0.0,0.0,0.0
1,5,2,0,,,,0.95121664,0.0,0.0,0.0,0.0
1,6,2,0,,,,1.3536333,0.0,0.0,0.0,0.0
1,7,2,0,,,,1.1033,0.0,0.0,0.0,0.0
1,8,2,0,,,,0.76955,0.0,0.0,0.0,0.0
1,9,2,0,,,,0.26506665,0.0,0.0,0.0,0.0
1,10,2,0,,,,0.2306,0.0,0.0,0.0,64.7
1,11,2,0,,,,0.2421,0.0,0.0,0.0,77.43
1,12,2,0,,,,0.9151833,0.0,0.0,0.0,43.93
1,13,2,0,,,,0.20325,0.0,0.0,0.0,42.14
1,14,2,0,,,,0.19245,0.0,0.0,0.0,135.88
1,15,2,0,,,,0.19848333,0.0,0.0,0.0,101.06
1,16,2,0,,,,1.5894667,0.0,0.0,0.0,34.43
1,17,2,0,,,,2.9878166,0.0,0.0,0.0,0.0
1,18,2,0,,,,2.0933833,0.0,0.0,0.0,0.0
1,19,2,0,,,,1.1246333,0.0,0.0,0.0,0.0
1,20,2,0,,,,2.5315,0.0,0.0,0.0,0.0
1,21,2,0,,,,2.0426,0.0,0.0,0.0,0.0
1,22,2,0,,,,1.9151833,0.0,0.0,0.0,0.0
1,23,2,0,,,,1.4546334,0.0,0.0,0.0,0.0
1,24,2,0,,,,0.244675,0.0,0.0,0.0,0.0
1,1,3,0,,,,0.2289,0.0,0.0,0.0,0.0
1,2,3,0,,,,0.22743334,0.0,0.0,0.0,0.0
1,3,3,0,,,,0.22813334,0.0,0.0,0.0,0.0
1,4,3,0,,,,0.22788334,0.0,0.0,0.0,0.0
1,5,3,0,,,,0.2259,0.0,0.0,0.0,0.0
1,6,3,0,,,,0.77508336,0.0,0.0,0.0,0.0
1,7,3,0,,,,0.68955,0.0,0.0,0.0,0.0
1,8,3,0,,,,0.42995,0.0,0.0,0.0,0.0
1,9,3,0,,,,1.0107833,0.0,0.0,0.0,0.0
1,10,3,0,,,,0.24405,0.0,0.0,0.0,71.7
1,11,3,0,,,,0.25566667,0.0,0.0,0.0,504.61
1,12,3,0,,,,0.25095,0.0,0.0,0.0,224.15
1,13,3,0,,,,0.24988334,0.0,0.0,0.0,56.57
1,14,3,0,,,,0.24175,0.0,0.0,0.0,356.92
1,15,3,0,,,,0.30591667,0.0,0.0,0.0,483.29
1,16,3,0,,,,3.3475332,0.0,0.0,0.0,302.68
1,17,3,0,,,,2.5634665,0.0,0.0,0.0,0.0
1,18,3,0,,,,1.7506,0.0,0.0,0.0,0.0
1,19,3,0,,,,1.43,0.0,0.0,0.0,0.0
1,20,3,0,,,,1.9496,0.0,0.0,0.0,0.0
1,21,3,0,,,,1.0231667,0.0,0.0,0.0,0.0
1,22,3,0,,,,1.8822167,0.0,0.0,0.0,0.0
1,23,3,0,,,,1.9550333,0.0,0.0,0.0,0.0
1,24,3,0,,,,0.571775,0.0,0.0,0.0,0.0
1,1,4,0,,,,0.23165,0.0,0.0,0.0,0.0
1,2,4,0,,,,0.23095,0.0,0.0,0.0,0.0
1,3,4,0,,,,0.23011667,0.0,0.0,0.0,0.0
1,4,4,0,,,,0.22883333,0.0,0.0,0.0,0.0
1,5,4,0,,,,0.22848333,0.0,0.0,0.0,0.0
1,6,4,0,,,,0.54508334,0.0,0.0,0.0,0.0
1,7,4,0,,,,1.4992,0.0,0.0,0.0,0.0
1,8,4,0,,,,0.8864833,0.0,0.0,0.0,0.0
1,9,4,0,,,,0.6940333,0.0,0.0,0.0,0.0
1,10,4,0,,,,1.1144667,0.0,0.0,0.0,413.17
1,11,4,0,,,,0.7967,0.0,0.0,0.0,374.31
1,12,4,0,,,,0.61866665,0.0,0.0,0.0,710.75
1,13,4,0,,,,0.90855,0.0,0.0,0.0,690.1
1,14,4,0,,,,0.20968333,0.0,0.0,0.0,698.67
1,15,4,0,,,,1.1087667,0.0,0.0,0.0,560.9
1,16,4,0,,,,0.6456,0.0,0.0,0.0,381.25
1,17,4,0,,,,1.7964833,0.0,0.0,0.0,0.0
1,18,4,0,,,,1.7886,0.0,0.0,0.0,0.0
1,19,4,0,,,,1.2303667,0.0,0.0,0.0,0.0
1,20,4,0,,,,1.2518667,0.0,0.0,0.0,0.0
1,21,4,0,,,,2.0208166,0.0,0.0,0.0,0.0
1,22,4,0,,,,1.0979333,0.0,0.0,0.0,0.0
1,23,4,0,,,,1.7193834,0.0,0.0,0.0,0.0
1,24,4,0,,,,1.7220167,0.0,0.0,0.0,0.0
1,1,5,0,,,,0.85373336,0.0,0.0,0.0,0.0
1,2,5,0,,,,1.1364833,0.0,0.0,0.0,0.0
1,3,5,0,,,,1.266,0.0,0.0,0.0,0.0
1,4,5,0,,,,1.278525,0.0,0.0,0.0,0.0
1,5,5,0,,,,1.3115833,0.0,0.0,0.0,0.0
1,6,5,0,,,,1.8007166,0.0,0.0,0.0,0.0
1,7,5,0,,,,0.7838167,0.0,0.0,0.0,0.0
1,8,5,0,,,,1.4507333,0.0,0.0,0.0,0.0
1,9,5,0,,,,1.0261667,0.0,0.0,0.0,0.0
1,10,5,0,,,,1.15345,0.0,0.0,0.0,274.0
1,11,5,0,,,,1.0477667,0.0,0.0,0.0,198.65
1,12,5,0,,,,1.1240833,0.0,0.0,0.0,615.58
1,13,5,0,,,,1.19105,0.0,0.0,0.0,663.01
1,14,5,0,,,,1.27035,0.0,0.0,0.0,640.14
1,15,5,0,,,,1.3409667,0.0,0.0,0.0,250.89
1,16,5,0,,,,1.7485833,0.0,0.0,0.0,68.27
1,17,5,0,,,,2.1021667,0.0,0.0,0.0,0.0
1,18,5,0,,,,1.9532833,0.0,0.0,0.0,0.0
1,19,5,0,,,,1.38335,0.0,0.0,0.0,0.0
1,20,5,0,,,,1.1051667,0.0,0.0,0.0,0.0
1,21,5,0,,,,1.67405,0.0,0.0,0.0,0.0
1,22,5,0,,,,1.4935167,0.0,0.0,0.0,0.0
1,23,5,0,,,,1.4068,0.0,0.0,0.0,0.0
1,24,5,0,,,,0.6853667,0.0,0.0,0.0,0.0
1,1,6,0,,,,0.54391664,0.0,0.0,0.0,0.0
1,2,6,0,,,,0.54085,0.0,0.0,0.0,0.0
1,3,6,0,,,,1.2734833,0.0,0.0,0.0,0.0
1,4,6,0,,,,1.0474666,0.0,0.0,0.0,0.0
1,5,6,0,,,,0.60108334,0.0,0.0,0.0,0.0
1,6,6,0,,,,1.3006166,0.0,0.0,0.0,0.0
1,7,6,0,,,,1.2217,0.0,0.0,0.0,0.0
1,8,6,0,,,,0.48218334,0.0,0.0,0.0,0.0
1,9,6,0,,,,0.5345333,0.0,0.0,0.0,0.0
1,10,6,0,,,,3.03955,0.0,0.0,0.0,67.6
1,11,6,0,,,,1.7477833,0.0,0.0,0.0,58.83
1,12,6,0,,,,0.85,0.0,0.0,0.0,100.11
1,13,6,0,,,,1.0455834,0.0,0.0,0.0,23.72
1,14,6,0,,,,1.0949334,0.0,0.0,0.0,40.17
1,15,6,0,,,,0.96433336,0.0,0.0,0.0,147.87
1,16,6,0,,,,1.2477167,0.0,0.0,0.0,32.58
1,17,6,0,,,,2.7562168,0.0,0.0,0.0,0.0
1,18,6,0,,,,1.97865,0.0,0.0,0.0,0.0
1,19,6,0,,,,1.7631167,0.0,0.0,0.0,0.0
1,20,6,0,,,,1.2436334,0.0,0.0,0.0,0.0
1,21,6,0,,,,1.6975666,0.0,0.0,0.0,0.0
1,22,6,0,,,,0.8897667,0.0,0.0,0.0,0.0
1,23,6,0,,,,0.7318,0.0,0.0,0.0,0.0
1,24,6,0,,,,0.61915,0.0,0.0,0.0,0.0
1,1,7,0,,,,0.56596667,0.0,0.0,0.0,0.0
1,2,7,0,,,,1.52725,0.0,0.0,0.0,0.0
1,3,7,0,,,,1.4960834,0.0,0.0,0.0,0.0
1,4,7,0,,,,0.54768336,0.0,0.0,0.0,0.0
1,5,7,0,,,,1.51375,0.0,0.0,0.0,0.0
1,6,7,0,,,,1.3776333,0.0,0.0,0.0,0.0
1,7,7,0,,,,0.5109,0.0,0.0,0.0,0.0
1,8,7,0,,,,1.2797166,0.0,0.0,0.0,0.0
1,9,7,0,,,,1.6247667,0.0,0.0,0.0,1.38
1,10,7,0,,,,2.0599,0.0,0.0,0.0,396.81
1,11,7,0,,,,1.5591333,0.0,0.0,0.0,350.44
1,12,7,0,,,,2.6157,0.0,0.0,0.0,121.07
1,13,7,0,,,,1.4624667,0.0,0.0,0.0,91.5
1,14,7,0,,,,1.3650833,0.0,0.0,0.0,61.21
1,15,7,0,,,,2.3775334,0.0,0.0,0.0,19.4
1,16,7,0,,,,1.37415,0.0,0.0,0.0,15.04
1,17,7,0,,,,2.34315,0.0,0.0,0.0,0.0
1,18,7,0,,,,1.3627833,0.0,0.0,0.0,0.0
1,19,7,0,,,,2.3315334,0.0,0.0,0.0,0.0
1,20,7,0,,,,1.6314,0.0,0.0,0.0,0.0
1,21,7,0,,,,1.9218167,0.0,0.0,0.0,0.0
1,22,7,0,,,,1.9021,0.0,0.0,0.0,0.0
1,23,7,0,,,,1.9088833,0.0,0.0,0.0,0.0
1,24,7,0,,,,1.493475,0.0,0.0,0.0,0.0
1,1,1,0,,,,1.6430666,0.0,0.0,0.0,0.0
1,2,1,0,,,,1.55765,0.0,0.0,0.0,0.0
1,3,1,0,,,,1.2666667,0.0,0.0,0.0,0.0
1,4,1,0,,,,1.32985,0.0,0.0,0.0,0.0
1,5,1,0,,,,1.3140833,0.0,0.0,0.0,0.0
1,6,1,0,,,,1.4194334,0.0,0.0,0.0,0.0
1,7,1,0,,,,1.0473334,0.0,0.0,0.0,0.0
1,8,1,0,,,,1.2377666,0.0,0.0,0.0,0.0
1,9,1,0,,,,1.0667334,0.0,0.0,0.0,8.17
1,10,1,0,,,,0.279,0.0,0.0,0.0,19.76
1,11,1,0,,,,1.0670167,0.0,0.0,0.0,44.49
1,12,1,0,,,,1.0982667,0.0,0.0,0.0,36.21
1,13,1,0,,,,1.13825,0.0,0.0,0.0,36.16
1,14,1,0,,,,0.9906333,0.0,0.0,0.0,61.1
1,15,1,0,,,,0.8804833,0.0,0.0,0.0,51.76
1,16,1,0,,,,0.49136665,0.0,0.0,0.0,21.13
1,17,1,0,,,,1.4924667,0.0,0.0,0.0,0.0
1,18,1,0,,,,1.94625,0.0,0.0,0.0,0.0
1,19,1,0,,,,1.3281833,0.0,0.0,0.0,0.0
1,20,1,0,,,,2.1008334,0.0,0.0,0.0,0.0
1,21,1,0,,,,2.1877167,0.0,0.0,0.0,0.0
1,22,1,0,,,,1.3611,0.0,0.0,0.0,0.0
1,23,1,0,,,,1.8936583,0.0,0.0,0.0,0.0
1,24,1,0,,,,1.6961083,0.0,0.0,0.0,0.0
1,1,2,0,,,,1.3572,0.0,0.0,0.0,0.0
1,2,2,0,,,,1.35075,0.0,0.0,0.0,0.0
1,3,2,0,,,,1.3816,0.0,0.0,0.0,0.0
1,4,2,0,,,,1.3760667,0.0,0.0,0.0,0.0
1,5,2,0,,,,1.3673333,0.0,0.0,0.0,0.0
1,6,2,0,,,,1.48745,0.0,0.0,0.0,0.0
1,7,2,0,,,,0.86401665,0.0,0.0,0.0,0.0
1,8,2,0,,,,1.6490166,0.0,0.0,0.0,0.0
1,9,2,0,,,,0.2826,0.0,0.0,0.0,1.33
1,10,2,0,,,,0.28485,0.0,0.0,0.0,109.9
1,11,2,0,,,,0.28558335,0.0,0.0,0.0,97.83
1,12,2,0,,,,0.2854,0.0,0.0,0.0,464.98
1,13,2,0,,,,0.28018335,0.0,0.0,0.0,471.17
1,14,2,0,,,,0.28643334,0.0,0.0,0.0,377.85
1,15,2,0,,,,0.27185,0.0,0.0,0.0,322.88
1,16,2,0,,,,0.36933333,0.0,0.0,0.0,323.93
1,17,2,0,,,,0.50633335,0.0,0.0,0.0,0.0
1,18,2,0,,,,0.65926665,0.0,0.0,0.0,0.0
1,19,2,0,,,,2.9621167,0.0,0.0,0.0,0.0
1,20,2,0,,,,2.7817166,0.0,0.0,0.0,0.0
1,21,2,0,,,,2.7745166,0.0,0.0,0.0,0.0
1,22,2,0,,,,3.9731166,0.0,0.0,0.0,0.0
1,23,2,0,,,,2.6423166,0.0,0.0,0.0,0.0
1,24,2,0,,,,2.553375,0.0,0.0,0.0,0.0
1,1,3,0,,,,0.58345,0.0,0.0,0.0,0.0
1,2,3,0,,,,0.49025,0.0,0.0,0.0,0.0
1,3,3,0,,,,1.497,0.0,0.0,0.0,0.0
1,4,3,0,,,,0.7150667,0.0,0.0,0.0,0.0
1,5,3,0,,,,1.5743333,0.0,0.0,0.0,0.0
1,6,3,0,,,,2.0579667,0.0,0.0,0.0,0.0
1,7,3,0,,,,1.58045,0.0,0.0,0.0,0.0
1,8,3,0,,,,0.72485,0.0,0.0,0.0,0.0
1,9,3,0,,,,0.5752,0.0,0.0,0.0,1.39
1,10,3,0,,,,0.29143333,0.0,0.0,0.0,234.76
1,11,3,0,,,,0.29896668,0.0,0.0,0.0,146.35
1,12,3,0,,,,0.30375,0.0,0.0,0.0,444.77
1,13,3,0,,,,0.30071667,0.0,0.0,0.0,394.1
1,14,3,0,,,,0.29878333,0.0,0.0,0.0,398.25
1,15,3,0,,,,0.28558335,0.0,0.0,0.0,151.15
1,16,3,0,,,,0.26991665,0.0,0.0,0.0,18.32
1,17,3,0,,,,0.33948332,0.0,0.0,0.0,0.0
1,18,3,0,,,,0.50013334,0.0,0.0,0.0,0.0
1,19,3,0,,,,0.8936667,0.0,0.0,0.0,0.0
1,20,3,0,,,,1.5079666,0.0,0.0,0.0,0.0
1,21,3,0,,,,4.232617,0.0,0.0,0.0,0.0
1,22,3,0,,,,2.1884665,0.0,0.0,0.0,0.0
1,23,3,0,,,,2.5040834,0.0,0.0,0.0,0.0
1,24,3,0,,,,2.3492084,0.0,0.0,0.0,0.0
1,1,4,0,,,,1.6913167,0.0,0.0,0.0,0.0
1,2,4,0,,,,0.33368334,0.0,0.0,0.0,0.0
1,3,4,0,,,,0.28781667,0.0,0.0,0.0,0.0
1,4,4,0,,,,1.1949667,0.0,0.0,0.0,0.0
1,5,4,0,,,,1.1439167,0.0,0.0,0.0,0.0
1,6,4,0,,,,2.1330833,0.0,0.0,0.0,0.0
1,7,4,0,,,,0.7678,0.0,0.0,0.0,0.0
1,8,4,0,,,,0.6839,0.0,0.0,0.0,0.0
1,9,4,0,,,,1.2914166,0.0,0.0,0.0,1.81
1,10,4,0,,,,0.284775,0.0,0.0,0.0,26.57
1,11,4,0,,,,0.29165,0.0,0.0,0.0,50.81
1,12,4,0,,,,0.29195,0.0,0.0,0.0,110.27
1,13,4,0,,,,0.29458332,0.0,0.0,0.0,42.26
1,14,4,0,,,,0.2899,0.0,0.0,0.0,38.14
1,15,4,0,,,,0.27926666,0.0,0.0,0.0,24.69
1,16,4,0,,,,0.43498334,0.0,0.0,0.0,391.74
1,17,4,0,,,,3.1449666,0.0,0.0,0.0,0.0
1,18,4,0,,,,2.0416,0.0,0.0,0.0,0.0
1,19,4,0,,,,4.033533,0.0,0.0,0.0,0.0
1,20,4,0,,,,2.6821,0.0,0.0,0.0,0.0
1,21,4,0,,,,2.70315,0.0,0.0,0.0,0.0
1,22,4,0,,,,2.7741833,0.0,0.0,0.0,0.0
1,23,4,0,,,,2.011,0.0,0.0,0.0,0.0
1,24,4,0,,,,0.99986666,0.0,0.0,0.0,0.0
1,1,5,0,,,,0.85463333,0.0,0.0,0.0,0.0
1,2,5,0,,,,0.76981664,0.0,0.0,0.0,0.0
1,3,5,0,,,,1.3460833,0.0,0.0,0.0,0.0
1,4,5,0,,,,1.4885167,0.0,0.0,0.0,0.0
1,5,5,0,,,,1.19195,0.0,0.0,0.0,0.0
1,6,5,0,,,,1.8556,0.0,0.0,0.0,0.0
1,7,5,0,,,,1.9494333,0.0,0.0,0.0,0.0
1,8,5,0,,,,0.6714333,0.0,0.0,0.0,0.0
1,9,5,0,,,,1.0285,0.0,0.0,0.0,21.45
1,10,5,0,,,,0.7288333,0.0,0.0,0.0,166.3
1,11,5,0,,,,1.30045,0.0,0.0,0.0,182.8
1,12,5,0,,,,0.40801665,0.0,0.0,0.0,382.87
1,13,5,0,,,,0.58433336,0.0,0.0,0.0,456.8
1,14,5,0,,,,0.58065,0.0,0.0,0.0,54.25
1,15,5,0,,,,0.68146664,0.0,0.0,0.0,21.14
1,16,5,0,,,,1.6818612,0.0,0.0,0.0,13.08
1,17,5,0,,,,1.9175333,0.0,0.0,0.0,0.0
1,18,5,0,,,,1.9044833,0.0,0.0,0.0,0.0
1,19,5,0,,,,1.5925333,0.0,0.0,0.0,0.0
1,20,5,0,,,,2.4485166,0.0,0.0,0.0,0.0
1,21,5,0,,,,3.1001167,0.0,0.0,0.0,0.0
1,22,5,0,,,,2.7329667,0.0,0.0,0.0,0.0
1,23,5,0,,,,1.7216333,0.0,0.0,0.0,0.0
1,24,5,0,,,,1.06745,0.0,0.0,0.0,0.0
1,1,6,0,,,,1.5164,0.0,0.0,0.0,0.0
1,2,6,0,,,,1.34345,0.0,0.0,0.0,0.0
1,3,6,0,,,,1.0154834,0.0,0.0,0.0,0.0
1,4,6,0,,,,0.93986666,0.0,0.0,0.0,0.0
1,5,6,0,,,,1.2559,0.0,0.0,0.0,0.0
1,6,6,0,,,,1.24075,0.0,0.0,0.0,0.0
1,7,6,0,,,,1.184,0.0,0.0,0.0,0.0
1,8,6,0,,,,0.3882,0.0,0.0,0.0,0.0
1,9,6,0,,,,0.5534833,0.0,0.0,0.0,4.03
1,10,6,0,,,,1.04225,0.0,0.0,0.0,138.05
1,11,6,0,,,,0.89045,0.0,0.0,0.0,34.01
1,12,6,0,,,,0.736,0.0,0.0,0.0,90.82
1,13,6,0,,,,0.4956,0.0,0.0,0.0,104.27
1,14,6,0,,,,0.76276666,0.0,0.0,0.0,75.24
1,15,6,0,,,,1.3505666,0.0,0.0,0.0,45.53
1,16,6,0,,,,1.3961,0.0,0.0,0.0,3.89
1,17,6,0,,,,1.2962,0.0,0.0,0.0,0.0
1,18,6,0,,,,1.29255,0.0,0.0,0.0,0.0
1,19,6,0,,,,1.43655,0.0,0.0,0.0,0.0
1,20,6,0,,,,1.9551667,0.0,0.0,0.0,0.0
1,21,6,0,,,,2.0150833,0.0,0.0,0.0,0.0
1,22,6,0,,,,0.94885,0.0,0.0,0.0,0.0
1,23,6,0,,,,0.6299667,0.0,0.0,0.0,0.0
1,24,6,0,,,,0.8769583,0.0,0.0,0.0,0.0
1,1,7,0,,,,0.9202,0.0,0.0,0.0,0.0
1,2,7,0,,,,0.56911665,0.0,0.0,0.0,0.0
1,3,7,0,,,,0.49921668,0.0,0.0,0.0,0.0
1,4,7,0,,,,0.49705,0.0,0.0,0.0,0.0
1,5,7,0,,,,1.305,0.0,0.0,0.0,0.0
1,6,7,0,,,,1.9164333,0.0,0.0,0.0,0.0
1,7,7,0,,,,1.4377667,0.0,0.0,0.0,0.0
1,8,7,0,,,,1.2089334,0.0,0.0,0.0,0.0
1,9,7,0,,,,0.5294333,0.0,0.0,0.0,0.0
1,10,7,0,,,,0.48881668,0.0,0.0,0.0,82.26
1,11,7,0,,,,0.58681667,0.0,0.0,0.0,56.86
1,12,7,0,,,,0.75518334,0.0,0.0,0.0,90.62
1,13,7,0,,,,0.68621665,0.0,0.0,0.0,44.59
1,14,7,0,,,,0.7255167,0.0,0.0,0.0,29.75
1,15,7,0,,,,0.41078332,0.0,0.0,0.0,9.07
1,16,7,0,,,,0.29943332,0.0,0.0,0.0,11.03
1,17,7,0,,,,0.4494,0.0,0.0,0.0,0.0
1,18,7,0,,,,2.6136,0.0,0.0,0.0,0.0
1,19,7,0,,,,1.14985,0.0,0.0,0.0,0.0
1,20,7,0,,,,1.3266833,0.0,0.0,0.0,0.0
1,21,7,0,,,,1.3841166,0.0,0.0,0.0,0.0
1,22,7,0,,,,1.0537167,0.0,0.0,0.0,0.0
1,23,7,0,,,,0.7825,0.0,0.0,0.0,0.0
1,24,7,0,,,,0.65774167,0.0,0.0,0.0,0.0
1,1,1,0,,,,0.43233332,0.0,0.0,0.0,0.0
1,2,1,0,,,,0.42301667,0.0,0.0,0.0,0.0
1,3,1,0,,,,0.4162,0.0,0.0,0.0,0.0
1,4,1,0,,,,0.41961667,0.0,0.0,0.0,0.0
1,5,1,0,,,,0.41795,0.0,0.0,0.0,0.0
1,6,1,0,,,,0.79576665,0.0,0.0,0.0,0.0
1,7,1,0,,,,0.37396666,0.0,0.0,0.0,0.0
1,8,1,0,,,,0.32025,0.0,0.0,0.0,0.0
1,9,1,0,,,,0.3139,0.0,0.0,0.0,1.68
1,10,1,0,,,,0.31278333,0.0,0.0,0.0,18.75
1,11,1,0,,,,0.32051668,0.0,0.0,0.0,30.64
1,12,1,0,,,,0.32066667,0.0,0.0,0.0,42.3
1,13,1,0,,,,0.6939,0.0,0.0,0.0,33.65
1,14,1,0,,,,1.0143,0.0,0.0,0.0,32.03
1,15,1,0,,,,1.2703834,0.0,0.0,0.0,23.7
1,16,1,0,,,,3.3819168,0.0,0.0,0.0,12.99
1,17,1,0,,,,0.9946,0.0,0.0,0.0,0.0
1,18,1,0,,,,0.9469333,0.0,0.0,0.0,0.0
1,19,1,0,,,,1.1888167,0.0,0.0,0.0,0.0
1,20,1,0,,,,1.2100834,0.0,0.0,0.0,0.0
1,21,1,0,,,,0.6858,0.0,0.0,0.0,0.0
1,22,1,0,,,,0.78276664,0.0,0.0,0.0,0.0
1,23,1,0,,,,0.6469167,0.0,0.0,0.0,0.0
1,24,1,0,,,,0.44781667,0.0,0.0,0.0,0.0
1,1,2,0,,,,0.75883335,0.0,0.0,0.0,0.0
1,2,2,0,,,,0.78571665,0.0,0.0,0.0,0.0
1,3,2,0,,,,0.39303333,0.0,0.0,0.0,0.0
1,4,2,0,,,,1.32905,0.0,0.0,0.0,0.0
1,5,2,0,,,,0.390775,0.0,0.0,0.0,0.0
1,6,2,0,,,,1.692175,0.0,0.0,0.0,0.0
1,7,2,0,,,,0.46763334,0.0,0.0,0.0,0.0
1,8,2,0,,,,0.6896667,0.0,0.0,0.0,0.0
1,9,2,0,,,,0.7429417,0.0,0.0,0.0,1.69
1,10,2,0,,,,0.6789167,0.0,0.0,0.0,109.99
1,11,2,0,,,,0.59723336,0.0,0.0,0.0,53.77
1,12,2,0,,,,0.5859,0.0,0.0,0.0,66.03
1,13,2,0,,,,0.57488334,0.0,0.0,0.0,70.07
1,14,2,0,,,,0.57318336,0.0,0.0,0.0,29.16
1,15,2,0,,,,0.7026333,0.0,0.0,0.0,81.21
1,16,2,0,,,,0.9741333,0.0,0.0,0.0,83.27
1,17,2,0,,,,1.3437166,0.0,0.0,0.0,0.0
1,18,2,0,,,,1.25845,0.0,0.0,0.0,0.0
1,19,2,0,,,,1.15595,0.0,0.0,0.0,0.0
1,20,2,0,,,,1.3999833,0.0,0.0,0.0,0.0
1,21,2,0,,,,1.33805,0.0,0.0,0.0,0.0
1,22,2,0,,,,1.3355833,0.0,0.0,0.0,0.0
1,23,2,0,,,,1.0500222,0.0,0.0,0.0,0.0
1,24,2,0,,,,0.86006665,0.0,0.0,0.0,0.0
2,1,3,0,,,,0.42255,0.0,0.0,0.0,0.0
2,2,3,0,,,,0.42266667,0.0,0.0,0.0,0.0
2,3,3,0,,,,0.41921666,0.0,0.0,0.0,0.0
2,4,3,0,,,,0.41608334,0.0,0.0,0.0,0.0
2,5,3,0,,,,1.5304834,0.0,0.0,0.0,0.0
2,6,3,0,,,,0.7199,0.0,0.0,0.0,0.0
2,7,3,0,,,,1.4199333,0.0,0.0,0.0,0.0
2,8,3,0,,,,0.6009333,0.0,0.0,0.0,0.0
2,9,3,0,,,,0.76198334,0.0,0.0,0.0,59.85
2,10,3,0,,,,0.6807,0.0,0.0,0.0,98.85
2,11,3,0,,,,0.68348336,0.0,0.0,0.0,55.87
2,12,3,0,,,,0.5157,0.0,0.0,0.0,81.03
2,13,3,0,,,,0.40381667,0.0,0.0,0.0,69.49
2,14,3,0,,,,0.7912167,0.0,0.0,0.0,57.98
2,15,3,0,,,,0.66735,0.0,0.0,0.0,68.57
2,16,3,0,,,,0.55591667,0.0,0.0,0.0,9.07
2,17,3,0,,,,0.55763334,0.0,0.0,0.0,0.23
2,18,3,0,,,,0.4883,0.0,0.0,0.0,0.0
2,19,3,0,,,,0.7145,0.0,0.0,0.0,0.0
2,20,3,0,,,,0.72515,0.0,0.0,0.0,0.0
2,21,3,0,,,,0.7846,0.0,0.0,0.0,0.0
2,22,3,0,,,,0.95005,0.0,0.0,0.0,0.0
2,23,3,0,,,,1.14855,0.0,0.0,0.0,0.0
2,24,3,0,,,,0.57268333,0.0,0.0,0.0,0.0
2,1,4,0,,,,0.6347,0.0,0.0,0.0,0.0
2,2,4,0,,,,0.3098,0.0,0.0,0.0,0.0
2,3,4,0,,,,0.30903333,0.0,0.0,0.0,0.0
2,4,4,0,,,,0.30785,0.0,0.0,0.0,0.0
2,5,4,0,,,,0.3067,0.0,0.0,0.0,0.0
2,6,4,0,,,,0.6727,0.0,0.0,0.0,0.0
2,7,4,0,,,,1.0876833,0.0,0.0,0.0,0.0
2,8,4,0,,,,1.5052834,0.0,0.0,0.0,0.0
2,9,4,0,,,,1.6200833,0.0,0.0,0.0,64.34
2,10,4,0,,,,1.0981667,0.0,0.0,0.0,16.61
2,11,4,0,,,,1.1014167,0.0,0.0,0.0,29.11
2,12,4,0,,,,1.0950167,0.0,0.0,0.0,63.22
2,13,4,0,,,,0.8107333,0.0,0.0,0.0,58.24
2,14,4,0,,,,0.7356333,0.0,0.0,0.0,44.56
2,15,4,0,,,,0.5917,0.0,0.0,0.0,139.17
2,16,4,0,,,,0.6202833,0.0,0.0,0.0,11.03
2,17,4,0,,,,0.66275,0.0,0.0,0.0,0.59
2,18,4,0,,,,0.42641667,0.0,0.0,0.0,0.0
2,19,4,0,,,,0.66001666,0.0,0.0,0.0,0.0
2,20,4,0,,,,1.6656,0.0,0.0,0.0,0.0
2,21,4,0,,,,2.7318666,0.0,0.0,0.0,0.0
2,22,4,0,,,,2.2648,0.0,0.0,0.0,0.0
2,23,4,0,,,,1.6248167,0.0,0.0,0.0,0.0
2,24,4,0,,,,0.59704167,0.0,0.0,0.0,0.0
2,1,5,0,,,,0.5197833,0.0,0.0,0.0,0.0
2,2,5,0,,,,0.52025,0.0,0.0,0.0,0.0
2,3,5,0,,,,0.51998335,0.0,0.0,0.0,0.0
2,4,5,0,,,,0.5178,0.0,0.0,0.0,0.0
2,5,5,0,,,,0.517,0.0,0.0,0.0,0.0
2,6,5,0,,,,0.61301666,0.0,0.0,0.0,0.0
2,7,5,0,,,,0.5236833,0.0,0.0,0.0,0.0
2,8,5,0,,,,0.43301666,0.0,0.0,0.0,0.0
2,9,5,0,,,,0.90445,0.0,0.0,0.0,0.0
2,10,5,0,,,,3.5605667,0.0,0.0,0.0,84.15
2,11,5,0,,,,3.2184334,0.0,0.0,0.0,75.63
2,12,5,0,,,,1.6696833,0.0,0.0,0.0,94.34
2,13,5,0,,,,1.8594834,0.0,0.0,0.0,69.51
2,14,5,0,,,,1.1320333,0.0,0.0,0.0,35.01
2,15,5,0,,,,1.7276167,0.0,0.0,0.0,10.32
2,16,5,0,,,,1.7352834,0.0,0.0,0.0,7.15
2,17,5,0,,,,0.8502333,0.0,0.0,0.0,1.19
2,18,5,0,,,,1.16355,0.0,0.0,0.0,0.0
2,19,5,0,,,,0.9383,0.0,0.0,0.0,0.0
2,20,5,0,,,,0.8599333,0.0,0.0,0.0,0.0
2,21,5,0,,,,1.10155,0.0,0.0,0.0,0.0
2,22,5,0,,,,0.9869,0.0,0.0,0.0,0.0
2,23,5,0,,,,0.81985,0.0,0.0,0.0,0.0
2,24,5,0,,,,0.81684166,0.0,0.0,0.0,0.0
2,1,6,0,,,,0.81726664,0.0,0.0,0.0,0.0
2,2,6,0,,,,0.72938335,0.0,0.0,0.0,0.0
2,3,6,0,,,,0.5197167,0.0,0.0,0.0,0.0
2,4,6,0,,,,0.51596665,0.0,0.0,0.0,0.0
2,5,6,0,,,,0.65068334,0.0,0.0,0.0,0.0
2,6,6,0,,,,1.20665,0.0,0.0,0.0,0.0
2,7,6,0,,,,0.39476666,0.0,0.0,0.0,0.0
2,8,6,0,,,,0.51255,0.0,0.0,0.0,0.0
2,9,6,0,,,,0.59136665,0.0,0.0,0.0,1.2
2,10,6,0,,,,0.63439167,0.0,0.0,0.0,27.35
2,11,6,0,,,,0.42886665,0.0,0.0,0.0,46.62
2,12,6,0,,,,0.43813333,0.0,0.0,0.0,75.56
2,13,6,0,,,,0.9908,0.0,0.0,0.0,101.32
2,14,6,0,,,,1.0651,0.0,0.0,0.0,88.22
2,15,6,0,,,,0.72391665,0.0,0.0,0.0,72.0
2,16,6,0,,,,2.0735166,0.0,0.0,0.0,342.45
2,17,6,0,,,,1.28355,0.0,0.0,0.0,0.37
2,18,6,0,,,,1.1787333,0.0,0.0,0.0,0.0
2,19,6,0,,,,1.1166667,0.0,0.0,0.0,0.0
2,20,6,0,,,,1.02915,0.0,0.0,0.0,0.0
2,21,6,0,,,,1.1043833,0.0,0.0,0.0,0.0
2,22,6,0,,,,4.0388665,0.0,0.0,0.0,0.0
2,23,6,0,,,,2.2423832,0.0,0.0,0.0,0.0
2,24,6,0,,,,1.8472834,0.0,0.0,0.0,0.0
2,1,7,0,,,,1.258,0.0,0.0,0.0,0.0
2,2,7,0,,,,1.21395,0.0,0.0,0.0,0.0
2,3,7,0,,,,1.8634167,0.0,0.0,0.0,0.0
2,4,7,0,,,,0.6613,0.0,0.0,0.0,0.0
2,5,7,0,,,,0.81195,0.0,0.0,0.0,0.0
2,6,7,0,,,,0.6044667,0.0,0.0,0.0,0.0
2,7,7,0,,,,0.41866666,0.0,0.0,0.0,0.0
2,8,7,0,,,,0.422,0.0,0.0,0.0,0.0
2,9,7,0,,,,0.41493332,0.0,0.0,0.0,0.39
2,10,7,0,,,,0.9788167,0.0,0.0,0.0,148.92
2,11,7,0,,,,0.77965,0.0,0.0,0.0,43.41
2,12,7,0,,,,1.1511834,0.0,0.0,0.0,19.59
2,13,7,0,,,,1.0694,0.0,0.0,0.0,76.82
2,14,7,0,,,,1.1933334,0.0,0.0,0.0,89.94
2,15,7,0,,,,1.7204833,0.0,0.0,0.0,105.32
2,16,7,0,,,,2.4521334,0.0,0.0,0.0,23.99
2,17,7,0,,,,2.1838167,0.0,0.0,0.0,1.23
2,18,7,0,,,,2.3151166,0.0,0.0,0.0,0.0
2,19,7,0,,,,2.1826832,0.0,0.0,0.0,0.0
2,20,7,0,,,,2.1229668,0.0,0.0,0.0,0.0
2,21,7,0,,,,1.6121167,0.0,0.0,0.0,0.0
2,22,7,0,,,,1.7863834,0.0,0.0,0.0,0.0
2,23,7,0,,,,1.0066167,0.0,0.0,0.0,0.0
2,24,7,0,,,,0.89245,0.0,0.0,0.0,0.0
2,1,1,0,,,,0.51696664,0.0,0.0,0.0,0.0
2,2,1,0,,,,0.5162333,0.0,0.0,0.0,0.0
2,3,1,0,,,,0.51535,0.0,0.0,0.0,0.0
2,4,1,0,,,,0.55681664,0.0,0.0,0.0,0.0
2,5,1,0,,,,1.21275,0.0,0.0,0.0,0.0
2,6,1,0,,,,1.43095,0.0,0.0,0.0,0.0
2,7,1,0,,,,1.0498834,0.0,0.0,0.0,0.0
2,8,1,0,,,,1.1961334,0.0,0.0,0.0,0.0
2,9,1,0,,,,0.424,0.0,0.0,0.0,0.03
2,10,1,0,,,,0.42645,0.0,0.0,0.0,106.05
2,11,1,0,,,,1.1403,0.0,0.0,0.0,57.93
2,12,1,0,,,,0.42831665,0.0,0.0,0.0,67.77
2,13,1,0,,,,1.168,0.0,0.0,0.0,45.73
2,14,1,0,,,,0.43491668,0.0,0.0,0.0,99.08
2,15,1,0,,,,1.2183,0.0,0.0,0.0,78.16
2,16,1,0,,,,0.656,0.0,0.0,0.0,132.85
2,17,1,0,,,,3.5665834,0.0,0.0,0.0,174.49
2,18,1,0,,,,2.4740083,0.0,0.0,0.0,0.0
2,19,1,0,,,,2.23895,0.0,0.0,0.0,0.0
2,20,1,0,,,,3.0794,0.0,0.0,0.0,0.0
2,21,1,0,,,,1.3178166,0.0,0.0,0.0,0.0
2,22,1,0,,,,2.1166334,0.0,0.0,0.0,0.0
2,23,1,0,,,,1.5150833,0.0,0.0,0.0,0.0
2,24,1,0,,,,1.0277417,0.0,0.0,0.0,0.0
2,1,2,0,,,,1.6371,0.0,0.0,0.0,0.0
2,2,2,0,,,,0.51483333,0.0,0.0,0.0,0.0
2,3,2,0,,,,0.42955,0.0,0.0,0.0,0.0
2,4,2,0,,,,0.42651665,0.0,0.0,0.0,0.0
2,5,2,0,,,,0.4253,0.0,0.0,0.0,0.0
2,6,2,0,,,,0.56401664,0.0,0.0,0.0,0.0
2,7,2,0,,,,0.94301665,0.0,0.0,0.0,0.0
2,8,2,0,,,,0.7269167,0.0,0.0,0.0,0.0
2,9,2,0,,,,0.4217,0.0,0.0,0.0,181.09
2,10,2,0,,,,0.4143,0.0,0.0,0.0,426.47
2,11,2,0,,,,0.41621667,0.0,0.0,0.0,366.77
2,12,2,0,,,,1.1493833,0.0,0.0,0.0,429.1
2,13,2,0,,,,0.41728333,0.0,0.0,0.0,476.19
2,14,2,0,,,,0.44546667,0.0,0.0,0.0,130.77
2,15,2,0,,,,0.82785,0.0,0.0,0.0,524.81
2,16,2,0,,,,0.94955,0.0,0.0,0.0,445.11
2,17,2,0,,,,1.5073833,0.0,0.0,0.0,165.29
2,18,2,0,,,,1.7209667,0.0,0.0,0.0,0.0
2,19,2,0,,,,1.6741834,0.0,0.0,0.0,0.0
2,20,2,0,,,,1.2755333,0.0,0.0,0.0,0.0
2,21,2,0,,,,2.5434167,0.0,0.0,0.0,0.0
2,22,2,0,,,,1.1936166,0.0,0.0,0.0,0.0
2,23,2,0,,,,1.3500167,0.0,0.0,0.0,0.0
2,24,2,0,,,,1.4841833,0.0,0.0,0.0,0.0
2,1,3,0,,,,0.7604833,0.0,0.0,0.0,0.0
2,2,3,0,,,,0.5136,0.0,0.0,0.0,0.0
2,3,3,0,,,,1.3018167,0.0,0.0,0.0,0.0
2,4,3,0,,,,0.51198334,0.0,0.0,0.0,0.0
2,5,3,0,,,,0.5132167,0.0,0.0,0.0,0.0
2,6,3,0,,,,1.5860333,0.0,0.0,0.0,0.0
2,7,3,0,,,,0.8179167,0.0,0.0,0.0,0.0
2,8,3,0,,,,0.6713333,0.0,0.0,0.0,0.0
2,9,3,0,,,,0.42231667,0.0,0.0,0.0,205.7
2,10,3,0,,,,0.41413334,0.0,0.0,0.0,441.71
2,11,3,0,,,,0.41433334,0.0,0.0,0.0,147.21
2,12,3,0,,,,0.4164,0.0,0.0,0.0,150.23
2,13,3,0,,,,0.42613333,0.0,0.0,0.0,103.25
2,14,3,0,,,,0.42751667,0.0,0.0,0.0,60.63
2,15,3,0,,,,0.42653334,0.0,0.0,0.0,27.87
2,16,3,0,,,,0.581,0.0,0.0,0.0,22.6
2,17,3,0,,,,1.4794333,0.0,0.0,0.0,3.78
2,18,3,0,,,,1.6778667,0.0,0.0,0.0,0.0
2,19,3,0,,,,1.7442,0.0,0.0,0.0,0.0
2,20,3,0,,,,1.354,0.0,0.0,0.0,0.0
2,21,3,0,,,,1.2696,0.0,0.0,0.0,0.0
2,22,3,0,,,,1.1375333,0.0,0.0,0.0,0.0
2,23,3,0,,,,0.9006,0.0,0.0,0.0,0.0
2,24,3,0,,,,0.6595,0.0,0.0,0.0,0.0
2,1,4,0,,,,0.5121167,0.0,0.0,0.0,0.0
2,2,4,0,,,,0.51131666,0.0,0.0,0.0,0.0
2,3,4,0,,,,0.51175,0.0,0.0,0.0,0.0
2,4,4,0,,,,0.51093334,0.0,0.0,0.0,0.0
2,5,4,0,,,,0.5097167,0.0,0.0,0.0,0.0
2,6,4,0,,,,0.8122,0.0,0.0,0.0,0.0
2,7,4,0,,,,1.0242167,0.0,0.0,0.0,0.0
2,8,4,0,,,,0.54415,0.0,0.0,0.0,0.0
2,9,4,0,,,,0.42398334,0.0,0.0,0.0,33.44
2,10,4,0,,,,0.38665,0.0,0.0,0.0,107.82
2,11,4,0,,,,0.39106667,0.0,0.0,0.0,92.35
2,12,4,0,,,,0.3903,0.0,0.0,0.0,147.12
2,13,4,0,,,,0.37995,0.0,0.0,0.0,92.05
2,14,4,0,,,,0.46803334,0.0,0.0,0.0,80.09
2,15,4,0,,,,0.44998333,0.0,0.0,0.0,45.39
2,16,4,0,,,,0.6055667,0.0,0.0,0.0,28.79
2,17,4,0,,,,0.74841666,0.0,0.0,0.0,8.0
2,18,4,0,,,,1.7742,0.0,0.0,0.0,0.0
2,19,4,0,,,,1.8212167,0.0,0.0,0.0,0.0
2,20,4,0,,,,2.1741166,0.0,0.0,0.0,0.0
2,21,4,0,,,,1.2317,0.0,0.0,0.0,0.0
2,22,4,0,,,,3.3185666,0.0,0.0,0.0,0.0
2,23,4,0,,,,2.4052835,0.0,0.0,0.0,0.0
2,24,4,0,,,,1.0269166,0.0,0.0,0.0,0.0
2,1,5,0,,,,0.5086667,0.0,0.0,0.0,0.0
2,2,5,0,,,,0.50805,0.0,0.0,0.0,0.0
2,3,5,0,,,,0.51105,0.0,0.0,0.0,0.0
2,4,5,0,,,,0.5061,0.0,0.0,0.0,0.0
2,5,5,0,,,,0.50625,0.0,0.0,0.0,0.0
2,6,5,0,,,,1.8926834,0.0,0.0,0.0,0.0
2,7,5,0,,,,0.8523833,0.0,0.0,0.0,0.0
2,8,5,0,,,,0.58171666,0.0,0.0,0.0,0.0
2,9,5,0,,,,0.40155,0.0,0.0,0.0,0.44
2,10,5,0,,,,0.39435,0.0,0.0,0.0,46.19
2,11,5,0,,,,0.39616665,0.0,0.0,0.0,153.62
2,12,5,0,,,,0.39695,0.0,0.0,0.0,140.11
2,13,5,0,,,,0.39928332,0.0,0.0,0.0,118.07
2,14,5,0,,,,0.3975,0.0,0.0,0.0,580.05
2,15,5,0,,,,0.42018333,0.0,0.0,0.0,636.99
2,16,5,0,,,,0.80973333,0.0,0.0,0.0,423.0
2,17,5,0,,,,0.78886664,0.0,0.0,0.0,215.67
2,18,5,0,,,,0.9619667,0.0,0.0,0.0,0.0
2,19,5,0,,,,1.1421334,0.0,0.0,0.0,0.0
2,20,5,0,,,,1.3687834,0.0,0.0,0.0,0.0
2,21,5,0,,,,1.5598167,0.0,0.0,0.0,0.0
2,22,5,0,,,,1.0644166,0.0,0.0,0.0,0.0
2,23,5,0,,,,0.72711664,0.0,0.0,0.0,0.0
2,24,5,0,,,,1.013925,0.0,0.0,0.0,0.0
2,1,6,0,,,,0.6379833,0.0,0.0,0.0,0.0
2,2,6,0,,,,0.49185,0.0,0.0,0.0,0.0
2,3,6,0,,,,0.49283335,0.0,0.0,0.0,0.0
2,4,6,0,,,,0.4926,0.0,0.0,0.0,0.0
2,5,6,0,,,,0.49063334,0.0,0.0,0.0,0.0
2,6,6,0,,,,0.48935,0.0,0.0,0.0,0.0
2,7,6,0,,,,0.4794,0.0,0.0,0.0,0.0
2,8,6,0,,,,0.65078336,0.0,0.0,0.0,0.0
2,9,6,0,,,,1.0264167,0.0,0.0,0.0,9.31
2,10,6,0,,,,0.8581667,0.0,0.0,0.0,28.79
2,11,6,0,,,,0.5312667,0.0,0.0,0.0,48.43
2,12,6,0,,,,0.5877333,0.0,0.0,0.0,78.7
2,13,6,0,,,,0.40613332,0.0,0.0,0.0,53.7
2,14,6,0,,,,0.5024,0.0,0.0,0.0,48.63
2,15,6,0,,,,0.5919667,0.0,0.0,0.0,39.74
2,16,6,0,,,,0.73315,0.0,0.0,0.0,19.29
2,17,6,0,,,,0.71025,0.0,0.0,0.0,4.23
2,18,6,0,,,,0.81583333,0.0,0.0,0.0,0.0
2,19,6,0,,,,1.19975,0.0,0.0,0.0,0.0
2,20,6,0,,,,0.92006665,0.0,0.0,0.0,0.0
2,21,6,0,,,,0.9539833,0.0,0.0,0.0,0.0
2,22,6,0,,,,0.85715,0.0,0.0,0.0,0.0
2,23,6,0,,,,0.82498336,0.0,0.0,0.0,0.0
2,24,6,0,,,,0.81663334,0.0,0.0,0.0,0.0
2,1,7,0,,,,0.67915,0.0,0.0,0.0,0.0
2,2,7,0,,,,0.72943336,0.0,0.0,0.0,0.0
2,3,7,0,,,,0.6892667,0.0,0.0,0.0,0.0
2,4,7,0,,,,0.68581665,0.0,0.0,0.0,0.0
2,5,7,0,,,,0.68548334,0.0,0.0,0.0,0.0
2,6,7,0,,,,0.6838,0.0,0.0,0.0,0.0
2,7,7,0,,,,0.6853333,0.0,0.0,0.0,0.0
2,8,7,0,,,,0.5123,0.0,0.0,0.0,0.0
2,9,7,0,,,,0.51103336,0.0,0.0,0.0,54.36
2,10,7,0,,,,0.61883336,0.0,0.0,0.0,137.98
2,11,7,0,,,,3.0071666,0.0,0.0,0.0,67.4
2,12,7,0,,,,1.1774833,0.0,0.0,0.0,65.79
2,13,7,0,,,,0.81451666,0.0,0.0,0.0,125.69
2,14,7,0,,,,0.41573334,0.0,0.0,0.0,100.31
2,15,7,0,,,,0.41383332,0.0,0.0,0.0,199.67
2,16,7,0,,,,0.40928334,0.0,0.0,0.0,131.66
2,17,7,0,,,,0.38538334,0.0,0.0,0.0,23.83
2,18,7,0,,,,0.38781667,0.0,0.0,0.0,0.0
2,19,7,0,,,,0.39171666,0.0,0.0,0.0,0.0
2,20,7,0,,,,1.4677167,0.0,0.0,0.0,0.0
2,21,7,0,,,,1.5047166,0.0,0.0,0.0,0.0
2,22,7,0,,,,1.5295833,0.0,0.0,0.0,0.0
2,23,7,0,,,,1.5810833,0.0,0.0,0.0,0.0
2,24,7,0,,,,1.2629417,0.0,0.0,0.0,0.0
2,1,1,0,,,,0.80738336,0.0,0.0,0.0,0.0
2,2,1,0,,,,0.40873334,0.0,0.0,0.0,0.0
2,3,1,0,,,,0.4011,0.0,0.0,0.0,0.0
2,4,1,0,,,,1.0101,0.0,0.0,0.0,0.0
2,5,1,0,,,,0.87668335,0.0,0.0,0.0,0.0
2,6,1,0,,,,0.6590667,0.0,0.0,0.0,0.0
2,7,1,0,,,,0.89075,0.0,0.0,0.0,0.0
2,8,1,0,,,,0.6969333,0.0,0.0,0.0,0.0
2,9,1,0,,,,0.52778333,0.0,0.0,0.0,86.16
2,10,1,0,,,,0.5799417,0.0,0.0,0.0,133.04
2,11,1,0,,,,0.59445,0.0,0.0,0.0,104.28
2,12,1,0,,,,0.5524833,0.0,0.0,0.0,221.98
2,13,1,0,,,,0.4073,0.0,0.0,0.0,133.05
2,14,1,0,,,,0.40823334,0.0,0.0,0.0,137.49
2,15,1,0,,,,0.7715167,0.0,0.0,0.0,91.0
2,16,1,0,,,,0.5416833,0.0,0.0,0.0,107.01
2,17,1,0,,,,0.83103335,0.0,0.0,0.0,50.83
2,18,1,0,,,,1.0816833,0.0,0.0,0.0,0.0
2,19,1,0,,,,0.9368,0.0,0.0,0.0,0.0
2,20,1,0,,,,1.30805,0.0,0.0,0.0,0.0
2,21,1,0,,,,1.2606,0.0,0.0,0.0,0.0
2,22,1,0,,,,1.3385667,0.0,0.0,0.0,0.0
2,23,1,0,,,,1.2605166,0.0,0.0,0.0,0.0
2,24,1,0,,,,0.9784,0.0,0.0,0.0,0.0
2,1,2,0,,,,0.49331668,0.0,0.0,0.0,0.0
2,2,2,0,,,,0.48968333,0.0,0.0,0.0,0.0
2,3,2,0,,,,0.48696667,0.0,0.0,0.0,0.0
2,4,2,0,,,,0.48791668,0.0,0.0,0.0,0.0
2,5,2,0,,,,0.48728332,0.0,0.0,0.0,0.0
2,6,2,0,,,,0.9548,0.0,0.0,0.0,0.0
2,7,2,0,,,,0.99025,0.0,0.0,0.0,0.0
2,8,2,0,,,,0.55911666,0.0,0.0,0.0,0.0
2,9,2,0,,,,0.4012,0.0,0.0,0.0,77.87
2,10,2,0,,,,0.4039,0.0,0.0,0.0,64.94
2,11,2,0,,,,0.52595,0.0,0.0,0.0,93.48
2,12,2,0,,,,0.6423,0.0,0.0,0.0,140.77
2,13,2,0,,,,0.6314167,0.0,0.0,0.0,66.46
2,14,2,0,,,,0.6333,0.0,0.0,0.0,54.2
2,15,2,0,,,,0.69515,0.0,0.0,0.0,37.52
2,16,2,0,,,,0.8138,0.0,0.0,0.0,23.8
2,17,2,0,,,,0.6131333,0.0,0.0,0.0,14.48
2,18,2,0,,,,0.89753336,0.0,0.0,0.0,0.0
2,19,2,0,,,,0.89521664,0.0,0.0,0.0,0.0
2,20,2,0,,,,1.0618833,0.0,0.0,0.0,0.0
2,21,2,0,,,,1.2328167,0.0,0.0,0.0,0.0
2,22,2,0,,,,1.3156667,0.0,0.0,0.0,0.0
2,23,2,0,,,,0.86165,0.0,0.0,0.0,0.0
2,24,2,0,,,,0.911575,0.0,0.0,0.0,0.0
2,1,3,0,,,,0.5463,0.0,0.0,0.0,0.0
2,2,3,0,,,,0.49315,0.0,0.0,0.0,0.0
2,3,3,0,,,,0.4887,0.0,0.0,0.0,0.0
2,4,3,0,,,,0.48858333,0.0,0.0,0.0,0.0
2,5,3,0,,,,0.4838,0.0,0.0,0.0,0.0
2,6,3,0,,,,0.7584,0.0,0.0,0.0,0.0
2,7,3,0,,,,0.84746665,0.0,0.0,0.0,0.0
2,8,3,0,,,,0.55111665,0.0,0.0,0.0,0.0
2,9,3,0,,,,0.40088335,0.0,0.0,0.0,15.54
2,10,3,0,,,,0.40846667,0.0,0.0,0.0,31.83
2,11,3,0,,,,0.40841666,0.0,0.0,0.0,167.21
2,12,3,0,,,,0.61828333,0.0,0.0,0.0,106.18
2,13,3,0,,,,0.6153,0.0,0.0,0.0,237.66
2,14,3,0,,,,0.58933336,0.0,0.0,0.0,349.99
2,15,3,0,,,,0.58998334,0.0,0.0,0.0,408.75
2,16,3,0,,,,0.59783334,0.0,0.0,0.0,283.73
2,17,3,0,,,,0.7542667,0.0,0.0,0.0,16.46
2,18,3,0,,,,1.1482,0.0,0.0,0.0,0.0
2,19,3,0,,,,1.2777833,0.0,0.0,0.0,0.0
2,20,3,0,,,,1.44065,0.0,0.0,0.0,0.0
2,21,3,0,,,,1.0821167,0.0,0.0,0.0,0.0
2,22,3,0,,,,0.7684,0.0,0.0,0.0,0.0
2,23,3,0,,,,0.7385,0.0,0.0,0.0,0.0
2,24,3,0,,,,0.7493917,0.0,0.0,0.0,0.0
2,1,4,0,,,,0.53346664,0.0,0.0,0.0,0.0
2,2,4,0,,,,0.5122333,0.0,0.0,0.0,0.0
2,3,4,0,,,,0.5118833,0.0,0.0,0.0,0.0
2,4,4,0,,,,0.5098,0.0,0.0,0.0,0.0
2,5,4,0,,,,0.50835,0.0,0.0,0.0,0.0
2,6,4,0,,,,0.81311667,0.0,0.0,0.0,0.0
2,7,4,0,,,,0.93448335,0.0,0.0,0.0,0.0
2,8,4,0,,,,1.0642166,0.0,0.0,0.0,0.0
2,9,4,0,,,,1.5999666,0.0,0.0,0.0,45.97
2,10,4,0,,,,0.84613335,0.0,0.0,0.0,103.93
2,11,4,0,,,,0.53531665,0.0,0.0,0.0,124.43
2,12,4,0,,,,0.32081667,0.0,0.0,0.0,408.8
2,13,4,0,,,,0.31768334,0.0,0.0,0.0,725.54
2,14,4,0,,,,0.31966665,0.0,0.0,0.0,694.83
2,15,4,0,,,,0.3885,0.0,0.0,0.0,595.46
2,16,4,0,,,,0.69768333,0.0,0.0,0.0,449.18
2,17,4,0,,,,0.58215,0.0,0.0,0.0,238.86
2,18,4,0,,,,0.9173667,0.0,0.0,0.0,0.0
2,19,4,0,,,,0.93833333,0.0,0.0,0.0,0.0
2,20,4,0,,,,0.8935,0.0,0.0,0.0,0.0
2,21,4,0,,,,1.06955,0.0,0.0,0.0,0.0
2,22,4,0,,,,1.1012167,0.0,0.0,0.0,0.0
2,23,4,0,,,,1.1463333,0.0,0.0,0.0,0.0
2,24,4,0,,,,1.15135,0.0,0.0,0.0,0.0
2,1,5,0,,,,0.73448336,0.0,0.0,0.0,0.0
2,2,5,0,,,,0.41875,0.0,0.0,0.0,0.0
2,3,5,0,,,,0.4141,0.0,0.0,0.0,0.0
2,4,5,0,,,,0.41325,0.0,0.0,0.0,0.0
2,5,5,0,,,,0.41435,0.0,0.0,0.0,0.0
2,6,5,0,,,,0.73148334,0.0,0.0,0.0,0.0
2,7,5,0,,,,0.90025,0.0,0.0,0.0,0.0
2,8,5,0,,,,0.41133332,0.0,0.0,0.0,0.0
2,9,5,0,,,,0.31358334,0.0,0.0,0.0,217.76
2,10,5,0,,,,0.5165167,0.0,0.0,0.0,483.62
2,11,5,0,,,,0.54651666,0.0,0.0,0.0,599.99
2,12,5,0,,,,0.53903335,0.0,0.0,0.0,710.45
2,13,5,0,,,,0.53463334,0.0,0.0,0.0,742.41
2,14,5,0,,,,0.53931665,0.0,0.0,0.0,726.71
2,15,5,0,,,,1.0453833,0.0,0.0,0.0,604.17
2,16,5,0,,,,1.31625,0.0,0.0,0.0,362.8
2,17,5,0,,,,1.4115778,0.0,0.0,0.0,25.83
2,18,5,0,,,,0.69423336,0.0,0.0,0.0,0.0
2,19,5,0,,,,1.8650167,0.0,0.0,0.0,0.0
2,20,5,0,,,,0.9159667,0.0,0.0,0.0,0.0
2,21,5,0,,,,3.51415,0.0,0.0,0.0,0.0
2,22,5,0,,,,2.7096834,0.0,0.0,0.0,0.0
2,23,5,0,,,,0.5883167,0.0,0.0,0.0,0.0
2,24,5,0,,,,0.42106667,0.0,0.0,0.0,0.0
2,1,6,0,,,,0.46228334,0.0,0.0,0.0,0.0
2,2,6,0,,,,0.64355,0.0,0.0,0.0,0.0
2,3,6,0,,,,0.6393333,0.0,0.0,0.0,0.0
2,4,6,0,,,,1.4324,0.0,0.0,0.0,0.0
2,5,6,0,,,,0.7134,0.0,0.0,0.0,0.0
2,6,6,0,,,,0.9741833,0.0,0.0,0.0,0.0
2,7,6,0,,,,1.6223167,0.0,0.0,0.0,0.0
2,8,6,0,,,,0.45713332,0.0,0.0,0.0,0.0
2,9,6,0,,,,1.1563333,0.0,0.0,0.0,227.92
2,10,6,0,,,,0.42336667,0.0,0.0,0.0,485.91
2,11,6,0,,,,0.91791666,0.0,0.0,0.0,643.64
2,12,6,0,,,,1.0948167,0.0,0.0,0.0,735.12
2,13,6,0,,,,2.5751333,0.0,0.0,0.0,765.77
2,14,6,0,,,,3.1808333,0.0,0.0,0.0,731.95
2,15,6,0,,,,0.93446666,0.0,0.0,0.0,629.45
2,16,6,0,,,,0.77161664,0.0,0.0,0.0,471.78
2,17,6,0,,,,0.76806664,0.0,0.0,0.0,253.46
2,18,6,0,,,,0.45554167,0.0,0.0,0.0,0.0
2,19,6,0,,,,1.1893333,0.0,0.0,0.0,0.0
2,20,6,0,,,,0.85475,0.0,0.0,0.0,0.0
2,21,6,0,,,,0.89321667,0.0,0.0,0.0,0.0
2,22,6,0,,,,0.89095,0.0,0.0,0.0,0.0
2,23,6,0,,,,0.5975,0.0,0.0,0.0,0.0
2,24,6,0,,,,0.41960666,0.0,0.0,0.0,0.0
2,1,7,0,,,,0.41561666,0.0,0.0,0.0,0.0
2,2,7,0,,,,1.2392334,0.0,0.0,0.0,0.0
2,3,7,0,,,,0.40358335,0.0,0.0,0.0,0.0
2,4,7,0,,,,1.22615,0.0,0.0,0.0,0.0
2,5,7,0,,,,0.40488333,0.0,0.0,0.0,0.0
2,6,7,0,,,,1.2396166,0.0,0.0,0.0,0.0
2,7,7,0,,,,1.1366833,0.0,0.0,0.0,0.0
2,8,7,0,,,,0.50755,0.0,0.0,0.0,0.0
2,9,7,0,,,,1.3893833,0.0,0.0,0.0,260.16
2,10,7,0,,,,0.96431667,0.0,0.0,0.0,492.67
2,11,7,0,,,,1.41315,0.0,0.0,0.0,648.34
2,12,7,0,,,,0.5495167,0.0,0.0,0.0,742.32
2,13,7,0,,,,1.3162667,0.0,0.0,0.0,769.32
2,14,7,0,,,,1.7292,0.0,0.0,0.0,747.52
2,15,7,0,,,,1.7773917,0.0,0.0,0.0,633.14
2,16,7,0,,,,0.84493333,0.0,0.0,0.0,483.78
2,17,7,0,,,,1.51855,0.0,0.0,0.0,263.05
2,18,7,0,,,,1.3535334,0.0,0.0,0.0,0.0
2,19,7,0,,,,1.0263833,0.0,0.0,0.0,0.0
2,20,7,0,,,,1.70755,0.0,0.0,0.0,0.0
2,21,7,0,,,,0.89241666,0.0,0.0,0.0,0.0
2,22,7,0,,,,1.20215,0.0,0.0,0.0,0.0
2,23,7,0,,,,1.6414666,0.0,0.0,0.0,0.0
2,24,7,0,,,,0.79575,0.0,0.0,0.0,0.0
2,1,1,0,,,,1.0245667,0.0,0.0,0.0,0.0
2,2,1,0,,,,1.0678166,0.0,0.0,0.0,0.0
2,3,1,0,,,,0.78746665,0.0,0.0,0.0,0.0
2,4,1,0,,,,0.6253667,0.0,0.0,0.0,0.0
2,5,1,0,,,,1.2844833,0.0,0.0,0.0,0.0
2,6,1,0,,,,0.45275,0.0,0.0,0.0,0.0
2,7,1,0,,,,1.2245,0.0,0.0,0.0,0.0
2,8,1,0,,,,1.1526166,0.0,0.0,0.0,0.0
2,9,1,0,,,,0.9811,0.0,0.0,0.0,162.02
2,10,1,0,,,,0.31913334,0.0,0.0,0.0,296.15
2,11,1,0,,,,3.8205333,0.0,0.0,0.0,126.1
2,12,1,0,,,,1.0208,0.0,0.0,0.0,36.34
2,13,1,0,,,,0.96201664,0.0,0.0,0.0,165.04
2,14,1,0,,,,0.65925,0.0,0.0,0.0,155.34
2,15,1,0,,,,0.6537667,0.0,0.0,0.0,28.5
2,16,1,0,,,,0.56338334,0.0,0.0,0.0,146.35
2,17,1,0,,,,0.5254833,0.0,0.0,0.0,6.45
2,18,1,0,,,,1.04255,0.0,0.0,0.0,0.0
2,19,1,0,,,,1.3563334,0.0,0.0,0.0,0.0
2,20,1,0,,,,1.3513167,0.0,0.0,0.0,0.0
2,21,1,0,,,,1.22905,0.0,0.0,0.0,0.0
2,22,1,0,,,,1.0434166,0.0,0.0,0.0,0.0
2,23,1,0,,,,0.6632,0.0,0.0,0.0,0.0
2,24,1,0,,,,0.56278336,0.0,0.0,0.0,0.0
2,1,2,0,,,,0.5143667,0.0,0.0,0.0,0.0
2,2,2,0,,,,0.5143667,0.0,0.0,0.0,0.0
2,3,2,0,,,,0.51171666,0.0,0.0,0.0,0.0
2,4,2,0,,,,0.96638334,0.0,0.0,0.0,0.0
2,5,2,0,,,,0.8746,0.0,0.0,0.0,0.0
2,6,2,0,,,,0.777,0.0,0.0,0.0,0.0
2,7,2,0,,,,1.0759667,0.0,0.0,0.0,0.0
2,8,2,0,,,,0.57776666,0.0,0.0,0.0,0.0
2,9,2,0,,,,0.42021668,0.0,0.0,0.0,37.37
2,10,2,0,,,,1.1613834,0.0,0.0,0.0,148.73
2,11,2,0,,,,0.42396668,0.0,0.0,0.0,304.01
2,12,2,0,,,,0.43003333,0.0,0.0,0.0,616.94
2,13,2,0,,,,0.42243335,0.0,0.0,0.0,782.68
2,14,2,0,,,,0.4119,0.0,0.0,0.0,755.72
2,15,2,0,,,,0.47043332,0.0,0.0,0.0,672.69
2,16,2,0,,,,0.5863,0.0,0.0,0.0,486.9
2,17,2,0,,,,0.8023,0.0,0.0,0.0,295.33
2,18,2,0,,,,1.3722,0.0,0.0,0.0,0.0
2,19,2,0,,,,1.0478667,0.0,0.0,0.0,0.0
2,20,2,0,,,,0.79683334,0.0,0.0,0.0,0.0
2,21,2,0,,,,0.80943334,0.0,0.0,0.0,0.0
2,22,2,0,,,,1.1824334,0.0,0.0,0.0,0.0
2,23,2,0,,,,1.1028334,0.0,0.0,0.0,0.0
2,24,2,0,,,,0.84503335,0.0,0.0,0.0,0.0
2,1,3,0,,,,0.80971664,0.0,0.0,0.0,0.0
2,2,3,0,,,,1.0491667,0.0,0.0,0.0,0.0
2,3,3,0,,,,0.7607,0.0,0.0,0.0,0.0
2,4,3,0,,,,1.0796833,0.0,0.0,0.0,0.0
2,5,3,0,,,,1.1279833,0.0,0.0,0.0,0.0
2,6,3,0,,,,0.7599,0.0,0.0,0.0,0.0
2,7,3,0,,,,0.89575,0.0,0.0,0.0,0.0
2,8,3,0,,,,1.5077833,0.0,0.0,0.0,0.0
2,9,3,0,,,,0.40731665,0.0,0.0,0.0,93.86
2,10,3,0,,,,0.40901667,0.0,0.0,0.0,523.37
2,11,3,0,,,,0.42206666,0.0,0.0,0.0,670.68
2,12,3,0,,,,0.41061667,0.0,0.0,0.0,678.76
2,13,3,0,,,,0.468,0.0,0.0,0.0,810.42
2,14,3,0,,,,0.64745,0.0,0.0,0.0,672.87
2,15,3,0,,,,0.64485,0.0,0.0,0.0,452.9
2,16,3,0,,,,0.6228167,0.0,0.0,0.0,302.71
2,17,3,0,,,,0.70196664,0.0,0.0,0.0,225.98
2,18,3,0,,,,1.1235,0.0,0.0,0.0,0.0
2,19,3,0,,,,3.6875,0.0,0.0,0.0,0.0
2,20,3,0,,,,3.0670166,0.0,0.0,0.0,0.0
2,21,3,0,,,,3.7311332,0.0,0.0,0.0,0.0
2,22,3,0,,,,1.2526166,0.0,0.0,0.0,0.0
2,23,3,0,,,,1.2734166,0.0,0.0,0.0,0.0
2,24,3,0,,,,1.5879084,0.0,0.0,0.0,0.0
2,1,4,0,,,,1.4985167,0.0,0.0,0.0,0.0
2,2,4,0,,,,1.1336,0.0,0.0,0.0,0.0
2,3,4,0,,,,1.2307,0.0,0.0,0.0,0.0
2,4,4,0,,,,1.5716333,0.0,0.0,0.0,0.0
2,5,4,0,,,,1.6591333,0.0,0.0,0.0,0.0
2,6,4,0,,,,1.9406166,0.0,0.0,0.0,0.0
2,7,4,0,,,,0.95608336,0.0,0.0,0.0,0.0
2,8,4,0,,,,1.3409667,0.0,0.0,0.0,0.0
2,9,4,0,,,,0.41673332,0.0,0.0,0.0,87.28
2,10,4,0,,,,0.425,0.0,0.0,0.0,517.3
2,11,4,0,,,,0.43296668,0.0,0.0,0.0,699.71
2,12,4,0,,,,0.43666667,0.0,0.0,0.0,807.42
2,13,4,0,,,,0.41668335,0.0,0.0,0.0,844.31
2,14,4,0,,,,0.6349667,0.0,0.0,0.0,809.3
2,15,4,0,,,,0.647,0.0,0.0,0.0,677.57
2,16,4,0,,,,0.77935,0.0,0.0,0.0,539.38
2,17,4,0,,,,2.53015,0.0,0.0,0.0,303.12
2,18,4,0,,,,1.5413458,0.0,0.0,0.0,0.0
2,19,4,0,,,,1.7468834,0.0,0.0,0.0,0.0
2,20,4,0,,,,2.0238166,0.0,0.0,0.0,0.0
2,21,4,0,,,,1.913,0.0,0.0,0.0,0.0
2,22,4,0,,,,1.3734167,0.0,0.0,0.0,0.0
2,23,4,0,,,,1.1444666,0.0,0.0,0.0,0.0
2,24,4,0,,,,0.86661667,0.0,0.0,0.0,0.0
2,1,5,0,,,,0.5299,0.0,0.0,0.0,0.0
2,2,5,0,,,,0.52925,0.0,0.0,0.0,0.0
2,3,5,0,,,,1.6117166,0.0,0.0,0.0,0.0
2,4,5,0,,,,1.1257666,0.0,0.0,0.0,0.0
2,5,5,0,,,,1.2273834,0.0,0.0,0.0,0.0
2,6,5,0,,,,1.5339667,0.0,0.0,0.0,0.0
2,7,5,0,,,,1.89435,0.0,0.0,0.0,0.0
2,8,5,0,,,,0.64813334,0.0,0.0,0.0,0.0
2,9,5,0,,,,0.42218333,0.0,0.0,0.0,114.06
2,10,5,0,,,,0.42698333,0.0,0.0,0.0,140.79
2,11,5,0,,,,0.43658334,0.0,0.0,0.0,219.92
2,12,5,0,,,,0.4357,0.0,0.0,0.0,310.68
2,13,5,0,,,,0.42333335,0.0,0.0,0.0,254.8
2,14,5,0,,,,0.42535,0.0,0.0,0.0,358.28
2,15,5,0,,,,0.59855,0.0,0.0,0.0,153.65
2,16,5,0,,,,0.65671664,0.0,0.0,0.0,93.92
2,17,5,0,,,,0.75838333,0.0,0.0,0.0,37.69
2,18,5,0,,,,0.8419,0.0,0.0,0.0,0.0
2,19,5,0,,,,0.6546417,0.0,0.0,0.0,0.0
2,20,5,0,,,,1.4979666,0.0,0.0,0.0,0.0
2,21,5,0,,,,1.7004167,0.0,0.0,0.0,0.0
2,22,5,0,,,,1.1859833,0.0,0.0,0.0,0.0
2,23,5,0,,,,0.8433167,0.0,0.0,0.0,0.0
2,24,5,0,,,,0.762575,0.0,0.0,0.0,0.0
2,1,6,0,,,,0.73843336,0.0,0.0,0.0,0.0
2,2,6,0,,,,0.7352167,0.0,0.0,0.0,0.0
2,3,6,0,,,,0.51498336,0.0,0.0,0.0,0.0
2,4,6,0,,,,0.5108,0.0,0.0,0.0,0.0
2,5,6,0,,,,0.50481665,0.0,0.0,0.0,0.0
2,6,6,0,,,,0.49753332,0.0,0.0,0.0,0.0
2,7,6,0,,,,0.50885,0.0,0.0,0.0,0.0
2,8,6,0,,,,0.5078833,0.0,0.0,0.0,0.0
2,9,6,0,,,,0.5067,0.0,0.0,0.0,148.42
2,10,6,0,,,,2.2466166,0.0,0.0,0.0,306.21
2,11,6,0,,,,2.3215,0.0,0.0,0.0,227.14
2,12,6,0,,,,1.0005667,0.0,0.0,0.0,758.14
2,13,6,0,,,,0.85728335,0.0,0.0,0.0,810.18
2,14,6,0,,,,0.880175,0.0,0.0,0.0,778.24
2,15,6,0,,,,0.70235,0.0,0.0,0.0,679.61
2,16,6,0,,,,0.68048334,0.0,0.0,0.0,527.19
2,17,6,0,,,,0.67431664,0.0,0.0,0.0,273.37
2,18,6,0,,,,1.1326166,0.0,0.0,0.0,0.0
2,19,6,0,,,,1.55165,0.0,0.0,0.0,0.0
2,20,6,0,,,,3.0278666,0.0,0.0,0.0,0.0
2,21,6,0,,,,2.7198834,0.0,0.0,0.0,0.0
2,22,6,0,,,,1.3874167,0.0,0.0,0.0,0.0
2,23,6,0,,,,2.3677666,0.0,0.0,0.0,0.0
2,24,6,0,,,,0.9542083,0.0,0.0,0.0,0.0
2,1,7,0,,,,1.78915,0.0,0.0,0.0,0.0
2,2,7,0,,,,0.5042667,0.0,0.0,0.0,0.0
2,3,7,0,,,,0.50408334,0.0,0.0,0.0,0.0
2,4,7,0,,,,0.5036167,0.0,0.0,0.0,0.0
2,5,7,0,,,,0.50371665,0.0,0.0,0.0,0.0
2,6,7,0,,,,0.5032,0.0,0.0,0.0,0.0
2,7,7,0,,,,0.44086668,0.0,0.0,0.0,0.0
2,8,7,0,,,,0.79845,0.0,0.0,0.0,0.0
2,9,7,0,,,,1.0920334,0.0,0.0,0.0,10.46
2,10,7,0,,,,1.0477333,0.0,0.0,0.0,132.93
2,11,7,0,,,,0.7923667,0.0,0.0,0.0,58.63
2,12,7,0,,,,0.56035,0.0,0.0,0.0,109.5
2,13,7,0,,,,0.4225,0.0,0.0,0.0,195.43
2,14,7,0,,,,0.5491,0.0,0.0,0.0,115.94
2,15,7,0,,,,0.6504,0.0,0.0,0.0,193.45
2,16,7,0,,,,0.65176666,0.0,0.0,0.0,45.35
2,17,7,0,,,,3.2745667,0.0,0.0,0.0,197.86
2,18,7,0,,,,2.5167832,0.0,0.0,0.0,0.0
2,19,7,0,,,,2.2480333,0.0,0.0,0.0,0.0
2,20,7,0,,,,2.1048667,0.0,0.0,0.0,0.0
2,21,7,0,,,,2.2227666,0.0,0.0,0.0,0.0
2,22,7,0,,,,1.2327833,0.0,0.0,0.0,0.0
2,23,7,0,,,,1.8551333,0.0,0.0,0.0,0.0
2,24,7,0,,,,0.91995,0.0,0.0,0.0,0.0
2,1,1,0,,,,0.59601665,0.0,0.0,0.0,0.0
2,2,1,0,,,,0.506,0.0,0.0,0.0,0.0
2,3,1,0,,,,0.50215,0.0,0.0,0.0,0.0
2,4,1,0,,,,0.50085,0.0,0.0,0.0,0.0
2,5,1,0,,,,1.5048667,0.0,0.0,0.0,0.0
2,6,1,0,,,,1.1336,0.0,0.0,0.0,0.0
2,7,1,0,,,,1.2655166,0.0,0.0,0.0,0.0
2,8,1,0,,,,1.66105,0.0,0.0,0.0,0.0
2,9,1,0,,,,0.52021664,0.0,0.0,0.0,13.2
2,10,1,0,,,,1.3119,0.0,0.0,0.0,51.24
2,11,1,0,,,,0.4097,0.0,0.0,0.0,117.33
2,12,1,0,,,,1.2622,0.0,0.0,0.0,172.23
2,13,1,0,,,,0.40738332,0.0,0.0,0.0,337.82
2,14,1,0,,,,0.9209167,0.0,0.0,0.0,591.89
2,15,1,0,,,,0.75796664,0.0,0.0,0.0,141.76
2,16,1,0,,,,2.3789,0.0,0.0,0.0,138.02
2,17,1,0,,,,2.6832166,0.0,0.0,0.0,85.18
2,18,1,0,,,,1.93555,0.0,0.0,0.0,0.0
2,19,1,0,,,,1.0971,0.0,0.0,0.0,0.0
2,20,1,0,,,,2.13345,0.0,0.0,0.0,0.0
2,21,1,0,,,,2.2991166,0.0,0.0,0.0,0.0
2,22,1,0,,,,1.2138333,0.0,0.0,0.0,0.0
2,23,1,0,,,,2.1148,0.0,0.0,0.0,0.0
2,24,1,0,,,,2.0762417,0.0,0.0,0.0,0.0
2,1,2,0,,,,0.55703336,0.0,0.0,0.0,0.0
2,2,2,0,,,,0.5096167,0.0,0.0,0.0,0.0
2,3,2,0,,,,0.50666666,0.0,0.0,0.0,0.0
2,4,2,0,,,,0.50401664,0.0,0.0,0.0,0.0
2,5,2,0,,,,0.49995,0.0,0.0,0.0,0.0
2,6,2,0,,,,0.49455,0.0,0.0,0.0,0.0
2,7,2,0,,,,0.8810167,0.0,0.0,0.0,0.0
2,8,2,0,,,,0.74001664,0.0,0.0,0.0,0.0
2,9,2,0,,,,1.6470333,0.0,0.0,0.0,148.24
2,10,2,0,,,,2.1041,0.0,0.0,0.0,400.91
2,11,2,0,,,,0.44735,0.0,0.0,0.0,579.15
2,12,2,0,,,,0.44891667,0.0,0.0,0.0,556.85
2,13,2,0,,,,0.45843333,0.0,0.0,0.0,428.18
2,14,2,0,,,,0.45195,0.0,0.0,0.0,449.93
2,15,2,0,,,,0.44905,0.0,0.0,0.0,371.83
2,16,2,0,,,,0.4414,0.0,0.0,0.0,375.77
2,17,2,0,,,,0.44395,0.0,0.0,0.0,15.91
2,18,2,0,,,,2.8274667,0.0,0.0,0.0,0.0
2,19,2,0,,,,1.557,0.0,0.0,0.0,0.0
2,20,2,0,,,,0.69476664,0.0,0.0,0.0,0.0
2,21,2,0,,,,1.1168833,0.0,0.0,0.0,0.0
2,22,2,0,,,,1.2535833,0.0,0.0,0.0,0.0
2,23,2,0,,,,0.6430445,0.0,0.0,0.0,0.0
2,24,2,0,,,,0.8464417,0.0,0.0,0.0,0.0
3,1,3,0,,,,0.93605,0.0,0.0,0.0,0.0
3,2,3,0,,,,0.6145,0.0,0.0,0.0,0.0
3,3,3,0,,,,1.4375,0.0,0.0,0.0,0.0
3,4,3,0,,,,1.4096,0.0,0.0,0.0,0.0
3,5,3,0,,,,0.4976,0.0,0.0,0.0,0.0
3,6,3,0,,,,1.5640167,0.0,0.0,0.0,0.0
3,7,3,0,,,,0.8718333,0.0,0.0,0.0,0.0
3,8,3,0,,,,0.5632333,0.0,0.0,0.0,0.02
3,9,3,0,,,,0.41578335,0.0,0.0,0.0,81.06
3,10,3,0,,,,0.43738332,0.0,0.0,0.0,99.97
3,11,3,0,,,,0.46181667,0.0,0.0,0.0,106.98
3,12,3,0,,,,0.44101667,0.0,0.0,0.0,130.39
3,13,3,0,,,,0.76963335,0.0,0.0,0.0,59.69
3,14,3,0,,,,0.81296664,0.0,0.0,0.0,50.73
3,15,3,0,,,,0.41681665,0.0,0.0,0.0,19.27
3,16,3,0,,,,0.41446668,0.0,0.0,0.0,22.93
3,17,3,0,,,,0.47041667,0.0,0.0,0.0,78.08
3,18,3,0,,,,1.5179167,0.0,0.0,0.0,0.59
3,19,3,0,,,,2.69265,0.0,0.0,0.0,0.0
3,20,3,0,,,,1.9676666,0.0,0.0,0.0,0.0
3,21,3,0,,,,1.7327666,0.0,0.0,0.0,0.0
3,22,3,0,,,,1.8804667,0.0,0.0,0.0,0.0
3,23,3,0,,,,1.6729667,0.0,0.0,0.0,0.0
3,24,3,0,,,,0.8676583,0.0,0.0,0.0,0.0
3,1,4,0,,,,0.71363336,0.0,0.0,0.0,0.0
3,2,4,0,,,,0.422325,0.0,0.0,0.0,0.0
3,3,4,0,,,,0.42076668,0.0,0.0,0.0,0.0
3,4,4,0,,,,0.41805,0.0,0.0,0.0,0.0
3,5,4,0,,,,0.41671667,0.0,0.0,0.0,0.0
3,6,4,0,,,,1.1633667,0.0,0.0,0.0,0.0
3,7,4,0,,,,0.9406,0.0,0.0,0.0,0.0
3,8,4,0,,,,0.9713167,0.0,0.0,0.0,0.42
3,9,4,0,,,,0.9548333,0.0,0.0,0.0,207.15
3,10,4,0,,,,1.2412666,0.0,0.0,0.0,448.65
3,11,4,0,,,,0.8512333,0.0,0.0,0.0,734.61
3,12,4,0,,,,0.44608334,0.0,0.0,0.0,836.84
3,13,4,0,,,,0.42666668,0.0,0.0,0.0,876.45
3,14,4,0,,,,0.42615,0.0,0.0,0.0,832.43
3,15,4,0,,,,0.4229,0.0,0.0,0.0,698.88
3,16,4,0,,,,0.41703334,0.0,0.0,0.0,558.33
3,17,4,0,,,,0.5691,0.0,0.0,0.0,312.13
3,18,4,0,,,,0.82285,0.0,0.0,0.0,4.42
3,19,4,0,,,,2.6430666,0.0,0.0,0.0,0.0
3,20,4,0,,,,1.57465,0.0,0.0,0.0,0.0
3,21,4,0,,,,2.3022332,0.0,0.0,0.0,0.0
3,22,4,0,,,,2.3235166,0.0,0.0,0.0,0.0
3,23,4,0,,,,0.91148335,0.0,0.0,0.0,0.0
3,24,4,0,,,,0.8375,0.0,0.0,0.0,0.0
3,1,5,0,,,,0.5122,0.0,0.0,0.0,0.0
3,2,5,0,,,,0.5118667,0.0,0.0,0.0,0.0
3,3,5,0,,,,0.5132333,0.0,0.0,0.0,0.0
3,4,5,0,,,,0.5103667,0.0,0.0,0.0,0.0
3,5,5,0,,,,0.5097,0.0,0.0,0.0,0.0
3,6,5,0,,,,0.68778336,0.0,0.0,0.0,0.0
3,7,5,0,,,,0.95841664,0.0,0.0,0.0,0.0
3,8,5,0,,,,0.6936833,0.0,0.0,0.0,11.0
3,9,5,0,,,,0.42523333,0.0,0.0,0.0,324.06
3,10,5,0,,,,0.43596667,0.0,0.0,0.0,547.24
3,11,5,0,,,,0.4464,0.0,0.0,0.0,700.92
3,12,5,0,,,,0.4447,0.0,0.0,0.0,792.22
3,13,5,0,,,,0.42798334,0.0,0.0,0.0,836.27
3,14,5,0,,,,0.3893,0.0,0.0,0.0,793.57
3,15,5,0,,,,0.38008332,0.0,0.0,0.0,696.29
3,16,5,0,,,,0.37685,0.0,0.0,0.0,541.16
3,17,5,0,,,,0.78821665,0.0,0.0,0.0,241.67
3,18,5,0,,,,1.21745,0.0,0.0,0.0,2.31
3,19,5,0,,,,1.4350667,0.0,0.0,0.0,0.0
3,20,5,0,,,,1.1241,0.0,0.0,0.0,0.0
3,21,5,0,,,,1.0666833,0.0,0.0,0.0,0.0
3,22,5,0,,,,0.92723334,0.0,0.0,0.0,0.0
3,23,5,0,,,,0.9263167,0.0,0.0,0.0,0.0
3,24,5,0,,,,0.884175,0.0,0.0,0.0,0.0
3,1,6,0,,,,0.6469,0.0,0.0,0.0,0.0
3,2,6,0,,,,0.52671665,0.0,0.0,0.0,0.0
3,3,6,0,,,,0.52758336,0.0,0.0,0.0,0.0
3,4,6,0,,,,0.52521664,0.0,0.0,0.0,0.0
3,5,6,0,,,,0.52275,0.0,0.0,0.0,0.0
3,6,6,0,,,,0.48961666,0.0,0.0,0.0,0.0
3,7,6,0,,,,0.5276833,0.0,0.0,0.0,0.0
3,8,6,0,,,,0.6275333,0.0,0.0,0.0,0.01
3,9,6,0,,,,0.9347,0.0,0.0,0.0,28.74
3,10,6,0,,,,1.0675334,0.0,0.0,0.0,95.14
3,11,6,0,,,,1.00595,0.0,0.0,0.0,124.62
3,12,6,0,,,,0.64185,0.0,0.0,0.0,332.14
3,13,6,0,,,,1.2505167,0.0,0.0,0.0,182.81
3,14,6,0,,,,1.3742666,0.0,0.0,0.0,191.89
3,15,6,0,,,,1.4322166,0.0,0.0,0.0,220.23
3,16,6,0,,,,0.97541666,0.0,0.0,0.0,107.01
3,17,6,0,,,,1.5306166,0.0,0.0,0.0,37.28
3,18,6,0,,,,1.6683667,0.0,0.0,0.0,5.76
3,19,6,0,,,,0.92325,0.0,0.0,0.0,0.0
3,20,6,0,,,,0.81675,0.0,0.0,0.0,0.0
3,21,6,0,,,,0.8574,0.0,0.0,0.0,0.0
3,22,6,0,,,,0.9503667,0.0,0.0,0.0,0.0
3,23,6,0,,,,0.966,0.0,0.0,0.0,0.0
3,24,6,0,,,,0.8036583,0.0,0.0,0.0,0.0
3,1,7,0,,,,0.6552333,0.0,0.0,0.0,0.0
3,2,7,0,,,,0.6663333,0.0,0.0,0.0,0.0
3,3,7,0,,,,0.6691333,0.0,0.0,0.0,0.0
3,4,7,0,,,,0.6501833,0.0,0.0,0.0,0.0
3,5,7,0,,,,0.65038335,0.0,0.0,0.0,0.0
3,6,7,0,,,,0.62406665,0.0,0.0,0.0,0.0
3,7,7,0,,,,0.8251,0.0,0.0,0.0,0.0
3,8,7,0,,,,1.4455167,0.0,0.0,0.0,3.13
3,9,7,0,,,,1.1906166,0.0,0.0,0.0,112.21
3,10,7,0,,,,1.568,0.0,0.0,0.0,373.25
3,11,7,0,,,,1.4062,0.0,0.0,0.0,83.96
3,12,7,0,,,,1.4658166,0.0,0.0,0.0,76.49
3,13,7,0,,,,3.3346,0.0,0.0,0.0,103.08
3,14,7,0,,,,2.5703833,0.0,0.0,0.0,91.28
3,15,7,0,,,,2.0501833,0.0,0.0,0.0,134.14
3,16,7,0,,,,2.268,0.0,0.0,0.0,338.44
3,17,7,0,,,,3.0985668,0.0,0.0,0.0,208.87
3,18,7,0,,,,1.7905834,0.0,0.0,0.0,4.18
3,19,7,0,,,,1.2094667,0.0,0.0,0.0,0.0
3,20,7,0,,,,1.28965,0.0,0.0,0.0,0.0
3,21,7,0,,,,1.3977333,0.0,0.0,0.0,0.0
3,22,7,0,,,,2.14235,0.0,0.0,0.0,0.0
3,23,7,0,,,,0.7492333,0.0,0.0,0.0,0.0
3,24,7,0,,,,0.5277333,0.0,0.0,0.0,0.0
3,1,1,0,,,,0.52455,0.0,0.0,0.0,0.0
3,2,1,0,,,,0.52143335,0.0,0.0,0.0,0.0
3,3,1,0,,,,0.51625,0.0,0.0,0.0,0.0
3,4,1,0,,,,1.6383333,0.0,0.0,0.0,0.0
3,5,1,0,,,,0.86153334,0.0,0.0,0.0,0.0
3,6,1,0,,,,1.58085,0.0,0.0,0.0,0.0
3,7,1,0,,,,0.9622,0.0,0.0,0.0,0.0
3,8,1,0,,,,0.68125,0.0,0.0,0.0,59.41
3,9,1,0,,,,0.42736667,0.0,0.0,0.0,319.49
3,10,1,0,,,,0.43738332,0.0,0.0,0.0,539.71
3,11,1,0,,,,0.44488335,0.0,0.0,0.0,642.37
3,12,1,0,,,,0.44355,0.0,0.0,0.0,509.59
3,13,1,0,,,,0.431,0.0,0.0,0.0,68.23
3,14,1,0,,,,0.4316,0.0,0.0,0.0,61.01
3,15,1,0,,,,0.43016666,0.0,0.0,0.0,21.1
3,16,1,0,,,,0.43286666,0.0,0.0,0.0,26.26
3,17,1,0,,,,0.81295,0.0,0.0,0.0,16.96
3,18,1,0,,,,2.4896,0.0,0.0,0.0,0.0
3,19,1,0,,,,1.9777167,0.0,0.0,0.0,0.0
3,20,1,0,,,,0.9979333,0.0,0.0,0.0,0.0
3,21,1,0,,,,1.9695333,0.0,0.0,0.0,0.0
3,22,1,0,,,,1.9102833,0.0,0.0,0.0,0.0
3,23,1,0,,,,1.5397,0.0,0.0,0.0,0.0
3,24,1,0,,,,0.9270167,0.0,0.0,0.0,0.0
3,1,2,0,,,,0.5861167,0.0,0.0,0.0,0.0
3,2,2,0,,,,0.51015,0.0,0.0,0.0,0.0
3,3,2,0,,,,0.50958335,0.0,0.0,0.0,0.0
3,4,2,0,,,,1.32256,0.0,0.0,0.0,0.0
3,5,2,0,,,,1.3196666,0.0,0.0,0.0,0.0
3,6,2,0,,,,0.75401664,0.0,0.0,0.0,0.0
3,7,2,0,,,,0.84745,0.0,0.0,0.0,0.0
3,8,2,0,,,,0.6037667,0.0,0.0,0.0,51.6
3,9,2,0,,,,0.42753333,0.0,0.0,0.0,319.27
3,10,2,0,,,,0.43956667,0.0,0.0,0.0,526.42
3,11,2,0,,,,0.44541666,0.0,0.0,0.0,559.79
3,12,2,0,,,,0.48134166,0.0,0.0,0.0,691.78
3,13,2,0,,,,0.4297,0.0,0.0,0.0,785.64
3,14,2,0,,,,0.42948332,0.0,0.0,0.0,792.01
3,15,2,0,,,,0.5240833,0.0,0.0,0.0,634.09
3,16,2,0,,,,0.54655,0.0,0.0,0.0,500.69
3,17,2,0,,,,0.6792,0.0,0.0,0.0,214.9
3,18,2,0,,,,1.12835,0.0,0.0,0.0,5.21
3,19,2,0,,,,1.3929,0.0,0.0,0.0,0.0
3,20,2,0,,,,1.3477167,0.0,0.0,0.0,0.0
3,21,2,0,,,,1.2731,0.0,0.0,0.0,0.0
3,22,2,0,,,,1.12715,0.0,0.0,0.0,0.0
3,23,2,0,,,,0.78066665,0.0,0.0,0.0,0.0
3,24,2,0,,,,0.42005,0.0,0.0,0.0,0.0
3,1,3,0,,,,0.41316667,0.0,0.0,0.0,0.0
3,2,3,0,,,,0.41316667,0.0,0.0,0.0,0.0
3,3,3,0,,,,0.41416666,0.0,0.0,0.0,0.0
3,4,3,0,,,,0.41255,0.0,0.0,0.0,0.0
3,5,3,0,,,,0.41203332,0.0,0.0,0.0,0.0
3,6,3,0,,,,0.47318333,0.0,0.0,0.0,0.0
3,7,3,0,,,,0.74835,0.0,0.0,0.0,0.0
3,8,3,0,,,,0.6724667,0.0,0.0,0.0,73.39
3,9,3,0,,,,0.32433334,0.0,0.0,0.0,61.07
3,10,3,0,,,,0.33761665,0.0,0.0,0.0,438.83
3,11,3,0,,,,0.34416667,0.0,0.0,0.0,455.06
3,12,3,0,,,,0.3327,0.0,0.0,0.0,715.88
3,13,3,0,,,,0.38821667,0.0,0.0,0.0,666.85
3,14,3,0,,,,0.43846667,0.0,0.0,0.0,686.61
3,15,3,0,,,,0.33116665,0.0,0.0,0.0,458.42
3,16,3,0,,,,0.33156666,0.0,0.0,0.0,13.43
3,17,3,0,,,,0.66048336,0.0,0.0,0.0,46.49
3,18,3,0,,,,0.61331666,0.0,0.0,0.0,5.58
3,19,3,0,,,,0.7201833,0.0,0.0,0.0,0.0
3,20,3,0,,,,0.90515,0.0,0.0,0.0,0.0
3,21,3,0,,,,2.6484168,0.0,0.0,0.0,0.0
3,22,3,0,,,,0.86965,0.0,0.0,0.0,0.0
3,23,3,0,,,,0.74215,0.0,0.0,0.0,0.0
3,24,3,0,,,,0.433075,0.0,0.0,0.0,0.0
3,1,4,0,,,,0.42855,0.0,0.0,0.0,0.0
3,2,4,0,,,,0.4264,0.0,0.0,0.0,0.0
3,3,4,0,,,,0.42656666,0.0,0.0,0.0,0.0
3,4,4,0,,,,0.42378333,0.0,0.0,0.0,0.0
3,5,4,0,,,,0.42295,0.0,0.0,0.0,0.0
3,6,4,0,,,,0.9137833,0.0,0.0,0.0,0.0
3,7,4,0,,,,1.203375,0.0,0.0,0.0,0.0
3,8,4,0,,,,0.53823334,0.0,0.0,0.0,82.2
3,9,4,0,,,,0.31846666,0.0,0.0,0.0,310.29
3,10,4,0,,,,0.32976666,0.0,0.0,0.0,534.13
3,11,4,0,,,,0.3405,0.0,0.0,0.0,686.61
3,12,4,0,,,,0.28736666,0.0,0.0,0.0,758.63
3,13,4,0,,,,0.27576667,0.0,0.0,0.0,750.57
3,14,4,0,,,,0.27595,0.0,0.0,0.0,711.4
3,15,4,0,,,,0.27526668,0.0,0.0,0.0,556.07
3,16,4,0,,,,0.3297,0.0,0.0,0.0,270.92
3,17,4,0,,,,0.63888335,0.0,0.0,0.0,84.3
3,18,4,0,,,,1.8460667,0.0,0.0,0.0,4.57
3,19,4,0,,,,2.6696334,0.0,0.0,0.0,0.0
3,20,4,0,,,,1.16565,0.0,0.0,0.0,0.0
3,21,4,0,,,,0.98931664,0.0,0.0,0.0,0.0
3,22,4,0,,,,2.4682667,0.0,0.0,0.0,0.0
3,23,4,0,,,,2.7246666,0.0,0.0,0.0,0.0
3,24,4,0,,,,0.61105835,0.0,0.0,0.0,0.0
3,1,5,0,,,,0.42555,0.0,0.0,0.0,0.0
3,2,5,0,,,,0.42188334,0.0,0.0,0.0,0.0
3,3,5,0,,,,0.42083332,0.0,0.0,0.0,0.0
3,4,5,0,,,,0.41853333,0.0,0.0,0.0,0.0
3,5,5,0,,,,0.4184,0.0,0.0,0.0,0.0
3,6,5,0,,,,0.35913333,0.0,0.0,0.0,0.0
3,7,5,0,,,,0.9788667,0.0,0.0,0.0,0.0
3,8,5,0,,,,0.5938333,0.0,0.0,0.0,0.36
3,9,5,0,,,,0.44411665,0.0,0.0,0.0,70.13
3,10,5,0,,,,0.43213335,0.0,0.0,0.0,162.36
3,11,5,0,,,,0.43631667,0.0,0.0,0.0,244.61
3,12,5,0,,,,0.39503333,0.0,0.0,0.0,75.82
3,13,5,0,,,,0.38793334,0.0,0.0,0.0,29.05
3,14,5,0,,,,0.3819,0.0,0.0,0.0,157.16
3,15,5,0,,,,0.37905,0.0,0.0,0.0,104.75
3,16,5,0,,,,0.42106667,0.0,0.0,0.0,233.25
3,17,5,0,,,,0.76645,0.0,0.0,0.0,42.08
3,18,5,0,,,,0.4592,0.0,0.0,0.0,10.79
3,19,5,0,,,,0.75906664,0.0,0.0,0.0,0.0
3,20,5,0,,,,1.1373333,0.0,0.0,0.0,0.0
3,21,5,0,,,,0.83883333,0.0,0.0,0.0,0.0
3,22,5,0,,,,0.8664333,0.0,0.0,0.0,0.0
3,23,5,0,,,,1.1078666,0.0,0.0,0.0,0.0
3,24,5,0,,,,0.7036,0.0,0.0,0.0,0.0
3,1,6,0,,,,0.6967667,0.0,0.0,0.0,0.0
3,2,6,0,,,,0.6889833,0.0,0.0,0.0,0.0
3,3,6,0,,,,0.6785167,0.0,0.0,0.0,0.0
3,4,6,0,,,,0.6745167,0.0,0.0,0.0,0.0
3,5,6,0,,,,0.6745333,0.0,0.0,0.0,0.0
3,6,6,0,,,,0.6221,0.0,0.0,0.0,0.0
3,7,6,0,,,,0.59285,0.0,0.0,0.0,0.0
3,8,6,0,,,,0.51526666,0.0,0.0,0.0,0.37
3,9,6,0,,,,0.6361,0.0,0.0,0.0,164.91
3,10,6,0,,,,3.3527834,0.0,0.0,0.0,104.45
3,11,6,0,,,,1.0922667,0.0,0.0,0.0,390.27
3,12,6,0,,,,0.81408334,0.0,0.0,0.0,288.04
3,13,6,0,,,,0.8106833,0.0,0.0,0.0,144.46
3,14,6,0,,,,0.47968334,0.0,0.0,0.0,50.51
3,15,6,0,,,,0.43185,0.0,0.0,0.0,22.62
3,16,6,0,,,,0.6063333,0.0,0.0,0.0,133.93
3,17,6,0,,,,0.61765,0.0,0.0,0.0,118.86
3,18,6,0,,,,0.5815833,0.0,0.0,0.0,74.88
3,19,6,0,,,,0.5052,0.0,0.0,0.0,0.0
3,20,6,0,,,,0.5068667,0.0,0.0,0.0,0.0
3,21,6,0,,,,0.5071167,0.0,0.0,0.0,0.0
3,22,6,0,,,,0.71095,0.0,0.0,0.0,0.0
3,23,6,0,,,,0.7564167,0.0,0.0,0.0,0.0
3,24,6,0,,,,0.48901665,0.0,0.0,0.0,0.0
3,1,7,0,,,,0.37263334,0.0,0.0,0.0,0.0
3,2,7,0,,,,0.377,0.0,0.0,0.0,0.0
3,3,7,0,,,,0.3699,0.0,0.0,0.0,0.0
3,4,7,0,,,,0.37245,0.0,0.0,0.0,0.0
3,5,7,0,,,,0.37093332,0.0,0.0,0.0,0.0
3,6,7,0,,,,0.37111667,0.0,0.0,0.0,0.0
3,7,7,0,,,,0.36486667,0.0,0.0,0.0,0.0
3,8,7,0,,,,0.3752,0.0,0.0,0.0,92.06
3,9,7,0,,,,0.37085,0.0,0.0,0.0,321.69
3,10,7,0,,,,1.5389,0.0,0.0,0.0,473.9
3,11,7,0,,,,3.9397666,0.0,0.0,0.0,438.11
3,12,7,0,,,,3.7256835,0.0,0.0,0.0,771.3
3,13,7,0,,,,1.5327667,0.0,0.0,0.0,618.14
3,14,7,0,,,,2.77785,0.0,0.0,0.0,324.82
3,15,7,0,,,,0.6199167,0.0,0.0,0.0,63.51
3,16,7,0,,,,0.6164167,0.0,0.0,0.0,36.75
3,17,7,0,,,,2.1186,0.0,0.0,0.0,41.64
3,18,7,0,,,,0.78676665,0.0,0.0,0.0,50.79
3,19,7,0,,,,2.8687167,0.0,0.0,0.0,0.0
3,20,7,0,,,,1.2961667,0.0,0.0,0.0,0.0
3,21,7,0,,,,1.37835,0.0,0.0,0.0,0.0
3,22,7,0,,,,1.2853,0.0,0.0,0.0,0.0
3,23,7,0,,,,3.3358834,0.0,0.0,0.0,0.0
3,24,7,0,,,,0.60560834,0.0,0.0,0.0,0.0
3,1,1,0,,,,0.54698336,0.0,0.0,0.0,0.0
3,2,1,0,,,,0.54605,0.0,0.0,0.0,0.0
3,3,1,0,,,,0.5372,0.0,0.0,0.0,0.0
3,4,1,0,,,,0.5374333,0.0,0.0,0.0,0.0
3,5,1,0,,,,0.53625,0.0,0.0,0.0,0.0
3,6,1,0,,,,0.53368336,0.0,0.0,0.0,0.0
3,7,1,0,,,,1.0293334,0.0,0.0,0.0,0.0
3,8,1,0,,,,0.7493,0.0,0.0,0.0,120.83
3,9,1,0,,,,0.44685,0.0,0.0,0.0,370.18
3,10,1,0,,,,0.45038334,0.0,0.0,0.0,600.81
3,11,1,0,,,,0.46005,0.0,0.0,0.0,755.29
3,12,1,0,,,,0.46691668,0.0,0.0,0.0,845.43
3,13,1,0,,,,1.5061166,0.0,0.0,0.0,874.92
3,14,1,0,,,,1.0341834,0.0,0.0,0.0,836.48
3,15,1,0,,,,1.9732833,0.0,0.0,0.0,732.91
3,16,1,0,,,,3.66685,0.0,0.0,0.0,569.2
3,17,1,0,,,,2.0088665,0.0,0.0,0.0,347.11
3,18,1,0,,,,1.4827833,0.0,0.0,0.0,94.98
3,19,1,0,,,,1.4287167,0.0,0.0,0.0,0.0
3,20,1,0,,,,1.0908,0.0,0.0,0.0,0.0
3,21,1,0,,,,1.8524333,0.0,0.0,0.0,0.0
3,22,1,0,,,,1.2121167,0.0,0.0,0.0,0.0
3,23,1,0,,,,0.88168335,0.0,0.0,0.0,0.0
3,24,1,0,,,,0.469125,0.0,0.0,0.0,0.0
3,1,2,0,,,,0.46381667,0.0,0.0,0.0,0.0
3,2,2,0,,,,0.46721667,0.0,0.0,0.0,0.0
3,3,2,0,,,,0.45765,0.0,0.0,0.0,0.0
3,4,2,0,,,,0.45938334,0.0,0.0,0.0,0.0
3,5,2,0,,,,0.49596667,0.0,0.0,0.0,0.0
3,6,2,0,,,,0.8977,0.0,0.0,0.0,0.0
3,7,2,0,,,,0.94766665,0.0,0.0,0.0,0.0
3,8,2,0,,,,0.48833334,0.0,0.0,0.0,0.0
3,9,2,0,,,,0.41186666,0.0,0.0,0.0,65.71
3,10,2,0,,,,0.41198334,0.0,0.0,0.0,139.98
3,11,2,0,,,,0.84925,0.0,0.0,0.0,325.2
3,12,2,0,,,,0.98365,0.0,0.0,0.0,403.79
3,13,2,0,,,,0.9837,0.0,0.0,0.0,413.15
3,14,2,0,,,,1.6119334,0.0,0.0,0.0,324.67
3,15,2,0,,,,1.2777667,0.0,0.0,0.0,286.75
3,16,2,0,,,,1.8064834,0.0,0.0,0.0,0.0
3,17,2,0,,,,1.2746167,0.0,0.0,0.0,149.48
3,18,2,0,,,,1.4225334,0.0,0.0,0.0,82.5
3,19,2,0,,,,1.6107,0.0,0.0,0.0,0.0
3,20,2,0,,,,1.7291666,0.0,0.0,0.0,0.0
3,21,2,0,,,,0.8502833,0.0,0.0,0.0,0.0
3,22,2,0,,,,1.1809666,0.0,0.0,0.0,0.0
3,23,2,0,,,,1.0373833,0.0,0.0,0.0,0.0
3,24,2,0,,,,0.727625,0.0,0.0,0.0,0.0
3,1,3,0,,,,0.46495,0.0,0.0,0.0,0.0
3,2,3,0,,,,0.46833333,0.0,0.0,0.0,0.0
3,3,3,0,,,,0.46198332,0.0,0.0,0.0,0.0
3,4,3,0,,,,0.46016666,0.0,0.0,0.0,0.0
3,5,3,0,,,,0.61365,0.0,0.0,0.0,0.0
3,6,3,0,,,,0.9687,0.0,0.0,0.0,0.0
3,7,3,0,,,,1.0535,0.0,0.0,0.0,0.0
3,8,3,0,,,,0.47926667,0.0,0.0,0.0,59.64
3,9,3,0,,,,0.4175,0.0,0.0,0.0,301.36
3,10,3,0,,,,0.41823334,0.0,0.0,0.0,556.67
3,11,3,0,,,,0.41736665,0.0,0.0,0.0,719.16
3,12,3,0,,,,0.41086668,0.0,0.0,0.0,807.63
3,13,3,0,,,,1.44735,0.0,0.0,0.0,843.7
3,14,3,0,,,,1.00965,0.0,0.0,0.0,728.96
3,15,3,0,,,,2.1142666,0.0,0.0,0.0,554.95
3,16,3,0,,,,1.5052,0.0,0.0,0.0,466.39
3,17,3,0,,,,1.1490166,0.0,0.0,0.0,338.53
3,18,3,0,,,,1.1580334,0.0,0.0,0.0,65.29
3,19,3,0,,,,0.95385,0.0,0.0,0.0,0.0
3,20,3,0,,,,0.93055,0.0,0.0,0.0,0.0
3,21,3,0,,,,1.6911833,0.0,0.0,0.0,0.0
3,22,3,0,,,,1.4303666,0.0,0.0,0.0,0.0
3,23,3,0,,,,1.0983334,0.0,0.0,0.0,0.0
3,24,3,0,,,,0.6908917,0.0,0.0,0.0,0.0
3,1,4,0,,,,0.49238333,0.0,0.0,0.0,0.0
3,2,4,0,,,,0.5091,0.0,0.0,0.0,0.0
3,3,4,0,,,,0.5042,0.0,0.0,0.0,0.0
3,4,4,0,,,,0.50355,0.0,0.0,0.0,0.0
3,5,4,0,,,,0.5010167,0.0,0.0,0.0,0.0
3,6,4,0,,,,0.71028334,0.0,0.0,0.0,0.0
3,7,4,0,,,,1.0827167,0.0,0.0,0.0,0.0
3,8,4,0,,,,1.0108666,0.0,0.0,0.0,1.21
3,9,4,0,,,,2.4958,0.0,0.0,0.0,41.29
3,10,4,0,,,,3.9059,0.0,0.0,0.0,36.36
3,11,4,0,,,,0.38441667,0.0,0.0,0.0,70.21
3,12,4,0,,,,0.29815,0.0,0.0,0.0,69.28
3,13,4,0,,,,0.2774,0.0,0.0,0.0,74.64
3,14,4,0,,,,0.27626666,0.0,0.0,0.0,58.73
3,15,4,0,,,,0.27435,0.0,0.0,0.0,149.24
3,16,4,0,,,,0.27438334,0.0,0.0,0.0,273.81
3,17,4,0,,,,0.27231666,0.0,0.0,0.0,110.31
3,18,4,0,,,,0.48525,0.0,0.0,0.0,65.9
3,19,4,0,,,,0.8588333,0.0,0.0,0.0,0.0
3,20,4,0,,,,1.3182833,0.0,0.0,0.0,0.0
3,21,4,0,,,,1.3968,0.0,0.0,0.0,0.0
3,22,4,0,,,,1.0127167,0.0,0.0,0.0,0.0
3,23,4,0,,,,0.6619833,0.0,0.0,0.0,0.0
3,24,4,0,,,,0.4086,0.0,0.0,0.0,0.0
3,1,5,0,,,,0.4086,0.0,0.0,0.0,0.0
3,2,5,0,,,,0.40906668,0.0,0.0,0.0,0.0
3,3,5,0,,,,0.40636668,0.0,0.0,0.0,0.0
3,4,5,0,,,,0.4045,0.0,0.0,0.0,0.0
3,5,5,0,,,,0.40493333,0.0,0.0,0.0,0.0
3,6,5,0,,,,0.9101167,0.0,0.0,0.0,0.0
3,7,5,0,,,,0.94748336,0.0,0.0,0.0,0.0
3,8,5,0,,,,0.46138334,0.0,0.0,0.0,27.15
3,9,5,0,,,,0.32483333,0.0,0.0,0.0,46.64
3,10,5,0,,,,0.32525,0.0,0.0,0.0,137.23
3,11,5,0,,,,0.33495,0.0,0.0,0.0,365.47
3,12,5,0,,,,0.33956668,0.0,0.0,0.0,208.97
3,13,5,0,,,,0.296,0.0,0.0,0.0,605.51
3,14,5,0,,,,0.28448334,0.0,0.0,0.0,821.73
3,15,5,0,,,,0.28236666,0.0,0.0,0.0,700.53
3,16,5,0,,,,0.4847,0.0,0.0,0.0,555.64
3,17,5,0,,,,3.6805832,0.0,0.0,0.0,331.38
3,18,5,0,,,,1.4962667,0.0,0.0,0.0,75.66
3,19,5,0,,,,0.83311665,0.0,0.0,0.0,0.0
3,20,5,0,,,,0.31655,0.0,0.0,0.0,0.0
3,21,5,0,,,,0.6117833,0.0,0.0,0.0,0.0
3,22,5,0,,,,0.5047,0.0,0.0,0.0,0.0
3,23,5,0,,,,0.5436,0.0,0.0,0.0,0.0
3,24,5,0,,,,0.46368334,0.0,0.0,0.0,0.0
3,1,6,0,,,,0.36546665,0.0,0.0,0.0,0.0
3,2,6,0,,,,0.32073334,0.0,0.0,0.0,0.0
3,3,6,0,,,,0.31665,0.0,0.0,0.0,0.0
3,4,6,0,,,,0.31348333,0.0,0.0,0.0,0.0
3,5,6,0,,,,0.31306666,0.0,0.0,0.0,0.0
3,6,6,0,,,,1.2384666,0.0,0.0,0.0,0.0
3,7,6,0,,,,2.1627166,0.0,0.0,0.0,0.0
3,8,6,0,,,,1.5013666,0.0,0.0,0.0,94.33
3,9,6,0,,,,0.631,0.0,0.0,0.0,344.44
3,10,6,0,,,,0.7750667,0.0,0.0,0.0,574.24
3,11,6,0,,,,0.57961667,0.0,0.0,0.0,727.38
3,12,6,0,,,,0.95346665,0.0,0.0,0.0,823.42
3,13,6,0,,,,0.69595,0.0,0.0,0.0,830.76
3,14,6,0,,,,2.7782667,0.0,0.0,0.0,810.8
3,15,6,0,,,,1.3431833,0.0,0.0,0.0,709.5
3,16,6,0,,,,0.50853336,0.0,0.0,0.0,300.96
3,17,6,0,,,,0.46843332,0.0,0.0,0.0,168.81
3,18,6,0,,,,0.85366666,0.0,0.0,0.0,16.79
3,19,6,0,,,,1.1611,0.0,0.0,0.0,0.0
3,20,6,0,,,,1.0329666,0.0,0.0,0.0,0.0
3,21,6,0,,,,0.8026,0.0,0.0,0.0,0.0
3,22,6,0,,,,0.76891667,0.0,0.0,0.0,0.0
3,23,6,0,,,,0.7432167,0.0,0.0,0.0,0.0
3,24,6,0,,,,0.76715,0.0,0.0,0.0,0.0
3,1,7,0,,,,1.42745,0.0,0.0,0.0,0.0
3,2,7,0,,,,0.39406666,0.0,0.0,0.0,0.0
3,3,7,0,,,,0.40231666,0.0,0.0,0.0,0.0
3,4,7,0,,,,0.40296668,0.0,0.0,0.0,0.0
3,5,7,0,,,,0.40123335,0.0,0.0,0.0,0.0
3,6,7,0,,,,0.40338334,0.0,0.0,0.0,0.0
3,7,7,0,,,,0.39733332,0.0,0.0,0.0,0.0
3,8,7,0,,,,0.40605,0.0,0.0,0.0,62.58
3,9,7,0,,,,0.40238333,0.0,0.0,0.0,46.93
3,10,7,0,,,,0.59655,0.0,0.0,0.0,87.57
3,11,7,0,,,,0.86205,0.0,0.0,0.0,182.95
3,12,7,0,,,,1.9968667,0.0,0.0,0.0,99.77
3,13,7,0,,,,1.6415,0.0,0.0,0.0,32.48
3,14,7,0,,,,3.1924667,0.0,0.0,0.0,68.84
3,15,7,0,,,,3.6352832,0.0,0.0,0.0,82.2
3,16,7,0,,,,2.128,0.0,0.0,0.0,50.59
3,17,7,0,,,,0.97636664,0.0,0.0,0.0,51.4
3,18,7,0,,,,1.9489666,0.0,0.0,0.0,39.14
3,19,7,0,,,,1.76565,0.0,0.0,0.0,0.0
3,20,7,0,,,,1.0827167,0.0,0.0,0.0,0.0
3,21,7,0,,,,1.2062,0.0,0.0,0.0,0.0
3,22,7,0,,,,2.8284,0.0,0.0,0.0,0.0
3,23,7,0,,,,1.1697834,0.0,0.0,0.0,0.0
3,24,7,0,,,,0.9562333,0.0,0.0,0.0,0.0
3,1,1,0,,,,0.64231664,0.0,0.0,0.0,0.0
3,2,1,0,,,,0.64203334,0.0,0.0,0.0,0.0
3,3,1,0,,,,0.4703,0.0,0.0,0.0,0.0
3,4,1,0,,,,0.40596667,0.0,0.0,0.0,0.0
3,5,1,0,,,,0.40466666,0.0,0.0,0.0,0.0
3,6,1,0,,,,0.40196666,0.0,0.0,0.0,0.0
3,7,1,0,,,,0.32316667,0.0,0.0,0.0,0.0
3,8,1,0,,,,0.48408332,0.0,0.0,0.0,7.11
3,9,1,0,,,,0.9590333,0.0,0.0,0.0,85.39
3,10,1,0,,,,0.55043334,0.0,0.0,0.0,125.9
3,11,1,0,,,,0.5581667,0.0,0.0,0.0,325.53
3,12,1,0,,,,0.5696,0.0,0.0,0.0,476.18
3,13,1,0,,,,0.5651111,0.0,0.0,0.0,293.55
3,14,1,0,,,,0.5606,0.0,0.0,0.0,270.68
3,15,1,0,,,,0.59105,0.0,0.0,0.0,148.35
3,16,1,0,,,,0.58493334,0.0,0.0,0.0,208.55
3,17,1,0,,,,0.95853335,0.0,0.0,0.0,133.82
3,18,1,0,,,,1.0235333,0.0,0.0,0.0,7.54
3,19,1,0,,,,1.1213666,0.0,0.0,0.0,0.0
3,20,1,0,,,,0.87511665,0.0,0.0,0.0,0.0
3,21,1,0,,,,0.9500333,0.0,0.0,0.0,0.0
3,22,1,0,,,,1.1587334,0.0,0.0,0.0,0.0
3,23,1,0,,,,0.85085833,0.0,0.0,0.0,0.0
3,24,1,0,,,,0.61261666,0.0,0.0,0.0,0.0
3,1,2,0,,,,0.42038333,0.0,0.0,0.0,0.0
3,2,2,0,,,,0.40256667,0.0,0.0,0.0,0.0
3,3,2,0,,,,0.38583332,0.0,0.0,0.0,0.0
3,4,2,0,,,,0.38271666,0.0,0.0,0.0,0.0
3,5,2,0,,,,0.38105,0.0,0.0,0.0,0.0
3,6,2,0,,,,0.40230834,0.0,0.0,0.0,0.0
3,7,2,0,,,,0.5226667,0.0,0.0,0.0,0.0
3,8,2,0,,,,0.68593335,0.0,0.0,0.0,83.91
3,9,2,0,,,,0.39111668,0.0,0.0,0.0,89.97
3,10,2,0,,,,0.5244833,0.0,0.0,0.0,103.2
3,11,2,0,,,,0.6106833,0.0,0.0,0.0,71.02
3,12,2,0,,,,0.52381665,0.0,0.0,0.0,157.94
3,13,2,0,,,,0.62831664,0.0,0.0,0.0,201.15
3,14,2,0,,,,0.80003333,0.0,0.0,0.0,210.18
3,15,2,0,,,,0.4376,0.0,0.0,0.0,94.8
3,16,2,0,,,,0.36886665,0.0,0.0,0.0,284.11
3,17,2,0,,,,0.3213,0.0,0.0,0.0,197.82
3,18,2,0,,,,0.54788333,0.0,0.0,0.0,70.93
3,19,2,0,,,,0.67726666,0.0,0.0,0.0,0.0
3,20,2,0,,,,0.95573336,0.0,0.0,0.0,0.0
3,21,2,0,,,,2.06665,0.0,0.0,0.0,0.0
3,22,2,0,,,,2.4696,0.0,0.0,0.0,0.0
3,23,2,0,,,,1.04165,0.0,0.0,0.0,0.0
3,24,2,0,,,,0.6730667,0.0,0.0,0.0,0.0
3,1,3,0,,,,0.59611666,0.0,0.0,0.0,0.0
3,2,3,0,,,,0.39286667,0.0,0.0,0.0,0.0
3,3,3,0,,,,0.38166666,0.0,0.0,0.0,0.0
3,4,3,0,,,,0.3773,0.0,0.0,0.0,0.0
3,5,3,0,,,,0.37616667,0.0,0.0,0.0,0.0
3,6,3,0,,,,0.46365,0.0,0.0,0.0,0.0
3,7,3,0,,,,0.7244667,0.0,0.0,0.0,0.0
3,8,3,0,,,,0.5773,0.0,0.0,0.0,4.73
3,9,3,0,,,,0.70708334,0.0,0.0,0.0,26.27
3,10,3,0,,,,1.2297,0.0,0.0,0.0,261.55
3,11,3,0,,,,0.30063334,0.0,0.0,0.0,148.65
3,12,3,0,,,,0.30066666,0.0,0.0,0.0,127.84
3,13,3,0,,,,0.29201666,0.0,0.0,0.0,328.34
3,14,3,0,,,,0.29098332,0.0,0.0,0.0,110.98
3,15,3,0,,,,0.30725,0.0,0.0,0.0,26.39
3,16,3,0,,,,0.34101668,0.0,0.0,0.0,75.87
3,17,3,0,,,,0.57926667,0.0,0.0,0.0,324.47
3,18,3,0,,,,0.8458167,0.0,0.0,0.0,96.14
3,19,3,0,,,,1.5707333,0.0,0.0,0.0,0.0
3,20,3,0,,,,1.1561834,0.0,0.0,0.0,0.0
3,21,3,0,,,,2.8278,0.0,0.0,0.0,0.0
3,22,3,0,,,,0.6282833,0.0,0.0,0.0,0.0
3,23,3,0,,,,0.57875,0.0,0.0,0.0,0.0
3,24,3,0,,,,0.696825,0.0,0.0,0.0,0.0
3,1,4,0,,,,0.76413333,0.0,0.0,0.0,0.0
3,2,4,0,,,,0.80015,0.0,0.0,0.0,0.0
3,3,4,0,,,,0.59706664,0.0,0.0,0.0,0.0
3,4,4,0,,,,0.37171668,0.0,0.0,0.0,0.0
3,5,4,0,,,,0.36805,0.0,0.0,0.0,0.0
3,6,4,0,,,,0.36273333,0.0,0.0,0.0,0.0
3,7,4,0,,,,0.36045,0.0,0.0,0.0,0.0
3,8,4,0,,,,0.36751667,0.0,0.0,0.0,166.12
3,9,4,0,,,,0.3761,0.0,0.0,0.0,421.4
3,10,4,0,,,,0.54861665,0.0,0.0,0.0,630.8
3,11,4,0,,,,0.8301167,0.0,0.0,0.0,774.1
3,12,4,0,,,,1.0573,0.0,0.0,0.0,637.62
3,13,4,0,,,,1.0136167,0.0,0.0,0.0,219.67
3,14,4,0,,,,0.6407667,0.0,0.0,0.0,732.8
3,15,4,0,,,,0.6236167,0.0,0.0,0.0,406.29
3,16,4,0,,,,2.22895,0.0,0.0,0.0,135.06
3,17,4,0,,,,0.52536666,0.0,0.0,0.0,182.11
3,18,4,0,,,,0.36878332,0.0,0.0,0.0,104.71
3,19,4,0,,,,0.6561,0.0,0.0,0.0,0.0
3,20,4,0,,,,0.81486666,0.0,0.0,0.0,0.0
3,21,4,0,,,,0.81301665,0.0,0.0,0.0,0.0
3,22,4,0,,,,0.56165,0.0,0.0,0.0,0.0
3,23,4,0,,,,0.4194,0.0,0.0,0.0,0.0
3,24,4,0,,,,0.39398333,0.0,0.0,0.0,0.0
3,1,5,0,,,,0.33361667,0.0,0.0,0.0,0.0
3,2,5,0,,,,0.33338332,0.0,0.0,0.0,0.0
3,3,5,0,,,,0.33046666,0.0,0.0,0.0,0.0
3,4,5,0,,,,0.3384,0.0,0.0,0.0,0.0
3,5,5,0,,,,1.0787333,0.0,0.0,0.0,0.0
3,6,5,0,,,,3.4306166,0.0,0.0,0.0,0.0
3,7,5,0,,,,4.5245667,0.0,0.0,0.0,0.0
3,8,5,0,,,,3.2474833,0.0,0.0,0.0,3.74
3,9,5,0,,,,2.3820834,0.0,0.0,0.0,17.85
3,10,5,0,,,,0.7797167,0.0,0.0,0.0,50.96
3,11,5,0,,,,1.9302666,0.0,0.0,0.0,92.48
3,12,5,0,,,,0.55981666,0.0,0.0,0.0,91.96
3,13,5,0,,,,0.48613334,0.0,0.0,0.0,181.59
3,14,5,0,,,,0.48606667,0.0,0.0,0.0,132.4
3,15,5,0,,,,0.48313335,0.0,0.0,0.0,737.94
3,16,5,0,,,,0.5811667,0.0,0.0,0.0,570.63
3,17,5,0,,,,0.88881665,0.0,0.0,0.0,313.32
3,18,5,0,,,,0.8667667,0.0,0.0,0.0,107.25
3,19,5,0,,,,0.93275,0.0,0.0,0.0,0.0
3,20,5,0,,,,1.3161167,0.0,0.0,0.0,0.0
3,21,5,0,,,,0.42015,0.0,0.0,0.0,0.0
3,22,5,0,,,,0.41923332,0.0,0.0,0.0,0.0
3,23,5,0,,,,0.42061666,0.0,0.0,0.0,0.0
3,24,5,0,,,,0.434475,0.0,0.0,0.0,0.0
3,1,6,0,,,,0.43636668,0.0,0.0,0.0,0.0
3,2,6,0,,,,0.43585,0.0,0.0,0.0,0.0
3,3,6,0,,,,0.46058333,0.0,0.0,0.0,0.0
3,4,6,0,,,,0.7568333,0.0,0.0,0.0,0.0
3,5,6,0,,,,0.43446666,0.0,0.0,0.0,0.0
3,6,6,0,,,,0.44791666,0.0,0.0,0.0,0.0
3,7,6,0,,,,0.4172,0.0,0.0,0.0,0.0
3,8,6,0,,,,0.41978332,0.0,0.0,0.0,85.41
3,9,6,0,,,,0.41988334,0.0,0.0,0.0,220.02
3,10,6,0,,,,0.43845,0.0,0.0,0.0,312.06
3,11,6,0,,,,0.36163333,0.0,0.0,0.0,468.36
3,12,6,0,,,,0.36096665,0.0,0.0,0.0,486.3
3,13,6,0,,,,0.5537,0.0,0.0,0.0,404.68
3,14,6,0,,,,0.5525,0.0,0.0,0.0,358.51
3,15,6,0,,,,0.5606667,0.0,0.0,0.0,255.87
3,16,6,0,,,,0.67015,0.0,0.0,0.0,117.77
3,17,6,0,,,,1.29215,0.0,0.0,0.0,162.89
3,18,6,0,,,,2.0438166,0.0,0.0,0.0,74.23
3,19,6,0,,,,2.11065,0.0,0.0,0.0,0.0
3,20,6,0,,,,1.1226166,0.0,0.0,0.0,0.0
3,21,6,0,,,,0.7535667,0.0,0.0,0.0,0.0
3,22,6,0,,,,0.7090333,0.0,0.0,0.0,0.0
3,23,6,0,,,,0.8785167,0.0,0.0,0.0,0.0
3,24,6,0,,,,1.2925583,0.0,0.0,0.0,0.0
3,1,7,0,,,,1.4080334,0.0,0.0,0.0,0.0
3,2,7,0,,,,0.75365,0.0,0.0,0.0,0.0
3,3,7,0,,,,0.74661666,0.0,0.0,0.0,0.0
3,4,7,0,,,,0.4785,0.0,0.0,0.0,0.0
3,5,7,0,,,,0.3942,0.0,0.0,0.0,0.0
3,6,7,0,,,,0.39548334,0.0,0.0,0.0,0.0
3,7,7,0,,,,0.38921666,0.0,0.0,0.0,0.0
3,8,7,0,,,,0.39548334,0.0,0.0,0.0,15.22
3,9,7,0,,,,0.3981,0.0,0.0,0.0,28.93
3,10,7,0,,,,0.40876666,0.0,0.0,0.0,169.0
3,11,7,0,,,,0.8994333,0.0,0.0,0.0,261.96
3,12,7,0,,,,0.96606666,0.0,0.0,0.0,811.86
3,13,7,0,,,,0.6454833,0.0,0.0,0.0,417.41
3,14,7,0,,,,0.3307,0.0,0.0,0.0,347.8
3,15,7,0,,,,0.69523335,0.0,0.0,0.0,28.12
3,16,7,0,,,,1.1903,0.0,0.0,0.0,72.25
3,17,7,0,,,,1.7294834,0.0,0.0,0.0,50.64
3,18,7,0,,,,1.2253667,0.0,0.0,0.0,33.4
3,19,7,0,,,,1.2167833,0.0,0.0,0.0,0.0
3,20,7,0,,,,1.2737,0.0,0.0,0.0,0.0
3,21,7,0,,,,1.4567333,0.0,0.0,0.0,0.0
3,22,7,0,,,,1.0243833,0.0,0.0,0.0,0.0
3,23,7,0,,,,0.7729333,0.0,0.0,0.0,0.0
3,24,7,0,,,,0.7310917,0.0,0.0,0.0,0.0
3,1,1,0,,,,0.81166667,0.0,0.0,0.0,0.0
3,2,1,0,,,,0.5484667,0.0,0.0,0.0,0.0
3,3,1,0,,,,0.3979,0.0,0.0,0.0,0.0
3,4,1,0,,,,0.39831668,0.0,0.0,0.0,0.0
3,5,1,0,,,,0.39758334,0.0,0.0,0.0,0.0
3,6,1,0,,,,0.7072,0.0,0.0,0.0,0.0
3,7,1,0,,,,0.7035,0.0,0.0,0.0,0.0
3,8,1,0,,,,0.6741,0.0,0.0,0.0,10.48
3,9,1,0,,,,0.31771666,0.0,0.0,0.0,115.54
3,10,1,0,,,,0.31541666,0.0,0.0,0.0,124.41
3,11,1,0,,,,0.32843333,0.0,0.0,0.0,140.1
3,12,1,0,,,,0.33738333,0.0,0.0,0.0,154.85
3,13,1,0,,,,0.32435,0.0,0.0,0.0,90.7
3,14,1,0,,,,0.32103333,0.0,0.0,0.0,144.67
3,15,1,0,,,,0.541,0.0,0.0,0.0,29.4
3,16,1,0,,,,0.43935,0.0,0.0,0.0,21.33
3,17,1,0,,,,0.47825,0.0,0.0,0.0,122.75
3,18,1,0,,,,0.67586666,0.0,0.0,0.0,7.79
3,19,1,0,,,,0.7916333,0.0,0.0,0.0,0.0
3,20,1,0,,,,1.0925666,0.0,0.0,0.0,0.0
3,21,1,0,,,,1.2971667,0.0,0.0,0.0,0.0
3,22,1,0,,,,1.0844166,0.0,0.0,0.0,0.0
3,23,1,0,,,,0.74698335,0.0,0.0,0.0,0.0
3,24,1,0,,,,0.671075,0.0,0.0,0.0,0.0
3,1,2,0,,,,0.41095,0.0,0.0,0.0,0.0
3,2,2,0,,,,0.41163334,0.0,0.0,0.0,0.0
3,3,2,0,,,,0.40226668,0.0,0.0,0.0,0.0
3,4,2,0,,,,0.4015,0.0,0.0,0.0,0.0
3,5,2,0,,,,0.39955,0.0,0.0,0.0,0.0
3,6,2,0,,,,0.93331665,0.0,0.0,0.0,0.0
3,7,2,0,,,,0.74906665,0.0,0.0,0.0,1.27
3,8,2,0,,,,0.74696666,0.0,0.0,0.0,181.33
3,9,2,0,,,,0.51703334,0.0,0.0,0.0,437.63
3,10,2,0,,,,0.31991667,0.0,0.0,0.0,637.39
3,11,2,0,,,,0.328,0.0,0.0,0.0,770.27
3,12,2,0,,,,0.3193,0.0,0.0,0.0,855.97
3,13,2,0,,,,0.31725,0.0,0.0,0.0,883.24
3,14,2,0,,,,0.31813332,0.0,0.0,0.0,843.03
3,15,2,0,,,,0.4295,0.0,0.0,0.0,754.94
3,16,2,0,,,,0.31653333,0.0,0.0,0.0,597.68
3,17,2,0,,,,0.31331667,0.0,0.0,0.0,382.1
3,18,2,0,,,,0.45658332,0.0,0.0,0.0,129.21
3,19,2,0,,,,0.46585,0.0,0.0,0.0,0.0
3,20,2,0,,,,0.7026167,0.0,0.0,0.0,0.0
3,21,2,0,,,,1.3190833,0.0,0.0,0.0,0.0
3,22,2,0,,,,1.53975,0.0,0.0,0.0,0.0
3,23,2,0,,,,1.1345167,0.0,0.0,0.0,0.0
3,24,2,0,,,,1.1798667,0.0,0.0,0.0,0.0
3,1,3,0,,,,0.75528336,0.0,0.0,0.0,0.0
3,2,3,0,,,,0.60933334,0.0,0.0,0.0,0.0
3,3,3,0,,,,0.39786667,0.0,0.0,0.0,0.0
3,4,3,0,,,,0.39708334,0.0,0.0,0.0,0.0
3,5,3,0,,,,0.3961,0.0,0.0,0.0,0.0
3,6,3,0,,,,0.52133334,0.0,0.0,0.0,0.0
3,7,3,0,,,,0.7381333,0.0,0.0,0.0,3.74
3,8,3,0,,,,0.4973,0.0,0.0,0.0,169.58
3,9,3,0,,,,0.30955,0.0,0.0,0.0,182.16
3,10,3,0,,,,0.31555,0.0,0.0,0.0,267.34
3,11,3,0,,,,0.3256,0.0,0.0,0.0,332.42
3,12,3,0,,,,0.32001665,0.0,0.0,0.0,423.47
3,13,3,0,,,,0.29095,0.0,0.0,0.0,351.0
3,14,3,0,,,,0.30753332,0.0,0.0,0.0,503.4
3,15,3,0,,,,0.27205,0.0,0.0,0.0,723.41
3,16,3,0,,,,0.27138335,0.0,0.0,0.0,578.21
3,17,3,0,,,,0.27578333,0.0,0.0,0.0,347.89
3,18,3,0,,,,0.41935,0.0,0.0,0.0,80.52
3,19,3,0,,,,0.6077,0.0,0.0,0.0,0.0
3,20,3,0,,,,0.7736167,0.0,0.0,0.0,0.0
3,21,3,0,,,,0.8617333,0.0,0.0,0.0,0.0
3,22,3,0,,,,0.78538334,0.0,0.0,0.0,0.0
3,23,3,0,,,,1.8925166,0.0,0.0,0.0,0.0
3,24,3,0,,,,0.8170417,0.0,0.0,0.0,0.0
3,1,4,0,,,,0.8660833,0.0,0.0,0.0,0.0
3,2,4,0,,,,0.44506666,0.0,0.0,0.0,0.0
3,3,4,0,,,,0.41068333,0.0,0.0,0.0,0.0
3,4,4,0,,,,0.40861666,0.0,0.0,0.0,0.0
3,5,4,0,,,,0.45073333,0.0,0.0,0.0,0.0
3,6,4,0,,,,0.7888833,0.0,0.0,0.0,0.0
3,7,4,0,,,,0.77496666,0.0,0.0,0.0,0.0
3,8,4,0,,,,0.5376833,0.0,0.0,0.0,27.82
3,9,4,0,,,,1.027,0.0,0.0,0.0,113.87
3,10,4,0,,,,1.0909667,0.0,0.0,0.0,140.48
3,11,4,0,,,,0.67495,0.0,0.0,0.0,126.35
3,12,4,0,,,,0.33918333,0.0,0.0,0.0,193.94
3,13,4,0,,,,0.33025,0.0,0.0,0.0,405.62
3,14,4,0,,,,0.3302,0.0,0.0,0.0,819.78
3,15,4,0,,,,0.5969667,0.0,0.0,0.0,713.77
3,16,4,0,,,,0.44648334,0.0,0.0,0.0,564.81
3,17,4,0,,,,0.32286668,0.0,0.0,0.0,358.74
3,18,4,0,,,,0.51075,0.0,0.0,0.0,121.73
3,19,4,0,,,,0.84758335,0.0,0.0,0.0,0.0
3,20,4,0,,,,1.0248834,0.0,0.0,0.0,0.0
3,21,4,0,,,,1.2730833,0.0,0.0,0.0,0.0
3,22,4,0,,,,1.16965,0.0,0.0,0.0,0.0
3,23,4,0,,,,1.3227333,0.0,0.0,0.0,0.0
3,24,4,0,,,,1.0311084,0.0,0.0,0.0,0.0
3,1,5,0,,,,0.886825,0.0,0.0,0.0,0.0
3,2,5,0,,,,0.5334,0.0,0.0,0.0,0.0
3,3,5,0,,,,0.5244333,0.0,0.0,0.0,0.0
3,4,5,0,,,,0.5242,0.0,0.0,0.0,0.0
3,5,5,0,,,,0.52311665,0.0,0.0,0.0,0.0
3,6,5,0,,,,0.69203335,0.0,0.0,0.0,0.0
3,7,5,0,,,,0.88168335,0.0,0.0,0.0,4.84
3,8,5,0,,,,0.5286667,0.0,0.0,0.0,186.04
3,9,5,0,,,,0.4456,0.0,0.0,0.0,419.02
3,10,5,0,,,,0.45488334,0.0,0.0,0.0,606.13
3,11,5,0,,,,0.46416667,0.0,0.0,0.0,736.8
3,12,5,0,,,,0.46405,0.0,0.0,0.0,829.28
3,13,5,0,,,,0.46021667,0.0,0.0,0.0,837.0
3,14,5,0,,,,0.46035,0.0,0.0,0.0,801.03
3,15,5,0,,,,0.54455,0.0,0.0,0.0,704.46
3,16,5,0,,,,0.6303528,0.0,0.0,0.0,554.58
3,17,5,0,,,,0.6854,0.0,0.0,0.0,353.05
3,18,5,0,,,,0.68045,0.0,0.0,0.0,124.87
3,19,5,0,,,,0.77706665,0.0,0.0,0.0,0.0
3,20,5,0,,,,1.0555167,0.0,0.0,0.0,0.0
3,21,5,0,,,,1.18895,0.0,0.0,0.0,0.0
3,22,5,0,,,,1.143075,0.0,0.0,0.0,0.0
3,23,5,0,,,,0.84355,0.0,0.0,0.0,0.0
3,24,5,0,,,,0.5610667,0.0,0.0,0.0,0.0
4,1,6,0,,,,0.54261667,0.0,0.0,0.0,0.0
4,2,6,0,,,,0.539075,0.0,0.0,0.0,0.0
4,3,6,0,,,,0.52938336,0.0,0.0,0.0,0.0
4,4,6,0,,,,0.52794164,0.0,0.0,0.0,0.0
4,5,6,0,,,,0.5259333,0.0,0.0,0.0,0.0
4,6,6,0,,,,0.5229167,0.0,0.0,0.0,0.0
4,7,6,0,,,,0.5694,0.0,0.0,0.0,4.17
4,8,6,0,,,,0.8571,0.0,0.0,0.0,192.5
4,9,6,0,,,,0.6802833,0.0,0.0,0.0,439.91
4,10,6,0,,,,0.68331665,0.0,0.0,0.0,644.16
4,11,6,0,,,,0.69658333,0.0,0.0,0.0,777.71
4,12,6,0,,,,0.457525,0.0,0.0,0.0,871.08
4,13,6,0,,,,0.45478332,0.0,0.0,0.0,887.55
4,14,6,0,,,,0.51795,0.0,0.0,0.0,842.91
4,15,6,0,,,,0.56655,0.0,0.0,0.0,741.98
4,16,6,0,,,,0.9161,0.0,0.0,0.0,584.36
4,17,6,0,,,,0.9321333,0.0,0.0,0.0,367.41
4,18,6,0,,,,1.3884166,0.0,0.0,0.0,131.0
4,19,6,0,,,,1.9491833,0.0,0.0,0.0,0.0
4,20,6,0,,,,1.8358667,0.0,0.0,0.0,0.0
4,21,6,0,,,,1.9040834,0.0,0.0,0.0,0.0
4,22,6,0,,,,1.5089667,0.0,0.0,0.0,0.0
4,23,6,0,,,,1.0112667,0.0,0.0,0.0,0.0
4,24,6,0,,,,1.0444833,0.0,0.0,0.0,0.0
4,1,7,0,,,,0.5886667,0.0,0.0,0.0,0.0
4,2,7,0,,,,0.53066665,0.0,0.0,0.0,0.0
4,3,7,0,,,,0.5240667,0.0,0.0,0.0,0.0
4,4,7,0,,,,0.5245,0.0,0.0,0.0,0.0
4,5,7,0,,,,0.52433336,0.0,0.0,0.0,0.0
4,6,7,0,,,,0.5229,0.0,0.0,0.0,0.0
4,7,7,0,,,,0.61511666,0.0,0.0,0.0,9.88
4,8,7,0,,,,0.67865,0.0,0.0,0.0,210.27
4,9,7,0,,,,0.9120167,0.0,0.0,0.0,455.12
4,10,7,0,,,,1.2257333,0.0,0.0,0.0,638.11
4,11,7,0,,,,1.1234167,0.0,0.0,0.0,781.31
4,12,7,0,,,,1.10235,0.0,0.0,0.0,873.04
4,13,7,0,,,,0.7945,0.0,0.0,0.0,884.74
4,14,7,0,,,,0.40878335,0.0,0.0,0.0,839.46
4,15,7,0,,,,0.40475,0.0,0.0,0.0,742.39
4,16,7,0,,,,0.40431666,0.0,0.0,0.0,585.03
4,17,7,0,,,,0.40123335,0.0,0.0,0.0,365.68
4,18,7,0,,,,0.44623333,0.0,0.0,0.0,131.5
4,19,7,0,,,,1.20835,0.0,0.0,0.0,0.0
4,20,7,0,,,,1.5399166,0.0,0.0,0.0,0.0
4,21,7,0,,,,1.8288833,0.0,0.0,0.0,0.0
4,22,7,0,,,,1.8804166,0.0,0.0,0.0,0.0
4,23,7,0,,,,1.0647,0.0,0.0,0.0,0.0
4,24,7,0,,,,2.1508667,0.0,0.0,0.0,0.0
4,1,1,0,,,,0.53265,0.0,0.0,0.0,0.0
4,2,1,0,,,,0.5372,0.0,0.0,0.0,0.0
4,3,1,0,,,,0.5293667,0.0,0.0,0.0,0.0
4,4,1,0,,,,0.53136665,0.0,0.0,0.0,0.0
4,5,1,0,,,,0.5466,0.0,0.0,0.0,0.0
4,6,1,0,,,,0.5291167,0.0,0.0,0.0,0.0
4,7,1,0,,,,0.82196665,0.0,0.0,0.0,12.78
4,8,1,0,,,,0.84065,0.0,0.0,0.0,208.07
4,9,1,0,,,,0.44931668,0.0,0.0,0.0,442.48
4,10,1,0,,,,0.45626667,0.0,0.0,0.0,620.42
4,11,1,0,,,,0.45868334,0.0,0.0,0.0,742.71
4,12,1,0,,,,0.46563333,0.0,0.0,0.0,833.51
4,13,1,0,,,,0.4622,0.0,0.0,0.0,849.39
4,14,1,0,,,,0.46298334,0.0,0.0,0.0,808.8
4,15,1,0,,,,0.6213667,0.0,0.0,0.0,712.4
4,16,1,0,,,,0.45863333,0.0,0.0,0.0,561.64
4,17,1,0,,,,0.45675,0.0,0.0,0.0,359.42
4,18,1,0,,,,0.45653334,0.0,0.0,0.0,131.8
4,19,1,0,,,,0.9765,0.0,0.0,0.0,0.0
4,20,1,0,,,,2.3745,0.0,0.0,0.0,0.0
4,21,1,0,,,,1.0079,0.0,0.0,0.0,0.0
4,22,1,0,,,,1.1274667,0.0,0.0,0.0,0.0
4,23,1,0,,,,1.25655,0.0,0.0,0.0,0.0
4,24,1,0,,,,1.763975,0.0,0.0,0.0,0.0
4,1,2,0,,,,0.52813333,0.0,0.0,0.0,0.0
4,2,2,0,,,,0.5313333,0.0,0.0,0.0,0.0
4,3,2,0,,,,0.52225,0.0,0.0,0.0,0.0
4,4,2,0,,,,0.5230833,0.0,0.0,0.0,0.0
4,5,2,0,,,,0.5215,0.0,0.0,0.0,0.0
4,6,2,0,,,,0.90933335,0.0,0.0,0.0,0.0
4,7,2,0,,,,0.95126665,0.0,0.0,0.0,8.53
4,8,2,0,,,,0.86225,0.0,0.0,0.0,201.89
4,9,2,0,,,,0.4678,0.0,0.0,0.0,431.43
4,10,2,0,,,,0.45213333,0.0,0.0,0.0,611.36
4,11,2,0,,,,0.46175,0.0,0.0,0.0,736.57
4,12,2,0,,,,0.4625,0.0,0.0,0.0,814.35
4,13,2,0,,,,0.45355,0.0,0.0,0.0,833.98
4,14,2,0,,,,0.45371667,0.0,0.0,0.0,783.63
4,15,2,0,,,,0.561,0.0,0.0,0.0,683.48
4,16,2,0,,,,0.4049,0.0,0.0,0.0,549.85
4,17,2,0,,,,0.57496667,0.0,0.0,0.0,353.11
4,18,2,0,,,,0.6986333,0.0,0.0,0.0,132.04
4,19,2,0,,,,0.8308167,0.0,0.0,0.0,0.53
4,20,2,0,,,,1.1985834,0.0,0.0,0.0,0.0
4,21,2,0,,,,1.3551167,0.0,0.0,0.0,0.0
4,22,2,0,,,,1.5297166,0.0,0.0,0.0,0.0
4,23,2,0,,,,1.0996667,0.0,0.0,0.0,0.0
4,24,2,0,,,,2.4373,0.0,0.0,0.0,0.0
4,1,3,0,,,,0.87048334,0.0,0.0,0.0,0.0
4,2,3,0,,,,0.6293667,0.0,0.0,0.0,0.0
4,3,3,0,,,,0.44178334,0.0,0.0,0.0,0.0
4,4,3,0,,,,0.44133332,0.0,0.0,0.0,0.0
4,5,3,0,,,,0.43998334,0.0,0.0,0.0,0.0
4,6,3,0,,,,0.5546167,0.0,0.0,0.0,0.0
4,7,3,0,,,,0.82808334,0.0,0.0,0.0,9.23
4,8,3,0,,,,0.6943667,0.0,0.0,0.0,185.17
4,9,3,0,,,,0.44481668,0.0,0.0,0.0,407.68
4,10,3,0,,,,0.45205,0.0,0.0,0.0,597.59
4,11,3,0,,,,0.46316665,0.0,0.0,0.0,728.64
4,12,3,0,,,,0.4426,0.0,0.0,0.0,808.27
4,13,3,0,,,,0.42,0.0,0.0,0.0,717.05
4,14,3,0,,,,0.47803333,0.0,0.0,0.0,766.43
4,15,3,0,,,,0.40646666,0.0,0.0,0.0,706.02
4,16,3,0,,,,0.40593332,0.0,0.0,0.0,561.26
4,17,3,0,,,,0.40741667,0.0,0.0,0.0,357.43
4,18,3,0,,,,0.52005,0.0,0.0,0.0,133.53
4,19,3,0,,,,2.2850332,0.0,0.0,0.0,2.15
4,20,3,0,,,,1.91275,0.0,0.0,0.0,0.0
4,21,3,0,,,,1.8228,0.0,0.0,0.0,0.0
4,22,3,0,,,,1.3408667,0.0,0.0,0.0,0.0
4,23,3,0,,,,0.8433,0.0,0.0,0.0,0.0
4,24,3,0,,,,1.3062416,0.0,0.0,0.0,0.0
4,1,4,0,,,,2.9738667,0.0,0.0,0.0,0.0
4,2,4,0,,,,1.1715667,0.0,0.0,0.0,0.0
4,3,4,0,,,,0.42865,0.0,0.0,0.0,0.0
4,4,4,0,,,,0.42891666,0.0,0.0,0.0,0.0
4,5,4,0,,,,0.42553332,0.0,0.0,0.0,0.0
4,6,4,0,,,,0.69735,0.0,0.0,0.0,0.0
4,7,4,0,,,,0.81895,0.0,0.0,0.0,5.48
4,8,4,0,,,,0.896675,0.0,0.0,0.0,128.26
4,9,4,0,,,,0.46395,0.0,0.0,0.0,372.29
4,10,4,0,,,,0.44468334,0.0,0.0,0.0,565.2
4,11,4,0,,,,0.45266667,0.0,0.0,0.0,660.23
4,12,4,0,,,,0.45487082,0.0,0.0,0.0,776.06
4,13,4,0,,,,0.40743333,0.0,0.0,0.0,816.52
4,14,4,0,,,,0.40331668,0.0,0.0,0.0,793.55
4,15,4,0,,,,0.6516167,0.0,0.0,0.0,703.8
4,16,4,0,,,,0.50446665,0.0,0.0,0.0,546.53
4,17,4,0,,,,0.39105,0.0,0.0,0.0,353.33
4,18,4,0,,,,0.45126668,0.0,0.0,0.0,130.41
4,19,4,0,,,,0.9611167,0.0,0.0,0.0,2.14
4,20,4,0,,,,1.7686417,0.0,0.0,0.0,0.0
4,21,4,0,,,,1.6299833,0.0,0.0,0.0,0.0
4,22,4,0,,,,1.6285,0.0,0.0,0.0,0.0
4,23,4,0,,,,0.93605,0.0,0.0,0.0,0.0
4,24,4,0,,,,1.1680583,0.0,0.0,0.0,0.0
4,1,5,0,,,,3.0190666,0.0,0.0,0.0,0.0
4,2,5,0,,,,1.3341167,0.0,0.0,0.0,0.0
4,3,5,0,,,,0.5155333,0.0,0.0,0.0,0.0
4,4,5,0,,,,0.5136,0.0,0.0,0.0,0.0
4,5,5,0,,,,0.51255,0.0,0.0,0.0,0.0
4,6,5,0,,,,0.7435167,0.0,0.0,0.0,0.0
4,7,5,0,,,,0.79471666,0.0,0.0,0.0,3.68
4,8,5,0,,,,0.88493335,0.0,0.0,0.0,93.65
4,9,5,0,,,,0.43696666,0.0,0.0,0.0,399.87
4,10,5,0,,,,0.44663334,0.0,0.0,0.0,573.92
4,11,5,0,,,,0.45653334,0.0,0.0,0.0,658.89
4,12,5,0,,,,0.45833334,0.0,0.0,0.0,780.13
4,13,5,0,,,,0.42403334,0.0,0.0,0.0,806.74
4,14,5,0,,,,0.40336666,0.0,0.0,0.0,764.31
4,15,5,0,,,,0.54656667,0.0,0.0,0.0,681.19
4,16,5,0,,,,0.53835,0.0,0.0,0.0,503.3
4,17,5,0,,,,0.5521333,0.0,0.0,0.0,325.73
4,18,5,0,,,,0.63285,0.0,0.0,0.0,111.78
4,19,5,0,,,,0.9967667,0.0,0.0,0.0,0.86
4,20,5,0,,,,1.233,0.0,0.0,0.0,0.0
4,21,5,0,,,,1.3288167,0.0,0.0,0.0,0.0
4,22,5,0,,,,1.5577,0.0,0.0,0.0,0.0
4,23,5,0,,,,1.1356833,0.0,0.0,0.0,0.0
4,24,5,0,,,,0.44730833,0.0,0.0,0.0,0.0
4,1,6,0,,,,0.43553334,0.0,0.0,0.0,0.0
4,2,6,0,,,,0.4293389,0.0,0.0,0.0,0.0
4,3,6,0,,,,0.43135,0.0,0.0,0.0,0.0
4,4,6,0,,,,0.42845,0.0,0.0,0.0,0.0
4,5,6,0,,,,0.42786667,0.0,0.0,0.0,0.0
4,6,6,0,,,,0.42796665,0.0,0.0,0.0,0.0
4,7,6,0,,,,0.40976667,0.0,0.0,0.0,2.07
4,8,6,0,,,,0.65533334,0.0,0.0,0.0,155.34
4,9,6,0,,,,0.6952,0.0,0.0,0.0,193.34
4,10,6,0,,,,0.65826666,0.0,0.0,0.0,467.36
4,11,6,0,,,,0.9494333,0.0,0.0,0.0,420.91
4,12,6,0,,,,1.0542333,0.0,0.0,0.0,509.99
4,13,6,0,,,,1.0826666,0.0,0.0,0.0,786.64
4,14,6,0,,,,1.1068166,0.0,0.0,0.0,753.12
4,15,6,0,,,,0.71383333,0.0,0.0,0.0,664.97
4,16,6,0,,,,0.6659,0.0,0.0,0.0,468.13
4,17,6,0,,,,0.69276667,0.0,0.0,0.0,325.37
4,18,6,0,,,,1.0440667,0.0,0.0,0.0,98.54
4,19,6,0,,,,1.10745,0.0,0.0,0.0,1.23
4,20,6,0,,,,1.2344333,0.0,0.0,0.0,0.0
4,21,6,0,,,,1.3926333,0.0,0.0,0.0,0.0
4,22,6,0,,,,1.4288334,0.0,0.0,0.0,0.0
4,23,6,0,,,,1.7643167,0.0,0.0,0.0,0.0
4,24,6,0,,,,0.9885,0.0,0.0,0.0,0.0
4,1,7,0,,,,0.71923333,0.0,0.0,0.0,0.0
4,2,7,0,,,,0.42555,0.0,0.0,0.0,0.0
4,3,7,0,,,,0.41848335,0.0,0.0,0.0,0.0
4,4,7,0,,,,0.41753334,0.0,0.0,0.0,0.0
4,5,7,0,,,,0.4156,0.0,0.0,0.0,0.0
4,6,7,0,,,,0.4155,0.0,0.0,0.0,0.0
4,7,7,0,,,,0.41753334,0.0,0.0,0.0,0.33
4,8,7,0,,,,0.42435,0.0,0.0,0.0,18.62
4,9,7,0,,,,0.4365,0.0,0.0,0.0,19.89
4,10,7,0,,,,2.3546166,0.0,0.0,0.0,43.55
4,11,7,0,,,,1.0677834,0.0,0.0,0.0,474.4
4,12,7,0,,,,1.2287166,0.0,0.0,0.0,633.15
4,13,7,0,,,,1.5883167,0.0,0.0,0.0,650.88
4,14,7,0,,,,1.2365667,0.0,0.0,0.0,662.06
4,15,7,0,,,,1.3031833,0.0,0.0,0.0,447.49
4,16,7,0,,,,1.4513,0.0,0.0,0.0,252.81
4,17,7,0,,,,1.6636167,0.0,0.0,0.0,192.48
4,18,7,0,,,,1.6252167,0.0,0.0,0.0,73.73
4,19,7,0,,,,0.90508336,0.0,0.0,0.0,2.98
4,20,7,0,,,,0.8153667,0.0,0.0,0.0,0.0
4,21,7,0,,,,0.93011665,0.0,0.0,0.0,0.0
4,22,7,0,,,,1.1269,0.0,0.0,0.0,0.0
4,23,7,0,,,,0.90901667,0.0,0.0,0.0,0.0
4,24,7,0,,,,0.75759166,0.0,0.0,0.0,0.0
4,1,1,0,,,,0.5097333,0.0,0.0,0.0,0.0
4,2,1,0,,,,0.5096667,0.0,0.0,0.0,0.0
4,3,1,0,,,,0.50166667,0.0,0.0,0.0,0.0
4,4,1,0,,,,0.5017833,0.0,0.0,0.0,0.0
4,5,1,0,,,,0.49983335,0.0,0.0,0.0,0.0
4,6,1,0,,,,0.5793167,0.0,0.0,0.0,0.0
4,7,1,0,,,,0.85321665,0.0,0.0,0.0,33.15
4,8,1,0,,,,0.83536667,0.0,0.0,0.0,181.91
4,9,1,0,,,,0.42533332,0.0,0.0,0.0,390.44
4,10,1,0,,,,0.42978334,0.0,0.0,0.0,460.93
4,11,1,0,,,,0.43211666,0.0,0.0,0.0,663.09
4,12,1,0,,,,0.43975,0.0,0.0,0.0,783.29
4,13,1,0,,,,0.435,0.0,0.0,0.0,798.92
4,14,1,0,,,,0.4351,0.0,0.0,0.0,781.16
4,15,1,0,,,,0.58615,0.0,0.0,0.0,696.97
4,16,1,0,,,,0.42508334,0.0,0.0,0.0,526.16
4,17,1,0,,,,0.49848333,0.0,0.0,0.0,240.85
4,18,1,0,,,,0.63276666,0.0,0.0,0.0,127.96
4,19,1,0,,,,0.7399167,0.0,0.0,0.0,0.0
4,20,1,0,,,,1.0337666,0.0,0.0,0.0,0.0
4,21,1,0,,,,1.3099834,0.0,0.0,0.0,0.0
4,22,1,0,,,,1.2389166,0.0,0.0,0.0,0.0
4,23,1,0,,,,1.0246,0.0,0.0,0.0,0.0
4,24,1,0,,,,0.75048333,0.0,0.0,0.0,0.0
4,1,2,0,,,,0.42141667,0.0,0.0,0.0,0.0
4,2,2,0,,,,0.42078334,0.0,0.0,0.0,0.0
4,3,2,0,,,,0.4136639,0.0,0.0,0.0,0.0
4,4,2,0,,,,0.41518334,0.0,0.0,0.0,0.0
4,5,2,0,,,,0.41226667,0.0,0.0,0.0,0.0
4,6,2,0,,,,0.7819667,0.0,0.0,0.0,0.0
4,7,2,0,,,,0.9791833,0.0,0.0,0.0,18.32
4,8,2,0,,,,0.78393334,0.0,0.0,0.0,90.98
4,9,2,0,,,,0.42213333,0.0,0.0,0.0,96.6
4,10,2,0,,,,0.42853335,0.0,0.0,0.0,42.03
4,11,2,0,,,,0.43831667,0.0,0.0,0.0,148.54
4,12,2,0,,,,0.43846667,0.0,0.0,0.0,229.71
4,13,2,0,,,,0.43331668,0.0,0.0,0.0,223.07
4,14,2,0,,,,0.43308333,0.0,0.0,0.0,127.66
4,15,2,0,,,,0.48608333,0.0,0.0,0.0,162.63
4,16,2,0,,,,0.55403334,0.0,0.0,0.0,91.57
4,17,2,0,,,,0.5151167,0.0,0.0,0.0,61.18
4,18,2,0,,,,0.6597833,0.0,0.0,0.0,37.7
4,19,2,0,,,,0.8833,0.0,0.0,0.0,0.0
4,20,2,0,,,,1.3315166,0.0,0.0,0.0,0.0
4,21,2,0,,,,2.15185,0.0,0.0,0.0,0.0
4,22,2,0,,,,1.2606666,0.0,0.0,0.0,0.0
4,23,2,0,,,,1.185,0.0,0.0,0.0,0.0
4,24,2,0,,,,0.725725,0.0,0.0,0.0,0.0
4,1,3,0,,,,0.5084,0.0,0.0,0.0,0.0
4,2,3,0,,,,0.50803334,0.0,0.0,0.0,0.0
4,3,3,0,,,,0.5006833,0.0,0.0,0.0,0.0
4,4,3,0,,,,0.50131667,0.0,0.0,0.0,0.0
4,5,3,0,,,,0.5003667,0.0,0.0,0.0,0.0
4,6,3,0,,,,0.7191667,0.0,0.0,0.0,0.0
4,7,3,0,,,,0.9324333,0.0,0.0,0.0,1.15
4,8,3,0,,,,0.47756666,0.0,0.0,0.0,8.83
4,9,3,0,,,,0.42206666,0.0,0.0,0.0,34.27
4,10,3,0,,,,0.43303335,0.0,0.0,0.0,71.07
4,11,3,0,,,,0.44161665,0.0,0.0,0.0,86.24
4,12,3,0,,,,0.43913335,0.0,0.0,0.0,103.99
4,13,3,0,,,,0.43886667,0.0,0.0,0.0,59.61
4,14,3,0,,,,0.60506666,0.0,0.0,0.0,66.77
4,15,3,0,,,,0.43421668,0.0,0.0,0.0,0.0
4,16,3,0,,,,0.43341666,0.0,0.0,0.0,51.91
4,17,3,0,,,,0.5664833,0.0,0.0,0.0,28.27
4,18,3,0,,,,0.8264167,0.0,0.0,0.0,32.84
4,19,3,0,,,,1.4906666,0.0,0.0,0.0,0.0
4,20,3,0,,,,1.7014834,0.0,0.0,0.0,0.0
4,21,3,0,,,,1.6934834,0.0,0.0,0.0,0.0
4,22,3,0,,,,1.0171833,0.0,0.0,0.0,0.0
4,23,3,0,,,,0.74411666,0.0,0.0,0.0,0.0
4,24,3,0,,,,0.6803333,0.0,0.0,0.0,0.0
4,1,4,0,,,,0.42045,0.0,0.0,0.0,0.0
4,2,4,0,,,,0.42185,0.0,0.0,0.0,0.0
4,3,4,0,,,,0.41298333,0.0,0.0,0.0,0.0
4,4,4,0,,,,0.41413334,0.0,0.0,0.0,0.0
4,5,4,0,,,,0.4105,0.0,0.0,0.0,0.0
4,6,4,0,,,,0.5287833,0.0,0.0,0.0,0.0
4,7,4,0,,,,0.7708667,0.0,0.0,0.0,1.18
4,8,4,0,,,,0.64945,0.0,0.0,0.0,9.61
4,9,4,0,,,,0.42151666,0.0,0.0,0.0,61.59
4,10,4,0,,,,0.41291666,0.0,0.0,0.0,107.37
4,11,4,0,,,,0.5691,0.0,0.0,0.0,145.92
4,12,4,0,,,,1.28005,0.0,0.0,0.0,171.67
4,13,4,0,,,,1.1427,0.0,0.0,0.0,188.67
4,14,4,0,,,,0.65388334,0.0,0.0,0.0,213.04
4,15,4,0,,,,0.49161667,0.0,0.0,0.0,233.13
4,16,4,0,,,,0.5635,0.0,0.0,0.0,136.3
4,17,4,0,,,,0.51533335,0.0,0.0,0.0,109.91
4,18,4,0,,,,0.48615,0.0,0.0,0.0,130.15
4,19,4,0,,,,0.75051665,0.0,0.0,0.0,8.52
4,20,4,0,,,,0.9381833,0.0,0.0,0.0,0.0
4,21,4,0,,,,0.74305,0.0,0.0,0.0,0.0
4,22,4,0,,,,1.3438166,0.0,0.0,0.0,0.0
4,23,4,0,,,,1.1771166,0.0,0.0,0.0,0.0
4,24,4,0,,,,0.82371664,0.0,0.0,0.0,0.0
4,1,5,0,,,,0.63313335,0.0,0.0,0.0,0.0
4,2,5,0,,,,0.4158,0.0,0.0,0.0,0.0
4,3,5,0,,,,0.4114,0.0,0.0,0.0,0.0
4,4,5,0,,,,0.4083,0.0,0.0,0.0,0.0
4,5,5,0,,,,0.40866667,0.0,0.0,0.0,0.0
4,6,5,0,,,,0.56801665,0.0,0.0,0.0,0.0
4,7,5,0,,,,0.8200667,0.0,0.0,0.0,32.72
4,8,5,0,,,,0.8251333,0.0,0.0,0.0,59.43
4,9,5,0,,,,1.62015,0.0,0.0,0.0,268.85
4,10,5,0,,,,0.4218,0.0,0.0,0.0,649.96
4,11,5,0,,,,1.2798,0.0,0.0,0.0,739.26
4,12,5,0,,,,0.66645,0.0,0.0,0.0,764.3
4,13,5,0,,,,0.66351664,0.0,0.0,0.0,629.51
4,14,5,0,,,,0.66083336,0.0,0.0,0.0,337.06
4,15,5,0,,,,0.6104,0.0,0.0,0.0,144.4
4,16,5,0,,,,0.5606167,0.0,0.0,0.0,89.5
4,17,5,0,,,,0.5549667,0.0,0.0,0.0,68.51
4,18,5,0,,,,0.66476667,0.0,0.0,0.0,103.23
4,19,5,0,,,,0.69028336,0.0,0.0,0.0,9.76
4,20,5,0,,,,0.9387,0.0,0.0,0.0,0.0
4,21,5,0,,,,0.7037,0.0,0.0,0.0,0.0
4,22,5,0,,,,0.70028335,0.0,0.0,0.0,0.0
4,23,5,0,,,,0.69913334,0.0,0.0,0.0,0.0
4,24,5,0,,,,0.59531665,0.0,0.0,0.0,0.0
4,1,6,0,,,,0.39973333,0.0,0.0,0.0,0.0
4,2,6,0,,,,0.39788333,0.0,0.0,0.0,0.0
4,3,6,0,,,,0.39348334,0.0,0.0,0.0,0.0
4,4,6,0,,,,1.2493833,0.0,0.0,0.0,0.0
4,5,6,0,,,,0.46711665,0.0,0.0,0.0,0.0
4,6,6,0,,,,1.2698,0.0,0.0,0.0,0.0
4,7,6,0,,,,0.39263332,0.0,0.0,0.0,46.06
4,8,6,0,,,,0.40115,0.0,0.0,0.0,24.62
4,9,6,0,,,,0.39651668,0.0,0.0,0.0,89.43
4,10,6,0,,,,0.40656668,0.0,0.0,0.0,211.65
4,11,6,0,,,,0.73978335,0.0,0.0,0.0,187.7
4,12,6,0,,,,1.0051167,0.0,0.0,0.0,152.87
4,13,6,0,,,,0.4764,0.0,0.0,0.0,177.38
4,14,6,0,,,,0.36088333,0.0,0.0,0.0,441.59
4,15,6,0,,,,0.35885,0.0,0.0,0.0,174.55
4,16,6,0,,,,0.35453334,0.0,0.0,0.0,105.58
4,17,6,0,,,,0.40816668,0.0,0.0,0.0,37.32
4,18,6,0,,,,0.50488335,0.0,0.0,0.0,7.6
4,19,6,0,,,,0.64683336,0.0,0.0,0.0,0.2
4,20,6,0,,,,0.87686664,0.0,0.0,0.0,0.0
4,21,6,0,,,,1.6224,0.0,0.0,0.0,0.0
4,22,6,0,,,,1.56825,0.0,0.0,0.0,0.0
4,23,6,0,,,,1.4673333,0.0,0.0,0.0,0.0
4,24,6,0,,,,1.1788833,0.0,0.0,0.0,0.0
4,1,7,0,,,,0.39873335,0.0,0.0,0.0,0.0
4,2,7,0,,,,0.40018332,0.0,0.0,0.0,0.0
4,3,7,0,,,,0.39556667,0.0,0.0,0.0,0.0
4,4,7,0,,,,0.39573333,0.0,0.0,0.0,0.0
4,5,7,0,,,,0.39216667,0.0,0.0,0.0,0.0
4,6,7,0,,,,0.39326668,0.0,0.0,0.0,0.0
4,7,7,0,,,,0.39515,0.0,0.0,0.0,2.07
4,8,7,0,,,,0.40908334,0.0,0.0,0.0,10.11
4,9,7,0,,,,0.40288332,0.0,0.0,0.0,45.8
4,10,7,0,,,,0.6438,0.0,0.0,0.0,64.54
4,11,7,0,,,,1.1152,0.0,0.0,0.0,94.24
4,12,7,0,,,,1.0641667,0.0,0.0,0.0,179.34
4,13,7,0,,,,0.29283333,0.0,0.0,0.0,108.64
4,14,7,0,,,,0.27796668,0.0,0.0,0.0,89.82
4,15,7,0,,,,0.27675,0.0,0.0,0.0,76.03
4,16,7,0,,,,0.2713,0.0,0.0,0.0,55.42
4,17,7,0,,,,0.37065,0.0,0.0,0.0,42.28
4,18,7,0,,,,1.1121334,0.0,0.0,0.0,13.91
4,19,7,0,,,,1.10285,0.0,0.0,0.0,1.74
4,20,7,0,,,,1.36535,0.0,0.0,0.0,0.0
4,21,7,0,,,,1.6820667,0.0,0.0,0.0,0.0
4,22,7,0,,,,1.6203667,0.0,0.0,0.0,0.0
4,23,7,0,,,,0.66425,0.0,0.0,0.0,0.0
4,24,7,0,,,,0.42615,0.0,0.0,0.0,0.0
4,1,1,0,,,,0.30876666,0.0,0.0,0.0,0.0
4,2,1,0,,,,0.309,0.0,0.0,0.0,0.0
4,3,1,0,,,,0.30501667,0.0,0.0,0.0,0.0
4,4,1,0,,,,0.30453333,0.0,0.0,0.0,0.0
4,5,1,0,,,,0.30303332,0.0,0.0,0.0,0.0
4,6,1,0,,,,0.6063167,0.0,0.0,0.0,0.0
4,7,1,0,,,,0.73775,0.0,0.0,0.0,5.85
4,8,1,0,,,,0.6777667,0.0,0.0,0.0,32.94
4,9,1,0,,,,0.3104,0.0,0.0,0.0,122.89
4,10,1,0,,,,0.31945,0.0,0.0,0.0,191.13
4,11,1,0,,,,0.319,0.0,0.0,0.0,203.63
4,12,1,0,,,,0.3233,0.0,0.0,0.0,187.22
4,13,1,0,,,,0.32055,0.0,0.0,0.0,413.23
4,14,1,0,,,,0.31851667,0.0,0.0,0.0,624.65
4,15,1,0,,,,0.46461666,0.0,0.0,0.0,448.56
4,16,1,0,,,,0.43371665,0.0,0.0,0.0,218.17
4,17,1,0,,,,0.341,0.0,0.0,0.0,305.46
4,18,1,0,,,,0.76455,0.0,0.0,0.0,130.64
4,19,1,0,,,,0.73296666,0.0,0.0,0.0,13.71
4,20,1,0,,,,1.2227334,0.0,0.0,0.0,0.0
4,21,1,0,,,,1.3039,0.0,0.0,0.0,0.0
4,22,1,0,,,,1.26205,0.0,0.0,0.0,0.0
4,23,1,0,,,,1.5243666,0.0,0.0,0.0,0.0
4,24,1,0,,,,0.67438334,0.0,0.0,0.0,0.0
4,1,2,0,,,,0.39225,0.0,0.0,0.0,0.0
4,2,2,0,,,,0.39041665,0.0,0.0,0.0,0.0
4,3,2,0,,,,0.384,0.0,0.0,0.0,0.0
4,4,2,0,,,,0.38293332,0.0,0.0,0.0,0.0
4,5,2,0,,,,0.40153334,0.0,0.0,0.0,0.0
4,6,2,0,,,,0.5171833,0.0,0.0,0.0,0.0
4,7,2,0,,,,0.5153,0.0,0.0,0.0,54.14
4,8,2,0,,,,0.38686666,0.0,0.0,0.0,258.69
4,9,2,0,,,,0.78153336,0.0,0.0,0.0,469.81
4,10,2,0,,,,0.61263335,0.0,0.0,0.0,612.65
4,11,2,0,,,,0.3864,0.0,0.0,0.0,696.62
4,12,2,0,,,,0.40846667,0.0,0.0,0.0,792.14
4,13,2,0,,,,0.4129,0.0,0.0,0.0,705.66
4,14,2,0,,,,0.38906667,0.0,0.0,0.0,710.65
4,15,2,0,,,,0.39206666,0.0,0.0,0.0,513.5
4,16,2,0,,,,0.48586667,0.0,0.0,0.0,541.57
4,17,2,0,,,,0.59496665,0.0,0.0,0.0,314.15
4,18,2,0,,,,0.69621664,0.0,0.0,0.0,90.23
4,19,2,0,,,,0.45526665,0.0,0.0,0.0,16.86
4,20,2,0,,,,0.82848334,0.0,0.0,0.0,0.0
4,21,2,0,,,,0.77963334,0.0,0.0,0.0,0.0
4,22,2,0,,,,0.98500836,0.0,0.0,0.0,0.0
4,23,2,0,,,,0.89451665,0.0,0.0,0.0,0.0
4,24,2,0,,,,0.7077583,0.0,0.0,0.0,0.0
4,1,3,0,,,,0.6872333,0.0,0.0,0.0,0.0
4,2,3,0,,,,0.30386665,0.0,0.0,0.0,0.0
4,3,3,0,,,,0.302,0.0,0.0,0.0,0.0
4,4,3,0,,,,0.30183333,0.0,0.0,0.0,0.0
4,5,3,0,,,,0.29986668,0.0,0.0,0.0,0.0
4,6,3,0,,,,0.36708334,0.0,0.0,0.0,0.0
4,7,3,0,,,,0.7619333,0.0,0.0,0.0,45.29
4,8,3,0,,,,0.34481665,0.0,0.0,0.0,210.53
4,9,3,0,,,,0.30866668,0.0,0.0,0.0,427.43
4,10,3,0,,,,0.32051668,0.0,0.0,0.0,619.94
4,11,3,0,,,,0.3255,0.0,0.0,0.0,637.07
4,12,3,0,,,,0.31981668,0.0,0.0,0.0,137.22
4,13,3,0,,,,0.31548333,0.0,0.0,0.0,54.39
4,14,3,0,,,,0.31533334,0.0,0.0,0.0,342.79
4,15,3,0,,,,0.38521665,0.0,0.0,0.0,121.34
4,16,3,0,,,,0.32628334,0.0,0.0,0.0,49.77
4,17,3,0,,,,0.53583336,0.0,0.0,0.0,238.44
4,18,3,0,,,,0.36763334,0.0,0.0,0.0,124.69
4,19,3,0,,,,0.6627,0.0,0.0,0.0,17.71
4,20,3,0,,,,0.98225,0.0,0.0,0.0,0.0
4,21,3,0,,,,2.2271,0.0,0.0,0.0,0.0
4,22,3,0,,,,1.3554833,0.0,0.0,0.0,0.0
4,23,3,0,,,,1.0127,0.0,0.0,0.0,0.0
4,24,3,0,,,,0.29174167,0.0,0.0,0.0,0.0
4,1,4,0,,,,0.28925833,0.0,0.0,0.0,0.0
4,2,4,0,,,,0.28038332,0.0,0.0,0.0,0.0
4,3,4,0,,,,0.27473333,0.0,0.0,0.0,0.0
4,4,4,0,,,,0.27735,0.0,0.0,0.0,0.0
4,5,4,0,,,,0.27491668,0.0,0.0,0.0,0.0
4,6,4,0,,,,0.43245,0.0,0.0,0.0,0.0
4,7,4,0,,,,0.69193333,0.0,0.0,0.0,55.57
4,8,4,0,,,,0.3121,0.0,0.0,0.0,243.04
4,9,4,0,,,,0.28218332,0.0,0.0,0.0,457.12
4,10,4,0,,,,0.29348335,0.0,0.0,0.0,627.13
4,11,4,0,,,,0.30368334,0.0,0.0,0.0,714.44
4,12,4,0,,,,0.2953,0.0,0.0,0.0,798.42
4,13,4,0,,,,0.289,0.0,0.0,0.0,634.57
4,14,4,0,,,,0.2536,0.0,0.0,0.0,710.63
4,15,4,0,,,,0.24215,0.0,0.0,0.0,609.81
4,16,4,0,,,,0.42318332,0.0,0.0,0.0,545.51
4,17,4,0,,,,0.25176665,0.0,0.0,0.0,357.88
4,18,4,0,,,,0.5124,0.0,0.0,0.0,136.42
4,19,4,0,,,,0.7176167,0.0,0.0,0.0,16.85
4,20,4,0,,,,0.70315,0.0,0.0,0.0,0.0
4,21,4,0,,,,0.37283334,0.0,0.0,0.0,0.0
4,22,4,0,,,,0.37281665,0.0,0.0,0.0,0.0
4,23,4,0,,,,1.4982166,0.0,0.0,0.0,0.0
4,24,4,0,,,,0.7445167,0.0,0.0,0.0,0.0
4,1,5,0,,,,0.6386333,0.0,0.0,0.0,0.0
4,2,5,0,,,,0.3731,0.0,0.0,0.0,0.0
4,3,5,0,,,,0.36798334,0.0,0.0,0.0,0.0
4,4,5,0,,,,0.36515,0.0,0.0,0.0,0.0
4,5,5,0,,,,0.36743334,0.0,0.0,0.0,0.0
4,6,5,0,,,,0.44035,0.0,0.0,0.0,0.0
4,7,5,0,,,,0.71753335,0.0,0.0,0.0,53.8
4,8,5,0,,,,0.39823332,0.0,0.0,0.0,222.57
4,9,5,0,,,,0.29286668,0.0,0.0,0.0,431.21
4,10,5,0,,,,0.30165,0.0,0.0,0.0,585.89
4,11,5,0,,,,0.31005,0.0,0.0,0.0,617.86
4,12,5,0,,,,0.28501666,0.0,0.0,0.0,702.76
4,13,5,0,,,,0.25061667,0.0,0.0,0.0,796.32
4,14,5,0,,,,0.25073335,0.0,0.0,0.0,741.77
4,15,5,0,,,,0.26965,0.0,0.0,0.0,585.19
4,16,5,0,,,,0.8703,0.0,0.0,0.0,533.3
4,17,5,0,,,,2.20255,0.0,0.0,0.0,212.51
4,18,5,0,,,,0.50311667,0.0,0.0,0.0,145.5
4,19,5,0,,,,0.47876668,0.0,0.0,0.0,16.2
4,20,5,0,,,,0.58355,0.0,0.0,0.0,0.0
4,21,5,0,,,,0.85705,0.0,0.0,0.0,0.0
4,22,5,0,,,,1.0184333,0.0,0.0,0.0,0.0
4,23,5,0,,,,2.7036667,0.0,0.0,0.0,0.0
4,24,5,0,,,,1.950175,0.0,0.0,0.0,0.0
4,1,6,0,,,,0.33873335,0.0,0.0,0.0,0.0
4,2,6,0,,,,0.33858332,0.0,0.0,0.0,0.0
4,3,6,0,,,,0.33828333,0.0,0.0,0.0,0.0
4,4,6,0,,,,0.33708334,0.0,0.0,0.0,0.0
4,5,6,0,,,,0.33593333,0.0,0.0,0.0,0.0
4,6,6,0,,,,0.32358333,0.0,0.0,0.0,0.0
4,7,6,0,,,,0.24905,0.0,0.0,0.0,61.9
4,8,6,0,,,,0.26278332,0.0,0.0,0.0,265.71
4,9,6,0,,,,4.3845167,0.0,0.0,0.0,473.47
4,10,6,0,,,,1.0339833,0.0,0.0,0.0,640.4
4,11,6,0,,,,1.3147,0.0,0.0,0.0,757.94
4,12,6,0,,,,1.6104667,0.0,0.0,0.0,551.44
4,13,6,0,,,,2.0449166,0.0,0.0,0.0,576.68
4,14,6,0,,,,2.1410666,0.0,0.0,0.0,398.5
4,15,6,0,,,,0.49533334,0.0,0.0,0.0,618.83
4,16,6,0,,,,0.48858333,0.0,0.0,0.0,366.37
4,17,6,0,,,,0.35803333,0.0,0.0,0.0,280.53
4,18,6,0,,,,0.25081667,0.0,0.0,0.0,122.53
4,19,6,0,,,,0.22576667,0.0,0.0,0.0,16.11
4,20,6,0,,,,0.24395,0.0,0.0,0.0,0.0
4,21,6,0,,,,0.24476667,0.0,0.0,0.0,0.0
4,22,6,0,,,,0.3308,0.0,0.0,0.0,0.0
4,23,6,0,,,,1.4208833,0.0,0.0,0.0,0.0
4,24,6,0,,,,3.0682583,0.0,0.0,0.0,0.0
4,1,7,0,,,,0.35168332,0.0,0.0,0.0,0.0
4,2,7,0,,,,0.34006667,0.0,0.0,0.0,0.0
4,3,7,0,,,,0.33608332,0.0,0.0,0.0,0.0
4,4,7,0,,,,0.36903334,0.0,0.0,0.0,0.0
4,5,7,0,,,,0.37488332,0.0,0.0,0.0,0.0
4,6,7,0,,,,0.36896667,0.0,0.0,0.0,0.0
4,7,7,0,,,,0.37518334,0.0,0.0,0.0,55.58
4,8,7,0,,,,0.45635,0.0,0.0,0.0,217.76
4,9,7,0,,,,0.7052,0.0,0.0,0.0,394.77
4,10,7,0,,,,0.83885,0.0,0.0,0.0,571.66
4,11,7,0,,,,1.1022,0.0,0.0,0.0,689.41
4,12,7,0,,,,2.5731666,0.0,0.0,0.0,723.52
4,13,7,0,,,,1.8734167,0.0,0.0,0.0,775.8
4,14,7,0,,,,1.0158167,0.0,0.0,0.0,617.37
4,15,7,0,,,,0.58166665,0.0,0.0,0.0,394.0
4,16,7,0,,,,3.01955,0.0,0.0,0.0,534.12
4,17,7,0,,,,2.2656834,0.0,0.0,0.0,365.19
4,18,7,0,,,,1.88095,0.0,0.0,0.0,149.93
4,19,7,0,,,,0.51136667,0.0,0.0,0.0,20.35
4,20,7,0,,,,0.926,0.0,0.0,0.0,0.0
4,21,7,0,,,,0.9253833,0.0,0.0,0.0,0.0
4,22,7,0,,,,1.0502,0.0,0.0,0.0,0.0
4,23,7,0,,,,1.0987667,0.0,0.0,0.0,0.0
4,24,7,0,,,,1.357225,0.0,0.0,0.0,0.0
4,1,1,0,,,,0.37996668,0.0,0.0,0.0,0.0
4,2,1,0,,,,0.37705,0.0,0.0,0.0,0.0
4,3,1,0,,,,0.37294167,0.0,0.0,0.0,0.0
4,4,1,0,,,,0.37203333,0.0,0.0,0.0,0.0
4,5,1,0,,,,0.37263334,0.0,0.0,0.0,0.0
4,6,1,0,,,,0.58245,0.0,0.0,0.0,0.0
4,7,1,0,,,,0.6993333,0.0,0.0,0.0,62.34
4,8,1,0,,,,0.3142,0.0,0.0,0.0,243.11
4,9,1,0,,,,0.28718334,0.0,0.0,0.0,438.35
4,10,1,0,,,,0.28468335,0.0,0.0,0.0,600.14
4,11,1,0,,,,0.2856,0.0,0.0,0.0,720.51
4,12,1,0,,,,0.29028332,0.0,0.0,0.0,799.21
4,13,1,0,,,,0.28971666,0.0,0.0,0.0,818.9
4,14,1,0,,,,0.29318333,0.0,0.0,0.0,786.78
4,15,1,0,,,,0.4859,0.0,0.0,0.0,709.55
4,16,1,0,,,,0.29053333,0.0,0.0,0.0,565.65
4,17,1,0,,,,0.31251666,0.0,0.0,0.0,372.96
4,18,1,0,,,,0.53353333,0.0,0.0,0.0,152.64
4,19,1,0,,,,0.6393167,0.0,0.0,0.0,23.39
4,20,1,0,,,,0.83561665,0.0,0.0,0.0,0.0
4,21,1,0,,,,1.0014167,0.0,0.0,0.0,0.0
4,22,1,0,,,,1.2279,0.0,0.0,0.0,0.0
4,23,1,0,,,,1.0786834,0.0,0.0,0.0,0.0
4,24,1,0,,,,0.54354167,0.0,0.0,0.0,0.0
4,1,2,0,,,,0.29535,0.0,0.0,0.0,0.0
4,2,2,0,,,,0.2938,0.0,0.0,0.0,0.0
4,3,2,0,,,,0.28906667,0.0,0.0,0.0,0.0
4,4,2,0,,,,0.28851667,0.0,0.0,0.0,0.0
4,5,2,0,,,,0.28768334,0.0,0.0,0.0,0.0
4,6,2,0,,,,0.40838334,0.0,0.0,0.0,0.0
4,7,2,0,,,,0.63738334,0.0,0.0,0.0,66.63
4,8,2,0,,,,0.6551667,0.0,0.0,0.0,251.56
4,9,2,0,,,,0.29346666,0.0,0.0,0.0,440.94
4,10,2,0,,,,0.2965,0.0,0.0,0.0,607.11
4,11,2,0,,,,0.30976668,0.0,0.0,0.0,707.9
4,12,2,0,,,,0.30356666,0.0,0.0,0.0,788.7
4,13,2,0,,,,0.29748333,0.0,0.0,0.0,805.69
4,14,2,0,,,,0.29773334,0.0,0.0,0.0,684.04
4,15,2,0,,,,0.3226,0.0,0.0,0.0,702.37
4,16,2,0,,,,0.29881668,0.0,0.0,0.0,549.05
4,17,2,0,,,,0.35643333,0.0,0.0,0.0,364.97
4,18,2,0,,,,0.6077333,0.0,0.0,0.0,137.51
4,19,2,0,,,,0.71213335,0.0,0.0,0.0,24.18
4,20,2,0,,,,0.92436665,0.0,0.0,0.0,0.0
4,21,2,0,,,,1.0741833,0.0,0.0,0.0,0.0
4,22,2,0,,,,1.01195,0.0,0.0,0.0,0.0
4,23,2,0,,,,0.8426,0.0,0.0,0.0,0.0
4,24,2,0,,,,0.894525,0.0,0.0,0.0,0.0
4,1,3,0,,,,0.68703336,0.0,0.0,0.0,0.0
4,2,3,0,,,,0.48271668,0.0,0.0,0.0,0.0
4,3,3,0,,,,0.47901666,0.0,0.0,0.0,0.0
4,4,3,0,,,,0.47533333,0.0,0.0,0.0,0.0
4,5,3,0,,,,0.47621667,0.0,0.0,0.0,0.0
4,6,3,0,,,,0.72106665,0.0,0.0,0.0,0.0
4,7,3,0,,,,0.80626667,0.0,0.0,0.0,68.45
4,8,3,0,,,,0.44345,0.0,0.0,0.0,265.24
4,9,3,0,,,,0.39445,0.0,0.0,0.0,464.2
4,10,3,0,,,,0.39613333,0.0,0.0,0.0,624.23
4,11,3,0,,,,0.41161665,0.0,0.0,0.0,747.24
4,12,3,0,,,,0.4172,0.0,0.0,0.0,816.68
4,13,3,0,,,,0.54946667,0.0,0.0,0.0,830.87
4,14,3,0,,,,0.62935,0.0,0.0,0.0,792.12
4,15,3,0,,,,0.7719667,0.0,0.0,0.0,707.49
4,16,3,0,,,,1.7205,0.0,0.0,0.0,560.37
4,17,3,0,,,,0.49733335,0.0,0.0,0.0,367.48
4,18,3,0,,,,0.47228333,0.0,0.0,0.0,151.51
4,19,3,0,,,,0.73976666,0.0,0.0,0.0,15.77
4,20,3,0,,,,1.2091666,0.0,0.0,0.0,0.0
4,21,3,0,,,,1.2457167,0.0,0.0,0.0,0.0
4,22,3,0,,,,1.09605,0.0,0.0,0.0,0.0
4,23,3,0,,,,0.5674,0.0,0.0,0.0,0.0
4,24,3,0,,,,0.48238334,0.0,0.0,0.0,0.0
4,1,4,0,,,,0.48048332,0.0,0.0,0.0,0.0
4,2,4,0,,,,0.48181668,0.0,0.0,0.0,0.0
4,3,4,0,,,,0.47623333,0.0,0.0,0.0,0.0
4,4,4,0,,,,0.47411665,0.0,0.0,0.0,0.0
4,5,4,0,,,,0.47225,0.0,0.0,0.0,0.0
4,6,4,0,,,,0.46566668,0.0,0.0,0.0,0.18
4,7,4,0,,,,0.70916665,0.0,0.0,0.0,68.85
4,8,4,0,,,,1.1573833,0.0,0.0,0.0,187.68
4,9,4,0,,,,1.7253,0.0,0.0,0.0,391.85
4,10,4,0,,,,0.49885,0.0,0.0,0.0,191.3
4,11,4,0,,,,0.44116667,0.0,0.0,0.0,533.97
4,12,4,0,,,,0.30498335,0.0,0.0,0.0,770.5
4,13,4,0,,,,0.2933,0.0,0.0,0.0,750.9
4,14,4,0,,,,0.2937,0.0,0.0,0.0,771.53
4,15,4,0,,,,0.29276666,0.0,0.0,0.0,685.49
4,16,4,0,,,,0.28998333,0.0,0.0,0.0,546.97
4,17,4,0,,,,0.36551666,0.0,0.0,0.0,358.43
4,18,4,0,,,,0.63633335,0.0,0.0,0.0,147.95
4,19,4,0,,,,0.5194333,0.0,0.0,0.0,16.6
4,20,4,0,,,,0.42753333,0.0,0.0,0.0,0.0
4,21,4,0,,,,0.52428335,0.0,0.0,0.0,0.0
4,22,4,0,,,,0.7438,0.0,0.0,0.0,0.0
4,23,4,0,,,,0.69988334,0.0,0.0,0.0,0.0
4,24,4,0,,,,0.37118334,0.0,0.0,0.0,0.0
4,1,5,0,,,,0.37121665,0.0,0.0,0.0,0.0
4,2,5,0,,,,0.37138334,0.0,0.0,0.0,0.0
4,3,5,0,,,,0.36681667,0.0,0.0,0.0,0.0
4,4,5,0,,,,0.36543334,0.0,0.0,0.0,0.0
4,5,5,0,,,,0.36716667,0.0,0.0,0.0,0.0
4,6,5,0,,,,0.4359,0.0,0.0,0.0,0.0
4,7,5,0,,,,0.55325,0.0,0.0,0.0,31.86
4,8,5,0,,,,0.55308336,0.0,0.0,0.0,224.33
4,9,5,0,,,,0.2822,0.0,0.0,0.0,418.9
4,10,5,0,,,,0.2886,0.0,0.0,0.0,378.3
4,11,5,0,,,,0.29346666,0.0,0.0,0.0,168.64
4,12,5,0,,,,0.29171667,0.0,0.0,0.0,162.0
4,13,5,0,,,,0.28905,0.0,0.0,0.0,79.62
4,14,5,0,,,,0.28878334,0.0,0.0,0.0,50.36
4,15,5,0,,,,0.28893888,0.0,0.0,0.0,48.82
4,16,5,0,,,,0.28596666,0.0,0.0,0.0,309.75
4,17,5,0,,,,0.6798667,0.0,0.0,0.0,231.84
4,18,5,0,,,,0.8655,0.0,0.0,0.0,144.89
4,19,5,0,,,,0.8209,0.0,0.0,0.0,8.25
4,20,5,0,,,,0.9048333,0.0,0.0,0.0,0.0
4,21,5,0,,,,0.9608667,0.0,0.0,0.0,0.0
4,22,5,0,,,,0.95475,0.0,0.0,0.0,0.0
4,23,5,0,,,,1.0695333,0.0,0.0,0.0,0.0
4,24,5,0,,,,0.90585,0.0,0.0,0.0,0.0
4,1,6,0,,,,0.61481667,0.0,0.0,0.0,0.0
4,2,6,0,,,,0.45161667,0.0,0.0,0.0,0.0
4,3,6,0,,,,0.44488335,0.0,0.0,0.0,0.0
4,4,6,0,,,,0.44498333,0.0,0.0,0.0,0.0
4,5,6,0,,,,0.4446,0.0,0.0,0.0,0.0
4,6,6,0,,,,0.37208334,0.0,0.0,0.0,0.0
4,7,6,0,,,,0.35933334,0.0,0.0,0.0,7.94
4,8,6,0,,,,0.39971668,0.0,0.0,0.0,148.13
4,9,6,0,,,,1.0434333,0.0,0.0,0.0,89.55
4,10,6,0,,,,0.5214,0.0,0.0,0.0,130.51
4,11,6,0,,,,0.3715,0.0,0.0,0.0,138.49
4,12,6,0,,,,0.3801,0.0,0.0,0.0,97.82
4,13,6,0,,,,0.55453336,0.0,0.0,0.0,74.84
4,14,6,0,,,,0.732,0.0,0.0,0.0,64.71
4,15,6,0,,,,0.69836664,0.0,0.0,0.0,48.41
4,16,6,0,,,,0.64318335,0.0,0.0,0.0,80.36
4,17,6,0,,,,1.0529333,0.0,0.0,0.0,87.48
4,18,6,0,,,,0.77388334,0.0,0.0,0.0,38.57
4,19,6,0,,,,0.3874,0.0,0.0,0.0,1.09
4,20,6,0,,,,0.46435,0.0,0.0,0.0,0.0
4,21,6,0,,,,0.85106665,0.0,0.0,0.0,0.0
4,22,6,0,,,,0.86016667,0.0,0.0,0.0,0.0
4,23,6,0,,,,0.39705,0.0,0.0,0.0,0.0
4,24,6,0,,,,0.42725,0.0,0.0,0.0,0.0
4,1,7,0,,,,0.44253334,0.0,0.0,0.0,0.0
4,2,7,0,,,,0.44586667,0.0,0.0,0.0,0.0
4,3,7,0,,,,0.43823335,0.0,0.0,0.0,0.0
4,4,7,0,,,,0.43933332,0.0,0.0,0.0,0.0
4,5,7,0,,,,0.44236666,0.0,0.0,0.0,0.0
4,6,7,0,,,,0.43731666,0.0,0.0,0.0,0.0
4,7,7,0,,,,0.44436666,0.0,0.0,0.0,4.68
4,8,7,0,,,,0.45278335,0.0,0.0,0.0,15.41
4,9,7,0,,,,0.39158332,0.0,0.0,0.0,67.06
4,10,7,0,,,,0.9967167,0.0,0.0,0.0,72.46
4,11,7,0,,,,0.8858167,0.0,0.0,0.0,129.81
4,12,7,0,,,,0.6360667,0.0,0.0,0.0,162.93
4,13,7,0,,,,0.7224,0.0,0.0,0.0,121.98
4,14,7,0,,,,0.5772667,0.0,0.0,0.0,82.2
4,15,7,0,,,,0.5707167,0.0,0.0,0.0,84.43
4,16,7,0,,,,0.6804,0.0,0.0,0.0,72.46
4,17,7,0,,,,0.5564167,0.0,0.0,0.0,63.01
4,18,7,0,,,,0.72501665,0.0,0.0,0.0,63.61
4,19,7,0,,,,0.7518333,0.0,0.0,0.0,22.62
4,20,7,0,,,,0.9841667,0.0,0.0,0.0,0.0
4,21,7,0,,,,0.85675,0.0,0.0,0.0,0.0
4,22,7,0,,,,0.84403336,0.0,0.0,0.0,0.0
4,23,7,0,,,,0.73495,0.0,0.0,0.0,0.0
4,24,7,0,,,,0.8088833,0.0,0.0,0.0,0.0
5,1,1,0,,,,0.5968,0.0,0.0,0.0,0.0
5,2,1,0,,,,0.45358333,0.0,0.0,0.0,0.0
5,3,1,0,,,,0.44476667,0.0,0.0,0.0,0.0
5,4,1,0,,,,0.44415,0.0,0.0,0.0,0.0
5,5,1,0,,,,0.44606668,0.0,0.0,0.0,0.0
5,6,1,0,,,,0.58725,0.0,0.0,0.0,0.0
5,7,1,0,,,,0.77271664,0.0,0.0,0.0,5.26
5,8,1,0,,,,0.49028334,0.0,0.0,0.0,14.79
5,9,1,0,,,,0.3599,0.0,0.0,0.0,29.15
5,10,1,0,,,,0.36821666,0.0,0.0,0.0,55.34
5,11,1,0,,,,0.3659,0.0,0.0,0.0,90.68
5,12,1,0,,,,0.35741666,0.0,0.0,0.0,106.93
5,13,1,0,,,,0.32316667,0.0,0.0,0.0,50.13
5,14,1,0,,,,0.32381666,0.0,0.0,0.0,68.85
5,15,1,0,,,,0.32028332,0.0,0.0,0.0,63.79
5,16,1,0,,,,0.31736666,0.0,0.0,0.0,54.97
5,17,1,0,,,,0.36633334,0.0,0.0,0.0,50.15
5,18,1,0,,,,0.48711666,0.0,0.0,0.0,29.04
5,19,1,0,,,,0.51335,0.0,0.0,0.0,23.81
5,20,1,0,,,,3.4106667,0.0,0.0,0.0,0.0
5,21,1,0,,,,3.5383,0.0,0.0,0.0,0.0
5,22,1,0,,,,1.2771833,0.0,0.0,0.0,0.0
5,23,1,0,,,,0.8254,0.0,0.0,0.0,0.0
5,24,1,0,,,,0.41585833,0.0,0.0,0.0,0.0
5,1,2,0,,,,0.41208333,0.0,0.0,0.0,0.0
5,2,2,0,,,,0.43623334,0.0,0.0,0.0,0.0
5,3,2,0,,,,0.43755,0.0,0.0,0.0,0.0
5,4,2,0,,,,0.43806666,0.0,0.0,0.0,0.0
5,5,2,0,,,,0.43833333,0.0,0.0,0.0,0.0
5,6,2,0,,,,0.68291664,0.0,0.0,0.0,0.0
5,7,2,0,,,,0.4859,0.0,0.0,0.0,8.81
5,8,2,0,,,,0.6637167,0.0,0.0,0.0,23.8
5,9,2,0,,,,0.53216666,0.0,0.0,0.0,69.33
5,10,2,0,,,,0.37423334,0.0,0.0,0.0,347.18
5,11,2,0,,,,0.354,0.0,0.0,0.0,208.88
5,12,2,0,,,,0.34578332,0.0,0.0,0.0,678.8
5,13,2,0,,,,0.32208332,0.0,0.0,0.0,858.65
5,14,2,0,,,,0.32233334,0.0,0.0,0.0,807.12
5,15,2,0,,,,0.32131666,0.0,0.0,0.0,669.32
5,16,2,0,,,,0.31953335,0.0,0.0,0.0,403.2
5,17,2,0,,,,0.3154,0.0,0.0,0.0,231.07
5,18,2,0,,,,0.5056,0.0,0.0,0.0,155.38
5,19,2,0,,,,0.49808332,0.0,0.0,0.0,31.72
5,20,2,0,,,,0.8276833,0.0,0.0,0.0,0.0
5,21,2,0,,,,0.84281665,0.0,0.0,0.0,0.0
5,22,2,0,,,,1.1629167,0.0,0.0,0.0,0.0
5,23,2,0,,,,0.98365,0.0,0.0,0.0,0.0
5,24,2,0,,,,2.9688416,0.0,0.0,0.0,0.0
5,1,3,0,,,,1.6676834,0.0,0.0,0.0,0.0
5,2,3,0,,,,0.40873334,0.0,0.0,0.0,0.0
5,3,3,0,,,,0.41818333,0.0,0.0,0.0,0.0
5,4,3,0,,,,0.44196665,0.0,0.0,0.0,0.0
5,5,3,0,,,,0.44075,0.0,0.0,0.0,0.0
5,6,3,0,,,,0.55438334,0.0,0.0,0.0,1.32
5,7,3,0,,,,0.86121666,0.0,0.0,0.0,77.38
5,8,3,0,,,,0.6518667,0.0,0.0,0.0,273.11
5,9,3,0,,,,0.43116668,0.0,0.0,0.0,487.09
5,10,3,0,,,,1.3275334,0.0,0.0,0.0,638.27
5,11,3,0,,,,0.32673332,0.0,0.0,0.0,753.5
5,12,3,0,,,,1.92745,0.0,0.0,0.0,773.6
5,13,3,0,,,,0.3178,0.0,0.0,0.0,357.39
5,14,3,0,,,,2.8453,0.0,0.0,0.0,95.51
5,15,3,0,,,,1.1938833,0.0,0.0,0.0,700.64
5,16,3,0,,,,2.2132332,0.0,0.0,0.0,474.4
5,17,3,0,,,,2.8948333,0.0,0.0,0.0,236.6
5,18,3,0,,,,0.7637,0.0,0.0,0.0,17.72
5,19,3,0,,,,1.5943667,0.0,0.0,0.0,29.71
5,20,3,0,,,,2.0277333,0.0,0.0,0.0,0.0
5,21,3,0,,,,3.7102,0.0,0.0,0.0,0.0
5,22,3,0,,,,1.1758167,0.0,0.0,0.0,0.0
5,23,3,0,,,,0.65061665,0.0,0.0,0.0,0.0
5,24,3,0,,,,0.41635,0.0,0.0,0.0,0.0
5,1,4,0,,,,0.4009,0.0,0.0,0.0,0.0
5,2,4,0,,,,0.40425,0.0,0.0,0.0,0.0
5,3,4,0,,,,0.40166667,0.0,0.0,0.0,0.0
5,4,4,0,,,,0.41526666,0.0,0.0,0.0,0.0
5,5,4,0,,,,0.44356668,0.0,0.0,0.0,0.0
5,6,4,0,,,,0.78288335,0.0,0.0,0.0,0.0
5,7,4,0,,,,2.1158333,0.0,0.0,0.0,5.72
5,8,4,0,,,,1.4900666,0.0,0.0,0.0,189.18
5,9,4,0,,,,0.31136668,0.0,0.0,0.0,326.75
5,10,4,0,,,,0.31883332,0.0,0.0,0.0,123.92
5,11,4,0,,,,0.32825,0.0,0.0,0.0,255.0
5,12,4,0,,,,0.33605,0.0,0.0,0.0,550.54
5,13,4,0,,,,0.31325,0.0,0.0,0.0,123.52
5,14,4,0,,,,0.31955,0.0,0.0,0.0,257.4
5,15,4,0,,,,0.31295,0.0,0.0,0.0,455.87
5,16,4,0,,,,0.31195,0.0,0.0,0.0,510.6
5,17,4,0,,,,0.7891,0.0,0.0,0.0,327.89
5,18,4,0,,,,3.25015,0.0,0.0,0.0,155.33
5,19,4,0,,,,0.70211667,0.0,0.0,0.0,25.17
5,20,4,0,,,,1.901,0.0,0.0,0.0,0.0
5,21,4,0,,,,0.96673334,0.0,0.0,0.0,0.0
5,22,4,0,,,,0.97636664,0.0,0.0,0.0,0.0
5,23,4,0,,,,2.52395,0.0,0.0,0.0,0.0
5,24,4,0,,,,1.589775,0.0,0.0,0.0,0.0
5,1,5,0,,,,0.32418334,0.0,0.0,0.0,0.0
5,2,5,0,,,,0.35988334,0.0,0.0,0.0,0.0
5,3,5,0,,,,0.35501668,0.0,0.0,0.0,0.0
5,4,5,0,,,,0.35215,0.0,0.0,0.0,0.0
5,5,5,0,,,,0.35301667,0.0,0.0,0.0,0.0
5,6,5,0,,,,0.35366666,0.0,0.0,0.0,0.0
5,7,5,0,,,,0.7647833,0.0,0.0,0.0,43.32
5,8,5,0,,,,0.54656667,0.0,0.0,0.0,161.28
5,9,5,0,,,,0.35975,0.0,0.0,0.0,452.88
5,10,5,0,,,,0.37021667,0.0,0.0,0.0,403.67
5,11,5,0,,,,0.37761667,0.0,0.0,0.0,494.86
5,12,5,0,,,,2.3064833,0.0,0.0,0.0,606.92
5,13,5,0,,,,0.3248,0.0,0.0,0.0,774.57
5,14,5,0,,,,1.87085,0.0,0.0,0.0,519.66
5,15,5,0,,,,0.7995833,0.0,0.0,0.0,355.41
5,16,5,0,,,,1.8476833,0.0,0.0,0.0,365.91
5,17,5,0,,,,0.52456665,0.0,0.0,0.0,208.7
5,18,5,0,,,,2.2944167,0.0,0.0,0.0,99.21
5,19,5,0,,,,2.15725,0.0,0.0,0.0,7.69
5,20,5,0,,,,1.53155,0.0,0.0,0.0,0.0
5,21,5,0,,,,1.56995,0.0,0.0,0.0,0.0
5,22,5,0,,,,0.9113,0.0,0.0,0.0,0.0
5,23,5,0,,,,0.9005833,0.0,0.0,0.0,0.0
5,24,5,0,,,,0.45231667,0.0,0.0,0.0,0.0
5,1,6,0,,,,0.45538333,0.0,0.0,0.0,0.0
5,2,6,0,,,,0.37621668,0.0,0.0,0.0,0.0
5,3,6,0,,,,0.35738334,0.0,0.0,0.0,0.0
5,4,6,0,,,,0.3601125,0.0,0.0,0.0,0.0
5,5,6,0,,,,0.35796666,0.0,0.0,0.0,0.0
5,6,6,0,,,,0.35688335,0.0,0.0,0.0,14.89
5,7,6,0,,,,0.35345,0.0,0.0,0.0,5.58
5,8,6,0,,,,0.36956668,0.0,0.0,0.0,18.87
5,9,6,0,,,,0.8806,0.0,0.0,0.0,127.92
5,10,6,0,,,,0.66711664,0.0,0.0,0.0,100.1
5,11,6,0,,,,0.35793334,0.0,0.0,0.0,164.01
5,12,6,0,,,,0.6165,0.0,0.0,0.0,117.81
5,13,6,0,,,,0.65146667,0.0,0.0,0.0,209.18
5,14,6,0,,,,0.5966,0.0,0.0,0.0,55.07
5,15,6,0,,,,0.5944167,0.0,0.0,0.0,43.67
5,16,6,0,,,,0.6235167,0.0,0.0,0.0,60.71
5,17,6,0,,,,0.71085,0.0,0.0,0.0,133.54
5,18,6,0,,,,1.0549,0.0,0.0,0.0,29.59
5,19,6,0,,,,4.5270667,0.0,0.0,0.0,33.85
5,20,6,0,,,,3.8673666,0.0,0.0,0.0,0.0
5,21,6,0,,,,2.33205,0.0,0.0,0.0,0.0
5,22,6,0,,,,0.89143336,0.0,0.0,0.0,0.0
5,23,6,0,,,,0.7988333,0.0,0.0,0.0,0.0
5,24,6,0,,,,0.53779167,0.0,0.0,0.0,0.0
5,1,7,0,,,,0.4479,0.0,0.0,0.0,0.0
5,2,7,0,,,,0.44958332,0.0,0.0,0.0,0.0
5,3,7,0,,,,0.44368333,0.0,0.0,0.0,0.0
5,4,7,0,,,,0.43896666,0.0,0.0,0.0,0.0
5,5,7,0,,,,0.43845,0.0,0.0,0.0,0.0
5,6,7,0,,,,0.4323,0.0,0.0,0.0,0.0
5,7,7,0,,,,0.43776667,0.0,0.0,0.0,23.14
5,8,7,0,,,,0.46751666,0.0,0.0,0.0,150.5
5,9,7,0,,,,0.9719,0.0,0.0,0.0,290.96
5,10,7,0,,,,1.2186,0.0,0.0,0.0,300.74
5,11,7,0,,,,0.6021,0.0,0.0,0.0,183.25
5,12,7,0,,,,0.6037667,0.0,0.0,0.0,264.42
5,13,7,0,,,,0.7137,0.0,0.0,0.0,487.87
5,14,7,0,,,,1.3513334,0.0,0.0,0.0,638.37
5,15,7,0,,,,1.3346334,0.0,0.0,0.0,53.98
5,16,7,0,,,,1.2099333,0.0,0.0,0.0,122.5
5,17,7,0,,,,1.2441833,0.0,0.0,0.0,116.59
5,18,7,0,,,,1.2851167,0.0,0.0,0.0,15.96
5,19,7,0,,,,1.4489666,0.0,0.0,0.0,37.89
5,20,7,0,,,,1.50155,0.0,0.0,0.0,0.0
5,21,7,0,,,,1.5346833,0.0,0.0,0.0,0.0
5,22,7,0,,,,1.759,0.0,0.0,0.0,0.0
5,23,7,0,,,,1.7314667,0.0,0.0,0.0,0.0
5,24,7,0,,,,1.270925,0.0,0.0,0.0,0.0
5,1,1,0,,,,1.0431833,0.0,0.0,0.0,0.0
5,2,1,0,,,,0.62726665,0.0,0.0,0.0,0.0
5,3,1,0,,,,0.43825,0.0,0.0,0.0,0.0
5,4,1,0,,,,0.43728334,0.0,0.0,0.0,0.0
5,5,1,0,,,,0.43421668,0.0,0.0,0.0,0.0
5,6,1,0,,,,0.54268336,0.0,0.0,0.0,0.0
5,7,1,0,,,,0.7216,0.0,0.0,0.0,6.34
5,8,1,0,,,,0.6744,0.0,0.0,0.0,78.7
5,9,1,0,,,,0.35621667,0.0,0.0,0.0,67.47
5,10,1,0,,,,0.36493334,0.0,0.0,0.0,95.75
5,11,1,0,,,,0.367,0.0,0.0,0.0,135.55
5,12,1,0,,,,0.36748335,0.0,0.0,0.0,136.02
5,13,1,0,,,,0.36625,0.0,0.0,0.0,90.22
5,14,1,0,,,,0.36666667,0.0,0.0,0.0,104.55
5,15,1,0,,,,0.40376666,0.0,0.0,0.0,79.64
5,16,1,0,,,,0.36571667,0.0,0.0,0.0,61.39
5,17,1,0,,,,0.36513335,0.0,0.0,0.0,40.53
5,18,1,0,,,,0.50016665,0.0,0.0,0.0,37.53
5,19,1,0,,,,0.8317,0.0,0.0,0.0,22.83
5,20,1,0,,,,0.94016665,0.0,0.0,0.0,0.0
5,21,1,0,,,,1.2280667,0.0,0.0,0.0,0.0
5,22,1,0,,,,1.2533,0.0,0.0,0.0,0.0
5,23,1,0,,,,0.52533334,0.0,0.0,0.0,0.0
5,24,1,0,,,,0.452625,0.0,0.0,0.0,0.0
5,1,2,0,,,,0.4506,0.0,0.0,0.0,0.0
5,2,2,0,,,,0.44826666,0.0,0.0,0.0,0.0
5,3,2,0,,,,0.4371,0.0,0.0,0.0,0.0
5,4,2,0,,,,0.43656668,0.0,0.0,0.0,0.0
5,5,2,0,,,,0.43418333,0.0,0.0,0.0,0.0
5,6,2,0,,,,0.55188334,0.0,0.0,0.0,0.0
5,7,2,0,,,,0.74831665,0.0,0.0,0.0,6.36
5,8,2,0,,,,0.7704,0.0,0.0,0.0,17.99
5,9,2,0,,,,0.5013833,0.0,0.0,0.0,67.68
5,10,2,0,,,,0.35076666,0.0,0.0,0.0,107.36
5,11,2,0,,,,0.36668333,0.0,0.0,0.0,163.04
5,12,2,0,,,,0.36476666,0.0,0.0,0.0,143.55
5,13,2,0,,,,0.36115,0.0,0.0,0.0,103.37
5,14,2,0,,,,0.3663,0.0,0.0,0.0,107.82
5,15,2,0,,,,0.3629,0.0,0.0,0.0,77.62
5,16,2,0,,,,0.38941666,0.0,0.0,0.0,72.12
5,17,2,0,,,,0.59798336,0.0,0.0,0.0,41.35
5,18,2,0,,,,0.82626665,0.0,0.0,0.0,36.87
5,19,2,0,,,,0.8854333,0.0,0.0,0.0,27.35
5,20,2,0,,,,1.1836833,0.0,0.0,0.0,0.0
5,21,2,0,,,,1.3188833,0.0,0.0,0.0,0.0
5,22,2,0,,,,1.2205167,0.0,0.0,0.0,0.0
5,23,2,0,,,,0.84655,0.0,0.0,0.0,0.0
5,24,2,0,,,,0.45001668,0.0,0.0,0.0,0.0
5,1,3,0,,,,0.45386666,0.0,0.0,0.0,0.0
5,2,3,0,,,,0.45081666,0.0,0.0,0.0,0.0
5,3,3,0,,,,0.4421,0.0,0.0,0.0,0.0
5,4,3,0,,,,0.43926665,0.0,0.0,0.0,0.0
5,5,3,0,,,,0.43888333,0.0,0.0,0.0,0.0
5,6,3,0,,,,0.74308336,0.0,0.0,0.0,0.0
5,7,3,0,,,,0.82843333,0.0,0.0,0.0,93.02
5,8,3,0,,,,0.83785,0.0,0.0,0.0,283.84
5,9,3,0,,,,1.4600166,0.0,0.0,0.0,483.32
5,10,3,0,,,,0.8702667,0.0,0.0,0.0,642.27
5,11,3,0,,,,0.7231,0.0,0.0,0.0,694.36
5,12,3,0,,,,0.3606,0.0,0.0,0.0,299.5
5,13,3,0,,,,0.6504833,0.0,0.0,0.0,342.95
5,14,3,0,,,,0.95915,0.0,0.0,0.0,343.73
5,15,3,0,,,,0.7496,0.0,0.0,0.0,137.66
5,16,3,0,,,,0.5654167,0.0,0.0,0.0,185.44
5,17,3,0,,,,0.39131665,0.0,0.0,0.0,133.9
5,18,3,0,,,,0.5711667,0.0,0.0,0.0,47.73
5,19,3,0,,,,0.7751167,0.0,0.0,0.0,24.34
5,20,3,0,,,,0.8671,0.0,0.0,0.0,0.0
5,21,3,0,,,,1.0178666,0.0,0.0,0.0,0.0
5,22,3,0,,,,0.9360333,0.0,0.0,0.0,0.0
5,23,3,0,,,,1.4465,0.0,0.0,0.0,0.0
5,24,3,0,,,,1.2115667,0.0,0.0,0.0,0.0
5,1,4,0,,,,0.8192,0.0,0.0,0.0,0.0
5,2,4,0,,,,0.3931,0.0,0.0,0.0,0.0
5,3,4,0,,,,0.37623334,0.0,0.0,0.0,0.0
5,4,4,0,,,,0.3726,0.0,0.0,0.0,0.0
5,5,4,0,,,,0.37226668,0.0,0.0,0.0,0.0
5,6,4,0,,,,0.5327833,0.0,0.0,0.0,1.74
5,7,4,0,,,,0.6275833,0.0,0.0,0.0,43.5
5,8,4,0,,,,0.81156665,0.0,0.0,0.0,240.11
5,9,4,0,,,,0.37608334,0.0,0.0,0.0,469.37
5,10,4,0,,,,0.3881,0.0,0.0,0.0,612.91
5,11,4,0,,,,0.39381668,0.0,0.0,0.0,541.82
5,12,4,0,,,,0.38715,0.0,0.0,0.0,389.34
5,13,4,0,,,,0.3748,0.0,0.0,0.0,275.55
5,14,4,0,,,,0.33931667,0.0,0.0,0.0,74.33
5,15,4,0,,,,0.37758332,0.0,0.0,0.0,565.39
5,16,4,0,,,,0.33526668,0.0,0.0,0.0,429.88
5,17,4,0,,,,0.3805,0.0,0.0,0.0,295.44
5,18,4,0,,,,0.44445,0.0,0.0,0.0,152.96
5,19,4,0,,,,0.61216664,0.0,0.0,0.0,42.25
5,20,4,0,,,,0.80153334,0.0,0.0,0.0,0.0
5,21,4,0,,,,1.0728834,0.0,0.0,0.0,0.0
5,22,4,0,,,,1.1457334,0.0,0.0,0.0,0.0
5,23,4,0,,,,1.1237667,0.0,0.0,0.0,0.0
5,24,4,0,,,,0.6915,0.0,0.0,0.0,0.0
5,1,5,0,,,,0.47868332,0.0,0.0,0.0,0.0
5,2,5,0,,,,0.47313333,0.0,0.0,0.0,0.0
5,3,5,0,,,,0.46355,0.0,0.0,0.0,0.0
5,4,5,0,,,,0.45953333,0.0,0.0,0.0,0.0
5,5,5,0,,,,0.4594,0.0,0.0,0.0,0.0
5,6,5,0,,,,0.7144167,0.0,0.0,0.0,3.62
5,7,5,0,,,,0.99088335,0.0,0.0,0.0,87.53
5,8,5,0,,,,0.48378333,0.0,0.0,0.0,212.9
5,9,5,0,,,,0.2765,0.0,0.0,0.0,472.59
5,10,5,0,,,,0.28755,0.0,0.0,0.0,617.94
5,11,5,0,,,,0.29058334,0.0,0.0,0.0,676.39
5,12,5,0,,,,0.28491667,0.0,0.0,0.0,495.09
5,13,5,0,,,,0.26728332,0.0,0.0,0.0,392.98
5,14,5,0,,,,0.23666666,0.0,0.0,0.0,539.92
5,15,5,0,,,,0.24813333,0.0,0.0,0.0,544.25
5,16,5,0,,,,0.23486666,0.0,0.0,0.0,295.79
5,17,5,0,,,,0.25393334,0.0,0.0,0.0,344.78
5,18,5,0,,,,0.6253333,0.0,0.0,0.0,165.75
5,19,5,0,,,,0.8990833,0.0,0.0,0.0,36.73
5,20,5,0,,,,1.0037333,0.0,0.0,0.0,0.0
5,21,5,0,,,,0.7662167,0.0,0.0,0.0,0.0
5,22,5,0,,,,0.6027667,0.0,0.0,0.0,0.0
5,23,5,0,,,,0.89195,0.0,0.0,0.0,0.0
5,24,5,0,,,,1.021475,0.0,0.0,0.0,0.0
5,1,6,0,,,,0.27795,0.0,0.0,0.0,0.0
5,2,6,0,,,,0.27868333,0.0,0.0,0.0,0.0
5,3,6,0,,,,0.27296665,0.0,0.0,0.0,0.0
5,4,6,0,,,,0.27231666,0.0,0.0,0.0,0.0
5,5,6,0,,,,0.27236667,0.0,0.0,0.0,0.0
5,6,6,0,,,,0.26626667,0.0,0.0,0.0,0.18
5,7,6,0,,,,0.27591667,0.0,0.0,0.0,92.28
5,8,6,0,,,,0.28266665,0.0,0.0,0.0,264.42
5,9,6,0,,,,0.31591666,0.0,0.0,0.0,416.17
5,10,6,0,,,,0.31286666,0.0,0.0,0.0,564.61
5,11,6,0,,,,0.6797083,0.0,0.0,0.0,664.75
5,12,6,0,,,,0.7040667,0.0,0.0,0.0,471.08
5,13,6,0,,,,0.47756666,0.0,0.0,0.0,652.31
5,14,6,0,,,,0.28665,0.0,0.0,0.0,323.02
5,15,6,0,,,,0.50773335,0.0,0.0,0.0,485.83
5,16,6,0,,,,0.51958334,0.0,0.0,0.0,329.28
5,17,6,0,,,,0.56728333,0.0,0.0,0.0,214.66
5,18,6,0,,,,0.85036665,0.0,0.0,0.0,77.38
5,19,6,0,,,,0.9698833,0.0,0.0,0.0,5.39
5,20,6,0,,,,0.66905,0.0,0.0,0.0,0.0
5,21,6,0,,,,0.7707667,0.0,0.0,0.0,0.0
5,22,6,0,,,,0.7031,0.0,0.0,0.0,0.0
5,23,6,0,,,,0.70823336,0.0,0.0,0.0,0.0
5,24,6,0,,,,0.477625,0.0,0.0,0.0,0.0
5,1,7,0,,,,0.28928334,0.0,0.0,0.0,0.0
5,2,7,0,,,,0.28561667,0.0,0.0,0.0,0.0
5,3,7,0,,,,0.38623333,0.0,0.0,0.0,0.0
5,4,7,0,,,,0.563,0.0,0.0,0.0,0.0
5,5,7,0,,,,0.36595,0.0,0.0,0.0,0.0
5,6,7,0,,,,0.57598335,0.0,0.0,0.0,0.51
5,7,7,0,,,,0.66075,0.0,0.0,0.0,7.3
5,8,7,0,,,,0.76538336,0.0,0.0,0.0,37.84
5,9,7,0,,,,0.7808167,0.0,0.0,0.0,162.29
5,10,7,0,,,,0.28865,0.0,0.0,0.0,401.91
5,11,7,0,,,,0.36978334,0.0,0.0,0.0,556.47
5,12,7,0,,,,0.70206666,0.0,0.0,0.0,790.03
5,13,7,0,,,,0.6220833,0.0,0.0,0.0,704.15
5,14,7,0,,,,0.52355,0.0,0.0,0.0,474.46
5,15,7,0,,,,0.52335,0.0,0.0,0.0,340.23
5,16,7,0,,,,0.5208833,0.0,0.0,0.0,237.46
5,17,7,0,,,,0.51961666,0.0,0.0,0.0,366.75
5,18,7,0,,,,0.5119,0.0,0.0,0.0,101.29
5,19,7,0,,,,0.49738333,0.0,0.0,0.0,39.57
5,20,7,0,,,,0.66175,0.0,0.0,0.0,0.0
5,21,7,0,,,,0.6173,0.0,0.0,0.0,0.0
5,22,7,0,,,,0.37148333,0.0,0.0,0.0,0.0
5,23,7,0,,,,0.68911666,0.0,0.0,0.0,0.0
5,24,7,0,,,,0.410475,0.0,0.0,0.0,0.0
5,1,1,0,,,,0.27821666,0.0,0.0,0.0,0.0
5,2,1,0,,,,0.28041667,0.0,0.0,0.0,0.0
5,3,1,0,,,,0.27441666,0.0,0.0,0.0,0.0
5,4,1,0,,,,0.27425,0.0,0.0,0.0,0.0
5,5,1,0,,,,0.27483332,0.0,0.0,0.0,0.0
5,6,1,0,,,,0.47288334,0.0,0.0,0.0,0.17
5,7,1,0,,,,3.04255,0.0,0.0,0.0,60.97
5,8,1,0,,,,3.8869667,0.0,0.0,0.0,114.59
5,9,1,0,,,,2.0074832,0.0,0.0,0.0,288.78
5,10,1,0,,,,0.5079333,0.0,0.0,0.0,579.76
5,11,1,0,,,,0.51315,0.0,0.0,0.0,541.52
5,12,1,0,,,,3.11195,0.0,0.0,0.0,583.22
5,13,1,0,,,,2.0170333,0.0,0.0,0.0,643.37
5,14,1,0,,,,1.1442333,0.0,0.0,0.0,506.28
5,15,1,0,,,,0.62906665,0.0,0.0,0.0,209.97
5,16,1,0,,,,0.28545,0.0,0.0,0.0,65.63
5,17,1,0,,,,0.28485,0.0,0.0,0.0,211.68
5,18,1,0,,,,0.2825,0.0,0.0,0.0,156.93
5,19,1,0,,,,0.63731664,0.0,0.0,0.0,44.0
5,20,1,0,,,,0.7582833,0.0,0.0,0.0,0.0
5,21,1,0,,,,1.2123667,0.0,0.0,0.0,0.0
5,22,1,0,,,,1.4938667,0.0,0.0,0.0,0.0
5,23,1,0,,,,0.49023333,0.0,0.0,0.0,0.0
5,24,1,0,,,,1.1174417,0.0,0.0,0.0,0.0
5,1,2,0,,,,1.1340667,0.0,0.0,0.0,0.0
5,2,2,0,,,,0.35593334,0.0,0.0,0.0,0.0
5,3,2,0,,,,0.5352167,0.0,0.0,0.0,0.0
5,4,2,0,,,,0.36136666,0.0,0.0,0.0,0.0
5,5,2,0,,,,0.36086667,0.0,0.0,0.0,0.0
5,6,2,0,,,,0.62195,0.0,0.0,0.0,14.18
5,7,2,0,,,,0.6583667,0.0,0.0,0.0,32.87
5,8,2,0,,,,0.6915333,0.0,0.0,0.0,163.26
5,9,2,0,,,,0.2794,0.0,0.0,0.0,109.8
5,10,2,0,,,,0.27665,0.0,0.0,0.0,382.5
5,11,2,0,,,,0.28143334,0.0,0.0,0.0,610.85
5,12,2,0,,,,0.293,0.0,0.0,0.0,450.24
5,13,2,0,,,,0.28393334,0.0,0.0,0.0,670.81
5,14,2,0,,,,0.28005,0.0,0.0,0.0,506.68
5,15,2,0,,,,0.27983335,0.0,0.0,0.0,401.53
5,16,2,0,,,,0.4489,0.0,0.0,0.0,239.49
5,17,2,0,,,,0.66323334,0.0,0.0,0.0,185.01
5,18,2,0,,,,0.6665,0.0,0.0,0.0,100.48
5,19,2,0,,,,0.9145667,0.0,0.0,0.0,41.49
5,20,2,0,,,,1.2642167,0.0,0.0,0.0,0.0
5,21,2,0,,,,1.2728167,0.0,0.0,0.0,0.0
5,22,2,0,,,,0.7592667,0.0,0.0,0.0,0.0
5,23,2,0,,,,0.3627,0.0,0.0,0.0,0.0
5,24,2,0,,,,0.36855,0.0,0.0,0.0,0.0
5,1,3,0,,,,0.36541668,0.0,0.0,0.0,0.0
5,2,3,0,,,,0.36198333,0.0,0.0,0.0,0.0
5,3,3,0,,,,0.35843334,0.0,0.0,0.0,0.0
5,4,3,0,,,,0.3575,0.0,0.0,0.0,0.0
5,5,3,0,,,,0.36145,0.0,0.0,0.0,0.0
5,6,3,0,,,,0.5071167,0.0,0.0,0.0,4.42
5,7,3,0,,,,0.7919833,0.0,0.0,0.0,97.81
5,8,3,0,,,,0.47558334,0.0,0.0,0.0,33.98
5,9,3,0,,,,0.2771,0.0,0.0,0.0,270.18
5,10,3,0,,,,0.2818,0.0,0.0,0.0,617.08
5,11,3,0,,,,0.28496668,0.0,0.0,0.0,652.77
5,12,3,0,,,,0.28185,0.0,0.0,0.0,773.43
5,13,3,0,,,,0.29316667,0.0,0.0,0.0,764.08
5,14,3,0,,,,0.45828333,0.0,0.0,0.0,478.25
5,15,3,0,,,,0.39491665,0.0,0.0,0.0,456.29
5,16,3,0,,,,0.75025,0.0,0.0,0.0,325.95
5,17,3,0,,,,0.79213333,0.0,0.0,0.0,298.36
5,18,3,0,,,,0.7479333,0.0,0.0,0.0,154.02
5,19,3,0,,,,0.58295,0.0,0.0,0.0,46.0
5,20,3,0,,,,0.95945,0.0,0.0,0.0,0.12
5,21,3,0,,,,1.065,0.0,0.0,0.0,0.0
5,22,3,0,,,,0.85935,0.0,0.0,0.0,0.0
5,23,3,0,,,,0.77096665,0.0,0.0,0.0,0.0
5,24,3,0,,,,0.62924165,0.0,0.0,0.0,0.0
5,1,4,0,,,,0.36611667,0.0,0.0,0.0,0.0
5,2,4,0,,,,0.36668333,0.0,0.0,0.0,0.0
5,3,4,0,,,,0.36396667,0.0,0.0,0.0,0.0
5,4,4,0,,,,0.36221668,0.0,0.0,0.0,0.0
5,5,4,0,,,,0.35685,0.0,0.0,0.0,0.0
5,6,4,0,,,,0.69276667,0.0,0.0,0.0,0.49
5,7,4,0,,,,0.76608336,0.0,0.0,0.0,98.23
5,8,4,0,,,,0.7507,0.0,0.0,0.0,217.68
5,9,4,0,,,,0.32146665,0.0,0.0,0.0,415.35
5,10,4,0,,,,0.2928,0.0,0.0,0.0,506.83
5,11,4,0,,,,0.30121666,0.0,0.0,0.0,643.8
5,12,4,0,,,,0.29718333,0.0,0.0,0.0,789.11
5,13,4,0,,,,0.28466666,0.0,0.0,0.0,820.94
5,14,4,0,,,,0.30135,0.0,0.0,0.0,698.47
5,15,4,0,,,,0.61936665,0.0,0.0,0.0,637.38
5,16,4,0,,,,0.7191167,0.0,0.0,0.0,465.56
5,17,4,0,,,,0.33408332,0.0,0.0,0.0,325.83
5,18,4,0,,,,0.36906666,0.0,0.0,0.0,150.9
5,19,4,0,,,,0.45525,0.0,0.0,0.0,46.12
5,20,4,0,,,,0.75843334,0.0,0.0,0.0,0.0
5,21,4,0,,,,0.96206665,0.0,0.0,0.0,0.0
5,22,4,0,,,,1.0059167,0.0,0.0,0.0,0.0
5,23,4,0,,,,0.74903333,0.0,0.0,0.0,0.0
5,24,4,0,,,,0.62326664,0.0,0.0,0.0,0.0
5,1,5,0,,,,0.36191666,0.0,0.0,0.0,0.0
5,2,5,0,,,,0.36246666,0.0,0.0,0.0,0.0
5,3,5,0,,,,0.35821667,0.0,0.0,0.0,0.0
5,4,5,0,,,,0.35703334,0.0,0.0,0.0,0.0
5,5,5,0,,,,0.35885,0.0,0.0,0.0,0.0
5,6,5,0,,,,0.46636668,0.0,0.0,0.0,25.89
5,7,5,0,,,,0.37895,0.0,0.0,0.0,91.6
5,8,5,0,,,,0.3125,0.0,0.0,0.0,294.89
5,9,5,0,,,,0.6853,0.0,0.0,0.0,481.11
5,10,5,0,,,,0.37016666,0.0,0.0,0.0,640.21
5,11,5,0,,,,0.28865,0.0,0.0,0.0,749.52
5,12,5,0,,,,0.27765,0.0,0.0,0.0,802.91
5,13,5,0,,,,0.23723334,0.0,0.0,0.0,824.62
5,14,5,0,,,,0.23746666,0.0,0.0,0.0,763.1
5,15,5,0,,,,0.23761667,0.0,0.0,0.0,693.75
5,16,5,0,,,,0.2881,0.0,0.0,0.0,553.23
5,17,5,0,,,,0.23178333,0.0,0.0,0.0,377.72
5,18,5,0,,,,0.2483,0.0,0.0,0.0,170.77
5,19,5,0,,,,0.29311666,0.0,0.0,0.0,42.81
5,20,5,0,,,,0.30426666,0.0,0.0,0.0,2.42
5,21,5,0,,,,0.60013336,0.0,0.0,0.0,0.0
5,22,5,0,,,,0.94061667,0.0,0.0,0.0,0.0
5,23,5,0,,,,1.1214833,0.0,0.0,0.0,0.0
5,24,5,0,,,,0.8569583,0.0,0.0,0.0,0.0
5,1,6,0,,,,0.39593333,0.0,0.0,0.0,0.0
5,2,6,0,,,,0.36613333,0.0,0.0,0.0,0.0
5,3,6,0,,,,0.36325,0.0,0.0,0.0,0.0
5,4,6,0,,,,0.3599,0.0,0.0,0.0,0.0
5,5,6,0,,,,0.35986668,0.0,0.0,0.0,0.0
5,6,6,0,,,,0.3515,0.0,0.0,0.0,24.35
5,7,6,0,,,,0.4815,0.0,0.0,0.0,91.79
5,8,6,0,,,,0.98536664,0.0,0.0,0.0,290.3
5,9,6,0,,,,0.66513336,0.0,0.0,0.0,474.04
5,10,6,0,,,,0.28745,0.0,0.0,0.0,627.77
5,11,6,0,,,,0.25001666,0.0,0.0,0.0,738.19
5,12,6,0,,,,0.24353333,0.0,0.0,0.0,798.02
5,13,6,0,,,,0.23901667,0.0,0.0,0.0,799.86
5,14,6,0,,,,0.23778333,0.0,0.0,0.0,764.4
5,15,6,0,,,,0.33775,0.0,0.0,0.0,687.4
5,16,6,0,,,,2.1748,0.0,0.0,0.0,547.75
5,17,6,0,,,,0.48155,0.0,0.0,0.0,367.92
5,18,6,0,,,,1.09195,0.0,0.0,0.0,170.24
5,19,6,0,,,,1.6264666,0.0,0.0,0.0,46.62
5,20,6,0,,,,1.6011833,0.0,0.0,0.0,6.27
5,21,6,0,,,,1.4085833,0.0,0.0,0.0,0.0
5,22,6,0,,,,2.2917333,0.0,0.0,0.0,0.0
5,23,6,0,,,,3.3269334,0.0,0.0,0.0,0.0
5,24,6,0,,,,3.0515666,0.0,0.0,0.0,0.0
5,1,7,0,,,,1.4069333,0.0,0.0,0.0,0.0
5,2,7,0,,,,0.24408333,0.0,0.0,0.0,0.0
5,3,7,0,,,,0.23668334,0.0,0.0,0.0,0.0
5,4,7,0,,,,0.23506667,0.0,0.0,0.0,0.0
5,5,7,0,,,,0.23598333,0.0,0.0,0.0,0.0
5,6,7,0,,,,0.22993334,0.0,0.0,0.0,0.83
5,7,7,0,,,,2.0110333,0.0,0.0,0.0,66.12
5,8,7,0,,,,0.44751668,0.0,0.0,0.0,120.52
5,9,7,0,,,,1.2203333,0.0,0.0,0.0,48.26
5,10,7,0,,,,1.1738666,0.0,0.0,0.0,84.92
5,11,7,0,,,,2.02085,0.0,0.0,0.0,236.49
5,12,7,0,,,,3.5366,0.0,0.0,0.0,426.8
5,13,7,0,,,,0.8875667,0.0,0.0,0.0,421.37
5,14,7,0,,,,1.3148667,0.0,0.0,0.0,206.0
5,15,7,0,,,,3.9945333,0.0,0.0,0.0,247.7
5,16,7,0,,,,1.6876333,0.0,0.0,0.0,314.85
5,17,7,0,,,,1.7377,0.0,0.0,0.0,319.27
5,18,7,0,,,,1.01615,0.0,0.0,0.0,168.96
5,19,7,0,,,,1.2099167,0.0,0.0,0.0,31.49
5,20,7,0,,,,1.2834834,0.0,0.0,0.0,6.93
5,21,7,0,,,,0.89915,0.0,0.0,0.0,0.0
5,22,7,0,,,,0.61611664,0.0,0.0,0.0,0.0
5,23,7,0,,,,1.7180166,0.0,0.0,0.0,0.0
5,24,7,0,,,,0.28265834,0.0,0.0,0.0,0.0
5,1,1,0,,,,0.24115,0.0,0.0,0.0,0.0
5,2,1,0,,,,0.23896667,0.0,0.0,0.0,0.0
5,3,1,0,,,,0.23515,0.0,0.0,0.0,0.0
5,4,1,0,,,,0.23561667,0.0,0.0,0.0,0.0
5,5,1,0,,,,0.23528333,0.0,0.0,0.0,0.0
5,6,1,0,,,,0.7953167,0.0,0.0,0.0,26.03
5,7,1,0,,,,0.74633336,0.0,0.0,0.0,98.48
5,8,1,0,,,,0.7126833,0.0,0.0,0.0,286.94
5,9,1,0,,,,0.26173332,0.0,0.0,0.0,461.92
5,10,1,0,,,,1.5837166,0.0,0.0,0.0,609.47
5,11,1,0,,,,0.24633333,0.0,0.0,0.0,693.08
5,12,1,0,,,,1.5247,0.0,0.0,0.0,734.46
5,13,1,0,,,,1.1227334,0.0,0.0,0.0,668.29
5,14,1,0,,,,2.3553333,0.0,0.0,0.0,659.32
5,15,1,0,,,,3.07505,0.0,0.0,0.0,174.89
5,16,1,0,,,,2.3658834,0.0,0.0,0.0,241.14
5,17,1,0,,,,1.28245,0.0,0.0,0.0,79.64
5,18,1,0,,,,2.50315,0.0,0.0,0.0,157.42
5,19,1,0,,,,1.48815,0.0,0.0,0.0,50.61
5,20,1,0,,,,1.7875667,0.0,0.0,0.0,0.14
5,21,1,0,,,,2.2390833,0.0,0.0,0.0,0.0
5,22,1,0,,,,1.10505,0.0,0.0,0.0,0.0
5,23,1,0,,,,0.6983333,0.0,0.0,0.0,0.0
5,24,1,0,,,,0.32568333,0.0,0.0,0.0,0.0
5,1,2,0,,,,0.25488332,0.0,0.0,0.0,0.0
5,2,2,0,,,,0.25561666,0.0,0.0,0.0,0.0
5,3,2,0,,,,0.24076666,0.0,0.0,0.0,0.0
5,4,2,0,,,,0.23893334,0.0,0.0,0.0,0.0
5,5,2,0,,,,0.23853333,0.0,0.0,0.0,0.0
5,6,2,0,,,,0.39958334,0.0,0.0,0.0,0.86
5,7,2,0,,,,0.7403333,0.0,0.0,0.0,98.23
5,8,2,0,,,,1.42675,0.0,0.0,0.0,269.37
5,9,2,0,,,,0.24515,0.0,0.0,0.0,446.38
5,10,2,0,,,,0.25668332,0.0,0.0,0.0,597.65
5,11,2,0,,,,0.26485,0.0,0.0,0.0,679.14
5,12,2,0,,,,1.6194834,0.0,0.0,0.0,674.03
5,13,2,0,,,,3.86685,0.0,0.0,0.0,361.68
5,14,2,0,,,,3.83855,0.0,0.0,0.0,275.19
5,15,2,0,,,,2.87755,0.0,0.0,0.0,562.53
5,16,2,0,,,,2.1420166,0.0,0.0,0.0,490.95
5,17,2,0,,,,0.97356665,0.0,0.0,0.0,143.46
5,18,2,0,,,,0.54765,0.0,0.0,0.0,11.71
5,19,2,0,,,,1.0366167,0.0,0.0,0.0,32.46
5,20,2,0,,,,3.0096,0.0,0.0,0.0,8.49
5,21,2,0,,,,3.8368332,0.0,0.0,0.0,0.0
5,22,2,0,,,,0.8911833,0.0,0.0,0.0,0.0
5,23,2,0,,,,0.47826666,0.0,0.0,0.0,0.0
5,24,2,0,,,,0.24866667,0.0,0.0,0.0,0.0
5,1,3,0,,,,0.244575,0.0,0.0,0.0,0.0
5,2,3,0,,,,0.24083333,0.0,0.0,0.0,0.0
5,3,3,0,,,,0.2381,0.0,0.0,0.0,0.0
5,4,3,0,,,,0.23761667,0.0,0.0,0.0,0.0
5,5,3,0,,,,0.25843334,0.0,0.0,0.0,0.0
5,6,3,0,,,,0.29303333,0.0,0.0,0.0,0.87
5,7,3,0,,,,0.32705,0.0,0.0,0.0,97.84
5,8,3,0,,,,0.57596666,0.0,0.0,0.0,279.55
5,9,3,0,,,,1.6659833,0.0,0.0,0.0,279.45
5,10,3,0,,,,0.25233334,0.0,0.0,0.0,524.88
5,11,3,0,,,,0.26078334,0.0,0.0,0.0,491.32
5,12,3,0,,,,1.8678334,0.0,0.0,0.0,404.91
5,13,3,0,,,,0.49141666,0.0,0.0,0.0,499.77
5,14,3,0,,,,1.8092834,0.0,0.0,0.0,556.32
5,15,3,0,,,,1.8041834,0.0,0.0,0.0,320.78
5,16,3,0,,,,0.99368334,0.0,0.0,0.0,340.32
5,17,3,0,,,,0.3525,0.0,0.0,0.0,0.0
5,18,3,0,,,,0.51371664,0.0,0.0,0.0,119.89
5,19,3,0,,,,0.6360833,0.0,0.0,0.0,54.19
5,20,3,0,,,,0.88911664,0.0,0.0,0.0,0.0
5,21,3,0,,,,0.83531666,0.0,0.0,0.0,0.0
5,22,3,0,,,,0.71286666,0.0,0.0,0.0,0.0
5,23,3,0,,,,0.8664,0.0,0.0,0.0,0.0
5,24,3,0,,,,1.606875,0.0,0.0,0.0,0.0
5,1,4,0,,,,0.52635,0.0,0.0,0.0,0.0
5,2,4,0,,,,0.7592667,0.0,0.0,0.0,0.0
5,3,4,0,,,,0.72025,0.0,0.0,0.0,0.0
5,4,4,0,,,,0.36393332,0.0,0.0,0.0,0.0
5,5,4,0,,,,0.3627,0.0,0.0,0.0,0.0
5,6,4,0,,,,0.35893333,0.0,0.0,0.0,1.25
5,7,4,0,,,,0.8397,0.0,0.0,0.0,83.72
5,8,4,0,,,,1.1929166,0.0,0.0,0.0,209.66
5,9,4,0,,,,2.1172166,0.0,0.0,0.0,386.94
5,10,4,0,,,,3.3448834,0.0,0.0,0.0,319.41
5,11,4,0,,,,1.2278666,0.0,0.0,0.0,411.72
5,12,4,0,,,,0.49311668,0.0,0.0,0.0,418.14
5,13,4,0,,,,0.48273334,0.0,0.0,0.0,611.11
5,14,4,0,,,,0.48448333,0.0,0.0,0.0,348.78
5,15,4,0,,,,0.621,0.0,0.0,0.0,99.21
5,16,4,0,,,,0.5462667,0.0,0.0,0.0,320.46
5,17,4,0,,,,0.5168333,0.0,0.0,0.0,64.89
5,18,4,0,,,,0.5146667,0.0,0.0,0.0,66.27
5,19,4,0,,,,0.50416666,0.0,0.0,0.0,27.34
5,20,4,0,,,,0.72173333,0.0,0.0,0.0,0.0
5,21,4,0,,,,1.1187834,0.0,0.0,0.0,0.0
5,22,4,0,,,,0.93326664,0.0,0.0,0.0,0.0
5,23,4,0,,,,0.76818335,0.0,0.0,0.0,0.0
5,24,4,0,,,,0.6127833,0.0,0.0,0.0,0.0
5,1,5,0,,,,0.37625,0.0,0.0,0.0,0.0
5,2,5,0,,,,0.37283334,0.0,0.0,0.0,0.0
5,3,5,0,,,,0.36716667,0.0,0.0,0.0,0.0
5,4,5,0,,,,0.36195,0.0,0.0,0.0,0.0
5,5,5,0,,,,0.39723334,0.0,0.0,0.0,0.0
5,6,5,0,,,,0.3097,0.0,0.0,0.0,5.5
5,7,5,0,,,,0.6196667,0.0,0.0,0.0,101.66
5,8,5,0,,,,0.47988334,0.0,0.0,0.0,295.54
5,9,5,0,,,,0.5132833,0.0,0.0,0.0,487.21
5,10,5,0,,,,0.29556668,0.0,0.0,0.0,636.14
5,11,5,0,,,,0.28788334,0.0,0.0,0.0,658.51
5,12,5,0,,,,0.48758334,0.0,0.0,0.0,665.76
5,13,5,0,,,,0.47476667,0.0,0.0,0.0,666.41
5,14,5,0,,,,0.36315,0.0,0.0,0.0,612.37
5,15,5,0,,,,0.69666666,0.0,0.0,0.0,592.08
5,16,5,0,,,,0.52745,0.0,0.0,0.0,523.3
5,17,5,0,,,,0.3693,0.0,0.0,0.0,357.92
5,18,5,0,,,,0.54873335,0.0,0.0,0.0,181.31
5,19,5,0,,,,0.9432833,0.0,0.0,0.0,45.58
5,20,5,0,,,,0.95738333,0.0,0.0,0.0,10.29
5,21,5,0,,,,0.7489833,0.0,0.0,0.0,0.0
5,22,5,0,,,,0.49846667,0.0,0.0,0.0,0.0
5,23,5,0,,,,0.50546664,0.0,0.0,0.0,0.0
5,24,5,0,,,,0.52125,0.0,0.0,0.0,0.0
5,1,6,0,,,,0.5212167,0.0,0.0,0.0,0.0
5,2,6,0,,,,0.52323335,0.0,0.0,0.0,0.0
5,3,6,0,,,,0.51736665,0.0,0.0,0.0,0.0
5,4,6,0,,,,0.51776665,0.0,0.0,0.0,0.0
5,5,6,0,,,,0.5174,0.0,0.0,0.0,0.0
5,6,6,0,,,,0.5147333,0.0,0.0,0.0,16.2
5,7,6,0,,,,0.52175,0.0,0.0,0.0,106.41
5,8,6,0,,,,0.53243333,0.0,0.0,0.0,269.41
5,9,6,0,,,,0.5334333,0.0,0.0,0.0,424.84
5,10,6,0,,,,0.5398,0.0,0.0,0.0,596.39
5,11,6,0,,,,0.88458335,0.0,0.0,0.0,682.9
5,12,6,0,,,,0.61331666,0.0,0.0,0.0,740.18
5,13,6,0,,,,0.5430167,0.0,0.0,0.0,700.54
5,14,6,0,,,,0.54285,0.0,0.0,0.0,396.5
5,15,6,0,,,,0.53745,0.0,0.0,0.0,523.55
5,16,6,0,,,,0.53353333,0.0,0.0,0.0,275.12
5,17,6,0,,,,0.53085,0.0,0.0,0.0,337.13
5,18,6,0,,,,0.53008336,0.0,0.0,0.0,162.41
5,19,6,0,,,,0.50741667,0.0,0.0,0.0,54.39
5,20,6,0,,,,0.50208336,0.0,0.0,0.0,10.07
5,21,6,0,,,,0.5159,0.0,0.0,0.0,0.0
5,22,6,0,,,,0.63801664,0.0,0.0,0.0,0.0
5,23,6,0,,,,0.7399667,0.0,0.0,0.0,0.0
5,24,6,0,,,,0.50530833,0.0,0.0,0.0,0.0
5,1,7,0,,,,0.50098336,0.0,0.0,0.0,0.0
5,2,7,0,,,,0.50235,0.0,0.0,0.0,0.0
5,3,7,0,,,,0.49796668,0.0,0.0,0.0,0.0
5,4,7,0,,,,0.7708333,0.0,0.0,0.0,0.0
5,5,7,0,,,,0.62943333,0.0,0.0,0.0,0.0
5,6,7,0,,,,0.5015333,0.0,0.0,0.0,19.61
5,7,7,0,,,,0.6795833,0.0,0.0,0.0,103.89
5,8,7,0,,,,1.0314667,0.0,0.0,0.0,278.67
5,9,7,0,,,,0.85258335,0.0,0.0,0.0,462.83
5,10,7,0,,,,0.99825,0.0,0.0,0.0,616.16
5,11,7,0,,,,1.2369833,0.0,0.0,0.0,688.6
5,12,7,0,,,,0.84688336,0.0,0.0,0.0,671.87
5,13,7,0,,,,1.1427667,0.0,0.0,0.0,592.8
5,14,7,0,,,,3.5790834,0.0,0.0,0.0,518.24
5,15,7,0,,,,1.9888,0.0,0.0,0.0,320.59
5,16,7,0,,,,3.2552166,0.0,0.0,0.0,372.46
5,17,7,0,,,,0.94481665,0.0,0.0,0.0,329.89
5,18,7,0,,,,2.9968834,0.0,0.0,0.0,159.51
5,19,7,0,,,,1.509,0.0,0.0,0.0,49.07
5,20,7,0,,,,2.2614834,0.0,0.0,0.0,11.15
5,21,7,0,,,,2.2645333,0.0,0.0,0.0,0.0
5,22,7,0,,,,1.9119333,0.0,0.0,0.0,0.0
5,23,7,0,,,,2.5160334,0.0,0.0,0.0,0.0
5,24,7,0,,,,2.0903168,0.0,0.0,0.0,0.0
5,1,1,0,,,,2.6613333,0.0,0.0,0.0,0.0
5,2,1,0,,,,0.83246666,0.0,0.0,0.0,0.0
5,3,1,0,,,,0.5861,0.0,0.0,0.0,0.0
5,4,1,0,,,,0.56423336,0.0,0.0,0.0,0.0
5,5,1,0,,,,0.37741667,0.0,0.0,0.0,0.0
5,6,1,0,,,,0.37365833,0.0,0.0,0.0,22.11
5,7,1,0,,,,0.4919,0.0,0.0,0.0,39.63
5,8,1,0,,,,1.5842167,0.0,0.0,0.0,272.35
5,9,1,0,,,,0.62338334,0.0,0.0,0.0,383.92
5,10,1,0,,,,0.6465667,0.0,0.0,0.0,599.77
5,11,1,0,,,,2.2302,0.0,0.0,0.0,711.5
5,12,1,0,,,,1.1729833,0.0,0.0,0.0,781.04
5,13,1,0,,,,3.1936166,0.0,0.0,0.0,710.3
5,14,1,0,,,,3.8122666,0.0,0.0,0.0,710.95
5,15,1,0,,,,4.17125,0.0,0.0,0.0,168.35
5,16,1,0,,,,4.017483,0.0,0.0,0.0,179.71
5,17,1,0,,,,3.89725,0.0,0.0,0.0,242.9
5,18,1,0,,,,3.3194168,0.0,0.0,0.0,82.26
5,19,1,0,,,,0.6973,0.0,0.0,0.0,55.33
5,20,1,0,,,,0.7884833,0.0,0.0,0.0,11.14
5,21,1,0,,,,0.80645,0.0,0.0,0.0,0.0
5,22,1,0,,,,0.56673336,0.0,0.0,0.0,0.0
5,23,1,0,,,,0.7209,0.0,0.0,0.0,0.0
5,24,1,0,,,,0.768975,0.0,0.0,0.0,0.0
5,1,2,0,,,,0.66616666,0.0,0.0,0.0,0.0
5,2,2,0,,,,0.58605,0.0,0.0,0.0,0.0
5,3,2,0,,,,0.7640333,0.0,0.0,0.0,0.0
5,4,2,0,,,,0.38633335,0.0,0.0,0.0,0.0
5,5,2,0,,,,0.3923,0.0,0.0,0.0,0.0
5,6,2,0,,,,0.38618332,0.0,0.0,0.0,35.63
5,7,2,0,,,,0.35328335,0.0,0.0,0.0,93.92
5,8,2,0,,,,0.30441666,0.0,0.0,0.0,281.7
5,9,2,0,,,,0.29618335,0.0,0.0,0.0,448.86
5,10,2,0,,,,0.2898,0.0,0.0,0.0,489.08
5,11,2,0,,,,0.28546667,0.0,0.0,0.0,651.28
5,12,2,0,,,,0.29256666,0.0,0.0,0.0,602.74
5,13,2,0,,,,0.76381665,0.0,0.0,0.0,400.41
5,14,2,0,,,,0.8664,0.0,0.0,0.0,471.54
5,15,2,0,,,,0.82195,0.0,0.0,0.0,414.36
5,16,2,0,,,,1.1437167,0.0,0.0,0.0,351.06
5,17,2,0,,,,1.3813334,0.0,0.0,0.0,321.09
5,18,2,0,,,,1.1460834,0.0,0.0,0.0,172.59
5,19,2,0,,,,1.1417167,0.0,0.0,0.0,57.51
5,20,2,0,,,,1.1753,0.0,0.0,0.0,1.55
5,21,2,0,,,,1.0146667,0.0,0.0,0.0,0.0
5,22,2,0,,,,0.72256666,0.0,0.0,0.0,0.0
5,23,2,0,,,,0.79503334,0.0,0.0,0.0,0.0
5,24,2,0,,,,1.0137917,0.0,0.0,0.0,0.0
5,1,3,0,,,,0.72506666,0.0,0.0,0.0,0.0
5,2,3,0,,,,0.66116667,0.0,0.0,0.0,0.0
5,3,3,0,,,,0.60221666,0.0,0.0,0.0,0.0
5,4,3,0,,,,0.5018833,0.0,0.0,0.0,0.0
5,5,3,0,,,,0.37805,0.0,0.0,0.0,0.0
5,6,3,0,,,,0.513,0.0,0.0,0.0,1.22
5,7,3,0,,,,0.6962,0.0,0.0,0.0,19.82
5,8,3,0,,,,0.41611665,0.0,0.0,0.0,64.82
5,9,3,0,,,,0.28476667,0.0,0.0,0.0,249.85
5,10,3,0,,,,0.2849,0.0,0.0,0.0,596.35
5,11,3,0,,,,0.39115,0.0,0.0,0.0,700.21
5,12,3,0,,,,0.5255333,0.0,0.0,0.0,728.99
5,13,3,0,,,,0.51405,0.0,0.0,0.0,724.59
5,14,3,0,,,,0.28968334,0.0,0.0,0.0,611.82
5,15,3,0,,,,0.53068334,0.0,0.0,0.0,629.64
5,16,3,0,,,,0.4981,0.0,0.0,0.0,518.02
5,17,3,0,,,,0.7976,0.0,0.0,0.0,358.14
5,18,3,0,,,,0.8620833,0.0,0.0,0.0,178.77
5,19,3,0,,,,1.0257666,0.0,0.0,0.0,59.25
5,20,3,0,,,,1.27015,0.0,0.0,0.0,1.56
5,21,3,0,,,,1.23885,0.0,0.0,0.0,0.0
5,22,3,0,,,,0.83743334,0.0,0.0,0.0,0.0
5,23,3,0,,,,0.43278334,0.0,0.0,0.0,0.0
5,24,3,0,,,,0.4304,0.0,0.0,0.0,0.0
6,1,4,0,,,,0.40125,0.0,0.0,0.0,0.0
6,2,4,0,,,,0.4024,0.0,0.0,0.0,0.0
6,3,4,0,,,,0.44645,0.0,0.0,0.0,0.0
6,4,4,0,,,,0.46968332,0.0,0.0,0.0,0.0
6,5,4,0,,,,0.28588334,0.0,0.0,0.0,0.0
6,6,4,0,,,,0.27636668,0.0,0.0,0.0,1.63
6,7,4,0,,,,0.5984333,0.0,0.0,0.0,101.88
6,8,4,0,,,,0.6074333,0.0,0.0,0.0,207.69
6,9,4,0,,,,0.28763333,0.0,0.0,0.0,467.3
6,10,4,0,,,,0.29451665,0.0,0.0,0.0,559.41
6,11,4,0,,,,0.3011,0.0,0.0,0.0,657.04
6,12,4,0,,,,0.2947,0.0,0.0,0.0,674.11
6,13,4,0,,,,0.28853333,0.0,0.0,0.0,679.42
6,14,4,0,,,,0.28826666,0.0,0.0,0.0,683.07
6,15,4,0,,,,0.28726667,0.0,0.0,0.0,647.73
6,16,4,0,,,,0.49455,0.0,0.0,0.0,527.57
6,17,4,0,,,,0.66928333,0.0,0.0,0.0,368.56
6,18,4,0,,,,0.6432,0.0,0.0,0.0,179.42
6,19,4,0,,,,0.45393333,0.0,0.0,0.0,47.26
6,20,4,0,,,,0.6286333,0.0,0.0,0.0,13.5
6,21,4,0,,,,0.71253335,0.0,0.0,0.0,0.0
6,22,4,0,,,,1.1347667,0.0,0.0,0.0,0.0
6,23,4,0,,,,1.1029667,0.0,0.0,0.0,0.0
6,24,4,0,,,,0.98560834,0.0,0.0,0.0,0.0
6,1,5,0,,,,1.7278334,0.0,0.0,0.0,0.0
6,2,5,0,,,,0.42656666,0.0,0.0,0.0,0.0
6,3,5,0,,,,0.27733332,0.0,0.0,0.0,0.0
6,4,5,0,,,,0.2759,0.0,0.0,0.0,0.0
6,5,5,0,,,,0.27456668,0.0,0.0,0.0,0.0
6,6,5,0,,,,0.2703,0.0,0.0,0.0,1.63
6,7,5,0,,,,0.28101668,0.0,0.0,0.0,8.91
6,8,5,0,,,,0.28636667,0.0,0.0,0.0,52.42
6,9,5,0,,,,0.28251666,0.0,0.0,0.0,169.06
6,10,5,0,,,,0.29268333,0.0,0.0,0.0,422.03
6,11,5,0,,,,0.46256667,0.0,0.0,0.0,691.97
6,12,5,0,,,,1.9760667,0.0,0.0,0.0,774.05
6,13,5,0,,,,3.6494334,0.0,0.0,0.0,767.85
6,14,5,0,,,,3.0206332,0.0,0.0,0.0,707.11
6,15,5,0,,,,0.47141665,0.0,0.0,0.0,661.04
6,16,5,0,,,,3.34655,0.0,0.0,0.0,535.62
6,17,5,0,,,,3.1005166,0.0,0.0,0.0,367.9
6,18,5,0,,,,0.57485,0.0,0.0,0.0,181.03
6,19,5,0,,,,0.61628336,0.0,0.0,0.0,47.96
6,20,5,0,,,,0.46911666,0.0,0.0,0.0,14.12
6,21,5,0,,,,0.67193335,0.0,0.0,0.0,0.0
6,22,5,0,,,,1.8468333,0.0,0.0,0.0,0.0
6,23,5,0,,,,1.0101334,0.0,0.0,0.0,0.0
6,24,5,0,,,,0.39869165,0.0,0.0,0.0,0.0
6,1,6,0,,,,0.34183332,0.0,0.0,0.0,0.0
6,2,6,0,,,,0.38173333,0.0,0.0,0.0,0.0
6,3,6,0,,,,0.30211666,0.0,0.0,0.0,0.0
6,4,6,0,,,,0.23145,0.0,0.0,0.0,0.0
6,5,6,0,,,,0.23128334,0.0,0.0,0.0,0.0
6,6,6,0,,,,0.22731666,0.0,0.0,0.0,36.42
6,7,6,0,,,,0.25581667,0.0,0.0,0.0,93.5
6,8,6,0,,,,0.46766666,0.0,0.0,0.0,284.73
6,9,6,0,,,,1.9764333,0.0,0.0,0.0,458.03
6,10,6,0,,,,1.1162333,0.0,0.0,0.0,599.43
6,11,6,0,,,,0.78216666,0.0,0.0,0.0,699.31
6,12,6,0,,,,1.1089,0.0,0.0,0.0,614.35
6,13,6,0,,,,1.143,0.0,0.0,0.0,623.28
6,14,6,0,,,,2.0228333,0.0,0.0,0.0,631.41
6,15,6,0,,,,2.6008666,0.0,0.0,0.0,452.89
6,16,6,0,,,,1.6606,0.0,0.0,0.0,113.14
6,17,6,0,,,,2.3690166,0.0,0.0,0.0,156.88
6,18,6,0,,,,1.707,0.0,0.0,0.0,126.0
6,19,6,0,,,,1.7083666,0.0,0.0,0.0,58.44
6,20,6,0,,,,0.81493336,0.0,0.0,0.0,7.26
6,21,6,0,,,,1.4132667,0.0,0.0,0.0,0.0
6,22,6,0,,,,0.65035,0.0,0.0,0.0,0.0
6,23,6,0,,,,0.90545,0.0,0.0,0.0,0.0
6,24,6,0,,,,3.2336082,0.0,0.0,0.0,0.0
6,1,7,0,,,,2.9206166,0.0,0.0,0.0,0.0
6,2,7,0,,,,3.1219666,0.0,0.0,0.0,0.0
6,3,7,0,,,,1.47465,0.0,0.0,0.0,0.0
6,4,7,0,,,,1.1189166,0.0,0.0,0.0,0.0
6,5,7,0,,,,0.49241668,0.0,0.0,0.0,0.0
6,6,7,0,,,,1.0472333,0.0,0.0,0.0,35.62
6,7,7,0,,,,0.30963334,0.0,0.0,0.0,96.65
6,8,7,0,,,,0.2391,0.0,0.0,0.0,253.4
6,9,7,0,,,,0.23645,0.0,0.0,0.0,442.11
6,10,7,0,,,,2.91155,0.0,0.0,0.0,552.07
6,11,7,0,,,,2.4779832,0.0,0.0,0.0,582.93
6,12,7,0,,,,2.6596,0.0,0.0,0.0,628.32
6,13,7,0,,,,1.8041,0.0,0.0,0.0,486.75
6,14,7,0,,,,0.48,0.0,0.0,0.0,576.39
6,15,7,0,,,,0.47321665,0.0,0.0,0.0,353.78
6,16,7,0,,,,0.4724,0.0,0.0,0.0,57.29
6,17,7,0,,,,0.30328333,0.0,0.0,0.0,112.89
6,18,7,0,,,,0.72118336,0.0,0.0,0.0,24.39
6,19,7,0,,,,0.74085,0.0,0.0,0.0,37.65
6,20,7,0,,,,0.62238336,0.0,0.0,0.0,14.67
6,21,7,0,,,,0.6911833,0.0,0.0,0.0,0.0
6,22,7,0,,,,0.6698667,0.0,0.0,0.0,0.0
6,23,7,0,,,,2.2296,0.0,0.0,0.0,0.0
6,24,7,0,,,,1.2131333,0.0,0.0,0.0,0.0
6,1,1,0,,,,2.5640333,0.0,0.0,0.0,0.0
6,2,1,0,,,,0.32993335,0.0,0.0,0.0,0.0
6,3,1,0,,,,0.34121665,0.0,0.0,0.0,0.0
6,4,1,0,,,,0.37526667,0.0,0.0,0.0,0.0
6,5,1,0,,,,0.36393332,0.0,0.0,0.0,0.0
6,6,1,0,,,,0.35995,0.0,0.0,0.0,1.6
6,7,1,0,,,,0.67975,0.0,0.0,0.0,27.99
6,8,1,0,,,,0.619,0.0,0.0,0.0,167.36
6,9,1,0,,,,1.8939333,0.0,0.0,0.0,232.89
6,10,1,0,,,,0.28863335,0.0,0.0,0.0,534.78
6,11,1,0,,,,0.3146,0.0,0.0,0.0,373.23
6,12,1,0,,,,0.24963333,0.0,0.0,0.0,679.51
6,13,1,0,,,,0.2444,0.0,0.0,0.0,679.59
6,14,1,0,,,,0.24396667,0.0,0.0,0.0,749.15
6,15,1,0,,,,0.56761664,0.0,0.0,0.0,659.64
6,16,1,0,,,,0.5312333,0.0,0.0,0.0,495.39
6,17,1,0,,,,1.4273666,0.0,0.0,0.0,362.16
6,18,1,0,,,,1.5639167,0.0,0.0,0.0,158.48
6,19,1,0,,,,0.9715667,0.0,0.0,0.0,63.85
6,20,1,0,,,,1.1942166,0.0,0.0,0.0,6.34
6,21,1,0,,,,1.0188,0.0,0.0,0.0,0.0
6,22,1,0,,,,2.2853832,0.0,0.0,0.0,0.0
6,23,1,0,,,,1.3817166,0.0,0.0,0.0,0.0
6,24,1,0,,,,2.7600167,0.0,0.0,0.0,0.0
6,1,2,0,,,,0.4194,0.0,0.0,0.0,0.0
6,2,2,0,,,,0.38045,0.0,0.0,0.0,0.0
6,3,2,0,,,,0.37158334,0.0,0.0,0.0,0.0
6,4,2,0,,,,0.36871666,0.0,0.0,0.0,0.0
6,5,2,0,,,,0.36858332,0.0,0.0,0.0,0.0
6,6,2,0,,,,0.36356667,0.0,0.0,0.0,12.69
6,7,2,0,,,,0.6392,0.0,0.0,0.0,9.42
6,8,2,0,,,,0.5815333,0.0,0.0,0.0,18.27
6,9,2,0,,,,0.29125,0.0,0.0,0.0,284.44
6,10,2,0,,,,0.30105,0.0,0.0,0.0,565.94
6,11,2,0,,,,0.46735,0.0,0.0,0.0,577.98
6,12,2,0,,,,0.6141,0.0,0.0,0.0,660.21
6,13,2,0,,,,2.9723334,0.0,0.0,0.0,562.72
6,14,2,0,,,,0.24866667,0.0,0.0,0.0,612.96
6,15,2,0,,,,0.24835,0.0,0.0,0.0,531.3
6,16,2,0,,,,0.24698333,0.0,0.0,0.0,434.04
6,17,2,0,,,,0.88893336,0.0,0.0,0.0,346.79
6,18,2,0,,,,1.0330833,0.0,0.0,0.0,179.36
6,19,2,0,,,,0.42238337,0.0,0.0,0.0,43.12
6,20,2,0,,,,0.70806664,0.0,0.0,0.0,14.08
6,21,2,0,,,,0.7101333,0.0,0.0,0.0,0.0
6,22,2,0,,,,1.8257333,0.0,0.0,0.0,0.0
6,23,2,0,,,,0.79656667,0.0,0.0,0.0,0.0
6,24,2,0,,,,1.1608167,0.0,0.0,0.0,0.0
6,1,3,0,,,,2.1053333,0.0,0.0,0.0,0.0
6,2,3,0,,,,0.501,0.0,0.0,0.0,0.0
6,3,3,0,,,,0.37598333,0.0,0.0,0.0,0.0
6,4,3,0,,,,0.37001666,0.0,0.0,0.0,0.0
6,5,3,0,,,,0.36573333,0.0,0.0,0.0,0.0
6,6,3,0,,,,0.35678333,0.0,0.0,0.0,1.62
6,7,3,0,,,,0.28628334,0.0,0.0,0.0,9.48
6,8,3,0,,,,0.2838,0.0,0.0,0.0,77.49
6,9,3,0,,,,0.28275,0.0,0.0,0.0,49.23
6,10,3,0,,,,0.2906,0.0,0.0,0.0,452.46
6,11,3,0,,,,0.39478335,0.0,0.0,0.0,410.29
6,12,3,0,,,,1.1761833,0.0,0.0,0.0,744.8
6,13,3,0,,,,1.8917834,0.0,0.0,0.0,689.24
6,14,3,0,,,,0.64175,0.0,0.0,0.0,589.17
6,15,3,0,,,,2.2371666,0.0,0.0,0.0,576.88
6,16,3,0,,,,1.5162166,0.0,0.0,0.0,515.83
6,17,3,0,,,,1.5651333,0.0,0.0,0.0,344.11
6,18,3,0,,,,1.1349,0.0,0.0,0.0,178.02
6,19,3,0,,,,1.6622167,0.0,0.0,0.0,46.45
6,20,3,0,,,,0.73216665,0.0,0.0,0.0,15.3
6,21,3,0,,,,1.3529167,0.0,0.0,0.0,0.0
6,22,3,0,,,,1.4336333,0.0,0.0,0.0,0.0
6,23,3,0,,,,2.44175,0.0,0.0,0.0,0.0
6,24,3,0,,,,0.47879165,0.0,0.0,0.0,0.0
6,1,4,0,,,,0.42216668,0.0,0.0,0.0,0.0
6,2,4,0,,,,0.36705,0.0,0.0,0.0,0.0
6,3,4,0,,,,0.3509,0.0,0.0,0.0,0.0
6,4,4,0,,,,0.34628335,0.0,0.0,0.0,0.0
6,5,4,0,,,,0.34153333,0.0,0.0,0.0,0.0
6,6,4,0,,,,0.33971667,0.0,0.0,0.0,37.6
6,7,4,0,,,,0.30808333,0.0,0.0,0.0,92.77
6,8,4,0,,,,0.84036666,0.0,0.0,0.0,281.51
6,9,4,0,,,,1.1156334,0.0,0.0,0.0,464.43
6,10,4,0,,,,0.8348917,0.0,0.0,0.0,599.2
6,11,4,0,,,,0.51848334,0.0,0.0,0.0,709.99
6,12,4,0,,,,0.45370668,0.0,0.0,0.0,765.1
6,13,4,0,,,,0.75126666,0.0,0.0,0.0,749.03
6,14,4,0,,,,0.42541668,0.0,0.0,0.0,603.4
6,15,4,0,,,,0.5254,0.0,0.0,0.0,524.37
6,16,4,0,,,,0.42255,0.0,0.0,0.0,331.14
6,17,4,0,,,,1.7326167,0.0,0.0,0.0,182.46
6,18,4,0,,,,0.47012332,0.0,0.0,0.0,149.58
6,19,4,0,,,,0.5405834,0.0,0.0,0.0,61.58
6,20,4,0,,,,0.8273,0.0,0.0,0.0,17.16
6,21,4,0,,,,1.0595334,0.0,0.0,0.0,0.0
6,22,4,0,,,,1.1227167,0.0,0.0,0.0,0.0
6,23,4,0,,,,0.75761664,0.0,0.0,0.0,0.0
6,24,4,0,,,,1.4229916,0.0,0.0,0.0,0.0
6,1,5,0,,,,0.46261665,0.0,0.0,0.0,0.0
6,2,5,0,,,,0.45861667,0.0,0.0,0.0,0.0
6,3,5,0,,,,0.44826666,0.0,0.0,0.0,0.0
6,4,5,0,,,,0.44535,0.0,0.0,0.0,0.0
6,5,5,0,,,,0.44681665,0.0,0.0,0.0,0.0
6,6,5,0,,,,0.43765,0.0,0.0,0.0,38.91
6,7,5,0,,,,0.76145,0.0,0.0,0.0,98.32
6,8,5,0,,,,0.6536833,0.0,0.0,0.0,274.64
6,9,5,0,,,,0.36751667,0.0,0.0,0.0,442.26
6,10,5,0,,,,0.47742084,0.0,0.0,0.0,585.43
6,11,5,0,,,,0.37886667,0.0,0.0,0.0,692.64
6,12,5,0,,,,0.37475,0.0,0.0,0.0,503.79
6,13,5,0,,,,0.37496668,0.0,0.0,0.0,722.51
6,14,5,0,,,,0.47036666,0.0,0.0,0.0,569.56
6,15,5,0,,,,1.9729167,0.0,0.0,0.0,38.68
6,16,5,0,,,,0.56661665,0.0,0.0,0.0,31.44
6,17,5,0,,,,2.0578,0.0,0.0,0.0,55.66
6,18,5,0,,,,1.6357334,0.0,0.0,0.0,136.71
6,19,5,0,,,,0.77631664,0.0,0.0,0.0,43.55
6,20,5,0,,,,0.298,0.0,0.0,0.0,17.05
6,21,5,0,,,,0.31281668,0.0,0.0,0.0,0.0
6,22,5,0,,,,0.33715,0.0,0.0,0.0,0.0
6,23,5,0,,,,0.34021667,0.0,0.0,0.0,0.0
6,24,5,0,,,,0.35606667,0.0,0.0,0.0,0.0
6,1,6,0,,,,0.35808334,0.0,0.0,0.0,0.0
6,2,6,0,,,,0.4629,0.0,0.0,0.0,0.0
6,3,6,0,,,,0.47115,0.0,0.0,0.0,0.0
6,4,6,0,,,,0.45043334,0.0,0.0,0.0,0.0
6,5,6,0,,,,0.45023334,0.0,0.0,0.0,0.0
6,6,6,0,,,,0.44388333,0.0,0.0,0.0,38.07
6,7,6,0,,,,2.1998167,0.0,0.0,0.0,97.15
6,8,6,0,,,,0.41021666,0.0,0.0,0.0,272.61
6,9,6,0,,,,0.41301668,0.0,0.0,0.0,441.44
6,10,6,0,,,,0.46098334,0.0,0.0,0.0,551.85
6,11,6,0,,,,0.7587,0.0,0.0,0.0,669.07
6,12,6,0,,,,2.4724,0.0,0.0,0.0,737.85
6,13,6,0,,,,2.20225,0.0,0.0,0.0,751.03
6,14,6,0,,,,1.2645833,0.0,0.0,0.0,708.68
6,15,6,0,,,,1.80845,0.0,0.0,0.0,631.15
6,16,6,0,,,,1.0362834,0.0,0.0,0.0,509.48
6,17,6,0,,,,1.13215,0.0,0.0,0.0,368.56
6,18,6,0,,,,1.0887834,0.0,0.0,0.0,185.24
6,19,6,0,,,,1.0436333,0.0,0.0,0.0,33.05
6,20,6,0,,,,1.1849166,0.0,0.0,0.0,17.45
6,21,6,0,,,,1.57655,0.0,0.0,0.0,0.0
6,22,6,0,,,,1.76775,0.0,0.0,0.0,0.0
6,23,6,0,,,,1.6152,0.0,0.0,0.0,0.0
6,24,6,0,,,,0.954575,0.0,0.0,0.0,0.0
6,1,7,0,,,,0.45871666,0.0,0.0,0.0,0.0
6,2,7,0,,,,0.46005,0.0,0.0,0.0,0.0
6,3,7,0,,,,0.44908333,0.0,0.0,0.0,0.0
6,4,7,0,,,,0.44576666,0.0,0.0,0.0,0.0
6,5,7,0,,,,0.44993332,0.0,0.0,0.0,0.0
6,6,7,0,,,,0.44038334,0.0,0.0,0.0,37.33
6,7,7,0,,,,0.44641668,0.0,0.0,0.0,99.06
6,8,7,0,,,,0.44953334,0.0,0.0,0.0,273.32
6,9,7,0,,,,0.5466833,0.0,0.0,0.0,446.34
6,10,7,0,,,,0.6302,0.0,0.0,0.0,588.07
6,11,7,0,,,,0.37058333,0.0,0.0,0.0,705.44
6,12,7,0,,,,0.37756667,0.0,0.0,0.0,757.32
6,13,7,0,,,,0.44846666,0.0,0.0,0.0,715.73
6,14,7,0,,,,0.55088335,0.0,0.0,0.0,691.15
6,15,7,0,,,,0.6835167,0.0,0.0,0.0,626.08
6,16,7,0,,,,0.96398336,0.0,0.0,0.0,496.18
6,17,7,0,,,,1.03075,0.0,0.0,0.0,338.42
6,18,7,0,,,,0.64585,0.0,0.0,0.0,181.53
6,19,7,0,,,,0.20168336,0.0,0.0,0.0,45.38
6,20,7,0,,,,0.63125,0.0,0.0,0.0,18.05
6,21,7,0,,,,0.92511666,0.0,0.0,0.0,0.0
6,22,7,0,,,,0.91613334,0.0,0.0,0.0,0.0
6,23,7,0,,,,0.74315,0.0,0.0,0.0,0.0
6,24,7,0,,,,0.46199167,0.0,0.0,0.0,0.0
6,1,1,0,,,,0.46355,0.0,0.0,0.0,0.0
6,2,1,0,,,,0.46065834,0.0,0.0,0.0,0.0
6,3,1,0,,,,0.4507,0.0,0.0,0.0,0.0
6,4,1,0,,,,0.4452,0.0,0.0,0.0,0.0
6,5,1,0,,,,0.44063333,0.0,0.0,0.0,0.0
6,6,1,0,,,,0.4471,0.0,0.0,0.0,37.16
6,7,1,0,,,,0.80375,0.0,0.0,0.0,100.87
6,8,1,0,,,,0.49945,0.0,0.0,0.0,268.33
6,9,1,0,,,,0.36986667,0.0,0.0,0.0,441.24
6,10,1,0,,,,0.46138334,0.0,0.0,0.0,581.58
6,11,1,0,,,,0.37321666,0.0,0.0,0.0,568.89
6,12,1,0,,,,0.37891668,0.0,0.0,0.0,643.2
6,13,1,0,,,,0.46903333,0.0,0.0,0.0,564.08
6,14,1,0,,,,0.7004167,0.0,0.0,0.0,604.86
6,15,1,0,,,,0.8911667,0.0,0.0,0.0,517.95
6,16,1,0,,,,0.37413332,0.0,0.0,0.0,424.09
6,17,1,0,,,,0.37371665,0.0,0.0,0.0,334.87
6,18,1,0,,,,0.46458334,0.0,0.0,0.0,184.88
6,19,1,0,,,,0.59870005,0.0,0.0,0.0,43.25
6,20,1,0,,,,0.8595333,0.0,0.0,0.0,18.0
6,21,1,0,,,,1.4134834,0.0,0.0,0.0,0.0
6,22,1,0,,,,1.4373167,0.0,0.0,0.0,0.0
6,23,1,0,,,,0.90821666,0.0,0.0,0.0,0.0
6,24,1,0,,,,0.7789083,0.0,0.0,0.0,0.0
6,1,2,0,,,,0.81558335,0.0,0.0,0.0,0.0
6,2,2,0,,,,0.81885,0.0,0.0,0.0,0.0
6,3,2,0,,,,0.63278335,0.0,0.0,0.0,0.0
6,4,2,0,,,,0.4538,0.0,0.0,0.0,0.0
6,5,2,0,,,,0.80158335,0.0,0.0,0.0,0.0
6,6,2,0,,,,0.53585,0.0,0.0,0.0,4.33
6,7,2,0,,,,0.44583333,0.0,0.0,0.0,22.74
6,8,2,0,,,,0.66438335,0.0,0.0,0.0,247.32
6,9,2,0,,,,0.77288336,0.0,0.0,0.0,444.22
6,10,2,0,,,,0.49306667,0.0,0.0,0.0,584.77
6,11,2,0,,,,0.37521666,0.0,0.0,0.0,696.09
6,12,2,0,,,,0.42035,0.0,0.0,0.0,744.58
6,13,2,0,,,,0.3346,0.0,0.0,0.0,731.57
6,14,2,0,,,,0.32345,0.0,0.0,0.0,682.1
6,15,2,0,,,,0.32071668,0.0,0.0,0.0,184.78
6,16,2,0,,,,1.1534,0.0,0.0,0.0,193.85
6,17,2,0,,,,1.6126125,0.0,0.0,0.0,91.71
6,18,2,0,,,,1.5771166,0.0,0.0,0.0,169.86
6,19,2,0,,,,1.0909168,0.0,0.0,0.0,46.5
6,20,2,0,,,,1.4188833,0.0,0.0,0.0,18.66
6,21,2,0,,,,1.3292167,0.0,0.0,0.0,0.0
6,22,2,0,,,,1.6213167,0.0,0.0,0.0,0.0
6,23,2,0,,,,1.8677,0.0,0.0,0.0,0.0
6,24,2,0,,,,1.1685,0.0,0.0,0.0,0.0
6,1,3,0,,,,1.1030333,0.0,0.0,0.0,0.0
6,2,3,0,,,,1.1319166,0.0,0.0,0.0,0.0
6,3,3,0,,,,0.6536833,0.0,0.0,0.0,0.0
6,4,3,0,,,,0.38523334,0.0,0.0,0.0,0.0
6,5,3,0,,,,0.35888332,0.0,0.0,0.0,0.0
6,6,3,0,,,,0.35046667,0.0,0.0,0.0,2.01
6,7,3,0,,,,0.35656667,0.0,0.0,0.0,45.43
6,8,3,0,,,,0.6599917,0.0,0.0,0.0,216.98
6,9,3,0,,,,0.69545,0.0,0.0,0.0,382.04
6,10,3,0,,,,0.37385,0.0,0.0,0.0,443.39
6,11,3,0,,,,0.38173333,0.0,0.0,0.0,578.44
6,12,3,0,,,,0.34765,0.0,0.0,0.0,656.74
6,13,3,0,,,,0.32358333,0.0,0.0,0.0,670.77
6,14,3,0,,,,0.45768332,0.0,0.0,0.0,665.37
6,15,3,0,,,,0.55051666,0.0,0.0,0.0,139.97
6,16,3,0,,,,0.34961668,0.0,0.0,0.0,481.83
6,17,3,0,,,,0.46576667,0.0,0.0,0.0,306.06
6,18,3,0,,,,1.2533667,0.0,0.0,0.0,102.74
6,19,3,0,,,,2.6200333,0.0,0.0,0.0,50.71
6,20,3,0,,,,3.5837166,0.0,0.0,0.0,6.59
6,21,3,0,,,,2.54625,0.0,0.0,0.0,0.0
6,22,3,0,,,,0.6275,0.0,0.0,0.0,0.0
6,23,3,0,,,,2.72935,0.0,0.0,0.0,0.0
6,24,3,0,,,,1.475175,0.0,0.0,0.0,0.0
6,1,4,0,,,,0.69515,0.0,0.0,0.0,0.0
6,2,4,0,,,,0.47741,0.0,0.0,0.0,0.0
6,3,4,0,,,,0.45151666,0.0,0.0,0.0,0.0
6,4,4,0,,,,0.44985,0.0,0.0,0.0,0.0
6,5,4,0,,,,0.44786668,0.0,0.0,0.0,0.0
6,6,4,0,,,,0.43533334,0.0,0.0,0.0,35.56
6,7,4,0,,,,0.41736665,0.0,0.0,0.0,100.33
6,8,4,0,,,,0.42325,0.0,0.0,0.0,262.23
6,9,4,0,,,,1.5923166,0.0,0.0,0.0,426.71
6,10,4,0,,,,0.99555,0.0,0.0,0.0,567.01
6,11,4,0,,,,1.78425,0.0,0.0,0.0,684.35
6,12,4,0,,,,2.2046168,0.0,0.0,0.0,753.07
6,13,4,0,,,,2.6375167,0.0,0.0,0.0,764.88
6,14,4,0,,,,2.08575,0.0,0.0,0.0,745.51
6,15,4,0,,,,3.1607332,0.0,0.0,0.0,653.6
6,16,4,0,,,,2.8352,0.0,0.0,0.0,530.65
6,17,4,0,,,,2.8716166,0.0,0.0,0.0,317.01
6,18,4,0,,,,3.80345,0.0,0.0,0.0,156.81
6,19,4,0,,,,2.6912,0.0,0.0,0.0,45.0
6,20,4,0,,,,3.77675,0.0,0.0,0.0,19.77
6,21,4,0,,,,3.0925667,0.0,0.0,0.0,0.0
6,22,4,0,,,,2.4953334,0.0,0.0,0.0,0.0
6,23,4,0,,,,1.8770833,0.0,0.0,0.0,0.0
6,24,4,0,,,,3.4358666,0.0,0.0,0.0,0.0
6,1,5,0,,,,1.96685,0.0,0.0,0.0,0.0
6,2,5,0,,,,0.33366665,0.0,0.0,0.0,0.0
6,3,5,0,,,,0.32613334,0.0,0.0,0.0,0.0
6,4,5,0,,,,0.32141668,0.0,0.0,0.0,0.0
6,5,5,0,,,,0.3241,0.0,0.0,0.0,1.61
6,6,5,0,,,,0.7569,0.0,0.0,0.0,20.71
6,7,5,0,,,,2.0768,0.0,0.0,0.0,106.33
6,8,5,0,,,,0.32866666,0.0,0.0,0.0,159.26
6,9,5,0,,,,1.2123834,0.0,0.0,0.0,153.47
6,10,5,0,,,,1.1248833,0.0,0.0,0.0,547.04
6,11,5,0,,,,1.06225,0.0,0.0,0.0,648.91
6,12,5,0,,,,1.71175,0.0,0.0,0.0,586.93
6,13,5,0,,,,2.7802,0.0,0.0,0.0,659.11
6,14,5,0,,,,2.8769166,0.0,0.0,0.0,618.39
6,15,5,0,,,,3.3633833,0.0,0.0,0.0,592.39
6,16,5,0,,,,2.8914833,0.0,0.0,0.0,505.43
6,17,5,0,,,,3.5507333,0.0,0.0,0.0,356.52
6,18,5,0,,,,2.6352167,0.0,0.0,0.0,177.03
6,19,5,0,,,,1.6338333,0.0,0.0,0.0,50.83
6,20,5,0,,,,2.1317334,0.0,0.0,0.0,19.76
6,21,5,0,,,,2.4384,0.0,0.0,0.0,0.0
6,22,5,0,,,,2.43975,0.0,0.0,0.0,0.0
6,23,5,0,,,,2.2448168,0.0,0.0,0.0,0.0
6,24,5,0,,,,4.0175,0.0,0.0,0.0,0.0
6,1,6,0,,,,4.6859,0.0,0.0,0.0,0.0
6,2,6,0,,,,4.05005,0.0,0.0,0.0,0.0
6,3,6,0,,,,2.4723,0.0,0.0,0.0,0.0
6,4,6,0,,,,3.2458,0.0,0.0,0.0,0.0
6,5,6,0,,,,0.61766666,0.0,0.0,0.0,1.59
6,6,6,0,,,,2.0180833,0.0,0.0,0.0,1.59
6,7,6,0,,,,0.73015,0.0,0.0,0.0,98.83
6,8,6,0,,,,2.1568832,0.0,0.0,0.0,123.3
6,9,6,0,,,,1.2699167,0.0,0.0,0.0,254.65
6,10,6,0,,,,2.5481834,0.0,0.0,0.0,451.96
6,11,6,0,,,,1.7358,0.0,0.0,0.0,646.66
6,12,6,0,,,,3.0268834,0.0,0.0,0.0,695.53
6,13,6,0,,,,3.6631334,0.0,0.0,0.0,698.04
6,14,6,0,,,,4.32125,0.0,0.0,0.0,670.44
6,15,6,0,,,,4.4591665,0.0,0.0,0.0,472.62
6,16,6,0,,,,0.66431665,0.0,0.0,0.0,53.13
6,17,6,0,,,,0.2777,0.0,0.0,0.0,27.22
6,18,6,0,,,,0.73255,0.0,0.0,0.0,49.28
6,19,6,0,,,,0.80086666,0.0,0.0,0.0,61.78
6,20,6,0,,,,1.2447,0.0,0.0,0.0,17.7
6,21,6,0,,,,1.5617,0.0,0.0,0.0,0.0
6,22,6,0,,,,1.7427334,0.0,0.0,0.0,0.0
6,23,6,0,,,,3.0192,0.0,0.0,0.0,0.0
6,24,6,0,,,,4.71805,0.0,0.0,0.0,0.0
6,1,7,0,,,,4.3653336,0.0,0.0,0.0,0.0
6,2,7,0,,,,3.9441,0.0,0.0,0.0,0.0
6,3,7,0,,,,3.6654,0.0,0.0,0.0,0.0
6,4,7,0,,,,1.2519667,0.0,0.0,0.0,0.0
6,5,7,0,,,,1.3422333,0.0,0.0,0.0,1.58
6,6,7,0,,,,1.1138333,0.0,0.0,0.0,21.2
6,7,7,0,,,,0.91805,0.0,0.0,0.0,103.05
6,8,7,0,,,,1.4617167,0.0,0.0,0.0,266.6
6,9,7,0,,,,1.3304666,0.0,0.0,0.0,438.14
6,10,7,0,,,,2.1069,0.0,0.0,0.0,592.77
6,11,7,0,,,,2.9706166,0.0,0.0,0.0,706.28
6,12,7,0,,,,3.2081666,0.0,0.0,0.0,748.13
6,13,7,0,,,,3.4890332,0.0,0.0,0.0,754.72
6,14,7,0,,,,4.5688334,0.0,0.0,0.0,726.21
6,15,7,0,,,,3.8775666,0.0,0.0,0.0,621.97
6,16,7,0,,,,2.6272833,0.0,0.0,0.0,487.88
6,17,7,0,,,,0.9023833,0.0,0.0,0.0,350.44
6,18,7,0,,,,0.87948334,0.0,0.0,0.0,191.35
6,19,7,0,,,,0.6327,0.0,0.0,0.0,45.29
6,20,7,0,,,,0.99623334,0.0,0.0,0.0,20.62
6,21,7,0,,,,1.32965,0.0,0.0,0.0,0.0
6,22,7,0,,,,3.4470167,0.0,0.0,0.0,0.0
6,23,7,0,,,,4.2561,0.0,0.0,0.0,0.0
6,24,7,0,,,,3.3539834,0.0,0.0,0.0,0.0
6,1,1,0,,,,4.0046835,0.0,0.0,0.0,0.0
6,2,1,0,,,,3.5952168,0.0,0.0,0.0,0.0
6,3,1,0,,,,2.16665,0.0,0.0,0.0,0.0
6,4,1,0,,,,3.2032166,0.0,0.0,0.0,0.0
6,5,1,0,,,,2.8724,0.0,0.0,0.0,1.6
6,6,1,0,,,,0.3697,0.0,0.0,0.0,2.02
6,7,1,0,,,,2.8179166,0.0,0.0,0.0,107.93
6,8,1,0,,,,1.4037833,0.0,0.0,0.0,277.76
6,9,1,0,,,,3.4837334,0.0,0.0,0.0,459.37
6,10,1,0,,,,0.72428334,0.0,0.0,0.0,578.59
6,11,1,0,,,,0.35538334,0.0,0.0,0.0,656.83
6,12,1,0,,,,0.45708334,0.0,0.0,0.0,689.34
6,13,1,0,,,,0.76233333,0.0,0.0,0.0,661.74
6,14,1,0,,,,1.0253333,0.0,0.0,0.0,559.16
6,15,1,0,,,,1.0579667,0.0,0.0,0.0,515.85
6,16,1,0,,,,0.96998334,0.0,0.0,0.0,326.35
6,17,1,0,,,,0.92696667,0.0,0.0,0.0,301.12
6,18,1,0,,,,0.44763333,0.0,0.0,0.0,189.1
6,19,1,0,,,,0.37988332,0.0,0.0,0.0,44.8
6,20,1,0,,,,0.74383336,0.0,0.0,0.0,20.46
6,21,1,0,,,,3.7506833,0.0,0.0,0.0,0.0
6,22,1,0,,,,4.1864834,0.0,0.0,0.0,0.0
6,23,1,0,,,,3.96755,0.0,0.0,0.0,0.0
6,24,1,0,,,,3.4861917,0.0,0.0,0.0,0.0
6,1,2,0,,,,1.2457666,0.0,0.0,0.0,0.0
6,2,2,0,,,,1.2340167,0.0,0.0,0.0,0.0
6,3,2,0,,,,3.6894166,0.0,0.0,0.0,0.0
6,4,2,0,,,,3.8300667,0.0,0.0,0.0,0.0
6,5,2,0,,,,2.3243167,0.0,0.0,0.0,1.61
6,6,2,0,,,,1.44795,0.0,0.0,0.0,35.26
6,7,2,0,,,,1.4795333,0.0,0.0,0.0,94.92
6,8,2,0,,,,1.59455,0.0,0.0,0.0,263.59
6,9,2,0,,,,2.0016334,0.0,0.0,0.0,403.17
6,10,2,0,,,,3.3088167,0.0,0.0,0.0,570.7
6,11,2,0,,,,2.51325,0.0,0.0,0.0,631.56
6,12,2,0,,,,4.076,0.0,0.0,0.0,207.91
6,13,2,0,,,,4.1501665,0.0,0.0,0.0,517.15
6,14,2,0,,,,4.242133,0.0,0.0,0.0,541.0
6,15,2,0,,,,4.190767,0.0,0.0,0.0,561.06
6,16,2,0,,,,4.1102,0.0,0.0,0.0,522.32
6,17,2,0,,,,0.6519,0.0,0.0,0.0,363.85
6,18,2,0,,,,0.38245,0.0,0.0,0.0,185.36
6,19,2,0,,,,0.36413333,0.0,0.0,0.0,45.05
6,20,2,0,,,,0.8172333,0.0,0.0,0.0,20.35
6,21,2,0,,,,3.3332334,0.0,0.0,0.0,0.0
6,22,2,0,,,,4.258683,0.0,0.0,0.0,0.0
6,23,2,0,,,,4.1739,0.0,0.0,0.0,0.0
6,24,2,0,,,,4.47765,0.0,0.0,0.0,0.0
6,1,3,0,,,,4.2489166,0.0,0.0,0.0,0.0
6,2,3,0,,,,2.4281666,0.0,0.0,0.0,0.0
6,3,3,0,,,,2.8166666,0.0,0.0,0.0,0.0
6,4,3,0,,,,1.9839,0.0,0.0,0.0,0.0
6,5,3,0,,,,1.5224833,0.0,0.0,0.0,1.59
6,6,3,0,,,,1.2720833,0.0,0.0,0.0,36.42
6,7,3,0,,,,3.0106332,0.0,0.0,0.0,96.18
6,8,3,0,,,,3.5111,0.0,0.0,0.0,264.84
6,9,3,0,,,,3.58335,0.0,0.0,0.0,435.95
6,10,3,0,,,,3.6476,0.0,0.0,0.0,569.42
6,11,3,0,,,,3.7532833,0.0,0.0,0.0,670.87
6,12,3,0,,,,3.9801166,0.0,0.0,0.0,702.96
6,13,3,0,,,,4.15725,0.0,0.0,0.0,741.1
6,14,3,0,,,,4.1657,0.0,0.0,0.0,715.43
6,15,3,0,,,,2.463,0.0,0.0,0.0,637.19
6,16,3,0,,,,3.3677166,0.0,0.0,0.0,513.6
6,17,3,0,,,,2.25625,0.0,0.0,0.0,353.18
6,18,3,0,,,,4.2719,0.0,0.0,0.0,189.49
6,19,3,0,,,,4.0337,0.0,0.0,0.0,48.79
6,20,3,0,,,,2.4414167,0.0,0.0,0.0,20.26
6,21,3,0,,,,0.71821666,0.0,0.0,0.0,0.0
6,22,3,0,,,,0.93743336,0.0,0.0,0.0,0.0
6,23,3,0,,,,1.4202167,0.0,0.0,0.0,0.0
6,24,3,0,,,,1.0507166,0.0,0.0,0.0,0.0
6,1,4,0,,,,1.0045834,0.0,0.0,0.0,0.0
6,2,4,0,,,,1.1032333,0.0,0.0,0.0,0.0
6,3,4,0,,,,0.7881333,0.0,0.0,0.0,0.0
6,4,4,0,,,,0.71066666,0.0,0.0,0.0,0.0
6,5,4,0,,,,0.40701666,0.0,0.0,0.0,1.57
6,6,4,0,,,,0.3967,0.0,0.0,0.0,26.18
6,7,4,0,,,,0.40005,0.0,0.0,0.0,104.76
6,8,4,0,,,,0.41378334,0.0,0.0,0.0,256.81
6,9,4,0,,,,0.49995,0.0,0.0,0.0,425.56
6,10,4,0,,,,0.50843334,0.0,0.0,0.0,566.63
6,11,4,0,,,,0.9672167,0.0,0.0,0.0,671.03
6,12,4,0,,,,3.73405,0.0,0.0,0.0,655.62
6,13,4,0,,,,2.3942332,0.0,0.0,0.0,713.48
6,14,4,0,,,,0.56191665,0.0,0.0,0.0,669.16
6,15,4,0,,,,1.8542666,0.0,0.0,0.0,605.15
6,16,4,0,,,,3.0251834,0.0,0.0,0.0,502.21
6,17,4,0,,,,3.2184,0.0,0.0,0.0,363.85
6,18,4,0,,,,2.5339832,0.0,0.0,0.0,190.04
6,19,4,0,,,,1.9535167,0.0,0.0,0.0,44.34
6,20,4,0,,,,2.5103834,0.0,0.0,0.0,17.18
6,21,4,0,,,,1.85885,0.0,0.0,0.0,0.0
6,22,4,0,,,,1.7657167,0.0,0.0,0.0,0.0
6,23,4,0,,,,1.70895,0.0,0.0,0.0,0.0
6,24,4,0,,,,1.384775,0.0,0.0,0.0,0.0
6,1,5,0,,,,2.1373832,0.0,0.0,0.0,0.0
6,2,5,0,,,,4.2165165,0.0,0.0,0.0,0.0
6,3,5,0,,,,2.1014,0.0,0.0,0.0,0.0
6,4,5,0,,,,0.84426665,0.0,0.0,0.0,0.0
6,5,5,0,,,,0.37085,0.0,0.0,0.0,0.0
6,6,5,0,,,,0.35926667,0.0,0.0,0.0,1.57
6,7,5,0,,,,0.3652,0.0,0.0,0.0,49.49
6,8,5,0,,,,2.4453666,0.0,0.0,0.0,154.93
6,9,5,0,,,,0.38383332,0.0,0.0,0.0,54.86
6,10,5,0,,,,0.33626667,0.0,0.0,0.0,132.87
6,11,5,0,,,,3.4556334,0.0,0.0,0.0,457.67
6,12,5,0,,,,2.3437934,0.0,0.0,0.0,549.23
6,13,5,0,,,,3.0292332,0.0,0.0,0.0,721.52
6,14,5,0,,,,2.10205,0.0,0.0,0.0,665.51
6,15,5,0,,,,2.3066666,0.0,0.0,0.0,584.31
6,16,5,0,,,,2.75965,0.0,0.0,0.0,453.34
6,17,5,0,,,,2.1352,0.0,0.0,0.0,223.53
6,18,5,0,,,,2.2122166,0.0,0.0,0.0,14.31
6,19,5,0,,,,1.3471333,0.0,0.0,0.0,13.09
6,20,5,0,,,,1.2119,0.0,0.0,0.0,1.48
6,21,5,0,,,,1.2784333,0.0,0.0,0.0,0.0
6,22,5,0,,,,1.3636167,0.0,0.0,0.0,0.0
6,23,5,0,,,,1.4804667,0.0,0.0,0.0,0.0
6,24,5,0,,,,1.8892334,0.0,0.0,0.0,0.0
6,1,6,0,,,,1.5864167,0.0,0.0,0.0,0.0
6,2,6,0,,,,3.7962666,0.0,0.0,0.0,0.0
6,3,6,0,,,,0.93336666,0.0,0.0,0.0,0.0
6,4,6,0,,,,0.7714,0.0,0.0,0.0,0.0
6,5,6,0,,,,0.60226667,0.0,0.0,0.0,0.0
6,6,6,0,,,,0.33416668,0.0,0.0,0.0,1.57
6,7,6,0,,,,0.42278334,0.0,0.0,0.0,11.7
6,8,6,0,,,,3.3195934,0.0,0.0,0.0,160.66
6,9,6,0,,,,0.88005,0.0,0.0,0.0,330.04
6,10,6,0,,,,0.34936666,0.0,0.0,0.0,574.0
6,11,6,0,,,,2.40915,0.0,0.0,0.0,683.91
6,12,6,0,,,,2.53295,0.0,0.0,0.0,733.94
6,13,6,0,,,,0.5533,0.0,0.0,0.0,758.37
6,14,6,0,,,,3.0071,0.0,0.0,0.0,744.35
6,15,6,0,,,,2.2928667,0.0,0.0,0.0,649.4
6,16,6,0,,,,3.0551333,0.0,0.0,0.0,528.87
6,17,6,0,,,,3.4577167,0.0,0.0,0.0,363.96
6,18,6,0,,,,0.93488336,0.0,0.0,0.0,191.0
6,19,6,0,,,,0.85976666,0.0,0.0,0.0,49.64
6,20,6,0,,,,1.7569833,0.0,0.0,0.0,21.11
6,21,6,0,,,,1.7453,0.0,0.0,0.0,0.0
6,22,6,0,,,,1.2943833,0.0,0.0,0.0,0.0
6,23,6,0,,,,0.67675,0.0,0.0,0.0,0.0
6,24,6,0,,,,1.429925,0.0,0.0,0.0,0.0
6,1,7,0,,,,0.67876667,0.0,0.0,0.0,0.0
6,2,7,0,,,,2.89625,0.0,0.0,0.0,0.0
6,3,7,0,,,,1.1959833,0.0,0.0,0.0,0.0
6,4,7,0,,,,2.3169668,0.0,0.0,0.0,0.0
6,5,7,0,,,,0.7118833,0.0,0.0,0.0,0.0
6,6,7,0,,,,0.25148332,0.0,0.0,0.0,25.73
6,7,7,0,,,,0.2532,0.0,0.0,0.0,100.01
6,8,7,0,,,,1.8493,0.0,0.0,0.0,277.41
6,9,7,0,,,,0.35435,0.0,0.0,0.0,457.01
6,10,7,0,,,,0.26483333,0.0,0.0,0.0,523.89
6,11,7,0,,,,0.26266667,0.0,0.0,0.0,719.59
6,12,7,0,,,,0.26681668,0.0,0.0,0.0,783.55
6,13,7,0,,,,0.87563336,0.0,0.0,0.0,797.14
6,14,7,0,,,,2.1244333,0.0,0.0,0.0,776.84
6,15,7,0,,,,3.2038834,0.0,0.0,0.0,681.62
6,16,7,0,,,,1.5174667,0.0,0.0,0.0,558.81
6,17,7,0,,,,4.88745,0.0,0.0,0.0,394.95
6,18,7,0,,,,2.8603,0.0,0.0,0.0,201.59
6,19,7,0,,,,2.4143834,0.0,0.0,0.0,37.66
6,20,7,0,,,,2.7399,0.0,0.0,0.0,21.12
6,21,7,0,,,,1.6558666,0.0,0.0,0.0,0.0
6,22,7,0,,,,3.10275,0.0,0.0,0.0,0.0
6,23,7,0,,,,1.3165166,0.0,0.0,0.0,0.0
6,24,7,0,,,,1.2918583,0.0,0.0,0.0,0.0
6,1,1,0,,,,3.3783834,0.0,0.0,0.0,0.0
6,2,1,0,,,,2.3283334,0.0,0.0,0.0,0.0
6,3,1,0,,,,0.80175,0.0,0.0,0.0,0.0
6,4,1,0,,,,3.3568666,0.0,0.0,0.0,0.0
6,5,1,0,,,,1.9824834,0.0,0.0,0.0,0.0
6,6,1,0,,,,0.39543334,0.0,0.0,0.0,29.19
6,7,1,0,,,,1.0576667,0.0,0.0,0.0,104.21
6,8,1,0,,,,1.74715,0.0,0.0,0.0,270.41
6,9,1,0,,,,0.51795,0.0,0.0,0.0,441.43
6,10,1,0,,,,0.28775,0.0,0.0,0.0,560.78
6,11,1,0,,,,0.29523334,0.0,0.0,0.0,663.13
6,12,1,0,,,,0.30393332,0.0,0.0,0.0,713.46
6,13,1,0,,,,1.62395,0.0,0.0,0.0,739.14
6,14,1,0,,,,3.4205,0.0,0.0,0.0,704.98
6,15,1,0,,,,3.93735,0.0,0.0,0.0,622.35
6,16,1,0,,,,1.2414,0.0,0.0,0.0,507.75
6,17,1,0,,,,1.3110334,0.0,0.0,0.0,341.97
6,18,1,0,,,,1.56045,0.0,0.0,0.0,198.14
6,19,1,0,,,,2.0154667,0.0,0.0,0.0,51.17
6,20,1,0,,,,0.70963335,0.0,0.0,0.0,20.95
6,21,1,0,,,,2.6070666,0.0,0.0,0.0,0.0
6,22,1,0,,,,2.2994332,0.0,0.0,0.0,0.0
6,23,1,0,,,,0.6943167,0.0,0.0,0.0,0.0
6,24,1,0,,,,1.324925,0.0,0.0,0.0,0.0
6,1,2,0,,,,3.0514166,0.0,0.0,0.0,0.0
6,2,2,0,,,,0.36558333,0.0,0.0,0.0,0.0
6,3,2,0,,,,0.40366668,0.0,0.0,0.0,0.0
6,4,2,0,,,,0.3073,0.0,0.0,0.0,0.0
6,5,2,0,,,,0.30673334,0.0,0.0,0.0,0.0
6,6,2,0,,,,0.29073334,0.0,0.0,0.0,35.53
6,7,2,0,,,,2.2642167,0.0,0.0,0.0,95.26
6,8,2,0,,,,0.31095,0.0,0.0,0.0,217.94
6,9,2,0,,,,2.1858168,0.0,0.0,0.0,407.09
6,10,2,0,,,,0.60758334,0.0,0.0,0.0,558.05
6,11,2,0,,,,0.34195,0.0,0.0,0.0,499.53
6,12,2,0,,,,0.5240833,0.0,0.0,0.0,47.7
6,13,2,0,,,,1.1250334,0.0,0.0,0.0,66.82
6,14,2,0,,,,2.08045,0.0,0.0,0.0,78.57
6,15,2,0,,,,2.0785334,0.0,0.0,0.0,85.09
6,16,2,0,,,,1.6791,0.0,0.0,0.0,461.89
6,17,2,0,,,,1.2886,0.0,0.0,0.0,66.6
6,18,2,0,,,,1.2530167,0.0,0.0,0.0,181.32
6,19,2,0,,,,1.6172667,0.0,0.0,0.0,47.93
6,20,2,0,,,,3.3565166,0.0,0.0,0.0,2.34
6,21,2,0,,,,3.4146416,0.0,0.0,0.0,0.0
6,22,2,0,,,,3.0602334,0.0,0.0,0.0,0.0
6,23,2,0,,,,1.9324334,0.0,0.0,0.0,0.0
6,24,2,0,,,,0.7603,0.0,0.0,0.0,0.0
6,1,3,0,,,,2.2009332,0.0,0.0,0.0,0.0
6,2,3,0,,,,0.59735,0.0,0.0,0.0,0.0
6,3,3,0,,,,0.42665,0.0,0.0,0.0,0.0
6,4,3,0,,,,0.426,0.0,0.0,0.0,0.0
6,5,3,0,,,,0.42541668,0.0,0.0,0.0,0.0
6,6,3,0,,,,0.4114,0.0,0.0,0.0,20.24
6,7,3,0,,,,3.1242332,0.0,0.0,0.0,39.9
6,8,3,0,,,,2.9525332,0.0,0.0,0.0,218.56
6,9,3,0,,,,2.0396333,0.0,0.0,0.0,170.65
6,10,3,0,,,,1.0228,0.0,0.0,0.0,190.47
6,11,3,0,,,,2.5918,0.0,0.0,0.0,208.76
6,12,3,0,,,,0.8674667,0.0,0.0,0.0,495.0
6,13,3,0,,,,0.5272167,0.0,0.0,0.0,260.66
6,14,3,0,,,,0.4935,0.0,0.0,0.0,242.12
6,15,3,0,,,,3.4789333,0.0,0.0,0.0,539.21
6,16,3,0,,,,0.759,0.0,0.0,0.0,544.36
6,17,3,0,,,,3.6624,0.0,0.0,0.0,255.14
6,18,3,0,,,,0.76236665,0.0,0.0,0.0,15.63
6,19,3,0,,,,0.8705,0.0,0.0,0.0,73.2
6,20,3,0,,,,0.33595,0.0,0.0,0.0,10.31
6,21,3,0,,,,0.33548334,0.0,0.0,0.0,0.0
6,22,3,0,,,,0.32395834,0.0,0.0,0.0,0.0
6,23,3,0,,,,0.38194168,0.0,0.0,0.0,0.0
6,24,3,0,,,,0.75876665,0.0,0.0,0.0,0.0
6,1,4,0,,,,1.0489334,0.0,0.0,0.0,0.0
6,2,4,0,,,,0.65996665,0.0,0.0,0.0,0.0
6,3,4,0,,,,0.69201666,0.0,0.0,0.0,0.0
6,4,4,0,,,,0.50455,0.0,0.0,0.0,0.0
6,5,4,0,,,,0.43973333,0.0,0.0,0.0,0.0
6,6,4,0,,,,0.433,0.0,0.0,0.0,28.54
6,7,4,0,,,,0.35703334,0.0,0.0,0.0,84.25
6,8,4,0,,,,0.3568,0.0,0.0,0.0,287.66
6,9,4,0,,,,0.35593334,0.0,0.0,0.0,483.22
6,10,4,0,,,,0.36366665,0.0,0.0,0.0,604.5
6,11,4,0,,,,0.64343333,0.0,0.0,0.0,626.95
6,12,4,0,,,,1.1706834,0.0,0.0,0.0,464.18
6,13,4,0,,,,1.3281,0.0,0.0,0.0,667.53
6,14,4,0,,,,2.44865,0.0,0.0,0.0,120.37
6,15,4,0,,,,0.33513334,0.0,0.0,0.0,314.04
6,16,4,0,,,,1.9878334,0.0,0.0,0.0,83.74
6,17,4,0,,,,1.6899667,0.0,0.0,0.0,315.22
6,18,4,0,,,,0.7355,0.0,0.0,0.0,167.09
6,19,4,0,,,,1.6508167,0.0,0.0,0.0,40.26
6,20,4,0,,,,0.4536,0.0,0.0,0.0,20.72
6,21,4,0,,,,0.48183334,0.0,0.0,0.0,0.0
6,22,4,0,,,,0.50145,0.0,0.0,0.0,0.0
6,23,4,0,,,,1.0143334,0.0,0.0,0.0,0.0
6,24,4,0,,,,1.8004583,0.0,0.0,0.0,0.0
6,1,5,0,,,,0.31523332,0.0,0.0,0.0,0.0
6,2,5,0,,,,0.28616667,0.0,0.0,0.0,0.0
6,3,5,0,,,,0.28585,0.0,0.0,0.0,0.0
6,4,5,0,,,,0.28471667,0.0,0.0,0.0,0.0
6,5,5,0,,,,0.28055,0.0,0.0,0.0,0.0
6,6,5,0,,,,0.30005,0.0,0.0,0.0,1.66
6,7,5,0,,,,0.38733667,0.0,0.0,0.0,9.01
6,8,5,0,,,,0.32873333,0.0,0.0,0.0,50.33
6,9,5,0,,,,0.32795,0.0,0.0,0.0,92.18
6,10,5,0,,,,0.33593333,0.0,0.0,0.0,378.8
6,11,5,0,,,,0.8036,0.0,0.0,0.0,696.78
6,12,5,0,,,,0.92078334,0.0,0.0,0.0,441.16
6,13,5,0,,,,3.00195,0.0,0.0,0.0,535.93
6,14,5,0,,,,3.953,0.0,0.0,0.0,584.37
6,15,5,0,,,,3.7797666,0.0,0.0,0.0,680.57
6,16,5,0,,,,3.7579167,0.0,0.0,0.0,424.74
6,17,5,0,,,,2.3948834,0.0,0.0,0.0,390.19
6,18,5,0,,,,3.024,0.0,0.0,0.0,192.68
6,19,5,0,,,,1.3152,0.0,0.0,0.0,44.26
6,20,5,0,,,,0.75563335,0.0,0.0,0.0,21.33
6,21,5,0,,,,0.71096665,0.0,0.0,0.0,0.0
6,22,5,0,,,,0.6245667,0.0,0.0,0.0,0.0
6,23,5,0,,,,0.7794833,0.0,0.0,0.0,0.0
6,24,5,0,,,,0.9332833,0.0,0.0,0.0,0.0
7,1,6,0,,,,0.5891167,0.0,0.0,0.0,0.0
7,2,6,0,,,,1.808,0.0,0.0,0.0,0.0
7,3,6,0,,,,1.0751166,0.0,0.0,0.0,0.0
7,4,6,0,,,,0.24745667,0.0,0.0,0.0,0.0
7,5,6,0,,,,0.26231667,0.0,0.0,0.0,0.0
7,6,6,0,,,,0.25318334,0.0,0.0,0.0,36.2
7,7,6,0,,,,0.27833334,0.0,0.0,0.0,87.64
7,8,6,0,,,,0.33243334,0.0,0.0,0.0,264.07
7,9,6,0,,,,0.61808336,0.0,0.0,0.0,438.36
7,10,6,0,,,,1.74625,0.0,0.0,0.0,587.05
7,11,6,0,,,,0.22828333,0.0,0.0,0.0,684.31
7,12,6,0,,,,1.9401833,0.0,0.0,0.0,736.15
7,13,6,0,,,,0.8451,0.0,0.0,0.0,757.63
7,14,6,0,,,,1.97135,0.0,0.0,0.0,728.24
7,15,6,0,,,,1.6623666,0.0,0.0,0.0,645.67
7,16,6,0,,,,0.40388334,0.0,0.0,0.0,534.61
7,17,6,0,,,,1.2061334,0.0,0.0,0.0,373.48
7,18,6,0,,,,1.6074667,0.0,0.0,0.0,193.25
7,19,6,0,,,,0.8861334,0.0,0.0,0.0,52.03
7,20,6,0,,,,0.33798334,0.0,0.0,0.0,19.49
7,21,6,0,,,,0.67305,0.0,0.0,0.0,0.0
7,22,6,0,,,,0.35323334,0.0,0.0,0.0,0.0
7,23,6,0,,,,0.5650833,0.0,0.0,0.0,0.0
7,24,6,0,,,,1.1367667,0.0,0.0,0.0,0.0
7,1,7,0,,,,2.9606667,0.0,0.0,0.0,0.0
7,2,7,0,,,,0.6157333,0.0,0.0,0.0,0.0
7,3,7,0,,,,0.39806667,0.0,0.0,0.0,0.0
7,4,7,0,,,,0.35388333,0.0,0.0,0.0,0.0
7,5,7,0,,,,0.34995,0.0,0.0,0.0,0.0
7,6,7,0,,,,0.34231666,0.0,0.0,0.0,29.48
7,7,7,0,,,,0.34691668,0.0,0.0,0.0,97.95
7,8,7,0,,,,0.35453334,0.0,0.0,0.0,225.87
7,9,7,0,,,,0.7644167,0.0,0.0,0.0,393.48
7,10,7,0,,,,1.9397334,0.0,0.0,0.0,319.71
7,11,7,0,,,,0.34546667,0.0,0.0,0.0,652.0
7,12,7,0,,,,1.5436333,0.0,0.0,0.0,669.68
7,13,7,0,,,,2.16325,0.0,0.0,0.0,232.5
7,14,7,0,,,,2.0224333,0.0,0.0,0.0,126.59
7,15,7,0,,,,3.7239,0.0,0.0,0.0,322.32
7,16,7,0,,,,1.4332334,0.0,0.0,0.0,515.49
7,17,7,0,,,,3.4075334,0.0,0.0,0.0,185.24
7,18,7,0,,,,0.86536664,0.0,0.0,0.0,184.46
7,19,7,0,,,,2.2817,0.0,0.0,0.0,54.69
7,20,7,0,,,,0.65751666,0.0,0.0,0.0,19.44
7,21,7,0,,,,2.1511166,0.0,0.0,0.0,0.0
7,22,7,0,,,,1.0674833,0.0,0.0,0.0,0.0
7,23,7,0,,,,1.0660666,0.0,0.0,0.0,0.0
7,24,7,0,,,,0.7842583,0.0,0.0,0.0,0.0
7,1,1,0,,,,1.6343833,0.0,0.0,0.0,0.0
7,2,1,0,,,,2.2795167,0.0,0.0,0.0,0.0
7,3,1,0,,,,0.99543333,0.0,0.0,0.0,0.0
7,4,1,0,,,,0.31801668,0.0,0.0,0.0,0.0
7,5,1,0,,,,0.38691667,0.0,0.0,0.0,0.0
7,6,1,0,,,,0.5402667,0.0,0.0,0.0,34.75
7,7,1,0,,,,0.7569,0.0,0.0,0.0,88.42
7,8,1,0,,,,0.22308333,0.0,0.0,0.0,274.14
7,9,1,0,,,,0.2217,0.0,0.0,0.0,462.98
7,10,1,0,,,,2.2593834,0.0,0.0,0.0,625.08
7,11,1,0,,,,2.1719167,0.0,0.0,0.0,723.58
7,12,1,0,,,,0.59861666,0.0,0.0,0.0,605.93
7,13,1,0,,,,3.5516167,0.0,0.0,0.0,636.66
7,14,1,0,,,,0.9059167,0.0,0.0,0.0,707.46
7,15,1,0,,,,2.785,0.0,0.0,0.0,620.33
7,16,1,0,,,,2.8471334,0.0,0.0,0.0,526.77
7,17,1,0,,,,2.1725833,0.0,0.0,0.0,339.2
7,18,1,0,,,,0.3174,0.0,0.0,0.0,191.05
7,19,1,0,,,,0.34183335,0.0,0.0,0.0,73.8
7,20,1,0,,,,1.1569,0.0,0.0,0.0,21.66
7,21,1,0,,,,1.0833833,0.0,0.0,0.0,0.0
7,22,1,0,,,,1.3679667,0.0,0.0,0.0,0.0
7,23,1,0,,,,1.4008,0.0,0.0,0.0,0.0
7,24,1,0,,,,0.910425,0.0,0.0,0.0,0.0
7,1,2,0,,,,0.68198335,0.0,0.0,0.0,0.0
7,2,2,0,,,,0.9829583,0.0,0.0,0.0,0.0
7,3,2,0,,,,0.3346,0.0,0.0,0.0,0.0
7,4,2,0,,,,0.32841668,0.0,0.0,0.0,0.0
7,5,2,0,,,,0.32321668,0.0,0.0,0.0,0.0
7,6,2,0,,,,0.30653334,0.0,0.0,0.0,35.37
7,7,2,0,,,,0.31295,0.0,0.0,0.0,102.96
7,8,2,0,,,,0.86838335,0.0,0.0,0.0,247.95
7,9,2,0,,,,0.92355,0.0,0.0,0.0,469.21
7,10,2,0,,,,1.9639833,0.0,0.0,0.0,609.59
7,11,2,0,,,,1.1806667,0.0,0.0,0.0,459.7
7,12,2,0,,,,1.4289,0.0,0.0,0.0,607.74
7,13,2,0,,,,2.38805,0.0,0.0,0.0,662.93
7,14,2,0,,,,3.9313667,0.0,0.0,0.0,557.53
7,15,2,0,,,,4.2433167,0.0,0.0,0.0,344.08
7,16,2,0,,,,4.2559667,0.0,0.0,0.0,326.42
7,17,2,0,,,,4.23005,0.0,0.0,0.0,165.09
7,18,2,0,,,,4.1638,0.0,0.0,0.0,190.2
7,19,2,0,,,,3.7958667,0.0,0.0,0.0,69.21
7,20,2,0,,,,3.1167,0.0,0.0,0.0,20.63
7,21,2,0,,,,2.5188832,0.0,0.0,0.0,0.0
7,22,2,0,,,,0.93515,0.0,0.0,0.0,0.0
7,23,2,0,,,,1.1718667,0.0,0.0,0.0,0.0
7,24,2,0,,,,1.228975,0.0,0.0,0.0,0.0
7,1,3,0,,,,0.55916667,0.0,0.0,0.0,0.0
7,2,3,0,,,,0.33088332,0.0,0.0,0.0,0.0
7,3,3,0,,,,0.33333334,0.0,0.0,0.0,0.0
7,4,3,0,,,,0.32731667,0.0,0.0,0.0,0.0
7,5,3,0,,,,0.32368332,0.0,0.0,0.0,0.0
7,6,3,0,,,,0.30636665,0.0,0.0,0.0,35.76
7,7,3,0,,,,0.31268334,0.0,0.0,0.0,83.0
7,8,3,0,,,,0.3193,0.0,0.0,0.0,266.19
7,9,3,0,,,,0.85285,0.0,0.0,0.0,451.76
7,10,3,0,,,,0.8977417,0.0,0.0,0.0,614.7
7,11,3,0,,,,1.4654666,0.0,0.0,0.0,654.02
7,12,3,0,,,,2.7962832,0.0,0.0,0.0,628.25
7,13,3,0,,,,3.8058,0.0,0.0,0.0,625.32
7,14,3,0,,,,2.04935,0.0,0.0,0.0,571.17
7,15,3,0,,,,0.3802,0.0,0.0,0.0,533.06
7,16,3,0,,,,2.4475167,0.0,0.0,0.0,391.09
7,17,3,0,,,,2.3855,0.0,0.0,0.0,283.78
7,18,3,0,,,,1.7330834,0.0,0.0,0.0,142.23
7,19,3,0,,,,2.0106332,0.0,0.0,0.0,8.06
7,20,3,0,,,,2.1097834,0.0,0.0,0.0,1.16
7,21,3,0,,,,1.7723833,0.0,0.0,0.0,0.0
7,22,3,0,,,,1.4207667,0.0,0.0,0.0,0.0
7,23,3,0,,,,1.6303333,0.0,0.0,0.0,0.0
7,24,3,0,,,,1.6662166,0.0,0.0,0.0,0.0
7,1,4,0,,,,0.85575,0.0,0.0,0.0,0.0
7,2,4,0,,,,1.3949333,0.0,0.0,0.0,0.0
7,3,4,0,,,,3.2604833,0.0,0.0,0.0,0.0
7,4,4,0,,,,1.4223167,0.0,0.0,0.0,0.0
7,5,4,0,,,,0.34583333,0.0,0.0,0.0,0.0
7,6,4,0,,,,0.39337084,0.0,0.0,0.0,10.57
7,7,4,0,,,,1.6894333,0.0,0.0,0.0,89.89
7,8,4,0,,,,1.4940667,0.0,0.0,0.0,273.5
7,9,4,0,,,,0.28471667,0.0,0.0,0.0,419.1
7,10,4,0,,,,0.26363334,0.0,0.0,0.0,592.35
7,11,4,0,,,,0.2713,0.0,0.0,0.0,586.01
7,12,4,0,,,,1.3093166,0.0,0.0,0.0,666.24
7,13,4,0,,,,1.3357167,0.0,0.0,0.0,641.59
7,14,4,0,,,,1.9564667,0.0,0.0,0.0,723.97
7,15,4,0,,,,2.5931833,0.0,0.0,0.0,663.62
7,16,4,0,,,,2.2906334,0.0,0.0,0.0,540.39
7,17,4,0,,,,2.63245,0.0,0.0,0.0,395.86
7,18,4,0,,,,2.82135,0.0,0.0,0.0,207.82
7,19,4,0,,,,1.5171167,0.0,0.0,0.0,56.89
7,20,4,0,,,,2.0690167,0.0,0.0,0.0,21.01
7,21,4,0,,,,1.4857666,0.0,0.0,0.0,0.0
7,22,4,0,,,,1.4300667,0.0,0.0,0.0,0.0
7,23,4,0,,,,1.6410667,0.0,0.0,0.0,0.0
7,24,4,0,,,,2.551425,0.0,0.0,0.0,0.0
7,1,5,0,,,,3.6765332,0.0,0.0,0.0,0.0
7,2,5,0,,,,1.0257167,0.0,0.0,0.0,0.0
7,3,5,0,,,,0.35,0.0,0.0,0.0,0.0
7,4,5,0,,,,0.34515,0.0,0.0,0.0,0.0
7,5,5,0,,,,2.41665,0.0,0.0,0.0,0.0
7,6,5,0,,,,0.3316,0.0,0.0,0.0,1.21
7,7,5,0,,,,0.6821,0.0,0.0,0.0,10.1
7,8,5,0,,,,2.5644834,0.0,0.0,0.0,231.17
7,9,5,0,,,,0.31621668,0.0,0.0,0.0,304.44
7,10,5,0,,,,0.32675,0.0,0.0,0.0,578.77
7,11,5,0,,,,0.33338332,0.0,0.0,0.0,76.96
7,12,5,0,,,,1.9038833,0.0,0.0,0.0,173.37
7,13,5,0,,,,1.95815,0.0,0.0,0.0,520.47
7,14,5,0,,,,2.2007666,0.0,0.0,0.0,461.3
7,15,5,0,,,,2.4511666,0.0,0.0,0.0,662.5
7,16,5,0,,,,3.1107666,0.0,0.0,0.0,281.98
7,17,5,0,,,,2.44095,0.0,0.0,0.0,157.07
7,18,5,0,,,,3.2579334,0.0,0.0,0.0,113.83
7,19,5,0,,,,2.1169,0.0,0.0,0.0,5.9
7,20,5,0,,,,1.95075,0.0,0.0,0.0,0.45
7,21,5,0,,,,3.6185668,0.0,0.0,0.0,0.0
7,22,5,0,,,,3.58615,0.0,0.0,0.0,0.0
7,23,5,0,,,,1.6059667,0.0,0.0,0.0,0.0
7,24,5,0,,,,3.8611667,0.0,0.0,0.0,0.0
7,1,6,0,,,,0.90931666,0.0,0.0,0.0,0.0
7,2,6,0,,,,1.3769,0.0,0.0,0.0,0.0
7,3,6,0,,,,1.66555,0.0,0.0,0.0,0.0
7,4,6,0,,,,0.39816666,0.0,0.0,0.0,0.0
7,5,6,0,,,,0.40966666,0.0,0.0,0.0,0.0
7,6,6,0,,,,1.0422333,0.0,0.0,0.0,1.22
7,7,6,0,,,,0.3135,0.0,0.0,0.0,8.34
7,8,6,0,,,,2.3136168,0.0,0.0,0.0,43.51
7,9,6,0,,,,0.95405,0.0,0.0,0.0,193.25
7,10,6,0,,,,2.7028167,0.0,0.0,0.0,566.62
7,11,6,0,,,,2.5643167,0.0,0.0,0.0,517.35
7,12,6,0,,,,3.5889,0.0,0.0,0.0,421.59
7,13,6,0,,,,2.0624332,0.0,0.0,0.0,513.75
7,14,6,0,,,,3.9259834,0.0,0.0,0.0,514.16
7,15,6,0,,,,3.4724834,0.0,0.0,0.0,133.07
7,16,6,0,,,,2.4664,0.0,0.0,0.0,323.88
7,17,6,0,,,,3.4806166,0.0,0.0,0.0,272.93
7,18,6,0,,,,1.1736667,0.0,0.0,0.0,160.49
7,19,6,0,,,,1.5173334,0.0,0.0,0.0,72.47
7,20,6,0,,,,2.2954166,0.0,0.0,0.0,20.61
7,21,6,0,,,,1.51705,0.0,0.0,0.0,0.0
7,22,6,0,,,,2.1323833,0.0,0.0,0.0,0.0
7,23,6,0,,,,1.5932667,0.0,0.0,0.0,0.0
7,24,6,0,,,,3.0691833,0.0,0.0,0.0,0.0
7,1,7,0,,,,3.7795832,0.0,0.0,0.0,0.0
7,2,7,0,,,,1.2667667,0.0,0.0,0.0,0.0
7,3,7,0,,,,0.27718332,0.0,0.0,0.0,0.0
7,4,7,0,,,,2.3122168,0.0,0.0,0.0,0.0
7,5,7,0,,,,0.25761667,0.0,0.0,0.0,0.0
7,6,7,0,,,,0.28536665,0.0,0.0,0.0,19.27
7,7,7,0,,,,0.70185,0.0,0.0,0.0,87.63
7,8,7,0,,,,2.5036166,0.0,0.0,0.0,268.44
7,9,7,0,,,,0.6476167,0.0,0.0,0.0,429.86
7,10,7,0,,,,2.6421666,0.0,0.0,0.0,570.93
7,11,7,0,,,,0.31293333,0.0,0.0,0.0,692.09
7,12,7,0,,,,0.33393332,0.0,0.0,0.0,699.43
7,13,7,0,,,,0.34068334,0.0,0.0,0.0,416.54
7,14,7,0,,,,0.51586664,0.0,0.0,0.0,661.77
7,15,7,0,,,,1.8967,0.0,0.0,0.0,555.9
7,16,7,0,,,,2.4163334,0.0,0.0,0.0,484.29
7,17,7,0,,,,2.3586,0.0,0.0,0.0,227.48
7,18,7,0,,,,2.1152666,0.0,0.0,0.0,199.43
7,19,7,0,,,,1.6741166,0.0,0.0,0.0,51.5
7,20,7,0,,,,0.84776664,0.0,0.0,0.0,16.29
7,21,7,0,,,,2.3050833,0.0,0.0,0.0,0.0
7,22,7,0,,,,0.8627667,0.0,0.0,0.0,0.0
7,23,7,0,,,,0.7442167,0.0,0.0,0.0,0.0
7,24,7,0,,,,3.0307167,0.0,0.0,0.0,0.0
7,1,1,0,,,,2.9994,0.0,0.0,0.0,0.0
7,2,1,0,,,,0.68221664,0.0,0.0,0.0,0.0
7,3,1,0,,,,1.59555,0.0,0.0,0.0,0.0
7,4,1,0,,,,0.4069,0.0,0.0,0.0,0.0
7,5,1,0,,,,0.4029,0.0,0.0,0.0,0.0
7,6,1,0,,,,1.8436,0.0,0.0,0.0,30.79
7,7,1,0,,,,0.7126667,0.0,0.0,0.0,35.45
7,8,1,0,,,,0.49416667,0.0,0.0,0.0,194.93
7,9,1,0,,,,0.36118335,0.0,0.0,0.0,70.24
7,10,1,0,,,,3.6038666,0.0,0.0,0.0,157.14
7,11,1,0,,,,3.8245833,0.0,0.0,0.0,220.7
7,12,1,0,,,,1.6191666,0.0,0.0,0.0,721.58
7,13,1,0,,,,3.1895,0.0,0.0,0.0,602.41
7,14,1,0,,,,2.5706,0.0,0.0,0.0,426.88
7,15,1,0,,,,2.3141,0.0,0.0,0.0,314.24
7,16,1,0,,,,2.1931167,0.0,0.0,0.0,431.08
7,17,1,0,,,,0.6220833,0.0,0.0,0.0,284.86
7,18,1,0,,,,1.3894833,0.0,0.0,0.0,109.57
7,19,1,0,,,,1.2026334,0.0,0.0,0.0,72.61
7,20,1,0,,,,1.7925333,0.0,0.0,0.0,20.26
7,21,1,0,,,,1.1828667,0.0,0.0,0.0,0.0
7,22,1,0,,,,1.7246333,0.0,0.0,0.0,0.0
7,23,1,0,,,,1.63325,0.0,0.0,0.0,0.0
7,24,1,0,,,,2.2072418,0.0,0.0,0.0,0.0
7,1,2,0,,,,3.2567666,0.0,0.0,0.0,0.0
7,2,2,0,,,,2.1245,0.0,0.0,0.0,0.0
7,3,2,0,,,,1.7047666,0.0,0.0,0.0,0.0
7,4,2,0,,,,0.35671666,0.0,0.0,0.0,0.0
7,5,2,0,,,,1.3809834,0.0,0.0,0.0,0.0
7,6,2,0,,,,0.33025,0.0,0.0,0.0,0.87
7,7,2,0,,,,1.4972,0.0,0.0,0.0,8.51
7,8,2,0,,,,0.54216665,0.0,0.0,0.0,33.76
7,9,2,0,,,,0.25093332,0.0,0.0,0.0,128.24
7,10,2,0,,,,0.25515,0.0,0.0,0.0,245.13
7,11,2,0,,,,0.26801667,0.0,0.0,0.0,432.39
7,12,2,0,,,,0.28705,0.0,0.0,0.0,542.47
7,13,2,0,,,,0.31725,0.0,0.0,0.0,439.91
7,14,2,0,,,,0.31511667,0.0,0.0,0.0,282.27
7,15,2,0,,,,2.0907834,0.0,0.0,0.0,259.16
7,16,2,0,,,,1.2694334,0.0,0.0,0.0,262.77
7,17,2,0,,,,1.4724,0.0,0.0,0.0,265.21
7,18,2,0,,,,1.7037333,0.0,0.0,0.0,186.14
7,19,2,0,,,,1.5856167,0.0,0.0,0.0,15.22
7,20,2,0,,,,0.9830833,0.0,0.0,0.0,20.31
7,21,2,0,,,,1.137,0.0,0.0,0.0,0.0
7,22,2,0,,,,0.75565,0.0,0.0,0.0,0.0
7,23,2,0,,,,2.33825,0.0,0.0,0.0,0.0
7,24,2,0,,,,1.1512583,0.0,0.0,0.0,0.0
7,1,3,0,,,,1.5719167,0.0,0.0,0.0,0.0
7,2,3,0,,,,3.4829,0.0,0.0,0.0,0.0
7,3,3,0,,,,2.8067167,0.0,0.0,0.0,0.0
7,4,3,0,,,,0.30381668,0.0,0.0,0.0,0.0
7,5,3,0,,,,1.4678667,0.0,0.0,0.0,0.0
7,6,3,0,,,,0.23813333,0.0,0.0,0.0,28.73
7,7,3,0,,,,1.7124166,0.0,0.0,0.0,67.63
7,8,3,0,,,,0.25153333,0.0,0.0,0.0,68.28
7,9,3,0,,,,0.24811667,0.0,0.0,0.0,303.87
7,10,3,0,,,,0.2578,0.0,0.0,0.0,451.04
7,11,3,0,,,,0.8454,0.0,0.0,0.0,628.65
7,12,3,0,,,,0.55275,0.0,0.0,0.0,275.63
7,13,3,0,,,,0.25505,0.0,0.0,0.0,377.22
7,14,3,0,,,,0.24978334,0.0,0.0,0.0,120.49
7,15,3,0,,,,3.5283334,0.0,0.0,0.0,463.98
7,16,3,0,,,,3.5652666,0.0,0.0,0.0,414.6
7,17,3,0,,,,3.6263666,0.0,0.0,0.0,385.21
7,18,3,0,,,,1.7547166,0.0,0.0,0.0,53.65
7,19,3,0,,,,1.8150166,0.0,0.0,0.0,56.4
7,20,3,0,,,,1.8965833,0.0,0.0,0.0,18.85
7,21,3,0,,,,0.709025,0.0,0.0,0.0,0.0
7,22,3,0,,,,2.3667,0.0,0.0,0.0,0.0
7,23,3,0,,,,0.93203336,0.0,0.0,0.0,0.0
7,24,3,0,,,,3.37665,0.0,0.0,0.0,0.0
7,1,4,0,,,,1.1857667,0.0,0.0,0.0,0.0
7,2,4,0,,,,1.3162833,0.0,0.0,0.0,0.0
7,3,4,0,,,,1.2741667,0.0,0.0,0.0,0.0
7,4,4,0,,,,0.51636666,0.0,0.0,0.0,0.0
7,5,4,0,,,,0.33581668,0.0,0.0,0.0,0.0
7,6,4,0,,,,0.51586664,0.0,0.0,0.0,28.74
7,7,4,0,,,,2.0240667,0.0,0.0,0.0,87.97
7,8,4,0,,,,1.2377167,0.0,0.0,0.0,259.86
7,9,4,0,,,,1.07175,0.0,0.0,0.0,428.57
7,10,4,0,,,,0.43606666,0.0,0.0,0.0,587.78
7,11,4,0,,,,0.96715,0.0,0.0,0.0,667.11
7,12,4,0,,,,0.7104167,0.0,0.0,0.0,707.14
7,13,4,0,,,,0.35895,0.0,0.0,0.0,712.05
7,14,4,0,,,,1.1586334,0.0,0.0,0.0,682.24
7,15,4,0,,,,1.3964334,0.0,0.0,0.0,502.6
7,16,4,0,,,,2.8418,0.0,0.0,0.0,540.49
7,17,4,0,,,,1.1331333,0.0,0.0,0.0,252.56
7,18,4,0,,,,1.8358,0.0,0.0,0.0,190.82
7,19,4,0,,,,1.4415667,0.0,0.0,0.0,48.61
7,20,4,0,,,,1.2379,0.0,0.0,0.0,18.64
7,21,4,0,,,,1.4151334,0.0,0.0,0.0,0.0
7,22,4,0,,,,1.3501,0.0,0.0,0.0,0.0
7,23,4,0,,,,1.8340666,0.0,0.0,0.0,0.0
7,24,4,0,,,,4.052275,0.0,0.0,0.0,0.0
7,1,5,0,,,,3.6371667,0.0,0.0,0.0,0.0
7,2,5,0,,,,1.0817667,0.0,0.0,0.0,0.0
7,3,5,0,,,,1.7865334,0.0,0.0,0.0,0.0
7,4,5,0,,,,0.67261666,0.0,0.0,0.0,0.0
7,5,5,0,,,,0.38273335,0.0,0.0,0.0,0.0
7,6,5,0,,,,0.35775,0.0,0.0,0.0,3.51
7,7,5,0,,,,1.5431833,0.0,0.0,0.0,49.78
7,8,5,0,,,,0.25585,0.0,0.0,0.0,94.9
7,9,5,0,,,,0.2581,0.0,0.0,0.0,331.24
7,10,5,0,,,,0.31908333,0.0,0.0,0.0,553.51
7,11,5,0,,,,2.5356667,0.0,0.0,0.0,669.94
7,12,5,0,,,,1.5172334,0.0,0.0,0.0,511.84
7,13,5,0,,,,2.68255,0.0,0.0,0.0,289.31
7,14,5,0,,,,3.5247,0.0,0.0,0.0,49.37
7,15,5,0,,,,2.3357832,0.0,0.0,0.0,39.27
7,16,5,0,,,,4.1794834,0.0,0.0,0.0,164.84
7,17,5,0,,,,2.5287333,0.0,0.0,0.0,66.78
7,18,5,0,,,,2.8417,0.0,0.0,0.0,182.02
7,19,5,0,,,,1.554,0.0,0.0,0.0,68.23
7,20,5,0,,,,0.5611,0.0,0.0,0.0,17.6
7,21,5,0,,,,1.5857333,0.0,0.0,0.0,0.0
7,22,5,0,,,,0.31545,0.0,0.0,0.0,0.0
7,23,5,0,,,,2.4700334,0.0,0.0,0.0,0.0
7,24,5,0,,,,3.6137083,0.0,0.0,0.0,0.0
7,1,6,0,,,,0.64735,0.0,0.0,0.0,0.0
7,2,6,0,,,,1.9907833,0.0,0.0,0.0,0.0
7,3,6,0,,,,0.5867,0.0,0.0,0.0,0.0
7,4,6,0,,,,0.5144167,0.0,0.0,0.0,0.0
7,5,6,0,,,,1.5482334,0.0,0.0,0.0,0.0
7,6,6,0,,,,0.48046666,0.0,0.0,0.0,0.85
7,7,6,0,,,,0.47821668,0.0,0.0,0.0,7.8
7,8,6,0,,,,0.45028332,0.0,0.0,0.0,27.6
7,9,6,0,,,,0.5536,0.0,0.0,0.0,89.49
7,10,6,0,,,,0.56231666,0.0,0.0,0.0,98.36
7,11,6,0,,,,1.4753333,0.0,0.0,0.0,185.01
7,12,6,0,,,,2.7913833,0.0,0.0,0.0,129.13
7,13,6,0,,,,1.9439167,0.0,0.0,0.0,106.53
7,14,6,0,,,,2.3488834,0.0,0.0,0.0,140.36
7,15,6,0,,,,2.8692334,0.0,0.0,0.0,357.76
7,16,6,0,,,,2.7802668,0.0,0.0,0.0,162.26
7,17,6,0,,,,2.60385,0.0,0.0,0.0,164.05
7,18,6,0,,,,2.5034,0.0,0.0,0.0,186.08
7,19,6,0,,,,0.7777,0.0,0.0,0.0,69.32
7,20,6,0,,,,2.0649,0.0,0.0,0.0,17.61
7,21,6,0,,,,0.68838334,0.0,0.0,0.0,0.0
7,22,6,0,,,,2.4325,0.0,0.0,0.0,0.0
7,23,6,0,,,,1.89085,0.0,0.0,0.0,0.0
7,24,6,0,,,,3.63735,0.0,0.0,0.0,0.0
7,1,7,0,,,,3.416,0.0,0.0,0.0,0.0
7,2,7,0,,,,1.3606666,0.0,0.0,0.0,0.0
7,3,7,0,,,,0.89171666,0.0,0.0,0.0,0.0
7,4,7,0,,,,1.0451,0.0,0.0,0.0,0.0
7,5,7,0,,,,0.25295,0.0,0.0,0.0,0.0
7,6,7,0,,,,0.91961664,0.0,0.0,0.0,0.87
7,7,7,0,,,,0.9777667,0.0,0.0,0.0,82.73
7,8,7,0,,,,0.93153334,0.0,0.0,0.0,254.03
7,9,7,0,,,,1.5247333,0.0,0.0,0.0,436.02
7,10,7,0,,,,1.7831167,0.0,0.0,0.0,600.67
7,11,7,0,,,,1.5208167,0.0,0.0,0.0,694.26
7,12,7,0,,,,2.7176833,0.0,0.0,0.0,746.07
7,13,7,0,,,,2.9943,0.0,0.0,0.0,776.64
7,14,7,0,,,,0.42888334,0.0,0.0,0.0,748.24
7,15,7,0,,,,0.6243,0.0,0.0,0.0,659.69
7,16,7,0,,,,2.6690166,0.0,0.0,0.0,424.99
7,17,7,0,,,,2.9295666,0.0,0.0,0.0,313.27
7,18,7,0,,,,2.7841666,0.0,0.0,0.0,38.85
7,19,7,0,,,,1.7083,0.0,0.0,0.0,47.77
7,20,7,0,,,,2.0906334,0.0,0.0,0.0,17.36
7,21,7,0,,,,2.5409667,0.0,0.0,0.0,0.0
7,22,7,0,,,,1.2064834,0.0,0.0,0.0,0.0
7,23,7,0,,,,1.1943166,0.0,0.0,0.0,0.0
7,24,7,0,,,,1.7832416,0.0,0.0,0.0,0.0
7,1,1,0,,,,3.0775,0.0,0.0,0.0,0.0
7,2,1,0,,,,3.3068833,0.0,0.0,0.0,0.0
7,3,1,0,,,,0.7506667,0.0,0.0,0.0,0.0
7,4,1,0,,,,0.42098334,0.0,0.0,0.0,0.0
7,5,1,0,,,,0.6895667,0.0,0.0,0.0,0.0
7,6,1,0,,,,1.3150667,0.0,0.0,0.0,0.49
7,7,1,0,,,,0.58813334,0.0,0.0,0.0,7.79
7,8,1,0,,,,2.13805,0.0,0.0,0.0,37.04
7,9,1,0,,,,3.7211666,0.0,0.0,0.0,33.23
7,10,1,0,,,,3.68835,0.0,0.0,0.0,53.35
7,11,1,0,,,,3.8024166,0.0,0.0,0.0,698.47
7,12,1,0,,,,3.0298333,0.0,0.0,0.0,463.66
7,13,1,0,,,,3.5667834,0.0,0.0,0.0,598.32
7,14,1,0,,,,3.5362556,0.0,0.0,0.0,446.51
7,15,1,0,,,,3.2825832,0.0,0.0,0.0,618.84
7,16,1,0,,,,2.9394667,0.0,0.0,0.0,129.37
7,17,1,0,,,,0.38196668,0.0,0.0,0.0,215.72
7,18,1,0,,,,0.59255,0.0,0.0,0.0,143.62
7,19,1,0,,,,0.45095,0.0,0.0,0.0,17.75
7,20,1,0,,,,0.52598333,0.0,0.0,0.0,13.37
7,21,1,0,,,,0.5229333,0.0,0.0,0.0,0.0
7,22,1,0,,,,0.52148336,0.0,0.0,0.0,0.0
7,23,1,0,,,,0.52531666,0.0,0.0,0.0,0.0
7,24,1,0,,,,2.6573668,0.0,0.0,0.0,0.0
7,1,2,0,,,,2.7054167,0.0,0.0,0.0,0.0
7,2,2,0,,,,0.4799,0.0,0.0,0.0,0.0
7,3,2,0,,,,0.8052667,0.0,0.0,0.0,0.0
7,4,2,0,,,,1.7785,0.0,0.0,0.0,0.0
7,5,2,0,,,,0.47205,0.0,0.0,0.0,0.0
7,6,2,0,,,,0.46473333,0.0,0.0,0.0,0.51
7,7,2,0,,,,1.31435,0.0,0.0,0.0,91.1
7,8,2,0,,,,0.9831,0.0,0.0,0.0,245.14
7,9,2,0,,,,0.47275,0.0,0.0,0.0,430.95
7,10,2,0,,,,0.47705,0.0,0.0,0.0,562.4
7,11,2,0,,,,0.41986668,0.0,0.0,0.0,670.32
7,12,2,0,,,,0.31668332,0.0,0.0,0.0,555.84
7,13,2,0,,,,0.2533,0.0,0.0,0.0,304.63
7,14,2,0,,,,0.25905,0.0,0.0,0.0,754.45
7,15,2,0,,,,1.73705,0.0,0.0,0.0,488.89
7,16,2,0,,,,0.91623336,0.0,0.0,0.0,458.91
7,17,2,0,,,,2.123,0.0,0.0,0.0,334.04
7,18,2,0,,,,2.0331,0.0,0.0,0.0,159.79
7,19,2,0,,,,0.52685,0.0,0.0,0.0,50.36
7,20,2,0,,,,1.49345,0.0,0.0,0.0,16.88
7,21,2,0,,,,0.8772,0.0,0.0,0.0,0.0
7,22,2,0,,,,1.1955,0.0,0.0,0.0,0.0
7,23,2,0,,,,2.9694834,0.0,0.0,0.0,0.0
7,24,2,0,,,,3.28565,0.0,0.0,0.0,0.0
7,1,3,0,,,,2.9848666,0.0,0.0,0.0,0.0
7,2,3,0,,,,0.37196666,0.0,0.0,0.0,0.0
7,3,3,0,,,,0.26215,0.0,0.0,0.0,0.0
7,4,3,0,,,,1.7204666,0.0,0.0,0.0,0.0
7,5,3,0,,,,0.25356665,0.0,0.0,0.0,0.0
7,6,3,0,,,,0.26321667,0.0,0.0,0.0,8.8
7,7,3,0,,,,0.67363334,0.0,0.0,0.0,84.45
7,8,3,0,,,,0.4506,0.0,0.0,0.0,253.5
7,9,3,0,,,,3.74005,0.0,0.0,0.0,439.39
7,10,3,0,,,,3.6480834,0.0,0.0,0.0,605.75
7,11,3,0,,,,3.75555,0.0,0.0,0.0,708.68
7,12,3,0,,,,2.2364833,0.0,0.0,0.0,660.23
7,13,3,0,,,,3.8857167,0.0,0.0,0.0,558.13
7,14,3,0,,,,3.3116417,0.0,0.0,0.0,512.26
7,15,3,0,,,,2.4981666,0.0,0.0,0.0,365.76
7,16,3,0,,,,3.56035,0.0,0.0,0.0,195.03
7,17,3,0,,,,1.7853833,0.0,0.0,0.0,290.03
7,18,3,0,,,,0.8639167,0.0,0.0,0.0,203.92
7,19,3,0,,,,0.45076665,0.0,0.0,0.0,41.81
7,20,3,0,,,,0.71461666,0.0,0.0,0.0,16.02
7,21,3,0,,,,0.84861666,0.0,0.0,0.0,0.0
7,22,3,0,,,,2.3018167,0.0,0.0,0.0,0.0
7,23,3,0,,,,2.3650167,0.0,0.0,0.0,0.0
7,24,3,0,,,,0.41165,0.0,0.0,0.0,0.0
7,1,4,0,,,,1.4367,0.0,0.0,0.0,0.0
7,2,4,0,,,,0.26391667,0.0,0.0,0.0,0.0
7,3,4,0,,,,0.31421667,0.0,0.0,0.0,0.0
7,4,4,0,,,,0.31328332,0.0,0.0,0.0,0.0
7,5,4,0,,,,1.4727,0.0,0.0,0.0,0.0
7,6,4,0,,,,0.30791667,0.0,0.0,0.0,10.57
7,7,4,0,,,,0.6972333,0.0,0.0,0.0,83.9
7,8,4,0,,,,0.31903332,0.0,0.0,0.0,242.42
7,9,4,0,,,,0.31478333,0.0,0.0,0.0,421.66
7,10,4,0,,,,0.32406667,0.0,0.0,0.0,575.06
7,11,4,0,,,,0.333,0.0,0.0,0.0,654.92
7,12,4,0,,,,0.34545,0.0,0.0,0.0,628.97
7,13,4,0,,,,0.8086333,0.0,0.0,0.0,642.21
7,14,4,0,,,,0.6404833,0.0,0.0,0.0,594.14
7,15,4,0,,,,2.2159834,0.0,0.0,0.0,424.9
7,16,4,0,,,,1.6567833,0.0,0.0,0.0,523.15
7,17,4,0,,,,1.4169667,0.0,0.0,0.0,366.68
7,18,4,0,,,,1.9664167,0.0,0.0,0.0,197.05
7,19,4,0,,,,2.6387835,0.0,0.0,0.0,46.23
7,20,4,0,,,,1.17495,0.0,0.0,0.0,14.59
7,21,4,0,,,,1.9967166,0.0,0.0,0.0,0.0
7,22,4,0,,,,0.6914167,0.0,0.0,0.0,0.0
7,23,4,0,,,,1.15025,0.0,0.0,0.0,0.0
7,24,4,0,,,,2.3969667,0.0,0.0,0.0,0.0
7,1,5,0,,,,3.5277166,0.0,0.0,0.0,0.0
7,2,5,0,,,,2.7658834,0.0,0.0,0.0,0.0
7,3,5,0,,,,0.5693,0.0,0.0,0.0,0.0
7,4,5,0,,,,0.51926666,0.0,0.0,0.0,0.0
7,5,5,0,,,,0.4017,0.0,0.0,0.0,0.0
7,6,5,0,,,,0.3894,0.0,0.0,0.0,0.15
7,7,5,0,,,,2.2424834,0.0,0.0,0.0,6.55
7,8,5,0,,,,0.28635,0.0,0.0,0.0,149.62
7,9,5,0,,,,0.24645,0.0,0.0,0.0,369.34
7,10,5,0,,,,0.25253335,0.0,0.0,0.0,478.35
7,11,5,0,,,,0.29705,0.0,0.0,0.0,643.36
7,12,5,0,,,,0.2669,0.0,0.0,0.0,696.16
7,13,5,0,,,,0.24823333,0.0,0.0,0.0,599.73
7,14,5,0,,,,0.50355,0.0,0.0,0.0,435.01
7,15,5,0,,,,1.1842834,0.0,0.0,0.0,289.92
7,16,5,0,,,,1.6931167,0.0,0.0,0.0,73.44
7,17,5,0,,,,2.1935334,0.0,0.0,0.0,38.4
7,18,5,0,,,,1.61455,0.0,0.0,0.0,83.52
7,19,5,0,,,,0.37073335,0.0,0.0,0.0,44.84
7,20,5,0,,,,0.9648,0.0,0.0,0.0,14.55
7,21,5,0,,,,1.6185167,0.0,0.0,0.0,0.0
7,22,5,0,,,,2.7720666,0.0,0.0,0.0,0.0
7,23,5,0,,,,3.7454333,0.0,0.0,0.0,0.0
7,24,5,0,,,,3.3682415,0.0,0.0,0.0,0.0
7,1,6,0,,,,2.0807834,0.0,0.0,0.0,0.0
7,2,6,0,,,,0.34383333,0.0,0.0,0.0,0.0
7,3,6,0,,,,0.33556667,0.0,0.0,0.0,0.0
7,4,6,0,,,,1.4200333,0.0,0.0,0.0,0.0
7,5,6,0,,,,0.33401668,0.0,0.0,0.0,0.0
7,6,6,0,,,,0.32611668,0.0,0.0,0.0,0.14
7,7,6,0,,,,0.37515,0.0,0.0,0.0,79.93
7,8,6,0,,,,0.25323334,0.0,0.0,0.0,177.99
7,9,6,0,,,,0.24906667,0.0,0.0,0.0,250.03
7,10,6,0,,,,0.25061667,0.0,0.0,0.0,99.66
7,11,6,0,,,,0.25865,0.0,0.0,0.0,156.36
7,12,6,0,,,,0.8258167,0.0,0.0,0.0,192.65
7,13,6,0,,,,1.5168,0.0,0.0,0.0,176.29
7,14,6,0,,,,1.8009833,0.0,0.0,0.0,538.78
7,15,6,0,,,,2.5790834,0.0,0.0,0.0,578.98
7,16,6,0,,,,2.7883334,0.0,0.0,0.0,381.67
7,17,6,0,,,,2.8771167,0.0,0.0,0.0,231.99
7,18,6,0,,,,1.6118166,0.0,0.0,0.0,186.69
7,19,6,0,,,,1.90495,0.0,0.0,0.0,55.26
7,20,6,0,,,,1.23545,0.0,0.0,0.0,11.97
7,21,6,0,,,,1.7903666,0.0,0.0,0.0,0.0
7,22,6,0,,,,1.3898333,0.0,0.0,0.0,0.0
7,23,6,0,,,,2.9669666,0.0,0.0,0.0,0.0
7,24,6,0,,,,3.1039417,0.0,0.0,0.0,0.0
7,1,7,0,,,,0.86371666,0.0,0.0,0.0,0.0
7,2,7,0,,,,1.0955,0.0,0.0,0.0,0.0
7,3,7,0,,,,0.58881664,0.0,0.0,0.0,0.0
7,4,7,0,,,,0.24743333,0.0,0.0,0.0,0.0
7,5,7,0,,,,0.24703333,0.0,0.0,0.0,0.0
7,6,7,0,,,,1.3425833,0.0,0.0,0.0,2.05
7,7,7,0,,,,0.24233334,0.0,0.0,0.0,6.57
7,8,7,0,,,,1.6112833,0.0,0.0,0.0,139.54
7,9,7,0,,,,1.618,0.0,0.0,0.0,335.52
7,10,7,0,,,,0.28253335,0.0,0.0,0.0,328.64
7,11,7,0,,,,0.6925167,0.0,0.0,0.0,631.75
7,12,7,0,,,,0.38316667,0.0,0.0,0.0,676.12
7,13,7,0,,,,3.5020332,0.0,0.0,0.0,717.78
7,14,7,0,,,,1.2139833,0.0,0.0,0.0,621.32
7,15,7,0,,,,0.39388335,0.0,0.0,0.0,533.78
7,16,7,0,,,,0.64735,0.0,0.0,0.0,459.74
7,17,7,0,,,,2.1911833,0.0,0.0,0.0,299.62
7,18,7,0,,,,1.9171,0.0,0.0,0.0,183.9
7,19,7,0,,,,2.8015332,0.0,0.0,0.0,43.21
7,20,7,0,,,,0.7849,0.0,0.0,0.0,12.52
7,21,7,0,,,,1.15005,0.0,0.0,0.0,0.0
7,22,7,0,,,,1.1816666,0.0,0.0,0.0,0.0
7,23,7,0,,,,3.3762167,0.0,0.0,0.0,0.0
7,24,7,0,,,,3.537275,0.0,0.0,0.0,0.0
7,1,1,0,,,,0.6404833,0.0,0.0,0.0,0.0
7,2,1,0,,,,1.8481,0.0,0.0,0.0,0.0
7,3,1,0,,,,0.40458333,0.0,0.0,0.0,0.0
7,4,1,0,,,,0.8007,0.0,0.0,0.0,0.0
7,5,1,0,,,,0.8567167,0.0,0.0,0.0,0.0
7,6,1,0,,,,0.32821667,0.0,0.0,0.0,0.15
7,7,1,0,,,,0.32436666,0.0,0.0,0.0,6.61
7,8,1,0,,,,0.24965,0.0,0.0,0.0,55.6
7,9,1,0,,,,2.98745,0.0,0.0,0.0,221.76
7,10,1,0,,,,3.5025833,0.0,0.0,0.0,431.8
7,11,1,0,,,,1.4072334,0.0,0.0,0.0,496.69
7,12,1,0,,,,1.4573667,0.0,0.0,0.0,571.61
7,13,1,0,,,,2.9595666,0.0,0.0,0.0,640.37
7,14,1,0,,,,1.8088833,0.0,0.0,0.0,525.91
7,15,1,0,,,,1.7504667,0.0,0.0,0.0,441.14
7,16,1,0,,,,3.6831667,0.0,0.0,0.0,432.56
7,17,1,0,,,,2.4500833,0.0,0.0,0.0,376.76
7,18,1,0,,,,0.88268334,0.0,0.0,0.0,190.36
7,19,1,0,,,,1.0277333,0.0,0.0,0.0,54.68
7,20,1,0,,,,1.3086333,0.0,0.0,0.0,12.57
7,21,1,0,,,,0.79471666,0.0,0.0,0.0,0.0
7,22,1,0,,,,0.68516666,0.0,0.0,0.0,0.0
7,23,1,0,,,,0.62865,0.0,0.0,0.0,0.0
7,24,1,0,,,,1.0521916,0.0,0.0,0.0,0.0
7,1,2,0,,,,1.4148834,0.0,0.0,0.0,0.0
7,2,2,0,,,,0.41468334,0.0,0.0,0.0,0.0
7,3,2,0,,,,0.48896667,0.0,0.0,0.0,0.0
7,4,2,0,,,,0.32745,0.0,0.0,0.0,0.0
7,5,2,0,,,,0.32803333,0.0,0.0,0.0,0.0
7,6,2,0,,,,0.319,0.0,0.0,0.0,0.84
7,7,2,0,,,,1.1574334,0.0,0.0,0.0,80.72
7,8,2,0,,,,0.57378334,0.0,0.0,0.0,236.0
7,9,2,0,,,,0.24538334,0.0,0.0,0.0,419.0
7,10,2,0,,,,0.24605,0.0,0.0,0.0,545.85
7,11,2,0,,,,0.25493333,0.0,0.0,0.0,618.07
7,12,2,0,,,,0.26398334,0.0,0.0,0.0,705.62
7,13,2,0,,,,0.52281666,0.0,0.0,0.0,749.85
7,14,2,0,,,,0.59555,0.0,0.0,0.0,739.74
7,15,2,0,,,,0.27231666,0.0,0.0,0.0,643.79
7,16,2,0,,,,0.27363333,0.0,0.0,0.0,303.18
7,17,2,0,,,,0.2679,0.0,0.0,0.0,34.67
7,18,2,0,,,,1.3987833,0.0,0.0,0.0,187.27
7,19,2,0,,,,0.3939,0.0,0.0,0.0,54.9
7,20,2,0,,,,0.46913335,0.0,0.0,0.0,0.0
7,21,2,0,,,,1.4967667,0.0,0.0,0.0,0.0
7,22,2,0,,,,1.7648333,0.0,0.0,0.0,0.0
7,23,2,0,,,,3.5343,0.0,0.0,0.0,0.0
7,24,2,0,,,,1.8373834,0.0,0.0,0.0,0.0
7,1,3,0,,,,0.6362333,0.0,0.0,0.0,0.0
7,2,3,0,,,,1.7952,0.0,0.0,0.0,0.0
7,3,3,0,,,,0.7126667,0.0,0.0,0.0,0.0
7,4,3,0,,,,0.6341,0.0,0.0,0.0,0.0
7,5,3,0,,,,0.63553333,0.0,0.0,0.0,0.0
7,6,3,0,,,,0.70998335,0.0,0.0,0.0,0.0
7,7,3,0,,,,1.7226334,0.0,0.0,0.0,9.54
7,8,3,0,,,,0.7441667,0.0,0.0,0.0,32.27
7,9,3,0,,,,0.45898333,0.0,0.0,0.0,419.34
7,10,3,0,,,,2.4433832,0.0,0.0,0.0,381.22
7,11,3,0,,,,2.6769667,0.0,0.0,0.0,665.73
7,12,3,0,,,,0.94848335,0.0,0.0,0.0,713.68
7,13,3,0,,,,2.61405,0.0,0.0,0.0,581.5
7,14,3,0,,,,1.4198166,0.0,0.0,0.0,506.12
7,15,3,0,,,,3.3084834,0.0,0.0,0.0,507.56
7,16,3,0,,,,0.34325,0.0,0.0,0.0,245.98
7,17,3,0,,,,0.47801667,0.0,0.0,0.0,108.36
7,18,3,0,,,,0.47456667,0.0,0.0,0.0,179.78
7,19,3,0,,,,1.603,0.0,0.0,0.0,55.98
7,20,3,0,,,,0.66646665,0.0,0.0,0.0,10.05
7,21,3,0,,,,1.1660334,0.0,0.0,0.0,0.0
7,22,3,0,,,,2.30715,0.0,0.0,0.0,0.0
7,23,3,0,,,,3.65025,0.0,0.0,0.0,0.0
7,24,3,0,,,,3.7203834,0.0,0.0,0.0,0.0
7,1,4,0,,,,0.67945,0.0,0.0,0.0,0.0
7,2,4,0,,,,2.0,0.0,0.0,0.0,0.0
7,3,4,0,,,,0.51893336,0.0,0.0,0.0,0.0
7,4,4,0,,,,0.5137333,0.0,0.0,0.0,0.0
7,5,4,0,,,,0.5238,0.0,0.0,0.0,0.0
7,6,4,0,,,,0.5292,0.0,0.0,0.0,0.85
7,7,4,0,,,,0.47375,0.0,0.0,0.0,78.58
7,8,4,0,,,,1.4502833,0.0,0.0,0.0,229.54
7,9,4,0,,,,1.01515,0.0,0.0,0.0,412.26
7,10,4,0,,,,1.8546833,0.0,0.0,0.0,567.87
7,11,4,0,,,,2.2545,0.0,0.0,0.0,671.7
7,12,4,0,,,,3.9027166,0.0,0.0,0.0,701.78
7,13,4,0,,,,4.2852335,0.0,0.0,0.0,666.17
7,14,4,0,,,,4.0534334,0.0,0.0,0.0,549.17
7,15,4,0,,,,1.2967167,0.0,0.0,0.0,585.47
7,16,4,0,,,,0.44056666,0.0,0.0,0.0,495.43
7,17,4,0,,,,0.42345,0.0,0.0,0.0,359.23
7,18,4,0,,,,0.88568336,0.0,0.0,0.0,183.92
7,19,4,0,,,,1.3565834,0.0,0.0,0.0,44.87
7,20,4,0,,,,0.69015,0.0,0.0,0.0,9.44
7,21,4,0,,,,1.6127833,0.0,0.0,0.0,0.0
7,22,4,0,,,,0.6279,0.0,0.0,0.0,0.0
7,23,4,0,,,,1.0085167,0.0,0.0,0.0,0.0
7,24,4,0,,,,3.0530918,0.0,0.0,0.0,0.0
7,1,5,0,,,,3.44815,0.0,0.0,0.0,0.0
7,2,5,0,,,,0.5623,0.0,0.0,0.0,0.0
7,3,5,0,,,,0.5581,0.0,0.0,0.0,0.0
7,4,5,0,,,,0.55685,0.0,0.0,0.0,0.0
7,5,5,0,,,,0.55558336,0.0,0.0,0.0,0.0
7,6,5,0,,,,0.5438667,0.0,0.0,0.0,3.43
7,7,5,0,,,,1.7631667,0.0,0.0,0.0,75.07
7,8,5,0,,,,0.25001666,0.0,0.0,0.0,203.72
7,9,5,0,,,,2.5277,0.0,0.0,0.0,393.62
7,10,5,0,,,,3.44185,0.0,0.0,0.0,553.44
7,11,5,0,,,,3.80425,0.0,0.0,0.0,660.03
7,12,5,0,,,,3.8967166,0.0,0.0,0.0,738.38
7,13,5,0,,,,4.11905,0.0,0.0,0.0,706.56
7,14,5,0,,,,3.9094,0.0,0.0,0.0,638.19
7,15,5,0,,,,1.2244834,0.0,0.0,0.0,547.92
7,16,5,0,,,,0.49763334,0.0,0.0,0.0,468.54
7,17,5,0,,,,0.41995,0.0,0.0,0.0,325.65
7,18,5,0,,,,0.41558334,0.0,0.0,0.0,183.26
7,19,5,0,,,,0.3912,0.0,0.0,0.0,49.5
7,20,5,0,,,,0.64835,0.0,0.0,0.0,7.15
7,21,5,0,,,,0.5779167,0.0,0.0,0.0,0.0
7,22,5,0,,,,0.3203,0.0,0.0,0.0,0.0
7,23,5,0,,,,0.6544833,0.0,0.0,0.0,0.0
7,24,5,0,,,,3.9576666,0.0,0.0,0.0,0.0
7,1,6,0,,,,3.58945,0.0,0.0,0.0,0.0
7,2,6,0,,,,1.0437,0.0,0.0,0.0,0.0
7,3,6,0,,,,0.77718335,0.0,0.0,0.0,0.0
7,4,6,0,,,,1.3820833,0.0,0.0,0.0,0.0
7,5,6,0,,,,0.72036666,0.0,0.0,0.0,0.0
7,6,6,0,,,,0.2475,0.0,0.0,0.0,0.0
7,7,6,0,,,,0.53795,0.0,0.0,0.0,72.59
7,8,6,0,,,,1.7297666,0.0,0.0,0.0,207.69
7,9,6,0,,,,0.29553333,0.0,0.0,0.0,229.31
7,10,6,0,,,,0.25756666,0.0,0.0,0.0,501.67
7,11,6,0,,,,0.4258,0.0,0.0,0.0,533.53
7,12,6,0,,,,0.77171665,0.0,0.0,0.0,373.62
7,13,6,0,,,,0.25076666,0.0,0.0,0.0,356.12
7,14,6,0,,,,1.2711,0.0,0.0,0.0,217.8
7,15,6,0,,,,3.42655,0.0,0.0,0.0,573.26
7,16,6,0,,,,3.56065,0.0,0.0,0.0,82.53
7,17,6,0,,,,1.8422166,0.0,0.0,0.0,47.64
7,18,6,0,,,,1.6811334,0.0,0.0,0.0,118.6
7,19,6,0,,,,1.2733333,0.0,0.0,0.0,40.92
7,20,6,0,,,,0.87408334,0.0,0.0,0.0,8.78
7,21,6,0,,,,0.95195,0.0,0.0,0.0,0.0
7,22,6,0,,,,1.3001333,0.0,0.0,0.0,0.0
7,23,6,0,,,,1.34435,0.0,0.0,0.0,0.0
7,24,6,0,,,,1.9493834,0.0,0.0,0.0,0.0
7,1,7,0,,,,3.09075,0.0,0.0,0.0,0.0
7,2,7,0,,,,0.45638335,0.0,0.0,0.0,0.0
7,3,7,0,,,,1.3775,0.0,0.0,0.0,0.0
7,4,7,0,,,,0.36233333,0.0,0.0,0.0,0.0
7,5,7,0,,,,0.3447,0.0,0.0,0.0,0.0
7,6,7,0,,,,0.33291668,0.0,0.0,0.0,0.0
7,7,7,0,,,,0.33991668,0.0,0.0,0.0,62.14
7,8,7,0,,,,0.68445,0.0,0.0,0.0,13.56
7,9,7,0,,,,0.36791667,0.0,0.0,0.0,81.32
7,10,7,0,,,,0.3808,0.0,0.0,0.0,193.14
7,11,7,0,,,,0.45363334,0.0,0.0,0.0,213.36
7,12,7,0,,,,0.50275,0.0,0.0,0.0,329.81
7,13,7,0,,,,1.68655,0.0,0.0,0.0,566.46
7,14,7,0,,,,2.4396,0.0,0.0,0.0,557.88
7,15,7,0,,,,3.8095667,0.0,0.0,0.0,416.26
7,16,7,0,,,,2.80375,0.0,0.0,0.0,494.9
7,17,7,0,,,,1.59395,0.0,0.0,0.0,240.32
7,18,7,0,,,,1.67605,0.0,0.0,0.0,23.16
7,19,7,0,,,,1.1065,0.0,0.0,0.0,3.68
7,20,7,0,,,,0.9972,0.0,0.0,0.0,0.11
7,21,7,0,,,,1.1603167,0.0,0.0,0.0,0.0
7,22,7,0,,,,1.1679667,0.0,0.0,0.0,0.0
7,23,7,0,,,,2.8822668,0.0,0.0,0.0,0.0
7,24,7,0,,,,2.2897584,0.0,0.0,0.0,0.0
7,1,1,0,,,,0.5151167,0.0,0.0,0.0,0.0
7,2,1,0,,,,0.75325,0.0,0.0,0.0,0.0
7,3,1,0,,,,0.77671665,0.0,0.0,0.0,0.0
7,4,1,0,,,,1.8952,0.0,0.0,0.0,0.0
7,5,1,0,,,,0.35038334,0.0,0.0,0.0,0.0
7,6,1,0,,,,0.34306666,0.0,0.0,0.0,0.0
7,7,1,0,,,,0.3449,0.0,0.0,0.0,63.1
7,8,1,0,,,,0.7514667,0.0,0.0,0.0,216.56
7,9,1,0,,,,2.3628666,0.0,0.0,0.0,273.82
7,10,1,0,,,,2.38885,0.0,0.0,0.0,494.33
7,11,1,0,,,,0.60165,0.0,0.0,0.0,512.92
7,12,1,0,,,,3.2563334,0.0,0.0,0.0,770.84
7,13,1,0,,,,1.2149833,0.0,0.0,0.0,709.22
7,14,1,0,,,,3.50065,0.0,0.0,0.0,732.03
7,15,1,0,,,,3.5066333,0.0,0.0,0.0,686.42
7,16,1,0,,,,0.8415,0.0,0.0,0.0,546.79
7,17,1,0,,,,0.43466666,0.0,0.0,0.0,386.45
7,18,1,0,,,,0.43118334,0.0,0.0,0.0,197.98
7,19,1,0,,,,1.6049666,0.0,0.0,0.0,38.38
7,20,1,0,,,,0.8031333,0.0,0.0,0.0,6.9
7,21,1,0,,,,2.1946332,0.0,0.0,0.0,0.0
7,22,1,0,,,,1.4563333,0.0,0.0,0.0,0.0
7,23,1,0,,,,3.31095,0.0,0.0,0.0,0.0
