month,hour,day_type,daylight_savings_status,indoor_dry_bulb_temperature,average_unmet_cooling_setpoint_difference,indoor_relative_humidity,non_shiftable_load,dhw_demand,cooling_demand,heating_demand,solar_generation
7,24,7,0,,,,0.5457,0.0,0.0,0.0,0.0
8,1,1,0,,,,0.5506778,0.0,0.0,0.0,0.0
8,2,1,0,,,,0.33308333,0.0,0.0,0.0,0.0
8,3,1,0,,,,0.32265556,0.0,0.0,0.0,0.0
8,4,1,0,,,,0.3206,0.0,0.0,0.0,0.0
8,5,1,0,,,,0.3311889,0.0,0.0,0.0,0.0
8,6,1,0,,,,0.704,0.0,0.0,0.0,0.87
8,7,1,0,,,,0.5862833,0.0,0.0,0.0,41.12
8,8,1,0,,,,0.2547222,0.0,0.0,0.0,14.06
8,9,1,0,,,,0.25661665,0.0,0.0,0.0,58.05
8,10,1,0,,,,0.25685,0.0,0.0,0.0,310.95
8,11,1,0,,,,0.57676667,0.0,0.0,0.0,309.85
8,12,1,0,,,,1.3443667,0.0,0.0,0.0,408.25
8,13,1,0,,,,1.5848944,0.0,0.0,0.0,253.05
8,14,1,0,,,,2.9717166,0.0,0.0,0.0,171.52
8,15,1,0,,,,6.2157664,0.0,0.0,0.0,75.01
8,16,1,0,,,,7.1401834,0.0,0.0,0.0,87.93
8,17,1,0,,,,6.674383,0.0,0.0,0.0,82.53
8,18,1,0,,,,5.6201167,0.0,0.0,0.0,39.56
8,19,1,0,,,,2.4780445,0.0,0.0,0.0,13.2
8,20,1,0,,,,3.6981666,0.0,0.0,0.0,2.03
8,21,1,0,,,,2.6935945,0.0,0.0,0.0,0.0
8,22,1,0,,,,1.44065,0.0,0.0,0.0,0.0
8,23,1,0,,,,1.3804166,0.0,0.0,0.0,0.0
8,24,1,0,,,,1.6841,0.0,0.0,0.0,0.0
8,1,2,0,,,,0.98325,0.0,0.0,0.0,0.0
8,2,2,0,,,,0.91003335,0.0,0.0,0.0,0.0
8,3,2,0,,,,0.57555,0.0,0.0,0.0,0.0
8,4,2,0,,,,0.5439889,0.0,0.0,0.0,0.0
8,5,2,0,,,,0.5324,0.0,0.0,0.0,0.0
8,6,2,0,,,,1.0338833,0.0,0.0,0.0,0.0
8,7,2,0,,,,0.38731667,0.0,0.0,0.0,11.5
8,8,2,0,,,,0.53672224,0.0,0.0,0.0,125.83
8,9,2,0,,,,0.54765,0.0,0.0,0.0,134.75
8,10,2,0,,,,0.55609167,0.0,0.0,0.0,390.48
8,11,2,0,,,,3.5502667,0.0,0.0,0.0,494.46
8,12,2,0,,,,4.105533,0.0,0.0,0.0,330.74
8,13,2,0,,,,4.52635,0.0,0.0,0.0,511.35
8,14,2,0,,,,4.6191335,0.0,0.0,0.0,245.64
8,15,2,0,,,,2.3731167,0.0,0.0,0.0,386.38
8,16,2,0,,,,2.68025,0.0,0.0,0.0,437.32
8,17,2,0,,,,2.6143832,0.0,0.0,0.0,57.81
8,18,2,0,,,,2.0629168,0.0,0.0,0.0,191.58
8,19,2,0,,,,1.7826055,0.0,0.0,0.0,40.21
8,20,2,0,,,,1.8461167,0.0,0.0,0.0,4.87
8,21,2,0,,,,1.1283833,0.0,0.0,0.0,0.0
8,22,2,0,,,,1.2955,0.0,0.0,0.0,0.0
8,23,2,0,,,,5.0202947,0.0,0.0,0.0,0.0
8,24,2,0,,,,5.401933,0.0,0.0,0.0,0.0
8,1,3,0,,,,2.489161,0.0,0.0,0.0,0.0
8,2,3,0,,,,0.25965,0.0,0.0,0.0,0.0
8,3,3,0,,,,0.2553028,0.0,0.0,0.0,0.0
8,4,3,0,,,,0.25435,0.0,0.0,0.0,0.0
8,5,3,0,,,,0.26431668,0.0,0.0,0.0,0.0
8,6,3,0,,,,0.6867722,0.0,0.0,0.0,0.0
8,7,3,0,,,,0.63988334,0.0,0.0,0.0,4.99
8,8,3,0,,,,0.2554778,0.0,0.0,0.0,141.86
8,9,3,0,,,,0.5366833,0.0,0.0,0.0,242.66
8,10,3,0,,,,0.25561666,0.0,0.0,0.0,197.38
8,11,3,0,,,,0.5722833,0.0,0.0,0.0,245.73
8,12,3,0,,,,1.2616556,0.0,0.0,0.0,365.33
8,13,3,0,,,,0.7704167,0.0,0.0,0.0,226.42
8,14,3,0,,,,1.90995,0.0,0.0,0.0,50.03
8,15,3,0,,,,1.6476834,0.0,0.0,0.0,136.8
8,16,3,0,,,,1.8427222,0.0,0.0,0.0,259.39
8,17,3,0,,,,4.5331335,0.0,0.0,0.0,58.79
8,18,3,0,,,,4.173733,0.0,0.0,0.0,64.11
8,19,3,0,,,,1.1214,0.0,0.0,0.0,16.24
8,20,3,0,,,,1.1129055,0.0,0.0,0.0,0.13
8,21,3,0,,,,2.0099833,0.0,0.0,0.0,0.0
8,22,3,0,,,,1.3930722,0.0,0.0,0.0,0.0
8,23,3,0,,,,1.9223,0.0,0.0,0.0,0.0
8,24,3,0,,,,2.3180528,0.0,0.0,0.0,0.0
8,1,4,0,,,,1.26525,0.0,0.0,0.0,0.0
8,2,4,0,,,,0.81645554,0.0,0.0,0.0,0.0
8,3,4,0,,,,0.49895,0.0,0.0,0.0,0.0
8,4,4,0,,,,0.43281665,0.0,0.0,0.0,0.0
8,5,4,0,,,,0.5021,0.0,0.0,0.0,0.0
8,6,4,0,,,,0.83893335,0.0,0.0,0.0,0.0
8,7,4,0,,,,1.0407166,0.0,0.0,0.0,18.04
8,8,4,0,,,,0.4721,0.0,0.0,0.0,183.25
8,9,4,0,,,,0.5057667,0.0,0.0,0.0,419.01
8,10,4,0,,,,0.7763722,0.0,0.0,0.0,566.92
8,11,4,0,,,,0.8121167,0.0,0.0,0.0,631.56
8,12,4,0,,,,0.7791833,0.0,0.0,0.0,798.3
8,13,4,0,,,,1.3491666,0.0,0.0,0.0,807.67
8,14,4,0,,,,1.2593445,0.0,0.0,0.0,789.21
8,15,4,0,,,,2.3771167,0.0,0.0,0.0,700.18
8,16,4,0,,,,3.355411,0.0,0.0,0.0,585.76
8,17,4,0,,,,1.6231333,0.0,0.0,0.0,399.45
8,18,4,0,,,,1.3114889,0.0,0.0,0.0,196.43
8,19,4,0,,,,2.3618333,0.0,0.0,0.0,36.93
8,20,4,0,,,,2.3239555,0.0,0.0,0.0,3.39
8,21,4,0,,,,2.9347,0.0,0.0,0.0,0.0
8,22,4,0,,,,2.8559167,0.0,0.0,0.0,0.0
8,23,4,0,,,,2.3746555,0.0,0.0,0.0,0.0
8,24,4,0,,,,1.5697666,0.0,0.0,0.0,0.0
8,1,5,0,,,,1.30775,0.0,0.0,0.0,0.0
8,2,5,0,,,,1.0508333,0.0,0.0,0.0,0.0
8,3,5,0,,,,0.72887224,0.0,0.0,0.0,0.0
8,4,5,0,,,,0.4481,0.0,0.0,0.0,0.0
8,5,5,0,,,,0.42277777,0.0,0.0,0.0,0.0
8,6,5,0,,,,0.5904667,0.0,0.0,0.0,0.0
8,7,5,0,,,,0.52439445,0.0,0.0,0.0,5.03
8,8,5,0,,,,0.4248,0.0,0.0,0.0,218.46
8,9,5,0,,,,0.43928334,0.0,0.0,0.0,416.38
8,10,5,0,,,,0.44781667,0.0,0.0,0.0,574.11
8,11,5,0,,,,0.47415555,0.0,0.0,0.0,360.63
8,12,5,0,,,,0.758,0.0,0.0,0.0,234.37
8,13,5,0,,,,0.84240556,0.0,0.0,0.0,818.82
8,14,5,0,,,,0.96758336,0.0,0.0,0.0,769.98
8,15,5,0,,,,1.1422889,0.0,0.0,0.0,102.9
8,16,5,0,,,,4.1892333,0.0,0.0,0.0,519.68
8,17,5,0,,,,5.1511054,0.0,0.0,0.0,311.95
8,18,5,0,,,,5.0859222,0.0,0.0,0.0,159.32
8,19,5,0,,,,4.0849333,0.0,0.0,0.0,46.91
8,20,5,0,,,,2.32705,0.0,0.0,0.0,3.88
8,21,5,0,,,,2.2661612,0.0,0.0,0.0,0.0
8,22,5,0,,,,1.0569,0.0,0.0,0.0,0.0
8,23,5,0,,,,0.99405,0.0,0.0,0.0,0.0
8,24,5,0,,,,0.99663335,0.0,0.0,0.0,0.0
8,1,6,0,,,,0.70885557,0.0,0.0,0.0,0.0
8,2,6,0,,,,0.56865,0.0,0.0,0.0,0.0
8,3,6,0,,,,0.4564222,0.0,0.0,0.0,0.0
8,4,6,0,,,,0.25848332,0.0,0.0,0.0,0.0
8,5,6,0,,,,0.2539,0.0,0.0,0.0,0.0
8,6,6,0,,,,0.24655,0.0,0.0,0.0,0.0
8,7,6,0,,,,2.9142833,0.0,0.0,0.0,70.93
8,8,6,0,,,,3.6694667,0.0,0.0,0.0,240.35
8,9,6,0,,,,3.834539,0.0,0.0,0.0,443.72
8,10,6,0,,,,3.5395,0.0,0.0,0.0,607.61
8,11,6,0,,,,0.6773389,0.0,0.0,0.0,725.41
8,12,6,0,,,,0.7525167,0.0,0.0,0.0,741.76
8,13,6,0,,,,0.9751222,0.0,0.0,0.0,797.03
8,14,6,0,,,,1.94105,0.0,0.0,0.0,776.28
8,15,6,0,,,,1.8321944,0.0,0.0,0.0,688.45
8,16,6,0,,,,1.87075,0.0,0.0,0.0,555.17
8,17,6,0,,,,2.5276833,0.0,0.0,0.0,380.07
8,18,6,0,,,,1.733,0.0,0.0,0.0,169.46
8,19,6,0,,,,1.3003056,0.0,0.0,0.0,34.4
8,20,6,0,,,,1.5116167,0.0,0.0,0.0,2.86
8,21,6,0,,,,1.3471777,0.0,0.0,0.0,0.0
8,22,6,0,,,,1.51135,0.0,0.0,0.0,0.0
8,23,6,0,,,,0.86784446,0.0,0.0,0.0,0.0
8,24,6,0,,,,0.676875,0.0,0.0,0.0,0.0
8,1,7,0,,,,0.6217,0.0,0.0,0.0,0.0
8,2,7,0,,,,0.39815,0.0,0.0,0.0,0.0
8,3,7,0,,,,0.5835389,0.0,0.0,0.0,0.0
8,4,7,0,,,,2.9851832,0.0,0.0,0.0,0.0
8,5,7,0,,,,0.28733334,0.0,0.0,0.0,0.0
8,6,7,0,,,,0.49305,0.0,0.0,0.0,0.0
8,7,7,0,,,,0.29544723,0.0,0.0,0.0,61.03
8,8,7,0,,,,0.82956666,0.0,0.0,0.0,224.94
8,9,7,0,,,,1.0017834,0.0,0.0,0.0,371.45
8,10,7,0,,,,0.67866665,0.0,0.0,0.0,497.15
8,11,7,0,,,,0.98651665,0.0,0.0,0.0,672.59
8,12,7,0,,,,1.9776278,0.0,0.0,0.0,750.72
8,13,7,0,,,,1.3523583,0.0,0.0,0.0,703.78
8,14,7,0,,,,1.0097333,0.0,0.0,0.0,691.57
8,15,7,0,,,,1.3863444,0.0,0.0,0.0,453.91
8,16,7,0,,,,1.57195,0.0,0.0,0.0,409.35
8,17,7,0,,,,2.2457,0.0,0.0,0.0,279.89
8,18,7,0,,,,2.1145,0.0,0.0,0.0,18.22
8,19,7,0,,,,1.4850888,0.0,0.0,0.0,6.23
8,20,7,0,,,,1.1726333,0.0,0.0,0.0,1.13
8,21,7,0,,,,1.3084055,0.0,0.0,0.0,0.0
8,22,7,0,,,,1.3419833,0.0,0.0,0.0,0.0
8,23,7,0,,,,1.2844167,0.0,0.0,0.0,0.0
8,24,7,0,,,,1.0361167,0.0,0.0,0.0,0.0
8,1,1,0,,,,1.1169722,0.0,0.0,0.0,0.0
8,2,1,0,,,,0.53055,0.0,0.0,0.0,0.0
8,3,1,0,,,,0.5129611,0.0,0.0,0.0,0.0
8,4,1,0,,,,0.25281668,0.0,0.0,0.0,0.0
8,5,1,0,,,,0.2961111,0.0,0.0,0.0,0.0
8,6,1,0,,,,0.68345,0.0,0.0,0.0,0.0
8,7,1,0,,,,0.6049889,0.0,0.0,0.0,60.06
8,8,1,0,,,,0.25516668,0.0,0.0,0.0,165.84
8,9,1,0,,,,0.36417222,0.0,0.0,0.0,309.42
8,10,1,0,,,,0.511,0.0,0.0,0.0,305.84
8,11,1,0,,,,0.65886664,0.0,0.0,0.0,103.57
8,12,1,0,,,,0.7348,0.0,0.0,0.0,597.7
8,13,1,0,,,,1.12885,0.0,0.0,0.0,729.66
8,14,1,0,,,,1.4217334,0.0,0.0,0.0,724.07
8,15,1,0,,,,2.6795833,0.0,0.0,0.0,34.64
8,16,1,0,,,,6.4058332,0.0,0.0,0.0,38.72
8,17,1,0,,,,6.3732557,0.0,0.0,0.0,284.6
8,18,1,0,,,,4.224,0.0,0.0,0.0,163.84
8,19,1,0,,,,4.589511,0.0,0.0,0.0,38.42
8,20,1,0,,,,1.3998667,0.0,0.0,0.0,0.78
8,21,1,0,,,,1.3177278,0.0,0.0,0.0,0.0
8,22,1,0,,,,1.0995834,0.0,0.0,0.0,0.0
8,23,1,0,,,,1.1343445,0.0,0.0,0.0,0.0
8,24,1,0,,,,1.1482167,0.0,0.0,0.0,0.0
8,1,2,0,,,,0.40462223,0.0,0.0,0.0,0.0
8,2,2,0,,,,0.27981666,0.0,0.0,0.0,0.0
8,3,2,0,,,,0.30008888,0.0,0.0,0.0,0.0
8,4,2,0,,,,0.29718333,0.0,0.0,0.0,0.0
8,5,2,0,,,,0.2971,0.0,0.0,0.0,0.0
8,6,2,0,,,,0.32641667,0.0,0.0,0.0,0.0
8,7,2,0,,,,0.67885,0.0,0.0,0.0,59.68
8,8,2,0,,,,0.29685,0.0,0.0,0.0,230.1
8,9,2,0,,,,0.2996222,0.0,0.0,0.0,419.02
8,10,2,0,,,,0.3011,0.0,0.0,0.0,577.06
8,11,2,0,,,,0.30446666,0.0,0.0,0.0,649.32
8,12,2,0,,,,0.5878,0.0,0.0,0.0,645.71
8,13,2,0,,,,0.58615,0.0,0.0,0.0,482.87
8,14,2,0,,,,1.00205,0.0,0.0,0.0,672.78
8,15,2,0,,,,3.4874,0.0,0.0,0.0,601.63
8,16,2,0,,,,5.6403165,0.0,0.0,0.0,437.42
8,17,2,0,,,,5.9175334,0.0,0.0,0.0,220.42
8,18,2,0,,,,5.2473664,0.0,0.0,0.0,10.54
8,19,2,0,,,,1.97875,0.0,0.0,0.0,37.92
8,20,2,0,,,,0.9038333,0.0,0.0,0.0,0.0
8,21,2,0,,,,1.5160834,0.0,0.0,0.0,0.0
8,22,2,0,,,,1.0800166,0.0,0.0,0.0,0.0
8,23,2,0,,,,0.7993111,0.0,0.0,0.0,0.0
8,24,2,0,,,,0.41479167,0.0,0.0,0.0,0.0
8,1,3,0,,,,0.52991664,0.0,0.0,0.0,0.0
8,2,3,0,,,,0.31966665,0.0,0.0,0.0,0.0
8,3,3,0,,,,0.3211111,0.0,0.0,0.0,0.0
8,4,3,0,,,,0.31941667,0.0,0.0,0.0,0.0
8,5,3,0,,,,0.33124444,0.0,0.0,0.0,0.0
8,6,3,0,,,,0.7166,0.0,0.0,0.0,0.0
8,7,3,0,,,,2.6164167,0.0,0.0,0.0,64.12
8,8,3,0,,,,3.7410333,0.0,0.0,0.0,229.96
8,9,3,0,,,,3.722725,0.0,0.0,0.0,435.71
8,10,3,0,,,,3.6874332,0.0,0.0,0.0,594.42
8,11,3,0,,,,0.9808889,0.0,0.0,0.0,666.55
8,12,3,0,,,,0.57385,0.0,0.0,0.0,735.62
8,13,3,0,,,,0.7820333,0.0,0.0,0.0,617.61
8,14,3,0,,,,0.9946167,0.0,0.0,0.0,645.71
8,15,3,0,,,,1.6723833,0.0,0.0,0.0,532.54
8,16,3,0,,,,2.569,0.0,0.0,0.0,456.28
8,17,3,0,,,,5.577767,0.0,0.0,0.0,299.33
8,18,3,0,,,,3.3667667,0.0,0.0,0.0,128.01
8,19,3,0,,,,1.2133278,0.0,0.0,0.0,39.12
8,20,3,0,,,,1.92605,0.0,0.0,0.0,0.0
8,21,3,0,,,,2.1171112,0.0,0.0,0.0,0.0
8,22,3,0,,,,0.8172333,0.0,0.0,0.0,0.0
8,23,3,0,,,,0.64875555,0.0,0.0,0.0,0.0
8,24,3,0,,,,0.36920834,0.0,0.0,0.0,0.0
8,1,4,0,,,,0.40451112,0.0,0.0,0.0,0.0
8,2,4,0,,,,0.466,0.0,0.0,0.0,0.0
8,3,4,0,,,,0.48960555,0.0,0.0,0.0,0.0
8,4,4,0,,,,0.38603333,0.0,0.0,0.0,0.0
8,5,4,0,,,,0.29725555,0.0,0.0,0.0,0.0
8,6,4,0,,,,0.61861664,0.0,0.0,0.0,0.0
8,7,4,0,,,,2.38585,0.0,0.0,0.0,3.88
8,8,4,0,,,,3.7102833,0.0,0.0,0.0,11.88
8,9,4,0,,,,3.707211,0.0,0.0,0.0,29.13
8,10,4,0,,,,3.66665,0.0,0.0,0.0,105.58
8,11,4,0,,,,0.7571722,0.0,0.0,0.0,129.26
8,12,4,0,,,,0.28906667,0.0,0.0,0.0,346.04
8,13,4,0,,,,0.26037222,0.0,0.0,0.0,175.43
8,14,4,0,,,,0.25863335,0.0,0.0,0.0,316.09
8,15,4,0,,,,0.2564,0.0,0.0,0.0,186.53
8,16,4,0,,,,0.25416666,0.0,0.0,0.0,357.68
8,17,4,0,,,,0.25360554,0.0,0.0,0.0,363.48
8,18,4,0,,,,0.25036666,0.0,0.0,0.0,171.27
8,19,4,0,,,,0.24027778,0.0,0.0,0.0,33.26
8,20,4,0,,,,0.24838333,0.0,0.0,0.0,0.0
8,21,4,0,,,,0.2483,0.0,0.0,0.0,0.0
8,22,4,0,,,,0.66475,0.0,0.0,0.0,0.0
8,23,4,0,,,,0.6307778,0.0,0.0,0.0,0.0
8,24,4,0,,,,0.61875,0.0,0.0,0.0,0.0
8,1,5,0,,,,0.6179611,0.0,0.0,0.0,0.0
8,2,5,0,,,,0.32341668,0.0,0.0,0.0,0.0
8,3,5,0,,,,0.32027778,0.0,0.0,0.0,0.0
8,4,5,0,,,,0.32041666,0.0,0.0,0.0,0.0
8,5,5,0,,,,0.29685557,0.0,0.0,0.0,0.0
8,6,5,0,,,,0.58028334,0.0,0.0,0.0,0.0
8,7,5,0,,,,3.2488222,0.0,0.0,0.0,59.48
8,8,5,0,,,,3.72635,0.0,0.0,0.0,222.05
8,9,5,0,,,,3.6627834,0.0,0.0,0.0,409.39
8,10,5,0,,,,3.2358,0.0,0.0,0.0,554.53
8,11,5,0,,,,0.3356206,0.0,0.0,0.0,671.46
8,12,5,0,,,,0.2574,0.0,0.0,0.0,737.9
8,13,5,0,,,,0.25606668,0.0,0.0,0.0,730.45
8,14,5,0,,,,0.31303334,0.0,0.0,0.0,709.01
8,15,5,0,,,,0.2569111,0.0,0.0,0.0,625.89
8,16,5,0,,,,0.30791667,0.0,0.0,0.0,505.84
8,17,5,0,,,,2.614789,0.0,0.0,0.0,347.67
8,18,5,0,,,,1.6745334,0.0,0.0,0.0,165.43
8,19,5,0,,,,3.7207055,0.0,0.0,0.0,31.98
8,20,5,0,,,,5.4325833,0.0,0.0,0.0,0.0
8,21,5,0,,,,3.2105277,0.0,0.0,0.0,0.0
8,22,5,0,,,,1.5043167,0.0,0.0,0.0,0.0
8,23,5,0,,,,2.0069335,0.0,0.0,0.0,0.0
8,24,5,0,,,,1.87175,0.0,0.0,0.0,0.0
8,1,6,0,,,,1.4488889,0.0,0.0,0.0,0.0
8,2,6,0,,,,1.6351833,0.0,0.0,0.0,0.0
8,3,6,0,,,,1.143,0.0,0.0,0.0,0.0
8,4,6,0,,,,0.87205,0.0,0.0,0.0,0.0
8,5,6,0,,,,0.8325111,0.0,0.0,0.0,0.0
8,6,6,0,,,,0.79176664,0.0,0.0,0.0,0.0
8,7,6,0,,,,0.9306222,0.0,0.0,0.0,57.57
8,8,6,0,,,,0.72465,0.0,0.0,0.0,208.55
8,9,6,0,,,,0.8088055,0.0,0.0,0.0,388.04
8,10,6,0,,,,0.87168336,0.0,0.0,0.0,534.47
8,11,6,0,,,,1.1088778,0.0,0.0,0.0,655.22
8,12,6,0,,,,1.0840666,0.0,0.0,0.0,714.57
8,13,6,0,,,,1.5485667,0.0,0.0,0.0,701.48
8,14,6,0,,,,1.7939667,0.0,0.0,0.0,707.11
8,15,6,0,,,,3.10965,0.0,0.0,0.0,622.17
8,16,6,0,,,,4.18255,0.0,0.0,0.0,338.6
8,17,6,0,,,,2.8054833,0.0,0.0,0.0,336.62
8,18,6,0,,,,2.9513834,0.0,0.0,0.0,156.35
8,19,6,0,,,,1.4437222,0.0,0.0,0.0,18.64
8,20,6,0,,,,3.41855,0.0,0.0,0.0,0.0
8,21,6,0,,,,5.109361,0.0,0.0,0.0,0.0
8,22,6,0,,,,3.5383832,0.0,0.0,0.0,0.0
8,23,6,0,,,,1.5492945,0.0,0.0,0.0,0.0
8,24,6,0,,,,1.0574167,0.0,0.0,0.0,0.0
8,1,7,0,,,,1.7310889,0.0,0.0,0.0,0.0
8,2,7,0,,,,4.0413,0.0,0.0,0.0,0.0
8,3,7,0,,,,3.979339,0.0,0.0,0.0,0.0
8,4,7,0,,,,3.8864334,0.0,0.0,0.0,0.0
8,5,7,0,,,,2.1787446,0.0,0.0,0.0,0.0
8,6,7,0,,,,0.22725,0.0,0.0,0.0,0.0
8,7,7,0,,,,0.23659444,0.0,0.0,0.0,51.07
8,8,7,0,,,,0.23761667,0.0,0.0,0.0,169.44
8,9,7,0,,,,0.24016666,0.0,0.0,0.0,350.29
8,10,7,0,,,,0.2406,0.0,0.0,0.0,506.89
8,11,7,0,,,,0.24361111,0.0,0.0,0.0,649.6
8,12,7,0,,,,0.29066667,0.0,0.0,0.0,714.71
8,13,7,0,,,,0.24197778,0.0,0.0,0.0,740.81
8,14,7,0,,,,1.55715,0.0,0.0,0.0,648.3
8,15,7,0,,,,4.7032666,0.0,0.0,0.0,631.32
8,16,7,0,,,,3.0621834,0.0,0.0,0.0,510.95
8,17,7,0,,,,3.5238721,0.0,0.0,0.0,342.73
8,18,7,0,,,,3.0815833,0.0,0.0,0.0,158.62
8,19,7,0,,,,1.6604055,0.0,0.0,0.0,26.55
8,20,7,0,,,,1.5375167,0.0,0.0,0.0,0.0
8,21,7,0,,,,6.328128,0.0,0.0,0.0,0.0
8,22,7,0,,,,6.8590665,0.0,0.0,0.0,0.0
8,23,7,0,,,,4.58295,0.0,0.0,0.0,0.0
8,24,7,0,,,,1.97565,0.0,0.0,0.0,0.0
8,1,1,0,,,,1.3593667,0.0,0.0,0.0,0.0
8,2,1,0,,,,1.0167333,0.0,0.0,0.0,0.0
8,3,1,0,,,,0.9854111,0.0,0.0,0.0,0.0
8,4,1,0,,,,1.0079334,0.0,0.0,0.0,0.0
8,5,1,0,,,,0.58208334,0.0,0.0,0.0,0.0
8,6,1,0,,,,1.0469834,0.0,0.0,0.0,0.0
8,7,1,0,,,,0.56739444,0.0,0.0,0.0,3.34
8,8,1,0,,,,0.72096664,0.0,0.0,0.0,19.19
8,9,1,0,,,,0.8316278,0.0,0.0,0.0,62.13
8,10,1,0,,,,1.1382,0.0,0.0,0.0,78.96
8,11,1,0,,,,0.9655278,0.0,0.0,0.0,96.96
8,12,1,0,,,,1.0134833,0.0,0.0,0.0,147.69
8,13,1,0,,,,1.2596722,0.0,0.0,0.0,114.54
8,14,1,0,,,,2.6783166,0.0,0.0,0.0,103.42
8,15,1,0,,,,3.3552,0.0,0.0,0.0,162.82
8,16,1,0,,,,2.9894166,0.0,0.0,0.0,96.52
8,17,1,0,,,,2.728436,0.0,0.0,0.0,101.23
8,18,1,0,,,,4.3715835,0.0,0.0,0.0,94.3
8,19,1,0,,,,5.4998665,0.0,0.0,0.0,8.83
8,20,1,0,,,,2.7983334,0.0,0.0,0.0,0.0
8,21,1,0,,,,1.4131666,0.0,0.0,0.0,0.0
8,22,1,0,,,,1.3305666,0.0,0.0,0.0,0.0
8,23,1,0,,,,2.3324833,0.0,0.0,0.0,0.0
8,24,1,0,,,,0.5481,0.0,0.0,0.0,0.0
8,1,2,0,,,,0.5756611,0.0,0.0,0.0,0.0
8,2,2,0,,,,0.24935,0.0,0.0,0.0,0.0
8,3,2,0,,,,0.5267722,0.0,0.0,0.0,0.0
8,4,2,0,,,,0.6498167,0.0,0.0,0.0,0.0
8,5,2,0,,,,0.71295,0.0,0.0,0.0,0.0
8,6,2,0,,,,1.0237666,0.0,0.0,0.0,0.0
8,7,2,0,,,,0.39711112,0.0,0.0,0.0,2.88
8,8,2,0,,,,0.44771665,0.0,0.0,0.0,11.47
8,9,2,0,,,,0.24147777,0.0,0.0,0.0,24.9
8,10,2,0,,,,0.24346666,0.0,0.0,0.0,70.53
8,11,2,0,,,,0.24463889,0.0,0.0,0.0,73.58
8,12,2,0,,,,0.2449,0.0,0.0,0.0,104.0
8,13,2,0,,,,0.24555556,0.0,0.0,0.0,100.73
8,14,2,0,,,,0.24486667,0.0,0.0,0.0,64.79
8,15,2,0,,,,5.431161,0.0,0.0,0.0,50.29
8,16,2,0,,,,7.43115,0.0,0.0,0.0,44.97
8,17,2,0,,,,7.3041444,0.0,0.0,0.0,31.75
8,18,2,0,,,,6.4655,0.0,0.0,0.0,36.06
8,19,2,0,,,,2.1928055,0.0,0.0,0.0,11.96
8,20,2,0,,,,1.7462667,0.0,0.0,0.0,0.0
8,21,2,0,,,,1.6603278,0.0,0.0,0.0,0.0
8,22,2,0,,,,1.1730666,0.0,0.0,0.0,0.0
8,23,2,0,,,,3.23165,0.0,0.0,0.0,0.0
8,24,2,0,,,,1.0239333,0.0,0.0,0.0,0.0
8,1,3,0,,,,0.54236114,0.0,0.0,0.0,0.0
8,2,3,0,,,,0.728,0.0,0.0,0.0,0.0
8,3,3,0,,,,0.47120556,0.0,0.0,0.0,0.0
8,4,3,0,,,,0.44796667,0.0,0.0,0.0,0.0
8,5,3,0,,,,0.39748332,0.0,0.0,0.0,0.0
8,6,3,0,,,,0.8107,0.0,0.0,0.0,0.0
8,7,3,0,,,,1.8699833,0.0,0.0,0.0,2.89
8,8,3,0,,,,3.9895167,0.0,0.0,0.0,10.88
8,9,3,0,,,,3.9771612,0.0,0.0,0.0,52.24
8,10,3,0,,,,4.27915,0.0,0.0,0.0,97.36
8,11,3,0,,,,1.6692,0.0,0.0,0.0,132.77
8,12,3,0,,,,0.95933336,0.0,0.0,0.0,119.9
8,13,3,0,,,,1.3712444,0.0,0.0,0.0,106.17
8,14,3,0,,,,1.3365834,0.0,0.0,0.0,130.23
8,15,3,0,,,,2.5559666,0.0,0.0,0.0,120.43
8,16,3,0,,,,4.48685,0.0,0.0,0.0,132.99
8,17,3,0,,,,3.0840778,0.0,0.0,0.0,64.27
8,18,3,0,,,,3.7365334,0.0,0.0,0.0,64.78
8,19,3,0,,,,3.3014762,0.0,0.0,0.0,18.44
8,20,3,0,,,,2.9498167,0.0,0.0,0.0,0.0
8,21,3,0,,,,2.8940833,0.0,0.0,0.0,0.0
8,22,3,0,,,,1.6871333,0.0,0.0,0.0,0.0
8,23,3,0,,,,1.32325,0.0,0.0,0.0,0.0
8,24,3,0,,,,2.12055,0.0,0.0,0.0,0.0
8,1,4,0,,,,1.1284833,0.0,0.0,0.0,0.0
8,2,4,0,,,,0.87595,0.0,0.0,0.0,0.0
8,3,4,0,,,,0.48556668,0.0,0.0,0.0,0.0
8,4,4,0,,,,0.45728335,0.0,0.0,0.0,0.0
8,5,4,0,,,,0.25686666,0.0,0.0,0.0,0.0
8,6,4,0,,,,1.1239333,0.0,0.0,0.0,0.0
8,7,4,0,,,,3.8849833,0.0,0.0,0.0,53.86
8,8,4,0,,,,3.8712666,0.0,0.0,0.0,229.11
8,9,4,0,,,,4.1372333,0.0,0.0,0.0,430.35
8,10,4,0,,,,2.4370666,0.0,0.0,0.0,586.44
8,11,4,0,,,,0.8501722,0.0,0.0,0.0,707.94
8,12,4,0,,,,0.938,0.0,0.0,0.0,741.0
8,13,4,0,,,,1.4553666,0.0,0.0,0.0,723.98
8,14,4,0,,,,1.2531834,0.0,0.0,0.0,739.31
8,15,4,0,,,,2.1300666,0.0,0.0,0.0,655.09
8,16,4,0,,,,2.6947834,0.0,0.0,0.0,528.89
8,17,4,0,,,,2.8462334,0.0,0.0,0.0,354.06
8,18,4,0,,,,2.1879,0.0,0.0,0.0,160.4
8,19,4,0,,,,1.17705,0.0,0.0,0.0,25.43
8,20,4,0,,,,1.04445,0.0,0.0,0.0,0.0
8,21,4,0,,,,0.98685557,0.0,0.0,0.0,0.0
8,22,4,0,,,,0.94586664,0.0,0.0,0.0,0.0
8,23,4,0,,,,0.8816278,0.0,0.0,0.0,0.0
8,24,4,0,,,,1.279425,0.0,0.0,0.0,0.0
8,1,5,0,,,,1.5238777,0.0,0.0,0.0,0.0
8,2,5,0,,,,0.5752,0.0,0.0,0.0,0.0
8,3,5,0,,,,0.5334778,0.0,0.0,0.0,0.0
8,4,5,0,,,,0.6329833,0.0,0.0,0.0,0.0
8,5,5,0,,,,0.39238888,0.0,0.0,0.0,0.0
8,6,5,0,,,,0.80695,0.0,0.0,0.0,0.0
8,7,5,0,,,,2.5725443,0.0,0.0,0.0,49.58
8,8,5,0,,,,3.8981,0.0,0.0,0.0,227.86
8,9,5,0,,,,3.912,0.0,0.0,0.0,414.0
8,10,5,0,,,,3.8767667,0.0,0.0,0.0,551.4
8,11,5,0,,,,0.8384111,0.0,0.0,0.0,654.96
8,12,5,0,,,,0.93575,0.0,0.0,0.0,722.94
8,13,5,0,,,,1.0780166,0.0,0.0,0.0,730.33
8,14,5,0,,,,2.2219167,0.0,0.0,0.0,695.43
8,15,5,0,,,,3.5433779,0.0,0.0,0.0,607.99
8,16,5,0,,,,2.92005,0.0,0.0,0.0,476.73
8,17,5,0,,,,2.1744666,0.0,0.0,0.0,335.31
8,18,5,0,,,,3.0952833,0.0,0.0,0.0,152.3
8,19,5,0,,,,3.5314167,0.0,0.0,0.0,25.43
8,20,5,0,,,,2.558,0.0,0.0,0.0,0.0
8,21,5,0,,,,1.2248334,0.0,0.0,0.0,0.0
8,22,5,0,,,,1.7125334,0.0,0.0,0.0,0.0
8,23,5,0,,,,0.48343334,0.0,0.0,0.0,0.0
8,24,5,0,,,,0.8413889,0.0,0.0,0.0,0.0
8,1,6,0,,,,0.45128334,0.0,0.0,0.0,0.0
8,2,6,0,,,,0.71759444,0.0,0.0,0.0,0.0
8,3,6,0,,,,0.2924,0.0,0.0,0.0,0.0
8,4,6,0,,,,0.24222222,0.0,0.0,0.0,0.0
8,5,6,0,,,,0.24305,0.0,0.0,0.0,0.0
8,6,6,0,,,,0.23839444,0.0,0.0,0.0,0.0
8,7,6,0,,,,0.45181668,0.0,0.0,0.0,50.83
8,8,6,0,,,,0.24361667,0.0,0.0,0.0,211.41
8,9,6,0,,,,0.24636666,0.0,0.0,0.0,397.07
8,10,6,0,,,,2.5489612,0.0,0.0,0.0,539.11
8,11,6,0,,,,4.4385,0.0,0.0,0.0,650.72
8,12,6,0,,,,3.210239,0.0,0.0,0.0,724.63
8,13,6,0,,,,2.9741833,0.0,0.0,0.0,726.67
8,14,6,0,,,,5.723183,0.0,0.0,0.0,687.57
8,15,6,0,,,,3.4877167,0.0,0.0,0.0,603.25
8,16,6,0,,,,4.437,0.0,0.0,0.0,487.27
8,17,6,0,,,,4.3180833,0.0,0.0,0.0,327.63
8,18,6,0,,,,2.9254334,0.0,0.0,0.0,145.27
8,19,6,0,,,,1.05175,0.0,0.0,0.0,23.21
8,20,6,0,,,,1.4436834,0.0,0.0,0.0,0.0
8,21,6,0,,,,1.5610666,0.0,0.0,0.0,0.0
8,22,6,0,,,,1.0894,0.0,0.0,0.0,0.0
8,23,6,0,,,,2.1774666,0.0,0.0,0.0,0.0
8,24,6,0,,,,1.525725,0.0,0.0,0.0,0.0
8,1,7,0,,,,0.97401667,0.0,0.0,0.0,0.0
8,2,7,0,,,,1.6507666,0.0,0.0,0.0,0.0
8,3,7,0,,,,1.7482333,0.0,0.0,0.0,0.0
8,4,7,0,,,,1.7492167,0.0,0.0,0.0,0.0
8,5,7,0,,,,1.1016,0.0,0.0,0.0,0.0
8,6,7,0,,,,1.1172667,0.0,0.0,0.0,0.0
8,7,7,0,,,,1.14015,0.0,0.0,0.0,47.77
8,8,7,0,,,,0.9087667,0.0,0.0,0.0,219.31
8,9,7,0,,,,1.37055,0.0,0.0,0.0,401.17
8,10,7,0,,,,1.3742167,0.0,0.0,0.0,538.8
8,11,7,0,,,,1.2602167,0.0,0.0,0.0,641.65
8,12,7,0,,,,1.8724834,0.0,0.0,0.0,714.7
8,13,7,0,,,,2.2793667,0.0,0.0,0.0,716.04
8,14,7,0,,,,2.37225,0.0,0.0,0.0,681.63
8,15,7,0,,,,1.5832,0.0,0.0,0.0,602.58
8,16,7,0,,,,2.3671167,0.0,0.0,0.0,485.0
8,17,7,0,,,,2.6422834,0.0,0.0,0.0,327.42
8,18,7,0,,,,1.84055,0.0,0.0,0.0,144.16
8,19,7,0,,,,1.0603,0.0,0.0,0.0,22.45
8,20,7,0,,,,0.93371665,0.0,0.0,0.0,0.0
8,21,7,0,,,,0.88701665,0.0,0.0,0.0,0.0
8,22,7,0,,,,0.8713167,0.0,0.0,0.0,0.0
8,23,7,0,,,,0.5385778,0.0,0.0,0.0,0.0
8,24,7,0,,,,0.9038333,0.0,0.0,0.0,0.0
8,1,1,0,,,,1.22845,0.0,0.0,0.0,0.0
8,2,1,0,,,,1.0253278,0.0,0.0,0.0,0.0
8,3,1,0,,,,1.33105,0.0,0.0,0.0,0.0
8,4,1,0,,,,1.8792833,0.0,0.0,0.0,0.0
8,5,1,0,,,,1.4154834,0.0,0.0,0.0,0.0
8,6,1,0,,,,0.7914778,0.0,0.0,0.0,0.0
8,7,1,0,,,,1.1548834,0.0,0.0,0.0,4.87
8,8,1,0,,,,0.5067,0.0,0.0,0.0,57.33
8,9,1,0,,,,1.4241333,0.0,0.0,0.0,174.04
8,10,1,0,,,,1.8678167,0.0,0.0,0.0,392.97
8,11,1,0,,,,1.6814166,0.0,0.0,0.0,567.84
8,12,1,0,,,,3.42305,0.0,0.0,0.0,354.83
8,13,1,0,,,,3.1841667,0.0,0.0,0.0,329.85
8,14,1,0,,,,3.2169333,0.0,0.0,0.0,642.63
8,15,1,0,,,,5.07285,0.0,0.0,0.0,330.06
8,16,1,0,,,,5.0035777,0.0,0.0,0.0,431.19
8,17,1,0,,,,5.38695,0.0,0.0,0.0,344.87
8,18,1,0,,,,1.9178166,0.0,0.0,0.0,129.29
8,19,1,0,,,,1.2816666,0.0,0.0,0.0,22.16
8,20,1,0,,,,3.0242667,0.0,0.0,0.0,0.0
8,21,1,0,,,,1.8947111,0.0,0.0,0.0,0.0
8,22,1,0,,,,3.8822,0.0,0.0,0.0,0.0
8,23,1,0,,,,4.3181777,0.0,0.0,0.0,0.0
8,24,1,0,,,,4.483375,0.0,0.0,0.0,0.0
8,1,2,0,,,,4.4202113,0.0,0.0,0.0,0.0
8,2,2,0,,,,2.3224,0.0,0.0,0.0,0.0
8,3,2,0,,,,1.1299666,0.0,0.0,0.0,0.0
8,4,2,0,,,,0.6823,0.0,0.0,0.0,0.0
8,5,2,0,,,,0.6448445,0.0,0.0,0.0,0.0
8,6,2,0,,,,0.6461167,0.0,0.0,0.0,0.0
8,7,2,0,,,,1.05785,0.0,0.0,0.0,44.67
8,8,2,0,,,,0.24756667,0.0,0.0,0.0,187.2
8,9,2,0,,,,0.32098332,0.0,0.0,0.0,393.78
8,10,2,0,,,,0.38251665,0.0,0.0,0.0,486.38
8,11,2,0,,,,1.2826778,0.0,0.0,0.0,644.69
8,12,2,0,,,,1.1272944,0.0,0.0,0.0,690.71
8,13,2,0,,,,0.52091664,0.0,0.0,0.0,666.7
8,14,2,0,,,,1.0524666,0.0,0.0,0.0,557.46
8,15,2,0,,,,4.160333,0.0,0.0,0.0,524.85
8,16,2,0,,,,3.77715,0.0,0.0,0.0,375.38
8,17,2,0,,,,3.7759833,0.0,0.0,0.0,167.63
8,18,2,0,,,,2.56125,0.0,0.0,0.0,95.01
8,19,2,0,,,,0.33278334,0.0,0.0,0.0,19.36
8,20,2,0,,,,1.3502834,0.0,0.0,0.0,0.0
8,21,2,0,,,,2.6443334,0.0,0.0,0.0,0.0
8,22,2,0,,,,4.1721334,0.0,0.0,0.0,0.0
8,23,2,0,,,,2.8386056,0.0,0.0,0.0,0.0
8,24,2,0,,,,2.74085,0.0,0.0,0.0,0.0
8,1,3,0,,,,2.6068833,0.0,0.0,0.0,0.0
8,2,3,0,,,,1.1253333,0.0,0.0,0.0,0.0
8,3,3,0,,,,0.3830889,0.0,0.0,0.0,0.0
8,4,3,0,,,,0.3659,0.0,0.0,0.0,0.0
8,5,3,0,,,,0.3003,0.0,0.0,0.0,0.0
8,6,3,0,,,,0.25156668,0.0,0.0,0.0,0.0
8,7,3,0,,,,1.6291223,0.0,0.0,0.0,46.66
8,8,3,0,,,,3.7422166,0.0,0.0,0.0,216.55
8,9,3,0,,,,3.6776612,0.0,0.0,0.0,411.73
8,10,3,0,,,,4.0811834,0.0,0.0,0.0,562.77
8,11,3,0,,,,1.6973222,0.0,0.0,0.0,677.49
8,12,3,0,,,,0.30598333,0.0,0.0,0.0,744.81
8,13,3,0,,,,0.24802221,0.0,0.0,0.0,757.37
8,14,3,0,,,,2.5014334,0.0,0.0,0.0,715.71
8,15,3,0,,,,4.0523334,0.0,0.0,0.0,620.23
8,16,3,0,,,,1.6036834,0.0,0.0,0.0,500.71
8,17,3,0,,,,1.3434334,0.0,0.0,0.0,332.16
8,18,3,0,,,,1.45295,0.0,0.0,0.0,140.75
8,19,3,0,,,,0.97251666,0.0,0.0,0.0,19.27
8,20,3,0,,,,0.8615,0.0,0.0,0.0,0.0
8,21,3,0,,,,1.4074334,0.0,0.0,0.0,0.0
8,22,3,0,,,,1.8317333,0.0,0.0,0.0,0.0
8,23,3,0,,,,1.0321333,0.0,0.0,0.0,0.0
8,24,3,0,,,,0.985,0.0,0.0,0.0,0.0
8,1,4,0,,,,1.3395778,0.0,0.0,0.0,0.0
8,2,4,0,,,,0.6092333,0.0,0.0,0.0,0.0
8,3,4,0,,,,1.2901334,0.0,0.0,0.0,0.0
8,4,4,0,,,,0.5192722,0.0,0.0,0.0,0.0
8,5,4,0,,,,0.92118335,0.0,0.0,0.0,0.0
8,6,4,0,,,,0.90265,0.0,0.0,0.0,0.0
8,7,4,0,,,,4.1809835,0.0,0.0,0.0,46.1
8,8,4,0,,,,3.9654667,0.0,0.0,0.0,221.02
8,9,4,0,,,,3.9354916,0.0,0.0,0.0,383.08
8,10,4,0,,,,4.009683,0.0,0.0,0.0,515.9
8,11,4,0,,,,0.9318278,0.0,0.0,0.0,659.04
8,12,4,0,,,,0.97713333,0.0,0.0,0.0,729.9
8,13,4,0,,,,1.0315666,0.0,0.0,0.0,657.55
8,14,4,0,,,,1.1311083,0.0,0.0,0.0,702.33
8,15,4,0,,,,1.8729334,0.0,0.0,0.0,623.83
8,16,4,0,,,,2.2140362,0.0,0.0,0.0,497.82
8,17,4,0,,,,2.0194333,0.0,0.0,0.0,325.67
8,18,4,0,,,,1.1588833,0.0,0.0,0.0,139.45
8,19,4,0,,,,0.9392667,0.0,0.0,0.0,17.8
8,20,4,0,,,,0.88156664,0.0,0.0,0.0,0.0
8,21,4,0,,,,2.1556,0.0,0.0,0.0,0.0
8,22,4,0,,,,2.87455,0.0,0.0,0.0,0.0
8,23,4,0,,,,2.8567667,0.0,0.0,0.0,0.0
8,24,4,0,,,,2.2894804,0.0,0.0,0.0,0.0
8,1,5,0,,,,1.14525,0.0,0.0,0.0,0.0
8,2,5,0,,,,1.2527889,0.0,0.0,0.0,0.0
8,3,5,0,,,,0.91386664,0.0,0.0,0.0,0.0
8,4,5,0,,,,0.7314,0.0,0.0,0.0,0.0
8,5,5,0,,,,0.37596667,0.0,0.0,0.0,0.0
8,6,5,0,,,,0.7180333,0.0,0.0,0.0,0.0
8,7,5,0,,,,3.2613833,0.0,0.0,0.0,43.44
8,8,5,0,,,,3.8997667,0.0,0.0,0.0,203.79
8,9,5,0,,,,3.8235223,0.0,0.0,0.0,391.15
8,10,5,0,,,,3.4212,0.0,0.0,0.0,509.4
8,11,5,0,,,,0.48852777,0.0,0.0,0.0,658.56
8,12,5,0,,,,0.8193667,0.0,0.0,0.0,726.66
8,13,5,0,,,,0.58179444,0.0,0.0,0.0,729.96
8,14,5,0,,,,0.93721664,0.0,0.0,0.0,687.34
8,15,5,0,,,,1.3263167,0.0,0.0,0.0,595.82
8,16,5,0,,,,1.8887334,0.0,0.0,0.0,481.9
8,17,5,0,,,,2.0469334,0.0,0.0,0.0,318.63
8,18,5,0,,,,2.5485168,0.0,0.0,0.0,133.42
8,19,5,0,,,,3.0454834,0.0,0.0,0.0,17.05
8,20,5,0,,,,0.78173333,0.0,0.0,0.0,0.0
8,21,5,0,,,,1.7986945,0.0,0.0,0.0,0.0
8,22,5,0,,,,0.64841664,0.0,0.0,0.0,0.0
8,23,5,0,,,,0.79936665,0.0,0.0,0.0,0.0
8,24,5,0,,,,0.89755833,0.0,0.0,0.0,0.0
8,1,6,0,,,,0.8247833,0.0,0.0,0.0,0.0
8,2,6,0,,,,0.66038334,0.0,0.0,0.0,0.0
8,3,6,0,,,,0.67466664,0.0,0.0,0.0,0.0
8,4,6,0,,,,0.31281668,0.0,0.0,0.0,0.0
8,5,6,0,,,,0.49398333,0.0,0.0,0.0,0.0
8,6,6,0,,,,0.48123333,0.0,0.0,0.0,0.0
8,7,6,0,,,,0.65755,0.0,0.0,0.0,44.0
8,8,6,0,,,,0.48505,0.0,0.0,0.0,207.72
8,9,6,0,,,,0.4815,0.0,0.0,0.0,400.92
8,10,6,0,,,,0.49721667,0.0,0.0,0.0,555.59
8,11,6,0,,,,0.30206665,0.0,0.0,0.0,669.89
8,12,6,0,,,,0.32431668,0.0,0.0,0.0,741.04
8,13,6,0,,,,0.53253335,0.0,0.0,0.0,754.04
8,14,6,0,,,,0.88261664,0.0,0.0,0.0,724.82
8,15,6,0,,,,0.39615,0.0,0.0,0.0,622.81
8,16,6,0,,,,0.40628332,0.0,0.0,0.0,494.52
8,17,6,0,,,,0.39501667,0.0,0.0,0.0,323.98
8,18,6,0,,,,3.3355417,0.0,0.0,0.0,131.54
8,19,6,0,,,,1.2759,0.0,0.0,0.0,16.34
8,20,6,0,,,,0.5800667,0.0,0.0,0.0,0.0
8,21,6,0,,,,0.5516056,0.0,0.0,0.0,0.0
8,22,6,0,,,,0.61115,0.0,0.0,0.0,0.0
8,23,6,0,,,,0.5344333,0.0,0.0,0.0,0.0
8,24,6,0,,,,0.80100834,0.0,0.0,0.0,0.0
8,1,7,0,,,,0.4580778,0.0,0.0,0.0,0.0
8,2,7,0,,,,0.5567667,0.0,0.0,0.0,0.0
8,3,7,0,,,,0.5498722,0.0,0.0,0.0,0.0
8,4,7,0,,,,0.50025,0.0,0.0,0.0,0.0
8,5,7,0,,,,0.39950556,0.0,0.0,0.0,0.0
8,6,7,0,,,,0.32283333,0.0,0.0,0.0,0.0
8,7,7,0,,,,0.25225556,0.0,0.0,0.0,41.1
8,8,7,0,,,,0.25755,0.0,0.0,0.0,208.13
8,9,7,0,,,,0.26143333,0.0,0.0,0.0,397.91
8,10,7,0,,,,0.26146665,0.0,0.0,0.0,544.31
8,11,7,0,,,,0.2635,0.0,0.0,0.0,659.72
8,12,7,0,,,,0.26305,0.0,0.0,0.0,700.05
8,13,7,0,,,,0.26338333,0.0,0.0,0.0,682.23
8,14,7,0,,,,0.26813334,0.0,0.0,0.0,656.18
8,15,7,0,,,,0.26788333,0.0,0.0,0.0,594.6
8,16,7,0,,,,0.3938,0.0,0.0,0.0,461.37
8,17,7,0,,,,3.9686055,0.0,0.0,0.0,304.02
8,18,7,0,,,,5.4284835,0.0,0.0,0.0,125.82
8,19,7,0,,,,4.0107665,0.0,0.0,0.0,15.13
8,20,7,0,,,,4.958667,0.0,0.0,0.0,0.0
8,21,7,0,,,,5.2217665,0.0,0.0,0.0,0.0
8,22,7,0,,,,5.274717,0.0,0.0,0.0,0.0
8,23,7,0,,,,4.5148168,0.0,0.0,0.0,0.0
8,24,7,0,,,,1.5827084,0.0,0.0,0.0,0.0
8,1,1,0,,,,1.2704667,0.0,0.0,0.0,0.0
8,2,1,0,,,,1.27355,0.0,0.0,0.0,0.0
8,3,1,0,,,,0.5240833,0.0,0.0,0.0,0.0
8,4,1,0,,,,1.2116667,0.0,0.0,0.0,0.0
8,5,1,0,,,,0.48857778,0.0,0.0,0.0,0.0
8,6,1,0,,,,1.0443333,0.0,0.0,0.0,0.0
8,7,1,0,,,,0.9912278,0.0,0.0,0.0,39.07
8,8,1,0,,,,0.49888334,0.0,0.0,0.0,210.68
8,9,1,0,,,,0.5495222,0.0,0.0,0.0,410.86
8,10,1,0,,,,1.1372,0.0,0.0,0.0,564.25
8,11,1,0,,,,0.9270667,0.0,0.0,0.0,678.7
8,12,1,0,,,,1.0156667,0.0,0.0,0.0,744.71
8,13,1,0,,,,1.4488333,0.0,0.0,0.0,747.62
8,14,1,0,,,,2.0479,0.0,0.0,0.0,706.5
8,15,1,0,,,,3.0458167,0.0,0.0,0.0,611.63
8,16,1,0,,,,4.92875,0.0,0.0,0.0,485.78
8,17,1,0,,,,2.7348166,0.0,0.0,0.0,308.98
8,18,1,0,,,,3.65,0.0,0.0,0.0,126.61
8,19,1,0,,,,4.9445167,0.0,0.0,0.0,14.02
8,20,1,0,,,,2.1824,0.0,0.0,0.0,0.0
8,21,1,0,,,,1.8586667,0.0,0.0,0.0,0.0
8,22,1,0,,,,1.3382833,0.0,0.0,0.0,0.0
8,23,1,0,,,,1.18425,0.0,0.0,0.0,0.0
8,24,1,0,,,,0.8750333,0.0,0.0,0.0,0.0
8,1,2,0,,,,0.95785,0.0,0.0,0.0,0.0
8,2,2,0,,,,0.8997833,0.0,0.0,0.0,0.0
8,3,2,0,,,,0.59943336,0.0,0.0,0.0,0.0
8,4,2,0,,,,0.5374333,0.0,0.0,0.0,0.0
8,5,2,0,,,,0.59278333,0.0,0.0,0.0,0.0
8,6,2,0,,,,0.912,0.0,0.0,0.0,0.0
8,7,2,0,,,,0.7569,0.0,0.0,0.0,39.9
8,8,2,0,,,,0.53828335,0.0,0.0,0.0,205.55
8,9,2,0,,,,0.51676667,0.0,0.0,0.0,386.94
8,10,2,0,,,,0.86396664,0.0,0.0,0.0,534.28
8,11,2,0,,,,0.9210333,0.0,0.0,0.0,655.21
8,12,2,0,,,,0.97903335,0.0,0.0,0.0,724.07
8,13,2,0,,,,1.13495,0.0,0.0,0.0,723.06
8,14,2,0,,,,1.6877,0.0,0.0,0.0,673.5
8,15,2,0,,,,4.04525,0.0,0.0,0.0,581.08
8,16,2,0,,,,6.0448833,0.0,0.0,0.0,458.24
8,17,2,0,,,,5.9483833,0.0,0.0,0.0,299.3
8,18,2,0,,,,5.2074165,0.0,0.0,0.0,121.24
8,19,2,0,,,,2.2270834,0.0,0.0,0.0,12.17
8,20,2,0,,,,3.1118333,0.0,0.0,0.0,0.0
8,21,2,0,,,,2.2763722,0.0,0.0,0.0,0.0
8,22,2,0,,,,1.2794,0.0,0.0,0.0,0.0
8,23,2,0,,,,1.2714,0.0,0.0,0.0,0.0
8,24,2,0,,,,1.2558583,0.0,0.0,0.0,0.0
8,1,3,0,,,,0.92155,0.0,0.0,0.0,0.0
8,2,3,0,,,,0.56021667,0.0,0.0,0.0,0.0
8,3,3,0,,,,0.49103335,0.0,0.0,0.0,0.0
8,4,3,0,,,,0.7388833,0.0,0.0,0.0,0.0
8,5,3,0,,,,0.56128335,0.0,0.0,0.0,0.0
8,6,3,0,,,,0.8857833,0.0,0.0,0.0,0.0
8,7,3,0,,,,3.1904333,0.0,0.0,0.0,1.04
8,8,3,0,,,,3.90635,0.0,0.0,0.0,64.93
8,9,3,0,,,,4.2490554,0.0,0.0,0.0,328.17
8,10,3,0,,,,3.92015,0.0,0.0,0.0,512.0
8,11,3,0,,,,0.91377777,0.0,0.0,0.0,631.77
8,12,3,0,,,,1.2136,0.0,0.0,0.0,694.68
8,13,3,0,,,,1.0995722,0.0,0.0,0.0,712.83
8,14,3,0,,,,1.5187,0.0,0.0,0.0,614.83
8,15,3,0,,,,2.3147666,0.0,0.0,0.0,85.63
8,16,3,0,,,,2.6241,0.0,0.0,0.0,422.67
8,17,3,0,,,,4.015283,0.0,0.0,0.0,296.94
8,18,3,0,,,,5.8497667,0.0,0.0,0.0,113.03
8,19,3,0,,,,4.609433,0.0,0.0,0.0,10.51
8,20,3,0,,,,1.3297833,0.0,0.0,0.0,0.0
8,21,3,0,,,,1.25965,0.0,0.0,0.0,0.0
8,22,3,0,,,,1.2167667,0.0,0.0,0.0,0.0
8,23,3,0,,,,1.1050333,0.0,0.0,0.0,0.0
8,24,3,0,,,,0.6243167,0.0,0.0,0.0,0.0
9,1,4,0,,,,0.86368334,0.0,0.0,0.0,0.0
9,2,4,0,,,,0.5474167,0.0,0.0,0.0,0.0
9,3,4,0,,,,0.5251667,0.0,0.0,0.0,0.0
9,4,4,0,,,,0.5113,0.0,0.0,0.0,0.0
9,5,4,0,,,,0.7186667,0.0,0.0,0.0,0.0
9,6,4,0,,,,0.7939,0.0,0.0,0.0,0.0
9,7,4,0,,,,3.8353333,0.0,0.0,0.0,26.33
9,8,4,0,,,,3.8891168,0.0,0.0,0.0,184.92
9,9,4,0,,,,3.9252167,0.0,0.0,0.0,380.33
9,10,4,0,,,,3.12395,0.0,0.0,0.0,543.23
9,11,4,0,,,,0.563925,0.0,0.0,0.0,659.21
9,12,4,0,,,,0.9425333,0.0,0.0,0.0,697.89
9,13,4,0,,,,0.9967667,0.0,0.0,0.0,640.67
9,14,4,0,,,,1.53135,0.0,0.0,0.0,569.86
9,15,4,0,,,,1.7434666,0.0,0.0,0.0,436.71
9,16,4,0,,,,2.22935,0.0,0.0,0.0,358.19
9,17,4,0,,,,2.0118666,0.0,0.0,0.0,257.91
9,18,4,0,,,,1.5727834,0.0,0.0,0.0,110.85
9,19,4,0,,,,0.96575,0.0,0.0,0.0,9.38
9,20,4,0,,,,0.87985,0.0,0.0,0.0,0.0
9,21,4,0,,,,0.6641667,0.0,0.0,0.0,0.0
9,22,4,0,,,,1.3591167,0.0,0.0,0.0,0.0
9,23,4,0,,,,1.2288,0.0,0.0,0.0,0.0
9,24,4,0,,,,1.040675,0.0,0.0,0.0,0.0
9,1,5,0,,,,0.83058333,0.0,0.0,0.0,0.0
9,2,5,0,,,,0.6407167,0.0,0.0,0.0,0.0
9,3,5,0,,,,0.26825,0.0,0.0,0.0,0.0
9,4,5,0,,,,0.28118333,0.0,0.0,0.0,0.0
9,5,5,0,,,,0.30453333,0.0,0.0,0.0,0.0
9,6,5,0,,,,0.7079667,0.0,0.0,0.0,0.0
9,7,5,0,,,,3.6579168,0.0,0.0,0.0,34.99
9,8,5,0,,,,3.78495,0.0,0.0,0.0,198.04
9,9,5,0,,,,3.7862833,0.0,0.0,0.0,390.85
9,10,5,0,,,,2.8980834,0.0,0.0,0.0,540.79
9,11,5,0,,,,0.55183333,0.0,0.0,0.0,647.86
9,12,5,0,,,,0.5793167,0.0,0.0,0.0,713.33
9,13,5,0,,,,0.90148336,0.0,0.0,0.0,690.05
9,14,5,0,,,,0.9997333,0.0,0.0,0.0,637.52
9,15,5,0,,,,1.1210667,0.0,0.0,0.0,489.64
9,16,5,0,,,,1.7968944,0.0,0.0,0.0,406.39
9,17,5,0,,,,1.7768834,0.0,0.0,0.0,281.66
9,18,5,0,,,,1.3233111,0.0,0.0,0.0,112.24
9,19,5,0,,,,0.79976666,0.0,0.0,0.0,8.2
9,20,5,0,,,,1.5295167,0.0,0.0,0.0,0.0
9,21,5,0,,,,0.76453334,0.0,0.0,0.0,0.0
9,22,5,0,,,,0.67803335,0.0,0.0,0.0,0.0
9,23,5,0,,,,2.87485,0.0,0.0,0.0,0.0
9,24,5,0,,,,4.09205,0.0,0.0,0.0,0.0
9,1,6,0,,,,4.0258555,0.0,0.0,0.0,0.0
9,2,6,0,,,,4.17175,0.0,0.0,0.0,0.0
9,3,6,0,,,,1.0714,0.0,0.0,0.0,0.0
9,4,6,0,,,,0.63453335,0.0,0.0,0.0,0.0
9,5,6,0,,,,0.31931666,0.0,0.0,0.0,0.0
9,6,6,0,,,,0.32106668,0.0,0.0,0.0,0.0
9,7,6,0,,,,0.30558333,0.0,0.0,0.0,27.81
9,8,6,0,,,,0.30758333,0.0,0.0,0.0,173.13
9,9,6,0,,,,0.30786666,0.0,0.0,0.0,360.7
9,10,6,0,,,,0.3113,0.0,0.0,0.0,512.86
9,11,6,0,,,,0.31655,0.0,0.0,0.0,613.49
9,12,6,0,,,,0.3928,0.0,0.0,0.0,682.27
9,13,6,0,,,,0.38021666,0.0,0.0,0.0,621.61
9,14,6,0,,,,0.8746167,0.0,0.0,0.0,285.97
9,15,6,0,,,,0.6817833,0.0,0.0,0.0,151.42
9,16,6,0,,,,0.82991666,0.0,0.0,0.0,40.21
9,17,6,0,,,,0.6622667,0.0,0.0,0.0,122.99
9,18,6,0,,,,0.40441668,0.0,0.0,0.0,4.12
9,19,6,0,,,,0.24485,0.0,0.0,0.0,6.67
9,20,6,0,,,,0.24686667,0.0,0.0,0.0,0.0
9,21,6,0,,,,0.25355,0.0,0.0,0.0,0.0
9,22,6,0,,,,3.9289334,0.0,0.0,0.0,0.0
9,23,6,0,,,,3.9968834,0.0,0.0,0.0,0.0
9,24,6,0,,,,3.7138667,0.0,0.0,0.0,0.0
9,1,7,0,,,,2.40585,0.0,0.0,0.0,0.0
9,2,7,0,,,,0.29173332,0.0,0.0,0.0,0.0
9,3,7,0,,,,0.29266667,0.0,0.0,0.0,0.0
9,4,7,0,,,,0.29180834,0.0,0.0,0.0,0.0
9,5,7,0,,,,0.29053333,0.0,0.0,0.0,0.0
9,6,7,0,,,,0.29049444,0.0,0.0,0.0,0.0
9,7,7,0,,,,0.29281667,0.0,0.0,0.0,0.65
9,8,7,0,,,,0.2936111,0.0,0.0,0.0,9.63
9,9,7,0,,,,0.29415,0.0,0.0,0.0,35.79
9,10,7,0,,,,0.29494444,0.0,0.0,0.0,64.72
9,11,7,0,,,,0.39845833,0.0,0.0,0.0,319.77
9,12,7,0,,,,0.59506667,0.0,0.0,0.0,364.8
9,13,7,0,,,,0.83192223,0.0,0.0,0.0,414.97
9,14,7,0,,,,0.66936666,0.0,0.0,0.0,318.45
9,15,7,0,,,,0.46196112,0.0,0.0,0.0,80.21
9,16,7,0,,,,0.25346667,0.0,0.0,0.0,69.21
9,17,7,0,,,,0.2511,0.0,0.0,0.0,58.37
9,18,7,0,,,,0.27751666,0.0,0.0,0.0,6.54
9,19,7,0,,,,0.4847,0.0,0.0,0.0,5.38
9,20,7,0,,,,0.45148334,0.0,0.0,0.0,0.0
9,21,7,0,,,,0.48509446,0.0,0.0,0.0,0.0
9,22,7,0,,,,0.50455,0.0,0.0,0.0,0.0
9,23,7,0,,,,0.85838336,0.0,0.0,0.0,0.0
9,24,7,0,,,,3.9716418,0.0,0.0,0.0,0.0
9,1,1,0,,,,4.330917,0.0,0.0,0.0,0.0
9,2,1,0,,,,2.1970668,0.0,0.0,0.0,0.0
9,3,1,0,,,,0.43646112,0.0,0.0,0.0,0.0
9,4,1,0,,,,0.44278333,0.0,0.0,0.0,0.0
9,5,1,0,,,,0.36648333,0.0,0.0,0.0,0.0
9,6,1,0,,,,0.37105,0.0,0.0,0.0,0.0
9,7,1,0,,,,0.36125556,0.0,0.0,0.0,32.85
9,8,1,0,,,,0.3622,0.0,0.0,0.0,120.58
9,9,1,0,,,,0.31628335,0.0,0.0,0.0,210.17
9,10,1,0,,,,0.2920111,0.0,0.0,0.0,218.18
9,11,1,0,,,,0.299,0.0,0.0,0.0,541.99
9,12,1,0,,,,1.9351277,0.0,0.0,0.0,524.4
9,13,1,0,,,,3.8535,0.0,0.0,0.0,647.9
9,14,1,0,,,,3.8474166,0.0,0.0,0.0,590.99
9,15,1,0,,,,4.1365666,0.0,0.0,0.0,595.21
9,16,1,0,,,,1.2954167,0.0,0.0,0.0,471.92
9,17,1,0,,,,1.4212166,0.0,0.0,0.0,280.29
9,18,1,0,,,,1.3923334,0.0,0.0,0.0,74.49
9,19,1,0,,,,0.9787833,0.0,0.0,0.0,1.19
9,20,1,0,,,,0.85676664,0.0,0.0,0.0,0.0
9,21,1,0,,,,1.3543389,0.0,0.0,0.0,0.0
9,22,1,0,,,,1.1926666,0.0,0.0,0.0,0.0
9,23,1,0,,,,0.5815167,0.0,0.0,0.0,0.0
9,24,1,0,,,,0.369325,0.0,0.0,0.0,0.0
9,1,2,0,,,,0.33955,0.0,0.0,0.0,0.0
9,2,2,0,,,,0.29353333,0.0,0.0,0.0,0.0
9,3,2,0,,,,0.29248333,0.0,0.0,0.0,0.0
9,4,2,0,,,,0.29226667,0.0,0.0,0.0,0.0
9,5,2,0,,,,0.43991667,0.0,0.0,0.0,0.0
9,6,2,0,,,,0.6971833,0.0,0.0,0.0,0.0
9,7,2,0,,,,0.44805,0.0,0.0,0.0,30.44
9,8,2,0,,,,0.29393333,0.0,0.0,0.0,186.58
9,9,2,0,,,,0.2975,0.0,0.0,0.0,344.98
9,10,2,0,,,,0.29838333,0.0,0.0,0.0,338.45
9,11,2,0,,,,0.30081666,0.0,0.0,0.0,566.98
9,12,2,0,,,,0.30086666,0.0,0.0,0.0,712.94
9,13,2,0,,,,0.5287333,0.0,0.0,0.0,725.7
9,14,2,0,,,,0.39805,0.0,0.0,0.0,693.25
9,15,2,0,,,,0.39745,0.0,0.0,0.0,543.4
9,16,2,0,,,,0.39228332,0.0,0.0,0.0,430.39
9,17,2,0,,,,0.3784,0.0,0.0,0.0,284.59
9,18,2,0,,,,0.35613334,0.0,0.0,0.0,100.47
9,19,2,0,,,,0.606,0.0,0.0,0.0,2.42
9,20,2,0,,,,4.195017,0.0,0.0,0.0,0.0
9,21,2,0,,,,1.2749083,0.0,0.0,0.0,0.0
9,22,2,0,,,,1.3403333,0.0,0.0,0.0,0.0
9,23,2,0,,,,1.8073277,0.0,0.0,0.0,0.0
9,24,2,0,,,,3.1798916,0.0,0.0,0.0,0.0
9,1,3,0,,,,3.5234833,0.0,0.0,0.0,0.0
9,2,3,0,,,,2.3739,0.0,0.0,0.0,0.0
9,3,3,0,,,,1.0922278,0.0,0.0,0.0,0.0
9,4,3,0,,,,2.0546334,0.0,0.0,0.0,0.0
9,5,3,0,,,,1.5780112,0.0,0.0,0.0,0.0
9,6,3,0,,,,1.4526334,0.0,0.0,0.0,0.0
9,7,3,0,,,,1.7987833,0.0,0.0,0.0,28.9
9,8,3,0,,,,1.06885,0.0,0.0,0.0,191.76
9,9,3,0,,,,1.749461,0.0,0.0,0.0,385.28
9,10,3,0,,,,1.1388333,0.0,0.0,0.0,539.8
9,11,3,0,,,,1.13595,0.0,0.0,0.0,626.77
9,12,3,0,,,,1.1881334,0.0,0.0,0.0,621.36
9,13,3,0,,,,1.5701083,0.0,0.0,0.0,614.5
9,14,3,0,,,,1.83515,0.0,0.0,0.0,449.88
9,15,3,0,,,,2.2873833,0.0,0.0,0.0,243.15
9,16,3,0,,,,2.6705,0.0,0.0,0.0,316.51
9,17,3,0,,,,2.4888444,0.0,0.0,0.0,257.83
9,18,3,0,,,,3.5103667,0.0,0.0,0.0,92.69
9,19,3,0,,,,2.774811,0.0,0.0,0.0,2.38
9,20,3,0,,,,1.9516166,0.0,0.0,0.0,0.0
9,21,3,0,,,,2.0161943,0.0,0.0,0.0,0.0
9,22,3,0,,,,0.94028336,0.0,0.0,0.0,0.0
9,23,3,0,,,,0.8808445,0.0,0.0,0.0,0.0
9,24,3,0,,,,1.1906917,0.0,0.0,0.0,0.0
9,1,4,0,,,,1.0395555,0.0,0.0,0.0,0.0
9,2,4,0,,,,0.6465833,0.0,0.0,0.0,0.0
9,3,4,0,,,,0.6297028,0.0,0.0,0.0,0.0
9,4,4,0,,,,0.63386667,0.0,0.0,0.0,0.0
9,5,4,0,,,,0.71531665,0.0,0.0,0.0,0.0
9,6,4,0,,,,0.9965,0.0,0.0,0.0,0.0
9,7,4,0,,,,0.6713167,0.0,0.0,0.0,16.33
9,8,4,0,,,,0.56511664,0.0,0.0,0.0,174.37
9,9,4,0,,,,0.5729833,0.0,0.0,0.0,357.47
9,10,4,0,,,,0.57371664,0.0,0.0,0.0,500.36
9,11,4,0,,,,0.57605,0.0,0.0,0.0,637.34
9,12,4,0,,,,0.5771833,0.0,0.0,0.0,710.0
9,13,4,0,,,,0.5441333,0.0,0.0,0.0,725.47
9,14,4,0,,,,0.5340667,0.0,0.0,0.0,655.42
9,15,4,0,,,,2.358,0.0,0.0,0.0,570.43
9,16,4,0,,,,4.02195,0.0,0.0,0.0,388.73
9,17,4,0,,,,3.9808,0.0,0.0,0.0,269.14
9,18,4,0,,,,5.7227,0.0,0.0,0.0,92.48
9,19,4,0,,,,1.2727,0.0,0.0,0.0,0.0
9,20,4,0,,,,0.59256667,0.0,0.0,0.0,0.0
9,21,4,0,,,,1.1132,0.0,0.0,0.0,0.0
9,22,4,0,,,,0.94193333,0.0,0.0,0.0,0.0
9,23,4,0,,,,0.8491667,0.0,0.0,0.0,0.0
9,24,4,0,,,,0.788875,0.0,0.0,0.0,0.0
9,1,5,0,,,,0.55651665,0.0,0.0,0.0,0.0
9,2,5,0,,,,0.57306665,0.0,0.0,0.0,0.0
9,3,5,0,,,,0.93495,0.0,0.0,0.0,0.0
9,4,5,0,,,,0.62415,0.0,0.0,0.0,0.0
9,5,5,0,,,,0.57455,0.0,0.0,0.0,0.0
9,6,5,0,,,,0.90286666,0.0,0.0,0.0,0.0
9,7,5,0,,,,2.9278834,0.0,0.0,0.0,22.97
9,8,5,0,,,,4.0179834,0.0,0.0,0.0,182.69
9,9,5,0,,,,3.98065,0.0,0.0,0.0,388.4
9,10,5,0,,,,3.70105,0.0,0.0,0.0,482.16
9,11,5,0,,,,0.82665,0.0,0.0,0.0,663.31
9,12,5,0,,,,0.56338334,0.0,0.0,0.0,730.3
9,13,5,0,,,,0.5775167,0.0,0.0,0.0,715.66
9,14,5,0,,,,1.64935,0.0,0.0,0.0,636.58
9,15,5,0,,,,1.32075,0.0,0.0,0.0,588.27
9,16,5,0,,,,2.8788333,0.0,0.0,0.0,436.16
9,17,5,0,,,,5.7187834,0.0,0.0,0.0,288.1
9,18,5,0,,,,3.33725,0.0,0.0,0.0,90.08
9,19,5,0,,,,1.6763333,0.0,0.0,0.0,0.0
9,20,5,0,,,,1.5104667,0.0,0.0,0.0,0.0
9,21,5,0,,,,1.816,0.0,0.0,0.0,0.0
9,22,5,0,,,,1.41005,0.0,0.0,0.0,0.0
9,23,5,0,,,,1.0169916,0.0,0.0,0.0,0.0
9,24,5,0,,,,0.90923333,0.0,0.0,0.0,0.0
9,1,6,0,,,,0.86706114,0.0,0.0,0.0,0.0
9,2,6,0,,,,0.8347667,0.0,0.0,0.0,0.0
9,3,6,0,,,,0.6571389,0.0,0.0,0.0,0.0
9,4,6,0,,,,0.6174,0.0,0.0,0.0,0.0
9,5,6,0,,,,0.58542776,0.0,0.0,0.0,0.0
9,6,6,0,,,,0.73936665,0.0,0.0,0.0,0.0
9,7,6,0,,,,3.9360445,0.0,0.0,0.0,27.95
9,8,6,0,,,,3.941,0.0,0.0,0.0,168.99
9,9,6,0,,,,4.125583,0.0,0.0,0.0,405.16
9,10,6,0,,,,2.70765,0.0,0.0,0.0,565.58
9,11,6,0,,,,0.7270611,0.0,0.0,0.0,681.01
9,12,6,0,,,,1.2372167,0.0,0.0,0.0,727.67
9,13,6,0,,,,1.5415056,0.0,0.0,0.0,749.11
9,14,6,0,,,,2.1557333,0.0,0.0,0.0,692.77
9,15,6,0,,,,2.5823,0.0,0.0,0.0,584.38
9,16,6,0,,,,2.70945,0.0,0.0,0.0,453.1
9,17,6,0,,,,2.3830278,0.0,0.0,0.0,275.93
9,18,6,0,,,,1.04365,0.0,0.0,0.0,87.18
9,19,6,0,,,,0.67985,0.0,0.0,0.0,0.0
9,20,6,0,,,,1.2769667,0.0,0.0,0.0,0.0
9,21,6,0,,,,0.8083889,0.0,0.0,0.0,0.0
9,22,6,0,,,,1.1130034,0.0,0.0,0.0,0.0
9,23,6,0,,,,2.37895,0.0,0.0,0.0,0.0
9,24,6,0,,,,0.9866167,0.0,0.0,0.0,0.0
9,1,7,0,,,,0.86083335,0.0,0.0,0.0,0.0
9,2,7,0,,,,0.84248334,0.0,0.0,0.0,0.0
9,3,7,0,,,,0.5650333,0.0,0.0,0.0,0.0
9,4,7,0,,,,0.48583335,0.0,0.0,0.0,0.0
9,5,7,0,,,,0.4796,0.0,0.0,0.0,0.0
9,6,7,0,,,,0.47513333,0.0,0.0,0.0,0.0
9,7,7,0,,,,3.1714168,0.0,0.0,0.0,24.5
9,8,7,0,,,,3.89155,0.0,0.0,0.0,197.13
9,9,7,0,,,,3.89015,0.0,0.0,0.0,383.24
9,10,7,0,,,,3.27765,0.0,0.0,0.0,537.15
9,11,7,0,,,,0.4786,0.0,0.0,0.0,651.16
9,12,7,0,,,,0.48321667,0.0,0.0,0.0,707.34
9,13,7,0,,,,0.48175,0.0,0.0,0.0,706.9
9,14,7,0,,,,0.48175,0.0,0.0,0.0,646.0
9,15,7,0,,,,0.5797167,0.0,0.0,0.0,560.38
9,16,7,0,,,,3.8816888,0.0,0.0,0.0,431.51
9,17,7,0,,,,4.7841,0.0,0.0,0.0,238.56
9,18,7,0,,,,1.6632278,0.0,0.0,0.0,85.1
9,19,7,0,,,,1.0558333,0.0,0.0,0.0,0.0
9,20,7,0,,,,1.3275555,0.0,0.0,0.0,0.0
9,21,7,0,,,,2.9506,0.0,0.0,0.0,0.0
9,22,7,0,,,,2.5033054,0.0,0.0,0.0,0.0
9,23,7,0,,,,1.5746833,0.0,0.0,0.0,0.0
9,24,7,0,,,,1.7267528,0.0,0.0,0.0,0.0
9,1,1,0,,,,1.20965,0.0,0.0,0.0,0.0
9,2,1,0,,,,0.7026111,0.0,0.0,0.0,0.0
9,3,1,0,,,,0.5013667,0.0,0.0,0.0,0.0
9,4,1,0,,,,0.5264,0.0,0.0,0.0,0.0
9,5,1,0,,,,0.6084333,0.0,0.0,0.0,0.0
9,6,1,0,,,,0.94166666,0.0,0.0,0.0,0.0
9,7,1,0,,,,0.58870834,0.0,0.0,0.0,20.26
9,8,1,0,,,,1.31965,0.0,0.0,0.0,185.3
9,9,1,0,,,,0.7886,0.0,0.0,0.0,380.13
9,10,1,0,,,,0.5248306,0.0,0.0,0.0,538.7
9,11,1,0,,,,0.52676666,0.0,0.0,0.0,656.89
9,12,1,0,,,,0.52355,0.0,0.0,0.0,712.38
9,13,1,0,,,,0.532,0.0,0.0,0.0,688.46
9,14,1,0,,,,0.57818335,0.0,0.0,0.0,655.55
9,15,1,0,,,,1.0395334,0.0,0.0,0.0,535.88
9,16,1,0,,,,3.5657582,0.0,0.0,0.0,424.69
9,17,1,0,,,,0.9713,0.0,0.0,0.0,257.47
9,18,1,0,,,,0.8089167,0.0,0.0,0.0,79.14
9,19,1,0,,,,0.26086667,0.0,0.0,0.0,0.0
9,20,1,0,,,,0.58463335,0.0,0.0,0.0,0.0
9,21,1,0,,,,0.65501666,0.0,0.0,0.0,0.0
9,22,1,0,,,,0.7778,0.0,0.0,0.0,0.0
9,23,1,0,,,,1.0152667,0.0,0.0,0.0,0.0
9,24,1,0,,,,1.0546666,0.0,0.0,0.0,0.0
9,1,2,0,,,,0.9364,0.0,0.0,0.0,0.0
9,2,2,0,,,,0.808425,0.0,0.0,0.0,0.0
9,3,2,0,,,,0.685,0.0,0.0,0.0,0.0
9,4,2,0,,,,0.6533611,0.0,0.0,0.0,0.0
9,5,2,0,,,,0.30893335,0.0,0.0,0.0,0.0
9,6,2,0,,,,0.70881665,0.0,0.0,0.0,0.0
9,7,2,0,,,,0.49641666,0.0,0.0,0.0,10.08
9,8,2,0,,,,0.31218332,0.0,0.0,0.0,171.27
9,9,2,0,,,,0.30236667,0.0,0.0,0.0,367.91
9,10,2,0,,,,0.3070111,0.0,0.0,0.0,537.55
9,11,2,0,,,,0.30765,0.0,0.0,0.0,642.19
9,12,2,0,,,,0.30288333,0.0,0.0,0.0,701.47
9,13,2,0,,,,0.30208334,0.0,0.0,0.0,702.7
9,14,2,0,,,,0.29941666,0.0,0.0,0.0,660.0
9,15,2,0,,,,0.30691665,0.0,0.0,0.0,550.49
9,16,2,0,,,,0.30476665,0.0,0.0,0.0,386.63
9,17,2,0,,,,0.30125,0.0,0.0,0.0,184.34
9,18,2,0,,,,0.53265,0.0,0.0,0.0,48.34
9,19,2,0,,,,4.1841445,0.0,0.0,0.0,0.0
9,20,2,0,,,,2.1163666,0.0,0.0,0.0,0.0
9,21,2,0,,,,0.9730333,0.0,0.0,0.0,0.0
9,22,2,0,,,,3.4467056,0.0,0.0,0.0,0.0
9,23,2,0,,,,3.9554167,0.0,0.0,0.0,0.0
9,24,2,0,,,,2.2731028,0.0,0.0,0.0,0.0
9,1,3,0,,,,0.2558,0.0,0.0,0.0,0.0
9,2,3,0,,,,0.24850556,0.0,0.0,0.0,0.0
9,3,3,0,,,,0.24646667,0.0,0.0,0.0,0.0
9,4,3,0,,,,0.24656667,0.0,0.0,0.0,0.0
9,5,3,0,,,,0.34886667,0.0,0.0,0.0,0.0
9,6,3,0,,,,0.6623361,0.0,0.0,0.0,0.0
9,7,3,0,,,,0.44533333,0.0,0.0,0.0,0.0
9,8,3,0,,,,0.24885556,0.0,0.0,0.0,63.13
9,9,3,0,,,,0.25041667,0.0,0.0,0.0,15.27
9,10,3,0,,,,0.2521,0.0,0.0,0.0,70.18
9,11,3,0,,,,0.25306666,0.0,0.0,0.0,177.39
9,12,3,0,,,,0.2561,0.0,0.0,0.0,543.9
9,13,3,0,,,,0.25545,0.0,0.0,0.0,654.7
9,14,3,0,,,,0.25605,0.0,0.0,0.0,663.29
9,15,3,0,,,,0.32630834,0.0,0.0,0.0,548.73
9,16,3,0,,,,0.34643334,0.0,0.0,0.0,412.02
9,17,3,0,,,,0.34028333,0.0,0.0,0.0,276.04
9,18,3,0,,,,0.57551664,0.0,0.0,0.0,72.59
9,19,3,0,,,,0.59340554,0.0,0.0,0.0,0.0
9,20,3,0,,,,4.10785,0.0,0.0,0.0,0.0
9,21,3,0,,,,3.6624167,0.0,0.0,0.0,0.0
9,22,3,0,,,,3.3725667,0.0,0.0,0.0,0.0
9,23,3,0,,,,3.7949,0.0,0.0,0.0,0.0
9,24,3,0,,,,1.03665,0.0,0.0,0.0,0.0
9,1,4,0,,,,0.7075667,0.0,0.0,0.0,0.0
9,2,4,0,,,,0.49541667,0.0,0.0,0.0,0.0
9,3,4,0,,,,0.2705,0.0,0.0,0.0,0.0
9,4,4,0,,,,0.26676667,0.0,0.0,0.0,0.0
9,5,4,0,,,,0.39513335,0.0,0.0,0.0,0.0
9,6,4,0,,,,0.79031664,0.0,0.0,0.0,0.0
9,7,4,0,,,,0.34186667,0.0,0.0,0.0,16.22
9,8,4,0,,,,0.25536665,0.0,0.0,0.0,193.99
9,9,4,0,,,,0.2552,0.0,0.0,0.0,403.64
9,10,4,0,,,,0.25098333,0.0,0.0,0.0,580.13
9,11,4,0,,,,0.25326666,0.0,0.0,0.0,685.78
9,12,4,0,,,,0.25368333,0.0,0.0,0.0,500.39
9,13,4,0,,,,0.22641666,0.0,0.0,0.0,455.21
9,14,4,0,,,,0.20836666,0.0,0.0,0.0,562.36
9,15,4,0,,,,0.2073,0.0,0.0,0.0,524.83
9,16,4,0,,,,3.92125,0.0,0.0,0.0,434.84
9,17,4,0,,,,4.32305,0.0,0.0,0.0,239.23
9,18,4,0,,,,3.6212168,0.0,0.0,0.0,36.4
9,19,4,0,,,,2.6857333,0.0,0.0,0.0,0.0
9,20,4,0,,,,0.48016667,0.0,0.0,0.0,0.0
9,21,4,0,,,,0.78078336,0.0,0.0,0.0,0.0
9,22,4,0,,,,0.49956667,0.0,0.0,0.0,0.0
9,23,4,0,,,,0.34791666,0.0,0.0,0.0,0.0
9,24,4,0,,,,0.41354167,0.0,0.0,0.0,0.0
9,1,5,0,,,,0.6739333,0.0,0.0,0.0,0.0
9,2,5,0,,,,0.33326668,0.0,0.0,0.0,0.0
9,3,5,0,,,,0.32211667,0.0,0.0,0.0,0.0
9,4,5,0,,,,0.32088333,0.0,0.0,0.0,0.0
9,5,5,0,,,,0.34583333,0.0,0.0,0.0,0.0
9,6,5,0,,,,0.68088335,0.0,0.0,0.0,0.0
9,7,5,0,,,,3.3460667,0.0,0.0,0.0,13.23
9,8,5,0,,,,3.6877167,0.0,0.0,0.0,188.55
9,9,5,0,,,,3.6570334,0.0,0.0,0.0,107.08
9,10,5,0,,,,2.7291,0.0,0.0,0.0,307.81
9,11,5,0,,,,0.2569,0.0,0.0,0.0,568.79
9,12,5,0,,,,0.25531667,0.0,0.0,0.0,297.56
9,13,5,0,,,,0.21231666,0.0,0.0,0.0,459.81
9,14,5,0,,,,0.21076111,0.0,0.0,0.0,635.36
9,15,5,0,,,,0.54683334,0.0,0.0,0.0,553.36
9,16,5,0,,,,1.2709278,0.0,0.0,0.0,422.78
9,17,5,0,,,,0.9672833,0.0,0.0,0.0,258.38
9,18,5,0,,,,3.7394667,0.0,0.0,0.0,34.55
9,19,5,0,,,,3.665,0.0,0.0,0.0,0.0
9,20,5,0,,,,1.3618277,0.0,0.0,0.0,0.0
9,21,5,0,,,,0.45875,0.0,0.0,0.0,0.0
9,22,5,0,,,,0.46502224,0.0,0.0,0.0,0.0
9,23,5,0,,,,0.78615,0.0,0.0,0.0,0.0
9,24,5,0,,,,0.6244917,0.0,0.0,0.0,0.0
9,1,6,0,,,,0.70565,0.0,0.0,0.0,0.0
9,2,6,0,,,,0.6796111,0.0,0.0,0.0,0.0
9,3,6,0,,,,1.0161,0.0,0.0,0.0,0.0
9,4,6,0,,,,0.59085,0.0,0.0,0.0,0.0
9,5,6,0,,,,0.6753167,0.0,0.0,0.0,0.0
9,6,6,0,,,,1.05765,0.0,0.0,0.0,0.0
9,7,6,0,,,,0.6843333,0.0,0.0,0.0,0.3
9,8,6,0,,,,0.58955556,0.0,0.0,0.0,196.1
9,9,6,0,,,,0.19344167,0.0,0.0,0.0,375.69
9,10,6,0,,,,0.6055,0.0,0.0,0.0,581.65
9,11,6,0,,,,0.20438333,0.0,0.0,0.0,687.25
9,12,6,0,,,,0.26486668,0.0,0.0,0.0,705.48
9,13,6,0,,,,0.6572667,0.0,0.0,0.0,752.2
9,14,6,0,,,,0.73735,0.0,0.0,0.0,700.73
9,15,6,0,,,,0.31649166,0.0,0.0,0.0,568.53
9,16,6,0,,,,0.20015,0.0,0.0,0.0,423.33
9,17,6,0,,,,0.1987,0.0,0.0,0.0,245.37
9,18,6,0,,,,0.19425,0.0,0.0,0.0,65.54
9,19,6,0,,,,0.19371112,0.0,0.0,0.0,0.0
9,20,6,0,,,,0.19453333,0.0,0.0,0.0,0.0
9,21,6,0,,,,0.19491667,0.0,0.0,0.0,0.0
9,22,6,0,,,,0.19455,0.0,0.0,0.0,0.0
9,23,6,0,,,,0.35046113,0.0,0.0,0.0,0.0
9,24,6,0,,,,0.945075,0.0,0.0,0.0,0.0
9,1,7,0,,,,0.5196611,0.0,0.0,0.0,0.0
9,2,7,0,,,,0.4535,0.0,0.0,0.0,0.0
9,3,7,0,,,,0.32523334,0.0,0.0,0.0,0.0
9,4,7,0,,,,0.31631666,0.0,0.0,0.0,0.0
9,5,7,0,,,,0.31556112,0.0,0.0,0.0,0.0
9,6,7,0,,,,0.66635,0.0,0.0,0.0,0.0
9,7,7,0,,,,3.6368222,0.0,0.0,0.0,0.0
9,8,7,0,,,,3.62105,0.0,0.0,0.0,147.14
9,9,7,0,,,,3.6165667,0.0,0.0,0.0,171.32
9,10,7,0,,,,2.1784666,0.0,0.0,0.0,109.08
9,11,7,0,,,,0.20100278,0.0,0.0,0.0,179.01
9,12,7,0,,,,0.30485,0.0,0.0,0.0,546.81
9,13,7,0,,,,0.7119222,0.0,0.0,0.0,240.93
9,14,7,0,,,,1.602,0.0,0.0,0.0,621.13
9,15,7,0,,,,4.679328,0.0,0.0,0.0,101.72
9,16,7,0,,,,4.9465,0.0,0.0,0.0,392.67
9,17,7,0,,,,4.7955165,0.0,0.0,0.0,103.26
9,18,7,0,,,,5.2818666,0.0,0.0,0.0,66.18
9,19,7,0,,,,3.6765916,0.0,0.0,0.0,0.0
9,20,7,0,,,,2.1884167,0.0,0.0,0.0,0.0
9,21,7,0,,,,1.7951306,0.0,0.0,0.0,0.0
9,22,7,0,,,,1.48985,0.0,0.0,0.0,0.0
9,23,7,0,,,,1.4478889,0.0,0.0,0.0,0.0
9,24,7,0,,,,1.3800583,0.0,0.0,0.0,0.0
9,1,1,0,,,,1.3269278,0.0,0.0,0.0,0.0
9,2,1,0,,,,1.1394666,0.0,0.0,0.0,0.0
9,3,1,0,,,,0.64128333,0.0,0.0,0.0,0.0
9,4,1,0,,,,0.77215,0.0,0.0,0.0,0.0
9,5,1,0,,,,0.46720555,0.0,0.0,0.0,0.0
9,6,1,0,,,,0.7952333,0.0,0.0,0.0,0.0
9,7,1,0,,,,0.6046944,0.0,0.0,0.0,5.75
9,8,1,0,,,,0.44606668,0.0,0.0,0.0,71.78
9,9,1,0,,,,0.84978336,0.0,0.0,0.0,356.55
9,10,1,0,,,,0.86035,0.0,0.0,0.0,526.84
9,11,1,0,,,,0.89536667,0.0,0.0,0.0,560.03
9,12,1,0,,,,0.9904,0.0,0.0,0.0,348.54
9,13,1,0,,,,0.9946667,0.0,0.0,0.0,240.91
9,14,1,0,,,,1.0179,0.0,0.0,0.0,289.58
9,15,1,0,,,,1.4347111,0.0,0.0,0.0,429.3
9,16,1,0,,,,3.6091332,0.0,0.0,0.0,290.98
9,17,1,0,,,,0.89956665,0.0,0.0,0.0,260.67
9,18,1,0,,,,0.87588334,0.0,0.0,0.0,62.16
9,19,1,0,,,,1.0515584,0.0,0.0,0.0,0.0
9,20,1,0,,,,1.4761167,0.0,0.0,0.0,0.0
9,21,1,0,,,,0.7331028,0.0,0.0,0.0,0.0
9,22,1,0,,,,3.8644583,0.0,0.0,0.0,0.0
9,23,1,0,,,,4.4303665,0.0,0.0,0.0,0.0
9,24,1,0,,,,3.657425,0.0,0.0,0.0,0.0
9,1,2,0,,,,0.7565333,0.0,0.0,0.0,0.0
9,2,2,0,,,,0.46780556,0.0,0.0,0.0,0.0
9,3,2,0,,,,0.68441665,0.0,0.0,0.0,0.0
9,4,2,0,,,,0.4298611,0.0,0.0,0.0,0.0
9,5,2,0,,,,0.72823334,0.0,0.0,0.0,0.0
9,6,2,0,,,,0.83853334,0.0,0.0,0.0,0.0
9,7,2,0,,,,0.49855554,0.0,0.0,0.0,0.0
9,8,2,0,,,,0.45943335,0.0,0.0,0.0,26.79
9,9,2,0,,,,0.3917,0.0,0.0,0.0,121.4
9,10,2,0,,,,0.43461666,0.0,0.0,0.0,226.42
9,11,2,0,,,,0.74569446,0.0,0.0,0.0,372.58
9,12,2,0,,,,0.4624,0.0,0.0,0.0,447.1
9,13,2,0,,,,0.7843,0.0,0.0,0.0,595.9
9,14,2,0,,,,0.9126833,0.0,0.0,0.0,158.7
9,15,2,0,,,,0.4851389,0.0,0.0,0.0,46.22
9,16,2,0,,,,0.778,0.0,0.0,0.0,78.32
9,17,2,0,,,,0.7366222,0.0,0.0,0.0,138.78
9,18,2,0,,,,0.62563336,0.0,0.0,0.0,31.03
9,19,2,0,,,,0.8372889,0.0,0.0,0.0,0.0
9,20,2,0,,,,0.736,0.0,0.0,0.0,0.0
9,21,2,0,,,,2.039011,0.0,0.0,0.0,0.0
9,22,2,0,,,,0.58025,0.0,0.0,0.0,0.0
9,23,2,0,,,,0.5811222,0.0,0.0,0.0,0.0
9,24,2,0,,,,0.5223,0.0,0.0,0.0,0.0
9,1,3,0,,,,0.27426666,0.0,0.0,0.0,0.0
9,2,3,0,,,,0.25113332,0.0,0.0,0.0,0.0
9,3,3,0,,,,0.76105,0.0,0.0,0.0,0.0
9,4,3,0,,,,0.20256667,0.0,0.0,0.0,0.0
9,5,3,0,,,,0.4096111,0.0,0.0,0.0,0.0
9,6,3,0,,,,0.61088336,0.0,0.0,0.0,0.0
9,7,3,0,,,,0.44476667,0.0,0.0,0.0,1.17
9,8,3,0,,,,0.26675,0.0,0.0,0.0,123.54
9,9,3,0,,,,0.27209446,0.0,0.0,0.0,417.59
9,10,3,0,,,,0.27221668,0.0,0.0,0.0,577.66
9,11,3,0,,,,0.21161667,0.0,0.0,0.0,658.48
9,12,3,0,,,,0.20486666,0.0,0.0,0.0,756.22
9,13,3,0,,,,0.20496666,0.0,0.0,0.0,775.81
9,14,3,0,,,,0.2031,0.0,0.0,0.0,700.16
9,15,3,0,,,,0.45296112,0.0,0.0,0.0,350.85
9,16,3,0,,,,0.7154833,0.0,0.0,0.0,64.23
9,17,3,0,,,,3.8271277,0.0,0.0,0.0,49.59
9,18,3,0,,,,2.2106,0.0,0.0,0.0,24.54
9,19,3,0,,,,0.43396667,0.0,0.0,0.0,0.0
9,20,3,0,,,,0.50100833,0.0,0.0,0.0,0.0
9,21,3,0,,,,0.55488336,0.0,0.0,0.0,0.0
9,22,3,0,,,,0.5722833,0.0,0.0,0.0,0.0
9,23,3,0,,,,0.9708722,0.0,0.0,0.0,0.0
9,24,3,0,,,,0.65544164,0.0,0.0,0.0,0.0
9,1,4,0,,,,0.57255554,0.0,0.0,0.0,0.0
9,2,4,0,,,,0.45031667,0.0,0.0,0.0,0.0
9,3,4,0,,,,0.29514444,0.0,0.0,0.0,0.0
9,4,4,0,,,,0.21305,0.0,0.0,0.0,0.0
9,5,4,0,,,,0.20447223,0.0,0.0,0.0,0.0
9,6,4,0,,,,0.46878332,0.0,0.0,0.0,0.0
9,7,4,0,,,,0.29014444,0.0,0.0,0.0,0.0
9,8,4,0,,,,0.19725,0.0,0.0,0.0,25.38
9,9,4,0,,,,0.20052777,0.0,0.0,0.0,57.71
9,10,4,0,,,,0.20121667,0.0,0.0,0.0,90.7
9,11,4,0,,,,0.20422779,0.0,0.0,0.0,121.06
9,12,4,0,,,,0.20283334,0.0,0.0,0.0,180.22
9,13,4,0,,,,0.20306112,0.0,0.0,0.0,69.67
9,14,4,0,,,,0.20326667,0.0,0.0,0.0,293.18
9,15,4,0,,,,3.0446944,0.0,0.0,0.0,293.49
9,16,4,0,,,,3.6187167,0.0,0.0,0.0,310.96
9,17,4,0,,,,3.6021528,0.0,0.0,0.0,201.65
9,18,4,0,,,,2.9192166,0.0,0.0,0.0,45.19
9,19,4,0,,,,0.1963,0.0,0.0,0.0,0.0
9,20,4,0,,,,0.38231668,0.0,0.0,0.0,0.0
9,21,4,0,,,,0.55848336,0.0,0.0,0.0,0.0
9,22,4,0,,,,0.9284833,0.0,0.0,0.0,0.0
9,23,4,0,,,,0.8995611,0.0,0.0,0.0,0.0
9,24,4,0,,,,0.71811664,0.0,0.0,0.0,0.0
9,1,5,0,,,,0.72876114,0.0,0.0,0.0,0.0
9,2,5,0,,,,0.7181,0.0,0.0,0.0,0.0
9,3,5,0,,,,0.9969556,0.0,0.0,0.0,0.0
9,4,5,0,,,,0.9419,0.0,0.0,0.0,0.0
9,5,5,0,,,,1.1507,0.0,0.0,0.0,0.0
9,6,5,0,,,,1.1238834,0.0,0.0,0.0,0.0
9,7,5,0,,,,3.26585,0.0,0.0,0.0,0.0
9,8,5,0,,,,4.5863166,0.0,0.0,0.0,26.67
9,9,5,0,,,,4.1265554,0.0,0.0,0.0,76.42
9,10,5,0,,,,4.01055,0.0,0.0,0.0,307.88
9,11,5,0,,,,0.7164556,0.0,0.0,0.0,482.41
9,12,5,0,,,,0.5825833,0.0,0.0,0.0,707.2
9,13,5,0,,,,0.22722778,0.0,0.0,0.0,764.12
9,14,5,0,,,,0.22331111,0.0,0.0,0.0,690.11
9,15,5,0,,,,0.22668333,0.0,0.0,0.0,547.95
9,16,5,0,,,,0.24508333,0.0,0.0,0.0,426.19
9,17,5,0,,,,0.36161667,0.0,0.0,0.0,236.65
9,18,5,0,,,,2.6739166,0.0,0.0,0.0,46.17
9,19,5,0,,,,0.4367,0.0,0.0,0.0,0.0
9,20,5,0,,,,0.5505667,0.0,0.0,0.0,0.0
9,21,5,0,,,,1.9211333,0.0,0.0,0.0,0.0
9,22,5,0,,,,1.4560333,0.0,0.0,0.0,0.0
9,23,5,0,,,,0.65483886,0.0,0.0,0.0,0.0
9,24,5,0,,,,0.51789165,0.0,0.0,0.0,0.0
9,1,6,0,,,,0.7693889,0.0,0.0,0.0,0.0
9,2,6,0,,,,0.58781666,0.0,0.0,0.0,0.0
9,3,6,0,,,,0.34957778,0.0,0.0,0.0,0.0
9,4,6,0,,,,0.34756666,0.0,0.0,0.0,0.0
9,5,6,0,,,,0.6558722,0.0,0.0,0.0,0.0
9,6,6,0,,,,1.09505,0.0,0.0,0.0,0.0
9,7,6,0,,,,4.0027165,0.0,0.0,0.0,5.67
9,8,6,0,,,,3.6252167,0.0,0.0,0.0,199.07
9,9,6,0,,,,3.6256166,0.0,0.0,0.0,430.43
9,10,6,0,,,,1.6528667,0.0,0.0,0.0,598.82
9,11,6,0,,,,0.21938333,0.0,0.0,0.0,703.61
9,12,6,0,,,,0.21656667,0.0,0.0,0.0,756.32
9,13,6,0,,,,0.21386111,0.0,0.0,0.0,747.81
9,14,6,0,,,,0.48103333,0.0,0.0,0.0,634.34
9,15,6,0,,,,0.91386664,0.0,0.0,0.0,554.24
9,16,6,0,,,,0.57881665,0.0,0.0,0.0,433.91
9,17,6,0,,,,0.5913944,0.0,0.0,0.0,234.51
9,18,6,0,,,,0.20591667,0.0,0.0,0.0,41.22
9,19,6,0,,,,0.20538889,0.0,0.0,0.0,0.0
9,20,6,0,,,,0.20573333,0.0,0.0,0.0,0.0
9,21,6,0,,,,0.5714778,0.0,0.0,0.0,0.0
9,22,6,0,,,,0.77996665,0.0,0.0,0.0,0.0
9,23,6,0,,,,0.75290555,0.0,0.0,0.0,0.0
9,24,6,0,,,,1.3200417,0.0,0.0,0.0,0.0
9,1,7,0,,,,2.2027333,0.0,0.0,0.0,0.0
9,2,7,0,,,,1.9536834,0.0,0.0,0.0,0.0
9,3,7,0,,,,1.5615222,0.0,0.0,0.0,0.0
9,4,7,0,,,,1.3572834,0.0,0.0,0.0,0.0
9,5,7,0,,,,1.0000612,0.0,0.0,0.0,0.0
9,6,7,0,,,,0.63817,0.0,0.0,0.0,0.0
9,7,7,0,,,,1.8546333,0.0,0.0,0.0,0.0
9,8,7,0,,,,3.8535333,0.0,0.0,0.0,86.08
9,9,7,0,,,,3.8121555,0.0,0.0,0.0,302.08
9,10,7,0,,,,3.7632167,0.0,0.0,0.0,302.25
9,11,7,0,,,,0.7778389,0.0,0.0,0.0,190.39
9,12,7,0,,,,0.22065,0.0,0.0,0.0,522.38
9,13,7,0,,,,0.22116667,0.0,0.0,0.0,281.39
9,14,7,0,,,,0.21821667,0.0,0.0,0.0,167.7
9,15,7,0,,,,0.21832222,0.0,0.0,0.0,164.79
9,16,7,0,,,,0.2456,0.0,0.0,0.0,17.33
9,17,7,0,,,,1.0107445,0.0,0.0,0.0,6.07
9,18,7,0,,,,1.74775,0.0,0.0,0.0,25.0
9,19,7,0,,,,1.0347611,0.0,0.0,0.0,0.0
9,20,7,0,,,,3.90975,0.0,0.0,0.0,0.0
9,21,7,0,,,,2.1546333,0.0,0.0,0.0,0.0
9,22,7,0,,,,0.8699333,0.0,0.0,0.0,0.0
9,23,7,0,,,,0.5621333,0.0,0.0,0.0,0.0
9,24,7,0,,,,0.825725,0.0,0.0,0.0,0.0
9,1,1,0,,,,2.0136,0.0,0.0,0.0,0.0
9,2,1,0,,,,0.55605,0.0,0.0,0.0,0.0
9,3,1,0,,,,0.21293333,0.0,0.0,0.0,0.0
9,4,1,0,,,,0.20986667,0.0,0.0,0.0,0.0
9,5,1,0,,,,0.43715554,0.0,0.0,0.0,0.0
9,6,1,0,,,,0.6506,0.0,0.0,0.0,0.0
9,7,1,0,,,,0.25469443,0.0,0.0,0.0,0.0
9,8,1,0,,,,0.20268333,0.0,0.0,0.0,13.0
9,9,1,0,,,,0.20483333,0.0,0.0,0.0,33.24
9,10,1,0,,,,0.20573333,0.0,0.0,0.0,95.16
9,11,1,0,,,,0.20876667,0.0,0.0,0.0,126.57
9,12,1,0,,,,0.1994,0.0,0.0,0.0,138.28
9,13,1,0,,,,0.20691666,0.0,0.0,0.0,83.28
9,14,1,0,,,,0.30726665,0.0,0.0,0.0,69.15
9,15,1,0,,,,0.25444445,0.0,0.0,0.0,30.73
9,16,1,0,,,,5.5011334,0.0,0.0,0.0,13.8
9,17,1,0,,,,6.105639,0.0,0.0,0.0,8.06
9,18,1,0,,,,2.77795,0.0,0.0,0.0,0.0
9,19,1,0,,,,4.6331,0.0,0.0,0.0,0.0
9,20,1,0,,,,5.5849166,0.0,0.0,0.0,0.0
9,21,1,0,,,,2.2710333,0.0,0.0,0.0,0.0
9,22,1,0,,,,0.65611666,0.0,0.0,0.0,0.0
9,23,1,0,,,,0.37071666,0.0,0.0,0.0,0.0
9,24,1,0,,,,0.21879166,0.0,0.0,0.0,0.0
9,1,2,0,,,,0.20631666,0.0,0.0,0.0,0.0
9,2,2,0,,,,0.98355,0.0,0.0,0.0,0.0
9,3,2,0,,,,0.22315556,0.0,0.0,0.0,0.0
9,4,2,0,,,,0.20441666,0.0,0.0,0.0,0.0
9,5,2,0,,,,0.37901112,0.0,0.0,0.0,0.0
9,6,2,0,,,,0.6156,0.0,0.0,0.0,0.0
9,7,2,0,,,,0.33168334,0.0,0.0,0.0,0.0
9,8,2,0,,,,0.38401666,0.0,0.0,0.0,17.19
9,9,2,0,,,,0.22091667,0.0,0.0,0.0,38.95
9,10,2,0,,,,0.43121666,0.0,0.0,0.0,66.71
9,11,2,0,,,,0.4466,0.0,0.0,0.0,91.91
9,12,2,0,,,,0.9524,0.0,0.0,0.0,75.06
9,13,2,0,,,,1.6437,0.0,0.0,0.0,59.21
9,14,2,0,,,,1.1068277,0.0,0.0,0.0,45.23
9,15,2,0,,,,1.5557333,0.0,0.0,0.0,30.32
9,16,2,0,,,,1.07375,0.0,0.0,0.0,33.22
9,17,2,0,,,,1.3446333,0.0,0.0,0.0,15.57
9,18,2,0,,,,3.8880277,0.0,0.0,0.0,4.01
9,19,2,0,,,,6.40245,0.0,0.0,0.0,0.0
9,20,2,0,,,,5.1260667,0.0,0.0,0.0,0.0
9,21,2,0,,,,1.6415334,0.0,0.0,0.0,0.0
9,22,2,0,,,,1.1779222,0.0,0.0,0.0,0.0
9,23,2,0,,,,0.61871666,0.0,0.0,0.0,0.0
9,24,2,0,,,,0.7461,0.0,0.0,0.0,0.0
9,1,3,0,,,,0.77095,0.0,0.0,0.0,0.0
9,2,3,0,,,,0.43396112,0.0,0.0,0.0,0.0
9,3,3,0,,,,0.77141666,0.0,0.0,0.0,0.0
9,4,3,0,,,,0.4011,0.0,0.0,0.0,0.0
9,5,3,0,,,,0.56376666,0.0,0.0,0.0,0.0
9,6,3,0,,,,0.81663334,0.0,0.0,0.0,0.0
9,7,3,0,,,,0.3352,0.0,0.0,0.0,0.0
9,8,3,0,,,,0.45075,0.0,0.0,0.0,20.66
9,9,3,0,,,,0.5645,0.0,0.0,0.0,170.37
9,10,3,0,,,,0.45085832,0.0,0.0,0.0,533.29
9,11,3,0,,,,0.7298333,0.0,0.0,0.0,583.05
9,12,3,0,,,,0.8066389,0.0,0.0,0.0,672.18
9,13,3,0,,,,0.89086664,0.0,0.0,0.0,697.42
9,14,3,0,,,,0.9195778,0.0,0.0,0.0,390.29
9,15,3,0,,,,1.7197167,0.0,0.0,0.0,211.31
9,16,3,0,,,,2.0803666,0.0,0.0,0.0,81.01
9,17,3,0,,,,1.8806334,0.0,0.0,0.0,81.15
9,18,3,0,,,,3.5104167,0.0,0.0,0.0,8.74
9,19,3,0,,,,1.0249112,0.0,0.0,0.0,0.0
9,20,3,0,,,,1.5080167,0.0,0.0,0.0,0.0
9,21,3,0,,,,1.1533778,0.0,0.0,0.0,0.0
9,22,3,0,,,,1.1079333,0.0,0.0,0.0,0.0
9,23,3,0,,,,0.7524667,0.0,0.0,0.0,0.0
9,24,3,0,,,,1.2747583,0.0,0.0,0.0,0.0
9,1,4,0,,,,0.92053336,0.0,0.0,0.0,0.0
9,2,4,0,,,,0.52538335,0.0,0.0,0.0,0.0
9,3,4,0,,,,0.5009611,0.0,0.0,0.0,0.0
9,4,4,0,,,,0.53455,0.0,0.0,0.0,0.0
9,5,4,0,,,,0.8207,0.0,0.0,0.0,0.0
9,6,4,0,,,,0.6826,0.0,0.0,0.0,0.0
9,7,4,0,,,,0.42767778,0.0,0.0,0.0,0.0
9,8,4,0,,,,0.40278333,0.0,0.0,0.0,25.3
9,9,4,0,,,,0.3813389,0.0,0.0,0.0,193.94
9,10,4,0,,,,0.6982,0.0,0.0,0.0,138.42
9,11,4,0,,,,0.7812611,0.0,0.0,0.0,255.02
9,12,4,0,,,,0.83713335,0.0,0.0,0.0,351.88
9,13,4,0,,,,0.92443335,0.0,0.0,0.0,556.18
9,14,4,0,,,,0.9924667,0.0,0.0,0.0,394.74
9,15,4,0,,,,5.0880775,0.0,0.0,0.0,365.55
9,16,4,0,,,,5.32085,0.0,0.0,0.0,281.16
9,17,4,0,,,,4.966789,0.0,0.0,0.0,157.97
9,18,4,0,,,,3.4384334,0.0,0.0,0.0,8.15
9,19,4,0,,,,1.1115777,0.0,0.0,0.0,0.0
9,20,4,0,,,,1.1127833,0.0,0.0,0.0,0.0
9,21,4,0,,,,1.2137333,0.0,0.0,0.0,0.0
9,22,4,0,,,,0.74331665,0.0,0.0,0.0,0.0
9,23,4,0,,,,1.1361166,0.0,0.0,0.0,0.0
9,24,4,0,,,,0.8628833,0.0,0.0,0.0,0.0
9,1,5,0,,,,0.744,0.0,0.0,0.0,0.0
9,2,5,0,,,,0.50011665,0.0,0.0,0.0,0.0
9,3,5,0,,,,0.46851668,0.0,0.0,0.0,0.0
9,4,5,0,,,,0.22241667,0.0,0.0,0.0,0.0
9,5,5,0,,,,0.39281112,0.0,0.0,0.0,0.0
9,6,5,0,,,,0.52758336,0.0,0.0,0.0,0.0
9,7,5,0,,,,3.1532779,0.0,0.0,0.0,0.0
9,8,5,0,,,,3.87605,0.0,0.0,0.0,65.96
9,9,5,0,,,,3.8300445,0.0,0.0,0.0,270.75
9,10,5,0,,,,3.6888666,0.0,0.0,0.0,122.3
9,11,5,0,,,,0.73558336,0.0,0.0,0.0,136.97
9,12,5,0,,,,0.79613334,0.0,0.0,0.0,156.26
9,13,5,0,,,,0.88338333,0.0,0.0,0.0,266.71
9,14,5,0,,,,1.3330667,0.0,0.0,0.0,306.09
9,15,5,0,,,,1.5060722,0.0,0.0,0.0,119.28
9,16,5,0,,,,1.8847,0.0,0.0,0.0,48.76
9,17,5,0,,,,2.144375,0.0,0.0,0.0,16.92
9,18,5,0,,,,3.2005167,0.0,0.0,0.0,6.89
9,19,5,0,,,,3.9375334,0.0,0.0,0.0,0.0
9,20,5,0,,,,0.8663,0.0,0.0,0.0,0.0
9,21,5,0,,,,1.09705,0.0,0.0,0.0,0.0
9,22,5,0,,,,0.2338889,0.0,0.0,0.0,0.0
9,23,5,0,,,,0.23678334,0.0,0.0,0.0,0.0
9,24,5,0,,,,0.23580278,0.0,0.0,0.0,0.0
10,1,6,0,,,,0.24025,0.0,0.0,0.0,0.0
10,2,6,0,,,,0.23895,0.0,0.0,0.0,0.0
10,3,6,0,,,,0.24395,0.0,0.0,0.0,0.0
10,4,6,0,,,,0.29578334,0.0,0.0,0.0,0.0
10,5,6,0,,,,0.27817777,0.0,0.0,0.0,0.0
10,6,6,0,,,,0.27073333,0.0,0.0,0.0,0.0
10,7,6,0,,,,3.2386167,0.0,0.0,0.0,0.0
10,8,6,0,,,,3.6135,0.0,0.0,0.0,50.37
10,9,6,0,,,,3.6112168,0.0,0.0,0.0,96.3
10,10,6,0,,,,2.72475,0.0,0.0,0.0,127.46
10,11,6,0,,,,0.21807778,0.0,0.0,0.0,195.39
10,12,6,0,,,,0.33868334,0.0,0.0,0.0,173.02
10,13,6,0,,,,0.54118335,0.0,0.0,0.0,419.71
10,14,6,0,,,,0.20126666,0.0,0.0,0.0,531.01
10,15,6,0,,,,1.0461278,0.0,0.0,0.0,112.98
10,16,6,0,,,,0.900325,0.0,0.0,0.0,326.63
10,17,6,0,,,,1.0424666,0.0,0.0,0.0,208.36
10,18,6,0,,,,0.7064667,0.0,0.0,0.0,5.5
10,19,6,0,,,,0.9626833,0.0,0.0,0.0,0.0
10,20,6,0,,,,0.5642833,0.0,0.0,0.0,0.0
10,21,6,0,,,,0.42880556,0.0,0.0,0.0,0.0
10,22,6,0,,,,0.5082333,0.0,0.0,0.0,0.0
10,23,6,0,,,,1.3452389,0.0,0.0,0.0,0.0
10,24,6,0,,,,0.52746665,0.0,0.0,0.0,0.0
10,1,7,0,,,,0.52498335,0.0,0.0,0.0,0.0
10,2,7,0,,,,0.5265333,0.0,0.0,0.0,0.0
10,3,7,0,,,,0.49635,0.0,0.0,0.0,0.0
10,4,7,0,,,,0.30966666,0.0,0.0,0.0,0.0
10,5,7,0,,,,0.24965,0.0,0.0,0.0,0.0
10,6,7,0,,,,0.2489,0.0,0.0,0.0,0.0
10,7,7,0,,,,3.1292167,0.0,0.0,0.0,0.0
10,8,7,0,,,,3.7982,0.0,0.0,0.0,172.47
10,9,7,0,,,,3.7259834,0.0,0.0,0.0,391.49
10,10,7,0,,,,2.8983667,0.0,0.0,0.0,565.22
10,11,7,0,,,,0.25801668,0.0,0.0,0.0,679.34
10,12,7,0,,,,0.32806668,0.0,0.0,0.0,728.94
10,13,7,0,,,,0.5136667,0.0,0.0,0.0,718.99
10,14,7,0,,,,1.18695,0.0,0.0,0.0,654.68
10,15,7,0,,,,1.6604583,0.0,0.0,0.0,513.91
10,16,7,0,,,,1.05,0.0,0.0,0.0,383.48
10,17,7,0,,,,1.7090222,0.0,0.0,0.0,179.62
10,18,7,0,,,,1.8873,0.0,0.0,0.0,3.85
10,19,7,0,,,,1.0125667,0.0,0.0,0.0,0.0
10,20,7,0,,,,1.4015334,0.0,0.0,0.0,0.0
10,21,7,0,,,,4.2183723,0.0,0.0,0.0,0.0
10,22,7,0,,,,4.0466833,0.0,0.0,0.0,0.0
10,23,7,0,,,,3.43365,0.0,0.0,0.0,0.0
10,24,7,0,,,,0.8513833,0.0,0.0,0.0,0.0
10,1,1,0,,,,0.8939,0.0,0.0,0.0,0.0
10,2,1,0,,,,0.78936666,0.0,0.0,0.0,0.0
10,3,1,0,,,,0.7208222,0.0,0.0,0.0,0.0
10,4,1,0,,,,1.09015,0.0,0.0,0.0,0.0
10,5,1,0,,,,0.7636389,0.0,0.0,0.0,0.0
10,6,1,0,,,,1.5427834,0.0,0.0,0.0,0.0
10,7,1,0,,,,3.51085,0.0,0.0,0.0,0.0
10,8,1,0,,,,4.36605,0.0,0.0,0.0,52.49
10,9,1,0,,,,4.091772,0.0,0.0,0.0,150.52
10,10,1,0,,,,2.9595,0.0,0.0,0.0,222.14
10,11,1,0,,,,0.6369333,0.0,0.0,0.0,584.08
10,12,1,0,,,,0.62261665,0.0,0.0,0.0,654.72
10,13,1,0,,,,0.2047889,0.0,0.0,0.0,689.95
10,14,1,0,,,,0.20361666,0.0,0.0,0.0,648.48
10,15,1,0,,,,0.2556778,0.0,0.0,0.0,516.37
10,16,1,0,,,,1.1575834,0.0,0.0,0.0,225.79
10,17,1,0,,,,0.19803445,0.0,0.0,0.0,173.69
10,18,1,0,,,,0.20081666,0.0,0.0,0.0,3.33
10,19,1,0,,,,0.5664167,0.0,0.0,0.0,0.0
10,20,1,0,,,,0.61408335,0.0,0.0,0.0,0.0
10,21,1,0,,,,0.88313335,0.0,0.0,0.0,0.0
10,22,1,0,,,,1.657925,0.0,0.0,0.0,0.0
10,23,1,0,,,,1.68725,0.0,0.0,0.0,0.0
10,24,1,0,,,,1.2451583,0.0,0.0,0.0,0.0
10,1,2,0,,,,0.84144443,0.0,0.0,0.0,0.0
10,2,2,0,,,,0.3376,0.0,0.0,0.0,0.0
10,3,2,0,,,,0.26505557,0.0,0.0,0.0,0.0
10,4,2,0,,,,0.2568,0.0,0.0,0.0,0.0
10,5,2,0,,,,0.30367777,0.0,0.0,0.0,0.0
10,6,2,0,,,,0.62651664,0.0,0.0,0.0,0.0
10,7,2,0,,,,3.8530722,0.0,0.0,0.0,0.0
10,8,2,0,,,,3.6606,0.0,0.0,0.0,9.35
10,9,2,0,,,,3.6525555,0.0,0.0,0.0,48.36
10,10,2,0,,,,2.13165,0.0,0.0,0.0,131.92
10,11,2,0,,,,0.2481611,0.0,0.0,0.0,135.9
10,12,2,0,,,,0.24641667,0.0,0.0,0.0,157.64
10,13,2,0,,,,0.24691667,0.0,0.0,0.0,285.53
10,14,2,0,,,,0.20693333,0.0,0.0,0.0,249.81
10,15,2,0,,,,0.20075,0.0,0.0,0.0,153.11
10,16,2,0,,,,0.3402,0.0,0.0,0.0,48.65
10,17,2,0,,,,0.96925,0.0,0.0,0.0,23.33
10,18,2,0,,,,0.2483389,0.0,0.0,0.0,0.0
10,19,2,0,,,,0.23016667,0.0,0.0,0.0,0.0
10,20,2,0,,,,0.37877223,0.0,0.0,0.0,0.0
10,21,2,0,,,,0.32948333,0.0,0.0,0.0,0.0
10,22,2,0,,,,1.3839667,0.0,0.0,0.0,0.0
10,23,2,0,,,,3.9178,0.0,0.0,0.0,0.0
10,24,2,0,,,,3.7017221,0.0,0.0,0.0,0.0
10,1,3,0,,,,3.7197,0.0,0.0,0.0,0.0
10,2,3,0,,,,1.3069,0.0,0.0,0.0,0.0
10,3,3,0,,,,0.25561666,0.0,0.0,0.0,0.0
10,4,3,0,,,,0.25008333,0.0,0.0,0.0,0.0
10,5,3,0,,,,0.36646667,0.0,0.0,0.0,0.0
10,6,3,0,,,,0.68707776,0.0,0.0,0.0,0.0
10,7,3,0,,,,0.57346666,0.0,0.0,0.0,0.0
10,8,3,0,,,,0.25355557,0.0,0.0,0.0,6.97
10,9,3,0,,,,0.25393334,0.0,0.0,0.0,88.99
10,10,3,0,,,,0.25607777,0.0,0.0,0.0,214.96
10,11,3,0,,,,0.25581667,0.0,0.0,0.0,228.66
10,12,3,0,,,,0.25878334,0.0,0.0,0.0,184.34
10,13,3,0,,,,0.26194167,0.0,0.0,0.0,115.39
10,14,3,0,,,,0.26035,0.0,0.0,0.0,188.08
10,15,3,0,,,,0.2578611,0.0,0.0,0.0,42.57
10,16,3,0,,,,0.24946667,0.0,0.0,0.0,81.2
10,17,3,0,,,,1.3068833,0.0,0.0,0.0,78.79
10,18,3,0,,,,0.5553833,0.0,0.0,0.0,0.0
10,19,3,0,,,,0.61618334,0.0,0.0,0.0,0.0
10,20,3,0,,,,1.3635,0.0,0.0,0.0,0.0
10,21,3,0,,,,1.2401667,0.0,0.0,0.0,0.0
10,22,3,0,,,,0.70455,0.0,0.0,0.0,0.0
10,23,3,0,,,,0.96468335,0.0,0.0,0.0,0.0
10,24,3,0,,,,0.6458167,0.0,0.0,0.0,0.0
10,1,4,0,,,,0.61541665,0.0,0.0,0.0,0.0
10,2,4,0,,,,0.24508333,0.0,0.0,0.0,0.0
10,3,4,0,,,,0.34188333,0.0,0.0,0.0,0.0
10,4,4,0,,,,0.43558332,0.0,0.0,0.0,0.0
10,5,4,0,,,,0.55106664,0.0,0.0,0.0,0.0
10,6,4,0,,,,0.7359333,0.0,0.0,0.0,0.0
10,7,4,0,,,,0.43175,0.0,0.0,0.0,0.0
10,8,4,0,,,,0.25393334,0.0,0.0,0.0,49.62
10,9,4,0,,,,0.2579,0.0,0.0,0.0,59.34
10,10,4,0,,,,0.25283334,0.0,0.0,0.0,295.7
10,11,4,0,,,,0.25455,0.0,0.0,0.0,435.19
10,12,4,0,,,,0.24236667,0.0,0.0,0.0,385.39
10,13,4,0,,,,0.21185,0.0,0.0,0.0,458.96
10,14,4,0,,,,0.21003333,0.0,0.0,0.0,66.45
10,15,4,0,,,,0.39195555,0.0,0.0,0.0,48.39
10,16,4,0,,,,1.0372666,0.0,0.0,0.0,130.51
10,17,4,0,,,,0.73854446,0.0,0.0,0.0,56.86
10,18,4,0,,,,0.9702833,0.0,0.0,0.0,0.0
10,19,4,0,,,,4.9811335,0.0,0.0,0.0,0.0
10,20,4,0,,,,3.2525666,0.0,0.0,0.0,0.0
10,21,4,0,,,,0.515275,0.0,0.0,0.0,0.0
10,22,4,0,,,,0.95313334,0.0,0.0,0.0,0.0
10,23,4,0,,,,3.885239,0.0,0.0,0.0,0.0
10,24,4,0,,,,5.8171916,0.0,0.0,0.0,0.0
10,1,5,0,,,,3.638289,0.0,0.0,0.0,0.0
10,2,5,0,,,,2.2242334,0.0,0.0,0.0,0.0
10,3,5,0,,,,0.21321666,0.0,0.0,0.0,0.0
10,4,5,0,,,,0.20833333,0.0,0.0,0.0,0.0
10,5,5,0,,,,0.2308,0.0,0.0,0.0,0.0
10,6,5,0,,,,0.62661666,0.0,0.0,0.0,0.0
10,7,5,0,,,,0.62795,0.0,0.0,0.0,0.0
10,8,5,0,,,,0.24026667,0.0,0.0,0.0,146.36
10,9,5,0,,,,0.21408333,0.0,0.0,0.0,398.4
10,10,5,0,,,,0.21088333,0.0,0.0,0.0,576.24
10,11,5,0,,,,0.21241666,0.0,0.0,0.0,567.32
10,12,5,0,,,,0.31691667,0.0,0.0,0.0,298.56
10,13,5,0,,,,0.81563336,0.0,0.0,0.0,87.98
10,14,5,0,,,,0.80903333,0.0,0.0,0.0,105.09
10,15,5,0,,,,0.28360835,0.0,0.0,0.0,21.1
10,16,5,0,,,,0.30739167,0.0,0.0,0.0,80.85
10,17,5,0,,,,0.27418333,0.0,0.0,0.0,22.54
10,18,5,0,,,,0.83995,0.0,0.0,0.0,0.0
10,19,5,0,,,,3.3370278,0.0,0.0,0.0,0.0
10,20,5,0,,,,0.7038,0.0,0.0,0.0,0.0
10,21,5,0,,,,1.0155222,0.0,0.0,0.0,0.0
10,22,5,0,,,,0.58286667,0.0,0.0,0.0,0.0
10,23,5,0,,,,0.36904445,0.0,0.0,0.0,0.0
10,24,5,0,,,,0.35516667,0.0,0.0,0.0,0.0
10,1,6,0,,,,0.3531,0.0,0.0,0.0,0.0
10,2,6,0,,,,0.36066666,0.0,0.0,0.0,0.0
10,3,6,0,,,,0.3472,0.0,0.0,0.0,0.0
10,4,6,0,,,,0.40253332,0.0,0.0,0.0,0.0
10,5,6,0,,,,0.53619444,0.0,0.0,0.0,0.0
10,6,6,0,,,,0.7086667,0.0,0.0,0.0,0.0
10,7,6,0,,,,0.74260557,0.0,0.0,0.0,0.0
10,8,6,0,,,,0.23873334,0.0,0.0,0.0,158.22
10,9,6,0,,,,0.22622222,0.0,0.0,0.0,379.61
10,10,6,0,,,,0.21996666,0.0,0.0,0.0,584.66
10,11,6,0,,,,0.21666667,0.0,0.0,0.0,692.53
10,12,6,0,,,,0.21175,0.0,0.0,0.0,739.81
10,13,6,0,,,,0.20552778,0.0,0.0,0.0,731.03
10,14,6,0,,,,1.6319667,0.0,0.0,0.0,646.85
10,15,6,0,,,,2.2775888,0.0,0.0,0.0,429.2
10,16,6,0,,,,4.5856833,0.0,0.0,0.0,180.71
10,17,6,0,,,,4.399889,0.0,0.0,0.0,52.06
10,18,6,0,,,,3.9690332,0.0,0.0,0.0,0.0
10,19,6,0,,,,1.993689,0.0,0.0,0.0,0.0
10,20,6,0,,,,1.2512833,0.0,0.0,0.0,0.0
10,21,6,0,,,,0.8601,0.0,0.0,0.0,0.0
10,22,6,0,,,,0.76988333,0.0,0.0,0.0,0.0
10,23,6,0,,,,1.1308666,0.0,0.0,0.0,0.0
10,24,6,0,,,,0.68669164,0.0,0.0,0.0,0.0
10,1,7,0,,,,0.35061666,0.0,0.0,0.0,0.0
10,2,7,0,,,,0.3082,0.0,0.0,0.0,0.0
10,3,7,0,,,,0.2779,0.0,0.0,0.0,0.0
10,4,7,0,,,,0.27845,0.0,0.0,0.0,0.0
10,5,7,0,,,,0.2763,0.0,0.0,0.0,0.0
10,6,7,0,,,,0.2767,0.0,0.0,0.0,0.0
10,7,7,0,,,,2.68995,0.0,0.0,0.0,0.0
10,8,7,0,,,,3.61745,0.0,0.0,0.0,9.46
10,9,7,0,,,,3.6164668,0.0,0.0,0.0,20.25
10,10,7,0,,,,3.1569278,0.0,0.0,0.0,42.59
10,11,7,0,,,,0.25363332,0.0,0.0,0.0,74.0
10,12,7,0,,,,0.2114111,0.0,0.0,0.0,260.71
10,13,7,0,,,,0.20906667,0.0,0.0,0.0,157.12
10,14,7,0,,,,0.20855,0.0,0.0,0.0,252.93
10,15,7,0,,,,2.8783667,0.0,0.0,0.0,176.64
10,16,7,0,,,,3.15225,0.0,0.0,0.0,147.17
10,17,7,0,,,,2.1567333,0.0,0.0,0.0,188.94
10,18,7,0,,,,1.8431667,0.0,0.0,0.0,0.0
10,19,7,0,,,,1.8183167,0.0,0.0,0.0,0.0
10,20,7,0,,,,0.70593333,0.0,0.0,0.0,0.0
10,21,7,0,,,,0.52089167,0.0,0.0,0.0,0.0
10,22,7,0,,,,0.52851665,0.0,0.0,0.0,0.0
10,23,7,0,,,,0.58308333,0.0,0.0,0.0,0.0
10,24,7,0,,,,0.52990836,0.0,0.0,0.0,0.0
10,1,1,0,,,,0.7287056,0.0,0.0,0.0,0.0
10,2,1,0,,,,0.5154167,0.0,0.0,0.0,0.0
10,3,1,0,,,,0.27937222,0.0,0.0,0.0,0.0
10,4,1,0,,,,0.24866667,0.0,0.0,0.0,0.0
10,5,1,0,,,,0.21172222,0.0,0.0,0.0,0.0
10,6,1,0,,,,0.46763334,0.0,0.0,0.0,0.0
10,7,1,0,,,,0.62210554,0.0,0.0,0.0,0.0
10,8,1,0,,,,0.2346,0.0,0.0,0.0,44.1
10,9,1,0,,,,0.22581667,0.0,0.0,0.0,210.86
10,10,1,0,,,,0.22651666,0.0,0.0,0.0,318.61
10,11,1,0,,,,0.2287,0.0,0.0,0.0,67.27
10,12,1,0,,,,0.34633332,0.0,0.0,0.0,138.7
10,13,1,0,,,,0.38807222,0.0,0.0,0.0,575.54
10,14,1,0,,,,0.21743333,0.0,0.0,0.0,439.51
10,15,1,0,,,,0.2142,0.0,0.0,0.0,206.71
10,16,1,0,,,,0.7199,0.0,0.0,0.0,222.25
10,17,1,0,,,,0.7437611,0.0,0.0,0.0,70.73
10,18,1,0,,,,0.20805,0.0,0.0,0.0,0.0
10,19,1,0,,,,0.3026389,0.0,0.0,0.0,0.0
10,20,1,0,,,,0.31588334,0.0,0.0,0.0,0.0
10,21,1,0,,,,0.80398333,0.0,0.0,0.0,0.0
10,22,1,0,,,,1.3556833,0.0,0.0,0.0,0.0
10,23,1,0,,,,1.1328056,0.0,0.0,0.0,0.0
10,24,1,0,,,,0.59850836,0.0,0.0,0.0,0.0
10,1,2,0,,,,0.42844445,0.0,0.0,0.0,0.0
10,2,2,0,,,,0.33741668,0.0,0.0,0.0,0.0
10,3,2,0,,,,0.32024443,0.0,0.0,0.0,0.0
10,4,2,0,,,,0.27606666,0.0,0.0,0.0,0.0
10,5,2,0,,,,0.51244444,0.0,0.0,0.0,0.0
10,6,2,0,,,,0.70953333,0.0,0.0,0.0,0.0
10,7,2,0,,,,2.9093056,0.0,0.0,0.0,0.0
10,8,2,0,,,,3.81985,0.0,0.0,0.0,52.18
10,9,2,0,,,,3.714089,0.0,0.0,0.0,358.0
10,10,2,0,,,,3.2424667,0.0,0.0,0.0,523.13
10,11,2,0,,,,0.26875,0.0,0.0,0.0,174.33
10,12,2,0,,,,0.25381428,0.0,0.0,0.0,285.71
10,13,2,0,,,,0.44083333,0.0,0.0,0.0,600.93
10,14,2,0,,,,0.6474111,0.0,0.0,0.0,64.25
10,15,2,0,,,,0.85425,0.0,0.0,0.0,118.4
10,16,2,0,,,,0.93691665,0.0,0.0,0.0,220.51
10,17,2,0,,,,0.56476665,0.0,0.0,0.0,121.62
10,18,2,0,,,,1.2034278,0.0,0.0,0.0,0.0
10,19,2,0,,,,0.49224168,0.0,0.0,0.0,0.0
10,20,2,0,,,,0.46056667,0.0,0.0,0.0,0.0
10,21,2,0,,,,0.42553332,0.0,0.0,0.0,0.0
10,22,2,0,,,,1.4603,0.0,0.0,0.0,0.0
10,23,2,0,,,,3.8757167,0.0,0.0,0.0,0.0
10,24,2,0,,,,3.81955,0.0,0.0,0.0,0.0
10,1,3,0,,,,0.8455667,0.0,0.0,0.0,0.0
10,2,3,0,,,,0.28673333,0.0,0.0,0.0,0.0
10,3,3,0,,,,0.2547,0.0,0.0,0.0,0.0
10,4,3,0,,,,0.25254443,0.0,0.0,0.0,0.0
10,5,3,0,,,,0.49736667,0.0,0.0,0.0,0.0
10,6,3,0,,,,0.6722889,0.0,0.0,0.0,0.0
10,7,3,0,,,,0.34058332,0.0,0.0,0.0,0.0
10,8,3,0,,,,0.32359445,0.0,0.0,0.0,36.23
10,9,3,0,,,,0.26733333,0.0,0.0,0.0,148.28
10,10,3,0,,,,0.25020555,0.0,0.0,0.0,435.32
10,11,3,0,,,,0.25125,0.0,0.0,0.0,315.93
10,12,3,0,,,,0.25568333,0.0,0.0,0.0,335.89
10,13,3,0,,,,0.25451666,0.0,0.0,0.0,308.81
10,14,3,0,,,,0.25328332,0.0,0.0,0.0,154.6
10,15,3,0,,,,0.25221667,0.0,0.0,0.0,209.12
10,16,3,0,,,,0.4313,0.0,0.0,0.0,134.05
10,17,3,0,,,,0.2068,0.0,0.0,0.0,103.7
10,18,3,0,,,,2.85925,0.0,0.0,0.0,0.0
10,19,3,0,,,,3.6754167,0.0,0.0,0.0,0.0
10,20,3,0,,,,1.5464333,0.0,0.0,0.0,0.0
10,21,3,0,,,,0.75923336,0.0,0.0,0.0,0.0
10,22,3,0,,,,0.8793333,0.0,0.0,0.0,0.0
10,23,3,0,,,,0.6540833,0.0,0.0,0.0,0.0
10,24,3,0,,,,0.6926305,0.0,0.0,0.0,0.0
10,1,4,0,,,,0.7611333,0.0,0.0,0.0,0.0
10,2,4,0,,,,0.6626833,0.0,0.0,0.0,0.0
10,3,4,0,,,,0.32681668,0.0,0.0,0.0,0.0
10,4,4,0,,,,0.31935,0.0,0.0,0.0,0.0
10,5,4,0,,,,0.38375834,0.0,0.0,0.0,0.0
10,6,4,0,,,,0.64376664,0.0,0.0,0.0,0.0
10,7,4,0,,,,0.41668335,0.0,0.0,0.0,0.0
10,8,4,0,,,,0.24966666,0.0,0.0,0.0,114.19
10,9,4,0,,,,0.2786,0.0,0.0,0.0,350.64
10,10,4,0,,,,0.26981667,0.0,0.0,0.0,517.64
10,11,4,0,,,,0.26253334,0.0,0.0,0.0,621.55
10,12,4,0,,,,0.2615,0.0,0.0,0.0,695.28
10,13,4,0,,,,0.2434,0.0,0.0,0.0,635.82
10,14,4,0,,,,0.216675,0.0,0.0,0.0,598.71
10,15,4,0,,,,0.2809,0.0,0.0,0.0,454.11
10,16,4,0,,,,0.47711667,0.0,0.0,0.0,315.62
10,17,4,0,,,,1.8564833,0.0,0.0,0.0,114.08
10,18,4,0,,,,2.0180666,0.0,0.0,0.0,0.0
10,19,4,0,,,,0.20015,0.0,0.0,0.0,0.0
10,20,4,0,,,,0.28771666,0.0,0.0,0.0,0.0
10,21,4,0,,,,0.46081668,0.0,0.0,0.0,0.0
10,22,4,0,,,,0.46068335,0.0,0.0,0.0,0.0
10,23,4,0,,,,0.47103333,0.0,0.0,0.0,0.0
10,24,4,0,,,,1.8602667,0.0,0.0,0.0,0.0
10,1,5,0,,,,3.7254167,0.0,0.0,0.0,0.0
10,2,5,0,,,,3.673861,0.0,0.0,0.0,0.0
10,3,5,0,,,,0.6128,0.0,0.0,0.0,0.0
10,4,5,0,,,,0.24906667,0.0,0.0,0.0,0.0
10,5,5,0,,,,0.39148334,0.0,0.0,0.0,0.0
10,6,5,0,,,,0.63485557,0.0,0.0,0.0,0.0
10,7,5,0,,,,0.65363336,0.0,0.0,0.0,0.0
10,8,5,0,,,,0.35623333,0.0,0.0,0.0,102.87
10,9,5,0,,,,0.24943334,0.0,0.0,0.0,341.51
10,10,5,0,,,,0.25195,0.0,0.0,0.0,512.26
10,11,5,0,,,,0.25368333,0.0,0.0,0.0,616.88
10,12,5,0,,,,0.25194168,0.0,0.0,0.0,689.12
10,13,5,0,,,,0.23331666,0.0,0.0,0.0,667.51
10,14,5,0,,,,0.2117,0.0,0.0,0.0,614.15
10,15,5,0,,,,0.50406665,0.0,0.0,0.0,439.55
10,16,5,0,,,,0.59407777,0.0,0.0,0.0,334.67
10,17,5,0,,,,3.7873833,0.0,0.0,0.0,113.82
10,18,5,0,,,,0.70835,0.0,0.0,0.0,0.0
10,19,5,0,,,,0.27746665,0.0,0.0,0.0,0.0
10,20,5,0,,,,1.3515,0.0,0.0,0.0,0.0
10,21,5,0,,,,2.6559,0.0,0.0,0.0,0.0
10,22,5,0,,,,2.45325,0.0,0.0,0.0,0.0
10,23,5,0,,,,0.9677333,0.0,0.0,0.0,0.0
10,24,5,0,,,,0.93261665,0.0,0.0,0.0,0.0
10,1,6,0,,,,1.31055,0.0,0.0,0.0,0.0
10,2,6,0,,,,1.2957833,0.0,0.0,0.0,0.0
10,3,6,0,,,,1.1938167,0.0,0.0,0.0,0.0
10,4,6,0,,,,1.0318834,0.0,0.0,0.0,0.0
10,5,6,0,,,,1.33015,0.0,0.0,0.0,0.0
10,6,6,0,,,,1.3593833,0.0,0.0,0.0,0.0
10,7,6,0,,,,1.3486834,0.0,0.0,0.0,0.0
10,8,6,0,,,,1.0825,0.0,0.0,0.0,85.12
10,9,6,0,,,,1.3382666,0.0,0.0,0.0,320.97
10,10,6,0,,,,1.0798,0.0,0.0,0.0,482.42
10,11,6,0,,,,1.0816833,0.0,0.0,0.0,587.74
10,12,6,0,,,,0.61343336,0.0,0.0,0.0,646.51
10,13,6,0,,,,0.20193334,0.0,0.0,0.0,634.19
10,14,6,0,,,,0.3282,0.0,0.0,0.0,571.79
10,15,6,0,,,,4.29085,0.0,0.0,0.0,411.3
10,16,6,0,,,,4.8914084,0.0,0.0,0.0,298.94
10,17,6,0,,,,4.3754334,0.0,0.0,0.0,62.23
10,18,6,0,,,,4.1043777,0.0,0.0,0.0,0.0
10,19,6,0,,,,1.3715667,0.0,0.0,0.0,0.0
10,20,6,0,,,,1.1544167,0.0,0.0,0.0,0.0
10,21,6,0,,,,1.1733667,0.0,0.0,0.0,0.0
10,22,6,0,,,,0.5438833,0.0,0.0,0.0,0.0
10,23,6,0,,,,0.5054167,0.0,0.0,0.0,0.0
10,24,6,0,,,,0.5294472,0.0,0.0,0.0,0.0
10,1,7,0,,,,0.5246,0.0,0.0,0.0,0.0
10,2,7,0,,,,0.6281833,0.0,0.0,0.0,0.0
10,3,7,0,,,,0.67321664,0.0,0.0,0.0,0.0
10,4,7,0,,,,0.76963335,0.0,0.0,0.0,0.0
10,5,7,0,,,,0.39483333,0.0,0.0,0.0,0.0
10,6,7,0,,,,0.32313332,0.0,0.0,0.0,0.0
10,7,7,0,,,,2.7678833,0.0,0.0,0.0,0.0
10,8,7,0,,,,3.6386445,0.0,0.0,0.0,16.68
10,9,7,0,,,,3.65825,0.0,0.0,0.0,148.64
10,10,7,0,,,,3.1561277,0.0,0.0,0.0,393.03
10,11,7,0,,,,0.24921666,0.0,0.0,0.0,642.48
10,12,7,0,,,,0.24872223,0.0,0.0,0.0,706.35
10,13,7,0,,,,0.24631667,0.0,0.0,0.0,680.5
10,14,7,0,,,,0.5822611,0.0,0.0,0.0,617.35
10,15,7,0,,,,1.1585833,0.0,0.0,0.0,434.6
10,16,7,0,,,,1.3590667,0.0,0.0,0.0,312.34
10,17,7,0,,,,0.56083333,0.0,0.0,0.0,99.86
10,18,7,0,,,,3.28475,0.0,0.0,0.0,0.0
10,19,7,0,,,,2.6525834,0.0,0.0,0.0,0.0
10,20,7,0,,,,1.0208833,0.0,0.0,0.0,0.0
10,21,7,0,,,,1.0768167,0.0,0.0,0.0,0.0
10,22,7,0,,,,1.0056056,0.0,0.0,0.0,0.0
10,23,7,0,,,,1.3297167,0.0,0.0,0.0,0.0
10,24,7,0,,,,0.8444292,0.0,0.0,0.0,0.0
10,1,1,0,,,,1.0189,0.0,0.0,0.0,0.0
10,2,1,0,,,,0.86696666,0.0,0.0,0.0,0.0
10,3,1,0,,,,0.75075,0.0,0.0,0.0,0.0
10,4,1,0,,,,1.1871556,0.0,0.0,0.0,0.0
10,5,1,0,,,,0.9837667,0.0,0.0,0.0,0.0
10,6,1,0,,,,1.4056222,0.0,0.0,0.0,0.0
10,7,1,0,,,,3.38485,0.0,0.0,0.0,0.0
10,8,1,0,,,,4.540178,0.0,0.0,0.0,89.3
10,9,1,0,,,,4.2236166,0.0,0.0,0.0,330.58
10,10,1,0,,,,3.6216779,0.0,0.0,0.0,498.77
10,11,1,0,,,,1.0343333,0.0,0.0,0.0,617.88
10,12,1,0,,,,0.6057,0.0,0.0,0.0,683.31
10,13,1,0,,,,0.661,0.0,0.0,0.0,656.88
10,14,1,0,,,,0.70426667,0.0,0.0,0.0,600.06
10,15,1,0,,,,0.7000167,0.0,0.0,0.0,448.02
10,16,1,0,,,,0.69846666,0.0,0.0,0.0,321.02
10,17,1,0,,,,1.0861666,0.0,0.0,0.0,88.25
10,18,1,0,,,,0.7117,0.0,0.0,0.0,0.0
10,19,1,0,,,,1.0826417,0.0,0.0,0.0,0.0
10,20,1,0,,,,1.3189167,0.0,0.0,0.0,0.0
10,21,1,0,,,,0.70276666,0.0,0.0,0.0,0.0
10,22,1,0,,,,1.0402666,0.0,0.0,0.0,0.0
10,23,1,0,,,,0.69656664,0.0,0.0,0.0,0.0
10,24,1,0,,,,1.1117584,0.0,0.0,0.0,0.0
10,1,2,0,,,,0.78005,0.0,0.0,0.0,0.0
10,2,2,0,,,,1.10765,0.0,0.0,0.0,0.0
10,3,2,0,,,,1.1198,0.0,0.0,0.0,0.0
10,4,2,0,,,,0.71181667,0.0,0.0,0.0,0.0
10,5,2,0,,,,1.2674167,0.0,0.0,0.0,0.0
10,6,2,0,,,,1.532,0.0,0.0,0.0,0.0
10,7,2,0,,,,2.7979667,0.0,0.0,0.0,0.0
10,8,2,0,,,,4.7468834,0.0,0.0,0.0,84.71
10,9,2,0,,,,4.0935335,0.0,0.0,0.0,322.43
10,10,2,0,,,,4.3939667,0.0,0.0,0.0,487.72
10,11,2,0,,,,0.7497333,0.0,0.0,0.0,605.1
10,12,2,0,,,,0.5933167,0.0,0.0,0.0,656.0
10,13,2,0,,,,0.20322222,0.0,0.0,0.0,637.9
10,14,2,0,,,,0.20316666,0.0,0.0,0.0,589.97
10,15,2,0,,,,0.20220001,0.0,0.0,0.0,464.19
10,16,2,0,,,,0.23026666,0.0,0.0,0.0,321.8
10,17,2,0,,,,0.36112222,0.0,0.0,0.0,83.01
10,18,2,0,,,,0.69138336,0.0,0.0,0.0,0.0
10,19,2,0,,,,0.38717777,0.0,0.0,0.0,0.0
10,20,2,0,,,,0.4077,0.0,0.0,0.0,0.0
10,21,2,0,,,,0.6234222,0.0,0.0,0.0,0.0
10,22,2,0,,,,0.52248335,0.0,0.0,0.0,0.0
10,23,2,0,,,,0.5917639,0.0,0.0,0.0,0.0
10,24,2,0,,,,0.46228334,0.0,0.0,0.0,0.0
10,1,3,0,,,,0.58582777,0.0,0.0,0.0,0.0
10,2,3,0,,,,0.5968,0.0,0.0,0.0,0.0
10,3,3,0,,,,0.59143335,0.0,0.0,0.0,0.0
10,4,3,0,,,,0.61051667,0.0,0.0,0.0,0.0
10,5,3,0,,,,0.6965,0.0,0.0,0.0,0.0
10,6,3,0,,,,0.9860167,0.0,0.0,0.0,0.0
10,7,3,0,,,,1.0486889,0.0,0.0,0.0,0.0
10,8,3,0,,,,0.59998333,0.0,0.0,0.0,46.59
10,9,3,0,,,,0.60916114,0.0,0.0,0.0,259.5
10,10,3,0,,,,0.21675,0.0,0.0,0.0,450.24
10,11,3,0,,,,0.34197778,0.0,0.0,0.0,578.9
10,12,3,0,,,,0.34355,0.0,0.0,0.0,638.69
10,13,3,0,,,,0.33016112,0.0,0.0,0.0,643.3
10,14,3,0,,,,0.31336668,0.0,0.0,0.0,594.41
10,15,3,0,,,,0.23787223,0.0,0.0,0.0,490.18
10,16,3,0,,,,0.19916667,0.0,0.0,0.0,304.12
10,17,3,0,,,,0.19615,0.0,0.0,0.0,79.36
10,18,3,0,,,,0.7377333,0.0,0.0,0.0,0.0
10,19,3,0,,,,0.74546665,0.0,0.0,0.0,0.0
10,20,3,0,,,,1.5464833,0.0,0.0,0.0,0.0
10,21,3,0,,,,1.5941167,0.0,0.0,0.0,0.0
10,22,3,0,,,,1.1768334,0.0,0.0,0.0,0.0
10,23,3,0,,,,0.5883167,0.0,0.0,0.0,0.0
10,24,3,0,,,,0.54606664,0.0,0.0,0.0,0.0
10,1,4,0,,,,0.50341666,0.0,0.0,0.0,0.0
10,2,4,0,,,,0.90585,0.0,0.0,0.0,0.0
10,3,4,0,,,,1.0989333,0.0,0.0,0.0,0.0
10,4,4,0,,,,0.7077389,0.0,0.0,0.0,0.0
10,5,4,0,,,,0.55113333,0.0,0.0,0.0,0.0
10,6,4,0,,,,0.5824111,0.0,0.0,0.0,0.0
10,7,4,0,,,,0.59365,0.0,0.0,0.0,0.0
10,8,4,0,,,,0.277,0.0,0.0,0.0,51.33
10,9,4,0,,,,0.52061665,0.0,0.0,0.0,126.78
10,10,4,0,,,,0.5018833,0.0,0.0,0.0,482.24
10,11,4,0,,,,0.51136667,0.0,0.0,0.0,591.97
10,12,4,0,,,,0.70475,0.0,0.0,0.0,653.12
10,13,4,0,,,,0.81563336,0.0,0.0,0.0,650.32
10,14,4,0,,,,1.0052,0.0,0.0,0.0,597.65
10,15,4,0,,,,1.5971,0.0,0.0,0.0,483.27
10,16,4,0,,,,1.7897667,0.0,0.0,0.0,313.17
10,17,4,0,,,,1.056,0.0,0.0,0.0,70.85
10,18,4,0,,,,0.85406667,0.0,0.0,0.0,0.0
10,19,4,0,,,,0.565,0.0,0.0,0.0,0.0
10,20,4,0,,,,0.70495,0.0,0.0,0.0,0.0
10,21,4,0,,,,0.60935,0.0,0.0,0.0,0.0
10,22,4,0,,,,0.71895,0.0,0.0,0.0,0.0
10,23,4,0,,,,0.77966666,0.0,0.0,0.0,0.0
10,24,4,0,,,,0.74041665,0.0,0.0,0.0,0.0
10,1,5,0,,,,1.08345,0.0,0.0,0.0,0.0
10,2,5,0,,,,0.71571666,0.0,0.0,0.0,0.0
10,3,5,0,,,,0.5215833,0.0,0.0,0.0,0.0
10,4,5,0,,,,0.21473333,0.0,0.0,0.0,0.0
10,5,5,0,,,,0.21251667,0.0,0.0,0.0,0.0
10,6,5,0,,,,0.6619,0.0,0.0,0.0,0.0
10,7,5,0,,,,0.63545,0.0,0.0,0.0,0.0
10,8,5,0,,,,0.3395,0.0,0.0,0.0,6.32
10,9,5,0,,,,0.4637,0.0,0.0,0.0,54.81
10,10,5,0,,,,0.46411666,0.0,0.0,0.0,102.13
10,11,5,0,,,,0.35617778,0.0,0.0,0.0,124.42
10,12,5,0,,,,0.8133,0.0,0.0,0.0,108.67
10,13,5,0,,,,0.91022223,0.0,0.0,0.0,124.74
10,14,5,0,,,,0.98403335,0.0,0.0,0.0,193.63
10,15,5,0,,,,1.7907277,0.0,0.0,0.0,209.19
10,16,5,0,,,,2.5139666,0.0,0.0,0.0,295.68
10,17,5,0,,,,1.5367612,0.0,0.0,0.0,79.64
10,18,5,0,,,,0.8152,0.0,0.0,0.0,0.0
10,19,5,0,,,,0.99768335,0.0,0.0,0.0,0.0
10,20,5,0,,,,1.1717666,0.0,0.0,0.0,0.0
10,21,5,0,,,,0.71355,0.0,0.0,0.0,0.0
10,22,5,0,,,,1.1855167,0.0,0.0,0.0,0.0
10,23,5,0,,,,0.73704445,0.0,0.0,0.0,0.0
10,24,5,0,,,,0.711675,0.0,0.0,0.0,0.0
10,1,6,0,,,,0.76299447,0.0,0.0,0.0,0.0
10,2,6,0,,,,0.90823334,0.0,0.0,0.0,0.0
10,3,6,0,,,,0.4153,0.0,0.0,0.0,0.0
10,4,6,0,,,,0.3794889,0.0,0.0,0.0,0.0
10,5,6,0,,,,0.31456667,0.0,0.0,0.0,0.0
10,6,6,0,,,,0.33031112,0.0,0.0,0.0,0.0
10,7,6,0,,,,0.29205,0.0,0.0,0.0,0.0
10,8,6,0,,,,0.26524445,0.0,0.0,0.0,5.21
10,9,6,0,,,,0.26021665,0.0,0.0,0.0,87.74
10,10,6,0,,,,0.26013333,0.0,0.0,0.0,103.69
10,11,6,0,,,,0.25753334,0.0,0.0,0.0,310.13
10,12,6,0,,,,0.23596111,0.0,0.0,0.0,490.44
10,13,6,0,,,,1.0646666,0.0,0.0,0.0,517.11
10,14,6,0,,,,2.120711,0.0,0.0,0.0,540.17
10,15,6,0,,,,2.8676167,0.0,0.0,0.0,405.7
10,16,6,0,,,,3.1156833,0.0,0.0,0.0,230.77
10,17,6,0,,,,1.6085167,0.0,0.0,0.0,60.4
10,18,6,0,,,,1.7152389,0.0,0.0,0.0,0.0
10,19,6,0,,,,0.59243333,0.0,0.0,0.0,0.0
10,20,6,0,,,,0.8146333,0.0,0.0,0.0,0.0
10,21,6,0,,,,0.4587,0.0,0.0,0.0,0.0
10,22,6,0,,,,0.90295553,0.0,0.0,0.0,0.0
10,23,6,0,,,,1.2659167,0.0,0.0,0.0,0.0
10,24,6,0,,,,1.1566305,0.0,0.0,0.0,0.0
10,1,7,0,,,,0.9072667,0.0,0.0,0.0,0.0
10,2,7,0,,,,1.0122056,0.0,0.0,0.0,0.0
10,3,7,0,,,,1.4921167,0.0,0.0,0.0,0.0
10,4,7,0,,,,0.7360333,0.0,0.0,0.0,0.0
10,5,7,0,,,,1.1067166,0.0,0.0,0.0,0.0
10,6,7,0,,,,0.75631666,0.0,0.0,0.0,0.0
10,7,7,0,,,,0.74771667,0.0,0.0,0.0,0.0
10,8,7,0,,,,0.71213335,0.0,0.0,0.0,0.0
10,9,7,0,,,,0.6185333,0.0,0.0,0.0,87.77
10,10,7,0,,,,0.60325,0.0,0.0,0.0,174.81
10,11,7,0,,,,0.20273334,0.0,0.0,0.0,297.31
10,12,7,0,,,,0.5236722,0.0,0.0,0.0,267.16
10,13,7,0,,,,0.5693333,0.0,0.0,0.0,494.24
10,14,7,0,,,,0.22006667,0.0,0.0,0.0,440.26
10,15,7,0,,,,0.20036666,0.0,0.0,0.0,254.45
10,16,7,0,,,,0.8940833,0.0,0.0,0.0,210.98
10,17,7,0,,,,1.1394833,0.0,0.0,0.0,39.83
10,18,7,0,,,,0.44588333,0.0,0.0,0.0,0.0
10,19,7,0,,,,0.6684,0.0,0.0,0.0,0.0
10,20,7,0,,,,0.46891665,0.0,0.0,0.0,0.0
10,21,7,0,,,,0.77568334,0.0,0.0,0.0,0.0
10,22,7,0,,,,0.938275,0.0,0.0,0.0,0.0
10,23,7,0,,,,0.8394333,0.0,0.0,0.0,0.0
10,24,7,0,,,,0.9536028,0.0,0.0,0.0,0.0
10,1,1,0,,,,1.1090333,0.0,0.0,0.0,0.0
10,2,1,0,,,,0.8088889,0.0,0.0,0.0,0.0
10,3,1,0,,,,0.68021667,0.0,0.0,0.0,0.0
10,4,1,0,,,,0.67606664,0.0,0.0,0.0,0.0
10,5,1,0,,,,0.69233334,0.0,0.0,0.0,0.0
10,6,1,0,,,,1.0939,0.0,0.0,0.0,0.0
10,7,1,0,,,,1.2837167,0.0,0.0,0.0,0.0
10,8,1,0,,,,0.80655,0.0,0.0,0.0,4.61
10,9,1,0,,,,0.7417333,0.0,0.0,0.0,52.73
10,10,1,0,,,,0.72326666,0.0,0.0,0.0,131.84
10,11,1,0,,,,0.7075167,0.0,0.0,0.0,174.64
10,12,1,0,,,,0.7259,0.0,0.0,0.0,136.33
10,13,1,0,,,,0.71131665,0.0,0.0,0.0,144.82
10,14,1,0,,,,0.70166665,0.0,0.0,0.0,227.13
10,15,1,0,,,,0.70421666,0.0,0.0,0.0,216.12
10,16,1,0,,,,0.7159167,0.0,0.0,0.0,74.71
10,17,1,0,,,,0.7115167,0.0,0.0,0.0,5.05
10,18,1,0,,,,1.13345,0.0,0.0,0.0,0.0
10,19,1,0,,,,0.74529445,0.0,0.0,0.0,0.0
10,20,1,0,,,,0.78251666,0.0,0.0,0.0,0.0
10,21,1,0,,,,1.2592223,0.0,0.0,0.0,0.0
10,22,1,0,,,,0.9367667,0.0,0.0,0.0,0.0
10,23,1,0,,,,1.2225611,0.0,0.0,0.0,0.0
10,24,1,0,,,,1.1245084,0.0,0.0,0.0,0.0
10,1,2,0,,,,1.7484889,0.0,0.0,0.0,0.0
10,2,2,0,,,,0.90713334,0.0,0.0,0.0,0.0
10,3,2,0,,,,1.1494167,0.0,0.0,0.0,0.0
10,4,2,0,,,,1.2038833,0.0,0.0,0.0,0.0
10,5,2,0,,,,1.0716444,0.0,0.0,0.0,0.0
10,6,2,0,,,,1.3939834,0.0,0.0,0.0,0.0
10,7,2,0,,,,1.0188833,0.0,0.0,0.0,0.0
10,8,2,0,,,,0.31318334,0.0,0.0,0.0,0.69
10,9,2,0,,,,0.31809443,0.0,0.0,0.0,34.14
10,10,2,0,,,,0.32018334,0.0,0.0,0.0,63.18
10,11,2,0,,,,0.2878389,0.0,0.0,0.0,77.86
10,12,2,0,,,,0.24777777,0.0,0.0,0.0,55.1
10,13,2,0,,,,0.24671666,0.0,0.0,0.0,55.01
10,14,2,0,,,,0.24571666,0.0,0.0,0.0,41.29
10,15,2,0,,,,0.24441667,0.0,0.0,0.0,23.76
10,16,2,0,,,,0.24338333,0.0,0.0,0.0,14.87
10,17,2,0,,,,0.33722222,0.0,0.0,0.0,0.87
10,18,2,0,,,,0.8853833,0.0,0.0,0.0,0.0
10,19,2,0,,,,2.6636112,0.0,0.0,0.0,0.0
10,20,2,0,,,,1.4895,0.0,0.0,0.0,0.0
10,21,2,0,,,,0.8421278,0.0,0.0,0.0,0.0
10,22,2,0,,,,1.1100667,0.0,0.0,0.0,0.0
10,23,2,0,,,,1.4850389,0.0,0.0,0.0,0.0
10,24,2,0,,,,0.6177833,0.0,0.0,0.0,0.0
10,1,3,0,,,,0.61948335,0.0,0.0,0.0,0.0
10,2,3,0,,,,0.4245,0.0,0.0,0.0,0.0
10,3,3,0,,,,1.6979166,0.0,0.0,0.0,0.0
10,4,3,0,,,,0.62005,0.0,0.0,0.0,0.0
10,5,3,0,,,,0.64771664,0.0,0.0,0.0,0.0
10,6,3,0,,,,0.98653334,0.0,0.0,0.0,0.0
10,7,3,0,,,,1.0121167,0.0,0.0,0.0,0.0
10,8,3,0,,,,0.6918667,0.0,0.0,0.0,0.33
10,9,3,0,,,,0.56853336,0.0,0.0,0.0,31.49
10,10,3,0,,,,0.2502222,0.0,0.0,0.0,68.72
10,11,3,0,,,,0.30405,0.0,0.0,0.0,98.06
10,12,3,0,,,,0.2668111,0.0,0.0,0.0,48.44
10,13,3,0,,,,0.26761666,0.0,0.0,0.0,126.24
10,14,3,0,,,,0.21516111,0.0,0.0,0.0,188.5
10,15,3,0,,,,0.20523334,0.0,0.0,0.0,27.39
10,16,3,0,,,,0.20108333,0.0,0.0,0.0,12.28
10,17,3,0,,,,0.19161667,0.0,0.0,0.0,4.51
10,18,3,0,,,,0.19286667,0.0,0.0,0.0,0.0
10,19,3,0,,,,0.46031666,0.0,0.0,0.0,0.0
10,20,3,0,,,,1.8911055,0.0,0.0,0.0,0.0
10,21,3,0,,,,2.0103166,0.0,0.0,0.0,0.0
10,22,3,0,,,,1.6569,0.0,0.0,0.0,0.0
10,23,3,0,,,,1.27855,0.0,0.0,0.0,0.0
10,24,3,0,,,,1.2774556,0.0,0.0,0.0,0.0
10,1,4,0,,,,0.79551667,0.0,0.0,0.0,0.0
10,2,4,0,,,,0.47515556,0.0,0.0,0.0,0.0
10,3,4,0,,,,0.55798334,0.0,0.0,0.0,0.0
10,4,4,0,,,,0.32562777,0.0,0.0,0.0,0.0
10,5,4,0,,,,0.41496667,0.0,0.0,0.0,0.0
10,6,4,0,,,,0.69973886,0.0,0.0,0.0,0.0
10,7,4,0,,,,0.66006666,0.0,0.0,0.0,0.0
10,8,4,0,,,,0.59232223,0.0,0.0,0.0,1.56
10,9,4,0,,,,0.20736666,0.0,0.0,0.0,39.94
10,10,4,0,,,,0.20318888,0.0,0.0,0.0,90.43
10,11,4,0,,,,0.20443334,0.0,0.0,0.0,125.52
10,12,4,0,,,,0.20178333,0.0,0.0,0.0,237.18
10,13,4,0,,,,0.20005555,0.0,0.0,0.0,564.47
10,14,4,0,,,,0.27998334,0.0,0.0,0.0,579.4
10,15,4,0,,,,0.4511889,0.0,0.0,0.0,479.66
10,16,4,0,,,,0.62210834,0.0,0.0,0.0,277.11
10,17,4,0,,,,0.35981667,0.0,0.0,0.0,8.25
10,18,4,0,,,,0.27668333,0.0,0.0,0.0,0.0
10,19,4,0,,,,0.45208332,0.0,0.0,0.0,0.0
10,20,4,0,,,,1.3578,0.0,0.0,0.0,0.0
10,21,4,0,,,,1.5822333,0.0,0.0,0.0,0.0
10,22,4,0,,,,1.4581167,0.0,0.0,0.0,0.0
10,23,4,0,,,,1.0874945,0.0,0.0,0.0,0.0
10,24,4,0,,,,0.5870917,0.0,0.0,0.0,0.0
10,1,5,0,,,,0.81927776,0.0,0.0,0.0,0.0
10,2,5,0,,,,1.1604333,0.0,0.0,0.0,0.0
10,3,5,0,,,,1.1423723,0.0,0.0,0.0,0.0
10,4,5,0,,,,0.38326666,0.0,0.0,0.0,0.0
10,5,5,0,,,,0.42320833,0.0,0.0,0.0,0.0
10,6,5,0,,,,0.6316,0.0,0.0,0.0,0.0
10,7,5,0,,,,0.6243,0.0,0.0,0.0,0.0
10,8,5,0,,,,0.24655,0.0,0.0,0.0,0.0
10,9,5,0,,,,0.247,0.0,0.0,0.0,18.41
10,10,5,0,,,,0.24923334,0.0,0.0,0.0,70.06
10,11,5,0,,,,0.24650556,0.0,0.0,0.0,110.36
10,12,5,0,,,,0.25088334,0.0,0.0,0.0,39.34
10,13,5,0,,,,0.2463,0.0,0.0,0.0,18.38
10,14,5,0,,,,0.2478,0.0,0.0,0.0,40.2
10,15,5,0,,,,0.36047223,0.0,0.0,0.0,32.06
10,16,5,0,,,,0.42841667,0.0,0.0,0.0,17.13
10,17,5,0,,,,2.6467223,0.0,0.0,0.0,0.18
10,18,5,0,,,,3.8600166,0.0,0.0,0.0,0.0
10,19,5,0,,,,2.27155,0.0,0.0,0.0,0.0
10,20,5,0,,,,1.0465333,0.0,0.0,0.0,0.0
10,21,5,0,,,,0.7558944,0.0,0.0,0.0,0.0
10,22,5,0,,,,0.6319,0.0,0.0,0.0,0.0
10,23,5,0,,,,0.58184445,0.0,0.0,0.0,0.0
10,24,5,0,,,,0.38726667,0.0,0.0,0.0,0.0
10,1,6,0,,,,0.32814443,0.0,0.0,0.0,0.0
10,2,6,0,,,,0.32968333,0.0,0.0,0.0,0.0
10,3,6,0,,,,0.32976666,0.0,0.0,0.0,0.0
10,4,6,0,,,,0.293,0.0,0.0,0.0,0.0
10,5,6,0,,,,0.24635,0.0,0.0,0.0,0.0
10,6,6,0,,,,0.2454,0.0,0.0,0.0,0.0
10,7,6,0,,,,0.25183332,0.0,0.0,0.0,0.0
10,8,6,0,,,,0.24853334,0.0,0.0,0.0,20.2
10,9,6,0,,,,0.29488888,0.0,0.0,0.0,271.07
10,10,6,0,,,,0.32406667,0.0,0.0,0.0,449.5
10,11,6,0,,,,0.45760557,0.0,0.0,0.0,197.89
10,12,6,0,,,,0.36788332,0.0,0.0,0.0,256.09
10,13,6,0,,,,0.33890554,0.0,0.0,0.0,631.42
10,14,6,0,,,,0.6523,0.0,0.0,0.0,79.35
10,15,6,0,,,,3.1672888,0.0,0.0,0.0,179.73
10,16,6,0,,,,4.4862833,0.0,0.0,0.0,170.74
10,17,6,0,,,,3.7052112,0.0,0.0,0.0,6.78
10,18,6,0,,,,3.2094166,0.0,0.0,0.0,0.0
10,19,6,0,,,,0.32263333,0.0,0.0,0.0,0.0
10,20,6,0,,,,0.7089667,0.0,0.0,0.0,0.0
10,21,6,0,,,,0.60768336,0.0,0.0,0.0,0.0
10,22,6,0,,,,1.3756167,0.0,0.0,0.0,0.0
10,23,6,0,,,,1.5689,0.0,0.0,0.0,0.0
10,24,6,0,,,,0.75811666,0.0,0.0,0.0,0.0
10,1,7,0,,,,0.5320778,0.0,0.0,0.0,0.0
10,2,7,0,,,,0.6472833,0.0,0.0,0.0,0.0
10,3,7,0,,,,0.44061112,0.0,0.0,0.0,0.0
10,4,7,0,,,,0.28813332,0.0,0.0,0.0,0.0
10,5,7,0,,,,0.28724444,0.0,0.0,0.0,0.0
10,6,7,0,,,,1.2084334,0.0,0.0,0.0,0.0
10,7,7,0,,,,3.6162055,0.0,0.0,0.0,0.0
10,8,7,0,,,,3.6239667,0.0,0.0,0.0,21.06
10,9,7,0,,,,3.6198833,0.0,0.0,0.0,302.22
10,10,7,0,,,,1.0051167,0.0,0.0,0.0,134.21
10,11,7,0,,,,0.26335555,0.0,0.0,0.0,259.65
10,12,7,0,,,,0.6218,0.0,0.0,0.0,74.77
10,13,7,0,,,,0.6599333,0.0,0.0,0.0,628.21
10,14,7,0,,,,1.9929167,0.0,0.0,0.0,615.04
10,15,7,0,,,,1.5900389,0.0,0.0,0.0,478.08
10,16,7,0,,,,1.4933,0.0,0.0,0.0,279.61
10,17,7,0,,,,1.93725,0.0,0.0,0.0,5.3
10,18,7,0,,,,2.0831168,0.0,0.0,0.0,0.0
10,19,7,0,,,,0.87820554,0.0,0.0,0.0,0.0
10,20,7,0,,,,0.8441,0.0,0.0,0.0,0.0
10,21,7,0,,,,1.2506223,0.0,0.0,0.0,0.0
10,22,7,0,,,,0.7382,0.0,0.0,0.0,0.0
10,23,7,0,,,,0.6734722,0.0,0.0,0.0,0.0
10,24,7,0,,,,0.49755,0.0,0.0,0.0,0.0
10,1,1,0,,,,0.61859447,0.0,0.0,0.0,0.0
10,2,1,0,,,,0.33023334,0.0,0.0,0.0,0.0
10,3,1,0,,,,0.32768333,0.0,0.0,0.0,0.0
10,4,1,0,,,,0.32013333,0.0,0.0,0.0,0.0
10,5,1,0,,,,0.44525,0.0,0.0,0.0,0.0
10,6,1,0,,,,2.099,0.0,0.0,0.0,0.0
10,7,1,0,,,,4.1815777,0.0,0.0,0.0,0.0
10,8,1,0,,,,3.82155,0.0,0.0,0.0,0.0
10,9,1,0,,,,3.6735444,0.0,0.0,0.0,78.81
10,10,1,0,,,,0.65795,0.0,0.0,0.0,470.04
10,11,1,0,,,,0.27240556,0.0,0.0,0.0,566.17
10,12,1,0,,,,0.2667,0.0,0.0,0.0,631.42
10,13,1,0,,,,0.25205,0.0,0.0,0.0,57.98
10,14,1,0,,,,0.25158334,0.0,0.0,0.0,48.35
10,15,1,0,,,,0.25263888,0.0,0.0,0.0,29.67
10,16,1,0,,,,0.24786666,0.0,0.0,0.0,89.8
10,17,1,0,,,,0.24159445,0.0,0.0,0.0,0.23
10,18,1,0,,,,0.24165,0.0,0.0,0.0,0.0
10,19,1,0,,,,0.29249445,0.0,0.0,0.0,0.0
10,20,1,0,,,,0.59561664,0.0,0.0,0.0,0.0
10,21,1,0,,,,0.6253,0.0,0.0,0.0,0.0
10,22,1,0,,,,2.5594666,0.0,0.0,0.0,0.0
10,23,1,0,,,,2.274661,0.0,0.0,0.0,0.0
10,24,1,0,,,,1.9225833,0.0,0.0,0.0,0.0
11,1,2,0,,,,1.4856222,0.0,0.0,0.0,0.0
11,2,2,0,,,,1.3331,0.0,0.0,0.0,0.0
11,3,2,0,,,,1.2190833,0.0,0.0,0.0,0.0
11,4,2,0,,,,1.4139167,0.0,0.0,0.0,0.0
11,5,2,0,,,,1.2664833,0.0,0.0,0.0,0.0
11,6,2,0,,,,1.37895,0.0,0.0,0.0,0.0
11,7,2,0,,,,4.3113723,0.0,0.0,0.0,0.0
11,8,2,0,,,,4.9338665,0.0,0.0,0.0,10.91
11,9,2,0,,,,5.0628943,0.0,0.0,0.0,273.17
11,10,2,0,,,,3.176,0.0,0.0,0.0,481.86
11,11,2,0,,,,1.0819111,0.0,0.0,0.0,592.95
11,12,2,0,,,,0.70301664,0.0,0.0,0.0,202.49
11,13,2,0,,,,1.0706944,0.0,0.0,0.0,270.32
11,14,2,0,,,,0.62715,0.0,0.0,0.0,191.32
11,15,2,0,,,,0.6652,0.0,0.0,0.0,395.21
11,16,2,0,,,,0.33888334,0.0,0.0,0.0,192.22
11,17,2,0,,,,0.7898167,0.0,0.0,0.0,1.82
11,18,2,0,,,,3.4854,0.0,0.0,0.0,0.0
11,19,2,0,,,,3.0114667,0.0,0.0,0.0,0.0
11,20,2,0,,,,0.9535,0.0,0.0,0.0,0.0
11,21,2,0,,,,1.3574,0.0,0.0,0.0,0.0
11,22,2,0,,,,1.0335333,0.0,0.0,0.0,0.0
11,23,2,0,,,,1.3116889,0.0,0.0,0.0,0.0
11,24,2,0,,,,1.23755,0.0,0.0,0.0,0.0
11,1,3,0,,,,1.2739834,0.0,0.0,0.0,0.0
11,2,3,0,,,,1.4529166,0.0,0.0,0.0,0.0
11,3,3,0,,,,1.1504834,0.0,0.0,0.0,0.0
11,4,3,0,,,,1.3646333,0.0,0.0,0.0,0.0
11,5,3,0,,,,1.6074945,0.0,0.0,0.0,0.0
11,6,3,0,,,,1.7939833,0.0,0.0,0.0,0.0
11,7,3,0,,,,1.2378777,0.0,0.0,0.0,0.0
11,8,3,0,,,,1.0363834,0.0,0.0,0.0,0.0
11,9,3,0,,,,0.9417667,0.0,0.0,0.0,88.85
11,10,3,0,,,,0.64065,0.0,0.0,0.0,286.82
11,11,3,0,,,,0.76150554,0.0,0.0,0.0,463.1
11,12,3,0,,,,0.20405,0.0,0.0,0.0,431.49
11,13,3,0,,,,0.20392777,0.0,0.0,0.0,419.72
11,14,3,0,,,,0.2326,0.0,0.0,0.0,503.96
11,15,3,0,,,,0.3007222,0.0,0.0,0.0,343.88
11,16,3,0,,,,0.44938335,0.0,0.0,0.0,97.3
11,17,3,0,,,,0.37795556,0.0,0.0,0.0,0.0
11,18,3,0,,,,0.33078334,0.0,0.0,0.0,0.0
11,19,3,0,,,,2.7150056,0.0,0.0,0.0,0.0
11,20,3,0,,,,2.45045,0.0,0.0,0.0,0.0
11,21,3,0,,,,1.0550945,0.0,0.0,0.0,0.0
11,22,3,0,,,,2.4180167,0.0,0.0,0.0,0.0
11,23,3,0,,,,4.191861,0.0,0.0,0.0,0.0
11,24,3,0,,,,3.8243916,0.0,0.0,0.0,0.0
11,1,4,0,,,,2.7484446,0.0,0.0,0.0,0.0
11,2,4,0,,,,0.6012667,0.0,0.0,0.0,0.0
11,3,4,0,,,,0.90832776,0.0,0.0,0.0,0.0
11,4,4,0,,,,0.57516664,0.0,0.0,0.0,0.0
11,5,4,0,,,,1.1601,0.0,0.0,0.0,0.0
11,6,4,0,,,,1.0581,0.0,0.0,0.0,0.0
11,7,4,0,,,,0.9359611,0.0,0.0,0.0,0.0
11,8,4,0,,,,0.59646666,0.0,0.0,0.0,0.0
11,9,4,0,,,,0.2016,0.0,0.0,0.0,11.99
11,10,4,0,,,,0.59833336,0.0,0.0,0.0,52.69
11,11,4,0,,,,0.20832223,0.0,0.0,0.0,40.99
11,12,4,0,,,,0.22438334,0.0,0.0,0.0,40.13
11,13,4,0,,,,0.26761666,0.0,0.0,0.0,59.53
11,14,4,0,,,,0.32546666,0.0,0.0,0.0,40.67
11,15,4,0,,,,0.38615555,0.0,0.0,0.0,15.81
11,16,4,0,,,,0.38411668,0.0,0.0,0.0,64.26
11,17,4,0,,,,0.37477222,0.0,0.0,0.0,0.0
11,18,4,0,,,,0.41836667,0.0,0.0,0.0,0.0
11,19,4,0,,,,0.6446222,0.0,0.0,0.0,0.0
11,20,4,0,,,,1.4232167,0.0,0.0,0.0,0.0
11,21,4,0,,,,4.1580443,0.0,0.0,0.0,0.0
11,22,4,0,,,,4.131233,0.0,0.0,0.0,0.0
11,23,4,0,,,,4.311267,0.0,0.0,0.0,0.0
11,24,4,0,,,,2.69935,0.0,0.0,0.0,0.0
11,1,5,0,,,,0.6679611,0.0,0.0,0.0,0.0
11,2,5,0,,,,0.48451668,0.0,0.0,0.0,0.0
11,3,5,0,,,,0.5689222,0.0,0.0,0.0,0.0
11,4,5,0,,,,0.2929,0.0,0.0,0.0,0.0
11,5,5,0,,,,0.72748333,0.0,0.0,0.0,0.0
11,6,5,0,,,,1.0181167,0.0,0.0,0.0,0.0
11,7,5,0,,,,0.82198334,0.0,0.0,0.0,0.0
11,8,5,0,,,,0.57698333,0.0,0.0,0.0,0.0
11,9,5,0,,,,0.20677778,0.0,0.0,0.0,60.92
11,10,5,0,,,,0.2041,0.0,0.0,0.0,15.03
11,11,5,0,,,,0.20301667,0.0,0.0,0.0,70.98
11,12,5,0,,,,0.22056666,0.0,0.0,0.0,68.2
11,13,5,0,,,,0.27459446,0.0,0.0,0.0,87.32
11,14,5,0,,,,0.31543332,0.0,0.0,0.0,66.1
11,15,5,0,,,,0.6076667,0.0,0.0,0.0,142.97
11,16,5,0,,,,0.33048335,0.0,0.0,0.0,78.83
11,17,5,0,,,,0.19632222,0.0,0.0,0.0,0.0
11,18,5,0,,,,1.5148833,0.0,0.0,0.0,0.0
11,19,5,0,,,,4.0812554,0.0,0.0,0.0,0.0
11,20,5,0,,,,3.6909666,0.0,0.0,0.0,0.0
11,21,5,0,,,,0.73274446,0.0,0.0,0.0,0.0
11,22,5,0,,,,0.55303335,0.0,0.0,0.0,0.0
11,23,5,0,,,,0.2726,0.0,0.0,0.0,0.0
11,24,5,0,,,,0.23136666,0.0,0.0,0.0,0.0
11,1,6,0,,,,0.6268111,0.0,0.0,0.0,0.0
11,2,6,0,,,,0.21695,0.0,0.0,0.0,0.0
11,3,6,0,,,,1.8503112,0.0,0.0,0.0,0.0
11,4,6,0,,,,0.7158333,0.0,0.0,0.0,0.0
11,5,6,0,,,,1.0212444,0.0,0.0,0.0,0.0
11,6,6,0,,,,0.97078335,0.0,0.0,0.0,0.0
11,7,6,0,,,,0.82180554,0.0,0.0,0.0,0.0
11,8,6,0,,,,0.8214167,0.0,0.0,0.0,0.0
11,9,6,0,,,,0.47929445,0.0,0.0,0.0,92.5
11,10,6,0,,,,0.47925,0.0,0.0,0.0,430.35
11,11,6,0,,,,0.4815389,0.0,0.0,0.0,535.39
11,12,6,0,,,,0.48171666,0.0,0.0,0.0,538.59
11,13,6,0,,,,0.4814611,0.0,0.0,0.0,620.93
11,14,6,0,,,,0.645,0.0,0.0,0.0,557.96
11,15,6,0,,,,0.92602223,0.0,0.0,0.0,424.6
11,16,6,0,,,,2.2513332,0.0,0.0,0.0,222.81
11,17,6,0,,,,0.8958611,0.0,0.0,0.0,0.0
11,18,6,0,,,,0.5354667,0.0,0.0,0.0,0.0
11,19,6,0,,,,4.187911,0.0,0.0,0.0,0.0
11,20,6,0,,,,1.4169667,0.0,0.0,0.0,0.0
11,21,6,0,,,,0.68504447,0.0,0.0,0.0,0.0
11,22,6,0,,,,0.7334667,0.0,0.0,0.0,0.0
11,23,6,0,,,,1.0542611,0.0,0.0,0.0,0.0
11,24,6,0,,,,1.1429417,0.0,0.0,0.0,0.0
11,1,7,0,,,,3.0657723,0.0,0.0,0.0,0.0
11,2,7,0,,,,1.3423166,0.0,0.0,0.0,0.0
11,3,7,0,,,,1.8984778,0.0,0.0,0.0,0.0
11,4,7,0,,,,1.4430333,0.0,0.0,0.0,0.0
11,5,7,0,,,,0.7758667,0.0,0.0,0.0,0.0
11,6,7,0,,,,1.2714666,0.0,0.0,0.0,0.0
11,7,7,0,,,,1.2726166,0.0,0.0,0.0,0.0
11,8,7,0,,,,0.7482333,0.0,0.0,0.0,0.0
11,9,7,0,,,,0.5541722,0.0,0.0,0.0,68.12
11,10,7,0,,,,0.8103667,0.0,0.0,0.0,191.29
11,11,7,0,,,,0.48492777,0.0,0.0,0.0,333.95
11,12,7,0,,,,0.5699833,0.0,0.0,0.0,187.93
11,13,7,0,,,,0.83035,0.0,0.0,0.0,426.45
11,14,7,0,,,,0.595,0.0,0.0,0.0,172.47
11,15,7,0,,,,0.6489389,0.0,0.0,0.0,75.09
11,16,7,0,,,,1.7444,0.0,0.0,0.0,177.33
11,17,7,0,,,,2.2835166,0.0,0.0,0.0,0.0
11,18,7,0,,,,1.965,0.0,0.0,0.0,0.0
11,19,7,0,,,,1.5102556,0.0,0.0,0.0,0.0
11,20,7,0,,,,1.21175,0.0,0.0,0.0,0.0
11,21,7,0,,,,1.1865056,0.0,0.0,0.0,0.0
11,22,7,0,,,,0.7229667,0.0,0.0,0.0,0.0
11,23,7,0,,,,0.7354444,0.0,0.0,0.0,0.0
11,24,7,0,,,,0.7378333,0.0,0.0,0.0,0.0
11,1,1,0,,,,0.7388333,0.0,0.0,0.0,0.0
11,2,1,0,,,,0.67261666,0.0,0.0,0.0,0.0
11,3,1,0,,,,0.89318335,0.0,0.0,0.0,0.0
11,4,1,0,,,,0.88135,0.0,0.0,0.0,0.0
11,5,1,0,,,,0.8238889,0.0,0.0,0.0,0.0
11,6,1,0,,,,1.1513166,0.0,0.0,0.0,0.0
11,7,1,0,,,,4.1562943,0.0,0.0,0.0,0.0
11,8,1,0,,,,4.5171666,0.0,0.0,0.0,0.0
11,9,1,0,,,,3.892411,0.0,0.0,0.0,3.62
11,10,1,0,,,,2.4248834,0.0,0.0,0.0,18.85
11,11,1,0,,,,0.49386668,0.0,0.0,0.0,54.79
11,12,1,0,,,,0.49336666,0.0,0.0,0.0,56.95
11,13,1,0,,,,0.4930722,0.0,0.0,0.0,99.47
11,14,1,0,,,,0.51891667,0.0,0.0,0.0,84.35
11,15,1,0,,,,0.4907389,0.0,0.0,0.0,38.31
11,16,1,0,,,,3.764,0.0,0.0,0.0,6.89
11,17,1,0,,,,1.3963889,0.0,0.0,0.0,0.0
11,18,1,0,,,,0.93083334,0.0,0.0,0.0,0.0
11,19,1,0,,,,0.94551665,0.0,0.0,0.0,0.0
11,20,1,0,,,,1.1769667,0.0,0.0,0.0,0.0
11,21,1,0,,,,1.1905445,0.0,0.0,0.0,0.0
11,22,1,0,,,,0.9230667,0.0,0.0,0.0,0.0
11,23,1,0,,,,0.8154167,0.0,0.0,0.0,0.0
11,24,1,0,,,,0.7680333,0.0,0.0,0.0,0.0
11,1,2,0,,,,0.6612389,0.0,0.0,0.0,0.0
11,2,2,0,,,,0.57026666,0.0,0.0,0.0,0.0
11,3,2,0,,,,0.56054443,0.0,0.0,0.0,0.0
11,4,2,0,,,,0.5509667,0.0,0.0,0.0,0.0
11,5,2,0,,,,0.53125,0.0,0.0,0.0,0.0
11,6,2,0,,,,0.8252,0.0,0.0,0.0,0.0
11,7,2,0,,,,3.9945943,0.0,0.0,0.0,0.0
11,8,2,0,,,,3.9925168,0.0,0.0,0.0,0.0
11,9,2,0,,,,3.904011,0.0,0.0,0.0,79.91
11,10,2,0,,,,2.7917833,0.0,0.0,0.0,52.54
11,11,2,0,,,,0.49371666,0.0,0.0,0.0,185.68
11,12,2,0,,,,0.49465,0.0,0.0,0.0,87.27
11,13,2,0,,,,0.4936611,0.0,0.0,0.0,50.99
11,14,2,0,,,,0.49466667,0.0,0.0,0.0,34.17
11,15,2,0,,,,0.49486667,0.0,0.0,0.0,49.98
11,16,2,0,,,,0.488,0.0,0.0,0.0,2.96
11,17,2,0,,,,0.7491111,0.0,0.0,0.0,0.0
11,18,2,0,,,,1.9531333,0.0,0.0,0.0,0.0
11,19,2,0,,,,3.2917445,0.0,0.0,0.0,0.0
11,20,2,0,,,,2.3798168,0.0,0.0,0.0,0.0
11,21,2,0,,,,1.4931834,0.0,0.0,0.0,0.0
11,22,2,0,,,,0.9388,0.0,0.0,0.0,0.0
11,23,2,0,,,,1.0100778,0.0,0.0,0.0,0.0
11,24,2,0,,,,0.5725167,0.0,0.0,0.0,0.0
11,1,3,0,,,,0.5680611,0.0,0.0,0.0,0.0
11,2,3,0,,,,0.54125,0.0,0.0,0.0,0.0
11,3,3,0,,,,0.49885556,0.0,0.0,0.0,0.0
11,4,3,0,,,,0.49056667,0.0,0.0,0.0,0.0
11,5,3,0,,,,1.0587611,0.0,0.0,0.0,0.0
11,6,3,0,,,,0.91648334,0.0,0.0,0.0,0.0
11,7,3,0,,,,3.9262779,0.0,0.0,0.0,0.0
11,8,3,0,,,,3.95955,0.0,0.0,0.0,0.0
11,9,3,0,,,,3.9142222,0.0,0.0,0.0,1.54
11,10,3,0,,,,3.00325,0.0,0.0,0.0,11.13
11,11,3,0,,,,0.49333334,0.0,0.0,0.0,98.26
11,12,3,0,,,,0.48971668,0.0,0.0,0.0,66.94
11,13,3,0,,,,0.48723334,0.0,0.0,0.0,49.67
11,14,3,0,,,,0.48765,0.0,0.0,0.0,28.71
11,15,3,0,,,,0.48756668,0.0,0.0,0.0,54.08
11,16,3,0,,,,0.491,0.0,0.0,0.0,61.02
11,17,3,0,,,,0.49404445,0.0,0.0,0.0,0.0
11,18,3,0,,,,0.49205,0.0,0.0,0.0,0.0
11,19,3,0,,,,0.4856,0.0,0.0,0.0,0.0
11,20,3,0,,,,1.1898167,0.0,0.0,0.0,0.0
11,21,3,0,,,,0.9379445,0.0,0.0,0.0,0.0
11,22,3,0,,,,0.90021664,0.0,0.0,0.0,0.0
11,23,3,0,,,,1.0332778,0.0,0.0,0.0,0.0
11,24,3,0,,,,0.78826666,0.0,0.0,0.0,0.0
11,1,4,0,,,,0.55814445,0.0,0.0,0.0,0.0
11,2,4,0,,,,0.55301666,0.0,0.0,0.0,0.0
11,3,4,0,,,,1.5713167,0.0,0.0,0.0,0.0
11,4,4,0,,,,1.0907,0.0,0.0,0.0,0.0
11,5,4,0,,,,0.88799447,0.0,0.0,0.0,0.0
11,6,4,0,,,,0.6322333,0.0,0.0,0.0,0.0
11,7,4,0,,,,0.538573,0.0,0.0,0.0,0.0
11,8,4,0,,,,0.58515,0.0,0.0,0.0,0.0
11,9,4,0,,,,0.50262225,0.0,0.0,0.0,2.48
11,10,4,0,,,,0.49873334,0.0,0.0,0.0,28.53
11,11,4,0,,,,0.49286667,0.0,0.0,0.0,46.5
11,12,4,0,,,,0.49183333,0.0,0.0,0.0,30.56
11,13,4,0,,,,0.48799443,0.0,0.0,0.0,25.4
11,14,4,0,,,,0.48495,0.0,0.0,0.0,37.77
11,15,4,0,,,,0.4837222,0.0,0.0,0.0,93.35
11,16,4,0,,,,0.48046666,0.0,0.0,0.0,30.6
11,17,4,0,,,,0.5914111,0.0,0.0,0.0,0.0
11,18,4,0,,,,2.663525,0.0,0.0,0.0,0.0
11,19,4,0,,,,3.01275,0.0,0.0,0.0,0.0
11,20,4,0,,,,4.2537665,0.0,0.0,0.0,0.0
11,21,4,0,,,,4.2566667,0.0,0.0,0.0,0.0
11,22,4,0,,,,3.83275,0.0,0.0,0.0,0.0
11,23,4,0,,,,0.85688335,0.0,0.0,0.0,0.0
11,24,4,0,,,,0.66366667,0.0,0.0,0.0,0.0
11,1,5,0,,,,0.72275,0.0,0.0,0.0,0.0
11,2,5,0,,,,0.5332,0.0,0.0,0.0,0.0
11,3,5,0,,,,0.4788,0.0,0.0,0.0,0.0
11,4,5,0,,,,0.78603333,0.0,0.0,0.0,0.0
11,5,5,0,,,,0.73572224,0.0,0.0,0.0,0.0
11,6,5,0,,,,0.88913333,0.0,0.0,0.0,0.0
11,7,5,0,,,,0.6605389,0.0,0.0,0.0,0.0
11,8,5,0,,,,0.6591833,0.0,0.0,0.0,0.0
11,9,5,0,,,,0.6612833,0.0,0.0,0.0,24.51
11,10,5,0,,,,0.66461664,0.0,0.0,0.0,15.88
11,11,5,0,,,,0.6529833,0.0,0.0,0.0,15.86
11,12,5,0,,,,0.49725556,0.0,0.0,0.0,41.23
11,13,5,0,,,,0.6656,0.0,0.0,0.0,13.74
11,14,5,0,,,,0.67948335,0.0,0.0,0.0,110.97
11,15,5,0,,,,0.66711664,0.0,0.0,0.0,119.86
11,16,5,0,,,,0.65985,0.0,0.0,0.0,155.34
11,17,5,0,,,,0.6975,0.0,0.0,0.0,0.0
11,18,5,0,,,,0.87813336,0.0,0.0,0.0,0.0
11,19,5,0,,,,0.96425,0.0,0.0,0.0,0.0
11,20,5,0,,,,0.98715,0.0,0.0,0.0,0.0
11,21,5,0,,,,1.0311667,0.0,0.0,0.0,0.0
11,22,5,0,,,,1.0339167,0.0,0.0,0.0,0.0
11,23,5,0,,,,1.0357833,0.0,0.0,0.0,0.0
11,24,5,0,,,,0.91436386,0.0,0.0,0.0,0.0
11,1,6,0,,,,0.85545,0.0,0.0,0.0,0.0
11,2,6,0,,,,0.7757222,0.0,0.0,0.0,0.0
11,3,6,0,,,,2.31575,0.0,0.0,0.0,0.0
11,4,6,0,,,,1.247639,0.0,0.0,0.0,0.0
11,5,6,0,,,,0.54445,0.0,0.0,0.0,0.0
11,6,6,0,,,,0.43372223,0.0,0.0,0.0,0.0
11,7,6,0,,,,0.47895,0.0,0.0,0.0,0.0
11,8,6,0,,,,0.47987223,0.0,0.0,0.0,0.0
11,9,6,0,,,,0.48055,0.0,0.0,0.0,111.97
11,10,6,0,,,,0.82179445,0.0,0.0,0.0,278.12
11,11,6,0,,,,0.48291665,0.0,0.0,0.0,392.32
11,12,6,0,,,,0.5036111,0.0,0.0,0.0,557.0
11,13,6,0,,,,0.5576,0.0,0.0,0.0,404.09
11,14,6,0,,,,0.5553111,0.0,0.0,0.0,338.47
11,15,6,0,,,,0.54945,0.0,0.0,0.0,295.0
11,16,6,0,,,,0.63760555,0.0,0.0,0.0,101.39
11,17,6,0,,,,0.98448336,0.0,0.0,0.0,0.0
11,18,6,0,,,,0.92422223,0.0,0.0,0.0,0.0
11,19,6,0,,,,0.9235,0.0,0.0,0.0,0.0
11,20,6,0,,,,0.9396833,0.0,0.0,0.0,0.0
11,21,6,0,,,,0.8523333,0.0,0.0,0.0,0.0
11,22,6,0,,,,0.83885556,0.0,0.0,0.0,0.0
11,23,6,0,,,,0.83566666,0.0,0.0,0.0,0.0
11,24,6,0,,,,0.88824165,0.0,0.0,0.0,0.0
11,1,7,0,,,,0.8850389,0.0,0.0,0.0,0.0
11,2,7,0,,,,0.80118334,0.0,0.0,0.0,0.0
11,3,7,0,,,,0.66081667,0.0,0.0,0.0,0.0
11,4,7,0,,,,0.6491,0.0,0.0,0.0,0.0
11,5,7,0,,,,0.49497223,0.0,0.0,0.0,0.0
11,6,7,0,,,,0.7851667,0.0,0.0,0.0,0.0
11,7,7,0,,,,0.82074445,0.0,0.0,0.0,0.0
11,8,7,0,,,,0.47795,0.0,0.0,0.0,0.0
11,9,7,0,,,,0.47789446,0.0,0.0,0.0,5.73
11,10,7,0,,,,0.68086666,0.0,0.0,0.0,41.52
11,11,7,0,,,,0.64111114,0.0,0.0,0.0,74.45
11,12,7,0,,,,0.54976666,0.0,0.0,0.0,84.52
11,13,7,0,,,,0.5528333,0.0,0.0,0.0,124.12
11,14,7,0,,,,0.5525333,0.0,0.0,0.0,138.95
11,15,7,0,,,,0.5497889,0.0,0.0,0.0,51.06
11,16,7,0,,,,0.5538333,0.0,0.0,0.0,12.36
11,17,7,0,,,,1.6827611,0.0,0.0,0.0,0.0
11,18,7,0,,,,4.2025833,0.0,0.0,0.0,0.0
11,19,7,0,,,,0.93412775,0.0,0.0,0.0,0.0
11,20,7,0,,,,0.939,0.0,0.0,0.0,0.0
11,21,7,0,,,,0.2445611,0.0,0.0,0.0,0.0
11,22,7,0,,,,0.24683334,0.0,0.0,0.0,0.0
11,23,7,0,,,,0.24428889,0.0,0.0,0.0,0.0
11,24,7,0,,,,0.24284166,0.0,0.0,0.0,0.0
11,1,1,0,,,,0.24171667,0.0,0.0,0.0,0.0
11,2,1,0,,,,0.2425,0.0,0.0,0.0,0.0
11,3,1,0,,,,0.24264444,0.0,0.0,0.0,0.0
11,4,1,0,,,,0.6091667,0.0,0.0,0.0,0.0
11,5,1,0,,,,0.24095,0.0,0.0,0.0,0.0
11,6,1,0,,,,0.84293336,0.0,0.0,0.0,0.0
11,7,1,0,,,,3.8454833,0.0,0.0,0.0,0.0
11,8,1,0,,,,3.7470834,0.0,0.0,0.0,0.0
11,9,1,0,,,,3.7212667,0.0,0.0,0.0,15.5
11,10,1,0,,,,1.8074334,0.0,0.0,0.0,52.61
11,11,1,0,,,,0.25070557,0.0,0.0,0.0,72.09
11,12,1,0,,,,0.24815,0.0,0.0,0.0,70.15
11,13,1,0,,,,0.4500111,0.0,0.0,0.0,61.2
11,14,1,0,,,,0.53368336,0.0,0.0,0.0,99.63
11,15,1,0,,,,0.24815834,0.0,0.0,0.0,57.03
11,16,1,0,,,,2.2840834,0.0,0.0,0.0,156.48
11,17,1,0,,,,3.9340334,0.0,0.0,0.0,0.0
11,18,1,0,,,,3.9276721,0.0,0.0,0.0,0.0
11,19,1,0,,,,3.8107333,0.0,0.0,0.0,0.0
11,20,1,0,,,,0.8088222,0.0,0.0,0.0,0.0
11,21,1,0,,,,0.26003334,0.0,0.0,0.0,0.0
11,22,1,0,,,,0.24747778,0.0,0.0,0.0,0.0
11,23,1,0,,,,0.2473,0.0,0.0,0.0,0.0
11,24,1,0,,,,0.2488,0.0,0.0,0.0,0.0
11,1,2,0,,,,0.24666667,0.0,0.0,0.0,0.0
11,2,2,0,,,,0.24611667,0.0,0.0,0.0,0.0
11,3,2,0,,,,0.61686665,0.0,0.0,0.0,0.0
11,4,2,0,,,,0.6134833,0.0,0.0,0.0,0.0
11,5,2,0,,,,0.58998334,0.0,0.0,0.0,0.0
11,6,2,0,,,,0.59826666,0.0,0.0,0.0,0.0
11,7,2,0,,,,3.27105,0.0,0.0,0.0,0.0
11,8,2,0,,,,3.7507112,0.0,0.0,0.0,0.0
11,9,2,0,,,,3.7477167,0.0,0.0,0.0,19.83
11,10,2,0,,,,2.8611777,0.0,0.0,0.0,56.87
11,11,2,0,,,,0.26651666,0.0,0.0,0.0,42.24
11,12,2,0,,,,0.2664,0.0,0.0,0.0,62.51
11,13,2,0,,,,0.26346666,0.0,0.0,0.0,38.73
11,14,2,0,,,,0.26045555,0.0,0.0,0.0,33.29
11,15,2,0,,,,0.25746667,0.0,0.0,0.0,9.37
11,16,2,0,,,,0.38537776,0.0,0.0,0.0,0.71
11,17,2,0,,,,0.75921667,0.0,0.0,0.0,0.0
11,18,2,0,,,,2.9972444,0.0,0.0,0.0,0.0
11,19,2,0,,,,0.75851667,0.0,0.0,0.0,0.0
11,20,2,0,,,,0.77039444,0.0,0.0,0.0,0.0
11,21,2,0,,,,0.58345,0.0,0.0,0.0,0.0
11,22,2,0,,,,0.6225889,0.0,0.0,0.0,0.0
11,23,2,0,,,,0.65603334,0.0,0.0,0.0,0.0
11,24,2,0,,,,0.67600554,0.0,0.0,0.0,0.0
11,1,3,0,,,,0.67006665,0.0,0.0,0.0,0.0
11,2,3,0,,,,0.6923,0.0,0.0,0.0,0.0
11,3,3,0,,,,0.70241666,0.0,0.0,0.0,0.0
11,4,3,0,,,,1.1092722,0.0,0.0,0.0,0.0
11,5,3,0,,,,0.73301667,0.0,0.0,0.0,0.0
11,6,3,0,,,,1.0986445,0.0,0.0,0.0,0.0
11,7,3,0,,,,3.5026166,0.0,0.0,0.0,0.0
11,8,3,0,,,,3.813675,0.0,0.0,0.0,0.0
11,9,3,0,,,,3.7670667,0.0,0.0,0.0,8.2
11,10,3,0,,,,2.7794833,0.0,0.0,0.0,23.8
11,11,3,0,,,,0.31083333,0.0,0.0,0.0,51.8
11,12,3,0,,,,0.31038332,0.0,0.0,0.0,31.72
11,13,3,0,,,,0.30948332,0.0,0.0,0.0,25.75
11,14,3,0,,,,0.30901667,0.0,0.0,0.0,42.83
11,15,3,0,,,,0.3069,0.0,0.0,0.0,13.12
11,16,3,0,,,,0.3006,0.0,0.0,0.0,0.7
11,17,3,0,,,,0.3008,0.0,0.0,0.0,0.0
11,18,3,0,,,,0.29885554,0.0,0.0,0.0,0.0
11,19,3,0,,,,0.3235,0.0,0.0,0.0,0.0
11,20,3,0,,,,0.66227776,0.0,0.0,0.0,0.0
11,21,3,0,,,,0.3003,0.0,0.0,0.0,0.0
11,22,3,0,,,,0.29958335,0.0,0.0,0.0,0.0
11,23,3,0,,,,0.30155,0.0,0.0,0.0,0.0
11,24,3,0,,,,0.3018139,0.0,0.0,0.0,0.0
11,1,4,0,,,,0.30186668,0.0,0.0,0.0,0.0
11,2,4,0,,,,0.30066666,0.0,0.0,0.0,0.0
11,3,4,0,,,,0.30086666,0.0,0.0,0.0,0.0
11,4,4,0,,,,0.3000111,0.0,0.0,0.0,0.0
11,5,4,0,,,,0.29968333,0.0,0.0,0.0,0.0
11,6,4,0,,,,0.28001666,0.0,0.0,0.0,0.0
11,7,4,0,,,,2.9085,0.0,0.0,0.0,0.0
11,8,4,0,,,,3.8539667,0.0,0.0,0.0,0.0
11,9,4,0,,,,3.9475,0.0,0.0,0.0,59.5
11,10,4,0,,,,2.993789,0.0,0.0,0.0,48.1
11,11,4,0,,,,0.54825,0.0,0.0,0.0,50.56
11,12,4,0,,,,0.5477333,0.0,0.0,0.0,93.49
11,13,4,0,,,,0.28165,0.0,0.0,0.0,29.97
11,14,4,0,,,,0.67441666,0.0,0.0,0.0,50.39
11,15,4,0,,,,0.3487,0.0,0.0,0.0,91.94
11,16,4,0,,,,0.2580611,0.0,0.0,0.0,22.08
11,17,4,0,,,,0.25398332,0.0,0.0,0.0,0.0
11,18,4,0,,,,0.25615555,0.0,0.0,0.0,0.0
11,19,4,0,,,,0.25575,0.0,0.0,0.0,0.0
11,20,4,0,,,,0.25473332,0.0,0.0,0.0,0.0
11,21,4,0,,,,0.25433335,0.0,0.0,0.0,0.0
11,22,4,0,,,,0.25495556,0.0,0.0,0.0,0.0
11,23,4,0,,,,0.25543332,0.0,0.0,0.0,0.0
11,24,4,0,,,,0.25688612,0.0,0.0,0.0,0.0
11,1,5,0,,,,0.25681666,0.0,0.0,0.0,0.0
11,2,5,0,,,,0.2576611,0.0,0.0,0.0,0.0
11,3,5,0,,,,0.25876668,0.0,0.0,0.0,0.0
11,4,5,0,,,,0.25943333,0.0,0.0,0.0,0.0
11,5,5,0,,,,0.2602,0.0,0.0,0.0,0.0
11,6,5,0,,,,0.24,0.0,0.0,0.0,0.0
11,7,5,0,,,,0.26171666,0.0,0.0,0.0,0.0
11,8,5,0,,,,0.26634446,0.0,0.0,0.0,0.0
11,9,5,0,,,,0.26901665,0.0,0.0,0.0,7.15
11,10,5,0,,,,0.27075556,0.0,0.0,0.0,33.48
11,11,5,0,,,,0.26686665,0.0,0.0,0.0,38.09
11,12,5,0,,,,0.26731667,0.0,0.0,0.0,25.81
11,13,5,0,,,,0.26378334,0.0,0.0,0.0,22.08
11,14,5,0,,,,0.26479444,0.0,0.0,0.0,16.34
11,15,5,0,,,,0.28036666,0.0,0.0,0.0,7.71
11,16,5,0,,,,0.5962222,0.0,0.0,0.0,1.63
11,17,5,0,,,,0.25425,0.0,0.0,0.0,0.0
11,18,5,0,,,,0.25415555,0.0,0.0,0.0,0.0
11,19,5,0,,,,0.25441667,0.0,0.0,0.0,0.0
11,20,5,0,,,,0.25520554,0.0,0.0,0.0,0.0
11,21,5,0,,,,0.25365,0.0,0.0,0.0,0.0
11,22,5,0,,,,0.25429446,0.0,0.0,0.0,0.0
11,23,5,0,,,,0.25528333,0.0,0.0,0.0,0.0
11,24,5,0,,,,0.25706112,0.0,0.0,0.0,0.0
11,1,6,0,,,,0.25628334,0.0,0.0,0.0,0.0
11,2,6,0,,,,0.25831667,0.0,0.0,0.0,0.0
11,3,6,0,,,,0.25791666,0.0,0.0,0.0,0.0
11,4,6,0,,,,0.25661665,0.0,0.0,0.0,0.0
11,5,6,0,,,,0.25565,0.0,0.0,0.0,0.0
11,6,6,0,,,,0.232,0.0,0.0,0.0,0.0
11,7,6,0,,,,0.25653332,0.0,0.0,0.0,0.0
11,8,6,0,,,,0.2626611,0.0,0.0,0.0,0.0
11,9,6,0,,,,0.26425,0.0,0.0,0.0,6.45
11,10,6,0,,,,0.26615554,0.0,0.0,0.0,31.43
11,11,6,0,,,,0.26415,0.0,0.0,0.0,42.04
11,12,6,0,,,,0.26455,0.0,0.0,0.0,60.8
11,13,6,0,,,,0.26418334,0.0,0.0,0.0,39.55
11,14,6,0,,,,0.2644222,0.0,0.0,0.0,47.25
11,15,6,0,,,,0.25851667,0.0,0.0,0.0,28.2
11,16,6,0,,,,0.5277778,0.0,0.0,0.0,8.19
11,17,6,0,,,,0.312225,0.0,0.0,0.0,0.0
11,18,6,0,,,,0.25586668,0.0,0.0,0.0,0.0
11,19,6,0,,,,0.25485834,0.0,0.0,0.0,0.0
11,20,6,0,,,,0.2574,0.0,0.0,0.0,0.0
11,21,6,0,,,,0.25495,0.0,0.0,0.0,0.0
11,22,6,0,,,,0.2549611,0.0,0.0,0.0,0.0
11,23,6,0,,,,0.25513333,0.0,0.0,0.0,0.0
11,24,6,0,,,,0.25451943,0.0,0.0,0.0,0.0
11,1,7,0,,,,0.25695,0.0,0.0,0.0,0.0
11,2,7,0,,,,0.25722778,0.0,0.0,0.0,0.0
11,3,7,0,,,,0.25773335,0.0,0.0,0.0,0.0
11,4,7,0,,,,0.2536611,0.0,0.0,0.0,0.0
11,5,7,0,,,,0.25681666,0.0,0.0,0.0,0.0
11,6,7,0,,,,0.25204444,0.0,0.0,0.0,0.0
11,7,7,0,,,,0.256,0.0,0.0,0.0,0.0
11,8,7,0,,,,0.25813332,0.0,0.0,0.0,0.0
11,9,7,0,,,,0.266825,0.0,0.0,0.0,4.74
11,10,7,0,,,,0.2651,0.0,0.0,0.0,13.53
11,11,7,0,,,,0.26413333,0.0,0.0,0.0,47.9
11,12,7,0,,,,0.26577777,0.0,0.0,0.0,36.2
11,13,7,0,,,,0.26408333,0.0,0.0,0.0,29.36
11,14,7,0,,,,0.25991112,0.0,0.0,0.0,27.13
11,15,7,0,,,,0.25525,0.0,0.0,0.0,22.72
11,16,7,0,,,,0.30705,0.0,0.0,0.0,46.5
11,17,7,0,,,,3.2689333,0.0,0.0,0.0,0.0
11,18,7,0,,,,8.238916,0.0,0.0,0.0,0.0
11,19,7,0,,,,8.24675,0.0,0.0,0.0,0.0
11,20,7,0,,,,5.0966387,0.0,0.0,0.0,0.0
11,21,7,0,,,,2.4724333,0.0,0.0,0.0,0.0
11,22,7,0,,,,1.84435,0.0,0.0,0.0,0.0
11,23,7,0,,,,2.0474834,0.0,0.0,0.0,0.0
11,24,7,0,,,,1.8199278,0.0,0.0,0.0,0.0
11,1,1,0,,,,2.0560334,0.0,0.0,0.0,0.0
11,2,1,0,,,,1.8421556,0.0,0.0,0.0,0.0
11,3,1,0,,,,1.5153167,0.0,0.0,0.0,0.0
11,4,1,0,,,,1.3480389,0.0,0.0,0.0,0.0
11,5,1,0,,,,1.8113333,0.0,0.0,0.0,0.0
11,6,1,0,,,,1.2373333,0.0,0.0,0.0,0.0
11,7,1,0,,,,1.673,0.0,0.0,0.0,0.0
11,8,1,0,,,,1.2467889,0.0,0.0,0.0,0.0
11,9,1,0,,,,1.5374167,0.0,0.0,0.0,5.42
11,10,1,0,,,,1.1203556,0.0,0.0,0.0,18.08
11,11,1,0,,,,1.1482,0.0,0.0,0.0,35.47
11,12,1,0,,,,1.3499944,0.0,0.0,0.0,35.49
11,13,1,0,,,,0.6305778,0.0,0.0,0.0,31.63
11,14,1,0,,,,0.2531,0.0,0.0,0.0,28.59
11,15,1,0,,,,3.8736334,0.0,0.0,0.0,27.09
11,16,1,0,,,,4.071944,0.0,0.0,0.0,127.52
11,17,1,0,,,,4.317867,0.0,0.0,0.0,0.0
11,18,1,0,,,,3.0053,0.0,0.0,0.0,0.0
11,19,1,0,,,,0.5868,0.0,0.0,0.0,0.0
11,20,1,0,,,,0.67233336,0.0,0.0,0.0,0.0
11,21,1,0,,,,0.99695,0.0,0.0,0.0,0.0
11,22,1,0,,,,1.03125,0.0,0.0,0.0,0.0
11,23,1,0,,,,2.86555,0.0,0.0,0.0,0.0
11,24,1,0,,,,1.9561611,0.0,0.0,0.0,0.0
11,1,2,0,,,,1.8048333,0.0,0.0,0.0,0.0
11,2,2,0,,,,2.00555,0.0,0.0,0.0,0.0
11,3,2,0,,,,4.3038836,0.0,0.0,0.0,0.0
11,4,2,0,,,,0.9177833,0.0,0.0,0.0,0.0
11,5,2,0,,,,0.76958334,0.0,0.0,0.0,0.0
11,6,2,0,,,,0.30161667,0.0,0.0,0.0,0.0
11,7,2,0,,,,3.4692667,0.0,0.0,0.0,0.0
11,8,2,0,,,,3.9095833,0.0,0.0,0.0,0.0
11,9,2,0,,,,3.7446666,0.0,0.0,0.0,116.2
11,10,2,0,,,,2.2132611,0.0,0.0,0.0,437.88
11,11,2,0,,,,1.2515666,0.0,0.0,0.0,460.32
11,12,2,0,,,,0.4785611,0.0,0.0,0.0,693.35
11,13,2,0,,,,0.44566,0.0,0.0,0.0,673.82
11,14,2,0,,,,0.45685,0.0,0.0,0.0,563.46
11,15,2,0,,,,0.5284944,0.0,0.0,0.0,464.11
11,16,2,0,,,,0.8020667,0.0,0.0,0.0,241.78
11,17,2,0,,,,0.6854333,0.0,0.0,0.0,0.0
11,18,2,0,,,,0.5897833,0.0,0.0,0.0,0.0
11,19,2,0,,,,0.32915,0.0,0.0,0.0,0.0
11,20,2,0,,,,0.8165,0.0,0.0,0.0,0.0
11,21,2,0,,,,1.1591166,0.0,0.0,0.0,0.0
11,22,2,0,,,,0.95608336,0.0,0.0,0.0,0.0
11,23,2,0,,,,1.00115,0.0,0.0,0.0,0.0
11,24,2,0,,,,4.7869,0.0,0.0,0.0,0.0
11,1,3,0,,,,4.2423334,0.0,0.0,0.0,0.0
11,2,3,0,,,,3.5411444,0.0,0.0,0.0,0.0
11,3,3,0,,,,3.1412,0.0,0.0,0.0,0.0
11,4,3,0,,,,2.808011,0.0,0.0,0.0,0.0
11,5,3,0,,,,2.5664167,0.0,0.0,0.0,0.0
11,6,3,0,,,,1.1064056,0.0,0.0,0.0,0.0
11,7,3,0,,,,4.2921834,0.0,0.0,0.0,0.0
11,8,3,0,,,,3.9521306,0.0,0.0,0.0,0.0
11,9,3,0,,,,3.7075834,0.0,0.0,0.0,68.44
11,10,3,0,,,,2.1745667,0.0,0.0,0.0,289.2
11,11,3,0,,,,0.31313333,0.0,0.0,0.0,419.51
11,12,3,0,,,,0.51435,0.0,0.0,0.0,562.04
11,13,3,0,,,,0.5898833,0.0,0.0,0.0,569.83
11,14,3,0,,,,0.88943887,0.0,0.0,0.0,494.04
11,15,3,0,,,,0.87876666,0.0,0.0,0.0,305.49
11,16,3,0,,,,0.8062,0.0,0.0,0.0,117.75
11,17,3,0,,,,0.26276666,0.0,0.0,0.0,0.0
11,18,3,0,,,,0.24391666,0.0,0.0,0.0,0.0
11,19,3,0,,,,0.24336667,0.0,0.0,0.0,0.0
11,20,3,0,,,,0.4529,0.0,0.0,0.0,0.0
11,21,3,0,,,,1.0224167,0.0,0.0,0.0,0.0
11,22,3,0,,,,1.2989612,0.0,0.0,0.0,0.0
11,23,3,0,,,,1.6292334,0.0,0.0,0.0,0.0
11,24,3,0,,,,3.5881805,0.0,0.0,0.0,0.0
11,1,4,0,,,,2.1548,0.0,0.0,0.0,0.0
11,2,4,0,,,,2.64265,0.0,0.0,0.0,0.0
11,3,4,0,,,,1.98975,0.0,0.0,0.0,0.0
11,4,4,0,,,,1.5934111,0.0,0.0,0.0,0.0
11,5,4,0,,,,1.4615166,0.0,0.0,0.0,0.0
11,6,4,0,,,,1.684789,0.0,0.0,0.0,0.0
11,7,4,0,,,,3.9772832,0.0,0.0,0.0,0.0
11,8,4,0,,,,5.1513667,0.0,0.0,0.0,0.0
11,9,4,0,,,,5.3138165,0.0,0.0,0.0,27.98
11,10,4,0,,,,2.9263,0.0,0.0,0.0,156.04
11,11,4,0,,,,1.4079334,0.0,0.0,0.0,356.68
11,12,4,0,,,,1.6309055,0.0,0.0,0.0,481.8
11,13,4,0,,,,1.8758583,0.0,0.0,0.0,595.13
11,14,4,0,,,,0.9866167,0.0,0.0,0.0,502.39
11,15,4,0,,,,0.57678336,0.0,0.0,0.0,391.34
11,16,4,0,,,,0.9386944,0.0,0.0,0.0,200.96
11,17,4,0,,,,3.5705,0.0,0.0,0.0,0.0
11,18,4,0,,,,1.8184445,0.0,0.0,0.0,0.0
11,19,4,0,,,,1.2532667,0.0,0.0,0.0,0.0
11,20,4,0,,,,1.0353167,0.0,0.0,0.0,0.0
11,21,4,0,,,,1.05905,0.0,0.0,0.0,0.0
11,22,4,0,,,,0.838,0.0,0.0,0.0,0.0
11,23,4,0,,,,0.91605836,0.0,0.0,0.0,0.0
11,24,4,0,,,,0.3698,0.0,0.0,0.0,0.0
11,1,5,0,,,,0.2548111,0.0,0.0,0.0,0.0
11,2,5,0,,,,0.27595,0.0,0.0,0.0,0.0
11,3,5,0,,,,0.2644,0.0,0.0,0.0,0.0
11,4,5,0,,,,0.25313333,0.0,0.0,0.0,0.0
11,5,5,0,,,,0.25161666,0.0,0.0,0.0,0.0
11,6,5,0,,,,0.241,0.0,0.0,0.0,0.0
11,7,5,0,,,,0.41362223,0.0,0.0,0.0,0.0
11,8,5,0,,,,2.3462167,0.0,0.0,0.0,0.0
11,9,5,0,,,,0.88887775,0.0,0.0,0.0,3.33
11,10,5,0,,,,0.94306666,0.0,0.0,0.0,42.83
11,11,5,0,,,,1.0526806,0.0,0.0,0.0,121.48
11,12,5,0,,,,1.5017834,0.0,0.0,0.0,104.71
11,13,5,0,,,,1.8944167,0.0,0.0,0.0,205.9
11,14,5,0,,,,1.5228916,0.0,0.0,0.0,138.84
11,15,5,0,,,,0.6965,0.0,0.0,0.0,266.7
11,16,5,0,,,,4.2248836,0.0,0.0,0.0,106.64
11,17,5,0,,,,4.44985,0.0,0.0,0.0,0.0
11,18,5,0,,,,4.4955835,0.0,0.0,0.0,0.0
11,19,5,0,,,,3.08235,0.0,0.0,0.0,0.0
11,20,5,0,,,,0.90176666,0.0,0.0,0.0,0.0
11,21,5,0,,,,0.72815,0.0,0.0,0.0,0.0
11,22,5,0,,,,0.766675,0.0,0.0,0.0,0.0
11,23,5,0,,,,0.76625,0.0,0.0,0.0,0.0
11,24,5,0,,,,0.8016833,0.0,0.0,0.0,0.0
11,1,6,0,,,,1.15785,0.0,0.0,0.0,0.0
11,2,6,0,,,,1.1138834,0.0,0.0,0.0,0.0
11,3,6,0,,,,0.42893332,0.0,0.0,0.0,0.0
11,4,6,0,,,,2.2033834,0.0,0.0,0.0,0.0
11,5,6,0,,,,0.53966665,0.0,0.0,0.0,0.0
11,6,6,0,,,,1.0064666,0.0,0.0,0.0,0.0
11,7,6,0,,,,0.9948,0.0,0.0,0.0,0.0
11,8,6,0,,,,0.9514055,0.0,0.0,0.0,0.0
11,9,6,0,,,,0.87705,0.0,0.0,0.0,31.5
11,10,6,0,,,,1.1346389,0.0,0.0,0.0,191.92
11,11,6,0,,,,2.6976833,0.0,0.0,0.0,488.91
11,12,6,0,,,,0.7317,0.0,0.0,0.0,577.96
11,13,6,0,,,,3.7156,0.0,0.0,0.0,599.8
11,14,6,0,,,,4.3461165,0.0,0.0,0.0,494.55
11,15,6,0,,,,6.592183,0.0,0.0,0.0,364.3
11,16,6,0,,,,5.6054835,0.0,0.0,0.0,24.04
11,17,6,0,,,,2.05775,0.0,0.0,0.0,0.0
11,18,6,0,,,,0.30688334,0.0,0.0,0.0,0.0
11,19,6,0,,,,0.29935,0.0,0.0,0.0,0.0
11,20,6,0,,,,0.29895,0.0,0.0,0.0,0.0
11,21,6,0,,,,0.29695,0.0,0.0,0.0,0.0
11,22,6,0,,,,0.81041944,0.0,0.0,0.0,0.0
11,23,6,0,,,,2.0624,0.0,0.0,0.0,0.0
11,24,6,0,,,,2.9185388,0.0,0.0,0.0,0.0
11,1,7,0,,,,2.8087,0.0,0.0,0.0,0.0
11,2,7,0,,,,1.7342,0.0,0.0,0.0,0.0
11,3,7,0,,,,0.9449667,0.0,0.0,0.0,0.0
11,4,7,0,,,,1.3543445,0.0,0.0,0.0,0.0
11,5,7,0,,,,1.058,0.0,0.0,0.0,0.0
11,6,7,0,,,,0.32375,0.0,0.0,0.0,0.0
11,7,7,0,,,,0.5735833,0.0,0.0,0.0,0.0
11,8,7,0,,,,0.67720556,0.0,0.0,0.0,0.0
11,9,7,0,,,,0.6749667,0.0,0.0,0.0,55.47
11,10,7,0,,,,0.41875556,0.0,0.0,0.0,205.03
11,11,7,0,,,,0.26726112,0.0,0.0,0.0,80.0
11,12,7,0,,,,0.26911667,0.0,0.0,0.0,56.98
11,13,7,0,,,,0.2661,0.0,0.0,0.0,42.33
11,14,7,0,,,,2.47145,0.0,0.0,0.0,39.84
11,15,7,0,,,,1.1958667,0.0,0.0,0.0,26.76
11,16,7,0,,,,3.93885,0.0,0.0,0.0,3.18
11,17,7,0,,,,3.7318,0.0,0.0,0.0,0.0
11,18,7,0,,,,2.9520166,0.0,0.0,0.0,0.0
11,19,7,0,,,,3.1563222,0.0,0.0,0.0,0.0
11,20,7,0,,,,2.1114666,0.0,0.0,0.0,0.0
11,21,7,0,,,,2.3712277,0.0,0.0,0.0,0.0
11,22,7,0,,,,1.0596167,0.0,0.0,0.0,0.0
11,23,7,0,,,,1.0765166,0.0,0.0,0.0,0.0
11,24,7,0,,,,2.0478415,0.0,0.0,0.0,0.0
11,1,1,0,,,,2.5197334,0.0,0.0,0.0,0.0
11,2,1,0,,,,2.49845,0.0,0.0,0.0,0.0
11,3,1,0,,,,2.0500612,0.0,0.0,0.0,0.0
11,4,1,0,,,,2.4980333,0.0,0.0,0.0,0.0
11,5,1,0,,,,2.6558611,0.0,0.0,0.0,0.0
11,6,1,0,,,,1.4487833,0.0,0.0,0.0,0.0
11,7,1,0,,,,1.3089334,0.0,0.0,0.0,0.0
11,8,1,0,,,,1.1838666,0.0,0.0,0.0,0.0
11,9,1,0,,,,1.08665,0.0,0.0,0.0,1.24
11,10,1,0,,,,1.3357888,0.0,0.0,0.0,26.39
11,11,1,0,,,,0.7246,0.0,0.0,0.0,43.51
11,12,1,0,,,,2.3694277,0.0,0.0,0.0,38.65
11,13,1,0,,,,0.7769333,0.0,0.0,0.0,28.48
11,14,1,0,,,,1.4835,0.0,0.0,0.0,16.63
11,15,1,0,,,,3.8440666,0.0,0.0,0.0,34.54
11,16,1,0,,,,4.9887166,0.0,0.0,0.0,7.25
11,17,1,0,,,,4.9820113,0.0,0.0,0.0,0.0
11,18,1,0,,,,4.272967,0.0,0.0,0.0,0.0
11,19,1,0,,,,1.0763888,0.0,0.0,0.0,0.0
11,20,1,0,,,,1.78305,0.0,0.0,0.0,0.0
11,21,1,0,,,,1.1947889,0.0,0.0,0.0,0.0
11,22,1,0,,,,0.6735333,0.0,0.0,0.0,0.0
11,23,1,0,,,,3.1443834,0.0,0.0,0.0,0.0
11,24,1,0,,,,2.1552334,0.0,0.0,0.0,0.0
11,1,2,0,,,,4.1254835,0.0,0.0,0.0,0.0
11,2,2,0,,,,2.06405,0.0,0.0,0.0,0.0
11,3,2,0,,,,2.0761778,0.0,0.0,0.0,0.0
11,4,2,0,,,,2.0019166,0.0,0.0,0.0,0.0
11,5,2,0,,,,0.31947222,0.0,0.0,0.0,0.0
11,6,2,0,,,,0.33123332,0.0,0.0,0.0,0.0
11,7,2,0,,,,2.3374112,0.0,0.0,0.0,0.0
11,8,2,0,,,,3.7614,0.0,0.0,0.0,0.0
11,9,2,0,,,,4.4315777,0.0,0.0,0.0,0.0
11,10,2,0,,,,3.4317,0.0,0.0,0.0,6.53
11,11,2,0,,,,0.86186665,0.0,0.0,0.0,22.8
11,12,2,0,,,,0.27916667,0.0,0.0,0.0,12.91
11,13,2,0,,,,0.27743334,0.0,0.0,0.0,36.34
11,14,2,0,,,,0.27893335,0.0,0.0,0.0,14.97
11,15,2,0,,,,0.31344166,0.0,0.0,0.0,25.76
11,16,2,0,,,,2.2423832,0.0,0.0,0.0,9.65
11,17,2,0,,,,2.9993,0.0,0.0,0.0,0.0
11,18,2,0,,,,1.0505834,0.0,0.0,0.0,0.0
11,19,2,0,,,,5.1219053,0.0,0.0,0.0,0.0
11,20,2,0,,,,3.1280832,0.0,0.0,0.0,0.0
11,21,2,0,,,,1.9669278,0.0,0.0,0.0,0.0
11,22,2,0,,,,2.7772,0.0,0.0,0.0,0.0
11,23,2,0,,,,0.85743886,0.0,0.0,0.0,0.0
11,24,2,0,,,,1.2658583,0.0,0.0,0.0,0.0
11,1,3,0,,,,1.3223833,0.0,0.0,0.0,0.0
11,2,3,0,,,,2.1061168,0.0,0.0,0.0,0.0
11,3,3,0,,,,1.7616777,0.0,0.0,0.0,0.0
11,4,3,0,,,,1.6497,0.0,0.0,0.0,0.0
11,5,3,0,,,,2.0022888,0.0,0.0,0.0,0.0
11,6,3,0,,,,1.89075,0.0,0.0,0.0,0.0
11,7,3,0,,,,4.663428,0.0,0.0,0.0,0.0
11,8,3,0,,,,5.1468835,0.0,0.0,0.0,0.0
11,9,3,0,,,,4.492089,0.0,0.0,0.0,36.91
11,10,3,0,,,,3.0638168,0.0,0.0,0.0,302.03
11,11,3,0,,,,0.8225,0.0,0.0,0.0,513.19
11,12,3,0,,,,1.0248834,0.0,0.0,0.0,339.64
11,13,3,0,,,,0.63375556,0.0,0.0,0.0,132.6
11,14,3,0,,,,0.46546668,0.0,0.0,0.0,136.84
11,15,3,0,,,,0.6624278,0.0,0.0,0.0,33.99
11,16,3,0,,,,0.95606667,0.0,0.0,0.0,4.77
11,17,3,0,,,,1.3972833,0.0,0.0,0.0,0.0
11,18,3,0,,,,0.8914,0.0,0.0,0.0,0.0
11,19,3,0,,,,1.2180556,0.0,0.0,0.0,0.0
11,20,3,0,,,,1.2721833,0.0,0.0,0.0,0.0
11,21,3,0,,,,1.0541611,0.0,0.0,0.0,0.0
11,22,3,0,,,,1.3602834,0.0,0.0,0.0,0.0
11,23,3,0,,,,1.9822778,0.0,0.0,0.0,0.0
11,24,3,0,,,,1.7035333,0.0,0.0,0.0,0.0
12,1,4,0,,,,2.3219333,0.0,0.0,0.0,0.0
12,2,4,0,,,,3.3955333,0.0,0.0,0.0,0.0
12,3,4,0,,,,2.3444166,0.0,0.0,0.0,0.0
12,4,4,0,,,,2.1247,0.0,0.0,0.0,0.0
12,5,4,0,,,,2.2732832,0.0,0.0,0.0,0.0
12,6,4,0,,,,2.30625,0.0,0.0,0.0,0.0
12,7,4,0,,,,2.0068445,0.0,0.0,0.0,0.0
12,8,4,0,,,,1.8340334,0.0,0.0,0.0,0.0
12,9,4,0,,,,1.7832445,0.0,0.0,0.0,1.7
12,10,4,0,,,,1.2283167,0.0,0.0,0.0,71.08
12,11,4,0,,,,1.2618667,0.0,0.0,0.0,532.17
12,12,4,0,,,,1.1762167,0.0,0.0,0.0,656.48
12,13,4,0,,,,0.63105553,0.0,0.0,0.0,636.67
12,14,4,0,,,,0.6337,0.0,0.0,0.0,582.72
12,15,4,0,,,,0.71271664,0.0,0.0,0.0,367.53
12,16,4,0,,,,0.75546664,0.0,0.0,0.0,2.16
12,17,4,0,,,,1.7448666,0.0,0.0,0.0,0.0
12,18,4,0,,,,2.1542277,0.0,0.0,0.0,0.0
12,19,4,0,,,,1.6852833,0.0,0.0,0.0,0.0
12,20,4,0,,,,0.81408334,0.0,0.0,0.0,0.0
12,21,4,0,,,,0.72816664,0.0,0.0,0.0,0.0
12,22,4,0,,,,0.8200222,0.0,0.0,0.0,0.0
12,23,4,0,,,,0.9892833,0.0,0.0,0.0,0.0
12,24,4,0,,,,0.9304139,0.0,0.0,0.0,0.0
12,1,5,0,,,,0.9345667,0.0,0.0,0.0,0.0
12,2,5,0,,,,0.94787776,0.0,0.0,0.0,0.0
12,3,5,0,,,,1.5868666,0.0,0.0,0.0,0.0
12,4,5,0,,,,0.62926114,0.0,0.0,0.0,0.0
12,5,5,0,,,,1.7615334,0.0,0.0,0.0,0.0
12,6,5,0,,,,0.26797223,0.0,0.0,0.0,0.0
12,7,5,0,,,,0.27066666,0.0,0.0,0.0,0.0
12,8,5,0,,,,0.2763278,0.0,0.0,0.0,0.0
12,9,5,0,,,,0.2794,0.0,0.0,0.0,2.2
12,10,5,0,,,,0.28284445,0.0,0.0,0.0,36.91
12,11,5,0,,,,0.27863333,0.0,0.0,0.0,111.48
12,12,5,0,,,,0.27776667,0.0,0.0,0.0,90.37
12,13,5,0,,,,0.2752611,0.0,0.0,0.0,187.16
12,14,5,0,,,,0.27595,0.0,0.0,0.0,75.9
12,15,5,0,,,,0.5589833,0.0,0.0,0.0,31.47
12,16,5,0,,,,0.8538,0.0,0.0,0.0,8.93
12,17,5,0,,,,4.885689,0.0,0.0,0.0,0.0
12,18,5,0,,,,5.4414167,0.0,0.0,0.0,0.0
12,19,5,0,,,,5.48935,0.0,0.0,0.0,0.0
12,20,5,0,,,,5.3010836,0.0,0.0,0.0,0.0
12,21,5,0,,,,4.9117,0.0,0.0,0.0,0.0
12,22,5,0,,,,1.6187944,0.0,0.0,0.0,0.0
12,23,5,0,,,,2.1908,0.0,0.0,0.0,0.0
12,24,5,0,,,,1.7423917,0.0,0.0,0.0,0.0
12,1,6,0,,,,3.4335,0.0,0.0,0.0,0.0
12,2,6,0,,,,3.1201832,0.0,0.0,0.0,0.0
12,3,6,0,,,,3.10085,0.0,0.0,0.0,0.0
12,4,6,0,,,,1.7555166,0.0,0.0,0.0,0.0
12,5,6,0,,,,1.9182944,0.0,0.0,0.0,0.0
12,6,6,0,,,,1.52315,0.0,0.0,0.0,0.0
12,7,6,0,,,,1.4991277,0.0,0.0,0.0,0.0
12,8,6,0,,,,1.4841666,0.0,0.0,0.0,0.0
12,9,6,0,,,,1.395,0.0,0.0,0.0,0.8
12,10,6,0,,,,1.17585,0.0,0.0,0.0,10.53
12,11,6,0,,,,0.67352223,0.0,0.0,0.0,38.68
12,12,6,0,,,,0.9540333,0.0,0.0,0.0,35.46
12,13,6,0,,,,0.29430556,0.0,0.0,0.0,29.25
12,14,6,0,,,,0.36338332,0.0,0.0,0.0,17.37
12,15,6,0,,,,1.2689389,0.0,0.0,0.0,27.75
12,16,6,0,,,,1.2982666,0.0,0.0,0.0,13.38
12,17,6,0,,,,1.8605444,0.0,0.0,0.0,0.0
12,18,6,0,,,,2.3149834,0.0,0.0,0.0,0.0
12,19,6,0,,,,5.077878,0.0,0.0,0.0,0.0
12,20,6,0,,,,4.352267,0.0,0.0,0.0,0.0
12,21,6,0,,,,7.17965,0.0,0.0,0.0,0.0
12,22,6,0,,,,5.689461,0.0,0.0,0.0,0.0
12,23,6,0,,,,1.5171,0.0,0.0,0.0,0.0
12,24,6,0,,,,1.5431777,0.0,0.0,0.0,0.0
12,1,7,0,,,,1.5981833,0.0,0.0,0.0,0.0
12,2,7,0,,,,1.36925,0.0,0.0,0.0,0.0
12,3,7,0,,,,1.6117166,0.0,0.0,0.0,0.0
12,4,7,0,,,,1.1376333,0.0,0.0,0.0,0.0
12,5,7,0,,,,2.4628832,0.0,0.0,0.0,0.0
12,6,7,0,,,,1.4834722,0.0,0.0,0.0,0.0
12,7,7,0,,,,1.4907666,0.0,0.0,0.0,0.0
12,8,7,0,,,,1.51295,0.0,0.0,0.0,0.0
12,9,7,0,,,,1.0958055,0.0,0.0,0.0,32.24
12,10,7,0,,,,0.65031666,0.0,0.0,0.0,189.37
12,11,7,0,,,,1.0477417,0.0,0.0,0.0,457.36
12,12,7,0,,,,0.62025,0.0,0.0,0.0,574.37
12,13,7,0,,,,0.22227223,0.0,0.0,0.0,507.33
12,14,7,0,,,,0.23033333,0.0,0.0,0.0,540.24
12,15,7,0,,,,0.30484444,0.0,0.0,0.0,173.46
12,16,7,0,,,,1.9722333,0.0,0.0,0.0,10.77
12,17,7,0,,,,0.9296833,0.0,0.0,0.0,0.0
12,18,7,0,,,,0.80791664,0.0,0.0,0.0,0.0
12,19,7,0,,,,0.5377667,0.0,0.0,0.0,0.0
12,20,7,0,,,,0.46529168,0.0,0.0,0.0,0.0
12,21,7,0,,,,0.35221666,0.0,0.0,0.0,0.0
12,22,7,0,,,,5.0207777,0.0,0.0,0.0,0.0
12,23,7,0,,,,4.6831,0.0,0.0,0.0,0.0
12,24,7,0,,,,4.6139193,0.0,0.0,0.0,0.0
12,1,1,0,,,,1.8001333,0.0,0.0,0.0,0.0
12,2,1,0,,,,1.4887333,0.0,0.0,0.0,0.0
12,3,1,0,,,,1.1600167,0.0,0.0,0.0,0.0
12,4,1,0,,,,0.9257278,0.0,0.0,0.0,0.0
12,5,1,0,,,,0.33446667,0.0,0.0,0.0,0.0
12,6,1,0,,,,0.34771666,0.0,0.0,0.0,0.0
12,7,1,0,,,,0.28968334,0.0,0.0,0.0,0.0
12,8,1,0,,,,0.27318335,0.0,0.0,0.0,0.0
12,9,1,0,,,,0.27335,0.0,0.0,0.0,0.02
12,10,1,0,,,,0.5867556,0.0,0.0,0.0,37.9
12,11,1,0,,,,0.66358334,0.0,0.0,0.0,100.67
12,12,1,0,,,,0.7018667,0.0,0.0,0.0,53.11
12,13,1,0,,,,0.36743334,0.0,0.0,0.0,77.51
12,14,1,0,,,,1.0399055,0.0,0.0,0.0,533.48
12,15,1,0,,,,1.6036333,0.0,0.0,0.0,391.25
12,16,1,0,,,,1.9493889,0.0,0.0,0.0,11.87
12,17,1,0,,,,1.3976,0.0,0.0,0.0,0.0
12,18,1,0,,,,0.6163889,0.0,0.0,0.0,0.0
12,19,1,0,,,,0.6903333,0.0,0.0,0.0,0.0
12,20,1,0,,,,0.7000611,0.0,0.0,0.0,0.0
12,21,1,0,,,,0.99041665,0.0,0.0,0.0,0.0
12,22,1,0,,,,1.9034166,0.0,0.0,0.0,0.0
12,23,1,0,,,,1.7962667,0.0,0.0,0.0,0.0
12,24,1,0,,,,0.747775,0.0,0.0,0.0,0.0
12,1,2,0,,,,0.5596167,0.0,0.0,0.0,0.0
12,2,2,0,,,,0.4476778,0.0,0.0,0.0,0.0
12,3,2,0,,,,0.39135,0.0,0.0,0.0,0.0
12,4,2,0,,,,0.27557778,0.0,0.0,0.0,0.0
12,5,2,0,,,,0.3977,0.0,0.0,0.0,0.0
12,6,2,0,,,,0.6758222,0.0,0.0,0.0,0.0
12,7,2,0,,,,0.65775,0.0,0.0,0.0,0.0
12,8,2,0,,,,0.61312777,0.0,0.0,0.0,0.0
12,9,2,0,,,,0.27216667,0.0,0.0,0.0,41.53
12,10,2,0,,,,0.26304168,0.0,0.0,0.0,351.52
12,11,2,0,,,,0.27431667,0.0,0.0,0.0,531.12
12,12,2,0,,,,0.2741,0.0,0.0,0.0,613.7
12,13,2,0,,,,0.34426665,0.0,0.0,0.0,627.16
12,14,2,0,,,,0.27195,0.0,0.0,0.0,571.46
12,15,2,0,,,,0.28523332,0.0,0.0,0.0,397.52
12,16,2,0,,,,0.58447224,0.0,0.0,0.0,11.9
12,17,2,0,,,,0.53545,0.0,0.0,0.0,0.0
12,18,2,0,,,,4.0466166,0.0,0.0,0.0,0.0
12,19,2,0,,,,8.6019,0.0,0.0,0.0,0.0
12,20,2,0,,,,5.5622663,0.0,0.0,0.0,0.0
12,21,2,0,,,,3.0148335,0.0,0.0,0.0,0.0
12,22,2,0,,,,1.6859945,0.0,0.0,0.0,0.0
12,23,2,0,,,,1.6672666,0.0,0.0,0.0,0.0
12,24,2,0,,,,1.92195,0.0,0.0,0.0,0.0
12,1,3,0,,,,0.84456664,0.0,0.0,0.0,0.0
12,2,3,0,,,,0.76359445,0.0,0.0,0.0,0.0
12,3,3,0,,,,0.35686666,0.0,0.0,0.0,0.0
12,4,3,0,,,,0.34525,0.0,0.0,0.0,0.0
12,5,3,0,,,,0.492,0.0,0.0,0.0,0.0
12,6,3,0,,,,1.8086889,0.0,0.0,0.0,0.0
12,7,3,0,,,,0.67356664,0.0,0.0,0.0,0.0
12,8,3,0,,,,0.55382776,0.0,0.0,0.0,0.0
12,9,3,0,,,,0.27946666,0.0,0.0,0.0,2.22
12,10,3,0,,,,0.2797278,0.0,0.0,0.0,231.05
12,11,3,0,,,,0.27805,0.0,0.0,0.0,408.42
12,12,3,0,,,,0.28092223,0.0,0.0,0.0,480.08
12,13,3,0,,,,0.27895,0.0,0.0,0.0,585.65
12,14,3,0,,,,0.27966666,0.0,0.0,0.0,598.62
12,15,3,0,,,,3.4815166,0.0,0.0,0.0,459.59
12,16,3,0,,,,3.6791945,0.0,0.0,0.0,11.97
12,17,3,0,,,,7.0337334,0.0,0.0,0.0,0.0
12,18,3,0,,,,2.3246334,0.0,0.0,0.0,0.0
12,19,3,0,,,,0.26923335,0.0,0.0,0.0,0.0
12,20,3,0,,,,3.1656778,0.0,0.0,0.0,0.0
12,21,3,0,,,,4.36265,0.0,0.0,0.0,0.0
12,22,3,0,,,,2.6344779,0.0,0.0,0.0,0.0
12,23,3,0,,,,2.2669666,0.0,0.0,0.0,0.0
12,24,3,0,,,,1.6902833,0.0,0.0,0.0,0.0
12,1,4,0,,,,0.41275,0.0,0.0,0.0,0.0
12,2,4,0,,,,0.40964445,0.0,0.0,0.0,0.0
12,3,4,0,,,,0.38695,0.0,0.0,0.0,0.0
12,4,4,0,,,,1.0887722,0.0,0.0,0.0,0.0
12,5,4,0,,,,0.36076668,0.0,0.0,0.0,0.0
12,6,4,0,,,,0.7529333,0.0,0.0,0.0,0.0
12,7,4,0,,,,4.06855,0.0,0.0,0.0,0.0
12,8,4,0,,,,4.1326222,0.0,0.0,0.0,0.0
12,9,4,0,,,,3.7355833,0.0,0.0,0.0,24.96
12,10,4,0,,,,2.1338556,0.0,0.0,0.0,217.95
12,11,4,0,,,,0.29745,0.0,0.0,0.0,163.5
12,12,4,0,,,,0.29884446,0.0,0.0,0.0,155.5
12,13,4,0,,,,0.29471666,0.0,0.0,0.0,73.94
12,14,4,0,,,,0.29035556,0.0,0.0,0.0,496.38
12,15,4,0,,,,0.29311666,0.0,0.0,0.0,151.35
12,16,4,0,,,,0.45741665,0.0,0.0,0.0,10.56
12,17,4,0,,,,0.8213,0.0,0.0,0.0,0.0
12,18,4,0,,,,5.6544333,0.0,0.0,0.0,0.0
12,19,4,0,,,,4.3168,0.0,0.0,0.0,0.0
12,20,4,0,,,,2.0173333,0.0,0.0,0.0,0.0
12,21,4,0,,,,2.8449667,0.0,0.0,0.0,0.0
12,22,4,0,,,,2.4968722,0.0,0.0,0.0,0.0
12,23,4,0,,,,2.20525,0.0,0.0,0.0,0.0
12,24,4,0,,,,1.8454555,0.0,0.0,0.0,0.0
12,1,5,0,,,,0.7254,0.0,0.0,0.0,0.0
12,2,5,0,,,,0.37395555,0.0,0.0,0.0,0.0
12,3,5,0,,,,0.3191,0.0,0.0,0.0,0.0
12,4,5,0,,,,0.2919778,0.0,0.0,0.0,0.0
12,5,5,0,,,,0.30118334,0.0,0.0,0.0,0.0
12,6,5,0,,,,0.7391667,0.0,0.0,0.0,0.0
12,7,5,0,,,,4.1330667,0.0,0.0,0.0,0.0
12,8,5,0,,,,4.1235723,0.0,0.0,0.0,0.0
12,9,5,0,,,,3.7245,0.0,0.0,0.0,0.0
12,10,5,0,,,,1.7989,0.0,0.0,0.0,93.55
12,11,5,0,,,,0.28848332,0.0,0.0,0.0,435.37
12,12,5,0,,,,0.24729191,0.0,0.0,0.0,257.47
12,13,5,0,,,,0.28693333,0.0,0.0,0.0,637.97
12,14,5,0,,,,0.28596666,0.0,0.0,0.0,481.42
12,15,5,0,,,,0.28333333,0.0,0.0,0.0,388.75
12,16,5,0,,,,0.27835,0.0,0.0,0.0,10.57
12,17,5,0,,,,0.28068334,0.0,0.0,0.0,0.0
12,18,5,0,,,,0.27888888,0.0,0.0,0.0,0.0
12,19,5,0,,,,1.0739666,0.0,0.0,0.0,0.0
12,20,5,0,,,,4.926778,0.0,0.0,0.0,0.0
12,21,5,0,,,,2.807,0.0,0.0,0.0,0.0
12,22,5,0,,,,2.1599445,0.0,0.0,0.0,0.0
12,23,5,0,,,,1.1231,0.0,0.0,0.0,0.0
12,24,5,0,,,,0.4821278,0.0,0.0,0.0,0.0
12,1,6,0,,,,2.50845,0.0,0.0,0.0,0.0
12,2,6,0,,,,1.5614611,0.0,0.0,0.0,0.0
12,3,6,0,,,,1.1738167,0.0,0.0,0.0,0.0
12,4,6,0,,,,1.3822833,0.0,0.0,0.0,0.0
12,5,6,0,,,,1.5181834,0.0,0.0,0.0,0.0
12,6,6,0,,,,0.9936389,0.0,0.0,0.0,0.0
12,7,6,0,,,,3.91515,0.0,0.0,0.0,0.0
12,8,6,0,,,,3.936711,0.0,0.0,0.0,0.0
12,9,6,0,,,,3.9244,0.0,0.0,0.0,0.0
12,10,6,0,,,,2.3766334,0.0,0.0,0.0,15.99
12,11,6,0,,,,0.70923334,0.0,0.0,0.0,43.04
12,12,6,0,,,,0.84703887,0.0,0.0,0.0,40.41
12,13,6,0,,,,0.51608336,0.0,0.0,0.0,26.5
12,14,6,0,,,,0.60780555,0.0,0.0,0.0,28.71
12,15,6,0,,,,0.5333167,0.0,0.0,0.0,8.35
12,16,6,0,,,,0.7771889,0.0,0.0,0.0,5.33
12,17,6,0,,,,2.5016334,0.0,0.0,0.0,0.0
12,18,6,0,,,,1.1877167,0.0,0.0,0.0,0.0
12,19,6,0,,,,3.06135,0.0,0.0,0.0,0.0
12,20,6,0,,,,4.11615,0.0,0.0,0.0,0.0
12,21,6,0,,,,1.8185667,0.0,0.0,0.0,0.0
12,22,6,0,,,,1.7862556,0.0,0.0,0.0,0.0
12,23,6,0,,,,1.4603,0.0,0.0,0.0,0.0
12,24,6,0,,,,1.7760445,0.0,0.0,0.0,0.0
12,1,7,0,,,,1.7139666,0.0,0.0,0.0,0.0
12,2,7,0,,,,1.9102777,0.0,0.0,0.0,0.0
12,3,7,0,,,,1.9790666,0.0,0.0,0.0,0.0
12,4,7,0,,,,1.4997778,0.0,0.0,0.0,0.0
12,5,7,0,,,,1.6787833,0.0,0.0,0.0,0.0
12,6,7,0,,,,1.57255,0.0,0.0,0.0,0.0
12,7,7,0,,,,1.3697,0.0,0.0,0.0,0.0
12,8,7,0,,,,1.3192278,0.0,0.0,0.0,0.0
12,9,7,0,,,,1.37535,0.0,0.0,0.0,0.0
12,10,7,0,,,,1.3729,0.0,0.0,0.0,36.89
12,11,7,0,,,,1.3780167,0.0,0.0,0.0,68.85
12,12,7,0,,,,1.2675611,0.0,0.0,0.0,89.77
12,13,7,0,,,,1.3546833,0.0,0.0,0.0,164.65
12,14,7,0,,,,1.4574277,0.0,0.0,0.0,170.97
12,15,7,0,,,,1.1972834,0.0,0.0,0.0,107.58
12,16,7,0,,,,1.9758834,0.0,0.0,0.0,6.5
12,17,7,0,,,,2.0034332,0.0,0.0,0.0,0.0
12,18,7,0,,,,2.0792832,0.0,0.0,0.0,0.0
12,19,7,0,,,,1.7571,0.0,0.0,0.0,0.0
12,20,7,0,,,,1.3364278,0.0,0.0,0.0,0.0
12,21,7,0,,,,2.0062168,0.0,0.0,0.0,0.0
12,22,7,0,,,,5.042439,0.0,0.0,0.0,0.0
12,23,7,0,,,,4.99885,0.0,0.0,0.0,0.0
12,24,7,0,,,,4.5050974,0.0,0.0,0.0,0.0
12,1,1,0,,,,2.3858,0.0,0.0,0.0,0.0
12,2,1,0,,,,0.33536667,0.0,0.0,0.0,0.0
12,3,1,0,,,,0.29421666,0.0,0.0,0.0,0.0
12,4,1,0,,,,1.9776889,0.0,0.0,0.0,0.0
12,5,1,0,,,,0.65143335,0.0,0.0,0.0,0.0
12,6,1,0,,,,0.7914,0.0,0.0,0.0,0.0
12,7,1,0,,,,1.0972333,0.0,0.0,0.0,0.0
12,8,1,0,,,,1.0906278,0.0,0.0,0.0,0.0
12,9,1,0,,,,0.56638336,0.0,0.0,0.0,0.0
12,10,1,0,,,,0.7631056,0.0,0.0,0.0,22.24
12,11,1,0,,,,0.7011,0.0,0.0,0.0,51.59
12,12,1,0,,,,0.69359446,0.0,0.0,0.0,45.93
12,13,1,0,,,,0.4914,0.0,0.0,0.0,30.34
12,14,1,0,,,,0.6740889,0.0,0.0,0.0,52.84
12,15,1,0,,,,0.45701668,0.0,0.0,0.0,10.3
12,16,1,0,,,,0.8204778,0.0,0.0,0.0,0.22
12,17,1,0,,,,1.1249666,0.0,0.0,0.0,0.0
12,18,1,0,,,,1.0450277,0.0,0.0,0.0,0.0
12,19,1,0,,,,1.1479167,0.0,0.0,0.0,0.0
12,20,1,0,,,,0.8598833,0.0,0.0,0.0,0.0
12,21,1,0,,,,2.4869168,0.0,0.0,0.0,0.0
12,22,1,0,,,,1.5683,0.0,0.0,0.0,0.0
12,23,1,0,,,,1.1070334,0.0,0.0,0.0,0.0
12,24,1,0,,,,1.3654277,0.0,0.0,0.0,0.0
12,1,2,0,,,,1.3605,0.0,0.0,0.0,0.0
12,2,2,0,,,,0.9994389,0.0,0.0,0.0,0.0
12,3,2,0,,,,1.2450167,0.0,0.0,0.0,0.0
12,4,2,0,,,,1.21265,0.0,0.0,0.0,0.0
12,5,2,0,,,,1.4294167,0.0,0.0,0.0,0.0
12,6,2,0,,,,1.6448,0.0,0.0,0.0,0.0
12,7,2,0,,,,1.60205,0.0,0.0,0.0,0.0
12,8,2,0,,,,1.6359333,0.0,0.0,0.0,0.0
12,9,2,0,,,,1.2402834,0.0,0.0,0.0,0.0
12,10,2,0,,,,0.72191113,0.0,0.0,0.0,11.14
12,11,2,0,,,,1.0359334,0.0,0.0,0.0,28.49
12,12,2,0,,,,0.61640555,0.0,0.0,0.0,18.81
12,13,2,0,,,,0.2508,0.0,0.0,0.0,20.98
12,14,2,0,,,,0.25497222,0.0,0.0,0.0,25.41
12,15,2,0,,,,0.211965,0.0,0.0,0.0,4.29
12,16,2,0,,,,0.7704833,0.0,0.0,0.0,0.0
12,17,2,0,,,,0.98573333,0.0,0.0,0.0,0.0
12,18,2,0,,,,4.270239,0.0,0.0,0.0,0.0
12,19,2,0,,,,4.6416335,0.0,0.0,0.0,0.0
12,20,2,0,,,,3.32055,0.0,0.0,0.0,0.0
12,21,2,0,,,,1.1888833,0.0,0.0,0.0,0.0
12,22,2,0,,,,1.0492444,0.0,0.0,0.0,0.0
12,23,2,0,,,,1.3474166,0.0,0.0,0.0,0.0
12,24,2,0,,,,0.9889139,0.0,0.0,0.0,0.0
12,1,3,0,,,,1.54135,0.0,0.0,0.0,0.0
12,2,3,0,,,,1.4230722,0.0,0.0,0.0,0.0
12,3,3,0,,,,1.2395667,0.0,0.0,0.0,0.0
12,4,3,0,,,,1.2133334,0.0,0.0,0.0,0.0
12,5,3,0,,,,1.24405,0.0,0.0,0.0,0.0
12,6,3,0,,,,1.5104945,0.0,0.0,0.0,0.0
12,7,3,0,,,,1.5416167,0.0,0.0,0.0,0.0
12,8,3,0,,,,1.4122388,0.0,0.0,0.0,0.0
12,9,3,0,,,,0.75311667,0.0,0.0,0.0,0.0
12,10,3,0,,,,0.9349222,0.0,0.0,0.0,35.12
12,11,3,0,,,,0.61973333,0.0,0.0,0.0,37.73
12,12,3,0,,,,0.6444333,0.0,0.0,0.0,54.4
12,13,3,0,,,,0.2466,0.0,0.0,0.0,23.83
12,14,3,0,,,,0.2491,0.0,0.0,0.0,19.41
12,15,3,0,,,,2.9967,0.0,0.0,0.0,21.57
12,16,3,0,,,,3.6786444,0.0,0.0,0.0,0.98
12,17,3,0,,,,4.171129,0.0,0.0,0.0,0.0
12,18,3,0,,,,3.8133166,0.0,0.0,0.0,0.0
12,19,3,0,,,,0.65366113,0.0,0.0,0.0,0.0
12,20,3,0,,,,2.47225,0.0,0.0,0.0,0.0
12,21,3,0,,,,1.0350333,0.0,0.0,0.0,0.0
12,22,3,0,,,,1.0476167,0.0,0.0,0.0,0.0
12,23,3,0,,,,1.0224723,0.0,0.0,0.0,0.0
12,24,3,0,,,,1.1329583,0.0,0.0,0.0,0.0
12,1,4,0,,,,1.1170889,0.0,0.0,0.0,0.0
12,2,4,0,,,,1.4546167,0.0,0.0,0.0,0.0
12,3,4,0,,,,0.86909443,0.0,0.0,0.0,0.0
12,4,4,0,,,,1.08695,0.0,0.0,0.0,0.0
12,5,4,0,,,,1.0946889,0.0,0.0,0.0,0.0
12,6,4,0,,,,1.2111334,0.0,0.0,0.0,0.0
12,7,4,0,,,,2.7871,0.0,0.0,0.0,0.0
12,8,4,0,,,,4.979767,0.0,0.0,0.0,0.0
12,9,4,0,,,,4.1340113,0.0,0.0,0.0,0.0
12,10,4,0,,,,4.0719666,0.0,0.0,0.0,146.87
12,11,4,0,,,,0.84550554,0.0,0.0,0.0,487.41
12,12,4,0,,,,0.62135,0.0,0.0,0.0,590.6
12,13,4,0,,,,0.6832333,0.0,0.0,0.0,597.53
12,14,4,0,,,,0.8557,0.0,0.0,0.0,554.18
12,15,4,0,,,,0.58616114,0.0,0.0,0.0,253.26
12,16,4,0,,,,0.8777583,0.0,0.0,0.0,8.69
12,17,4,0,,,,3.8695667,0.0,0.0,0.0,0.0
12,18,4,0,,,,0.96993333,0.0,0.0,0.0,0.0
12,19,4,0,,,,1.275575,0.0,0.0,0.0,0.0
12,20,4,0,,,,1.5965667,0.0,0.0,0.0,0.0
12,21,4,0,,,,1.4699222,0.0,0.0,0.0,0.0
12,22,4,0,,,,1.3220167,0.0,0.0,0.0,0.0
12,23,4,0,,,,0.7466556,0.0,0.0,0.0,0.0
12,24,4,0,,,,0.47595835,0.0,0.0,0.0,0.0
12,1,5,0,,,,0.35733333,0.0,0.0,0.0,0.0
12,2,5,0,,,,0.29153332,0.0,0.0,0.0,0.0
12,3,5,0,,,,0.28337222,0.0,0.0,0.0,0.0
12,4,5,0,,,,0.27776667,0.0,0.0,0.0,0.0
12,5,5,0,,,,0.2758611,0.0,0.0,0.0,0.0
12,6,5,0,,,,0.62948334,0.0,0.0,0.0,0.0
12,7,5,0,,,,4.034639,0.0,0.0,0.0,0.0
12,8,5,0,,,,3.9664166,0.0,0.0,0.0,0.0
12,9,5,0,,,,3.6802332,0.0,0.0,0.0,0.0
12,10,5,0,,,,2.0622833,0.0,0.0,0.0,5.85
12,11,5,0,,,,0.2764,0.0,0.0,0.0,348.83
12,12,5,0,,,,0.2945,0.0,0.0,0.0,515.66
12,13,5,0,,,,0.36931667,0.0,0.0,0.0,576.92
12,14,5,0,,,,0.36596668,0.0,0.0,0.0,545.45
12,15,5,0,,,,0.36575556,0.0,0.0,0.0,377.29
12,16,5,0,,,,0.3538,0.0,0.0,0.0,7.41
12,17,5,0,,,,0.48169443,0.0,0.0,0.0,0.0
12,18,5,0,,,,0.35498333,0.0,0.0,0.0,0.0
12,19,5,0,,,,0.70920557,0.0,0.0,0.0,0.0
12,20,5,0,,,,3.4570668,0.0,0.0,0.0,0.0
12,21,5,0,,,,4.357689,0.0,0.0,0.0,0.0
12,22,5,0,,,,3.3719833,0.0,0.0,0.0,0.0
12,23,5,0,,,,3.4631221,0.0,0.0,0.0,0.0
12,24,5,0,,,,3.3041418,0.0,0.0,0.0,0.0
12,1,6,0,,,,2.64135,0.0,0.0,0.0,0.0
12,2,6,0,,,,2.8614333,0.0,0.0,0.0,0.0
12,3,6,0,,,,2.5696833,0.0,0.0,0.0,0.0
12,4,6,0,,,,2.7973833,0.0,0.0,0.0,0.0
12,5,6,0,,,,1.2681944,0.0,0.0,0.0,0.0
12,6,6,0,,,,1.6872333,0.0,0.0,0.0,0.0
12,7,6,0,,,,4.898372,0.0,0.0,0.0,0.0
12,8,6,0,,,,5.1727,0.0,0.0,0.0,0.0
12,9,6,0,,,,4.6546335,0.0,0.0,0.0,0.0
12,10,6,0,,,,3.2382333,0.0,0.0,0.0,289.83
12,11,6,0,,,,0.9098111,0.0,0.0,0.0,473.75
12,12,6,0,,,,0.9612167,0.0,0.0,0.0,550.88
12,13,6,0,,,,0.30094445,0.0,0.0,0.0,484.41
12,14,6,0,,,,0.58386666,0.0,0.0,0.0,481.74
12,15,6,0,,,,2.5946834,0.0,0.0,0.0,274.68
12,16,6,0,,,,1.8924667,0.0,0.0,0.0,6.84
12,17,6,0,,,,2.3827333,0.0,0.0,0.0,0.0
12,18,6,0,,,,2.1734333,0.0,0.0,0.0,0.0
12,19,6,0,,,,2.4818223,0.0,0.0,0.0,0.0
12,20,6,0,,,,1.9599833,0.0,0.0,0.0,0.0
12,21,6,0,,,,1.7186667,0.0,0.0,0.0,0.0
12,22,6,0,,,,1.9546833,0.0,0.0,0.0,0.0
12,23,6,0,,,,0.86305,0.0,0.0,0.0,0.0
12,24,6,0,,,,1.2783333,0.0,0.0,0.0,0.0
12,1,7,0,,,,3.658489,0.0,0.0,0.0,0.0
12,2,7,0,,,,3.6729,0.0,0.0,0.0,0.0
12,3,7,0,,,,2.683861,0.0,0.0,0.0,0.0
12,4,7,0,,,,2.31175,0.0,0.0,0.0,0.0
12,5,7,0,,,,1.914339,0.0,0.0,0.0,0.0
12,6,7,0,,,,2.4099834,0.0,0.0,0.0,0.0
12,7,7,0,,,,2.2626278,0.0,0.0,0.0,0.0
12,8,7,0,,,,1.0593667,0.0,0.0,0.0,0.0
12,9,7,0,,,,0.83858335,0.0,0.0,0.0,0.0
12,10,7,0,,,,1.1965166,0.0,0.0,0.0,210.17
12,11,7,0,,,,1.87655,0.0,0.0,0.0,462.44
12,12,7,0,,,,2.9321666,0.0,0.0,0.0,356.03
12,13,7,0,,,,1.8708888,0.0,0.0,0.0,442.92
12,14,7,0,,,,1.9549,0.0,0.0,0.0,516.67
12,15,7,0,,,,1.2930722,0.0,0.0,0.0,298.96
12,16,7,0,,,,0.98543334,0.0,0.0,0.0,9.62
12,17,7,0,,,,1.8235389,0.0,0.0,0.0,0.0
12,18,7,0,,,,2.3913834,0.0,0.0,0.0,0.0
12,19,7,0,,,,1.9122889,0.0,0.0,0.0,0.0
12,20,7,0,,,,2.6251917,0.0,0.0,0.0,0.0
12,21,7,0,,,,2.4364,0.0,0.0,0.0,0.0
12,22,7,0,,,,2.7780666,0.0,0.0,0.0,0.0
12,23,7,0,,,,2.6267555,0.0,0.0,0.0,0.0
12,24,7,0,,,,2.71865,0.0,0.0,0.0,0.0
12,1,1,0,,,,1.91135,0.0,0.0,0.0,0.0
12,2,1,0,,,,0.72825,0.0,0.0,0.0,0.0
12,3,1,0,,,,0.7652444,0.0,0.0,0.0,0.0
12,4,1,0,,,,0.36268333,0.0,0.0,0.0,0.0
12,5,1,0,,,,0.2965722,0.0,0.0,0.0,0.0
12,6,1,0,,,,1.6005167,0.0,0.0,0.0,0.0
12,7,1,0,,,,3.9765944,0.0,0.0,0.0,0.0
12,8,1,0,,,,3.7779834,0.0,0.0,0.0,0.0
12,9,1,0,,,,0.36838335,0.0,0.0,0.0,0.0
12,10,1,0,,,,0.2779278,0.0,0.0,0.0,148.53
12,11,1,0,,,,0.27868333,0.0,0.0,0.0,521.39
12,12,1,0,,,,0.279225,0.0,0.0,0.0,587.01
12,13,1,0,,,,0.31653333,0.0,0.0,0.0,579.65
12,14,1,0,,,,0.4576889,0.0,0.0,0.0,532.63
12,15,1,0,,,,0.54978335,0.0,0.0,0.0,380.77
12,16,1,0,,,,0.8391167,0.0,0.0,0.0,8.07
12,17,1,0,,,,0.53485,0.0,0.0,0.0,0.0
12,18,1,0,,,,0.53167224,0.0,0.0,0.0,0.0
12,19,1,0,,,,0.6875156,0.0,0.0,0.0,0.0
12,20,1,0,,,,2.7083333,0.0,0.0,0.0,0.0
12,21,1,0,,,,4.6567335,0.0,0.0,0.0,0.0
12,22,1,0,,,,3.7157667,0.0,0.0,0.0,0.0
12,23,1,0,,,,3.6291332,0.0,0.0,0.0,0.0
12,24,1,0,,,,4.0394583,0.0,0.0,0.0,0.0
12,1,2,0,,,,1.8399667,0.0,0.0,0.0,0.0
12,2,2,0,,,,2.264,0.0,0.0,0.0,0.0
12,3,2,0,,,,2.2288167,0.0,0.0,0.0,0.0
12,4,2,0,,,,1.91385,0.0,0.0,0.0,0.0
12,5,2,0,,,,1.6567667,0.0,0.0,0.0,0.0
12,6,2,0,,,,2.165,0.0,0.0,0.0,0.0
12,7,2,0,,,,2.1457167,0.0,0.0,0.0,0.0
12,8,2,0,,,,1.9168,0.0,0.0,0.0,0.0
12,9,2,0,,,,1.7857167,0.0,0.0,0.0,0.0
12,10,2,0,,,,2.9580667,0.0,0.0,0.0,155.12
12,11,2,0,,,,4.8124166,0.0,0.0,0.0,396.59
12,12,2,0,,,,2.7691417,0.0,0.0,0.0,526.48
12,13,2,0,,,,0.7848667,0.0,0.0,0.0,435.46
12,14,2,0,,,,0.4045,0.0,0.0,0.0,512.66
12,15,2,0,,,,1.0260167,0.0,0.0,0.0,342.57
12,16,2,0,,,,1.0556,0.0,0.0,0.0,6.49
12,17,2,0,,,,1.2554166,0.0,0.0,0.0,0.0
12,18,2,0,,,,1.1183,0.0,0.0,0.0,0.0
12,19,2,0,,,,1.5429667,0.0,0.0,0.0,0.0
12,20,2,0,,,,3.2605166,0.0,0.0,0.0,0.0
12,21,2,0,,,,2.4561167,0.0,0.0,0.0,0.0
12,22,2,0,,,,1.1839334,0.0,0.0,0.0,0.0
12,23,2,0,,,,1.9864,0.0,0.0,0.0,0.0
12,24,2,0,,,,0.8627,0.0,0.0,0.0,0.0
12,1,3,0,,,,1.1933666,0.0,0.0,0.0,0.0
12,2,3,0,,,,1.1120334,0.0,0.0,0.0,0.0
12,3,3,0,,,,1.11285,0.0,0.0,0.0,0.0
12,4,3,0,,,,0.6950167,0.0,0.0,0.0,0.0
12,5,3,0,,,,1.1029667,0.0,0.0,0.0,0.0
12,6,3,0,,,,1.2293167,0.0,0.0,0.0,0.0
12,7,3,0,,,,1.4187334,0.0,0.0,0.0,0.0
12,8,3,0,,,,1.49885,0.0,0.0,0.0,0.0
12,9,3,0,,,,1.0467167,0.0,0.0,0.0,0.0
12,10,3,0,,,,0.7407167,0.0,0.0,0.0,22.04
12,11,3,0,,,,0.9402,0.0,0.0,0.0,36.54
12,12,3,0,,,,1.0523,0.0,0.0,0.0,51.92
12,13,3,0,,,,1.07,0.0,0.0,0.0,48.72
12,14,3,0,,,,1.0854,0.0,0.0,0.0,20.18
12,15,3,0,,,,3.1071167,0.0,0.0,0.0,99.91
12,16,3,0,,,,4.5862665,0.0,0.0,0.0,9.76
12,17,3,0,,,,4.73555,0.0,0.0,0.0,0.0
12,18,3,0,,,,4.475217,0.0,0.0,0.0,0.0
12,19,3,0,,,,1.2262167,0.0,0.0,0.0,0.0
12,20,3,0,,,,1.6146444,0.0,0.0,0.0,0.0
12,21,3,0,,,,2.3129168,0.0,0.0,0.0,0.0
12,22,3,0,,,,1.6141611,0.0,0.0,0.0,0.0
12,23,3,0,,,,1.8865833,0.0,0.0,0.0,0.0
12,24,3,0,,,,1.341425,0.0,0.0,0.0,0.0
12,1,4,0,,,,1.8385167,0.0,0.0,0.0,0.0
12,2,4,0,,,,1.6651,0.0,0.0,0.0,0.0
12,3,4,0,,,,1.5229167,0.0,0.0,0.0,0.0
12,4,4,0,,,,1.89705,0.0,0.0,0.0,0.0
12,5,4,0,,,,1.8102833,0.0,0.0,0.0,0.0
12,6,4,0,,,,1.5667611,0.0,0.0,0.0,0.0
12,7,4,0,,,,3.1997333,0.0,0.0,0.0,0.0
12,8,4,0,,,,5.3571334,0.0,0.0,0.0,0.0
12,9,4,0,,,,5.2651834,0.0,0.0,0.0,0.0
12,10,4,0,,,,4.90415,0.0,0.0,0.0,7.6
12,11,4,0,,,,2.2063,0.0,0.0,0.0,99.98
12,12,4,0,,,,1.28155,0.0,0.0,0.0,57.01
12,13,4,0,,,,1.3879,0.0,0.0,0.0,25.09
12,14,4,0,,,,1.31645,0.0,0.0,0.0,15.22
12,15,4,0,,,,1.1527,0.0,0.0,0.0,3.0
12,16,4,0,,,,1.4228166,0.0,0.0,0.0,5.67
12,17,4,0,,,,1.2625,0.0,0.0,0.0,0.0
12,18,4,0,,,,1.4845834,0.0,0.0,0.0,0.0
12,19,4,0,,,,3.5144112,0.0,0.0,0.0,0.0
12,20,4,0,,,,3.5517,0.0,0.0,0.0,0.0
12,21,4,0,,,,1.2839333,0.0,0.0,0.0,0.0
12,22,4,0,,,,1.5674334,0.0,0.0,0.0,0.0
12,23,4,0,,,,2.1185668,0.0,0.0,0.0,0.0
12,24,4,0,,,,1.817925,0.0,0.0,0.0,0.0
12,1,5,0,,,,1.9076889,0.0,0.0,0.0,0.0
12,2,5,0,,,,1.5561334,0.0,0.0,0.0,0.0
12,3,5,0,,,,1.5992111,0.0,0.0,0.0,0.0
12,4,5,0,,,,1.5841334,0.0,0.0,0.0,0.0
12,5,5,0,,,,1.2304945,0.0,0.0,0.0,0.0
12,6,5,0,,,,1.76495,0.0,0.0,0.0,0.0
12,7,5,0,,,,4.504539,0.0,0.0,0.0,0.0
12,8,5,0,,,,4.8429,0.0,0.0,0.0,0.0
12,9,5,0,,,,5.049783,0.0,0.0,0.0,0.0
12,10,5,0,,,,3.7177835,0.0,0.0,0.0,5.79
12,11,5,0,,,,1.2471334,0.0,0.0,0.0,20.09
12,12,5,0,,,,1.3369833,0.0,0.0,0.0,12.5
12,13,5,0,,,,1.6304166,0.0,0.0,0.0,12.45
12,14,5,0,,,,1.4509166,0.0,0.0,0.0,7.41
12,15,5,0,,,,1.2646667,0.0,0.0,0.0,176.25
12,16,5,0,,,,1.4206667,0.0,0.0,0.0,11.36
12,17,5,0,,,,1.4885334,0.0,0.0,0.0,0.0
12,18,5,0,,,,1.5713167,0.0,0.0,0.0,0.0
12,19,5,0,,,,1.4537,0.0,0.0,0.0,0.0
12,20,5,0,,,,1.426325,0.0,0.0,0.0,0.0
12,21,5,0,,,,1.5380833,0.0,0.0,0.0,0.0
12,22,5,0,,,,2.2697778,0.0,0.0,0.0,0.0
12,23,5,0,,,,2.2816668,0.0,0.0,0.0,0.0
12,24,5,0,,,,2.072589,0.0,0.0,0.0,0.0
12,1,6,0,,,,2.1673,0.0,0.0,0.0,0.0
12,2,6,0,,,,2.2942612,0.0,0.0,0.0,0.0
12,3,6,0,,,,1.9660667,0.0,0.0,0.0,0.0
12,4,6,0,,,,2.2383666,0.0,0.0,0.0,0.0
12,5,6,0,,,,2.4195,0.0,0.0,0.0,0.0
12,6,6,0,,,,2.4729056,0.0,0.0,0.0,0.0
12,7,6,0,,,,3.5676167,0.0,0.0,0.0,0.0
12,8,6,0,,,,5.552893,0.0,0.0,0.0,0.0
12,9,6,0,,,,5.545533,0.0,0.0,0.0,0.0
12,10,6,0,,,,5.40985,0.0,0.0,0.0,73.79
12,11,6,0,,,,1.8132417,0.0,0.0,0.0,53.49
12,12,6,0,,,,1.5264333,0.0,0.0,0.0,27.62
12,13,6,0,,,,1.16775,0.0,0.0,0.0,38.84
12,14,6,0,,,,1.20445,0.0,0.0,0.0,16.07
12,15,6,0,,,,1.1537,0.0,0.0,0.0,34.59
12,16,6,0,,,,1.0611389,0.0,0.0,0.0,11.61
12,17,6,0,,,,1.1083666,0.0,0.0,0.0,0.0
12,18,6,0,,,,1.0302334,0.0,0.0,0.0,0.0
12,19,6,0,,,,0.8969667,0.0,0.0,0.0,0.0
12,20,6,0,,,,0.7308667,0.0,0.0,0.0,0.0
12,21,6,0,,,,0.70486665,0.0,0.0,0.0,0.0
12,22,6,0,,,,0.73513335,0.0,0.0,0.0,0.0
12,23,6,0,,,,0.60815,0.0,0.0,0.0,0.0
12,24,6,0,,,,2.5483084,0.0,0.0,0.0,0.0
12,1,7,0,,,,3.1007333,0.0,0.0,0.0,0.0
12,2,7,0,,,,4.070433,0.0,0.0,0.0,0.0
12,3,7,0,,,,3.8336167,0.0,0.0,0.0,0.0
12,4,7,0,,,,3.84765,0.0,0.0,0.0,0.0
12,5,7,0,,,,3.5726666,0.0,0.0,0.0,0.0
12,6,7,0,,,,3.81225,0.0,0.0,0.0,0.0
12,7,7,0,,,,3.5530834,0.0,0.0,0.0,0.0
12,8,7,0,,,,2.9834666,0.0,0.0,0.0,0.0
12,9,7,0,,,,2.3634334,0.0,0.0,0.0,0.0
12,10,7,0,,,,2.4219666,0.0,0.0,0.0,6.49
12,11,7,0,,,,4.3498,0.0,0.0,0.0,14.9
12,12,7,0,,,,4.9185667,0.0,0.0,0.0,32.33
12,13,7,0,,,,1.7490166,0.0,0.0,0.0,16.94
12,14,7,0,,,,1.0242167,0.0,0.0,0.0,7.06
12,15,7,0,,,,0.8348333,0.0,0.0,0.0,5.87
12,16,7,0,,,,4.368183,0.0,0.0,0.0,0.0
12,17,7,0,,,,2.3419166,0.0,0.0,0.0,0.0
12,18,7,0,,,,2.5796833,0.0,0.0,0.0,0.0
12,19,7,0,,,,2.4413667,0.0,0.0,0.0,0.0
12,20,7,0,,,,2.3973668,0.0,0.0,0.0,0.0
12,21,7,0,,,,2.2324667,0.0,0.0,0.0,0.0
12,22,7,0,,,,3.303,0.0,0.0,0.0,0.0
12,23,7,0,,,,4.9886,0.0,0.0,0.0,0.0
12,24,7,0,,,,5.19865,0.0,0.0,0.0,0.0
12,1,1,0,,,,5.466133,0.0,0.0,0.0,0.0
12,2,1,0,,,,1.9237223,0.0,0.0,0.0,0.0
12,3,1,0,,,,1.7254833,0.0,0.0,0.0,0.0
12,4,1,0,,,,1.8193889,0.0,0.0,0.0,0.0
12,5,1,0,,,,2.1606333,0.0,0.0,0.0,0.0
12,6,1,0,,,,2.1629555,0.0,0.0,0.0,0.0
12,7,1,0,,,,1.84235,0.0,0.0,0.0,0.0
12,8,1,0,,,,1.8537055,0.0,0.0,0.0,0.0
12,9,1,0,,,,1.915,0.0,0.0,0.0,0.0
12,10,1,0,,,,1.9704167,0.0,0.0,0.0,4.74
12,11,1,0,,,,1.4874834,0.0,0.0,0.0,10.87
12,12,1,0,,,,1.7162167,0.0,0.0,0.0,16.26
12,13,1,0,,,,1.2010167,0.0,0.0,0.0,12.17
12,14,1,0,,,,1.98295,0.0,0.0,0.0,14.18
12,15,1,0,,,,1.7279167,0.0,0.0,0.0,6.47
12,16,1,0,,,,2.3752666,0.0,0.0,0.0,0.0
12,17,1,0,,,,5.63865,0.0,0.0,0.0,0.0
12,18,1,0,,,,4.9403667,0.0,0.0,0.0,0.0
12,19,1,0,,,,2.3394334,0.0,0.0,0.0,0.0
12,20,1,0,,,,1.9241,0.0,0.0,0.0,0.0
12,21,1,0,,,,3.0404334,0.0,0.0,0.0,0.0
12,22,1,0,,,,1.6959333,0.0,0.0,0.0,0.0
12,23,1,0,,,,3.1181,0.0,0.0,0.0,0.0
12,24,1,0,,,,1.1034417,0.0,0.0,0.0,0.0
12,1,2,0,,,,1.2838334,0.0,0.0,0.0,0.0
12,2,2,0,,,,1.21625,0.0,0.0,0.0,0.0
12,3,2,0,,,,1.1105334,0.0,0.0,0.0,0.0
12,4,2,0,,,,1.3555,0.0,0.0,0.0,0.0
12,5,2,0,,,,2.3937,0.0,0.0,0.0,0.0
12,6,2,0,,,,3.67755,0.0,0.0,0.0,0.0
12,7,2,0,,,,1.4972334,0.0,0.0,0.0,0.0
12,8,2,0,,,,2.0617833,0.0,0.0,0.0,0.0
12,9,2,0,,,,1.6013056,0.0,0.0,0.0,0.0
12,10,2,0,,,,1.1387,0.0,0.0,0.0,26.52
12,11,2,0,,,,1.0498834,0.0,0.0,0.0,29.85
12,12,2,0,,,,1.01855,0.0,0.0,0.0,48.64
12,13,2,0,,,,0.60286665,0.0,0.0,0.0,31.36
12,14,2,0,,,,0.7649,0.0,0.0,0.0,38.36
12,15,2,0,,,,0.42593333,0.0,0.0,0.0,134.36
12,16,2,0,,,,0.71353334,0.0,0.0,0.0,12.62
12,17,2,0,,,,2.9026833,0.0,0.0,0.0,0.0
12,18,2,0,,,,4.465483,0.0,0.0,0.0,0.0
12,19,2,0,,,,3.4505334,0.0,0.0,0.0,0.0
12,20,2,0,,,,1.9227,0.0,0.0,0.0,0.0
12,21,2,0,,,,1.6288667,0.0,0.0,0.0,0.0
12,22,2,0,,,,1.5945166,0.0,0.0,0.0,0.0
12,23,2,0,,,,1.1580666,0.0,0.0,0.0,0.0
12,24,2,0,,,,2.6561167,0.0,0.0,0.0,0.0
12,1,3,0,,,,2.2360334,0.0,0.0,0.0,0.0
12,2,3,0,,,,1.9851167,0.0,0.0,0.0,0.0
12,3,3,0,,,,2.04945,0.0,0.0,0.0,0.0
12,4,3,0,,,,1.8213667,0.0,0.0,0.0,0.0
12,5,3,0,,,,1.4920666,0.0,0.0,0.0,0.0
12,6,3,0,,,,2.0231667,0.0,0.0,0.0,0.0
12,7,3,0,,,,0.56243336,0.0,0.0,0.0,0.0
12,8,3,0,,,,0.62755,0.0,0.0,0.0,0.0
12,9,3,0,,,,0.6703167,0.0,0.0,0.0,0.0
12,10,3,0,,,,0.30853334,0.0,0.0,0.0,15.22
12,11,3,0,,,,0.32408333,0.0,0.0,0.0,29.13
12,12,3,0,,,,0.2506,0.0,0.0,0.0,23.79
12,13,3,0,,,,0.24895,0.0,0.0,0.0,19.36
12,14,3,0,,,,0.24971667,0.0,0.0,0.0,24.45
12,15,3,0,,,,2.7554,0.0,0.0,0.0,20.06
12,16,3,0,,,,3.7435334,0.0,0.0,0.0,6.58
12,17,3,0,,,,3.7296166,0.0,0.0,0.0,0.0
12,18,3,0,,,,3.0806668,0.0,0.0,0.0,0.0
12,19,3,0,,,,0.38143334,0.0,0.0,0.0,0.0
12,20,3,0,,,,0.8574167,0.0,0.0,0.0,0.0
12,21,3,0,,,,2.6186666,0.0,0.0,0.0,0.0
12,22,3,0,,,,1.6817,0.0,0.0,0.0,0.0
12,23,3,0,,,,1.5557166,0.0,0.0,0.0,0.0
12,24,3,0,,,,1.42805,0.0,0.0,0.0,0.0
12,1,4,0,,,,1.06695,0.0,0.0,0.0,0.0
12,2,4,0,,,,1.11815,0.0,0.0,0.0,0.0
12,3,4,0,,,,1.0794,0.0,0.0,0.0,0.0
12,4,4,0,,,,1.0588,0.0,0.0,0.0,0.0
12,5,4,0,,,,0.8667,0.0,0.0,0.0,0.0
12,6,4,0,,,,1.36775,0.0,0.0,0.0,0.0
12,7,4,0,,,,3.5383832,0.0,0.0,0.0,0.0
12,8,4,0,,,,4.7404833,0.0,0.0,0.0,0.0
12,9,4,0,,,,4.1071835,0.0,0.0,0.0,0.0
12,10,4,0,,,,3.9774168,0.0,0.0,0.0,87.02
12,11,4,0,,,,0.6142833,0.0,0.0,0.0,91.35
12,12,4,0,,,,0.62016666,0.0,0.0,0.0,51.64
12,13,4,0,,,,0.23748334,0.0,0.0,0.0,30.91
12,14,4,0,,,,0.2361389,0.0,0.0,0.0,27.03
12,15,4,0,,,,0.65381664,0.0,0.0,0.0,13.88
12,16,4,0,,,,1.1163833,0.0,0.0,0.0,4.3
12,17,4,0,,,,1.0770055,0.0,0.0,0.0,0.0
12,18,4,0,,,,1.9161667,0.0,0.0,0.0,0.0
12,19,4,0,,,,4.5849776,0.0,0.0,0.0,0.0
12,20,4,0,,,,3.1075666,0.0,0.0,0.0,0.0
12,21,4,0,,,,0.79396665,0.0,0.0,0.0,0.0
12,22,4,0,,,,1.1659833,0.0,0.0,0.0,0.0
12,23,4,0,,,,1.58925,0.0,0.0,0.0,0.0
12,24,4,0,,,,1.6095667,0.0,0.0,0.0,0.0
12,1,5,0,,,,1.5621222,0.0,0.0,0.0,0.0
12,2,5,0,,,,1.5262,0.0,0.0,0.0,0.0
12,3,5,0,,,,1.5177222,0.0,0.0,0.0,0.0
12,4,5,0,,,,1.41475,0.0,0.0,0.0,0.0
12,5,5,0,,,,1.3830833,0.0,0.0,0.0,0.0
12,6,5,0,,,,1.2981666,0.0,0.0,0.0,0.0
12,7,5,0,,,,3.4382334,0.0,0.0,0.0,0.0
12,8,5,0,,,,5.1084,0.0,0.0,0.0,0.0
12,9,5,0,,,,4.8163333,0.0,0.0,0.0,0.0
12,10,5,0,,,,3.8688667,0.0,0.0,0.0,17.66
12,11,5,0,,,,1.15985,0.0,0.0,0.0,30.43
12,12,5,0,,,,1.1728166,0.0,0.0,0.0,131.62
12,13,5,0,,,,1.3546166,0.0,0.0,0.0,20.44
12,14,5,0,,,,2.2208,0.0,0.0,0.0,9.89
12,15,5,0,,,,2.4431334,0.0,0.0,0.0,4.33
12,16,5,0,,,,1.0567334,0.0,0.0,0.0,0.03
12,17,5,0,,,,0.7179667,0.0,0.0,0.0,0.0
12,18,5,0,,,,0.8940333,0.0,0.0,0.0,0.0
12,19,5,0,,,,0.8409,0.0,0.0,0.0,0.0
12,20,5,0,,,,0.50623333,0.0,0.0,0.0,0.0
12,21,5,0,,,,0.83281666,0.0,0.0,0.0,0.0
12,22,5,0,,,,0.71561664,0.0,0.0,0.0,0.0
12,23,5,0,,,,0.8714667,0.0,0.0,0.0,0.0
12,24,5,0,,,,1.6409667,0.0,0.0,0.0,0.0
12,1,6,0,,,,2.6817,0.0,0.0,0.0,0.0
12,2,6,0,,,,1.7226666,0.0,0.0,0.0,0.0
12,3,6,0,,,,2.0181832,0.0,0.0,0.0,0.0
12,4,6,0,,,,1.71845,0.0,0.0,0.0,0.0
12,5,6,0,,,,1.6618333,0.0,0.0,0.0,0.0
12,6,6,0,,,,1.3629667,0.0,0.0,0.0,0.0
12,7,6,0,,,,3.4996667,0.0,0.0,0.0,0.0
12,8,6,0,,,,3.7207167,0.0,0.0,0.0,0.0
12,9,6,0,,,,3.6675832,0.0,0.0,0.0,0.0
12,10,6,0,,,,2.556028,0.0,0.0,0.0,318.81
12,11,6,0,,,,0.24085,0.0,0.0,0.0,440.61
12,12,6,0,,,,0.23944445,0.0,0.0,0.0,547.75
12,13,6,0,,,,0.5316,0.0,0.0,0.0,30.19
12,14,6,0,,,,0.61534446,0.0,0.0,0.0,24.95
12,15,6,0,,,,0.6497833,0.0,0.0,0.0,25.72
12,16,6,0,,,,0.42913333,0.0,0.0,0.0,8.37
12,17,6,0,,,,5.0216947,0.0,0.0,0.0,0.0
12,18,6,0,,,,4.3328,0.0,0.0,0.0,0.0
12,19,6,0,,,,2.2861,0.0,0.0,0.0,0.0
12,20,6,0,,,,3.379,0.0,0.0,0.0,0.0
12,21,6,0,,,,2.5526166,0.0,0.0,0.0,0.0
12,22,6,0,,,,1.9479166,0.0,0.0,0.0,0.0
12,23,6,0,,,,2.1858723,0.0,0.0,0.0,0.0
12,24,6,0,,,,2.3176584,0.0,0.0,0.0,0.0
1,1,7,0,,,,2.2472334,0.0,0.0,0.0,0.0
1,2,7,0,,,,2.0065,0.0,0.0,0.0,0.0
1,3,7,0,,,,1.2982666,0.0,0.0,0.0,0.0
1,4,7,0,,,,0.6181167,0.0,0.0,0.0,0.0
1,5,7,0,,,,1.9177556,0.0,0.0,0.0,0.0
1,6,7,0,,,,4.1482,0.0,0.0,0.0,0.0
1,7,7,0,,,,5.3125167,0.0,0.0,0.0,0.0
1,8,7,0,,,,5.827083,0.0,0.0,0.0,0.0
1,9,7,0,,,,5.6079445,0.0,0.0,0.0,0.0
1,10,7,0,,,,4.0905833,0.0,0.0,0.0,1.25
1,11,7,0,,,,1.5721,0.0,0.0,0.0,33.36
1,12,7,0,,,,1.2186723,0.0,0.0,0.0,43.51
1,13,7,0,,,,1.2057,0.0,0.0,0.0,9.84
1,14,7,0,,,,1.7964333,0.0,0.0,0.0,117.26
1,15,7,0,,,,1.3350667,0.0,0.0,0.0,21.69
1,16,7,0,,,,1.9481333,0.0,0.0,0.0,0.78
1,17,7,0,,,,1.9236,0.0,0.0,0.0,0.0
1,18,7,0,,,,1.9281833,0.0,0.0,0.0,0.0
1,19,7,0,,,,1.6352667,0.0,0.0,0.0,0.0
1,20,7,0,,,,1.6716388,0.0,0.0,0.0,0.0
1,21,7,0,,,,2.0025833,0.0,0.0,0.0,0.0
1,22,7,0,,,,1.592,0.0,0.0,0.0,0.0
1,23,7,0,,,,1.8581834,0.0,0.0,0.0,0.0
1,24,7,0,,,,1.9670833,0.0,0.0,0.0,0.0
1,1,1,0,,,,1.6281166,0.0,0.0,0.0,0.0
1,2,1,0,,,,1.8946778,0.0,0.0,0.0,0.0
1,3,1,0,,,,1.9411833,0.0,0.0,0.0,0.0
1,4,1,0,,,,3.77215,0.0,0.0,0.0,0.0
1,5,1,0,,,,2.1479166,0.0,0.0,0.0,0.0
1,6,1,0,,,,3.4491944,0.0,0.0,0.0,0.0
1,7,1,0,,,,5.0262833,0.0,0.0,0.0,0.0
1,8,1,0,,,,5.4072723,0.0,0.0,0.0,0.0
1,9,1,0,,,,4.9921165,0.0,0.0,0.0,0.0
1,10,1,0,,,,1.9658389,0.0,0.0,0.0,309.29
1,11,1,0,,,,1.77055,0.0,0.0,0.0,279.12
1,12,1,0,,,,1.1754556,0.0,0.0,0.0,72.17
1,13,1,0,,,,1.5417612,0.0,0.0,0.0,28.42
1,14,1,0,,,,1.7466667,0.0,0.0,0.0,42.39
1,15,1,0,,,,1.3515333,0.0,0.0,0.0,56.22
1,16,1,0,,,,1.72885,0.0,0.0,0.0,0.02
1,17,1,0,,,,1.20685,0.0,0.0,0.0,0.0
1,18,1,0,,,,1.8872833,0.0,0.0,0.0,0.0
1,19,1,0,,,,1.43265,0.0,0.0,0.0,0.0
1,20,1,0,,,,2.0424166,0.0,0.0,0.0,0.0
1,21,1,0,,,,1.4730834,0.0,0.0,0.0,0.0
1,22,1,0,,,,1.5736834,0.0,0.0,0.0,0.0
1,23,1,0,,,,1.8338667,0.0,0.0,0.0,0.0
1,24,1,0,,,,1.9200444,0.0,0.0,0.0,0.0
1,1,2,0,,,,1.6795167,0.0,0.0,0.0,0.0
1,2,2,0,,,,1.7040944,0.0,0.0,0.0,0.0
1,3,2,0,,,,1.832,0.0,0.0,0.0,0.0
1,4,2,0,,,,1.9755778,0.0,0.0,0.0,0.0
1,5,2,0,,,,1.5351666,0.0,0.0,0.0,0.0
1,6,2,0,,,,2.0410278,0.0,0.0,0.0,0.0
1,7,2,0,,,,1.9448167,0.0,0.0,0.0,0.0
1,8,2,0,,,,1.6303834,0.0,0.0,0.0,0.0
1,9,2,0,,,,1.7568333,0.0,0.0,0.0,0.0
1,10,2,0,,,,1.7037,0.0,0.0,0.0,112.76
1,11,2,0,,,,1.63565,0.0,0.0,0.0,127.45
1,12,2,0,,,,2.6478333,0.0,0.0,0.0,210.95
1,13,2,0,,,,0.73896664,0.0,0.0,0.0,461.88
1,14,2,0,,,,0.8552,0.0,0.0,0.0,74.03
1,15,2,0,,,,0.7509056,0.0,0.0,0.0,12.54
1,16,2,0,,,,2.28835,0.0,0.0,0.0,5.49
1,17,2,0,,,,5.1396666,0.0,0.0,0.0,0.0
1,18,2,0,,,,6.1738334,0.0,0.0,0.0,0.0
1,19,2,0,,,,3.4295332,0.0,0.0,0.0,0.0
1,20,2,0,,,,1.8998333,0.0,0.0,0.0,0.0
1,21,2,0,,,,2.4026167,0.0,0.0,0.0,0.0
1,22,2,0,,,,1.2533112,0.0,0.0,0.0,0.0
1,23,2,0,,,,0.6934,0.0,0.0,0.0,0.0
1,24,2,0,,,,2.51375,0.0,0.0,0.0,0.0
1,1,3,0,,,,1.8838167,0.0,0.0,0.0,0.0
1,2,3,0,,,,2.7312446,0.0,0.0,0.0,0.0
1,3,3,0,,,,2.70615,0.0,0.0,0.0,0.0
1,4,3,0,,,,2.2727222,0.0,0.0,0.0,0.0
1,5,3,0,,,,3.0352833,0.0,0.0,0.0,0.0
1,6,3,0,,,,1.2820555,0.0,0.0,0.0,0.0
1,7,3,0,,,,1.32635,0.0,0.0,0.0,0.0
1,8,3,0,,,,1.0381334,0.0,0.0,0.0,0.0
1,9,3,0,,,,1.1397834,0.0,0.0,0.0,0.0
1,10,3,0,,,,0.88526666,0.0,0.0,0.0,27.01
1,11,3,0,,,,1.2249334,0.0,0.0,0.0,59.67
1,12,3,0,,,,0.80723333,0.0,0.0,0.0,136.8
1,13,3,0,,,,1.2806166,0.0,0.0,0.0,200.33
1,14,3,0,,,,0.96956664,0.0,0.0,0.0,41.28
1,15,3,0,,,,1.8483833,0.0,0.0,0.0,15.38
1,16,3,0,,,,1.7658722,0.0,0.0,0.0,7.98
1,17,3,0,,,,2.2334666,0.0,0.0,0.0,0.0
1,18,3,0,,,,2.2235277,0.0,0.0,0.0,0.0
1,19,3,0,,,,1.75775,0.0,0.0,0.0,0.0
1,20,3,0,,,,1.3513222,0.0,0.0,0.0,0.0
1,21,3,0,,,,1.3541,0.0,0.0,0.0,0.0
1,22,3,0,,,,1.3469388,0.0,0.0,0.0,0.0
1,23,3,0,,,,1.2853667,0.0,0.0,0.0,0.0
1,24,3,0,,,,1.1222639,0.0,0.0,0.0,0.0
1,1,4,0,,,,1.7903833,0.0,0.0,0.0,0.0
1,2,4,0,,,,2.4035,0.0,0.0,0.0,0.0
1,3,4,0,,,,1.0296,0.0,0.0,0.0,0.0
1,4,4,0,,,,1.2093889,0.0,0.0,0.0,0.0
1,5,4,0,,,,1.1677667,0.0,0.0,0.0,0.0
1,6,4,0,,,,1.2133666,0.0,0.0,0.0,0.0
1,7,4,0,,,,1.2330834,0.0,0.0,0.0,0.0
1,8,4,0,,,,1.2767833,0.0,0.0,0.0,0.0
1,9,4,0,,,,1.0066,0.0,0.0,0.0,0.0
1,10,4,0,,,,0.94645554,0.0,0.0,0.0,20.09
1,11,4,0,,,,1.8152,0.0,0.0,0.0,345.86
1,12,4,0,,,,1.9543389,0.0,0.0,0.0,43.52
1,13,4,0,,,,2.2139583,0.0,0.0,0.0,309.9
1,14,4,0,,,,1.6734333,0.0,0.0,0.0,129.79
1,15,4,0,,,,3.6744332,0.0,0.0,0.0,248.36
1,16,4,0,,,,4.86785,0.0,0.0,0.0,238.71
1,17,4,0,,,,4.875167,0.0,0.0,0.0,0.0
1,18,4,0,,,,4.8198667,0.0,0.0,0.0,0.0
1,19,4,0,,,,1.7603166,0.0,0.0,0.0,0.0
1,20,4,0,,,,1.69455,0.0,0.0,0.0,0.0
1,21,4,0,,,,1.9424444,0.0,0.0,0.0,0.0
1,22,4,0,,,,2.5607333,0.0,0.0,0.0,0.0
1,23,4,0,,,,2.428172,0.0,0.0,0.0,0.0
1,24,4,0,,,,2.1667166,0.0,0.0,0.0,0.0
1,1,5,0,,,,1.8851944,0.0,0.0,0.0,0.0
1,2,5,0,,,,1.7396834,0.0,0.0,0.0,0.0
1,3,5,0,,,,2.0448666,0.0,0.0,0.0,0.0
1,4,5,0,,,,1.81405,0.0,0.0,0.0,0.0
1,5,5,0,,,,1.7526,0.0,0.0,0.0,0.0
1,6,5,0,,,,1.98545,0.0,0.0,0.0,0.0
1,7,5,0,,,,2.173739,0.0,0.0,0.0,0.0
1,8,5,0,,,,2.0172,0.0,0.0,0.0,0.0
1,9,5,0,,,,1.4789056,0.0,0.0,0.0,0.0
1,10,5,0,,,,1.6708333,0.0,0.0,0.0,83.72
1,11,5,0,,,,1.8794389,0.0,0.0,0.0,174.0
1,12,5,0,,,,1.2314,0.0,0.0,0.0,181.71
1,13,5,0,,,,1.04115,0.0,0.0,0.0,688.14
1,14,5,0,,,,0.6624,0.0,0.0,0.0,147.72
1,15,5,0,,,,0.9812389,0.0,0.0,0.0,319.34
1,16,5,0,,,,3.68725,0.0,0.0,0.0,264.94
1,17,5,0,,,,3.7270443,0.0,0.0,0.0,0.0
1,18,5,0,,,,3.7015,0.0,0.0,0.0,0.0
1,19,5,0,,,,2.1373668,0.0,0.0,0.0,0.0
1,20,5,0,,,,0.3476,0.0,0.0,0.0,0.0
1,21,5,0,,,,1.0815722,0.0,0.0,0.0,0.0
1,22,5,0,,,,2.2558668,0.0,0.0,0.0,0.0
1,23,5,0,,,,2.5768666,0.0,0.0,0.0,0.0
1,24,5,0,,,,1.85295,0.0,0.0,0.0,0.0
1,1,6,0,,,,1.4257667,0.0,0.0,0.0,0.0
1,2,6,0,,,,1.6172,0.0,0.0,0.0,0.0
1,3,6,0,,,,1.4826111,0.0,0.0,0.0,0.0
1,4,6,0,,,,1.5172334,0.0,0.0,0.0,0.0
1,5,6,0,,,,1.74715,0.0,0.0,0.0,0.0
1,6,6,0,,,,1.2347333,0.0,0.0,0.0,0.0
1,7,6,0,,,,4.2847166,0.0,0.0,0.0,0.0
1,8,6,0,,,,4.6666,0.0,0.0,0.0,0.0
1,9,6,0,,,,5.1070056,0.0,0.0,0.0,0.0
1,10,6,0,,,,3.7098,0.0,0.0,0.0,85.68
1,11,6,0,,,,0.9328833,0.0,0.0,0.0,121.14
1,12,6,0,,,,0.80831665,0.0,0.0,0.0,219.59
1,13,6,0,,,,1.1175555,0.0,0.0,0.0,328.31
1,14,6,0,,,,0.58875,0.0,0.0,0.0,239.53
1,15,6,0,,,,1.5473611,0.0,0.0,0.0,61.09
1,16,6,0,,,,1.6167,0.0,0.0,0.0,19.38
1,17,6,0,,,,2.3761277,0.0,0.0,0.0,0.0
1,18,6,0,,,,2.0298333,0.0,0.0,0.0,0.0
1,19,6,0,,,,2.5129166,0.0,0.0,0.0,0.0
1,20,6,0,,,,2.6657,0.0,0.0,0.0,0.0
1,21,6,0,,,,0.66571665,0.0,0.0,0.0,0.0
1,22,6,0,,,,0.6213833,0.0,0.0,0.0,0.0
1,23,6,0,,,,3.4519556,0.0,0.0,0.0,0.0
1,24,6,0,,,,1.1061833,0.0,0.0,0.0,0.0
1,1,7,0,,,,2.1263833,0.0,0.0,0.0,0.0
1,2,7,0,,,,2.22,0.0,0.0,0.0,0.0
1,3,7,0,,,,1.5767,0.0,0.0,0.0,0.0
1,4,7,0,,,,1.5614166,0.0,0.0,0.0,0.0
1,5,7,0,,,,1.8007889,0.0,0.0,0.0,0.0
1,6,7,0,,,,2.6599333,0.0,0.0,0.0,0.0
1,7,7,0,,,,5.1235557,0.0,0.0,0.0,0.0
1,8,7,0,,,,4.2019744,0.0,0.0,0.0,0.0
1,9,7,0,,,,4.5901833,0.0,0.0,0.0,0.0
1,10,7,0,,,,2.05805,0.0,0.0,0.0,305.87
1,11,7,0,,,,0.7054667,0.0,0.0,0.0,299.96
1,12,7,0,,,,0.33045277,0.0,0.0,0.0,325.18
1,13,7,0,,,,0.7381667,0.0,0.0,0.0,250.55
1,14,7,0,,,,0.67623335,0.0,0.0,0.0,302.2
1,15,7,0,,,,0.3883,0.0,0.0,0.0,106.87
1,16,7,0,,,,1.5698,0.0,0.0,0.0,21.0
1,17,7,0,,,,1.4502667,0.0,0.0,0.0,0.0
1,18,7,0,,,,1.9304667,0.0,0.0,0.0,0.0
1,19,7,0,,,,1.1919222,0.0,0.0,0.0,0.0
1,20,7,0,,,,1.6460834,0.0,0.0,0.0,0.0
1,21,7,0,,,,1.4409388,0.0,0.0,0.0,0.0
1,22,7,0,,,,1.44365,0.0,0.0,0.0,0.0
1,23,7,0,,,,1.8893666,0.0,0.0,0.0,0.0
1,24,7,0,,,,1.7672334,0.0,0.0,0.0,0.0
1,1,1,0,,,,1.4234111,0.0,0.0,0.0,0.0
1,2,1,0,,,,1.3382167,0.0,0.0,0.0,0.0
1,3,1,0,,,,1.6513778,0.0,0.0,0.0,0.0
1,4,1,0,,,,0.3128,0.0,0.0,0.0,0.0
1,5,1,0,,,,0.28082222,0.0,0.0,0.0,0.0
1,6,1,0,,,,0.24885,0.0,0.0,0.0,0.0
1,7,1,0,,,,2.8475,0.0,0.0,0.0,0.0
1,8,1,0,,,,3.8014166,0.0,0.0,0.0,0.0
1,9,1,0,,,,3.682639,0.0,0.0,0.0,0.0
1,10,1,0,,,,3.1157832,0.0,0.0,0.0,252.85
1,11,1,0,,,,0.24415556,0.0,0.0,0.0,407.5
1,12,1,0,,,,0.24185,0.0,0.0,0.0,345.71
1,13,1,0,,,,0.42825556,0.0,0.0,0.0,706.11
1,14,1,0,,,,3.5281832,0.0,0.0,0.0,609.0
1,15,1,0,,,,2.1626666,0.0,0.0,0.0,469.02
1,16,1,0,,,,0.7320833,0.0,0.0,0.0,324.67
1,17,1,0,,,,0.51523334,0.0,0.0,0.0,0.0
1,18,1,0,,,,1.1941833,0.0,0.0,0.0,0.0
1,19,1,0,,,,1.7670555,0.0,0.0,0.0,0.0
1,20,1,0,,,,1.8970166,0.0,0.0,0.0,0.0
1,21,1,0,,,,2.3577778,0.0,0.0,0.0,0.0
1,22,1,0,,,,2.36605,0.0,0.0,0.0,0.0
1,23,1,0,,,,1.029375,0.0,0.0,0.0,0.0
1,24,1,0,,,,1.72535,0.0,0.0,0.0,0.0
1,1,2,0,,,,1.5131333,0.0,0.0,0.0,0.0
1,2,2,0,,,,1.2774833,0.0,0.0,0.0,0.0
1,3,2,0,,,,1.5850445,0.0,0.0,0.0,0.0
1,4,2,0,,,,1.0861,0.0,0.0,0.0,0.0
1,5,2,0,,,,2.2173278,0.0,0.0,0.0,0.0
1,6,2,0,,,,1.7308667,0.0,0.0,0.0,0.0
1,7,2,0,,,,1.5112444,0.0,0.0,0.0,0.0
1,8,2,0,,,,2.0433834,0.0,0.0,0.0,0.0
1,9,2,0,,,,1.7357666,0.0,0.0,0.0,0.0
1,10,2,0,,,,1.1516416,0.0,0.0,0.0,74.77
1,11,2,0,,,,0.98968333,0.0,0.0,0.0,130.22
1,12,2,0,,,,1.2160667,0.0,0.0,0.0,303.2
1,13,2,0,,,,3.85925,0.0,0.0,0.0,635.29
1,14,2,0,,,,4.1932416,0.0,0.0,0.0,159.55
1,15,2,0,,,,2.1483667,0.0,0.0,0.0,312.79
1,16,2,0,,,,2.4173334,0.0,0.0,0.0,164.11
1,17,2,0,,,,2.06835,0.0,0.0,0.0,0.0
1,18,2,0,,,,0.36926666,0.0,0.0,0.0,0.0
1,19,2,0,,,,0.9615,0.0,0.0,0.0,0.0
1,20,2,0,,,,0.95572776,0.0,0.0,0.0,0.0
1,21,2,0,,,,0.952,0.0,0.0,0.0,0.0
1,22,2,0,,,,3.086289,0.0,0.0,0.0,0.0
1,23,2,0,,,,2.3061166,0.0,0.0,0.0,0.0
1,24,2,0,,,,2.4582,0.0,0.0,0.0,0.0
1,1,3,0,,,,1.6023834,0.0,0.0,0.0,0.0
1,2,3,0,,,,1.7425889,0.0,0.0,0.0,0.0
1,3,3,0,,,,1.4969333,0.0,0.0,0.0,0.0
1,4,3,0,,,,1.9837278,0.0,0.0,0.0,0.0
1,5,3,0,,,,1.6833833,0.0,0.0,0.0,0.0
1,6,3,0,,,,1.801889,0.0,0.0,0.0,0.0
1,7,3,0,,,,1.8279333,0.0,0.0,0.0,0.0
1,8,3,0,,,,1.3027166,0.0,0.0,0.0,0.0
1,9,3,0,,,,1.1537666,0.0,0.0,0.0,0.0
1,10,3,0,,,,3.7995722,0.0,0.0,0.0,111.3
1,11,3,0,,,,3.0004334,0.0,0.0,0.0,170.58
1,12,3,0,,,,1.2703667,0.0,0.0,0.0,703.68
1,13,3,0,,,,1.3052334,0.0,0.0,0.0,257.57
1,14,3,0,,,,1.2033,0.0,0.0,0.0,172.91
1,15,3,0,,,,0.98855,0.0,0.0,0.0,530.18
1,16,3,0,,,,4.58805,0.0,0.0,0.0,310.53
1,17,3,0,,,,3.85605,0.0,0.0,0.0,0.0
1,18,3,0,,,,1.2163,0.0,0.0,0.0,0.0
1,19,3,0,,,,1.3711833,0.0,0.0,0.0,0.0
1,20,3,0,,,,1.39595,0.0,0.0,0.0,0.0
1,21,3,0,,,,1.13005,0.0,0.0,0.0,0.0
1,22,3,0,,,,1.3640945,0.0,0.0,0.0,0.0
1,23,3,0,,,,1.6035334,0.0,0.0,0.0,0.0
1,24,3,0,,,,1.3580667,0.0,0.0,0.0,0.0
1,1,4,0,,,,1.3287166,0.0,0.0,0.0,0.0
1,2,4,0,,,,1.2889333,0.0,0.0,0.0,0.0
1,3,4,0,,,,1.4915333,0.0,0.0,0.0,0.0
1,4,4,0,,,,1.5449611,0.0,0.0,0.0,0.0
1,5,4,0,,,,1.5205333,0.0,0.0,0.0,0.0
1,6,4,0,,,,1.6712222,0.0,0.0,0.0,0.0
1,7,4,0,,,,1.8214834,0.0,0.0,0.0,0.0
1,8,4,0,,,,1.6649277,0.0,0.0,0.0,0.0
1,9,4,0,,,,1.4755833,0.0,0.0,0.0,0.0
1,10,4,0,,,,1.4935056,0.0,0.0,0.0,8.29
1,11,4,0,,,,1.3761333,0.0,0.0,0.0,183.16
1,12,4,0,,,,1.0273334,0.0,0.0,0.0,202.08
1,13,4,0,,,,0.41705,0.0,0.0,0.0,612.05
1,14,4,0,,,,1.0545444,0.0,0.0,0.0,68.74
1,15,4,0,,,,6.9135833,0.0,0.0,0.0,56.34
1,16,4,0,,,,5.0915055,0.0,0.0,0.0,7.42
1,17,4,0,,,,8.383333,0.0,0.0,0.0,0.0
1,18,4,0,,,,7.223928,0.0,0.0,0.0,0.0
1,19,4,0,,,,3.1556833,0.0,0.0,0.0,0.0
1,20,4,0,,,,3.0839388,0.0,0.0,0.0,0.0
1,21,4,0,,,,3.1245,0.0,0.0,0.0,0.0
1,22,4,0,,,,3.22175,0.0,0.0,0.0,0.0
1,23,4,0,,,,3.4936833,0.0,0.0,0.0,0.0
1,24,4,0,,,,3.3414278,0.0,0.0,0.0,0.0
1,1,5,0,,,,3.2591,0.0,0.0,0.0,0.0
1,2,5,0,,,,2.75615,0.0,0.0,0.0,0.0
1,3,5,0,,,,2.76805,0.0,0.0,0.0,0.0
1,4,5,0,,,,3.0445278,0.0,0.0,0.0,0.0
1,5,5,0,,,,3.4546666,0.0,0.0,0.0,0.0
1,6,5,0,,,,3.0489166,0.0,0.0,0.0,0.0
1,7,5,0,,,,2.7453167,0.0,0.0,0.0,0.0
1,8,5,0,,,,2.6583889,0.0,0.0,0.0,0.0
1,9,5,0,,,,2.9800334,0.0,0.0,0.0,0.0
1,10,5,0,,,,2.7014334,0.0,0.0,0.0,8.6
1,11,5,0,,,,2.4231834,0.0,0.0,0.0,49.0
1,12,5,0,,,,2.1992779,0.0,0.0,0.0,88.93
1,13,5,0,,,,2.36295,0.0,0.0,0.0,250.91
1,14,5,0,,,,1.8470833,0.0,0.0,0.0,89.06
1,15,5,0,,,,2.2250667,0.0,0.0,0.0,425.01
1,16,5,0,,,,3.7505834,0.0,0.0,0.0,23.45
1,17,5,0,,,,5.085933,0.0,0.0,0.0,0.0
1,18,5,0,,,,6.129239,0.0,0.0,0.0,0.0
1,19,5,0,,,,4.7878833,0.0,0.0,0.0,0.0
1,20,5,0,,,,2.92635,0.0,0.0,0.0,0.0
1,21,5,0,,,,1.9322166,0.0,0.0,0.0,0.0
1,22,5,0,,,,2.64495,0.0,0.0,0.0,0.0
1,23,5,0,,,,2.4901667,0.0,0.0,0.0,0.0
1,24,5,0,,,,2.2490416,0.0,0.0,0.0,0.0
1,1,6,0,,,,2.4181666,0.0,0.0,0.0,0.0
1,2,6,0,,,,1.6256722,0.0,0.0,0.0,0.0
1,3,6,0,,,,1.3792,0.0,0.0,0.0,0.0
1,4,6,0,,,,2.0431445,0.0,0.0,0.0,0.0
1,5,6,0,,,,1.5033333,0.0,0.0,0.0,0.0
1,6,6,0,,,,1.7318667,0.0,0.0,0.0,0.0
1,7,6,0,,,,4.773433,0.0,0.0,0.0,0.0
1,8,6,0,,,,4.73175,0.0,0.0,0.0,0.0
1,9,6,0,,,,4.7307167,0.0,0.0,0.0,0.0
1,10,6,0,,,,3.8620584,0.0,0.0,0.0,356.43
1,11,6,0,,,,0.93065,0.0,0.0,0.0,107.53
1,12,6,0,,,,1.5471555,0.0,0.0,0.0,316.66
1,13,6,0,,,,1.20925,0.0,0.0,0.0,112.8
1,14,6,0,,,,0.66103333,0.0,0.0,0.0,312.14
1,15,6,0,,,,3.41445,0.0,0.0,0.0,401.56
1,16,6,0,,,,0.95096666,0.0,0.0,0.0,15.44
1,17,6,0,,,,3.3115168,0.0,0.0,0.0,0.0
1,18,6,0,,,,2.9092057,0.0,0.0,0.0,0.0
1,19,6,0,,,,1.2984667,0.0,0.0,0.0,0.0
1,20,6,0,,,,0.95075554,0.0,0.0,0.0,0.0
1,21,6,0,,,,1.6882167,0.0,0.0,0.0,0.0
1,22,6,0,,,,1.4517388,0.0,0.0,0.0,0.0
1,23,6,0,,,,1.6416833,0.0,0.0,0.0,0.0
1,24,6,0,,,,1.9991028,0.0,0.0,0.0,0.0
1,1,7,0,,,,2.1083,0.0,0.0,0.0,0.0
1,2,7,0,,,,1.720339,0.0,0.0,0.0,0.0
1,3,7,0,,,,1.7289667,0.0,0.0,0.0,0.0
1,4,7,0,,,,1.8962556,0.0,0.0,0.0,0.0
1,5,7,0,,,,2.0466666,0.0,0.0,0.0,0.0
1,6,7,0,,,,1.9696277,0.0,0.0,0.0,0.0
1,7,7,0,,,,4.404333,0.0,0.0,0.0,0.0
1,8,7,0,,,,5.1311946,0.0,0.0,0.0,0.0
1,9,7,0,,,,5.1248,0.0,0.0,0.0,0.0
1,10,7,0,,,,3.724522,0.0,0.0,0.0,332.4
1,11,7,0,,,,1.2787167,0.0,0.0,0.0,494.07
1,12,7,0,,,,1.5601333,0.0,0.0,0.0,639.33
1,13,7,0,,,,1.2288,0.0,0.0,0.0,622.92
1,14,7,0,,,,1.0105646,0.0,0.0,0.0,51.48
1,15,7,0,,,,1.0012167,0.0,0.0,0.0,105.12
1,16,7,0,,,,1.4157667,0.0,0.0,0.0,89.76
1,17,7,0,,,,4.3879333,0.0,0.0,0.0,0.0
1,18,7,0,,,,1.8381222,0.0,0.0,0.0,0.0
1,19,7,0,,,,2.2195,0.0,0.0,0.0,0.0
1,20,7,0,,,,1.5626777,0.0,0.0,0.0,0.0
1,21,7,0,,,,2.23735,0.0,0.0,0.0,0.0
1,22,7,0,,,,2.030061,0.0,0.0,0.0,0.0
1,23,7,0,,,,2.081,0.0,0.0,0.0,0.0
1,24,7,0,,,,2.0999305,0.0,0.0,0.0,0.0
1,1,1,0,,,,1.6533667,0.0,0.0,0.0,0.0
1,2,1,0,,,,2.078411,0.0,0.0,0.0,0.0
1,3,1,0,,,,2.1693332,0.0,0.0,0.0,0.0
1,4,1,0,,,,2.0070944,0.0,0.0,0.0,0.0
1,5,1,0,,,,1.7759833,0.0,0.0,0.0,0.0
1,6,1,0,,,,2.3668556,0.0,0.0,0.0,0.0
1,7,1,0,,,,4.5363665,0.0,0.0,0.0,0.0
1,8,1,0,,,,5.034278,0.0,0.0,0.0,0.0
1,9,1,0,,,,4.72805,0.0,0.0,0.0,0.0
1,10,1,0,,,,4.0174446,0.0,0.0,0.0,101.5
1,11,1,0,,,,0.98546666,0.0,0.0,0.0,277.16
1,12,1,0,,,,1.08615,0.0,0.0,0.0,619.13
1,13,1,0,,,,0.6529,0.0,0.0,0.0,701.3
1,14,1,0,,,,0.7837611,0.0,0.0,0.0,141.79
1,15,1,0,,,,0.6031167,0.0,0.0,0.0,421.17
1,16,1,0,,,,0.7890056,0.0,0.0,0.0,9.28
1,17,1,0,,,,4.3744335,0.0,0.0,0.0,0.0
1,18,1,0,,,,5.302233,0.0,0.0,0.0,0.0
1,19,1,0,,,,1.8381333,0.0,0.0,0.0,0.0
1,20,1,0,,,,1.3516778,0.0,0.0,0.0,0.0
1,21,1,0,,,,1.41135,0.0,0.0,0.0,0.0
1,22,1,0,,,,1.5385277,0.0,0.0,0.0,0.0
1,23,1,0,,,,1.0396167,0.0,0.0,0.0,0.0
1,24,1,0,,,,0.6109806,0.0,0.0,0.0,0.0
1,1,2,0,,,,0.6114,0.0,0.0,0.0,0.0
1,2,2,0,,,,0.61231667,0.0,0.0,0.0,0.0
1,3,2,0,,,,2.9829667,0.0,0.0,0.0,0.0
1,4,2,0,,,,2.274539,0.0,0.0,0.0,0.0
1,5,2,0,,,,2.9034166,0.0,0.0,0.0,0.0
1,6,2,0,,,,2.2416,0.0,0.0,0.0,0.0
1,7,2,0,,,,1.9755167,0.0,0.0,0.0,0.0
1,8,2,0,,,,1.8405889,0.0,0.0,0.0,0.0
1,9,2,0,,,,1.2645333,0.0,0.0,0.0,0.0
1,10,2,0,,,,1.7366667,0.0,0.0,0.0,64.7
1,11,2,0,,,,1.15115,0.0,0.0,0.0,77.43
1,12,2,0,,,,1.4522222,0.0,0.0,0.0,43.93
1,13,2,0,,,,0.9349333,0.0,0.0,0.0,42.14
1,14,2,0,,,,2.7546,0.0,0.0,0.0,135.88
1,15,2,0,,,,3.5505834,0.0,0.0,0.0,101.06
1,16,2,0,,,,1.3371111,0.0,0.0,0.0,34.43
1,17,2,0,,,,1.4709667,0.0,0.0,0.0,0.0
1,18,2,0,,,,1.2756333,0.0,0.0,0.0,0.0
1,19,2,0,,,,1.4415333,0.0,0.0,0.0,0.0
1,20,2,0,,,,1.5426778,0.0,0.0,0.0,0.0
1,21,2,0,,,,1.95885,0.0,0.0,0.0,0.0
1,22,2,0,,,,5.040228,0.0,0.0,0.0,0.0
1,23,2,0,,,,5.4890833,0.0,0.0,0.0,0.0
1,24,2,0,,,,5.3621917,0.0,0.0,0.0,0.0
1,1,3,0,,,,3.7354,0.0,0.0,0.0,0.0
1,2,3,0,,,,2.1810443,0.0,0.0,0.0,0.0
1,3,3,0,,,,2.1266,0.0,0.0,0.0,0.0
1,4,3,0,,,,1.9526334,0.0,0.0,0.0,0.0
1,5,3,0,,,,1.8489333,0.0,0.0,0.0,0.0
1,6,3,0,,,,2.0239167,0.0,0.0,0.0,0.0
1,7,3,0,,,,2.11615,0.0,0.0,0.0,0.0
1,8,3,0,,,,1.9518334,0.0,0.0,0.0,0.0
1,9,3,0,,,,1.4011,0.0,0.0,0.0,0.0
1,10,3,0,,,,2.0969334,0.0,0.0,0.0,71.7
1,11,3,0,,,,2.1364667,0.0,0.0,0.0,504.61
1,12,3,0,,,,1.1774027,0.0,0.0,0.0,224.15
1,13,3,0,,,,0.99445,0.0,0.0,0.0,56.57
1,14,3,0,,,,0.7346333,0.0,0.0,0.0,356.92
1,15,3,0,,,,1.1380666,0.0,0.0,0.0,483.29
1,16,3,0,,,,2.21485,0.0,0.0,0.0,302.68
1,17,3,0,,,,3.3079667,0.0,0.0,0.0,0.0
1,18,3,0,,,,2.1052055,0.0,0.0,0.0,0.0
1,19,3,0,,,,1.8922833,0.0,0.0,0.0,0.0
1,20,3,0,,,,1.93425,0.0,0.0,0.0,0.0
1,21,3,0,,,,1.8680834,0.0,0.0,0.0,0.0
1,22,3,0,,,,1.8794445,0.0,0.0,0.0,0.0
1,23,3,0,,,,1.9072167,0.0,0.0,0.0,0.0
1,24,3,0,,,,2.2570167,0.0,0.0,0.0,0.0
1,1,4,0,,,,2.4133832,0.0,0.0,0.0,0.0
1,2,4,0,,,,2.6948166,0.0,0.0,0.0,0.0
1,3,4,0,,,,1.7193167,0.0,0.0,0.0,0.0
1,4,4,0,,,,1.9282056,0.0,0.0,0.0,0.0
1,5,4,0,,,,2.0342667,0.0,0.0,0.0,0.0
1,6,4,0,,,,1.7220777,0.0,0.0,0.0,0.0
1,7,4,0,,,,2.1451,0.0,0.0,0.0,0.0
1,8,4,0,,,,2.3468556,0.0,0.0,0.0,0.0
1,9,4,0,,,,1.9256333,0.0,0.0,0.0,0.0
1,10,4,0,,,,1.7724556,0.0,0.0,0.0,413.17
1,11,4,0,,,,1.44415,0.0,0.0,0.0,374.31
1,12,4,0,,,,1.7673334,0.0,0.0,0.0,710.75
1,13,4,0,,,,1.0992167,0.0,0.0,0.0,690.1
1,14,4,0,,,,2.37095,0.0,0.0,0.0,698.67
1,15,4,0,,,,2.9721832,0.0,0.0,0.0,560.9
1,16,4,0,,,,5.289183,0.0,0.0,0.0,381.25
1,17,4,0,,,,5.344333,0.0,0.0,0.0,0.0
1,18,4,0,,,,5.435461,0.0,0.0,0.0,0.0
1,19,4,0,,,,2.3922,0.0,0.0,0.0,0.0
1,20,4,0,,,,1.2988666,0.0,0.0,0.0,0.0
1,21,4,0,,,,1.27925,0.0,0.0,0.0,0.0
1,22,4,0,,,,2.1722333,0.0,0.0,0.0,0.0
1,23,4,0,,,,1.57375,0.0,0.0,0.0,0.0
1,24,4,0,,,,1.4881638,0.0,0.0,0.0,0.0
1,1,5,0,,,,1.91495,0.0,0.0,0.0,0.0
1,2,5,0,,,,1.5723112,0.0,0.0,0.0,0.0
1,3,5,0,,,,2.3645167,0.0,0.0,0.0,0.0
1,4,5,0,,,,2.0821056,0.0,0.0,0.0,0.0
1,5,5,0,,,,2.2142832,0.0,0.0,0.0,0.0
1,6,5,0,,,,2.0028667,0.0,0.0,0.0,0.0
1,7,5,0,,,,4.4254065,0.0,0.0,0.0,0.0
1,8,5,0,,,,5.364267,0.0,0.0,0.0,0.0
1,9,5,0,,,,5.4687834,0.0,0.0,0.0,0.0
1,10,5,0,,,,4.535325,0.0,0.0,0.0,274.0
1,11,5,0,,,,1.65855,0.0,0.0,0.0,198.65
1,12,5,0,,,,1.9256556,0.0,0.0,0.0,615.58
1,13,5,0,,,,1.5954167,0.0,0.0,0.0,663.01
1,14,5,0,,,,2.539639,0.0,0.0,0.0,640.14
1,15,5,0,,,,2.4150167,0.0,0.0,0.0,250.89
1,16,5,0,,,,4.2141724,0.0,0.0,0.0,68.27
1,17,5,0,,,,1.7134833,0.0,0.0,0.0,0.0
1,18,5,0,,,,2.2151277,0.0,0.0,0.0,0.0
1,19,5,0,,,,1.9836167,0.0,0.0,0.0,0.0
1,20,5,0,,,,3.2591445,0.0,0.0,0.0,0.0
1,21,5,0,,,,2.2336333,0.0,0.0,0.0,0.0
1,22,5,0,,,,1.82025,0.0,0.0,0.0,0.0
1,23,5,0,,,,1.9131666,0.0,0.0,0.0,0.0
1,24,5,0,,,,2.0632668,0.0,0.0,0.0,0.0
1,1,6,0,,,,1.9877666,0.0,0.0,0.0,0.0
1,2,6,0,,,,1.96525,0.0,0.0,0.0,0.0
1,3,6,0,,,,2.2842166,0.0,0.0,0.0,0.0
1,4,6,0,,,,2.3854833,0.0,0.0,0.0,0.0
1,5,6,0,,,,2.1079333,0.0,0.0,0.0,0.0
1,6,6,0,,,,2.1307611,0.0,0.0,0.0,0.0
1,7,6,0,,,,5.00345,0.0,0.0,0.0,0.0
1,8,6,0,,,,5.4346724,0.0,0.0,0.0,0.0
1,9,6,0,,,,5.391317,0.0,0.0,0.0,0.0
1,10,6,0,,,,3.6686223,0.0,0.0,0.0,67.6
1,11,6,0,,,,1.7439,0.0,0.0,0.0,58.83
1,12,6,0,,,,1.2403556,0.0,0.0,0.0,100.11
1,13,6,0,,,,2.0962834,0.0,0.0,0.0,23.72
1,14,6,0,,,,1.6791389,0.0,0.0,0.0,40.17
1,15,6,0,,,,1.8519167,0.0,0.0,0.0,147.87
1,16,6,0,,,,2.0399168,0.0,0.0,0.0,32.58
1,17,6,0,,,,1.3201166,0.0,0.0,0.0,0.0
1,18,6,0,,,,1.3275722,0.0,0.0,0.0,0.0
1,19,6,0,,,,1.87935,0.0,0.0,0.0,0.0
1,20,6,0,,,,1.7384611,0.0,0.0,0.0,0.0
1,21,6,0,,,,2.5011334,0.0,0.0,0.0,0.0
1,22,6,0,,,,1.6345667,0.0,0.0,0.0,0.0
1,23,6,0,,,,1.72265,0.0,0.0,0.0,0.0
1,24,6,0,,,,3.0418723,0.0,0.0,0.0,0.0
1,1,7,0,,,,1.9031167,0.0,0.0,0.0,0.0
1,2,7,0,,,,2.12445,0.0,0.0,0.0,0.0
1,3,7,0,,,,1.69395,0.0,0.0,0.0,0.0
1,4,7,0,,,,1.7763166,0.0,0.0,0.0,0.0
1,5,7,0,,,,0.7349333,0.0,0.0,0.0,0.0
1,6,7,0,,,,1.5118667,0.0,0.0,0.0,0.0
1,7,7,0,,,,4.505533,0.0,0.0,0.0,0.0
1,8,7,0,,,,4.4659333,0.0,0.0,0.0,0.0
1,9,7,0,,,,4.7591166,0.0,0.0,0.0,1.38
1,10,7,0,,,,3.72815,0.0,0.0,0.0,396.81
1,11,7,0,,,,1.4534861,0.0,0.0,0.0,350.44
1,12,7,0,,,,2.5283167,0.0,0.0,0.0,121.07
1,13,7,0,,,,3.6619167,0.0,0.0,0.0,91.5
1,14,7,0,,,,3.7311666,0.0,0.0,0.0,61.21
1,15,7,0,,,,2.5653834,0.0,0.0,0.0,19.4
1,16,7,0,,,,3.6167834,0.0,0.0,0.0,15.04
1,17,7,0,,,,2.9186666,0.0,0.0,0.0,0.0
1,18,7,0,,,,3.0491083,0.0,0.0,0.0,0.0
1,19,7,0,,,,1.567,0.0,0.0,0.0,0.0
1,20,7,0,,,,1.6341056,0.0,0.0,0.0,0.0
1,21,7,0,,,,1.5620834,0.0,0.0,0.0,0.0
1,22,7,0,,,,2.2521334,0.0,0.0,0.0,0.0
1,23,7,0,,,,1.80425,0.0,0.0,0.0,0.0
1,24,7,0,,,,1.5891917,0.0,0.0,0.0,0.0
1,1,1,0,,,,2.54625,0.0,0.0,0.0,0.0
1,2,1,0,,,,2.5179167,0.0,0.0,0.0,0.0
1,3,1,0,,,,2.4427333,0.0,0.0,0.0,0.0
1,4,1,0,,,,2.2836833,0.0,0.0,0.0,0.0
1,5,1,0,,,,1.3176167,0.0,0.0,0.0,0.0
1,6,1,0,,,,0.7051278,0.0,0.0,0.0,0.0
1,7,1,0,,,,3.04995,0.0,0.0,0.0,0.0
1,8,1,0,,,,3.6609,0.0,0.0,0.0,0.0
1,9,1,0,,,,3.65395,0.0,0.0,0.0,8.17
1,10,1,0,,,,2.7722666,0.0,0.0,0.0,19.76
1,11,1,0,,,,0.2444889,0.0,0.0,0.0,44.49
1,12,1,0,,,,0.25148332,0.0,0.0,0.0,36.21
1,13,1,0,,,,0.351525,0.0,0.0,0.0,36.16
1,14,1,0,,,,0.45995,0.0,0.0,0.0,61.1
1,15,1,0,,,,0.6113667,0.0,0.0,0.0,51.76
1,16,1,0,,,,1.6647,0.0,0.0,0.0,21.13
1,17,1,0,,,,3.2424834,0.0,0.0,0.0,0.0
1,18,1,0,,,,3.8148832,0.0,0.0,0.0,0.0
1,19,1,0,,,,3.537111,0.0,0.0,0.0,0.0
1,20,1,0,,,,3.1805832,0.0,0.0,0.0,0.0
1,21,1,0,,,,3.0478,0.0,0.0,0.0,0.0
1,22,1,0,,,,2.4205167,0.0,0.0,0.0,0.0
1,23,1,0,,,,3.642611,0.0,0.0,0.0,0.0
1,24,1,0,,,,1.9279,0.0,0.0,0.0,0.0
1,1,2,0,,,,2.3034945,0.0,0.0,0.0,0.0
1,2,2,0,,,,1.89135,0.0,0.0,0.0,0.0
1,3,2,0,,,,1.9938055,0.0,0.0,0.0,0.0
1,4,2,0,,,,2.5514,0.0,0.0,0.0,0.0
1,5,2,0,,,,2.87945,0.0,0.0,0.0,0.0
1,6,2,0,,,,2.68125,0.0,0.0,0.0,0.0
1,7,2,0,,,,1.7014111,0.0,0.0,0.0,0.0
1,8,2,0,,,,2.0355334,0.0,0.0,0.0,0.0
1,9,2,0,,,,1.9917889,0.0,0.0,0.0,1.33
1,10,2,0,,,,1.6444167,0.0,0.0,0.0,109.9
1,11,2,0,,,,1.9988333,0.0,0.0,0.0,97.83
1,12,2,0,,,,1.64635,0.0,0.0,0.0,464.98
1,13,2,0,,,,3.6904166,0.0,0.0,0.0,471.17
1,14,2,0,,,,3.2179,0.0,0.0,0.0,377.85
1,15,2,0,,,,5.4546666,0.0,0.0,0.0,322.88
1,16,2,0,,,,5.1834,0.0,0.0,0.0,323.93
1,17,2,0,,,,2.7693,0.0,0.0,0.0,0.0
1,18,2,0,,,,3.3282332,0.0,0.0,0.0,0.0
1,19,2,0,,,,1.4560833,0.0,0.0,0.0,0.0
1,20,2,0,,,,2.3146417,0.0,0.0,0.0,0.0
1,21,2,0,,,,1.9971,0.0,0.0,0.0,0.0
1,22,2,0,,,,0.69243336,0.0,0.0,0.0,0.0
1,23,2,0,,,,2.52135,0.0,0.0,0.0,0.0
1,24,2,0,,,,3.7601416,0.0,0.0,0.0,0.0
1,1,3,0,,,,2.2741,0.0,0.0,0.0,0.0
1,2,3,0,,,,1.9653833,0.0,0.0,0.0,0.0
1,3,3,0,,,,2.5859666,0.0,0.0,0.0,0.0
1,4,3,0,,,,2.5153334,0.0,0.0,0.0,0.0
1,5,3,0,,,,2.6735666,0.0,0.0,0.0,0.0
1,6,3,0,,,,2.6571333,0.0,0.0,0.0,0.0
1,7,3,0,,,,2.1494,0.0,0.0,0.0,0.0
1,8,3,0,,,,1.74715,0.0,0.0,0.0,0.0
1,9,3,0,,,,2.1971,0.0,0.0,0.0,1.39
1,10,3,0,,,,1.5113833,0.0,0.0,0.0,234.76
1,11,3,0,,,,1.5766,0.0,0.0,0.0,146.35
1,12,3,0,,,,1.1486334,0.0,0.0,0.0,444.77
1,13,3,0,,,,1.1843667,0.0,0.0,0.0,394.1
1,14,3,0,,,,2.4404333,0.0,0.0,0.0,398.25
1,15,3,0,,,,5.14475,0.0,0.0,0.0,151.15
1,16,3,0,,,,1.0251167,0.0,0.0,0.0,18.32
1,17,3,0,,,,2.8429167,0.0,0.0,0.0,0.0
1,18,3,0,,,,4.3717666,0.0,0.0,0.0,0.0
1,19,3,0,,,,4.5933833,0.0,0.0,0.0,0.0
1,20,3,0,,,,4.66945,0.0,0.0,0.0,0.0
1,21,3,0,,,,1.7048,0.0,0.0,0.0,0.0
1,22,3,0,,,,1.7704834,0.0,0.0,0.0,0.0
1,23,3,0,,,,2.0253832,0.0,0.0,0.0,0.0
1,24,3,0,,,,1.9443083,0.0,0.0,0.0,0.0
1,1,4,0,,,,1.7361833,0.0,0.0,0.0,0.0
1,2,4,0,,,,2.0819333,0.0,0.0,0.0,0.0
1,3,4,0,,,,2.1340334,0.0,0.0,0.0,0.0
1,4,4,0,,,,1.8871666,0.0,0.0,0.0,0.0
1,5,4,0,,,,2.0923,0.0,0.0,0.0,0.0
1,6,4,0,,,,2.4683666,0.0,0.0,0.0,0.0
1,7,4,0,,,,2.2692168,0.0,0.0,0.0,0.0
1,8,4,0,,,,2.3185,0.0,0.0,0.0,0.0
1,9,4,0,,,,1.8175334,0.0,0.0,0.0,1.81
1,10,4,0,,,,1.59215,0.0,0.0,0.0,26.57
1,11,4,0,,,,1.4011416,0.0,0.0,0.0,50.81
1,12,4,0,,,,1.1829166,0.0,0.0,0.0,110.27
1,13,4,0,,,,1.0361667,0.0,0.0,0.0,42.26
1,14,4,0,,,,0.9841833,0.0,0.0,0.0,38.14
1,15,4,0,,,,3.0087833,0.0,0.0,0.0,24.69
1,16,4,0,,,,4.63075,0.0,0.0,0.0,391.74
1,17,4,0,,,,4.8938165,0.0,0.0,0.0,0.0
1,18,4,0,,,,4.9894667,0.0,0.0,0.0,0.0
1,19,4,0,,,,1.6964333,0.0,0.0,0.0,0.0
1,20,4,0,,,,2.8031166,0.0,0.0,0.0,0.0
1,21,4,0,,,,1.2224833,0.0,0.0,0.0,0.0
1,22,4,0,,,,3.1592166,0.0,0.0,0.0,0.0
1,23,4,0,,,,3.7124333,0.0,0.0,0.0,0.0
1,24,4,0,,,,3.061425,0.0,0.0,0.0,0.0
1,1,5,0,,,,2.8428667,0.0,0.0,0.0,0.0
1,2,5,0,,,,1.22045,0.0,0.0,0.0,0.0
1,3,5,0,,,,0.33993334,0.0,0.0,0.0,0.0
1,4,5,0,,,,0.33545,0.0,0.0,0.0,0.0
1,5,5,0,,,,0.3291,0.0,0.0,0.0,0.0
1,6,5,0,,,,0.3196111,0.0,0.0,0.0,0.0
1,7,5,0,,,,0.24301666,0.0,0.0,0.0,0.0
1,8,5,0,,,,0.24953888,0.0,0.0,0.0,0.0
1,9,5,0,,,,0.25216666,0.0,0.0,0.0,21.45
1,10,5,0,,,,0.2535,0.0,0.0,0.0,166.3
1,11,5,0,,,,1.6843,0.0,0.0,0.0,182.8
1,12,5,0,,,,1.04955,0.0,0.0,0.0,382.87
1,13,5,0,,,,1.0014167,0.0,0.0,0.0,456.8
1,14,5,0,,,,0.5701722,0.0,0.0,0.0,54.25
1,15,5,0,,,,2.7518,0.0,0.0,0.0,21.14
1,16,5,0,,,,5.591839,0.0,0.0,0.0,13.08
1,17,5,0,,,,7.9908,0.0,0.0,0.0,0.0
1,18,5,0,,,,7.840528,0.0,0.0,0.0,0.0
1,19,5,0,,,,4.29275,0.0,0.0,0.0,0.0
1,20,5,0,,,,3.0287278,0.0,0.0,0.0,0.0
1,21,5,0,,,,3.5250666,0.0,0.0,0.0,0.0
1,22,5,0,,,,3.158811,0.0,0.0,0.0,0.0
1,23,5,0,,,,3.7147334,0.0,0.0,0.0,0.0
1,24,5,0,,,,3.3739445,0.0,0.0,0.0,0.0
1,1,6,0,,,,2.8495834,0.0,0.0,0.0,0.0
1,2,6,0,,,,2.7616832,0.0,0.0,0.0,0.0
1,3,6,0,,,,1.6386833,0.0,0.0,0.0,0.0
1,4,6,0,,,,0.7247611,0.0,0.0,0.0,0.0
1,5,6,0,,,,0.74805,0.0,0.0,0.0,0.0
1,6,6,0,,,,0.33141667,0.0,0.0,0.0,0.0
1,7,6,0,,,,0.2288,0.0,0.0,0.0,0.0
1,8,6,0,,,,0.2740889,0.0,0.0,0.0,0.0
1,9,6,0,,,,0.26456666,0.0,0.0,0.0,4.03
1,10,6,0,,,,2.5037167,0.0,0.0,0.0,138.05
1,11,6,0,,,,0.69555,0.0,0.0,0.0,34.01
1,12,6,0,,,,1.2432055,0.0,0.0,0.0,90.82
1,13,6,0,,,,0.35801667,0.0,0.0,0.0,104.27
1,14,6,0,,,,3.6596167,0.0,0.0,0.0,75.24
1,15,6,0,,,,1.4843,0.0,0.0,0.0,45.53
1,16,6,0,,,,2.249875,0.0,0.0,0.0,3.89
1,17,6,0,,,,5.300017,0.0,0.0,0.0,0.0
1,18,6,0,,,,1.1259,0.0,0.0,0.0,0.0
1,19,6,0,,,,1.1920333,0.0,0.0,0.0,0.0
1,20,6,0,,,,1.7384611,0.0,0.0,0.0,0.0
1,21,6,0,,,,2.5011334,0.0,0.0,0.0,0.0
1,22,6,0,,,,1.6345667,0.0,0.0,0.0,0.0
1,23,6,0,,,,2.5096,0.0,0.0,0.0,0.0
1,24,6,0,,,,1.9686834,0.0,0.0,0.0,0.0
1,1,7,0,,,,2.2472334,0.0,0.0,0.0,0.0
1,2,7,0,,,,1.6217945,0.0,0.0,0.0,0.0
1,3,7,0,,,,1.69395,0.0,0.0,0.0,0.0
1,4,7,0,,,,3.77215,0.0,0.0,0.0,0.0
1,5,7,0,,,,1.7937,0.0,0.0,0.0,0.0
1,6,7,0,,,,3.8903832,0.0,0.0,0.0,0.0
1,7,7,0,,,,5.2886167,0.0,0.0,0.0,0.0
1,8,7,0,,,,5.060878,0.0,0.0,0.0,0.0
1,9,7,0,,,,4.798506,0.0,0.0,0.0,0.0
1,10,7,0,,,,1.7417834,0.0,0.0,0.0,82.26
1,11,7,0,,,,4.317439,0.0,0.0,0.0,56.86
1,12,7,0,,,,0.31576943,0.0,0.0,0.0,90.62
1,13,7,0,,,,1.0278667,0.0,0.0,0.0,44.59
1,14,7,0,,,,0.8741229,0.0,0.0,0.0,29.75
1,15,7,0,,,,0.40153334,0.0,0.0,0.0,9.07
1,16,7,0,,,,1.5203834,0.0,0.0,0.0,11.03
1,17,7,0,,,,3.2793,0.0,0.0,0.0,0.0
1,18,7,0,,,,0.7846,0.0,0.0,0.0,0.0
1,19,7,0,,,,1.8740667,0.0,0.0,0.0,0.0
1,20,7,0,,,,2.8216667,0.0,0.0,0.0,0.0
1,21,7,0,,,,3.0478,0.0,0.0,0.0,0.0
1,22,7,0,,,,2.336325,0.0,0.0,0.0,0.0
1,23,7,0,,,,2.744814,0.0,0.0,0.0,0.0
1,24,7,0,,,,2.9991055,0.0,0.0,0.0,0.0
1,1,1,0,,,,1.46425,0.0,0.0,0.0,0.0
1,2,1,0,,,,1.8808777,0.0,0.0,0.0,0.0
1,3,1,0,,,,1.4826111,0.0,0.0,0.0,0.0
1,4,1,0,,,,1.5172334,0.0,0.0,0.0,0.0
1,5,1,0,,,,4.6881,0.0,0.0,0.0,0.0
1,6,1,0,,,,1.7941333,0.0,0.0,0.0,0.0
1,7,1,0,,,,3.820889,0.0,0.0,0.0,0.0
1,8,1,0,,,,4.9986415,0.0,0.0,0.0,0.0
1,9,1,0,,,,5.5113,0.0,0.0,0.0,1.68
1,10,1,0,,,,5.7373943,0.0,0.0,0.0,18.75
1,11,1,0,,,,0.7316167,0.0,0.0,0.0,30.64
1,12,1,0,,,,0.40375,0.0,0.0,0.0,42.3
1,13,1,0,,,,0.6604056,0.0,0.0,0.0,33.65
1,14,1,0,,,,0.267,0.0,0.0,0.0,32.03
1,15,1,0,,,,0.7378,0.0,0.0,0.0,23.7
1,16,1,0,,,,2.9544,0.0,0.0,0.0,12.99
1,17,1,0,,,,2.0504832,0.0,0.0,0.0,0.0
1,18,1,0,,,,3.3337722,0.0,0.0,0.0,0.0
1,19,1,0,,,,3.537111,0.0,0.0,0.0,0.0
1,20,1,0,,,,3.1805832,0.0,0.0,0.0,0.0
1,21,1,0,,,,1.5620834,0.0,0.0,0.0,0.0
1,22,1,0,,,,2.336325,0.0,0.0,0.0,0.0
1,23,1,0,,,,2.744814,0.0,0.0,0.0,0.0
1,24,1,0,,,,1.3657167,0.0,0.0,0.0,0.0
1,1,2,0,,,,1.7704778,0.0,0.0,0.0,0.0
1,2,2,0,,,,0.9294,0.0,0.0,0.0,0.0
1,3,2,0,,,,1.4953,0.0,0.0,0.0,0.0
1,4,2,0,,,,1.9858111,0.0,0.0,0.0,0.0
1,5,2,0,,,,1.7637334,0.0,0.0,0.0,0.0
1,6,2,0,,,,1.801889,0.0,0.0,0.0,0.0
1,7,2,0,,,,1.6140667,0.0,0.0,0.0,0.0
1,8,2,0,,,,1.4877666,0.0,0.0,0.0,0.0
1,9,2,0,,,,0.40203345,0.0,0.0,0.0,1.69
1,10,2,0,,,,2.5253,0.0,0.0,0.0,109.99
1,11,2,0,,,,0.8632167,0.0,0.0,0.0,53.77
1,12,2,0,,,,0.55861664,0.0,0.0,0.0,66.03
1,13,2,0,,,,1.0438,0.0,0.0,0.0,70.07
1,14,2,0,,,,1.6349167,0.0,0.0,0.0,29.16
1,15,2,0,,,,0.9172,0.0,0.0,0.0,81.21
1,16,2,0,,,,1.4988778,0.0,0.0,0.0,83.27
1,17,2,0,,,,2.7823167,0.0,0.0,0.0,0.0
1,18,2,0,,,,1.59945,0.0,0.0,0.0,0.0
1,19,2,0,,,,0.70531666,0.0,0.0,0.0,0.0
1,20,2,0,,,,0.94527775,0.0,0.0,0.0,0.0
1,21,2,0,,,,0.261,0.0,0.0,0.0,0.0
1,22,2,0,,,,3.0994,0.0,0.0,0.0,0.0
1,23,2,0,,,,3.4860334,0.0,0.0,0.0,0.0
1,24,2,0,,,,2.275686,0.0,0.0,0.0,0.0
2,1,3,0,,,,2.3210666,0.0,0.0,0.0,0.0
2,2,3,0,,,,1.9695166,0.0,0.0,0.0,0.0
2,3,3,0,,,,1.08855,0.0,0.0,0.0,0.0
2,4,3,0,,,,1.3954945,0.0,0.0,0.0,0.0
2,5,3,0,,,,0.44131666,0.0,0.0,0.0,0.0
2,6,3,0,,,,4.536011,0.0,0.0,0.0,0.0
2,7,3,0,,,,3.2917333,0.0,0.0,0.0,0.0
2,8,3,0,,,,1.2736833,0.0,0.0,0.0,0.0
2,9,3,0,,,,0.84835,0.0,0.0,0.0,59.85
2,10,3,0,,,,2.6983,0.0,0.0,0.0,98.85
2,11,3,0,,,,0.2004,0.0,0.0,0.0,55.87
2,12,3,0,,,,0.79060555,0.0,0.0,0.0,81.03
2,13,3,0,,,,1.0564333,0.0,0.0,0.0,69.49
2,14,3,0,,,,1.0141222,0.0,0.0,0.0,57.98
2,15,3,0,,,,2.72285,0.0,0.0,0.0,68.57
2,16,3,0,,,,1.3906945,0.0,0.0,0.0,9.07
2,17,3,0,,,,4.511894,0.0,0.0,0.0,0.23
2,18,3,0,,,,1.1681334,0.0,0.0,0.0,0.0
2,19,3,0,,,,0.346,0.0,0.0,0.0,0.0
2,20,3,0,,,,2.201789,0.0,0.0,0.0,0.0
2,21,3,0,,,,1.8459667,0.0,0.0,0.0,0.0
2,22,3,0,,,,2.0517445,0.0,0.0,0.0,0.0
2,23,3,0,,,,1.827525,0.0,0.0,0.0,0.0
2,24,3,0,,,,2.5578694,0.0,0.0,0.0,0.0
2,1,4,0,,,,2.3210666,0.0,0.0,0.0,0.0
2,2,4,0,,,,1.4289389,0.0,0.0,0.0,0.0
2,3,4,0,,,,1.08855,0.0,0.0,0.0,0.0
2,4,4,0,,,,1.3954945,0.0,0.0,0.0,0.0
2,5,4,0,,,,1.1556444,0.0,0.0,0.0,0.0
2,6,4,0,,,,1.2236888,0.0,0.0,0.0,0.0
2,7,4,0,,,,3.3998666,0.0,0.0,0.0,0.0
2,8,4,0,,,,1.1589,0.0,0.0,0.0,0.0
2,9,4,0,,,,3.3637166,0.0,0.0,0.0,64.34
2,10,4,0,,,,0.57388335,0.0,0.0,0.0,16.61
2,11,4,0,,,,2.29915,0.0,0.0,0.0,29.11
2,12,4,0,,,,0.9187889,0.0,0.0,0.0,63.22
2,13,4,0,,,,1.0564333,0.0,0.0,0.0,58.24
2,14,4,0,,,,4.136017,0.0,0.0,0.0,44.56
2,15,4,0,,,,0.68556666,0.0,0.0,0.0,139.17
2,16,4,0,,,,2.8896832,0.0,0.0,0.0,11.03
2,17,4,0,,,,4.219328,0.0,0.0,0.0,0.59
2,18,4,0,,,,1.3285834,0.0,0.0,0.0,0.0
2,19,4,0,,,,2.03685,0.0,0.0,0.0,0.0
2,20,4,0,,,,2.201789,0.0,0.0,0.0,0.0
2,21,4,0,,,,1.8459667,0.0,0.0,0.0,0.0
2,22,4,0,,,,2.0517445,0.0,0.0,0.0,0.0
2,23,4,0,,,,2.132025,0.0,0.0,0.0,0.0
2,24,4,0,,,,2.9269,0.0,0.0,0.0,0.0
2,1,5,0,,,,2.3210666,0.0,0.0,0.0,0.0
2,2,5,0,,,,1.4949666,0.0,0.0,0.0,0.0
2,3,5,0,,,,1.08855,0.0,0.0,0.0,0.0
2,4,5,0,,,,1.3954945,0.0,0.0,0.0,0.0
2,5,5,0,,,,0.44131666,0.0,0.0,0.0,0.0
2,6,5,0,,,,1.2236888,0.0,0.0,0.0,0.0
2,7,5,0,,,,1.0303,0.0,0.0,0.0,0.0
2,8,5,0,,,,1.6244333,0.0,0.0,0.0,0.0
2,9,5,0,,,,2.0234168,0.0,0.0,0.0,0.0
2,10,5,0,,,,3.2561667,0.0,0.0,0.0,84.15
2,11,5,0,,,,0.2675,0.0,0.0,0.0,75.63
2,12,5,0,,,,1.6218055,0.0,0.0,0.0,94.34
2,13,5,0,,,,0.5140167,0.0,0.0,0.0,69.51
2,14,5,0,,,,3.3869555,0.0,0.0,0.0,35.01
2,15,5,0,,,,0.55040556,0.0,0.0,0.0,10.32
2,16,5,0,,,,1.7260166,0.0,0.0,0.0,7.15
2,17,5,0,,,,3.2799332,0.0,0.0,0.0,1.19
2,18,5,0,,,,1.1984667,0.0,0.0,0.0,0.0
2,19,5,0,,,,0.346,0.0,0.0,0.0,0.0
2,20,5,0,,,,0.346,0.0,0.0,0.0,0.0
2,21,5,0,,,,0.346,0.0,0.0,0.0,0.0
2,22,5,0,,,,4.2897167,0.0,0.0,0.0,0.0
2,23,5,0,,,,2.6990666,0.0,0.0,0.0,0.0
2,24,5,0,,,,2.9269,0.0,0.0,0.0,0.0
2,1,6,0,,,,4.40795,0.0,0.0,0.0,0.0
2,2,6,0,,,,2.7613168,0.0,0.0,0.0,0.0
2,3,6,0,,,,1.08855,0.0,0.0,0.0,0.0
2,4,6,0,,,,1.3954945,0.0,0.0,0.0,0.0
2,5,6,0,,,,0.44131666,0.0,0.0,0.0,0.0
2,6,6,0,,,,4.536011,0.0,0.0,0.0,0.0
2,7,6,0,,,,0.93255,0.0,0.0,0.0,0.0
2,8,6,0,,,,1.1504667,0.0,0.0,0.0,0.0
2,9,6,0,,,,3.8907666,0.0,0.0,0.0,1.2
2,10,6,0,,,,3.4109333,0.0,0.0,0.0,27.35
2,11,6,0,,,,0.59845,0.0,0.0,0.0,46.62
2,12,6,0,,,,0.2810278,0.0,0.0,0.0,75.56
2,13,6,0,,,,1.7957,0.0,0.0,0.0,101.32
2,14,6,0,,,,4.687,0.0,0.0,0.0,88.22
2,15,6,0,,,,1.6145,0.0,0.0,0.0,72.0
2,16,6,0,,,,2.8920555,0.0,0.0,0.0,342.45
2,17,6,0,,,,5.1951,0.0,0.0,0.0,0.37
2,18,6,0,,,,1.0206833,0.0,0.0,0.0,0.0
2,19,6,0,,,,0.346,0.0,0.0,0.0,0.0
2,20,6,0,,,,0.346,0.0,0.0,0.0,0.0
2,21,6,0,,,,0.346,0.0,0.0,0.0,0.0
2,22,6,0,,,,4.2897167,0.0,0.0,0.0,0.0
2,23,6,0,,,,2.6990666,0.0,0.0,0.0,0.0
2,24,6,0,,,,2.2556,0.0,0.0,0.0,0.0
2,1,7,0,,,,4.40795,0.0,0.0,0.0,0.0
2,2,7,0,,,,2.5147,0.0,0.0,0.0,0.0
2,3,7,0,,,,1.08855,0.0,0.0,0.0,0.0
2,4,7,0,,,,1.3954945,0.0,0.0,0.0,0.0
2,5,7,0,,,,0.44131666,0.0,0.0,0.0,0.0
2,6,7,0,,,,4.536011,0.0,0.0,0.0,0.0
2,7,7,0,,,,4.9149666,0.0,0.0,0.0,0.0
2,8,7,0,,,,3.71435,0.0,0.0,0.0,0.0
2,9,7,0,,,,5.21125,0.0,0.0,0.0,0.39
2,10,7,0,,,,3.5272834,0.0,0.0,0.0,148.92
2,11,7,0,,,,0.2886,0.0,0.0,0.0,43.41
2,12,7,0,,,,3.31235,0.0,0.0,0.0,19.59
2,13,7,0,,,,1.311,0.0,0.0,0.0,76.82
2,14,7,0,,,,1.311,0.0,0.0,0.0,89.94
2,15,7,0,,,,0.39043334,0.0,0.0,0.0,105.32
2,16,7,0,,,,1.0384834,0.0,0.0,0.0,23.99
2,17,7,0,,,,0.3743,0.0,0.0,0.0,1.23
2,18,7,0,,,,0.79733336,0.0,0.0,0.0,0.0
2,19,7,0,,,,2.03665,0.0,0.0,0.0,0.0
2,20,7,0,,,,2.2013555,0.0,0.0,0.0,0.0
2,21,7,0,,,,1.8459667,0.0,0.0,0.0,0.0
2,22,7,0,,,,2.0517445,0.0,0.0,0.0,0.0
2,23,7,0,,,,1.80045,0.0,0.0,0.0,0.0
2,24,7,0,,,,2.2556,0.0,0.0,0.0,0.0
2,1,1,0,,,,2.3226833,0.0,0.0,0.0,0.0
2,2,1,0,,,,1.4289389,0.0,0.0,0.0,0.0
2,3,1,0,,,,1.08855,0.0,0.0,0.0,0.0
2,4,1,0,,,,1.3954945,0.0,0.0,0.0,0.0
2,5,1,0,,,,0.44131666,0.0,0.0,0.0,0.0
2,6,1,0,,,,4.536011,0.0,0.0,0.0,0.0
2,7,1,0,,,,4.89925,0.0,0.0,0.0,0.0
2,8,1,0,,,,3.5966,0.0,0.0,0.0,0.0
2,9,1,0,,,,6.51665,0.0,0.0,0.0,0.03
2,10,1,0,,,,2.09535,0.0,0.0,0.0,106.05
2,11,1,0,,,,0.17698333,0.0,0.0,0.0,57.93
2,12,1,0,,,,0.33103332,0.0,0.0,0.0,67.77
2,13,1,0,,,,0.7683333,0.0,0.0,0.0,45.73
2,14,1,0,,,,0.5940667,0.0,0.0,0.0,99.08
2,15,1,0,,,,1.7863166,0.0,0.0,0.0,78.16
2,16,1,0,,,,0.41207778,0.0,0.0,0.0,132.85
2,17,1,0,,,,4.211578,0.0,0.0,0.0,174.49
2,18,1,0,,,,1.10595,0.0,0.0,0.0,0.0
2,19,1,0,,,,1.15515,0.0,0.0,0.0,0.0
2,20,1,0,,,,2.201789,0.0,0.0,0.0,0.0
2,21,1,0,,,,1.8459667,0.0,0.0,0.0,0.0
2,22,1,0,,,,2.0517445,0.0,0.0,0.0,0.0
2,23,1,0,,,,1.80045,0.0,0.0,0.0,0.0
2,24,1,0,,,,2.275686,0.0,0.0,0.0,0.0
2,1,2,0,,,,2.3226833,0.0,0.0,0.0,0.0
2,2,2,0,,,,1.5686333,0.0,0.0,0.0,0.0
2,3,2,0,,,,1.08855,0.0,0.0,0.0,0.0
2,4,2,0,,,,1.3954945,0.0,0.0,0.0,0.0
2,5,2,0,,,,0.44131666,0.0,0.0,0.0,0.0
2,6,2,0,,,,4.536011,0.0,0.0,0.0,0.0
2,7,2,0,,,,4.9191,0.0,0.0,0.0,0.0
2,8,2,0,,,,3.7736666,0.0,0.0,0.0,0.0
2,9,2,0,,,,3.3862166,0.0,0.0,0.0,181.09
2,10,2,0,,,,1.2695167,0.0,0.0,0.0,426.47
2,11,2,0,,,,0.5190333,0.0,0.0,0.0,366.77
2,12,2,0,,,,0.6196167,0.0,0.0,0.0,429.1
2,13,2,0,,,,1.1153834,0.0,0.0,0.0,476.19
2,14,2,0,,,,0.73426664,0.0,0.0,0.0,130.77
2,15,2,0,,,,0.162,0.0,0.0,0.0,524.81
2,16,2,0,,,,0.9714278,0.0,0.0,0.0,445.11
2,17,2,0,,,,0.23135,0.0,0.0,0.0,165.29
2,18,2,0,,,,0.76515,0.0,0.0,0.0,0.0
2,19,2,0,,,,2.03665,0.0,0.0,0.0,0.0
2,20,2,0,,,,2.2013555,0.0,0.0,0.0,0.0
2,21,2,0,,,,1.8459667,0.0,0.0,0.0,0.0
2,22,2,0,,,,2.0517445,0.0,0.0,0.0,0.0
2,23,2,0,,,,1.8296417,0.0,0.0,0.0,0.0
2,24,2,0,,,,2.275686,0.0,0.0,0.0,0.0
2,1,3,0,,,,2.3210666,0.0,0.0,0.0,0.0
2,2,3,0,,,,1.9695166,0.0,0.0,0.0,0.0
2,3,3,0,,,,1.08855,0.0,0.0,0.0,0.0
2,4,3,0,,,,1.3954945,0.0,0.0,0.0,0.0
2,5,3,0,,,,0.44131666,0.0,0.0,0.0,0.0
2,6,3,0,,,,4.536011,0.0,0.0,0.0,0.0
2,7,3,0,,,,3.5979166,0.0,0.0,0.0,0.0
2,8,3,0,,,,1.1618,0.0,0.0,0.0,0.0
2,9,3,0,,,,3.8135,0.0,0.0,0.0,205.7
2,10,3,0,,,,0.20285,0.0,0.0,0.0,441.71
2,11,3,0,,,,0.49308333,0.0,0.0,0.0,147.21
2,12,3,0,,,,1.1230389,0.0,0.0,0.0,150.23
2,13,3,0,,,,4.60595,0.0,0.0,0.0,103.25
2,14,3,0,,,,0.307,0.0,0.0,0.0,60.63
2,15,3,0,,,,0.60291666,0.0,0.0,0.0,27.87
2,16,3,0,,,,1.0588555,0.0,0.0,0.0,22.6
2,17,3,0,,,,0.25733334,0.0,0.0,0.0,3.78
2,18,3,0,,,,1.1802334,0.0,0.0,0.0,0.0
2,19,3,0,,,,0.346,0.0,0.0,0.0,0.0
2,20,3,0,,,,2.201789,0.0,0.0,0.0,0.0
2,21,3,0,,,,1.8459667,0.0,0.0,0.0,0.0
2,22,3,0,,,,2.0517445,0.0,0.0,0.0,0.0
2,23,3,0,,,,1.827525,0.0,0.0,0.0,0.0
2,24,3,0,,,,0.347,0.0,0.0,0.0,0.0
2,1,4,0,,,,2.3210666,0.0,0.0,0.0,0.0
2,2,4,0,,,,1.3596833,0.0,0.0,0.0,0.0
2,3,4,0,,,,1.08855,0.0,0.0,0.0,0.0
2,4,4,0,,,,1.3954945,0.0,0.0,0.0,0.0
2,5,4,0,,,,0.44131666,0.0,0.0,0.0,0.0
2,6,4,0,,,,4.536011,0.0,0.0,0.0,0.0
2,7,4,0,,,,1.5101833,0.0,0.0,0.0,0.0
2,8,4,0,,,,4.1875834,0.0,0.0,0.0,0.0
2,9,4,0,,,,1.0622889,0.0,0.0,0.0,33.44
2,10,4,0,,,,0.431,0.0,0.0,0.0,107.82
2,11,4,0,,,,0.5240333,0.0,0.0,0.0,92.35
2,12,4,0,,,,1.559025,0.0,0.0,0.0,147.12
2,13,4,0,,,,0.783,0.0,0.0,0.0,92.05
2,14,4,0,,,,3.4034057,0.0,0.0,0.0,80.09
2,15,4,0,,,,2.3634167,0.0,0.0,0.0,45.39
2,16,4,0,,,,2.3202055,0.0,0.0,0.0,28.79
2,17,4,0,,,,1.6431777,0.0,0.0,0.0,8.0
2,18,4,0,,,,1.27765,0.0,0.0,0.0,0.0
2,19,4,0,,,,1.15515,0.0,0.0,0.0,0.0
2,20,4,0,,,,1.0874333,0.0,0.0,0.0,0.0
2,21,4,0,,,,1.1102,0.0,0.0,0.0,0.0
2,22,4,0,,,,0.347,0.0,0.0,0.0,0.0
2,23,4,0,,,,0.347,0.0,0.0,0.0,0.0
2,24,4,0,,,,2.9269,0.0,0.0,0.0,0.0
2,1,5,0,,,,0.347,0.0,0.0,0.0,0.0
2,2,5,0,,,,1.9917667,0.0,0.0,0.0,0.0
2,3,5,0,,,,1.08855,0.0,0.0,0.0,0.0
2,4,5,0,,,,1.3954945,0.0,0.0,0.0,0.0
2,5,5,0,,,,0.44131666,0.0,0.0,0.0,0.0
2,6,5,0,,,,4.536011,0.0,0.0,0.0,0.0
2,7,5,0,,,,1.2599666,0.0,0.0,0.0,0.0
2,8,5,0,,,,1.5099167,0.0,0.0,0.0,0.0
2,9,5,0,,,,0.68145,0.0,0.0,0.0,0.44
2,10,5,0,,,,3.5030334,0.0,0.0,0.0,46.19
2,11,5,0,,,,2.0942166,0.0,0.0,0.0,153.62
2,12,5,0,,,,0.9043556,0.0,0.0,0.0,140.11
2,13,5,0,,,,1.2808167,0.0,0.0,0.0,118.07
2,14,5,0,,,,0.4775,0.0,0.0,0.0,580.05
2,15,5,0,,,,1.0087723,0.0,0.0,0.0,636.99
2,16,5,0,,,,0.47281668,0.0,0.0,0.0,423.0
2,17,5,0,,,,4.60205,0.0,0.0,0.0,215.67
2,18,5,0,,,,1.39105,0.0,0.0,0.0,0.0
2,19,5,0,,,,0.346,0.0,0.0,0.0,0.0
2,20,5,0,,,,0.346,0.0,0.0,0.0,0.0
2,21,5,0,,,,0.346,0.0,0.0,0.0,0.0
2,22,5,0,,,,4.2897167,0.0,0.0,0.0,0.0
2,23,5,0,,,,2.6990666,0.0,0.0,0.0,0.0
2,24,5,0,,,,2.9269,0.0,0.0,0.0,0.0
2,1,6,0,,,,4.40795,0.0,0.0,0.0,0.0
2,2,6,0,,,,3.9980667,0.0,0.0,0.0,0.0
2,3,6,0,,,,4.051,0.0,0.0,0.0,0.0
2,4,6,0,,,,4.051,0.0,0.0,0.0,0.0
2,5,6,0,,,,3.1279166,0.0,0.0,0.0,0.0
2,6,6,0,,,,3.0953054,0.0,0.0,0.0,0.0
2,7,6,0,,,,3.82335,0.0,0.0,0.0,0.0
2,8,6,0,,,,4.5339665,0.0,0.0,0.0,0.0
2,9,6,0,,,,2.2834167,0.0,0.0,0.0,9.31
2,10,6,0,,,,4.6124334,0.0,0.0,0.0,28.79
2,11,6,0,,,,0.6174833,0.0,0.0,0.0,48.43
2,12,6,0,,,,0.99830556,0.0,0.0,0.0,78.7
2,13,6,0,,,,0.302,0.0,0.0,0.0,53.7
2,14,6,0,,,,0.8689333,0.0,0.0,0.0,48.63
2,15,6,0,,,,1.3961667,0.0,0.0,0.0,39.74
2,16,6,0,,,,2.5103223,0.0,0.0,0.0,19.29
2,17,6,0,,,,3.19165,0.0,0.0,0.0,4.23
2,18,6,0,,,,1.12125,0.0,0.0,0.0,0.0
2,19,6,0,,,,0.346,0.0,0.0,0.0,0.0
2,20,6,0,,,,0.346,0.0,0.0,0.0,0.0
2,21,6,0,,,,0.346,0.0,0.0,0.0,0.0
2,22,6,0,,,,4.2897167,0.0,0.0,0.0,0.0
2,23,6,0,,,,2.6990666,0.0,0.0,0.0,0.0
2,24,6,0,,,,2.2539833,0.0,0.0,0.0,0.0
2,1,7,0,,,,4.40795,0.0,0.0,0.0,0.0
2,2,7,0,,,,2.8534334,0.0,0.0,0.0,0.0
2,3,7,0,,,,0.187,0.0,0.0,0.0,0.0
2,4,7,0,,,,0.22115,0.0,0.0,0.0,0.0
2,5,7,0,,,,0.040883385,0.0,0.0,0.0,0.0
2,6,7,0,,,,9.9999994e-08,0.0,0.0,0.0,0.0
2,7,7,0,,,,3.0776668,0.0,0.0,0.0,0.0
2,8,7,0,,,,4.2801332,0.0,0.0,0.0,0.0
2,9,7,0,,,,4.2484665,0.0,0.0,0.0,54.36
2,10,7,0,,,,0.43156666,0.0,0.0,0.0,137.98
2,11,7,0,,,,0.17698333,0.0,0.0,0.0,67.4
2,12,7,0,,,,0.33266667,0.0,0.0,0.0,65.79
2,13,7,0,,,,2.63135,0.0,0.0,0.0,125.69
2,14,7,0,,,,4.136017,0.0,0.0,0.0,100.31
2,15,7,0,,,,0.8286167,0.0,0.0,0.0,199.67
2,16,7,0,,,,1.0384834,0.0,0.0,0.0,131.66
2,17,7,0,,,,0.3495,0.0,0.0,0.0,23.83
2,18,7,0,,,,0.7576,0.0,0.0,0.0,0.0
2,19,7,0,,,,2.03665,0.0,0.0,0.0,0.0
2,20,7,0,,,,2.2013555,0.0,0.0,0.0,0.0
2,21,7,0,,,,1.8459667,0.0,0.0,0.0,0.0
2,22,7,0,,,,2.0517445,0.0,0.0,0.0,0.0
2,23,7,0,,,,1.80045,0.0,0.0,0.0,0.0
2,24,7,0,,,,2.9269,0.0,0.0,0.0,0.0
2,1,1,0,,,,2.3210666,0.0,0.0,0.0,0.0
2,2,1,0,,,,1.4289389,0.0,0.0,0.0,0.0
2,3,1,0,,,,0.317,0.0,0.0,0.0,0.0
2,4,1,0,,,,0.317,0.0,0.0,0.0,0.0
2,5,1,0,,,,0.24511667,0.0,0.0,0.0,0.0
2,6,1,0,,,,0.23755,0.0,0.0,0.0,0.0
2,7,1,0,,,,3.0546334,0.0,0.0,0.0,0.0
2,8,1,0,,,,3.8646166,0.0,0.0,0.0,0.0
2,9,1,0,,,,4.1743665,0.0,0.0,0.0,86.16
2,10,1,0,,,,3.80275,0.0,0.0,0.0,133.04
2,11,1,0,,,,3.2501,0.0,0.0,0.0,104.28
2,12,1,0,,,,1.23345,0.0,0.0,0.0,221.98
2,13,1,0,,,,0.621,0.0,0.0,0.0,133.05
2,14,1,0,,,,0.164,0.0,0.0,0.0,137.49
2,15,1,0,,,,1.7480333,0.0,0.0,0.0,91.0
2,16,1,0,,,,1.504,0.0,0.0,0.0,107.01
2,17,1,0,,,,1.8458834,0.0,0.0,0.0,50.83
2,18,1,0,,,,2.1162834,0.0,0.0,0.0,0.0
2,19,1,0,,,,0.929,0.0,0.0,0.0,0.0
2,20,1,0,,,,0.929,0.0,0.0,0.0,0.0
2,21,1,0,,,,0.929,0.0,0.0,0.0,0.0
2,22,1,0,,,,4.3630667,0.0,0.0,0.0,0.0
2,23,1,0,,,,2.6990666,0.0,0.0,0.0,0.0
2,24,1,0,,,,2.9269,0.0,0.0,0.0,0.0
2,1,2,0,,,,4.40795,0.0,0.0,0.0,0.0
2,2,2,0,,,,2.25075,0.0,0.0,0.0,0.0
2,3,2,0,,,,4.051,0.0,0.0,0.0,0.0
2,4,2,0,,,,4.051,0.0,0.0,0.0,0.0
2,5,2,0,,,,3.1279166,0.0,0.0,0.0,0.0
2,6,2,0,,,,3.0953054,0.0,0.0,0.0,0.0
2,7,2,0,,,,3.2943168,0.0,0.0,0.0,0.0
2,8,2,0,,,,0.97785,0.0,0.0,0.0,0.0
2,9,2,0,,,,3.5598333,0.0,0.0,0.0,77.87
2,10,2,0,,,,3.2133334,0.0,0.0,0.0,64.94
2,11,2,0,,,,0.30486667,0.0,0.0,0.0,93.48
2,12,2,0,,,,0.62798333,0.0,0.0,0.0,140.77
2,13,2,0,,,,0.82515,0.0,0.0,0.0,66.46
2,14,2,0,,,,0.49221668,0.0,0.0,0.0,54.2
2,15,2,0,,,,1.0156,0.0,0.0,0.0,37.52
2,16,2,0,,,,1.415361,0.0,0.0,0.0,23.8
2,17,2,0,,,,1.1275389,0.0,0.0,0.0,14.48
2,18,2,0,,,,1.4126834,0.0,0.0,0.0,0.0
2,19,2,0,,,,0.346,0.0,0.0,0.0,0.0
2,20,2,0,,,,0.346,0.0,0.0,0.0,0.0
2,21,2,0,,,,0.346,0.0,0.0,0.0,0.0
2,22,2,0,,,,4.2897167,0.0,0.0,0.0,0.0
2,23,2,0,,,,2.6990666,0.0,0.0,0.0,0.0
2,24,2,0,,,,2.9269,0.0,0.0,0.0,0.0
2,1,3,0,,,,4.40795,0.0,0.0,0.0,0.0
2,2,3,0,,,,2.32805,0.0,0.0,0.0,0.0
2,3,3,0,,,,2.614,0.0,0.0,0.0,0.0
2,4,3,0,,,,4.051,0.0,0.0,0.0,0.0
2,5,3,0,,,,3.1279166,0.0,0.0,0.0,0.0
2,6,3,0,,,,3.0341444,0.0,0.0,0.0,0.0
2,7,3,0,,,,2.9384665,0.0,0.0,0.0,0.0
2,8,3,0,,,,1.22105,0.0,0.0,0.0,0.0
2,9,3,0,,,,1.4278333,0.0,0.0,0.0,15.54
2,10,3,0,,,,4.272617,0.0,0.0,0.0,31.83
2,11,3,0,,,,0.24426667,0.0,0.0,0.0,167.21
2,12,3,0,,,,0.2339611,0.0,0.0,0.0,106.18
2,13,3,0,,,,1.3966167,0.0,0.0,0.0,237.66
2,14,3,0,,,,1.8556167,0.0,0.0,0.0,349.99
2,15,3,0,,,,0.5069,0.0,0.0,0.0,408.75
2,16,3,0,,,,1.9584,0.0,0.0,0.0,283.73
2,17,3,0,,,,5.1947417,0.0,0.0,0.0,16.46
2,18,3,0,,,,1.1627834,0.0,0.0,0.0,0.0
2,19,3,0,,,,0.346,0.0,0.0,0.0,0.0
2,20,3,0,,,,0.346,0.0,0.0,0.0,0.0
2,21,3,0,,,,0.346,0.0,0.0,0.0,0.0
2,22,3,0,,,,4.2897167,0.0,0.0,0.0,0.0
2,23,3,0,,,,2.6990666,0.0,0.0,0.0,0.0
2,24,3,0,,,,2.9269,0.0,0.0,0.0,0.0
2,1,4,0,,,,4.40795,0.0,0.0,0.0,0.0
2,2,4,0,,,,2.43105,0.0,0.0,0.0,0.0
2,3,4,0,,,,1.08855,0.0,0.0,0.0,0.0
2,4,4,0,,,,1.3954945,0.0,0.0,0.0,0.0
2,5,4,0,,,,0.44131666,0.0,0.0,0.0,0.0
2,6,4,0,,,,4.536011,0.0,0.0,0.0,0.0
2,7,4,0,,,,2.2192667,0.0,0.0,0.0,0.0
2,8,4,0,,,,1.1124166,0.0,0.0,0.0,0.0
2,9,4,0,,,,4.682133,0.0,0.0,0.0,45.97
2,10,4,0,,,,1.3385167,0.0,0.0,0.0,103.93
2,11,4,0,,,,1.9216,0.0,0.0,0.0,124.43
2,12,4,0,,,,0.5222,0.0,0.0,0.0,408.8
2,13,4,0,,,,1.3224,0.0,0.0,0.0,725.54
2,14,4,0,,,,1.54155,0.0,0.0,0.0,694.83
2,15,4,0,,,,2.53885,0.0,0.0,0.0,595.46
2,16,4,0,,,,0.4342,0.0,0.0,0.0,449.18
2,17,4,0,,,,2.7976665,0.0,0.0,0.0,238.86
2,18,4,0,,,,2.9824,0.0,0.0,0.0,0.0
2,19,4,0,,,,0.346,0.0,0.0,0.0,0.0
2,20,4,0,,,,0.346,0.0,0.0,0.0,0.0
2,21,4,0,,,,0.346,0.0,0.0,0.0,0.0
2,22,4,0,,,,4.2897167,0.0,0.0,0.0,0.0
2,23,4,0,,,,2.6990666,0.0,0.0,0.0,0.0
2,24,4,0,,,,2.9269,0.0,0.0,0.0,0.0
2,1,5,0,,,,4.40795,0.0,0.0,0.0,0.0
2,2,5,0,,,,2.8534334,0.0,0.0,0.0,0.0
2,3,5,0,,,,3.6357,0.0,0.0,0.0,0.0
2,4,5,0,,,,1.3954945,0.0,0.0,0.0,0.0
2,5,5,0,,,,3.6122668,0.0,0.0,0.0,0.0
2,6,5,0,,,,1.73185,0.0,0.0,0.0,0.0
2,7,5,0,,,,1.2992834,0.0,0.0,0.0,0.0
2,8,5,0,,,,1.7158667,0.0,0.0,0.0,0.0
2,9,5,0,,,,1.2770333,0.0,0.0,0.0,217.76
2,10,5,0,,,,1.6479666,0.0,0.0,0.0,483.62
2,11,5,0,,,,0.91110003,0.0,0.0,0.0,599.99
2,12,5,0,,,,0.75263333,0.0,0.0,0.0,710.45
2,13,5,0,,,,0.8293167,0.0,0.0,0.0,742.41
2,14,5,0,,,,0.33248332,0.0,0.0,0.0,726.71
2,15,5,0,,,,2.53885,0.0,0.0,0.0,604.17
2,16,5,0,,,,2.3672833,0.0,0.0,0.0,362.8
2,17,5,0,,,,0.63795,0.0,0.0,0.0,25.83
2,18,5,0,,,,2.0022166,0.0,0.0,0.0,0.0
2,19,5,0,,,,0.346,0.0,0.0,0.0,0.0
2,20,5,0,,,,0.346,0.0,0.0,0.0,0.0
2,21,5,0,,,,0.346,0.0,0.0,0.0,0.0
2,22,5,0,,,,4.2897167,0.0,0.0,0.0,0.0
2,23,5,0,,,,2.6990666,0.0,0.0,0.0,0.0
2,24,5,0,,,,2.9269,0.0,0.0,0.0,0.0
2,1,6,0,,,,4.40795,0.0,0.0,0.0,0.0
2,2,6,0,,,,2.7201333,0.0,0.0,0.0,0.0
2,3,6,0,,,,1.08855,0.0,0.0,0.0,0.0
2,4,6,0,,,,1.3954945,0.0,0.0,0.0,0.0
2,5,6,0,,,,0.44131666,0.0,0.0,0.0,0.0
2,6,6,0,,,,4.536011,0.0,0.0,0.0,0.0
2,7,6,0,,,,1.2132666,0.0,0.0,0.0,0.0
2,8,6,0,,,,1.7248666,0.0,0.0,0.0,0.0
2,9,6,0,,,,1.3280833,0.0,0.0,0.0,227.92
2,10,6,0,,,,2.9896,0.0,0.0,0.0,485.91
2,11,6,0,,,,0.91110003,0.0,0.0,0.0,643.64
2,12,6,0,,,,0.92071664,0.0,0.0,0.0,735.12
2,13,6,0,,,,0.469,0.0,0.0,0.0,765.77
2,14,6,0,,,,1.2061555,0.0,0.0,0.0,731.95
2,15,6,0,,,,1.7429833,0.0,0.0,0.0,629.45
2,16,6,0,,,,2.3117278,0.0,0.0,0.0,471.78
2,17,6,0,,,,0.69388056,0.0,0.0,0.0,253.46
2,18,6,0,,,,2.0216167,0.0,0.0,0.0,0.0
2,19,6,0,,,,0.346,0.0,0.0,0.0,0.0
2,20,6,0,,,,0.346,0.0,0.0,0.0,0.0
2,21,6,0,,,,0.346,0.0,0.0,0.0,0.0
2,22,6,0,,,,4.2897167,0.0,0.0,0.0,0.0
2,23,6,0,,,,2.6990666,0.0,0.0,0.0,0.0
2,24,6,0,,,,2.9269,0.0,0.0,0.0,0.0
2,1,7,0,,,,4.40795,0.0,0.0,0.0,0.0
2,2,7,0,,,,2.2271833,0.0,0.0,0.0,0.0
2,3,7,0,,,,1.08855,0.0,0.0,0.0,0.0
2,4,7,0,,,,1.3954945,0.0,0.0,0.0,0.0
2,5,7,0,,,,0.24511667,0.0,0.0,0.0,0.0
2,6,7,0,,,,0.23755,0.0,0.0,0.0,0.0
2,7,7,0,,,,3.1200166,0.0,0.0,0.0,0.0
2,8,7,0,,,,4.2801332,0.0,0.0,0.0,0.0
2,9,7,0,,,,3.65945,0.0,0.0,0.0,260.16
2,10,7,0,,,,1.8108667,0.0,0.0,0.0,492.67
2,11,7,0,,,,1.3753611,0.0,0.0,0.0,648.34
2,12,7,0,,,,0.40836668,0.0,0.0,0.0,742.32
2,13,7,0,,,,1.6112,0.0,0.0,0.0,769.32
2,14,7,0,,,,0.7112333,0.0,0.0,0.0,747.52
2,15,7,0,,,,2.4346,0.0,0.0,0.0,633.14
2,16,7,0,,,,2.5440555,0.0,0.0,0.0,483.78
2,17,7,0,,,,1.9888834,0.0,0.0,0.0,263.05
2,18,7,0,,,,1.1181667,0.0,0.0,0.0,0.0
2,19,7,0,,,,0.929,0.0,0.0,0.0,0.0
2,20,7,0,,,,0.929,0.0,0.0,0.0,0.0
2,21,7,0,,,,0.929,0.0,0.0,0.0,0.0
2,22,7,0,,,,4.3630667,0.0,0.0,0.0,0.0
2,23,7,0,,,,2.6990666,0.0,0.0,0.0,0.0
2,24,7,0,,,,2.9269,0.0,0.0,0.0,0.0
2,1,1,0,,,,4.40795,0.0,0.0,0.0,0.0
2,2,1,0,,,,2.2271833,0.0,0.0,0.0,0.0
2,3,1,0,,,,1.08855,0.0,0.0,0.0,0.0
2,4,1,0,,,,1.3954945,0.0,0.0,0.0,0.0
2,5,1,0,,,,0.44131666,0.0,0.0,0.0,0.0
2,6,1,0,,,,4.536011,0.0,0.0,0.0,0.0
2,7,1,0,,,,3.8499,0.0,0.0,0.0,0.0
2,8,1,0,,,,4.2801332,0.0,0.0,0.0,0.0
2,9,1,0,,,,3.3810833,0.0,0.0,0.0,162.02
2,10,1,0,,,,2.5417166,0.0,0.0,0.0,296.15
2,11,1,0,,,,1.9559,0.0,0.0,0.0,126.1
2,12,1,0,,,,0.40891665,0.0,0.0,0.0,36.34
2,13,1,0,,,,5.0737166,0.0,0.0,0.0,165.04
2,14,1,0,,,,0.45836666,0.0,0.0,0.0,155.34
2,15,1,0,,,,2.48785,0.0,0.0,0.0,28.5
2,16,1,0,,,,3.933,0.0,0.0,0.0,146.35
2,17,1,0,,,,1.8571,0.0,0.0,0.0,6.45
2,18,1,0,,,,1.9619833,0.0,0.0,0.0,0.0
2,19,1,0,,,,0.929,0.0,0.0,0.0,0.0
2,20,1,0,,,,0.929,0.0,0.0,0.0,0.0
2,21,1,0,,,,0.929,0.0,0.0,0.0,0.0
2,22,1,0,,,,4.3630667,0.0,0.0,0.0,0.0
2,23,1,0,,,,2.6990666,0.0,0.0,0.0,0.0
2,24,1,0,,,,2.9269,0.0,0.0,0.0,0.0
2,1,2,0,,,,4.40795,0.0,0.0,0.0,0.0
2,2,2,0,,,,2.2204833,0.0,0.0,0.0,0.0
2,3,2,0,,,,1.08855,0.0,0.0,0.0,0.0
2,4,2,0,,,,1.3954945,0.0,0.0,0.0,0.0
2,5,2,0,,,,0.44131666,0.0,0.0,0.0,0.0
2,6,2,0,,,,4.536011,0.0,0.0,0.0,0.0
2,7,2,0,,,,3.0827334,0.0,0.0,0.0,0.0
2,8,2,0,,,,1.2517,0.0,0.0,0.0,0.0
2,9,2,0,,,,0.6590833,0.0,0.0,0.0,37.37
2,10,2,0,,,,0.8014167,0.0,0.0,0.0,148.73
2,11,2,0,,,,0.9754222,0.0,0.0,0.0,304.01
2,12,2,0,,,,0.47014445,0.0,0.0,0.0,616.94
2,13,2,0,,,,1.9079167,0.0,0.0,0.0,782.68
2,14,2,0,,,,0.6764,0.0,0.0,0.0,755.72
2,15,2,0,,,,1.0019333,0.0,0.0,0.0,672.69
2,16,2,0,,,,0.6413,0.0,0.0,0.0,486.9
2,17,2,0,,,,1.7972333,0.0,0.0,0.0,295.33
2,18,2,0,,,,0.99835,0.0,0.0,0.0,0.0
2,19,2,0,,,,0.346,0.0,0.0,0.0,0.0
2,20,2,0,,,,0.346,0.0,0.0,0.0,0.0
2,21,2,0,,,,1.8459667,0.0,0.0,0.0,0.0
2,22,2,0,,,,4.2897167,0.0,0.0,0.0,0.0
2,23,2,0,,,,2.6713166,0.0,0.0,0.0,0.0
2,24,2,0,,,,2.9269,0.0,0.0,0.0,0.0
2,1,3,0,,,,4.40795,0.0,0.0,0.0,0.0
2,2,3,0,,,,2.1734667,0.0,0.0,0.0,0.0
2,3,3,0,,,,1.08855,0.0,0.0,0.0,0.0
2,4,3,0,,,,1.3954945,0.0,0.0,0.0,0.0
2,5,3,0,,,,0.44131666,0.0,0.0,0.0,0.0
2,6,3,0,,,,4.536011,0.0,0.0,0.0,0.0
2,7,3,0,,,,2.2121334,0.0,0.0,0.0,0.0
2,8,3,0,,,,0.7565,0.0,0.0,0.0,0.0
2,9,3,0,,,,0.64755,0.0,0.0,0.0,93.86
2,10,3,0,,,,0.84381664,0.0,0.0,0.0,523.37
2,11,3,0,,,,1.1258,0.0,0.0,0.0,670.68
2,12,3,0,,,,0.47733057,0.0,0.0,0.0,678.76
2,13,3,0,,,,1.3829334,0.0,0.0,0.0,810.42
2,14,3,0,,,,1.3988333,0.0,0.0,0.0,672.87
2,15,3,0,,,,3.81205,0.0,0.0,0.0,452.9
2,16,3,0,,,,4.3162165,0.0,0.0,0.0,302.71
2,17,3,0,,,,0.50305,0.0,0.0,0.0,225.98
2,18,3,0,,,,1.0736166,0.0,0.0,0.0,0.0
2,19,3,0,,,,0.346,0.0,0.0,0.0,0.0
2,20,3,0,,,,0.346,0.0,0.0,0.0,0.0
2,21,3,0,,,,0.346,0.0,0.0,0.0,0.0
2,22,3,0,,,,4.2897167,0.0,0.0,0.0,0.0
2,23,3,0,,,,2.6990666,0.0,0.0,0.0,0.0
2,24,3,0,,,,2.5631695,0.0,0.0,0.0,0.0
2,1,4,0,,,,4.40795,0.0,0.0,0.0,0.0
2,2,4,0,,,,2.43105,0.0,0.0,0.0,0.0
2,3,4,0,,,,1.08855,0.0,0.0,0.0,0.0
2,4,4,0,,,,1.3954945,0.0,0.0,0.0,0.0
2,5,4,0,,,,0.44131666,0.0,0.0,0.0,0.0
2,6,4,0,,,,4.536011,0.0,0.0,0.0,0.0
2,7,4,0,,,,1.5101833,0.0,0.0,0.0,0.0
2,8,4,0,,,,1.3569167,0.0,0.0,0.0,0.0
2,9,4,0,,,,4.3709335,0.0,0.0,0.0,87.28
2,10,4,0,,,,0.4864,0.0,0.0,0.0,517.3
2,11,4,0,,,,1.1857166,0.0,0.0,0.0,699.71
2,12,4,0,,,,0.41925,0.0,0.0,0.0,807.42
2,13,4,0,,,,0.8035833,0.0,0.0,0.0,844.31
2,14,4,0,,,,1.3312833,0.0,0.0,0.0,809.3
2,15,4,0,,,,2.0213666,0.0,0.0,0.0,677.57
2,16,4,0,,,,2.623889,0.0,0.0,0.0,539.38
2,17,4,0,,,,4.118828,0.0,0.0,0.0,303.12
2,18,4,0,,,,0.9346833,0.0,0.0,0.0,0.0
2,19,4,0,,,,2.03665,0.0,0.0,0.0,0.0
2,20,4,0,,,,2.2013555,0.0,0.0,0.0,0.0
2,21,4,0,,,,1.8459667,0.0,0.0,0.0,0.0
2,22,4,0,,,,2.0517445,0.0,0.0,0.0,0.0
2,23,4,0,,,,2.1299083,0.0,0.0,0.0,0.0
2,24,4,0,,,,2.5631695,0.0,0.0,0.0,0.0
2,1,5,0,,,,2.3210666,0.0,0.0,0.0,0.0
2,2,5,0,,,,1.4949666,0.0,0.0,0.0,0.0
2,3,5,0,,,,1.08855,0.0,0.0,0.0,0.0
2,4,5,0,,,,1.3954945,0.0,0.0,0.0,0.0
2,5,5,0,,,,0.44131666,0.0,0.0,0.0,0.0
2,6,5,0,,,,4.536011,0.0,0.0,0.0,0.0
2,7,5,0,,,,1.2913333,0.0,0.0,0.0,0.0
2,8,5,0,,,,1.6770667,0.0,0.0,0.0,0.0
2,9,5,0,,,,2.71585,0.0,0.0,0.0,114.06
2,10,5,0,,,,1.1885,0.0,0.0,0.0,140.79
2,11,5,0,,,,3.54625,0.0,0.0,0.0,219.92
2,12,5,0,,,,0.8851111,0.0,0.0,0.0,310.68
2,13,5,0,,,,0.77691114,0.0,0.0,0.0,254.8
2,14,5,0,,,,1.5127167,0.0,0.0,0.0,358.28
2,15,5,0,,,,2.49785,0.0,0.0,0.0,153.65
2,16,5,0,,,,2.3672833,0.0,0.0,0.0,93.92
2,17,5,0,,,,1.7824167,0.0,0.0,0.0,37.69
2,18,5,0,,,,0.9899667,0.0,0.0,0.0,0.0
2,19,5,0,,,,0.346,0.0,0.0,0.0,0.0
2,20,5,0,,,,0.346,0.0,0.0,0.0,0.0
2,21,5,0,,,,0.346,0.0,0.0,0.0,0.0
2,22,5,0,,,,2.0517445,0.0,0.0,0.0,0.0
2,23,5,0,,,,2.132025,0.0,0.0,0.0,0.0
2,24,5,0,,,,2.9269,0.0,0.0,0.0,0.0
2,1,6,0,,,,2.3210666,0.0,0.0,0.0,0.0
2,2,6,0,,,,1.4949666,0.0,0.0,0.0,0.0
2,3,6,0,,,,1.08855,0.0,0.0,0.0,0.0
2,4,6,0,,,,1.3954945,0.0,0.0,0.0,0.0
2,5,6,0,,,,0.44131666,0.0,0.0,0.0,0.0
2,6,6,0,,,,4.536011,0.0,0.0,0.0,0.0
2,7,6,0,,,,1.9630333,0.0,0.0,0.0,0.0
2,8,6,0,,,,4.5339665,0.0,0.0,0.0,0.0
2,9,6,0,,,,5.470328,0.0,0.0,0.0,148.42
2,10,6,0,,,,3.0205,0.0,0.0,0.0,306.21
2,11,6,0,,,,1.6045166,0.0,0.0,0.0,227.14
2,12,6,0,,,,2.88155,0.0,0.0,0.0,758.14
2,13,6,0,,,,1.8806611,0.0,0.0,0.0,810.18
2,14,6,0,,,,1.8673222,0.0,0.0,0.0,778.24
2,15,6,0,,,,0.5201667,0.0,0.0,0.0,679.61
2,16,6,0,,,,0.68081665,0.0,0.0,0.0,527.19
2,17,6,0,,,,2.895,0.0,0.0,0.0,273.37
2,18,6,0,,,,1.1540166,0.0,0.0,0.0,0.0
2,19,6,0,,,,0.346,0.0,0.0,0.0,0.0
2,20,6,0,,,,0.346,0.0,0.0,0.0,0.0
2,21,6,0,,,,0.346,0.0,0.0,0.0,0.0
2,22,6,0,,,,4.2897167,0.0,0.0,0.0,0.0
2,23,6,0,,,,2.6990666,0.0,0.0,0.0,0.0
2,24,6,0,,,,2.2539833,0.0,0.0,0.0,0.0
2,1,7,0,,,,4.40795,0.0,0.0,0.0,0.0
2,2,7,0,,,,2.3240223,0.0,0.0,0.0,0.0
2,3,7,0,,,,1.08855,0.0,0.0,0.0,0.0
2,4,7,0,,,,1.3954945,0.0,0.0,0.0,0.0
2,5,7,0,,,,0.44131666,0.0,0.0,0.0,0.0
2,6,7,0,,,,4.536011,0.0,0.0,0.0,0.0
2,7,7,0,,,,5.2714834,0.0,0.0,0.0,0.0
2,8,7,0,,,,4.2801332,0.0,0.0,0.0,0.0
2,9,7,0,,,,3.5586834,0.0,0.0,0.0,10.46
2,10,7,0,,,,3.80275,0.0,0.0,0.0,132.93
2,11,7,0,,,,0.17698333,0.0,0.0,0.0,58.63
2,12,7,0,,,,0.92786664,0.0,0.0,0.0,109.5
2,13,7,0,,,,0.408,0.0,0.0,0.0,195.43
2,14,7,0,,,,0.71645,0.0,0.0,0.0,115.94
2,15,7,0,,,,2.2822833,0.0,0.0,0.0,193.45
2,16,7,0,,,,2.3618388,0.0,0.0,0.0,45.35
2,17,7,0,,,,0.77482224,0.0,0.0,0.0,197.86
2,18,7,0,,,,1.17745,0.0,0.0,0.0,0.0
2,19,7,0,,,,2.03685,0.0,0.0,0.0,0.0
2,20,7,0,,,,2.2013555,0.0,0.0,0.0,0.0
2,21,7,0,,,,1.8459667,0.0,0.0,0.0,0.0
2,22,7,0,,,,2.0517445,0.0,0.0,0.0,0.0
2,23,7,0,,,,1.8025666,0.0,0.0,0.0,0.0
2,24,7,0,,,,2.2556,0.0,0.0,0.0,0.0
2,1,1,0,,,,2.3210666,0.0,0.0,0.0,0.0
2,2,1,0,,,,1.4289389,0.0,0.0,0.0,0.0
2,3,1,0,,,,1.08855,0.0,0.0,0.0,0.0
2,4,1,0,,,,1.3954945,0.0,0.0,0.0,0.0
2,5,1,0,,,,0.44131666,0.0,0.0,0.0,0.0
2,6,1,0,,,,4.536011,0.0,0.0,0.0,0.0
2,7,1,0,,,,5.1903834,0.0,0.0,0.0,0.0
2,8,1,0,,,,3.8648,0.0,0.0,0.0,0.0
2,9,1,0,,,,3.1884167,0.0,0.0,0.0,13.2
2,10,1,0,,,,1.7711166,0.0,0.0,0.0,51.24
2,11,1,0,,,,0.24771667,0.0,0.0,0.0,117.33
2,12,1,0,,,,0.7795278,0.0,0.0,0.0,172.23
2,13,1,0,,,,4.914183,0.0,0.0,0.0,337.82
2,14,1,0,,,,3.4037223,0.0,0.0,0.0,591.89
2,15,1,0,,,,2.3903832,0.0,0.0,0.0,141.76
2,16,1,0,,,,2.2577388,0.0,0.0,0.0,138.02
2,17,1,0,,,,4.577083,0.0,0.0,0.0,85.18
2,18,1,0,,,,2.1821945,0.0,0.0,0.0,0.0
2,19,1,0,,,,2.03685,0.0,0.0,0.0,0.0
2,20,1,0,,,,2.2013555,0.0,0.0,0.0,0.0
2,21,1,0,,,,1.8459667,0.0,0.0,0.0,0.0
2,22,1,0,,,,2.0517445,0.0,0.0,0.0,0.0
2,23,1,0,,,,1.80045,0.0,0.0,0.0,0.0
2,24,1,0,,,,2.280986,0.0,0.0,0.0,0.0
2,1,2,0,,,,2.3226833,0.0,0.0,0.0,0.0
2,2,2,0,,,,1.5686333,0.0,0.0,0.0,0.0
2,3,2,0,,,,1.08855,0.0,0.0,0.0,0.0
2,4,2,0,,,,1.3954945,0.0,0.0,0.0,0.0
2,5,2,0,,,,0.44131666,0.0,0.0,0.0,0.0
2,6,2,0,,,,4.536011,0.0,0.0,0.0,0.0
2,7,2,0,,,,4.9191,0.0,0.0,0.0,0.0
2,8,2,0,,,,3.7737,0.0,0.0,0.0,0.0
2,9,2,0,,,,3.7848833,0.0,0.0,0.0,148.24
2,10,2,0,,,,0.38311112,0.0,0.0,0.0,400.91
2,11,2,0,,,,0.8757167,0.0,0.0,0.0,579.15
2,12,2,0,,,,0.9265722,0.0,0.0,0.0,556.85
2,13,2,0,,,,1.3657666,0.0,0.0,0.0,428.18
2,14,2,0,,,,1.1651889,0.0,0.0,0.0,449.93
2,15,2,0,,,,0.9805667,0.0,0.0,0.0,371.83
2,16,2,0,,,,0.93715,0.0,0.0,0.0,375.77
2,17,2,0,,,,0.6493,0.0,0.0,0.0,15.91
2,18,2,0,,,,0.5274111,0.0,0.0,0.0,0.0
2,19,2,0,,,,1.15515,0.0,0.0,0.0,0.0
2,20,2,0,,,,1.0874333,0.0,0.0,0.0,0.0
2,21,2,0,,,,1.1102,0.0,0.0,0.0,0.0
2,22,2,0,,,,4.2897167,0.0,0.0,0.0,0.0
2,23,2,0,,,,2.6713166,0.0,0.0,0.0,0.0
2,24,2,0,,,,2.0659056,0.0,0.0,0.0,0.0
3,1,3,0,,,,2.07865,0.0,0.0,0.0,0.0
3,2,3,0,,,,2.0943832,0.0,0.0,0.0,0.0
3,3,3,0,,,,2.1400833,0.0,0.0,0.0,0.0
3,4,3,0,,,,1.7954445,0.0,0.0,0.0,0.0
3,5,3,0,,,,0.6757333,0.0,0.0,0.0,0.0
3,6,3,0,,,,3.0953054,0.0,0.0,0.0,0.0
3,7,3,0,,,,4.04535,0.0,0.0,0.0,0.0
3,8,3,0,,,,3.7192445,0.0,0.0,0.0,0.02
3,9,3,0,,,,2.8488166,0.0,0.0,0.0,81.06
3,10,3,0,,,,0.5375111,0.0,0.0,0.0,99.97
3,11,3,0,,,,0.72635,0.0,0.0,0.0,106.98
3,12,3,0,,,,3.5605555,0.0,0.0,0.0,130.39
3,13,3,0,,,,1.3966167,0.0,0.0,0.0,59.69
3,14,3,0,,,,0.47340554,0.0,0.0,0.0,50.73
3,15,3,0,,,,0.7252833,0.0,0.0,0.0,19.27
3,16,3,0,,,,0.6986222,0.0,0.0,0.0,22.93
3,17,3,0,,,,1.8733166,0.0,0.0,0.0,78.08
3,18,3,0,,,,3.8429723,0.0,0.0,0.0,0.59
3,19,3,0,,,,1.7994334,0.0,0.0,0.0,0.0
3,20,3,0,,,,1.6406945,0.0,0.0,0.0,0.0
3,21,3,0,,,,1.90125,0.0,0.0,0.0,0.0
3,22,3,0,,,,5.0285053,0.0,0.0,0.0,0.0
3,23,3,0,,,,4.4027667,0.0,0.0,0.0,0.0
3,24,3,0,,,,3.7722778,0.0,0.0,0.0,0.0
3,1,4,0,,,,0.4558,0.0,0.0,0.0,0.0
3,2,4,0,,,,0.37063888,0.0,0.0,0.0,0.0
3,3,4,0,,,,0.27465,0.0,0.0,0.0,0.0
3,4,4,0,,,,0.24307223,0.0,0.0,0.0,0.0
3,5,4,0,,,,0.21523333,0.0,0.0,0.0,0.0
3,6,4,0,,,,0.11911667,0.0,0.0,0.0,0.0
3,7,4,0,,,,0.24451667,0.0,0.0,0.0,0.0
3,8,4,0,,,,0.24807222,0.0,0.0,0.0,0.42
3,9,4,0,,,,0.28746668,0.0,0.0,0.0,207.15
3,10,4,0,,,,1.4439611,0.0,0.0,0.0,448.65
3,11,4,0,,,,1.6120167,0.0,0.0,0.0,734.61
3,12,4,0,,,,0.677,0.0,0.0,0.0,836.84
3,13,4,0,,,,0.32118332,0.0,0.0,0.0,876.45
3,14,4,0,,,,2.2704277,0.0,0.0,0.0,832.43
3,15,4,0,,,,3.8367834,0.0,0.0,0.0,698.88
3,16,4,0,,,,3.8271945,0.0,0.0,0.0,558.33
3,17,4,0,,,,3.88505,0.0,0.0,0.0,312.13
3,18,4,0,,,,1.1182834,0.0,0.0,0.0,4.42
3,19,4,0,,,,0.69835,0.0,0.0,0.0,0.0
3,20,4,0,,,,2.2230277,0.0,0.0,0.0,0.0
3,21,4,0,,,,1.0419,0.0,0.0,0.0,0.0
3,22,4,0,,,,0.28123334,0.0,0.0,0.0,0.0
3,23,4,0,,,,0.28651667,0.0,0.0,0.0,0.0
3,24,4,0,,,,0.2873111,0.0,0.0,0.0,0.0
3,1,5,0,,,,0.28606668,0.0,0.0,0.0,0.0
3,2,5,0,,,,0.28478056,0.0,0.0,0.0,0.0
3,3,5,0,,,,0.26003334,0.0,0.0,0.0,0.0
3,4,5,0,,,,0.24274722,0.0,0.0,0.0,0.0
3,5,5,0,,,,0.2099,0.0,0.0,0.0,0.0
3,6,5,0,,,,0.11137223,0.0,0.0,0.0,0.0
3,7,5,0,,,,0.24925,0.0,0.0,0.0,0.0
3,8,5,0,,,,0.24790001,0.0,0.0,0.0,11.0
3,9,5,0,,,,0.25326666,0.0,0.0,0.0,324.06
3,10,5,0,,,,0.83077776,0.0,0.0,0.0,547.24
3,11,5,0,,,,0.76735,0.0,0.0,0.0,700.92
3,12,5,0,,,,0.22305,0.0,0.0,0.0,792.22
3,13,5,0,,,,0.28616667,0.0,0.0,0.0,836.27
3,14,5,0,,,,0.20556666,0.0,0.0,0.0,793.57
3,15,5,0,,,,0.20333333,0.0,0.0,0.0,696.29
3,16,5,0,,,,0.19838889,0.0,0.0,0.0,541.16
3,17,5,0,,,,0.57346666,0.0,0.0,0.0,241.67
3,18,5,0,,,,0.6951889,0.0,0.0,0.0,2.31
3,19,5,0,,,,0.8146333,0.0,0.0,0.0,0.0
3,20,5,0,,,,0.94051665,0.0,0.0,0.0,0.0
3,21,5,0,,,,0.33176666,0.0,0.0,0.0,0.0
3,22,5,0,,,,0.24385555,0.0,0.0,0.0,0.0
3,23,5,0,,,,0.24803333,0.0,0.0,0.0,0.0
3,24,5,0,,,,0.24460556,0.0,0.0,0.0,0.0
3,1,6,0,,,,0.2447,0.0,0.0,0.0,0.0
3,2,6,0,,,,0.24408889,0.0,0.0,0.0,0.0
3,3,6,0,,,,0.25718334,0.0,0.0,0.0,0.0
3,4,6,0,,,,0.24731667,0.0,0.0,0.0,0.0
3,5,6,0,,,,0.17631668,0.0,0.0,0.0,0.0
3,6,6,0,,,,0.009100079,0.0,0.0,0.0,0.0
3,7,6,0,,,,0.25066668,0.0,0.0,0.0,0.0
3,8,6,0,,,,0.24632223,0.0,0.0,0.0,0.01
3,9,6,0,,,,0.2482,0.0,0.0,0.0,28.74
3,10,6,0,,,,0.41682777,0.0,0.0,0.0,95.14
3,11,6,0,,,,0.43333334,0.0,0.0,0.0,124.62
3,12,6,0,,,,0.43072224,0.0,0.0,0.0,332.14
3,13,6,0,,,,0.58916664,0.0,0.0,0.0,182.81
3,14,6,0,,,,2.1130667,0.0,0.0,0.0,191.89
3,15,6,0,,,,3.88455,0.0,0.0,0.0,220.23
3,16,6,0,,,,0.8319611,0.0,0.0,0.0,107.01
3,17,6,0,,,,0.24421667,0.0,0.0,0.0,37.28
3,18,6,0,,,,0.24398889,0.0,0.0,0.0,5.76
3,19,6,0,,,,0.24446666,0.0,0.0,0.0,0.0
3,20,6,0,,,,1.1502334,0.0,0.0,0.0,0.0
3,21,6,0,,,,3.6667166,0.0,0.0,0.0,0.0
3,22,6,0,,,,3.6618445,0.0,0.0,0.0,0.0
3,23,6,0,,,,2.1109,0.0,0.0,0.0,0.0
3,24,6,0,,,,0.25605834,0.0,0.0,0.0,0.0
3,1,7,0,,,,0.24715,0.0,0.0,0.0,0.0
3,2,7,0,,,,0.24601667,0.0,0.0,0.0,0.0
3,3,7,0,,,,0.24525,0.0,0.0,0.0,0.0
3,4,7,0,,,,0.24429445,0.0,0.0,0.0,0.0
3,5,7,0,,,,0.19101667,0.0,0.0,0.0,0.0
3,6,7,0,,,,0.094200045,0.0,0.0,0.0,0.0
3,7,7,0,,,,0.24408333,0.0,0.0,0.0,0.0
3,8,7,0,,,,0.24380556,0.0,0.0,0.0,3.13
3,9,7,0,,,,0.3418,0.0,0.0,0.0,112.21
3,10,7,0,,,,0.9246944,0.0,0.0,0.0,373.25
3,11,7,0,,,,0.5865667,0.0,0.0,0.0,83.96
3,12,7,0,,,,0.3030889,0.0,0.0,0.0,76.49
3,13,7,0,,,,0.30536667,0.0,0.0,0.0,103.08
3,14,7,0,,,,0.36285555,0.0,0.0,0.0,91.28
3,15,7,0,,,,2.7657332,0.0,0.0,0.0,134.14
3,16,7,0,,,,3.4632945,0.0,0.0,0.0,338.44
3,17,7,0,,,,3.1814666,0.0,0.0,0.0,208.87
3,18,7,0,,,,2.823139,0.0,0.0,0.0,4.18
3,19,7,0,,,,2.8577666,0.0,0.0,0.0,0.0
3,20,7,0,,,,2.1759112,0.0,0.0,0.0,0.0
3,21,7,0,,,,3.4916167,0.0,0.0,0.0,0.0
3,22,7,0,,,,4.2231555,0.0,0.0,0.0,0.0
3,23,7,0,,,,5.4959335,0.0,0.0,0.0,0.0
3,24,7,0,,,,5.6114445,0.0,0.0,0.0,0.0
3,1,1,0,,,,5.2471666,0.0,0.0,0.0,0.0
3,2,1,0,,,,1.88815,0.0,0.0,0.0,0.0
3,3,1,0,,,,1.9763833,0.0,0.0,0.0,0.0
3,4,1,0,,,,2.2015388,0.0,0.0,0.0,0.0
3,5,1,0,,,,2.0455334,0.0,0.0,0.0,0.0
3,6,1,0,,,,1.4146222,0.0,0.0,0.0,0.0
3,7,1,0,,,,1.5417,0.0,0.0,0.0,0.0
3,8,1,0,,,,1.4307611,0.0,0.0,0.0,59.41
3,9,1,0,,,,1.3397,0.0,0.0,0.0,319.49
3,10,1,0,,,,0.88845557,0.0,0.0,0.0,539.71
3,11,1,0,,,,0.77736664,0.0,0.0,0.0,642.37
3,12,1,0,,,,0.98654443,0.0,0.0,0.0,509.59
3,13,1,0,,,,0.81825,0.0,0.0,0.0,68.23
3,14,1,0,,,,0.3693,0.0,0.0,0.0,61.01
3,15,1,0,,,,0.2497,0.0,0.0,0.0,21.1
3,16,1,0,,,,0.56894445,0.0,0.0,0.0,26.26
3,17,1,0,,,,2.8617833,0.0,0.0,0.0,16.96
3,18,1,0,,,,4.8272724,0.0,0.0,0.0,0.0
3,19,1,0,,,,1.9129833,0.0,0.0,0.0,0.0
3,20,1,0,,,,0.44770557,0.0,0.0,0.0,0.0
3,21,1,0,,,,0.24665,0.0,0.0,0.0,0.0
3,22,1,0,,,,0.24565,0.0,0.0,0.0,0.0
3,23,1,0,,,,0.24645,0.0,0.0,0.0,0.0
3,24,1,0,,,,0.24667777,0.0,0.0,0.0,0.0
3,1,2,0,,,,0.24711667,0.0,0.0,0.0,0.0
3,2,2,0,,,,0.24645555,0.0,0.0,0.0,0.0
3,3,2,0,,,,0.29923335,0.0,0.0,0.0,0.0
3,4,2,0,,,,0.4954611,0.0,0.0,0.0,0.0
3,5,2,0,,,,0.5071,0.0,0.0,0.0,0.0
3,6,2,0,,,,0.39822227,0.0,0.0,0.0,0.0
3,7,2,0,,,,0.56978333,0.0,0.0,0.0,0.0
3,8,2,0,,,,0.5566389,0.0,0.0,0.0,51.6
3,9,2,0,,,,0.25221667,0.0,0.0,0.0,319.27
3,10,2,0,,,,0.25385556,0.0,0.0,0.0,526.42
3,11,2,0,,,,0.25201666,0.0,0.0,0.0,559.79
3,12,2,0,,,,0.25415555,0.0,0.0,0.0,691.78
3,13,2,0,,,,0.6418333,0.0,0.0,0.0,785.64
3,14,2,0,,,,3.7535834,0.0,0.0,0.0,792.01
3,15,2,0,,,,3.7452834,0.0,0.0,0.0,634.09
3,16,2,0,,,,3.6623,0.0,0.0,0.0,500.69
3,17,2,0,,,,1.75405,0.0,0.0,0.0,214.9
3,18,2,0,,,,0.3745611,0.0,0.0,0.0,5.21
3,19,2,0,,,,0.66036665,0.0,0.0,0.0,0.0
3,20,2,0,,,,0.39918333,0.0,0.0,0.0,0.0
3,21,2,0,,,,0.24395,0.0,0.0,0.0,0.0
3,22,2,0,,,,0.24467778,0.0,0.0,0.0,0.0
3,23,2,0,,,,0.24665,0.0,0.0,0.0,0.0
3,24,2,0,,,,0.24556944,0.0,0.0,0.0,0.0
3,1,3,0,,,,0.24608333,0.0,0.0,0.0,0.0
3,2,3,0,,,,0.24595,0.0,0.0,0.0,0.0
3,3,3,0,,,,0.2444,0.0,0.0,0.0,0.0
3,4,3,0,,,,0.24391112,0.0,0.0,0.0,0.0
3,5,3,0,,,,1.1059834,0.0,0.0,0.0,0.0
3,6,3,0,,,,3.4352722,0.0,0.0,0.0,0.0
3,7,3,0,,,,3.6554832,0.0,0.0,0.0,0.0
3,8,3,0,,,,3.6546333,0.0,0.0,0.0,73.39
3,9,3,0,,,,0.8840333,0.0,0.0,0.0,61.07
3,10,3,0,,,,0.2526611,0.0,0.0,0.0,438.83
3,11,3,0,,,,0.25215,0.0,0.0,0.0,455.06
3,12,3,0,,,,0.25144443,0.0,0.0,0.0,715.88
3,13,3,0,,,,0.36963335,0.0,0.0,0.0,666.85
3,14,3,0,,,,0.34521666,0.0,0.0,0.0,686.61
3,15,3,0,,,,0.37013334,0.0,0.0,0.0,458.42
3,16,3,0,,,,0.6003944,0.0,0.0,0.0,13.43
3,17,3,0,,,,1.3700833,0.0,0.0,0.0,46.49
3,18,3,0,,,,2.4443445,0.0,0.0,0.0,5.58
3,19,3,0,,,,0.80541664,0.0,0.0,0.0,0.0
3,20,3,0,,,,0.46105555,0.0,0.0,0.0,0.0
3,21,3,0,,,,0.24206667,0.0,0.0,0.0,0.0
3,22,3,0,,,,0.243,0.0,0.0,0.0,0.0
3,23,3,0,,,,0.24565,0.0,0.0,0.0,0.0
3,24,3,0,,,,0.24481389,0.0,0.0,0.0,0.0
3,1,4,0,,,,0.24631667,0.0,0.0,0.0,0.0
3,2,4,0,,,,0.24446666,0.0,0.0,0.0,0.0
3,3,4,0,,,,0.24348333,0.0,0.0,0.0,0.0
3,4,4,0,,,,0.2734389,0.0,0.0,0.0,0.0
3,5,4,0,,,,0.66996664,0.0,0.0,0.0,0.0
3,6,4,0,,,,3.4400666,0.0,0.0,0.0,0.0
3,7,4,0,,,,3.6614,0.0,0.0,0.0,0.0
3,8,4,0,,,,3.6525056,0.0,0.0,0.0,82.2
3,9,4,0,,,,1.64695,0.0,0.0,0.0,310.29
3,10,4,0,,,,0.24557222,0.0,0.0,0.0,534.13
3,11,4,0,,,,0.20983334,0.0,0.0,0.0,686.61
3,12,4,0,,,,0.20983334,0.0,0.0,0.0,758.63
3,13,4,0,,,,0.2074,0.0,0.0,0.0,750.57
3,14,4,0,,,,0.20566112,0.0,0.0,0.0,711.4
3,15,4,0,,,,0.44305,0.0,0.0,0.0,556.07
3,16,4,0,,,,0.40692222,0.0,0.0,0.0,270.92
3,17,4,0,,,,0.20008333,0.0,0.0,0.0,84.3
3,18,4,0,,,,0.20656666,0.0,0.0,0.0,4.57
3,19,4,0,,,,0.20045,0.0,0.0,0.0,0.0
3,20,4,0,,,,0.20104444,0.0,0.0,0.0,0.0
3,21,4,0,,,,0.23038334,0.0,0.0,0.0,0.0
3,22,4,0,,,,0.24418333,0.0,0.0,0.0,0.0
3,23,4,0,,,,0.24591666,0.0,0.0,0.0,0.0
3,24,4,0,,,,0.24534722,0.0,0.0,0.0,0.0
3,1,5,0,,,,0.24606666,0.0,0.0,0.0,0.0
3,2,5,0,,,,0.24575555,0.0,0.0,0.0,0.0
3,3,5,0,,,,0.2445,0.0,0.0,0.0,0.0
3,4,5,0,,,,0.23988333,0.0,0.0,0.0,0.0
3,5,5,0,,,,0.47535005,0.0,0.0,0.0,0.0
3,6,5,0,,,,3.0098722,0.0,0.0,0.0,0.0
3,7,5,0,,,,3.6669333,0.0,0.0,0.0,0.0
3,8,5,0,,,,3.6540556,0.0,0.0,0.0,0.36
3,9,5,0,,,,1.3996333,0.0,0.0,0.0,70.13
3,10,5,0,,,,0.25127777,0.0,0.0,0.0,162.36
3,11,5,0,,,,0.21278334,0.0,0.0,0.0,244.61
3,12,5,0,,,,0.20681667,0.0,0.0,0.0,75.82
3,13,5,0,,,,0.20565,0.0,0.0,0.0,29.05
3,14,5,0,,,,0.4889611,0.0,0.0,0.0,157.16
3,15,5,0,,,,3.80095,0.0,0.0,0.0,104.75
3,16,5,0,,,,0.94309443,0.0,0.0,0.0,233.25
3,17,5,0,,,,0.30403334,0.0,0.0,0.0,42.08
3,18,5,0,,,,0.47397223,0.0,0.0,0.0,10.79
3,19,5,0,,,,2.31365,0.0,0.0,0.0,0.0
3,20,5,0,,,,1.4363222,0.0,0.0,0.0,0.0
3,21,5,0,,,,1.4912833,0.0,0.0,0.0,0.0
3,22,5,0,,,,0.61216664,0.0,0.0,0.0,0.0
3,23,5,0,,,,0.2807,0.0,0.0,0.0,0.0
3,24,5,0,,,,0.2753,0.0,0.0,0.0,0.0
3,1,6,0,,,,0.27891666,0.0,0.0,0.0,0.0
3,2,6,0,,,,0.27686667,0.0,0.0,0.0,0.0
3,3,6,0,,,,0.2779,0.0,0.0,0.0,0.0
3,4,6,0,,,,0.27267778,0.0,0.0,0.0,0.0
3,5,6,0,,,,0.18118334,0.0,0.0,0.0,0.0
3,6,6,0,,,,0.09783336,0.0,0.0,0.0,0.0
3,7,6,0,,,,1.0141333,0.0,0.0,0.0,0.0
3,8,6,0,,,,1.0251389,0.0,0.0,0.0,0.37
3,9,6,0,,,,0.60333335,0.0,0.0,0.0,164.91
3,10,6,0,,,,0.58515,0.0,0.0,0.0,104.45
3,11,6,0,,,,0.49703333,0.0,0.0,0.0,390.27
3,12,6,0,,,,0.39255,0.0,0.0,0.0,288.04
3,13,6,0,,,,0.29046667,0.0,0.0,0.0,144.46
3,14,6,0,,,,0.20913889,0.0,0.0,0.0,50.51
3,15,6,0,,,,0.20395,0.0,0.0,0.0,22.62
3,16,6,0,,,,0.20231111,0.0,0.0,0.0,133.93
3,17,6,0,,,,2.79435,0.0,0.0,0.0,118.86
3,18,6,0,,,,0.7698333,0.0,0.0,0.0,74.88
3,19,6,0,,,,0.83058333,0.0,0.0,0.0,0.0
3,20,6,0,,,,0.8106722,0.0,0.0,0.0,0.0
3,21,6,0,,,,0.32091665,0.0,0.0,0.0,0.0
3,22,6,0,,,,0.24718334,0.0,0.0,0.0,0.0
3,23,6,0,,,,0.34775,0.0,0.0,0.0,0.0
3,24,6,0,,,,0.24752778,0.0,0.0,0.0,0.0
3,1,7,0,,,,0.4366,0.0,0.0,0.0,0.0
3,2,7,0,,,,0.48998332,0.0,0.0,0.0,0.0
3,3,7,0,,,,0.31091666,0.0,0.0,0.0,0.0
3,4,7,0,,,,0.24258333,0.0,0.0,0.0,0.0
3,5,7,0,,,,0.1498,0.0,0.0,0.0,0.0
3,6,7,0,,,,0.014661187,0.0,0.0,0.0,0.0
3,7,7,0,,,,0.25228333,0.0,0.0,0.0,0.0
3,8,7,0,,,,0.55499446,0.0,0.0,0.0,92.06
3,9,7,0,,,,0.41061667,0.0,0.0,0.0,321.69
3,10,7,0,,,,0.39062777,0.0,0.0,0.0,473.9
3,11,7,0,,,,0.38995,0.0,0.0,0.0,438.11
3,12,7,0,,,,0.26845556,0.0,0.0,0.0,771.3
3,13,7,0,,,,0.20613334,0.0,0.0,0.0,618.14
3,14,7,0,,,,0.2043,0.0,0.0,0.0,324.82
3,15,7,0,,,,2.4232166,0.0,0.0,0.0,63.51
3,16,7,0,,,,3.5010166,0.0,0.0,0.0,36.75
3,17,7,0,,,,0.9184,0.0,0.0,0.0,41.64
3,18,7,0,,,,0.91071665,0.0,0.0,0.0,50.79
3,19,7,0,,,,0.27648333,0.0,0.0,0.0,0.0
3,20,7,0,,,,0.20762222,0.0,0.0,0.0,0.0
3,21,7,0,,,,0.21081667,0.0,0.0,0.0,0.0
3,22,7,0,,,,0.2044389,0.0,0.0,0.0,0.0
3,23,7,0,,,,0.20453334,0.0,0.0,0.0,0.0
3,24,7,0,,,,0.36878055,0.0,0.0,0.0,0.0
3,1,1,0,,,,0.33681667,0.0,0.0,0.0,0.0
3,2,1,0,,,,0.33089444,0.0,0.0,0.0,0.0
3,3,1,0,,,,0.3293,0.0,0.0,0.0,0.0
3,4,1,0,,,,0.20967777,0.0,0.0,0.0,0.0
3,5,1,0,,,,0.0943,0.0,0.0,0.0,0.0
3,6,1,0,,,,9.9999994e-08,0.0,0.0,0.0,0.0
3,7,1,0,,,,0.20498334,0.0,0.0,0.0,0.0
3,8,1,0,,,,0.20789444,0.0,0.0,0.0,120.83
3,9,1,0,,,,0.20973334,0.0,0.0,0.0,370.18
3,10,1,0,,,,0.21023889,0.0,0.0,0.0,600.81
3,11,1,0,,,,0.21026666,0.0,0.0,0.0,755.29
3,12,1,0,,,,0.3100722,0.0,0.0,0.0,845.43
3,13,1,0,,,,0.768,0.0,0.0,0.0,874.92
3,14,1,0,,,,0.36783335,0.0,0.0,0.0,836.48
3,15,1,0,,,,0.20378333,0.0,0.0,0.0,732.91
3,16,1,0,,,,2.505072,0.0,0.0,0.0,569.2
3,17,1,0,,,,0.6576167,0.0,0.0,0.0,347.11
3,18,1,0,,,,0.6239528,0.0,0.0,0.0,94.98
3,19,1,0,,,,0.30588335,0.0,0.0,0.0,0.0
3,20,1,0,,,,0.2629389,0.0,0.0,0.0,0.0
3,21,1,0,,,,0.20453334,0.0,0.0,0.0,0.0
3,22,1,0,,,,0.2110889,0.0,0.0,0.0,0.0
3,23,1,0,,,,0.20403333,0.0,0.0,0.0,0.0
3,24,1,0,,,,0.20083055,0.0,0.0,0.0,0.0
3,1,2,0,,,,0.20151667,0.0,0.0,0.0,0.0
3,2,2,0,,,,0.23904444,0.0,0.0,0.0,0.0
3,3,2,0,,,,0.24236667,0.0,0.0,0.0,0.0
3,4,2,0,,,,0.22157222,0.0,0.0,0.0,0.0
3,5,2,0,,,,0.12828334,0.0,0.0,0.0,0.0
3,6,2,0,,,,0.00048342667,0.0,0.0,0.0,0.0
3,7,2,0,,,,0.24845,0.0,0.0,0.0,0.0
3,8,2,0,,,,0.24940556,0.0,0.0,0.0,0.0
3,9,2,0,,,,0.25353333,0.0,0.0,0.0,65.71
3,10,2,0,,,,0.21128888,0.0,0.0,0.0,139.98
3,11,2,0,,,,0.20996666,0.0,0.0,0.0,325.2
3,12,2,0,,,,1.7977667,0.0,0.0,0.0,403.79
3,13,2,0,,,,5.4943,0.0,0.0,0.0,413.15
3,14,2,0,,,,4.881872,0.0,0.0,0.0,324.67
3,15,2,0,,,,4.5274167,0.0,0.0,0.0,286.75
3,16,2,0,,,,1.3691722,0.0,0.0,0.0,0.0
3,17,2,0,,,,0.78508335,0.0,0.0,0.0,149.48
3,18,2,0,,,,1.5283834,0.0,0.0,0.0,82.5
3,19,2,0,,,,0.63411665,0.0,0.0,0.0,0.0
3,20,2,0,,,,0.48152223,0.0,0.0,0.0,0.0
3,21,2,0,,,,0.4829,0.0,0.0,0.0,0.0
3,22,2,0,,,,0.48288333,0.0,0.0,0.0,0.0
3,23,2,0,,,,0.48398334,0.0,0.0,0.0,0.0
3,24,2,0,,,,0.4817472,0.0,0.0,0.0,0.0
3,1,3,0,,,,0.48075,0.0,0.0,0.0,0.0
3,2,3,0,,,,0.4796611,0.0,0.0,0.0,0.0
3,3,3,0,,,,0.48003334,0.0,0.0,0.0,0.0
3,4,3,0,,,,3.34455,0.0,0.0,0.0,0.0
3,5,3,0,,,,3.6209166,0.0,0.0,0.0,0.0
3,6,3,0,,,,3.0264056,0.0,0.0,0.0,0.0
3,7,3,0,,,,2.5698833,0.0,0.0,0.0,0.0
3,8,3,0,,,,0.21178333,0.0,0.0,0.0,59.64
3,9,3,0,,,,0.21646667,0.0,0.0,0.0,301.36
3,10,3,0,,,,0.21820556,0.0,0.0,0.0,556.67
3,11,3,0,,,,0.32595,0.0,0.0,0.0,719.16
3,12,3,0,,,,0.6171611,0.0,0.0,0.0,807.63
3,13,3,0,,,,0.8967,0.0,0.0,0.0,843.7
3,14,3,0,,,,1.2547778,0.0,0.0,0.0,728.96
3,15,3,0,,,,1.3876834,0.0,0.0,0.0,554.95
3,16,3,0,,,,5.438239,0.0,0.0,0.0,466.39
3,17,3,0,,,,3.4383333,0.0,0.0,0.0,338.53
3,18,3,0,,,,0.2100889,0.0,0.0,0.0,65.29
3,19,3,0,,,,0.20803334,0.0,0.0,0.0,0.0
3,20,3,0,,,,0.20916666,0.0,0.0,0.0,0.0
3,21,3,0,,,,0.20933333,0.0,0.0,0.0,0.0
3,22,3,0,,,,0.23498334,0.0,0.0,0.0,0.0
3,23,3,0,,,,0.25476667,0.0,0.0,0.0,0.0
3,24,3,0,,,,0.25252223,0.0,0.0,0.0,0.0
3,1,4,0,,,,0.25268334,0.0,0.0,0.0,0.0
3,2,4,0,,,,0.25179446,0.0,0.0,0.0,0.0
3,3,4,0,,,,0.53455,0.0,0.0,0.0,0.0
3,4,4,0,,,,2.0010278,0.0,0.0,0.0,0.0
3,5,4,0,,,,3.5555832,0.0,0.0,0.0,0.0
3,6,4,0,,,,3.0341444,0.0,0.0,0.0,0.0
3,7,4,0,,,,3.6613333,0.0,0.0,0.0,0.0
3,8,4,0,,,,0.46127224,0.0,0.0,0.0,1.21
3,9,4,0,,,,0.29438335,0.0,0.0,0.0,41.29
3,10,4,0,,,,0.6283389,0.0,0.0,0.0,36.36
3,11,4,0,,,,0.21738334,0.0,0.0,0.0,70.21
3,12,4,0,,,,0.21643889,0.0,0.0,0.0,69.28
3,13,4,0,,,,0.21538334,0.0,0.0,0.0,74.64
3,14,4,0,,,,0.7615,0.0,0.0,0.0,58.73
3,15,4,0,,,,0.8383333,0.0,0.0,0.0,149.24
3,16,4,0,,,,0.20618333,0.0,0.0,0.0,273.81
3,17,4,0,,,,0.20791666,0.0,0.0,0.0,110.31
3,18,4,0,,,,0.21121112,0.0,0.0,0.0,65.9
3,19,4,0,,,,0.20883334,0.0,0.0,0.0,0.0
3,20,4,0,,,,0.20994444,0.0,0.0,0.0,0.0
3,21,4,0,,,,0.238,0.0,0.0,0.0,0.0
3,22,4,0,,,,0.25585556,0.0,0.0,0.0,0.0
3,23,4,0,,,,0.25486666,0.0,0.0,0.0,0.0
3,24,4,0,,,,0.25382778,0.0,0.0,0.0,0.0
3,1,5,0,,,,0.25255,0.0,0.0,0.0,0.0
3,2,5,0,,,,0.25378612,0.0,0.0,0.0,0.0
3,3,5,0,,,,0.25183332,0.0,0.0,0.0,0.0
3,4,5,0,,,,1.8750917,0.0,0.0,0.0,0.0
3,5,5,0,,,,3.47605,0.0,0.0,0.0,0.0
3,6,5,0,,,,2.8861833,0.0,0.0,0.0,0.0
3,7,5,0,,,,3.6101167,0.0,0.0,0.0,0.0
3,8,5,0,,,,0.3761889,0.0,0.0,0.0,27.15
3,9,5,0,,,,0.26258335,0.0,0.0,0.0,46.64
3,10,5,0,,,,0.23243889,0.0,0.0,0.0,137.23
3,11,5,0,,,,0.2183,0.0,0.0,0.0,365.47
3,12,5,0,,,,0.4470889,0.0,0.0,0.0,208.97
3,13,5,0,,,,0.84525,0.0,0.0,0.0,605.51
3,14,5,0,,,,0.9767611,0.0,0.0,0.0,821.73
3,15,5,0,,,,0.51893336,0.0,0.0,0.0,700.53
3,16,5,0,,,,0.5786333,0.0,0.0,0.0,555.64
3,17,5,0,,,,1.4088167,0.0,0.0,0.0,331.38
3,18,5,0,,,,3.463039,0.0,0.0,0.0,75.66
3,19,5,0,,,,0.60588336,0.0,0.0,0.0,0.0
3,20,5,0,,,,0.7358222,0.0,0.0,0.0,0.0
3,21,5,0,,,,0.3409,0.0,0.0,0.0,0.0
3,22,5,0,,,,0.37059444,0.0,0.0,0.0,0.0
3,23,5,0,,,,0.38125,0.0,0.0,0.0,0.0
3,24,5,0,,,,0.3724611,0.0,0.0,0.0,0.0
3,1,6,0,,,,0.33525,0.0,0.0,0.0,0.0
3,2,6,0,,,,0.33393332,0.0,0.0,0.0,0.0
3,3,6,0,,,,0.29795,0.0,0.0,0.0,0.0
3,4,6,0,,,,0.18217778,0.0,0.0,0.0,0.0
3,5,6,0,,,,0.07315003,0.0,0.0,0.0,0.0
3,6,6,0,,,,9.9999994e-08,0.0,0.0,0.0,0.0
3,7,6,0,,,,0.257,0.0,0.0,0.0,0.0
3,8,6,0,,,,0.2587611,0.0,0.0,0.0,94.33
3,9,6,0,,,,0.26211667,0.0,0.0,0.0,344.44
3,10,6,0,,,,0.3728,0.0,0.0,0.0,574.24
3,11,6,0,,,,0.47661668,0.0,0.0,0.0,727.38
3,12,6,0,,,,0.3825111,0.0,0.0,0.0,823.42
3,13,6,0,,,,0.28213334,0.0,0.0,0.0,830.76
3,14,6,0,,,,0.6922278,0.0,0.0,0.0,810.8
3,15,6,0,,,,0.76885,0.0,0.0,0.0,709.5
3,16,6,0,,,,2.9255612,0.0,0.0,0.0,300.96
3,17,6,0,,,,1.1440166,0.0,0.0,0.0,168.81
3,18,6,0,,,,0.59845,0.0,0.0,0.0,16.79
3,19,6,0,,,,0.9366,0.0,0.0,0.0,0.0
3,20,6,0,,,,1.0815778,0.0,0.0,0.0,0.0
3,21,6,0,,,,0.73363334,0.0,0.0,0.0,0.0
3,22,6,0,,,,0.6210611,0.0,0.0,0.0,0.0
3,23,6,0,,,,0.38058335,0.0,0.0,0.0,0.0
3,24,6,0,,,,0.30784443,0.0,0.0,0.0,0.0
3,1,7,0,,,,0.33526668,0.0,0.0,0.0,0.0
3,2,7,0,,,,0.2991389,0.0,0.0,0.0,0.0
3,3,7,0,,,,0.26496667,0.0,0.0,0.0,0.0
3,4,7,0,,,,0.18486111,0.0,0.0,0.0,0.0
3,5,7,0,,,,0.079383366,0.0,0.0,0.0,0.0
3,6,7,0,,,,9.9999994e-08,0.0,0.0,0.0,0.0
3,7,7,0,,,,0.25745,0.0,0.0,0.0,0.0
3,8,7,0,,,,0.26060554,0.0,0.0,0.0,62.58
3,9,7,0,,,,0.26286668,0.0,0.0,0.0,46.93
3,10,7,0,,,,0.46621665,0.0,0.0,0.0,87.57
3,11,7,0,,,,0.30741668,0.0,0.0,0.0,182.95
3,12,7,0,,,,0.22022778,0.0,0.0,0.0,99.77
3,13,7,0,,,,0.21608333,0.0,0.0,0.0,32.48
3,14,7,0,,,,0.73454446,0.0,0.0,0.0,68.84
3,15,7,0,,,,0.50305,0.0,0.0,0.0,82.2
3,16,7,0,,,,0.29147777,0.0,0.0,0.0,50.59
3,17,7,0,,,,0.5366667,0.0,0.0,0.0,51.4
3,18,7,0,,,,0.91548336,0.0,0.0,0.0,39.14
3,19,7,0,,,,1.0467334,0.0,0.0,0.0,0.0
3,20,7,0,,,,0.73135555,0.0,0.0,0.0,0.0
3,21,7,0,,,,0.6727833,0.0,0.0,0.0,0.0
3,22,7,0,,,,0.28812224,0.0,0.0,0.0,0.0
3,23,7,0,,,,0.2656,0.0,0.0,0.0,0.0
3,24,7,0,,,,0.2738,0.0,0.0,0.0,0.0
3,1,1,0,,,,0.33696666,0.0,0.0,0.0,0.0
3,2,1,0,,,,0.25957778,0.0,0.0,0.0,0.0
3,3,1,0,,,,0.25621668,0.0,0.0,0.0,0.0
3,4,1,0,,,,0.22115,0.0,0.0,0.0,0.0
3,5,1,0,,,,0.040883385,0.0,0.0,0.0,0.0
3,6,1,0,,,,9.9999994e-08,0.0,0.0,0.0,0.0
3,7,1,0,,,,0.25911668,0.0,0.0,0.0,0.0
3,8,1,0,,,,0.26202223,0.0,0.0,0.0,7.11
3,9,1,0,,,,0.28238332,0.0,0.0,0.0,85.39
3,10,1,0,,,,0.4823278,0.0,0.0,0.0,125.9
3,11,1,0,,,,0.75186664,0.0,0.0,0.0,325.53
3,12,1,0,,,,0.28535,0.0,0.0,0.0,476.18
3,13,1,0,,,,0.67945,0.0,0.0,0.0,293.55
3,14,1,0,,,,1.4271834,0.0,0.0,0.0,270.68
3,15,1,0,,,,3.8692334,0.0,0.0,0.0,148.35
3,16,1,0,,,,4.0584335,0.0,0.0,0.0,208.55
3,17,1,0,,,,2.88615,0.0,0.0,0.0,133.82
3,18,1,0,,,,0.56489444,0.0,0.0,0.0,7.54
3,19,1,0,,,,0.87875,0.0,0.0,0.0,0.0
3,20,1,0,,,,0.73135555,0.0,0.0,0.0,0.0
3,21,1,0,,,,0.36656666,0.0,0.0,0.0,0.0
3,22,1,0,,,,0.74946666,0.0,0.0,0.0,0.0
3,23,1,0,,,,0.6145333,0.0,0.0,0.0,0.0
3,24,1,0,,,,0.8185667,0.0,0.0,0.0,0.0
3,1,2,0,,,,0.6053333,0.0,0.0,0.0,0.0
3,2,2,0,,,,0.35765,0.0,0.0,0.0,0.0
3,3,2,0,,,,0.32686666,0.0,0.0,0.0,0.0
3,4,2,0,,,,0.32056665,0.0,0.0,0.0,0.0
3,5,2,0,,,,0.31918332,0.0,0.0,0.0,0.0
3,6,2,0,,,,0.7527,0.0,0.0,0.0,0.0
3,7,2,0,,,,3.6678,0.0,0.0,0.0,0.0
3,8,2,0,,,,3.6722834,0.0,0.0,0.0,83.91
3,9,2,0,,,,3.6609166,0.0,0.0,0.0,89.97
3,10,2,0,,,,1.47245,0.0,0.0,0.0,103.2
3,11,2,0,,,,0.28811666,0.0,0.0,0.0,71.02
3,12,2,0,,,,2.5709834,0.0,0.0,0.0,157.94
3,13,2,0,,,,1.6240333,0.0,0.0,0.0,201.15
3,14,2,0,,,,0.6943,0.0,0.0,0.0,210.18
3,15,2,0,,,,0.9057,0.0,0.0,0.0,94.8
3,16,2,0,,,,1.0339833,0.0,0.0,0.0,284.11
3,17,2,0,,,,1.3590667,0.0,0.0,0.0,197.82
3,18,2,0,,,,0.89026666,0.0,0.0,0.0,70.93
3,19,2,0,,,,1.7199833,0.0,0.0,0.0,0.0
3,20,2,0,,,,0.8836667,0.0,0.0,0.0,0.0
3,21,2,0,,,,0.80105,0.0,0.0,0.0,0.0
3,22,2,0,,,,0.9385333,0.0,0.0,0.0,0.0
3,23,2,0,,,,0.95266664,0.0,0.0,0.0,0.0
3,24,2,0,,,,0.9037,0.0,0.0,0.0,0.0
3,1,3,0,,,,1.21825,0.0,0.0,0.0,0.0
3,2,3,0,,,,0.97141665,0.0,0.0,0.0,0.0
3,3,3,0,,,,1.1086,0.0,0.0,0.0,0.0
3,4,3,0,,,,0.78683335,0.0,0.0,0.0,0.0
3,5,3,0,,,,0.32219446,0.0,0.0,0.0,0.0
3,6,3,0,,,,0.31961668,0.0,0.0,0.0,0.0
3,7,3,0,,,,2.7688167,0.0,0.0,0.0,0.0
3,8,3,0,,,,3.7368834,0.0,0.0,0.0,4.73
3,9,3,0,,,,3.6687334,0.0,0.0,0.0,26.27
3,10,3,0,,,,2.9854612,0.0,0.0,0.0,261.55
3,11,3,0,,,,0.2629,0.0,0.0,0.0,148.65
3,12,3,0,,,,0.25576666,0.0,0.0,0.0,127.84
3,13,3,0,,,,0.99941665,0.0,0.0,0.0,328.34
3,14,3,0,,,,3.51175,0.0,0.0,0.0,110.98
3,15,3,0,,,,1.4375334,0.0,0.0,0.0,26.39
3,16,3,0,,,,1.1557778,0.0,0.0,0.0,75.87
3,17,3,0,,,,0.92218333,0.0,0.0,0.0,324.47
3,18,3,0,,,,2.5072167,0.0,0.0,0.0,96.14
3,19,3,0,,,,4.7244,0.0,0.0,0.0,0.0
3,20,3,0,,,,4.7412887,0.0,0.0,0.0,0.0
3,21,3,0,,,,1.0970167,0.0,0.0,0.0,0.0
3,22,3,0,,,,1.8723667,0.0,0.0,0.0,0.0
3,23,3,0,,,,1.5416167,0.0,0.0,0.0,0.0
3,24,3,0,,,,1.6219,0.0,0.0,0.0,0.0
3,1,4,0,,,,1.8179,0.0,0.0,0.0,0.0
3,2,4,0,,,,1.343375,0.0,0.0,0.0,0.0
3,3,4,0,,,,2.0913832,0.0,0.0,0.0,0.0
3,4,4,0,,,,1.4773166,0.0,0.0,0.0,0.0
3,5,4,0,,,,1.24245,0.0,0.0,0.0,0.0
3,6,4,0,,,,1.8062667,0.0,0.0,0.0,0.0
3,7,4,0,,,,4.5979667,0.0,0.0,0.0,0.0
3,8,4,0,,,,4.5706,0.0,0.0,0.0,166.12
3,9,4,0,,,,4.5842834,0.0,0.0,0.0,421.4
3,10,4,0,,,,2.52345,0.0,0.0,0.0,630.8
3,11,4,0,,,,0.94988334,0.0,0.0,0.0,774.1
3,12,4,0,,,,1.8176,0.0,0.0,0.0,637.62
3,13,4,0,,,,1.0264167,0.0,0.0,0.0,219.67
3,14,4,0,,,,0.8527,0.0,0.0,0.0,732.8
3,15,4,0,,,,0.42681667,0.0,0.0,0.0,406.29
3,16,4,0,,,,0.42306668,0.0,0.0,0.0,135.06
3,17,4,0,,,,0.6839833,0.0,0.0,0.0,182.11
3,18,4,0,,,,0.6504833,0.0,0.0,0.0,104.71
3,19,4,0,,,,0.74453336,0.0,0.0,0.0,0.0
3,20,4,0,,,,1.1731666,0.0,0.0,0.0,0.0
3,21,4,0,,,,1.61685,0.0,0.0,0.0,0.0
3,22,4,0,,,,0.9903,0.0,0.0,0.0,0.0
3,23,4,0,,,,1.3936334,0.0,0.0,0.0,0.0
3,24,4,0,,,,1.1668305,0.0,0.0,0.0,0.0
3,1,5,0,,,,1.64605,0.0,0.0,0.0,0.0
3,2,5,0,,,,1.1961167,0.0,0.0,0.0,0.0
3,3,5,0,,,,1.7475166,0.0,0.0,0.0,0.0
3,4,5,0,,,,1.2930334,0.0,0.0,0.0,0.0
3,5,5,0,,,,1.7940667,0.0,0.0,0.0,0.0
3,6,5,0,,,,1.89145,0.0,0.0,0.0,0.0
3,7,5,0,,,,3.3723333,0.0,0.0,0.0,0.0
3,8,5,0,,,,5.1403,0.0,0.0,0.0,3.74
3,9,5,0,,,,4.2153554,0.0,0.0,0.0,17.85
3,10,5,0,,,,3.55845,0.0,0.0,0.0,50.96
3,11,5,0,,,,0.6832333,0.0,0.0,0.0,92.48
3,12,5,0,,,,2.4604166,0.0,0.0,0.0,91.96
3,13,5,0,,,,0.66095,0.0,0.0,0.0,181.59
3,14,5,0,,,,0.6865,0.0,0.0,0.0,132.4
3,15,5,0,,,,0.58246666,0.0,0.0,0.0,737.94
3,16,5,0,,,,0.43035,0.0,0.0,0.0,570.63
3,17,5,0,,,,0.57161665,0.0,0.0,0.0,313.32
3,18,5,0,,,,0.42205,0.0,0.0,0.0,107.25
3,19,5,0,,,,3.7309167,0.0,0.0,0.0,0.0
3,20,5,0,,,,2.3902667,0.0,0.0,0.0,0.0
3,21,5,0,,,,1.2159667,0.0,0.0,0.0,0.0
3,22,5,0,,,,1.13605,0.0,0.0,0.0,0.0
3,23,5,0,,,,4.2096334,0.0,0.0,0.0,0.0
3,24,5,0,,,,4.368583,0.0,0.0,0.0,0.0
3,1,6,0,,,,4.8496666,0.0,0.0,0.0,0.0
3,2,6,0,,,,1.7914833,0.0,0.0,0.0,0.0
3,3,6,0,,,,1.4405833,0.0,0.0,0.0,0.0
3,4,6,0,,,,1.41415,0.0,0.0,0.0,0.0
3,5,6,0,,,,1.29335,0.0,0.0,0.0,0.0
3,6,6,0,,,,1.4426167,0.0,0.0,0.0,0.0
3,7,6,0,,,,1.6202333,0.0,0.0,0.0,0.0
3,8,6,0,,,,1.29755,0.0,0.0,0.0,85.41
3,9,6,0,,,,1.2087,0.0,0.0,0.0,220.02
3,10,6,0,,,,0.80215,0.0,0.0,0.0,312.06
3,11,6,0,,,,0.7974167,0.0,0.0,0.0,468.36
3,12,6,0,,,,0.8362,0.0,0.0,0.0,486.3
3,13,6,0,,,,0.67071664,0.0,0.0,0.0,404.68
3,14,6,0,,,,1.2900167,0.0,0.0,0.0,358.51
3,15,6,0,,,,0.94998336,0.0,0.0,0.0,255.87
3,16,6,0,,,,0.65463334,0.0,0.0,0.0,117.77
3,17,6,0,,,,1.05155,0.0,0.0,0.0,162.89
3,18,6,0,,,,0.87315,0.0,0.0,0.0,74.23
3,19,6,0,,,,2.88465,0.0,0.0,0.0,0.0
3,20,6,0,,,,5.33435,0.0,0.0,0.0,0.0
3,21,6,0,,,,1.1568333,0.0,0.0,0.0,0.0
3,22,6,0,,,,0.9163,0.0,0.0,0.0,0.0
3,23,6,0,,,,0.6166667,0.0,0.0,0.0,0.0
3,24,6,0,,,,0.25385,0.0,0.0,0.0,0.0
3,1,7,0,,,,0.24998334,0.0,0.0,0.0,0.0
3,2,7,0,,,,0.24961667,0.0,0.0,0.0,0.0
3,3,7,0,,,,0.24508333,0.0,0.0,0.0,0.0
3,4,7,0,,,,0.24518333,0.0,0.0,0.0,0.0
3,5,7,0,,,,0.2504,0.0,0.0,0.0,0.0
3,6,7,0,,,,0.25355,0.0,0.0,0.0,0.0
3,7,7,0,,,,0.24246667,0.0,0.0,0.0,0.0
3,8,7,0,,,,0.2472,0.0,0.0,0.0,15.22
3,9,7,0,,,,0.24776667,0.0,0.0,0.0,28.93
3,10,7,0,,,,0.24855,0.0,0.0,0.0,169.0
3,11,7,0,,,,0.24933334,0.0,0.0,0.0,261.96
3,12,7,0,,,,0.38978332,0.0,0.0,0.0,811.86
3,13,7,0,,,,2.0600166,0.0,0.0,0.0,417.41
3,14,7,0,,,,1.3312833,0.0,0.0,0.0,347.8
3,15,7,0,,,,0.92483336,0.0,0.0,0.0,28.12
3,16,7,0,,,,0.8689333,0.0,0.0,0.0,72.25
3,17,7,0,,,,0.59398335,0.0,0.0,0.0,50.64
3,18,7,0,,,,0.5696333,0.0,0.0,0.0,33.4
3,19,7,0,,,,1.02475,0.0,0.0,0.0,0.0
3,20,7,0,,,,3.8574166,0.0,0.0,0.0,0.0
3,21,7,0,,,,1.9999334,0.0,0.0,0.0,0.0
3,22,7,0,,,,1.4093333,0.0,0.0,0.0,0.0
3,23,7,0,,,,2.7732277,0.0,0.0,0.0,0.0
3,24,7,0,,,,1.670175,0.0,0.0,0.0,0.0
3,1,1,0,,,,0.42958334,0.0,0.0,0.0,0.0
3,2,1,0,,,,0.43001112,0.0,0.0,0.0,0.0
3,3,1,0,,,,0.4029,0.0,0.0,0.0,0.0
3,4,1,0,,,,0.48867223,0.0,0.0,0.0,0.0
3,5,1,0,,,,0.41353333,0.0,0.0,0.0,0.0
3,6,1,0,,,,0.39547223,0.0,0.0,0.0,0.0
3,7,1,0,,,,0.366,0.0,0.0,0.0,0.0
3,8,1,0,,,,0.25934446,0.0,0.0,0.0,10.48
3,9,1,0,,,,0.25078332,0.0,0.0,0.0,115.54
3,10,1,0,,,,0.25072223,0.0,0.0,0.0,124.41
3,11,1,0,,,,0.24923334,0.0,0.0,0.0,140.1
3,12,1,0,,,,0.27403334,0.0,0.0,0.0,154.85
3,13,1,0,,,,0.44574445,0.0,0.0,0.0,90.7
3,14,1,0,,,,0.7695,0.0,0.0,0.0,144.67
3,15,1,0,,,,0.57926667,0.0,0.0,0.0,29.4
3,16,1,0,,,,0.43058333,0.0,0.0,0.0,21.33
3,17,1,0,,,,0.43015,0.0,0.0,0.0,122.75
3,18,1,0,,,,0.9943333,0.0,0.0,0.0,7.79
3,19,1,0,,,,4.11665,0.0,0.0,0.0,0.0
3,20,1,0,,,,3.4040666,0.0,0.0,0.0,0.0
3,21,1,0,,,,0.93936664,0.0,0.0,0.0,0.0
3,22,1,0,,,,0.9916667,0.0,0.0,0.0,0.0
3,23,1,0,,,,1.7917833,0.0,0.0,0.0,0.0
3,24,1,0,,,,2.0562916,0.0,0.0,0.0,0.0
3,1,2,0,,,,1.7413666,0.0,0.0,0.0,0.0
3,2,2,0,,,,0.5505,0.0,0.0,0.0,0.0
3,3,2,0,,,,0.32201666,0.0,0.0,0.0,0.0
3,4,2,0,,,,0.32135,0.0,0.0,0.0,0.0
3,5,2,0,,,,0.32045,0.0,0.0,0.0,0.0
3,6,2,0,,,,0.31741667,0.0,0.0,0.0,0.0
3,7,2,0,,,,0.24926667,0.0,0.0,0.0,1.27
3,8,2,0,,,,0.25066668,0.0,0.0,0.0,181.33
3,9,2,0,,,,0.25115,0.0,0.0,0.0,437.63
3,10,2,0,,,,0.25261667,0.0,0.0,0.0,637.39
3,11,2,0,,,,0.26911667,0.0,0.0,0.0,770.27
3,12,2,0,,,,0.32711667,0.0,0.0,0.0,855.97
3,13,2,0,,,,0.33191666,0.0,0.0,0.0,883.24
3,14,2,0,,,,0.8408333,0.0,0.0,0.0,843.03
3,15,2,0,,,,4.1745,0.0,0.0,0.0,754.94
3,16,2,0,,,,4.2009335,0.0,0.0,0.0,597.68
3,17,2,0,,,,4.2785,0.0,0.0,0.0,382.1
3,18,2,0,,,,2.2743165,0.0,0.0,0.0,129.21
3,19,2,0,,,,0.4828,0.0,0.0,0.0,0.0
3,20,2,0,,,,0.7688,0.0,0.0,0.0,0.0
3,21,2,0,,,,0.52791667,0.0,0.0,0.0,0.0
3,22,2,0,,,,1.8737167,0.0,0.0,0.0,0.0
3,23,2,0,,,,0.9438,0.0,0.0,0.0,0.0
3,24,2,0,,,,0.9601833,0.0,0.0,0.0,0.0
3,1,3,0,,,,1.4135,0.0,0.0,0.0,0.0
3,2,3,0,,,,0.9763333,0.0,0.0,0.0,0.0
3,3,3,0,,,,0.71695,0.0,0.0,0.0,0.0
3,4,3,0,,,,0.93846667,0.0,0.0,0.0,0.0
3,5,3,0,,,,0.6023833,0.0,0.0,0.0,0.0
3,6,3,0,,,,1.0365833,0.0,0.0,0.0,0.0
3,7,3,0,,,,4.3994665,0.0,0.0,0.0,3.74
3,8,3,0,,,,4.51985,0.0,0.0,0.0,169.58
3,9,3,0,,,,4.2135835,0.0,0.0,0.0,182.16
3,10,3,0,,,,2.4290166,0.0,0.0,0.0,267.34
3,11,3,0,,,,0.6637,0.0,0.0,0.0,332.42
3,12,3,0,,,,0.38175,0.0,0.0,0.0,423.47
3,13,3,0,,,,0.54838336,0.0,0.0,0.0,351.0
3,14,3,0,,,,0.49852222,0.0,0.0,0.0,503.4
3,15,3,0,,,,0.96246666,0.0,0.0,0.0,723.41
3,16,3,0,,,,0.5685167,0.0,0.0,0.0,578.21
3,17,3,0,,,,0.38348332,0.0,0.0,0.0,347.89
3,18,3,0,,,,0.3338,0.0,0.0,0.0,80.52
3,19,3,0,,,,1.8413084,0.0,0.0,0.0,0.0
3,20,3,0,,,,2.0341167,0.0,0.0,0.0,0.0
3,21,3,0,,,,1.5148,0.0,0.0,0.0,0.0
3,22,3,0,,,,0.7143,0.0,0.0,0.0,0.0
3,23,3,0,,,,0.88169444,0.0,0.0,0.0,0.0
3,24,3,0,,,,1.3863833,0.0,0.0,0.0,0.0
3,1,4,0,,,,1.5283222,0.0,0.0,0.0,0.0
3,2,4,0,,,,2.1609,0.0,0.0,0.0,0.0
3,3,4,0,,,,0.75015,0.0,0.0,0.0,0.0
3,4,4,0,,,,0.38214168,0.0,0.0,0.0,0.0
3,5,4,0,,,,0.63895,0.0,0.0,0.0,0.0
3,6,4,0,,,,0.6355,0.0,0.0,0.0,0.0
3,7,4,0,,,,3.7443,0.0,0.0,0.0,0.0
3,8,4,0,,,,4.00235,0.0,0.0,0.0,27.82
3,9,4,0,,,,4.0055,0.0,0.0,0.0,113.87
3,10,4,0,,,,3.3885667,0.0,0.0,0.0,140.48
3,11,4,0,,,,0.53548336,0.0,0.0,0.0,126.35
3,12,4,0,,,,0.62618333,0.0,0.0,0.0,193.94
3,13,4,0,,,,1.2280917,0.0,0.0,0.0,405.62
3,14,4,0,,,,0.59345,0.0,0.0,0.0,819.78
3,15,4,0,,,,0.48533332,0.0,0.0,0.0,713.77
3,16,4,0,,,,0.46205,0.0,0.0,0.0,564.81
3,17,4,0,,,,0.47735,0.0,0.0,0.0,358.74
3,18,4,0,,,,0.45681667,0.0,0.0,0.0,121.73
3,19,4,0,,,,0.42861667,0.0,0.0,0.0,0.0
3,20,4,0,,,,0.42736667,0.0,0.0,0.0,0.0
3,21,4,0,,,,0.55988336,0.0,0.0,0.0,0.0
3,22,4,0,,,,0.8269167,0.0,0.0,0.0,0.0
3,23,4,0,,,,1.0114833,0.0,0.0,0.0,0.0
3,24,4,0,,,,0.6792833,0.0,0.0,0.0,0.0
3,1,5,0,,,,1.0549834,0.0,0.0,0.0,0.0
3,2,5,0,,,,1.1570166,0.0,0.0,0.0,0.0
3,3,5,0,,,,1.4999334,0.0,0.0,0.0,0.0
3,4,5,0,,,,1.2658167,0.0,0.0,0.0,0.0
3,5,5,0,,,,1.1598,0.0,0.0,0.0,0.0
3,6,5,0,,,,1.2407833,0.0,0.0,0.0,0.0
3,7,5,0,,,,4.04645,0.0,0.0,0.0,4.84
3,8,5,0,,,,4.63295,0.0,0.0,0.0,186.04
3,9,5,0,,,,4.5983667,0.0,0.0,0.0,419.02
3,10,5,0,,,,3.1372056,0.0,0.0,0.0,606.13
3,11,5,0,,,,1.75115,0.0,0.0,0.0,736.8
3,12,5,0,,,,1.2537055,0.0,0.0,0.0,829.28
3,13,5,0,,,,0.7323667,0.0,0.0,0.0,837.0
3,14,5,0,,,,0.6671,0.0,0.0,0.0,801.03
3,15,5,0,,,,0.57230836,0.0,0.0,0.0,704.46
3,16,5,0,,,,0.5626,0.0,0.0,0.0,554.58
3,17,5,0,,,,0.473,0.0,0.0,0.0,353.05
3,18,5,0,,,,0.43093333,0.0,0.0,0.0,124.87
3,19,5,0,,,,0.6344,0.0,0.0,0.0,0.0
3,20,5,0,,,,2.6243944,0.0,0.0,0.0,0.0
3,21,5,0,,,,0.70131665,0.0,0.0,0.0,0.0
3,22,5,0,,,,0.6572056,0.0,0.0,0.0,0.0
3,23,5,0,,,,1.0193,0.0,0.0,0.0,0.0
3,24,5,0,,,,0.8264056,0.0,0.0,0.0,0.0
4,1,6,0,,,,0.6368167,0.0,0.0,0.0,0.0
4,2,6,0,,,,0.44020554,0.0,0.0,0.0,0.0
4,3,6,0,,,,0.47315,0.0,0.0,0.0,0.0
4,4,6,0,,,,0.46440557,0.0,0.0,0.0,0.0
4,5,6,0,,,,0.25368333,0.0,0.0,0.0,0.0
4,6,6,0,,,,0.24408333,0.0,0.0,0.0,0.0
4,7,6,0,,,,0.24461667,0.0,0.0,0.0,4.17
4,8,6,0,,,,0.24793333,0.0,0.0,0.0,192.5
4,9,6,0,,,,0.2523,0.0,0.0,0.0,439.91
4,10,6,0,,,,0.2544,0.0,0.0,0.0,644.16
4,11,6,0,,,,0.25468335,0.0,0.0,0.0,777.71
4,12,6,0,,,,0.27716666,0.0,0.0,0.0,871.08
4,13,6,0,,,,0.4796,0.0,0.0,0.0,887.55
4,14,6,0,,,,0.89988333,0.0,0.0,0.0,842.91
4,15,6,0,,,,0.79611665,0.0,0.0,0.0,741.98
4,16,6,0,,,,0.78667223,0.0,0.0,0.0,584.36
4,17,6,0,,,,2.3897333,0.0,0.0,0.0,367.41
4,18,6,0,,,,2.9454834,0.0,0.0,0.0,131.0
4,19,6,0,,,,1.9226834,0.0,0.0,0.0,0.0
4,20,6,0,,,,1.2323834,0.0,0.0,0.0,0.0
4,21,6,0,,,,1.6189333,0.0,0.0,0.0,0.0
4,22,6,0,,,,0.97067225,0.0,0.0,0.0,0.0
4,23,6,0,,,,1.201575,0.0,0.0,0.0,0.0
4,24,6,0,,,,0.662075,0.0,0.0,0.0,0.0
4,1,7,0,,,,0.54441667,0.0,0.0,0.0,0.0
4,2,7,0,,,,0.53363335,0.0,0.0,0.0,0.0
4,3,7,0,,,,0.45176667,0.0,0.0,0.0,0.0
4,4,7,0,,,,0.3206,0.0,0.0,0.0,0.0
4,5,7,0,,,,0.28548333,0.0,0.0,0.0,0.0
4,6,7,0,,,,0.24878334,0.0,0.0,0.0,0.0
4,7,7,0,,,,0.2549,0.0,0.0,0.0,9.88
4,8,7,0,,,,0.26078334,0.0,0.0,0.0,210.27
4,9,7,0,,,,0.25823334,0.0,0.0,0.0,455.12
4,10,7,0,,,,0.25815,0.0,0.0,0.0,638.11
4,11,7,0,,,,0.27953333,0.0,0.0,0.0,781.31
4,12,7,0,,,,0.35725,0.0,0.0,0.0,873.04
4,13,7,0,,,,0.68993336,0.0,0.0,0.0,884.74
4,14,7,0,,,,0.6774,0.0,0.0,0.0,839.46
4,15,7,0,,,,0.66713333,0.0,0.0,0.0,742.39
4,16,7,0,,,,0.41538888,0.0,0.0,0.0,585.03
4,17,7,0,,,,0.25011668,0.0,0.0,0.0,365.68
4,18,7,0,,,,0.2471,0.0,0.0,0.0,131.5
4,19,7,0,,,,0.24146667,0.0,0.0,0.0,0.0
4,20,7,0,,,,0.2451,0.0,0.0,0.0,0.0
4,21,7,0,,,,0.24551667,0.0,0.0,0.0,0.0
4,22,7,0,,,,0.24693333,0.0,0.0,0.0,0.0
4,23,7,0,,,,0.24825,0.0,0.0,0.0,0.0
4,24,7,0,,,,0.24900833,0.0,0.0,0.0,0.0
4,1,1,0,,,,0.2504,0.0,0.0,0.0,0.0
4,2,1,0,,,,0.24948333,0.0,0.0,0.0,0.0
4,3,1,0,,,,0.2461,0.0,0.0,0.0,0.0
4,4,1,0,,,,0.24658333,0.0,0.0,0.0,0.0
4,5,1,0,,,,0.24511667,0.0,0.0,0.0,0.0
4,6,1,0,,,,0.23755,0.0,0.0,0.0,0.0
4,7,1,0,,,,0.24401666,0.0,0.0,0.0,12.78
4,8,1,0,,,,0.25038335,0.0,0.0,0.0,208.07
4,9,1,0,,,,0.24838333,0.0,0.0,0.0,442.48
4,10,1,0,,,,0.25025,0.0,0.0,0.0,620.42
4,11,1,0,,,,0.25425,0.0,0.0,0.0,742.71
4,12,1,0,,,,0.25568333,0.0,0.0,0.0,833.51
4,13,1,0,,,,0.46295,0.0,0.0,0.0,849.39
4,14,1,0,,,,0.4421,0.0,0.0,0.0,808.8
4,15,1,0,,,,0.25495,0.0,0.0,0.0,712.4
4,16,1,0,,,,0.25235,0.0,0.0,0.0,561.64
4,17,1,0,,,,0.25115,0.0,0.0,0.0,359.42
4,18,1,0,,,,0.24798334,0.0,0.0,0.0,131.8
4,19,1,0,,,,0.2433,0.0,0.0,0.0,0.0
4,20,1,0,,,,0.24581666,0.0,0.0,0.0,0.0
4,21,1,0,,,,0.24576667,0.0,0.0,0.0,0.0
4,22,1,0,,,,0.24723333,0.0,0.0,0.0,0.0
4,23,1,0,,,,0.24731667,0.0,0.0,0.0,0.0
4,24,1,0,,,,0.24845,0.0,0.0,0.0,0.0
4,1,2,0,,,,0.24705556,0.0,0.0,0.0,0.0
4,2,2,0,,,,0.24945,0.0,0.0,0.0,0.0
4,3,2,0,,,,0.2436,0.0,0.0,0.0,0.0
4,4,2,0,,,,0.24563333,0.0,0.0,0.0,0.0
4,5,2,0,,,,0.24153888,0.0,0.0,0.0,0.0
4,6,2,0,,,,0.24023333,0.0,0.0,0.0,0.0
4,7,2,0,,,,0.24447222,0.0,0.0,0.0,8.53
4,8,2,0,,,,0.25173333,0.0,0.0,0.0,201.89
4,9,2,0,,,,0.25151667,0.0,0.0,0.0,431.43
4,10,2,0,,,,0.33946666,0.0,0.0,0.0,611.36
4,11,2,0,,,,0.5566,0.0,0.0,0.0,736.57
4,12,2,0,,,,0.256525,0.0,0.0,0.0,814.35
4,13,2,0,,,,0.26688334,0.0,0.0,0.0,833.98
4,14,2,0,,,,0.30898333,0.0,0.0,0.0,783.63
4,15,2,0,,,,0.21103333,0.0,0.0,0.0,683.48
4,16,2,0,,,,0.20875,0.0,0.0,0.0,549.85
4,17,2,0,,,,0.20707777,0.0,0.0,0.0,353.11
4,18,2,0,,,,0.22128333,0.0,0.0,0.0,132.04
4,19,2,0,,,,0.29445,0.0,0.0,0.0,0.53
4,20,2,0,,,,0.2452,0.0,0.0,0.0,0.0
4,21,2,0,,,,0.6835167,0.0,0.0,0.0,0.0
4,22,2,0,,,,0.7896583,0.0,0.0,0.0,0.0
4,23,2,0,,,,0.70671666,0.0,0.0,0.0,0.0
4,24,2,0,,,,2.03315,0.0,0.0,0.0,0.0
4,1,3,0,,,,0.80085,0.0,0.0,0.0,0.0
4,2,3,0,,,,1.1542833,0.0,0.0,0.0,0.0
4,3,3,0,,,,1.1563166,0.0,0.0,0.0,0.0
4,4,3,0,,,,1.3989667,0.0,0.0,0.0,0.0
4,5,3,0,,,,0.71993333,0.0,0.0,0.0,0.0
4,6,3,0,,,,0.9955278,0.0,0.0,0.0,0.0
4,7,3,0,,,,1.0324167,0.0,0.0,0.0,9.23
4,8,3,0,,,,0.62753886,0.0,0.0,0.0,185.17
4,9,3,0,,,,0.5933833,0.0,0.0,0.0,407.68
4,10,3,0,,,,0.59458333,0.0,0.0,0.0,597.59
4,11,3,0,,,,0.21128333,0.0,0.0,0.0,728.64
4,12,3,0,,,,0.36916667,0.0,0.0,0.0,808.27
4,13,3,0,,,,0.8211,0.0,0.0,0.0,717.05
4,14,3,0,,,,0.8088,0.0,0.0,0.0,766.43
4,15,3,0,,,,0.47918335,0.0,0.0,0.0,706.02
4,16,3,0,,,,0.21001667,0.0,0.0,0.0,561.26
4,17,3,0,,,,0.20638333,0.0,0.0,0.0,357.43
4,18,3,0,,,,0.20055,0.0,0.0,0.0,133.53
4,19,3,0,,,,2.4232166,0.0,0.0,0.0,2.15
4,20,3,0,,,,4.1401334,0.0,0.0,0.0,0.0
4,21,3,0,,,,0.76096666,0.0,0.0,0.0,0.0
4,22,3,0,,,,0.67198336,0.0,0.0,0.0,0.0
4,23,3,0,,,,0.8538833,0.0,0.0,0.0,0.0
4,24,3,0,,,,0.99615,0.0,0.0,0.0,0.0
4,1,4,0,,,,1.0404,0.0,0.0,0.0,0.0
4,2,4,0,,,,1.3918834,0.0,0.0,0.0,0.0
4,3,4,0,,,,0.71278334,0.0,0.0,0.0,0.0
4,4,4,0,,,,0.45008335,0.0,0.0,0.0,0.0
4,5,4,0,,,,0.44806665,0.0,0.0,0.0,0.0
4,6,4,0,,,,0.4445,0.0,0.0,0.0,0.0
4,7,4,0,,,,0.38498333,0.0,0.0,0.0,5.48
4,8,4,0,,,,0.24786666,0.0,0.0,0.0,128.26
4,9,4,0,,,,0.24733333,0.0,0.0,0.0,372.29
4,10,4,0,,,,0.25053334,0.0,0.0,0.0,565.2
4,11,4,0,,,,0.25438333,0.0,0.0,0.0,660.23
4,12,4,0,,,,0.26391667,0.0,0.0,0.0,776.06
4,13,4,0,,,,0.38861668,0.0,0.0,0.0,816.52
4,14,4,0,,,,0.70603335,0.0,0.0,0.0,793.55
4,15,4,0,,,,2.34675,0.0,0.0,0.0,703.8
4,16,4,0,,,,3.7182167,0.0,0.0,0.0,546.53
4,17,4,0,,,,3.6948,0.0,0.0,0.0,353.33
4,18,4,0,,,,3.6300833,0.0,0.0,0.0,130.41
4,19,4,0,,,,0.73025,0.0,0.0,0.0,2.14
4,20,4,0,,,,1.0980166,0.0,0.0,0.0,0.0
4,21,4,0,,,,1.3879334,0.0,0.0,0.0,0.0
4,22,4,0,,,,0.72181666,0.0,0.0,0.0,0.0
4,23,4,0,,,,0.66155,0.0,0.0,0.0,0.0
4,24,4,0,,,,0.91965,0.0,0.0,0.0,0.0
4,1,5,0,,,,0.8081,0.0,0.0,0.0,0.0
4,2,5,0,,,,0.8390333,0.0,0.0,0.0,0.0
4,3,5,0,,,,1.36635,0.0,0.0,0.0,0.0
4,4,5,0,,,,0.9328833,0.0,0.0,0.0,0.0
4,5,5,0,,,,1.1713166,0.0,0.0,0.0,0.0
4,6,5,0,,,,1.2816833,0.0,0.0,0.0,0.0
4,7,5,0,,,,3.2751834,0.0,0.0,0.0,3.68
4,8,5,0,,,,3.788,0.0,0.0,0.0,93.65
4,9,5,0,,,,3.78295,0.0,0.0,0.0,399.87
4,10,5,0,,,,3.1076834,0.0,0.0,0.0,573.92
4,11,5,0,,,,0.30245,0.0,0.0,0.0,658.89
4,12,5,0,,,,0.28961667,0.0,0.0,0.0,780.13
4,13,5,0,,,,0.66925,0.0,0.0,0.0,806.74
4,14,5,0,,,,0.8976167,0.0,0.0,0.0,764.31
4,15,5,0,,,,0.91003335,0.0,0.0,0.0,681.19
4,16,5,0,,,,0.51921666,0.0,0.0,0.0,503.3
4,17,5,0,,,,0.43088335,0.0,0.0,0.0,325.73
4,18,5,0,,,,0.38358334,0.0,0.0,0.0,111.78
4,19,5,0,,,,3.193,0.0,0.0,0.0,0.86
4,20,5,0,,,,0.8979,0.0,0.0,0.0,0.0
4,21,5,0,,,,0.8803,0.0,0.0,0.0,0.0
4,22,5,0,,,,0.87186664,0.0,0.0,0.0,0.0
4,23,5,0,,,,1.27505,0.0,0.0,0.0,0.0
4,24,5,0,,,,1.0909667,0.0,0.0,0.0,0.0
4,1,6,0,,,,1.1754167,0.0,0.0,0.0,0.0
4,2,6,0,,,,0.29281667,0.0,0.0,0.0,0.0
4,3,6,0,,,,0.29613334,0.0,0.0,0.0,0.0
4,4,6,0,,,,0.32305,0.0,0.0,0.0,0.0
4,5,6,0,,,,0.32076666,0.0,0.0,0.0,0.0
4,6,6,0,,,,0.32085,0.0,0.0,0.0,0.0
4,7,6,0,,,,3.3607833,0.0,0.0,0.0,2.07
4,8,6,0,,,,3.6803167,0.0,0.0,0.0,155.34
4,9,6,0,,,,3.6687334,0.0,0.0,0.0,193.34
4,10,6,0,,,,2.3809834,0.0,0.0,0.0,467.36
4,11,6,0,,,,0.40754443,0.0,0.0,0.0,420.91
4,12,6,0,,,,1.7025334,0.0,0.0,0.0,509.99
4,13,6,0,,,,0.7414333,0.0,0.0,0.0,786.64
4,14,6,0,,,,0.48825,0.0,0.0,0.0,753.12
4,15,6,0,,,,0.4858,0.0,0.0,0.0,664.97
4,16,6,0,,,,0.42506668,0.0,0.0,0.0,468.13
4,17,6,0,,,,0.48973334,0.0,0.0,0.0,325.37
4,18,6,0,,,,0.43038332,0.0,0.0,0.0,98.54
4,19,6,0,,,,0.4234,0.0,0.0,0.0,1.23
4,20,6,0,,,,0.4228222,0.0,0.0,0.0,0.0
4,21,6,0,,,,1.52045,0.0,0.0,0.0,0.0
4,22,6,0,,,,1.4172833,0.0,0.0,0.0,0.0
4,23,6,0,,,,1.0402334,0.0,0.0,0.0,0.0
4,24,6,0,,,,0.64748335,0.0,0.0,0.0,0.0
4,1,7,0,,,,0.63333887,0.0,0.0,0.0,0.0
4,2,7,0,,,,0.76463336,0.0,0.0,0.0,0.0
4,3,7,0,,,,0.93987775,0.0,0.0,0.0,0.0
4,4,7,0,,,,0.98181665,0.0,0.0,0.0,0.0
4,5,7,0,,,,3.0923195,0.0,0.0,0.0,0.0
4,6,7,0,,,,2.3927,0.0,0.0,0.0,0.0
4,7,7,0,,,,3.76925,0.0,0.0,0.0,0.33
4,8,7,0,,,,4.4462056,0.0,0.0,0.0,18.62
4,9,7,0,,,,3.7386,0.0,0.0,0.0,19.89
4,10,7,0,,,,3.6212,0.0,0.0,0.0,43.55
4,11,7,0,,,,0.30456668,0.0,0.0,0.0,474.4
4,12,7,0,,,,0.26591668,0.0,0.0,0.0,633.15
4,13,7,0,,,,0.2577,0.0,0.0,0.0,650.88
4,14,7,0,,,,0.25743333,0.0,0.0,0.0,662.06
4,15,7,0,,,,1.0917,0.0,0.0,0.0,447.49
4,16,7,0,,,,1.5551167,0.0,0.0,0.0,252.81
4,17,7,0,,,,1.62955,0.0,0.0,0.0,192.48
4,18,7,0,,,,1.20035,0.0,0.0,0.0,73.73
4,19,7,0,,,,1.7728333,0.0,0.0,0.0,2.98
4,20,7,0,,,,6.952083,0.0,0.0,0.0,0.0
4,21,7,0,,,,1.3940667,0.0,0.0,0.0,0.0
4,22,7,0,,,,1.2188833,0.0,0.0,0.0,0.0
4,23,7,0,,,,1.1763333,0.0,0.0,0.0,0.0
4,24,7,0,,,,0.6407667,0.0,0.0,0.0,0.0
4,1,1,0,,,,0.6548167,0.0,0.0,0.0,0.0
4,2,1,0,,,,1.9910834,0.0,0.0,0.0,0.0
4,3,1,0,,,,0.64975,0.0,0.0,0.0,0.0
4,4,1,0,,,,0.87881666,0.0,0.0,0.0,0.0
4,5,1,0,,,,0.49783334,0.0,0.0,0.0,0.0
4,6,1,0,,,,0.24321666,0.0,0.0,0.0,0.0
4,7,1,0,,,,0.24393333,0.0,0.0,0.0,33.15
4,8,1,0,,,,0.24861667,0.0,0.0,0.0,181.91
4,9,1,0,,,,0.25135,0.0,0.0,0.0,390.44
4,10,1,0,,,,0.25536665,0.0,0.0,0.0,460.93
4,11,1,0,,,,0.26163888,0.0,0.0,0.0,663.09
4,12,1,0,,,,0.26301667,0.0,0.0,0.0,783.29
4,13,1,0,,,,0.26407778,0.0,0.0,0.0,798.92
4,14,1,0,,,,0.2656,0.0,0.0,0.0,781.16
4,15,1,0,,,,0.48047778,0.0,0.0,0.0,696.97
4,16,1,0,,,,0.7298167,0.0,0.0,0.0,526.16
4,17,1,0,,,,0.8670722,0.0,0.0,0.0,240.85
4,18,1,0,,,,1.9475,0.0,0.0,0.0,127.96
4,19,1,0,,,,3.7222388,0.0,0.0,0.0,0.0
4,20,1,0,,,,4.64065,0.0,0.0,0.0,0.0
4,21,1,0,,,,2.0445778,0.0,0.0,0.0,0.0
4,22,1,0,,,,2.62535,0.0,0.0,0.0,0.0
4,23,1,0,,,,1.5200833,0.0,0.0,0.0,0.0
4,24,1,0,,,,0.78385836,0.0,0.0,0.0,0.0
4,1,2,0,,,,0.87494445,0.0,0.0,0.0,0.0
4,2,2,0,,,,0.76766664,0.0,0.0,0.0,0.0
4,3,2,0,,,,0.81475556,0.0,0.0,0.0,0.0
4,4,2,0,,,,0.7313167,0.0,0.0,0.0,0.0
4,5,2,0,,,,0.85404444,0.0,0.0,0.0,0.0
4,6,2,0,,,,0.8049333,0.0,0.0,0.0,0.0
4,7,2,0,,,,0.29893333,0.0,0.0,0.0,18.32
4,8,2,0,,,,0.2523,0.0,0.0,0.0,90.98
4,9,2,0,,,,0.25174445,0.0,0.0,0.0,96.6
4,10,2,0,,,,0.24253333,0.0,0.0,0.0,42.03
4,11,2,0,,,,0.25483334,0.0,0.0,0.0,148.54
4,12,2,0,,,,0.25716665,0.0,0.0,0.0,229.71
4,13,2,0,,,,0.25636667,0.0,0.0,0.0,223.07
4,14,2,0,,,,0.25573334,0.0,0.0,0.0,127.66
4,15,2,0,,,,0.56305,0.0,0.0,0.0,162.63
4,16,2,0,,,,0.83451664,0.0,0.0,0.0,91.57
4,17,2,0,,,,0.7607167,0.0,0.0,0.0,61.18
4,18,2,0,,,,0.3257111,0.0,0.0,0.0,37.7
4,19,2,0,,,,0.31223333,0.0,0.0,0.0,0.0
4,20,2,0,,,,0.43170556,0.0,0.0,0.0,0.0
4,21,2,0,,,,0.7819333,0.0,0.0,0.0,0.0
4,22,2,0,,,,0.88267225,0.0,0.0,0.0,0.0
4,23,2,0,,,,0.9964333,0.0,0.0,0.0,0.0
4,24,2,0,,,,4.014272,0.0,0.0,0.0,0.0
4,1,3,0,,,,0.9629667,0.0,0.0,0.0,0.0
4,2,3,0,,,,0.68213886,0.0,0.0,0.0,0.0
4,3,3,0,,,,0.5974,0.0,0.0,0.0,0.0
4,4,3,0,,,,0.50586665,0.0,0.0,0.0,0.0
4,5,3,0,,,,1.2454333,0.0,0.0,0.0,0.0
4,6,3,0,,,,0.2547,0.0,0.0,0.0,0.0
4,7,3,0,,,,1.1070334,0.0,0.0,0.0,1.15
4,8,3,0,,,,0.8804833,0.0,0.0,0.0,8.83
4,9,3,0,,,,0.25423333,0.0,0.0,0.0,34.27
4,10,3,0,,,,0.26305,0.0,0.0,0.0,71.07
4,11,3,0,,,,0.26883334,0.0,0.0,0.0,86.24
4,12,3,0,,,,0.26433334,0.0,0.0,0.0,103.99
4,13,3,0,,,,0.25738335,0.0,0.0,0.0,59.61
4,14,3,0,,,,0.36953333,0.0,0.0,0.0,66.77
4,15,3,0,,,,0.71288335,0.0,0.0,0.0,0.0
4,16,3,0,,,,0.79478335,0.0,0.0,0.0,51.91
4,17,3,0,,,,0.9277,0.0,0.0,0.0,28.27
4,18,3,0,,,,0.5466167,0.0,0.0,0.0,32.84
4,19,3,0,,,,3.2777834,0.0,0.0,0.0,0.0
4,20,3,0,,,,3.6429834,0.0,0.0,0.0,0.0
4,21,3,0,,,,1.0343,0.0,0.0,0.0,0.0
4,22,3,0,,,,0.6236333,0.0,0.0,0.0,0.0
4,23,3,0,,,,0.50191665,0.0,0.0,0.0,0.0
4,24,3,0,,,,1.509575,0.0,0.0,0.0,0.0
4,1,4,0,,,,1.36895,0.0,0.0,0.0,0.0
4,2,4,0,,,,1.2705834,0.0,0.0,0.0,0.0
4,3,4,0,,,,1.4902,0.0,0.0,0.0,0.0
4,4,4,0,,,,1.4791334,0.0,0.0,0.0,0.0
4,5,4,0,,,,1.0953166,0.0,0.0,0.0,0.0
4,6,4,0,,,,1.4941,0.0,0.0,0.0,0.0
4,7,4,0,,,,1.14075,0.0,0.0,0.0,1.18
4,8,4,0,,,,0.8799833,0.0,0.0,0.0,9.61
4,9,4,0,,,,1.05315,0.0,0.0,0.0,61.59
4,10,4,0,,,,0.6313,0.0,0.0,0.0,107.37
4,11,4,0,,,,1.0434834,0.0,0.0,0.0,145.92
4,12,4,0,,,,0.5981167,0.0,0.0,0.0,171.67
4,13,4,0,,,,1.0106666,0.0,0.0,0.0,188.67
4,14,4,0,,,,0.6955889,0.0,0.0,0.0,213.04
4,15,4,0,,,,3.3106334,0.0,0.0,0.0,233.13
4,16,4,0,,,,4.45305,0.0,0.0,0.0,136.3
4,17,4,0,,,,4.6138,0.0,0.0,0.0,109.91
4,18,4,0,,,,3.9952166,0.0,0.0,0.0,130.15
4,19,4,0,,,,1.03775,0.0,0.0,0.0,8.52
4,20,4,0,,,,0.6656333,0.0,0.0,0.0,0.0
4,21,4,0,,,,1.2578334,0.0,0.0,0.0,0.0
4,22,4,0,,,,1.1602944,0.0,0.0,0.0,0.0
4,23,4,0,,,,1.54565,0.0,0.0,0.0,0.0
4,24,4,0,,,,1.2667583,0.0,0.0,0.0,0.0
4,1,5,0,,,,1.49305,0.0,0.0,0.0,0.0
4,2,5,0,,,,1.6369889,0.0,0.0,0.0,0.0
4,3,5,0,,,,1.7483166,0.0,0.0,0.0,0.0
4,4,5,0,,,,2.0664222,0.0,0.0,0.0,0.0
4,5,5,0,,,,1.4137167,0.0,0.0,0.0,0.0
4,6,5,0,,,,1.7310916,0.0,0.0,0.0,0.0
4,7,5,0,,,,3.9594667,0.0,0.0,0.0,32.72
4,8,5,0,,,,4.513839,0.0,0.0,0.0,59.43
4,9,5,0,,,,4.579183,0.0,0.0,0.0,268.85
4,10,5,0,,,,3.6651666,0.0,0.0,0.0,649.96
4,11,5,0,,,,0.64813334,0.0,0.0,0.0,739.26
4,12,5,0,,,,1.0654083,0.0,0.0,0.0,764.3
4,13,5,0,,,,0.7176,0.0,0.0,0.0,629.51
4,14,5,0,,,,0.46353334,0.0,0.0,0.0,337.06
4,15,5,0,,,,0.8412611,0.0,0.0,0.0,144.4
4,16,5,0,,,,0.87441665,0.0,0.0,0.0,89.5
4,17,5,0,,,,0.31316668,0.0,0.0,0.0,68.51
4,18,5,0,,,,0.24241666,0.0,0.0,0.0,103.23
4,19,5,0,,,,2.8387084,0.0,0.0,0.0,9.76
4,20,5,0,,,,1.1266,0.0,0.0,0.0,0.0
4,21,5,0,,,,1.02435,0.0,0.0,0.0,0.0
4,22,5,0,,,,0.9443833,0.0,0.0,0.0,0.0
4,23,5,0,,,,1.0344555,0.0,0.0,0.0,0.0
4,24,5,0,,,,2.978075,0.0,0.0,0.0,0.0
4,1,6,0,,,,1.6231611,0.0,0.0,0.0,0.0
4,2,6,0,,,,1.4995834,0.0,0.0,0.0,0.0
4,3,6,0,,,,1.4100889,0.0,0.0,0.0,0.0
4,4,6,0,,,,1.5201167,0.0,0.0,0.0,0.0
4,5,6,0,,,,1.1672333,0.0,0.0,0.0,0.0
4,6,6,0,,,,2.3095,0.0,0.0,0.0,0.0
4,7,6,0,,,,4.1989665,0.0,0.0,0.0,46.06
4,8,6,0,,,,4.5454335,0.0,0.0,0.0,24.62
4,9,6,0,,,,4.460533,0.0,0.0,0.0,89.43
4,10,6,0,,,,1.6320833,0.0,0.0,0.0,211.65
4,11,6,0,,,,0.5949,0.0,0.0,0.0,187.7
4,12,6,0,,,,0.60158336,0.0,0.0,0.0,152.87
4,13,6,0,,,,0.21678333,0.0,0.0,0.0,177.38
4,14,6,0,,,,0.2111,0.0,0.0,0.0,441.59
4,15,6,0,,,,0.5031,0.0,0.0,0.0,174.55
4,16,6,0,,,,0.82495,0.0,0.0,0.0,105.58
4,17,6,0,,,,0.43316665,0.0,0.0,0.0,37.32
4,18,6,0,,,,0.38925,0.0,0.0,0.0,7.6
4,19,6,0,,,,0.3924,0.0,0.0,0.0,0.2
4,20,6,0,,,,0.39256668,0.0,0.0,0.0,0.0
4,21,6,0,,,,0.42723334,0.0,0.0,0.0,0.0
4,22,6,0,,,,0.34621668,0.0,0.0,0.0,0.0
4,23,6,0,,,,0.5757,0.0,0.0,0.0,0.0
4,24,6,0,,,,0.96858335,0.0,0.0,0.0,0.0
4,1,7,0,,,,0.7256944,0.0,0.0,0.0,0.0
4,2,7,0,,,,1.04775,0.0,0.0,0.0,0.0
4,3,7,0,,,,1.48145,0.0,0.0,0.0,0.0
4,4,7,0,,,,0.6682,0.0,0.0,0.0,0.0
4,5,7,0,,,,1.02845,0.0,0.0,0.0,0.0
4,6,7,0,,,,1.4231167,0.0,0.0,0.0,0.0
4,7,7,0,,,,4.0802665,0.0,0.0,0.0,2.07
4,8,7,0,,,,4.43655,0.0,0.0,0.0,10.11
4,9,7,0,,,,3.9920833,0.0,0.0,0.0,45.8
4,10,7,0,,,,2.1804833,0.0,0.0,0.0,64.54
4,11,7,0,,,,0.21165,0.0,0.0,0.0,94.24
4,12,7,0,,,,0.2135,0.0,0.0,0.0,179.34
4,13,7,0,,,,0.24336667,0.0,0.0,0.0,108.64
4,14,7,0,,,,0.43448332,0.0,0.0,0.0,89.82
4,15,7,0,,,,0.83615,0.0,0.0,0.0,76.03
4,16,7,0,,,,0.8128,0.0,0.0,0.0,55.42
4,17,7,0,,,,0.56481665,0.0,0.0,0.0,42.28
4,18,7,0,,,,0.38386667,0.0,0.0,0.0,13.91
4,19,7,0,,,,2.2643166,0.0,0.0,0.0,1.74
4,20,7,0,,,,2.0162168,0.0,0.0,0.0,0.0
4,21,7,0,,,,2.1785333,0.0,0.0,0.0,0.0
4,22,7,0,,,,1.1084334,0.0,0.0,0.0,0.0
4,23,7,0,,,,0.613,0.0,0.0,0.0,0.0
4,24,7,0,,,,0.60938334,0.0,0.0,0.0,0.0
4,1,1,0,,,,0.92266667,0.0,0.0,0.0,0.0
4,2,1,0,,,,1.0316,0.0,0.0,0.0,0.0
4,3,1,0,,,,0.5780333,0.0,0.0,0.0,0.0
4,4,1,0,,,,0.7696667,0.0,0.0,0.0,0.0
4,5,1,0,,,,0.81458336,0.0,0.0,0.0,0.0
4,6,1,0,,,,0.55795,0.0,0.0,0.0,0.0
4,7,1,0,,,,0.25061667,0.0,0.0,0.0,5.85
4,8,1,0,,,,0.25346112,0.0,0.0,0.0,32.94
4,9,1,0,,,,0.25068334,0.0,0.0,0.0,122.89
4,10,1,0,,,,0.25078332,0.0,0.0,0.0,191.13
4,11,1,0,,,,0.25646666,0.0,0.0,0.0,203.63
4,12,1,0,,,,0.2630222,0.0,0.0,0.0,187.22
4,13,1,0,,,,0.2675,0.0,0.0,0.0,413.23
4,14,1,0,,,,0.33813334,0.0,0.0,0.0,624.65
4,15,1,0,,,,0.49761668,0.0,0.0,0.0,448.56
4,16,1,0,,,,0.95845,0.0,0.0,0.0,218.17
4,17,1,0,,,,0.6041333,0.0,0.0,0.0,305.46
4,18,1,0,,,,0.59653336,0.0,0.0,0.0,130.64
4,19,1,0,,,,2.9033833,0.0,0.0,0.0,13.71
4,20,1,0,,,,2.1527667,0.0,0.0,0.0,0.0
4,21,1,0,,,,0.82556665,0.0,0.0,0.0,0.0
4,22,1,0,,,,2.2294555,0.0,0.0,0.0,0.0
4,23,1,0,,,,3.9718666,0.0,0.0,0.0,0.0
4,24,1,0,,,,3.6820416,0.0,0.0,0.0,0.0
4,1,2,0,,,,0.65855,0.0,0.0,0.0,0.0
4,2,2,0,,,,0.25146666,0.0,0.0,0.0,0.0
4,3,2,0,,,,0.37731665,0.0,0.0,0.0,0.0
4,4,2,0,,,,0.5116889,0.0,0.0,0.0,0.0
4,5,2,0,,,,0.45793334,0.0,0.0,0.0,0.0
4,6,2,0,,,,0.45020556,0.0,0.0,0.0,0.0
4,7,2,0,,,,0.44451666,0.0,0.0,0.0,54.14
4,8,2,0,,,,0.44398612,0.0,0.0,0.0,258.69
4,9,2,0,,,,0.40896666,0.0,0.0,0.0,469.81
4,10,2,0,,,,0.24823333,0.0,0.0,0.0,612.65
4,11,2,0,,,,0.25031668,0.0,0.0,0.0,696.62
4,12,2,0,,,,0.25612777,0.0,0.0,0.0,792.14
4,13,2,0,,,,0.38275,0.0,0.0,0.0,705.66
4,14,2,0,,,,0.94447225,0.0,0.0,0.0,710.65
4,15,2,0,,,,1.1402167,0.0,0.0,0.0,513.5
4,16,2,0,,,,0.6776222,0.0,0.0,0.0,541.57
4,17,2,0,,,,0.5534667,0.0,0.0,0.0,314.15
4,18,2,0,,,,0.96125555,0.0,0.0,0.0,90.23
4,19,2,0,,,,1.1580334,0.0,0.0,0.0,16.86
4,20,2,0,,,,1.3024833,0.0,0.0,0.0,0.0
4,21,2,0,,,,1.61125,0.0,0.0,0.0,0.0
4,22,2,0,,,,0.9259833,0.0,0.0,0.0,0.0
4,23,2,0,,,,3.2433167,0.0,0.0,0.0,0.0
4,24,2,0,,,,3.1675167,0.0,0.0,0.0,0.0
4,1,3,0,,,,0.62795,0.0,0.0,0.0,0.0
4,2,3,0,,,,1.0763333,0.0,0.0,0.0,0.0
4,3,3,0,,,,0.8908833,0.0,0.0,0.0,0.0
4,4,3,0,,,,1.0166334,0.0,0.0,0.0,0.0
4,5,3,0,,,,0.6533833,0.0,0.0,0.0,0.0
4,6,3,0,,,,0.42425,0.0,0.0,0.0,0.0
4,7,3,0,,,,0.24995,0.0,0.0,0.0,45.29
4,8,3,0,,,,0.2558,0.0,0.0,0.0,210.53
4,9,3,0,,,,0.2550889,0.0,0.0,0.0,427.43
4,10,3,0,,,,0.25636667,0.0,0.0,0.0,619.94
4,11,3,0,,,,0.46402222,0.0,0.0,0.0,637.07
4,12,3,0,,,,0.26773334,0.0,0.0,0.0,137.22
4,13,3,0,,,,0.26519445,0.0,0.0,0.0,54.39
4,14,3,0,,,,0.28635,0.0,0.0,0.0,342.79
4,15,3,0,,,,0.5150333,0.0,0.0,0.0,121.34
4,16,3,0,,,,1.0252167,0.0,0.0,0.0,49.77
4,17,3,0,,,,0.6571611,0.0,0.0,0.0,238.44
4,18,3,0,,,,0.8422167,0.0,0.0,0.0,124.69
4,19,3,0,,,,4.1590333,0.0,0.0,0.0,17.71
4,20,3,0,,,,3.1206834,0.0,0.0,0.0,0.0
4,21,3,0,,,,1.0074278,0.0,0.0,0.0,0.0
4,22,3,0,,,,0.6494333,0.0,0.0,0.0,0.0
4,23,3,0,,,,0.79342777,0.0,0.0,0.0,0.0
4,24,3,0,,,,1.4954083,0.0,0.0,0.0,0.0
4,1,4,0,,,,1.7522,0.0,0.0,0.0,0.0
4,2,4,0,,,,1.5335333,0.0,0.0,0.0,0.0
4,3,4,0,,,,2.755861,0.0,0.0,0.0,0.0
4,4,4,0,,,,1.6335334,0.0,0.0,0.0,0.0
4,5,4,0,,,,1.1556444,0.0,0.0,0.0,0.0
4,6,4,0,,,,0.68743336,0.0,0.0,0.0,0.0
4,7,4,0,,,,0.7307,0.0,0.0,0.0,55.57
4,8,4,0,,,,0.45221666,0.0,0.0,0.0,243.04
4,9,4,0,,,,0.32046667,0.0,0.0,0.0,457.12
4,10,4,0,,,,0.25393334,0.0,0.0,0.0,627.13
4,11,4,0,,,,0.25405,0.0,0.0,0.0,714.44
4,12,4,0,,,,0.25566667,0.0,0.0,0.0,798.42
4,13,4,0,,,,0.26651666,0.0,0.0,0.0,634.57
4,14,4,0,,,,0.26687223,0.0,0.0,0.0,710.63
4,15,4,0,,,,2.1154332,0.0,0.0,0.0,609.81
4,16,4,0,,,,3.917789,0.0,0.0,0.0,545.51
4,17,4,0,,,,4.2161164,0.0,0.0,0.0,357.88
4,18,4,0,,,,3.8378112,0.0,0.0,0.0,136.42
4,19,4,0,,,,1.00145,0.0,0.0,0.0,16.85
4,20,4,0,,,,0.54656667,0.0,0.0,0.0,0.0
4,21,4,0,,,,0.44738334,0.0,0.0,0.0,0.0
4,22,4,0,,,,0.42827222,0.0,0.0,0.0,0.0
4,23,4,0,,,,0.43148333,0.0,0.0,0.0,0.0
4,24,4,0,,,,0.71941113,0.0,0.0,0.0,0.0
4,1,5,0,,,,0.38791665,0.0,0.0,0.0,0.0
4,2,5,0,,,,1.2219388,0.0,0.0,0.0,0.0
4,3,5,0,,,,1.3119,0.0,0.0,0.0,0.0
4,4,5,0,,,,1.5147611,0.0,0.0,0.0,0.0
4,5,5,0,,,,0.69805,0.0,0.0,0.0,0.0
4,6,5,0,,,,1.0095111,0.0,0.0,0.0,0.0
4,7,5,0,,,,0.72299445,0.0,0.0,0.0,53.8
4,8,5,0,,,,0.67828333,0.0,0.0,0.0,222.57
4,9,5,0,,,,0.5706667,0.0,0.0,0.0,431.21
4,10,5,0,,,,0.83633333,0.0,0.0,0.0,585.89
4,11,5,0,,,,3.6001167,0.0,0.0,0.0,617.86
4,12,5,0,,,,3.6376333,0.0,0.0,0.0,702.76
4,13,5,0,,,,3.6300056,0.0,0.0,0.0,796.32
4,14,5,0,,,,2.70905,0.0,0.0,0.0,741.77
4,15,5,0,,,,0.39614445,0.0,0.0,0.0,585.19
4,16,5,0,,,,0.39583334,0.0,0.0,0.0,533.3
4,17,5,0,,,,0.70572776,0.0,0.0,0.0,212.51
4,18,5,0,,,,0.69226664,0.0,0.0,0.0,145.5
4,19,5,0,,,,2.596089,0.0,0.0,0.0,16.2
4,20,5,0,,,,0.46424446,0.0,0.0,0.0,0.0
4,21,5,0,,,,1.0228667,0.0,0.0,0.0,0.0
4,22,5,0,,,,0.6028,0.0,0.0,0.0,0.0
4,23,5,0,,,,0.56906664,0.0,0.0,0.0,0.0
4,24,5,0,,,,0.57953334,0.0,0.0,0.0,0.0
4,1,6,0,,,,0.58098334,0.0,0.0,0.0,0.0
4,2,6,0,,,,0.58218336,0.0,0.0,0.0,0.0
4,3,6,0,,,,0.58003336,0.0,0.0,0.0,0.0
4,4,6,0,,,,0.57755,0.0,0.0,0.0,0.0
4,5,6,0,,,,0.24311666,0.0,0.0,0.0,0.0
4,6,6,0,,,,0.59965,0.0,0.0,0.0,0.0
4,7,6,0,,,,3.6589832,0.0,0.0,0.0,61.9
4,8,6,0,,,,3.62965,0.0,0.0,0.0,265.71
4,9,6,0,,,,3.6199667,0.0,0.0,0.0,473.47
4,10,6,0,,,,1.8375334,0.0,0.0,0.0,640.4
4,11,6,0,,,,0.21552779,0.0,0.0,0.0,757.94
4,12,6,0,,,,0.3979,0.0,0.0,0.0,551.44
4,13,6,0,,,,0.57817775,0.0,0.0,0.0,576.68
4,14,6,0,,,,0.3422,0.0,0.0,0.0,398.5
4,15,6,0,,,,0.31231666,0.0,0.0,0.0,618.83
4,16,6,0,,,,0.29876667,0.0,0.0,0.0,366.37
4,17,6,0,,,,0.45175,0.0,0.0,0.0,280.53
4,18,6,0,,,,0.44216666,0.0,0.0,0.0,122.53
4,19,6,0,,,,0.4359,0.0,0.0,0.0,16.11
4,20,6,0,,,,0.4527,0.0,0.0,0.0,0.0
4,21,6,0,,,,0.29086667,0.0,0.0,0.0,0.0
4,22,6,0,,,,0.2778,0.0,0.0,0.0,0.0
4,23,6,0,,,,0.34615,0.0,0.0,0.0,0.0
4,24,6,0,,,,0.27765,0.0,0.0,0.0,0.0
4,1,7,0,,,,0.29118332,0.0,0.0,0.0,0.0
4,2,7,0,,,,0.45983332,0.0,0.0,0.0,0.0
4,3,7,0,,,,0.6936917,0.0,0.0,0.0,0.0
4,4,7,0,,,,0.73845,0.0,0.0,0.0,0.0
4,5,7,0,,,,0.39009446,0.0,0.0,0.0,0.0
4,6,7,0,,,,1.02695,0.0,0.0,0.0,0.0
4,7,7,0,,,,3.764286,0.0,0.0,0.0,55.58
4,8,7,0,,,,4.0688167,0.0,0.0,0.0,217.76
4,9,7,0,,,,3.6290834,0.0,0.0,0.0,394.77
4,10,7,0,,,,1.423,0.0,0.0,0.0,571.66
4,11,7,0,,,,0.20965,0.0,0.0,0.0,689.41
4,12,7,0,,,,0.20948334,0.0,0.0,0.0,723.52
4,13,7,0,,,,0.20871666,0.0,0.0,0.0,775.8
4,14,7,0,,,,0.20891666,0.0,0.0,0.0,617.37
4,15,7,0,,,,0.2082,0.0,0.0,0.0,394.0
4,16,7,0,,,,0.36086667,0.0,0.0,0.0,534.12
4,17,7,0,,,,0.3812,0.0,0.0,0.0,365.19
4,18,7,0,,,,0.52853334,0.0,0.0,0.0,149.93
4,19,7,0,,,,0.79403335,0.0,0.0,0.0,20.35
4,20,7,0,,,,1.0170166,0.0,0.0,0.0,0.0
4,21,7,0,,,,4.079467,0.0,0.0,0.0,0.0
4,22,7,0,,,,2.0357332,0.0,0.0,0.0,0.0
4,23,7,0,,,,0.64496666,0.0,0.0,0.0,0.0
4,24,7,0,,,,0.993425,0.0,0.0,0.0,0.0
4,1,1,0,,,,0.79735,0.0,0.0,0.0,0.0
4,2,1,0,,,,0.5058,0.0,0.0,0.0,0.0
4,3,1,0,,,,0.50563335,0.0,0.0,0.0,0.0
4,4,1,0,,,,1.4048333,0.0,0.0,0.0,0.0
4,5,1,0,,,,0.33128333,0.0,0.0,0.0,0.0
4,6,1,0,,,,0.31881666,0.0,0.0,0.0,0.0
4,7,1,0,,,,0.25823334,0.0,0.0,0.0,62.34
4,8,1,0,,,,0.25361666,0.0,0.0,0.0,243.11
4,9,1,0,,,,0.25173333,0.0,0.0,0.0,438.35
4,10,1,0,,,,0.25138333,0.0,0.0,0.0,600.14
4,11,1,0,,,,0.25275,0.0,0.0,0.0,720.51
4,12,1,0,,,,0.25371668,0.0,0.0,0.0,799.21
4,13,1,0,,,,0.25461668,0.0,0.0,0.0,818.9
4,14,1,0,,,,0.253,0.0,0.0,0.0,786.78
4,15,1,0,,,,0.37005,0.0,0.0,0.0,709.55
4,16,1,0,,,,0.42783332,0.0,0.0,0.0,565.65
4,17,1,0,,,,0.46830556,0.0,0.0,0.0,372.96
4,18,1,0,,,,0.43043333,0.0,0.0,0.0,152.64
4,19,1,0,,,,0.6839667,0.0,0.0,0.0,23.39
4,20,1,0,,,,0.57353336,0.0,0.0,0.0,0.0
4,21,1,0,,,,0.38808334,0.0,0.0,0.0,0.0
4,22,1,0,,,,0.24923334,0.0,0.0,0.0,0.0
4,23,1,0,,,,1.0827612,0.0,0.0,0.0,0.0
4,24,1,0,,,,3.668225,0.0,0.0,0.0,0.0
4,1,2,0,,,,1.8897945,0.0,0.0,0.0,0.0
4,2,2,0,,,,0.5613,0.0,0.0,0.0,0.0
4,3,2,0,,,,0.59258336,0.0,0.0,0.0,0.0
4,4,2,0,,,,1.34325,0.0,0.0,0.0,0.0
4,5,2,0,,,,0.93609446,0.0,0.0,0.0,0.0
4,6,2,0,,,,1.3484,0.0,0.0,0.0,0.0
4,7,2,0,,,,0.2454,0.0,0.0,0.0,66.63
4,8,2,0,,,,0.83926666,0.0,0.0,0.0,251.56
4,9,2,0,,,,0.8629556,0.0,0.0,0.0,440.94
4,10,2,0,,,,0.91211665,0.0,0.0,0.0,607.11
4,11,2,0,,,,0.5884167,0.0,0.0,0.0,707.9
4,12,2,0,,,,0.25185,0.0,0.0,0.0,788.7
4,13,2,0,,,,0.3242611,0.0,0.0,0.0,805.69
4,14,2,0,,,,0.45426667,0.0,0.0,0.0,684.04
4,15,2,0,,,,0.32498333,0.0,0.0,0.0,702.37
4,16,2,0,,,,0.7186,0.0,0.0,0.0,549.05
4,17,2,0,,,,0.4957,0.0,0.0,0.0,364.97
4,18,2,0,,,,0.38461667,0.0,0.0,0.0,137.51
4,19,2,0,,,,0.7002389,0.0,0.0,0.0,24.18
4,20,2,0,,,,2.2611,0.0,0.0,0.0,0.0
4,21,2,0,,,,2.5440667,0.0,0.0,0.0,0.0
4,22,2,0,,,,0.3453,0.0,0.0,0.0,0.0
4,23,2,0,,,,0.4910389,0.0,0.0,0.0,0.0
4,24,2,0,,,,0.50633335,0.0,0.0,0.0,0.0
4,1,3,0,,,,0.73834443,0.0,0.0,0.0,0.0
4,2,3,0,,,,0.7935167,0.0,0.0,0.0,0.0
4,3,3,0,,,,1.0486389,0.0,0.0,0.0,0.0
4,4,3,0,,,,1.3434666,0.0,0.0,0.0,0.0
4,5,3,0,,,,0.85376114,0.0,0.0,0.0,0.0
4,6,3,0,,,,1.0069833,0.0,0.0,0.0,0.0
4,7,3,0,,,,0.8026389,0.0,0.0,0.0,68.45
4,8,3,0,,,,0.7213333,0.0,0.0,0.0,265.24
4,9,3,0,,,,0.20573333,0.0,0.0,0.0,464.2
4,10,3,0,,,,0.66858333,0.0,0.0,0.0,624.23
4,11,3,0,,,,0.21142222,0.0,0.0,0.0,747.24
4,12,3,0,,,,0.32446668,0.0,0.0,0.0,816.68
4,13,3,0,,,,0.3931111,0.0,0.0,0.0,830.87
4,14,3,0,,,,0.37830833,0.0,0.0,0.0,792.12
4,15,3,0,,,,0.41771665,0.0,0.0,0.0,707.49
4,16,3,0,,,,0.44466665,0.0,0.0,0.0,560.37
4,17,3,0,,,,1.9053667,0.0,0.0,0.0,367.48
4,18,3,0,,,,2.0975833,0.0,0.0,0.0,151.51
4,19,3,0,,,,0.7655944,0.0,0.0,0.0,15.77
4,20,3,0,,,,0.56191665,0.0,0.0,0.0,0.0
4,21,3,0,,,,2.2429667,0.0,0.0,0.0,0.0
4,22,3,0,,,,1.6417389,0.0,0.0,0.0,0.0
4,23,3,0,,,,1.30225,0.0,0.0,0.0,0.0
4,24,3,0,,,,1.24285,0.0,0.0,0.0,0.0
4,1,4,0,,,,1.2190334,0.0,0.0,0.0,0.0
4,2,4,0,,,,1.2302889,0.0,0.0,0.0,0.0
4,3,4,0,,,,1.5508167,0.0,0.0,0.0,0.0
4,4,4,0,,,,1.2117555,0.0,0.0,0.0,0.0
4,5,4,0,,,,1.2707167,0.0,0.0,0.0,0.0
4,6,4,0,,,,1.2232722,0.0,0.0,0.0,0.18
4,7,4,0,,,,1.3530667,0.0,0.0,0.0,68.85
4,8,4,0,,,,0.8498833,0.0,0.0,0.0,187.68
4,9,4,0,,,,1.1038166,0.0,0.0,0.0,391.85
4,10,4,0,,,,0.6659222,0.0,0.0,0.0,191.3
4,11,4,0,,,,1.2369833,0.0,0.0,0.0,533.97
4,12,4,0,,,,0.8140722,0.0,0.0,0.0,770.5
4,13,4,0,,,,0.46091667,0.0,0.0,0.0,750.9
4,14,4,0,,,,0.78851664,0.0,0.0,0.0,771.53
4,15,4,0,,,,4.03085,0.0,0.0,0.0,685.49
4,16,4,0,,,,4.4205832,0.0,0.0,0.0,546.97
4,17,4,0,,,,4.1825333,0.0,0.0,0.0,358.43
4,18,4,0,,,,2.3074667,0.0,0.0,0.0,147.95
4,19,4,0,,,,0.44846666,0.0,0.0,0.0,16.6
4,20,4,0,,,,0.77365,0.0,0.0,0.0,0.0
4,21,4,0,,,,0.6688167,0.0,0.0,0.0,0.0
4,22,4,0,,,,0.9046,0.0,0.0,0.0,0.0
4,23,4,0,,,,0.59449446,0.0,0.0,0.0,0.0
4,24,4,0,,,,0.6236,0.0,0.0,0.0,0.0
4,1,5,0,,,,0.5999,0.0,0.0,0.0,0.0
4,2,5,0,,,,0.70953333,0.0,0.0,0.0,0.0
4,3,5,0,,,,0.6832611,0.0,0.0,0.0,0.0
4,4,5,0,,,,0.72401667,0.0,0.0,0.0,0.0
4,5,5,0,,,,0.5653333,0.0,0.0,0.0,0.0
4,6,5,0,,,,0.29803333,0.0,0.0,0.0,0.0
4,7,5,0,,,,2.9523556,0.0,0.0,0.0,31.86
4,8,5,0,,,,3.6640167,0.0,0.0,0.0,224.33
4,9,5,0,,,,3.6574667,0.0,0.0,0.0,418.9
4,10,5,0,,,,2.925075,0.0,0.0,0.0,378.3
4,11,5,0,,,,2.9408166,0.0,0.0,0.0,168.64
4,12,5,0,,,,1.2025334,0.0,0.0,0.0,162.0
4,13,5,0,,,,0.39206666,0.0,0.0,0.0,79.62
4,14,5,0,,,,0.39358333,0.0,0.0,0.0,50.36
4,15,5,0,,,,0.4653,0.0,0.0,0.0,48.82
4,16,5,0,,,,0.45672223,0.0,0.0,0.0,309.75
4,17,5,0,,,,0.41818333,0.0,0.0,0.0,231.84
4,18,5,0,,,,1.4324555,0.0,0.0,0.0,144.89
4,19,5,0,,,,2.31995,0.0,0.0,0.0,8.25
4,20,5,0,,,,0.60183,0.0,0.0,0.0,0.0
4,21,5,0,,,,0.55546665,0.0,0.0,0.0,0.0
4,22,5,0,,,,0.63661665,0.0,0.0,0.0,0.0
4,23,5,0,,,,0.55446666,0.0,0.0,0.0,0.0
4,24,5,0,,,,0.5568333,0.0,0.0,0.0,0.0
4,1,6,0,,,,0.932325,0.0,0.0,0.0,0.0
4,2,6,0,,,,0.8638333,0.0,0.0,0.0,0.0
4,3,6,0,,,,0.5668833,0.0,0.0,0.0,0.0
4,4,6,0,,,,0.34793332,0.0,0.0,0.0,0.0
4,5,6,0,,,,0.32161668,0.0,0.0,0.0,0.0
4,6,6,0,,,,0.40256667,0.0,0.0,0.0,0.0
4,7,6,0,,,,3.6668916,0.0,0.0,0.0,7.94
4,8,6,0,,,,3.66265,0.0,0.0,0.0,148.13
4,9,6,0,,,,3.6542,0.0,0.0,0.0,89.55
4,10,6,0,,,,2.0923,0.0,0.0,0.0,130.51
4,11,6,0,,,,0.33725,0.0,0.0,0.0,138.49
4,12,6,0,,,,1.34705,0.0,0.0,0.0,97.82
4,13,6,0,,,,0.38348332,0.0,0.0,0.0,74.84
4,14,6,0,,,,0.3756,0.0,0.0,0.0,64.71
4,15,6,0,,,,0.36258888,0.0,0.0,0.0,48.41
4,16,6,0,,,,0.3905,0.0,0.0,0.0,80.36
4,17,6,0,,,,0.3896611,0.0,0.0,0.0,87.48
4,18,6,0,,,,0.69445,0.0,0.0,0.0,38.57
4,19,6,0,,,,0.73465,0.0,0.0,0.0,1.09
4,20,6,0,,,,0.38408333,0.0,0.0,0.0,0.0
4,21,6,0,,,,0.9052167,0.0,0.0,0.0,0.0
4,22,6,0,,,,0.9794667,0.0,0.0,0.0,0.0
4,23,6,0,,,,1.0841167,0.0,0.0,0.0,0.0
4,24,6,0,,,,0.62023336,0.0,0.0,0.0,0.0
4,1,7,0,,,,0.71328336,0.0,0.0,0.0,0.0
4,2,7,0,,,,1.0120667,0.0,0.0,0.0,0.0
4,3,7,0,,,,0.7400333,0.0,0.0,0.0,0.0
4,4,7,0,,,,0.32249168,0.0,0.0,0.0,0.0
4,5,7,0,,,,0.32176667,0.0,0.0,0.0,0.0
4,6,7,0,,,,0.31719443,0.0,0.0,0.0,0.0
4,7,7,0,,,,1.8408667,0.0,0.0,0.0,4.68
4,8,7,0,,,,3.6601055,0.0,0.0,0.0,15.41
4,9,7,0,,,,3.6586,0.0,0.0,0.0,67.06
4,10,7,0,,,,3.6588416,0.0,0.0,0.0,72.46
4,11,7,0,,,,0.9332,0.0,0.0,0.0,129.81
4,12,7,0,,,,0.4251,0.0,0.0,0.0,162.93
4,13,7,0,,,,0.400575,0.0,0.0,0.0,121.98
4,14,7,0,,,,0.40745,0.0,0.0,0.0,82.2
4,15,7,0,,,,0.41508332,0.0,0.0,0.0,84.43
4,16,7,0,,,,0.64335,0.0,0.0,0.0,72.46
4,17,7,0,,,,0.82455003,0.0,0.0,0.0,63.01
4,18,7,0,,,,0.51496667,0.0,0.0,0.0,63.61
4,19,7,0,,,,0.53071666,0.0,0.0,0.0,22.62
4,20,7,0,,,,1.3419666,0.0,0.0,0.0,0.0
4,21,7,0,,,,4.4826,0.0,0.0,0.0,0.0
4,22,7,0,,,,2.2808332,0.0,0.0,0.0,0.0
4,23,7,0,,,,1.5385112,0.0,0.0,0.0,0.0
4,24,7,0,,,,0.42975,0.0,0.0,0.0,0.0
5,1,1,0,,,,0.4268111,0.0,0.0,0.0,0.0
5,2,1,0,,,,0.32345,0.0,0.0,0.0,0.0
5,3,1,0,,,,0.30246112,0.0,0.0,0.0,0.0
5,4,1,0,,,,0.2623,0.0,0.0,0.0,0.0
5,5,1,0,,,,0.31752777,0.0,0.0,0.0,0.0
5,6,1,0,,,,0.30921668,0.0,0.0,0.0,0.0
5,7,1,0,,,,0.305875,0.0,0.0,0.0,5.26
5,8,1,0,,,,0.25141665,0.0,0.0,0.0,14.79
5,9,1,0,,,,0.25315,0.0,0.0,0.0,29.15
5,10,1,0,,,,0.3058,0.0,0.0,0.0,55.34
5,11,1,0,,,,0.26678333,0.0,0.0,0.0,90.68
5,12,1,0,,,,0.24893333,0.0,0.0,0.0,106.93
5,13,1,0,,,,0.21121667,0.0,0.0,0.0,50.13
5,14,1,0,,,,0.22448333,0.0,0.0,0.0,68.85
5,15,1,0,,,,0.5290667,0.0,0.0,0.0,63.79
5,16,1,0,,,,0.63198334,0.0,0.0,0.0,54.97
5,17,1,0,,,,0.38636667,0.0,0.0,0.0,50.15
5,18,1,0,,,,0.38411668,0.0,0.0,0.0,29.04
5,19,1,0,,,,0.9953667,0.0,0.0,0.0,23.81
5,20,1,0,,,,3.0382833,0.0,0.0,0.0,0.0
5,21,1,0,,,,0.5837167,0.0,0.0,0.0,0.0
5,22,1,0,,,,0.56021667,0.0,0.0,0.0,0.0
5,23,1,0,,,,0.47143334,0.0,0.0,0.0,0.0
5,24,1,0,,,,0.8263,0.0,0.0,0.0,0.0
5,1,2,0,,,,0.73775,0.0,0.0,0.0,0.0
5,2,2,0,,,,0.42521667,0.0,0.0,0.0,0.0
5,3,2,0,,,,1.3503,0.0,0.0,0.0,0.0
5,4,2,0,,,,0.31598333,0.0,0.0,0.0,0.0
5,5,2,0,,,,0.27516666,0.0,0.0,0.0,0.0
5,6,2,0,,,,0.24435,0.0,0.0,0.0,0.0
5,7,2,0,,,,0.24398333,0.0,0.0,0.0,8.81
5,8,2,0,,,,0.24824166,0.0,0.0,0.0,23.8
5,9,2,0,,,,0.24656667,0.0,0.0,0.0,69.33
5,10,2,0,,,,0.24686667,0.0,0.0,0.0,347.18
5,11,2,0,,,,0.40031666,0.0,0.0,0.0,208.88
5,12,2,0,,,,1.0493,0.0,0.0,0.0,678.8
5,13,2,0,,,,0.66978335,0.0,0.0,0.0,858.65
5,14,2,0,,,,0.39101666,0.0,0.0,0.0,807.12
5,15,2,0,,,,0.39195,0.0,0.0,0.0,669.32
5,16,2,0,,,,1.5904666,0.0,0.0,0.0,403.2
5,17,2,0,,,,1.19235,0.0,0.0,0.0,231.07
5,18,2,0,,,,0.85333335,0.0,0.0,0.0,155.38
5,19,2,0,,,,0.6192333,0.0,0.0,0.0,31.72
5,20,2,0,,,,0.59953886,0.0,0.0,0.0,0.0
5,21,2,0,,,,1.9897667,0.0,0.0,0.0,0.0
5,22,2,0,,,,1.3445333,0.0,0.0,0.0,0.0
5,23,2,0,,,,0.5968,0.0,0.0,0.0,0.0
5,24,2,0,,,,0.43456668,0.0,0.0,0.0,0.0
5,1,3,0,,,,0.37398332,0.0,0.0,0.0,0.0
5,2,3,0,,,,0.35203335,0.0,0.0,0.0,0.0
5,3,3,0,,,,0.34616667,0.0,0.0,0.0,0.0
5,4,3,0,,,,0.270675,0.0,0.0,0.0,0.0
5,5,3,0,,,,0.25118887,0.0,0.0,0.0,0.0
5,6,3,0,,,,0.24605,0.0,0.0,0.0,1.32
5,7,3,0,,,,0.25001666,0.0,0.0,0.0,77.38
5,8,3,0,,,,0.2517,0.0,0.0,0.0,273.11
5,9,3,0,,,,0.25237224,0.0,0.0,0.0,487.09
5,10,3,0,,,,0.25275,0.0,0.0,0.0,638.27
5,11,3,0,,,,0.2569528,0.0,0.0,0.0,753.5
5,12,3,0,,,,0.36165,0.0,0.0,0.0,773.6
5,13,3,0,,,,0.71694446,0.0,0.0,0.0,357.39
5,14,3,0,,,,0.39273334,0.0,0.0,0.0,95.51
5,15,3,0,,,,2.2334611,0.0,0.0,0.0,700.64
5,16,3,0,,,,3.8241,0.0,0.0,0.0,474.4
5,17,3,0,,,,3.8225777,0.0,0.0,0.0,236.6
5,18,3,0,,,,3.9385166,0.0,0.0,0.0,17.72
5,19,3,0,,,,2.1705666,0.0,0.0,0.0,29.71
5,20,3,0,,,,0.71281666,0.0,0.0,0.0,0.0
5,21,3,0,,,,0.63645,0.0,0.0,0.0,0.0
5,22,3,0,,,,0.59435,0.0,0.0,0.0,0.0
5,23,3,0,,,,0.48637778,0.0,0.0,0.0,0.0
5,24,3,0,,,,0.47786668,0.0,0.0,0.0,0.0
5,1,4,0,,,,1.3471667,0.0,0.0,0.0,0.0
5,2,4,0,,,,0.78978336,0.0,0.0,0.0,0.0
5,3,4,0,,,,0.59864444,0.0,0.0,0.0,0.0
5,4,4,0,,,,0.8824667,0.0,0.0,0.0,0.0
5,5,4,0,,,,0.66057223,0.0,0.0,0.0,0.0
5,6,4,0,,,,0.4164,0.0,0.0,0.0,0.0
5,7,4,0,,,,0.42543334,0.0,0.0,0.0,5.72
5,8,4,0,,,,0.428125,0.0,0.0,0.0,189.18
5,9,4,0,,,,0.43138334,0.0,0.0,0.0,326.75
5,10,4,0,,,,0.4299,0.0,0.0,0.0,123.92
5,11,4,0,,,,1.8529,0.0,0.0,0.0,255.0
5,12,4,0,,,,0.45698333,0.0,0.0,0.0,550.54
5,13,4,0,,,,0.5847,0.0,0.0,0.0,123.52
5,14,4,0,,,,3.9025056,0.0,0.0,0.0,257.4
5,15,4,0,,,,3.8870666,0.0,0.0,0.0,455.87
5,16,4,0,,,,3.8838055,0.0,0.0,0.0,510.6
5,17,4,0,,,,2.8757,0.0,0.0,0.0,327.89
5,18,4,0,,,,1.89515,0.0,0.0,0.0,155.33
5,19,4,0,,,,0.6103,0.0,0.0,0.0,25.17
5,20,4,0,,,,4.3874,0.0,0.0,0.0,0.0
5,21,4,0,,,,0.8687,0.0,0.0,0.0,0.0
5,22,4,0,,,,1.1344833,0.0,0.0,0.0,0.0
5,23,4,0,,,,0.58195,0.0,0.0,0.0,0.0
5,24,4,0,,,,0.5333167,0.0,0.0,0.0,0.0
5,1,5,0,,,,0.51639444,0.0,0.0,0.0,0.0
5,2,5,0,,,,0.5523667,0.0,0.0,0.0,0.0
5,3,5,0,,,,0.40380555,0.0,0.0,0.0,0.0
5,4,5,0,,,,0.57945,0.0,0.0,0.0,0.0
5,5,5,0,,,,0.5304833,0.0,0.0,0.0,0.0
5,6,5,0,,,,0.6440167,0.0,0.0,0.0,0.0
5,7,5,0,,,,0.58373886,0.0,0.0,0.0,43.32
5,8,5,0,,,,0.25216666,0.0,0.0,0.0,161.28
5,9,5,0,,,,0.5588389,0.0,0.0,0.0,452.88
5,10,5,0,,,,0.21081667,0.0,0.0,0.0,403.67
5,11,5,0,,,,0.20816112,0.0,0.0,0.0,494.86
5,12,5,0,,,,0.2673,0.0,0.0,0.0,606.92
5,13,5,0,,,,0.3502389,0.0,0.0,0.0,774.57
5,14,5,0,,,,0.58526665,0.0,0.0,0.0,519.66
5,15,5,0,,,,0.6805556,0.0,0.0,0.0,355.41
5,16,5,0,,,,0.40228334,0.0,0.0,0.0,365.91
5,17,5,0,,,,0.3937,0.0,0.0,0.0,208.7
5,18,5,0,,,,0.6533833,0.0,0.0,0.0,99.21
5,19,5,0,,,,1.2901223,0.0,0.0,0.0,7.69
5,20,5,0,,,,2.5067,0.0,0.0,0.0,0.0
5,21,5,0,,,,0.8381611,0.0,0.0,0.0,0.0
5,22,5,0,,,,0.5973,0.0,0.0,0.0,0.0
5,23,5,0,,,,0.59081113,0.0,0.0,0.0,0.0
5,24,5,0,,,,0.59805,0.0,0.0,0.0,0.0
5,1,6,0,,,,0.59795,0.0,0.0,0.0,0.0
5,2,6,0,,,,0.6008,0.0,0.0,0.0,0.0
5,3,6,0,,,,0.41085,0.0,0.0,0.0,0.0
5,4,6,0,,,,0.65891665,0.0,0.0,0.0,0.0
5,5,6,0,,,,0.80065,0.0,0.0,0.0,0.0
5,6,6,0,,,,1.5889167,0.0,0.0,0.0,14.89
5,7,6,0,,,,4.3290887,0.0,0.0,0.0,5.58
5,8,6,0,,,,4.6231055,0.0,0.0,0.0,18.87
5,9,6,0,,,,4.1672835,0.0,0.0,0.0,127.92
5,10,6,0,,,,1.8952334,0.0,0.0,0.0,100.1
5,11,6,0,,,,1.0514834,0.0,0.0,0.0,164.01
5,12,6,0,,,,0.9349667,0.0,0.0,0.0,117.81
5,13,6,0,,,,1.19995,0.0,0.0,0.0,209.18
5,14,6,0,,,,1.3271,0.0,0.0,0.0,55.07
5,15,6,0,,,,1.3816,0.0,0.0,0.0,43.67
5,16,6,0,,,,1.3703,0.0,0.0,0.0,60.71
5,17,6,0,,,,1.3266166,0.0,0.0,0.0,133.54
5,18,6,0,,,,1.38315,0.0,0.0,0.0,29.59
5,19,6,0,,,,1.2855,0.0,0.0,0.0,33.85
5,20,6,0,,,,1.81105,0.0,0.0,0.0,0.0
5,21,6,0,,,,2.0817833,0.0,0.0,0.0,0.0
5,22,6,0,,,,1.93355,0.0,0.0,0.0,0.0
5,23,6,0,,,,3.7161834,0.0,0.0,0.0,0.0
5,24,6,0,,,,4.220075,0.0,0.0,0.0,0.0
5,1,7,0,,,,3.6603334,0.0,0.0,0.0,0.0
5,2,7,0,,,,3.6506333,0.0,0.0,0.0,0.0
5,3,7,0,,,,0.4356611,0.0,0.0,0.0,0.0
5,4,7,0,,,,0.24751666,0.0,0.0,0.0,0.0
5,5,7,0,,,,0.24831666,0.0,0.0,0.0,0.0
5,6,7,0,,,,0.24478333,0.0,0.0,0.0,0.0
5,7,7,0,,,,0.24776667,0.0,0.0,0.0,23.14
5,8,7,0,,,,0.2525,0.0,0.0,0.0,150.5
5,9,7,0,,,,0.25390556,0.0,0.0,0.0,290.96
5,10,7,0,,,,0.24926667,0.0,0.0,0.0,300.74
5,11,7,0,,,,0.2501111,0.0,0.0,0.0,183.25
5,12,7,0,,,,0.64825,0.0,0.0,0.0,264.42
5,13,7,0,,,,0.37468332,0.0,0.0,0.0,487.87
5,14,7,0,,,,3.6056166,0.0,0.0,0.0,638.37
5,15,7,0,,,,2.3359778,0.0,0.0,0.0,53.98
5,16,7,0,,,,2.4858444,0.0,0.0,0.0,122.5
5,17,7,0,,,,4.5814667,0.0,0.0,0.0,116.59
5,18,7,0,,,,4.437339,0.0,0.0,0.0,15.96
5,19,7,0,,,,4.4574833,0.0,0.0,0.0,37.89
5,20,7,0,,,,2.32965,0.0,0.0,0.0,0.0
5,21,7,0,,,,1.7002333,0.0,0.0,0.0,0.0
5,22,7,0,,,,2.5873666,0.0,0.0,0.0,0.0
5,23,7,0,,,,0.7801222,0.0,0.0,0.0,0.0
5,24,7,0,,,,2.022375,0.0,0.0,0.0,0.0
5,1,1,0,,,,0.88373333,0.0,0.0,0.0,0.0
5,2,1,0,,,,0.80093336,0.0,0.0,0.0,0.0
5,3,1,0,,,,0.3812111,0.0,0.0,0.0,0.0
5,4,1,0,,,,2.2734168,0.0,0.0,0.0,0.0
5,5,1,0,,,,1.3649722,0.0,0.0,0.0,0.0
5,6,1,0,,,,1.53805,0.0,0.0,0.0,0.0
5,7,1,0,,,,1.5547,0.0,0.0,0.0,6.34
5,8,1,0,,,,1.0207334,0.0,0.0,0.0,78.7
5,9,1,0,,,,0.89872223,0.0,0.0,0.0,67.47
5,10,1,0,,,,0.8303,0.0,0.0,0.0,95.75
5,11,1,0,,,,0.6857389,0.0,0.0,0.0,135.55
5,12,1,0,,,,0.34045,0.0,0.0,0.0,136.02
5,13,1,0,,,,0.6872611,0.0,0.0,0.0,90.22
5,14,1,0,,,,1.4336333,0.0,0.0,0.0,104.55
5,15,1,0,,,,0.5152889,0.0,0.0,0.0,79.64
5,16,1,0,,,,0.21098334,0.0,0.0,0.0,61.39
5,17,1,0,,,,0.21162778,0.0,0.0,0.0,40.53
5,18,1,0,,,,0.20885,0.0,0.0,0.0,37.53
5,19,1,0,,,,0.33311668,0.0,0.0,0.0,22.83
5,20,1,0,,,,0.26278332,0.0,0.0,0.0,0.0
5,21,1,0,,,,0.32193333,0.0,0.0,0.0,0.0
5,22,1,0,,,,1.2913166,0.0,0.0,0.0,0.0
5,23,1,0,,,,4.186522,0.0,0.0,0.0,0.0
5,24,1,0,,,,4.0795083,0.0,0.0,0.0,0.0
5,1,2,0,,,,3.7849,0.0,0.0,0.0,0.0
5,2,2,0,,,,1.2669667,0.0,0.0,0.0,0.0
5,3,2,0,,,,0.24850556,0.0,0.0,0.0,0.0
5,4,2,0,,,,0.26155,0.0,0.0,0.0,0.0
5,5,2,0,,,,0.24685556,0.0,0.0,0.0,0.0
5,6,2,0,,,,0.23723334,0.0,0.0,0.0,0.0
5,7,2,0,,,,0.23421666,0.0,0.0,0.0,6.36
5,8,2,0,,,,0.24698333,0.0,0.0,0.0,17.99
5,9,2,0,,,,0.24598333,0.0,0.0,0.0,67.68
5,10,2,0,,,,0.24855,0.0,0.0,0.0,107.36
5,11,2,0,,,,0.25293332,0.0,0.0,0.0,163.04
5,12,2,0,,,,0.2854,0.0,0.0,0.0,143.55
5,13,2,0,,,,0.33736667,0.0,0.0,0.0,103.37
5,14,2,0,,,,0.75266665,0.0,0.0,0.0,107.82
5,15,2,0,,,,2.1130555,0.0,0.0,0.0,77.62
5,16,2,0,,,,3.9246166,0.0,0.0,0.0,72.12
5,17,2,0,,,,3.9952834,0.0,0.0,0.0,41.35
5,18,2,0,,,,4.15525,0.0,0.0,0.0,36.87
5,19,2,0,,,,2.0129666,0.0,0.0,0.0,27.35
5,20,2,0,,,,3.0096388,0.0,0.0,0.0,0.0
5,21,2,0,,,,1.2957667,0.0,0.0,0.0,0.0
5,22,2,0,,,,0.77645,0.0,0.0,0.0,0.0
5,23,2,0,,,,0.6377,0.0,0.0,0.0,0.0
5,24,2,0,,,,0.61906666,0.0,0.0,0.0,0.0
5,1,3,0,,,,0.87076664,0.0,0.0,0.0,0.0
5,2,3,0,,,,1.0141555,0.0,0.0,0.0,0.0
5,3,3,0,,,,0.9683667,0.0,0.0,0.0,0.0
5,4,3,0,,,,3.239011,0.0,0.0,0.0,0.0
5,5,3,0,,,,0.8580833,0.0,0.0,0.0,0.0
5,6,3,0,,,,1.9617722,0.0,0.0,0.0,0.0
5,7,3,0,,,,2.0024333,0.0,0.0,0.0,93.02
5,8,3,0,,,,0.8771778,0.0,0.0,0.0,283.84
5,9,3,0,,,,0.4042,0.0,0.0,0.0,483.32
5,10,3,0,,,,0.29065555,0.0,0.0,0.0,642.27
5,11,3,0,,,,0.37145,0.0,0.0,0.0,694.36
5,12,3,0,,,,0.24495,0.0,0.0,0.0,299.5
5,13,3,0,,,,0.24646667,0.0,0.0,0.0,342.95
5,14,3,0,,,,2.2852445,0.0,0.0,0.0,343.73
5,15,3,0,,,,1.6975833,0.0,0.0,0.0,137.66
5,16,3,0,,,,1.54115,0.0,0.0,0.0,185.44
5,17,3,0,,,,1.0256333,0.0,0.0,0.0,133.9
5,18,3,0,,,,0.71706665,0.0,0.0,0.0,47.73
5,19,3,0,,,,0.7015,0.0,0.0,0.0,24.34
5,20,3,0,,,,0.70163333,0.0,0.0,0.0,0.0
5,21,3,0,,,,0.9805,0.0,0.0,0.0,0.0
5,22,3,0,,,,1.0919167,0.0,0.0,0.0,0.0
5,23,3,0,,,,3.1826167,0.0,0.0,0.0,0.0
5,24,3,0,,,,0.8706167,0.0,0.0,0.0,0.0
5,1,4,0,,,,1.2105,0.0,0.0,0.0,0.0
5,2,4,0,,,,0.98716664,0.0,0.0,0.0,0.0
5,3,4,0,,,,1.36245,0.0,0.0,0.0,0.0
5,4,4,0,,,,0.28365,0.0,0.0,0.0,0.0
5,5,4,0,,,,0.2453,0.0,0.0,0.0,0.0
5,6,4,0,,,,0.23853333,0.0,0.0,0.0,1.74
5,7,4,0,,,,0.24363333,0.0,0.0,0.0,43.5
5,8,4,0,,,,0.24466667,0.0,0.0,0.0,240.11
5,9,4,0,,,,0.24871667,0.0,0.0,0.0,469.37
5,10,4,0,,,,0.44018334,0.0,0.0,0.0,612.91
5,11,4,0,,,,0.30341667,0.0,0.0,0.0,541.82
5,12,4,0,,,,0.90584445,0.0,0.0,0.0,389.34
5,13,4,0,,,,0.9407167,0.0,0.0,0.0,275.55
5,14,4,0,,,,2.1791723,0.0,0.0,0.0,74.33
5,15,4,0,,,,1.31785,0.0,0.0,0.0,565.39
5,16,4,0,,,,2.4004834,0.0,0.0,0.0,429.88
5,17,4,0,,,,1.8769333,0.0,0.0,0.0,295.44
5,18,4,0,,,,3.8860667,0.0,0.0,0.0,152.96
5,19,4,0,,,,3.7855833,0.0,0.0,0.0,42.25
5,20,4,0,,,,1.2218167,0.0,0.0,0.0,0.0
5,21,4,0,,,,1.3158667,0.0,0.0,0.0,0.0
5,22,4,0,,,,0.8743,0.0,0.0,0.0,0.0
5,23,4,0,,,,0.7623889,0.0,0.0,0.0,0.0
5,24,4,0,,,,0.5311583,0.0,0.0,0.0,0.0
5,1,5,0,,,,2.4815223,0.0,0.0,0.0,0.0
5,2,5,0,,,,3.8655167,0.0,0.0,0.0,0.0
5,3,5,0,,,,3.1740944,0.0,0.0,0.0,0.0
5,4,5,0,,,,0.26486668,0.0,0.0,0.0,0.0
5,5,5,0,,,,0.24052222,0.0,0.0,0.0,0.0
5,6,5,0,,,,0.237025,0.0,0.0,0.0,3.62
5,7,5,0,,,,0.24563333,0.0,0.0,0.0,87.53
5,8,5,0,,,,0.249375,0.0,0.0,0.0,212.9
5,9,5,0,,,,0.2478,0.0,0.0,0.0,472.59
5,10,5,0,,,,0.24903889,0.0,0.0,0.0,617.94
5,11,5,0,,,,0.2875,0.0,0.0,0.0,676.39
5,12,5,0,,,,0.7164389,0.0,0.0,0.0,495.09
5,13,5,0,,,,0.76191664,0.0,0.0,0.0,392.98
5,14,5,0,,,,0.7449667,0.0,0.0,0.0,539.92
5,15,5,0,,,,0.40518335,0.0,0.0,0.0,544.25
5,16,5,0,,,,2.513211,0.0,0.0,0.0,295.79
5,17,5,0,,,,3.8609834,0.0,0.0,0.0,344.78
5,18,5,0,,,,2.2561,0.0,0.0,0.0,165.75
5,19,5,0,,,,3.7818666,0.0,0.0,0.0,36.73
5,20,5,0,,,,4.418383,0.0,0.0,0.0,0.0
5,21,5,0,,,,1.1873833,0.0,0.0,0.0,0.0
5,22,5,0,,,,1.0,0.0,0.0,0.0,0.0
5,23,5,0,,,,0.65001667,0.0,0.0,0.0,0.0
5,24,5,0,,,,0.48468888,0.0,0.0,0.0,0.0
5,1,6,0,,,,0.39883333,0.0,0.0,0.0,0.0
5,2,6,0,,,,0.38343334,0.0,0.0,0.0,0.0
5,3,6,0,,,,0.38185,0.0,0.0,0.0,0.0
5,4,6,0,,,,0.3885389,0.0,0.0,0.0,0.0
5,5,6,0,,,,0.37745,0.0,0.0,0.0,0.0
5,6,6,0,,,,0.37294444,0.0,0.0,0.0,0.18
5,7,6,0,,,,0.37535,0.0,0.0,0.0,92.28
5,8,6,0,,,,0.3188778,0.0,0.0,0.0,264.42
5,9,6,0,,,,0.24881667,0.0,0.0,0.0,416.17
5,10,6,0,,,,0.25098333,0.0,0.0,0.0,564.61
5,11,6,0,,,,0.3107375,0.0,0.0,0.0,664.75
5,12,6,0,,,,0.7503167,0.0,0.0,0.0,471.08
5,13,6,0,,,,0.36448333,0.0,0.0,0.0,652.31
5,14,6,0,,,,0.4808,0.0,0.0,0.0,323.02
5,15,6,0,,,,0.8016,0.0,0.0,0.0,485.83
5,16,6,0,,,,0.50668335,0.0,0.0,0.0,329.28
5,17,6,0,,,,0.50335,0.0,0.0,0.0,214.66
5,18,6,0,,,,0.47261667,0.0,0.0,0.0,77.38
5,19,6,0,,,,0.7001167,0.0,0.0,0.0,5.39
5,20,6,0,,,,0.977775,0.0,0.0,0.0,0.0
5,21,6,0,,,,1.4535834,0.0,0.0,0.0,0.0
5,22,6,0,,,,1.7169666,0.0,0.0,0.0,0.0
5,23,6,0,,,,3.7011833,0.0,0.0,0.0,0.0
5,24,6,0,,,,4.0054336,0.0,0.0,0.0,0.0
5,1,7,0,,,,4.1264834,0.0,0.0,0.0,0.0
5,2,7,0,,,,3.0434723,0.0,0.0,0.0,0.0
5,3,7,0,,,,0.59963334,0.0,0.0,0.0,0.0
5,4,7,0,,,,0.60280555,0.0,0.0,0.0,0.0
5,5,7,0,,,,0.73578334,0.0,0.0,0.0,0.0
5,6,7,0,,,,0.5226333,0.0,0.0,0.0,0.51
5,7,7,0,,,,0.31579444,0.0,0.0,0.0,7.3
5,8,7,0,,,,0.32181665,0.0,0.0,0.0,37.84
5,9,7,0,,,,0.27126667,0.0,0.0,0.0,162.29
5,10,7,0,,,,0.25068334,0.0,0.0,0.0,401.91
5,11,7,0,,,,0.25345,0.0,0.0,0.0,556.47
5,12,7,0,,,,0.27273333,0.0,0.0,0.0,790.03
5,13,7,0,,,,0.32221666,0.0,0.0,0.0,704.15
5,14,7,0,,,,0.70788336,0.0,0.0,0.0,474.46
5,15,7,0,,,,0.5314611,0.0,0.0,0.0,340.23
5,16,7,0,,,,0.55303335,0.0,0.0,0.0,237.46
5,17,7,0,,,,3.4803555,0.0,0.0,0.0,366.75
5,18,7,0,,,,0.49523333,0.0,0.0,0.0,101.29
5,19,7,0,,,,3.06755,0.0,0.0,0.0,39.57
5,20,7,0,,,,5.3097167,0.0,0.0,0.0,0.0
5,21,7,0,,,,4.714272,0.0,0.0,0.0,0.0
5,22,7,0,,,,2.9607334,0.0,0.0,0.0,0.0
5,23,7,0,,,,0.7937667,0.0,0.0,0.0,0.0
5,24,7,0,,,,1.1412166,0.0,0.0,0.0,0.0
5,1,1,0,,,,1.0657222,0.0,0.0,0.0,0.0
5,2,1,0,,,,0.5953,0.0,0.0,0.0,0.0
5,3,1,0,,,,0.48312777,0.0,0.0,0.0,0.0
5,4,1,0,,,,1.6881666,0.0,0.0,0.0,0.0
5,5,1,0,,,,1.1634111,0.0,0.0,0.0,0.0
5,6,1,0,,,,1.11055,0.0,0.0,0.0,0.17
5,7,1,0,,,,0.937975,0.0,0.0,0.0,60.97
5,8,1,0,,,,0.56481665,0.0,0.0,0.0,114.59
5,9,1,0,,,,0.80707777,0.0,0.0,0.0,288.78
5,10,1,0,,,,0.95928335,0.0,0.0,0.0,579.76
5,11,1,0,,,,0.85301113,0.0,0.0,0.0,541.52
5,12,1,0,,,,0.875,0.0,0.0,0.0,583.22
5,13,1,0,,,,0.31135,0.0,0.0,0.0,643.37
5,14,1,0,,,,2.1738834,0.0,0.0,0.0,506.28
5,15,1,0,,,,2.955889,0.0,0.0,0.0,209.97
5,16,1,0,,,,0.73855,0.0,0.0,0.0,65.63
5,17,1,0,,,,1.9341,0.0,0.0,0.0,211.68
5,18,1,0,,,,4.396333,0.0,0.0,0.0,156.93
5,19,1,0,,,,4.0028667,0.0,0.0,0.0,44.0
5,20,1,0,,,,4.5614333,0.0,0.0,0.0,0.0
5,21,1,0,,,,3.1425,0.0,0.0,0.0,0.0
5,22,1,0,,,,2.3752167,0.0,0.0,0.0,0.0
5,23,1,0,,,,1.0587,0.0,0.0,0.0,0.0
5,24,1,0,,,,1.1161389,0.0,0.0,0.0,0.0
5,1,2,0,,,,1.18815,0.0,0.0,0.0,0.0
5,2,2,0,,,,0.7472917,0.0,0.0,0.0,0.0
5,3,2,0,,,,0.76713336,0.0,0.0,0.0,0.0
5,4,2,0,,,,1.70355,0.0,0.0,0.0,0.0
5,5,2,0,,,,2.18225,0.0,0.0,0.0,0.0
5,6,2,0,,,,1.7565167,0.0,0.0,0.0,14.18
5,7,2,0,,,,1.1541834,0.0,0.0,0.0,32.87
5,8,2,0,,,,0.9762333,0.0,0.0,0.0,163.26
5,9,2,0,,,,1.4098834,0.0,0.0,0.0,109.8
5,10,2,0,,,,0.78751665,0.0,0.0,0.0,382.5
5,11,2,0,,,,0.24901667,0.0,0.0,0.0,610.85
5,12,2,0,,,,0.25236666,0.0,0.0,0.0,450.24
5,13,2,0,,,,0.32301667,0.0,0.0,0.0,670.81
5,14,2,0,,,,0.4219,0.0,0.0,0.0,506.68
5,15,2,0,,,,0.39706665,0.0,0.0,0.0,401.53
5,16,2,0,,,,3.4898834,0.0,0.0,0.0,239.49
5,17,2,0,,,,2.4023833,0.0,0.0,0.0,185.01
5,18,2,0,,,,2.1600168,0.0,0.0,0.0,100.48
5,19,2,0,,,,1.7353166,0.0,0.0,0.0,41.49
5,20,2,0,,,,1.715,0.0,0.0,0.0,0.0
5,21,2,0,,,,1.5509833,0.0,0.0,0.0,0.0
5,22,2,0,,,,2.7204666,0.0,0.0,0.0,0.0
5,23,2,0,,,,4.262017,0.0,0.0,0.0,0.0
5,24,2,0,,,,4.3556914,0.0,0.0,0.0,0.0
5,1,3,0,,,,5.383867,0.0,0.0,0.0,0.0
5,2,3,0,,,,3.5567,0.0,0.0,0.0,0.0
5,3,3,0,,,,0.42333335,0.0,0.0,0.0,0.0
5,4,3,0,,,,0.3371,0.0,0.0,0.0,0.0
5,5,3,0,,,,0.24951667,0.0,0.0,0.0,0.0
5,6,3,0,,,,0.22905,0.0,0.0,0.0,4.42
5,7,3,0,,,,0.2449,0.0,0.0,0.0,97.81
5,8,3,0,,,,0.24725,0.0,0.0,0.0,33.98
5,9,3,0,,,,0.2439,0.0,0.0,0.0,270.18
5,10,3,0,,,,0.26641667,0.0,0.0,0.0,617.08
5,11,3,0,,,,0.33556667,0.0,0.0,0.0,652.77
5,12,3,0,,,,0.25475,0.0,0.0,0.0,773.43
5,13,3,0,,,,0.3646,0.0,0.0,0.0,764.08
5,14,3,0,,,,1.4920334,0.0,0.0,0.0,478.25
5,15,3,0,,,,3.5086167,0.0,0.0,0.0,456.29
5,16,3,0,,,,0.6298,0.0,0.0,0.0,325.95
5,17,3,0,,,,0.8347667,0.0,0.0,0.0,298.36
5,18,3,0,,,,3.1587777,0.0,0.0,0.0,154.02
5,19,3,0,,,,1.6036834,0.0,0.0,0.0,46.0
5,20,3,0,,,,0.97235,0.0,0.0,0.0,0.12
5,21,3,0,,,,1.7405666,0.0,0.0,0.0,0.0
5,22,3,0,,,,2.6854112,0.0,0.0,0.0,0.0
5,23,3,0,,,,0.59875,0.0,0.0,0.0,0.0
5,24,3,0,,,,0.59751946,0.0,0.0,0.0,0.0
5,1,4,0,,,,0.61738336,0.0,0.0,0.0,0.0
5,2,4,0,,,,4.3225164,0.0,0.0,0.0,0.0
5,3,4,0,,,,4.5128055,0.0,0.0,0.0,0.0
5,4,4,0,,,,2.7057834,0.0,0.0,0.0,0.0
5,5,4,0,,,,2.1938667,0.0,0.0,0.0,0.0
5,6,4,0,,,,1.9062,0.0,0.0,0.0,0.49
5,7,4,0,,,,1.3892167,0.0,0.0,0.0,98.23
5,8,4,0,,,,1.61255,0.0,0.0,0.0,217.68
5,9,4,0,,,,0.7574833,0.0,0.0,0.0,415.35
5,10,4,0,,,,1.2729833,0.0,0.0,0.0,506.83
5,11,4,0,,,,0.8682167,0.0,0.0,0.0,643.8
5,12,4,0,,,,1.3460389,0.0,0.0,0.0,789.11
5,13,4,0,,,,1.8871833,0.0,0.0,0.0,820.94
5,14,4,0,,,,1.5793945,0.0,0.0,0.0,698.47
5,15,4,0,,,,1.9143833,0.0,0.0,0.0,637.38
5,16,4,0,,,,0.4146,0.0,0.0,0.0,465.56
5,17,4,0,,,,0.5552833,0.0,0.0,0.0,325.83
5,18,4,0,,,,0.80413336,0.0,0.0,0.0,150.9
5,19,4,0,,,,0.5913333,0.0,0.0,0.0,46.12
5,20,4,0,,,,0.41641667,0.0,0.0,0.0,0.0
5,21,4,0,,,,0.46395,0.0,0.0,0.0,0.0
5,22,4,0,,,,0.69305,0.0,0.0,0.0,0.0
5,23,4,0,,,,0.64552224,0.0,0.0,0.0,0.0
5,24,4,0,,,,0.57915,0.0,0.0,0.0,0.0
5,1,5,0,,,,0.73852223,0.0,0.0,0.0,0.0
5,2,5,0,,,,0.7308,0.0,0.0,0.0,0.0
5,3,5,0,,,,0.29516667,0.0,0.0,0.0,0.0
5,4,5,0,,,,0.2617,0.0,0.0,0.0,0.0
5,5,5,0,,,,0.26164445,0.0,0.0,0.0,0.0
5,6,5,0,,,,0.25155,0.0,0.0,0.0,25.89
5,7,5,0,,,,0.25519446,0.0,0.0,0.0,91.6
5,8,5,0,,,,0.2571,0.0,0.0,0.0,294.89
5,9,5,0,,,,0.26015556,0.0,0.0,0.0,481.11
5,10,5,0,,,,0.296475,0.0,0.0,0.0,640.21
5,11,5,0,,,,0.45311666,0.0,0.0,0.0,749.52
5,12,5,0,,,,3.85905,0.0,0.0,0.0,802.91
5,13,5,0,,,,1.3807666,0.0,0.0,0.0,824.62
5,14,5,0,,,,1.074,0.0,0.0,0.0,763.1
5,15,5,0,,,,1.7481834,0.0,0.0,0.0,693.75
5,16,5,0,,,,1.2347555,0.0,0.0,0.0,553.23
5,17,5,0,,,,2.7276,0.0,0.0,0.0,377.72
5,18,5,0,,,,2.5035112,0.0,0.0,0.0,170.77
5,19,5,0,,,,1.5336334,0.0,0.0,0.0,42.81
5,20,5,0,,,,0.71088886,0.0,0.0,0.0,2.42
5,21,5,0,,,,0.46313334,0.0,0.0,0.0,0.0
5,22,5,0,,,,0.8569555,0.0,0.0,0.0,0.0
5,23,5,0,,,,0.71125,0.0,0.0,0.0,0.0
5,24,5,0,,,,0.7507806,0.0,0.0,0.0,0.0
5,1,6,0,,,,0.8499,0.0,0.0,0.0,0.0
5,2,6,0,,,,0.4823111,0.0,0.0,0.0,0.0
5,3,6,0,,,,0.408,0.0,0.0,0.0,0.0
5,4,6,0,,,,0.29373333,0.0,0.0,0.0,0.0
5,5,6,0,,,,0.26661667,0.0,0.0,0.0,0.0
5,6,6,0,,,,0.25744444,0.0,0.0,0.0,24.35
5,7,6,0,,,,0.25888333,0.0,0.0,0.0,91.79
5,8,6,0,,,,0.26562777,0.0,0.0,0.0,290.3
5,9,6,0,,,,0.2662,0.0,0.0,0.0,474.04
5,10,6,0,,,,0.25303057,0.0,0.0,0.0,627.77
5,11,6,0,,,,0.22801666,0.0,0.0,0.0,738.19
5,12,6,0,,,,0.29933333,0.0,0.0,0.0,798.02
5,13,6,0,,,,0.29838333,0.0,0.0,0.0,799.86
5,14,6,0,,,,0.31724167,0.0,0.0,0.0,764.4
5,15,6,0,,,,0.3603,0.0,0.0,0.0,687.4
5,16,6,0,,,,0.6295056,0.0,0.0,0.0,547.75
5,17,6,0,,,,0.8620833,0.0,0.0,0.0,367.92
5,18,6,0,,,,0.80324167,0.0,0.0,0.0,170.24
5,19,6,0,,,,0.5761833,0.0,0.0,0.0,46.62
5,20,6,0,,,,0.40565,0.0,0.0,0.0,6.27
5,21,6,0,,,,0.6587833,0.0,0.0,0.0,0.0
5,22,6,0,,,,1.6399333,0.0,0.0,0.0,0.0
5,23,6,0,,,,7.2454333,0.0,0.0,0.0,0.0
5,24,6,0,,,,4.874125,0.0,0.0,0.0,0.0
5,1,7,0,,,,4.6137166,0.0,0.0,0.0,0.0
5,2,7,0,,,,2.34655,0.0,0.0,0.0,0.0
5,3,7,0,,,,1.12415,0.0,0.0,0.0,0.0
5,4,7,0,,,,0.55565,0.0,0.0,0.0,0.0
5,5,7,0,,,,0.67588335,0.0,0.0,0.0,0.0
5,6,7,0,,,,0.28156668,0.0,0.0,0.0,0.83
5,7,7,0,,,,0.28785,0.0,0.0,0.0,66.12
5,8,7,0,,,,0.2929889,0.0,0.0,0.0,120.52
5,9,7,0,,,,0.29435,0.0,0.0,0.0,48.26
5,10,7,0,,,,0.261,0.0,0.0,0.0,84.92
5,11,7,0,,,,0.226775,0.0,0.0,0.0,236.49
5,12,7,0,,,,0.22398333,0.0,0.0,0.0,426.8
5,13,7,0,,,,0.25042778,0.0,0.0,0.0,421.37
5,14,7,0,,,,1.3220333,0.0,0.0,0.0,206.0
5,15,7,0,,,,2.8909082,0.0,0.0,0.0,247.7
5,16,7,0,,,,0.40441668,0.0,0.0,0.0,314.85
5,17,7,0,,,,0.40237778,0.0,0.0,0.0,319.27
5,18,7,0,,,,6.176183,0.0,0.0,0.0,168.96
5,19,7,0,,,,5.4017057,0.0,0.0,0.0,31.49
5,20,7,0,,,,5.8351665,0.0,0.0,0.0,6.93
5,21,7,0,,,,5.5333557,0.0,0.0,0.0,0.0
5,22,7,0,,,,1.2267,0.0,0.0,0.0,0.0
5,23,7,0,,,,1.8895389,0.0,0.0,0.0,0.0
5,24,7,0,,,,1.5071666,0.0,0.0,0.0,0.0
5,1,1,0,,,,1.0937945,0.0,0.0,0.0,0.0
5,2,1,0,,,,0.71835,0.0,0.0,0.0,0.0
5,3,1,0,,,,0.23356111,0.0,0.0,0.0,0.0
5,4,1,0,,,,0.27185,0.0,0.0,0.0,0.0
5,5,1,0,,,,0.30657223,0.0,0.0,0.0,0.0
5,6,1,0,,,,0.29716668,0.0,0.0,0.0,26.03
5,7,1,0,,,,0.30191666,0.0,0.0,0.0,98.48
5,8,1,0,,,,0.30813333,0.0,0.0,0.0,286.94
5,9,1,0,,,,0.3134889,0.0,0.0,0.0,461.92
5,10,1,0,,,,0.31668332,0.0,0.0,0.0,609.47
5,11,1,0,,,,0.3206722,0.0,0.0,0.0,693.08
5,12,1,0,,,,0.35940832,0.0,0.0,0.0,734.46
5,13,1,0,,,,0.49511668,0.0,0.0,0.0,668.29
5,14,1,0,,,,0.63795,0.0,0.0,0.0,659.32
5,15,1,0,,,,1.3486834,0.0,0.0,0.0,174.89
5,16,1,0,,,,4.2996,0.0,0.0,0.0,241.14
5,17,1,0,,,,1.1269166,0.0,0.0,0.0,79.64
5,18,1,0,,,,4.06795,0.0,0.0,0.0,157.42
5,19,1,0,,,,5.454167,0.0,0.0,0.0,50.61
5,20,1,0,,,,5.1558,0.0,0.0,0.0,0.14
5,21,1,0,,,,5.2964334,0.0,0.0,0.0,0.0
5,22,1,0,,,,1.4130334,0.0,0.0,0.0,0.0
5,23,1,0,,,,1.1602,0.0,0.0,0.0,0.0
5,24,1,0,,,,0.7461333,0.0,0.0,0.0,0.0
5,1,2,0,,,,0.77571666,0.0,0.0,0.0,0.0
5,2,2,0,,,,0.75621665,0.0,0.0,0.0,0.0
5,3,2,0,,,,0.8622222,0.0,0.0,0.0,0.0
5,4,2,0,,,,0.73255,0.0,0.0,0.0,0.0
5,5,2,0,,,,0.8332667,0.0,0.0,0.0,0.0
5,6,2,0,,,,0.61806667,0.0,0.0,0.0,0.86
5,7,2,0,,,,0.303,0.0,0.0,0.0,98.23
5,8,2,0,,,,0.29748333,0.0,0.0,0.0,269.37
5,9,2,0,,,,0.27410832,0.0,0.0,0.0,446.38
5,10,2,0,,,,0.2261,0.0,0.0,0.0,597.65
5,11,2,0,,,,0.22558333,0.0,0.0,0.0,679.14
5,12,2,0,,,,0.44365,0.0,0.0,0.0,674.03
5,13,2,0,,,,1.56465,0.0,0.0,0.0,361.68
5,14,2,0,,,,1.4294,0.0,0.0,0.0,275.19
5,15,2,0,,,,1.4542667,0.0,0.0,0.0,562.53
5,16,2,0,,,,2.1396666,0.0,0.0,0.0,490.95
5,17,2,0,,,,2.25595,0.0,0.0,0.0,143.46
5,18,2,0,,,,2.052725,0.0,0.0,0.0,11.71
5,19,2,0,,,,4.9215665,0.0,0.0,0.0,32.46
5,20,2,0,,,,2.2631166,0.0,0.0,0.0,8.49
5,21,2,0,,,,0.5263,0.0,0.0,0.0,0.0
5,22,2,0,,,,3.65965,0.0,0.0,0.0,0.0
5,23,2,0,,,,3.9619417,0.0,0.0,0.0,0.0
5,24,2,0,,,,4.248775,0.0,0.0,0.0,0.0
5,1,3,0,,,,0.93465,0.0,0.0,0.0,0.0
5,2,3,0,,,,0.45585,0.0,0.0,0.0,0.0
5,3,3,0,,,,0.2634,0.0,0.0,0.0,0.0
5,4,3,0,,,,0.22666667,0.0,0.0,0.0,0.0
5,5,3,0,,,,0.24441667,0.0,0.0,0.0,0.0
5,6,3,0,,,,0.26086667,0.0,0.0,0.0,0.87
5,7,3,0,,,,0.2661,0.0,0.0,0.0,97.84
5,8,3,0,,,,0.26775,0.0,0.0,0.0,279.55
5,9,3,0,,,,0.26891667,0.0,0.0,0.0,279.45
5,10,3,0,,,,0.2714,0.0,0.0,0.0,524.88
5,11,3,0,,,,0.8069,0.0,0.0,0.0,491.32
5,12,3,0,,,,0.84758335,0.0,0.0,0.0,404.91
5,13,3,0,,,,0.53171664,0.0,0.0,0.0,499.77
5,14,3,0,,,,0.22929722,0.0,0.0,0.0,556.32
5,15,3,0,,,,0.26951668,0.0,0.0,0.0,320.78
5,16,3,0,,,,1.6271,0.0,0.0,0.0,340.32
5,17,3,0,,,,0.26741666,0.0,0.0,0.0,0.0
5,18,3,0,,,,0.22203334,0.0,0.0,0.0,119.89
5,19,3,0,,,,1.0434166,0.0,0.0,0.0,54.19
5,20,3,0,,,,4.39185,0.0,0.0,0.0,0.0
5,21,3,0,,,,5.507983,0.0,0.0,0.0,0.0
5,22,3,0,,,,4.458017,0.0,0.0,0.0,0.0
5,23,3,0,,,,4.1281667,0.0,0.0,0.0,0.0
5,24,3,0,,,,2.1029916,0.0,0.0,0.0,0.0
5,1,4,0,,,,2.0622,0.0,0.0,0.0,0.0
5,2,4,0,,,,0.8601,0.0,0.0,0.0,0.0
5,3,4,0,,,,0.49291667,0.0,0.0,0.0,0.0
5,4,4,0,,,,0.2974,0.0,0.0,0.0,0.0
5,5,4,0,,,,0.27186668,0.0,0.0,0.0,0.0
5,6,4,0,,,,0.25376666,0.0,0.0,0.0,1.25
5,7,4,0,,,,0.26398334,0.0,0.0,0.0,83.72
5,8,4,0,,,,0.26253334,0.0,0.0,0.0,209.66
5,9,4,0,,,,0.26495,0.0,0.0,0.0,386.94
5,10,4,0,,,,0.2682,0.0,0.0,0.0,319.41
5,11,4,0,,,,0.26983333,0.0,0.0,0.0,411.72
5,12,4,0,,,,0.33033332,0.0,0.0,0.0,418.14
5,13,4,0,,,,0.7194167,0.0,0.0,0.0,611.11
5,14,4,0,,,,1.0624,0.0,0.0,0.0,348.78
5,15,4,0,,,,1.0084167,0.0,0.0,0.0,99.21
5,16,4,0,,,,2.5404334,0.0,0.0,0.0,320.46
5,17,4,0,,,,2.35225,0.0,0.0,0.0,64.89
5,18,4,0,,,,0.6602167,0.0,0.0,0.0,66.27
5,19,4,0,,,,1.7838167,0.0,0.0,0.0,27.34
5,20,4,0,,,,3.7411335,0.0,0.0,0.0,0.0
5,21,4,0,,,,3.6809056,0.0,0.0,0.0,0.0
5,22,4,0,,,,3.7746334,0.0,0.0,0.0,0.0
5,23,4,0,,,,1.0934944,0.0,0.0,0.0,0.0
5,24,4,0,,,,0.367975,0.0,0.0,0.0,0.0
5,1,5,0,,,,0.36725,0.0,0.0,0.0,0.0
5,2,5,0,,,,0.32743335,0.0,0.0,0.0,0.0
5,3,5,0,,,,0.27545,0.0,0.0,0.0,0.0
5,4,5,0,,,,0.26548332,0.0,0.0,0.0,0.0
5,5,5,0,,,,0.2628,0.0,0.0,0.0,0.0
5,6,5,0,,,,0.25898334,0.0,0.0,0.0,5.5
5,7,5,0,,,,0.26253334,0.0,0.0,0.0,101.66
5,8,5,0,,,,0.26411667,0.0,0.0,0.0,295.54
5,9,5,0,,,,0.2668,0.0,0.0,0.0,487.21
5,10,5,0,,,,0.2713111,0.0,0.0,0.0,636.14
5,11,5,0,,,,0.29796666,0.0,0.0,0.0,658.51
5,12,5,0,,,,0.5449333,0.0,0.0,0.0,665.76
5,13,5,0,,,,0.46403334,0.0,0.0,0.0,666.41
5,14,5,0,,,,0.6705,0.0,0.0,0.0,612.37
5,15,5,0,,,,0.60831666,0.0,0.0,0.0,592.08
5,16,5,0,,,,0.7650167,0.0,0.0,0.0,523.3
5,17,5,0,,,,0.73965,0.0,0.0,0.0,357.92
5,18,5,0,,,,2.8292665,0.0,0.0,0.0,181.31
5,19,5,0,,,,4.1656,0.0,0.0,0.0,45.58
5,20,5,0,,,,2.8864834,0.0,0.0,0.0,10.29
5,21,5,0,,,,1.0288389,0.0,0.0,0.0,0.0
5,22,5,0,,,,0.88531667,0.0,0.0,0.0,0.0
5,23,5,0,,,,1.8866,0.0,0.0,0.0,0.0
5,24,5,0,,,,0.77955,0.0,0.0,0.0,0.0
5,1,6,0,,,,2.4368,0.0,0.0,0.0,0.0
5,2,6,0,,,,1.6162722,0.0,0.0,0.0,0.0
5,3,6,0,,,,2.2540667,0.0,0.0,0.0,0.0
5,4,6,0,,,,1.4231639,0.0,0.0,0.0,0.0
5,5,6,0,,,,2.2637167,0.0,0.0,0.0,0.0
5,6,6,0,,,,1.6249666,0.0,0.0,0.0,16.2
5,7,6,0,,,,1.38505,0.0,0.0,0.0,106.41
5,8,6,0,,,,0.99710554,0.0,0.0,0.0,269.41
5,9,6,0,,,,1.2794833,0.0,0.0,0.0,424.84
5,10,6,0,,,,1.2952722,0.0,0.0,0.0,596.39
5,11,6,0,,,,0.7841333,0.0,0.0,0.0,682.9
5,12,6,0,,,,0.75303334,0.0,0.0,0.0,740.18
5,13,6,0,,,,0.75365,0.0,0.0,0.0,700.54
5,14,6,0,,,,0.51346666,0.0,0.0,0.0,396.5
5,15,6,0,,,,0.43551666,0.0,0.0,0.0,523.55
5,16,6,0,,,,0.44840834,0.0,0.0,0.0,275.12
5,17,6,0,,,,0.42563334,0.0,0.0,0.0,337.13
5,18,6,0,,,,0.42072222,0.0,0.0,0.0,162.41
5,19,6,0,,,,0.5509667,0.0,0.0,0.0,54.39
5,20,6,0,,,,0.8342,0.0,0.0,0.0,10.07
5,21,6,0,,,,1.4506167,0.0,0.0,0.0,0.0
5,22,6,0,,,,2.6501834,0.0,0.0,0.0,0.0
5,23,6,0,,,,4.2922335,0.0,0.0,0.0,0.0
5,24,6,0,,,,4.9042335,0.0,0.0,0.0,0.0
5,1,7,0,,,,4.9701276,0.0,0.0,0.0,0.0
5,2,7,0,,,,3.1071,0.0,0.0,0.0,0.0
5,3,7,0,,,,1.4428222,0.0,0.0,0.0,0.0
5,4,7,0,,,,0.8158,0.0,0.0,0.0,0.0
5,5,7,0,,,,1.1122222,0.0,0.0,0.0,0.0
5,6,7,0,,,,1.1897,0.0,0.0,0.0,19.61
5,7,7,0,,,,1.2212389,0.0,0.0,0.0,103.89
5,8,7,0,,,,0.7187833,0.0,0.0,0.0,278.67
5,9,7,0,,,,1.1066111,0.0,0.0,0.0,462.83
5,10,7,0,,,,0.6349667,0.0,0.0,0.0,616.16
5,11,7,0,,,,0.62696666,0.0,0.0,0.0,688.6
5,12,7,0,,,,0.230325,0.0,0.0,0.0,671.87
5,13,7,0,,,,0.44086668,0.0,0.0,0.0,592.8
5,14,7,0,,,,0.2939278,0.0,0.0,0.0,518.24
5,15,7,0,,,,4.1632,0.0,0.0,0.0,320.59
5,16,7,0,,,,5.8472834,0.0,0.0,0.0,372.46
5,17,7,0,,,,5.9549084,0.0,0.0,0.0,329.89
5,18,7,0,,,,5.356283,0.0,0.0,0.0,159.51
5,19,7,0,,,,1.32355,0.0,0.0,0.0,49.07
5,20,7,0,,,,0.42868334,0.0,0.0,0.0,11.15
5,21,7,0,,,,0.6714,0.0,0.0,0.0,0.0
5,22,7,0,,,,0.6971111,0.0,0.0,0.0,0.0
5,23,7,0,,,,1.1711833,0.0,0.0,0.0,0.0
5,24,7,0,,,,1.9571944,0.0,0.0,0.0,0.0
5,1,1,0,,,,1.4304,0.0,0.0,0.0,0.0
5,2,1,0,,,,1.3278111,0.0,0.0,0.0,0.0
5,3,1,0,,,,0.8533,0.0,0.0,0.0,0.0
5,4,1,0,,,,0.72522223,0.0,0.0,0.0,0.0
5,5,1,0,,,,0.83863336,0.0,0.0,0.0,0.0
5,6,1,0,,,,0.47728333,0.0,0.0,0.0,22.11
5,7,1,0,,,,0.35065,0.0,0.0,0.0,39.63
5,8,1,0,,,,0.34235555,0.0,0.0,0.0,272.35
5,9,1,0,,,,0.34066668,0.0,0.0,0.0,383.92
5,10,1,0,,,,0.33676112,0.0,0.0,0.0,599.77
5,11,1,0,,,,0.27063334,0.0,0.0,0.0,711.5
5,12,1,0,,,,0.26531667,0.0,0.0,0.0,781.04
5,13,1,0,,,,0.26791668,0.0,0.0,0.0,710.3
5,14,1,0,,,,0.229825,0.0,0.0,0.0,710.95
5,15,1,0,,,,2.7574,0.0,0.0,0.0,168.35
5,16,1,0,,,,7.8385444,0.0,0.0,0.0,179.71
5,17,1,0,,,,5.6363835,0.0,0.0,0.0,242.9
5,18,1,0,,,,4.0055056,0.0,0.0,0.0,82.26
5,19,1,0,,,,1.776975,0.0,0.0,0.0,55.33
5,20,1,0,,,,2.6371167,0.0,0.0,0.0,11.14
5,21,1,0,,,,0.6372833,0.0,0.0,0.0,0.0
5,22,1,0,,,,0.6921667,0.0,0.0,0.0,0.0
5,23,1,0,,,,0.65093887,0.0,0.0,0.0,0.0
5,24,1,0,,,,0.6217,0.0,0.0,0.0,0.0
5,1,2,0,,,,0.60849446,0.0,0.0,0.0,0.0
5,2,2,0,,,,0.55145,0.0,0.0,0.0,0.0
5,3,2,0,,,,0.69063336,0.0,0.0,0.0,0.0
5,4,2,0,,,,0.5226833,0.0,0.0,0.0,0.0
5,5,2,0,,,,0.4806,0.0,0.0,0.0,0.0
5,6,2,0,,,,0.46631667,0.0,0.0,0.0,35.63
5,7,2,0,,,,0.41941667,0.0,0.0,0.0,93.92
5,8,2,0,,,,0.40466666,0.0,0.0,0.0,281.7
5,9,2,0,,,,0.30741668,0.0,0.0,0.0,448.86
5,10,2,0,,,,0.27471668,0.0,0.0,0.0,489.08
5,11,2,0,,,,0.274075,0.0,0.0,0.0,651.28
5,12,2,0,,,,0.54181665,0.0,0.0,0.0,602.74
5,13,2,0,,,,0.67087775,0.0,0.0,0.0,400.41
5,14,2,0,,,,0.7031083,0.0,0.0,0.0,471.54
5,15,2,0,,,,0.7938,0.0,0.0,0.0,414.36
5,16,2,0,,,,0.8128333,0.0,0.0,0.0,351.06
5,17,2,0,,,,0.41083333,0.0,0.0,0.0,321.09
5,18,2,0,,,,0.29333332,0.0,0.0,0.0,172.59
5,19,2,0,,,,1.5579333,0.0,0.0,0.0,57.51
5,20,2,0,,,,1.6863723,0.0,0.0,0.0,1.55
5,21,2,0,,,,0.88645,0.0,0.0,0.0,0.0
5,22,2,0,,,,1.5219778,0.0,0.0,0.0,0.0
5,23,2,0,,,,3.4777334,0.0,0.0,0.0,0.0
5,24,2,0,,,,4.278803,0.0,0.0,0.0,0.0
5,1,3,0,,,,5.04735,0.0,0.0,0.0,0.0
5,2,3,0,,,,4.139,0.0,0.0,0.0,0.0
5,3,3,0,,,,0.94738334,0.0,0.0,0.0,0.0
5,4,3,0,,,,0.9746,0.0,0.0,0.0,0.0
5,5,3,0,,,,0.83648336,0.0,0.0,0.0,0.0
5,6,3,0,,,,1.1325667,0.0,0.0,0.0,1.22
5,7,3,0,,,,0.7684917,0.0,0.0,0.0,19.82
5,8,3,0,,,,0.9622,0.0,0.0,0.0,64.82
5,9,3,0,,,,0.6369,0.0,0.0,0.0,249.85
5,10,3,0,,,,0.74486667,0.0,0.0,0.0,596.35
5,11,3,0,,,,0.5590278,0.0,0.0,0.0,700.21
5,12,3,0,,,,0.41865,0.0,0.0,0.0,728.99
5,13,3,0,,,,2.9932778,0.0,0.0,0.0,724.59
5,14,3,0,,,,0.61195,0.0,0.0,0.0,611.82
5,15,3,0,,,,0.69166666,0.0,0.0,0.0,629.64
5,16,3,0,,,,0.47876668,0.0,0.0,0.0,518.02
5,17,3,0,,,,0.58670557,0.0,0.0,0.0,358.14
5,18,3,0,,,,2.4170833,0.0,0.0,0.0,178.77
5,19,3,0,,,,0.87261665,0.0,0.0,0.0,59.25
5,20,3,0,,,,1.0476611,0.0,0.0,0.0,1.56
5,21,3,0,,,,2.1577,0.0,0.0,0.0,0.0
5,22,3,0,,,,4.1380835,0.0,0.0,0.0,0.0
5,23,3,0,,,,3.9883168,0.0,0.0,0.0,0.0
5,24,3,0,,,,4.1499195,0.0,0.0,0.0,0.0
6,1,4,0,,,,1.1671,0.0,0.0,0.0,0.0
6,2,4,0,,,,0.6317111,0.0,0.0,0.0,0.0
6,3,4,0,,,,0.6171833,0.0,0.0,0.0,0.0
6,4,4,0,,,,1.0158445,0.0,0.0,0.0,0.0
6,5,4,0,,,,0.64395,0.0,0.0,0.0,0.0
6,6,4,0,,,,0.9834333,0.0,0.0,0.0,1.63
6,7,4,0,,,,0.7046,0.0,0.0,0.0,101.88
6,8,4,0,,,,0.6389722,0.0,0.0,0.0,207.69
6,9,4,0,,,,0.6239667,0.0,0.0,0.0,467.3
6,10,4,0,,,,0.8905611,0.0,0.0,0.0,559.41
6,11,4,0,,,,0.5683,0.0,0.0,0.0,657.04
6,12,4,0,,,,0.8955,0.0,0.0,0.0,674.11
6,13,4,0,,,,1.5121722,0.0,0.0,0.0,679.42
6,14,4,0,,,,4.4953666,0.0,0.0,0.0,683.07
6,15,4,0,,,,1.2383,0.0,0.0,0.0,647.73
6,16,4,0,,,,0.6807167,0.0,0.0,0.0,527.57
6,17,4,0,,,,0.31306666,0.0,0.0,0.0,368.56
6,18,4,0,,,,0.25516668,0.0,0.0,0.0,179.42
6,19,4,0,,,,0.24896666,0.0,0.0,0.0,47.26
6,20,4,0,,,,2.2774832,0.0,0.0,0.0,13.5
6,21,4,0,,,,4.402694,0.0,0.0,0.0,0.0
6,22,4,0,,,,4.1553,0.0,0.0,0.0,0.0
6,23,4,0,,,,3.474489,0.0,0.0,0.0,0.0
6,24,4,0,,,,0.45988333,0.0,0.0,0.0,0.0
6,1,5,0,,,,0.6607889,0.0,0.0,0.0,0.0
6,2,5,0,,,,0.51015,0.0,0.0,0.0,0.0
6,3,5,0,,,,0.65262777,0.0,0.0,0.0,0.0
6,4,5,0,,,,0.9805667,0.0,0.0,0.0,0.0
6,5,5,0,,,,0.6210167,0.0,0.0,0.0,0.0
6,6,5,0,,,,0.6087667,0.0,0.0,0.0,1.63
6,7,5,0,,,,0.92239445,0.0,0.0,0.0,8.91
6,8,5,0,,,,0.61865,0.0,0.0,0.0,52.42
6,9,5,0,,,,0.24811111,0.0,0.0,0.0,169.06
6,10,5,0,,,,0.89456666,0.0,0.0,0.0,422.03
6,11,5,0,,,,0.8899222,0.0,0.0,0.0,691.97
6,12,5,0,,,,1.0661666,0.0,0.0,0.0,774.05
6,13,5,0,,,,0.76703334,0.0,0.0,0.0,767.85
6,14,5,0,,,,2.50815,0.0,0.0,0.0,707.11
6,15,5,0,,,,4.012,0.0,0.0,0.0,661.04
6,16,5,0,,,,2.9760334,0.0,0.0,0.0,535.62
6,17,5,0,,,,0.77045,0.0,0.0,0.0,367.9
6,18,5,0,,,,0.62995,0.0,0.0,0.0,181.03
6,19,5,0,,,,0.4374,0.0,0.0,0.0,47.96
6,20,5,0,,,,0.68726665,0.0,0.0,0.0,14.12
6,21,5,0,,,,1.0703833,0.0,0.0,0.0,0.0
6,22,5,0,,,,1.9534222,0.0,0.0,0.0,0.0
6,23,5,0,,,,0.81836665,0.0,0.0,0.0,0.0
6,24,5,0,,,,0.5493778,0.0,0.0,0.0,0.0
6,1,6,0,,,,0.40043333,0.0,0.0,0.0,0.0
6,2,6,0,,,,0.23002778,0.0,0.0,0.0,0.0
6,3,6,0,,,,0.22796667,0.0,0.0,0.0,0.0
6,4,6,0,,,,0.23181666,0.0,0.0,0.0,0.0
6,5,6,0,,,,0.21996666,0.0,0.0,0.0,0.0
6,6,6,0,,,,0.24827778,0.0,0.0,0.0,36.42
6,7,6,0,,,,0.2611,0.0,0.0,0.0,93.5
6,8,6,0,,,,0.26601112,0.0,0.0,0.0,284.73
6,9,6,0,,,,0.267,0.0,0.0,0.0,458.03
6,10,6,0,,,,0.26908332,0.0,0.0,0.0,599.43
6,11,6,0,,,,0.2463,0.0,0.0,0.0,699.31
6,12,6,0,,,,0.22865,0.0,0.0,0.0,614.35
6,13,6,0,,,,0.32175,0.0,0.0,0.0,623.28
6,14,6,0,,,,1.4977666,0.0,0.0,0.0,631.41
6,15,6,0,,,,0.41061667,0.0,0.0,0.0,452.89
6,16,6,0,,,,2.47915,0.0,0.0,0.0,113.14
6,17,6,0,,,,1.3456,0.0,0.0,0.0,156.88
6,18,6,0,,,,2.3723056,0.0,0.0,0.0,126.0
6,19,6,0,,,,3.646075,0.0,0.0,0.0,58.44
6,20,6,0,,,,1.4837333,0.0,0.0,0.0,7.26
6,21,6,0,,,,1.2704166,0.0,0.0,0.0,0.0
6,22,6,0,,,,1.5947555,0.0,0.0,0.0,0.0
6,23,6,0,,,,4.459717,0.0,0.0,0.0,0.0
6,24,6,0,,,,4.6201916,0.0,0.0,0.0,0.0
6,1,7,0,,,,4.10785,0.0,0.0,0.0,0.0
6,2,7,0,,,,1.8437889,0.0,0.0,0.0,0.0
6,3,7,0,,,,0.63313335,0.0,0.0,0.0,0.0
6,4,7,0,,,,0.41918334,0.0,0.0,0.0,0.0
6,5,7,0,,,,0.25826666,0.0,0.0,0.0,0.0
6,6,7,0,,,,0.25740278,0.0,0.0,0.0,35.62
6,7,7,0,,,,0.2593,0.0,0.0,0.0,96.65
6,8,7,0,,,,0.26382777,0.0,0.0,0.0,253.4
6,9,7,0,,,,0.26416665,0.0,0.0,0.0,442.11
6,10,7,0,,,,0.31671667,0.0,0.0,0.0,552.07
6,11,7,0,,,,0.52145,0.0,0.0,0.0,582.93
6,12,7,0,,,,0.4851889,0.0,0.0,0.0,628.32
6,13,7,0,,,,0.64556664,0.0,0.0,0.0,486.75
6,14,7,0,,,,1.0239583,0.0,0.0,0.0,576.39
6,15,7,0,,,,1.2609167,0.0,0.0,0.0,353.78
6,16,7,0,,,,1.8029,0.0,0.0,0.0,57.29
6,17,7,0,,,,6.41115,0.0,0.0,0.0,112.89
6,18,7,0,,,,3.5127168,0.0,0.0,0.0,24.39
6,19,7,0,,,,4.2143,0.0,0.0,0.0,37.65
6,20,7,0,,,,1.8907334,0.0,0.0,0.0,14.67
6,21,7,0,,,,1.1632333,0.0,0.0,0.0,0.0
6,22,7,0,,,,1.1529334,0.0,0.0,0.0,0.0
6,23,7,0,,,,0.6250611,0.0,0.0,0.0,0.0
6,24,7,0,,,,0.44378334,0.0,0.0,0.0,0.0
6,1,1,0,,,,0.4334611,0.0,0.0,0.0,0.0
6,2,1,0,,,,0.42865,0.0,0.0,0.0,0.0
6,3,1,0,,,,0.37585557,0.0,0.0,0.0,0.0
6,4,1,0,,,,0.26335,0.0,0.0,0.0,0.0
6,5,1,0,,,,0.26244444,0.0,0.0,0.0,0.0
6,6,1,0,,,,0.25933334,0.0,0.0,0.0,1.6
6,7,1,0,,,,0.26396668,0.0,0.0,0.0,27.99
6,8,1,0,,,,0.26330554,0.0,0.0,0.0,167.36
6,9,1,0,,,,0.26886666,0.0,0.0,0.0,232.89
6,10,1,0,,,,0.2704,0.0,0.0,0.0,534.78
6,11,1,0,,,,0.27233332,0.0,0.0,0.0,373.23
6,12,1,0,,,,0.36999443,0.0,0.0,0.0,679.51
6,13,1,0,,,,0.41328335,0.0,0.0,0.0,679.59
6,14,1,0,,,,0.6111389,0.0,0.0,0.0,749.15
6,15,1,0,,,,0.97838336,0.0,0.0,0.0,659.64
6,16,1,0,,,,0.43149167,0.0,0.0,0.0,495.39
6,17,1,0,,,,0.35545,0.0,0.0,0.0,362.16
6,18,1,0,,,,2.5393,0.0,0.0,0.0,158.48
6,19,1,0,,,,2.4444,0.0,0.0,0.0,63.85
6,20,1,0,,,,2.0458112,0.0,0.0,0.0,6.34
6,21,1,0,,,,0.9177333,0.0,0.0,0.0,0.0
6,22,1,0,,,,1.8556833,0.0,0.0,0.0,0.0
6,23,1,0,,,,5.1292667,0.0,0.0,0.0,0.0
6,24,1,0,,,,4.493739,0.0,0.0,0.0,0.0
6,1,2,0,,,,4.27725,0.0,0.0,0.0,0.0
6,2,2,0,,,,2.9550722,0.0,0.0,0.0,0.0
6,3,2,0,,,,0.75951666,0.0,0.0,0.0,0.0
6,4,2,0,,,,0.6493722,0.0,0.0,0.0,0.0
6,5,2,0,,,,0.4965,0.0,0.0,0.0,0.0
6,6,2,0,,,,0.27135,0.0,0.0,0.0,12.69
6,7,2,0,,,,0.26871666,0.0,0.0,0.0,9.42
6,8,2,0,,,,0.2678611,0.0,0.0,0.0,18.27
6,9,2,0,,,,0.26946667,0.0,0.0,0.0,284.44
6,10,2,0,,,,0.27186668,0.0,0.0,0.0,565.94
6,11,2,0,,,,0.27316666,0.0,0.0,0.0,577.98
6,12,2,0,,,,0.32079443,0.0,0.0,0.0,660.21
6,13,2,0,,,,0.27371666,0.0,0.0,0.0,562.72
6,14,2,0,,,,2.1904721,0.0,0.0,0.0,612.96
6,15,2,0,,,,2.4551167,0.0,0.0,0.0,531.3
6,16,2,0,,,,0.7179111,0.0,0.0,0.0,434.04
6,17,2,0,,,,1.32215,0.0,0.0,0.0,346.79
6,18,2,0,,,,4.0470057,0.0,0.0,0.0,179.36
6,19,2,0,,,,5.4606333,0.0,0.0,0.0,43.12
6,20,2,0,,,,4.59195,0.0,0.0,0.0,14.08
6,21,2,0,,,,1.7358333,0.0,0.0,0.0,0.0
6,22,2,0,,,,0.84592223,0.0,0.0,0.0,0.0
6,23,2,0,,,,0.76475,0.0,0.0,0.0,0.0
6,24,2,0,,,,0.7221889,0.0,0.0,0.0,0.0
6,1,3,0,,,,0.7582833,0.0,0.0,0.0,0.0
6,2,3,0,,,,0.5187,0.0,0.0,0.0,0.0
6,3,3,0,,,,0.4005,0.0,0.0,0.0,0.0
6,4,3,0,,,,0.4505611,0.0,0.0,0.0,0.0
6,5,3,0,,,,0.48928332,0.0,0.0,0.0,0.0
6,6,3,0,,,,0.39185,0.0,0.0,0.0,1.62
6,7,3,0,,,,0.35251668,0.0,0.0,0.0,9.48
6,8,3,0,,,,0.41981667,0.0,0.0,0.0,77.49
6,9,3,0,,,,0.35783333,0.0,0.0,0.0,49.23
6,10,3,0,,,,0.36272776,0.0,0.0,0.0,452.46
6,11,3,0,,,,0.36501667,0.0,0.0,0.0,410.29
6,12,3,0,,,,0.48847222,0.0,0.0,0.0,744.8
6,13,3,0,,,,0.74193335,0.0,0.0,0.0,689.24
6,14,3,0,,,,2.3550556,0.0,0.0,0.0,589.17
6,15,3,0,,,,1.6596667,0.0,0.0,0.0,576.88
6,16,3,0,,,,1.86195,0.0,0.0,0.0,515.83
6,17,3,0,,,,0.6139917,0.0,0.0,0.0,344.11
6,18,3,0,,,,3.4644666,0.0,0.0,0.0,178.02
6,19,3,0,,,,3.7859333,0.0,0.0,0.0,46.45
6,20,3,0,,,,4.004433,0.0,0.0,0.0,15.3
6,21,3,0,,,,3.3672667,0.0,0.0,0.0,0.0
6,22,3,0,,,,1.8397833,0.0,0.0,0.0,0.0
6,23,3,0,,,,0.6362,0.0,0.0,0.0,0.0
6,24,3,0,,,,0.7509111,0.0,0.0,0.0,0.0
6,1,4,0,,,,0.6252667,0.0,0.0,0.0,0.0
6,2,4,0,,,,0.8372333,0.0,0.0,0.0,0.0
6,3,4,0,,,,0.7238333,0.0,0.0,0.0,0.0
6,4,4,0,,,,0.48108333,0.0,0.0,0.0,0.0
6,5,4,0,,,,0.46576667,0.0,0.0,0.0,0.0
6,6,4,0,,,,0.47508332,0.0,0.0,0.0,37.6
6,7,4,0,,,,0.48091668,0.0,0.0,0.0,92.77
6,8,4,0,,,,0.47238332,0.0,0.0,0.0,281.51
6,9,4,0,,,,0.46988332,0.0,0.0,0.0,464.43
6,10,4,0,,,,0.47308335,0.0,0.0,0.0,599.2
6,11,4,0,,,,0.47766668,0.0,0.0,0.0,709.99
6,12,4,0,,,,0.48166665,0.0,0.0,0.0,765.1
6,13,4,0,,,,0.47653332,0.0,0.0,0.0,749.03
6,14,4,0,,,,0.4354,0.0,0.0,0.0,603.4
6,15,4,0,,,,0.43374443,0.0,0.0,0.0,524.37
6,16,4,0,,,,0.42976665,0.0,0.0,0.0,331.14
6,17,4,0,,,,0.80240554,0.0,0.0,0.0,182.46
6,18,4,0,,,,0.86256665,0.0,0.0,0.0,149.58
6,19,4,0,,,,0.44411114,0.0,0.0,0.0,61.58
6,20,4,0,,,,0.6494333,0.0,0.0,0.0,17.16
6,21,4,0,,,,0.62738335,0.0,0.0,0.0,0.0
6,22,4,0,,,,2.6855166,0.0,0.0,0.0,0.0
6,23,4,0,,,,3.6203778,0.0,0.0,0.0,0.0
6,24,4,0,,,,4.92655,0.0,0.0,0.0,0.0
6,1,5,0,,,,4.564028,0.0,0.0,0.0,0.0
6,2,5,0,,,,3.2215667,0.0,0.0,0.0,0.0
6,3,5,0,,,,0.56889445,0.0,0.0,0.0,0.0
6,4,5,0,,,,0.28311667,0.0,0.0,0.0,0.0
6,5,5,0,,,,0.26794446,0.0,0.0,0.0,0.0
6,6,5,0,,,,0.26873332,0.0,0.0,0.0,38.91
6,7,5,0,,,,0.2728722,0.0,0.0,0.0,98.32
6,8,5,0,,,,0.26981667,0.0,0.0,0.0,274.64
6,9,5,0,,,,0.2705611,0.0,0.0,0.0,442.26
6,10,5,0,,,,0.28246668,0.0,0.0,0.0,585.43
6,11,5,0,,,,0.36963335,0.0,0.0,0.0,692.64
6,12,5,0,,,,0.38231668,0.0,0.0,0.0,503.79
6,13,5,0,,,,0.27809444,0.0,0.0,0.0,722.51
6,14,5,0,,,,0.32763332,0.0,0.0,0.0,569.56
6,15,5,0,,,,1.8938888,0.0,0.0,0.0,38.68
6,16,5,0,,,,0.6355,0.0,0.0,0.0,31.44
6,17,5,0,,,,0.27053332,0.0,0.0,0.0,55.66
6,18,5,0,,,,0.26533332,0.0,0.0,0.0,136.71
6,19,5,0,,,,0.33444446,0.0,0.0,0.0,43.55
6,20,5,0,,,,0.70021665,0.0,0.0,0.0,17.05
6,21,5,0,,,,1.2777945,0.0,0.0,0.0,0.0
6,22,5,0,,,,4.8764,0.0,0.0,0.0,0.0
6,23,5,0,,,,0.57897776,0.0,0.0,0.0,0.0
6,24,5,0,,,,0.61059165,0.0,0.0,0.0,0.0
6,1,6,0,,,,0.53965,0.0,0.0,0.0,0.0
6,2,6,0,,,,0.48771667,0.0,0.0,0.0,0.0
6,3,6,0,,,,0.47652224,0.0,0.0,0.0,0.0
6,4,6,0,,,,0.32,0.0,0.0,0.0,0.0
6,5,6,0,,,,0.26934445,0.0,0.0,0.0,0.0
6,6,6,0,,,,0.2665,0.0,0.0,0.0,38.07
6,7,6,0,,,,0.27467778,0.0,0.0,0.0,97.15
6,8,6,0,,,,0.26743335,0.0,0.0,0.0,272.61
6,9,6,0,,,,0.26862776,0.0,0.0,0.0,441.44
6,10,6,0,,,,0.2771,0.0,0.0,0.0,551.85
6,11,6,0,,,,0.5747833,0.0,0.0,0.0,669.07
6,12,6,0,,,,2.2474666,0.0,0.0,0.0,737.85
6,13,6,0,,,,0.7647667,0.0,0.0,0.0,751.03
6,14,6,0,,,,0.46005,0.0,0.0,0.0,708.68
6,15,6,0,,,,0.34456667,0.0,0.0,0.0,631.15
6,16,6,0,,,,0.3091,0.0,0.0,0.0,509.48
6,17,6,0,,,,0.26938334,0.0,0.0,0.0,368.56
6,18,6,0,,,,0.52668333,0.0,0.0,0.0,185.24
6,19,6,0,,,,0.64082223,0.0,0.0,0.0,33.05
6,20,6,0,,,,0.56553334,0.0,0.0,0.0,17.45
6,21,6,0,,,,0.75176114,0.0,0.0,0.0,0.0
6,22,6,0,,,,0.96095,0.0,0.0,0.0,0.0
6,23,6,0,,,,0.84479445,0.0,0.0,0.0,0.0
6,24,6,0,,,,0.59211665,0.0,0.0,0.0,0.0
6,1,7,0,,,,0.5661833,0.0,0.0,0.0,0.0
6,2,7,0,,,,0.53291667,0.0,0.0,0.0,0.0
6,3,7,0,,,,0.37261668,0.0,0.0,0.0,0.0
6,4,7,0,,,,0.26993334,0.0,0.0,0.0,0.0
6,5,7,0,,,,0.26985,0.0,0.0,0.0,0.0
6,6,7,0,,,,0.26121667,0.0,0.0,0.0,37.33
6,7,7,0,,,,0.26320833,0.0,0.0,0.0,99.06
6,8,7,0,,,,0.26336667,0.0,0.0,0.0,273.32
6,9,7,0,,,,0.26238889,0.0,0.0,0.0,446.34
6,10,7,0,,,,0.26388332,0.0,0.0,0.0,588.07
6,11,7,0,,,,0.38363335,0.0,0.0,0.0,705.44
6,12,7,0,,,,0.8418056,0.0,0.0,0.0,757.32
6,13,7,0,,,,1.0061333,0.0,0.0,0.0,715.73
6,14,7,0,,,,1.2275611,0.0,0.0,0.0,691.15
6,15,7,0,,,,0.9658333,0.0,0.0,0.0,626.08
6,16,7,0,,,,0.3868111,0.0,0.0,0.0,496.18
6,17,7,0,,,,0.31466666,0.0,0.0,0.0,338.42
6,18,7,0,,,,3.3407388,0.0,0.0,0.0,181.53
6,19,7,0,,,,4.9739084,0.0,0.0,0.0,45.38
6,20,7,0,,,,5.6193,0.0,0.0,0.0,18.05
6,21,7,0,,,,3.1321166,0.0,0.0,0.0,0.0
6,22,7,0,,,,1.1230333,0.0,0.0,0.0,0.0
6,23,7,0,,,,1.12435,0.0,0.0,0.0,0.0
6,24,7,0,,,,1.0968611,0.0,0.0,0.0,0.0
6,1,1,0,,,,1.2041,0.0,0.0,0.0,0.0
6,2,1,0,,,,0.6215,0.0,0.0,0.0,0.0
6,3,1,0,,,,0.27946666,0.0,0.0,0.0,0.0
6,4,1,0,,,,0.26992223,0.0,0.0,0.0,0.0
6,5,1,0,,,,0.25405,0.0,0.0,0.0,0.0
6,6,1,0,,,,0.2649389,0.0,0.0,0.0,37.16
6,7,1,0,,,,0.26675,0.0,0.0,0.0,100.87
6,8,1,0,,,,0.26816112,0.0,0.0,0.0,268.33
6,9,1,0,,,,0.26985,0.0,0.0,0.0,441.24
6,10,1,0,,,,0.27314445,0.0,0.0,0.0,581.58
6,11,1,0,,,,0.27428332,0.0,0.0,0.0,568.89
6,12,1,0,,,,0.42157778,0.0,0.0,0.0,643.2
6,13,1,0,,,,0.48405,0.0,0.0,0.0,564.08
6,14,1,0,,,,0.61632776,0.0,0.0,0.0,604.86
6,15,1,0,,,,1.2910833,0.0,0.0,0.0,517.95
6,16,1,0,,,,1.0928278,0.0,0.0,0.0,424.09
6,17,1,0,,,,0.7622333,0.0,0.0,0.0,334.87
6,18,1,0,,,,0.5425611,0.0,0.0,0.0,184.88
6,19,1,0,,,,0.34403336,0.0,0.0,0.0,43.25
6,20,1,0,,,,0.48415,0.0,0.0,0.0,18.0
6,21,1,0,,,,0.7499833,0.0,0.0,0.0,0.0
6,22,1,0,,,,3.4343445,0.0,0.0,0.0,0.0
6,23,1,0,,,,5.0090165,0.0,0.0,0.0,0.0
6,24,1,0,,,,5.2463584,0.0,0.0,0.0,0.0
6,1,2,0,,,,5.2784333,0.0,0.0,0.0,0.0
6,2,2,0,,,,4.4088554,0.0,0.0,0.0,0.0
6,3,2,0,,,,1.5148667,0.0,0.0,0.0,0.0
6,4,2,0,,,,0.78705,0.0,0.0,0.0,0.0
6,5,2,0,,,,0.78886664,0.0,0.0,0.0,0.0
6,6,2,0,,,,0.64625555,0.0,0.0,0.0,4.33
6,7,2,0,,,,0.38626668,0.0,0.0,0.0,22.74
6,8,2,0,,,,0.3891111,0.0,0.0,0.0,247.32
6,9,2,0,,,,0.39115,0.0,0.0,0.0,444.22
6,10,2,0,,,,0.39351112,0.0,0.0,0.0,584.77
6,11,2,0,,,,2.1162333,0.0,0.0,0.0,696.09
6,12,2,0,,,,0.8179,0.0,0.0,0.0,744.58
6,13,2,0,,,,0.9166333,0.0,0.0,0.0,731.57
6,14,2,0,,,,0.7633778,0.0,0.0,0.0,682.1
6,15,2,0,,,,0.65065,0.0,0.0,0.0,184.78
6,16,2,0,,,,3.023,0.0,0.0,0.0,193.85
6,17,2,0,,,,4.2846,0.0,0.0,0.0,91.71
6,18,2,0,,,,3.9436722,0.0,0.0,0.0,169.86
6,19,2,0,,,,3.6117833,0.0,0.0,0.0,46.5
6,20,2,0,,,,2.483789,0.0,0.0,0.0,18.66
6,21,2,0,,,,0.40726668,0.0,0.0,0.0,0.0
6,22,2,0,,,,0.32075554,0.0,0.0,0.0,0.0
6,23,2,0,,,,0.84526664,0.0,0.0,0.0,0.0
6,24,2,0,,,,0.40889445,0.0,0.0,0.0,0.0
6,1,3,0,,,,0.32118332,0.0,0.0,0.0,0.0
6,2,3,0,,,,0.3201222,0.0,0.0,0.0,0.0
6,3,3,0,,,,0.30691665,0.0,0.0,0.0,0.0
6,4,3,0,,,,0.49043888,0.0,0.0,0.0,0.0
6,5,3,0,,,,0.7100667,0.0,0.0,0.0,0.0
6,6,3,0,,,,0.3580222,0.0,0.0,0.0,2.01
6,7,3,0,,,,0.3,0.0,0.0,0.0,45.43
6,8,3,0,,,,0.3060653,0.0,0.0,0.0,216.98
6,9,3,0,,,,0.30653334,0.0,0.0,0.0,382.04
6,10,3,0,,,,0.30728334,0.0,0.0,0.0,443.39
6,11,3,0,,,,0.31519446,0.0,0.0,0.0,578.44
6,12,3,0,,,,0.97153336,0.0,0.0,0.0,656.74
6,13,3,0,,,,0.9301389,0.0,0.0,0.0,670.77
6,14,3,0,,,,0.44513333,0.0,0.0,0.0,665.37
6,15,3,0,,,,4.2055054,0.0,0.0,0.0,139.97
6,16,3,0,,,,5.3836164,0.0,0.0,0.0,481.83
6,17,3,0,,,,6.2184334,0.0,0.0,0.0,306.06
6,18,3,0,,,,5.7649665,0.0,0.0,0.0,102.74
6,19,3,0,,,,2.4605668,0.0,0.0,0.0,50.71
6,20,3,0,,,,2.08275,0.0,0.0,0.0,6.59
6,21,3,0,,,,0.7554167,0.0,0.0,0.0,0.0
6,22,3,0,,,,0.85962224,0.0,0.0,0.0,0.0
6,23,3,0,,,,3.4739666,0.0,0.0,0.0,0.0
6,24,3,0,,,,4.5383916,0.0,0.0,0.0,0.0
6,1,4,0,,,,4.156433,0.0,0.0,0.0,0.0
6,2,4,0,,,,3.6908667,0.0,0.0,0.0,0.0
6,3,4,0,,,,0.80303335,0.0,0.0,0.0,0.0
6,4,4,0,,,,0.8149,0.0,0.0,0.0,0.0
6,5,4,0,,,,0.7252667,0.0,0.0,0.0,0.0
6,6,4,0,,,,0.46675,0.0,0.0,0.0,35.56
6,7,4,0,,,,0.45788333,0.0,0.0,0.0,100.33
6,8,4,0,,,,0.46366668,0.0,0.0,0.0,262.23
6,9,4,0,,,,0.33830556,0.0,0.0,0.0,426.71
6,10,4,0,,,,0.26485,0.0,0.0,0.0,567.01
6,11,4,0,,,,0.26469445,0.0,0.0,0.0,684.35
6,12,4,0,,,,0.26863334,0.0,0.0,0.0,753.07
6,13,4,0,,,,0.29413334,0.0,0.0,0.0,764.88
6,14,4,0,,,,0.3429,0.0,0.0,0.0,745.51
6,15,4,0,,,,0.48844445,0.0,0.0,0.0,653.6
6,16,4,0,,,,0.52061665,0.0,0.0,0.0,530.65
6,17,4,0,,,,2.3104167,0.0,0.0,0.0,317.01
6,18,4,0,,,,2.4341166,0.0,0.0,0.0,156.81
6,19,4,0,,,,1.1961501,0.0,0.0,0.0,45.0
6,20,4,0,,,,1.5552167,0.0,0.0,0.0,19.77
6,21,4,0,,,,1.4585888,0.0,0.0,0.0,0.0
6,22,4,0,,,,1.6305667,0.0,0.0,0.0,0.0
6,23,4,0,,,,3.1437445,0.0,0.0,0.0,0.0
6,24,4,0,,,,4.331683,0.0,0.0,0.0,0.0
6,1,5,0,,,,3.9690056,0.0,0.0,0.0,0.0
6,2,5,0,,,,3.5919833,0.0,0.0,0.0,0.0
6,3,5,0,,,,0.71528333,0.0,0.0,0.0,0.0
6,4,5,0,,,,0.32453334,0.0,0.0,0.0,0.0
6,5,5,0,,,,0.26917222,0.0,0.0,0.0,1.61
6,6,5,0,,,,0.25433335,0.0,0.0,0.0,20.71
6,7,5,0,,,,0.26726112,0.0,0.0,0.0,106.33
6,8,5,0,,,,0.26465,0.0,0.0,0.0,159.26
6,9,5,0,,,,0.30447778,0.0,0.0,0.0,153.47
6,10,5,0,,,,0.37905,0.0,0.0,0.0,547.04
6,11,5,0,,,,0.35033888,0.0,0.0,0.0,648.91
6,12,5,0,,,,0.26708335,0.0,0.0,0.0,586.93
6,13,5,0,,,,0.2875111,0.0,0.0,0.0,659.11
6,14,5,0,,,,1.9969833,0.0,0.0,0.0,618.39
6,15,5,0,,,,0.37928334,0.0,0.0,0.0,592.39
6,16,5,0,,,,3.3811166,0.0,0.0,0.0,505.43
6,17,5,0,,,,3.213411,0.0,0.0,0.0,356.52
6,18,5,0,,,,5.5373335,0.0,0.0,0.0,177.03
6,19,5,0,,,,3.035361,0.0,0.0,0.0,50.83
6,20,5,0,,,,0.966,0.0,0.0,0.0,19.76
6,21,5,0,,,,0.65431666,0.0,0.0,0.0,0.0
6,22,5,0,,,,0.77281666,0.0,0.0,0.0,0.0
6,23,5,0,,,,0.39857778,0.0,0.0,0.0,0.0
6,24,5,0,,,,0.26808333,0.0,0.0,0.0,0.0
6,1,6,0,,,,1.0307277,0.0,0.0,0.0,0.0
6,2,6,0,,,,0.26813334,0.0,0.0,0.0,0.0
6,3,6,0,,,,0.26002777,0.0,0.0,0.0,0.0
6,4,6,0,,,,0.26263332,0.0,0.0,0.0,0.0
6,5,6,0,,,,0.26155555,0.0,0.0,0.0,1.59
6,6,6,0,,,,0.25921667,0.0,0.0,0.0,1.59
6,7,6,0,,,,0.26147223,0.0,0.0,0.0,98.83
6,8,6,0,,,,0.26475,0.0,0.0,0.0,123.3
6,9,6,0,,,,0.23442222,0.0,0.0,0.0,254.65
6,10,6,0,,,,0.33294168,0.0,0.0,0.0,451.96
6,11,6,0,,,,0.61565,0.0,0.0,0.0,646.66
6,12,6,0,,,,0.5006833,0.0,0.0,0.0,695.53
6,13,6,0,,,,0.2133,0.0,0.0,0.0,698.04
6,14,6,0,,,,1.30435,0.0,0.0,0.0,670.44
6,15,6,0,,,,1.425,0.0,0.0,0.0,472.62
6,16,6,0,,,,1.5260167,0.0,0.0,0.0,53.13
6,17,6,0,,,,1.5214833,0.0,0.0,0.0,27.22
6,18,6,0,,,,1.44545,0.0,0.0,0.0,49.28
6,19,6,0,,,,1.1243501,0.0,0.0,0.0,61.78
6,20,6,0,,,,2.4621055,0.0,0.0,0.0,17.7
6,21,6,0,,,,4.629783,0.0,0.0,0.0,0.0
6,22,6,0,,,,5.161325,0.0,0.0,0.0,0.0
6,23,6,0,,,,0.7708167,0.0,0.0,0.0,0.0
6,24,6,0,,,,1.0473722,0.0,0.0,0.0,0.0
6,1,7,0,,,,0.5536,0.0,0.0,0.0,0.0
6,2,7,0,,,,0.2187,0.0,0.0,0.0,0.0
6,3,7,0,,,,0.2156,0.0,0.0,0.0,0.0
6,4,7,0,,,,0.21607777,0.0,0.0,0.0,0.0
6,5,7,0,,,,0.21068333,0.0,0.0,0.0,1.58
6,6,7,0,,,,0.20334445,0.0,0.0,0.0,21.2
6,7,7,0,,,,0.21184167,0.0,0.0,0.0,103.05
6,8,7,0,,,,0.20785555,0.0,0.0,0.0,266.6
6,9,7,0,,,,0.4025,0.0,0.0,0.0,438.14
6,10,7,0,,,,1.0575666,0.0,0.0,0.0,592.77
6,11,7,0,,,,0.475075,0.0,0.0,0.0,706.28
6,12,7,0,,,,1.4053833,0.0,0.0,0.0,748.13
6,13,7,0,,,,1.2878667,0.0,0.0,0.0,754.72
6,14,7,0,,,,3.4514055,0.0,0.0,0.0,726.21
6,15,7,0,,,,2.8148084,0.0,0.0,0.0,621.97
6,16,7,0,,,,5.87955,0.0,0.0,0.0,487.88
6,17,7,0,,,,4.73205,0.0,0.0,0.0,350.44
6,18,7,0,,,,4.7205834,0.0,0.0,0.0,191.35
6,19,7,0,,,,3.2534528,0.0,0.0,0.0,45.29
6,20,7,0,,,,3.0042167,0.0,0.0,0.0,20.62
6,21,7,0,,,,1.58435,0.0,0.0,0.0,0.0
6,22,7,0,,,,0.8429,0.0,0.0,0.0,0.0
6,23,7,0,,,,0.58190554,0.0,0.0,0.0,0.0
6,24,7,0,,,,0.612525,0.0,0.0,0.0,0.0
6,1,1,0,,,,0.79489446,0.0,0.0,0.0,0.0
6,2,1,0,,,,0.5843667,0.0,0.0,0.0,0.0
6,3,1,0,,,,0.21552223,0.0,0.0,0.0,0.0
6,4,1,0,,,,0.22691667,0.0,0.0,0.0,0.0
6,5,1,0,,,,0.21432778,0.0,0.0,0.0,1.6
6,6,1,0,,,,0.20368333,0.0,0.0,0.0,2.02
6,7,1,0,,,,0.20724444,0.0,0.0,0.0,107.93
6,8,1,0,,,,0.20996666,0.0,0.0,0.0,277.76
6,9,1,0,,,,0.21103889,0.0,0.0,0.0,459.37
6,10,1,0,,,,0.21191667,0.0,0.0,0.0,578.59
6,11,1,0,,,,1.1040167,0.0,0.0,0.0,656.83
6,12,1,0,,,,1.0653833,0.0,0.0,0.0,689.34
6,13,1,0,,,,0.43366668,0.0,0.0,0.0,661.74
6,14,1,0,,,,0.44291666,0.0,0.0,0.0,559.16
6,15,1,0,,,,0.62433887,0.0,0.0,0.0,515.85
6,16,1,0,,,,0.4273,0.0,0.0,0.0,326.35
6,17,1,0,,,,1.6338333,0.0,0.0,0.0,301.12
6,18,1,0,,,,3.6585667,0.0,0.0,0.0,189.1
6,19,1,0,,,,0.80866665,0.0,0.0,0.0,44.8
6,20,1,0,,,,3.4690833,0.0,0.0,0.0,20.46
6,21,1,0,,,,3.704,0.0,0.0,0.0,0.0
6,22,1,0,,,,3.2955334,0.0,0.0,0.0,0.0
6,23,1,0,,,,5.9013834,0.0,0.0,0.0,0.0
6,24,1,0,,,,4.3301473,0.0,0.0,0.0,0.0
6,1,2,0,,,,4.3620834,0.0,0.0,0.0,0.0
6,2,2,0,,,,2.4031668,0.0,0.0,0.0,0.0
6,3,2,0,,,,0.9029833,0.0,0.0,0.0,0.0
6,4,2,0,,,,0.9019222,0.0,0.0,0.0,0.0
6,5,2,0,,,,1.2280834,0.0,0.0,0.0,1.61
6,6,2,0,,,,0.51585,0.0,0.0,0.0,35.26
6,7,2,0,,,,0.50455,0.0,0.0,0.0,94.92
6,8,2,0,,,,0.50184447,0.0,0.0,0.0,263.59
6,9,2,0,,,,0.44166666,0.0,0.0,0.0,403.17
6,10,2,0,,,,0.30344445,0.0,0.0,0.0,570.7
6,11,2,0,,,,0.30681667,0.0,0.0,0.0,631.56
6,12,2,0,,,,0.24697778,0.0,0.0,0.0,207.91
6,13,2,0,,,,3.6487668,0.0,0.0,0.0,517.15
6,14,2,0,,,,8.347517,0.0,0.0,0.0,541.0
6,15,2,0,,,,8.087816,0.0,0.0,0.0,561.06
6,16,2,0,,,,8.182734,0.0,0.0,0.0,522.32
6,17,2,0,,,,5.2972,0.0,0.0,0.0,363.85
6,18,2,0,,,,3.8248777,0.0,0.0,0.0,185.36
6,19,2,0,,,,4.70245,0.0,0.0,0.0,45.05
6,20,2,0,,,,2.7764,0.0,0.0,0.0,20.35
6,21,2,0,,,,1.4501333,0.0,0.0,0.0,0.0
6,22,2,0,,,,1.2941945,0.0,0.0,0.0,0.0
6,23,2,0,,,,1.2533667,0.0,0.0,0.0,0.0
6,24,2,0,,,,1.1602445,0.0,0.0,0.0,0.0
6,1,3,0,,,,0.8301833,0.0,0.0,0.0,0.0
6,2,3,0,,,,1.42175,0.0,0.0,0.0,0.0
6,3,3,0,,,,0.6031833,0.0,0.0,0.0,0.0
6,4,3,0,,,,0.61585,0.0,0.0,0.0,0.0
6,5,3,0,,,,0.71078336,0.0,0.0,0.0,1.59
6,6,3,0,,,,0.20759444,0.0,0.0,0.0,36.42
6,7,3,0,,,,0.4035,0.0,0.0,0.0,96.18
6,8,3,0,,,,0.6577167,0.0,0.0,0.0,264.84
6,9,3,0,,,,0.48573333,0.0,0.0,0.0,435.95
6,10,3,0,,,,0.5598528,0.0,0.0,0.0,569.42
6,11,3,0,,,,0.85258335,0.0,0.0,0.0,670.87
6,12,3,0,,,,1.1842166,0.0,0.0,0.0,702.96
6,13,3,0,,,,1.32425,0.0,0.0,0.0,741.1
6,14,3,0,,,,4.0490947,0.0,0.0,0.0,715.43
6,15,3,0,,,,4.13725,0.0,0.0,0.0,637.19
6,16,3,0,,,,7.2768555,0.0,0.0,0.0,513.6
6,17,3,0,,,,6.6576166,0.0,0.0,0.0,353.18
6,18,3,0,,,,6.516711,0.0,0.0,0.0,189.49
6,19,3,0,,,,3.4945333,0.0,0.0,0.0,48.79
6,20,3,0,,,,1.3778167,0.0,0.0,0.0,20.26
6,21,3,0,,,,2.10135,0.0,0.0,0.0,0.0
6,22,3,0,,,,1.3952667,0.0,0.0,0.0,0.0
6,23,3,0,,,,1.1970084,0.0,0.0,0.0,0.0
6,24,3,0,,,,1.3608667,0.0,0.0,0.0,0.0
6,1,4,0,,,,1.15385,0.0,0.0,0.0,0.0
6,2,4,0,,,,0.54183334,0.0,0.0,0.0,0.0
6,3,4,0,,,,0.47112778,0.0,0.0,0.0,0.0
6,4,4,0,,,,0.41668335,0.0,0.0,0.0,0.0
6,5,4,0,,,,0.45474446,0.0,0.0,0.0,1.57
6,6,4,0,,,,0.20696667,0.0,0.0,0.0,26.18
6,7,4,0,,,,0.39908335,0.0,0.0,0.0,104.76
6,8,4,0,,,,0.21603334,0.0,0.0,0.0,256.81
6,9,4,0,,,,0.4158611,0.0,0.0,0.0,425.56
6,10,4,0,,,,0.5758,0.0,0.0,0.0,566.63
6,11,4,0,,,,0.5184611,0.0,0.0,0.0,671.03
6,12,4,0,,,,0.67656666,0.0,0.0,0.0,655.62
6,13,4,0,,,,0.8251111,0.0,0.0,0.0,713.48
6,14,4,0,,,,3.43785,0.0,0.0,0.0,669.16
6,15,4,0,,,,2.18495,0.0,0.0,0.0,605.15
6,16,4,0,,,,2.6204834,0.0,0.0,0.0,502.21
6,17,4,0,,,,2.5141723,0.0,0.0,0.0,363.85
6,18,4,0,,,,2.0998,0.0,0.0,0.0,190.04
6,19,4,0,,,,1.2254722,0.0,0.0,0.0,44.34
6,20,4,0,,,,0.82928336,0.0,0.0,0.0,17.18
6,21,4,0,,,,0.48273334,0.0,0.0,0.0,0.0
6,22,4,0,,,,1.2449,0.0,0.0,0.0,0.0
6,23,4,0,,,,3.1911833,0.0,0.0,0.0,0.0
6,24,4,0,,,,4.2585835,0.0,0.0,0.0,0.0
6,1,5,0,,,,4.205822,0.0,0.0,0.0,0.0
6,2,5,0,,,,3.6996,0.0,0.0,0.0,0.0
6,3,5,0,,,,0.4523222,0.0,0.0,0.0,0.0
6,4,5,0,,,,0.22955,0.0,0.0,0.0,0.0
6,5,5,0,,,,0.22335556,0.0,0.0,0.0,0.0
6,6,5,0,,,,0.25836667,0.0,0.0,0.0,1.57
6,7,5,0,,,,0.2599778,0.0,0.0,0.0,49.49
6,8,5,0,,,,0.26323333,0.0,0.0,0.0,154.93
6,9,5,0,,,,0.31647778,0.0,0.0,0.0,54.86
6,10,5,0,,,,0.5126333,0.0,0.0,0.0,132.87
6,11,5,0,,,,0.4846111,0.0,0.0,0.0,457.67
6,12,5,0,,,,0.57988334,0.0,0.0,0.0,549.23
6,13,5,0,,,,2.6142056,0.0,0.0,0.0,721.52
6,14,5,0,,,,4.1222,0.0,0.0,0.0,665.51
6,15,5,0,,,,3.3065279,0.0,0.0,0.0,584.31
6,16,5,0,,,,2.86935,0.0,0.0,0.0,453.34
6,17,5,0,,,,2.8974721,0.0,0.0,0.0,223.53
6,18,5,0,,,,5.0408,0.0,0.0,0.0,14.31
6,19,5,0,,,,4.0592294,0.0,0.0,0.0,13.09
6,20,5,0,,,,1.04395,0.0,0.0,0.0,1.48
6,21,5,0,,,,0.9771,0.0,0.0,0.0,0.0
6,22,5,0,,,,1.1873167,0.0,0.0,0.0,0.0
6,23,5,0,,,,1.14605,0.0,0.0,0.0,0.0
6,24,5,0,,,,0.8279389,0.0,0.0,0.0,0.0
6,1,6,0,,,,1.15155,0.0,0.0,0.0,0.0
6,2,6,0,,,,1.0383333,0.0,0.0,0.0,0.0
6,3,6,0,,,,0.73691666,0.0,0.0,0.0,0.0
6,4,6,0,,,,0.6287778,0.0,0.0,0.0,0.0
6,5,6,0,,,,0.38845,0.0,0.0,0.0,0.0
6,6,6,0,,,,0.22321111,0.0,0.0,0.0,1.57
6,7,6,0,,,,0.2239,0.0,0.0,0.0,11.7
6,8,6,0,,,,0.7235639,0.0,0.0,0.0,160.66
6,9,6,0,,,,0.53971666,0.0,0.0,0.0,330.04
6,10,6,0,,,,0.44356668,0.0,0.0,0.0,574.0
6,11,6,0,,,,0.59,0.0,0.0,0.0,683.91
6,12,6,0,,,,1.3111556,0.0,0.0,0.0,733.94
6,13,6,0,,,,0.77025,0.0,0.0,0.0,758.37
6,14,6,0,,,,1.3621,0.0,0.0,0.0,744.35
6,15,6,0,,,,3.8205333,0.0,0.0,0.0,649.4
6,16,6,0,,,,7.519828,0.0,0.0,0.0,528.87
6,17,6,0,,,,5.4368834,0.0,0.0,0.0,363.96
6,18,6,0,,,,4.1233554,0.0,0.0,0.0,191.0
6,19,6,0,,,,2.0910833,0.0,0.0,0.0,49.64
6,20,6,0,,,,1.0504,0.0,0.0,0.0,21.11
6,21,6,0,,,,1.0219,0.0,0.0,0.0,0.0
6,22,6,0,,,,1.6711,0.0,0.0,0.0,0.0
6,23,6,0,,,,4.973775,0.0,0.0,0.0,0.0
6,24,6,0,,,,1.4071277,0.0,0.0,0.0,0.0
6,1,7,0,,,,1.5719167,0.0,0.0,0.0,0.0
6,2,7,0,,,,0.93368334,0.0,0.0,0.0,0.0
6,3,7,0,,,,0.23541667,0.0,0.0,0.0,0.0
6,4,7,0,,,,0.39980555,0.0,0.0,0.0,0.0
6,5,7,0,,,,0.22893333,0.0,0.0,0.0,0.0
6,6,7,0,,,,0.22034444,0.0,0.0,0.0,25.73
6,7,7,0,,,,0.21688333,0.0,0.0,0.0,100.01
6,8,7,0,,,,0.40150556,0.0,0.0,0.0,277.41
6,9,7,0,,,,0.4259278,0.0,0.0,0.0,457.01
6,10,7,0,,,,0.46546668,0.0,0.0,0.0,523.89
6,11,7,0,,,,0.79054165,0.0,0.0,0.0,719.59
6,12,7,0,,,,1.0168333,0.0,0.0,0.0,783.55
6,13,7,0,,,,1.32855,0.0,0.0,0.0,797.14
6,14,7,0,,,,1.9714667,0.0,0.0,0.0,776.84
6,15,7,0,,,,4.9198055,0.0,0.0,0.0,681.62
6,16,7,0,,,,3.97645,0.0,0.0,0.0,558.81
6,17,7,0,,,,3.8901334,0.0,0.0,0.0,394.95
6,18,7,0,,,,4.8056,0.0,0.0,0.0,201.59
6,19,7,0,,,,2.5379112,0.0,0.0,0.0,37.66
6,20,7,0,,,,1.8098,0.0,0.0,0.0,21.12
6,21,7,0,,,,2.48785,0.0,0.0,0.0,0.0
6,22,7,0,,,,2.0807,0.0,0.0,0.0,0.0
6,23,7,0,,,,2.5220723,0.0,0.0,0.0,0.0
6,24,7,0,,,,1.8770417,0.0,0.0,0.0,0.0
6,1,1,0,,,,1.2755111,0.0,0.0,0.0,0.0
6,2,1,0,,,,1.17385,0.0,0.0,0.0,0.0
6,3,1,0,,,,1.1591444,0.0,0.0,0.0,0.0
6,4,1,0,,,,0.7416833,0.0,0.0,0.0,0.0
6,5,1,0,,,,0.41041112,0.0,0.0,0.0,0.0
6,6,1,0,,,,0.59115,0.0,0.0,0.0,29.19
6,7,1,0,,,,0.53364444,0.0,0.0,0.0,104.21
6,8,1,0,,,,0.612,0.0,0.0,0.0,270.41
6,9,1,0,,,,0.8501722,0.0,0.0,0.0,441.43
6,10,1,0,,,,0.92518336,0.0,0.0,0.0,560.78
6,11,1,0,,,,0.96702224,0.0,0.0,0.0,663.13
6,12,1,0,,,,3.1709666,0.0,0.0,0.0,713.46
6,13,1,0,,,,1.8580166,0.0,0.0,0.0,739.14
6,14,1,0,,,,2.6247,0.0,0.0,0.0,704.98
6,15,1,0,,,,2.1986222,0.0,0.0,0.0,622.35
6,16,1,0,,,,2.3926666,0.0,0.0,0.0,507.75
6,17,1,0,,,,2.9149222,0.0,0.0,0.0,341.97
6,18,1,0,,,,3.1203833,0.0,0.0,0.0,198.14
6,19,1,0,,,,1.78405,0.0,0.0,0.0,51.17
6,20,1,0,,,,1.5241,0.0,0.0,0.0,20.95
6,21,1,0,,,,1.7457722,0.0,0.0,0.0,0.0
6,22,1,0,,,,1.6499166,0.0,0.0,0.0,0.0
6,23,1,0,,,,4.900428,0.0,0.0,0.0,0.0
6,24,1,0,,,,6.412225,0.0,0.0,0.0,0.0
6,1,2,0,,,,5.0817943,0.0,0.0,0.0,0.0
6,2,2,0,,,,2.8823333,0.0,0.0,0.0,0.0
6,3,2,0,,,,0.3678111,0.0,0.0,0.0,0.0
6,4,2,0,,,,0.64865,0.0,0.0,0.0,0.0
6,5,2,0,,,,0.48968333,0.0,0.0,0.0,0.0
6,6,2,0,,,,0.40403333,0.0,0.0,0.0,35.53
6,7,2,0,,,,0.40714446,0.0,0.0,0.0,95.26
6,8,2,0,,,,0.5025,0.0,0.0,0.0,217.94
6,9,2,0,,,,0.28133333,0.0,0.0,0.0,407.09
6,10,2,0,,,,0.50373334,0.0,0.0,0.0,558.05
6,11,2,0,,,,0.90602225,0.0,0.0,0.0,499.53
6,12,2,0,,,,0.6795833,0.0,0.0,0.0,47.7
6,13,2,0,,,,1.4612334,0.0,0.0,0.0,66.82
6,14,2,0,,,,1.7568166,0.0,0.0,0.0,78.57
6,15,2,0,,,,3.8920279,0.0,0.0,0.0,85.09
6,16,2,0,,,,5.73145,0.0,0.0,0.0,461.89
6,17,2,0,,,,5.792572,0.0,0.0,0.0,66.6
6,18,2,0,,,,5.5617332,0.0,0.0,0.0,181.32
6,19,2,0,,,,2.9577556,0.0,0.0,0.0,47.93
6,20,2,0,,,,2.8797,0.0,0.0,0.0,2.34
6,21,2,0,,,,2.0246334,0.0,0.0,0.0,0.0
6,22,2,0,,,,1.2097666,0.0,0.0,0.0,0.0
6,23,2,0,,,,1.06125,0.0,0.0,0.0,0.0
6,24,2,0,,,,1.0011333,0.0,0.0,0.0,0.0
6,1,3,0,,,,0.6006611,0.0,0.0,0.0,0.0
6,2,3,0,,,,0.7626333,0.0,0.0,0.0,0.0
6,3,3,0,,,,0.97735554,0.0,0.0,0.0,0.0
6,4,3,0,,,,1.1531167,0.0,0.0,0.0,0.0
6,5,3,0,,,,1.027839,0.0,0.0,0.0,0.0
6,6,3,0,,,,0.48748332,0.0,0.0,0.0,20.24
6,7,3,0,,,,0.23620556,0.0,0.0,0.0,39.9
6,8,3,0,,,,0.41295,0.0,0.0,0.0,218.56
6,9,3,0,,,,0.43244445,0.0,0.0,0.0,170.65
6,10,3,0,,,,0.61918336,0.0,0.0,0.0,190.47
6,11,3,0,,,,0.51399446,0.0,0.0,0.0,208.76
6,12,3,0,,,,1.1018333,0.0,0.0,0.0,495.0
6,13,3,0,,,,2.8285666,0.0,0.0,0.0,260.66
6,14,3,0,,,,2.1209667,0.0,0.0,0.0,242.12
6,15,3,0,,,,3.5011277,0.0,0.0,0.0,539.21
6,16,3,0,,,,3.9934165,0.0,0.0,0.0,544.36
6,17,3,0,,,,8.240261,0.0,0.0,0.0,255.14
6,18,3,0,,,,6.9228,0.0,0.0,0.0,15.63
6,19,3,0,,,,5.48545,0.0,0.0,0.0,73.2
6,20,3,0,,,,3.02995,0.0,0.0,0.0,10.31
6,21,3,0,,,,0.993191,0.0,0.0,0.0,0.0
6,22,3,0,,,,0.91398335,0.0,0.0,0.0,0.0
6,23,3,0,,,,0.70185,0.0,0.0,0.0,0.0
6,24,3,0,,,,0.7034417,0.0,0.0,0.0,0.0
6,1,4,0,,,,0.54611665,0.0,0.0,0.0,0.0
6,2,4,0,,,,0.5473833,0.0,0.0,0.0,0.0
6,3,4,0,,,,0.5353,0.0,0.0,0.0,0.0
6,4,4,0,,,,0.54366666,0.0,0.0,0.0,0.0
6,5,4,0,,,,0.5427389,0.0,0.0,0.0,0.0
6,6,4,0,,,,0.53605,0.0,0.0,0.0,28.54
6,7,4,0,,,,0.5405333,0.0,0.0,0.0,84.25
6,8,4,0,,,,0.54676664,0.0,0.0,0.0,287.66
6,9,4,0,,,,0.54868335,0.0,0.0,0.0,483.22
6,10,4,0,,,,0.5492111,0.0,0.0,0.0,604.5
6,11,4,0,,,,0.5581167,0.0,0.0,0.0,626.95
6,12,4,0,,,,0.9018889,0.0,0.0,0.0,464.18
6,13,4,0,,,,1.8062333,0.0,0.0,0.0,667.53
6,14,4,0,,,,1.3682722,0.0,0.0,0.0,120.37
6,15,4,0,,,,1.9150833,0.0,0.0,0.0,314.04
6,16,4,0,,,,3.724872,0.0,0.0,0.0,83.74
6,17,4,0,,,,2.5221334,0.0,0.0,0.0,315.22
6,18,4,0,,,,1.6751223,0.0,0.0,0.0,167.09
6,19,4,0,,,,1.6204166,0.0,0.0,0.0,40.26
6,20,4,0,,,,0.9327722,0.0,0.0,0.0,20.72
6,21,4,0,,,,1.2985333,0.0,0.0,0.0,0.0
6,22,4,0,,,,1.9477723,0.0,0.0,0.0,0.0
6,23,4,0,,,,4.4128,0.0,0.0,0.0,0.0
6,24,4,0,,,,4.87155,0.0,0.0,0.0,0.0
6,1,5,0,,,,4.7672777,0.0,0.0,0.0,0.0
6,2,5,0,,,,3.6449666,0.0,0.0,0.0,0.0
6,3,5,0,,,,0.56561667,0.0,0.0,0.0,0.0
6,4,5,0,,,,0.5513,0.0,0.0,0.0,0.0
6,5,5,0,,,,0.54445,0.0,0.0,0.0,0.0
6,6,5,0,,,,0.5420333,0.0,0.0,0.0,1.66
6,7,5,0,,,,0.54713887,0.0,0.0,0.0,9.01
6,8,5,0,,,,0.5471333,0.0,0.0,0.0,50.33
6,9,5,0,,,,0.5498833,0.0,0.0,0.0,92.18
6,10,5,0,,,,0.62005,0.0,0.0,0.0,378.8
6,11,5,0,,,,0.68495,0.0,0.0,0.0,696.78
6,12,5,0,,,,0.70198333,0.0,0.0,0.0,441.16
6,13,5,0,,,,0.7877945,0.0,0.0,0.0,535.93
6,14,5,0,,,,1.5484834,0.0,0.0,0.0,584.37
6,15,5,0,,,,3.9238112,0.0,0.0,0.0,680.57
6,16,5,0,,,,4.951908,0.0,0.0,0.0,424.74
6,17,5,0,,,,3.3114388,0.0,0.0,0.0,390.19
6,18,5,0,,,,2.3709667,0.0,0.0,0.0,192.68
6,19,5,0,,,,1.5767778,0.0,0.0,0.0,44.26
6,20,5,0,,,,1.4066167,0.0,0.0,0.0,21.33
6,21,5,0,,,,1.3788944,0.0,0.0,0.0,0.0
6,22,5,0,,,,1.5127667,0.0,0.0,0.0,0.0
6,23,5,0,,,,0.8918667,0.0,0.0,0.0,0.0
6,24,5,0,,,,0.7536333,0.0,0.0,0.0,0.0
7,1,6,0,,,,0.7154056,0.0,0.0,0.0,0.0
7,2,6,0,,,,0.60915,0.0,0.0,0.0,0.0
7,3,6,0,,,,0.55163336,0.0,0.0,0.0,0.0
7,4,6,0,,,,0.5471,0.0,0.0,0.0,0.0
7,5,6,0,,,,0.54951113,0.0,0.0,0.0,0.0
7,6,6,0,,,,0.5441167,0.0,0.0,0.0,36.2
7,7,6,0,,,,0.54515,0.0,0.0,0.0,87.64
7,8,6,0,,,,0.5473,0.0,0.0,0.0,264.07
7,9,6,0,,,,0.5474667,0.0,0.0,0.0,438.36
7,10,6,0,,,,0.6394333,0.0,0.0,0.0,587.05
7,11,6,0,,,,1.1602222,0.0,0.0,0.0,684.31
7,12,6,0,,,,0.74516666,0.0,0.0,0.0,736.15
7,13,6,0,,,,0.76917225,0.0,0.0,0.0,757.63
7,14,6,0,,,,3.8362,0.0,0.0,0.0,728.24
7,15,6,0,,,,1.106125,0.0,0.0,0.0,645.67
7,16,6,0,,,,0.77615,0.0,0.0,0.0,534.61
7,17,6,0,,,,0.6896333,0.0,0.0,0.0,373.48
7,18,6,0,,,,5.6042333,0.0,0.0,0.0,193.25
7,19,6,0,,,,4.85065,0.0,0.0,0.0,52.03
7,20,6,0,,,,2.8305333,0.0,0.0,0.0,19.49
7,21,6,0,,,,5.329467,0.0,0.0,0.0,0.0
7,22,6,0,,,,4.23555,0.0,0.0,0.0,0.0
7,23,6,0,,,,1.4704778,0.0,0.0,0.0,0.0
7,24,6,0,,,,1.2806083,0.0,0.0,0.0,0.0
7,1,7,0,,,,1.1877944,0.0,0.0,0.0,0.0
7,2,7,0,,,,1.1181,0.0,0.0,0.0,0.0
7,3,7,0,,,,0.78208333,0.0,0.0,0.0,0.0
7,4,7,0,,,,0.76086664,0.0,0.0,0.0,0.0
7,5,7,0,,,,0.54683334,0.0,0.0,0.0,0.0
7,6,7,0,,,,0.53946114,0.0,0.0,0.0,29.48
7,7,7,0,,,,0.53693336,0.0,0.0,0.0,97.95
7,8,7,0,,,,0.54213333,0.0,0.0,0.0,225.87
7,9,7,0,,,,0.54508334,0.0,0.0,0.0,393.48
7,10,7,0,,,,0.5506667,0.0,0.0,0.0,319.71
7,11,7,0,,,,0.7063444,0.0,0.0,0.0,652.0
7,12,7,0,,,,0.83311665,0.0,0.0,0.0,669.68
7,13,7,0,,,,2.192539,0.0,0.0,0.0,232.5
7,14,7,0,,,,2.03155,0.0,0.0,0.0,126.59
7,15,7,0,,,,3.4165223,0.0,0.0,0.0,322.32
7,16,7,0,,,,2.6752167,0.0,0.0,0.0,515.49
7,17,7,0,,,,2.6401167,0.0,0.0,0.0,185.24
7,18,7,0,,,,2.5388334,0.0,0.0,0.0,184.46
7,19,7,0,,,,1.5301223,0.0,0.0,0.0,54.69
7,20,7,0,,,,1.4683167,0.0,0.0,0.0,19.44
7,21,7,0,,,,1.6086944,0.0,0.0,0.0,0.0
7,22,7,0,,,,1.8898166,0.0,0.0,0.0,0.0
7,23,7,0,,,,1.6978222,0.0,0.0,0.0,0.0
7,24,7,0,,,,0.718,0.0,0.0,0.0,0.0
7,1,1,0,,,,0.70805275,0.0,0.0,0.0,0.0
7,2,1,0,,,,0.8609667,0.0,0.0,0.0,0.0
7,3,1,0,,,,0.31601667,0.0,0.0,0.0,0.0
7,4,1,0,,,,0.3035,0.0,0.0,0.0,0.0
7,5,1,0,,,,0.8236167,0.0,0.0,0.0,0.0
7,6,1,0,,,,0.23706667,0.0,0.0,0.0,34.75
7,7,1,0,,,,0.23363334,0.0,0.0,0.0,88.42
7,8,1,0,,,,0.22766666,0.0,0.0,0.0,274.14
7,9,1,0,,,,0.22753888,0.0,0.0,0.0,462.98
7,10,1,0,,,,0.22038333,0.0,0.0,0.0,625.08
7,11,1,0,,,,0.39139444,0.0,0.0,0.0,723.58
7,12,1,0,,,,0.42666668,0.0,0.0,0.0,605.93
7,13,1,0,,,,0.6340778,0.0,0.0,0.0,636.66
7,14,1,0,,,,0.86983335,0.0,0.0,0.0,707.46
7,15,1,0,,,,3.8763056,0.0,0.0,0.0,620.33
7,16,1,0,,,,3.6914167,0.0,0.0,0.0,526.77
7,17,1,0,,,,3.6500168,0.0,0.0,0.0,339.2
7,18,1,0,,,,3.04245,0.0,0.0,0.0,191.05
7,19,1,0,,,,1.8167,0.0,0.0,0.0,73.8
7,20,1,0,,,,1.00305,0.0,0.0,0.0,21.66
7,21,1,0,,,,0.8964667,0.0,0.0,0.0,0.0
7,22,1,0,,,,2.0107667,0.0,0.0,0.0,0.0
7,23,1,0,,,,4.04445,0.0,0.0,0.0,0.0
7,24,1,0,,,,4.22855,0.0,0.0,0.0,0.0
7,1,2,0,,,,4.1278667,0.0,0.0,0.0,0.0
7,2,2,0,,,,1.4893944,0.0,0.0,0.0,0.0
7,3,2,0,,,,0.55826664,0.0,0.0,0.0,0.0
7,4,2,0,,,,0.24682222,0.0,0.0,0.0,0.0
7,5,2,0,,,,0.23228334,0.0,0.0,0.0,0.0
7,6,2,0,,,,0.22071667,0.0,0.0,0.0,35.37
7,7,2,0,,,,0.22315,0.0,0.0,0.0,102.96
7,8,2,0,,,,0.4298778,0.0,0.0,0.0,247.95
7,9,2,0,,,,0.40673333,0.0,0.0,0.0,469.21
7,10,2,0,,,,0.4434889,0.0,0.0,0.0,609.59
7,11,2,0,,,,0.48803332,0.0,0.0,0.0,459.7
7,12,2,0,,,,1.0024389,0.0,0.0,0.0,607.74
7,13,2,0,,,,2.3846166,0.0,0.0,0.0,662.93
7,14,2,0,,,,2.3899388,0.0,0.0,0.0,557.53
7,15,2,0,,,,2.3581667,0.0,0.0,0.0,344.08
7,16,2,0,,,,2.8021555,0.0,0.0,0.0,326.42
7,17,2,0,,,,3.97945,0.0,0.0,0.0,165.09
7,18,2,0,,,,3.1190112,0.0,0.0,0.0,190.2
7,19,2,0,,,,1.5741,0.0,0.0,0.0,69.21
7,20,2,0,,,,3.7718778,0.0,0.0,0.0,20.63
7,21,2,0,,,,3.1724,0.0,0.0,0.0,0.0
7,22,2,0,,,,2.1476166,0.0,0.0,0.0,0.0
7,23,2,0,,,,1.5141667,0.0,0.0,0.0,0.0
7,24,2,0,,,,1.6855111,0.0,0.0,0.0,0.0
7,1,3,0,,,,1.5043666,0.0,0.0,0.0,0.0
7,2,3,0,,,,1.1741111,0.0,0.0,0.0,0.0
7,3,3,0,,,,0.8580667,0.0,0.0,0.0,0.0
7,4,3,0,,,,0.51848334,0.0,0.0,0.0,0.0
7,5,3,0,,,,0.6993,0.0,0.0,0.0,0.0
7,6,3,0,,,,0.21235555,0.0,0.0,0.0,35.76
7,7,3,0,,,,0.45168334,0.0,0.0,0.0,83.0
7,8,3,0,,,,0.5760611,0.0,0.0,0.0,266.19
7,9,3,0,,,,0.45185,0.0,0.0,0.0,451.76
7,10,3,0,,,,0.6943278,0.0,0.0,0.0,614.7
7,11,3,0,,,,0.7904,0.0,0.0,0.0,654.02
7,12,3,0,,,,1.7264333,0.0,0.0,0.0,628.25
7,13,3,0,,,,1.68465,0.0,0.0,0.0,625.32
7,14,3,0,,,,2.9743779,0.0,0.0,0.0,571.17
7,15,3,0,,,,3.34365,0.0,0.0,0.0,533.06
7,16,3,0,,,,3.4423332,0.0,0.0,0.0,391.09
7,17,3,0,,,,3.1740334,0.0,0.0,0.0,283.78
7,18,3,0,,,,2.5854888,0.0,0.0,0.0,142.23
7,19,3,0,,,,1.7113667,0.0,0.0,0.0,8.06
7,20,3,0,,,,1.4621667,0.0,0.0,0.0,1.16
7,21,3,0,,,,1.9943,0.0,0.0,0.0,0.0
7,22,3,0,,,,1.9045833,0.0,0.0,0.0,0.0
7,23,3,0,,,,5.1965,0.0,0.0,0.0,0.0
7,24,3,0,,,,5.2057695,0.0,0.0,0.0,0.0
7,1,4,0,,,,5.683083,0.0,0.0,0.0,0.0
7,2,4,0,,,,3.231139,0.0,0.0,0.0,0.0
7,3,4,0,,,,1.385,0.0,0.0,0.0,0.0
7,4,4,0,,,,1.01695,0.0,0.0,0.0,0.0
7,5,4,0,,,,0.99663335,0.0,0.0,0.0,0.0
7,6,4,0,,,,0.68725556,0.0,0.0,0.0,10.57
7,7,4,0,,,,0.6935833,0.0,0.0,0.0,89.89
7,8,4,0,,,,0.47163334,0.0,0.0,0.0,273.5
7,9,4,0,,,,0.7453167,0.0,0.0,0.0,419.1
7,10,4,0,,,,0.8899389,0.0,0.0,0.0,592.35
7,11,4,0,,,,0.9044333,0.0,0.0,0.0,586.01
7,12,4,0,,,,0.9577778,0.0,0.0,0.0,666.24
7,13,4,0,,,,1.8988833,0.0,0.0,0.0,641.59
7,14,4,0,,,,3.64335,0.0,0.0,0.0,723.97
7,15,4,0,,,,4.2016,0.0,0.0,0.0,663.62
7,16,4,0,,,,2.6338167,0.0,0.0,0.0,540.39
7,17,4,0,,,,2.4892833,0.0,0.0,0.0,395.86
7,18,4,0,,,,1.8705833,0.0,0.0,0.0,207.82
7,19,4,0,,,,2.3396,0.0,0.0,0.0,56.89
7,20,4,0,,,,2.16155,0.0,0.0,0.0,21.01
7,21,4,0,,,,1.8572333,0.0,0.0,0.0,0.0
7,22,4,0,,,,1.99055,0.0,0.0,0.0,0.0
7,23,4,0,,,,2.0887833,0.0,0.0,0.0,0.0
7,24,4,0,,,,1.4709667,0.0,0.0,0.0,0.0
7,1,5,0,,,,1.6427166,0.0,0.0,0.0,0.0
7,2,5,0,,,,1.2738055,0.0,0.0,0.0,0.0
7,3,5,0,,,,1.04185,0.0,0.0,0.0,0.0
7,4,5,0,,,,1.2381889,0.0,0.0,0.0,0.0
7,5,5,0,,,,1.24185,0.0,0.0,0.0,0.0
7,6,5,0,,,,0.49222222,0.0,0.0,0.0,1.21
7,7,5,0,,,,0.7452833,0.0,0.0,0.0,10.1
7,8,5,0,,,,0.73348886,0.0,0.0,0.0,231.17
7,9,5,0,,,,0.5298379,0.0,0.0,0.0,304.44
7,10,5,0,,,,0.89265,0.0,0.0,0.0,578.77
7,11,5,0,,,,0.9754111,0.0,0.0,0.0,76.96
7,12,5,0,,,,1.2702833,0.0,0.0,0.0,173.37
7,13,5,0,,,,2.1213,0.0,0.0,0.0,520.47
7,14,5,0,,,,2.8046668,0.0,0.0,0.0,461.3
7,15,5,0,,,,3.0889723,0.0,0.0,0.0,662.5
7,16,5,0,,,,3.67805,0.0,0.0,0.0,281.98
7,17,5,0,,,,3.466539,0.0,0.0,0.0,157.07
7,18,5,0,,,,2.9148667,0.0,0.0,0.0,113.83
7,19,5,0,,,,2.0639834,0.0,0.0,0.0,5.9
7,20,5,0,,,,1.791,0.0,0.0,0.0,0.45
7,21,5,0,,,,2.8631444,0.0,0.0,0.0,0.0
7,22,5,0,,,,2.40525,0.0,0.0,0.0,0.0
7,23,5,0,,,,4.8316,0.0,0.0,0.0,0.0
7,24,5,0,,,,5.392875,0.0,0.0,0.0,0.0
7,1,6,0,,,,4.547578,0.0,0.0,0.0,0.0
7,2,6,0,,,,4.3785,0.0,0.0,0.0,0.0
7,3,6,0,,,,1.4121833,0.0,0.0,0.0,0.0
7,4,6,0,,,,1.0436167,0.0,0.0,0.0,0.0
7,5,6,0,,,,1.0139111,0.0,0.0,0.0,0.0
7,6,6,0,,,,1.0671084,0.0,0.0,0.0,1.22
7,7,6,0,,,,1.1071167,0.0,0.0,0.0,8.34
7,8,6,0,,,,0.7664222,0.0,0.0,0.0,43.51
7,9,6,0,,,,1.021975,0.0,0.0,0.0,193.25
7,10,6,0,,,,1.14115,0.0,0.0,0.0,566.62
7,11,6,0,,,,1.2244166,0.0,0.0,0.0,517.35
7,12,6,0,,,,1.7746167,0.0,0.0,0.0,421.59
7,13,6,0,,,,2.0049,0.0,0.0,0.0,513.75
7,14,6,0,,,,2.3356946,0.0,0.0,0.0,514.16
7,15,6,0,,,,4.8589835,0.0,0.0,0.0,133.07
7,16,6,0,,,,3.8155444,0.0,0.0,0.0,323.88
7,17,6,0,,,,3.8807166,0.0,0.0,0.0,272.93
7,18,6,0,,,,7.706978,0.0,0.0,0.0,160.49
7,19,6,0,,,,5.761133,0.0,0.0,0.0,72.47
7,20,6,0,,,,5.6835723,0.0,0.0,0.0,20.61
7,21,6,0,,,,5.5349164,0.0,0.0,0.0,0.0
7,22,6,0,,,,1.9862388,0.0,0.0,0.0,0.0
7,23,6,0,,,,1.37695,0.0,0.0,0.0,0.0
7,24,6,0,,,,1.3534778,0.0,0.0,0.0,0.0
7,1,7,0,,,,1.5383166,0.0,0.0,0.0,0.0
7,2,7,0,,,,1.0967444,0.0,0.0,0.0,0.0
7,3,7,0,,,,1.0418167,0.0,0.0,0.0,0.0
7,4,7,0,,,,0.9331722,0.0,0.0,0.0,0.0
7,5,7,0,,,,0.6217667,0.0,0.0,0.0,0.0
7,6,7,0,,,,0.752,0.0,0.0,0.0,19.27
7,7,7,0,,,,0.86918336,0.0,0.0,0.0,87.63
7,8,7,0,,,,0.7813889,0.0,0.0,0.0,268.44
7,9,7,0,,,,0.85585,0.0,0.0,0.0,429.86
7,10,7,0,,,,0.97532225,0.0,0.0,0.0,570.93
7,11,7,0,,,,1.2039334,0.0,0.0,0.0,692.09
7,12,7,0,,,,1.5991777,0.0,0.0,0.0,699.43
7,13,7,0,,,,2.2671168,0.0,0.0,0.0,416.54
7,14,7,0,,,,2.117825,0.0,0.0,0.0,661.77
7,15,7,0,,,,2.5329666,0.0,0.0,0.0,555.9
7,16,7,0,,,,4.9395943,0.0,0.0,0.0,484.29
7,17,7,0,,,,3.9469166,0.0,0.0,0.0,227.48
7,18,7,0,,,,3.1081388,0.0,0.0,0.0,199.43
7,19,7,0,,,,1.22575,0.0,0.0,0.0,51.5
7,20,7,0,,,,1.2711055,0.0,0.0,0.0,16.29
7,21,7,0,,,,1.4304833,0.0,0.0,0.0,0.0
7,22,7,0,,,,1.398539,0.0,0.0,0.0,0.0
7,23,7,0,,,,1.3672,0.0,0.0,0.0,0.0
7,24,7,0,,,,1.4042444,0.0,0.0,0.0,0.0
7,1,1,0,,,,1.4404833,0.0,0.0,0.0,0.0
7,2,1,0,,,,1.62225,0.0,0.0,0.0,0.0
7,3,1,0,,,,1.9225833,0.0,0.0,0.0,0.0
7,4,1,0,,,,1.6273834,0.0,0.0,0.0,0.0
7,5,1,0,,,,1.0647167,0.0,0.0,0.0,0.0
7,6,1,0,,,,0.68885,0.0,0.0,0.0,30.79
7,7,1,0,,,,0.93936664,0.0,0.0,0.0,35.45
7,8,1,0,,,,0.9338833,0.0,0.0,0.0,194.93
7,9,1,0,,,,0.8810167,0.0,0.0,0.0,70.24
7,10,1,0,,,,0.88013333,0.0,0.0,0.0,157.14
7,11,1,0,,,,0.9511167,0.0,0.0,0.0,220.7
7,12,1,0,,,,1.1667666,0.0,0.0,0.0,721.58
7,13,1,0,,,,1.7699833,0.0,0.0,0.0,602.41
7,14,1,0,,,,4.6483665,0.0,0.0,0.0,426.88
7,15,1,0,,,,6.577133,0.0,0.0,0.0,314.24
7,16,1,0,,,,5.3504,0.0,0.0,0.0,431.08
7,17,1,0,,,,3.5530112,0.0,0.0,0.0,284.86
7,18,1,0,,,,3.3843,0.0,0.0,0.0,109.57
7,19,1,0,,,,2.0323944,0.0,0.0,0.0,72.61
7,20,1,0,,,,3.1433666,0.0,0.0,0.0,20.26
7,21,1,0,,,,3.2180111,0.0,0.0,0.0,0.0
7,22,1,0,,,,2.59485,0.0,0.0,0.0,0.0
7,23,1,0,,,,2.3152416,0.0,0.0,0.0,0.0
7,24,1,0,,,,4.660617,0.0,0.0,0.0,0.0
7,1,2,0,,,,1.7407722,0.0,0.0,0.0,0.0
7,2,2,0,,,,1.3442667,0.0,0.0,0.0,0.0
7,3,2,0,,,,0.51596665,0.0,0.0,0.0,0.0
7,4,2,0,,,,0.68738335,0.0,0.0,0.0,0.0
7,5,2,0,,,,0.43950555,0.0,0.0,0.0,0.0
7,6,2,0,,,,0.46146667,0.0,0.0,0.0,0.87
7,7,2,0,,,,0.57715,0.0,0.0,0.0,8.51
7,8,2,0,,,,0.61006665,0.0,0.0,0.0,33.76
7,9,2,0,,,,0.9520722,0.0,0.0,0.0,128.24
7,10,2,0,,,,0.9144667,0.0,0.0,0.0,245.13
7,11,2,0,,,,4.3651333,0.0,0.0,0.0,432.39
7,12,2,0,,,,1.8203167,0.0,0.0,0.0,542.47
7,13,2,0,,,,1.2079889,0.0,0.0,0.0,439.91
7,14,2,0,,,,2.9704332,0.0,0.0,0.0,282.27
7,15,2,0,,,,4.459811,0.0,0.0,0.0,259.16
7,16,2,0,,,,6.54755,0.0,0.0,0.0,262.77
7,17,2,0,,,,6.7323613,0.0,0.0,0.0,265.21
7,18,2,0,,,,5.1598,0.0,0.0,0.0,186.14
7,19,2,0,,,,1.5417889,0.0,0.0,0.0,15.22
7,20,2,0,,,,4.3107667,0.0,0.0,0.0,20.31
7,21,2,0,,,,2.49915,0.0,0.0,0.0,0.0
7,22,2,0,,,,1.3642833,0.0,0.0,0.0,0.0
7,23,2,0,,,,1.1946944,0.0,0.0,0.0,0.0
7,24,2,0,,,,1.4326833,0.0,0.0,0.0,0.0
7,1,3,0,,,,0.95743334,0.0,0.0,0.0,0.0
7,2,3,0,,,,0.46188334,0.0,0.0,0.0,0.0
7,3,3,0,,,,0.44894445,0.0,0.0,0.0,0.0
7,4,3,0,,,,0.64276665,0.0,0.0,0.0,0.0
7,5,3,0,,,,0.22648333,0.0,0.0,0.0,0.0
7,6,3,0,,,,0.39008334,0.0,0.0,0.0,28.73
7,7,3,0,,,,0.3965889,0.0,0.0,0.0,67.63
7,8,3,0,,,,0.42721668,0.0,0.0,0.0,68.28
7,9,3,0,,,,0.57961667,0.0,0.0,0.0,303.87
7,10,3,0,,,,0.5143333,0.0,0.0,0.0,451.04
7,11,3,0,,,,0.69336665,0.0,0.0,0.0,628.65
7,12,3,0,,,,0.68221664,0.0,0.0,0.0,275.63
7,13,3,0,,,,1.1544223,0.0,0.0,0.0,377.22
7,14,3,0,,,,1.6265,0.0,0.0,0.0,120.49
7,15,3,0,,,,1.7232444,0.0,0.0,0.0,463.98
7,16,3,0,,,,1.9132333,0.0,0.0,0.0,414.6
7,17,3,0,,,,1.8794389,0.0,0.0,0.0,385.21
7,18,3,0,,,,1.7498667,0.0,0.0,0.0,53.65
7,19,3,0,,,,2.6306612,0.0,0.0,0.0,56.4
7,20,3,0,,,,1.7258166,0.0,0.0,0.0,18.85
7,21,3,0,,,,1.6260556,0.0,0.0,0.0,0.0
7,22,3,0,,,,3.1138666,0.0,0.0,0.0,0.0
7,23,3,0,,,,6.0429,0.0,0.0,0.0,0.0
7,24,3,0,,,,5.819608,0.0,0.0,0.0,0.0
7,1,4,0,,,,5.018411,0.0,0.0,0.0,0.0
7,2,4,0,,,,3.0093,0.0,0.0,0.0,0.0
7,3,4,0,,,,0.58445,0.0,0.0,0.0,0.0
7,4,4,0,,,,0.84063333,0.0,0.0,0.0,0.0
7,5,4,0,,,,0.6532056,0.0,0.0,0.0,0.0
7,6,4,0,,,,0.22151667,0.0,0.0,0.0,28.74
7,7,4,0,,,,0.22452778,0.0,0.0,0.0,87.97
7,8,4,0,,,,0.40818334,0.0,0.0,0.0,259.86
7,9,4,0,,,,0.38877666,0.0,0.0,0.0,428.57
7,10,4,0,,,,0.4219,0.0,0.0,0.0,587.78
7,11,4,0,,,,0.47373334,0.0,0.0,0.0,667.11
7,12,4,0,,,,0.52105,0.0,0.0,0.0,707.14
7,13,4,0,,,,1.0729778,0.0,0.0,0.0,712.05
7,14,4,0,,,,1.29885,0.0,0.0,0.0,682.24
7,15,4,0,,,,2.3616722,0.0,0.0,0.0,502.6
7,16,4,0,,,,5.5524,0.0,0.0,0.0,540.49
7,17,4,0,,,,2.2807112,0.0,0.0,0.0,252.56
7,18,4,0,,,,3.0255167,0.0,0.0,0.0,190.82
7,19,4,0,,,,6.5256944,0.0,0.0,0.0,48.61
7,20,4,0,,,,6.1984334,0.0,0.0,0.0,18.64
7,21,4,0,,,,5.524833,0.0,0.0,0.0,0.0
7,22,4,0,,,,2.86385,0.0,0.0,0.0,0.0
7,23,4,0,,,,1.2778667,0.0,0.0,0.0,0.0
7,24,4,0,,,,1.0403334,0.0,0.0,0.0,0.0
7,1,5,0,,,,0.62038887,0.0,0.0,0.0,0.0
7,2,5,0,,,,0.6222,0.0,0.0,0.0,0.0
7,3,5,0,,,,0.47898334,0.0,0.0,0.0,0.0
7,4,5,0,,,,0.66978335,0.0,0.0,0.0,0.0
7,5,5,0,,,,0.65331113,0.0,0.0,0.0,0.0
7,6,5,0,,,,0.26266667,0.0,0.0,0.0,3.51
7,7,5,0,,,,0.3910611,0.0,0.0,0.0,49.78
7,8,5,0,,,,0.40398332,0.0,0.0,0.0,94.9
7,9,5,0,,,,0.32588887,0.0,0.0,0.0,331.24
7,10,5,0,,,,0.45061666,0.0,0.0,0.0,553.51
7,11,5,0,,,,0.66484445,0.0,0.0,0.0,669.94
7,12,5,0,,,,0.96561664,0.0,0.0,0.0,511.84
7,13,5,0,,,,1.1067277,0.0,0.0,0.0,289.31
7,14,5,0,,,,1.57895,0.0,0.0,0.0,49.37
7,15,5,0,,,,1.8802389,0.0,0.0,0.0,39.27
7,16,5,0,,,,3.0839334,0.0,0.0,0.0,164.84
7,17,5,0,,,,2.560339,0.0,0.0,0.0,66.78
7,18,5,0,,,,2.25835,0.0,0.0,0.0,182.02
7,19,5,0,,,,1.7535944,0.0,0.0,0.0,68.23
7,20,5,0,,,,1.8989667,0.0,0.0,0.0,17.6
7,21,5,0,,,,1.48275,0.0,0.0,0.0,0.0
7,22,5,0,,,,2.9754333,0.0,0.0,0.0,0.0
7,23,5,0,,,,5.262611,0.0,0.0,0.0,0.0
7,24,5,0,,,,7.3280997,0.0,0.0,0.0,0.0
7,1,6,0,,,,6.0047946,0.0,0.0,0.0,0.0
7,2,6,0,,,,3.7083666,0.0,0.0,0.0,0.0
7,3,6,0,,,,1.3040445,0.0,0.0,0.0,0.0
7,4,6,0,,,,1.16235,0.0,0.0,0.0,0.0
7,5,6,0,,,,1.1580666,0.0,0.0,0.0,0.0
7,6,6,0,,,,0.9162,0.0,0.0,0.0,0.85
7,7,6,0,,,,1.0282888,0.0,0.0,0.0,7.8
7,8,6,0,,,,1.1808167,0.0,0.0,0.0,27.6
7,9,6,0,,,,0.9810889,0.0,0.0,0.0,89.49
7,10,6,0,,,,1.1042334,0.0,0.0,0.0,98.36
7,11,6,0,,,,1.3323277,0.0,0.0,0.0,185.01
7,12,6,0,,,,1.6760167,0.0,0.0,0.0,129.13
7,13,6,0,,,,3.747989,0.0,0.0,0.0,106.53
7,14,6,0,,,,4.3800836,0.0,0.0,0.0,140.36
7,15,6,0,,,,8.116773,0.0,0.0,0.0,357.76
7,16,6,0,,,,7.6783834,0.0,0.0,0.0,162.26
7,17,6,0,,,,7.2282443,0.0,0.0,0.0,164.05
7,18,6,0,,,,6.8021336,0.0,0.0,0.0,186.08
7,19,6,0,,,,3.9364944,0.0,0.0,0.0,69.32
7,20,6,0,,,,3.66595,0.0,0.0,0.0,17.61
7,21,6,0,,,,2.0363722,0.0,0.0,0.0,0.0
7,22,6,0,,,,2.6757166,0.0,0.0,0.0,0.0
7,23,6,0,,,,2.3105445,0.0,0.0,0.0,0.0
7,24,6,0,,,,2.0480666,0.0,0.0,0.0,0.0
7,1,7,0,,,,1.8724172,0.0,0.0,0.0,0.0
7,2,7,0,,,,1.6227334,0.0,0.0,0.0,0.0
7,3,7,0,,,,2.3416166,0.0,0.0,0.0,0.0
7,4,7,0,,,,2.19865,0.0,0.0,0.0,0.0
7,5,7,0,,,,1.8104833,0.0,0.0,0.0,0.0
7,6,7,0,,,,1.6014167,0.0,0.0,0.0,0.87
7,7,7,0,,,,1.4844,0.0,0.0,0.0,82.73
7,8,7,0,,,,1.6316833,0.0,0.0,0.0,254.03
7,9,7,0,,,,1.6971667,0.0,0.0,0.0,436.02
7,10,7,0,,,,1.1200167,0.0,0.0,0.0,600.67
7,11,7,0,,,,2.8996665,0.0,0.0,0.0,694.26
7,12,7,0,,,,2.36125,0.0,0.0,0.0,746.07
7,13,7,0,,,,2.4220333,0.0,0.0,0.0,776.64
7,14,7,0,,,,5.8150167,0.0,0.0,0.0,748.24
7,15,7,0,,,,5.2709165,0.0,0.0,0.0,659.69
7,16,7,0,,,,4.0214334,0.0,0.0,0.0,424.99
7,17,7,0,,,,3.3393943,0.0,0.0,0.0,313.27
7,18,7,0,,,,2.92475,0.0,0.0,0.0,38.85
7,19,7,0,,,,1.7026,0.0,0.0,0.0,47.77
7,20,7,0,,,,1.4113667,0.0,0.0,0.0,17.36
7,21,7,0,,,,0.9795333,0.0,0.0,0.0,0.0
7,22,7,0,,,,4.022733,0.0,0.0,0.0,0.0
7,23,7,0,,,,4.3944945,0.0,0.0,0.0,0.0
7,24,7,0,,,,4.05835,0.0,0.0,0.0,0.0
7,1,1,0,,,,2.8274,0.0,0.0,0.0,0.0
7,2,1,0,,,,1.245,0.0,0.0,0.0,0.0
7,3,1,0,,,,1.4041667,0.0,0.0,0.0,0.0
7,4,1,0,,,,1.06615,0.0,0.0,0.0,0.0
7,5,1,0,,,,0.97715557,0.0,0.0,0.0,0.0
7,6,1,0,,,,0.98158336,0.0,0.0,0.0,0.49
7,7,1,0,,,,1.1165466,0.0,0.0,0.0,7.79
7,8,1,0,,,,1.35085,0.0,0.0,0.0,37.04
7,9,1,0,,,,1.0747278,0.0,0.0,0.0,33.23
7,10,1,0,,,,1.61915,0.0,0.0,0.0,53.35
7,11,1,0,,,,1.6564611,0.0,0.0,0.0,698.47
7,12,1,0,,,,3.4346166,0.0,0.0,0.0,463.66
7,13,1,0,,,,3.4081223,0.0,0.0,0.0,598.32
7,14,1,0,,,,3.3366666,0.0,0.0,0.0,446.51
7,15,1,0,,,,4.4263887,0.0,0.0,0.0,618.84
7,16,1,0,,,,4.2369165,0.0,0.0,0.0,129.37
7,17,1,0,,,,2.8134832,0.0,0.0,0.0,215.72
7,18,1,0,,,,3.6334667,0.0,0.0,0.0,143.62
7,19,1,0,,,,2.1766446,0.0,0.0,0.0,17.75
7,20,1,0,,,,3.2522333,0.0,0.0,0.0,13.37
7,21,1,0,,,,1.8852222,0.0,0.0,0.0,0.0
7,22,1,0,,,,2.05005,0.0,0.0,0.0,0.0
7,23,1,0,,,,1.7563444,0.0,0.0,0.0,0.0
7,24,1,0,,,,1.1282333,0.0,0.0,0.0,0.0
7,1,2,0,,,,0.8666889,0.0,0.0,0.0,0.0
7,2,2,0,,,,2.0725334,0.0,0.0,0.0,0.0
7,3,2,0,,,,0.8781111,0.0,0.0,0.0,0.0
7,4,2,0,,,,0.80048335,0.0,0.0,0.0,0.0
7,5,2,0,,,,0.50105,0.0,0.0,0.0,0.0
7,6,2,0,,,,0.72753334,0.0,0.0,0.0,0.51
7,7,2,0,,,,0.78555,0.0,0.0,0.0,91.1
7,8,2,0,,,,0.799,0.0,0.0,0.0,245.14
7,9,2,0,,,,0.76658887,0.0,0.0,0.0,430.95
7,10,2,0,,,,0.86433333,0.0,0.0,0.0,562.4
7,11,2,0,,,,1.0018444,0.0,0.0,0.0,670.32
7,12,2,0,,,,1.3535666,0.0,0.0,0.0,555.84
7,13,2,0,,,,1.1073778,0.0,0.0,0.0,304.63
7,14,2,0,,,,1.8712833,0.0,0.0,0.0,754.45
7,15,2,0,,,,2.5830112,0.0,0.0,0.0,488.89
7,16,2,0,,,,4.1627336,0.0,0.0,0.0,458.91
7,17,2,0,,,,7.389539,0.0,0.0,0.0,334.04
7,18,2,0,,,,6.1142836,0.0,0.0,0.0,159.79
7,19,2,0,,,,4.8352942,0.0,0.0,0.0,50.36
7,20,2,0,,,,4.74015,0.0,0.0,0.0,16.88
7,21,2,0,,,,3.2938445,0.0,0.0,0.0,0.0
7,22,2,0,,,,2.0399833,0.0,0.0,0.0,0.0
7,23,2,0,,,,1.13675,0.0,0.0,0.0,0.0
7,24,2,0,,,,1.2222084,0.0,0.0,0.0,0.0
7,1,3,0,,,,0.98573333,0.0,0.0,0.0,0.0
7,2,3,0,,,,1.0744333,0.0,0.0,0.0,0.0
7,3,3,0,,,,0.38541666,0.0,0.0,0.0,0.0
7,4,3,0,,,,0.57926667,0.0,0.0,0.0,0.0
7,5,3,0,,,,0.55815554,0.0,0.0,0.0,0.0
7,6,3,0,,,,0.5237333,0.0,0.0,0.0,8.8
7,7,3,0,,,,0.40538332,0.0,0.0,0.0,84.45
7,8,3,0,,,,0.6993667,0.0,0.0,0.0,253.5
7,9,3,0,,,,0.5234278,0.0,0.0,0.0,439.39
7,10,3,0,,,,0.73545,0.0,0.0,0.0,605.75
7,11,3,0,,,,0.87307775,0.0,0.0,0.0,708.68
7,12,3,0,,,,1.37295,0.0,0.0,0.0,660.23
7,13,3,0,,,,3.2353334,0.0,0.0,0.0,558.13
7,14,3,0,,,,4.30015,0.0,0.0,0.0,512.26
7,15,3,0,,,,3.9328666,0.0,0.0,0.0,365.76
7,16,3,0,,,,3.9478166,0.0,0.0,0.0,195.03
7,17,3,0,,,,3.876861,0.0,0.0,0.0,290.03
7,18,3,0,,,,3.4934666,0.0,0.0,0.0,203.92
7,19,3,0,,,,2.5770721,0.0,0.0,0.0,41.81
7,20,3,0,,,,2.3607666,0.0,0.0,0.0,16.02
7,21,3,0,,,,1.2698444,0.0,0.0,0.0,0.0
7,22,3,0,,,,0.78636664,0.0,0.0,0.0,0.0
7,23,3,0,,,,4.0654335,0.0,0.0,0.0,0.0
7,24,3,0,,,,4.857125,0.0,0.0,0.0,0.0
7,1,4,0,,,,4.270878,0.0,0.0,0.0,0.0
7,2,4,0,,,,3.3859,0.0,0.0,0.0,0.0
7,3,4,0,,,,0.47759444,0.0,0.0,0.0,0.0
7,4,4,0,,,,0.68035,0.0,0.0,0.0,0.0
7,5,4,0,,,,0.5800222,0.0,0.0,0.0,0.0
7,6,4,0,,,,0.4215,0.0,0.0,0.0,10.57
7,7,4,0,,,,0.4415,0.0,0.0,0.0,83.9
7,8,4,0,,,,0.71071666,0.0,0.0,0.0,242.42
7,9,4,0,,,,0.4928,0.0,0.0,0.0,421.66
7,10,4,0,,,,0.8136,0.0,0.0,0.0,575.06
7,11,4,0,,,,0.8410556,0.0,0.0,0.0,654.92
7,12,4,0,,,,1.0826,0.0,0.0,0.0,628.97
7,13,4,0,,,,1.7958611,0.0,0.0,0.0,642.21
7,14,4,0,,,,1.81495,0.0,0.0,0.0,594.14
7,15,4,0,,,,5.874706,0.0,0.0,0.0,424.9
7,16,4,0,,,,6.1007833,0.0,0.0,0.0,523.15
7,17,4,0,,,,6.2696834,0.0,0.0,0.0,366.68
7,18,4,0,,,,5.8735,0.0,0.0,0.0,197.05
7,19,4,0,,,,1.69035,0.0,0.0,0.0,46.23
7,20,4,0,,,,1.2813833,0.0,0.0,0.0,14.59
7,21,4,0,,,,1.52075,0.0,0.0,0.0,0.0
7,22,4,0,,,,1.56005,0.0,0.0,0.0,0.0
7,23,4,0,,,,1.7133,0.0,0.0,0.0,0.0
7,24,4,0,,,,2.2357166,0.0,0.0,0.0,0.0
7,1,5,0,,,,2.1011446,0.0,0.0,0.0,0.0
7,2,5,0,,,,2.27215,0.0,0.0,0.0,0.0
7,3,5,0,,,,1.2890445,0.0,0.0,0.0,0.0
7,4,5,0,,,,1.11855,0.0,0.0,0.0,0.0
7,5,5,0,,,,1.0327834,0.0,0.0,0.0,0.0
7,6,5,0,,,,0.64748335,0.0,0.0,0.0,0.15
7,7,5,0,,,,0.5070389,0.0,0.0,0.0,6.55
7,8,5,0,,,,0.6688167,0.0,0.0,0.0,149.62
7,9,5,0,,,,0.6624889,0.0,0.0,0.0,369.34
7,10,5,0,,,,0.67606664,0.0,0.0,0.0,478.35
7,11,5,0,,,,0.9681722,0.0,0.0,0.0,643.36
7,12,5,0,,,,2.6031,0.0,0.0,0.0,696.16
7,13,5,0,,,,1.5405166,0.0,0.0,0.0,599.73
7,14,5,0,,,,2.2762666,0.0,0.0,0.0,435.01
7,15,5,0,,,,1.7697333,0.0,0.0,0.0,289.92
7,16,5,0,,,,2.0489666,0.0,0.0,0.0,73.44
7,17,5,0,,,,2.0459611,0.0,0.0,0.0,38.4
7,18,5,0,,,,1.7281166,0.0,0.0,0.0,83.52
7,19,5,0,,,,0.97111666,0.0,0.0,0.0,44.84
7,20,5,0,,,,0.8947667,0.0,0.0,0.0,14.55
7,21,5,0,,,,1.6018555,0.0,0.0,0.0,0.0
7,22,5,0,,,,1.54535,0.0,0.0,0.0,0.0
7,23,5,0,,,,5.2609,0.0,0.0,0.0,0.0
7,24,5,0,,,,5.1462584,0.0,0.0,0.0,0.0
7,1,6,0,,,,4.8728776,0.0,0.0,0.0,0.0
7,2,6,0,,,,3.5450833,0.0,0.0,0.0,0.0
7,3,6,0,,,,1.0675445,0.0,0.0,0.0,0.0
7,4,6,0,,,,1.1079667,0.0,0.0,0.0,0.0
7,5,6,0,,,,0.85742223,0.0,0.0,0.0,0.0
7,6,6,0,,,,0.73008335,0.0,0.0,0.0,0.14
7,7,6,0,,,,0.7610111,0.0,0.0,0.0,79.93
7,8,6,0,,,,0.7446833,0.0,0.0,0.0,177.99
7,9,6,0,,,,0.7243111,0.0,0.0,0.0,250.03
7,10,6,0,,,,0.7499667,0.0,0.0,0.0,99.66
7,11,6,0,,,,1.1022167,0.0,0.0,0.0,156.36
7,12,6,0,,,,1.4009833,0.0,0.0,0.0,192.65
7,13,6,0,,,,3.2782667,0.0,0.0,0.0,176.29
7,14,6,0,,,,3.5254667,0.0,0.0,0.0,538.78
7,15,6,0,,,,5.6267724,0.0,0.0,0.0,578.98
7,16,6,0,,,,4.6843166,0.0,0.0,0.0,381.67
7,17,6,0,,,,6.264328,0.0,0.0,0.0,231.99
7,18,6,0,,,,6.1767,0.0,0.0,0.0,186.69
7,19,6,0,,,,5.3041224,0.0,0.0,0.0,55.26
7,20,6,0,,,,1.69695,0.0,0.0,0.0,11.97
7,21,6,0,,,,1.2251611,0.0,0.0,0.0,0.0
7,22,6,0,,,,1.1255167,0.0,0.0,0.0,0.0
7,23,6,0,,,,1.1009055,0.0,0.0,0.0,0.0
7,24,6,0,,,,0.84425,0.0,0.0,0.0,0.0
7,1,7,0,,,,1.0761,0.0,0.0,0.0,0.0
7,2,7,0,,,,0.84938335,0.0,0.0,0.0,0.0
7,3,7,0,,,,0.97548336,0.0,0.0,0.0,0.0
7,4,7,0,,,,0.79426664,0.0,0.0,0.0,0.0
7,5,7,0,,,,0.7701611,0.0,0.0,0.0,0.0
7,6,7,0,,,,0.7467333,0.0,0.0,0.0,2.05
7,7,7,0,,,,0.7608167,0.0,0.0,0.0,6.57
7,8,7,0,,,,0.9716333,0.0,0.0,0.0,139.54
7,9,7,0,,,,0.7863333,0.0,0.0,0.0,335.52
7,10,7,0,,,,1.05875,0.0,0.0,0.0,328.64
7,11,7,0,,,,1.12225,0.0,0.0,0.0,631.75
7,12,7,0,,,,1.2261333,0.0,0.0,0.0,676.12
7,13,7,0,,,,1.3276167,0.0,0.0,0.0,717.78
7,14,7,0,,,,1.8976333,0.0,0.0,0.0,621.32
7,15,7,0,,,,2.479561,0.0,0.0,0.0,533.78
7,16,7,0,,,,2.2515333,0.0,0.0,0.0,459.74
7,17,7,0,,,,2.2416556,0.0,0.0,0.0,299.62
7,18,7,0,,,,2.0858834,0.0,0.0,0.0,183.9
7,19,7,0,,,,1.4626222,0.0,0.0,0.0,43.21
7,20,7,0,,,,0.98998404,0.0,0.0,0.0,12.52
7,21,7,0,,,,1.1227666,0.0,0.0,0.0,0.0
7,22,7,0,,,,0.8760833,0.0,0.0,0.0,0.0
7,23,7,0,,,,1.0145833,0.0,0.0,0.0,0.0
7,24,7,0,,,,0.8419,0.0,0.0,0.0,0.0
7,1,1,0,,,,0.98081666,0.0,0.0,0.0,0.0
7,2,1,0,,,,0.76781666,0.0,0.0,0.0,0.0
7,3,1,0,,,,0.76869166,0.0,0.0,0.0,0.0
7,4,1,0,,,,0.76856667,0.0,0.0,0.0,0.0
7,5,1,0,,,,0.74521667,0.0,0.0,0.0,0.0
7,6,1,0,,,,0.5929667,0.0,0.0,0.0,0.15
7,7,1,0,,,,0.7424667,0.0,0.0,0.0,6.61
7,8,1,0,,,,0.7415,0.0,0.0,0.0,55.6
7,9,1,0,,,,0.9393,0.0,0.0,0.0,221.76
7,10,1,0,,,,0.8025944,0.0,0.0,0.0,431.8
7,11,1,0,,,,0.99051666,0.0,0.0,0.0,496.69
7,12,1,0,,,,0.7887667,0.0,0.0,0.0,571.61
7,13,1,0,,,,1.0214666,0.0,0.0,0.0,640.37
7,14,1,0,,,,1.1004944,0.0,0.0,0.0,525.91
7,15,1,0,,,,1.2278,0.0,0.0,0.0,441.14
7,16,1,0,,,,1.4111778,0.0,0.0,0.0,432.56
7,17,1,0,,,,1.6355166,0.0,0.0,0.0,376.76
7,18,1,0,,,,1.1572778,0.0,0.0,0.0,190.36
7,19,1,0,,,,1.0947584,0.0,0.0,0.0,54.68
7,20,1,0,,,,0.8359,0.0,0.0,0.0,12.57
7,21,1,0,,,,1.0307444,0.0,0.0,0.0,0.0
7,22,1,0,,,,0.81465,0.0,0.0,0.0,0.0
7,23,1,0,,,,1.2549167,0.0,0.0,0.0,0.0
7,24,1,0,,,,0.7776667,0.0,0.0,0.0,0.0
7,1,2,0,,,,0.76465,0.0,0.0,0.0,0.0
7,2,2,0,,,,0.7488111,0.0,0.0,0.0,0.0
7,3,2,0,,,,0.7640667,0.0,0.0,0.0,0.0
7,4,2,0,,,,0.7342889,0.0,0.0,0.0,0.0
7,5,2,0,,,,0.58858335,0.0,0.0,0.0,0.0
7,6,2,0,,,,0.7246889,0.0,0.0,0.0,0.84
7,7,2,0,,,,0.5883167,0.0,0.0,0.0,80.72
7,8,2,0,,,,0.7264722,0.0,0.0,0.0,236.0
7,9,2,0,,,,0.7403,0.0,0.0,0.0,419.0
7,10,2,0,,,,0.80565554,0.0,0.0,0.0,545.85
7,11,2,0,,,,0.97035,0.0,0.0,0.0,618.07
7,12,2,0,,,,1.1040778,0.0,0.0,0.0,705.62
7,13,2,0,,,,1.2105,0.0,0.0,0.0,749.85
7,14,2,0,,,,1.3419389,0.0,0.0,0.0,739.74
7,15,2,0,,,,1.8448833,0.0,0.0,0.0,643.79
7,16,2,0,,,,2.0751889,0.0,0.0,0.0,303.18
7,17,2,0,,,,1.9254,0.0,0.0,0.0,34.67
7,18,2,0,,,,1.8568277,0.0,0.0,0.0,187.27
7,19,2,0,,,,1.2626667,0.0,0.0,0.0,54.9
7,20,2,0,,,,1.1467667,0.0,0.0,0.0,0.0
7,21,2,0,,,,1.0833666,0.0,0.0,0.0,0.0
7,22,2,0,,,,0.8206611,0.0,0.0,0.0,0.0
7,23,2,0,,,,1.0293334,0.0,0.0,0.0,0.0
7,24,2,0,,,,0.7914139,0.0,0.0,0.0,0.0
7,1,3,0,,,,0.79165,0.0,0.0,0.0,0.0
7,2,3,0,,,,0.77493334,0.0,0.0,0.0,0.0
7,3,3,0,,,,0.7517667,0.0,0.0,0.0,0.0
7,4,3,0,,,,0.74628335,0.0,0.0,0.0,0.0
7,5,3,0,,,,0.90243334,0.0,0.0,0.0,0.0
7,6,3,0,,,,0.5899722,0.0,0.0,0.0,0.0
7,7,3,0,,,,0.7454,0.0,0.0,0.0,9.54
7,8,3,0,,,,0.75497776,0.0,0.0,0.0,32.27
7,9,3,0,,,,0.7639167,0.0,0.0,0.0,419.34
7,10,3,0,,,,0.78885,0.0,0.0,0.0,381.22
7,11,3,0,,,,1.0525167,0.0,0.0,0.0,665.73
7,12,3,0,,,,1.1639944,0.0,0.0,0.0,713.68
7,13,3,0,,,,1.2345834,0.0,0.0,0.0,581.5
7,14,3,0,,,,1.7076445,0.0,0.0,0.0,506.12
7,15,3,0,,,,2.1605334,0.0,0.0,0.0,507.56
7,16,3,0,,,,2.3830056,0.0,0.0,0.0,245.98
7,17,3,0,,,,2.1879833,0.0,0.0,0.0,108.36
7,18,3,0,,,,2.171,0.0,0.0,0.0,179.78
7,19,3,0,,,,1.7183334,0.0,0.0,0.0,55.98
7,20,3,0,,,,1.2766,0.0,0.0,0.0,10.05
7,21,3,0,,,,1.1394334,0.0,0.0,0.0,0.0
7,22,3,0,,,,0.93811667,0.0,0.0,0.0,0.0
7,23,3,0,,,,1.0064278,0.0,0.0,0.0,0.0
7,24,3,0,,,,1.051275,0.0,0.0,0.0,0.0
7,1,4,0,,,,0.82528335,0.0,0.0,0.0,0.0
7,2,4,0,,,,0.82621664,0.0,0.0,0.0,0.0
7,3,4,0,,,,0.9303167,0.0,0.0,0.0,0.0
7,4,4,0,,,,0.7996167,0.0,0.0,0.0,0.0
7,5,4,0,,,,0.7955,0.0,0.0,0.0,0.0
7,6,4,0,,,,0.583,0.0,0.0,0.0,0.85
7,7,4,0,,,,0.68669164,0.0,0.0,0.0,78.58
7,8,4,0,,,,0.94895,0.0,0.0,0.0,229.54
7,9,4,0,,,,0.77575,0.0,0.0,0.0,412.26
7,10,4,0,,,,1.0586667,0.0,0.0,0.0,567.87
7,11,4,0,,,,0.94929445,0.0,0.0,0.0,671.7
7,12,4,0,,,,1.35655,0.0,0.0,0.0,701.78
7,13,4,0,,,,1.6887,0.0,0.0,0.0,666.17
7,14,4,0,,,,1.5814333,0.0,0.0,0.0,549.17
7,15,4,0,,,,1.9626944,0.0,0.0,0.0,585.47
7,16,4,0,,,,2.3494666,0.0,0.0,0.0,495.43
7,17,4,0,,,,2.2890167,0.0,0.0,0.0,359.23
7,18,4,0,,,,2.2841833,0.0,0.0,0.0,183.92
7,19,4,0,,,,1.4310222,0.0,0.0,0.0,44.87
7,20,4,0,,,,1.3450167,0.0,0.0,0.0,9.44
7,21,4,0,,,,1.0846,0.0,0.0,0.0,0.0
7,22,4,0,,,,0.9686,0.0,0.0,0.0,0.0
7,23,4,0,,,,1.0414222,0.0,0.0,0.0,0.0
7,24,4,0,,,,1.0443833,0.0,0.0,0.0,0.0
7,1,5,0,,,,0.80948335,0.0,0.0,0.0,0.0
7,2,5,0,,,,0.82418334,0.0,0.0,0.0,0.0
7,3,5,0,,,,0.8165,0.0,0.0,0.0,0.0
7,4,5,0,,,,0.90015,0.0,0.0,0.0,0.0
7,5,5,0,,,,0.59638333,0.0,0.0,0.0,0.0
7,6,5,0,,,,0.7338,0.0,0.0,0.0,3.43
7,7,5,0,,,,0.74575,0.0,0.0,0.0,75.07
7,8,5,0,,,,0.74901664,0.0,0.0,0.0,203.72
7,9,5,0,,,,0.78168887,0.0,0.0,0.0,393.62
7,10,5,0,,,,0.8165,0.0,0.0,0.0,553.44
7,11,5,0,,,,1.1256555,0.0,0.0,0.0,660.03
7,12,5,0,,,,1.2018666,0.0,0.0,0.0,738.38
7,13,5,0,,,,1.2722445,0.0,0.0,0.0,706.56
7,14,5,0,,,,1.6333667,0.0,0.0,0.0,638.19
7,15,5,0,,,,2.1643333,0.0,0.0,0.0,547.92
7,16,5,0,,,,2.28785,0.0,0.0,0.0,468.54
7,17,5,0,,,,2.2380333,0.0,0.0,0.0,325.65
7,18,5,0,,,,1.9865333,0.0,0.0,0.0,183.26
7,19,5,0,,,,1.4749222,0.0,0.0,0.0,49.5
7,20,5,0,,,,1.4155834,0.0,0.0,0.0,7.15
7,21,5,0,,,,0.9843778,0.0,0.0,0.0,0.0
7,22,5,0,,,,1.0783666,0.0,0.0,0.0,0.0
7,23,5,0,,,,0.8535278,0.0,0.0,0.0,0.0
7,24,5,0,,,,0.951175,0.0,0.0,0.0,0.0
7,1,6,0,,,,0.78952223,0.0,0.0,0.0,0.0
7,2,6,0,,,,0.76841664,0.0,0.0,0.0,0.0
7,3,6,0,,,,0.7471611,0.0,0.0,0.0,0.0
7,4,6,0,,,,0.5947667,0.0,0.0,0.0,0.0
7,5,6,0,,,,0.728125,0.0,0.0,0.0,0.0
7,6,6,0,,,,0.58695,0.0,0.0,0.0,0.0
7,7,6,0,,,,0.59317225,0.0,0.0,0.0,72.59
7,8,6,0,,,,0.7525167,0.0,0.0,0.0,207.69
7,9,6,0,,,,0.76685,0.0,0.0,0.0,229.31
7,10,6,0,,,,0.98360556,0.0,0.0,0.0,501.67
7,11,6,0,,,,0.8269333,0.0,0.0,0.0,533.53
7,12,6,0,,,,1.1666722,0.0,0.0,0.0,373.62
7,13,6,0,,,,1.2187166,0.0,0.0,0.0,356.12
7,14,6,0,,,,1.7034612,0.0,0.0,0.0,217.8
7,15,6,0,,,,2.0421834,0.0,0.0,0.0,573.26
7,16,6,0,,,,2.29455,0.0,0.0,0.0,82.53
7,17,6,0,,,,2.207,0.0,0.0,0.0,47.64
7,18,6,0,,,,2.0688944,0.0,0.0,0.0,118.6
7,19,6,0,,,,1.2912834,0.0,0.0,0.0,40.92
7,20,6,0,,,,1.1476166,0.0,0.0,0.0,8.78
7,21,6,0,,,,1.0843834,0.0,0.0,0.0,0.0
7,22,6,0,,,,0.9152667,0.0,0.0,0.0,0.0
7,23,6,0,,,,0.9262667,0.0,0.0,0.0,0.0
7,24,6,0,,,,0.78671944,0.0,0.0,0.0,0.0
7,1,7,0,,,,0.7887167,0.0,0.0,0.0,0.0
7,2,7,0,,,,0.8449389,0.0,0.0,0.0,0.0
7,3,7,0,,,,0.9564833,0.0,0.0,0.0,0.0
7,4,7,0,,,,0.59477776,0.0,0.0,0.0,0.0
7,5,7,0,,,,0.59458333,0.0,0.0,0.0,0.0
7,6,7,0,,,,0.58832777,0.0,0.0,0.0,0.0
7,7,7,0,,,,0.594,0.0,0.0,0.0,62.14
7,8,7,0,,,,0.74788886,0.0,0.0,0.0,13.56
7,9,7,0,,,,0.5937167,0.0,0.0,0.0,81.32
7,10,7,0,,,,0.9241167,0.0,0.0,0.0,193.14
7,11,7,0,,,,0.7992167,0.0,0.0,0.0,213.36
7,12,7,0,,,,1.1032444,0.0,0.0,0.0,329.81
7,13,7,0,,,,1.1949333,0.0,0.0,0.0,566.46
7,14,7,0,,,,1.3366889,0.0,0.0,0.0,557.88
7,15,7,0,,,,2.0414834,0.0,0.0,0.0,416.26
7,16,7,0,,,,4.122772,0.0,0.0,0.0,494.9
7,17,7,0,,,,3.5055,0.0,0.0,0.0,240.32
7,18,7,0,,,,3.9495277,0.0,0.0,0.0,23.16
7,19,7,0,,,,4.9865665,0.0,0.0,0.0,3.68
7,20,7,0,,,,5.0207834,0.0,0.0,0.0,0.11
7,21,7,0,,,,4.6870666,0.0,0.0,0.0,0.0
7,22,7,0,,,,2.6404667,0.0,0.0,0.0,0.0
7,23,7,0,,,,0.8158,0.0,0.0,0.0,0.0
7,24,7,0,,,,1.0035167,0.0,0.0,0.0,0.0
7,1,1,0,,,,0.80506665,0.0,0.0,0.0,0.0
7,2,1,0,,,,0.87461114,0.0,0.0,0.0,0.0
7,3,1,0,,,,0.70895,0.0,0.0,0.0,0.0
7,4,1,0,,,,0.7046833,0.0,0.0,0.0,0.0
7,5,1,0,,,,0.67266667,0.0,0.0,0.0,0.0
7,6,1,0,,,,0.9392722,0.0,0.0,0.0,0.0
7,7,1,0,,,,0.7474,0.0,0.0,0.0,63.1
7,8,1,0,,,,0.79281664,0.0,0.0,0.0,216.56
7,9,1,0,,,,1.3281,0.0,0.0,0.0,273.82
7,10,1,0,,,,1.4502444,0.0,0.0,0.0,494.33
7,11,1,0,,,,1.7477833,0.0,0.0,0.0,512.92
7,12,1,0,,,,1.9802778,0.0,0.0,0.0,770.84
7,13,1,0,,,,3.7759666,0.0,0.0,0.0,709.22
7,14,1,0,,,,5.5243444,0.0,0.0,0.0,732.03
7,15,1,0,,,,6.2754,0.0,0.0,0.0,686.42
7,16,1,0,,,,4.3929887,0.0,0.0,0.0,546.79
7,17,1,0,,,,4.3261333,0.0,0.0,0.0,386.45
7,18,1,0,,,,5.6400113,0.0,0.0,0.0,197.98
7,19,1,0,,,,6.2753334,0.0,0.0,0.0,38.38
7,20,1,0,,,,4.244711,0.0,0.0,0.0,6.9
7,21,1,0,,,,4.1465836,0.0,0.0,0.0,0.0
7,22,1,0,,,,3.29365,0.0,0.0,0.0,0.0
7,23,1,0,,,,1.0669333,0.0,0.0,0.0,0.0
