month,hour,day_type,daylight_savings_status,indoor_dry_bulb_temperature,average_unmet_cooling_setpoint_difference,indoor_relative_humidity,non_shiftable_load,dhw_demand,cooling_demand,heating_demand,solar_generation
7,24,7,0,,,,1.0096232e-07,0.0,0.0,0.0,0.0
8,1,1,0,,,,1.01852415e-07,0.0,0.0,0.0,0.0
8,2,1,0,,,,1.00835166e-07,0.0,0.0,0.0,0.0
8,3,1,0,,,,1.0070801e-07,0.0,0.0,0.0,0.0
8,4,1,0,,,,1.01598104e-07,0.0,0.0,0.0,0.0
8,5,1,0,,,,9.943644e-08,0.0,0.0,0.0,0.0
8,6,1,0,,,,1.0421673e-07,0.0,0.0,0.0,0.87
8,7,1,0,,,,1.0063847e-07,0.0,0.0,0.0,41.12
8,8,1,0,,,,0.40593338,0.0,0.0,0.0,14.06
8,9,1,0,,,,0.12931676,0.0,0.0,0.0,58.05
8,10,1,0,,,,0.5406834,0.0,0.0,0.0,310.95
8,11,1,0,,,,0.6703,0.0,0.0,0.0,309.85
8,12,1,0,,,,2.1257334,0.0,0.0,0.0,408.25
8,13,1,0,,,,2.9453332,0.0,0.0,0.0,253.05
8,14,1,0,,,,1.4418334,0.0,0.0,0.0,171.52
8,15,1,0,,,,1.1886,0.0,0.0,0.0,75.01
8,16,1,0,,,,0.48453334,0.0,0.0,0.0,87.93
8,17,1,0,,,,0.018416762,0.0,0.0,0.0,82.53
8,18,1,0,,,,1.1647543e-07,0.0,0.0,0.0,39.56
8,19,1,0,,,,9.9515916e-08,0.0,0.0,0.0,13.2
8,20,1,0,,,,1.01184845e-07,0.0,0.0,0.0,2.03
8,21,1,0,,,,1.0032654e-07,0.0,0.0,0.0,0.0
8,22,1,0,,,,1.0008166e-07,0.0,0.0,0.0,0.0
8,23,1,0,,,,1.0150075e-07,0.0,0.0,0.0,0.0
8,24,1,0,,,,1.0341009e-07,0.0,0.0,0.0,0.0
8,1,2,0,,,,9.991129e-08,0.0,0.0,0.0,0.0
8,2,2,0,,,,9.9927185e-08,0.0,0.0,0.0,0.0
8,3,2,0,,,,9.9710626e-08,0.0,0.0,0.0,0.0
8,4,2,0,,,,9.9929174e-08,0.0,0.0,0.0,0.0
8,5,2,0,,,,9.969473e-08,0.0,0.0,0.0,0.0
8,6,2,0,,,,0.000166761,0.0,0.0,0.0,0.0
8,7,2,0,,,,0.003983418,0.0,0.0,0.0,11.5
8,8,2,0,,,,0.32430005,0.0,0.0,0.0,125.83
8,9,2,0,,,,1.1664833,0.0,0.0,0.0,134.75
8,10,2,0,,,,0.9182,0.0,0.0,0.0,390.48
8,11,2,0,,,,0.52075005,0.0,0.0,0.0,494.46
8,12,2,0,,,,0.8293833,0.0,0.0,0.0,330.74
8,13,2,0,,,,2.1025,0.0,0.0,0.0,511.35
8,14,2,0,,,,4.815067,0.0,0.0,0.0,245.64
8,15,2,0,,,,3.08925,0.0,0.0,0.0,386.38
8,16,2,0,,,,2.79475,0.0,0.0,0.0,437.32
8,17,2,0,,,,2.5212667,0.0,0.0,0.0,57.81
8,18,2,0,,,,3.4353166,0.0,0.0,0.0,191.58
8,19,2,0,,,,1.0034243e-07,0.0,0.0,0.0,40.21
8,20,2,0,,,,1.0041992e-07,0.0,0.0,0.0,4.87
8,21,2,0,,,,1.0274251e-07,0.0,0.0,0.0,0.0
8,22,2,0,,,,9.8609924e-08,0.0,0.0,0.0,0.0
8,23,2,0,,,,1.00030505e-07,0.0,0.0,0.0,0.0
8,24,2,0,,,,9.9833805e-08,0.0,0.0,0.0,0.0
8,1,3,0,,,,9.983778e-08,0.0,0.0,0.0,0.0
8,2,3,0,,,,9.991328e-08,0.0,0.0,0.0,0.0
8,3,3,0,,,,1.0035038e-07,0.0,0.0,0.0,0.0
8,4,3,0,,,,9.991328e-08,0.0,0.0,0.0,0.0
8,5,3,0,,,,9.9742415e-08,0.0,0.0,0.0,0.0
8,6,3,0,,,,9.9452336e-08,0.0,0.0,0.0,0.0
8,7,3,0,,,,1.0499954e-07,0.0,0.0,0.0,4.99
8,8,3,0,,,,0.1190834,0.0,0.0,0.0,141.86
8,9,3,0,,,,0.31313342,0.0,0.0,0.0,242.66
8,10,3,0,,,,0.72136664,0.0,0.0,0.0,197.38
8,11,3,0,,,,0.90425,0.0,0.0,0.0,245.73
8,12,3,0,,,,0.94095,0.0,0.0,0.0,365.33
8,13,3,0,,,,2.23715,0.0,0.0,0.0,226.42
8,14,3,0,,,,6.101333,0.0,0.0,0.0,50.03
8,15,3,0,,,,3.6067834,0.0,0.0,0.0,136.8
8,16,3,0,,,,4.4866834,0.0,0.0,0.0,259.39
8,17,3,0,,,,4.7129664,0.0,0.0,0.0,58.79
8,18,3,0,,,,0.24221678,0.0,0.0,0.0,64.11
8,19,3,0,,,,1.00547076e-07,0.0,0.0,0.0,16.24
8,20,3,0,,,,1.0210673e-07,0.0,0.0,0.0,0.13
8,21,3,0,,,,1.03886926e-07,0.0,0.0,0.0,0.0
8,22,3,0,,,,1.0380066e-07,0.0,0.0,0.0,0.0
8,23,3,0,,,,9.9389084e-08,0.0,0.0,0.0,0.0
8,24,3,0,,,,9.918213e-08,0.0,0.0,0.0,0.0
8,1,4,0,,,,9.9741584e-08,0.0,0.0,0.0,0.0
8,2,4,0,,,,9.964903e-08,0.0,0.0,0.0,0.0
8,3,4,0,,,,9.961526e-08,0.0,0.0,0.0,0.0
8,4,4,0,,,,9.783109e-08,0.0,0.0,0.0,0.0
8,5,4,0,,,,1.4453001,0.0,0.0,0.0,0.0
8,6,4,0,,,,2.6725,0.0,0.0,0.0,0.0
8,7,4,0,,,,1.19695,0.0,0.0,0.0,18.04
8,8,4,0,,,,1.5010166,0.0,0.0,0.0,183.25
8,9,4,0,,,,1.2936833,0.0,0.0,0.0,419.01
8,10,4,0,,,,1.3148167,0.0,0.0,0.0,566.92
8,11,4,0,,,,1.4594166,0.0,0.0,0.0,631.56
8,12,4,0,,,,2.05045,0.0,0.0,0.0,798.3
8,13,4,0,,,,2.3665333,0.0,0.0,0.0,807.67
8,14,4,0,,,,2.9019,0.0,0.0,0.0,789.21
8,15,4,0,,,,2.9764,0.0,0.0,0.0,700.18
8,16,4,0,,,,0.46538332,0.0,0.0,0.0,585.76
8,17,4,0,,,,0.6673333,0.0,0.0,0.0,399.45
8,18,4,0,,,,0.41273335,0.0,0.0,0.0,196.43
8,19,4,0,,,,2.6612334,0.0,0.0,0.0,36.93
8,20,4,0,,,,0.66601664,0.0,0.0,0.0,3.39
8,21,4,0,,,,0.67046666,0.0,0.0,0.0,0.0
8,22,4,0,,,,0.5344,0.0,0.0,0.0,0.0
8,23,4,0,,,,1.3674333,0.0,0.0,0.0,0.0
8,24,4,0,,,,3.3778667,0.0,0.0,0.0,0.0
8,1,5,0,,,,1.7623833,0.0,0.0,0.0,0.0
8,2,5,0,,,,2.5137167,0.0,0.0,0.0,0.0
8,3,5,0,,,,1.1891333,0.0,0.0,0.0,0.0
8,4,5,0,,,,1.37745,0.0,0.0,0.0,0.0
8,5,5,0,,,,0.68083334,0.0,0.0,0.0,0.0
8,6,5,0,,,,0.57671666,0.0,0.0,0.0,0.0
8,7,5,0,,,,1.0197,0.0,0.0,0.0,5.03
8,8,5,0,,,,0.76205,0.0,0.0,0.0,218.46
8,9,5,0,,,,0.8488,0.0,0.0,0.0,416.38
8,10,5,0,,,,1.5357833,0.0,0.0,0.0,574.11
8,11,5,0,,,,0.6437167,0.0,0.0,0.0,360.63
8,12,5,0,,,,1.8142333,0.0,0.0,0.0,234.37
8,13,5,0,,,,2.9663,0.0,0.0,0.0,818.82
8,14,5,0,,,,3.7788,0.0,0.0,0.0,769.98
8,15,5,0,,,,3.7796333,0.0,0.0,0.0,102.9
8,16,5,0,,,,3.32765,0.0,0.0,0.0,519.68
8,17,5,0,,,,3.1755834,0.0,0.0,0.0,311.95
8,18,5,0,,,,3.1934416,0.0,0.0,0.0,159.32
8,19,5,0,,,,0.6877583,0.0,0.0,0.0,46.91
8,20,5,0,,,,0.65695,0.0,0.0,0.0,3.88
8,21,5,0,,,,0.89891666,0.0,0.0,0.0,0.0
8,22,5,0,,,,3.3344166,0.0,0.0,0.0,0.0
8,23,5,0,,,,1.1856166,0.0,0.0,0.0,0.0
8,24,5,0,,,,1.6287333,0.0,0.0,0.0,0.0
8,1,6,0,,,,1.66165,0.0,0.0,0.0,0.0
8,2,6,0,,,,0.6709,0.0,0.0,0.0,0.0
8,3,6,0,,,,1.2816666,0.0,0.0,0.0,0.0
8,4,6,0,,,,0.6116,0.0,0.0,0.0,0.0
8,5,6,0,,,,0.88121665,0.0,0.0,0.0,0.0
8,6,6,0,,,,0.5800167,0.0,0.0,0.0,0.0
8,7,6,0,,,,0.75273335,0.0,0.0,0.0,70.93
8,8,6,0,,,,1.73585,0.0,0.0,0.0,240.35
8,9,6,0,,,,0.93158334,0.0,0.0,0.0,443.72
8,10,6,0,,,,1.7448833,0.0,0.0,0.0,607.61
8,11,6,0,,,,1.6556333,0.0,0.0,0.0,725.41
8,12,6,0,,,,2.6137834,0.0,0.0,0.0,741.76
8,13,6,0,,,,0.9945,0.0,0.0,0.0,797.03
8,14,6,0,,,,1.37745,0.0,0.0,0.0,776.28
8,15,6,0,,,,1.9659166,0.0,0.0,0.0,688.45
8,16,6,0,,,,1.2434,0.0,0.0,0.0,555.17
8,17,6,0,,,,1.6454834,0.0,0.0,0.0,380.07
8,18,6,0,,,,1.8993,0.0,0.0,0.0,169.46
8,19,6,0,,,,1.4185333,0.0,0.0,0.0,34.4
8,20,6,0,,,,2.0258167,0.0,0.0,0.0,2.86
8,21,6,0,,,,1.7211334,0.0,0.0,0.0,0.0
8,22,6,0,,,,1.7203667,0.0,0.0,0.0,0.0
8,23,6,0,,,,1.8828167,0.0,0.0,0.0,0.0
8,24,6,0,,,,1.1030917,0.0,0.0,0.0,0.0
8,1,7,0,,,,1.5792,0.0,0.0,0.0,0.0
8,2,7,0,,,,1.5887333,0.0,0.0,0.0,0.0
8,3,7,0,,,,1.1246667,0.0,0.0,0.0,0.0
8,4,7,0,,,,0.80286664,0.0,0.0,0.0,0.0
8,5,7,0,,,,0.22928333,0.0,0.0,0.0,0.0
8,6,7,0,,,,1.0336666,0.0,0.0,0.0,0.0
8,7,7,0,,,,1.6469333,0.0,0.0,0.0,61.03
8,8,7,0,,,,0.9910167,0.0,0.0,0.0,224.94
8,9,7,0,,,,0.7578,0.0,0.0,0.0,371.45
8,10,7,0,,,,0.85295,0.0,0.0,0.0,497.15
8,11,7,0,,,,1.1476,0.0,0.0,0.0,672.59
8,12,7,0,,,,1.7045,0.0,0.0,0.0,750.72
8,13,7,0,,,,1.4603667,0.0,0.0,0.0,703.78
8,14,7,0,,,,1.57695,0.0,0.0,0.0,691.57
8,15,7,0,,,,2.44645,0.0,0.0,0.0,453.91
8,16,7,0,,,,1.7785,0.0,0.0,0.0,409.35
8,17,7,0,,,,1.8685334,0.0,0.0,0.0,279.89
8,18,7,0,,,,1.67175,0.0,0.0,0.0,18.22
8,19,7,0,,,,1.9929167,0.0,0.0,0.0,6.23
8,20,7,0,,,,1.7692167,0.0,0.0,0.0,1.13
8,21,7,0,,,,2.6509166,0.0,0.0,0.0,0.0
8,22,7,0,,,,1.9161834,0.0,0.0,0.0,0.0
8,23,7,0,,,,1.67905,0.0,0.0,0.0,0.0
8,24,7,0,,,,2.3349082,0.0,0.0,0.0,0.0
8,1,1,0,,,,1.5306,0.0,0.0,0.0,0.0
8,2,1,0,,,,2.0275333,0.0,0.0,0.0,0.0
8,3,1,0,,,,0.7769333,0.0,0.0,0.0,0.0
8,4,1,0,,,,1.9538,0.0,0.0,0.0,0.0
8,5,1,0,,,,0.2308,0.0,0.0,0.0,0.0
8,6,1,0,,,,0.24951667,0.0,0.0,0.0,0.0
8,7,1,0,,,,0.86901665,0.0,0.0,0.0,60.06
8,8,1,0,,,,1.80355,0.0,0.0,0.0,165.84
8,9,1,0,,,,0.6935667,0.0,0.0,0.0,309.42
8,10,1,0,,,,0.5625,0.0,0.0,0.0,305.84
8,11,1,0,,,,1.6755333,0.0,0.0,0.0,103.57
8,12,1,0,,,,1.36155,0.0,0.0,0.0,597.7
8,13,1,0,,,,1.4347,0.0,0.0,0.0,729.66
8,14,1,0,,,,1.2794167,0.0,0.0,0.0,724.07
8,15,1,0,,,,2.40035,0.0,0.0,0.0,34.64
8,16,1,0,,,,1.7355833,0.0,0.0,0.0,38.72
8,17,1,0,,,,1.8290666,0.0,0.0,0.0,284.6
8,18,1,0,,,,1.8972334,0.0,0.0,0.0,163.84
8,19,1,0,,,,1.7819667,0.0,0.0,0.0,38.42
8,20,1,0,,,,2.5523834,0.0,0.0,0.0,0.78
8,21,1,0,,,,2.0109668,0.0,0.0,0.0,0.0
8,22,1,0,,,,2.13875,0.0,0.0,0.0,0.0
8,23,1,0,,,,2.28725,0.0,0.0,0.0,0.0
8,24,1,0,,,,1.4469583,0.0,0.0,0.0,0.0
8,1,2,0,,,,1.91365,0.0,0.0,0.0,0.0
8,2,2,0,,,,1.3838834,0.0,0.0,0.0,0.0
8,3,2,0,,,,1.6957333,0.0,0.0,0.0,0.0
8,4,2,0,,,,0.7112333,0.0,0.0,0.0,0.0
8,5,2,0,,,,0.54891664,0.0,0.0,0.0,0.0
8,6,2,0,,,,0.7352167,0.0,0.0,0.0,0.0
8,7,2,0,,,,0.91845,0.0,0.0,0.0,59.68
8,8,2,0,,,,1.7832667,0.0,0.0,0.0,230.1
8,9,2,0,,,,1.2173,0.0,0.0,0.0,419.02
8,10,2,0,,,,0.83781666,0.0,0.0,0.0,577.06
8,11,2,0,,,,1.1715,0.0,0.0,0.0,649.32
8,12,2,0,,,,1.2741834,0.0,0.0,0.0,645.71
8,13,2,0,,,,1.7389,0.0,0.0,0.0,482.87
8,14,2,0,,,,1.3657167,0.0,0.0,0.0,672.78
8,15,2,0,,,,1.5782666,0.0,0.0,0.0,601.63
8,16,2,0,,,,2.4124832,0.0,0.0,0.0,437.42
8,17,2,0,,,,2.6635833,0.0,0.0,0.0,220.42
8,18,2,0,,,,1.9684167,0.0,0.0,0.0,10.54
8,19,2,0,,,,0.64505,0.0,0.0,0.0,37.92
8,20,2,0,,,,0.71395,0.0,0.0,0.0,0.0
8,21,2,0,,,,0.844,0.0,0.0,0.0,0.0
8,22,2,0,,,,0.85646665,0.0,0.0,0.0,0.0
8,23,2,0,,,,0.81348336,0.0,0.0,0.0,0.0
8,24,2,0,,,,0.99695,0.0,0.0,0.0,0.0
8,1,3,0,,,,0.92791665,0.0,0.0,0.0,0.0
8,2,3,0,,,,1.2372167,0.0,0.0,0.0,0.0
8,3,3,0,,,,0.74291664,0.0,0.0,0.0,0.0
8,4,3,0,,,,0.57986665,0.0,0.0,0.0,0.0
8,5,3,0,,,,0.31351668,0.0,0.0,0.0,0.0
8,6,3,0,,,,0.53293335,0.0,0.0,0.0,0.0
8,7,3,0,,,,0.8343,0.0,0.0,0.0,64.12
8,8,3,0,,,,0.55985,0.0,0.0,0.0,229.96
8,9,3,0,,,,0.5302333,0.0,0.0,0.0,435.71
8,10,3,0,,,,0.66625,0.0,0.0,0.0,594.42
8,11,3,0,,,,0.5254833,0.0,0.0,0.0,666.55
8,12,3,0,,,,0.59888333,0.0,0.0,0.0,735.62
8,13,3,0,,,,1.0238333,0.0,0.0,0.0,617.61
8,14,3,0,,,,0.76018333,0.0,0.0,0.0,645.71
8,15,3,0,,,,1.6247166,0.0,0.0,0.0,532.54
8,16,3,0,,,,2.2344666,0.0,0.0,0.0,456.28
8,17,3,0,,,,2.03005,0.0,0.0,0.0,299.33
8,18,3,0,,,,2.1703334,0.0,0.0,0.0,128.01
8,19,3,0,,,,1.80055,0.0,0.0,0.0,39.12
8,20,3,0,,,,1.8169167,0.0,0.0,0.0,0.0
8,21,3,0,,,,3.00735,0.0,0.0,0.0,0.0
8,22,3,0,,,,1.5286334,0.0,0.0,0.0,0.0
8,23,3,0,,,,0.99345,0.0,0.0,0.0,0.0
8,24,3,0,,,,0.98025835,0.0,0.0,0.0,0.0
8,1,4,0,,,,0.99803334,0.0,0.0,0.0,0.0
8,2,4,0,,,,1.2386167,0.0,0.0,0.0,0.0
8,3,4,0,,,,0.67558336,0.0,0.0,0.0,0.0
8,4,4,0,,,,0.7058333,0.0,0.0,0.0,0.0
8,5,4,0,,,,0.91678333,0.0,0.0,0.0,0.0
8,6,4,0,,,,0.44351667,0.0,0.0,0.0,0.0
8,7,4,0,,,,0.6781333,0.0,0.0,0.0,3.88
8,8,4,0,,,,0.64421666,0.0,0.0,0.0,11.88
8,9,4,0,,,,0.54766667,0.0,0.0,0.0,29.13
8,10,4,0,,,,0.49408334,0.0,0.0,0.0,105.58
8,11,4,0,,,,0.5146833,0.0,0.0,0.0,129.26
8,12,4,0,,,,0.56011665,0.0,0.0,0.0,346.04
8,13,4,0,,,,0.9857,0.0,0.0,0.0,175.43
8,14,4,0,,,,1.0722834,0.0,0.0,0.0,316.09
8,15,4,0,,,,1.1210834,0.0,0.0,0.0,186.53
8,16,4,0,,,,1.5847666,0.0,0.0,0.0,357.68
8,17,4,0,,,,1.5359666,0.0,0.0,0.0,363.48
8,18,4,0,,,,1.7287667,0.0,0.0,0.0,171.27
8,19,4,0,,,,2.3077166,0.0,0.0,0.0,33.26
8,20,4,0,,,,1.5213,0.0,0.0,0.0,0.0
8,21,4,0,,,,1.2424834,0.0,0.0,0.0,0.0
8,22,4,0,,,,1.2178667,0.0,0.0,0.0,0.0
8,23,4,0,,,,1.25985,0.0,0.0,0.0,0.0
8,24,4,0,,,,2.0509918,0.0,0.0,0.0,0.0
8,1,5,0,,,,3.1194334,0.0,0.0,0.0,0.0
8,2,5,0,,,,1.6735166,0.0,0.0,0.0,0.0
8,3,5,0,,,,1.1318667,0.0,0.0,0.0,0.0
8,4,5,0,,,,1.6597,0.0,0.0,0.0,0.0
8,5,5,0,,,,1.3296334,0.0,0.0,0.0,0.0
8,6,5,0,,,,1.4387167,0.0,0.0,0.0,0.0
8,7,5,0,,,,1.1753666,0.0,0.0,0.0,59.48
8,8,5,0,,,,1.851,0.0,0.0,0.0,222.05
8,9,5,0,,,,1.5763834,0.0,0.0,0.0,409.39
8,10,5,0,,,,1.2892,0.0,0.0,0.0,554.53
8,11,5,0,,,,2.944,0.0,0.0,0.0,671.46
8,12,5,0,,,,2.4293334,0.0,0.0,0.0,737.9
8,13,5,0,,,,1.8346833,0.0,0.0,0.0,730.45
8,14,5,0,,,,2.8716,0.0,0.0,0.0,709.01
8,15,5,0,,,,1.65425,0.0,0.0,0.0,625.89
8,16,5,0,,,,2.0354166,0.0,0.0,0.0,505.84
8,17,5,0,,,,1.91465,0.0,0.0,0.0,347.67
8,18,5,0,,,,1.3601,0.0,0.0,0.0,165.43
8,19,5,0,,,,2.03965,0.0,0.0,0.0,31.98
8,20,5,0,,,,2.51615,0.0,0.0,0.0,0.0
8,21,5,0,,,,2.1340334,0.0,0.0,0.0,0.0
8,22,5,0,,,,3.3542,0.0,0.0,0.0,0.0
8,23,5,0,,,,4.0421333,0.0,0.0,0.0,0.0
8,24,5,0,,,,1.8606,0.0,0.0,0.0,0.0
8,1,6,0,,,,2.6073334,0.0,0.0,0.0,0.0
8,2,6,0,,,,1.7687167,0.0,0.0,0.0,0.0
8,3,6,0,,,,1.9178584,0.0,0.0,0.0,0.0
8,4,6,0,,,,2.2127333,0.0,0.0,0.0,0.0
8,5,6,0,,,,1.2998333,0.0,0.0,0.0,0.0
8,6,6,0,,,,1.80325,0.0,0.0,0.0,0.0
8,7,6,0,,,,1.1910167,0.0,0.0,0.0,57.57
8,8,6,0,,,,2.4251666,0.0,0.0,0.0,208.55
8,9,6,0,,,,2.6630666,0.0,0.0,0.0,388.04
8,10,6,0,,,,3.0292666,0.0,0.0,0.0,534.47
8,11,6,0,,,,2.0362,0.0,0.0,0.0,655.22
8,12,6,0,,,,1.8913833,0.0,0.0,0.0,714.57
8,13,6,0,,,,2.3248334,0.0,0.0,0.0,701.48
8,14,6,0,,,,2.4975834,0.0,0.0,0.0,707.11
8,15,6,0,,,,3.2272334,0.0,0.0,0.0,622.17
8,16,6,0,,,,3.2566166,0.0,0.0,0.0,338.6
8,17,6,0,,,,3.48555,0.0,0.0,0.0,336.62
8,18,6,0,,,,2.20435,0.0,0.0,0.0,156.35
8,19,6,0,,,,2.7491,0.0,0.0,0.0,18.64
8,20,6,0,,,,3.2965667,0.0,0.0,0.0,0.0
8,21,6,0,,,,3.2104666,0.0,0.0,0.0,0.0
8,22,6,0,,,,2.1929333,0.0,0.0,0.0,0.0
8,23,6,0,,,,2.6280167,0.0,0.0,0.0,0.0
8,24,6,0,,,,1.847775,0.0,0.0,0.0,0.0
8,1,7,0,,,,2.40565,0.0,0.0,0.0,0.0
8,2,7,0,,,,1.6012334,0.0,0.0,0.0,0.0
8,3,7,0,,,,1.3930833,0.0,0.0,0.0,0.0
8,4,7,0,,,,1.8331333,0.0,0.0,0.0,0.0
8,5,7,0,,,,0.8391,0.0,0.0,0.0,0.0
8,6,7,0,,,,1.4121166,0.0,0.0,0.0,0.0
8,7,7,0,,,,2.4632332,0.0,0.0,0.0,51.07
8,8,7,0,,,,1.11065,0.0,0.0,0.0,169.44
8,9,7,0,,,,0.6214,0.0,0.0,0.0,350.29
8,10,7,0,,,,0.16635,0.0,0.0,0.0,506.89
8,11,7,0,,,,0.18391667,0.0,0.0,0.0,649.6
8,12,7,0,,,,0.13755,0.0,0.0,0.0,714.71
8,13,7,0,,,,0.16925,0.0,0.0,0.0,740.81
8,14,7,0,,,,0.1556,0.0,0.0,0.0,648.3
8,15,7,0,,,,0.14656667,0.0,0.0,0.0,631.32
8,16,7,0,,,,0.28805,0.0,0.0,0.0,510.95
8,17,7,0,,,,0.18976666,0.0,0.0,0.0,342.73
8,18,7,0,,,,0.19013333,0.0,0.0,0.0,158.62
8,19,7,0,,,,0.13681667,0.0,0.0,0.0,26.55
8,20,7,0,,,,0.17678334,0.0,0.0,0.0,0.0
8,21,7,0,,,,0.36585,0.0,0.0,0.0,0.0
8,22,7,0,,,,0.47853333,0.0,0.0,0.0,0.0
8,23,7,0,,,,0.85775,0.0,0.0,0.0,0.0
8,24,7,0,,,,3.4717584,0.0,0.0,0.0,0.0
8,1,1,0,,,,3.4629333,0.0,0.0,0.0,0.0
8,2,1,0,,,,3.72255,0.0,0.0,0.0,0.0
8,3,1,0,,,,3.7937167,0.0,0.0,0.0,0.0
8,4,1,0,,,,3.0214167,0.0,0.0,0.0,0.0
8,5,1,0,,,,2.9139667,0.0,0.0,0.0,0.0
8,6,1,0,,,,2.9931834,0.0,0.0,0.0,0.0
8,7,1,0,,,,1.6026833,0.0,0.0,0.0,3.34
8,8,1,0,,,,0.85875,0.0,0.0,0.0,19.19
8,9,1,0,,,,1.0461333,0.0,0.0,0.0,62.13
8,10,1,0,,,,0.25028333,0.0,0.0,0.0,78.96
8,11,1,0,,,,0.1673,0.0,0.0,0.0,96.96
8,12,1,0,,,,0.19016667,0.0,0.0,0.0,147.69
8,13,1,0,,,,0.14666666,0.0,0.0,0.0,114.54
8,14,1,0,,,,0.16711667,0.0,0.0,0.0,103.42
8,15,1,0,,,,0.13938333,0.0,0.0,0.0,162.82
8,16,1,0,,,,0.16578333,0.0,0.0,0.0,96.52
8,17,1,0,,,,0.16351667,0.0,0.0,0.0,101.23
8,18,1,0,,,,0.14721666,0.0,0.0,0.0,94.3
8,19,1,0,,,,0.19423333,0.0,0.0,0.0,8.83
8,20,1,0,,,,0.15458333,0.0,0.0,0.0,0.0
8,21,1,0,,,,0.17461666,0.0,0.0,0.0,0.0
8,22,1,0,,,,0.17023334,0.0,0.0,0.0,0.0
8,23,1,0,,,,0.16363333,0.0,0.0,0.0,0.0
8,24,1,0,,,,0.20826666,0.0,0.0,0.0,0.0
8,1,2,0,,,,0.1574,0.0,0.0,0.0,0.0
8,2,2,0,,,,0.18183333,0.0,0.0,0.0,0.0
8,3,2,0,,,,0.15553333,0.0,0.0,0.0,0.0
8,4,2,0,,,,0.17775,0.0,0.0,0.0,0.0
8,5,2,0,,,,0.18131667,0.0,0.0,0.0,0.0
8,6,2,0,,,,0.1407,0.0,0.0,0.0,0.0
8,7,2,0,,,,0.19148333,0.0,0.0,0.0,2.88
8,8,2,0,,,,0.1525,0.0,0.0,0.0,11.47
8,9,2,0,,,,0.18513334,0.0,0.0,0.0,24.9
8,10,2,0,,,,0.1475,0.0,0.0,0.0,70.53
8,11,2,0,,,,0.17108333,0.0,0.0,0.0,73.58
8,12,2,0,,,,0.22046667,0.0,0.0,0.0,104.0
8,13,2,0,,,,0.24506667,0.0,0.0,0.0,100.73
8,14,2,0,,,,0.14068334,0.0,0.0,0.0,64.79
8,15,2,0,,,,0.15811667,0.0,0.0,0.0,50.29
8,16,2,0,,,,0.1676,0.0,0.0,0.0,44.97
8,17,2,0,,,,0.14118333,0.0,0.0,0.0,31.75
8,18,2,0,,,,0.18233334,0.0,0.0,0.0,36.06
8,19,2,0,,,,0.15768333,0.0,0.0,0.0,11.96
8,20,2,0,,,,0.16496667,0.0,0.0,0.0,0.0
8,21,2,0,,,,0.20626667,0.0,0.0,0.0,0.0
8,22,2,0,,,,0.1551,0.0,0.0,0.0,0.0
8,23,2,0,,,,0.17408334,0.0,0.0,0.0,0.0
8,24,2,0,,,,0.19838333,0.0,0.0,0.0,0.0
8,1,3,0,,,,0.15851666,0.0,0.0,0.0,0.0
8,2,3,0,,,,0.47448334,0.0,0.0,0.0,0.0
8,3,3,0,,,,0.16283333,0.0,0.0,0.0,0.0
8,4,3,0,,,,0.1731,0.0,0.0,0.0,0.0
8,5,3,0,,,,0.20051667,0.0,0.0,0.0,0.0
8,6,3,0,,,,0.14403333,0.0,0.0,0.0,0.0
8,7,3,0,,,,0.18183333,0.0,0.0,0.0,2.89
8,8,3,0,,,,0.16029444,0.0,0.0,0.0,10.88
8,9,3,0,,,,0.17805,0.0,0.0,0.0,52.24
8,10,3,0,,,,0.1815,0.0,0.0,0.0,97.36
8,11,3,0,,,,0.1486,0.0,0.0,0.0,132.77
8,12,3,0,,,,0.19046667,0.0,0.0,0.0,119.9
8,13,3,0,,,,0.14285,0.0,0.0,0.0,106.17
8,14,3,0,,,,0.1656,0.0,0.0,0.0,130.23
8,15,3,0,,,,0.17348333,0.0,0.0,0.0,120.43
8,16,3,0,,,,0.14286667,0.0,0.0,0.0,132.99
8,17,3,0,,,,0.18693334,0.0,0.0,0.0,64.27
8,18,3,0,,,,0.15941666,0.0,0.0,0.0,64.78
8,19,3,0,,,,2.3738,0.0,0.0,0.0,18.44
8,20,3,0,,,,3.5773666,0.0,0.0,0.0,0.0
8,21,3,0,,,,3.2775333,0.0,0.0,0.0,0.0
8,22,3,0,,,,3.3383,0.0,0.0,0.0,0.0
8,23,3,0,,,,3.2699833,0.0,0.0,0.0,0.0
8,24,3,0,,,,3.8403916,0.0,0.0,0.0,0.0
8,1,4,0,,,,3.4335,0.0,0.0,0.0,0.0
8,2,4,0,,,,3.0398333,0.0,0.0,0.0,0.0
8,3,4,0,,,,1.9783833,0.0,0.0,0.0,0.0
8,4,4,0,,,,1.8362334,0.0,0.0,0.0,0.0
8,5,4,0,,,,1.6957667,0.0,0.0,0.0,0.0
8,6,4,0,,,,1.8046334,0.0,0.0,0.0,0.0
8,7,4,0,,,,2.8388333,0.0,0.0,0.0,53.86
8,8,4,0,,,,2.2162333,0.0,0.0,0.0,229.11
8,9,4,0,,,,1.8556334,0.0,0.0,0.0,430.35
8,10,4,0,,,,1.5910833,0.0,0.0,0.0,586.44
8,11,4,0,,,,1.3729666,0.0,0.0,0.0,707.94
8,12,4,0,,,,2.72745,0.0,0.0,0.0,741.0
8,13,4,0,,,,1.54085,0.0,0.0,0.0,723.98
8,14,4,0,,,,2.7382834,0.0,0.0,0.0,739.31
8,15,4,0,,,,3.7003834,0.0,0.0,0.0,655.09
8,16,4,0,,,,2.5002832,0.0,0.0,0.0,528.89
8,17,4,0,,,,3.2093167,0.0,0.0,0.0,354.06
8,18,4,0,,,,2.9248834,0.0,0.0,0.0,160.4
8,19,4,0,,,,1.4057333,0.0,0.0,0.0,25.43
8,20,4,0,,,,1.9496167,0.0,0.0,0.0,0.0
8,21,4,0,,,,1.5630333,0.0,0.0,0.0,0.0
8,22,4,0,,,,1.6503333,0.0,0.0,0.0,0.0
8,23,4,0,,,,1.6818,0.0,0.0,0.0,0.0
8,24,4,0,,,,1.773275,0.0,0.0,0.0,0.0
8,1,5,0,,,,2.5845168,0.0,0.0,0.0,0.0
8,2,5,0,,,,1.5361333,0.0,0.0,0.0,0.0
8,3,5,0,,,,0.66855,0.0,0.0,0.0,0.0
8,4,5,0,,,,3.0622833,0.0,0.0,0.0,0.0
8,5,5,0,,,,0.35301667,0.0,0.0,0.0,0.0
8,6,5,0,,,,1.0216833,0.0,0.0,0.0,0.0
8,7,5,0,,,,1.6951667,0.0,0.0,0.0,49.58
8,8,5,0,,,,0.73333335,0.0,0.0,0.0,227.86
8,9,5,0,,,,0.41713333,0.0,0.0,0.0,414.0
8,10,5,0,,,,3.2779667,0.0,0.0,0.0,551.4
8,11,5,0,,,,1.0354167,0.0,0.0,0.0,654.96
8,12,5,0,,,,3.4755666,0.0,0.0,0.0,722.94
8,13,5,0,,,,3.7519,0.0,0.0,0.0,730.33
8,14,5,0,,,,3.9006166,0.0,0.0,0.0,695.43
8,15,5,0,,,,0.9255667,0.0,0.0,0.0,607.99
8,16,5,0,,,,3.5644834,0.0,0.0,0.0,476.73
8,17,5,0,,,,3.54395,0.0,0.0,0.0,335.31
8,18,5,0,,,,0.8246667,0.0,0.0,0.0,152.3
8,19,5,0,,,,2.9466,0.0,0.0,0.0,25.43
8,20,5,0,,,,1.4516166,0.0,0.0,0.0,0.0
8,21,5,0,,,,1.7615833,0.0,0.0,0.0,0.0
8,22,5,0,,,,1.60255,0.0,0.0,0.0,0.0
8,23,5,0,,,,1.9554666,0.0,0.0,0.0,0.0
8,24,5,0,,,,2.8017166,0.0,0.0,0.0,0.0
8,1,6,0,,,,1.8059833,0.0,0.0,0.0,0.0
8,2,6,0,,,,3.3146667,0.0,0.0,0.0,0.0
8,3,6,0,,,,1.4428,0.0,0.0,0.0,0.0
8,4,6,0,,,,0.23748334,0.0,0.0,0.0,0.0
8,5,6,0,,,,0.49263334,0.0,0.0,0.0,0.0
8,6,6,0,,,,0.19295,0.0,0.0,0.0,0.0
8,7,6,0,,,,0.35233334,0.0,0.0,0.0,50.83
8,8,6,0,,,,0.37081668,0.0,0.0,0.0,211.41
8,9,6,0,,,,1.1342,0.0,0.0,0.0,397.07
8,10,6,0,,,,1.0966667,0.0,0.0,0.0,539.11
8,11,6,0,,,,2.4215667,0.0,0.0,0.0,650.72
8,12,6,0,,,,3.4743834,0.0,0.0,0.0,724.63
8,13,6,0,,,,2.32595,0.0,0.0,0.0,726.67
8,14,6,0,,,,2.81775,0.0,0.0,0.0,687.57
8,15,6,0,,,,3.8434334,0.0,0.0,0.0,603.25
8,16,6,0,,,,2.0949333,0.0,0.0,0.0,487.27
8,17,6,0,,,,1.3619167,0.0,0.0,0.0,327.63
8,18,6,0,,,,2.4901667,0.0,0.0,0.0,145.27
8,19,6,0,,,,2.4067166,0.0,0.0,0.0,23.21
8,20,6,0,,,,3.1936,0.0,0.0,0.0,0.0
8,21,6,0,,,,3.1120834,0.0,0.0,0.0,0.0
8,22,6,0,,,,3.1857333,0.0,0.0,0.0,0.0
8,23,6,0,,,,3.4919667,0.0,0.0,0.0,0.0
8,24,6,0,,,,1.2623333,0.0,0.0,0.0,0.0
8,1,7,0,,,,0.223,0.0,0.0,0.0,0.0
8,2,7,0,,,,1.3635167,0.0,0.0,0.0,0.0
8,3,7,0,,,,0.22078334,0.0,0.0,0.0,0.0
8,4,7,0,,,,0.51963335,0.0,0.0,0.0,0.0
8,5,7,0,,,,0.5699,0.0,0.0,0.0,0.0
8,6,7,0,,,,0.5891167,0.0,0.0,0.0,0.0
8,7,7,0,,,,1.19935,0.0,0.0,0.0,47.77
8,8,7,0,,,,1.1137667,0.0,0.0,0.0,219.31
8,9,7,0,,,,0.59028333,0.0,0.0,0.0,401.17
8,10,7,0,,,,1.2017167,0.0,0.0,0.0,538.8
8,11,7,0,,,,1.3964666,0.0,0.0,0.0,641.65
8,12,7,0,,,,1.5520667,0.0,0.0,0.0,714.7
8,13,7,0,,,,1.2760834,0.0,0.0,0.0,716.04
8,14,7,0,,,,1.6863333,0.0,0.0,0.0,681.63
8,15,7,0,,,,1.42245,0.0,0.0,0.0,602.58
8,16,7,0,,,,2.2691333,0.0,0.0,0.0,485.0
8,17,7,0,,,,1.9242,0.0,0.0,0.0,327.42
8,18,7,0,,,,2.0037668,0.0,0.0,0.0,144.16
8,19,7,0,,,,2.3333166,0.0,0.0,0.0,22.45
8,20,7,0,,,,2.1636667,0.0,0.0,0.0,0.0
8,21,7,0,,,,1.5249,0.0,0.0,0.0,0.0
8,22,7,0,,,,1.6098334,0.0,0.0,0.0,0.0
8,23,7,0,,,,1.28175,0.0,0.0,0.0,0.0
8,24,7,0,,,,0.30655,0.0,0.0,0.0,0.0
8,1,1,0,,,,0.20176667,0.0,0.0,0.0,0.0
8,2,1,0,,,,0.22751667,0.0,0.0,0.0,0.0
8,3,1,0,,,,0.20808333,0.0,0.0,0.0,0.0
8,4,1,0,,,,1.0195333,0.0,0.0,0.0,0.0
8,5,1,0,,,,2.1833,0.0,0.0,0.0,0.0
8,6,1,0,,,,0.25893334,0.0,0.0,0.0,0.0
8,7,1,0,,,,0.17878333,0.0,0.0,0.0,4.87
8,8,1,0,,,,1.1502666,0.0,0.0,0.0,57.33
8,9,1,0,,,,1.7238333,0.0,0.0,0.0,174.04
8,10,1,0,,,,0.9896333,0.0,0.0,0.0,392.97
8,11,1,0,,,,1.3601667,0.0,0.0,0.0,567.84
8,12,1,0,,,,1.7902833,0.0,0.0,0.0,354.83
8,13,1,0,,,,2.0806334,0.0,0.0,0.0,329.85
8,14,1,0,,,,2.4139333,0.0,0.0,0.0,642.63
8,15,1,0,,,,3.8890166,0.0,0.0,0.0,330.06
8,16,1,0,,,,2.4539666,0.0,0.0,0.0,431.19
8,17,1,0,,,,2.6563582,0.0,0.0,0.0,344.87
8,18,1,0,,,,3.8396416,0.0,0.0,0.0,129.29
8,19,1,0,,,,4.2183166,0.0,0.0,0.0,22.16
8,20,1,0,,,,1.3223,0.0,0.0,0.0,0.0
8,21,1,0,,,,2.6409166,0.0,0.0,0.0,0.0
8,22,1,0,,,,0.6251,0.0,0.0,0.0,0.0
8,23,1,0,,,,2.0220666,0.0,0.0,0.0,0.0
8,24,1,0,,,,2.3879082,0.0,0.0,0.0,0.0
8,1,2,0,,,,0.50046664,0.0,0.0,0.0,0.0
8,2,2,0,,,,0.91075,0.0,0.0,0.0,0.0
8,3,2,0,,,,0.9598167,0.0,0.0,0.0,0.0
8,4,2,0,,,,0.19033334,0.0,0.0,0.0,0.0
8,5,2,0,,,,1.5114167,0.0,0.0,0.0,0.0
8,6,2,0,,,,0.41323334,0.0,0.0,0.0,0.0
8,7,2,0,,,,0.43793333,0.0,0.0,0.0,44.67
8,8,2,0,,,,2.04495,0.0,0.0,0.0,187.2
8,9,2,0,,,,2.23185,0.0,0.0,0.0,393.78
8,10,2,0,,,,0.25721666,0.0,0.0,0.0,486.38
8,11,2,0,,,,1.9877666,0.0,0.0,0.0,644.69
8,12,2,0,,,,2.43915,0.0,0.0,0.0,690.71
8,13,2,0,,,,3.5549,0.0,0.0,0.0,666.7
8,14,2,0,,,,2.6182334,0.0,0.0,0.0,557.46
8,15,2,0,,,,2.9786668,0.0,0.0,0.0,524.85
8,16,2,0,,,,3.73565,0.0,0.0,0.0,375.38
8,17,2,0,,,,2.31285,0.0,0.0,0.0,167.63
8,18,2,0,,,,2.9588168,0.0,0.0,0.0,95.01
8,19,2,0,,,,4.1709666,0.0,0.0,0.0,19.36
8,20,2,0,,,,3.0593333,0.0,0.0,0.0,0.0
8,21,2,0,,,,2.4491668,0.0,0.0,0.0,0.0
8,22,2,0,,,,3.0546834,0.0,0.0,0.0,0.0
8,23,2,0,,,,2.6301,0.0,0.0,0.0,0.0
8,24,2,0,,,,3.396875,0.0,0.0,0.0,0.0
8,1,3,0,,,,3.3473833,0.0,0.0,0.0,0.0
8,2,3,0,,,,0.7644167,0.0,0.0,0.0,0.0
8,3,3,0,,,,1.2127,0.0,0.0,0.0,0.0
8,4,3,0,,,,3.1074333,0.0,0.0,0.0,0.0
8,5,3,0,,,,0.34113333,0.0,0.0,0.0,0.0
8,6,3,0,,,,0.60895,0.0,0.0,0.0,0.0
8,7,3,0,,,,1.1595,0.0,0.0,0.0,46.66
8,8,3,0,,,,3.1027834,0.0,0.0,0.0,216.55
8,9,3,0,,,,1.8538041,0.0,0.0,0.0,411.73
8,10,3,0,,,,0.23935,0.0,0.0,0.0,562.77
8,11,3,0,,,,0.41333333,0.0,0.0,0.0,677.49
8,12,3,0,,,,0.40281665,0.0,0.0,0.0,744.81
8,13,3,0,,,,0.41851667,0.0,0.0,0.0,757.37
8,14,3,0,,,,0.22276667,0.0,0.0,0.0,715.71
8,15,3,0,,,,0.15138334,0.0,0.0,0.0,620.23
8,16,3,0,,,,0.17703333,0.0,0.0,0.0,500.71
8,17,3,0,,,,0.16691667,0.0,0.0,0.0,332.16
8,18,3,0,,,,0.34145,0.0,0.0,0.0,140.75
8,19,3,0,,,,0.16001667,0.0,0.0,0.0,19.27
8,20,3,0,,,,0.43535,0.0,0.0,0.0,0.0
8,21,3,0,,,,0.90236664,0.0,0.0,0.0,0.0
8,22,3,0,,,,1.6665666,0.0,0.0,0.0,0.0
8,23,3,0,,,,3.4075832,0.0,0.0,0.0,0.0
8,24,3,0,,,,3.1565833,0.0,0.0,0.0,0.0
8,1,4,0,,,,3.2602334,0.0,0.0,0.0,0.0
8,2,4,0,,,,1.5513166,0.0,0.0,0.0,0.0
8,3,4,0,,,,1.1752,0.0,0.0,0.0,0.0
8,4,4,0,,,,0.9327833,0.0,0.0,0.0,0.0
8,5,4,0,,,,1.08485,0.0,0.0,0.0,0.0
8,6,4,0,,,,0.15215,0.0,0.0,0.0,0.0
8,7,4,0,,,,1.9442333,0.0,0.0,0.0,46.1
8,8,4,0,,,,0.26333332,0.0,0.0,0.0,221.02
8,9,4,0,,,,1.1698,0.0,0.0,0.0,383.08
8,10,4,0,,,,2.3909,0.0,0.0,0.0,515.9
8,11,4,0,,,,2.4585166,0.0,0.0,0.0,659.04
8,12,4,0,,,,3.76635,0.0,0.0,0.0,729.9
8,13,4,0,,,,1.3105,0.0,0.0,0.0,657.55
8,14,4,0,,,,2.8977334,0.0,0.0,0.0,702.33
8,15,4,0,,,,2.4801166,0.0,0.0,0.0,623.83
8,16,4,0,,,,2.1405833,0.0,0.0,0.0,497.82
8,17,4,0,,,,3.2598667,0.0,0.0,0.0,325.67
8,18,4,0,,,,1.37235,0.0,0.0,0.0,139.45
8,19,4,0,,,,3.40235,0.0,0.0,0.0,17.8
8,20,4,0,,,,1.0854833,0.0,0.0,0.0,0.0
8,21,4,0,,,,1.3643,0.0,0.0,0.0,0.0
8,22,4,0,,,,1.2818167,0.0,0.0,0.0,0.0
8,23,4,0,,,,3.1346667,0.0,0.0,0.0,0.0
8,24,4,0,,,,3.4580417,0.0,0.0,0.0,0.0
8,1,5,0,,,,1.5848,0.0,0.0,0.0,0.0
8,2,5,0,,,,1.05035,0.0,0.0,0.0,0.0
8,3,5,0,,,,2.0957334,0.0,0.0,0.0,0.0
8,4,5,0,,,,0.44705,0.0,0.0,0.0,0.0
8,5,5,0,,,,0.2459,0.0,0.0,0.0,0.0
8,6,5,0,,,,0.54878336,0.0,0.0,0.0,0.0
8,7,5,0,,,,3.0992,0.0,0.0,0.0,43.44
8,8,5,0,,,,1.1018,0.0,0.0,0.0,203.79
8,9,5,0,,,,0.6116833,0.0,0.0,0.0,391.15
8,10,5,0,,,,1.10695,0.0,0.0,0.0,509.4
8,11,5,0,,,,1.8788,0.0,0.0,0.0,658.56
8,12,5,0,,,,0.19711667,0.0,0.0,0.0,726.66
8,13,5,0,,,,2.3863666,0.0,0.0,0.0,729.96
8,14,5,0,,,,3.4759667,0.0,0.0,0.0,687.34
8,15,5,0,,,,1.2280667,0.0,0.0,0.0,595.82
8,16,5,0,,,,0.17713334,0.0,0.0,0.0,481.9
8,17,5,0,,,,0.40886667,0.0,0.0,0.0,318.63
8,18,5,0,,,,0.4369,0.0,0.0,0.0,133.42
8,19,5,0,,,,2.1221,0.0,0.0,0.0,17.05
8,20,5,0,,,,1.14535,0.0,0.0,0.0,0.0
8,21,5,0,,,,1.9451833,0.0,0.0,0.0,0.0
8,22,5,0,,,,2.2887,0.0,0.0,0.0,0.0
8,23,5,0,,,,0.56695,0.0,0.0,0.0,0.0
8,24,5,0,,,,0.58150834,0.0,0.0,0.0,0.0
8,1,6,0,,,,0.6825,0.0,0.0,0.0,0.0
8,2,6,0,,,,0.5581333,0.0,0.0,0.0,0.0
8,3,6,0,,,,0.53571665,0.0,0.0,0.0,0.0
8,4,6,0,,,,0.29833335,0.0,0.0,0.0,0.0
8,5,6,0,,,,0.4903,0.0,0.0,0.0,0.0
8,6,6,0,,,,0.21721667,0.0,0.0,0.0,0.0
8,7,6,0,,,,0.3561,0.0,0.0,0.0,44.0
8,8,6,0,,,,0.98675,0.0,0.0,0.0,207.72
8,9,6,0,,,,1.3876834,0.0,0.0,0.0,400.92
8,10,6,0,,,,0.6799,0.0,0.0,0.0,555.59
8,11,6,0,,,,0.60835,0.0,0.0,0.0,669.89
8,12,6,0,,,,0.68831664,0.0,0.0,0.0,741.04
8,13,6,0,,,,1.3557167,0.0,0.0,0.0,754.04
8,14,6,0,,,,2.16835,0.0,0.0,0.0,724.82
8,15,6,0,,,,2.733,0.0,0.0,0.0,622.81
8,16,6,0,,,,3.6817667,0.0,0.0,0.0,494.52
8,17,6,0,,,,2.2854166,0.0,0.0,0.0,323.98
8,18,6,0,,,,1.5215,0.0,0.0,0.0,131.54
8,19,6,0,,,,2.6903167,0.0,0.0,0.0,16.34
8,20,6,0,,,,1.1903833,0.0,0.0,0.0,0.0
8,21,6,0,,,,1.3616333,0.0,0.0,0.0,0.0
8,22,6,0,,,,2.6395667,0.0,0.0,0.0,0.0
8,23,6,0,,,,1.9665667,0.0,0.0,0.0,0.0
8,24,6,0,,,,0.49365,0.0,0.0,0.0,0.0
8,1,7,0,,,,1.8542334,0.0,0.0,0.0,0.0
8,2,7,0,,,,1.0154834,0.0,0.0,0.0,0.0
8,3,7,0,,,,0.88208336,0.0,0.0,0.0,0.0
8,4,7,0,,,,0.6472167,0.0,0.0,0.0,0.0
8,5,7,0,,,,0.5022333,0.0,0.0,0.0,0.0
8,6,7,0,,,,0.36438334,0.0,0.0,0.0,0.0
8,7,7,0,,,,0.83028334,0.0,0.0,0.0,41.1
8,8,7,0,,,,0.60265,0.0,0.0,0.0,208.13
8,9,7,0,,,,0.24241666,0.0,0.0,0.0,397.91
8,10,7,0,,,,0.25761667,0.0,0.0,0.0,544.31
8,11,7,0,,,,0.23695,0.0,0.0,0.0,659.72
8,12,7,0,,,,0.25035,0.0,0.0,0.0,700.05
8,13,7,0,,,,0.3636,0.0,0.0,0.0,682.23
8,14,7,0,,,,0.5114167,0.0,0.0,0.0,656.18
8,15,7,0,,,,2.5046334,0.0,0.0,0.0,594.6
8,16,7,0,,,,4.0576167,0.0,0.0,0.0,461.37
8,17,7,0,,,,3.8708832,0.0,0.0,0.0,304.02
8,18,7,0,,,,3.7551832,0.0,0.0,0.0,125.82
8,19,7,0,,,,1.5183166,0.0,0.0,0.0,15.13
8,20,7,0,,,,3.6727834,0.0,0.0,0.0,0.0
8,21,7,0,,,,2.3391666,0.0,0.0,0.0,0.0
8,22,7,0,,,,2.8229833,0.0,0.0,0.0,0.0
8,23,7,0,,,,2.3527834,0.0,0.0,0.0,0.0
8,24,7,0,,,,2.8407166,0.0,0.0,0.0,0.0
8,1,1,0,,,,3.0658,0.0,0.0,0.0,0.0
8,2,1,0,,,,1.47795,0.0,0.0,0.0,0.0
8,3,1,0,,,,0.4051,0.0,0.0,0.0,0.0
8,4,1,0,,,,0.21948333,0.0,0.0,0.0,0.0
8,5,1,0,,,,0.39565,0.0,0.0,0.0,0.0
8,6,1,0,,,,0.63495,0.0,0.0,0.0,0.0
8,7,1,0,,,,0.56913334,0.0,0.0,0.0,39.07
8,8,1,0,,,,0.67855,0.0,0.0,0.0,210.68
8,9,1,0,,,,1.15445,0.0,0.0,0.0,410.86
8,10,1,0,,,,2.2111666,0.0,0.0,0.0,564.25
8,11,1,0,,,,2.22235,0.0,0.0,0.0,678.7
8,12,1,0,,,,2.9678667,0.0,0.0,0.0,744.71
8,13,1,0,,,,3.4904833,0.0,0.0,0.0,747.62
8,14,1,0,,,,3.7834334,0.0,0.0,0.0,706.5
8,15,1,0,,,,3.3352,0.0,0.0,0.0,611.63
8,16,1,0,,,,3.8999333,0.0,0.0,0.0,485.78
8,17,1,0,,,,3.8317332,0.0,0.0,0.0,308.98
8,18,1,0,,,,3.3465166,0.0,0.0,0.0,126.61
8,19,1,0,,,,3.8229334,0.0,0.0,0.0,14.02
8,20,1,0,,,,3.5499334,0.0,0.0,0.0,0.0
8,21,1,0,,,,2.0467668,0.0,0.0,0.0,0.0
8,22,1,0,,,,1.9900167,0.0,0.0,0.0,0.0
8,23,1,0,,,,2.3133333,0.0,0.0,0.0,0.0
8,24,1,0,,,,3.001875,0.0,0.0,0.0,0.0
8,1,2,0,,,,3.2644167,0.0,0.0,0.0,0.0
8,2,2,0,,,,3.3893332,0.0,0.0,0.0,0.0
8,3,2,0,,,,0.7248,0.0,0.0,0.0,0.0
8,4,2,0,,,,0.8003833,0.0,0.0,0.0,0.0
8,5,2,0,,,,0.77931666,0.0,0.0,0.0,0.0
8,6,2,0,,,,0.4011,0.0,0.0,0.0,0.0
8,7,2,0,,,,0.18656667,0.0,0.0,0.0,39.9
8,8,2,0,,,,0.7712167,0.0,0.0,0.0,205.55
8,9,2,0,,,,1.0898334,0.0,0.0,0.0,386.94
8,10,2,0,,,,1.1567167,0.0,0.0,0.0,534.28
8,11,2,0,,,,2.1119168,0.0,0.0,0.0,655.21
8,12,2,0,,,,2.89495,0.0,0.0,0.0,724.07
8,13,2,0,,,,2.0135,0.0,0.0,0.0,723.06
8,14,2,0,,,,2.2117333,0.0,0.0,0.0,673.5
8,15,2,0,,,,2.3306668,0.0,0.0,0.0,581.08
8,16,2,0,,,,3.38265,0.0,0.0,0.0,458.24
8,17,2,0,,,,3.2610166,0.0,0.0,0.0,299.3
8,18,2,0,,,,3.80005,0.0,0.0,0.0,121.24
8,19,2,0,,,,3.2757833,0.0,0.0,0.0,12.17
8,20,2,0,,,,3.11925,0.0,0.0,0.0,0.0
8,21,2,0,,,,1.8691334,0.0,0.0,0.0,0.0
8,22,2,0,,,,3.1641333,0.0,0.0,0.0,0.0
8,23,2,0,,,,1.3851833,0.0,0.0,0.0,0.0
8,24,2,0,,,,2.5400333,0.0,0.0,0.0,0.0
8,1,3,0,,,,1.6604167,0.0,0.0,0.0,0.0
8,2,3,0,,,,1.4627666,0.0,0.0,0.0,0.0
8,3,3,0,,,,1.28775,0.0,0.0,0.0,0.0
8,4,3,0,,,,1.0973667,0.0,0.0,0.0,0.0
8,5,3,0,,,,1.05605,0.0,0.0,0.0,0.0
8,6,3,0,,,,0.93811667,0.0,0.0,0.0,0.0
8,7,3,0,,,,0.8279333,0.0,0.0,0.0,1.04
8,8,3,0,,,,1.0397333,0.0,0.0,0.0,64.93
8,9,3,0,,,,0.46505,0.0,0.0,0.0,328.17
8,10,3,0,,,,0.6328,0.0,0.0,0.0,512.0
8,11,3,0,,,,0.3586,0.0,0.0,0.0,631.77
8,12,3,0,,,,0.20965,0.0,0.0,0.0,694.68
8,13,3,0,,,,0.30531666,0.0,0.0,0.0,712.83
8,14,3,0,,,,0.1902,0.0,0.0,0.0,614.83
8,15,3,0,,,,0.28631666,0.0,0.0,0.0,85.63
8,16,3,0,,,,0.27141666,0.0,0.0,0.0,422.67
8,17,3,0,,,,3.2658,0.0,0.0,0.0,296.94
8,18,3,0,,,,4.0635333,0.0,0.0,0.0,113.03
8,19,3,0,,,,4.606917,0.0,0.0,0.0,10.51
8,20,3,0,,,,2.66195,0.0,0.0,0.0,0.0
8,21,3,0,,,,3.4188833,0.0,0.0,0.0,0.0
8,22,3,0,,,,2.9911,0.0,0.0,0.0,0.0
8,23,3,0,,,,2.7071,0.0,0.0,0.0,0.0
8,24,3,0,,,,2.393025,0.0,0.0,0.0,0.0
9,1,4,0,,,,1.4579166,0.0,0.0,0.0,0.0
9,2,4,0,,,,1.5883167,0.0,0.0,0.0,0.0
9,3,4,0,,,,1.7967334,0.0,0.0,0.0,0.0
9,4,4,0,,,,1.3577334,0.0,0.0,0.0,0.0
9,5,4,0,,,,1.0165666,0.0,0.0,0.0,0.0
9,6,4,0,,,,1.5411667,0.0,0.0,0.0,0.0
9,7,4,0,,,,0.9500333,0.0,0.0,0.0,26.33
9,8,4,0,,,,1.3719167,0.0,0.0,0.0,184.92
9,9,4,0,,,,1.4658834,0.0,0.0,0.0,380.33
9,10,4,0,,,,1.1039667,0.0,0.0,0.0,543.23
9,11,4,0,,,,1.8814167,0.0,0.0,0.0,659.21
9,12,4,0,,,,1.8599334,0.0,0.0,0.0,697.89
9,13,4,0,,,,2.6627667,0.0,0.0,0.0,640.67
9,14,4,0,,,,3.0809,0.0,0.0,0.0,569.86
9,15,4,0,,,,3.20935,0.0,0.0,0.0,436.71
9,16,4,0,,,,3.2665167,0.0,0.0,0.0,358.19
9,17,4,0,,,,1.5345334,0.0,0.0,0.0,257.91
9,18,4,0,,,,2.7330666,0.0,0.0,0.0,110.85
9,19,4,0,,,,3.7616832,0.0,0.0,0.0,9.38
9,20,4,0,,,,2.6146834,0.0,0.0,0.0,0.0
9,21,4,0,,,,1.3236333,0.0,0.0,0.0,0.0
9,22,4,0,,,,1.2348666,0.0,0.0,0.0,0.0
9,23,4,0,,,,1.7430834,0.0,0.0,0.0,0.0
9,24,4,0,,,,1.3836583,0.0,0.0,0.0,0.0
9,1,5,0,,,,1.3797667,0.0,0.0,0.0,0.0
9,2,5,0,,,,0.97048336,0.0,0.0,0.0,0.0
9,3,5,0,,,,0.5435167,0.0,0.0,0.0,0.0
9,4,5,0,,,,0.69715,0.0,0.0,0.0,0.0
9,5,5,0,,,,0.78575,0.0,0.0,0.0,0.0
9,6,5,0,,,,0.43051666,0.0,0.0,0.0,0.0
9,7,5,0,,,,0.60216665,0.0,0.0,0.0,34.99
9,8,5,0,,,,0.87975,0.0,0.0,0.0,198.04
9,9,5,0,,,,1.4877167,0.0,0.0,0.0,390.85
9,10,5,0,,,,0.8530167,0.0,0.0,0.0,540.79
9,11,5,0,,,,1.4317,0.0,0.0,0.0,647.86
9,12,5,0,,,,2.82185,0.0,0.0,0.0,713.33
9,13,5,0,,,,1.5317667,0.0,0.0,0.0,690.05
9,14,5,0,,,,1.9695,0.0,0.0,0.0,637.52
9,15,5,0,,,,1.7087834,0.0,0.0,0.0,489.64
9,16,5,0,,,,3.0463,0.0,0.0,0.0,406.39
9,17,5,0,,,,2.22005,0.0,0.0,0.0,281.66
9,18,5,0,,,,2.3837833,0.0,0.0,0.0,112.24
9,19,5,0,,,,1.61365,0.0,0.0,0.0,8.2
9,20,5,0,,,,2.0210333,0.0,0.0,0.0,0.0
9,21,5,0,,,,1.5637,0.0,0.0,0.0,0.0
9,22,5,0,,,,1.4782667,0.0,0.0,0.0,0.0
9,23,5,0,,,,3.2564,0.0,0.0,0.0,0.0
9,24,5,0,,,,1.6716666,0.0,0.0,0.0,0.0
9,1,6,0,,,,1.1328666,0.0,0.0,0.0,0.0
9,2,6,0,,,,0.6339667,0.0,0.0,0.0,0.0
9,3,6,0,,,,0.46208334,0.0,0.0,0.0,0.0
9,4,6,0,,,,0.22948334,0.0,0.0,0.0,0.0
9,5,6,0,,,,0.44651666,0.0,0.0,0.0,0.0
9,6,6,0,,,,0.2798,0.0,0.0,0.0,0.0
9,7,6,0,,,,0.48125,0.0,0.0,0.0,27.81
9,8,6,0,,,,0.6832,0.0,0.0,0.0,173.13
9,9,6,0,,,,0.36891666,0.0,0.0,0.0,360.7
9,10,6,0,,,,0.45558333,0.0,0.0,0.0,512.86
9,11,6,0,,,,0.21451667,0.0,0.0,0.0,613.49
9,12,6,0,,,,0.76566666,0.0,0.0,0.0,682.27
9,13,6,0,,,,2.40875,0.0,0.0,0.0,621.61
9,14,6,0,,,,1.5070167,0.0,0.0,0.0,285.97
9,15,6,0,,,,2.3935,0.0,0.0,0.0,151.42
9,16,6,0,,,,2.9493334,0.0,0.0,0.0,40.21
9,17,6,0,,,,1.4877167,0.0,0.0,0.0,122.99
9,18,6,0,,,,1.9139167,0.0,0.0,0.0,4.12
9,19,6,0,,,,1.9719334,0.0,0.0,0.0,6.67
9,20,6,0,,,,0.6260833,0.0,0.0,0.0,0.0
9,21,6,0,,,,1.27675,0.0,0.0,0.0,0.0
9,22,6,0,,,,0.8123,0.0,0.0,0.0,0.0
9,23,6,0,,,,2.5088167,0.0,0.0,0.0,0.0
9,24,6,0,,,,2.2885582,0.0,0.0,0.0,0.0
9,1,7,0,,,,1.5011,0.0,0.0,0.0,0.0
9,2,7,0,,,,1.0476667,0.0,0.0,0.0,0.0
9,3,7,0,,,,0.5222333,0.0,0.0,0.0,0.0
9,4,7,0,,,,0.24236667,0.0,0.0,0.0,0.0
9,5,7,0,,,,0.23938334,0.0,0.0,0.0,0.0
9,6,7,0,,,,0.43565,0.0,0.0,0.0,0.0
9,7,7,0,,,,0.24386667,0.0,0.0,0.0,0.65
9,8,7,0,,,,0.25796667,0.0,0.0,0.0,9.63
9,9,7,0,,,,0.6624,0.0,0.0,0.0,35.79
9,10,7,0,,,,0.98795,0.0,0.0,0.0,64.72
9,11,7,0,,,,0.9737667,0.0,0.0,0.0,319.77
9,12,7,0,,,,0.5377333,0.0,0.0,0.0,364.8
9,13,7,0,,,,1.1539667,0.0,0.0,0.0,414.97
9,14,7,0,,,,1.3325,0.0,0.0,0.0,318.45
9,15,7,0,,,,1.3785167,0.0,0.0,0.0,80.21
9,16,7,0,,,,1.75325,0.0,0.0,0.0,69.21
9,17,7,0,,,,1.0260167,0.0,0.0,0.0,58.37
9,18,7,0,,,,1.6548834,0.0,0.0,0.0,6.54
9,19,7,0,,,,1.8097,0.0,0.0,0.0,5.38
9,20,7,0,,,,1.7248167,0.0,0.0,0.0,0.0
9,21,7,0,,,,1.7423,0.0,0.0,0.0,0.0
9,22,7,0,,,,0.14386667,0.0,0.0,0.0,0.0
9,23,7,0,,,,0.56296664,0.0,0.0,0.0,0.0
9,24,7,0,,,,1.3678,0.0,0.0,0.0,0.0
9,1,1,0,,,,0.8476667,0.0,0.0,0.0,0.0
9,2,1,0,,,,0.7187667,0.0,0.0,0.0,0.0
9,3,1,0,,,,0.38181666,0.0,0.0,0.0,0.0
9,4,1,0,,,,0.23835,0.0,0.0,0.0,0.0
9,5,1,0,,,,0.5036,0.0,0.0,0.0,0.0
9,6,1,0,,,,0.15963334,0.0,0.0,0.0,0.0
9,7,1,0,,,,0.78293335,0.0,0.0,0.0,32.85
9,8,1,0,,,,0.982,0.0,0.0,0.0,120.58
9,9,1,0,,,,0.7108667,0.0,0.0,0.0,210.17
9,10,1,0,,,,0.55286664,0.0,0.0,0.0,218.18
9,11,1,0,,,,0.37835,0.0,0.0,0.0,541.99
9,12,1,0,,,,1.0267667,0.0,0.0,0.0,524.4
9,13,1,0,,,,1.1280333,0.0,0.0,0.0,647.9
9,14,1,0,,,,1.0366,0.0,0.0,0.0,590.99
9,15,1,0,,,,1.23675,0.0,0.0,0.0,595.21
9,16,1,0,,,,1.6461834,0.0,0.0,0.0,471.92
9,17,1,0,,,,1.64425,0.0,0.0,0.0,280.29
9,18,1,0,,,,0.79786664,0.0,0.0,0.0,74.49
9,19,1,0,,,,1.2577,0.0,0.0,0.0,1.19
9,20,1,0,,,,1.5188,0.0,0.0,0.0,0.0
9,21,1,0,,,,0.6419167,0.0,0.0,0.0,0.0
9,22,1,0,,,,1.08825,0.0,0.0,0.0,0.0
9,23,1,0,,,,0.65985,0.0,0.0,0.0,0.0
9,24,1,0,,,,0.5369083,0.0,0.0,0.0,0.0
9,1,2,0,,,,0.51446664,0.0,0.0,0.0,0.0
9,2,2,0,,,,0.64175,0.0,0.0,0.0,0.0
9,3,2,0,,,,0.40956667,0.0,0.0,0.0,0.0
9,4,2,0,,,,0.21901667,0.0,0.0,0.0,0.0
9,5,2,0,,,,0.5736333,0.0,0.0,0.0,0.0
9,6,2,0,,,,0.38673332,0.0,0.0,0.0,0.0
9,7,2,0,,,,0.5043833,0.0,0.0,0.0,30.44
9,8,2,0,,,,0.536,0.0,0.0,0.0,186.58
9,9,2,0,,,,0.9663333,0.0,0.0,0.0,344.98
9,10,2,0,,,,0.54546666,0.0,0.0,0.0,338.45
9,11,2,0,,,,1.3592,0.0,0.0,0.0,566.98
9,12,2,0,,,,1.7747166,0.0,0.0,0.0,712.94
9,13,2,0,,,,2.6010334,0.0,0.0,0.0,725.7
9,14,2,0,,,,0.48198333,0.0,0.0,0.0,693.25
9,15,2,0,,,,0.18995,0.0,0.0,0.0,543.4
9,16,2,0,,,,0.15673333,0.0,0.0,0.0,430.39
9,17,2,0,,,,0.17225,0.0,0.0,0.0,284.59
9,18,2,0,,,,0.16505,0.0,0.0,0.0,100.47
9,19,2,0,,,,0.17095,0.0,0.0,0.0,2.42
9,20,2,0,,,,0.14273334,0.0,0.0,0.0,0.0
9,21,2,0,,,,0.14461666,0.0,0.0,0.0,0.0
9,22,2,0,,,,0.17098333,0.0,0.0,0.0,0.0
9,23,2,0,,,,0.16891667,0.0,0.0,0.0,0.0
9,24,2,0,,,,0.1511,0.0,0.0,0.0,0.0
9,1,3,0,,,,0.15001667,0.0,0.0,0.0,0.0
9,2,3,0,,,,0.1704,0.0,0.0,0.0,0.0
9,3,3,0,,,,0.1506,0.0,0.0,0.0,0.0
9,4,3,0,,,,0.152,0.0,0.0,0.0,0.0
9,5,3,0,,,,0.1673,0.0,0.0,0.0,0.0
9,6,3,0,,,,0.1411,0.0,0.0,0.0,0.0
9,7,3,0,,,,0.14913334,0.0,0.0,0.0,28.9
9,8,3,0,,,,0.16953333,0.0,0.0,0.0,191.76
9,9,3,0,,,,0.14306666,0.0,0.0,0.0,385.28
9,10,3,0,,,,0.3001,0.0,0.0,0.0,539.8
9,11,3,0,,,,0.18118334,0.0,0.0,0.0,626.77
9,12,3,0,,,,0.15338333,0.0,0.0,0.0,621.36
9,13,3,0,,,,0.15475,0.0,0.0,0.0,614.5
9,14,3,0,,,,0.12971666,0.0,0.0,0.0,449.88
9,15,3,0,,,,0.14153333,0.0,0.0,0.0,243.15
9,16,3,0,,,,0.15634167,0.0,0.0,0.0,316.51
9,17,3,0,,,,0.15658334,0.0,0.0,0.0,257.83
9,18,3,0,,,,0.13761666,0.0,0.0,0.0,92.69
9,19,3,0,,,,0.14206667,0.0,0.0,0.0,2.38
9,20,3,0,,,,0.14955,0.0,0.0,0.0,0.0
9,21,3,0,,,,0.16566667,0.0,0.0,0.0,0.0
9,22,3,0,,,,0.16485,0.0,0.0,0.0,0.0
9,23,3,0,,,,0.1662,0.0,0.0,0.0,0.0
9,24,3,0,,,,0.17508334,0.0,0.0,0.0,0.0
9,1,4,0,,,,0.51771665,0.0,0.0,0.0,0.0
9,2,4,0,,,,0.20781666,0.0,0.0,0.0,0.0
9,3,4,0,,,,0.2248,0.0,0.0,0.0,0.0
9,4,4,0,,,,0.18215,0.0,0.0,0.0,0.0
9,5,4,0,,,,0.18096666,0.0,0.0,0.0,0.0
9,6,4,0,,,,0.20768334,0.0,0.0,0.0,0.0
9,7,4,0,,,,0.20111667,0.0,0.0,0.0,16.33
9,8,4,0,,,,0.19445,0.0,0.0,0.0,174.37
9,9,4,0,,,,0.1855,0.0,0.0,0.0,357.47
9,10,4,0,,,,0.20298333,0.0,0.0,0.0,500.36
9,11,4,0,,,,0.20263334,0.0,0.0,0.0,637.34
9,12,4,0,,,,0.17961666,0.0,0.0,0.0,710.0
9,13,4,0,,,,0.13913333,0.0,0.0,0.0,725.47
9,14,4,0,,,,0.15028334,0.0,0.0,0.0,655.42
9,15,4,0,,,,0.15465,0.0,0.0,0.0,570.43
9,16,4,0,,,,0.15788333,0.0,0.0,0.0,388.73
9,17,4,0,,,,0.13698334,0.0,0.0,0.0,269.14
9,18,4,0,,,,0.13338333,0.0,0.0,0.0,92.48
9,19,4,0,,,,0.16283333,0.0,0.0,0.0,0.0
9,20,4,0,,,,0.16706666,0.0,0.0,0.0,0.0
9,21,4,0,,,,0.17566666,0.0,0.0,0.0,0.0
9,22,4,0,,,,0.29976666,0.0,0.0,0.0,0.0
9,23,4,0,,,,0.15491667,0.0,0.0,0.0,0.0
9,24,4,0,,,,0.14271666,0.0,0.0,0.0,0.0
9,1,5,0,,,,0.14878333,0.0,0.0,0.0,0.0
9,2,5,0,,,,0.19015,0.0,0.0,0.0,0.0
9,3,5,0,,,,0.21111667,0.0,0.0,0.0,0.0
9,4,5,0,,,,0.1944,0.0,0.0,0.0,0.0
9,5,5,0,,,,0.19071667,0.0,0.0,0.0,0.0
9,6,5,0,,,,0.19863333,0.0,0.0,0.0,0.0
9,7,5,0,,,,0.20911667,0.0,0.0,0.0,22.97
9,8,5,0,,,,0.20096667,0.0,0.0,0.0,182.69
9,9,5,0,,,,0.18395,0.0,0.0,0.0,388.4
9,10,5,0,,,,0.19591667,0.0,0.0,0.0,482.16
9,11,5,0,,,,0.20158334,0.0,0.0,0.0,663.31
9,12,5,0,,,,0.18213333,0.0,0.0,0.0,730.3
9,13,5,0,,,,0.1392,0.0,0.0,0.0,715.66
9,14,5,0,,,,0.22148333,0.0,0.0,0.0,636.58
9,15,5,0,,,,0.3379,0.0,0.0,0.0,588.27
9,16,5,0,,,,0.15838334,0.0,0.0,0.0,436.16
9,17,5,0,,,,0.16138333,0.0,0.0,0.0,288.1
9,18,5,0,,,,0.14618333,0.0,0.0,0.0,90.08
9,19,5,0,,,,0.14403333,0.0,0.0,0.0,0.0
9,20,5,0,,,,0.14936666,0.0,0.0,0.0,0.0
9,21,5,0,,,,0.16663334,0.0,0.0,0.0,0.0
9,22,5,0,,,,0.16781667,0.0,0.0,0.0,0.0
9,23,5,0,,,,0.16748333,0.0,0.0,0.0,0.0
9,24,5,0,,,,0.15933333,0.0,0.0,0.0,0.0
9,1,6,0,,,,0.14268333,0.0,0.0,0.0,0.0
9,2,6,0,,,,0.14701666,0.0,0.0,0.0,0.0
9,3,6,0,,,,0.16806667,0.0,0.0,0.0,0.0
9,4,6,0,,,,0.1677,0.0,0.0,0.0,0.0
9,5,6,0,,,,0.16905,0.0,0.0,0.0,0.0
9,6,6,0,,,,0.13966666,0.0,0.0,0.0,0.0
9,7,6,0,,,,0.1332,0.0,0.0,0.0,27.95
9,8,6,0,,,,0.16795,0.0,0.0,0.0,168.99
9,9,6,0,,,,0.17528333,0.0,0.0,0.0,405.16
9,10,6,0,,,,0.13795,0.0,0.0,0.0,565.58
9,11,6,0,,,,0.1286,0.0,0.0,0.0,681.01
9,12,6,0,,,,0.15328333,0.0,0.0,0.0,727.67
9,13,6,0,,,,0.15481667,0.0,0.0,0.0,749.11
9,14,6,0,,,,0.15381667,0.0,0.0,0.0,692.77
9,15,6,0,,,,0.13225,0.0,0.0,0.0,584.38
9,16,6,0,,,,0.28533334,0.0,0.0,0.0,453.1
9,17,6,0,,,,0.1511,0.0,0.0,0.0,275.93
9,18,6,0,,,,0.15161666,0.0,0.0,0.0,87.18
9,19,6,0,,,,0.16721667,0.0,0.0,0.0,0.0
9,20,6,0,,,,0.16741666,0.0,0.0,0.0,0.0
9,21,6,0,,,,0.16756667,0.0,0.0,0.0,0.0
9,22,6,0,,,,0.16023333,0.0,0.0,0.0,0.0
9,23,6,0,,,,0.14783333,0.0,0.0,0.0,0.0
9,24,6,0,,,,0.14741667,0.0,0.0,0.0,0.0
9,1,7,0,,,,0.15968333,0.0,0.0,0.0,0.0
9,2,7,0,,,,0.16713333,0.0,0.0,0.0,0.0
9,3,7,0,,,,0.1667,0.0,0.0,0.0,0.0
9,4,7,0,,,,0.16661666,0.0,0.0,0.0,0.0
9,5,7,0,,,,0.1437,0.0,0.0,0.0,0.0
9,6,7,0,,,,0.3688,0.0,0.0,0.0,0.0
9,7,7,0,,,,0.2259,0.0,0.0,0.0,24.5
9,8,7,0,,,,0.1646,0.0,0.0,0.0,197.13
9,9,7,0,,,,0.16503334,0.0,0.0,0.0,383.24
9,10,7,0,,,,0.1485,0.0,0.0,0.0,537.15
9,11,7,0,,,,0.137,0.0,0.0,0.0,651.16
9,12,7,0,,,,0.17921667,0.0,0.0,0.0,707.34
9,13,7,0,,,,0.15311667,0.0,0.0,0.0,706.9
9,14,7,0,,,,0.15171666,0.0,0.0,0.0,646.0
9,15,7,0,,,,0.13551667,0.0,0.0,0.0,560.38
9,16,7,0,,,,0.13516666,0.0,0.0,0.0,431.51
9,17,7,0,,,,0.14816667,0.0,0.0,0.0,238.56
9,18,7,0,,,,0.15733333,0.0,0.0,0.0,85.1
9,19,7,0,,,,0.1689,0.0,0.0,0.0,0.0
9,20,7,0,,,,0.16955,0.0,0.0,0.0,0.0
9,21,7,0,,,,0.16291666,0.0,0.0,0.0,0.0
9,22,7,0,,,,0.149,0.0,0.0,0.0,0.0
9,23,7,0,,,,0.14455,0.0,0.0,0.0,0.0
9,24,7,0,,,,0.17749166,0.0,0.0,0.0,0.0
9,1,1,0,,,,2.60715,0.0,0.0,0.0,0.0
9,2,1,0,,,,3.4460332,0.0,0.0,0.0,0.0
9,3,1,0,,,,3.1079834,0.0,0.0,0.0,0.0
9,4,1,0,,,,2.7879167,0.0,0.0,0.0,0.0
9,5,1,0,,,,0.5398167,0.0,0.0,0.0,0.0
9,6,1,0,,,,0.50908333,0.0,0.0,0.0,0.0
9,7,1,0,,,,1.2054833,0.0,0.0,0.0,20.26
9,8,1,0,,,,1.4192333,0.0,0.0,0.0,185.3
9,9,1,0,,,,2.17985,0.0,0.0,0.0,380.13
9,10,1,0,,,,2.7786334,0.0,0.0,0.0,538.7
9,11,1,0,,,,3.24985,0.0,0.0,0.0,656.89
9,12,1,0,,,,0.8556833,0.0,0.0,0.0,712.38
9,13,1,0,,,,0.8886833,0.0,0.0,0.0,688.46
9,14,1,0,,,,2.3491666,0.0,0.0,0.0,655.55
9,15,1,0,,,,1.9423833,0.0,0.0,0.0,535.88
9,16,1,0,,,,2.0648668,0.0,0.0,0.0,424.69
9,17,1,0,,,,1.4874834,0.0,0.0,0.0,257.47
9,18,1,0,,,,2.7108166,0.0,0.0,0.0,79.14
9,19,1,0,,,,3.1585166,0.0,0.0,0.0,0.0
9,20,1,0,,,,1.2865167,0.0,0.0,0.0,0.0
9,21,1,0,,,,1.0849667,0.0,0.0,0.0,0.0
9,22,1,0,,,,1.0452334,0.0,0.0,0.0,0.0
9,23,1,0,,,,1.0425333,0.0,0.0,0.0,0.0
9,24,1,0,,,,1.3701917,0.0,0.0,0.0,0.0
9,1,2,0,,,,2.0317833,0.0,0.0,0.0,0.0
9,2,2,0,,,,1.4593667,0.0,0.0,0.0,0.0
9,3,2,0,,,,1.87595,0.0,0.0,0.0,0.0
9,4,2,0,,,,1.7656333,0.0,0.0,0.0,0.0
9,5,2,0,,,,0.34821665,0.0,0.0,0.0,0.0
9,6,2,0,,,,0.52643335,0.0,0.0,0.0,0.0
9,7,2,0,,,,1.8422166,0.0,0.0,0.0,10.08
9,8,2,0,,,,1.5103834,0.0,0.0,0.0,171.27
9,9,2,0,,,,1.2067833,0.0,0.0,0.0,367.91
9,10,2,0,,,,0.49773332,0.0,0.0,0.0,537.55
9,11,2,0,,,,0.94491667,0.0,0.0,0.0,642.19
9,12,2,0,,,,3.6376834,0.0,0.0,0.0,701.47
9,13,2,0,,,,0.64526665,0.0,0.0,0.0,702.7
9,14,2,0,,,,0.479125,0.0,0.0,0.0,660.0
9,15,2,0,,,,2.69225,0.0,0.0,0.0,550.49
9,16,2,0,,,,0.6543667,0.0,0.0,0.0,386.63
9,17,2,0,,,,1.1192,0.0,0.0,0.0,184.34
9,18,2,0,,,,2.5106168,0.0,0.0,0.0,48.34
9,19,2,0,,,,0.48546666,0.0,0.0,0.0,0.0
9,20,2,0,,,,0.8831667,0.0,0.0,0.0,0.0
9,21,2,0,,,,1.8037167,0.0,0.0,0.0,0.0
9,22,2,0,,,,0.57643336,0.0,0.0,0.0,0.0
9,23,2,0,,,,0.8119,0.0,0.0,0.0,0.0
9,24,2,0,,,,0.83538336,0.0,0.0,0.0,0.0
9,1,3,0,,,,0.6976333,0.0,0.0,0.0,0.0
9,2,3,0,,,,0.59286666,0.0,0.0,0.0,0.0
9,3,3,0,,,,0.47851667,0.0,0.0,0.0,0.0
9,4,3,0,,,,0.32625,0.0,0.0,0.0,0.0
9,5,3,0,,,,0.32713333,0.0,0.0,0.0,0.0
9,6,3,0,,,,0.4768,0.0,0.0,0.0,0.0
9,7,3,0,,,,0.5534833,0.0,0.0,0.0,0.0
9,8,3,0,,,,1.12295,0.0,0.0,0.0,63.13
9,9,3,0,,,,1.3001,0.0,0.0,0.0,15.27
9,10,3,0,,,,0.19081667,0.0,0.0,0.0,70.18
9,11,3,0,,,,0.70708334,0.0,0.0,0.0,177.39
9,12,3,0,,,,1.0724666,0.0,0.0,0.0,543.9
9,13,3,0,,,,0.8617333,0.0,0.0,0.0,654.7
9,14,3,0,,,,0.62415,0.0,0.0,0.0,663.29
9,15,3,0,,,,0.1665,0.0,0.0,0.0,548.73
9,16,3,0,,,,0.35568333,0.0,0.0,0.0,412.02
9,17,3,0,,,,0.8276833,0.0,0.0,0.0,276.04
9,18,3,0,,,,1.04255,0.0,0.0,0.0,72.59
9,19,3,0,,,,0.84218335,0.0,0.0,0.0,0.0
9,20,3,0,,,,0.6116167,0.0,0.0,0.0,0.0
9,21,3,0,,,,1.2484666,0.0,0.0,0.0,0.0
9,22,3,0,,,,1.1587666,0.0,0.0,0.0,0.0
9,23,3,0,,,,0.8100167,0.0,0.0,0.0,0.0
9,24,3,0,,,,0.9160417,0.0,0.0,0.0,0.0
9,1,4,0,,,,0.7280333,0.0,0.0,0.0,0.0
9,2,4,0,,,,0.44655,0.0,0.0,0.0,0.0
9,3,4,0,,,,0.30095,0.0,0.0,0.0,0.0
9,4,4,0,,,,0.25833333,0.0,0.0,0.0,0.0
9,5,4,0,,,,0.32738334,0.0,0.0,0.0,0.0
9,6,4,0,,,,0.31963333,0.0,0.0,0.0,0.0
9,7,4,0,,,,0.49241668,0.0,0.0,0.0,16.22
9,8,4,0,,,,0.36441666,0.0,0.0,0.0,193.99
9,9,4,0,,,,0.30566666,0.0,0.0,0.0,403.64
9,10,4,0,,,,0.82425,0.0,0.0,0.0,580.13
9,11,4,0,,,,0.97955,0.0,0.0,0.0,685.78
9,12,4,0,,,,0.9935,0.0,0.0,0.0,500.39
9,13,4,0,,,,0.53926665,0.0,0.0,0.0,455.21
9,14,4,0,,,,1.6855834,0.0,0.0,0.0,562.36
9,15,4,0,,,,1.5509167,0.0,0.0,0.0,524.83
9,16,4,0,,,,2.0546834,0.0,0.0,0.0,434.84
9,17,4,0,,,,1.7752,0.0,0.0,0.0,239.23
9,18,4,0,,,,1.3067,0.0,0.0,0.0,36.4
9,19,4,0,,,,1.9443166,0.0,0.0,0.0,0.0
9,20,4,0,,,,1.0613667,0.0,0.0,0.0,0.0
9,21,4,0,,,,0.6414667,0.0,0.0,0.0,0.0
9,22,4,0,,,,0.93365,0.0,0.0,0.0,0.0
9,23,4,0,,,,0.6365167,0.0,0.0,0.0,0.0
9,24,4,0,,,,1.0051833,0.0,0.0,0.0,0.0
9,1,5,0,,,,0.81921667,0.0,0.0,0.0,0.0
9,2,5,0,,,,0.44386667,0.0,0.0,0.0,0.0
9,3,5,0,,,,0.28518334,0.0,0.0,0.0,0.0
9,4,5,0,,,,0.95131665,0.0,0.0,0.0,0.0
9,5,5,0,,,,1.66785,0.0,0.0,0.0,0.0
9,6,5,0,,,,0.81948334,0.0,0.0,0.0,0.0
9,7,5,0,,,,0.23346667,0.0,0.0,0.0,13.23
9,8,5,0,,,,0.25876668,0.0,0.0,0.0,188.55
9,9,5,0,,,,0.23821667,0.0,0.0,0.0,107.08
9,10,5,0,,,,0.29008332,0.0,0.0,0.0,307.81
9,11,5,0,,,,2.1866333,0.0,0.0,0.0,568.79
9,12,5,0,,,,1.8847834,0.0,0.0,0.0,297.56
9,13,5,0,,,,1.0386,0.0,0.0,0.0,459.81
9,14,5,0,,,,0.4334,0.0,0.0,0.0,635.36
9,15,5,0,,,,1.2381333,0.0,0.0,0.0,553.36
9,16,5,0,,,,1.21875,0.0,0.0,0.0,422.78
9,17,5,0,,,,1.6309667,0.0,0.0,0.0,258.38
9,18,5,0,,,,0.66438335,0.0,0.0,0.0,34.55
9,19,5,0,,,,0.77101666,0.0,0.0,0.0,0.0
9,20,5,0,,,,0.6854417,0.0,0.0,0.0,0.0
9,21,5,0,,,,0.29813334,0.0,0.0,0.0,0.0
9,22,5,0,,,,0.30268332,0.0,0.0,0.0,0.0
9,23,5,0,,,,2.98525,0.0,0.0,0.0,0.0
9,24,5,0,,,,1.7340167,0.0,0.0,0.0,0.0
9,1,6,0,,,,1.8834167,0.0,0.0,0.0,0.0
9,2,6,0,,,,1.2675,0.0,0.0,0.0,0.0
9,3,6,0,,,,0.9197,0.0,0.0,0.0,0.0
9,4,6,0,,,,0.37523332,0.0,0.0,0.0,0.0
9,5,6,0,,,,0.5801833,0.0,0.0,0.0,0.0
9,6,6,0,,,,0.45985,0.0,0.0,0.0,0.0
9,7,6,0,,,,0.918025,0.0,0.0,0.0,0.3
9,8,6,0,,,,1.4786167,0.0,0.0,0.0,196.1
9,9,6,0,,,,0.95505,0.0,0.0,0.0,375.69
9,10,6,0,,,,1.3120167,0.0,0.0,0.0,581.65
9,11,6,0,,,,0.90015,0.0,0.0,0.0,687.25
9,12,6,0,,,,2.0424833,0.0,0.0,0.0,705.48
9,13,6,0,,,,2.1523166,0.0,0.0,0.0,752.2
9,14,6,0,,,,2.48575,0.0,0.0,0.0,700.73
9,15,6,0,,,,1.6474167,0.0,0.0,0.0,568.53
9,16,6,0,,,,1.9963833,0.0,0.0,0.0,423.33
9,17,6,0,,,,2.2798667,0.0,0.0,0.0,245.37
9,18,6,0,,,,1.6773,0.0,0.0,0.0,65.54
9,19,6,0,,,,2.7919834,0.0,0.0,0.0,0.0
9,20,6,0,,,,1.2237333,0.0,0.0,0.0,0.0
9,21,6,0,,,,1.44485,0.0,0.0,0.0,0.0
9,22,6,0,,,,1.0677,0.0,0.0,0.0,0.0
9,23,6,0,,,,0.9888833,0.0,0.0,0.0,0.0
9,24,6,0,,,,1.5322,0.0,0.0,0.0,0.0
9,1,7,0,,,,1.3016833,0.0,0.0,0.0,0.0
9,2,7,0,,,,0.87855,0.0,0.0,0.0,0.0
9,3,7,0,,,,0.87471664,0.0,0.0,0.0,0.0
9,4,7,0,,,,0.7481,0.0,0.0,0.0,0.0
9,5,7,0,,,,1.0462,0.0,0.0,0.0,0.0
9,6,7,0,,,,0.75631666,0.0,0.0,0.0,0.0
9,7,7,0,,,,1.0021,0.0,0.0,0.0,0.0
9,8,7,0,,,,0.8639167,0.0,0.0,0.0,147.14
9,9,7,0,,,,1.7195834,0.0,0.0,0.0,171.32
9,10,7,0,,,,2.5882168,0.0,0.0,0.0,109.08
9,11,7,0,,,,1.8823,0.0,0.0,0.0,179.01
9,12,7,0,,,,3.19085,0.0,0.0,0.0,546.81
9,13,7,0,,,,2.5091,0.0,0.0,0.0,240.93
9,14,7,0,,,,3.5790834,0.0,0.0,0.0,621.13
9,15,7,0,,,,3.8273168,0.0,0.0,0.0,101.72
9,16,7,0,,,,3.3504834,0.0,0.0,0.0,392.67
9,17,7,0,,,,3.34885,0.0,0.0,0.0,103.26
9,18,7,0,,,,4.280733,0.0,0.0,0.0,66.18
9,19,7,0,,,,2.4700832,0.0,0.0,0.0,0.0
9,20,7,0,,,,2.0886,0.0,0.0,0.0,0.0
9,21,7,0,,,,1.9281167,0.0,0.0,0.0,0.0
9,22,7,0,,,,1.9604167,0.0,0.0,0.0,0.0
9,23,7,0,,,,1.6294167,0.0,0.0,0.0,0.0
9,24,7,0,,,,1.8379416,0.0,0.0,0.0,0.0
9,1,1,0,,,,1.60785,0.0,0.0,0.0,0.0
9,2,1,0,,,,1.5711833,0.0,0.0,0.0,0.0
9,3,1,0,,,,1.0737833,0.0,0.0,0.0,0.0
9,4,1,0,,,,1.1351666,0.0,0.0,0.0,0.0
9,5,1,0,,,,0.8566667,0.0,0.0,0.0,0.0
9,6,1,0,,,,1.2634667,0.0,0.0,0.0,0.0
9,7,1,0,,,,0.55296665,0.0,0.0,0.0,5.75
9,8,1,0,,,,0.7378,0.0,0.0,0.0,71.78
9,9,1,0,,,,0.81805,0.0,0.0,0.0,356.55
9,10,1,0,,,,1.8150834,0.0,0.0,0.0,526.84
9,11,1,0,,,,2.14415,0.0,0.0,0.0,560.03
9,12,1,0,,,,3.8996334,0.0,0.0,0.0,348.54
9,13,1,0,,,,1.58665,0.0,0.0,0.0,240.91
9,14,1,0,,,,2.1845667,0.0,0.0,0.0,289.58
9,15,1,0,,,,2.3861167,0.0,0.0,0.0,429.3
9,16,1,0,,,,2.0902834,0.0,0.0,0.0,290.98
9,17,1,0,,,,2.0753667,0.0,0.0,0.0,260.67
9,18,1,0,,,,2.4872832,0.0,0.0,0.0,62.16
9,19,1,0,,,,3.1799,0.0,0.0,0.0,0.0
9,20,1,0,,,,2.8733168,0.0,0.0,0.0,0.0
9,21,1,0,,,,1.7781334,0.0,0.0,0.0,0.0
9,22,1,0,,,,1.3825,0.0,0.0,0.0,0.0
9,23,1,0,,,,2.0491834,0.0,0.0,0.0,0.0
9,24,1,0,,,,0.8111167,0.0,0.0,0.0,0.0
9,1,2,0,,,,1.3106,0.0,0.0,0.0,0.0
9,2,2,0,,,,0.75585,0.0,0.0,0.0,0.0
9,3,2,0,,,,1.2737334,0.0,0.0,0.0,0.0
9,4,2,0,,,,0.25195,0.0,0.0,0.0,0.0
9,5,2,0,,,,0.51805,0.0,0.0,0.0,0.0
9,6,2,0,,,,0.79978335,0.0,0.0,0.0,0.0
9,7,2,0,,,,0.30218333,0.0,0.0,0.0,0.0
9,8,2,0,,,,0.6497,0.0,0.0,0.0,26.79
9,9,2,0,,,,1.2620667,0.0,0.0,0.0,121.4
9,10,2,0,,,,0.84561664,0.0,0.0,0.0,226.42
9,11,2,0,,,,0.8125,0.0,0.0,0.0,372.58
9,12,2,0,,,,1.01365,0.0,0.0,0.0,447.1
9,13,2,0,,,,1.3474166,0.0,0.0,0.0,595.9
9,14,2,0,,,,1.1011833,0.0,0.0,0.0,158.7
9,15,2,0,,,,0.85188335,0.0,0.0,0.0,46.22
9,16,2,0,,,,0.8869333,0.0,0.0,0.0,78.32
9,17,2,0,,,,0.28623334,0.0,0.0,0.0,138.78
9,18,2,0,,,,0.15956667,0.0,0.0,0.0,31.03
9,19,2,0,,,,0.46668333,0.0,0.0,0.0,0.0
9,20,2,0,,,,0.39873335,0.0,0.0,0.0,0.0
9,21,2,0,,,,0.35188332,0.0,0.0,0.0,0.0
9,22,2,0,,,,0.42658332,0.0,0.0,0.0,0.0
9,23,2,0,,,,0.84316665,0.0,0.0,0.0,0.0
9,24,2,0,,,,2.5671666,0.0,0.0,0.0,0.0
9,1,3,0,,,,1.7074167,0.0,0.0,0.0,0.0
9,2,3,0,,,,1.9652,0.0,0.0,0.0,0.0
9,3,3,0,,,,1.2693,0.0,0.0,0.0,0.0
9,4,3,0,,,,1.3203334,0.0,0.0,0.0,0.0
9,5,3,0,,,,1.39055,0.0,0.0,0.0,0.0
9,6,3,0,,,,0.7080333,0.0,0.0,0.0,0.0
9,7,3,0,,,,0.6487167,0.0,0.0,0.0,1.17
9,8,3,0,,,,0.88185,0.0,0.0,0.0,123.54
9,9,3,0,,,,0.88165,0.0,0.0,0.0,417.59
9,10,3,0,,,,0.88961667,0.0,0.0,0.0,577.66
9,11,3,0,,,,1.7490667,0.0,0.0,0.0,658.48
9,12,3,0,,,,3.0005834,0.0,0.0,0.0,756.22
9,13,3,0,,,,1.1092167,0.0,0.0,0.0,775.81
9,14,3,0,,,,1.4047667,0.0,0.0,0.0,700.16
9,15,3,0,,,,1.4664667,0.0,0.0,0.0,350.85
9,16,3,0,,,,1.3911166,0.0,0.0,0.0,64.23
9,17,3,0,,,,1.6094333,0.0,0.0,0.0,49.59
9,18,3,0,,,,1.69295,0.0,0.0,0.0,24.54
9,19,3,0,,,,1.7917833,0.0,0.0,0.0,0.0
9,20,3,0,,,,1.88715,0.0,0.0,0.0,0.0
9,21,3,0,,,,1.5312667,0.0,0.0,0.0,0.0
9,22,3,0,,,,1.7117333,0.0,0.0,0.0,0.0
9,23,3,0,,,,1.7649333,0.0,0.0,0.0,0.0
9,24,3,0,,,,1.4399333,0.0,0.0,0.0,0.0
9,1,4,0,,,,0.848,0.0,0.0,0.0,0.0
9,2,4,0,,,,0.86525,0.0,0.0,0.0,0.0
9,3,4,0,,,,0.52631664,0.0,0.0,0.0,0.0
9,4,4,0,,,,0.48068333,0.0,0.0,0.0,0.0
9,5,4,0,,,,0.94871664,0.0,0.0,0.0,0.0
9,6,4,0,,,,0.49206668,0.0,0.0,0.0,0.0
9,7,4,0,,,,0.93528336,0.0,0.0,0.0,0.0
9,8,4,0,,,,0.8898,0.0,0.0,0.0,25.38
9,9,4,0,,,,1.0504667,0.0,0.0,0.0,57.71
9,10,4,0,,,,0.72003335,0.0,0.0,0.0,90.7
9,11,4,0,,,,0.53728336,0.0,0.0,0.0,121.06
9,12,4,0,,,,0.9073167,0.0,0.0,0.0,180.22
9,13,4,0,,,,1.5811833,0.0,0.0,0.0,69.67
9,14,4,0,,,,1.2459167,0.0,0.0,0.0,293.18
9,15,4,0,,,,1.1773334,0.0,0.0,0.0,293.49
9,16,4,0,,,,1.0231667,0.0,0.0,0.0,310.96
9,17,4,0,,,,0.82033336,0.0,0.0,0.0,201.65
9,18,4,0,,,,0.96131665,0.0,0.0,0.0,45.19
9,19,4,0,,,,0.9106,0.0,0.0,0.0,0.0
9,20,4,0,,,,0.7719833,0.0,0.0,0.0,0.0
9,21,4,0,,,,1.1412333,0.0,0.0,0.0,0.0
9,22,4,0,,,,0.5201667,0.0,0.0,0.0,0.0
9,23,4,0,,,,0.76185,0.0,0.0,0.0,0.0
9,24,4,0,,,,0.6918167,0.0,0.0,0.0,0.0
9,1,5,0,,,,0.88986665,0.0,0.0,0.0,0.0
9,2,5,0,,,,0.49691668,0.0,0.0,0.0,0.0
9,3,5,0,,,,0.55261666,0.0,0.0,0.0,0.0
9,4,5,0,,,,0.3625,0.0,0.0,0.0,0.0
9,5,5,0,,,,0.2377,0.0,0.0,0.0,0.0
9,6,5,0,,,,0.31455,0.0,0.0,0.0,0.0
9,7,5,0,,,,0.35655,0.0,0.0,0.0,0.0
9,8,5,0,,,,0.49506667,0.0,0.0,0.0,26.67
9,9,5,0,,,,0.7992833,0.0,0.0,0.0,76.42
9,10,5,0,,,,0.34008333,0.0,0.0,0.0,307.88
9,11,5,0,,,,0.19658333,0.0,0.0,0.0,482.41
9,12,5,0,,,,0.30996665,0.0,0.0,0.0,707.2
9,13,5,0,,,,0.38105,0.0,0.0,0.0,764.12
9,14,5,0,,,,0.50236666,0.0,0.0,0.0,690.11
9,15,5,0,,,,1.2545333,0.0,0.0,0.0,547.95
9,16,5,0,,,,1.27,0.0,0.0,0.0,426.19
9,17,5,0,,,,0.99843335,0.0,0.0,0.0,236.65
9,18,5,0,,,,0.70418334,0.0,0.0,0.0,46.17
9,19,5,0,,,,1.9140834,0.0,0.0,0.0,0.0
9,20,5,0,,,,1.3775,0.0,0.0,0.0,0.0
9,21,5,0,,,,1.30965,0.0,0.0,0.0,0.0
9,22,5,0,,,,0.7884667,0.0,0.0,0.0,0.0
9,23,5,0,,,,0.9184,0.0,0.0,0.0,0.0
9,24,5,0,,,,0.824575,0.0,0.0,0.0,0.0
9,1,6,0,,,,0.7176167,0.0,0.0,0.0,0.0
9,2,6,0,,,,0.39798334,0.0,0.0,0.0,0.0
9,3,6,0,,,,0.49641666,0.0,0.0,0.0,0.0
9,4,6,0,,,,0.69135,0.0,0.0,0.0,0.0
9,5,6,0,,,,0.28465,0.0,0.0,0.0,0.0
9,6,6,0,,,,0.6174167,0.0,0.0,0.0,0.0
9,7,6,0,,,,0.18936667,0.0,0.0,0.0,5.67
9,8,6,0,,,,1.0110166,0.0,0.0,0.0,199.07
9,9,6,0,,,,1.1013167,0.0,0.0,0.0,430.43
9,10,6,0,,,,0.8576667,0.0,0.0,0.0,598.82
9,11,6,0,,,,0.6063333,0.0,0.0,0.0,703.61
9,12,6,0,,,,2.0960333,0.0,0.0,0.0,756.32
9,13,6,0,,,,2.4910667,0.0,0.0,0.0,747.81
9,14,6,0,,,,1.45015,0.0,0.0,0.0,634.34
9,15,6,0,,,,2.2185166,0.0,0.0,0.0,554.24
9,16,6,0,,,,2.5186667,0.0,0.0,0.0,433.91
9,17,6,0,,,,1.8754667,0.0,0.0,0.0,234.51
9,18,6,0,,,,1.8687333,0.0,0.0,0.0,41.22
9,19,6,0,,,,1.9246167,0.0,0.0,0.0,0.0
9,20,6,0,,,,1.57495,0.0,0.0,0.0,0.0
9,21,6,0,,,,1.9455,0.0,0.0,0.0,0.0
9,22,6,0,,,,1.31925,0.0,0.0,0.0,0.0
9,23,6,0,,,,1.2406666,0.0,0.0,0.0,0.0
9,24,6,0,,,,1.2245417,0.0,0.0,0.0,0.0
9,1,7,0,,,,0.9482,0.0,0.0,0.0,0.0
9,2,7,0,,,,0.7266667,0.0,0.0,0.0,0.0
9,3,7,0,,,,0.8254333,0.0,0.0,0.0,0.0
9,4,7,0,,,,0.79625,0.0,0.0,0.0,0.0
9,5,7,0,,,,0.8343667,0.0,0.0,0.0,0.0
9,6,7,0,,,,0.5370167,0.0,0.0,0.0,0.0
9,7,7,0,,,,0.9431667,0.0,0.0,0.0,0.0
9,8,7,0,,,,0.9162667,0.0,0.0,0.0,86.08
9,9,7,0,,,,0.94995,0.0,0.0,0.0,302.08
9,10,7,0,,,,0.9828167,0.0,0.0,0.0,302.25
9,11,7,0,,,,1.1724,0.0,0.0,0.0,190.39
9,12,7,0,,,,1.4253666,0.0,0.0,0.0,522.38
9,13,7,0,,,,1.6948667,0.0,0.0,0.0,281.39
9,14,7,0,,,,1.8057667,0.0,0.0,0.0,167.7
9,15,7,0,,,,2.219,0.0,0.0,0.0,164.79
9,16,7,0,,,,1.9991167,0.0,0.0,0.0,17.33
9,17,7,0,,,,1.8505833,0.0,0.0,0.0,6.07
9,18,7,0,,,,1.4792,0.0,0.0,0.0,25.0
9,19,7,0,,,,1.8541334,0.0,0.0,0.0,0.0
9,20,7,0,,,,2.4194,0.0,0.0,0.0,0.0
9,21,7,0,,,,1.9026,0.0,0.0,0.0,0.0
9,22,7,0,,,,1.7864,0.0,0.0,0.0,0.0
9,23,7,0,,,,1.5435,0.0,0.0,0.0,0.0
9,24,7,0,,,,1.3561417,0.0,0.0,0.0,0.0
9,1,1,0,,,,1.3799167,0.0,0.0,0.0,0.0
9,2,1,0,,,,0.9339667,0.0,0.0,0.0,0.0
9,3,1,0,,,,1.9606333,0.0,0.0,0.0,0.0
9,4,1,0,,,,0.7103,0.0,0.0,0.0,0.0
9,5,1,0,,,,0.9645333,0.0,0.0,0.0,0.0
9,6,1,0,,,,1.0388833,0.0,0.0,0.0,0.0
9,7,1,0,,,,1.6232166,0.0,0.0,0.0,0.0
9,8,1,0,,,,1.29335,0.0,0.0,0.0,13.0
9,9,1,0,,,,2.3964167,0.0,0.0,0.0,33.24
9,10,1,0,,,,1.3939834,0.0,0.0,0.0,95.16
9,11,1,0,,,,3.2219667,0.0,0.0,0.0,126.57
9,12,1,0,,,,2.9393833,0.0,0.0,0.0,138.28
9,13,1,0,,,,0.186,0.0,0.0,0.0,83.28
9,14,1,0,,,,0.31153333,0.0,0.0,0.0,69.15
9,15,1,0,,,,0.4395375,0.0,0.0,0.0,30.73
9,16,1,0,,,,0.16021666,0.0,0.0,0.0,13.8
9,17,1,0,,,,0.24646667,0.0,0.0,0.0,8.06
9,18,1,0,,,,3.0377333,0.0,0.0,0.0,0.0
9,19,1,0,,,,0.19975002,0.0,0.0,0.0,0.0
9,20,1,0,,,,0.30188337,0.0,0.0,0.0,0.0
9,21,1,0,,,,1.1713,0.0,0.0,0.0,0.0
9,22,1,0,,,,1.7375,0.0,0.0,0.0,0.0
9,23,1,0,,,,1.5736166,0.0,0.0,0.0,0.0
9,24,1,0,,,,2.0388167,0.0,0.0,0.0,0.0
9,1,2,0,,,,1.9623667,0.0,0.0,0.0,0.0
9,2,2,0,,,,0.94395,0.0,0.0,0.0,0.0
9,3,2,0,,,,0.71995,0.0,0.0,0.0,0.0
9,4,2,0,,,,9.9218546e-08,0.0,0.0,0.0,0.0
9,5,2,0,,,,0.042433426,0.0,0.0,0.0,0.0
9,6,2,0,,,,1.01089476e-07,0.0,0.0,0.0,0.0
9,7,2,0,,,,0.17456676,0.0,0.0,0.0,0.0
9,8,2,0,,,,0.58131665,0.0,0.0,0.0,17.19
9,9,2,0,,,,0.2682,0.0,0.0,0.0,38.95
9,10,2,0,,,,0.26091668,0.0,0.0,0.0,66.71
9,11,2,0,,,,0.12065,0.0,0.0,0.0,91.91
9,12,2,0,,,,0.22331667,0.0,0.0,0.0,75.06
9,13,2,0,,,,0.13218333,0.0,0.0,0.0,59.21
9,14,2,0,,,,0.11565,0.0,0.0,0.0,45.23
9,15,2,0,,,,0.05021668,0.0,0.0,0.0,30.32
9,16,2,0,,,,0.06818333,0.0,0.0,0.0,33.22
9,17,2,0,,,,0.13903339,0.0,0.0,0.0,15.57
9,18,2,0,,,,9.409587e-08,0.0,0.0,0.0,4.01
9,19,2,0,,,,0.43555,0.0,0.0,0.0,0.0
9,20,2,0,,,,2.5569668,0.0,0.0,0.0,0.0
9,21,2,0,,,,3.3095,0.0,0.0,0.0,0.0
9,22,2,0,,,,3.0745,0.0,0.0,0.0,0.0
9,23,2,0,,,,2.8515832,0.0,0.0,0.0,0.0
9,24,2,0,,,,1.9638083,0.0,0.0,0.0,0.0
9,1,3,0,,,,1.9612666,0.0,0.0,0.0,0.0
9,2,3,0,,,,1.3757666,0.0,0.0,0.0,0.0
9,3,3,0,,,,0.96695,0.0,0.0,0.0,0.0
9,4,3,0,,,,1.3181833,0.0,0.0,0.0,0.0
9,5,3,0,,,,0.73403335,0.0,0.0,0.0,0.0
9,6,3,0,,,,1.2611,0.0,0.0,0.0,0.0
9,7,3,0,,,,1.3581333,0.0,0.0,0.0,0.0
9,8,3,0,,,,1.2065667,0.0,0.0,0.0,20.66
9,9,3,0,,,,1.2191833,0.0,0.0,0.0,170.37
9,10,3,0,,,,0.4498167,0.0,0.0,0.0,533.29
9,11,3,0,,,,0.05488338,0.0,0.0,0.0,583.05
9,12,3,0,,,,0.057750043,0.0,0.0,0.0,672.18
9,13,3,0,,,,0.14046666,0.0,0.0,0.0,697.42
9,14,3,0,,,,0.06260001,0.0,0.0,0.0,390.29
9,15,3,0,,,,0.02628336,0.0,0.0,0.0,211.31
9,16,3,0,,,,0.05983334,0.0,0.0,0.0,81.01
9,17,3,0,,,,0.041483354,0.0,0.0,0.0,81.15
9,18,3,0,,,,0.15361667,0.0,0.0,0.0,8.74
9,19,3,0,,,,0.7242,0.0,0.0,0.0,0.0
9,20,3,0,,,,3.34235,0.0,0.0,0.0,0.0
9,21,3,0,,,,2.8163834,0.0,0.0,0.0,0.0
9,22,3,0,,,,0.8099,0.0,0.0,0.0,0.0
9,23,3,0,,,,1.7679334,0.0,0.0,0.0,0.0
9,24,3,0,,,,1.6119916,0.0,0.0,0.0,0.0
9,1,4,0,,,,1.40935,0.0,0.0,0.0,0.0
9,2,4,0,,,,1.2859167,0.0,0.0,0.0,0.0
9,3,4,0,,,,1.3234167,0.0,0.0,0.0,0.0
9,4,4,0,,,,0.5847667,0.0,0.0,0.0,0.0
9,5,4,0,,,,0.49813333,0.0,0.0,0.0,0.0
9,6,4,0,,,,0.6721,0.0,0.0,0.0,0.0
9,7,4,0,,,,0.2227,0.0,0.0,0.0,0.0
9,8,4,0,,,,0.11006667,0.0,0.0,0.0,25.3
9,9,4,0,,,,0.03640001,0.0,0.0,0.0,193.94
9,10,4,0,,,,9.910266e-08,0.0,0.0,0.0,138.42
9,11,4,0,,,,0.40908337,0.0,0.0,0.0,255.02
9,12,4,0,,,,0.40878335,0.0,0.0,0.0,351.88
9,13,4,0,,,,0.00045004883,0.0,0.0,0.0,556.18
9,14,4,0,,,,0.053950038,0.0,0.0,0.0,394.74
9,15,4,0,,,,0.030366683,0.0,0.0,0.0,365.55
9,16,4,0,,,,0.36778334,0.0,0.0,0.0,281.16
9,17,4,0,,,,0.5072167,0.0,0.0,0.0,157.97
9,18,4,0,,,,2.6609833,0.0,0.0,0.0,8.15
9,19,4,0,,,,3.3787,0.0,0.0,0.0,0.0
9,20,4,0,,,,3.4387834,0.0,0.0,0.0,0.0
9,21,4,0,,,,1.8613666,0.0,0.0,0.0,0.0
9,22,4,0,,,,2.6268,0.0,0.0,0.0,0.0
9,23,4,0,,,,1.3037333,0.0,0.0,0.0,0.0
9,24,4,0,,,,1.4379584,0.0,0.0,0.0,0.0
9,1,5,0,,,,0.82668334,0.0,0.0,0.0,0.0
9,2,5,0,,,,0.84475,0.0,0.0,0.0,0.0
9,3,5,0,,,,0.73693335,0.0,0.0,0.0,0.0
9,4,5,0,,,,0.8530667,0.0,0.0,0.0,0.0
9,5,5,0,,,,0.4488,0.0,0.0,0.0,0.0
9,6,5,0,,,,0.72055,0.0,0.0,0.0,0.0
9,7,5,0,,,,0.50185,0.0,0.0,0.0,0.0
9,8,5,0,,,,0.8411667,0.0,0.0,0.0,65.96
9,9,5,0,,,,0.69558334,0.0,0.0,0.0,270.75
9,10,5,0,,,,1.8888667,0.0,0.0,0.0,122.3
9,11,5,0,,,,1.1725167,0.0,0.0,0.0,136.97
9,12,5,0,,,,1.2706333,0.0,0.0,0.0,156.26
9,13,5,0,,,,3.0854332,0.0,0.0,0.0,266.71
9,14,5,0,,,,3.5792832,0.0,0.0,0.0,306.09
9,15,5,0,,,,2.24895,0.0,0.0,0.0,119.28
9,16,5,0,,,,1.2326666,0.0,0.0,0.0,48.76
9,17,5,0,,,,1.5396,0.0,0.0,0.0,16.92
9,18,5,0,,,,2.1186333,0.0,0.0,0.0,6.89
9,19,5,0,,,,1.5139834,0.0,0.0,0.0,0.0
9,20,5,0,,,,1.3478333,0.0,0.0,0.0,0.0
9,21,5,0,,,,2.3454332,0.0,0.0,0.0,0.0
9,22,5,0,,,,1.4489833,0.0,0.0,0.0,0.0
9,23,5,0,,,,2.21385,0.0,0.0,0.0,0.0
9,24,5,0,,,,1.8956083,0.0,0.0,0.0,0.0
10,1,6,0,,,,1.0813333,0.0,0.0,0.0,0.0
10,2,6,0,,,,1.1921333,0.0,0.0,0.0,0.0
10,3,6,0,,,,0.49681666,0.0,0.0,0.0,0.0
10,4,6,0,,,,0.9572667,0.0,0.0,0.0,0.0
10,5,6,0,,,,0.1084,0.0,0.0,0.0,0.0
10,6,6,0,,,,0.6784667,0.0,0.0,0.0,0.0
10,7,6,0,,,,0.38260004,0.0,0.0,0.0,0.0
10,8,6,0,,,,0.3592501,0.0,0.0,0.0,50.37
10,9,6,0,,,,1.3112667,0.0,0.0,0.0,96.3
10,10,6,0,,,,1.1144667,0.0,0.0,0.0,127.46
10,11,6,0,,,,1.5192333,0.0,0.0,0.0,195.39
10,12,6,0,,,,1.0590833,0.0,0.0,0.0,173.02
10,13,6,0,,,,0.93628335,0.0,0.0,0.0,419.71
10,14,6,0,,,,0.99985,0.0,0.0,0.0,531.01
10,15,6,0,,,,1.717,0.0,0.0,0.0,112.98
10,16,6,0,,,,1.64405,0.0,0.0,0.0,326.63
10,17,6,0,,,,1.2971166,0.0,0.0,0.0,208.36
10,18,6,0,,,,1.8651667,0.0,0.0,0.0,5.5
10,19,6,0,,,,2.0341833,0.0,0.0,0.0,0.0
10,20,6,0,,,,0.81610835,0.0,0.0,0.0,0.0
10,21,6,0,,,,1.50535,0.0,0.0,0.0,0.0
10,22,6,0,,,,1.7748333,0.0,0.0,0.0,0.0
10,23,6,0,,,,1.10045,0.0,0.0,0.0,0.0
10,24,6,0,,,,1.1290584,0.0,0.0,0.0,0.0
10,1,7,0,,,,1.3608333,0.0,0.0,0.0,0.0
10,2,7,0,,,,0.65295,0.0,0.0,0.0,0.0
10,3,7,0,,,,0.88946664,0.0,0.0,0.0,0.0
10,4,7,0,,,,0.9454,0.0,0.0,0.0,0.0
10,5,7,0,,,,0.64375,0.0,0.0,0.0,0.0
10,6,7,0,,,,0.67593336,0.0,0.0,0.0,0.0
10,7,7,0,,,,0.55841666,0.0,0.0,0.0,0.0
10,8,7,0,,,,0.53616667,0.0,0.0,0.0,172.47
10,9,7,0,,,,0.34863332,0.0,0.0,0.0,391.49
10,10,7,0,,,,0.4218,0.0,0.0,0.0,565.22
10,11,7,0,,,,0.71426666,0.0,0.0,0.0,679.34
10,12,7,0,,,,0.46558332,0.0,0.0,0.0,728.94
10,13,7,0,,,,1.3319167,0.0,0.0,0.0,718.99
10,14,7,0,,,,1.1566334,0.0,0.0,0.0,654.68
10,15,7,0,,,,1.3836167,0.0,0.0,0.0,513.91
10,16,7,0,,,,1.3673167,0.0,0.0,0.0,383.48
10,17,7,0,,,,1.4164833,0.0,0.0,0.0,179.62
10,18,7,0,,,,1.0395833,0.0,0.0,0.0,3.85
10,19,7,0,,,,0.7406833,0.0,0.0,0.0,0.0
10,20,7,0,,,,0.9354,0.0,0.0,0.0,0.0
10,21,7,0,,,,0.6221333,0.0,0.0,0.0,0.0
10,22,7,0,,,,0.7424667,0.0,0.0,0.0,0.0
10,23,7,0,,,,0.7812667,0.0,0.0,0.0,0.0
10,24,7,0,,,,1.2032833,0.0,0.0,0.0,0.0
10,1,1,0,,,,0.77385,0.0,0.0,0.0,0.0
10,2,1,0,,,,0.4074,0.0,0.0,0.0,0.0
10,3,1,0,,,,0.17811666,0.0,0.0,0.0,0.0
10,4,1,0,,,,0.1528,0.0,0.0,0.0,0.0
10,5,1,0,,,,0.27433333,0.0,0.0,0.0,0.0
10,6,1,0,,,,0.073233336,0.0,0.0,0.0,0.0
10,7,1,0,,,,0.09593333,0.0,0.0,0.0,0.0
10,8,1,0,,,,0.67855,0.0,0.0,0.0,52.49
10,9,1,0,,,,0.53356665,0.0,0.0,0.0,150.52
10,10,1,0,,,,0.42038333,0.0,0.0,0.0,222.14
10,11,1,0,,,,0.3006667,0.0,0.0,0.0,584.08
10,12,1,0,,,,0.20131667,0.0,0.0,0.0,654.72
10,13,1,0,,,,0.17031667,0.0,0.0,0.0,689.95
10,14,1,0,,,,0.5132833,0.0,0.0,0.0,648.48
10,15,1,0,,,,0.80726665,0.0,0.0,0.0,516.37
10,16,1,0,,,,0.73525,0.0,0.0,0.0,225.79
10,17,1,0,,,,0.82783335,0.0,0.0,0.0,173.69
10,18,1,0,,,,0.84166664,0.0,0.0,0.0,3.33
10,19,1,0,,,,0.8814833,0.0,0.0,0.0,0.0
10,20,1,0,,,,1.21255,0.0,0.0,0.0,0.0
10,21,1,0,,,,1.2336,0.0,0.0,0.0,0.0
10,22,1,0,,,,0.7474333,0.0,0.0,0.0,0.0
10,23,1,0,,,,0.66215,0.0,0.0,0.0,0.0
10,24,1,0,,,,0.66965,0.0,0.0,0.0,0.0
10,1,2,0,,,,0.6444167,0.0,0.0,0.0,0.0
10,2,2,0,,,,0.34226668,0.0,0.0,0.0,0.0
10,3,2,0,,,,0.108433336,0.0,0.0,0.0,0.0
10,4,2,0,,,,0.29221666,0.0,0.0,0.0,0.0
10,5,2,0,,,,0.10375,0.0,0.0,0.0,0.0
10,6,2,0,,,,0.6110333,0.0,0.0,0.0,0.0
10,7,2,0,,,,0.6520333,0.0,0.0,0.0,0.0
10,8,2,0,,,,0.42328334,0.0,0.0,0.0,9.35
10,9,2,0,,,,0.22758333,0.0,0.0,0.0,48.36
10,10,2,0,,,,0.46021667,0.0,0.0,0.0,131.92
10,11,2,0,,,,0.82853335,0.0,0.0,0.0,135.9
10,12,2,0,,,,0.51521665,0.0,0.0,0.0,157.64
10,13,2,0,,,,0.39175,0.0,0.0,0.0,285.53
10,14,2,0,,,,0.41111666,0.0,0.0,0.0,249.81
10,15,2,0,,,,1.7604667,0.0,0.0,0.0,153.11
10,16,2,0,,,,0.55556667,0.0,0.0,0.0,48.65
10,17,2,0,,,,1.3860333,0.0,0.0,0.0,23.33
10,18,2,0,,,,0.73455,0.0,0.0,0.0,0.0
10,19,2,0,,,,1.6313167,0.0,0.0,0.0,0.0
10,20,2,0,,,,1.7643,0.0,0.0,0.0,0.0
10,21,2,0,,,,1.1418333,0.0,0.0,0.0,0.0
10,22,2,0,,,,0.6719,0.0,0.0,0.0,0.0
10,23,2,0,,,,0.20853333,0.0,0.0,0.0,0.0
10,24,2,0,,,,0.39885,0.0,0.0,0.0,0.0
10,1,3,0,,,,0.33945,0.0,0.0,0.0,0.0
10,2,3,0,,,,0.12706667,0.0,0.0,0.0,0.0
10,3,3,0,,,,0.09385,0.0,0.0,0.0,0.0
10,4,3,0,,,,0.1191,0.0,0.0,0.0,0.0
10,5,3,0,,,,0.09640833,0.0,0.0,0.0,0.0
10,6,3,0,,,,0.573525,0.0,0.0,0.0,0.0
10,7,3,0,,,,0.29355,0.0,0.0,0.0,0.0
10,8,3,0,,,,0.12071667,0.0,0.0,0.0,6.97
10,9,3,0,,,,0.5438,0.0,0.0,0.0,88.99
10,10,3,0,,,,0.51905835,0.0,0.0,0.0,214.96
10,11,3,0,,,,0.048083343,0.0,0.0,0.0,228.66
10,12,3,0,,,,0.31688333,0.0,0.0,0.0,184.34
10,13,3,0,,,,0.8507,0.0,0.0,0.0,115.39
10,14,3,0,,,,0.669,0.0,0.0,0.0,188.08
10,15,3,0,,,,1.4049667,0.0,0.0,0.0,42.57
10,16,3,0,,,,0.74148333,0.0,0.0,0.0,81.2
10,17,3,0,,,,0.43820006,0.0,0.0,0.0,78.79
10,18,3,0,,,,0.9494334,0.0,0.0,0.0,0.0
10,19,3,0,,,,0.4936834,0.0,0.0,0.0,0.0
10,20,3,0,,,,0.72540003,0.0,0.0,0.0,0.0
10,21,3,0,,,,1.4566166,0.0,0.0,0.0,0.0
10,22,3,0,,,,0.2596,0.0,0.0,0.0,0.0
10,23,3,0,,,,0.19166666,0.0,0.0,0.0,0.0
10,24,3,0,,,,0.12961666,0.0,0.0,0.0,0.0
10,1,4,0,,,,0.14286667,0.0,0.0,0.0,0.0
10,2,4,0,,,,0.35758334,0.0,0.0,0.0,0.0
10,3,4,0,,,,0.12455,0.0,0.0,0.0,0.0
10,4,4,0,,,,0.1008,0.0,0.0,0.0,0.0
10,5,4,0,,,,0.124283336,0.0,0.0,0.0,0.0
10,6,4,0,,,,0.17755,0.0,0.0,0.0,0.0
10,7,4,0,,,,0.21233334,0.0,0.0,0.0,0.0
10,8,4,0,,,,0.092533335,0.0,0.0,0.0,49.62
10,9,4,0,,,,0.57776666,0.0,0.0,0.0,59.34
10,10,4,0,,,,0.53896666,0.0,0.0,0.0,295.7
10,11,4,0,,,,0.2586,0.0,0.0,0.0,435.19
10,12,4,0,,,,0.70528334,0.0,0.0,0.0,385.39
10,13,4,0,,,,0.2,0.0,0.0,0.0,458.96
10,14,4,0,,,,1.5628166,0.0,0.0,0.0,66.45
10,15,4,0,,,,0.91103333,0.0,0.0,0.0,48.39
10,16,4,0,,,,1.9248166,0.0,0.0,0.0,130.51
10,17,4,0,,,,1.9741,0.0,0.0,0.0,56.86
10,18,4,0,,,,2.3778167,0.0,0.0,0.0,0.0
10,19,4,0,,,,1.1977667,0.0,0.0,0.0,0.0
10,20,4,0,,,,1.4464834,0.0,0.0,0.0,0.0
10,21,4,0,,,,0.87436664,0.0,0.0,0.0,0.0
10,22,4,0,,,,0.6849667,0.0,0.0,0.0,0.0
10,23,4,0,,,,0.5306,0.0,0.0,0.0,0.0
10,24,4,0,,,,0.6683083,0.0,0.0,0.0,0.0
10,1,5,0,,,,0.6508167,0.0,0.0,0.0,0.0
10,2,5,0,,,,0.34448335,0.0,0.0,0.0,0.0
10,3,5,0,,,,0.56416667,0.0,0.0,0.0,0.0
10,4,5,0,,,,0.15228334,0.0,0.0,0.0,0.0
10,5,5,0,,,,0.12835,0.0,0.0,0.0,0.0
10,6,5,0,,,,0.041783333,0.0,0.0,0.0,0.0
10,7,5,0,,,,0.74616665,0.0,0.0,0.0,0.0
10,8,5,0,,,,0.5949,0.0,0.0,0.0,146.36
10,9,5,0,,,,0.28976676,0.0,0.0,0.0,398.4
10,10,5,0,,,,0.30456677,0.0,0.0,0.0,576.24
10,11,5,0,,,,0.89423335,0.0,0.0,0.0,567.32
10,12,5,0,,,,1.9208333,0.0,0.0,0.0,298.56
10,13,5,0,,,,0.84791666,0.0,0.0,0.0,87.98
10,14,5,0,,,,1.0459334,0.0,0.0,0.0,105.09
10,15,5,0,,,,1.4845834,0.0,0.0,0.0,21.1
10,16,5,0,,,,1.5061,0.0,0.0,0.0,80.85
10,17,5,0,,,,1.7504834,0.0,0.0,0.0,22.54
10,18,5,0,,,,1.2011667,0.0,0.0,0.0,0.0
10,19,5,0,,,,1.1127334,0.0,0.0,0.0,0.0
10,20,5,0,,,,0.95786667,0.0,0.0,0.0,0.0
10,21,5,0,,,,1.37415,0.0,0.0,0.0,0.0
10,22,5,0,,,,1.1268,0.0,0.0,0.0,0.0
10,23,5,0,,,,1.1298833,0.0,0.0,0.0,0.0
10,24,5,0,,,,0.8931917,0.0,0.0,0.0,0.0
10,1,6,0,,,,0.7581667,0.0,0.0,0.0,0.0
10,2,6,0,,,,0.66498333,0.0,0.0,0.0,0.0
10,3,6,0,,,,1.0815917,0.0,0.0,0.0,0.0
10,4,6,0,,,,0.13501666,0.0,0.0,0.0,0.0
10,5,6,0,,,,0.39848334,0.0,0.0,0.0,0.0
10,6,6,0,,,,0.0567,0.0,0.0,0.0,0.0
10,7,6,0,,,,0.5803,0.0,0.0,0.0,0.0
10,8,6,0,,,,0.37281665,0.0,0.0,0.0,158.22
10,9,6,0,,,,0.45115,0.0,0.0,0.0,379.61
10,10,6,0,,,,1.0919,0.0,0.0,0.0,584.66
10,11,6,0,,,,1.15045,0.0,0.0,0.0,692.53
10,12,6,0,,,,1.1460667,0.0,0.0,0.0,739.81
10,13,6,0,,,,1.6596167,0.0,0.0,0.0,731.03
10,14,6,0,,,,0.8713,0.0,0.0,0.0,646.85
10,15,6,0,,,,0.20315,0.0,0.0,0.0,429.2
10,16,6,0,,,,0.1224667,0.0,0.0,0.0,180.71
10,17,6,0,,,,0.7565,0.0,0.0,0.0,52.06
10,18,6,0,,,,0.48056668,0.0,0.0,0.0,0.0
10,19,6,0,,,,0.24806666,0.0,0.0,0.0,0.0
10,20,6,0,,,,0.28851667,0.0,0.0,0.0,0.0
10,21,6,0,,,,1.8641833,0.0,0.0,0.0,0.0
10,22,6,0,,,,2.9515834,0.0,0.0,0.0,0.0
10,23,6,0,,,,1.7638,0.0,0.0,0.0,0.0
10,24,6,0,,,,1.36585,0.0,0.0,0.0,0.0
10,1,7,0,,,,0.9349667,0.0,0.0,0.0,0.0
10,2,7,0,,,,0.73328334,0.0,0.0,0.0,0.0
10,3,7,0,,,,0.37411666,0.0,0.0,0.0,0.0
10,4,7,0,,,,0.30148333,0.0,0.0,0.0,0.0
10,5,7,0,,,,0.8356,0.0,0.0,0.0,0.0
10,6,7,0,,,,0.35858333,0.0,0.0,0.0,0.0
10,7,7,0,,,,0.71265,0.0,0.0,0.0,0.0
10,8,7,0,,,,0.9482167,0.0,0.0,0.0,9.46
10,9,7,0,,,,0.15906672,0.0,0.0,0.0,20.25
10,10,7,0,,,,1.37685,0.0,0.0,0.0,42.59
10,11,7,0,,,,1.2207032e-07,0.0,0.0,0.0,74.0
10,12,7,0,,,,2.0900667,0.0,0.0,0.0,260.71
10,13,7,0,,,,1.4625334,0.0,0.0,0.0,157.12
10,14,7,0,,,,1.35325,0.0,0.0,0.0,252.93
10,15,7,0,,,,2.3810334,0.0,0.0,0.0,176.64
10,16,7,0,,,,0.41501668,0.0,0.0,0.0,147.17
10,17,7,0,,,,0.45061666,0.0,0.0,0.0,188.94
10,18,7,0,,,,0.40853333,0.0,0.0,0.0,0.0
10,19,7,0,,,,0.5782167,0.0,0.0,0.0,0.0
10,20,7,0,,,,0.7644167,0.0,0.0,0.0,0.0
10,21,7,0,,,,3.86725,0.0,0.0,0.0,0.0
10,22,7,0,,,,3.2615666,0.0,0.0,0.0,0.0
10,23,7,0,,,,0.8102667,0.0,0.0,0.0,0.0
10,24,7,0,,,,0.33735,0.0,0.0,0.0,0.0
10,1,1,0,,,,0.37353334,0.0,0.0,0.0,0.0
10,2,1,0,,,,0.36993334,0.0,0.0,0.0,0.0
10,3,1,0,,,,0.15991667,0.0,0.0,0.0,0.0
10,4,1,0,,,,0.15255,0.0,0.0,0.0,0.0
10,5,1,0,,,,0.14475,0.0,0.0,0.0,0.0
10,6,1,0,,,,0.04935,0.0,0.0,0.0,0.0
10,7,1,0,,,,0.05505,0.0,0.0,0.0,0.0
10,8,1,0,,,,0.064383335,0.0,0.0,0.0,44.1
10,9,1,0,,,,0.21835,0.0,0.0,0.0,210.86
10,10,1,0,,,,0.042366665,0.0,0.0,0.0,318.61
10,11,1,0,,,,0.1859,0.0,0.0,0.0,67.27
10,12,1,0,,,,0.5578833,0.0,0.0,0.0,138.7
10,13,1,0,,,,0.61041665,0.0,0.0,0.0,575.54
10,14,1,0,,,,0.26596665,0.0,0.0,0.0,439.51
10,15,1,0,,,,0.36893332,0.0,0.0,0.0,206.71
10,16,1,0,,,,0.4376,0.0,0.0,0.0,222.25
10,17,1,0,,,,2.5633166,0.0,0.0,0.0,70.73
10,18,1,0,,,,3.2686834,0.0,0.0,0.0,0.0
10,19,1,0,,,,2.2606,0.0,0.0,0.0,0.0
10,20,1,0,,,,0.44271666,0.0,0.0,0.0,0.0
10,21,1,0,,,,0.40036666,0.0,0.0,0.0,0.0
10,22,1,0,,,,0.53258336,0.0,0.0,0.0,0.0
10,23,1,0,,,,0.39356667,0.0,0.0,0.0,0.0
10,24,1,0,,,,0.39178333,0.0,0.0,0.0,0.0
10,1,2,0,,,,0.30384168,0.0,0.0,0.0,0.0
10,2,2,0,,,,0.1529,0.0,0.0,0.0,0.0
10,3,2,0,,,,0.12971666,0.0,0.0,0.0,0.0
10,4,2,0,,,,0.119833335,0.0,0.0,0.0,0.0
10,5,2,0,,,,0.28882778,0.0,0.0,0.0,0.0
10,6,2,0,,,,0.47135,0.0,0.0,0.0,0.0
10,7,2,0,,,,0.5381167,0.0,0.0,0.0,0.0
10,8,2,0,,,,0.68945,0.0,0.0,0.0,52.18
10,9,2,0,,,,0.79033333,0.0,0.0,0.0,358.0
10,10,2,0,,,,0.33916667,0.0,0.0,0.0,523.13
10,11,2,0,,,,0.14326666,0.0,0.0,0.0,174.33
10,12,2,0,,,,0.09241667,0.0,0.0,0.0,285.71
10,13,2,0,,,,0.072966665,0.0,0.0,0.0,600.93
10,14,2,0,,,,0.074216664,0.0,0.0,0.0,64.25
10,15,2,0,,,,0.093616664,0.0,0.0,0.0,118.4
10,16,2,0,,,,0.096366666,0.0,0.0,0.0,220.51
10,17,2,0,,,,0.46568334,0.0,0.0,0.0,121.62
10,18,2,0,,,,0.5569,0.0,0.0,0.0,0.0
10,19,2,0,,,,0.41995,0.0,0.0,0.0,0.0
10,20,2,0,,,,0.1732,0.0,0.0,0.0,0.0
10,21,2,0,,,,0.43931666,0.0,0.0,0.0,0.0
10,22,2,0,,,,0.21723333,0.0,0.0,0.0,0.0
10,23,2,0,,,,1.4411666,0.0,0.0,0.0,0.0
10,24,2,0,,,,2.91485,0.0,0.0,0.0,0.0
10,1,3,0,,,,0.64358336,0.0,0.0,0.0,0.0
10,2,3,0,,,,0.66221666,0.0,0.0,0.0,0.0
10,3,3,0,,,,0.35353333,0.0,0.0,0.0,0.0
10,4,3,0,,,,0.3367,0.0,0.0,0.0,0.0
10,5,3,0,,,,0.32213333,0.0,0.0,0.0,0.0
10,6,3,0,,,,0.44421667,0.0,0.0,0.0,0.0
10,7,3,0,,,,0.22488333,0.0,0.0,0.0,0.0
10,8,3,0,,,,0.38691667,0.0,0.0,0.0,36.23
10,9,3,0,,,,0.38498333,0.0,0.0,0.0,148.28
10,10,3,0,,,,0.52168334,0.0,0.0,0.0,435.32
10,11,3,0,,,,0.4397,0.0,0.0,0.0,315.93
10,12,3,0,,,,0.20696667,0.0,0.0,0.0,335.89
10,13,3,0,,,,0.54305,0.0,0.0,0.0,308.81
10,14,3,0,,,,0.42353332,0.0,0.0,0.0,154.6
10,15,3,0,,,,0.7439167,0.0,0.0,0.0,209.12
10,16,3,0,,,,0.4172167,0.0,0.0,0.0,134.05
10,17,3,0,,,,0.83238333,0.0,0.0,0.0,103.7
10,18,3,0,,,,1.2473834,0.0,0.0,0.0,0.0
10,19,3,0,,,,1.0542,0.0,0.0,0.0,0.0
10,20,3,0,,,,0.7280833,0.0,0.0,0.0,0.0
10,21,3,0,,,,0.9252167,0.0,0.0,0.0,0.0
10,22,3,0,,,,0.3608,0.0,0.0,0.0,0.0
10,23,3,0,,,,0.5014667,0.0,0.0,0.0,0.0
10,24,3,0,,,,0.41336668,0.0,0.0,0.0,0.0
10,1,4,0,,,,0.3924,0.0,0.0,0.0,0.0
10,2,4,0,,,,0.53728336,0.0,0.0,0.0,0.0
10,3,4,0,,,,0.3688,0.0,0.0,0.0,0.0
10,4,4,0,,,,0.084416665,0.0,0.0,0.0,0.0
10,5,4,0,,,,0.085216664,0.0,0.0,0.0,0.0
10,6,4,0,,,,0.12958333,0.0,0.0,0.0,0.0
10,7,4,0,,,,0.14798333,0.0,0.0,0.0,0.0
10,8,4,0,,,,0.48995,0.0,0.0,0.0,114.19
10,9,4,0,,,,0.6013333,0.0,0.0,0.0,350.64
10,10,4,0,,,,0.41496667,0.0,0.0,0.0,517.64
10,11,4,0,,,,0.07253333,0.0,0.0,0.0,621.55
10,12,4,0,,,,0.06943333,0.0,0.0,0.0,695.28
10,13,4,0,,,,0.04025,0.0,0.0,0.0,635.82
10,14,4,0,,,,1.20955,0.0,0.0,0.0,598.71
10,15,4,0,,,,0.5261001,0.0,0.0,0.0,454.11
10,16,4,0,,,,0.6945334,0.0,0.0,0.0,315.62
10,17,4,0,,,,0.5062667,0.0,0.0,0.0,114.08
10,18,4,0,,,,0.8309001,0.0,0.0,0.0,0.0
10,19,4,0,,,,1.2198167,0.0,0.0,0.0,0.0
10,20,4,0,,,,1.17525,0.0,0.0,0.0,0.0
10,21,4,0,,,,0.7916333,0.0,0.0,0.0,0.0
10,22,4,0,,,,0.5191,0.0,0.0,0.0,0.0
10,23,4,0,,,,0.5154333,0.0,0.0,0.0,0.0
10,24,4,0,,,,0.5521,0.0,0.0,0.0,0.0
10,1,5,0,,,,0.32868335,0.0,0.0,0.0,0.0
10,2,5,0,,,,0.38406667,0.0,0.0,0.0,0.0
10,3,5,0,,,,0.40593332,0.0,0.0,0.0,0.0
10,4,5,0,,,,0.38708332,0.0,0.0,0.0,0.0
10,5,5,0,,,,0.41595,0.0,0.0,0.0,0.0
10,6,5,0,,,,0.4824,0.0,0.0,0.0,0.0
10,7,5,0,,,,0.48935,0.0,0.0,0.0,0.0
10,8,5,0,,,,0.13292916,0.0,0.0,0.0,102.87
10,9,5,0,,,,0.17833333,0.0,0.0,0.0,341.51
10,10,5,0,,,,0.49001667,0.0,0.0,0.0,512.26
10,11,5,0,,,,0.1363,0.0,0.0,0.0,616.88
10,12,5,0,,,,0.47856668,0.0,0.0,0.0,689.12
10,13,5,0,,,,0.58236665,0.0,0.0,0.0,667.51
10,14,5,0,,,,3.55045,0.0,0.0,0.0,614.15
10,15,5,0,,,,2.4158,0.0,0.0,0.0,439.55
10,16,5,0,,,,2.00235,0.0,0.0,0.0,334.67
10,17,5,0,,,,1.68335,0.0,0.0,0.0,113.82
10,18,5,0,,,,1.8991333,0.0,0.0,0.0,0.0
10,19,5,0,,,,1.9270333,0.0,0.0,0.0,0.0
10,20,5,0,,,,1.5757667,0.0,0.0,0.0,0.0
10,21,5,0,,,,1.7724833,0.0,0.0,0.0,0.0
10,22,5,0,,,,2.91595,0.0,0.0,0.0,0.0
10,23,5,0,,,,0.4493,0.0,0.0,0.0,0.0
10,24,5,0,,,,0.56860834,0.0,0.0,0.0,0.0
10,1,6,0,,,,0.40096667,0.0,0.0,0.0,0.0
10,2,6,0,,,,0.2448,0.0,0.0,0.0,0.0
10,3,6,0,,,,0.08031667,0.0,0.0,0.0,0.0
10,4,6,0,,,,0.10045,0.0,0.0,0.0,0.0
10,5,6,0,,,,0.3751,0.0,0.0,0.0,0.0
10,6,6,0,,,,0.333,0.0,0.0,0.0,0.0
10,7,6,0,,,,0.29753333,0.0,0.0,0.0,0.0
10,8,6,0,,,,0.12763333,0.0,0.0,0.0,85.12
10,9,6,0,,,,0.14215,0.0,0.0,0.0,320.97
10,10,6,0,,,,0.09475002,0.0,0.0,0.0,482.42
10,11,6,0,,,,0.21001667,0.0,0.0,0.0,587.74
10,12,6,0,,,,0.30485,0.0,0.0,0.0,646.51
10,13,6,0,,,,0.30315,0.0,0.0,0.0,634.19
10,14,6,0,,,,0.040883332,0.0,0.0,0.0,571.79
10,15,6,0,,,,0.21428333,0.0,0.0,0.0,411.3
10,16,6,0,,,,1.745,0.0,0.0,0.0,298.94
10,17,6,0,,,,0.86333334,0.0,0.0,0.0,62.23
10,18,6,0,,,,1.24315,0.0,0.0,0.0,0.0
10,19,6,0,,,,0.30175,0.0,0.0,0.0,0.0
10,20,6,0,,,,0.44721666,0.0,0.0,0.0,0.0
10,21,6,0,,,,0.20105,0.0,0.0,0.0,0.0
10,22,6,0,,,,1.1562333,0.0,0.0,0.0,0.0
10,23,6,0,,,,0.12651667,0.0,0.0,0.0,0.0
10,24,6,0,,,,0.428675,0.0,0.0,0.0,0.0
10,1,7,0,,,,0.37591666,0.0,0.0,0.0,0.0
10,2,7,0,,,,0.39563334,0.0,0.0,0.0,0.0
10,3,7,0,,,,0.087183334,0.0,0.0,0.0,0.0
10,4,7,0,,,,0.09875,0.0,0.0,0.0,0.0
10,5,7,0,,,,0.46956667,0.0,0.0,0.0,0.0
10,6,7,0,,,,0.353925,0.0,0.0,0.0,0.0
10,7,7,0,,,,0.5563833,0.0,0.0,0.0,0.0
10,8,7,0,,,,0.38008332,0.0,0.0,0.0,16.68
10,9,7,0,,,,0.12211667,0.0,0.0,0.0,148.64
10,10,7,0,,,,0.07018334,0.0,0.0,0.0,393.03
10,11,7,0,,,,0.10305,0.0,0.0,0.0,642.48
10,12,7,0,,,,0.072283335,0.0,0.0,0.0,706.35
10,13,7,0,,,,0.0998,0.0,0.0,0.0,680.5
10,14,7,0,,,,0.14325,0.0,0.0,0.0,617.35
10,15,7,0,,,,0.36288333,0.0,0.0,0.0,434.6
10,16,7,0,,,,0.2897,0.0,0.0,0.0,312.34
10,17,7,0,,,,0.35813335,0.0,0.0,0.0,99.86
10,18,7,0,,,,0.46885,0.0,0.0,0.0,0.0
10,19,7,0,,,,2.1469166,0.0,0.0,0.0,0.0
10,20,7,0,,,,0.87943333,0.0,0.0,0.0,0.0
10,21,7,0,,,,0.71821666,0.0,0.0,0.0,0.0
10,22,7,0,,,,0.52555,0.0,0.0,0.0,0.0
10,23,7,0,,,,0.41661668,0.0,0.0,0.0,0.0
10,24,7,0,,,,0.35646668,0.0,0.0,0.0,0.0
10,1,1,0,,,,0.39198333,0.0,0.0,0.0,0.0
10,2,1,0,,,,0.42616665,0.0,0.0,0.0,0.0
10,3,1,0,,,,0.40211666,0.0,0.0,0.0,0.0
10,4,1,0,,,,0.38325834,0.0,0.0,0.0,0.0
10,5,1,0,,,,0.1131,0.0,0.0,0.0,0.0
10,6,1,0,,,,0.28525,0.0,0.0,0.0,0.0
10,7,1,0,,,,0.1259,0.0,0.0,0.0,0.0
10,8,1,0,,,,0.7726667,0.0,0.0,0.0,89.3
10,9,1,0,,,,0.53358334,0.0,0.0,0.0,330.58
10,10,1,0,,,,0.3774,0.0,0.0,0.0,498.77
10,11,1,0,,,,0.45565,0.0,0.0,0.0,617.88
10,12,1,0,,,,0.29065,0.0,0.0,0.0,683.31
10,13,1,0,,,,0.49143332,0.0,0.0,0.0,656.88
10,14,1,0,,,,0.7191333,0.0,0.0,0.0,600.06
10,15,1,0,,,,0.71306664,0.0,0.0,0.0,448.02
10,16,1,0,,,,0.21118334,0.0,0.0,0.0,321.02
10,17,1,0,,,,0.43023333,0.0,0.0,0.0,88.25
10,18,1,0,,,,0.22798334,0.0,0.0,0.0,0.0
10,19,1,0,,,,0.33643332,0.0,0.0,0.0,0.0
10,20,1,0,,,,0.62416667,0.0,0.0,0.0,0.0
10,21,1,0,,,,0.46461666,0.0,0.0,0.0,0.0
10,22,1,0,,,,0.19716668,0.0,0.0,0.0,0.0
10,23,1,0,,,,0.57668334,0.0,0.0,0.0,0.0
10,24,1,0,,,,0.44415835,0.0,0.0,0.0,0.0
10,1,2,0,,,,0.49966666,0.0,0.0,0.0,0.0
10,2,2,0,,,,0.47526667,0.0,0.0,0.0,0.0
10,3,2,0,,,,0.3156,0.0,0.0,0.0,0.0
10,4,2,0,,,,0.11613333,0.0,0.0,0.0,0.0
10,5,2,0,,,,0.434,0.0,0.0,0.0,0.0
10,6,2,0,,,,0.20783333,0.0,0.0,0.0,0.0
10,7,2,0,,,,0.8496,0.0,0.0,0.0,0.0
10,8,2,0,,,,0.5021,0.0,0.0,0.0,84.71
10,9,2,0,,,,0.08525,0.0,0.0,0.0,322.43
10,10,2,0,,,,0.10001667,0.0,0.0,0.0,487.72
10,11,2,0,,,,0.11621669,0.0,0.0,0.0,605.1
10,12,2,0,,,,0.5084,0.0,0.0,0.0,656.0
10,13,2,0,,,,0.20533334,0.0,0.0,0.0,637.9
10,14,2,0,,,,0.10735,0.0,0.0,0.0,589.97
10,15,2,0,,,,1.4609001,0.0,0.0,0.0,464.19
10,16,2,0,,,,1.1622111e-07,0.0,0.0,0.0,321.8
10,17,2,0,,,,1.6416,0.0,0.0,0.0,83.01
10,18,2,0,,,,0.62125,0.0,0.0,0.0,0.0
10,19,2,0,,,,0.51475,0.0,0.0,0.0,0.0
10,20,2,0,,,,0.22505,0.0,0.0,0.0,0.0
10,21,2,0,,,,0.062633336,0.0,0.0,0.0,0.0
10,22,2,0,,,,0.38986668,0.0,0.0,0.0,0.0
10,23,2,0,,,,0.23905,0.0,0.0,0.0,0.0
10,24,2,0,,,,0.36905834,0.0,0.0,0.0,0.0
10,1,3,0,,,,0.33838335,0.0,0.0,0.0,0.0
10,2,3,0,,,,0.34996668,0.0,0.0,0.0,0.0
10,3,3,0,,,,0.3484,0.0,0.0,0.0,0.0
10,4,3,0,,,,0.5719,0.0,0.0,0.0,0.0
10,5,3,0,,,,0.13108334,0.0,0.0,0.0,0.0
10,6,3,0,,,,0.1472,0.0,0.0,0.0,0.0
10,7,3,0,,,,0.23438333,0.0,0.0,0.0,0.0
10,8,3,0,,,,0.37358335,0.0,0.0,0.0,46.59
10,9,3,0,,,,0.1467,0.0,0.0,0.0,259.5
10,10,3,0,,,,0.23413333,0.0,0.0,0.0,450.24
10,11,3,0,,,,0.20370002,0.0,0.0,0.0,578.9
10,12,3,0,,,,1.2949166,0.0,0.0,0.0,638.69
10,13,3,0,,,,0.023583334,0.0,0.0,0.0,643.3
10,14,3,0,,,,1.3436333,0.0,0.0,0.0,594.41
10,15,3,0,,,,0.10378334,0.0,0.0,0.0,490.18
10,16,3,0,,,,1.9875,0.0,0.0,0.0,304.12
10,17,3,0,,,,0.20331667,0.0,0.0,0.0,79.36
10,18,3,0,,,,1.0554667,0.0,0.0,0.0,0.0
10,19,3,0,,,,1.3091333,0.0,0.0,0.0,0.0
10,20,3,0,,,,0.75203335,0.0,0.0,0.0,0.0
10,21,3,0,,,,0.7776833,0.0,0.0,0.0,0.0
10,22,3,0,,,,0.03965,0.0,0.0,0.0,0.0
10,23,3,0,,,,0.30606666,0.0,0.0,0.0,0.0
10,24,3,0,,,,0.090733334,0.0,0.0,0.0,0.0
10,1,4,0,,,,0.096883334,0.0,0.0,0.0,0.0
10,2,4,0,,,,0.0451,0.0,0.0,0.0,0.0
10,3,4,0,,,,0.0647,0.0,0.0,0.0,0.0
10,4,4,0,,,,0.041983332,0.0,0.0,0.0,0.0
10,5,4,0,,,,0.46891665,0.0,0.0,0.0,0.0
10,6,4,0,,,,1.99715,0.0,0.0,0.0,0.0
10,7,4,0,,,,0.58103335,0.0,0.0,0.0,0.0
10,8,4,0,,,,0.29335,0.0,0.0,0.0,51.33
10,9,4,0,,,,0.19473334,0.0,0.0,0.0,126.78
10,10,4,0,,,,0.19193333,0.0,0.0,0.0,482.24
10,11,4,0,,,,1.3192166,0.0,0.0,0.0,591.97
10,12,4,0,,,,0.90741664,0.0,0.0,0.0,653.12
10,13,4,0,,,,0.71091664,0.0,0.0,0.0,650.32
10,14,4,0,,,,1.2272167,0.0,0.0,0.0,597.65
10,15,4,0,,,,1.6293833,0.0,0.0,0.0,483.27
10,16,4,0,,,,0.20031667,0.0,0.0,0.0,313.17
10,17,4,0,,,,1.8722,0.0,0.0,0.0,70.85
10,18,4,0,,,,1.7763333,0.0,0.0,0.0,0.0
10,19,4,0,,,,0.53568333,0.0,0.0,0.0,0.0
10,20,4,0,,,,2.1151834,0.0,0.0,0.0,0.0
10,21,4,0,,,,0.15866667,0.0,0.0,0.0,0.0
10,22,4,0,,,,0.34118333,0.0,0.0,0.0,0.0
10,23,4,0,,,,1.51475,0.0,0.0,0.0,0.0
10,24,4,0,,,,0.5708167,0.0,0.0,0.0,0.0
10,1,5,0,,,,0.355,0.0,0.0,0.0,0.0
10,2,5,0,,,,0.23893334,0.0,0.0,0.0,0.0
10,3,5,0,,,,0.05385,0.0,0.0,0.0,0.0
10,4,5,0,,,,0.28361666,0.0,0.0,0.0,0.0
10,5,5,0,,,,0.09385,0.0,0.0,0.0,0.0
10,6,5,0,,,,0.12805,0.0,0.0,0.0,0.0
10,7,5,0,,,,0.34696665,0.0,0.0,0.0,0.0
10,8,5,0,,,,0.7977,0.0,0.0,0.0,6.32
10,9,5,0,,,,0.50876665,0.0,0.0,0.0,54.81
10,10,5,0,,,,0.49155,0.0,0.0,0.0,102.13
10,11,5,0,,,,0.06293333,0.0,0.0,0.0,124.42
10,12,5,0,,,,0.0639,0.0,0.0,0.0,108.67
10,13,5,0,,,,0.014633409,0.0,0.0,0.0,124.74
10,14,5,0,,,,0.029533418,0.0,0.0,0.0,193.63
10,15,5,0,,,,0.22325003,0.0,0.0,0.0,209.19
10,16,5,0,,,,0.32761666,0.0,0.0,0.0,295.68
10,17,5,0,,,,0.4887,0.0,0.0,0.0,79.64
10,18,5,0,,,,0.2598,0.0,0.0,0.0,0.0
10,19,5,0,,,,2.7498667,0.0,0.0,0.0,0.0
10,20,5,0,,,,3.2694166,0.0,0.0,0.0,0.0
10,21,5,0,,,,3.7354167,0.0,0.0,0.0,0.0
10,22,5,0,,,,1.9842167,0.0,0.0,0.0,0.0
10,23,5,0,,,,0.94371665,0.0,0.0,0.0,0.0
10,24,5,0,,,,0.9934083,0.0,0.0,0.0,0.0
10,1,6,0,,,,0.38488334,0.0,0.0,0.0,0.0
10,2,6,0,,,,0.40288332,0.0,0.0,0.0,0.0
10,3,6,0,,,,0.38683334,0.0,0.0,0.0,0.0
10,4,6,0,,,,0.13785,0.0,0.0,0.0,0.0
10,5,6,0,,,,0.20411667,0.0,0.0,0.0,0.0
10,6,6,0,,,,0.47515,0.0,0.0,0.0,0.0
10,7,6,0,,,,0.39481667,0.0,0.0,0.0,0.0
10,8,6,0,,,,0.739,0.0,0.0,0.0,5.21
10,9,6,0,,,,0.38158333,0.0,0.0,0.0,87.74
10,10,6,0,,,,0.29095,0.0,0.0,0.0,103.69
10,11,6,0,,,,0.15211667,0.0,0.0,0.0,310.13
10,12,6,0,,,,0.16945,0.0,0.0,0.0,490.44
10,13,6,0,,,,0.068733364,0.0,0.0,0.0,517.11
10,14,6,0,,,,0.006250104,0.0,0.0,0.0,540.17
10,15,6,0,,,,0.10025006,0.0,0.0,0.0,405.7
10,16,6,0,,,,0.45933336,0.0,0.0,0.0,230.77
10,17,6,0,,,,0.31275,0.0,0.0,0.0,60.4
10,18,6,0,,,,0.10055001,0.0,0.0,0.0,0.0
10,19,6,0,,,,0.18358338,0.0,0.0,0.0,0.0
10,20,6,0,,,,0.20233335,0.0,0.0,0.0,0.0
10,21,6,0,,,,0.32051668,0.0,0.0,0.0,0.0
10,22,6,0,,,,0.7226167,0.0,0.0,0.0,0.0
10,23,6,0,,,,0.49693334,0.0,0.0,0.0,0.0
10,24,6,0,,,,0.39864168,0.0,0.0,0.0,0.0
10,1,7,0,,,,0.37181666,0.0,0.0,0.0,0.0
10,2,7,0,,,,0.4309,0.0,0.0,0.0,0.0
10,3,7,0,,,,0.13675,0.0,0.0,0.0,0.0
10,4,7,0,,,,0.10321666,0.0,0.0,0.0,0.0
10,5,7,0,,,,0.21453333,0.0,0.0,0.0,0.0
10,6,7,0,,,,0.9317833,0.0,0.0,0.0,0.0
10,7,7,0,,,,0.5843,0.0,0.0,0.0,0.0
10,8,7,0,,,,0.43256667,0.0,0.0,0.0,0.0
10,9,7,0,,,,0.46095,0.0,0.0,0.0,87.77
10,10,7,0,,,,0.062200002,0.0,0.0,0.0,174.81
10,11,7,0,,,,0.045183334,0.0,0.0,0.0,297.31
10,12,7,0,,,,0.059566665,0.0,0.0,0.0,267.16
10,13,7,0,,,,0.071716666,0.0,0.0,0.0,494.24
10,14,7,0,,,,0.06495,0.0,0.0,0.0,440.26
10,15,7,0,,,,0.47845,0.0,0.0,0.0,254.45
10,16,7,0,,,,0.46148333,0.0,0.0,0.0,210.98
10,17,7,0,,,,0.5183833,0.0,0.0,0.0,39.83
10,18,7,0,,,,0.47556666,0.0,0.0,0.0,0.0
10,19,7,0,,,,0.43271667,0.0,0.0,0.0,0.0
10,20,7,0,,,,0.44136667,0.0,0.0,0.0,0.0
10,21,7,0,,,,0.48723334,0.0,0.0,0.0,0.0
10,22,7,0,,,,0.8689,0.0,0.0,0.0,0.0
10,23,7,0,,,,0.59353334,0.0,0.0,0.0,0.0
10,24,7,0,,,,0.421675,0.0,0.0,0.0,0.0
10,1,1,0,,,,0.39713332,0.0,0.0,0.0,0.0
10,2,1,0,,,,0.36208335,0.0,0.0,0.0,0.0
10,3,1,0,,,,0.37743333,0.0,0.0,0.0,0.0
10,4,1,0,,,,0.3023,0.0,0.0,0.0,0.0
10,5,1,0,,,,2.1996834,0.0,0.0,0.0,0.0
10,6,1,0,,,,1.2820333,0.0,0.0,0.0,0.0
10,7,1,0,,,,0.10571667,0.0,0.0,0.0,0.0
10,8,1,0,,,,0.1335,0.0,0.0,0.0,4.61
10,9,1,0,,,,0.08591667,0.0,0.0,0.0,52.73
10,10,1,0,,,,0.31110004,0.0,0.0,0.0,131.84
10,11,1,0,,,,0.22208333,0.0,0.0,0.0,174.64
10,12,1,0,,,,0.07275,0.0,0.0,0.0,136.33
10,13,1,0,,,,0.32298332,0.0,0.0,0.0,144.82
10,14,1,0,,,,0.13278334,0.0,0.0,0.0,227.13
10,15,1,0,,,,0.48078334,0.0,0.0,0.0,216.12
10,16,1,0,,,,0.45881668,0.0,0.0,0.0,74.71
10,17,1,0,,,,0.80516666,0.0,0.0,0.0,5.05
10,18,1,0,,,,0.8048,0.0,0.0,0.0,0.0
10,19,1,0,,,,0.71695,0.0,0.0,0.0,0.0
10,20,1,0,,,,1.0482,0.0,0.0,0.0,0.0
10,21,1,0,,,,0.9834,0.0,0.0,0.0,0.0
10,22,1,0,,,,0.4435,0.0,0.0,0.0,0.0
10,23,1,0,,,,0.50818336,0.0,0.0,0.0,0.0
10,24,1,0,,,,0.41450834,0.0,0.0,0.0,0.0
10,1,2,0,,,,0.37298334,0.0,0.0,0.0,0.0
10,2,2,0,,,,0.17256667,0.0,0.0,0.0,0.0
10,3,2,0,,,,0.09853333,0.0,0.0,0.0,0.0
10,4,2,0,,,,0.21826667,0.0,0.0,0.0,0.0
10,5,2,0,,,,0.30156666,0.0,0.0,0.0,0.0
10,6,2,0,,,,0.11455,0.0,0.0,0.0,0.0
10,7,2,0,,,,0.57665,0.0,0.0,0.0,0.0
10,8,2,0,,,,0.32446668,0.0,0.0,0.0,0.69
10,9,2,0,,,,0.34696665,0.0,0.0,0.0,34.14
10,10,2,0,,,,0.05118333,0.0,0.0,0.0,63.18
10,11,2,0,,,,0.08765,0.0,0.0,0.0,77.86
10,12,2,0,,,,0.1016,0.0,0.0,0.0,55.1
10,13,2,0,,,,0.33768332,0.0,0.0,0.0,55.01
10,14,2,0,,,,0.69275,0.0,0.0,0.0,41.29
10,15,2,0,,,,1.12255,0.0,0.0,0.0,23.76
10,16,2,0,,,,0.46481675,0.0,0.0,0.0,14.87
10,17,2,0,,,,0.48066667,0.0,0.0,0.0,0.87
10,18,2,0,,,,1.3042333,0.0,0.0,0.0,0.0
10,19,2,0,,,,0.778,0.0,0.0,0.0,0.0
10,20,2,0,,,,1.0347834,0.0,0.0,0.0,0.0
10,21,2,0,,,,0.69306666,0.0,0.0,0.0,0.0
10,22,2,0,,,,0.3614,0.0,0.0,0.0,0.0
10,23,2,0,,,,0.35388333,0.0,0.0,0.0,0.0
10,24,2,0,,,,0.14653334,0.0,0.0,0.0,0.0
10,1,3,0,,,,0.2992,0.0,0.0,0.0,0.0
10,2,3,0,,,,0.10605,0.0,0.0,0.0,0.0
10,3,3,0,,,,0.14665,0.0,0.0,0.0,0.0
10,4,3,0,,,,0.11906666,0.0,0.0,0.0,0.0
10,5,3,0,,,,0.07006667,0.0,0.0,0.0,0.0
10,6,3,0,,,,0.41638333,0.0,0.0,0.0,0.0
10,7,3,0,,,,0.5972,0.0,0.0,0.0,0.0
10,8,3,0,,,,0.118883334,0.0,0.0,0.0,0.33
10,9,3,0,,,,0.5787167,0.0,0.0,0.0,31.49
10,10,3,0,,,,0.6792167,0.0,0.0,0.0,68.72
10,11,3,0,,,,0.55233335,0.0,0.0,0.0,98.06
10,12,3,0,,,,1.7737666,0.0,0.0,0.0,48.44
10,13,3,0,,,,1.5079,0.0,0.0,0.0,126.24
10,14,3,0,,,,1.4395,0.0,0.0,0.0,188.5
10,15,3,0,,,,1.6692333,0.0,0.0,0.0,27.39
10,16,3,0,,,,1.4000666,0.0,0.0,0.0,12.28
10,17,3,0,,,,1.2460166,0.0,0.0,0.0,4.51
10,18,3,0,,,,1.6794167,0.0,0.0,0.0,0.0
10,19,3,0,,,,1.7693,0.0,0.0,0.0,0.0
10,20,3,0,,,,1.62905,0.0,0.0,0.0,0.0
10,21,3,0,,,,1.8205667,0.0,0.0,0.0,0.0
10,22,3,0,,,,2.5954666,0.0,0.0,0.0,0.0
10,23,3,0,,,,0.26331666,0.0,0.0,0.0,0.0
10,24,3,0,,,,0.055508334,0.0,0.0,0.0,0.0
10,1,4,0,,,,0.047983333,0.0,0.0,0.0,0.0
10,2,4,0,,,,0.08125,0.0,0.0,0.0,0.0
10,3,4,0,,,,0.078483336,0.0,0.0,0.0,0.0
10,4,4,0,,,,0.08731667,0.0,0.0,0.0,0.0
10,5,4,0,,,,0.3205,0.0,0.0,0.0,0.0
10,6,4,0,,,,0.5599833,0.0,0.0,0.0,0.0
10,7,4,0,,,,0.13153334,0.0,0.0,0.0,0.0
10,8,4,0,,,,0.4912,0.0,0.0,0.0,1.56
10,9,4,0,,,,0.18845008,0.0,0.0,0.0,39.94
10,10,4,0,,,,1.2030601e-07,0.0,0.0,0.0,90.43
10,11,4,0,,,,0.05553338,0.0,0.0,0.0,125.52
10,12,4,0,,,,0.17555,0.0,0.0,0.0,237.18
10,13,4,0,,,,0.113066666,0.0,0.0,0.0,564.47
10,14,4,0,,,,0.14555,0.0,0.0,0.0,579.4
10,15,4,0,,,,0.14788334,0.0,0.0,0.0,479.66
10,16,4,0,,,,0.7640667,0.0,0.0,0.0,277.11
10,17,4,0,,,,0.7664833,0.0,0.0,0.0,8.25
10,18,4,0,,,,0.379,0.0,0.0,0.0,0.0
10,19,4,0,,,,0.53246665,0.0,0.0,0.0,0.0
10,20,4,0,,,,0.45201668,0.0,0.0,0.0,0.0
10,21,4,0,,,,0.9346333,0.0,0.0,0.0,0.0
10,22,4,0,,,,0.3764,0.0,0.0,0.0,0.0
10,23,4,0,,,,0.49153334,0.0,0.0,0.0,0.0
10,24,4,0,,,,0.373,0.0,0.0,0.0,0.0
10,1,5,0,,,,0.4496,0.0,0.0,0.0,0.0
10,2,5,0,,,,0.79465,0.0,0.0,0.0,0.0
10,3,5,0,,,,0.445,0.0,0.0,0.0,0.0
10,4,5,0,,,,0.088316664,0.0,0.0,0.0,0.0
10,5,5,0,,,,0.047483332,0.0,0.0,0.0,0.0
10,6,5,0,,,,0.0753,0.0,0.0,0.0,0.0
10,7,5,0,,,,0.23478334,0.0,0.0,0.0,0.0
10,8,5,0,,,,0.59865,0.0,0.0,0.0,0.0
10,9,5,0,,,,0.19591667,0.0,0.0,0.0,18.41
10,10,5,0,,,,0.043616667,0.0,0.0,0.0,70.06
10,11,5,0,,,,0.6375167,0.0,0.0,0.0,110.36
10,12,5,0,,,,0.64626664,0.0,0.0,0.0,39.34
10,13,5,0,,,,0.24775,0.0,0.0,0.0,18.38
10,14,5,0,,,,0.08371667,0.0,0.0,0.0,40.2
10,15,5,0,,,,0.17976667,0.0,0.0,0.0,32.06
10,16,5,0,,,,0.08688334,0.0,0.0,0.0,17.13
10,17,5,0,,,,0.042466674,0.0,0.0,0.0,0.18
10,18,5,0,,,,0.07981667,0.0,0.0,0.0,0.0
10,19,5,0,,,,0.050383333,0.0,0.0,0.0,0.0
10,20,5,0,,,,0.80305,0.0,0.0,0.0,0.0
10,21,5,0,,,,0.43855,0.0,0.0,0.0,0.0
10,22,5,0,,,,0.32871667,0.0,0.0,0.0,0.0
10,23,5,0,,,,0.38436666,0.0,0.0,0.0,0.0
10,24,5,0,,,,0.35219166,0.0,0.0,0.0,0.0
10,1,6,0,,,,0.7493333,0.0,0.0,0.0,0.0
10,2,6,0,,,,0.3503,0.0,0.0,0.0,0.0
10,3,6,0,,,,0.26573333,0.0,0.0,0.0,0.0
10,4,6,0,,,,0.07025,0.0,0.0,0.0,0.0
10,5,6,0,,,,0.11185,0.0,0.0,0.0,0.0
10,6,6,0,,,,0.15048334,0.0,0.0,0.0,0.0
10,7,6,0,,,,0.25176665,0.0,0.0,0.0,0.0
10,8,6,0,,,,0.3456,0.0,0.0,0.0,20.2
10,9,6,0,,,,0.32353333,0.0,0.0,0.0,271.07
10,10,6,0,,,,0.18833333,0.0,0.0,0.0,449.5
10,11,6,0,,,,0.052633334,0.0,0.0,0.0,197.89
10,12,6,0,,,,0.10491667,0.0,0.0,0.0,256.09
10,13,6,0,,,,0.0527,0.0,0.0,0.0,631.42
10,14,6,0,,,,0.0978,0.0,0.0,0.0,79.35
10,15,6,0,,,,0.30935,0.0,0.0,0.0,179.73
10,16,6,0,,,,0.27543333,0.0,0.0,0.0,170.74
10,17,6,0,,,,0.23355,0.0,0.0,0.0,6.78
10,18,6,0,,,,0.7488667,0.0,0.0,0.0,0.0
10,19,6,0,,,,0.519,0.0,0.0,0.0,0.0
10,20,6,0,,,,0.34905,0.0,0.0,0.0,0.0
10,21,6,0,,,,0.40778333,0.0,0.0,0.0,0.0
10,22,6,0,,,,0.9938667,0.0,0.0,0.0,0.0
10,23,6,0,,,,0.76521665,0.0,0.0,0.0,0.0
10,24,6,0,,,,0.45803332,0.0,0.0,0.0,0.0
10,1,7,0,,,,0.3696,0.0,0.0,0.0,0.0
10,2,7,0,,,,0.25695,0.0,0.0,0.0,0.0
10,3,7,0,,,,0.09668333,0.0,0.0,0.0,0.0
10,4,7,0,,,,0.060416672,0.0,0.0,0.0,0.0
10,5,7,0,,,,0.19166669,0.0,0.0,0.0,0.0
10,6,7,0,,,,0.2081,0.0,0.0,0.0,0.0
10,7,7,0,,,,0.6526833,0.0,0.0,0.0,0.0
10,8,7,0,,,,0.48293334,0.0,0.0,0.0,21.06
10,9,7,0,,,,0.26338336,0.0,0.0,0.0,302.22
10,10,7,0,,,,0.048583362,0.0,0.0,0.0,134.21
10,11,7,0,,,,0.021400087,0.0,0.0,0.0,259.65
10,12,7,0,,,,0.07110001,0.0,0.0,0.0,74.77
10,13,7,0,,,,0.13953333,0.0,0.0,0.0,628.21
10,14,7,0,,,,0.39008334,0.0,0.0,0.0,615.04
10,15,7,0,,,,0.09376667,0.0,0.0,0.0,478.08
10,16,7,0,,,,0.09261667,0.0,0.0,0.0,279.61
10,17,7,0,,,,0.096933335,0.0,0.0,0.0,5.3
10,18,7,0,,,,0.14436667,0.0,0.0,0.0,0.0
10,19,7,0,,,,0.08748333,0.0,0.0,0.0,0.0
10,20,7,0,,,,0.19728333,0.0,0.0,0.0,0.0
10,21,7,0,,,,0.30015,0.0,0.0,0.0,0.0
10,22,7,0,,,,0.09508333,0.0,0.0,0.0,0.0
10,23,7,0,,,,0.111,0.0,0.0,0.0,0.0
10,24,7,0,,,,0.23816666,0.0,0.0,0.0,0.0
10,1,1,0,,,,0.115883335,0.0,0.0,0.0,0.0
10,2,1,0,,,,0.12146667,0.0,0.0,0.0,0.0
10,3,1,0,,,,0.31688333,0.0,0.0,0.0,0.0
10,4,1,0,,,,0.20475,0.0,0.0,0.0,0.0
10,5,1,0,,,,0.28695,0.0,0.0,0.0,0.0
10,6,1,0,,,,0.6105833,0.0,0.0,0.0,0.0
10,7,1,0,,,,0.079066664,0.0,0.0,0.0,0.0
10,8,1,0,,,,0.135,0.0,0.0,0.0,0.0
10,9,1,0,,,,0.25403333,0.0,0.0,0.0,78.81
10,10,1,0,,,,0.31013334,0.0,0.0,0.0,470.04
10,11,1,0,,,,0.16558333,0.0,0.0,0.0,566.17
10,12,1,0,,,,0.16796666,0.0,0.0,0.0,631.42
10,13,1,0,,,,0.15711667,0.0,0.0,0.0,57.98
10,14,1,0,,,,0.0998,0.0,0.0,0.0,48.35
10,15,1,0,,,,0.49768335,0.0,0.0,0.0,29.67
10,16,1,0,,,,0.82603335,0.0,0.0,0.0,89.8
10,17,1,0,,,,0.30881667,0.0,0.0,0.0,0.23
10,18,1,0,,,,0.34993333,0.0,0.0,0.0,0.0
10,19,1,0,,,,0.34253335,0.0,0.0,0.0,0.0
10,20,1,0,,,,0.342,0.0,0.0,0.0,0.0
10,21,1,0,,,,0.55048335,0.0,0.0,0.0,0.0
10,22,1,0,,,,0.49801666,0.0,0.0,0.0,0.0
10,23,1,0,,,,0.3251,0.0,0.0,0.0,0.0
10,24,1,0,,,,0.18610834,0.0,0.0,0.0,0.0
11,1,2,0,,,,0.42255,0.0,0.0,0.0,0.0
11,2,2,0,,,,0.19571666,0.0,0.0,0.0,0.0
11,3,2,0,,,,0.18175,0.0,0.0,0.0,0.0
11,4,2,0,,,,0.1645,0.0,0.0,0.0,0.0
11,5,2,0,,,,0.115383334,0.0,0.0,0.0,0.0
11,6,2,0,,,,0.535,0.0,0.0,0.0,0.0
11,7,2,0,,,,0.73685,0.0,0.0,0.0,0.0
11,8,2,0,,,,0.507,0.0,0.0,0.0,10.91
11,9,2,0,,,,0.47108334,0.0,0.0,0.0,273.17
11,10,2,0,,,,0.103033334,0.0,0.0,0.0,481.86
11,11,2,0,,,,0.4938,0.0,0.0,0.0,592.95
11,12,2,0,,,,0.59961665,0.0,0.0,0.0,202.49
11,13,2,0,,,,0.17921667,0.0,0.0,0.0,270.32
11,14,2,0,,,,0.07991666,0.0,0.0,0.0,191.32
11,15,2,0,,,,0.0825,0.0,0.0,0.0,395.21
11,16,2,0,,,,0.1381,0.0,0.0,0.0,192.22
11,17,2,0,,,,1.1170167,0.0,0.0,0.0,1.82
11,18,2,0,,,,0.96095,0.0,0.0,0.0,0.0
11,19,2,0,,,,0.954,0.0,0.0,0.0,0.0
11,20,2,0,,,,0.23926666,0.0,0.0,0.0,0.0
11,21,2,0,,,,0.1167,0.0,0.0,0.0,0.0
11,22,2,0,,,,0.17576666,0.0,0.0,0.0,0.0
11,23,2,0,,,,0.5815667,0.0,0.0,0.0,0.0
11,24,2,0,,,,0.2847,0.0,0.0,0.0,0.0
11,1,3,0,,,,0.15661667,0.0,0.0,0.0,0.0
11,2,3,0,,,,0.103583336,0.0,0.0,0.0,0.0
11,3,3,0,,,,0.102016665,0.0,0.0,0.0,0.0
11,4,3,0,,,,0.12563333,0.0,0.0,0.0,0.0
11,5,3,0,,,,0.55041665,0.0,0.0,0.0,0.0
11,6,3,0,,,,0.38815,0.0,0.0,0.0,0.0
11,7,3,0,,,,0.47126666,0.0,0.0,0.0,0.0
11,8,3,0,,,,0.49685,0.0,0.0,0.0,0.0
11,9,3,0,,,,0.43851668,0.0,0.0,0.0,88.85
11,10,3,0,,,,0.07298333,0.0,0.0,0.0,286.82
11,11,3,0,,,,0.069633335,0.0,0.0,0.0,463.1
11,12,3,0,,,,0.1394,0.0,0.0,0.0,431.49
11,13,3,0,,,,0.118433334,0.0,0.0,0.0,419.72
11,14,3,0,,,,0.06925,0.0,0.0,0.0,503.96
11,15,3,0,,,,0.0718,0.0,0.0,0.0,343.88
11,16,3,0,,,,0.10653333,0.0,0.0,0.0,97.3
11,17,3,0,,,,0.22056666,0.0,0.0,0.0,0.0
11,18,3,0,,,,0.91221666,0.0,0.0,0.0,0.0
11,19,3,0,,,,0.7341833,0.0,0.0,0.0,0.0
11,20,3,0,,,,0.49161667,0.0,0.0,0.0,0.0
11,21,3,0,,,,0.71418333,0.0,0.0,0.0,0.0
11,22,3,0,,,,0.37293333,0.0,0.0,0.0,0.0
11,23,3,0,,,,0.6946,0.0,0.0,0.0,0.0
11,24,3,0,,,,0.46724167,0.0,0.0,0.0,0.0
11,1,4,0,,,,0.8494167,0.0,0.0,0.0,0.0
11,2,4,0,,,,0.24915,0.0,0.0,0.0,0.0
11,3,4,0,,,,0.38041666,0.0,0.0,0.0,0.0
11,4,4,0,,,,0.32825,0.0,0.0,0.0,0.0
11,5,4,0,,,,0.19095,0.0,0.0,0.0,0.0
11,6,4,0,,,,0.09273333,0.0,0.0,0.0,0.0
11,7,4,0,,,,0.22516666,0.0,0.0,0.0,0.0
11,8,4,0,,,,0.087866664,0.0,0.0,0.0,0.0
11,9,4,0,,,,0.55626667,0.0,0.0,0.0,11.99
11,10,4,0,,,,0.42288333,0.0,0.0,0.0,52.69
11,11,4,0,,,,0.5631667,0.0,0.0,0.0,40.99
11,12,4,0,,,,0.50555,0.0,0.0,0.0,40.13
11,13,4,0,,,,0.53253335,0.0,0.0,0.0,59.53
11,14,4,0,,,,0.42681667,0.0,0.0,0.0,40.67
11,15,4,0,,,,0.56336665,0.0,0.0,0.0,15.81
11,16,4,0,,,,0.54845,0.0,0.0,0.0,64.26
11,17,4,0,,,,0.1638,0.0,0.0,0.0,0.0
11,18,4,0,,,,0.22895,0.0,0.0,0.0,0.0
11,19,4,0,,,,0.42281666,0.0,0.0,0.0,0.0
11,20,4,0,,,,0.46356666,0.0,0.0,0.0,0.0
11,21,4,0,,,,0.20081666,0.0,0.0,0.0,0.0
11,22,4,0,,,,0.2714,0.0,0.0,0.0,0.0
11,23,4,0,,,,0.51771665,0.0,0.0,0.0,0.0
11,24,4,0,,,,0.43861666,0.0,0.0,0.0,0.0
11,1,5,0,,,,0.1483,0.0,0.0,0.0,0.0
11,2,5,0,,,,0.16953333,0.0,0.0,0.0,0.0
11,3,5,0,,,,0.133,0.0,0.0,0.0,0.0
11,4,5,0,,,,0.14086667,0.0,0.0,0.0,0.0
11,5,5,0,,,,0.79758334,0.0,0.0,0.0,0.0
11,6,5,0,,,,0.106183335,0.0,0.0,0.0,0.0
11,7,5,0,,,,0.61046666,0.0,0.0,0.0,0.0
11,8,5,0,,,,0.78055,0.0,0.0,0.0,0.0
11,9,5,0,,,,0.8109667,0.0,0.0,0.0,60.92
11,10,5,0,,,,0.7694917,0.0,0.0,0.0,15.03
11,11,5,0,,,,0.5416667,0.0,0.0,0.0,70.98
11,12,5,0,,,,0.41905,0.0,0.0,0.0,68.2
11,13,5,0,,,,0.37421668,0.0,0.0,0.0,87.32
11,14,5,0,,,,0.5804,0.0,0.0,0.0,66.1
11,15,5,0,,,,0.31293333,0.0,0.0,0.0,142.97
11,16,5,0,,,,0.74761665,0.0,0.0,0.0,78.83
11,17,5,0,,,,3.4238834,0.0,0.0,0.0,0.0
11,18,5,0,,,,2.41495,0.0,0.0,0.0,0.0
11,19,5,0,,,,2.0675833,0.0,0.0,0.0,0.0
11,20,5,0,,,,0.82255,0.0,0.0,0.0,0.0
11,21,5,0,,,,0.33446667,0.0,0.0,0.0,0.0
11,22,5,0,,,,1.7651334,0.0,0.0,0.0,0.0
11,23,5,0,,,,0.1738,0.0,0.0,0.0,0.0
11,24,5,0,,,,0.70098335,0.0,0.0,0.0,0.0
11,1,6,0,,,,0.76475,0.0,0.0,0.0,0.0
11,2,6,0,,,,0.43038332,0.0,0.0,0.0,0.0
11,3,6,0,,,,0.34625,0.0,0.0,0.0,0.0
11,4,6,0,,,,0.2456,0.0,0.0,0.0,0.0
11,5,6,0,,,,0.12145,0.0,0.0,0.0,0.0
11,6,6,0,,,,0.20005,0.0,0.0,0.0,0.0
11,7,6,0,,,,0.08798333,0.0,0.0,0.0,0.0
11,8,6,0,,,,0.13698334,0.0,0.0,0.0,0.0
11,9,6,0,,,,0.26506665,0.0,0.0,0.0,92.5
11,10,6,0,,,,0.50481665,0.0,0.0,0.0,430.35
11,11,6,0,,,,1.2505333,0.0,0.0,0.0,535.39
11,12,6,0,,,,1.9787,0.0,0.0,0.0,538.59
11,13,6,0,,,,0.92583334,0.0,0.0,0.0,620.93
11,14,6,0,,,,2.45805,0.0,0.0,0.0,557.96
11,15,6,0,,,,1.9662666,0.0,0.0,0.0,424.6
11,16,6,0,,,,0.9917,0.0,0.0,0.0,222.81
11,17,6,0,,,,0.14445,0.0,0.0,0.0,0.0
11,18,6,0,,,,0.07540002,0.0,0.0,0.0,0.0
11,19,6,0,,,,0.14646667,0.0,0.0,0.0,0.0
11,20,6,0,,,,0.11255002,0.0,0.0,0.0,0.0
11,21,6,0,,,,0.16088334,0.0,0.0,0.0,0.0
11,22,6,0,,,,0.4635,0.0,0.0,0.0,0.0
11,23,6,0,,,,0.46185,0.0,0.0,0.0,0.0
11,24,6,0,,,,0.44154167,0.0,0.0,0.0,0.0
11,1,7,0,,,,0.24596667,0.0,0.0,0.0,0.0
11,2,7,0,,,,0.12578334,0.0,0.0,0.0,0.0
11,3,7,0,,,,0.12868333,0.0,0.0,0.0,0.0
11,4,7,0,,,,0.13796666,0.0,0.0,0.0,0.0
11,5,7,0,,,,0.5894167,0.0,0.0,0.0,0.0
11,6,7,0,,,,0.8826,0.0,0.0,0.0,0.0
11,7,7,0,,,,0.62291664,0.0,0.0,0.0,0.0
11,8,7,0,,,,0.36841667,0.0,0.0,0.0,0.0
11,9,7,0,,,,0.20868333,0.0,0.0,0.0,68.12
11,10,7,0,,,,0.19701667,0.0,0.0,0.0,191.29
11,11,7,0,,,,0.16223334,0.0,0.0,0.0,333.95
11,12,7,0,,,,0.08303333,0.0,0.0,0.0,187.93
11,13,7,0,,,,0.11073333,0.0,0.0,0.0,426.45
11,14,7,0,,,,0.09223333,0.0,0.0,0.0,172.47
11,15,7,0,,,,0.14846666,0.0,0.0,0.0,75.09
11,16,7,0,,,,0.113283336,0.0,0.0,0.0,177.33
11,17,7,0,,,,0.625,0.0,0.0,0.0,0.0
11,18,7,0,,,,1.4922833,0.0,0.0,0.0,0.0
11,19,7,0,,,,0.53723335,0.0,0.0,0.0,0.0
11,20,7,0,,,,0.008883376,0.0,0.0,0.0,0.0
11,21,7,0,,,,0.5527167,0.0,0.0,0.0,0.0
11,22,7,0,,,,1.0697666,0.0,0.0,0.0,0.0
11,23,7,0,,,,0.6148833,0.0,0.0,0.0,0.0
11,24,7,0,,,,0.4369,0.0,0.0,0.0,0.0
11,1,1,0,,,,0.46226665,0.0,0.0,0.0,0.0
11,2,1,0,,,,0.37603334,0.0,0.0,0.0,0.0
11,3,1,0,,,,0.14548333,0.0,0.0,0.0,0.0
11,4,1,0,,,,0.34545,0.0,0.0,0.0,0.0
11,5,1,0,,,,0.5413,0.0,0.0,0.0,0.0
11,6,1,0,,,,0.48083332,0.0,0.0,0.0,0.0
11,7,1,0,,,,0.59423333,0.0,0.0,0.0,0.0
11,8,1,0,,,,0.28215,0.0,0.0,0.0,0.0
11,9,1,0,,,,0.09895,0.0,0.0,0.0,3.62
11,10,1,0,,,,0.17018333,0.0,0.0,0.0,18.85
11,11,1,0,,,,0.15006667,0.0,0.0,0.0,54.79
11,12,1,0,,,,0.19145,0.0,0.0,0.0,56.95
11,13,1,0,,,,0.31746668,0.0,0.0,0.0,99.47
11,14,1,0,,,,0.33151665,0.0,0.0,0.0,84.35
11,15,1,0,,,,0.34866667,0.0,0.0,0.0,38.31
11,16,1,0,,,,0.3135,0.0,0.0,0.0,6.89
11,17,1,0,,,,0.47041667,0.0,0.0,0.0,0.0
11,18,1,0,,,,0.37173334,0.0,0.0,0.0,0.0
11,19,1,0,,,,0.66735,0.0,0.0,0.0,0.0
11,20,1,0,,,,0.80078334,0.0,0.0,0.0,0.0
11,21,1,0,,,,0.341,0.0,0.0,0.0,0.0
11,22,1,0,,,,1.0885333,0.0,0.0,0.0,0.0
11,23,1,0,,,,0.49206668,0.0,0.0,0.0,0.0
11,24,1,0,,,,0.33573332,0.0,0.0,0.0,0.0
11,1,2,0,,,,1.3157,0.0,0.0,0.0,0.0
11,2,2,0,,,,2.7218833,0.0,0.0,0.0,0.0
11,3,2,0,,,,0.27315,0.0,0.0,0.0,0.0
11,4,2,0,,,,0.34813333,0.0,0.0,0.0,0.0
11,5,2,0,,,,0.3366,0.0,0.0,0.0,0.0
11,6,2,0,,,,0.5104833,0.0,0.0,0.0,0.0
11,7,2,0,,,,0.7417167,0.0,0.0,0.0,0.0
11,8,2,0,,,,0.73366666,0.0,0.0,0.0,0.0
11,9,2,0,,,,1.08685,0.0,0.0,0.0,79.91
11,10,2,0,,,,3.6187334,0.0,0.0,0.0,52.54
11,11,2,0,,,,3.4212,0.0,0.0,0.0,185.68
11,12,2,0,,,,2.5814667,0.0,0.0,0.0,87.27
11,13,2,0,,,,3.0343833,0.0,0.0,0.0,50.99
11,14,2,0,,,,1.4764833,0.0,0.0,0.0,34.17
11,15,2,0,,,,2.0592167,0.0,0.0,0.0,49.98
11,16,2,0,,,,1.4840667,0.0,0.0,0.0,2.96
11,17,2,0,,,,1.4157833,0.0,0.0,0.0,0.0
11,18,2,0,,,,3.0778334,0.0,0.0,0.0,0.0
11,19,2,0,,,,0.9752333,0.0,0.0,0.0,0.0
11,20,2,0,,,,1.8554667,0.0,0.0,0.0,0.0
11,21,2,0,,,,0.7689,0.0,0.0,0.0,0.0
11,22,2,0,,,,2.1359334,0.0,0.0,0.0,0.0
11,23,2,0,,,,0.43088335,0.0,0.0,0.0,0.0
11,24,2,0,,,,1.0952,0.0,0.0,0.0,0.0
11,1,3,0,,,,0.052066665,0.0,0.0,0.0,0.0
11,2,3,0,,,,0.025633333,0.0,0.0,0.0,0.0
11,3,3,0,,,,0.044966668,0.0,0.0,0.0,0.0
11,4,3,0,,,,0.6634167,0.0,0.0,0.0,0.0
11,5,3,0,,,,0.023033334,0.0,0.0,0.0,0.0
11,6,3,0,,,,0.03245,0.0,0.0,0.0,0.0
11,7,3,0,,,,0.4535,0.0,0.0,0.0,0.0
11,8,3,0,,,,0.36028334,0.0,0.0,0.0,0.0
11,9,3,0,,,,0.022066757,0.0,0.0,0.0,1.54
11,10,3,0,,,,0.09263336,0.0,0.0,0.0,11.13
11,11,3,0,,,,1.02659065e-07,0.0,0.0,0.0,98.26
11,12,3,0,,,,0.16426674,0.0,0.0,0.0,66.94
11,13,3,0,,,,0.4896167,0.0,0.0,0.0,49.67
11,14,3,0,,,,0.13551667,0.0,0.0,0.0,28.71
11,15,3,0,,,,0.026433421,0.0,0.0,0.0,54.08
11,16,3,0,,,,0.04520001,0.0,0.0,0.0,61.02
11,17,3,0,,,,0.08425,0.0,0.0,0.0,0.0
11,18,3,0,,,,0.36015,0.0,0.0,0.0,0.0
11,19,3,0,,,,0.39753333,0.0,0.0,0.0,0.0
11,20,3,0,,,,0.17258333,0.0,0.0,0.0,0.0
11,21,3,0,,,,0.2938,0.0,0.0,0.0,0.0
11,22,3,0,,,,0.36628333,0.0,0.0,0.0,0.0
11,23,3,0,,,,0.35631666,0.0,0.0,0.0,0.0
11,24,3,0,,,,0.25005,0.0,0.0,0.0,0.0
11,1,4,0,,,,0.21213333,0.0,0.0,0.0,0.0
11,2,4,0,,,,0.053416666,0.0,0.0,0.0,0.0
11,3,4,0,,,,0.10028333,0.0,0.0,0.0,0.0
11,4,4,0,,,,0.60705,0.0,0.0,0.0,0.0
11,5,4,0,,,,0.49646667,0.0,0.0,0.0,0.0
11,6,4,0,,,,0.074233346,0.0,0.0,0.0,0.0
11,7,4,0,,,,0.036766686,0.0,0.0,0.0,0.0
11,8,4,0,,,,0.060083345,0.0,0.0,0.0,0.0
11,9,4,0,,,,0.23266673,0.0,0.0,0.0,2.48
11,10,4,0,,,,0.3973,0.0,0.0,0.0,28.53
11,11,4,0,,,,0.44151667,0.0,0.0,0.0,46.5
11,12,4,0,,,,0.2142834,0.0,0.0,0.0,30.56
11,13,4,0,,,,0.040500063,0.0,0.0,0.0,25.4
11,14,4,0,,,,0.03171675,0.0,0.0,0.0,37.77
11,15,4,0,,,,0.111550026,0.0,0.0,0.0,93.35
11,16,4,0,,,,0.28297085,0.0,0.0,0.0,30.6
11,17,4,0,,,,2.0546668,0.0,0.0,0.0,0.0
11,18,4,0,,,,3.0775332,0.0,0.0,0.0,0.0
11,19,4,0,,,,1.0197834,0.0,0.0,0.0,0.0
11,20,4,0,,,,0.035516668,0.0,0.0,0.0,0.0
11,21,4,0,,,,0.19891667,0.0,0.0,0.0,0.0
11,22,4,0,,,,0.09290009,0.0,0.0,0.0,0.0
11,23,4,0,,,,0.08751671,0.0,0.0,0.0,0.0
11,24,4,0,,,,0.28853333,0.0,0.0,0.0,0.0
11,1,5,0,,,,0.2191,0.0,0.0,0.0,0.0
11,2,5,0,,,,0.107866675,0.0,0.0,0.0,0.0
11,3,5,0,,,,0.050116666,0.0,0.0,0.0,0.0
11,4,5,0,,,,0.4311,0.0,0.0,0.0,0.0
11,5,5,0,,,,0.11811667,0.0,0.0,0.0,0.0
11,6,5,0,,,,0.1462,0.0,0.0,0.0,0.0
11,7,5,0,,,,0.38085,0.0,0.0,0.0,0.0
11,8,5,0,,,,0.036333334,0.0,0.0,0.0,0.0
11,9,5,0,,,,0.84915,0.0,0.0,0.0,24.51
11,10,5,0,,,,0.51538336,0.0,0.0,0.0,15.88
11,11,5,0,,,,0.07700004,0.0,0.0,0.0,15.86
11,12,5,0,,,,0.03355006,0.0,0.0,0.0,41.23
11,13,5,0,,,,0.0032667704,0.0,0.0,0.0,13.74
11,14,5,0,,,,0.21393335,0.0,0.0,0.0,110.97
11,15,5,0,,,,0.28173333,0.0,0.0,0.0,119.86
11,16,5,0,,,,0.29208332,0.0,0.0,0.0,155.34
11,17,5,0,,,,3.1152167,0.0,0.0,0.0,0.0
11,18,5,0,,,,2.3515832,0.0,0.0,0.0,0.0
11,19,5,0,,,,1.5089333,0.0,0.0,0.0,0.0
11,20,5,0,,,,1.7679334,0.0,0.0,0.0,0.0
11,21,5,0,,,,0.743,0.0,0.0,0.0,0.0
11,22,5,0,,,,0.6059639,0.0,0.0,0.0,0.0
11,23,5,0,,,,0.5566834,0.0,0.0,0.0,0.0
11,24,5,0,,,,0.27446678,0.0,0.0,0.0,0.0
11,1,6,0,,,,0.75361675,0.0,0.0,0.0,0.0
11,2,6,0,,,,0.4783834,0.0,0.0,0.0,0.0
11,3,6,0,,,,0.15711667,0.0,0.0,0.0,0.0
11,4,6,0,,,,0.12931667,0.0,0.0,0.0,0.0
11,5,6,0,,,,0.17356667,0.0,0.0,0.0,0.0
11,6,6,0,,,,0.123800024,0.0,0.0,0.0,0.0
11,7,6,0,,,,0.023916667,0.0,0.0,0.0,0.0
11,8,6,0,,,,0.33701667,0.0,0.0,0.0,0.0
11,9,6,0,,,,0.64716667,0.0,0.0,0.0,111.97
11,10,6,0,,,,0.6682,0.0,0.0,0.0,278.12
11,11,6,0,,,,0.37638333,0.0,0.0,0.0,392.32
11,12,6,0,,,,0.2734,0.0,0.0,0.0,557.0
11,13,6,0,,,,0.22895001,0.0,0.0,0.0,404.09
11,14,6,0,,,,0.27573332,0.0,0.0,0.0,338.47
11,15,6,0,,,,0.27405,0.0,0.0,0.0,295.0
11,16,6,0,,,,0.3019,0.0,0.0,0.0,101.39
11,17,6,0,,,,0.0748,0.0,0.0,0.0,0.0
11,18,6,0,,,,0.84316665,0.0,0.0,0.0,0.0
11,19,6,0,,,,0.6361333,0.0,0.0,0.0,0.0
11,20,6,0,,,,0.046933427,0.0,0.0,0.0,0.0
11,21,6,0,,,,0.1499,0.0,0.0,0.0,0.0
11,22,6,0,,,,0.110066734,0.0,0.0,0.0,0.0
11,23,6,0,,,,0.50408334,0.0,0.0,0.0,0.0
11,24,6,0,,,,0.4501,0.0,0.0,0.0,0.0
11,1,7,0,,,,0.43756667,0.0,0.0,0.0,0.0
11,2,7,0,,,,0.40221667,0.0,0.0,0.0,0.0
11,3,7,0,,,,0.13496667,0.0,0.0,0.0,0.0
11,4,7,0,,,,0.24978334,0.0,0.0,0.0,0.0
11,5,7,0,,,,0.08585,0.0,0.0,0.0,0.0
11,6,7,0,,,,0.06931668,0.0,0.0,0.0,0.0
11,7,7,0,,,,0.8100167,0.0,0.0,0.0,0.0
11,8,7,0,,,,0.60518336,0.0,0.0,0.0,0.0
11,9,7,0,,,,0.3689167,0.0,0.0,0.0,5.73
11,10,7,0,,,,0.0668667,0.0,0.0,0.0,41.52
11,11,7,0,,,,0.087683395,0.0,0.0,0.0,74.45
11,12,7,0,,,,0.13000004,0.0,0.0,0.0,84.52
11,13,7,0,,,,0.056433383,0.0,0.0,0.0,124.12
11,14,7,0,,,,0.029050086,0.0,0.0,0.0,138.95
11,15,7,0,,,,0.052183382,0.0,0.0,0.0,51.06
11,16,7,0,,,,0.035033412,0.0,0.0,0.0,12.36
11,17,7,0,,,,0.37441668,0.0,0.0,0.0,0.0
11,18,7,0,,,,0.44473332,0.0,0.0,0.0,0.0
11,19,7,0,,,,0.8976,0.0,0.0,0.0,0.0
11,20,7,0,,,,1.0146,0.0,0.0,0.0,0.0
11,21,7,0,,,,1.2731167,0.0,0.0,0.0,0.0
11,22,7,0,,,,1.0388,0.0,0.0,0.0,0.0
11,23,7,0,,,,0.7822667,0.0,0.0,0.0,0.0
11,24,7,0,,,,0.4104,0.0,0.0,0.0,0.0
11,1,1,0,,,,0.38888332,0.0,0.0,0.0,0.0
11,2,1,0,,,,0.30441666,0.0,0.0,0.0,0.0
11,3,1,0,,,,0.12686667,0.0,0.0,0.0,0.0
11,4,1,0,,,,0.017600063,0.0,0.0,0.0,0.0
11,5,1,0,,,,0.22228333,0.0,0.0,0.0,0.0
11,6,1,0,,,,0.11771667,0.0,0.0,0.0,0.0
11,7,1,0,,,,0.25188333,0.0,0.0,0.0,0.0
11,8,1,0,,,,0.12808333,0.0,0.0,0.0,0.0
11,9,1,0,,,,0.18248333,0.0,0.0,0.0,15.5
11,10,1,0,,,,0.20415,0.0,0.0,0.0,52.61
11,11,1,0,,,,0.17253333,0.0,0.0,0.0,72.09
11,12,1,0,,,,0.56041664,0.0,0.0,0.0,70.15
11,13,1,0,,,,0.491,0.0,0.0,0.0,61.2
11,14,1,0,,,,0.50338334,0.0,0.0,0.0,99.63
11,15,1,0,,,,0.3172,0.0,0.0,0.0,57.03
11,16,1,0,,,,0.41305,0.0,0.0,0.0,156.48
11,17,1,0,,,,0.47983333,0.0,0.0,0.0,0.0
11,18,1,0,,,,0.5402333,0.0,0.0,0.0,0.0
11,19,1,0,,,,0.8171833,0.0,0.0,0.0,0.0
11,20,1,0,,,,0.41033334,0.0,0.0,0.0,0.0
11,21,1,0,,,,0.4088,0.0,0.0,0.0,0.0
11,22,1,0,,,,2.3938668,0.0,0.0,0.0,0.0
11,23,1,0,,,,3.5694335,0.0,0.0,0.0,0.0
11,24,1,0,,,,2.2378833,0.0,0.0,0.0,0.0
11,1,2,0,,,,0.41618332,0.0,0.0,0.0,0.0
11,2,2,0,,,,0.15226667,0.0,0.0,0.0,0.0
11,3,2,0,,,,0.1658,0.0,0.0,0.0,0.0
11,4,2,0,,,,0.1688,0.0,0.0,0.0,0.0
11,5,2,0,,,,0.39165,0.0,0.0,0.0,0.0
11,6,2,0,,,,0.69596666,0.0,0.0,0.0,0.0
11,7,2,0,,,,0.58315,0.0,0.0,0.0,0.0
11,8,2,0,,,,0.20183334,0.0,0.0,0.0,0.0
11,9,2,0,,,,0.18026666,0.0,0.0,0.0,19.83
11,10,2,0,,,,0.18086667,0.0,0.0,0.0,56.87
11,11,2,0,,,,0.18251666,0.0,0.0,0.0,42.24
11,12,2,0,,,,0.25418332,0.0,0.0,0.0,62.51
11,13,2,0,,,,0.13923335,0.0,0.0,0.0,38.73
11,14,2,0,,,,0.27278337,0.0,0.0,0.0,33.29
11,15,2,0,,,,0.116416685,0.0,0.0,0.0,9.37
11,16,2,0,,,,0.014400081,0.0,0.0,0.0,0.71
11,17,2,0,,,,0.2223,0.0,0.0,0.0,0.0
11,18,2,0,,,,1.7056834,0.0,0.0,0.0,0.0
11,19,2,0,,,,3.1087832,0.0,0.0,0.0,0.0
11,20,2,0,,,,0.58133334,0.0,0.0,0.0,0.0
11,21,2,0,,,,0.8967,0.0,0.0,0.0,0.0
11,22,2,0,,,,0.49948335,0.0,0.0,0.0,0.0
11,23,2,0,,,,0.6875,0.0,0.0,0.0,0.0
11,24,2,0,,,,0.38785833,0.0,0.0,0.0,0.0
11,1,3,0,,,,0.42216668,0.0,0.0,0.0,0.0
11,2,3,0,,,,0.39195,0.0,0.0,0.0,0.0
11,3,3,0,,,,0.23096667,0.0,0.0,0.0,0.0
11,4,3,0,,,,0.08906667,0.0,0.0,0.0,0.0
11,5,3,0,,,,0.38906667,0.0,0.0,0.0,0.0
11,6,3,0,,,,0.55658334,0.0,0.0,0.0,0.0
11,7,3,0,,,,0.6235167,0.0,0.0,0.0,0.0
11,8,3,0,,,,0.43211666,0.0,0.0,0.0,0.0
11,9,3,0,,,,0.4907167,0.0,0.0,0.0,8.2
11,10,3,0,,,,0.63595,0.0,0.0,0.0,23.8
11,11,3,0,,,,0.53361666,0.0,0.0,0.0,51.8
11,12,3,0,,,,0.08048333,0.0,0.0,0.0,31.72
11,13,3,0,,,,0.21665,0.0,0.0,0.0,25.75
11,14,3,0,,,,0.8484167,0.0,0.0,0.0,42.83
11,15,3,0,,,,0.051950052,0.0,0.0,0.0,13.12
11,16,3,0,,,,0.027766736,0.0,0.0,0.0,0.7
11,17,3,0,,,,0.11520001,0.0,0.0,0.0,0.0
11,18,3,0,,,,0.25533333,0.0,0.0,0.0,0.0
11,19,3,0,,,,0.5674833,0.0,0.0,0.0,0.0
11,20,3,0,,,,0.40041667,0.0,0.0,0.0,0.0
11,21,3,0,,,,0.5539333,0.0,0.0,0.0,0.0
11,22,3,0,,,,0.35971668,0.0,0.0,0.0,0.0
11,23,3,0,,,,0.12780003,0.0,0.0,0.0,0.0
11,24,3,0,,,,0.11846667,0.0,0.0,0.0,0.0
11,1,4,0,,,,0.24506667,0.0,0.0,0.0,0.0
11,2,4,0,,,,0.38341665,0.0,0.0,0.0,0.0
11,3,4,0,,,,0.17105,0.0,0.0,0.0,0.0
11,4,4,0,,,,0.1184,0.0,0.0,0.0,0.0
11,5,4,0,,,,0.31225,0.0,0.0,0.0,0.0
11,6,4,0,,,,0.21918334,0.0,0.0,0.0,0.0
11,7,4,0,,,,0.6584,0.0,0.0,0.0,0.0
11,8,4,0,,,,0.57385,0.0,0.0,0.0,0.0
11,9,4,0,,,,0.3065,0.0,0.0,0.0,59.5
11,10,4,0,,,,0.06261667,0.0,0.0,0.0,48.1
11,11,4,0,,,,0.083,0.0,0.0,0.0,50.56
11,12,4,0,,,,0.053583335,0.0,0.0,0.0,93.49
11,13,4,0,,,,0.07055,0.0,0.0,0.0,29.97
11,14,4,0,,,,0.07636666,0.0,0.0,0.0,50.39
11,15,4,0,,,,0.427,0.0,0.0,0.0,91.94
11,16,4,0,,,,0.13926667,0.0,0.0,0.0,22.08
11,17,4,0,,,,0.21175,0.0,0.0,0.0,0.0
11,18,4,0,,,,0.49711666,0.0,0.0,0.0,0.0
11,19,4,0,,,,0.6494833,0.0,0.0,0.0,0.0
11,20,4,0,,,,0.43118334,0.0,0.0,0.0,0.0
11,21,4,0,,,,0.47048333,0.0,0.0,0.0,0.0
11,22,4,0,,,,0.3076,0.0,0.0,0.0,0.0
11,23,4,0,,,,0.40373334,0.0,0.0,0.0,0.0
11,24,4,0,,,,0.10205,0.0,0.0,0.0,0.0
11,1,5,0,,,,0.083,0.0,0.0,0.0,0.0
11,2,5,0,,,,0.10475,0.0,0.0,0.0,0.0
11,3,5,0,,,,0.07215,0.0,0.0,0.0,0.0
11,4,5,0,,,,0.10351667,0.0,0.0,0.0,0.0
11,5,5,0,,,,0.34445,0.0,0.0,0.0,0.0
11,6,5,0,,,,0.06668333,0.0,0.0,0.0,0.0
11,7,5,0,,,,0.10061666,0.0,0.0,0.0,0.0
11,8,5,0,,,,0.097666666,0.0,0.0,0.0,0.0
11,9,5,0,,,,0.69133335,0.0,0.0,0.0,7.15
11,10,5,0,,,,0.9537167,0.0,0.0,0.0,33.48
11,11,5,0,,,,0.6950167,0.0,0.0,0.0,38.09
11,12,5,0,,,,0.68111664,0.0,0.0,0.0,25.81
11,13,5,0,,,,0.55043334,0.0,0.0,0.0,22.08
11,14,5,0,,,,0.76725,0.0,0.0,0.0,16.34
11,15,5,0,,,,0.5833667,0.0,0.0,0.0,7.71
11,16,5,0,,,,0.22601667,0.0,0.0,0.0,1.63
11,17,5,0,,,,0.35458332,0.0,0.0,0.0,0.0
11,18,5,0,,,,0.31931666,0.0,0.0,0.0,0.0
11,19,5,0,,,,0.5945167,0.0,0.0,0.0,0.0
11,20,5,0,,,,0.73898333,0.0,0.0,0.0,0.0
11,21,5,0,,,,0.85635,0.0,0.0,0.0,0.0
11,22,5,0,,,,0.37991673,0.0,0.0,0.0,0.0
11,23,5,0,,,,0.0026167866,0.0,0.0,0.0,0.0
11,24,5,0,,,,0.2623334,0.0,0.0,0.0,0.0
11,1,6,0,,,,0.4697,0.0,0.0,0.0,0.0
11,2,6,0,,,,0.5844667,0.0,0.0,0.0,0.0
11,3,6,0,,,,0.23088333,0.0,0.0,0.0,0.0
11,4,6,0,,,,0.1224,0.0,0.0,0.0,0.0
11,5,6,0,,,,0.34496668,0.0,0.0,0.0,0.0
11,6,6,0,,,,0.11015,0.0,0.0,0.0,0.0
11,7,6,0,,,,0.48588333,0.0,0.0,0.0,0.0
11,8,6,0,,,,0.63026667,0.0,0.0,0.0,0.0
11,9,6,0,,,,0.45413333,0.0,0.0,0.0,6.45
11,10,6,0,,,,0.075733334,0.0,0.0,0.0,31.43
11,11,6,0,,,,0.0962,0.0,0.0,0.0,42.04
11,12,6,0,,,,0.08345,0.0,0.0,0.0,60.8
11,13,6,0,,,,0.08186676,0.0,0.0,0.0,39.55
11,14,6,0,,,,0.016933419,0.0,0.0,0.0,47.25
11,15,6,0,,,,0.101166666,0.0,0.0,0.0,28.2
11,16,6,0,,,,0.09853333,0.0,0.0,0.0,8.19
11,17,6,0,,,,0.19496667,0.0,0.0,0.0,0.0
11,18,6,0,,,,0.13836667,0.0,0.0,0.0,0.0
11,19,6,0,,,,0.084133334,0.0,0.0,0.0,0.0
11,20,6,0,,,,0.39913332,0.0,0.0,0.0,0.0
11,21,6,0,,,,0.38488334,0.0,0.0,0.0,0.0
11,22,6,0,,,,0.38956666,0.0,0.0,0.0,0.0
11,23,6,0,,,,0.080416664,0.0,0.0,0.0,0.0
11,24,6,0,,,,0.10724167,0.0,0.0,0.0,0.0
11,1,7,0,,,,0.1135,0.0,0.0,0.0,0.0
11,2,7,0,,,,0.11308333,0.0,0.0,0.0,0.0
11,3,7,0,,,,0.061525,0.0,0.0,0.0,0.0
11,4,7,0,,,,0.10153333,0.0,0.0,0.0,0.0
11,5,7,0,,,,0.20916666,0.0,0.0,0.0,0.0
11,6,7,0,,,,0.17228334,0.0,0.0,0.0,0.0
11,7,7,0,,,,0.06853333,0.0,0.0,0.0,0.0
11,8,7,0,,,,0.10325,0.0,0.0,0.0,0.0
11,9,7,0,,,,0.19721666,0.0,0.0,0.0,4.74
11,10,7,0,,,,0.319,0.0,0.0,0.0,13.53
11,11,7,0,,,,0.42521667,0.0,0.0,0.0,47.9
11,12,7,0,,,,0.11096667,0.0,0.0,0.0,36.2
11,13,7,0,,,,0.3411,0.0,0.0,0.0,29.36
11,14,7,0,,,,0.10723333,0.0,0.0,0.0,27.13
11,15,7,0,,,,0.07486667,0.0,0.0,0.0,22.72
11,16,7,0,,,,0.18443333,0.0,0.0,0.0,46.5
11,17,7,0,,,,0.11421666,0.0,0.0,0.0,0.0
11,18,7,0,,,,0.14443333,0.0,0.0,0.0,0.0
11,19,7,0,,,,0.15693334,0.0,0.0,0.0,0.0
11,20,7,0,,,,0.46423334,0.0,0.0,0.0,0.0
11,21,7,0,,,,0.9618667,0.0,0.0,0.0,0.0
11,22,7,0,,,,0.39938334,0.0,0.0,0.0,0.0
11,23,7,0,,,,0.17513333,0.0,0.0,0.0,0.0
11,24,7,0,,,,0.101325,0.0,0.0,0.0,0.0
11,1,1,0,,,,0.06966667,0.0,0.0,0.0,0.0
11,2,1,0,,,,0.08845,0.0,0.0,0.0,0.0
11,3,1,0,,,,0.054166667,0.0,0.0,0.0,0.0
11,4,1,0,,,,0.0907,0.0,0.0,0.0,0.0
11,5,1,0,,,,0.052316666,0.0,0.0,0.0,0.0
11,6,1,0,,,,0.10548333,0.0,0.0,0.0,0.0
11,7,1,0,,,,0.058466665,0.0,0.0,0.0,0.0
11,8,1,0,,,,0.09956667,0.0,0.0,0.0,0.0
11,9,1,0,,,,0.49755,0.0,0.0,0.0,5.42
11,10,1,0,,,,0.93198335,0.0,0.0,0.0,18.08
11,11,1,0,,,,0.49361667,0.0,0.0,0.0,35.47
11,12,1,0,,,,0.10548334,0.0,0.0,0.0,35.49
11,13,1,0,,,,0.12658334,0.0,0.0,0.0,31.63
11,14,1,0,,,,0.073816665,0.0,0.0,0.0,28.59
11,15,1,0,,,,0.20923333,0.0,0.0,0.0,27.09
11,16,1,0,,,,0.092716664,0.0,0.0,0.0,127.52
11,17,1,0,,,,0.0627,0.0,0.0,0.0,0.0
11,18,1,0,,,,0.33866668,0.0,0.0,0.0,0.0
11,19,1,0,,,,0.4148,0.0,0.0,0.0,0.0
11,20,1,0,,,,0.0683,0.0,0.0,0.0,0.0
11,21,1,0,,,,0.06446667,0.0,0.0,0.0,0.0
11,22,1,0,,,,0.041233398,0.0,0.0,0.0,0.0
11,23,1,0,,,,0.28091675,0.0,0.0,0.0,0.0
11,24,1,0,,,,9.1552735e-08,0.0,0.0,0.0,0.0
11,1,2,0,,,,9.1552735e-08,0.0,0.0,0.0,0.0
11,2,2,0,,,,9.1552735e-08,0.0,0.0,0.0,0.0
11,3,2,0,,,,9.1552735e-08,0.0,0.0,0.0,0.0
11,4,2,0,,,,9.1552735e-08,0.0,0.0,0.0,0.0
11,5,2,0,,,,0.0072500715,0.0,0.0,0.0,0.0
11,6,2,0,,,,0.11400005,0.0,0.0,0.0,0.0
11,7,2,0,,,,0.22448339,0.0,0.0,0.0,0.0
11,8,2,0,,,,0.2576,0.0,0.0,0.0,0.0
11,9,2,0,,,,0.061750084,0.0,0.0,0.0,116.2
11,10,2,0,,,,1.0019938e-07,0.0,0.0,0.0,437.88
11,11,2,0,,,,9.905497e-08,0.0,0.0,0.0,460.32
11,12,2,0,,,,9.8292034e-08,0.0,0.0,0.0,693.35
11,13,2,0,,,,9.930928e-08,0.0,0.0,0.0,673.82
11,14,2,0,,,,1.0401408e-07,0.0,0.0,0.0,563.46
11,15,2,0,,,,1.107653e-07,0.0,0.0,0.0,464.11
11,16,2,0,,,,9.206136e-08,0.0,0.0,0.0,241.78
11,17,2,0,,,,0.15325007,0.0,0.0,0.0,0.0
11,18,2,0,,,,0.21430007,0.0,0.0,0.0,0.0
11,19,2,0,,,,0.25766674,0.0,0.0,0.0,0.0
11,20,2,0,,,,0.109250054,0.0,0.0,0.0,0.0
11,21,2,0,,,,0.32415,0.0,0.0,0.0,0.0
11,22,2,0,,,,0.0132500855,0.0,0.0,0.0,0.0
11,23,2,0,,,,0.047983423,0.0,0.0,0.0,0.0
11,24,2,0,,,,0.041150093,0.0,0.0,0.0,0.0
11,1,3,0,,,,9.1552735e-08,0.0,0.0,0.0,0.0
11,2,3,0,,,,9.1552735e-08,0.0,0.0,0.0,0.0
11,3,3,0,,,,9.1552735e-08,0.0,0.0,0.0,0.0
11,4,3,0,,,,9.1552735e-08,0.0,0.0,0.0,0.0
11,5,3,0,,,,0.091183424,0.0,0.0,0.0,0.0
11,6,3,0,,,,0.24968341,0.0,0.0,0.0,0.0
11,7,3,0,,,,0.0033167559,0.0,0.0,0.0,0.0
11,8,3,0,,,,1.0379156e-07,0.0,0.0,0.0,0.0
11,9,3,0,,,,1.0859171e-07,0.0,0.0,0.0,68.44
11,10,3,0,,,,9.716352e-08,0.0,0.0,0.0,289.2
11,11,3,0,,,,9.905497e-08,0.0,0.0,0.0,419.51
11,12,3,0,,,,9.880066e-08,0.0,0.0,0.0,562.04
11,13,3,0,,,,1.0135969e-07,0.0,0.0,0.0,569.83
11,14,3,0,,,,0.007883421,0.0,0.0,0.0,494.04
11,15,3,0,,,,0.1301667,0.0,0.0,0.0,305.49
11,16,3,0,,,,0.2449,0.0,0.0,0.0,117.75
11,17,3,0,,,,0.11718341,0.0,0.0,0.0,0.0
11,18,3,0,,,,0.12973337,0.0,0.0,0.0,0.0
11,19,3,0,,,,0.1358001,0.0,0.0,0.0,0.0
11,20,3,0,,,,9.587606e-08,0.0,0.0,0.0,0.0
11,21,3,0,,,,9.918213e-08,0.0,0.0,0.0,0.0
11,22,3,0,,,,9.3825655e-08,0.0,0.0,0.0,0.0
11,23,3,0,,,,1.02597475e-07,0.0,0.0,0.0,0.0
11,24,3,0,,,,9.231567e-08,0.0,0.0,0.0,0.0
11,1,4,0,,,,9.1552735e-08,0.0,0.0,0.0,0.0
11,2,4,0,,,,9.1552735e-08,0.0,0.0,0.0,0.0
11,3,4,0,,,,9.206136e-08,0.0,0.0,0.0,0.0
11,4,4,0,,,,0.15428342,0.0,0.0,0.0,0.0
11,5,4,0,,,,0.033583403,0.0,0.0,0.0,0.0
11,6,4,0,,,,0.26208332,0.0,0.0,0.0,0.0
11,7,4,0,,,,0.16596675,0.0,0.0,0.0,0.0
11,8,4,0,,,,0.321,0.0,0.0,0.0,0.0
11,9,4,0,,,,0.26951668,0.0,0.0,0.0,27.98
11,10,4,0,,,,9.708007e-08,0.0,0.0,0.0,156.04
11,11,4,0,,,,9.86735e-08,0.0,0.0,0.0,356.68
11,12,4,0,,,,9.8164875e-08,0.0,0.0,0.0,481.8
11,13,4,0,,,,1.13932295e-07,0.0,0.0,0.0,595.13
11,14,4,0,,,,1.2207032e-07,0.0,0.0,0.0,502.39
11,15,4,0,,,,0.15065004,0.0,0.0,0.0,391.34
11,16,4,0,,,,0.2082,0.0,0.0,0.0,200.96
11,17,4,0,,,,0.27785006,0.0,0.0,0.0,0.0
11,18,4,0,,,,0.07251674,0.0,0.0,0.0,0.0
11,19,4,0,,,,1.0070801e-07,0.0,0.0,0.0,0.0
11,20,4,0,,,,1.0299683e-07,0.0,0.0,0.0,0.0
11,21,4,0,,,,1.04141236e-07,0.0,0.0,0.0,0.0
11,22,4,0,,,,1.04268395e-07,0.0,0.0,0.0,0.0
11,23,4,0,,,,1.0274251e-07,0.0,0.0,0.0,0.0
11,24,4,0,,,,9.1807046e-08,0.0,0.0,0.0,0.0
11,1,5,0,,,,9.1552735e-08,0.0,0.0,0.0,0.0
11,2,5,0,,,,9.1552735e-08,0.0,0.0,0.0,0.0
11,3,5,0,,,,9.1552735e-08,0.0,0.0,0.0,0.0
11,4,5,0,,,,9.1552735e-08,0.0,0.0,0.0,0.0
11,5,5,0,,,,9.1552735e-08,0.0,0.0,0.0,0.0
11,6,5,0,,,,9.1552735e-08,0.0,0.0,0.0,0.0
11,7,5,0,,,,9.231567e-08,0.0,0.0,0.0,0.0
11,8,5,0,,,,1.02945165e-07,0.0,0.0,0.0,0.0
11,9,5,0,,,,1.0986328e-07,0.0,0.0,0.0,3.33
11,10,5,0,,,,9.740194e-08,0.0,0.0,0.0,42.83
11,11,5,0,,,,9.95636e-08,0.0,0.0,0.0,121.48
11,12,5,0,,,,1.0058085e-07,0.0,0.0,0.0,104.71
11,13,5,0,,,,0.06820008,0.0,0.0,0.0,205.9
11,14,5,0,,,,0.13716671,0.0,0.0,0.0,138.84
11,15,5,0,,,,1.1687279e-07,0.0,0.0,0.0,266.7
11,16,5,0,,,,0.20850003,0.0,0.0,0.0,106.64
11,17,5,0,,,,0.092783354,0.0,0.0,0.0,0.0
11,18,5,0,,,,0.09755004,0.0,0.0,0.0,0.0
11,19,5,0,,,,0.018433433,0.0,0.0,0.0,0.0
11,20,5,0,,,,1.02659065e-07,0.0,0.0,0.0,0.0
11,21,5,0,,,,0.08931673,0.0,0.0,0.0,0.0
11,22,5,0,,,,0.29675,0.0,0.0,0.0,0.0
11,23,5,0,,,,0.1985,0.0,0.0,0.0,0.0
11,24,5,0,,,,0.15449166,0.0,0.0,0.0,0.0
11,1,6,0,,,,0.14101666,0.0,0.0,0.0,0.0
11,2,6,0,,,,0.09516667,0.0,0.0,0.0,0.0
11,3,6,0,,,,0.11195,0.0,0.0,0.0,0.0
11,4,6,0,,,,0.40785,0.0,0.0,0.0,0.0
11,5,6,0,,,,0.85105,0.0,0.0,0.0,0.0
11,6,6,0,,,,0.45113334,0.0,0.0,0.0,0.0
11,7,6,0,,,,0.19358334,0.0,0.0,0.0,0.0
11,8,6,0,,,,0.43623334,0.0,0.0,0.0,0.0
11,9,6,0,,,,0.4537,0.0,0.0,0.0,31.5
11,10,6,0,,,,0.45293334,0.0,0.0,0.0,191.92
11,11,6,0,,,,0.22466667,0.0,0.0,0.0,488.91
11,12,6,0,,,,0.22731666,0.0,0.0,0.0,577.96
11,13,6,0,,,,0.33236668,0.0,0.0,0.0,599.8
11,14,6,0,,,,0.9881167,0.0,0.0,0.0,494.55
11,15,6,0,,,,0.76743335,0.0,0.0,0.0,364.3
11,16,6,0,,,,0.5833333,0.0,0.0,0.0,24.04
11,17,6,0,,,,0.6468,0.0,0.0,0.0,0.0
11,18,6,0,,,,0.43143332,0.0,0.0,0.0,0.0
11,19,6,0,,,,0.391,0.0,0.0,0.0,0.0
11,20,6,0,,,,0.48551667,0.0,0.0,0.0,0.0
11,21,6,0,,,,0.113133416,0.0,0.0,0.0,0.0
11,22,6,0,,,,1.2207032e-07,0.0,0.0,0.0,0.0
11,23,6,0,,,,1.2207032e-07,0.0,0.0,0.0,0.0
11,24,6,0,,,,0.30888337,0.0,0.0,0.0,0.0
11,1,7,0,,,,0.57745,0.0,0.0,0.0,0.0
11,2,7,0,,,,0.37111667,0.0,0.0,0.0,0.0
11,3,7,0,,,,0.45333335,0.0,0.0,0.0,0.0
11,4,7,0,,,,0.6285,0.0,0.0,0.0,0.0
11,5,7,0,,,,0.47581667,0.0,0.0,0.0,0.0
11,6,7,0,,,,0.19348334,0.0,0.0,0.0,0.0
11,7,7,0,,,,0.55175,0.0,0.0,0.0,0.0
11,8,7,0,,,,0.44911668,0.0,0.0,0.0,0.0
11,9,7,0,,,,0.32061666,0.0,0.0,0.0,55.47
11,10,7,0,,,,0.05505002,0.0,0.0,0.0,205.03
11,11,7,0,,,,0.14196667,0.0,0.0,0.0,80.0
11,12,7,0,,,,0.33308333,0.0,0.0,0.0,56.98
11,13,7,0,,,,0.32671666,0.0,0.0,0.0,42.33
11,14,7,0,,,,0.34025,0.0,0.0,0.0,39.84
11,15,7,0,,,,0.33843333,0.0,0.0,0.0,26.76
11,16,7,0,,,,0.32898334,0.0,0.0,0.0,3.18
11,17,7,0,,,,0.42516667,0.0,0.0,0.0,0.0
11,18,7,0,,,,0.18486671,0.0,0.0,0.0,0.0
11,19,7,0,,,,1.0271072e-07,0.0,0.0,0.0,0.0
11,20,7,0,,,,0.23718338,0.0,0.0,0.0,0.0
11,21,7,0,,,,0.65671664,0.0,0.0,0.0,0.0
11,22,7,0,,,,0.6471,0.0,0.0,0.0,0.0
11,23,7,0,,,,0.7359667,0.0,0.0,0.0,0.0
11,24,7,0,,,,0.41079167,0.0,0.0,0.0,0.0
11,1,1,0,,,,0.34911665,0.0,0.0,0.0,0.0
11,2,1,0,,,,0.30998334,0.0,0.0,0.0,0.0
11,3,1,0,,,,0.11663333,0.0,0.0,0.0,0.0
11,4,1,0,,,,0.03598333,0.0,0.0,0.0,0.0
11,5,1,0,,,,0.057533335,0.0,0.0,0.0,0.0
11,6,1,0,,,,0.15941666,0.0,0.0,0.0,0.0
11,7,1,0,,,,0.473575,0.0,0.0,0.0,0.0
11,8,1,0,,,,0.28288335,0.0,0.0,0.0,0.0
11,9,1,0,,,,0.59135,0.0,0.0,0.0,1.24
11,10,1,0,,,,0.59495,0.0,0.0,0.0,26.39
11,11,1,0,,,,0.48198333,0.0,0.0,0.0,43.51
11,12,1,0,,,,0.26698333,0.0,0.0,0.0,38.65
11,13,1,0,,,,0.27386665,0.0,0.0,0.0,28.48
11,14,1,0,,,,0.23886667,0.0,0.0,0.0,16.63
11,15,1,0,,,,0.21603334,0.0,0.0,0.0,34.54
11,16,1,0,,,,0.59345,0.0,0.0,0.0,7.25
11,17,1,0,,,,1.04345,0.0,0.0,0.0,0.0
11,18,1,0,,,,2.13715,0.0,0.0,0.0,0.0
11,19,1,0,,,,1.6751667,0.0,0.0,0.0,0.0
11,20,1,0,,,,1.0967166,0.0,0.0,0.0,0.0
11,21,1,0,,,,1.6884667,0.0,0.0,0.0,0.0
11,22,1,0,,,,1.6577166,0.0,0.0,0.0,0.0
11,23,1,0,,,,1.6354,0.0,0.0,0.0,0.0
11,24,1,0,,,,1.652425,0.0,0.0,0.0,0.0
11,1,2,0,,,,1.7084167,0.0,0.0,0.0,0.0
11,2,2,0,,,,1.9131666,0.0,0.0,0.0,0.0
11,3,2,0,,,,1.1361166,0.0,0.0,0.0,0.0
11,4,2,0,,,,1.4318833,0.0,0.0,0.0,0.0
11,5,2,0,,,,1.3543667,0.0,0.0,0.0,0.0
11,6,2,0,,,,1.4446167,0.0,0.0,0.0,0.0
11,7,2,0,,,,0.32566667,0.0,0.0,0.0,0.0
11,8,2,0,,,,0.0572,0.0,0.0,0.0,0.0
11,9,2,0,,,,0.06938333,0.0,0.0,0.0,0.0
11,10,2,0,,,,0.27155,0.0,0.0,0.0,6.53
11,11,2,0,,,,0.10055,0.0,0.0,0.0,22.8
11,12,2,0,,,,0.46186668,0.0,0.0,0.0,12.91
11,13,2,0,,,,0.4508,0.0,0.0,0.0,36.34
11,14,2,0,,,,0.16706666,0.0,0.0,0.0,14.97
11,15,2,0,,,,0.2013,0.0,0.0,0.0,25.76
11,16,2,0,,,,1.56955,0.0,0.0,0.0,9.65
11,17,2,0,,,,1.63455,0.0,0.0,0.0,0.0
11,18,2,0,,,,1.06335,0.0,0.0,0.0,0.0
11,19,2,0,,,,0.53615,0.0,0.0,0.0,0.0
11,20,2,0,,,,1.4675167,0.0,0.0,0.0,0.0
11,21,2,0,,,,0.40765,0.0,0.0,0.0,0.0
11,22,2,0,,,,0.6888,0.0,0.0,0.0,0.0
11,23,2,0,,,,1.4584167,0.0,0.0,0.0,0.0
11,24,2,0,,,,1.209575,0.0,0.0,0.0,0.0
11,1,3,0,,,,1.7395834,0.0,0.0,0.0,0.0
11,2,3,0,,,,1.6882666,0.0,0.0,0.0,0.0
11,3,3,0,,,,1.5142334,0.0,0.0,0.0,0.0
11,4,3,0,,,,1.4278,0.0,0.0,0.0,0.0
11,5,3,0,,,,0.59166664,0.0,0.0,0.0,0.0
11,6,3,0,,,,0.60541666,0.0,0.0,0.0,0.0
11,7,3,0,,,,0.21221666,0.0,0.0,0.0,0.0
11,8,3,0,,,,0.17776667,0.0,0.0,0.0,0.0
11,9,3,0,,,,0.6131167,0.0,0.0,0.0,36.91
11,10,3,0,,,,0.46688333,0.0,0.0,0.0,302.03
11,11,3,0,,,,0.48125,0.0,0.0,0.0,513.19
11,12,3,0,,,,0.060733333,0.0,0.0,0.0,339.64
11,13,3,0,,,,0.25901666,0.0,0.0,0.0,132.6
11,14,3,0,,,,0.481,0.0,0.0,0.0,136.84
11,15,3,0,,,,0.049083333,0.0,0.0,0.0,33.99
11,16,3,0,,,,0.50266665,0.0,0.0,0.0,4.77
11,17,3,0,,,,1.1650667,0.0,0.0,0.0,0.0
11,18,3,0,,,,0.27385,0.0,0.0,0.0,0.0
11,19,3,0,,,,0.64101666,0.0,0.0,0.0,0.0
11,20,3,0,,,,0.72511667,0.0,0.0,0.0,0.0
11,21,3,0,,,,0.7733167,0.0,0.0,0.0,0.0
11,22,3,0,,,,0.079700045,0.0,0.0,0.0,0.0
11,23,3,0,,,,0.14101672,0.0,0.0,0.0,0.0
11,24,3,0,,,,0.36225834,0.0,0.0,0.0,0.0
12,1,4,0,,,,0.5629333,0.0,0.0,0.0,0.0
12,2,4,0,,,,0.093483336,0.0,0.0,0.0,0.0
12,3,4,0,,,,0.07276667,0.0,0.0,0.0,0.0
12,4,4,0,,,,0.06871667,0.0,0.0,0.0,0.0
12,5,4,0,,,,0.21201667,0.0,0.0,0.0,0.0
12,6,4,0,,,,0.102350004,0.0,0.0,0.0,0.0
12,7,4,0,,,,0.7877833,0.0,0.0,0.0,0.0
12,8,4,0,,,,0.07486667,0.0,0.0,0.0,0.0
12,9,4,0,,,,0.15383333,0.0,0.0,0.0,1.7
12,10,4,0,,,,2.8915834,0.0,0.0,0.0,71.08
12,11,4,0,,,,0.5154,0.0,0.0,0.0,532.17
12,12,4,0,,,,0.37155,0.0,0.0,0.0,656.48
12,13,4,0,,,,0.0415,0.0,0.0,0.0,636.67
12,14,4,0,,,,0.03855,0.0,0.0,0.0,582.72
12,15,4,0,,,,0.36761665,0.0,0.0,0.0,367.53
12,16,4,0,,,,0.08703334,0.0,0.0,0.0,2.16
12,17,4,0,,,,0.068966664,0.0,0.0,0.0,0.0
12,18,4,0,,,,0.12511674,0.0,0.0,0.0,0.0
12,19,4,0,,,,1.21816e-07,0.0,0.0,0.0,0.0
12,20,4,0,,,,1.2207032e-07,0.0,0.0,0.0,0.0
12,21,4,0,,,,0.08980011,0.0,0.0,0.0,0.0
12,22,4,0,,,,0.084066786,0.0,0.0,0.0,0.0
12,23,4,0,,,,0.82355,0.0,0.0,0.0,0.0
12,24,4,0,,,,0.7853,0.0,0.0,0.0,0.0
12,1,5,0,,,,0.57058334,0.0,0.0,0.0,0.0
12,2,5,0,,,,0.24255,0.0,0.0,0.0,0.0
12,3,5,0,,,,0.097383335,0.0,0.0,0.0,0.0
12,4,5,0,,,,0.0667,0.0,0.0,0.0,0.0
12,5,5,0,,,,0.11533333,0.0,0.0,0.0,0.0
12,6,5,0,,,,0.208,0.0,0.0,0.0,0.0
12,7,5,0,,,,0.0913,0.0,0.0,0.0,0.0
12,8,5,0,,,,0.2449,0.0,0.0,0.0,0.0
12,9,5,0,,,,0.0458,0.0,0.0,0.0,2.2
12,10,5,0,,,,0.1875,0.0,0.0,0.0,36.91
12,11,5,0,,,,0.53206664,0.0,0.0,0.0,111.48
12,12,5,0,,,,0.5057,0.0,0.0,0.0,90.37
12,13,5,0,,,,2.2205667,0.0,0.0,0.0,187.16
12,14,5,0,,,,2.4247167,0.0,0.0,0.0,75.9
12,15,5,0,,,,0.7579333,0.0,0.0,0.0,31.47
12,16,5,0,,,,0.5341167,0.0,0.0,0.0,8.93
12,17,5,0,,,,0.51453334,0.0,0.0,0.0,0.0
12,18,5,0,,,,0.5102,0.0,0.0,0.0,0.0
12,19,5,0,,,,0.65601665,0.0,0.0,0.0,0.0
12,20,5,0,,,,0.46073332,0.0,0.0,0.0,0.0
12,21,5,0,,,,0.6707,0.0,0.0,0.0,0.0
12,22,5,0,,,,0.34688333,0.0,0.0,0.0,0.0
12,23,5,0,,,,0.49666667,0.0,0.0,0.0,0.0
12,24,5,0,,,,0.43114167,0.0,0.0,0.0,0.0
12,1,6,0,,,,0.44779,0.0,0.0,0.0,0.0
12,2,6,0,,,,0.44143334,0.0,0.0,0.0,0.0
12,3,6,0,,,,0.43441668,0.0,0.0,0.0,0.0
12,4,6,0,,,,0.52555,0.0,0.0,0.0,0.0
12,5,6,0,,,,0.46933332,0.0,0.0,0.0,0.0
12,6,6,0,,,,0.39562917,0.0,0.0,0.0,0.0
12,7,6,0,,,,0.10295,0.0,0.0,0.0,0.0
12,8,6,0,,,,0.10583334,0.0,0.0,0.0,0.0
12,9,6,0,,,,0.16845,0.0,0.0,0.0,0.8
12,10,6,0,,,,0.96383333,0.0,0.0,0.0,10.53
12,11,6,0,,,,0.7386,0.0,0.0,0.0,38.68
12,12,6,0,,,,0.31903332,0.0,0.0,0.0,35.46
12,13,6,0,,,,0.29991665,0.0,0.0,0.0,29.25
12,14,6,0,,,,0.12866667,0.0,0.0,0.0,17.37
12,15,6,0,,,,0.116116665,0.0,0.0,0.0,27.75
12,16,6,0,,,,0.041433334,0.0,0.0,0.0,13.38
12,17,6,0,,,,0.1951,0.0,0.0,0.0,0.0
12,18,6,0,,,,0.39748332,0.0,0.0,0.0,0.0
12,19,6,0,,,,0.16538341,0.0,0.0,0.0,0.0
12,20,6,0,,,,0.38956675,0.0,0.0,0.0,0.0
12,21,6,0,,,,0.012250118,0.0,0.0,0.0,0.0
12,22,6,0,,,,1.2207032e-07,0.0,0.0,0.0,0.0
12,23,6,0,,,,0.51771677,0.0,0.0,0.0,0.0
12,24,6,0,,,,1.2207032e-07,0.0,0.0,0.0,0.0
12,1,7,0,,,,0.112400115,0.0,0.0,0.0,0.0
12,2,7,0,,,,0.00310012,0.0,0.0,0.0,0.0
12,3,7,0,,,,0.28645,0.0,0.0,0.0,0.0
12,4,7,0,,,,0.08775,0.0,0.0,0.0,0.0
12,5,7,0,,,,0.073916666,0.0,0.0,0.0,0.0
12,6,7,0,,,,0.13583334,0.0,0.0,0.0,0.0
12,7,7,0,,,,0.5929875,0.0,0.0,0.0,0.0
12,8,7,0,,,,0.652,0.0,0.0,0.0,0.0
12,9,7,0,,,,0.5667,0.0,0.0,0.0,32.24
12,10,7,0,,,,0.27431667,0.0,0.0,0.0,189.37
12,11,7,0,,,,0.2123,0.0,0.0,0.0,457.36
12,12,7,0,,,,0.17376667,0.0,0.0,0.0,574.37
12,13,7,0,,,,1.2430333,0.0,0.0,0.0,507.33
12,14,7,0,,,,0.23690003,0.0,0.0,0.0,540.24
12,15,7,0,,,,1.39835,0.0,0.0,0.0,173.46
12,16,7,0,,,,0.32038334,0.0,0.0,0.0,10.77
12,17,7,0,,,,1.03655,0.0,0.0,0.0,0.0
12,18,7,0,,,,1.3309,0.0,0.0,0.0,0.0
12,19,7,0,,,,1.1604333,0.0,0.0,0.0,0.0
12,20,7,0,,,,0.8753333,0.0,0.0,0.0,0.0
12,21,7,0,,,,1.0471667,0.0,0.0,0.0,0.0
12,22,7,0,,,,0.17605005,0.0,0.0,0.0,0.0
12,23,7,0,,,,0.34803334,0.0,0.0,0.0,0.0
12,24,7,0,,,,0.33708334,0.0,0.0,0.0,0.0
12,1,1,0,,,,0.24691667,0.0,0.0,0.0,0.0
12,2,1,0,,,,0.16976666,0.0,0.0,0.0,0.0
12,3,1,0,,,,0.64433336,0.0,0.0,0.0,0.0
12,4,1,0,,,,0.5632667,0.0,0.0,0.0,0.0
12,5,1,0,,,,0.48535,0.0,0.0,0.0,0.0
12,6,1,0,,,,0.0959,0.0,0.0,0.0,0.0
12,7,1,0,,,,0.31546667,0.0,0.0,0.0,0.0
12,8,1,0,,,,0.27838334,0.0,0.0,0.0,0.0
12,9,1,0,,,,0.07878333,0.0,0.0,0.0,0.02
12,10,1,0,,,,0.0839,0.0,0.0,0.0,37.9
12,11,1,0,,,,0.06336667,0.0,0.0,0.0,100.67
12,12,1,0,,,,0.27275,0.0,0.0,0.0,53.11
12,13,1,0,,,,0.55615,0.0,0.0,0.0,77.51
12,14,1,0,,,,0.70405,0.0,0.0,0.0,533.48
12,15,1,0,,,,0.36198333,0.0,0.0,0.0,391.25
12,16,1,0,,,,1.13005,0.0,0.0,0.0,11.87
12,17,1,0,,,,0.6408333,0.0,0.0,0.0,0.0
12,18,1,0,,,,0.41481668,0.0,0.0,0.0,0.0
12,19,1,0,,,,1.62175,0.0,0.0,0.0,0.0
12,20,1,0,,,,0.5247667,0.0,0.0,0.0,0.0
12,21,1,0,,,,0.40875,0.0,0.0,0.0,0.0
12,22,1,0,,,,0.4592,0.0,0.0,0.0,0.0
12,23,1,0,,,,0.84826666,0.0,0.0,0.0,0.0
12,24,1,0,,,,0.68425,0.0,0.0,0.0,0.0
12,1,2,0,,,,0.36865,0.0,0.0,0.0,0.0
12,2,2,0,,,,0.36946666,0.0,0.0,0.0,0.0
12,3,2,0,,,,0.44105,0.0,0.0,0.0,0.0
12,4,2,0,,,,0.39703333,0.0,0.0,0.0,0.0
12,5,2,0,,,,0.24476667,0.0,0.0,0.0,0.0
12,6,2,0,,,,0.5639833,0.0,0.0,0.0,0.0
12,7,2,0,,,,0.23153333,0.0,0.0,0.0,0.0
12,8,2,0,,,,0.06405,0.0,0.0,0.0,0.0
12,9,2,0,,,,0.45425,0.0,0.0,0.0,41.53
12,10,2,0,,,,0.34391665,0.0,0.0,0.0,351.52
12,11,2,0,,,,0.5575333,0.0,0.0,0.0,531.12
12,12,2,0,,,,0.40978333,0.0,0.0,0.0,613.7
12,13,2,0,,,,0.87703335,0.0,0.0,0.0,627.16
12,14,2,0,,,,0.7083667,0.0,0.0,0.0,571.46
12,15,2,0,,,,0.53821665,0.0,0.0,0.0,397.52
12,16,2,0,,,,0.32986668,0.0,0.0,0.0,11.9
12,17,2,0,,,,0.28465,0.0,0.0,0.0,0.0
12,18,2,0,,,,0.5118,0.0,0.0,0.0,0.0
12,19,2,0,,,,0.55675,0.0,0.0,0.0,0.0
12,20,2,0,,,,0.39186665,0.0,0.0,0.0,0.0
12,21,2,0,,,,0.25888333,0.0,0.0,0.0,0.0
12,22,2,0,,,,0.11981667,0.0,0.0,0.0,0.0
12,23,2,0,,,,0.117866665,0.0,0.0,0.0,0.0
12,24,2,0,,,,0.14708333,0.0,0.0,0.0,0.0
12,1,3,0,,,,0.087,0.0,0.0,0.0,0.0
12,2,3,0,,,,0.1174,0.0,0.0,0.0,0.0
12,3,3,0,,,,0.5704833,0.0,0.0,0.0,0.0
12,4,3,0,,,,0.28476667,0.0,0.0,0.0,0.0
12,5,3,0,,,,0.36735,0.0,0.0,0.0,0.0
12,6,3,0,,,,0.29161668,0.0,0.0,0.0,0.0
12,7,3,0,,,,0.5974333,0.0,0.0,0.0,0.0
12,8,3,0,,,,0.44388333,0.0,0.0,0.0,0.0
12,9,3,0,,,,0.0989,0.0,0.0,0.0,2.22
12,10,3,0,,,,0.06593333,0.0,0.0,0.0,231.05
12,11,3,0,,,,0.15618333,0.0,0.0,0.0,408.42
12,12,3,0,,,,0.0743,0.0,0.0,0.0,480.08
12,13,3,0,,,,0.088366665,0.0,0.0,0.0,585.65
12,14,3,0,,,,0.10168333,0.0,0.0,0.0,598.62
12,15,3,0,,,,0.18803333,0.0,0.0,0.0,459.59
12,16,3,0,,,,0.35758334,0.0,0.0,0.0,11.97
12,17,3,0,,,,0.25093332,0.0,0.0,0.0,0.0
12,18,3,0,,,,0.7694167,0.0,0.0,0.0,0.0
12,19,3,0,,,,0.45363334,0.0,0.0,0.0,0.0
12,20,3,0,,,,0.1260501,0.0,0.0,0.0,0.0
12,21,3,0,,,,0.41620004,0.0,0.0,0.0,0.0
12,22,3,0,,,,0.36238334,0.0,0.0,0.0,0.0
12,23,3,0,,,,0.2734,0.0,0.0,0.0,0.0
12,24,3,0,,,,0.3868,0.0,0.0,0.0,0.0
12,1,4,0,,,,0.1911,0.0,0.0,0.0,0.0
12,2,4,0,,,,0.34361666,0.0,0.0,0.0,0.0
12,3,4,0,,,,0.108666666,0.0,0.0,0.0,0.0
12,4,4,0,,,,0.069350004,0.0,0.0,0.0,0.0
12,5,4,0,,,,0.23245,0.0,0.0,0.0,0.0
12,6,4,0,,,,0.36885,0.0,0.0,0.0,0.0
12,7,4,0,,,,0.67868334,0.0,0.0,0.0,0.0
12,8,4,0,,,,0.17523333,0.0,0.0,0.0,0.0
12,9,4,0,,,,0.30161667,0.0,0.0,0.0,24.96
12,10,4,0,,,,0.64678335,0.0,0.0,0.0,217.95
12,11,4,0,,,,0.77573335,0.0,0.0,0.0,163.5
12,12,4,0,,,,0.7016,0.0,0.0,0.0,155.5
12,13,4,0,,,,0.58028334,0.0,0.0,0.0,73.94
12,14,4,0,,,,0.7722667,0.0,0.0,0.0,496.38
12,15,4,0,,,,0.83748335,0.0,0.0,0.0,151.35
12,16,4,0,,,,0.40711668,0.0,0.0,0.0,10.56
12,17,4,0,,,,0.5735833,0.0,0.0,0.0,0.0
12,18,4,0,,,,0.702,0.0,0.0,0.0,0.0
12,19,4,0,,,,0.71395,0.0,0.0,0.0,0.0
12,20,4,0,,,,0.0053334343,0.0,0.0,0.0,0.0
12,21,4,0,,,,0.62136674,0.0,0.0,0.0,0.0
12,22,4,0,,,,1.2207032e-07,0.0,0.0,0.0,0.0
12,23,4,0,,,,0.21048337,0.0,0.0,0.0,0.0
12,24,4,0,,,,0.385475,0.0,0.0,0.0,0.0
12,1,5,0,,,,0.32785,0.0,0.0,0.0,0.0
12,2,5,0,,,,0.56474584,0.0,0.0,0.0,0.0
12,3,5,0,,,,0.45491666,0.0,0.0,0.0,0.0
12,4,5,0,,,,0.13453333,0.0,0.0,0.0,0.0
12,5,5,0,,,,0.15738334,0.0,0.0,0.0,0.0
12,6,5,0,,,,0.22343333,0.0,0.0,0.0,0.0
12,7,5,0,,,,0.15056667,0.0,0.0,0.0,0.0
12,8,5,0,,,,0.03416673,0.0,0.0,0.0,0.0
12,9,5,0,,,,0.10825005,0.0,0.0,0.0,0.0
12,10,5,0,,,,0.30233333,0.0,0.0,0.0,93.55
12,11,5,0,,,,0.3624,0.0,0.0,0.0,435.37
12,12,5,0,,,,0.30213332,0.0,0.0,0.0,257.47
12,13,5,0,,,,0.33765003,0.0,0.0,0.0,637.97
12,14,5,0,,,,0.050200094,0.0,0.0,0.0,481.42
12,15,5,0,,,,9.870132e-08,0.0,0.0,0.0,388.75
12,16,5,0,,,,0.19943336,0.0,0.0,0.0,10.57
12,17,5,0,,,,0.82086664,0.0,0.0,0.0,0.0
12,18,5,0,,,,0.42623332,0.0,0.0,0.0,0.0
12,19,5,0,,,,0.8369833,0.0,0.0,0.0,0.0
12,20,5,0,,,,0.063616775,0.0,0.0,0.0,0.0
12,21,5,0,,,,0.15373336,0.0,0.0,0.0,0.0
12,22,5,0,,,,0.20536667,0.0,0.0,0.0,0.0
12,23,5,0,,,,0.56693333,0.0,0.0,0.0,0.0
12,24,5,0,,,,0.6156,0.0,0.0,0.0,0.0
12,1,6,0,,,,0.41746667,0.0,0.0,0.0,0.0
12,2,6,0,,,,0.38053334,0.0,0.0,0.0,0.0
12,3,6,0,,,,0.5286833,0.0,0.0,0.0,0.0
12,4,6,0,,,,0.99443334,0.0,0.0,0.0,0.0
12,5,6,0,,,,0.206,0.0,0.0,0.0,0.0
12,6,6,0,,,,0.17256667,0.0,0.0,0.0,0.0
12,7,6,0,,,,0.18176667,0.0,0.0,0.0,0.0
12,8,6,0,,,,0.21433334,0.0,0.0,0.0,0.0
12,9,6,0,,,,0.17728333,0.0,0.0,0.0,0.0
12,10,6,0,,,,0.16668333,0.0,0.0,0.0,15.99
12,11,6,0,,,,0.46816668,0.0,0.0,0.0,43.04
12,12,6,0,,,,0.85478336,0.0,0.0,0.0,40.41
12,13,6,0,,,,0.6109667,0.0,0.0,0.0,26.5
12,14,6,0,,,,0.5861833,0.0,0.0,0.0,28.71
12,15,6,0,,,,0.68725,0.0,0.0,0.0,8.35
12,16,6,0,,,,0.48168334,0.0,0.0,0.0,5.33
12,17,6,0,,,,0.66751665,0.0,0.0,0.0,0.0
12,18,6,0,,,,0.50243336,0.0,0.0,0.0,0.0
12,19,6,0,,,,0.56691664,0.0,0.0,0.0,0.0
12,20,6,0,,,,0.26671672,0.0,0.0,0.0,0.0
12,21,6,0,,,,1.2207032e-07,0.0,0.0,0.0,0.0
12,22,6,0,,,,0.4158667,0.0,0.0,0.0,0.0
12,23,6,0,,,,0.6295,0.0,0.0,0.0,0.0
12,24,6,0,,,,0.41550833,0.0,0.0,0.0,0.0
12,1,7,0,,,,0.41996667,0.0,0.0,0.0,0.0
12,2,7,0,,,,0.46583334,0.0,0.0,0.0,0.0
12,3,7,0,,,,0.43525,0.0,0.0,0.0,0.0
12,4,7,0,,,,0.38371667,0.0,0.0,0.0,0.0
12,5,7,0,,,,0.7464833,0.0,0.0,0.0,0.0
12,6,7,0,,,,0.66845,0.0,0.0,0.0,0.0
12,7,7,0,,,,0.28666666,0.0,0.0,0.0,0.0
12,8,7,0,,,,0.19901666,0.0,0.0,0.0,0.0
12,9,7,0,,,,0.18408333,0.0,0.0,0.0,0.0
12,10,7,0,,,,0.54175,0.0,0.0,0.0,36.89
12,11,7,0,,,,0.37603334,0.0,0.0,0.0,68.85
12,12,7,0,,,,0.5569,0.0,0.0,0.0,89.77
12,13,7,0,,,,0.7309,0.0,0.0,0.0,164.65
12,14,7,0,,,,0.28515,0.0,0.0,0.0,170.97
12,15,7,0,,,,0.70185,0.0,0.0,0.0,107.58
12,16,7,0,,,,0.5826167,0.0,0.0,0.0,6.5
12,17,7,0,,,,0.59891665,0.0,0.0,0.0,0.0
12,18,7,0,,,,0.79176664,0.0,0.0,0.0,0.0
12,19,7,0,,,,0.7776833,0.0,0.0,0.0,0.0
12,20,7,0,,,,0.38203335,0.0,0.0,0.0,0.0
12,21,7,0,,,,0.73796666,0.0,0.0,0.0,0.0
12,22,7,0,,,,0.67973334,0.0,0.0,0.0,0.0
12,23,7,0,,,,0.6415,0.0,0.0,0.0,0.0
12,24,7,0,,,,0.38508335,0.0,0.0,0.0,0.0
12,1,1,0,,,,0.36086667,0.0,0.0,0.0,0.0
12,2,1,0,,,,0.37666667,0.0,0.0,0.0,0.0
12,3,1,0,,,,0.37063333,0.0,0.0,0.0,0.0
12,4,1,0,,,,0.95755,0.0,0.0,0.0,0.0
12,5,1,0,,,,0.35155,0.0,0.0,0.0,0.0
12,6,1,0,,,,0.071166664,0.0,0.0,0.0,0.0
12,7,1,0,,,,0.07943334,0.0,0.0,0.0,0.0
12,8,1,0,,,,0.45916668,0.0,0.0,0.0,0.0
12,9,1,0,,,,0.42556667,0.0,0.0,0.0,0.0
12,10,1,0,,,,0.2781834,0.0,0.0,0.0,22.24
12,11,1,0,,,,0.14583334,0.0,0.0,0.0,51.59
12,12,1,0,,,,0.59548336,0.0,0.0,0.0,45.93
12,13,1,0,,,,0.5251,0.0,0.0,0.0,30.34
12,14,1,0,,,,0.39643332,0.0,0.0,0.0,52.84
12,15,1,0,,,,0.8336833,0.0,0.0,0.0,10.3
12,16,1,0,,,,0.50518334,0.0,0.0,0.0,0.22
12,17,1,0,,,,0.30238333,0.0,0.0,0.0,0.0
12,18,1,0,,,,0.76946664,0.0,0.0,0.0,0.0
12,19,1,0,,,,0.65798336,0.0,0.0,0.0,0.0
12,20,1,0,,,,0.22166666,0.0,0.0,0.0,0.0
12,21,1,0,,,,0.49075,0.0,0.0,0.0,0.0
12,22,1,0,,,,0.6037833,0.0,0.0,0.0,0.0
12,23,1,0,,,,0.36693335,0.0,0.0,0.0,0.0
12,24,1,0,,,,0.09224167,0.0,0.0,0.0,0.0
12,1,2,0,,,,0.1456,0.0,0.0,0.0,0.0
12,2,2,0,,,,0.049766667,0.0,0.0,0.0,0.0
12,3,2,0,,,,0.106683336,0.0,0.0,0.0,0.0
12,4,2,0,,,,0.24818334,0.0,0.0,0.0,0.0
12,5,2,0,,,,0.40475,0.0,0.0,0.0,0.0
12,6,2,0,,,,0.0619,0.0,0.0,0.0,0.0
12,7,2,0,,,,0.18360002,0.0,0.0,0.0,0.0
12,8,2,0,,,,0.54485,0.0,0.0,0.0,0.0
12,9,2,0,,,,0.44615,0.0,0.0,0.0,0.0
12,10,2,0,,,,0.21583334,0.0,0.0,0.0,11.14
12,11,2,0,,,,0.030733354,0.0,0.0,0.0,28.49
12,12,2,0,,,,0.68261665,0.0,0.0,0.0,18.81
12,13,2,0,,,,0.46746665,0.0,0.0,0.0,20.98
12,14,2,0,,,,0.3553,0.0,0.0,0.0,25.41
12,15,2,0,,,,0.1097,0.0,0.0,0.0,4.29
12,16,2,0,,,,0.07131668,0.0,0.0,0.0,0.0
12,17,2,0,,,,0.35213333,0.0,0.0,0.0,0.0
12,18,2,0,,,,0.74025,0.0,0.0,0.0,0.0
12,19,2,0,,,,0.5062,0.0,0.0,0.0,0.0
12,20,2,0,,,,0.41636667,0.0,0.0,0.0,0.0
12,21,2,0,,,,0.5847,0.0,0.0,0.0,0.0
12,22,2,0,,,,0.81886667,0.0,0.0,0.0,0.0
12,23,2,0,,,,0.52863336,0.0,0.0,0.0,0.0
12,24,2,0,,,,0.39169165,0.0,0.0,0.0,0.0
12,1,3,0,,,,0.38291666,0.0,0.0,0.0,0.0
12,2,3,0,,,,0.36475,0.0,0.0,0.0,0.0
12,3,3,0,,,,0.40088335,0.0,0.0,0.0,0.0
12,4,3,0,,,,0.34301665,0.0,0.0,0.0,0.0
12,5,3,0,,,,0.44841668,0.0,0.0,0.0,0.0
12,6,3,0,,,,0.11986667,0.0,0.0,0.0,0.0
12,7,3,0,,,,0.23176667,0.0,0.0,0.0,0.0
12,8,3,0,,,,0.56886667,0.0,0.0,0.0,0.0
12,9,3,0,,,,0.35698333,0.0,0.0,0.0,0.0
12,10,3,0,,,,0.5395333,0.0,0.0,0.0,35.12
12,11,3,0,,,,0.39645,0.0,0.0,0.0,37.73
12,12,3,0,,,,0.18698333,0.0,0.0,0.0,54.4
12,13,3,0,,,,0.31236666,0.0,0.0,0.0,23.83
12,14,3,0,,,,0.46858335,0.0,0.0,0.0,19.41
12,15,3,0,,,,0.6153833,0.0,0.0,0.0,21.57
12,16,3,0,,,,0.6001667,0.0,0.0,0.0,0.98
12,17,3,0,,,,0.79095,0.0,0.0,0.0,0.0
12,18,3,0,,,,0.65485,0.0,0.0,0.0,0.0
12,19,3,0,,,,0.016600082,0.0,0.0,0.0,0.0
12,20,3,0,,,,0.18023334,0.0,0.0,0.0,0.0
12,21,3,0,,,,0.49245,0.0,0.0,0.0,0.0
12,22,3,0,,,,0.7808667,0.0,0.0,0.0,0.0
12,23,3,0,,,,0.5999,0.0,0.0,0.0,0.0
12,24,3,0,,,,0.43451667,0.0,0.0,0.0,0.0
12,1,4,0,,,,0.45835,0.0,0.0,0.0,0.0
12,2,4,0,,,,0.4392,0.0,0.0,0.0,0.0
12,3,4,0,,,,0.80796665,0.0,0.0,0.0,0.0
12,4,4,0,,,,0.7572167,0.0,0.0,0.0,0.0
12,5,4,0,,,,0.36733332,0.0,0.0,0.0,0.0
12,6,4,0,,,,0.29205,0.0,0.0,0.0,0.0
12,7,4,0,,,,0.1291667,0.0,0.0,0.0,0.0
12,8,4,0,,,,0.11568333,0.0,0.0,0.0,0.0
12,9,4,0,,,,0.14123334,0.0,0.0,0.0,0.0
12,10,4,0,,,,0.46205,0.0,0.0,0.0,146.87
12,11,4,0,,,,0.38291666,0.0,0.0,0.0,487.41
12,12,4,0,,,,0.70166665,0.0,0.0,0.0,590.6
12,13,4,0,,,,0.7277833,0.0,0.0,0.0,597.53
12,14,4,0,,,,0.78153336,0.0,0.0,0.0,554.18
12,15,4,0,,,,0.98698336,0.0,0.0,0.0,253.26
12,16,4,0,,,,0.6392,0.0,0.0,0.0,8.69
12,17,4,0,,,,0.46485,0.0,0.0,0.0,0.0
12,18,4,0,,,,0.9410667,0.0,0.0,0.0,0.0
12,19,4,0,,,,0.62525,0.0,0.0,0.0,0.0
12,20,4,0,,,,0.76168334,0.0,0.0,0.0,0.0
12,21,4,0,,,,0.8721833,0.0,0.0,0.0,0.0
12,22,4,0,,,,0.6045333,0.0,0.0,0.0,0.0
12,23,4,0,,,,0.52643335,0.0,0.0,0.0,0.0
12,24,4,0,,,,0.7224417,0.0,0.0,0.0,0.0
12,1,5,0,,,,0.39261666,0.0,0.0,0.0,0.0
12,2,5,0,,,,0.37078333,0.0,0.0,0.0,0.0
12,3,5,0,,,,0.3938,0.0,0.0,0.0,0.0
12,4,5,0,,,,0.3702,0.0,0.0,0.0,0.0
12,5,5,0,,,,0.3302,0.0,0.0,0.0,0.0
12,6,5,0,,,,0.51015,0.0,0.0,0.0,0.0
12,7,5,0,,,,0.19458333,0.0,0.0,0.0,0.0
12,8,5,0,,,,0.17346667,0.0,0.0,0.0,0.0
12,9,5,0,,,,0.13276666,0.0,0.0,0.0,0.0
12,10,5,0,,,,0.10141667,0.0,0.0,0.0,5.85
12,11,5,0,,,,0.15206666,0.0,0.0,0.0,348.83
12,12,5,0,,,,0.5517667,0.0,0.0,0.0,515.66
12,13,5,0,,,,0.39543334,0.0,0.0,0.0,576.92
12,14,5,0,,,,0.07858333,0.0,0.0,0.0,545.45
12,15,5,0,,,,0.30426666,0.0,0.0,0.0,377.29
12,16,5,0,,,,0.33725,0.0,0.0,0.0,7.41
12,17,5,0,,,,0.95053333,0.0,0.0,0.0,0.0
12,18,5,0,,,,0.7082,0.0,0.0,0.0,0.0
12,19,5,0,,,,0.47445,0.0,0.0,0.0,0.0
12,20,5,0,,,,0.39348334,0.0,0.0,0.0,0.0
12,21,5,0,,,,0.56815,0.0,0.0,0.0,0.0
12,22,5,0,,,,0.81381667,0.0,0.0,0.0,0.0
12,23,5,0,,,,0.056733396,0.0,0.0,0.0,0.0
12,24,5,0,,,,0.78648335,0.0,0.0,0.0,0.0
12,1,6,0,,,,0.7797667,0.0,0.0,0.0,0.0
12,2,6,0,,,,0.8333167,0.0,0.0,0.0,0.0
12,3,6,0,,,,0.47256666,0.0,0.0,0.0,0.0
12,4,6,0,,,,0.71545,0.0,0.0,0.0,0.0
12,5,6,0,,,,0.76395,0.0,0.0,0.0,0.0
12,6,6,0,,,,0.3010167,0.0,0.0,0.0,0.0
12,7,6,0,,,,1.1342367e-07,0.0,0.0,0.0,0.0
12,8,6,0,,,,0.080500096,0.0,0.0,0.0,0.0
12,9,6,0,,,,0.19058341,0.0,0.0,0.0,0.0
12,10,6,0,,,,0.82638335,0.0,0.0,0.0,289.83
12,11,6,0,,,,0.48776665,0.0,0.0,0.0,473.75
12,12,6,0,,,,0.47825,0.0,0.0,0.0,550.88
12,13,6,0,,,,0.6659667,0.0,0.0,0.0,484.41
12,14,6,0,,,,0.67543334,0.0,0.0,0.0,481.74
12,15,6,0,,,,0.1729,0.0,0.0,0.0,274.68
12,16,6,0,,,,0.48565,0.0,0.0,0.0,6.84
12,17,6,0,,,,0.62121665,0.0,0.0,0.0,0.0
12,18,6,0,,,,0.36183333,0.0,0.0,0.0,0.0
12,19,6,0,,,,0.4671,0.0,0.0,0.0,0.0
12,20,6,0,,,,0.8470333,0.0,0.0,0.0,0.0
12,21,6,0,,,,0.8340167,0.0,0.0,0.0,0.0
12,22,6,0,,,,0.6645833,0.0,0.0,0.0,0.0
12,23,6,0,,,,0.5898,0.0,0.0,0.0,0.0
12,24,6,0,,,,0.3506,0.0,0.0,0.0,0.0
12,1,7,0,,,,0.45305,0.0,0.0,0.0,0.0
12,2,7,0,,,,0.35943332,0.0,0.0,0.0,0.0
12,3,7,0,,,,0.042116776,0.0,0.0,0.0,0.0
12,4,7,0,,,,1.2156168e-07,0.0,0.0,0.0,0.0
12,5,7,0,,,,0.43106666,0.0,0.0,0.0,0.0
12,6,7,0,,,,0.21066667,0.0,0.0,0.0,0.0
12,7,7,0,,,,0.08381667,0.0,0.0,0.0,0.0
12,8,7,0,,,,0.0816,0.0,0.0,0.0,0.0
12,9,7,0,,,,0.41085,0.0,0.0,0.0,0.0
12,10,7,0,,,,0.81583333,0.0,0.0,0.0,210.17
12,11,7,0,,,,0.37268335,0.0,0.0,0.0,462.44
12,12,7,0,,,,0.15005004,0.0,0.0,0.0,356.03
12,13,7,0,,,,0.4724167,0.0,0.0,0.0,442.92
12,14,7,0,,,,0.05888333,0.0,0.0,0.0,516.67
12,15,7,0,,,,0.1015,0.0,0.0,0.0,298.96
12,16,7,0,,,,0.30866668,0.0,0.0,0.0,9.62
12,17,7,0,,,,0.11953333,0.0,0.0,0.0,0.0
12,18,7,0,,,,0.55181664,0.0,0.0,0.0,0.0
12,19,7,0,,,,0.9381833,0.0,0.0,0.0,0.0
12,20,7,0,,,,0.52253336,0.0,0.0,0.0,0.0
12,21,7,0,,,,0.40751666,0.0,0.0,0.0,0.0
12,22,7,0,,,,0.53176665,0.0,0.0,0.0,0.0
12,23,7,0,,,,0.57748336,0.0,0.0,0.0,0.0
12,24,7,0,,,,0.38471666,0.0,0.0,0.0,0.0
12,1,1,0,,,,0.005983447,0.0,0.0,0.0,0.0
12,2,1,0,,,,1.2207032e-07,0.0,0.0,0.0,0.0
12,3,1,0,,,,0.5500167,0.0,0.0,0.0,0.0
12,4,1,0,,,,0.38238335,0.0,0.0,0.0,0.0
12,5,1,0,,,,0.60315,0.0,0.0,0.0,0.0
12,6,1,0,,,,0.3864,0.0,0.0,0.0,0.0
12,7,1,0,,,,0.40251666,0.0,0.0,0.0,0.0
12,8,1,0,,,,0.4135,0.0,0.0,0.0,0.0
12,9,1,0,,,,0.57173336,0.0,0.0,0.0,0.0
12,10,1,0,,,,1.0344833,0.0,0.0,0.0,148.53
12,11,1,0,,,,0.6141667,0.0,0.0,0.0,521.39
12,12,1,0,,,,0.51276666,0.0,0.0,0.0,587.01
12,13,1,0,,,,0.10235,0.0,0.0,0.0,579.65
12,14,1,0,,,,0.06415,0.0,0.0,0.0,532.63
12,15,1,0,,,,0.24458334,0.0,0.0,0.0,380.77
12,16,1,0,,,,0.48138332,0.0,0.0,0.0,8.07
12,17,1,0,,,,0.66536665,0.0,0.0,0.0,0.0
12,18,1,0,,,,0.6437167,0.0,0.0,0.0,0.0
12,19,1,0,,,,1.0254667,0.0,0.0,0.0,0.0
12,20,1,0,,,,0.8675333,0.0,0.0,0.0,0.0
12,21,1,0,,,,0.5413167,0.0,0.0,0.0,0.0
12,22,1,0,,,,0.6372,0.0,0.0,0.0,0.0
12,23,1,0,,,,0.70725,0.0,0.0,0.0,0.0
12,24,1,0,,,,0.40905833,0.0,0.0,0.0,0.0
12,1,2,0,,,,0.45385,0.0,0.0,0.0,0.0
12,2,2,0,,,,0.53005,0.0,0.0,0.0,0.0
12,3,2,0,,,,0.49078333,0.0,0.0,0.0,0.0
12,4,2,0,,,,0.29133335,0.0,0.0,0.0,0.0
12,5,2,0,,,,0.47386667,0.0,0.0,0.0,0.0
12,6,2,0,,,,0.21003333,0.0,0.0,0.0,0.0
12,7,2,0,,,,0.23851667,0.0,0.0,0.0,0.0
12,8,2,0,,,,0.6041667,0.0,0.0,0.0,0.0
12,9,2,0,,,,0.33815,0.0,0.0,0.0,0.0
12,10,2,0,,,,0.28498334,0.0,0.0,0.0,155.12
12,11,2,0,,,,0.7456333,0.0,0.0,0.0,396.59
12,12,2,0,,,,0.57928336,0.0,0.0,0.0,526.48
12,13,2,0,,,,0.9479167,0.0,0.0,0.0,435.46
12,14,2,0,,,,0.35138333,0.0,0.0,0.0,512.66
12,15,2,0,,,,0.17196667,0.0,0.0,0.0,342.57
12,16,2,0,,,,0.32198334,0.0,0.0,0.0,6.49
12,17,2,0,,,,0.5948167,0.0,0.0,0.0,0.0
12,18,2,0,,,,0.58851665,0.0,0.0,0.0,0.0
12,19,2,0,,,,0.51566666,0.0,0.0,0.0,0.0
12,20,2,0,,,,0.57628334,0.0,0.0,0.0,0.0
12,21,2,0,,,,0.42628333,0.0,0.0,0.0,0.0
12,22,2,0,,,,0.4335,0.0,0.0,0.0,0.0
12,23,2,0,,,,0.28321666,0.0,0.0,0.0,0.0
12,24,2,0,,,,0.275325,0.0,0.0,0.0,0.0
12,1,3,0,,,,0.25676668,0.0,0.0,0.0,0.0
12,2,3,0,,,,0.8319833,0.0,0.0,0.0,0.0
12,3,3,0,,,,0.46768335,0.0,0.0,0.0,0.0
12,4,3,0,,,,0.5986,0.0,0.0,0.0,0.0
12,5,3,0,,,,0.4765,0.0,0.0,0.0,0.0
12,6,3,0,,,,0.76026666,0.0,0.0,0.0,0.0
12,7,3,0,,,,0.61233336,0.0,0.0,0.0,0.0
12,8,3,0,,,,0.31308332,0.0,0.0,0.0,0.0
12,9,3,0,,,,0.2411,0.0,0.0,0.0,0.0
12,10,3,0,,,,0.53143334,0.0,0.0,0.0,22.04
12,11,3,0,,,,0.6577,0.0,0.0,0.0,36.54
12,12,3,0,,,,0.6709667,0.0,0.0,0.0,51.92
12,13,3,0,,,,0.23898333,0.0,0.0,0.0,48.72
12,14,3,0,,,,0.43531665,0.0,0.0,0.0,20.18
12,15,3,0,,,,0.21795,0.0,0.0,0.0,99.91
12,16,3,0,,,,0.42183334,0.0,0.0,0.0,9.76
12,17,3,0,,,,0.23611666,0.0,0.0,0.0,0.0
12,18,3,0,,,,0.38653332,0.0,0.0,0.0,0.0
12,19,3,0,,,,0.2096,0.0,0.0,0.0,0.0
12,20,3,0,,,,0.3803,0.0,0.0,0.0,0.0
12,21,3,0,,,,0.51246667,0.0,0.0,0.0,0.0
12,22,3,0,,,,0.5728,0.0,0.0,0.0,0.0
12,23,3,0,,,,0.6749333,0.0,0.0,0.0,0.0
12,24,3,0,,,,0.27130833,0.0,0.0,0.0,0.0
12,1,4,0,,,,0.25735,0.0,0.0,0.0,0.0
12,2,4,0,,,,0.69046664,0.0,0.0,0.0,0.0
12,3,4,0,,,,0.5706667,0.0,0.0,0.0,0.0
12,4,4,0,,,,0.5381333,0.0,0.0,0.0,0.0
12,5,4,0,,,,0.59675,0.0,0.0,0.0,0.0
12,6,4,0,,,,0.5405,0.0,0.0,0.0,0.0
12,7,4,0,,,,0.41156667,0.0,0.0,0.0,0.0
12,8,4,0,,,,0.33958334,0.0,0.0,0.0,0.0
12,9,4,0,,,,0.38996667,0.0,0.0,0.0,0.0
12,10,4,0,,,,1.0909667,0.0,0.0,0.0,7.6
12,11,4,0,,,,0.75675,0.0,0.0,0.0,99.98
12,12,4,0,,,,0.45045,0.0,0.0,0.0,57.01
12,13,4,0,,,,0.5340833,0.0,0.0,0.0,25.09
12,14,4,0,,,,0.613,0.0,0.0,0.0,15.22
12,15,4,0,,,,0.39353332,0.0,0.0,0.0,3.0
12,16,4,0,,,,0.50215,0.0,0.0,0.0,5.67
12,17,4,0,,,,0.3838,0.0,0.0,0.0,0.0
12,18,4,0,,,,0.1823,0.0,0.0,0.0,0.0
12,19,4,0,,,,0.45995,0.0,0.0,0.0,0.0
12,20,4,0,,,,0.6111,0.0,0.0,0.0,0.0
12,21,4,0,,,,0.6307333,0.0,0.0,0.0,0.0
12,22,4,0,,,,0.65718335,0.0,0.0,0.0,0.0
12,23,4,0,,,,0.52063334,0.0,0.0,0.0,0.0
12,24,4,0,,,,0.28158334,0.0,0.0,0.0,0.0
12,1,5,0,,,,0.22888333,0.0,0.0,0.0,0.0
12,2,5,0,,,,0.23486666,0.0,0.0,0.0,0.0
12,3,5,0,,,,0.5396,0.0,0.0,0.0,0.0
12,4,5,0,,,,0.48645,0.0,0.0,0.0,0.0
12,5,5,0,,,,0.75558335,0.0,0.0,0.0,0.0
12,6,5,0,,,,0.44801667,0.0,0.0,0.0,0.0
12,7,5,0,,,,0.48361668,0.0,0.0,0.0,0.0
12,8,5,0,,,,0.41778332,0.0,0.0,0.0,0.0
12,9,5,0,,,,0.6178167,0.0,0.0,0.0,0.0
12,10,5,0,,,,1.1312,0.0,0.0,0.0,5.79
12,11,5,0,,,,1.1175667,0.0,0.0,0.0,20.09
12,12,5,0,,,,0.99116665,0.0,0.0,0.0,12.5
12,13,5,0,,,,0.99623334,0.0,0.0,0.0,12.45
12,14,5,0,,,,0.95735,0.0,0.0,0.0,7.41
12,15,5,0,,,,0.79646665,0.0,0.0,0.0,176.25
12,16,5,0,,,,0.53036666,0.0,0.0,0.0,11.36
12,17,5,0,,,,0.90388334,0.0,0.0,0.0,0.0
12,18,5,0,,,,0.76631665,0.0,0.0,0.0,0.0
12,19,5,0,,,,0.24138333,0.0,0.0,0.0,0.0
12,20,5,0,,,,0.30376667,0.0,0.0,0.0,0.0
12,21,5,0,,,,0.18676667,0.0,0.0,0.0,0.0
12,22,5,0,,,,0.17675,0.0,0.0,0.0,0.0
12,23,5,0,,,,0.26558334,0.0,0.0,0.0,0.0
12,24,5,0,,,,0.226775,0.0,0.0,0.0,0.0
12,1,6,0,,,,0.2434,0.0,0.0,0.0,0.0
12,2,6,0,,,,0.24431667,0.0,0.0,0.0,0.0
12,3,6,0,,,,0.35868335,0.0,0.0,0.0,0.0
12,4,6,0,,,,0.34495,0.0,0.0,0.0,0.0
12,5,6,0,,,,0.62261665,0.0,0.0,0.0,0.0
12,6,6,0,,,,0.6414833,0.0,0.0,0.0,0.0
12,7,6,0,,,,0.8049667,0.0,0.0,0.0,0.0
12,8,6,0,,,,1.1517333,0.0,0.0,0.0,0.0
12,9,6,0,,,,0.6279167,0.0,0.0,0.0,0.0
12,10,6,0,,,,0.43958333,0.0,0.0,0.0,73.79
12,11,6,0,,,,0.48996666,0.0,0.0,0.0,53.49
12,12,6,0,,,,0.36648333,0.0,0.0,0.0,27.62
12,13,6,0,,,,0.28258333,0.0,0.0,0.0,38.84
12,14,6,0,,,,0.38536668,0.0,0.0,0.0,16.07
12,15,6,0,,,,0.78961664,0.0,0.0,0.0,34.59
12,16,6,0,,,,0.7969,0.0,0.0,0.0,11.61
12,17,6,0,,,,0.68116665,0.0,0.0,0.0,0.0
12,18,6,0,,,,0.23241666,0.0,0.0,0.0,0.0
12,19,6,0,,,,0.6334,0.0,0.0,0.0,0.0
12,20,6,0,,,,0.24806666,0.0,0.0,0.0,0.0
12,21,6,0,,,,0.25541666,0.0,0.0,0.0,0.0
12,22,6,0,,,,0.26181668,0.0,0.0,0.0,0.0
12,23,6,0,,,,0.37973332,0.0,0.0,0.0,0.0
12,24,6,0,,,,0.25355,0.0,0.0,0.0,0.0
12,1,7,0,,,,0.2613,0.0,0.0,0.0,0.0
12,2,7,0,,,,0.2233,0.0,0.0,0.0,0.0
12,3,7,0,,,,0.20485,0.0,0.0,0.0,0.0
12,4,7,0,,,,0.18335,0.0,0.0,0.0,0.0
12,5,7,0,,,,0.26573333,0.0,0.0,0.0,0.0
12,6,7,0,,,,0.30018333,0.0,0.0,0.0,0.0
12,7,7,0,,,,0.24736667,0.0,0.0,0.0,0.0
12,8,7,0,,,,0.28523332,0.0,0.0,0.0,0.0
12,9,7,0,,,,0.29691666,0.0,0.0,0.0,0.0
12,10,7,0,,,,0.9001333,0.0,0.0,0.0,6.49
12,11,7,0,,,,0.75128335,0.0,0.0,0.0,14.9
12,12,7,0,,,,0.4342,0.0,0.0,0.0,32.33
12,13,7,0,,,,0.40073332,0.0,0.0,0.0,16.94
12,14,7,0,,,,0.18658334,0.0,0.0,0.0,7.06
12,15,7,0,,,,0.20106667,0.0,0.0,0.0,5.87
12,16,7,0,,,,0.21291667,0.0,0.0,0.0,0.0
12,17,7,0,,,,0.50616664,0.0,0.0,0.0,0.0
12,18,7,0,,,,0.28541666,0.0,0.0,0.0,0.0
12,19,7,0,,,,0.28225,0.0,0.0,0.0,0.0
12,20,7,0,,,,0.2256,0.0,0.0,0.0,0.0
12,21,7,0,,,,0.2466,0.0,0.0,0.0,0.0
12,22,7,0,,,,0.24801667,0.0,0.0,0.0,0.0
12,23,7,0,,,,0.26445,0.0,0.0,0.0,0.0
12,24,7,0,,,,0.23468333,0.0,0.0,0.0,0.0
12,1,1,0,,,,0.24096666,0.0,0.0,0.0,0.0
12,2,1,0,,,,0.25341666,0.0,0.0,0.0,0.0
12,3,1,0,,,,0.5262167,0.0,0.0,0.0,0.0
12,4,1,0,,,,0.51565,0.0,0.0,0.0,0.0
12,5,1,0,,,,0.54013336,0.0,0.0,0.0,0.0
12,6,1,0,,,,0.59071666,0.0,0.0,0.0,0.0
12,7,1,0,,,,0.3976,0.0,0.0,0.0,0.0
12,8,1,0,,,,0.25553334,0.0,0.0,0.0,0.0
12,9,1,0,,,,0.65903336,0.0,0.0,0.0,0.0
12,10,1,0,,,,0.53886664,0.0,0.0,0.0,4.74
12,11,1,0,,,,0.71949583,0.0,0.0,0.0,10.87
12,12,1,0,,,,0.8278667,0.0,0.0,0.0,16.26
12,13,1,0,,,,0.7011667,0.0,0.0,0.0,12.17
12,14,1,0,,,,1.1464,0.0,0.0,0.0,14.18
12,15,1,0,,,,1.0068834,0.0,0.0,0.0,6.47
12,16,1,0,,,,0.63365,0.0,0.0,0.0,0.0
12,17,1,0,,,,1.10635,0.0,0.0,0.0,0.0
12,18,1,0,,,,0.87618333,0.0,0.0,0.0,0.0
12,19,1,0,,,,0.7945333,0.0,0.0,0.0,0.0
12,20,1,0,,,,1.0231667,0.0,0.0,0.0,0.0
12,21,1,0,,,,0.29346666,0.0,0.0,0.0,0.0
12,22,1,0,,,,0.71085,0.0,0.0,0.0,0.0
12,23,1,0,,,,0.26976666,0.0,0.0,0.0,0.0
12,24,1,0,,,,0.56486666,0.0,0.0,0.0,0.0
12,1,2,0,,,,0.67465,0.0,0.0,0.0,0.0
12,2,2,0,,,,0.37145,0.0,0.0,0.0,0.0
12,3,2,0,,,,0.41061667,0.0,0.0,0.0,0.0
12,4,2,0,,,,0.28186667,0.0,0.0,0.0,0.0
12,5,2,0,,,,0.5326833,0.0,0.0,0.0,0.0
12,6,2,0,,,,0.5511,0.0,0.0,0.0,0.0
12,7,2,0,,,,0.45968333,0.0,0.0,0.0,0.0
12,8,2,0,,,,0.64816666,0.0,0.0,0.0,0.0
12,9,2,0,,,,0.6042167,0.0,0.0,0.0,0.0
12,10,2,0,,,,0.68076664,0.0,0.0,0.0,26.52
12,11,2,0,,,,0.9054833,0.0,0.0,0.0,29.85
12,12,2,0,,,,0.9837667,0.0,0.0,0.0,48.64
12,13,2,0,,,,0.75098336,0.0,0.0,0.0,31.36
12,14,2,0,,,,0.46715,0.0,0.0,0.0,38.36
12,15,2,0,,,,0.8950833,0.0,0.0,0.0,134.36
12,16,2,0,,,,0.8157667,0.0,0.0,0.0,12.62
12,17,2,0,,,,0.5772167,0.0,0.0,0.0,0.0
12,18,2,0,,,,0.73001665,0.0,0.0,0.0,0.0
12,19,2,0,,,,0.48838332,0.0,0.0,0.0,0.0
12,20,2,0,,,,0.38315,0.0,0.0,0.0,0.0
12,21,2,0,,,,0.42561665,0.0,0.0,0.0,0.0
12,22,2,0,,,,0.26113334,0.0,0.0,0.0,0.0
12,23,2,0,,,,0.26383334,0.0,0.0,0.0,0.0
12,24,2,0,,,,0.22111666,0.0,0.0,0.0,0.0
12,1,3,0,,,,0.23991667,0.0,0.0,0.0,0.0
12,2,3,0,,,,0.22641666,0.0,0.0,0.0,0.0
12,3,3,0,,,,0.39585,0.0,0.0,0.0,0.0
12,4,3,0,,,,0.35725,0.0,0.0,0.0,0.0
12,5,3,0,,,,0.86225,0.0,0.0,0.0,0.0
12,6,3,0,,,,0.85316664,0.0,0.0,0.0,0.0
12,7,3,0,,,,0.81733334,0.0,0.0,0.0,0.0
12,8,3,0,,,,0.60511667,0.0,0.0,0.0,0.0
12,9,3,0,,,,0.60401666,0.0,0.0,0.0,0.0
12,10,3,0,,,,0.20278333,0.0,0.0,0.0,15.22
12,11,3,0,,,,0.35595,0.0,0.0,0.0,29.13
12,12,3,0,,,,0.1845,0.0,0.0,0.0,23.79
12,13,3,0,,,,0.20281667,0.0,0.0,0.0,19.36
12,14,3,0,,,,0.2329,0.0,0.0,0.0,24.45
12,15,3,0,,,,0.22876666,0.0,0.0,0.0,20.06
12,16,3,0,,,,0.18785,0.0,0.0,0.0,6.58
12,17,3,0,,,,0.6967667,0.0,0.0,0.0,0.0
12,18,3,0,,,,0.85171664,0.0,0.0,0.0,0.0
12,19,3,0,,,,0.62025,0.0,0.0,0.0,0.0
12,20,3,0,,,,0.85615,0.0,0.0,0.0,0.0
12,21,3,0,,,,0.69595,0.0,0.0,0.0,0.0
12,22,3,0,,,,0.62691665,0.0,0.0,0.0,0.0
12,23,3,0,,,,0.5689333,0.0,0.0,0.0,0.0
12,24,3,0,,,,0.24070834,0.0,0.0,0.0,0.0
12,1,4,0,,,,0.20398334,0.0,0.0,0.0,0.0
12,2,4,0,,,,0.22596666,0.0,0.0,0.0,0.0
12,3,4,0,,,,0.23356667,0.0,0.0,0.0,0.0
12,4,4,0,,,,0.22975,0.0,0.0,0.0,0.0
12,5,4,0,,,,0.74575,0.0,0.0,0.0,0.0
12,6,4,0,,,,0.76995,0.0,0.0,0.0,0.0
12,7,4,0,,,,0.61345,0.0,0.0,0.0,0.0
12,8,4,0,,,,0.94375,0.0,0.0,0.0,0.0
12,9,4,0,,,,0.40645,0.0,0.0,0.0,0.0
12,10,4,0,,,,0.3547,0.0,0.0,0.0,87.02
12,11,4,0,,,,0.32903334,0.0,0.0,0.0,91.35
12,12,4,0,,,,0.52886665,0.0,0.0,0.0,51.64
12,13,4,0,,,,0.5151833,0.0,0.0,0.0,30.91
12,14,4,0,,,,0.58605,0.0,0.0,0.0,27.03
12,15,4,0,,,,0.47871667,0.0,0.0,0.0,13.88
12,16,4,0,,,,0.25163335,0.0,0.0,0.0,4.3
12,17,4,0,,,,0.45035,0.0,0.0,0.0,0.0
12,18,4,0,,,,0.63,0.0,0.0,0.0,0.0
12,19,4,0,,,,0.91625,0.0,0.0,0.0,0.0
12,20,4,0,,,,1.09835,0.0,0.0,0.0,0.0
12,21,4,0,,,,0.97221667,0.0,0.0,0.0,0.0
12,22,4,0,,,,0.636,0.0,0.0,0.0,0.0
12,23,4,0,,,,0.28255,0.0,0.0,0.0,0.0
12,24,4,0,,,,0.28435832,0.0,0.0,0.0,0.0
12,1,5,0,,,,0.31378335,0.0,0.0,0.0,0.0
12,2,5,0,,,,0.4151,0.0,0.0,0.0,0.0
12,3,5,0,,,,0.2447,0.0,0.0,0.0,0.0
12,4,5,0,,,,0.4633,0.0,0.0,0.0,0.0
12,5,5,0,,,,0.44925,0.0,0.0,0.0,0.0
12,6,5,0,,,,0.3465,0.0,0.0,0.0,0.0
12,7,5,0,,,,0.55945,0.0,0.0,0.0,0.0
12,8,5,0,,,,0.5312833,0.0,0.0,0.0,0.0
12,9,5,0,,,,0.83958334,0.0,0.0,0.0,0.0
12,10,5,0,,,,1.0285584,0.0,0.0,0.0,17.66
12,11,5,0,,,,1.0444666,0.0,0.0,0.0,30.43
12,12,5,0,,,,1.0578166,0.0,0.0,0.0,131.62
12,13,5,0,,,,0.89353335,0.0,0.0,0.0,20.44
12,14,5,0,,,,0.3072,0.0,0.0,0.0,9.89
12,15,5,0,,,,0.2461,0.0,0.0,0.0,4.33
12,16,5,0,,,,0.26378334,0.0,0.0,0.0,0.03
12,17,5,0,,,,0.24615,0.0,0.0,0.0,0.0
12,18,5,0,,,,0.26976666,0.0,0.0,0.0,0.0
12,19,5,0,,,,0.22201666,0.0,0.0,0.0,0.0
12,20,5,0,,,,0.24276666,0.0,0.0,0.0,0.0
12,21,5,0,,,,0.27486667,0.0,0.0,0.0,0.0
12,22,5,0,,,,0.24535,0.0,0.0,0.0,0.0
12,23,5,0,,,,0.22103333,0.0,0.0,0.0,0.0
12,24,5,0,,,,0.29078335,0.0,0.0,0.0,0.0
12,1,6,0,,,,0.2209,0.0,0.0,0.0,0.0
12,2,6,0,,,,0.24985,0.0,0.0,0.0,0.0
12,3,6,0,,,,0.25126666,0.0,0.0,0.0,0.0
12,4,6,0,,,,0.2662,0.0,0.0,0.0,0.0
12,5,6,0,,,,0.24946667,0.0,0.0,0.0,0.0
12,6,6,0,,,,0.24821667,0.0,0.0,0.0,0.0
12,7,6,0,,,,0.19076666,0.0,0.0,0.0,0.0
12,8,6,0,,,,0.35831666,0.0,0.0,0.0,0.0
12,9,6,0,,,,0.19898333,0.0,0.0,0.0,0.0
12,10,6,0,,,,0.20016667,0.0,0.0,0.0,318.81
12,11,6,0,,,,0.17756666,0.0,0.0,0.0,440.61
12,12,6,0,,,,0.43978333,0.0,0.0,0.0,547.75
12,13,6,0,,,,0.4073,0.0,0.0,0.0,30.19
12,14,6,0,,,,0.1932,0.0,0.0,0.0,24.95
12,15,6,0,,,,0.31285,0.0,0.0,0.0,25.72
12,16,6,0,,,,0.24083333,0.0,0.0,0.0,8.37
12,17,6,0,,,,0.24005,0.0,0.0,0.0,0.0
12,18,6,0,,,,0.22461666,0.0,0.0,0.0,0.0
12,19,6,0,,,,0.22578333,0.0,0.0,0.0,0.0
12,20,6,0,,,,0.24568333,0.0,0.0,0.0,0.0
12,21,6,0,,,,0.3689,0.0,0.0,0.0,0.0
12,22,6,0,,,,0.20501667,0.0,0.0,0.0,0.0
12,23,6,0,,,,0.38868332,0.0,0.0,0.0,0.0
12,24,6,0,,,,0.23886667,0.0,0.0,0.0,0.0
1,1,7,0,,,,0.2283,0.0,0.0,0.0,0.0
1,2,7,0,,,,0.3714,0.0,0.0,0.0,0.0
1,3,7,0,,,,0.22575,0.0,0.0,0.0,0.0
1,4,7,0,,,,0.2024,0.0,0.0,0.0,0.0
1,5,7,0,,,,0.22738333,0.0,0.0,0.0,0.0
1,6,7,0,,,,0.22668333,0.0,0.0,0.0,0.0
1,7,7,0,,,,0.1858,0.0,0.0,0.0,0.0
1,8,7,0,,,,0.22468333,0.0,0.0,0.0,0.0
1,9,7,0,,,,0.24756667,0.0,0.0,0.0,0.0
1,10,7,0,,,,0.22461666,0.0,0.0,0.0,1.25
1,11,7,0,,,,0.59108335,0.0,0.0,0.0,33.36
1,12,7,0,,,,0.20306666,0.0,0.0,0.0,43.51
1,13,7,0,,,,0.2009,0.0,0.0,0.0,9.84
1,14,7,0,,,,0.33286667,0.0,0.0,0.0,117.26
1,15,7,0,,,,0.17935,0.0,0.0,0.0,21.69
1,16,7,0,,,,0.19293334,0.0,0.0,0.0,0.78
1,17,7,0,,,,0.22856666,0.0,0.0,0.0,0.0
1,18,7,0,,,,0.22913334,0.0,0.0,0.0,0.0
1,19,7,0,,,,0.22448333,0.0,0.0,0.0,0.0
1,20,7,0,,,,0.20171666,0.0,0.0,0.0,0.0
1,21,7,0,,,,0.3753,0.0,0.0,0.0,0.0
1,22,7,0,,,,0.25138333,0.0,0.0,0.0,0.0
1,23,7,0,,,,0.22881667,0.0,0.0,0.0,0.0
1,24,7,0,,,,0.205325,0.0,0.0,0.0,0.0
1,1,1,0,,,,0.23038334,0.0,0.0,0.0,0.0
1,2,1,0,,,,0.22718333,0.0,0.0,0.0,0.0
1,3,1,0,,,,0.37948334,0.0,0.0,0.0,0.0
1,4,1,0,,,,0.21166667,0.0,0.0,0.0,0.0
1,5,1,0,,,,0.25816667,0.0,0.0,0.0,0.0
1,6,1,0,,,,0.20131667,0.0,0.0,0.0,0.0
1,7,1,0,,,,0.20236667,0.0,0.0,0.0,0.0
1,8,1,0,,,,0.22635,0.0,0.0,0.0,0.0
1,9,1,0,,,,0.24761666,0.0,0.0,0.0,0.0
1,10,1,0,,,,0.87076664,0.0,0.0,0.0,309.29
1,11,1,0,,,,0.81135,0.0,0.0,0.0,279.12
1,12,1,0,,,,0.5591,0.0,0.0,0.0,72.17
1,13,1,0,,,,0.4513,0.0,0.0,0.0,28.42
1,14,1,0,,,,0.33595,0.0,0.0,0.0,42.39
1,15,1,0,,,,0.2451,0.0,0.0,0.0,56.22
1,16,1,0,,,,0.46291667,0.0,0.0,0.0,0.02
1,17,1,0,,,,0.62098336,0.0,0.0,0.0,0.0
1,18,1,0,,,,1.1134666,0.0,0.0,0.0,0.0
1,19,1,0,,,,1.00175,0.0,0.0,0.0,0.0
1,20,1,0,,,,1.1531833,0.0,0.0,0.0,0.0
1,21,1,0,,,,0.52218336,0.0,0.0,0.0,0.0
1,22,1,0,,,,0.49705,0.0,0.0,0.0,0.0
1,23,1,0,,,,0.2902,0.0,0.0,0.0,0.0
1,24,1,0,,,,0.28095,0.0,0.0,0.0,0.0
1,1,2,0,,,,0.2852,0.0,0.0,0.0,0.0
1,2,2,0,,,,0.2806,0.0,0.0,0.0,0.0
1,3,2,0,,,,0.4043,0.0,0.0,0.0,0.0
1,4,2,0,,,,0.20265,0.0,0.0,0.0,0.0
1,5,2,0,,,,0.26703334,0.0,0.0,0.0,0.0
1,6,2,0,,,,0.92086667,0.0,0.0,0.0,0.0
1,7,2,0,,,,0.70248336,0.0,0.0,0.0,0.0
1,8,2,0,,,,0.8024,0.0,0.0,0.0,0.0
1,9,2,0,,,,0.29591668,0.0,0.0,0.0,0.0
1,10,2,0,,,,0.17798333,0.0,0.0,0.0,112.76
1,11,2,0,,,,0.19283333,0.0,0.0,0.0,127.45
1,12,2,0,,,,0.26291665,0.0,0.0,0.0,210.95
1,13,2,0,,,,0.5595667,0.0,0.0,0.0,461.88
1,14,2,0,,,,0.57386667,0.0,0.0,0.0,74.03
1,15,2,0,,,,0.59961665,0.0,0.0,0.0,12.54
1,16,2,0,,,,0.41695,0.0,0.0,0.0,5.49
1,17,2,0,,,,0.52206665,0.0,0.0,0.0,0.0
1,18,2,0,,,,0.26493335,0.0,0.0,0.0,0.0
1,19,2,0,,,,0.4776,0.0,0.0,0.0,0.0
1,20,2,0,,,,0.6457833,0.0,0.0,0.0,0.0
1,21,2,0,,,,0.70345,0.0,0.0,0.0,0.0
1,22,2,0,,,,0.32258335,0.0,0.0,0.0,0.0
1,23,2,0,,,,0.39681667,0.0,0.0,0.0,0.0
1,24,2,0,,,,0.6974667,0.0,0.0,0.0,0.0
1,1,3,0,,,,0.31175,0.0,0.0,0.0,0.0
1,2,3,0,,,,0.22923334,0.0,0.0,0.0,0.0
1,3,3,0,,,,0.39075,0.0,0.0,0.0,0.0
1,4,3,0,,,,0.18323334,0.0,0.0,0.0,0.0
1,5,3,0,,,,0.6979333,0.0,0.0,0.0,0.0
1,6,3,0,,,,0.47498333,0.0,0.0,0.0,0.0
1,7,3,0,,,,0.27495,0.0,0.0,0.0,0.0
1,8,3,0,,,,0.25043333,0.0,0.0,0.0,0.0
1,9,3,0,,,,0.81416667,0.0,0.0,0.0,0.0
1,10,3,0,,,,0.5614,0.0,0.0,0.0,27.01
1,11,3,0,,,,0.6593,0.0,0.0,0.0,59.67
1,12,3,0,,,,0.6102333,0.0,0.0,0.0,136.8
1,13,3,0,,,,1.4860667,0.0,0.0,0.0,200.33
1,14,3,0,,,,0.581,0.0,0.0,0.0,41.28
1,15,3,0,,,,0.6011,0.0,0.0,0.0,15.38
1,16,3,0,,,,0.26868334,0.0,0.0,0.0,7.98
1,17,3,0,,,,0.20083334,0.0,0.0,0.0,0.0
1,18,3,0,,,,0.49726668,0.0,0.0,0.0,0.0
1,19,3,0,,,,0.55315,0.0,0.0,0.0,0.0
1,20,3,0,,,,0.73151666,0.0,0.0,0.0,0.0
1,21,3,0,,,,0.79281664,0.0,0.0,0.0,0.0
1,22,3,0,,,,0.95056665,0.0,0.0,0.0,0.0
1,23,3,0,,,,0.6281,0.0,0.0,0.0,0.0
1,24,3,0,,,,0.271425,0.0,0.0,0.0,0.0
1,1,4,0,,,,0.29975,0.0,0.0,0.0,0.0
1,2,4,0,,,,0.5165167,0.0,0.0,0.0,0.0
1,3,4,0,,,,0.22998333,0.0,0.0,0.0,0.0
1,4,4,0,,,,0.20783333,0.0,0.0,0.0,0.0
1,5,4,0,,,,0.20178333,0.0,0.0,0.0,0.0
1,6,4,0,,,,0.36841667,0.0,0.0,0.0,0.0
1,7,4,0,,,,1.1062,0.0,0.0,0.0,0.0
1,8,4,0,,,,0.50151664,0.0,0.0,0.0,0.0
1,9,4,0,,,,0.41736665,0.0,0.0,0.0,0.0
1,10,4,0,,,,0.8160833,0.0,0.0,0.0,20.09
1,11,4,0,,,,0.86195,0.0,0.0,0.0,345.86
1,12,4,0,,,,1.2175833,0.0,0.0,0.0,43.52
1,13,4,0,,,,1.52825,0.0,0.0,0.0,309.9
1,14,4,0,,,,0.57245,0.0,0.0,0.0,129.79
1,15,4,0,,,,0.68591666,0.0,0.0,0.0,248.36
1,16,4,0,,,,0.9048667,0.0,0.0,0.0,238.71
1,17,4,0,,,,0.85978335,0.0,0.0,0.0,0.0
1,18,4,0,,,,0.6556,0.0,0.0,0.0,0.0
1,19,4,0,,,,0.36276665,0.0,0.0,0.0,0.0
1,20,4,0,,,,0.23108333,0.0,0.0,0.0,0.0
1,21,4,0,,,,0.24053334,0.0,0.0,0.0,0.0
1,22,4,0,,,,0.2597,0.0,0.0,0.0,0.0
1,23,4,0,,,,0.70093334,0.0,0.0,0.0,0.0
1,24,4,0,,,,0.6596,0.0,0.0,0.0,0.0
1,1,5,0,,,,0.54468334,0.0,0.0,0.0,0.0
1,2,5,0,,,,0.22338334,0.0,0.0,0.0,0.0
1,3,5,0,,,,0.19105,0.0,0.0,0.0,0.0
1,4,5,0,,,,0.1931,0.0,0.0,0.0,0.0
1,5,5,0,,,,0.44625,0.0,0.0,0.0,0.0
1,6,5,0,,,,0.5395833,0.0,0.0,0.0,0.0
1,7,5,0,,,,0.18025,0.0,0.0,0.0,0.0
1,8,5,0,,,,0.76713336,0.0,0.0,0.0,0.0
1,9,5,0,,,,0.7983,0.0,0.0,0.0,0.0
1,10,5,0,,,,0.7791833,0.0,0.0,0.0,83.72
1,11,5,0,,,,0.7007,0.0,0.0,0.0,174.0
1,12,5,0,,,,0.65258336,0.0,0.0,0.0,181.71
1,13,5,0,,,,0.41236666,0.0,0.0,0.0,688.14
1,14,5,0,,,,0.42495,0.0,0.0,0.0,147.72
1,15,5,0,,,,0.5641,0.0,0.0,0.0,319.34
1,16,5,0,,,,0.5073,0.0,0.0,0.0,264.94
1,17,5,0,,,,0.7495,0.0,0.0,0.0,0.0
1,18,5,0,,,,1.0085167,0.0,0.0,0.0,0.0
1,19,5,0,,,,0.9217167,0.0,0.0,0.0,0.0
1,20,5,0,,,,0.9251,0.0,0.0,0.0,0.0
1,21,5,0,,,,0.6324667,0.0,0.0,0.0,0.0
1,22,5,0,,,,0.52276665,0.0,0.0,0.0,0.0
1,23,5,0,,,,0.69228333,0.0,0.0,0.0,0.0
1,24,5,0,,,,0.5426583,0.0,0.0,0.0,0.0
1,1,6,0,,,,0.5399,0.0,0.0,0.0,0.0
1,2,6,0,,,,0.82231665,0.0,0.0,0.0,0.0
1,3,6,0,,,,0.20206666,0.0,0.0,0.0,0.0
1,4,6,0,,,,0.192,0.0,0.0,0.0,0.0
1,5,6,0,,,,0.302,0.0,0.0,0.0,0.0
1,6,6,0,,,,0.7108333,0.0,0.0,0.0,0.0
1,7,6,0,,,,0.30795002,0.0,0.0,0.0,0.0
1,8,6,0,,,,0.20208333,0.0,0.0,0.0,0.0
1,9,6,0,,,,0.44673333,0.0,0.0,0.0,0.0
1,10,6,0,,,,0.20481667,0.0,0.0,0.0,85.68
1,11,6,0,,,,0.6426,0.0,0.0,0.0,121.14
1,12,6,0,,,,1.3065833,0.0,0.0,0.0,219.59
1,13,6,0,,,,0.62795,0.0,0.0,0.0,328.31
1,14,6,0,,,,0.65133333,0.0,0.0,0.0,239.53
1,15,6,0,,,,0.43213335,0.0,0.0,0.0,61.09
1,16,6,0,,,,0.53,0.0,0.0,0.0,19.38
1,17,6,0,,,,0.5459333,0.0,0.0,0.0,0.0
1,18,6,0,,,,0.49715,0.0,0.0,0.0,0.0
1,19,6,0,,,,0.93621665,0.0,0.0,0.0,0.0
1,20,6,0,,,,0.84175,0.0,0.0,0.0,0.0
1,21,6,0,,,,0.51705,0.0,0.0,0.0,0.0
1,22,6,0,,,,0.88553333,0.0,0.0,0.0,0.0
1,23,6,0,,,,1.0760167,0.0,0.0,0.0,0.0
1,24,6,0,,,,0.8454,0.0,0.0,0.0,0.0
1,1,7,0,,,,0.53045,0.0,0.0,0.0,0.0
1,2,7,0,,,,0.51161665,0.0,0.0,0.0,0.0
1,3,7,0,,,,0.27426666,0.0,0.0,0.0,0.0
1,4,7,0,,,,0.23981667,0.0,0.0,0.0,0.0
1,5,7,0,,,,0.65305,0.0,0.0,0.0,0.0
1,6,7,0,,,,0.37385,0.0,0.0,0.0,0.0
1,7,7,0,,,,0.11213333,0.0,0.0,0.0,0.0
1,8,7,0,,,,0.5166,0.0,0.0,0.0,0.0
1,9,7,0,,,,0.577,0.0,0.0,0.0,0.0
1,10,7,0,,,,0.6663,0.0,0.0,0.0,305.87
1,11,7,0,,,,0.6836333,0.0,0.0,0.0,299.96
1,12,7,0,,,,0.26203334,0.0,0.0,0.0,325.18
1,13,7,0,,,,0.9705833,0.0,0.0,0.0,250.55
1,14,7,0,,,,2.931,0.0,0.0,0.0,302.2
1,15,7,0,,,,2.20105,0.0,0.0,0.0,106.87
1,16,7,0,,,,1.6046833,0.0,0.0,0.0,21.0
1,17,7,0,,,,0.6103333,0.0,0.0,0.0,0.0
1,18,7,0,,,,0.553,0.0,0.0,0.0,0.0
1,19,7,0,,,,0.64276665,0.0,0.0,0.0,0.0
1,20,7,0,,,,0.57633334,0.0,0.0,0.0,0.0
1,21,7,0,,,,0.51705,0.0,0.0,0.0,0.0
1,22,7,0,,,,0.69456667,0.0,0.0,0.0,0.0
1,23,7,0,,,,1.0385833,0.0,0.0,0.0,0.0
1,24,7,0,,,,0.702125,0.0,0.0,0.0,0.0
1,1,1,0,,,,0.44516668,0.0,0.0,0.0,0.0
1,2,1,0,,,,0.21886666,0.0,0.0,0.0,0.0
1,3,1,0,,,,0.2188,0.0,0.0,0.0,0.0
1,4,1,0,,,,0.17404445,0.0,0.0,0.0,0.0
1,5,1,0,,,,0.43221667,0.0,0.0,0.0,0.0
1,6,1,0,,,,0.38483334,0.0,0.0,0.0,0.0
1,7,1,0,,,,0.15651667,0.0,0.0,0.0,0.0
1,8,1,0,,,,0.53971666,0.0,0.0,0.0,0.0
1,9,1,0,,,,0.87025,0.0,0.0,0.0,0.0
1,10,1,0,,,,0.68081665,0.0,0.0,0.0,252.85
1,11,1,0,,,,0.16478333,0.0,0.0,0.0,407.5
1,12,1,0,,,,0.19571666,0.0,0.0,0.0,345.71
1,13,1,0,,,,0.38503334,0.0,0.0,0.0,706.11
1,14,1,0,,,,0.4705,0.0,0.0,0.0,609.0
1,15,1,0,,,,0.8228,0.0,0.0,0.0,469.02
1,16,1,0,,,,0.43913335,0.0,0.0,0.0,324.67
1,17,1,0,,,,0.41285,0.0,0.0,0.0,0.0
1,18,1,0,,,,0.8825333,0.0,0.0,0.0,0.0
1,19,1,0,,,,0.83695,0.0,0.0,0.0,0.0
1,20,1,0,,,,1.2184833,0.0,0.0,0.0,0.0
1,21,1,0,,,,0.69631666,0.0,0.0,0.0,0.0
1,22,1,0,,,,0.42661667,0.0,0.0,0.0,0.0
1,23,1,0,,,,0.34655,0.0,0.0,0.0,0.0
1,24,1,0,,,,0.48530832,0.0,0.0,0.0,0.0
1,1,2,0,,,,0.43346667,0.0,0.0,0.0,0.0
1,2,2,0,,,,0.17408334,0.0,0.0,0.0,0.0
1,3,2,0,,,,0.37201667,0.0,0.0,0.0,0.0
1,4,2,0,,,,0.24305,0.0,0.0,0.0,0.0
1,5,2,0,,,,0.3757,0.0,0.0,0.0,0.0
1,6,2,0,,,,0.14933333,0.0,0.0,0.0,0.0
1,7,2,0,,,,0.1856,0.0,0.0,0.0,0.0
1,8,2,0,,,,0.36085,0.0,0.0,0.0,0.0
1,9,2,0,,,,0.21755,0.0,0.0,0.0,0.0
1,10,2,0,,,,0.6668,0.0,0.0,0.0,74.77
1,11,2,0,,,,0.8215,0.0,0.0,0.0,130.22
1,12,2,0,,,,0.26331666,0.0,0.0,0.0,303.2
1,13,2,0,,,,0.925,0.0,0.0,0.0,635.29
1,14,2,0,,,,0.79686666,0.0,0.0,0.0,159.55
1,15,2,0,,,,0.93925,0.0,0.0,0.0,312.79
1,16,2,0,,,,0.8287333,0.0,0.0,0.0,164.11
1,17,2,0,,,,0.5125667,0.0,0.0,0.0,0.0
1,18,2,0,,,,0.36673334,0.0,0.0,0.0,0.0
1,19,2,0,,,,0.82105,0.0,0.0,0.0,0.0
1,20,2,0,,,,0.9978667,0.0,0.0,0.0,0.0
1,21,2,0,,,,0.7136833,0.0,0.0,0.0,0.0
1,22,2,0,,,,0.95405,0.0,0.0,0.0,0.0
1,23,2,0,,,,0.6721333,0.0,0.0,0.0,0.0
1,24,2,0,,,,0.195525,0.0,0.0,0.0,0.0
1,1,3,0,,,,0.18713333,0.0,0.0,0.0,0.0
1,2,3,0,,,,0.3549,0.0,0.0,0.0,0.0
1,3,3,0,,,,0.16583334,0.0,0.0,0.0,0.0
1,4,3,0,,,,0.14588334,0.0,0.0,0.0,0.0
1,5,3,0,,,,0.36950833,0.0,0.0,0.0,0.0
1,6,3,0,,,,0.40903333,0.0,0.0,0.0,0.0
1,7,3,0,,,,0.21433334,0.0,0.0,0.0,0.0
1,8,3,0,,,,0.5399167,0.0,0.0,0.0,0.0
1,9,3,0,,,,0.59751666,0.0,0.0,0.0,0.0
1,10,3,0,,,,0.28165,0.0,0.0,0.0,111.3
1,11,3,0,,,,0.15586667,0.0,0.0,0.0,170.58
1,12,3,0,,,,0.23031667,0.0,0.0,0.0,703.68
1,13,3,0,,,,0.22888333,0.0,0.0,0.0,257.57
1,14,3,0,,,,0.34151667,0.0,0.0,0.0,172.91
1,15,3,0,,,,0.28225,0.0,0.0,0.0,530.18
1,16,3,0,,,,0.45885,0.0,0.0,0.0,310.53
1,17,3,0,,,,0.68766665,0.0,0.0,0.0,0.0
1,18,3,0,,,,1.0099167,0.0,0.0,0.0,0.0
1,19,3,0,,,,0.9989333,0.0,0.0,0.0,0.0
1,20,3,0,,,,0.72651666,0.0,0.0,0.0,0.0
1,21,3,0,,,,0.43065,0.0,0.0,0.0,0.0
1,22,3,0,,,,0.5947667,0.0,0.0,0.0,0.0
1,23,3,0,,,,0.231,0.0,0.0,0.0,0.0
1,24,3,0,,,,0.21918334,0.0,0.0,0.0,0.0
1,1,4,0,,,,0.13873333,0.0,0.0,0.0,0.0
1,2,4,0,,,,0.20886667,0.0,0.0,0.0,0.0
1,3,4,0,,,,0.13536666,0.0,0.0,0.0,0.0
1,4,4,0,,,,0.15613334,0.0,0.0,0.0,0.0
1,5,4,0,,,,0.44998333,0.0,0.0,0.0,0.0
1,6,4,0,,,,0.69815,0.0,0.0,0.0,0.0
1,7,4,0,,,,0.76206666,0.0,0.0,0.0,0.0
1,8,4,0,,,,0.18698333,0.0,0.0,0.0,0.0
1,9,4,0,,,,0.56201667,0.0,0.0,0.0,0.0
1,10,4,0,,,,0.67838335,0.0,0.0,0.0,8.29
1,11,4,0,,,,0.8498167,0.0,0.0,0.0,183.16
1,12,4,0,,,,0.55245,0.0,0.0,0.0,202.08
1,13,4,0,,,,0.18661667,0.0,0.0,0.0,612.05
1,14,4,0,,,,0.1636,0.0,0.0,0.0,68.74
1,15,4,0,,,,0.1285,0.0,0.0,0.0,56.34
1,16,4,0,,,,0.14125,0.0,0.0,0.0,7.42
1,17,4,0,,,,0.35815832,0.0,0.0,0.0,0.0
1,18,4,0,,,,0.68848336,0.0,0.0,0.0,0.0
1,19,4,0,,,,0.4681,0.0,0.0,0.0,0.0
1,20,4,0,,,,0.46588334,0.0,0.0,0.0,0.0
1,21,4,0,,,,0.59795,0.0,0.0,0.0,0.0
1,22,4,0,,,,0.45941666,0.0,0.0,0.0,0.0
1,23,4,0,,,,0.7061167,0.0,0.0,0.0,0.0
1,24,4,0,,,,0.472925,0.0,0.0,0.0,0.0
1,1,5,0,,,,0.30773333,0.0,0.0,0.0,0.0
1,2,5,0,,,,0.17863333,0.0,0.0,0.0,0.0
1,3,5,0,,,,0.23895,0.0,0.0,0.0,0.0
1,4,5,0,,,,0.59278333,0.0,0.0,0.0,0.0
1,5,5,0,,,,0.63453335,0.0,0.0,0.0,0.0
1,6,5,0,,,,0.29485,0.0,0.0,0.0,0.0
1,7,5,0,,,,1.0061333,0.0,0.0,0.0,0.0
1,8,5,0,,,,0.5549667,0.0,0.0,0.0,0.0
1,9,5,0,,,,0.14948334,0.0,0.0,0.0,0.0
1,10,5,0,,,,0.26491666,0.0,0.0,0.0,8.6
1,11,5,0,,,,0.37866667,0.0,0.0,0.0,49.0
1,12,5,0,,,,0.64085,0.0,0.0,0.0,88.93
1,13,5,0,,,,0.38201666,0.0,0.0,0.0,250.91
1,14,5,0,,,,0.40666667,0.0,0.0,0.0,89.06
1,15,5,0,,,,0.3194,0.0,0.0,0.0,425.01
1,16,5,0,,,,0.29793334,0.0,0.0,0.0,23.45
1,17,5,0,,,,0.46226665,0.0,0.0,0.0,0.0
1,18,5,0,,,,0.46451667,0.0,0.0,0.0,0.0
1,19,5,0,,,,0.59505,0.0,0.0,0.0,0.0
1,20,5,0,,,,0.9878833,0.0,0.0,0.0,0.0
1,21,5,0,,,,0.8717833,0.0,0.0,0.0,0.0
1,22,5,0,,,,0.70556664,0.0,0.0,0.0,0.0
1,23,5,0,,,,0.53713334,0.0,0.0,0.0,0.0
1,24,5,0,,,,0.35540834,0.0,0.0,0.0,0.0
1,1,6,0,,,,0.3622,0.0,0.0,0.0,0.0
1,2,6,0,,,,0.17485,0.0,0.0,0.0,0.0
1,3,6,0,,,,0.1824,0.0,0.0,0.0,0.0
1,4,6,0,,,,0.29083332,0.0,0.0,0.0,0.0
1,5,6,0,,,,0.252,0.0,0.0,0.0,0.0
1,6,6,0,,,,0.26878333,0.0,0.0,0.0,0.0
1,7,6,0,,,,0.32588333,0.0,0.0,0.0,0.0
1,8,6,0,,,,0.4562,0.0,0.0,0.0,0.0
1,9,6,0,,,,0.56378335,0.0,0.0,0.0,0.0
1,10,6,0,,,,0.6731333,0.0,0.0,0.0,356.43
1,11,6,0,,,,0.6759167,0.0,0.0,0.0,107.53
1,12,6,0,,,,0.9123167,0.0,0.0,0.0,316.66
1,13,6,0,,,,1.011,0.0,0.0,0.0,112.8
1,14,6,0,,,,0.62376666,0.0,0.0,0.0,312.14
1,15,6,0,,,,0.59071666,0.0,0.0,0.0,401.56
1,16,6,0,,,,0.53613335,0.0,0.0,0.0,15.44
1,17,6,0,,,,0.44523335,0.0,0.0,0.0,0.0
1,18,6,0,,,,0.50976664,0.0,0.0,0.0,0.0
1,19,6,0,,,,0.99633336,0.0,0.0,0.0,0.0
1,20,6,0,,,,0.92911667,0.0,0.0,0.0,0.0
1,21,6,0,,,,0.48176667,0.0,0.0,0.0,0.0
1,22,6,0,,,,0.5119,0.0,0.0,0.0,0.0
1,23,6,0,,,,0.4493,0.0,0.0,0.0,0.0
1,24,6,0,,,,0.26825833,0.0,0.0,0.0,0.0
1,1,7,0,,,,0.16013333,0.0,0.0,0.0,0.0
1,2,7,0,,,,0.17788333,0.0,0.0,0.0,0.0
1,3,7,0,,,,0.14193334,0.0,0.0,0.0,0.0
1,4,7,0,,,,0.14583333,0.0,0.0,0.0,0.0
1,5,7,0,,,,0.34975,0.0,0.0,0.0,0.0
1,6,7,0,,,,0.1904,0.0,0.0,0.0,0.0
1,7,7,0,,,,0.50018334,0.0,0.0,0.0,0.0
1,8,7,0,,,,0.74221665,0.0,0.0,0.0,0.0
1,9,7,0,,,,0.3521,0.0,0.0,0.0,0.0
1,10,7,0,,,,0.27085,0.0,0.0,0.0,332.4
1,11,7,0,,,,0.28348333,0.0,0.0,0.0,494.07
1,12,7,0,,,,0.17031667,0.0,0.0,0.0,639.33
1,13,7,0,,,,0.41998333,0.0,0.0,0.0,622.92
1,14,7,0,,,,0.4155,0.0,0.0,0.0,51.48
1,15,7,0,,,,0.42768332,0.0,0.0,0.0,105.12
1,16,7,0,,,,0.29653335,0.0,0.0,0.0,89.76
1,17,7,0,,,,0.4465,0.0,0.0,0.0,0.0
1,18,7,0,,,,0.34011668,0.0,0.0,0.0,0.0
1,19,7,0,,,,0.6777833,0.0,0.0,0.0,0.0
1,20,7,0,,,,0.6541333,0.0,0.0,0.0,0.0
1,21,7,0,,,,0.4243,0.0,0.0,0.0,0.0
1,22,7,0,,,,0.6957167,0.0,0.0,0.0,0.0
1,23,7,0,,,,0.30713335,0.0,0.0,0.0,0.0
1,24,7,0,,,,0.683125,0.0,0.0,0.0,0.0
1,1,1,0,,,,0.66205,0.0,0.0,0.0,0.0
1,2,1,0,,,,0.8364,0.0,0.0,0.0,0.0
1,3,1,0,,,,0.4617,0.0,0.0,0.0,0.0
1,4,1,0,,,,0.15393333,0.0,0.0,0.0,0.0
1,5,1,0,,,,0.2663,0.0,0.0,0.0,0.0
1,6,1,0,,,,0.15543333,0.0,0.0,0.0,0.0
1,7,1,0,,,,0.3783667,0.0,0.0,0.0,0.0
1,8,1,0,,,,0.5270333,0.0,0.0,0.0,0.0
1,9,1,0,,,,0.7537,0.0,0.0,0.0,0.0
1,10,1,0,,,,0.27663332,0.0,0.0,0.0,101.5
1,11,1,0,,,,0.1364,0.0,0.0,0.0,277.16
1,12,1,0,,,,0.15315,0.0,0.0,0.0,619.13
1,13,1,0,,,,0.21563333,0.0,0.0,0.0,701.3
1,14,1,0,,,,0.35005,0.0,0.0,0.0,141.79
1,15,1,0,,,,0.16815,0.0,0.0,0.0,421.17
1,16,1,0,,,,0.13841666,0.0,0.0,0.0,9.28
1,17,1,0,,,,0.30771667,0.0,0.0,0.0,0.0
1,18,1,0,,,,0.60041666,0.0,0.0,0.0,0.0
1,19,1,0,,,,0.5275667,0.0,0.0,0.0,0.0
1,20,1,0,,,,0.6538,0.0,0.0,0.0,0.0
1,21,1,0,,,,0.73698336,0.0,0.0,0.0,0.0
1,22,1,0,,,,0.47495,0.0,0.0,0.0,0.0
1,23,1,0,,,,0.5271,0.0,0.0,0.0,0.0
1,24,1,0,,,,0.454975,0.0,0.0,0.0,0.0
1,1,2,0,,,,0.87598336,0.0,0.0,0.0,0.0
1,2,2,0,,,,0.61585,0.0,0.0,0.0,0.0
1,3,2,0,,,,0.13486667,0.0,0.0,0.0,0.0
1,4,2,0,,,,0.14291666,0.0,0.0,0.0,0.0
1,5,2,0,,,,0.17538333,0.0,0.0,0.0,0.0
1,6,2,0,,,,0.24711667,0.0,0.0,0.0,0.0
1,7,2,0,,,,0.156,0.0,0.0,0.0,0.0
1,8,2,0,,,,0.1975,0.0,0.0,0.0,0.0
1,9,2,0,,,,0.31791666,0.0,0.0,0.0,0.0
1,10,2,0,,,,0.27785,0.0,0.0,0.0,64.7
1,11,2,0,,,,0.38826665,0.0,0.0,0.0,77.43
1,12,2,0,,,,0.34831667,0.0,0.0,0.0,43.93
1,13,2,0,,,,0.54613334,0.0,0.0,0.0,42.14
1,14,2,0,,,,0.23061667,0.0,0.0,0.0,135.88
1,15,2,0,,,,0.14853333,0.0,0.0,0.0,101.06
1,16,2,0,,,,0.1934,0.0,0.0,0.0,34.43
1,17,2,0,,,,0.1884,0.0,0.0,0.0,0.0
1,18,2,0,,,,0.26763332,0.0,0.0,0.0,0.0
1,19,2,0,,,,0.6731,0.0,0.0,0.0,0.0
1,20,2,0,,,,0.49738333,0.0,0.0,0.0,0.0
1,21,2,0,,,,0.43381667,0.0,0.0,0.0,0.0
1,22,2,0,,,,0.7834167,0.0,0.0,0.0,0.0
1,23,2,0,,,,0.2939,0.0,0.0,0.0,0.0
1,24,2,0,,,,0.1542,0.0,0.0,0.0,0.0
1,1,3,0,,,,0.15248333,0.0,0.0,0.0,0.0
1,2,3,0,,,,0.17211667,0.0,0.0,0.0,0.0
1,3,3,0,,,,0.13103333,0.0,0.0,0.0,0.0
1,4,3,0,,,,0.1463,0.0,0.0,0.0,0.0
1,5,3,0,,,,0.1455,0.0,0.0,0.0,0.0
1,6,3,0,,,,0.37086666,0.0,0.0,0.0,0.0
1,7,3,0,,,,0.0911,0.0,0.0,0.0,0.0
1,8,3,0,,,,0.13705,0.0,0.0,0.0,0.0
1,9,3,0,,,,0.18198334,0.0,0.0,0.0,0.0
1,10,3,0,,,,0.32161668,0.0,0.0,0.0,71.7
1,11,3,0,,,,0.74655,0.0,0.0,0.0,504.61
1,12,3,0,,,,0.7280667,0.0,0.0,0.0,224.15
1,13,3,0,,,,0.6803167,0.0,0.0,0.0,56.57
1,14,3,0,,,,0.7097,0.0,0.0,0.0,356.92
1,15,3,0,,,,0.35351667,0.0,0.0,0.0,483.29
1,16,3,0,,,,0.39486668,0.0,0.0,0.0,302.68
1,17,3,0,,,,0.44848335,0.0,0.0,0.0,0.0
1,18,3,0,,,,0.71026665,0.0,0.0,0.0,0.0
1,19,3,0,,,,0.9598333,0.0,0.0,0.0,0.0
1,20,3,0,,,,0.42645,0.0,0.0,0.0,0.0
1,21,3,0,,,,0.5492,0.0,0.0,0.0,0.0
1,22,3,0,,,,0.4629,0.0,0.0,0.0,0.0
1,23,3,0,,,,0.49666667,0.0,0.0,0.0,0.0
1,24,3,0,,,,0.487125,0.0,0.0,0.0,0.0
1,1,4,0,,,,0.23358333,0.0,0.0,0.0,0.0
1,2,4,0,,,,0.63325,0.0,0.0,0.0,0.0
1,3,4,0,,,,0.39995,0.0,0.0,0.0,0.0
1,4,4,0,,,,0.52963334,0.0,0.0,0.0,0.0
1,5,4,0,,,,0.5406833,0.0,0.0,0.0,0.0
1,6,4,0,,,,0.38331667,0.0,0.0,0.0,0.0
1,7,4,0,,,,0.26053333,0.0,0.0,0.0,0.0
1,8,4,0,,,,0.17431666,0.0,0.0,0.0,0.0
1,9,4,0,,,,0.40388334,0.0,0.0,0.0,0.0
1,10,4,0,,,,0.74733335,0.0,0.0,0.0,413.17
1,11,4,0,,,,0.7679833,0.0,0.0,0.0,374.31
1,12,4,0,,,,0.24043334,0.0,0.0,0.0,710.75
1,13,4,0,,,,0.2742,0.0,0.0,0.0,690.1
1,14,4,0,,,,0.32181665,0.0,0.0,0.0,698.67
1,15,4,0,,,,0.14158334,0.0,0.0,0.0,560.9
1,16,4,0,,,,0.34745,0.0,0.0,0.0,381.25
1,17,4,0,,,,0.40196666,0.0,0.0,0.0,0.0
1,18,4,0,,,,0.44701666,0.0,0.0,0.0,0.0
1,19,4,0,,,,0.4271,0.0,0.0,0.0,0.0
1,20,4,0,,,,0.8306,0.0,0.0,0.0,0.0
1,21,4,0,,,,0.86936665,0.0,0.0,0.0,0.0
1,22,4,0,,,,1.0100666,0.0,0.0,0.0,0.0
1,23,4,0,,,,0.89828336,0.0,0.0,0.0,0.0
1,24,4,0,,,,0.72814167,0.0,0.0,0.0,0.0
1,1,5,0,,,,0.3265,0.0,0.0,0.0,0.0
1,2,5,0,,,,0.18828334,0.0,0.0,0.0,0.0
1,3,5,0,,,,0.15213333,0.0,0.0,0.0,0.0
1,4,5,0,,,,0.14469445,0.0,0.0,0.0,0.0
1,5,5,0,,,,0.18720834,0.0,0.0,0.0,0.0
1,6,5,0,,,,0.58425,0.0,0.0,0.0,0.0
1,7,5,0,,,,0.26891667,0.0,0.0,0.0,0.0
1,8,5,0,,,,0.59611666,0.0,0.0,0.0,0.0
1,9,5,0,,,,0.3571,0.0,0.0,0.0,0.0
1,10,5,0,,,,0.56345,0.0,0.0,0.0,274.0
1,11,5,0,,,,0.8614,0.0,0.0,0.0,198.65
1,12,5,0,,,,1.2532166,0.0,0.0,0.0,615.58
1,13,5,0,,,,1.1879,0.0,0.0,0.0,663.01
1,14,5,0,,,,0.83725,0.0,0.0,0.0,640.14
1,15,5,0,,,,0.4412,0.0,0.0,0.0,250.89
1,16,5,0,,,,0.83858335,0.0,0.0,0.0,68.27
1,17,5,0,,,,0.42213333,0.0,0.0,0.0,0.0
1,18,5,0,,,,0.44105,0.0,0.0,0.0,0.0
1,19,5,0,,,,0.3876,0.0,0.0,0.0,0.0
1,20,5,0,,,,0.35171667,0.0,0.0,0.0,0.0
1,21,5,0,,,,0.3504,0.0,0.0,0.0,0.0
1,22,5,0,,,,0.50696665,0.0,0.0,0.0,0.0
1,23,5,0,,,,0.7794667,0.0,0.0,0.0,0.0
1,24,5,0,,,,0.62686664,0.0,0.0,0.0,0.0
1,1,6,0,,,,0.83855,0.0,0.0,0.0,0.0
1,2,6,0,,,,0.8625,0.0,0.0,0.0,0.0
1,3,6,0,,,,0.6376167,0.0,0.0,0.0,0.0
1,4,6,0,,,,0.1905,0.0,0.0,0.0,0.0
1,5,6,0,,,,0.2624,0.0,0.0,0.0,0.0
1,6,6,0,,,,0.30168334,0.0,0.0,0.0,0.0
1,7,6,0,,,,0.34816667,0.0,0.0,0.0,0.0
1,8,6,0,,,,0.4006,0.0,0.0,0.0,0.0
1,9,6,0,,,,0.73301667,0.0,0.0,0.0,0.0
1,10,6,0,,,,0.5337833,0.0,0.0,0.0,67.6
1,11,6,0,,,,0.54485,0.0,0.0,0.0,58.83
1,12,6,0,,,,0.5570167,0.0,0.0,0.0,100.11
1,13,6,0,,,,0.4972,0.0,0.0,0.0,23.72
1,14,6,0,,,,3.1427333,0.0,0.0,0.0,40.17
1,15,6,0,,,,2.2627833,0.0,0.0,0.0,147.87
1,16,6,0,,,,0.78655,0.0,0.0,0.0,32.58
1,17,6,0,,,,0.5445333,0.0,0.0,0.0,0.0
1,18,6,0,,,,0.84165,0.0,0.0,0.0,0.0
1,19,6,0,,,,1.2342167,0.0,0.0,0.0,0.0
1,20,6,0,,,,1.2242833,0.0,0.0,0.0,0.0
1,21,6,0,,,,0.98726666,0.0,0.0,0.0,0.0
1,22,6,0,,,,0.90611666,0.0,0.0,0.0,0.0
1,23,6,0,,,,0.6216,0.0,0.0,0.0,0.0
1,24,6,0,,,,0.6025917,0.0,0.0,0.0,0.0
1,1,7,0,,,,0.66723335,0.0,0.0,0.0,0.0
1,2,7,0,,,,0.74261665,0.0,0.0,0.0,0.0
1,3,7,0,,,,0.75263333,0.0,0.0,0.0,0.0
1,4,7,0,,,,0.64271665,0.0,0.0,0.0,0.0
1,5,7,0,,,,0.8236,0.0,0.0,0.0,0.0
1,6,7,0,,,,0.8347833,0.0,0.0,0.0,0.0
1,7,7,0,,,,0.51191664,0.0,0.0,0.0,0.0
1,8,7,0,,,,0.43148333,0.0,0.0,0.0,0.0
1,9,7,0,,,,0.41196668,0.0,0.0,0.0,1.38
1,10,7,0,,,,0.42201668,0.0,0.0,0.0,396.81
1,11,7,0,,,,0.44201666,0.0,0.0,0.0,350.44
1,12,7,0,,,,0.45718333,0.0,0.0,0.0,121.07
1,13,7,0,,,,0.6821333,0.0,0.0,0.0,91.5
1,14,7,0,,,,0.69845,0.0,0.0,0.0,61.21
1,15,7,0,,,,0.7560167,0.0,0.0,0.0,19.4
1,16,7,0,,,,0.75168335,0.0,0.0,0.0,15.04
1,17,7,0,,,,0.73071665,0.0,0.0,0.0,0.0
1,18,7,0,,,,0.74623334,0.0,0.0,0.0,0.0
1,19,7,0,,,,0.7485667,0.0,0.0,0.0,0.0
1,20,7,0,,,,0.8685,0.0,0.0,0.0,0.0
1,21,7,0,,,,1.2122834,0.0,0.0,0.0,0.0
1,22,7,0,,,,1.0417833,0.0,0.0,0.0,0.0
1,23,7,0,,,,1.7953334,0.0,0.0,0.0,0.0
1,24,7,0,,,,0.8495167,0.0,0.0,0.0,0.0
1,1,1,0,,,,0.7080167,0.0,0.0,0.0,0.0
1,2,1,0,,,,0.48165,0.0,0.0,0.0,0.0
1,3,1,0,,,,0.38528332,0.0,0.0,0.0,0.0
1,4,1,0,,,,0.20385,0.0,0.0,0.0,0.0
1,5,1,0,,,,0.14481667,0.0,0.0,0.0,0.0
1,6,1,0,,,,0.122033335,0.0,0.0,0.0,0.0
1,7,1,0,,,,0.10913333,0.0,0.0,0.0,0.0
1,8,1,0,,,,0.17611666,0.0,0.0,0.0,0.0
1,9,1,0,,,,0.15476666,0.0,0.0,0.0,8.17
1,10,1,0,,,,0.27458334,0.0,0.0,0.0,19.76
1,11,1,0,,,,0.58101666,0.0,0.0,0.0,44.49
1,12,1,0,,,,0.6429333,0.0,0.0,0.0,36.21
1,13,1,0,,,,0.38818333,0.0,0.0,0.0,36.16
1,14,1,0,,,,0.50296664,0.0,0.0,0.0,61.1
1,15,1,0,,,,0.40844166,0.0,0.0,0.0,51.76
1,16,1,0,,,,0.436,0.0,0.0,0.0,21.13
1,17,1,0,,,,0.45943335,0.0,0.0,0.0,0.0
1,18,1,0,,,,0.61446667,0.0,0.0,0.0,0.0
1,19,1,0,,,,0.67725,0.0,0.0,0.0,0.0
1,20,1,0,,,,0.3812,0.0,0.0,0.0,0.0
1,21,1,0,,,,1.8889,0.0,0.0,0.0,0.0
1,22,1,0,,,,4.019417,0.0,0.0,0.0,0.0
1,23,1,0,,,,3.9987416,0.0,0.0,0.0,0.0
1,24,1,0,,,,2.4138916,0.0,0.0,0.0,0.0
1,1,2,0,,,,0.9241667,0.0,0.0,0.0,0.0
1,2,2,0,,,,0.38685,0.0,0.0,0.0,0.0
1,3,2,0,,,,0.26476666,0.0,0.0,0.0,0.0
1,4,2,0,,,,0.2379,0.0,0.0,0.0,0.0
1,5,2,0,,,,0.25508332,0.0,0.0,0.0,0.0
1,6,2,0,,,,0.237325,0.0,0.0,0.0,0.0
1,7,2,0,,,,0.118991666,0.0,0.0,0.0,0.0
1,8,2,0,,,,0.22358334,0.0,0.0,0.0,0.0
1,9,2,0,,,,0.23356667,0.0,0.0,0.0,1.33
1,10,2,0,,,,0.60216665,0.0,0.0,0.0,109.9
1,11,2,0,,,,0.54685,0.0,0.0,0.0,97.83
1,12,2,0,,,,0.7475167,0.0,0.0,0.0,464.98
1,13,2,0,,,,2.6495,0.0,0.0,0.0,471.17
1,14,2,0,,,,0.6378667,0.0,0.0,0.0,377.85
1,15,2,0,,,,0.97583336,0.0,0.0,0.0,322.88
1,16,2,0,,,,2.9746332,0.0,0.0,0.0,323.93
1,17,2,0,,,,2.94995,0.0,0.0,0.0,0.0
1,18,2,0,,,,3.0890167,0.0,0.0,0.0,0.0
1,19,2,0,,,,3.1311166,0.0,0.0,0.0,0.0
1,20,2,0,,,,2.94225,0.0,0.0,0.0,0.0
1,21,2,0,,,,3.00665,0.0,0.0,0.0,0.0
1,22,2,0,,,,2.73955,0.0,0.0,0.0,0.0
1,23,2,0,,,,2.7341166,0.0,0.0,0.0,0.0
1,24,2,0,,,,2.781375,0.0,0.0,0.0,0.0
1,1,3,0,,,,2.76195,0.0,0.0,0.0,0.0
1,2,3,0,,,,2.7048,0.0,0.0,0.0,0.0
1,3,3,0,,,,2.7344334,0.0,0.0,0.0,0.0
1,4,3,0,,,,2.8520334,0.0,0.0,0.0,0.0
1,5,3,0,,,,3.3518834,0.0,0.0,0.0,0.0
1,6,3,0,,,,3.4260166,0.0,0.0,0.0,0.0
1,7,3,0,,,,3.143,0.0,0.0,0.0,0.0
1,8,3,0,,,,3.0110834,0.0,0.0,0.0,0.0
1,9,3,0,,,,2.8093333,0.0,0.0,0.0,1.39
1,10,3,0,,,,2.85225,0.0,0.0,0.0,234.76
1,11,3,0,,,,2.8567333,0.0,0.0,0.0,146.35
1,12,3,0,,,,2.8728833,0.0,0.0,0.0,444.77
1,13,3,0,,,,3.0518167,0.0,0.0,0.0,394.1
1,14,3,0,,,,3.3272166,0.0,0.0,0.0,398.25
1,15,3,0,,,,3.36675,0.0,0.0,0.0,151.15
1,16,3,0,,,,2.9764333,0.0,0.0,0.0,18.32
1,17,3,0,,,,2.9577334,0.0,0.0,0.0,0.0
1,18,3,0,,,,3.09405,0.0,0.0,0.0,0.0
1,19,3,0,,,,3.19885,0.0,0.0,0.0,0.0
1,20,3,0,,,,3.21215,0.0,0.0,0.0,0.0
1,21,3,0,,,,3.2175667,0.0,0.0,0.0,0.0
1,22,3,0,,,,2.97805,0.0,0.0,0.0,0.0
1,23,3,0,,,,2.9719167,0.0,0.0,0.0,0.0
1,24,3,0,,,,2.9225583,0.0,0.0,0.0,0.0
1,1,4,0,,,,2.8887,0.0,0.0,0.0,0.0
1,2,4,0,,,,2.8531168,0.0,0.0,0.0,0.0
1,3,4,0,,,,2.9723833,0.0,0.0,0.0,0.0
1,4,4,0,,,,2.8650334,0.0,0.0,0.0,0.0
1,5,4,0,,,,2.8732834,0.0,0.0,0.0,0.0
1,6,4,0,,,,2.8996334,0.0,0.0,0.0,0.0
1,7,4,0,,,,3.2563167,0.0,0.0,0.0,0.0
1,8,4,0,,,,3.4101,0.0,0.0,0.0,0.0
1,9,4,0,,,,3.5012333,0.0,0.0,0.0,1.81
1,10,4,0,,,,3.36435,0.0,0.0,0.0,26.57
1,11,4,0,,,,3.05655,0.0,0.0,0.0,50.81
1,12,4,0,,,,3.2904167,0.0,0.0,0.0,110.27
1,13,4,0,,,,3.2764332,0.0,0.0,0.0,42.26
1,14,4,0,,,,2.9855332,0.0,0.0,0.0,38.14
1,15,4,0,,,,3.1771584,0.0,0.0,0.0,24.69
1,16,4,0,,,,3.2077334,0.0,0.0,0.0,391.74
1,17,4,0,,,,3.18595,0.0,0.0,0.0,0.0
1,18,4,0,,,,2.64085,0.0,0.0,0.0,0.0
1,19,4,0,,,,2.7234,0.0,0.0,0.0,0.0
1,20,4,0,,,,2.6452,0.0,0.0,0.0,0.0
1,21,4,0,,,,3.3043833,0.0,0.0,0.0,0.0
1,22,4,0,,,,3.3938832,0.0,0.0,0.0,0.0
1,23,4,0,,,,0.62341666,0.0,0.0,0.0,0.0
1,24,4,0,,,,0.20846666,0.0,0.0,0.0,0.0
1,1,5,0,,,,0.1731,0.0,0.0,0.0,0.0
1,2,5,0,,,,0.18905,0.0,0.0,0.0,0.0
1,3,5,0,,,,0.17133333,0.0,0.0,0.0,0.0
1,4,5,0,,,,0.17035,0.0,0.0,0.0,0.0
1,5,5,0,,,,0.17013334,0.0,0.0,0.0,0.0
1,6,5,0,,,,0.16798334,0.0,0.0,0.0,0.0
1,7,5,0,,,,0.15945,0.0,0.0,0.0,0.0
1,8,5,0,,,,0.16018334,0.0,0.0,0.0,0.0
1,9,5,0,,,,0.18608333,0.0,0.0,0.0,21.45
1,10,5,0,,,,0.244425,0.0,0.0,0.0,166.3
1,11,5,0,,,,0.58488333,0.0,0.0,0.0,182.8
1,12,5,0,,,,0.26166666,0.0,0.0,0.0,382.87
1,13,5,0,,,,0.39755,0.0,0.0,0.0,456.8
1,14,5,0,,,,0.41873333,0.0,0.0,0.0,54.25
1,15,5,0,,,,0.43055,0.0,0.0,0.0,21.14
1,16,5,0,,,,0.41356668,0.0,0.0,0.0,13.08
1,17,5,0,,,,0.47898334,0.0,0.0,0.0,0.0
1,18,5,0,,,,1.0928667,0.0,0.0,0.0,0.0
1,19,5,0,,,,0.8483833,0.0,0.0,0.0,0.0
1,20,5,0,,,,0.48893332,0.0,0.0,0.0,0.0
1,21,5,0,,,,0.45548335,0.0,0.0,0.0,0.0
1,22,5,0,,,,0.46158335,0.0,0.0,0.0,0.0
1,23,5,0,,,,0.5212,0.0,0.0,0.0,0.0
1,24,5,0,,,,1.0303167,0.0,0.0,0.0,0.0
1,1,6,0,,,,0.86076665,0.0,0.0,0.0,0.0
1,2,6,0,,,,0.6210667,0.0,0.0,0.0,0.0
1,3,6,0,,,,0.51663333,0.0,0.0,0.0,0.0
1,4,6,0,,,,0.40921667,0.0,0.0,0.0,0.0
1,5,6,0,,,,0.18565,0.0,0.0,0.0,0.0
1,6,6,0,,,,0.1784,0.0,0.0,0.0,0.0
1,7,6,0,,,,0.14536667,0.0,0.0,0.0,0.0
1,8,6,0,,,,0.1829,0.0,0.0,0.0,0.0
1,9,6,0,,,,0.17616667,0.0,0.0,0.0,4.03
1,10,6,0,,,,0.16433333,0.0,0.0,0.0,138.05
1,11,6,0,,,,0.14506666,0.0,0.0,0.0,34.01
1,12,6,0,,,,0.16306667,0.0,0.0,0.0,90.82
1,13,6,0,,,,0.32316667,0.0,0.0,0.0,104.27
1,14,6,0,,,,0.43765,0.0,0.0,0.0,75.24
1,15,6,0,,,,0.52561665,0.0,0.0,0.0,45.53
1,16,6,0,,,,0.7194333,0.0,0.0,0.0,3.89
1,17,6,0,,,,0.5545667,0.0,0.0,0.0,0.0
1,18,6,0,,,,0.42784166,0.0,0.0,0.0,0.0
1,19,6,0,,,,0.23315,0.0,0.0,0.0,0.0
1,20,6,0,,,,0.5235,0.0,0.0,0.0,0.0
1,21,6,0,,,,0.44691667,0.0,0.0,0.0,0.0
1,22,6,0,,,,0.49413332,0.0,0.0,0.0,0.0
1,23,6,0,,,,0.5139833,0.0,0.0,0.0,0.0
1,24,6,0,,,,0.48063335,0.0,0.0,0.0,0.0
1,1,7,0,,,,0.48348334,0.0,0.0,0.0,0.0
1,2,7,0,,,,0.48523334,0.0,0.0,0.0,0.0
1,3,7,0,,,,0.49655,0.0,0.0,0.0,0.0
1,4,7,0,,,,0.21068333,0.0,0.0,0.0,0.0
1,5,7,0,,,,0.21053334,0.0,0.0,0.0,0.0
1,6,7,0,,,,0.17806667,0.0,0.0,0.0,0.0
1,7,7,0,,,,0.17256667,0.0,0.0,0.0,0.0
1,8,7,0,,,,0.17988333,0.0,0.0,0.0,0.0
1,9,7,0,,,,0.18621667,0.0,0.0,0.0,0.0
1,10,7,0,,,,0.3516,0.0,0.0,0.0,82.26
1,11,7,0,,,,0.1659,0.0,0.0,0.0,56.86
1,12,7,0,,,,0.53571665,0.0,0.0,0.0,90.62
1,13,7,0,,,,0.5029333,0.0,0.0,0.0,44.59
1,14,7,0,,,,0.19878334,0.0,0.0,0.0,29.75
1,15,7,0,,,,0.2045,0.0,0.0,0.0,9.07
1,16,7,0,,,,0.15156667,0.0,0.0,0.0,11.03
1,17,7,0,,,,0.16138333,0.0,0.0,0.0,0.0
1,18,7,0,,,,0.2161,0.0,0.0,0.0,0.0
1,19,7,0,,,,0.28376666,0.0,0.0,0.0,0.0
1,20,7,0,,,,0.46231666,0.0,0.0,0.0,0.0
1,21,7,0,,,,0.46486667,0.0,0.0,0.0,0.0
1,22,7,0,,,,0.50795,0.0,0.0,0.0,0.0
1,23,7,0,,,,0.5217,0.0,0.0,0.0,0.0
1,24,7,0,,,,0.8670083,0.0,0.0,0.0,0.0
1,1,1,0,,,,0.8149167,0.0,0.0,0.0,0.0
1,2,1,0,,,,0.44895,0.0,0.0,0.0,0.0
1,3,1,0,,,,0.22031666,0.0,0.0,0.0,0.0
1,4,1,0,,,,0.20948334,0.0,0.0,0.0,0.0
1,5,1,0,,,,0.17778334,0.0,0.0,0.0,0.0
1,6,1,0,,,,0.19355,0.0,0.0,0.0,0.0
1,7,1,0,,,,0.1676,0.0,0.0,0.0,0.0
1,8,1,0,,,,0.18036667,0.0,0.0,0.0,0.0
1,9,1,0,,,,0.1633,0.0,0.0,0.0,1.68
1,10,1,0,,,,0.1962,0.0,0.0,0.0,18.75
1,11,1,0,,,,0.14466667,0.0,0.0,0.0,30.64
1,12,1,0,,,,0.1609,0.0,0.0,0.0,42.3
1,13,1,0,,,,0.34710833,0.0,0.0,0.0,33.65
1,14,1,0,,,,0.46533334,0.0,0.0,0.0,32.03
1,15,1,0,,,,0.63841665,0.0,0.0,0.0,23.7
1,16,1,0,,,,0.38343334,0.0,0.0,0.0,12.99
1,17,1,0,,,,0.46806666,0.0,0.0,0.0,0.0
1,18,1,0,,,,0.47651944,0.0,0.0,0.0,0.0
1,19,1,0,,,,0.4894,0.0,0.0,0.0,0.0
1,20,1,0,,,,0.5581667,0.0,0.0,0.0,0.0
1,21,1,0,,,,0.5402167,0.0,0.0,0.0,0.0
1,22,1,0,,,,0.55511665,0.0,0.0,0.0,0.0
1,23,1,0,,,,0.7765667,0.0,0.0,0.0,0.0
1,24,1,0,,,,0.535475,0.0,0.0,0.0,0.0
1,1,2,0,,,,0.5021167,0.0,0.0,0.0,0.0
1,2,2,0,,,,0.2234,0.0,0.0,0.0,0.0
1,3,2,0,,,,0.21878333,0.0,0.0,0.0,0.0
1,4,2,0,,,,0.2351,0.0,0.0,0.0,0.0
1,5,2,0,,,,0.21881667,0.0,0.0,0.0,0.0
1,6,2,0,,,,0.21588333,0.0,0.0,0.0,0.0
1,7,2,0,,,,0.10906668,0.0,0.0,0.0,0.0
1,8,2,0,,,,0.21853334,0.0,0.0,0.0,0.0
1,9,2,0,,,,0.20936666,0.0,0.0,0.0,1.69
1,10,2,0,,,,0.27408335,0.0,0.0,0.0,109.99
1,11,2,0,,,,0.16243333,0.0,0.0,0.0,53.77
1,12,2,0,,,,0.39046666,0.0,0.0,0.0,66.03
1,13,2,0,,,,0.59096664,0.0,0.0,0.0,70.07
1,14,2,0,,,,0.4452,0.0,0.0,0.0,29.16
1,15,2,0,,,,0.20355,0.0,0.0,0.0,81.21
1,16,2,0,,,,0.19765,0.0,0.0,0.0,83.27
1,17,2,0,,,,0.27985,0.0,0.0,0.0,0.0
1,18,2,0,,,,0.35723335,0.0,0.0,0.0,0.0
1,19,2,0,,,,0.48468333,0.0,0.0,0.0,0.0
1,20,2,0,,,,0.4653,0.0,0.0,0.0,0.0
1,21,2,0,,,,0.25538334,0.0,0.0,0.0,0.0
1,22,2,0,,,,0.17705,0.0,0.0,0.0,0.0
1,23,2,0,,,,0.19758889,0.0,0.0,0.0,0.0
1,24,2,0,,,,0.29158333,0.0,0.0,0.0,0.0
2,1,3,0,,,,0.19053334,0.0,0.0,0.0,0.0
2,2,3,0,,,,0.15926667,0.0,0.0,0.0,0.0
2,3,3,0,,,,0.1649,0.0,0.0,0.0,0.0
2,4,3,0,,,,0.19971667,0.0,0.0,0.0,0.0
2,5,3,0,,,,0.16501667,0.0,0.0,0.0,0.0
2,6,3,0,,,,0.17591667,0.0,0.0,0.0,0.0
2,7,3,0,,,,0.38788334,0.0,0.0,0.0,0.0
2,8,3,0,,,,0.63123333,0.0,0.0,0.0,0.0
2,9,3,0,,,,0.57121664,0.0,0.0,0.0,59.85
2,10,3,0,,,,0.54955,0.0,0.0,0.0,98.85
2,11,3,0,,,,0.63386667,0.0,0.0,0.0,55.87
2,12,3,0,,,,0.7081,0.0,0.0,0.0,81.03
2,13,3,0,,,,0.30643332,0.0,0.0,0.0,69.49
2,14,3,0,,,,0.40153334,0.0,0.0,0.0,57.98
2,15,3,0,,,,0.19863333,0.0,0.0,0.0,68.57
2,16,3,0,,,,0.17473334,0.0,0.0,0.0,9.07
2,17,3,0,,,,0.1765,0.0,0.0,0.0,0.23
2,18,3,0,,,,0.47526667,0.0,0.0,0.0,0.0
2,19,3,0,,,,0.47873333,0.0,0.0,0.0,0.0
2,20,3,0,,,,0.45986667,0.0,0.0,0.0,0.0
2,21,3,0,,,,0.47213334,0.0,0.0,0.0,0.0
2,22,3,0,,,,0.51685,0.0,0.0,0.0,0.0
2,23,3,0,,,,0.5767,0.0,0.0,0.0,0.0
2,24,3,0,,,,0.5467833,0.0,0.0,0.0,0.0
2,1,4,0,,,,0.24368334,0.0,0.0,0.0,0.0
2,2,4,0,,,,0.16068333,0.0,0.0,0.0,0.0
2,3,4,0,,,,0.20345,0.0,0.0,0.0,0.0
2,4,4,0,,,,0.16416667,0.0,0.0,0.0,0.0
2,5,4,0,,,,0.17018333,0.0,0.0,0.0,0.0
2,6,4,0,,,,0.19578333,0.0,0.0,0.0,0.0
2,7,4,0,,,,0.5204167,0.0,0.0,0.0,0.0
2,8,4,0,,,,0.45446667,0.0,0.0,0.0,0.0
2,9,4,0,,,,0.26276666,0.0,0.0,0.0,64.34
2,10,4,0,,,,0.26616666,0.0,0.0,0.0,16.61
2,11,4,0,,,,0.25206667,0.0,0.0,0.0,29.11
2,12,4,0,,,,0.6831167,0.0,0.0,0.0,63.22
2,13,4,0,,,,0.28938332,0.0,0.0,0.0,58.24
2,14,4,0,,,,0.26725,0.0,0.0,0.0,44.56
2,15,4,0,,,,0.23961666,0.0,0.0,0.0,139.17
2,16,4,0,,,,0.15778333,0.0,0.0,0.0,11.03
2,17,4,0,,,,0.15813333,0.0,0.0,0.0,0.59
2,18,4,0,,,,0.28628334,0.0,0.0,0.0,0.0
2,19,4,0,,,,0.42585,0.0,0.0,0.0,0.0
2,20,4,0,,,,0.45541668,0.0,0.0,0.0,0.0
2,21,4,0,,,,0.47346666,0.0,0.0,0.0,0.0
2,22,4,0,,,,0.71515,0.0,0.0,0.0,0.0
2,23,4,0,,,,0.9404,0.0,0.0,0.0,0.0
2,24,4,0,,,,0.5299889,0.0,0.0,0.0,0.0
2,1,5,0,,,,0.45648333,0.0,0.0,0.0,0.0
2,2,5,0,,,,0.26085,0.0,0.0,0.0,0.0
2,3,5,0,,,,0.17516667,0.0,0.0,0.0,0.0
2,4,5,0,,,,0.19691667,0.0,0.0,0.0,0.0
2,5,5,0,,,,0.1528,0.0,0.0,0.0,0.0
2,6,5,0,,,,0.16805,0.0,0.0,0.0,0.0
2,7,5,0,,,,0.17795,0.0,0.0,0.0,0.0
2,8,5,0,,,,1.2913834,0.0,0.0,0.0,0.0
2,9,5,0,,,,2.9786832,0.0,0.0,0.0,0.0
2,10,5,0,,,,2.74805,0.0,0.0,0.0,84.15
2,11,5,0,,,,3.08885,0.0,0.0,0.0,75.63
2,12,5,0,,,,1.6941667,0.0,0.0,0.0,94.34
2,13,5,0,,,,2.4470832,0.0,0.0,0.0,69.51
2,14,5,0,,,,2.0056334,0.0,0.0,0.0,35.01
2,15,5,0,,,,2.0416,0.0,0.0,0.0,10.32
2,16,5,0,,,,1.1860666,0.0,0.0,0.0,7.15
2,17,5,0,,,,1.38725,0.0,0.0,0.0,1.19
2,18,5,0,,,,1.2461833,0.0,0.0,0.0,0.0
2,19,5,0,,,,1.2513666,0.0,0.0,0.0,0.0
2,20,5,0,,,,1.0257334,0.0,0.0,0.0,0.0
2,21,5,0,,,,1.3931667,0.0,0.0,0.0,0.0
2,22,5,0,,,,1.34035,0.0,0.0,0.0,0.0
2,23,5,0,,,,1.11445,0.0,0.0,0.0,0.0
2,24,5,0,,,,1.5969083,0.0,0.0,0.0,0.0
2,1,6,0,,,,1.299,0.0,0.0,0.0,0.0
2,2,6,0,,,,1.7702334,0.0,0.0,0.0,0.0
2,3,6,0,,,,1.39065,0.0,0.0,0.0,0.0
2,4,6,0,,,,1.4674166,0.0,0.0,0.0,0.0
2,5,6,0,,,,1.29995,0.0,0.0,0.0,0.0
2,6,6,0,,,,1.3308166,0.0,0.0,0.0,0.0
2,7,6,0,,,,1.2356666,0.0,0.0,0.0,0.0
2,8,6,0,,,,1.13435,0.0,0.0,0.0,0.0
2,9,6,0,,,,1.56885,0.0,0.0,0.0,1.2
2,10,6,0,,,,1.1438333,0.0,0.0,0.0,27.35
2,11,6,0,,,,0.9151833,0.0,0.0,0.0,46.62
2,12,6,0,,,,0.9503,0.0,0.0,0.0,75.56
2,13,6,0,,,,1.1067667,0.0,0.0,0.0,101.32
2,14,6,0,,,,0.67698336,0.0,0.0,0.0,88.22
2,15,6,0,,,,1.2749166,0.0,0.0,0.0,72.0
2,16,6,0,,,,1.1943166,0.0,0.0,0.0,342.45
2,17,6,0,,,,1.08155,0.0,0.0,0.0,0.37
2,18,6,0,,,,0.72928333,0.0,0.0,0.0,0.0
2,19,6,0,,,,0.89665,0.0,0.0,0.0,0.0
2,20,6,0,,,,0.9913667,0.0,0.0,0.0,0.0
2,21,6,0,,,,1.2397667,0.0,0.0,0.0,0.0
2,22,6,0,,,,1.2192333,0.0,0.0,0.0,0.0
2,23,6,0,,,,1.3513666,0.0,0.0,0.0,0.0
2,24,6,0,,,,1.2527333,0.0,0.0,0.0,0.0
2,1,7,0,,,,1.45905,0.0,0.0,0.0,0.0
2,2,7,0,,,,1.5677,0.0,0.0,0.0,0.0
2,3,7,0,,,,1.5168333,0.0,0.0,0.0,0.0
2,4,7,0,,,,1.1739167,0.0,0.0,0.0,0.0
2,5,7,0,,,,1.3199834,0.0,0.0,0.0,0.0
2,6,7,0,,,,1.4451833,0.0,0.0,0.0,0.0
2,7,7,0,,,,1.4735667,0.0,0.0,0.0,0.0
2,8,7,0,,,,1.3050833,0.0,0.0,0.0,0.0
2,9,7,0,,,,0.9618667,0.0,0.0,0.0,0.39
2,10,7,0,,,,1.4911667,0.0,0.0,0.0,148.92
2,11,7,0,,,,1.3535334,0.0,0.0,0.0,43.41
2,12,7,0,,,,1.2164667,0.0,0.0,0.0,19.59
2,13,7,0,,,,1.7508833,0.0,0.0,0.0,76.82
2,14,7,0,,,,0.99306667,0.0,0.0,0.0,89.94
2,15,7,0,,,,0.95236665,0.0,0.0,0.0,105.32
2,16,7,0,,,,1.2365834,0.0,0.0,0.0,23.99
2,17,7,0,,,,1.2391666,0.0,0.0,0.0,1.23
2,18,7,0,,,,1.5335833,0.0,0.0,0.0,0.0
2,19,7,0,,,,2.0633833,0.0,0.0,0.0,0.0
2,20,7,0,,,,1.0040667,0.0,0.0,0.0,0.0
2,21,7,0,,,,0.92948335,0.0,0.0,0.0,0.0
2,22,7,0,,,,1.3906667,0.0,0.0,0.0,0.0
2,23,7,0,,,,1.4989,0.0,0.0,0.0,0.0
2,24,7,0,,,,1.3237333,0.0,0.0,0.0,0.0
2,1,1,0,,,,1.4743667,0.0,0.0,0.0,0.0
2,2,1,0,,,,1.2346333,0.0,0.0,0.0,0.0
2,3,1,0,,,,1.1235334,0.0,0.0,0.0,0.0
2,4,1,0,,,,1.2276167,0.0,0.0,0.0,0.0
2,5,1,0,,,,1.3742666,0.0,0.0,0.0,0.0
2,6,1,0,,,,1.4893167,0.0,0.0,0.0,0.0
2,7,1,0,,,,1.66525,0.0,0.0,0.0,0.0
2,8,1,0,,,,1.6787666,0.0,0.0,0.0,0.0
2,9,1,0,,,,2.3670332,0.0,0.0,0.0,0.03
2,10,1,0,,,,2.64375,0.0,0.0,0.0,106.05
2,11,1,0,,,,0.9033833,0.0,0.0,0.0,57.93
2,12,1,0,,,,2.00185,0.0,0.0,0.0,67.77
2,13,1,0,,,,0.39831668,0.0,0.0,0.0,45.73
2,14,1,0,,,,2.75555,0.0,0.0,0.0,99.08
2,15,1,0,,,,1.5126166,0.0,0.0,0.0,78.16
2,16,1,0,,,,0.22625,0.0,0.0,0.0,132.85
2,17,1,0,,,,0.75636667,0.0,0.0,0.0,174.49
2,18,1,0,,,,1.5695,0.0,0.0,0.0,0.0
2,19,1,0,,,,0.80838335,0.0,0.0,0.0,0.0
2,20,1,0,,,,1.9437,0.0,0.0,0.0,0.0
2,21,1,0,,,,1.5794,0.0,0.0,0.0,0.0
2,22,1,0,,,,0.877,0.0,0.0,0.0,0.0
2,23,1,0,,,,1.9232167,0.0,0.0,0.0,0.0
2,24,1,0,,,,0.8765333,0.0,0.0,0.0,0.0
2,1,2,0,,,,2.2449667,0.0,0.0,0.0,0.0
2,2,2,0,,,,1.3942833,0.0,0.0,0.0,0.0
2,3,2,0,,,,0.19215,0.0,0.0,0.0,0.0
2,4,2,0,,,,1.08985,0.0,0.0,0.0,0.0
2,5,2,0,,,,1.1285833,0.0,0.0,0.0,0.0
2,6,2,0,,,,0.76278335,0.0,0.0,0.0,0.0
2,7,2,0,,,,1.1189333,0.0,0.0,0.0,0.0
2,8,2,0,,,,1.1903167,0.0,0.0,0.0,0.0
2,9,2,0,,,,1.5860167,0.0,0.0,0.0,181.09
2,10,2,0,,,,0.6573333,0.0,0.0,0.0,426.47
2,11,2,0,,,,1.8389833,0.0,0.0,0.0,366.77
2,12,2,0,,,,1.2443,0.0,0.0,0.0,429.1
2,13,2,0,,,,0.58918333,0.0,0.0,0.0,476.19
2,14,2,0,,,,0.5499,0.0,0.0,0.0,130.77
2,15,2,0,,,,1.7695833,0.0,0.0,0.0,524.81
2,16,2,0,,,,0.5847,0.0,0.0,0.0,445.11
2,17,2,0,,,,1.1647333,0.0,0.0,0.0,165.29
2,18,2,0,,,,0.70323336,0.0,0.0,0.0,0.0
2,19,2,0,,,,0.91688335,0.0,0.0,0.0,0.0
2,20,2,0,,,,1.3597,0.0,0.0,0.0,0.0
2,21,2,0,,,,0.55036664,0.0,0.0,0.0,0.0
2,22,2,0,,,,1.8006667,0.0,0.0,0.0,0.0
2,23,2,0,,,,0.78206664,0.0,0.0,0.0,0.0
2,24,2,0,,,,1.338375,0.0,0.0,0.0,0.0
2,1,3,0,,,,1.6994333,0.0,0.0,0.0,0.0
2,2,3,0,,,,0.27535,0.0,0.0,0.0,0.0
2,3,3,0,,,,0.72715,0.0,0.0,0.0,0.0
2,4,3,0,,,,1.6379833,0.0,0.0,0.0,0.0
2,5,3,0,,,,1.51565,0.0,0.0,0.0,0.0
2,6,3,0,,,,0.33548334,0.0,0.0,0.0,0.0
2,7,3,0,,,,1.3938167,0.0,0.0,0.0,0.0
2,8,3,0,,,,2.66315,0.0,0.0,0.0,0.0
2,9,3,0,,,,0.26823333,0.0,0.0,0.0,205.7
2,10,3,0,,,,0.22998333,0.0,0.0,0.0,441.71
2,11,3,0,,,,0.2577,0.0,0.0,0.0,147.21
2,12,3,0,,,,0.5431167,0.0,0.0,0.0,150.23
2,13,3,0,,,,0.9080667,0.0,0.0,0.0,103.25
2,14,3,0,,,,1.0571834,0.0,0.0,0.0,60.63
2,15,3,0,,,,0.28783333,0.0,0.0,0.0,27.87
2,16,3,0,,,,0.33043334,0.0,0.0,0.0,22.6
2,17,3,0,,,,0.39261666,0.0,0.0,0.0,3.78
2,18,3,0,,,,0.5984667,0.0,0.0,0.0,0.0
2,19,3,0,,,,0.47661668,0.0,0.0,0.0,0.0
2,20,3,0,,,,1.5166667,0.0,0.0,0.0,0.0
2,21,3,0,,,,0.37781668,0.0,0.0,0.0,0.0
2,22,3,0,,,,0.68725,0.0,0.0,0.0,0.0
2,23,3,0,,,,1.2489667,0.0,0.0,0.0,0.0
2,24,3,0,,,,1.718825,0.0,0.0,0.0,0.0
2,1,4,0,,,,0.5243833,0.0,0.0,0.0,0.0
2,2,4,0,,,,0.75838333,0.0,0.0,0.0,0.0
2,3,4,0,,,,0.6382833,0.0,0.0,0.0,0.0
2,4,4,0,,,,1.3058,0.0,0.0,0.0,0.0
2,5,4,0,,,,1.5189,0.0,0.0,0.0,0.0
2,6,4,0,,,,0.53311664,0.0,0.0,0.0,0.0
2,7,4,0,,,,1.0816166,0.0,0.0,0.0,0.0
2,8,4,0,,,,0.21306667,0.0,0.0,0.0,0.0
2,9,4,0,,,,1.1172667,0.0,0.0,0.0,33.44
2,10,4,0,,,,0.89865,0.0,0.0,0.0,107.82
2,11,4,0,,,,0.15353334,0.0,0.0,0.0,92.35
2,12,4,0,,,,0.13255,0.0,0.0,0.0,147.12
2,13,4,0,,,,0.14793333,0.0,0.0,0.0,92.05
2,14,4,0,,,,0.13915,0.0,0.0,0.0,80.09
2,15,4,0,,,,0.13203333,0.0,0.0,0.0,45.39
2,16,4,0,,,,0.15175,0.0,0.0,0.0,28.79
2,17,4,0,,,,0.3506,0.0,0.0,0.0,8.0
2,18,4,0,,,,0.48563334,0.0,0.0,0.0,0.0
2,19,4,0,,,,0.56708336,0.0,0.0,0.0,0.0
2,20,4,0,,,,0.49328333,0.0,0.0,0.0,0.0
2,21,4,0,,,,0.48395,0.0,0.0,0.0,0.0
2,22,4,0,,,,0.50385,0.0,0.0,0.0,0.0
2,23,4,0,,,,0.84671664,0.0,0.0,0.0,0.0
2,24,4,0,,,,1.2161167,0.0,0.0,0.0,0.0
2,1,5,0,,,,1.79745,0.0,0.0,0.0,0.0
2,2,5,0,,,,0.19983333,0.0,0.0,0.0,0.0
2,3,5,0,,,,0.6243,0.0,0.0,0.0,0.0
2,4,5,0,,,,0.95923334,0.0,0.0,0.0,0.0
2,5,5,0,,,,1.8313667,0.0,0.0,0.0,0.0
2,6,5,0,,,,0.35791665,0.0,0.0,0.0,0.0
2,7,5,0,,,,1.0907834,0.0,0.0,0.0,0.0
2,8,5,0,,,,0.49545,0.0,0.0,0.0,0.0
2,9,5,0,,,,0.17175,0.0,0.0,0.0,0.44
2,10,5,0,,,,0.18256667,0.0,0.0,0.0,46.19
2,11,5,0,,,,0.17011666,0.0,0.0,0.0,153.62
2,12,5,0,,,,0.17496666,0.0,0.0,0.0,140.11
2,13,5,0,,,,0.18071666,0.0,0.0,0.0,118.07
2,14,5,0,,,,0.17038333,0.0,0.0,0.0,580.05
2,15,5,0,,,,0.20323333,0.0,0.0,0.0,636.99
2,16,5,0,,,,0.15741667,0.0,0.0,0.0,423.0
2,17,5,0,,,,0.16356666,0.0,0.0,0.0,215.67
2,18,5,0,,,,0.21115,0.0,0.0,0.0,0.0
2,19,5,0,,,,0.26711667,0.0,0.0,0.0,0.0
2,20,5,0,,,,0.35678333,0.0,0.0,0.0,0.0
2,21,5,0,,,,0.8495,0.0,0.0,0.0,0.0
2,22,5,0,,,,0.90775,0.0,0.0,0.0,0.0
2,23,5,0,,,,0.4794,0.0,0.0,0.0,0.0
2,24,5,0,,,,0.5541833,0.0,0.0,0.0,0.0
2,1,6,0,,,,0.41753334,0.0,0.0,0.0,0.0
2,2,6,0,,,,0.18068333,0.0,0.0,0.0,0.0
2,3,6,0,,,,0.17378333,0.0,0.0,0.0,0.0
2,4,6,0,,,,0.20011666,0.0,0.0,0.0,0.0
2,5,6,0,,,,0.23143333,0.0,0.0,0.0,0.0
2,6,6,0,,,,0.24016666,0.0,0.0,0.0,0.0
2,7,6,0,,,,0.23191667,0.0,0.0,0.0,0.0
2,8,6,0,,,,0.23583333,0.0,0.0,0.0,0.0
2,9,6,0,,,,0.23398334,0.0,0.0,0.0,9.31
2,10,6,0,,,,0.25228333,0.0,0.0,0.0,28.79
2,11,6,0,,,,0.2736611,0.0,0.0,0.0,48.43
2,12,6,0,,,,0.23266667,0.0,0.0,0.0,78.7
2,13,6,0,,,,0.28396666,0.0,0.0,0.0,53.7
2,14,6,0,,,,0.4619,0.0,0.0,0.0,48.63
2,15,6,0,,,,0.83435,0.0,0.0,0.0,39.74
2,16,6,0,,,,0.6816667,0.0,0.0,0.0,19.29
2,17,6,0,,,,0.5104833,0.0,0.0,0.0,4.23
2,18,6,0,,,,0.49031666,0.0,0.0,0.0,0.0
2,19,6,0,,,,0.7988,0.0,0.0,0.0,0.0
2,20,6,0,,,,0.84795,0.0,0.0,0.0,0.0
2,21,6,0,,,,0.5251667,0.0,0.0,0.0,0.0
2,22,6,0,,,,0.48808333,0.0,0.0,0.0,0.0
2,23,6,0,,,,0.50088334,0.0,0.0,0.0,0.0
2,24,6,0,,,,0.67263335,0.0,0.0,0.0,0.0
2,1,7,0,,,,0.90506667,0.0,0.0,0.0,0.0
2,2,7,0,,,,0.67503333,0.0,0.0,0.0,0.0
2,3,7,0,,,,0.466325,0.0,0.0,0.0,0.0
2,4,7,0,,,,0.22631666,0.0,0.0,0.0,0.0
2,5,7,0,,,,0.23266667,0.0,0.0,0.0,0.0
2,6,7,0,,,,0.22245,0.0,0.0,0.0,0.0
2,7,7,0,,,,0.219675,0.0,0.0,0.0,0.0
2,8,7,0,,,,0.22685,0.0,0.0,0.0,0.0
2,9,7,0,,,,0.22853333,0.0,0.0,0.0,54.36
2,10,7,0,,,,0.23301667,0.0,0.0,0.0,137.98
2,11,7,0,,,,0.21765,0.0,0.0,0.0,67.4
2,12,7,0,,,,0.32125,0.0,0.0,0.0,65.79
2,13,7,0,,,,0.41368333,0.0,0.0,0.0,125.69
2,14,7,0,,,,0.23986667,0.0,0.0,0.0,100.31
2,15,7,0,,,,0.32111666,0.0,0.0,0.0,199.67
2,16,7,0,,,,0.4389,0.0,0.0,0.0,131.66
2,17,7,0,,,,0.5559,0.0,0.0,0.0,23.83
2,18,7,0,,,,0.6713833,0.0,0.0,0.0,0.0
2,19,7,0,,,,0.9435833,0.0,0.0,0.0,0.0
2,20,7,0,,,,0.56685,0.0,0.0,0.0,0.0
2,21,7,0,,,,0.47431666,0.0,0.0,0.0,0.0
2,22,7,0,,,,0.69986665,0.0,0.0,0.0,0.0
2,23,7,0,,,,0.8793667,0.0,0.0,0.0,0.0
2,24,7,0,,,,0.92941666,0.0,0.0,0.0,0.0
2,1,1,0,,,,0.26536667,0.0,0.0,0.0,0.0
2,2,1,0,,,,0.19948334,0.0,0.0,0.0,0.0
2,3,1,0,,,,0.21738334,0.0,0.0,0.0,0.0
2,4,1,0,,,,0.21571666,0.0,0.0,0.0,0.0
2,5,1,0,,,,0.21688333,0.0,0.0,0.0,0.0
2,6,1,0,,,,0.38525,0.0,0.0,0.0,0.0
2,7,1,0,,,,0.25926667,0.0,0.0,0.0,0.0
2,8,1,0,,,,0.21716666,0.0,0.0,0.0,0.0
2,9,1,0,,,,0.24301666,0.0,0.0,0.0,86.16
2,10,1,0,,,,0.20886667,0.0,0.0,0.0,133.04
2,11,1,0,,,,0.19148333,0.0,0.0,0.0,104.28
2,12,1,0,,,,0.20191666,0.0,0.0,0.0,221.98
2,13,1,0,,,,0.24688333,0.0,0.0,0.0,133.05
2,14,1,0,,,,0.19445,0.0,0.0,0.0,137.49
2,15,1,0,,,,0.20421667,0.0,0.0,0.0,91.0
2,16,1,0,,,,0.23073334,0.0,0.0,0.0,107.01
2,17,1,0,,,,0.21585,0.0,0.0,0.0,50.83
2,18,1,0,,,,0.45616665,0.0,0.0,0.0,0.0
2,19,1,0,,,,0.5091,0.0,0.0,0.0,0.0
2,20,1,0,,,,0.47256666,0.0,0.0,0.0,0.0
2,21,1,0,,,,0.39665,0.0,0.0,0.0,0.0
2,22,1,0,,,,0.39251667,0.0,0.0,0.0,0.0
2,23,1,0,,,,0.58523333,0.0,0.0,0.0,0.0
2,24,1,0,,,,0.3457,0.0,0.0,0.0,0.0
2,1,2,0,,,,0.22061667,0.0,0.0,0.0,0.0
2,2,2,0,,,,0.31733334,0.0,0.0,0.0,0.0
2,3,2,0,,,,0.5538667,0.0,0.0,0.0,0.0
2,4,2,0,,,,0.57428336,0.0,0.0,0.0,0.0
2,5,2,0,,,,0.5722167,0.0,0.0,0.0,0.0
2,6,2,0,,,,0.5864,0.0,0.0,0.0,0.0
2,7,2,0,,,,0.60083336,0.0,0.0,0.0,0.0
2,8,2,0,,,,0.54048336,0.0,0.0,0.0,0.0
2,9,2,0,,,,0.37371665,0.0,0.0,0.0,77.87
2,10,2,0,,,,0.38886666,0.0,0.0,0.0,64.94
2,11,2,0,,,,0.3858,0.0,0.0,0.0,93.48
2,12,2,0,,,,0.3339,0.0,0.0,0.0,140.77
2,13,2,0,,,,0.20743333,0.0,0.0,0.0,66.46
2,14,2,0,,,,0.24088334,0.0,0.0,0.0,54.2
2,15,2,0,,,,0.21101667,0.0,0.0,0.0,37.52
2,16,2,0,,,,0.21206667,0.0,0.0,0.0,23.8
2,17,2,0,,,,0.43656668,0.0,0.0,0.0,14.48
2,18,2,0,,,,0.5112,0.0,0.0,0.0,0.0
2,19,2,0,,,,0.1961,0.0,0.0,0.0,0.0
2,20,2,0,,,,0.23801666,0.0,0.0,0.0,0.0
2,21,2,0,,,,0.21618333,0.0,0.0,0.0,0.0
2,22,2,0,,,,0.21393333,0.0,0.0,0.0,0.0
2,23,2,0,,,,0.2151,0.0,0.0,0.0,0.0
2,24,2,0,,,,0.24110833,0.0,0.0,0.0,0.0
2,1,3,0,,,,0.21595,0.0,0.0,0.0,0.0
2,2,3,0,,,,0.21758333,0.0,0.0,0.0,0.0
2,3,3,0,,,,0.2406,0.0,0.0,0.0,0.0
2,4,3,0,,,,0.35758334,0.0,0.0,0.0,0.0
2,5,3,0,,,,0.21465,0.0,0.0,0.0,0.0
2,6,3,0,,,,0.22943333,0.0,0.0,0.0,0.0
2,7,3,0,,,,0.2151,0.0,0.0,0.0,0.0
2,8,3,0,,,,0.20501667,0.0,0.0,0.0,0.0
2,9,3,0,,,,0.21581666,0.0,0.0,0.0,15.54
2,10,3,0,,,,0.24141666,0.0,0.0,0.0,31.83
2,11,3,0,,,,0.20858334,0.0,0.0,0.0,167.21
2,12,3,0,,,,0.2069,0.0,0.0,0.0,106.18
2,13,3,0,,,,0.22595,0.0,0.0,0.0,237.66
2,14,3,0,,,,0.20396666,0.0,0.0,0.0,349.99
2,15,3,0,,,,0.20765,0.0,0.0,0.0,408.75
2,16,3,0,,,,0.2339,0.0,0.0,0.0,283.73
2,17,3,0,,,,0.21375,0.0,0.0,0.0,16.46
2,18,3,0,,,,0.37428334,0.0,0.0,0.0,0.0
2,19,3,0,,,,0.43046665,0.0,0.0,0.0,0.0
2,20,3,0,,,,0.22626667,0.0,0.0,0.0,0.0
2,21,3,0,,,,0.21305,0.0,0.0,0.0,0.0
2,22,3,0,,,,0.21443333,0.0,0.0,0.0,0.0
2,23,3,0,,,,0.23986667,0.0,0.0,0.0,0.0
2,24,3,0,,,,0.21455,0.0,0.0,0.0,0.0
2,1,4,0,,,,0.2173,0.0,0.0,0.0,0.0
2,2,4,0,,,,0.24523333,0.0,0.0,0.0,0.0
2,3,4,0,,,,0.21841666,0.0,0.0,0.0,0.0
2,4,4,0,,,,0.20731667,0.0,0.0,0.0,0.0
2,5,4,0,,,,0.2271,0.0,0.0,0.0,0.0
2,6,4,0,,,,0.2184,0.0,0.0,0.0,0.0
2,7,4,0,,,,0.21926667,0.0,0.0,0.0,0.0
2,8,4,0,,,,0.22136667,0.0,0.0,0.0,0.0
2,9,4,0,,,,0.24496667,0.0,0.0,0.0,45.97
2,10,4,0,,,,0.2146,0.0,0.0,0.0,103.93
2,11,4,0,,,,0.20196667,0.0,0.0,0.0,124.43
2,12,4,0,,,,0.21941666,0.0,0.0,0.0,408.8
2,13,4,0,,,,0.22091667,0.0,0.0,0.0,725.54
2,14,4,0,,,,0.21295,0.0,0.0,0.0,694.83
2,15,4,0,,,,0.21473333,0.0,0.0,0.0,595.46
2,16,4,0,,,,0.2448,0.0,0.0,0.0,449.18
2,17,4,0,,,,0.21463333,0.0,0.0,0.0,238.86
2,18,4,0,,,,0.2162,0.0,0.0,0.0,0.0
2,19,4,0,,,,0.2436,0.0,0.0,0.0,0.0
2,20,4,0,,,,0.21718334,0.0,0.0,0.0,0.0
2,21,4,0,,,,0.5081,0.0,0.0,0.0,0.0
2,22,4,0,,,,0.32251668,0.0,0.0,0.0,0.0
2,23,4,0,,,,0.20715,0.0,0.0,0.0,0.0
2,24,4,0,,,,0.21368334,0.0,0.0,0.0,0.0
2,1,5,0,,,,0.2197,0.0,0.0,0.0,0.0
2,2,5,0,,,,0.24355,0.0,0.0,0.0,0.0
2,3,5,0,,,,0.21786667,0.0,0.0,0.0,0.0
2,4,5,0,,,,0.21868333,0.0,0.0,0.0,0.0
2,5,5,0,,,,0.24643333,0.0,0.0,0.0,0.0
2,6,5,0,,,,0.20336667,0.0,0.0,0.0,0.0
2,7,5,0,,,,0.19378333,0.0,0.0,0.0,0.0
2,8,5,0,,,,0.2205,0.0,0.0,0.0,0.0
2,9,5,0,,,,0.24696666,0.0,0.0,0.0,217.76
2,10,5,0,,,,0.22086667,0.0,0.0,0.0,483.62
2,11,5,0,,,,0.22,0.0,0.0,0.0,599.99
2,12,5,0,,,,0.2174,0.0,0.0,0.0,710.45
2,13,5,0,,,,0.22398333,0.0,0.0,0.0,742.41
2,14,5,0,,,,0.22421667,0.0,0.0,0.0,726.71
2,15,5,0,,,,0.3398,0.0,0.0,0.0,604.17
2,16,5,0,,,,0.24038333,0.0,0.0,0.0,362.8
2,17,5,0,,,,0.216,0.0,0.0,0.0,25.83
2,18,5,0,,,,0.50265,0.0,0.0,0.0,0.0
2,19,5,0,,,,0.65863335,0.0,0.0,0.0,0.0
2,20,5,0,,,,0.32548332,0.0,0.0,0.0,0.0
2,21,5,0,,,,0.27508333,0.0,0.0,0.0,0.0
2,22,5,0,,,,0.6181333,0.0,0.0,0.0,0.0
2,23,5,0,,,,0.38898334,0.0,0.0,0.0,0.0
2,24,5,0,,,,0.211325,0.0,0.0,0.0,0.0
2,1,6,0,,,,0.2023,0.0,0.0,0.0,0.0
2,2,6,0,,,,0.21851666,0.0,0.0,0.0,0.0
2,3,6,0,,,,0.23963334,0.0,0.0,0.0,0.0
2,4,6,0,,,,0.23511666,0.0,0.0,0.0,0.0
2,5,6,0,,,,0.23926666,0.0,0.0,0.0,0.0
2,6,6,0,,,,0.21818334,0.0,0.0,0.0,0.0
2,7,6,0,,,,0.20373334,0.0,0.0,0.0,0.0
2,8,6,0,,,,0.24496667,0.0,0.0,0.0,0.0
2,9,6,0,,,,0.21795,0.0,0.0,0.0,227.92
2,10,6,0,,,,0.1965,0.0,0.0,0.0,485.91
2,11,6,0,,,,0.2071,0.0,0.0,0.0,643.64
2,12,6,0,,,,0.407,0.0,0.0,0.0,735.12
2,13,6,0,,,,0.48525,0.0,0.0,0.0,765.77
2,14,6,0,,,,0.4549,0.0,0.0,0.0,731.95
2,15,6,0,,,,0.4767,0.0,0.0,0.0,629.45
2,16,6,0,,,,0.49955,0.0,0.0,0.0,471.78
2,17,6,0,,,,0.49796668,0.0,0.0,0.0,253.46
2,18,6,0,,,,0.5462667,0.0,0.0,0.0,0.0
2,19,6,0,,,,0.6012833,0.0,0.0,0.0,0.0
2,20,6,0,,,,0.90891665,0.0,0.0,0.0,0.0
2,21,6,0,,,,0.86586666,0.0,0.0,0.0,0.0
2,22,6,0,,,,0.67718333,0.0,0.0,0.0,0.0
2,23,6,0,,,,0.62341666,0.0,0.0,0.0,0.0
2,24,6,0,,,,0.57184166,0.0,0.0,0.0,0.0
2,1,7,0,,,,0.24363333,0.0,0.0,0.0,0.0
2,2,7,0,,,,0.23291667,0.0,0.0,0.0,0.0
2,3,7,0,,,,0.22875,0.0,0.0,0.0,0.0
2,4,7,0,,,,0.22023334,0.0,0.0,0.0,0.0
2,5,7,0,,,,0.23936667,0.0,0.0,0.0,0.0
2,6,7,0,,,,0.23575,0.0,0.0,0.0,0.0
2,7,7,0,,,,0.21628334,0.0,0.0,0.0,0.0
2,8,7,0,,,,0.19796667,0.0,0.0,0.0,0.0
2,9,7,0,,,,0.21273333,0.0,0.0,0.0,260.16
2,10,7,0,,,,0.25551668,0.0,0.0,0.0,492.67
2,11,7,0,,,,0.20523334,0.0,0.0,0.0,648.34
2,12,7,0,,,,0.2621,0.0,0.0,0.0,742.32
2,13,7,0,,,,0.9273833,0.0,0.0,0.0,769.32
2,14,7,0,,,,0.61945,0.0,0.0,0.0,747.52
2,15,7,0,,,,0.41583332,0.0,0.0,0.0,633.14
2,16,7,0,,,,0.72868335,0.0,0.0,0.0,483.78
2,17,7,0,,,,0.68875,0.0,0.0,0.0,263.05
2,18,7,0,,,,0.7280667,0.0,0.0,0.0,0.0
2,19,7,0,,,,0.5290167,0.0,0.0,0.0,0.0
2,20,7,0,,,,0.5506667,0.0,0.0,0.0,0.0
2,21,7,0,,,,0.51115,0.0,0.0,0.0,0.0
2,22,7,0,,,,0.69511664,0.0,0.0,0.0,0.0
2,23,7,0,,,,3.1830332,0.0,0.0,0.0,0.0
2,24,7,0,,,,3.0990667,0.0,0.0,0.0,0.0
2,1,1,0,,,,2.9148834,0.0,0.0,0.0,0.0
2,2,1,0,,,,2.94105,0.0,0.0,0.0,0.0
2,3,1,0,,,,2.8965,0.0,0.0,0.0,0.0
2,4,1,0,,,,2.9398167,0.0,0.0,0.0,0.0
2,5,1,0,,,,2.8948834,0.0,0.0,0.0,0.0
2,6,1,0,,,,2.88715,0.0,0.0,0.0,0.0
2,7,1,0,,,,3.0666,0.0,0.0,0.0,0.0
2,8,1,0,,,,2.9545333,0.0,0.0,0.0,0.0
2,9,1,0,,,,2.9105666,0.0,0.0,0.0,162.02
2,10,1,0,,,,0.49395,0.0,0.0,0.0,296.15
2,11,1,0,,,,2.21225,0.0,0.0,0.0,126.1
2,12,1,0,,,,2.2091334,0.0,0.0,0.0,36.34
2,13,1,0,,,,0.45523334,0.0,0.0,0.0,165.04
2,14,1,0,,,,0.79765,0.0,0.0,0.0,155.34
2,15,1,0,,,,1.06685,0.0,0.0,0.0,28.5
2,16,1,0,,,,1.0644833,0.0,0.0,0.0,146.35
2,17,1,0,,,,0.23831667,0.0,0.0,0.0,6.45
2,18,1,0,,,,2.3169668,0.0,0.0,0.0,0.0
2,19,1,0,,,,3.545,0.0,0.0,0.0,0.0
2,20,1,0,,,,0.9618833,0.0,0.0,0.0,0.0
2,21,1,0,,,,0.9663,0.0,0.0,0.0,0.0
2,22,1,0,,,,0.77391666,0.0,0.0,0.0,0.0
2,23,1,0,,,,2.6457334,0.0,0.0,0.0,0.0
2,24,1,0,,,,1.1679667,0.0,0.0,0.0,0.0
2,1,2,0,,,,0.26251668,0.0,0.0,0.0,0.0
2,2,2,0,,,,0.64456666,0.0,0.0,0.0,0.0
2,3,2,0,,,,2.2827168,0.0,0.0,0.0,0.0
2,4,2,0,,,,1.2950667,0.0,0.0,0.0,0.0
2,5,2,0,,,,0.23298334,0.0,0.0,0.0,0.0
2,6,2,0,,,,1.0891666,0.0,0.0,0.0,0.0
2,7,2,0,,,,2.5975666,0.0,0.0,0.0,0.0
2,8,2,0,,,,0.23218334,0.0,0.0,0.0,0.0
2,9,2,0,,,,0.25966668,0.0,0.0,0.0,37.37
2,10,2,0,,,,1.8601667,0.0,0.0,0.0,148.73
2,11,2,0,,,,2.0896,0.0,0.0,0.0,304.01
2,12,2,0,,,,0.6037833,0.0,0.0,0.0,616.94
2,13,2,0,,,,0.5784,0.0,0.0,0.0,782.68
2,14,2,0,,,,0.27966666,0.0,0.0,0.0,755.72
2,15,2,0,,,,0.49406666,0.0,0.0,0.0,672.69
2,16,2,0,,,,2.05055,0.0,0.0,0.0,486.9
2,17,2,0,,,,0.30993333,0.0,0.0,0.0,295.33
2,18,2,0,,,,0.40326667,0.0,0.0,0.0,0.0
2,19,2,0,,,,0.95606667,0.0,0.0,0.0,0.0
2,20,2,0,,,,1.0436167,0.0,0.0,0.0,0.0
2,21,2,0,,,,0.7475833,0.0,0.0,0.0,0.0
2,22,2,0,,,,0.9899333,0.0,0.0,0.0,0.0
2,23,2,0,,,,1.8348,0.0,0.0,0.0,0.0
2,24,2,0,,,,1.90255,0.0,0.0,0.0,0.0
2,1,3,0,,,,1.16245,0.0,0.0,0.0,0.0
2,2,3,0,,,,0.7287167,0.0,0.0,0.0,0.0
2,3,3,0,,,,0.70185,0.0,0.0,0.0,0.0
2,4,3,0,,,,1.4768,0.0,0.0,0.0,0.0
2,5,3,0,,,,0.32266667,0.0,0.0,0.0,0.0
2,6,3,0,,,,1.9978,0.0,0.0,0.0,0.0
2,7,3,0,,,,2.4049666,0.0,0.0,0.0,0.0
2,8,3,0,,,,0.8293,0.0,0.0,0.0,0.0
2,9,3,0,,,,0.31563333,0.0,0.0,0.0,93.86
2,10,3,0,,,,0.31241667,0.0,0.0,0.0,523.37
2,11,3,0,,,,0.29445,0.0,0.0,0.0,670.68
2,12,3,0,,,,0.27745,0.0,0.0,0.0,678.76
2,13,3,0,,,,0.45083332,0.0,0.0,0.0,810.42
2,14,3,0,,,,0.74865,0.0,0.0,0.0,672.87
2,15,3,0,,,,0.2831,0.0,0.0,0.0,452.9
2,16,3,0,,,,0.17385,0.0,0.0,0.0,302.71
2,17,3,0,,,,0.296625,0.0,0.0,0.0,225.98
2,18,3,0,,,,0.34998333,0.0,0.0,0.0,0.0
2,19,3,0,,,,0.48118332,0.0,0.0,0.0,0.0
2,20,3,0,,,,0.46858335,0.0,0.0,0.0,0.0
2,21,3,0,,,,0.40775,0.0,0.0,0.0,0.0
2,22,3,0,,,,0.23235,0.0,0.0,0.0,0.0
2,23,3,0,,,,0.37763333,0.0,0.0,0.0,0.0
2,24,3,0,,,,0.22820833,0.0,0.0,0.0,0.0
2,1,4,0,,,,0.21871667,0.0,0.0,0.0,0.0
2,2,4,0,,,,0.17181666,0.0,0.0,0.0,0.0
2,3,4,0,,,,0.23688333,0.0,0.0,0.0,0.0
2,4,4,0,,,,0.17915,0.0,0.0,0.0,0.0
2,5,4,0,,,,0.18853334,0.0,0.0,0.0,0.0
2,6,4,0,,,,0.27376667,0.0,0.0,0.0,0.0
2,7,4,0,,,,0.35411668,0.0,0.0,0.0,0.0
2,8,4,0,,,,0.7058667,0.0,0.0,0.0,0.0
2,9,4,0,,,,0.43378332,0.0,0.0,0.0,87.28
2,10,4,0,,,,0.17346667,0.0,0.0,0.0,517.3
2,11,4,0,,,,0.16816667,0.0,0.0,0.0,699.71
2,12,4,0,,,,0.1634,0.0,0.0,0.0,807.42
2,13,4,0,,,,0.1543,0.0,0.0,0.0,844.31
2,14,4,0,,,,0.20545,0.0,0.0,0.0,809.3
2,15,4,0,,,,0.20418334,0.0,0.0,0.0,677.57
2,16,4,0,,,,0.1594,0.0,0.0,0.0,539.38
2,17,4,0,,,,0.26583335,0.0,0.0,0.0,303.12
2,18,4,0,,,,0.53335,0.0,0.0,0.0,0.0
2,19,4,0,,,,0.4521,0.0,0.0,0.0,0.0
2,20,4,0,,,,0.46608335,0.0,0.0,0.0,0.0
2,21,4,0,,,,0.47276667,0.0,0.0,0.0,0.0
2,22,4,0,,,,0.5320167,0.0,0.0,0.0,0.0
2,23,4,0,,,,0.5161,0.0,0.0,0.0,0.0
2,24,4,0,,,,0.60428333,0.0,0.0,0.0,0.0
2,1,5,0,,,,0.8264833,0.0,0.0,0.0,0.0
2,2,5,0,,,,0.25738335,0.0,0.0,0.0,0.0
2,3,5,0,,,,0.18008333,0.0,0.0,0.0,0.0
2,4,5,0,,,,0.17893334,0.0,0.0,0.0,0.0
2,5,5,0,,,,0.45811668,0.0,0.0,0.0,0.0
2,6,5,0,,,,1.67165,0.0,0.0,0.0,0.0
2,7,5,0,,,,0.19428334,0.0,0.0,0.0,0.0
2,8,5,0,,,,0.19365,0.0,0.0,0.0,0.0
2,9,5,0,,,,0.36051667,0.0,0.0,0.0,114.06
2,10,5,0,,,,0.6149,0.0,0.0,0.0,140.79
2,11,5,0,,,,0.52601665,0.0,0.0,0.0,219.92
2,12,5,0,,,,0.15908334,0.0,0.0,0.0,310.68
2,13,5,0,,,,0.34525,0.0,0.0,0.0,254.8
2,14,5,0,,,,0.57035,0.0,0.0,0.0,358.28
2,15,5,0,,,,0.21261667,0.0,0.0,0.0,153.65
2,16,5,0,,,,0.1728,0.0,0.0,0.0,93.92
2,17,5,0,,,,0.17235,0.0,0.0,0.0,37.69
2,18,5,0,,,,0.46693334,0.0,0.0,0.0,0.0
2,19,5,0,,,,0.38931668,0.0,0.0,0.0,0.0
2,20,5,0,,,,0.4567,0.0,0.0,0.0,0.0
2,21,5,0,,,,0.48461667,0.0,0.0,0.0,0.0
2,22,5,0,,,,0.31323335,0.0,0.0,0.0,0.0
2,23,5,0,,,,1.8806666,0.0,0.0,0.0,0.0
2,24,5,0,,,,2.8874667,0.0,0.0,0.0,0.0
2,1,6,0,,,,2.9037833,0.0,0.0,0.0,0.0
2,2,6,0,,,,2.8685167,0.0,0.0,0.0,0.0
2,3,6,0,,,,2.86475,0.0,0.0,0.0,0.0
2,4,6,0,,,,2.8694334,0.0,0.0,0.0,0.0
2,5,6,0,,,,2.8306167,0.0,0.0,0.0,0.0
2,6,6,0,,,,2.8231,0.0,0.0,0.0,0.0
2,7,6,0,,,,2.93875,0.0,0.0,0.0,0.0
2,8,6,0,,,,3.2297833,0.0,0.0,0.0,0.0
2,9,6,0,,,,3.2722332,0.0,0.0,0.0,148.42
2,10,6,0,,,,2.9687,0.0,0.0,0.0,306.21
2,11,6,0,,,,3.2245333,0.0,0.0,0.0,227.14
2,12,6,0,,,,3.2953668,0.0,0.0,0.0,758.14
2,13,6,0,,,,3.1309333,0.0,0.0,0.0,810.18
2,14,6,0,,,,1.3154666,0.0,0.0,0.0,778.24
2,15,6,0,,,,0.48648334,0.0,0.0,0.0,679.61
2,16,6,0,,,,0.61253333,0.0,0.0,0.0,527.19
2,17,6,0,,,,1.7011,0.0,0.0,0.0,273.37
2,18,6,0,,,,0.95608336,0.0,0.0,0.0,0.0
2,19,6,0,,,,1.5354667,0.0,0.0,0.0,0.0
2,20,6,0,,,,1.6173667,0.0,0.0,0.0,0.0
2,21,6,0,,,,1.0511,0.0,0.0,0.0,0.0
2,22,6,0,,,,1.5804833,0.0,0.0,0.0,0.0
2,23,6,0,,,,1.0370166,0.0,0.0,0.0,0.0
2,24,6,0,,,,1.4796333,0.0,0.0,0.0,0.0
2,1,7,0,,,,1.5752,0.0,0.0,0.0,0.0
2,2,7,0,,,,0.5430833,0.0,0.0,0.0,0.0
2,3,7,0,,,,2.2579668,0.0,0.0,0.0,0.0
2,4,7,0,,,,0.6121,0.0,0.0,0.0,0.0
2,5,7,0,,,,2.1477334,0.0,0.0,0.0,0.0
2,6,7,0,,,,1.5075166,0.0,0.0,0.0,0.0
2,7,7,0,,,,1.6075333,0.0,0.0,0.0,0.0
2,8,7,0,,,,1.2391666,0.0,0.0,0.0,0.0
2,9,7,0,,,,1.4055166,0.0,0.0,0.0,10.46
2,10,7,0,,,,1.6768334,0.0,0.0,0.0,132.93
2,11,7,0,,,,1.1414167,0.0,0.0,0.0,58.63
2,12,7,0,,,,1.7237166,0.0,0.0,0.0,109.5
2,13,7,0,,,,1.0111,0.0,0.0,0.0,195.43
2,14,7,0,,,,1.28285,0.0,0.0,0.0,115.94
2,15,7,0,,,,1.5280167,0.0,0.0,0.0,193.45
2,16,7,0,,,,1.9417,0.0,0.0,0.0,45.35
2,17,7,0,,,,1.2252333,0.0,0.0,0.0,197.86
2,18,7,0,,,,2.0777667,0.0,0.0,0.0,0.0
2,19,7,0,,,,3.254,0.0,0.0,0.0,0.0
2,20,7,0,,,,1.0753167,0.0,0.0,0.0,0.0
2,21,7,0,,,,1.0464667,0.0,0.0,0.0,0.0
2,22,7,0,,,,3.6514,0.0,0.0,0.0,0.0
2,23,7,0,,,,0.7662,0.0,0.0,0.0,0.0
2,24,7,0,,,,1.74105,0.0,0.0,0.0,0.0
2,1,1,0,,,,1.4566,0.0,0.0,0.0,0.0
2,2,1,0,,,,1.86325,0.0,0.0,0.0,0.0
2,3,1,0,,,,1.5406667,0.0,0.0,0.0,0.0
2,4,1,0,,,,1.6965166,0.0,0.0,0.0,0.0
2,5,1,0,,,,1.2365,0.0,0.0,0.0,0.0
2,6,1,0,,,,1.9022167,0.0,0.0,0.0,0.0
2,7,1,0,,,,1.5262,0.0,0.0,0.0,0.0
2,8,1,0,,,,1.6804,0.0,0.0,0.0,0.0
2,9,1,0,,,,1.9857,0.0,0.0,0.0,13.2
2,10,1,0,,,,1.3601834,0.0,0.0,0.0,51.24
2,11,1,0,,,,1.1443666,0.0,0.0,0.0,117.33
2,12,1,0,,,,1.4928833,0.0,0.0,0.0,172.23
2,13,1,0,,,,1.2456,0.0,0.0,0.0,337.82
2,14,1,0,,,,1.0711334,0.0,0.0,0.0,591.89
2,15,1,0,,,,1.6500833,0.0,0.0,0.0,141.76
2,16,1,0,,,,0.85695,0.0,0.0,0.0,138.02
2,17,1,0,,,,1.7270167,0.0,0.0,0.0,85.18
2,18,1,0,,,,1.1530583,0.0,0.0,0.0,0.0
2,19,1,0,,,,2.04805,0.0,0.0,0.0,0.0
2,20,1,0,,,,1.2498167,0.0,0.0,0.0,0.0
2,21,1,0,,,,1.3467166,0.0,0.0,0.0,0.0
2,22,1,0,,,,1.41255,0.0,0.0,0.0,0.0
2,23,1,0,,,,1.76345,0.0,0.0,0.0,0.0
2,24,1,0,,,,1.3515416,0.0,0.0,0.0,0.0
2,1,2,0,,,,1.7432667,0.0,0.0,0.0,0.0
2,2,2,0,,,,0.99615,0.0,0.0,0.0,0.0
2,3,2,0,,,,1.3485334,0.0,0.0,0.0,0.0
2,4,2,0,,,,1.7728833,0.0,0.0,0.0,0.0
2,5,2,0,,,,1.2808666,0.0,0.0,0.0,0.0
2,6,2,0,,,,1.6734834,0.0,0.0,0.0,0.0
2,7,2,0,,,,1.01135,0.0,0.0,0.0,0.0
2,8,2,0,,,,0.9468167,0.0,0.0,0.0,0.0
2,9,2,0,,,,1.7884,0.0,0.0,0.0,148.24
2,10,2,0,,,,0.46506667,0.0,0.0,0.0,400.91
2,11,2,0,,,,1.4556167,0.0,0.0,0.0,579.15
2,12,2,0,,,,0.8153,0.0,0.0,0.0,556.85
2,13,2,0,,,,0.76778334,0.0,0.0,0.0,428.18
2,14,2,0,,,,0.23846667,0.0,0.0,0.0,449.93
2,15,2,0,,,,0.4401,0.0,0.0,0.0,371.83
2,16,2,0,,,,0.44615,0.0,0.0,0.0,375.77
2,17,2,0,,,,1.7431,0.0,0.0,0.0,15.91
2,18,2,0,,,,1.46575,0.0,0.0,0.0,0.0
2,19,2,0,,,,0.5071333,0.0,0.0,0.0,0.0
2,20,2,0,,,,1.54165,0.0,0.0,0.0,0.0
2,21,2,0,,,,0.9316667,0.0,0.0,0.0,0.0
2,22,2,0,,,,1.8089666,0.0,0.0,0.0,0.0
2,23,2,0,,,,0.94528335,0.0,0.0,0.0,0.0
2,24,2,0,,,,2.08635,0.0,0.0,0.0,0.0
3,1,3,0,,,,0.93805,0.0,0.0,0.0,0.0
3,2,3,0,,,,2.3501334,0.0,0.0,0.0,0.0
3,3,3,0,,,,0.6049,0.0,0.0,0.0,0.0
3,4,3,0,,,,1.40945,0.0,0.0,0.0,0.0
3,5,3,0,,,,1.62205,0.0,0.0,0.0,0.0
3,6,3,0,,,,0.97426665,0.0,0.0,0.0,0.0
3,7,3,0,,,,1.8312334,0.0,0.0,0.0,0.0
3,8,3,0,,,,0.37803334,0.0,0.0,0.0,0.02
3,9,3,0,,,,1.81985,0.0,0.0,0.0,81.06
3,10,3,0,,,,0.1647,0.0,0.0,0.0,99.97
3,11,3,0,,,,0.8157667,0.0,0.0,0.0,106.98
3,12,3,0,,,,0.8195,0.0,0.0,0.0,130.39
3,13,3,0,,,,0.15506667,0.0,0.0,0.0,59.69
3,14,3,0,,,,0.46666667,0.0,0.0,0.0,50.73
3,15,3,0,,,,0.15925,0.0,0.0,0.0,19.27
3,16,3,0,,,,0.16855,0.0,0.0,0.0,22.93
3,17,3,0,,,,0.97428334,0.0,0.0,0.0,78.08
3,18,3,0,,,,0.5409,0.0,0.0,0.0,0.59
3,19,3,0,,,,1.6625834,0.0,0.0,0.0,0.0
3,20,3,0,,,,0.8136,0.0,0.0,0.0,0.0
3,21,3,0,,,,1.34365,0.0,0.0,0.0,0.0
3,22,3,0,,,,1.3591,0.0,0.0,0.0,0.0
3,23,3,0,,,,0.6925333,0.0,0.0,0.0,0.0
3,24,3,0,,,,1.6476083,0.0,0.0,0.0,0.0
3,1,4,0,,,,0.3921,0.0,0.0,0.0,0.0
3,2,4,0,,,,1.58715,0.0,0.0,0.0,0.0
3,3,4,0,,,,1.1532167,0.0,0.0,0.0,0.0
3,4,4,0,,,,1.4437166,0.0,0.0,0.0,0.0
3,5,4,0,,,,1.23685,0.0,0.0,0.0,0.0
3,6,4,0,,,,0.82185,0.0,0.0,0.0,0.0
3,7,4,0,,,,1.5689167,0.0,0.0,0.0,0.0
3,8,4,0,,,,0.70336664,0.0,0.0,0.0,0.42
3,9,4,0,,,,1.1934167,0.0,0.0,0.0,207.15
3,10,4,0,,,,0.9421167,0.0,0.0,0.0,448.65
3,11,4,0,,,,0.56948334,0.0,0.0,0.0,734.61
3,12,4,0,,,,1.1744334,0.0,0.0,0.0,836.84
3,13,4,0,,,,0.13016666,0.0,0.0,0.0,876.45
3,14,4,0,,,,0.12723333,0.0,0.0,0.0,832.43
3,15,4,0,,,,0.1564,0.0,0.0,0.0,698.88
3,16,4,0,,,,0.1454,0.0,0.0,0.0,558.33
3,17,4,0,,,,0.21621667,0.0,0.0,0.0,312.13
3,18,4,0,,,,0.90066665,0.0,0.0,0.0,4.42
3,19,4,0,,,,0.36306667,0.0,0.0,0.0,0.0
3,20,4,0,,,,0.47411665,0.0,0.0,0.0,0.0
3,21,4,0,,,,1.0754666,0.0,0.0,0.0,0.0
3,22,4,0,,,,0.90293336,0.0,0.0,0.0,0.0
3,23,4,0,,,,0.7558,0.0,0.0,0.0,0.0
3,24,4,0,,,,0.67135835,0.0,0.0,0.0,0.0
3,1,5,0,,,,0.36085,0.0,0.0,0.0,0.0
3,2,5,0,,,,0.72943336,0.0,0.0,0.0,0.0
3,3,5,0,,,,1.1400833,0.0,0.0,0.0,0.0
3,4,5,0,,,,0.6213167,0.0,0.0,0.0,0.0
3,5,5,0,,,,0.7492833,0.0,0.0,0.0,0.0
3,6,5,0,,,,0.69096667,0.0,0.0,0.0,0.0
3,7,5,0,,,,1.6930166,0.0,0.0,0.0,0.0
3,8,5,0,,,,0.21553333,0.0,0.0,0.0,11.0
3,9,5,0,,,,0.45236668,0.0,0.0,0.0,324.06
3,10,5,0,,,,0.9418333,0.0,0.0,0.0,547.24
3,11,5,0,,,,0.15281667,0.0,0.0,0.0,700.92
3,12,5,0,,,,0.13441667,0.0,0.0,0.0,792.22
3,13,5,0,,,,0.40351668,0.0,0.0,0.0,836.27
3,14,5,0,,,,0.5700833,0.0,0.0,0.0,793.57
3,15,5,0,,,,0.22498333,0.0,0.0,0.0,696.29
3,16,5,0,,,,0.15633333,0.0,0.0,0.0,541.16
3,17,5,0,,,,0.35491666,0.0,0.0,0.0,241.67
3,18,5,0,,,,0.44641668,0.0,0.0,0.0,2.31
3,19,5,0,,,,0.6070333,0.0,0.0,0.0,0.0
3,20,5,0,,,,0.5359833,0.0,0.0,0.0,0.0
3,21,5,0,,,,0.42413333,0.0,0.0,0.0,0.0
3,22,5,0,,,,0.5911,0.0,0.0,0.0,0.0
3,23,5,0,,,,0.94701666,0.0,0.0,0.0,0.0
3,24,5,0,,,,0.98669165,0.0,0.0,0.0,0.0
3,1,6,0,,,,1.1023333,0.0,0.0,0.0,0.0
3,2,6,0,,,,0.8596333,0.0,0.0,0.0,0.0
3,3,6,0,,,,1.5829,0.0,0.0,0.0,0.0
3,4,6,0,,,,1.2611166,0.0,0.0,0.0,0.0
3,5,6,0,,,,1.1675833,0.0,0.0,0.0,0.0
3,6,6,0,,,,1.58265,0.0,0.0,0.0,0.0
3,7,6,0,,,,2.2227,0.0,0.0,0.0,0.0
3,8,6,0,,,,1.5771166,0.0,0.0,0.0,0.01
3,9,6,0,,,,0.33053333,0.0,0.0,0.0,28.74
3,10,6,0,,,,0.66786665,0.0,0.0,0.0,95.14
3,11,6,0,,,,0.22853333,0.0,0.0,0.0,124.62
3,12,6,0,,,,0.34956667,0.0,0.0,0.0,332.14
3,13,6,0,,,,0.4263,0.0,0.0,0.0,182.81
3,14,6,0,,,,0.30923334,0.0,0.0,0.0,191.89
3,15,6,0,,,,0.16158333,0.0,0.0,0.0,220.23
3,16,6,0,,,,0.5319667,0.0,0.0,0.0,107.01
3,17,6,0,,,,0.3012,0.0,0.0,0.0,37.28
3,18,6,0,,,,0.86141664,0.0,0.0,0.0,5.76
3,19,6,0,,,,0.35408333,0.0,0.0,0.0,0.0
3,20,6,0,,,,0.50475,0.0,0.0,0.0,0.0
3,21,6,0,,,,1.6555,0.0,0.0,0.0,0.0
3,22,6,0,,,,0.56005,0.0,0.0,0.0,0.0
3,23,6,0,,,,2.01605,0.0,0.0,0.0,0.0
3,24,6,0,,,,3.3046417,0.0,0.0,0.0,0.0
3,1,7,0,,,,2.5577667,0.0,0.0,0.0,0.0
3,2,7,0,,,,0.43061668,0.0,0.0,0.0,0.0
3,3,7,0,,,,0.2112,0.0,0.0,0.0,0.0
3,4,7,0,,,,1.0153,0.0,0.0,0.0,0.0
3,5,7,0,,,,2.28735,0.0,0.0,0.0,0.0
3,6,7,0,,,,1.17875,0.0,0.0,0.0,0.0
3,7,7,0,,,,0.60605836,0.0,0.0,0.0,0.0
3,8,7,0,,,,2.2821167,0.0,0.0,0.0,3.13
3,9,7,0,,,,3.1147666,0.0,0.0,0.0,112.21
3,10,7,0,,,,0.89896667,0.0,0.0,0.0,373.25
3,11,7,0,,,,0.27991667,0.0,0.0,0.0,83.96
3,12,7,0,,,,0.44066668,0.0,0.0,0.0,76.49
3,13,7,0,,,,1.9535333,0.0,0.0,0.0,103.08
3,14,7,0,,,,3.3409166,0.0,0.0,0.0,91.28
3,15,7,0,,,,2.9919667,0.0,0.0,0.0,134.14
3,16,7,0,,,,0.25268334,0.0,0.0,0.0,338.44
3,17,7,0,,,,0.3164,0.0,0.0,0.0,208.87
3,18,7,0,,,,2.72965,0.0,0.0,0.0,4.18
3,19,7,0,,,,2.1900833,0.0,0.0,0.0,0.0
3,20,7,0,,,,0.80345,0.0,0.0,0.0,0.0
3,21,7,0,,,,2.09905,0.0,0.0,0.0,0.0
3,22,7,0,,,,3.7431166,0.0,0.0,0.0,0.0
3,23,7,0,,,,3.5076,0.0,0.0,0.0,0.0
3,24,7,0,,,,0.62986666,0.0,0.0,0.0,0.0
3,1,1,0,,,,0.51413333,0.0,0.0,0.0,0.0
3,2,1,0,,,,1.81435,0.0,0.0,0.0,0.0
3,3,1,0,,,,1.9042833,0.0,0.0,0.0,0.0
3,4,1,0,,,,0.82493335,0.0,0.0,0.0,0.0
3,5,1,0,,,,2.5603666,0.0,0.0,0.0,0.0
3,6,1,0,,,,1.6436833,0.0,0.0,0.0,0.0
3,7,1,0,,,,1.4955833,0.0,0.0,0.0,0.0
3,8,1,0,,,,1.0932,0.0,0.0,0.0,59.41
3,9,1,0,,,,1.4840833,0.0,0.0,0.0,319.49
3,10,1,0,,,,1.9333667,0.0,0.0,0.0,539.71
3,11,1,0,,,,0.73576665,0.0,0.0,0.0,642.37
3,12,1,0,,,,0.7763,0.0,0.0,0.0,509.59
3,13,1,0,,,,0.46058333,0.0,0.0,0.0,68.23
3,14,1,0,,,,0.19826667,0.0,0.0,0.0,61.01
3,15,1,0,,,,0.16775,0.0,0.0,0.0,21.1
3,16,1,0,,,,0.19218333,0.0,0.0,0.0,26.26
3,17,1,0,,,,0.63301665,0.0,0.0,0.0,16.96
3,18,1,0,,,,1.9303334,0.0,0.0,0.0,0.0
3,19,1,0,,,,0.26575,0.0,0.0,0.0,0.0
3,20,1,0,,,,1.0794834,0.0,0.0,0.0,0.0
3,21,1,0,,,,0.9360167,0.0,0.0,0.0,0.0
3,22,1,0,,,,1.4672667,0.0,0.0,0.0,0.0
3,23,1,0,,,,0.9555,0.0,0.0,0.0,0.0
3,24,1,0,,,,1.7993833,0.0,0.0,0.0,0.0
3,1,2,0,,,,1.5231333,0.0,0.0,0.0,0.0
3,2,2,0,,,,1.8991166,0.0,0.0,0.0,0.0
3,3,2,0,,,,0.29358333,0.0,0.0,0.0,0.0
3,4,2,0,,,,2.0091166,0.0,0.0,0.0,0.0
3,5,2,0,,,,0.9422,0.0,0.0,0.0,0.0
3,6,2,0,,,,1.4774333,0.0,0.0,0.0,0.0
3,7,2,0,,,,1.32375,0.0,0.0,0.0,0.0
3,8,2,0,,,,0.6569167,0.0,0.0,0.0,51.6
3,9,2,0,,,,0.35175,0.0,0.0,0.0,319.27
3,10,2,0,,,,1.18255,0.0,0.0,0.0,526.42
3,11,2,0,,,,1.6747084,0.0,0.0,0.0,559.79
3,12,2,0,,,,0.1232,0.0,0.0,0.0,691.78
3,13,2,0,,,,0.16835,0.0,0.0,0.0,785.64
3,14,2,0,,,,0.11708333,0.0,0.0,0.0,792.01
3,15,2,0,,,,0.13918333,0.0,0.0,0.0,634.09
3,16,2,0,,,,0.12343334,0.0,0.0,0.0,500.69
3,17,2,0,,,,0.25096667,0.0,0.0,0.0,214.9
3,18,2,0,,,,0.42788333,0.0,0.0,0.0,5.21
3,19,2,0,,,,0.58385,0.0,0.0,0.0,0.0
3,20,2,0,,,,0.6257,0.0,0.0,0.0,0.0
3,21,2,0,,,,0.60506666,0.0,0.0,0.0,0.0
3,22,2,0,,,,1.0311167,0.0,0.0,0.0,0.0
3,23,2,0,,,,1.12665,0.0,0.0,0.0,0.0
3,24,2,0,,,,0.43688333,0.0,0.0,0.0,0.0
3,1,3,0,,,,0.4129,0.0,0.0,0.0,0.0
3,2,3,0,,,,0.22221667,0.0,0.0,0.0,0.0
3,3,3,0,,,,0.3358,0.0,0.0,0.0,0.0
3,4,3,0,,,,0.5387333,0.0,0.0,0.0,0.0
3,5,3,0,,,,0.17515,0.0,0.0,0.0,0.0
3,6,3,0,,,,0.14135,0.0,0.0,0.0,0.0
3,7,3,0,,,,0.16921666,0.0,0.0,0.0,0.0
3,8,3,0,,,,0.17411667,0.0,0.0,0.0,73.39
3,9,3,0,,,,0.20146666,0.0,0.0,0.0,61.07
3,10,3,0,,,,0.16636667,0.0,0.0,0.0,438.83
3,11,3,0,,,,0.17895,0.0,0.0,0.0,455.06
3,12,3,0,,,,0.16056667,0.0,0.0,0.0,715.88
3,13,3,0,,,,0.18548334,0.0,0.0,0.0,666.85
3,14,3,0,,,,0.36421666,0.0,0.0,0.0,686.61
3,15,3,0,,,,0.18923333,0.0,0.0,0.0,458.42
3,16,3,0,,,,0.16446666,0.0,0.0,0.0,13.43
3,17,3,0,,,,0.4024,0.0,0.0,0.0,46.49
3,18,3,0,,,,0.43151668,0.0,0.0,0.0,5.58
3,19,3,0,,,,0.47806665,0.0,0.0,0.0,0.0
3,20,3,0,,,,0.9249333,0.0,0.0,0.0,0.0
3,21,3,0,,,,0.5341667,0.0,0.0,0.0,0.0
3,22,3,0,,,,0.35015,0.0,0.0,0.0,0.0
3,23,3,0,,,,0.35203335,0.0,0.0,0.0,0.0
3,24,3,0,,,,0.21313334,0.0,0.0,0.0,0.0
3,1,4,0,,,,0.19676666,0.0,0.0,0.0,0.0
3,2,4,0,,,,0.15065,0.0,0.0,0.0,0.0
3,3,4,0,,,,0.19555,0.0,0.0,0.0,0.0
3,4,4,0,,,,0.1662,0.0,0.0,0.0,0.0
3,5,4,0,,,,0.17375,0.0,0.0,0.0,0.0
3,6,4,0,,,,0.16493334,0.0,0.0,0.0,0.0
3,7,4,0,,,,0.18103333,0.0,0.0,0.0,0.0
3,8,4,0,,,,0.1965,0.0,0.0,0.0,82.2
3,9,4,0,,,,0.52716666,0.0,0.0,0.0,310.29
3,10,4,0,,,,0.5491,0.0,0.0,0.0,534.13
3,11,4,0,,,,0.5470333,0.0,0.0,0.0,686.61
3,12,4,0,,,,0.1784,0.0,0.0,0.0,758.63
3,13,4,0,,,,0.34036666,0.0,0.0,0.0,750.57
3,14,4,0,,,,0.19136667,0.0,0.0,0.0,711.4
3,15,4,0,,,,0.11683334,0.0,0.0,0.0,556.07
3,16,4,0,,,,0.14598334,0.0,0.0,0.0,270.92
3,17,4,0,,,,0.1189,0.0,0.0,0.0,84.3
3,18,4,0,,,,0.14743334,0.0,0.0,0.0,4.57
3,19,4,0,,,,0.12983334,0.0,0.0,0.0,0.0
3,20,4,0,,,,0.15156667,0.0,0.0,0.0,0.0
3,21,4,0,,,,0.17125,0.0,0.0,0.0,0.0
3,22,4,0,,,,0.20455,0.0,0.0,0.0,0.0
3,23,4,0,,,,0.4489,0.0,0.0,0.0,0.0
3,24,4,0,,,,0.49045834,0.0,0.0,0.0,0.0
3,1,5,0,,,,0.8349,0.0,0.0,0.0,0.0
3,2,5,0,,,,0.48155,0.0,0.0,0.0,0.0
3,3,5,0,,,,0.25895834,0.0,0.0,0.0,0.0
3,4,5,0,,,,0.2131,0.0,0.0,0.0,0.0
3,5,5,0,,,,0.2228,0.0,0.0,0.0,0.0
3,6,5,0,,,,0.088583365,0.0,0.0,0.0,0.0
3,7,5,0,,,,0.18916667,0.0,0.0,0.0,0.0
3,8,5,0,,,,0.17463334,0.0,0.0,0.0,0.36
3,9,5,0,,,,0.21416667,0.0,0.0,0.0,70.13
3,10,5,0,,,,0.17641667,0.0,0.0,0.0,162.36
3,11,5,0,,,,0.16318333,0.0,0.0,0.0,244.61
3,12,5,0,,,,0.18571667,0.0,0.0,0.0,75.82
3,13,5,0,,,,0.16141666,0.0,0.0,0.0,29.05
3,14,5,0,,,,0.18376666,0.0,0.0,0.0,157.16
3,15,5,0,,,,0.11123333,0.0,0.0,0.0,104.75
3,16,5,0,,,,0.1618,0.0,0.0,0.0,233.25
3,17,5,0,,,,0.10881667,0.0,0.0,0.0,42.08
3,18,5,0,,,,0.35808334,0.0,0.0,0.0,10.79
3,19,5,0,,,,0.2531,0.0,0.0,0.0,0.0
3,20,5,0,,,,0.33991668,0.0,0.0,0.0,0.0
3,21,5,0,,,,0.46943334,0.0,0.0,0.0,0.0
3,22,5,0,,,,0.25628334,0.0,0.0,0.0,0.0
3,23,5,0,,,,0.22283334,0.0,0.0,0.0,0.0
3,24,5,0,,,,0.66229165,0.0,0.0,0.0,0.0
3,1,6,0,,,,0.47278333,0.0,0.0,0.0,0.0
3,2,6,0,,,,0.36385,0.0,0.0,0.0,0.0
3,3,6,0,,,,0.3034,0.0,0.0,0.0,0.0
3,4,6,0,,,,0.33286667,0.0,0.0,0.0,0.0
3,5,6,0,,,,0.33155,0.0,0.0,0.0,0.0
3,6,6,0,,,,0.2407,0.0,0.0,0.0,0.0
3,7,6,0,,,,0.30678332,0.0,0.0,0.0,0.0
3,8,6,0,,,,0.26605,0.0,0.0,0.0,0.37
3,9,6,0,,,,0.3096,0.0,0.0,0.0,164.91
3,10,6,0,,,,0.72713333,0.0,0.0,0.0,104.45
3,11,6,0,,,,0.9116167,0.0,0.0,0.0,390.27
3,12,6,0,,,,0.59491664,0.0,0.0,0.0,288.04
3,13,6,0,,,,0.51085,0.0,0.0,0.0,144.46
3,14,6,0,,,,0.65495,0.0,0.0,0.0,50.51
3,15,6,0,,,,1.0248,0.0,0.0,0.0,22.62
3,16,6,0,,,,2.2159834,0.0,0.0,0.0,133.93
3,17,6,0,,,,1.2888833,0.0,0.0,0.0,118.86
3,18,6,0,,,,0.9644,0.0,0.0,0.0,74.88
3,19,6,0,,,,1.2955166,0.0,0.0,0.0,0.0
3,20,6,0,,,,0.8322,0.0,0.0,0.0,0.0
3,21,6,0,,,,0.96706665,0.0,0.0,0.0,0.0
3,22,6,0,,,,0.71528333,0.0,0.0,0.0,0.0
3,23,6,0,,,,0.54508334,0.0,0.0,0.0,0.0
3,24,6,0,,,,0.39426666,0.0,0.0,0.0,0.0
3,1,7,0,,,,0.21716666,0.0,0.0,0.0,0.0
3,2,7,0,,,,0.26471666,0.0,0.0,0.0,0.0
3,3,7,0,,,,0.2061,0.0,0.0,0.0,0.0
3,4,7,0,,,,0.19355,0.0,0.0,0.0,0.0
3,5,7,0,,,,0.19066666,0.0,0.0,0.0,0.0
3,6,7,0,,,,0.20631666,0.0,0.0,0.0,0.0
3,7,7,0,,,,0.17371666,0.0,0.0,0.0,0.0
3,8,7,0,,,,0.19828333,0.0,0.0,0.0,92.06
3,9,7,0,,,,0.20315,0.0,0.0,0.0,321.69
3,10,7,0,,,,0.16476667,0.0,0.0,0.0,473.9
3,11,7,0,,,,0.2012,0.0,0.0,0.0,438.11
3,12,7,0,,,,0.84645,0.0,0.0,0.0,771.3
3,13,7,0,,,,1.0236334,0.0,0.0,0.0,618.14
3,14,7,0,,,,1.4686333,0.0,0.0,0.0,324.82
3,15,7,0,,,,1.46825,0.0,0.0,0.0,63.51
3,16,7,0,,,,1.2649666,0.0,0.0,0.0,36.75
3,17,7,0,,,,1.3880334,0.0,0.0,0.0,41.64
3,18,7,0,,,,1.2159333,0.0,0.0,0.0,50.79
3,19,7,0,,,,0.99126667,0.0,0.0,0.0,0.0
3,20,7,0,,,,0.87975,0.0,0.0,0.0,0.0
3,21,7,0,,,,0.7608,0.0,0.0,0.0,0.0
3,22,7,0,,,,1.09105,0.0,0.0,0.0,0.0
3,23,7,0,,,,0.5420833,0.0,0.0,0.0,0.0
3,24,7,0,,,,0.48304167,0.0,0.0,0.0,0.0
3,1,1,0,,,,0.40575,0.0,0.0,0.0,0.0
3,2,1,0,,,,0.2351,0.0,0.0,0.0,0.0
3,3,1,0,,,,0.1732,0.0,0.0,0.0,0.0
3,4,1,0,,,,0.18313333,0.0,0.0,0.0,0.0
3,5,1,0,,,,0.20551667,0.0,0.0,0.0,0.0
3,6,1,0,,,,0.18221667,0.0,0.0,0.0,0.0
3,7,1,0,,,,0.1862,0.0,0.0,0.0,0.0
3,8,1,0,,,,0.20591667,0.0,0.0,0.0,120.83
3,9,1,0,,,,0.29251668,0.0,0.0,0.0,370.18
3,10,1,0,,,,1.3686,0.0,0.0,0.0,600.81
3,11,1,0,,,,1.0329833,0.0,0.0,0.0,755.29
3,12,1,0,,,,1.0014666,0.0,0.0,0.0,845.43
3,13,1,0,,,,1.2805834,0.0,0.0,0.0,874.92
3,14,1,0,,,,0.98545,0.0,0.0,0.0,836.48
3,15,1,0,,,,1.05125,0.0,0.0,0.0,732.91
3,16,1,0,,,,1.3577334,0.0,0.0,0.0,569.2
3,17,1,0,,,,1.3290833,0.0,0.0,0.0,347.11
3,18,1,0,,,,0.97711664,0.0,0.0,0.0,94.98
3,19,1,0,,,,1.6003667,0.0,0.0,0.0,0.0
3,20,1,0,,,,1.0367,0.0,0.0,0.0,0.0
3,21,1,0,,,,0.8036,0.0,0.0,0.0,0.0
3,22,1,0,,,,1.0190834,0.0,0.0,0.0,0.0
3,23,1,0,,,,0.5753833,0.0,0.0,0.0,0.0
3,24,1,0,,,,0.533075,0.0,0.0,0.0,0.0
3,1,2,0,,,,0.25318334,0.0,0.0,0.0,0.0
3,2,2,0,,,,0.28016666,0.0,0.0,0.0,0.0
3,3,2,0,,,,0.38145,0.0,0.0,0.0,0.0
3,4,2,0,,,,0.28111666,0.0,0.0,0.0,0.0
3,5,2,0,,,,0.28079167,0.0,0.0,0.0,0.0
3,6,2,0,,,,0.27088332,0.0,0.0,0.0,0.0
3,7,2,0,,,,0.31306666,0.0,0.0,0.0,0.0
3,8,2,0,,,,0.31023332,0.0,0.0,0.0,0.0
3,9,2,0,,,,0.34988335,0.0,0.0,0.0,65.71
3,10,2,0,,,,0.46366668,0.0,0.0,0.0,139.98
3,11,2,0,,,,0.69887775,0.0,0.0,0.0,325.2
3,12,2,0,,,,0.49421668,0.0,0.0,0.0,403.79
3,13,2,0,,,,0.80005,0.0,0.0,0.0,413.15
3,14,2,0,,,,0.89096665,0.0,0.0,0.0,324.67
3,15,2,0,,,,1.04555,0.0,0.0,0.0,286.75
3,16,2,0,,,,1.19045,0.0,0.0,0.0,0.0
3,17,2,0,,,,0.8933333,0.0,0.0,0.0,149.48
3,18,2,0,,,,1.3438333,0.0,0.0,0.0,82.5
3,19,2,0,,,,1.0639167,0.0,0.0,0.0,0.0
3,20,2,0,,,,0.76305,0.0,0.0,0.0,0.0
3,21,2,0,,,,0.96465,0.0,0.0,0.0,0.0
3,22,2,0,,,,0.7363,0.0,0.0,0.0,0.0
3,23,2,0,,,,0.6867333,0.0,0.0,0.0,0.0
3,24,2,0,,,,0.34375834,0.0,0.0,0.0,0.0
3,1,3,0,,,,0.21921666,0.0,0.0,0.0,0.0
3,2,3,0,,,,0.17803334,0.0,0.0,0.0,0.0
3,3,3,0,,,,0.21195,0.0,0.0,0.0,0.0
3,4,3,0,,,,0.19613333,0.0,0.0,0.0,0.0
3,5,3,0,,,,0.28286666,0.0,0.0,0.0,0.0
3,6,3,0,,,,0.57766664,0.0,0.0,0.0,0.0
3,7,3,0,,,,0.19063333,0.0,0.0,0.0,0.0
3,8,3,0,,,,0.2275,0.0,0.0,0.0,59.64
3,9,3,0,,,,0.21216667,0.0,0.0,0.0,301.36
3,10,3,0,,,,0.16043334,0.0,0.0,0.0,556.67
3,11,3,0,,,,0.21293333,0.0,0.0,0.0,719.16
3,12,3,0,,,,0.44221666,0.0,0.0,0.0,807.63
3,13,3,0,,,,0.47878334,0.0,0.0,0.0,843.7
3,14,3,0,,,,0.7978,0.0,0.0,0.0,728.96
3,15,3,0,,,,0.8606667,0.0,0.0,0.0,554.95
3,16,3,0,,,,0.94745,0.0,0.0,0.0,466.39
3,17,3,0,,,,1.0429667,0.0,0.0,0.0,338.53
3,18,3,0,,,,0.8516167,0.0,0.0,0.0,65.29
3,19,3,0,,,,0.9387,0.0,0.0,0.0,0.0
3,20,3,0,,,,1.0466167,0.0,0.0,0.0,0.0
3,21,3,0,,,,0.68326664,0.0,0.0,0.0,0.0
3,22,3,0,,,,0.88855,0.0,0.0,0.0,0.0
3,23,3,0,,,,0.9888167,0.0,0.0,0.0,0.0
3,24,3,0,,,,0.71543336,0.0,0.0,0.0,0.0
3,1,4,0,,,,0.5172833,0.0,0.0,0.0,0.0
3,2,4,0,,,,0.2737,0.0,0.0,0.0,0.0
3,3,4,0,,,,0.30001667,0.0,0.0,0.0,0.0
3,4,4,0,,,,0.26995,0.0,0.0,0.0,0.0
3,5,4,0,,,,0.28468335,0.0,0.0,0.0,0.0
3,6,4,0,,,,0.27011666,0.0,0.0,0.0,0.0
3,7,4,0,,,,0.27866668,0.0,0.0,0.0,0.0
3,8,4,0,,,,0.27428332,0.0,0.0,0.0,1.21
3,9,4,0,,,,0.4472,0.0,0.0,0.0,41.29
3,10,4,0,,,,0.2359,0.0,0.0,0.0,36.36
3,11,4,0,,,,0.58725,0.0,0.0,0.0,70.21
3,12,4,0,,,,0.92605,0.0,0.0,0.0,69.28
3,13,4,0,,,,1.11295,0.0,0.0,0.0,74.64
3,14,4,0,,,,0.7652,0.0,0.0,0.0,58.73
3,15,4,0,,,,0.80618334,0.0,0.0,0.0,149.24
3,16,4,0,,,,0.90713334,0.0,0.0,0.0,273.81
3,17,4,0,,,,0.95155,0.0,0.0,0.0,110.31
3,18,4,0,,,,0.98413336,0.0,0.0,0.0,65.9
3,19,4,0,,,,0.9193,0.0,0.0,0.0,0.0
3,20,4,0,,,,0.6351,0.0,0.0,0.0,0.0
3,21,4,0,,,,0.8284,0.0,0.0,0.0,0.0
3,22,4,0,,,,0.515,0.0,0.0,0.0,0.0
3,23,4,0,,,,0.7593667,0.0,0.0,0.0,0.0
3,24,4,0,,,,0.6181,0.0,0.0,0.0,0.0
3,1,5,0,,,,0.3745,0.0,0.0,0.0,0.0
3,2,5,0,,,,0.33688334,0.0,0.0,0.0,0.0
3,3,5,0,,,,0.33395,0.0,0.0,0.0,0.0
3,4,5,0,,,,0.3488,0.0,0.0,0.0,0.0
3,5,5,0,,,,0.40046668,0.0,0.0,0.0,0.0
3,6,5,0,,,,0.39353332,0.0,0.0,0.0,0.0
3,7,5,0,,,,0.88116664,0.0,0.0,0.0,0.0
3,8,5,0,,,,0.6939667,0.0,0.0,0.0,27.15
3,9,5,0,,,,0.75586665,0.0,0.0,0.0,46.64
3,10,5,0,,,,0.28756666,0.0,0.0,0.0,137.23
3,11,5,0,,,,0.12708333,0.0,0.0,0.0,365.47
3,12,5,0,,,,0.16443333,0.0,0.0,0.0,208.97
3,13,5,0,,,,0.10345,0.0,0.0,0.0,605.51
3,14,5,0,,,,0.7818,0.0,0.0,0.0,821.73
3,15,5,0,,,,0.7772167,0.0,0.0,0.0,700.53
3,16,5,0,,,,0.8907,0.0,0.0,0.0,555.64
3,17,5,0,,,,1.1243167,0.0,0.0,0.0,331.38
3,18,5,0,,,,0.8601,0.0,0.0,0.0,75.66
3,19,5,0,,,,0.88493335,0.0,0.0,0.0,0.0
3,20,5,0,,,,0.83305,0.0,0.0,0.0,0.0
3,21,5,0,,,,0.72506666,0.0,0.0,0.0,0.0
3,22,5,0,,,,0.56045,0.0,0.0,0.0,0.0
3,23,5,0,,,,0.85705,0.0,0.0,0.0,0.0
3,24,5,0,,,,0.8675,0.0,0.0,0.0,0.0
3,1,6,0,,,,0.6572833,0.0,0.0,0.0,0.0
3,2,6,0,,,,0.2394,0.0,0.0,0.0,0.0
3,3,6,0,,,,0.20546667,0.0,0.0,0.0,0.0
3,4,6,0,,,,0.248,0.0,0.0,0.0,0.0
3,5,6,0,,,,0.31501666,0.0,0.0,0.0,0.0
3,6,6,0,,,,0.32868335,0.0,0.0,0.0,0.0
3,7,6,0,,,,0.34361666,0.0,0.0,0.0,0.0
3,8,6,0,,,,0.32201666,0.0,0.0,0.0,94.33
3,9,6,0,,,,0.35025,0.0,0.0,0.0,344.44
3,10,6,0,,,,0.31726667,0.0,0.0,0.0,574.24
3,11,6,0,,,,0.46305,0.0,0.0,0.0,727.38
3,12,6,0,,,,0.64883333,0.0,0.0,0.0,823.42
3,13,6,0,,,,0.5905167,0.0,0.0,0.0,830.76
3,14,6,0,,,,0.47208333,0.0,0.0,0.0,810.8
3,15,6,0,,,,0.80093336,0.0,0.0,0.0,709.5
3,16,6,0,,,,1.2124667,0.0,0.0,0.0,300.96
3,17,6,0,,,,1.57005,0.0,0.0,0.0,168.81
3,18,6,0,,,,1.2271833,0.0,0.0,0.0,16.79
3,19,6,0,,,,0.6997833,0.0,0.0,0.0,0.0
3,20,6,0,,,,0.99181664,0.0,0.0,0.0,0.0
3,21,6,0,,,,0.8247333,0.0,0.0,0.0,0.0
3,22,6,0,,,,0.46671668,0.0,0.0,0.0,0.0
3,23,6,0,,,,0.77745,0.0,0.0,0.0,0.0
3,24,6,0,,,,0.5342917,0.0,0.0,0.0,0.0
3,1,7,0,,,,0.26956666,0.0,0.0,0.0,0.0
3,2,7,0,,,,0.24311666,0.0,0.0,0.0,0.0
3,3,7,0,,,,0.20966667,0.0,0.0,0.0,0.0
3,4,7,0,,,,0.22108333,0.0,0.0,0.0,0.0
3,5,7,0,,,,0.59515,0.0,0.0,0.0,0.0
3,6,7,0,,,,0.68425,0.0,0.0,0.0,0.0
3,7,7,0,,,,0.21711667,0.0,0.0,0.0,0.0
3,8,7,0,,,,0.18248333,0.0,0.0,0.0,62.58
3,9,7,0,,,,0.21666667,0.0,0.0,0.0,46.93
3,10,7,0,,,,0.20315,0.0,0.0,0.0,87.57
3,11,7,0,,,,0.1694,0.0,0.0,0.0,182.95
3,12,7,0,,,,0.34671667,0.0,0.0,0.0,99.77
3,13,7,0,,,,0.7098333,0.0,0.0,0.0,32.48
3,14,7,0,,,,0.87796664,0.0,0.0,0.0,68.84
3,15,7,0,,,,1.0471166,0.0,0.0,0.0,82.2
3,16,7,0,,,,1.14315,0.0,0.0,0.0,50.59
3,17,7,0,,,,1.1979667,0.0,0.0,0.0,51.4
3,18,7,0,,,,0.7488833,0.0,0.0,0.0,39.14
3,19,7,0,,,,0.36733332,0.0,0.0,0.0,0.0
3,20,7,0,,,,0.39591667,0.0,0.0,0.0,0.0
3,21,7,0,,,,0.18013333,0.0,0.0,0.0,0.0
3,22,7,0,,,,0.38771668,0.0,0.0,0.0,0.0
3,23,7,0,,,,0.50365,0.0,0.0,0.0,0.0
3,24,7,0,,,,0.47106665,0.0,0.0,0.0,0.0
3,1,1,0,,,,0.25593334,0.0,0.0,0.0,0.0
3,2,1,0,,,,0.20701666,0.0,0.0,0.0,0.0
3,3,1,0,,,,0.23846667,0.0,0.0,0.0,0.0
3,4,1,0,,,,0.23663333,0.0,0.0,0.0,0.0
3,5,1,0,,,,0.21721667,0.0,0.0,0.0,0.0
3,6,1,0,,,,0.22788334,0.0,0.0,0.0,0.0
3,7,1,0,,,,0.5182667,0.0,0.0,0.0,0.0
3,8,1,0,,,,0.73995,0.0,0.0,0.0,7.11
3,9,1,0,,,,1.0447,0.0,0.0,0.0,85.39
3,10,1,0,,,,0.5566667,0.0,0.0,0.0,125.9
3,11,1,0,,,,0.50046664,0.0,0.0,0.0,325.53
3,12,1,0,,,,0.17393333,0.0,0.0,0.0,476.18
3,13,1,0,,,,0.20116666,0.0,0.0,0.0,293.55
3,14,1,0,,,,0.22145,0.0,0.0,0.0,270.68
3,15,1,0,,,,0.22363333,0.0,0.0,0.0,148.35
3,16,1,0,,,,0.48285,0.0,0.0,0.0,208.55
3,17,1,0,,,,0.6239333,0.0,0.0,0.0,133.82
3,18,1,0,,,,0.97996664,0.0,0.0,0.0,7.54
3,19,1,0,,,,0.71543336,0.0,0.0,0.0,0.0
3,20,1,0,,,,1.1019666,0.0,0.0,0.0,0.0
3,21,1,0,,,,0.80251664,0.0,0.0,0.0,0.0
3,22,1,0,,,,0.5912389,0.0,0.0,0.0,0.0
3,23,1,0,,,,0.57376665,0.0,0.0,0.0,0.0
3,24,1,0,,,,0.5171833,0.0,0.0,0.0,0.0
3,1,2,0,,,,0.29031667,0.0,0.0,0.0,0.0
3,2,2,0,,,,0.3069,0.0,0.0,0.0,0.0
3,3,2,0,,,,0.49893335,0.0,0.0,0.0,0.0
3,4,2,0,,,,2.5041,0.0,0.0,0.0,0.0
3,5,2,0,,,,0.7248333,0.0,0.0,0.0,0.0
3,6,2,0,,,,0.23728333,0.0,0.0,0.0,0.0
3,7,2,0,,,,0.22193334,0.0,0.0,0.0,0.0
3,8,2,0,,,,0.43543333,0.0,0.0,0.0,83.91
3,9,2,0,,,,0.33865,0.0,0.0,0.0,89.97
3,10,2,0,,,,0.15735,0.0,0.0,0.0,103.2
3,11,2,0,,,,1.1951333,0.0,0.0,0.0,71.02
3,12,2,0,,,,0.17006667,0.0,0.0,0.0,157.94
3,13,2,0,,,,0.31113333,0.0,0.0,0.0,201.15
3,14,2,0,,,,0.55935,0.0,0.0,0.0,210.18
3,15,2,0,,,,0.20326667,0.0,0.0,0.0,94.8
3,16,2,0,,,,0.1788,0.0,0.0,0.0,284.11
3,17,2,0,,,,0.29706666,0.0,0.0,0.0,197.82
3,18,2,0,,,,2.36365,0.0,0.0,0.0,70.93
3,19,2,0,,,,0.38750833,0.0,0.0,0.0,0.0
3,20,2,0,,,,0.47371668,0.0,0.0,0.0,0.0
3,21,2,0,,,,0.51795,0.0,0.0,0.0,0.0
3,22,2,0,,,,0.5024667,0.0,0.0,0.0,0.0
3,23,2,0,,,,0.8976,0.0,0.0,0.0,0.0
3,24,2,0,,,,0.58939165,0.0,0.0,0.0,0.0
3,1,3,0,,,,0.43225,0.0,0.0,0.0,0.0
3,2,3,0,,,,2.2348332,0.0,0.0,0.0,0.0
3,3,3,0,,,,0.45336667,0.0,0.0,0.0,0.0
3,4,3,0,,,,0.28683335,0.0,0.0,0.0,0.0
3,5,3,0,,,,2.0684166,0.0,0.0,0.0,0.0
3,6,3,0,,,,0.34903333,0.0,0.0,0.0,0.0
3,7,3,0,,,,1.3872334,0.0,0.0,0.0,0.0
3,8,3,0,,,,0.49841666,0.0,0.0,0.0,4.73
3,9,3,0,,,,0.58786666,0.0,0.0,0.0,26.27
3,10,3,0,,,,0.17218333,0.0,0.0,0.0,261.55
3,11,3,0,,,,1.7081,0.0,0.0,0.0,148.65
3,12,3,0,,,,0.12613334,0.0,0.0,0.0,127.84
3,13,3,0,,,,0.2144,0.0,0.0,0.0,328.34
3,14,3,0,,,,0.1592,0.0,0.0,0.0,110.98
3,15,3,0,,,,0.1844,0.0,0.0,0.0,26.39
3,16,3,0,,,,0.18155,0.0,0.0,0.0,75.87
3,17,3,0,,,,0.3102,0.0,0.0,0.0,324.47
3,18,3,0,,,,0.362475,0.0,0.0,0.0,96.14
3,19,3,0,,,,1.74025,0.0,0.0,0.0,0.0
3,20,3,0,,,,0.40501666,0.0,0.0,0.0,0.0
3,21,3,0,,,,1.2998166,0.0,0.0,0.0,0.0
3,22,3,0,,,,3.3412166,0.0,0.0,0.0,0.0
3,23,3,0,,,,2.3472,0.0,0.0,0.0,0.0
3,24,3,0,,,,0.867025,0.0,0.0,0.0,0.0
3,1,4,0,,,,0.26928332,0.0,0.0,0.0,0.0
3,2,4,0,,,,0.23168333,0.0,0.0,0.0,0.0
3,3,4,0,,,,0.53318334,0.0,0.0,0.0,0.0
3,4,4,0,,,,2.1808667,0.0,0.0,0.0,0.0
3,5,4,0,,,,0.32176667,0.0,0.0,0.0,0.0
3,6,4,0,,,,0.688,0.0,0.0,0.0,0.0
3,7,4,0,,,,1.5674167,0.0,0.0,0.0,0.0
3,8,4,0,,,,0.24756667,0.0,0.0,0.0,166.12
3,9,4,0,,,,0.8401,0.0,0.0,0.0,421.4
3,10,4,0,,,,0.35538334,0.0,0.0,0.0,630.8
3,11,4,0,,,,0.20373334,0.0,0.0,0.0,774.1
3,12,4,0,,,,0.44691667,0.0,0.0,0.0,637.62
3,13,4,0,,,,0.42296666,0.0,0.0,0.0,219.67
3,14,4,0,,,,0.6761,0.0,0.0,0.0,732.8
3,15,4,0,,,,0.7148833,0.0,0.0,0.0,406.29
3,16,4,0,,,,0.2784,0.0,0.0,0.0,135.06
3,17,4,0,,,,0.29628333,0.0,0.0,0.0,182.11
3,18,4,0,,,,0.34621668,0.0,0.0,0.0,104.71
3,19,4,0,,,,0.4172,0.0,0.0,0.0,0.0
3,20,4,0,,,,0.46558332,0.0,0.0,0.0,0.0
3,21,4,0,,,,1.1758167,0.0,0.0,0.0,0.0
3,22,4,0,,,,2.6825833,0.0,0.0,0.0,0.0
3,23,4,0,,,,0.68721664,0.0,0.0,0.0,0.0
3,24,4,0,,,,0.5806417,0.0,0.0,0.0,0.0
3,1,5,0,,,,0.64608335,0.0,0.0,0.0,0.0
3,2,5,0,,,,3.2582,0.0,0.0,0.0,0.0
3,3,5,0,,,,1.6167834,0.0,0.0,0.0,0.0
3,4,5,0,,,,0.25515,0.0,0.0,0.0,0.0
3,5,5,0,,,,2.1958833,0.0,0.0,0.0,0.0
3,6,5,0,,,,2.6248,0.0,0.0,0.0,0.0
3,7,5,0,,,,0.55903333,0.0,0.0,0.0,0.0
3,8,5,0,,,,0.16626666,0.0,0.0,0.0,3.74
3,9,5,0,,,,0.31805,0.0,0.0,0.0,17.85
3,10,5,0,,,,2.6881,0.0,0.0,0.0,50.96
3,11,5,0,,,,1.0731,0.0,0.0,0.0,92.48
3,12,5,0,,,,0.1826,0.0,0.0,0.0,91.96
3,13,5,0,,,,0.15218334,0.0,0.0,0.0,181.59
3,14,5,0,,,,0.20343333,0.0,0.0,0.0,132.4
3,15,5,0,,,,0.14621666,0.0,0.0,0.0,737.94
3,16,5,0,,,,0.1996,0.0,0.0,0.0,570.63
3,17,5,0,,,,0.16928333,0.0,0.0,0.0,313.32
3,18,5,0,,,,0.27415,0.0,0.0,0.0,107.25
3,19,5,0,,,,0.43975,0.0,0.0,0.0,0.0
3,20,5,0,,,,0.63208336,0.0,0.0,0.0,0.0
3,21,5,0,,,,0.76586664,0.0,0.0,0.0,0.0
3,22,5,0,,,,0.48495,0.0,0.0,0.0,0.0
3,23,5,0,,,,0.50413334,0.0,0.0,0.0,0.0
3,24,5,0,,,,0.8028333,0.0,0.0,0.0,0.0
3,1,6,0,,,,1.6132166,0.0,0.0,0.0,0.0
3,2,6,0,,,,1.6104667,0.0,0.0,0.0,0.0
3,3,6,0,,,,0.19706666,0.0,0.0,0.0,0.0
3,4,6,0,,,,0.34586668,0.0,0.0,0.0,0.0
3,5,6,0,,,,2.5897,0.0,0.0,0.0,0.0
3,6,6,0,,,,1.4710833,0.0,0.0,0.0,0.0
3,7,6,0,,,,0.23693334,0.0,0.0,0.0,0.0
3,8,6,0,,,,0.1958,0.0,0.0,0.0,85.41
3,9,6,0,,,,1.6348833,0.0,0.0,0.0,220.02
3,10,6,0,,,,0.93958336,0.0,0.0,0.0,312.06
3,11,6,0,,,,0.36115,0.0,0.0,0.0,468.36
3,12,6,0,,,,0.499,0.0,0.0,0.0,486.3
3,13,6,0,,,,0.5851833,0.0,0.0,0.0,404.68
3,14,6,0,,,,0.61315,0.0,0.0,0.0,358.51
3,15,6,0,,,,0.82563335,0.0,0.0,0.0,255.87
3,16,6,0,,,,0.48358333,0.0,0.0,0.0,117.77
3,17,6,0,,,,0.61043334,0.0,0.0,0.0,162.89
3,18,6,0,,,,0.22155,0.0,0.0,0.0,74.23
3,19,6,0,,,,0.51086664,0.0,0.0,0.0,0.0
3,20,6,0,,,,1.75055,0.0,0.0,0.0,0.0
3,21,6,0,,,,0.48573333,0.0,0.0,0.0,0.0
3,22,6,0,,,,0.5002667,0.0,0.0,0.0,0.0
3,23,6,0,,,,0.8681333,0.0,0.0,0.0,0.0
3,24,6,0,,,,0.82448334,0.0,0.0,0.0,0.0
3,1,7,0,,,,0.71031666,0.0,0.0,0.0,0.0
3,2,7,0,,,,0.60595,0.0,0.0,0.0,0.0
3,3,7,0,,,,1.1767833,0.0,0.0,0.0,0.0
3,4,7,0,,,,0.8662,0.0,0.0,0.0,0.0
3,5,7,0,,,,0.91148335,0.0,0.0,0.0,0.0
3,6,7,0,,,,1.0673333,0.0,0.0,0.0,0.0
3,7,7,0,,,,0.6613333,0.0,0.0,0.0,0.0
3,8,7,0,,,,1.4943833,0.0,0.0,0.0,15.22
3,9,7,0,,,,2.2726834,0.0,0.0,0.0,28.93
3,10,7,0,,,,1.0879834,0.0,0.0,0.0,169.0
3,11,7,0,,,,1.30765,0.0,0.0,0.0,261.96
3,12,7,0,,,,0.5613667,0.0,0.0,0.0,811.86
3,13,7,0,,,,0.54758334,0.0,0.0,0.0,417.41
3,14,7,0,,,,0.99335,0.0,0.0,0.0,347.8
3,15,7,0,,,,0.7341667,0.0,0.0,0.0,28.12
3,16,7,0,,,,0.6346,0.0,0.0,0.0,72.25
3,17,7,0,,,,0.51643336,0.0,0.0,0.0,50.64
3,18,7,0,,,,0.50306666,0.0,0.0,0.0,33.4
3,19,7,0,,,,0.75991666,0.0,0.0,0.0,0.0
3,20,7,0,,,,0.4618,0.0,0.0,0.0,0.0
3,21,7,0,,,,0.4671,0.0,0.0,0.0,0.0
3,22,7,0,,,,0.47153333,0.0,0.0,0.0,0.0
3,23,7,0,,,,0.47936666,0.0,0.0,0.0,0.0
3,24,7,0,,,,0.37121665,0.0,0.0,0.0,0.0
3,1,1,0,,,,0.17421667,0.0,0.0,0.0,0.0
3,2,1,0,,,,0.19273333,0.0,0.0,0.0,0.0
3,3,1,0,,,,0.19128333,0.0,0.0,0.0,0.0
3,4,1,0,,,,1.0237666,0.0,0.0,0.0,0.0
3,5,1,0,,,,1.5454834,0.0,0.0,0.0,0.0
3,6,1,0,,,,0.17683333,0.0,0.0,0.0,0.0
3,7,1,0,,,,0.3413,0.0,0.0,0.0,0.0
3,8,1,0,,,,0.40883332,0.0,0.0,0.0,10.48
3,9,1,0,,,,0.7978167,0.0,0.0,0.0,115.54
3,10,1,0,,,,0.29218334,0.0,0.0,0.0,124.41
3,11,1,0,,,,0.38688335,0.0,0.0,0.0,140.1
3,12,1,0,,,,0.42986667,0.0,0.0,0.0,154.85
3,13,1,0,,,,0.41986668,0.0,0.0,0.0,90.7
3,14,1,0,,,,0.4331,0.0,0.0,0.0,144.67
3,15,1,0,,,,0.42001668,0.0,0.0,0.0,29.4
3,16,1,0,,,,0.44413334,0.0,0.0,0.0,21.33
3,17,1,0,,,,0.38198334,0.0,0.0,0.0,122.75
3,18,1,0,,,,0.443,0.0,0.0,0.0,7.79
3,19,1,0,,,,0.47135,0.0,0.0,0.0,0.0
3,20,1,0,,,,0.5054,0.0,0.0,0.0,0.0
3,21,1,0,,,,0.4781,0.0,0.0,0.0,0.0
3,22,1,0,,,,0.52573335,0.0,0.0,0.0,0.0
3,23,1,0,,,,0.6228333,0.0,0.0,0.0,0.0
3,24,1,0,,,,0.73964167,0.0,0.0,0.0,0.0
3,1,2,0,,,,2.0258167,0.0,0.0,0.0,0.0
3,2,2,0,,,,0.20013334,0.0,0.0,0.0,0.0
3,3,2,0,,,,0.1745,0.0,0.0,0.0,0.0
3,4,2,0,,,,1.7767333,0.0,0.0,0.0,0.0
3,5,2,0,,,,0.15598333,0.0,0.0,0.0,0.0
3,6,2,0,,,,0.1834,0.0,0.0,0.0,0.0
3,7,2,0,,,,1.26725,0.0,0.0,0.0,1.27
3,8,2,0,,,,0.49511668,0.0,0.0,0.0,181.33
3,9,2,0,,,,0.32933334,0.0,0.0,0.0,437.63
3,10,2,0,,,,0.36606666,0.0,0.0,0.0,637.39
3,11,2,0,,,,0.21598333,0.0,0.0,0.0,770.27
3,12,2,0,,,,0.33883333,0.0,0.0,0.0,855.97
3,13,2,0,,,,0.33566666,0.0,0.0,0.0,883.24
3,14,2,0,,,,0.5466167,0.0,0.0,0.0,843.03
3,15,2,0,,,,0.66258335,0.0,0.0,0.0,754.94
3,16,2,0,,,,0.4989,0.0,0.0,0.0,597.68
3,17,2,0,,,,0.43135,0.0,0.0,0.0,382.1
3,18,2,0,,,,0.4516,0.0,0.0,0.0,129.21
3,19,2,0,,,,0.47968334,0.0,0.0,0.0,0.0
3,20,2,0,,,,0.5144,0.0,0.0,0.0,0.0
3,21,2,0,,,,0.68361664,0.0,0.0,0.0,0.0
3,22,2,0,,,,0.44891667,0.0,0.0,0.0,0.0
3,23,2,0,,,,0.51235,0.0,0.0,0.0,0.0
3,24,2,0,,,,0.6326,0.0,0.0,0.0,0.0
3,1,3,0,,,,0.53045,0.0,0.0,0.0,0.0
3,2,3,0,,,,0.49955,0.0,0.0,0.0,0.0
3,3,3,0,,,,0.28973332,0.0,0.0,0.0,0.0
3,4,3,0,,,,0.25685,0.0,0.0,0.0,0.0
3,5,3,0,,,,0.18243334,0.0,0.0,0.0,0.0
3,6,3,0,,,,0.22485,0.0,0.0,0.0,0.0
3,7,3,0,,,,0.2117,0.0,0.0,0.0,3.74
3,8,3,0,,,,0.33336666,0.0,0.0,0.0,169.58
3,9,3,0,,,,0.63775,0.0,0.0,0.0,182.16
3,10,3,0,,,,0.39036667,0.0,0.0,0.0,267.34
3,11,3,0,,,,0.6548167,0.0,0.0,0.0,332.42
3,12,3,0,,,,0.61695,0.0,0.0,0.0,423.47
3,13,3,0,,,,0.44185,0.0,0.0,0.0,351.0
3,14,3,0,,,,0.3213,0.0,0.0,0.0,503.4
3,15,3,0,,,,0.30408335,0.0,0.0,0.0,723.41
3,16,3,0,,,,0.9174,0.0,0.0,0.0,578.21
3,17,3,0,,,,0.6822583,0.0,0.0,0.0,347.89
3,18,3,0,,,,0.63013333,0.0,0.0,0.0,80.52
3,19,3,0,,,,0.6497,0.0,0.0,0.0,0.0
3,20,3,0,,,,0.5359667,0.0,0.0,0.0,0.0
3,21,3,0,,,,0.47088334,0.0,0.0,0.0,0.0
3,22,3,0,,,,0.46511668,0.0,0.0,0.0,0.0
3,23,3,0,,,,0.8697,0.0,0.0,0.0,0.0
3,24,3,0,,,,0.64519167,0.0,0.0,0.0,0.0
3,1,4,0,,,,0.55113333,0.0,0.0,0.0,0.0
3,2,4,0,,,,0.56296664,0.0,0.0,0.0,0.0
3,3,4,0,,,,0.60065,0.0,0.0,0.0,0.0
3,4,4,0,,,,0.65853333,0.0,0.0,0.0,0.0
3,5,4,0,,,,0.2707,0.0,0.0,0.0,0.0
3,6,4,0,,,,0.18403333,0.0,0.0,0.0,0.0
3,7,4,0,,,,0.18065,0.0,0.0,0.0,0.0
3,8,4,0,,,,0.20061667,0.0,0.0,0.0,27.82
3,9,4,0,,,,0.17785,0.0,0.0,0.0,113.87
3,10,4,0,,,,0.2029,0.0,0.0,0.0,140.48
3,11,4,0,,,,0.15131667,0.0,0.0,0.0,126.35
3,12,4,0,,,,0.37278333,0.0,0.0,0.0,193.94
3,13,4,0,,,,0.36643332,0.0,0.0,0.0,405.62
3,14,4,0,,,,0.1848,0.0,0.0,0.0,819.78
3,15,4,0,,,,0.33575,0.0,0.0,0.0,713.77
3,16,4,0,,,,0.65375,0.0,0.0,0.0,564.81
3,17,4,0,,,,0.86766666,0.0,0.0,0.0,358.74
3,18,4,0,,,,0.5417167,0.0,0.0,0.0,121.73
3,19,4,0,,,,0.53715,0.0,0.0,0.0,0.0
3,20,4,0,,,,0.49551666,0.0,0.0,0.0,0.0
3,21,4,0,,,,0.50586665,0.0,0.0,0.0,0.0
3,22,4,0,,,,0.6108,0.0,0.0,0.0,0.0
3,23,4,0,,,,0.6666833,0.0,0.0,0.0,0.0
3,24,4,0,,,,0.5382583,0.0,0.0,0.0,0.0
3,1,5,0,,,,0.5401667,0.0,0.0,0.0,0.0
3,2,5,0,,,,0.52835,0.0,0.0,0.0,0.0
3,3,5,0,,,,0.5140667,0.0,0.0,0.0,0.0
3,4,5,0,,,,0.3307,0.0,0.0,0.0,0.0
3,5,5,0,,,,0.30983335,0.0,0.0,0.0,0.0
3,6,5,0,,,,0.6484,0.0,0.0,0.0,0.0
3,7,5,0,,,,0.30975834,0.0,0.0,0.0,4.84
3,8,5,0,,,,0.23066667,0.0,0.0,0.0,186.04
3,9,5,0,,,,0.2502,0.0,0.0,0.0,419.02
3,10,5,0,,,,0.22515,0.0,0.0,0.0,606.13
3,11,5,0,,,,0.21913333,0.0,0.0,0.0,736.8
3,12,5,0,,,,0.18221667,0.0,0.0,0.0,829.28
3,13,5,0,,,,0.27293333,0.0,0.0,0.0,837.0
3,14,5,0,,,,0.30981666,0.0,0.0,0.0,801.03
3,15,5,0,,,,0.41305,0.0,0.0,0.0,704.46
3,16,5,0,,,,0.4085,0.0,0.0,0.0,554.58
3,17,5,0,,,,0.47786668,0.0,0.0,0.0,353.05
3,18,5,0,,,,0.6719,0.0,0.0,0.0,124.87
3,19,5,0,,,,0.8745667,0.0,0.0,0.0,0.0
3,20,5,0,,,,0.5100833,0.0,0.0,0.0,0.0
3,21,5,0,,,,0.53638333,0.0,0.0,0.0,0.0
3,22,5,0,,,,0.50855,0.0,0.0,0.0,0.0
3,23,5,0,,,,0.6278167,0.0,0.0,0.0,0.0
3,24,5,0,,,,0.5234333,0.0,0.0,0.0,0.0
4,1,6,0,,,,0.52071667,0.0,0.0,0.0,0.0
4,2,6,0,,,,0.55363333,0.0,0.0,0.0,0.0
4,3,6,0,,,,0.5179833,0.0,0.0,0.0,0.0
4,4,6,0,,,,0.52415,0.0,0.0,0.0,0.0
4,5,6,0,,,,0.29986668,0.0,0.0,0.0,0.0
4,6,6,0,,,,0.19408333,0.0,0.0,0.0,0.0
4,7,6,0,,,,0.78611666,0.0,0.0,0.0,4.17
4,8,6,0,,,,0.9771,0.0,0.0,0.0,192.5
4,9,6,0,,,,0.14745,0.0,0.0,0.0,439.91
4,10,6,0,,,,0.14188333,0.0,0.0,0.0,644.16
4,11,6,0,,,,0.18745,0.0,0.0,0.0,777.71
4,12,6,0,,,,0.688025,0.0,0.0,0.0,871.08
4,13,6,0,,,,0.20923333,0.0,0.0,0.0,887.55
4,14,6,0,,,,0.35706666,0.0,0.0,0.0,842.91
4,15,6,0,,,,0.36028334,0.0,0.0,0.0,741.98
4,16,6,0,,,,0.38266668,0.0,0.0,0.0,584.36
4,17,6,0,,,,0.35643333,0.0,0.0,0.0,367.41
4,18,6,0,,,,0.54586667,0.0,0.0,0.0,131.0
4,19,6,0,,,,0.47726667,0.0,0.0,0.0,0.0
4,20,6,0,,,,0.6659667,0.0,0.0,0.0,0.0
4,21,6,0,,,,0.50768334,0.0,0.0,0.0,0.0
4,22,6,0,,,,0.7249,0.0,0.0,0.0,0.0
4,23,6,0,,,,0.5556,0.0,0.0,0.0,0.0
4,24,6,0,,,,0.5453167,0.0,0.0,0.0,0.0
4,1,7,0,,,,0.5365,0.0,0.0,0.0,0.0
4,2,7,0,,,,0.53288335,0.0,0.0,0.0,0.0
4,3,7,0,,,,0.5227,0.0,0.0,0.0,0.0
4,4,7,0,,,,0.34725,0.0,0.0,0.0,0.0
4,5,7,0,,,,0.46438333,0.0,0.0,0.0,0.0
4,6,7,0,,,,0.65543336,0.0,0.0,0.0,0.0
4,7,7,0,,,,0.4237,0.0,0.0,0.0,9.88
4,8,7,0,,,,0.18086667,0.0,0.0,0.0,210.27
4,9,7,0,,,,0.1916,0.0,0.0,0.0,455.12
4,10,7,0,,,,0.1469,0.0,0.0,0.0,638.11
4,11,7,0,,,,0.19405,0.0,0.0,0.0,781.31
4,12,7,0,,,,0.36843333,0.0,0.0,0.0,873.04
4,13,7,0,,,,0.52701664,0.0,0.0,0.0,884.74
4,14,7,0,,,,0.39621666,0.0,0.0,0.0,839.46
4,15,7,0,,,,0.44931668,0.0,0.0,0.0,742.39
4,16,7,0,,,,1.1439667,0.0,0.0,0.0,585.03
4,17,7,0,,,,0.92156667,0.0,0.0,0.0,365.68
4,18,7,0,,,,0.37783334,0.0,0.0,0.0,131.5
4,19,7,0,,,,0.3597,0.0,0.0,0.0,0.0
4,20,7,0,,,,0.4672,0.0,0.0,0.0,0.0
4,21,7,0,,,,0.6734167,0.0,0.0,0.0,0.0
4,22,7,0,,,,0.74545,0.0,0.0,0.0,0.0
4,23,7,0,,,,0.8968,0.0,0.0,0.0,0.0
4,24,7,0,,,,0.7721417,0.0,0.0,0.0,0.0
4,1,1,0,,,,0.51736665,0.0,0.0,0.0,0.0
4,2,1,0,,,,0.56198335,0.0,0.0,0.0,0.0
4,3,1,0,,,,0.6336667,0.0,0.0,0.0,0.0
4,4,1,0,,,,0.29385,0.0,0.0,0.0,0.0
4,5,1,0,,,,0.21958333,0.0,0.0,0.0,0.0
4,6,1,0,,,,0.22091667,0.0,0.0,0.0,0.0
4,7,1,0,,,,0.21643333,0.0,0.0,0.0,12.78
4,8,1,0,,,,0.30195,0.0,0.0,0.0,208.07
4,9,1,0,,,,0.1898,0.0,0.0,0.0,442.48
4,10,1,0,,,,0.56406665,0.0,0.0,0.0,620.42
4,11,1,0,,,,0.62155,0.0,0.0,0.0,742.71
4,12,1,0,,,,0.79695,0.0,0.0,0.0,833.51
4,13,1,0,,,,0.7607833,0.0,0.0,0.0,849.39
4,14,1,0,,,,0.45371667,0.0,0.0,0.0,808.8
4,15,1,0,,,,0.43308333,0.0,0.0,0.0,712.4
4,16,1,0,,,,0.6730833,0.0,0.0,0.0,561.64
4,17,1,0,,,,0.9731167,0.0,0.0,0.0,359.42
4,18,1,0,,,,0.84276664,0.0,0.0,0.0,131.8
4,19,1,0,,,,0.6720167,0.0,0.0,0.0,0.0
4,20,1,0,,,,0.6870833,0.0,0.0,0.0,0.0
4,21,1,0,,,,0.63595,0.0,0.0,0.0,0.0
4,22,1,0,,,,0.54076666,0.0,0.0,0.0,0.0
4,23,1,0,,,,0.52026665,0.0,0.0,0.0,0.0
4,24,1,0,,,,0.70075834,0.0,0.0,0.0,0.0
4,1,2,0,,,,0.6158,0.0,0.0,0.0,0.0
4,2,2,0,,,,0.89141667,0.0,0.0,0.0,0.0
4,3,2,0,,,,0.8306,0.0,0.0,0.0,0.0
4,4,2,0,,,,0.47625,0.0,0.0,0.0,0.0
4,5,2,0,,,,0.26085,0.0,0.0,0.0,0.0
4,6,2,0,,,,0.23521666,0.0,0.0,0.0,0.0
4,7,2,0,,,,0.25715,0.0,0.0,0.0,8.53
4,8,2,0,,,,0.21911667,0.0,0.0,0.0,201.89
4,9,2,0,,,,0.27688333,0.0,0.0,0.0,431.43
4,10,2,0,,,,0.22101666,0.0,0.0,0.0,611.36
4,11,2,0,,,,0.28606668,0.0,0.0,0.0,736.57
4,12,2,0,,,,0.21701667,0.0,0.0,0.0,814.35
4,13,2,0,,,,0.28898335,0.0,0.0,0.0,833.98
4,14,2,0,,,,0.75445,0.0,0.0,0.0,783.63
4,15,2,0,,,,0.6526,0.0,0.0,0.0,683.48
4,16,2,0,,,,0.23023333,0.0,0.0,0.0,549.85
4,17,2,0,,,,0.51268333,0.0,0.0,0.0,353.11
4,18,2,0,,,,0.6691,0.0,0.0,0.0,132.04
4,19,2,0,,,,0.7341833,0.0,0.0,0.0,0.53
4,20,2,0,,,,0.8103167,0.0,0.0,0.0,0.0
4,21,2,0,,,,0.78783333,0.0,0.0,0.0,0.0
4,22,2,0,,,,0.37046668,0.0,0.0,0.0,0.0
4,23,2,0,,,,0.6755,0.0,0.0,0.0,0.0
4,24,2,0,,,,0.5453,0.0,0.0,0.0,0.0
4,1,3,0,,,,0.54081666,0.0,0.0,0.0,0.0
4,2,3,0,,,,0.52023333,0.0,0.0,0.0,0.0
4,3,3,0,,,,0.52165,0.0,0.0,0.0,0.0
4,4,3,0,,,,0.28473333,0.0,0.0,0.0,0.0
4,5,3,0,,,,0.18083334,0.0,0.0,0.0,0.0
4,6,3,0,,,,0.19031666,0.0,0.0,0.0,0.0
4,7,3,0,,,,0.18013333,0.0,0.0,0.0,9.23
4,8,3,0,,,,0.41121668,0.0,0.0,0.0,185.17
4,9,3,0,,,,0.44008332,0.0,0.0,0.0,407.68
4,10,3,0,,,,0.19815,0.0,0.0,0.0,597.59
4,11,3,0,,,,0.17028333,0.0,0.0,0.0,728.64
4,12,3,0,,,,0.29756665,0.0,0.0,0.0,808.27
4,13,3,0,,,,0.37035,0.0,0.0,0.0,717.05
4,14,3,0,,,,1.0283,0.0,0.0,0.0,766.43
4,15,3,0,,,,1.2355833,0.0,0.0,0.0,706.02
4,16,3,0,,,,1.0962167,0.0,0.0,0.0,561.26
4,17,3,0,,,,1.0284667,0.0,0.0,0.0,357.43
4,18,3,0,,,,1.5302,0.0,0.0,0.0,133.53
4,19,3,0,,,,1.1306666,0.0,0.0,0.0,2.15
4,20,3,0,,,,0.81668335,0.0,0.0,0.0,0.0
4,21,3,0,,,,0.79756665,0.0,0.0,0.0,0.0
4,22,3,0,,,,0.86703336,0.0,0.0,0.0,0.0
4,23,3,0,,,,0.7979,0.0,0.0,0.0,0.0
4,24,3,0,,,,1.1365167,0.0,0.0,0.0,0.0
4,1,4,0,,,,1.05135,0.0,0.0,0.0,0.0
4,2,4,0,,,,0.64168334,0.0,0.0,0.0,0.0
4,3,4,0,,,,0.19513333,0.0,0.0,0.0,0.0
4,4,4,0,,,,0.1964,0.0,0.0,0.0,0.0
4,5,4,0,,,,0.26601666,0.0,0.0,0.0,0.0
4,6,4,0,,,,0.16971667,0.0,0.0,0.0,0.0
4,7,4,0,,,,0.1729,0.0,0.0,0.0,5.48
4,8,4,0,,,,0.25296667,0.0,0.0,0.0,128.26
4,9,4,0,,,,0.37395,0.0,0.0,0.0,372.29
4,10,4,0,,,,0.45418334,0.0,0.0,0.0,565.2
4,11,4,0,,,,1.0056167,0.0,0.0,0.0,660.23
4,12,4,0,,,,0.64141667,0.0,0.0,0.0,776.06
4,13,4,0,,,,0.30513334,0.0,0.0,0.0,816.52
4,14,4,0,,,,0.55268335,0.0,0.0,0.0,793.55
4,15,4,0,,,,0.68576664,0.0,0.0,0.0,703.8
4,16,4,0,,,,1.1127666,0.0,0.0,0.0,546.53
4,17,4,0,,,,0.93395,0.0,0.0,0.0,353.33
4,18,4,0,,,,0.64988333,0.0,0.0,0.0,130.41
4,19,4,0,,,,0.54373336,0.0,0.0,0.0,2.14
4,20,4,0,,,,0.6465333,0.0,0.0,0.0,0.0
4,21,4,0,,,,0.34165,0.0,0.0,0.0,0.0
4,22,4,0,,,,0.48031667,0.0,0.0,0.0,0.0
4,23,4,0,,,,0.6541,0.0,0.0,0.0,0.0
4,24,4,0,,,,0.54055,0.0,0.0,0.0,0.0
4,1,5,0,,,,0.5251333,0.0,0.0,0.0,0.0
4,2,5,0,,,,0.6289167,0.0,0.0,0.0,0.0
4,3,5,0,,,,0.49493334,0.0,0.0,0.0,0.0
4,4,5,0,,,,0.345,0.0,0.0,0.0,0.0
4,5,5,0,,,,0.5891,0.0,0.0,0.0,0.0
4,6,5,0,,,,0.8412833,0.0,0.0,0.0,0.0
4,7,5,0,,,,0.85485,0.0,0.0,0.0,3.68
4,8,5,0,,,,0.30263335,0.0,0.0,0.0,93.65
4,9,5,0,,,,0.5553833,0.0,0.0,0.0,399.87
4,10,5,0,,,,0.29228333,0.0,0.0,0.0,573.92
4,11,5,0,,,,0.21,0.0,0.0,0.0,658.89
4,12,5,0,,,,0.19515,0.0,0.0,0.0,780.13
4,13,5,0,,,,0.16481666,0.0,0.0,0.0,806.74
4,14,5,0,,,,0.38785,0.0,0.0,0.0,764.31
4,15,5,0,,,,0.4121,0.0,0.0,0.0,681.19
4,16,5,0,,,,0.79576665,0.0,0.0,0.0,503.3
4,17,5,0,,,,0.8337167,0.0,0.0,0.0,325.73
4,18,5,0,,,,0.66781664,0.0,0.0,0.0,111.78
4,19,5,0,,,,0.67801666,0.0,0.0,0.0,0.86
4,20,5,0,,,,0.7358,0.0,0.0,0.0,0.0
4,21,5,0,,,,0.8672,0.0,0.0,0.0,0.0
4,22,5,0,,,,0.5792,0.0,0.0,0.0,0.0
4,23,5,0,,,,0.59870833,0.0,0.0,0.0,0.0
4,24,5,0,,,,0.56855834,0.0,0.0,0.0,0.0
4,1,6,0,,,,0.55455,0.0,0.0,0.0,0.0
4,2,6,0,,,,0.6360833,0.0,0.0,0.0,0.0
4,3,6,0,,,,0.78361666,0.0,0.0,0.0,0.0
4,4,6,0,,,,0.49931666,0.0,0.0,0.0,0.0
4,5,6,0,,,,1.0931,0.0,0.0,0.0,0.0
4,6,6,0,,,,0.37306666,0.0,0.0,0.0,0.0
4,7,6,0,,,,0.80373335,0.0,0.0,0.0,2.07
4,8,6,0,,,,1.6185334,0.0,0.0,0.0,155.34
4,9,6,0,,,,0.49743333,0.0,0.0,0.0,193.34
4,10,6,0,,,,1.5897,0.0,0.0,0.0,467.36
4,11,6,0,,,,0.29785,0.0,0.0,0.0,420.91
4,12,6,0,,,,0.18396667,0.0,0.0,0.0,509.99
4,13,6,0,,,,0.18093333,0.0,0.0,0.0,786.64
4,14,6,0,,,,0.14476667,0.0,0.0,0.0,753.12
4,15,6,0,,,,0.24008334,0.0,0.0,0.0,664.97
4,16,6,0,,,,0.1573,0.0,0.0,0.0,468.13
4,17,6,0,,,,0.97791666,0.0,0.0,0.0,325.37
4,18,6,0,,,,0.23166667,0.0,0.0,0.0,98.54
4,19,6,0,,,,2.2053833,0.0,0.0,0.0,1.23
4,20,6,0,,,,0.43006667,0.0,0.0,0.0,0.0
4,21,6,0,,,,0.67081666,0.0,0.0,0.0,0.0
4,22,6,0,,,,0.9055167,0.0,0.0,0.0,0.0
4,23,6,0,,,,2.9422333,0.0,0.0,0.0,0.0
4,24,6,0,,,,1.2057917,0.0,0.0,0.0,0.0
4,1,7,0,,,,0.52706665,0.0,0.0,0.0,0.0
4,2,7,0,,,,1.1096333,0.0,0.0,0.0,0.0
4,3,7,0,,,,0.3762,0.0,0.0,0.0,0.0
4,4,7,0,,,,3.07275,0.0,0.0,0.0,0.0
4,5,7,0,,,,0.36265,0.0,0.0,0.0,0.0
4,6,7,0,,,,1.53605,0.0,0.0,0.0,0.0
4,7,7,0,,,,1.7251834,0.0,0.0,0.0,0.33
4,8,7,0,,,,0.23391667,0.0,0.0,0.0,18.62
4,9,7,0,,,,1.5404167,0.0,0.0,0.0,19.89
4,10,7,0,,,,0.5642667,0.0,0.0,0.0,43.55
4,11,7,0,,,,0.29733333,0.0,0.0,0.0,474.4
4,12,7,0,,,,0.45106667,0.0,0.0,0.0,633.15
4,13,7,0,,,,0.83555,0.0,0.0,0.0,650.88
4,14,7,0,,,,0.772,0.0,0.0,0.0,662.06
4,15,7,0,,,,0.38313332,0.0,0.0,0.0,447.49
4,16,7,0,,,,0.16775,0.0,0.0,0.0,252.81
4,17,7,0,,,,0.19056667,0.0,0.0,0.0,192.48
4,18,7,0,,,,0.1961,0.0,0.0,0.0,73.73
4,19,7,0,,,,0.15841667,0.0,0.0,0.0,2.98
4,20,7,0,,,,0.30663332,0.0,0.0,0.0,0.0
4,21,7,0,,,,0.18028334,0.0,0.0,0.0,0.0
4,22,7,0,,,,0.19385,0.0,0.0,0.0,0.0
4,23,7,0,,,,0.2007,0.0,0.0,0.0,0.0
4,24,7,0,,,,1.0469834,0.0,0.0,0.0,0.0
4,1,1,0,,,,2.77575,0.0,0.0,0.0,0.0
4,2,1,0,,,,0.5869167,0.0,0.0,0.0,0.0
4,3,1,0,,,,0.22685,0.0,0.0,0.0,0.0
4,4,1,0,,,,0.2464,0.0,0.0,0.0,0.0
4,5,1,0,,,,2.2665834,0.0,0.0,0.0,0.0
4,6,1,0,,,,2.8533833,0.0,0.0,0.0,0.0
4,7,1,0,,,,1.7579334,0.0,0.0,0.0,33.15
4,8,1,0,,,,0.1761,0.0,0.0,0.0,181.91
4,9,1,0,,,,0.16421667,0.0,0.0,0.0,390.44
4,10,1,0,,,,0.6616667,0.0,0.0,0.0,460.93
4,11,1,0,,,,0.44998333,0.0,0.0,0.0,663.09
4,12,1,0,,,,0.1898,0.0,0.0,0.0,783.29
4,13,1,0,,,,0.17096667,0.0,0.0,0.0,798.92
4,14,1,0,,,,0.17828333,0.0,0.0,0.0,781.16
4,15,1,0,,,,0.17835,0.0,0.0,0.0,696.97
4,16,1,0,,,,0.17496666,0.0,0.0,0.0,526.16
4,17,1,0,,,,0.19861667,0.0,0.0,0.0,240.85
4,18,1,0,,,,0.40776667,0.0,0.0,0.0,127.96
4,19,1,0,,,,0.31318334,0.0,0.0,0.0,0.0
4,20,1,0,,,,0.43323332,0.0,0.0,0.0,0.0
4,21,1,0,,,,0.42168334,0.0,0.0,0.0,0.0
4,22,1,0,,,,0.4277,0.0,0.0,0.0,0.0
4,23,1,0,,,,0.26225,0.0,0.0,0.0,0.0
4,24,1,0,,,,0.27330834,0.0,0.0,0.0,0.0
4,1,2,0,,,,0.16585,0.0,0.0,0.0,0.0
4,2,2,0,,,,0.2151,0.0,0.0,0.0,0.0
4,3,2,0,,,,0.1856,0.0,0.0,0.0,0.0
4,4,2,0,,,,1.4889333,0.0,0.0,0.0,0.0
4,5,2,0,,,,0.24501666,0.0,0.0,0.0,0.0
4,6,2,0,,,,0.32692918,0.0,0.0,0.0,0.0
4,7,2,0,,,,2.5231333,0.0,0.0,0.0,18.32
4,8,2,0,,,,2.94635,0.0,0.0,0.0,90.98
4,9,2,0,,,,0.74188334,0.0,0.0,0.0,96.6
4,10,2,0,,,,0.69338334,0.0,0.0,0.0,42.03
4,11,2,0,,,,0.16871667,0.0,0.0,0.0,148.54
4,12,2,0,,,,0.1708,0.0,0.0,0.0,229.71
4,13,2,0,,,,0.27895,0.0,0.0,0.0,223.07
4,14,2,0,,,,0.5413167,0.0,0.0,0.0,127.66
4,15,2,0,,,,0.3841,0.0,0.0,0.0,162.63
4,16,2,0,,,,0.58998334,0.0,0.0,0.0,91.57
4,17,2,0,,,,0.61725,0.0,0.0,0.0,61.18
4,18,2,0,,,,0.5671333,0.0,0.0,0.0,37.7
4,19,2,0,,,,0.67863333,0.0,0.0,0.0,0.0
4,20,2,0,,,,0.24406667,0.0,0.0,0.0,0.0
4,21,2,0,,,,0.70895,0.0,0.0,0.0,0.0
4,22,2,0,,,,0.44163334,0.0,0.0,0.0,0.0
4,23,2,0,,,,0.85298336,0.0,0.0,0.0,0.0
4,24,2,0,,,,0.50451666,0.0,0.0,0.0,0.0
4,1,3,0,,,,0.8272,0.0,0.0,0.0,0.0
4,2,3,0,,,,0.71463335,0.0,0.0,0.0,0.0
4,3,3,0,,,,0.50925,0.0,0.0,0.0,0.0
4,4,3,0,,,,0.98485,0.0,0.0,0.0,0.0
4,5,3,0,,,,1.4562833,0.0,0.0,0.0,0.0
4,6,3,0,,,,0.46671668,0.0,0.0,0.0,0.0
4,7,3,0,,,,2.2283,0.0,0.0,0.0,1.15
4,8,3,0,,,,0.3642,0.0,0.0,0.0,8.83
4,9,3,0,,,,0.2303,0.0,0.0,0.0,34.27
4,10,3,0,,,,0.31078333,0.0,0.0,0.0,71.07
4,11,3,0,,,,0.30143332,0.0,0.0,0.0,86.24
4,12,3,0,,,,0.36186665,0.0,0.0,0.0,103.99
4,13,3,0,,,,0.73003334,0.0,0.0,0.0,59.61
4,14,3,0,,,,0.6220667,0.0,0.0,0.0,66.77
4,15,3,0,,,,0.86118335,0.0,0.0,0.0,0.0
4,16,3,0,,,,0.44581667,0.0,0.0,0.0,51.91
4,17,3,0,,,,0.65555,0.0,0.0,0.0,28.27
4,18,3,0,,,,0.40433332,0.0,0.0,0.0,32.84
4,19,3,0,,,,0.46913335,0.0,0.0,0.0,0.0
4,20,3,0,,,,0.50736666,0.0,0.0,0.0,0.0
4,21,3,0,,,,0.23775,0.0,0.0,0.0,0.0
4,22,3,0,,,,0.34785,0.0,0.0,0.0,0.0
4,23,3,0,,,,0.52205,0.0,0.0,0.0,0.0
4,24,3,0,,,,0.584475,0.0,0.0,0.0,0.0
4,1,4,0,,,,0.5326667,0.0,0.0,0.0,0.0
4,2,4,0,,,,0.51771665,0.0,0.0,0.0,0.0
4,3,4,0,,,,0.6691333,0.0,0.0,0.0,0.0
4,4,4,0,,,,0.56163335,0.0,0.0,0.0,0.0
4,5,4,0,,,,0.91578335,0.0,0.0,0.0,0.0
4,6,4,0,,,,0.47925,0.0,0.0,0.0,0.0
4,7,4,0,,,,0.4744,0.0,0.0,0.0,1.18
4,8,4,0,,,,0.18478334,0.0,0.0,0.0,9.61
4,9,4,0,,,,0.33351666,0.0,0.0,0.0,61.59
4,10,4,0,,,,0.6860833,0.0,0.0,0.0,107.37
4,11,4,0,,,,0.59763336,0.0,0.0,0.0,145.92
4,12,4,0,,,,0.18183333,0.0,0.0,0.0,171.67
4,13,4,0,,,,0.19828333,0.0,0.0,0.0,188.67
4,14,4,0,,,,0.1711,0.0,0.0,0.0,213.04
4,15,4,0,,,,0.33638334,0.0,0.0,0.0,233.13
4,16,4,0,,,,0.43731666,0.0,0.0,0.0,136.3
4,17,4,0,,,,0.35498333,0.0,0.0,0.0,109.91
4,18,4,0,,,,0.90683335,0.0,0.0,0.0,130.15
4,19,4,0,,,,0.68515,0.0,0.0,0.0,8.52
4,20,4,0,,,,0.58415,0.0,0.0,0.0,0.0
4,21,4,0,,,,0.95818335,0.0,0.0,0.0,0.0
4,22,4,0,,,,0.77461666,0.0,0.0,0.0,0.0
4,23,4,0,,,,0.65785,0.0,0.0,0.0,0.0
4,24,4,0,,,,0.866375,0.0,0.0,0.0,0.0
4,1,5,0,,,,0.74675,0.0,0.0,0.0,0.0
4,2,5,0,,,,1.1535167,0.0,0.0,0.0,0.0
4,3,5,0,,,,2.9405668,0.0,0.0,0.0,0.0
4,4,5,0,,,,1.9185667,0.0,0.0,0.0,0.0
4,5,5,0,,,,0.27195,0.0,0.0,0.0,0.0
4,6,5,0,,,,0.37453333,0.0,0.0,0.0,0.0
4,7,5,0,,,,0.67441666,0.0,0.0,0.0,32.72
4,8,5,0,,,,0.8071667,0.0,0.0,0.0,59.43
4,9,5,0,,,,0.22445,0.0,0.0,0.0,268.85
4,10,5,0,,,,0.56366664,0.0,0.0,0.0,649.96
4,11,5,0,,,,0.33883333,0.0,0.0,0.0,739.26
4,12,5,0,,,,0.59566665,0.0,0.0,0.0,764.3
4,13,5,0,,,,0.77641666,0.0,0.0,0.0,629.51
4,14,5,0,,,,0.68188334,0.0,0.0,0.0,337.06
4,15,5,0,,,,0.3727,0.0,0.0,0.0,144.4
4,16,5,0,,,,0.379,0.0,0.0,0.0,89.5
4,17,5,0,,,,0.72648335,0.0,0.0,0.0,68.51
4,18,5,0,,,,0.48986667,0.0,0.0,0.0,103.23
4,19,5,0,,,,0.5552,0.0,0.0,0.0,9.76
4,20,5,0,,,,0.84291667,0.0,0.0,0.0,0.0
4,21,5,0,,,,0.8904,0.0,0.0,0.0,0.0
4,22,5,0,,,,0.92235,0.0,0.0,0.0,0.0
4,23,5,0,,,,0.9795167,0.0,0.0,0.0,0.0
4,24,5,0,,,,0.8232333,0.0,0.0,0.0,0.0
4,1,6,0,,,,0.5996,0.0,0.0,0.0,0.0
4,2,6,0,,,,0.89035,0.0,0.0,0.0,0.0
4,3,6,0,,,,0.60718334,0.0,0.0,0.0,0.0
4,4,6,0,,,,1.3516667,0.0,0.0,0.0,0.0
4,5,6,0,,,,0.55488336,0.0,0.0,0.0,0.0
4,6,6,0,,,,1.1992,0.0,0.0,0.0,0.0
4,7,6,0,,,,0.30321667,0.0,0.0,0.0,46.06
4,8,6,0,,,,1.2426167,0.0,0.0,0.0,24.62
4,9,6,0,,,,0.16728333,0.0,0.0,0.0,89.43
4,10,6,0,,,,0.19476667,0.0,0.0,0.0,211.65
4,11,6,0,,,,0.1707,0.0,0.0,0.0,187.7
4,12,6,0,,,,0.22221667,0.0,0.0,0.0,152.87
4,13,6,0,,,,0.2926,0.0,0.0,0.0,177.38
4,14,6,0,,,,0.62405,0.0,0.0,0.0,441.59
4,15,6,0,,,,0.87745,0.0,0.0,0.0,174.55
4,16,6,0,,,,0.5998333,0.0,0.0,0.0,105.58
4,17,6,0,,,,0.9576667,0.0,0.0,0.0,37.32
4,18,6,0,,,,0.39830834,0.0,0.0,0.0,7.6
4,19,6,0,,,,0.43875,0.0,0.0,0.0,0.2
4,20,6,0,,,,0.57425,0.0,0.0,0.0,0.0
4,21,6,0,,,,0.45296666,0.0,0.0,0.0,0.0
4,22,6,0,,,,0.38873333,0.0,0.0,0.0,0.0
4,23,6,0,,,,0.75018334,0.0,0.0,0.0,0.0
4,24,6,0,,,,0.85674167,0.0,0.0,0.0,0.0
4,1,7,0,,,,0.33888334,0.0,0.0,0.0,0.0
4,2,7,0,,,,0.1899,0.0,0.0,0.0,0.0
4,3,7,0,,,,0.23175,0.0,0.0,0.0,0.0
4,4,7,0,,,,0.17286667,0.0,0.0,0.0,0.0
4,5,7,0,,,,0.6825,0.0,0.0,0.0,0.0
4,6,7,0,,,,0.39843333,0.0,0.0,0.0,0.0
4,7,7,0,,,,0.57035,0.0,0.0,0.0,2.07
4,8,7,0,,,,0.208,0.0,0.0,0.0,10.11
4,9,7,0,,,,0.41283333,0.0,0.0,0.0,45.8
4,10,7,0,,,,0.23813333,0.0,0.0,0.0,64.54
4,11,7,0,,,,0.20186667,0.0,0.0,0.0,94.24
4,12,7,0,,,,0.17233333,0.0,0.0,0.0,179.34
4,13,7,0,,,,0.20836666,0.0,0.0,0.0,108.64
4,14,7,0,,,,0.17393333,0.0,0.0,0.0,89.82
4,15,7,0,,,,0.18901667,0.0,0.0,0.0,76.03
4,16,7,0,,,,0.21688333,0.0,0.0,0.0,55.42
4,17,7,0,,,,0.58536667,0.0,0.0,0.0,42.28
4,18,7,0,,,,1.1093333,0.0,0.0,0.0,13.91
4,19,7,0,,,,0.84435,0.0,0.0,0.0,1.74
4,20,7,0,,,,0.60473335,0.0,0.0,0.0,0.0
4,21,7,0,,,,0.4667,0.0,0.0,0.0,0.0
4,22,7,0,,,,0.54898334,0.0,0.0,0.0,0.0
4,23,7,0,,,,0.5496333,0.0,0.0,0.0,0.0
4,24,7,0,,,,0.5451583,0.0,0.0,0.0,0.0
4,1,1,0,,,,0.5151167,0.0,0.0,0.0,0.0
4,2,1,0,,,,0.65021664,0.0,0.0,0.0,0.0
4,3,1,0,,,,0.29891667,0.0,0.0,0.0,0.0
4,4,1,0,,,,0.6048167,0.0,0.0,0.0,0.0
4,5,1,0,,,,0.47666666,0.0,0.0,0.0,0.0
4,6,1,0,,,,0.70355,0.0,0.0,0.0,0.0
4,7,1,0,,,,0.6052333,0.0,0.0,0.0,5.85
4,8,1,0,,,,0.19663334,0.0,0.0,0.0,32.94
4,9,1,0,,,,0.42461666,0.0,0.0,0.0,122.89
4,10,1,0,,,,0.58955,0.0,0.0,0.0,191.13
4,11,1,0,,,,0.39875,0.0,0.0,0.0,203.63
4,12,1,0,,,,0.61758333,0.0,0.0,0.0,187.22
4,13,1,0,,,,0.39381668,0.0,0.0,0.0,413.23
4,14,1,0,,,,0.6153,0.0,0.0,0.0,624.65
4,15,1,0,,,,0.72791666,0.0,0.0,0.0,448.56
4,16,1,0,,,,0.64706665,0.0,0.0,0.0,218.17
4,17,1,0,,,,0.51996666,0.0,0.0,0.0,305.46
4,18,1,0,,,,0.73515,0.0,0.0,0.0,130.64
4,19,1,0,,,,0.92448336,0.0,0.0,0.0,13.71
4,20,1,0,,,,0.72118336,0.0,0.0,0.0,0.0
4,21,1,0,,,,0.8017833,0.0,0.0,0.0,0.0
4,22,1,0,,,,0.49378332,0.0,0.0,0.0,0.0
4,23,1,0,,,,0.7742,0.0,0.0,0.0,0.0
4,24,1,0,,,,0.41851667,0.0,0.0,0.0,0.0
4,1,2,0,,,,0.44821668,0.0,0.0,0.0,0.0
4,2,2,0,,,,0.95625,0.0,0.0,0.0,0.0
4,3,2,0,,,,0.50423336,0.0,0.0,0.0,0.0
4,4,2,0,,,,0.5018333,0.0,0.0,0.0,0.0
4,5,2,0,,,,0.45401666,0.0,0.0,0.0,0.0
4,6,2,0,,,,0.48825,0.0,0.0,0.0,0.0
4,7,2,0,,,,0.47808334,0.0,0.0,0.0,54.14
4,8,2,0,,,,0.86071664,0.0,0.0,0.0,258.69
4,9,2,0,,,,0.82961667,0.0,0.0,0.0,469.81
4,10,2,0,,,,0.37791666,0.0,0.0,0.0,612.65
4,11,2,0,,,,0.14885,0.0,0.0,0.0,696.62
4,12,2,0,,,,0.21708333,0.0,0.0,0.0,792.14
4,13,2,0,,,,0.35433334,0.0,0.0,0.0,705.66
4,14,2,0,,,,0.40098333,0.0,0.0,0.0,710.65
4,15,2,0,,,,0.25925,0.0,0.0,0.0,513.5
4,16,2,0,,,,0.22658889,0.0,0.0,0.0,541.57
4,17,2,0,,,,0.35331666,0.0,0.0,0.0,314.15
4,18,2,0,,,,0.15306666,0.0,0.0,0.0,90.23
4,19,2,0,,,,0.48053333,0.0,0.0,0.0,16.86
4,20,2,0,,,,0.45463333,0.0,0.0,0.0,0.0
4,21,2,0,,,,0.22031666,0.0,0.0,0.0,0.0
4,22,2,0,,,,0.57825,0.0,0.0,0.0,0.0
4,23,2,0,,,,0.81025,0.0,0.0,0.0,0.0
4,24,2,0,,,,0.436125,0.0,0.0,0.0,0.0
4,1,3,0,,,,0.49528334,0.0,0.0,0.0,0.0
4,2,3,0,,,,0.49396667,0.0,0.0,0.0,0.0
4,3,3,0,,,,0.43846667,0.0,0.0,0.0,0.0
4,4,3,0,,,,0.38503334,0.0,0.0,0.0,0.0
4,5,3,0,,,,0.48514166,0.0,0.0,0.0,0.0
4,6,3,0,,,,0.51815,0.0,0.0,0.0,0.0
4,7,3,0,,,,0.47518334,0.0,0.0,0.0,45.29
4,8,3,0,,,,0.78055,0.0,0.0,0.0,210.53
4,9,3,0,,,,0.45886666,0.0,0.0,0.0,427.43
4,10,3,0,,,,0.46721667,0.0,0.0,0.0,619.94
4,11,3,0,,,,0.4961,0.0,0.0,0.0,637.07
4,12,3,0,,,,0.6670333,0.0,0.0,0.0,137.22
4,13,3,0,,,,0.20710833,0.0,0.0,0.0,54.39
4,14,3,0,,,,0.22096667,0.0,0.0,0.0,342.79
4,15,3,0,,,,0.17506666,0.0,0.0,0.0,121.34
4,16,3,0,,,,0.51058334,0.0,0.0,0.0,49.77
4,17,3,0,,,,0.35081667,0.0,0.0,0.0,238.44
4,18,3,0,,,,0.38848335,0.0,0.0,0.0,124.69
4,19,3,0,,,,0.13673334,0.0,0.0,0.0,17.71
4,20,3,0,,,,0.19213334,0.0,0.0,0.0,0.0
4,21,3,0,,,,0.4306,0.0,0.0,0.0,0.0
4,22,3,0,,,,0.28341666,0.0,0.0,0.0,0.0
4,23,3,0,,,,0.6116667,0.0,0.0,0.0,0.0
4,24,3,0,,,,0.49160832,0.0,0.0,0.0,0.0
4,1,4,0,,,,0.4995,0.0,0.0,0.0,0.0
4,2,4,0,,,,0.48298332,0.0,0.0,0.0,0.0
4,3,4,0,,,,0.44713333,0.0,0.0,0.0,0.0
4,4,4,0,,,,0.37668332,0.0,0.0,0.0,0.0
4,5,4,0,,,,0.33715,0.0,0.0,0.0,0.0
4,6,4,0,,,,0.5646667,0.0,0.0,0.0,0.0
4,7,4,0,,,,0.18636666,0.0,0.0,0.0,55.57
4,8,4,0,,,,0.904,0.0,0.0,0.0,243.04
4,9,4,0,,,,1.0648167,0.0,0.0,0.0,457.12
4,10,4,0,,,,0.82591665,0.0,0.0,0.0,627.13
4,11,4,0,,,,0.4085,0.0,0.0,0.0,714.44
4,12,4,0,,,,0.37938333,0.0,0.0,0.0,798.42
4,13,4,0,,,,0.53785,0.0,0.0,0.0,634.57
4,14,4,0,,,,0.89295,0.0,0.0,0.0,710.63
4,15,4,0,,,,0.80801666,0.0,0.0,0.0,609.81
4,16,4,0,,,,0.71991664,0.0,0.0,0.0,545.51
4,17,4,0,,,,0.6583667,0.0,0.0,0.0,357.88
4,18,4,0,,,,0.82003,0.0,0.0,0.0,136.42
4,19,4,0,,,,0.31806666,0.0,0.0,0.0,16.85
4,20,4,0,,,,0.7098167,0.0,0.0,0.0,0.0
4,21,4,0,,,,0.40993333,0.0,0.0,0.0,0.0
4,22,4,0,,,,0.43783334,0.0,0.0,0.0,0.0
4,23,4,0,,,,0.3482,0.0,0.0,0.0,0.0
4,24,4,0,,,,0.29625833,0.0,0.0,0.0,0.0
4,1,5,0,,,,0.37345,0.0,0.0,0.0,0.0
4,2,5,0,,,,0.34511667,0.0,0.0,0.0,0.0
4,3,5,0,,,,0.2785,0.0,0.0,0.0,0.0
4,4,5,0,,,,0.26551667,0.0,0.0,0.0,0.0
4,5,5,0,,,,0.39718333,0.0,0.0,0.0,0.0
4,6,5,0,,,,0.27138335,0.0,0.0,0.0,0.0
4,7,5,0,,,,0.31151667,0.0,0.0,0.0,53.8
4,8,5,0,,,,0.69095,0.0,0.0,0.0,222.57
4,9,5,0,,,,0.4881,0.0,0.0,0.0,431.21
4,10,5,0,,,,0.46626666,0.0,0.0,0.0,585.89
4,11,5,0,,,,0.49293333,0.0,0.0,0.0,617.86
4,12,5,0,,,,0.40366668,0.0,0.0,0.0,702.76
4,13,5,0,,,,0.49045,0.0,0.0,0.0,796.32
4,14,5,0,,,,0.8477,0.0,0.0,0.0,741.77
4,15,5,0,,,,1.0754334,0.0,0.0,0.0,585.19
4,16,5,0,,,,1.116325,0.0,0.0,0.0,533.3
4,17,5,0,,,,1.1648,0.0,0.0,0.0,212.51
4,18,5,0,,,,1.1904666,0.0,0.0,0.0,145.5
4,19,5,0,,,,1.1631666,0.0,0.0,0.0,16.2
4,20,5,0,,,,1.3239,0.0,0.0,0.0,0.0
4,21,5,0,,,,1.0814667,0.0,0.0,0.0,0.0
4,22,5,0,,,,0.9259667,0.0,0.0,0.0,0.0
4,23,5,0,,,,0.94255,0.0,0.0,0.0,0.0
4,24,5,0,,,,0.9305083,0.0,0.0,0.0,0.0
4,1,6,0,,,,0.80081666,0.0,0.0,0.0,0.0
4,2,6,0,,,,0.76625,0.0,0.0,0.0,0.0
4,3,6,0,,,,0.68135,0.0,0.0,0.0,0.0
4,4,6,0,,,,1.0257,0.0,0.0,0.0,0.0
4,5,6,0,,,,0.29703334,0.0,0.0,0.0,0.0
4,6,6,0,,,,0.8570333,0.0,0.0,0.0,0.0
4,7,6,0,,,,0.33976668,0.0,0.0,0.0,61.9
4,8,6,0,,,,0.34141666,0.0,0.0,0.0,265.71
4,9,6,0,,,,0.68478334,0.0,0.0,0.0,473.47
4,10,6,0,,,,0.80151665,0.0,0.0,0.0,640.4
4,11,6,0,,,,0.96928334,0.0,0.0,0.0,757.94
4,12,6,0,,,,1.5095,0.0,0.0,0.0,551.44
4,13,6,0,,,,1.9917417,0.0,0.0,0.0,576.68
4,14,6,0,,,,1.75435,0.0,0.0,0.0,398.5
4,15,6,0,,,,1.8219833,0.0,0.0,0.0,618.83
4,16,6,0,,,,2.0340667,0.0,0.0,0.0,366.37
4,17,6,0,,,,1.9858,0.0,0.0,0.0,280.53
4,18,6,0,,,,2.5748334,0.0,0.0,0.0,122.53
4,19,6,0,,,,1.3280833,0.0,0.0,0.0,16.11
4,20,6,0,,,,1.3008167,0.0,0.0,0.0,0.0
4,21,6,0,,,,1.0108167,0.0,0.0,0.0,0.0
4,22,6,0,,,,0.65501666,0.0,0.0,0.0,0.0
4,23,6,0,,,,0.5118833,0.0,0.0,0.0,0.0
4,24,6,0,,,,0.49325833,0.0,0.0,0.0,0.0
4,1,7,0,,,,0.56665,0.0,0.0,0.0,0.0
4,2,7,0,,,,0.44953334,0.0,0.0,0.0,0.0
4,3,7,0,,,,0.41301668,0.0,0.0,0.0,0.0
4,4,7,0,,,,0.26813334,0.0,0.0,0.0,0.0
4,5,7,0,,,,0.7780333,0.0,0.0,0.0,0.0
4,6,7,0,,,,0.27451667,0.0,0.0,0.0,0.0
4,7,7,0,,,,0.56615,0.0,0.0,0.0,55.58
4,8,7,0,,,,1.0294083,0.0,0.0,0.0,217.76
4,9,7,0,,,,0.47696668,0.0,0.0,0.0,394.77
4,10,7,0,,,,0.6741667,0.0,0.0,0.0,571.66
4,11,7,0,,,,1.23955,0.0,0.0,0.0,689.41
4,12,7,0,,,,1.1499166,0.0,0.0,0.0,723.52
4,13,7,0,,,,0.96251667,0.0,0.0,0.0,775.8
4,14,7,0,,,,1.3949667,0.0,0.0,0.0,617.37
4,15,7,0,,,,3.63405,0.0,0.0,0.0,394.0
4,16,7,0,,,,3.0781667,0.0,0.0,0.0,534.12
4,17,7,0,,,,3.863,0.0,0.0,0.0,365.19
4,18,7,0,,,,1.5596666,0.0,0.0,0.0,149.93
4,19,7,0,,,,1.0117667,0.0,0.0,0.0,20.35
4,20,7,0,,,,1.0649,0.0,0.0,0.0,0.0
4,21,7,0,,,,0.91745,0.0,0.0,0.0,0.0
4,22,7,0,,,,0.34101668,0.0,0.0,0.0,0.0
4,23,7,0,,,,0.40655,0.0,0.0,0.0,0.0
4,24,7,0,,,,0.39690834,0.0,0.0,0.0,0.0
4,1,1,0,,,,0.26031667,0.0,0.0,0.0,0.0
4,2,1,0,,,,0.24826667,0.0,0.0,0.0,0.0
4,3,1,0,,,,0.266,0.0,0.0,0.0,0.0
4,4,1,0,,,,0.34225,0.0,0.0,0.0,0.0
4,5,1,0,,,,0.33791667,0.0,0.0,0.0,0.0
4,6,1,0,,,,0.30625,0.0,0.0,0.0,0.0
4,7,1,0,,,,0.26308334,0.0,0.0,0.0,62.34
4,8,1,0,,,,0.32176667,0.0,0.0,0.0,243.11
4,9,1,0,,,,0.30361667,0.0,0.0,0.0,438.35
4,10,1,0,,,,0.24485,0.0,0.0,0.0,600.14
4,11,1,0,,,,0.50416666,0.0,0.0,0.0,720.51
4,12,1,0,,,,0.81705,0.0,0.0,0.0,799.21
4,13,1,0,,,,0.26575,0.0,0.0,0.0,818.9
4,14,1,0,,,,0.24653333,0.0,0.0,0.0,786.78
4,15,1,0,,,,0.24665,0.0,0.0,0.0,709.55
4,16,1,0,,,,0.37408334,0.0,0.0,0.0,565.65
4,17,1,0,,,,0.27816668,0.0,0.0,0.0,372.96
4,18,1,0,,,,0.33118334,0.0,0.0,0.0,152.64
4,19,1,0,,,,0.43178332,0.0,0.0,0.0,23.39
4,20,1,0,,,,0.4125,0.0,0.0,0.0,0.0
4,21,1,0,,,,0.44851667,0.0,0.0,0.0,0.0
4,22,1,0,,,,0.33273333,0.0,0.0,0.0,0.0
4,23,1,0,,,,0.33001667,0.0,0.0,0.0,0.0
4,24,1,0,,,,0.23438333,0.0,0.0,0.0,0.0
4,1,2,0,,,,0.26215,0.0,0.0,0.0,0.0
4,2,2,0,,,,0.23061667,0.0,0.0,0.0,0.0
4,3,2,0,,,,0.39711666,0.0,0.0,0.0,0.0
4,4,2,0,,,,0.8696667,0.0,0.0,0.0,0.0
4,5,2,0,,,,3.3930666,0.0,0.0,0.0,0.0
4,6,2,0,,,,2.2349834,0.0,0.0,0.0,0.0
4,7,2,0,,,,0.26406667,0.0,0.0,0.0,66.63
4,8,2,0,,,,0.35915,0.0,0.0,0.0,251.56
4,9,2,0,,,,0.2455,0.0,0.0,0.0,440.94
4,10,2,0,,,,0.26355,0.0,0.0,0.0,607.11
4,11,2,0,,,,0.23525,0.0,0.0,0.0,707.9
4,12,2,0,,,,0.74083334,0.0,0.0,0.0,788.7
4,13,2,0,,,,0.91513336,0.0,0.0,0.0,805.69
4,14,2,0,,,,0.5093667,0.0,0.0,0.0,684.04
4,15,2,0,,,,0.77405,0.0,0.0,0.0,702.37
4,16,2,0,,,,0.5685833,0.0,0.0,0.0,549.05
4,17,2,0,,,,0.48215,0.0,0.0,0.0,364.97
4,18,2,0,,,,0.42581666,0.0,0.0,0.0,137.51
4,19,2,0,,,,0.97283334,0.0,0.0,0.0,24.18
4,20,2,0,,,,0.63805,0.0,0.0,0.0,0.0
4,21,2,0,,,,0.5792,0.0,0.0,0.0,0.0
4,22,2,0,,,,0.5218,0.0,0.0,0.0,0.0
4,23,2,0,,,,0.45158333,0.0,0.0,0.0,0.0
4,24,2,0,,,,0.25378335,0.0,0.0,0.0,0.0
4,1,3,0,,,,0.24551667,0.0,0.0,0.0,0.0
4,2,3,0,,,,0.21625,0.0,0.0,0.0,0.0
4,3,3,0,,,,0.25123334,0.0,0.0,0.0,0.0
4,4,3,0,,,,0.2311,0.0,0.0,0.0,0.0
4,5,3,0,,,,0.22613333,0.0,0.0,0.0,0.0
4,6,3,0,,,,0.33338332,0.0,0.0,0.0,0.0
4,7,3,0,,,,0.46733335,0.0,0.0,0.0,68.45
4,8,3,0,,,,0.89343333,0.0,0.0,0.0,265.24
4,9,3,0,,,,2.3048832,0.0,0.0,0.0,464.2
4,10,3,0,,,,0.44158334,0.0,0.0,0.0,624.23
4,11,3,0,,,,0.4858,0.0,0.0,0.0,747.24
4,12,3,0,,,,0.28471667,0.0,0.0,0.0,816.68
4,13,3,0,,,,0.23226666,0.0,0.0,0.0,830.87
4,14,3,0,,,,0.40878335,0.0,0.0,0.0,792.12
4,15,3,0,,,,0.44304582,0.0,0.0,0.0,707.49
4,16,3,0,,,,0.39618334,0.0,0.0,0.0,560.37
4,17,3,0,,,,0.38928333,0.0,0.0,0.0,367.48
4,18,3,0,,,,0.7510667,0.0,0.0,0.0,151.51
4,19,3,0,,,,0.43516666,0.0,0.0,0.0,15.77
4,20,3,0,,,,0.7585833,0.0,0.0,0.0,0.0
4,21,3,0,,,,1.10315,0.0,0.0,0.0,0.0
4,22,3,0,,,,0.72978336,0.0,0.0,0.0,0.0
4,23,3,0,,,,0.9196333,0.0,0.0,0.0,0.0
4,24,3,0,,,,0.27310833,0.0,0.0,0.0,0.0
4,1,4,0,,,,0.26258335,0.0,0.0,0.0,0.0
4,2,4,0,,,,0.34873334,0.0,0.0,0.0,0.0
4,3,4,0,,,,0.32341668,0.0,0.0,0.0,0.0
4,4,4,0,,,,0.26796666,0.0,0.0,0.0,0.0
4,5,4,0,,,,0.30261666,0.0,0.0,0.0,0.0
4,6,4,0,,,,0.27893335,0.0,0.0,0.0,0.18
4,7,4,0,,,,0.23176667,0.0,0.0,0.0,68.85
4,8,4,0,,,,0.2252,0.0,0.0,0.0,187.68
4,9,4,0,,,,0.23765,0.0,0.0,0.0,391.85
4,10,4,0,,,,0.7930833,0.0,0.0,0.0,191.3
4,11,4,0,,,,0.8413,0.0,0.0,0.0,533.97
4,12,4,0,,,,0.49136665,0.0,0.0,0.0,770.5
4,13,4,0,,,,0.28225,0.0,0.0,0.0,750.9
4,14,4,0,,,,0.40013334,0.0,0.0,0.0,771.53
4,15,4,0,,,,1.02435,0.0,0.0,0.0,685.49
4,16,4,0,,,,1.4642,0.0,0.0,0.0,546.97
4,17,4,0,,,,1.0448,0.0,0.0,0.0,358.43
4,18,4,0,,,,1.6675833,0.0,0.0,0.0,147.95
4,19,4,0,,,,0.8221667,0.0,0.0,0.0,16.6
4,20,4,0,,,,0.5419833,0.0,0.0,0.0,0.0
4,21,4,0,,,,0.71063334,0.0,0.0,0.0,0.0
4,22,4,0,,,,0.43151668,0.0,0.0,0.0,0.0
4,23,4,0,,,,0.6478,0.0,0.0,0.0,0.0
4,24,4,0,,,,0.301675,0.0,0.0,0.0,0.0
4,1,5,0,,,,0.24201667,0.0,0.0,0.0,0.0
4,2,5,0,,,,0.22426666,0.0,0.0,0.0,0.0
4,3,5,0,,,,0.22015,0.0,0.0,0.0,0.0
4,4,5,0,,,,0.23068333,0.0,0.0,0.0,0.0
4,5,5,0,,,,0.36626667,0.0,0.0,0.0,0.0
4,6,5,0,,,,0.26226667,0.0,0.0,0.0,0.0
4,7,5,0,,,,0.6152667,0.0,0.0,0.0,31.86
4,8,5,0,,,,0.37456667,0.0,0.0,0.0,224.33
4,9,5,0,,,,0.34351668,0.0,0.0,0.0,418.9
4,10,5,0,,,,0.47355,0.0,0.0,0.0,378.3
4,11,5,0,,,,0.413,0.0,0.0,0.0,168.64
4,12,5,0,,,,0.31483334,0.0,0.0,0.0,162.0
4,13,5,0,,,,0.46538332,0.0,0.0,0.0,79.62
4,14,5,0,,,,0.5387167,0.0,0.0,0.0,50.36
4,15,5,0,,,,0.6498167,0.0,0.0,0.0,48.82
4,16,5,0,,,,0.96455,0.0,0.0,0.0,309.75
4,17,5,0,,,,0.91485,0.0,0.0,0.0,231.84
4,18,5,0,,,,0.94615,0.0,0.0,0.0,144.89
4,19,5,0,,,,0.65115,0.0,0.0,0.0,8.25
4,20,5,0,,,,1.0644,0.0,0.0,0.0,0.0
4,21,5,0,,,,1.2538167,0.0,0.0,0.0,0.0
4,22,5,0,,,,0.7122,0.0,0.0,0.0,0.0
4,23,5,0,,,,0.6996,0.0,0.0,0.0,0.0
4,24,5,0,,,,0.24989167,0.0,0.0,0.0,0.0
4,1,6,0,,,,0.28243333,0.0,0.0,0.0,0.0
4,2,6,0,,,,0.22641666,0.0,0.0,0.0,0.0
4,3,6,0,,,,0.21998334,0.0,0.0,0.0,0.0
4,4,6,0,,,,0.35036665,0.0,0.0,0.0,0.0
4,5,6,0,,,,0.7294667,0.0,0.0,0.0,0.0
4,6,6,0,,,,0.44815,0.0,0.0,0.0,0.0
4,7,6,0,,,,0.22116667,0.0,0.0,0.0,7.94
4,8,6,0,,,,0.25776666,0.0,0.0,0.0,148.13
4,9,6,0,,,,0.21926667,0.0,0.0,0.0,89.55
4,10,6,0,,,,0.44355,0.0,0.0,0.0,130.51
4,11,6,0,,,,0.46198332,0.0,0.0,0.0,138.49
4,12,6,0,,,,0.5548,0.0,0.0,0.0,97.82
4,13,6,0,,,,0.48813334,0.0,0.0,0.0,74.84
4,14,6,0,,,,0.5425,0.0,0.0,0.0,64.71
4,15,6,0,,,,0.87465,0.0,0.0,0.0,48.41
4,16,6,0,,,,0.82736665,0.0,0.0,0.0,80.36
4,17,6,0,,,,0.76411664,0.0,0.0,0.0,87.48
4,18,6,0,,,,0.48173332,0.0,0.0,0.0,38.57
4,19,6,0,,,,0.7841,0.0,0.0,0.0,1.09
4,20,6,0,,,,0.83161664,0.0,0.0,0.0,0.0
4,21,6,0,,,,0.50408334,0.0,0.0,0.0,0.0
4,22,6,0,,,,0.4818,0.0,0.0,0.0,0.0
4,23,6,0,,,,0.57855,0.0,0.0,0.0,0.0
4,24,6,0,,,,0.6380917,0.0,0.0,0.0,0.0
4,1,7,0,,,,0.8391167,0.0,0.0,0.0,0.0
4,2,7,0,,,,0.5208333,0.0,0.0,0.0,0.0
4,3,7,0,,,,0.25611666,0.0,0.0,0.0,0.0
4,4,7,0,,,,0.1845,0.0,0.0,0.0,0.0
4,5,7,0,,,,0.21023333,0.0,0.0,0.0,0.0
4,6,7,0,,,,0.36,0.0,0.0,0.0,0.0
4,7,7,0,,,,0.38345,0.0,0.0,0.0,4.68
4,8,7,0,,,,0.3924,0.0,0.0,0.0,15.41
4,9,7,0,,,,0.26011667,0.0,0.0,0.0,67.06
4,10,7,0,,,,0.17383334,0.0,0.0,0.0,72.46
4,11,7,0,,,,1.05625,0.0,0.0,0.0,129.81
4,12,7,0,,,,1.3966833,0.0,0.0,0.0,162.93
4,13,7,0,,,,1.0698833,0.0,0.0,0.0,121.98
4,14,7,0,,,,0.8787,0.0,0.0,0.0,82.2
4,15,7,0,,,,0.9099,0.0,0.0,0.0,84.43
4,16,7,0,,,,1.0812666,0.0,0.0,0.0,72.46
4,17,7,0,,,,1.3390666,0.0,0.0,0.0,63.01
4,18,7,0,,,,1.0125,0.0,0.0,0.0,63.61
4,19,7,0,,,,1.1169333,0.0,0.0,0.0,22.62
4,20,7,0,,,,0.8779,0.0,0.0,0.0,0.0
4,21,7,0,,,,1.0422167,0.0,0.0,0.0,0.0
4,22,7,0,,,,1.22115,0.0,0.0,0.0,0.0
4,23,7,0,,,,0.81465,0.0,0.0,0.0,0.0
4,24,7,0,,,,0.30283332,0.0,0.0,0.0,0.0
5,1,1,0,,,,0.29023334,0.0,0.0,0.0,0.0
5,2,1,0,,,,0.2168,0.0,0.0,0.0,0.0
5,3,1,0,,,,0.25445,0.0,0.0,0.0,0.0
5,4,1,0,,,,0.35258332,0.0,0.0,0.0,0.0
5,5,1,0,,,,0.20083334,0.0,0.0,0.0,0.0
5,6,1,0,,,,0.17973334,0.0,0.0,0.0,0.0
5,7,1,0,,,,0.3184,0.0,0.0,0.0,5.26
5,8,1,0,,,,0.21545,0.0,0.0,0.0,14.79
5,9,1,0,,,,0.2503,0.0,0.0,0.0,29.15
5,10,1,0,,,,0.46286666,0.0,0.0,0.0,55.34
5,11,1,0,,,,0.70951664,0.0,0.0,0.0,90.68
5,12,1,0,,,,0.9719333,0.0,0.0,0.0,106.93
5,13,1,0,,,,1.29665,0.0,0.0,0.0,50.13
5,14,1,0,,,,0.8824,0.0,0.0,0.0,68.85
5,15,1,0,,,,1.00735,0.0,0.0,0.0,63.79
5,16,1,0,,,,1.28035,0.0,0.0,0.0,54.97
5,17,1,0,,,,1.54995,0.0,0.0,0.0,50.15
5,18,1,0,,,,1.0911167,0.0,0.0,0.0,29.04
5,19,1,0,,,,1.0648834,0.0,0.0,0.0,23.81
5,20,1,0,,,,0.71095836,0.0,0.0,0.0,0.0
5,21,1,0,,,,1.1265666,0.0,0.0,0.0,0.0
5,22,1,0,,,,3.1554666,0.0,0.0,0.0,0.0
5,23,1,0,,,,1.34325,0.0,0.0,0.0,0.0
5,24,1,0,,,,0.98335,0.0,0.0,0.0,0.0
5,1,2,0,,,,0.5438667,0.0,0.0,0.0,0.0
5,2,2,0,,,,0.36176667,0.0,0.0,0.0,0.0
5,3,2,0,,,,0.15945,0.0,0.0,0.0,0.0
5,4,2,0,,,,0.20768334,0.0,0.0,0.0,0.0
5,5,2,0,,,,0.18221667,0.0,0.0,0.0,0.0
5,6,2,0,,,,0.20985,0.0,0.0,0.0,0.0
5,7,2,0,,,,0.5851167,0.0,0.0,0.0,8.81
5,8,2,0,,,,0.25105,0.0,0.0,0.0,23.8
5,9,2,0,,,,0.22716667,0.0,0.0,0.0,69.33
5,10,2,0,,,,0.81263334,0.0,0.0,0.0,347.18
5,11,2,0,,,,0.80455,0.0,0.0,0.0,208.88
5,12,2,0,,,,0.7852833,0.0,0.0,0.0,678.8
5,13,2,0,,,,0.9140667,0.0,0.0,0.0,858.65
5,14,2,0,,,,1.43915,0.0,0.0,0.0,807.12
5,15,2,0,,,,1.1079333,0.0,0.0,0.0,669.32
5,16,2,0,,,,1.2429,0.0,0.0,0.0,403.2
5,17,2,0,,,,1.4541667,0.0,0.0,0.0,231.07
5,18,2,0,,,,1.7667834,0.0,0.0,0.0,155.38
5,19,2,0,,,,1.7390667,0.0,0.0,0.0,31.72
5,20,2,0,,,,1.1946,0.0,0.0,0.0,0.0
5,21,2,0,,,,0.84491664,0.0,0.0,0.0,0.0
5,22,2,0,,,,0.6073,0.0,0.0,0.0,0.0
5,23,2,0,,,,1.3413167,0.0,0.0,0.0,0.0
5,24,2,0,,,,1.0126834,0.0,0.0,0.0,0.0
5,1,3,0,,,,0.7752333,0.0,0.0,0.0,0.0
5,2,3,0,,,,0.33748335,0.0,0.0,0.0,0.0
5,3,3,0,,,,0.35153332,0.0,0.0,0.0,0.0
5,4,3,0,,,,0.13001667,0.0,0.0,0.0,0.0
5,5,3,0,,,,0.22225,0.0,0.0,0.0,0.0
5,6,3,0,,,,0.35138333,0.0,0.0,0.0,1.32
5,7,3,0,,,,0.18763334,0.0,0.0,0.0,77.38
5,8,3,0,,,,0.1305,0.0,0.0,0.0,273.11
5,9,3,0,,,,0.5139833,0.0,0.0,0.0,487.09
5,10,3,0,,,,0.42526665,0.0,0.0,0.0,638.27
5,11,3,0,,,,0.7722667,0.0,0.0,0.0,753.5
5,12,3,0,,,,0.96861666,0.0,0.0,0.0,773.6
5,13,3,0,,,,1.5432333,0.0,0.0,0.0,357.39
5,14,3,0,,,,1.8835833,0.0,0.0,0.0,95.51
5,15,3,0,,,,1.8068334,0.0,0.0,0.0,700.64
5,16,3,0,,,,1.5838166,0.0,0.0,0.0,474.4
5,17,3,0,,,,1.3379834,0.0,0.0,0.0,236.6
5,18,3,0,,,,1.48715,0.0,0.0,0.0,17.72
5,19,3,0,,,,1.32945,0.0,0.0,0.0,29.71
5,20,3,0,,,,1.52935,0.0,0.0,0.0,0.0
5,21,3,0,,,,1.5267333,0.0,0.0,0.0,0.0
5,22,3,0,,,,1.2646667,0.0,0.0,0.0,0.0
5,23,3,0,,,,0.88945,0.0,0.0,0.0,0.0
5,24,3,0,,,,1.116075,0.0,0.0,0.0,0.0
5,1,4,0,,,,0.5610667,0.0,0.0,0.0,0.0
5,2,4,0,,,,0.4002,0.0,0.0,0.0,0.0
5,3,4,0,,,,0.33368334,0.0,0.0,0.0,0.0
5,4,4,0,,,,0.16453333,0.0,0.0,0.0,0.0
5,5,4,0,,,,0.13346666,0.0,0.0,0.0,0.0
5,6,4,0,,,,0.41863334,0.0,0.0,0.0,0.0
5,7,4,0,,,,0.6801,0.0,0.0,0.0,5.72
5,8,4,0,,,,1.1191666,0.0,0.0,0.0,189.18
5,9,4,0,,,,0.48726666,0.0,0.0,0.0,326.75
5,10,4,0,,,,0.68905,0.0,0.0,0.0,123.92
5,11,4,0,,,,1.17445,0.0,0.0,0.0,255.0
5,12,4,0,,,,1.0222334,0.0,0.0,0.0,550.54
5,13,4,0,,,,1.1294833,0.0,0.0,0.0,123.52
5,14,4,0,,,,1.6315334,0.0,0.0,0.0,257.4
5,15,4,0,,,,1.73795,0.0,0.0,0.0,455.87
5,16,4,0,,,,1.9372,0.0,0.0,0.0,510.6
5,17,4,0,,,,2.0921166,0.0,0.0,0.0,327.89
5,18,4,0,,,,2.01205,0.0,0.0,0.0,155.33
5,19,4,0,,,,2.0418668,0.0,0.0,0.0,25.17
5,20,4,0,,,,1.3433833,0.0,0.0,0.0,0.0
5,21,4,0,,,,1.6677166,0.0,0.0,0.0,0.0
5,22,4,0,,,,1.3244,0.0,0.0,0.0,0.0
5,23,4,0,,,,1.2647166,0.0,0.0,0.0,0.0
5,24,4,0,,,,1.0474666,0.0,0.0,0.0,0.0
5,1,5,0,,,,0.6932333,0.0,0.0,0.0,0.0
5,2,5,0,,,,0.63518333,0.0,0.0,0.0,0.0
5,3,5,0,,,,0.85945,0.0,0.0,0.0,0.0
5,4,5,0,,,,0.69478333,0.0,0.0,0.0,0.0
5,5,5,0,,,,0.5675167,0.0,0.0,0.0,0.0
5,6,5,0,,,,0.38275,0.0,0.0,0.0,0.0
5,7,5,0,,,,0.5758,0.0,0.0,0.0,43.32
5,8,5,0,,,,0.4306,0.0,0.0,0.0,161.28
5,9,5,0,,,,0.72665,0.0,0.0,0.0,452.88
5,10,5,0,,,,1.0354333,0.0,0.0,0.0,403.67
5,11,5,0,,,,0.91821665,0.0,0.0,0.0,494.86
5,12,5,0,,,,0.84375,0.0,0.0,0.0,606.92
5,13,5,0,,,,0.7733,0.0,0.0,0.0,774.57
5,14,5,0,,,,1.1800833,0.0,0.0,0.0,519.66
5,15,5,0,,,,0.90815836,0.0,0.0,0.0,355.41
5,16,5,0,,,,1.1091666,0.0,0.0,0.0,365.91
5,17,5,0,,,,0.88013333,0.0,0.0,0.0,208.7
5,18,5,0,,,,1.1175,0.0,0.0,0.0,99.21
5,19,5,0,,,,0.6419,0.0,0.0,0.0,7.69
5,20,5,0,,,,0.6720333,0.0,0.0,0.0,0.0
5,21,5,0,,,,0.6716167,0.0,0.0,0.0,0.0
5,22,5,0,,,,1.20635,0.0,0.0,0.0,0.0
5,23,5,0,,,,1.1963,0.0,0.0,0.0,0.0
5,24,5,0,,,,1.4258167,0.0,0.0,0.0,0.0
5,1,6,0,,,,1.1807834,0.0,0.0,0.0,0.0
5,2,6,0,,,,0.58793336,0.0,0.0,0.0,0.0
5,3,6,0,,,,0.55558336,0.0,0.0,0.0,0.0
5,4,6,0,,,,0.44686112,0.0,0.0,0.0,0.0
5,5,6,0,,,,0.4661,0.0,0.0,0.0,0.0
5,6,6,0,,,,1.0034,0.0,0.0,0.0,14.89
5,7,6,0,,,,1.1132667,0.0,0.0,0.0,5.58
5,8,6,0,,,,0.9794,0.0,0.0,0.0,18.87
5,9,6,0,,,,1.00725,0.0,0.0,0.0,127.92
5,10,6,0,,,,0.8462167,0.0,0.0,0.0,100.1
5,11,6,0,,,,1.6038166,0.0,0.0,0.0,164.01
5,12,6,0,,,,1.4410833,0.0,0.0,0.0,117.81
5,13,6,0,,,,1.0948,0.0,0.0,0.0,209.18
5,14,6,0,,,,1.4294167,0.0,0.0,0.0,55.07
5,15,6,0,,,,3.4032333,0.0,0.0,0.0,43.67
5,16,6,0,,,,3.76195,0.0,0.0,0.0,60.71
5,17,6,0,,,,1.0164,0.0,0.0,0.0,133.54
5,18,6,0,,,,0.40886667,0.0,0.0,0.0,29.59
5,19,6,0,,,,1.2624167,0.0,0.0,0.0,33.85
5,20,6,0,,,,3.2857666,0.0,0.0,0.0,0.0
5,21,6,0,,,,3.2810333,0.0,0.0,0.0,0.0
5,22,6,0,,,,0.55661666,0.0,0.0,0.0,0.0
5,23,6,0,,,,0.44108334,0.0,0.0,0.0,0.0
5,24,6,0,,,,0.776525,0.0,0.0,0.0,0.0
5,1,7,0,,,,1.1434667,0.0,0.0,0.0,0.0
5,2,7,0,,,,3.0923,0.0,0.0,0.0,0.0
5,3,7,0,,,,0.23071666,0.0,0.0,0.0,0.0
5,4,7,0,,,,2.3701167,0.0,0.0,0.0,0.0
5,5,7,0,,,,0.86648333,0.0,0.0,0.0,0.0
5,6,7,0,,,,1.1971667,0.0,0.0,0.0,0.0
5,7,7,0,,,,1.4884167,0.0,0.0,0.0,23.14
5,8,7,0,,,,1.5377667,0.0,0.0,0.0,150.5
5,9,7,0,,,,1.08545,0.0,0.0,0.0,290.96
5,10,7,0,,,,1.5608,0.0,0.0,0.0,300.74
5,11,7,0,,,,3.5224333,0.0,0.0,0.0,183.25
5,12,7,0,,,,0.7741167,0.0,0.0,0.0,264.42
5,13,7,0,,,,0.8157667,0.0,0.0,0.0,487.87
5,14,7,0,,,,0.41235,0.0,0.0,0.0,638.37
5,15,7,0,,,,0.1839,0.0,0.0,0.0,53.98
5,16,7,0,,,,1.2181333,0.0,0.0,0.0,122.5
5,17,7,0,,,,3.0752666,0.0,0.0,0.0,116.59
5,18,7,0,,,,0.78823334,0.0,0.0,0.0,15.96
5,19,7,0,,,,0.49488333,0.0,0.0,0.0,37.89
5,20,7,0,,,,0.77811664,0.0,0.0,0.0,0.0
5,21,7,0,,,,0.87313336,0.0,0.0,0.0,0.0
5,22,7,0,,,,2.2741666,0.0,0.0,0.0,0.0
5,23,7,0,,,,0.73185,0.0,0.0,0.0,0.0
5,24,7,0,,,,1.496275,0.0,0.0,0.0,0.0
5,1,1,0,,,,1.2531,0.0,0.0,0.0,0.0
5,2,1,0,,,,1.8473166,0.0,0.0,0.0,0.0
5,3,1,0,,,,0.63551664,0.0,0.0,0.0,0.0
5,4,1,0,,,,2.2526667,0.0,0.0,0.0,0.0
5,5,1,0,,,,0.81116664,0.0,0.0,0.0,0.0
5,6,1,0,,,,1.9482167,0.0,0.0,0.0,0.0
5,7,1,0,,,,0.19363333,0.0,0.0,0.0,6.34
5,8,1,0,,,,2.5971668,0.0,0.0,0.0,78.7
5,9,1,0,,,,1.0748667,0.0,0.0,0.0,67.47
5,10,1,0,,,,0.17405,0.0,0.0,0.0,95.75
5,11,1,0,,,,0.31745,0.0,0.0,0.0,135.55
5,12,1,0,,,,0.25565,0.0,0.0,0.0,136.02
5,13,1,0,,,,0.35405,0.0,0.0,0.0,90.22
5,14,1,0,,,,0.67455,0.0,0.0,0.0,104.55
5,15,1,0,,,,0.76386666,0.0,0.0,0.0,79.64
5,16,1,0,,,,0.35455,0.0,0.0,0.0,61.39
5,17,1,0,,,,0.27313334,0.0,0.0,0.0,40.53
5,18,1,0,,,,0.27731666,0.0,0.0,0.0,37.53
5,19,1,0,,,,0.38928333,0.0,0.0,0.0,22.83
5,20,1,0,,,,0.38448334,0.0,0.0,0.0,0.0
5,21,1,0,,,,0.66513336,0.0,0.0,0.0,0.0
5,22,1,0,,,,0.3292,0.0,0.0,0.0,0.0
5,23,1,0,,,,0.25563332,0.0,0.0,0.0,0.0
5,24,1,0,,,,0.41981667,0.0,0.0,0.0,0.0
5,1,2,0,,,,0.96385,0.0,0.0,0.0,0.0
5,2,2,0,,,,0.52561665,0.0,0.0,0.0,0.0
5,3,2,0,,,,1.39185,0.0,0.0,0.0,0.0
5,4,2,0,,,,0.2716,0.0,0.0,0.0,0.0
5,5,2,0,,,,1.1815,0.0,0.0,0.0,0.0
5,6,2,0,,,,0.6941,0.0,0.0,0.0,0.0
5,7,2,0,,,,2.043,0.0,0.0,0.0,6.36
5,8,2,0,,,,0.5814833,0.0,0.0,0.0,17.99
5,9,2,0,,,,0.37426665,0.0,0.0,0.0,67.68
5,10,2,0,,,,0.72753334,0.0,0.0,0.0,107.36
5,11,2,0,,,,0.5007833,0.0,0.0,0.0,163.04
5,12,2,0,,,,0.32975,0.0,0.0,0.0,143.55
5,13,2,0,,,,0.4134,0.0,0.0,0.0,103.37
5,14,2,0,,,,0.6013167,0.0,0.0,0.0,107.82
5,15,2,0,,,,0.25825,0.0,0.0,0.0,77.62
5,16,2,0,,,,0.25881666,0.0,0.0,0.0,72.12
5,17,2,0,,,,0.26813334,0.0,0.0,0.0,41.35
5,18,2,0,,,,0.4094,0.0,0.0,0.0,36.87
5,19,2,0,,,,0.45055,0.0,0.0,0.0,27.35
5,20,2,0,,,,0.38905,0.0,0.0,0.0,0.0
5,21,2,0,,,,0.5283833,0.0,0.0,0.0,0.0
5,22,2,0,,,,0.65008336,0.0,0.0,0.0,0.0
5,23,2,0,,,,0.6874167,0.0,0.0,0.0,0.0
5,24,2,0,,,,0.591525,0.0,0.0,0.0,0.0
5,1,3,0,,,,0.5769333,0.0,0.0,0.0,0.0
5,2,3,0,,,,1.2542666,0.0,0.0,0.0,0.0
5,3,3,0,,,,0.42023334,0.0,0.0,0.0,0.0
5,4,3,0,,,,1.2304,0.0,0.0,0.0,0.0
5,5,3,0,,,,0.66856664,0.0,0.0,0.0,0.0
5,6,3,0,,,,1.2775667,0.0,0.0,0.0,0.0
5,7,3,0,,,,0.4061,0.0,0.0,0.0,93.02
5,8,3,0,,,,0.49186668,0.0,0.0,0.0,283.84
5,9,3,0,,,,1.88625,0.0,0.0,0.0,483.32
5,10,3,0,,,,0.25113332,0.0,0.0,0.0,642.27
5,11,3,0,,,,0.25178334,0.0,0.0,0.0,694.36
5,12,3,0,,,,0.78535,0.0,0.0,0.0,299.5
5,13,3,0,,,,0.33875,0.0,0.0,0.0,342.95
5,14,3,0,,,,1.5935833,0.0,0.0,0.0,343.73
5,15,3,0,,,,0.55111665,0.0,0.0,0.0,137.66
5,16,3,0,,,,0.4796,0.0,0.0,0.0,185.44
5,17,3,0,,,,0.28735,0.0,0.0,0.0,133.9
5,18,3,0,,,,0.72356665,0.0,0.0,0.0,47.73
5,19,3,0,,,,1.05025,0.0,0.0,0.0,24.34
5,20,3,0,,,,0.5699667,0.0,0.0,0.0,0.0
5,21,3,0,,,,0.5512667,0.0,0.0,0.0,0.0
5,22,3,0,,,,0.45265,0.0,0.0,0.0,0.0
5,23,3,0,,,,2.3382,0.0,0.0,0.0,0.0
5,24,3,0,,,,0.59956664,0.0,0.0,0.0,0.0
5,1,4,0,,,,0.60926664,0.0,0.0,0.0,0.0
5,2,4,0,,,,0.5299,0.0,0.0,0.0,0.0
5,3,4,0,,,,2.0434833,0.0,0.0,0.0,0.0
5,4,4,0,,,,0.54385,0.0,0.0,0.0,0.0
5,5,4,0,,,,0.2859,0.0,0.0,0.0,0.0
5,6,4,0,,,,2.3228667,0.0,0.0,0.0,1.74
5,7,4,0,,,,1.1119833,0.0,0.0,0.0,43.5
5,8,4,0,,,,0.3644,0.0,0.0,0.0,240.11
5,9,4,0,,,,0.34663334,0.0,0.0,0.0,469.37
5,10,4,0,,,,0.33916667,0.0,0.0,0.0,612.91
5,11,4,0,,,,0.26456666,0.0,0.0,0.0,541.82
5,12,4,0,,,,0.35075,0.0,0.0,0.0,389.34
5,13,4,0,,,,0.28858334,0.0,0.0,0.0,275.55
5,14,4,0,,,,0.22128333,0.0,0.0,0.0,74.33
5,15,4,0,,,,0.72431666,0.0,0.0,0.0,565.39
5,16,4,0,,,,1.1814834,0.0,0.0,0.0,429.88
5,17,4,0,,,,0.49828333,0.0,0.0,0.0,295.44
5,18,4,0,,,,0.76315,0.0,0.0,0.0,152.96
5,19,4,0,,,,0.5895333,0.0,0.0,0.0,42.25
5,20,4,0,,,,0.7885,0.0,0.0,0.0,0.0
5,21,4,0,,,,0.5216333,0.0,0.0,0.0,0.0
5,22,4,0,,,,0.83835,0.0,0.0,0.0,0.0
5,23,4,0,,,,0.9519333,0.0,0.0,0.0,0.0
5,24,4,0,,,,0.7743083,0.0,0.0,0.0,0.0
5,1,5,0,,,,0.74705,0.0,0.0,0.0,0.0
5,2,5,0,,,,0.88166666,0.0,0.0,0.0,0.0
5,3,5,0,,,,0.73371667,0.0,0.0,0.0,0.0
5,4,5,0,,,,0.8839,0.0,0.0,0.0,0.0
5,5,5,0,,,,1.6691667,0.0,0.0,0.0,0.0
5,6,5,0,,,,2.5759168,0.0,0.0,0.0,3.62
5,7,5,0,,,,0.72445,0.0,0.0,0.0,87.53
5,8,5,0,,,,0.6367,0.0,0.0,0.0,212.9
5,9,5,0,,,,0.63988334,0.0,0.0,0.0,472.59
5,10,5,0,,,,0.39808333,0.0,0.0,0.0,617.94
5,11,5,0,,,,0.4446,0.0,0.0,0.0,676.39
5,12,5,0,,,,0.5765667,0.0,0.0,0.0,495.09
5,13,5,0,,,,0.5514167,0.0,0.0,0.0,392.98
5,14,5,0,,,,0.5686333,0.0,0.0,0.0,539.92
5,15,5,0,,,,0.83775,0.0,0.0,0.0,544.25
5,16,5,0,,,,0.9192167,0.0,0.0,0.0,295.79
5,17,5,0,,,,0.52288336,0.0,0.0,0.0,344.78
5,18,5,0,,,,0.43445,0.0,0.0,0.0,165.75
5,19,5,0,,,,0.62908334,0.0,0.0,0.0,36.73
5,20,5,0,,,,0.5546,0.0,0.0,0.0,0.0
5,21,5,0,,,,0.8324,0.0,0.0,0.0,0.0
5,22,5,0,,,,1.2306833,0.0,0.0,0.0,0.0
5,23,5,0,,,,0.7169167,0.0,0.0,0.0,0.0
5,24,5,0,,,,0.546305,0.0,0.0,0.0,0.0
5,1,6,0,,,,1.0601333,0.0,0.0,0.0,0.0
5,2,6,0,,,,0.82495,0.0,0.0,0.0,0.0
5,3,6,0,,,,0.83923334,0.0,0.0,0.0,0.0
5,4,6,0,,,,0.74935,0.0,0.0,0.0,0.0
5,5,6,0,,,,1.4229167,0.0,0.0,0.0,0.0
5,6,6,0,,,,1.17705,0.0,0.0,0.0,0.18
5,7,6,0,,,,1.9161834,0.0,0.0,0.0,92.28
5,8,6,0,,,,1.2433,0.0,0.0,0.0,264.42
5,9,6,0,,,,0.40955,0.0,0.0,0.0,416.17
5,10,6,0,,,,0.42481667,0.0,0.0,0.0,564.61
5,11,6,0,,,,0.50825,0.0,0.0,0.0,664.75
5,12,6,0,,,,0.43711665,0.0,0.0,0.0,471.08
5,13,6,0,,,,0.41353333,0.0,0.0,0.0,652.31
5,14,6,0,,,,0.57231665,0.0,0.0,0.0,323.02
5,15,6,0,,,,1.2251834,0.0,0.0,0.0,485.83
5,16,6,0,,,,0.92146665,0.0,0.0,0.0,329.28
5,17,6,0,,,,0.41285,0.0,0.0,0.0,214.66
5,18,6,0,,,,0.47768334,0.0,0.0,0.0,77.38
5,19,6,0,,,,0.59723336,0.0,0.0,0.0,5.39
5,20,6,0,,,,0.9569,0.0,0.0,0.0,0.0
5,21,6,0,,,,0.87586665,0.0,0.0,0.0,0.0
5,22,6,0,,,,0.90285,0.0,0.0,0.0,0.0
5,23,6,0,,,,0.78996664,0.0,0.0,0.0,0.0
5,24,6,0,,,,0.78513336,0.0,0.0,0.0,0.0
5,1,7,0,,,,0.7126333,0.0,0.0,0.0,0.0
5,2,7,0,,,,1.2552167,0.0,0.0,0.0,0.0
5,3,7,0,,,,0.92125,0.0,0.0,0.0,0.0
5,4,7,0,,,,1.4219167,0.0,0.0,0.0,0.0
5,5,7,0,,,,1.0864167,0.0,0.0,0.0,0.0
5,6,7,0,,,,1.5304166,0.0,0.0,0.0,0.51
5,7,7,0,,,,1.1668167,0.0,0.0,0.0,7.3
5,8,7,0,,,,0.75015,0.0,0.0,0.0,37.84
5,9,7,0,,,,2.9483833,0.0,0.0,0.0,162.29
5,10,7,0,,,,1.4037334,0.0,0.0,0.0,401.91
5,11,7,0,,,,0.45615,0.0,0.0,0.0,556.47
5,12,7,0,,,,0.38401666,0.0,0.0,0.0,790.03
5,13,7,0,,,,0.40873334,0.0,0.0,0.0,704.15
5,14,7,0,,,,0.41338333,0.0,0.0,0.0,474.46
5,15,7,0,,,,0.55696666,0.0,0.0,0.0,340.23
5,16,7,0,,,,0.8186167,0.0,0.0,0.0,237.46
5,17,7,0,,,,1.1087667,0.0,0.0,0.0,366.75
5,18,7,0,,,,0.8020167,0.0,0.0,0.0,101.29
5,19,7,0,,,,0.6835667,0.0,0.0,0.0,39.57
5,20,7,0,,,,0.70525,0.0,0.0,0.0,0.0
5,21,7,0,,,,0.85205,0.0,0.0,0.0,0.0
5,22,7,0,,,,0.74435,0.0,0.0,0.0,0.0
5,23,7,0,,,,0.6178833,0.0,0.0,0.0,0.0
5,24,7,0,,,,0.7398833,0.0,0.0,0.0,0.0
5,1,1,0,,,,0.5912833,0.0,0.0,0.0,0.0
5,2,1,0,,,,0.9198167,0.0,0.0,0.0,0.0
5,3,1,0,,,,1.27815,0.0,0.0,0.0,0.0
5,4,1,0,,,,0.9213833,0.0,0.0,0.0,0.0
5,5,1,0,,,,1.74675,0.0,0.0,0.0,0.0
5,6,1,0,,,,1.17465,0.0,0.0,0.0,0.17
5,7,1,0,,,,1.2589834,0.0,0.0,0.0,60.97
5,8,1,0,,,,2.2161,0.0,0.0,0.0,114.59
5,9,1,0,,,,1.2888666,0.0,0.0,0.0,288.78
5,10,1,0,,,,2.8767166,0.0,0.0,0.0,579.76
5,11,1,0,,,,1.8955333,0.0,0.0,0.0,541.52
5,12,1,0,,,,0.84065,0.0,0.0,0.0,583.22
5,13,1,0,,,,0.69105,0.0,0.0,0.0,643.37
5,14,1,0,,,,1.1928333,0.0,0.0,0.0,506.28
5,15,1,0,,,,0.93105,0.0,0.0,0.0,209.97
5,16,1,0,,,,0.49635,0.0,0.0,0.0,65.63
5,17,1,0,,,,0.40653333,0.0,0.0,0.0,211.68
5,18,1,0,,,,1.6042666,0.0,0.0,0.0,156.93
5,19,1,0,,,,3.1568832,0.0,0.0,0.0,44.0
5,20,1,0,,,,0.89178336,0.0,0.0,0.0,0.0
5,21,1,0,,,,0.66141665,0.0,0.0,0.0,0.0
5,22,1,0,,,,2.5754166,0.0,0.0,0.0,0.0
5,23,1,0,,,,1.1940167,0.0,0.0,0.0,0.0
5,24,1,0,,,,2.600575,0.0,0.0,0.0,0.0
5,1,2,0,,,,1.4182,0.0,0.0,0.0,0.0
5,2,2,0,,,,0.63483334,0.0,0.0,0.0,0.0
5,3,2,0,,,,1.1042334,0.0,0.0,0.0,0.0
5,4,2,0,,,,1.9807333,0.0,0.0,0.0,0.0
5,5,2,0,,,,0.55508333,0.0,0.0,0.0,0.0
5,6,2,0,,,,0.7281,0.0,0.0,0.0,14.18
5,7,2,0,,,,1.3902167,0.0,0.0,0.0,32.87
5,8,2,0,,,,0.2095,0.0,0.0,0.0,163.26
5,9,2,0,,,,0.78995,0.0,0.0,0.0,109.8
5,10,2,0,,,,2.6294832,0.0,0.0,0.0,382.5
5,11,2,0,,,,0.21311666,0.0,0.0,0.0,610.85
5,12,2,0,,,,0.2049,0.0,0.0,0.0,450.24
5,13,2,0,,,,1.5413834,0.0,0.0,0.0,670.81
5,14,2,0,,,,0.40825,0.0,0.0,0.0,506.68
5,15,2,0,,,,0.20796667,0.0,0.0,0.0,401.53
5,16,2,0,,,,0.19946666,0.0,0.0,0.0,239.49
5,17,2,0,,,,0.59173334,0.0,0.0,0.0,185.01
5,18,2,0,,,,0.31063333,0.0,0.0,0.0,100.48
5,19,2,0,,,,1.1352834,0.0,0.0,0.0,41.49
5,20,2,0,,,,2.4938834,0.0,0.0,0.0,0.0
5,21,2,0,,,,0.81373334,0.0,0.0,0.0,0.0
5,22,2,0,,,,0.52915,0.0,0.0,0.0,0.0
5,23,2,0,,,,1.2601167,0.0,0.0,0.0,0.0
5,24,2,0,,,,0.80035836,0.0,0.0,0.0,0.0
5,1,3,0,,,,2.3149834,0.0,0.0,0.0,0.0
5,2,3,0,,,,0.78721666,0.0,0.0,0.0,0.0
5,3,3,0,,,,0.5154333,0.0,0.0,0.0,0.0
5,4,3,0,,,,1.5135666,0.0,0.0,0.0,0.0
5,5,3,0,,,,0.6936833,0.0,0.0,0.0,0.0
5,6,3,0,,,,1.5879667,0.0,0.0,0.0,4.42
5,7,3,0,,,,0.38443333,0.0,0.0,0.0,97.81
5,8,3,0,,,,3.0398333,0.0,0.0,0.0,33.98
5,9,3,0,,,,0.2121,0.0,0.0,0.0,270.18
5,10,3,0,,,,1.6998667,0.0,0.0,0.0,617.08
5,11,3,0,,,,0.62548333,0.0,0.0,0.0,652.77
5,12,3,0,,,,0.5969,0.0,0.0,0.0,773.43
5,13,3,0,,,,0.18331666,0.0,0.0,0.0,764.08
5,14,3,0,,,,0.5775333,0.0,0.0,0.0,478.25
5,15,3,0,,,,2.3547168,0.0,0.0,0.0,456.29
5,16,3,0,,,,0.44696668,0.0,0.0,0.0,325.95
5,17,3,0,,,,0.44253334,0.0,0.0,0.0,298.36
5,18,3,0,,,,2.7204168,0.0,0.0,0.0,154.02
5,19,3,0,,,,3.2032666,0.0,0.0,0.0,46.0
5,20,3,0,,,,1.3054667,0.0,0.0,0.0,0.12
5,21,3,0,,,,0.91805,0.0,0.0,0.0,0.0
5,22,3,0,,,,1.0928833,0.0,0.0,0.0,0.0
5,23,3,0,,,,0.67356664,0.0,0.0,0.0,0.0
5,24,3,0,,,,0.5048,0.0,0.0,0.0,0.0
5,1,4,0,,,,1.0478166,0.0,0.0,0.0,0.0
5,2,4,0,,,,3.56005,0.0,0.0,0.0,0.0
5,3,4,0,,,,0.88226664,0.0,0.0,0.0,0.0
5,4,4,0,,,,1.0615333,0.0,0.0,0.0,0.0
5,5,4,0,,,,3.1483333,0.0,0.0,0.0,0.0
5,6,4,0,,,,0.9299833,0.0,0.0,0.0,0.49
5,7,4,0,,,,0.9156,0.0,0.0,0.0,98.23
5,8,4,0,,,,1.2820333,0.0,0.0,0.0,217.68
5,9,4,0,,,,1.3375,0.0,0.0,0.0,415.35
5,10,4,0,,,,0.7367333,0.0,0.0,0.0,506.83
5,11,4,0,,,,0.42765,0.0,0.0,0.0,643.8
5,12,4,0,,,,0.22453333,0.0,0.0,0.0,789.11
5,13,4,0,,,,0.24338333,0.0,0.0,0.0,820.94
5,14,4,0,,,,0.532,0.0,0.0,0.0,698.47
5,15,4,0,,,,0.18008333,0.0,0.0,0.0,637.38
5,16,4,0,,,,0.2839,0.0,0.0,0.0,465.56
5,17,4,0,,,,0.12615,0.0,0.0,0.0,325.83
5,18,4,0,,,,0.14183334,0.0,0.0,0.0,150.9
5,19,4,0,,,,0.41853333,0.0,0.0,0.0,46.12
5,20,4,0,,,,0.6583167,0.0,0.0,0.0,0.0
5,21,4,0,,,,0.45221666,0.0,0.0,0.0,0.0
5,22,4,0,,,,0.6606333,0.0,0.0,0.0,0.0
5,23,4,0,,,,0.5747667,0.0,0.0,0.0,0.0
5,24,4,0,,,,0.6552333,0.0,0.0,0.0,0.0
5,1,5,0,,,,0.54076666,0.0,0.0,0.0,0.0
5,2,5,0,,,,0.46993333,0.0,0.0,0.0,0.0
5,3,5,0,,,,0.53078336,0.0,0.0,0.0,0.0
5,4,5,0,,,,0.29993334,0.0,0.0,0.0,0.0
5,5,5,0,,,,0.24725834,0.0,0.0,0.0,0.0
5,6,5,0,,,,0.27728334,0.0,0.0,0.0,25.89
5,7,5,0,,,,0.17816667,0.0,0.0,0.0,91.6
5,8,5,0,,,,0.3184,0.0,0.0,0.0,294.89
5,9,5,0,,,,0.56581664,0.0,0.0,0.0,481.11
5,10,5,0,,,,0.699,0.0,0.0,0.0,640.21
5,11,5,0,,,,0.2396,0.0,0.0,0.0,749.52
5,12,5,0,,,,0.23786667,0.0,0.0,0.0,802.91
5,13,5,0,,,,0.24628334,0.0,0.0,0.0,824.62
5,14,5,0,,,,0.09233333,0.0,0.0,0.0,763.1
5,15,5,0,,,,0.3187,0.0,0.0,0.0,693.75
5,16,5,0,,,,0.37075,0.0,0.0,0.0,553.23
5,17,5,0,,,,0.76735,0.0,0.0,0.0,377.72
5,18,5,0,,,,1.00555,0.0,0.0,0.0,170.77
5,19,5,0,,,,1.1206,0.0,0.0,0.0,42.81
5,20,5,0,,,,0.93083334,0.0,0.0,0.0,2.42
5,21,5,0,,,,0.73915,0.0,0.0,0.0,0.0
5,22,5,0,,,,0.84146667,0.0,0.0,0.0,0.0
5,23,5,0,,,,0.6722,0.0,0.0,0.0,0.0
5,24,5,0,,,,0.45950833,0.0,0.0,0.0,0.0
5,1,6,0,,,,0.43345,0.0,0.0,0.0,0.0
5,2,6,0,,,,0.22866666,0.0,0.0,0.0,0.0
5,3,6,0,,,,0.21801667,0.0,0.0,0.0,0.0
5,4,6,0,,,,0.20103334,0.0,0.0,0.0,0.0
5,5,6,0,,,,0.33313334,0.0,0.0,0.0,0.0
5,6,6,0,,,,0.22363333,0.0,0.0,0.0,24.35
5,7,6,0,,,,0.32141668,0.0,0.0,0.0,91.79
5,8,6,0,,,,0.22491667,0.0,0.0,0.0,290.3
5,9,6,0,,,,0.24398333,0.0,0.0,0.0,474.04
5,10,6,0,,,,0.68675,0.0,0.0,0.0,627.77
5,11,6,0,,,,0.88963336,0.0,0.0,0.0,738.19
5,12,6,0,,,,0.82593334,0.0,0.0,0.0,798.02
5,13,6,0,,,,0.8089667,0.0,0.0,0.0,799.86
5,14,6,0,,,,0.58253336,0.0,0.0,0.0,764.4
5,15,6,0,,,,0.8232167,0.0,0.0,0.0,687.4
5,16,6,0,,,,0.7742,0.0,0.0,0.0,547.75
5,17,6,0,,,,0.83353335,0.0,0.0,0.0,367.92
5,18,6,0,,,,0.72825,0.0,0.0,0.0,170.24
5,19,6,0,,,,0.83703333,0.0,0.0,0.0,46.62
5,20,6,0,,,,0.5858667,0.0,0.0,0.0,6.27
5,21,6,0,,,,1.22975,0.0,0.0,0.0,0.0
5,22,6,0,,,,0.7672167,0.0,0.0,0.0,0.0
5,23,6,0,,,,0.45116666,0.0,0.0,0.0,0.0
5,24,6,0,,,,0.77311665,0.0,0.0,0.0,0.0
5,1,7,0,,,,0.5107333,0.0,0.0,0.0,0.0
5,2,7,0,,,,0.18068333,0.0,0.0,0.0,0.0
5,3,7,0,,,,0.22558333,0.0,0.0,0.0,0.0
5,4,7,0,,,,0.14328334,0.0,0.0,0.0,0.0
5,5,7,0,,,,0.18318333,0.0,0.0,0.0,0.0
5,6,7,0,,,,0.56845,0.0,0.0,0.0,0.83
5,7,7,0,,,,0.7576333,0.0,0.0,0.0,66.12
5,8,7,0,,,,0.61941665,0.0,0.0,0.0,120.52
5,9,7,0,,,,0.93936664,0.0,0.0,0.0,48.26
5,10,7,0,,,,0.3343,0.0,0.0,0.0,84.92
5,11,7,0,,,,0.44536668,0.0,0.0,0.0,236.49
5,12,7,0,,,,0.7871,0.0,0.0,0.0,426.8
5,13,7,0,,,,0.59381664,0.0,0.0,0.0,421.37
5,14,7,0,,,,0.38711667,0.0,0.0,0.0,206.0
5,15,7,0,,,,0.49605,0.0,0.0,0.0,247.7
5,16,7,0,,,,0.9652167,0.0,0.0,0.0,314.85
5,17,7,0,,,,0.78898335,0.0,0.0,0.0,319.27
5,18,7,0,,,,1.6102333,0.0,0.0,0.0,168.96
5,19,7,0,,,,1.0317833,0.0,0.0,0.0,31.49
5,20,7,0,,,,0.94623333,0.0,0.0,0.0,6.93
5,21,7,0,,,,1.09975,0.0,0.0,0.0,0.0
5,22,7,0,,,,1.3015333,0.0,0.0,0.0,0.0
5,23,7,0,,,,0.5681,0.0,0.0,0.0,0.0
5,24,7,0,,,,1.236875,0.0,0.0,0.0,0.0
5,1,1,0,,,,1.1154166,0.0,0.0,0.0,0.0
5,2,1,0,,,,0.70788336,0.0,0.0,0.0,0.0
5,3,1,0,,,,0.47523335,0.0,0.0,0.0,0.0
5,4,1,0,,,,0.57381666,0.0,0.0,0.0,0.0
5,5,1,0,,,,0.15213333,0.0,0.0,0.0,0.0
5,6,1,0,,,,0.1735,0.0,0.0,0.0,26.03
5,7,1,0,,,,0.1485,0.0,0.0,0.0,98.48
5,8,1,0,,,,0.46848333,0.0,0.0,0.0,286.94
5,9,1,0,,,,0.44191667,0.0,0.0,0.0,461.92
5,10,1,0,,,,0.63425,0.0,0.0,0.0,609.47
5,11,1,0,,,,0.8333167,0.0,0.0,0.0,693.08
5,12,1,0,,,,1.2730833,0.0,0.0,0.0,734.46
5,13,1,0,,,,1.8301166,0.0,0.0,0.0,668.29
5,14,1,0,,,,1.8224,0.0,0.0,0.0,659.32
5,15,1,0,,,,2.1643333,0.0,0.0,0.0,174.89
5,16,1,0,,,,1.7044834,0.0,0.0,0.0,241.14
5,17,1,0,,,,2.94165,0.0,0.0,0.0,79.64
5,18,1,0,,,,1.10815,0.0,0.0,0.0,157.42
5,19,1,0,,,,0.98571664,0.0,0.0,0.0,50.61
5,20,1,0,,,,1.2594833,0.0,0.0,0.0,0.14
5,21,1,0,,,,1.2621833,0.0,0.0,0.0,0.0
5,22,1,0,,,,1.4301667,0.0,0.0,0.0,0.0
5,23,1,0,,,,1.5212,0.0,0.0,0.0,0.0
5,24,1,0,,,,1.2691667,0.0,0.0,0.0,0.0
5,1,2,0,,,,0.9355,0.0,0.0,0.0,0.0
5,2,2,0,,,,0.74833333,0.0,0.0,0.0,0.0
5,3,2,0,,,,0.99042225,0.0,0.0,0.0,0.0
5,4,2,0,,,,0.55015,0.0,0.0,0.0,0.0
5,5,2,0,,,,0.64496666,0.0,0.0,0.0,0.0
5,6,2,0,,,,0.71145,0.0,0.0,0.0,0.86
5,7,2,0,,,,0.45991668,0.0,0.0,0.0,98.23
5,8,2,0,,,,0.60188335,0.0,0.0,0.0,269.37
5,9,2,0,,,,0.47898334,0.0,0.0,0.0,446.38
5,10,2,0,,,,0.60688335,0.0,0.0,0.0,597.65
5,11,2,0,,,,1.2891,0.0,0.0,0.0,679.14
5,12,2,0,,,,2.2766166,0.0,0.0,0.0,674.03
5,13,2,0,,,,1.5072167,0.0,0.0,0.0,361.68
5,14,2,0,,,,1.8758833,0.0,0.0,0.0,275.19
5,15,2,0,,,,1.6521,0.0,0.0,0.0,562.53
5,16,2,0,,,,1.4261667,0.0,0.0,0.0,490.95
5,17,2,0,,,,1.49345,0.0,0.0,0.0,143.46
5,18,2,0,,,,0.74841666,0.0,0.0,0.0,11.71
5,19,2,0,,,,1.1375166,0.0,0.0,0.0,32.46
5,20,2,0,,,,1.1940833,0.0,0.0,0.0,8.49
5,21,2,0,,,,0.98615,0.0,0.0,0.0,0.0
5,22,2,0,,,,0.8943667,0.0,0.0,0.0,0.0
5,23,2,0,,,,0.95143336,0.0,0.0,0.0,0.0
5,24,2,0,,,,1.0143334,0.0,0.0,0.0,0.0
5,1,3,0,,,,0.9595,0.0,0.0,0.0,0.0
5,2,3,0,,,,0.87416667,0.0,0.0,0.0,0.0
5,3,3,0,,,,0.39111668,0.0,0.0,0.0,0.0
5,4,3,0,,,,0.5409333,0.0,0.0,0.0,0.0
5,5,3,0,,,,0.64631665,0.0,0.0,0.0,0.0
5,6,3,0,,,,0.49898332,0.0,0.0,0.0,0.87
5,7,3,0,,,,0.40306666,0.0,0.0,0.0,97.84
5,8,3,0,,,,1.2886833,0.0,0.0,0.0,279.55
5,9,3,0,,,,0.90758336,0.0,0.0,0.0,279.45
5,10,3,0,,,,0.6817833,0.0,0.0,0.0,524.88
5,11,3,0,,,,1.0185,0.0,0.0,0.0,491.32
5,12,3,0,,,,1.1955667,0.0,0.0,0.0,404.91
5,13,3,0,,,,1.307,0.0,0.0,0.0,499.77
5,14,3,0,,,,0.99186665,0.0,0.0,0.0,556.32
5,15,3,0,,,,0.98158336,0.0,0.0,0.0,320.78
5,16,3,0,,,,1.5420166,0.0,0.0,0.0,340.32
5,17,3,0,,,,1.2071667,0.0,0.0,0.0,0.0
5,18,3,0,,,,0.93943334,0.0,0.0,0.0,119.89
5,19,3,0,,,,0.6203833,0.0,0.0,0.0,54.19
5,20,3,0,,,,0.87478334,0.0,0.0,0.0,0.0
5,21,3,0,,,,0.7734,0.0,0.0,0.0,0.0
5,22,3,0,,,,0.45106667,0.0,0.0,0.0,0.0
5,23,3,0,,,,0.60345,0.0,0.0,0.0,0.0
5,24,3,0,,,,0.61355,0.0,0.0,0.0,0.0
5,1,4,0,,,,0.49463335,0.0,0.0,0.0,0.0
5,2,4,0,,,,0.37451667,0.0,0.0,0.0,0.0
5,3,4,0,,,,0.49353334,0.0,0.0,0.0,0.0
5,4,4,0,,,,0.6463,0.0,0.0,0.0,0.0
5,5,4,0,,,,0.6056,0.0,0.0,0.0,0.0
5,6,4,0,,,,0.96168333,0.0,0.0,0.0,1.25
5,7,4,0,,,,1.1108167,0.0,0.0,0.0,83.72
5,8,4,0,,,,0.65235,0.0,0.0,0.0,209.66
5,9,4,0,,,,0.47138333,0.0,0.0,0.0,386.94
5,10,4,0,,,,0.21141666,0.0,0.0,0.0,319.41
5,11,4,0,,,,0.418,0.0,0.0,0.0,411.72
5,12,4,0,,,,0.29875,0.0,0.0,0.0,418.14
5,13,4,0,,,,0.41671667,0.0,0.0,0.0,611.11
5,14,4,0,,,,0.47931665,0.0,0.0,0.0,348.78
5,15,4,0,,,,1.0903,0.0,0.0,0.0,99.21
5,16,4,0,,,,0.94755,0.0,0.0,0.0,320.46
5,17,4,0,,,,0.44123334,0.0,0.0,0.0,64.89
5,18,4,0,,,,0.29975,0.0,0.0,0.0,66.27
5,19,4,0,,,,0.22645,0.0,0.0,0.0,27.34
5,20,4,0,,,,0.24293333,0.0,0.0,0.0,0.0
5,21,4,0,,,,0.74231666,0.0,0.0,0.0,0.0
5,22,4,0,,,,0.28425,0.0,0.0,0.0,0.0
5,23,4,0,,,,0.24448334,0.0,0.0,0.0,0.0
5,24,4,0,,,,0.40139166,0.0,0.0,0.0,0.0
5,1,5,0,,,,0.50105,0.0,0.0,0.0,0.0
5,2,5,0,,,,0.64155,0.0,0.0,0.0,0.0
5,3,5,0,,,,0.52565,0.0,0.0,0.0,0.0
5,4,5,0,,,,0.39906666,0.0,0.0,0.0,0.0
5,5,5,0,,,,0.244925,0.0,0.0,0.0,0.0
5,6,5,0,,,,1.3141,0.0,0.0,0.0,5.5
5,7,5,0,,,,0.17808333,0.0,0.0,0.0,101.66
5,8,5,0,,,,1.95965,0.0,0.0,0.0,295.54
5,9,5,0,,,,0.79831666,0.0,0.0,0.0,487.21
5,10,5,0,,,,0.5172833,0.0,0.0,0.0,636.14
5,11,5,0,,,,0.4799,0.0,0.0,0.0,658.51
5,12,5,0,,,,0.478,0.0,0.0,0.0,665.76
5,13,5,0,,,,0.36466667,0.0,0.0,0.0,666.41
5,14,5,0,,,,0.61075,0.0,0.0,0.0,612.37
5,15,5,0,,,,0.48636666,0.0,0.0,0.0,592.08
5,16,5,0,,,,0.59831667,0.0,0.0,0.0,523.3
5,17,5,0,,,,0.7403,0.0,0.0,0.0,357.92
5,18,5,0,,,,0.33966666,0.0,0.0,0.0,181.31
5,19,5,0,,,,0.38615835,0.0,0.0,0.0,45.58
5,20,5,0,,,,0.32291666,0.0,0.0,0.0,10.29
5,21,5,0,,,,0.37766665,0.0,0.0,0.0,0.0
5,22,5,0,,,,0.87338334,0.0,0.0,0.0,0.0
5,23,5,0,,,,0.6603,0.0,0.0,0.0,0.0
5,24,5,0,,,,0.33485833,0.0,0.0,0.0,0.0
5,1,6,0,,,,0.36486667,0.0,0.0,0.0,0.0
5,2,6,0,,,,0.25963333,0.0,0.0,0.0,0.0
5,3,6,0,,,,0.5842,0.0,0.0,0.0,0.0
5,4,6,0,,,,1.0649,0.0,0.0,0.0,0.0
5,5,6,0,,,,0.52061665,0.0,0.0,0.0,0.0
5,6,6,0,,,,1.6362667,0.0,0.0,0.0,16.2
5,7,6,0,,,,0.20961666,0.0,0.0,0.0,106.41
5,8,6,0,,,,0.48386666,0.0,0.0,0.0,269.41
5,9,6,0,,,,0.35063332,0.0,0.0,0.0,424.84
5,10,6,0,,,,0.6521,0.0,0.0,0.0,596.39
5,11,6,0,,,,0.8409333,0.0,0.0,0.0,682.9
5,12,6,0,,,,0.5595833,0.0,0.0,0.0,740.18
5,13,6,0,,,,0.40645,0.0,0.0,0.0,700.54
5,14,6,0,,,,0.38913333,0.0,0.0,0.0,396.5
5,15,6,0,,,,0.6221,0.0,0.0,0.0,523.55
5,16,6,0,,,,0.5171,0.0,0.0,0.0,275.12
5,17,6,0,,,,0.89073336,0.0,0.0,0.0,337.13
5,18,6,0,,,,0.27593333,0.0,0.0,0.0,162.41
5,19,6,0,,,,0.1491,0.0,0.0,0.0,54.39
5,20,6,0,,,,0.48508334,0.0,0.0,0.0,10.07
5,21,6,0,,,,0.91256666,0.0,0.0,0.0,0.0
5,22,6,0,,,,0.28168333,0.0,0.0,0.0,0.0
5,23,6,0,,,,0.2402,0.0,0.0,0.0,0.0
5,24,6,0,,,,0.226375,0.0,0.0,0.0,0.0
5,1,7,0,,,,0.21163334,0.0,0.0,0.0,0.0
5,2,7,0,,,,0.2109,0.0,0.0,0.0,0.0
5,3,7,0,,,,0.23641667,0.0,0.0,0.0,0.0
5,4,7,0,,,,0.6181167,0.0,0.0,0.0,0.0
5,5,7,0,,,,1.0492,0.0,0.0,0.0,0.0
5,6,7,0,,,,0.20881666,0.0,0.0,0.0,19.61
5,7,7,0,,,,0.37260833,0.0,0.0,0.0,103.89
5,8,7,0,,,,0.32653335,0.0,0.0,0.0,278.67
5,9,7,0,,,,0.3921,0.0,0.0,0.0,462.83
5,10,7,0,,,,0.41681665,0.0,0.0,0.0,616.16
5,11,7,0,,,,0.39406666,0.0,0.0,0.0,688.6
5,12,7,0,,,,0.56521666,0.0,0.0,0.0,671.87
5,13,7,0,,,,1.1052,0.0,0.0,0.0,592.8
5,14,7,0,,,,1.1138166,0.0,0.0,0.0,518.24
5,15,7,0,,,,1.14415,0.0,0.0,0.0,320.59
5,16,7,0,,,,1.4252833,0.0,0.0,0.0,372.46
5,17,7,0,,,,1.1249666,0.0,0.0,0.0,329.89
5,18,7,0,,,,0.7452,0.0,0.0,0.0,159.51
5,19,7,0,,,,0.8606333,0.0,0.0,0.0,49.07
5,20,7,0,,,,1.2062833,0.0,0.0,0.0,11.15
5,21,7,0,,,,0.8890167,0.0,0.0,0.0,0.0
5,22,7,0,,,,0.24385,0.0,0.0,0.0,0.0
5,23,7,0,,,,0.82191664,0.0,0.0,0.0,0.0
5,24,7,0,,,,0.42249167,0.0,0.0,0.0,0.0
5,1,1,0,,,,0.7234333,0.0,0.0,0.0,0.0
5,2,1,0,,,,0.48316666,0.0,0.0,0.0,0.0
5,3,1,0,,,,0.31416667,0.0,0.0,0.0,0.0
5,4,1,0,,,,0.35641667,0.0,0.0,0.0,0.0
5,5,1,0,,,,0.96385,0.0,0.0,0.0,0.0
5,6,1,0,,,,0.99740833,0.0,0.0,0.0,22.11
5,7,1,0,,,,2.0507,0.0,0.0,0.0,39.63
5,8,1,0,,,,0.27236667,0.0,0.0,0.0,272.35
5,9,1,0,,,,0.27596667,0.0,0.0,0.0,383.92
5,10,1,0,,,,0.21556666,0.0,0.0,0.0,599.77
5,11,1,0,,,,0.6159667,0.0,0.0,0.0,711.5
5,12,1,0,,,,0.4847,0.0,0.0,0.0,781.04
5,13,1,0,,,,0.70276666,0.0,0.0,0.0,710.3
5,14,1,0,,,,0.50988334,0.0,0.0,0.0,710.95
5,15,1,0,,,,0.79681665,0.0,0.0,0.0,168.35
5,16,1,0,,,,0.89921665,0.0,0.0,0.0,179.71
5,17,1,0,,,,0.85826665,0.0,0.0,0.0,242.9
5,18,1,0,,,,0.34588334,0.0,0.0,0.0,82.26
5,19,1,0,,,,0.47168332,0.0,0.0,0.0,55.33
5,20,1,0,,,,0.46443334,0.0,0.0,0.0,11.14
5,21,1,0,,,,0.18228333,0.0,0.0,0.0,0.0
5,22,1,0,,,,0.427,0.0,0.0,0.0,0.0
5,23,1,0,,,,0.19573334,0.0,0.0,0.0,0.0
5,24,1,0,,,,0.247375,0.0,0.0,0.0,0.0
5,1,2,0,,,,0.23006667,0.0,0.0,0.0,0.0
5,2,2,0,,,,0.24533333,0.0,0.0,0.0,0.0
5,3,2,0,,,,0.22541666,0.0,0.0,0.0,0.0
5,4,2,0,,,,0.24051666,0.0,0.0,0.0,0.0
5,5,2,0,,,,0.22411667,0.0,0.0,0.0,0.0
5,6,2,0,,,,0.23591666,0.0,0.0,0.0,35.63
5,7,2,0,,,,0.2246,0.0,0.0,0.0,93.92
5,8,2,0,,,,0.24485,0.0,0.0,0.0,281.7
5,9,2,0,,,,0.22606666,0.0,0.0,0.0,448.86
5,10,2,0,,,,0.24166666,0.0,0.0,0.0,489.08
5,11,2,0,,,,0.21731667,0.0,0.0,0.0,651.28
5,12,2,0,,,,0.2381,0.0,0.0,0.0,602.74
5,13,2,0,,,,0.18311666,0.0,0.0,0.0,400.41
5,14,2,0,,,,0.35663334,0.0,0.0,0.0,471.54
5,15,2,0,,,,0.6258,0.0,0.0,0.0,414.36
5,16,2,0,,,,0.9267167,0.0,0.0,0.0,351.06
5,17,2,0,,,,0.7795,0.0,0.0,0.0,321.09
5,18,2,0,,,,0.21158333,0.0,0.0,0.0,172.59
5,19,2,0,,,,0.16063334,0.0,0.0,0.0,57.51
5,20,2,0,,,,0.22245,0.0,0.0,0.0,1.55
5,21,2,0,,,,0.19941667,0.0,0.0,0.0,0.0
5,22,2,0,,,,0.26373333,0.0,0.0,0.0,0.0
5,23,2,0,,,,0.20923333,0.0,0.0,0.0,0.0
5,24,2,0,,,,0.25680834,0.0,0.0,0.0,0.0
5,1,3,0,,,,0.22121666,0.0,0.0,0.0,0.0
5,2,3,0,,,,0.25131667,0.0,0.0,0.0,0.0
5,3,3,0,,,,0.22345,0.0,0.0,0.0,0.0
5,4,3,0,,,,0.24281667,0.0,0.0,0.0,0.0
5,5,3,0,,,,0.22406666,0.0,0.0,0.0,0.0
5,6,3,0,,,,0.23251666,0.0,0.0,0.0,1.22
5,7,3,0,,,,0.22213334,0.0,0.0,0.0,19.82
5,8,3,0,,,,0.2447,0.0,0.0,0.0,64.82
5,9,3,0,,,,0.21726666,0.0,0.0,0.0,249.85
5,10,3,0,,,,0.24765,0.0,0.0,0.0,596.35
5,11,3,0,,,,0.21051666,0.0,0.0,0.0,700.21
5,12,3,0,,,,0.25553334,0.0,0.0,0.0,728.99
5,13,3,0,,,,0.20345,0.0,0.0,0.0,724.59
5,14,3,0,,,,0.25961667,0.0,0.0,0.0,611.82
5,15,3,0,,,,0.20581667,0.0,0.0,0.0,629.64
5,16,3,0,,,,0.26496667,0.0,0.0,0.0,518.02
5,17,3,0,,,,0.20856667,0.0,0.0,0.0,358.14
5,18,3,0,,,,0.26345,0.0,0.0,0.0,178.77
5,19,3,0,,,,0.21018334,0.0,0.0,0.0,59.25
5,20,3,0,,,,0.25551668,0.0,0.0,0.0,1.56
5,21,3,0,,,,0.21211667,0.0,0.0,0.0,0.0
5,22,3,0,,,,0.59708333,0.0,0.0,0.0,0.0
5,23,3,0,,,,0.21168333,0.0,0.0,0.0,0.0
5,24,3,0,,,,0.258625,0.0,0.0,0.0,0.0
6,1,4,0,,,,0.2106,0.0,0.0,0.0,0.0
6,2,4,0,,,,0.26238334,0.0,0.0,0.0,0.0
6,3,4,0,,,,0.20446667,0.0,0.0,0.0,0.0
6,4,4,0,,,,0.26341668,0.0,0.0,0.0,0.0
6,5,4,0,,,,0.19661666,0.0,0.0,0.0,0.0
6,6,4,0,,,,0.25393334,0.0,0.0,0.0,1.63
6,7,4,0,,,,0.20803334,0.0,0.0,0.0,101.88
6,8,4,0,,,,0.24243334,0.0,0.0,0.0,207.69
6,9,4,0,,,,0.22471666,0.0,0.0,0.0,467.3
6,10,4,0,,,,0.35178334,0.0,0.0,0.0,559.41
6,11,4,0,,,,0.27811667,0.0,0.0,0.0,657.04
6,12,4,0,,,,0.21433334,0.0,0.0,0.0,674.11
6,13,4,0,,,,0.2333,0.0,0.0,0.0,679.42
6,14,4,0,,,,0.20936666,0.0,0.0,0.0,683.07
6,15,4,0,,,,0.23378333,0.0,0.0,0.0,647.73
6,16,4,0,,,,0.17761667,0.0,0.0,0.0,527.57
6,17,4,0,,,,0.46595,0.0,0.0,0.0,368.56
6,18,4,0,,,,0.1741,0.0,0.0,0.0,179.42
6,19,4,0,,,,0.19146666,0.0,0.0,0.0,47.26
6,20,4,0,,,,0.1796,0.0,0.0,0.0,13.5
6,21,4,0,,,,0.19845,0.0,0.0,0.0,0.0
6,22,4,0,,,,0.18248333,0.0,0.0,0.0,0.0
6,23,4,0,,,,0.24156667,0.0,0.0,0.0,0.0
6,24,4,0,,,,0.22596666,0.0,0.0,0.0,0.0
6,1,5,0,,,,0.24438334,0.0,0.0,0.0,0.0
6,2,5,0,,,,0.23033333,0.0,0.0,0.0,0.0
6,3,5,0,,,,0.24201667,0.0,0.0,0.0,0.0
6,4,5,0,,,,0.22595,0.0,0.0,0.0,0.0
6,5,5,0,,,,0.49263334,0.0,0.0,0.0,0.0
6,6,5,0,,,,0.31146666,0.0,0.0,0.0,1.63
6,7,5,0,,,,0.24363333,0.0,0.0,0.0,8.91
6,8,5,0,,,,0.22723334,0.0,0.0,0.0,52.42
6,9,5,0,,,,0.24236667,0.0,0.0,0.0,169.06
6,10,5,0,,,,0.21776667,0.0,0.0,0.0,422.03
6,11,5,0,,,,0.23506667,0.0,0.0,0.0,691.97
6,12,5,0,,,,0.204,0.0,0.0,0.0,774.05
6,13,5,0,,,,0.46155,0.0,0.0,0.0,767.85
6,14,5,0,,,,0.76603335,0.0,0.0,0.0,707.11
6,15,5,0,,,,0.92725,0.0,0.0,0.0,661.04
6,16,5,0,,,,1.0,0.0,0.0,0.0,535.62
6,17,5,0,,,,0.9827833,0.0,0.0,0.0,367.9
6,18,5,0,,,,0.74015,0.0,0.0,0.0,181.03
6,19,5,0,,,,0.56149167,0.0,0.0,0.0,47.96
6,20,5,0,,,,0.75325,0.0,0.0,0.0,14.12
6,21,5,0,,,,0.44216666,0.0,0.0,0.0,0.0
6,22,5,0,,,,0.46248335,0.0,0.0,0.0,0.0
6,23,5,0,,,,0.16058333,0.0,0.0,0.0,0.0
6,24,5,0,,,,0.22371666,0.0,0.0,0.0,0.0
6,1,6,0,,,,0.17918333,0.0,0.0,0.0,0.0
6,2,6,0,,,,0.21031667,0.0,0.0,0.0,0.0
6,3,6,0,,,,0.18215,0.0,0.0,0.0,0.0
6,4,6,0,,,,0.20266667,0.0,0.0,0.0,0.0
6,5,6,0,,,,0.18225,0.0,0.0,0.0,0.0
6,6,6,0,,,,0.196,0.0,0.0,0.0,36.42
6,7,6,0,,,,0.18131667,0.0,0.0,0.0,93.5
6,8,6,0,,,,0.20091666,0.0,0.0,0.0,284.73
6,9,6,0,,,,0.201,0.0,0.0,0.0,458.03
6,10,6,0,,,,0.33236668,0.0,0.0,0.0,599.43
6,11,6,0,,,,0.6020333,0.0,0.0,0.0,699.31
6,12,6,0,,,,1.0327834,0.0,0.0,0.0,614.35
6,13,6,0,,,,1.1999834,0.0,0.0,0.0,623.28
6,14,6,0,,,,1.1960334,0.0,0.0,0.0,631.41
6,15,6,0,,,,1.41595,0.0,0.0,0.0,452.89
6,16,6,0,,,,1.67865,0.0,0.0,0.0,113.14
6,17,6,0,,,,1.1561,0.0,0.0,0.0,156.88
6,18,6,0,,,,0.7736833,0.0,0.0,0.0,126.0
6,19,6,0,,,,0.81076664,0.0,0.0,0.0,58.44
6,20,6,0,,,,0.81943333,0.0,0.0,0.0,7.26
6,21,6,0,,,,0.6343333,0.0,0.0,0.0,0.0
6,22,6,0,,,,0.52998334,0.0,0.0,0.0,0.0
6,23,6,0,,,,0.47475,0.0,0.0,0.0,0.0
6,24,6,0,,,,0.16648333,0.0,0.0,0.0,0.0
6,1,7,0,,,,0.22651666,0.0,0.0,0.0,0.0
6,2,7,0,,,,0.17791666,0.0,0.0,0.0,0.0
6,3,7,0,,,,0.20136666,0.0,0.0,0.0,0.0
6,4,7,0,,,,0.18343334,0.0,0.0,0.0,0.0
6,5,7,0,,,,0.24293333,0.0,0.0,0.0,0.0
6,6,7,0,,,,0.22105,0.0,0.0,0.0,35.62
6,7,7,0,,,,0.24266666,0.0,0.0,0.0,96.65
6,8,7,0,,,,0.2311,0.0,0.0,0.0,253.4
6,9,7,0,,,,0.23486666,0.0,0.0,0.0,442.11
6,10,7,0,,,,0.23266667,0.0,0.0,0.0,552.07
6,11,7,0,,,,0.5813,0.0,0.0,0.0,582.93
6,12,7,0,,,,0.9170667,0.0,0.0,0.0,628.32
6,13,7,0,,,,0.9414167,0.0,0.0,0.0,486.75
6,14,7,0,,,,1.3066833,0.0,0.0,0.0,576.39
6,15,7,0,,,,1.13705,0.0,0.0,0.0,353.78
6,16,7,0,,,,1.1125166,0.0,0.0,0.0,57.29
6,17,7,0,,,,1.4845166,0.0,0.0,0.0,112.89
6,18,7,0,,,,0.5028333,0.0,0.0,0.0,24.39
6,19,7,0,,,,0.7569,0.0,0.0,0.0,37.65
6,20,7,0,,,,0.74906665,0.0,0.0,0.0,14.67
6,21,7,0,,,,0.46873334,0.0,0.0,0.0,0.0
6,22,7,0,,,,0.45716667,0.0,0.0,0.0,0.0
6,23,7,0,,,,0.48108333,0.0,0.0,0.0,0.0
6,24,7,0,,,,0.16739167,0.0,0.0,0.0,0.0
6,1,1,0,,,,0.22753334,0.0,0.0,0.0,0.0
6,2,1,0,,,,0.47896665,0.0,0.0,0.0,0.0
6,3,1,0,,,,0.2159,0.0,0.0,0.0,0.0
6,4,1,0,,,,0.21928333,0.0,0.0,0.0,0.0
6,5,1,0,,,,0.24813333,0.0,0.0,0.0,0.0
6,6,1,0,,,,0.2172,0.0,0.0,0.0,1.6
6,7,1,0,,,,0.24705,0.0,0.0,0.0,27.99
6,8,1,0,,,,0.22638333,0.0,0.0,0.0,167.36
6,9,1,0,,,,0.24343333,0.0,0.0,0.0,232.89
6,10,1,0,,,,0.23633334,0.0,0.0,0.0,534.78
6,11,1,0,,,,1.2730167,0.0,0.0,0.0,373.23
6,12,1,0,,,,1.2260667,0.0,0.0,0.0,679.51
6,13,1,0,,,,1.2936667,0.0,0.0,0.0,679.59
6,14,1,0,,,,1.5382,0.0,0.0,0.0,749.15
6,15,1,0,,,,3.4156833,0.0,0.0,0.0,659.64
6,16,1,0,,,,1.8900167,0.0,0.0,0.0,495.39
6,17,1,0,,,,2.0994666,0.0,0.0,0.0,362.16
6,18,1,0,,,,1.46535,0.0,0.0,0.0,158.48
6,19,1,0,,,,1.1407334,0.0,0.0,0.0,63.85
6,20,1,0,,,,1.1648834,0.0,0.0,0.0,6.34
6,21,1,0,,,,1.2379,0.0,0.0,0.0,0.0
6,22,1,0,,,,1.3389666,0.0,0.0,0.0,0.0
6,23,1,0,,,,0.2564,0.0,0.0,0.0,0.0
6,24,1,0,,,,0.434875,0.0,0.0,0.0,0.0
6,1,2,0,,,,0.28225,0.0,0.0,0.0,0.0
6,2,2,0,,,,0.24211,0.0,0.0,0.0,0.0
6,3,2,0,,,,0.2306,0.0,0.0,0.0,0.0
6,4,2,0,,,,0.17261666,0.0,0.0,0.0,0.0
6,5,2,0,,,,0.22081667,0.0,0.0,0.0,0.0
6,6,2,0,,,,0.42786667,0.0,0.0,0.0,12.69
6,7,2,0,,,,0.21835,0.0,0.0,0.0,9.42
6,8,2,0,,,,0.72285,0.0,0.0,0.0,18.27
6,9,2,0,,,,0.49055,0.0,0.0,0.0,284.44
6,10,2,0,,,,2.1110168,0.0,0.0,0.0,565.94
6,11,2,0,,,,1.4158334,0.0,0.0,0.0,577.98
6,12,2,0,,,,1.88275,0.0,0.0,0.0,660.21
6,13,2,0,,,,2.2373166,0.0,0.0,0.0,562.72
6,14,2,0,,,,1.6015,0.0,0.0,0.0,612.96
6,15,2,0,,,,2.022175,0.0,0.0,0.0,531.3
6,16,2,0,,,,2.1549833,0.0,0.0,0.0,434.04
6,17,2,0,,,,1.60495,0.0,0.0,0.0,346.79
6,18,2,0,,,,1.2295166,0.0,0.0,0.0,179.36
6,19,2,0,,,,1.36035,0.0,0.0,0.0,43.12
6,20,2,0,,,,1.10885,0.0,0.0,0.0,14.08
6,21,2,0,,,,1.5547667,0.0,0.0,0.0,0.0
6,22,2,0,,,,1.6918,0.0,0.0,0.0,0.0
6,23,2,0,,,,1.1083666,0.0,0.0,0.0,0.0
6,24,2,0,,,,1.4014083,0.0,0.0,0.0,0.0
6,1,3,0,,,,0.9317167,0.0,0.0,0.0,0.0
6,2,3,0,,,,0.51093334,0.0,0.0,0.0,0.0
6,3,3,0,,,,0.73955,0.0,0.0,0.0,0.0
6,4,3,0,,,,0.41446668,0.0,0.0,0.0,0.0
6,5,3,0,,,,0.4881,0.0,0.0,0.0,0.0
6,6,3,0,,,,0.15971667,0.0,0.0,0.0,1.62
6,7,3,0,,,,0.26085,0.0,0.0,0.0,9.48
6,8,3,0,,,,0.35751668,0.0,0.0,0.0,77.49
6,9,3,0,,,,0.26925,0.0,0.0,0.0,49.23
6,10,3,0,,,,0.17713334,0.0,0.0,0.0,452.46
6,11,3,0,,,,0.5908167,0.0,0.0,0.0,410.29
6,12,3,0,,,,1.5752333,0.0,0.0,0.0,744.8
6,13,3,0,,,,0.8415667,0.0,0.0,0.0,689.24
6,14,3,0,,,,1.0218834,0.0,0.0,0.0,589.17
6,15,3,0,,,,1.5604833,0.0,0.0,0.0,576.88
6,16,3,0,,,,1.3059334,0.0,0.0,0.0,515.83
6,17,3,0,,,,1.1225166,0.0,0.0,0.0,344.11
6,18,3,0,,,,1.0236167,0.0,0.0,0.0,178.02
6,19,3,0,,,,1.1185167,0.0,0.0,0.0,46.45
6,20,3,0,,,,1.19355,0.0,0.0,0.0,15.3
6,21,3,0,,,,0.65991664,0.0,0.0,0.0,0.0
6,22,3,0,,,,0.1628,0.0,0.0,0.0,0.0
6,23,3,0,,,,0.37336665,0.0,0.0,0.0,0.0
6,24,3,0,,,,0.68951666,0.0,0.0,0.0,0.0
6,1,4,0,,,,0.61196667,0.0,0.0,0.0,0.0
6,2,4,0,,,,0.22425,0.0,0.0,0.0,0.0
6,3,4,0,,,,0.28796667,0.0,0.0,0.0,0.0
6,4,4,0,,,,0.21781667,0.0,0.0,0.0,0.0
6,5,4,0,,,,0.43628332,0.0,0.0,0.0,0.0
6,6,4,0,,,,0.32708332,0.0,0.0,0.0,37.6
6,7,4,0,,,,0.23243333,0.0,0.0,0.0,92.77
6,8,4,0,,,,0.29923335,0.0,0.0,0.0,281.51
6,9,4,0,,,,0.5083,0.0,0.0,0.0,464.43
6,10,4,0,,,,0.72645,0.0,0.0,0.0,599.2
6,11,4,0,,,,0.8261833,0.0,0.0,0.0,709.99
6,12,4,0,,,,0.44328332,0.0,0.0,0.0,765.1
6,13,4,0,,,,0.59425,0.0,0.0,0.0,749.03
6,14,4,0,,,,1.0984,0.0,0.0,0.0,603.4
6,15,4,0,,,,1.08815,0.0,0.0,0.0,524.37
6,16,4,0,,,,1.1873584,0.0,0.0,0.0,331.14
6,17,4,0,,,,1.3704,0.0,0.0,0.0,182.46
6,18,4,0,,,,0.69131666,0.0,0.0,0.0,149.58
6,19,4,0,,,,0.8749834,0.0,0.0,0.0,61.58
6,20,4,0,,,,0.8844,0.0,0.0,0.0,17.16
6,21,4,0,,,,0.97613335,0.0,0.0,0.0,0.0
6,22,4,0,,,,1.2306334,0.0,0.0,0.0,0.0
6,23,4,0,,,,1.1364334,0.0,0.0,0.0,0.0
6,24,4,0,,,,1.312925,0.0,0.0,0.0,0.0
6,1,5,0,,,,0.46008334,0.0,0.0,0.0,0.0
6,2,5,0,,,,0.7026,0.0,0.0,0.0,0.0
6,3,5,0,,,,0.45913333,0.0,0.0,0.0,0.0
6,4,5,0,,,,0.23766667,0.0,0.0,0.0,0.0
6,5,5,0,,,,0.58453333,0.0,0.0,0.0,0.0
6,6,5,0,,,,0.67215,0.0,0.0,0.0,38.91
6,7,5,0,,,,0.22176667,0.0,0.0,0.0,98.32
6,8,5,0,,,,0.66261667,0.0,0.0,0.0,274.64
6,9,5,0,,,,0.59763336,0.0,0.0,0.0,442.26
6,10,5,0,,,,0.41208333,0.0,0.0,0.0,585.43
6,11,5,0,,,,0.17255,0.0,0.0,0.0,692.64
6,12,5,0,,,,0.84561664,0.0,0.0,0.0,503.79
6,13,5,0,,,,0.73506665,0.0,0.0,0.0,722.51
6,14,5,0,,,,1.1731,0.0,0.0,0.0,569.56
6,15,5,0,,,,1.20545,0.0,0.0,0.0,38.68
6,16,5,0,,,,1.0130833,0.0,0.0,0.0,31.44
6,17,5,0,,,,1.0244833,0.0,0.0,0.0,55.66
6,18,5,0,,,,0.9245667,0.0,0.0,0.0,136.71
6,19,5,0,,,,0.97235,0.0,0.0,0.0,43.55
6,20,5,0,,,,1.0283166,0.0,0.0,0.0,17.05
6,21,5,0,,,,0.99231666,0.0,0.0,0.0,0.0
6,22,5,0,,,,0.5814667,0.0,0.0,0.0,0.0
6,23,5,0,,,,0.7358,0.0,0.0,0.0,0.0
6,24,5,0,,,,1.3036166,0.0,0.0,0.0,0.0
6,1,6,0,,,,1.26505,0.0,0.0,0.0,0.0
6,2,6,0,,,,0.7090333,0.0,0.0,0.0,0.0
6,3,6,0,,,,0.5128833,0.0,0.0,0.0,0.0
6,4,6,0,,,,0.32158333,0.0,0.0,0.0,0.0
6,5,6,0,,,,0.35483333,0.0,0.0,0.0,0.0
6,6,6,0,,,,0.35676667,0.0,0.0,0.0,38.07
6,7,6,0,,,,0.39743334,0.0,0.0,0.0,97.15
6,8,6,0,,,,0.22076666,0.0,0.0,0.0,272.61
6,9,6,0,,,,0.23468333,0.0,0.0,0.0,441.44
6,10,6,0,,,,0.6865,0.0,0.0,0.0,551.85
6,11,6,0,,,,0.59455,0.0,0.0,0.0,669.07
6,12,6,0,,,,0.78831667,0.0,0.0,0.0,737.85
6,13,6,0,,,,0.53405,0.0,0.0,0.0,751.03
6,14,6,0,,,,0.52896667,0.0,0.0,0.0,708.68
6,15,6,0,,,,0.9963375,0.0,0.0,0.0,631.15
6,16,6,0,,,,1.24255,0.0,0.0,0.0,509.48
6,17,6,0,,,,1.7321334,0.0,0.0,0.0,368.56
6,18,6,0,,,,0.33275,0.0,0.0,0.0,185.24
6,19,6,0,,,,0.11741667,0.0,0.0,0.0,33.05
6,20,6,0,,,,0.8246667,0.0,0.0,0.0,17.45
6,21,6,0,,,,0.48631668,0.0,0.0,0.0,0.0
6,22,6,0,,,,0.61325,0.0,0.0,0.0,0.0
6,23,6,0,,,,0.77003336,0.0,0.0,0.0,0.0
6,24,6,0,,,,0.5920917,0.0,0.0,0.0,0.0
6,1,7,0,,,,0.97145,0.0,0.0,0.0,0.0
6,2,7,0,,,,0.8337,0.0,0.0,0.0,0.0
6,3,7,0,,,,0.5212333,0.0,0.0,0.0,0.0
6,4,7,0,,,,0.48995,0.0,0.0,0.0,0.0
6,5,7,0,,,,0.39025,0.0,0.0,0.0,0.0
6,6,7,0,,,,0.16571666,0.0,0.0,0.0,37.33
6,7,7,0,,,,0.26683334,0.0,0.0,0.0,99.06
6,8,7,0,,,,0.55771667,0.0,0.0,0.0,273.32
6,9,7,0,,,,0.68153334,0.0,0.0,0.0,446.34
6,10,7,0,,,,0.21618333,0.0,0.0,0.0,588.07
6,11,7,0,,,,1.2285,0.0,0.0,0.0,705.44
6,12,7,0,,,,0.42021668,0.0,0.0,0.0,757.32
6,13,7,0,,,,0.15501666,0.0,0.0,0.0,715.73
6,14,7,0,,,,0.43488333,0.0,0.0,0.0,691.15
6,15,7,0,,,,0.44246668,0.0,0.0,0.0,626.08
6,16,7,0,,,,0.46348333,0.0,0.0,0.0,496.18
6,17,7,0,,,,0.5481333,0.0,0.0,0.0,338.42
6,18,7,0,,,,0.5899,0.0,0.0,0.0,181.53
6,19,7,0,,,,0.31526667,0.0,0.0,0.0,45.38
6,20,7,0,,,,0.6483833,0.0,0.0,0.0,18.05
6,21,7,0,,,,0.63628334,0.0,0.0,0.0,0.0
6,22,7,0,,,,0.39891666,0.0,0.0,0.0,0.0
6,23,7,0,,,,0.74006665,0.0,0.0,0.0,0.0
6,24,7,0,,,,0.83980834,0.0,0.0,0.0,0.0
6,1,1,0,,,,3.0535834,0.0,0.0,0.0,0.0
6,2,1,0,,,,1.0886834,0.0,0.0,0.0,0.0
6,3,1,0,,,,0.6375833,0.0,0.0,0.0,0.0
6,4,1,0,,,,0.53333336,0.0,0.0,0.0,0.0
6,5,1,0,,,,0.2709,0.0,0.0,0.0,0.0
6,6,1,0,,,,0.59435,0.0,0.0,0.0,37.16
6,7,1,0,,,,1.3243834,0.0,0.0,0.0,100.87
6,8,1,0,,,,0.6083,0.0,0.0,0.0,268.33
6,9,1,0,,,,0.211,0.0,0.0,0.0,441.24
6,10,1,0,,,,0.3497,0.0,0.0,0.0,581.58
6,11,1,0,,,,0.47703335,0.0,0.0,0.0,568.89
6,12,1,0,,,,2.1814334,0.0,0.0,0.0,643.2
6,13,1,0,,,,2.9868166,0.0,0.0,0.0,564.08
6,14,1,0,,,,1.4311167,0.0,0.0,0.0,604.86
6,15,1,0,,,,0.47375,0.0,0.0,0.0,517.95
6,16,1,0,,,,0.6810333,0.0,0.0,0.0,424.09
6,17,1,0,,,,0.9806167,0.0,0.0,0.0,334.87
6,18,1,0,,,,0.55475,0.0,0.0,0.0,184.88
6,19,1,0,,,,0.48968333,0.0,0.0,0.0,43.25
6,20,1,0,,,,0.7308667,0.0,0.0,0.0,18.0
6,21,1,0,,,,0.91078335,0.0,0.0,0.0,0.0
6,22,1,0,,,,0.70275,0.0,0.0,0.0,0.0
6,23,1,0,,,,0.53685,0.0,0.0,0.0,0.0
6,24,1,0,,,,0.5595667,0.0,0.0,0.0,0.0
6,1,2,0,,,,0.6064,0.0,0.0,0.0,0.0
6,2,2,0,,,,0.80523336,0.0,0.0,0.0,0.0
6,3,2,0,,,,0.40828332,0.0,0.0,0.0,0.0
6,4,2,0,,,,0.18081667,0.0,0.0,0.0,0.0
6,5,2,0,,,,0.6493667,0.0,0.0,0.0,0.0
6,6,2,0,,,,0.59611666,0.0,0.0,0.0,4.33
6,7,2,0,,,,0.51308334,0.0,0.0,0.0,22.74
6,8,2,0,,,,0.61373335,0.0,0.0,0.0,247.32
6,9,2,0,,,,0.32538334,0.0,0.0,0.0,444.22
6,10,2,0,,,,0.18275,0.0,0.0,0.0,584.77
6,11,2,0,,,,0.20066667,0.0,0.0,0.0,696.09
6,12,2,0,,,,0.15925,0.0,0.0,0.0,744.58
6,13,2,0,,,,0.23458333,0.0,0.0,0.0,731.57
6,14,2,0,,,,0.72295,0.0,0.0,0.0,682.1
6,15,2,0,,,,0.94371665,0.0,0.0,0.0,184.78
6,16,2,0,,,,1.2402834,0.0,0.0,0.0,193.85
6,17,2,0,,,,1.1631833,0.0,0.0,0.0,91.71
6,18,2,0,,,,0.9482167,0.0,0.0,0.0,169.86
6,19,2,0,,,,1.0164833,0.0,0.0,0.0,46.5
6,20,2,0,,,,0.9490333,0.0,0.0,0.0,18.66
6,21,2,0,,,,0.80616665,0.0,0.0,0.0,0.0
6,22,2,0,,,,0.32431668,0.0,0.0,0.0,0.0
6,23,2,0,,,,0.6414,0.0,0.0,0.0,0.0
6,24,2,0,,,,1.0812167,0.0,0.0,0.0,0.0
6,1,3,0,,,,1.0012,0.0,0.0,0.0,0.0
6,2,3,0,,,,1.0992167,0.0,0.0,0.0,0.0
6,3,3,0,,,,0.60961664,0.0,0.0,0.0,0.0
6,4,3,0,,,,0.31878334,0.0,0.0,0.0,0.0
6,5,3,0,,,,0.41356668,0.0,0.0,0.0,0.0
6,6,3,0,,,,0.2117,0.0,0.0,0.0,2.01
6,7,3,0,,,,0.25673333,0.0,0.0,0.0,45.43
6,8,3,0,,,,0.22981666,0.0,0.0,0.0,216.98
6,9,3,0,,,,0.57935,0.0,0.0,0.0,382.04
6,10,3,0,,,,0.72106665,0.0,0.0,0.0,443.39
6,11,3,0,,,,0.98646665,0.0,0.0,0.0,578.44
6,12,3,0,,,,1.5720834,0.0,0.0,0.0,656.74
6,13,3,0,,,,1.85885,0.0,0.0,0.0,670.77
6,14,3,0,,,,2.1758332,0.0,0.0,0.0,665.37
6,15,3,0,,,,1.7579833,0.0,0.0,0.0,139.97
6,16,3,0,,,,1.66165,0.0,0.0,0.0,481.83
6,17,3,0,,,,1.8011667,0.0,0.0,0.0,306.06
6,18,3,0,,,,1.74955,0.0,0.0,0.0,102.74
6,19,3,0,,,,0.7136667,0.0,0.0,0.0,50.71
6,20,3,0,,,,0.9181333,0.0,0.0,0.0,6.59
6,21,3,0,,,,0.9270167,0.0,0.0,0.0,0.0
6,22,3,0,,,,0.92796665,0.0,0.0,0.0,0.0
6,23,3,0,,,,1.2566667,0.0,0.0,0.0,0.0
6,24,3,0,,,,0.865575,0.0,0.0,0.0,0.0
6,1,4,0,,,,0.98745,0.0,0.0,0.0,0.0
6,2,4,0,,,,1.1521667,0.0,0.0,0.0,0.0
6,3,4,0,,,,0.84665,0.0,0.0,0.0,0.0
6,4,4,0,,,,0.66468334,0.0,0.0,0.0,0.0
6,5,4,0,,,,0.6524,0.0,0.0,0.0,0.0
6,6,4,0,,,,0.42255,0.0,0.0,0.0,35.56
6,7,4,0,,,,0.4879,0.0,0.0,0.0,100.33
6,8,4,0,,,,0.57341665,0.0,0.0,0.0,262.23
6,9,4,0,,,,0.40991667,0.0,0.0,0.0,426.71
6,10,4,0,,,,0.41673332,0.0,0.0,0.0,567.01
6,11,4,0,,,,1.4622667,0.0,0.0,0.0,684.35
6,12,4,0,,,,1.5568334,0.0,0.0,0.0,753.07
6,13,4,0,,,,1.4908834,0.0,0.0,0.0,764.88
6,14,4,0,,,,1.9710166,0.0,0.0,0.0,745.51
6,15,4,0,,,,1.7368667,0.0,0.0,0.0,653.6
6,16,4,0,,,,1.89285,0.0,0.0,0.0,530.65
6,17,4,0,,,,1.5725,0.0,0.0,0.0,317.01
6,18,4,0,,,,1.2867666,0.0,0.0,0.0,156.81
6,19,4,0,,,,1.16735,0.0,0.0,0.0,45.0
6,20,4,0,,,,1.77615,0.0,0.0,0.0,19.77
6,21,4,0,,,,1.0853167,0.0,0.0,0.0,0.0
6,22,4,0,,,,0.7155,0.0,0.0,0.0,0.0
6,23,4,0,,,,1.1944166,0.0,0.0,0.0,0.0
6,24,4,0,,,,0.5101417,0.0,0.0,0.0,0.0
6,1,5,0,,,,0.6408167,0.0,0.0,0.0,0.0
6,2,5,0,,,,0.5887333,0.0,0.0,0.0,0.0
6,3,5,0,,,,0.41311666,0.0,0.0,0.0,0.0
6,4,5,0,,,,0.1908,0.0,0.0,0.0,0.0
6,5,5,0,,,,0.17115,0.0,0.0,0.0,1.61
6,6,5,0,,,,0.43438333,0.0,0.0,0.0,20.71
6,7,5,0,,,,1.1048334,0.0,0.0,0.0,106.33
6,8,5,0,,,,0.3419,0.0,0.0,0.0,159.26
6,9,5,0,,,,0.53686666,0.0,0.0,0.0,153.47
6,10,5,0,,,,1.1333333,0.0,0.0,0.0,547.04
6,11,5,0,,,,1.8517,0.0,0.0,0.0,648.91
6,12,5,0,,,,2.1248333,0.0,0.0,0.0,586.93
6,13,5,0,,,,1.7124,0.0,0.0,0.0,659.11
6,14,5,0,,,,1.58245,0.0,0.0,0.0,618.39
6,15,5,0,,,,1.8510833,0.0,0.0,0.0,592.39
6,16,5,0,,,,2.0774167,0.0,0.0,0.0,505.43
6,17,5,0,,,,1.7678833,0.0,0.0,0.0,356.52
6,18,5,0,,,,1.0343167,0.0,0.0,0.0,177.03
6,19,5,0,,,,1.4628,0.0,0.0,0.0,50.83
6,20,5,0,,,,1.06355,0.0,0.0,0.0,19.76
6,21,5,0,,,,1.2279167,0.0,0.0,0.0,0.0
6,22,5,0,,,,1.08935,0.0,0.0,0.0,0.0
6,23,5,0,,,,1.3074167,0.0,0.0,0.0,0.0
6,24,5,0,,,,1.3280916,0.0,0.0,0.0,0.0
6,1,6,0,,,,0.98335,0.0,0.0,0.0,0.0
6,2,6,0,,,,0.76783335,0.0,0.0,0.0,0.0
6,3,6,0,,,,0.67445,0.0,0.0,0.0,0.0
6,4,6,0,,,,0.8383167,0.0,0.0,0.0,0.0
6,5,6,0,,,,0.66045,0.0,0.0,0.0,1.59
6,6,6,0,,,,0.50053334,0.0,0.0,0.0,1.59
6,7,6,0,,,,0.29591668,0.0,0.0,0.0,98.83
6,8,6,0,,,,0.34016666,0.0,0.0,0.0,123.3
6,9,6,0,,,,0.62471664,0.0,0.0,0.0,254.65
6,10,6,0,,,,0.71718335,0.0,0.0,0.0,451.96
6,11,6,0,,,,1.4887,0.0,0.0,0.0,646.66
6,12,6,0,,,,2.0066,0.0,0.0,0.0,695.53
6,13,6,0,,,,1.7767833,0.0,0.0,0.0,698.04
6,14,6,0,,,,1.8701833,0.0,0.0,0.0,670.44
6,15,6,0,,,,2.1582167,0.0,0.0,0.0,472.62
6,16,6,0,,,,2.1067,0.0,0.0,0.0,53.13
6,17,6,0,,,,1.75515,0.0,0.0,0.0,27.22
6,18,6,0,,,,1.0304,0.0,0.0,0.0,49.28
6,19,6,0,,,,1.0525,0.0,0.0,0.0,61.78
6,20,6,0,,,,0.9963667,0.0,0.0,0.0,17.7
6,21,6,0,,,,0.89828336,0.0,0.0,0.0,0.0
6,22,6,0,,,,0.8189333,0.0,0.0,0.0,0.0
6,23,6,0,,,,0.8897667,0.0,0.0,0.0,0.0
6,24,6,0,,,,0.87995833,0.0,0.0,0.0,0.0
6,1,7,0,,,,0.86685,0.0,0.0,0.0,0.0
6,2,7,0,,,,0.8115,0.0,0.0,0.0,0.0
6,3,7,0,,,,0.5909,0.0,0.0,0.0,0.0
6,4,7,0,,,,0.47203332,0.0,0.0,0.0,0.0
6,5,7,0,,,,0.44513333,0.0,0.0,0.0,1.58
6,6,7,0,,,,0.36365,0.0,0.0,0.0,21.2
6,7,7,0,,,,0.1947,0.0,0.0,0.0,103.05
6,8,7,0,,,,0.56285,0.0,0.0,0.0,266.6
6,9,7,0,,,,0.76771665,0.0,0.0,0.0,438.14
6,10,7,0,,,,0.6210667,0.0,0.0,0.0,592.77
6,11,7,0,,,,1.2913333,0.0,0.0,0.0,706.28
6,12,7,0,,,,1.6751,0.0,0.0,0.0,748.13
6,13,7,0,,,,1.8189167,0.0,0.0,0.0,754.72
6,14,7,0,,,,1.8798667,0.0,0.0,0.0,726.21
6,15,7,0,,,,2.2538834,0.0,0.0,0.0,621.97
6,16,7,0,,,,2.6384332,0.0,0.0,0.0,487.88
6,17,7,0,,,,2.2715166,0.0,0.0,0.0,350.44
6,18,7,0,,,,2.1063333,0.0,0.0,0.0,191.35
6,19,7,0,,,,2.3755333,0.0,0.0,0.0,45.29
6,20,7,0,,,,2.1205,0.0,0.0,0.0,20.62
6,21,7,0,,,,2.0232167,0.0,0.0,0.0,0.0
6,22,7,0,,,,1.78985,0.0,0.0,0.0,0.0
6,23,7,0,,,,1.3309,0.0,0.0,0.0,0.0
6,24,7,0,,,,1.2766666,0.0,0.0,0.0,0.0
6,1,1,0,,,,0.86795,0.0,0.0,0.0,0.0
6,2,1,0,,,,1.1579334,0.0,0.0,0.0,0.0
6,3,1,0,,,,0.7622,0.0,0.0,0.0,0.0
6,4,1,0,,,,0.70453334,0.0,0.0,0.0,0.0
6,5,1,0,,,,1.0764667,0.0,0.0,0.0,1.6
6,6,1,0,,,,0.88215,0.0,0.0,0.0,2.02
6,7,1,0,,,,0.5010667,0.0,0.0,0.0,107.93
6,8,1,0,,,,0.88685,0.0,0.0,0.0,277.76
6,9,1,0,,,,0.74013335,0.0,0.0,0.0,459.37
6,10,1,0,,,,1.622,0.0,0.0,0.0,578.59
6,11,1,0,,,,0.9087333,0.0,0.0,0.0,656.83
6,12,1,0,,,,1.7021166,0.0,0.0,0.0,689.34
6,13,1,0,,,,1.81805,0.0,0.0,0.0,661.74
6,14,1,0,,,,1.7698833,0.0,0.0,0.0,559.16
6,15,1,0,,,,2.5146167,0.0,0.0,0.0,515.85
6,16,1,0,,,,2.50325,0.0,0.0,0.0,326.35
6,17,1,0,,,,2.2168667,0.0,0.0,0.0,301.12
6,18,1,0,,,,1.6301167,0.0,0.0,0.0,189.1
6,19,1,0,,,,1.8206167,0.0,0.0,0.0,44.8
6,20,1,0,,,,2.0550666,0.0,0.0,0.0,20.46
6,21,1,0,,,,1.4059666,0.0,0.0,0.0,0.0
6,22,1,0,,,,1.4607,0.0,0.0,0.0,0.0
6,23,1,0,,,,0.9866833,0.0,0.0,0.0,0.0
6,24,1,0,,,,0.9912083,0.0,0.0,0.0,0.0
6,1,2,0,,,,1.0193,0.0,0.0,0.0,0.0
6,2,2,0,,,,1.0635,0.0,0.0,0.0,0.0
6,3,2,0,,,,0.93086666,0.0,0.0,0.0,0.0
6,4,2,0,,,,0.82163334,0.0,0.0,0.0,0.0
6,5,2,0,,,,0.87205,0.0,0.0,0.0,1.61
6,6,2,0,,,,0.5266167,0.0,0.0,0.0,35.26
6,7,2,0,,,,0.98975,0.0,0.0,0.0,94.92
6,8,2,0,,,,1.0150083,0.0,0.0,0.0,263.59
6,9,2,0,,,,0.8016722,0.0,0.0,0.0,403.17
6,10,2,0,,,,1.4404,0.0,0.0,0.0,570.7
6,11,2,0,,,,1.3410667,0.0,0.0,0.0,631.56
6,12,2,0,,,,2.9143,0.0,0.0,0.0,207.91
6,13,2,0,,,,2.7009168,0.0,0.0,0.0,517.15
6,14,2,0,,,,2.2625,0.0,0.0,0.0,541.0
6,15,2,0,,,,2.4409666,0.0,0.0,0.0,561.06
6,16,2,0,,,,2.40635,0.0,0.0,0.0,522.32
6,17,2,0,,,,2.7188,0.0,0.0,0.0,363.85
6,18,2,0,,,,1.6402667,0.0,0.0,0.0,185.36
6,19,2,0,,,,2.0419834,0.0,0.0,0.0,45.05
6,20,2,0,,,,1.57955,0.0,0.0,0.0,20.35
6,21,2,0,,,,1.7208,0.0,0.0,0.0,0.0
6,22,2,0,,,,1.7654333,0.0,0.0,0.0,0.0
6,23,2,0,,,,1.4500333,0.0,0.0,0.0,0.0
6,24,2,0,,,,0.98235834,0.0,0.0,0.0,0.0
6,1,3,0,,,,0.7713,0.0,0.0,0.0,0.0
6,2,3,0,,,,0.9140667,0.0,0.0,0.0,0.0
6,3,3,0,,,,1.1179167,0.0,0.0,0.0,0.0
6,4,3,0,,,,1.0581167,0.0,0.0,0.0,0.0
6,5,3,0,,,,0.69275,0.0,0.0,0.0,1.59
6,6,3,0,,,,1.1042,0.0,0.0,0.0,36.42
6,7,3,0,,,,1.1212833,0.0,0.0,0.0,96.18
6,8,3,0,,,,1.58035,0.0,0.0,0.0,264.84
6,9,3,0,,,,1.9940333,0.0,0.0,0.0,435.95
6,10,3,0,,,,1.4381666,0.0,0.0,0.0,569.42
6,11,3,0,,,,2.1239333,0.0,0.0,0.0,670.87
6,12,3,0,,,,2.4083834,0.0,0.0,0.0,702.96
6,13,3,0,,,,3.1161833,0.0,0.0,0.0,741.1
6,14,3,0,,,,3.7803166,0.0,0.0,0.0,715.43
6,15,3,0,,,,3.1740167,0.0,0.0,0.0,637.19
6,16,3,0,,,,3.1883166,0.0,0.0,0.0,513.6
6,17,3,0,,,,2.7680166,0.0,0.0,0.0,353.18
6,18,3,0,,,,1.8872167,0.0,0.0,0.0,189.49
6,19,3,0,,,,1.8894666,0.0,0.0,0.0,48.79
6,20,3,0,,,,1.7352834,0.0,0.0,0.0,20.26
6,21,3,0,,,,1.3395,0.0,0.0,0.0,0.0
6,22,3,0,,,,1.25445,0.0,0.0,0.0,0.0
6,23,3,0,,,,1.1245333,0.0,0.0,0.0,0.0
6,24,3,0,,,,1.3831,0.0,0.0,0.0,0.0
6,1,4,0,,,,0.90375,0.0,0.0,0.0,0.0
6,2,4,0,,,,0.692,0.0,0.0,0.0,0.0
6,3,4,0,,,,0.40235,0.0,0.0,0.0,0.0
6,4,4,0,,,,0.6239167,0.0,0.0,0.0,0.0
6,5,4,0,,,,0.71545,0.0,0.0,0.0,1.57
6,6,4,0,,,,0.96316665,0.0,0.0,0.0,26.18
6,7,4,0,,,,0.86365,0.0,0.0,0.0,104.76
6,8,4,0,,,,0.8487667,0.0,0.0,0.0,256.81
6,9,4,0,,,,1.1338834,0.0,0.0,0.0,425.56
6,10,4,0,,,,1.68565,0.0,0.0,0.0,566.63
6,11,4,0,,,,1.8697166,0.0,0.0,0.0,671.03
6,12,4,0,,,,2.7927167,0.0,0.0,0.0,655.62
6,13,4,0,,,,2.6876833,0.0,0.0,0.0,713.48
6,14,4,0,,,,2.0592167,0.0,0.0,0.0,669.16
6,15,4,0,,,,1.9671,0.0,0.0,0.0,605.15
6,16,4,0,,,,2.4977667,0.0,0.0,0.0,502.21
6,17,4,0,,,,1.9446833,0.0,0.0,0.0,363.85
6,18,4,0,,,,1.5683,0.0,0.0,0.0,190.04
6,19,4,0,,,,1.2145667,0.0,0.0,0.0,44.34
6,20,4,0,,,,1.1390834,0.0,0.0,0.0,17.18
6,21,4,0,,,,0.7668,0.0,0.0,0.0,0.0
6,22,4,0,,,,0.9164,0.0,0.0,0.0,0.0
6,23,4,0,,,,1.02125,0.0,0.0,0.0,0.0
6,24,4,0,,,,0.47785,0.0,0.0,0.0,0.0
6,1,5,0,,,,0.6084833,0.0,0.0,0.0,0.0
6,2,5,0,,,,0.38641667,0.0,0.0,0.0,0.0
6,3,5,0,,,,0.38826665,0.0,0.0,0.0,0.0
6,4,5,0,,,,0.22198333,0.0,0.0,0.0,0.0
6,5,5,0,,,,0.52895,0.0,0.0,0.0,0.0
6,6,5,0,,,,0.48125,0.0,0.0,0.0,1.57
6,7,5,0,,,,0.8764333,0.0,0.0,0.0,49.49
6,8,5,0,,,,1.0082333,0.0,0.0,0.0,154.93
6,9,5,0,,,,0.7162833,0.0,0.0,0.0,54.86
6,10,5,0,,,,0.53328335,0.0,0.0,0.0,132.87
6,11,5,0,,,,1.1021333,0.0,0.0,0.0,457.67
6,12,5,0,,,,1.7152166,0.0,0.0,0.0,549.23
6,13,5,0,,,,1.7919,0.0,0.0,0.0,721.52
6,14,5,0,,,,2.62065,0.0,0.0,0.0,665.51
6,15,5,0,,,,1.9349667,0.0,0.0,0.0,584.31
6,16,5,0,,,,2.0924,0.0,0.0,0.0,453.34
6,17,5,0,,,,2.1197166,0.0,0.0,0.0,223.53
6,18,5,0,,,,1.2443666,0.0,0.0,0.0,14.31
6,19,5,0,,,,1.2757833,0.0,0.0,0.0,13.09
6,20,5,0,,,,1.2773666,0.0,0.0,0.0,1.48
6,21,5,0,,,,2.1963334,0.0,0.0,0.0,0.0
6,22,5,0,,,,1.5285667,0.0,0.0,0.0,0.0
6,23,5,0,,,,0.77465,0.0,0.0,0.0,0.0
6,24,5,0,,,,0.78886664,0.0,0.0,0.0,0.0
6,1,6,0,,,,0.42401665,0.0,0.0,0.0,0.0
6,2,6,0,,,,0.6764167,0.0,0.0,0.0,0.0
6,3,6,0,,,,0.5370833,0.0,0.0,0.0,0.0
6,4,6,0,,,,0.44173333,0.0,0.0,0.0,0.0
6,5,6,0,,,,0.68551666,0.0,0.0,0.0,0.0
6,6,6,0,,,,0.9151667,0.0,0.0,0.0,1.57
6,7,6,0,,,,0.83085,0.0,0.0,0.0,11.7
6,8,6,0,,,,0.74245,0.0,0.0,0.0,160.66
6,9,6,0,,,,0.69736665,0.0,0.0,0.0,330.04
6,10,6,0,,,,0.8025333,0.0,0.0,0.0,574.0
6,11,6,0,,,,1.4435667,0.0,0.0,0.0,683.91
6,12,6,0,,,,1.5004333,0.0,0.0,0.0,733.94
6,13,6,0,,,,1.5349,0.0,0.0,0.0,758.37
6,14,6,0,,,,1.9219333,0.0,0.0,0.0,744.35
6,15,6,0,,,,2.18065,0.0,0.0,0.0,649.4
6,16,6,0,,,,2.2800667,0.0,0.0,0.0,528.87
6,17,6,0,,,,2.8102167,0.0,0.0,0.0,363.96
6,18,6,0,,,,2.11065,0.0,0.0,0.0,191.0
6,19,6,0,,,,1.7961333,0.0,0.0,0.0,49.64
6,20,6,0,,,,1.5462667,0.0,0.0,0.0,21.11
6,21,6,0,,,,1.4147834,0.0,0.0,0.0,0.0
6,22,6,0,,,,1.1437,0.0,0.0,0.0,0.0
6,23,6,0,,,,1.02595,0.0,0.0,0.0,0.0
6,24,6,0,,,,0.83540833,0.0,0.0,0.0,0.0
6,1,7,0,,,,0.7647667,0.0,0.0,0.0,0.0
6,2,7,0,,,,0.49808332,0.0,0.0,0.0,0.0
6,3,7,0,,,,0.5933833,0.0,0.0,0.0,0.0
6,4,7,0,,,,0.49495,0.0,0.0,0.0,0.0
6,5,7,0,,,,0.47263333,0.0,0.0,0.0,0.0
6,6,7,0,,,,0.4456,0.0,0.0,0.0,25.73
6,7,7,0,,,,0.59936666,0.0,0.0,0.0,100.01
6,8,7,0,,,,0.84353334,0.0,0.0,0.0,277.41
6,9,7,0,,,,0.86938334,0.0,0.0,0.0,457.01
6,10,7,0,,,,1.5482,0.0,0.0,0.0,523.89
6,11,7,0,,,,1.3240666,0.0,0.0,0.0,719.59
6,12,7,0,,,,1.8584666,0.0,0.0,0.0,783.55
6,13,7,0,,,,1.4824,0.0,0.0,0.0,797.14
6,14,7,0,,,,2.4573667,0.0,0.0,0.0,776.84
6,15,7,0,,,,3.1240723,0.0,0.0,0.0,681.62
6,16,7,0,,,,2.4961166,0.0,0.0,0.0,558.81
6,17,7,0,,,,2.68765,0.0,0.0,0.0,394.95
6,18,7,0,,,,1.5756,0.0,0.0,0.0,201.59
6,19,7,0,,,,1.89315,0.0,0.0,0.0,37.66
6,20,7,0,,,,1.8067666,0.0,0.0,0.0,21.12
6,21,7,0,,,,1.7956166,0.0,0.0,0.0,0.0
6,22,7,0,,,,1.5489833,0.0,0.0,0.0,0.0
6,23,7,0,,,,1.48095,0.0,0.0,0.0,0.0
6,24,7,0,,,,0.9568833,0.0,0.0,0.0,0.0
6,1,1,0,,,,0.7488833,0.0,0.0,0.0,0.0
6,2,1,0,,,,0.71398336,0.0,0.0,0.0,0.0
6,3,1,0,,,,0.63495,0.0,0.0,0.0,0.0
6,4,1,0,,,,0.47863334,0.0,0.0,0.0,0.0
6,5,1,0,,,,0.4149,0.0,0.0,0.0,0.0
6,6,1,0,,,,0.63446665,0.0,0.0,0.0,29.19
6,7,1,0,,,,0.88945,0.0,0.0,0.0,104.21
6,8,1,0,,,,1.0147,0.0,0.0,0.0,270.41
6,9,1,0,,,,0.98285,0.0,0.0,0.0,441.43
6,10,1,0,,,,0.96635,0.0,0.0,0.0,560.78
6,11,1,0,,,,1.3313,0.0,0.0,0.0,663.13
6,12,1,0,,,,2.2626166,0.0,0.0,0.0,713.46
6,13,1,0,,,,2.0833666,0.0,0.0,0.0,739.14
6,14,1,0,,,,2.27275,0.0,0.0,0.0,704.98
6,15,1,0,,,,2.0268834,0.0,0.0,0.0,622.35
6,16,1,0,,,,2.72585,0.0,0.0,0.0,507.75
6,17,1,0,,,,2.3170667,0.0,0.0,0.0,341.97
6,18,1,0,,,,1.3916,0.0,0.0,0.0,198.14
6,19,1,0,,,,1.1655667,0.0,0.0,0.0,51.17
6,20,1,0,,,,1.5089834,0.0,0.0,0.0,20.95
6,21,1,0,,,,1.32125,0.0,0.0,0.0,0.0
6,22,1,0,,,,0.80363333,0.0,0.0,0.0,0.0
6,23,1,0,,,,0.89276665,0.0,0.0,0.0,0.0
6,24,1,0,,,,0.7067583,0.0,0.0,0.0,0.0
6,1,2,0,,,,0.5032167,0.0,0.0,0.0,0.0
6,2,2,0,,,,0.45775,0.0,0.0,0.0,0.0
6,3,2,0,,,,0.63565,0.0,0.0,0.0,0.0
6,4,2,0,,,,0.61328334,0.0,0.0,0.0,0.0
6,5,2,0,,,,0.35123333,0.0,0.0,0.0,0.0
6,6,2,0,,,,0.14681667,0.0,0.0,0.0,35.53
6,7,2,0,,,,0.48413333,0.0,0.0,0.0,95.26
6,8,2,0,,,,0.5326167,0.0,0.0,0.0,217.94
6,9,2,0,,,,0.71021664,0.0,0.0,0.0,407.09
6,10,2,0,,,,0.7848833,0.0,0.0,0.0,558.05
6,11,2,0,,,,1.1868167,0.0,0.0,0.0,499.53
6,12,2,0,,,,1.7101333,0.0,0.0,0.0,47.7
6,13,2,0,,,,1.71965,0.0,0.0,0.0,66.82
6,14,2,0,,,,1.8114,0.0,0.0,0.0,78.57
6,15,2,0,,,,1.6281166,0.0,0.0,0.0,85.09
6,16,2,0,,,,1.9525833,0.0,0.0,0.0,461.89
6,17,2,0,,,,2.0510666,0.0,0.0,0.0,66.6
6,18,2,0,,,,1.22515,0.0,0.0,0.0,181.32
6,19,2,0,,,,1.31095,0.0,0.0,0.0,47.93
6,20,2,0,,,,1.6989334,0.0,0.0,0.0,2.34
6,21,2,0,,,,1.1468166,0.0,0.0,0.0,0.0
6,22,2,0,,,,1.3927833,0.0,0.0,0.0,0.0
6,23,2,0,,,,1.2451167,0.0,0.0,0.0,0.0
6,24,2,0,,,,0.9224833,0.0,0.0,0.0,0.0
6,1,3,0,,,,0.44,0.0,0.0,0.0,0.0
6,2,3,0,,,,0.35198334,0.0,0.0,0.0,0.0
6,3,3,0,,,,0.29236665,0.0,0.0,0.0,0.0
6,4,3,0,,,,0.17721666,0.0,0.0,0.0,0.0
6,5,3,0,,,,0.3929,0.0,0.0,0.0,0.0
6,6,3,0,,,,0.50475,0.0,0.0,0.0,20.24
6,7,3,0,,,,0.37063333,0.0,0.0,0.0,39.9
6,8,3,0,,,,0.39071667,0.0,0.0,0.0,218.56
6,9,3,0,,,,0.3104,0.0,0.0,0.0,170.65
6,10,3,0,,,,0.97726667,0.0,0.0,0.0,190.47
6,11,3,0,,,,1.05285,0.0,0.0,0.0,208.76
6,12,3,0,,,,1.1849333,0.0,0.0,0.0,495.0
6,13,3,0,,,,1.3185333,0.0,0.0,0.0,260.66
6,14,3,0,,,,1.18255,0.0,0.0,0.0,242.12
6,15,3,0,,,,1.6475834,0.0,0.0,0.0,539.21
6,16,3,0,,,,1.8586,0.0,0.0,0.0,544.36
6,17,3,0,,,,1.5175834,0.0,0.0,0.0,255.14
6,18,3,0,,,,0.99593335,0.0,0.0,0.0,15.63
6,19,3,0,,,,0.98398334,0.0,0.0,0.0,73.2
6,20,3,0,,,,0.96375,0.0,0.0,0.0,10.31
6,21,3,0,,,,1.2186667,0.0,0.0,0.0,0.0
6,22,3,0,,,,0.9821,0.0,0.0,0.0,0.0
6,23,3,0,,,,0.64505,0.0,0.0,0.0,0.0
6,24,3,0,,,,0.676525,0.0,0.0,0.0,0.0
6,1,4,0,,,,0.44141668,0.0,0.0,0.0,0.0
6,2,4,0,,,,0.19651666,0.0,0.0,0.0,0.0
6,3,4,0,,,,0.32366666,0.0,0.0,0.0,0.0
6,4,4,0,,,,0.2811,0.0,0.0,0.0,0.0
6,5,4,0,,,,0.19285,0.0,0.0,0.0,0.0
6,6,4,0,,,,0.50491667,0.0,0.0,0.0,28.54
6,7,4,0,,,,0.53186667,0.0,0.0,0.0,84.25
6,8,4,0,,,,0.32838333,0.0,0.0,0.0,287.66
6,9,4,0,,,,0.14088333,0.0,0.0,0.0,483.22
6,10,4,0,,,,0.3875,0.0,0.0,0.0,604.5
6,11,4,0,,,,1.0006334,0.0,0.0,0.0,626.95
6,12,4,0,,,,1.10225,0.0,0.0,0.0,464.18
6,13,4,0,,,,1.0744333,0.0,0.0,0.0,667.53
6,14,4,0,,,,1.5091833,0.0,0.0,0.0,120.37
6,15,4,0,,,,1.2486167,0.0,0.0,0.0,314.04
6,16,4,0,,,,1.5476667,0.0,0.0,0.0,83.74
6,17,4,0,,,,1.51935,0.0,0.0,0.0,315.22
6,18,4,0,,,,0.9598167,0.0,0.0,0.0,167.09
6,19,4,0,,,,0.7510833,0.0,0.0,0.0,40.26
6,20,4,0,,,,0.80075,0.0,0.0,0.0,20.72
6,21,4,0,,,,0.9357167,0.0,0.0,0.0,0.0
6,22,4,0,,,,1.1525167,0.0,0.0,0.0,0.0
6,23,4,0,,,,0.80151665,0.0,0.0,0.0,0.0
6,24,4,0,,,,0.6129583,0.0,0.0,0.0,0.0
6,1,5,0,,,,0.45065,0.0,0.0,0.0,0.0
6,2,5,0,,,,0.36023334,0.0,0.0,0.0,0.0
6,3,5,0,,,,0.28045,0.0,0.0,0.0,0.0
6,4,5,0,,,,0.33026665,0.0,0.0,0.0,0.0
6,5,5,0,,,,0.6544167,0.0,0.0,0.0,0.0
6,6,5,0,,,,0.41635,0.0,0.0,0.0,1.66
6,7,5,0,,,,0.66625,0.0,0.0,0.0,9.01
6,8,5,0,,,,0.2213375,0.0,0.0,0.0,50.33
6,9,5,0,,,,0.28176665,0.0,0.0,0.0,92.18
6,10,5,0,,,,0.32976666,0.0,0.0,0.0,378.8
6,11,5,0,,,,1.0873834,0.0,0.0,0.0,696.78
6,12,5,0,,,,1.1421334,0.0,0.0,0.0,441.16
6,13,5,0,,,,1.3286667,0.0,0.0,0.0,535.93
6,14,5,0,,,,1.4903834,0.0,0.0,0.0,584.37
6,15,5,0,,,,1.4569167,0.0,0.0,0.0,680.57
6,16,5,0,,,,1.6131333,0.0,0.0,0.0,424.74
6,17,5,0,,,,1.5603167,0.0,0.0,0.0,390.19
6,18,5,0,,,,1.1267,0.0,0.0,0.0,192.68
6,19,5,0,,,,0.94228333,0.0,0.0,0.0,44.26
6,20,5,0,,,,1.0702333,0.0,0.0,0.0,21.33
6,21,5,0,,,,1.0364166,0.0,0.0,0.0,0.0
6,22,5,0,,,,1.1394666,0.0,0.0,0.0,0.0
6,23,5,0,,,,0.8099055,0.0,0.0,0.0,0.0
6,24,5,0,,,,0.6887,0.0,0.0,0.0,0.0
7,1,6,0,,,,0.6235667,0.0,0.0,0.0,0.0
7,2,6,0,,,,0.38916665,0.0,0.0,0.0,0.0
7,3,6,0,,,,0.41291666,0.0,0.0,0.0,0.0
7,4,6,0,,,,0.1982,0.0,0.0,0.0,0.0
7,5,6,0,,,,0.20833333,0.0,0.0,0.0,0.0
7,6,6,0,,,,0.22728333,0.0,0.0,0.0,36.2
7,7,6,0,,,,0.46836665,0.0,0.0,0.0,87.64
7,8,6,0,,,,0.58026665,0.0,0.0,0.0,264.07
7,9,6,0,,,,0.5801,0.0,0.0,0.0,438.36
7,10,6,0,,,,0.6450833,0.0,0.0,0.0,587.05
7,11,6,0,,,,0.9349667,0.0,0.0,0.0,684.31
7,12,6,0,,,,1.2157834,0.0,0.0,0.0,736.15
7,13,6,0,,,,1.9849833,0.0,0.0,0.0,757.63
7,14,6,0,,,,1.8460333,0.0,0.0,0.0,728.24
7,15,6,0,,,,2.1415,0.0,0.0,0.0,645.67
7,16,6,0,,,,1.9560167,0.0,0.0,0.0,534.61
7,17,6,0,,,,2.7014334,0.0,0.0,0.0,373.48
7,18,6,0,,,,2.0937,0.0,0.0,0.0,193.25
7,19,6,0,,,,1.62495,0.0,0.0,0.0,52.03
7,20,6,0,,,,1.3245,0.0,0.0,0.0,19.49
7,21,6,0,,,,1.4453,0.0,0.0,0.0,0.0
7,22,6,0,,,,1.5871667,0.0,0.0,0.0,0.0
7,23,6,0,,,,0.85293335,0.0,0.0,0.0,0.0
7,24,6,0,,,,0.71804166,0.0,0.0,0.0,0.0
7,1,7,0,,,,0.8582,0.0,0.0,0.0,0.0
7,2,7,0,,,,0.2706,0.0,0.0,0.0,0.0
7,3,7,0,,,,0.25156668,0.0,0.0,0.0,0.0
7,4,7,0,,,,0.2296,0.0,0.0,0.0,0.0
7,5,7,0,,,,0.25578332,0.0,0.0,0.0,0.0
7,6,7,0,,,,0.22628333,0.0,0.0,0.0,29.48
7,7,7,0,,,,0.21513334,0.0,0.0,0.0,97.95
7,8,7,0,,,,0.41783333,0.0,0.0,0.0,225.87
7,9,7,0,,,,0.15625,0.0,0.0,0.0,393.48
7,10,7,0,,,,0.5812,0.0,0.0,0.0,319.71
7,11,7,0,,,,0.7318,0.0,0.0,0.0,652.0
7,12,7,0,,,,1.2049834,0.0,0.0,0.0,669.68
7,13,7,0,,,,1.1628611,0.0,0.0,0.0,232.5
7,14,7,0,,,,1.5251833,0.0,0.0,0.0,126.59
7,15,7,0,,,,1.65515,0.0,0.0,0.0,322.32
7,16,7,0,,,,1.7880666,0.0,0.0,0.0,515.49
7,17,7,0,,,,2.2692,0.0,0.0,0.0,185.24
7,18,7,0,,,,1.36535,0.0,0.0,0.0,184.46
7,19,7,0,,,,1.2506667,0.0,0.0,0.0,54.69
7,20,7,0,,,,1.2388,0.0,0.0,0.0,19.44
7,21,7,0,,,,1.45835,0.0,0.0,0.0,0.0
7,22,7,0,,,,1.6271666,0.0,0.0,0.0,0.0
7,23,7,0,,,,1.0557,0.0,0.0,0.0,0.0
7,24,7,0,,,,0.9488083,0.0,0.0,0.0,0.0
7,1,1,0,,,,0.8805,0.0,0.0,0.0,0.0
7,2,1,0,,,,0.49376667,0.0,0.0,0.0,0.0
7,3,1,0,,,,0.15438333,0.0,0.0,0.0,0.0
7,4,1,0,,,,0.19598334,0.0,0.0,0.0,0.0
7,5,1,0,,,,0.26196668,0.0,0.0,0.0,0.0
7,6,1,0,,,,0.17156667,0.0,0.0,0.0,34.75
7,7,1,0,,,,0.23363334,0.0,0.0,0.0,88.42
7,8,1,0,,,,0.19765,0.0,0.0,0.0,274.14
7,9,1,0,,,,0.34735,0.0,0.0,0.0,462.98
7,10,1,0,,,,0.37923333,0.0,0.0,0.0,625.08
7,11,1,0,,,,0.6375833,0.0,0.0,0.0,723.58
7,12,1,0,,,,1.0952,0.0,0.0,0.0,605.93
7,13,1,0,,,,1.6252333,0.0,0.0,0.0,636.66
7,14,1,0,,,,1.4911166,0.0,0.0,0.0,707.46
7,15,1,0,,,,1.6176667,0.0,0.0,0.0,620.33
7,16,1,0,,,,1.95315,0.0,0.0,0.0,526.77
7,17,1,0,,,,2.2057834,0.0,0.0,0.0,339.2
7,18,1,0,,,,1.8471333,0.0,0.0,0.0,191.05
7,19,1,0,,,,1.9210167,0.0,0.0,0.0,73.8
7,20,1,0,,,,1.3301834,0.0,0.0,0.0,21.66
7,21,1,0,,,,1.5424167,0.0,0.0,0.0,0.0
7,22,1,0,,,,1.1298333,0.0,0.0,0.0,0.0
7,23,1,0,,,,1.0098667,0.0,0.0,0.0,0.0
7,24,1,0,,,,0.8301,0.0,0.0,0.0,0.0
7,1,2,0,,,,0.8991333,0.0,0.0,0.0,0.0
7,2,2,0,,,,0.8598667,0.0,0.0,0.0,0.0
7,3,2,0,,,,0.79438335,0.0,0.0,0.0,0.0
7,4,2,0,,,,0.6172,0.0,0.0,0.0,0.0
7,5,2,0,,,,0.5171833,0.0,0.0,0.0,0.0
7,6,2,0,,,,0.54105,0.0,0.0,0.0,35.37
7,7,2,0,,,,0.6572,0.0,0.0,0.0,102.96
7,8,2,0,,,,0.6418167,0.0,0.0,0.0,247.95
7,9,2,0,,,,0.92156667,0.0,0.0,0.0,469.21
7,10,2,0,,,,0.8901167,0.0,0.0,0.0,609.59
7,11,2,0,,,,1.36175,0.0,0.0,0.0,459.7
7,12,2,0,,,,1.4829667,0.0,0.0,0.0,607.74
7,13,2,0,,,,1.5125667,0.0,0.0,0.0,662.93
7,14,2,0,,,,1.8297334,0.0,0.0,0.0,557.53
7,15,2,0,,,,2.3833334,0.0,0.0,0.0,344.08
7,16,2,0,,,,2.6899834,0.0,0.0,0.0,326.42
7,17,2,0,,,,2.6194668,0.0,0.0,0.0,165.09
7,18,2,0,,,,1.6453667,0.0,0.0,0.0,190.2
7,19,2,0,,,,1.3501,0.0,0.0,0.0,69.21
7,20,2,0,,,,1.6639,0.0,0.0,0.0,20.63
7,21,2,0,,,,1.4222833,0.0,0.0,0.0,0.0
7,22,2,0,,,,1.3186333,0.0,0.0,0.0,0.0
7,23,2,0,,,,1.4826167,0.0,0.0,0.0,0.0
7,24,2,0,,,,1.1171833,0.0,0.0,0.0,0.0
7,1,3,0,,,,1.0098333,0.0,0.0,0.0,0.0
7,2,3,0,,,,0.91506666,0.0,0.0,0.0,0.0
7,3,3,0,,,,0.49818334,0.0,0.0,0.0,0.0
7,4,3,0,,,,0.4585,0.0,0.0,0.0,0.0
7,5,3,0,,,,0.36785,0.0,0.0,0.0,0.0
7,6,3,0,,,,0.36956668,0.0,0.0,0.0,35.76
7,7,3,0,,,,0.45223334,0.0,0.0,0.0,83.0
7,8,3,0,,,,0.47605,0.0,0.0,0.0,266.19
7,9,3,0,,,,0.83778334,0.0,0.0,0.0,451.76
7,10,3,0,,,,0.75975,0.0,0.0,0.0,614.7
7,11,3,0,,,,1.2811667,0.0,0.0,0.0,654.02
7,12,3,0,,,,1.5513,0.0,0.0,0.0,628.25
7,13,3,0,,,,1.3394667,0.0,0.0,0.0,625.32
7,14,3,0,,,,2.2636166,0.0,0.0,0.0,571.17
7,15,3,0,,,,1.69795,0.0,0.0,0.0,533.06
7,16,3,0,,,,2.0607,0.0,0.0,0.0,391.09
7,17,3,0,,,,2.24295,0.0,0.0,0.0,283.78
7,18,3,0,,,,2.0354333,0.0,0.0,0.0,142.23
7,19,3,0,,,,1.4936334,0.0,0.0,0.0,8.06
7,20,3,0,,,,1.2771167,0.0,0.0,0.0,1.16
7,21,3,0,,,,1.9737667,0.0,0.0,0.0,0.0
7,22,3,0,,,,1.1473334,0.0,0.0,0.0,0.0
7,23,3,0,,,,1.2024167,0.0,0.0,0.0,0.0
7,24,3,0,,,,1.0288334,0.0,0.0,0.0,0.0
7,1,4,0,,,,1.0510334,0.0,0.0,0.0,0.0
7,2,4,0,,,,0.77496666,0.0,0.0,0.0,0.0
7,3,4,0,,,,0.8994167,0.0,0.0,0.0,0.0
7,4,4,0,,,,0.44956666,0.0,0.0,0.0,0.0
7,5,4,0,,,,0.39751667,0.0,0.0,0.0,0.0
7,6,4,0,,,,0.37505,0.0,0.0,0.0,10.57
7,7,4,0,,,,0.4777,0.0,0.0,0.0,89.89
7,8,4,0,,,,0.68623334,0.0,0.0,0.0,273.5
7,9,4,0,,,,0.65526664,0.0,0.0,0.0,419.1
7,10,4,0,,,,0.98406667,0.0,0.0,0.0,592.35
7,11,4,0,,,,1.1532,0.0,0.0,0.0,586.01
7,12,4,0,,,,1.6731833,0.0,0.0,0.0,666.24
7,13,4,0,,,,1.4514166,0.0,0.0,0.0,641.59
7,14,4,0,,,,2.3004167,0.0,0.0,0.0,723.97
7,15,4,0,,,,2.1129167,0.0,0.0,0.0,663.62
7,16,4,0,,,,3.0419834,0.0,0.0,0.0,540.39
7,17,4,0,,,,2.6650667,0.0,0.0,0.0,395.86
7,18,4,0,,,,1.7118806,0.0,0.0,0.0,207.82
7,19,4,0,,,,2.17785,0.0,0.0,0.0,56.89
7,20,4,0,,,,2.7687583,0.0,0.0,0.0,21.01
7,21,4,0,,,,1.6729167,0.0,0.0,0.0,0.0
7,22,4,0,,,,1.4400834,0.0,0.0,0.0,0.0
7,23,4,0,,,,1.0209167,0.0,0.0,0.0,0.0
7,24,4,0,,,,1.14465,0.0,0.0,0.0,0.0
7,1,5,0,,,,0.96631664,0.0,0.0,0.0,0.0
7,2,5,0,,,,0.98391664,0.0,0.0,0.0,0.0
7,3,5,0,,,,0.92181665,0.0,0.0,0.0,0.0
7,4,5,0,,,,0.45346665,0.0,0.0,0.0,0.0
7,5,5,0,,,,0.82881665,0.0,0.0,0.0,0.0
7,6,5,0,,,,0.8189667,0.0,0.0,0.0,1.21
7,7,5,0,,,,0.70738333,0.0,0.0,0.0,10.1
7,8,5,0,,,,0.74875,0.0,0.0,0.0,231.17
7,9,5,0,,,,0.7658333,0.0,0.0,0.0,304.44
7,10,5,0,,,,1.0807166,0.0,0.0,0.0,578.77
7,11,5,0,,,,1.3934166,0.0,0.0,0.0,76.96
7,12,5,0,,,,2.1547,0.0,0.0,0.0,173.37
7,13,5,0,,,,2.4580166,0.0,0.0,0.0,520.47
7,14,5,0,,,,3.0274668,0.0,0.0,0.0,461.3
7,15,5,0,,,,2.48075,0.0,0.0,0.0,662.5
7,16,5,0,,,,2.9528832,0.0,0.0,0.0,281.98
7,17,5,0,,,,2.8451834,0.0,0.0,0.0,157.07
7,18,5,0,,,,1.9835167,0.0,0.0,0.0,113.83
7,19,5,0,,,,2.2706168,0.0,0.0,0.0,5.9
7,20,5,0,,,,1.9495833,0.0,0.0,0.0,0.45
7,21,5,0,,,,1.8810333,0.0,0.0,0.0,0.0
7,22,5,0,,,,1.6958667,0.0,0.0,0.0,0.0
7,23,5,0,,,,1.8495,0.0,0.0,0.0,0.0
7,24,5,0,,,,1.5613834,0.0,0.0,0.0,0.0
7,1,6,0,,,,1.4190167,0.0,0.0,0.0,0.0
7,2,6,0,,,,1.10655,0.0,0.0,0.0,0.0
7,3,6,0,,,,1.0068667,0.0,0.0,0.0,0.0
7,4,6,0,,,,0.87376666,0.0,0.0,0.0,0.0
7,5,6,0,,,,0.7542,0.0,0.0,0.0,0.0
7,6,6,0,,,,0.5411,0.0,0.0,0.0,1.22
7,7,6,0,,,,0.57928336,0.0,0.0,0.0,8.34
7,8,6,0,,,,1.2051834,0.0,0.0,0.0,43.51
7,9,6,0,,,,1.2584,0.0,0.0,0.0,193.25
7,10,6,0,,,,0.8247,0.0,0.0,0.0,566.62
7,11,6,0,,,,1.8303167,0.0,0.0,0.0,517.35
7,12,6,0,,,,2.2304168,0.0,0.0,0.0,421.59
7,13,6,0,,,,2.4110832,0.0,0.0,0.0,513.75
7,14,6,0,,,,2.8223834,0.0,0.0,0.0,514.16
7,15,6,0,,,,3.1545334,0.0,0.0,0.0,133.07
7,16,6,0,,,,3.0834167,0.0,0.0,0.0,323.88
7,17,6,0,,,,3.5296333,0.0,0.0,0.0,272.93
7,18,6,0,,,,2.1592834,0.0,0.0,0.0,160.49
7,19,6,0,,,,2.3341,0.0,0.0,0.0,72.47
7,20,6,0,,,,2.42665,0.0,0.0,0.0,20.61
7,21,6,0,,,,2.21735,0.0,0.0,0.0,0.0
7,22,6,0,,,,1.5737833,0.0,0.0,0.0,0.0
7,23,6,0,,,,1.5198333,0.0,0.0,0.0,0.0
7,24,6,0,,,,1.902275,0.0,0.0,0.0,0.0
7,1,7,0,,,,1.6258667,0.0,0.0,0.0,0.0
7,2,7,0,,,,1.1541,0.0,0.0,0.0,0.0
7,3,7,0,,,,0.9188,0.0,0.0,0.0,0.0
7,4,7,0,,,,0.7549111,0.0,0.0,0.0,0.0
7,5,7,0,,,,0.8226333,0.0,0.0,0.0,0.0
7,6,7,0,,,,0.7038,0.0,0.0,0.0,19.27
7,7,7,0,,,,0.62395,0.0,0.0,0.0,87.63
7,8,7,0,,,,0.7804833,0.0,0.0,0.0,268.44
7,9,7,0,,,,0.9005333,0.0,0.0,0.0,429.86
7,10,7,0,,,,0.95465,0.0,0.0,0.0,570.93
7,11,7,0,,,,1.5337639,0.0,0.0,0.0,692.09
7,12,7,0,,,,1.99145,0.0,0.0,0.0,699.43
7,13,7,0,,,,2.2800667,0.0,0.0,0.0,416.54
7,14,7,0,,,,2.4865,0.0,0.0,0.0,661.77
7,15,7,0,,,,2.4573612,0.0,0.0,0.0,555.9
7,16,7,0,,,,2.5429833,0.0,0.0,0.0,484.29
7,17,7,0,,,,2.2858834,0.0,0.0,0.0,227.48
7,18,7,0,,,,1.7247833,0.0,0.0,0.0,199.43
7,19,7,0,,,,1.6040167,0.0,0.0,0.0,51.5
7,20,7,0,,,,1.5892833,0.0,0.0,0.0,16.29
7,21,7,0,,,,1.5378667,0.0,0.0,0.0,0.0
7,22,7,0,,,,1.8287667,0.0,0.0,0.0,0.0
7,23,7,0,,,,1.2492,0.0,0.0,0.0,0.0
7,24,7,0,,,,1.4956583,0.0,0.0,0.0,0.0
7,1,1,0,,,,1.3387,0.0,0.0,0.0,0.0
7,2,1,0,,,,1.5142334,0.0,0.0,0.0,0.0
7,3,1,0,,,,1.1654167,0.0,0.0,0.0,0.0
7,4,1,0,,,,1.0075,0.0,0.0,0.0,0.0
7,5,1,0,,,,0.7227167,0.0,0.0,0.0,0.0
7,6,1,0,,,,0.6971833,0.0,0.0,0.0,30.79
7,7,1,0,,,,0.8686,0.0,0.0,0.0,35.45
7,8,1,0,,,,1.1283833,0.0,0.0,0.0,194.93
7,9,1,0,,,,1.0346833,0.0,0.0,0.0,70.24
7,10,1,0,,,,1.7764333,0.0,0.0,0.0,157.14
7,11,1,0,,,,1.7712667,0.0,0.0,0.0,220.7
7,12,1,0,,,,1.8793167,0.0,0.0,0.0,721.58
7,13,1,0,,,,1.8819,0.0,0.0,0.0,602.41
7,14,1,0,,,,2.0978,0.0,0.0,0.0,426.88
7,15,1,0,,,,2.2199333,0.0,0.0,0.0,314.24
7,16,1,0,,,,2.52935,0.0,0.0,0.0,431.08
7,17,1,0,,,,2.0799,0.0,0.0,0.0,284.86
7,18,1,0,,,,1.5610833,0.0,0.0,0.0,109.57
7,19,1,0,,,,1.2759666,0.0,0.0,0.0,72.61
7,20,1,0,,,,1.1641,0.0,0.0,0.0,20.26
7,21,1,0,,,,1.1015167,0.0,0.0,0.0,0.0
7,22,1,0,,,,1.94055,0.0,0.0,0.0,0.0
7,23,1,0,,,,1.4109334,0.0,0.0,0.0,0.0
7,24,1,0,,,,1.13575,0.0,0.0,0.0,0.0
7,1,2,0,,,,0.94738334,0.0,0.0,0.0,0.0
7,2,2,0,,,,0.5201833,0.0,0.0,0.0,0.0
7,3,2,0,,,,0.7036833,0.0,0.0,0.0,0.0
7,4,2,0,,,,0.46996668,0.0,0.0,0.0,0.0
7,5,2,0,,,,0.46698335,0.0,0.0,0.0,0.0
7,6,2,0,,,,0.8354833,0.0,0.0,0.0,0.87
7,7,2,0,,,,0.46273333,0.0,0.0,0.0,8.51
7,8,2,0,,,,0.86798334,0.0,0.0,0.0,33.76
7,9,2,0,,,,0.81395,0.0,0.0,0.0,128.24
7,10,2,0,,,,1.0275667,0.0,0.0,0.0,245.13
7,11,2,0,,,,1.4021,0.0,0.0,0.0,432.39
7,12,2,0,,,,1.3886,0.0,0.0,0.0,542.47
7,13,2,0,,,,1.39215,0.0,0.0,0.0,439.91
7,14,2,0,,,,1.7282667,0.0,0.0,0.0,282.27
7,15,2,0,,,,1.58435,0.0,0.0,0.0,259.16
7,16,2,0,,,,1.9356333,0.0,0.0,0.0,262.77
7,17,2,0,,,,1.8471167,0.0,0.0,0.0,265.21
7,18,2,0,,,,1.0038834,0.0,0.0,0.0,186.14
7,19,2,0,,,,1.24275,0.0,0.0,0.0,15.22
7,20,2,0,,,,1.0176,0.0,0.0,0.0,20.31
7,21,2,0,,,,1.8094167,0.0,0.0,0.0,0.0
7,22,2,0,,,,1.3702,0.0,0.0,0.0,0.0
7,23,2,0,,,,1.1019334,0.0,0.0,0.0,0.0
7,24,2,0,,,,1.1822083,0.0,0.0,0.0,0.0
7,1,3,0,,,,0.95891666,0.0,0.0,0.0,0.0
7,2,3,0,,,,0.85983336,0.0,0.0,0.0,0.0
7,3,3,0,,,,0.50255,0.0,0.0,0.0,0.0
7,4,3,0,,,,0.55513334,0.0,0.0,0.0,0.0
7,5,3,0,,,,0.3846,0.0,0.0,0.0,0.0
7,6,3,0,,,,0.3847,0.0,0.0,0.0,28.73
7,7,3,0,,,,0.13818334,0.0,0.0,0.0,67.63
7,8,3,0,,,,0.53375,0.0,0.0,0.0,68.28
7,9,3,0,,,,0.51878333,0.0,0.0,0.0,303.87
7,10,3,0,,,,0.5441167,0.0,0.0,0.0,451.04
7,11,3,0,,,,1.0166667,0.0,0.0,0.0,628.65
7,12,3,0,,,,1.0225,0.0,0.0,0.0,275.63
7,13,3,0,,,,1.5862167,0.0,0.0,0.0,377.22
7,14,3,0,,,,1.7178,0.0,0.0,0.0,120.49
7,15,3,0,,,,1.9675,0.0,0.0,0.0,463.98
7,16,3,0,,,,2.08415,0.0,0.0,0.0,414.6
7,17,3,0,,,,2.2775667,0.0,0.0,0.0,385.21
7,18,3,0,,,,1.4105834,0.0,0.0,0.0,53.65
7,19,3,0,,,,1.4215833,0.0,0.0,0.0,56.4
7,20,3,0,,,,1.60725,0.0,0.0,0.0,18.85
7,21,3,0,,,,1.4183834,0.0,0.0,0.0,0.0
7,22,3,0,,,,1.42825,0.0,0.0,0.0,0.0
7,23,3,0,,,,1.5458167,0.0,0.0,0.0,0.0
7,24,3,0,,,,1.0918417,0.0,0.0,0.0,0.0
7,1,4,0,,,,0.93911666,0.0,0.0,0.0,0.0
7,2,4,0,,,,0.60798335,0.0,0.0,0.0,0.0
7,3,4,0,,,,0.60578334,0.0,0.0,0.0,0.0
7,4,4,0,,,,0.42585,0.0,0.0,0.0,0.0
7,5,4,0,,,,0.39073333,0.0,0.0,0.0,0.0
7,6,4,0,,,,0.4734,0.0,0.0,0.0,28.74
7,7,4,0,,,,0.14633334,0.0,0.0,0.0,87.97
7,8,4,0,,,,0.54613334,0.0,0.0,0.0,259.86
7,9,4,0,,,,0.50205,0.0,0.0,0.0,428.57
7,10,4,0,,,,0.65576667,0.0,0.0,0.0,587.78
7,11,4,0,,,,1.15125,0.0,0.0,0.0,667.11
7,12,4,0,,,,1.35375,0.0,0.0,0.0,707.14
7,13,4,0,,,,1.5628333,0.0,0.0,0.0,712.05
7,14,4,0,,,,2.0141666,0.0,0.0,0.0,682.24
7,15,4,0,,,,2.2165833,0.0,0.0,0.0,502.6
7,16,4,0,,,,1.8042,0.0,0.0,0.0,540.49
7,17,4,0,,,,2.5175834,0.0,0.0,0.0,252.56
7,18,4,0,,,,1.5858333,0.0,0.0,0.0,190.82
7,19,4,0,,,,1.3712333,0.0,0.0,0.0,48.61
7,20,4,0,,,,1.1872166,0.0,0.0,0.0,18.64
7,21,4,0,,,,1.27045,0.0,0.0,0.0,0.0
7,22,4,0,,,,1.2753,0.0,0.0,0.0,0.0
7,23,4,0,,,,1.1178666,0.0,0.0,0.0,0.0
7,24,4,0,,,,1.2195834,0.0,0.0,0.0,0.0
7,1,5,0,,,,1.0928333,0.0,0.0,0.0,0.0
7,2,5,0,,,,0.91975,0.0,0.0,0.0,0.0
7,3,5,0,,,,0.58063334,0.0,0.0,0.0,0.0
7,4,5,0,,,,0.4404,0.0,0.0,0.0,0.0
7,5,5,0,,,,0.45733333,0.0,0.0,0.0,0.0
7,6,5,0,,,,0.8258333,0.0,0.0,0.0,3.51
7,7,5,0,,,,0.6623167,0.0,0.0,0.0,49.78
7,8,5,0,,,,0.55633336,0.0,0.0,0.0,94.9
7,9,5,0,,,,0.28025,0.0,0.0,0.0,331.24
7,10,5,0,,,,0.8804,0.0,0.0,0.0,553.51
7,11,5,0,,,,0.96028334,0.0,0.0,0.0,669.94
7,12,5,0,,,,1.1943166,0.0,0.0,0.0,511.84
7,13,5,0,,,,1.3967667,0.0,0.0,0.0,289.31
7,14,5,0,,,,1.7354667,0.0,0.0,0.0,49.37
7,15,5,0,,,,2.115,0.0,0.0,0.0,39.27
7,16,5,0,,,,2.0436833,0.0,0.0,0.0,164.84
7,17,5,0,,,,1.9379166,0.0,0.0,0.0,66.78
7,18,5,0,,,,1.8015167,0.0,0.0,0.0,182.02
7,19,5,0,,,,1.46195,0.0,0.0,0.0,68.23
7,20,5,0,,,,1.5867667,0.0,0.0,0.0,17.6
7,21,5,0,,,,1.50745,0.0,0.0,0.0,0.0
7,22,5,0,,,,1.4573667,0.0,0.0,0.0,0.0
7,23,5,0,,,,1.4212445,0.0,0.0,0.0,0.0
7,24,5,0,,,,1.2730083,0.0,0.0,0.0,0.0
7,1,6,0,,,,0.92763335,0.0,0.0,0.0,0.0
7,2,6,0,,,,0.86595,0.0,0.0,0.0,0.0
7,3,6,0,,,,0.75983334,0.0,0.0,0.0,0.0
7,4,6,0,,,,0.3972,0.0,0.0,0.0,0.0
7,5,6,0,,,,0.58376664,0.0,0.0,0.0,0.0
7,6,6,0,,,,0.5496167,0.0,0.0,0.0,0.85
7,7,6,0,,,,0.5617833,0.0,0.0,0.0,7.8
7,8,6,0,,,,0.81553334,0.0,0.0,0.0,27.6
7,9,6,0,,,,1.08565,0.0,0.0,0.0,89.49
7,10,6,0,,,,1.5281833,0.0,0.0,0.0,98.36
7,11,6,0,,,,2.4879668,0.0,0.0,0.0,185.01
7,12,6,0,,,,2.5307417,0.0,0.0,0.0,129.13
7,13,6,0,,,,3.5657334,0.0,0.0,0.0,106.53
7,14,6,0,,,,2.84305,0.0,0.0,0.0,140.36
7,15,6,0,,,,2.6619,0.0,0.0,0.0,357.76
7,16,6,0,,,,2.8262832,0.0,0.0,0.0,162.26
7,17,6,0,,,,2.8830667,0.0,0.0,0.0,164.05
7,18,6,0,,,,2.0326667,0.0,0.0,0.0,186.08
7,19,6,0,,,,2.2753832,0.0,0.0,0.0,69.32
7,20,6,0,,,,2.22945,0.0,0.0,0.0,17.61
7,21,6,0,,,,1.9519167,0.0,0.0,0.0,0.0
7,22,6,0,,,,1.51455,0.0,0.0,0.0,0.0
7,23,6,0,,,,1.2052333,0.0,0.0,0.0,0.0
7,24,6,0,,,,1.0651083,0.0,0.0,0.0,0.0
7,1,7,0,,,,1.1135666,0.0,0.0,0.0,0.0
7,2,7,0,,,,1.1127334,0.0,0.0,0.0,0.0
7,3,7,0,,,,1.11915,0.0,0.0,0.0,0.0
7,4,7,0,,,,0.74838334,0.0,0.0,0.0,0.0
7,5,7,0,,,,0.61648333,0.0,0.0,0.0,0.0
7,6,7,0,,,,0.45296666,0.0,0.0,0.0,0.87
7,7,7,0,,,,0.38315,0.0,0.0,0.0,82.73
7,8,7,0,,,,0.7359167,0.0,0.0,0.0,254.03
7,9,7,0,,,,0.5330333,0.0,0.0,0.0,436.02
7,10,7,0,,,,1.0421833,0.0,0.0,0.0,600.67
7,11,7,0,,,,1.3738834,0.0,0.0,0.0,694.26
7,12,7,0,,,,1.8809834,0.0,0.0,0.0,746.07
7,13,7,0,,,,2.3717666,0.0,0.0,0.0,776.64
7,14,7,0,,,,2.1522167,0.0,0.0,0.0,748.24
7,15,7,0,,,,2.53885,0.0,0.0,0.0,659.69
7,16,7,0,,,,2.8621833,0.0,0.0,0.0,424.99
7,17,7,0,,,,3.1960166,0.0,0.0,0.0,313.27
7,18,7,0,,,,2.5220666,0.0,0.0,0.0,38.85
7,19,7,0,,,,1.7245166,0.0,0.0,0.0,47.77
7,20,7,0,,,,1.6255833,0.0,0.0,0.0,17.36
7,21,7,0,,,,1.6245333,0.0,0.0,0.0,0.0
7,22,7,0,,,,1.44395,0.0,0.0,0.0,0.0
7,23,7,0,,,,1.2904,0.0,0.0,0.0,0.0
7,24,7,0,,,,0.91891664,0.0,0.0,0.0,0.0
7,1,1,0,,,,1.1238667,0.0,0.0,0.0,0.0
7,2,1,0,,,,0.6710167,0.0,0.0,0.0,0.0
7,3,1,0,,,,0.7507,0.0,0.0,0.0,0.0
7,4,1,0,,,,0.5581833,0.0,0.0,0.0,0.0
7,5,1,0,,,,0.4608,0.0,0.0,0.0,0.0
7,6,1,0,,,,0.75203335,0.0,0.0,0.0,0.49
7,7,1,0,,,,0.70391667,0.0,0.0,0.0,7.79
7,8,1,0,,,,0.5519,0.0,0.0,0.0,37.04
7,9,1,0,,,,0.6548833,0.0,0.0,0.0,33.23
7,10,1,0,,,,0.96925,0.0,0.0,0.0,53.35
7,11,1,0,,,,1.2234334,0.0,0.0,0.0,698.47
7,12,1,0,,,,1.3604167,0.0,0.0,0.0,463.66
7,13,1,0,,,,1.3930666,0.0,0.0,0.0,598.32
7,14,1,0,,,,1.7295834,0.0,0.0,0.0,446.51
7,15,1,0,,,,1.76685,0.0,0.0,0.0,618.84
7,16,1,0,,,,2.4060416,0.0,0.0,0.0,129.37
7,17,1,0,,,,1.9148834,0.0,0.0,0.0,215.72
7,18,1,0,,,,1.6272334,0.0,0.0,0.0,143.62
7,19,1,0,,,,1.1530334,0.0,0.0,0.0,17.75
7,20,1,0,,,,1.30885,0.0,0.0,0.0,13.37
7,21,1,0,,,,0.69623333,0.0,0.0,0.0,0.0
7,22,1,0,,,,1.2911834,0.0,0.0,0.0,0.0
7,23,1,0,,,,1.1445167,0.0,0.0,0.0,0.0
7,24,1,0,,,,1.3213583,0.0,0.0,0.0,0.0
7,1,2,0,,,,1.0687,0.0,0.0,0.0,0.0
7,2,2,0,,,,0.77045,0.0,0.0,0.0,0.0
7,3,2,0,,,,0.46481666,0.0,0.0,0.0,0.0
7,4,2,0,,,,0.7076,0.0,0.0,0.0,0.0
7,5,2,0,,,,0.59166664,0.0,0.0,0.0,0.0
7,6,2,0,,,,0.56005,0.0,0.0,0.0,0.51
7,7,2,0,,,,0.5880333,0.0,0.0,0.0,91.1
7,8,2,0,,,,0.62645,0.0,0.0,0.0,245.14
7,9,2,0,,,,0.6056333,0.0,0.0,0.0,430.95
7,10,2,0,,,,0.5980833,0.0,0.0,0.0,562.4
7,11,2,0,,,,1.2648333,0.0,0.0,0.0,670.32
7,12,2,0,,,,1.6333,0.0,0.0,0.0,555.84
7,13,2,0,,,,1.53355,0.0,0.0,0.0,304.63
7,14,2,0,,,,2.1200833,0.0,0.0,0.0,754.45
7,15,2,0,,,,1.7567834,0.0,0.0,0.0,488.89
7,16,2,0,,,,1.5830333,0.0,0.0,0.0,458.91
7,17,2,0,,,,1.8056,0.0,0.0,0.0,334.04
7,18,2,0,,,,1.1167834,0.0,0.0,0.0,159.79
7,19,2,0,,,,1.1506333,0.0,0.0,0.0,50.36
7,20,2,0,,,,1.6712834,0.0,0.0,0.0,16.88
7,21,2,0,,,,1.4680333,0.0,0.0,0.0,0.0
7,22,2,0,,,,1.53555,0.0,0.0,0.0,0.0
7,23,2,0,,,,1.4253,0.0,0.0,0.0,0.0
7,24,2,0,,,,0.9314917,0.0,0.0,0.0,0.0
7,1,3,0,,,,0.67245,0.0,0.0,0.0,0.0
7,2,3,0,,,,0.77786666,0.0,0.0,0.0,0.0
7,3,3,0,,,,1.04615,0.0,0.0,0.0,0.0
7,4,3,0,,,,0.6696,0.0,0.0,0.0,0.0
7,5,3,0,,,,0.5951167,0.0,0.0,0.0,0.0
7,6,3,0,,,,0.708,0.0,0.0,0.0,8.8
7,7,3,0,,,,0.5732,0.0,0.0,0.0,84.45
7,8,3,0,,,,0.70815,0.0,0.0,0.0,253.5
7,9,3,0,,,,1.0529333,0.0,0.0,0.0,439.39
7,10,3,0,,,,0.9418333,0.0,0.0,0.0,605.75
7,11,3,0,,,,1.7253833,0.0,0.0,0.0,708.68
7,12,3,0,,,,1.5996833,0.0,0.0,0.0,660.23
7,13,3,0,,,,1.4350778,0.0,0.0,0.0,558.13
7,14,3,0,,,,1.7049333,0.0,0.0,0.0,512.26
7,15,3,0,,,,1.9185833,0.0,0.0,0.0,365.76
7,16,3,0,,,,1.84045,0.0,0.0,0.0,195.03
7,17,3,0,,,,1.9565,0.0,0.0,0.0,290.03
7,18,3,0,,,,1.5172334,0.0,0.0,0.0,203.92
7,19,3,0,,,,1.59165,0.0,0.0,0.0,41.81
7,20,3,0,,,,1.0368333,0.0,0.0,0.0,16.02
7,21,3,0,,,,1.27815,0.0,0.0,0.0,0.0
7,22,3,0,,,,1.54935,0.0,0.0,0.0,0.0
7,23,3,0,,,,1.1748972,0.0,0.0,0.0,0.0
7,24,3,0,,,,0.96254164,0.0,0.0,0.0,0.0
7,1,4,0,,,,1.2031333,0.0,0.0,0.0,0.0
7,2,4,0,,,,0.8003833,0.0,0.0,0.0,0.0
7,3,4,0,,,,0.6534167,0.0,0.0,0.0,0.0
7,4,4,0,,,,0.6775333,0.0,0.0,0.0,0.0
7,5,4,0,,,,0.53565,0.0,0.0,0.0,0.0
7,6,4,0,,,,0.5402833,0.0,0.0,0.0,10.57
7,7,4,0,,,,0.73925,0.0,0.0,0.0,83.9
7,8,4,0,,,,0.73186666,0.0,0.0,0.0,242.42
7,9,4,0,,,,0.9781167,0.0,0.0,0.0,421.66
7,10,4,0,,,,0.76705,0.0,0.0,0.0,575.06
7,11,4,0,,,,1.1367834,0.0,0.0,0.0,654.92
7,12,4,0,,,,1.2828833,0.0,0.0,0.0,628.97
7,13,4,0,,,,1.5861,0.0,0.0,0.0,642.21
7,14,4,0,,,,1.4890667,0.0,0.0,0.0,594.14
7,15,4,0,,,,1.8568166,0.0,0.0,0.0,424.9
7,16,4,0,,,,1.7364,0.0,0.0,0.0,523.15
7,17,4,0,,,,2.0072668,0.0,0.0,0.0,366.68
7,18,4,0,,,,2.00115,0.0,0.0,0.0,197.05
7,19,4,0,,,,1.5465333,0.0,0.0,0.0,46.23
7,20,4,0,,,,1.6305333,0.0,0.0,0.0,14.59
7,21,4,0,,,,1.3679667,0.0,0.0,0.0,0.0
7,22,4,0,,,,1.5291,0.0,0.0,0.0,0.0
7,23,4,0,,,,1.4901834,0.0,0.0,0.0,0.0
7,24,4,0,,,,1.4172666,0.0,0.0,0.0,0.0
7,1,5,0,,,,0.81623334,0.0,0.0,0.0,0.0
7,2,5,0,,,,0.709,0.0,0.0,0.0,0.0
7,3,5,0,,,,0.48476666,0.0,0.0,0.0,0.0
7,4,5,0,,,,0.24718334,0.0,0.0,0.0,0.0
7,5,5,0,,,,0.27931666,0.0,0.0,0.0,0.0
7,6,5,0,,,,0.4516,0.0,0.0,0.0,0.15
7,7,5,0,,,,0.82126665,0.0,0.0,0.0,6.55
7,8,5,0,,,,0.60985,0.0,0.0,0.0,149.62
7,9,5,0,,,,0.4673,0.0,0.0,0.0,369.34
7,10,5,0,,,,0.61768335,0.0,0.0,0.0,478.35
7,11,5,0,,,,1.1361166,0.0,0.0,0.0,643.36
7,12,5,0,,,,1.0647666,0.0,0.0,0.0,696.16
7,13,5,0,,,,1.2783333,0.0,0.0,0.0,599.73
7,14,5,0,,,,1.3707,0.0,0.0,0.0,435.01
7,15,5,0,,,,1.6491166,0.0,0.0,0.0,289.92
7,16,5,0,,,,1.6600833,0.0,0.0,0.0,73.44
7,17,5,0,,,,1.9668666,0.0,0.0,0.0,38.4
7,18,5,0,,,,1.3744333,0.0,0.0,0.0,83.52
7,19,5,0,,,,1.1557667,0.0,0.0,0.0,44.84
7,20,5,0,,,,1.3666,0.0,0.0,0.0,14.55
7,21,5,0,,,,1.3830167,0.0,0.0,0.0,0.0
7,22,5,0,,,,0.91415,0.0,0.0,0.0,0.0
7,23,5,0,,,,1.5319667,0.0,0.0,0.0,0.0
7,24,5,0,,,,1.27295,0.0,0.0,0.0,0.0
7,1,6,0,,,,1.0213333,0.0,0.0,0.0,0.0
7,2,6,0,,,,1.0696,0.0,0.0,0.0,0.0
7,3,6,0,,,,0.72868335,0.0,0.0,0.0,0.0
7,4,6,0,,,,0.84748334,0.0,0.0,0.0,0.0
7,5,6,0,,,,0.36018333,0.0,0.0,0.0,0.0
7,6,6,0,,,,0.5243667,0.0,0.0,0.0,0.14
7,7,6,0,,,,0.39221665,0.0,0.0,0.0,79.93
7,8,6,0,,,,0.55551666,0.0,0.0,0.0,177.99
7,9,6,0,,,,0.34366667,0.0,0.0,0.0,250.03
7,10,6,0,,,,0.8850833,0.0,0.0,0.0,99.66
7,11,6,0,,,,1.98415,0.0,0.0,0.0,156.36
7,12,6,0,,,,2.3461833,0.0,0.0,0.0,192.65
7,13,6,0,,,,2.03015,0.0,0.0,0.0,176.29
7,14,6,0,,,,1.7154334,0.0,0.0,0.0,538.78
7,15,6,0,,,,2.10325,0.0,0.0,0.0,578.98
7,16,6,0,,,,2.8912334,0.0,0.0,0.0,381.67
7,17,6,0,,,,2.5612,0.0,0.0,0.0,231.99
7,18,6,0,,,,1.2449,0.0,0.0,0.0,186.69
7,19,6,0,,,,1.66745,0.0,0.0,0.0,55.26
7,20,6,0,,,,1.5375333,0.0,0.0,0.0,11.97
7,21,6,0,,,,1.6210333,0.0,0.0,0.0,0.0
7,22,6,0,,,,1.66695,0.0,0.0,0.0,0.0
7,23,6,0,,,,1.17265,0.0,0.0,0.0,0.0
7,24,6,0,,,,1.4992583,0.0,0.0,0.0,0.0
7,1,7,0,,,,0.9399667,0.0,0.0,0.0,0.0
7,2,7,0,,,,0.96365,0.0,0.0,0.0,0.0
7,3,7,0,,,,1.1923833,0.0,0.0,0.0,0.0
7,4,7,0,,,,0.7756,0.0,0.0,0.0,0.0
7,5,7,0,,,,0.49183333,0.0,0.0,0.0,0.0
7,6,7,0,,,,0.33843333,0.0,0.0,0.0,2.05
7,7,7,0,,,,0.50558335,0.0,0.0,0.0,6.57
7,8,7,0,,,,0.82278335,0.0,0.0,0.0,139.54
7,9,7,0,,,,0.5921,0.0,0.0,0.0,335.52
7,10,7,0,,,,0.98118335,0.0,0.0,0.0,328.64
7,11,7,0,,,,1.6746167,0.0,0.0,0.0,631.75
7,12,7,0,,,,1.9556,0.0,0.0,0.0,676.12
7,13,7,0,,,,2.1048834,0.0,0.0,0.0,717.78
7,14,7,0,,,,1.76955,0.0,0.0,0.0,621.32
7,15,7,0,,,,2.1696668,0.0,0.0,0.0,533.78
7,16,7,0,,,,2.4255667,0.0,0.0,0.0,459.74
7,17,7,0,,,,1.9354666,0.0,0.0,0.0,299.62
7,18,7,0,,,,1.4230666,0.0,0.0,0.0,183.9
7,19,7,0,,,,1.2398334,0.0,0.0,0.0,43.21
7,20,7,0,,,,1.1521833,0.0,0.0,0.0,12.52
7,21,7,0,,,,0.7174,0.0,0.0,0.0,0.0
7,22,7,0,,,,0.82493335,0.0,0.0,0.0,0.0
7,23,7,0,,,,0.80193335,0.0,0.0,0.0,0.0
7,24,7,0,,,,0.6638333,0.0,0.0,0.0,0.0
7,1,1,0,,,,0.90865,0.0,0.0,0.0,0.0
7,2,1,0,,,,0.8133,0.0,0.0,0.0,0.0
7,3,1,0,,,,0.7349167,0.0,0.0,0.0,0.0
7,4,1,0,,,,0.52235,0.0,0.0,0.0,0.0
7,5,1,0,,,,0.5804333,0.0,0.0,0.0,0.0
7,6,1,0,,,,0.31445,0.0,0.0,0.0,0.15
7,7,1,0,,,,0.40361667,0.0,0.0,0.0,6.61
7,8,1,0,,,,0.32121667,0.0,0.0,0.0,55.6
7,9,1,0,,,,0.75056666,0.0,0.0,0.0,221.76
7,10,1,0,,,,1.22475,0.0,0.0,0.0,431.8
7,11,1,0,,,,0.9566611,0.0,0.0,0.0,496.69
7,12,1,0,,,,0.8817,0.0,0.0,0.0,571.61
7,13,1,0,,,,0.6997833,0.0,0.0,0.0,640.37
7,14,1,0,,,,0.87308335,0.0,0.0,0.0,525.91
7,15,1,0,,,,0.9615333,0.0,0.0,0.0,441.14
7,16,1,0,,,,0.8885,0.0,0.0,0.0,432.56
7,17,1,0,,,,1.03885,0.0,0.0,0.0,376.76
7,18,1,0,,,,0.77038336,0.0,0.0,0.0,190.36
7,19,1,0,,,,1.1936,0.0,0.0,0.0,54.68
7,20,1,0,,,,1.5819833,0.0,0.0,0.0,12.57
7,21,1,0,,,,1.6051,0.0,0.0,0.0,0.0
7,22,1,0,,,,1.55895,0.0,0.0,0.0,0.0
7,23,1,0,,,,2.5608666,0.0,0.0,0.0,0.0
7,24,1,0,,,,2.1564584,0.0,0.0,0.0,0.0
7,1,2,0,,,,1.94915,0.0,0.0,0.0,0.0
7,2,2,0,,,,1.6273333,0.0,0.0,0.0,0.0
7,3,2,0,,,,1.7284334,0.0,0.0,0.0,0.0
7,4,2,0,,,,0.99625,0.0,0.0,0.0,0.0
7,5,2,0,,,,0.59356666,0.0,0.0,0.0,0.0
7,6,2,0,,,,0.7934333,0.0,0.0,0.0,0.84
7,7,2,0,,,,0.36535,0.0,0.0,0.0,80.72
7,8,2,0,,,,0.28466666,0.0,0.0,0.0,236.0
7,9,2,0,,,,0.5624167,0.0,0.0,0.0,419.0
7,10,2,0,,,,1.0114833,0.0,0.0,0.0,545.85
7,11,2,0,,,,0.93528336,0.0,0.0,0.0,618.07
7,12,2,0,,,,1.1308,0.0,0.0,0.0,705.62
7,13,2,0,,,,1.3896166,0.0,0.0,0.0,749.85
7,14,2,0,,,,1.6615666,0.0,0.0,0.0,739.74
7,15,2,0,,,,1.83735,0.0,0.0,0.0,643.79
7,16,2,0,,,,1.6691166,0.0,0.0,0.0,303.18
7,17,2,0,,,,1.5133166,0.0,0.0,0.0,34.67
7,18,2,0,,,,1.1372833,0.0,0.0,0.0,187.27
7,19,2,0,,,,1.7508167,0.0,0.0,0.0,54.9
7,20,2,0,,,,1.4194167,0.0,0.0,0.0,0.0
7,21,2,0,,,,0.99055,0.0,0.0,0.0,0.0
7,22,2,0,,,,0.6634667,0.0,0.0,0.0,0.0
7,23,2,0,,,,0.90886664,0.0,0.0,0.0,0.0
7,24,2,0,,,,0.6360083,0.0,0.0,0.0,0.0
7,1,3,0,,,,0.8171167,0.0,0.0,0.0,0.0
7,2,3,0,,,,0.49681666,0.0,0.0,0.0,0.0
7,3,3,0,,,,0.45641667,0.0,0.0,0.0,0.0
7,4,3,0,,,,0.45095,0.0,0.0,0.0,0.0
7,5,3,0,,,,0.45071667,0.0,0.0,0.0,0.0
7,6,3,0,,,,0.7482333,0.0,0.0,0.0,0.0
7,7,3,0,,,,0.7011,0.0,0.0,0.0,9.54
7,8,3,0,,,,0.48476666,0.0,0.0,0.0,32.27
7,9,3,0,,,,0.69671667,0.0,0.0,0.0,419.34
7,10,3,0,,,,0.7081,0.0,0.0,0.0,381.22
7,11,3,0,,,,1.3146167,0.0,0.0,0.0,665.73
7,12,3,0,,,,1.4865333,0.0,0.0,0.0,713.68
7,13,3,0,,,,1.5891167,0.0,0.0,0.0,581.5
7,14,3,0,,,,1.7228667,0.0,0.0,0.0,506.12
7,15,3,0,,,,2.1825,0.0,0.0,0.0,507.56
7,16,3,0,,,,2.3513167,0.0,0.0,0.0,245.98
7,17,3,0,,,,2.3229334,0.0,0.0,0.0,108.36
7,18,3,0,,,,1.4024333,0.0,0.0,0.0,179.78
7,19,3,0,,,,1.69735,0.0,0.0,0.0,55.98
7,20,3,0,,,,1.0903333,0.0,0.0,0.0,10.05
7,21,3,0,,,,0.93368334,0.0,0.0,0.0,0.0
7,22,3,0,,,,1.0198833,0.0,0.0,0.0,0.0
7,23,3,0,,,,0.98653334,0.0,0.0,0.0,0.0
7,24,3,0,,,,0.62705,0.0,0.0,0.0,0.0
7,1,4,0,,,,0.55553335,0.0,0.0,0.0,0.0
7,2,4,0,,,,0.7728,0.0,0.0,0.0,0.0
7,3,4,0,,,,0.90351665,0.0,0.0,0.0,0.0
7,4,4,0,,,,0.7975,0.0,0.0,0.0,0.0
7,5,4,0,,,,0.72345,0.0,0.0,0.0,0.0
7,6,4,0,,,,0.7939,0.0,0.0,0.0,0.85
7,7,4,0,,,,0.6783917,0.0,0.0,0.0,78.58
7,8,4,0,,,,0.7852333,0.0,0.0,0.0,229.54
7,9,4,0,,,,0.89603335,0.0,0.0,0.0,412.26
7,10,4,0,,,,0.8595167,0.0,0.0,0.0,567.87
7,11,4,0,,,,1.4200333,0.0,0.0,0.0,671.7
7,12,4,0,,,,1.6669834,0.0,0.0,0.0,701.78
7,13,4,0,,,,1.9195,0.0,0.0,0.0,666.17
7,14,4,0,,,,1.98795,0.0,0.0,0.0,549.17
7,15,4,0,,,,2.0447166,0.0,0.0,0.0,585.47
7,16,4,0,,,,2.0843666,0.0,0.0,0.0,495.43
7,17,4,0,,,,2.4146166,0.0,0.0,0.0,359.23
7,18,4,0,,,,1.2641833,0.0,0.0,0.0,183.92
7,19,4,0,,,,1.2651167,0.0,0.0,0.0,44.87
7,20,4,0,,,,1.4919,0.0,0.0,0.0,9.44
7,21,4,0,,,,1.4633,0.0,0.0,0.0,0.0
7,22,4,0,,,,1.6233833,0.0,0.0,0.0,0.0
7,23,4,0,,,,1.6646,0.0,0.0,0.0,0.0
7,24,4,0,,,,1.012,0.0,0.0,0.0,0.0
7,1,5,0,,,,0.75998336,0.0,0.0,0.0,0.0
7,2,5,0,,,,0.5632833,0.0,0.0,0.0,0.0
7,3,5,0,,,,0.7289,0.0,0.0,0.0,0.0
7,4,5,0,,,,0.60815,0.0,0.0,0.0,0.0
7,5,5,0,,,,0.80251664,0.0,0.0,0.0,0.0
7,6,5,0,,,,0.6428667,0.0,0.0,0.0,3.43
7,7,5,0,,,,0.6820833,0.0,0.0,0.0,75.07
7,8,5,0,,,,0.98153335,0.0,0.0,0.0,203.72
7,9,5,0,,,,0.91216666,0.0,0.0,0.0,393.62
7,10,5,0,,,,0.8511,0.0,0.0,0.0,553.44
7,11,5,0,,,,1.5306333,0.0,0.0,0.0,660.03
7,12,5,0,,,,2.3003833,0.0,0.0,0.0,738.38
7,13,5,0,,,,2.6050167,0.0,0.0,0.0,706.56
7,14,5,0,,,,1.9906334,0.0,0.0,0.0,638.19
7,15,5,0,,,,2.2563167,0.0,0.0,0.0,547.92
7,16,5,0,,,,2.8033333,0.0,0.0,0.0,468.54
7,17,5,0,,,,2.2304332,0.0,0.0,0.0,325.65
7,18,5,0,,,,1.6521833,0.0,0.0,0.0,183.26
7,19,5,0,,,,1.50035,0.0,0.0,0.0,49.5
7,20,5,0,,,,1.4206333,0.0,0.0,0.0,7.15
7,21,5,0,,,,1.2753834,0.0,0.0,0.0,0.0
7,22,5,0,,,,1.0611334,0.0,0.0,0.0,0.0
7,23,5,0,,,,0.9475,0.0,0.0,0.0,0.0
7,24,5,0,,,,0.53996664,0.0,0.0,0.0,0.0
7,1,6,0,,,,0.61151665,0.0,0.0,0.0,0.0
7,2,6,0,,,,0.43871668,0.0,0.0,0.0,0.0
7,3,6,0,,,,0.4728,0.0,0.0,0.0,0.0
7,4,6,0,,,,0.40875,0.0,0.0,0.0,0.0
7,5,6,0,,,,0.58668333,0.0,0.0,0.0,0.0
7,6,6,0,,,,0.80083334,0.0,0.0,0.0,0.0
7,7,6,0,,,,0.74406666,0.0,0.0,0.0,72.59
7,8,6,0,,,,0.84711665,0.0,0.0,0.0,207.69
7,9,6,0,,,,0.7991833,0.0,0.0,0.0,229.31
7,10,6,0,,,,1.1828,0.0,0.0,0.0,501.67
7,11,6,0,,,,1.0898334,0.0,0.0,0.0,533.53
7,12,6,0,,,,1.26025,0.0,0.0,0.0,373.62
7,13,6,0,,,,1.4361167,0.0,0.0,0.0,356.12
7,14,6,0,,,,1.9532334,0.0,0.0,0.0,217.8
7,15,6,0,,,,2.3647833,0.0,0.0,0.0,573.26
7,16,6,0,,,,2.14715,0.0,0.0,0.0,82.53
7,17,6,0,,,,2.3249333,0.0,0.0,0.0,47.64
7,18,6,0,,,,1.4611,0.0,0.0,0.0,118.6
7,19,6,0,,,,1.54715,0.0,0.0,0.0,40.92
7,20,6,0,,,,1.4002167,0.0,0.0,0.0,8.78
7,21,6,0,,,,1.2066333,0.0,0.0,0.0,0.0
7,22,6,0,,,,1.0030833,0.0,0.0,0.0,0.0
7,23,6,0,,,,0.9040667,0.0,0.0,0.0,0.0
7,24,6,0,,,,0.84935,0.0,0.0,0.0,0.0
7,1,7,0,,,,0.64356667,0.0,0.0,0.0,0.0
7,2,7,0,,,,0.50953335,0.0,0.0,0.0,0.0
7,3,7,0,,,,0.4212,0.0,0.0,0.0,0.0
7,4,7,0,,,,0.2335,0.0,0.0,0.0,0.0
7,5,7,0,,,,0.40946665,0.0,0.0,0.0,0.0
7,6,7,0,,,,0.973,0.0,0.0,0.0,0.0
7,7,7,0,,,,0.87728333,0.0,0.0,0.0,62.14
7,8,7,0,,,,0.77145,0.0,0.0,0.0,13.56
7,9,7,0,,,,0.6275,0.0,0.0,0.0,81.32
7,10,7,0,,,,0.43805,0.0,0.0,0.0,193.14
7,11,7,0,,,,0.90433335,0.0,0.0,0.0,213.36
7,12,7,0,,,,1.18965,0.0,0.0,0.0,329.81
7,13,7,0,,,,1.37815,0.0,0.0,0.0,566.46
7,14,7,0,,,,1.6922667,0.0,0.0,0.0,557.88
7,15,7,0,,,,2.4148958,0.0,0.0,0.0,416.26
7,16,7,0,,,,1.5736,0.0,0.0,0.0,494.9
7,17,7,0,,,,1.6925,0.0,0.0,0.0,240.32
7,18,7,0,,,,1.2058834,0.0,0.0,0.0,23.16
7,19,7,0,,,,1.1309,0.0,0.0,0.0,3.68
7,20,7,0,,,,0.86116666,0.0,0.0,0.0,0.11
7,21,7,0,,,,0.96681666,0.0,0.0,0.0,0.0
7,22,7,0,,,,0.7367167,0.0,0.0,0.0,0.0
7,23,7,0,,,,0.70385,0.0,0.0,0.0,0.0
7,24,7,0,,,,0.70675,0.0,0.0,0.0,0.0
7,1,1,0,,,,0.4349,0.0,0.0,0.0,0.0
7,2,1,0,,,,0.42313334,0.0,0.0,0.0,0.0
7,3,1,0,,,,0.44646665,0.0,0.0,0.0,0.0
7,4,1,0,,,,0.38646665,0.0,0.0,0.0,0.0
7,5,1,0,,,,0.37735,0.0,0.0,0.0,0.0
7,6,1,0,,,,0.3461,0.0,0.0,0.0,0.0
7,7,1,0,,,,0.38025,0.0,0.0,0.0,63.1
7,8,1,0,,,,0.39138332,0.0,0.0,0.0,216.56
7,9,1,0,,,,0.37831667,0.0,0.0,0.0,273.82
7,10,1,0,,,,0.43625,0.0,0.0,0.0,494.33
7,11,1,0,,,,1.0650333,0.0,0.0,0.0,512.92
7,12,1,0,,,,1.4460167,0.0,0.0,0.0,770.84
7,13,1,0,,,,1.2971333,0.0,0.0,0.0,709.22
7,14,1,0,,,,1.3425167,0.0,0.0,0.0,732.03
7,15,1,0,,,,1.9748334,0.0,0.0,0.0,686.42
7,16,1,0,,,,1.7959,0.0,0.0,0.0,546.79
7,17,1,0,,,,1.9403,0.0,0.0,0.0,386.45
7,18,1,0,,,,1.5725666,0.0,0.0,0.0,197.98
7,19,1,0,,,,1.4724166,0.0,0.0,0.0,38.38
7,20,1,0,,,,1.0757667,0.0,0.0,0.0,6.9
7,21,1,0,,,,1.1628833,0.0,0.0,0.0,0.0
7,22,1,0,,,,1.1073,0.0,0.0,0.0,0.0
7,23,1,0,,,,0.7565333,0.0,0.0,0.0,0.0
