electricity_pricing,electricity_pricing_predicted_6h,electricity_pricing_predicted_12h,electricity_pricing_predicted_24h
6.9,3.0,0.405,6.9
5.5853,5.5822,1.9,5.1
5.1,5.88,1.9,5.18
3.04,5.909,2.35,4.7824
4.34,5.874,4.199,5.18
2.49,4.0,4.685,5.18
3.0,0.405,3.69,4.745
5.5822,1.9,8.9,5.5602
5.88,1.9,8.9,6.2
5.909,2.35,9.0,5.88
5.874,4.199,9.0,6.8731
4.0,4.685,9.0,4.3
0.405,3.69,6.9,2.4
1.9,8.9,5.1,2.4
1.9,8.9,5.18,2.35
2.35,9.0,4.7824,3.04
4.199,9.0,5.18,4.35
4.685,9.0,5.18,4.4
3.69,6.9,4.745,8.5
8.9,5.1,5.5602,8.9515
8.9,5.18,6.2,9.0
9.0,4.7824,5.88,9.0
9.0,5.18,6.8731,9.0
9.0,5.18,4.3,9.0
6.9,4.745,2.4,6.9
5.1,5.5602,2.4,5.5826
5.18,6.2,2.35,5.5773
4.7824,5.88,3.04,5.18
5.18,6.8731,4.35,5.28
5.18,4.3,4.4,4.797
4.745,2.4,8.5,4.7824
5.5602,2.4,8.9515,3.04
6.2,2.35,9.0,4.0
5.88,3.04,9.0,5.2
6.8731,4.35,9.0,6.861
4.3,4.4,9.0,6.8774
2.4,8.5,6.9,5.2
2.4,8.9515,5.5826,5.115
2.35,9.0,5.5773,5.2
3.04,9.0,5.18,5.5338
4.35,9.0,5.28,5.115
4.4,9.0,4.797,5.5663
8.5,6.9,4.7824,6.8
8.9515,5.5826,3.04,8.9543
9.0,5.5773,4.0,8.8
9.0,5.18,5.2,8.8
9.0,5.28,6.861,8.9
9.0,4.797,6.8774,8.8
6.9,4.7824,5.2,5.87
5.5826,3.04,5.115,4.745
5.5773,4.0,5.2,4.8278
5.18,5.2,5.5338,4.34
5.28,6.861,5.115,4.745
4.797,6.8774,5.5663,4.745
4.7824,5.2,6.8,4.797
3.04,5.115,8.9543,5.235
4.0,5.2,8.8,5.38
5.2,5.5338,8.8,6.9
6.861,5.115,8.9,6.9
6.8774,5.5663,8.8,6.8744
5.2,6.8,5.87,5.4692
5.115,8.9543,4.745,5.115
5.2,8.8,4.8278,5.05
5.5338,8.8,4.34,5.05
5.115,8.9,4.745,5.115
5.5663,8.8,4.745,5.5
6.8,5.87,4.797,6.8
8.9543,4.745,5.235,8.9
8.8,4.8278,5.38,8.8
8.8,4.34,6.9,8.8
8.9,4.745,6.9,8.9
8.8,4.745,6.8744,8.9
5.87,4.797,5.4692,6.8
4.745,5.235,5.115,5.5612
4.8278,5.38,5.05,4.137
4.34,6.9,5.05,0.498
4.745,6.9,5.115,0.952
4.745,6.8744,5.5,0.96
4.797,5.4692,6.8,1.45
5.235,5.115,8.9,2.5
5.38,5.05,8.8,3.2
6.9,5.05,8.8,3.04
6.9,5.115,8.9,3.87
6.8744,5.5,8.9,2.45
5.4692,6.8,6.8,0.577
5.115,8.9,5.5612,0.3854
5.05,8.8,4.137,1.997
5.05,8.8,0.498,1.997
5.115,8.9,0.952,3.02
5.5,8.9,0.96,4.65
6.8,6.8,1.45,6.8
8.9,5.5612,2.5,8.9498
8.8,4.137,3.2,9.0
8.8,0.498,3.04,9.0
8.9,0.952,3.87,9.0
8.9,0.96,2.45,9.0
6.8,1.45,0.577,6.8792
5.5612,2.5,0.3854,5.5821
4.137,3.2,1.997,5.5
0.498,3.04,1.997,4.797
0.952,3.87,3.02,5.18
0.96,2.45,4.65,5.18
1.45,0.577,6.8,5.561
2.5,0.3854,8.9498,5.6
3.2,1.997,9.0,6.9
3.04,1.997,9.0,6.9
3.87,3.02,9.0,6.8763
2.45,4.65,9.0,5.115
0.577,6.8,6.8792,5.2
0.3854,8.9498,5.5821,5.115
1.997,9.0,5.5,5.115
1.997,9.0,4.797,5.115
3.02,9.0,5.18,5.115
4.65,9.0,5.18,5.5631
6.8,6.8792,5.561,8.9519
8.9498,5.5821,5.6,9.0
9.0,5.5,6.9,9.0
9.0,4.797,6.9,9.0
9.0,5.18,6.8763,9.0
9.0,5.18,5.115,9.0
6.8792,5.561,5.2,6.9
5.5821,5.6,5.115,5.581
5.5,6.9,5.115,5.5
4.797,6.9,5.115,1.75
5.18,6.8763,5.115,4.701
5.18,5.115,5.5631,4.745
5.561,5.2,8.9519,4.992
5.6,5.115,9.0,5.5829
6.9,5.115,9.0,6.879
6.9,5.115,9.0,6.8745
6.8763,5.115,9.0,5.299
5.115,5.5631,9.0,2.45
5.2,8.9519,6.9,0.405
5.115,9.0,5.581,0.2541
5.115,9.0,5.5,0.405
5.115,9.0,1.75,1.349
5.115,9.0,4.701,2.998
5.5631,9.0,4.745,3.15
8.9519,6.9,4.992,6.701
9.0,5.581,5.5829,9.0
9.0,5.5,6.879,9.0
9.0,1.75,6.8745,9.0
9.0,4.701,5.299,9.0
9.0,4.745,2.45,9.0
6.9,4.992,0.405,6.9
5.581,5.5829,0.2541,5.5924
5.5,6.879,0.405,5.5857
1.75,6.8745,1.349,5.5582
4.701,5.299,2.998,5.371
4.745,2.45,3.15,5.23
4.992,0.405,6.701,5.1
5.5829,0.2541,9.0,5.5906
6.879,0.405,9.0,6.9
6.8745,1.349,9.0,6.9
5.299,2.998,9.0,4.68
2.45,3.15,9.0,4.0
0.405,6.701,6.9,1.442
0.2541,9.0,5.5924,1.12
0.405,9.0,5.5857,1.442
1.349,9.0,5.5582,2.789
2.998,9.0,5.371,3.85
3.15,9.0,5.23,5.5653
6.701,6.9,5.1,8.9171
9.0,5.5924,5.5906,9.0
9.0,5.5857,6.9,9.0
9.0,5.5582,6.9,9.0
9.0,5.371,4.68,9.0
9.0,5.23,4.0,9.0
6.9,5.1,1.442,6.9
5.5924,5.5906,1.12,5.6
5.5857,6.9,1.442,5.6
5.5582,6.9,2.789,5.5772
5.371,4.68,3.85,5.5853
5.23,4.0,5.5653,5.5826
5.1,1.442,8.9171,5.5857
5.5906,1.12,9.0,5.6
6.9,1.442,9.0,6.9
6.9,2.789,9.0,6.9
4.68,3.85,9.0,6.8728
4.0,5.5653,9.0,6.8756
1.442,8.9171,6.9,2.35
1.12,9.0,5.6,2.047
1.442,9.0,5.6,2.3
2.789,9.0,5.5772,5.1
3.85,9.0,5.5853,4.98
5.5653,9.0,5.5826,5.5652
8.9171,6.9,5.5857,9.0
9.0,5.6,5.6,9.0
9.0,5.6,6.9,9.0
9.0,5.5772,6.9,9.0
9.0,5.5853,6.8728,9.0
9.0,5.5826,6.8756,9.0
6.9,5.5857,2.35,6.9
5.6,5.6,2.047,5.6
5.6,6.9,2.3,5.587
5.5772,6.9,5.1,5.5869
5.5853,6.8728,4.98,5.5856
5.5826,6.8756,5.5652,5.5864
5.5857,2.35,9.0,5.5861
5.6,2.047,9.0,5.1
6.9,2.3,9.0,5.415
6.9,5.1,9.0,4.95
6.8728,4.98,9.0,4.5
6.8756,5.5652,9.0,3.799
2.35,9.0,6.9,1.497
2.047,9.0,5.6,1.346
2.3,9.0,5.587,1.7
5.1,9.0,5.5869,1.45
4.98,9.0,5.5856,2.45
5.5652,9.0,5.5864,3.956
9.0,6.9,5.5861,8.9
9.0,5.6,5.1,9.0
9.0,5.587,5.415,9.0
9.0,5.5869,4.95,9.0
9.0,5.5856,4.5,9.0
9.0,5.5864,3.799,9.0
6.9,5.5861,1.497,6.9
5.6,5.1,1.346,5.6
5.587,5.415,1.7,5.5838
5.5869,4.95,1.45,5.5801
5.5856,4.5,2.45,5.5589
5.5864,3.799,3.956,5.5615
5.5861,1.497,8.9,5.5571
5.1,1.346,9.0,5.5867
5.415,1.7,9.0,6.8464
4.95,1.45,9.0,4.0
4.5,2.45,9.0,3.0
3.799,3.956,9.0,2.0
1.497,8.9,6.9,0.79
1.346,9.0,5.6,0.79
1.7,9.0,5.5838,0.992
1.45,9.0,5.5801,0.25
2.45,9.0,5.5589,1.21
3.956,9.0,5.5615,3.02
8.9,6.9,5.5571,9.0
9.0,5.6,5.5867,9.0
9.0,5.5838,6.8464,9.0
9.0,5.5801,4.0,9.0
9.0,5.5589,3.0,9.0
9.0,5.5615,2.0,9.0
6.9,5.5571,0.79,6.9
5.6,5.5867,0.79,5.6
5.5838,6.8464,0.992,5.5835
5.5801,4.0,0.25,5.5803
5.5589,3.0,1.21,5.5843
5.5615,2.0,3.02,5.397
5.5571,0.79,9.0,5.407
5.5867,0.79,9.0,5.6
6.8464,0.992,9.0,6.9
4.0,0.25,9.0,6.9
3.0,1.21,9.0,4.55
2.0,3.02,9.0,1.477
0.79,9.0,6.9,0.1
0.79,9.0,5.6,0.1
0.992,9.0,5.5835,0.2
0.25,9.0,5.5803,0.8
1.21,9.0,5.5843,3.02
3.02,9.0,5.397,5.56
9.0,6.9,5.407,8.9
9.0,5.6,5.6,9.0
9.0,5.5835,6.9,9.0
9.0,5.5803,6.9,9.0
9.0,5.5843,4.55,9.0
9.0,5.397,1.477,9.0
6.9,5.407,0.1,6.9
5.6,5.6,0.1,5.6
5.5835,6.9,0.2,5.584
5.5803,6.9,0.8,5.25
5.5843,4.55,3.02,5.227
5.397,1.477,5.56,4.81
5.407,0.1,8.9,5.5575
5.6,0.1,9.0,5.6
6.9,0.2,9.0,6.9
6.9,0.8,9.0,6.9
4.55,3.02,9.0,6.8746
1.477,5.56,9.0,1.998
0.1,8.9,6.9,1.439
0.1,9.0,5.6,0.855
0.2,9.0,5.584,1.439
0.8,9.0,5.25,1.898
3.02,9.0,5.227,2.898
5.56,9.0,4.81,4.349
8.9,6.9,5.5575,8.7
9.0,5.6,5.6,9.0
9.0,5.584,6.9,9.0
9.0,5.25,6.9,9.0
9.0,5.227,6.8746,9.0
9.0,4.81,1.998,9.0
6.9,5.5575,1.439,6.9
5.6,5.6,0.855,5.6
5.584,6.9,1.439,5.5611
5.25,6.9,1.898,5.2
5.227,6.8746,2.898,4.34
4.81,1.998,4.349,4.399
5.5575,1.439,8.7,5.1
5.6,0.855,9.0,5.6
6.9,1.439,9.0,6.9
6.9,1.898,9.0,6.8574
6.8746,2.898,9.0,4.5
1.998,4.349,9.0,3.999
1.439,8.7,6.9,2.135
0.855,9.0,5.6,1.8
1.439,9.0,5.5611,1.895
1.898,9.0,5.2,2.945
2.898,9.0,4.34,4.35
4.349,9.0,4.399,4.65
8.7,6.9,5.1,8.9223
9.0,5.6,5.6,9.0
9.0,5.5611,6.9,9.0
9.0,5.2,6.8574,9.0
9.0,4.34,4.5,9.0
9.0,4.399,3.999,9.0
6.9,5.1,2.135,6.9
5.6,5.6,1.8,5.6
5.5611,6.9,1.895,5.5829
5.2,6.8574,2.945,5.585
4.34,4.5,4.35,5.5862
4.399,3.999,4.65,5.5875
5.1,2.135,8.9223,5.563
5.6,1.8,9.0,5.6
6.9,1.895,9.0,6.9
6.8574,2.945,9.0,6.8
4.5,4.35,9.0,5.88
3.999,4.65,9.0,2.495
2.135,8.9223,6.9,2.535
1.8,9.0,5.6,2.3
1.895,9.0,5.5829,2.535
2.945,9.0,5.585,3.297
4.35,9.0,5.5862,3.04
4.65,9.0,5.5875,4.35
8.9223,6.9,5.563,8.6
9.0,5.6,5.6,9.0
9.0,5.5829,6.9,9.0
9.0,5.585,6.8,9.0
9.0,5.5862,5.88,9.0
9.0,5.5875,2.495,9.0
6.9,5.563,2.535,6.9
5.6,5.6,2.3,5.6
5.5829,6.9,2.535,5.584
5.585,6.8,3.297,5.5895
5.5862,5.88,3.04,5.5868
5.5875,2.495,4.35,5.5772
5.563,2.535,8.6,5.5821
5.6,2.3,9.0,5.5851
6.9,2.535,9.0,6.8737
6.8,3.297,9.0,6.8
5.88,3.04,9.0,5.722
2.495,4.35,9.0,2.494
2.535,8.6,6.9,0.87
2.3,9.0,5.6,0.35
2.535,9.0,5.584,0.87
3.297,9.0,5.5895,1.45
3.04,9.0,5.5868,2.844
4.35,9.0,5.5772,4.238
8.6,6.9,5.5821,8.9
9.0,5.6,5.5851,9.0
9.0,5.584,6.8737,9.0
9.0,5.5895,6.8,9.0
9.0,5.5868,5.722,9.0
9.0,5.5772,2.494,9.0
6.9,5.5821,0.87,6.9
5.6,5.5851,0.35,5.6
5.584,6.8737,0.87,5.5904
5.5895,6.8,1.45,5.5881
5.5868,5.722,2.844,5.5822
5.5772,2.494,4.238,5.5806
5.5821,0.87,8.9,5.578
5.5851,0.35,9.0,5.5896
6.8737,0.87,9.0,6.8763
6.8,1.45,9.0,5.88
5.722,2.844,9.0,4.499
2.494,4.238,9.0,1.878
0.87,8.9,6.9,0.687
0.35,9.0,5.6,0.85
0.87,9.0,5.5904,0.687
1.45,9.0,5.5881,0.687
2.844,9.0,5.5822,2.95
4.238,9.0,5.5806,3.039
8.9,6.9,5.578,6.15
9.0,5.6,5.5896,9.0
9.0,5.5904,6.8763,9.0
9.0,5.5881,5.88,9.0
9.0,5.5822,4.499,9.0
9.0,5.5806,1.878,9.0
6.9,5.578,0.687,6.9
5.6,5.5896,0.85,5.6
5.5904,6.8763,0.687,5.5874
5.5881,5.88,0.687,5.5837
5.5822,4.499,2.95,5.5785
5.5806,1.878,3.039,5.5876
5.578,0.687,6.15,5.5822
5.5896,0.85,9.0,5.385
6.8763,0.687,9.0,4.3
5.88,0.687,9.0,4.45
4.499,2.95,9.0,3.039
1.878,3.039,9.0,3.04
0.687,6.15,6.9,0.1
0.85,9.0,5.6,0.1
0.687,9.0,5.5874,0.1
0.687,9.0,5.5837,0.1
2.95,9.0,5.5785,1.3
3.039,9.0,5.5876,3.039
6.15,6.9,5.5822,5.97
9.0,5.6,5.385,9.0
9.0,5.5874,4.3,9.0
9.0,5.5837,4.45,9.0
9.0,5.5785,3.039,9.0
9.0,5.5876,3.04,9.0
6.9,5.5822,0.1,6.9
5.6,5.385,0.1,5.6
5.5874,4.3,0.1,5.5
5.5837,4.45,0.1,1.75
5.5785,3.039,1.3,1.111
5.5876,3.04,3.039,1.31
5.5822,0.1,5.97,4.34
5.385,0.1,9.0,5.0279
4.3,0.1,9.0,6.6647
4.45,0.1,9.0,4.68
3.039,1.3,9.0,3.039
3.04,3.039,9.0,1.3
0.1,5.97,6.9,0.09
0.1,9.0,5.6,0.09
0.1,9.0,5.5,0.09
0.1,9.0,1.75,0.405
1.3,9.0,1.111,3.02
3.039,9.0,1.31,4.35
5.97,6.9,4.34,8.9533
9.0,5.6,5.0279,9.0
9.0,5.5,6.6647,9.0
9.0,1.75,4.68,9.0
9.0,1.111,3.039,9.0
9.0,1.31,1.3,9.0
6.9,4.34,0.09,6.9
5.6,5.0279,0.09,5.6
5.5,6.6647,0.09,5.555
1.75,4.68,0.405,5.583
1.111,3.039,3.02,5.5619
1.31,1.3,4.35,5.481
4.34,0.09,8.9533,5.481
5.0279,0.09,9.0,5.6
6.6647,0.09,9.0,6.9
4.68,0.405,9.0,6.9
3.039,3.02,9.0,4.5
1.3,4.35,9.0,4.5
0.09,8.9533,6.9,0.1
0.09,9.0,5.6,0.07
0.09,9.0,5.555,0.1
0.405,9.0,5.583,2.984
3.02,9.0,5.5619,4.349
4.35,9.0,5.481,5.55
8.9533,6.9,5.481,9.0
9.0,5.6,5.6,9.0
9.0,5.555,6.9,9.0
9.0,5.583,6.9,9.0
9.0,5.5619,4.5,9.0
9.0,5.481,4.5,9.0
6.9,5.481,0.1,6.9
5.6,5.6,0.07,5.6
5.555,6.9,0.1,5.5922
5.583,6.9,2.984,5.5858
5.5619,4.5,4.349,5.373
5.481,4.5,5.55,5.1253
5.481,0.1,9.0,5.45
5.6,0.07,9.0,5.6
6.9,0.1,9.0,6.9
6.9,2.984,9.0,6.9
4.5,4.349,9.0,6.9
4.5,5.55,9.0,6.621
0.1,9.0,6.9,0.955
0.07,9.0,5.6,0.68
0.1,9.0,5.5922,1.878
2.984,9.0,5.5858,4.98
4.349,9.0,5.373,5.421
5.55,9.0,5.1253,5.5646
9.0,6.9,5.45,9.0
9.0,5.6,5.6,9.0
9.0,5.5922,6.9,9.0
9.0,5.5858,6.9,9.0
9.0,5.373,6.9,9.0
9.0,5.1253,6.621,9.0
6.9,5.45,0.955,6.9
5.6,5.6,0.68,5.6
5.5922,6.9,1.878,5.555
5.5858,6.9,4.98,5.508
5.373,6.9,5.421,5.5623
5.1253,6.621,5.5646,5.563
5.45,0.955,9.0,5.515
5.6,0.68,9.0,5.6
6.9,1.878,9.0,6.9
6.9,4.98,9.0,6.9
6.9,5.421,9.0,6.9
6.621,5.5646,9.0,6.8803
0.955,9.0,6.9,2.5007
0.68,9.0,5.6,1.498
1.878,9.0,5.555,3.0
4.98,9.0,5.508,5.4675
5.421,9.0,5.5623,5.4
5.5646,9.0,5.563,5.5237
9.0,6.9,5.515,9.0
9.0,5.6,5.6,9.0
9.0,5.555,6.9,9.0
9.0,5.508,6.9,9.0
9.0,5.5623,6.9,9.0
9.0,5.563,6.8803,9.0
6.9,5.515,2.5007,6.9
5.6,5.6,1.498,5.5879
5.555,6.9,3.0,4.34
5.508,6.9,5.4675,4.83
5.5623,6.9,5.4,1.75
5.563,6.8803,5.5237,3.14
5.515,2.5007,9.0,4.745
5.6,1.498,9.0,5.5838
6.9,3.0,9.0,3.033
6.9,5.4675,9.0,4.68
6.9,5.4,9.0,4.7
6.8803,5.5237,9.0,4.7
2.5007,9.0,6.9,1.12
1.498,9.0,5.5879,0.95
3.0,9.0,4.34,1.8
5.4675,9.0,4.83,4.15
5.4,9.0,1.75,5.0
5.5237,9.0,3.14,5.1
9.0,6.9,4.745,8.0
9.0,5.5879,5.5838,8.45
9.0,4.34,3.033,8.9
9.0,4.83,4.68,8.9487
9.0,1.75,4.7,8.952
9.0,3.14,4.7,8.6
6.9,4.745,1.12,6.7
5.5879,5.5838,0.95,3.0
4.34,3.033,1.8,4.709
4.83,4.68,4.15,5.5
1.75,4.7,5.0,5.5
3.14,4.7,5.1,5.5
4.745,1.12,8.0,5.5
5.5838,0.95,8.45,3.08
3.033,1.8,8.9,3.04
4.68,4.15,8.9487,4.679
4.7,5.0,8.952,4.679
4.7,5.1,8.6,4.3
1.12,8.0,6.7,2.45
0.95,8.45,3.0,2.1
1.8,8.9,4.709,2.45
4.15,8.9487,5.5,2.0
5.0,8.952,5.5,4.35
5.1,8.6,5.5,4.6
8.0,6.7,5.5,6.5
8.45,3.0,3.08,8.5
8.9,4.709,3.04,8.9459
8.9487,5.5,4.679,9.0
8.952,5.5,4.679,9.0
8.6,5.5,4.3,8.9
6.7,5.5,2.45,6.78
3.0,3.08,2.1,2.93
4.709,3.04,2.45,5.0
5.5,4.679,2.0,4.745
5.5,4.679,4.35,4.745
5.5,4.3,4.6,4.745
5.5,2.45,6.5,5.5
3.08,2.1,8.5,3.98
3.04,2.45,8.9459,1.3
4.679,2.0,9.0,4.0
4.679,4.35,9.0,4.25
4.3,4.6,8.9,4.0
2.45,6.5,6.78,0.399
2.1,8.5,2.93,0.399
2.45,8.9459,5.0,0.399
2.0,9.0,4.745,0.298
4.35,9.0,4.745,3.1
4.6,8.9,4.745,4.55
6.5,6.78,5.5,5.9
8.5,2.93,3.98,8.9
8.9459,5.0,1.3,9.0
9.0,4.745,4.0,9.0
9.0,4.745,4.25,9.0
8.9,4.745,4.0,9.0
6.78,5.5,0.399,6.9
2.93,3.98,0.399,4.98
5.0,1.3,0.399,4.34
4.745,4.0,0.298,5.0
4.745,4.25,3.1,5.0
4.745,4.0,4.55,4.34
5.5,0.399,5.9,3.98
3.98,0.399,8.9,3.02
1.3,0.399,9.0,5.88
4.0,0.298,9.0,5.38
4.25,3.1,9.0,3.85
4.0,4.55,9.0,1.113
0.399,5.9,6.9,0.09
0.399,8.9,4.98,0.089
0.399,9.0,4.34,0.1
0.298,9.0,5.0,0.399
3.1,9.0,5.0,3.85
4.55,9.0,4.34,5.522
5.9,6.9,3.98,8.9518
8.9,4.98,3.02,9.0
9.0,4.34,5.88,9.0
9.0,5.0,5.38,9.0
9.0,5.0,3.85,9.0
9.0,4.34,1.113,9.0
6.9,3.98,0.09,6.9
4.98,3.02,0.089,5.6
4.34,5.88,0.1,5.6
5.0,5.38,0.399,5.5872
5.0,3.85,3.85,5.5838
4.34,1.113,5.522,5.582
3.98,0.09,8.9518,5.5867
3.02,0.089,9.0,5.6
5.88,0.1,9.0,6.9
5.38,0.399,9.0,6.9
3.85,3.85,9.0,6.9
1.113,5.522,9.0,6.9
0.09,8.9518,6.9,0.1
0.089,9.0,5.6,0.1
0.1,9.0,5.6,0.1
0.399,9.0,5.5872,3.0007
3.85,9.0,5.5838,5.5375
5.522,9.0,5.582,5.6
8.9518,6.9,5.5867,5.48
9.0,5.6,5.6,9.0
9.0,5.6,6.9,9.0
9.0,5.5872,6.9,9.0
9.0,5.5838,6.9,9.0
9.0,5.582,6.9,9.0
6.9,5.5867,0.1,6.9
5.6,5.6,0.1,5.6
5.6,6.9,0.1,5.593
5.5872,6.9,3.0007,5.538
5.5838,6.9,5.5375,4.745
5.582,6.9,5.6,4.34
5.5867,0.1,5.48,5.538
5.6,0.1,9.0,5.6
6.9,0.1,9.0,6.9
6.9,3.0007,9.0,6.9
6.9,5.5375,9.0,6.9
6.9,5.6,9.0,5.38
0.1,5.48,6.9,4.35
0.1,9.0,5.6,3.98
0.1,9.0,5.593,4.65
3.0007,9.0,5.538,5.4687
5.5375,9.0,4.745,5.5
5.6,9.0,4.34,5.6
5.48,6.9,5.538,9.0
9.0,5.6,5.6,9.0
9.0,5.593,6.9,9.0
9.0,5.538,6.9,9.0
9.0,4.745,6.9,9.0
9.0,4.34,5.38,9.0
6.9,5.538,4.35,6.9
5.6,5.6,3.98,5.6
5.593,6.9,4.65,5.5877
5.538,6.9,5.4687,4.745
4.745,6.9,5.5,4.7
4.34,5.38,5.6,4.745
5.538,4.35,9.0,5.0
5.6,3.98,9.0,5.6
6.9,4.65,9.0,6.9
6.9,5.4687,9.0,6.9
6.9,5.5,9.0,4.18
5.38,5.6,9.0,3.98
4.35,9.0,6.9,1.4
3.98,9.0,5.6,0.405
4.65,9.0,5.5877,1.105
5.4687,9.0,4.745,1.105
5.5,9.0,4.7,1.96
5.6,9.0,4.745,3.04
9.0,6.9,5.0,5.48
9.0,5.6,5.6,9.0
9.0,5.5877,6.9,9.0
9.0,4.745,6.9,9.0
9.0,4.7,4.18,9.0
9.0,4.745,3.98,9.0
6.9,5.0,1.4,6.51
5.6,5.6,0.405,5.6
5.5877,6.9,1.105,5.18
4.745,6.9,1.105,4.745
4.7,4.18,1.96,4.5
4.745,3.98,3.04,4.34
5.0,1.4,5.48,5.5629
5.6,0.405,9.0,5.6
6.9,1.105,9.0,6.8735
6.9,1.105,9.0,6.9
4.18,1.96,9.0,6.8751
3.98,3.04,9.0,3.8
1.4,5.48,6.51,0.1
0.405,9.0,5.6,0.1
1.105,9.0,5.18,0.1
1.105,9.0,4.745,1.875
1.96,9.0,4.5,1.399
3.04,9.0,4.34,5.5673
5.48,6.51,5.5629,9.0
9.0,5.6,5.6,9.0
9.0,5.18,6.8735,9.0
9.0,4.745,6.9,9.0
9.0,4.5,6.8751,9.0
9.0,4.34,3.8,9.0
6.51,5.5629,0.1,6.9
5.6,5.6,0.1,5.6
5.18,6.8735,0.1,5.6
4.745,6.9,1.875,5.5868
4.5,6.8751,1.399,5.5603
4.34,3.8,5.5673,5.288
5.5629,0.1,9.0,5.5874
5.6,0.1,9.0,5.6
6.8735,0.1,9.0,6.9
6.9,1.875,9.0,6.9
6.8751,1.399,9.0,5.88
3.8,5.5673,9.0,4.6
0.1,9.0,6.9,0.405
0.1,9.0,5.6,0.1
0.1,9.0,5.6,0.389
1.875,9.0,5.5868,3.5
1.399,9.0,5.5603,4.65
5.5673,9.0,5.288,5.6
9.0,6.9,5.5874,9.0
9.0,5.6,5.6,9.0
9.0,5.6,6.9,9.0
9.0,5.5868,6.9,9.0
9.0,5.5603,5.88,9.0
9.0,5.288,4.6,9.0
6.9,5.5874,0.405,6.9
5.6,5.6,0.1,5.6
5.6,6.9,0.389,3.98
5.5868,6.9,3.5,3.0
5.5603,5.88,4.65,1.45
5.288,4.6,5.6,1.0
5.5874,0.405,9.0,2.872
5.6,0.1,9.0,1.45
6.9,0.389,9.0,1.35
6.9,3.5,9.0,1.35
5.88,4.65,9.0,2.9
4.6,5.6,9.0,1.25
0.405,9.0,6.9,0.388
0.1,9.0,5.6,0.405
0.389,9.0,3.98,0.388
3.5,9.0,3.0,1.5
4.65,9.0,1.45,1.45
5.6,9.0,1.0,4.18
9.0,6.9,2.872,9.0
9.0,5.6,1.45,9.0
9.0,3.98,1.35,9.0
9.0,3.0,1.35,9.0
9.0,1.45,2.9,9.0
9.0,1.0,1.25,9.0
6.9,2.872,0.388,6.9
5.6,1.45,0.405,5.6
3.98,1.35,0.388,4.3
3.0,1.35,1.5,3.5
1.45,2.9,1.45,3.04
1.0,1.25,4.18,3.04
2.872,0.388,9.0,3.98
1.45,0.405,9.0,5.5829
1.35,0.388,9.0,6.9
1.35,1.5,9.0,6.9
2.9,1.45,9.0,6.8738
1.25,4.18,9.0,3.98
0.388,9.0,6.9,2.995
0.405,9.0,5.6,2.995
0.388,9.0,4.3,2.995
1.5,9.0,3.5,2.995
1.45,9.0,3.04,3.04
4.18,9.0,3.04,4.35
9.0,6.9,3.98,9.0
9.0,5.6,5.5829,9.0
9.0,4.3,6.9,9.0
9.0,3.5,6.9,9.0
9.0,3.04,6.8738,9.0
9.0,3.04,3.98,9.0
6.9,3.98,2.995,6.9
5.6,5.5829,2.995,5.6
4.3,6.9,2.995,5.5833
3.5,6.9,2.995,4.745
3.04,6.8738,3.04,4.34
3.04,3.98,4.35,4.5
3.98,2.995,9.0,4.745
5.5829,2.995,9.0,5.6
6.9,2.995,9.0,6.9
6.9,2.995,9.0,6.9
6.8738,3.04,9.0,6.9
3.98,4.35,9.0,5.8
2.995,9.0,6.9,2.995
2.995,9.0,5.6,2.9875
2.995,9.0,5.5833,2.99
2.995,9.0,4.745,3.89
3.04,9.0,4.34,4.35
4.35,9.0,4.5,5.6
9.0,6.9,4.745,9.0
9.0,5.6,5.6,9.0
9.0,5.5833,6.9,9.0
9.0,4.745,6.9,9.0
9.0,4.34,6.9,9.0
9.0,4.5,5.8,9.0
6.9,4.745,2.995,6.9
5.6,5.6,2.9875,5.59
5.5833,6.9,2.99,5.5576
4.745,6.9,3.89,4.0
4.34,6.9,4.35,3.98
4.5,5.8,5.6,3.98
4.745,2.995,9.0,4.745
5.6,2.9875,9.0,5.18
6.9,2.99,9.0,6.9
6.9,3.89,9.0,6.9
6.9,4.35,9.0,6.9
5.8,5.6,9.0,6.9
2.995,9.0,6.9,5.395
2.9875,9.0,5.59,5.371
2.99,9.0,5.5576,5.349
3.89,9.0,4.0,5.5359
4.35,9.0,3.98,5.6
5.6,9.0,3.98,5.6
9.0,6.9,4.745,9.0
9.0,5.59,5.18,9.0
9.0,5.5576,6.9,9.0
9.0,4.0,6.9,9.0
9.0,3.98,6.9,9.0
9.0,3.98,6.9,9.0
6.9,4.745,5.395,6.9
5.59,5.18,5.371,5.5859
5.5576,6.9,5.349,5.5829
4.0,6.9,5.5359,5.18
3.98,6.9,5.6,4.745
3.98,6.9,5.6,5.174
4.745,5.395,9.0,5.5614
5.18,5.371,9.0,4.6707
6.9,5.349,9.0,6.9
6.9,5.5359,9.0,6.9
6.9,5.6,9.0,6.9
6.9,5.6,9.0,6.8763
5.395,9.0,6.9,5.295
5.371,9.0,5.5859,4.65
5.349,9.0,5.5829,4.98
5.5359,9.0,5.18,5.489
5.6,9.0,4.745,5.5346
5.6,9.0,5.174,5.6
9.0,6.9,5.5614,9.0
9.0,5.5859,4.6707,9.0
9.0,5.5829,6.9,9.0
9.0,5.18,6.9,9.0
9.0,4.745,6.9,9.0
9.0,5.174,6.8763,9.0
6.9,5.5614,5.295,6.9
5.5859,4.6707,4.65,5.5811
5.5829,6.9,4.98,4.34
5.18,6.9,5.489,3.0
4.745,6.9,5.5346,2.666
5.174,6.8763,5.6,3.0
5.5614,5.295,9.0,3.601
4.6707,4.65,9.0,4.5
6.9,4.98,9.0,6.8757
6.9,5.489,9.0,6.8758
6.9,5.5346,9.0,5.901
6.8763,5.6,9.0,2.89
5.295,9.0,6.9,0.7506
4.65,9.0,5.5811,0.6506
4.98,9.0,4.34,0.62
5.489,9.0,3.0,2.999
5.5346,9.0,2.666,2.89
5.6,9.0,3.0,3.02
9.0,6.9,3.601,8.9459
9.0,5.5811,4.5,9.0
9.0,4.34,6.8757,9.0
9.0,3.0,6.8758,9.0
9.0,2.666,5.901,9.0
9.0,3.0,2.89,9.0
6.9,3.601,0.7506,6.9
5.5811,4.5,0.6506,5.6
4.34,6.8757,0.62,4.616
3.0,6.8758,2.999,4.34
2.666,5.901,2.89,1.75
3.0,2.89,3.02,2.0
3.601,0.7506,8.9459,3.04
4.5,0.6506,9.0,5.179
6.8757,0.62,9.0,4.68
6.8758,2.999,9.0,3.15
5.901,2.89,9.0,4.364
2.89,3.02,9.0,0.999
0.7506,8.9459,6.9,1.49
0.6506,9.0,5.6,1.12
0.62,9.0,4.616,1.49
2.999,9.0,4.34,1.12
2.89,9.0,1.75,1.22
3.02,9.0,2.0,3.04
8.9459,6.9,3.04,9.0
9.0,5.6,5.179,9.0
9.0,4.616,4.68,9.0
9.0,4.34,3.15,9.0
9.0,1.75,4.364,9.0
9.0,2.0,0.999,9.0
6.9,3.04,1.49,6.9
5.6,5.179,1.12,2.9
4.616,4.68,1.49,1.0
4.34,3.15,1.12,0.65
1.75,4.364,1.22,1.0
2.0,0.999,3.04,1.0
3.04,1.49,9.0,3.04
5.179,1.12,9.0,1.3
4.68,1.49,9.0,1.35
3.15,1.12,9.0,0.87
4.364,1.22,9.0,2.51
0.999,3.04,9.0,0.999
1.49,9.0,6.9,2.885
1.12,9.0,2.9,2.872
1.49,9.0,1.0,2.749
1.12,9.0,0.65,2.9
1.22,9.0,1.0,1.199
3.04,9.0,1.0,2.75
9.0,6.9,3.04,4.244
9.0,2.9,1.3,8.9
9.0,1.0,1.35,8.9
9.0,0.65,0.87,9.0
9.0,1.0,2.51,9.0
9.0,1.0,0.999,8.9
6.9,3.04,2.885,6.8
2.9,1.3,2.872,5.5861
1.0,1.35,2.749,3.04
0.65,0.87,2.9,1.75
1.0,2.51,1.199,3.04
1.0,0.999,2.75,1.75
3.04,2.885,4.244,3.04
1.3,2.872,8.9,5.5844
1.35,2.749,8.9,6.9
0.87,2.9,9.0,6.9
2.51,1.199,9.0,6.9
0.999,2.75,8.9,3.9
2.885,4.244,6.8,2.885
2.872,8.9,5.5861,2.872
2.749,8.9,3.04,2.749
2.9,9.0,1.75,2.8
1.199,9.0,3.04,4.98
2.75,8.9,1.75,5.5688
4.244,6.8,3.04,8.9508
8.9,5.5861,5.5844,9.0
8.9,3.04,6.9,9.0
9.0,1.75,6.9,9.0
9.0,3.04,6.9,9.0
8.9,1.75,3.9,8.9
6.8,3.04,2.885,6.762
5.5861,5.5844,2.872,5.5866
3.04,6.9,2.749,3.04
1.75,6.9,2.8,2.5
3.04,6.9,4.98,3.98
1.75,3.9,5.5688,3.98
3.04,2.885,8.9508,4.586
5.5844,2.872,9.0,4.988
6.9,2.749,9.0,6.874
6.9,2.8,9.0,6.9
6.9,4.98,9.0,6.9
3.9,5.5688,8.9,6.9
2.885,8.9508,6.762,5.4712
2.872,9.0,5.5866,5.384
2.749,9.0,3.04,5.5353
2.8,9.0,2.5,5.5572
4.98,9.0,3.98,5.5571
5.5688,8.9,3.98,5.6
8.9508,6.762,4.586,9.0
9.0,5.5866,4.988,9.0
9.0,3.04,6.874,9.0
9.0,2.5,6.9,9.0
9.0,3.98,6.9,9.0
8.9,3.98,6.9,8.8
6.762,4.586,5.4712,5.47
5.5866,4.988,5.384,5.55
3.04,6.874,5.5353,4.511
2.5,6.9,5.5572,4.181
3.98,6.9,5.5571,3.98
3.98,6.9,5.6,3.98
4.586,5.4712,9.0,4.225
4.988,5.384,9.0,4.0
6.874,5.5353,9.0,6.81
6.9,5.5572,9.0,6.9
6.9,5.5571,9.0,6.863
6.9,5.6,8.8,6.8
5.4712,9.0,5.47,3.4991
5.384,9.0,5.55,3.17
5.5353,9.0,4.511,3.17
5.5572,9.0,4.181,5.0
5.5571,9.0,3.98,5.48
5.6,8.8,3.98,5.6
9.0,5.47,4.225,8.9
9.0,5.55,4.0,9.0
9.0,4.511,6.81,9.0
9.0,4.181,6.9,9.0
9.0,3.98,6.863,9.0
8.8,3.98,6.8,8.68
5.47,4.225,3.4991,5.301
5.55,4.0,3.17,4.34
4.511,6.81,3.17,3.98
4.181,6.9,5.0,1.75
3.98,6.863,5.48,2.5
3.98,6.8,5.6,3.68
4.225,3.4991,8.9,3.98
4.0,3.17,9.0,5.5866
6.81,3.17,9.0,6.9
6.9,5.0,9.0,6.9
6.863,5.48,9.0,6.9
6.8,5.6,8.68,6.9
3.4991,8.9,5.301,5.5893
3.17,9.0,4.34,5.567
3.17,9.0,3.98,5.564
5.0,9.0,1.75,5.5894
5.48,9.0,2.5,5.5683
5.6,8.68,3.68,5.6
8.9,5.301,3.98,8.9498
9.0,4.34,5.5866,9.0
9.0,3.98,6.9,9.0
9.0,1.75,6.9,9.0
9.0,2.5,6.9,9.0
8.68,3.68,6.9,8.9442
5.301,3.98,5.5893,6.8384
4.34,5.5866,5.567,5.6
3.98,6.9,5.564,5.5869
1.75,6.9,5.5894,5.5815
2.5,6.9,5.5683,5.582
3.68,6.9,5.6,5.5822
3.98,5.5893,8.9498,5.5826
5.5866,5.567,9.0,5.6
6.9,5.564,9.0,6.9
6.9,5.5894,9.0,6.9
6.9,5.5683,9.0,6.9
6.9,5.6,8.9442,6.9
5.5893,8.9498,6.8384,5.5412
5.567,9.0,5.6,4.65
5.564,9.0,5.5869,5.5134
5.5894,9.0,5.5815,5.5157
5.5683,9.0,5.582,5.5421
5.6,8.9442,5.5822,5.6
8.9498,6.8384,5.5826,9.0
9.0,5.6,5.6,9.0
9.0,5.5869,6.9,9.0
9.0,5.5815,6.9,9.0
9.0,5.582,6.9,9.0
8.9442,5.5822,6.9,9.0
6.8384,5.5826,5.5412,5.0
5.6,5.6,4.65,5.5858
5.5869,6.9,5.5134,4.745
5.5815,6.9,5.5157,4.34
5.582,6.9,5.5421,5.578
5.5822,6.9,5.6,5.5798
5.5826,5.5412,9.0,5.5628
5.6,4.65,9.0,4.745
6.9,5.5134,9.0,5.88
6.9,5.5157,9.0,6.8765
6.9,5.5421,9.0,6.9
6.9,5.6,9.0,3.04
5.5412,9.0,5.0,4.65
4.65,9.0,5.5858,4.305
5.5134,9.0,4.745,4.65
5.5157,9.0,4.34,4.615
5.5421,9.0,5.578,5.5886
5.6,9.0,5.5798,5.6
9.0,5.0,5.5628,9.0
9.0,5.5858,4.745,9.0
9.0,4.745,5.88,9.0
9.0,4.34,6.8765,9.0
9.0,5.578,6.9,9.0
9.0,5.5798,3.04,9.0
5.0,5.5628,4.65,5.0
5.5858,4.745,4.305,5.5426
4.745,5.88,4.65,3.04
4.34,6.8765,4.615,2.788
5.578,6.9,5.5886,3.98
5.5798,3.04,5.6,3.98
5.5628,4.65,9.0,3.98
4.745,4.305,9.0,3.729
5.88,4.65,9.0,3.968
6.8765,4.615,9.0,4.07
6.9,5.5886,9.0,3.988
3.04,5.6,9.0,1.22
4.65,9.0,5.0,1.12
4.305,9.0,5.5426,0.755
4.65,9.0,3.04,0.398
4.615,9.0,2.788,0.988
5.5886,9.0,3.98,3.04
5.6,9.0,3.98,3.02
9.0,5.0,3.98,8.9486
9.0,5.5426,3.729,8.9534
9.0,3.04,3.968,8.9516
9.0,2.788,4.07,9.0
9.0,3.98,3.988,9.0
9.0,3.98,1.22,8.7
5.0,3.98,1.12,5.4
5.5426,3.729,0.755,4.0
3.04,3.968,0.398,4.745
2.788,4.07,0.988,4.07
3.98,3.988,3.04,4.2175
3.98,1.22,3.02,4.1709
3.98,1.12,8.9486,3.98
3.729,0.755,8.9534,5.5775
3.968,0.398,8.9516,6.9
4.07,0.988,9.0,6.9
3.988,3.04,9.0,6.9
1.22,3.02,8.7,6.9
1.12,8.9486,5.4,5.5903
0.755,8.9534,4.0,5.5656
0.398,8.9516,4.745,5.5884
0.988,9.0,4.07,5.5908
3.04,9.0,4.2175,5.6
3.02,8.7,4.1709,5.6
8.9486,5.4,3.98,9.0
8.9534,4.0,5.5775,9.0
8.9516,4.745,6.9,9.0
9.0,4.07,6.9,9.0
9.0,4.2175,6.9,9.0
8.7,4.1709,6.9,9.0
5.4,3.98,5.5903,6.9
4.0,5.5775,5.5656,5.5431
4.745,6.9,5.5884,4.745
4.07,6.9,5.5908,4.737
4.2175,6.9,5.6,4.359
4.1709,6.9,5.6,4.6
3.98,5.5903,9.0,4.745
5.5775,5.5656,9.0,5.5787
6.9,5.5884,9.0,6.9
6.9,5.5908,9.0,6.9
6.9,5.6,9.0,6.9
6.9,5.6,9.0,5.88
5.5903,9.0,6.9,3.02
5.5656,9.0,5.5431,1.12
5.5884,9.0,4.745,1.12
5.5908,9.0,4.737,2.95
5.6,9.0,4.359,4.5
5.6,9.0,4.6,5.6
9.0,6.9,4.745,8.9471
9.0,5.5431,5.5787,9.0
9.0,4.745,6.9,9.0
9.0,4.737,6.9,9.0
9.0,4.359,6.9,9.0
9.0,4.6,5.88,8.949
6.9,4.745,3.02,5.925
5.5431,5.5787,1.12,4.0
4.745,6.9,1.12,4.599
4.737,6.9,2.95,4.34
4.359,6.9,4.5,4.401
4.6,5.88,5.6,4.745
4.745,3.02,8.9471,4.745
5.5787,1.12,9.0,4.862
6.9,1.12,9.0,6.9
6.9,2.95,9.0,6.9
6.9,4.5,9.0,6.9
5.88,5.6,8.949,6.8
3.02,8.9471,5.925,5.5144
1.12,9.0,4.0,3.98
1.12,9.0,4.599,3.98
2.95,9.0,4.34,4.97
4.5,9.0,4.401,5.588
5.6,8.949,4.745,5.6
8.9471,5.925,4.745,8.7
9.0,4.0,4.862,9.0
9.0,4.599,6.9,9.0
9.0,4.34,6.9,9.0
9.0,4.401,6.9,9.0
8.949,4.745,6.8,8.5
5.925,4.745,5.5144,5.4
4.0,4.862,3.98,4.0
4.599,6.9,3.98,3.04
4.34,6.9,4.97,3.04
4.401,6.9,5.588,4.011
4.745,6.8,5.6,3.594
4.745,5.5144,8.7,3.04
4.862,3.98,9.0,5.23
6.9,3.98,9.0,5.88
6.9,4.97,9.0,6.8
6.9,5.588,9.0,5.38
6.8,5.6,8.5,2.45
5.5144,8.7,5.4,0.9
3.98,9.0,4.0,0.405
3.98,9.0,3.04,0.405
4.97,9.0,3.04,0.378
5.588,9.0,4.011,1.45
5.6,8.5,3.594,3.15
8.7,5.4,3.04,8.5
9.0,4.0,5.23,9.0
9.0,3.04,5.88,9.0
9.0,3.04,6.8,9.0
9.0,4.011,5.38,9.0
8.5,3.594,2.45,8.4
5.4,3.04,0.9,5.4
4.0,5.23,0.405,3.98
3.04,5.88,0.405,4.34
3.04,6.8,0.378,3.959
4.011,5.38,1.45,3.98
3.594,2.45,3.15,3.5
3.04,0.9,8.5,4.246
5.23,0.405,9.0,4.555
5.88,0.405,9.0,6.8
6.8,0.378,9.0,6.6
5.38,1.45,9.0,1.554
2.45,3.15,8.4,1.3
0.9,8.5,5.4,0.378
0.405,9.0,3.98,0.1
0.405,9.0,4.34,0.1
0.378,9.0,3.959,0.25
1.45,9.0,3.98,1.105
3.15,8.4,3.5,2.7
8.5,5.4,4.246,7.0
9.0,3.98,4.555,8.9466
9.0,4.34,6.8,9.0
9.0,3.959,6.6,9.0
9.0,3.98,1.554,8.9
8.4,3.5,1.3,8.3
5.4,4.246,0.378,6.8514
3.98,4.555,0.1,5.5432
4.34,6.8,0.1,4.34
3.959,6.6,0.25,3.667
3.98,1.554,1.105,3.679
3.5,1.3,2.7,3.73
4.246,0.378,7.0,3.24
4.555,0.1,8.9466,4.3
6.8,0.1,9.0,6.8
6.6,0.25,9.0,6.8
1.554,1.105,8.9,3.95
1.3,2.7,8.3,2.75
0.378,7.0,6.8514,1.373
0.1,8.9466,5.5432,0.405
0.1,9.0,4.34,0.405
0.25,9.0,3.667,0.405
1.105,8.9,3.679,2.989
2.7,8.3,3.73,3.02
7.0,6.8514,3.24,8.9521
8.9466,5.5432,4.3,8.948
9.0,4.34,6.8,8.9
9.0,3.667,6.8,8.9518
8.9,3.679,3.95,8.9
8.3,3.73,2.75,8.9
6.8514,3.24,1.373,6.8743
5.5432,4.3,0.405,5.6
4.34,6.8,0.405,5.5426
3.667,6.8,0.405,5.253
3.679,3.95,2.989,4.33
3.73,2.75,3.02,4.34
3.24,1.373,8.9521,4.745
4.3,0.405,8.948,4.34
6.8,0.405,8.9,6.8
6.8,0.405,8.9518,6.8
3.95,2.989,8.9,3.039
2.75,3.02,8.9,3.0
1.373,8.9521,6.8743,0.1
0.405,8.948,5.6,0.3
0.405,8.9,5.5426,0.554
0.405,8.9518,5.253,1.119
2.989,8.9,4.33,3.7
3.02,8.9,4.34,3.2
8.9521,6.8743,4.745,8.7
8.948,5.6,4.34,8.9
8.9,5.5426,6.8,8.9
8.9518,5.253,6.8,9.0
8.9,4.33,3.039,8.9
8.9,4.34,3.0,8.9
6.8743,4.745,0.1,6.8786
5.6,4.34,0.3,5.557
5.5426,6.8,0.554,4.745
5.253,6.8,1.119,3.98
4.33,3.039,3.7,4.57
4.34,3.0,3.2,4.3484
4.745,0.1,8.7,4.34
4.34,0.3,8.9,5.5819
6.8,0.554,8.9,6.9
6.8,1.119,9.0,6.9
3.039,3.7,8.9,6.8
3.0,3.2,8.9,4.65
0.1,8.7,6.8786,0.99
0.3,8.9,5.557,0.1
0.554,8.9,4.745,0.99
1.119,9.0,3.98,1.05
3.7,8.9,4.57,3.0
3.2,8.9,4.3484,3.15
8.7,6.8786,4.34,8.3
8.9,5.557,5.5819,9.0
8.9,4.745,6.9,9.0
9.0,3.98,6.9,9.0
8.9,4.57,6.8,9.0
8.9,4.3484,4.65,8.9
6.8786,4.34,0.99,6.8776
5.557,5.5819,0.1,5.6
4.745,6.9,0.99,5.291
3.98,6.9,1.05,4.745
4.57,6.8,3.0,4.755
4.3484,4.65,3.15,4.776
4.34,0.99,8.3,4.716
5.5819,0.1,9.0,5.6
6.9,0.99,9.0,6.9
6.9,1.05,9.0,6.9
6.8,3.0,9.0,6.602
4.65,3.15,8.9,2.998
0.99,8.3,6.8776,1.049
0.1,9.0,5.6,1.049
0.99,9.0,5.291,1.049
1.05,9.0,4.745,1.05
3.0,9.0,4.755,3.15
3.15,8.9,4.776,4.63
8.3,6.8776,4.716,6.0
9.0,5.6,5.6,9.0
9.0,5.291,6.9,9.0
9.0,4.745,6.9,9.0
9.0,4.755,6.602,9.0
8.9,4.776,2.998,8.9
6.8776,4.716,1.049,6.877
5.6,5.6,1.049,5.5429
5.291,6.9,1.049,4.55
4.745,6.9,1.05,3.98
4.755,6.602,3.15,3.98
4.776,2.998,4.63,4.188
4.716,1.049,6.0,4.0
5.6,1.049,9.0,4.34
6.9,1.049,9.0,6.8422
6.9,1.05,9.0,6.9
6.602,3.15,9.0,6.8
2.998,4.63,8.9,5.35
1.049,6.0,6.877,1.493
1.049,9.0,5.5429,1.049
1.049,9.0,4.55,1.493
1.05,9.0,3.98,1.493
3.15,9.0,3.98,3.0
4.63,8.9,4.188,5.5674
6.0,6.877,4.0,8.9437
9.0,5.5429,4.34,9.0
9.0,4.55,6.8422,9.0
9.0,3.98,6.9,9.0
9.0,3.98,6.8,9.0
8.9,4.188,5.35,8.9
6.877,4.0,1.493,6.874
5.5429,4.34,1.049,1.5
4.55,6.8422,1.493,3.04
3.98,6.9,1.493,1.497
3.98,6.8,3.0,1.497
4.188,5.35,5.5674,1.497
4.0,1.493,8.9437,3.04
4.34,1.049,9.0,3.98
6.8422,1.493,9.0,6.9
6.9,1.493,9.0,6.9
6.8,3.0,9.0,6.9
5.35,5.5674,8.9,5.38
1.493,8.9437,6.874,1.493
1.049,9.0,1.5,1.046
1.493,9.0,3.04,1.493
1.493,9.0,1.497,1.493
3.0,9.0,1.497,3.0
5.5674,8.9,1.497,5.6
8.9437,6.874,3.04,8.9482
9.0,1.5,3.98,9.0
9.0,3.04,6.9,9.0
9.0,1.497,6.9,9.0
9.0,1.497,6.9,9.0
8.9,1.497,5.38,8.2
6.874,3.04,1.493,6.8
1.5,3.98,1.046,3.98
3.04,6.9,1.493,3.98
1.497,6.9,1.493,1.939
1.497,6.9,3.0,3.4
1.497,5.38,5.6,3.4
3.04,1.493,8.9482,3.4
3.98,1.046,9.0,3.98
6.9,1.493,9.0,6.8737
6.9,1.493,9.0,6.8745
6.9,3.0,9.0,6.8779
5.38,5.6,8.2,3.8
1.493,8.9482,6.8,1.39
1.046,9.0,3.98,0.953
1.493,9.0,3.98,0.953
1.493,9.0,1.939,1.39
3.0,9.0,3.4,3.15
5.6,8.2,3.4,5.528
8.9482,6.8,3.4,8.9211
9.0,3.98,3.98,9.0
9.0,3.98,6.8737,9.0
9.0,1.939,6.8745,9.0
9.0,3.4,6.8779,9.0
8.2,3.4,3.8,8.9551
6.8,3.4,1.39,6.8758
3.98,3.98,0.953,5.5384
3.98,6.8737,0.953,3.98
1.939,6.8745,1.39,4.34
3.4,6.8779,3.15,3.98
3.4,3.8,5.528,3.98
3.4,1.39,8.9211,4.0
3.98,0.953,9.0,5.5432
6.8737,0.953,9.0,6.8684
6.8745,1.39,9.0,6.8
6.8779,3.15,9.0,4.499
3.8,5.528,8.9551,2.84
1.39,8.9211,6.8758,1.84
0.953,9.0,5.5384,1.39
0.953,9.0,3.98,1.39
1.39,9.0,4.34,1.389
3.15,9.0,3.98,2.8
5.528,8.9551,3.98,4.65
8.9211,6.8758,4.0,9.0
9.0,5.5384,5.5432,9.0
9.0,3.98,6.8684,9.0
9.0,4.34,6.8,9.0
9.0,3.98,4.499,9.0
8.9551,3.98,2.84,8.9176
6.8758,4.0,1.84,6.8484
5.5384,5.5432,1.39,5.5588
3.98,6.8684,1.39,4.3
4.34,6.8,1.389,3.9
3.98,4.499,2.8,3.98
3.98,2.84,4.65,3.98
4.0,1.84,9.0,3.9
5.5432,1.39,9.0,4.745
6.8684,1.39,9.0,6.8
6.8,1.389,9.0,6.8324
4.499,2.8,9.0,5.38
2.84,4.65,8.9176,3.979
1.84,9.0,6.8484,2.799
1.39,9.0,5.5588,1.939
1.39,9.0,4.3,1.939
1.389,9.0,3.9,3.98
2.8,9.0,3.98,4.98
4.65,8.9176,3.98,5.6
9.0,6.8484,3.9,9.0
9.0,5.5588,4.745,9.0
9.0,4.3,6.8,9.0
9.0,3.9,6.8324,9.0
9.0,3.98,5.38,9.0
8.9176,3.98,3.979,8.9524
6.8484,3.9,2.799,6.8
5.5588,4.745,1.939,5.5432
4.3,6.8,1.939,3.9
3.9,6.8324,3.98,1.939
3.98,5.38,4.98,1.939
3.98,3.979,5.6,1.939
3.9,2.799,9.0,2.0
4.745,1.939,9.0,1.939
6.8,1.939,9.0,4.138
6.8324,3.98,9.0,5.3
5.38,4.98,9.0,6.75
3.979,5.6,8.9524,5.38
2.799,9.0,6.8,4.0
1.939,9.0,5.5432,3.98
1.939,9.0,3.9,4.35
3.98,9.0,1.939,3.98
4.98,9.0,1.939,3.98
5.6,8.9524,1.939,3.592
9.0,6.8,2.0,5.48
9.0,5.5432,1.939,8.9
9.0,3.9,4.138,9.0
9.0,1.939,5.3,9.0
9.0,1.939,6.75,8.9532
8.9524,1.939,5.38,7.7
6.8,2.0,4.0,6.7
5.5432,1.939,3.98,5.5434
3.9,4.138,4.35,3.7
1.939,5.3,3.98,1.939
1.939,6.75,3.98,3.04
1.939,5.38,3.592,2.995
2.0,4.0,5.48,3.04
1.939,3.98,8.9,2.68
4.138,4.35,9.0,5.88
5.3,3.98,9.0,6.9
6.75,3.98,8.9532,5.88
5.38,3.592,7.7,5.38
4.0,5.48,6.7,4.7
3.98,8.9,5.5434,3.95
4.35,9.0,3.7,3.199
3.98,9.0,1.939,2.562
3.98,8.9532,3.04,3.04
3.592,7.7,2.995,4.35
5.48,6.7,3.04,6.5
8.9,5.5434,2.68,8.8
9.0,3.7,5.88,8.9
9.0,1.939,6.9,8.9453
8.9532,3.04,5.88,8.4
7.7,2.995,5.38,5.0
6.7,3.04,4.7,2.0
5.5434,2.68,3.95,1.39
3.7,5.88,3.199,1.0
1.939,6.9,2.562,0.45
3.04,5.88,3.04,0.433
2.995,5.38,4.35,0.45
3.04,4.7,6.5,1.24
2.68,3.95,8.8,1.15
5.88,3.199,8.9,4.18
6.9,2.562,8.9453,4.18
5.88,3.04,8.4,3.04
5.38,4.35,5.0,2.05
4.7,6.5,2.0,1.34
3.95,8.8,1.39,0.49
3.199,8.9,1.0,1.34
2.562,8.9453,0.45,1.84
3.04,8.4,0.433,2.994
4.35,5.0,0.45,4.0
6.5,2.0,1.24,8.85
8.8,1.39,1.15,8.4
8.9,1.0,4.18,8.9
8.9453,0.45,4.18,8.9
8.4,0.433,3.04,8.9
5.0,0.45,2.05,5.98
2.0,1.24,1.34,1.939
1.39,1.15,0.49,1.39
1.0,4.18,1.34,0.385
0.45,4.18,1.84,0.25
0.433,3.04,2.994,0.2494
0.45,2.05,4.0,0.25
1.24,1.34,8.85,0.94
1.15,0.49,8.4,0.999
4.18,1.34,8.9,5.0
4.18,1.84,8.9,5.5
3.04,2.994,8.9,4.18
2.05,4.0,5.98,3.039
1.34,8.85,1.939,1.339
0.49,8.4,1.39,1.339
1.34,8.9,0.385,1.325
1.84,8.9,0.25,1.339
2.994,8.9,0.2494,1.85
4.0,5.98,0.25,3.29
8.85,1.939,0.94,5.75
8.4,1.39,0.999,8.1
8.9,0.385,5.0,8.35
8.9,0.25,5.5,8.9
8.9,0.2494,4.18,8.1
5.98,0.25,3.039,4.18
1.939,0.94,1.339,1.5
1.39,0.999,1.339,1.39
0.385,5.0,1.325,0.35
0.25,5.5,1.339,0.15
0.2494,4.18,1.85,0.13
0.25,3.039,3.29,0.133
0.94,1.339,5.75,1.0
0.999,1.339,8.1,1.39
5.0,1.325,8.35,4.68
5.5,1.339,8.9,6.4472
4.18,1.85,8.1,5.38
3.039,3.29,4.18,5.0
1.339,5.75,1.5,1.832
1.339,8.1,1.39,1.318
1.325,8.35,0.35,0.9
1.339,8.9,0.15,1.832
1.85,8.1,0.13,3.0
3.29,4.18,0.133,3.0
5.75,1.5,1.0,4.0
8.1,1.39,1.39,7.0
8.35,0.35,4.68,8.1
8.9,0.15,6.4472,8.1
8.1,0.13,5.38,8.1
4.18,0.133,5.0,3.8
1.5,1.0,1.832,1.39
1.39,1.39,1.318,1.39
0.35,4.68,0.9,0.25
0.15,6.4472,1.832,0.1
0.13,5.38,3.0,0.1
0.133,5.0,3.0,0.1
1.0,1.832,4.0,0.24
1.39,1.318,7.0,0.2194
4.68,0.9,8.1,1.85
6.4472,1.832,8.1,4.0
5.38,3.0,8.1,3.2
5.0,3.0,3.8,3.9
1.832,4.0,1.39,1.828
1.318,7.0,1.39,1.29
0.9,8.1,0.25,0.25
1.832,8.1,0.1,1.75
3.0,8.1,0.1,3.2874
3.0,3.8,0.1,3.9
4.0,1.39,0.24,4.9
7.0,1.39,0.2194,6.485
8.1,0.25,1.85,7.0
8.1,0.1,4.0,8.0
8.1,0.1,3.2,7.5
3.8,0.1,3.9,5.0
1.39,0.24,1.828,3.3
1.39,0.2194,1.29,3.98
0.25,1.85,0.25,1.5
0.1,4.0,1.75,0.2
0.1,3.2,3.2874,0.1
0.1,3.9,3.9,0.1
0.24,1.828,4.9,1.39
0.2194,1.29,6.485,1.39
1.85,0.25,7.0,3.2
4.0,1.75,8.0,4.68
3.2,3.2874,7.5,5.88
3.9,3.9,5.0,5.6
1.828,4.9,3.3,3.2
1.29,6.485,3.98,3.2874
0.25,7.0,1.5,3.2874
1.75,8.0,0.2,3.7857
3.2874,7.5,0.1,4.65
3.9,5.0,0.1,5.6
4.9,3.3,1.39,4.98
6.485,3.98,1.39,6.5
7.0,1.5,3.2,8.0
8.0,0.2,4.68,8.0
7.5,0.1,5.88,8.946
5.0,0.1,5.6,8.9486
3.3,1.39,3.2,3.98
3.98,1.39,3.2874,4.34
1.5,3.2,3.2874,3.0
0.2,4.68,3.7857,1.5
0.1,5.88,4.65,1.5
0.1,5.6,5.6,1.5
1.39,3.2,4.98,3.3
1.39,3.2874,6.5,5.5406
3.2,3.2874,8.0,6.9
4.68,3.7857,8.0,6.9
5.88,4.65,8.946,6.9
5.6,5.6,8.9486,6.8956
3.2,4.98,3.98,5.568
3.2874,6.5,4.34,5.5641
3.2874,8.0,3.0,5.5658
3.7857,8.0,1.5,5.5678
4.65,8.946,1.5,5.5673
5.6,8.9486,1.5,5.5652
4.98,3.98,3.3,7.0
6.5,4.34,5.5406,8.5
8.0,3.0,6.9,8.9489
8.0,1.5,6.9,9.0
8.946,1.5,6.9,8.9524
8.9486,1.5,6.8956,8.5
3.98,3.3,5.568,3.9
4.34,5.5406,5.5641,3.9
3.0,6.9,5.5658,1.45
1.5,6.9,5.5678,1.45
1.5,6.9,5.5673,0.35
1.5,6.8956,5.5652,1.0997
3.3,5.568,7.0,3.6
5.5406,5.5641,8.5,5.0
6.9,5.5658,8.9489,6.9
6.9,5.5678,9.0,6.9
6.9,5.5673,8.9524,6.8
6.8956,5.5652,8.5,4.25
5.568,7.0,3.9,1.75
5.5641,8.5,3.9,1.29
5.5658,8.9489,1.45,1.75
5.5678,9.0,1.45,2.5
5.5673,8.9524,0.35,3.7
5.5652,8.5,1.0997,4.65
7.0,3.9,3.6,7.0
8.5,3.9,5.0,8.9446
8.9489,1.45,6.9,9.0
9.0,1.45,6.9,9.0
8.9524,0.35,6.8,9.0
8.5,1.0997,4.25,8.9513
3.9,3.6,1.75,4.78
3.9,5.0,1.29,0.29
1.45,6.9,1.75,0.1
1.45,6.9,2.5,0.098
0.35,6.8,3.7,0.08
1.0997,4.25,4.65,0.09
3.6,1.75,7.0,0.1
5.0,1.29,8.9446,3.9
6.9,1.75,9.0,6.9
6.9,2.5,9.0,6.8772
6.8,3.7,9.0,4.5
4.25,4.65,8.9513,2.5
1.75,7.0,4.78,0.1
1.29,8.9446,0.29,0.1
1.75,9.0,0.1,1.74
2.5,9.0,0.098,1.0
3.7,9.0,0.08,1.35
4.65,8.9513,0.09,3.45
7.0,4.78,0.1,5.975
8.9446,0.29,3.9,8.9
9.0,0.1,6.9,8.9
9.0,0.098,6.8772,8.9
9.0,0.08,4.5,8.9531
8.9513,0.09,2.5,8.9
4.78,0.1,0.1,3.1
0.29,3.9,0.1,4.5
0.1,6.9,1.74,1.1345
0.098,6.8772,1.0,0.3
0.08,4.5,1.35,0.1
0.09,2.5,3.45,0.1
0.1,0.1,5.975,1.1345
3.9,0.1,8.9,5.53
6.9,1.74,8.9,6.9
6.8772,1.0,8.9,6.9
4.5,1.35,8.9531,6.9
2.5,3.45,8.9,5.88
0.1,5.975,3.1,3.0
0.1,8.9,4.5,1.0
1.74,8.9,1.1345,3.0
1.0,8.9,0.3,2.95
1.35,8.9531,0.1,3.2
3.45,8.9,0.1,5.5
5.975,3.1,1.1345,8.9521
8.9,4.5,5.53,9.0
8.9,1.1345,6.9,9.0
8.9,0.3,6.9,9.0
8.9531,0.1,6.9,9.0
8.9,0.1,5.88,9.0
3.1,1.1345,3.0,6.8723
4.5,5.53,1.0,5.53
1.1345,6.9,3.0,4.745
0.3,6.9,2.95,3.9
0.1,6.9,3.2,1.85
0.1,5.88,5.5,2.38
1.1345,3.0,8.9521,4.34
5.53,1.0,9.0,5.5816
6.9,3.0,9.0,6.9
6.9,2.95,9.0,6.9
6.9,3.2,9.0,6.9
5.88,5.5,9.0,6.9
3.0,8.9521,6.8723,5.4
1.0,9.0,5.53,4.65
3.0,9.0,4.745,4.65
2.95,9.0,3.9,4.98
3.2,9.0,1.85,5.4
5.5,9.0,2.38,5.6
8.9521,6.8723,4.34,9.0
9.0,5.53,5.5816,9.0
9.0,4.745,6.9,9.0
9.0,3.9,6.9,9.0
9.0,1.85,6.9,9.0
9.0,2.38,6.9,9.0
6.8723,4.34,5.4,6.848
5.53,5.5816,4.65,5.538
4.745,6.9,4.65,5.53
3.9,6.9,4.98,5.53
1.85,6.9,5.4,5.53
2.38,6.9,5.6,5.53
4.34,5.4,9.0,5.53
5.5816,4.65,9.0,5.525
6.9,4.65,9.0,6.785
6.9,4.98,9.0,6.79
6.9,5.4,9.0,6.8583
6.9,5.6,9.0,6.79
5.4,9.0,6.848,5.535
4.65,9.0,5.538,5.535
4.65,9.0,5.53,5.535
4.98,9.0,5.53,5.535
5.4,9.0,5.53,5.535
5.6,9.0,5.53,5.54
9.0,6.848,5.53,8.9474
9.0,5.538,5.525,9.0
9.0,5.53,6.785,9.0
9.0,5.53,6.79,9.0
9.0,5.53,6.8583,9.0
9.0,5.53,6.79,8.94
6.848,5.53,5.535,6.835
5.538,5.525,5.535,0.257
5.53,6.785,5.535,2.55
5.53,6.79,5.535,0.1
5.53,6.8583,5.535,0.1
5.53,6.79,5.54,0.1
5.53,5.535,8.9474,0.1
5.525,5.535,9.0,0.098
6.785,5.535,9.0,1.323
6.79,5.535,9.0,3.15
6.8583,5.535,9.0,3.15
6.79,5.54,8.94,2.736
5.535,8.9474,6.835,2.65
5.535,9.0,0.257,2.16
5.535,9.0,2.55,1.7
5.535,9.0,0.1,1.65
5.535,9.0,0.1,1.65
5.54,8.94,0.1,2.0
8.9474,6.835,0.1,5.975
9.0,0.257,0.098,8.9495
9.0,2.55,1.323,9.0
9.0,0.1,3.15,9.0
9.0,0.1,3.15,9.0
8.94,0.1,2.736,8.9506
6.835,0.1,2.65,5.18
0.257,0.098,2.16,4.34
2.55,1.323,1.7,3.98
0.1,3.15,1.65,1.909
0.1,3.15,1.65,0.3
0.1,2.736,2.0,1.055
0.1,2.65,5.975,3.0
0.098,2.16,8.9495,4.7
1.323,1.7,9.0,6.9
3.15,1.65,9.0,6.9
3.15,1.65,9.0,6.89
2.736,2.0,8.9506,4.417
2.65,5.975,5.18,4.35
2.16,8.9495,4.34,3.95
1.7,9.0,3.98,3.95
1.65,9.0,1.909,3.98
1.65,9.0,0.3,4.35
2.0,8.9506,1.055,4.407
5.975,5.18,3.0,7.1019
8.9495,4.34,4.7,8.9494
9.0,3.98,6.9,9.0
9.0,1.909,6.9,9.0
9.0,0.3,6.89,9.0
8.9506,1.055,4.417,8.9533
5.18,3.0,4.35,6.8485
4.34,4.7,3.95,4.34
3.98,6.9,3.95,4.745
1.909,6.9,3.98,4.34
0.3,6.89,4.35,3.9
1.055,4.417,4.407,3.98
3.0,4.35,7.1019,5.18
4.7,3.95,8.9494,5.5444
6.9,3.95,9.0,6.9
6.9,3.98,9.0,6.9
6.89,4.35,9.0,6.9
4.417,4.407,8.9533,5.38
4.35,7.1019,6.8485,4.98
3.95,8.9494,4.34,5.5148
3.95,9.0,4.745,5.5648
3.98,9.0,4.34,5.5645
4.35,9.0,3.9,5.57
4.407,8.9533,3.98,5.6
7.1019,6.8485,5.18,8.9475
8.9494,4.34,5.5444,8.9427
9.0,4.745,6.9,9.0
9.0,4.34,6.9,9.0
9.0,3.9,6.9,9.0
8.9533,3.98,5.38,9.0
6.8485,5.18,4.98,6.8474
4.34,5.5444,5.5148,3.9
4.745,6.9,5.5648,4.3
4.34,6.9,5.5645,3.9
3.9,6.9,5.57,2.05
3.98,5.38,5.6,2.108
5.18,4.98,8.9475,3.98
5.5444,5.5148,8.9427,4.7
6.9,5.5648,9.0,5.38
6.9,5.5645,9.0,6.8
6.9,5.57,9.0,5.88
5.38,5.6,9.0,4.68
4.98,8.9475,6.8474,4.35
5.5148,8.9427,3.9,3.96
5.5648,9.0,4.3,4.35
5.5645,9.0,3.9,3.96
5.57,9.0,2.05,3.7
5.6,9.0,2.108,3.5
8.9475,6.8474,3.98,5.5
8.9427,3.9,4.7,8.9
9.0,4.3,5.38,9.0
9.0,3.9,6.8,9.0
9.0,2.05,5.88,9.0
9.0,2.108,4.68,8.9
6.8474,3.98,4.35,5.55
3.9,4.7,3.96,3.98
4.3,5.38,4.35,3.9
3.9,6.8,3.96,2.05
2.05,5.88,3.7,2.0
2.108,4.68,3.5,1.054
3.98,4.35,5.5,2.999
4.7,3.96,8.9,4.745
5.38,4.35,9.0,4.68
6.8,3.96,9.0,6.8
5.88,3.7,9.0,4.6
4.68,3.5,8.9,3.4
4.35,5.5,5.55,3.4
3.96,8.9,3.98,2.92
4.35,9.0,3.9,2.98
3.96,9.0,2.05,3.0
3.7,9.0,2.0,2.92
3.5,8.9,1.054,2.55
5.5,5.55,2.999,5.4
8.9,3.98,4.745,8.9
9.0,3.9,4.68,9.0
9.0,2.05,6.8,9.0
9.0,2.0,4.6,8.9483
8.9,1.054,3.4,8.9481
5.55,2.999,3.4,6.8478
3.98,4.745,2.92,5.5
3.9,4.68,2.98,5.53
2.05,6.8,3.0,5.53
2.0,4.6,2.92,4.745
1.054,3.4,2.55,4.5
2.999,3.4,5.4,5.53
4.745,2.92,8.9,5.5416
4.68,2.98,9.0,6.78
6.8,3.0,9.0,6.8
4.6,2.92,8.9483,6.76
3.4,2.55,8.9481,3.98
3.4,5.4,6.8478,2.997
2.92,8.9,5.5,2.65
2.98,9.0,5.53,2.965
3.0,9.0,5.53,2.997
2.92,8.9483,4.745,2.997
2.55,8.9481,4.5,4.85
5.4,6.8478,5.53,8.86
8.9,5.5,5.5416,8.946
9.0,5.53,6.78,9.0
9.0,5.53,6.8,8.9496
8.9483,4.745,6.76,8.9503
8.9481,4.5,3.98,8.9512
6.8478,5.53,2.997,6.8509
5.5,5.5416,2.65,5.6
5.53,6.78,2.965,5.6
5.53,6.8,2.997,5.6
4.745,6.76,2.997,5.5434
4.5,3.98,4.85,5.5396
5.53,2.997,8.86,5.5402
5.5416,2.65,8.946,5.6
6.78,2.965,9.0,5.88
6.8,2.997,8.9496,6.9
6.76,2.997,8.9503,6.8744
3.98,4.85,8.9512,6.8352
2.997,8.86,6.8509,4.35
2.65,8.946,5.6,2.48
2.965,9.0,5.6,3.0
2.997,8.9496,5.6,4.98
2.997,8.9503,5.5434,5.5676
4.85,8.9512,5.5396,5.6
8.86,6.8509,5.5402,9.0
8.946,5.6,5.6,9.0
9.0,5.6,5.88,9.0
8.9496,5.6,6.9,9.0
8.9503,5.5434,6.8744,9.0
8.9512,5.5396,6.8352,8.9518
6.8509,5.5402,4.35,6.9
5.6,5.6,2.48,5.5772
5.6,5.88,3.0,5.5807
5.6,6.9,4.98,5.5414
5.5434,6.8744,5.5676,5.18
5.5396,6.8352,5.6,4.745
5.5402,4.35,9.0,5.18
5.6,2.48,9.0,4.745
5.88,3.0,9.0,4.2
6.9,4.98,9.0,5.0
6.8744,5.5676,9.0,4.0
6.8352,5.6,8.9518,2.01
4.35,9.0,6.9,2.14
2.48,9.0,5.5772,1.92
3.0,9.0,5.5807,2.036
4.98,9.0,5.5414,2.05
5.5676,9.0,5.18,3.0
5.6,8.9518,4.745,2.65
9.0,6.9,5.18,8.9
9.0,5.5772,4.745,8.9
9.0,5.5807,4.2,8.9512
9.0,5.5414,5.0,9.0
9.0,5.18,4.0,9.0
8.9518,4.745,2.01,8.9
6.9,5.18,2.14,6.8775
5.5772,4.745,1.92,5.6
5.5807,4.2,2.036,5.5437
5.5414,5.0,2.05,5.18
5.18,4.0,3.0,4.745
4.745,2.01,2.65,4.7
5.18,2.14,8.9,4.745
4.745,1.92,8.9,4.5
4.2,2.036,8.9512,5.0
5.0,2.05,9.0,6.9
4.0,3.0,9.0,5.38
2.01,2.65,8.9,3.0
2.14,8.9,6.8775,3.4
1.92,8.9,5.6,2.55
2.036,8.9512,5.5437,2.55
2.05,9.0,5.18,2.13
3.0,9.0,4.745,4.099
2.65,8.9,4.7,5.5624
8.9,6.8775,4.745,9.0
8.9,5.6,4.5,8.9509
8.9512,5.5437,5.0,9.0
9.0,5.18,6.9,9.0
9.0,4.745,5.38,8.9
8.9,4.7,3.0,8.5
6.8775,4.745,3.4,6.874
5.6,4.5,2.55,5.5421
5.5437,5.0,2.55,5.5377
5.18,6.9,2.13,4.921
4.745,5.38,4.099,3.98
4.7,3.0,5.5624,4.34
4.745,3.4,9.0,5.18
4.5,2.55,8.9509,5.53
5.0,2.55,9.0,6.9
6.9,2.13,9.0,6.9
5.38,4.099,8.9,6.79
3.0,5.5624,8.5,5.35
3.4,9.0,6.874,3.91
2.55,8.9509,5.5421,3.904
2.55,9.0,5.5377,3.899
2.13,9.0,4.921,3.887
4.099,8.9,3.98,3.9
5.5624,8.5,4.34,5.52
9.0,6.874,5.18,8.9
8.9509,5.5421,5.53,8.9
9.0,5.5377,6.9,9.0
9.0,4.921,6.9,8.9
8.9,3.98,6.79,8.9
8.5,4.34,5.35,8.89
6.874,5.18,3.91,6.83
5.5421,5.53,3.904,4.34
5.5377,6.9,3.899,4.745
4.921,6.9,3.887,4.34
3.98,6.79,3.9,3.268
4.34,5.35,5.52,3.9
5.18,3.91,8.9,4.34
5.53,3.904,8.9,4.34
6.9,3.899,9.0,6.84
6.9,3.887,8.9,6.9
6.79,3.9,8.9,6.83
5.35,5.52,8.89,5.315
3.91,8.9,6.83,3.909
3.904,8.9,4.34,3.85
3.899,9.0,4.745,3.4
3.887,8.9,4.34,3.0
3.9,8.9,3.268,3.931
5.52,8.89,3.9,5.5504
8.9,6.83,4.34,8.888
8.9,4.34,4.34,8.888
9.0,4.745,6.84,8.888
8.9,4.34,6.9,8.888
8.9,3.268,6.83,8.85
8.89,3.9,5.315,8.5
6.83,4.34,3.909,6.0
4.34,4.34,3.85,5.18
4.745,6.84,3.4,5.1
4.34,6.9,3.0,4.34
3.268,6.83,3.931,3.98
3.9,5.315,5.5504,4.0
4.34,3.909,8.888,5.495
4.34,3.85,8.888,4.7
6.84,3.4,8.888,6.02
6.9,3.0,8.888,6.9
6.83,3.931,8.85,6.8604
5.315,5.5504,8.5,5.69
3.909,8.888,6.0,4.65
3.85,8.888,5.18,2.998
3.4,8.888,5.1,2.998
3.0,8.888,4.34,2.963
3.931,8.85,3.98,3.1448
5.5504,8.5,4.0,4.5
8.888,6.0,5.495,8.7
8.888,5.18,4.7,8.9
8.888,5.1,6.02,9.0
8.888,4.34,6.9,9.0
8.85,3.98,6.8604,8.85
8.5,4.0,5.69,8.6
6.0,5.495,4.65,6.805
5.18,4.7,2.998,5.535
5.1,6.02,2.998,5.18
4.34,6.9,2.963,4.6
3.98,6.8604,3.1448,3.58
4.0,5.69,4.5,4.0
5.495,4.65,8.7,5.18
4.7,2.998,8.9,5.18
6.02,2.998,9.0,6.79
6.9,2.963,9.0,6.9
6.8604,3.1448,8.85,6.9
5.69,4.5,8.6,6.8627
4.65,8.7,6.805,4.98
2.998,8.9,5.535,3.88
2.998,9.0,5.18,3.88
2.963,9.0,4.6,3.88
3.1448,8.85,3.58,4.65
4.5,8.6,4.0,4.65
8.7,6.805,5.18,8.8
8.9,5.535,5.18,8.9
9.0,5.18,6.79,9.0
9.0,4.6,6.9,9.0
8.85,3.58,6.9,8.6
8.6,4.0,6.8627,8.2
6.805,5.18,4.98,6.7
5.535,5.18,3.88,5.535
5.18,6.79,3.88,5.535
4.6,6.9,3.88,5.18
3.58,6.9,4.65,4.0
4.0,6.8627,4.65,4.0
5.18,4.98,8.8,4.745
5.18,3.88,8.9,5.535
6.79,3.88,9.0,6.79
6.9,3.88,9.0,6.8
6.9,4.65,8.6,6.8595
6.8627,4.65,8.2,6.83
4.98,8.8,6.7,3.88
3.88,8.9,5.535,2.55
3.88,9.0,5.535,2.499
3.88,9.0,5.18,2.998
4.65,8.6,4.0,3.88
4.65,8.2,4.0,5.52
8.8,6.7,4.745,9.0
8.9,5.535,5.535,8.9
9.0,5.535,6.79,9.0
9.0,5.18,6.8,9.0
8.6,4.0,6.8595,8.9442
8.2,4.0,6.83,8.6
6.7,4.745,3.88,6.83
5.535,5.535,2.55,5.535
5.535,6.79,2.499,5.535
5.18,6.8,2.998,5.18
4.0,6.8595,3.88,4.34
4.0,6.83,5.52,4.34
4.745,3.88,9.0,4.34
5.535,2.55,8.9,5.18
6.79,2.499,9.0,5.55
6.8,2.998,9.0,5.38
6.8595,3.88,8.9442,4.8
6.83,5.52,8.6,4.179
3.88,9.0,6.83,2.6
2.55,8.9,5.535,2.35
2.499,9.0,5.535,2.01
2.998,9.0,5.18,2.499
3.88,8.9442,4.34,4.65
5.52,8.6,4.34,5.6
9.0,6.83,4.34,5.6
8.9,5.535,5.18,8.875
9.0,5.535,5.55,8.9
9.0,5.18,5.38,8.9525
8.9442,4.34,4.8,8.9
8.6,4.34,4.179,8.6
6.83,4.34,2.6,6.975
5.535,5.18,2.35,4.745
5.535,5.55,2.01,4.34
5.18,5.38,2.499,3.98
4.34,4.8,4.65,2.55
4.34,4.179,5.6,3.85
4.34,2.6,5.6,3.98
5.18,2.35,8.875,5.535
5.55,2.01,8.9,6.9
5.38,2.499,8.9525,6.9
4.8,4.65,8.9,6.9
4.179,5.6,8.6,6.9
2.6,5.6,6.975,5.5383
2.35,8.875,4.745,4.98
2.01,8.9,4.34,5.51
2.499,8.9525,3.98,5.5685
4.65,8.9,2.55,5.5644
5.6,8.6,3.85,5.6
5.6,6.975,3.98,9.0
8.875,4.745,5.535,9.0
8.9,4.34,6.9,9.0
8.9525,3.98,6.9,9.0
8.9,2.55,6.9,8.9524
8.6,3.85,6.9,8.83
6.975,3.98,5.5383,6.0
4.745,5.535,4.98,5.53
4.34,6.9,5.51,4.9
3.98,6.9,5.5685,4.34
2.55,6.9,5.5644,2.55
3.85,6.9,5.6,3.98
3.98,5.5383,9.0,4.34
5.535,4.98,9.0,5.535
6.9,5.51,9.0,6.8
6.9,5.5685,9.0,6.9
6.9,5.5644,8.9524,6.9
6.9,5.6,8.83,6.78
5.5383,9.0,6.0,5.53
4.98,9.0,5.53,5.4
5.51,9.0,4.9,5.53
5.5685,9.0,4.34,5.535
5.5644,8.9524,2.55,5.5662
5.6,8.83,3.98,5.6
9.0,6.0,4.34,9.0
9.0,5.53,5.535,9.0
9.0,4.9,6.8,9.0
9.0,4.34,6.9,9.0
8.9524,2.55,6.9,8.9
8.83,3.98,6.78,8.83
6.0,4.34,5.53,6.83
5.53,5.535,5.4,5.535
4.9,6.8,5.53,5.53
4.34,6.9,5.535,5.18
2.55,6.9,5.5662,4.34
3.98,6.78,5.6,4.745
4.34,5.53,9.0,5.53
5.535,5.4,9.0,5.535
6.8,5.53,9.0,6.78
6.9,5.535,9.0,6.9
6.9,5.5662,8.9,6.9
6.78,5.6,8.83,6.78
5.53,9.0,6.83,5.535
5.4,9.0,5.535,5.53
5.53,9.0,5.53,5.53
5.535,9.0,5.18,5.542
5.5662,8.9,4.34,5.6
5.6,8.83,4.745,5.6
9.0,6.83,5.53,9.0
9.0,5.535,5.535,9.0
9.0,5.53,6.78,9.0
9.0,5.18,6.9,9.0
8.9,4.34,6.9,8.58
8.83,4.745,6.78,8.89
6.83,5.53,5.535,6.83
5.535,5.535,5.53,5.53
5.53,6.78,5.53,5.53
5.18,6.9,5.542,4.427
4.34,6.9,5.6,4.0
4.745,6.78,5.6,4.173
5.53,5.535,9.0,4.741
5.535,5.53,9.0,4.982
6.78,5.53,9.0,6.7
6.9,5.542,9.0,6.9
6.9,5.6,8.58,6.9
6.78,5.6,8.89,6.8763
5.535,9.0,6.83,5.535
5.53,9.0,5.53,5.535
5.53,9.0,5.53,5.535
5.542,9.0,4.427,5.535
5.6,8.58,4.0,5.5636
5.6,8.89,4.173,5.6
9.0,6.83,4.741,8.9
9.0,5.53,4.982,9.0
9.0,5.53,6.7,9.0
9.0,4.427,6.9,8.9
8.58,4.0,6.9,8.58
8.89,4.173,6.8763,8.7
6.83,4.741,5.535,6.83
5.53,4.982,5.535,5.18
5.53,6.7,5.535,4.34
4.427,6.9,5.535,3.5
4.0,6.9,5.5636,3.0
4.173,6.8763,5.6,3.0
4.741,5.535,8.9,3.98
4.982,5.535,9.0,4.368
6.7,5.535,9.0,4.68
6.9,5.535,8.9,5.599
6.9,5.5636,8.58,5.88
6.8763,5.6,8.7,5.35
5.535,8.9,6.83,3.879
5.535,9.0,5.18,3.879
5.535,9.0,4.34,3.55
5.535,8.9,3.5,3.85
5.5636,8.58,3.0,4.65
5.6,8.7,3.0,5.5665
8.9,6.83,3.98,8.81
9.0,5.18,4.368,8.9
9.0,4.34,4.68,8.9
8.9,3.5,5.599,8.81
8.58,3.0,5.88,8.0
8.7,3.0,5.35,5.98
6.83,3.98,3.879,4.494
5.18,4.368,3.879,5.1
4.34,4.68,3.55,4.34
3.5,5.599,3.85,2.95
3.0,5.88,4.65,2.55
3.0,5.35,5.5665,2.95
3.98,3.879,8.81,3.4
4.368,3.879,8.9,3.98
4.68,3.55,8.9,4.68
5.599,3.85,8.81,5.189
5.88,4.65,8.0,4.7
5.35,5.5665,5.98,4.679
3.879,8.81,4.494,4.35
3.879,8.9,5.1,3.4
3.55,8.9,4.34,4.65
3.85,8.81,2.95,4.65
4.65,8.0,2.55,5.51
5.5665,5.98,2.95,5.6
8.81,4.494,3.4,8.89
8.9,5.1,3.98,8.89
8.9,4.34,4.68,8.89
8.81,2.95,5.189,8.89
8.0,2.55,4.7,8.6
5.98,2.95,4.679,6.8
4.494,3.4,4.35,6.795
5.1,3.98,3.4,4.745
4.34,4.68,4.65,3.98
2.95,5.189,4.65,2.55
2.55,4.7,5.51,2.05
2.95,4.679,5.6,2.05
3.4,4.35,8.89,3.0
3.98,3.4,8.89,3.198
4.68,4.65,8.89,3.0
5.189,4.65,8.89,2.998
4.7,5.51,8.6,2.998
4.679,5.6,6.8,2.998
4.35,8.89,6.795,2.998
3.4,8.89,4.745,2.95
4.65,8.89,3.98,2.998
4.65,8.89,2.55,3.844
5.51,8.6,2.05,5.51
5.6,6.8,2.05,5.5659
8.89,6.795,3.0,8.89
8.89,4.745,3.198,8.89
8.89,3.98,3.0,8.89
8.89,2.55,2.998,8.89
8.6,2.05,2.998,8.89
6.8,2.05,2.998,8.91
6.795,3.0,2.998,6.835
4.745,3.198,2.95,5.1
3.98,3.0,2.998,4.0
2.55,2.998,3.844,2.55
2.05,2.998,5.51,1.1
2.05,2.998,5.5659,2.05
3.0,2.998,8.89,3.197
3.198,2.95,8.89,3.8
3.0,2.998,8.89,6.84
2.998,3.844,8.89,6.9
2.998,5.51,8.89,6.9
2.998,5.5659,8.91,6.9
2.998,8.89,6.835,5.5625
2.95,8.89,5.1,5.535
2.998,8.89,4.0,5.535
3.844,8.89,2.55,5.5415
5.51,8.89,1.1,5.6
5.5659,8.91,2.05,5.6
8.89,6.835,3.197,8.95
8.89,5.1,3.8,8.89
8.89,4.0,6.84,8.89
8.89,2.55,6.9,8.89
8.89,1.1,6.9,8.7
8.91,2.05,6.9,8.91
6.835,3.197,5.5625,6.835
5.1,3.8,5.535,2.986
4.0,6.84,5.535,2.55
2.55,6.9,5.5415,2.986
1.1,6.9,5.6,2.05
2.05,6.9,5.6,2.55
3.197,5.5625,8.95,2.986
3.8,5.535,8.89,3.98
6.84,5.535,8.89,4.68
6.9,5.5415,8.89,5.825
6.9,5.6,8.7,5.2
6.9,5.6,8.91,3.2
5.5625,8.95,6.835,3.864
5.535,8.89,2.986,2.85
5.535,8.89,2.55,2.55
5.5415,8.89,2.986,3.864
5.6,8.7,2.05,5.5398
5.6,8.91,2.55,5.6
8.95,6.835,2.986,8.9528
8.89,2.986,3.98,8.9436
8.89,2.55,4.68,8.9
8.89,2.986,5.825,8.7
8.7,2.05,5.2,7.8
8.91,2.55,3.2,8.1
6.835,2.986,3.864,5.18
2.986,3.98,2.85,2.986
2.55,4.68,2.55,2.95
2.986,5.825,3.864,2.68
2.05,5.2,5.5398,2.05
2.55,3.2,5.6,2.05
2.986,3.864,8.9528,2.68
3.98,2.85,8.9436,3.698
4.68,2.55,8.9,5.88
5.825,3.864,8.7,6.8
5.2,5.5398,7.8,5.6
3.2,5.6,8.1,3.599
3.864,8.9528,5.18,2.5
2.85,8.9436,2.986,2.549
2.55,8.9,2.95,3.0
3.864,8.7,2.68,3.699
5.5398,7.8,2.05,5.55
5.6,8.1,2.05,5.6
8.9528,5.18,2.68,9.0
8.9436,2.986,3.698,8.955
8.9,2.95,5.88,8.9
8.7,2.68,6.8,8.9
7.8,2.05,5.6,8.8
8.1,2.05,3.599,7.0
5.18,2.68,2.5,4.78
2.986,3.698,2.549,3.98
2.95,5.88,3.0,3.978
2.68,6.8,3.699,2.986
2.05,5.6,5.55,2.55
2.05,3.599,5.6,2.986
2.68,2.5,9.0,2.8
3.698,2.549,8.955,3.98
5.88,3.0,8.9,6.8
6.8,3.699,8.9,6.8
5.6,5.55,8.8,3.6
3.599,5.6,7.0,2.998
2.5,9.0,4.78,3.689
2.549,8.955,3.98,2.549
3.0,8.9,3.978,2.535
3.699,8.9,2.986,3.8
5.55,8.8,2.55,5.5674
5.6,7.0,2.986,5.6
9.0,4.78,2.8,8.9504
8.955,3.98,3.98,8.9172
8.9,3.978,6.8,8.9
8.9,2.986,6.8,8.9
8.8,2.55,3.6,8.9
7.0,2.986,2.998,7.3
4.78,2.8,3.689,6.8418
3.98,3.98,2.549,4.34
3.978,6.8,2.535,3.97
2.986,6.8,3.8,2.8
2.55,3.6,5.5674,2.8
2.986,2.998,5.6,3.795
2.8,3.689,8.9504,3.795
3.98,2.549,8.9172,3.978
6.8,2.535,8.9,6.8
6.8,3.8,8.9,6.8601
3.6,5.5674,8.9,6.799
2.998,5.6,7.3,4.679
3.689,8.9504,6.8418,3.499
2.549,8.9172,4.34,3.799
2.535,8.9,3.97,3.844
3.8,8.9,2.8,5.1524
5.5674,8.9,2.8,5.5632
5.6,7.3,3.795,5.6
8.9504,6.8418,3.795,8.93
8.9172,4.34,3.978,8.93
8.9,3.97,6.8,8.9
8.9,2.8,6.8601,8.4
8.9,2.8,6.799,6.203
7.3,3.795,4.679,7.3
6.8418,3.795,3.499,4.78
4.34,3.978,3.799,3.97
3.97,6.8,3.844,3.0
2.8,6.8601,5.1524,2.5
2.8,6.799,5.5632,2.5
3.795,4.679,5.6,2.5
3.795,3.499,8.93,2.0
3.978,3.799,8.93,2.8
6.8,3.844,8.9,4.68
6.8601,5.1524,8.4,6.85
6.799,5.5632,6.203,6.85
4.679,5.6,7.3,6.8581
3.499,8.93,4.78,5.514
3.799,8.93,3.97,4.649
3.844,8.9,3.0,4.65
5.1524,8.4,2.5,5.5423
5.5632,6.203,2.5,5.5385
5.6,7.3,2.5,5.6
8.93,4.78,2.0,8.94
8.93,3.97,2.8,8.94
8.9,3.0,4.68,8.94
8.4,2.5,6.85,8.7
6.203,2.5,6.85,6.4
7.3,2.5,6.8581,7.8
4.78,2.0,5.514,4.34
3.97,2.8,4.649,3.1
3.0,4.68,4.65,2.8
2.5,6.85,5.5423,1.5
2.5,6.85,5.5385,1.0
2.5,6.8581,5.6,1.0
2.0,5.514,8.94,1.8
2.8,4.649,8.94,0.8
4.68,4.65,8.94,2.95
6.85,5.5423,8.7,3.45
6.85,5.5385,6.4,2.45
6.8581,5.6,7.8,2.45
5.514,8.94,4.34,2.25
4.649,8.94,3.1,2.25
4.65,8.94,2.8,2.25
5.5423,8.7,1.5,3.844
5.5385,6.4,1.0,5.53
5.6,7.8,1.0,5.5688
8.94,4.34,1.8,8.94
8.94,3.1,0.8,8.94
8.94,2.8,2.95,8.94
8.7,1.5,3.45,8.9
6.4,1.0,2.45,7.8
7.8,1.0,2.45,7.8
4.34,1.8,2.25,4.78
3.1,0.8,2.25,3.794
2.8,2.95,2.25,2.9
1.5,3.45,3.844,2.5
1.0,2.45,5.53,2.5
1.0,2.45,5.5688,2.8
1.8,2.25,8.94,2.9
0.8,2.25,8.94,4.34
2.95,2.25,8.94,6.8
3.45,3.844,8.9,6.9
2.45,5.53,7.8,6.9
2.45,5.5688,7.8,6.9
2.25,8.94,4.78,5.5698
2.25,8.94,3.794,5.5635
2.25,8.94,2.9,5.5659
3.844,8.9,2.5,5.5885
5.53,7.8,2.5,5.6
5.5688,7.8,2.8,5.6
8.94,4.78,2.9,8.9526
8.94,3.794,4.34,8.94
8.94,2.9,6.8,8.94
8.9,2.5,6.9,8.9
7.8,2.5,6.9,8.8468
7.8,2.8,6.9,8.9476
4.78,2.9,5.5698,6.8527
3.794,4.34,5.5635,4.745
2.9,6.8,5.5659,3.964
2.5,6.9,5.5885,3.8
2.5,6.9,5.6,3.794
2.8,6.9,5.6,3.8
2.9,5.5698,8.9526,3.964
4.34,5.5635,8.94,4.745
6.8,5.5659,8.94,6.8726
6.9,5.5885,8.9,6.9
6.9,5.6,8.8468,6.9
6.9,5.6,8.9476,6.9
5.5698,8.9526,6.8527,5.6
5.5635,8.94,4.745,5.6
5.5659,8.94,3.964,5.6
5.5885,8.9,3.8,5.6
5.6,8.8468,3.794,5.6
5.6,8.9476,3.8,5.6
8.9526,6.8527,3.964,9.0
8.94,4.745,4.745,9.0
8.94,3.964,6.8726,8.9519
8.9,3.8,6.9,8.9522
8.8468,3.794,6.9,8.9498
8.9476,3.8,6.9,8.9426
6.8527,3.964,5.6,6.843
4.745,4.745,5.6,3.97
3.964,6.8726,5.6,2.8
3.8,6.9,5.6,2.0
3.794,6.9,5.6,1.9
3.8,6.9,5.6,2.0
3.964,5.6,9.0,2.5
4.745,5.6,9.0,3.97
6.8726,5.6,8.9519,6.9
6.9,5.6,8.9522,6.9
6.9,5.6,8.9498,6.9
6.9,5.6,8.9426,6.9
5.6,9.0,6.843,5.6
5.6,9.0,3.97,5.6
5.6,8.9519,2.8,5.6
5.6,8.9522,2.0,5.6
5.6,8.9498,1.9,5.6
5.6,8.9426,2.0,5.6
9.0,6.843,2.5,9.0
9.0,3.97,3.97,9.0
8.9519,2.8,6.9,9.0
8.9522,2.0,6.9,9.0
8.9498,1.9,6.9,8.9481
8.9426,2.0,6.9,8.94
6.843,2.5,5.6,5.6
3.97,3.97,5.6,4.34
2.8,6.9,5.6,3.97
2.0,6.9,5.6,3.8
1.9,6.9,5.6,2.5
2.0,6.9,5.6,3.55
2.5,5.6,9.0,3.955
3.97,5.6,9.0,3.955
6.9,5.6,9.0,5.38
6.9,5.6,9.0,6.9
6.9,5.6,8.9481,6.9
6.9,5.6,8.94,6.9
5.6,9.0,5.6,5.6
5.6,9.0,4.34,5.5912
5.6,9.0,3.97,5.6
5.6,9.0,3.8,5.6
5.6,8.9481,2.5,5.6
5.6,8.94,3.55,5.6
9.0,5.6,3.955,9.0
9.0,4.34,3.955,8.9513
9.0,3.97,5.38,8.94
9.0,3.8,6.9,8.94
8.9481,2.5,6.9,7.5
8.94,3.55,6.9,7.8
5.6,3.955,5.6,5.6
4.34,3.955,5.5912,3.97
3.97,5.38,5.6,3.1
3.8,6.9,5.6,2.5
2.5,6.9,5.6,2.049
3.55,6.9,5.6,2.049
3.955,5.6,9.0,3.8
3.955,5.5912,8.9513,3.795
5.38,5.6,8.94,5.38
6.9,5.6,8.94,6.9
6.9,5.6,7.5,6.9
6.9,5.6,7.8,6.9
5.6,9.0,5.6,5.6
5.5912,8.9513,3.97,5.6
5.6,8.94,3.1,5.6
5.6,8.94,2.5,5.6
5.6,7.5,2.049,5.6
5.6,7.8,2.049,5.6
9.0,5.6,3.8,8.9441
8.9513,3.97,3.795,8.9
8.94,3.1,5.38,8.788
8.94,2.5,6.9,6.975
7.5,2.049,6.9,4.98
7.8,2.049,6.9,5.5
5.6,3.8,5.6,4.34
3.97,3.795,5.6,3.955
3.1,5.38,5.6,2.5
2.5,6.9,5.6,2.0
2.049,6.9,5.6,0.7
2.049,6.9,5.6,0.5
3.8,5.6,8.9441,2.0
3.795,5.6,8.9,0.8
5.38,5.6,8.788,2.0
6.9,5.6,6.975,3.85
6.9,5.6,4.98,4.5
6.9,5.6,5.5,3.87
5.6,8.9441,4.34,3.15
5.6,8.9,3.955,3.15
5.6,8.788,2.5,3.15
5.6,6.975,2.0,3.87
5.6,4.98,0.7,5.537
5.6,5.5,0.5,5.6
8.9441,4.34,2.0,8.8
8.9,3.955,0.8,8.6
8.788,2.5,2.0,8.0
6.975,2.0,3.85,6.0
4.98,0.7,4.5,4.98
5.5,0.5,3.87,4.98
4.34,2.0,3.15,3.97
3.955,0.8,3.15,3.97
2.5,2.0,3.15,4.328
2.0,3.85,3.87,4.328
0.7,4.5,5.537,3.97
0.5,3.87,5.6,3.97
2.0,3.15,8.8,3.97
0.8,3.15,8.6,3.0
2.0,3.15,8.0,2.0
3.85,3.87,6.0,2.1
4.5,5.537,4.98,2.998
3.87,5.6,4.98,2.499
3.15,8.8,3.97,2.0
3.15,8.6,3.97,1.999
3.15,8.0,4.328,1.999
3.87,6.0,4.328,2.0
5.537,4.98,3.97,4.65
5.6,4.98,3.97,5.6
8.8,3.97,3.97,8.8
8.6,3.97,3.0,8.6
8.0,4.328,2.0,8.8
6.0,4.328,2.1,8.1
4.98,3.97,2.998,5.98
4.98,3.97,2.499,5.0
3.97,3.97,2.0,4.34
3.97,3.0,1.999,4.34
4.328,2.0,1.999,2.98
4.328,2.1,2.0,2.0
3.97,2.998,4.65,2.0
3.97,2.499,5.6,2.0
3.97,2.0,8.8,2.98
3.0,1.999,8.6,5.18
2.0,1.999,8.8,6.9
2.1,2.0,8.1,6.9
2.998,4.65,5.98,6.9
2.499,5.6,5.0,6.9
2.0,8.8,4.34,5.6
1.999,8.6,4.34,5.6
1.999,8.8,2.98,5.6
2.0,8.1,2.0,5.6
4.65,5.98,2.0,5.6
5.6,5.0,2.0,5.6
8.8,4.34,2.98,9.0
8.6,4.34,5.18,9.0
8.8,2.98,6.9,9.0
8.1,2.0,6.9,9.0
5.98,2.0,6.9,9.0
5.0,2.0,6.9,9.0
4.34,2.98,5.6,6.9
4.34,5.18,5.6,5.5443
2.98,6.9,5.6,4.328
2.0,6.9,5.6,3.97
2.0,6.9,5.6,3.2
2.0,6.9,5.6,3.7
2.98,5.6,9.0,4.0
5.18,5.6,9.0,5.18
6.9,5.6,9.0,6.9
6.9,5.6,9.0,6.9
6.9,5.6,9.0,6.9
6.9,5.6,9.0,6.9
5.6,9.0,6.9,5.55
5.6,9.0,5.5443,5.5164
5.6,9.0,4.328,5.6
5.6,9.0,3.97,5.6
5.6,9.0,3.2,5.6
5.6,9.0,3.7,5.6
9.0,6.9,4.0,9.0
9.0,5.5443,5.18,9.0
9.0,4.328,6.9,9.0
9.0,3.97,6.9,9.0
9.0,3.2,6.9,9.0
9.0,3.7,6.9,8.9534
6.9,4.0,5.55,6.8736
5.5443,5.18,5.5164,5.18
4.328,6.9,5.6,3.944
3.97,6.9,5.6,2.5
3.2,6.9,5.6,2.0
3.7,6.9,5.6,2.0
4.0,5.55,9.0,3.0
5.18,5.5164,9.0,3.97
6.9,5.6,9.0,5.38
6.9,5.6,9.0,6.9
6.9,5.6,9.0,6.9
6.9,5.6,8.9534,6.9
5.55,9.0,6.8736,5.6
5.5164,9.0,5.18,5.6
5.6,9.0,3.944,5.6
5.6,9.0,2.5,5.6
5.6,9.0,2.0,5.6
5.6,8.9534,2.0,5.6
9.0,6.8736,3.0,9.0
9.0,5.18,3.97,9.0
9.0,3.944,5.38,9.0
9.0,2.5,6.9,8.9484
9.0,2.0,6.9,6.975
8.9534,2.0,6.9,8.9471
6.8736,3.0,5.6,6.8769
5.18,3.97,5.6,4.34
3.944,5.38,5.6,3.0
2.5,6.9,5.6,2.5
2.0,6.9,5.6,2.5
2.0,6.9,5.6,2.5
3.0,5.6,9.0,3.944
3.97,5.6,9.0,3.1
5.38,5.6,9.0,4.68
6.9,5.6,8.9484,6.9
6.9,5.6,6.975,6.9
6.9,5.6,8.9471,6.9
5.6,9.0,6.8769,5.6
5.6,9.0,4.34,5.6
5.6,9.0,3.0,5.6
5.6,8.9484,2.5,5.6
5.6,6.975,2.5,5.6
5.6,8.9471,2.5,5.6
9.0,6.8769,3.944,9.0
9.0,4.34,3.1,9.0
9.0,3.0,4.68,8.9522
8.9484,2.5,6.9,8.8
6.975,2.5,6.9,6.5
8.9471,2.5,6.9,8.9456
6.8769,3.944,5.6,6.8477
4.34,3.1,5.6,5.5421
3.0,4.68,5.6,3.97
2.5,6.9,5.6,3.97
2.5,6.9,5.6,2.98
2.5,6.9,5.6,3.944
3.944,5.6,9.0,3.944
3.1,5.6,9.0,3.944
4.68,5.6,8.9522,4.68
6.9,5.6,8.8,6.8747
6.9,5.6,6.5,6.9
6.9,5.6,8.9456,6.9
5.6,9.0,6.8477,5.6
5.6,9.0,5.5421,5.6
5.6,8.9522,3.97,5.6
5.6,8.8,3.97,5.6
5.6,6.5,2.98,5.6
5.6,8.9456,3.944,5.6
9.0,6.8477,3.944,9.0
9.0,5.5421,3.944,9.0
8.9522,3.97,4.68,8.9508
8.8,3.97,6.8747,8.6
6.5,2.98,6.9,5.4
8.9456,3.944,6.9,7.0
6.8477,3.944,5.6,5.4
5.5421,3.944,5.6,3.944
3.97,4.68,5.6,2.97
3.97,6.8747,5.6,2.5
2.98,6.9,5.6,2.0
3.944,6.9,5.6,0.5
3.944,5.6,9.0,1.972
3.944,5.6,9.0,0.94
4.68,5.6,8.9508,2.45
6.8747,5.6,8.6,4.8
6.9,5.6,5.4,5.88
6.9,5.6,7.0,5.807
5.6,9.0,5.4,4.8
5.6,9.0,3.944,4.8
5.6,8.9508,2.97,4.8127
5.6,8.6,2.5,5.5634
5.6,5.4,2.0,5.6
5.6,7.0,0.5,5.6
9.0,5.4,1.972,8.8
9.0,3.944,0.94,8.6
8.9508,2.97,2.45,8.3
8.6,2.5,4.8,7.6
5.4,2.0,5.88,5.98
7.0,0.5,5.807,5.029
5.4,1.972,4.8,3.97
3.944,0.94,4.8,2.89
2.97,2.45,4.8127,1.93
2.5,4.8,5.5634,1.7273
2.0,5.88,5.6,1.0
0.5,5.807,5.6,0.29
1.972,4.8,8.8,1.93
0.94,4.8,8.6,0.3
2.45,4.8127,8.3,0.92
4.8,5.5634,7.6,1.2
5.88,5.6,5.98,1.8182
5.807,5.6,5.029,1.75
4.8,8.8,3.97,1.9091
4.8,8.6,2.89,1.75
4.8127,8.3,1.93,1.93
5.5634,7.6,1.7273,2.986
5.6,5.98,1.0,4.65
5.6,5.029,0.29,5.5681
8.8,3.97,1.93,8.8
8.6,2.89,0.3,8.8
8.3,1.93,0.92,8.94
7.6,1.7273,1.2,8.687
5.98,1.0,1.8182,7.1
5.029,0.29,1.75,5.7
3.97,1.93,1.9091,3.97
2.89,0.3,1.75,2.95
1.93,0.92,1.93,2.0
1.7273,1.2,2.986,2.0
1.0,1.8182,4.65,1.0
0.29,1.75,5.5681,0.219
1.93,1.9091,8.8,2.0
0.3,1.75,8.8,1.055
0.92,1.93,8.94,2.95
1.2,2.986,8.687,4.6
1.8182,4.65,7.1,3.499
1.75,5.5681,5.7,2.986
1.9091,8.8,3.97,2.409
1.75,8.8,2.95,2.409
1.93,8.94,2.0,2.0
2.986,8.687,2.0,3.499
4.65,7.1,1.0,5.5
5.5681,5.7,0.219,5.6
8.8,3.97,2.0,8.6
8.8,2.95,1.055,8.0
8.94,2.0,2.95,8.1
8.687,2.0,4.6,7.4
7.1,1.0,3.499,5.4
5.7,0.219,2.986,5.0
3.97,2.0,2.409,3.97
2.95,1.055,2.409,3.97
2.0,2.95,2.0,2.9
2.0,4.6,3.499,2.9
1.0,3.499,5.5,2.5
0.219,2.986,5.6,2.5
2.0,2.409,8.6,2.9
1.055,2.409,8.0,2.9
2.95,2.0,8.1,4.68
4.6,3.499,7.4,6.8
3.499,5.5,5.4,4.68
2.986,5.6,5.0,3.85
2.409,8.6,3.97,3.45
2.409,8.0,3.97,2.986
2.0,8.1,2.9,3.87
3.499,7.4,2.9,4.8127
5.5,5.4,2.5,5.5649
5.6,5.0,2.5,5.6
8.6,3.97,2.9,8.8
8.0,3.97,2.9,8.8
8.1,2.9,4.68,8.5
7.4,2.9,6.8,8.9539
5.4,2.5,4.68,8.9
5.0,2.5,3.85,7.03
3.97,2.9,3.45,3.97
3.97,2.9,2.986,4.34
2.9,4.68,3.87,3.97
2.9,6.8,4.8127,3.97
2.5,4.68,5.5649,3.85
2.5,3.85,5.6,3.944
2.9,3.45,8.8,3.944
2.9,2.986,8.8,3.944
4.68,3.87,8.5,5.88
6.8,4.8127,8.9539,6.9
4.68,5.5649,8.9,6.9
3.85,5.6,7.03,6.9
3.45,8.8,3.97,5.6
2.986,8.8,4.34,5.6
3.87,8.5,3.97,5.6
4.8127,8.9539,3.97,5.6
5.5649,8.9,3.85,5.6
5.6,7.03,3.944,5.6
8.8,3.97,3.944,9.0
8.8,4.34,3.944,8.9524
8.5,3.97,5.88,8.9175
8.9539,3.97,6.9,8.93
8.9,3.85,6.9,8.9
7.03,3.944,6.9,7.8
3.97,3.944,5.6,4.8
4.34,3.944,5.6,3.935
3.97,5.88,5.6,2.89
3.97,6.9,5.6,2.5
3.85,6.9,5.6,2.0
3.944,6.9,5.6,2.0
3.944,5.6,9.0,2.5
3.944,5.6,8.9524,3.935
5.88,5.6,8.9175,5.38
6.9,5.6,8.93,6.85
6.9,5.6,8.9,6.9
6.9,5.6,7.8,6.8612
5.6,9.0,4.8,4.98
5.6,8.9524,3.935,4.65
5.6,8.9175,2.89,5.0
5.6,8.93,2.5,5.6
5.6,8.9,2.0,5.6
5.6,7.8,2.0,5.6
9.0,4.8,2.5,8.8
8.9524,3.935,3.935,8.8
8.9175,2.89,5.38,8.6
8.93,2.5,6.85,8.9
8.9,2.0,6.9,8.3
7.8,2.0,6.8612,7.4
4.8,2.5,4.98,4.78
3.935,3.935,4.65,3.944
2.89,5.38,5.0,3.178
2.5,6.85,5.6,2.5
2.0,6.9,5.6,2.5
2.0,6.8612,5.6,2.5
2.5,4.98,8.8,2.6
3.935,4.65,8.8,3.0
5.38,5.0,8.6,4.68
6.85,5.6,8.9,6.85
6.9,5.6,8.3,6.85
6.8612,5.6,7.4,6.85
4.98,8.8,4.78,5.5636
4.65,8.8,3.944,5.5414
5.0,8.6,3.178,5.6
5.6,8.9,2.5,5.6
5.6,8.3,2.5,5.6
5.6,7.4,2.5,5.6
8.8,4.78,2.6,8.8
8.8,3.944,3.0,8.7
8.6,3.178,4.68,8.1
8.9,2.5,6.85,8.0
8.3,2.5,6.85,6.9
7.4,2.5,6.85,5.98
4.78,2.6,5.5636,4.34
3.944,3.0,5.5414,3.944
3.178,4.68,5.6,2.8
2.5,6.85,5.6,2.5
2.5,6.85,5.6,2.0
2.5,6.85,5.6,1.99
2.6,5.5636,8.8,2.0
3.0,5.5414,8.7,2.5
4.68,5.6,8.1,2.0
6.85,5.6,8.0,4.4
6.85,5.6,6.9,4.68
6.85,5.6,5.98,5.38
5.5636,8.8,4.34,4.98
5.5414,8.7,3.944,4.65
5.6,8.1,2.8,4.9
5.6,8.0,2.5,4.98
5.6,6.9,2.0,5.5
5.6,5.98,1.99,5.5
8.8,4.34,2.0,8.4
8.7,3.944,2.5,8.0
8.1,2.8,2.0,5.98
8.0,2.5,4.4,5.5
6.9,2.0,4.68,4.98
5.98,1.99,5.38,4.792
4.34,2.0,4.98,3.9
3.944,2.5,4.65,5.535
2.8,2.0,4.9,5.5
2.5,4.4,4.98,5.5
2.0,4.68,5.5,5.5
1.99,5.38,5.5,5.35
2.0,4.98,8.4,5.35
2.5,4.65,8.0,5.35
2.0,4.9,5.98,5.906
4.4,4.98,5.5,5.48
4.68,5.5,4.98,5.998
5.38,5.5,4.792,6.8351
4.98,8.4,3.9,5.5422
4.65,8.0,5.535,5.538
4.9,5.98,5.5,5.5386
4.98,5.5,5.5,5.5639
5.5,4.98,5.5,5.5
5.5,4.792,5.35,5.5524
8.4,3.9,5.35,8.3
8.0,5.535,5.35,8.45
5.98,5.5,5.906,8.88
5.5,5.5,5.48,8.954
4.98,5.5,5.998,9.0
4.792,5.35,6.8351,8.951
3.9,5.35,5.5422,6.83
5.535,5.35,5.538,5.18
5.5,5.906,5.5386,4.34
5.5,5.48,5.5639,4.34
5.5,5.998,5.5,4.34
5.35,6.8351,5.5524,4.34
5.35,5.5422,8.3,4.34
5.35,5.538,8.45,5.48
5.906,5.5386,8.88,6.8468
5.48,5.5639,8.954,6.9
5.998,5.5,9.0,6.9
6.8351,5.5524,8.951,6.9
5.5422,8.3,6.83,5.51
5.538,8.45,5.18,5.51
5.5386,8.88,4.34,5.51
5.5639,8.954,4.34,5.51
5.5,9.0,4.34,5.6
5.5524,8.951,4.34,5.6
8.3,6.83,4.34,8.3
8.45,5.18,5.48,8.1
8.88,4.34,6.8468,8.339
8.954,4.34,6.9,8.34
9.0,4.34,6.9,8.3
8.951,4.34,6.9,8.1
6.83,4.34,5.51,6.78
5.18,5.48,5.51,5.535
4.34,6.8468,5.51,4.34
4.34,6.9,5.51,3.89
4.34,6.9,5.6,3.89
4.34,6.9,5.6,3.89
4.34,5.51,8.3,3.925
5.48,5.51,8.1,5.535
6.8468,5.51,8.339,6.8765
6.9,5.51,8.34,6.9
6.9,5.6,8.3,6.9
6.9,5.6,8.1,6.9
5.51,8.3,6.78,5.6
5.51,8.1,5.535,5.6
5.51,8.339,4.34,5.6
5.51,8.34,3.89,5.6
5.6,8.3,3.89,5.6
5.6,8.1,3.89,5.6
8.3,6.78,3.925,8.9
8.1,5.535,5.535,8.9
8.339,4.34,6.8765,8.9
8.34,3.89,6.9,8.5
8.3,3.89,6.9,8.3
8.1,3.89,6.9,7.99
6.78,3.925,5.6,6.835
5.535,5.535,5.6,5.18
4.34,6.8765,5.6,3.875
3.89,6.9,5.6,3.76
3.89,6.9,5.6,3.76
3.89,6.9,5.6,3.76
3.925,5.6,8.9,3.875
5.535,5.6,8.9,5.0
6.8765,5.6,8.9,6.84
6.9,5.6,8.5,6.9
6.9,5.6,8.3,6.9
6.9,5.6,7.99,6.9
5.6,8.9,6.835,5.6
5.6,8.9,5.18,5.6
5.6,8.9,3.875,5.6
5.6,8.5,3.76,5.6
5.6,8.3,3.76,5.6
5.6,7.99,3.76,5.6
8.9,6.835,3.875,8.8
8.9,5.18,5.0,8.7
8.9,3.875,6.84,8.8
8.5,3.76,6.9,8.3
8.3,3.76,6.9,7.6
7.99,3.76,6.9,7.47
6.835,3.875,5.6,6.835
5.18,5.0,5.6,5.5409
3.875,6.84,5.6,3.925
3.76,6.9,5.6,3.8
3.76,6.9,5.6,2.89
3.76,6.9,5.6,2.89
3.875,5.6,8.8,3.925
5.0,5.6,8.7,5.18
6.84,5.6,8.8,6.79
6.9,5.6,8.3,6.9
6.9,5.6,7.6,6.9
6.9,5.6,7.47,6.9
5.6,8.8,6.835,5.6
5.6,8.7,5.5409,5.6
5.6,8.8,3.925,5.6
5.6,8.3,3.8,5.6
5.6,7.6,2.89,5.6
5.6,7.47,2.89,5.6
8.8,6.835,3.925,9.0
8.7,5.5409,5.18,9.0
8.8,3.925,6.79,9.0
8.3,3.8,6.9,8.9528
7.6,2.89,6.9,8.5
7.47,2.89,6.9,8.3
6.835,3.925,5.6,6.8773
5.5409,5.18,5.6,5.6
3.925,6.79,5.6,4.372
3.8,6.9,5.6,3.925
2.89,6.9,5.6,3.924
2.89,6.9,5.6,3.925
3.925,5.6,9.0,4.745
5.18,5.6,9.0,4.745
6.79,5.6,9.0,6.9
6.9,5.6,8.9528,6.9
6.9,5.6,8.5,6.9
6.9,5.6,8.3,6.9
5.6,9.0,6.8773,5.6
5.6,9.0,5.6,5.6
5.6,9.0,4.372,5.6
5.6,8.9528,3.925,5.6
5.6,8.5,3.924,5.6
5.6,8.3,3.925,5.6
9.0,6.8773,4.745,9.0
9.0,5.6,4.745,9.0
9.0,4.372,6.9,8.944
8.9528,3.925,6.9,8.94
8.5,3.924,6.9,8.7
8.3,3.925,6.9,8.6
6.8773,4.745,5.6,6.79
5.6,4.745,5.6,4.34
4.372,6.9,5.6,3.924
3.925,6.9,5.6,3.099
3.924,6.9,5.6,2.5
3.925,6.9,5.6,2.5
4.745,5.6,9.0,2.89
4.745,5.6,9.0,3.1
6.9,5.6,8.944,2.45
6.9,5.6,8.94,6.7408
6.9,5.6,8.7,6.9
6.9,5.6,8.6,6.9
5.6,9.0,6.79,5.6
5.6,9.0,4.34,5.6
5.6,8.944,3.924,5.6
5.6,8.94,3.099,5.6
5.6,8.7,2.5,5.6
5.6,8.6,2.5,5.6
9.0,6.79,2.89,8.5
9.0,4.34,3.1,7.736
8.944,3.924,2.45,7.88
8.94,3.099,6.7408,7.974
8.7,2.5,6.9,6.212
8.6,2.5,6.9,6.406
6.79,2.89,5.6,4.742
4.34,3.1,5.6,3.924
3.924,2.45,5.6,2.5
3.099,6.7408,5.6,2.0
2.5,6.9,5.6,2.0
2.5,6.9,5.6,1.799
2.89,5.6,8.5,2.0
3.1,5.6,7.736,2.5
2.45,5.6,7.88,2.5
6.7408,5.6,7.974,4.15
6.9,5.6,6.212,5.85
6.9,5.6,6.406,6.8758
5.6,8.5,4.742,5.6
5.6,7.736,3.924,5.6
5.6,7.88,2.5,5.5384
5.6,7.974,2.0,5.6
5.6,6.212,2.0,5.6
5.6,6.406,1.799,5.6
8.5,4.742,2.0,8.9444
7.736,3.924,2.5,8.94
7.88,2.5,2.5,8.2
7.974,2.0,4.15,7.522
6.212,2.0,5.85,6.945
6.406,1.799,6.8758,6.299
4.742,2.0,5.6,4.5
3.924,2.5,5.6,3.92
2.5,2.5,5.5384,2.5
2.0,4.15,5.6,2.45
2.0,5.85,5.6,2.0
1.799,6.8758,5.6,2.0
2.0,5.6,8.9444,2.5
2.5,5.6,8.94,2.5
2.5,5.5384,8.2,4.18
4.15,5.6,7.522,6.8598
5.85,5.6,6.945,6.9
6.8758,5.6,6.299,6.9
5.6,8.9444,4.5,5.6
5.6,8.94,3.92,5.6
5.5384,8.2,2.5,5.6
5.6,7.522,2.45,5.6
5.6,6.945,2.0,5.6
5.6,6.299,2.0,5.6
8.9444,4.5,2.5,8.2
8.94,3.92,2.5,5.98
8.2,2.5,4.18,5.98
7.522,2.45,6.8598,8.2
6.945,2.0,6.9,7.54
6.299,2.0,6.9,8.7
4.5,2.5,5.6,6.236
3.92,2.5,5.6,5.5442
2.5,4.18,5.6,4.34
2.45,6.8598,5.6,4.334
2.0,6.9,5.6,3.844
2.0,6.9,5.6,3.92
2.5,5.6,8.2,4.34
2.5,5.6,5.98,3.92
4.18,5.6,5.98,6.8
6.8598,5.6,8.2,6.9
6.9,5.6,7.54,6.9
6.9,5.6,8.7,6.9
5.6,8.2,6.236,5.6
5.6,5.98,5.5442,5.6
5.6,5.98,4.34,5.6
5.6,8.2,4.334,5.6
5.6,7.54,3.844,5.6
5.6,8.7,3.92,5.6
8.2,6.236,4.34,9.0
5.98,5.5442,3.92,9.0
5.98,4.34,6.8,8.9498
8.2,4.334,6.9,8.9505
7.54,3.844,6.9,8.918
8.7,3.92,6.9,8.9
6.236,4.34,5.6,6.8763
5.5442,3.92,5.6,5.18
4.34,6.8,5.6,3.92
4.334,6.9,5.6,2.89
3.844,6.9,5.6,2.5
3.92,6.9,5.6,2.5
4.34,5.6,9.0,3.92
3.92,5.6,9.0,3.92
6.8,5.6,8.9498,6.8431
6.9,5.6,8.9505,6.9
6.9,5.6,8.918,6.9
6.9,5.6,8.9,6.9
5.6,9.0,6.8763,5.6
5.6,9.0,5.18,5.6
5.6,8.9498,3.92,5.6
5.6,8.9505,2.89,5.6
5.6,8.918,2.5,5.6
5.6,8.9,2.5,5.6
9.0,6.8763,3.92,9.0
9.0,5.18,3.92,9.0
8.9498,3.92,6.8431,9.0
8.9505,2.89,6.9,8.9501
8.918,2.5,6.9,8.9462
8.9,2.5,6.9,8.9462
6.8763,3.92,5.6,5.84
5.18,3.92,5.6,5.5397
3.92,6.8431,5.6,4.32
2.89,6.9,5.6,3.898
2.5,6.9,5.6,2.89
2.5,6.9,5.6,2.89
3.92,5.6,9.0,4.32
3.92,5.6,9.0,3.92
6.8431,5.6,9.0,6.8701
6.9,5.6,8.9501,6.9
6.9,5.6,8.9462,6.9
6.9,5.6,8.9462,6.9
5.6,9.0,5.84,5.6
5.6,9.0,5.5397,5.6
5.6,9.0,4.32,5.6
5.6,8.9501,3.898,5.6
5.6,8.9462,2.89,5.6
5.6,8.9462,2.89,5.6
9.0,5.84,4.32,9.0
9.0,5.5397,3.92,9.0
9.0,4.32,6.8701,9.0
8.9501,3.898,6.9,9.0
8.9462,2.89,6.9,9.0
8.9462,2.89,6.9,8.9505
5.84,4.32,5.6,6.878
5.5397,3.92,5.6,5.5422
4.32,6.8701,5.6,4.32
3.898,6.9,5.6,3.92
2.89,6.9,5.6,3.92
2.89,6.9,5.6,3.92
4.32,5.6,9.0,4.745
3.92,5.6,9.0,4.32
6.8701,5.6,9.0,6.8
6.9,5.6,9.0,6.8738
6.9,5.6,9.0,6.8587
6.9,5.6,8.9505,6.5
5.6,9.0,6.878,4.349
5.6,9.0,5.5422,3.97
5.6,9.0,4.32,4.65
5.6,9.0,3.92,5.6
5.6,9.0,3.92,5.6
5.6,8.9505,3.92,5.6
9.0,6.878,4.745,9.0
9.0,5.5422,4.32,8.9526
9.0,4.32,6.8,8.9474
9.0,3.92,6.8738,8.9
9.0,3.92,6.8587,8.9
8.9505,3.92,6.5,8.7
6.878,4.745,4.349,6.8505
5.5422,4.32,3.97,5.6
4.32,6.8,4.65,5.5396
3.92,6.8738,5.6,4.745
3.92,6.8587,5.6,4.304
3.92,6.5,5.6,4.32
4.745,4.349,9.0,5.5377
4.32,3.97,8.9526,5.5442
6.8,4.65,8.9474,5.6
6.8738,5.6,8.9,6.8
6.8587,5.6,8.9,4.615
6.5,5.6,8.7,3.905
4.349,9.0,6.8505,2.998
3.97,8.9526,5.6,2.998
4.65,8.9474,5.5396,3.905
5.6,8.9,4.745,5.5624
5.6,8.9,4.304,5.6
5.6,8.7,4.32,5.6
9.0,6.8505,5.5377,8.9
8.9526,5.6,5.5442,8.9
8.9474,5.5396,5.6,8.7
8.9,4.745,6.8,8.9
8.9,4.304,4.615,8.5
8.7,4.32,3.905,7.999
6.8505,5.5377,2.998,4.78
5.6,5.5442,2.998,5.542
5.5396,5.6,3.905,4.413
4.745,6.8,5.5624,3.849
4.304,4.615,5.6,3.0
4.32,3.905,5.6,2.89
5.5377,2.998,8.9,3.849
5.5442,2.998,8.9,4.32
5.6,3.905,8.7,4.115
6.8,5.5624,8.9,6.5
4.615,5.6,8.5,6.8791
3.905,5.6,7.999,6.9
2.998,8.9,4.78,5.6
2.998,8.9,5.542,5.6
3.905,8.7,4.413,5.6
5.5624,8.9,3.849,5.6
5.6,8.5,3.0,5.6
5.6,7.999,2.89,5.6
8.9,4.78,3.849,8.9508
8.9,5.542,4.32,8.9494
8.7,4.413,4.115,8.946
8.9,3.849,6.5,8.9507
8.5,3.0,6.8791,8.95
7.999,2.89,6.9,8.951
4.78,3.849,5.6,5.45
5.542,4.32,5.6,4.745
4.413,4.115,5.6,3.92
3.849,6.5,5.6,2.89
3.0,6.8791,5.6,2.5
2.89,6.9,5.6,2.5
3.849,5.6,8.9508,3.849
4.32,5.6,8.9494,5.0596
4.115,5.6,8.946,6.8774
6.5,5.6,8.9507,6.8796
6.8791,5.6,8.95,6.9
6.9,5.6,8.951,6.9
5.6,8.9508,5.45,5.6
5.6,8.9494,4.745,5.6
5.6,8.946,3.92,5.6
5.6,8.9507,2.89,5.6
5.6,8.95,2.5,5.6
5.6,8.951,2.5,5.6
8.9508,5.45,3.849,8.9479
8.9494,4.745,5.0596,8.9523
8.946,3.92,6.8774,8.9502
8.9507,2.89,6.8796,8.9154
8.95,2.5,6.9,8.9528
8.951,2.5,6.9,8.9175
5.45,3.849,5.6,6.8758
4.745,5.0596,5.6,4.32
3.92,6.8774,5.6,3.92
2.89,6.8796,5.6,2.5
2.5,6.9,5.6,2.0
2.5,6.9,5.6,2.5
3.849,5.6,8.9479,3.748
5.0596,5.6,8.9523,4.32
6.8774,5.6,8.9502,5.6
6.8796,5.6,8.9154,5.6
6.9,5.6,8.9528,6.8577
6.9,5.6,8.9175,6.83
5.6,8.9479,6.8758,5.6
5.6,8.9523,4.32,5.6
5.6,8.9502,3.92,5.6
5.6,8.9154,2.5,5.6
5.6,8.9528,2.0,5.6
5.6,8.9175,2.5,5.6
8.9479,6.8758,3.748,8.94
8.9523,4.32,4.32,8.94
8.9502,3.92,5.6,8.94
8.9154,2.5,5.6,8.94
8.9528,2.0,6.8577,8.94
8.9175,2.5,6.83,8.5
6.8758,3.748,5.6,6.027
4.32,4.32,5.6,3.5482
3.92,5.6,5.6,3.849
2.5,5.6,5.6,2.5
2.0,6.8577,5.6,2.5
2.5,6.83,5.6,2.5
3.748,5.6,8.94,3.92
4.32,5.6,8.94,3.92
5.6,5.6,8.94,4.18
5.6,5.6,8.94,5.6
6.8577,5.6,8.94,5.6
6.83,5.6,8.5,4.0
5.6,8.94,6.027,3.8
5.6,8.94,3.5482,3.35
5.6,8.94,3.849,3.6
5.6,8.94,2.5,4.0
5.6,8.94,2.5,5.4
5.6,8.5,2.5,5.5626
8.94,6.027,3.92,8.9
8.94,3.5482,3.92,8.8
8.94,3.849,4.18,8.8
8.94,2.5,5.6,8.6
8.94,2.5,5.6,8.6
8.5,2.5,4.0,8.6
6.027,3.92,3.8,5.6
3.5482,3.92,3.35,4.304
3.849,4.18,3.6,5.4
2.5,5.6,4.0,4.32
2.5,5.6,5.4,4.304
2.5,4.0,5.5626,3.92
3.92,3.8,8.9,4.32
3.92,3.35,8.8,4.0
4.18,3.6,8.8,4.68
5.6,4.0,8.6,6.8779
5.6,5.4,8.6,6.8726
4.0,5.5626,8.6,6.83
3.8,8.9,5.6,3.97
3.35,8.8,4.304,3.05
3.6,8.8,5.4,3.9
4.0,8.6,4.32,5.5388
5.4,8.6,4.304,5.6
5.5626,8.6,3.92,5.6
8.9,5.6,4.32,8.9
8.8,4.304,4.0,8.9
8.8,5.4,4.68,8.85
8.6,4.32,6.8779,8.2
8.6,4.304,6.8726,4.98
8.6,3.92,6.83,4.98
5.6,4.32,3.97,4.32
4.304,4.0,3.05,4.0
5.4,4.68,3.9,4.0
4.32,6.8779,5.5388,3.0
4.304,6.8726,5.6,2.89
3.92,6.83,5.6,3.0
4.32,3.97,8.9,3.849
4.0,3.05,8.9,3.5
4.68,3.9,8.85,5.267
6.8779,5.5388,8.2,6.83
6.8726,5.6,4.98,6.83
6.83,5.6,4.98,5.6
3.97,8.9,4.32,3.97
3.05,8.9,4.0,3.8
3.9,8.85,4.0,4.2
5.5388,8.2,3.0,5.5657
5.6,4.98,2.89,5.6
5.6,4.98,3.0,5.6
8.9,4.32,3.849,8.9
8.9,4.0,3.5,8.85
8.85,4.0,5.267,8.5
8.2,3.0,6.83,8.4
4.98,2.89,6.83,7.1745
4.98,3.0,5.6,5.6385
4.32,3.849,3.97,4.32
4.0,3.5,3.8,3.849
4.0,5.267,4.2,3.8
3.0,6.83,5.5657,3.885
2.89,6.83,5.6,3.0
3.0,5.6,5.6,3.0
3.849,3.97,8.9,2.678
3.5,3.8,8.85,2.5
5.267,4.2,8.5,2.678
6.83,5.5657,8.4,5.41
6.83,5.6,7.1745,6.83
5.6,5.6,5.6385,6.877
3.97,8.9,4.32,5.6
3.8,8.85,3.849,5.5654
4.2,8.5,3.8,5.5656
5.5657,8.4,3.885,5.5387
5.6,7.1745,3.0,5.5632
5.6,5.6385,3.0,5.6
8.9,4.32,2.678,8.9
8.85,3.849,2.5,8.3
8.5,3.8,2.678,8.0
8.4,3.885,5.41,6.701
7.1745,3.0,6.83,5.0
5.6385,3.0,6.877,4.945
4.32,2.678,5.6,3.5
3.849,2.5,5.5654,3.885
3.8,2.678,5.5656,2.89
3.885,5.41,5.5387,2.89
3.0,6.83,5.5632,2.89
3.0,6.877,5.6,2.89
2.678,5.6,8.9,2.89
2.5,5.5654,8.3,2.89
2.678,5.5656,8.0,2.678
5.41,5.5387,6.701,4.2
6.83,5.5632,5.0,5.845
6.877,5.6,4.945,3.935
5.6,8.9,3.5,3.3
5.5654,8.3,3.885,3.3
5.5656,8.0,2.89,3.3
5.5387,6.701,2.89,3.935
5.5632,5.0,2.89,5.5
5.6,4.945,2.89,5.6
8.9,3.5,2.89,8.9
8.3,3.885,2.89,8.9
8.0,2.89,2.678,8.6
6.701,2.89,4.2,8.9
5.0,2.89,5.845,8.9516
4.945,2.89,3.935,8.6
3.5,2.89,3.3,5.145
3.885,2.89,3.3,4.27
2.89,2.678,3.3,3.849
2.89,4.2,3.935,3.87
2.89,5.845,5.5,3.87
2.89,3.935,5.6,3.87
2.89,3.3,8.9,3.849
2.89,3.3,8.9,4.27
2.678,3.3,8.6,5.8
4.2,3.935,8.9,6.9
5.845,5.5,8.9516,6.9
3.935,5.6,8.6,6.9
3.3,8.9,5.145,5.6
3.3,8.9,4.27,5.6
3.3,8.6,3.849,5.6
3.935,8.9,3.87,5.6
5.5,8.9516,3.87,5.6
5.6,8.6,3.87,5.6
8.9,5.145,3.849,8.9
8.9,4.27,4.27,8.9
8.6,3.849,5.8,8.9492
8.9,3.87,6.9,8.9533
8.9516,3.87,6.9,8.9499
8.6,3.87,6.9,8.9473
5.145,3.849,5.6,4.752
4.27,4.27,5.6,3.0
3.849,5.8,5.6,2.678
3.87,6.9,5.6,2.5
3.87,6.9,5.6,2.0
3.87,6.9,5.6,2.0
3.849,5.6,8.9,2.5
4.27,5.6,8.9,2.89
5.8,5.6,8.9492,4.307
6.9,5.6,8.9533,5.38
6.9,5.6,8.9499,6.8785
6.9,5.6,8.9473,6.83
5.6,8.9,4.752,4.5
5.6,8.9,3.0,4.5
5.6,8.9492,2.678,4.5
5.6,8.9533,2.5,5.5168
5.6,8.9499,2.0,5.5142
5.6,8.9473,2.0,5.6
8.9,4.752,2.5,8.6
8.9,3.0,2.89,8.9
8.9492,2.678,4.307,8.9
8.9533,2.5,5.38,8.9
8.9499,2.0,6.8785,8.6
8.9473,2.0,6.83,8.6
4.752,2.5,4.5,3.97
3.0,2.89,4.5,3.5
2.678,4.307,4.5,2.89
2.5,5.38,5.5168,2.678
2.0,6.8785,5.5142,2.5
2.0,6.83,5.6,2.5
2.5,4.5,8.6,2.89
2.89,4.5,8.9,2.89
4.307,4.5,8.9,3.0
5.38,5.5168,8.9,4.2
6.8785,5.5142,8.6,5.55
6.83,5.6,8.6,5.38
4.5,8.6,3.97,4.295
4.5,8.9,3.5,4.295
4.5,8.9,2.89,4.295
5.5168,8.9,2.678,4.65
5.5142,8.6,2.5,4.65
5.6,8.6,2.5,5.32
8.6,3.97,2.89,8.8
8.9,3.5,2.89,8.8
8.9,2.89,3.0,8.5
8.9,2.678,4.2,6.975
8.6,2.5,5.55,8.8
8.6,2.5,5.38,5.6
3.97,2.89,4.295,4.2
3.5,2.89,4.295,5.6
2.89,3.0,4.295,2.89
2.678,4.2,4.65,2.5
2.5,5.55,4.65,2.5
2.5,5.38,5.32,2.5
2.89,4.295,8.8,3.8
2.89,4.295,8.8,4.32
3.0,4.295,8.5,6.9
4.2,4.65,6.975,6.9
5.55,4.65,8.8,6.9
5.38,5.32,5.6,6.9
4.295,8.8,4.2,5.6
4.295,8.8,5.6,5.6
4.295,8.5,2.89,5.6
4.65,6.975,2.5,5.6
4.65,8.8,2.5,5.6
5.32,5.6,2.5,5.6
8.8,4.2,3.8,9.0
8.8,5.6,4.32,9.0
8.5,2.89,6.9,9.0
6.975,2.5,6.9,9.0
8.8,2.5,6.9,9.0
5.6,2.5,6.9,9.0
4.2,3.8,5.6,6.9
5.6,4.32,5.6,3.92
2.89,6.9,5.6,3.8
2.5,6.9,5.6,2.39
2.5,6.9,5.6,2.39
2.5,6.9,5.6,2.39
3.8,5.6,9.0,3.48
4.32,5.6,9.0,4.745
6.9,5.6,9.0,5.38
6.9,5.6,9.0,6.9
6.9,5.6,9.0,6.9
6.9,5.6,9.0,6.9
5.6,9.0,6.9,5.6
5.6,9.0,3.92,5.6
5.6,9.0,3.8,5.6
5.6,9.0,2.39,5.6
5.6,9.0,2.39,5.6
5.6,9.0,2.39,5.6
9.0,6.9,3.48,9.0
9.0,3.92,4.745,8.9466
9.0,3.8,5.38,8.8
9.0,2.39,6.9,9.0
9.0,2.39,6.9,8.9536
9.0,2.39,6.9,5.98
6.9,3.48,5.6,6.843
3.92,4.745,5.6,5.5389
3.8,5.38,5.6,4.32
2.39,6.9,5.6,3.92
2.39,6.9,5.6,2.89
2.39,6.9,5.6,2.89
3.48,5.6,9.0,3.92
4.745,5.6,8.9466,4.32
5.38,5.6,8.8,4.68
6.9,5.6,9.0,5.893
6.9,5.6,8.9536,6.9
6.9,5.6,5.98,6.9
5.6,9.0,6.843,5.6
5.6,8.9466,5.5389,5.6
5.6,8.8,4.32,5.6
5.6,9.0,3.92,5.6
5.6,8.9536,2.89,5.6
5.6,5.98,2.89,5.6
9.0,6.843,3.92,9.0
8.9466,5.5389,4.32,8.9503
8.8,4.32,4.68,8.9515
9.0,3.92,5.893,8.8
8.9536,2.89,6.9,8.9538
5.98,2.89,6.9,8.3
6.843,3.92,5.6,6.8775
5.5389,4.32,5.6,5.5433
4.32,4.68,5.6,5.18
3.92,5.893,5.6,4.745
2.89,6.9,5.6,3.92
2.89,6.9,5.6,3.92
3.92,5.6,9.0,4.32
4.32,5.6,8.9503,4.745
4.68,5.6,8.9515,4.68
5.893,5.6,8.8,6.8798
6.9,5.6,8.9538,6.9
6.9,5.6,8.3,6.9
5.6,9.0,6.8775,5.6
5.6,8.9503,5.5433,5.6
5.6,8.9515,5.18,5.6
5.6,8.8,4.745,5.6
5.6,8.9538,3.92,5.6
5.6,8.3,3.92,5.6
9.0,6.8775,4.32,9.0
8.9503,5.5433,4.745,9.0
8.9515,5.18,4.68,9.0
8.8,4.745,6.8798,8.9483
8.9538,3.92,6.9,8.9
8.3,3.92,6.9,8.9176
6.8775,4.32,5.6,6.874
5.5433,4.745,5.6,3.8
5.18,4.68,5.6,3.5
4.745,6.8798,5.6,2.89
3.92,6.9,5.6,2.678
3.92,6.9,5.6,2.7
4.32,5.6,9.0,2.9
4.745,5.6,9.0,3.92
4.68,5.6,9.0,4.68
6.8798,5.6,8.9483,6.9
6.9,5.6,8.9,6.9
6.9,5.6,8.9176,6.9
5.6,9.0,6.874,5.6
5.6,9.0,3.8,5.6
5.6,9.0,3.5,5.6
5.6,8.9483,2.89,5.6
5.6,8.9,2.678,5.6
5.6,8.9176,2.7,5.6
9.0,6.874,2.9,9.0
9.0,3.8,3.92,9.0
9.0,3.5,4.68,8.9518
8.9483,2.89,6.9,8.605
8.9,2.678,6.9,8.3
8.9176,2.7,6.9,8.4
6.874,2.9,5.6,6.5
3.8,3.92,5.6,3.0
3.5,4.68,5.6,2.678
2.89,6.9,5.6,2.5
2.678,6.9,5.6,2.5
2.7,6.9,5.6,2.5
2.9,5.6,9.0,2.5
3.92,5.6,9.0,2.7
4.68,5.6,8.9518,2.5
6.9,5.6,8.605,4.3
6.9,5.6,8.3,4.3
6.9,5.6,8.4,3.97
5.6,9.0,6.5,3.8
5.6,9.0,3.0,3.05
5.6,8.9518,2.678,3.5
5.6,8.605,2.5,3.97
5.6,8.3,2.5,5.3
5.6,8.4,2.5,5.5679
9.0,6.5,2.5,8.4
9.0,3.0,2.7,8.2
8.9518,2.678,2.5,8.0
8.605,2.5,4.3,6.0
8.3,2.5,4.3,4.98
8.4,2.5,3.97,4.98
6.5,2.5,3.8,5.5
3.0,2.7,3.05,0.057
2.678,2.5,3.5,0.057
2.5,4.3,3.97,0.0556
2.5,4.3,5.3,0.038
2.5,3.97,5.5679,0.032
2.5,3.8,8.4,0.03
2.7,3.05,8.2,0.03
2.5,3.5,8.0,0.065
4.3,3.97,6.0,0.2
4.3,5.3,4.98,0.246
3.97,5.5679,4.98,0.246
3.8,8.4,5.5,0.09
3.05,8.2,0.057,0.09
3.5,8.0,0.057,0.093
3.97,6.0,0.0556,0.16
5.3,4.98,0.038,0.6
5.5679,4.98,0.032,0.96
8.4,5.5,0.03,1.21
8.2,0.057,0.03,0.999
8.0,0.057,0.065,0.72
6.0,0.0556,0.2,0.47
4.98,0.038,0.246,0.14
4.98,0.032,0.246,0.068
5.5,0.03,0.09,0.07
0.057,0.03,0.09,0.026
0.057,0.065,0.093,0.011
0.0556,0.2,0.16,0.011
0.038,0.246,0.6,0.011
0.032,0.246,0.96,0.011
0.03,0.09,1.21,0.011
0.03,0.09,0.999,0.028
0.065,0.093,0.72,0.205
0.2,0.16,0.47,2.7
0.246,0.6,0.14,3.0
0.246,0.96,0.068,2.489
0.09,1.21,0.07,2.415
0.09,0.999,0.026,2.415
0.093,0.72,0.011,2.489
0.16,0.47,0.011,2.862
0.6,0.14,0.011,2.989
0.96,0.068,0.011,3.2
1.21,0.07,0.011,3.499
0.999,0.026,0.028,3.286
0.72,0.011,0.205,3.2
0.47,0.011,2.7,2.75
0.14,0.011,3.0,2.489
0.068,0.011,2.489,0.068
0.07,0.011,2.415,0.07
0.026,0.028,2.415,0.026
0.011,0.205,2.489,0.02
0.011,2.7,2.862,0.01
0.011,3.0,2.989,0.01
0.011,2.489,3.2,0.01
0.011,2.415,3.499,0.01
0.028,2.415,3.286,1.0
0.205,2.489,3.2,2.54
2.7,2.862,2.75,3.2
3.0,2.989,2.489,3.6
2.489,3.2,0.068,3.297
2.415,3.499,0.07,2.989
2.415,3.286,0.026,2.9
2.489,3.2,0.02,3.1117
2.862,2.75,0.01,3.3
2.989,2.489,0.01,3.4
3.2,0.068,0.01,3.499
3.499,0.07,0.01,3.6
3.286,0.026,1.0,3.6
3.2,0.02,2.54,3.499
2.75,0.01,3.2,3.29
2.489,0.01,3.6,2.9
0.068,0.01,3.297,2.0
0.07,0.01,2.989,1.6
0.026,1.0,2.9,2.09
0.02,2.54,3.1117,1.995
0.01,3.2,3.3,0.147
0.01,3.6,3.4,0.02
0.01,3.297,3.499,0.01
0.01,2.989,3.6,0.01
1.0,2.9,3.6,1.995
2.54,3.1117,3.499,2.455
3.2,3.3,3.29,2.09
3.6,3.4,2.9,2.3
3.297,3.499,2.0,2.079
2.989,3.6,1.6,2.0
2.9,3.6,2.09,1.88
3.1117,3.499,1.995,2.005
3.3,3.29,0.147,2.3
3.4,2.9,0.02,2.5
3.499,2.0,0.01,2.537
3.6,1.6,0.01,2.537
3.6,2.09,1.995,2.537
3.499,1.995,2.455,2.537
3.29,0.147,2.09,2.3
2.9,0.02,2.3,1.65
2.0,0.01,2.079,2.09
1.6,0.01,2.0,2.09
2.09,1.995,1.88,2.09
1.995,2.455,2.005,1.6
0.147,2.09,2.3,0.2
0.02,2.3,2.5,0.2
0.01,2.079,2.537,0.1
0.01,2.0,2.537,0.02
1.995,1.88,2.537,1.2
2.455,2.005,2.537,2.4
2.09,2.3,2.3,2.09
2.3,2.5,1.65,2.1
2.079,2.537,2.09,1.995
2.0,2.537,2.09,1.995
1.88,2.537,2.09,1.992
2.005,2.537,1.6,1.995
2.3,2.3,0.2,2.09
2.5,1.65,0.2,2.9
2.537,2.09,0.1,3.2
2.537,2.09,0.02,2.989
2.537,2.09,1.2,2.989
2.537,1.6,2.4,2.989
2.3,0.2,2.09,2.489
1.65,0.2,2.1,2.09
2.09,0.1,1.995,2.489
2.09,0.02,1.995,2.489
2.09,1.2,1.992,2.489
1.6,2.4,1.995,0.5
0.2,2.09,2.09,0.063
0.2,2.1,2.9,0.01
0.1,1.995,3.2,0.01
0.02,1.995,2.989,0.01
1.2,1.992,2.989,0.01
2.4,1.995,2.989,0.099
2.09,2.09,2.489,0.099
2.1,2.9,2.09,0.739
1.995,3.2,2.489,0.99
1.995,2.989,2.489,0.739
1.992,2.989,2.489,0.68
1.995,2.989,0.5,1.799
2.09,2.489,0.063,2.09
2.9,2.09,0.01,2.489
3.2,2.489,0.01,3.0
2.989,2.489,0.01,3.095
2.989,2.489,0.01,3.0
2.989,0.5,0.099,2.6
2.489,0.063,0.099,2.09
2.09,0.01,0.739,1.99
2.489,0.01,0.99,2.09
2.489,0.01,0.739,1.99
2.489,0.01,0.68,2.09
0.5,0.099,1.799,1.1
0.063,0.099,2.09,0.3
0.01,0.739,2.489,0.087
0.01,0.99,3.0,0.2
0.01,0.739,3.095,0.2
0.01,0.68,3.0,0.2
0.099,1.799,2.6,0.034
0.099,2.09,2.09,1.75
0.739,2.489,1.99,2.55
0.99,3.0,2.09,2.95
0.739,3.095,1.99,2.989
0.68,3.0,2.09,2.989
1.799,2.6,1.1,2.989
2.09,2.09,0.3,2.989
2.489,1.99,0.087,2.989
3.0,2.09,0.2,3.354
3.095,1.99,0.2,3.65
3.0,2.09,0.2,3.354
2.6,1.1,0.034,3.35
2.09,0.3,1.75,3.354
1.99,0.087,2.55,2.554
2.09,0.2,2.95,2.0
1.99,0.2,2.989,2.06
2.09,0.2,2.989,2.599
1.1,0.034,2.989,2.09
0.3,1.75,2.989,1.6
0.087,2.55,2.989,1.0
0.2,2.95,3.354,1.2
0.2,2.989,3.65,2.09
0.2,2.989,3.354,2.734
0.034,2.989,3.35,3.199
1.75,2.989,3.354,4.5
2.55,2.989,2.554,6.2775
2.95,3.354,2.0,6.52
2.989,3.65,2.06,5.164
2.989,3.354,2.599,4.9488
2.989,3.35,2.09,4.9525
2.989,3.354,1.6,4.95
2.989,2.554,1.0,4.9514
3.354,2.0,1.2,4.9535
3.65,2.06,2.09,6.4465
3.354,2.599,2.734,6.4176
3.35,2.09,3.199,5.644
3.354,1.6,4.5,5.7
2.554,1.0,6.2775,4.1
2.0,1.2,6.52,2.7
2.06,2.09,5.164,2.719
2.599,2.734,4.9488,2.695
2.09,3.199,4.9525,2.5
1.6,4.5,4.95,2.499
1.0,6.2775,4.9514,2.09
1.2,6.52,4.9535,2.09
2.09,5.164,6.4465,2.5
2.734,4.9488,6.4176,2.7738
3.199,4.9525,5.644,3.354
4.5,4.95,5.7,4.1
6.2775,4.9514,4.1,4.1
6.52,4.9535,2.7,3.354
5.164,6.4465,2.719,2.998
4.9488,6.4176,2.695,2.695
4.9525,5.644,2.5,2.7
4.95,5.7,2.499,3.597
4.9514,4.1,2.09,4.95
4.9535,2.7,2.09,5.588
6.4465,2.719,2.5,7.2142
6.4176,2.695,2.7738,6.591
5.644,2.5,3.354,6.529
5.7,2.499,4.1,7.1
4.1,2.09,4.1,5.9
2.7,2.09,3.354,3.2
2.719,2.5,2.998,2.988
2.695,2.7738,2.695,2.735
2.5,3.354,2.7,2.695
2.499,4.1,3.597,2.695
2.09,4.1,4.95,2.499
2.09,3.354,5.588,2.65
2.5,2.998,7.2142,2.695
2.7738,2.695,6.591,2.9
3.354,2.7,6.529,3.5
4.1,3.597,7.1,4.95
4.1,4.95,5.9,6.0312
3.354,5.588,3.2,4.95
2.998,7.2142,2.988,4.0
2.695,6.591,2.735,3.7
2.7,6.529,2.695,4.0
3.597,7.1,2.695,4.95
4.95,5.9,2.499,5.4987
5.588,3.2,2.65,5.6
7.2142,2.988,2.695,7.2134
6.591,2.735,2.9,7.0
6.529,2.695,3.5,6.637
7.1,2.695,4.95,6.8376
5.9,2.499,6.0312,6.7
3.2,2.65,4.95,4.95
2.988,2.695,4.0,3.0
2.735,2.9,3.7,2.8
2.695,3.5,4.0,2.8254
2.695,4.95,4.95,2.7714
2.499,6.0312,5.4987,2.755
2.65,4.95,5.6,2.7704
2.695,4.0,7.2134,2.8266
2.9,3.7,7.0,3.0
3.5,4.0,6.637,3.597
4.95,4.95,6.8376,5.6
6.0312,5.4987,6.7,6.6673
4.95,5.6,4.95,6.8244
4.0,7.2134,3.0,5.6
3.7,7.0,2.8,5.6
4.0,6.637,2.8254,5.6
4.95,6.8376,2.7714,5.6
5.4987,6.7,2.755,5.6
5.6,4.95,2.7704,5.6
7.2134,3.0,2.8266,6.7
7.0,2.8,3.0,6.3659
6.637,2.8254,3.597,6.127
6.8376,2.7714,5.6,6.2228
6.7,2.755,6.6673,6.688
4.95,2.7704,6.8244,7.3028
3.0,2.8266,5.6,3.0
2.8,3.0,5.6,2.9232
2.8254,3.597,5.6,2.851
2.7714,5.6,5.6,2.8
2.755,6.6673,5.6,2.755
2.7704,6.8244,5.6,2.755
2.8266,5.6,6.7,2.8248
3.0,5.6,6.3659,3.0
3.597,5.6,6.127,4.3
5.6,5.6,6.2228,5.6
6.6673,5.6,6.688,4.95
6.8244,5.6,7.3028,4.2
5.6,6.7,3.0,3.829
5.6,6.3659,2.9232,3.5
5.6,6.127,2.851,3.597
5.6,6.2228,2.8,4.7
5.6,6.688,2.755,5.4995
5.6,7.3028,2.755,5.6
6.7,3.0,2.8248,7.301
6.3659,2.9232,3.0,7.2434
6.127,2.851,4.3,7.0
6.2228,2.8,5.6,7.2973
6.688,2.755,4.95,7.2127
7.3028,2.755,4.2,7.198
3.0,2.8248,3.829,3.0
2.9232,3.0,3.5,2.985
2.851,4.3,3.597,2.71
2.8,5.6,4.7,2.6976
2.755,4.95,5.4995,2.6994
2.755,4.2,5.6,2.6993
2.8248,3.829,7.301,2.6974
3.0,3.5,7.2434,2.75
4.3,3.597,7.0,3.1
5.6,4.7,7.2973,4.0
4.95,5.4995,7.2127,4.95
4.2,5.6,7.198,4.7
3.829,7.301,3.0,4.0987
3.5,7.2434,2.985,3.936
3.597,7.0,2.71,3.6
4.7,7.2973,2.6976,4.1006
5.4995,7.2127,2.6994,4.1032
5.6,7.198,2.6993,4.9
7.301,3.0,2.6974,5.6
7.2434,2.985,2.75,5.6
7.0,2.71,3.1,5.3
7.2973,2.6976,4.0,5.6
7.2127,2.6994,4.95,5.15
7.198,2.6993,4.7,4.9
3.0,2.6974,4.0987,3.0
2.985,2.75,3.936,2.72
2.71,3.1,3.6,2.6692
2.6976,4.0,4.1006,2.6278
2.6994,4.95,4.1032,2.62
2.6993,4.7,4.9,2.62
2.6974,4.0987,5.6,2.62
2.75,3.936,5.6,2.62
3.1,3.6,5.3,2.1
4.0,4.1006,5.6,3.29
4.95,4.1032,5.15,3.82
4.7,4.9,4.9,3.9
4.0987,5.6,3.0,3.444
3.936,5.6,2.72,3.31
3.6,5.3,2.6692,3.29
4.1006,5.6,2.6278,3.354
4.1032,5.15,2.62,3.597
4.9,4.9,2.62,3.988
5.6,3.0,2.62,4.9
5.6,2.72,2.62,4.95
5.3,2.6692,2.1,4.9
5.6,2.6278,3.29,4.95
5.15,2.62,3.82,4.9
4.9,2.62,3.9,3.9775
3.0,2.62,3.444,3.0
2.72,2.62,3.31,2.72
2.6692,2.1,3.29,2.499
2.6278,3.29,3.354,2.499
2.62,3.82,3.597,2.499
2.62,3.9,3.988,2.499
2.62,3.444,4.9,2.619
2.62,3.31,4.95,2.821
2.1,3.29,4.9,4.5888
3.29,3.354,4.95,6.0
3.82,3.597,4.9,4.98
3.9,3.988,3.9775,4.4
3.444,4.9,3.0,3.8
3.31,4.95,2.72,3.499
3.29,4.9,2.499,3.4
3.354,4.95,2.499,3.829
3.597,4.9,2.499,4.5261
3.988,3.9775,2.499,4.9
4.9,3.0,2.619,5.1
4.95,2.72,2.821,5.15
4.9,2.499,4.5888,5.029
4.95,2.499,6.0,5.0
4.9,2.499,4.98,4.671
3.9775,2.499,4.4,4.028
3.0,2.619,3.8,3.0
2.72,2.821,3.499,2.699
2.499,4.5888,3.4,2.499
2.499,6.0,3.829,2.499
2.499,4.98,4.5261,2.09
2.499,4.4,4.9,2.499
2.619,3.8,5.1,2.699
2.821,3.499,5.15,3.0
4.5888,3.4,5.029,4.68
6.0,3.829,5.0,6.0
4.98,4.5261,4.671,6.517
4.4,4.9,4.028,5.677
3.8,5.1,3.0,5.0
3.499,5.15,2.699,4.2
3.4,5.029,2.499,4.2
3.829,5.0,2.499,4.488
4.5261,4.671,2.09,5.15
4.9,4.028,2.499,5.509
5.1,3.0,2.699,6.5
5.15,2.699,3.0,6.4
5.029,2.499,4.68,6.5
5.0,2.499,6.0,6.4
4.671,2.09,6.517,6.3436
4.028,2.499,5.677,4.472
3.0,2.699,5.0,3.0
2.699,3.0,4.2,2.75
2.499,4.68,4.2,2.699
2.499,6.0,4.488,2.699
2.09,6.517,5.15,2.699
2.499,5.677,5.509,2.699
2.699,5.0,6.5,2.75
3.0,4.2,6.4,3.0
4.68,4.2,6.5,5.3837
6.0,4.488,6.4,6.4
6.517,5.15,6.3436,6.0746
5.677,5.509,4.472,4.899
5.0,6.5,3.0,4.2
4.2,6.4,2.75,3.748
4.2,6.5,2.699,4.0447
4.488,6.4,2.699,4.8
5.15,6.3436,2.699,5.6
5.509,4.472,2.699,5.6
6.5,3.0,2.75,7.5
6.4,2.75,3.0,7.2
6.5,2.699,5.3837,6.651
6.4,2.699,6.4,6.5
6.3436,2.699,6.0746,6.204
4.472,2.699,4.899,4.08
3.0,2.75,4.2,3.0
2.75,3.0,3.748,2.09
2.699,5.3837,4.0447,1.499
2.699,6.4,4.8,1.3495
2.699,6.0746,5.6,0.998
2.699,4.899,5.6,0.998
2.75,4.2,7.5,1.08
3.0,3.748,7.2,2.499
5.3837,4.0447,6.651,3.344
6.4,4.8,6.5,4.5
6.0746,5.6,6.204,6.0751
4.899,5.6,4.08,5.8064
4.2,7.5,3.0,4.8549
3.748,7.2,2.09,4.647
4.0447,6.651,1.499,4.2
4.8,6.5,1.3495,4.5
5.6,6.204,0.998,4.582
5.6,4.08,0.998,4.8532
7.5,3.0,1.08,5.2
7.2,2.09,2.499,5.2
6.651,1.499,3.344,4.8
6.5,1.3495,4.5,3.79
6.204,0.998,6.0751,4.1
4.08,0.998,5.8064,2.999
3.0,1.08,4.8549,2.9
2.09,2.499,4.647,2.68
1.499,3.344,4.2,2.68
1.3495,4.5,4.5,2.6
0.998,6.0751,4.582,2.499
0.998,5.8064,4.8532,2.499
1.08,4.8549,5.2,2.68
2.499,4.647,5.2,2.8082
3.344,4.2,4.8,3.3
4.5,4.5,3.79,4.8
6.0751,4.582,4.1,6.4518
5.8064,4.8532,2.999,6.5
4.8549,5.2,2.9,5.0234
4.647,5.2,2.68,5.0243
4.2,4.8,2.68,5.0232
4.5,3.79,2.6,5.0254
4.582,4.1,2.499,5.0253
4.8532,2.999,2.499,5.0274
5.2,2.9,2.68,5.8
5.2,2.68,2.8082,4.95
4.8,2.68,3.3,4.59
3.79,2.6,4.8,4.59
4.1,2.499,6.4518,4.2
2.999,2.499,6.5,3.8
2.9,2.68,5.0234,2.9234
2.68,2.8082,5.0243,2.664
2.68,3.3,5.0232,2.4
2.6,4.8,5.0254,2.09
2.499,6.4518,5.0253,2.08
2.499,6.5,5.0274,2.08
2.68,5.0234,5.8,2.08
2.8082,5.0243,4.95,2.09
3.3,5.0232,4.59,2.08
4.8,5.0254,4.59,3.408
6.4518,5.0253,4.2,3.676
6.5,5.0274,3.8,3.69
5.0234,5.8,2.9234,3.45
5.0243,4.95,2.664,3.05
5.0232,4.59,2.4,3.05
5.0254,4.59,2.09,3.19
5.0253,4.2,2.08,3.42
5.0274,3.8,2.08,4.184
5.8,2.9234,2.08,5.2
4.95,2.664,2.09,5.2
4.59,2.4,2.08,4.95
4.59,2.09,3.408,4.59
4.2,2.08,3.676,4.0
3.8,2.08,3.69,3.5
2.9234,2.08,3.45,2.9249
2.664,2.09,3.05,2.744
2.4,2.08,3.05,2.68
2.09,3.408,3.19,2.499
2.08,3.676,3.42,2.09
2.08,3.69,4.184,2.08
2.08,3.45,5.2,2.011
2.09,3.05,5.2,2.011
2.08,3.05,4.95,1.999
3.408,3.19,4.59,2.689
3.676,3.42,4.0,2.937
3.69,4.184,3.5,2.699
3.45,5.2,2.9249,2.688
3.05,5.2,2.744,2.688
3.05,4.95,2.68,2.68
3.19,4.59,2.499,2.699
3.42,4.0,2.09,3.0
4.184,3.5,2.08,4.0
5.2,2.9249,2.011,4.5
5.2,2.744,2.011,4.5
4.95,2.68,1.999,4.15
4.59,2.499,2.689,4.2
4.0,2.09,2.937,3.595
3.5,2.08,2.699,3.0
2.9249,2.011,2.688,2.85
2.744,2.011,2.688,2.72
2.68,1.999,2.68,2.08
2.499,2.689,2.699,2.08
2.09,2.937,3.0,1.96
2.08,2.699,4.0,2.08
2.011,2.688,4.5,2.664
2.011,2.688,4.5,2.9174
1.999,2.68,4.15,3.58
2.689,2.699,4.2,4.5
2.937,3.0,3.595,4.299
2.699,4.0,3.0,3.499
2.688,4.5,2.85,2.72
2.688,4.5,2.72,2.72
2.68,4.15,2.08,2.72
2.699,4.2,2.08,3.28
3.0,3.595,1.96,3.799
4.0,3.0,2.08,4.484
4.5,2.85,2.664,5.8
4.5,2.72,2.9174,5.15
4.15,2.08,3.58,4.49
4.2,2.08,4.5,3.72
3.595,1.96,4.299,3.5
3.0,2.08,3.499,2.72
2.85,2.664,2.72,2.75
2.72,2.9174,2.72,2.6
2.08,3.58,2.72,2.09
2.08,4.5,3.28,2.09
1.96,4.299,3.799,2.0
2.08,3.499,4.484,2.09
2.664,2.72,5.8,2.4
2.9174,2.72,5.15,2.89
3.58,2.72,4.49,3.9416
4.5,3.28,3.72,4.8213
4.299,3.799,3.5,6.2
3.499,4.484,2.72,4.8
2.72,5.8,2.75,3.5
2.72,5.15,2.6,3.331
2.72,4.49,2.09,3.495
3.28,3.72,2.09,3.929
3.799,3.5,2.0,4.2
4.484,2.72,2.09,5.0
5.8,2.75,2.4,6.3
5.15,2.6,2.89,6.7675
4.49,2.09,3.9416,6.1
3.72,2.09,4.8213,5.2
3.5,2.0,6.2,4.205
2.72,2.09,4.8,3.1
2.75,2.4,3.5,2.8235
2.6,2.89,3.331,2.499
2.09,3.9416,3.495,2.199
2.09,4.8213,3.929,2.199
2.0,6.2,4.2,2.09
2.09,4.8,5.0,2.09
2.4,3.5,6.3,2.4
2.89,3.331,6.7675,2.9194
3.9416,3.495,6.1,4.047
4.8213,3.929,5.2,4.678
6.2,4.2,4.205,5.98
4.8,5.0,3.1,4.3
3.5,6.3,2.8235,3.495
3.331,6.7675,2.499,3.216
3.495,6.1,2.199,3.26
3.929,5.2,2.199,3.26
4.2,4.205,2.09,3.5
5.0,3.1,2.09,4.5
6.3,2.8235,2.4,6.1
6.7675,2.499,2.9194,6.1
6.1,2.199,4.047,4.48
5.2,2.199,4.678,4.5
4.205,2.09,5.98,3.72
3.1,2.09,4.3,2.72
2.8235,2.4,3.495,2.499
2.499,2.9194,3.216,2.499
2.199,4.047,3.26,2.199
2.199,4.678,3.26,2.4
2.09,5.98,3.5,2.078
2.09,4.3,4.5,2.078
2.4,3.495,6.1,2.499
2.9194,3.216,6.1,2.715
4.047,3.26,4.48,3.8
4.678,3.26,4.5,4.8
5.98,3.5,3.72,6.8487
4.3,4.5,2.72,6.7644
3.495,6.1,2.499,4.3
3.216,6.1,2.499,3.9533
3.26,4.48,2.199,3.5
3.26,4.5,2.4,3.495
3.5,3.72,2.078,3.787
4.5,2.72,2.078,3.72
6.1,2.499,2.499,5.8
6.1,2.499,2.715,5.5903
4.48,2.199,3.8,4.5
4.5,2.4,4.8,3.8
3.72,2.078,6.8487,3.5
2.72,2.078,6.7644,2.5
2.499,2.499,4.3,2.499
2.499,2.715,3.9533,1.499
2.199,3.8,3.5,2.078
2.4,4.8,3.495,2.078
2.078,6.8487,3.787,1.47
2.078,6.7644,3.72,1.56
2.499,4.3,5.8,2.0
2.715,3.9533,5.5903,2.6
3.8,3.5,4.5,3.76
4.8,3.495,3.8,5.0145
6.8487,3.787,3.5,6.0
6.7644,3.72,2.5,6.0
4.3,5.8,2.499,4.5
3.9533,5.5903,1.499,4.177
3.5,4.5,2.078,3.8
3.495,3.8,2.078,4.0
3.787,3.5,1.47,4.2
3.72,2.5,1.56,4.3
5.8,2.499,2.0,5.5
5.5903,1.499,2.6,5.2
4.5,2.078,3.76,5.2
3.8,2.078,5.0145,4.395
3.5,1.47,6.0,3.8
2.5,1.56,6.0,3.2
2.499,2.0,4.5,2.499
1.499,2.6,4.177,2.499
2.078,3.76,3.8,2.6
2.078,5.0145,4.0,2.499
1.47,6.0,4.2,2.499
1.56,6.0,4.3,2.499
2.0,4.5,5.5,2.311
2.6,4.177,5.2,2.499
3.76,3.8,5.2,2.695
5.0145,4.0,4.395,3.76
6.0,4.2,3.8,5.1
6.0,4.3,3.2,5.0
4.5,5.5,2.499,4.406
4.177,5.2,2.499,4.2
3.8,5.2,2.6,3.9432
4.0,4.395,2.499,4.0
4.2,3.8,2.499,4.12
4.3,3.2,2.499,4.5
5.5,2.499,2.311,6.3
5.2,2.499,2.499,5.9
5.2,2.6,2.695,5.5222
4.395,2.499,3.76,5.9
3.8,2.499,5.1,4.5
3.2,2.499,5.0,4.1
2.499,2.311,4.406,2.84
2.499,2.499,4.2,2.499
2.6,2.695,3.9432,2.499
2.499,3.76,4.0,2.499
2.499,5.1,4.12,2.499
2.499,5.0,4.5,2.4
2.311,4.406,6.3,1.499
2.499,4.2,5.9,2.078
2.695,3.9432,5.5222,1.499
3.76,4.0,5.9,2.6
5.1,4.12,4.5,3.3
5.0,4.5,4.1,3.3
4.406,6.3,2.84,2.695
4.2,5.9,2.499,2.582
3.9432,5.5222,2.499,2.35
4.0,5.9,2.499,2.6
4.12,4.5,2.499,3.0
4.5,4.1,2.4,3.658
6.3,2.84,1.499,4.8
5.9,2.499,2.078,4.95
5.5222,2.499,1.499,4.8
5.9,2.499,2.6,4.433
4.5,2.499,3.3,4.0
4.1,2.4,3.3,3.2
2.84,1.499,2.695,2.709
2.499,2.078,2.582,2.499
2.499,1.499,2.35,2.09
2.499,2.6,2.6,2.4
2.499,3.3,3.0,2.088
2.4,3.3,3.658,2.4
1.499,2.695,4.8,2.499
2.078,2.582,4.95,2.712
1.499,2.35,4.8,4.184
2.6,2.6,4.433,4.8
3.3,3.0,4.0,5.8916
3.3,3.658,3.2,4.8
2.695,4.8,2.709,3.492
2.582,4.95,2.499,2.5819
2.35,4.8,2.09,2.695
2.6,4.433,2.4,3.248
3.0,4.0,2.088,3.69
3.658,3.2,2.4,4.8648
4.8,2.709,2.499,6.1
4.95,2.499,2.712,6.1
4.8,2.09,4.184,5.8
4.433,2.4,4.8,4.837
4.0,2.088,5.8916,4.428
3.2,2.4,4.8,3.2
2.709,2.499,3.492,2.712
2.499,2.712,2.5819,2.599
2.09,4.184,2.695,2.599
2.4,4.8,3.248,2.599
2.088,5.8916,3.69,2.599
2.4,4.8,4.8648,2.599
2.499,3.492,6.1,2.65
2.712,2.5819,6.1,2.89
4.184,2.695,5.8,4.2
4.8,3.248,4.837,4.8
5.8916,3.69,4.428,4.3
4.8,4.8648,3.2,3.679
3.492,6.1,2.712,3.367
2.5819,6.1,2.599,2.695
2.695,5.8,2.599,2.695
3.248,4.837,2.599,3.248
3.69,4.428,2.599,3.8
4.8648,3.2,2.599,4.8
6.1,2.712,2.65,7.1
6.1,2.599,2.89,7.1
5.8,2.599,4.2,6.361
4.837,2.599,4.8,5.8
4.428,2.599,4.3,5.4
3.2,2.599,3.679,3.8
2.712,2.65,3.367,2.84
2.599,2.89,2.695,2.599
2.599,4.2,2.695,2.249
2.599,4.8,3.248,2.311
2.599,4.3,3.8,2.249
2.599,3.679,4.8,2.311
2.65,3.367,7.1,2.599
2.89,2.695,7.1,2.795
4.2,2.695,6.361,3.5
4.8,3.248,5.8,3.76
4.3,3.8,5.4,3.95
3.679,4.8,3.8,3.65
3.367,7.1,2.84,2.6
2.695,7.1,2.599,2.45
2.695,6.361,2.249,2.45
3.248,5.8,2.311,3.2
3.8,5.4,2.249,3.45
4.8,3.8,2.311,4.0
7.1,2.84,2.599,5.9074
7.1,2.599,2.795,5.887
6.361,2.249,3.5,4.8
5.8,2.311,3.76,4.18
5.4,2.249,3.95,3.995
3.8,2.311,3.65,3.3
2.84,2.599,2.6,2.712
2.599,2.795,2.45,2.599
2.249,3.5,2.45,2.249
2.311,3.76,3.2,2.599
2.249,3.95,3.45,2.599
2.311,3.65,4.0,2.599
2.599,2.6,5.9074,2.65
2.795,2.45,5.887,2.795
3.5,2.45,4.8,3.3
3.76,3.2,4.18,3.395
3.95,3.45,3.995,2.694
3.65,4.0,3.3,2.249
2.6,5.9074,2.712,2.249
2.45,5.887,2.599,2.248
2.45,4.8,2.249,2.248
3.2,4.18,2.599,2.65
3.45,3.995,2.599,2.72
4.0,3.3,2.599,3.5
5.9074,2.712,2.65,4.5
5.887,2.599,2.795,4.5
4.8,2.249,3.3,3.948
4.18,2.599,3.395,3.488
3.995,2.599,2.694,3.399
3.3,2.599,2.249,2.988
2.712,2.65,2.249,2.712
2.599,2.795,2.248,2.245
2.249,3.3,2.248,2.09
2.599,3.395,2.65,2.244
2.599,2.694,2.72,2.09
2.599,2.249,3.5,2.244
2.65,2.249,4.5,2.244
2.795,2.248,4.5,2.599
3.3,2.248,3.948,3.755
3.395,2.65,3.488,4.635
2.694,2.72,3.399,4.754
2.249,3.5,2.988,3.33
2.249,4.5,2.712,2.75
2.248,4.5,2.245,2.219
2.248,3.948,2.09,2.219
2.65,3.488,2.244,2.69
2.72,3.399,2.09,3.2
3.5,2.988,2.244,3.49
4.5,2.712,2.244,5.15
4.5,2.245,2.599,5.2
3.948,2.09,3.755,4.6
3.488,2.244,4.635,4.6
3.399,2.09,4.754,4.1
2.988,2.244,3.33,3.33
2.712,2.244,2.75,2.245
2.245,2.599,2.219,2.599
2.09,3.755,2.219,2.09
2.244,4.635,2.69,2.245
2.09,4.754,3.2,1.4
2.244,3.33,3.49,1.85
2.244,2.75,5.15,0.888
2.599,2.219,5.2,1.9993
3.755,2.219,4.6,3.0
4.635,2.69,4.6,3.7
4.754,3.2,4.1,4.072
3.33,3.49,3.33,4.6
2.75,5.15,2.245,3.447
2.219,5.2,2.599,3.447
2.219,4.6,2.09,3.4
2.69,4.6,2.245,3.33
3.2,4.1,1.4,3.448
3.49,3.33,1.85,3.295
5.15,2.245,0.888,5.2
5.2,2.599,1.9993,5.2
4.6,2.09,3.0,5.2
4.6,2.245,3.7,4.55
4.1,1.4,4.072,4.1
3.33,1.85,4.6,3.289
2.245,0.888,3.447,2.245
2.599,1.9993,3.447,0.9
2.09,3.0,3.4,2.0
2.245,3.7,3.33,2.0
1.4,4.072,3.448,1.26
1.85,4.6,3.295,1.305
0.888,3.447,5.2,0.5
1.9993,3.447,5.2,0.688
3.0,3.4,5.2,1.45
3.7,3.33,4.55,2.988
4.072,3.448,4.1,2.854
4.6,3.295,3.289,3.099
3.447,5.2,2.245,2.245
3.447,5.2,0.9,2.09
3.4,5.2,2.0,2.245
3.33,4.55,2.0,2.78
3.448,4.1,1.26,2.245
3.295,3.289,1.305,2.5
5.2,2.245,0.5,4.3
5.2,0.9,0.688,4.5
5.2,2.0,1.45,4.494
4.55,2.0,2.988,3.72
4.1,1.26,2.854,3.44
3.289,1.305,3.099,2.415
2.245,0.5,2.245,1.0
0.9,0.688,2.09,0.2
2.0,1.45,2.245,0.388
2.0,2.988,2.78,0.589
1.26,2.854,2.245,0.497
1.305,3.099,2.5,0.5
0.5,2.245,4.3,0.5
0.688,2.09,4.5,2.23
1.45,2.245,4.494,2.6
2.988,2.78,3.72,3.7
2.854,2.245,3.44,4.5
3.099,2.5,2.415,4.2833
2.245,4.3,1.0,3.33
2.09,4.5,0.2,2.95
2.245,4.494,0.388,2.78
2.78,3.72,0.589,2.8
2.245,3.44,0.497,3.262
2.5,2.415,0.5,3.1
4.3,1.0,0.5,4.8
4.5,0.2,2.23,5.0
4.494,0.388,2.6,4.7
3.72,0.589,3.7,4.6
3.44,0.497,4.5,4.244
2.415,0.5,4.2833,3.33
1.0,0.5,3.33,0.998
0.2,2.23,2.95,2.599
0.388,2.6,2.78,2.599
0.589,3.7,2.8,2.599
0.497,4.5,3.262,2.599
0.5,4.2833,3.1,2.599
0.5,3.33,4.8,2.599
2.23,2.95,5.0,2.795
2.6,2.78,4.7,3.32
3.7,2.8,4.6,4.284
4.5,3.262,4.244,3.695
4.2833,3.1,3.33,3.5
3.33,4.8,0.998,3.3
2.95,5.0,2.599,2.8
2.78,4.7,2.599,2.8
2.8,4.6,2.599,2.8
3.262,4.244,2.599,3.045
3.1,3.33,2.599,3.5
4.8,0.998,2.599,4.6
5.0,2.599,2.795,4.9646
4.7,2.599,3.32,4.5
4.6,2.599,4.284,4.023
4.244,2.599,3.695,3.886
3.33,2.599,3.5,3.5
0.998,2.599,3.3,2.599
2.599,2.795,2.8,2.699
2.599,3.32,2.8,2.709
2.599,4.284,2.8,2.699
2.599,3.695,3.045,2.699
2.599,3.5,3.5,2.699
2.599,3.3,4.6,2.699
2.795,2.8,4.9646,2.9243
3.32,2.8,4.5,3.53
4.284,2.8,4.023,4.193
3.695,3.045,3.886,3.32
3.5,3.5,3.5,2.71
3.3,4.6,2.599,2.599
2.8,4.9646,2.699,2.775
2.8,4.5,2.709,2.79
2.8,4.023,2.699,2.549
3.045,3.886,2.699,3.25
3.5,3.5,2.699,3.7
4.6,2.599,2.699,5.2
4.9646,2.699,2.9243,5.8
4.5,2.709,3.53,5.18
4.023,2.699,4.193,5.031
3.886,2.699,3.32,4.5
3.5,2.699,2.71,3.48
2.599,2.699,2.599,2.825
2.699,2.9243,2.775,2.712
2.709,3.53,2.79,2.712
2.699,4.193,2.549,2.712
2.699,3.32,3.25,2.709
2.699,2.71,3.7,2.712
2.699,2.599,5.2,2.712
2.9243,2.775,5.8,3.0
3.53,2.79,5.18,4.0
4.193,2.549,5.031,5.1
3.32,3.25,4.5,5.401
2.71,3.7,3.48,5.1
2.599,5.2,2.825,5.5267
2.775,5.8,2.712,5.1
2.79,5.18,2.712,5.5249
2.549,5.031,2.712,4.5
3.25,4.5,2.709,4.5
3.7,3.48,2.712,4.5
5.2,2.825,2.712,6.1
5.8,2.712,3.0,6.1
5.18,2.712,4.0,6.1
5.031,2.712,5.1,5.2
4.5,2.709,5.401,4.894
3.48,2.712,5.1,4.0
2.825,2.712,5.5267,3.0
2.712,3.0,5.1,2.9407
2.712,4.0,5.5249,2.809
2.712,5.1,4.5,2.809
2.709,5.401,4.5,2.795
2.712,5.1,4.5,2.8
2.712,5.5267,6.1,2.809
3.0,5.1,6.1,3.0
4.0,5.5249,6.1,3.943
5.1,4.5,5.2,4.4091
5.401,4.5,4.894,5.1
5.1,4.5,4.0,4.8
5.5267,6.1,3.0,5.1
5.1,6.1,2.9407,4.3
5.5249,6.1,2.809,4.077
4.5,5.2,2.809,3.733
4.5,4.894,2.795,3.5
4.5,4.0,2.8,3.69
6.1,3.0,2.809,5.189
6.1,2.9407,3.0,5.2
6.1,2.809,3.943,4.521
5.2,2.809,4.4091,3.8
4.894,2.795,5.1,3.8
4.0,2.8,4.8,3.44
3.0,2.809,5.1,2.9403
2.9407,3.0,4.3,2.885
2.809,3.943,4.077,2.812
2.809,4.4091,3.733,2.775
2.795,5.1,3.5,2.55
2.8,4.8,3.69,2.525
2.809,5.1,5.189,2.525
3.0,4.3,5.2,2.812
3.943,4.077,4.521,2.748
4.4091,3.733,3.8,3.4
5.1,3.5,3.8,4.2
4.8,3.69,3.44,4.2
5.1,5.189,2.9403,4.8
4.3,5.2,2.885,4.2
4.077,4.521,2.812,4.077
3.733,3.8,2.775,3.555
3.5,3.8,2.55,3.145
3.69,3.44,2.525,3.5
5.189,2.9403,2.525,4.468
5.2,2.885,2.812,4.7
4.521,2.812,2.748,4.2
3.8,2.775,3.4,3.733
3.8,2.55,4.2,3.555
3.44,2.525,4.2,3.26
2.9403,2.525,4.8,2.9259
2.885,2.812,4.2,2.775
2.812,2.748,4.077,2.54
2.775,3.4,3.555,2.54
2.55,4.2,3.145,2.525
2.525,4.2,3.5,2.525
2.525,4.8,4.468,2.28
2.812,4.2,4.7,2.525
2.748,4.077,4.2,2.7
3.4,3.555,3.733,2.9
4.2,3.145,3.555,3.12
4.2,3.5,3.26,3.12
4.8,4.468,2.9259,2.945
4.2,4.7,2.775,2.915
4.077,4.2,2.54,2.69
3.555,3.733,2.54,2.514
3.145,3.555,2.525,2.45
3.5,3.26,2.525,2.9
4.468,2.9259,2.28,3.555
4.7,2.775,2.525,3.74
4.2,2.54,2.7,3.72
3.733,2.54,2.9,3.311
3.555,2.525,3.12,3.4
3.26,2.525,3.12,2.59
2.9259,2.28,2.945,2.903
2.775,2.525,2.915,2.68
2.54,2.7,2.69,2.68
2.54,2.9,2.514,2.68
2.525,3.12,2.45,2.68
2.525,3.12,2.9,2.465
2.28,2.945,3.555,2.68
2.525,2.915,3.74,2.795
2.7,2.69,3.72,3.249
2.9,2.514,3.311,3.7
3.12,2.45,3.4,3.9
3.12,2.9,2.59,3.3
2.945,3.555,2.903,3.144
2.915,3.74,2.68,2.94
2.69,3.72,2.68,3.08
2.514,3.311,2.68,2.985
2.45,3.4,2.68,2.748
2.9,2.59,2.465,3.28
3.555,2.903,2.68,4.468
3.74,2.68,2.795,4.5
3.72,2.68,3.249,4.2
3.311,2.68,3.7,3.311
3.4,2.68,3.9,3.495
2.59,2.465,3.3,2.748
2.903,2.68,3.144,2.799
2.68,2.795,2.94,2.71
2.68,3.249,3.08,2.71
2.68,3.7,2.985,2.68
2.68,3.9,2.748,2.465
2.465,3.3,3.28,2.68
2.68,3.144,4.468,2.71
2.795,2.94,4.5,2.9028
3.249,3.08,4.2,3.555
3.7,2.985,3.311,4.2
3.9,2.748,3.495,5.3
3.3,3.28,2.748,5.25
3.144,4.468,2.799,4.299
2.94,4.5,2.71,3.555
3.08,4.2,2.71,3.492
2.985,3.311,2.68,3.492
2.748,3.495,2.465,3.185
3.28,2.748,2.68,3.5
4.468,2.799,2.71,5.3
4.5,2.71,2.9028,5.491
4.2,2.71,3.555,4.9
3.311,2.68,4.2,4.459
3.495,2.465,5.3,4.184
2.748,2.68,5.25,3.0
2.799,2.71,4.299,2.9395
2.71,2.9028,3.555,2.71
2.71,3.555,3.492,2.71
2.68,4.2,3.492,2.68
2.465,5.3,3.185,2.68
2.68,5.25,3.5,2.68
2.71,4.299,5.3,2.71
2.9028,3.555,5.491,2.8
3.555,3.492,4.9,3.49
4.2,3.492,4.459,3.7
5.3,3.185,4.184,4.0
5.25,3.5,3.0,3.72
4.299,5.3,2.9395,3.311
3.555,5.491,2.71,3.199
3.492,4.9,2.71,3.1
3.492,4.459,2.68,3.195
3.185,4.184,2.68,3.0
3.5,3.0,2.68,3.0
5.3,2.9395,2.71,4.075
5.491,2.71,2.8,4.352
4.9,2.71,3.49,3.9
4.459,2.68,3.7,3.47
4.184,2.68,4.0,3.39
3.0,2.68,3.72,2.68
2.9395,2.71,3.311,2.68
2.71,2.8,3.199,2.485
2.71,3.49,3.1,1.688
2.68,3.7,3.195,2.032
2.68,4.0,3.0,1.0
2.68,3.72,3.0,1.688
2.71,3.311,4.075,1.824
2.8,3.199,4.352,2.675
3.49,3.1,3.9,3.299
3.7,3.195,3.47,3.65
4.0,3.0,3.39,4.0
3.72,3.0,2.68,3.62
3.311,4.075,2.68,3.19
3.199,4.352,2.485,2.86
3.1,3.9,1.688,2.73
3.195,3.47,2.032,2.999
3.0,3.39,1.0,2.675
3.0,2.68,1.688,3.19
4.075,2.68,1.824,4.19
4.352,2.485,2.675,4.577
3.9,1.688,3.299,4.2
3.47,2.032,3.65,3.468
3.39,1.0,4.0,3.388
2.68,1.688,3.62,2.747
2.68,1.824,3.19,2.85
2.485,2.675,2.86,2.7
1.688,3.299,2.73,2.7
2.032,3.65,2.999,2.7
1.0,4.0,2.675,2.675
1.688,3.62,3.19,2.675
1.824,3.19,4.19,2.7
2.675,2.86,4.577,2.9241
3.299,2.73,4.2,3.49
3.65,2.999,3.468,4.2
4.0,2.675,3.388,4.2
3.62,3.19,2.747,3.62
3.19,4.19,2.85,2.65
2.86,4.577,2.7,2.485
2.73,4.2,2.7,2.44
2.999,3.468,2.7,2.514
2.675,3.388,2.675,2.7
3.19,2.747,2.675,2.88
4.19,2.85,2.7,4.5
4.577,2.7,2.9241,4.85
4.2,2.7,3.49,4.507
3.468,2.7,4.2,3.9
3.388,2.675,4.2,3.4
2.747,2.675,3.62,2.675
2.85,2.7,2.65,2.83
2.7,2.9241,2.485,2.84
2.7,3.49,2.44,2.84
2.7,4.2,2.514,2.84
2.675,4.2,2.7,2.68
2.675,3.62,2.88,2.68
2.7,2.65,4.5,2.675
2.9241,2.485,4.85,2.675
3.49,2.44,4.507,3.0
4.2,2.514,3.9,3.194
4.2,2.7,3.4,2.69
3.62,2.88,2.675,2.675
2.65,4.5,2.83,2.484
2.485,4.85,2.84,2.484
2.44,4.507,2.84,2.435
2.514,3.9,2.84,2.435
2.7,3.4,2.68,2.5
2.88,2.675,2.68,2.747
4.5,2.83,2.675,3.879
4.85,2.84,2.675,4.293
4.507,2.84,3.0,4.288
3.9,2.84,3.194,3.5
3.4,2.68,2.69,3.19
2.675,2.68,2.675,2.485
2.83,2.675,2.484,2.7
2.84,2.675,2.484,2.925
2.84,3.0,2.435,2.68
2.84,3.194,2.435,2.93
2.68,2.69,2.5,2.84
2.68,2.675,2.747,2.68
2.675,2.484,3.879,2.669
2.675,2.484,4.293,2.58
3.0,2.435,4.288,2.662
3.194,2.435,3.5,2.98
2.69,2.5,3.19,2.8
2.675,2.747,2.485,2.747
2.484,3.879,2.7,2.662
2.484,4.293,2.925,2.662
2.435,4.288,2.68,2.473
2.435,3.5,2.93,2.473
2.5,3.19,2.84,2.662
2.747,2.485,2.68,2.747
3.879,2.7,2.669,3.74
4.293,2.925,2.58,4.25
4.288,2.68,2.662,4.0362
3.5,2.93,2.98,3.998
3.19,2.84,2.8,3.333
2.485,2.68,2.747,2.6
2.7,2.669,2.662,2.662
2.925,2.58,2.662,2.675
2.68,2.662,2.473,2.6
2.93,2.98,2.473,2.675
2.84,2.8,2.662,2.675
2.68,2.747,2.747,2.675
2.669,2.662,3.74,2.7
2.58,2.662,4.25,2.84
2.662,2.473,4.0362,3.2
2.98,2.473,3.998,3.499
2.8,2.662,3.333,3.191
2.747,2.747,2.6,2.979
2.662,3.74,2.662,2.48
2.662,4.25,2.675,2.25
2.473,4.0362,2.6,2.25
2.473,3.998,2.675,2.47
2.662,3.333,2.675,2.747
2.747,2.6,2.675,3.134
3.74,2.662,2.7,5.2
4.25,2.675,2.84,5.4
4.0362,2.6,3.2,5.4
3.998,2.675,3.499,4.9
3.333,2.675,3.191,3.705
2.6,2.675,2.979,2.694
2.662,2.7,2.48,2.9384
2.675,2.84,2.25,2.7
2.6,3.2,2.25,2.7
2.675,3.499,2.47,2.84
2.675,3.191,2.747,2.675
2.675,2.979,3.134,2.675
2.7,2.48,5.2,2.7
2.84,2.25,5.4,2.84
3.2,2.25,5.4,3.2
3.499,2.47,4.9,3.688
3.191,2.747,3.705,3.8
2.979,3.134,2.694,3.319
2.48,5.2,2.9384,2.71
2.25,5.4,2.7,2.6
2.25,5.4,2.7,2.484
2.47,4.9,2.84,2.71
2.747,3.705,2.675,2.947
3.134,2.694,2.675,3.287
5.2,2.9384,2.7,5.1
5.4,2.7,2.84,5.7
5.4,2.7,3.2,5.1
4.9,2.84,3.688,4.416
3.705,2.675,3.8,3.9
2.694,2.675,3.319,2.9
2.9384,2.7,2.71,2.9417
2.7,2.84,2.6,2.675
2.7,3.2,2.484,2.675
2.84,3.688,2.71,2.675
2.675,3.8,2.947,2.675
2.675,3.319,3.287,2.675
2.7,2.71,5.1,2.675
2.84,2.6,5.7,2.7
3.2,2.484,5.1,3.2
3.688,2.71,4.416,3.6
3.8,2.947,3.9,3.69
3.319,3.287,2.9,2.947
2.71,5.1,2.9417,2.468
2.6,5.7,2.675,2.315
2.484,5.1,2.675,2.315
2.71,4.416,2.675,2.468
2.947,3.9,2.675,2.693
3.287,2.9,2.675,3.1
5.1,2.9417,2.675,4.0339
5.7,2.675,2.7,4.299
5.1,2.675,3.2,4.31
4.416,2.675,3.6,3.8
3.9,2.675,3.69,3.49
2.9,2.675,2.947,2.69
2.9417,2.675,2.468,2.83
2.675,2.7,2.315,2.2
2.675,3.2,2.315,2.48
2.675,3.6,2.468,2.515
2.675,3.69,2.693,2.4
2.675,2.947,3.1,2.48
2.675,2.468,4.0339,2.48
2.7,2.315,4.299,2.675
3.2,2.315,4.31,3.1
3.6,2.468,3.8,3.6
3.69,2.693,3.49,3.4
2.947,3.1,2.69,2.8
2.468,4.0339,2.83,2.399
2.315,4.299,2.2,1.729
2.315,4.31,2.48,1.729
2.468,3.8,2.515,2.46
2.693,3.49,2.4,2.78
3.1,2.69,2.48,2.8
4.0339,2.83,2.48,3.9
4.299,2.2,2.675,3.907
4.31,2.48,3.1,3.7
3.8,2.515,3.6,3.35
3.49,2.4,3.4,3.35
2.69,2.48,2.8,2.6
2.83,2.48,2.399,2.5
2.2,2.675,1.729,2.15
2.48,3.1,1.729,2.3
2.515,3.6,2.46,2.398
2.4,3.4,2.78,2.15
2.48,2.8,2.8,2.15
2.48,2.399,3.9,2.3
2.675,1.729,3.907,2.55
3.1,1.729,3.7,3.09
3.6,2.46,3.35,3.6
3.4,2.78,3.35,3.6
2.8,2.8,2.6,3.0
2.399,3.9,2.5,1.45
1.729,3.907,2.15,0.85
1.729,3.7,2.3,0.95
2.46,3.35,2.398,1.548
2.78,3.35,2.15,2.23
2.8,2.6,2.15,2.647
3.9,2.5,2.3,4.077
3.907,2.15,2.55,4.3
3.7,2.3,3.09,3.9
3.35,2.398,3.6,3.4
3.35,2.15,3.6,3.598
2.6,2.15,3.0,2.15
2.5,2.3,1.45,2.3
2.15,2.55,0.85,2.28
2.3,3.09,0.95,2.15
2.398,3.6,1.548,2.4
2.15,3.6,2.23,2.28
2.15,3.0,2.647,2.28
2.3,1.45,4.077,2.15
2.55,0.85,4.3,1.688
3.09,0.95,3.9,2.89
3.6,1.548,3.4,3.2
3.6,2.23,3.598,3.39
3.0,2.647,2.15,2.715
1.45,4.077,2.3,2.48
0.85,4.3,2.28,1.499
0.95,3.9,2.15,1.499
1.548,3.4,2.4,1.499
2.23,3.598,2.28,2.28
2.647,2.15,2.28,2.8
4.077,2.3,2.15,4.6
4.3,2.28,1.688,7.1978
3.9,2.15,2.89,4.6
3.4,2.4,3.2,3.4
3.598,2.28,3.39,3.6
2.15,2.28,2.715,2.5
2.3,2.15,2.48,2.3
2.28,1.688,1.499,2.28
2.15,2.89,1.499,2.28
2.4,3.2,1.499,2.53
2.28,3.39,2.28,2.28
2.28,2.715,2.8,2.28
2.15,2.48,4.6,2.28
1.688,1.499,7.1978,0.5
2.89,1.499,4.6,2.43
3.2,1.499,3.4,2.647
3.39,2.28,3.6,2.647
2.715,2.8,2.5,2.21
2.48,4.6,2.3,2.145
1.499,7.1978,2.28,1.45
1.499,4.6,2.28,1.6
1.499,3.4,2.53,1.699
2.28,3.6,2.28,2.144
2.8,2.5,2.28,2.715
4.6,2.3,2.28,3.9
7.1978,2.28,0.5,6.5
4.6,2.28,2.43,3.7
3.4,2.53,2.647,3.392
3.6,2.28,2.647,3.6
2.5,2.28,2.21,2.499
2.3,2.28,2.145,2.28
2.28,0.5,1.45,2.4
2.28,2.43,1.6,2.4
2.53,2.647,1.699,2.68
2.28,2.647,2.144,2.65
2.28,2.21,2.715,2.65
2.28,2.145,3.9,2.65
0.5,1.45,6.5,2.68
2.43,1.6,3.7,3.4
2.647,1.699,3.392,3.9
2.647,2.144,3.6,3.59
2.21,2.715,2.499,2.714
2.145,3.9,2.28,2.279
1.45,6.5,2.4,1.75
1.6,3.7,2.4,1.75
1.699,3.392,2.68,2.153
2.144,3.6,2.65,2.639
2.715,2.499,2.65,3.0
3.9,2.28,2.65,4.3
6.5,2.4,2.68,5.9
3.7,2.4,3.4,4.3
3.392,2.68,3.9,3.843
3.6,2.65,3.59,3.79
2.499,2.65,2.714,2.98
2.28,2.65,2.279,2.5
2.4,2.68,1.75,2.55
2.4,3.4,1.75,2.4
2.68,3.9,2.153,2.68
2.65,3.59,2.639,2.65
2.65,2.714,3.0,2.65
2.65,2.279,4.3,2.65
2.68,1.75,5.9,2.65
3.4,1.75,4.3,3.1
3.9,2.153,3.843,3.2
3.59,2.639,3.79,3.1
2.714,3.0,2.98,2.61
2.279,4.3,2.5,2.15
1.75,5.9,2.55,1.85
1.75,4.3,2.4,1.85
2.153,3.843,2.68,1.99
2.639,3.79,2.65,2.639
3.0,2.98,2.65,2.99
4.3,2.5,2.65,5.2
5.9,2.55,2.65,7.4904
4.3,2.4,3.1,4.751
3.843,2.68,3.2,4.3
3.79,2.65,3.1,3.998
2.98,2.65,2.61,2.647
2.5,2.65,2.15,2.65
2.55,2.65,1.85,2.4
2.4,3.1,1.85,2.275
2.68,3.2,1.99,2.6
2.65,3.1,2.639,2.55
2.65,2.61,2.99,2.4
2.65,2.15,5.2,2.6
2.65,1.85,7.4904,2.6
3.1,1.85,4.751,2.73
3.2,1.99,4.3,2.62
3.1,2.639,3.998,2.42
2.61,2.99,2.647,2.34
2.15,5.2,2.65,1.99
1.85,7.4904,2.4,0.999
1.85,4.751,2.275,0.9
1.99,4.3,2.6,2.0
2.639,3.998,2.55,2.15
2.99,2.647,2.4,2.883
5.2,2.65,2.6,4.6
7.4904,2.4,2.6,5.45
4.751,2.275,2.73,5.47
4.3,2.6,2.62,4.124
3.998,2.55,2.42,3.894
2.647,2.4,2.34,2.5
2.65,2.6,1.99,2.5
2.4,2.6,0.999,0.9
2.275,2.73,0.9,0.2
2.6,2.62,2.0,0.2
2.55,2.42,2.15,0.2
2.4,2.34,2.883,0.2
2.6,1.99,4.6,0.67
2.6,0.999,5.45,1.5
2.73,0.9,5.47,1.99
2.62,2.0,4.124,2.31
2.42,2.15,3.894,1.85
2.34,2.883,2.5,0.88
1.99,4.6,2.5,0.098
0.999,5.45,0.9,0.098
0.9,5.47,0.2,0.098
2.0,4.124,0.2,0.096
2.15,3.894,0.2,0.44
2.883,2.5,0.2,2.0
4.6,2.5,0.67,3.1
5.45,0.9,1.5,3.6
5.47,0.2,1.99,3.1
4.124,0.2,2.31,2.35
3.894,0.2,1.85,2.48
2.5,0.2,0.88,1.748
2.5,0.67,0.098,0.8
0.9,1.5,0.098,1.89
0.2,1.99,0.098,1.9
0.2,2.31,0.096,1.982
0.2,1.85,0.44,1.9
0.2,0.88,2.0,1.9
0.67,0.098,3.1,1.8
1.5,0.098,3.6,0.9
1.99,0.098,3.1,1.795
2.31,0.096,2.35,1.795
1.85,0.44,2.48,1.795
0.88,2.0,1.748,1.85
0.098,3.1,0.8,1.75
0.098,3.6,1.89,1.0
0.098,3.1,1.9,0.899
0.096,2.35,1.982,0.899
0.44,2.48,1.9,1.5
2.0,1.748,1.9,2.35
3.1,0.8,1.8,3.4
3.6,1.89,0.9,3.9
3.1,1.9,1.795,3.703
2.35,1.982,1.795,3.1
2.48,1.9,1.795,2.993
1.748,1.9,1.85,2.15
0.8,1.8,1.75,1.9
1.89,0.9,1.0,1.8
1.9,1.795,0.899,1.9
1.982,1.795,0.899,2.8061
1.9,1.795,1.5,2.6
1.9,1.85,2.35,2.25
1.8,1.75,3.4,2.25
0.9,1.0,3.9,1.9
1.795,0.899,3.703,1.8
1.795,0.899,3.1,1.795
1.795,1.5,2.993,1.8
1.85,2.35,2.15,1.795
1.75,3.4,1.9,1.794
1.0,3.9,1.8,1.795
0.899,3.703,1.9,1.794
0.899,3.1,2.8061,1.795
1.5,2.993,2.6,1.794
2.35,2.15,2.25,2.25
3.4,1.9,2.25,3.4
3.9,1.8,1.9,3.9
3.703,1.9,1.8,3.5
3.1,2.8061,1.795,3.0
2.993,2.6,1.8,2.993
2.15,2.25,1.795,2.25
1.9,2.25,1.794,2.1
1.8,1.9,1.795,1.9
1.9,1.8,1.794,1.248
2.8061,1.795,1.795,1.8
2.6,1.8,1.794,1.795
2.25,1.795,2.25,1.795
2.25,1.794,3.4,1.8
1.9,1.795,3.9,1.8
1.8,1.794,3.5,2.3
1.795,1.795,3.0,2.099
1.8,1.794,2.993,1.7
1.795,2.25,2.25,1.69
1.794,3.4,2.1,1.794
1.795,3.9,1.9,1.795
1.794,3.5,1.248,1.795
1.795,3.0,1.8,1.795
1.794,2.993,1.795,1.794
2.25,2.25,1.795,2.35
3.4,2.1,1.8,3.4
3.9,1.9,1.8,4.298
3.5,1.248,2.3,3.4
3.0,1.8,2.099,2.694
2.993,1.795,1.7,2.694
2.25,1.795,1.69,1.9
2.1,1.8,1.794,1.795
1.9,1.8,1.795,1.9
1.248,2.3,1.795,1.795
1.8,2.099,1.795,2.1
1.795,1.7,1.794,1.9
1.795,1.69,2.35,1.9
1.8,1.794,3.4,2.1
1.8,1.795,4.298,2.1
2.3,1.795,3.4,3.189
2.099,1.795,2.694,2.69
1.7,1.794,2.694,2.1
1.69,2.35,1.9,2.1
1.794,3.4,1.795,1.9
1.795,4.298,1.9,1.794
1.795,3.4,1.795,1.794
1.795,2.694,2.1,1.8
1.794,2.694,1.9,1.8
2.35,1.9,1.9,2.3
3.4,1.795,2.1,3.4
4.298,1.9,2.1,4.1
3.4,1.795,3.189,3.6
2.694,2.1,2.69,2.6
2.694,1.9,2.1,2.585
1.9,1.9,2.1,2.001
1.795,2.1,1.9,1.748
1.9,2.1,1.794,1.889
1.795,3.189,1.794,1.889
2.1,2.69,1.8,1.889
1.9,2.1,1.8,1.889
1.9,2.1,2.3,1.889
2.1,1.9,3.4,1.889
2.1,1.794,4.1,1.889
3.189,1.794,3.6,2.7
2.69,1.8,2.6,3.0
2.1,1.8,2.585,2.74
2.1,2.3,2.001,2.7
1.9,3.4,1.748,2.499
1.794,4.1,1.889,2.649
1.794,3.6,1.889,2.649
1.8,2.6,1.889,2.65
1.8,2.585,1.889,2.75
2.3,2.001,1.889,2.7
3.4,1.748,1.889,3.588
4.1,1.889,1.889,4.1
3.6,1.889,2.7,3.6
2.6,1.889,3.0,2.993
2.585,1.889,2.74,3.1
2.001,1.889,2.7,2.1
1.748,1.889,2.499,1.85
1.889,1.889,2.649,1.598
1.889,2.7,2.649,1.799
1.889,3.0,2.65,1.799
1.889,2.74,2.75,1.799
1.889,2.7,2.7,1.799
1.889,2.499,3.588,1.799
1.889,2.649,4.1,1.799
2.7,2.649,3.6,3.3
3.0,2.65,2.993,3.3
2.74,2.75,3.1,2.95
2.7,2.7,2.1,2.9
2.499,3.588,1.85,2.5
2.649,4.1,1.598,2.385
2.649,3.6,1.799,2.399
2.65,2.993,1.799,2.219
2.75,3.1,1.799,2.5
2.7,2.1,1.799,3.2
3.588,1.85,1.799,4.1
4.1,1.598,1.799,4.457
3.6,1.799,3.3,4.1
2.993,1.799,3.3,3.5
3.1,1.799,2.95,3.5
2.1,1.799,2.9,2.5
1.85,1.799,2.5,2.1
1.598,1.799,2.385,1.598
1.799,3.3,2.399,2.0
1.799,3.3,2.219,2.1
1.799,2.95,2.5,2.0
1.799,2.9,3.2,2.1
1.799,2.5,4.1,2.1
1.799,2.385,4.457,1.9
3.3,2.399,4.1,3.45
3.3,2.219,3.5,2.9
2.95,2.5,3.5,2.7
2.9,3.2,2.5,1.69
2.5,4.1,2.1,1.54
2.385,4.457,1.598,1.54
2.399,4.1,2.0,1.54
2.219,3.5,2.1,1.548
2.5,3.5,2.0,1.79
3.2,2.5,2.1,3.521
4.1,2.1,2.1,4.375
4.457,1.598,1.9,5.1
4.1,2.0,3.45,4.9
3.5,2.1,2.9,4.433
3.5,2.0,2.7,4.5
2.5,2.1,1.69,2.84
2.1,2.1,1.54,2.1
1.598,1.9,1.54,1.68
2.0,3.45,1.54,1.68
2.1,2.9,1.548,2.1
2.0,2.7,1.79,1.9
2.1,1.69,3.521,1.9
2.1,1.54,4.375,1.68
1.9,1.54,5.1,1.0
3.45,1.54,4.9,2.475
2.9,1.548,4.433,2.35
2.7,1.79,4.5,2.03
1.69,3.521,2.84,1.53
1.54,4.375,2.1,1.38
1.54,5.1,1.68,1.15
1.54,4.9,1.68,1.15
1.548,4.433,2.1,1.15
1.79,4.5,1.9,1.38
3.521,2.84,1.9,2.8
4.375,2.1,1.68,4.098
5.1,1.68,1.0,5.2
4.9,1.68,2.475,4.698
4.433,2.1,2.35,4.254
4.5,1.9,2.03,4.488
2.84,1.9,1.53,2.48
2.1,1.68,1.38,1.68
1.68,1.0,1.15,1.68
1.68,2.475,1.15,1.68
2.1,2.35,1.15,1.68
1.9,2.03,1.38,1.68
1.9,1.53,2.8,1.68
1.68,1.38,4.098,1.2
1.0,1.15,5.2,0.609
2.475,1.15,4.698,1.75
2.35,1.15,4.254,1.499
2.03,1.38,4.488,1.75
1.53,2.8,2.48,1.409
1.38,4.098,1.68,0.79
1.15,5.2,1.68,0.575
1.15,4.698,1.68,0.575
1.15,4.254,1.68,0.788
1.38,4.488,1.68,1.005
2.8,2.48,1.68,1.82
4.098,1.68,1.2,3.85
5.2,1.68,0.609,4.5
4.698,1.68,1.75,4.418
4.254,1.68,1.499,3.9
4.488,1.68,1.75,4.8
2.48,1.68,1.409,2.7
1.68,1.2,0.79,1.68
1.68,0.609,0.575,2.1
1.68,1.75,0.575,1.9
1.68,1.499,0.788,2.0
1.68,1.75,1.005,1.947
1.68,1.409,1.82,1.967
1.2,0.79,3.85,2.1
0.609,0.575,4.5,2.1
1.75,0.575,4.418,3.3
1.499,0.788,3.9,2.894
1.75,1.005,4.8,2.68
1.409,1.82,2.7,2.6
0.79,3.85,1.68,1.499
0.575,4.5,2.1,1.527
0.575,4.418,1.9,1.527
0.788,3.9,2.0,1.499
1.005,4.8,1.947,1.499
1.82,2.7,1.967,3.166
3.85,1.68,2.1,4.0
4.5,2.1,2.1,4.5172
4.418,1.9,3.3,4.5
3.9,2.0,2.894,4.358
4.8,1.947,2.68,4.418
2.7,1.967,2.6,3.2
1.68,2.1,1.499,1.9
2.1,2.1,1.527,2.2
1.9,3.3,1.527,2.0
2.0,2.894,1.499,2.0
1.947,2.68,1.499,2.0
1.967,2.6,3.166,2.0
2.1,1.499,4.0,2.3
2.1,1.527,4.5172,1.9
3.3,1.527,4.5,3.7
2.894,1.499,4.358,4.534
2.68,1.499,4.418,4.353
2.6,3.166,3.2,2.8
1.499,4.0,1.9,2.59
1.527,4.5172,2.2,1.527
1.527,4.5,2.0,2.599
1.499,4.358,2.0,2.599
1.499,4.418,2.0,2.599
3.166,3.2,2.0,3.7
4.0,1.9,2.3,4.8
4.5172,2.2,1.9,4.897
4.5,2.0,3.7,5.0
4.358,2.0,4.534,4.2
4.418,2.0,4.353,4.8
3.2,2.0,2.8,3.0
1.9,2.3,2.59,2.25
2.2,1.9,1.527,1.95
2.0,3.7,2.599,1.68
2.0,4.534,2.599,1.68
2.0,4.353,2.599,1.68
2.0,2.8,3.7,1.68
2.3,2.59,4.8,1.95
1.9,1.527,4.897,1.68
3.7,2.599,5.0,4.9116
4.534,2.599,4.2,6.662
4.353,2.599,4.8,6.6665
2.8,3.7,3.0,6.6488
2.59,4.8,2.25,2.73
1.527,4.897,1.95,1.862
2.599,5.0,1.68,1.527
2.599,4.2,1.68,2.585
2.599,4.8,1.68,2.73
3.7,3.0,1.68,3.288
4.8,2.25,1.95,4.341
4.897,1.95,1.68,4.855
5.0,1.68,4.9116,5.2
4.2,1.68,6.662,5.107
4.8,1.68,6.6665,4.634
3.0,1.68,6.6488,3.288
2.25,1.95,2.73,2.0
1.95,1.68,1.862,2.5
1.68,4.9116,1.527,2.05
1.68,6.662,2.585,2.05
1.68,6.6665,2.73,2.05
1.68,6.6488,3.288,2.05
1.95,2.73,4.341,2.748
1.68,1.862,4.855,1.95
4.9116,1.527,5.2,4.157
6.662,2.585,5.107,4.672
6.6665,2.73,4.634,4.5
6.6488,3.288,3.288,3.799
2.73,4.341,2.0,2.585
1.862,4.855,2.5,2.15
1.527,5.2,2.05,2.231
2.585,5.107,2.05,2.644
2.73,4.634,2.05,2.89
3.288,3.288,2.05,3.493
4.341,2.0,2.748,4.1
4.855,2.5,1.95,5.0
5.2,2.05,4.157,4.6
5.107,2.05,4.672,4.536
4.634,2.05,4.5,4.1
3.288,2.05,3.799,2.844
2.0,2.748,2.585,1.9
2.5,1.95,2.15,2.7
2.05,4.157,2.231,2.449
2.05,4.672,2.644,2.449
2.05,4.5,2.89,2.0
2.05,3.799,3.493,2.449
2.748,2.585,4.1,2.449
1.95,2.15,5.0,2.449
4.157,2.231,4.6,3.47
4.672,2.644,4.536,4.064
4.5,2.89,4.1,3.6
3.799,3.493,2.844,3.18
2.585,4.1,1.9,2.44
2.15,5.0,2.7,2.22
2.231,4.6,2.449,1.999
2.644,4.536,2.449,2.05
2.89,4.1,2.0,1.527
3.493,2.844,2.449,2.9
4.1,1.9,2.449,3.3
5.0,2.7,2.449,4.417
4.6,2.449,3.47,4.0465
4.536,2.449,4.064,3.7
4.1,2.0,3.6,3.3
2.844,2.449,3.18,2.68
1.9,2.449,2.44,2.035
2.7,2.449,2.22,2.9169
2.449,3.47,1.999,2.85
2.449,4.064,2.05,2.85
2.0,3.6,1.527,2.699
2.449,3.18,2.9,2.77
2.449,2.44,3.3,2.77
2.449,2.22,4.417,1.983
3.47,1.999,4.0465,3.155
4.064,2.05,3.7,3.4
3.6,1.527,3.3,3.14
3.18,2.9,2.68,2.624
2.44,3.3,2.035,1.35
2.22,4.417,2.9169,1.22
1.999,4.0465,2.85,1.22
2.05,3.7,2.85,1.22
1.527,3.3,2.699,1.12
2.9,2.68,2.77,2.64
3.3,2.035,2.77,4.078
4.417,2.9169,1.983,6.6
4.0465,2.85,3.155,6.2
3.7,2.85,3.4,4.462
3.3,2.699,3.14,4.319
2.68,2.77,2.624,3.4
2.035,2.77,1.35,2.4
2.9169,1.983,1.22,1.9
2.85,3.155,1.22,1.9
2.85,3.4,1.22,1.68
2.699,3.14,1.12,1.68
2.77,2.624,2.64,1.68
2.77,1.35,4.078,1.68
1.983,1.22,6.6,1.0
3.155,1.22,6.2,2.474
3.4,1.22,4.462,2.75
3.14,1.12,4.319,2.739
2.624,2.64,3.4,2.14
1.35,4.078,2.4,0.56
1.22,6.6,1.9,0.49
1.22,6.2,1.9,0.44
1.22,4.462,1.68,0.438
1.12,4.319,1.68,0.49
2.64,3.4,1.68,1.2
4.078,2.4,1.68,3.25
6.6,1.9,1.0,6.0
6.2,1.9,2.474,5.8
4.462,1.68,2.75,3.9
4.319,1.68,2.739,3.65
3.4,1.68,2.14,2.74
2.4,1.68,0.56,1.49
1.9,1.0,0.49,2.1
1.9,2.474,0.44,2.1
1.68,2.75,0.438,2.1
1.68,2.739,0.49,2.1
1.68,2.14,1.2,2.1
1.68,0.56,3.25,2.1
1.0,0.49,6.0,2.3
2.474,0.44,5.8,5.5579
2.75,0.438,3.9,6.879
2.739,0.49,3.65,6.8744
2.14,1.2,2.74,6.877
0.56,3.25,1.49,2.75
0.49,6.0,2.1,2.799
0.44,5.8,2.1,2.799
0.438,3.9,2.1,2.799
0.49,3.65,2.1,2.799
1.2,2.74,2.1,5.3935
3.25,1.49,2.1,5.646
6.0,2.1,2.3,7.392
5.8,2.1,5.5579,7.3895
3.9,2.1,6.879,5.8
3.65,2.1,6.8744,6.0
2.74,2.1,6.877,4.078
1.49,2.1,2.75,2.9169
2.1,2.3,2.799,2.916
2.1,5.5579,2.799,2.9169
2.1,6.879,2.799,2.9154
2.1,6.8744,2.799,2.9
2.1,6.877,5.3935,2.9154
2.1,2.75,5.646,2.9129
2.3,2.799,7.392,2.9526
5.5579,2.799,7.3895,4.6888
6.879,2.799,5.8,4.896
6.8744,2.799,6.0,4.392
6.877,5.3935,4.078,3.5
2.75,5.646,2.9169,2.2995
2.799,7.392,2.916,1.699
2.799,7.3895,2.9169,2.2995
2.799,5.8,2.9154,2.399
2.799,6.0,2.9,3.279
5.3935,4.078,2.9154,3.6239
5.646,2.9169,2.9129,4.285
7.392,2.916,2.9526,6.2
7.3895,2.9169,4.6888,5.9
5.8,2.9154,4.896,5.553
6.0,2.9,4.392,5.289
4.078,2.9154,3.5,3.6
2.9169,2.9129,2.2995,2.744
2.916,2.9526,1.699,2.844
2.9169,4.6888,2.2995,2.5
2.9154,4.896,2.399,2.5
2.9,4.392,3.279,2.449
2.9154,3.5,3.6239,2.5
2.9129,2.2995,4.285,2.844
2.9526,1.699,6.2,2.5
4.6888,2.2995,5.9,4.45
4.896,2.399,5.553,5.5
4.392,3.279,5.289,5.785
3.5,3.6239,3.6,3.5
2.2995,4.285,2.744,3.311
1.699,6.2,2.844,1.679
2.2995,5.9,2.5,3.179
2.399,5.553,2.5,3.488
3.279,5.289,2.449,3.2
3.6239,3.6,2.5,3.4375
4.285,2.744,2.844,4.426
6.2,2.844,2.5,6.6
5.9,2.5,4.45,6.431
5.553,2.5,5.5,5.3
5.289,2.449,5.785,5.0
3.6,2.5,3.5,3.179
2.744,2.844,3.311,2.449
2.844,2.5,1.679,2.2
2.5,4.45,3.179,2.2
2.5,5.5,3.488,2.2
2.449,5.785,3.2,1.9
2.5,3.5,3.4375,2.2
2.844,3.311,4.426,2.5
2.5,1.679,6.6,2.2
4.45,3.179,6.431,4.194
5.5,3.488,5.3,4.7
5.785,3.2,5.0,4.1
3.5,3.4375,3.179,2.9
3.311,4.426,2.449,0.675
1.679,6.6,2.2,0.28
3.179,6.431,2.2,0.675
3.488,5.3,2.2,0.675
3.2,5.0,1.9,0.675
3.4375,3.179,2.2,2.0
4.426,2.449,2.5,4.14
6.6,2.2,2.2,5.999
6.431,2.2,4.194,6.1
5.3,2.2,4.7,5.9619
5.0,1.9,4.1,5.2
3.179,2.2,2.9,3.2
2.449,2.5,0.675,1.849
2.2,2.2,0.28,2.3
2.2,4.194,0.675,2.449
2.2,4.7,0.675,2.3
1.9,4.1,0.675,2.149
2.2,2.9,2.0,2.2
2.5,0.675,4.14,2.592
2.2,0.28,5.999,1.68
4.194,0.675,6.1,3.25
4.7,0.675,5.9619,3.092
4.1,0.675,5.2,3.093
2.9,2.0,3.2,1.589
0.675,4.14,1.849,0.11
0.28,5.999,2.3,0.1
0.675,6.1,2.449,0.189
0.675,5.9619,2.3,0.195
0.675,5.2,2.149,0.999
2.0,3.2,2.2,2.988
4.14,1.849,2.592,4.06
5.999,2.3,1.68,4.3494
6.1,2.449,3.25,5.4017
5.9619,2.3,3.092,4.3
5.2,2.149,3.093,4.6055
3.2,2.2,1.589,2.8
1.849,2.592,0.11,1.0
2.3,1.68,0.1,3.0
2.449,3.25,0.189,2.9122
2.3,3.092,0.195,2.85
2.149,3.093,0.999,2.85
2.2,1.589,2.988,2.85
2.592,0.11,4.06,2.95
1.68,0.1,4.3494,2.97
3.25,0.189,5.4017,5.2
3.092,0.195,4.3,4.0
3.093,0.999,4.6055,3.915
1.589,2.988,2.8,3.2
0.11,4.06,1.0,2.1
0.1,4.3494,3.0,1.051
0.189,5.4017,2.9122,0.98
0.195,4.3,2.85,0.98
0.999,4.6055,2.85,3.915
2.988,2.8,2.85,5.6
4.06,1.0,2.95,7.5
4.3494,3.0,2.97,7.5
5.4017,2.9122,5.2,7.5
4.3,2.85,4.0,7.5
4.6055,2.85,3.915,7.5
2.8,2.85,3.2,7.5
1.0,2.95,2.1,3.0
3.0,2.97,1.051,2.97
2.9122,5.2,0.98,1.5
2.85,4.0,0.98,0.95
2.85,3.915,3.915,0.95
2.85,3.2,5.6,0.95
2.95,2.1,7.5,1.2
2.97,1.051,7.5,1.5
5.2,0.98,7.5,2.22
4.0,0.98,7.5,2.85
3.915,3.915,7.5,2.82
3.2,5.6,7.5,2.82
2.1,7.5,3.0,2.999
1.051,7.5,2.97,2.999
0.98,7.5,1.5,2.999
0.98,7.5,0.95,2.999
3.915,7.5,0.95,2.999
5.6,7.5,0.95,3.98
7.5,3.0,1.2,5.0
7.5,2.97,1.5,6.6
7.5,1.5,2.22,7.4711
7.5,0.95,2.85,6.6
7.5,0.95,2.82,6.6
7.5,0.95,2.82,4.2
3.0,1.2,2.999,2.97
2.97,1.5,2.999,2.5
1.5,2.22,2.999,2.25
0.95,2.85,2.999,0.675
0.95,2.82,2.999,0.8
0.95,2.82,3.98,0.9
1.2,2.999,5.0,2.25
1.5,2.999,6.6,3.0
2.22,2.999,7.4711,5.6
2.85,2.999,6.6,6.3
2.82,2.999,6.6,4.9
2.82,3.98,4.2,3.9
2.999,5.0,2.97,4.4
2.999,6.6,2.5,3.42
2.999,7.4711,2.25,4.6
2.999,6.6,0.675,5.3744
2.999,6.6,0.8,3.68
3.98,4.2,0.9,4.5
5.0,2.97,2.25,5.6
6.6,2.5,3.0,7.4387
7.4711,2.25,5.6,7.4679
6.6,0.675,6.3,7.3995
6.6,0.8,4.9,5.8
4.2,0.9,3.9,4.0
2.97,2.25,4.4,3.0
2.5,3.0,3.42,2.93
2.25,5.6,4.6,2.05
0.675,6.3,5.3744,0.675
0.8,4.9,3.68,0.675
0.9,3.9,4.5,0.675
2.25,4.4,5.6,2.05
3.0,3.42,7.4387,2.97
5.6,4.6,7.4679,3.9
6.3,5.3744,7.3995,4.198
4.9,3.68,5.8,3.633
3.9,4.5,4.0,2.94
4.4,5.6,3.0,2.7
3.42,7.4387,2.93,1.69
4.6,7.4679,2.05,2.15
5.3744,7.3995,0.675,2.7
3.68,5.8,0.675,2.94
4.5,4.0,0.675,4.1
5.6,3.0,2.05,5.3
7.4387,2.93,2.97,7.5
7.4679,2.05,3.9,7.5
7.3995,0.675,4.198,7.5
5.8,0.675,3.633,5.7
4.0,0.675,2.94,4.0
3.0,2.05,2.7,3.0
2.93,2.97,1.69,2.942
2.05,3.9,2.15,2.1
0.675,4.198,2.7,1.299
0.675,3.633,2.94,1.299
0.675,2.94,4.1,1.78
2.05,2.7,5.3,2.4
2.97,1.69,7.5,3.0
3.9,2.15,7.5,3.3
4.198,2.7,7.5,3.45
3.633,2.94,5.7,3.307
2.94,4.1,4.0,3.173
2.7,5.3,3.0,2.9
1.69,7.5,2.942,2.3
2.15,7.5,2.1,2.493
2.7,7.5,1.299,2.9
2.94,5.7,1.299,3.28
4.1,4.0,1.78,3.475
5.3,3.0,2.4,5.3
7.5,2.942,3.0,6.2
7.5,2.1,3.3,6.6
7.5,1.299,3.45,6.0
5.7,1.299,3.307,5.0
4.0,1.78,3.173,5.2
3.0,2.4,2.9,3.0
2.942,3.0,2.3,2.4
2.1,3.3,2.493,0.675
1.299,3.45,2.9,0.5
1.299,3.307,3.28,0.5
1.78,3.173,3.475,0.5
2.4,2.9,5.3,0.8
3.0,2.3,6.2,2.4
3.3,2.493,6.6,3.1
3.45,2.9,6.0,3.1
3.307,3.28,5.0,2.65
3.173,3.475,5.2,2.12
2.9,5.3,3.0,1.21
2.3,6.2,2.4,0.47
2.493,6.6,0.675,0.675
2.9,6.0,0.5,0.675
3.28,5.0,0.5,1.233
3.475,5.2,0.5,2.9
5.3,3.0,0.8,3.98
6.2,2.4,2.4,4.5
6.6,0.675,3.1,5.159
6.0,0.5,3.1,4.5
5.0,0.5,2.65,4.0
5.2,0.5,2.12,3.5
3.0,0.8,1.21,3.0
2.4,2.4,0.47,1.15
0.675,3.1,0.675,0.47
0.5,3.1,0.675,0.45
0.5,2.65,1.233,0.45
0.5,2.12,2.9,0.47
0.8,1.21,3.98,0.65
2.4,0.47,4.5,1.9
3.1,0.675,5.159,2.75
3.1,0.675,4.5,2.745
2.65,1.233,4.0,1.8
2.12,2.9,3.5,0.55
1.21,3.98,3.0,0.42
0.47,4.5,1.15,0.2
0.675,5.159,0.47,0.4
0.675,4.5,0.45,0.2
1.233,4.0,0.45,0.47
2.9,3.5,0.47,2.7
3.98,3.0,0.65,3.55
4.5,1.15,1.9,4.8
5.159,0.47,2.75,5.6
4.5,0.45,2.745,5.4
4.0,0.45,1.8,5.8
3.5,0.47,0.55,4.1
3.0,0.65,0.42,3.0
1.15,1.9,0.2,3.0
0.47,2.75,0.4,3.0
0.45,2.745,0.2,3.0
0.45,1.8,0.47,3.0
0.47,0.55,2.7,3.0
0.65,0.42,3.55,3.0
1.9,0.2,4.8,3.0
2.75,0.4,5.6,5.6
2.745,0.2,5.4,3.9
1.8,0.47,5.8,2.55
0.55,2.7,4.1,2.55
0.42,3.55,3.0,2.4
0.2,4.8,3.0,2.35
0.4,5.6,3.0,2.35
0.2,5.4,3.0,2.4
0.47,5.8,3.0,5.6
2.7,4.1,3.0,5.6
3.55,3.0,3.0,7.5
4.8,3.0,3.0,7.5
5.6,3.0,5.6,7.5
5.4,3.0,3.9,7.5
5.8,3.0,2.55,7.5
4.1,3.0,2.55,7.5
3.0,3.0,2.4,3.0
3.0,3.0,2.35,3.0
3.0,5.6,2.35,2.6
3.0,3.9,2.4,1.85
3.0,2.55,5.6,0.455
3.0,2.55,5.6,1.85
3.0,2.4,7.5,1.85
3.0,2.35,7.5,3.5
5.6,2.35,7.5,2.15
3.9,2.4,7.5,3.1
2.55,5.6,7.5,3.09
2.55,5.6,7.5,3.1
2.4,7.5,3.0,1.78
2.35,7.5,3.0,0.98
2.35,7.5,2.6,2.35
2.4,7.5,1.85,3.1
5.6,7.5,0.455,1.85
5.6,7.5,1.85,6.5
7.5,3.0,1.85,7.1
7.5,3.0,3.5,7.5
7.5,2.6,2.15,7.5
7.5,1.85,3.1,7.3947
7.5,0.455,3.09,6.9
7.5,1.85,3.1,3.0
3.0,1.85,1.78,3.0
3.0,3.5,0.98,2.5
2.6,2.15,2.35,2.3
1.85,3.1,3.1,2.1
0.455,3.09,1.85,0.999
1.85,3.1,6.5,2.1
1.85,1.78,7.1,2.9
3.5,0.98,7.5,3.0
2.15,2.35,7.5,3.717
3.1,3.1,7.3947,3.906
3.09,1.85,6.9,3.5
3.1,6.5,3.0,1.82
1.78,7.1,3.0,1.75
0.98,7.5,2.5,1.65
2.35,7.5,2.3,1.5
3.1,7.3947,2.1,1.65
1.85,6.9,0.999,1.65
6.5,3.0,2.1,1.544
7.1,3.0,2.9,1.991
7.5,2.5,3.0,4.7
7.5,2.3,3.717,6.1
7.3947,2.1,3.906,6.7
6.9,0.999,3.5,5.6
3.0,2.1,1.82,4.1
3.0,2.9,1.75,2.95
2.5,3.0,1.65,1.9
2.3,3.717,1.5,0.723
2.1,3.906,1.65,0.723
0.999,3.5,1.65,0.723
2.1,1.82,1.544,0.723
2.9,1.75,1.991,0.8
3.0,1.65,4.7,2.35
3.717,1.5,6.1,3.8
3.906,1.65,6.7,4.4
3.5,1.65,5.6,3.4
1.82,1.544,4.1,0.739
1.75,1.991,2.95,0.64
1.65,4.7,1.9,0.64
1.5,6.1,0.723,0.723
1.65,6.7,0.723,0.739
1.65,5.6,0.723,0.739
1.544,4.1,0.723,0.739
1.991,2.95,0.8,2.643
4.7,1.9,2.35,4.842
6.1,0.723,3.8,5.6
6.7,0.723,4.4,5.75
5.6,0.723,3.4,5.3
4.1,0.723,0.739,4.2
2.95,0.8,0.64,2.9746
1.9,2.35,0.64,1.878
0.723,3.8,0.723,0.499
0.723,4.4,0.739,0.465
0.723,3.4,0.739,0.465
0.723,0.739,0.739,0.465
0.8,0.64,2.643,0.499
2.35,0.64,4.842,2.25
3.8,0.723,5.6,4.097
4.4,0.739,5.75,3.8767
3.4,0.739,5.3,2.77
0.739,0.739,4.2,2.11
0.64,2.643,2.9746,1.6
0.64,4.842,1.878,1.799
0.723,5.6,0.499,1.7
0.739,5.75,0.465,1.6
0.739,5.3,0.465,1.54
0.739,4.2,0.465,1.799
2.643,2.9746,0.499,2.5
4.842,1.878,2.25,4.1
5.6,0.499,4.097,5.7
5.75,0.465,3.8767,6.102
5.3,0.465,2.77,5.1
4.2,0.465,2.11,4.1
2.9746,0.499,1.6,3.0
1.878,2.25,1.799,0.7271
0.499,4.097,1.7,0.465
0.465,3.8767,1.6,0.3
0.465,2.77,1.54,0.27
0.465,2.11,1.799,0.3
0.499,1.6,2.5,0.465
2.25,1.799,4.1,1.89
4.097,1.7,5.7,4.2
3.8767,1.6,6.102,5.281
2.77,1.54,5.1,5.8
2.11,1.799,4.1,2.95
1.6,2.5,3.0,1.799
1.799,4.1,0.7271,1.599
1.7,5.7,0.465,1.6
1.6,6.102,0.3,1.6
1.54,5.1,0.27,1.799
1.799,4.1,0.3,2.0
2.5,3.0,0.465,3.039
4.1,0.7271,1.89,4.3
5.7,0.465,4.2,5.2
6.102,0.3,5.281,6.0
5.1,0.27,5.8,5.5
4.1,0.3,2.95,3.95
3.0,0.465,1.799,3.0
0.7271,1.89,1.599,1.649
0.465,4.2,1.6,0.465
0.3,5.281,1.6,0.465
0.27,5.8,1.799,0.3
0.3,2.95,2.0,0.25
0.465,1.799,3.039,0.465
1.89,1.599,4.3,1.7
4.2,1.6,5.2,3.3
5.281,1.6,6.0,3.381
5.8,1.799,5.5,3.035
2.95,2.0,3.95,1.8
1.799,3.039,3.0,1.6
1.599,4.3,1.649,1.59
1.6,5.2,0.465,1.599
1.6,6.0,0.465,1.599
1.799,5.5,0.3,1.599
2.0,3.95,0.25,1.599
3.039,3.0,0.465,2.445
4.3,1.649,1.7,3.459
5.2,0.465,3.3,3.9
6.0,0.465,3.381,4.4
5.5,0.3,3.035,4.169
3.95,0.25,1.8,3.598
3.0,0.465,1.6,2.9774
1.649,1.7,1.59,1.3
0.465,3.3,1.599,0.377
0.465,3.381,1.599,0.1989
0.3,3.035,1.599,0.15
0.25,1.8,1.599,0.15
0.465,1.6,2.445,0.197
1.7,1.59,3.459,1.3
3.3,1.599,3.9,2.3
3.381,1.599,4.4,2.3
3.035,1.599,4.169,1.8
1.8,1.599,3.598,1.25
1.6,2.445,2.9774,0.44
1.59,3.459,1.3,0.46
1.599,3.9,0.377,0.46
1.599,4.4,0.1989,0.44
1.599,4.169,0.15,0.465
1.599,3.598,0.15,1.39
2.445,2.9774,0.197,1.99
3.459,1.3,1.3,2.9
3.9,0.377,2.3,3.2
4.4,0.1989,2.3,2.8
4.169,0.15,1.8,2.9
3.598,0.15,1.25,2.943
2.9774,0.197,0.44,1.695
1.3,1.3,0.46,1.3
0.377,2.3,0.46,0.999
0.1989,2.3,0.44,0.373
0.15,1.8,0.465,0.194
0.15,1.25,1.39,0.15
0.197,0.44,1.99,0.14
1.3,0.46,2.9,0.373
2.3,0.46,3.2,1.8
2.3,0.44,2.8,0.288
1.8,0.465,2.9,0.05
1.25,1.39,2.943,0.05
0.44,1.99,1.695,0.05
0.46,2.9,1.3,0.05
0.46,3.2,0.999,0.05
0.44,2.8,0.373,0.05
0.465,2.9,0.194,0.05
1.39,2.943,0.15,0.095
1.99,1.695,0.14,1.95
2.9,1.3,0.373,3.032
3.2,0.999,1.8,3.3
2.8,0.373,0.288,3.7
2.9,0.194,0.05,3.7
2.943,0.15,0.05,3.2
1.695,0.14,0.05,2.1
1.3,0.373,0.05,1.45
0.999,1.8,0.05,1.3
0.373,0.288,0.05,0.55
0.194,0.05,0.05,0.194
0.15,0.05,0.095,0.194
0.14,0.05,1.95,0.799
0.373,0.05,3.032,1.4
1.8,0.05,3.3,3.284
0.288,0.05,3.7,2.6
0.05,0.05,3.7,2.0
0.05,0.095,3.2,2.15
0.05,1.95,2.1,2.4
0.05,3.032,1.45,1.3
0.05,3.3,1.3,1.3
0.05,3.7,0.55,1.55
0.05,3.7,0.194,1.55
0.095,3.2,0.194,1.8
1.95,2.1,0.799,2.984
3.032,1.45,1.4,3.4
3.3,1.3,3.284,3.7
3.7,0.55,2.6,4.2
3.7,0.194,2.0,4.2
3.2,0.194,2.15,3.7
2.1,0.799,2.4,2.65
1.45,1.4,1.3,2.9155
1.3,3.284,1.3,1.4
0.55,2.6,1.55,1.198
0.194,2.0,1.55,1.145
0.194,2.15,1.8,0.798
0.799,2.4,2.984,1.3
1.4,1.3,3.4,2.1
3.284,1.3,3.7,3.69
2.6,1.55,4.2,3.0
2.0,1.55,4.2,2.3
2.15,1.8,3.7,1.59
2.4,2.984,2.65,2.35
1.3,3.4,2.9155,1.145
1.3,3.7,1.4,1.194
1.55,4.2,1.198,2.889
1.55,4.2,1.145,2.4
1.8,3.7,0.798,1.8
2.984,2.65,1.3,2.3
3.4,2.9155,2.1,3.4
3.7,1.4,3.69,4.162
4.2,1.198,3.0,4.5544
4.2,1.145,2.3,4.2
3.7,0.798,1.59,3.7
2.65,1.3,2.35,2.85
2.9155,2.1,1.145,2.7
1.4,3.69,1.194,1.8
1.198,3.0,2.889,1.6
1.145,2.3,2.4,1.13
0.798,1.59,1.8,1.13
1.3,2.35,2.3,1.6
2.1,1.145,3.4,2.95
3.69,1.194,4.162,3.579
3.0,2.889,4.5544,2.899
2.3,2.4,4.2,2.3
1.59,1.8,3.7,2.1
2.35,2.3,2.85,2.399
1.145,3.4,2.7,1.7
1.194,4.162,1.8,1.7
2.889,4.5544,1.6,1.4
2.4,4.2,1.13,1.7
1.8,3.7,1.13,1.7
2.3,2.85,1.6,2.05
3.4,2.7,2.95,3.68
4.162,1.8,3.579,3.68
4.5544,1.6,2.899,4.2
4.2,1.13,2.3,4.5
3.7,1.13,2.1,3.7
2.85,1.6,2.399,2.9
2.7,2.95,1.7,2.9149
1.8,3.579,1.7,2.1
1.6,2.899,1.4,1.9
1.13,2.3,1.7,1.8
1.13,2.1,1.7,1.8
1.6,2.399,2.05,1.8
2.95,1.7,3.68,2.9
3.579,1.7,3.68,3.9577
2.899,1.4,4.2,3.099
2.3,1.7,4.5,2.4
2.1,1.7,3.7,2.88
2.399,2.05,2.9,2.879
1.7,3.68,2.9149,1.79
1.7,3.68,2.1,2.0
1.4,4.2,1.9,2.88
1.7,4.5,1.8,2.879
1.7,3.7,1.8,2.295
2.05,2.9,1.8,2.5
3.68,2.9149,2.9,3.68
3.68,2.1,3.9577,4.0236
4.2,1.9,3.099,4.9
4.5,1.8,2.4,4.6
3.7,1.8,2.88,3.68
2.9,1.8,2.879,2.917
2.9149,2.9,1.79,3.0
2.1,3.9577,2.0,2.5
1.9,3.099,2.88,2.2
1.8,2.4,2.879,2.0
1.8,2.88,2.295,2.0
1.8,2.879,2.5,2.2
2.9,1.79,3.68,2.9
3.9577,2.0,4.0236,4.1
3.099,2.88,4.9,3.3
2.4,2.879,4.6,2.199
2.88,2.295,3.68,1.789
2.879,2.5,2.917,1.498
1.79,3.68,3.0,1.98
2.0,4.0236,2.5,1.98
2.88,4.9,2.2,1.78
2.879,4.6,2.0,1.78
2.295,3.68,2.0,1.99
2.5,2.917,2.2,2.298
3.68,3.0,2.9,3.9966
4.0236,2.5,4.1,3.9
4.9,2.2,3.3,4.2
4.6,2.0,2.199,4.2
3.68,2.0,1.789,4.25
2.917,2.2,1.498,3.0
3.0,2.9,1.98,2.7
2.5,4.1,1.98,2.2
2.2,3.3,1.78,1.9
2.0,2.199,1.78,1.9
2.0,1.789,1.99,1.9
2.2,1.498,2.298,1.9
2.9,1.98,3.9966,1.9
4.1,1.98,3.9,2.7
3.3,1.78,4.2,2.799
2.199,1.78,4.2,2.799
1.789,1.99,4.25,2.0
1.498,2.298,3.0,1.89
1.98,3.9966,2.7,1.6
1.98,3.9,2.2,1.6
1.78,4.2,1.9,1.4
1.78,4.2,1.9,1.899
1.99,4.25,1.9,2.93
2.298,3.0,1.9,4.4
3.9966,2.7,1.9,2.8
3.9,2.2,2.7,3.0
4.2,1.9,2.799,3.602
4.2,1.9,2.799,3.66
4.25,1.9,2.0,3.4
3.0,1.9,1.89,2.9
2.7,1.9,1.6,2.8
2.2,2.7,1.6,2.8
1.9,2.799,1.4,2.6
1.9,2.799,1.899,2.6
1.9,2.0,2.93,2.6
1.9,1.89,4.4,2.6
1.9,1.6,2.8,2.8
2.7,1.6,3.0,2.6
2.799,1.4,3.602,2.65
2.799,1.899,3.66,2.65
2.0,2.93,3.4,2.6
1.89,4.4,2.9,1.6
1.6,2.8,2.8,1.4
1.6,3.0,2.8,1.6
1.4,3.602,2.6,1.4
1.899,3.66,2.6,1.399
2.93,3.4,2.6,1.389
4.4,2.9,2.6,1.8
2.8,2.8,2.8,3.0
3.0,2.8,2.6,3.34
3.602,2.6,2.65,4.2
3.66,2.6,2.65,4.2
3.4,2.6,2.6,3.845
2.9,2.6,1.6,3.0
2.8,2.8,1.4,3.0
2.8,2.6,1.6,3.0
2.6,2.65,1.4,3.0
2.6,2.65,1.399,2.97
2.6,2.6,1.389,3.0
2.6,1.6,1.8,3.0
2.8,1.4,3.0,3.0
2.6,1.6,3.34,5.1
2.65,1.4,4.2,5.9
2.65,1.399,4.2,4.5
2.6,1.389,3.845,3.199
1.6,1.8,3.0,2.85
1.4,3.0,3.0,2.683
1.6,3.34,3.0,2.26
1.4,4.2,3.0,2.0
1.399,4.2,2.97,2.95
1.389,3.845,3.0,3.2
1.8,3.0,3.0,3.23
3.0,3.0,3.0,4.19
3.34,3.0,5.1,5.7
4.2,3.0,5.9,6.5
4.2,2.97,4.5,6.5
3.845,3.0,3.199,5.3
3.0,3.0,2.85,3.0
3.0,3.0,2.683,3.0
3.0,5.1,2.26,2.6
3.0,5.9,2.0,2.5
2.97,4.5,2.95,2.5
3.0,3.199,3.2,2.5
3.0,2.85,3.23,2.5
3.0,2.683,4.19,2.9
5.1,2.26,5.7,3.9239
5.9,2.0,6.5,3.87
4.5,2.95,6.5,3.35
3.199,3.2,5.3,2.85
2.85,3.23,3.0,2.925
2.683,4.19,3.0,1.998
2.26,5.7,2.6,2.08
2.0,6.5,2.5,2.929
2.95,6.5,2.5,3.35
3.2,5.3,2.5,3.45
3.23,3.0,2.5,4.23
4.19,3.0,2.9,5.0
5.7,2.6,3.9239,5.247
6.5,2.5,3.87,6.188
6.5,2.5,3.35,6.1
5.3,2.5,2.85,5.1
3.0,2.5,2.925,3.0
3.0,2.9,1.998,3.0
2.6,3.9239,2.08,2.8
2.5,3.87,2.929,2.7566
2.5,3.35,3.35,2.7182
2.5,2.85,3.45,2.7149
2.5,2.925,4.23,2.8
2.9,1.998,5.0,3.0
3.9239,2.08,5.247,4.5
3.87,2.929,6.188,5.541
3.35,3.35,6.1,4.988
2.85,3.45,5.1,4.1134
2.925,4.23,3.0,3.5
1.998,5.0,3.0,2.698
2.08,5.247,2.8,3.02
2.929,6.188,2.7566,3.5
3.35,6.1,2.7182,3.669
3.45,5.1,2.7149,3.745
4.23,3.0,2.8,4.5
5.0,3.0,3.0,6.1
5.247,2.8,4.5,6.1874
6.188,2.7566,5.541,7.2
6.1,2.7182,4.988,7.1539
5.1,2.7149,4.1134,6.1886
3.0,2.8,3.5,3.0
3.0,3.0,2.698,3.0
2.8,4.5,3.02,2.8
2.7566,5.541,3.5,2.7
2.7182,4.988,3.669,2.2424
2.7149,4.1134,3.745,2.372
2.8,3.5,4.5,2.499
3.0,2.698,6.1,3.0
4.5,3.02,6.1874,4.7
5.541,3.5,7.2,5.5354
4.988,3.669,7.1539,5.8
4.1134,3.745,6.1886,4.7
3.5,4.5,3.0,4.1
2.698,6.1,3.0,3.9
3.02,6.1874,2.8,3.999
3.5,7.2,2.7,3.999
3.669,7.1539,2.2424,3.9
3.745,6.1886,2.372,3.925
4.5,3.0,2.499,4.1
6.1,3.0,3.0,5.0
6.1874,2.8,4.7,5.3
7.2,2.7,5.5354,6.5
7.1539,2.2424,5.8,6.5
6.1886,2.372,4.7,5.6869
3.0,2.499,4.1,3.0
3.0,3.0,3.9,3.0
2.8,4.7,3.999,2.4
2.7,5.5354,3.999,2.3
2.2424,5.8,3.9,2.3
2.372,4.7,3.925,2.3
2.499,4.1,4.1,2.6
3.0,3.9,5.0,3.0
4.7,3.999,5.3,4.191
5.5354,3.999,6.5,4.3
5.8,3.9,6.5,4.0273
4.7,3.925,5.6869,3.066
4.1,4.1,3.0,2.987
3.9,5.0,3.0,2.65
3.999,5.3,2.4,2.65
3.999,6.5,2.3,2.35
3.9,6.5,2.3,2.6
3.925,5.6869,2.3,2.35
4.1,3.0,2.6,2.85
5.0,3.0,3.0,5.0
5.3,2.4,4.191,6.3
6.5,2.3,4.3,7.5
6.5,2.3,4.0273,7.5
5.6869,2.3,3.066,6.6
3.0,2.6,2.987,3.0
3.0,3.0,2.65,3.0
2.4,4.191,2.65,3.0
2.3,4.3,2.35,3.0
2.3,4.0273,2.6,2.98
2.3,3.066,2.35,2.97
2.6,2.987,2.85,2.823
3.0,2.65,5.0,3.0
4.191,2.65,6.3,2.8
4.3,2.35,7.5,2.55
4.0273,2.6,7.5,2.55
3.066,2.35,6.6,2.5373
2.987,2.85,3.0,1.49
2.65,5.0,3.0,1.49
2.65,6.3,3.0,1.49
2.35,7.5,3.0,1.45
2.6,7.5,2.98,1.79
2.35,6.6,2.97,1.987
2.85,3.0,2.823,2.62
5.0,3.0,3.0,3.185
6.3,3.0,2.8,4.1493
7.5,3.0,2.55,4.8
7.5,2.98,2.55,4.8
6.6,2.97,2.5373,3.8
3.0,2.823,1.49,3.0
3.0,3.0,1.49,3.0
3.0,2.8,1.49,2.9131
3.0,2.55,1.45,2.6
2.98,2.55,1.79,2.6
2.97,2.5373,1.987,2.5
2.823,1.49,2.62,2.6
3.0,1.49,3.185,3.0
2.8,1.49,4.1493,3.3
2.55,1.45,4.8,3.18
2.55,1.79,4.8,3.04
2.5373,1.987,3.8,1.95
1.49,2.62,3.0,0.89
1.49,3.185,3.0,0.749
1.49,4.1493,2.9131,0.55
1.45,4.8,2.6,0.45
1.79,4.8,2.6,0.745
1.987,3.8,2.5,1.299
2.62,3.0,2.6,3.129
3.185,3.0,3.0,4.13
4.1493,2.9131,3.3,5.3
4.8,2.6,3.18,6.9987
4.8,2.6,3.04,6.9976
3.8,2.5,1.95,5.7
3.0,2.6,0.89,3.0
3.0,3.0,0.749,3.0
2.9131,3.3,0.55,3.0
2.6,3.18,0.45,3.0
2.6,3.04,0.745,3.0
2.5,1.95,1.299,3.0
2.6,0.89,3.129,3.0
3.0,0.749,4.13,3.0
3.3,0.55,5.3,5.6
3.18,0.45,6.9987,6.9
3.04,0.745,6.9976,6.5
1.95,1.299,5.7,5.0
0.89,3.129,3.0,3.7
0.749,4.13,3.0,3.18
0.55,5.3,3.0,3.18
0.45,6.9987,3.0,4.19
0.745,6.9976,3.0,4.0351
1.299,5.7,3.0,5.6
3.129,3.0,3.0,7.5
4.13,3.0,3.0,7.5
5.3,3.0,5.6,7.5
6.9987,3.0,6.9,7.5
6.9976,3.0,6.5,7.5
5.7,3.0,5.0,7.5
3.0,3.0,3.7,3.0
3.0,3.0,3.18,3.0
3.0,5.6,3.18,3.0
3.0,6.9,4.19,3.0
3.0,6.5,4.0351,3.0
3.0,5.0,5.6,3.0
3.0,3.7,7.5,3.0
3.0,3.18,7.5,3.0
5.6,3.18,7.5,5.6
6.9,4.19,7.5,6.452
6.5,4.0351,7.5,5.0
5.0,5.6,7.5,3.745
3.7,7.5,3.0,0.933
3.18,7.5,3.0,0.788
3.18,7.5,3.0,0.933
4.19,7.5,3.0,2.35
4.0351,7.5,3.0,3.195
5.6,7.5,3.0,3.304
7.5,3.0,3.0,4.157
7.5,3.0,3.0,6.1
7.5,3.0,5.6,7.5
7.5,3.0,6.452,7.5
7.5,3.0,5.0,7.5
7.5,3.0,3.745,7.0
3.0,3.0,0.933,3.0
3.0,3.0,0.788,3.0
3.0,5.6,0.933,3.0
3.0,6.452,2.35,3.0
3.0,5.0,3.195,3.0
3.0,3.745,3.304,3.0
3.0,0.933,4.157,3.0
3.0,0.788,6.1,3.0
5.6,0.933,7.5,5.6
6.452,2.35,7.5,6.9
5.0,3.195,7.5,6.9
3.745,3.304,7.0,6.9
0.933,4.157,3.0,3.8975
0.788,6.1,3.0,3.0
0.933,7.5,3.0,3.195
2.35,7.5,3.0,3.75
3.195,7.5,3.0,3.484
3.304,7.0,3.0,4.19
4.157,3.0,3.0,5.139
6.1,3.0,3.0,6.5
7.5,3.0,5.6,7.5
7.5,3.0,6.9,7.5
7.5,3.0,6.9,7.5
7.0,3.0,6.9,6.7
3.0,3.0,3.8975,3.0
3.0,3.0,3.0,3.0
3.0,5.6,3.195,3.0
3.0,6.9,3.75,3.0
3.0,6.9,3.484,3.0
3.0,6.9,4.19,3.0
3.0,3.8975,5.139,3.0
3.0,3.0,6.5,3.0
5.6,3.195,7.5,5.5
6.9,3.75,7.5,6.482
6.9,3.484,7.5,5.339
6.9,4.19,6.7,4.311
3.8975,5.139,3.0,4.0258
3.0,6.5,3.0,3.395
3.195,7.5,3.0,3.395
3.75,7.5,3.0,3.9548
3.484,7.5,3.0,3.64
4.19,6.7,3.0,3.9963
5.139,3.0,3.0,4.5
6.5,3.0,3.0,6.3
7.5,3.0,5.5,7.5
7.5,3.0,6.482,7.5
7.5,3.0,5.339,7.5
6.7,3.0,4.311,6.785
3.0,3.0,4.0258,3.0
3.0,3.0,3.395,3.0
3.0,5.5,3.395,3.0
3.0,6.482,3.9548,3.0
3.0,5.339,3.64,3.0
3.0,4.311,3.9963,3.0
3.0,4.0258,4.5,3.0
3.0,3.395,6.3,3.0
5.5,3.395,7.5,5.0968
6.482,3.9548,7.5,6.656
5.339,3.64,7.5,5.601
4.311,3.9963,6.785,4.3
4.0258,4.5,3.0,3.3
3.395,6.3,3.0,2.4
3.395,7.5,3.0,1.998
3.9548,7.5,3.0,3.0
3.64,7.5,3.0,3.062
3.9963,6.785,3.0,3.3
4.5,3.0,3.0,3.532
6.3,3.0,3.0,5.2
7.5,3.0,5.0968,6.5
7.5,3.0,6.656,7.5
7.5,3.0,5.601,7.5
6.785,3.0,4.3,6.699
3.0,3.0,3.3,3.0
3.0,3.0,2.4,3.0
3.0,5.0968,1.998,3.0
3.0,6.656,3.0,3.0
3.0,5.601,3.062,3.0
3.0,4.3,3.3,3.0
3.0,3.3,3.532,3.0
3.0,2.4,5.2,3.0
5.0968,1.998,6.5,3.9
6.656,3.0,7.5,3.745
5.601,3.062,7.5,3.6
4.3,3.3,6.699,2.999
3.3,3.532,3.0,3.4
2.4,5.2,3.0,3.17
1.998,6.5,3.0,2.99
3.0,7.5,3.0,3.0
3.062,7.5,3.0,2.4
3.3,6.699,3.0,3.1
3.532,3.0,3.0,3.4
5.2,3.0,3.0,5.1
6.5,3.0,3.9,6.6
7.5,3.0,3.745,6.6
7.5,3.0,3.6,7.2
6.699,3.0,2.999,7.5
3.0,3.0,3.4,3.0
3.0,3.0,3.17,3.0
3.0,3.9,2.99,3.0
3.0,3.745,3.0,2.96
3.0,3.6,2.4,2.7
3.0,2.999,3.1,2.7
3.0,3.4,3.4,2.7
3.0,3.17,5.1,2.9
3.9,2.99,6.6,3.9
3.745,3.0,6.6,3.158
3.6,2.4,7.2,2.99
2.999,3.1,7.5,2.05
3.4,3.4,3.0,1.45
3.17,5.1,3.0,1.45
2.99,6.6,3.0,1.45
3.0,6.6,2.96,1.45
2.4,7.2,2.7,1.397
3.1,7.5,2.7,2.4
3.4,3.0,2.7,4.125
5.1,3.0,2.9,5.3
6.6,3.0,3.9,6.3
6.6,2.96,3.158,7.5
7.2,2.7,2.99,7.2
7.5,2.7,2.05,5.7
3.0,2.7,1.45,3.0
3.0,2.9,1.45,3.0
3.0,3.9,1.45,2.9
2.96,3.158,1.45,2.699
2.7,2.99,1.397,2.6
2.7,2.05,2.4,2.6
2.7,1.45,4.125,2.9
2.9,1.45,5.3,3.0
3.9,1.45,6.3,4.5
3.158,1.45,7.5,4.3
2.99,1.397,7.2,3.25
2.05,2.4,5.7,3.399
1.45,4.125,3.0,0.999
1.45,5.3,3.0,0.757
1.45,6.3,2.9,0.588
1.45,7.5,2.699,3.0
1.397,7.2,2.6,1.85
2.4,5.7,2.6,2.014
4.125,3.0,2.9,3.795
5.3,3.0,3.0,5.5
6.3,2.9,4.5,5.9
7.5,2.699,4.3,6.5
7.2,2.6,3.25,6.535
5.7,2.6,3.399,5.7
3.0,2.9,0.999,3.0
3.0,3.0,0.757,3.0
2.9,4.5,0.588,3.0
2.699,4.3,3.0,2.55
2.6,3.25,1.85,2.55
2.6,3.399,2.014,2.55
2.9,0.999,3.795,3.0
3.0,0.757,5.5,3.0
4.5,0.588,5.9,4.5
4.3,3.0,6.5,3.9548
3.25,1.85,6.535,2.999
3.399,2.014,5.7,2.4
0.999,3.795,3.0,0.345
0.757,5.5,3.0,0.2
0.588,5.9,3.0,0.345
3.0,6.5,2.55,0.41
1.85,6.535,2.55,0.545
2.014,5.7,2.55,1.45
3.795,3.0,3.0,2.95
5.5,3.0,3.0,4.8
5.9,3.0,4.5,5.5
6.5,2.55,3.9548,6.5
6.535,2.55,2.999,6.339
5.7,2.55,2.4,5.3
3.0,3.0,0.345,3.0
3.0,3.0,0.2,3.0
3.0,4.5,0.345,2.7
2.55,3.9548,0.41,2.45
2.55,2.999,0.545,2.4
2.55,2.4,1.45,2.4
3.0,0.345,2.95,2.4
3.0,0.2,4.8,2.894
4.5,0.345,5.5,3.5
3.9548,0.41,6.5,3.8
2.999,0.545,6.339,3.2
2.4,1.45,5.3,2.399
0.345,2.95,3.0,2.0
0.2,4.8,3.0,1.8
0.345,5.5,2.7,1.8
0.41,6.5,2.45,2.0
0.545,6.339,2.4,2.399
1.45,5.3,2.4,3.749
2.95,3.0,2.4,3.95
4.8,3.0,2.894,5.3
5.5,2.7,3.5,6.1
6.5,2.45,3.8,7.5
6.339,2.4,3.2,7.5
5.3,2.4,2.399,7.5
3.0,2.4,2.0,3.0
3.0,2.894,1.8,3.0
2.7,3.5,1.8,2.8
2.45,3.8,2.0,2.6
2.4,3.2,2.399,2.8
2.4,2.399,3.749,2.7
2.4,2.0,3.95,2.75
2.894,1.8,5.3,3.0
3.5,1.8,6.1,4.0
3.8,2.0,7.5,3.8
3.2,2.399,7.5,2.98
2.399,3.749,7.5,2.3
2.0,3.95,3.0,1.49
1.8,5.3,3.0,0.747
1.8,6.1,2.8,0.747
2.0,7.5,2.6,1.99
2.399,7.5,2.8,2.3
3.749,7.5,2.7,3.398
3.95,3.0,2.75,3.2
5.3,3.0,3.0,6.5
6.1,2.8,4.0,7.2393
7.5,2.6,3.8,7.5
7.5,2.8,2.98,7.5
7.5,2.7,2.3,7.5
3.0,2.75,1.49,3.0
3.0,3.0,0.747,3.0
2.8,4.0,0.747,2.9
2.6,3.8,1.99,2.85
2.8,2.98,2.3,2.85
2.7,2.3,3.398,2.85
2.75,1.49,3.2,2.8575
3.0,0.747,6.5,3.0
4.0,0.747,7.2393,5.6
3.8,1.99,7.5,4.005
2.98,2.3,7.5,2.65
2.3,3.398,7.5,1.95
1.49,3.2,3.0,2.1
0.747,6.5,3.0,1.85
0.747,7.2393,2.9,2.1
1.99,7.5,2.85,1.95
2.3,7.5,2.85,2.05
3.398,7.5,2.85,2.77
3.2,3.0,2.8575,4.03
6.5,3.0,3.0,6.8
7.2393,2.9,5.6,7.5
7.5,2.85,4.005,7.5
7.5,2.85,2.65,7.5
7.5,2.85,1.95,7.5
3.0,2.8575,2.1,3.0
3.0,3.0,1.85,3.0
2.9,5.6,2.1,3.0
2.85,4.005,1.95,2.8758
2.85,2.65,2.05,2.85
2.85,1.95,2.77,2.85
2.8575,2.1,4.03,2.85
3.0,1.85,6.8,3.0
5.6,2.1,7.5,4.2
4.005,1.95,7.5,3.089
2.65,2.05,7.5,2.3
1.95,2.77,7.5,1.9
2.1,4.03,3.0,2.75
1.85,6.8,3.0,2.75
2.1,7.5,3.0,2.75
1.95,7.5,2.8758,2.75
2.05,7.5,2.85,2.75
2.77,7.5,2.85,2.75
4.03,3.0,2.85,5.6
6.8,3.0,3.0,7.268
7.5,3.0,4.2,6.7
7.5,2.8758,3.089,6.5
7.5,2.85,2.3,7.0
7.5,2.85,1.9,7.5
3.0,2.85,2.75,3.0
3.0,3.0,2.75,3.0
3.0,4.2,2.75,2.9
2.8758,3.089,2.75,2.85
2.85,2.3,2.75,2.85
2.85,1.9,2.75,2.85
2.85,2.75,5.6,2.75
3.0,2.75,7.268,2.8756
4.2,2.75,6.7,2.9
3.089,2.75,6.5,2.2
2.3,2.75,7.0,1.99
1.9,2.75,7.5,1.6
2.75,5.6,3.0,1.4
2.75,7.268,3.0,1.4
2.75,6.7,2.9,1.4
2.75,6.5,2.85,1.19
2.75,7.0,2.85,1.4
2.75,7.5,2.85,2.5
5.6,3.0,2.75,3.3
7.268,3.0,2.8756,7.3408
6.7,2.9,2.9,7.5
6.5,2.85,2.2,7.5
7.0,2.85,1.99,7.5
7.5,2.85,1.6,7.5
3.0,2.75,1.4,3.0
3.0,2.8756,1.4,3.0
2.9,2.9,1.4,2.8
2.85,2.2,1.19,2.75
2.85,1.99,1.4,2.75
2.85,1.6,2.5,2.75
2.75,1.4,3.3,2.75
2.8756,1.4,7.3408,2.95
2.9,1.4,7.5,3.5
2.2,1.19,7.5,3.2
1.99,1.4,7.5,2.3
1.6,2.5,7.5,1.5
1.4,3.3,3.0,0.95
1.4,7.3408,3.0,0.95
1.4,7.5,2.8,0.95
1.19,7.5,2.75,1.89
1.4,7.5,2.75,1.89
2.5,7.5,2.75,1.98
3.3,3.0,2.75,3.15
7.3408,3.0,2.95,6.6
7.5,2.8,3.5,6.3
7.5,2.75,3.2,6.1
7.5,2.75,2.3,6.5
7.5,2.75,1.5,6.3
3.0,2.75,0.95,3.0
3.0,2.95,0.95,3.0
2.8,3.5,0.95,2.9167
2.75,3.2,1.89,2.9
2.75,2.3,1.89,2.9
2.75,1.5,1.98,2.9
2.75,0.95,3.15,2.9
2.95,0.95,6.6,3.0
3.5,0.95,6.3,5.0
3.2,1.89,6.1,3.5
2.3,1.89,6.5,2.299
1.5,1.98,6.3,2.099
0.95,3.15,3.0,0.5
0.95,6.6,3.0,0.46
0.95,6.3,2.9167,0.5
1.89,6.1,2.9,1.9
1.89,6.5,2.9,2.099
1.98,6.3,2.9,3.0
3.15,3.0,2.9,3.7
6.6,3.0,3.0,6.2
6.3,2.9167,5.0,6.5
6.1,2.9,3.5,7.5
6.5,2.9,2.299,7.5
6.3,2.9,2.099,7.2712
3.0,2.9,0.5,3.0
3.0,3.0,0.46,3.0
2.9167,5.0,0.5,3.0
2.9,3.5,1.9,2.95
2.9,2.299,2.099,2.95
2.9,2.099,3.0,2.95
2.9,0.5,3.7,2.95
3.0,0.46,6.2,3.0
5.0,0.5,6.5,4.9056
3.5,1.9,7.5,5.5
2.299,2.099,7.5,2.8
2.099,3.0,7.2712,2.4
0.5,3.7,3.0,1.9
0.46,6.2,3.0,1.9
0.5,6.5,3.0,1.9
1.9,7.5,2.95,2.2
2.099,7.5,2.95,2.2
3.0,7.2712,2.95,3.2
3.7,3.0,2.95,4.2
6.2,3.0,3.0,7.0
6.5,3.0,4.9056,7.5
7.5,2.95,5.5,7.5
7.5,2.95,2.8,7.5
7.2712,2.95,2.4,7.5
3.0,2.95,1.9,3.0
3.0,3.0,1.9,3.0
3.0,4.9056,1.9,3.0
2.95,5.5,2.2,3.0
2.95,2.8,2.2,3.0
2.95,2.4,3.2,3.0
2.95,1.9,4.2,3.0
3.0,1.9,7.0,3.0
4.9056,1.9,7.5,5.6
5.5,2.2,7.5,6.9
2.8,2.2,7.5,5.6
2.4,3.2,7.5,2.8
1.9,4.2,3.0,2.2
1.9,7.0,3.0,1.899
1.9,7.5,3.0,1.45
2.2,7.5,3.0,2.5
2.2,7.5,3.0,4.6
3.2,7.5,3.0,5.144
4.2,3.0,3.0,7.5
7.0,3.0,3.0,7.5
7.5,3.0,5.6,7.5
7.5,3.0,6.9,7.5
7.5,3.0,5.6,7.5
7.5,3.0,2.8,7.5
3.0,3.0,2.2,3.0
3.0,3.0,1.899,3.0
3.0,5.6,1.45,3.0
3.0,6.9,2.5,3.0
3.0,5.6,4.6,3.0
3.0,2.8,5.144,3.0
3.0,2.2,7.5,3.0
3.0,1.899,7.5,3.0
5.6,1.45,7.5,5.6
6.9,2.5,7.5,5.6
5.6,4.6,7.5,3.71
2.8,5.144,7.5,2.162
2.2,7.5,3.0,1.499
1.899,7.5,3.0,2.0
1.45,7.5,3.0,2.15
2.5,7.5,3.0,0.977
4.6,7.5,3.0,2.196
5.144,7.5,3.0,2.45
7.5,3.0,3.0,7.5
7.5,3.0,3.0,7.5
7.5,3.0,5.6,7.5
7.5,3.0,5.6,7.5
7.5,3.0,3.71,7.5
7.5,3.0,2.162,7.5
3.0,3.0,1.499,3.0
3.0,3.0,2.0,3.0
3.0,5.6,2.15,3.0
3.0,5.6,0.977,3.0
3.0,3.71,2.196,3.0
3.0,2.162,2.45,3.0
3.0,1.499,7.5,3.0
3.0,2.0,7.5,3.0
5.6,2.15,7.5,3.7
5.6,0.977,7.5,3.8
3.71,2.196,7.5,3.749
2.162,2.45,7.5,2.05
1.499,7.5,3.0,2.95
2.0,7.5,3.0,2.05
2.15,7.5,3.0,1.859
0.977,7.5,3.0,1.4
2.196,7.5,3.0,1.89
2.45,7.5,3.0,2.4
7.5,3.0,3.0,4.1
7.5,3.0,3.0,7.5
7.5,3.0,3.7,7.5
7.5,3.0,3.8,7.5
7.5,3.0,3.749,7.5
7.5,3.0,2.05,7.5
3.0,3.0,2.95,3.0
3.0,3.0,2.05,3.0
3.0,3.7,1.859,3.0
3.0,3.8,1.4,3.0
3.0,3.749,1.89,3.0
3.0,2.05,2.4,3.0
3.0,2.95,4.1,3.0
3.0,2.05,7.5,3.0
3.7,1.859,7.5,5.6
3.8,1.4,7.5,3.7
3.749,1.89,7.5,3.15
2.05,2.4,7.5,1.9
2.95,4.1,3.0,0.399
2.05,7.5,3.0,0.399
1.859,7.5,3.0,0.399
1.4,7.5,3.0,0.58
1.89,7.5,3.0,1.89
2.4,7.5,3.0,1.9
4.1,3.0,3.0,7.5
7.5,3.0,3.0,7.5
7.5,3.0,5.6,7.5
7.5,3.0,3.7,7.5
7.5,3.0,3.15,7.5
7.5,3.0,1.9,7.5
3.0,3.0,0.399,3.0
3.0,3.0,0.399,3.0
3.0,5.6,0.399,3.0
3.0,3.7,0.58,3.0
3.0,3.15,1.89,3.0
3.0,1.9,1.9,3.0
3.0,0.399,7.5,3.0
3.0,0.399,7.5,3.0
5.6,0.399,7.5,5.6
3.7,0.58,7.5,6.9
3.15,1.89,7.5,6.9
1.9,1.9,7.5,4.2
0.399,7.5,3.0,2.9
0.399,7.5,3.0,0.39
0.399,7.5,3.0,0.39
0.58,7.5,3.0,1.15
1.89,7.5,3.0,2.402
1.9,7.5,3.0,3.68
7.5,3.0,3.0,7.5
7.5,3.0,3.0,7.5
7.5,3.0,5.6,7.5
7.5,3.0,6.9,7.5
7.5,3.0,6.9,7.5
7.5,3.0,4.2,7.5
3.0,3.0,2.9,3.0
3.0,3.0,0.39,3.0
3.0,5.6,0.39,3.0
3.0,6.9,1.15,3.0
3.0,6.9,2.402,3.0
3.0,4.2,3.68,3.0
3.0,2.9,7.5,3.0
3.0,0.39,7.5,3.0
5.6,0.39,7.5,5.6
6.9,1.15,7.5,6.9
6.9,2.402,7.5,6.9
4.2,3.68,7.5,6.7639
2.9,7.5,3.0,0.578
0.39,7.5,3.0,0.388
0.39,7.5,3.0,0.388
1.15,7.5,3.0,3.0
2.402,7.5,3.0,3.943
3.68,7.5,3.0,5.1224
7.5,3.0,3.0,7.5
7.5,3.0,3.0,7.5
7.5,3.0,5.6,7.5
7.5,3.0,6.9,7.5
7.5,3.0,6.9,7.5
7.5,3.0,6.7639,7.5
3.0,3.0,0.578,3.0
3.0,3.0,0.388,3.0
3.0,5.6,0.388,3.0
3.0,6.9,3.0,3.0
3.0,6.9,3.943,3.0
3.0,6.7639,5.1224,3.0
3.0,0.578,7.5,3.0
3.0,0.388,7.5,3.0
5.6,0.388,7.5,5.6
6.9,3.0,7.5,6.9
6.9,3.943,7.5,6.9
6.7639,5.1224,7.5,4.0
0.578,7.5,3.0,3.34
0.388,7.5,3.0,3.34
0.388,7.5,3.0,1.0
3.0,7.5,3.0,4.9
3.943,7.5,3.0,4.9
5.1224,7.5,3.0,5.6
7.5,3.0,3.0,7.5
7.5,3.0,3.0,7.5
7.5,3.0,5.6,7.5
7.5,3.0,6.9,7.5
7.5,3.0,6.9,7.5
7.5,3.0,4.0,7.5
3.0,3.0,3.34,3.0
3.0,3.0,3.34,3.0
3.0,5.6,1.0,3.0
3.0,6.9,4.9,3.0
3.0,6.9,4.9,3.0
3.0,4.0,5.6,3.0
3.0,3.34,7.5,3.0
3.0,3.34,7.5,3.0
5.6,1.0,7.5,5.6
6.9,4.9,7.5,6.9
6.9,4.9,7.5,6.752
4.0,5.6,7.5,3.3
3.34,7.5,3.0,3.0
3.34,7.5,3.0,2.5
1.0,7.5,3.0,3.07
4.9,7.5,3.0,3.68
4.9,7.5,3.0,3.78
5.6,7.5,3.0,5.6
7.5,3.0,3.0,7.5
7.5,3.0,3.0,7.5
7.5,3.0,5.6,7.5
7.5,3.0,6.9,7.5
7.5,3.0,6.752,7.5
7.5,3.0,3.3,7.5
3.0,3.0,3.0,3.0
3.0,3.0,2.5,3.0
3.0,5.6,3.07,3.0
3.0,6.9,3.68,3.0
3.0,6.752,3.78,3.0
3.0,3.3,5.6,3.0
3.0,3.0,7.5,3.0
3.0,2.5,7.5,3.0
5.6,3.07,7.5,5.6
6.9,3.68,7.5,6.7525
6.752,3.78,7.5,3.77
3.3,5.6,7.5,2.499
3.0,7.5,3.0,0.37
2.5,7.5,3.0,0.105
3.07,7.5,3.0,0.2
3.68,7.5,3.0,0.99
3.78,7.5,3.0,1.398
5.6,7.5,3.0,2.05
7.5,3.0,3.0,5.4
7.5,3.0,3.0,7.5
7.5,3.0,5.6,7.5
7.5,3.0,6.7525,7.5
7.5,3.0,3.77,7.5
7.5,3.0,2.499,7.5
3.0,3.0,0.37,3.0
3.0,3.0,0.105,3.0
3.0,5.6,0.2,3.0
3.0,6.7525,0.99,3.0
3.0,3.77,1.398,3.0
3.0,2.499,2.05,3.0
3.0,0.37,5.4,3.0
3.0,0.105,7.5,3.0
5.6,0.2,7.5,3.7
6.7525,0.99,7.5,3.895
3.77,1.398,7.5,3.2
2.499,2.05,7.5,3.07
0.37,5.4,3.0,3.05
0.105,7.5,3.0,1.45
0.2,7.5,3.0,1.45
0.99,7.5,3.0,2.45
1.398,7.5,3.0,1.35
2.05,7.5,3.0,1.89
5.4,3.0,3.0,4.2
7.5,3.0,3.0,7.5
7.5,3.0,3.7,7.5
7.5,3.0,3.895,7.5
7.5,3.0,3.2,7.5
7.5,3.0,3.07,7.5
3.0,3.0,3.05,3.0
3.0,3.0,1.45,3.0
3.0,3.7,1.45,3.0
3.0,3.895,2.45,3.0
3.0,3.2,1.35,3.0
3.0,3.07,1.89,3.0
3.0,3.05,4.2,3.0
3.0,1.45,7.5,3.0
3.7,1.45,7.5,3.7
3.895,2.45,7.5,3.2
3.2,1.35,7.5,2.799
3.07,1.89,7.5,2.0
3.05,4.2,3.0,2.999
1.45,7.5,3.0,2.999
1.45,7.5,3.0,2.97
2.45,7.5,3.0,3.3
1.35,7.5,3.0,2.99
1.89,7.5,3.0,1.99
4.2,3.0,3.0,3.3
7.5,3.0,3.0,7.5
7.5,3.0,3.7,7.5
7.5,3.0,3.2,7.5
7.5,3.0,2.799,7.5
7.5,3.0,2.0,7.5
3.0,3.0,2.999,3.0
3.0,3.0,2.999,3.0
3.0,3.7,2.97,3.0
3.0,3.2,3.3,3.0
3.0,2.799,2.99,3.0
3.0,2.0,1.99,3.0
3.0,2.999,3.3,3.0
3.0,2.999,7.5,3.0
3.7,2.97,7.5,5.6
3.2,3.3,7.5,6.9
2.799,2.99,7.5,3.8
2.0,1.99,7.5,2.95
2.999,3.3,3.0,1.45
2.999,7.5,3.0,1.25
2.97,7.5,3.0,1.25
3.3,7.5,3.0,2.95
2.99,7.5,3.0,3.449
1.99,7.5,3.0,2.45
3.3,3.0,3.0,5.2
7.5,3.0,3.0,7.5
7.5,3.0,5.6,7.5
7.5,3.0,6.9,7.5
7.5,3.0,3.8,7.5
7.5,3.0,2.95,7.5
3.0,3.0,1.45,3.0
3.0,3.0,1.25,3.0
3.0,5.6,1.25,3.0
3.0,6.9,2.95,3.0
3.0,3.8,3.449,3.0
3.0,2.95,2.45,3.0
3.0,1.45,5.2,3.0
3.0,1.25,7.5,3.0
5.6,1.25,7.5,5.6
6.9,2.95,7.5,6.9
3.8,3.449,7.5,6.9
2.95,2.45,7.5,3.069
1.45,5.2,3.0,0.2
1.25,7.5,3.0,0.1
1.25,7.5,3.0,0.12
2.95,7.5,3.0,0.289
3.449,7.5,3.0,1.398
2.45,7.5,3.0,1.45
5.2,3.0,3.0,3.81
7.5,3.0,3.0,7.5
7.5,3.0,5.6,7.5
7.5,3.0,6.9,7.5
7.5,3.0,6.9,7.5
7.5,3.0,3.069,7.5
3.0,3.0,0.2,3.0
3.0,3.0,0.1,3.0
3.0,5.6,0.12,3.0
3.0,6.9,0.289,3.0
3.0,6.9,1.398,3.0
3.0,3.069,1.45,3.0
3.0,0.2,3.81,3.0
3.0,0.1,7.5,3.0
5.6,0.12,7.5,4.715
6.9,0.289,7.5,4.1
6.9,1.398,7.5,3.5
3.069,1.45,7.5,2.929
0.2,3.81,3.0,0.1
0.1,7.5,3.0,0.1
0.12,7.5,3.0,0.1
0.289,7.5,3.0,0.1649
1.398,7.5,3.0,2.83
1.45,7.5,3.0,2.899
3.81,3.0,3.0,7.5
7.5,3.0,3.0,7.5
7.5,3.0,4.715,7.5
7.5,3.0,4.1,7.5
7.5,3.0,3.5,7.5
7.5,3.0,2.929,7.5
3.0,3.0,0.1,3.0
3.0,3.0,0.1,3.0
3.0,4.715,0.1,3.0
3.0,4.1,0.1649,3.0
3.0,3.5,2.83,3.0
3.0,2.929,2.899,3.0
3.0,0.1,7.5,3.0
3.0,0.1,7.5,3.0
4.715,0.1,7.5,5.6
4.1,0.1649,7.5,6.8385
3.5,2.83,7.5,5.6
2.929,2.899,7.5,3.4
0.1,7.5,3.0,0.1
0.1,7.5,3.0,0.098
0.1,7.5,3.0,0.1
0.1649,7.5,3.0,0.1
2.83,7.5,3.0,2.781
2.899,7.5,3.0,4.82
7.5,3.0,3.0,5.8
7.5,3.0,3.0,7.5
7.5,3.0,5.6,7.5
7.5,3.0,6.8385,7.5
7.5,3.0,5.6,7.5
7.5,3.0,3.4,7.5
3.0,3.0,0.1,3.0
3.0,3.0,0.098,3.0
3.0,5.6,0.1,3.0
3.0,6.8385,0.1,3.0
3.0,5.6,2.781,3.0
3.0,3.4,4.82,3.0
3.0,0.1,5.8,3.0
3.0,0.098,7.5,3.0
5.6,0.1,7.5,5.6
6.8385,0.1,7.5,6.9
5.6,2.781,7.5,5.9
3.4,4.82,7.5,4.1
0.1,5.8,3.0,0.1
0.098,7.5,3.0,0.09
0.1,7.5,3.0,0.09
0.1,7.5,3.0,0.1
2.781,7.5,3.0,3.4
4.82,7.5,3.0,4.5
5.8,3.0,3.0,7.5
7.5,3.0,3.0,7.5
7.5,3.0,5.6,7.5
7.5,3.0,6.9,7.5
7.5,3.0,5.9,7.5
7.5,3.0,4.1,7.5
3.0,3.0,0.1,3.0
3.0,3.0,0.09,3.0
3.0,5.6,0.09,3.0
3.0,6.9,0.1,3.0
3.0,5.9,3.4,3.0
3.0,4.1,4.5,3.0
3.0,0.1,7.5,3.0
3.0,0.09,7.5,3.0
5.6,0.09,7.5,4.3346
6.9,0.1,7.5,4.165
5.9,3.4,7.5,4.5
4.1,4.5,7.5,3.05
0.1,7.5,3.0,1.45
0.09,7.5,3.0,0.41
0.09,7.5,3.0,0.41
0.1,7.5,3.0,2.949
3.4,7.5,3.0,2.75
4.5,7.5,3.0,1.85
7.5,3.0,3.0,4.1
7.5,3.0,3.0,7.5
7.5,3.0,4.3346,7.5
7.5,3.0,4.165,7.5
7.5,3.0,4.5,7.5
7.5,3.0,3.05,7.5
3.0,3.0,1.45,3.0
3.0,3.0,0.41,3.0
3.0,4.3346,0.41,3.0
3.0,4.165,2.949,3.0
3.0,4.5,2.75,3.0
3.0,3.05,1.85,3.0
3.0,1.45,4.1,3.0
3.0,0.41,7.5,3.0
4.3346,0.41,7.5,3.789
4.165,2.949,7.5,4.05
4.5,2.75,7.5,4.05
3.05,1.85,7.5,2.3
1.45,4.1,3.0,0.409
0.41,7.5,3.0,0.41
0.41,7.5,3.0,0.409
2.949,7.5,3.0,0.409
2.75,7.5,3.0,1.45
1.85,7.5,3.0,2.749
4.1,3.0,3.0,2.9
7.5,3.0,3.0,7.5
7.5,3.0,3.789,7.5
7.5,3.0,4.05,7.5
7.5,3.0,4.05,7.5
7.5,3.0,2.3,7.5
3.0,3.0,0.409,3.0
3.0,3.0,0.41,3.0
3.0,3.789,0.409,3.0
3.0,4.05,0.409,2.95
3.0,4.05,1.45,2.9544
3.0,2.3,2.749,2.9725
3.0,0.409,2.9,3.0
3.0,0.41,7.5,3.0
3.789,0.409,7.5,5.6
4.05,0.409,7.5,6.9
4.05,1.45,7.5,6.4
2.3,2.749,7.5,6.889
0.409,2.9,3.0,0.1
0.41,7.5,3.0,0.098
0.409,7.5,3.0,0.098
0.409,7.5,2.95,0.65
1.45,7.5,2.9544,5.6
2.749,7.5,2.9725,5.6
2.9,3.0,3.0,4.53
7.5,3.0,3.0,7.5
7.5,3.0,5.6,7.5
7.5,2.95,6.9,7.5
7.5,2.9544,6.4,7.5
7.5,2.9725,6.889,7.5
3.0,3.0,0.1,3.0
3.0,3.0,0.098,3.0
3.0,5.6,0.098,3.0
2.95,6.9,0.65,3.0
2.9544,6.4,5.6,3.0
2.9725,6.889,5.6,3.0
3.0,0.1,4.53,3.0
3.0,0.098,7.5,3.0
5.6,0.098,7.5,5.6
6.9,0.65,7.5,6.9
6.4,5.6,7.5,6.9
6.889,5.6,7.5,5.109
0.1,4.53,3.0,2.9
0.098,7.5,3.0,2.3
0.098,7.5,3.0,2.8
0.65,7.5,3.0,5.1236
5.6,7.5,3.0,5.6
5.6,7.5,3.0,5.6
4.53,3.0,3.0,5.7
7.5,3.0,3.0,7.5
7.5,3.0,5.6,7.5
7.5,3.0,6.9,7.5
7.5,3.0,6.9,7.5
7.5,3.0,5.109,7.5
3.0,3.0,2.9,3.0
3.0,3.0,2.3,3.0
3.0,5.6,2.8,3.0
3.0,6.9,5.1236,0.65
3.0,6.9,5.6,1.1
3.0,5.109,5.6,3.0
3.0,2.9,5.7,3.0
3.0,2.3,7.5,3.0
5.6,2.8,7.5,5.6
6.9,5.1236,7.5,6.9
6.9,5.6,7.5,6.9
5.109,5.6,7.5,6.9
2.9,5.7,3.0,5.6
2.3,7.5,3.0,5.6
2.8,7.5,3.0,5.6
5.1236,7.5,0.65,5.6
5.6,7.5,1.1,5.6
5.6,7.5,3.0,5.6
5.7,3.0,3.0,7.5
7.5,3.0,3.0,7.5
7.5,3.0,5.6,7.5
7.5,0.65,6.9,7.5
7.5,1.1,6.9,7.5
7.5,3.0,6.9,7.5
3.0,3.0,5.6,3.0
3.0,3.0,5.6,3.0
3.0,5.6,5.6,3.0
0.65,6.9,5.6,2.9
1.1,6.9,5.6,0.65
3.0,6.9,5.6,2.299
3.0,5.6,7.5,2.9
3.0,5.6,7.5,3.0
5.6,5.6,7.5,5.4
6.9,5.6,7.5,5.368
6.9,5.6,7.5,3.44
6.9,5.6,7.5,0.405
5.6,7.5,3.0,0.405
5.6,7.5,3.0,0.098
5.6,7.5,3.0,0.098
5.6,7.5,2.9,0.088
5.6,7.5,0.65,0.588
5.6,7.5,2.299,1.299
7.5,3.0,2.9,1.99
7.5,3.0,3.0,5.5
7.5,3.0,5.4,7.0
7.5,2.9,5.368,7.5
7.5,0.65,3.44,7.5
7.5,2.299,0.405,7.5
3.0,2.9,0.405,3.0
3.0,3.0,0.098,3.0
3.0,5.4,0.098,0.515
2.9,5.368,0.088,0.1
0.65,3.44,0.588,0.3
2.299,0.405,1.299,0.35
2.9,0.405,1.99,0.405
3.0,0.098,5.5,2.9864
5.4,0.098,7.0,5.191
5.368,0.088,7.5,4.5
3.44,0.588,7.5,2.249
0.405,1.299,7.5,0.1
0.405,1.99,3.0,0.08
0.098,5.5,3.0,0.04
0.098,7.0,0.515,0.05
0.088,7.5,0.1,0.08
0.588,7.5,0.3,0.1
1.299,7.5,0.35,3.1
1.99,3.0,0.405,6.4
5.5,3.0,2.9864,4.857
7.0,0.515,5.191,7.5
7.5,0.1,4.5,7.5
7.5,0.3,2.249,7.5
7.5,0.35,0.1,7.5
3.0,0.405,0.08,3.0
3.0,2.9864,0.04,3.2
0.515,5.191,0.05,3.5
0.1,4.5,0.08,3.5
0.3,2.249,0.1,3.5
0.35,0.1,3.1,3.5
0.405,0.08,6.4,3.5
2.9864,0.04,4.857,3.5
5.191,0.05,7.5,5.4
4.5,0.08,7.5,4.95
2.249,0.1,7.5,4.45
0.1,3.1,7.5,0.9
0.08,6.4,3.0,2.5
0.04,4.857,3.2,0.65
0.05,7.5,3.5,0.496
0.08,7.5,3.5,0.1
0.1,7.5,3.5,2.799
3.1,7.5,3.5,3.999
6.4,3.0,3.5,7.5
4.857,3.2,3.5,7.5
7.5,3.5,5.4,7.5
7.5,3.5,4.95,7.5
7.5,3.5,4.45,7.5
7.5,3.5,0.9,7.5
3.0,3.5,2.5,6.9
3.2,3.5,0.65,4.5261
3.5,5.4,0.496,4.5229
3.5,4.95,0.1,4.5271
3.5,4.45,2.799,4.5256
3.5,0.9,3.999,4.5234
3.5,2.5,7.5,4.526
3.5,0.65,7.5,4.5222
5.4,0.496,7.5,4.45
4.95,0.1,7.5,3.0
4.45,2.799,7.5,2.975
0.9,3.999,7.5,0.9
2.5,7.5,6.9,0.977
0.65,7.5,4.5261,0.9
0.496,7.5,4.5229,0.977
0.1,7.5,4.5271,0.9
2.799,7.5,4.5256,0.8
3.999,7.5,4.5234,2.95
7.5,6.9,4.526,7.8483
7.5,4.5261,4.5222,7.8475
7.5,4.5229,4.45,7.85
7.5,4.5271,3.0,7.8494
7.5,4.5256,2.975,9.0
7.5,4.5234,0.9,7.8478
6.9,4.526,0.977,6.9
4.5261,4.5222,0.9,4.7972
4.5229,4.45,0.977,4.7956
4.5271,3.0,0.9,4.73
4.5256,2.975,0.8,4.38
4.5234,0.9,2.95,4.745
4.526,0.977,7.8483,4.7973
4.5222,0.9,7.8475,4.7923
4.45,0.977,7.85,5.6
3.0,0.9,7.8494,5.5479
2.975,0.8,9.0,5.5523
0.9,2.95,7.8478,2.0
0.977,7.8483,6.9,1.99
0.9,7.8475,4.7972,1.497
0.977,7.85,4.7956,1.949
0.9,7.8494,4.73,2.0509
0.8,9.0,4.38,2.0517
2.95,7.8478,4.745,5.0
7.8483,6.9,4.7973,8.0743
7.8475,4.7972,4.7923,8.0779
7.85,4.7956,5.6,8.1
7.8494,4.73,5.5479,8.0721
9.0,4.38,5.5523,8.0734
7.8478,4.745,2.0,8.0753
6.9,4.7973,1.99,6.9
4.7972,4.7923,1.497,4.7955
4.7956,5.6,1.949,4.7994
4.73,5.5479,2.0509,4.7969
4.38,5.5523,2.0517,4.5
4.745,2.0,5.0,4.7778
4.7973,1.99,8.0743,4.7998
4.7923,1.497,8.0779,4.7965
5.6,1.949,8.1,5.5995
5.5479,2.0509,8.0721,5.5727
5.5523,2.0517,8.0734,5.5747
2.0,5.0,8.0753,2.09
1.99,8.0743,6.9,2.0947
1.497,8.0779,4.7955,2.09
1.949,8.1,4.7994,2.09
2.0509,8.0721,4.7969,2.093
2.0517,8.0734,4.5,2.0944
5.0,8.0753,4.7778,5.0
8.0743,6.9,4.7998,8.15
8.0779,4.7955,4.7965,8.15
8.1,4.7994,5.5995,8.15
8.0721,4.7969,5.5727,8.15
8.0734,4.5,5.5747,8.15
8.0753,4.7778,2.09,8.15
6.9,4.7998,2.0947,6.9
4.7955,4.7965,2.09,5.6
4.7994,5.5995,2.09,4.9
4.7969,5.5727,2.093,4.0
4.5,5.5747,2.0944,4.2
4.7778,2.09,5.0,4.5
4.7998,2.0947,8.15,4.745
4.7965,2.09,8.15,5.6
5.5995,2.09,8.15,6.9
5.5727,2.093,8.15,6.9
5.5747,2.0944,8.15,6.88
2.09,5.0,8.15,0.405
2.0947,8.15,6.9,0.5
2.09,8.15,5.6,0.5
2.09,8.15,4.9,0.5
2.093,8.15,4.0,0.5
2.0944,8.15,4.2,0.5
5.0,8.15,4.5,5.0
8.15,6.9,4.745,8.3
8.15,5.6,5.6,9.0
8.15,4.9,6.9,9.0
8.15,4.0,6.9,9.0
8.15,4.2,6.88,9.0
8.15,4.5,0.405,9.0
6.9,4.745,0.5,6.9
5.6,5.6,0.5,5.6
4.9,6.9,0.5,5.6
4.0,6.9,0.5,4.5
4.2,6.88,0.5,4.5
4.5,0.405,5.0,4.5
4.745,0.5,8.3,5.18
5.6,0.5,9.0,5.6
6.9,0.5,9.0,6.9
6.9,0.5,9.0,6.9
6.88,0.5,9.0,6.1
0.405,5.0,9.0,0.405
0.5,8.3,6.9,0.5
0.5,9.0,5.6,0.405
0.5,9.0,5.6,0.5
0.5,9.0,4.5,0.5
0.5,9.0,4.5,0.5
5.0,9.0,4.5,4.109
8.3,6.9,5.18,8.5757
9.0,5.6,5.6,9.0
9.0,5.6,6.9,9.0
9.0,4.5,6.9,9.0
9.0,4.5,6.1,9.0
9.0,4.5,0.405,9.0
6.9,5.18,0.5,6.9
5.6,5.6,0.405,5.6
5.6,6.9,0.5,5.6
4.5,6.9,0.5,5.4779
4.5,6.1,0.5,5.18
4.5,0.405,4.109,5.494
5.18,0.5,8.5757,4.745
5.6,0.405,9.0,5.6
6.9,0.5,9.0,6.9
6.9,0.5,9.0,6.9
6.1,0.5,9.0,5.88
0.405,4.109,9.0,0.5
0.5,8.5757,6.9,0.405
0.405,9.0,5.6,0.405
0.5,9.0,5.6,0.405
0.5,9.0,5.4779,0.5
0.5,9.0,5.18,0.5
4.109,9.0,5.494,3.75
8.5757,6.9,4.745,9.0
9.0,5.6,5.6,9.0
9.0,5.6,6.9,9.0
9.0,5.4779,6.9,9.0
9.0,5.18,5.88,9.0
9.0,5.494,0.5,9.0
6.9,4.745,0.405,6.9
5.6,5.6,0.405,5.6
5.6,6.9,0.405,3.2
5.4779,6.9,0.5,0.9
5.18,5.88,0.5,0.9
5.494,0.5,3.75,0.73
4.745,0.405,9.0,0.405
5.6,0.405,9.0,1.45
6.9,0.405,9.0,2.95
6.9,0.5,9.0,2.45
5.88,0.5,9.0,1.985
0.5,3.75,9.0,0.65
0.405,9.0,6.9,0.4
0.405,9.0,5.6,0.19
0.405,9.0,3.2,0.19
0.5,9.0,0.9,0.19
0.5,9.0,0.9,0.405
3.75,9.0,0.73,1.25
9.0,6.9,0.405,5.1
9.0,5.6,1.45,8.7
9.0,3.2,2.95,9.0
9.0,0.9,2.45,9.0
9.0,0.9,1.985,9.0
9.0,0.73,0.65,9.0
6.9,0.405,0.4,6.9
5.6,1.45,0.19,3.2
3.2,2.95,0.19,0.9
0.9,2.45,0.19,0.1
0.9,1.985,0.405,0.1
0.73,0.65,1.25,0.1
0.405,0.4,5.1,0.404
1.45,0.19,8.7,0.73
2.95,0.19,9.0,2.45
2.45,0.19,9.0,0.34
1.985,0.405,9.0,0.405
0.65,1.25,9.0,0.15
0.4,5.1,6.9,0.18
0.19,8.7,3.2,0.099
0.19,9.0,0.9,0.099
0.19,9.0,0.1,0.1
0.405,9.0,0.1,0.872
1.25,9.0,0.1,1.482
5.1,6.9,0.404,3.89
8.7,3.2,0.73,7.45
9.0,0.9,2.45,8.985
9.0,0.1,0.34,9.0
9.0,0.1,0.405,9.0
9.0,0.1,0.15,9.0
6.9,0.404,0.18,6.9
3.2,0.73,0.099,4.5
0.9,2.45,0.099,3.899
0.1,0.34,0.1,0.404
0.1,0.405,0.872,0.404
0.1,0.15,1.482,0.404
0.404,0.18,3.89,0.9
0.73,0.099,7.45,4.2
2.45,0.099,8.985,6.0
0.34,0.1,9.0,6.0604
0.405,0.872,9.0,5.88
0.15,1.482,9.0,1.695
0.18,3.89,6.9,1.099
0.099,7.45,4.5,0.9
0.099,8.985,3.899,1.099
0.1,9.0,0.404,1.695
0.872,9.0,0.404,1.695
1.482,9.0,0.404,4.5
3.89,6.9,0.9,6.979
7.45,4.5,4.2,9.0
8.985,3.899,6.0,9.0
9.0,0.404,6.0604,9.0
9.0,0.404,5.88,9.0
9.0,0.404,1.695,9.0
6.9,0.9,1.099,6.9
4.5,4.2,0.9,4.9
3.899,6.0,1.099,4.1
0.404,6.0604,1.695,3.98
0.404,5.88,1.695,3.9655
0.404,1.695,4.5,3.8905
0.9,1.099,6.979,4.0
4.2,0.9,9.0,4.3714
6.0,1.099,9.0,5.6
6.0604,1.695,9.0,6.0
5.88,1.695,9.0,5.0
1.695,4.5,9.0,2.0
1.099,6.979,6.9,1.678
0.9,9.0,4.9,1.15
1.099,9.0,4.1,1.678
1.695,9.0,3.98,1.678
1.695,9.0,3.9655,2.0476
4.5,9.0,3.8905,3.5
6.979,6.9,4.0,6.2
9.0,4.9,4.3714,9.0
9.0,4.1,5.6,9.0
9.0,3.98,6.0,9.0
9.0,3.9655,5.0,9.0
9.0,3.8905,2.0,9.0
6.9,4.0,1.678,6.75
4.9,4.3714,1.15,5.6
4.1,5.6,1.678,4.756
3.98,6.0,1.678,4.45
3.9655,5.0,2.0476,4.298
3.8905,2.0,3.5,4.38
4.0,1.678,6.2,4.75
4.3714,1.15,9.0,4.38
5.6,1.678,9.0,6.0
6.0,1.678,9.0,6.8638
5.0,2.0476,9.0,6.9
2.0,3.5,9.0,4.847
1.678,6.2,6.75,3.4
1.15,9.0,5.6,2.742
1.678,9.0,4.756,2.918
1.678,9.0,4.45,2.999
2.0476,9.0,4.298,4.1772
3.5,9.0,4.38,4.5
6.2,6.75,4.75,8.8
9.0,5.6,4.38,9.0
9.0,4.756,6.0,9.0
9.0,4.45,6.8638,9.0
9.0,4.298,6.9,9.0
9.0,4.38,4.847,9.0
6.75,4.75,3.4,6.9
5.6,4.38,2.742,5.6
4.756,6.0,2.918,4.45
4.45,6.8638,2.999,4.376
4.298,6.9,4.1772,3.98
4.38,4.847,4.5,4.35
4.75,3.4,8.8,4.38
4.38,2.742,9.0,5.5
6.0,2.918,9.0,6.7
6.8638,2.999,9.0,6.585
6.9,4.1772,9.0,5.6
4.847,4.5,9.0,4.68
3.4,8.8,6.9,3.278
2.742,9.0,5.6,2.9505
2.918,9.0,4.45,3.278
2.999,9.0,4.376,3.278
4.1772,9.0,3.98,3.61
4.5,9.0,4.35,4.298
8.8,6.9,4.38,7.5
9.0,5.6,5.5,9.0
9.0,4.45,6.7,9.0
9.0,4.376,6.585,9.0
9.0,3.98,5.6,9.0
9.0,4.35,4.68,9.0
6.9,4.38,3.278,6.9
5.6,5.5,2.9505,5.6
4.45,6.7,3.278,4.7604
4.376,6.585,3.278,4.3
3.98,5.6,3.61,4.0
4.35,4.68,4.298,4.34
4.38,3.278,7.5,4.35
5.5,2.9505,9.0,5.5
6.7,3.278,9.0,6.8
6.585,3.278,9.0,6.8
5.6,3.61,9.0,6.8
4.68,4.298,9.0,5.195
3.278,7.5,6.9,3.6948
2.9505,9.0,5.6,3.708
3.278,9.0,4.7604,3.6937
3.278,9.0,4.3,3.6921
3.61,9.0,4.0,4.98
4.298,9.0,4.34,5.0
7.5,6.9,4.35,9.0
9.0,5.6,5.5,9.0
9.0,4.7604,6.8,9.0
9.0,4.3,6.8,9.0
9.0,4.0,6.8,9.0
9.0,4.34,5.195,9.0
6.9,4.35,3.6948,6.9
5.6,5.5,3.708,4.9
4.7604,6.8,3.6937,3.6583
4.3,6.8,3.6921,3.6
4.0,6.8,4.98,3.6
4.34,5.195,5.0,3.2
4.35,3.6948,9.0,3.098
5.5,3.708,9.0,3.063
6.8,3.6937,9.0,3.95
6.8,3.6921,9.0,4.68
6.8,4.98,9.0,3.384
5.195,5.0,9.0,2.947
3.6948,9.0,6.9,2.247
3.708,9.0,4.9,1.829
3.6937,9.0,3.6583,1.15
3.6921,9.0,3.6,0.646
4.98,9.0,3.6,2.347
5.0,9.0,3.2,3.1
9.0,6.9,3.098,6.975
9.0,4.9,3.063,9.0
9.0,3.6583,3.95,9.0
9.0,3.6,4.68,9.0
9.0,3.6,3.384,9.0
9.0,3.2,2.947,9.0
6.9,3.098,2.247,6.9
4.9,3.063,1.829,5.18
3.6583,3.95,1.15,4.0
3.6,4.68,0.646,3.4
3.6,3.384,2.347,2.695
3.2,2.947,3.1,2.52
3.098,2.247,6.975,2.347
3.063,1.829,9.0,3.0
3.95,1.15,9.0,0.64
4.68,0.646,9.0,0.64
3.384,2.347,9.0,1.16
2.947,3.1,9.0,2.0
2.247,6.975,6.9,0.5
1.829,9.0,5.18,0.2
1.15,9.0,4.0,0.2
0.646,9.0,3.4,0.405
2.347,9.0,2.695,1.101
3.1,9.0,2.52,0.5
6.975,6.9,2.347,2.798
9.0,5.18,3.0,8.9272
9.0,4.0,0.64,9.0
9.0,3.4,0.64,9.0
9.0,2.695,1.16,9.0
9.0,2.52,2.0,9.0
6.9,2.347,0.5,6.9
5.18,3.0,0.2,5.6
4.0,0.64,0.2,4.9463
3.4,0.64,0.405,4.745
2.695,1.16,1.101,4.745
2.52,2.0,0.5,4.8622
2.347,0.5,2.798,4.745
3.0,0.2,8.9272,5.586
0.64,0.2,9.0,6.0
0.64,0.405,9.0,6.0
1.16,1.101,9.0,5.74
2.0,0.5,9.0,4.5
0.5,2.798,6.9,3.2
0.2,8.9272,5.6,3.0263
0.2,9.0,4.9463,3.1937
0.405,9.0,4.745,3.1948
1.101,9.0,4.745,4.7
0.5,9.0,4.8622,4.35
2.798,6.9,4.745,5.98
8.9272,5.6,5.586,9.0
9.0,4.9463,6.0,9.0
9.0,4.745,6.0,9.0
9.0,4.745,5.74,9.0
9.0,4.8622,4.5,9.0
6.9,4.745,3.2,6.9
5.6,5.586,3.0263,5.6
4.9463,6.0,3.1937,4.099
4.745,6.0,3.1948,4.099
4.745,5.74,4.7,4.1
4.8622,4.5,4.35,4.1
4.745,3.2,5.98,4.1
5.586,3.0263,9.0,5.082
6.0,3.1937,9.0,6.0
6.0,3.1948,9.0,5.8872
5.74,4.7,9.0,4.598
4.5,4.35,9.0,2.697
3.2,5.98,6.9,1.141
3.0263,9.0,5.6,0.901
3.1937,9.0,4.099,1.141
3.1948,9.0,4.099,2.09
4.7,9.0,4.1,2.09
4.35,9.0,4.1,3.9
5.98,6.9,4.1,5.6
9.0,5.6,5.082,9.0
9.0,4.099,6.0,9.0
9.0,4.099,5.8872,9.0
9.0,4.1,4.598,9.0
9.0,4.1,2.697,9.0
6.9,4.1,1.141,6.9
5.6,5.082,0.901,5.6
4.099,6.0,1.141,5.18
4.099,5.8872,2.09,4.34
4.1,4.598,2.09,4.5844
4.1,2.697,3.9,4.5
4.1,1.141,5.6,4.1
5.082,0.901,9.0,5.295
6.0,1.141,9.0,5.98
5.8872,2.09,9.0,5.3
4.598,2.09,9.0,3.9
2.697,3.9,9.0,3.856
1.141,5.6,6.9,0.301
0.901,9.0,5.6,0.1
1.141,9.0,5.18,0.209
2.09,9.0,4.34,0.301
2.09,9.0,4.5844,1.98
3.9,9.0,4.5,3.45
5.6,6.9,4.1,4.8
9.0,5.6,5.295,9.0
9.0,5.18,5.98,9.0
9.0,4.34,5.3,9.0
9.0,4.5844,3.9,9.0
9.0,4.5,3.856,9.0
6.9,4.1,0.301,6.9
5.6,5.295,0.1,5.6
5.18,5.98,0.209,4.745
4.34,5.3,0.301,4.6
4.5844,3.9,1.98,4.424
4.5,3.856,3.45,4.34
4.1,0.301,4.8,4.489
5.295,0.1,9.0,4.802
5.98,0.209,9.0,5.704
5.3,0.301,9.0,5.6
3.9,1.98,9.0,4.0
3.856,3.45,9.0,3.6
0.301,4.8,6.9,0.203
0.1,9.0,5.6,0.08
0.209,9.0,4.745,0.08
0.301,9.0,4.6,0.203
1.98,9.0,4.424,1.22
3.45,9.0,4.34,3.062
4.8,6.9,4.489,4.8
9.0,5.6,4.802,8.9277
9.0,4.745,5.704,9.0
9.0,4.6,5.6,9.0
9.0,4.424,4.0,9.0
9.0,4.34,3.6,9.0
6.9,4.489,0.203,6.9
5.6,4.802,0.08,5.6
4.745,5.704,0.08,5.18
4.6,5.6,0.203,4.813
4.424,4.0,1.22,4.813
4.34,3.6,3.062,4.745
4.489,0.203,4.8,4.745
4.802,0.08,8.9277,5.2
5.704,0.08,9.0,6.0
5.6,0.203,9.0,5.6
4.0,1.22,9.0,3.9
3.6,3.062,9.0,3.35
0.203,4.8,6.9,0.5
0.08,8.9277,5.6,0.207
0.08,9.0,5.18,0.5
0.203,9.0,4.813,0.5
1.22,9.0,4.813,1.22
3.062,9.0,4.745,3.671
4.8,6.9,4.745,5.4
8.9277,5.6,5.2,9.0
9.0,5.18,6.0,9.0
9.0,4.813,5.6,9.0
9.0,4.813,3.9,9.0
9.0,4.745,3.35,9.0
6.9,4.745,0.5,6.9
5.6,5.2,0.207,5.6
5.18,6.0,0.5,5.1976
4.813,5.6,0.5,5.2017
4.813,3.9,1.22,5.18
4.745,3.35,3.671,5.1976
4.745,0.5,5.4,5.2022
5.2,0.207,9.0,5.6
6.0,0.5,9.0,4.5
5.6,0.5,9.0,4.0
3.9,1.22,9.0,3.3
3.35,3.671,9.0,3.3
0.5,5.4,6.9,2.197
0.207,9.0,5.6,2.197
0.5,9.0,5.1976,2.245
0.5,9.0,5.2017,2.1449
1.22,9.0,5.18,3.4
3.671,9.0,5.1976,4.5
5.4,6.9,5.2022,6.0
9.0,5.6,5.6,9.0
9.0,5.1976,4.5,9.0
9.0,5.2017,4.0,9.0
9.0,5.18,3.3,9.0
9.0,5.1976,3.3,9.0
6.9,5.2022,2.197,6.9
5.6,5.6,2.197,5.6
5.1976,4.5,2.245,5.0
5.2017,4.0,2.1449,5.0
5.18,3.3,3.4,4.745
5.1976,3.3,4.5,4.745
5.2022,2.197,6.0,4.745
5.6,2.197,9.0,5.6
4.5,2.245,9.0,6.3
4.0,2.1449,9.0,6.3
3.3,3.4,9.0,5.38
3.3,4.5,9.0,4.0
2.197,6.0,6.9,1.807
2.197,9.0,5.6,1.807
2.245,9.0,5.0,1.807
2.1449,9.0,5.0,1.449
3.4,9.0,4.745,1.632
4.5,9.0,4.745,4.5
6.0,6.9,4.745,6.0
9.0,5.6,5.6,9.0
9.0,5.0,6.3,9.0
9.0,5.0,6.3,9.0
9.0,4.745,5.38,9.0
9.0,4.745,4.0,9.0
6.9,4.745,1.807,6.9
5.6,5.6,1.807,5.6
5.0,6.3,1.807,5.0
5.0,6.3,1.449,5.0
4.745,5.38,1.632,5.0
4.745,4.0,4.5,5.0
4.745,1.807,6.0,5.0
5.6,1.807,9.0,5.6
6.3,1.807,9.0,6.3
6.3,1.449,9.0,6.3
5.38,1.632,9.0,5.5
4.0,4.5,9.0,4.0
1.807,6.0,6.9,1.6273
1.807,9.0,5.6,1.6237
1.807,9.0,5.0,1.6273
1.449,9.0,5.0,1.6251
1.632,9.0,5.0,1.588
4.5,9.0,5.0,5.6
6.0,6.9,5.0,9.0
9.0,5.6,5.6,9.0
9.0,5.0,6.3,9.0
9.0,5.0,6.3,9.0
9.0,5.0,5.5,9.0
9.0,5.0,4.0,9.0
6.9,5.0,1.6273,6.9
5.6,5.6,1.6237,5.6
5.0,6.3,1.6273,5.0
5.0,6.3,1.6251,5.0
5.0,5.5,1.588,5.0
5.0,4.0,5.6,5.0
5.0,1.6273,9.0,5.0
5.6,1.6237,9.0,5.6
6.3,1.6273,9.0,6.3
6.3,1.6251,9.0,6.3
5.5,1.588,9.0,5.5
4.0,5.6,9.0,4.0
1.6273,9.0,6.9,1.627
1.6237,9.0,5.6,1.6239
1.6273,9.0,5.0,1.6244
1.6251,9.0,5.0,1.6251
1.588,9.0,5.0,1.5
5.6,9.0,5.0,5.6
9.0,6.9,5.0,9.0
9.0,5.6,5.6,9.0
9.0,5.0,6.3,9.0
9.0,5.0,6.3,9.0
9.0,5.0,5.5,9.0
9.0,5.0,4.0,9.0
6.9,5.0,1.627,6.9
5.6,5.6,1.6239,5.6
5.0,6.3,1.6244,5.6
5.0,6.3,1.6251,5.3655
5.0,5.5,1.5,5.3674
5.0,4.0,5.6,5.366
5.0,1.627,9.0,5.6
5.6,1.6239,9.0,5.6
6.3,1.6244,9.0,6.9
6.3,1.6251,9.0,6.87
5.5,1.5,9.0,6.9
4.0,5.6,9.0,6.7519
1.627,9.0,6.9,3.6
1.6239,9.0,5.6,3.6
1.6244,9.0,5.6,3.6
1.6251,9.0,5.3655,3.6
1.5,9.0,5.3674,3.6
5.6,9.0,5.366,5.6
9.0,6.9,5.6,9.0
9.0,5.6,5.6,9.0
9.0,5.6,6.9,9.0
9.0,5.3655,6.87,9.0
9.0,5.3674,6.9,9.0
9.0,5.366,6.7519,9.0
6.9,5.6,3.6,6.9
5.6,5.6,3.6,5.6
5.6,6.9,3.6,5.6
5.3655,6.87,3.6,5.5
5.3674,6.9,3.6,5.5
5.366,6.7519,5.6,5.5
5.6,3.6,9.0,5.6
5.6,3.6,9.0,5.6
6.9,3.6,9.0,6.9
6.87,3.6,9.0,6.9
6.9,3.6,9.0,6.121
6.7519,5.6,9.0,5.0
3.6,9.0,6.9,3.396
3.6,9.0,5.6,3.396
3.6,9.0,5.6,3.396
3.6,9.0,5.5,3.4248
3.6,9.0,5.5,3.4236
5.6,9.0,5.5,5.325
9.0,6.9,5.6,9.0
9.0,5.6,5.6,9.0
9.0,5.6,6.9,9.0
9.0,5.5,6.9,9.0
9.0,5.5,6.121,9.0
9.0,5.5,5.0,9.0
6.9,5.6,3.396,6.9
5.6,5.6,3.396,5.6
5.6,6.9,3.396,5.6
5.5,6.9,3.4248,5.4
5.5,6.121,3.4236,5.24
5.5,5.0,5.325,5.24
5.6,3.396,9.0,5.4917
5.6,3.396,9.0,5.6
6.9,3.396,9.0,6.0
6.9,3.4248,9.0,5.877
6.121,3.4236,9.0,4.68
5.0,5.325,9.0,3.1
3.396,9.0,6.9,1.2
3.396,9.0,5.6,1.0
3.396,9.0,5.6,0.405
3.4248,9.0,5.4,2.796
3.4236,9.0,5.24,3.6192
5.325,9.0,5.24,4.0
9.0,6.9,5.4917,6.5
9.0,5.6,5.6,9.0
9.0,5.6,6.0,9.0
9.0,5.4,5.877,9.0
9.0,5.24,4.68,9.0
9.0,5.24,3.1,9.0
6.9,5.4917,1.2,6.9
5.6,5.6,1.0,5.6
5.6,6.0,0.405,5.6
5.4,5.877,2.796,5.585
5.24,4.68,3.6192,5.5479
5.24,3.1,4.0,5.5452
5.4917,1.2,6.5,5.5464
5.6,1.0,9.0,5.6
6.0,0.405,9.0,5.031
5.877,2.796,9.0,4.483
4.68,3.6192,9.0,3.43
3.1,4.0,9.0,2.394
1.2,6.5,6.9,1.994
1.0,9.0,5.6,1.73
0.405,9.0,5.6,1.372
2.796,9.0,5.585,1.2
3.6192,9.0,5.5479,2.194
4.0,9.0,5.5452,3.47
6.5,6.9,5.5464,5.6
9.0,5.6,5.6,7.68
9.0,5.6,5.031,9.0
9.0,5.585,4.483,9.0
9.0,5.5479,3.43,9.0
9.0,5.5452,2.394,9.0
6.9,5.5464,1.994,6.9
5.6,5.6,1.73,5.6
5.6,5.031,1.372,5.6
5.585,4.483,1.2,5.5
5.5479,3.43,2.194,5.5
5.5452,2.394,3.47,5.5
5.5464,1.994,5.6,5.2
5.6,1.73,7.68,5.0
5.031,1.372,9.0,4.1
4.483,1.2,9.0,2.6485
3.43,2.194,9.0,1.98
2.394,3.47,9.0,0.95
1.994,5.6,6.9,0.405
1.73,7.68,5.6,0.405
1.372,9.0,5.6,0.402
1.2,9.0,5.5,0.8
2.194,9.0,5.5,0.75
3.47,9.0,5.5,2.6
5.6,6.9,5.2,5.2
7.68,5.6,5.0,7.3
9.0,5.6,4.1,9.0
9.0,5.5,2.6485,9.0
9.0,5.5,1.98,9.0
9.0,5.5,0.95,9.0
6.9,5.2,0.405,6.9
5.6,5.0,0.405,5.6
5.6,4.1,0.402,5.6
5.5,2.6485,0.8,5.6
5.5,1.98,0.75,5.5791
5.5,0.95,2.6,5.5906
5.2,0.405,5.2,5.6
5.0,0.405,7.3,5.6
4.1,0.402,9.0,6.379
2.6485,0.8,9.0,6.3
1.98,0.75,9.0,6.9
0.95,2.6,9.0,6.8802
0.405,5.2,6.9,4.3069
0.405,7.3,5.6,4.31
0.402,9.0,5.6,4.35
0.8,9.0,5.6,4.65
0.75,9.0,5.5791,4.65
2.6,9.0,5.5906,5.6
5.2,6.9,5.6,8.699
7.3,5.6,5.6,9.0
9.0,5.6,6.379,9.0
9.0,5.6,6.3,9.0
9.0,5.5791,6.9,9.0
9.0,5.5906,6.8802,9.0
6.9,5.6,4.3069,6.9
5.6,5.6,4.31,5.6
5.6,6.379,4.35,5.6
5.6,6.3,4.65,5.5
5.5791,6.9,4.65,5.467
5.5906,6.8802,5.6,5.5
5.6,4.3069,8.699,5.5691
5.6,4.31,9.0,5.6
6.379,4.35,9.0,6.9
6.3,4.65,9.0,6.9
6.9,4.65,9.0,6.9
6.8802,5.6,9.0,6.9
4.3069,8.699,6.9,4.35
4.31,9.0,5.6,4.35
4.35,9.0,5.6,4.329
4.65,9.0,5.5,4.51
4.65,9.0,5.467,4.65
5.6,9.0,5.5,5.6
8.699,6.9,5.5691,7.5
9.0,5.6,5.6,9.0
9.0,5.6,6.9,9.0
9.0,5.5,6.9,9.0
9.0,5.467,6.9,9.0
9.0,5.5,6.9,9.0
6.9,5.5691,4.35,6.9
5.6,5.6,4.35,5.6
5.6,6.9,4.329,5.5782
5.5,6.9,4.51,4.745
5.467,6.9,4.65,4.5462
5.5,6.9,5.6,4.784
5.5691,4.35,7.5,5.2
5.6,4.35,9.0,5.6
6.9,4.329,9.0,6.85
6.9,4.51,9.0,6.9
6.9,4.65,9.0,6.9
6.9,5.6,9.0,6.9
4.35,7.5,6.9,4.35
4.35,9.0,5.6,4.35
4.329,9.0,5.5782,4.35
4.51,9.0,4.745,4.35
4.65,9.0,4.5462,4.35
5.6,9.0,4.784,5.6
7.5,6.9,5.2,9.0
9.0,5.6,5.6,9.0
9.0,5.5782,6.85,9.0
9.0,4.745,6.9,9.0
9.0,4.5462,6.9,9.0
9.0,4.784,6.9,9.0
6.9,5.2,4.35,6.9
5.6,5.6,4.35,5.6
5.5782,6.85,4.35,5.3
4.745,6.9,4.35,4.6524
4.5462,6.9,4.35,4.745
4.784,6.9,5.6,4.745
5.2,4.35,9.0,4.826
5.6,4.35,9.0,5.6
6.85,4.35,9.0,6.85
6.9,4.35,9.0,6.9
6.9,4.35,9.0,6.9
6.9,5.6,9.0,6.8775
4.35,9.0,6.9,4.98
4.35,9.0,5.6,4.65
4.35,9.0,5.3,4.35
4.35,9.0,4.6524,4.65
4.35,9.0,4.745,5.1004
5.6,9.0,4.745,5.6
9.0,6.9,4.826,9.0
9.0,5.6,5.6,9.0
9.0,5.3,6.85,9.0
9.0,4.6524,6.9,9.0
9.0,4.745,6.9,9.0
9.0,4.745,6.8775,9.0
6.9,4.826,4.98,6.9
5.6,5.6,4.65,5.6
5.3,6.85,4.35,4.78
4.6524,6.9,4.65,1.173
4.745,6.9,5.1004,1.75
4.745,6.8775,5.6,1.75
4.826,4.98,9.0,3.9
5.6,4.65,9.0,5.5
6.85,4.35,9.0,6.6
6.9,4.65,9.0,6.6
6.9,5.1004,9.0,5.8
6.8775,5.6,9.0,3.05
4.98,9.0,6.9,1.12
4.65,9.0,5.6,0.999
4.35,9.0,4.78,0.2
4.65,9.0,1.173,0.402
5.1004,9.0,1.75,1.244
5.6,9.0,1.75,4.5
9.0,6.9,3.9,8.6
9.0,5.6,5.5,9.0
9.0,4.78,6.6,9.0
9.0,1.173,6.6,9.0
9.0,1.75,5.8,9.0
9.0,1.75,3.05,9.0
6.9,3.9,1.12,6.9
5.6,5.5,0.999,5.6
4.78,6.6,0.2,5.5804
1.173,6.6,0.402,5.5771
1.75,5.8,1.244,5.5676
1.75,3.05,4.5,5.5775
3.9,1.12,8.6,5.3
5.5,0.999,9.0,5.1
6.6,0.2,9.0,4.52
6.6,0.402,9.0,1.35
5.8,1.244,9.0,1.05
3.05,4.5,9.0,0.095
1.12,8.6,6.9,0.048
0.999,9.0,5.6,0.048
0.2,9.0,5.5804,0.047
0.402,9.0,5.5771,0.05
1.244,9.0,5.5676,0.07
4.5,9.0,5.5775,0.94
8.6,6.9,5.3,7.5
9.0,5.6,5.1,8.85
9.0,5.5804,4.52,8.901
9.0,5.5771,1.35,9.0
9.0,5.5676,1.05,9.0
9.0,5.5775,0.095,8.9499
6.9,5.3,0.048,6.9
5.6,5.1,0.048,5.6
5.5804,4.52,0.047,5.5477
5.5771,1.35,0.05,5.0
5.5676,1.05,0.07,4.826
5.5775,0.095,0.94,4.745
5.3,0.048,7.5,4.62
5.1,0.048,8.85,4.73
4.52,0.047,8.901,4.1
1.35,0.05,9.0,4.1
1.05,0.07,9.0,0.5
0.095,0.94,8.9499,0.034
0.048,7.5,6.9,0.029
0.048,8.85,5.6,0.034
0.047,8.901,5.5477,0.029
0.05,9.0,5.0,0.029
0.07,9.0,4.826,0.034
0.94,8.9499,4.745,2.649
7.5,6.9,4.62,4.78
8.85,5.6,4.73,8.6
8.901,5.5477,4.1,8.85
9.0,5.0,4.1,8.85
9.0,4.826,0.5,9.0
8.9499,4.745,0.034,8.9254
6.9,4.62,0.029,6.9
5.6,4.73,0.034,5.6
5.5477,4.1,0.029,5.6
5.0,4.1,0.029,5.5822
4.826,0.5,0.034,5.2
4.745,0.034,2.649,5.2
4.62,0.029,4.78,5.5826
4.73,0.034,8.6,5.5811
4.1,0.029,8.85,6.5
4.1,0.029,8.85,6.5
0.5,0.034,9.0,5.4
0.034,2.649,8.9254,4.1362
0.029,4.78,6.9,3.02
0.034,8.6,5.6,1.247
0.029,8.85,5.6,0.1
0.029,8.85,5.5822,0.405
0.034,9.0,5.2,2.699
2.649,8.9254,5.2,4.65
4.78,6.9,5.5826,8.4202
8.6,5.6,5.5811,8.85
8.85,5.6,6.5,9.0
8.85,5.5822,6.5,9.0
9.0,5.2,5.4,9.0
8.9254,5.2,4.1362,9.0
6.9,5.5826,3.02,6.9
5.6,5.5811,1.247,5.6
5.6,6.5,0.1,5.6
5.5822,6.5,0.405,5.6
5.2,5.4,2.699,5.5722
5.2,4.1362,4.65,5.5526
5.5826,3.02,8.4202,5.5689
5.5811,1.247,8.85,5.6
6.5,0.1,9.0,6.8
6.5,0.405,9.0,6.665
5.4,2.699,9.0,5.8
4.1362,4.65,9.0,4.5
3.02,8.4202,6.9,3.3963
1.247,8.85,5.6,3.1155
0.1,9.0,5.6,2.7
0.405,9.0,5.6,4.1362
2.699,9.0,5.5722,4.35
4.65,9.0,5.5526,5.6
8.4202,6.9,5.5689,8.7
8.85,5.6,5.6,9.0
9.0,5.6,6.8,9.0
9.0,5.6,6.665,9.0
9.0,5.5722,5.8,9.0
9.0,5.5526,4.5,9.0
6.9,5.5689,3.3963,6.9
5.6,5.6,3.1155,5.6
5.6,6.8,2.7,5.572
5.6,6.665,4.1362,4.7
5.5722,5.8,4.35,3.222
5.5526,4.5,5.6,4.0
5.5689,3.3963,8.7,5.18
5.6,3.1155,9.0,5.5785
6.8,2.7,9.0,6.15
6.665,4.1362,9.0,6.8
5.8,4.35,9.0,6.8
4.5,5.6,9.0,3.2
3.3963,8.7,6.9,2.699
3.1155,9.0,5.6,1.45
2.7,9.0,5.572,1.147
4.1362,9.0,4.7,1.13
4.35,9.0,3.222,3.02
5.6,9.0,4.0,3.8
8.7,6.9,5.18,8.4
9.0,5.6,5.5785,8.9
9.0,5.572,6.15,9.0
9.0,4.7,6.8,9.0
9.0,3.222,6.8,9.0
9.0,4.0,3.2,9.0
6.9,5.18,2.699,6.9
5.6,5.5785,1.45,5.6
5.572,6.15,1.147,5.6
4.7,6.8,1.13,5.6
3.222,6.8,3.02,5.5811
4.0,3.2,3.8,5.5796
5.18,2.699,8.4,5.5852
5.5785,1.45,8.9,5.6
6.15,1.147,9.0,6.8726
6.8,1.13,9.0,6.8586
6.8,3.02,9.0,6.4
3.2,3.8,9.0,3.1
2.699,8.4,6.9,3.9
1.45,8.9,5.6,2.7
1.147,9.0,5.6,2.65
1.13,9.0,5.6,4.1362
3.02,9.0,5.5811,4.98
3.8,9.0,5.5796,5.6
8.4,6.9,5.5852,8.9
8.9,5.6,5.6,9.0
9.0,5.6,6.8726,9.0
9.0,5.6,6.8586,9.0
9.0,5.5811,6.4,9.0
9.0,5.5796,3.1,9.0
6.9,5.5852,3.9,6.9
5.6,5.6,2.7,5.6
5.6,6.8726,2.65,5.6
5.6,6.8586,4.1362,5.6
5.5811,6.4,4.98,5.6
5.5796,3.1,5.6,5.6
5.5852,3.9,8.9,5.6
5.6,2.7,9.0,5.6
6.8726,2.65,9.0,6.9
6.8586,4.1362,9.0,6.9
6.4,4.98,9.0,6.8
3.1,5.6,9.0,4.1362
3.9,8.9,6.9,4.35
2.7,9.0,5.6,4.1362
2.65,9.0,5.6,4.0
4.1362,9.0,5.6,4.98
4.98,9.0,5.6,5.3224
5.6,9.0,5.6,5.6
8.9,6.9,5.6,8.957
9.0,5.6,5.6,9.0
9.0,5.6,6.9,9.0
9.0,5.6,6.9,9.0
9.0,5.6,6.8,9.0
9.0,5.6,4.1362,9.0
6.9,5.6,4.35,6.9
5.6,5.6,4.1362,5.6
5.6,6.9,4.0,5.6
5.6,6.9,4.98,5.5795
5.6,6.8,5.3224,5.5795
5.6,4.1362,5.6,5.572
5.6,4.35,8.957,5.18
5.6,4.1362,9.0,5.5832
6.9,4.0,9.0,4.901
6.9,4.98,9.0,4.45
6.8,5.3224,9.0,3.464
4.1362,5.6,9.0,2.958
4.35,8.957,6.9,1.49
4.1362,9.0,5.6,0.799
4.0,9.0,5.6,0.879
4.98,9.0,5.5795,1.998
5.3224,9.0,5.5795,3.04
5.6,9.0,5.572,5.524
8.957,6.9,5.18,8.95
9.0,5.6,5.5832,9.0
9.0,5.6,4.901,9.0
9.0,5.5795,4.45,9.0
9.0,5.5795,3.464,9.0
9.0,5.572,2.958,9.0
6.9,5.18,1.49,6.9
5.6,5.5832,0.799,5.6
5.6,4.901,0.879,5.6
5.5795,4.45,1.998,5.58
5.5795,3.464,3.04,5.5802
5.572,2.958,5.524,5.5826
5.18,1.49,8.95,5.1
5.5832,0.799,9.0,5.5829
4.901,0.879,9.0,5.38
4.45,1.998,9.0,4.5
3.464,3.04,9.0,3.259
2.958,5.524,9.0,0.75
1.49,8.95,6.9,0.405
0.799,9.0,5.6,0.402
0.879,9.0,5.6,0.491
1.998,9.0,5.58,0.653
3.04,9.0,5.5802,1.35
5.524,9.0,5.5826,3.799
8.95,6.9,5.1,7.9
9.0,5.6,5.5829,9.0
9.0,5.6,5.38,9.0
9.0,5.58,4.5,9.0
9.0,5.5802,3.259,9.0
9.0,5.5826,0.75,9.0
6.9,5.1,0.405,6.9
5.6,5.5829,0.402,5.6
5.6,5.38,0.491,5.6
5.58,4.5,0.653,5.5721
5.5802,3.259,1.35,5.2
5.5826,0.75,3.799,5.2
5.1,0.405,7.9,5.1
5.5829,0.402,9.0,5.6
5.38,0.491,9.0,6.788
4.5,0.653,9.0,6.9
3.259,1.35,9.0,6.8759
0.75,3.799,9.0,4.68
0.405,7.9,6.9,3.2
0.402,9.0,5.6,2.65
0.491,9.0,5.6,2.65
0.653,9.0,5.5721,2.6
1.35,9.0,5.2,4.1362
3.799,9.0,5.2,3.8
7.9,6.9,5.1,8.9493
9.0,5.6,5.6,9.0
9.0,5.6,6.788,9.0
9.0,5.5721,6.9,9.0
9.0,5.2,6.8759,9.0
9.0,5.2,4.68,9.0
6.9,5.1,3.2,6.9
5.6,5.6,2.65,5.6
5.6,6.788,2.65,5.6
5.5721,6.9,2.6,5.5797
5.2,6.8759,4.1362,5.5829
5.2,4.68,3.8,5.5687
5.1,3.2,8.9493,5.18
5.6,2.65,9.0,5.6
6.788,2.65,9.0,6.9
6.9,2.6,9.0,6.9
6.8759,4.1362,9.0,4.9
4.68,3.8,9.0,3.2
3.2,8.9493,6.9,1.239
2.65,9.0,5.6,1.12
2.65,9.0,5.6,1.014
2.6,9.0,5.5797,1.515
4.1362,9.0,5.5829,3.2
3.8,9.0,5.5687,5.4
8.9493,6.9,5.18,8.95
9.0,5.6,5.6,9.0
9.0,5.6,6.9,9.0
9.0,5.5797,6.9,9.0
9.0,5.5829,4.9,9.0
9.0,5.5687,3.2,9.0
6.9,5.18,1.239,6.9
5.6,5.6,1.12,5.6
5.6,6.9,1.014,5.6
5.5797,6.9,1.515,0.9
5.5829,4.9,3.2,0.405
5.5687,3.2,5.4,0.405
5.18,1.239,8.95,0.9
5.6,1.12,9.0,4.5
6.9,1.014,9.0,4.9
6.9,1.515,9.0,4.9
4.9,3.2,9.0,1.28
3.2,5.4,9.0,1.28
1.239,8.95,6.9,0.405
1.12,9.0,5.6,0.105
1.014,9.0,5.6,0.1
1.515,9.0,0.9,0.405
3.2,9.0,0.405,1.0
5.4,9.0,0.405,3.089
8.95,6.9,0.9,9.0
9.0,5.6,4.5,9.0
9.0,5.6,4.9,9.0
9.0,0.9,4.9,9.0
9.0,0.405,1.28,9.0
9.0,0.405,1.28,9.0
6.9,0.9,0.405,6.9
5.6,4.5,0.105,5.6
5.6,4.9,0.1,5.5694
0.9,4.9,0.405,5.4
0.405,1.28,1.0,3.04
0.405,1.28,3.089,3.04
0.9,0.405,9.0,4.745
4.5,0.105,9.0,5.5784
4.9,0.1,9.0,6.9
4.9,0.405,9.0,6.9
1.28,1.0,9.0,6.4
1.28,3.089,9.0,4.3
0.405,9.0,6.9,2.65
0.105,9.0,5.6,1.439
0.1,9.0,5.5694,1.001
0.405,9.0,5.4,4.35
1.0,9.0,3.04,5.0
3.089,9.0,3.04,3.04
9.0,6.9,4.745,8.9498
9.0,5.6,5.5784,9.0
9.0,5.5694,6.9,9.0
9.0,5.4,6.9,9.0
9.0,3.04,6.4,8.95
9.0,3.04,4.3,8.95
6.9,4.745,2.65,6.9
5.6,5.5784,1.439,5.6
5.5694,6.9,1.001,5.5
5.4,6.9,4.35,5.18
3.04,6.4,5.0,4.0
3.04,4.3,3.04,3.0248
4.745,2.65,8.9498,1.0
5.5784,1.439,9.0,3.02
6.9,1.001,9.0,5.88
6.9,4.35,9.0,6.4
6.4,5.0,8.95,4.1
4.3,3.04,8.95,3.04
2.65,8.9498,6.9,0.405
1.439,9.0,5.6,0.4006
1.001,9.0,5.5,0.405
4.35,9.0,5.18,1.12
5.0,8.95,4.0,3.04
3.04,8.95,3.0248,3.04
8.9498,6.9,1.0,8.6
9.0,5.6,3.02,9.0
9.0,5.5,5.88,9.0
9.0,5.18,6.4,9.0
8.95,4.0,4.1,8.9502
8.95,3.0248,3.04,9.0
6.9,1.0,0.405,6.9
5.6,3.02,0.4006,5.6
5.5,5.88,0.405,5.6
5.18,6.4,1.12,5.5909
4.0,4.1,3.04,5.5922
3.0248,3.04,3.04,5.5904
1.0,0.405,8.6,5.5813
3.02,0.4006,9.0,5.6
5.88,0.405,9.0,4.9
6.4,1.12,9.0,3.9
4.1,3.04,8.9502,3.4
3.04,3.04,9.0,3.4
0.405,8.6,6.9,0.499
0.4006,9.0,5.6,0.499
0.405,9.0,5.6,0.499
1.12,9.0,5.5909,0.499
3.04,8.9502,5.5922,3.0
3.04,9.0,5.5904,4.8
8.6,6.9,5.5813,8.6
9.0,5.6,5.6,9.0
9.0,5.6,4.9,9.0
9.0,5.5909,3.9,9.0
8.9502,5.5922,3.4,9.0
9.0,5.5904,3.4,9.0
6.9,5.5813,0.499,6.9
5.6,5.6,0.499,5.6
5.6,4.9,0.499,5.6
5.5909,3.9,0.499,5.5802
5.5922,3.4,3.0,5.18
5.5904,3.4,4.8,5.18
5.5813,0.499,8.6,4.5
5.6,0.499,9.0,3.9
4.9,0.499,9.0,4.9
3.9,0.499,9.0,3.9
3.4,3.0,9.0,3.85
3.4,4.8,9.0,3.5
0.499,8.6,6.9,3.04
0.499,9.0,5.6,3.45
0.499,9.0,5.6,4.65
0.499,9.0,5.5802,5.1976
3.0,9.0,5.18,5.0
4.8,9.0,5.18,5.6
8.6,6.9,4.5,9.0
9.0,5.6,3.9,9.0
9.0,5.6,4.9,9.0
9.0,5.5802,3.9,9.0
9.0,5.18,3.85,9.0
9.0,5.18,3.5,9.0
6.9,4.5,3.04,6.9
5.6,3.9,3.45,5.6
5.6,4.9,4.65,5.6
5.5802,3.9,5.1976,5.5797
5.18,3.85,5.0,5.5711
5.18,3.5,5.6,5.5696
4.5,3.04,9.0,5.5778
3.9,3.45,9.0,5.6
4.9,4.65,9.0,6.9
3.9,5.1976,9.0,6.9
3.85,5.0,9.0,6.9
3.5,5.6,9.0,6.9
3.04,9.0,6.9,5.115
3.45,9.0,5.6,5.5
4.65,9.0,5.6,5.472
5.1976,9.0,5.5797,5.5
5.0,9.0,5.5711,5.442
5.6,9.0,5.5696,5.6
9.0,6.9,5.5778,8.85
9.0,5.6,5.6,9.0
9.0,5.6,6.9,9.0
9.0,5.5797,6.9,9.0
9.0,5.5711,6.9,9.0
9.0,5.5696,6.9,9.0
6.9,5.5778,5.115,6.9
5.6,5.6,5.5,5.6
5.6,6.9,5.472,5.6
5.5797,6.9,5.5,5.5805
5.5711,6.9,5.442,5.5488
5.5696,6.9,5.6,5.18
5.5778,5.115,8.85,5.55
5.6,5.5,9.0,5.5795
6.9,5.472,9.0,6.4
6.9,5.5,9.0,5.88
6.9,5.442,9.0,3.85
6.9,5.6,9.0,3.45
5.115,8.85,6.9,1.12
5.5,9.0,5.6,0.987
5.472,9.0,5.6,1.1
5.5,9.0,5.5805,3.02
5.442,9.0,5.5488,3.04
5.6,9.0,5.18,4.65
8.85,6.9,5.55,8.985
9.0,5.6,5.5795,9.0
9.0,5.6,6.4,9.0
9.0,5.5805,5.88,9.0
9.0,5.5488,3.85,9.0
9.0,5.18,3.45,9.0
6.9,5.55,1.12,6.9
5.6,5.5795,0.987,5.6
5.6,6.4,1.1,5.6
5.5805,5.88,3.02,5.5832
5.5488,3.85,3.04,5.584
5.18,3.45,4.65,5.5812
5.55,1.12,8.985,5.5773
5.5795,0.987,9.0,5.6
6.4,1.1,9.0,6.8
5.88,3.02,9.0,6.8
3.85,3.04,9.0,4.6
3.45,4.65,9.0,3.45
1.12,8.985,6.9,1.12
0.987,9.0,5.6,0.987
1.1,9.0,5.6,1.12
3.02,9.0,5.5832,3.04
3.04,9.0,5.584,4.6
4.65,9.0,5.5812,5.5669
8.985,6.9,5.5773,9.0
9.0,5.6,5.6,9.0
9.0,5.6,6.8,9.0
9.0,5.5832,6.8,9.0
9.0,5.584,4.6,9.0
9.0,5.5812,3.45,9.0
6.9,5.5773,1.12,6.9
5.6,5.6,0.987,5.6
5.6,6.8,1.12,5.45
5.5832,6.8,3.04,5.5721
5.584,4.6,4.6,5.5494
5.5812,3.45,5.5669,5.535
5.5773,1.12,9.0,5.535
5.6,0.987,9.0,5.5828
6.8,1.12,9.0,6.8
6.8,3.04,9.0,6.8609
4.6,4.6,9.0,6.8
3.45,5.5669,9.0,5.9
1.12,9.0,6.9,3.5
0.987,9.0,5.6,3.04
1.12,9.0,5.45,3.04
3.04,9.0,5.5721,4.65
4.6,9.0,5.5494,3.45
5.5669,9.0,5.535,3.02
9.0,6.9,5.535,7.5
9.0,5.6,5.5828,8.8
9.0,5.45,6.8,8.8989
9.0,5.5721,6.8609,8.95
9.0,5.5494,6.8,9.0
9.0,5.535,5.9,8.95
6.9,5.535,3.5,6.9
5.6,5.5828,3.04,5.48
5.45,6.8,3.04,5.1
5.5721,6.8609,4.65,5.51
5.5494,6.8,3.45,5.51
5.535,5.9,3.02,5.51
5.535,3.5,7.5,5.51
5.5828,3.04,8.8,5.5824
6.8,3.04,8.8989,6.8741
6.8609,4.65,8.95,6.9
6.8,3.45,9.0,6.9
5.9,3.02,8.95,6.9
3.5,7.5,6.9,5.3715
3.04,8.8,5.48,5.115
3.04,8.8989,5.1,5.115
4.65,8.95,5.51,5.5346
3.45,9.0,5.51,5.536
3.02,8.95,5.51,5.5672
7.5,6.9,5.51,8.85
8.8,5.48,5.5824,9.0
8.8989,5.1,6.8741,8.985
8.95,5.51,6.9,9.0
9.0,5.51,6.9,9.0
8.95,5.51,6.9,9.0
6.9,5.51,5.3715,6.9
5.48,5.5824,5.115,5.6
5.1,6.8741,5.115,5.5918
5.51,6.9,5.5346,5.5878
5.51,6.9,5.536,5.54
5.51,6.9,5.5672,5.54
5.51,5.3715,8.85,5.5709
5.5824,5.115,9.0,5.6
6.8741,5.115,8.985,6.9
6.9,5.5346,9.0,6.9
6.9,5.536,9.0,6.815
6.9,5.5672,9.0,4.8
5.3715,8.85,6.9,3.3
5.115,9.0,5.6,3.85
5.115,8.985,5.5918,3.85
5.5346,9.0,5.5878,3.899
5.536,9.0,5.54,3.899
5.5672,9.0,5.54,3.3
8.85,6.9,5.5709,5.324
9.0,5.6,5.6,8.95
8.985,5.5918,6.9,8.95
9.0,5.5878,6.9,9.0
9.0,5.54,6.815,9.0
9.0,5.54,4.8,9.0
6.9,5.5709,3.3,6.9
5.6,5.6,3.85,5.6
5.5918,6.9,3.85,5.547
5.5878,6.9,3.899,5.547
5.54,6.815,3.899,5.547
5.54,4.8,3.3,5.547
5.5709,3.3,5.324,5.5693
5.6,3.85,8.95,5.6
6.9,3.85,8.95,6.8
6.9,3.899,9.0,5.88
6.815,3.899,9.0,4.64
4.8,3.3,9.0,3.25
3.3,5.324,6.9,3.25
3.85,8.95,5.6,3.3
3.85,8.95,5.547,3.3
3.899,9.0,5.547,4.299
3.899,9.0,5.547,4.0
3.3,9.0,5.547,4.649
5.324,6.9,5.5693,3.85
8.95,5.6,5.6,8.95
8.95,5.547,6.8,8.85
9.0,5.547,5.88,8.95
9.0,5.547,4.64,9.0
9.0,5.547,3.25,8.95
6.9,5.5693,3.25,6.75
5.6,5.6,3.3,5.4
5.547,6.8,3.3,5.547
5.547,5.88,4.299,5.547
5.547,4.64,4.0,5.18
5.547,3.25,4.649,5.405
5.5693,3.25,3.85,4.5
5.6,3.3,8.95,3.9
6.8,3.3,8.85,4.68
5.88,4.299,8.95,3.8
4.64,4.0,9.0,3.1
3.25,4.649,8.95,3.3
3.25,3.85,6.75,0.45
3.3,8.95,5.4,0.402
3.3,8.85,5.547,0.402
4.299,8.95,5.547,1.1
4.0,9.0,5.18,1.44
4.649,8.95,5.405,1.2
3.85,6.75,4.5,5.3
8.95,5.4,3.9,8.55
8.85,5.547,4.68,8.95
8.95,5.547,3.8,9.0
9.0,5.18,3.1,9.0
8.95,5.405,3.3,8.9515
6.75,4.5,0.45,6.8799
5.4,3.9,0.402,5.35
5.547,4.68,0.402,3.7
5.547,3.8,1.1,3.7
5.18,3.1,1.44,3.7
5.405,3.3,1.2,4.745
4.5,0.45,5.3,5.547
3.9,0.402,8.55,1.48
4.68,0.402,8.95,1.35
3.8,1.1,9.0,2.95
3.1,1.44,9.0,1.449
3.3,1.2,8.9515,1.2
0.45,5.3,6.8799,0.397
0.402,8.55,5.35,0.397
0.402,8.95,3.7,0.397
1.1,9.0,3.7,1.997
1.44,9.0,3.7,1.098
1.2,8.9515,4.745,2.45
5.3,6.8799,5.547,3.75
8.55,5.35,1.48,8.5
8.95,3.7,1.35,8.9
9.0,3.7,2.95,8.9523
9.0,3.7,1.449,9.0
8.9515,4.745,1.2,8.9
6.8799,5.547,0.397,6.75
5.35,1.48,0.397,5.56
3.7,1.35,0.397,5.556
3.7,2.95,1.997,5.18
3.7,1.449,1.098,5.285
4.745,1.2,2.45,5.17
5.547,0.397,3.75,5.18
1.48,0.397,8.5,5.5
1.35,0.397,8.9,6.5
2.95,1.997,8.9523,5.9
1.449,1.098,9.0,3.04
1.2,2.45,8.9,2.45
0.397,3.75,6.75,2.798
0.397,8.5,5.56,2.0
0.397,8.9,5.556,2.5
1.997,8.9523,5.18,2.0
1.098,9.0,5.285,3.04
2.45,8.9,5.17,4.935
3.75,6.75,5.18,7.0
8.5,5.56,5.5,8.942
8.9,5.556,6.5,8.9
8.9523,5.18,5.9,9.0
9.0,5.285,3.04,9.0
8.9,5.17,2.45,9.0
6.75,5.18,2.798,6.9
5.56,5.5,2.0,5.5853
5.556,6.5,2.5,5.1
5.18,5.9,2.0,3.04
5.285,3.04,3.04,4.34
5.17,2.45,4.935,2.49
5.18,2.798,7.0,3.0
5.5,2.0,8.942,5.5822
6.5,2.5,8.9,5.88
5.9,2.0,9.0,5.909
3.04,3.04,9.0,5.874
2.45,4.935,9.0,4.0
2.798,7.0,6.9,0.405
2.0,8.942,5.5853,1.9
2.5,8.9,5.1,1.9
2.0,9.0,3.04,2.35
3.04,9.0,4.34,4.199
4.935,9.0,2.49,4.685
7.0,6.9,3.0,3.69
8.942,5.5853,5.5822,8.9
8.9,5.1,5.88,8.9
9.0,3.04,5.909,9.0
9.0,4.34,5.874,9.0
9.0,2.49,4.0,9.0
